url,city
https://www.ubereats.com/tampa/food-delivery/dukes-brewhouse-brandon/1QapF_fgTgC7Mc5O-Fi9Nw,brandon-florida
https://www.ubereats.com/tampa/food-delivery/cali-viejo/LVINonkGQxWLUsuIKE9Y3Q,brandon-florida
https://www.ubereats.com/tampa/food-delivery/beef-o-bradys-bloomingdale-%23611/keAsqLjjQ1WQ9DzPlIsf0A,brandon-florida
https://www.ubereats.com/tampa/food-delivery/721-gourmet-deli/dWnWg475SzOiXGhJApb3zQ,brandon-florida
https://www.ubereats.com/tampa/food-delivery/hot-diggity-dog-diggity/eUJz9nifS32ivghD9t_kXw,brandon-florida
https://www.ubereats.com/tampa/food-delivery/pizza-hut-16224-bayberry-glen-dr/BXKhLRtPSDKxtIDaJzMI0w,brandon-florida
https://www.ubereats.com/tampa/food-delivery/maple-street-biscuit-company-riverview/OaFaRTENR5y7dSg_BPEIyw,brandon-florida
https://www.ubereats.com/tampa/food-delivery/bob-evans-580-11720-tampa-gateway-boulevard/ln4mY7tbT0OATM0Ube4-rQ,brandon-florida
https://www.ubereats.com/tampa/food-delivery/beef-o-bradys-fish-hawk/6tn73cLcRF2f9WYsyeSPTg,brandon-florida
https://www.ubereats.com/tampa/food-delivery/pitas-republic-brandon/THMK5_o4TrqOOWQyX6XNxw,brandon-florida
https://www.ubereats.com/tampa/food-delivery/osmay-house-chinese-restaurant/ugEhkOSFSA65tzzAzFhnMg,brandon-florida
https://www.ubereats.com/tampa/food-delivery/china-star-riverview/-QoN8aCSQdi3Vvb_VAB-yQ,brandon-florida
https://www.ubereats.com/tampa/food-delivery/green-land-restaurant/n6_0SROKQVGM9tX2g70RbA,brandon-florida
https://www.ubereats.com/tampa/food-delivery/buffalo-wild-wings-10607-big-bend-rd/Ji7-MZEjQMOw8aMw-ENteg,brandon-florida
https://www.ubereats.com/tampa/food-delivery/rosemary-grill/82l_GGKeS0eVkNr8RkzkHQ,brandon-florida
https://www.ubereats.com/tampa/food-delivery/abc-pizza-house/jgkZPsSaTpyHSzL4owKrWA,brandon-florida
https://www.ubereats.com/tampa/food-delivery/salems-fresh-eats-brandon/Gxr8BUnvTkyU-IBhs-vtNQ,brandon-florida
https://www.ubereats.com/tampa/food-delivery/mcdonalds-610-w-dr-martin-luther-king-jr/3sMapYJDTo-PU3U9ImjfYg,brandon-florida
https://www.ubereats.com/tampa/food-delivery/pasquallys-pizza-%26-wings-1540-w-brandon-blvd/Y4GuIHiMRBiHuHFFME3Idg,brandon-florida
https://www.ubereats.com/tampa/food-delivery/subway-2102-w-brandon-blvd/mTNgdChURfiJYEtom6n6JA,brandon-florida
https://www.ubereats.com/tampa/food-delivery/taco-bus-gibsonton/zRPLy7XjSdWjHPlJ71DQ6g,brandon-florida
https://www.ubereats.com/tampa/food-delivery/down-to-the-bone-bbq-%26-catering/Cm2HeO4zTgaVCZ_erdTHJw,brandon-florida
https://www.ubereats.com/tampa/food-delivery/tally-ho-bar-%26-grille/BfmDpfcsSsmlNMaL5p4SMQ,brandon-florida
https://www.ubereats.com/tampa/food-delivery/kurry-xpress/Oa20Vpj4T36QrTKHbWCfzQ,brandon-florida
https://www.ubereats.com/tampa/food-delivery/corner-bakery-cafe-brandon/kCvW8bJyQqmRoZs9PZhuYA,brandon-florida
https://www.ubereats.com/tampa/food-delivery/aussie-grill-by-outback-459-brandon-town-center-dr/JAhVVCU6TeKEHlGEeZbe1g,brandon-florida
https://www.ubereats.com/tampa/food-delivery/jersey-mikes-causeway-blvd-%26-providence-lakes-blvd/MR2KRy7HRfaH9imf_tzHgw,brandon-florida
https://www.ubereats.com/tampa/food-delivery/papa-johns-1405-w-brandon-blvd/sTA8d98UST2_2xL6nKi4Vg,brandon-florida
https://www.ubereats.com/tampa/food-delivery/dunkin-7210-e-hillsborough-ave/_Wlua-THRwelCZZ4pNdtvQ,brandon-florida
https://www.ubereats.com/tampa/food-delivery/kazbors-grille-and-bar/BwaMVJvWSX6FkiYcGlTAcQ,brandon-florida
https://www.ubereats.com/tampa/food-delivery/la-isla-del-sol-azul/TnSkOT-6QiOBgCaEr-GkqA,brandon-florida
https://www.ubereats.com/tampa/food-delivery/papa-johns-1543-s-parsons-ave/aqirqqH0RDmZ5ZdVMZadlA,brandon-florida
https://www.ubereats.com/tampa/food-delivery/smokey-bones-brandon/R_ORz9RgSw29lCE5DynKrA,brandon-florida
https://www.ubereats.com/tampa/food-delivery/ihop-11710-morris-bridge-road/EQiIpt5mRC6ILcJ0znTCaA,brandon-florida
https://www.ubereats.com/tampa/food-delivery/brocatos-sandwich-shop/TT0qmVFoTd2cuE2ewPUeAQ,brandon-florida
https://www.ubereats.com/tampa/food-delivery/candor-grille/rH2oi7ZbRSu9zol3_hhUWw,brandon-florida
https://www.ubereats.com/tampa/food-delivery/golden-corral-815-providence-rd/0T1DMTJlSS2iWkXOAl8e3Q,brandon-florida
https://www.ubereats.com/tampa/food-delivery/the-revolution-ice-cream-brandon/FJ9BMTnTTAy9WkHDVjRtSw,brandon-florida
https://www.ubereats.com/tampa/food-delivery/firehouse-subs-riverview/qJLhBKA0SFKJB9aWVI-SeQ,brandon-florida
https://www.ubereats.com/tampa/food-delivery/dunkin-9020-progress-blvd/HndfHgkPTm2oJTUi3CtAJQ,brandon-florida
https://www.ubereats.com/tampa/food-delivery/canopy-road-cafe/g0sExo-hTfyVWxNW6kcvnA,brandon-florida
https://www.ubereats.com/tampa/food-delivery/taco-bus-brandon/sRq0miFkTO6eUWyw9ypxJQ,brandon-florida
https://www.ubereats.com/tampa/food-delivery/your-pie-pizza-brandon/2DgTeOVZR_a5HetnDgMRrA,brandon-florida
https://www.ubereats.com/tampa/food-delivery/taste-of-the-fair/PYrDUBC-RQKi7RKGnv0GEQ,brandon-florida
https://www.ubereats.com/tampa/food-delivery/times-square-pizza-company/gy2riHIOQNWgAVsRO2bjcQ,brandon-florida
https://www.ubereats.com/tampa/food-delivery/selfie-subs-riverview/4Mj8yYIRSG-vV8yV0R3REQ,brandon-florida
https://www.ubereats.com/tampa/food-delivery/marcos/LVtyGk0xT-q-0fEIrmFkQw,brandon-florida
https://www.ubereats.com/tampa/food-delivery/sims-smoked/hhukZ8JoTauXkb59QCWM2Q,brandon-florida
https://www.ubereats.com/tampa/food-delivery/steak-n-shake-10131-bloomingdale-avenue/cm2HNGwIS6-jcXn6-qD76A,brandon-florida
https://www.ubereats.com/tampa/food-delivery/petra-restaurant-usf/ZRDPDyY8TZ2_iD9E2CHiFA,brandon-florida
https://www.ubereats.com/tampa/food-delivery/mcdonalds-3921-s-us-hwy-%23301/XEDjmgCJTPmKx8mo3_8oXw,brandon-florida
https://www.ubereats.com/tampa/food-delivery/wendys-13119-south-us-highway-301/vaGrkW-xRHWdGA08TPfJwQ,brandon-florida
https://www.ubereats.com/tampa/food-delivery/win-win-asian-kitchen/KcxvLExKStWcMpLPh9hISg,brandon-florida
https://www.ubereats.com/tampa/food-delivery/brown-bag-cookie-co/3l1pPBrjRtSqMpucC4esAg,brandon-florida
https://www.ubereats.com/tampa/food-delivery/flavaz-jamaican-grille/xsCgjGtqRrOiHnX_UPK3xA,brandon-florida
https://www.ubereats.com/tampa/food-delivery/aleidas-kitchen/yJpZGzEGRIm_GVRIou3Zvw,brandon-florida
https://www.ubereats.com/tampa/food-delivery/panera-204190/w8bedAoXR0q8Xby8jLQZYg,brandon-florida
https://www.ubereats.com/tampa/food-delivery/pomodoro-pizza-%26-more/C36Nw0fGRViwRRm63UrVQw,brandon-florida
https://www.ubereats.com/tampa/food-delivery/carrabbas-801-providence-road/Rw3coTcVRJqguAb7lFkt3A,brandon-florida
https://www.ubereats.com/tampa/food-delivery/dunkin-11404-s-us-hwy-301/uexOWVHITP69wdhgLXnFSg,brandon-florida
https://www.ubereats.com/tampa/food-delivery/pdq-riverview/yMRBOvHGRLCtGWkcQcgRkw,brandon-florida
https://www.ubereats.com/tampa/food-delivery/jinchina/rbeiGJ71TPGAM1-hFqPuug,brandon-florida
https://www.ubereats.com/tampa/food-delivery/sonic-10251-big-bend-road/j7p-yPPNRvyp4j5U3uVe3Q,brandon-florida
https://www.ubereats.com/tampa/food-delivery/burger-king-2019-w-lumsden-rd/X5-EpZNST2ukTaayH8L0og,brandon-florida
https://www.ubereats.com/tampa/food-delivery/haagen-dazs-545-brandon-town-center-drive/QfnnLYGwSWW2MY8I2tm8rQ,brandon-florida
https://www.ubereats.com/tampa/food-delivery/mr-bs-restaurant/GAel5HumSsecNc6Yv9l2ZA,brandon-florida
https://www.ubereats.com/tampa/food-delivery/body-fuel/0HRq39jSSj2plnFzxvTkew,brandon-florida
https://www.ubereats.com/tampa/food-delivery/black-rock-bar-%26-grill/VkzAqXBZRZOxRbJk6v2maQ,brandon-florida
https://www.ubereats.com/tampa/food-delivery/twist-kava-bar/atfVirBCTbKYnKotkdMWmA,brandon-florida
https://www.ubereats.com/tampa/food-delivery/omakase-asian-cuisine/M3FBiWnqSXihLPL35hkJHQ,brandon-florida
https://www.ubereats.com/tampa/food-delivery/jersey-mikes-10175-big-bend-road/tuOjMkfJRJi7NK6UELOPhQ,brandon-florida
https://www.ubereats.com/tampa/food-delivery/uncle-louie-g-italian-ice-and-ice-cream/ShUL7XSYQ6-V-Zo68U1UdQ,brandon-florida
https://www.ubereats.com/tampa/food-delivery/crispers-brandon/MC3yGr3tQ0KegjoO8UcU7A,brandon-florida
https://www.ubereats.com/tampa/food-delivery/beef-o-bradys-valrico/zaQ5p9gbS4G4igSuvur8Tg,brandon-florida
https://www.ubereats.com/tampa/food-delivery/datz-riverview/8m7l7b3fR0OWnNdSUXSu0w,brandon-florida
https://www.ubereats.com/tampa/food-delivery/chicagos-best-burgers/EL2Phmw6SiOxYeP655YQHg,brandon-florida
https://www.ubereats.com/tampa/food-delivery/dunkin-3307-e-state-road-60/z8xPJMAhQEKA-LqmR8PYsA,brandon-florida
https://www.ubereats.com/tampa/food-delivery/hooters-e-adamo-dr-%26-s-falkenburg-rd/C20mVeLIT3qU1RzjmFlpCQ,brandon-florida
https://www.ubereats.com/tampa/food-delivery/taco-bell-2016-north-50th-street/MF979runTFKMk6Iy5bofmg,brandon-florida
https://www.ubereats.com/tampa/food-delivery/jersey-mikes-subs-977-east-bloomingdale-avenue/sZfrGj17T0K9LuuGO1IEyg,brandon-florida
https://www.ubereats.com/tampa/food-delivery/stonewood-grill-%26-tavern-brandon/D7Y8X0QjS3yyukM9sBfF3A,brandon-florida
https://www.ubereats.com/tampa/food-delivery/zaxbys-10580-new-east-bay-road/QT7Ce5GeTlu7H9pf-FSXUQ,brandon-florida
https://www.ubereats.com/tampa/food-delivery/applebees-10243-big-bend-road/ibpng8K8TqOobQgpiqAx9w,brandon-florida
https://www.ubereats.com/tampa/food-delivery/salems-fresh-eats-nebraska/gIS_kBKtThGrZMJ3EV0cHQ,brandon-florida
https://www.ubereats.com/tampa/food-delivery/lemon-grass-thai-kitchen-riverview/J5YlBpsjTxmwQxCgiEunsg,brandon-florida
https://www.ubereats.com/tampa/food-delivery/seffner-tiki-hut-bar-and-grill/3V3Yjd85To6KchjWnVbdIA,brandon-florida
https://www.ubereats.com/tampa/food-delivery/panda-express-10250-bloomingdale-avenue/Bu3Jn717TdGbh2_41te44w,brandon-florida
https://www.ubereats.com/tampa/food-delivery/zaxbys-11709-e-dr-martin-luther-king-jr-blvd/-53aO_ZvTvCSauTHCUwmVg,brandon-florida
https://www.ubereats.com/tampa/food-delivery/subway-3208-lithia-pinecrest-rd/Oey-6tRMRxqBQ4rRzNzIeQ,brandon-florida
https://www.ubereats.com/tampa/food-delivery/shamrocks-ale-house/ksUKF7zTRAyHFrUoqokkTA,brandon-florida
https://www.ubereats.com/tampa/food-delivery/taco-bus-mlk/F2ZMb0UuR3q5SZuIBMBb_A,brandon-florida
https://www.ubereats.com/tampa/food-delivery/subway-riverview-marathon-301-s/v1Q_hgl2SMmVDOvp-7GEVg,brandon-florida
https://www.ubereats.com/tampa/food-delivery/applebees-1905-sr-60-e/aHZhmXEcR-OFDnQM6aPwkQ,brandon-florida
https://www.ubereats.com/tampa/food-delivery/authentic-greek/FIdGICMAQjaC6LUW5G9GTA,brandon-florida
https://www.ubereats.com/tampa/food-delivery/lins-garden/ctic4Wu5RMull3Bf5k9erg,brandon-florida
https://www.ubereats.com/tampa/food-delivery/pizza-hut-3829-us-hwy-301-s/pBiBY3tXQQ-YszZY_exyGA,brandon-florida
https://www.ubereats.com/tampa/food-delivery/subway-104-e-brandon-blvd/q_TY5VdvSKqMslsj1KVNhA,brandon-florida
https://www.ubereats.com/tampa/food-delivery/chill-caw-fee/YCMuWPevRR6dSoEIA5wepg,brandon-florida
https://www.ubereats.com/tampa/food-delivery/marcos-pizza-811-east-brandon-blvd/gZGw_hw4Qji_OCR170lBlQ,brandon-florida
https://www.ubereats.com/tampa/food-delivery/my-mammas-bar-b-q-%26-gourmet-sauces/6b-LiSUtQXOaIfteelKsSg,brandon-florida
https://www.ubereats.com/tampa/food-delivery/salems-fresh-eats-hillsborough-ave/FnoIgIsiQrGMwbU4mddYhg,brandon-florida
https://www.ubereats.com/tampa/food-delivery/palm-river-cafe-tampa/8T2YGd2vS2GQxs7X9nXprg,brandon-florida
https://www.ubereats.com/tampa/food-delivery/subway-1311-kingsway/gsk-e1qjRw-j-1734wFrVQ,brandon-florida
https://www.ubereats.com/tampa/food-delivery/munchies-brandon/ozoyrKpsRju9RiZWPWgjew,brandon-florida
https://www.ubereats.com/tampa/food-delivery/steak-n-heaven/mLMVYcmkS0SDk62GEPCSyA,brandon-florida
https://www.ubereats.com/tampa/food-delivery/fuzzys-taco-shop/1dvHGpjUQTSUd9_Bq1Y2vQ,brandon-florida
https://www.ubereats.com/tampa/food-delivery/jersey-mikes-e-brandon-blvd-%26-n-mt-carmel-rd/W1YG-xADRQy1NAbbAYBzxQ,brandon-florida
https://www.ubereats.com/tampa/food-delivery/the-latin-grill-brandon/aTnm_GjPRvy2-uLX1oIZkg,brandon-florida
https://www.ubereats.com/tampa/food-delivery/firehouse-subs-brandon/6h7F-DrISR6l1wHgW_cvOw,brandon-florida
https://www.ubereats.com/tampa/food-delivery/dunkin-13135-us-highway-301-s/4A-FhHhcQY-9x-y06mWYBg,brandon-florida
https://www.ubereats.com/tampa/food-delivery/arbys-10059-s-us-hwy-301/0qpvcwJtT5u9Fu6Dz-PI6w,brandon-florida
https://www.ubereats.com/tampa/food-delivery/jeremiahs-italian-ice-bloomingdale/0k7R0oz2ShKSBnSo_MLKRw,brandon-florida
https://www.ubereats.com/tampa/food-delivery/pizza-hut-11748-martin-luther-king-jr-blvd/1rdNICNMRx2lPURXUMJPMw,brandon-florida
https://www.ubereats.com/tampa/food-delivery/tropical-smoothie-cafe-regency-square/eaM0Q-UdQyStGcKbnjv8bw,brandon-florida
https://www.ubereats.com/tampa/food-delivery/dunkin-11292-boyette-rd/SgoFdK_uQ6GYqMnvcPjnKA,brandon-florida
https://www.ubereats.com/tampa/food-delivery/dunkin-808-e-bloomingdale-ave/iFjos_xtT0uGDWe_eHkO2g,brandon-florida
https://www.ubereats.com/tampa/food-delivery/kiwami-ramen-%26-sushi/6MDBlLIzTTa1HnMco0UkIg,brandon-florida
https://www.ubereats.com/tampa/food-delivery/pollo-tropical-828-providence-rd/Yh2a4HdaS1GnP1GJ4tjrcw,brandon-florida
https://www.ubereats.com/tampa/food-delivery/starbucks-bloomingdale-%26-providence/tBSqNgAxSUe2PSBE-Ue2uA,brandon-florida
https://www.ubereats.com/tampa/food-delivery/krispy-kreme-w-brandon-blvd-%26-gornto-lake-rd/NXt2VDhfQMyVzWw4o5XDxw,brandon-florida
https://www.ubereats.com/tampa/food-delivery/steak-n-shake-11306-causeway-blvd/efXKIxsNRSiJhJb9SLxifw,brandon-florida
https://www.ubereats.com/tampa/food-delivery/dunkin-950-lumsden-rd/cOH3hmLnQFWQkGSbR52FTQ,brandon-florida
https://www.ubereats.com/tampa/food-delivery/beef-o-bradys-riverview/34pMEitBTUixdzfidTU-VQ,brandon-florida
https://www.ubereats.com/tampa/food-delivery/yoyo-juice-valrico/GcszEvJiQwS0gGRda2zgbw,brandon-florida
https://www.ubereats.com/tampa/food-delivery/red-robin-565-450-brandon-town-center/71tb5yUmSya7wukN627kgw,brandon-florida
https://www.ubereats.com/tampa/food-delivery/brandon-martini-live/PosxPDnjRUGqRwMMpeen_Q,brandon-florida
https://www.ubereats.com/tampa/food-delivery/house-of-burgers/C6ChEcXnQjOd9-OU82EyGw,brandon-florida
https://www.ubereats.com/tampa/food-delivery/westshore-pizza-brandon/1Q6Wm0xzQuaIpBO6p1iqiw,brandon-florida
https://www.ubereats.com/tampa/food-delivery/burger-king-2117-state-road-60-east/qhT_KKSeTYGK7uBtKNXbFg,brandon-florida
https://www.ubereats.com/tampa/food-delivery/honey-baked-ham-215-brandon-town-center-dr/ZompE-woRCen5xG3CZPLaA,brandon-florida
https://www.ubereats.com/tampa/food-delivery/the-latin-taste/OHMomP2wTMyyXi5xgEFc4A,brandon-florida
https://www.ubereats.com/tampa/food-delivery/dunkin-16645-fishhawk-blvd/p4vJzNRdSFSwhCbiMQb4Jg,brandon-florida
https://www.ubereats.com/tampa/food-delivery/boston-market-1401-w-brandon-blvd/QL0N6XlXSKi0BlkWb5EMWw,brandon-florida
https://www.ubereats.com/tampa/food-delivery/kims-cuban-sandwich-shop/vhKogLupSG-pXFerBZAhNw,brandon-florida
https://www.ubereats.com/tampa/food-delivery/panda-express-10771-big-bend-rd/UN4TLbafRAykCdgk8YZNpg,brandon-florida
https://www.ubereats.com/tampa/food-delivery/freds-market-restaurant-riverview/D8jXIWubRuyO9q_qfxVDig,brandon-florida
https://www.ubereats.com/tampa/food-delivery/la-cocina-de-cris/XnlgXK9HRcCJsES4nZ60gQ,brandon-florida
https://www.ubereats.com/tampa/food-delivery/the-ice-cream-shop/bHfPs2daSQaf5Qz-QaOw8g,brandon-florida
https://www.ubereats.com/tampa/food-delivery/circle-k-101-n-faulkenburg-rd/plOSRZTdRDSKtC6ps33kkw,brandon-florida
https://www.ubereats.com/tampa/food-delivery/la-segunda-central-bakery/fEPxbUm1SG2tGXQFoh8XRQ,brandon-florida
https://www.ubereats.com/tampa/food-delivery/starbucks-brandon-town-center-food-court/B7uJPqg9TAeOJb1kZ1qpSA,brandon-florida
https://www.ubereats.com/tampa/food-delivery/box-of-cubans/wlNhjbdoRgiEqOGsHZ2o-g,brandon-florida
https://www.ubereats.com/tampa/food-delivery/pj-fresh-11555-east-sligh-ave/GcjwhHKZTz2agjN4leVg2g,brandon-florida
https://www.ubereats.com/tampa/food-delivery/pizza-pino-tampa/gTWuzGHYTzOrWXdGa433IQ,brandon-florida
https://www.ubereats.com/tampa/food-delivery/panda-express-501-brandon-town-center-dr/yBmPM3rQQNqNk51VFnYecw,brandon-florida
https://www.ubereats.com/tampa/food-delivery/chuck-e-cheese-1540-w-brandon-blvd/dFgCVm_ZR0-WFDkylqde9Q,brandon-florida
https://www.ubereats.com/tampa/food-delivery/philly-grill-restaurant/9GavaRHNRtubJfgDNMzu3Q,brandon-florida
https://www.ubereats.com/tampa/food-delivery/burnin-barberque-and-more/DiPiKEHdTrmA5EIQqzTbAA,brandon-florida
https://www.ubereats.com/tampa/food-delivery/ploy-thai/DLFZbYCKQTiKQ1MP5np_AA,brandon-florida
https://www.ubereats.com/tampa/food-delivery/dunkin-2206-e-brandon-blvd/udtIKzgcS4Gn8yY_5NzRIQ,brandon-florida
https://www.ubereats.com/tampa/food-delivery/churchs-chicken-2301-north-50th-street-n/GJoxgZhDTv2NY35wRCtUew,brandon-florida
https://www.ubereats.com/tampa/food-delivery/capital-tacos-express/3hDz7AxbRVuVleG7qtAWDA,brandon-florida
https://www.ubereats.com/tampa/food-delivery/chipotle-mexican-grill-829-e-bloomingdale-ave/QutmNllbRzy1aBrPYJUPxA,brandon-florida
https://www.ubereats.com/tampa/food-delivery/mcdonalds-502-w-brandon-blvd/oQ3Dm-KZSdy5D6_rAkDKAg,brandon-florida
https://www.ubereats.com/tampa/food-delivery/mcdonalds-1002-s-78th-st/NR5o620STU6ao3Y5TKeoEg,brandon-florida
https://www.ubereats.com/tampa/food-delivery/7009-bonefish-grill-1015-providence-rd/PQAnr2T1TEmg4d2Q42fBtg,brandon-florida
https://www.ubereats.com/tampa/food-delivery/burger-king-2513-north-50-street/o-3d8AErTsm_gZ8ReFr6vQ,brandon-florida
https://www.ubereats.com/tampa/food-delivery/millers-ale-house-brandon/9N2DOhE0R1Ksw8b-c3x5Mg,brandon-florida
https://www.ubereats.com/tampa/food-delivery/tijuana-flats-bloomingdale/Ry0v0ZhaTmy8WQev5s0wBg,brandon-florida
https://www.ubereats.com/tampa/food-delivery/sushi-k/zzQoyyzjQhyimIXD7-ejgw,brandon-florida
https://www.ubereats.com/tampa/food-delivery/mcdonalds-11007-bloomingdale-ave/Rb5SDD3EQqeioFLRl8wfzw,brandon-florida
https://www.ubereats.com/tampa/food-delivery/chick-n-bones/HMumuEwqRAmTJG2_3uAJDg,brandon-florida
https://www.ubereats.com/tampa/food-delivery/dunkin-7028-us-highway-301-s/eu1CSk7rToma5JAWGVzPtQ,brandon-florida
https://www.ubereats.com/tampa/food-delivery/subway-6010-n-state-rd-579/K-thZvohSW2uS1UbndFlBw,brandon-florida
https://www.ubereats.com/tampa/food-delivery/villa-fresh-italian-kitchen-517-brandon-town-center-mall/kYKIjrX6Ta6M0ZuKOrmfOg,brandon-florida
https://www.ubereats.com/tampa/food-delivery/yoyo-juice/A6uKM0RhR2qimUkIbMWR2Q,brandon-florida
https://www.ubereats.com/tampa/food-delivery/frank-and-papi-latin-restaurant/aMJXp08YT6O-MNm9euIgjQ,brandon-florida
https://www.ubereats.com/tampa/food-delivery/cali-aji/FLEWnvaRS8O2DGqyor8g2A,brandon-florida
https://www.ubereats.com/tampa/food-delivery/papa-johns-3517-bell-shoals-rd/rUb-PVuYRZeQopRoWqzRrQ,brandon-florida
https://www.ubereats.com/tampa/food-delivery/wendys-308-w-brandon-blvd/v9oFo3_eSnClPOAPgi1ubA,brandon-florida
https://www.ubereats.com/tampa/food-delivery/cold-stone-creamery-valrico/VMnaHuIkTJ6-IbDaWxHWUQ,brandon-florida
https://www.ubereats.com/tampa/food-delivery/pecks-chicken-riverview/NlzzF9JGTw-x1C-nBmblng,brandon-florida
https://www.ubereats.com/tampa/food-delivery/salems-fresh-eats-50th-st/bhuMbg_WQnqLd0OFqvRlbw,brandon-florida
https://www.ubereats.com/tampa/food-delivery/the-burger-experience-136-brandon-town-center-dr/g_0D1pniStKdKu-4B8Dr6A,brandon-florida
https://www.ubereats.com/tampa/food-delivery/suba-smoothie/NBVTfZqYQ9Ku_ex5KQX0YQ,brandon-florida
https://www.ubereats.com/tampa/food-delivery/la-guantanamera-restaurant/Ka5ldXIrT8iEKrDc_3adXg,brandon-florida
https://www.ubereats.com/tampa/food-delivery/kairos-kingpletas/n7PNmuDpSBGg9Oh_ujiUxw,brandon-florida
https://www.ubereats.com/tampa/food-delivery/obriens-irish-pub-plant-city/5ukPcTVfQpq6WXAxejGH0A,brandon-florida
https://www.ubereats.com/tampa/food-delivery/chipotle-mexican-grill-103-brandon-town-center-dr/MmJUPci_RDOtjTs8bO_-Iw,brandon-florida
https://www.ubereats.com/tampa/food-delivery/casa-mexicana-7730-palm-river-rd/S736271hSYGPs43infI5Mg,brandon-florida
https://www.ubereats.com/tampa/food-delivery/don-rubio%60s-italian-restaurant-%26-cuisine/tTPi6WERTaincWzS7ZZZ1w,brandon-florida
https://www.ubereats.com/tampa/food-delivery/subway-1955-lumsden-rd/S8H386gLT5qLwOVmaMzUFw,brandon-florida
https://www.ubereats.com/tampa/food-delivery/taco-bell-2201-state-road-60-e/WLzQTBjYTMet-kh_pIpCPg,brandon-florida
https://www.ubereats.com/tampa/food-delivery/pizza-hut-1944-hwy-60-%23304/TeEC5xQmSUihxzsUQrwc6A,brandon-florida
https://www.ubereats.com/tampa/food-delivery/grape-leaf-express-tampa/vIBQfPiNSjCZhjQ2eFdXBA,brandon-florida
https://www.ubereats.com/tampa/food-delivery/ihop-11350-bloomingdale-ave/Qg9YTfI3QIiCLGx7VOUH1w,brandon-florida
https://www.ubereats.com/tampa/food-delivery/panda-express-1251-east-brandon-blvd/U5QGQ1ooRH-8YErnVbOTbw,brandon-florida
https://www.ubereats.com/tampa/food-delivery/mcdonalds-6013-e-dr-martin-luther/7yrJS_PuSLGTaHP3ESBV_A,brandon-florida
https://www.ubereats.com/tampa/food-delivery/subway-1702a-n-50th-st/FxsWWzfTRBigwkNs5NujYw,brandon-florida
https://www.ubereats.com/tampa/food-delivery/pizza-hut-10171-big-bend-rd/UdSAe4tDQ6yVz_Q8kMRJjQ,brandon-florida
https://www.ubereats.com/tampa/food-delivery/wendys-9940-adamo-drive/UiYhL5ruToyEnvnYovP7yg,brandon-florida
https://www.ubereats.com/tampa/food-delivery/obriens-irish-pub-and-grill/9j-XF1zyS_y-ebx0AjnBMw,brandon-florida
https://www.ubereats.com/tampa/food-delivery/jets-pizza-brandon/_FWM5-_fS2CzRmrAaHhqdA,brandon-florida
https://www.ubereats.com/tampa/food-delivery/pho-loc-tho/MiQ-XZ9HSYSoYtCJTNBwiw,brandon-florida
https://www.ubereats.com/tampa/food-delivery/bob-evans-189-10119-horace-avenue/Tgu9Yh56TQGKKA7-Y5Z0HA,brandon-florida
https://www.ubereats.com/tampa/food-delivery/fords-garage-brandon/9Pzug-bjQU6MHnIKQSvSww,brandon-florida
https://www.ubereats.com/tampa/food-delivery/kobe-japanese-steakhouse-%26-sushi-bar-brandon/Xjueo4MHSkCBGs0VGMs5VQ,brandon-florida
https://www.ubereats.com/tampa/food-delivery/tropical-smoothie-cafe-811-e-bloomingdale-ave/60dcWLoRQOyy7iUexVqutA,brandon-florida
https://www.ubereats.com/tampa/food-delivery/juice-market/Iob2Cq32TIaTg8TtcTW_2A,brandon-florida
https://www.ubereats.com/tampa/food-delivery/casa-mexicana-restaurant-inc/IoPvKaUQRRSXB3HiUPHgHQ,brandon-florida
https://www.ubereats.com/tampa/food-delivery/sabines-gout-creole/9qUe9uw5QR-TBCZ6Jtk4xg,brandon-florida
https://www.ubereats.com/tampa/food-delivery/abellas-cuban-restaurant/1gnOvVRhQ-6p5kbztE8KWg,brandon-florida
https://www.ubereats.com/tampa/food-delivery/the-ice-cream-shop/nEHY0PEER_WdBrelNfFIpw,brandon-florida
https://www.ubereats.com/tampa/food-delivery/tropical-cuisine/UUQyCZhhRe6vLXOH7xOntg,brandon-florida
https://www.ubereats.com/tampa/food-delivery/dollartogo/tadFwYrrTBa3oLLQ_4U3lQ,brandon-florida
https://www.ubereats.com/tampa/food-delivery/pf-changs-827-brandon-town-center/0UhTomvmSFOh7VAsbsf05Q,brandon-florida
https://www.ubereats.com/tampa/food-delivery/submarine-gyro-town/dNrUbcEaSVmQqtSYrEX70w,brandon-florida
https://www.ubereats.com/tampa/food-delivery/pizza-hut-3220-lithia-pinecrest-rd-%23101/SzFzUkkkTcCl9KEEsfKv2A,brandon-florida
https://www.ubereats.com/tampa/food-delivery/new-york-new-york-pizza-riverview/qobK6hAsRcCW31YsztgDnw,brandon-florida
https://www.ubereats.com/tampa/food-delivery/dunkin-1346-w-brandon-blvd/yTVfRDWeSQy-LW-Rn9K9Eg,brandon-florida
https://www.ubereats.com/tampa/food-delivery/mcdonalds-985-e-bloomingdale-ave/xvJvZzW_SXutvei1THksuw,brandon-florida
https://www.ubereats.com/tampa/food-delivery/westshore-pizza-lithia-pinecrest-rd/LazDcFnPS0SxxFGhWRgzrg,brandon-florida
https://www.ubereats.com/tampa/food-delivery/taco-truck/wHW1LhDbR6C_e1StcSKOZQ,brandon-florida
https://www.ubereats.com/tampa/food-delivery/first-watch-brandon/2EyVzNz8QVedwv1PMIrrEA,brandon-florida
https://www.ubereats.com/tampa/food-delivery/la-cocinita-cubana/9xRGlnELSFKrTnBLRAI7BA,brandon-florida
https://www.ubereats.com/tampa/food-delivery/capital-tacos-brandon/F8V2zOOTQ1GzCiNdNfrdCA,brandon-florida
https://www.ubereats.com/tampa/food-delivery/westshore-pizza-riverview/fwkaU9SFR9SMbaiRxNQyMg,brandon-florida
https://www.ubereats.com/tampa/food-delivery/tbd-%40-301/P-VrBPoBRzeRg4ySjNN8nQ,brandon-florida
https://www.ubereats.com/tampa/food-delivery/true-tikka/ZU11B2u3Tqi0hKvzgTbQDw,brandon-florida
https://www.ubereats.com/tampa/food-delivery/world-of-beer-2878-providence-lakes-blvd/oYCu_oEZSS-H6oDCPleb-g,brandon-florida
https://www.ubereats.com/tampa/food-delivery/kiso-sushi/EfPn8J6MTT2YRd2NZFBm3A,brandon-florida
https://www.ubereats.com/tampa/food-delivery/burger-king-9660-us-301-south/u30Z0dsPTAOq87B2raEaaQ,brandon-florida
https://www.ubereats.com/tampa/food-delivery/wawa-5335-11623-e-dr-martin-luther-king-jr-blvd/IFsaoH3HTkCqCI21AS4aYA,brandon-florida
https://www.ubereats.com/tampa/food-delivery/joyces-sandwich-shop/rhSiV1uaS4mZmPwiz69RdQ,brandon-florida
https://www.ubereats.com/tampa/food-delivery/outback-steakhouse-16547-fish-hawk-boulevard/mg00XXGlSWqsTAoZwC4jig,brandon-florida
https://www.ubereats.com/tampa/food-delivery/italian-kitchen-grill-%26-cafe/7b7Q0t5YRw-qVvTmdHsg3A,brandon-florida
https://www.ubereats.com/tampa/food-delivery/martys-cafe-tampa/vl3_6MqvQDK3YUxLxgYRqA,brandon-florida
https://www.ubereats.com/tampa/food-delivery/the-new-york-diner/kV0UPcFqRAWLA92i1Q_Hhg,brandon-florida
https://www.ubereats.com/tampa/food-delivery/outback-steakhouse-2020-brandon-boulevard-suite-190/lEjfZJXATPSCwbnMJKmclA,brandon-florida
https://www.ubereats.com/tampa/food-delivery/taco-bell-706-martin-luther-king-jr-blvd-w/YiZ0t0IJS4OWzSyz9FzmDQ,brandon-florida
https://www.ubereats.com/tampa/food-delivery/hong-kong-chinese-restaurant-brandon/zfNUBtOQRnmOlvRoNaIzLw,brandon-florida
https://www.ubereats.com/tampa/food-delivery/dairy-queen-grill-%26-chill-13316-us-highway-301-s/hrE7dI5rRVO8PxgKhUlbpQ,brandon-florida
https://www.ubereats.com/tampa/food-delivery/the-house-of-the-cuban-sandwich/80cA9vBJQBeMQ9geTDAhIQ,brandon-florida
https://www.ubereats.com/tampa/food-delivery/portillos-hot-dogs-1748-w-brandon-blvd/t2nAqMWJTuqUOQ6PkTUTlA,brandon-florida
https://www.ubereats.com/tampa/food-delivery/dimisa-gourmet/QT2AS4CwSC-k7S2R4Ngplg,brandon-florida
https://www.ubereats.com/tampa/food-delivery/kraftologee/Xm_vH4BMQnWCiQ9m2Egy5g,brandon-florida
https://www.ubereats.com/tampa/food-delivery/wawa-5152-2926-e-state-rd/tSnL2f84S_KmpJ_90XZRPQ,brandon-florida
https://www.ubereats.com/tampa/food-delivery/firehouse-subs-lithia/RPEZ166ZQaGQBudFj49nnA,brandon-florida
https://www.ubereats.com/tampa/food-delivery/smoothie-king-brandon/juLUjVT0Sj2qT1ggI5Mjzw,brandon-florida
https://www.ubereats.com/tampa/food-delivery/hungry-howies-6207-e-hillsborough-%23167/5HXEcMGFTISX8kicelrG6A,brandon-florida
https://www.ubereats.com/tampa/food-delivery/babes-pizza/do9l-irZTPSmn4_YUPcC-A,brandon-florida
https://www.ubereats.com/tampa/food-delivery/cold-stone-creamery-brandon/17a_ATlXRK-XwJsw1z2oog,brandon-florida
https://www.ubereats.com/tampa/food-delivery/glory-days-grill-brandon/MFv6RXAKR6m57AaTPvLTfg,brandon-florida
https://www.ubereats.com/tampa/food-delivery/kekes-breakfast-cafe-riverview/2D2D-PnsR0eUM2P1Aiw2HA,brandon-florida
https://www.ubereats.com/tampa/food-delivery/little-greek-valrico/9a6b51KuR06VOjldIU66JQ,brandon-florida
https://www.ubereats.com/tampa/food-delivery/city-buffet/B_84-PdCQ0GE2zqrEXJvcA,brandon-florida
https://www.ubereats.com/tampa/food-delivery/wayback-burgers-lithia/ew8ddSPMRFCWirM9iE6wgg,brandon-florida
https://www.ubereats.com/tampa/food-delivery/pitas-republic-of-riverview-riverview/bBqOELYjT_G8blJxdYIPZw,brandon-florida
https://www.ubereats.com/tampa/food-delivery/caribbean-cafe-and-restaurant/IDBjIXuJQtGOdv7tyMUxuw,brandon-florida
https://www.ubereats.com/tampa/food-delivery/taco-bell-brandon/UrgQ-reKTI6UDyzidnCaoQ,brandon-florida
https://www.ubereats.com/tampa/food-delivery/hungry-howies-valrico-%23153/cEbE8lnCRvKOdsHpfX2Ekg,brandon-florida
https://www.ubereats.com/tampa/food-delivery/wendys-6024-county-road-579/4rkNlcUZSl2sPFx625jZ9g,brandon-florida
https://www.ubereats.com/tampa/food-delivery/mangos/zvEMl8N0QG-40UWzGQ1-ow,brandon-florida
https://www.ubereats.com/tampa/food-delivery/crystals-fast-n-best/qRHHP1dgQcqzN0f9uPk6HA,brandon-florida
https://www.ubereats.com/tampa/food-delivery/amps-bbq/wADwjAFpQ46crkA5NzZkuQ,brandon-florida
https://www.ubereats.com/tampa/food-delivery/zaxbys-brandon/USQVmMZAReuMKUOAMM2d8w,brandon-florida
https://www.ubereats.com/tampa/food-delivery/lillie-maes-southern-cafe-3745-n-50th-st/IoSTt2U9T6qH51-18N5hxw,brandon-florida
https://www.ubereats.com/tampa/food-delivery/bloomingdale-latin-market/sa7lgy1fRhuPp1apIu76rw,brandon-florida
https://www.ubereats.com/tampa/food-delivery/wow-fresh-and-fast-brandon/jKW13VuBQWKSZiCuI3H6IQ,brandon-florida
https://www.ubereats.com/tampa/food-delivery/ihop-1270-e-brandon-blvd/N7nGm71wQOmWec88EKOQ-w,brandon-florida
https://www.ubereats.com/tampa/food-delivery/menchies-frozen-yogurt-6046-winthrop-town-centre-ave/Af7qsRvfSZi2gm4yNSfJIg,brandon-florida
https://www.ubereats.com/tampa/food-delivery/mcdonalds-11212-causway-blvd/B5iZEqsORe2A_7eXn8THLQ,brandon-florida
https://www.ubereats.com/tampa/food-delivery/china-star/2HXche2SSTKzpjDkxB3_Yg,brandon-florida
https://www.ubereats.com/tampa/food-delivery/el-rincon-dominicano/OQp4ck6RQUOZ2-gsiGzZ-A,brandon-florida
https://www.ubereats.com/tampa/food-delivery/tropical-smoothie-cafe-brandon-commons/Kas7mvN4TROJfz-cU1x2-A,brandon-florida
https://www.ubereats.com/tampa/food-delivery/jasmine-thai-brandon/Cyxw9kKZTuK3xwNMmCnAzg,brandon-florida
https://www.ubereats.com/tampa/food-delivery/taco-bus-orient/n9HeiSZERZeyhFOe0dnNBA,brandon-florida
https://www.ubereats.com/tampa/food-delivery/hungry-howies-pizza-%26-subs-bloomingdale-ave-%23168/2HKXBUTMQGaxju70Slo_-Q,brandon-florida
https://www.ubereats.com/tampa/food-delivery/sonic-1230-e-brandon-blvd/Efd3-HhFTvKAl35fb5VyiA,brandon-florida
https://www.ubereats.com/tampa/food-delivery/burger-king-114-west-brandon-boulevard/NYd8HnNzRIq7Hrt6puJOYA,brandon-florida
https://www.ubereats.com/tampa/food-delivery/kingpletas-tripletas/hCLorWJjREOoSNyAsLB-oQ,brandon-florida
https://www.ubereats.com/tampa/food-delivery/red-lobster-2625-e-busch-blvd/QJTbtp0GStmUPfAYjI15qQ,brandon-florida
https://www.ubereats.com/tampa/food-delivery/planet-smoothie-3426-lithia-pinecrest-rd/ZMYxGyI0Qdm9_fXOr3FRZg,brandon-florida
https://www.ubereats.com/tampa/food-delivery/bubbaques-bbq-riverview-7007/UEQRmKBcR8yh6IjI8Jvt0g,brandon-florida
https://www.ubereats.com/tampa/food-delivery/cherrys-bar-and-grill/J_ykOupcTD-PUYtVU802NQ,brandon-florida
https://www.ubereats.com/tampa/food-delivery/burger-king-918-east-bloomingdale-avenue/OsIOi_WNT1yMJ3xvbZuUoA,brandon-florida
https://www.ubereats.com/tampa/food-delivery/tuk-tuk-thai-fusion/l-PtUqiqQfKWdFYxjubDqA,brandon-florida
https://www.ubereats.com/tampa/food-delivery/tropical-cuisine/m65olbKtRr-q43Mn-s4PXg,brandon-florida
https://www.ubereats.com/tampa/food-delivery/dennys-1301-w-brandon-blvd/2oNCdO_VRbeA3XETJc06RQ,brandon-florida
https://www.ubereats.com/tampa/food-delivery/nekter-juice-bar/bf0rBkjpSDidPa9Q_yD5zA,brandon-florida
https://www.ubereats.com/tampa/food-delivery/chick-fil-a-1504-e-brandon-blvd/bu5TnnX4TuK1D9fd1xLdug,brandon-florida
https://www.ubereats.com/tampa/food-delivery/three-bulls-tavern-%26-brewery/QaBDf-43Rb6NGbvFMAVPmg,brandon-florida
https://www.ubereats.com/tampa/food-delivery/hungry-howies-brandon-%23191/z06-1xAETXWyhfzQXkOpiA,brandon-florida
https://www.ubereats.com/tampa/food-delivery/steak-n-shake-1402-w-brandon-blvd/apXSyTWuT-a3CVHtV-UO8Q,brandon-florida
https://www.ubereats.com/tampa/food-delivery/hungry-harrys-family-bar-b-que-brandon/29blO-_3QvKOckJ--zPENQ,brandon-florida
https://www.ubereats.com/tampa/food-delivery/beef-o-bradys-riverview-ii/-Q4_wpJURQiZZQtZSiIE6g,brandon-florida
https://www.ubereats.com/tampa/food-delivery/tibbys-new-orleans-kitchen-brandon/egT6D1chRz-VgHIS4oaUPQ,brandon-florida
https://www.ubereats.com/tampa/food-delivery/cinnabon-baked-at-flying-j-11555-east-sligh-ave/siI18dMvRGiEEopLMxxt-w,brandon-florida
https://www.ubereats.com/tampa/food-delivery/tijuana-flats-riverview/sPMoC4EdT7apK0vl2CQi5w,brandon-florida
https://www.ubereats.com/tampa/food-delivery/first-watch-summerfield/gGNBHuX5Re2MBZfgevaANg,brandon-florida
https://www.ubereats.com/tampa/food-delivery/chicken-salad-chick-965-e-bloomingdale-ave/xQ5f2ut2ScWsQp_qq7-JWQ,brandon-florida
https://www.ubereats.com/tampa/food-delivery/anthonys-coal-fired-pizza-brandon/IGypD5GkR5u9nMkjKa4jiw,brandon-florida
https://www.ubereats.com/tampa/food-delivery/green-land-restaurant-busch/2uH3GnslTRuOeog1uv3vBg,brandon-florida
https://www.ubereats.com/tampa/food-delivery/five-guys-fl-1165-8606-elm-fair-blvd/QiNNwKW4RKymMGcmWEDg1g,brandon-florida
https://www.ubereats.com/tampa/food-delivery/popeyes-louisiana-kitchen-108-s-kings-ave/zBAtLbqZQsqtlqeKwa2VmQ,brandon-florida
https://www.ubereats.com/tampa/food-delivery/dunkin-10608-east-bay-rd/ogclucQwTIek_z8pl_FhsA,brandon-florida
https://www.ubereats.com/tampa/food-delivery/beef-o-bradys-brandon/z_VXN-sJQKqMRYlns0EJSA,brandon-florida
https://www.ubereats.com/tampa/food-delivery/subway-2829-us-highway-301-s/kQ1Tkd-3QwC38Q-lkfttdw,brandon-florida
https://www.ubereats.com/tampa/food-delivery/winghouse-of-brandon-60/3iaea4ERSh6dwFN2fFHoBA,brandon-florida
https://www.ubereats.com/tampa/food-delivery/cracker-barrel-old-country-store-1880-state-road-60-e/3OdnYsb7QqGtJthZ9oQ7-g,brandon-florida
https://www.ubereats.com/tampa/food-delivery/pecks-big-bend/K6-7J_a5T-aigSXqMrFSQg,brandon-florida
https://www.ubereats.com/tampa/food-delivery/china-park/hxJcrf3EQuCvfGfban4b7Q,brandon-florida
https://www.ubereats.com/tampa/food-delivery/five-guys-fl-1144-1513-west-brandon-blvd/ExgAcVQoTsmpVcOnmf19fQ,brandon-florida
https://www.ubereats.com/tampa/food-delivery/china-wok-tampa/0cFilCX-Q2K-bb1U9bZvOw,brandon-florida
https://www.ubereats.com/tampa/food-delivery/sonic-2901-james-l-redman-parkway/jUpaWMoVQEWihJnBiE_OaA,brandon-florida
https://www.ubereats.com/tampa/food-delivery/river-city-smokehouse/BSvcIT2WS-6jJt1j_tFVsw,brandon-florida
https://www.ubereats.com/tampa/food-delivery/truly-greek/Jf6pHnRrTBab2VEKZqy_Gg,brandon-florida
https://www.ubereats.com/tampa/food-delivery/starbucks-us-301-%26-falkenburg/jGYA6VpSRs6qV0HNMYS7lQ,brandon-florida
https://www.ubereats.com/tampa/food-delivery/cinnabon-459-brandon-town-center-dr/dGuzODQERUGvCIdjvHnY9w,brandon-florida
https://www.ubereats.com/tampa/food-delivery/wawa-5127-2604-south-us-highway-301/IxIrE-jXR0qxi8lNzq502A,brandon-florida
https://www.ubereats.com/tampa/food-delivery/qdoba-mexican-eats-riverview/zP5Tn67LSmCsYH-vjF7OIg,brandon-florida
https://www.ubereats.com/tampa/food-delivery/first-watch-riverview/yeLuj7L0Rken-PwBlFsbgA,brandon-florida
https://www.ubereats.com/tampa/food-delivery/all-about-salads-brandon/MSARApWjSyGVfJBlv6PXFA,brandon-florida
https://www.ubereats.com/tampa/food-delivery/wendys-10921-bloomingdale-ave/6n_8SncrR4OJnI2NJ4J7Ow,brandon-florida
https://www.ubereats.com/tampa/food-delivery/sa-ri-one-korean-bbq-and-sushi-brandon/rQgHBnswTiqf2Yf171uegA,brandon-florida
https://www.ubereats.com/tampa/food-delivery/strandhill-public/rZvXcLaGQwmZtkB_pIcChw,brandon-florida
https://www.ubereats.com/tampa/food-delivery/boca-brandon/keDduwzVQ6WK6x5OTE8kgA,brandon-florida
https://www.ubereats.com/tampa/food-delivery/chesters-fried-chicken/XlkNs-guQjqBatgslNiJdQ,brandon-florida
https://www.ubereats.com/tampa/food-delivery/burger-king-9925-adamo-drive/7nsGGB3ITK2zgzn60udEZw,brandon-florida
https://www.ubereats.com/tampa/food-delivery/justins-pizza/YO91RWtaTIeQbEwIK2X9Rg,brandon-florida
https://www.ubereats.com/tampa/food-delivery/gyros-%26-seafood-express/jNmtUkqURcCQbKN1SqfCdg,brandon-florida
https://www.ubereats.com/tampa/food-delivery/arbys-3370-sr-60-east/HQ6fHqV_TVm6E12JZ_VGgw,brandon-florida
https://www.ubereats.com/tampa/food-delivery/tsunami-sushi-%26-hibachi-grill-badlands-dr/qdmQijqpQDGP0sQLTYTnWg,brandon-florida
https://www.ubereats.com/tampa/food-delivery/checkers-603-martin-luther-king-blvd/6FB62P0hSeiEhZ12dIcbKg,brandon-florida
https://www.ubereats.com/tampa/food-delivery/checkers-1520-w-brandon-blvd/zR0wUqFiRGujbTW6hiaYfg,brandon-florida
https://www.ubereats.com/tampa/food-delivery/sonic-10033-balm-riverview-road/0N3EgKd4Qv-XMpwEfmiGgg,brandon-florida
https://www.ubereats.com/tampa/food-delivery/islands-club-davis-island/QJwWarBvROyfOMvDnJXLwg,brandon-florida
https://www.ubereats.com/tampa/food-delivery/ice-sports-forum/Asr4lnneQ6i47WlwuetsAw,brandon-florida
https://www.ubereats.com/tampa/food-delivery/subway-10049-e-adamo-dr/64no8njnRbKUKGpo4X2fww,brandon-florida
https://www.ubereats.com/tampa/food-delivery/the-ice-cream-shop/yULg_LwKQH-HMp_80r9erQ,brandon-florida
https://www.ubereats.com/tampa/food-delivery/nicos-arepas-grill-brandon/FIjAVQTNThSoVuhxBHQ8iA,brandon-florida
https://www.ubereats.com/tampa/food-delivery/smoothie-king-2020-w-brandon-blvd/EsqN7IXETWeUn7NTa1oERA,brandon-florida
https://www.ubereats.com/tampa/food-delivery/taco-bell-10611-gibsonton-drive/NB3VZ7KfT1eqmWaBiQS3dQ,brandon-florida
https://www.ubereats.com/tampa/food-delivery/holy-hog-barbecue-brandon/rFzynV2aTl-5UGwcQjT8EA,brandon-florida
https://www.ubereats.com/tampa/food-delivery/shells-seafood-restaurant-brandon/5iVSML0fRAir-W5_O-LzZg,brandon-florida
https://www.ubereats.com/tampa/food-delivery/starbucks-bloomingdale-%26-blowing-oak/w99SOP0vQ3mDmSWfutXFcA,brandon-florida
https://www.ubereats.com/tampa/food-delivery/bubbaques-bbq-brandon-7001/19luVI4IRvCVfA2mgBsVlg,brandon-florida
https://www.ubereats.com/tampa/food-delivery/popeyes-louisiana-kitchen-1118-w-mlk/XaqbL-UsQDCexFAyarV6aw,brandon-florida
https://www.ubereats.com/tampa/food-delivery/sushi-kampai-japanese-restaurant/OsmFWWjaT02KoQm-TKt93Q,brandon-florida
https://www.ubereats.com/tampa/food-delivery/coqui-dorado/_VsQ-9yrRBOJGATXfFMb0g,brandon-florida
https://www.ubereats.com/tampa/food-delivery/poke-falls/pea5kEr5Tyu1R3vvq5R72Q,brandon-florida
https://www.ubereats.com/tampa/food-delivery/buffalo-wild-wings-2055-badlands-dr/DoTdUQvJTHe1grySoAU55A,brandon-florida
https://www.ubereats.com/tampa/food-delivery/koizi-endless-hibachi-%26-sushi-eatery-brandon/NgdpN3CRT1SoMpYIS6f_rg,brandon-florida
https://www.ubereats.com/tampa/food-delivery/brandon-pizzeria/VKlqx6EDRJOdDq3s4hhrxw,brandon-florida
https://www.ubereats.com/tampa/food-delivery/dunkin-3872-us-highway-301-s/o_VnvgB0QICR8rpmGfqF4g,brandon-florida
https://www.ubereats.com/tampa/food-delivery/five-guys-fl-1000-6022-winthrop-town-centre-ave/NTfM0-RFRRKtB6T8hGMH0w,brandon-florida
https://www.ubereats.com/tampa/food-delivery/dominican-inc/65PvOhBpTDS1acy2AEY-cQ,brandon-florida
https://www.ubereats.com/tampa/food-delivery/tequila-mexican-restaurant-and-grill/QvT_qKmjTpir1EIhkdSUXA,brandon-florida
https://www.ubereats.com/tampa/food-delivery/burger-king-4010-lakewood-dr/ymCNRdaDS5ulTD0qUwp4sQ,brandon-florida
https://www.ubereats.com/tampa/food-delivery/more-italian/97scGioxRty4Z5D_Otf8Cg,brandon-florida
https://www.ubereats.com/tampa/food-delivery/the-american-bar-and-grille/2HIxUcRpT3iwACBgKbUmvg,brandon-florida
https://www.ubereats.com/tampa/food-delivery/maple-street-biscuit-company-bloomingdale/IfJ-8-DHRNyGpDj0PAViYA,brandon-florida
https://www.ubereats.com/tampa/food-delivery/pizza-hut-729-w-lumsden-rd-%2314/Bk5d-lZPRLeRMV2D4z820A,brandon-florida
https://www.ubereats.com/tampa/food-delivery/jets-pizza-lithia/0yUTLow7RKCn8sNepcYVIg,brandon-florida
https://www.ubereats.com/tampa/food-delivery/the-brunchery/xCaNFC3AQVaD0jW0Cri_bA,brandon-florida
https://www.ubereats.com/tampa/food-delivery/subway-3831-s-us-hwy-301/ffFG11qUSwCULrPTyYiCjA,brandon-florida
https://www.ubereats.com/tampa/food-delivery/pizza-haven-brandon/m_94Ojd4Req6em61TnlF6Q,brandon-florida
https://www.ubereats.com/tampa/food-delivery/starbucks-sr-60-%26-mt-carmel/wE9YF4vOQ-CnhtSco9fJLQ,brandon-florida
https://www.ubereats.com/tampa/food-delivery/melos-caribbean-cafe-tampa/dYYr3hbrRZyzj76lbzqp0Q,brandon-florida
https://www.ubereats.com/tampa/food-delivery/sonic-16525-fishhawk-boulevard/gwyLQD7ySzOUIYIrt-yoqA,brandon-florida
https://www.ubereats.com/tampa/food-delivery/pdq-brandon/WVjuXmHkQ4qmW8qqSRN6hg,brandon-florida
https://www.ubereats.com/tampa/food-delivery/wendys-2110-bloomingdale-ave/P248h8lITKWUyJwCZGjwsg,brandon-florida
https://www.ubereats.com/tampa/food-delivery/east-coast-pizza-lincoln-rd/MLkHoSSpQzGEZGMyQWRUPQ,brandon-florida
https://www.ubereats.com/tampa/food-delivery/long-john-silvers-brandon/kP0wrPXiSTeXVZBDjti_eA,brandon-florida
https://www.ubereats.com/tampa/food-delivery/pholicious/iw4Sf_xcRhy5laPVyspeww,brandon-florida
https://www.ubereats.com/tampa/food-delivery/mcdonalds-2050-state-rte-60-e/TZ6mNR9XTXKd121TDyex7Q,brandon-florida
https://www.ubereats.com/tampa/food-delivery/cracker-barrel-old-country-store-6150-lazy-days-blvd/e31lAuRuQTqaNgS1DrTrKg,brandon-florida
https://www.ubereats.com/tampa/food-delivery/westshore-pizza-causeway-blvd/zr4nsV19Qe63ELujTdK1CA,brandon-florida
https://www.ubereats.com/tampa/food-delivery/subway-10807-bloomingdale-ave/7FADRGBeRZaiTTaB4WGsBQ,brandon-florida
https://www.ubereats.com/tampa/food-delivery/new-china-riverview/EHzBxg-JRQCVmX5YznV7CQ,brandon-florida
https://www.ubereats.com/tampa/food-delivery/genghis-grill-brandon/HlhmJ5EJRbmdfoxSZZqCWg,brandon-florida
https://www.ubereats.com/tampa/food-delivery/simply-salads/tBBT5ZfYRmWw2Ki6MD3QFA,brandon-florida
https://www.ubereats.com/tampa/food-delivery/rolos-bakery/wv6LOf3STkOH2IC3r3iX_w,brandon-florida
https://www.ubereats.com/tampa/food-delivery/bawarchi-biryanis/tqZ6ZzrCQ_isb0CN_ZHWtA,brandon-florida
https://www.ubereats.com/tampa/food-delivery/first-watch-979-e-bloomingdale-ave/q-vJ49FOT9SJdaUT3vImbg,brandon-florida
https://www.ubereats.com/tampa/food-delivery/mugs-n-jugs-brandon/wEPXDYiuSCW1Ymg6ErO5BA,brandon-florida
https://www.ubereats.com/tampa/food-delivery/applebees-829-providence-rd/3Gfjc-jgSyCq6q9OkNHR-Q,brandon-florida
https://www.ubereats.com/tampa/food-delivery/red-lobster-2604-w-brandon-blvd/et529cnfScqhJJjcNECbqA,brandon-florida
https://www.ubereats.com/tampa/food-delivery/la-familia-latin-hot-food-brandon/bgvOAdxCQpmc5dfjqmUZLQ,brandon-florida
https://www.ubereats.com/tampa/food-delivery/mcdonalds-10019-adamo-dr/aY2VWJKnT2WG2L1ec5ndcA,brandon-florida
https://www.ubereats.com/tampa/food-delivery/ciccio-cali-brandon/9rXW5-C6QBetrW65XkKTEA,brandon-florida
https://www.ubereats.com/tampa/food-delivery/kfc-1733-n-50th-street/Tup4-yjbTvelsyTwbQmraA,brandon-florida
https://www.ubereats.com/tampa/food-delivery/subway-11720-e-dr-martin-luther-king-jr-blvd/jx0UejSVT_eM_jnVboyO6A,brandon-florida
https://www.ubereats.com/tampa/food-delivery/pretzelmaker/OAVIPMU_QGuntnsQBJuMVQ,brandon-florida
https://www.ubereats.com/tampa/food-delivery/la-isla-cafe-inc/UooKRwjIScCBUMutG-wLpg,brandon-florida
https://www.ubereats.com/tampa/food-delivery/taco-bell-1350-w-brandon-blvd/Vh7EqyzMTEON1Mj8fnnS8Q,brandon-florida
https://www.ubereats.com/tampa/food-delivery/planet-grilled-cheese-brandon-town-center-mall/-ju1fDYdTZy4qvjbqewhog,brandon-florida
https://www.ubereats.com/tampa/food-delivery/willie-jewells-old-school-bar-b-q-riverview/o3a2Fh95S1iSB_HqAcSEZQ,brandon-florida
https://www.ubereats.com/tampa/food-delivery/auntie-annes-409-brandon-town-center/6pCEkog1QWiq8azGwdh-yA,brandon-florida
https://www.ubereats.com/tampa/food-delivery/arepa-express/Uipk2oz5T_GszPA9uU-Zag,brandon-florida
https://www.ubereats.com/tampa/food-delivery/acropolis-greek-taverna-riverview/je_I8776Q-WDvax1AYqPRA,brandon-florida
https://www.ubereats.com/tampa/food-delivery/taco-bell-16581-fishhawk-blvd/7wiXlQ05QuanYUZkjL8Cow,brandon-florida
https://www.ubereats.com/tampa/food-delivery/rock-candy-llc/SSLTP6lYQauHRcSSLp6HwQ,brandon-florida
https://www.ubereats.com/tampa/food-delivery/papa-johns-9036-progress-blvd/NFafl1riSxiXvPkit43IDQ,brandon-florida
https://www.ubereats.com/tampa/food-delivery/kekes-breakfast-cafe-brandon/PUxHVtEaSqKGbmjA_n3lSQ,brandon-florida
https://www.ubereats.com/tampa/food-delivery/al-madina-kabob-%26-more/gNmn-JcLTlWBsR1wPq_g2g,brandon-florida
https://www.ubereats.com/tampa/food-delivery/winghouse-of-brandon/eG4GbpKGQxGkcIvyJ0BRNA,brandon-florida
https://www.ubereats.com/tampa/food-delivery/subway-6602-east-dr-mlk-jr-blvd/oaUYC3VxRoSWtoRggYrigA,brandon-florida
https://www.ubereats.com/tampa/food-delivery/tapas-spanish-cafe/jtq3CMtfSDerdr976KvwRQ,brandon-florida
https://www.ubereats.com/tampa/food-delivery/tijuana-flats-brandon/7dmMONZ0T6SN4JVi--0JYg,brandon-florida
https://www.ubereats.com/tampa/food-delivery/yogurtology-brandon/pXzZwkLASOCsIAN_iZR48w,brandon-florida
https://www.ubereats.com/tampa/food-delivery/starbucks-sr-60-%26-grand-regency/YNtSY8A8QhmJM_9H0AEgnA,brandon-florida
https://www.ubereats.com/tampa/food-delivery/grain-and-berry-riverview/LFpmI4IRR3i08KJBx8q40g,brandon-florida
https://www.ubereats.com/tampa/food-delivery/pizza-hut-1809-s-parsons-ave/4GdOhmfXQLWWxt5PAT-FhQ,brandon-florida
https://www.ubereats.com/tampa/food-delivery/new-york-style-pizza/zhR1wXTJRS2laQ9A1ljN1A,brandon-florida
https://www.ubereats.com/tampa/food-delivery/wendys-10529-gibsonton-drive/s3v26qMfQvGJ-eLiUNCiMA,brandon-florida
https://www.ubereats.com/tampa/food-delivery/pizza-hut-10619-gibsonton-dr/rFpkYhj7Tb29LSchKzyjMA,brandon-florida
https://www.ubereats.com/tampa/food-delivery/outback-and-carrabbas-express-13025-us-hwy-301-suite-104/fNUGGCFGTT-xDkGFS3LmRg,brandon-florida
https://www.ubereats.com/tampa/food-delivery/hot-tomato/AE1NmK2gQ0Gfnvp4aujr4A,brandon-florida
https://www.ubereats.com/tampa/food-delivery/big-city-grill-co/v_3QxlKxRjWTZhr9CGBvSg,brandon-florida
