url,city
https://www.ubereats.com/connecticut/food-delivery/mcdonalds-nbranford-rt-80/use0KysHRNi_IXIthoIPqA,branford-connecticut
https://www.ubereats.com/connecticut/food-delivery/taco-bell-960-w-main-st/bzJ7m9v1RFaM2EkbLDNdGA,branford-connecticut
https://www.ubereats.com/connecticut/food-delivery/friendlys-140-universal-dr-n/P2YIsK9cQ7aUb1xmePtvUA,branford-connecticut
https://www.ubereats.com/connecticut/food-delivery/lenny-%26-joes-fish-tale-new-haven/FiKpPXozQmqCB13uyhVxjA,branford-connecticut
https://www.ubereats.com/connecticut/food-delivery/miso-japanese-restaurant/D4x92ALmQM6o7o-2w-agWw,branford-connecticut
https://www.ubereats.com/connecticut/food-delivery/bistro-mediterranean-%26-tapas-bar-east-haven/Abz7EigTSjC69PxHrFV8TQ,branford-connecticut
https://www.ubereats.com/connecticut/food-delivery/shell-%26-bones-restaurant/Tk1NR4rESfmkT9j3Rr0_MQ,branford-connecticut
https://www.ubereats.com/connecticut/food-delivery/fireside/jpZIo9rTSeqlHADsBJYoYA,branford-connecticut
https://www.ubereats.com/connecticut/food-delivery/jacks-bar-and-steakhouse/tC3ZMm-JSdK8eGo5H3eOyg,branford-connecticut
https://www.ubereats.com/connecticut/food-delivery/bullseye-billiards-and-bar/KB-CVCaQTDCHrGPh7fFwPQ,branford-connecticut
https://www.ubereats.com/connecticut/food-delivery/charcoal-chicken-restaurant/zOPLs-j_Rq2o9axQBlMJjw,branford-connecticut
https://www.ubereats.com/connecticut/food-delivery/chabaso-bakery/aWMZdiODTmmal3Za2_b8mg,branford-connecticut
https://www.ubereats.com/connecticut/food-delivery/bella-lisa-pizzeria/npqOXsPZQTenNOAlQsChRg,branford-connecticut
https://www.ubereats.com/connecticut/food-delivery/pompeos-restaurant/94bHoX0zTK-GQA2_39qVYQ,branford-connecticut
https://www.ubereats.com/connecticut/food-delivery/bomb-wings-%26-rice-bar/kFjj0u61Qd2E2BmzeOAF3Q,branford-connecticut
https://www.ubereats.com/connecticut/food-delivery/costa-pizza/LuvlwQXwTze628aPqDk84A,branford-connecticut
https://www.ubereats.com/connecticut/food-delivery/number-one-chinese-restaurant/MtYZy_cqQ3qkVsE1boYaFQ,branford-connecticut
https://www.ubereats.com/connecticut/food-delivery/aladdin-crown-pizza/w8CGEpt6SXmIHkAH0qs5Rw,branford-connecticut
https://www.ubereats.com/connecticut/food-delivery/krauszers/1unwnXV1SFeD5w3BxAba4Q,branford-connecticut
https://www.ubereats.com/connecticut/food-delivery/fresh-taco/TifnFBs3QDqpBCHqmYjUEg,branford-connecticut
https://www.ubereats.com/connecticut/food-delivery/donut-crazy-new-haven/TOQa5R7PRjaj6XSXXmtyuQ,branford-connecticut
https://www.ubereats.com/connecticut/food-delivery/wah-chun-chinese-restaurant/ip2Ajp-iTkaErBOqARnFvg,branford-connecticut
https://www.ubereats.com/connecticut/food-delivery/sun-rise-house/sp_pX_xiTLm3DC4cA4XZHQ,branford-connecticut
https://www.ubereats.com/connecticut/food-delivery/tgi-fridays-690-orange-ct/U32ShMloTpS_lKiipdLxKg,branford-connecticut
https://www.ubereats.com/connecticut/food-delivery/maritime-grille/_8Lfq2WmQ1K2n9-whNc4GA,branford-connecticut
https://www.ubereats.com/connecticut/food-delivery/doughlicious/dJHxaqtmSNi9qCmf2mjk-A,branford-connecticut
https://www.ubereats.com/connecticut/food-delivery/cajun-boiled-seafood-ct/FrBY_A9JQMizwkVt97qSJQ,branford-connecticut
https://www.ubereats.com/connecticut/food-delivery/anthonys-ocean-view/WE8UB5faQryN57dkJ0OOmw,branford-connecticut
https://www.ubereats.com/connecticut/food-delivery/sobol-new-haven/ezh8IASKQ76T7gMCTJ7_NA,branford-connecticut
https://www.ubereats.com/connecticut/food-delivery/pacifico/4XeDutxWQ_ORaSewATEuIQ,branford-connecticut
https://www.ubereats.com/connecticut/food-delivery/krauszers-food-store/ZfnuHySYS9OxkQf3gijKuw,branford-connecticut
https://www.ubereats.com/connecticut/food-delivery/la-chalupa-mexican-food/mZepwdRzTFyhtPbDrltjrw,branford-connecticut
https://www.ubereats.com/connecticut/food-delivery/sitar-indian-restaurant-new-haven/xvgFTBfXQiem0f-pu1ClSw,branford-connecticut
https://www.ubereats.com/connecticut/food-delivery/dunkin-294-foxon-blvd/ASazvFEtTWKlk638ctU6iA,branford-connecticut
https://www.ubereats.com/connecticut/food-delivery/momoko-fresh-cut-poke/Gotea2kmTzagVX_CnlJUGg,branford-connecticut
https://www.ubereats.com/connecticut/food-delivery/t-swirl-crepe/1Y40x8IyRGKGYRFgvVnlPw,branford-connecticut
https://www.ubereats.com/connecticut/food-delivery/c-%26j-carribean-delights/jDEf7xOKR6yGO9cIhJxwlw,branford-connecticut
https://www.ubereats.com/connecticut/food-delivery/tokyo-sushi-2/gHmvy1ZcT_6GFqltzmhTJQ,branford-connecticut
https://www.ubereats.com/connecticut/food-delivery/hing-wah-authentic-chinese-restaurant/P2NknzFmRQ6lH-VrWWR-Eg,branford-connecticut
https://www.ubereats.com/connecticut/food-delivery/wood-n-tap-hamden/087RdS7HRTK96cWUNRLowA,branford-connecticut
https://www.ubereats.com/connecticut/food-delivery/el-fogon/IfcJ3cpVTQW2-xwAZPXThA,branford-connecticut
https://www.ubereats.com/connecticut/food-delivery/moxie-breakfast/-r47r5CYSDSAq-7e3TDffw,branford-connecticut
https://www.ubereats.com/connecticut/food-delivery/punjabi-kadhai/qg63m9m9QvSscfPBLwAMPQ,branford-connecticut
https://www.ubereats.com/connecticut/food-delivery/dunkin-15-hemmingway-ave/RhzJkVTgQ-CLY9TRX9Kj9g,branford-connecticut
https://www.ubereats.com/connecticut/food-delivery/marco-pizzeria/AWmeif6dSLGnKY3xJXUdDQ,branford-connecticut
https://www.ubereats.com/connecticut/food-delivery/ibiza-restaurant-hamden/EKcNr9DbQkyq22TztqvR3A,branford-connecticut
https://www.ubereats.com/connecticut/food-delivery/bonchon-chicken-170-college-st/5dFmXrtqQqSgG5gSVSAugQ,branford-connecticut
https://www.ubereats.com/connecticut/food-delivery/hot-dog-university-llc/wTU7ThYrSVu74rah5F6UhQ,branford-connecticut
https://www.ubereats.com/connecticut/food-delivery/taco-town/kxoPlNx5RqOAA9_AbYjh9Q,branford-connecticut
https://www.ubereats.com/connecticut/food-delivery/jersey-mikes-subs-branford-845-west-main-street/o7WBZr-UR6uhSAwtSE8A2g,branford-connecticut
https://www.ubereats.com/connecticut/food-delivery/krauszers-food-store/BuvQAa-0SlS7SMYhcHJLFw,branford-connecticut
https://www.ubereats.com/connecticut/food-delivery/the-ice-cream-shop/N6XXzibSTYWcBMKe0APdag,branford-connecticut
https://www.ubereats.com/connecticut/food-delivery/home/Ckbh5JHxSNumE4kcyPohGQ,branford-connecticut
https://www.ubereats.com/connecticut/food-delivery/york-street-noodle-house/nRfk7KCQTMKpisrP6RrxLw,branford-connecticut
https://www.ubereats.com/connecticut/food-delivery/the-rib-house-restaurant/rWAqEmQzS2q_XDlNn_C82Q,branford-connecticut
https://www.ubereats.com/connecticut/food-delivery/ricky-ds-rib-shack/hZaxWOPPS8-T0yj5x03Fsg,branford-connecticut
https://www.ubereats.com/connecticut/food-delivery/legend-pizza/6vFFX05pQHuJiPk_QLk82g,branford-connecticut
https://www.ubereats.com/connecticut/food-delivery/elis-branford/C9jlAaf7TH2MQxrEIQQBXA,branford-connecticut
https://www.ubereats.com/connecticut/food-delivery/astudillo-s-place/XYmojxo5R6GmnvVPEfCrfA,branford-connecticut
https://www.ubereats.com/connecticut/food-delivery/olmo-restaurant/sIEx7qaKTCmlcV8axDI5Uw,branford-connecticut
https://www.ubereats.com/connecticut/food-delivery/dunkin-1199-foxon-rd/O4uqjA9HRN-49SGui3qRug,branford-connecticut
https://www.ubereats.com/connecticut/food-delivery/sabor-latino-deli-ct/JIavlZaDSD2jTpbYOnnhFw,branford-connecticut
https://www.ubereats.com/connecticut/food-delivery/poke-cape/_z__81CBTwi1C47nPQDC2A,branford-connecticut
https://www.ubereats.com/connecticut/food-delivery/jordans-hot-dogs-%26-mac/d4JWWlXATYec8IUyeQ6NDA,branford-connecticut
https://www.ubereats.com/connecticut/food-delivery/anaya-sushi-%26-ramen/JbMINEJXRAaIyMsoHX3tWQ,branford-connecticut
https://www.ubereats.com/connecticut/food-delivery/the-halal-guys-906-chapel-st-new-haven-ct/9d-C-UOKSB-hplNi8NXApg,branford-connecticut
https://www.ubereats.com/connecticut/food-delivery/september-in-bangkok/zT_y-RLAQHyGbS1-3j5OVg,branford-connecticut
https://www.ubereats.com/connecticut/food-delivery/noodle-shack/BPZkN4VlTzmCaR-VhktyxQ,branford-connecticut
https://www.ubereats.com/connecticut/food-delivery/burger-king-644-campbell-avenue/J7PGTGsxSqWrpTpTGIBm7g,branford-connecticut
https://www.ubereats.com/connecticut/food-delivery/my-country-latin-restaurant/d77dAxZBThKnnIewrZj1Ng,branford-connecticut
https://www.ubereats.com/connecticut/food-delivery/da-carmines/OlI0LpQESeCK9FbraOiduw,branford-connecticut
https://www.ubereats.com/connecticut/food-delivery/p-%26-m-fine-foods/zqmUItlCQdWrlGtW110Tog,branford-connecticut
https://www.ubereats.com/connecticut/food-delivery/dog-house-grill-and-ice-cream-parlor/QYQ0X1W4RQSuXCNSoI-eGw,branford-connecticut
https://www.ubereats.com/connecticut/food-delivery/the-supreme-grill/f-brNZbpTqSbW72I2SNQvA,branford-connecticut
https://www.ubereats.com/connecticut/food-delivery/mediterranea/1I0XgumeSGuZZb40oyVBHA,branford-connecticut
https://www.ubereats.com/connecticut/food-delivery/buca-trattoria/kdzRb22SS7eDLBWdzrI3Iw,branford-connecticut
https://www.ubereats.com/connecticut/food-delivery/darbar-india/FsWHd6AlR1qkiWQ2S8WsDA,branford-connecticut
https://www.ubereats.com/connecticut/food-delivery/ray-and-mikes-dairy-%26-deli/Mzs6HpcdQRulDUYrb2kaeg,branford-connecticut
https://www.ubereats.com/connecticut/food-delivery/chicky-nuggs/q7JgNGarSlOquz6je9l7xQ,branford-connecticut
https://www.ubereats.com/connecticut/food-delivery/five-guys-ct-0619-91-church-st/p4YKrrDtR8q3M9Wxu-wxqg,branford-connecticut
https://www.ubereats.com/connecticut/food-delivery/coffe-con-cannella/KHD0g_aaQFy0--hCF3vq2g,branford-connecticut
https://www.ubereats.com/connecticut/food-delivery/chipotle-mexican-grill-910-chapel-st/ZfPGQZEERZGn5Bj27CslHw,branford-connecticut
https://www.ubereats.com/connecticut/food-delivery/suibian/PDCM72pkTem-XR780-RAFQ,branford-connecticut
https://www.ubereats.com/connecticut/food-delivery/dunkin-91-frontage-rd/bnjAI8CwRbaMcbakfB8IBA,branford-connecticut
https://www.ubereats.com/connecticut/food-delivery/the-whale-tea/InbR9W5DT2-NnY-Kr6agJw,branford-connecticut
https://www.ubereats.com/connecticut/food-delivery/dunkin-interstate-95-northbound/twxK0FR9Q7-RHE3Ij82Gfg,branford-connecticut
https://www.ubereats.com/connecticut/food-delivery/b-natural-cafe/nOiPemhmQpSYMWTQtKHuQg,branford-connecticut
https://www.ubereats.com/connecticut/food-delivery/56-diner/uAdxYmJRRzKVWJvYwjD24g,branford-connecticut
https://www.ubereats.com/connecticut/food-delivery/annex-pizza/zf76Wv1rTfiQigtT5_Lpug,branford-connecticut
https://www.ubereats.com/connecticut/food-delivery/sesame-falafel/UAH2bMbdSQuzRKkZH_CQ8w,branford-connecticut
https://www.ubereats.com/connecticut/food-delivery/subway-199-main-st/Uukma9aJR9mPLkxHwqMLXw,branford-connecticut
https://www.ubereats.com/connecticut/food-delivery/five-guys-ct-0274-75-amity-rd/7qSi30dIRaudk0ZY9W0TfA,branford-connecticut
https://www.ubereats.com/connecticut/food-delivery/sbarro-pizza-50-union-ave/qIylJ3ACQIOVFZ4mP-VbPA,branford-connecticut
https://www.ubereats.com/connecticut/food-delivery/daiko-japanese-restaurant-%26-jerry-sans-sushi-bar/tJqIViyeTbWonDtLAvfn0w,branford-connecticut
https://www.ubereats.com/connecticut/food-delivery/king-chef-chinese/mYvAJnMEQz25Nvi7xz4cIQ,branford-connecticut
https://www.ubereats.com/connecticut/food-delivery/ali-babas-fusion-new-haven/jU7h3DTtSce4HonBXwDgZA,branford-connecticut
https://www.ubereats.com/connecticut/food-delivery/pokemoto-hamden/6q1ednyjTuyqdqu--K_J7w,branford-connecticut
https://www.ubereats.com/connecticut/food-delivery/genaros-restaurant-and-pizza/cuUlGnLVRJ2vgJ7EyWb75Q,branford-connecticut
https://www.ubereats.com/connecticut/food-delivery/torals-restaurant/WevTugqDQGClmeF_2al-tA,branford-connecticut
https://www.ubereats.com/connecticut/food-delivery/boiling-soho/ho8BxWLYQmWlUDUYagctsQ,branford-connecticut
https://www.ubereats.com/connecticut/food-delivery/lenas-cafe-and-confections/sNDSMUjbTzqiZmwnsneq0g,branford-connecticut
https://www.ubereats.com/connecticut/food-delivery/dennys-487-sawmill-rd/l_117GgGS4-mZcIboYlmQw,branford-connecticut
https://www.ubereats.com/connecticut/food-delivery/wing-madness-new-haven/-idTibxESdO9I7bf9y-grQ,branford-connecticut
https://www.ubereats.com/connecticut/food-delivery/queens-deli/lvEdXvg2Rv-iSNT3LFbCGg,branford-connecticut
https://www.ubereats.com/connecticut/food-delivery/katalinas-bakery/EuPBkf4wSZmrdU3kG3qPlg,branford-connecticut
https://www.ubereats.com/connecticut/food-delivery/meat-%26-co/SugbxxexSQuPMSSUQL5i3A,branford-connecticut
https://www.ubereats.com/connecticut/food-delivery/mcdonalds-branford-w-main/cDRA6LI-SmyrM1v0p8F-oQ,branford-connecticut
https://www.ubereats.com/connecticut/food-delivery/fresco-market/c2tivZzzTgi0YYkc6fwtQw,branford-connecticut
https://www.ubereats.com/connecticut/food-delivery/p-%26-m-orange-street-market/LzAnd9KpQimLePfLjfy5og,branford-connecticut
https://www.ubereats.com/connecticut/food-delivery/wayback-burgers-hamden/e9RqW1PiSwaZSa-Ri3cHbg,branford-connecticut
https://www.ubereats.com/connecticut/food-delivery/el-poblano-mexican-food/0zQ5I-2eTCmFB0jNfBow-g,branford-connecticut
https://www.ubereats.com/connecticut/food-delivery/g-zen/CmmAp66xTBynn_swpfgkOQ,branford-connecticut
https://www.ubereats.com/connecticut/food-delivery/corner-stop-deli/ZxYG6RmpSICG7KjYtvn8Nw,branford-connecticut
https://www.ubereats.com/connecticut/food-delivery/gotmeals/p4Xi14nSS4uI_m4SQWqlrg,branford-connecticut
https://www.ubereats.com/connecticut/food-delivery/anthony-johns-pizzaria/Z0MDr7-3QXujawuGl7wAHQ,branford-connecticut
https://www.ubereats.com/connecticut/food-delivery/kfc-650-east-main-street/zlvYpQAtQ3GjP29Vfgvr4g,branford-connecticut
https://www.ubereats.com/connecticut/food-delivery/thai-kitchen/_I_TM8lgTXyw5mOTuzBYJg,branford-connecticut
https://www.ubereats.com/connecticut/food-delivery/scarpellinos-restaurant/jkUXZr1KQn-bUrpFn9lQZQ,branford-connecticut
https://www.ubereats.com/connecticut/food-delivery/donde-el-paisa-restaurant/3s_9dfyNR6i9Ws22BP2e1A,branford-connecticut
https://www.ubereats.com/connecticut/food-delivery/chuan-du-hot-pot/6MV18RMMSgGZqjlmm_JKOg,branford-connecticut
https://www.ubereats.com/connecticut/food-delivery/kellys-cone-connection/trqGcY1SSAS7KMVs5d0LXA,branford-connecticut
https://www.ubereats.com/connecticut/food-delivery/freskos/LTgrM5pLSnq53hVN2GSvZg,branford-connecticut
https://www.ubereats.com/connecticut/food-delivery/gutiz-restaurant-and-bakery-east-haven/ZRTLueEeQreYsLBXRP426g,branford-connecticut
https://www.ubereats.com/connecticut/food-delivery/kfc-311-whalley-avenue/mg2KA3UkR7OEukkEnbn4hw,branford-connecticut
https://www.ubereats.com/connecticut/food-delivery/wendys-65-n-frontage-road/xNvXlaM5RgCboMjzF4ssSg,branford-connecticut
https://www.ubereats.com/connecticut/food-delivery/sabor-peru/rxlOwQn4TMOLkBHs5v6nzQ,branford-connecticut
https://www.ubereats.com/connecticut/food-delivery/dunkin-interstate-95-southbound/Vy8ob5AFTO6r2e41EpMHdw,branford-connecticut
https://www.ubereats.com/connecticut/food-delivery/giovannis-pizzeria-%26-ristorante/cYk0zdanQIWCPS3pqF8NYQ,branford-connecticut
https://www.ubereats.com/connecticut/food-delivery/mcdonalds-new-haven-kimber/VkFSBRwYRXq69OeLgr-W5w,branford-connecticut
https://www.ubereats.com/connecticut/food-delivery/mecha-noodle-bar-new-haven/MxjHApodRPaBOUOS0lbbwA,branford-connecticut
https://www.ubereats.com/connecticut/food-delivery/zois-new-haven/3ScIVwOjQna1G8eVgj8e5g,branford-connecticut
https://www.ubereats.com/connecticut/food-delivery/bears-smokehouse-new-haven/PSgs16w1TQGtIuU75oF59A,branford-connecticut
https://www.ubereats.com/connecticut/food-delivery/greens-and-grains/_RIJ-R2eSzm9TXokr18WYQ,branford-connecticut
https://www.ubereats.com/connecticut/food-delivery/charcoal-chicken-restaurant/Ul_3KU9vTLWO62QS8I9hHg,branford-connecticut
https://www.ubereats.com/connecticut/food-delivery/2-pagoda-chinese-restaurant/mKiZakCsQ1mnjMNITrwCew,branford-connecticut
https://www.ubereats.com/connecticut/food-delivery/dunkin-189-forbes-rd/SjvZ_2m6RRi3Bv0ln7QffQ,branford-connecticut
https://www.ubereats.com/connecticut/food-delivery/greens-and-grains/8VT4Ac9JTGeMeqeURBd37w,branford-connecticut
https://www.ubereats.com/connecticut/food-delivery/pizza-plus-grand-ave/RGoQU4L5QrG-u757qUstKQ,branford-connecticut
https://www.ubereats.com/connecticut/food-delivery/gw-carsons/hgEDz087Sl2V4BTtTP8JsQ,branford-connecticut
https://www.ubereats.com/connecticut/food-delivery/pan-del-cielo-2/hI_Oa1IqQqO8uLUzVNPYpQ,branford-connecticut
https://www.ubereats.com/connecticut/food-delivery/brother-jimmys-bbq-new-haven/sDGYF_eLQ0qiCrj3YklFkA,branford-connecticut
https://www.ubereats.com/connecticut/food-delivery/koon-thai/Xe3LWOHXTQy6gNiUKLAFhA,branford-connecticut
https://www.ubereats.com/connecticut/food-delivery/burgers-%26-wings/FFQTXOMJTFaIU_cWKyFpUA,branford-connecticut
https://www.ubereats.com/connecticut/food-delivery/stop-%26-go-deli-branford/fzubvAWQRjub9pFsew1r-g,branford-connecticut
https://www.ubereats.com/connecticut/food-delivery/unico-latino-grill/0EbweOrOQcSxccbTWoX0-w,branford-connecticut
https://www.ubereats.com/connecticut/food-delivery/ben-%26-jerrys-new-haven/SauuNzY0Qiu6G5W9-NjGjQ,branford-connecticut
https://www.ubereats.com/connecticut/food-delivery/geronimo-southwest-grill-new-haven/NjHrOtTAQ06ICzZuexzdkg,branford-connecticut
https://www.ubereats.com/connecticut/food-delivery/rosso-vino-shore-dr/WNhP6XlGQOSbGzQzNIG_iw,branford-connecticut
https://www.ubereats.com/connecticut/food-delivery/dunkin-320-main-st/19j7gV9zR4m8Rho7N16sBA,branford-connecticut
https://www.ubereats.com/connecticut/food-delivery/rawa/dGLw6KpdR5WWLVWRO4zfcw,branford-connecticut
https://www.ubereats.com/connecticut/food-delivery/burgers-%26-wings/_7AUEBaqTVWID81yj_scyA,branford-connecticut
https://www.ubereats.com/connecticut/food-delivery/caffe-bravo/OgM4htRGRoarWiA2zHmtOg,branford-connecticut
https://www.ubereats.com/connecticut/food-delivery/kfc-451-foxon-boulevard/ki2hL2iTQbmf2gQVnDTa1w,branford-connecticut
https://www.ubereats.com/connecticut/food-delivery/burger-king-390-foxon-boulevard/kL_ijzXCQ3KuhSFRxd2uHA,branford-connecticut
https://www.ubereats.com/connecticut/food-delivery/slice-of-new-haven/vaaOEWnFS0m_NGlTh40z_g,branford-connecticut
https://www.ubereats.com/connecticut/food-delivery/te-amo-tequila-bar-%26-tacos/PAZyyzQIQViP2JISdUPH6w,branford-connecticut
https://www.ubereats.com/connecticut/food-delivery/main-port-fish-west-haven/po6fJibUTmG7XZOB3DGzrA,branford-connecticut
https://www.ubereats.com/connecticut/food-delivery/family-mediterranean-pizza/SQAe16KvRo6UfuQb9ryIBw,branford-connecticut
https://www.ubereats.com/connecticut/food-delivery/sweetcookiebakery/bu7RSWrATb-97x-FGCmMsg,branford-connecticut
https://www.ubereats.com/connecticut/food-delivery/christys-irish-pub/Ad_f8YdtSn-AZIfKRHxbuQ,branford-connecticut
https://www.ubereats.com/connecticut/food-delivery/vivi-bubble-tea-new-haven/8uvYUBWbSfSB0zEcTHvMCw,branford-connecticut
https://www.ubereats.com/connecticut/food-delivery/zaroka-bar-and-restaurant/mhmyDT1KSEWm_vd0lgmx7Q,branford-connecticut
https://www.ubereats.com/connecticut/food-delivery/bar/DBHpr2lXQO2jztCA4QyyXA,branford-connecticut
https://www.ubereats.com/connecticut/food-delivery/boston-market-96-frontage-rd/wRBDXFiNSV2mRz3u2Q5qgw,branford-connecticut
https://www.ubereats.com/connecticut/food-delivery/usa-1-pizza/qrQiz6lxSlmOtzeEOnQXrQ,branford-connecticut
https://www.ubereats.com/connecticut/food-delivery/sprinkles-ice-cream-shoppe/GdXUN3BUR7S1wXHPvE5Jdw,branford-connecticut
https://www.ubereats.com/connecticut/food-delivery/texiko-tequila-bar/d6ZyPYnFQZqI30V-zlLD_w,branford-connecticut
https://www.ubereats.com/connecticut/food-delivery/nicks-luncheonette/w7HCziLJSImbzEM3xXHxow,branford-connecticut
https://www.ubereats.com/connecticut/food-delivery/frankies-of-west-haven/nO2DZ0IKSQy0xpyYdXasfw,branford-connecticut
https://www.ubereats.com/connecticut/food-delivery/tropical-smoothie-cafe-new-haven/ekeq6Bn0QCCB0p9iEAicmw,branford-connecticut
https://www.ubereats.com/connecticut/food-delivery/amici-tavern/T3gshXh2SrKVgzgApcWo9w,branford-connecticut
https://www.ubereats.com/connecticut/food-delivery/middletown-cafe/a6eA-sHSQM6qyF94CSGZ-Q,branford-connecticut
https://www.ubereats.com/connecticut/food-delivery/mad-mikes-cheesesteaks-%26-salads/Gdzy8J-3RQCRuJns_1pSPA,branford-connecticut
https://www.ubereats.com/connecticut/food-delivery/g-cafe-bakery/9BcIlrNPSLODe0nbP2264w,branford-connecticut
https://www.ubereats.com/connecticut/food-delivery/sapori-ditalia/jfPkgtckQYWhehXtDTAH8w,branford-connecticut
https://www.ubereats.com/connecticut/food-delivery/buns-n-dumplings/7QL07wbXT3yb1uLTVQ9Jvw,branford-connecticut
https://www.ubereats.com/connecticut/food-delivery/the-juice-box/HJJXk_8-TDKe9hOkpIxxoQ,branford-connecticut
https://www.ubereats.com/connecticut/food-delivery/ramen-kuro-shiro/RogvGDb1SMmPMDAImmVBCQ,branford-connecticut
https://www.ubereats.com/connecticut/food-delivery/annas-deli-italian-food/2oWFxvgpTWyL7Sygr4znqw,branford-connecticut
https://www.ubereats.com/connecticut/food-delivery/temple-grill/hVEN6yB6SaewFBCLxQa8eg,branford-connecticut
https://www.ubereats.com/connecticut/food-delivery/pizza-plus-hamilton-st/ZAz4m3rGQO-GUfpenrz2rQ,branford-connecticut
https://www.ubereats.com/connecticut/food-delivery/crafted-by-hand-cafe/bqmLY7NxT22Ww2x2-YJ7RQ,branford-connecticut
https://www.ubereats.com/connecticut/food-delivery/zaika-indian-cuisine/N2HvJU6nTHSPEjznxGtVHQ,branford-connecticut
https://www.ubereats.com/connecticut/food-delivery/new-havens-steamed/uj6DuImhSBqR0-Jhe2FBBg,branford-connecticut
https://www.ubereats.com/connecticut/food-delivery/j%26j-restaurant-new-haven/nbW3dxpNT6CHzjYd7p85Vg,branford-connecticut
https://www.ubereats.com/connecticut/food-delivery/la-luna-ristorante/0eOCbBNZTsyUQN9yhTtjvQ,branford-connecticut
https://www.ubereats.com/connecticut/food-delivery/luigis-apizza/1gckmrvFQh-m8iurbSKDRA,branford-connecticut
https://www.ubereats.com/connecticut/food-delivery/new-haven-salad-shop/C2fB-5IESpqBJSXx09-UCA,branford-connecticut
https://www.ubereats.com/connecticut/food-delivery/burger-king-880-west-main/0U23rVxLTgmjxEpR4zdmdQ,branford-connecticut
https://www.ubereats.com/connecticut/food-delivery/kruaszers-food-store/XDYZvCxmQRSu5TLbXmYfaw,branford-connecticut
https://www.ubereats.com/connecticut/food-delivery/mac-%26-potato/THl2UpSBQ4iPplYKxt6Uow,branford-connecticut
https://www.ubereats.com/connecticut/food-delivery/main-garden-chinese-restaurant/PKaWOH_BTNGNbnu0BYN9hg,branford-connecticut
https://www.ubereats.com/connecticut/food-delivery/coal-and-daisies/dyyTjbe_TmazfLEF4u94ug,branford-connecticut
https://www.ubereats.com/connecticut/food-delivery/liberty-pizza/u2vuiK52ROKHFEr8lRYKRw,branford-connecticut
https://www.ubereats.com/connecticut/food-delivery/stop-and-go-deli/sFfojGnfSfmtJVI9AmJ7Nw,branford-connecticut
https://www.ubereats.com/connecticut/food-delivery/blessings-ii-go/O-E8CEDGRNyd_0dqQ8DuTA,branford-connecticut
https://www.ubereats.com/connecticut/food-delivery/lumi-bento/70LNqWvMTQWxPcVuZMA2aw,branford-connecticut
https://www.ubereats.com/connecticut/food-delivery/ristorante-tre-scalini/6t7L3V5BTcO3QEjb8VBZpQ,branford-connecticut
https://www.ubereats.com/connecticut/food-delivery/grand-and-atwater-deli/7YZbyTAzQEiLNuX9_61ukg,branford-connecticut
https://www.ubereats.com/connecticut/food-delivery/lumi-asian-fusion/A589BYDdQ4qH7MpXQnmdqA,branford-connecticut
https://www.ubereats.com/connecticut/food-delivery/avelinos-pizza-restaurant/o0vQNLnfRJK6JL43xqxUrg,branford-connecticut
https://www.ubereats.com/connecticut/food-delivery/john-and-marias-pizzeria/KGe5YoMuSvOoc9gcSj7iXg,branford-connecticut
https://www.ubereats.com/connecticut/food-delivery/honeyspot-pizza3-llc/TyfQOtCaRjy2BqKOCASGow,branford-connecticut
https://www.ubereats.com/connecticut/food-delivery/pattys-caribbean-cuisine/thdRA1HjQf2HH0YiYqH90Q,branford-connecticut
https://www.ubereats.com/connecticut/food-delivery/tandoor/BeflsxOuRSySsdJfppKfXQ,branford-connecticut
https://www.ubereats.com/connecticut/food-delivery/codys-diner/KhDo2zq0Slq8VQQkJqD3yQ,branford-connecticut
https://www.ubereats.com/connecticut/food-delivery/state-garden-chinese-2/vL0WMhi0TJ6z2E8lQrD8kA,branford-connecticut
https://www.ubereats.com/connecticut/food-delivery/nutrition-203/gZTZGYOTQQaONJsM7ZMGYQ,branford-connecticut
https://www.ubereats.com/connecticut/food-delivery/dinos-seafood/QvLc5gRpQ4a1qf95kiM5aQ,branford-connecticut
https://www.ubereats.com/connecticut/food-delivery/sandwich-shop/ARyDeoeHSiCY_n5t8UPsZg,branford-connecticut
https://www.ubereats.com/connecticut/food-delivery/popeyes-3-e-industrial-rd/KOYbsBg5Se6cIbuU3mwsUw,branford-connecticut
https://www.ubereats.com/connecticut/food-delivery/brazzas-and-grill/pMk1YweERz2Vjfq6D4QKYw,branford-connecticut
https://www.ubereats.com/connecticut/food-delivery/arepas-bistro/q8iKE4iVTA2uRuCiDbAhXw,branford-connecticut
https://www.ubereats.com/connecticut/food-delivery/victor-junior-subs/Uu_GQEV-SBOWLIV_K6WiGA,branford-connecticut
https://www.ubereats.com/connecticut/food-delivery/chaps-grille/rH1-dHbtTdydSrpIiHcrzQ,branford-connecticut
https://www.ubereats.com/connecticut/food-delivery/wendys-1016-w-main-st/-bcW6zmaT3yBr31dKtNF1w,branford-connecticut
https://www.ubereats.com/connecticut/food-delivery/9-east-hibachi-%26-asian-kitchen/Dz026ooZSxeze3NRYvzNHw,branford-connecticut
https://www.ubereats.com/connecticut/food-delivery/starbucks-branford/QuYvNThTTsehU1ID8Ru0pw,branford-connecticut
https://www.ubereats.com/connecticut/food-delivery/roaa-lebanese-cuisine/Cn4nv39PTxKRhbAylKwvUg,branford-connecticut
https://www.ubereats.com/connecticut/food-delivery/taco-bell-355-foxon-blvd/aJ7WOl58RMynUqWRwmsWIw,branford-connecticut
https://www.ubereats.com/connecticut/food-delivery/don-armando/tlhvUAn5RVCRdje5QY8a-Q,branford-connecticut
https://www.ubereats.com/connecticut/food-delivery/ixtapa-grill-family-mexican-restaurant/tqpvx1GbRO6VsrbRy_tifw,branford-connecticut
https://www.ubereats.com/connecticut/food-delivery/rice-pot-thai-cuisine/ekUsek22QgCRhyeJSIO2Gg,branford-connecticut
https://www.ubereats.com/connecticut/food-delivery/five-guys-ct-0612-845-west-main-st/LpeZFMl0QRSQWWQ5Y-OuxA,branford-connecticut
https://www.ubereats.com/connecticut/food-delivery/arbys-267-washington-ave/aMBLSXUjRLyyB7uRVNT-4Q,branford-connecticut
https://www.ubereats.com/connecticut/food-delivery/parthenon-diner-restaurant/QQRdm9fmSvSpYwvYOfAkPQ,branford-connecticut
https://www.ubereats.com/connecticut/food-delivery/tavern-on-state/6Xr33ZKjSlWqJKlYFsodyA,branford-connecticut
https://www.ubereats.com/connecticut/food-delivery/havenly-treats/p0eeEipcSiKLHKLrSaG5sg,branford-connecticut
https://www.ubereats.com/connecticut/food-delivery/chipotle-mexican-grill-2-commercial-pkwy/eyw6iHo9T4mduEiNs_N_Fg,branford-connecticut
https://www.ubereats.com/connecticut/food-delivery/la-esquina-del-mofongo/5uVr3pKETGaHAbaLbNtoVw,branford-connecticut
https://www.ubereats.com/connecticut/food-delivery/moon-rocks-gourmet-cookies/AI6DRDTeTZGkaAZOJUVQVw,branford-connecticut
https://www.ubereats.com/connecticut/food-delivery/tollis-apizza-%26-restaurant/1SexBO0WSvSRqnLgjys0Tg,branford-connecticut
https://www.ubereats.com/connecticut/food-delivery/cast-iron-chef-chop-house-%26-oyster-bar/u9e5rXGbRIC-GqeWQ18vrg,branford-connecticut
https://www.ubereats.com/connecticut/food-delivery/the-halal-guys-906-chapel-st/_IYZ5yGaSdSCOckM0g5DFg,branford-connecticut
https://www.ubereats.com/connecticut/food-delivery/bnatural-kitchen/L5TwhnicSv-w3OdYfRQKVg,branford-connecticut
https://www.ubereats.com/connecticut/food-delivery/subway-branford/lzzTePoWT12wtN5fthhg4Q,branford-connecticut
https://www.ubereats.com/connecticut/food-delivery/donovans-reef-restaurant-%26-catering-main-st/2cvphHZcTYeI5mmezqLtyw,branford-connecticut
https://www.ubereats.com/connecticut/food-delivery/local-kitchen-%26-beer-bar-branford/AHZduxU0Q46ikpYETXMe4Q,branford-connecticut
https://www.ubereats.com/connecticut/food-delivery/cilantro-fresh-mexican-grill/Hbw2iDVKRsSy5YIlCcitag,branford-connecticut
https://www.ubereats.com/connecticut/food-delivery/shoreline-prime-meats-%26-deli/Gme7_G6DQqi0Q_R3OxJZvA,branford-connecticut
https://www.ubereats.com/connecticut/food-delivery/three-brothers-diner-hamden-ct/sW1XteNyTk-csbNlp7gDYA,branford-connecticut
https://www.ubereats.com/connecticut/food-delivery/pho-ketkeo/onMNl-CBRyCzotIYREAJpg,branford-connecticut
https://www.ubereats.com/connecticut/food-delivery/dunkin-889-state-st/G7edU_D7QL6Ylqz3sZr6Yw,branford-connecticut
https://www.ubereats.com/connecticut/food-delivery/vasija-de-barro/5oxI8yifSau3-j5reDPbfg,branford-connecticut
https://www.ubereats.com/connecticut/food-delivery/south-bay-new-haven/u4iC43pzT2qJ2KCyqs39Vg,branford-connecticut
https://www.ubereats.com/connecticut/food-delivery/barcade-new-haven/_4RORsdUSGu-1PhZ46CdhQ,branford-connecticut
https://www.ubereats.com/connecticut/food-delivery/christopher-martins-restaurant/aiZ6svZPRiyJaP0mcZ51nQ,branford-connecticut
https://www.ubereats.com/connecticut/food-delivery/tikkaway-fresh-indian-grill/7Le9JZ0mSKaoGmh3u2Fqrw,branford-connecticut
https://www.ubereats.com/connecticut/food-delivery/donut-crazy-branford/fIatF6DmSaOr7fgnU9Re5g,branford-connecticut
https://www.ubereats.com/connecticut/food-delivery/mamouns-falafel-new-haven/qkZHcT8XSHa3PTsBsCmOXw,branford-connecticut
https://www.ubereats.com/connecticut/food-delivery/buffalo-wild-wings-350-universal-dr-n/BY4lVgwWQlyHlkRhPoiIKA,branford-connecticut
https://www.ubereats.com/connecticut/food-delivery/house-of-naan/GRqb8exvTlWW0cBiHPnArw,branford-connecticut
https://www.ubereats.com/connecticut/food-delivery/the-sitting-room/rktALmVMQQSJ7BXizkNFbw,branford-connecticut
https://www.ubereats.com/connecticut/food-delivery/capotortos-apizza-center/2UpvPnSUSsGbFo10LSILnQ,branford-connecticut
https://www.ubereats.com/connecticut/food-delivery/guacamoles-mexican-cuisine/GC3_Njf3Rs2hpJcUsF-6Bg,branford-connecticut
https://www.ubereats.com/connecticut/food-delivery/shake-shack-986-chapel-street/AeuBJ09kThav7u0p9wVnaQ,branford-connecticut
https://www.ubereats.com/connecticut/food-delivery/outback-steakhouse-345-washington-street-big-y-plaza/tBKJFEj2QG2A9rgMBX7iwQ,branford-connecticut
https://www.ubereats.com/connecticut/food-delivery/kuro-shiro/eNoIKZiOR-iQoGD_x-RYaA,branford-connecticut
https://www.ubereats.com/connecticut/food-delivery/papas-wings-%26-seafood/cc-ao3TvTPKeDgSJWrOA8Q,branford-connecticut
https://www.ubereats.com/connecticut/food-delivery/pitaziki-mediterranean-grill/rzt6gbg-QPmSe2Yu0GYV0w,branford-connecticut
https://www.ubereats.com/connecticut/food-delivery/hornets-nest-deli/YT5ZhMfFTEu6wTMeqGFJaA,branford-connecticut
https://www.ubereats.com/connecticut/food-delivery/tomatillo-taco-joint-new-haven/4ObIhXrZRDSpLR_agD6hMg,branford-connecticut
https://www.ubereats.com/connecticut/food-delivery/pokemoto-audubon-st-new-haven-ct/1xXUqsapQv2SuKKcDtPnbQ,branford-connecticut
https://www.ubereats.com/connecticut/food-delivery/g-cafe-bakery/3SluiGbwQmiB1sW5YlS6cw,branford-connecticut
https://www.ubereats.com/connecticut/food-delivery/johnny-salamis-worldclass-sandwiches/9j2FeQmaQl2EUzMKrHFLBw,branford-connecticut
https://www.ubereats.com/connecticut/food-delivery/strega-restaurant/YPT0xeNrTMqOWK-pmyn41A,branford-connecticut
https://www.ubereats.com/connecticut/food-delivery/allegras-cafe/jO6eSJzpTZWOkYBvKPpHGg,branford-connecticut
https://www.ubereats.com/connecticut/food-delivery/mariscos-mexican-restaurant/FBXAfPQ_TAWaGcfGixYUSQ,branford-connecticut
https://www.ubereats.com/connecticut/food-delivery/marco-polo-pizza-%26-italian/-XTETUXeR-mtGLouGHeBBw,branford-connecticut
https://www.ubereats.com/connecticut/food-delivery/el-rincon-peruano/TEGXrzGQTqav5U6PO4Nl8g,branford-connecticut
https://www.ubereats.com/connecticut/food-delivery/assaggio/RtBv56ZmTsCv8xckkue88g,branford-connecticut
https://www.ubereats.com/connecticut/food-delivery/chopsticks-kitchen/fMxqiBwoR0a3-7WAkxJysQ,branford-connecticut
https://www.ubereats.com/connecticut/food-delivery/dunkin-500-foxon-rd/yLaNbjUkSC2NvkqhzQ-uYw,branford-connecticut
https://www.ubereats.com/connecticut/food-delivery/garden-catering-new-haven/DF3tKXhsRwKmKIFaIccyEg,branford-connecticut
https://www.ubereats.com/connecticut/food-delivery/salad-shop/Kz3ySe73RCGSRxVRe3zvqA,branford-connecticut
https://www.ubereats.com/connecticut/food-delivery/mcdonalds-e-haven-main/eQFng7UkTeia-p6-Ww0AMg,branford-connecticut
https://www.ubereats.com/connecticut/food-delivery/outback-steakhouse-132-marsh-hill-road/rj38WMw3RvOhtzys-vM3vw,branford-connecticut
https://www.ubereats.com/connecticut/food-delivery/tacos-la-patrona/wqd7fdMNRRWCb4VVcu6DTg,branford-connecticut
https://www.ubereats.com/connecticut/food-delivery/saray-turkish-restaurant/JBG3FFeKQf-d1_msxKe_Ug,branford-connecticut
https://www.ubereats.com/connecticut/food-delivery/cafe-amici/ER4VgdlwQQ2fZVj1WfqdzQ,branford-connecticut
https://www.ubereats.com/connecticut/food-delivery/island-vybz-caribbean-restaurant-lounge/Pc6m5E_DR2Sd8JmZpVgYXw,branford-connecticut
https://www.ubereats.com/connecticut/food-delivery/red-lobster-320-universal-drive-north/EcIrD-pxSzSlaFlLK4aapQ,branford-connecticut
https://www.ubereats.com/connecticut/food-delivery/taco-los-michoacons/-w7Y5CGKTGmUeXLImBQLAQ,branford-connecticut
https://www.ubereats.com/connecticut/food-delivery/sabor-express/vzqMG2rsQAirPaP4SxFGUQ,branford-connecticut
https://www.ubereats.com/connecticut/food-delivery/thai-smile-restaurant/GoDp2ZNNRaG1ZpprNuG2IA,branford-connecticut
https://www.ubereats.com/connecticut/food-delivery/salsas-authentic-mexican-restaurant/mxaWi9cIR6evxiM908olqw,branford-connecticut
https://www.ubereats.com/connecticut/food-delivery/prime-16/cNsJ_S-nSAyJ04IxcIPx2Q,branford-connecticut
https://www.ubereats.com/connecticut/food-delivery/crown-fried-chicken-%26-fish/evRCIlylTtazJen8954vwQ,branford-connecticut
https://www.ubereats.com/connecticut/food-delivery/starbucks-new-haven-church-street/-rQQpWJzT_mfknE4T_shuQ,branford-connecticut
