url,city
https://www.ubereats.com/new-jersey/food-delivery/dunkin-1007-route-70/CCYPj4zRQqG__kE3YsXZNg,brick-new-jersey
https://www.ubereats.com/new-jersey/food-delivery/authentic-kosher-chinese/dDexqTEISke1EmSULvf-FQ,brick-new-jersey
https://www.ubereats.com/new-jersey/food-delivery/pasquallys-pizza-%26-wings-28-brick-plaza/E85uGGJ8RvSziwu8zY3m6g,brick-new-jersey
https://www.ubereats.com/new-jersey/food-delivery/china-express/w_NBEUeITEOMT7a3gQ2g1g,brick-new-jersey
https://www.ubereats.com/new-jersey/food-delivery/im-a-local-beach-house-cafe/fdKmet_DSt6QBFkiM9N5PA,brick-new-jersey
https://www.ubereats.com/new-jersey/food-delivery/cuzzins-pizza-toms-river/8vXNVBO_Qx-mthgGV0qJoQ,brick-new-jersey
https://www.ubereats.com/new-jersey/food-delivery/brick-diner/dDrsxAO6Tzq7m1O9dGQTKg,brick-new-jersey
https://www.ubereats.com/new-jersey/food-delivery/dairy-queen-treat-493-us-hwy-9/DzDuZmkLSbqwoJaJqkClNA,brick-new-jersey
https://www.ubereats.com/new-jersey/food-delivery/manhattan-bagel-1822a-hooper-ave/PAuZJU4bRma_d-zM2giIHw,brick-new-jersey
https://www.ubereats.com/new-jersey/food-delivery/taco-bell-560-brick-blvd/GSc1QVF6T6C70suIidar7A,brick-new-jersey
https://www.ubereats.com/new-jersey/food-delivery/jersey-mikes-1933-highway-35-%26-allaire-road/-eJVm54HRQmPP4CIWo1cow,brick-new-jersey
https://www.ubereats.com/new-jersey/food-delivery/alfredos-pizzeria-%26-restaurant/fDpOF2moTjSJH2ZPeA_xNQ,brick-new-jersey
https://www.ubereats.com/new-jersey/food-delivery/dairy-queen-treat-931-fischer-blvd-ste-9/aqV6FxPMREGIq2w8mnhcPw,brick-new-jersey
https://www.ubereats.com/new-jersey/food-delivery/tacoholics-brick/LTRCXjq9QIyO9bFyl83zRg,brick-new-jersey
https://www.ubereats.com/new-jersey/food-delivery/the-greenery-juice-bar-and-cafe/sDbOGdYbRuS_TRurk2RajA,brick-new-jersey
https://www.ubereats.com/new-jersey/food-delivery/el-tenampa/J315iSbvQLSfhbyRSyDEtA,brick-new-jersey
https://www.ubereats.com/new-jersey/food-delivery/auntie-annes-950-route-37-west/KE9Y9P7SRB2wcoycSznsXw,brick-new-jersey
https://www.ubereats.com/new-jersey/food-delivery/turning-point-of-sea-girt/eKZS1xSXRXOH-V6DC6fVZg,brick-new-jersey
https://www.ubereats.com/new-jersey/food-delivery/tio-juans-margaritas-mexican-restaurant/EZoz6D99S4KP7WMv7m2d_A,brick-new-jersey
https://www.ubereats.com/new-jersey/food-delivery/moes-southwest-grill-1-route-37-west/eJxcxH4lS4GHjt71LB0pRg,brick-new-jersey
https://www.ubereats.com/new-jersey/food-delivery/157-applebees-toms-river/JP6W-A82QMemDcRYjmjHAQ,brick-new-jersey
https://www.ubereats.com/new-jersey/food-delivery/divi-tree-coffee/29HB6CXMRouqxV_LwESMHQ,brick-new-jersey
https://www.ubereats.com/new-jersey/food-delivery/taco-bell-1402-highway-37-e/Kqsed8M_SG27rZGzcfHYXw,brick-new-jersey
https://www.ubereats.com/new-jersey/food-delivery/dunkin-2430-bridge-ave/97xrZXlJTmCrEHh_0eQU1w,brick-new-jersey
https://www.ubereats.com/new-jersey/food-delivery/pizzano/m-cJcdqJTOyODoVHPWlRsA,brick-new-jersey
https://www.ubereats.com/new-jersey/food-delivery/allstar-bagel-manchester/x1WJ5jksSi-rcUxj4xaJuw,brick-new-jersey
https://www.ubereats.com/new-jersey/food-delivery/hoagie-jos/vh7jLzAWQiOgMxrWGgjQlQ,brick-new-jersey
https://www.ubereats.com/new-jersey/food-delivery/the-kitchen-%40-35/V8tfKyJ2Q2eEjwThM_UurQ,brick-new-jersey
https://www.ubereats.com/new-jersey/food-delivery/pats-little-deli/JWoskj4YRkezY9LOeds_mQ,brick-new-jersey
https://www.ubereats.com/new-jersey/food-delivery/friendlys-981-route-37-west/L_b4AXyhSPKugy6YbR3xhQ,brick-new-jersey
https://www.ubereats.com/new-jersey/food-delivery/glatt-gourmet/YLJ9snsrQe2j3BxVFYbq4A,brick-new-jersey
https://www.ubereats.com/new-jersey/food-delivery/the-upper-crust-on-kennedy-blvd/jx1DRlOWQAyhwMxLJt3zHQ,brick-new-jersey
https://www.ubereats.com/new-jersey/food-delivery/glatt-bite-e-kennedy-blvd/CN9YIBfWTfShzs5dHbJMOA,brick-new-jersey
https://www.ubereats.com/new-jersey/food-delivery/sbarro-1201-hooper-ave-%231128-ocean-county-mall/gVcz36n-SbiAKeuVlT_htw,brick-new-jersey
https://www.ubereats.com/new-jersey/food-delivery/jersey-farms-food-store/MOexALIbTtOx1lZvUOQGkA,brick-new-jersey
https://www.ubereats.com/new-jersey/food-delivery/jersey-mikes-subs-1-route-37-west/CbwL8A56QwWnsx6PIlSQiQ,brick-new-jersey
https://www.ubereats.com/new-jersey/food-delivery/philly-pretzel-factory-1845-hooper-ave/Tx0GJ1L_Q-GLd2c7MOKUPQ,brick-new-jersey
https://www.ubereats.com/new-jersey/food-delivery/chipotle-mexican-grill-1258-hooper-ave/R8eXBV-6TWu8jh79-_uwnw,brick-new-jersey
https://www.ubereats.com/new-jersey/food-delivery/caribbean-vibes/MibaqFQWT0qtvcsbv-m_iQ,brick-new-jersey
https://www.ubereats.com/new-jersey/food-delivery/boston-market-141-route-37-east/EjjJy-VcSlCuXj2RxXRJ3w,brick-new-jersey
https://www.ubereats.com/new-jersey/food-delivery/pop-up-pizza/ZZ2c49sjQoiaT5qy5om8DA,brick-new-jersey
https://www.ubereats.com/new-jersey/food-delivery/green-bowl/Nr1FTyvSSjuXOSaef3p76w,brick-new-jersey
https://www.ubereats.com/new-jersey/food-delivery/the-corner-post-diner/Ti98VHioRd-vePLYtbapsA,brick-new-jersey
https://www.ubereats.com/new-jersey/food-delivery/napoli-pizza/VXLyAZLZT8qB8mSu_VlXGQ,brick-new-jersey
https://www.ubereats.com/new-jersey/food-delivery/joes-bagel-%26-grill-brick/VMTsnxJzStCL-mo_NU5dRg,brick-new-jersey
https://www.ubereats.com/new-jersey/food-delivery/buffalo-wild-wings-2-route-37-w-%23-c-4/2ZVLNcCNS6ST085MF6Un9w,brick-new-jersey
https://www.ubereats.com/new-jersey/food-delivery/smashburger-1060-cedar-bridge-ave/HlWq5Sm3SSO4fOZwlilQQg,brick-new-jersey
https://www.ubereats.com/new-jersey/food-delivery/urban-coalhouse-pizza-%26-bar-brick/4HoIUD9dSkqzTtNR--u_uQ,brick-new-jersey
https://www.ubereats.com/new-jersey/food-delivery/village-pizza-east-county-line/nbo0I7NKTQGztUeHvBQrFg,brick-new-jersey
https://www.ubereats.com/new-jersey/food-delivery/friendlys-1210-hooper-avenue/uZhGYcj0QAKKsjvlRN-psw,brick-new-jersey
https://www.ubereats.com/new-jersey/food-delivery/ruby-tuesday-1311-rt-37-west/yJiFLByyRhS5NR_h5A4YAg,brick-new-jersey
https://www.ubereats.com/new-jersey/food-delivery/bagel-basket-cafe/A2oMpAGeQESPfD7MqH1lVA,brick-new-jersey
https://www.ubereats.com/new-jersey/food-delivery/dunkin-13-lanes-mill-rd/YuyySp90RRKs9qUza7OlKw,brick-new-jersey
https://www.ubereats.com/new-jersey/food-delivery/sushi-nation/Oi52zebQQEWd_Njpuvd1ZA,brick-new-jersey
https://www.ubereats.com/new-jersey/food-delivery/frutta-bowls-wall/qvjFrrX3ROGa1bQ9GBTyGg,brick-new-jersey
https://www.ubereats.com/new-jersey/food-delivery/kumo-asian-fusion/bkUPrmb-QKeOSQ8z1pIvxA,brick-new-jersey
https://www.ubereats.com/new-jersey/food-delivery/cornerstone-kitchen-%26-tap/IFa-MQ24QDqD4x3qVPLaWQ,brick-new-jersey
https://www.ubereats.com/new-jersey/food-delivery/cluck-u-chicken-wall/0sftDspSQYiollNfQbid-A,brick-new-jersey
https://www.ubereats.com/new-jersey/food-delivery/burkes-market/T_MLKXCxSICzA1IkCeKURg,brick-new-jersey
https://www.ubereats.com/new-jersey/food-delivery/falafel-brothers/dY6BpuOwT2ODka0BLpaMDw,brick-new-jersey
https://www.ubereats.com/new-jersey/food-delivery/lexylicious-ice-cream/nar2M-EOSAyK8UPcaAr97Q,brick-new-jersey
https://www.ubereats.com/new-jersey/food-delivery/dunkin-4862-route-9/eMINk_s3Snqv-bQzB1BMVg,brick-new-jersey
https://www.ubereats.com/new-jersey/food-delivery/jersey-mikes-2627-highway-70/JCvnLCf8Tnm9qFiV_V5rQA,brick-new-jersey
https://www.ubereats.com/new-jersey/food-delivery/wawa-917-2432-highway-%2335/MmqmB7pOQWO68lX1o2t6yQ,brick-new-jersey
https://www.ubereats.com/new-jersey/food-delivery/el-campesino-mexican-restaurant/S_ZuNbUQQeSNuh_kZrrryg,brick-new-jersey
https://www.ubereats.com/new-jersey/food-delivery/qua-pizza/DNzFuc2BS7ezTcbFK56WVw,brick-new-jersey
https://www.ubereats.com/new-jersey/food-delivery/espositos-italian-cuisine-%26-pizza/Eqmx8h61RFaEXOoJt1A03Q,brick-new-jersey
https://www.ubereats.com/new-jersey/food-delivery/south-side-sandwich-shop-and-smokehouse/qI53g99mQBm_AS8WL7V43g,brick-new-jersey
https://www.ubereats.com/new-jersey/food-delivery/the-shore-house-bar-and-grill/2x-N93ngS_mxZ8rj7LITQg,brick-new-jersey
https://www.ubereats.com/new-jersey/food-delivery/local-cafe/WmjkeHNZTkS5uoF-yqQwEw,brick-new-jersey
https://www.ubereats.com/new-jersey/food-delivery/lorenzos-pizza/HH9BSdfOQNSthgppNmVWeg,brick-new-jersey
https://www.ubereats.com/new-jersey/food-delivery/artisans-brewery-and-italian-grill/fejbTcowQfGw3tzGYzSUeA,brick-new-jersey
https://www.ubereats.com/new-jersey/food-delivery/wendys-1600-richmond-ave/IciLX2XsSgKo6ExhNkqVOw,brick-new-jersey
https://www.ubereats.com/new-jersey/food-delivery/red-robin-664-1054-cedar-bridge-road/ynbUPMpBT_e_XB4HC0X1pQ,brick-new-jersey
https://www.ubereats.com/new-jersey/food-delivery/joseph-and-david/VjJsV9J-RsW-N7MMRdrfUg,brick-new-jersey
https://www.ubereats.com/new-jersey/food-delivery/raw-poke-bar/tk73mt3qS_qR6fjPbNl0lQ,brick-new-jersey
https://www.ubereats.com/new-jersey/food-delivery/the-ice-cream-shop/-vsRrmNlRm-PZC5r9kK46w,brick-new-jersey
https://www.ubereats.com/new-jersey/food-delivery/dunkin-1039-route-88/1dqKWPIdQEe0HYaVpMAbiA,brick-new-jersey
https://www.ubereats.com/new-jersey/food-delivery/dunkin-1215-route-70/ZE262kmHQ06b37SIwRgB_w,brick-new-jersey
https://www.ubereats.com/new-jersey/food-delivery/jersey-mikes-56-chambers-bridge-road/IkkHjbOGSQGFplmdC_zSkQ,brick-new-jersey
https://www.ubereats.com/new-jersey/food-delivery/snaps-kosher/WTFBofQQQ0a9nYGS7mtzSQ,brick-new-jersey
https://www.ubereats.com/new-jersey/food-delivery/149-applebees-manchester/ukamEL_hQrCDCocftFfbQA,brick-new-jersey
https://www.ubereats.com/new-jersey/food-delivery/bubbakoos-burritos/KrEqeAk7Tx6Gcj7DJ251gQ,brick-new-jersey
https://www.ubereats.com/new-jersey/food-delivery/stay-gold-cafe-%26-lounge-howell/Db5Fx_4zQ5On7WpMichZFw,brick-new-jersey
https://www.ubereats.com/new-jersey/food-delivery/revolve-resturant/ldw0UE7bS1yBS9KlDWZK2g,brick-new-jersey
https://www.ubereats.com/new-jersey/food-delivery/starbucks-lakewood-nj/_ZSjsibcQi2kIQB4Ujux1A,brick-new-jersey
https://www.ubereats.com/new-jersey/food-delivery/mcdonalds-191-van-zile-road/QK1UPfyORi-0y4LZ9bdEHw,brick-new-jersey
https://www.ubereats.com/new-jersey/food-delivery/joes-bagel-%26-grill-fischer-blvd/XJfHihRhSdCeA7HPJQNBsA,brick-new-jersey
https://www.ubereats.com/new-jersey/food-delivery/turning-point-of-brick/NRwz-k6UScuOUP-Kqi0vYg,brick-new-jersey
https://www.ubereats.com/new-jersey/food-delivery/theresas-south/5sN93ayOQnm0w4QPHHPrEQ,brick-new-jersey
https://www.ubereats.com/new-jersey/food-delivery/all-star-bagels/kvyMe0xkTkKBTIiR0MMoUg,brick-new-jersey
https://www.ubereats.com/new-jersey/food-delivery/checkers-140-route-37-east/wN9ioYDoT5ewfXUlt6_SWw,brick-new-jersey
https://www.ubereats.com/new-jersey/food-delivery/kfc-3139-lakewood-road/0VM5PWx6Qomu3pFToH9X8g,brick-new-jersey
https://www.ubereats.com/new-jersey/food-delivery/el-oaxaqueno-restaurante-%26-panaderia/gMHuz9DTRRKopbjJ5LO-Fg,brick-new-jersey
https://www.ubereats.com/new-jersey/food-delivery/carvel-371-brick-blvd/6PgB3gggQKC-93nK7VgFaA,brick-new-jersey
https://www.ubereats.com/new-jersey/food-delivery/mcdonalds-106-chambers-bridge-rd/Rhs9PsNKRfqg3ylwFefDlA,brick-new-jersey
https://www.ubereats.com/new-jersey/food-delivery/outback-steakhouse-2770-hooper-avenue/lJiCjZluSsW4qKeIQjA8Dw,brick-new-jersey
https://www.ubereats.com/new-jersey/food-delivery/playa-bowls-manasquan/TottptzbTAO_hAR3ic5xGQ,brick-new-jersey
https://www.ubereats.com/new-jersey/food-delivery/blue-nile-mediterranean-grill/Zov_Xm1YSsWJhL-i_40Xqw,brick-new-jersey
https://www.ubereats.com/new-jersey/food-delivery/naples-pizzeria/XSYk05IYRumwhXUwcAW02g,brick-new-jersey
https://www.ubereats.com/new-jersey/food-delivery/bagel-exchange/j3rDaO4BQ-KdPoe6CIew-g,brick-new-jersey
https://www.ubereats.com/new-jersey/food-delivery/frankies-pizza-%26-restaurant-atlantic-city-blvd/biysPQQhTyqzP7oe0nfLcQ,brick-new-jersey
https://www.ubereats.com/new-jersey/food-delivery/wendys-101-jack-martin-blvd/Uz0RY1fpSW-_oY605qBFfA,brick-new-jersey
https://www.ubereats.com/new-jersey/food-delivery/bagel-king/iifYYAMyRCquuYzbdrbEsg,brick-new-jersey
https://www.ubereats.com/new-jersey/food-delivery/meemoms-brick/5yIOtiylS1OWIOuA93U7Xw,brick-new-jersey
https://www.ubereats.com/new-jersey/food-delivery/burger-king-44-route-37-e/NPnwE70hQ0W50mCyDZrL5A,brick-new-jersey
https://www.ubereats.com/new-jersey/food-delivery/la-casa-de-la-tia/apA7ImapRtCG-XkR--muhQ,brick-new-jersey
https://www.ubereats.com/new-jersey/food-delivery/bubbakoos-burritos/1y0aG6t9Qo6il4Iw4Tee9g,brick-new-jersey
https://www.ubereats.com/new-jersey/food-delivery/dunkin-1245-lakewood-rd-rt-166/AfUREvwhTOKWKyLzDc26zw,brick-new-jersey
https://www.ubereats.com/new-jersey/food-delivery/joes-bagel-%26-grill-point-pleasant/QwOjju6cQw20d36lGUZabg,brick-new-jersey
https://www.ubereats.com/new-jersey/food-delivery/ninos-coal-fired-pizza/KY-mqxiCSqer4pBFln5d_w,brick-new-jersey
https://www.ubereats.com/new-jersey/food-delivery/ihop-1759-route-88/yPtaePKbQpqK38bj2IiLvQ,brick-new-jersey
https://www.ubereats.com/new-jersey/food-delivery/white-castle-132-rte-37-east/ZtFiv192T-S-uf78dwwBJw,brick-new-jersey
https://www.ubereats.com/new-jersey/food-delivery/taco-bell-908-highway-37-w/2ehSxMrdQ6mkbxtH1wf1dA,brick-new-jersey
https://www.ubereats.com/new-jersey/food-delivery/dunkin-469-herbertsville-rd/oMc90sGQS4uoaTMXGjVOig,brick-new-jersey
https://www.ubereats.com/new-jersey/food-delivery/3-brothers-from-italy-pizza/0H7o_K4DTvO3TuC-uqJfEg,brick-new-jersey
https://www.ubereats.com/new-jersey/food-delivery/playa-bowls-603-grand-central-ave/Xuq-1PcHQQ6ucLyRR5Zdow,brick-new-jersey
https://www.ubereats.com/new-jersey/food-delivery/wendys-555-route-70-east/0NYxsfwqS_aRZxbe2t3F5A,brick-new-jersey
https://www.ubereats.com/new-jersey/food-delivery/mi-mexico-lindo-restaurant/JJ1rbBE2S2SwfPOu8oFLJw,brick-new-jersey
https://www.ubereats.com/new-jersey/food-delivery/pj-sweeneys-restaurant-%26-irish-pub/JNpIRzBcQ7y1UGOWGOSBEg,brick-new-jersey
https://www.ubereats.com/new-jersey/food-delivery/wawa-743-605-e-county-line-rd/CVJNPlSTQL65GvS_glYzNA,brick-new-jersey
https://www.ubereats.com/new-jersey/food-delivery/round-dough-with-a-hole/_PocHakHTNiuZNj8-y5H5g,brick-new-jersey
https://www.ubereats.com/new-jersey/food-delivery/beach-diner/jtoFg1FGTny_iWxTApYzfQ,brick-new-jersey
https://www.ubereats.com/new-jersey/food-delivery/mother-clucker/ZI9O6S4sSvGVxzP-dqMAEg,brick-new-jersey
https://www.ubereats.com/new-jersey/food-delivery/buffalo-wild-wings-2770-hooper-ave/rbZNF_vBSXSloIQcaJXm1g,brick-new-jersey
https://www.ubereats.com/new-jersey/food-delivery/bun-burger-kitchen/ANoQYehWQiWeotcCu9zz5w,brick-new-jersey
https://www.ubereats.com/new-jersey/food-delivery/porges-bakery-lakewood/vGvhThw4RPW_SIGN4Mqs1Q,brick-new-jersey
https://www.ubereats.com/new-jersey/food-delivery/dunkin-1594-lakewood-rd/mlnHCFitQe6HR2uiHYpBHg,brick-new-jersey
https://www.ubereats.com/new-jersey/food-delivery/171-applebees-wall/kQSybH07SfWleUWoE-e_MQ,brick-new-jersey
https://www.ubereats.com/new-jersey/food-delivery/the-beanery/yg_JtMehR8a5JCl82i_Udg,brick-new-jersey
https://www.ubereats.com/new-jersey/food-delivery/yapchik/a-meW7lSTy6c8qMLc4BR2w,brick-new-jersey
https://www.ubereats.com/new-jersey/food-delivery/anthonys-pizza/lKByGEsYR2yacBK4ZGJy0A,brick-new-jersey
https://www.ubereats.com/new-jersey/food-delivery/playa-bowls-toms-river/PQ8FfeeNQ--pzJFl6UFj3w,brick-new-jersey
https://www.ubereats.com/new-jersey/food-delivery/cloud-9-donuts/q9UFliu5QBCIc80TAD5ABQ,brick-new-jersey
https://www.ubereats.com/new-jersey/food-delivery/grilled-cheese-society/yrjwwuD9TVeOzlts4hQQFA,brick-new-jersey
https://www.ubereats.com/new-jersey/food-delivery/playa-bowls-sea-girt/jSIGg8Y1TwCULNmfyJbUAw,brick-new-jersey
https://www.ubereats.com/new-jersey/food-delivery/chuck-e-cheese-28-brick-plaza/oqyNRCzJROCq-cg6_K0zog,brick-new-jersey
https://www.ubereats.com/new-jersey/food-delivery/greek-eats-brick/DTbbnyxZREiXvH-rn8kMcw,brick-new-jersey
https://www.ubereats.com/new-jersey/food-delivery/galileo-pizza-and-restaurant/zvIWw9A1TwmPzoeplH9owA,brick-new-jersey
https://www.ubereats.com/new-jersey/food-delivery/five-guys-nj-0168-588-route-70/CA1lSzFuRLmL9oR6bXlAxQ,brick-new-jersey
https://www.ubereats.com/new-jersey/food-delivery/upper-crust-in-todd-plaza/ffupWaabQ2Sr9o3G2UuTAQ,brick-new-jersey
https://www.ubereats.com/new-jersey/food-delivery/homegrown/DE5zUtenQtq2KufvW0g4tw,brick-new-jersey
https://www.ubereats.com/new-jersey/food-delivery/152-applebees-%E2%80%93-brick/yc3nY72GQXe-ohFMmqyfcQ,brick-new-jersey
https://www.ubereats.com/new-jersey/food-delivery/pancheros-mexican-grill-1919-route-35/_ub5KSNfRSalYvFfIsVgKw,brick-new-jersey
https://www.ubereats.com/new-jersey/food-delivery/playa-bowls-410-ocean-ave/JbopccbMQdaMyOSzJ6JHtg,brick-new-jersey
https://www.ubereats.com/new-jersey/food-delivery/pita-hut-lakewood/JBXcNqAfTFa3xWPCkhO1oQ,brick-new-jersey
https://www.ubereats.com/new-jersey/food-delivery/mcdonalds-ocean-ave-%26-route-35/PY843npTS3ONDQREk3zXXQ,brick-new-jersey
https://www.ubereats.com/new-jersey/food-delivery/panini-cafe/NObvv_ZzRt2AhVDRaZ5Brw,brick-new-jersey
https://www.ubereats.com/new-jersey/food-delivery/burger-25-toms-river/9mKH_FibRRWmp7ooErQ8Tg,brick-new-jersey
https://www.ubereats.com/new-jersey/food-delivery/ob-cos-donuts/N5KBkrHaR1eKwQhWy8L3hg,brick-new-jersey
https://www.ubereats.com/new-jersey/food-delivery/super-pollo-ii/N5UZCmB9TGOEWQjyhTe_dQ,brick-new-jersey
https://www.ubereats.com/new-jersey/food-delivery/flaming-grill-buffet/FAJ93SkcQfW8avesh21wFA,brick-new-jersey
https://www.ubereats.com/new-jersey/food-delivery/cold-stone-creamery-960-cedar-bridge-ave/cx48e_ZzRaaFmTyWH6dLng,brick-new-jersey
https://www.ubereats.com/new-jersey/food-delivery/tacos-madrigal/K-l197chT3CQ-sGBHDJ7BQ,brick-new-jersey
https://www.ubereats.com/new-jersey/food-delivery/cafotteria/H68PlARFTdOL5ETC5BkOkQ,brick-new-jersey
https://www.ubereats.com/new-jersey/food-delivery/speedy-mart-lakewood/tcL5exr4TBWzAvkCOIFU4Q,brick-new-jersey
https://www.ubereats.com/new-jersey/food-delivery/nj-poke/cHTi9227Rqi88YwJ2nHcDw,brick-new-jersey
https://www.ubereats.com/new-jersey/food-delivery/finnigans-lanes/NWK-FFgqT4SW2SzNz3OrYQ,brick-new-jersey
https://www.ubereats.com/new-jersey/food-delivery/dunkin-2138-route-88/hq_35104QzKaZ7dNIAUBbg,brick-new-jersey
https://www.ubereats.com/new-jersey/food-delivery/roma-cafe/JTRtkhBhSdG9VGdPHZMChQ,brick-new-jersey
https://www.ubereats.com/new-jersey/food-delivery/jersey-mikes-602-mantoloking-road/lraF9RBvQw-SQi2Gq1ntAw,brick-new-jersey
https://www.ubereats.com/new-jersey/food-delivery/crave/bsHiIKumSU6vYNTlnJLA_g,brick-new-jersey
https://www.ubereats.com/new-jersey/food-delivery/sonic-drive-in-4610-route-9-south/nbk1O80QSfKiX2IB9rNVuw,brick-new-jersey
https://www.ubereats.com/new-jersey/food-delivery/village-pizza-river-ave/lPxopXnKQtmOfG0WhI5Vpw,brick-new-jersey
https://www.ubereats.com/new-jersey/food-delivery/ichiban-toms-river/YEz1DHL2Qlai81Vek-z1MQ,brick-new-jersey
https://www.ubereats.com/new-jersey/food-delivery/bubbakoos-burritos/fvXL243VREK9BLEgiLfOcg,brick-new-jersey
https://www.ubereats.com/new-jersey/food-delivery/luigis-famous-pizza/9m-zemR_T0GFcJdqMB4BEA,brick-new-jersey
https://www.ubereats.com/new-jersey/food-delivery/mariners-cove-restaurant/ZMVPT1twTDeBuZyTjUxfdA,brick-new-jersey
https://www.ubereats.com/new-jersey/food-delivery/cutting-edge-catering/b0N2ShEnRnaUqHdn5tIMfQ,brick-new-jersey
https://www.ubereats.com/new-jersey/food-delivery/bubbakoos-burritos/UN98k4p6RfWIVGR_-5HkEA,brick-new-jersey
https://www.ubereats.com/new-jersey/food-delivery/casa-del-sol/IR7FkPGfQVup71naWrxogg,brick-new-jersey
https://www.ubereats.com/new-jersey/food-delivery/pita-hut-river-ave/CsahS3zJQeSUl6pyeWscTg,brick-new-jersey
https://www.ubereats.com/new-jersey/food-delivery/chicken-munch/SSMam7eVS2-voDiK9hSJcA,brick-new-jersey
https://www.ubereats.com/new-jersey/food-delivery/ob-diner-point-pleasant/JResqktAQKiTEPfLICNZkw,brick-new-jersey
https://www.ubereats.com/new-jersey/food-delivery/pizza-on-wheels/ThAtNvMnRFK0pibigjfSSg,brick-new-jersey
https://www.ubereats.com/new-jersey/food-delivery/bubbakoos-burritos/FROs-gMxTPu3U_OWihhYKg,brick-new-jersey
https://www.ubereats.com/new-jersey/food-delivery/wawa-0997-116-brick-blvd/Dg9IDAKPSzSU9tckR0aRVA,brick-new-jersey
https://www.ubereats.com/new-jersey/food-delivery/white-castle-2778-hooper/1FMZ5jFbRq-ZMp95rxR1lw,brick-new-jersey
https://www.ubereats.com/new-jersey/food-delivery/the-grove-restaurant-and-tavern/x8ZbwkSFRzS3x-NgcPmixg,brick-new-jersey
https://www.ubereats.com/new-jersey/food-delivery/651-quaker-steak-%26-lube-brick/VVMi78YWRICw712wSja8SQ,brick-new-jersey
https://www.ubereats.com/new-jersey/food-delivery/monster-mac/dC1rkbj3RvOfSmxBsMud6w,brick-new-jersey
https://www.ubereats.com/new-jersey/food-delivery/tacoholics-point-pleasant/miqPwr7LRsGh-GPbf1y10w,brick-new-jersey
https://www.ubereats.com/new-jersey/food-delivery/taco-bell-3810-rt-9-s/TUoz3o_USB-gDdeFHhDqig,brick-new-jersey
https://www.ubereats.com/new-jersey/food-delivery/big-city-bagels-%26-nathans-famous/s4AQJaXRQV6_fa4hhEQBmA,brick-new-jersey
https://www.ubereats.com/new-jersey/food-delivery/arugula/QZLxvjWFTfaxcPWf_SUFWA,brick-new-jersey
https://www.ubereats.com/new-jersey/food-delivery/the-oven/L-22vNTUSviOmAtK4Qnbdg,brick-new-jersey
https://www.ubereats.com/new-jersey/food-delivery/fresh-kitchen/_HyaIzs9QEiGuBFNCQNFvg,brick-new-jersey
https://www.ubereats.com/new-jersey/food-delivery/dunkin-146-route-37-e/_SfyQBRnSui8DVrcKcpxdg,brick-new-jersey
https://www.ubereats.com/new-jersey/food-delivery/windmill-hot-dogs-belmar/wmYcoSz8RiKWTkbKDcBpUA,brick-new-jersey
https://www.ubereats.com/new-jersey/food-delivery/chick-fil-a-522-route-70/dVRcmBQRTkOX7Hz7TvteKA,brick-new-jersey
https://www.ubereats.com/new-jersey/food-delivery/ihop-178-route-37-east/W22jXaT5SBqXuMXVKXhY4A,brick-new-jersey
https://www.ubereats.com/new-jersey/food-delivery/smashburger-2-w-rte-37-unit-b-3/LiDbwTAyThWGmHLHfNtwEQ,brick-new-jersey
https://www.ubereats.com/new-jersey/food-delivery/offshore-bbq/f6hl1W2GTNquYi-4xkEniQ,brick-new-jersey
https://www.ubereats.com/new-jersey/food-delivery/dunkin-700-highway-70/ibxXLGdXQ2q2WMjcQ010dg,brick-new-jersey
https://www.ubereats.com/new-jersey/food-delivery/carrabbas-990-cedar-bridge-ave-bldg-b/6KIo0-qMQEqM83qGfXoMNQ,brick-new-jersey
https://www.ubereats.com/new-jersey/food-delivery/out-to-lunch/ZTO2Um75Roi8g4levAD0fA,brick-new-jersey
https://www.ubereats.com/new-jersey/food-delivery/wendys-3150-route-88/L44zJcCpQW2WOOi6tFOxxw,brick-new-jersey
https://www.ubereats.com/new-jersey/food-delivery/papa-johns-152-route-37-east-toms-river/J9FOutt8T_y0avyXy7SUhg,brick-new-jersey
https://www.ubereats.com/new-jersey/food-delivery/burger-king-1328-river-road/HdWBOlhwRjuKT53MYcOp-g,brick-new-jersey
https://www.ubereats.com/new-jersey/food-delivery/gerards-prime-13/2GtMaK9CSnaDA7asz-MZWw,brick-new-jersey
https://www.ubereats.com/new-jersey/food-delivery/fresh-kitchen/lhHflRwTRQ2kWb6PfW0S7A,brick-new-jersey
https://www.ubereats.com/new-jersey/food-delivery/bjs-restaurant-%26-brewhouse-1275-hooper-avenue/Kv0_AO3JRcWR2_77TxwmSA,brick-new-jersey
https://www.ubereats.com/new-jersey/food-delivery/playa-bowls-bay-head/ray-XLqbRZa8RxfN69ArIw,brick-new-jersey
https://www.ubereats.com/new-jersey/food-delivery/dunkin-909-route-70/zFaSbPWtQ9qP1PTLEbgRVw,brick-new-jersey
https://www.ubereats.com/new-jersey/food-delivery/playa-bowls-brick/Q_HpJn6cQwGtlVnmAXRfSQ,brick-new-jersey
https://www.ubereats.com/new-jersey/food-delivery/e-street-bagels/_IPDqSICTTCxqHELvjCJKg,brick-new-jersey
https://www.ubereats.com/new-jersey/food-delivery/tgi-fridays-1683-brick-nj/y9C6px4KThCSAPs85wZtcg,brick-new-jersey
https://www.ubereats.com/new-jersey/food-delivery/mulberry-street/4QRfSHkvRRW5LIhMicAXTQ,brick-new-jersey
https://www.ubereats.com/new-jersey/food-delivery/via-roma-3/5BULBH3CTA6JueeI_KpS3w,brick-new-jersey
https://www.ubereats.com/new-jersey/food-delivery/jersey-mikes-subs-1195-route-70/qauNyeVkQEWm2IExSG8YwQ,brick-new-jersey
https://www.ubereats.com/new-jersey/food-delivery/chipotle-mexican-grill-4733-us-highway-9/EwIQKyugS86poneOJLXDXw,brick-new-jersey
https://www.ubereats.com/new-jersey/food-delivery/dunkin-14-beaverson-blvd/4a_zAHx-SWSNj1pBvEVn5A,brick-new-jersey
https://www.ubereats.com/new-jersey/food-delivery/the-ice-cream-shop/PPOhE3kWTgOpHOC1kMw0ag,brick-new-jersey
https://www.ubereats.com/new-jersey/food-delivery/dunkin-602-mantoloking-rd/Urin9w8gRKijVuohgZp8Xw,brick-new-jersey
https://www.ubereats.com/new-jersey/food-delivery/philly-pretzel-factory-4018-us-9/qm1yRTDhRyam-7AxKl4oMA,brick-new-jersey
https://www.ubereats.com/new-jersey/food-delivery/tgi-fridays-1681-toms-river-nj/IJkyeU9mTAabu23cMYEYGQ,brick-new-jersey
https://www.ubereats.com/new-jersey/food-delivery/pizza-hut-4752-us-highway-9/3f8s6MSiTSqMi-5ud8Pfnw,brick-new-jersey
https://www.ubereats.com/new-jersey/food-delivery/dunkin-216-rt-35-south/dhzfIRAjT1eYoKYTEhyV8g,brick-new-jersey
https://www.ubereats.com/new-jersey/food-delivery/9104-bonefish-grill-179-van-zile-rd/dCMRodEMTT-ICI0-VDC_zg,brick-new-jersey
https://www.ubereats.com/new-jersey/food-delivery/chipotle-mexican-grill-2150-route-35/r3CeihTTSJOVcyZKq56kSA,brick-new-jersey
https://www.ubereats.com/new-jersey/food-delivery/red-lobster-1298-hooper-avenue/cIymf9l-SIaeof0G8i953w,brick-new-jersey
https://www.ubereats.com/new-jersey/food-delivery/wings-and-things/_VYjHy8ZRM-WMlvqo7bI-A,brick-new-jersey
https://www.ubereats.com/new-jersey/food-delivery/taco-bell-2407-nj-35/dfCB6DOuTn2OcC_kTcHRgQ,brick-new-jersey
https://www.ubereats.com/new-jersey/food-delivery/chicken-holiday/PDfaAkF5RKCvOhXPDK-55A,brick-new-jersey
https://www.ubereats.com/new-jersey/food-delivery/pizzaleh/VnNhgjzMQG-F_pC2yCocZg,brick-new-jersey
https://www.ubereats.com/new-jersey/food-delivery/estys-bestys-vegetarian-eatery/X5ePMmzHQ5axt0eaefrKkg,brick-new-jersey
https://www.ubereats.com/new-jersey/food-delivery/beacon-70/420Y-vnER72YtikH-P0xqg,brick-new-jersey
https://www.ubereats.com/new-jersey/food-delivery/dairy-queen-treat-1013-route-70-unit-6a/P_629PptS_ibjuVlZulUsQ,brick-new-jersey
https://www.ubereats.com/new-jersey/food-delivery/johnny-gs-italian-restaurant/ioS4m8tqToqM8oo_W3gBZw,brick-new-jersey
https://www.ubereats.com/new-jersey/food-delivery/ancient-bread-pizza/Y4Ivye6gTiyR_C-3nuCQ1g,brick-new-jersey
https://www.ubereats.com/new-jersey/food-delivery/saladworks-toms-river/OsSOIwF4QqiDZ5jTkcBP-g,brick-new-jersey
https://www.ubereats.com/new-jersey/food-delivery/joe-spanos-tomato-pies/ypXkpcZHRMm-P-dVX7elwg,brick-new-jersey
https://www.ubereats.com/new-jersey/food-delivery/baladina-mediterranean-restaurant/JMKyNfU4RRyyyRRVvKQ53A,brick-new-jersey
https://www.ubereats.com/new-jersey/food-delivery/cinco-de-mayo-mexican-grill/Xq262U_NTq2qxiNEZR16tA,brick-new-jersey
https://www.ubereats.com/new-jersey/food-delivery/bagel-station/teg0v8gaRiS-95rI1ztxew,brick-new-jersey
https://www.ubereats.com/new-jersey/food-delivery/burger-king-538-brick-blvd/-xTvJrruRwmGt4fgJIMKiQ,brick-new-jersey
https://www.ubereats.com/new-jersey/food-delivery/manhattan-bagel-333-atlantic-city-blvd/BlWP7sC-S4uRuEgtlS96vw,brick-new-jersey
https://www.ubereats.com/new-jersey/food-delivery/dunkin-1500-ocean-avenue/e_5G_mCmRcCHFR-lKp1V2g,brick-new-jersey
https://www.ubereats.com/new-jersey/food-delivery/that-sushi-spot/FlBqpiGaSX6YpA-HDj8lWg,brick-new-jersey
https://www.ubereats.com/new-jersey/food-delivery/circa-restaurant-lakewood/ITTa_vStQqWCzml_Q2GHQg,brick-new-jersey
https://www.ubereats.com/new-jersey/food-delivery/kfc-468-brick-blvd/fm5DYriuR46QyjfH1Hd8Rg,brick-new-jersey
https://www.ubereats.com/new-jersey/food-delivery/sushi-and-chinese-express/YUvhEAmeRheOKLi9OY1bCg,brick-new-jersey
https://www.ubereats.com/new-jersey/food-delivery/168-applebees-howell/abfF2c3MQLepQ7-9RqkS9w,brick-new-jersey
https://www.ubereats.com/new-jersey/food-delivery/houlihans-brick/DJ4Th3fdQoqA63epI20F-A,brick-new-jersey
https://www.ubereats.com/new-jersey/food-delivery/joes-bagel-%26-grill-sea-grit/dQ3vXTn-RSKAefbewLFUkw,brick-new-jersey
https://www.ubereats.com/new-jersey/food-delivery/manhattan-bagel-wall-township/wnYlz7zbQRmZxZ5JdDZ8zQ,brick-new-jersey
https://www.ubereats.com/new-jersey/food-delivery/jardin-fresco/5iPd-6VORcyO71XFDj2FOw,brick-new-jersey
https://www.ubereats.com/new-jersey/food-delivery/fish-grill/qTEVpBclS2Cmklbxk4l-cg,brick-new-jersey
https://www.ubereats.com/new-jersey/food-delivery/jersey-mikes-2600-bridge-avenue/zz4lh6LcRGyWzroeD3-h-A,brick-new-jersey
https://www.ubereats.com/new-jersey/food-delivery/the-new-dorado/GgbkwPETSQmEx6EYoYLtFw,brick-new-jersey
https://www.ubereats.com/new-jersey/food-delivery/chang-wang/N1qWb6EcRo2xMqtbH_cpXw,brick-new-jersey
https://www.ubereats.com/new-jersey/food-delivery/betty-and-nicks-luncheonette/3mUzr_6XSvuCFg6tb-jD8g,brick-new-jersey
https://www.ubereats.com/new-jersey/food-delivery/pizza-hut-320-brick-blvd/vYiWkpEIRnSvwOwTPavmKA,brick-new-jersey
https://www.ubereats.com/new-jersey/food-delivery/kumo-sushi-hibachi-restaurant/Gc0bPUu9TMyUnaQrRyLgEg,brick-new-jersey
https://www.ubereats.com/new-jersey/food-delivery/ottimo-cafe/yKJMyvatTaichoDeF45Ltw,brick-new-jersey
https://www.ubereats.com/new-jersey/food-delivery/eat-a-pita-kosher-israeli-grill/Vrj1vINFRUe2Y8ouwMk29Q,brick-new-jersey
https://www.ubereats.com/new-jersey/food-delivery/kfc-222-route-37-east/23mR61ZgRz-DXn-EHvmadg,brick-new-jersey
https://www.ubereats.com/new-jersey/food-delivery/pizza-hut-211-route-37-e/_yFxyj2wRgK1A1WmlZ5thA,brick-new-jersey
https://www.ubereats.com/new-jersey/food-delivery/jersey-mikes-subs-884-fischer-blvd/VPuiw6bjQCOSLvqZYWLwNA,brick-new-jersey
https://www.ubereats.com/new-jersey/food-delivery/munn-cheese/EfHvMiz3RUCF8BcRw_HFXA,brick-new-jersey
https://www.ubereats.com/new-jersey/food-delivery/mikes-chicken-crunchers/k321uIdORyObyiyhqg-h7g,brick-new-jersey
https://www.ubereats.com/new-jersey/food-delivery/azzurro-italian-grill/T5N24vUWR0eGAtoz1DWphg,brick-new-jersey
https://www.ubereats.com/new-jersey/food-delivery/the-nuttery-new-jersey/Y6owowZoR_6CCQvcUXjB5Q,brick-new-jersey
https://www.ubereats.com/new-jersey/food-delivery/river-cafe/EEpqtU1OQcSEO3l3jNSeMA,brick-new-jersey
https://www.ubereats.com/new-jersey/food-delivery/jersey-roll-point-pleasant/5D5Mz1qJQdiWQDsC-d0cJw,brick-new-jersey
https://www.ubereats.com/new-jersey/food-delivery/lakewood-j2-south-pizza/5g44CsJNTNaXb1aLXFDzRg,brick-new-jersey
https://www.ubereats.com/new-jersey/food-delivery/via-roma/TAYuM4hHSXWQIpoCz2eeUA,brick-new-jersey
https://www.ubereats.com/new-jersey/food-delivery/dunkin-1902-route-37-e/DvE-RbBxTJ-FFES-hq_JnA,brick-new-jersey
https://www.ubereats.com/new-jersey/food-delivery/jersey-mikes-subs-901-richmond-avenue/RAKjhc7iRiyKRVAwOpZJlQ,brick-new-jersey
https://www.ubereats.com/new-jersey/food-delivery/mothership-pizza/M5CQhswgQCyaX_eZMePiyg,brick-new-jersey
https://www.ubereats.com/new-jersey/food-delivery/attilios-pizzeria/d17JS6mrQTaDFe9HrtYoTQ,brick-new-jersey
https://www.ubereats.com/new-jersey/food-delivery/chipotle-mexican-grill-74-brick-plz/OUO-Ndh3T1-7YiKG8ZuMUA,brick-new-jersey
https://www.ubereats.com/new-jersey/food-delivery/pizza-fun/ZxR2xipMSR-R9IuegbbUUA,brick-new-jersey
https://www.ubereats.com/new-jersey/food-delivery/poorboys/yRIdDWwcQ2iha-DVfQSmSw,brick-new-jersey
https://www.ubereats.com/new-jersey/food-delivery/dairy-queen-treat-97-atlantic-ave/KtyZIIfOQKaWQm8Mo4fuww,brick-new-jersey
https://www.ubereats.com/new-jersey/food-delivery/koi-asian-fusion-lounge/4V6-ZB0WRsClXVQkNO4g1g,brick-new-jersey
https://www.ubereats.com/new-jersey/food-delivery/whitesville-market-%26-deli/KV9Gn3sCSLGPWPHF8hwDwQ,brick-new-jersey
https://www.ubereats.com/new-jersey/food-delivery/all-star-bagels/8ayybgvETzGbVnO1Iyrkkg,brick-new-jersey
https://www.ubereats.com/new-jersey/food-delivery/wings-eats-%26-sweets/6Wv_q5fdQVm8ZDs880aqOg,brick-new-jersey
https://www.ubereats.com/new-jersey/food-delivery/atlanta-bread-co/NdKxXfqxRvGGgKEZOBc6KA,brick-new-jersey
https://www.ubereats.com/new-jersey/food-delivery/herbs-thai-kitchen/rkY86b9lTF6L98SSHgpfbQ,brick-new-jersey
https://www.ubereats.com/new-jersey/food-delivery/the-fishing-line/iooCjaoPR2aORFcnNBwMjw,brick-new-jersey
https://www.ubereats.com/new-jersey/food-delivery/cordis-italian-gourmet/DCvpzDQhTo2sK7ttI0jqSw,brick-new-jersey
https://www.ubereats.com/new-jersey/food-delivery/jersey-mikes-2085-route-88/oT6Fwk1-SiSRG8pOAejcHQ,brick-new-jersey
https://www.ubereats.com/new-jersey/food-delivery/surf-taco-silverton/A35sno5JRIWo7rIxGQd7_g,brick-new-jersey
https://www.ubereats.com/new-jersey/food-delivery/mentoast-by-keepshuto/5SMAzFlTQYCdcGUfJn5fMg,brick-new-jersey
https://www.ubereats.com/new-jersey/food-delivery/koi-hibachi-%26-kitchen/Q1UiKqDEQkCqyNXV-eaP5w,brick-new-jersey
https://www.ubereats.com/new-jersey/food-delivery/simply-sushi-lakewood/b6IxP4J-TyGnlFGx48-zGQ,brick-new-jersey
https://www.ubereats.com/new-jersey/food-delivery/point-pizza-by-pudgy/QzlzgeEwRG2_nQDTvEZ9gw,brick-new-jersey
https://www.ubereats.com/new-jersey/food-delivery/rt-70-diner/T8sLved2Rpy8lvG2YQ0aZA,brick-new-jersey
https://www.ubereats.com/new-jersey/food-delivery/sunny-hunny/FojYHL82T0aoaT3-M9an8Q,brick-new-jersey
https://www.ubereats.com/new-jersey/food-delivery/four-seasons-diner/y4bKWtg1RJi-y5cdASAg9w,brick-new-jersey
