url,city
https://www.ubereats.com/pittsburgh/food-delivery/kfc-5153-library-road/EhwCTbRVRWGVhzVpMCV8YA,bridgeville-pennsylvania
https://www.ubereats.com/pittsburgh/food-delivery/boston-market-978-greentree-road/pKFRwpP4TaSO5ijU_CfmsA,bridgeville-pennsylvania
https://www.ubereats.com/pittsburgh/food-delivery/wing-squad-pittsburgh-rtc/nLz6bR2MRYW836pcUg1Fdg,bridgeville-pennsylvania
https://www.ubereats.com/pittsburgh/food-delivery/firehouse-subs-126-gallery-drive/GTl_CqUZQ9-Cb4wBE3ew1Q,bridgeville-pennsylvania
https://www.ubereats.com/pittsburgh/food-delivery/cafe-delhi/5TC1J7cmQwCohHjxgt7QQQ,bridgeville-pennsylvania
https://www.ubereats.com/pittsburgh/food-delivery/mulligans-sports-bar-and-grille/JEApfqK8RGuds7ifTzePCg,bridgeville-pennsylvania
https://www.ubereats.com/pittsburgh/food-delivery/pittsburgh-bottleshop/Za7cElPuTqWONWtRYaSCiA,bridgeville-pennsylvania
https://www.ubereats.com/pittsburgh/food-delivery/delucas-bakery-deli-%26-subshop/rVDTCTIlQ5yYmFjR83AyAw,bridgeville-pennsylvania
https://www.ubereats.com/pittsburgh/food-delivery/dunkin-40-foster-ave/VpMmbyyhRK6srTyMEFCWXw,bridgeville-pennsylvania
https://www.ubereats.com/pittsburgh/food-delivery/starbucks-bridgeville-south-fayette/soE2dgs_TXWuxX38ksaJpw,bridgeville-pennsylvania
https://www.ubereats.com/pittsburgh/food-delivery/fat-angelos-pizzeria/tkCZFpvsRWGMjgiPkS61zg,bridgeville-pennsylvania
https://www.ubereats.com/pittsburgh/food-delivery/eastern-palace-chinese-restaurant/t9ngAuomQaC2KtLYnKEsXA,bridgeville-pennsylvania
https://www.ubereats.com/pittsburgh/food-delivery/arbys-3518-washington-rd/fB8Shg0lS6aAzypjge2hJQ,bridgeville-pennsylvania
https://www.ubereats.com/pittsburgh/food-delivery/bull-river-taco/92HlLeLFSAe8nkGRNSWGuQ,bridgeville-pennsylvania
https://www.ubereats.com/pittsburgh/food-delivery/pf-changs-1600-settlers-ridge-centers-dr/-iZW4jTkS3OTzRCWncJeiA,bridgeville-pennsylvania
https://www.ubereats.com/pittsburgh/food-delivery/nepali-asian-restaurant/1mYRU8mqRxi8WhHBpxJwZA,bridgeville-pennsylvania
https://www.ubereats.com/pittsburgh/food-delivery/panda-express-202-robinson-center-dr/8pp9ywt6Qdig6Q1mZFL3AQ,bridgeville-pennsylvania
https://www.ubereats.com/pittsburgh/food-delivery/walnut-grill-robinson/XC395hbnR3ynZo5th3yKXg,bridgeville-pennsylvania
https://www.ubereats.com/pittsburgh/food-delivery/tomatoes-ii-pizzeria/9GKErzgEQZ28-cSVOkP5nw,bridgeville-pennsylvania
https://www.ubereats.com/pittsburgh/food-delivery/arbys-1140-washington-pike/1XCumsSASvSQg2ol37AaXQ,bridgeville-pennsylvania
https://www.ubereats.com/pittsburgh/food-delivery/chipotle-mexican-grill-3840-washington-rd/_Aer3ePwSgC8YoUb8du1TQ,bridgeville-pennsylvania
https://www.ubereats.com/pittsburgh/food-delivery/parkers-pgh/AtyjglPcS36Z8r_eqJYQdg,bridgeville-pennsylvania
https://www.ubereats.com/pittsburgh/food-delivery/burger-king-3220-library-rd/_1mgDWVgRhGnFYONJ4oY4A,bridgeville-pennsylvania
https://www.ubereats.com/pittsburgh/food-delivery/china-wok-brentwood/onf0t9bpQTSJe6ZapgG-KQ,bridgeville-pennsylvania
https://www.ubereats.com/pittsburgh/food-delivery/the-yard-gastropub-mt-lebanon/cucCkxHVSzWuoX211LCa0g,bridgeville-pennsylvania
https://www.ubereats.com/pittsburgh/food-delivery/the-coffee-tree-roasters/j9tXUYM4ROiK0-tzb_9igQ,bridgeville-pennsylvania
https://www.ubereats.com/pittsburgh/food-delivery/wangs-kitchen/btjmKarVQBqk_yuPvW-4Yg,bridgeville-pennsylvania
https://www.ubereats.com/pittsburgh/food-delivery/kasai-kogi-bar/qqsqt3TFRjKXX83l4NdC4g,bridgeville-pennsylvania
https://www.ubereats.com/pittsburgh/food-delivery/wendys-6296-steubenville-pk/-TbtR59FREWslb8mlB7Xsg,bridgeville-pennsylvania
https://www.ubereats.com/pittsburgh/food-delivery/applebees-2101-greentree-road-%2386027/EM0PYYVlQmuEhWoWExR2KQ,bridgeville-pennsylvania
https://www.ubereats.com/pittsburgh/food-delivery/cains-saloon-pitt/5OE4C-QhRnmL0nuv5u377g,bridgeville-pennsylvania
https://www.ubereats.com/pittsburgh/food-delivery/papa-johns-pizza-bethel-park/QoN8FTg1TCmOqGwiQoC29Q,bridgeville-pennsylvania
https://www.ubereats.com/pittsburgh/food-delivery/bella-monte-pizza/ZPwcijKqQRWwKufe6ZznuA,bridgeville-pennsylvania
https://www.ubereats.com/pittsburgh/food-delivery/first-watch-settlers-ridge/c-N43aRGTr-ix1UvKuFkdA,bridgeville-pennsylvania
https://www.ubereats.com/pittsburgh/food-delivery/hanini-subs-brownsville-road/0_aB_cy5QemkdZWgBK6KFg,bridgeville-pennsylvania
https://www.ubereats.com/pittsburgh/food-delivery/kfc-taco-bell-6190-steubenville-pike/ChmzzJhGRqeWVNDf8T4cjQ,bridgeville-pennsylvania
https://www.ubereats.com/pittsburgh/food-delivery/primanti-bros-8651-university-blvd/gOBr9UUnTneMjvgNvGn0vA,bridgeville-pennsylvania
https://www.ubereats.com/pittsburgh/food-delivery/cadillac-ranch-1060-settlers-ridge-center-drive/RMZ5CiEORMG_KrCyuY0diA,bridgeville-pennsylvania
https://www.ubereats.com/pittsburgh/food-delivery/agave-and-vine/OQQw4lXBQ56ZK4Ilbm7QTw,bridgeville-pennsylvania
https://www.ubereats.com/pittsburgh/food-delivery/foxs-pizza-den-6-bailey-ave/bDMUMTNzQWeUVafhJMBN1Q,bridgeville-pennsylvania
https://www.ubereats.com/pittsburgh/food-delivery/el-campesino-robinson/-vkvGFSrR367ns4PF27XMQ,bridgeville-pennsylvania
https://www.ubereats.com/pittsburgh/food-delivery/taco-bell-121-costco-drive/8NYWQtzKTNij01x2YL-7SA,bridgeville-pennsylvania
https://www.ubereats.com/pittsburgh/food-delivery/dunkin-1031-paxton-dr/kw5ycA6JRvelb-RN-_d61Q,bridgeville-pennsylvania
https://www.ubereats.com/pittsburgh/food-delivery/applebees-6570-rt60-steubenville-pike-%2396006/_zKg-V8dR8KZ57AEWJNH3Q,bridgeville-pennsylvania
https://www.ubereats.com/pittsburgh/food-delivery/tap-that/vZ8SszQ0RDWrclXwsU6yIA,bridgeville-pennsylvania
https://www.ubereats.com/pittsburgh/food-delivery/dukes-rib-house-and-grille/KD3BzYRzSJuR3CBH6qKi7A,bridgeville-pennsylvania
https://www.ubereats.com/pittsburgh/food-delivery/bubbas-gourmet-burghers-%26-beer/UQbhSZrCQTqaZ-YwsUCcew,bridgeville-pennsylvania
https://www.ubereats.com/pittsburgh/food-delivery/papa-johns-113-cavasina-drive/A1dId4bORey237-VBdv-Jg,bridgeville-pennsylvania
https://www.ubereats.com/pittsburgh/food-delivery/combo-kitchen/TGI7F009RECvBBMc_CLGdw,bridgeville-pennsylvania
https://www.ubereats.com/pittsburgh/food-delivery/kitchen-434%E2%80%94bowls-%26-wraps/9fG-CNfUSa2L4OpMrKN9GQ,bridgeville-pennsylvania
https://www.ubereats.com/pittsburgh/food-delivery/micro-diner/KNjWKS2jTa-wWvm4cCr2rw,bridgeville-pennsylvania
https://www.ubereats.com/pittsburgh/food-delivery/pittsburgerz/N2kTilMgSZ2kze5P5vwetw,bridgeville-pennsylvania
https://www.ubereats.com/pittsburgh/food-delivery/the-original-pancake-house-2229-swallow-hill-rd/2VbbmgwpRaio8ylV01YibQ,bridgeville-pennsylvania
https://www.ubereats.com/pittsburgh/food-delivery/primanti-brothers-mt-lebanon/FE9963Z4RFKJOjNHlGPGuA,bridgeville-pennsylvania
https://www.ubereats.com/pittsburgh/food-delivery/em-pizzeria/gGkv22dBT_CpjQj3rq4QXw,bridgeville-pennsylvania
https://www.ubereats.com/pittsburgh/food-delivery/vocelli-pizza-2101-greentree-road-suite-b-110/if03WBM-Rl2STH1VmyNM1Q,bridgeville-pennsylvania
https://www.ubereats.com/pittsburgh/food-delivery/tgi-fridays-1817-pittsburgh-bethel-park-pa/vDvyHcNNQviRzKgqAnAscA,bridgeville-pennsylvania
https://www.ubereats.com/pittsburgh/food-delivery/dunkin-1541-washington-rd/MvoLxjIyS3GCnXiYYmfSCw,bridgeville-pennsylvania
https://www.ubereats.com/pittsburgh/food-delivery/the-simple-cafe/mcdh11R8S928wIt4Ryc1Eg,bridgeville-pennsylvania
https://www.ubereats.com/pittsburgh/food-delivery/long-john-silvers-2100-washington-pike/t3c54cx3RLy2CreM5fKbVQ,bridgeville-pennsylvania
https://www.ubereats.com/pittsburgh/food-delivery/coachs-bottleshop-%26-grille/RP2aSfPzTamzvMH44JX9rg,bridgeville-pennsylvania
https://www.ubereats.com/pittsburgh/food-delivery/walnut-grill-bridgeville/ZymL2ZwrS5y56sKMaM55pQ,bridgeville-pennsylvania
https://www.ubereats.com/pittsburgh/food-delivery/buca-di-beppo-pittsburgh-rtc/5J82jeCuSrGMWAXGwp2BFw,bridgeville-pennsylvania
https://www.ubereats.com/pittsburgh/food-delivery/auntie-annes-301-south-hills-village-kiosk-102/aPw7ejmNRDaLuUfhhPHEkA,bridgeville-pennsylvania
https://www.ubereats.com/pittsburgh/food-delivery/chipotle-mexican-grill-1720-washington-rd/yKvi3YhhR3eF3Nsd4wdUyQ,bridgeville-pennsylvania
https://www.ubereats.com/pittsburgh/food-delivery/philly-pretzel-factory-bridgeville/3jr7cHQkTaafY7hkQhPBDw,bridgeville-pennsylvania
https://www.ubereats.com/pittsburgh/food-delivery/the-saloon-of-mt-lebanon/wjXpxj9lQm-b0Vep_gMcng,bridgeville-pennsylvania
https://www.ubereats.com/pittsburgh/food-delivery/kfc-1100-brownsville-rd/Cm2f-27IQ4qwxaQYG79ShA,bridgeville-pennsylvania
https://www.ubereats.com/pittsburgh/food-delivery/dunkin-145-mcmurray-rd/ixrvJR6ZTsyFfn4YwLe96w,bridgeville-pennsylvania
https://www.ubereats.com/pittsburgh/food-delivery/cornbread/MFtUrXD8SYiRIU8SnckbpA,bridgeville-pennsylvania
https://www.ubereats.com/pittsburgh/food-delivery/einstein-bros-bagels-3855-washington-rd/0_eBxDc8TbuX9UPJ1VwaPg,bridgeville-pennsylvania
https://www.ubereats.com/pittsburgh/food-delivery/anthonys-coal-fired-pizza-102-mcdowell-ln/i6KAebuRQweOsAJSy3a3kg,bridgeville-pennsylvania
https://www.ubereats.com/pittsburgh/food-delivery/arbys-5205-library-rd/-G0u7re9QQ6wFZn8b5QW3Q,bridgeville-pennsylvania
https://www.ubereats.com/pittsburgh/food-delivery/vinnys-pizza/pFHTpdCbRcCUG3HEnelFVg,bridgeville-pennsylvania
https://www.ubereats.com/pittsburgh/food-delivery/ra-sushi-pittsburgh/Fh8shjV3Qum6KY3uIbI6pg,bridgeville-pennsylvania
https://www.ubereats.com/pittsburgh/food-delivery/napoli-restaurant/QAZuNhCySG2inrRtuZasiA,bridgeville-pennsylvania
https://www.ubereats.com/pittsburgh/food-delivery/big-guys-pizza/ipP0LEkuTc-JxTm2vWJP_w,bridgeville-pennsylvania
https://www.ubereats.com/pittsburgh/food-delivery/south-hills-salads-subs-and-wings-373-vanadium-rd/dzeu7-O4S7aIwL1XG8Qtvw,bridgeville-pennsylvania
https://www.ubereats.com/pittsburgh/food-delivery/caliente-pizza-and-draft-house-mt-lebanon/Xlw2FNuZTeGh4XfZMHsxAQ,bridgeville-pennsylvania
https://www.ubereats.com/pittsburgh/food-delivery/kfc-222-w-8th-ave/_5PAsahcTnythzM6-HqR1A,bridgeville-pennsylvania
https://www.ubereats.com/pittsburgh/food-delivery/houlihans-mt-lebanon/z7AvhfG9TqGaWdRfgUxTKA,bridgeville-pennsylvania
https://www.ubereats.com/pittsburgh/food-delivery/red-lobster-259-clairton-blvd/sRqipVBdR96NTf7biylLaA,bridgeville-pennsylvania
https://www.ubereats.com/pittsburgh/food-delivery/the-crafty-jackalope/njOAPLWFQQaRe8bSWWIyCA,bridgeville-pennsylvania
https://www.ubereats.com/pittsburgh/food-delivery/joes-crab-shack-5-station-square-dr-ste-226/LG71jyDsSLyivAY5GBpTKw,bridgeville-pennsylvania
https://www.ubereats.com/pittsburgh/food-delivery/slice-on-broadway-carnegie/Oscgw9gATWmD6m7OqheiJw,bridgeville-pennsylvania
https://www.ubereats.com/pittsburgh/food-delivery/nana-ks/mw8CULNxQCGkjwHEYKStyQ,bridgeville-pennsylvania
https://www.ubereats.com/pittsburgh/food-delivery/mcdonalds-west-liberty/0Wy32vnnSdWkIt2-AFCBvw,bridgeville-pennsylvania
https://www.ubereats.com/pittsburgh/food-delivery/subway-2200-washington-pike/S502LoJVTEuKvGqwLuYPZg,bridgeville-pennsylvania
https://www.ubereats.com/pittsburgh/food-delivery/jersey-mikes-subs-6508-steubenville-pike/OqxWA1iITVuVmdLh2cAgwg,bridgeville-pennsylvania
https://www.ubereats.com/pittsburgh/food-delivery/the-oakdale-diner/iMT1G6dhR3-ECQP-wvBpng,bridgeville-pennsylvania
https://www.ubereats.com/pittsburgh/food-delivery/moes-southwest-grill-1597-washington-pike/qkdpwfxpTlyztGRophLAuA,bridgeville-pennsylvania
https://www.ubereats.com/pittsburgh/food-delivery/bob-evans-503-1025-washington-pike/F6smJi4aStmK93kNRZ4hjQ,bridgeville-pennsylvania
https://www.ubereats.com/pittsburgh/food-delivery/arbys-2040-lebanon-church-rd/Co3l_xeFQOeybtLtR_8KUg,bridgeville-pennsylvania
https://www.ubereats.com/pittsburgh/food-delivery/kings-family-580-mcclelland-road/MMo64fbETmOOTm2qKh0IQw,bridgeville-pennsylvania
https://www.ubereats.com/pittsburgh/food-delivery/jets-pizza-dormont/e5B7499EQ4WKOFC9Wojl5w,bridgeville-pennsylvania
https://www.ubereats.com/pittsburgh/food-delivery/antonios-pizzeria/IzgThf_dSOuLOG7ex-EXWA,bridgeville-pennsylvania
https://www.ubereats.com/pittsburgh/food-delivery/309-bonefish-grill-1835-washington-road/-cl-ytAbSS6Hx8R4x09yxA,bridgeville-pennsylvania
https://www.ubereats.com/pittsburgh/food-delivery/five-guys-pa-1798-160-millers-run-rd/1Eea56d8QKGdmxbug9Sv3w,bridgeville-pennsylvania
https://www.ubereats.com/pittsburgh/food-delivery/jolinas-mediterranean-cuisine/Swp0WGbCShO22eTzvXaJ8A,bridgeville-pennsylvania
https://www.ubereats.com/pittsburgh/food-delivery/sly-fox-taphouse-at-the-point/56V6-1igQJWM502P385IGA,bridgeville-pennsylvania
https://www.ubereats.com/pittsburgh/food-delivery/the-yard-gastropub-north-fayette-robinson/WY0I_97WRvG7podOROtlBw,bridgeville-pennsylvania
https://www.ubereats.com/pittsburgh/food-delivery/groovy-lous-smoothies-and-frappes/M_D60MA4Twm8kV2LfZUAgg,bridgeville-pennsylvania
https://www.ubereats.com/pittsburgh/food-delivery/dunkin-179-millers-run-rd/NPK1enGHQxuCFaPSXLob2A,bridgeville-pennsylvania
https://www.ubereats.com/pittsburgh/food-delivery/kabab-%26-curry-restaurant-%26-grill/jZ3x7vXRRQikO4N3v3ZWFw,bridgeville-pennsylvania
https://www.ubereats.com/pittsburgh/food-delivery/walnut-grill-bethel/LP0uoQaBQWmbq7CJX_JGyQ,bridgeville-pennsylvania
https://www.ubereats.com/pittsburgh/food-delivery/big-shot-bobs-carnegie/n3gbSAnwTR2-B0Zs26wlLw,bridgeville-pennsylvania
https://www.ubereats.com/pittsburgh/food-delivery/pennsbury-pub-%26-grille/P7KQlY7OSpqnFEW1BvijoQ,bridgeville-pennsylvania
https://www.ubereats.com/pittsburgh/food-delivery/cracker-barrel-old-country-store-200-davis-blvd/np2sMB2GQUCTS-c9R-TKKQ,bridgeville-pennsylvania
https://www.ubereats.com/pittsburgh/food-delivery/lowkey-taco/2qbWlatmTXeaDAd-RdRsVA,bridgeville-pennsylvania
https://www.ubereats.com/pittsburgh/food-delivery/primanti-bros-830-clairton-blvd/wny40HykS-CxQGMzHltsFQ,bridgeville-pennsylvania
https://www.ubereats.com/pittsburgh/food-delivery/firehouse-subs-320-mcholme-drive/16m57hcTRg2gCACH_zkSdQ,bridgeville-pennsylvania
https://www.ubereats.com/pittsburgh/food-delivery/pizza-412/S-aZaEw-QHmn2Xl3MBwnSw,bridgeville-pennsylvania
https://www.ubereats.com/pittsburgh/food-delivery/mcdonalds-castle-shannon/O1ETNXLfS2WpxQKjWDY0zw,bridgeville-pennsylvania
https://www.ubereats.com/pittsburgh/food-delivery/pizza-palermo-crafton/IBY2SXkhQeev9ohJEeCtgg,bridgeville-pennsylvania
https://www.ubereats.com/pittsburgh/food-delivery/mcdonalds-heidelberg/PQ8zlT_pQ520tKOTwD7EJg,bridgeville-pennsylvania
https://www.ubereats.com/pittsburgh/food-delivery/jersey-mikes-subs-bridgeville-1155-washington-pike/3B3e1XVdTQ-QTBAVx21vYg,bridgeville-pennsylvania
https://www.ubereats.com/pittsburgh/food-delivery/el-campesino-mcmurray/CLu8LrSCQTyGVLlyp4mlgg,bridgeville-pennsylvania
https://www.ubereats.com/pittsburgh/food-delivery/wahlburgers-pittsburgh-robinson/qAOLymNxTlKuiQ1TctrUSA,bridgeville-pennsylvania
https://www.ubereats.com/pittsburgh/food-delivery/betsys-ice-cream/a1laog93TbC6ryLPZtR0Aw,bridgeville-pennsylvania
https://www.ubereats.com/pittsburgh/food-delivery/chipotle-mexican-grill-310-mcholme-dr/aruJ_03dSLio3OQ2eKtzpA,bridgeville-pennsylvania
https://www.ubereats.com/pittsburgh/food-delivery/starbucks-collier-town-square/tGU62HG3TpSNiTq3nvNZMw,bridgeville-pennsylvania
https://www.ubereats.com/pittsburgh/food-delivery/bravo-1500-washington-rd/-0XMeFarTSKW-clyjlFI9g,bridgeville-pennsylvania
https://www.ubereats.com/pittsburgh/food-delivery/the-commoner/Ld2wKhd3Quah2vIyoCBOuQ,bridgeville-pennsylvania
https://www.ubereats.com/pittsburgh/food-delivery/cold-stone-creamery-6509-robinson-center-dr/A0EL4aqHQRGdwE-F3svc7g,bridgeville-pennsylvania
https://www.ubereats.com/pittsburgh/food-delivery/labella-bean/yc1SOKd_S3mTS-pcJ8DThw,bridgeville-pennsylvania
https://www.ubereats.com/pittsburgh/food-delivery/red-robin-443-301-south-hills-village/w5Ff0m4cSBSCf-bWIoR1ZQ,bridgeville-pennsylvania
https://www.ubereats.com/pittsburgh/food-delivery/pasquallys-pizza-%26-wings-1025-washington-pike/rDQzzHXHSqmfblfn-NaRZQ,bridgeville-pennsylvania
https://www.ubereats.com/pittsburgh/food-delivery/big-guys-pizza/27aLpo06TH6sMT0dAHzjhQ,bridgeville-pennsylvania
https://www.ubereats.com/pittsburgh/food-delivery/panera-202342/cSqWDVM2Teiy3B5hDo1LDQ,bridgeville-pennsylvania
https://www.ubereats.com/pittsburgh/food-delivery/the-pie-place/SEPT_g7PR16KgGAXC3Q8Fw,bridgeville-pennsylvania
https://www.ubereats.com/pittsburgh/food-delivery/country-style-pizza/3Ho73O66Sb6Wi-w9FJwEMg,bridgeville-pennsylvania
https://www.ubereats.com/pittsburgh/food-delivery/wendys-60-town-square-way/a8RicB0RRA2iIUhESWwR1A,bridgeville-pennsylvania
https://www.ubereats.com/pittsburgh/food-delivery/cucina-bella/lNtSIxFDTPyq1KEdWxPZow,bridgeville-pennsylvania
https://www.ubereats.com/pittsburgh/food-delivery/thai-foon-restaurant/t1U3YZjYTMG0_7UUGQXvHA,bridgeville-pennsylvania
https://www.ubereats.com/pittsburgh/food-delivery/walids-fish-and-chicken/pgUSsDGwQNGG24xhJOKupA,bridgeville-pennsylvania
https://www.ubereats.com/pittsburgh/food-delivery/sugar-and-spice/iC7_9qTRT4ubKEsc9hdahQ,bridgeville-pennsylvania
https://www.ubereats.com/pittsburgh/food-delivery/edible-arrangements-250-mt-lebanon-boulevard-suite-e-40/NkMKosW7TPiTw2MN9Fg8bw,bridgeville-pennsylvania
https://www.ubereats.com/pittsburgh/food-delivery/wendys-2237-noblestown/f1mHB6yUS3OArAl1RtdZLw,bridgeville-pennsylvania
https://www.ubereats.com/pittsburgh/food-delivery/arbys-450-clairton-blvd/WIc1TlDASBay-SQAJuIvfg,bridgeville-pennsylvania
https://www.ubereats.com/pittsburgh/food-delivery/mikes-beer-bar/UpkyaIiCQwOg6i36ivI5gw,bridgeville-pennsylvania
https://www.ubereats.com/pittsburgh/food-delivery/auntie-annes-4734-fc-9-100-robinson-ctr-dr/P5Et5HwVQ0GP2gWVB673fg,bridgeville-pennsylvania
https://www.ubereats.com/pittsburgh/food-delivery/golden-corral-900-park-manor-blvd/9NJXWb11QwOkoAFlH1ctmg,bridgeville-pennsylvania
https://www.ubereats.com/pittsburgh/food-delivery/sawasdee-thai-kitchen/WtvW8MXvSGW_6qTD-2ccBA,bridgeville-pennsylvania
https://www.ubereats.com/pittsburgh/food-delivery/aspendos-turkish-kebab-house/-QP6YnacTj6W6xcTnmgGiw,bridgeville-pennsylvania
https://www.ubereats.com/pittsburgh/food-delivery/subway-308-cochran-rd/kT_1saatTB28BelUkJLIRA,bridgeville-pennsylvania
https://www.ubereats.com/pittsburgh/food-delivery/china-cafe-pittsburgh/mQJ9qFThSSCQOZu0el8rbg,bridgeville-pennsylvania
https://www.ubereats.com/pittsburgh/food-delivery/starbucks-virginia-manor-shops/ZSiIUz3gRe6OeQT9iOqhFw,bridgeville-pennsylvania
https://www.ubereats.com/pittsburgh/food-delivery/papa-johns-pizza-bellevue/wWTGLp2iTrOUy-stD51iQA,bridgeville-pennsylvania
https://www.ubereats.com/pittsburgh/food-delivery/chipotle-mexican-grill-1614-cochran-rd/L2XYp5tbTFytfQd8bY8W4Q,bridgeville-pennsylvania
https://www.ubereats.com/pittsburgh/food-delivery/angkor-restaurant/iszzNdg7T_-62OEyAb_y4Q,bridgeville-pennsylvania
https://www.ubereats.com/pittsburgh/food-delivery/dunkin-1098-washington-pike/PsIp2DwjQwG-vMzuXqm7Ng,bridgeville-pennsylvania
https://www.ubereats.com/pittsburgh/food-delivery/kfc-5130-clairton-blvd/joD9UDO1SNGOQzI2ZuPnBQ,bridgeville-pennsylvania
https://www.ubereats.com/pittsburgh/food-delivery/vocelli-pizza-4235-murray-ave/6G37JOwGTqaz2l48W035oA,bridgeville-pennsylvania
https://www.ubereats.com/pittsburgh/food-delivery/dairy-queen-treat-268-settlers-ridge-cente/pwHaOW_7S-uKpOsuWY6GXA,bridgeville-pennsylvania
https://www.ubereats.com/pittsburgh/food-delivery/arbys-6192-steubenville-pike/zVVPve-LSaGTR_PcFhl9Dw,bridgeville-pennsylvania
https://www.ubereats.com/pittsburgh/food-delivery/wendys-1660-cochran-rd/9qKy7AJBSgmVdqC6hLAhpg,bridgeville-pennsylvania
https://www.ubereats.com/pittsburgh/food-delivery/outback-steakhouse-1400-marketplace-boulevard/awDtqNcoTEuXXLxhoSNStw,bridgeville-pennsylvania
https://www.ubereats.com/pittsburgh/food-delivery/ham-n-eggers-diner/PgsIdz2cQiiRO_WCZ9jpwQ,bridgeville-pennsylvania
https://www.ubereats.com/pittsburgh/food-delivery/true-pizzeria-%26-lounge/ztnc-iBKSk2NAA33g-wIIQ,bridgeville-pennsylvania
https://www.ubereats.com/pittsburgh/food-delivery/subway-1160-washington-ave/IhYCe__9TsuRFMUXeqGGBg,bridgeville-pennsylvania
https://www.ubereats.com/pittsburgh/food-delivery/olive-oils-pizzeria-bethel-park/MeaqFmYbRNmKoCcTy55Eyw,bridgeville-pennsylvania
https://www.ubereats.com/pittsburgh/food-delivery/chipotle-mexican-grill-3009-washington-pike/RVgzJ60bT-O-VTYhPVNWGQ,bridgeville-pennsylvania
https://www.ubereats.com/pittsburgh/food-delivery/hook-fish-%26-chicken-ormsby-ave/s7bNolZcTbe3TzHwQUv1zA,bridgeville-pennsylvania
https://www.ubereats.com/pittsburgh/food-delivery/riviera-pizza-%26-pasta/b8DjgP7hR4OvGl5UjT3htA,bridgeville-pennsylvania
https://www.ubereats.com/pittsburgh/food-delivery/starbucks-bethel-park/1dFvn_17QoCh1gjeI5GqZg,bridgeville-pennsylvania
https://www.ubereats.com/pittsburgh/food-delivery/bob-evans-80-2210-lebanon-church-road/VhU0jKDhQWmfhzqGKe7ERQ,bridgeville-pennsylvania
https://www.ubereats.com/pittsburgh/food-delivery/peace-love-%26-little-donuts-robinson/s6JnC4bORD6gWZ9GkISYlQ,bridgeville-pennsylvania
https://www.ubereats.com/pittsburgh/food-delivery/quaker-steak-%26-lube-110-andrew-dr/L1A6XDOAQEW0Q3MO6x0Fmw,bridgeville-pennsylvania
https://www.ubereats.com/pittsburgh/food-delivery/tamarind-savoring-india-greentree/CL5V6K3eQvusaRw6Ac0rYQ,bridgeville-pennsylvania
https://www.ubereats.com/pittsburgh/food-delivery/peppercinis-italian-restaurant-and-lounge/Vwwv06rhQbC9GK6FB0IAZw,bridgeville-pennsylvania
https://www.ubereats.com/pittsburgh/food-delivery/my-favorite-sweet-shoppe/T5cCgbCOQOK13YniiVCRcQ,bridgeville-pennsylvania
https://www.ubereats.com/pittsburgh/food-delivery/r%26bs-pizza/yB7xYyHISb-jsDkpkPUt5g,bridgeville-pennsylvania
https://www.ubereats.com/pittsburgh/food-delivery/jersey-mikes-subs-4123-washington-road/OAnjNqcQQRCMI2AVW1GE5A,bridgeville-pennsylvania
https://www.ubereats.com/pittsburgh/food-delivery/donut-connection/1V4vDBqBTpGzklgjiwChag,bridgeville-pennsylvania
https://www.ubereats.com/pittsburgh/food-delivery/panda-express-2070-lebanon-church-rd/_pZ8yAIHT2GuqPTY5bRu7g,bridgeville-pennsylvania
https://www.ubereats.com/pittsburgh/food-delivery/vocelli-pizza-1687-washington-road/q1ZKmnGTSWm2QrYhkoPOEQ,bridgeville-pennsylvania
https://www.ubereats.com/pittsburgh/food-delivery/nippers/SNw1bwzgR5K3VkJzZ-TqyA,bridgeville-pennsylvania
https://www.ubereats.com/pittsburgh/food-delivery/sunset-pizza-%26-grille/FJAFxFVhToOWRBDurUQfHg,bridgeville-pennsylvania
https://www.ubereats.com/pittsburgh/food-delivery/ihop-1002-sutherland-dr/IkLwQ3RfQIqNQ_t1usAKgQ,bridgeville-pennsylvania
https://www.ubereats.com/pittsburgh/food-delivery/vocelli-pizza-3531-washington-road/JBBjOPaFR3-91BCzKN--zg,bridgeville-pennsylvania
https://www.ubereats.com/pittsburgh/food-delivery/chutneys-indian-veg-kitchen/xSpd0YOnSk2FrLoT1Hs7gg,bridgeville-pennsylvania
https://www.ubereats.com/pittsburgh/food-delivery/fresh-healthy-cafe-1000-robinson-centre-drive/hGnLY1dlSd2voOuFRrAvCQ,bridgeville-pennsylvania
https://www.ubereats.com/pittsburgh/food-delivery/first-watch-bridgeville/Xkhqh_AjRsWC0Uh6ygXDiw,bridgeville-pennsylvania
https://www.ubereats.com/pittsburgh/food-delivery/wendys-3500-washington-rd/YfCbLjLeTNS6Wflv7IWq7g,bridgeville-pennsylvania
https://www.ubereats.com/pittsburgh/food-delivery/fireside-inn/smWL1ai-S82YKBn0dQDpHg,bridgeville-pennsylvania
https://www.ubereats.com/pittsburgh/food-delivery/the-coal-mine/3a96G8nQQPSzTnCgIhzzZg,bridgeville-pennsylvania
https://www.ubereats.com/pittsburgh/food-delivery/wendys-1125-washington-pike/UCkOMC0LTRKaXtVJbtkvaw,bridgeville-pennsylvania
https://www.ubereats.com/pittsburgh/food-delivery/nobbys-pizzeria-373-vanadium-rd/_hXwSUQTRgmD_8X9ztCc2Q,bridgeville-pennsylvania
https://www.ubereats.com/pittsburgh/food-delivery/jersey-mikes-subs-5255-library-road/HAqa5gW7Rk2TY37oLzXJig,bridgeville-pennsylvania
https://www.ubereats.com/pittsburgh/food-delivery/crispy-cluck-%26-fish/IUM4B4zFSrSBk3Gl-jtdvA,bridgeville-pennsylvania
https://www.ubereats.com/pittsburgh/food-delivery/taco-bell-1690-cochran-rd/vV2DyN2dS0CleDW0r9qCkg,bridgeville-pennsylvania
https://www.ubereats.com/pittsburgh/food-delivery/rossis-market/4ytJsH03S3CbYvYs0It2eA,bridgeville-pennsylvania
https://www.ubereats.com/pittsburgh/food-delivery/vocelli-pizza-30-west-pike-street/db0YVmooQXO1upnWaaFPSg,bridgeville-pennsylvania
https://www.ubereats.com/pittsburgh/food-delivery/pizza-care/SNBiIMLDS-KwyJCqMpan_A,bridgeville-pennsylvania
https://www.ubereats.com/pittsburgh/food-delivery/spillys-barbeque/Co9Pi103Qx6ODA315FnTmQ,bridgeville-pennsylvania
https://www.ubereats.com/pittsburgh/food-delivery/cafe-412/WFyy97iWSHmdou_k3xNhdg,bridgeville-pennsylvania
https://www.ubereats.com/pittsburgh/food-delivery/vincenzos-pizza-%26-pasta/JB_pECBwTeS7ptZXGTJPwg,bridgeville-pennsylvania
https://www.ubereats.com/pittsburgh/food-delivery/chuck-e-cheese-1025-washington-pike/NUo-QzDuTUiYwQjxE2h-oQ,bridgeville-pennsylvania
https://www.ubereats.com/pittsburgh/food-delivery/hot-box-pizza-%26-wings/YEwtFJVnQWqNKvXLoCAITg,bridgeville-pennsylvania
https://www.ubereats.com/pittsburgh/food-delivery/slice-on-broadway-beechview/Wi0lYVrVTHyeW7gwElyK3w,bridgeville-pennsylvania
https://www.ubereats.com/pittsburgh/food-delivery/the-original-gyro-3611-library-road/c1oT2uLCQZG3SwY8MLjWcw,bridgeville-pennsylvania
https://www.ubereats.com/pittsburgh/food-delivery/jean-louis/Hvk0xdt3Qr2pY_4z3_-LTA,bridgeville-pennsylvania
https://www.ubereats.com/pittsburgh/food-delivery/kfc-taco-bell-109-cavasina-drive/9Agcx7DXSR2dcXK2pwJ_nQ,bridgeville-pennsylvania
https://www.ubereats.com/pittsburgh/food-delivery/anthonys-coal-fired-pizza-settlers-ridge/Y2Elt7TxQNabrd2cm7K6AA,bridgeville-pennsylvania
https://www.ubereats.com/pittsburgh/food-delivery/blaze-pizza-160-millers-run-rd-%23100/pf4drvftRfaPCyTLcej_4w,bridgeville-pennsylvania
https://www.ubereats.com/pittsburgh/food-delivery/vocelli-pizza-1025-washington-pike/A-s3EhnBQDehQ7wKihDy-A,bridgeville-pennsylvania
https://www.ubereats.com/pittsburgh/food-delivery/deli-412/jLUhbs9fQeKk0OCSkB9QkA,bridgeville-pennsylvania
https://www.ubereats.com/pittsburgh/food-delivery/buffalo-wild-wings-480-home-dr/WWyjXU81Q_uOYSWIGl-GHg,bridgeville-pennsylvania
https://www.ubereats.com/pittsburgh/food-delivery/wendys-2410-w-liberty/2bvmyjCjQPGQVeRZZNZ9NQ,bridgeville-pennsylvania
https://www.ubereats.com/pittsburgh/food-delivery/vocelli-pizza-691-clairton-boulevard/pgSBg1XsRxOlnoAqR9Qv_Q,bridgeville-pennsylvania
https://www.ubereats.com/pittsburgh/food-delivery/dennys-271-clairton-blvd/u8d0aRLyQc-awUDxvYGGTQ,bridgeville-pennsylvania
https://www.ubereats.com/pittsburgh/food-delivery/buffalo-wild-wings-9996-mountain-view-drive/-YG3iL5hQweKwGemjlvfUQ,bridgeville-pennsylvania
https://www.ubereats.com/pittsburgh/food-delivery/pizza-di-roma/vgfx_zCISsWAKoGhDTsYSQ,bridgeville-pennsylvania
https://www.ubereats.com/pittsburgh/food-delivery/brgr-mt-lebanon/IsUdebh4QVmYVSbPeapFDw,bridgeville-pennsylvania
https://www.ubereats.com/pittsburgh/food-delivery/bjs-restaurant-%26-brewhouse-1819-washington-rd/0SmJcT8gQWe1tKftbn_LNQ,bridgeville-pennsylvania
https://www.ubereats.com/pittsburgh/food-delivery/pizza-palatino/cVJDW4bAQ82QEvbN5RqOSA,bridgeville-pennsylvania
https://www.ubereats.com/pittsburgh/food-delivery/hop-house-green-tree/o3V28RweQl6eTQ-Stxbz_g,bridgeville-pennsylvania
https://www.ubereats.com/pittsburgh/food-delivery/tequila-cowboy/5MULIJfkSzWFpIqj6h4QZA,bridgeville-pennsylvania
https://www.ubereats.com/pittsburgh/food-delivery/big-shot-bobs-house-of-wingsbeechview/1l1xSgX4Rh6tfZ8o7HTkig,bridgeville-pennsylvania
https://www.ubereats.com/pittsburgh/food-delivery/dunkin-3528-washington-rd/DaO53s0NRDeGUNm4xEOgsg,bridgeville-pennsylvania
https://www.ubereats.com/pittsburgh/food-delivery/giovannis-pizza-and-pasta/IiE2Zxe-Rhmj8LiwXg4JNQ,bridgeville-pennsylvania
https://www.ubereats.com/pittsburgh/food-delivery/red-tea-house/H9ry5ovEQeCcvnVYZkUymw,bridgeville-pennsylvania
https://www.ubereats.com/pittsburgh/food-delivery/the-alcove/sTLNWg8kRjeE0gywJpxYnw,bridgeville-pennsylvania
https://www.ubereats.com/pittsburgh/food-delivery/dennys-2180-greentree-rd/CrK2B0_zTFeT2fjvrAgSaw,bridgeville-pennsylvania
https://www.ubereats.com/pittsburgh/food-delivery/insomnia-marisqueria/9e77uH-yTgG3oT8xordqlA,bridgeville-pennsylvania
https://www.ubereats.com/pittsburgh/food-delivery/foxs-pizza-den-902-brookline-blvd/Wmo2GmymRJqer5eQMfaC1Q,bridgeville-pennsylvania
https://www.ubereats.com/pittsburgh/food-delivery/wendys-5055-library-rd/kgHKRPwzTXSNdsCgpa9lCQ,bridgeville-pennsylvania
https://www.ubereats.com/pittsburgh/food-delivery/dibellas-old-fashioned-submarines-6501-steubenville-pike/J3LmeMB0RDmLl6vjCB1BnA,bridgeville-pennsylvania
https://www.ubereats.com/pittsburgh/food-delivery/casa-amigos/VOTqpJvXT-u-w21GzvDG_w,bridgeville-pennsylvania
https://www.ubereats.com/pittsburgh/food-delivery/starbucks-greentree-road/RbyIreE2TfKjfU-AHuMlOg,bridgeville-pennsylvania
https://www.ubereats.com/pittsburgh/food-delivery/dennys-2200-lebanon-church-road/dc-8fKsHTZmFdDxNjC2IsQ,bridgeville-pennsylvania
https://www.ubereats.com/pittsburgh/food-delivery/getmomuffins/JvW8zIB_RoeILpwreSQk1A,bridgeville-pennsylvania
https://www.ubereats.com/pittsburgh/food-delivery/starbucks-banksville-plaza/gjoue-GDRDmPkeSxmfWatQ,bridgeville-pennsylvania
https://www.ubereats.com/pittsburgh/food-delivery/vocelli-pizza-5644-steubenville-pike/2o5wpSCEQ1uN0XOCR80bhA,bridgeville-pennsylvania
https://www.ubereats.com/pittsburgh/food-delivery/crave-frozen-desserts/CG6Dc5AnTiu97fU6BvEyAg,bridgeville-pennsylvania
https://www.ubereats.com/pittsburgh/food-delivery/dairy-queen-102-mcdowell-ln/AFoZrRo6Q-yisgzuDjEFZw,bridgeville-pennsylvania
https://www.ubereats.com/pittsburgh/food-delivery/mcdonalds-bridgeville/ziMez17KRK-Lvei0DtBSXQ,bridgeville-pennsylvania
https://www.ubereats.com/pittsburgh/food-delivery/subway-1025-washington-pike/AAd8wHJKQ0WsQ3VNpDQ5uQ,bridgeville-pennsylvania
https://www.ubereats.com/pittsburgh/food-delivery/rileys-pour-house/uj0Tf_DHQ9eXSXZ0UL6dUg,bridgeville-pennsylvania
https://www.ubereats.com/pittsburgh/food-delivery/mcdonalds-ft-couch-rd/-KPs3vW8REyojvBRNO7gJw,bridgeville-pennsylvania
https://www.ubereats.com/pittsburgh/food-delivery/crafthouse-stage-%26-grill/7C_sYYdkQ-61dFU9nTT7YA,bridgeville-pennsylvania
https://www.ubereats.com/pittsburgh/food-delivery/sawasdee-thai-%26-sushi/JHcJrY-WRoaCOCyDHvBdjA,bridgeville-pennsylvania
https://www.ubereats.com/pittsburgh/food-delivery/benihana-2100-greentree-road/9dAm1bNqRDuDArfDLy96Hg,bridgeville-pennsylvania
https://www.ubereats.com/pittsburgh/food-delivery/red-robin-472-1230-settlers-ridge-center-dr/3JJoCs-sQIWgFnVuNW7RzA,bridgeville-pennsylvania
https://www.ubereats.com/pittsburgh/food-delivery/honeybaked-ham-1630-washington-rd/qNuDlEXAQV-85TUZe9317A,bridgeville-pennsylvania
https://www.ubereats.com/pittsburgh/food-delivery/red-lobster-6150-robinson-center-drive/4xRReqgLQm6Nz_pFMcnZVg,bridgeville-pennsylvania
https://www.ubereats.com/pittsburgh/food-delivery/bob-evans-498-3350-washington-road/gAph8zskQnessrUk6ADGZw,bridgeville-pennsylvania
https://www.ubereats.com/pittsburgh/food-delivery/aladdins-eatery-mcmurray/4MBr15zATGuKKQmKSvtqbA,bridgeville-pennsylvania
https://www.ubereats.com/pittsburgh/food-delivery/burgatory-the-pointe/E_DRIguuTKaXLZuxD3w90Q,bridgeville-pennsylvania
https://www.ubereats.com/pittsburgh/food-delivery/campitis-pizzeria-bethel-park/cQkz0KAlTS6nGZ5dv6ikpQ,bridgeville-pennsylvania
https://www.ubereats.com/pittsburgh/food-delivery/primanti-brothers-steubenville-pike-robinson/cwboc2z-TJec5J9YwBfciA,bridgeville-pennsylvania
https://www.ubereats.com/pittsburgh/food-delivery/subway-3147-banksville-rd/uDsXzkXXTKy9Z1Bak9zYXA,bridgeville-pennsylvania
https://www.ubereats.com/pittsburgh/food-delivery/luma-restaurant/pLXcAEzGSGSgbCqW--vFPA,bridgeville-pennsylvania
https://www.ubereats.com/pittsburgh/food-delivery/totopo/6AQNhnaZT7mevBkQNa7xLg,bridgeville-pennsylvania
https://www.ubereats.com/pittsburgh/food-delivery/toss-pizza-and-wings/41H7SBsPR3WjZn1iYydniw,bridgeville-pennsylvania
https://www.ubereats.com/pittsburgh/food-delivery/mintt-indian-restaurant/AJt4EcGYTlanN5dknsPxpQ,bridgeville-pennsylvania
https://www.ubereats.com/pittsburgh/food-delivery/big-shot-bobs-house-of-wings-bethel-park/Bcn94qUSQcekN2IXlCUInQ,bridgeville-pennsylvania
https://www.ubereats.com/pittsburgh/food-delivery/pabellon/wSCb6hISReOCSQ3WSADXjQ,bridgeville-pennsylvania
https://www.ubereats.com/pittsburgh/food-delivery/zoup!-1945-park-manor-blvd/-9sBNUJ2ThOjFcAr_gT35g,bridgeville-pennsylvania
https://www.ubereats.com/pittsburgh/food-delivery/carmodys-grille/pOm7DbiBQ0yvnE_Rj7W3Ew,bridgeville-pennsylvania
https://www.ubereats.com/pittsburgh/food-delivery/jade-grille/ip0hlICCR0eZguJ6AShH-A,bridgeville-pennsylvania
https://www.ubereats.com/pittsburgh/food-delivery/don-campitis-pizzeria-dormont/qeCsMa9_RqqsyT7trd_Zmw,bridgeville-pennsylvania
https://www.ubereats.com/pittsburgh/food-delivery/sincerely-yogurt-1025-washington-pike/VeZjS5uQRCu4FMWgbKB0tw,bridgeville-pennsylvania
https://www.ubereats.com/pittsburgh/food-delivery/sushi-bomb/b6FzPLZtSjGEkxwkTfXQmw,bridgeville-pennsylvania
https://www.ubereats.com/pittsburgh/food-delivery/papagallo/SGyIZ76gRf6RH-pSHt5b6Q,bridgeville-pennsylvania
https://www.ubereats.com/pittsburgh/food-delivery/arbys-3700-library-rd/NtjiVOzSSty6mucA7ax8vQ,bridgeville-pennsylvania
https://www.ubereats.com/pittsburgh/food-delivery/mitchells-fish-market-1500-washington-rd/ASIJuTbvRNOkcJAZMeeUhw,bridgeville-pennsylvania
https://www.ubereats.com/pittsburgh/food-delivery/coughlins-law-kitchen-and-ale-house/T61BDMMcR-K20Ek6HamEaw,bridgeville-pennsylvania
