url,city
https://www.ubereats.com/connecticut/food-delivery/the-greek-spot/vENfutGfS5igPpApnQba4A,bridgeport-connecticut
https://www.ubereats.com/connecticut/food-delivery/paramount-pizza/aDPEmoEOS1WiVahN611Cww,bridgeport-connecticut
https://www.ubereats.com/connecticut/food-delivery/fairfield-deli-%26-grill/zOZfitF_RTuv9xD0iM-kwQ,bridgeport-connecticut
https://www.ubereats.com/connecticut/food-delivery/stratford-skillet/YZf0qrLzReuhkh7jCPAqBQ,bridgeport-connecticut
https://www.ubereats.com/connecticut/food-delivery/krispy-krunchy-chicken-fairfield-ave/36yks6p6TDyj4-jgmDSXVQ,bridgeport-connecticut
https://www.ubereats.com/connecticut/food-delivery/jersey-mikes-subs-derby-50-pershing-dr/KCtiX6QpS8qq7qS21iCOYA,bridgeport-connecticut
https://www.ubereats.com/connecticut/food-delivery/milford-diner/zBOHiZx4QTi3L7MAxCCo1Q,bridgeport-connecticut
https://www.ubereats.com/connecticut/food-delivery/bella-sera-ristorante/23lCEF80Ti-RFPJL9_Ww_g,bridgeport-connecticut
https://www.ubereats.com/connecticut/food-delivery/still-river-bar-%26-grill/1HIjAMjgRpC9ro_aas8z8w,bridgeport-connecticut
https://www.ubereats.com/connecticut/food-delivery/la-chinita-peruana/R_NDacVwT9ejMGKuMpmIEw,bridgeport-connecticut
https://www.ubereats.com/connecticut/food-delivery/pizzaco/iYdU4Nj6RHa628fIgWDn-g,bridgeport-connecticut
https://www.ubereats.com/connecticut/food-delivery/catch-a-healthy-habit/RBJo-t31TSa_qqEjCKDddw,bridgeport-connecticut
https://www.ubereats.com/connecticut/food-delivery/poes-kitchen-east-end/ffhMMfpmThyoU3aO_3zKpQ,bridgeport-connecticut
https://www.ubereats.com/connecticut/food-delivery/ninos-place/Z8UxxZUIS521dpp8coTYnw,bridgeport-connecticut
https://www.ubereats.com/connecticut/food-delivery/little-caesars-pizza-186-north-avenue/sEsosQqCQk-UojkfKhAowQ,bridgeport-connecticut
https://www.ubereats.com/connecticut/food-delivery/flavaz-jamaican-restaurant/KSqBHaiUSlK14E77y9YFxA,bridgeport-connecticut
https://www.ubereats.com/connecticut/food-delivery/pizza-post/h1aioEAcT1aW0KzHXsLGtA,bridgeport-connecticut
https://www.ubereats.com/connecticut/food-delivery/captains-pizza-restaurant-%231/ou71sKvOQ16swa-DakmDIg,bridgeport-connecticut
https://www.ubereats.com/connecticut/food-delivery/grill-ii/nMC63DJaRIq7DnIKC_D6qg,bridgeport-connecticut
https://www.ubereats.com/connecticut/food-delivery/parkertrumbull/NfNoA6EITsCR_nyHzEF-tg,bridgeport-connecticut
https://www.ubereats.com/connecticut/food-delivery/brick-oven-on-main/HPMgFRSuTHyDgOQsSf5XOg,bridgeport-connecticut
https://www.ubereats.com/connecticut/food-delivery/eddies-market/DxshBZKtSbKGSDhBwPir8A,bridgeport-connecticut
https://www.ubereats.com/connecticut/food-delivery/jb-vibes/I0e-gSWoRUSJVwt9MXUoLA,bridgeport-connecticut
https://www.ubereats.com/connecticut/food-delivery/wafu-asian-bistro/cCL9u3AwQHe7HsoWHlujeQ,bridgeport-connecticut
https://www.ubereats.com/connecticut/food-delivery/la-fortuna/OMueDAigTUagWti21NCGlw,bridgeport-connecticut
https://www.ubereats.com/connecticut/food-delivery/robeks-black-rock-turnpike/qa4MSiFbTbSr6UDuJv6ycw,bridgeport-connecticut
https://www.ubereats.com/connecticut/food-delivery/dunkin-880-barnum-avenue-cutoff/SfS4VbLoRy613mcZ7ZCyrQ,bridgeport-connecticut
https://www.ubereats.com/connecticut/food-delivery/westport-chinese-takeout/cPPEx5QqS-2L-paY_NFBkg,bridgeport-connecticut
https://www.ubereats.com/connecticut/food-delivery/the-ice-cream-shop/HtkiWTRESOmFkf11dfRZ_Q,bridgeport-connecticut
https://www.ubereats.com/connecticut/food-delivery/ola-latin-kitchen/yqGr2iPARJ-eYWnu3F4wPw,bridgeport-connecticut
https://www.ubereats.com/connecticut/food-delivery/brooklawn-deli/liHhug_rTE-zPlmBMRjJxA,bridgeport-connecticut
https://www.ubereats.com/connecticut/food-delivery/papas-place/8PEUneujRRm4mjeS1v7DGA,bridgeport-connecticut
https://www.ubereats.com/connecticut/food-delivery/new-best-wok/4etKebdBQLW7ie6hgDe4tg,bridgeport-connecticut
https://www.ubereats.com/connecticut/food-delivery/cibus-latin-fusion/1nyZEcfeRT2uGkHHdSSKgQ,bridgeport-connecticut
https://www.ubereats.com/connecticut/food-delivery/olivias-restaurant-%26-juice-bar/5JssTIvfQYOYBlYU68i5PA,bridgeport-connecticut
https://www.ubereats.com/connecticut/food-delivery/la-cabana/smdKwCF2RzifxzJ4kDolWQ,bridgeport-connecticut
https://www.ubereats.com/connecticut/food-delivery/chips-family-restaurant-fairfield/L1HCu9zjSaOFD8Kt4BO4XQ,bridgeport-connecticut
https://www.ubereats.com/connecticut/food-delivery/popeyes-north-ave/dLJMTo6zQEi3US5r4NjLwQ,bridgeport-connecticut
https://www.ubereats.com/connecticut/food-delivery/mex-on-main/Q-1c6UgCQ024kCuF58Yb5g,bridgeport-connecticut
https://www.ubereats.com/connecticut/food-delivery/pronto-chop-shop-%26-pizzeria/ESYN1stQQbKMrmX1oQYfQg,bridgeport-connecticut
https://www.ubereats.com/connecticut/food-delivery/king-%26-i/hgmq3ndCTFuVNXlsTsigQA,bridgeport-connecticut
https://www.ubereats.com/connecticut/food-delivery/one-love-kv-2/zxDiVoLrQpO6Jl_GDVh7DQ,bridgeport-connecticut
https://www.ubereats.com/connecticut/food-delivery/trap-chicken/e0EBDCUbRhSkJs76WCo7lA,bridgeport-connecticut
https://www.ubereats.com/connecticut/food-delivery/osaka-hibachi-buffet/e8G8nvnUShmC4UjaC6IUUQ,bridgeport-connecticut
https://www.ubereats.com/connecticut/food-delivery/miss-thelmas/J10h2CnUQECEKP_pL2Vmgw,bridgeport-connecticut
https://www.ubereats.com/connecticut/food-delivery/fatty-patty/oHfk_vDkTZiCjmuDM63vgA,bridgeport-connecticut
https://www.ubereats.com/connecticut/food-delivery/paisanos-pizza/I9GlLNszQUGmJY0M3aZvMw,bridgeport-connecticut
https://www.ubereats.com/connecticut/food-delivery/cibus-dos/et02UZUBSpa79TyKww894w,bridgeport-connecticut
https://www.ubereats.com/connecticut/food-delivery/krispy-krunchy-chicken-north-ave/nE_ilA0fTzeGOYy-WsF6vw,bridgeport-connecticut
https://www.ubereats.com/connecticut/food-delivery/famous-50s-diner/tMZGaOdIT0CLc2UsBGQW1A,bridgeport-connecticut
https://www.ubereats.com/connecticut/food-delivery/fatboy-steak-n-cheese/Zopf6hv3SA2lw_24i5XNIA,bridgeport-connecticut
https://www.ubereats.com/connecticut/food-delivery/za-pizza-connecticut/5Zgr1W-KQJ64VUUWRVrFWQ,bridgeport-connecticut
https://www.ubereats.com/connecticut/food-delivery/900-degrees-pizza-truck/0LhtboA6Rg2DnIYF-xv9ng,bridgeport-connecticut
https://www.ubereats.com/connecticut/food-delivery/la-bodega-del-mofongo/UnGQG5XSSiyuMaONP6kCVQ,bridgeport-connecticut
https://www.ubereats.com/connecticut/food-delivery/taco-bell-543-bridgeport-ave/g2pF_K3WTcOY00YHq8HwQg,bridgeport-connecticut
https://www.ubereats.com/connecticut/food-delivery/grk-grill/e0YQTyZ8RZ-7ypuhsE08KQ,bridgeport-connecticut
https://www.ubereats.com/connecticut/food-delivery/walnut-beach-creamery/DHpt6JUKQcWhpxGsrsU3Qw,bridgeport-connecticut
https://www.ubereats.com/connecticut/food-delivery/hannahs-kitchen/JWv3pBKrRaSitZpVhshteA,bridgeport-connecticut
https://www.ubereats.com/connecticut/food-delivery/the-granola-bar-fairfield/GPfQzrmdQ1-vwCgEuYfXeA,bridgeport-connecticut
https://www.ubereats.com/connecticut/food-delivery/ep-local-food-truck/AodAJflhQNKL8v_tWNLT7g,bridgeport-connecticut
https://www.ubereats.com/connecticut/food-delivery/poke-n-ramen-360-%232/ZuWyvo_GTqCip4wqtVtgdg,bridgeport-connecticut
https://www.ubereats.com/connecticut/food-delivery/mcdonalds-milford-bridgprt/SfCeBjDRSCW19Vp_I4Cn6g,bridgeport-connecticut
https://www.ubereats.com/connecticut/food-delivery/el-salvador-restaurant/xsXRtfOFRtq8B85jKAcwjg,bridgeport-connecticut
https://www.ubereats.com/connecticut/food-delivery/mancusos-ristorante-%26-bar/Fssp4PHrTyi9qm5Ok_QdQw,bridgeport-connecticut
https://www.ubereats.com/connecticut/food-delivery/mamma-winnies-caribbean-restaurant/Sb1K1XNIQIicDw5YClH_Fg,bridgeport-connecticut
https://www.ubereats.com/connecticut/food-delivery/bella-rosa-pizzeria-ristorante/Eu5XGbWhTqqWJirfq-mLRg,bridgeport-connecticut
https://www.ubereats.com/connecticut/food-delivery/goody-bassetts-ice-cream/s3t3JVgkT3KHHr9-0za5Sw,bridgeport-connecticut
https://www.ubereats.com/connecticut/food-delivery/red-lobster-4485-main-street/XduBYFhnSbyZgUwgNCkEDg,bridgeport-connecticut
https://www.ubereats.com/connecticut/food-delivery/djs-pizza/7hhLgJgPSyykeHeZ0HJs5A,bridgeport-connecticut
https://www.ubereats.com/connecticut/food-delivery/new-golden-empire/9g1ebZ75Sam0NpbP14lHjA,bridgeport-connecticut
https://www.ubereats.com/connecticut/food-delivery/dunkin-1910-black-rock-tpke/t0oZde7ZSkCyu1VepJRdhw,bridgeport-connecticut
https://www.ubereats.com/connecticut/food-delivery/brick-%2B-wood/wkDPMaDqSNm8XfQG64EzuA,bridgeport-connecticut
https://www.ubereats.com/connecticut/food-delivery/five-guys-ct-1380-340-grasmere-ave/j8xHLPQ9QWWs-h7b2j469A,bridgeport-connecticut
https://www.ubereats.com/connecticut/food-delivery/a%26s-italian-fine-foods/CUixIB2SQL2veAsM_qMxoA,bridgeport-connecticut
https://www.ubereats.com/connecticut/food-delivery/new-asian-chinese-%26-japanese-restaurant/UK2ivf-SQTaHRlClxh6RcQ,bridgeport-connecticut
https://www.ubereats.com/connecticut/food-delivery/family-spice/3C0mboSqSveZPdmnJEAydg,bridgeport-connecticut
https://www.ubereats.com/connecticut/food-delivery/sazon-y-mambo/GOk78wC6TYuCaoKRH9M0Tw,bridgeport-connecticut
https://www.ubereats.com/connecticut/food-delivery/number-1-chinese-restaurant/kFGRpK5NTtm3t_FvVdtwWw,bridgeport-connecticut
https://www.ubereats.com/connecticut/food-delivery/knapps-landing-restaurant/XrGAn5wCSxOc1clWNHlYvg,bridgeport-connecticut
https://www.ubereats.com/connecticut/food-delivery/forza-ristorante/2TPUH3JLS1SkEjDPDV9s4w,bridgeport-connecticut
https://www.ubereats.com/connecticut/food-delivery/new-great-china/SjI7CNVHQ-epG-QKSWv_lg,bridgeport-connecticut
https://www.ubereats.com/connecticut/food-delivery/cricket-car-hop/T99cD_jfQjCuOsSX9T-Pqw,bridgeport-connecticut
https://www.ubereats.com/connecticut/food-delivery/mcdonalds-411-barnum-ave-stratford-ct/6zrrSPJkR_K5CLj1lyrgxw,bridgeport-connecticut
https://www.ubereats.com/connecticut/food-delivery/dinos-market/HQcy8uY-TNCEfAEQFk4u2g,bridgeport-connecticut
https://www.ubereats.com/connecticut/food-delivery/bonchon-chicken-1561-post-rd/oaoZbr-hSoSQQBPjdBgEkA,bridgeport-connecticut
https://www.ubereats.com/connecticut/food-delivery/julians-pizza-bar-%26-kitchen/qnwVhAi2RWi3AfxeRyZl1w,bridgeport-connecticut
https://www.ubereats.com/connecticut/food-delivery/pearls-n-swirls/kZqYfkpvQe66emVgONa_Bg,bridgeport-connecticut
https://www.ubereats.com/connecticut/food-delivery/la-mexicana-restaurant-and-bakery/47GETxRPR-GsQtweU4O6ug,bridgeport-connecticut
https://www.ubereats.com/connecticut/food-delivery/dunkin-100-hawley-ln/hVRmSkXJS8mWFeyFuZ74lw,bridgeport-connecticut
https://www.ubereats.com/connecticut/food-delivery/monroe-diner/BqUxiTieTyWS39c47snvMw,bridgeport-connecticut
https://www.ubereats.com/connecticut/food-delivery/francis-family-restaurant-and-catering/u0zySfNXQl-i6rMVPden6g,bridgeport-connecticut
https://www.ubereats.com/connecticut/food-delivery/duchess-restaurant-black-rock-turnpike/0io_27MrSca4fJyp_4Hj1Q,bridgeport-connecticut
https://www.ubereats.com/connecticut/food-delivery/lisas-take-out-restaurant-and-catering/RnnOdzgRSsiRc2gLLRocFg,bridgeport-connecticut
https://www.ubereats.com/connecticut/food-delivery/pizza-mediterranean/l6cpS1jWSqCB_Uj0WDeSHw,bridgeport-connecticut
https://www.ubereats.com/connecticut/food-delivery/j-bagels-%26-cafe/S4FtDmB-SQmmwq2qX5JADA,bridgeport-connecticut
https://www.ubereats.com/connecticut/food-delivery/wild-kanji/mVaA4ayhTumGfWwhBC_hAg,bridgeport-connecticut
https://www.ubereats.com/connecticut/food-delivery/fairfield-pizza-fairfield/popwPXpdTaCRp38_0c0MkA,bridgeport-connecticut
https://www.ubereats.com/connecticut/food-delivery/mama-delucas-930-main-st/wOERoMFGRi691DSi_KPKlA,bridgeport-connecticut
https://www.ubereats.com/connecticut/food-delivery/chipotle-mexican-grill-701-bridgeport-ave/QTJHHi3QRbiNLTauTOEnbQ,bridgeport-connecticut
https://www.ubereats.com/connecticut/food-delivery/mcdonalds-hawley-lane-trumbull/Ha29VbVlQ3ay3rf9h0CZnw,bridgeport-connecticut
https://www.ubereats.com/connecticut/food-delivery/bereket-turkish-cuisine/P827GNjJQZueEQK3SZ5N7A,bridgeport-connecticut
https://www.ubereats.com/connecticut/food-delivery/crown-cafe/diJqYoBRT-GkFFGmMm-Dvw,bridgeport-connecticut
https://www.ubereats.com/connecticut/food-delivery/crown-fried-chicken-fairfield-ave/WQjuZWHuSU2q8OpQSwIozA,bridgeport-connecticut
https://www.ubereats.com/connecticut/food-delivery/devines-bagels/YpmX0i0CSiKakmXkDvjWwA,bridgeport-connecticut
https://www.ubereats.com/connecticut/food-delivery/sub-queen/aiUOEWhjTkCtPW-YWsElig,bridgeport-connecticut
https://www.ubereats.com/connecticut/food-delivery/burger-king-1540-barnum-avenue/9863f4HCSHGlQcW5AeigUg,bridgeport-connecticut
https://www.ubereats.com/connecticut/food-delivery/the-grinder-shoppe/TupHaKDzTQ-EN3X_pL6kEQ,bridgeport-connecticut
https://www.ubereats.com/connecticut/food-delivery/misimi/hCeMvHwaSvmRs8iS1WhyEw,bridgeport-connecticut
https://www.ubereats.com/connecticut/food-delivery/bridgeport-halal-fish-%26chips-hot-fried-chicken/4bjeElKOSXKAIr6cB6tAVg,bridgeport-connecticut
https://www.ubereats.com/connecticut/food-delivery/tacocat/r9-GQQZ_QkusAVKx0KbU7g,bridgeport-connecticut
https://www.ubereats.com/connecticut/food-delivery/mecha-noodle-bar-fairfield/Yp4ihd4vQb-x0ViDZt7hQg,bridgeport-connecticut
https://www.ubereats.com/connecticut/food-delivery/steffanos-pizza-restaurant/Umqg1V2zSD6mW2tXlai4aA,bridgeport-connecticut
https://www.ubereats.com/connecticut/food-delivery/ginkgo-sichuan-cuisine/BkpOItOeSa-dA5SuP_2qCg,bridgeport-connecticut
https://www.ubereats.com/connecticut/food-delivery/new-kitchen/MwIlO79CQs2sPJPwZaBRZw,bridgeport-connecticut
https://www.ubereats.com/connecticut/food-delivery/vedas-indian-cuisine-norwalk/W0i7Wa80R_CDmAORW0uQMw,bridgeport-connecticut
https://www.ubereats.com/connecticut/food-delivery/mcdonalds-north-ave/ekJ9qxKpTx-bGczZ-F1yEw,bridgeport-connecticut
https://www.ubereats.com/connecticut/food-delivery/china-ming/yeH51ZVQSfCZZ3fV8qQXGA,bridgeport-connecticut
https://www.ubereats.com/connecticut/food-delivery/vazzys-osteria/tx5GQ74QSrWTiY8YuklJYw,bridgeport-connecticut
https://www.ubereats.com/connecticut/food-delivery/capital-pizza/fE2EoawCSS2blVxOsuBk_A,bridgeport-connecticut
https://www.ubereats.com/connecticut/food-delivery/kings-deli/r92Cij83SpK38alXjNzufw,bridgeport-connecticut
https://www.ubereats.com/connecticut/food-delivery/thai-kit/mT2Ou2r5T8eOFBUWmOBnug,bridgeport-connecticut
https://www.ubereats.com/connecticut/food-delivery/romanacci-ii/-v5Q63AvRRym7qssmKEEbg,bridgeport-connecticut
https://www.ubereats.com/connecticut/food-delivery/subway-2341-black-rock-turnpike/f7E5ioU6S7-PYFuej6seng,bridgeport-connecticut
https://www.ubereats.com/connecticut/food-delivery/td-vietnam-palace/ePuJoBI8Sve8IHxSNAqyBw,bridgeport-connecticut
https://www.ubereats.com/connecticut/food-delivery/subway-200-tunxis-hill-rd/243B6tqdSIqFy7Yylu0nkQ,bridgeport-connecticut
https://www.ubereats.com/connecticut/food-delivery/hub-and-spoke/70RQ56xqQ_CQmiaNmhqAaw,bridgeport-connecticut
https://www.ubereats.com/connecticut/food-delivery/subway-930-main-st/qgV_lRHKShiAz5uhDR5WOA,bridgeport-connecticut
https://www.ubereats.com/connecticut/food-delivery/maddys-grill/1U8Dj5uhRea1oa4sKqEJOQ,bridgeport-connecticut
https://www.ubereats.com/connecticut/food-delivery/la-flor-de-mexico-ii/c_M8-E3SR8SAufa4bokOoQ,bridgeport-connecticut
https://www.ubereats.com/connecticut/food-delivery/subway-1345-barnum-ave/5u74MKdaQSOEVwfw2V1Ksw,bridgeport-connecticut
https://www.ubereats.com/connecticut/food-delivery/dunkin-815-lafayette-blvd/ex6HXWm-QAmVXtiNns0O4Q,bridgeport-connecticut
https://www.ubereats.com/connecticut/food-delivery/toto-restaurant/qDQsdC0gRjefbo80ttGFTw,bridgeport-connecticut
https://www.ubereats.com/connecticut/food-delivery/capital-pizza/z_7IyGLtTiOTnDL3c8eSzw,bridgeport-connecticut
https://www.ubereats.com/connecticut/food-delivery/big-jims-galley/vQsjbZEkRtebS-7v424jgA,bridgeport-connecticut
https://www.ubereats.com/connecticut/food-delivery/subway-926-east-main-st/hXT2_EWZTDWiUDc0V5TkXw,bridgeport-connecticut
https://www.ubereats.com/connecticut/food-delivery/boston-market-935-barnum-avenue-cut-off/8AcGShAiQLKApj_hgrjULg,bridgeport-connecticut
https://www.ubereats.com/connecticut/food-delivery/grand-pizzeria/P3tmCMDUSxCN4GGvcpIaNA,bridgeport-connecticut
https://www.ubereats.com/connecticut/food-delivery/drewbaq-smoke-shack/1zHmUkQuQ6WvJsYTdVzmYg,bridgeport-connecticut
https://www.ubereats.com/connecticut/food-delivery/star-pizza-family-restaurant/sQ-Tt96oQASnMDF83pXZYA,bridgeport-connecticut
https://www.ubereats.com/connecticut/food-delivery/arthur-ave-pizza-and-catering/DwrJPBx-RGCVzFgLkocoAA,bridgeport-connecticut
https://www.ubereats.com/connecticut/food-delivery/preference-spot/ws3W6CpITl-j9lf62kZ51g,bridgeport-connecticut
https://www.ubereats.com/connecticut/food-delivery/puag/J7SnLCh2So-444N-SmU6ow,bridgeport-connecticut
https://www.ubereats.com/connecticut/food-delivery/h%26h-restaurant-%26-catering/Ew2kogyNR5CtA78zADiJYA,bridgeport-connecticut
https://www.ubereats.com/connecticut/food-delivery/pine-rock-grocery/cH3HxnXXSwi93lJ-8u9gOg,bridgeport-connecticut
https://www.ubereats.com/connecticut/food-delivery/craft-260/crTsVsFMTo65tZEJRTGADQ,bridgeport-connecticut
https://www.ubereats.com/connecticut/food-delivery/uncle-bucks-fish-bowl-and-grill-bridgeport/T-M4w8ODR5K47htwnHt_zA,bridgeport-connecticut
https://www.ubereats.com/connecticut/food-delivery/rise-%26-grind-cafe/HYJZne3BSEWsTyWNEBnBQw,bridgeport-connecticut
https://www.ubereats.com/connecticut/food-delivery/dunkin-200-tunxis-hill-rd/KswlfnYfTF-M_B7yotu3Hg,bridgeport-connecticut
https://www.ubereats.com/connecticut/food-delivery/the-snack-shop/wEg_m_KrRMaDKnaISSLubQ,bridgeport-connecticut
https://www.ubereats.com/connecticut/food-delivery/pequonnock-deli-market/lIXIJvRVRz-saanSYl286w,bridgeport-connecticut
https://www.ubereats.com/connecticut/food-delivery/quattro-pazzi-cafe-fairfield/xcfYt9R8RjmMnfXkCxmEHg,bridgeport-connecticut
https://www.ubereats.com/connecticut/food-delivery/wayback-burger-2850-main-street/_xxHYEADRzyZ270_BxleYw,bridgeport-connecticut
https://www.ubereats.com/connecticut/food-delivery/crown-pizza/bLuLRbeaQFulJ3M3vRkgYg,bridgeport-connecticut
https://www.ubereats.com/connecticut/food-delivery/blue-sky-diner/9w8rQ4NhQwCf_g2Vm_yk4w,bridgeport-connecticut
https://www.ubereats.com/connecticut/food-delivery/mcdonalds-stratford-barnum/oMl9pT24S0uRFGzqfq1cjg,bridgeport-connecticut
https://www.ubereats.com/connecticut/food-delivery/vira-deli-stratford/etKpmAUSTtK4RXVvopUDMw,bridgeport-connecticut
https://www.ubereats.com/connecticut/food-delivery/open-door-tea/dCB6RTdXT0yx8-JjROZYRQ,bridgeport-connecticut
https://www.ubereats.com/connecticut/food-delivery/outback-steakhouse-698-bridgeport-avenue/8X4dZRcURt6THrMKHpubqg,bridgeport-connecticut
https://www.ubereats.com/connecticut/food-delivery/shake-shack-1849-post-road-east/MXJKeP1rTfO-wjgO8qNqOQ,bridgeport-connecticut
https://www.ubereats.com/connecticut/food-delivery/serenata/g-NVH-6ATE2TnJWBqVTeDQ,bridgeport-connecticut
https://www.ubereats.com/connecticut/food-delivery/jersey-mikes-subs-fairfield-2189-black-rock-turnpike/dXQNxSjxQlKib-kavBw_BA,bridgeport-connecticut
https://www.ubereats.com/connecticut/food-delivery/main-hing/bbXiUz42TsmMje6VGD39Bw,bridgeport-connecticut
https://www.ubereats.com/connecticut/food-delivery/hungry-panda/r3F4Et7RRU-rbJKLPgcstg,bridgeport-connecticut
https://www.ubereats.com/connecticut/food-delivery/latin-%26-soul-food-cafe/lwUpTZeZTz2sclmv_OA5sA,bridgeport-connecticut
https://www.ubereats.com/connecticut/food-delivery/green-%26-tonic-westport/VCPIl-z-SL2254FqLfRhxg,bridgeport-connecticut
https://www.ubereats.com/connecticut/food-delivery/the-brickyard-pub/sp-GvMd4RMCVBNSGrtil-A,bridgeport-connecticut
https://www.ubereats.com/connecticut/food-delivery/the-park-city-honey-cafe/_6SVESajS0S4eAajH3ROUA,bridgeport-connecticut
https://www.ubereats.com/connecticut/food-delivery/chipotle-mexican-grill-275-e-main-st/Wib9clSrRUml2TDHPyLf0g,bridgeport-connecticut
https://www.ubereats.com/connecticut/food-delivery/gioves-pizza-kitchen/prN_IWPmTe-h_jp31XAtKQ,bridgeport-connecticut
https://www.ubereats.com/connecticut/food-delivery/galaxy-diner-%26-restaurant/-s_HWW-fSdqcl7RoyWvvvg,bridgeport-connecticut
https://www.ubereats.com/connecticut/food-delivery/ren-dumpling-%26-noodle-house/9-LJJsbASNeh_5HyKy7YSg,bridgeport-connecticut
https://www.ubereats.com/connecticut/food-delivery/kentucky-fried-chicken-boston-ave/8On5KjEeTMCmdxbDA-hDUQ,bridgeport-connecticut
https://www.ubereats.com/connecticut/food-delivery/little-pub-stratford/1XzKTPnUReK-7TqAZZhfqQ,bridgeport-connecticut
https://www.ubereats.com/connecticut/food-delivery/mistik-restaurant/dAvkHz3dTZ-C6SCuqsRbiw,bridgeport-connecticut
https://www.ubereats.com/connecticut/food-delivery/the-blind-rhino/FFTQLyr_SNWca7Xb2sCEVg,bridgeport-connecticut
https://www.ubereats.com/connecticut/food-delivery/signature-caterings/IinGjf-CShe51gBOEXx2Jg,bridgeport-connecticut
https://www.ubereats.com/connecticut/food-delivery/eat-noodle/HeRU6sMDTYWDymAuI29FDQ,bridgeport-connecticut
https://www.ubereats.com/connecticut/food-delivery/the-greeks/UvIAq4y1RJKwOMx6-M8Uag,bridgeport-connecticut
https://www.ubereats.com/connecticut/food-delivery/ole-dog-tavern/v44e66ZbSHWGMzwAWL6jUA,bridgeport-connecticut
https://www.ubereats.com/connecticut/food-delivery/blue-goose-restaurant/RLA1-GplTSWGDuQFKEZKvg,bridgeport-connecticut
https://www.ubereats.com/connecticut/food-delivery/sbc-restaurant-%26-beer-bar-milford/fu12lPnOT4mt9MA8VU78cQ,bridgeport-connecticut
https://www.ubereats.com/connecticut/food-delivery/the-ole-dog-tavern/wT61C6GyQH2M5TUdLP-TcA,bridgeport-connecticut
https://www.ubereats.com/connecticut/food-delivery/crown-fried-chicken-bridgeport/_8l140L7RyiwxbhztG2MVw,bridgeport-connecticut
https://www.ubereats.com/connecticut/food-delivery/big-jims-galley/T2ScH58LRnyPCSlXHgeMRg,bridgeport-connecticut
https://www.ubereats.com/connecticut/food-delivery/village-bagels-and-delicatessen-fairfield/cVhfpKbySCyBQh1z-Uairg,bridgeport-connecticut
https://www.ubereats.com/connecticut/food-delivery/subway-533-broadbridge-rd/BMJD_iuWR-ammXa8iF6QuQ,bridgeport-connecticut
https://www.ubereats.com/connecticut/food-delivery/city-pizza-and-grill/B8PIXkWoQ-OUkb8tkxz2Xg,bridgeport-connecticut
https://www.ubereats.com/connecticut/food-delivery/subway-609-bridgeport-ave/JB8x9dHjR9qB6LHRLYMVrg,bridgeport-connecticut
https://www.ubereats.com/connecticut/food-delivery/tequila-revolucion/jkKnvmLkSfGm1H5FXUIf7g,bridgeport-connecticut
https://www.ubereats.com/connecticut/food-delivery/the-simple-greek-norwalk/nmFgKtFfT1OlwxdI3a0ggw,bridgeport-connecticut
https://www.ubereats.com/connecticut/food-delivery/los-cabos/43nZsqf7SRGEtDy9MEs_zg,bridgeport-connecticut
https://www.ubereats.com/connecticut/food-delivery/laylas-falafel-trumbull/0B1E7mTUTPqUpmfFTDB5BQ,bridgeport-connecticut
https://www.ubereats.com/connecticut/food-delivery/bin-100-restaurant/NJivACkJSpSi7GAEeG2TQA,bridgeport-connecticut
https://www.ubereats.com/connecticut/food-delivery/johns-best/eAbQ5cXVSA-inM_gu_f5dA,bridgeport-connecticut
https://www.ubereats.com/connecticut/food-delivery/paradice-cream/e_X2hDeMQjuG1fYNmPpVsg,bridgeport-connecticut
https://www.ubereats.com/connecticut/food-delivery/the-park-city-honey-co-cafe/g18oiWjJQNyCZEhVk_AYDw,bridgeport-connecticut
https://www.ubereats.com/connecticut/food-delivery/taco-bell-308-lindley-st/C5bkHGrsSvCc8zKpyOKg0g,bridgeport-connecticut
https://www.ubereats.com/connecticut/food-delivery/dunkin-529-north-ave/Sp19Gy19RNqsv4BfEsobKQ,bridgeport-connecticut
https://www.ubereats.com/connecticut/food-delivery/panda-express-5065-main-street/BXKduX6gQ7Ktd8RyMRxa2w,bridgeport-connecticut
https://www.ubereats.com/connecticut/food-delivery/garden-catering-fairfield/44nLFNmrR7uxP7RgHSWjxQ,bridgeport-connecticut
https://www.ubereats.com/connecticut/food-delivery/latino-deli-restaurant/Jvx9dShsQ9awJNAjZzJXvA,bridgeport-connecticut
https://www.ubereats.com/connecticut/food-delivery/the-original-jerrys-apizza/uQ50KAU0Sf6LRaamsTV4Kg,bridgeport-connecticut
https://www.ubereats.com/connecticut/food-delivery/luna-azzura/AmQ2DBGnSM-2BLGFKz5p4w,bridgeport-connecticut
https://www.ubereats.com/connecticut/food-delivery/bean-n-batter/tor3f4pQTvqPr0LafZ6QTw,bridgeport-connecticut
https://www.ubereats.com/connecticut/food-delivery/chipotle-mexican-grill-340-grasmere-ave-ste-1/5kusKVHxTeuc8RjFG--iyQ,bridgeport-connecticut
https://www.ubereats.com/connecticut/food-delivery/zohra-deli/2hEKeb24TO6Ez8iOWhmeDg,bridgeport-connecticut
https://www.ubereats.com/connecticut/food-delivery/trumbull-cafe-%26-grill/FdGaVXxsQ9WX00zn8ZaAKA,bridgeport-connecticut
https://www.ubereats.com/connecticut/food-delivery/whoopi-thai-cuisine/FoG18Bb8SNWsF2Umngkk_Q,bridgeport-connecticut
https://www.ubereats.com/connecticut/food-delivery/strada-craft-pizza-and-bar/OfExa-RjS6mYJutMYVPBbg,bridgeport-connecticut
https://www.ubereats.com/connecticut/food-delivery/bagel-king-of-bridgeport/cQ-eh12_TjmI2jgqW9kIMg,bridgeport-connecticut
https://www.ubereats.com/connecticut/food-delivery/jennas-brick-oven-pizza/vKWZfBC7Q8-Q2ZRVWGPtLw,bridgeport-connecticut
https://www.ubereats.com/connecticut/food-delivery/taco-king/KiZF7XWMSlS_4OcrGkHpKA,bridgeport-connecticut
https://www.ubereats.com/connecticut/food-delivery/poke-n-ramen-360/q93ZY9u3SsOiGh6bjb1o_w,bridgeport-connecticut
https://www.ubereats.com/connecticut/food-delivery/five-star-pizza/DNsmWpxTTMCM3QeezA9u5w,bridgeport-connecticut
https://www.ubereats.com/connecticut/food-delivery/hunan-pan/dyUMU7FsTLS_uDOxzj_sog,bridgeport-connecticut
https://www.ubereats.com/connecticut/food-delivery/howells-jamaican-bakery-and-restaurant/BUtiPfrTQfCiuyhE7iktBQ,bridgeport-connecticut
https://www.ubereats.com/connecticut/food-delivery/organika-kitchen/SRhts9doStaJ2gaIgJ6ntw,bridgeport-connecticut
https://www.ubereats.com/connecticut/food-delivery/village-gourmet/bfnqFzeFRoC0lXVhhNo0ug,bridgeport-connecticut
https://www.ubereats.com/connecticut/food-delivery/house-of-pho/CRsSYRvrSdyQz-6wNobm9A,bridgeport-connecticut
https://www.ubereats.com/connecticut/food-delivery/subway-944-madison-ave/ysfGgIxMSjOolOI5j5Dpwg,bridgeport-connecticut
https://www.ubereats.com/connecticut/food-delivery/brunch-and-bar/yE97LQC4QEWl_rYF1nnjPA,bridgeport-connecticut
https://www.ubereats.com/connecticut/food-delivery/ginos-pizza-%26-grill/4ZDDa7CUQ6G_xF9xb6soJg,bridgeport-connecticut
https://www.ubereats.com/connecticut/food-delivery/sitting-duck-tavern-stratford/WoJpPs0wQcWpwuhs1jUyRg,bridgeport-connecticut
https://www.ubereats.com/connecticut/food-delivery/popeyes-fairfield-ave/Z8rsJMMZRjyGRitkHXnKMQ,bridgeport-connecticut
https://www.ubereats.com/connecticut/food-delivery/la-fonda-restaurant/HDTOXHGGRWG7UEbPfNzGyg,bridgeport-connecticut
https://www.ubereats.com/connecticut/food-delivery/burger-king-193-boston-avenue/aIkgcbExQQaQn9RSGS6q3g,bridgeport-connecticut
https://www.ubereats.com/connecticut/food-delivery/sammy-southport-pizza-and-grill/FQZJZlABScuRCVczObcTfQ,bridgeport-connecticut
https://www.ubereats.com/connecticut/food-delivery/el-shaddai-latin-restaurant/D6rDxo-_Ssqxz4LQkVoezQ,bridgeport-connecticut
https://www.ubereats.com/connecticut/food-delivery/funchal-cafe/uT-RPf-4TJiQcmiiuLL44w,bridgeport-connecticut
https://www.ubereats.com/connecticut/food-delivery/moes-burger-joint/OLGMMTC_TcOTBZq47Hvnqw,bridgeport-connecticut
https://www.ubereats.com/connecticut/food-delivery/belly-buster-pancakes/U1B5xX_rQEGsyjAGRWyjJA,bridgeport-connecticut
https://www.ubereats.com/connecticut/food-delivery/sweet-basil/lqMXz62EQG-WzBaG60UOkQ,bridgeport-connecticut
https://www.ubereats.com/connecticut/food-delivery/malibu-taco/CLRy5P3xSQOKkvNlE5K6XA,bridgeport-connecticut
https://www.ubereats.com/connecticut/food-delivery/antojitos-latinos-bar-%26-restaurant/44sPh4xpRP6IsTEryQpUxw,bridgeport-connecticut
https://www.ubereats.com/connecticut/food-delivery/eatnoodle/dbOTKky9Q1m8zgcH3S5MrQ,bridgeport-connecticut
https://www.ubereats.com/connecticut/food-delivery/harlem-soul-lounge/7XXfoc0hSbi2An939MeOJg,bridgeport-connecticut
https://www.ubereats.com/connecticut/food-delivery/fatty-patty-shelton/dpIflaDrSTmRZPJisnuWuA,bridgeport-connecticut
https://www.ubereats.com/connecticut/food-delivery/tautog-tavern/IFi_XR0DTbmJK6Txw6Egiw,bridgeport-connecticut
https://www.ubereats.com/connecticut/food-delivery/geronimo-southwest-grill/k3mazUtCQ5yclHLERuy41Q,bridgeport-connecticut
https://www.ubereats.com/connecticut/food-delivery/tonys-huntington-inn/EmcYrKhvStKq4uCp1_rsKg,bridgeport-connecticut
https://www.ubereats.com/connecticut/food-delivery/pizza-heaven/a6pQGkjDThiQ6s1j0f6BVA,bridgeport-connecticut
https://www.ubereats.com/connecticut/food-delivery/ez-stop-deli/oac923DfT7q-PM5MuXMfCg,bridgeport-connecticut
https://www.ubereats.com/connecticut/food-delivery/mikes-pizza/iXI8p22QQSO44vY7RAbKjw,bridgeport-connecticut
https://www.ubereats.com/connecticut/food-delivery/santinis-deli-%26-grill/ThkHIkNjR0u29JiWZOR1IA,bridgeport-connecticut
https://www.ubereats.com/connecticut/food-delivery/mcgowans-pizzaland/zwBof65SQDWHOcBYc2GN_w,bridgeport-connecticut
https://www.ubereats.com/connecticut/food-delivery/kitchen-number-1/w5KtM0NwRIGIK-T4mYGF-A,bridgeport-connecticut
https://www.ubereats.com/connecticut/food-delivery/taste-of-thai/k1xewLxsTqOtPhk1c8B_dA,bridgeport-connecticut
https://www.ubereats.com/connecticut/food-delivery/que-rico-food-truck/y_q8qyS2RGGBGjutkPSv9g,bridgeport-connecticut
https://www.ubereats.com/connecticut/food-delivery/the-sinclair/xRo4jrhESQCyGoxmGdKY9A,bridgeport-connecticut
https://www.ubereats.com/connecticut/food-delivery/italian-kitchen/5Zakn2FcQVGa0MM_CPg8nQ,bridgeport-connecticut
https://www.ubereats.com/connecticut/food-delivery/a-bite-of-new-york-kitchen/6hTewd0KQeOJbXOV3qSJcg,bridgeport-connecticut
https://www.ubereats.com/connecticut/food-delivery/paradice-treats/d08U-G6uTeaGJt_Ca0Ak_Q,bridgeport-connecticut
https://www.ubereats.com/connecticut/food-delivery/starbucks-bridgeport-steelpointe-harbor/YAHM7puuSneZx6GZ1vvDkA,bridgeport-connecticut
https://www.ubereats.com/connecticut/food-delivery/subway-main-st-bridgeport/MWcYyKM1Qj6h9VryDgJ1VQ,bridgeport-connecticut
https://www.ubereats.com/connecticut/food-delivery/creole-fusion-cuisine/bMfr7whxS2SHGSoGBDul6Q,bridgeport-connecticut
https://www.ubereats.com/connecticut/food-delivery/burger-king-4196-north-main-street/TJ00uQDwR1WpZFbVp8pifA,bridgeport-connecticut
https://www.ubereats.com/connecticut/food-delivery/harborview-market/u290wlSyTTqOVb1KQfCbWQ,bridgeport-connecticut
https://www.ubereats.com/connecticut/food-delivery/dunkin-4150-main-st/oq0RMRjWQBq8HFN1Sfa9Aw,bridgeport-connecticut
https://www.ubereats.com/connecticut/food-delivery/ginos-pizza-%26-grill/UUyfzDFPS6WsV9WxYiIT0Q,bridgeport-connecticut
https://www.ubereats.com/connecticut/food-delivery/metro-kitchen-and-bar/nhTndUhVTnOBSxuAgqfsUg,bridgeport-connecticut
https://www.ubereats.com/connecticut/food-delivery/ming-feng-chinese/Nxd5MY56Q4GQxzK-GXCGFw,bridgeport-connecticut
https://www.ubereats.com/connecticut/food-delivery/artisan-restaurant-southport/9sSKIGIrTx6P8ihxJ9pEfQ,bridgeport-connecticut
https://www.ubereats.com/connecticut/food-delivery/alinas-patisserie/WD5pgg6KQRqQhoXBnfe4Bw,bridgeport-connecticut
https://www.ubereats.com/connecticut/food-delivery/bandito-burgers/zZF0OR0mR56D9gtikawaJA,bridgeport-connecticut
https://www.ubereats.com/connecticut/food-delivery/collado-family-restaurant/vLwQwaenTuCE7D5C2TR60Q,bridgeport-connecticut
https://www.ubereats.com/connecticut/food-delivery/krispy-krunchy-chicken-stratford/RK2x1msDRtKs4EZdcuKWdQ,bridgeport-connecticut
https://www.ubereats.com/connecticut/food-delivery/lulus-city-smoke/Y1Aw3jJ4SLWZ1LoycwSlZw,bridgeport-connecticut
https://www.ubereats.com/connecticut/food-delivery/andros-diner/UCoYQXVwQYS8EzVoDp9LRw,bridgeport-connecticut
https://www.ubereats.com/connecticut/food-delivery/charleys-philly-steaks-trumbull-mall/PHP0sdL4Sl2tjJlY17gCPw,bridgeport-connecticut
https://www.ubereats.com/connecticut/food-delivery/little-pub-fairfield/MsztJS72SZOOc0noRtwzIA,bridgeport-connecticut
https://www.ubereats.com/connecticut/food-delivery/bocados-cafe/r53Oh3SrRz2To5rNz4O0dA,bridgeport-connecticut
https://www.ubereats.com/connecticut/food-delivery/duchess-restaurant-shelton/MZVB--XqT0CVPp2NqUQxcA,bridgeport-connecticut
https://www.ubereats.com/connecticut/food-delivery/maioness-brick-oven-pizza/vt3W43F-R3qYofGA9xV6gQ,bridgeport-connecticut
https://www.ubereats.com/connecticut/food-delivery/wings-over-fairfield/MzPcY0gTSqi6Hh2Xb6HT7Q,bridgeport-connecticut
https://www.ubereats.com/connecticut/food-delivery/blue-cactus-grill-fairfield/jpNoVA4KQsCYlEK2f4SOYw,bridgeport-connecticut
https://www.ubereats.com/connecticut/food-delivery/coffee-shop-77-delecatessen/X39Ymk5-T6uxOJfYheUQ7w,bridgeport-connecticut
https://www.ubereats.com/connecticut/food-delivery/goodfellas-pizzeria/Drw5oPSDSpm1HE39T2NMAA,bridgeport-connecticut
https://www.ubereats.com/connecticut/food-delivery/dynasty/9faINtHGQKCxhS4Q2taoGQ,bridgeport-connecticut
https://www.ubereats.com/connecticut/food-delivery/dominicanhealthfood/xqzmoyvyRYqVQVXYxP9-IA,bridgeport-connecticut
https://www.ubereats.com/connecticut/food-delivery/boston-sammies/XyLayh-fTteUNgm8l_I1RQ,bridgeport-connecticut
https://www.ubereats.com/connecticut/food-delivery/kiosko-diner-authentic-mexican-food/8f3TpqaSTYGATGXLOxl_Zw,bridgeport-connecticut
https://www.ubereats.com/connecticut/food-delivery/duchess-restaurant-bridgeport/f2BqXUSuSDethBmqST4uCQ,bridgeport-connecticut
https://www.ubereats.com/connecticut/food-delivery/donut-inc/iow7grTcSZ2KoPF0N0STGQ,bridgeport-connecticut
https://www.ubereats.com/connecticut/food-delivery/falafel-universal-grill/_lusPurYRHmeWSlZin5xZw,bridgeport-connecticut
https://www.ubereats.com/connecticut/food-delivery/rainbow-thai-westport/ojbUnhX9QCCWr6IlnKdNLw,bridgeport-connecticut
https://www.ubereats.com/connecticut/food-delivery/wafu/dxGjwa1IQOaPT3rIXnoKNw,bridgeport-connecticut
https://www.ubereats.com/connecticut/food-delivery/dunkin-1273-1275-w-broad-st/zng95b2ASVin9mMvro5Y-Q,bridgeport-connecticut
https://www.ubereats.com/connecticut/food-delivery/panera-2320-black-rock-turnpike/AKzcZc_XSO-y_n1WBKOXSg,bridgeport-connecticut
https://www.ubereats.com/connecticut/food-delivery/walrus-%2B-carpenter/AR3GObjsTaKysL5KkB180Q,bridgeport-connecticut
https://www.ubereats.com/connecticut/food-delivery/taco-loco-restaurant/B2Oy1ptpQUWLVwa9q-1cOA,bridgeport-connecticut
https://www.ubereats.com/connecticut/food-delivery/roselyrestaurant/7B6MwKVxQPOEgpS0VFIxgA,bridgeport-connecticut
https://www.ubereats.com/connecticut/food-delivery/dunkin-979-main-st/SSEENB4RSjSLUMwXekWu7Q,bridgeport-connecticut
https://www.ubereats.com/connecticut/food-delivery/taco-bell-5065-main-street/oPUTiPS0T3ST4He8laxVGQ,bridgeport-connecticut
https://www.ubereats.com/connecticut/food-delivery/leola-n-ophelias/DbMd2B5rSYyw_jzE4XHeOA,bridgeport-connecticut
https://www.ubereats.com/connecticut/food-delivery/krazy-kream/ER8R6ii3RFm52fpWq7g5GQ,bridgeport-connecticut
https://www.ubereats.com/connecticut/food-delivery/watermelon/iDKo_XxwSPaPbT4_SyQGLQ,bridgeport-connecticut
https://www.ubereats.com/connecticut/food-delivery/auroras/PjhoygaLSDaljU__Jv-YlQ,bridgeport-connecticut
https://www.ubereats.com/connecticut/food-delivery/the-mumbai-times-westport/BZ_FNOGgQKqRi7NcsEKgCw,bridgeport-connecticut
https://www.ubereats.com/connecticut/food-delivery/bonani-indian-kitchen/bL7n5LLDTnuz8iTimyNuIw,bridgeport-connecticut
https://www.ubereats.com/connecticut/food-delivery/krispy-krunchy-chicken-1219-stratford-ave/f3wVJrpXQEWAdB3dv_zKNg,bridgeport-connecticut
https://www.ubereats.com/connecticut/food-delivery/starbucks-stratford-barnum-avenue/ZzOC0rp-RaKCaPeCIOK1eg,bridgeport-connecticut
https://www.ubereats.com/connecticut/food-delivery/papa-johns-pizza-bridgeport/52G0_W5XR6qo8PKeIt4wmw,bridgeport-connecticut
https://www.ubereats.com/connecticut/food-delivery/baingan/aQh1fi-WRKexI90EXaKfvg,bridgeport-connecticut
https://www.ubereats.com/connecticut/food-delivery/wing-it-on!-stratford/mEIUjAV7SXui41K4YfiGlw,bridgeport-connecticut
https://www.ubereats.com/connecticut/food-delivery/the-ice-cream-shop/5H3GhK9BSSWioKDDU_7O6Q,bridgeport-connecticut
https://www.ubereats.com/connecticut/food-delivery/brickbox/u57vHtfZTE63sgCXypzNCw,bridgeport-connecticut
https://www.ubereats.com/connecticut/food-delivery/old-post-tavern/Dh_E5SqwRAm5Ev-bcBW93w,bridgeport-connecticut
https://www.ubereats.com/connecticut/food-delivery/villa-pizzeria-ristorante/g8xEYEgSRhCFeKUobf5hdA,bridgeport-connecticut
https://www.ubereats.com/connecticut/food-delivery/55-wine-bar-%26-wood-grille/TJY1o-FQReynCBbRNtwesg,bridgeport-connecticut
https://www.ubereats.com/connecticut/food-delivery/osteria-romana-monroe/zJT31B5DQgOjEW4A4aFdVg,bridgeport-connecticut
https://www.ubereats.com/connecticut/food-delivery/mcdonalds-1700-park-ave-bridgeport/wj9rEA8sR-ak7VKBihJRxQ,bridgeport-connecticut
https://www.ubereats.com/connecticut/food-delivery/fruta-juice/lTY2u6SMQAyih20zp-uj4g,bridgeport-connecticut
https://www.ubereats.com/connecticut/food-delivery/ceviche-palace/wL0owQrASxm2AvSB2NW9Sg,bridgeport-connecticut
https://www.ubereats.com/connecticut/food-delivery/starbucks-trumbull/57422sP7TQKqW-ULIjDpZg,bridgeport-connecticut
https://www.ubereats.com/connecticut/food-delivery/luigis-cannoli-cafe/beoJJWF0Rwm7KkKk4AeUNA,bridgeport-connecticut
https://www.ubereats.com/connecticut/food-delivery/collado-restaurant/CFOM8j6vQDiAkUwDT4HN4w,bridgeport-connecticut
https://www.ubereats.com/connecticut/food-delivery/laylas-falafel-westport/Om5aRK97RYyLkxSN5tQHXw,bridgeport-connecticut
https://www.ubereats.com/connecticut/food-delivery/brindavan/s2XFEr4SQk-jJ78aFFSRzA,bridgeport-connecticut
https://www.ubereats.com/connecticut/food-delivery/fairfield-social/-mB7eYskQJ-jNFjk55PjTw,bridgeport-connecticut
https://www.ubereats.com/connecticut/food-delivery/sunshine-kitchen-and-deli/HvwwajSMREOIVwyo6iVcpQ,bridgeport-connecticut
https://www.ubereats.com/connecticut/food-delivery/subway-1552-wood-ave/zTZ2HsDWQ8SYLCsKLHd7ww,bridgeport-connecticut
https://www.ubereats.com/connecticut/food-delivery/fuji-chinese-%26-japanese-restaurant/cxaRV5wxTneAbSvc8uTwHg,bridgeport-connecticut
https://www.ubereats.com/connecticut/food-delivery/strickly-good-eatz-llc/W09fas7fReibcJYc3ezYSg,bridgeport-connecticut
https://www.ubereats.com/connecticut/food-delivery/dairy-queen-treat-401-monroe-tpke/CIntWSdeRIqXim_1qqafsg,bridgeport-connecticut
https://www.ubereats.com/connecticut/food-delivery/mcdonalds-brdgprt-4219main/eNPJZzZ-StqwRa243oXtmQ,bridgeport-connecticut
https://www.ubereats.com/connecticut/food-delivery/duchess-restaurant-post-road/P4zKDx-xRS-nkYoFzRV6Qw,bridgeport-connecticut
https://www.ubereats.com/connecticut/food-delivery/16-handles-fairfield/pGJGkQklTpiX9KOqutPF_g,bridgeport-connecticut
https://www.ubereats.com/connecticut/food-delivery/bettys-kitchen-african/a5IVEzYtSRWTQsWZXOd6YQ,bridgeport-connecticut
https://www.ubereats.com/connecticut/food-delivery/mi-chinita/N4_mKKIcQUW7LeWQHIVZug,bridgeport-connecticut
https://www.ubereats.com/connecticut/food-delivery/vedas-indian-cuisine-westport/h1aPIOG9RUaXeKIU7WwB9w,bridgeport-connecticut
https://www.ubereats.com/connecticut/food-delivery/348-oyster-bar/gwwOTEatQGiDPRg0xB8k3Q,bridgeport-connecticut
https://www.ubereats.com/connecticut/food-delivery/pokemoto-fairfield-ct/XQd3l6V4RQyQhxXerPuaDA,bridgeport-connecticut
https://www.ubereats.com/connecticut/food-delivery/berts-deli/cjG7dmQdStuq1Z9b9c7DlQ,bridgeport-connecticut
https://www.ubereats.com/connecticut/food-delivery/hole-in-the-wall-fairfield/DRk5V-6qQcKqmUGO94lI9A,bridgeport-connecticut
https://www.ubereats.com/connecticut/food-delivery/mainport-fish-and-chips/TT7z2gedTb2YQKekpz-ktg,bridgeport-connecticut
https://www.ubereats.com/connecticut/food-delivery/jamaican-jazz/QGWHc4plT8-ICVreLetIHQ,bridgeport-connecticut
https://www.ubereats.com/connecticut/food-delivery/starbucks-fairfield-boston-post-rd/4uIRtnQKQVOzr0AMYIrUPQ,bridgeport-connecticut
https://www.ubereats.com/connecticut/food-delivery/dannys-drive-in/THW0nhNXQX-84Mw0c91PEA,bridgeport-connecticut
https://www.ubereats.com/connecticut/food-delivery/pappas-pizza-%26-grill/rYW0wyiDSoa6v3QxhVeqXg,bridgeport-connecticut
https://www.ubereats.com/connecticut/food-delivery/kentucky-fried-chicken-barnum-ave/peidXGTZRXiiJXCeGKNnBA,bridgeport-connecticut
https://www.ubereats.com/connecticut/food-delivery/taqueria-la-michoacana/3zpC9Q_RTjCINzqwFU1YFg,bridgeport-connecticut
https://www.ubereats.com/connecticut/food-delivery/jrs-meatless-cuisine-and-juices/YiP8CpsiQmajWiWRWP9POA,bridgeport-connecticut
https://www.ubereats.com/connecticut/food-delivery/super-taqueria-las-salsas/ZvknEw5BSRGxOsQD7DpxTQ,bridgeport-connecticut
https://www.ubereats.com/connecticut/food-delivery/wendys-718-bridgeport-avenue/ystKxRSiQjSy9lfvPyGP1g,bridgeport-connecticut
https://www.ubereats.com/connecticut/food-delivery/el-gallo-dorado-%232-restaurant/R4aahKmuQlyphbWUK0tSmA,bridgeport-connecticut
https://www.ubereats.com/connecticut/food-delivery/the-ice-cream-shop/93VM18BFQO2bVd3ms5AMVQ,bridgeport-connecticut
https://www.ubereats.com/connecticut/food-delivery/yalla-organic-hummus-%26-grill/TCgxH9fvScyPVdKsOSsXyQ,bridgeport-connecticut
https://www.ubereats.com/connecticut/food-delivery/panera-5065-main-street/frW14ku4Ti6h5RcWty-xMg,bridgeport-connecticut
https://www.ubereats.com/connecticut/food-delivery/saffron-indian-cuisine/HxO9ZqdQQtWSDOu4_Snkyg,bridgeport-connecticut
https://www.ubereats.com/connecticut/food-delivery/frankies-diner/8zTNrDkgQX2Hzv-oZ1cUhg,bridgeport-connecticut
https://www.ubereats.com/connecticut/food-delivery/metric-bar-%26-grill/jp7-1fZERrubB7iBmKZNxw,bridgeport-connecticut
https://www.ubereats.com/connecticut/food-delivery/circle-diner-restaurant/7UCwCE38T0WNIkAGxFN8eQ,bridgeport-connecticut
https://www.ubereats.com/connecticut/food-delivery/mcdonalds-blackrock/2JIcdNyQS6G5dAvFeusQQQ,bridgeport-connecticut
https://www.ubereats.com/connecticut/food-delivery/cold-stone-creamery-2323-black-rock-tpke/dwxFz0BbQfS1fOq3IqPkCA,bridgeport-connecticut
https://www.ubereats.com/connecticut/food-delivery/milkcraft/5Ak68YeUQzuESSItDSAv6g,bridgeport-connecticut
https://www.ubereats.com/connecticut/food-delivery/new-york-family-pizza/9xVIf0fdRe6jvbSJS6PX_A,bridgeport-connecticut
https://www.ubereats.com/connecticut/food-delivery/border-grill-westport/g-nGYMAjQV2X22t6B9EPFw,bridgeport-connecticut
https://www.ubereats.com/connecticut/food-delivery/shu-restaurant-fairfield/eJytQsbhS_GevyrmDp1G0g,bridgeport-connecticut
https://www.ubereats.com/connecticut/food-delivery/the-cinnabomb-mini-donut-factory-bridgeport/UQr79sRbTrSDpGxY0uJxOQ,bridgeport-connecticut
https://www.ubereats.com/connecticut/food-delivery/be-chocolat/fqytx8SrSpihSbIk0virXQ,bridgeport-connecticut
https://www.ubereats.com/connecticut/food-delivery/kentucky-fried-chicken-north-main/xDM-EVm1T8K-Xps2Dy8Q0Q,bridgeport-connecticut
https://www.ubereats.com/connecticut/food-delivery/planet-pizza/Idz_ih_wTnOhHFwWXu3EGQ,bridgeport-connecticut
https://www.ubereats.com/connecticut/food-delivery/the-sitting-duck-tavern-trumbull/THe6c2BdTEmT-y8vufI1Sg,bridgeport-connecticut
https://www.ubereats.com/connecticut/food-delivery/pancheros-mexican-grill-704-bridgeport-ave/NUtks_cgSpS8dYtHsqn9sQ,bridgeport-connecticut
https://www.ubereats.com/connecticut/food-delivery/one-love-kv-cuisine-restaurant/N2TwJXKzSd2nf_gtMZ3QrQ,bridgeport-connecticut
https://www.ubereats.com/connecticut/food-delivery/mommies-patties/MO3OgKh-RJ2w1lYlUbDteQ,bridgeport-connecticut
https://www.ubereats.com/connecticut/food-delivery/whiskey-barrel/Lfnt65QsRXeXvDg1ysLIdQ,bridgeport-connecticut
https://www.ubereats.com/connecticut/food-delivery/el-paraiso-restaurant/zaIvF7U-ROC_KoT272y4uw,bridgeport-connecticut
https://www.ubereats.com/connecticut/food-delivery/taj-indian-cuisine/B60FmA0nS9u7jK22YzVSlw,bridgeport-connecticut
https://www.ubereats.com/connecticut/food-delivery/restaurante-cevicheria-sabor-peruano/qDtXrnrnRzKtzYmPhR0cdw,bridgeport-connecticut
https://www.ubereats.com/connecticut/food-delivery/dunkin-593-post-rd/dgCDynLOReG-aV2ravSR8A,bridgeport-connecticut
https://www.ubereats.com/connecticut/food-delivery/captains-pizza-restaurant-boston-ave/T5qmP8kORSSnSdi56OTTDA,bridgeport-connecticut
https://www.ubereats.com/connecticut/food-delivery/subway-5065-main-st-space-%23182/soUtvV1NQ3mgDnxO-80v-A,bridgeport-connecticut
https://www.ubereats.com/connecticut/food-delivery/duchess-diner/21cxQFX9Rbi9h2O8RX-RyQ,bridgeport-connecticut
https://www.ubereats.com/connecticut/food-delivery/seafood-addiction-ct/_8qdX9_mTqmpsCcU4HUAJw,bridgeport-connecticut
https://www.ubereats.com/connecticut/food-delivery/tasty-halal-restaurant/eJ2HASmyQC-jPG-T6svIgw,bridgeport-connecticut
https://www.ubereats.com/connecticut/food-delivery/joes-diner/jde1daSjQeuDwfZKGvGRgQ,bridgeport-connecticut
https://www.ubereats.com/connecticut/food-delivery/surf-vs-turf/QSAAxoQ_RNmTf4auDUjcyA,bridgeport-connecticut
https://www.ubereats.com/connecticut/food-delivery/bianco-rosso/V4F4I2zJT0qzOYk88X9Dwg,bridgeport-connecticut
https://www.ubereats.com/connecticut/food-delivery/yard-jerk-2/SJKAfORHS2KnPxremnSAQw,bridgeport-connecticut
https://www.ubereats.com/connecticut/food-delivery/isabelle-et-vincent/WnEZYd45Tn-NGlRoHERMXg,bridgeport-connecticut
https://www.ubereats.com/connecticut/food-delivery/brick-and-barrel/YC2AJHehREyPRLCnXOrdbw,bridgeport-connecticut
https://www.ubereats.com/connecticut/food-delivery/caracas-grill/0ZimHVS9T-WdugL-edqlNw,bridgeport-connecticut
https://www.ubereats.com/connecticut/food-delivery/five-guys-ct-1036-534-post-road-east/TCgjnXJpSdekVd40yv8BDA,bridgeport-connecticut
https://www.ubereats.com/connecticut/food-delivery/five-stars-combo/fzwSki37SEmS8Z2QO-NowQ,bridgeport-connecticut
https://www.ubereats.com/connecticut/food-delivery/peppinos-pizzeria/IKnkge2LTAiHAwT71ufv4g,bridgeport-connecticut
https://www.ubereats.com/connecticut/food-delivery/terra-brasilis-restaurant-bridgeport/FqDXxgFLTt2IMjhbQaMKWA,bridgeport-connecticut
https://www.ubereats.com/connecticut/food-delivery/el-toro-authentic-mexican/aB6lIV1oRqm4f6Ggx9sxHw,bridgeport-connecticut
https://www.ubereats.com/connecticut/food-delivery/trattoria-a-vucchella/zyss6fDHQtOzBOlwvxlm8g,bridgeport-connecticut
https://www.ubereats.com/connecticut/food-delivery/duchess-restaurant-stratford/HTX_7pjYRVWT-0hccwm63g,bridgeport-connecticut
https://www.ubereats.com/connecticut/food-delivery/the-granola-bar-westport/VFpcufOKQKi3SARdrTKqxg,bridgeport-connecticut
https://www.ubereats.com/connecticut/food-delivery/the-ice-cream-shop/9zAmtV7yT4qOLdOJuZthFQ,bridgeport-connecticut
https://www.ubereats.com/connecticut/food-delivery/chester-fried-chicken/-kC-aPDuTIOQPrGPGZAM4g,bridgeport-connecticut
https://www.ubereats.com/connecticut/food-delivery/mi-mexico-lindo-pizzeria-%26-restaurant/LfCDQJliSSyWgZI5JubnSA,bridgeport-connecticut
https://www.ubereats.com/connecticut/food-delivery/outback-steakhouse-14-danbury-road/yVihg86_ReeykCaZrjkQQg,bridgeport-connecticut
https://www.ubereats.com/connecticut/food-delivery/wickys-caribbean-patties-%26-fritay/b_AJe4QhQkORCk2PHkO0SA,bridgeport-connecticut
https://www.ubereats.com/connecticut/food-delivery/salernos-apizza1398-barnum-ave/MrqA58APRWG0ifvhloVqJg,bridgeport-connecticut
https://www.ubereats.com/connecticut/food-delivery/dunkin-1055-huntington-tpke/N4SEGEMWS0-qCEpaS0W85A,bridgeport-connecticut
https://www.ubereats.com/connecticut/food-delivery/local-kitchen-and-beer-bar-fairfield/id5jvQgOQdSJZhJCcVpAJQ,bridgeport-connecticut
https://www.ubereats.com/connecticut/food-delivery/krispy-krunchy-chicken-624-east-main-st/tnjT_uyCSHKX1-2LIyYtgA,bridgeport-connecticut
https://www.ubereats.com/connecticut/food-delivery/san-jiang/Lm2YtLlEREq2Eh_l3Bbl8w,bridgeport-connecticut
https://www.ubereats.com/connecticut/food-delivery/el-pueblito-restaurant/3Bv0sOo4SNygZcpY5K8T5Q,bridgeport-connecticut
https://www.ubereats.com/connecticut/food-delivery/the-bridge-house-restaurant/8MifXld4R6yxEOUqnHFteA,bridgeport-connecticut
https://www.ubereats.com/connecticut/food-delivery/eat-fish-restaurant/rPD8vqJ9SxuHD_fOAZUMjw,bridgeport-connecticut
https://www.ubereats.com/connecticut/food-delivery/coyote-flaco-845-e-main-st/LX3QLUalQUyf_ccLH9h8mg,bridgeport-connecticut
https://www.ubereats.com/connecticut/food-delivery/fryborg-food-truck/4K6q0zy8SZ6xtrWJ1D3vmg,bridgeport-connecticut
https://www.ubereats.com/connecticut/food-delivery/sergios-pizza/Te9iyFn9SsO1d6cG4zyBkg,bridgeport-connecticut
https://www.ubereats.com/connecticut/food-delivery/bamboo-garden-halal-chinese-restaurant/OLMWVwpmTKKmxmIaH-zB7A,bridgeport-connecticut
https://www.ubereats.com/connecticut/food-delivery/rosely-restaurant/sa_tDfygT7u6hzsm2C41lg,bridgeport-connecticut
https://www.ubereats.com/connecticut/food-delivery/the-ice-cream-shop/vTdITzhxQOObQsNeSksgog,bridgeport-connecticut
https://www.ubereats.com/connecticut/food-delivery/mcdonalds-bridgeport-fairf/VfIeNEB8SfOgTLOMR4Mqxg,bridgeport-connecticut
https://www.ubereats.com/connecticut/food-delivery/super-duper/SmT_z3WyQNCYgt2rAD_k-g,bridgeport-connecticut
https://www.ubereats.com/connecticut/food-delivery/oaxaca-pizzeria-%26-taqueria/RXu-Zeg0SciXsCn6owItZA,bridgeport-connecticut
https://www.ubereats.com/connecticut/food-delivery/the-stand-juice-company-fairfield/-JbdQCeQSReQAxenxkMu6Q,bridgeport-connecticut
https://www.ubereats.com/connecticut/food-delivery/chefs-table/uNxXiagfQ0-F1O3E_n8JKQ,bridgeport-connecticut
https://www.ubereats.com/connecticut/food-delivery/jersey-mikes-subs-westport-398-post-road-east/-m2Odb-LRnORDV03dBUR-A,bridgeport-connecticut
https://www.ubereats.com/connecticut/food-delivery/bridgeport-flyer-diner/xmrQkAMmR6m1wQYge1pfYw,bridgeport-connecticut
https://www.ubereats.com/connecticut/food-delivery/mommies-patties/-p36ucHzSAiCtVJyBz0Hdg,bridgeport-connecticut
https://www.ubereats.com/connecticut/food-delivery/rio-bravo-fairfield/KA5EWc6ASWG3QuVu87EVQw,bridgeport-connecticut
https://www.ubereats.com/connecticut/food-delivery/duchess-restaurant-monroe/YbBN_B9qQu-zqgLhqMfehg,bridgeport-connecticut
https://www.ubereats.com/connecticut/food-delivery/wingz-n-tingz-bridgeport/8NoXjjbFTWyv2JFe_TSBWQ,bridgeport-connecticut
https://www.ubereats.com/connecticut/food-delivery/mexico-tipico-authentic-mexican-cuisine/Ju6Eax9LTbKjiV4KxMX3-g,bridgeport-connecticut
https://www.ubereats.com/connecticut/food-delivery/bryac-restaurant-%26-raw-bar/LgCtJEBIQ7izVJn_ksxOkw,bridgeport-connecticut
https://www.ubereats.com/connecticut/food-delivery/primo-pizza/Z4TTpgDsTZSR5dQmm3t67A,bridgeport-connecticut
https://www.ubereats.com/connecticut/food-delivery/little-caesars-pizza-1345-barnum-ave/NszUtHF4TZOWqfCXlSVbWQ,bridgeport-connecticut
https://www.ubereats.com/connecticut/food-delivery/flavorz-famous-chicken-%26-fish/jGm9TcOBT5mTIKt2I_kTiw,bridgeport-connecticut
https://www.ubereats.com/connecticut/food-delivery/the-whale-tea/1SIA3x1YRNyiwlY6RmQlVA,bridgeport-connecticut
https://www.ubereats.com/connecticut/food-delivery/kingston-kafe/X2J3rqn7QN6DLJyZCHI87A,bridgeport-connecticut
https://www.ubereats.com/connecticut/food-delivery/crossroads-pizza-house/P_1ZeFqZRLGdQNgzW89cCw,bridgeport-connecticut
https://www.ubereats.com/connecticut/food-delivery/el-coquito/QTTYQLMaTX6Itd7Qwyl8Gw,bridgeport-connecticut
https://www.ubereats.com/connecticut/food-delivery/laylas-falafel-fairfield/4J9IRr__RpWNBNWeaCnXAw,bridgeport-connecticut
https://www.ubereats.com/connecticut/food-delivery/donut-crazy-stratford/5N66ZjSXRa2NnH1oygDKpQ,bridgeport-connecticut
https://www.ubereats.com/connecticut/food-delivery/walnut-beach-creamery/ET9T2OGBSwWXBs1Ca8YucQ,bridgeport-connecticut
https://www.ubereats.com/connecticut/food-delivery/candlewood-market/FdmP9WHxSZq3xiQk3hRyIw,bridgeport-connecticut
https://www.ubereats.com/connecticut/food-delivery/captain-pizza-no-5/SG0b3WYISt2fEEc9tnH1lQ,bridgeport-connecticut
https://www.ubereats.com/connecticut/food-delivery/donut-crazy-shelton/tQ8n0oRaTSS8bolyWgokpQ,bridgeport-connecticut
https://www.ubereats.com/connecticut/food-delivery/ct-cookie-co/lAu7hiIYQlixNtyvKG5vuA,bridgeport-connecticut
https://www.ubereats.com/connecticut/food-delivery/dunkin-280-washington-ave/NFarbV7_RDGwg4tS1oRiGg,bridgeport-connecticut
https://www.ubereats.com/connecticut/food-delivery/ichiro-japanese-restaurant/TvON50exTT-3ho0zd5xOow,bridgeport-connecticut
https://www.ubereats.com/connecticut/food-delivery/new-point-of-bridgeport/w9ZQ73Q8T8y_t2G1dWHHfw,bridgeport-connecticut
https://www.ubereats.com/connecticut/food-delivery/elis-tavern/ye7FfuhfQoilbJ_fkWemkw,bridgeport-connecticut
https://www.ubereats.com/connecticut/food-delivery/starbucks-fairfield-black-rock-turnpike/_sNJyAFeQKKPiE5Se4bJ6g,bridgeport-connecticut
https://www.ubereats.com/connecticut/food-delivery/via-sforza-trattoria/BU4-TeR-SmGwoxAsKSLPGg,bridgeport-connecticut
https://www.ubereats.com/connecticut/food-delivery/aribella/-U4CTCCOToGOlK3IwB9tFA,bridgeport-connecticut
https://www.ubereats.com/connecticut/food-delivery/five-guys-ct-0600-823-bridgeport-ave/3SZ0MG9vSZKkbzD8hsPDWg,bridgeport-connecticut
https://www.ubereats.com/connecticut/food-delivery/garelick-%26-herbs/tNgMoQ2qSGSfQv1Rf19pDw,bridgeport-connecticut
https://www.ubereats.com/connecticut/food-delivery/popeyes-2201-fairfield-avenue/TDhNp3KURGySk3aoQakYcw,bridgeport-connecticut
https://www.ubereats.com/connecticut/food-delivery/lets-wrap/wTWjn38JQW2s_Hniggnxtg,bridgeport-connecticut
https://www.ubereats.com/connecticut/food-delivery/oar-%26-oak/apxv-WqsR5ihduFGHivWkg,bridgeport-connecticut
https://www.ubereats.com/connecticut/food-delivery/wendys-1105-main-street/6fXAK-MGQROLFt-r5ViEsw,bridgeport-connecticut
