url,city
https://www.ubereats.com/new-orleans/food-delivery/daiquiri-run-on-61/B5LEErAKRpOzALlLRUeIRg,bridge-city-louisiana
https://www.ubereats.com/new-orleans/food-delivery/gyro-grill/PYpS-GRFSz-YiM5ostRfZA,bridge-city-louisiana
https://www.ubereats.com/new-orleans/food-delivery/pra-lees/bHNj7E1gTm25d4_MeScdTQ,bridge-city-louisiana
https://www.ubereats.com/new-orleans/food-delivery/milly-mulah-million-dollar-cheesecake/geTJRr9gSy64NdFjMDH9PQ,bridge-city-louisiana
https://www.ubereats.com/new-orleans/food-delivery/shenanigans-kitchen-and-cocktails/0AwMGvggSPq-5aGz__ksPA,bridge-city-louisiana
https://www.ubereats.com/new-orleans/food-delivery/mikimoto-japanese-restaurant/DoArR-nUQvuPJU90pqvRGg,bridge-city-louisiana
https://www.ubereats.com/new-orleans/food-delivery/moes-720-veterans-blvd/OMFaEcW-RQqc1SVmh6fu0w,bridge-city-louisiana
https://www.ubereats.com/new-orleans/food-delivery/sweet-things-%26-grill/Yu1jaq8LT_yx0sTd16SreA,bridge-city-louisiana
https://www.ubereats.com/new-orleans/food-delivery/wegeaux-cafe/Qos3XRu2Tu2tvXHwkMbAnw,bridge-city-louisiana
https://www.ubereats.com/new-orleans/food-delivery/taco-bell-6715-airline-dr/N7t2ELgmQSKsIwlYuMqWxQ,bridge-city-louisiana
https://www.ubereats.com/new-orleans/food-delivery/haifa-cuisine-%26-hookah-bar/bNU8ul9-Rm6Sh_-oSY3kaQ,bridge-city-louisiana
https://www.ubereats.com/new-orleans/food-delivery/ruths-chris-steak-house-3633-veterans-memorial-blvd/qkDAoHUkQ5a4_wAiEtS_pg,bridge-city-louisiana
https://www.ubereats.com/new-orleans/food-delivery/arbys-3847-veterans-memorial-blvd/lPJ9vM1_RS-FlZwPiQ5vuA,bridge-city-louisiana
https://www.ubereats.com/new-orleans/food-delivery/banh-mi-boys/KaGWLH2RQ12I46h_N3yPBA,bridge-city-louisiana
https://www.ubereats.com/new-orleans/food-delivery/creole-fusion-llc/ebu5jhyGQ_KbzKjZvFXvSg,bridge-city-louisiana
https://www.ubereats.com/new-orleans/food-delivery/captain-sids-seafood/m57HeZbFRtW4J-4aXFh00Q,bridge-city-louisiana
https://www.ubereats.com/new-orleans/food-delivery/churchs-chicken-3740-airline-highway/5bFTupawReWM_3XZ59c4ZA,bridge-city-louisiana
https://www.ubereats.com/new-orleans/food-delivery/po-boy-depot/utokGZ5NRmqwfEPzlFHmKw,bridge-city-louisiana
https://www.ubereats.com/new-orleans/food-delivery/nola-connexion-bbb/RGwb42QsTaKN_9DKhlYhpw,bridge-city-louisiana
https://www.ubereats.com/new-orleans/food-delivery/arbys-1000-west-esplanade-ave/5uE9gYt8Syyf7gcn4spEAQ,bridge-city-louisiana
https://www.ubereats.com/new-orleans/food-delivery/pho-bang-restaurant-metairie/a3TakVbsTXSvRvBWS_c13g,bridge-city-louisiana
https://www.ubereats.com/new-orleans/food-delivery/mcdonalds-s-carrollton/8iJwvrmdS7WyosfJsK04OA,bridge-city-louisiana
https://www.ubereats.com/new-orleans/food-delivery/subway-3502-s-carrollton-ave/HSndWTIvSliMxMHRuWv2cQ,bridge-city-louisiana
https://www.ubereats.com/new-orleans/food-delivery/mcdonalds-jefferson-%26-causeway/7szEBm2CSoCGKcN1H3UYqA,bridge-city-louisiana
https://www.ubereats.com/new-orleans/food-delivery/mcdonalds-s-clearview-pkwy/ISqXdZG4QvGbsQnpHuJYYQ,bridge-city-louisiana
https://www.ubereats.com/new-orleans/food-delivery/poke-loa-elmwood/Kbkore9lQN6mRWlQ8n7BSg,bridge-city-louisiana
https://www.ubereats.com/new-orleans/food-delivery/popeyes-4605-airline-dr/PKVrY8FEQYyTd665z9k0yQ,bridge-city-louisiana
https://www.ubereats.com/new-orleans/food-delivery/dimartinos-famous-new-orleans-muffulettas-marrero/--078Mw4TFy_0KSRmSjtWQ,bridge-city-louisiana
https://www.ubereats.com/new-orleans/food-delivery/papa-johns-2700-david-dr/weHfgBFnQc6xCKOdlVSGxA,bridge-city-louisiana
https://www.ubereats.com/new-orleans/food-delivery/mcdonalds-2951-hwy-90/rV_6oNYJSdezUd-15tv0bg,bridge-city-louisiana
https://www.ubereats.com/new-orleans/food-delivery/popeyes-3444-williams-blvd/JcPTyTV3RiucqbwWWcDBpw,bridge-city-louisiana
https://www.ubereats.com/new-orleans/food-delivery/subway-3810-jefferson-hwy/keDgzZcjSlKwJhWeMxvyjA,bridge-city-louisiana
https://www.ubereats.com/new-orleans/food-delivery/moes-original-bbq-metairie/p4wUlbplTeaBI3woheE8IQ,bridge-city-louisiana
https://www.ubereats.com/new-orleans/food-delivery/union-market/PAdmNkaDQPaJ6Hbb0Zd-Vg,bridge-city-louisiana
https://www.ubereats.com/new-orleans/food-delivery/cajun-daiquiri-%26-cafe/bp5kcMW8S0WpBVRtV5WGWw,bridge-city-louisiana
https://www.ubereats.com/new-orleans/food-delivery/cafe-equator/-YOSxs0tR7ylN2BpAUDVzQ,bridge-city-louisiana
https://www.ubereats.com/new-orleans/food-delivery/mcdonalds-kenner-vets/vgCzopCgQDy6VKc7zktldg,bridge-city-louisiana
https://www.ubereats.com/new-orleans/food-delivery/the-bulldog-mid-city/5JqetyrAShCXBac1FeHrvA,bridge-city-louisiana
https://www.ubereats.com/new-orleans/food-delivery/felipes-mexican-taqueria-mid-city/kT02u6lsRsKSDvNwzPd9qg,bridge-city-louisiana
https://www.ubereats.com/new-orleans/food-delivery/rallys-5300-jefferson-highway/h-xbhPSIRSeKnN9VzjqdZg,bridge-city-louisiana
https://www.ubereats.com/new-orleans/food-delivery/krispy-kreme-825-clearview-parkway/mrh5c-dLROO0m4OxKnbqsg,bridge-city-louisiana
https://www.ubereats.com/new-orleans/food-delivery/taco-bell-2169-robert-e-lee-boulevard/P_qLimDXQeCaLW5qMVr7rw,bridge-city-louisiana
https://www.ubereats.com/new-orleans/food-delivery/mrjimspizza-0048-2424-williams-blvd/Bi0bRWGERC6r9ss5_D2zDA,bridge-city-louisiana
https://www.ubereats.com/new-orleans/food-delivery/mcdonalds-barataria/o5udYHY2R9-pZZh-mkMLKw,bridge-city-louisiana
https://www.ubereats.com/new-orleans/food-delivery/papa-johns-3216-w-esplanade-ave/xDhpeVE4Q4Keq3JYliWojw,bridge-city-louisiana
https://www.ubereats.com/new-orleans/food-delivery/mcalisters-deli-1000-west-esplanade/8VnO6JSiR2ayGCplwQgsUg,bridge-city-louisiana
https://www.ubereats.com/new-orleans/food-delivery/five-guys-la-1619-401-north-carrollton-ave/MOBWInMyTsmwU5BZr4KqUw,bridge-city-louisiana
https://www.ubereats.com/new-orleans/food-delivery/five-guys-la-1607-1212-south-clearview-pkwy/1dXgwpodSYKaQ5ZdqJu7qA,bridge-city-louisiana
https://www.ubereats.com/new-orleans/food-delivery/dickeys-bbq-pit-3020-veterans-memorial-blvd/V-WJ8_t_Q-KcPkzrML2m7A,bridge-city-louisiana
https://www.ubereats.com/new-orleans/food-delivery/mcdonalds-301-veterans-in-metairie/OyVqs45TS6OcVSsR3dsLXg,bridge-city-louisiana
https://www.ubereats.com/new-orleans/food-delivery/kingdom-cafe/RYu1A-4vTPGoF066MvAvdw,bridge-city-louisiana
https://www.ubereats.com/new-orleans/food-delivery/mazaj-cafe/jDHCdkmsREOeEUMJ--QyKw,bridge-city-louisiana
https://www.ubereats.com/new-orleans/food-delivery/krispy-krunchy-chicken-5151-canal-blvd/MCAK62jzRj2HUlkpHB4lWQ,bridge-city-louisiana
https://www.ubereats.com/new-orleans/food-delivery/guillorys-deli-%26-tamales/dwqMLFFRTAmI9WG_eUeO7Q,bridge-city-louisiana
https://www.ubereats.com/new-orleans/food-delivery/wegeaux-cafe/Dd7L6ioVQmSC-3vDZHVrsg,bridge-city-louisiana
https://www.ubereats.com/new-orleans/food-delivery/izzos-illegal-burrito-metairie/7gA6kfL_TVWWTeyEEGev6Q,bridge-city-louisiana
https://www.ubereats.com/new-orleans/food-delivery/food-symphony-restaurant/Olqdfsw_RaqACdYoyselMg,bridge-city-louisiana
https://www.ubereats.com/new-orleans/food-delivery/tic-toc-cafe/Rhff-UkAROquIAVjZnpLvA,bridge-city-louisiana
https://www.ubereats.com/new-orleans/food-delivery/zoes-kitchen-701-metairie-road-suite-1a103/E5PHB9dpTte0TDXXpG4Nnw,bridge-city-louisiana
https://www.ubereats.com/new-orleans/food-delivery/moniques/R5SAMbjbQqSfgVO0uqWXxQ,bridge-city-louisiana
https://www.ubereats.com/new-orleans/food-delivery/daisy-dukes-diner/xqPypgV_SdGUhrHISxtc2Q,bridge-city-louisiana
https://www.ubereats.com/new-orleans/food-delivery/phoenicia-restaurant/eRUPYSwxRM2Eefy1lpDDiA,bridge-city-louisiana
https://www.ubereats.com/new-orleans/food-delivery/jamaican-jerk-house/C9IwrAIkTI-F5kv_HiVdEg,bridge-city-louisiana
https://www.ubereats.com/new-orleans/food-delivery/district%3A-donutsslidersbrew-harrison/O1_fEfreTQamvZCFVEEzug,bridge-city-louisiana
https://www.ubereats.com/new-orleans/food-delivery/dennys-5910-veterans/AKFiHQ2CQNO-l1XmXNPBWA,bridge-city-louisiana
https://www.ubereats.com/new-orleans/food-delivery/papa-johns-2701-airline-drive/WjI8mhQKS1yw9fviKStv0w,bridge-city-louisiana
https://www.ubereats.com/new-orleans/food-delivery/taco-bell-8817-west-veterans-memorial-blvd/fD_h81IrRXiPTsBzkK8Zgg,bridge-city-louisiana
https://www.ubereats.com/new-orleans/food-delivery/ideal-market-airline-dr/H8MI5DN8S_-s-uPomma3kQ,bridge-city-louisiana
https://www.ubereats.com/new-orleans/food-delivery/diors-soulfood-kitchen/j-D-GDBwRW-u87XcmWn0ZA,bridge-city-louisiana
https://www.ubereats.com/new-orleans/food-delivery/buffalo-wild-wings-3434-veterans-memorial-blvd/fvECPKFmQGK6xJbwp37-sQ,bridge-city-louisiana
https://www.ubereats.com/new-orleans/food-delivery/smoothie-king-lakeside-mall/ZWVIhRZAQIuNs-7KdCoXYw,bridge-city-louisiana
https://www.ubereats.com/new-orleans/food-delivery/5216-table-and-tap/x9riUgCzRiyoJC_YyB1uyg,bridge-city-louisiana
https://www.ubereats.com/new-orleans/food-delivery/brown-butter-southern-kitchen-%26-bar/2U3UjHxHTvKEQ_7esBuZHw,bridge-city-louisiana
https://www.ubereats.com/new-orleans/food-delivery/mark-twains-pizza-landing/aa2wSZbPRSKnP9GusFClJQ,bridge-city-louisiana
https://www.ubereats.com/new-orleans/food-delivery/brazilian-market-and-cafe/ybvKHx4gTFKIl5f8fx3sRw,bridge-city-louisiana
https://www.ubereats.com/new-orleans/food-delivery/cold-stone-creamery-elmwood/OP9nswBPSs6-qhQUEqdmPg,bridge-city-louisiana
https://www.ubereats.com/new-orleans/food-delivery/nola-desi-kitchen/tEGRAtNqSAyF1qyvK_Sjcg,bridge-city-louisiana
https://www.ubereats.com/new-orleans/food-delivery/saigon-bistro/TUpGtOsZSa2nmgzrusdgZg,bridge-city-louisiana
https://www.ubereats.com/new-orleans/food-delivery/wendys-4226-w-esplanade-ave/2AXuuawoSJW98gG-GzMLqg,bridge-city-louisiana
https://www.ubereats.com/new-orleans/food-delivery/la-chilanga/9fiFA7WiSpSbTvIx7_fY_g,bridge-city-louisiana
https://www.ubereats.com/new-orleans/food-delivery/churchs-chicken-3111-loyola-drive/4300sMxlR3mQD-oLvpzZgQ,bridge-city-louisiana
https://www.ubereats.com/new-orleans/food-delivery/rallys-4001-airline-highway/lGcmP0ndQZWFpG-1i16LoQ,bridge-city-louisiana
https://www.ubereats.com/new-orleans/food-delivery/original-wings-and-things/VQIjqX86Snmt3OSig7ME3A,bridge-city-louisiana
https://www.ubereats.com/new-orleans/food-delivery/bevi-metairie/BpUg5zP0RWqwbsBBci79zA,bridge-city-louisiana
https://www.ubereats.com/new-orleans/food-delivery/pinkberry-carrollton-ave/l9fkvysOTPWpXYkRBj2eJA,bridge-city-louisiana
https://www.ubereats.com/new-orleans/food-delivery/kozs-harahan/RboFSY3wQSebYtdKkISnwQ,bridge-city-louisiana
https://www.ubereats.com/new-orleans/food-delivery/subway-6025-jefferson-hwy/D9IXXPUjTXK7sQIZKglR8w,bridge-city-louisiana
https://www.ubereats.com/new-orleans/food-delivery/lakeview-harbor/68E5yujMQhiLPJJBfqWuRg,bridge-city-louisiana
https://www.ubereats.com/new-orleans/food-delivery/wendys-300-veterans-memorial-blvd/z2pM5lhoQ_2cxQgR-j0kiQ,bridge-city-louisiana
https://www.ubereats.com/new-orleans/food-delivery/outback-steakhouse-1601-barataria-boulevard/cL2-uyNQQaijvmf5TOa7hQ,bridge-city-louisiana
https://www.ubereats.com/new-orleans/food-delivery/the-streal-cafe/qhXFc1ywQUaNBUcLC-OUTA,bridge-city-louisiana
https://www.ubereats.com/new-orleans/food-delivery/hurricanes-bar-and-grill/HCWL36rZRgClI-ryg-swOQ,bridge-city-louisiana
https://www.ubereats.com/new-orleans/food-delivery/7904-bonefish-grill-4848-veterans-blvd-suite-b/Nm4xzuHWRX-TtkVDxvmHcw,bridge-city-louisiana
https://www.ubereats.com/new-orleans/food-delivery/andreas-restaurant/1nphOd5CThGTLMYlPBUKhQ,bridge-city-louisiana
https://www.ubereats.com/new-orleans/food-delivery/taco-bell-1805-veterans-memorial-blvd-east/79_nfhtHQOmyK0aMHP-IzQ,bridge-city-louisiana
https://www.ubereats.com/new-orleans/food-delivery/vandal-lounge/sEjhRn_oRWOwFck8GLJVHw,bridge-city-louisiana
https://www.ubereats.com/new-orleans/food-delivery/cooks-gone-krazy/7cW-QQ4iT4qMf4Nf0YcX0w,bridge-city-louisiana
https://www.ubereats.com/new-orleans/food-delivery/reginellis-pizzeria-citrus-blvd/JkPIhbolQI2cgRM-F-HoEA,bridge-city-louisiana
https://www.ubereats.com/new-orleans/food-delivery/swegs-kitchen-veterans/eKZrHI3bShSCSx6A2MqAGA,bridge-city-louisiana
https://www.ubereats.com/new-orleans/food-delivery/sherris-sweet-treats-5346-lapalco-blvd/pNvERvICQdOnpnu70Duj-w,bridge-city-louisiana
https://www.ubereats.com/new-orleans/food-delivery/ihop-i-10/buIqHbFCQyqjXGhnOPd_HA,bridge-city-louisiana
https://www.ubereats.com/new-orleans/food-delivery/wendys-3000-us-hwy-90/_gYLYJXERnak0VFeQOGCKg,bridge-city-louisiana
https://www.ubereats.com/new-orleans/food-delivery/wags-food-%26-culture/SEkDVs0eQbWX71D0Hpv0RA,bridge-city-louisiana
https://www.ubereats.com/new-orleans/food-delivery/biscuits-%26-buns-on-banks/gCncpN5iQ_26LushBQMcWw,bridge-city-louisiana
https://www.ubereats.com/new-orleans/food-delivery/jams-po-boys-%26-catering/_n6H_0T0Q5-OW_wx7l4knQ,bridge-city-louisiana
https://www.ubereats.com/new-orleans/food-delivery/buds-broiler-metairie/j-2FskmsStivsabrINS4zw,bridge-city-louisiana
https://www.ubereats.com/new-orleans/food-delivery/aladdin-grill-esplanade-mall/lrki6ZlFRuKBjfBz1Xq7gA,bridge-city-louisiana
https://www.ubereats.com/new-orleans/food-delivery/ihop-airline/isOyc7tDQjyV9ffs3RhRyw,bridge-city-louisiana
https://www.ubereats.com/new-orleans/food-delivery/krispy-krunchy-chicken-4045-williams-blvd/9VJr74zDT0eoGzLt4_7AeA,bridge-city-louisiana
https://www.ubereats.com/new-orleans/food-delivery/pollo-campero-kenner-williams-blvd/mpj6NfSsS7eLTtOxbpDXmw,bridge-city-louisiana
https://www.ubereats.com/new-orleans/food-delivery/falafel-king/hvLMN5TZTDaiOB8LQ_wRGg,bridge-city-louisiana
https://www.ubereats.com/new-orleans/food-delivery/taco-bell-5141-lapalco-blvd/r_sIsXwiTDCUsoNtjdcx_Q,bridge-city-louisiana
https://www.ubereats.com/new-orleans/food-delivery/mcdonalds-501-westbank-expy/HzkgRB4YSs611Q1CdXsHNA,bridge-city-louisiana
https://www.ubereats.com/new-orleans/food-delivery/flemings-prime-steakhouse-%26-wine-bar-metairie/JaZ-qfKgRdqoN_RZFBKsOg,bridge-city-louisiana
https://www.ubereats.com/new-orleans/food-delivery/red-star-chinese-restaurant/6kS_t2jKQem0ogdck8k_rQ,bridge-city-louisiana
https://www.ubereats.com/new-orleans/food-delivery/westbank-grill/wY3iLg0fQTargY0DNfvJaQ,bridge-city-louisiana
https://www.ubereats.com/new-orleans/food-delivery/ninja-on-the-go/ZW6GZw1_SOSWjmbhiyfO5g,bridge-city-louisiana
https://www.ubereats.com/new-orleans/food-delivery/todds-frozen-yogurt-severn-ave/B6rDGL4URAG0AW6eY4oEIw,bridge-city-louisiana
https://www.ubereats.com/new-orleans/food-delivery/red-apple-chinese-restaurant/y8n5mPvJSlWW77_1rEoStA,bridge-city-louisiana
https://www.ubereats.com/new-orleans/food-delivery/wendys-7021-w-bank-expressway/1JaKR2-LSEaSqdr3cVOnUQ,bridge-city-louisiana
https://www.ubereats.com/new-orleans/food-delivery/cafe-b/bD1ys9_NSsegSYsSscgqZw,bridge-city-louisiana
https://www.ubereats.com/new-orleans/food-delivery/grounded-coffee-cafe/_48L10KEQfKzoLox9NN9bA,bridge-city-louisiana
https://www.ubereats.com/new-orleans/food-delivery/firehouse-subs-3814-veterans-memorial-blvd/FY2Ob10ZTXCmDcBTFPsP-g,bridge-city-louisiana
https://www.ubereats.com/new-orleans/food-delivery/mc-gs-food-%26-culture/Q59L3v_vTE-8rGD0_wgsaA,bridge-city-louisiana
https://www.ubereats.com/new-orleans/food-delivery/check-in-check-out-deli-%26-catering/s9PDE_4bST6Ri91LZ96i5A,bridge-city-louisiana
https://www.ubereats.com/new-orleans/food-delivery/saltgrass-4860-veterans-memorial-blvd/5APy0gTrTiaqBJRiyA-B4w,bridge-city-louisiana
https://www.ubereats.com/new-orleans/food-delivery/city-greens-citrus-blvd/753FFMZtR7Ov4iYtkj2B1Q,bridge-city-louisiana
https://www.ubereats.com/new-orleans/food-delivery/mcdonalds-ames/VrtBtS4gRVud-xp178MhKg,bridge-city-louisiana
https://www.ubereats.com/new-orleans/food-delivery/wishing-town-bakery-cafe/5iDT7pNDRdeJ91mLAllDIw,bridge-city-louisiana
https://www.ubereats.com/new-orleans/food-delivery/bobby-heberts-cajun-cannon/0eZWeexHT56SL4SGPPbd4w,bridge-city-louisiana
https://www.ubereats.com/new-orleans/food-delivery/jade-buddha-restaurant/1vtd0jNGTFCh3JDvnRbKhw,bridge-city-louisiana
https://www.ubereats.com/new-orleans/food-delivery/blue-dot-donuts/pcPI8w47RZqPRw80hD67xA,bridge-city-louisiana
https://www.ubereats.com/new-orleans/food-delivery/chick-fil-a-1141-s-clearview-pkwy/oFMsWgUwRAuglvkydwpSng,bridge-city-louisiana
https://www.ubereats.com/new-orleans/food-delivery/dots-diner-river-ridge/C61kAtePR06wc1XLJ7w2kg,bridge-city-louisiana
https://www.ubereats.com/new-orleans/food-delivery/monas-cafe-%26-deli/20rdx20-Tl-3LZW49FoPVw,bridge-city-louisiana
https://www.ubereats.com/new-orleans/food-delivery/atomic-burger-metairie/dk8LY_w2SvGcNEf55xppDA,bridge-city-louisiana
https://www.ubereats.com/new-orleans/food-delivery/casablanca/6sPCeHLESZK_fPjhktKFeQ,bridge-city-louisiana
https://www.ubereats.com/new-orleans/food-delivery/nola-vegan/HjdrkkrzQTSoQKOOJ9b3eg,bridge-city-louisiana
https://www.ubereats.com/new-orleans/food-delivery/starbucks-elmwood/nno4e_UVSmanXKjxLrDv3Q,bridge-city-louisiana
https://www.ubereats.com/new-orleans/food-delivery/auntie-annes-3301-veterans-memorial-blvd/WwKJmFZeRd6vovMUHUMLXA,bridge-city-louisiana
https://www.ubereats.com/new-orleans/food-delivery/akira-sushi-hibachi/PGfvRWdCQPS5uhdUPTyUDA,bridge-city-louisiana
https://www.ubereats.com/new-orleans/food-delivery/marble-slab-creamery-4201-veterans-memorial-blvd/ERBtWijCT9yTi5RvtUv59w,bridge-city-louisiana
https://www.ubereats.com/new-orleans/food-delivery/ikura-hibachi-and-sushi/HIe4nfhfQCetW08jo7QpQQ,bridge-city-louisiana
https://www.ubereats.com/new-orleans/food-delivery/tgi-fridays-2403-metairie-la/dpKU8IOWR2i50uWLvBcv1A,bridge-city-louisiana
https://www.ubereats.com/new-orleans/food-delivery/mckenzies-chicken-in-a-box/vmklzJVlQoq_1k-lWbfjjQ,bridge-city-louisiana
https://www.ubereats.com/new-orleans/food-delivery/wendys-3855-veterans-memorial-blvd/IXIy4cCvRPKmDXhmWEBvHg,bridge-city-louisiana
https://www.ubereats.com/new-orleans/food-delivery/burger-king-916-veterans-memorial-blvd/FvJyRlAqQbaGAJ_Oz4Rz2A,bridge-city-louisiana
https://www.ubereats.com/new-orleans/food-delivery/pokeworks-3413-veterans-memorial-blvd/o01m8l4USUCPo3niCXbyeQ,bridge-city-louisiana
https://www.ubereats.com/new-orleans/food-delivery/danny-and-clydes-food-store-%2326/MT9-fgv9SXaIxx3BC6gHRA,bridge-city-louisiana
https://www.ubereats.com/new-orleans/food-delivery/breakfast-club-cafe/LwYYuTaZT_mJF3eNrFId4Q,bridge-city-louisiana
https://www.ubereats.com/new-orleans/food-delivery/mid-city-yacht-club/tLUf_0y_QeqJ8MgsnnMd_Q,bridge-city-louisiana
https://www.ubereats.com/new-orleans/food-delivery/the-ice-cream-shop/ubX-ZAzYQ6KFNldMM0MQQQ,bridge-city-louisiana
https://www.ubereats.com/new-orleans/food-delivery/hooters-4748-veterans-blvd/d4wSbm71Qv2FS9EfhtM3PA,bridge-city-louisiana
https://www.ubereats.com/new-orleans/food-delivery/perrins-cajun-kitchen/WOMSDK5xToWnESVr1NsGgg,bridge-city-louisiana
https://www.ubereats.com/new-orleans/food-delivery/chilangos-seafood/KwXcmlCrSH2S6Bu6bwJt6Q,bridge-city-louisiana
https://www.ubereats.com/new-orleans/food-delivery/mcdonalds-green-acres/HEwIycK-TWuq2huDLMDgpg,bridge-city-louisiana
https://www.ubereats.com/new-orleans/food-delivery/wendys-7009-veterans-memorial-blvd/hL0hLdaxRYynGVKdAKL5pw,bridge-city-louisiana
https://www.ubereats.com/new-orleans/food-delivery/outback-steakhouse-2746-severn-avenue/QkCEK4M-Ts649t5ZVhYVvg,bridge-city-louisiana
https://www.ubereats.com/new-orleans/food-delivery/panda-express-3850-veterans-memorial-blvd/uRW94Z4KTZWe2y9L84rL8Q,bridge-city-louisiana
https://www.ubereats.com/new-orleans/food-delivery/ragin-cajun-deli/hcQlJTCTQAyJD9HfPLryLA,bridge-city-louisiana
https://www.ubereats.com/new-orleans/food-delivery/starbucks-barataria-blvd-%26-lapalco-blvd/jSiRZNzORvGseFEYSRALWw,bridge-city-louisiana
https://www.ubereats.com/new-orleans/food-delivery/oriental-triangle-chinese-restaurant/ACR0p-JJQ6aEz_bph8sJ9Q,bridge-city-louisiana
https://www.ubereats.com/new-orleans/food-delivery/sushi-express/8wd0eKk4R_Ka7Lv4fTII_g,bridge-city-louisiana
https://www.ubereats.com/new-orleans/food-delivery/charleys-philly-steaks-lakeside-shopping-center/_4sDyY8gRqOgHweoGIiptw,bridge-city-louisiana
https://www.ubereats.com/new-orleans/food-delivery/shanes-rib-shack-1855-barataria/I5PRwECITwCN_Sga_XQF0A,bridge-city-louisiana
https://www.ubereats.com/new-orleans/food-delivery/el-paso-mexican-grill/LvTGXESGRP2cU1gPe_Finw,bridge-city-louisiana
https://www.ubereats.com/new-orleans/food-delivery/vincents-italian-cuisine-metairie/hvTVm2wjSdGqmV87UYtgng,bridge-city-louisiana
https://www.ubereats.com/new-orleans/food-delivery/chipotle-mexican-grill-3600-veterans-memorial-blvd/dAZtJKHEQ0GEitKifUC-aQ,bridge-city-louisiana
https://www.ubereats.com/new-orleans/food-delivery/rallys-1875-barataria-boulevard/VJUqZJ4iRjabP5LUiIgSIw,bridge-city-louisiana
https://www.ubereats.com/new-orleans/food-delivery/wendys-1129-clearview-pkwy/b-NvZlOnTmmO9Oufy21MFA,bridge-city-louisiana
https://www.ubereats.com/new-orleans/food-delivery/kfc-2445-williams-blvd/GSDCFmu7QkuKIunZ2_DVsw,bridge-city-louisiana
https://www.ubereats.com/new-orleans/food-delivery/sweet-things-%26-grill-veterans-blvd/2sHeMFJASHinHjr6ORlWiw,bridge-city-louisiana
https://www.ubereats.com/new-orleans/food-delivery/maurice-french-pastries-hessmer-ave/K3n2lSG8TueXquhQn9En6Q,bridge-city-louisiana
https://www.ubereats.com/new-orleans/food-delivery/revel-cafe-and-bar/Hn6SMO62RDW7iUV8ISvb9A,bridge-city-louisiana
https://www.ubereats.com/new-orleans/food-delivery/hickory-cafe-%26-grill/9t2A_41aRveIEMuj4NQfVg,bridge-city-louisiana
https://www.ubereats.com/new-orleans/food-delivery/loft18/GHH_ROyNRQS0w7_PxYywgA,bridge-city-louisiana
https://www.ubereats.com/new-orleans/food-delivery/quiznos-clearview-pkwy/P3gJJwHwSBGr9k6wtXdDNQ,bridge-city-louisiana
https://www.ubereats.com/new-orleans/food-delivery/red-apple-chinese-restaurant/7PcubulcTC6n-CIAgBX6TQ,bridge-city-louisiana
https://www.ubereats.com/new-orleans/food-delivery/zitas-la-pizzera/ML-ec_SQRTmv4f01vKTEHg,bridge-city-louisiana
https://www.ubereats.com/new-orleans/food-delivery/poke-loa-old-metairie/U_FOKQ_pRky5ZA06Q26M0w,bridge-city-louisiana
https://www.ubereats.com/new-orleans/food-delivery/evolve-coffee-%2B-matcha/0XZz63-0QGuS0wGIUkTg1A,bridge-city-louisiana
https://www.ubereats.com/new-orleans/food-delivery/vinnies-caddyshack-bar-%26-grill/MEOuCsYtSC-gvIZptjZjQw,bridge-city-louisiana
https://www.ubereats.com/new-orleans/food-delivery/dunkin-4300-veterans-memorial-blvd/xXQNVf1dSqONokMDUQoYlg,bridge-city-louisiana
https://www.ubereats.com/new-orleans/food-delivery/ihop-williams-blvd/w-xJC40MTAiOQ33bT0rNCA,bridge-city-louisiana
https://www.ubereats.com/new-orleans/food-delivery/adrians-bakery/qcCDQIppRAK9CBbIgWjKpw,bridge-city-louisiana
https://www.ubereats.com/new-orleans/food-delivery/frostop/5pbqIWZxSYGtpfNc0uEWsQ,bridge-city-louisiana
https://www.ubereats.com/new-orleans/food-delivery/popeyes-3004-jefferson-hwy/GRN616kkRhiyBsZP9C4JRw,bridge-city-louisiana
https://www.ubereats.com/new-orleans/food-delivery/zocalo/vWKPqgNtTwmJ0-5H1GLSKw,bridge-city-louisiana
https://www.ubereats.com/new-orleans/food-delivery/mcdonalds-zephyr/qyK6CpiIQ52HHbqajhudnQ,bridge-city-louisiana
https://www.ubereats.com/new-orleans/food-delivery/mcdonalds-w-esplanade/HM4b-4BLRzO28LBMh9sCiQ,bridge-city-louisiana
https://www.ubereats.com/new-orleans/food-delivery/oak-oven/9uEN-YHbSCexk4cSExEZcA,bridge-city-louisiana
https://www.ubereats.com/new-orleans/food-delivery/caludas-cottage-catering/QMoMI1fMTgKEFLjb2K56dg,bridge-city-louisiana
https://www.ubereats.com/new-orleans/food-delivery/dots-diner-jefferson/KRvq8pbhTh2VvoKHKR_kUw,bridge-city-louisiana
https://www.ubereats.com/new-orleans/food-delivery/south-philly-steaks-%26-half-pounders/a9Il_3_YR_-AsfoHiq-Exw,bridge-city-louisiana
https://www.ubereats.com/new-orleans/food-delivery/popeyes-7100-westbank-expy/JxPYybrBQHi8Slw6l-TKtQ,bridge-city-louisiana
https://www.ubereats.com/new-orleans/food-delivery/dots-diner-kenner/6Q9DNCNsQm2Xajg66bzrlw,bridge-city-louisiana
https://www.ubereats.com/new-orleans/food-delivery/taco-bell-4713-veterans-memorial-blvd/h-kBajp-TgG54K66o9-OgA,bridge-city-louisiana
https://www.ubereats.com/new-orleans/food-delivery/ihop-3511-s-carrolton-ave/sZim5j0QQHK55yyv5wnTNA,bridge-city-louisiana
https://www.ubereats.com/new-orleans/food-delivery/manos-po-boys/mxpN6qAKQVOC-q8UGdANgA,bridge-city-louisiana
https://www.ubereats.com/new-orleans/food-delivery/ideal-market-williams-blvd/AQc0AUjTQdGGQx2pJp60lQ,bridge-city-louisiana
https://www.ubereats.com/new-orleans/food-delivery/freezy-street-kenner/Y1K5oo2VT4eK4suw0_fISQ,bridge-city-louisiana
https://www.ubereats.com/new-orleans/food-delivery/burger-king-6201-lapalco-blvd/O5CZsTcVQ7SGp_A69Mhhiw,bridge-city-louisiana
https://www.ubereats.com/new-orleans/food-delivery/subway-1201-jefferson-hwy/y5zGjLb8QyaX-k1oWC7I3Q,bridge-city-louisiana
https://www.ubereats.com/new-orleans/food-delivery/chef-germaines-kitchen-at-prime-example-jazz-club/RBfFXe3ZQb6w5QR8vz4Wfw,bridge-city-louisiana
https://www.ubereats.com/new-orleans/food-delivery/cookie-dough-bliss/DErh4B3_Q_CeDZwCtPAnxQ,bridge-city-louisiana
https://www.ubereats.com/new-orleans/food-delivery/pho-bistreaux-mounes-st/hu9bklXyRriAzmJGwvnvHw,bridge-city-louisiana
https://www.ubereats.com/new-orleans/food-delivery/kimmys-pita-pockets-%26-more/iz1V62IxTkWSl6j7r8TMDg,bridge-city-louisiana
https://www.ubereats.com/new-orleans/food-delivery/porter-%26-lukes/VPRyvwczRqSHY4XSanDcxQ,bridge-city-louisiana
https://www.ubereats.com/new-orleans/food-delivery/little-tokyo-restaurant-veterans/sqScRbwpTJyElsKFbb6wrA,bridge-city-louisiana
https://www.ubereats.com/new-orleans/food-delivery/jamba-juice-veterans-memorial-blvd/tsGNKNH7T32k_YKt2fdQJA,bridge-city-louisiana
https://www.ubereats.com/new-orleans/food-delivery/the-bronx-pizza-by-the-slice-and-subs/PBludf9VR--1wTjdNysayw,bridge-city-louisiana
https://www.ubereats.com/new-orleans/food-delivery/the-little-kitchen/geWIDSJjRWetM96sCA1bdQ,bridge-city-louisiana
https://www.ubereats.com/new-orleans/food-delivery/taco-bell-1117-s-clearview-pkwy/pkBDvkGNSmWV4YXBFoXJ6Q,bridge-city-louisiana
https://www.ubereats.com/new-orleans/food-delivery/revelator-coffee/G0igGiHYQ-avD5AlcMG-Xg,bridge-city-louisiana
https://www.ubereats.com/new-orleans/food-delivery/subway-hickory/sgQ-vPJxTouKAGxUewpkSw,bridge-city-louisiana
https://www.ubereats.com/new-orleans/food-delivery/starbucks-jefferson-hwy-%26-upstream-st/WqPp-BucR1mBJuMk48o7LA,bridge-city-louisiana
https://www.ubereats.com/new-orleans/food-delivery/iguanas-grill-restaurant/KByD03FERGqNL6tIz5WB_Q,bridge-city-louisiana
https://www.ubereats.com/new-orleans/food-delivery/wei-dao-asian-cuisine/g8vhXow7RraEbbDsvZ0LuA,bridge-city-louisiana
https://www.ubereats.com/new-orleans/food-delivery/the-original-italian-pie-harahan/Hh6sxHu8RH6KX5lc2qwsAA,bridge-city-louisiana
https://www.ubereats.com/new-orleans/food-delivery/step-brothers-sports-bar-%26-grill/G5wSZKv0TAerO3fWjIKDMA,bridge-city-louisiana
https://www.ubereats.com/new-orleans/food-delivery/danny-%26-clydes-food-stores-%2329/cwHduUuzT4COfD2SbyI8Yw,bridge-city-louisiana
https://www.ubereats.com/new-orleans/food-delivery/poppa-cs-fine-meats-and-bbq/l3FeNiV7QjqbbWljdNH9zg,bridge-city-louisiana
https://www.ubereats.com/new-orleans/food-delivery/juniors-on-harrison/ePJ-LNJOSvqqCKZckXcb7Q,bridge-city-louisiana
https://www.ubereats.com/new-orleans/food-delivery/subway-1020-d%26e-westbank-expressway/oBDQaJdOTa6VKnYg6hg6nw,bridge-city-louisiana
https://www.ubereats.com/new-orleans/food-delivery/el-paso-mexican-grill-metairie/KNWPTK7_SsGhru1IRh7-yg,bridge-city-louisiana
https://www.ubereats.com/new-orleans/food-delivery/popeyes-4701-veterans-memorial-blvd/KGrgPtUXTmODeNCSSi7CVg,bridge-city-louisiana
https://www.ubereats.com/new-orleans/food-delivery/taco-bell-1601-airline-dr/MMWa6JFuQRGwYcVhrifbRQ,bridge-city-louisiana
https://www.ubereats.com/new-orleans/food-delivery/applebees-3701-veterans-memorial-blvd/sFTRIFvqQ7uhrZb7YcoSuw,bridge-city-louisiana
https://www.ubereats.com/new-orleans/food-delivery/wah-kitchen/vub1vWktTLGn7ecrdDbzjg,bridge-city-louisiana
https://www.ubereats.com/new-orleans/food-delivery/wegeaux-cafe/O6mNKc_ZRGa2_gNSkDyDnw,bridge-city-louisiana
https://www.ubereats.com/new-orleans/food-delivery/mona-lisa-bar-and-grill/O0ArhzyMTtWWQHcZfMZHFQ,bridge-city-louisiana
https://www.ubereats.com/new-orleans/food-delivery/rolls-n-bowls-metairie-la/2WNc_3tfR22Qg431G61fUg,bridge-city-louisiana
https://www.ubereats.com/new-orleans/food-delivery/the-backyard/CvZfjHs7QTaW0IL-f8-bUw,bridge-city-louisiana
https://www.ubereats.com/new-orleans/food-delivery/zoes-kitchen-1208-s-clearview-parkway-suite-d/4fPdwpOoQFqPyosHSbpdhw,bridge-city-louisiana
https://www.ubereats.com/new-orleans/food-delivery/perks-coffee-%26-cafe/gRj9iVjmQUWRAjz5FGLosA,bridge-city-louisiana
https://www.ubereats.com/new-orleans/food-delivery/bergerons-boudin-and-cajun-meats/Cb35hEBGTuO4zGWHcdMR7Q,bridge-city-louisiana
https://www.ubereats.com/new-orleans/food-delivery/taj-mahal-indian-cuisine/4wAH4azzQ6OMn7WmzPH9Ow,bridge-city-louisiana
https://www.ubereats.com/new-orleans/food-delivery/little-tokyo-restaurant-causeway/-MNCwaIgTnSyTqnAOz6gjg,bridge-city-louisiana
https://www.ubereats.com/new-orleans/food-delivery/quiznos-barataria-blvd/Enk86kvPSCqRLsjT27cbRQ,bridge-city-louisiana
https://www.ubereats.com/new-orleans/food-delivery/frey-smoked-meat-company/a1AHsHIhTnSCWw8Vx3u9UQ,bridge-city-louisiana
https://www.ubereats.com/new-orleans/food-delivery/shyans-kitchen/AL-9j2W8SHiN2vPkEtNewQ,bridge-city-louisiana
https://www.ubereats.com/new-orleans/food-delivery/mcdonalds-loyola/t4UbH5fQTc-J-wqdht3wiA,bridge-city-louisiana
https://www.ubereats.com/new-orleans/food-delivery/fast-stop/_uTCa9eOT5CfBtTyxKoA4w,bridge-city-louisiana
https://www.ubereats.com/new-orleans/food-delivery/popeyes-1301-veterans-memorial-blvd/h1WKPa0MTW2ZQ8_KIjfEuQ,bridge-city-louisiana
https://www.ubereats.com/new-orleans/food-delivery/buffalo-wild-wings-s-clearview-pkwy/tIqtU-OyR3mK5-khMOiThg,bridge-city-louisiana
https://www.ubereats.com/new-orleans/food-delivery/french-press-coffee-house-williams-blvd/O6tMFEhLRuWw9cGYizJLPw,bridge-city-louisiana
https://www.ubereats.com/new-orleans/food-delivery/starbucks-harrison-ave-%26-memphis-st/K2NaitnnThmB37y5WMVSDQ,bridge-city-louisiana
https://www.ubereats.com/new-orleans/food-delivery/cafe-royale/sj5DtugZR2-Yzw5jBLm-qg,bridge-city-louisiana
https://www.ubereats.com/new-orleans/food-delivery/kfc-taco-bell-1001-westbank-expressway/FZT1TzpARJ2UZamfuah7nA,bridge-city-louisiana
https://www.ubereats.com/new-orleans/food-delivery/sweet-thangs-by-nolasips/rU9v7ac_SSyP-kcX_DDu8w,bridge-city-louisiana
https://www.ubereats.com/new-orleans/food-delivery/highway-fried-chicken-%26-seafood/hzP_yBK5SemLZwWGpitPIA,bridge-city-louisiana
https://www.ubereats.com/new-orleans/food-delivery/los-jefes-tortilleria-%26-grill/hSCbYNv0RoKbRTFWAjMTeA,bridge-city-louisiana
https://www.ubereats.com/new-orleans/food-delivery/smashburger-3301-veterans-blvd-ste-79a/CDXKBRMXSAud5XyKWo7XxA,bridge-city-louisiana
https://www.ubereats.com/new-orleans/food-delivery/mcdonalds-lafitte-larose-hwy/K-ybnBcjQta5jtdDq5UKkg,bridge-city-louisiana
https://www.ubereats.com/new-orleans/food-delivery/mardi-gras-seafood/vW6ADE2hSdeapl5D9Q1uew,bridge-city-louisiana
https://www.ubereats.com/new-orleans/food-delivery/pasquallys-pizza-%26-wings-7000-veterans-blvd/x6O0CoAlT9yCiH4kWWE3Pw,bridge-city-louisiana
https://www.ubereats.com/new-orleans/food-delivery/buds-broiler-river-ridge/096ha_etSV-YpbismMMDMQ,bridge-city-louisiana
https://www.ubereats.com/new-orleans/food-delivery/sweet2eat/EjxXaX51Tjmpg53MjAG18g,bridge-city-louisiana
https://www.ubereats.com/new-orleans/food-delivery/buds-broiler-jefferson/gol6-w3rSGmloAVvL-TQPg,bridge-city-louisiana
https://www.ubereats.com/new-orleans/food-delivery/applebees-1220-s-clearview-pkwy-ste-1172/SjcTUXRuTnSTLgBCxu5Zkw,bridge-city-louisiana
https://www.ubereats.com/new-orleans/food-delivery/wendys-3138-s-carrollton-ave/E5XrAF5ATQGJlczqc1sIig,bridge-city-louisiana
https://www.ubereats.com/new-orleans/food-delivery/wing-zone-5128-lapalco-blvd/9yiHZP0iTGmS4a6_n3JshQ,bridge-city-louisiana
https://www.ubereats.com/new-orleans/food-delivery/taqueria-rancho-chico/-XAemC01TRGZ2BakjWq0hw,bridge-city-louisiana
https://www.ubereats.com/new-orleans/food-delivery/french-press-coffee-house-david-dr/1En__9v2S9OBS4dBBw55YQ,bridge-city-louisiana
https://www.ubereats.com/new-orleans/food-delivery/williams-seafood-and-poboys/RMTshCvwRfax27ltEwDYvg,bridge-city-louisiana
https://www.ubereats.com/new-orleans/food-delivery/namese/zpT5lOzLTNmbJWIbmO4XEg,bridge-city-louisiana
https://www.ubereats.com/new-orleans/food-delivery/2-amigos/5RoDsR1WQFeL1EqUYEvGqg,bridge-city-louisiana
https://www.ubereats.com/new-orleans/food-delivery/buds-broiler-kenner/sz76g9QqRWOdooMQIyAb4w,bridge-city-louisiana
https://www.ubereats.com/new-orleans/food-delivery/district%3A-donutsslidersbrew-elmwood/0O_IqcQnRZyLUnGhw6_8SQ,bridge-city-louisiana
https://www.ubereats.com/new-orleans/food-delivery/ideal-market-hessmer-ave/H_jyhNBUQkWrRYFy1yZbAg,bridge-city-louisiana
https://www.ubereats.com/new-orleans/food-delivery/applebees-1000-west-esplanada-avenue/8PC8cMOkSPiIZ-7eU64Hdg,bridge-city-louisiana
https://www.ubereats.com/new-orleans/food-delivery/hippie-kitchen/ZR2RH-a6S7Cpp9Y5kbHE1g,bridge-city-louisiana
https://www.ubereats.com/new-orleans/food-delivery/rollin-fatties/SK8QyuDQTbeUdK-Fq93TNA,bridge-city-louisiana
https://www.ubereats.com/new-orleans/food-delivery/central-poboys/CBUMmy0FQH6v6Z5eKj8PhA,bridge-city-louisiana
https://www.ubereats.com/new-orleans/food-delivery/little-caesars-pizza-loyola-dr/K_w0w2F3TGOOB_hLWO6XwA,bridge-city-louisiana
https://www.ubereats.com/new-orleans/food-delivery/1st-choice-meals/FAez4YtWRgSFmgBOmOt1XA,bridge-city-louisiana
https://www.ubereats.com/new-orleans/food-delivery/augies-restaurant/lqhABU5TT26dpoGkbEbgvA,bridge-city-louisiana
https://www.ubereats.com/new-orleans/food-delivery/mr-poor-boy/KmJeB8juQWWr7Y-OxIJ3UQ,bridge-city-louisiana
https://www.ubereats.com/new-orleans/food-delivery/taco-bell-3302-williams-blvd/Ry4F4VLyTHKeTV6OYawAYQ,bridge-city-louisiana
https://www.ubereats.com/new-orleans/food-delivery/sushi-village/uZDlavONRfu9lcdQWJb4ag,bridge-city-louisiana
https://www.ubereats.com/new-orleans/food-delivery/chaps-chicken/2CniaI-sTt2Ljbswk1gj2Q,bridge-city-louisiana
https://www.ubereats.com/new-orleans/food-delivery/byblos-mediterranean-cuisine-old-metairie/WgSgtaCiSESdjpIAQu_6rg,bridge-city-louisiana
https://www.ubereats.com/new-orleans/food-delivery/burger-king-5110-jefferson-hwy/F5XIImXSQcCN9XqSckmCrQ,bridge-city-louisiana
https://www.ubereats.com/new-orleans/food-delivery/thai-zaap-cafe/R80ZotaFTIeWCqFhNWfwIw,bridge-city-louisiana
https://www.ubereats.com/new-orleans/food-delivery/the-ice-cream-shop/LjlHEorYSfOJ7IAi90FXmQ,bridge-city-louisiana
https://www.ubereats.com/new-orleans/food-delivery/zoes-kitchen-4243-veterans-memorial-blvd/IxOUbd1pRfeL-dycrJFF_g,bridge-city-louisiana
https://www.ubereats.com/new-orleans/food-delivery/mi-frida/AN_veoM4SZyn2xBY_9G_hg,bridge-city-louisiana
https://www.ubereats.com/new-orleans/food-delivery/andrew-jaegers-eat-s/_Xfo_NyUSjul2NRucjDCzA,bridge-city-louisiana
https://www.ubereats.com/new-orleans/food-delivery/charlies-chinese-cuisine/zWuyHcY7SPOt1c6SmFexhw,bridge-city-louisiana
https://www.ubereats.com/new-orleans/food-delivery/monas-cafe-banks/fVzuT_ETSGC628oT8gwcew,bridge-city-louisiana
https://www.ubereats.com/new-orleans/food-delivery/yabas-cafe-%232/qgvCyOdTSUWez3nTORU8OA,bridge-city-louisiana
https://www.ubereats.com/new-orleans/food-delivery/carrabbas-4641-veterans-blvd/ntw8lgjqTwWaWdMopEYy9w,bridge-city-louisiana
https://www.ubereats.com/new-orleans/food-delivery/popeyes-5950-lapalco-blvd/jQVoS3QcSWqD9AZaEo4ZRA,bridge-city-louisiana
https://www.ubereats.com/new-orleans/food-delivery/jbs-bar/tYobLEwTRWe25_CZHgrK5A,bridge-city-louisiana
https://www.ubereats.com/new-orleans/food-delivery/the-original-italian-pie-kenner/5t6DWvH5SjamGYVbDTqf7Q,bridge-city-louisiana
https://www.ubereats.com/new-orleans/food-delivery/taco-bell-3840-veterans-memorial-blvd/gIxGzvq2S-2n3jiRZKcAjw,bridge-city-louisiana
https://www.ubereats.com/new-orleans/food-delivery/baya-bar/-kksZfqMSPSmll8xnEsSqA,bridge-city-louisiana
https://www.ubereats.com/new-orleans/food-delivery/burger-king-2601-veterans-memorial-blvd/ZQ3M8OBNQ1uI8bxnlvRY8A,bridge-city-louisiana
https://www.ubereats.com/new-orleans/food-delivery/wendys-3705-jefferson-hwy/i6xvlKG0SKisQNXJPJ9Xqw,bridge-city-louisiana
https://www.ubereats.com/new-orleans/food-delivery/mcalisters-deli-airline/Nxqy4yrlSZS20QNIXZNThw,bridge-city-louisiana
https://www.ubereats.com/new-orleans/food-delivery/french-press-coffee-house-severn-ave/lllHQDmESFGZRh5BhfQ98w,bridge-city-louisiana
https://www.ubereats.com/new-orleans/food-delivery/milanos-pizzeria/_QlER73MTamBJMStnAAyLw,bridge-city-louisiana
https://www.ubereats.com/new-orleans/food-delivery/burger-king-2100-clearview-parkway/eaGlbN9eTSuuyXd8ZGAw4A,bridge-city-louisiana
https://www.ubereats.com/new-orleans/food-delivery/fiesta-latina/5QANZrFZQ_6s8pYzaWN-Aw,bridge-city-louisiana
https://www.ubereats.com/new-orleans/food-delivery/stingrays-grill-%26-bar/efBSGSqbRdmMkQJVUwDZNA,bridge-city-louisiana
https://www.ubereats.com/new-orleans/food-delivery/lees-hamburgers-metairie/vrs4zXLlRvCk60SWB6-QeQ,bridge-city-louisiana
https://www.ubereats.com/new-orleans/food-delivery/papa-johns-6861-jefferson-hwy/xYO9t28rTB6i7Lipisp1Rg,bridge-city-louisiana
https://www.ubereats.com/new-orleans/food-delivery/shake-shack-3501-veterans-memorial-blvd/oG5mv8G_Q-2zcO9iOFObCA,bridge-city-louisiana
https://www.ubereats.com/new-orleans/food-delivery/pf-changs-3301-veterans-memorial-blvd-unit-63/a6wRA8FyTJC7HaRORShVHw,bridge-city-louisiana
https://www.ubereats.com/new-orleans/food-delivery/wendys-4801-airline-dr/3smlEA15TQ6Dwm9dhJTUkw,bridge-city-louisiana
https://www.ubereats.com/new-orleans/food-delivery/boba-boba/S7XtOaKHTpWyp8fRolzGXQ,bridge-city-louisiana
https://www.ubereats.com/new-orleans/food-delivery/chipotle-mexican-grill-1208-s-clearview-pkwy-ste-a/ZKdAguqaSWWFr7-mLBhDYg,bridge-city-louisiana
https://www.ubereats.com/new-orleans/food-delivery/mcdonalds-severn/zhWOrEyNQ_CciGSXp5L8NQ,bridge-city-louisiana
https://www.ubereats.com/new-orleans/food-delivery/mcdonalds-river-ridge/FUTnq2x6Q8yb4YInAGzMFA,bridge-city-louisiana
https://www.ubereats.com/new-orleans/food-delivery/the-ruby-slipper-cafe-metairie/ev-FFSrFQxqQfhptBtNTHA,bridge-city-louisiana
https://www.ubereats.com/new-orleans/food-delivery/great-american-cookies-lakeside-mall/OyQVyH7zSzyd2WLjzNgbMA,bridge-city-louisiana
https://www.ubereats.com/new-orleans/food-delivery/starbucks-veterans-%26-massachusetts/xfzNiAtQQOW7FNs6isGZ4w,bridge-city-louisiana
https://www.ubereats.com/new-orleans/food-delivery/out-of-bounds/7FsCR30_RJ6v89rk0EGTVw,bridge-city-louisiana
https://www.ubereats.com/new-orleans/food-delivery/falafel-king-metairie/hbf39_WCQ5yIlYwNnKyFCA,bridge-city-louisiana
https://www.ubereats.com/new-orleans/food-delivery/red-lobster-3020-n-causeway-blvd/eIU3yd1RQ5y8Kr--dJiOJw,bridge-city-louisiana
https://www.ubereats.com/new-orleans/food-delivery/mcdonalds-king/6kC6WkbBRYyAxb6D9ayuRw,bridge-city-louisiana
https://www.ubereats.com/new-orleans/food-delivery/ranchero-wings/jHvXxhvVRkK6-Jx6LJ7Z_A,bridge-city-louisiana
https://www.ubereats.com/new-orleans/food-delivery/shaunas-sugar-shack/-GoXDJE9ThSRR2JoqJyeEg,bridge-city-louisiana
https://www.ubereats.com/new-orleans/food-delivery/shas-cafe/1B1lCXBnTqqhd0GQQ_6gRg,bridge-city-louisiana
https://www.ubereats.com/new-orleans/food-delivery/subway-airline/GSMoQSk4QBihnt72Jbyrfw,bridge-city-louisiana
https://www.ubereats.com/new-orleans/food-delivery/bienvenue-on-hickory/HTn9ru_KSCGSthU1kJk_YQ,bridge-city-louisiana
https://www.ubereats.com/new-orleans/food-delivery/taco-bell-3012-loyola-drive/aicn_7nYQZ-yd1T3tPj8IA,bridge-city-louisiana
https://www.ubereats.com/new-orleans/food-delivery/danny-%26-clydes-food-stores-%2327/RZ_djrk9SzCRkqRSkLWVrw,bridge-city-louisiana
https://www.ubereats.com/new-orleans/food-delivery/toups-meatery/gSpzyxnMQ-y1IPPAlNFyBA,bridge-city-louisiana
https://www.ubereats.com/new-orleans/food-delivery/fat-city-jefes/0L3xTB5SQdCVhHh3n7p39A,bridge-city-louisiana
https://www.ubereats.com/new-orleans/food-delivery/wendys-3325-n-causeway-blvd/11e6pr5iR1ubxIMUmFjU0A,bridge-city-louisiana
https://www.ubereats.com/new-orleans/food-delivery/city-greens-metairie/DvJ9IhSeSoieLGKhGFQuWg,bridge-city-louisiana
https://www.ubereats.com/new-orleans/food-delivery/bears-po-boys-at-gennaros/fmEEnNxITsWJrdr1m_JzBw,bridge-city-louisiana
https://www.ubereats.com/new-orleans/food-delivery/popeyes-1216-elmwood-park-blvd/Yt7SgANaRmSvckJeF2fTCQ,bridge-city-louisiana
https://www.ubereats.com/new-orleans/food-delivery/jaime-le-cafe/VX4BQm63Q6W836kOVzSq8A,bridge-city-louisiana
https://www.ubereats.com/new-orleans/food-delivery/harahan-pizza-shack/AUuH1bS8SeChfhPS44WUzA,bridge-city-louisiana
https://www.ubereats.com/new-orleans/food-delivery/lunch-box-chicken-3500-jefferson-hwy/Zw9WYiKZS_mjgKwyL7xq9A,bridge-city-louisiana
https://www.ubereats.com/new-orleans/food-delivery/the-catch-seafood-restaurant-metairie/tCnzBb3lTQaOpQgpihFK3Q,bridge-city-louisiana
https://www.ubereats.com/new-orleans/food-delivery/harahan-chicken-shack/nococ5quSVmreuNYjihv2w,bridge-city-louisiana
https://www.ubereats.com/new-orleans/food-delivery/creamistry-3017-veterans-blvd-ste-a/IoYbvsPMRHSfthLRFUSX4w,bridge-city-louisiana
https://www.ubereats.com/new-orleans/food-delivery/french-press-coffee-house-airline-dr/VkJO3y8rTgGSs1DA8lUMyg,bridge-city-louisiana
https://www.ubereats.com/new-orleans/food-delivery/starbucks-veterans-blvd-%26-kingman-st/nH42bhOITGaho6V2dKQ_FQ,bridge-city-louisiana
https://www.ubereats.com/new-orleans/food-delivery/popeyes-8901-airline-dr/sxxU6m98Tt6lB3NEJ75HNg,bridge-city-louisiana
https://www.ubereats.com/new-orleans/food-delivery/ming-kitchen/0CH0rZNGQM-9KBOIYcNvog,bridge-city-louisiana
https://www.ubereats.com/new-orleans/food-delivery/piccadilly-cafeteria-metairie/NbuRyXY-QsuSkhv7mihSsQ,bridge-city-louisiana
https://www.ubereats.com/new-orleans/food-delivery/subway-3010-hwy-90/L6S1BfUATqaqYC4Femp_jg,bridge-city-louisiana
https://www.ubereats.com/new-orleans/food-delivery/sunny-side-up-citrus-blvd/MC_YC8l2SWOVuRxshj5y5A,bridge-city-louisiana
https://www.ubereats.com/new-orleans/food-delivery/fuel-express-mart/ooHogjlwSfa_jX1HtryLuQ,bridge-city-louisiana
https://www.ubereats.com/new-orleans/food-delivery/creole-lunch-box/GjwmAsXwRCmy6RuzJ3FXsw,bridge-city-louisiana
https://www.ubereats.com/new-orleans/food-delivery/waffles-on-maple-metairie/fk7NdaE2RoCe8r5aFBcZVg,bridge-city-louisiana
https://www.ubereats.com/new-orleans/food-delivery/five-guys-la-1733-3100-severn-ave/0NZKSy6-TNGKCvneaY62RQ,bridge-city-louisiana
https://www.ubereats.com/new-orleans/food-delivery/burger-king-500-west-bank-expressway/0bZIu2zGSAqi9-FtxSb6Pg,bridge-city-louisiana
https://www.ubereats.com/new-orleans/food-delivery/daisy-dukes-metairie/BGvZYRSlRSeOlKI5xfOalA,bridge-city-louisiana
https://www.ubereats.com/new-orleans/food-delivery/babbos-pizza-%26-pasta-kitchen/_jIfSRW4TTeU8uNCgWBi6Q,bridge-city-louisiana
https://www.ubereats.com/new-orleans/food-delivery/dickeys-barbecue-pit-6005-jefferson-hwy/jz231ENiQgifnrZTocuw_Q,bridge-city-louisiana
https://www.ubereats.com/new-orleans/food-delivery/sidelines-bar-%26-grill/ryCUAzcLThG-78NN4CZsAg,bridge-city-louisiana
https://www.ubereats.com/new-orleans/food-delivery/byblos-byblos-market/44O6U4N1Q0afcvZBPwY6eQ,bridge-city-louisiana
https://www.ubereats.com/new-orleans/food-delivery/sno-carnival/JYAx2rTNQvC3lH_jGChaEQ,bridge-city-louisiana
https://www.ubereats.com/new-orleans/food-delivery/landrys-seafood-house-8000-lakeshore-dr/pfj85hWNSNWlo4gL4e6oqw,bridge-city-louisiana
https://www.ubereats.com/new-orleans/food-delivery/basil-pasta-house/J-qY_bvWSFirS8cSjMqvwA,bridge-city-louisiana
https://www.ubereats.com/new-orleans/food-delivery/tcby-metairie/2u6giCArRGGBY9CFIqfoLg,bridge-city-louisiana
https://www.ubereats.com/new-orleans/food-delivery/north-end-italian-deli/FQAsBCIISAOIleDGJF5O3g,bridge-city-louisiana
https://www.ubereats.com/new-orleans/food-delivery/estralitas-cafe/jx8kcot_QM6rEQx4JFajPQ,bridge-city-louisiana
https://www.ubereats.com/new-orleans/food-delivery/nolakorea-korean-restaurant/agF4hC0eTfWlZB3AF4XQNA,bridge-city-louisiana
https://www.ubereats.com/new-orleans/food-delivery/tres-bon-cajun-meats/9BHdgRD1TsaebgFjKZzQNA,bridge-city-louisiana
https://www.ubereats.com/new-orleans/food-delivery/big-easy-deli-%26-catering/2cOjBL1HRouCkZh1IIOJpQ,bridge-city-louisiana
https://www.ubereats.com/new-orleans/food-delivery/starbucks-veterans-blvd-%26-wilshire-place/U7UrLZ8fRJqYdR4i1NokGA,bridge-city-louisiana
https://www.ubereats.com/new-orleans/food-delivery/lauras-candies/ezbJf6I3Snef6CoSSDNNaQ,bridge-city-louisiana
https://www.ubereats.com/new-orleans/food-delivery/mcalisters-deli-8859-veterans-memorial-blvd/2YDmrJw7Qw-LjYlFBtZZUg,bridge-city-louisiana
https://www.ubereats.com/new-orleans/food-delivery/mcdonalds-airline-%26-labarre/A22T7tSPSlGlz9E8BM6q9g,bridge-city-louisiana
https://www.ubereats.com/new-orleans/food-delivery/buddys-kitchen/PELiSHFqQ-65pdfN0Q319Q,bridge-city-louisiana
https://www.ubereats.com/new-orleans/food-delivery/pho-michael-vietnamese-cuisine/qUi5jljpTlqKfWy0VyBoDg,bridge-city-louisiana
https://www.ubereats.com/new-orleans/food-delivery/snackhouse/00kGJQHISGC7EQ_qN4QVxg,bridge-city-louisiana
https://www.ubereats.com/new-orleans/food-delivery/shimmy-shack/cd0XpgSPRLWOlvKRYDmsCg,bridge-city-louisiana
