url,city
https://www.ubereats.com/new-jersey/food-delivery/dunkin-1007-route-70/CCYPj4zRQqG__kE3YsXZNg,brielle-new-jersey
https://www.ubereats.com/new-jersey/food-delivery/authentic-kosher-chinese/dDexqTEISke1EmSULvf-FQ,brielle-new-jersey
https://www.ubereats.com/new-jersey/food-delivery/playa-poke-lil-belmar/s1-G-Le1QsC4nXxB3SiEiQ,brielle-new-jersey
https://www.ubereats.com/new-jersey/food-delivery/pasquallys-pizza-%26-wings-28-brick-plaza/E85uGGJ8RvSziwu8zY3m6g,brielle-new-jersey
https://www.ubereats.com/new-jersey/food-delivery/china-express/w_NBEUeITEOMT7a3gQ2g1g,brielle-new-jersey
https://www.ubereats.com/new-jersey/food-delivery/im-a-local-beach-house-cafe/fdKmet_DSt6QBFkiM9N5PA,brielle-new-jersey
https://www.ubereats.com/new-jersey/food-delivery/jersey-mikes-subs-500-main-st/TYtCQWmPSKKYri-ArlOQDw,brielle-new-jersey
https://www.ubereats.com/new-jersey/food-delivery/spring-lake-manor/6akqO8CYSUuX5uscn5aKmA,brielle-new-jersey
https://www.ubereats.com/new-jersey/food-delivery/brick-diner/dDrsxAO6Tzq7m1O9dGQTKg,brielle-new-jersey
https://www.ubereats.com/new-jersey/food-delivery/local-smoke-bbq-neptune-city/O_q_ZoC-RCyxtZ0f0VqPoA,brielle-new-jersey
https://www.ubereats.com/new-jersey/food-delivery/taco-bell-560-brick-blvd/GSc1QVF6T6C70suIidar7A,brielle-new-jersey
https://www.ubereats.com/new-jersey/food-delivery/jersey-mikes-1933-highway-35-%26-allaire-road/-eJVm54HRQmPP4CIWo1cow,brielle-new-jersey
https://www.ubereats.com/new-jersey/food-delivery/alfredos-pizzeria-%26-restaurant/fDpOF2moTjSJH2ZPeA_xNQ,brielle-new-jersey
https://www.ubereats.com/new-jersey/food-delivery/dairy-queen-treat-931-fischer-blvd-ste-9/aqV6FxPMREGIq2w8mnhcPw,brielle-new-jersey
https://www.ubereats.com/new-jersey/food-delivery/tacoholics-brick/LTRCXjq9QIyO9bFyl83zRg,brielle-new-jersey
https://www.ubereats.com/new-jersey/food-delivery/the-greenery-juice-bar-and-cafe/sDbOGdYbRuS_TRurk2RajA,brielle-new-jersey
https://www.ubereats.com/new-jersey/food-delivery/turning-point-of-sea-girt/eKZS1xSXRXOH-V6DC6fVZg,brielle-new-jersey
https://www.ubereats.com/new-jersey/food-delivery/taco-bell-1402-highway-37-e/Kqsed8M_SG27rZGzcfHYXw,brielle-new-jersey
https://www.ubereats.com/new-jersey/food-delivery/157-applebees-toms-river/JP6W-A82QMemDcRYjmjHAQ,brielle-new-jersey
https://www.ubereats.com/new-jersey/food-delivery/divi-tree-coffee/29HB6CXMRouqxV_LwESMHQ,brielle-new-jersey
https://www.ubereats.com/new-jersey/food-delivery/dunkin-2430-bridge-ave/97xrZXlJTmCrEHh_0eQU1w,brielle-new-jersey
https://www.ubereats.com/new-jersey/food-delivery/pizzano/m-cJcdqJTOyODoVHPWlRsA,brielle-new-jersey
https://www.ubereats.com/new-jersey/food-delivery/dunkin-50-union-ave/SLsIqT_MQH-0IwW9cjGjag,brielle-new-jersey
https://www.ubereats.com/new-jersey/food-delivery/hoagie-jos/vh7jLzAWQiOgMxrWGgjQlQ,brielle-new-jersey
https://www.ubereats.com/new-jersey/food-delivery/kleins-fish-market/R3AVxE-TSVWeZrAN8jmzrA,brielle-new-jersey
https://www.ubereats.com/new-jersey/food-delivery/the-kitchen-%40-35/V8tfKyJ2Q2eEjwThM_UurQ,brielle-new-jersey
https://www.ubereats.com/new-jersey/food-delivery/pats-little-deli/JWoskj4YRkezY9LOeds_mQ,brielle-new-jersey
https://www.ubereats.com/new-jersey/food-delivery/glatt-gourmet/YLJ9snsrQe2j3BxVFYbq4A,brielle-new-jersey
https://www.ubereats.com/new-jersey/food-delivery/doolans-shore-club/0Yyq2fd3S06cLOE3RWQaNg,brielle-new-jersey
https://www.ubereats.com/new-jersey/food-delivery/glatt-bite-e-kennedy-blvd/CN9YIBfWTfShzs5dHbJMOA,brielle-new-jersey
https://www.ubereats.com/new-jersey/food-delivery/jersey-farms-food-store/MOexALIbTtOx1lZvUOQGkA,brielle-new-jersey
https://www.ubereats.com/new-jersey/food-delivery/philly-pretzel-factory-1845-hooper-ave/Tx0GJ1L_Q-GLd2c7MOKUPQ,brielle-new-jersey
https://www.ubereats.com/new-jersey/food-delivery/caribbean-vibes/MibaqFQWT0qtvcsbv-m_iQ,brielle-new-jersey
https://www.ubereats.com/new-jersey/food-delivery/the-corner-post-diner/Ti98VHioRd-vePLYtbapsA,brielle-new-jersey
https://www.ubereats.com/new-jersey/food-delivery/the-morenita-restaurant/4yiPHT0cRTmHSO9qyALFkA,brielle-new-jersey
https://www.ubereats.com/new-jersey/food-delivery/bubbakoos-burritos/C7Knf7O0QJqqDzRpq4JTgA,brielle-new-jersey
https://www.ubereats.com/new-jersey/food-delivery/napoli-pizza/VXLyAZLZT8qB8mSu_VlXGQ,brielle-new-jersey
https://www.ubereats.com/new-jersey/food-delivery/the-ice-cream-shop/tgMdUeAPQIiuFvN5J6PXLA,brielle-new-jersey
https://www.ubereats.com/new-jersey/food-delivery/mogo-korean-fusion-tacos/tys0bmeUSIyry4cVt9qj4w,brielle-new-jersey
https://www.ubereats.com/new-jersey/food-delivery/joes-bagel-%26-grill-brick/VMTsnxJzStCL-mo_NU5dRg,brielle-new-jersey
https://www.ubereats.com/new-jersey/food-delivery/brick-house-3655-route-66/vZhopSQjRiuiJjXBImp4aw,brielle-new-jersey
https://www.ubereats.com/new-jersey/food-delivery/smashburger-1060-cedar-bridge-ave/HlWq5Sm3SSO4fOZwlilQQg,brielle-new-jersey
https://www.ubereats.com/new-jersey/food-delivery/sushi-nation/Oi52zebQQEWd_Njpuvd1ZA,brielle-new-jersey
https://www.ubereats.com/new-jersey/food-delivery/village-pizza-east-county-line/nbo0I7NKTQGztUeHvBQrFg,brielle-new-jersey
https://www.ubereats.com/new-jersey/food-delivery/bagel-basket-cafe/A2oMpAGeQESPfD7MqH1lVA,brielle-new-jersey
https://www.ubereats.com/new-jersey/food-delivery/dunkin-13-lanes-mill-rd/YuyySp90RRKs9qUza7OlKw,brielle-new-jersey
https://www.ubereats.com/new-jersey/food-delivery/frutta-bowls-wall/qvjFrrX3ROGa1bQ9GBTyGg,brielle-new-jersey
https://www.ubereats.com/new-jersey/food-delivery/cluck-u-chicken-wall/0sftDspSQYiollNfQbid-A,brielle-new-jersey
https://www.ubereats.com/new-jersey/food-delivery/burkes-market/T_MLKXCxSICzA1IkCeKURg,brielle-new-jersey
https://www.ubereats.com/new-jersey/food-delivery/tuscany-by-the-sea/ouKuiD2LQzS49c240ZS9hQ,brielle-new-jersey
https://www.ubereats.com/new-jersey/food-delivery/lexylicious-ice-cream/nar2M-EOSAyK8UPcaAr97Q,brielle-new-jersey
https://www.ubereats.com/new-jersey/food-delivery/the-country-kitchen/luOBVXGlQaW50RJuG5iJMw,brielle-new-jersey
https://www.ubereats.com/new-jersey/food-delivery/wawa-917-2432-highway-%2335/MmqmB7pOQWO68lX1o2t6yQ,brielle-new-jersey
https://www.ubereats.com/new-jersey/food-delivery/jersey-mikes-2627-highway-70/JCvnLCf8Tnm9qFiV_V5rQA,brielle-new-jersey
https://www.ubereats.com/new-jersey/food-delivery/paganos-uva-restaurant/RffBzVW6TK-pFfuZLKD_Xg,brielle-new-jersey
https://www.ubereats.com/new-jersey/food-delivery/qua-pizza/DNzFuc2BS7ezTcbFK56WVw,brielle-new-jersey
https://www.ubereats.com/new-jersey/food-delivery/dunkin-state-highway-35/99trbr06Q2S51T1ipLaBsg,brielle-new-jersey
https://www.ubereats.com/new-jersey/food-delivery/south-side-sandwich-shop-and-smokehouse/qI53g99mQBm_AS8WL7V43g,brielle-new-jersey
https://www.ubereats.com/new-jersey/food-delivery/the-shore-house-bar-and-grill/2x-N93ngS_mxZ8rj7LITQg,brielle-new-jersey
https://www.ubereats.com/new-jersey/food-delivery/doughboys-authentic-wood-fired-pizza/ONUFwTeOSiGlD6VvSmN1AA,brielle-new-jersey
https://www.ubereats.com/new-jersey/food-delivery/local-cafe/WmjkeHNZTkS5uoF-yqQwEw,brielle-new-jersey
https://www.ubereats.com/new-jersey/food-delivery/cruz-bay-cafe/rgho7UVwRtWIbEbdOpesVw,brielle-new-jersey
https://www.ubereats.com/new-jersey/food-delivery/wendys-1600-richmond-ave/IciLX2XsSgKo6ExhNkqVOw,brielle-new-jersey
https://www.ubereats.com/new-jersey/food-delivery/red-robin-664-1054-cedar-bridge-road/ynbUPMpBT_e_XB4HC0X1pQ,brielle-new-jersey
https://www.ubereats.com/new-jersey/food-delivery/joseph-and-david/VjJsV9J-RsW-N7MMRdrfUg,brielle-new-jersey
https://www.ubereats.com/new-jersey/food-delivery/raw-poke-bar/tk73mt3qS_qR6fjPbNl0lQ,brielle-new-jersey
https://www.ubereats.com/new-jersey/food-delivery/the-ice-cream-shop/-vsRrmNlRm-PZC5r9kK46w,brielle-new-jersey
https://www.ubereats.com/new-jersey/food-delivery/dunkin-1039-route-88/1dqKWPIdQEe0HYaVpMAbiA,brielle-new-jersey
https://www.ubereats.com/new-jersey/food-delivery/thai-jasmine-to-go-restaurant/LVAKy6pBSGea5-O_gcjXKg,brielle-new-jersey
https://www.ubereats.com/new-jersey/food-delivery/nicks-breakfast-kitchen/fIzZPausTTC2tOpBvOrk8w,brielle-new-jersey
https://www.ubereats.com/new-jersey/food-delivery/starbucks-sea-girt/c732iiIISO6MwYyBK8j7Mg,brielle-new-jersey
https://www.ubereats.com/new-jersey/food-delivery/amici-gelato-caffe/rLDn84r-RQCz3aLLKrWyaQ,brielle-new-jersey
https://www.ubereats.com/new-jersey/food-delivery/snaps-kosher/WTFBofQQQ0a9nYGS7mtzSQ,brielle-new-jersey
https://www.ubereats.com/new-jersey/food-delivery/stay-gold-cafe-%26-lounge-howell/Db5Fx_4zQ5On7WpMichZFw,brielle-new-jersey
https://www.ubereats.com/new-jersey/food-delivery/revolve-resturant/ldw0UE7bS1yBS9KlDWZK2g,brielle-new-jersey
https://www.ubereats.com/new-jersey/food-delivery/joes-bagel-%26-grill-fischer-blvd/XJfHihRhSdCeA7HPJQNBsA,brielle-new-jersey
https://www.ubereats.com/new-jersey/food-delivery/dunkin-7-state-route-71/96n7etMDSqqYNzIhgMFE3Q,brielle-new-jersey
https://www.ubereats.com/new-jersey/food-delivery/turning-point-of-brick/NRwz-k6UScuOUP-Kqi0vYg,brielle-new-jersey
https://www.ubereats.com/new-jersey/food-delivery/joes-bagel-%26-grill-belmar/-heOnzA7TmOSvuQqfrJrAw,brielle-new-jersey
https://www.ubereats.com/new-jersey/food-delivery/theresas-south/5sN93ayOQnm0w4QPHHPrEQ,brielle-new-jersey
https://www.ubereats.com/new-jersey/food-delivery/all-star-bagels/kvyMe0xkTkKBTIiR0MMoUg,brielle-new-jersey
https://www.ubereats.com/new-jersey/food-delivery/el-oaxaqueno-restaurante-%26-panaderia/gMHuz9DTRRKopbjJ5LO-Fg,brielle-new-jersey
https://www.ubereats.com/new-jersey/food-delivery/kfc-3139-lakewood-road/0VM5PWx6Qomu3pFToH9X8g,brielle-new-jersey
https://www.ubereats.com/new-jersey/food-delivery/dunkin-1732-state-route-35/ssees9f5SayBh7GY7cEw9w,brielle-new-jersey
https://www.ubereats.com/new-jersey/food-delivery/outback-steakhouse-2770-hooper-avenue/lJiCjZluSsW4qKeIQjA8Dw,brielle-new-jersey
https://www.ubereats.com/new-jersey/food-delivery/playa-bowls-manasquan/TottptzbTAO_hAR3ic5xGQ,brielle-new-jersey
https://www.ubereats.com/new-jersey/food-delivery/blue-nile-mediterranean-grill/Zov_Xm1YSsWJhL-i_40Xqw,brielle-new-jersey
https://www.ubereats.com/new-jersey/food-delivery/naples-pizzeria/XSYk05IYRumwhXUwcAW02g,brielle-new-jersey
https://www.ubereats.com/new-jersey/food-delivery/bagel-king/iifYYAMyRCquuYzbdrbEsg,brielle-new-jersey
https://www.ubereats.com/new-jersey/food-delivery/wendys-101-jack-martin-blvd/Uz0RY1fpSW-_oY605qBFfA,brielle-new-jersey
https://www.ubereats.com/new-jersey/food-delivery/meemoms-brick/5yIOtiylS1OWIOuA93U7Xw,brielle-new-jersey
https://www.ubereats.com/new-jersey/food-delivery/mcdonalds-2428-rt-35/rVKKnVKnQBWntLDu_jvNRA,brielle-new-jersey
https://www.ubereats.com/new-jersey/food-delivery/five-guys-nj-1893-1902-rt-35/bPPj23rqSM2MOMu7lFT8dg,brielle-new-jersey
https://www.ubereats.com/new-jersey/food-delivery/joes-bagel-%26-grill-point-pleasant/QwOjju6cQw20d36lGUZabg,brielle-new-jersey
https://www.ubereats.com/new-jersey/food-delivery/ninos-coal-fired-pizza/KY-mqxiCSqer4pBFln5d_w,brielle-new-jersey
https://www.ubereats.com/new-jersey/food-delivery/dunkin-469-herbertsville-rd/oMc90sGQS4uoaTMXGjVOig,brielle-new-jersey
https://www.ubereats.com/new-jersey/food-delivery/panera-2007-route-35/Aw5kx_Q_SO6yBezr1ny1Zw,brielle-new-jersey
https://www.ubereats.com/new-jersey/food-delivery/meemoms-wall/Ze783lBLQcaSQSpAXgT_HQ,brielle-new-jersey
https://www.ubereats.com/new-jersey/food-delivery/playa-bowls-603-grand-central-ave/Xuq-1PcHQQ6ucLyRR5Zdow,brielle-new-jersey
https://www.ubereats.com/new-jersey/food-delivery/wendys-555-route-70-east/0NYxsfwqS_aRZxbe2t3F5A,brielle-new-jersey
https://www.ubereats.com/new-jersey/food-delivery/mi-mexico-lindo-restaurant/JJ1rbBE2S2SwfPOu8oFLJw,brielle-new-jersey
https://www.ubereats.com/new-jersey/food-delivery/pj-sweeneys-restaurant-%26-irish-pub/JNpIRzBcQ7y1UGOWGOSBEg,brielle-new-jersey
https://www.ubereats.com/new-jersey/food-delivery/round-dough-with-a-hole/_PocHakHTNiuZNj8-y5H5g,brielle-new-jersey
https://www.ubereats.com/new-jersey/food-delivery/mon-ja-2-go/Pag_R8HfSo28TtQ9CcF2-w,brielle-new-jersey
https://www.ubereats.com/new-jersey/food-delivery/beach-diner/jtoFg1FGTny_iWxTApYzfQ,brielle-new-jersey
https://www.ubereats.com/new-jersey/food-delivery/buffalo-wild-wings-2770-hooper-ave/rbZNF_vBSXSloIQcaJXm1g,brielle-new-jersey
https://www.ubereats.com/new-jersey/food-delivery/bun-burger-kitchen/ANoQYehWQiWeotcCu9zz5w,brielle-new-jersey
https://www.ubereats.com/new-jersey/food-delivery/burger-king-1735-route-35-%26-18th-avenue/F-AVyPmfTqizysrwiCy0Cg,brielle-new-jersey
https://www.ubereats.com/new-jersey/food-delivery/171-applebees-wall/kQSybH07SfWleUWoE-e_MQ,brielle-new-jersey
https://www.ubereats.com/new-jersey/food-delivery/the-beanery/yg_JtMehR8a5JCl82i_Udg,brielle-new-jersey
https://www.ubereats.com/new-jersey/food-delivery/yapchik/a-meW7lSTy6c8qMLc4BR2w,brielle-new-jersey
https://www.ubereats.com/new-jersey/food-delivery/steak-stand/-nh6E56WQsiCyhDnxtyGMQ,brielle-new-jersey
https://www.ubereats.com/new-jersey/food-delivery/anthonys-pizza/lKByGEsYR2yacBK4ZGJy0A,brielle-new-jersey
https://www.ubereats.com/new-jersey/food-delivery/playa-bowls-toms-river/PQ8FfeeNQ--pzJFl6UFj3w,brielle-new-jersey
https://www.ubereats.com/new-jersey/food-delivery/cloud-9-donuts/q9UFliu5QBCIc80TAD5ABQ,brielle-new-jersey
https://www.ubereats.com/new-jersey/food-delivery/playa-bowls-sea-girt/jSIGg8Y1TwCULNmfyJbUAw,brielle-new-jersey
https://www.ubereats.com/new-jersey/food-delivery/chuck-e-cheese-28-brick-plaza/oqyNRCzJROCq-cg6_K0zog,brielle-new-jersey
https://www.ubereats.com/new-jersey/food-delivery/greek-eats-brick/DTbbnyxZREiXvH-rn8kMcw,brielle-new-jersey
https://www.ubereats.com/new-jersey/food-delivery/beckmans-deli/c-bvNPg0SWSTVDZTFn9WKg,brielle-new-jersey
https://www.ubereats.com/new-jersey/food-delivery/homegrown/DE5zUtenQtq2KufvW0g4tw,brielle-new-jersey
https://www.ubereats.com/new-jersey/food-delivery/152-applebees-%E2%80%93-brick/yc3nY72GQXe-ohFMmqyfcQ,brielle-new-jersey
https://www.ubereats.com/new-jersey/food-delivery/pancheros-mexican-grill-1919-route-35/_ub5KSNfRSalYvFfIsVgKw,brielle-new-jersey
https://www.ubereats.com/new-jersey/food-delivery/the-ice-cream-shop/c2XaXK9-SmmmUe3tQDIwug,brielle-new-jersey
https://www.ubereats.com/new-jersey/food-delivery/playa-bowls-410-ocean-ave/JbopccbMQdaMyOSzJ6JHtg,brielle-new-jersey
https://www.ubereats.com/new-jersey/food-delivery/mcdonalds-ocean-ave-%26-route-35/PY843npTS3ONDQREk3zXXQ,brielle-new-jersey
https://www.ubereats.com/new-jersey/food-delivery/panini-cafe/NObvv_ZzRt2AhVDRaZ5Brw,brielle-new-jersey
https://www.ubereats.com/new-jersey/food-delivery/flaming-grill-buffet/FAJ93SkcQfW8avesh21wFA,brielle-new-jersey
https://www.ubereats.com/new-jersey/food-delivery/cold-stone-creamery-960-cedar-bridge-ave/cx48e_ZzRaaFmTyWH6dLng,brielle-new-jersey
https://www.ubereats.com/new-jersey/food-delivery/super-pollo-ii/N5UZCmB9TGOEWQjyhTe_dQ,brielle-new-jersey
https://www.ubereats.com/new-jersey/food-delivery/nj-poke/cHTi9227Rqi88YwJ2nHcDw,brielle-new-jersey
https://www.ubereats.com/new-jersey/food-delivery/cafotteria/H68PlARFTdOL5ETC5BkOkQ,brielle-new-jersey
https://www.ubereats.com/new-jersey/food-delivery/azteca-restaurant/3A9LC8w2QLe5QC9tLvyodg,brielle-new-jersey
https://www.ubereats.com/new-jersey/food-delivery/speedy-mart-lakewood/tcL5exr4TBWzAvkCOIFU4Q,brielle-new-jersey
https://www.ubereats.com/new-jersey/food-delivery/starbucks-wall-nj/gdh8LlokR02StcHB2cYOdA,brielle-new-jersey
https://www.ubereats.com/new-jersey/food-delivery/dunkin-2138-route-88/hq_35104QzKaZ7dNIAUBbg,brielle-new-jersey
https://www.ubereats.com/new-jersey/food-delivery/playa-bowls-belmar/G42DPCifS2icPcB_uusYug,brielle-new-jersey
https://www.ubereats.com/new-jersey/food-delivery/jersey-mikes-602-mantoloking-road/lraF9RBvQw-SQi2Gq1ntAw,brielle-new-jersey
https://www.ubereats.com/new-jersey/food-delivery/blubes/mElvUVR1RcqvC5uhYh-w_A,brielle-new-jersey
https://www.ubereats.com/new-jersey/food-delivery/village-pizza-river-ave/lPxopXnKQtmOfG0WhI5Vpw,brielle-new-jersey
https://www.ubereats.com/new-jersey/food-delivery/luigis-famous-pizza/9m-zemR_T0GFcJdqMB4BEA,brielle-new-jersey
https://www.ubereats.com/new-jersey/food-delivery/mariners-cove-restaurant/ZMVPT1twTDeBuZyTjUxfdA,brielle-new-jersey
https://www.ubereats.com/new-jersey/food-delivery/asbury-ale-house/4EJZHV90RlCWbYERKY7s-g,brielle-new-jersey
https://www.ubereats.com/new-jersey/food-delivery/bubbakoos-burritos/UN98k4p6RfWIVGR_-5HkEA,brielle-new-jersey
https://www.ubereats.com/new-jersey/food-delivery/cutting-edge-catering/b0N2ShEnRnaUqHdn5tIMfQ,brielle-new-jersey
https://www.ubereats.com/new-jersey/food-delivery/pita-hut-river-ave/CsahS3zJQeSUl6pyeWscTg,brielle-new-jersey
https://www.ubereats.com/new-jersey/food-delivery/ob-diner-point-pleasant/JResqktAQKiTEPfLICNZkw,brielle-new-jersey
https://www.ubereats.com/new-jersey/food-delivery/bing-deli/UqqqTTpQRg-6j6k-gEFrEg,brielle-new-jersey
https://www.ubereats.com/new-jersey/food-delivery/crispy-grill/fTlNBVh6Qq2O1eJm8Sohtg,brielle-new-jersey
https://www.ubereats.com/new-jersey/food-delivery/luna-verde-vegan-mexican-restaurant/06H52mpHRfGdwQhJ9cvFPw,brielle-new-jersey
https://www.ubereats.com/new-jersey/food-delivery/bubbakoos-burritos/FROs-gMxTPu3U_OWihhYKg,brielle-new-jersey
https://www.ubereats.com/new-jersey/food-delivery/wawa-0997-116-brick-blvd/Dg9IDAKPSzSU9tckR0aRVA,brielle-new-jersey
https://www.ubereats.com/new-jersey/food-delivery/taco-bell-3810-rt-9-s/TUoz3o_USB-gDdeFHhDqig,brielle-new-jersey
https://www.ubereats.com/new-jersey/food-delivery/tacoholics-point-pleasant/miqPwr7LRsGh-GPbf1y10w,brielle-new-jersey
https://www.ubereats.com/new-jersey/food-delivery/arugula/QZLxvjWFTfaxcPWf_SUFWA,brielle-new-jersey
https://www.ubereats.com/new-jersey/food-delivery/big-city-bagels-%26-nathans-famous/s4AQJaXRQV6_fa4hhEQBmA,brielle-new-jersey
https://www.ubereats.com/new-jersey/food-delivery/surf-taco-manasquan/qkCsmz-3Qwy04s6bFzT8lA,brielle-new-jersey
https://www.ubereats.com/new-jersey/food-delivery/fresh-kitchen/_HyaIzs9QEiGuBFNCQNFvg,brielle-new-jersey
https://www.ubereats.com/new-jersey/food-delivery/windmill-hot-dogs-belmar/wmYcoSz8RiKWTkbKDcBpUA,brielle-new-jersey
https://www.ubereats.com/new-jersey/food-delivery/taco-bell-8-highway-35-n/qRuQ-1sbRK6QMQOdLJvNqQ,brielle-new-jersey
https://www.ubereats.com/new-jersey/food-delivery/offshore-bbq/f6hl1W2GTNquYi-4xkEniQ,brielle-new-jersey
https://www.ubereats.com/new-jersey/food-delivery/ihop-2027-state-route-35/BAQtMt3NS0mWAehI_Bg0VQ,brielle-new-jersey
https://www.ubereats.com/new-jersey/food-delivery/smokehouse-grille/5d6nb3I_RgyofqZIboSkZw,brielle-new-jersey
https://www.ubereats.com/new-jersey/food-delivery/carrabbas-990-cedar-bridge-ave-bldg-b/6KIo0-qMQEqM83qGfXoMNQ,brielle-new-jersey
https://www.ubereats.com/new-jersey/food-delivery/out-to-lunch/ZTO2Um75Roi8g4levAD0fA,brielle-new-jersey
https://www.ubereats.com/new-jersey/food-delivery/hinck-turkey-farm/XyNcBKMvQoGT_eUhAQSR9g,brielle-new-jersey
https://www.ubereats.com/new-jersey/food-delivery/wendys-3150-route-88/L44zJcCpQW2WOOi6tFOxxw,brielle-new-jersey
https://www.ubereats.com/new-jersey/food-delivery/simply-southern-belmar-plz/qALOnfMmQp6K4vN9w19c0Q,brielle-new-jersey
https://www.ubereats.com/new-jersey/food-delivery/the-cove/vO2ZxFrrQ02ibWJjsY25YA,brielle-new-jersey
https://www.ubereats.com/new-jersey/food-delivery/gerards-prime-13/2GtMaK9CSnaDA7asz-MZWw,brielle-new-jersey
https://www.ubereats.com/new-jersey/food-delivery/fresh-kitchen/lhHflRwTRQ2kWb6PfW0S7A,brielle-new-jersey
https://www.ubereats.com/new-jersey/food-delivery/bjs-restaurant-%26-brewhouse-1275-hooper-avenue/Kv0_AO3JRcWR2_77TxwmSA,brielle-new-jersey
https://www.ubereats.com/new-jersey/food-delivery/playa-bowls-bay-head/ray-XLqbRZa8RxfN69ArIw,brielle-new-jersey
https://www.ubereats.com/new-jersey/food-delivery/dunkin-909-route-70/zFaSbPWtQ9qP1PTLEbgRVw,brielle-new-jersey
https://www.ubereats.com/new-jersey/food-delivery/playa-bowls-brick/Q_HpJn6cQwGtlVnmAXRfSQ,brielle-new-jersey
https://www.ubereats.com/new-jersey/food-delivery/el-burro/4GWK9jq_Re6MaOJadJU-rQ,brielle-new-jersey
https://www.ubereats.com/new-jersey/food-delivery/e-street-bagels/_IPDqSICTTCxqHELvjCJKg,brielle-new-jersey
https://www.ubereats.com/new-jersey/food-delivery/tgi-fridays-1683-brick-nj/y9C6px4KThCSAPs85wZtcg,brielle-new-jersey
https://www.ubereats.com/new-jersey/food-delivery/mulberry-street/4QRfSHkvRRW5LIhMicAXTQ,brielle-new-jersey
https://www.ubereats.com/new-jersey/food-delivery/via-roma-3/5BULBH3CTA6JueeI_KpS3w,brielle-new-jersey
https://www.ubereats.com/new-jersey/food-delivery/chipotle-mexican-grill-4733-us-highway-9/EwIQKyugS86poneOJLXDXw,brielle-new-jersey
https://www.ubereats.com/new-jersey/food-delivery/the-ice-cream-shop/PPOhE3kWTgOpHOC1kMw0ag,brielle-new-jersey
https://www.ubereats.com/new-jersey/food-delivery/dunkin-602-mantoloking-rd/Urin9w8gRKijVuohgZp8Xw,brielle-new-jersey
https://www.ubereats.com/new-jersey/food-delivery/philly-pretzel-factory-4018-us-9/qm1yRTDhRyam-7AxKl4oMA,brielle-new-jersey
https://www.ubereats.com/new-jersey/food-delivery/tgi-fridays-1681-toms-river-nj/IJkyeU9mTAabu23cMYEYGQ,brielle-new-jersey
https://www.ubereats.com/new-jersey/food-delivery/dunkin-216-rt-35-south/dhzfIRAjT1eYoKYTEhyV8g,brielle-new-jersey
https://www.ubereats.com/new-jersey/food-delivery/9104-bonefish-grill-179-van-zile-rd/dCMRodEMTT-ICI0-VDC_zg,brielle-new-jersey
https://www.ubereats.com/new-jersey/food-delivery/chipotle-mexican-grill-2150-route-35/r3CeihTTSJOVcyZKq56kSA,brielle-new-jersey
https://www.ubereats.com/new-jersey/food-delivery/red-lobster-1298-hooper-avenue/cIymf9l-SIaeof0G8i953w,brielle-new-jersey
https://www.ubereats.com/new-jersey/food-delivery/wings-and-things/_VYjHy8ZRM-WMlvqo7bI-A,brielle-new-jersey
https://www.ubereats.com/new-jersey/food-delivery/taco-bell-2407-nj-35/dfCB6DOuTn2OcC_kTcHRgQ,brielle-new-jersey
https://www.ubereats.com/new-jersey/food-delivery/chicken-holiday/PDfaAkF5RKCvOhXPDK-55A,brielle-new-jersey
https://www.ubereats.com/new-jersey/food-delivery/pizzaleh/VnNhgjzMQG-F_pC2yCocZg,brielle-new-jersey
https://www.ubereats.com/new-jersey/food-delivery/estys-bestys-vegetarian-eatery/X5ePMmzHQ5axt0eaefrKkg,brielle-new-jersey
https://www.ubereats.com/new-jersey/food-delivery/beacon-70/420Y-vnER72YtikH-P0xqg,brielle-new-jersey
https://www.ubereats.com/new-jersey/food-delivery/ancient-bread-pizza/Y4Ivye6gTiyR_C-3nuCQ1g,brielle-new-jersey
https://www.ubereats.com/new-jersey/food-delivery/joe-spanos-tomato-pies/ypXkpcZHRMm-P-dVX7elwg,brielle-new-jersey
https://www.ubereats.com/new-jersey/food-delivery/baladina-mediterranean-restaurant/JMKyNfU4RRyyyRRVvKQ53A,brielle-new-jersey
https://www.ubereats.com/new-jersey/food-delivery/cinco-de-mayo-mexican-grill/Xq262U_NTq2qxiNEZR16tA,brielle-new-jersey
https://www.ubereats.com/new-jersey/food-delivery/the-domesticated-dad/-dhXm23tQoqZDkcV68f17A,brielle-new-jersey
https://www.ubereats.com/new-jersey/food-delivery/bagel-station/teg0v8gaRiS-95rI1ztxew,brielle-new-jersey
https://www.ubereats.com/new-jersey/food-delivery/mamouns-falafel-wall-township/Xr_ZWYrdSPGCof4vpr_b0w,brielle-new-jersey
https://www.ubereats.com/new-jersey/food-delivery/burger-king-538-brick-blvd/-xTvJrruRwmGt4fgJIMKiQ,brielle-new-jersey
https://www.ubereats.com/new-jersey/food-delivery/dunkin-1500-ocean-avenue/e_5G_mCmRcCHFR-lKp1V2g,brielle-new-jersey
https://www.ubereats.com/new-jersey/food-delivery/that-sushi-spot/FlBqpiGaSX6YpA-HDj8lWg,brielle-new-jersey
https://www.ubereats.com/new-jersey/food-delivery/kfc-468-brick-blvd/fm5DYriuR46QyjfH1Hd8Rg,brielle-new-jersey
https://www.ubereats.com/new-jersey/food-delivery/pasquales-pizzeria/ALwYe14nSGeomI5kdSiYuA,brielle-new-jersey
https://www.ubereats.com/new-jersey/food-delivery/168-applebees-howell/abfF2c3MQLepQ7-9RqkS9w,brielle-new-jersey
https://www.ubereats.com/new-jersey/food-delivery/sushi-and-chinese-express/YUvhEAmeRheOKLi9OY1bCg,brielle-new-jersey
https://www.ubereats.com/new-jersey/food-delivery/joes-bagel-%26-grill-sea-grit/dQ3vXTn-RSKAefbewLFUkw,brielle-new-jersey
https://www.ubereats.com/new-jersey/food-delivery/houlihans-brick/DJ4Th3fdQoqA63epI20F-A,brielle-new-jersey
https://www.ubereats.com/new-jersey/food-delivery/surf-taco-belmar/HTLEJwAMSLWi6KBnCfT2fw,brielle-new-jersey
https://www.ubereats.com/new-jersey/food-delivery/jardin-fresco/5iPd-6VORcyO71XFDj2FOw,brielle-new-jersey
https://www.ubereats.com/new-jersey/food-delivery/manhattan-bagel-wall-township/wnYlz7zbQRmZxZ5JdDZ8zQ,brielle-new-jersey
https://www.ubereats.com/new-jersey/food-delivery/jersey-mikes-2600-bridge-avenue/zz4lh6LcRGyWzroeD3-h-A,brielle-new-jersey
https://www.ubereats.com/new-jersey/food-delivery/chang-wang/N1qWb6EcRo2xMqtbH_cpXw,brielle-new-jersey
https://www.ubereats.com/new-jersey/food-delivery/kumo-sushi-hibachi-restaurant/Gc0bPUu9TMyUnaQrRyLgEg,brielle-new-jersey
https://www.ubereats.com/new-jersey/food-delivery/pizza-hut-320-brick-blvd/vYiWkpEIRnSvwOwTPavmKA,brielle-new-jersey
https://www.ubereats.com/new-jersey/food-delivery/dunkin-1007-main-st/6DzrWG4zT4u0lIcmnAAkrA,brielle-new-jersey
https://www.ubereats.com/new-jersey/food-delivery/mikes-subs-belmar/0FhPmR4PT62C6ZZCinVT-Q,brielle-new-jersey
https://www.ubereats.com/new-jersey/food-delivery/eat-a-pita-kosher-israeli-grill/Vrj1vINFRUe2Y8ouwMk29Q,brielle-new-jersey
https://www.ubereats.com/new-jersey/food-delivery/kfc-222-route-37-east/23mR61ZgRz-DXn-EHvmadg,brielle-new-jersey
https://www.ubereats.com/new-jersey/food-delivery/mikes-chicken-crunchers/k321uIdORyObyiyhqg-h7g,brielle-new-jersey
https://www.ubereats.com/new-jersey/food-delivery/stay-gold-cafe-%26-lounge/f8dOR9aqSTizWBw58RgIZA,brielle-new-jersey
https://www.ubereats.com/new-jersey/food-delivery/river-cafe/EEpqtU1OQcSEO3l3jNSeMA,brielle-new-jersey
https://www.ubereats.com/new-jersey/food-delivery/jersey-roll-point-pleasant/5D5Mz1qJQdiWQDsC-d0cJw,brielle-new-jersey
https://www.ubereats.com/new-jersey/food-delivery/wendys-1407-allaire-rd/kwXy4aGVQ6K9OEhHERfG0A,brielle-new-jersey
https://www.ubereats.com/new-jersey/food-delivery/brewtons-restaurant/6E_4XO6fT0WTBMYt2yfmzQ,brielle-new-jersey
https://www.ubereats.com/new-jersey/food-delivery/via-roma/TAYuM4hHSXWQIpoCz2eeUA,brielle-new-jersey
https://www.ubereats.com/new-jersey/food-delivery/jersey-mikes-subs-901-richmond-avenue/RAKjhc7iRiyKRVAwOpZJlQ,brielle-new-jersey
https://www.ubereats.com/new-jersey/food-delivery/surf-taco-wall/JFCX-A1pQ8KcLuTEC79l1Q,brielle-new-jersey
https://www.ubereats.com/new-jersey/food-delivery/mothership-pizza/M5CQhswgQCyaX_eZMePiyg,brielle-new-jersey
https://www.ubereats.com/new-jersey/food-delivery/monalyssa-restaurant-%26-pizzeria/JhUvMOp_QVKx-5wXZqclVw,brielle-new-jersey
https://www.ubereats.com/new-jersey/food-delivery/chipotle-mexican-grill-74-brick-plz/OUO-Ndh3T1-7YiKG8ZuMUA,brielle-new-jersey
https://www.ubereats.com/new-jersey/food-delivery/poorboys/yRIdDWwcQ2iha-DVfQSmSw,brielle-new-jersey
https://www.ubereats.com/new-jersey/food-delivery/dairy-queen-treat-97-atlantic-ave/KtyZIIfOQKaWQm8Mo4fuww,brielle-new-jersey
https://www.ubereats.com/new-jersey/food-delivery/koi-asian-fusion-lounge/4V6-ZB0WRsClXVQkNO4g1g,brielle-new-jersey
https://www.ubereats.com/new-jersey/food-delivery/whitesville-market-%26-deli/KV9Gn3sCSLGPWPHF8hwDwQ,brielle-new-jersey
https://www.ubereats.com/new-jersey/food-delivery/simonas-bakery/Yh9m_08LTIScWHJ-ZkBHaw,brielle-new-jersey
https://www.ubereats.com/new-jersey/food-delivery/all-star-bagels/8ayybgvETzGbVnO1Iyrkkg,brielle-new-jersey
https://www.ubereats.com/new-jersey/food-delivery/johns-cracker-barrel/Gd1EmVSMS2y7XLXOnjMQyQ,brielle-new-jersey
https://www.ubereats.com/new-jersey/food-delivery/atlanta-bread-co/NdKxXfqxRvGGgKEZOBc6KA,brielle-new-jersey
https://www.ubereats.com/new-jersey/food-delivery/wings-eats-%26-sweets/6Wv_q5fdQVm8ZDs880aqOg,brielle-new-jersey
https://www.ubereats.com/new-jersey/food-delivery/cordis-italian-gourmet/DCvpzDQhTo2sK7ttI0jqSw,brielle-new-jersey
https://www.ubereats.com/new-jersey/food-delivery/jersey-mikes-2085-route-88/oT6Fwk1-SiSRG8pOAejcHQ,brielle-new-jersey
https://www.ubereats.com/new-jersey/food-delivery/mentoast-by-keepshuto/5SMAzFlTQYCdcGUfJn5fMg,brielle-new-jersey
https://www.ubereats.com/new-jersey/food-delivery/point-pizza-by-pudgy/QzlzgeEwRG2_nQDTvEZ9gw,brielle-new-jersey
