url,city
https://www.ubereats.com/minneapolis/food-delivery/chipotle-mexican-grill-12509-wayzata-blvd-ste-1305/iYpRYEUdSbCSf9v78vGhZQ,brooklyn-center-minnesota
https://www.ubereats.com/minneapolis/food-delivery/kfc-8770-university-avenue-nw/wEMGWdSeTT6-s9w6Ama-Ag,brooklyn-center-minnesota
https://www.ubereats.com/minneapolis/food-delivery/caribou-coffee-4345-nathan-lane-n/rljvJ9xhSTSpsixpmbun0w,brooklyn-center-minnesota
https://www.ubereats.com/minneapolis/food-delivery/five-guys-mn-1652-12475-riverdale-blvd-nw/r1as1DETQlivjHrsEdaidQ,brooklyn-center-minnesota
https://www.ubereats.com/minneapolis/food-delivery/arbys-5444-brooklyn-blvd/4qfXZ5z3RYOeb18_X26YrA,brooklyn-center-minnesota
https://www.ubereats.com/minneapolis/food-delivery/india-palace-roseville/1qc7VQ1yQsCeFE6pp5Ym5A,brooklyn-center-minnesota
https://www.ubereats.com/minneapolis/food-delivery/buffalo-wild-wings-5590-w-broadway-ave/6x5zwzfqQDiL3EGWN6DZcA,brooklyn-center-minnesota
https://www.ubereats.com/minneapolis/food-delivery/johnny-boys-pizza/vDA9GDZmQ-awK2ZiOAOtqQ,brooklyn-center-minnesota
https://www.ubereats.com/minneapolis/food-delivery/papa-johns-5098-central-avenue-northeast/E6qwxe_kSyO8VD3RjFHHJw,brooklyn-center-minnesota
https://www.ubereats.com/minneapolis/food-delivery/mcdonalds-university-%26-broadway/9aykPe3QTS2P19tnvoQjqw,brooklyn-center-minnesota
https://www.ubereats.com/minneapolis/food-delivery/benihana-850-louisiana-avenue/gduKfvzVRZOdARvB9BVYwQ,brooklyn-center-minnesota
https://www.ubereats.com/minneapolis/food-delivery/ra-sushi-11840-fountains-way-n/y9dnhp4ORhmkr0vBTzpiBg,brooklyn-center-minnesota
https://www.ubereats.com/minneapolis/food-delivery/subway-10601-university-ave-ne/CoMKo8kaRAirBUJL_zPlPw,brooklyn-center-minnesota
https://www.ubereats.com/minneapolis/food-delivery/caribou-coffee-3900-lakebreeze-avenue-n/gCAPJ3RcRdiGNUbuKWQ5cg,brooklyn-center-minnesota
https://www.ubereats.com/minneapolis/food-delivery/arbys-3751-lexington-ave-n/B7M2eYwcRVu-tzP7F1h1lw,brooklyn-center-minnesota
https://www.ubereats.com/minneapolis/food-delivery/la-casita-mexican-grill-%26-cantina-coon-rapids/NfZCejJlSHq1mXYGeNA4lg,brooklyn-center-minnesota
https://www.ubereats.com/minneapolis/food-delivery/closed-panera-6064-shingle-creek-parkway/99bL3RVRS3C1JPiAx-sYuw,brooklyn-center-minnesota
https://www.ubereats.com/minneapolis/food-delivery/potbelly-sandwich-shop-maplegrove-%7C-46/9MadN9JwTqmAZFtT0LQY_A,brooklyn-center-minnesota
https://www.ubereats.com/minneapolis/food-delivery/pasquallys-pizza-%26-wings-8943-university-ave-ne/eCLkEChUQwWYImLtUldZXw,brooklyn-center-minnesota
https://www.ubereats.com/minneapolis/food-delivery/red-lobster-8900-golden-valley-road/pnvx8EjLSRWFGjGlMydlig,brooklyn-center-minnesota
https://www.ubereats.com/minneapolis/food-delivery/burger-king-3201-county-road-10/oyhz3ekBSIm1-neYhODP2A,brooklyn-center-minnesota
https://www.ubereats.com/minneapolis/food-delivery/dennys-3565-northdale-blvd/vDbt3bO2TRK6Rva2biSUKg,brooklyn-center-minnesota
https://www.ubereats.com/minneapolis/food-delivery/chipotle-mexican-grill-5901-94th-ave-n/yoKmBmJFSJ6lfY7s5zT7Ig,brooklyn-center-minnesota
https://www.ubereats.com/minneapolis/food-delivery/potbelly-sandwich-shop-blaine-%7C-84/MVc5tv8kSlG6zj648sGkww,brooklyn-center-minnesota
https://www.ubereats.com/minneapolis/food-delivery/olympic-cafe-fremont-avenue/5xDrsIEXSEmQa2N-5lCFVQ,brooklyn-center-minnesota
https://www.ubereats.com/minneapolis/food-delivery/caribou-coffee-11210-wayzata-blvd-suite-f/Yf13owHuT2GPaxbhuO9PcA,brooklyn-center-minnesota
https://www.ubereats.com/minneapolis/food-delivery/burger-king-289-57th-avenue-ne/KeLy0tQtSqWOEiL1LyxSGQ,brooklyn-center-minnesota
https://www.ubereats.com/minneapolis/food-delivery/caribou-coffee-272-57th-ave-ne/rPXFnVu4QZyMVGauc2-U9Q,brooklyn-center-minnesota
https://www.ubereats.com/minneapolis/food-delivery/leeann-chin-5711-xerxes-ave-n/kU5oJ_u9QHmzTLEZv-TQ5A,brooklyn-center-minnesota
https://www.ubereats.com/minneapolis/food-delivery/mcdonalds-5400-w-broadway/icHd7EU9SvqzlrAYyFNMsA,brooklyn-center-minnesota
https://www.ubereats.com/minneapolis/food-delivery/caribou-coffee-1400-highway-101-n-unit-a/BdunUNEsRNmi6tUIENpa6w,brooklyn-center-minnesota
https://www.ubereats.com/minneapolis/food-delivery/dairy-queen-treat-4131-woodland-rd/Kq7W5_iCQr6KtSr0nUq_qQ,brooklyn-center-minnesota
https://www.ubereats.com/minneapolis/food-delivery/chipotle-mexican-grill-515-winnetka-ave-n/5eLh3xzWTJWkfKmAk1CoIQ,brooklyn-center-minnesota
https://www.ubereats.com/minneapolis/food-delivery/jersey-mikes-5300-central-ave-ne/661Oo7SqQmCjBvbWhC40NA,brooklyn-center-minnesota
https://www.ubereats.com/minneapolis/food-delivery/noodles-%26-company-3425-vicksburg-ln-n-ste-200/00wWEuZmSUOURCFJxEoNoA,brooklyn-center-minnesota
https://www.ubereats.com/minneapolis/food-delivery/panda-express-1520-shingle-creek-crossing/8tCzuEJZRJ2HDUkAZtaOgQ,brooklyn-center-minnesota
https://www.ubereats.com/minneapolis/food-delivery/arbys-11978-business-park-blvd-n/4glDgY34TB-nPL6FwvSQzQ,brooklyn-center-minnesota
https://www.ubereats.com/minneapolis/food-delivery/grill-hall-churrascaria/vXU5L-oRSmCDMRLKrimZYQ,brooklyn-center-minnesota
https://www.ubereats.com/minneapolis/food-delivery/olympic-cafe-2117-w-broadway/sSVghIJ1SyiksmwxFceiig,brooklyn-center-minnesota
https://www.ubereats.com/minneapolis/food-delivery/mr-bbq/97QbTljaQMaitxGBG4Vm6A,brooklyn-center-minnesota
https://www.ubereats.com/minneapolis/food-delivery/ihop-5601-xerxes-avenue-n/oNJTzkSfTHWWy8MMFAQT0g,brooklyn-center-minnesota
https://www.ubereats.com/minneapolis/food-delivery/pancheros-mexican-grill-9610-colorado-ln/GUl5rG4XQzWo46NS4WEuOQ,brooklyn-center-minnesota
https://www.ubereats.com/minneapolis/food-delivery/taco-bell-4900-central-ave-ne/uH5SD0FhRr6eAiSIixBPug,brooklyn-center-minnesota
https://www.ubereats.com/minneapolis/food-delivery/sammys-avenue-eatery/h127-WAIQVygWjghDzk2mA,brooklyn-center-minnesota
https://www.ubereats.com/minneapolis/food-delivery/leeann-chin-9428-dunkirk-lane/MXCuYS2ZQT-i7gcaWWacJw,brooklyn-center-minnesota
https://www.ubereats.com/minneapolis/food-delivery/kona-grill-minnetonka/ST6o6gBUSs2L6_9gBxp0iw,brooklyn-center-minnesota
https://www.ubereats.com/minneapolis/food-delivery/outtakes-bar-and-grill/zWFfyl_HTFumUjT46yHYgg,brooklyn-center-minnesota
https://www.ubereats.com/minneapolis/food-delivery/red-lobster-8500-hwy-47/zMcNFk7WSqOzm7704Mphzw,brooklyn-center-minnesota
https://www.ubereats.com/minneapolis/food-delivery/taco-bell-11665-ulysses-lane/RuNAk26aTdC6MXx82QytGA,brooklyn-center-minnesota
https://www.ubereats.com/minneapolis/food-delivery/panda-express-12725-elm-creek-blvd-n/M5MpWgUdRbiVHOkBxEkKhA,brooklyn-center-minnesota
https://www.ubereats.com/minneapolis/food-delivery/maya-cuisine/xsSAk4qmTr-zblHDpPWqsw,brooklyn-center-minnesota
https://www.ubereats.com/minneapolis/food-delivery/krispy-krunchy-chicken-7201-bass-lake-rd/AHIWfFK6St-FJfuoqu8DJQ,brooklyn-center-minnesota
https://www.ubereats.com/minneapolis/food-delivery/wendys-421-w-broadway-ave/I-QuyFThRC6fLEzFnmgbQg,brooklyn-center-minnesota
https://www.ubereats.com/minneapolis/food-delivery/osaka-sushi-%26-hibachi-steakhouse/gGlKPcCySAugCYQdOizSIw,brooklyn-center-minnesota
https://www.ubereats.com/minneapolis/food-delivery/taco-bell-6620-wayzata-blvd/N8TLhUBIT9a9c3kAePI8wg,brooklyn-center-minnesota
https://www.ubereats.com/minneapolis/food-delivery/popeyes-1301-w-broadway-ave/wZoCiB-6SGKTqzsuKCjLIw,brooklyn-center-minnesota
https://www.ubereats.com/minneapolis/food-delivery/chipotle-mexican-grill-10450-baltimore-st-ne-ste-100/GekkDNO8TjSO4A7BHuuoJQ,brooklyn-center-minnesota
https://www.ubereats.com/minneapolis/food-delivery/subway-6930-brooklyn-blvd/NIXgcCfgTxqBcl_XafLb1Q,brooklyn-center-minnesota
https://www.ubereats.com/minneapolis/food-delivery/dala-thai-restaurant-%26-banquet-hall/hGPHveEgS-iLnk6SfIemLQ,brooklyn-center-minnesota
https://www.ubereats.com/minneapolis/food-delivery/slice-pizza/2mSZ_k3JS-2Yzr5BMM5RaQ,brooklyn-center-minnesota
https://www.ubereats.com/minneapolis/food-delivery/northeast-social/7oMUkxs6TSitykJJDWknVw,brooklyn-center-minnesota
https://www.ubereats.com/minneapolis/food-delivery/papa-johns-4610-85th-avenue-north-suite-16a/xG_9MLJrQ0SRyoJu8jY5jg,brooklyn-center-minnesota
https://www.ubereats.com/minneapolis/food-delivery/popeyes-louisiana-kitchen-8025-brooklyn-blvd/S90GkRx2R-SsaMI1SDJqMQ,brooklyn-center-minnesota
https://www.ubereats.com/minneapolis/food-delivery/arbys-619-hwy-10/d5xuU3_kSBq5l_bTwNuKww,brooklyn-center-minnesota
https://www.ubereats.com/minneapolis/food-delivery/dinos-gyros-northdale/FfedXNoHTHCxXwRfwYtsfA,brooklyn-center-minnesota
https://www.ubereats.com/minneapolis/food-delivery/fortune-house-chinese-cuisine/zYXmacKwSXSC204abjE6Vg,brooklyn-center-minnesota
https://www.ubereats.com/minneapolis/food-delivery/papa-johns-479-87th-lane-northeast/FMYbZVcyQTCV1tvAS_pC7g,brooklyn-center-minnesota
https://www.ubereats.com/minneapolis/food-delivery/taco-bell-9900-rockford-road/AdCsu1DnQiWKC7W5_rFS8w,brooklyn-center-minnesota
https://www.ubereats.com/minneapolis/food-delivery/famous-daves-7825-vinewood-ln/tenHIhzmSkqz4JwdyLvGhg,brooklyn-center-minnesota
https://www.ubereats.com/minneapolis/food-delivery/potbelly-sandwich-shop-arden-hills-%7C-359/3S2s2UaYTze9gDCbhjzKxQ,brooklyn-center-minnesota
https://www.ubereats.com/minneapolis/food-delivery/starbucks-hwy-169-and-elm-creek-champl/-0_zrZbkTlW01FcpP8HrRQ,brooklyn-center-minnesota
https://www.ubereats.com/minneapolis/food-delivery/arbys-2820-coon-rapids-blvd/p8kfv8kqQlOot8q3vH_2_g,brooklyn-center-minnesota
https://www.ubereats.com/minneapolis/food-delivery/ihop-north-town-mall/DFC5tbokQHSqomUQ4Lz-qQ,brooklyn-center-minnesota
https://www.ubereats.com/minneapolis/food-delivery/maharaja-indian-cuisine-spring-lake-park/A8f0frxLT86cOAovLHbV-g,brooklyn-center-minnesota
https://www.ubereats.com/minneapolis/food-delivery/holy-land/acD8bD1ORWGz79L3Sul_bw,brooklyn-center-minnesota
https://www.ubereats.com/minneapolis/food-delivery/ichiddo-ramen/AgOdcEueTOeDKMh5YEEybg,brooklyn-center-minnesota
https://www.ubereats.com/minneapolis/food-delivery/captain-hook/QbIKETlsS4i0MV3df2wQWw,brooklyn-center-minnesota
https://www.ubereats.com/minneapolis/food-delivery/pizza-man-blaine/zIBbyD2BSFGan353sd2-Dw,brooklyn-center-minnesota
https://www.ubereats.com/minneapolis/food-delivery/chipotle-mexican-grill-9881-maple-grove-pkwy-n/bhbFVDHHTcaSAbJOoafCww,brooklyn-center-minnesota
https://www.ubereats.com/minneapolis/food-delivery/arbys-4260-pheasant-ridge-dr-ne/opye1xthRbCsX_5PH26i6w,brooklyn-center-minnesota
https://www.ubereats.com/minneapolis/food-delivery/red-robin-640-2669-campus-dr/djOENWgTSxuMan-S19ggfA,brooklyn-center-minnesota
https://www.ubereats.com/minneapolis/food-delivery/poke-house-%26-tea-bar/PvAeXU6XStiQCiH0xUKkbQ,brooklyn-center-minnesota
https://www.ubereats.com/minneapolis/food-delivery/dennys-2045-twin-lakes-parkway/AIRN4UeSQrCSDrZFcYn37w,brooklyn-center-minnesota
https://www.ubereats.com/minneapolis/food-delivery/applebees-3500-vicksburg-ln-ste-100-%2382029/udkR1lqhRGi2m9PYkHDszg,brooklyn-center-minnesota
https://www.ubereats.com/minneapolis/food-delivery/arbys-5629-broadway-ave-w/1u7Ncnh5TtK9vX_Ji1zaYg,brooklyn-center-minnesota
https://www.ubereats.com/minneapolis/food-delivery/arbys-1690-park-place-blvd/TgzmwppYSdaOgZ61iJfjZg,brooklyn-center-minnesota
https://www.ubereats.com/minneapolis/food-delivery/elevation-5280%3A-street-food-elevated/-sXOup7eQUmGruINxJZf6g,brooklyn-center-minnesota
https://www.ubereats.com/minneapolis/food-delivery/paninos/gQcjBN_bR0iMpb9GsRaaVA,brooklyn-center-minnesota
https://www.ubereats.com/minneapolis/food-delivery/caribou-coffee-1730-new-brighton-blvd/N8HH8G3QR1KtbvuYCtJOzA,brooklyn-center-minnesota
https://www.ubereats.com/minneapolis/food-delivery/mr-pizza-n-wingz/zU71lIiGRlqbysKJe4GN8g,brooklyn-center-minnesota
https://www.ubereats.com/minneapolis/food-delivery/daily-dose-cafe-and-espresso/-VvGq8QCQNeMypuVCDfrVQ,brooklyn-center-minnesota
https://www.ubereats.com/minneapolis/food-delivery/big-marina-grill-%26-deli/QN20k9jGTIuDNF4yjahdkQ,brooklyn-center-minnesota
https://www.ubereats.com/minneapolis/food-delivery/starbucks-st-anthony-37th-%26-silver-lak/QPIJPUzUSRiKdLTW5Lg6XA,brooklyn-center-minnesota
https://www.ubereats.com/minneapolis/food-delivery/subway-9536-noble-pkwy-n/SvfDVaVgQBOe97WSpAvihw,brooklyn-center-minnesota
https://www.ubereats.com/minneapolis/food-delivery/jamba-juice-11632-fountains-dr-ste-403/VBkCCXmeQ0yboFTXckyUBQ,brooklyn-center-minnesota
https://www.ubereats.com/minneapolis/food-delivery/sweet-taste-of-italy/e0BjitIJRDOsJ6Ik3xz1Pg,brooklyn-center-minnesota
https://www.ubereats.com/minneapolis/food-delivery/crazy-cajun/lGp4wmN6Qk60OL-LrqboKw,brooklyn-center-minnesota
https://www.ubereats.com/minneapolis/food-delivery/the-lowry-cafe/FFgeFFdHSLaw3PX6GWB6hg,brooklyn-center-minnesota
https://www.ubereats.com/minneapolis/food-delivery/burger-king-5358-west-broadway/CR2jbQv2SmibVHeKnnFZ4w,brooklyn-center-minnesota
https://www.ubereats.com/minneapolis/food-delivery/panda-express-7645-jolly-ln/mf6umAReR0q_CfiTPKT_NQ,brooklyn-center-minnesota
https://www.ubereats.com/minneapolis/food-delivery/ten-sushi-japanese-restaurant-fountains-dr/1LniWYRSRgCFTM6c5K8ePg,brooklyn-center-minnesota
https://www.ubereats.com/minneapolis/food-delivery/burger-king-6660-wayzata-blvd/K6-ZzuDsRfGah6N50tZHUg,brooklyn-center-minnesota
https://www.ubereats.com/minneapolis/food-delivery/el-taco-riendo/IDWdjf9nTmWTnkMR9pwk-Q,brooklyn-center-minnesota
https://www.ubereats.com/minneapolis/food-delivery/taco-bell-1540-stinson-blvd-ne/YYjMDBKbTryNfyEVpaKUJw,brooklyn-center-minnesota
https://www.ubereats.com/minneapolis/food-delivery/hong-kong-restaurant/AjaTbGI2R4yqRaAzz6bEvg,brooklyn-center-minnesota
https://www.ubereats.com/minneapolis/food-delivery/caribou-coffee-7635-jolly-lane/x6F6pdtuRGiLWDEnfR-drA,brooklyn-center-minnesota
https://www.ubereats.com/minneapolis/food-delivery/tasty-chicken-and-gyro/1CWP1B5rR_SqrGP7q5JdFQ,brooklyn-center-minnesota
https://www.ubereats.com/minneapolis/food-delivery/smashburger-3225-vicksburger-lane-north-bldg-b-ste-g/R5sZeLzvT4CosxWcyNqwfg,brooklyn-center-minnesota
https://www.ubereats.com/minneapolis/food-delivery/bonchon-chicken-11708-elm-creek-blvd-n/lULH3aZYTgSfnqnK-qxvXg,brooklyn-center-minnesota
https://www.ubereats.com/minneapolis/food-delivery/mcdonalds-central-ave-ne-%26-46th-ave-ne/d42wE0SHT5K303TC3sJ5eg,brooklyn-center-minnesota
https://www.ubereats.com/minneapolis/food-delivery/el-loro-mexican-restaurant-brooklyn-park/nD9DevcoToGazOfqiYTI7A,brooklyn-center-minnesota
https://www.ubereats.com/minneapolis/food-delivery/white-castle-5055-central-ave-ne/f5x_nYRwR6q0ZSgvCnkFEA,brooklyn-center-minnesota
https://www.ubereats.com/minneapolis/food-delivery/el-toro-mexican-restaurant-champlin/tI8oPHNST_KZ00zqui3Ryg,brooklyn-center-minnesota
https://www.ubereats.com/minneapolis/food-delivery/leeann-chin-7650-olson-memorial-hwy/JOtG-EgmTRGmPE2az6VZow,brooklyn-center-minnesota
https://www.ubereats.com/minneapolis/food-delivery/white-castle-600-central-ave-ne/gqQFSp-NTx65jVBoEMEEbQ,brooklyn-center-minnesota
https://www.ubereats.com/minneapolis/food-delivery/caribou-coffee-3673-lexington-avenue-north/zq19UiLlRtS_mTokUjguEQ,brooklyn-center-minnesota
https://www.ubereats.com/minneapolis/food-delivery/cafe-zupas-11669-fountain-dr/EFynZH2iSQKo3ZexXFeIzg,brooklyn-center-minnesota
https://www.ubereats.com/minneapolis/food-delivery/real-cooks-kitchen/M_XheWZcRtmNKF5u_eDIFQ,brooklyn-center-minnesota
https://www.ubereats.com/minneapolis/food-delivery/perkins-restaurant-fridley-university-ave/AmVV1ECcTdyQ5PorzgdGCg,brooklyn-center-minnesota
https://www.ubereats.com/minneapolis/food-delivery/applebees-14400-weaver-lake-road-%2382020/KAOxCGsTQrijmcsB7ZPd1w,brooklyn-center-minnesota
https://www.ubereats.com/minneapolis/food-delivery/qdoba-mexican-grill-1560-shingle-creek-crossing-building-h/c3Nyo-R-SXSQX1mJADVHLQ,brooklyn-center-minnesota
https://www.ubereats.com/minneapolis/food-delivery/dennys-8850-university-drive/gCYAv1ZrTX6Z1WmnH2aavQ,brooklyn-center-minnesota
https://www.ubereats.com/minneapolis/food-delivery/stanleys-northeast-bar-room/-qkMTQDNQC2NACloC3KCSw,brooklyn-center-minnesota
https://www.ubereats.com/minneapolis/food-delivery/pappys-minneapolis/lOMgeG76Tbelez3K_n9F0w,brooklyn-center-minnesota
https://www.ubereats.com/minneapolis/food-delivery/rong-cheng/OZ_BcGZfQE66DVpAZKy5Tw,brooklyn-center-minnesota
https://www.ubereats.com/minneapolis/food-delivery/momo-sushi/EDQ0rra8T_aNV-mikUuWVQ,brooklyn-center-minnesota
https://www.ubereats.com/minneapolis/food-delivery/buffalo-wild-wings-1540-109th-ave-ne-ste-300/nLBz9wtuSea6e1x2A40ZtA,brooklyn-center-minnesota
https://www.ubereats.com/minneapolis/food-delivery/hoggsbreath/2w2zU3PNSPSu9aiNx_cu8g,brooklyn-center-minnesota
https://www.ubereats.com/minneapolis/food-delivery/tasty-chicken-5-dollar-pizza-%26-grill/Ctgwr182TRC-1b7xmhCGhQ,brooklyn-center-minnesota
https://www.ubereats.com/minneapolis/food-delivery/rusty-taco-6346-vinewood-lane-north/dxsQyiDeT-WK-PSP1V7QaQ,brooklyn-center-minnesota
https://www.ubereats.com/minneapolis/food-delivery/5-8-bar-%26-grill-champlin/vBZOXvGqTCWIcnlTLzuVzQ,brooklyn-center-minnesota
https://www.ubereats.com/minneapolis/food-delivery/dunkin-8300-university-ave-ne/GejOcR7mQ6a52arfQvDG6A,brooklyn-center-minnesota
https://www.ubereats.com/minneapolis/food-delivery/lindeys-prime-steak-house/BDvMit_IR4uXyTA9mBXhTw,brooklyn-center-minnesota
https://www.ubereats.com/minneapolis/food-delivery/maharaja-indian-cuisine/FZGCJp7LSB-ZGPS1klcCGw,brooklyn-center-minnesota
https://www.ubereats.com/minneapolis/food-delivery/kfc-711-west-main-street/tPoP0qRIQuWbtw2MSUiHSQ,brooklyn-center-minnesota
https://www.ubereats.com/minneapolis/food-delivery/cajun-kitchen/vPTCI3yQRQG7nUaUh414dw,brooklyn-center-minnesota
https://www.ubereats.com/minneapolis/food-delivery/sawatdee-thai-maple-grove/zLMINh7ISySV6hkS6A9_UQ,brooklyn-center-minnesota
https://www.ubereats.com/minneapolis/food-delivery/minnesota-bbq-co/bg-WszW6Tv6Ucwywv6ZDBg,brooklyn-center-minnesota
https://www.ubereats.com/minneapolis/food-delivery/the-winkin-rooster/vTWHFdeaQ0mUykL9E7nj0A,brooklyn-center-minnesota
https://www.ubereats.com/minneapolis/food-delivery/papa-murphys-8069-brooklyn-blvd/DoEZW3j4ThS0fzsA2wMyzg,brooklyn-center-minnesota
https://www.ubereats.com/minneapolis/food-delivery/noodles-%26-company-5592-w-broadway/4GKkUJ9SRm-YJ0gMcuEb2g,brooklyn-center-minnesota
https://www.ubereats.com/minneapolis/food-delivery/applebees-4203-winnetka-avenue-north-%2382008/G4ZQ8PbURlShljVFN9rV5A,brooklyn-center-minnesota
https://www.ubereats.com/minneapolis/food-delivery/chipotle-mexican-grill-3425-vicksburg-ln-n-ste-100/M4R34XMETrSyzjgMWNA4FA,brooklyn-center-minnesota
https://www.ubereats.com/minneapolis/food-delivery/pizza-ranch-5526-w-broadway-ave/j_JoG9dDSnKKN8xIMSpO5A,brooklyn-center-minnesota
https://www.ubereats.com/minneapolis/food-delivery/chipotle-mexican-grill-5711-xerxes-ave-n-ste-k/WLtpHEDYTeqBCJxljmf6mg,brooklyn-center-minnesota
https://www.ubereats.com/minneapolis/food-delivery/egg-house-cafe/K_N2-hZATg2LTcL8qi3ESA,brooklyn-center-minnesota
https://www.ubereats.com/minneapolis/food-delivery/famous-daves-3211-northdale-boulevard/oMxNudKDRveA_4zbjSNfUQ,brooklyn-center-minnesota
https://www.ubereats.com/minneapolis/food-delivery/irie-vybz-jamaican-restaurant/bQHLhxJ0TjSKA4Wy8EcQew,brooklyn-center-minnesota
https://www.ubereats.com/minneapolis/food-delivery/caribou-coffee-12850-bass-lake-road/97Hn0NbOR5aDvzljkZvHzA,brooklyn-center-minnesota
https://www.ubereats.com/minneapolis/food-delivery/boulevard-bar-and-grille/o3_qS1bAQtKp3U-XWiNlBw,brooklyn-center-minnesota
https://www.ubereats.com/minneapolis/food-delivery/popeyes-5430-brooklyn-blvd/0zpRKTwjQY6Aqtu2GVvH_A,brooklyn-center-minnesota
https://www.ubereats.com/minneapolis/food-delivery/valley-pastries/CIl3MPRySLSFdiLioIr8QA,brooklyn-center-minnesota
https://www.ubereats.com/minneapolis/food-delivery/thai-express-11660-elm-creek-blvd-north/8HNar3trTGiPBqVIYOMr2A,brooklyn-center-minnesota
https://www.ubereats.com/minneapolis/food-delivery/caribou-coffee-4210-winnetka-avenue/J6duf5fqTKiARg0LDkYZLg,brooklyn-center-minnesota
https://www.ubereats.com/minneapolis/food-delivery/subway-8000-lakeland-ave-n/ShlrWy1sTX2Qt2bZ8IHlAA,brooklyn-center-minnesota
https://www.ubereats.com/minneapolis/food-delivery/noodles-%26-company-7808-olson-memorial-hwy/9Xu9KTpQRqCvDSwOVumqAg,brooklyn-center-minnesota
https://www.ubereats.com/minneapolis/food-delivery/starbucks-coon-rapids-foley-%26-hwy-10/XQ4CoN8rSUOAcRcjpaLX3A,brooklyn-center-minnesota
https://www.ubereats.com/minneapolis/food-delivery/chipotle-mexican-grill-599-northtown-dr-ne-ste-500/kH23zhuHSzywvKgmc9Ftow,brooklyn-center-minnesota
https://www.ubereats.com/minneapolis/food-delivery/burger-king-8510-edinburgh-center-drive/Rx51cRBWTsOXoGCobXvnKg,brooklyn-center-minnesota
https://www.ubereats.com/minneapolis/food-delivery/subway-4080-w-broadway/jumj6XMFRICtJgHeAWEZIA,brooklyn-center-minnesota
https://www.ubereats.com/minneapolis/food-delivery/ruths-chris-steak-house-920-2nd-ave/PHWu4ECCQD2Oudnhk477jg,brooklyn-center-minnesota
https://www.ubereats.com/minneapolis/food-delivery/sonic-drive-in-4910-central-ave-ne/nzHVu8HvQmSGyrzJkgpadw,brooklyn-center-minnesota
https://www.ubereats.com/minneapolis/food-delivery/taco-bell-8575-aspen-lane-north/qr4BOWEMTXWD75lFQRHH4g,brooklyn-center-minnesota
https://www.ubereats.com/minneapolis/food-delivery/arbys-14420-n-28th-pl/igw25PWVTUe3psgwh_TRWw,brooklyn-center-minnesota
https://www.ubereats.com/minneapolis/food-delivery/mcdonalds-xerxes-%26-55th-ave/V5gardDOT9KiVuihamUM4g,brooklyn-center-minnesota
https://www.ubereats.com/minneapolis/food-delivery/taco-bell-5532-brooklyn-blvd/38iRmK8rSrCUwKd3cAsQEQ,brooklyn-center-minnesota
https://www.ubereats.com/minneapolis/food-delivery/caribou-coffee-8601-springbrook-drive/UbM7KTCRQ_mn5T3tZW_ETg,brooklyn-center-minnesota
https://www.ubereats.com/minneapolis/food-delivery/potbelly-sandwich-shop-coon-rapids-%7C-93/_u4aoSEGReG29lMuTuWEHQ,brooklyn-center-minnesota
https://www.ubereats.com/minneapolis/food-delivery/big-bowl-chinese-express-golden-valley/ky70vU1LS5q2VpE-Yeg-dQ,brooklyn-center-minnesota
https://www.ubereats.com/minneapolis/food-delivery/basha-grill/XPGrZa8fTcG14Bm7VhfVeQ,brooklyn-center-minnesota
https://www.ubereats.com/minneapolis/food-delivery/zoes-bakery-%26-cafe/VwOtiy5YS8Oonq9kXC5SFQ,brooklyn-center-minnesota
https://www.ubereats.com/minneapolis/food-delivery/sammys-avenue-eatery/NXDlmWavSVGobo6GyFwScw,brooklyn-center-minnesota
https://www.ubereats.com/minneapolis/food-delivery/chipotle-mexican-grill-7631-jolly-ln/87Zoh33_ShG8aoisMjAxYQ,brooklyn-center-minnesota
https://www.ubereats.com/minneapolis/food-delivery/applebees-3470-129th-avenue-n-w-%2382018/IJ1V6gjoTaOzcGJP2RdflQ,brooklyn-center-minnesota
https://www.ubereats.com/minneapolis/food-delivery/new-china/-5qgHjfrTpi5IIwm3Nimbg,brooklyn-center-minnesota
https://www.ubereats.com/minneapolis/food-delivery/acapulco-mexican-restaurant-blaine-mn/RpZYE132QzS3x1f0hdzcHA,brooklyn-center-minnesota
https://www.ubereats.com/minneapolis/food-delivery/hooks-fish-and-chips/rGyZ-8eQTHevj3xdti4ufQ,brooklyn-center-minnesota
https://www.ubereats.com/minneapolis/food-delivery/el-loro-mexican-restaurant-crystal/u6efXAQFSoq0KubUi1BUkQ,brooklyn-center-minnesota
https://www.ubereats.com/minneapolis/food-delivery/cardigan/sGamaXAQR3WPz0Ik2gncow,brooklyn-center-minnesota
https://www.ubereats.com/minneapolis/food-delivery/applebees-5277-central-ave-ne-%2382053/JqToq18RRLmaMD7KlYNR7g,brooklyn-center-minnesota
https://www.ubereats.com/minneapolis/food-delivery/pf-changs-12071-elm-creek-blvd/ty-rBtn1Qk6mlfcA2W-3Vw,brooklyn-center-minnesota
https://www.ubereats.com/minneapolis/food-delivery/rocky-rococo-pizza-%26-pasta-brooklyn-park/YHmlFG3VS4KyeFRuL0cHVA,brooklyn-center-minnesota
https://www.ubereats.com/minneapolis/food-delivery/cold-stone-creamery-2700-39th-ave-ne/6VeUTS_vRseMpsbC7aq2ZQ,brooklyn-center-minnesota
https://www.ubereats.com/minneapolis/food-delivery/great-china/aoJw8oiDQp-E5__-1Y-g9w,brooklyn-center-minnesota
https://www.ubereats.com/minneapolis/food-delivery/applebees-1400-brookdale-mall-%2382034/rKI09dAfTlG7qTYb7kkI4A,brooklyn-center-minnesota
https://www.ubereats.com/minneapolis/food-delivery/chipotle-mexican-grill-3455-river-rapids-dr-nw/SPqn_GRuQe6IpylV1Oap-g,brooklyn-center-minnesota
https://www.ubereats.com/minneapolis/food-delivery/acapulco-mexican-restaurant-andover-mn/69-SMT9fQPiQfiPGDKm_dQ,brooklyn-center-minnesota
https://www.ubereats.com/minneapolis/food-delivery/leeann-chin-101-89th-ave-ne/ooJdXP0IRt2palgzzL2MOA,brooklyn-center-minnesota
https://www.ubereats.com/minneapolis/food-delivery/dunkin-7820-42nd-ave-n/UynVWRP2SGe5lkdZoWmuqg,brooklyn-center-minnesota
https://www.ubereats.com/minneapolis/food-delivery/buffalo-wild-wings-3395-river-rapids-dr-nw/FEzR9fAjTyq6Wv0bKslMPQ,brooklyn-center-minnesota
https://www.ubereats.com/minneapolis/food-delivery/applebees-199-northtown-drive-ne-%2382059/OB5G24HnQrCvuvuu9qU8SA,brooklyn-center-minnesota
https://www.ubereats.com/minneapolis/food-delivery/subway-1440-85th-ave/phiDlZkeS4aNKEW0EQAg2Q,brooklyn-center-minnesota
https://www.ubereats.com/minneapolis/food-delivery/stray-dog/t9W_GaETRauaZW5XFLnZ8A,brooklyn-center-minnesota
https://www.ubereats.com/minneapolis/food-delivery/hong-thai-restaurant-maple-grove/vI0kAPhfTjKyWDx_vaV90g,brooklyn-center-minnesota
https://www.ubereats.com/minneapolis/food-delivery/buffalo-wild-wings-11580-theatre-dr-n/4bbmSGjyQq6Sp7JqV6d3hg,brooklyn-center-minnesota
https://www.ubereats.com/minneapolis/food-delivery/granite-city-food-%26-brewery-maple-grove/NmEO9IOrQ8iVv9zrglgeMg,brooklyn-center-minnesota
https://www.ubereats.com/minneapolis/food-delivery/the-keto-scoop/0Pv2fP-eR_GrP2tgbV-ysg,brooklyn-center-minnesota
https://www.ubereats.com/minneapolis/food-delivery/arbys-10205-6th-ave-n/jI6jiUuFST6Wg5oVcScrOQ,brooklyn-center-minnesota
https://www.ubereats.com/minneapolis/food-delivery/leeann-chin-3235-vicksburg-lane-n-ste-f/I08wEu1HRnC7hORoIavwrw,brooklyn-center-minnesota
https://www.ubereats.com/minneapolis/food-delivery/hook-fish-%26-chicken-central-%26-39th-ave/rEyTzkSMRauRDC7CyymnsQ,brooklyn-center-minnesota
https://www.ubereats.com/minneapolis/food-delivery/noodles-%26-company-5220-central-ave-ne/cm10nYhQTemLYwqY3GBYJQ,brooklyn-center-minnesota
https://www.ubereats.com/minneapolis/food-delivery/taco-bell-647-w-main-st/-giLFd41RXyFlajCY4LcXw,brooklyn-center-minnesota
https://www.ubereats.com/minneapolis/food-delivery/crave-american-kitchen-%26-sushi-bar-maple-grove/tz8bfzH3Sxa7OLZCxtxyTw,brooklyn-center-minnesota
https://www.ubereats.com/minneapolis/food-delivery/shanes-pizza/AkatqUJEQ165QaODBD3gHw,brooklyn-center-minnesota
https://www.ubereats.com/minneapolis/food-delivery/wendys-7445-71st-ave-n/d50DLmZSTyeqCTGekxcmJg,brooklyn-center-minnesota
https://www.ubereats.com/minneapolis/food-delivery/papa-johns-11313-hwy-7/2Kf1qv7BRpic5qRO3ohxfw,brooklyn-center-minnesota
https://www.ubereats.com/minneapolis/food-delivery/mcdonalds-1480-85th-ave-n/r3ncCrhHRf2HF8S0R-FBbg,brooklyn-center-minnesota
https://www.ubereats.com/minneapolis/food-delivery/fiesta-cancun-grill-%26-bar/BPwoDqPHS2m0dRKiOznBSQ,brooklyn-center-minnesota
https://www.ubereats.com/minneapolis/food-delivery/brothers-taqueria/_SOPwQQDQ3abAHh81LsgDQ,brooklyn-center-minnesota
https://www.ubereats.com/minneapolis/food-delivery/mcdonalds-2201-hwy-10/St0eYsOHTvuoIXtv17xvHg,brooklyn-center-minnesota
https://www.ubereats.com/minneapolis/food-delivery/perkins-restaurant-maple-grove-73rd-ave/EpKJxaMWSga_kc7gz1DnvA,brooklyn-center-minnesota
https://www.ubereats.com/minneapolis/food-delivery/grabbagreen-7744-main-street/ChpMSLWuQvCrR3KkrAeLhQ,brooklyn-center-minnesota
https://www.ubereats.com/minneapolis/food-delivery/whole-soul-eatery-food-trailer/VUfHdvcPRPu5u-UCsT2xEg,brooklyn-center-minnesota
https://www.ubereats.com/minneapolis/food-delivery/red-stag-supperclub/wxOCv_YmSx2ApqhZTWD8zA,brooklyn-center-minnesota
https://www.ubereats.com/minneapolis/food-delivery/famous-daves-11308-highway-55/4pu1RUo1SnizdibvT_WbtA,brooklyn-center-minnesota
https://www.ubereats.com/minneapolis/food-delivery/chili-lime/uuyHL66xRbObOqWGn5svEw,brooklyn-center-minnesota
https://www.ubereats.com/minneapolis/food-delivery/ginza-sushi-and-grill-restaurant/hBK0DC1JRU2OVz_AeLlWgQ,brooklyn-center-minnesota
https://www.ubereats.com/minneapolis/food-delivery/arepa-bite/Em8zdF0cTJqFOYPZxOd3og,brooklyn-center-minnesota
https://www.ubereats.com/minneapolis/food-delivery/caribou-coffee-2720-annapolis-circle-suite-f/AgLdau3xR_-PSstu6kTRQw,brooklyn-center-minnesota
https://www.ubereats.com/minneapolis/food-delivery/mcdonalds-broadway-%26-dupont/EnvPm7xNTvOzRlPlDJIDRA,brooklyn-center-minnesota
https://www.ubereats.com/minneapolis/food-delivery/hiep-thanh-bbq-%26-deli/G7KXwahNTXO9YJ_qPEkxjQ,brooklyn-center-minnesota
https://www.ubereats.com/minneapolis/food-delivery/papa-johns-7726-olson-memorial-highway/0O5F-0rdR_awZG3uTm5N5Q,brooklyn-center-minnesota
https://www.ubereats.com/minneapolis/food-delivery/mcdonalds-9695-xenia-avenue-north/dckojjJqQ3ux-07adGqBXw,brooklyn-center-minnesota
https://www.ubereats.com/minneapolis/food-delivery/revelation-burger/Y42rLvhuR3ejGY0fd4KZ1Q,brooklyn-center-minnesota
https://www.ubereats.com/minneapolis/food-delivery/portillos-hot-dogs-12251-elm-creek-blvd-n/LopnEvrvThuNiVW1E08mnQ,brooklyn-center-minnesota
https://www.ubereats.com/minneapolis/food-delivery/wendys-8780-university-ave-nw/jkW0msLWT-2XLfgt_Oo8Jg,brooklyn-center-minnesota
https://www.ubereats.com/minneapolis/food-delivery/arbys-7885-wedgewood-lane/-O6HMHEdTkCZcqagLHfyKQ,brooklyn-center-minnesota
https://www.ubereats.com/minneapolis/food-delivery/toppers-pizza-blaine/ZVK7MIRPRNKOK1_Tj8qPpA,brooklyn-center-minnesota
https://www.ubereats.com/minneapolis/food-delivery/market-bar-b-que/xWkrkfBJQsWsksXDgFTwuA,brooklyn-center-minnesota
https://www.ubereats.com/minneapolis/food-delivery/zantigo-mexican-restaurant-fridley/dK6IjxmzQTCIpaw7ln0JBQ,brooklyn-center-minnesota
https://www.ubereats.com/minneapolis/food-delivery/caribou-coffee-1835-gateway-drive-suite-106/aRgJ6Uw0Tze9lgl4dUO9oA,brooklyn-center-minnesota
https://www.ubereats.com/minneapolis/food-delivery/buffalo-wild-wings-1777-county-road-b2/vOlVun6LSYWbYxRzb-Zg5g,brooklyn-center-minnesota
https://www.ubereats.com/minneapolis/food-delivery/sarpinos-pizzeria-7542-42nd-ave-n/1UZOrPOuTSSEiW1QxehfdQ,brooklyn-center-minnesota
https://www.ubereats.com/minneapolis/food-delivery/old_white-castle-7741-zane-ave/q16-_zEoSVKQtg4feTVSEg,brooklyn-center-minnesota
https://www.ubereats.com/minneapolis/food-delivery/pancheros-mexican-grill-284-57th-ave-ne/9LY5On8jR2mFCxZRdqf9Bw,brooklyn-center-minnesota
https://www.ubereats.com/minneapolis/food-delivery/auntie-annes-344-northtown-dr-ne/pdiJwB64QPatu3k4nXMK9Q,brooklyn-center-minnesota
https://www.ubereats.com/minneapolis/food-delivery/burger-king-3200-washington-avenue-north/karch4PgQs-qwDN4EjYJAg,brooklyn-center-minnesota
https://www.ubereats.com/minneapolis/food-delivery/lowry-grocery-and-deli/-d4xxrmETlOoOhC5mRfA_A,brooklyn-center-minnesota
https://www.ubereats.com/minneapolis/food-delivery/starbucks-bass-lake-rd-%26-broadway-crysta/BRJr3ZCxQdKd75adt27RBA,brooklyn-center-minnesota
https://www.ubereats.com/minneapolis/food-delivery/papa-johns-4121-lakeland-avenue-north/XTbp1y6eQXCmsL9huDQyBQ,brooklyn-center-minnesota
https://www.ubereats.com/minneapolis/food-delivery/hong-kong-buffet/UF7aewMPRFizchcvx2fSbw,brooklyn-center-minnesota
https://www.ubereats.com/minneapolis/food-delivery/taco-bell-5547-west-broadway/FAp9Q6NkRaePTXfaf7uxig,brooklyn-center-minnesota
https://www.ubereats.com/minneapolis/food-delivery/dennys-6405-james-circle-n/c8fM5XmWRuKxE65bVblNAA,brooklyn-center-minnesota
https://www.ubereats.com/minneapolis/food-delivery/taco-bell-1865-gateway-dr-nw/p8E_PoYwQAGS-LPxaZgBLA,brooklyn-center-minnesota
https://www.ubereats.com/minneapolis/food-delivery/arbys-10320-baltimore-st-ne/9BodBI5FSwqL061BySkqqQ,brooklyn-center-minnesota
https://www.ubereats.com/minneapolis/food-delivery/kfc-5060-central-avenue-ne/xj_ZMD6nSWWGf2BigYOOtQ,brooklyn-center-minnesota
https://www.ubereats.com/minneapolis/food-delivery/global-food-market/BJaFNDP4SaqzrcWA7pxryA,brooklyn-center-minnesota
https://www.ubereats.com/minneapolis/food-delivery/leeann-chin-1730-new-brighton-blvd/TvvQwx-TRmGfRAp2_uF29w,brooklyn-center-minnesota
https://www.ubereats.com/minneapolis/food-delivery/fairgrounds-coffee-and-tea/rOLsKW2hQZKn9qlmqeoRkQ,brooklyn-center-minnesota
https://www.ubereats.com/minneapolis/food-delivery/taco-bell-425-w-broadway/AzZ-vmwvQZO0AZjha-GRhA,brooklyn-center-minnesota
https://www.ubereats.com/minneapolis/food-delivery/caribou-coffee-9638-colorado-lane-n/QIFOeNW0Toa3xuTpAkGSlg,brooklyn-center-minnesota
https://www.ubereats.com/minneapolis/food-delivery/leeann-chin-13060-riverdale-drive-coon/14B7c_dzQ46hq0uscPco_Q,brooklyn-center-minnesota
https://www.ubereats.com/minneapolis/food-delivery/el-toro/d_Uu3FndT1mouU1gxmWSMw,brooklyn-center-minnesota
https://www.ubereats.com/minneapolis/food-delivery/wing-squad-maple-grove/RKjfd9TRRrCT81qUTaF0rQ,brooklyn-center-minnesota
https://www.ubereats.com/minneapolis/food-delivery/subway-2147-lowry-ave-n/2EO8DaX9SECMMPGhYrpkEw,brooklyn-center-minnesota
https://www.ubereats.com/minneapolis/food-delivery/mcdonalds-286-57th-avenue-ne/9BPClfIXQCKZcAnKkzIu9A,brooklyn-center-minnesota
https://www.ubereats.com/minneapolis/food-delivery/crisp-%26-green-maple-grove/YSLsprZtQyGZa4o1pqh7Iw,brooklyn-center-minnesota
https://www.ubereats.com/minneapolis/food-delivery/mcdonalds-11364-foley-blvd-nw/Nw4_mzY3SfmM2TI3L8HN2A,brooklyn-center-minnesota
https://www.ubereats.com/minneapolis/food-delivery/tasty-pizza-hangar-45/IuIGMsIGQ_iTX8SjE7g97w,brooklyn-center-minnesota
https://www.ubereats.com/minneapolis/food-delivery/wendys-5545-xerxes-avenue-n/KGvvjv2cQFe8xnh_q9c3mQ,brooklyn-center-minnesota
https://www.ubereats.com/minneapolis/food-delivery/chipotle-mexican-grill-2701-39th-ave-ne-ste-e128/F-yba_zETyinjtHEb67IIw,brooklyn-center-minnesota
https://www.ubereats.com/minneapolis/food-delivery/el-tequila-mexican-grill-%26-bar/9e0D985LR7WT8Eoi8Du4wQ,brooklyn-center-minnesota
https://www.ubereats.com/minneapolis/food-delivery/red-robin-399-1090-gramsie-rd/xBmRraTJQzia_WlRnng-HQ,brooklyn-center-minnesota
https://www.ubereats.com/minneapolis/food-delivery/la-casita-mexican-grill-%26-cantina-columbia-heights/A2vdAXsHQYaAEFDYkWHDEw,brooklyn-center-minnesota
https://www.ubereats.com/minneapolis/food-delivery/papa-murphys-205-57th-avenue-north-east/DNFQ6FUoQzib7zaJybqLVA,brooklyn-center-minnesota
https://www.ubereats.com/minneapolis/food-delivery/burger-king-8501-xylon-avenue-north/uXLCLZ7wRyuc-Vktuxttxg,brooklyn-center-minnesota
https://www.ubereats.com/minneapolis/food-delivery/pza-maple-grove/3UQuCshLQc2kH4yRUQqzmQ,brooklyn-center-minnesota
https://www.ubereats.com/minneapolis/food-delivery/perkins-restaurant-osseo/Xys67sUPT2CqSgEFfOVQqA,brooklyn-center-minnesota
https://www.ubereats.com/minneapolis/food-delivery/hyderabad-house/L-wcE10oRzmcyKLiSIUV0Q,brooklyn-center-minnesota
https://www.ubereats.com/minneapolis/food-delivery/potbelly-sandwich-shop-rand-tower-%7C-125/Q3CjM4FZQPqbxmfMAEMSDg,brooklyn-center-minnesota
https://www.ubereats.com/minneapolis/food-delivery/outback-steakhouse-8880-springbrook-drive/Y5P8bVLVSyq_jjZlVmX7Jg,brooklyn-center-minnesota
https://www.ubereats.com/minneapolis/food-delivery/mcdonalds-lyndale-%26-45th-ave/nUHjWzc2RA6ACG2EjLyIGA,brooklyn-center-minnesota
https://www.ubereats.com/minneapolis/food-delivery/leeann-chin-11219-aquila-drive-n/0FwgCVelSgmLqTyzcxf10g,brooklyn-center-minnesota
https://www.ubereats.com/minneapolis/food-delivery/andover-pub-and-grill/x-ILT15OROaSBKwESfFhuQ,brooklyn-center-minnesota
https://www.ubereats.com/minneapolis/food-delivery/mcdonalds-lake-%26-bottineau/UKYD1wScRb6Z8HSEoPTXsQ,brooklyn-center-minnesota
https://www.ubereats.com/minneapolis/food-delivery/leeann-chin-1021-red-fox-road/RGM3nJetT2SvcLyn95xZHg,brooklyn-center-minnesota
https://www.ubereats.com/minneapolis/food-delivery/taco-bell-4240-pheasant-ridge-dr-ne/8XqAXQLvRj6Gbx0c_okyfQ,brooklyn-center-minnesota
https://www.ubereats.com/minneapolis/food-delivery/taco-bell-291-highway-10-ne/vSYrJJtDTQOPeIVd3ajQXw,brooklyn-center-minnesota
https://www.ubereats.com/minneapolis/food-delivery/acapulco-mexican-restaurant-new-brighton-mn/dVsIkfD-SlOkk-SmMHi6Bw,brooklyn-center-minnesota
https://www.ubereats.com/minneapolis/food-delivery/red-lobster-12515-elm-creek-blvdn/V1_xDFSdSs2v9lJKu_9LDA,brooklyn-center-minnesota
https://www.ubereats.com/minneapolis/food-delivery/chipotle-mexican-grill-5608-w-broadway-ave/dvQaOyLlTWqdQrqSUksCNQ,brooklyn-center-minnesota
https://www.ubereats.com/minneapolis/food-delivery/sip-coffeebar/WHVL6yBqTvio6o-e4QLQJA,brooklyn-center-minnesota
https://www.ubereats.com/minneapolis/food-delivery/the-bird/LVBXmzMqRDu1P0t_-di5oQ,brooklyn-center-minnesota
https://www.ubereats.com/minneapolis/food-delivery/chipotle-mexican-grill-7750-main-st-n/Ab23RlS4QRGnw1farh_g3Q,brooklyn-center-minnesota
https://www.ubereats.com/minneapolis/food-delivery/olympic-cafe-923-w-broadway/0WHueZnMQ0aizsH96-ioVg,brooklyn-center-minnesota
https://www.ubereats.com/minneapolis/food-delivery/afandina-cafe/ksj4oNe3QrqBpICrIUkWQg,brooklyn-center-minnesota
https://www.ubereats.com/minneapolis/food-delivery/jersey-mikes-subs-5901-94th-ave-north/WcZVtFwET5eJzaCFL4HSng,brooklyn-center-minnesota
https://www.ubereats.com/minneapolis/food-delivery/munchies/IBuyGkuNRbCpRGyH905trA,brooklyn-center-minnesota
https://www.ubereats.com/minneapolis/food-delivery/starbucks-brooklyn-ctr-brooklyn-blvd-%26/bKTQLWcDQR2qDz-sTsCx7w,brooklyn-center-minnesota
https://www.ubereats.com/minneapolis/food-delivery/banana-blossom/G7HzqrlgQFW90wwUw7LvJA,brooklyn-center-minnesota
https://www.ubereats.com/minneapolis/food-delivery/caribou-coffee-1700-plymouth-road/0cVQ5yN6QC-STdl4bapLEg,brooklyn-center-minnesota
https://www.ubereats.com/minneapolis/food-delivery/sarnas-classic-grill/aj-9iwmqTauwJOHm0Ca-qQ,brooklyn-center-minnesota
https://www.ubereats.com/minneapolis/food-delivery/tahini-authentic-falafel-%26-shawarma/HaalZqKqTV6CorKBVuq05A,brooklyn-center-minnesota
https://www.ubereats.com/minneapolis/food-delivery/gramskys-sandwiches/DW0uKvrPTyewEg9cv_o96w,brooklyn-center-minnesota
https://www.ubereats.com/minneapolis/food-delivery/popeyes-6817-bass-lake-rd/nb-c5sfxROiagWxVVVbhiw,brooklyn-center-minnesota
https://www.ubereats.com/minneapolis/food-delivery/hibachi-grill-and-supreme-buffet/4GW4l_7GTDGPa7syuFImDg,brooklyn-center-minnesota
https://www.ubereats.com/minneapolis/food-delivery/dairy-queen-treat-8528-central-ave-ne/rIAba8uCS3O0obFWQCTHZQ,brooklyn-center-minnesota
https://www.ubereats.com/minneapolis/food-delivery/caribou-coffee-9420-36th-avenue-n/ADfT3NwISEOw3wsrg3OaQA,brooklyn-center-minnesota
https://www.ubereats.com/minneapolis/food-delivery/sawatdee-thai-minneapolis/lQ8wE1MpSoWqLz7aepk2sQ,brooklyn-center-minnesota
https://www.ubereats.com/minneapolis/food-delivery/smashburger-13111-riverdale-dr-nw/qzArbny3SSe3r0-YflljnQ,brooklyn-center-minnesota
https://www.ubereats.com/minneapolis/food-delivery/dairy-queen-grill-%26-chill-3595-river-rapids-dr-nw/S29wRWeGT1OxUpTG6kogvQ,brooklyn-center-minnesota
https://www.ubereats.com/minneapolis/food-delivery/honey-and-mackies/aFGO92U2Tm-scd0QP53RZA,brooklyn-center-minnesota
https://www.ubereats.com/minneapolis/food-delivery/lenerds-bar-%26-grill/IB5E7Qz5TJWzLGANdK-0AQ,brooklyn-center-minnesota
https://www.ubereats.com/minneapolis/food-delivery/noodles-%26-company-3833-lexington-ave-n-ste-109/SZkovTEZTPKNF8t8kJfhJw,brooklyn-center-minnesota
https://www.ubereats.com/minneapolis/food-delivery/dunkin-9595-zachary-lane-n/GvfdFn6uR8GThCAekIKBMQ,brooklyn-center-minnesota
https://www.ubereats.com/minneapolis/food-delivery/taco-bell-7295-university-ave-ne/TdcZiGE7RJq2xjQkYfzljg,brooklyn-center-minnesota
https://www.ubereats.com/minneapolis/food-delivery/noodles-%26-company-10340-baltimore-st-ste-180/8M2MLNKSSzCZXjSXiqsyiA,brooklyn-center-minnesota
https://www.ubereats.com/minneapolis/food-delivery/calis-vietnamese/UgK7RuMBQJSMU2QRzYuV0g,brooklyn-center-minnesota
https://www.ubereats.com/minneapolis/food-delivery/pho-400/So7hh2k-RL6hplvf_yVQOA,brooklyn-center-minnesota
https://www.ubereats.com/minneapolis/food-delivery/hook-fish-and-chicken/pK1mglodRTqe5dAzR6fq8A,brooklyn-center-minnesota
https://www.ubereats.com/minneapolis/food-delivery/buca-di-beppo-maple-grove/kG4V7vCHT56Cj8ufewqydw,brooklyn-center-minnesota
https://www.ubereats.com/minneapolis/food-delivery/perkins-restaurant-crystal-w-broadway/8iDMOA4lTqC18rfBOZsj8g,brooklyn-center-minnesota
https://www.ubereats.com/minneapolis/food-delivery/papa-johns-3500-vicksburg-lane-suite-300/2uY0XLgVT1qOTlWi4uMjpA,brooklyn-center-minnesota
https://www.ubereats.com/minneapolis/food-delivery/starbucks-central-and-53rd-fridley/-FWFjtNNSNqf3dnTVVztaw,brooklyn-center-minnesota
https://www.ubereats.com/minneapolis/food-delivery/pancheros-mexican-grill-7746-olson-memorial-hwy/UNMynt_rTBudR835nrQSkQ,brooklyn-center-minnesota
https://www.ubereats.com/minneapolis/food-delivery/ny-gyro-central-%26-46th-ave/vyT9se15Tpil9FVmW8evVQ,brooklyn-center-minnesota
https://www.ubereats.com/minneapolis/food-delivery/el-azteca/l_JYFehLT1OyULLig97H2A,brooklyn-center-minnesota
https://www.ubereats.com/minneapolis/food-delivery/burgers-%26-sandwiches-by-famous-daves-2131-snelling-avenue/RcjrUT9PR626FjMXmZazzw,brooklyn-center-minnesota
https://www.ubereats.com/minneapolis/food-delivery/parkway-pizza/zfbPsSJnRbWFg38sYwr_qg,brooklyn-center-minnesota
https://www.ubereats.com/minneapolis/food-delivery/mcdonalds-broadway-%26-brooklyn/3FD_W_tjTfm6RAw1VFaG1w,brooklyn-center-minnesota
https://www.ubereats.com/minneapolis/food-delivery/cafe-zupas-12415-wayzata-blvd-suite-14/R1byxjC3SriRYg1ZU6gIkg,brooklyn-center-minnesota
https://www.ubereats.com/minneapolis/food-delivery/wendys-9850-rockford-road/hGQluFfzSf2c4wyBxYWxmg,brooklyn-center-minnesota
https://www.ubereats.com/minneapolis/food-delivery/wendys-5050-central-avenue-ne/Ya91FqCXSSWmAtsSHNbWtg,brooklyn-center-minnesota
https://www.ubereats.com/minneapolis/food-delivery/cold-stone-creamery-10400-baltimore-st-ne/i_MN3hx0RfCGTO1fdnmqEQ,brooklyn-center-minnesota
https://www.ubereats.com/minneapolis/food-delivery/bakers-square-221-county-rd-10/v-t2K-1ZTeugbDny393UIA,brooklyn-center-minnesota
https://www.ubereats.com/minneapolis/food-delivery/jorden-grocery-halal-meat-%26deli/kacAwf98T26R20tHxKV-tQ,brooklyn-center-minnesota
https://www.ubereats.com/minneapolis/food-delivery/arbys-8016-brooklyn-blvd/-GLSbPNHRturH35hvOkIIQ,brooklyn-center-minnesota
https://www.ubereats.com/minneapolis/food-delivery/subway-5711-xerxes-ave-n/uyN97RlSSIC0e1AhvqodZg,brooklyn-center-minnesota
https://www.ubereats.com/minneapolis/food-delivery/buffalo-wild-wings-3505-vicksburg-ln-n/5j8AIK9vTAOi7ZpYmH4Lgg,brooklyn-center-minnesota
https://www.ubereats.com/minneapolis/food-delivery/midnord-empanadas/2rFe67ZsRz2GuEVQqrQFtA,brooklyn-center-minnesota
https://www.ubereats.com/minneapolis/food-delivery/kyoto-sushi-maple-grove/IaP_Xb1HS-e2T9ya_rzlWQ,brooklyn-center-minnesota
https://www.ubereats.com/minneapolis/food-delivery/leeann-chin-2603-39th-ave-ne/9s--szMqTEWGJQBUGCqiOA,brooklyn-center-minnesota
https://www.ubereats.com/minneapolis/food-delivery/chipotle-mexican-grill-2170-northdale-blvd-nw/L3i-7B_jQiq6LOIXzgBnpA,brooklyn-center-minnesota
https://www.ubereats.com/minneapolis/food-delivery/flamin-thai/TJW4N3F7RtOp20_5HeqEcg,brooklyn-center-minnesota
https://www.ubereats.com/minneapolis/food-delivery/qdoba-mexican-eats-4345-nathan-ln-n/DnoBGxupQ7C4teYnPBknmg,brooklyn-center-minnesota
https://www.ubereats.com/minneapolis/food-delivery/leeann-chin-7767-main-street-north/jYpi--jtQmOTXsiKGx14Kw,brooklyn-center-minnesota
https://www.ubereats.com/minneapolis/food-delivery/african-deli/ohH4Py-YQ6-YaUwASx9n5g,brooklyn-center-minnesota
https://www.ubereats.com/minneapolis/food-delivery/papa-murphys-5101-36th-avenue-north/YfOE4Vn7Rq-bQ_pFkUGDPQ,brooklyn-center-minnesota
https://www.ubereats.com/minneapolis/food-delivery/la-colonia-restaurant/uqLYz_4IQ6Os9QcNrb3ubQ,brooklyn-center-minnesota
https://www.ubereats.com/minneapolis/food-delivery/crisp-%26-green-n-loop/eSplON0oQOqCJBvTsvd8oA,brooklyn-center-minnesota
https://www.ubereats.com/minneapolis/food-delivery/chipotle-mexican-grill-11209-aquila-dr-n/M7Hbh8ZXQreXlh9OzBxDaA,brooklyn-center-minnesota
https://www.ubereats.com/minneapolis/food-delivery/the-original-pancake-house-1415-county-road-101-n/wA3NiYiKSEiQjI-rn6tLjQ,brooklyn-center-minnesota
https://www.ubereats.com/minneapolis/food-delivery/arbys-3385-124th-ave-nw/7ewIsZRyRD62OjSpMtQheA,brooklyn-center-minnesota
https://www.ubereats.com/minneapolis/food-delivery/papa-murphys-9511-blackoaks-lane-n/N735hrrtQye-CMKCYg7KXw,brooklyn-center-minnesota
https://www.ubereats.com/minneapolis/food-delivery/benihana-11840-fountains-way-n/fgnOLrlTTvaYIIp7jbqumg,brooklyn-center-minnesota
https://www.ubereats.com/minneapolis/food-delivery/noodles-%26-company-3479-river-rapids-dr/asA6ZXNTR8GKk9W_dW1-bg,brooklyn-center-minnesota
https://www.ubereats.com/minneapolis/food-delivery/pancheros-mexican-grill-3845-lexington-ave-north/eGozcJXgQI2ZGXEs-dUo6Q,brooklyn-center-minnesota
https://www.ubereats.com/minneapolis/food-delivery/papa-murphys-11351-aquila-drive-north/SxzRTJ5NTymE0IkDsoNEhA,brooklyn-center-minnesota
https://www.ubereats.com/minneapolis/food-delivery/chipotle-mexican-grill-5200-central-ave-ne/nqhuRIQVS4K66eStsgdEcA,brooklyn-center-minnesota
https://www.ubereats.com/minneapolis/food-delivery/caribou-coffee-10400-baltimore-street-suite-b-124/ZIYKuag6SKC4l0wKbP1OUg,brooklyn-center-minnesota
https://www.ubereats.com/minneapolis/food-delivery/mcdonalds-9000-85th-ave-north/YcabUjltRE6M3NwoGYm0uQ,brooklyn-center-minnesota
https://www.ubereats.com/minneapolis/food-delivery/white-castle-7741-zane-ave/IeGwj93cSk6gXsLkb_8Diw,brooklyn-center-minnesota
