url,city
https://www.ubereats.com/cleveland/food-delivery/mootown-vegan-creamery/9y5mVJopTFCeDdomVrsUTw,brunswick-ohio
https://www.ubereats.com/akron/food-delivery/five-guys-oh-1875-4184-pearl-rd/RiOOjEz9SW-TpCvQMcBDwg,brunswick-ohio
https://www.ubereats.com/cleveland/food-delivery/jennifers-restaurant/HWKFDSO_SxO86GOWzOxc5g,brunswick-ohio
https://www.ubereats.com/cleveland/food-delivery/quaker-steak-%26-lube-4094-pearl-rd/0YmY7RyoQ8iGoSKhMq_4mQ,brunswick-ohio
https://www.ubereats.com/cleveland/food-delivery/starbucks-medina-shopping-center/ftcBbi-zQXuwOdEfjVMb8w,brunswick-ohio
https://www.ubereats.com/cleveland/food-delivery/pza-strongsville/on3YGlUSS8eX1mMvJEwacQ,brunswick-ohio
https://www.ubereats.com/cleveland/food-delivery/burgerim-17100-royalton-road/nCpNdzmzRiGde9iff1QMCw,brunswick-ohio
https://www.ubereats.com/cleveland/food-delivery/gourme-family-restaurant/vIzM8RIfQ7iZXcl4n7GRIw,brunswick-ohio
https://www.ubereats.com/akron/food-delivery/daves-cosmic-subs-medina/RXM1GKUER8S9DQbk8RY6jA,brunswick-ohio
https://www.ubereats.com/cleveland/food-delivery/honey-hut-ice-cream-brunswick/jRve0MvTSyeGBzZIUlCvig,brunswick-ohio
https://www.ubereats.com/cleveland/food-delivery/ocharleys-strongsville/2J5VSnlNQt-590SjxhViug,brunswick-ohio
https://www.ubereats.com/akron/food-delivery/flemings-prime-steakhouse-%26-wine-bar-akron/5Cev0KDVSTu-9YNUQa9OYA,brunswick-ohio
https://www.ubereats.com/cleveland/food-delivery/yours-truly-restaurant-medina/Q4i8UIrST8mN9626gu5gNQ,brunswick-ohio
https://www.ubereats.com/akron/food-delivery/mrhero-%26-pearl-beverage-and-deli/ePgd92jQQe6u8DXVA5Ajdw,brunswick-ohio
https://www.ubereats.com/cleveland/food-delivery/shinto-japanese-steakhouse-%26-sushi-bar/8NggoGrDSu2piNQkogJ_pw,brunswick-ohio
https://www.ubereats.com/cleveland/food-delivery/five-guys-oh-1817-15171-pearl-rd/QaUu0VqwQgidaBXO1gKY0g,brunswick-ohio
https://www.ubereats.com/cleveland/food-delivery/subway-1319-n-carpenter-rd-ste-15/FJIICPtSQ8qoMdh7xXBmJA,brunswick-ohio
https://www.ubereats.com/cleveland/food-delivery/the-original-steaks-and-hoagies-medina/yyyYe_Z9SPWpFWSdCO8HyQ,brunswick-ohio
https://www.ubereats.com/cleveland/food-delivery/macaroni-grill-montrose-springside-%26-medina/YI_BwdODS829q3JLu11BRQ,brunswick-ohio
https://www.ubereats.com/akron/food-delivery/mobil-cafe/g3EVdxzkT4KK_MBu-6Y-7Q,brunswick-ohio
https://www.ubereats.com/cleveland/food-delivery/ritos-italian-bakery-%26-deli/mBxCuDi6SZum0N-16xBy1A,brunswick-ohio
https://www.ubereats.com/cleveland/food-delivery/dons-pomeroy-house/fsnrQhYISmu7Gpb0notn1w,brunswick-ohio
https://www.ubereats.com/cleveland/food-delivery/zoup!-18086-royalton-road/xFxdaQ6QTG-BnSh3FsLnBg,brunswick-ohio
https://www.ubereats.com/cleveland/food-delivery/applebees-4115-pearl-road-%2391014/GdGerqKHSqqZYtAI161ijA,brunswick-ohio
https://www.ubereats.com/cleveland/food-delivery/rock-creek-kitchen-%26-bar/RvqePQ8FSEqeVjpnunVj8Q,brunswick-ohio
https://www.ubereats.com/cleveland/food-delivery/corkscrew-saloon/yYxW0ecnQY6czbFu_5qIeg,brunswick-ohio
https://www.ubereats.com/cleveland/food-delivery/fired-up-taco-shop/XCcYCDvIRia5dXez1xTBAg,brunswick-ohio
https://www.ubereats.com/akron/food-delivery/subway-5321-cetner-rd/p3fMUoZ5RB2UYV06dkGhyA,brunswick-ohio
https://www.ubereats.com/akron/food-delivery/dons-pomeroy-house/fsnrQhYISmu7Gpb0notn1w,brunswick-ohio
https://www.ubereats.com/cleveland/food-delivery/burger-king-14-pearl-road/lfMnh8GVQW2mRzPBq2jVYQ,brunswick-ohio
https://www.ubereats.com/akron/food-delivery/famous-gyro-george-brunswick/NmWXVkMvRmeN4cKvj_24Aw,brunswick-ohio
https://www.ubereats.com/cleveland/food-delivery/dairy-queen-grill-%26-chill-12152-pearl-rd/himQFMCBQUGnZKHFPykYqA,brunswick-ohio
https://www.ubereats.com/cleveland/food-delivery/tres-potrillos-medina/Au0_NPOtTp6GMl0MhoRMDA,brunswick-ohio
https://www.ubereats.com/akron/food-delivery/arbys-3521-center-rd/1x7VBLHbSGewGLS-ar_RRA,brunswick-ohio
https://www.ubereats.com/akron/food-delivery/bistro-on-130/4AgQweLYSNuIoJb1ZPNdFg,brunswick-ohio
https://www.ubereats.com/cleveland/food-delivery/chipotle-mexican-grill-3362-center-rd-ste-e20/FwgDiWHlRxOCn_IklnV_Iw,brunswick-ohio
https://www.ubereats.com/cleveland/food-delivery/arbys-1022-n-court-st/I6KQjIOMSoqGnwiWpqJgsg,brunswick-ohio
https://www.ubereats.com/cleveland/food-delivery/subway-55-pearl-rd-unit-57/-fIF2C3iTduDyX_0QPR9dg,brunswick-ohio
https://www.ubereats.com/cleveland/food-delivery/macaroni-grill-strongsville/_ysojkaSS6W0P_um33fTEQ,brunswick-ohio
https://www.ubereats.com/cleveland/food-delivery/subway-1799-pearl-rd/srpZoSe1Qn-hhZjUp_h_9w,brunswick-ohio
https://www.ubereats.com/cleveland/food-delivery/taco-bell-1061-north-court-street/bSMhjqsPRi22KXlObQrnsw,brunswick-ohio
https://www.ubereats.com/akron/food-delivery/charleys-philly-steaks-1-southpark-center/RWsaVn1_Ty-H_wCgZOZPgA,brunswick-ohio
https://www.ubereats.com/cleveland/food-delivery/jaipur-junction/337PGG1YQ9mgLa6Gx1Gi7A,brunswick-ohio
https://www.ubereats.com/cleveland/food-delivery/annapurna-indian-vegetarian-food/5kUtDtnUQHmWMSu-rNPDvA,brunswick-ohio
https://www.ubereats.com/cleveland/food-delivery/kfc-5525-royalton-road/hnnPehSoRzK8zpNdS2iT2w,brunswick-ohio
https://www.ubereats.com/cleveland/food-delivery/taco-bell-3296-medina-rd/i4S3csaISdyuXJG1h_I6PQ,brunswick-ohio
https://www.ubereats.com/akron/food-delivery/johnny-js-pub-%26-grille/_XjxHFeXSMmmFTxkh2L7aQ,brunswick-ohio
https://www.ubereats.com/akron/food-delivery/tommys-pizza-%26-chicken/PH0-ojaPRNCx-pDDCH8pOQ,brunswick-ohio
https://www.ubereats.com/akron/food-delivery/old-carolina-barbecue-company-strongsville/5n3LotouQeCYknTTat2_Bg,brunswick-ohio
https://www.ubereats.com/cleveland/food-delivery/romeos-pizza-strongsville/N1DCGpweTSCV5XvAKXDcKw,brunswick-ohio
https://www.ubereats.com/cleveland/food-delivery/subway-14364-pearl-rd/HQYvOUb5SHaRKIjLnhKvUQ,brunswick-ohio
https://www.ubereats.com/cleveland/food-delivery/dindigul-dhaba/WLjkcPpxSS6uuaDmJC_JLg,brunswick-ohio
https://www.ubereats.com/cleveland/food-delivery/krispy-kreme-pearl-rd-%26-smith-rd/WHshI9QHRcWsLKuU1nQZVA,brunswick-ohio
https://www.ubereats.com/akron/food-delivery/buffalo-wild-wings-5050-eastpointe-dr/oIetmuNwR46o6k98w24XvQ,brunswick-ohio
https://www.ubereats.com/akron/food-delivery/buffalo-wild-wings-8465-pearl-rd/c0Lr2Me5TEOd1QaHyCWYHA,brunswick-ohio
https://www.ubereats.com/cleveland/food-delivery/moms-deli-%26-grille/dEZUddlxSim8jY9xFQJ96Q,brunswick-ohio
https://www.ubereats.com/akron/food-delivery/corkscrew-saloon/yYxW0ecnQY6czbFu_5qIeg,brunswick-ohio
https://www.ubereats.com/akron/food-delivery/macaroni-grill-montrose-springside-%26-medina/YI_BwdODS829q3JLu11BRQ,brunswick-ohio
https://www.ubereats.com/akron/food-delivery/red-lobster-3901-medina-road/YhHkVn02QdKY5xIdWUj8TQ,brunswick-ohio
https://www.ubereats.com/cleveland/food-delivery/honeybaked-ham-14136-pearl-rd/-1scbjLoRlG71hXG3oQEnw,brunswick-ohio
https://www.ubereats.com/cleveland/food-delivery/dickeys-bbq-pit-960-north-court-street/7tNbnXHAQzi9uvosyljsXw,brunswick-ohio
https://www.ubereats.com/akron/food-delivery/outback-steakhouse-17602-royalton-road/1gvC0XHSSNCBB_2azQLyJw,brunswick-ohio
https://www.ubereats.com/cleveland/food-delivery/amici-restaurant-%26-bar/emXIMKL6Rb6-XlHI-ICogg,brunswick-ohio
https://www.ubereats.com/cleveland/food-delivery/outback-steakhouse-17602-royalton-road/1gvC0XHSSNCBB_2azQLyJw,brunswick-ohio
https://www.ubereats.com/cleveland/food-delivery/daves-cosmic-subs-medina/RXM1GKUER8S9DQbk8RY6jA,brunswick-ohio
https://www.ubereats.com/cleveland/food-delivery/my-pizzetta/kRCJMiixQ4uFtNKp8fJjMQ,brunswick-ohio
https://www.ubereats.com/cleveland/food-delivery/marcos-pizza-1142-pearl-rd/P-sQHbPXRL-8sEVleOinGg,brunswick-ohio
https://www.ubereats.com/cleveland/food-delivery/bob-evans-203-3049-medina-road/-wOggdwfRp660CxaXMp5qg,brunswick-ohio
https://www.ubereats.com/cleveland/food-delivery/dragon/z1NWgaIWSlij87RbTvk0hQ,brunswick-ohio
https://www.ubereats.com/cleveland/food-delivery/pulp-juice-and-smoothie-bar/vnduG-_tR9KabWXs0x8cag,brunswick-ohio
https://www.ubereats.com/cleveland/food-delivery/kartels-restaurant-%26-party-center/nEE-tUnxRJizqGHnjh7XAQ,brunswick-ohio
https://www.ubereats.com/cleveland/food-delivery/jersey-mikes-subs-3362-center-rd/D1dAbdRZS1uN_3kaX1KOdQ,brunswick-ohio
https://www.ubereats.com/akron/food-delivery/mr-hero-strongsville/3s_FaxtHTxSqbUPyFVTcXQ,brunswick-ohio
https://www.ubereats.com/cleveland/food-delivery/taco-bell-1794-pearl-rd/_QKx-0NGReaG-lubMUgHbA,brunswick-ohio
https://www.ubereats.com/cleveland/food-delivery/kfc-3280-center-road/DWgpjPnGQ0WK5JNfXeJJYQ,brunswick-ohio
https://www.ubereats.com/cleveland/food-delivery/deli-4-less-convenient/-yL9lGkrQlKi5g0Di-SVDw,brunswick-ohio
https://www.ubereats.com/cleveland/food-delivery/emilios-pizza/At2UaVttTr2lEkMaWco8FQ,brunswick-ohio
https://www.ubereats.com/cleveland/food-delivery/mcdonalds-14615-pearl-rd/Dj0fmv0PR8O_Ou0vcMkkTQ,brunswick-ohio
https://www.ubereats.com/akron/food-delivery/mr-hero-medina/04dMg7HJR3qfUEwrQbCp0A,brunswick-ohio
https://www.ubereats.com/cleveland/food-delivery/asia-garden/YkcxthFATRKp6zpwam956Q,brunswick-ohio
https://www.ubereats.com/akron/food-delivery/outback-steakhouse-110-montrose-west-avenue/jNKOpPXTSay-ine2QwHWEw,brunswick-ohio
https://www.ubereats.com/cleveland/food-delivery/chipotle-mexican-grill-3070-medina-rd/xl7Qa6nCTAGvR9JV0DbZ7Q,brunswick-ohio
https://www.ubereats.com/cleveland/food-delivery/buca-di-beppo-strongsville-southpark-center/TAln30IkTjC_lugVheb_hA,brunswick-ohio
https://www.ubereats.com/cleveland/food-delivery/applebees-1421-town-center-blvd-%2398074/8m4ZhKykRtmQaHaPfm9kkQ,brunswick-ohio
https://www.ubereats.com/akron/food-delivery/jennifers-restaurant/HWKFDSO_SxO86GOWzOxc5g,brunswick-ohio
https://www.ubereats.com/akron/food-delivery/fired-up-taco-shop/XCcYCDvIRia5dXez1xTBAg,brunswick-ohio
https://www.ubereats.com/akron/food-delivery/zoup!-18086-royalton-road/xFxdaQ6QTG-BnSh3FsLnBg,brunswick-ohio
https://www.ubereats.com/akron/food-delivery/papa-johns-16494-pearl-rd/JX7zDIxSSeG9EOrjgAl6HQ,brunswick-ohio
https://www.ubereats.com/cleveland/food-delivery/taco-bell-3250-center-rd/x97UCrmaTuKqt2E8X5kYxA,brunswick-ohio
https://www.ubereats.com/cleveland/food-delivery/pjs-legendary-hot-chicken/tDRmKnDlTQuzsvCwQUQSIA,brunswick-ohio
https://www.ubereats.com/cleveland/food-delivery/red-lobster-17227-southpark-center/nRFqmFbqRcqZAmqqQ8SAJA,brunswick-ohio
https://www.ubereats.com/akron/food-delivery/mr-hero-1737-pearl-rd/3GGO_tYhTiCvNYyZdu01eA,brunswick-ohio
https://www.ubereats.com/cleveland/food-delivery/mcdonalds-1733-pearl-rd/eue5z9CHRX2ht7qhlh3M5w,brunswick-ohio
https://www.ubereats.com/cleveland/food-delivery/red-lobster-3901-medina-road/YhHkVn02QdKY5xIdWUj8TQ,brunswick-ohio
https://www.ubereats.com/cleveland/food-delivery/giovannis-pizzeria/cjVA3oFrRmKLUTSqV3DshA,brunswick-ohio
https://www.ubereats.com/akron/food-delivery/giovannis-pizzeria/cjVA3oFrRmKLUTSqV3DshA,brunswick-ohio
https://www.ubereats.com/cleveland/food-delivery/wing-squad-strongsville/totrrPQUR-2ZDRFe6nq1eA,brunswick-ohio
https://www.ubereats.com/akron/food-delivery/subway-1799-pearl-rd/srpZoSe1Qn-hhZjUp_h_9w,brunswick-ohio
https://www.ubereats.com/akron/food-delivery/rock-creek-kitchen-%26-bar/RvqePQ8FSEqeVjpnunVj8Q,brunswick-ohio
https://www.ubereats.com/cleveland/food-delivery/dindigul-dosa-corner/1kB7kGwfQBSEe4iave33EA,brunswick-ohio
https://www.ubereats.com/cleveland/food-delivery/farris-drive-thru/Fc7kEYr0TW2pJeBX0ON6TQ,brunswick-ohio
https://www.ubereats.com/cleveland/food-delivery/papa-johns-6701-royalton-road/vLqeYwUfR0CGHZ4cFwvoqQ,brunswick-ohio
https://www.ubereats.com/cleveland/food-delivery/panera-204647/9Bqs_aVlT1eJPz45PNA2NA,brunswick-ohio
https://www.ubereats.com/cleveland/food-delivery/sakura-sushi-house/So9U5dfiRyGpr-qIv9uimg,brunswick-ohio
https://www.ubereats.com/akron/food-delivery/subway-55-pearl-rd-unit-57/-fIF2C3iTduDyX_0QPR9dg,brunswick-ohio
https://www.ubereats.com/cleveland/food-delivery/steak-n-shake-4000-medina-road/e-6eZ0dqQr6MhehjagZwBw,brunswick-ohio
https://www.ubereats.com/cleveland/food-delivery/fired-up-taco-truck/r3q9hWhMTBWJ_byBSzZdpQ,brunswick-ohio
https://www.ubereats.com/cleveland/food-delivery/little-caesars-3841-center-rd/tyjIkxznS32xuq0uBJoovw,brunswick-ohio
https://www.ubereats.com/cleveland/food-delivery/buffalo-wild-wings-8465-pearl-rd/c0Lr2Me5TEOd1QaHyCWYHA,brunswick-ohio
https://www.ubereats.com/cleveland/food-delivery/johnny-js-pub-%26-grille/_XjxHFeXSMmmFTxkh2L7aQ,brunswick-ohio
https://www.ubereats.com/akron/food-delivery/applebees-1421-town-center-blvd-%2398074/8m4ZhKykRtmQaHaPfm9kkQ,brunswick-ohio
https://www.ubereats.com/akron/food-delivery/pita-pit-strongsville/pEXmF_gzQdGBYtKg3bXXfA,brunswick-ohio
https://www.ubereats.com/akron/food-delivery/fired-up-taco-truck/r3q9hWhMTBWJ_byBSzZdpQ,brunswick-ohio
https://www.ubereats.com/cleveland/food-delivery/dairy-queen-grill-%26-chill-133-northland-dr/Bcoyfi5bRWuqzYnb5lCkXA,brunswick-ohio
https://www.ubereats.com/cleveland/food-delivery/brew-garden/Ljq9QuJgRHeHJwwMO9ssqA,brunswick-ohio
https://www.ubereats.com/cleveland/food-delivery/tgi-fridays-1547-strongsville-oh/q2H7otfhRwuNh3BHMW_-CQ,brunswick-ohio
https://www.ubereats.com/akron/food-delivery/burgerim-17100-royalton-road/nCpNdzmzRiGde9iff1QMCw,brunswick-ohio
https://www.ubereats.com/cleveland/food-delivery/burger-king-3276-center-road/5BzHBNqlTYWuyE4I0bIBgA,brunswick-ohio
https://www.ubereats.com/cleveland/food-delivery/dairy-queen-grill-%26-chill-1418-pearl-rd/L8RpsiY6R4Wpo_KFwkNj4Q,brunswick-ohio
https://www.ubereats.com/akron/food-delivery/panera-204647/9Bqs_aVlT1eJPz45PNA2NA,brunswick-ohio
https://www.ubereats.com/cleveland/food-delivery/taco-bell-6447-north-royalton-rd/xg2H9q_5T7eUMlZePKM0ug,brunswick-ohio
https://www.ubereats.com/cleveland/food-delivery/crown-of-india/-oWUdYbdQYGTOTc8JGfBBA,brunswick-ohio
https://www.ubereats.com/cleveland/food-delivery/outback-steakhouse-110-montrose-west-avenue/jNKOpPXTSay-ine2QwHWEw,brunswick-ohio
https://www.ubereats.com/cleveland/food-delivery/papa-johns-4260-center-road/jCzcibRITzOrwfdksi7IIQ,brunswick-ohio
https://www.ubereats.com/akron/food-delivery/red-lobster-17227-southpark-center/nRFqmFbqRcqZAmqqQ8SAJA,brunswick-ohio
https://www.ubereats.com/cleveland/food-delivery/melt-bar-%26-grilled-medina-%26-cleveland-massillon/ovpwmX12RV-SPHMyeS0ZLw,brunswick-ohio
https://www.ubereats.com/cleveland/food-delivery/bob-evans-382-4904-grande-boulevard/QvQMdq_ERduYNxo1jg89ng,brunswick-ohio
https://www.ubereats.com/akron/food-delivery/macaroni-grill-strongsville/_ysojkaSS6W0P_um33fTEQ,brunswick-ohio
https://www.ubereats.com/cleveland/food-delivery/buffalo-wild-wings-5050-eastpointe-dr/oIetmuNwR46o6k98w24XvQ,brunswick-ohio
https://www.ubereats.com/akron/food-delivery/the-original-steaks-and-hoagies-medina/yyyYe_Z9SPWpFWSdCO8HyQ,brunswick-ohio
https://www.ubereats.com/akron/food-delivery/tres-potrillos-akron/NaTDVC3QSHiQPVrexXI0Pg,brunswick-ohio
https://www.ubereats.com/cleveland/food-delivery/tommys-pizza-%26-chicken/PH0-ojaPRNCx-pDDCH8pOQ,brunswick-ohio
https://www.ubereats.com/akron/food-delivery/jaipur-junction/337PGG1YQ9mgLa6Gx1Gi7A,brunswick-ohio
https://www.ubereats.com/akron/food-delivery/yours-truly-restaurant-medina/Q4i8UIrST8mN9626gu5gNQ,brunswick-ohio
https://www.ubereats.com/cleveland/food-delivery/charleys-philly-steaks-1-southpark-center/RWsaVn1_Ty-H_wCgZOZPgA,brunswick-ohio
https://www.ubereats.com/cleveland/food-delivery/sbarro-768-southpark-center-sp%23fc768/hW8UrY3SSQuk69WWErsPoA,brunswick-ohio
https://www.ubereats.com/cleveland/food-delivery/dindigul-tandoori-kitchen/pGOYFJXQS5yDmMK6mhfEJA,brunswick-ohio
https://www.ubereats.com/cleveland/food-delivery/pizzafire-center-%26-old-eagle/a9oCi26aRQyb8xroYbFYzg,brunswick-ohio
https://www.ubereats.com/akron/food-delivery/dennys-3105-medina-road/Uoq9aMOJRhe4tKOZe_bSog,brunswick-ohio
https://www.ubereats.com/akron/food-delivery/dickeys-bbq-pit-960-north-court-street/7tNbnXHAQzi9uvosyljsXw,brunswick-ohio
https://www.ubereats.com/cleveland/food-delivery/arbys-15112-pearl-rd/xRVlSxoWTfOpxCo0gKD9OA,brunswick-ohio
https://www.ubereats.com/cleveland/food-delivery/bibibop-asian-grill-15191-pearl-road/7AoBL1f4Q3KIJ9V9HOdL7Q,brunswick-ohio
https://www.ubereats.com/cleveland/food-delivery/the-local-bar/Rnw7D5LRQzy6FJxvidU_fg,brunswick-ohio
https://www.ubereats.com/cleveland/food-delivery/wendys-14944-pearl-rd/5RlWp2A0QZGehdctDw1EuQ,brunswick-ohio
https://www.ubereats.com/akron/food-delivery/firehouse-subs-17250-royalton/ZeIvBnzvS36wHG-Ed6GxVA,brunswick-ohio
https://www.ubereats.com/cleveland/food-delivery/five-guys-oh-1875-4184-pearl-rd/RiOOjEz9SW-TpCvQMcBDwg,brunswick-ohio
https://www.ubereats.com/cleveland/food-delivery/arbys-3521-center-rd/1x7VBLHbSGewGLS-ar_RRA,brunswick-ohio
https://www.ubereats.com/akron/food-delivery/amici-restaurant-%26-bar/emXIMKL6Rb6-XlHI-ICogg,brunswick-ohio
https://www.ubereats.com/akron/food-delivery/five-guys-oh-1817-15171-pearl-rd/QaUu0VqwQgidaBXO1gKY0g,brunswick-ohio
https://www.ubereats.com/cleveland/food-delivery/biancas-italian-restaurant/4BKMA6qBQhqe5j4OnNSLKg,brunswick-ohio
https://www.ubereats.com/cleveland/food-delivery/romeos-pizza-brunswick/oUvzxj6KR16Qu7HeBapVWQ,brunswick-ohio
https://www.ubereats.com/akron/food-delivery/ocharleys-strongsville/2J5VSnlNQt-590SjxhViug,brunswick-ohio
https://www.ubereats.com/cleveland/food-delivery/the-rail-strongsville/N7jTLYvjQyaxD_pWokFVPQ,brunswick-ohio
https://www.ubereats.com/cleveland/food-delivery/mrhero-%26-pearl-beverage-and-deli/ePgd92jQQe6u8DXVA5Ajdw,brunswick-ohio
https://www.ubereats.com/akron/food-delivery/subway-14364-pearl-rd/HQYvOUb5SHaRKIjLnhKvUQ,brunswick-ohio
https://www.ubereats.com/akron/food-delivery/the-rail-strongsville/N7jTLYvjQyaxD_pWokFVPQ,brunswick-ohio
https://www.ubereats.com/cleveland/food-delivery/papa-johns-16494-pearl-rd/JX7zDIxSSeG9EOrjgAl6HQ,brunswick-ohio
https://www.ubereats.com/cleveland/food-delivery/olympia-sweet-treats-%26-grill/mNuQix8ATiGh1n-8S2DBlQ,brunswick-ohio
https://www.ubereats.com/cleveland/food-delivery/sultan-food-and-deli/_BvN_8rjR_m-XH5Ox9jdVA,brunswick-ohio
https://www.ubereats.com/cleveland/food-delivery/dairy-queen-grill-%26-chill-65-montrose-west-ave/MI9yaTi7Ra6sH0D4NNH9ag,brunswick-ohio
https://www.ubereats.com/akron/food-delivery/deli-4-less-convenient/-yL9lGkrQlKi5g0Di-SVDw,brunswick-ohio
https://www.ubereats.com/cleveland/food-delivery/cracker-barrel-old-country-store-76-rothrock-loop/irCl4xc9Q9aWhDIo7h3kQA,brunswick-ohio
https://www.ubereats.com/cleveland/food-delivery/mr-hero-strongsville/3s_FaxtHTxSqbUPyFVTcXQ,brunswick-ohio
https://www.ubereats.com/cleveland/food-delivery/bistro-on-130/4AgQweLYSNuIoJb1ZPNdFg,brunswick-ohio
https://www.ubereats.com/akron/food-delivery/arbys-1022-n-court-st/I6KQjIOMSoqGnwiWpqJgsg,brunswick-ohio
https://www.ubereats.com/akron/food-delivery/cracker-barrel-old-country-store-76-rothrock-loop/irCl4xc9Q9aWhDIo7h3kQA,brunswick-ohio
https://www.ubereats.com/cleveland/food-delivery/si-senor-mexican-restaurant/ZI_FsBDQSwmUQAec9svONA,brunswick-ohio
https://www.ubereats.com/akron/food-delivery/melt-bar-%26-grilled-medina-%26-cleveland-massillon/ovpwmX12RV-SPHMyeS0ZLw,brunswick-ohio
https://www.ubereats.com/cleveland/food-delivery/dennys-3105-medina-road/Uoq9aMOJRhe4tKOZe_bSog,brunswick-ohio
https://www.ubereats.com/cleveland/food-delivery/kfc-1136-1138-north-court-street/YslHB0VmRAeRT1tQvVBCKg,brunswick-ohio
https://www.ubereats.com/akron/food-delivery/marcos-pizza-1142-pearl-rd/P-sQHbPXRL-8sEVleOinGg,brunswick-ohio
https://www.ubereats.com/cleveland/food-delivery/dairy-queen-grill-%26-chill-2895-medina-rd/mvn5xGMVSCyN2HhQDqQFPA,brunswick-ohio
https://www.ubereats.com/akron/food-delivery/georgios-oven-fresh-pizza-co-brunswick/eDKWrkxJQJ-zYxJZ8g71jQ,brunswick-ohio
https://www.ubereats.com/akron/food-delivery/emilios-pizza/At2UaVttTr2lEkMaWco8FQ,brunswick-ohio
https://www.ubereats.com/cleveland/food-delivery/the-ice-cream-shop/Ax9BZkfVR62ocnPIxPfo6Q,brunswick-ohio
https://www.ubereats.com/cleveland/food-delivery/mcdonalds-3115-center-rd/LbeHjHMbTiqf_LN3poTVKg,brunswick-ohio
https://www.ubereats.com/cleveland/food-delivery/mr-hero-1737-pearl-rd/3GGO_tYhTiCvNYyZdu01eA,brunswick-ohio
https://www.ubereats.com/cleveland/food-delivery/kfc-12827-pearl-road/nCvuh_StQ4ut3YAXbohiuQ,brunswick-ohio
https://www.ubereats.com/akron/food-delivery/quaker-steak-%26-lube-4094-pearl-rd/0YmY7RyoQ8iGoSKhMq_4mQ,brunswick-ohio
https://www.ubereats.com/akron/food-delivery/jersey-mikes-subs-3362-center-rd/D1dAbdRZS1uN_3kaX1KOdQ,brunswick-ohio
https://www.ubereats.com/akron/food-delivery/applebees-4115-pearl-road-%2391014/GdGerqKHSqqZYtAI161ijA,brunswick-ohio
https://www.ubereats.com/akron/food-delivery/kartels-restaurant-%26-party-center/nEE-tUnxRJizqGHnjh7XAQ,brunswick-ohio
https://www.ubereats.com/akron/food-delivery/olympia-sweet-treats-%26-grill/mNuQix8ATiGh1n-8S2DBlQ,brunswick-ohio
https://www.ubereats.com/akron/food-delivery/moms-deli-%26-grille/dEZUddlxSim8jY9xFQJ96Q,brunswick-ohio
https://www.ubereats.com/cleveland/food-delivery/chipotle-mexican-grill-899-n-court-st/Ut7SE4f6SfOB19aXah2s9g,brunswick-ohio
https://www.ubereats.com/cleveland/food-delivery/georgios-oven-fresh-pizza-co-brunswick/eDKWrkxJQJ-zYxJZ8g71jQ,brunswick-ohio
https://www.ubereats.com/cleveland/food-delivery/old-carolina-barbecue-company-strongsville/5n3LotouQeCYknTTat2_Bg,brunswick-ohio
https://www.ubereats.com/cleveland/food-delivery/auntie-annes-9115-southpark-center/LOpeSIEkTGe-v7nh484Nzg,brunswick-ohio
https://www.ubereats.com/akron/food-delivery/brew-kettle-taproom/6vjpefD6RxaUQZU1rPOsyQ,brunswick-ohio
https://www.ubereats.com/akron/food-delivery/gourme-family-restaurant/vIzM8RIfQ7iZXcl4n7GRIw,brunswick-ohio
https://www.ubereats.com/cleveland/food-delivery/tres-potrillos-akron/NaTDVC3QSHiQPVrexXI0Pg,brunswick-ohio
https://www.ubereats.com/akron/food-delivery/honeybaked-ham-14136-pearl-rd/-1scbjLoRlG71hXG3oQEnw,brunswick-ohio
https://www.ubereats.com/cleveland/food-delivery/starbucks-brunswick-north-market-plaza/xmh_7hO5Q66OekXFmO_yQg,brunswick-ohio
https://www.ubereats.com/cleveland/food-delivery/papa-johns-500-south-court-st/A1oEHldARna5-WV9Bm7hqw,brunswick-ohio
https://www.ubereats.com/cleveland/food-delivery/boneyard/NhL2k53BS--UlugyZHp1bA,brunswick-ohio
https://www.ubereats.com/akron/food-delivery/arbys-15112-pearl-rd/xRVlSxoWTfOpxCo0gKD9OA,brunswick-ohio
https://www.ubereats.com/cleveland/food-delivery/subway-5321-cetner-rd/p3fMUoZ5RB2UYV06dkGhyA,brunswick-ohio
https://www.ubereats.com/akron/food-delivery/pjs-legendary-hot-chicken/tDRmKnDlTQuzsvCwQUQSIA,brunswick-ohio
https://www.ubereats.com/cleveland/food-delivery/boston-market-14375-pearl-road/vLVuVneCRe-GKs44vLApnA,brunswick-ohio
https://www.ubereats.com/cleveland/food-delivery/brew-kettle-taproom/6vjpefD6RxaUQZU1rPOsyQ,brunswick-ohio
https://www.ubereats.com/cleveland/food-delivery/taco-bell-14529-pearl-rd/AC5ympVcQG6Jn7rJ8X039Q,brunswick-ohio
https://www.ubereats.com/cleveland/food-delivery/little-caesars-1174-b-north-court-st/IJcmlvzQRjmn7jJtO_2rOA,brunswick-ohio
https://www.ubereats.com/cleveland/food-delivery/chipotle-mexican-grill-15029-pearl-rd/6CC0-RZGQvSXqtKjAxqOIg,brunswick-ohio
https://www.ubereats.com/cleveland/food-delivery/zupadi-indian-restaurant/LpyTj7wJTU2a-9InempUfg,brunswick-ohio
https://www.ubereats.com/akron/food-delivery/tres-potrillos-medina/Au0_NPOtTp6GMl0MhoRMDA,brunswick-ohio
https://www.ubereats.com/cleveland/food-delivery/kfc-1245-pearl-road/hkSdA289R-6updoNHXRZCA,brunswick-ohio
https://www.ubereats.com/cleveland/food-delivery/circles-on-the-square/UliHVkxPSTOKqpnzYJyOgQ,brunswick-ohio
https://www.ubereats.com/cleveland/food-delivery/bob-evans-266-3198-center-road/cSQZptXuT_mwYEPOtxmssQ,brunswick-ohio
https://www.ubereats.com/akron/food-delivery/sbarro-768-southpark-center-sp%23fc768/hW8UrY3SSQuk69WWErsPoA,brunswick-ohio
https://www.ubereats.com/cleveland/food-delivery/the-ice-cream-shop/4wcPSKVQT52mwXm34HTFVw,brunswick-ohio
https://www.ubereats.com/cleveland/food-delivery/stancatos-italian-restaurant/l2K1oYJ1TeWEor3aSt7fRA,brunswick-ohio
https://www.ubereats.com/akron/food-delivery/my-pizzetta/kRCJMiixQ4uFtNKp8fJjMQ,brunswick-ohio
https://www.ubereats.com/cleveland/food-delivery/bob-evans-39-4076-medina-road/uMQpwlflQcSbmwrPPuWeUQ,brunswick-ohio
https://www.ubereats.com/cleveland/food-delivery/chipotle-mexican-grill-500-southpark-ctr/_HYYXdjnSMaOBS7584vzFA,brunswick-ohio
https://www.ubereats.com/cleveland/food-delivery/mr-hero-medina/04dMg7HJR3qfUEwrQbCp0A,brunswick-ohio
https://www.ubereats.com/akron/food-delivery/subway-1319-n-carpenter-rd-ste-15/FJIICPtSQ8qoMdh7xXBmJA,brunswick-ohio
https://www.ubereats.com/cleveland/food-delivery/mobil-cafe/g3EVdxzkT4KK_MBu-6Y-7Q,brunswick-ohio
