url,city
https://www.ubereats.com/san-francisco/food-delivery/houdinis-paninis/6qPWTeWKTwS1hsYRr3qQwg,burlingame-california
https://www.ubereats.com/san-francisco/food-delivery/original-nicks-pizzeria-and-pub/uOTakRSnS5yNYUEIHt0i9Q,burlingame-california
https://www.ubereats.com/san-francisco/food-delivery/lai-lai-restaurant/SxqIEqhyTseNUpHj83ehHg,burlingame-california
https://www.ubereats.com/san-francisco/food-delivery/cafe-382/gsm5wWwpTqW5ejcM2C16wQ,burlingame-california
https://www.ubereats.com/san-francisco/food-delivery/koja-kitchen/3s5F8s-_TgKgopDLjuYStw,burlingame-california
https://www.ubereats.com/san-francisco/food-delivery/sip-n-slurp-food-truck/JmnyNm8iSby3ib98n-0s7Q,burlingame-california
https://www.ubereats.com/san-francisco/food-delivery/kfc-950-el-camino-real/AjznK7kNRvmI6QlKFRyc3A,burlingame-california
https://www.ubereats.com/san-francisco/food-delivery/the-famous-rib-shack/6baIY_L8TWioP7UL7n6s_Q,burlingame-california
https://www.ubereats.com/san-francisco/food-delivery/subway-852-n-delaware-st/YffyzCMLToyZjDatDZR6bA,burlingame-california
https://www.ubereats.com/san-francisco/food-delivery/cheung-hing-seafood-restaurant/C_XYzDWrRrCCfjGV1efvyA,burlingame-california
https://www.ubereats.com/san-francisco/food-delivery/starbucks-501-san-mateo-avenue/lmns8WN_T_WqQApj0OGGrQ,burlingame-california
https://www.ubereats.com/san-francisco/food-delivery/bayroot-lebanese-restaurant/6hQanCSIRY6ESWTtUKGDtA,burlingame-california
https://www.ubereats.com/san-francisco/food-delivery/mumu-hot-pot/G4fSLTwbQ9mqm5pOJTHc7Q,burlingame-california
https://www.ubereats.com/san-francisco/food-delivery/los-tacos-locos/t4A5s-9sQBO-AY7gEacIcQ,burlingame-california
https://www.ubereats.com/san-francisco/food-delivery/wendys-698-ralston-avenue/_Yy-DG2JScCsDfr456vtdA,burlingame-california
https://www.ubereats.com/san-francisco/food-delivery/taqueria-la-morena/FXSMCmOfT2ebVqbAV-YT-g,burlingame-california
https://www.ubereats.com/san-francisco/food-delivery/ngs-cooking/9TevuTo5SbOfs1SmIS-Fcw,burlingame-california
https://www.ubereats.com/san-francisco/food-delivery/celias-mexican-restaurant/CCZI8ZITRlivJaLectvZ7A,burlingame-california
https://www.ubereats.com/san-francisco/food-delivery/kaffeehaus/w2MKktJJSsSIfP2vt49Aog,burlingame-california
https://www.ubereats.com/san-francisco/food-delivery/outback-steakhouse-371-gellert-blvd/1F0ZslE-SH-R1BBfCjSR1Q,burlingame-california
https://www.ubereats.com/san-francisco/food-delivery/sajj-san-bruno/XkP-W5-DRRqylbLSDuQwKg,burlingame-california
https://www.ubereats.com/san-francisco/food-delivery/subway-1000-king-dr/JwEV6TwUQiuNnDhZFcxv8g,burlingame-california
https://www.ubereats.com/san-francisco/food-delivery/taqueria-las-pencas/2Wcq20V0ToySfz3BjEqHEQ,burlingame-california
https://www.ubereats.com/san-francisco/food-delivery/golden-wok/s3Kn6xPcQL65k4pA_AX8eQ,burlingame-california
https://www.ubereats.com/san-francisco/food-delivery/jack-in-the-box-404-1700-el-camino-real/Z9xU6X1cTO-7YYb3TUI16g,burlingame-california
https://www.ubereats.com/san-francisco/food-delivery/grand-harbor-seafood-and-dimsum/r_3M591OR9WD-a6tBD-upQ,burlingame-california
https://www.ubereats.com/san-francisco/food-delivery/curry-up-now-san-mateo/LIx4aQqcQAyN_ImO1prMbg,burlingame-california
https://www.ubereats.com/san-francisco/food-delivery/starbucks-bayhill-%26-cherry/JlOl6Hl9TFGcSTP4brfKkQ,burlingame-california
https://www.ubereats.com/san-francisco/food-delivery/p-town-coffee-and-tea/C6Wxy8yGRuiYq2EToNShDA,burlingame-california
https://www.ubereats.com/san-francisco/food-delivery/teaspoon-burlingame/cmKxe9ENQAugWbzaVHFzpQ,burlingame-california
https://www.ubereats.com/san-francisco/food-delivery/search-tea/hQYyaUPZTX2ZCZThPbEitA,burlingame-california
https://www.ubereats.com/san-francisco/food-delivery/roam-artisan-burgers-bay-meadows/s0xSQ7zgSiasFI16MIbqng,burlingame-california
https://www.ubereats.com/san-francisco/food-delivery/starbucks-foster-city-%26-civic-center/c7jMED9_RHmXuGup9uFb1Q,burlingame-california
https://www.ubereats.com/san-francisco/food-delivery/papa-johns-pizza-san-mateo/GVNj4tWQSr6gMfbo9rwHeQ,burlingame-california
https://www.ubereats.com/san-francisco/food-delivery/zorbas-san-mateo/rqHcWpi_SymrvRnhxVVmNQ,burlingame-california
https://www.ubereats.com/san-francisco/food-delivery/xxx-chicken/wcSrxLRRSoW28VUZQSedvg,burlingame-california
https://www.ubereats.com/san-francisco/food-delivery/sweet-dreams-bakery/pnZbNS_SS8qmzr5LO97ZBA,burlingame-california
https://www.ubereats.com/san-francisco/food-delivery/olivas-moreno-mexican-food/ZPGPw5GdSF-SDNCV3Ky8Ug,burlingame-california
https://www.ubereats.com/san-francisco/food-delivery/rasoi-restaurant-%26-lounge/9B5reigJTx2OmMfjGrb-jg,burlingame-california
https://www.ubereats.com/san-francisco/food-delivery/new-easterly-restaurant-in-millbrae/iPUOHqJkSEK3AigyFAEXHw,burlingame-california
https://www.ubereats.com/san-francisco/food-delivery/dennys-10-airport-blvd/mByruNjESCiD0yjqU093kQ,burlingame-california
https://www.ubereats.com/san-francisco/food-delivery/bay-leaf/QKv6xL-6TRyLrWqecFPvoA,burlingame-california
https://www.ubereats.com/san-francisco/food-delivery/poke-island-creasian-kitchen/sq_7xDJqTZGNdNvTucXZIQ,burlingame-california
https://www.ubereats.com/san-francisco/food-delivery/lara-mediterranean-cuisine/cr7b3g_PRj6skncRn-Miig,burlingame-california
https://www.ubereats.com/san-francisco/food-delivery/raretea/rOGMvOibRWm2RBkZRXWWLg,burlingame-california
https://www.ubereats.com/san-francisco/food-delivery/village-host-pizza-%26-grill/aoxpT8tjTwumd9VnDENAQw,burlingame-california
https://www.ubereats.com/san-francisco/food-delivery/bashamichi-sushi-millbrae/phFDOMdhRciIpBjZ6S1LIw,burlingame-california
https://www.ubereats.com/san-francisco/food-delivery/ihop-590-el-camino-real/YLRBFCK-TiiqLwchEu8ZNw,burlingame-california
https://www.ubereats.com/san-francisco/food-delivery/hiro-restaurant/ys_vwUbmSlmtHiStMH2uzw,burlingame-california
https://www.ubereats.com/san-francisco/food-delivery/taikosho-japanese-restaurant/XNuEGURATuyX5xzf13FFUg,burlingame-california
https://www.ubereats.com/san-francisco/food-delivery/golden-wok-bistro/mwITkGZtSa2LbOQjMcb6Zg,burlingame-california
https://www.ubereats.com/san-francisco/food-delivery/never-too-latte/aD-xg4V9SymmNGvGv5wrXw,burlingame-california
https://www.ubereats.com/san-francisco/food-delivery/beach-hut-deli/7qgIDW3sQ6yxKHOH7DEsog,burlingame-california
https://www.ubereats.com/san-francisco/food-delivery/zen-noodle-bar/kOgNei-ZQriZ0JYwdcJRkA,burlingame-california
https://www.ubereats.com/san-francisco/food-delivery/neals-coffee-shop-san-mateo/yJg525amQxqtZKTShzpQbg,burlingame-california
https://www.ubereats.com/san-francisco/food-delivery/patxis-pizza-san-carlos/KAfTwifaTa6A7wxqkcX9GA,burlingame-california
https://www.ubereats.com/san-francisco/food-delivery/palette-tea-garden-san-mateo/GMgOfTS7QjK71zr3_vai_g,burlingame-california
https://www.ubereats.com/san-francisco/food-delivery/gong-cha-san-mateo/RQrD0AtIQTqyOJCNHg1O_g,burlingame-california
https://www.ubereats.com/san-francisco/food-delivery/subway-2727-el-camino-real/PB-MkjQ7SVGbpb_kw19qlA,burlingame-california
https://www.ubereats.com/san-francisco/food-delivery/little-sichuan/XMsEr62kSO2e4TxSxsoPuw,burlingame-california
https://www.ubereats.com/san-francisco/food-delivery/urban-ritual/NlKDAarxRxi92ICFHm6E5g,burlingame-california
https://www.ubereats.com/san-francisco/food-delivery/shake-shack-33-hillsdale-shopping-center/cyofIsRPQKCS2f_XJto5xA,burlingame-california
https://www.ubereats.com/san-francisco/food-delivery/chef-zhao-bistro-san-mateo/qdx4-I8cRpeRssw7NVBeJw,burlingame-california
https://www.ubereats.com/san-francisco/food-delivery/aladdin-gourmet/APS__CinTzST1vD2tgc0hg,burlingame-california
https://www.ubereats.com/san-francisco/food-delivery/maxs-restaurant-of-the-philippines-south-san-francisco/e_oZcfnnRmOgJyu0mx9VFQ,burlingame-california
https://www.ubereats.com/san-francisco/food-delivery/little-green-cyclo/MT121mbhTqy4fHvX60BOnA,burlingame-california
https://www.ubereats.com/san-francisco/food-delivery/cup-of-blooms/xRzPi3YMSbyKVn5lhOxP6Q,burlingame-california
https://www.ubereats.com/san-francisco/food-delivery/hu-bei-restaurant/tRgM6jjlQiOvcSHO_qIswQ,burlingame-california
https://www.ubereats.com/san-francisco/food-delivery/belcampo-san-mateo/2b_bsWIlQM6vmej21R8tow,burlingame-california
https://www.ubereats.com/san-francisco/food-delivery/meet-fresh/canPfYqtSziUDCtk-TJbYA,burlingame-california
https://www.ubereats.com/san-francisco/food-delivery/bonchon-chicken-2278-westborough-blvd/bLuFmGEKTQ6KI9cTS0RbCg,burlingame-california
https://www.ubereats.com/san-francisco/food-delivery/shiki-laurelwood/zbL0X3KITpiKqGkoGISW1A,burlingame-california
https://www.ubereats.com/san-francisco/food-delivery/amoura/iBi1B3jQSnKlJMvm2lqeXg,burlingame-california
https://www.ubereats.com/san-francisco/food-delivery/porridge-%26-things/v0byjC4RT-2jZTbKaQGZ9g,burlingame-california
https://www.ubereats.com/san-francisco/food-delivery/cafe-figaro/1qruv9xcQfW4G_b3rinIAg,burlingame-california
https://www.ubereats.com/san-francisco/food-delivery/taco-bell-500-e-4th-ave/VADpYXxRReCwmRFhwCzsGw,burlingame-california
https://www.ubereats.com/san-francisco/food-delivery/hi-city-foster-city/-UuGAyboQK6qy-MD4tGXPg,burlingame-california
https://www.ubereats.com/san-francisco/food-delivery/totos-pizzeria-and-restaurant-san-bruno/XUkUB0XHTJefREcuMvcsEQ,burlingame-california
https://www.ubereats.com/san-francisco/food-delivery/dunkin-240-el-camino-real/EdRJdW75RdCC71UuPQH5XQ,burlingame-california
https://www.ubereats.com/san-francisco/food-delivery/hashes-%26-brews/Urq_MbRSTrWOVm1pMCqmbQ,burlingame-california
https://www.ubereats.com/san-francisco/food-delivery/noodleosophy/NsHlXtlpSXC_fUf36ZkG7w,burlingame-california
https://www.ubereats.com/san-francisco/food-delivery/ikes-love-and-sandwiches-daly-city/xQ8WRl0AQZ-BlRgps9Sj9g,burlingame-california
https://www.ubereats.com/san-francisco/food-delivery/primeros-tacos/BtDuYNSMTCG90JWlEciuCA,burlingame-california
https://www.ubereats.com/san-francisco/food-delivery/young-can-wok/VNfaNxKvQiuMVAV1oX0vPg,burlingame-california
https://www.ubereats.com/san-francisco/food-delivery/new-england-lobster-market-%26-eatery/-eu5vVa8QG-gt9IGTGK8Iw,burlingame-california
https://www.ubereats.com/san-francisco/food-delivery/the-ice-cream-shop/eix93pIpSAexB_JSAL4oMg,burlingame-california
https://www.ubereats.com/san-francisco/food-delivery/fletchs/NKFGtvocTH2_oIyC9_0Bdw,burlingame-california
https://www.ubereats.com/san-francisco/food-delivery/kfc-taco-bell-199-airport-boulevard/bpgmIMMjQWC468xgzunaYg,burlingame-california
https://www.ubereats.com/san-francisco/food-delivery/park-%26-howard-bistro/TLsaOgS9SFCpAx3UX1zw6w,burlingame-california
https://www.ubereats.com/san-francisco/food-delivery/phillys-cheese-steak-shop/QNTTxlGhRTG4ir8Zrzg-Qg,burlingame-california
https://www.ubereats.com/san-francisco/food-delivery/maverick-jacks-burlingame/9JfmHuPVTx2mfNf7hYsyIQ,burlingame-california
https://www.ubereats.com/san-francisco/food-delivery/jack-in-the-box-555-e-3rd-ave/hImYdK3xQa682laY5bDrWw,burlingame-california
https://www.ubereats.com/san-francisco/food-delivery/mrteriyaki-sushi/QH1mCfBoQKOWgo6SgId2bQ,burlingame-california
https://www.ubereats.com/san-francisco/food-delivery/crab-on-the-run/8fjcGSboT8ibyM-vTJxsHg,burlingame-california
https://www.ubereats.com/san-francisco/food-delivery/subway-1308-w-hillsdale-blvd/7VVY3xlhRiGm2XIhPhVHsw,burlingame-california
https://www.ubereats.com/san-francisco/food-delivery/fil-am-cuisine-2/HPnUme0FQJCiqt3yDY2KrA,burlingame-california
https://www.ubereats.com/san-francisco/food-delivery/north-beach-pizza-san-mateo/WAWIKQ1wSpuXBAN_AxRzGw,burlingame-california
https://www.ubereats.com/san-francisco/food-delivery/subway-1857-el-camino-real/Hrn22mgES_imba3w8_ZhHw,burlingame-california
https://www.ubereats.com/san-francisco/food-delivery/tous-les-jours/kMrXFwrKQTecEy4Z-uIrHQ,burlingame-california
https://www.ubereats.com/san-francisco/food-delivery/sanchos-taqueria-redwood-city/6qnS-jLLTTuYAgBwdhlzlQ,burlingame-california
https://www.ubereats.com/san-francisco/food-delivery/five-guys-ca-1563-238-redwood-shores-pkwy/_5mc3PjNTEejC6KrbYYAlg,burlingame-california
https://www.ubereats.com/san-francisco/food-delivery/ichiban-sushi/rLNllSfMR6ueq86vp2jhjA,burlingame-california
https://www.ubereats.com/san-francisco/food-delivery/mcdonalds-gellert-blvd/VHPu7_qfRpq5nOqP23DuKA,burlingame-california
https://www.ubereats.com/san-francisco/food-delivery/jacks-prime-burgers-%26-shakes/r0p60_jTSdahs0jDIbG_ZA,burlingame-california
https://www.ubereats.com/san-francisco/food-delivery/el-toro-loco/Itq_7EeQQfuuWPIB5tzplw,burlingame-california
https://www.ubereats.com/san-francisco/food-delivery/ruddys-taco-truck/LMBSm778QoSnWN1FkWu4gA,burlingame-california
https://www.ubereats.com/san-francisco/food-delivery/local-food-hall-belmont/hsfXw2GgQmeS_wuuOq68jw,burlingame-california
https://www.ubereats.com/san-francisco/food-delivery/hawi-hawaiian-bbq/QBO0Tg2NRsu3jlnR5qNrPg,burlingame-california
https://www.ubereats.com/san-francisco/food-delivery/sixteen-mile-house/YpLV0mBjR-iEm-sW297Rgg,burlingame-california
https://www.ubereats.com/san-francisco/food-delivery/ssf-chickenbox/Jys_gxChQ_-W6gob6X64xg,burlingame-california
https://www.ubereats.com/san-francisco/food-delivery/eggwich/YHrEIccORdmIIdttxqPsnA,burlingame-california
https://www.ubereats.com/san-francisco/food-delivery/tasty-place/ZR3lLASuSdu1ms7PgzxVPw,burlingame-california
https://www.ubereats.com/san-francisco/food-delivery/stacks-redwood-city/-rXpsnfuThWbJrHORNXatw,burlingame-california
https://www.ubereats.com/san-francisco/food-delivery/chipotle-mexican-grill-1150-el-camino-real-ste-197/7cTyNVI8Tgy5-FdjYLEtsQ,burlingame-california
https://www.ubereats.com/san-francisco/food-delivery/asian-box-burlingame/C1MIsjlhTIyzrKFa-XQdtw,burlingame-california
https://www.ubereats.com/san-francisco/food-delivery/totos-pizzeria-%26-restaurant-belmont/_PgymV8ARb-reXc8htcGMg,burlingame-california
https://www.ubereats.com/san-francisco/food-delivery/sajj-san-mateo/mPFplMlATlyhPV0mavb9fg,burlingame-california
https://www.ubereats.com/san-francisco/food-delivery/uni-souffle/W3eo3BPkS1GsvkqaxOEVqg,burlingame-california
https://www.ubereats.com/san-francisco/food-delivery/poke-one/xRPRCclBQwiniyEsB0Ntgw,burlingame-california
https://www.ubereats.com/san-francisco/food-delivery/jamba-juice-48-east-4th-ave/7x5jHDJOQkK6ewAln-rf6w,burlingame-california
https://www.ubereats.com/san-francisco/food-delivery/la-nueva-perla/GQ6KoL9NRi6DJDYJsK02PA,burlingame-california
https://www.ubereats.com/san-francisco/food-delivery/rise-pizzeria/BKZI0tmyQYKjwzlge2iOoA,burlingame-california
https://www.ubereats.com/san-francisco/food-delivery/village-host-pizza-%26-grill-burlingame/rztiG8h9RLmnmt3UiLBNJA,burlingame-california
https://www.ubereats.com/san-francisco/food-delivery/salad-rush/SfFHVXwsRK2NHnvcvqPvSA,burlingame-california
https://www.ubereats.com/san-francisco/food-delivery/shabu-house/zuVb9ZXQQfaXZ3TFE-rBrw,burlingame-california
https://www.ubereats.com/san-francisco/food-delivery/super-sushi-house/Ho_qti6qTBO7AMsX2f-3Hw,burlingame-california
https://www.ubereats.com/san-francisco/food-delivery/fortune-star-chinese-restaurant/g43BusiyTPC8_pKpiKci8w,burlingame-california
https://www.ubereats.com/san-francisco/food-delivery/poke-bowl-serramonte-blvd/g2e25nKuSAe0BDq1tqCPmw,burlingame-california
https://www.ubereats.com/san-francisco/food-delivery/hummus-mediterranean-kitchen/_0rvbfxRSU-CJBfFZgVGkA,burlingame-california
https://www.ubereats.com/san-francisco/food-delivery/mrpickles-sandwich-shop-belmont/tyY_cWOqR52pxAbqHpEWHg,burlingame-california
https://www.ubereats.com/san-francisco/food-delivery/daiki-sushi/XxSMnTHuTZeDiYd-XQBmAw,burlingame-california
https://www.ubereats.com/san-francisco/food-delivery/siam-spoon-thai-cuisine/1RoPESNEQ3-TfIkXIMjBjw,burlingame-california
https://www.ubereats.com/san-francisco/food-delivery/cafe-on-primrose/JHTlHQOBRgCXOw5z6LahPQ,burlingame-california
https://www.ubereats.com/san-francisco/food-delivery/panda-express-74-hillsdale-mall/tpsSayAfRPWPhMOtJM9DoQ,burlingame-california
https://www.ubereats.com/san-francisco/food-delivery/red-circle-dumpling/BdzQR9LwQaivmqevUTdJ7A,burlingame-california
https://www.ubereats.com/san-francisco/food-delivery/kuro-obi-by-ippudo/7l95otBrRWO_ZM5MlMO_FA,burlingame-california
https://www.ubereats.com/san-francisco/food-delivery/sweet-moment/CPhudM_OSvetqGZZB9M2oQ,burlingame-california
https://www.ubereats.com/san-francisco/food-delivery/joy-restaurant/O3juFi2qTw-4R_Dhr4bSrA,burlingame-california
https://www.ubereats.com/san-francisco/food-delivery/joes-cafe-by-the-bay/0CEq0TdvRSaTRYwZ3tbF_Q,burlingame-california
https://www.ubereats.com/san-francisco/food-delivery/sharetea/-MqbqY0SR6e9zG7WpvyVkQ,burlingame-california
https://www.ubereats.com/san-francisco/food-delivery/taco-bell-1131-triton-dr/1YI953hJT4m8zq151XLe-g,burlingame-california
https://www.ubereats.com/san-francisco/food-delivery/earl-spicy-%E7%BB%9D%E5%91%B3%E5%B7%9D%E6%B9%98/OMQCTa4KRvaEJPWgyKH7cg,burlingame-california
https://www.ubereats.com/san-francisco/food-delivery/golden-9th-lunchbox/rwSkheIuQyGmXuJVhmfdsQ,burlingame-california
https://www.ubereats.com/san-francisco/food-delivery/agora-greek-%26-mediterranean-cuisine/-0Cu_0pLRuG_0y66qwb20A,burlingame-california
https://www.ubereats.com/san-francisco/food-delivery/vegabibi/XAPxj_D8RNax6pPXqiOxdg,burlingame-california
https://www.ubereats.com/san-francisco/food-delivery/seoul-of-taipei/J3m2e41xSu-PDLxZdnBieA,burlingame-california
https://www.ubereats.com/san-francisco/food-delivery/pokeatery/bK1kXbpcRNOy08wXd98XgQ,burlingame-california
https://www.ubereats.com/san-francisco/food-delivery/starbird-wings-foster-city/wU2l_jpyRB-tEGzu11Ae7w,burlingame-california
https://www.ubereats.com/san-francisco/food-delivery/pho-82/jMQ0ZeRUSkSbFud4Mm6P8g,burlingame-california
https://www.ubereats.com/san-francisco/food-delivery/milk-tea-lab-south-sf/D16Kt8GrRYGXxU_YNmRv9w,burlingame-california
https://www.ubereats.com/san-francisco/food-delivery/cherimoya/0BJQtPBLSd2rWIoQtejKrg,burlingame-california
https://www.ubereats.com/san-francisco/food-delivery/i-love-sushi/3VlNl-w9Q_-WfUjaJBtu9Q,burlingame-california
https://www.ubereats.com/san-francisco/food-delivery/oceanic-restaurant/4aGbeaasQ9ivSCY_ZyAsdQ,burlingame-california
https://www.ubereats.com/san-francisco/food-delivery/noodles-%26-things/nodR7XeLQZ2zPwWSmICCGg,burlingame-california
https://www.ubereats.com/san-francisco/food-delivery/izakaya-ginji/FHav_eCsRSiNec9lZx4xbA,burlingame-california
https://www.ubereats.com/san-francisco/food-delivery/sunny-%26-fines-breakfast-burritos/Q6vH9PU1RkSeQKjZ2xxu0Q,burlingame-california
https://www.ubereats.com/san-francisco/food-delivery/shihlin-san-mateo/sHQdZtxDRaSACvJHPTihVw,burlingame-california
https://www.ubereats.com/san-francisco/food-delivery/taco-bell-465-el-camino-real/pDEEWFXoTye5JCBZFfu55Q,burlingame-california
https://www.ubereats.com/san-francisco/food-delivery/zen-bistro/tVkES73JRzicbPnkYwqWow,burlingame-california
https://www.ubereats.com/san-francisco/food-delivery/golden-ninth-deli-%26-market/CaXDgLstQou_BnOLOAhQ7A,burlingame-california
https://www.ubereats.com/san-francisco/food-delivery/little-hunan-restaurant/IjFE54OoSM-qEzpn8UhzRQ,burlingame-california
https://www.ubereats.com/san-francisco/food-delivery/cybelles-pizza-daly-city/ZuCxQ1FmQmaP4m_hZQkB_A,burlingame-california
https://www.ubereats.com/san-francisco/food-delivery/taqueria-el-nayarita/ydcyW486QQywVGQ1AsPKjA,burlingame-california
https://www.ubereats.com/san-francisco/food-delivery/yayoi-hillsdale/scyQqkMYRk6-BwMSBLuBaQ,burlingame-california
https://www.ubereats.com/san-francisco/food-delivery/burger-board/5eK7jTZxQE2w4SD9MZehXA,burlingame-california
https://www.ubereats.com/san-francisco/food-delivery/eden-silk-road-cuisine-san-mateo/c4tK2XNgTBOtqTPZwlF0tw,burlingame-california
https://www.ubereats.com/san-francisco/food-delivery/tacos-el-ranchito-truck/W8cT9vpHSFazxxU7I6WpVQ,burlingame-california
https://www.ubereats.com/san-francisco/food-delivery/l%26l-hawaiian-bbq-94-e-3rd-ave/moyjWh1qS1qQDGUJneTkyg,burlingame-california
https://www.ubereats.com/san-francisco/food-delivery/toast-deli/3RgAE-hsQLWawMu5kfTQxw,burlingame-california
https://www.ubereats.com/san-francisco/food-delivery/tuna-kahuna/9BLUDCk0TRClZIBPxzLnYg,burlingame-california
https://www.ubereats.com/san-francisco/food-delivery/pinstripes-san-mateo/qvpYlk9LRP6YSlCWlUCYuA,burlingame-california
https://www.ubereats.com/san-francisco/food-delivery/delicious-cafe/a6mXUWgFTMGdlvKtSuor7Q,burlingame-california
https://www.ubereats.com/san-francisco/food-delivery/joe-%26-the-juice-1395-burlingame-avenue/QxQ6to6yTMeNg9FSboflHg,burlingame-california
https://www.ubereats.com/san-francisco/food-delivery/senor-muy-tacos/agiekiUOREWihIFXK7qo3Q,burlingame-california
https://www.ubereats.com/san-francisco/food-delivery/dumpling-era/HLntkdyvQ3S8UxabOR9cRg,burlingame-california
https://www.ubereats.com/san-francisco/food-delivery/big-joes-cafe/lPGrvDUWR4iH4EL2cdulCA,burlingame-california
https://www.ubereats.com/san-francisco/food-delivery/deli-belli/QTwpXmUsTNSofjuWr9L23A,burlingame-california
https://www.ubereats.com/san-francisco/food-delivery/blue-whale-poke-bar-and-grill/C2RMj0QfSb26CjsWst3emw,burlingame-california
https://www.ubereats.com/san-francisco/food-delivery/jakes-hawaiian-bbq/OQ35FA4cRbiQPVvVzWYasQ,burlingame-california
https://www.ubereats.com/san-francisco/food-delivery/peroya/olfoNUmlS3uKUCT8BroL8w,burlingame-california
https://www.ubereats.com/san-francisco/food-delivery/classic-101-burgers-and-shakes/XrIustwdQsSDfXbikSgawQ,burlingame-california
https://www.ubereats.com/san-francisco/food-delivery/four-treasures-of-szechuan/nADird7IT2qIhWAmCPtnfQ,burlingame-california
https://www.ubereats.com/san-francisco/food-delivery/jack-in-the-box-448-201-south-spruce-ave/5vfK0MipTN6TYliBsgOfiQ,burlingame-california
https://www.ubereats.com/san-francisco/food-delivery/dumpling-empire/mOfOMXyxQMekW2TQlkdLOw,burlingame-california
https://www.ubereats.com/san-francisco/food-delivery/pizza-my-heart-burlingame/dEPvIsNgT1aTTuqeFP0p6g,burlingame-california
https://www.ubereats.com/san-francisco/food-delivery/edible-arrangements-1866-s-norfolk-st/aPjlX5tqT16mFiyPseqYKw,burlingame-california
https://www.ubereats.com/san-francisco/food-delivery/taqueria-mi-durango/vnVm1gjzQiKxxi_t1BtWRA,burlingame-california
https://www.ubereats.com/san-francisco/food-delivery/colombos-delicatessen/qkSqgtFxRyOW4dNPEY7xkw,burlingame-california
https://www.ubereats.com/san-francisco/food-delivery/keto-to-go-by-belcampo-san-mateo/eIfrpv-PSIK8LxRr7mVOWQ,burlingame-california
https://www.ubereats.com/san-francisco/food-delivery/pancho-villa-taqueria-san-mateo/RlGol_5dTKKktq5X5nhhLA,burlingame-california
https://www.ubereats.com/san-francisco/food-delivery/modern-vegan-indian/V5_zX7JpTGSVGiJ97vti8w,burlingame-california
https://www.ubereats.com/san-francisco/food-delivery/foreigner-cafe/tu8qms2UTSqSVHfu604RSg,burlingame-california
https://www.ubereats.com/san-francisco/food-delivery/flaming-kitchen/8-d3mOH8RwijZU2ztOLYoQ,burlingame-california
https://www.ubereats.com/san-francisco/food-delivery/uncle-willies-wings-%26-things-san-mateo/YY823HGUQtSIBR785lxsSg,burlingame-california
https://www.ubereats.com/san-francisco/food-delivery/bagel-street-cafe-millbrae/eE5tfFbBSxaHV0Axi4NS5Q,burlingame-california
https://www.ubereats.com/san-francisco/food-delivery/starbucks-junipero-serra-%26-serramonte-colma/25Ti2TgJTEuYpGH9I09_TQ,burlingame-california
https://www.ubereats.com/san-francisco/food-delivery/charleys-philly-steaks-shops-at-tanforan/XULuNXhESCmZavDT2JgAGQ,burlingame-california
https://www.ubereats.com/san-francisco/food-delivery/maxs-restaurant-of-the-philippines-daly-city/9qjPeqqOS3K3Nmokl6kJZg,burlingame-california
https://www.ubereats.com/san-francisco/food-delivery/hometown-pizza/BwjaEykLRaWU6-1GZxHm2Q,burlingame-california
https://www.ubereats.com/san-francisco/food-delivery/hong-kong-flower-lounge-restaurant/WZ6fls6KT0GS95ROT7Gf0w,burlingame-california
https://www.ubereats.com/san-francisco/food-delivery/bonchon-chicken-220-s-b-st/zGE8eDKWQlmp_OYla2iTVQ,burlingame-california
https://www.ubereats.com/san-francisco/food-delivery/taqueria-la-mordida/2T_mq4_BRDyruytPuZ_seA,burlingame-california
https://www.ubereats.com/san-francisco/food-delivery/papalote-mexican-grill-belmont/s4ebTv0zQcmH_k4Pkjlpgg,burlingame-california
https://www.ubereats.com/san-francisco/food-delivery/good-morning-sunshine/yzFJajsmQL2ku_7C4QFtdw,burlingame-california
https://www.ubereats.com/san-francisco/food-delivery/gintei/MpUGhNbdQ6aBQxGC0adciw,burlingame-california
https://www.ubereats.com/san-francisco/food-delivery/chuck-%E2%80%98s-donuts/zy6XAfJxTvOu02JFndauRw,burlingame-california
https://www.ubereats.com/san-francisco/food-delivery/big-mouth-burgers-san-bruno/kUT4uEBASBS93kVN-0zwuA,burlingame-california
https://www.ubereats.com/san-francisco/food-delivery/gobi-mongolian-grill/49urPyxVQ3meOPKgKskZag,burlingame-california
https://www.ubereats.com/san-francisco/food-delivery/isla-restaurant/9_4VpxvXT6ySaWPAqjQ1Jw,burlingame-california
https://www.ubereats.com/san-francisco/food-delivery/cielito-lindo-msk/kzdTTdZ7S26oU9-4JAfv1A,burlingame-california
https://www.ubereats.com/san-francisco/food-delivery/causwells-belmont/KlXDZRCmQGu791agaEj_Tw,burlingame-california
https://www.ubereats.com/san-francisco/food-delivery/van-leeuwen-ice-cream-belmont/wDrmdeZIS-6ZMnPnESiryw,burlingame-california
https://www.ubereats.com/san-francisco/food-delivery/i-prive-sushi-sake-spirits/fYpMO272SWSLTL99EjZtrg,burlingame-california
https://www.ubereats.com/san-francisco/food-delivery/millbrae-kebabs-%26-gyros/V8XAPIRpQu2X49B1fssR8g,burlingame-california
https://www.ubereats.com/san-francisco/food-delivery/kfc-1111-el-camino-real/x_9E0BqYTG-xxlWNc595kw,burlingame-california
https://www.ubereats.com/san-francisco/food-delivery/spicy-empire/4QjycWXkRK-9Bedw911YMw,burlingame-california
https://www.ubereats.com/san-francisco/food-delivery/california-pizza-kitchen-100-hillsdale-shopping-center/TQUzWlRnSS-tUbnBAsR2_Q,burlingame-california
https://www.ubereats.com/san-francisco/food-delivery/sheng-kee-bakery-san-mateo/KO1KJDMKRA6DOtO4tgfgPw,burlingame-california
https://www.ubereats.com/san-francisco/food-delivery/hs-cafe/myfDSM4_SL-WKEDnmcYjfQ,burlingame-california
https://www.ubereats.com/san-francisco/food-delivery/bambu-desserts-%26-drinks/yPEQmSdrSZmxfcVjtT9Tyg,burlingame-california
https://www.ubereats.com/san-francisco/food-delivery/starbird-chicken-foster-city/L1Wr3X1uSNK7x_LWv-ikKQ,burlingame-california
https://www.ubereats.com/san-francisco/food-delivery/pho-element/yhHqv_CMTg6E0NDRLGReHA,burlingame-california
https://www.ubereats.com/san-francisco/food-delivery/burger-king-2817-south-el-camino-real/xxkIbWRiSpuXYJdz6hxY0w,burlingame-california
https://www.ubereats.com/san-francisco/food-delivery/la-pinata-mexicatesen/k9Dhiw3eTs2wK7r11FqlFA,burlingame-california
https://www.ubereats.com/san-francisco/food-delivery/boiling-szechuan-hotpot/tnc-5XJwRBOzTs8bjFylPQ,burlingame-california
https://www.ubereats.com/san-francisco/food-delivery/kostantis/DpbTGXtMQD2ldoLXVniNsA,burlingame-california
https://www.ubereats.com/san-francisco/food-delivery/mod-pizza-foster-city/T4uhc8EwRk-4k8gM-2jvWA,burlingame-california
https://www.ubereats.com/san-francisco/food-delivery/asian-pearl-seafood-restaurant/wrwNoYLWRIK0xwjuV3XaXg,burlingame-california
https://www.ubereats.com/san-francisco/food-delivery/starbucks-el-camino-%26-mclellan/952FmIJBR8e3PmZCdCU_mQ,burlingame-california
https://www.ubereats.com/san-francisco/food-delivery/dumpling-state/f9jFvp6MTrS61LKeCYZhgw,burlingame-california
https://www.ubereats.com/san-francisco/food-delivery/stick-%26-steam/3TrNVJ5xQ8OsQpO3hmLzSQ,burlingame-california
https://www.ubereats.com/san-francisco/food-delivery/rave-burger/bFuEJu4YS3ONLJP5m7pIiA,burlingame-california
https://www.ubereats.com/san-francisco/food-delivery/sweethoney-dessert-%E6%9D%8F%E8%AE%B0%E7%94%9C%E5%93%81/4NoYd0DySHqDIqVbMuqZ1A,burlingame-california
https://www.ubereats.com/san-francisco/food-delivery/waterfront-pizza/dykNil5-T5S1uc1_DLMc7w,burlingame-california
https://www.ubereats.com/san-francisco/food-delivery/flavas-jamaican-grill/D7gRhvFvSki9Lgja_MLTTw,burlingame-california
https://www.ubereats.com/san-francisco/food-delivery/noodles-%26-things/pC3uOZhsQHeF4H9re3w4XA,burlingame-california
https://www.ubereats.com/san-francisco/food-delivery/totoro-ramen/aCPGHOGBQAmmEes0GTz3zA,burlingame-california
https://www.ubereats.com/san-francisco/food-delivery/new-york-pizza-san-mateo/9imaxhwkRpm1CoMgpVjRHw,burlingame-california
https://www.ubereats.com/san-francisco/food-delivery/tokyo-sushi-%26-bar/RDIgYX6oTSqYs1SDTUeOfw,burlingame-california
https://www.ubereats.com/san-francisco/food-delivery/gourmet-village/aZtYZiSvQgq0mTwZWqLCpg,burlingame-california
https://www.ubereats.com/san-francisco/food-delivery/momiji/eh_NIJNVSAGfVGF8x9nyQA,burlingame-california
https://www.ubereats.com/san-francisco/food-delivery/mama-mia-pizza-visitacion-ave/X2eWUkDwRDij-31yxl7lrw,burlingame-california
https://www.ubereats.com/san-francisco/food-delivery/crepe-island/zKuL4no9QNqsy6oxytJzXA,burlingame-california
https://www.ubereats.com/san-francisco/food-delivery/taste-of-burma/fR9Oo2URTKyVej0tgfrO4w,burlingame-california
https://www.ubereats.com/san-francisco/food-delivery/jaylis-cocina-food-truck/PQ9b4kV0S3mDxHG4kESVcA,burlingame-california
https://www.ubereats.com/san-francisco/food-delivery/aji-ichi-japanese-restaurant/DqZ_t4mcSWy7I_ji0sbi9Q,burlingame-california
https://www.ubereats.com/san-francisco/food-delivery/the-warehouse/W4F3-e8FT2iCNTLwiThy5Q,burlingame-california
https://www.ubereats.com/san-francisco/food-delivery/get-fed-eats/kMuxQH-TREeTMbutmIMjrg,burlingame-california
https://www.ubereats.com/san-francisco/food-delivery/icicles-san-mateo/cYodc86qRLOS8ZuU-G-BEQ,burlingame-california
https://www.ubereats.com/san-francisco/food-delivery/ra-sushi-1496-old-bayshore-hwy/SoWccwPkTWuf1dh3JOSViA,burlingame-california
https://www.ubereats.com/san-francisco/food-delivery/pop-kitchen/Wx8rV2ZPQxGrl4467zwLog,burlingame-california
https://www.ubereats.com/san-francisco/food-delivery/new-world-cafe/xD78l7t-RZCTIH9EwEbqAw,burlingame-california
https://www.ubereats.com/san-francisco/food-delivery/mcdonalds-triton-dr/A9aAVZYgShW0dpGTEm2Z3Q,burlingame-california
https://www.ubereats.com/san-francisco/food-delivery/chicken-pho-you-san-mateo/SkMB9ic6Qf2O2_ACmWmMHQ,burlingame-california
https://www.ubereats.com/san-francisco/food-delivery/taqueria-las-pencas/5KeUvMLGRrqi2Bi6kkPH3w,burlingame-california
https://www.ubereats.com/san-francisco/food-delivery/dunkin-180-s-airport-blvd/4QUG5s4rSreQ3FeXQ4K6qQ,burlingame-california
https://www.ubereats.com/san-francisco/food-delivery/tacos-el-grullense-c%26d/uP03SFVtQMusURGXrnb3ZA,burlingame-california
https://www.ubereats.com/san-francisco/food-delivery/taco-bell-259-el-camino-real/kbJCoZeqRE2eAZFbC7VxsQ,burlingame-california
https://www.ubereats.com/san-francisco/food-delivery/mr-pickles-sandwich-shop-san-bruno/7iPSuiI3SyeKbDAGZyqRFw,burlingame-california
https://www.ubereats.com/san-francisco/food-delivery/totos-pizzeria-%26-restaurant-san-mateo/jpzRDUFbTKOQSokCD9s5iQ,burlingame-california
https://www.ubereats.com/san-francisco/food-delivery/espsotos-delicatessan/6oPhJrniQUiLLJ8QvKsNPA,burlingame-california
https://www.ubereats.com/san-francisco/food-delivery/tin-pot-creamery-san-mateo/_wnRc6tuRHemwCwwbnmqpA,burlingame-california
https://www.ubereats.com/san-francisco/food-delivery/aji-limo-peruvian-belmont/EUXNdnrASrCpfLFuvpc1sQ,burlingame-california
https://www.ubereats.com/san-francisco/food-delivery/koi-palace-daly-city/9K1_L4nvSjqqVEk7guSgaQ,burlingame-california
https://www.ubereats.com/san-francisco/food-delivery/som-tum-station/wytCqUcJRqWdbEE6WaOGJg,burlingame-california
https://www.ubereats.com/san-francisco/food-delivery/trapeze-european-cuisine/CvJVjzB5QQeaUmUVuyB0-g,burlingame-california
https://www.ubereats.com/san-francisco/food-delivery/dairy-queen-treat-the-shops-at-tanforan-1150/0yh-RHAIRW-Qj1fuLBBilg,burlingame-california
https://www.ubereats.com/san-francisco/food-delivery/subculture-deli/bDhjGz-7S6yJ5W8HMs6XTg,burlingame-california
https://www.ubereats.com/san-francisco/food-delivery/the-cakery/0UiKj4g-SIiBeLLLOj1f1Q,burlingame-california
https://www.ubereats.com/san-francisco/food-delivery/lo-nuestro-cafe/Zyn-yWD4SBK2MMtNEhUgXA,burlingame-california
https://www.ubereats.com/san-francisco/food-delivery/c-%26-c-curry-house-burlingame/QppKd3nVQSaPi6OW6kQVEA,burlingame-california
https://www.ubereats.com/san-francisco/food-delivery/grand-palace-restaurant/R9HagXwLSpWVyZr2QiWqPw,burlingame-california
https://www.ubereats.com/san-francisco/food-delivery/everyday-beijing/izTdZNTgSD6PfOrl-J0lWg,burlingame-california
https://www.ubereats.com/san-francisco/food-delivery/truffle-butter-poke-bar/ROXcbAX_RJ6DsDIoMh42MA,burlingame-california
https://www.ubereats.com/san-francisco/food-delivery/benihana-1496-old-bayshore-hwy/BNfX2zu4SdWcfCnXNW5r6w,burlingame-california
https://www.ubereats.com/san-francisco/food-delivery/cheung-hing-restaurant/7EKW8DmESNmO0VsnUTEYoA,burlingame-california
https://www.ubereats.com/san-francisco/food-delivery/crepevine-burlingame/-KLCMxXCR9aZZ8kwDJKOLA,burlingame-california
https://www.ubereats.com/san-francisco/food-delivery/3-bees-coffee-house/xjBD9JSgTqGGndPnyMJSDg,burlingame-california
https://www.ubereats.com/san-francisco/food-delivery/the-crepe-stop/5m4yZmMQSkemaGqEhlXYrQ,burlingame-california
https://www.ubereats.com/san-francisco/food-delivery/taco-bell-1975-s-el-camino-real/Q71y1KLxRzyZmw-dWXDaXg,burlingame-california
https://www.ubereats.com/san-francisco/food-delivery/a%26w-restaurant-950-el-camino-real/MxMTLzoqR0COdaTNuo7t6g,burlingame-california
https://www.ubereats.com/san-francisco/food-delivery/rangoon-ruby-san-carlos/W5rvJbAtS2SRFtdPHXy--A,burlingame-california
https://www.ubereats.com/san-francisco/food-delivery/curveball-slider-truck/tAT00jTeQEOSovVWdV4r1w,burlingame-california
https://www.ubereats.com/san-francisco/food-delivery/kaori-restaurant/ozvUClZoSf-MqIlwtjgwaQ,burlingame-california
https://www.ubereats.com/san-francisco/food-delivery/park-gyros-belmont/uH5yQmeySaCinLFIwxUn4w,burlingame-california
https://www.ubereats.com/san-francisco/food-delivery/mcdonalds-1420-el-camino/oGgEeWBGQRGi4mE489CqQw,burlingame-california
https://www.ubereats.com/san-francisco/food-delivery/emelinas-peruvian-restaurant/ouu9PNEsSg2klCxzSQZIgg,burlingame-california
https://www.ubereats.com/san-francisco/food-delivery/camilles/drKob5h9QjSMDgzgfIef9Q,burlingame-california
https://www.ubereats.com/san-francisco/food-delivery/prontos-restaurant/guh87dTQSbGg4XVsGUeP1g,burlingame-california
https://www.ubereats.com/san-francisco/food-delivery/ikes-love-and-sandwiches-burlingame/KIeokuKxRv25WoHG8WLWlw,burlingame-california
https://www.ubereats.com/san-francisco/food-delivery/the-halal-guys-san-mateo/Lvbtk0AFQ3mCkntywazHXA,burlingame-california
https://www.ubereats.com/san-francisco/food-delivery/chocolate-making-%40-z-cioccolato-uber-moments/CNUSAGU3TZCbRQ7_5wJi-w,burlingame-california
https://www.ubereats.com/san-francisco/food-delivery/neals-coffee-shop-burlingame/vRh1uunnRkewNo_Gsx3hTA,burlingame-california
https://www.ubereats.com/san-francisco/food-delivery/teaspoon-san-mateo/J9FhQ321Tgy8PfJ3lDh-aQ,burlingame-california
https://www.ubereats.com/san-francisco/food-delivery/aldos-pizza/UcalZh9WTHKE2gBeN0VH8w,burlingame-california
https://www.ubereats.com/san-francisco/food-delivery/ali-baba/FWYOkJ4-Q76yEIQV_xFpeg,burlingame-california
https://www.ubereats.com/san-francisco/food-delivery/chicos-taqueria/gVhnL6Q0QJSlqRmZqx9ziw,burlingame-california
https://www.ubereats.com/san-francisco/food-delivery/dosa-n-biryani/Y2g4PGbSQxugqw2s9-2_SQ,burlingame-california
https://www.ubereats.com/san-francisco/food-delivery/cha-express/lMUl0xFTSnSaKM8JRlptzg,burlingame-california
https://www.ubereats.com/san-francisco/food-delivery/royal-donut-cafe/SOru7WHySk2CYuUGNscK3Q,burlingame-california
https://www.ubereats.com/san-francisco/food-delivery/five-guys-ca-1721-933-e-hillsdale/Hn-FlWjNQf-A5-UliMaGbg,burlingame-california
https://www.ubereats.com/san-francisco/food-delivery/starbucks-hickey-%26-skyline-pacifica/ClHe7Lx4TNuEcs8aNoZpkQ,burlingame-california
https://www.ubereats.com/san-francisco/food-delivery/root-chinese-restaurant/25H08ID-QxKBudqgZEAt_w,burlingame-california
https://www.ubereats.com/san-francisco/food-delivery/ryoshin-sushi/KcJrbrTuQ7O8lTVScl-lFQ,burlingame-california
https://www.ubereats.com/san-francisco/food-delivery/thonglor-thai-bistro/bumLHDdHQIm5jO3DcLflIA,burlingame-california
https://www.ubereats.com/san-francisco/food-delivery/chipotle-mexican-grill-135-s-el-camino-real/s8oHuEI1QHuY0VDqdQrXjQ,burlingame-california
https://www.ubereats.com/san-francisco/food-delivery/the-chennai-club/lFNnqcP0QwSpN0im6Oaclg,burlingame-california
https://www.ubereats.com/san-francisco/food-delivery/entrepanes-sandwich-co/l5c-qlxtTAqn02Zj2eNl5A,burlingame-california
https://www.ubereats.com/san-francisco/food-delivery/its-it-ice-cream/IX0lfjA_QUaW90GMZqx2gA,burlingame-california
https://www.ubereats.com/san-francisco/food-delivery/le-croissant-cafe/qOfheQE0QYe4n-k8b5k2BA,burlingame-california
https://www.ubereats.com/san-francisco/food-delivery/carls-jr-899-cherry-ave/bzbj_k5SSi2ks9-3QWIo0g,burlingame-california
https://www.ubereats.com/san-francisco/food-delivery/chipotle-mexican-grill-1050-park-pl/F7i_TYmySGStJDK-ViI_5g,burlingame-california
https://www.ubereats.com/san-francisco/food-delivery/maxs-of-burlingame/oo4ESpEHSd-SegHF0OBodA,burlingame-california
https://www.ubereats.com/san-francisco/food-delivery/k-grill-%26-tofu-house/6a_bR0qMRYqbQtZqCnTTUQ,burlingame-california
https://www.ubereats.com/san-francisco/food-delivery/hawaiian-drive-inn/dUdSoX2sT3W1CEl5BqS1hw,burlingame-california
https://www.ubereats.com/san-francisco/food-delivery/royal-pin-donuts/G4BOgAn7TnqyWiIJf1ahbQ,burlingame-california
https://www.ubereats.com/san-francisco/food-delivery/red-rooster-tacos/-8xVg_61SCW0dPNnywrZRw,burlingame-california
https://www.ubereats.com/san-francisco/food-delivery/porterhouse-restaurant/6Lx0xGaDTXuDd6DWwU3InA,burlingame-california
https://www.ubereats.com/san-francisco/food-delivery/cfood-crush/epQ6oAPMTJ6tNrTFBA7HRg,burlingame-california
https://www.ubereats.com/san-francisco/food-delivery/curry-corner/HbPnjjVKStS07Gr9gGMmqg,burlingame-california
https://www.ubereats.com/san-francisco/food-delivery/mokutanya/n0-K_KWrQbuRsbp5TsYxAw,burlingame-california
https://www.ubereats.com/san-francisco/food-delivery/chipotle-mexican-grill-2019-chess-dr/YZzdoTLORsaQc2HaGX3obw,burlingame-california
https://www.ubereats.com/san-francisco/food-delivery/mirchi-indian-kitchen/z5QlydtKTwyYerMsKcz5Sg,burlingame-california
https://www.ubereats.com/san-francisco/food-delivery/spicy-platters/niAX3vwkTdWfcuVrDAXaSA,burlingame-california
https://www.ubereats.com/san-francisco/food-delivery/pho-de-nguyen/bA8rrwwMRkaU4oj3CjbPXA,burlingame-california
https://www.ubereats.com/san-francisco/food-delivery/ryu-sushi-bistro/Ugf2U3RXQQ6t5virAScEQg,burlingame-california
https://www.ubereats.com/san-francisco/food-delivery/fresh-dumpling-%26-noodle/AqRVkBocRmSdoLO4LD571Q,burlingame-california
https://www.ubereats.com/san-francisco/food-delivery/menya-inshou-japanese-ramen/l3Wa-xLeTMu40DXGsPSIQw,burlingame-california
https://www.ubereats.com/san-francisco/food-delivery/thai-satay-restaurant-%26-bar/BuRcXSSJTS2X13h6uvbcxg,burlingame-california
https://www.ubereats.com/san-francisco/food-delivery/curry-curry-curry/TqQsVn8WQjWq2dBPKNEKaw,burlingame-california
https://www.ubereats.com/san-francisco/food-delivery/whispers-cafe-%26-creperie/HvZM0bMwRKOX_nYHzOLuJg,burlingame-california
https://www.ubereats.com/san-francisco/food-delivery/noori-pakistani-%26-indian-cuisine/d3oh7s_WT66ObesiRfFhFw,burlingame-california
https://www.ubereats.com/san-francisco/food-delivery/andiamo-in-banca/vE-c7fScRoqNttmmP5lEgw,burlingame-california
https://www.ubereats.com/san-francisco/food-delivery/grand-leader-deli/ECu6FrNgTs-5MRiD0MZ25Q,burlingame-california
https://www.ubereats.com/san-francisco/food-delivery/cobani-gyro-%26-kebab/c8_lO_tQSaurXF8Wct3NeA,burlingame-california
https://www.ubereats.com/san-francisco/food-delivery/zumix/ru_sPOCbSHK-n1bGIplTmg,burlingame-california
https://www.ubereats.com/san-francisco/food-delivery/la-collina-restaurant/ls3RGQvQSRuBgCxbYcuE7A,burlingame-california
https://www.ubereats.com/san-francisco/food-delivery/togos-180-s-airport-blvd-ste-2/oESyT4clQVWki8_bd2dNjg,burlingame-california
https://www.ubereats.com/san-francisco/food-delivery/papa-johns-pizza-san-bruno/_foSl9M-ReeGVcg7TbGA_Q,burlingame-california
https://www.ubereats.com/san-francisco/food-delivery/foreigner/j5sCFNCBRgKKFLlH07ygFA,burlingame-california
https://www.ubereats.com/san-francisco/food-delivery/ocean-palace-chinese-restaurant/Qv1iss4wTTWn2M4V-fBOmQ,burlingame-california
https://www.ubereats.com/san-francisco/food-delivery/holy-hummus/6TRMoGKhTYC4CkwPuW6QFw,burlingame-california
https://www.ubereats.com/san-francisco/food-delivery/seniores-pizza/aUov9OAeT_-MZAAXPy31jg,burlingame-california
https://www.ubereats.com/san-francisco/food-delivery/poki-time-belmont/7-0igRgET-qCXxbwllGiCA,burlingame-california
https://www.ubereats.com/san-francisco/food-delivery/mr-green-salad/8IaugHCDQYSSrsoDsbXo0A,burlingame-california
https://www.ubereats.com/san-francisco/food-delivery/freddie-parkers-pasta-%2B-salad-shop-san-mateo/k08PEO-EQLi1uKwGmggLbw,burlingame-california
https://www.ubereats.com/san-francisco/food-delivery/panda-express-2011-chess-dr/07VQeDsNS_CcfuyEBDhdqw,burlingame-california
https://www.ubereats.com/san-francisco/food-delivery/haagen-dazs-shop-60-31st-ave/vcUfmDwZSFuX8QDIjbHFtQ,burlingame-california
https://www.ubereats.com/san-francisco/food-delivery/panda-express-1453-burlingame-ave/h-uwHE1HT7ycjRR4IBDXMw,burlingame-california
https://www.ubereats.com/san-francisco/food-delivery/gyu-kaku-japanese-bbq-san-mateo/uiN-9DnXQxmAuIsnyexRkw,burlingame-california
https://www.ubereats.com/san-francisco/food-delivery/yi-fang-taiwan-fruit-tea/hez9NEl-SNylBe37hmW1og,burlingame-california
https://www.ubereats.com/san-francisco/food-delivery/the-ice-cream-shop/5eHhKyOYRWSEVhW_IIPQsw,burlingame-california
https://www.ubereats.com/san-francisco/food-delivery/aki-ramen/wFmBSEMfTme8-4BPMC_KJw,burlingame-california
https://www.ubereats.com/san-francisco/food-delivery/tratt-san-carlos/GxGumVm-RR23zGfFcIAiDQ,burlingame-california
https://www.ubereats.com/san-francisco/food-delivery/taqueria-el-toro/9cOjSWe5QF69sfIV5g0g1w,burlingame-california
https://www.ubereats.com/san-francisco/food-delivery/yangon/kabxOrh_RWyqqPECKKoJXw,burlingame-california
https://www.ubereats.com/san-francisco/food-delivery/famous-rib-shack/cv3svxS9QgCH59yzFPpWug,burlingame-california
https://www.ubereats.com/san-francisco/food-delivery/lucetis-on-25th-avenue/p8szAySPQAe31VdBHYl8Lg,burlingame-california
https://www.ubereats.com/san-francisco/food-delivery/sisters-kitchen/_8QXj1lxTiSyVT_I_8lozw,burlingame-california
https://www.ubereats.com/san-francisco/food-delivery/charm-thai-eatery/0j_klO90T36y7ajKfsMhWQ,burlingame-california
https://www.ubereats.com/san-francisco/food-delivery/americas-house-restaurant/lwxoF7LcSXa3CCAHaeSp9A,burlingame-california
https://www.ubereats.com/san-francisco/food-delivery/fuji-sukiyaki/jSF3rh5JS4-bhItrz5Qy5A,burlingame-california
https://www.ubereats.com/san-francisco/food-delivery/atlas-pizza-parlor/w2aurFWYSuC4ue68Pa3qcQ,burlingame-california
https://www.ubereats.com/san-francisco/food-delivery/beard-papa/DiTp4_ZsT02GFlCPkMCBWg,burlingame-california
https://www.ubereats.com/san-francisco/food-delivery/popeyes-180-south-airport-blvd/UXQbvZVaQ6WtkYVbl-otNQ,burlingame-california
https://www.ubereats.com/san-francisco/food-delivery/starbucks-4th-st-san-mateo/xhBSHnCgTa2ScHij7_C6ng,burlingame-california
https://www.ubereats.com/san-francisco/food-delivery/burger-king-972-el-camino-real/2CsumNTJTh-VikB8AgKTpw,burlingame-california
https://www.ubereats.com/san-francisco/food-delivery/freddie-parkers-pasta-%2B-salad-shop-rc/uD1sgMihQoO5G0qOn-72mQ,burlingame-california
https://www.ubereats.com/san-francisco/food-delivery/seniores-pizza/snkTUDguSI6snQ9bJH4_XQ,burlingame-california
https://www.ubereats.com/san-francisco/food-delivery/taco-bell-5200-coast-highway/05FDzncZQ26DUbCt7FCCpw,burlingame-california
https://www.ubereats.com/san-francisco/food-delivery/izanami/6GmLOvcLQNyCeIwMRjy9WA,burlingame-california
https://www.ubereats.com/san-francisco/food-delivery/koja-kitchen-sb/tpAxrzL_TPasRnVdJ-wt9g,burlingame-california
https://www.ubereats.com/san-francisco/food-delivery/jupiter-juice/VqyEFrXHRbqkgMu4he72cQ,burlingame-california
https://www.ubereats.com/san-francisco/food-delivery/hon-lin-restaurant/Rrg3D_j3SuqrR3uhZGaegg,burlingame-california
https://www.ubereats.com/san-francisco/food-delivery/coldstone-creamery-20755/vdEtFanGR86En_vDrrX2RA,burlingame-california
https://www.ubereats.com/san-francisco/food-delivery/avocado-toast/iinhLydyRvWwEnT_QvxGAQ,burlingame-california
https://www.ubereats.com/san-francisco/food-delivery/mr-burrito-man/PwwyBVtYQ0emgC5zoNdYAw,burlingame-california
https://www.ubereats.com/san-francisco/food-delivery/la-salsa-mexican-grill-san-bruno/wtVKJLKtR7-dBcer-xoPFA,burlingame-california
https://www.ubereats.com/san-francisco/food-delivery/pressed-juicery-burlingame/JmFkH5k_SiiTomMoY0NdkA,burlingame-california
https://www.ubereats.com/san-francisco/food-delivery/limon-rotisserie-burlingame/qoROayB3QVm_8uqrf7V8ng,burlingame-california
https://www.ubereats.com/san-francisco/food-delivery/ramen-sky/evKxItQ7Si20QfKEDlMLSg,burlingame-california
https://www.ubereats.com/san-francisco/food-delivery/taishoken/jS6QTKjrRsuAqo6GEpUt6A,burlingame-california
https://www.ubereats.com/san-francisco/food-delivery/grindstone-coffee/9xfxgNPJRIO6CYv0siScwQ,burlingame-california
https://www.ubereats.com/san-francisco/food-delivery/curry-corner/dbuFAJeORXSyI1rRXaH3uA,burlingame-california
https://www.ubereats.com/san-francisco/food-delivery/clay-oven-san-mateo/Q4G5WUItTmaMQ23kzhpH3Q,burlingame-california
https://www.ubereats.com/san-francisco/food-delivery/new-york-pizza/6Lsq6cFMRxmOPgssPAXm4Q,burlingame-california
https://www.ubereats.com/san-francisco/food-delivery/andes-cafe/DKd5cBY4TpCFrk8rlV85Lg,burlingame-california
https://www.ubereats.com/san-francisco/food-delivery/starbucks-broadway-%26-laguna-burlingame/ptt6BTB-RraP6BprMKeRYw,burlingame-california
https://www.ubereats.com/san-francisco/food-delivery/mendocino-farms-san-mateo/ongxkhdORxqprr6OB0ZePw,burlingame-california
https://www.ubereats.com/san-francisco/food-delivery/yama-sushi-belmont/d_XUoVL7Q0GJx4MeAF52uw,burlingame-california
https://www.ubereats.com/san-francisco/food-delivery/a-one-kitchen/uMhX5QMwTTyr8gcevYYyQQ,burlingame-california
https://www.ubereats.com/san-francisco/food-delivery/ritas-italian-ice-740-el-camino-real/MIU_9woBSlGtJfOhWYaXpA,burlingame-california
https://www.ubereats.com/san-francisco/food-delivery/mcdonalds-airport-blvd/Kbo_0c8HRWCyFgvNHATTgQ,burlingame-california
https://www.ubereats.com/san-francisco/food-delivery/chef-sha/M9zmCZKzRFKcOFj5CUUDJw,burlingame-california
https://www.ubereats.com/san-francisco/food-delivery/jamba-juice-525-broadway-ave/uQrNED2nTEmboGECSvYIig,burlingame-california
https://www.ubereats.com/san-francisco/food-delivery/sweethoney-dessert-foster-city/S2cC5LX5TeqOj_f8DIZzDA,burlingame-california
https://www.ubereats.com/san-francisco/food-delivery/the-habit-burger-grill-1100-park-place-bldg-2-suite-20/3zgT6iXUSXCsivL7ZKipfQ,burlingame-california
https://www.ubereats.com/san-francisco/food-delivery/vivace-restaurant/rIDjTxgGSEq4a48fBQBNPw,burlingame-california
https://www.ubereats.com/san-francisco/food-delivery/the-ice-cream-shop/IrjDIFb3RyaF94ZTSVqrjg,burlingame-california
https://www.ubereats.com/san-francisco/food-delivery/mijouri-sushi-bune/TfkiK1J4Tq2MaxeRu9u73w,burlingame-california
https://www.ubereats.com/san-francisco/food-delivery/fusion-peruvian-grill/1ZWfMH5hRaODAg55nh2nlw,burlingame-california
https://www.ubereats.com/san-francisco/food-delivery/mediterranean-kebab/MgPIz2JrRfi81YWexScoFg,burlingame-california
https://www.ubereats.com/san-francisco/food-delivery/dog-haus-biergarten/Mweh9PV5StO5tJZ4tcoG9w,burlingame-california
https://www.ubereats.com/san-francisco/food-delivery/nick-the-greek-san-carlos/4RySDLtkQVqgMk63iQ0oXw,burlingame-california
https://www.ubereats.com/san-francisco/food-delivery/red-lobster-1210-el-camino-real/n3YW0TIiTfC5_Z4CoC5pww,burlingame-california
https://www.ubereats.com/san-francisco/food-delivery/mr-pickles-sandwich-shop-san-mateo/WSh1RL8vTJSkExnt0qPx8g,burlingame-california
https://www.ubereats.com/san-francisco/food-delivery/sushi-maruyama/uy-y_nm6Qs-M-DeYExqYhg,burlingame-california
https://www.ubereats.com/san-francisco/food-delivery/hung-to-seafood-restaurant/VMb7_M0IQcKxTuFCAiW4Nw,burlingame-california
https://www.ubereats.com/san-francisco/food-delivery/bay-watch-restaurant-san-mateo/i2r5QUvoSD-oY7it5vlcSQ,burlingame-california
https://www.ubereats.com/san-francisco/food-delivery/starbucks-el-camino-%26-sneath/5Nh3fBgoRQOExK_0_dLQ-Q,burlingame-california
https://www.ubereats.com/san-francisco/food-delivery/pasquallys-pizza-%26-wings-1270-1272-el-camino-real/ONq0FvieQ--kDau9H9qbHg,burlingame-california
https://www.ubereats.com/san-francisco/food-delivery/taqueria-la-cumbre/nHWBzh9fQwy0HiLa8o_C9g,burlingame-california
https://www.ubereats.com/san-francisco/food-delivery/starbucks-burlingame-ave/6ZONAi4FQUmUd3lMGwp3HA,burlingame-california
https://www.ubereats.com/san-francisco/food-delivery/dennys-2920-s-norfolk/FdJ_bIzkQX6pOUaQdL5MqA,burlingame-california
https://www.ubereats.com/san-francisco/food-delivery/dosa-by-dosa-belmont/uzL7FVt0QpCjDTKfRsTMCw,burlingame-california
https://www.ubereats.com/san-francisco/food-delivery/mcdonalds-1101-el-camino/WN_hzgR7Tc65TYR26UcbIw,burlingame-california
https://www.ubereats.com/san-francisco/food-delivery/starbucks-gellert-%26-serramonte-daly-city/sLFr4DtvT8aYY_vii1dxMg,burlingame-california
https://www.ubereats.com/san-francisco/food-delivery/starbucks-saratoga-%26-park-place-san-mateo/liLgVYf4R6uXA_4VrnNyDQ,burlingame-california
https://www.ubereats.com/san-francisco/food-delivery/amicis-east-coast-pizzeria-redwood-city/uISqx-DmTSa0ViD4-MRpAQ,burlingame-california
https://www.ubereats.com/san-francisco/food-delivery/safeway-millbrae/18_aq-j2SDi7mclsZc9oWg,burlingame-california
https://www.ubereats.com/san-francisco/food-delivery/bbq-king/87b4LWlVTeegxitDBOE5RA,burlingame-california
https://www.ubereats.com/san-francisco/food-delivery/marinas-cafe/C0hrloktR0y7FjqH-mNINA,burlingame-california
https://www.ubereats.com/san-francisco/food-delivery/cjs-gourmet-delicatessen/o1RLIioaShyX2d2dqYuk9g,burlingame-california
https://www.ubereats.com/san-francisco/food-delivery/o-sole-mio-restaurant/dO9sPB9vR5yHAoqQO7tMEw,burlingame-california
https://www.ubereats.com/san-francisco/food-delivery/the-habit-burger-grill-1297-chess-drive-suite-a/EHOzIMlbSO6iHVqoJdPogQ,burlingame-california
https://www.ubereats.com/san-francisco/food-delivery/popeyes-1310-el-camino-real/ctVsKq8yTxuE8nYNcdE5GA,burlingame-california
https://www.ubereats.com/san-francisco/food-delivery/momo-izakaya/MWU4Gb6rTnuVUfhP2zqd0Q,burlingame-california
https://www.ubereats.com/san-francisco/food-delivery/chevys-141-hickey-blvd/9ApMQWppRA-_Tpjr9YmnEQ,burlingame-california
https://www.ubereats.com/san-francisco/food-delivery/gourmonade/OKP3RLaQSsCGYx-AviGG3g,burlingame-california
https://www.ubereats.com/san-francisco/food-delivery/chancay-new-world-cafe/_OApuVYfTcuSBHGVYjGnDg,burlingame-california
https://www.ubereats.com/san-francisco/food-delivery/starbird-salads-foster-city/Qs_8Ym0cR7eNkwkJmLo8HA,burlingame-california
https://www.ubereats.com/san-francisco/food-delivery/taco-bell-210-el-camino-real/_HGHufi2RZKakfI-VXqX_A,burlingame-california
https://www.ubereats.com/san-francisco/food-delivery/jersey-mikes-subs-2925-south-el-camino-real/fkwGJeTvRua-1VCLaBui4g,burlingame-california
https://www.ubereats.com/san-francisco/food-delivery/five-guys-ca-1677-2278-westborough-blvd/3iDhwZhdQ6-l_UMA2dxXCw,burlingame-california
https://www.ubereats.com/san-francisco/food-delivery/spicy-factory/fogLZ-MfRlep3pBnpb-FFA,burlingame-california
https://www.ubereats.com/san-francisco/food-delivery/noodle-era/y-9lJmMgQuO5wQxMFq9H6Q,burlingame-california
https://www.ubereats.com/san-francisco/food-delivery/amicis-east-coast-pizzeria/O4apJYxoTYG8lRHm8rztMQ,burlingame-california
https://www.ubereats.com/san-francisco/food-delivery/wendys-176-gateway-blvd/r_NWV4VZQg2543bzXJgROA,burlingame-california
https://www.ubereats.com/san-francisco/food-delivery/caribbean-gardens/MkyDPbKnQRiOweHXfQCszA,burlingame-california
https://www.ubereats.com/san-francisco/food-delivery/urban-momo-san-mateo/TnfGSvIUR4iAK361DdcTrQ,burlingame-california
https://www.ubereats.com/san-francisco/food-delivery/hidden-spot/i3Y5lvYbR1-S2eUKowkM5A,burlingame-california
https://www.ubereats.com/san-francisco/food-delivery/original-maxs-burlingame/tIeeWy-yRe2QOBMEXXS0QQ,burlingame-california
https://www.ubereats.com/san-francisco/food-delivery/5-star-krispy-krunchy/9E7-ETYZSGC5JYZkQrKivA,burlingame-california
https://www.ubereats.com/san-francisco/food-delivery/red-rooster-tacos/xdp54tPPSXKDCMw7fkF9Zw,burlingame-california
https://www.ubereats.com/san-francisco/food-delivery/pita-hub/xV7zk4pxSI2sqEnltd77rw,burlingame-california
https://www.ubereats.com/san-francisco/food-delivery/tams-cuisine-of-china/oq_VcHj9R0W2-t-X_kYDrQ,burlingame-california
https://www.ubereats.com/san-francisco/food-delivery/fuumi/kRDTlmEMRACfRISTEPs3-Q,burlingame-california
https://www.ubereats.com/san-francisco/food-delivery/akizu-sushi/JWtgdhlgShOu-5b2nYF3cw,burlingame-california
https://www.ubereats.com/san-francisco/food-delivery/noelanis-hawaiian-fusion-bar-and-grill/lrar3P6bR1CWNwanyQPPqg,burlingame-california
https://www.ubereats.com/san-francisco/food-delivery/yi-fang-taiwan-fruit-tea-san-mateo/kLcFxpAgTuqu557IR67JXg,burlingame-california
https://www.ubereats.com/san-francisco/food-delivery/thai-stick/rNGDklvBSXevmQoFYZ9xbA,burlingame-california
https://www.ubereats.com/san-francisco/food-delivery/la-corneta-taqueria-burlingame-ave/WhzZ61uETG66ELYpH5oT5A,burlingame-california
https://www.ubereats.com/san-francisco/food-delivery/starbucks-17th-%26-el-camino-san-mateo/jBz0uJtHSfuLm3AANM3WWw,burlingame-california
https://www.ubereats.com/san-francisco/food-delivery/pita-palace/x6qJbpj1Qp60EK1CUCEETQ,burlingame-california
https://www.ubereats.com/san-francisco/food-delivery/bayhill-vietnamese-bistro/ZR3T8rGWTca01tCa_QOPzg,burlingame-california
https://www.ubereats.com/san-francisco/food-delivery/leonardos-deli-%26-cafe/74oRwlc0S5WDnLKDQkrnZA,burlingame-california
https://www.ubereats.com/san-francisco/food-delivery/humphry-slocombe-ice-cream-belmont/OYeVP3n4SMycUSGeC5f-Cg,burlingame-california
https://www.ubereats.com/san-francisco/food-delivery/olives-mediterranean-%26-greek-cuisine/cP1ufvOXS4qicVwCzQPZgQ,burlingame-california
https://www.ubereats.com/san-francisco/food-delivery/unfurl/yL8ftQ0sTzWdIg-A-rdQow,burlingame-california
https://www.ubereats.com/san-francisco/food-delivery/chef-phongs-kitchen/RPDzylnDReG7xDINxY9HAQ,burlingame-california
https://www.ubereats.com/san-francisco/food-delivery/london-fish-%26-chips/Gwg_CI8TT_6FSGTHrHl9Jw,burlingame-california
https://www.ubereats.com/san-francisco/food-delivery/izakaya-mai/ynZASyzzRaitAPG2rsE-cA,burlingame-california
https://www.ubereats.com/san-francisco/food-delivery/beautea/yknZNoIBRQ2QsrOnzxprTQ,burlingame-california
https://www.ubereats.com/san-francisco/food-delivery/rawan-cafe/lBG84UDGSx-XMIThVO0cDg,burlingame-california
https://www.ubereats.com/san-francisco/food-delivery/salt-%26-straw-burlingame/V7xHkkYuRFetxSg2UIabSw,burlingame-california
https://www.ubereats.com/san-francisco/food-delivery/moms-tofu-house-millbrae/UNXsr2KoRnSGyLhWEhggqw,burlingame-california
https://www.ubereats.com/san-francisco/food-delivery/bunbaocom-milk-tea-lab/8mhLcNmPQFCg8zDKhrGTkA,burlingame-california
https://www.ubereats.com/san-francisco/food-delivery/rasa-burlingame/ShGqiWWRQRWqVwH4Y71iYA,burlingame-california
https://www.ubereats.com/san-francisco/food-delivery/millbrae-pancake-house/qzwpmEscQPGgFpoR4366mA,burlingame-california
https://www.ubereats.com/san-francisco/food-delivery/sam-choys-poke-to-the-max/UOcqRtYsSrmn5iFImVPPVQ,burlingame-california
https://www.ubereats.com/san-francisco/food-delivery/manila-express/41FfANOQSjenUAC0Dv_SBQ,burlingame-california
https://www.ubereats.com/san-francisco/food-delivery/south-city-dumpling/4FJGwpjxSs2EWjtodlKNlQ,burlingame-california
https://www.ubereats.com/san-francisco/food-delivery/trapeze-restaurant/9AYpe6RoQKmtA0eYLDaMZg,burlingame-california
https://www.ubereats.com/san-francisco/food-delivery/camino-corner/dCubxbNyRAaEkk3Ryh3Dtw,burlingame-california
https://www.ubereats.com/san-francisco/food-delivery/taqueria-angelicas/PbcfEFkRQdiA9fvfe_o-ow,burlingame-california
https://www.ubereats.com/san-francisco/food-delivery/the-sandwich-spot-san-mateo/xPyA8trVQ3OPA-lRb7IrGA,burlingame-california
https://www.ubereats.com/san-francisco/food-delivery/best-of-burma-san-mateo/0OUuHMj1RVOREZeGwIB5Dw,burlingame-california
https://www.ubereats.com/san-francisco/food-delivery/inchins-bamboo-garden-san-mateo/2lYrj183RTKKoBG5K9pR_A,burlingame-california
https://www.ubereats.com/san-francisco/food-delivery/taqueria-el-grano-de-oro/dFwd7nKrQWefpcHMTXdG0A,burlingame-california
https://www.ubereats.com/san-francisco/food-delivery/starbucks-deanza-%26-polhemus/ePUKm63TRcW1lZisGRst9w,burlingame-california
https://www.ubereats.com/san-francisco/food-delivery/kincaids-60-bay-view-place/0IFtDe2CSlGQXn2MRPaIgQ,burlingame-california
https://www.ubereats.com/san-francisco/food-delivery/pizza-my-heart-san-mateo/EvfiISEcQFmkll1Yqdf03g,burlingame-california
https://www.ubereats.com/san-francisco/food-delivery/subway-1308-broadway/0oNP-0PEQ6un-xWPu-7HVg,burlingame-california
https://www.ubereats.com/san-francisco/food-delivery/antigua/tEKOtAeyQEij3ilcYRFN9Q,burlingame-california
https://www.ubereats.com/san-francisco/food-delivery/nueve/MHAHIrPlROqvEHR0ZSH1KQ,burlingame-california
https://www.ubereats.com/san-francisco/food-delivery/yummy-szechuan/UK9QDZyaS_i0JN-284Y0_g,burlingame-california
https://www.ubereats.com/san-francisco/food-delivery/yoshi-ramen-and-sushi/nSL8TMzyQGe-7e5cb-Mpiw,burlingame-california
https://www.ubereats.com/san-francisco/food-delivery/starbucks-metro-center-foster-city/45_uUf7mQgeH02XYgxR42g,burlingame-california
https://www.ubereats.com/san-francisco/food-delivery/yifang-taiwan-fruit-tea/DVF8252pQIeUmR7jrYIqSg,burlingame-california
https://www.ubereats.com/san-francisco/food-delivery/little-saigon/uUlZX9uZQR-kM5wQ0DaHSg,burlingame-california
https://www.ubereats.com/san-francisco/food-delivery/bambu-desserts-%26-drink-milbrae/jF_DM-cIT0KkHBknFGmUWQ,burlingame-california
https://www.ubereats.com/san-francisco/food-delivery/starbucks-ralston-%26-el-camino-belmont/PiBzKGKyTxGBUsKSQlb8QA,burlingame-california
https://www.ubereats.com/san-francisco/food-delivery/farm-%26-vine-american-bistro/9kXyqM6NTDqwxTDXMKAJJA,burlingame-california
https://www.ubereats.com/san-francisco/food-delivery/mr-taco-man/vlXlHoZwRniewce0k8vEvA,burlingame-california
https://www.ubereats.com/san-francisco/food-delivery/fiddlers-green-irish-pub-%26-restaurant/QQkq7VAeQriL7SUkpZqI4w,burlingame-california
https://www.ubereats.com/san-francisco/food-delivery/hula-hoops/zejAsTLeSk-vXQI3Dic4EA,burlingame-california
https://www.ubereats.com/san-francisco/food-delivery/the-ice-cream-shop/zM1UDRjWTDWgqkkRgW6Y3Q,burlingame-california
https://www.ubereats.com/san-francisco/food-delivery/extreme-pizza-san-bruno/ujdCF1QOTIG4LS-im5ZzXQ,burlingame-california
https://www.ubereats.com/san-francisco/food-delivery/starbucks-grand-%26-linden/T5cHsU7ITEGVv6_8VDifbA,burlingame-california
https://www.ubereats.com/san-francisco/food-delivery/caffe-roma/ogYRvvEtQ_mce-gyhn75RA,burlingame-california
https://www.ubereats.com/san-francisco/food-delivery/beach-monkey-organic-cafe/Wn8gAkebTp6HiLqWJAODmw,burlingame-california
https://www.ubereats.com/san-francisco/food-delivery/cheung-hing-seafood-restaurant/XQNKEk3eREC8Tsr28PaRzw,burlingame-california
https://www.ubereats.com/san-francisco/food-delivery/jacks-restaurant-san-bruno/KmB1Q_juQ2qr-EG2cCIshA,burlingame-california
https://www.ubereats.com/san-francisco/food-delivery/saltyard/6_l5FifmTw6MqS07PwoMjQ,burlingame-california
https://www.ubereats.com/san-francisco/food-delivery/bay-watch-restaurant-burlingame/_djQWC_tSE2tp-vNOiDGtw,burlingame-california
https://www.ubereats.com/san-francisco/food-delivery/cafe-400/cNd1PZpxRWeu5ilwAo5gfA,burlingame-california
https://www.ubereats.com/san-francisco/food-delivery/noodles-state/79gP11f8T6uW4pcw_HDkSQ,burlingame-california
https://www.ubereats.com/san-francisco/food-delivery/pizzeria-delfina-burlingame/28NaOhs7SaWZGdyHwsQMHA,burlingame-california
https://www.ubereats.com/san-francisco/food-delivery/amami-sushi/9w0t9c0oScaUr6cFX1t-rw,burlingame-california
https://www.ubereats.com/san-francisco/food-delivery/e-plus-cafe/kTNe9OdWT6y2A7dwpFJvMw,burlingame-california
https://www.ubereats.com/san-francisco/food-delivery/subway-110-grand-ave/Cc3Q43ExQP2_FIzg14lOvQ,burlingame-california
https://www.ubereats.com/san-francisco/food-delivery/panda-express-1150-el-camino-real/Ilx4q7rDQIu_u25gDBcUBQ,burlingame-california
https://www.ubereats.com/san-francisco/food-delivery/lotus-falafel-and-shawerma/AzNTb-_rSoyS_n0xjl9rTw,burlingame-california
https://www.ubereats.com/san-francisco/food-delivery/subway-530-s-norfolk-st/xLxfabGSTam-aS2QVFAgvQ,burlingame-california
https://www.ubereats.com/san-francisco/food-delivery/poppies-bistro/IORz997NSgyXbucY6fFVIQ,burlingame-california
https://www.ubereats.com/san-francisco/food-delivery/subway-330-palmetto-ave/v1S17elHR0q_xns7vx1a6g,burlingame-california
https://www.ubereats.com/san-francisco/food-delivery/bjs-restaurant-%26-brewhouse-1140-el-camino-real-suite-271/OOKOpgK_QX-EKZNL0Nk5jA,burlingame-california
https://www.ubereats.com/san-francisco/food-delivery/which-wich-belmont/9xhcH867TsOmPJOLNVgq3g,burlingame-california
https://www.ubereats.com/san-francisco/food-delivery/jupiter-juice/7sbObHnVRn2r5hXX0vnQqQ,burlingame-california
https://www.ubereats.com/san-francisco/food-delivery/starbucks-millbrae-square/LrSeuP-wQyqa4xSdQyGONg,burlingame-california
https://www.ubereats.com/san-francisco/food-delivery/rockys-burgers/NwEKH55nR_2X6nRTrw6U-Q,burlingame-california
https://www.ubereats.com/san-francisco/food-delivery/gigis-cafe/IoRNA67SRte0CCs4Muo92g,burlingame-california
https://www.ubereats.com/san-francisco/food-delivery/ajisen-ramen-%E5%91%B3%E5%8D%83%E6%8B%89%E9%BA%B5/0FFPD-KMTkmCo8VjS-xEuQ,burlingame-california
https://www.ubereats.com/san-francisco/food-delivery/penelopes-coffee-and-tea/kSOUvAc9RN-WUcUXYkfRyQ,burlingame-california
https://www.ubereats.com/san-francisco/food-delivery/new-thai-elephant/jKJIfhkTSZ6yChF-he91Xw,burlingame-california
https://www.ubereats.com/san-francisco/food-delivery/wing-nuts!/0leOLnNBTTSUFjwdutJMsw,burlingame-california
https://www.ubereats.com/san-francisco/food-delivery/hooters-el-camino-real-%26-commodore-dr/wU6UWawORqie8Qja45VRpw,burlingame-california
https://www.ubereats.com/san-francisco/food-delivery/fire-pot-san-francisco/32nOpAJ2RoSQKgbr-z0TFA,burlingame-california
https://www.ubereats.com/san-francisco/food-delivery/streetside-by-dosa-belmont/eShq4smqS0u1GotBqH_Bfw,burlingame-california
https://www.ubereats.com/san-francisco/food-delivery/the-ice-cream-shop/GdbyRzvoQDmpDp0VFPF3cw,burlingame-california
https://www.ubereats.com/san-francisco/food-delivery/curry-stop-el-camino-real/FsFOo4TzQdmyoE2akXVDaw,burlingame-california
https://www.ubereats.com/san-francisco/food-delivery/bay-area-bagels/jaI6bP-eSL6xLGpzvFjPwQ,burlingame-california
https://www.ubereats.com/san-francisco/food-delivery/kats-vietnam-house/eRkDZLCURlaY1jE91U59kQ,burlingame-california
https://www.ubereats.com/san-francisco/food-delivery/spiral-japanese-restaurant/xH10aa7nRcO_HvpnYdfVSA,burlingame-california
https://www.ubereats.com/san-francisco/food-delivery/korean-bobcha/7Wc-wu_ISMCyqAak1iblIQ,burlingame-california
https://www.ubereats.com/san-francisco/food-delivery/all-spice/nu3gwLg-ScGPEKR6TWPfVA,burlingame-california
https://www.ubereats.com/san-francisco/food-delivery/taqueria-las-cazuelas/WDVj0kKPTRKGZO0OZBirmA,burlingame-california
https://www.ubereats.com/san-francisco/food-delivery/chatime-san-mateo/bZuyB7XTQBmIsg8eNkncog,burlingame-california
https://www.ubereats.com/san-francisco/food-delivery/la-torta-sabrosa/8fnVpEwZRQip5U12j4kQYQ,burlingame-california
https://www.ubereats.com/san-francisco/food-delivery/rustic-house-oyster-bar-and-grill/zigyydXPQHaoAtD6g0Oxfw,burlingame-california
https://www.ubereats.com/san-francisco/food-delivery/three-restaurant-%26-bar/9OXCL7CSQYyaMKP6RA00AQ,burlingame-california
https://www.ubereats.com/san-francisco/food-delivery/soons-tofu-%26-korean-bbq/6UyJc4OGTBOt3fLBC3t1iQ,burlingame-california
https://www.ubereats.com/san-francisco/food-delivery/white-elephant-restaurant/Ppqn4uHRRG-NnF-uSjkT5Q,burlingame-california
https://www.ubereats.com/san-francisco/food-delivery/mediterranean-kitchen/qXUowILQS_mP7QGZu-bIOw,burlingame-california
https://www.ubereats.com/san-francisco/food-delivery/philz-coffee-2248-westborough-blvd-%23306/Jwjerlw4Rjep08-UF33Qig,burlingame-california
https://www.ubereats.com/san-francisco/food-delivery/broadway-grill/TtZAPsCXS26dsTtTcZZp4w,burlingame-california
https://www.ubereats.com/san-francisco/food-delivery/shiki-bento-house-foster-city/nq5_TdnwTzOtyV5Wnhu2_Q,burlingame-california
https://www.ubereats.com/san-francisco/food-delivery/deja-vu-juice-bar/vo9grrakRHS8-bOgL-_JUw,burlingame-california
https://www.ubereats.com/san-francisco/food-delivery/mordisko/arXUJtR0SdGVt-jizSPVtQ,burlingame-california
https://www.ubereats.com/san-francisco/food-delivery/pipeline-poke/97ZkTQVoRoOQcPXMgvJnHQ,burlingame-california
https://www.ubereats.com/san-francisco/food-delivery/panda-express-500-linda-mar-blvd/X4f72j3WRVWe3hMN6jYh4A,burlingame-california
https://www.ubereats.com/san-francisco/food-delivery/amami-sushi-bistro/rKluAj4nTqSOkfpMxvs5QQ,burlingame-california
https://www.ubereats.com/san-francisco/food-delivery/beverly-hills-platters/R-dEBDXfQviE8xZ5meeYDw,burlingame-california
https://www.ubereats.com/san-francisco/food-delivery/spork-and-stix/DkMOusiAQny350BUqCQQRw,burlingame-california
https://www.ubereats.com/san-francisco/food-delivery/calibur-express-belmont/Tt_lujnVRviWP4O2r_6xEA,burlingame-california
https://www.ubereats.com/san-francisco/food-delivery/bjs-restaurant-%26-brewhouse-2206-bridgepoint-parkway/OjQEiidvRJisc7qqR6mTiQ,burlingame-california
https://www.ubereats.com/san-francisco/food-delivery/t4-millbrae/k9_CiSg3RbapHNDyNMyAvA,burlingame-california
https://www.ubereats.com/san-francisco/food-delivery/ihop-648/HdsOd2TqSQW4OJJPLLVbeg,burlingame-california
https://www.ubereats.com/san-francisco/food-delivery/tea-plus-noodles/dOUoyHP7RRGBsnJrOrW1mQ,burlingame-california
https://www.ubereats.com/san-francisco/food-delivery/little-belmont-cafe/jh_zxomoTYemnO-tP5c2wQ,burlingame-california
https://www.ubereats.com/san-francisco/food-delivery/el-tesoro-taqueria-and-grill/a3SqFFTWTdS8osEe4tKghQ,burlingame-california
https://www.ubereats.com/san-francisco/food-delivery/zorbas-millbrae/jQkj5U4vT2C6hXBzNP1iYw,burlingame-california
https://www.ubereats.com/san-francisco/food-delivery/panera-320-adrian-road/Kt4Dum31Tne7FDyHDA7wpw,burlingame-california
https://www.ubereats.com/san-francisco/food-delivery/boston-market-332-gellert-boulevard/nBKcjnKKTTehoy_seA_9nQ,burlingame-california
https://www.ubereats.com/san-francisco/food-delivery/sushi-lover/QAu0ZQ3ST7agviFKnWFWVw,burlingame-california
https://www.ubereats.com/san-francisco/food-delivery/boudin-bakery-south-san-francisco/TJGmjkNNQ1mXohU9SQYreQ,burlingame-california
https://www.ubereats.com/san-francisco/food-delivery/cafe-2k/J-W9YyCWQwWWy23-hyiTjw,burlingame-california
https://www.ubereats.com/san-francisco/food-delivery/vedas-indian-restaurant-san-mateo/2NusqkBcTH2Jn6YhYYC1fQ,burlingame-california
https://www.ubereats.com/san-francisco/food-delivery/kobe-japanese-cuisine-%26-bar/NIAHjEDUSTGpT351MFkQ1g,burlingame-california
https://www.ubereats.com/san-francisco/food-delivery/boiling-beijing/JE_flGqPTn-2wg_SeU1jyw,burlingame-california
https://www.ubereats.com/san-francisco/food-delivery/z-one-kitchen%E5%B2%90%E5%B1%B1%E8%82%89%E5%A4%B9%E9%A6%8D/8u8ctdgOQMSdO3a_N6sBuQ,burlingame-california
https://www.ubereats.com/san-francisco/food-delivery/curry-hyuga/qRXAj-q4Q5ytR4IJUCLuXw,burlingame-california
https://www.ubereats.com/san-francisco/food-delivery/big-belly-deli/o_kf5haqR0Cxb99e8sp9fw,burlingame-california
https://www.ubereats.com/san-francisco/food-delivery/carls-jrcarls-jr-green-burrito-1140-triton-dr/Es4gJErRRuq_WsDo-hUNnA,burlingame-california
https://www.ubereats.com/san-francisco/food-delivery/hot-wok-cafe/Zk1l23BiSqWt3y62n3wF0A,burlingame-california
https://www.ubereats.com/san-francisco/food-delivery/taqueria-mediterranea/8b0dwMqJS8uBrqvj8zypxA,burlingame-california
https://www.ubereats.com/san-francisco/food-delivery/sumac-mediterranean-grill/GeY_PBLRRAO24ZkvhrkeuA,burlingame-california
https://www.ubereats.com/san-francisco/food-delivery/philz-coffee-113-s-b-stsan-mateo/0UWVuhDhS3aLDbeCCh6LQA,burlingame-california
https://www.ubereats.com/san-francisco/food-delivery/delicious-crepes/5yDm4_DnTpKjTY74eYVdyg,burlingame-california
https://www.ubereats.com/san-francisco/food-delivery/full-house-burlingame/ytcnt9aiQguIRmEXG-attg,burlingame-california
https://www.ubereats.com/san-francisco/food-delivery/mr-pizza-man-san-mateo/YL3kCwSBQW2aOBg5_SxTiA,burlingame-california
https://www.ubereats.com/san-francisco/food-delivery/five-guys-ca-1370-203-primrose-dr/ynM5lEwcRf2Osj7lrj44tw,burlingame-california
https://www.ubereats.com/san-francisco/food-delivery/tai-wu-el-camino-real/MlZy3R85QhO_5UbwsHJpEA,burlingame-california
https://www.ubereats.com/san-francisco/food-delivery/super-cue-cafe-san-mateo/nAA2jA0yQjyXEs8QpEw1CA,burlingame-california
https://www.ubereats.com/san-francisco/food-delivery/parmigiano-pizza/eV0mv65aQhCZOtglMpF7nA,burlingame-california
https://www.ubereats.com/san-francisco/food-delivery/taku-taku-peruvian-cuisine/P_Jp_vzqT7-NhjJBxExi5Q,burlingame-california
https://www.ubereats.com/san-francisco/food-delivery/burger-king-san-francisco-international-airport/zvVMcv_yQCau5J1e4b044Q,burlingame-california
https://www.ubereats.com/san-francisco/food-delivery/brekkie-bagels/_pEWGMd6SPC6dKmPXNlbFQ,burlingame-california
https://www.ubereats.com/san-francisco/food-delivery/boiling-point-san-mateo/FRadH1UxTeKG_yN1KQN7Jg,burlingame-california
https://www.ubereats.com/san-francisco/food-delivery/flights-burlingame/AqiSewoyRGuJsvY-0MvmuQ,burlingame-california
https://www.ubereats.com/san-francisco/food-delivery/windy-city-pizza-%26-bbq/CJmStaUvRz68JvrhhVS7xQ,burlingame-california
https://www.ubereats.com/san-francisco/food-delivery/yaprak-doner/b-kt49j-Ro2DlppNMln5Yw,burlingame-california
https://www.ubereats.com/san-francisco/food-delivery/falafel-tazah/ix8BqYdESc6jymp7NRhPmw,burlingame-california
https://www.ubereats.com/san-francisco/food-delivery/china-garden/U2QQBOaJQNe0Qz449SFxLA,burlingame-california
https://www.ubereats.com/san-francisco/food-delivery/feng-cha-teahouse/PSsbXGd5SkCIDs6bmh0Omg,burlingame-california
https://www.ubereats.com/san-francisco/food-delivery/starbucks-oceana-%26-manor/8GTPBD-FRdejsTyqt_aplA,burlingame-california
https://www.ubereats.com/san-francisco/food-delivery/rice-n-roll/5REd4KLSRZe2MaMtpolAYw,burlingame-california
https://www.ubereats.com/san-francisco/food-delivery/subway-1310-el-camino-real-ste-d/gTdBh-XrQ1C6WhNgzAZKyw,burlingame-california
https://www.ubereats.com/san-francisco/food-delivery/sweet-indulgence/A5dpeJ-KQwmfU2ePC7ZfLA,burlingame-california
https://www.ubereats.com/san-francisco/food-delivery/mazzat-bistro/vTlLij8bQcmM2fyhOWrfNg,burlingame-california
https://www.ubereats.com/san-francisco/food-delivery/seoul-kalbi-korean-bbq/9XqcYqxjTMO-12EsmvX77g,burlingame-california
https://www.ubereats.com/san-francisco/food-delivery/sugandh-indian-restaurant/m2IAIwpHSdCxcytCkW0RIg,burlingame-california
https://www.ubereats.com/san-francisco/food-delivery/tabla-indian-restaurant-san-mateo/qSIvDeVPRqWtUC2IJsEOuw,burlingame-california
https://www.ubereats.com/san-francisco/food-delivery/lulus-on-laurel/nLO1WZ42T7mVnnUx4kNZ4g,burlingame-california
https://www.ubereats.com/san-francisco/food-delivery/patio-coffee-shop/fByDdWD3Q0SAi7FWerjzaw,burlingame-california
https://www.ubereats.com/san-francisco/food-delivery/tannourine-restaurant/Tkx14lCKRGOsqBnPOCEQ6A,burlingame-california
https://www.ubereats.com/san-francisco/food-delivery/sesame-korean-cuisine/10VsVhOcTE2QkaDNl7G0Zg,burlingame-california
https://www.ubereats.com/san-francisco/food-delivery/philz-coffee-305-primrose-road/KkwIEjMxRd2qhGYpMz-8wQ,burlingame-california
https://www.ubereats.com/san-francisco/food-delivery/rancho-las-trancas-mexican-restaurant/YFbWAcM0RIWrfQM3S05GCA,burlingame-california
https://www.ubereats.com/san-francisco/food-delivery/starbucks-peninsula-%26-delaware-san-mateo/burXEwg3RL6fgR-gLEiddg,burlingame-california
https://www.ubereats.com/san-francisco/food-delivery/barrel-bistro/iSLkiD00TU-3PZjmW6QG3A,burlingame-california
https://www.ubereats.com/san-francisco/food-delivery/tea-by-little-s/4__WsVZMQRuwl9aroRhD9g,burlingame-california
https://www.ubereats.com/san-francisco/food-delivery/wendys-499-el-camino-real/l2OaBHHDRuSnrUIBjfs4ow,burlingame-california
https://www.ubereats.com/san-francisco/food-delivery/mcdonalds-576-linda-mar-blvd/WwaDJu-vRwSK85vm_7VsOA,burlingame-california
https://www.ubereats.com/san-francisco/food-delivery/burger-king-1278-el-camino-real/JewxeMpGQfSxXPntIjtM_g,burlingame-california
https://www.ubereats.com/san-francisco/food-delivery/tai-wu-bbq-%26-noodle-king-dr/opiZVQyCTHSDDnTFPy3a2w,burlingame-california
https://www.ubereats.com/san-francisco/food-delivery/pranzi/CFJ8uYj5T528TE-mRpj2Zg,burlingame-california
https://www.ubereats.com/san-francisco/food-delivery/mcdonalds-587-el-camino/-I_UuVCNQN2sSRElT9TS3w,burlingame-california
https://www.ubereats.com/san-francisco/food-delivery/araujos/FP-O5lNQQyiZXY4otPSRZw,burlingame-california
https://www.ubereats.com/san-francisco/food-delivery/joy-of-hunan/D3F5i0weSWmzfH7M3WZhxQ,burlingame-california
https://www.ubereats.com/san-francisco/food-delivery/da-poke-man/LCMe6sUkQJi9pswUAeLcow,burlingame-california
https://www.ubereats.com/san-francisco/food-delivery/starbucks-san-carlos-%26-laurel/PTWuoxFXSVOouDJqdJ26Cg,burlingame-california
https://www.ubereats.com/san-francisco/food-delivery/taqueria-leon/Y5nSlyZpTNWc9vD-eJ1xLQ,burlingame-california
https://www.ubereats.com/san-francisco/food-delivery/royal-feast/gQWvQj6hRZ2dhory7WnmcA,burlingame-california
https://www.ubereats.com/san-francisco/food-delivery/dash-japanese-tapas/WUIw7xbeRbu7MsOyQOCYmA,burlingame-california
https://www.ubereats.com/san-francisco/food-delivery/sandwich-monkey/oIEiiUtvQdek5GC5TSko9Q,burlingame-california
https://www.ubereats.com/san-francisco/food-delivery/seapot/6t3tz1prTOe3LqekpOH4jg,burlingame-california
https://www.ubereats.com/san-francisco/food-delivery/sweetgreen-san-mateo/e5JSLOGWSk2n-jeNoCywXQ,burlingame-california
https://www.ubereats.com/san-francisco/food-delivery/kaya-bakery/v2lfrpYbQO6rcDHn5XSd_A,burlingame-california
https://www.ubereats.com/san-francisco/food-delivery/fisheats-poke-%26-burrito-san-bruno/OunyU2gBT46b3PMBrrY2Xg,burlingame-california
https://www.ubereats.com/san-francisco/food-delivery/dessert-republic/ZguqWFZbQE2L2TFnIEn3_w,burlingame-california
https://www.ubereats.com/san-francisco/food-delivery/starbucks-murchison-%26-el-camino/dBpHbALiScO--UUkNhLbVA,burlingame-california
https://www.ubereats.com/san-francisco/food-delivery/lotus/LSQKozqVSRix_clrBTSJVA,burlingame-california
