url,city
https://www.ubereats.com/portland/food-delivery/taco-bell-16040-se-82nd-dr/lFj-66weRIaM808k3MvOvg,canby-oregon
https://www.ubereats.com/portland/food-delivery/chipotle-mexican-grill-29991-sw-town-center-loop-w-ste-a/3ZmwvenOSrG7ylBy8v3joQ,canby-oregon
https://www.ubereats.com/portland/food-delivery/ram-restaurant-%26-brewery-wilsonville-or/5Lr6V0tzQDqYUkXsXQaP9Q,canby-oregon
https://www.ubereats.com/portland/food-delivery/qdoba-30040-sw-boones-ferry-rd/cITZx1I9Svyg8BbjPKfa9Q,canby-oregon
https://www.ubereats.com/portland/food-delivery/biscuits-cafe-oregon-city/lrHbGASERNeu-tYdjnraGw,canby-oregon
https://www.ubereats.com/portland/food-delivery/non-la-restaurant/AIgKKHVaTdKYPELtE8Z_Hg,canby-oregon
https://www.ubereats.com/portland/food-delivery/j-willys-public-house-and-eatery/E4NCa_wGQo-XkSU81hTNYw,canby-oregon
https://www.ubereats.com/portland/food-delivery/cafe-yumm!-happy-valley/RAXTq7LfQqu-7ijnmSz1Lw,canby-oregon
https://www.ubereats.com/portland/food-delivery/the-verdict-bar-and-grill/jNWnVgLRSVCnWDUqjGDKzg,canby-oregon
https://www.ubereats.com/portland/food-delivery/heavenly-donuts/6yIlQMg8QUGeIXvf4-SLEg,canby-oregon
https://www.ubereats.com/portland/food-delivery/the-indian-kitchen/u4VGegMVSQGEO9EqgyDovg,canby-oregon
https://www.ubereats.com/portland/food-delivery/mcdonalds-west-linn-10thst-%40-205/OR1AjWMnTFSZRDR4yfqvNQ,canby-oregon
https://www.ubereats.com/portland/food-delivery/starbucks-citizens-dr-%26-sw-town-center/MyFQhWf9RR-lXYwqR5dDlg,canby-oregon
https://www.ubereats.com/portland/food-delivery/midway-historic-public-house/FflYs4lTTBi2hD2g3UA5Ug,canby-oregon
https://www.ubereats.com/portland/food-delivery/bugattis-oregon-city/3gZiCnurRCycEJAZ6T6k5A,canby-oregon
https://www.ubereats.com/portland/food-delivery/buffalo-wild-wings-8505-tualatin-sherwood-rd/xFvO-yb_TQqb1V1ZhAxzMw,canby-oregon
https://www.ubereats.com/portland/food-delivery/starbucks-hwy-213-oregon-city/Bdd5KgNrSmKjy-TU5ASc1A,canby-oregon
https://www.ubereats.com/portland/food-delivery/jersey-mikes-subs-sherwood/Us4XpisUREKbMjeoGSLRtw,canby-oregon
https://www.ubereats.com/portland/food-delivery/menchies-frozen-yogurt-21430-sw-langer-farms-pkwy/AyiDG_itSlqn_P4IuYOz8g,canby-oregon
https://www.ubereats.com/portland/food-delivery/starbucks-berg-pkwy-%26-hwy-99-canby/5dc8EmpWQU-euwzJDK-mag,canby-oregon
https://www.ubereats.com/portland/food-delivery/wendys-1335-se-molalla/v5p6yeK2RZWSw4Q_QI1aJQ,canby-oregon
https://www.ubereats.com/portland/food-delivery/new-cathay/YOKJNfyQTPaYN3ihpmyc4w,canby-oregon
https://www.ubereats.com/portland/food-delivery/la-fiesta-mexican-kitchen/yqWLFY_4TpW3C0EmD50WWQ,canby-oregon
https://www.ubereats.com/portland/food-delivery/mcdonalds-29682-sw-town-center-loop-w/klbXVoh3SXW3L8Q9g4qF8w,canby-oregon
https://www.ubereats.com/portland/food-delivery/wongs-chinese-restaurant/kDQlwk8SQNOFU4znyj81Kw,canby-oregon
https://www.ubereats.com/portland/food-delivery/red-robin-142-8403-main-st/2l5e7SHBRPqBiyOIiG9bCw,canby-oregon
https://www.ubereats.com/portland/food-delivery/five-guys-or-1687-7005-sw-nyberg-rd/uH3YTVa1QtGjmBHQ4I_PaA,canby-oregon
https://www.ubereats.com/portland/food-delivery/panda-express-19526-molalla-ave-%23137/DZ1qZEOwT76Crsk0W00Jww,canby-oregon
https://www.ubereats.com/portland/food-delivery/bistro-cubano/on1pO3zDTHWBf1n11EylIA,canby-oregon
https://www.ubereats.com/portland/food-delivery/pine-garden-restaurant/fVhe5JRoTbaeSLTTihuF8g,canby-oregon
https://www.ubereats.com/portland/food-delivery/black-bear-diner-30175-sw-park-avenue/IWtS4Kj9SgGQJqHZaO63Rg,canby-oregon
https://www.ubereats.com/portland/food-delivery/dennys-1369-se-1st-ave/RCtma5yKRUWzBIj6dPx-Lw,canby-oregon
https://www.ubereats.com/portland/food-delivery/thirsty-duck-saloon/-VOvaTUEQhKrI5z-Sej_gQ,canby-oregon
https://www.ubereats.com/portland/food-delivery/black-rock-coffee-20180-mcloughlin-blvd/Fk9QRuj-SGuMLmkkOJoQPA,canby-oregon
https://www.ubereats.com/portland/food-delivery/taco-bell-19305-sw-martinazzi-ave/dy5wZVy-QlOC6iYQ-K8wGg,canby-oregon
https://www.ubereats.com/portland/food-delivery/sesame-donuts-tigard/ngoJj0t6RNSXsL1Nz2MDmw,canby-oregon
https://www.ubereats.com/portland/food-delivery/biscuits-cafe-canby/C-zxG9zIQUubhIa7OtERAQ,canby-oregon
https://www.ubereats.com/portland/food-delivery/wilsonville-lanes-cafe/OIDoDpGaQAqkbpvu736zlw,canby-oregon
https://www.ubereats.com/portland/food-delivery/jersey-mikes-subs-7698-sw-nyberg-rd/LNyoY-LPQeSdkJH3N6dDHQ,canby-oregon
https://www.ubereats.com/portland/food-delivery/mamas-teriyaki/mDv_cgh5TLiqla6MgiQp3A,canby-oregon
https://www.ubereats.com/portland/food-delivery/momiji-sushi-restaurant/nNU-E4YvQR-9FvZcA8PLCw,canby-oregon
https://www.ubereats.com/portland/food-delivery/teriyaki-land/0pApMagRQpmKn3Tlhe1FLQ,canby-oregon
https://www.ubereats.com/portland/food-delivery/r2-ranch-burger/3-tT5yLWRESt5CEpgsdmDg,canby-oregon
https://www.ubereats.com/portland/food-delivery/five-guys-or-1803-17105-se-sunnyside-dr/zyBWrkXHQJa4R4n6mZTamw,canby-oregon
https://www.ubereats.com/portland/food-delivery/mcdonalds-709-s-west-1st-st/8RSRYZ6LTPazWUtVHCdikA,canby-oregon
https://www.ubereats.com/portland/food-delivery/kfc-1308-molalla-ave/Yu1-LuopR322vqeon1-__A,canby-oregon
https://www.ubereats.com/portland/food-delivery/pastini-bridgeport-village/dFjA3zfQS6moSF70GoNBVg,canby-oregon
https://www.ubereats.com/portland/food-delivery/the-ice-cream-shop/ggCSNY6RTUWjtjJdkr51xg,canby-oregon
https://www.ubereats.com/portland/food-delivery/mesa-fresca/SW6yL-WxQ8KGGEqa17It6g,canby-oregon
https://www.ubereats.com/portland/food-delivery/don-pepes-main-st/ceKXODStSWqE3KaBJvk5_w,canby-oregon
https://www.ubereats.com/portland/food-delivery/outback-steakhouse-8665-sw-tualatin-sherwood-rd/TKwIxG6pRhGsObCZc-jhbg,canby-oregon
https://www.ubereats.com/portland/food-delivery/panda-express-8755-sw-robert-burns-drive/C5PXH-fSRyqEy1Fd2BID7g,canby-oregon
https://www.ubereats.com/portland/food-delivery/panda-express-1020-sw-1st-avenue/IkTSdQ5cTq-CnLFsdrDiBg,canby-oregon
https://www.ubereats.com/portland/food-delivery/burger-king-9165-s-w-wilsonville-road/Hz1TnlftRLWHYL1UxRoU1Q,canby-oregon
https://www.ubereats.com/portland/food-delivery/burger-king-1616-beaver-creek-road/xjY-8VvFRdubU-qrVN2CAw,canby-oregon
https://www.ubereats.com/portland/food-delivery/up-n-smoke-bbq-pit/9D5pt-MdQ4OPULajJI6k0Q,canby-oregon
https://www.ubereats.com/portland/food-delivery/dar-essalam/6zHgM9ttRxuTK9ZuQUm7kA,canby-oregon
https://www.ubereats.com/portland/food-delivery/aywa!-lebanese-grill/mmnYHGTjSwmLi8foQSazfw,canby-oregon
https://www.ubereats.com/portland/food-delivery/kfc-oregon-city/_8-eoLSkRo-DWNI9VW0LSg,canby-oregon
https://www.ubereats.com/portland/food-delivery/jack-in-the-box-19009-s-beavercreek-rd/G2wpE5P3Q2WtuMc5Clmxeg,canby-oregon
https://www.ubereats.com/portland/food-delivery/taco-bell-845-s-w-1st-avenue/fQlYNAdnQqWpxl0cuJql_Q,canby-oregon
https://www.ubereats.com/portland/food-delivery/papa-murphys-pizza-1401-south-east-1st-avenue/HOQxDjgWSJS_1ZRxMe5Ntw,canby-oregon
https://www.ubereats.com/portland/food-delivery/lil-cooperstown-west-linn/PuIjroPYRhS3OR8DOI5H0w,canby-oregon
https://www.ubereats.com/portland/food-delivery/killer-burger-sherwood/h2KUfr9TQNOS9P6WRy7F0Q,canby-oregon
https://www.ubereats.com/portland/food-delivery/hawaiian-time/TSlz3SU3QryNIb_cI7ePJA,canby-oregon
https://www.ubereats.com/portland/food-delivery/carls-jr-1463-se-1st-ave/-CcVawR-QOOp0v_CdPYAMQ,canby-oregon
https://www.ubereats.com/portland/food-delivery/papa-murphys-19407-south-west-boones-ferry-road/IR_07xznTb6fFMAGQdAu_g,canby-oregon
https://www.ubereats.com/portland/food-delivery/mod-pizza-sherwood/1UBDj46fQIqHo2HWTfXHTg,canby-oregon
https://www.ubereats.com/portland/food-delivery/papa-murphys-2000-8th-avenue/cwW044f4TH6L0X6IuI-y6Q,canby-oregon
https://www.ubereats.com/portland/food-delivery/juan-colorado/N-jvLNi3T4eMf5hjsbqh4A,canby-oregon
https://www.ubereats.com/portland/food-delivery/the-old-spaghetti-factory-sherwood/BChng5iCR2mV2XF-xfNi6Q,canby-oregon
https://www.ubereats.com/portland/food-delivery/carls-jr-25300-sw-95th-ave/Ra7ux39eQ-a19Fwq-CzjQw,canby-oregon
https://www.ubereats.com/portland/food-delivery/bellagios-pizza-lake-oswego/BKRLBDP4Qk2L91yJlpfEnw,canby-oregon
https://www.ubereats.com/portland/food-delivery/oki-sushi-%26-grill/TWavCmh3QbSxDH_Nblh8AA,canby-oregon
https://www.ubereats.com/portland/food-delivery/black-rock-coffee-1801-molalla-ave/IpwltvUMTtqAgBmt6-l2jg,canby-oregon
https://www.ubereats.com/portland/food-delivery/aloha-grill-hawaiian-bbq/dpUYgrWMT-mZAKj_n5jlJg,canby-oregon
https://www.ubereats.com/portland/food-delivery/taco-bell-8251-sw-wilsonville-rd/Pwlel3HgT3OwKDUcNA7SIA,canby-oregon
https://www.ubereats.com/portland/food-delivery/oregon-city-ice-house/svwMFN1LTvy8NUKlK9_HTA,canby-oregon
https://www.ubereats.com/portland/food-delivery/garden-bar-lake-oswego/OoRXLBU3RpiJ23sys98YGA,canby-oregon
https://www.ubereats.com/portland/food-delivery/smoke-daddie-bbq/ty9MdZdAQzike3lJazjsiQ,canby-oregon
https://www.ubereats.com/portland/food-delivery/vitality-bowls-7935-sw-nyberg-st/IaTcSDGuStWT-g6IbpwYQg,canby-oregon
https://www.ubereats.com/portland/food-delivery/five-guys-or-0476-19574-molalla-ave/3YL25SfTS2utWKLfPhlzJA,canby-oregon
https://www.ubereats.com/portland/food-delivery/koba-grill/DGADEH0xSSevop39mej92A,canby-oregon
https://www.ubereats.com/portland/food-delivery/tacotime-503-molalla-avenue/u-wU5NFGRf2negw41_oJJg,canby-oregon
https://www.ubereats.com/portland/food-delivery/donut-land/E4aFLwarR0m0djvXd9T03w,canby-oregon
https://www.ubereats.com/portland/food-delivery/sushi-avenue/9cgzKghhRQiFRaF-E6xqvg,canby-oregon
https://www.ubereats.com/portland/food-delivery/new-hings-restaurant-%26-lounge/manHY7vLQPSTwLuEtirPYw,canby-oregon
https://www.ubereats.com/portland/food-delivery/sushi-bomb/giO7GMd0SFiIdB_-A4Nnaw,canby-oregon
https://www.ubereats.com/portland/food-delivery/corner-coffee-shoppe/cJIX9A6vQvmULpLCFxhpWQ,canby-oregon
https://www.ubereats.com/portland/food-delivery/jamba-juice-8261-b-sw-wilsonville-rd/Ogvdr5VCQAqNw9NqDBxs6A,canby-oregon
https://www.ubereats.com/portland/food-delivery/la-isla-bonita/bSVnw2pcSIKRIj7zCSG17w,canby-oregon
https://www.ubereats.com/portland/food-delivery/jersey-mikes-subs-happy-valley-17015-se-sunnyside-rd/M-GntZZSQIG4NhtfTa8_Fw,canby-oregon
https://www.ubereats.com/portland/food-delivery/village-inn/PYgBNBdESvm13SkOmpzCRQ,canby-oregon
https://www.ubereats.com/portland/food-delivery/sushi-valley/YApOUPo0QcuEIj2g1cfDIg,canby-oregon
https://www.ubereats.com/portland/food-delivery/wendys-8253-sw-wilsonville-road/XFgVT2BvSIqUEzAGrMlddg,canby-oregon
https://www.ubereats.com/portland/food-delivery/sabrozon-fresh-mexican-restaurant/lE4bAMQaRQSDRHq7N0trCg,canby-oregon
https://www.ubereats.com/portland/food-delivery/kfc-canby/CEE8jMGJSN-yFmqswt6XyA,canby-oregon
https://www.ubereats.com/portland/food-delivery/bugattis-oregon-city/cHwS7Li2RMOOPN386aMyCQ,canby-oregon
https://www.ubereats.com/portland/food-delivery/noodles-%26-company-29991-sw-town-center-loop/5vs8Z98jRhCmoHmjvWdFPw,canby-oregon
https://www.ubereats.com/portland/food-delivery/papa-murphys-8269-sw-wilsonville-road-suite-e/L2DzHVz7S0CpMSHcZsvAsg,canby-oregon
https://www.ubereats.com/portland/food-delivery/subway-30060-sw-boones-ferry-rd/KF52OQFfRTKYU_O2AKICmg,canby-oregon
https://www.ubereats.com/portland/food-delivery/carls-jr-19761-hwy-213/XHd-InotQWqY08EkF4BuvQ,canby-oregon
https://www.ubereats.com/portland/food-delivery/sonic-30129-sw-boones-ferry-road/uEmVfgrlT9mc9Z2M9AlAwA,canby-oregon
https://www.ubereats.com/portland/food-delivery/rivershore-bar-%26-grill/e2bJ-q_pSN6Y-Ovo1eSonQ,canby-oregon
https://www.ubereats.com/portland/food-delivery/bugattis-west-linn/4FdAsr8_T7iej-upGNbEvg,canby-oregon
https://www.ubereats.com/portland/food-delivery/abbys-legendary-pizza-oregon-city/KJBo8KOnQqymPoJPB5uuIg,canby-oregon
https://www.ubereats.com/portland/food-delivery/toki-sushi-and-teriyaki/JBO6TPYeR32tgSxYTQiogA,canby-oregon
https://www.ubereats.com/portland/food-delivery/la-sen-vietnamese-grill-tualatin/_FZ5XYTQR62LXlf9IyTUEQ,canby-oregon
https://www.ubereats.com/portland/food-delivery/cafe-yumm!-lake-oswego/D74ZVB5rToGal32GBP6L-A,canby-oregon
https://www.ubereats.com/portland/food-delivery/lil-cooperstown/GhwTHeKNTMGJE7uwKRI-DA,canby-oregon
https://www.ubereats.com/portland/food-delivery/biscuits-cafe-wilsonville/nKt0J_pfQ3iGb_P47DVuow,canby-oregon
https://www.ubereats.com/portland/food-delivery/black-rock-coffee-16138-se-82nd-dr/cpWYOk56Tq69DV-jI8q84g,canby-oregon
https://www.ubereats.com/portland/food-delivery/wichita-bar-%26-grill-molalla/7he01eoDSCqguu1PZoCGBw,canby-oregon
https://www.ubereats.com/portland/food-delivery/the-human-bean-25250-sw-95th-ave/rE2mtSWrSqOiw6S9wd4ALA,canby-oregon
https://www.ubereats.com/portland/food-delivery/blazin-gyros/XgEF77FuRcii-WOzus_Q2g,canby-oregon
https://www.ubereats.com/portland/food-delivery/la-hacienda-peruvian-%26-mexican-cuisine-oregon-city-or/iw3fvBvzRiO_D2HMMSv6rA,canby-oregon
https://www.ubereats.com/portland/food-delivery/mod-pizza-oregon-city/ewyKOPBoRECYlBqicUTIow,canby-oregon
https://www.ubereats.com/portland/food-delivery/la-sen-vietnamese-grill-west-linn/HiA8Kob_QmeE-San-nZ4Jw,canby-oregon
https://www.ubereats.com/portland/food-delivery/taco-bell-19795-mcloughlin-blvd/KTe6IbQNQMCaYTq0bsX78g,canby-oregon
https://www.ubereats.com/portland/food-delivery/stickmen-brewing-company/Gr9qJuBoQSWGcd6qGNEgUg,canby-oregon
https://www.ubereats.com/portland/food-delivery/the-human-bean-318-sw-1st-street/Wk9VOG_9RYqQ7fPtfBzBOg,canby-oregon
https://www.ubereats.com/portland/food-delivery/pita-pit/7_chM0MlTo6XfMTsOM2R8g,canby-oregon
https://www.ubereats.com/portland/food-delivery/subway-1477-s-e-1st-ave/4RkQIjs8TwqZXi24Dl5E3A,canby-oregon
https://www.ubereats.com/portland/food-delivery/renew-juice-co/H_z0_AvdSeq6K3d-AiBwBw,canby-oregon
https://www.ubereats.com/portland/food-delivery/white-orchid-thai-cuisine/h7WoqaONQgCib1VF5WTYLA,canby-oregon
https://www.ubereats.com/portland/food-delivery/subway-19193-s-mollala-ave/6z38gVmsQ9qDaJla1Ej7AQ,canby-oregon
https://www.ubereats.com/portland/food-delivery/pioneer-pizza/010vBCcXSXmmLeEkTrKIdg,canby-oregon
https://www.ubereats.com/portland/food-delivery/open-rice-sushi-and-chinese-restaurant/7JIHVQSRTL6Gm7yLjsyDbA,canby-oregon
https://www.ubereats.com/portland/food-delivery/five-guys-or-0398-2050-8th-ave/U-JHJHZZTLOpzPEz8Noa7w,canby-oregon
https://www.ubereats.com/portland/food-delivery/papa-johns-pizza-tigard/_fcn1bXvS-S63WD_V0uc2w,canby-oregon
https://www.ubereats.com/portland/food-delivery/qdoba-sw-hazel-fern-rd/yi90FMfHRV2dhxUUeQJJaw,canby-oregon
https://www.ubereats.com/portland/food-delivery/thai-lemon-restaurant/FKInMwIXRmS_rFv_RjVzMg,canby-oregon
https://www.ubereats.com/portland/food-delivery/taco-bell-19005-s-bevercreek-rd/At1SLoeRTlyHotx_OW9HsQ,canby-oregon
https://www.ubereats.com/portland/food-delivery/backstop-bar-%26-grill/Kby2ig4aQuOi182OoZ423A,canby-oregon
https://www.ubereats.com/portland/food-delivery/panda-express-17799-sw-65th-ave/noa_RwIXQdO2IJolkXtntA,canby-oregon
https://www.ubereats.com/portland/food-delivery/koi-fusion/o0SXX0J-TbaOUwwptiT0wA,canby-oregon
https://www.ubereats.com/portland/food-delivery/honey-baked-ham-358-warner-milne-rd/Et_QDn7zRdmZRj9kGU4zaA,canby-oregon
https://www.ubereats.com/portland/food-delivery/canton-phoenix/qiSA_fZuRHqPjtmQF3QPyQ,canby-oregon
https://www.ubereats.com/portland/food-delivery/kirin-ramen/qwgraU8kQW67odYhHvDX6Q,canby-oregon
https://www.ubereats.com/portland/food-delivery/casa-del-pollo/wb1Ke99JTBeUcBCv8VJZXA,canby-oregon
https://www.ubereats.com/portland/food-delivery/papa-murphys-358-warner-milne-road/6tWeF-hARFy_cIRJEKpg5Q,canby-oregon
https://www.ubereats.com/portland/food-delivery/tachos-mexican-restaurant-%26-cantina/qduMDoZwQ4yPskbTFu6spg,canby-oregon
https://www.ubereats.com/portland/food-delivery/weinhard-grill/dYpTUJwzQfi46iBRlc9NVQ,canby-oregon
https://www.ubereats.com/portland/food-delivery/cafe-yumm!-wilsonville/bgZRHT0mQISya4I7pnvSdg,canby-oregon
