url,city
https://www.ubereats.com/pittsburgh/food-delivery/fredos-deli/PUP-yS-rTfidlkHSJeqGwQ,castle-shannon-pennsylvania
https://www.ubereats.com/pittsburgh/food-delivery/wing-squad-pittsburgh-rtc/nLz6bR2MRYW836pcUg1Fdg,castle-shannon-pennsylvania
https://www.ubereats.com/pittsburgh/food-delivery/cafe-delhi/5TC1J7cmQwCohHjxgt7QQQ,castle-shannon-pennsylvania
https://www.ubereats.com/pittsburgh/food-delivery/mulligans-sports-bar-and-grille/JEApfqK8RGuds7ifTzePCg,castle-shannon-pennsylvania
https://www.ubereats.com/pittsburgh/food-delivery/delucas-bakery-deli-%26-subshop/rVDTCTIlQ5yYmFjR83AyAw,castle-shannon-pennsylvania
https://www.ubereats.com/pittsburgh/food-delivery/portogallo-peppers-nat/_GeJUDp0Tri363h4HeZNuw,castle-shannon-pennsylvania
https://www.ubereats.com/pittsburgh/food-delivery/starbucks-bridgeville-south-fayette/soE2dgs_TXWuxX38ksaJpw,castle-shannon-pennsylvania
https://www.ubereats.com/pittsburgh/food-delivery/fat-angelos-pizzeria/tkCZFpvsRWGMjgiPkS61zg,castle-shannon-pennsylvania
https://www.ubereats.com/pittsburgh/food-delivery/the-old-bridge/AlTnZkfkTUmYTUsEOX3ajQ,castle-shannon-pennsylvania
https://www.ubereats.com/pittsburgh/food-delivery/walnut-grill-robinson/XC395hbnR3ynZo5th3yKXg,castle-shannon-pennsylvania
https://www.ubereats.com/pittsburgh/food-delivery/burger-king-3220-library-rd/_1mgDWVgRhGnFYONJ4oY4A,castle-shannon-pennsylvania
https://www.ubereats.com/pittsburgh/food-delivery/the-pub-chip-shop/1X4G9ZGsSpqVgaZAHtdxVw,castle-shannon-pennsylvania
https://www.ubereats.com/pittsburgh/food-delivery/dunkin-3200-saw-mill-run-blvd/fbAFyLrTTtmAqUsxqfxhtQ,castle-shannon-pennsylvania
https://www.ubereats.com/pittsburgh/food-delivery/chipotle-mexican-grill-211-forbes-ave/QjLoVCCKRHe8gsxn6J6xaw,castle-shannon-pennsylvania
https://www.ubereats.com/pittsburgh/food-delivery/bella-monte-pizza/ZPwcijKqQRWwKufe6ZznuA,castle-shannon-pennsylvania
https://www.ubereats.com/pittsburgh/food-delivery/papa-johns-pizza-frankstown/_rNZ7lNZRsOLZuJ4_B1R7A,castle-shannon-pennsylvania
https://www.ubereats.com/pittsburgh/food-delivery/subway-2351-noblestown-rd/Gp4SXHfDQXC1sMg_bw8t9Q,castle-shannon-pennsylvania
https://www.ubereats.com/pittsburgh/food-delivery/pza-pittsburgh-ss/JT1BiFqlRNGrYw4b5nqIGw,castle-shannon-pennsylvania
https://www.ubereats.com/pittsburgh/food-delivery/mad-noodles/XPX3vhBcQNK9VFbKd1HVfQ,castle-shannon-pennsylvania
https://www.ubereats.com/pittsburgh/food-delivery/vocelli-pizza-4740-baum-blvd/TzW_wTJIQtWTTtMX9fp17g,castle-shannon-pennsylvania
https://www.ubereats.com/pittsburgh/food-delivery/dairy-queen-grill-%26-chill-1223-e-carson-st/btH0NtlIQV2lr2_VvqAbHA,castle-shannon-pennsylvania
https://www.ubereats.com/pittsburgh/food-delivery/dunkin-1031-paxton-dr/kw5ycA6JRvelb-RN-_d61Q,castle-shannon-pennsylvania
https://www.ubereats.com/pittsburgh/food-delivery/dukes-rib-house-and-grille/KD3BzYRzSJuR3CBH6qKi7A,castle-shannon-pennsylvania
https://www.ubereats.com/pittsburgh/food-delivery/la-palapa/wn3JLajsT8KpIwXxsNTO6w,castle-shannon-pennsylvania
https://www.ubereats.com/pittsburgh/food-delivery/combo-kitchen/TGI7F009RECvBBMc_CLGdw,castle-shannon-pennsylvania
https://www.ubereats.com/pittsburgh/food-delivery/all-india-veggies/HujpzEOmQc-j3eMENWupwg,castle-shannon-pennsylvania
https://www.ubereats.com/pittsburgh/food-delivery/roots-natural-kitchen-pittsburgh/G1oT8R9pTsK3HVMAcTjF3Q,castle-shannon-pennsylvania
https://www.ubereats.com/pittsburgh/food-delivery/little-asia-oakland/osAMzqAaSSSOQJhSz5-prw,castle-shannon-pennsylvania
https://www.ubereats.com/pittsburgh/food-delivery/india-palace-cuisine/2XR7hx8sSQyCelX07ZkExQ,castle-shannon-pennsylvania
https://www.ubereats.com/pittsburgh/food-delivery/philly-pretzel-factory-bridgeville/3jr7cHQkTaafY7hkQhPBDw,castle-shannon-pennsylvania
https://www.ubereats.com/pittsburgh/food-delivery/walnut-grill-bridgeville/ZymL2ZwrS5y56sKMaM55pQ,castle-shannon-pennsylvania
https://www.ubereats.com/pittsburgh/food-delivery/chipotle-mexican-grill-1720-washington-rd/yKvi3YhhR3eF3Nsd4wdUyQ,castle-shannon-pennsylvania
https://www.ubereats.com/pittsburgh/food-delivery/dunkin-145-mcmurray-rd/ixrvJR6ZTsyFfn4YwLe96w,castle-shannon-pennsylvania
https://www.ubereats.com/pittsburgh/food-delivery/sakura-teppanyaki-%26-sushi-fine-cuisine/PEtGKO98RZaX0gcjoX-N9w,castle-shannon-pennsylvania
https://www.ubereats.com/pittsburgh/food-delivery/cornbread/MFtUrXD8SYiRIU8SnckbpA,castle-shannon-pennsylvania
https://www.ubereats.com/pittsburgh/food-delivery/napoli-restaurant/QAZuNhCySG2inrRtuZasiA,castle-shannon-pennsylvania
https://www.ubereats.com/pittsburgh/food-delivery/thespotetc/qaYs2P2dRSemVTJelvHADg,castle-shannon-pennsylvania
https://www.ubereats.com/pittsburgh/food-delivery/mckeesport-fish-and-chicken/OotZPT-KRfukGr0i5U-vXA,castle-shannon-pennsylvania
https://www.ubereats.com/pittsburgh/food-delivery/caliente-pizza-and-draft-house-mt-lebanon/Xlw2FNuZTeGh4XfZMHsxAQ,castle-shannon-pennsylvania
https://www.ubereats.com/pittsburgh/food-delivery/joes-crab-shack-5-station-square-dr-ste-226/LG71jyDsSLyivAY5GBpTKw,castle-shannon-pennsylvania
https://www.ubereats.com/pittsburgh/food-delivery/villa-reale-pizzeria-%26-restaurant/1YR6dEOSTa2D9MEBLOzc5Q,castle-shannon-pennsylvania
https://www.ubereats.com/pittsburgh/food-delivery/bbq-ribs-co/7l2XEdHwSz-_O3SrcYESug,castle-shannon-pennsylvania
https://www.ubereats.com/pittsburgh/food-delivery/the-smiling-moose/mBBip5Z6RBOMeC4F23I86A,castle-shannon-pennsylvania
https://www.ubereats.com/pittsburgh/food-delivery/moes-southwest-grill-1597-washington-pike/qkdpwfxpTlyztGRophLAuA,castle-shannon-pennsylvania
https://www.ubereats.com/pittsburgh/food-delivery/smokinghostsbbq/empUe7CPQ-WZ8Tzjb-jFog,castle-shannon-pennsylvania
https://www.ubereats.com/pittsburgh/food-delivery/309-bonefish-grill-1835-washington-road/-cl-ytAbSS6Hx8R4x09yxA,castle-shannon-pennsylvania
https://www.ubereats.com/pittsburgh/food-delivery/five-guys-pa-1798-160-millers-run-rd/1Eea56d8QKGdmxbug9Sv3w,castle-shannon-pennsylvania
https://www.ubereats.com/pittsburgh/food-delivery/the-yard-gastropub-north-fayette-robinson/WY0I_97WRvG7podOROtlBw,castle-shannon-pennsylvania
https://www.ubereats.com/pittsburgh/food-delivery/joe-%26-pie-downtown/KUshZHb0RtKhAqunb6YrVA,castle-shannon-pennsylvania
https://www.ubereats.com/pittsburgh/food-delivery/hapa-hawaiian-grill/AiYQ1nWeTdikgdWpiHEXUQ,castle-shannon-pennsylvania
https://www.ubereats.com/pittsburgh/food-delivery/leons-caribbean-restaurant/zuupQUX7RFOrX1_A23ZMbQ,castle-shannon-pennsylvania
https://www.ubereats.com/pittsburgh/food-delivery/silk-elephant/D17LbyXuQjWUptVf1RfX5A,castle-shannon-pennsylvania
https://www.ubereats.com/pittsburgh/food-delivery/primanti-bros-830-clairton-blvd/wny40HykS-CxQGMzHltsFQ,castle-shannon-pennsylvania
https://www.ubereats.com/pittsburgh/food-delivery/pizza-412/S-aZaEw-QHmn2Xl3MBwnSw,castle-shannon-pennsylvania
https://www.ubereats.com/pittsburgh/food-delivery/mcdonalds-south-park/Sxg4SEQ5R4SPXMDCexaFAA,castle-shannon-pennsylvania
https://www.ubereats.com/pittsburgh/food-delivery/primanti-brothers-s-market-square/qN1VmnneSSmzZyDmCevFhQ,castle-shannon-pennsylvania
https://www.ubereats.com/pittsburgh/food-delivery/ocha-thai-noodle/L9PqEPDfSf2-DE7qwjDsVw,castle-shannon-pennsylvania
https://www.ubereats.com/pittsburgh/food-delivery/gaby-et-jules/eW-ObVm0RPCiVdpZMDw5_A,castle-shannon-pennsylvania
https://www.ubereats.com/pittsburgh/food-delivery/big-guys-pizza/27aLpo06TH6sMT0dAHzjhQ,castle-shannon-pennsylvania
https://www.ubereats.com/pittsburgh/food-delivery/little-bangkok-in-the-strip/l8XOpy22SnmD7gBjlxjvBA,castle-shannon-pennsylvania
https://www.ubereats.com/pittsburgh/food-delivery/the-pie-place/SEPT_g7PR16KgGAXC3Q8Fw,castle-shannon-pennsylvania
https://www.ubereats.com/pittsburgh/food-delivery/kavsar-halal-restaurant/jPZjrFqIR-CvDwvLhYsoKg,castle-shannon-pennsylvania
https://www.ubereats.com/pittsburgh/food-delivery/cucina-bella/lNtSIxFDTPyq1KEdWxPZow,castle-shannon-pennsylvania
https://www.ubereats.com/pittsburgh/food-delivery/sugar-and-spice/iC7_9qTRT4ubKEsc9hdahQ,castle-shannon-pennsylvania
https://www.ubereats.com/pittsburgh/food-delivery/starbucks-virginia-manor-shops/ZSiIUz3gRe6OeQT9iOqhFw,castle-shannon-pennsylvania
https://www.ubereats.com/pittsburgh/food-delivery/papa-johns-pizza-bellevue/wWTGLp2iTrOUy-stD51iQA,castle-shannon-pennsylvania
https://www.ubereats.com/pittsburgh/food-delivery/kfc-5130-clairton-blvd/joD9UDO1SNGOQzI2ZuPnBQ,castle-shannon-pennsylvania
https://www.ubereats.com/pittsburgh/food-delivery/coriander-indian-grill/3qM-plWWQW6CB6mY_0Ff0Q,castle-shannon-pennsylvania
https://www.ubereats.com/pittsburgh/food-delivery/buckhead-saloon/nZfNiA8DQWuIhGWk219FDA,castle-shannon-pennsylvania
https://www.ubereats.com/pittsburgh/food-delivery/outback-steakhouse-1400-marketplace-boulevard/awDtqNcoTEuXXLxhoSNStw,castle-shannon-pennsylvania
https://www.ubereats.com/pittsburgh/food-delivery/social-house-seven/RG3bBftrSJaEExaqd_EUWg,castle-shannon-pennsylvania
https://www.ubereats.com/pittsburgh/food-delivery/taco-bell-2050-lebanon-church-rd/IDe8CxtRSUqeU8v3c1AjYw,castle-shannon-pennsylvania
https://www.ubereats.com/pittsburgh/food-delivery/breakfast-at-shellys/aTK1LZtDQVmh_gLpNM8Xjg,castle-shannon-pennsylvania
https://www.ubereats.com/pittsburgh/food-delivery/cafe-liminal/gslCX3iOQMqJaN-YMW8h4g,castle-shannon-pennsylvania
https://www.ubereats.com/pittsburgh/food-delivery/applebees-2045-lebanon-church-road-%2387085/eewLsfEUQEK9OS3MuDK4SA,castle-shannon-pennsylvania
https://www.ubereats.com/pittsburgh/food-delivery/arbys-2251-noblestown-rd/3WOYVwM9R1q0xQpS5AIMnQ,castle-shannon-pennsylvania
https://www.ubereats.com/pittsburgh/food-delivery/panda-express-2070-lebanon-church-rd/_pZ8yAIHT2GuqPTY5bRu7g,castle-shannon-pennsylvania
https://www.ubereats.com/pittsburgh/food-delivery/house-of-soul-carryout-catering/SIiCZON3Q9eM-owmPHUSFw,castle-shannon-pennsylvania
https://www.ubereats.com/pittsburgh/food-delivery/vocelli-pizza-3531-washington-road/JBBjOPaFR3-91BCzKN--zg,castle-shannon-pennsylvania
https://www.ubereats.com/pittsburgh/food-delivery/burger-king-5240-library-road/GSBcnycpRQylMIM1ZqmTSQ,castle-shannon-pennsylvania
https://www.ubereats.com/pittsburgh/food-delivery/new-york-super-subs/BVMX5uJaS2eTk_b43j_ofw,castle-shannon-pennsylvania
https://www.ubereats.com/pittsburgh/food-delivery/arbys-1378-banksville-rd/52OcvXzPTmOV_jSlVUX2pw,castle-shannon-pennsylvania
https://www.ubereats.com/pittsburgh/food-delivery/forbes-gyro/9h9DAxsYRQa4BbWBln3uDA,castle-shannon-pennsylvania
https://www.ubereats.com/pittsburgh/food-delivery/nobbys-pizzeria-373-vanadium-rd/_hXwSUQTRgmD_8X9ztCc2Q,castle-shannon-pennsylvania
https://www.ubereats.com/pittsburgh/food-delivery/panera-202302/7WfNTJ80QSeLCfMj7T66AQ,castle-shannon-pennsylvania
https://www.ubereats.com/pittsburgh/food-delivery/spillys-barbeque/Co9Pi103Qx6ODA315FnTmQ,castle-shannon-pennsylvania
https://www.ubereats.com/pittsburgh/food-delivery/jean-louis/Hvk0xdt3Qr2pY_4z3_-LTA,castle-shannon-pennsylvania
https://www.ubereats.com/pittsburgh/food-delivery/anthonys-coal-fired-pizza-settlers-ridge/Y2Elt7TxQNabrd2cm7K6AA,castle-shannon-pennsylvania
https://www.ubereats.com/pittsburgh/food-delivery/big-shot-bobs-house-of-wings/ab4GnGEQQj-exgzQGXRjZw,castle-shannon-pennsylvania
https://www.ubereats.com/pittsburgh/food-delivery/august-henrys/1eW2OClzTCa4E85HORMUIg,castle-shannon-pennsylvania
https://www.ubereats.com/pittsburgh/food-delivery/sichuan-palace/xVOor8IeRsixrotavBAGmg,castle-shannon-pennsylvania
https://www.ubereats.com/pittsburgh/food-delivery/big-shot-bobs-house-of-wingsbeechview/1l1xSgX4Rh6tfZ8o7HTkig,castle-shannon-pennsylvania
https://www.ubereats.com/pittsburgh/food-delivery/starbucks-greentree-road/RbyIreE2TfKjfU-AHuMlOg,castle-shannon-pennsylvania
https://www.ubereats.com/pittsburgh/food-delivery/dunkin-98-clairton-blvd/CWrqMpJATZWyWfSTjnQGRg,castle-shannon-pennsylvania
https://www.ubereats.com/pittsburgh/food-delivery/nickys-thai-kitchen-northside/UdGG8tieRKaqNKblyY-Tsg,castle-shannon-pennsylvania
https://www.ubereats.com/pittsburgh/food-delivery/dunkin-28-market-sq/ZJ7OK24iTmyUqCScoV0YXA,castle-shannon-pennsylvania
https://www.ubereats.com/pittsburgh/food-delivery/starbucks-sixth-street/nLkcCDugSXW5oWPs-MJyqw,castle-shannon-pennsylvania
https://www.ubereats.com/pittsburgh/food-delivery/peoples-indian-restaurant/HZhQwAmlQHib7W7zHwrbGQ,castle-shannon-pennsylvania
https://www.ubereats.com/pittsburgh/food-delivery/bangkok-balcony/-d8LjweOSyWLZXDBsbjTGA,castle-shannon-pennsylvania
https://www.ubereats.com/pittsburgh/food-delivery/honeybaked-ham-1630-washington-rd/qNuDlEXAQV-85TUZe9317A,castle-shannon-pennsylvania
https://www.ubereats.com/pittsburgh/food-delivery/bonfire-food-and-drink/pkIorV-nSUi3aMBYq3A9aA,castle-shannon-pennsylvania
https://www.ubereats.com/pittsburgh/food-delivery/mcdonalds-brentwood/eO__QnDaRvebFtYe5bEaHQ,castle-shannon-pennsylvania
https://www.ubereats.com/pittsburgh/food-delivery/hofbrauhaus-pittsburgh/dvh8u6eXTXKLD06XUsc4zw,castle-shannon-pennsylvania
https://www.ubereats.com/pittsburgh/food-delivery/mintt-indian-restaurant/AJt4EcGYTlanN5dknsPxpQ,castle-shannon-pennsylvania
https://www.ubereats.com/pittsburgh/food-delivery/papa-johns-351-hoffman-blvd-unit-3/Cwsh4r2iSMi7NHI0ZGBW5Q,castle-shannon-pennsylvania
https://www.ubereats.com/pittsburgh/food-delivery/arbys-3700-library-rd/NtjiVOzSSty6mucA7ax8vQ,castle-shannon-pennsylvania
https://www.ubereats.com/pittsburgh/food-delivery/the-colombian-spot/bN4DObQpQpmuIiRddI4DBQ,castle-shannon-pennsylvania
https://www.ubereats.com/pittsburgh/food-delivery/boston-market-978-greentree-road/pKFRwpP4TaSO5ijU_CfmsA,castle-shannon-pennsylvania
https://www.ubereats.com/pittsburgh/food-delivery/chaparros-tacos/t7OmBSpXTH63mPUyxmhelQ,castle-shannon-pennsylvania
https://www.ubereats.com/pittsburgh/food-delivery/treats-and-beans/Krdd4ZhMRiuxSh8xyUDtxQ,castle-shannon-pennsylvania
https://www.ubereats.com/pittsburgh/food-delivery/dunkin-40-foster-ave/VpMmbyyhRK6srTyMEFCWXw,castle-shannon-pennsylvania
https://www.ubereats.com/pittsburgh/food-delivery/first-watch-century-iii/o6N74Vs1QwWmHhrDxMCXlg,castle-shannon-pennsylvania
https://www.ubereats.com/pittsburgh/food-delivery/bull-river-taco/92HlLeLFSAe8nkGRNSWGuQ,castle-shannon-pennsylvania
https://www.ubereats.com/pittsburgh/food-delivery/pf-changs-1600-settlers-ridge-centers-dr/-iZW4jTkS3OTzRCWncJeiA,castle-shannon-pennsylvania
https://www.ubereats.com/pittsburgh/food-delivery/panda-express-202-robinson-center-dr/8pp9ywt6Qdig6Q1mZFL3AQ,castle-shannon-pennsylvania
https://www.ubereats.com/pittsburgh/food-delivery/the-yard-gastropub-mt-lebanon/cucCkxHVSzWuoX211LCa0g,castle-shannon-pennsylvania
https://www.ubereats.com/pittsburgh/food-delivery/the-coffee-tree-roasters/j9tXUYM4ROiK0-tzb_9igQ,castle-shannon-pennsylvania
https://www.ubereats.com/pittsburgh/food-delivery/applebees-2101-greentree-road-%2386027/EM0PYYVlQmuEhWoWExR2KQ,castle-shannon-pennsylvania
https://www.ubereats.com/pittsburgh/food-delivery/maldinis-pizza/J6tGuZzgThmKS68htUBhrg,castle-shannon-pennsylvania
https://www.ubereats.com/pittsburgh/food-delivery/hanini-subs-brownsville-road/0_aB_cy5QemkdZWgBK6KFg,castle-shannon-pennsylvania
https://www.ubereats.com/pittsburgh/food-delivery/panera-202346/SCILKVz6RzmQFmgM70JQwg,castle-shannon-pennsylvania
https://www.ubereats.com/pittsburgh/food-delivery/arepittas/aORzrqBtSdudct8HHLCGhA,castle-shannon-pennsylvania
https://www.ubereats.com/pittsburgh/food-delivery/moes-southwest-grill-210-forbes-avenue/Ao46n0YFTT-s53LKRgAbXQ,castle-shannon-pennsylvania
https://www.ubereats.com/pittsburgh/food-delivery/agave-and-vine/OQQw4lXBQ56ZK4Ilbm7QTw,castle-shannon-pennsylvania
https://www.ubereats.com/pittsburgh/food-delivery/subway-2150-brownsville-rd/pNs17W4cTxu7pu3D6ofzhg,castle-shannon-pennsylvania
https://www.ubereats.com/pittsburgh/food-delivery/yellowtail-sushi-bistro/wLlmHeGNTxOIb2YlPFdnmA,castle-shannon-pennsylvania
https://www.ubereats.com/pittsburgh/food-delivery/applebees-6570-rt60-steubenville-pike-%2396006/_zKg-V8dR8KZ57AEWJNH3Q,castle-shannon-pennsylvania
https://www.ubereats.com/pittsburgh/food-delivery/turkish-grille-downtown/ZHpdpQroSDa48HddIpipsg,castle-shannon-pennsylvania
https://www.ubereats.com/pittsburgh/food-delivery/micro-diner/KNjWKS2jTa-wWvm4cCr2rw,castle-shannon-pennsylvania
https://www.ubereats.com/pittsburgh/food-delivery/tooktook98/_KjNrtBbSD6aTAsHBJdp8g,castle-shannon-pennsylvania
https://www.ubereats.com/pittsburgh/food-delivery/em-pizzeria/gGkv22dBT_CpjQj3rq4QXw,castle-shannon-pennsylvania
https://www.ubereats.com/pittsburgh/food-delivery/auntie-annes-301-south-hills-village-kiosk-102/aPw7ejmNRDaLuUfhhPHEkA,castle-shannon-pennsylvania
https://www.ubereats.com/pittsburgh/food-delivery/atarashi-formerly-sushi-fuku/buHmpmxvSNKlPURfzq3OsQ,castle-shannon-pennsylvania
https://www.ubereats.com/pittsburgh/food-delivery/kfc-1100-brownsville-rd/Cm2f-27IQ4qwxaQYG79ShA,castle-shannon-pennsylvania
https://www.ubereats.com/pittsburgh/food-delivery/vinnys-pizza/pFHTpdCbRcCUG3HEnelFVg,castle-shannon-pennsylvania
https://www.ubereats.com/pittsburgh/food-delivery/ra-sushi-pittsburgh/Fh8shjV3Qum6KY3uIbI6pg,castle-shannon-pennsylvania
https://www.ubereats.com/pittsburgh/food-delivery/the-crafty-jackalope/njOAPLWFQQaRe8bSWWIyCA,castle-shannon-pennsylvania
https://www.ubereats.com/pittsburgh/food-delivery/big-shot-bobs-house-of-wingsmckeesport/XXiJoP4nRk6BBxF7GMnDYA,castle-shannon-pennsylvania
https://www.ubereats.com/pittsburgh/food-delivery/dijlah-restaurant/7ieb4CoqStSiJDXmCoqmIQ,castle-shannon-pennsylvania
https://www.ubereats.com/pittsburgh/food-delivery/creative-salads-at-the-bagel-factory-%22the-healthy-option-is-here%22/Aug3976_RsOMrYufOQdrDQ,castle-shannon-pennsylvania
https://www.ubereats.com/pittsburgh/food-delivery/jersey-mikes-subs-6508-steubenville-pike/OqxWA1iITVuVmdLh2cAgwg,castle-shannon-pennsylvania
https://www.ubereats.com/pittsburgh/food-delivery/bob-evans-503-1025-washington-pike/F6smJi4aStmK93kNRZ4hjQ,castle-shannon-pennsylvania
https://www.ubereats.com/pittsburgh/food-delivery/arbys-2040-lebanon-church-rd/Co3l_xeFQOeybtLtR_8KUg,castle-shannon-pennsylvania
https://www.ubereats.com/pittsburgh/food-delivery/hanini-subs-brighton-road/7bJnjpjKQYep12_u7QBuvg,castle-shannon-pennsylvania
https://www.ubereats.com/pittsburgh/food-delivery/giannas-salad-house/EYgHfLw2TaqlhoMmANc9Xw,castle-shannon-pennsylvania
https://www.ubereats.com/pittsburgh/food-delivery/dunkin-179-millers-run-rd/NPK1enGHQxuCFaPSXLob2A,castle-shannon-pennsylvania
https://www.ubereats.com/pittsburgh/food-delivery/walnut-grill-bethel/LP0uoQaBQWmbq7CJX_JGyQ,castle-shannon-pennsylvania
https://www.ubereats.com/pittsburgh/food-delivery/burger-house/nx-STwTUSOSBQQIdTGn8Vw,castle-shannon-pennsylvania
https://www.ubereats.com/pittsburgh/food-delivery/sals-pizza/-bBB8C6uRmq4BAhdiWsGTg,castle-shannon-pennsylvania
https://www.ubereats.com/pittsburgh/food-delivery/bravo-1500-washington-rd/-0XMeFarTSKW-clyjlFI9g,castle-shannon-pennsylvania
https://www.ubereats.com/pittsburgh/food-delivery/betsys-ice-cream/a1laog93TbC6ryLPZtR0Aw,castle-shannon-pennsylvania
https://www.ubereats.com/pittsburgh/food-delivery/burger-king-2379-noblestown-road/rTf7nx2jTuahg_aDeOsrpw,castle-shannon-pennsylvania
https://www.ubereats.com/pittsburgh/food-delivery/katana/4wMD7qKYR_ezDxoVwgqbPg,castle-shannon-pennsylvania
https://www.ubereats.com/pittsburgh/food-delivery/arnolds-tea-house/9CT_DUx2SkOjauTyU3LH2A,castle-shannon-pennsylvania
https://www.ubereats.com/pittsburgh/food-delivery/original-gyro/nResO2PcR2q6VJR5rjJ6gg,castle-shannon-pennsylvania
https://www.ubereats.com/pittsburgh/food-delivery/cold-stone-creamery-6509-robinson-center-dr/A0EL4aqHQRGdwE-F3svc7g,castle-shannon-pennsylvania
https://www.ubereats.com/pittsburgh/food-delivery/china-wok-pittsburgh/FIAHGZEVRuG5Ghb-Vz0jvg,castle-shannon-pennsylvania
https://www.ubereats.com/pittsburgh/food-delivery/red-robin-443-301-south-hills-village/w5Ff0m4cSBSCf-bWIoR1ZQ,castle-shannon-pennsylvania
https://www.ubereats.com/pittsburgh/food-delivery/emilianos-mexican-restaurant-%26-bar-e-carson/72WjEtUqTQKehzC1qv2mWg,castle-shannon-pennsylvania
https://www.ubereats.com/pittsburgh/food-delivery/hyde-park-prime-steakhouse-downtown-pittsburgh/a4JYvi8ZRDKM36TGa2fsxg,castle-shannon-pennsylvania
https://www.ubereats.com/pittsburgh/food-delivery/walids-fish-and-chicken/pgUSsDGwQNGG24xhJOKupA,castle-shannon-pennsylvania
https://www.ubereats.com/pittsburgh/food-delivery/wendys-60-town-square-way/a8RicB0RRA2iIUhESWwR1A,castle-shannon-pennsylvania
https://www.ubereats.com/pittsburgh/food-delivery/mikes-beer-bar/UpkyaIiCQwOg6i36ivI5gw,castle-shannon-pennsylvania
https://www.ubereats.com/pittsburgh/food-delivery/bar-louie-north-shore/_9Cbu6XdQSiZ2acZWEUZVQ,castle-shannon-pennsylvania
https://www.ubereats.com/pittsburgh/food-delivery/clean-juice-5829-penn-ave/6yLw_c0kTPSdSpakrBhupg,castle-shannon-pennsylvania
https://www.ubereats.com/pittsburgh/food-delivery/subway-4142-clairton-blvd/bFAOzaLuSUqy_2febW9NWw,castle-shannon-pennsylvania
https://www.ubereats.com/pittsburgh/food-delivery/kfc-278-yost-blvd/TGdOHQ9dTcCVWa9d25jx9A,castle-shannon-pennsylvania
https://www.ubereats.com/pittsburgh/food-delivery/dunkin-1098-washington-pike/PsIp2DwjQwG-vMzuXqm7Ng,castle-shannon-pennsylvania
https://www.ubereats.com/pittsburgh/food-delivery/long-john-silvers-2220-lebanon-church-road/COoxTSKlQtynSqu7u9udMQ,castle-shannon-pennsylvania
https://www.ubereats.com/pittsburgh/food-delivery/taco-del-campus/BKMmLbxNSsWzrsYbYbPXjA,castle-shannon-pennsylvania
https://www.ubereats.com/pittsburgh/food-delivery/ruggers-pub/YDl7pgMPS760th8IRSnIOg,castle-shannon-pennsylvania
https://www.ubereats.com/pittsburgh/food-delivery/layali-restaurant/GTYOTzgBSVqpchg5JJ062g,castle-shannon-pennsylvania
https://www.ubereats.com/pittsburgh/food-delivery/ham-n-eggers-diner/PgsIdz2cQiiRO_WCZ9jpwQ,castle-shannon-pennsylvania
https://www.ubereats.com/pittsburgh/food-delivery/noodles-%26-company-3805-forbes-ave/YQhnmBWUSU2v7PVT3L1Nmg,castle-shannon-pennsylvania
https://www.ubereats.com/pittsburgh/food-delivery/hook-fish-%26-chicken-ormsby-ave/s7bNolZcTbe3TzHwQUv1zA,castle-shannon-pennsylvania
https://www.ubereats.com/pittsburgh/food-delivery/peace-love-%26-little-donuts-robinson/s6JnC4bORD6gWZ9GkISYlQ,castle-shannon-pennsylvania
https://www.ubereats.com/pittsburgh/food-delivery/bea-taco-town/FkffbtcTQS-KcdGfIiGDww,castle-shannon-pennsylvania
https://www.ubereats.com/pittsburgh/food-delivery/hook-fish-%26-chicken-5th-ave/_9NBOVi8SmazvUk-slHXOA,castle-shannon-pennsylvania
https://www.ubereats.com/pittsburgh/food-delivery/subway-119-120-22nd-st/KlcU8QK5RROjdvuX_Qm9SQ,castle-shannon-pennsylvania
https://www.ubereats.com/pittsburgh/food-delivery/hook-fish-%26-chicken-federal-st/S_zOJeLgRrq6gFnZRHqc6A,castle-shannon-pennsylvania
https://www.ubereats.com/pittsburgh/food-delivery/donut-connection/1V4vDBqBTpGzklgjiwChag,castle-shannon-pennsylvania
https://www.ubereats.com/pittsburgh/food-delivery/salems-market-%26-grill-llc/W9W36ZI0RnubPnKcdWT0ag,castle-shannon-pennsylvania
https://www.ubereats.com/pittsburgh/food-delivery/wendys-3500-washington-rd/YfCbLjLeTNS6Wflv7IWq7g,castle-shannon-pennsylvania
https://www.ubereats.com/pittsburgh/food-delivery/fireside-inn/smWL1ai-S82YKBn0dQDpHg,castle-shannon-pennsylvania
https://www.ubereats.com/pittsburgh/food-delivery/the-coal-mine/3a96G8nQQPSzTnCgIhzzZg,castle-shannon-pennsylvania
https://www.ubereats.com/pittsburgh/food-delivery/crispy-cluck-%26-fish/IUM4B4zFSrSBk3Gl-jtdvA,castle-shannon-pennsylvania
https://www.ubereats.com/pittsburgh/food-delivery/bills-bar-%26-burger-1001-liberty-avenue/YSj8rPhhSeWdf_DNAJWhUw,castle-shannon-pennsylvania
https://www.ubereats.com/pittsburgh/food-delivery/coffee-tree-roasters-fxc/rXGMEXBJTBiGwEooZu2vTA,castle-shannon-pennsylvania
https://www.ubereats.com/pittsburgh/food-delivery/westwood-bar-and-grille/PiFTBDNeR_WJwzXOPbQ9vw,castle-shannon-pennsylvania
https://www.ubereats.com/pittsburgh/food-delivery/taco-town/4WEORwJITiyGA06J2sIWuA,castle-shannon-pennsylvania
https://www.ubereats.com/pittsburgh/food-delivery/cafe-412/WFyy97iWSHmdou_k3xNhdg,castle-shannon-pennsylvania
https://www.ubereats.com/pittsburgh/food-delivery/wendys-2280-lebanon-church-rd/48SG5ClfSKOVZqwFIZ-1pg,castle-shannon-pennsylvania
https://www.ubereats.com/pittsburgh/food-delivery/the-original-gyro-3611-library-road/c1oT2uLCQZG3SwY8MLjWcw,castle-shannon-pennsylvania
https://www.ubereats.com/pittsburgh/food-delivery/dive-bar-%26-grille-south-side/Q65gnCQ3RUGJKg3HifQ-ZQ,castle-shannon-pennsylvania
https://www.ubereats.com/pittsburgh/food-delivery/vocelli-pizza-1025-washington-pike/A-s3EhnBQDehQ7wKihDy-A,castle-shannon-pennsylvania
https://www.ubereats.com/pittsburgh/food-delivery/souper-bowl/GuVjo9rLTPCmLB5bSiOHHw,castle-shannon-pennsylvania
https://www.ubereats.com/pittsburgh/food-delivery/subway-517-mcneilly-rd/1oRsk3FqQFmdgGSVIahLnA,castle-shannon-pennsylvania
https://www.ubereats.com/pittsburgh/food-delivery/local-bar-%2B-kitchen-south-side/T1znh8qaQMyFJ_DzLEofSg,castle-shannon-pennsylvania
https://www.ubereats.com/pittsburgh/food-delivery/tequila-cowboy/5MULIJfkSzWFpIqj6h4QZA,castle-shannon-pennsylvania
https://www.ubereats.com/pittsburgh/food-delivery/hop-house-green-tree/o3V28RweQl6eTQ-Stxbz_g,castle-shannon-pennsylvania
https://www.ubereats.com/pittsburgh/food-delivery/vocelli-pizza-231-commercial-avenue/vTI85AvjQAyqyKoN7sSXig,castle-shannon-pennsylvania
https://www.ubereats.com/pittsburgh/food-delivery/giovannis-pizza-and-pasta/IiE2Zxe-Rhmj8LiwXg4JNQ,castle-shannon-pennsylvania
https://www.ubereats.com/pittsburgh/food-delivery/ginos-pizza/PHRKlPOWRxW8W9nzb_keYw,castle-shannon-pennsylvania
https://www.ubereats.com/pittsburgh/food-delivery/insomnia-marisqueria/9e77uH-yTgG3oT8xordqlA,castle-shannon-pennsylvania
https://www.ubereats.com/pittsburgh/food-delivery/wendys-5055-library-rd/kgHKRPwzTXSNdsCgpa9lCQ,castle-shannon-pennsylvania
https://www.ubereats.com/pittsburgh/food-delivery/larry-and-carols-pizza/_NpA6ITWRf2-ZMNYdVV4tg,castle-shannon-pennsylvania
https://www.ubereats.com/pittsburgh/food-delivery/chipotle-mexican-grill-509-clairton-blvd/9nsp1Ti_QzWzwd0Sb3s-CA,castle-shannon-pennsylvania
https://www.ubereats.com/pittsburgh/food-delivery/crafthouse-stage-%26-grill/7C_sYYdkQ-61dFU9nTT7YA,castle-shannon-pennsylvania
https://www.ubereats.com/pittsburgh/food-delivery/benihana-2100-greentree-road/9dAm1bNqRDuDArfDLy96Hg,castle-shannon-pennsylvania
https://www.ubereats.com/pittsburgh/food-delivery/murray-avenue-grill/NotzqZeOTdSzEKgLXpC7kA,castle-shannon-pennsylvania
https://www.ubereats.com/pittsburgh/food-delivery/red-lobster-6150-robinson-center-drive/4xRReqgLQm6Nz_pFMcnZVg,castle-shannon-pennsylvania
https://www.ubereats.com/pittsburgh/food-delivery/bob-evans-498-3350-washington-road/gAph8zskQnessrUk6ADGZw,castle-shannon-pennsylvania
https://www.ubereats.com/pittsburgh/food-delivery/legends-eatery/LJ5fZN0HTpC1xkSBR8mY_Q,castle-shannon-pennsylvania
https://www.ubereats.com/pittsburgh/food-delivery/primanti-brothers-n-versailles/OZvtX65-TPmXK_eDc2LK4w,castle-shannon-pennsylvania
https://www.ubereats.com/pittsburgh/food-delivery/luma-restaurant/pLXcAEzGSGSgbCqW--vFPA,castle-shannon-pennsylvania
https://www.ubereats.com/pittsburgh/food-delivery/big-shot-bobs-house-of-wings-bethel-park/Bcn94qUSQcekN2IXlCUInQ,castle-shannon-pennsylvania
https://www.ubereats.com/pittsburgh/food-delivery/einstein-bros-bagels-3-ppg-pl/DAMfX8gnSo-VD1iBP0C6_Q,castle-shannon-pennsylvania
https://www.ubereats.com/pittsburgh/food-delivery/the-vault-taproom/ApDetlqaTr-qo4n8XsXlBA,castle-shannon-pennsylvania
https://www.ubereats.com/pittsburgh/food-delivery/sloppy-dogs/_3tetmVwRharwSaYKPp2zw,castle-shannon-pennsylvania
https://www.ubereats.com/pittsburgh/food-delivery/pita-pit-pittsburgh/dZKqMGR_RcKj3lWNvXN5Qw,castle-shannon-pennsylvania
https://www.ubereats.com/pittsburgh/food-delivery/kfc-5153-library-road/EhwCTbRVRWGVhzVpMCV8YA,castle-shannon-pennsylvania
https://www.ubereats.com/pittsburgh/food-delivery/coffee-tree-roasters-mtl/Sij-kiEiQiiBh9nhm9FRfg,castle-shannon-pennsylvania
https://www.ubereats.com/pittsburgh/food-delivery/firehouse-subs-126-gallery-drive/GTl_CqUZQ9-Cb4wBE3ew1Q,castle-shannon-pennsylvania
https://www.ubereats.com/pittsburgh/food-delivery/arbys-3518-washington-rd/fB8Shg0lS6aAzypjge2hJQ,castle-shannon-pennsylvania
https://www.ubereats.com/pittsburgh/food-delivery/tomatoes-ii-pizzeria/9GKErzgEQZ28-cSVOkP5nw,castle-shannon-pennsylvania
https://www.ubereats.com/pittsburgh/food-delivery/arbys-1140-washington-pike/1XCumsSASvSQg2ol37AaXQ,castle-shannon-pennsylvania
https://www.ubereats.com/pittsburgh/food-delivery/parkers-pgh/AtyjglPcS36Z8r_eqJYQdg,castle-shannon-pennsylvania
https://www.ubereats.com/pittsburgh/food-delivery/subway-5055-library-rd/acILRu71TymA1xHsBT2_xg,castle-shannon-pennsylvania
https://www.ubereats.com/pittsburgh/food-delivery/wangs-kitchen/btjmKarVQBqk_yuPvW-4Yg,castle-shannon-pennsylvania
https://www.ubereats.com/pittsburgh/food-delivery/kasai-kogi-bar/qqsqt3TFRjKXX83l4NdC4g,castle-shannon-pennsylvania
https://www.ubereats.com/pittsburgh/food-delivery/bonfire-food-and-drink/DfqYu_YtQ-WIimGzK6ceeA,castle-shannon-pennsylvania
https://www.ubereats.com/pittsburgh/food-delivery/centenario-mexican-grille/8lH9DKRIQiKXgvAd_BWqAA,castle-shannon-pennsylvania
https://www.ubereats.com/pittsburgh/food-delivery/cains-saloon-pitt/5OE4C-QhRnmL0nuv5u377g,castle-shannon-pennsylvania
https://www.ubereats.com/pittsburgh/food-delivery/mccormick-%26-schmicks-301-fifth-avenue/zwYbWZ3sRQyKwdtRhxSCxQ,castle-shannon-pennsylvania
https://www.ubereats.com/pittsburgh/food-delivery/papa-johns-pizza-bethel-park/QoN8FTg1TCmOqGwiQoC29Q,castle-shannon-pennsylvania
https://www.ubereats.com/pittsburgh/food-delivery/las-palmas/0YEeVjEDT6GjyyhVpJb4ZQ,castle-shannon-pennsylvania
https://www.ubereats.com/pittsburgh/food-delivery/wendys-4524-browns-hill-rd/g1veXm0iQSaMdTWdlgSxGQ,castle-shannon-pennsylvania
https://www.ubereats.com/pittsburgh/food-delivery/burger-king-2900-brownsville-road/rB-F96zRSRaNzwQI_BPkdw,castle-shannon-pennsylvania
https://www.ubereats.com/pittsburgh/food-delivery/cherries-diner/Qq5K28-BQ8eXjAdd1zhF7A,castle-shannon-pennsylvania
https://www.ubereats.com/pittsburgh/food-delivery/foxs-pizza-den-6-bailey-ave/bDMUMTNzQWeUVafhJMBN1Q,castle-shannon-pennsylvania
https://www.ubereats.com/pittsburgh/food-delivery/or-the-whale/YyTY0T3rR2KNdtfISwEDDg,castle-shannon-pennsylvania
https://www.ubereats.com/pittsburgh/food-delivery/condado-tacos-downtown-pittsburgh/SBaZrmfCRNCIk3WCYoDO2A,castle-shannon-pennsylvania
https://www.ubereats.com/pittsburgh/food-delivery/pittsburgerz/N2kTilMgSZ2kze5P5vwetw,castle-shannon-pennsylvania
https://www.ubereats.com/pittsburgh/food-delivery/ali-baba-restaurants/6apBvGeQS9CLhvUwp3-KYA,castle-shannon-pennsylvania
https://www.ubereats.com/pittsburgh/food-delivery/vocelli-pizza-2101-greentree-road-suite-b-110/if03WBM-Rl2STH1VmyNM1Q,castle-shannon-pennsylvania
https://www.ubereats.com/pittsburgh/food-delivery/tgi-fridays-1817-pittsburgh-bethel-park-pa/vDvyHcNNQviRzKgqAnAscA,castle-shannon-pennsylvania
https://www.ubereats.com/pittsburgh/food-delivery/ts-restaurant-and-lounge/mJTBmkGVTwaednxEnpn_vg,castle-shannon-pennsylvania
https://www.ubereats.com/pittsburgh/food-delivery/coachs-bottleshop-%26-grille/RP2aSfPzTamzvMH44JX9rg,castle-shannon-pennsylvania
https://www.ubereats.com/pittsburgh/food-delivery/primanti-brothers-southside-e-carson/RCz1lBMrSSiT2CFq9f1Gog,castle-shannon-pennsylvania
https://www.ubereats.com/pittsburgh/food-delivery/tako/BUbuQkevRbi1kZ7MoH2iEQ,castle-shannon-pennsylvania
https://www.ubereats.com/pittsburgh/food-delivery/einstein-bros-bagels-436-7th-ave/2bWdgZRiRkatY-R24SoXfA,castle-shannon-pennsylvania
https://www.ubereats.com/pittsburgh/food-delivery/als-fish-and-chicken-duquesne-blvd/mbsngmwmRVKA-B6tybgQsw,castle-shannon-pennsylvania
https://www.ubereats.com/pittsburgh/food-delivery/quiznos-craig-st/3SjbbI4pRg299FenkUB9aw,castle-shannon-pennsylvania
https://www.ubereats.com/pittsburgh/food-delivery/homerun-harrys-grill/Hbm9Cj1UQhypfGFGRH0gQg,castle-shannon-pennsylvania
https://www.ubereats.com/pittsburgh/food-delivery/arbys-5205-library-rd/-G0u7re9QQ6wFZn8b5QW3Q,castle-shannon-pennsylvania
https://www.ubereats.com/pittsburgh/food-delivery/south-hills-salads-subs-and-wings-373-vanadium-rd/dzeu7-O4S7aIwL1XG8Qtvw,castle-shannon-pennsylvania
https://www.ubereats.com/pittsburgh/food-delivery/kfc-222-w-8th-ave/_5PAsahcTnythzM6-HqR1A,castle-shannon-pennsylvania
https://www.ubereats.com/pittsburgh/food-delivery/capri-pizzeria-%26-bar/2F9_XoQDQjmfm4UqTOoiIg,castle-shannon-pennsylvania
https://www.ubereats.com/pittsburgh/food-delivery/bridges-%26-bourbon/sPBhVSBHT9ifINOgmd3iCA,castle-shannon-pennsylvania
https://www.ubereats.com/pittsburgh/food-delivery/subway-48-monongahela-ave/9ABgvqjmSF2bUInzEOye4Q,castle-shannon-pennsylvania
https://www.ubereats.com/pittsburgh/food-delivery/mcdonalds-west-liberty/0Wy32vnnSdWkIt2-AFCBvw,castle-shannon-pennsylvania
https://www.ubereats.com/pittsburgh/food-delivery/city-works-pittsburgh/qDz-YKJISuygnowG8-cs3g,castle-shannon-pennsylvania
https://www.ubereats.com/pittsburgh/food-delivery/penn-brewery/O-J3d-1pRReNENMtiyR_aw,castle-shannon-pennsylvania
https://www.ubereats.com/pittsburgh/food-delivery/pf-changs-148-w-bridge-st/8z-WsmLrSNiLB3Q6zoamWw,castle-shannon-pennsylvania
https://www.ubereats.com/pittsburgh/food-delivery/sinful-sweets-chocolate-company-539-liberty-ave/WGnI2QIKTaiEZtGNphtGww,castle-shannon-pennsylvania
https://www.ubereats.com/pittsburgh/food-delivery/genoa-pizza-pitt/KRhxb67LSSa9exVIx8Z2UA,castle-shannon-pennsylvania
https://www.ubereats.com/pittsburgh/food-delivery/jets-pizza-dormont/e5B7499EQ4WKOFC9Wojl5w,castle-shannon-pennsylvania
https://www.ubereats.com/pittsburgh/food-delivery/bae-baes-kitchen/bMQZcI9SR-WRSXTRc-EO4A,castle-shannon-pennsylvania
https://www.ubereats.com/pittsburgh/food-delivery/bagel-factory/e0Ci7y2zQ5-6seqcOTOQnw,castle-shannon-pennsylvania
https://www.ubereats.com/pittsburgh/food-delivery/sly-fox-taphouse-at-the-point/56V6-1igQJWM502P385IGA,castle-shannon-pennsylvania
https://www.ubereats.com/pittsburgh/food-delivery/express-pizzeria/R9A2gpiuSja9bTVGQN4bkg,castle-shannon-pennsylvania
https://www.ubereats.com/pittsburgh/food-delivery/pizza-pronto/3PATyEXATCGEijknR7zYwg,castle-shannon-pennsylvania
https://www.ubereats.com/pittsburgh/food-delivery/cracker-barrel-old-country-store-200-davis-blvd/np2sMB2GQUCTS-c9R-TKKQ,castle-shannon-pennsylvania
https://www.ubereats.com/pittsburgh/food-delivery/firehouse-subs-320-mcholme-drive/16m57hcTRg2gCACH_zkSdQ,castle-shannon-pennsylvania
https://www.ubereats.com/pittsburgh/food-delivery/hook-fish-%26-chicken-north-versailles/8sZU-txlSr2N9rcaK88cvQ,castle-shannon-pennsylvania
https://www.ubereats.com/pittsburgh/food-delivery/dancing-crab-thai-noodle-house/5eIkErGlQIaQvMizeywxCw,castle-shannon-pennsylvania
https://www.ubereats.com/pittsburgh/food-delivery/coffee-tree-roasters-sqh/neOwfncbSO6HYjSa8NCwSQ,castle-shannon-pennsylvania
https://www.ubereats.com/pittsburgh/food-delivery/mcdonalds-castle-shannon/O1ETNXLfS2WpxQKjWDY0zw,castle-shannon-pennsylvania
https://www.ubereats.com/pittsburgh/food-delivery/pizza-palermo-crafton/IBY2SXkhQeev9ohJEeCtgg,castle-shannon-pennsylvania
https://www.ubereats.com/pittsburgh/food-delivery/wahlburgers-pittsburgh-robinson/qAOLymNxTlKuiQ1TctrUSA,castle-shannon-pennsylvania
https://www.ubereats.com/pittsburgh/food-delivery/el-campesino-mcmurray/CLu8LrSCQTyGVLlyp4mlgg,castle-shannon-pennsylvania
https://www.ubereats.com/pittsburgh/food-delivery/ihop-4656-browns-hill-rd/9-Bo_LvjQHego_nHf-btuA,castle-shannon-pennsylvania
https://www.ubereats.com/pittsburgh/food-delivery/pasquallys-pizza-%26-wings-1025-washington-pike/rDQzzHXHSqmfblfn-NaRZQ,castle-shannon-pennsylvania
https://www.ubereats.com/pittsburgh/food-delivery/quik-it-chicken/5O6AQcvgR7qLDttsyV1p3A,castle-shannon-pennsylvania
https://www.ubereats.com/pittsburgh/food-delivery/country-style-pizza/3Ho73O66Sb6Wi-w9FJwEMg,castle-shannon-pennsylvania
https://www.ubereats.com/pittsburgh/food-delivery/edible-arrangements-250-mt-lebanon-boulevard-suite-e-40/NkMKosW7TPiTw2MN9Fg8bw,castle-shannon-pennsylvania
https://www.ubereats.com/pittsburgh/food-delivery/wendys-2237-noblestown/f1mHB6yUS3OArAl1RtdZLw,castle-shannon-pennsylvania
https://www.ubereats.com/pittsburgh/food-delivery/arbys-450-clairton-blvd/WIc1TlDASBay-SQAJuIvfg,castle-shannon-pennsylvania
https://www.ubereats.com/pittsburgh/food-delivery/aspendos-turkish-kebab-house/-QP6YnacTj6W6xcTnmgGiw,castle-shannon-pennsylvania
https://www.ubereats.com/pittsburgh/food-delivery/subway-308-cochran-rd/kT_1saatTB28BelUkJLIRA,castle-shannon-pennsylvania
https://www.ubereats.com/pittsburgh/food-delivery/china-cafe-pittsburgh/mQJ9qFThSSCQOZu0el8rbg,castle-shannon-pennsylvania
https://www.ubereats.com/pittsburgh/food-delivery/chipotle-mexican-grill-1614-cochran-rd/L2XYp5tbTFytfQd8bY8W4Q,castle-shannon-pennsylvania
https://www.ubereats.com/pittsburgh/food-delivery/sushi-tomo/MtwuGJ6gSi2unSM9vXoOGg,castle-shannon-pennsylvania
https://www.ubereats.com/pittsburgh/food-delivery/angkor-restaurant/iszzNdg7T_-62OEyAb_y4Q,castle-shannon-pennsylvania
https://www.ubereats.com/pittsburgh/food-delivery/pizza-bellagio/Iji2aVLLQz2GRODtZoWDtQ,castle-shannon-pennsylvania
https://www.ubereats.com/pittsburgh/food-delivery/s%26d-polish-deli/M2TM4yxXQiyNp-xVewNy-w,castle-shannon-pennsylvania
https://www.ubereats.com/pittsburgh/food-delivery/pho-van-pa/ksljBHs9Toa_eH56fhVcwQ,castle-shannon-pennsylvania
https://www.ubereats.com/pittsburgh/food-delivery/wendys-1660-cochran-rd/9qKy7AJBSgmVdqC6hLAhpg,castle-shannon-pennsylvania
https://www.ubereats.com/pittsburgh/food-delivery/lins-asian-fusion/3sFSxr8DQc6aOwR1eboA9A,castle-shannon-pennsylvania
https://www.ubereats.com/pittsburgh/food-delivery/olive-oils-pizzeria-bethel-park/MeaqFmYbRNmKoCcTy55Eyw,castle-shannon-pennsylvania
https://www.ubereats.com/pittsburgh/food-delivery/italian-village-pizza-grant-st/6ysAdub0S-OjKFoQQxRvzg,castle-shannon-pennsylvania
https://www.ubereats.com/pittsburgh/food-delivery/riviera-pizza-%26-pasta/b8DjgP7hR4OvGl5UjT3htA,castle-shannon-pennsylvania
https://www.ubereats.com/pittsburgh/food-delivery/halal-pitt/KJgx_xvIQAGKWi-XP9YO1w,castle-shannon-pennsylvania
https://www.ubereats.com/pittsburgh/food-delivery/starbucks-bethel-park/1dFvn_17QoCh1gjeI5GqZg,castle-shannon-pennsylvania
https://www.ubereats.com/pittsburgh/food-delivery/cilantro-%26-ajo/fWBBarLnSQ-mT4t3fxIO4A,castle-shannon-pennsylvania
https://www.ubereats.com/pittsburgh/food-delivery/panera-bread-5243-library-road/ikiy0nFVQN-HvuOb-wosqg,castle-shannon-pennsylvania
https://www.ubereats.com/pittsburgh/food-delivery/r%26bs-pizza/yB7xYyHISb-jsDkpkPUt5g,castle-shannon-pennsylvania
https://www.ubereats.com/pittsburgh/food-delivery/starbucks-east-carson-street/JqgaRn6uRduCMm1Xsr6sIg,castle-shannon-pennsylvania
https://www.ubereats.com/pittsburgh/food-delivery/ihop-1002-sutherland-dr/IkLwQ3RfQIqNQ_t1usAKgQ,castle-shannon-pennsylvania
https://www.ubereats.com/pittsburgh/food-delivery/frio-creamery/3EY4iI6AQJa3k6BqW64s5w,castle-shannon-pennsylvania
https://www.ubereats.com/pittsburgh/food-delivery/taco-bell-1690-cochran-rd/vV2DyN2dS0CleDW0r9qCkg,castle-shannon-pennsylvania
https://www.ubereats.com/pittsburgh/food-delivery/crafted-north/MRbxRu4sSKyHCtdjyezTWw,castle-shannon-pennsylvania
https://www.ubereats.com/pittsburgh/food-delivery/ofela-african-restaurant/jCjE0rJgTBe26m-FUbS74Q,castle-shannon-pennsylvania
https://www.ubereats.com/pittsburgh/food-delivery/vincenzos-pizza-%26-pasta/JB_pECBwTeS7ptZXGTJPwg,castle-shannon-pennsylvania
https://www.ubereats.com/pittsburgh/food-delivery/nickys-thai-kitchen-downtown/5P3PpFryQL-cKsvBL1wELg,castle-shannon-pennsylvania
https://www.ubereats.com/pittsburgh/food-delivery/hot-box-pizza-%26-wings/YEwtFJVnQWqNKvXLoCAITg,castle-shannon-pennsylvania
https://www.ubereats.com/pittsburgh/food-delivery/dancing-crab-too/fPfM2MKJRs6NI57cCTByTg,castle-shannon-pennsylvania
https://www.ubereats.com/pittsburgh/food-delivery/mediterranean-cuisine-catering-and-delivery/FFm8l3faQQSlb2rtD2YxGw,castle-shannon-pennsylvania
https://www.ubereats.com/pittsburgh/food-delivery/pork-and-beans/avOzFnHMQr6O2sx7RrqZGA,castle-shannon-pennsylvania
https://www.ubereats.com/pittsburgh/food-delivery/bella-notte/NU7JQMcLQf-wJWkEeIRxxg,castle-shannon-pennsylvania
https://www.ubereats.com/pittsburgh/food-delivery/blaze-pizza-160-millers-run-rd-%23100/pf4drvftRfaPCyTLcej_4w,castle-shannon-pennsylvania
https://www.ubereats.com/pittsburgh/food-delivery/wendys-2410-w-liberty/2bvmyjCjQPGQVeRZZNZ9NQ,castle-shannon-pennsylvania
https://www.ubereats.com/pittsburgh/food-delivery/vocelli-pizza-691-clairton-boulevard/pgSBg1XsRxOlnoAqR9Qv_Q,castle-shannon-pennsylvania
https://www.ubereats.com/pittsburgh/food-delivery/wings-over-pittsburgh/Ezxq9vffQPaXv0iMCV_gCQ,castle-shannon-pennsylvania
https://www.ubereats.com/pittsburgh/food-delivery/brgr-mt-lebanon/IsUdebh4QVmYVSbPeapFDw,castle-shannon-pennsylvania
https://www.ubereats.com/pittsburgh/food-delivery/bjs-restaurant-%26-brewhouse-1819-washington-rd/0SmJcT8gQWe1tKftbn_LNQ,castle-shannon-pennsylvania
https://www.ubereats.com/pittsburgh/food-delivery/iron-born-pizza/ExNsSZxETBaANDzrTn8CrQ,castle-shannon-pennsylvania
https://www.ubereats.com/pittsburgh/food-delivery/pizza-romano-pittsburgh/GSTh_7WdT86-V3Kz8aSfCw,castle-shannon-pennsylvania
https://www.ubereats.com/pittsburgh/food-delivery/the-alcove/sTLNWg8kRjeE0gywJpxYnw,castle-shannon-pennsylvania
https://www.ubereats.com/pittsburgh/food-delivery/foxs-pizza-den-902-brookline-blvd/Wmo2GmymRJqer5eQMfaC1Q,castle-shannon-pennsylvania
https://www.ubereats.com/pittsburgh/food-delivery/51-wings-and-things/isgmivQoRxiwza9Ig_-B4Q,castle-shannon-pennsylvania
https://www.ubereats.com/pittsburgh/food-delivery/dibellas-old-fashioned-submarines-6501-steubenville-pike/J3LmeMB0RDmLl6vjCB1BnA,castle-shannon-pennsylvania
https://www.ubereats.com/pittsburgh/food-delivery/dennys-2180-greentree-rd/CrK2B0_zTFeT2fjvrAgSaw,castle-shannon-pennsylvania
https://www.ubereats.com/pittsburgh/food-delivery/dennys-2200-lebanon-church-road/dc-8fKsHTZmFdDxNjC2IsQ,castle-shannon-pennsylvania
https://www.ubereats.com/pittsburgh/food-delivery/texas-de-brazil-pittsburgh/5b7dmI2CSDCP2-L6hu-uew,castle-shannon-pennsylvania
https://www.ubereats.com/pittsburgh/food-delivery/vocelli-pizza-5644-steubenville-pike/2o5wpSCEQ1uN0XOCR80bhA,castle-shannon-pennsylvania
https://www.ubereats.com/pittsburgh/food-delivery/daddy-ds-suber-soulfood/BMcXq-CYQJSUxrhyrQT51g,castle-shannon-pennsylvania
https://www.ubereats.com/pittsburgh/food-delivery/merlinos-pizza/OYyvOjvbTw6UcotaLb3f5g,castle-shannon-pennsylvania
https://www.ubereats.com/pittsburgh/food-delivery/rileys-pour-house/uj0Tf_DHQ9eXSXZ0UL6dUg,castle-shannon-pennsylvania
https://www.ubereats.com/pittsburgh/food-delivery/wendys-603-clairton-blvd/8fVNdHfXTPi0_WzsruQ_OA,castle-shannon-pennsylvania
https://www.ubereats.com/pittsburgh/food-delivery/burgatory-the-pointe/E_DRIguuTKaXLZuxD3w90Q,castle-shannon-pennsylvania
https://www.ubereats.com/pittsburgh/food-delivery/primanti-brothers-steubenville-pike-robinson/cwboc2z-TJec5J9YwBfciA,castle-shannon-pennsylvania
https://www.ubereats.com/pittsburgh/food-delivery/mortons-the-steakhouse-625-liberty-avenue/ooc7k7vfTkKFOaO7wP_5dQ,castle-shannon-pennsylvania
https://www.ubereats.com/pittsburgh/food-delivery/subway-3147-banksville-rd/uDsXzkXXTKy9Z1Bak9zYXA,castle-shannon-pennsylvania
https://www.ubereats.com/pittsburgh/food-delivery/subway-950-ridge-ave/Lsu23m1bQ7SrQruf3If4Fg,castle-shannon-pennsylvania
https://www.ubereats.com/pittsburgh/food-delivery/little-tokyo-bistro/OE6OYfoBR7q24Qz1LiFvbg,castle-shannon-pennsylvania
https://www.ubereats.com/pittsburgh/food-delivery/tres-rios/moUKLCKTTpC49xoTy4xWjw,castle-shannon-pennsylvania
https://www.ubereats.com/pittsburgh/food-delivery/olive-oils-pizzeria-%26-more/pkUbxRFESvumeTI7cSah2g,castle-shannon-pennsylvania
https://www.ubereats.com/pittsburgh/food-delivery/papagallo/SGyIZ76gRf6RH-pSHt5b6Q,castle-shannon-pennsylvania
https://www.ubereats.com/pittsburgh/food-delivery/groovy-lous-smoothies-and-frappes/M_D60MA4Twm8kV2LfZUAgg,castle-shannon-pennsylvania
https://www.ubereats.com/pittsburgh/food-delivery/coughlins-law-kitchen-and-ale-house/T61BDMMcR-K20Ek6HamEaw,castle-shannon-pennsylvania
https://www.ubereats.com/pittsburgh/food-delivery/steel-city-subs/nxNacx0tTW2066WaZuyvWg,castle-shannon-pennsylvania
https://www.ubereats.com/pittsburgh/food-delivery/jolinas-2/i5S7i1qDSruoU5qJcaT2gA,castle-shannon-pennsylvania
https://www.ubereats.com/pittsburgh/food-delivery/bravo-250-w-bridge-street/_NTV97N1SFaAZYbBFYSEnw,castle-shannon-pennsylvania
https://www.ubereats.com/pittsburgh/food-delivery/old-mexico/ixOE-z5bSuWoD2_-k77bgQ,castle-shannon-pennsylvania
https://www.ubereats.com/pittsburgh/food-delivery/nepali-asian-restaurant/1mYRU8mqRxi8WhHBpxJwZA,castle-shannon-pennsylvania
https://www.ubereats.com/pittsburgh/food-delivery/tooties-famous-italian-beef/VAJyUoEVRu6ORobtF0mTYg,castle-shannon-pennsylvania
https://www.ubereats.com/pittsburgh/food-delivery/chipotle-mexican-grill-3840-washington-rd/_Aer3ePwSgC8YoUb8du1TQ,castle-shannon-pennsylvania
https://www.ubereats.com/pittsburgh/food-delivery/china-wok-brentwood/onf0t9bpQTSJe6ZapgG-KQ,castle-shannon-pennsylvania
https://www.ubereats.com/pittsburgh/food-delivery/drift-hookah-lounge/lQH9Q0DCRd6VsQ6C40_0jQ,castle-shannon-pennsylvania
https://www.ubereats.com/pittsburgh/food-delivery/the-yard-gastropub-market-square/A1ms2_9ySbGbl1849LV_8Q,castle-shannon-pennsylvania
https://www.ubereats.com/pittsburgh/food-delivery/steel-cactus-southside/FQP41EV5QjaPylNGiWlwjw,castle-shannon-pennsylvania
https://www.ubereats.com/pittsburgh/food-delivery/klavons-ice-cream-parlor/bXDwqCO6Qnq2dC8p9K82aw,castle-shannon-pennsylvania
https://www.ubereats.com/pittsburgh/food-delivery/pasquales-pizzeria/YJfj1V3jQeeiJe5dJb0V0A,castle-shannon-pennsylvania
https://www.ubereats.com/pittsburgh/food-delivery/the-other-pizza-place/w_sc09fuQKi7kON1EYtxTg,castle-shannon-pennsylvania
https://www.ubereats.com/pittsburgh/food-delivery/taco-bell-121-costco-drive/8NYWQtzKTNij01x2YL-7SA,castle-shannon-pennsylvania
https://www.ubereats.com/pittsburgh/food-delivery/patron-mexican-fox-chapel/ZQKpwSggR0ai24sJE6xV0A,castle-shannon-pennsylvania
https://www.ubereats.com/pittsburgh/food-delivery/yuva-india-kitchen-%2B-bar/bPVcpA9MRdqZEenS7Pcj6w,castle-shannon-pennsylvania
https://www.ubereats.com/pittsburgh/food-delivery/pittzarella/VInC9_JfRTSp7DdA-O_E5Q,castle-shannon-pennsylvania
https://www.ubereats.com/pittsburgh/food-delivery/kitchen-434%E2%80%94bowls-%26-wraps/9fG-CNfUSa2L4OpMrKN9GQ,castle-shannon-pennsylvania
https://www.ubereats.com/pittsburgh/food-delivery/the-original-pancake-house-2229-swallow-hill-rd/2VbbmgwpRaio8ylV01YibQ,castle-shannon-pennsylvania
https://www.ubereats.com/pittsburgh/food-delivery/v3-flatbread-pizza-11-5th-ave/nEBQswu8TSmJ8tqt0pkkPg,castle-shannon-pennsylvania
https://www.ubereats.com/pittsburgh/food-delivery/primanti-brothers-mt-lebanon/FE9963Z4RFKJOjNHlGPGuA,castle-shannon-pennsylvania
https://www.ubereats.com/pittsburgh/food-delivery/taste-of-india/H_dgHwl9RXqE-vMYD3eEhQ,castle-shannon-pennsylvania
https://www.ubereats.com/pittsburgh/food-delivery/dunkin-1541-washington-rd/MvoLxjIyS3GCnXiYYmfSCw,castle-shannon-pennsylvania
https://www.ubereats.com/pittsburgh/food-delivery/mola/88rEmBAMRpmIBjuYyYuPdA,castle-shannon-pennsylvania
https://www.ubereats.com/pittsburgh/food-delivery/asian-garden/DH70l53PRJykAmSFBW9COg,castle-shannon-pennsylvania
https://www.ubereats.com/pittsburgh/food-delivery/the-saloon-of-mt-lebanon/wjXpxj9lQm-b0Vep_gMcng,castle-shannon-pennsylvania
https://www.ubereats.com/pittsburgh/food-delivery/tasty-n-healthy/J1oIAw8vSX-JVYnm-Orjiw,castle-shannon-pennsylvania
https://www.ubereats.com/pittsburgh/food-delivery/grand-concourse-100-west-station-square-dr/--v4hh4hS6miH_2jzWcB2g,castle-shannon-pennsylvania
https://www.ubereats.com/pittsburgh/food-delivery/big-guys-pizza/ipP0LEkuTc-JxTm2vWJP_w,castle-shannon-pennsylvania
https://www.ubereats.com/pittsburgh/food-delivery/houlihans-mt-lebanon/z7AvhfG9TqGaWdRfgUxTKA,castle-shannon-pennsylvania
https://www.ubereats.com/pittsburgh/food-delivery/red-lobster-259-clairton-blvd/sRqipVBdR96NTf7biylLaA,castle-shannon-pennsylvania
https://www.ubereats.com/pittsburgh/food-delivery/walnut-grill-fox-chapel/Njjc_J4ZT6yn8quLxYnbzQ,castle-shannon-pennsylvania
https://www.ubereats.com/pittsburgh/food-delivery/streets-on-carson-pitt/9czn1kYQSiOArz_YKiseqw,castle-shannon-pennsylvania
https://www.ubereats.com/pittsburgh/food-delivery/zoup!-1137-freeport-rd/xzYKSoG5ToKYRcS7ldrl8Q,castle-shannon-pennsylvania
https://www.ubereats.com/pittsburgh/food-delivery/slice-on-broadway-carnegie/Oscgw9gATWmD6m7OqheiJw,castle-shannon-pennsylvania
https://www.ubereats.com/pittsburgh/food-delivery/chick-fil-a-1620-washington-rd/1AF-28AMSFW8-039useCZA,castle-shannon-pennsylvania
https://www.ubereats.com/pittsburgh/food-delivery/nana-ks/mw8CULNxQCGkjwHEYKStyQ,castle-shannon-pennsylvania
https://www.ubereats.com/pittsburgh/food-delivery/sincerely-yogurt-2737-east-carson-street/YpsVivuGToemKwtX3fmOmQ,castle-shannon-pennsylvania
https://www.ubereats.com/pittsburgh/food-delivery/subway-2200-washington-pike/S502LoJVTEuKvGqwLuYPZg,castle-shannon-pennsylvania
https://www.ubereats.com/pittsburgh/food-delivery/new-york-super-subs-squirrel-hill/yyjpwLCNSZaAwWr5zVvDLA,castle-shannon-pennsylvania
https://www.ubereats.com/pittsburgh/food-delivery/primanti-brothers-waterfront-e-bridge-st/T2RkSfQTSDKJsxe8T5qmsw,castle-shannon-pennsylvania
https://www.ubereats.com/pittsburgh/food-delivery/dunkin-2150-brownsville-rd/tOfFAQLFRZCvE9phkTquLg,castle-shannon-pennsylvania
https://www.ubereats.com/pittsburgh/food-delivery/dunkin-360-curry-hollow-rd/kNUjqgEaTlGAVz0U0hL9hA,castle-shannon-pennsylvania
https://www.ubereats.com/pittsburgh/food-delivery/thai-cottage/dn9EMwRoQvmPpMQxf7g6FQ,castle-shannon-pennsylvania
https://www.ubereats.com/pittsburgh/food-delivery/antonios-pizzeria/IzgThf_dSOuLOG7ex-EXWA,castle-shannon-pennsylvania
https://www.ubereats.com/pittsburgh/food-delivery/jolinas-mediterranean-cuisine/Swp0WGbCShO22eTzvXaJ8A,castle-shannon-pennsylvania
https://www.ubereats.com/pittsburgh/food-delivery/vocelli-pizza-617-brownsville-road/YH_daioZQpqZBB6qqIjTGw,castle-shannon-pennsylvania
https://www.ubereats.com/pittsburgh/food-delivery/kabab-%26-curry-restaurant-%26-grill/jZ3x7vXRRQikO4N3v3ZWFw,castle-shannon-pennsylvania
https://www.ubereats.com/pittsburgh/food-delivery/big-shot-bobs-carnegie/n3gbSAnwTR2-B0Zs26wlLw,castle-shannon-pennsylvania
https://www.ubereats.com/pittsburgh/food-delivery/standard-market-%26-pint-house/qnMdzW3oRIi4Hle8l6Ln5w,castle-shannon-pennsylvania
https://www.ubereats.com/pittsburgh/food-delivery/keystone-cafe-llc/ffWtxLayR9KzOrhmex8RKA,castle-shannon-pennsylvania
https://www.ubereats.com/pittsburgh/food-delivery/paulines-caribbean-soul-cuisine/HDuX52HaQXilsoOg3bSlNg,castle-shannon-pennsylvania
https://www.ubereats.com/pittsburgh/food-delivery/jersey-mikes-subs-bridgeville-1155-washington-pike/3B3e1XVdTQ-QTBAVx21vYg,castle-shannon-pennsylvania
https://www.ubereats.com/pittsburgh/food-delivery/the-commoner/Ld2wKhd3Quah2vIyoCBOuQ,castle-shannon-pennsylvania
https://www.ubereats.com/pittsburgh/food-delivery/labella-bean/yc1SOKd_S3mTS-pcJ8DThw,castle-shannon-pennsylvania
https://www.ubereats.com/pittsburgh/food-delivery/sichuan-gourmet-murray-ave/EC4C8trfThyXzEKbDk5Ndg,castle-shannon-pennsylvania
https://www.ubereats.com/pittsburgh/food-delivery/masala-house-indian-bistro/VsnwxEVpT_eruMtkP1swAw,castle-shannon-pennsylvania
https://www.ubereats.com/pittsburgh/food-delivery/fudge-farm-southside/O62fzWxmRKqtrWpVUVsa8A,castle-shannon-pennsylvania
https://www.ubereats.com/pittsburgh/food-delivery/auntie-annes-4734-fc-9-100-robinson-ctr-dr/P5Et5HwVQ0GP2gWVB673fg,castle-shannon-pennsylvania
https://www.ubereats.com/pittsburgh/food-delivery/sawasdee-thai-kitchen/WtvW8MXvSGW_6qTD-2ccBA,castle-shannon-pennsylvania
https://www.ubereats.com/pittsburgh/food-delivery/homestead-capri-pizza/XJQIHfqYQ9iur8cIuVLBXQ,castle-shannon-pennsylvania
https://www.ubereats.com/pittsburgh/food-delivery/vocelli-pizza-4235-murray-ave/6G37JOwGTqaz2l48W035oA,castle-shannon-pennsylvania
https://www.ubereats.com/pittsburgh/food-delivery/arbys-6192-steubenville-pike/zVVPve-LSaGTR_PcFhl9Dw,castle-shannon-pennsylvania
https://www.ubereats.com/pittsburgh/food-delivery/subway-1160-washington-ave/IhYCe__9TsuRFMUXeqGGBg,castle-shannon-pennsylvania
https://www.ubereats.com/pittsburgh/food-delivery/chipotle-mexican-grill-3009-washington-pike/RVgzJ60bT-O-VTYhPVNWGQ,castle-shannon-pennsylvania
https://www.ubereats.com/pittsburgh/food-delivery/dibellas-old-fashioned-submarines-16-market-square/Zi3HRN1AS06uWb5Qfa42NQ,castle-shannon-pennsylvania
https://www.ubereats.com/pittsburgh/food-delivery/mccormick-%26-schmicks-seafood-%26-steaks-pittsburgh/LFPS9xtaSAW4qGqUtGWBwA,castle-shannon-pennsylvania
https://www.ubereats.com/pittsburgh/food-delivery/napoli-pizzeria/UU46EXOCQvKkEHRay61Aug,castle-shannon-pennsylvania
https://www.ubereats.com/pittsburgh/food-delivery/bob-evans-80-2210-lebanon-church-road/VhU0jKDhQWmfhzqGKe7ERQ,castle-shannon-pennsylvania
https://www.ubereats.com/pittsburgh/food-delivery/el-campesino-mcnight/_odQfshPTDWxN_uRU3bLbQ,castle-shannon-pennsylvania
https://www.ubereats.com/pittsburgh/food-delivery/tamarind-savoring-india-greentree/CL5V6K3eQvusaRw6Ac0rYQ,castle-shannon-pennsylvania
https://www.ubereats.com/pittsburgh/food-delivery/spirits-%26-tales/WyC9CjjvTT249IpPzrRnnw,castle-shannon-pennsylvania
https://www.ubereats.com/pittsburgh/food-delivery/jersey-mikes-subs-4123-washington-road/OAnjNqcQQRCMI2AVW1GE5A,castle-shannon-pennsylvania
https://www.ubereats.com/pittsburgh/food-delivery/prince-of-india-restaurant/BDfcWzTITvKQ0IetZI2IRg,castle-shannon-pennsylvania
https://www.ubereats.com/pittsburgh/food-delivery/vocelli-pizza-1687-washington-road/q1ZKmnGTSWm2QrYhkoPOEQ,castle-shannon-pennsylvania
https://www.ubereats.com/pittsburgh/food-delivery/nippers/SNw1bwzgR5K3VkJzZ-TqyA,castle-shannon-pennsylvania
https://www.ubereats.com/pittsburgh/food-delivery/first-watch-bridgeville/Xkhqh_AjRsWC0Uh6ygXDiw,castle-shannon-pennsylvania
https://www.ubereats.com/pittsburgh/food-delivery/wendys-1125-washington-pike/UCkOMC0LTRKaXtVJbtkvaw,castle-shannon-pennsylvania
https://www.ubereats.com/pittsburgh/food-delivery/jersey-mikes-subs-5255-library-road/HAqa5gW7Rk2TY37oLzXJig,castle-shannon-pennsylvania
https://www.ubereats.com/pittsburgh/food-delivery/wendys-725-allegheny-ave/IRHyINC9Qk63H80gZw28zw,castle-shannon-pennsylvania
https://www.ubereats.com/pittsburgh/food-delivery/pizza-care/SNBiIMLDS-KwyJCqMpan_A,castle-shannon-pennsylvania
https://www.ubereats.com/pittsburgh/food-delivery/las-palmas/s1FaOwQfT7uzN4iM638foQ,castle-shannon-pennsylvania
https://www.ubereats.com/pittsburgh/food-delivery/jj-poke-bowl-%26-taiwanese-bubble-tea/G2BFa207SaqN2-iDbeI1cA,castle-shannon-pennsylvania
https://www.ubereats.com/pittsburgh/food-delivery/slice-on-broadway-beechview/Wi0lYVrVTHyeW7gwElyK3w,castle-shannon-pennsylvania
https://www.ubereats.com/pittsburgh/food-delivery/kfc-taco-bell-109-cavasina-drive/9Agcx7DXSR2dcXK2pwJ_nQ,castle-shannon-pennsylvania
https://www.ubereats.com/pittsburgh/food-delivery/the-getaway-cafe/uLFyXeLKRYKiaDujjDws7g,castle-shannon-pennsylvania
https://www.ubereats.com/pittsburgh/food-delivery/thai-tamarind/tCaPfDcPTNmBtqGXcYoL2g,castle-shannon-pennsylvania
https://www.ubereats.com/pittsburgh/food-delivery/deli-412/jLUhbs9fQeKk0OCSkB9QkA,castle-shannon-pennsylvania
https://www.ubereats.com/pittsburgh/food-delivery/szechuan-express/FP2ZqNANR3KzFhj1s6H1Bg,castle-shannon-pennsylvania
https://www.ubereats.com/pittsburgh/food-delivery/dennys-271-clairton-blvd/u8d0aRLyQc-awUDxvYGGTQ,castle-shannon-pennsylvania
https://www.ubereats.com/pittsburgh/food-delivery/buffalo-wild-wings-9996-mountain-view-drive/-YG3iL5hQweKwGemjlvfUQ,castle-shannon-pennsylvania
https://www.ubereats.com/pittsburgh/food-delivery/pizza-di-roma/vgfx_zCISsWAKoGhDTsYSQ,castle-shannon-pennsylvania
https://www.ubereats.com/pittsburgh/food-delivery/pizza-palatino/cVJDW4bAQ82QEvbN5RqOSA,castle-shannon-pennsylvania
https://www.ubereats.com/pittsburgh/food-delivery/red-tea-house/H9ry5ovEQeCcvnVYZkUymw,castle-shannon-pennsylvania
https://www.ubereats.com/pittsburgh/food-delivery/nakama-japanese-steak-house-carson-st/ZXilcqPyQRODKZ5RcQcaaQ,castle-shannon-pennsylvania
https://www.ubereats.com/pittsburgh/food-delivery/panda-express-1028-freeport-rd/tWnjW2WySByacV7nDvq4FQ,castle-shannon-pennsylvania
https://www.ubereats.com/pittsburgh/food-delivery/starbucks-banksville-plaza/gjoue-GDRDmPkeSxmfWatQ,castle-shannon-pennsylvania
https://www.ubereats.com/pittsburgh/food-delivery/crave-frozen-desserts/CG6Dc5AnTiu97fU6BvEyAg,castle-shannon-pennsylvania
https://www.ubereats.com/pittsburgh/food-delivery/the-pennsylvania-market/tbAe_gVmTgiPbsVGGC2QoQ,castle-shannon-pennsylvania
https://www.ubereats.com/pittsburgh/food-delivery/orient-express/zgxzgmTjSbmjSQxm2tRw_A,castle-shannon-pennsylvania
https://www.ubereats.com/pittsburgh/food-delivery/mcdonalds-ft-couch-rd/-KPs3vW8REyojvBRNO7gJw,castle-shannon-pennsylvania
https://www.ubereats.com/pittsburgh/food-delivery/sawasdee-thai-%26-sushi/JHcJrY-WRoaCOCyDHvBdjA,castle-shannon-pennsylvania
https://www.ubereats.com/pittsburgh/food-delivery/the-library/kaN2l0CyQm2jlWpHMTpANg,castle-shannon-pennsylvania
https://www.ubereats.com/pittsburgh/food-delivery/red-robin-472-1230-settlers-ridge-center-dr/3JJoCs-sQIWgFnVuNW7RzA,castle-shannon-pennsylvania
https://www.ubereats.com/pittsburgh/food-delivery/kaya/FTBHP_b7RHOZa6pYAFGevQ,castle-shannon-pennsylvania
https://www.ubereats.com/pittsburgh/food-delivery/campitis-pizzeria-bethel-park/cQkz0KAlTS6nGZ5dv6ikpQ,castle-shannon-pennsylvania
https://www.ubereats.com/pittsburgh/food-delivery/totopo/6AQNhnaZT7mevBkQNa7xLg,castle-shannon-pennsylvania
https://www.ubereats.com/pittsburgh/food-delivery/toss-pizza-and-wings/41H7SBsPR3WjZn1iYydniw,castle-shannon-pennsylvania
https://www.ubereats.com/pittsburgh/food-delivery/jade-grille/ip0hlICCR0eZguJ6AShH-A,castle-shannon-pennsylvania
https://www.ubereats.com/pittsburgh/food-delivery/sushi-bomb/b6FzPLZtSjGEkxwkTfXQmw,castle-shannon-pennsylvania
https://www.ubereats.com/pittsburgh/food-delivery/pabellon/wSCb6hISReOCSQ3WSADXjQ,castle-shannon-pennsylvania
https://www.ubereats.com/pittsburgh/food-delivery/sincerely-yogurt-1025-washington-pike/VeZjS5uQRCu4FMWgbKB0tw,castle-shannon-pennsylvania
https://www.ubereats.com/pittsburgh/food-delivery/don-campitis-pizzeria-dormont/qeCsMa9_RqqsyT7trd_Zmw,castle-shannon-pennsylvania
https://www.ubereats.com/pittsburgh/food-delivery/rogue-bbq/XjLXySXdRsKxS1kGQOQN5w,castle-shannon-pennsylvania
https://www.ubereats.com/pittsburgh/food-delivery/mitchells-fish-market-1500-washington-rd/ASIJuTbvRNOkcJAZMeeUhw,castle-shannon-pennsylvania
https://www.ubereats.com/pittsburgh/food-delivery/yovis/TJ_9CpkyRRakB3cx7Mez3w,castle-shannon-pennsylvania
