url,city
https://www.ubereats.com/columbia/food-delivery/tonys-pizzalicious/mky0ptfZTjqEZ7qPJrHlpQ,cayce-south-carolina
https://www.ubereats.com/columbia/food-delivery/urban-cookhouse-columbia/nRrFK80JRBuyA7jVxZbRfA,cayce-south-carolina
https://www.ubereats.com/columbia/food-delivery/hardees-5801-fairfield-road/PXpmKlbxTCOE3nh1RL8qwA,cayce-south-carolina
https://www.ubereats.com/columbia/food-delivery/mcdonalds-2425-sunset-blvd/q6ssNhJDQnyE8ryRbxML5w,cayce-south-carolina
https://www.ubereats.com/columbia/food-delivery/dennys-2514-sunset-blvd/CA6jcGtFSlGftB2rQMHGyQ,cayce-south-carolina
https://www.ubereats.com/columbia/food-delivery/the-maine-course/9umJLrLxQfCDhY2qHZAEkw,cayce-south-carolina
https://www.ubereats.com/columbia/food-delivery/clean-juice-5230-sunset-boulevard/sfe8lY30Th-rnMkSNCO3Dg,cayce-south-carolina
https://www.ubereats.com/columbia/food-delivery/moes-southwest-grill-2130-n-beltline-blvd/Eg5p0AIcRZe3J_Md3QgTYA,cayce-south-carolina
https://www.ubereats.com/columbia/food-delivery/wild-wing-cafe-columbia-the-vista/WXhTbq2pQSe9JANRONvjeg,cayce-south-carolina
https://www.ubereats.com/columbia/food-delivery/sakitumi-grill-%26-sushi-bar/wHfC5BHvTi-a3CtvWTPQfQ,cayce-south-carolina
https://www.ubereats.com/columbia/food-delivery/hardees-3852-rosewood-dr/TI_tixVbRYS6Ashe-V1kHw,cayce-south-carolina
https://www.ubereats.com/columbia/food-delivery/wing-zone-132-assembly-street/ExEbstBqSsWlJS9ceeq6bQ,cayce-south-carolina
https://www.ubereats.com/columbia/food-delivery/subway-2252-sunset-blvd/kNJJFL_FTJCw6JBpdMRvzA,cayce-south-carolina
https://www.ubereats.com/columbia/food-delivery/sonic-1857-southlake-drive/G2Cmy7nZThKO7-4WKaI4yw,cayce-south-carolina
https://www.ubereats.com/columbia/food-delivery/applebees-2815-augusta-road/AgJylhKTQ2e7RI-ec8PvqA,cayce-south-carolina
https://www.ubereats.com/columbia/food-delivery/bogarts-restaurant/M7gr4Mm-RyCEMEE7LiMEJw,cayce-south-carolina
https://www.ubereats.com/columbia/food-delivery/taco-bell-7526-garners-ferry-rd/uzJj856IQkuObvIqVnImQw,cayce-south-carolina
https://www.ubereats.com/columbia/food-delivery/schlotzskys-1305-knox-abbott-drive/TjxuvQSXR2Gj9mQttQYaJw,cayce-south-carolina
https://www.ubereats.com/columbia/food-delivery/hibachi-express/V5ybf2T7SouytTZQpd7GKg,cayce-south-carolina
https://www.ubereats.com/columbia/food-delivery/el-vegano-llc/JTtAPCidT-icd-Jk6pdvfA,cayce-south-carolina
https://www.ubereats.com/columbia/food-delivery/the-arepa-chef/o5Ghj8HnROGB0hAn8aW5eg,cayce-south-carolina
https://www.ubereats.com/columbia/food-delivery/firehouse-subs-633-main/9_K9wrGvQ9CFvDK2p-Mx8g,cayce-south-carolina
https://www.ubereats.com/columbia/food-delivery/taco-bell-2353-augusta-road/euHNzChKQ4C9FoMTcDNv1Q,cayce-south-carolina
https://www.ubereats.com/columbia/food-delivery/kairos-mediterranean/sZpRV-icQYqXOlvO5OS0IA,cayce-south-carolina
https://www.ubereats.com/columbia/food-delivery/delhi-palace/dqx_jZkiTkiU5k9Wfxi0uQ,cayce-south-carolina
https://www.ubereats.com/columbia/food-delivery/california-dreaming-columbia/xCq_qRpbSvqJfodHBlPdOQ,cayce-south-carolina
https://www.ubereats.com/columbia/food-delivery/chipotle-mexican-grill-276-harbison-blvd-ste-b/91AgUuQgRACslmUyrL6Ddg,cayce-south-carolina
https://www.ubereats.com/columbia/food-delivery/twisted-spur-brewing/eQgWSQ4KQcKHP6Yt3p9mgg,cayce-south-carolina
https://www.ubereats.com/columbia/food-delivery/taco-bell-1192-lake-murray-blvd/D5asCbVRRySJCxplvkVhKg,cayce-south-carolina
https://www.ubereats.com/columbia/food-delivery/honeybaked-ham-7451-two-notch-rd/RjbzdNbgSPiHuoUHAwyjGQ,cayce-south-carolina
https://www.ubereats.com/columbia/food-delivery/wendys-300-bush-river-rd/A_kFjJjHQUSsN1XnYXrLAg,cayce-south-carolina
https://www.ubereats.com/columbia/food-delivery/publico-kitchen-and-tap/x6gvlW2xTmyXyGEJm0UGHg,cayce-south-carolina
https://www.ubereats.com/columbia/food-delivery/arbys-8349-two-notch-rd/TtdH5WSyS_2ZgLj5yygu8Q,cayce-south-carolina
https://www.ubereats.com/columbia/food-delivery/blaneys-wings-%26-grill-bush-river-location/3IEkk6IbTeKAQqgmeRS8RQ,cayce-south-carolina
https://www.ubereats.com/columbia/food-delivery/bojangles-famous-chicken-%26-biscuits-392-2423-broad-river-rd/BeD95SEnTOmZ4cwGSq3A9w,cayce-south-carolina
https://www.ubereats.com/columbia/food-delivery/pdq-columbia/NVIJeMJOS72FgbBhYGts2Q,cayce-south-carolina
https://www.ubereats.com/columbia/food-delivery/mellow-mushroom-1009-gervais-st/deK6VsAvSj6EGMgz-v-u6g,cayce-south-carolina
https://www.ubereats.com/columbia/food-delivery/blaze-pizza-275-park-terrace-ave-suite-100/SkrDsRtMRpKAfkgP6n-6Tg,cayce-south-carolina
https://www.ubereats.com/columbia/food-delivery/hardees-96-n-arrowwood-rd/FDdFeIqrQVWZODE9R_gOaw,cayce-south-carolina
https://www.ubereats.com/columbia/food-delivery/hardees-1413-charleston-hwy/c5UT-uCCSrWIDH2mPtK_nw,cayce-south-carolina
https://www.ubereats.com/columbia/food-delivery/quaker-steak-%26-lube-2154-south-beltline-blvd/wbbsIZ_yQ2O6PupiUI71MQ,cayce-south-carolina
https://www.ubereats.com/columbia/food-delivery/cracker-barrel-old-country-store-2300-legrand-road/OHSvpMxVSWOvbS305NARGA,cayce-south-carolina
https://www.ubereats.com/columbia/food-delivery/mcdonalds-2015-bluff-road/JygaYGmvSnmxkvrvuDQ54Q,cayce-south-carolina
https://www.ubereats.com/columbia/food-delivery/mcalisters-deli-300-columbiana-drive/-lcS_7KTSO6zaEJ84D2_LA,cayce-south-carolina
https://www.ubereats.com/columbia/food-delivery/enzos/lrBBOjeESsSO9YEyS8ZQfA,cayce-south-carolina
https://www.ubereats.com/columbia/food-delivery/kfc-107-12th-street/fmFpZNk0RoO8wGsfnIXTFw,cayce-south-carolina
https://www.ubereats.com/columbia/food-delivery/subway-830-assembly-st/QsQzRFVHQau8sVSyLNd5Dg,cayce-south-carolina
https://www.ubereats.com/columbia/food-delivery/hooters-5195-fernandina-rd/bk1hgSBGT8GtGt7ZnWAVmw,cayce-south-carolina
https://www.ubereats.com/columbia/food-delivery/hardees-2499-augusta-rd/guEECHzUQqes_Om0BLCNvA,cayce-south-carolina
https://www.ubereats.com/columbia/food-delivery/ihop-7719-two-notch-rd/jH6qAcjYTXGSFA7PB93T1A,cayce-south-carolina
https://www.ubereats.com/columbia/food-delivery/the-main-course/YgSsbpQ7ThmN-hK6hXa58Q,cayce-south-carolina
https://www.ubereats.com/columbia/food-delivery/ihop-419/8PtgqmQ2RXmxF7BeOudokA,cayce-south-carolina
https://www.ubereats.com/columbia/food-delivery/palmetto-cheesecake-company/3e8DHtrgScK4FiMrwmghIg,cayce-south-carolina
https://www.ubereats.com/columbia/food-delivery/ruths-chris-steak-house-924-senate-st/YwCRtRlqS8GQNC3Ijkc9rA,cayce-south-carolina
https://www.ubereats.com/columbia/food-delivery/harbor-inn-seafood/gTmOk_VhSqSoub290hb9ig,cayce-south-carolina
https://www.ubereats.com/columbia/food-delivery/dunkin-5225-sunset-blvd/Po0NsWtoRpqP3k4qlZAWXg,cayce-south-carolina
https://www.ubereats.com/columbia/food-delivery/buffalo-wild-wings-1000-bower-pkwy/U7qV5xaWRl2yHz_O5JPB9Q,cayce-south-carolina
https://www.ubereats.com/columbia/food-delivery/legacy-caribbean-bar-%26-grill/fESTzQLPTqeglEosuA2URg,cayce-south-carolina
https://www.ubereats.com/columbia/food-delivery/cowboy-brazilian-steakhouse-columbia/wzp6v6qbQoy_p-1jdUiaAw,cayce-south-carolina
https://www.ubereats.com/columbia/food-delivery/don-tequilas-cantina/DANDwdYZTg6M84mW6fehrw,cayce-south-carolina
https://www.ubereats.com/columbia/food-delivery/hardees-496-piney-grove-rd/iDZL3aB4RNWpQ8OS5E3pGw,cayce-south-carolina
https://www.ubereats.com/columbia/food-delivery/krispy-kreme-1200-knox-abbot-drive/nZW40aLVSRuL-vUYQuJQ8A,cayce-south-carolina
https://www.ubereats.com/columbia/food-delivery/zoes-kitchen-5166-sunset-boulevard/XtAdvoCzRnOFo-0Fqjs-Eg,cayce-south-carolina
https://www.ubereats.com/columbia/food-delivery/the-baked-bear-columbia/-wjTjiRRSwi5BbwaTk_Zxg,cayce-south-carolina
https://www.ubereats.com/columbia/food-delivery/subway-509-meeting-st/TCZyqXSoQB-XQ8UAFr-DkA,cayce-south-carolina
https://www.ubereats.com/columbia/food-delivery/tropical-smoothie-cafe-118-dreher-road/qSzDVD9NTDeXeoApSbA_ww,cayce-south-carolina
https://www.ubereats.com/columbia/food-delivery/taste-of-china-hut/XSIUpPJLSBm9bwkwJbhoaQ,cayce-south-carolina
https://www.ubereats.com/columbia/food-delivery/casa-oaxaca-mexican-restaurant/0B8cm0dTQL2JrES5hp4U3Q,cayce-south-carolina
https://www.ubereats.com/columbia/food-delivery/little-caesars-4440-rosewood-dr/u0N-qZC1TvuuEtt-AMWE6A,cayce-south-carolina
https://www.ubereats.com/columbia/food-delivery/starbucks-i-26-and-highway-378/c753hxquScGxGAoUuRBGFw,cayce-south-carolina
https://www.ubereats.com/columbia/food-delivery/willie-jewells-old-school-bar-b-q-lexington/90cfJB39R1WwCFEZHT0diw,cayce-south-carolina
https://www.ubereats.com/columbia/food-delivery/bjs-restaurant-%26-brewhouse-148-harbison-blvd/NIAy95EdQtqyw53byeaYUA,cayce-south-carolina
https://www.ubereats.com/columbia/food-delivery/hooties-burger-bar-7711-two-notch-road/jpqh-YhOTMKiPQBXoVMnDg,cayce-south-carolina
https://www.ubereats.com/columbia/food-delivery/wendys-823-knox-abbott-dr/_HohtWm7R5ShURpZ10_uTg,cayce-south-carolina
https://www.ubereats.com/columbia/food-delivery/mcdonalds-600-saint-andrews-rd/cFSs9VF-SDGUUl2bE8uEVw,cayce-south-carolina
https://www.ubereats.com/columbia/food-delivery/the-main-course/JvdohyTXS9KhPWIUyN9-SQ,cayce-south-carolina
https://www.ubereats.com/columbia/food-delivery/starbucks-garners-ferry-%26-woodhill/una3NMRDTxWMD-2YHpTUEA,cayce-south-carolina
https://www.ubereats.com/columbia/food-delivery/jersey-mikes-subs-1720-sunset-blvd/ZI2r41MQQZycrJKQbhfecA,cayce-south-carolina
https://www.ubereats.com/columbia/food-delivery/village-idiot-612-whaley-st-ste-a/HB-Kh6AOTUWjQv4GJIG6IQ,cayce-south-carolina
https://www.ubereats.com/columbia/food-delivery/persis-biryani-indian-grill/FgK7BScJSI2FGgkPqcyFtw,cayce-south-carolina
https://www.ubereats.com/columbia/food-delivery/moes-southwest-grill-2217-augusta-road/QwbQVCJYSp6yXZjT8wpEdg,cayce-south-carolina
https://www.ubereats.com/columbia/food-delivery/subway-1425-bluff-rd/3-7MOP6rSq28C3WeKLvNaw,cayce-south-carolina
https://www.ubereats.com/columbia/food-delivery/zaxbys-316-bush-river-rd/3E8xf6fzT8-1_t8O3woqoQ,cayce-south-carolina
https://www.ubereats.com/columbia/food-delivery/nicks-gyros-and-seafood/4PY7Qfk9TyWvqM8AiIUYdw,cayce-south-carolina
https://www.ubereats.com/columbia/food-delivery/carolina-ale-house-harbison/xEnCTG5FT_SFBg-gt9nziw,cayce-south-carolina
https://www.ubereats.com/columbia/food-delivery/marcos-pizza-514-knox-abbott-dr/IJfOcuDjTSS7qpjCzx0IYQ,cayce-south-carolina
https://www.ubereats.com/columbia/food-delivery/win-china-buffet/H9_-wL7FT_uv6_cyASi_Mw,cayce-south-carolina
https://www.ubereats.com/columbia/food-delivery/saffron/PzjCdaseTaqSHC23Ueyx4w,cayce-south-carolina
https://www.ubereats.com/columbia/food-delivery/zaxbys-821-knox-abbot-dr/dCFKD8yqR-GH2n8d-1exeg,cayce-south-carolina
https://www.ubereats.com/columbia/food-delivery/chipotle-mexican-grill-619-gervais-st/xIChGyZ0TgmCuKpICbyPPg,cayce-south-carolina
https://www.ubereats.com/columbia/food-delivery/taco-bell-3983-platt-springs-rd/cmgxx0N6QN2gj7YPURNZEQ,cayce-south-carolina
https://www.ubereats.com/columbia/food-delivery/nicks-gyros-%26-subs/CpjNMdVhS7ScXHAWoUSW1g,cayce-south-carolina
https://www.ubereats.com/columbia/food-delivery/eddies-calzones/xCwkgVr4QSmh-aOpuBSwFg,cayce-south-carolina
https://www.ubereats.com/columbia/food-delivery/salsaritas-2507-sunset-blvd/vXxVhybGSC-fl9s3eJDPEg,cayce-south-carolina
https://www.ubereats.com/columbia/food-delivery/mcalisters-deli-4710-a-forest-drive/qQyY7ct3R728mJOZDlDTXg,cayce-south-carolina
https://www.ubereats.com/columbia/food-delivery/red-robin-577-100-columbiana-circle-suite-1024/0D041KpHQR-0ozJTd82gbA,cayce-south-carolina
https://www.ubereats.com/columbia/food-delivery/mcalisters-deli-2406-d-augusta-road/o9MAnNdmQbi3Z3y94lbjfQ,cayce-south-carolina
https://www.ubereats.com/columbia/food-delivery/pita-pit-1332-main-street-suite-100/-gdJjtSXRWWIzHlf0TUbSg,cayce-south-carolina
https://www.ubereats.com/columbia/food-delivery/dunkin-1123-s-lake-dr/6YkaZGevRMmrASOwL8nTXA,cayce-south-carolina
https://www.ubereats.com/columbia/food-delivery/the-original-pancake-house-4840-forest-dr/ZvODfUfFR8q6nmN0x77oRw,cayce-south-carolina
https://www.ubereats.com/columbia/food-delivery/buffalo-wild-wings-5570-sunset-blvd/jH5IJOU8RlWVSst0hzQqnQ,cayce-south-carolina
https://www.ubereats.com/columbia/food-delivery/the-captains-boil-2504-augusta-road/1-wgH_KCT12Ju-F7JqcRAg,cayce-south-carolina
https://www.ubereats.com/columbia/food-delivery/schianos/rKippxgBQ5Kk4SD7jXJDvg,cayce-south-carolina
https://www.ubereats.com/columbia/food-delivery/wendys-7846-garners-ferry-road/_YYPiCPcQXyBAopl0O4oMA,cayce-south-carolina
https://www.ubereats.com/columbia/food-delivery/spinx-1619-decker-blvd/XpRG3A27SZu9BfWJloygOg,cayce-south-carolina
https://www.ubereats.com/columbia/food-delivery/churchs-chicken-2001-broad-river-road/aTabVRRcQKSNNAaJcedyLA,cayce-south-carolina
https://www.ubereats.com/columbia/food-delivery/pj-fresh-5901-fairfield-road/fmvtZ0weSw21LvgfwXiYnQ,cayce-south-carolina
https://www.ubereats.com/columbia/food-delivery/mod-pizza-lexington/o7i43ZoEQjivxuSfbtjPKw,cayce-south-carolina
https://www.ubereats.com/columbia/food-delivery/southern-squeezed/S56QDRBIT8K0AorB1z9ccw,cayce-south-carolina
https://www.ubereats.com/columbia/food-delivery/hardees-7942-garners-ferry-rd/pmzLxdT3Q6aPuv3gDreLkQ,cayce-south-carolina
https://www.ubereats.com/columbia/food-delivery/taco-bell-1830-s-lake-drive/szRKd-NtRkWrbPTSsXS6tg,cayce-south-carolina
https://www.ubereats.com/columbia/food-delivery/jersey-mikes-4717-devine-st/lf8aSCbySgmAx6VVmWm_4w,cayce-south-carolina
https://www.ubereats.com/columbia/food-delivery/sweet-temptations-bakery/d8YqcxJmSAGZHK1keJiJnA,cayce-south-carolina
https://www.ubereats.com/columbia/food-delivery/golden-corral-5300-forest-dr/j9rAYP13QlG8_8d__iS3FA,cayce-south-carolina
https://www.ubereats.com/columbia/food-delivery/five-guys-sc-0225-5135-sunset-blvd/rIneLzsiRNKIZ6eFOF13oQ,cayce-south-carolina
https://www.ubereats.com/columbia/food-delivery/stellas-cafe/rM42BVo1SPiurnVw9qqLdw,cayce-south-carolina
https://www.ubereats.com/columbia/food-delivery/deli-say-no-more/4reLFtkmQmihezFooZkadw,cayce-south-carolina
https://www.ubereats.com/columbia/food-delivery/kfc-2711-emanuel-church-rd/znHjsdgFSk2REoyCoBlI4A,cayce-south-carolina
https://www.ubereats.com/columbia/food-delivery/hardees-120-veterans-rd/BxDTIoPPREmI3LAy-6PAQw,cayce-south-carolina
https://www.ubereats.com/columbia/food-delivery/dennys-5901-fairfield-dr/HFQo1ctORjyqJTZ4QUtIuw,cayce-south-carolina
https://www.ubereats.com/columbia/food-delivery/palmetto-subs/vidJIYRFTvmXMxjcrARMwg,cayce-south-carolina
https://www.ubereats.com/columbia/food-delivery/little-caesars-7840-garners-ferry-rd/PoCvlvidRz6ARAaDCDZZmg,cayce-south-carolina
https://www.ubereats.com/columbia/food-delivery/crafty-crab/3OGb4BF2Rmy48ufLB0TliA,cayce-south-carolina
https://www.ubereats.com/columbia/food-delivery/mod-pizza-woodhill/Xam0xIFQQnGaoZTWZUZ7Og,cayce-south-carolina
https://www.ubereats.com/columbia/food-delivery/american-deli-2316-decker-blvd/oEAT9w14RPGX0D9jjSZVmA,cayce-south-carolina
https://www.ubereats.com/columbia/food-delivery/moes-914-a-north-lake-drive/ISrxoapqSmmbhET_7hyuaw,cayce-south-carolina
https://www.ubereats.com/columbia/food-delivery/columbos-restaurant/nABnUYr6ToSuDmzHZphYAg,cayce-south-carolina
https://www.ubereats.com/columbia/food-delivery/arbys-1939-broad-river-rd/IEwYd54eSaeyULRnoAJ_Sw,cayce-south-carolina
https://www.ubereats.com/columbia/food-delivery/sabor-latin-street-grill-columbia/5eTft10oTbSdcjzW5Hb_YA,cayce-south-carolina
https://www.ubereats.com/columbia/food-delivery/applebees-5185-fernandina-rd/QBTPExKART66PssNZ1QnsA,cayce-south-carolina
https://www.ubereats.com/columbia/food-delivery/subway-2721-emmanual-church-rd/Ta-aB0UHT6yDyLvOEYaxaQ,cayce-south-carolina
https://www.ubereats.com/columbia/food-delivery/philly-pretzel-factory/SVG8d6cbT2-C2LpnLPkm6w,cayce-south-carolina
https://www.ubereats.com/columbia/food-delivery/salsaritas/Xn3rax-NRuKOGd0Lb2vOrg,cayce-south-carolina
https://www.ubereats.com/columbia/food-delivery/arianas/GlA1xnuYQkyfFhpAijfspA,cayce-south-carolina
https://www.ubereats.com/columbia/food-delivery/main-street-public-house/CYUL7D6kQnOt6G91jMsNwQ,cayce-south-carolina
https://www.ubereats.com/columbia/food-delivery/zaxbys-2001-north-beltline-boulevard/FjxvUwH7SHywAFgQWqFOBg,cayce-south-carolina
https://www.ubereats.com/columbia/food-delivery/crepes-%26-croissants/G_4zhMpOTOayjOg0iBkRAQ,cayce-south-carolina
https://www.ubereats.com/columbia/food-delivery/wendys-6892-garners-ferry-rd/oMfC5zg7RJ6cR3zOl5DFdw,cayce-south-carolina
https://www.ubereats.com/columbia/food-delivery/ruby-tuesday-7490-garners-ferry-road/K4fOvKKzT3SwRnAq1lk9GQ,cayce-south-carolina
https://www.ubereats.com/columbia/food-delivery/mile-high-club-bar-and-grill/s5d2wO_VS1e88b7AEmV_dA,cayce-south-carolina
https://www.ubereats.com/columbia/food-delivery/fancy-that-bistro-%26-catering/vkKCV3YOQAaAvzx8KWPcng,cayce-south-carolina
https://www.ubereats.com/columbia/food-delivery/sub-station-ii-garners-ferry-rd/JDMfEX6bSkW9-1DYcOEo8Q,cayce-south-carolina
https://www.ubereats.com/columbia/food-delivery/firehouse-subs-2301-augusta/Qtg5nr2CQra-3Ho8J7D3Fg,cayce-south-carolina
https://www.ubereats.com/columbia/food-delivery/zaxbys-2320-augusta-rd/IOZN1oZcTM6KRYV_pyOX3A,cayce-south-carolina
https://www.ubereats.com/columbia/food-delivery/krispy-kreme-5594-a-sunset-blvd/Hj23P1uySiiItOjWGOPM1A,cayce-south-carolina
https://www.ubereats.com/columbia/food-delivery/five-guys-sc-0350-4751-forest-rd/xtZf0rLgSpSkhNuu1PWqBw,cayce-south-carolina
https://www.ubereats.com/columbia/food-delivery/southern-belly-bbq/ZUm0ugb-Qt6v9wiVhX-cTg,cayce-south-carolina
https://www.ubereats.com/columbia/food-delivery/hooties-burger-bar-5195-fernandina-road/KGDSNCK8Q56RvAr2lmns6A,cayce-south-carolina
https://www.ubereats.com/columbia/food-delivery/zaxbys-7713-garners-ferry-rd/-O2UoR9OTRy8zT3TLplviA,cayce-south-carolina
https://www.ubereats.com/columbia/food-delivery/mcdonalds-434-gervais-st/iqNLb_6lTtiGjejzYJayWQ,cayce-south-carolina
https://www.ubereats.com/columbia/food-delivery/pitas/oJFFchn_R8Wp4wJYrBvziw,cayce-south-carolina
https://www.ubereats.com/columbia/food-delivery/luckys-grill/8shj7UKFSgeQKMGmKTbeIg,cayce-south-carolina
https://www.ubereats.com/columbia/food-delivery/dunkin-3303-devine-st/tykqSrtyQb2DnmnnSSlo4Q,cayce-south-carolina
https://www.ubereats.com/columbia/food-delivery/casa-linda-mexican-restaurant-forest-acres/rk-vWH2MRAe6KmlQG-gD6Q,cayce-south-carolina
https://www.ubereats.com/columbia/food-delivery/moes-625-s-main-st/QtbmjCMgQYi_dGkpDf2fDg,cayce-south-carolina
https://www.ubereats.com/columbia/food-delivery/cupcake-downsouth-lincoln-st/fiSeVAt4Sam4vwd--n6Y0Q,cayce-south-carolina
https://www.ubereats.com/columbia/food-delivery/panda-express-5260-forest-dr/fuNJccj7R86qr54nFBXXcw,cayce-south-carolina
https://www.ubereats.com/columbia/food-delivery/504-bonefish-grill-4708-forest-dr/sj1SGiZXTvu_XWt6ynv2PA,cayce-south-carolina
https://www.ubereats.com/columbia/food-delivery/ihop-813-st-andrews-rd/CVQjlY7LT820W5tc4XoCxg,cayce-south-carolina
https://www.ubereats.com/columbia/food-delivery/red-lobster-1270-knox-abbott-drive/EF0C2gyFRj-A3pwZA-RF1w,cayce-south-carolina
https://www.ubereats.com/columbia/food-delivery/hardees-3014-charleston-hwy/VBt0v3KtSnO2Knj2TY_aEA,cayce-south-carolina
https://www.ubereats.com/columbia/food-delivery/indulge-n-pts/J0uXhsMcQfK8z9TYKgEdoA,cayce-south-carolina
https://www.ubereats.com/columbia/food-delivery/chipotle-mexican-grill-4840-forest-dr-ste-16/qqTrMWGcTHOU9wKJxr9nZA,cayce-south-carolina
https://www.ubereats.com/columbia/food-delivery/outback-steakhouse-7611-two-notch-road/Ilf753ZFSV-upkspvtrGAQ,cayce-south-carolina
https://www.ubereats.com/columbia/food-delivery/zombie-coffee-and-donuts/CFqmp5FFQBu5nSYXnWFDpw,cayce-south-carolina
https://www.ubereats.com/columbia/food-delivery/jin-jin-chinese-restaurant-sunset-blvd/O9hq94lHS6CJTpRlLvDe6w,cayce-south-carolina
https://www.ubereats.com/columbia/food-delivery/fazolis-7621-two-notch-road/3TRuzsLdQlSke2RLfcpeMQ,cayce-south-carolina
https://www.ubereats.com/columbia/food-delivery/bojangles-famous-chicken-%26-biscuits-920-2865-sunset-blvd/tmiYultBRuaNWtqv9Vyz8w,cayce-south-carolina
https://www.ubereats.com/columbia/food-delivery/505-bonefish-grill-1260-bower-pkwy-ste-a-1/8TmXM_5qT-23gnFG4YHqBg,cayce-south-carolina
https://www.ubereats.com/columbia/food-delivery/captain-ds-7331-garners-ferry-road/yOK6GqI_Ta2dE3aEwpLWXA,cayce-south-carolina
https://www.ubereats.com/columbia/food-delivery/kfc-5636-sunset-boulevard/qyWB9eAAQz-7CBfklSuSzQ,cayce-south-carolina
https://www.ubereats.com/columbia/food-delivery/zaxbys-1759-south-lake-drive/snlFSLlWTMyVa8qkQdBjTQ,cayce-south-carolina
https://www.ubereats.com/columbia/food-delivery/zoes-kitchen-4855-forest-drive/jhtPHcY1QKGuJjZaGvIWmg,cayce-south-carolina
https://www.ubereats.com/columbia/food-delivery/dunkin-1525-broad-river-rd/HT5nT8iDQyW2Qy3OKETh2Q,cayce-south-carolina
https://www.ubereats.com/columbia/food-delivery/iamsoulfood247/3Rpy4BepQBy2TfsIp6oBmw,cayce-south-carolina
https://www.ubereats.com/columbia/food-delivery/five-guys-sc-0077-285-columbiana-dr/7UwXslN5T4iJmYvKBMdyMA,cayce-south-carolina
https://www.ubereats.com/columbia/food-delivery/dunkin-549-knox-abbott-dr-suite-a/dC0haaRhQa-Ua4hXyQrbVg,cayce-south-carolina
https://www.ubereats.com/columbia/food-delivery/bojangles-famous-chicken-%26-biscuits-38-4301-ft-jackson-blvd/8C8SUUK9SBSQMPHFlshekQ,cayce-south-carolina
https://www.ubereats.com/columbia/food-delivery/marble-slab-creamery-6080-garners-ferry-rdsuite-a/MlRHZ_JFRj64lCBVMhXmyg,cayce-south-carolina
https://www.ubereats.com/columbia/food-delivery/granby-grill/cefbyDrZT_a26ekx8iLifg,cayce-south-carolina
https://www.ubereats.com/columbia/food-delivery/cracker-barrel-old-country-store-2208-bush-river-road/vmuroUDYSvuHFPmfxknxmg,cayce-south-carolina
https://www.ubereats.com/columbia/food-delivery/papa-johns-3730-n-main-st/wBZinXeoQp2U6JbwsF1dYw,cayce-south-carolina
https://www.ubereats.com/columbia/food-delivery/american-deli-7546-garners-ferry-rd/QrftlBEsSDOGp4j8pjEayA,cayce-south-carolina
https://www.ubereats.com/columbia/food-delivery/kings-pizza/ktVaFdDbSNq9SiWiUDu5ag,cayce-south-carolina
https://www.ubereats.com/columbia/food-delivery/sandwich-depot-taylor-st/3tY6nkCEQYitunDrWwzSJw,cayce-south-carolina
https://www.ubereats.com/columbia/food-delivery/kfc-2349-taylor-street/ebsytErsRZWMna9xPNDLtw,cayce-south-carolina
https://www.ubereats.com/columbia/food-delivery/kfc-2340-decker-blvd/NvI-LIg5RkuI_AViXpnRcg,cayce-south-carolina
https://www.ubereats.com/columbia/food-delivery/bojangles-famous-chicken-%26-biscuits-916-3301-platt-springs-road/zscVlZpXRVGwvx_KwJR4jA,cayce-south-carolina
https://www.ubereats.com/columbia/food-delivery/smashburger-4601-devine-st/Mr3P6MuhT5eH2LwZlWqasA,cayce-south-carolina
https://www.ubereats.com/columbia/food-delivery/moes-southwest-grill-945-h-lake-murray-blvd/z7WUhYFGQmeyrbt5Bx0X8Q,cayce-south-carolina
https://www.ubereats.com/columbia/food-delivery/subway-3024-charleston-hwy/W2wGNVvFQRW8M9P6akGuzA,cayce-south-carolina
https://www.ubereats.com/columbia/food-delivery/twin-peaks-600-gervais-st/nFyPT7zVT0qqOgAXQbXoPA,cayce-south-carolina
https://www.ubereats.com/columbia/food-delivery/red-bowl-asian-bistro/pf00_QWnQ8yFaoUi4PbREg,cayce-south-carolina
https://www.ubereats.com/columbia/food-delivery/the-reggae-grill/NF12H3JcT_CETYt6JQEBNw,cayce-south-carolina
https://www.ubereats.com/columbia/food-delivery/mcdonalds-2401-augusta-rd/KPbilW67QoOYjw0156TxWg,cayce-south-carolina
https://www.ubereats.com/columbia/food-delivery/sammis-deli/fv1NCw9-RT2h9Vs--bkWkA,cayce-south-carolina
https://www.ubereats.com/columbia/food-delivery/china-wok-ii/YUycd295RI2hfeEV1PtWGA,cayce-south-carolina
https://www.ubereats.com/columbia/food-delivery/cakes-lamor/NKYwOD-1Q_K1moS2F3w4oA,cayce-south-carolina
https://www.ubereats.com/columbia/food-delivery/cold-stone-creamery-914-n-lake-dr-spc-160/pM7vVDr9Q5mBrY9LbxJehQ,cayce-south-carolina
https://www.ubereats.com/columbia/food-delivery/sato-japanese-steakhouse/IBTBFV68QF-6OculkkistA,cayce-south-carolina
https://www.ubereats.com/columbia/food-delivery/alberts-delicatessen-main-street/bLsGs41zR2yUmDMmY7rXWQ,cayce-south-carolina
https://www.ubereats.com/columbia/food-delivery/marble-slab-creamery-1001-gervais-st/CprylR89SZmUHaBOf8Ly0w,cayce-south-carolina
https://www.ubereats.com/columbia/food-delivery/nicks-gyros-and-grill/6t1X8JEsS3KHu7Icj_XIhw,cayce-south-carolina
https://www.ubereats.com/columbia/food-delivery/true-bbq/I6xbP55LQpKu3O4RP7_vFg,cayce-south-carolina
https://www.ubereats.com/columbia/food-delivery/subway-2236-airport-blvd/6pGYhmdUSByduGF8qiURxw,cayce-south-carolina
https://www.ubereats.com/columbia/food-delivery/firehouse-subs-3250-forest/VdZgMN5OT-W9f3ayRCyThg,cayce-south-carolina
https://www.ubereats.com/columbia/food-delivery/churchs-chicken-4000-north-main-street/DHEmgcBDR_mR_n819T2aXQ,cayce-south-carolina
https://www.ubereats.com/columbia/food-delivery/bird-dog/_GtsryqoShu0VCZmx0Schg,cayce-south-carolina
https://www.ubereats.com/columbia/food-delivery/east-room/6F3WzUExRQaAiJcLmkDh-A,cayce-south-carolina
https://www.ubereats.com/columbia/food-delivery/taco-bell-739-knox-abbott/529pIFnlS6eErSwSTjzgIg,cayce-south-carolina
https://www.ubereats.com/columbia/food-delivery/stoners-pizza-joint-columbia/1O6yaMU_QPOmia4RXQyq5g,cayce-south-carolina
https://www.ubereats.com/columbia/food-delivery/buffalo-wild-wings-4500-devine-st/zSlror0PR9y0FvDKSTK1pQ,cayce-south-carolina
https://www.ubereats.com/columbia/food-delivery/cracker-barrel-old-country-store-1140-kinley-road/zYYSnm0BQKOsu62UdBgrBw,cayce-south-carolina
https://www.ubereats.com/columbia/food-delivery/outback-steakhouse-252-f-harbison-boulevard/POw5-FgpS96eJJeVlAkiZQ,cayce-south-carolina
https://www.ubereats.com/columbia/food-delivery/tropical-smoothie-cafe-650-lincoln-street-columbia-sc-29201/BUpeiIVzREaR5XsfK4l8AA,cayce-south-carolina
https://www.ubereats.com/columbia/food-delivery/primal-gourmet/huBQTBPNTCipXlop-V1yKQ,cayce-south-carolina
https://www.ubereats.com/columbia/food-delivery/taco-bell-4328-sunset-blvd/eU9LFo6GSdie0zVM9fskHQ,cayce-south-carolina
https://www.ubereats.com/columbia/food-delivery/applebees-4505-devine-street/pvsyIa5SQSy8Awtn4lWbyw,cayce-south-carolina
https://www.ubereats.com/columbia/food-delivery/subway-1201-charleston-hwy/_9UK020TSo2kkcbTCcrdhA,cayce-south-carolina
https://www.ubereats.com/columbia/food-delivery/dickeys-barbecue-pit-5556-sunset-blvd/0kPV5RnaRga6E97risBjog,cayce-south-carolina
https://www.ubereats.com/columbia/food-delivery/wayback-burgers-5230-sunset-blvd-suite-a/UKYiPBY5RgSzP3n-Th8pag,cayce-south-carolina
https://www.ubereats.com/columbia/food-delivery/firehouse-subs-6041-garners-ferry-rd/WqZAAbwHRQ-W5IBPwe1FeQ,cayce-south-carolina
https://www.ubereats.com/columbia/food-delivery/comptons-kitchen/6C_z-SiKRrGzTBKYKsWrOA,cayce-south-carolina
https://www.ubereats.com/columbia/food-delivery/mcalisters-deli-5175-sunset-blvd/Xy3YTcbJRa-rHdg9PoSVLA,cayce-south-carolina
https://www.ubereats.com/columbia/food-delivery/bojangles-famous-chicken-%26-biscuits-8-1200-augusta-road/RUl1WzKZQn6eU84BVHq_hg,cayce-south-carolina
https://www.ubereats.com/columbia/food-delivery/moes-southwest-grill-4601-devine-street/cBRRVZPJRe-9KQR8qa41Ng,cayce-south-carolina
https://www.ubereats.com/columbia/food-delivery/hooters-7711-two-notch-rd/t-sXspS-STKDAmfAgNVGPQ,cayce-south-carolina
https://www.ubereats.com/columbia/food-delivery/white-duck-taco-shop/kk9YYvuJShOjtF0oKWLTpA,cayce-south-carolina
https://www.ubereats.com/columbia/food-delivery/firehouse-subs-2805-b-sunset-blvd/IpPgYHl6QkGLclvRWYAbnA,cayce-south-carolina
https://www.ubereats.com/columbia/food-delivery/la-isla-bonita-percival-rd/UM3GBeakTjK4mM5iL6KXpw,cayce-south-carolina
https://www.ubereats.com/columbia/food-delivery/roly-poly-columbia/bXCPQ7-pQT6vEKFsImHl0w,cayce-south-carolina
https://www.ubereats.com/columbia/food-delivery/original-brunches/D4mg7WDcQVSRaRznIvAZGg,cayce-south-carolina
https://www.ubereats.com/columbia/food-delivery/chuck-e-cheese-1775-burning-tree-dr/w4Poi4uNRn-sQ-Z1EEaYiQ,cayce-south-carolina
https://www.ubereats.com/columbia/food-delivery/arbys-1222-charleston-hwy/vmD7uRQtSTiiRJD4uobqxA,cayce-south-carolina
https://www.ubereats.com/columbia/food-delivery/tropical-smoothie-cafe-fort-jackson-boulevard/_zek5xm7SsONW37HrD0o9g,cayce-south-carolina
https://www.ubereats.com/columbia/food-delivery/old-chicago-75-802-gervais-street-suite-100/8qWq2OtGTVSN5CeIYzHlGA,cayce-south-carolina
https://www.ubereats.com/columbia/food-delivery/schlotzskys-529-bush-river-road/Nrgrn5aLT96FOYD1EgoXAg,cayce-south-carolina
https://www.ubereats.com/columbia/food-delivery/krispy-kreme-6614-garners-ferry-rd/p3AHMtglTfiM-spQjboLbA,cayce-south-carolina
https://www.ubereats.com/columbia/food-delivery/teapot-chinese-restaurant/eMTgvnVvSKKR_ySog26w8w,cayce-south-carolina
https://www.ubereats.com/columbia/food-delivery/bojangles-famous-chicken-%26-biscuits-17-930-elmwood-ave/_P3zh9zzQUWBW-xEk-Ydag,cayce-south-carolina
https://www.ubereats.com/columbia/food-delivery/little-caesars-5212-highway-321/RPj7ZgU4Rde17H4Uv9I0sA,cayce-south-carolina
https://www.ubereats.com/columbia/food-delivery/mcdonalds-2929-charleston-hwy/Ffgkc14bTVyMBGI3__rX5w,cayce-south-carolina
https://www.ubereats.com/columbia/food-delivery/mcdonalds-4801-garners-ferry-rd/8l6LBAVsRca7ejMwcXEYhA,cayce-south-carolina
https://www.ubereats.com/columbia/food-delivery/captain-ds-705-knox-abbott-dr/qHCpaCyIT-SJgr04Mtw22g,cayce-south-carolina
https://www.ubereats.com/columbia/food-delivery/ally-%26-eloise-bakeshop-main-st/uB36VExIQKmH4ypv5Qg7wg,cayce-south-carolina
https://www.ubereats.com/columbia/food-delivery/taco-bell-1928-broad-river-road/Po3R3AKJR3KaxLpCVHKzGA,cayce-south-carolina
https://www.ubereats.com/columbia/food-delivery/five-guys-sc-0140-931-senate-st/6U8AV7L-QVKjqUxdsFBQNA,cayce-south-carolina
https://www.ubereats.com/columbia/food-delivery/wendys-804-assembly/kJF95tTeRSyDnF-qYYTD3Q,cayce-south-carolina
https://www.ubereats.com/columbia/food-delivery/mcdonalds-1303-charleston-hwy/j-T2Hk6QRRmEAfFnseTwPw,cayce-south-carolina
https://www.ubereats.com/columbia/food-delivery/wendys-3154-augusta-rd/O37hODKaR6W488vGxfFERQ,cayce-south-carolina
https://www.ubereats.com/columbia/food-delivery/ruby-tuesday-2504-augusta-road/N10hD9OqRn2SeZo_x8qeiw,cayce-south-carolina
https://www.ubereats.com/columbia/food-delivery/pawleys-front-porch/Jui56uHpTWqZRsDvId6VpQ,cayce-south-carolina
https://www.ubereats.com/columbia/food-delivery/zaxbys-650-st-andrews-road/49W3z0vaRbiAcFFAle5IDg,cayce-south-carolina
https://www.ubereats.com/columbia/food-delivery/kraken-gastropub/dJZkBd7oQeuHfcP95EjMCw,cayce-south-carolina
https://www.ubereats.com/columbia/food-delivery/the-villa-columbia/OlXrkfwoTWKUqwSk_jhxpQ,cayce-south-carolina
https://www.ubereats.com/columbia/food-delivery/jersey-mikes-subs-650-lincoln-st/Al-GUoVpTj6eRbLNmCio7Q,cayce-south-carolina
https://www.ubereats.com/columbia/food-delivery/sure-tacos-%26-tortilla-grill/TSggq7QNSMeHZWxyg-LSaQ,cayce-south-carolina
https://www.ubereats.com/columbia/food-delivery/express-china/cGzGjaYZS9W7DzSst_gHlg,cayce-south-carolina
https://www.ubereats.com/columbia/food-delivery/cinnabon-baked-at-pilot-3008-highway-321/NI_LGWYkQ76otnMWTOMAxQ,cayce-south-carolina
https://www.ubereats.com/columbia/food-delivery/mellow-mushroom-5364-sunset-blvd/M97zG94lQmaDLtOAwLnq7g,cayce-south-carolina
https://www.ubereats.com/columbia/food-delivery/arbys-7521-garners-ferry-road/F-uWDoXIRgqEb5T3VJ0xyg,cayce-south-carolina
https://www.ubereats.com/columbia/food-delivery/pita-pit-2002-greene-st-unit-a/VFWN9wrzQ-Gi-kmlYXUJxw,cayce-south-carolina
https://www.ubereats.com/columbia/food-delivery/the-juicy-crabcolumbia-sc/Hm-NHJosQg6NcrHEU-1xaA,cayce-south-carolina
https://www.ubereats.com/columbia/food-delivery/carolina-ale-house-columbia-vista/H1KtYkHjRC-R_ZDN4EJv_Q,cayce-south-carolina
https://www.ubereats.com/columbia/food-delivery/dennys-342-harbison-blvd/lRuQn6zxQHCBJcFPXE3rVQ,cayce-south-carolina
https://www.ubereats.com/columbia/food-delivery/duck-donuts-702-cross-hill-road-suite-100b/o7ZPxFFgTn6aveDdkWFBoQ,cayce-south-carolina
https://www.ubereats.com/columbia/food-delivery/chipotle-mexican-grill-6070-garners-ferry-rd-ste-f/wzceVDVJR8ezFqShVujRFQ,cayce-south-carolina
https://www.ubereats.com/columbia/food-delivery/cicis-6120-saint-andrews-rd/uWaE-KiVQ5yHlPd14BeRnw,cayce-south-carolina
