url,city
https://www.ubereats.com/nyc-suburbs/food-delivery/sweetwaters-coffee-%26-tea-west-main/Cyi8JjBfQzOSquXd6kEvdw,central-islip-new-york
https://www.ubereats.com/nyc-suburbs/food-delivery/dunkin-410-wheeler-rd/ahWVxeXoRhynPOJnY9znSA,central-islip-new-york
https://www.ubereats.com/nyc-suburbs/food-delivery/dunkin-195-pine-aire-dr/4gWahQEARXeJKvFJe42QUA,central-islip-new-york
https://www.ubereats.com/nyc-suburbs/food-delivery/taco-bell-490-e-main-street/GXqyLdfjTTuxeJBOOx3kug,central-islip-new-york
https://www.ubereats.com/nyc-suburbs/food-delivery/greek-village-restaurant/lDpZXlkFSIy4YGE-QQvfXQ,central-islip-new-york
https://www.ubereats.com/nyc-suburbs/food-delivery/starbucks-jericho-tpke-commack/JQslF_ghTke3mWPEvzOzOA,central-islip-new-york
https://www.ubereats.com/nyc-suburbs/food-delivery/starbucks-bohemia/N9-VJ3AgT5WpTSFojxRuEg,central-islip-new-york
https://www.ubereats.com/nyc-suburbs/food-delivery/salsa-salsa-smithtown/boxuKd8IRDuoOabtEGug1g,central-islip-new-york
https://www.ubereats.com/nyc-suburbs/food-delivery/five-guys-ny-1109-1942-deer-park-ave/TeV9JuQERZi_9Nz676KwnQ,central-islip-new-york
https://www.ubereats.com/nyc-suburbs/food-delivery/lindenhurst-diner/3JgLAvjKSaWknLR49Itf9g,central-islip-new-york
https://www.ubereats.com/nyc-suburbs/food-delivery/sophias-pizza-cafe/82D41Z06QtWN83GqIGgfXw,central-islip-new-york
https://www.ubereats.com/nyc-suburbs/food-delivery/insignia-prime-steak-%26-sushi/ClWKQ6RlRAqp_Mi2Wu3dCw,central-islip-new-york
https://www.ubereats.com/nyc-suburbs/food-delivery/mrs-poke-bowl-cafe/k0uMk-gWSyOKeS1o2UrAlw,central-islip-new-york
https://www.ubereats.com/nyc-suburbs/food-delivery/chiddys-cheesesteaks-bay-shore/_dP-LPZ_QGiPf8sEiIpO0g,central-islip-new-york
https://www.ubereats.com/nyc-suburbs/food-delivery/i-heart-mac-and-cheese-patchogue/k3mLnjFsTSq7iQ79hpLuNA,central-islip-new-york
https://www.ubereats.com/nyc-suburbs/food-delivery/glens-dinette/dKvgQ4tKScuX3G8DEcj6NQ,central-islip-new-york
https://www.ubereats.com/nyc-suburbs/food-delivery/munchies-to-your-door/-v9f-LRjSSuiMO5M6CmE0w,central-islip-new-york
https://www.ubereats.com/nyc-suburbs/food-delivery/big-belly-que/3ttw_mJiQ9-ZQWkrrUyBbQ,central-islip-new-york
https://www.ubereats.com/nyc-suburbs/food-delivery/mizuki-sushi/fy1xiCwqQ5qjkL4q6WrJGg,central-islip-new-york
https://www.ubereats.com/nyc-suburbs/food-delivery/old-street-restaurant-%26-bar/viXoWYJXTd-QK-PyuObFnw,central-islip-new-york
https://www.ubereats.com/nyc-suburbs/food-delivery/cabo-fresh-commack/DciyTe5YSLS72BTCZ-ta3w,central-islip-new-york
https://www.ubereats.com/nyc-suburbs/food-delivery/grannys-ice-cream/2yz732jgQTq0tx3cL-H4Tg,central-islip-new-york
https://www.ubereats.com/nyc-suburbs/food-delivery/millers-ale-house-deer-park/-IUmMCgBSMe5n53s8zznQg,central-islip-new-york
https://www.ubereats.com/nyc-suburbs/food-delivery/valentinos-restaurant/iykhh0IjRoG0I6GfVhTfFw,central-islip-new-york
https://www.ubereats.com/nyc-suburbs/food-delivery/crazy-crepe-cafe-lake-ronkonkoma/V34VFH0HTWasu_FvQdFT4A,central-islip-new-york
https://www.ubereats.com/nyc-suburbs/food-delivery/right-coast-taqueria/c715yFFmQdS9L4U1KV9hng,central-islip-new-york
https://www.ubereats.com/nyc-suburbs/food-delivery/dunkin-223-smithtown-blvd/k5mzSxmgRg-337xfCLu1dg,central-islip-new-york
https://www.ubereats.com/nyc-suburbs/food-delivery/buffalo-wild-wings-1112-deer-park-ave/VZlxs2X0RXGCbEjElBbuig,central-islip-new-york
https://www.ubereats.com/nyc-suburbs/food-delivery/the-good-steer/eY10wE3VTk6v5shwCpsyXA,central-islip-new-york
https://www.ubereats.com/nyc-suburbs/food-delivery/burger-king-6021-east-jericho-turnpike/tWM9spcOSz6vuj2uN9o-uQ,central-islip-new-york
https://www.ubereats.com/nyc-suburbs/food-delivery/la-casa-pizza/B7w6Nh1WR9WKJMOV8GutOw,central-islip-new-york
https://www.ubereats.com/nyc-suburbs/food-delivery/ihop-1701-sunrise-hwy-unit-d10b/YFvnhqFBRxGqweINdQEr_g,central-islip-new-york
https://www.ubereats.com/nyc-suburbs/food-delivery/pita-%26-pizza/XuZGERBpT0mtGz2gd5KOXA,central-islip-new-york
https://www.ubereats.com/nyc-suburbs/food-delivery/dunkin-125-portion-rd/-VbDB8vYRt-dEbF4HWTQgg,central-islip-new-york
https://www.ubereats.com/nyc-suburbs/food-delivery/subway-1735-union-blvd/qE1AqJFGRum3umpgPp5B7Q,central-islip-new-york
https://www.ubereats.com/nyc-suburbs/food-delivery/dunkin-731-nesconset-hwy/p76xK0bOTV-tnKXmdpshNw,central-islip-new-york
https://www.ubereats.com/nyc-suburbs/food-delivery/bang-bang-burritos/PHTJ95t4QyyQ4Etr8tuDAw,central-islip-new-york
https://www.ubereats.com/nyc-suburbs/food-delivery/don-jonos-pizzeria/8rXpuiV8ToC2ER7FxVkNPA,central-islip-new-york
https://www.ubereats.com/nyc-suburbs/food-delivery/uncle-giuseppes-marketplace-smithtown/7nHVZxDQSZKEP3s718L6NA,central-islip-new-york
https://www.ubereats.com/nyc-suburbs/food-delivery/la-supreme-pizza-oakdale/-Yylg5DZQkCDwPKbiAKXPQ,central-islip-new-york
https://www.ubereats.com/nyc-suburbs/food-delivery/hauppauge-palace-diner/EJ9gmR5PRWSHDZX1DAXusg,central-islip-new-york
https://www.ubereats.com/nyc-suburbs/food-delivery/brownstones-coffee/ZXwSw5JWQFOuFhDqYUr2Qg,central-islip-new-york
https://www.ubereats.com/nyc-suburbs/food-delivery/sangria-71-williston-park/pbp-rNy_Rkq7HA9lF7U-HQ,central-islip-new-york
https://www.ubereats.com/nyc-suburbs/food-delivery/better-burger/5WX5XfRbSpqEOK2NExvHuQ,central-islip-new-york
https://www.ubereats.com/nyc-suburbs/food-delivery/dunkin-3775-expressway-dr-n/XIA85aY6R1yS1X2yVoh_IA,central-islip-new-york
https://www.ubereats.com/nyc-suburbs/food-delivery/330-motor-parkway-cafe/olHhoU8NQTKNpNpDY3wnRw,central-islip-new-york
https://www.ubereats.com/nyc-suburbs/food-delivery/vitality-bowls-6228-jericho-turnpike/5iuY5txsRSSFCpZ9ShcFOg,central-islip-new-york
https://www.ubereats.com/nyc-suburbs/food-delivery/hersheys-ice-cream/rxRCOvFJReK4jYNE0sw7vw,central-islip-new-york
https://www.ubereats.com/nyc-suburbs/food-delivery/212-applebees-commack/cQt_Q8wZQwW_woqTFHeWGw,central-islip-new-york
https://www.ubereats.com/nyc-suburbs/food-delivery/chipotle-mexican-grill-1090-the-arches-cir/OWizFsIBTpeZ22z7MpZg1g,central-islip-new-york
https://www.ubereats.com/nyc-suburbs/food-delivery/the-tap-room-bayshore/ttkmnHXjR5OkmR5w-QyMeA,central-islip-new-york
https://www.ubereats.com/nyc-suburbs/food-delivery/takeshi-sushi-%26-teriyaki/u6-mrMfHS3-4WFJnmyhVFQ,central-islip-new-york
https://www.ubereats.com/nyc-suburbs/food-delivery/the-halal-hut/thnHHRFPR6KOpu5VNYbrmw,central-islip-new-york
https://www.ubereats.com/nyc-suburbs/food-delivery/chipotle-mexican-grill-601-portion-road/aEOIe8mfTl2joK7ivQCa6Q,central-islip-new-york
https://www.ubereats.com/nyc-suburbs/food-delivery/route-27-pizza/vuh2LWleTmKcM9CQZtF3-w,central-islip-new-york
https://www.ubereats.com/nyc-suburbs/food-delivery/dunkin-169a-commack-rd/DiQzlps9Qv-yydqfNT9j0Q,central-islip-new-york
https://www.ubereats.com/nyc-suburbs/food-delivery/curry-kebob-house/IyX2NjtMTWq8W2Bpk9rV2w,central-islip-new-york
https://www.ubereats.com/nyc-suburbs/food-delivery/the-garage-eatery/dYO7rOLQTuGPCbDp_EnBAw,central-islip-new-york
https://www.ubereats.com/nyc-suburbs/food-delivery/pollo-campero-central-islip-wheeler-rd/PVS3kq1eTQCffzWxdZv_Zw,central-islip-new-york
https://www.ubereats.com/nyc-suburbs/food-delivery/melts-wing-shop-smith-haven/p81_0jlDTmCbmD0rLiTc3g,central-islip-new-york
https://www.ubereats.com/nyc-suburbs/food-delivery/sweet-frog-sayville/S92IOsMvScSBlvUeK88MOQ,central-islip-new-york
https://www.ubereats.com/nyc-suburbs/food-delivery/ciros/76jRr9PGQ3KdPlxvlxJeNg,central-islip-new-york
https://www.ubereats.com/nyc-suburbs/food-delivery/ralphs-italian-ices-nesconset/1C2BUsBPSraDseKf20Q85g,central-islip-new-york
https://www.ubereats.com/nyc-suburbs/food-delivery/corks-and-taps/BFk_lKfwTiCUYpM8sGvb7w,central-islip-new-york
https://www.ubereats.com/nyc-suburbs/food-delivery/islandia-buffet/O4RwW7UURTy7UnXKQyy-xQ,central-islip-new-york
https://www.ubereats.com/nyc-suburbs/food-delivery/prime-burger-bar/dpKnluP4ToaroIk4fRx3SA,central-islip-new-york
https://www.ubereats.com/nyc-suburbs/food-delivery/north-babylon-deli/aUMrsTtHTSuBBFe953zznA,central-islip-new-york
https://www.ubereats.com/nyc-suburbs/food-delivery/ralphs-famous-italian-ice-commack/_LzIZWBHQ66u4l2dwCHNXA,central-islip-new-york
https://www.ubereats.com/nyc-suburbs/food-delivery/dunkin-1261-sunrise-hwy/l5l4R65jTfObWk-21LGQhA,central-islip-new-york
https://www.ubereats.com/nyc-suburbs/food-delivery/xing-wang-kitchen/2d8lL_MYQkiKAng0qyuOsw,central-islip-new-york
https://www.ubereats.com/nyc-suburbs/food-delivery/carvel-77-route-111/kzOfv5_MS9-kqSmCtibL4A,central-islip-new-york
https://www.ubereats.com/nyc-suburbs/food-delivery/lempa-deli/3znVAUCGTCW_H63bnbotNA,central-islip-new-york
https://www.ubereats.com/nyc-suburbs/food-delivery/rakkii-ramen/8HxSUcMdTBONf8CvZjDGAg,central-islip-new-york
https://www.ubereats.com/nyc-suburbs/food-delivery/mustang-restaurant-inc/JKoy9tm8SB6XxuEPfwNozw,central-islip-new-york
https://www.ubereats.com/nyc-suburbs/food-delivery/mama-angelinas-pizzeria-restaurant/tZpC3qoyQWqCpBvBhhh5bw,central-islip-new-york
https://www.ubereats.com/nyc-suburbs/food-delivery/manninos-bagel-bakery-smithtown/wGPcsHPkTOmq61Ll3L3AVA,central-islip-new-york
https://www.ubereats.com/nyc-suburbs/food-delivery/best-express-halal-food/XImf_gczTlirK5H9e7olpw,central-islip-new-york
https://www.ubereats.com/nyc-suburbs/food-delivery/marios-pizzeria-of-commack/pnJ6-_wFTZ6Q5vtPnxr1lg,central-islip-new-york
https://www.ubereats.com/nyc-suburbs/food-delivery/taco-bell-2186-jericho-turnpike/iJiXgXESTH-2BlvTfuZp7A,central-islip-new-york
https://www.ubereats.com/nyc-suburbs/food-delivery/carrabbas-20-n-research-place/GEPNSOwlTuGDZpNza_oTsA,central-islip-new-york
https://www.ubereats.com/nyc-suburbs/food-delivery/lotus-dynasty/ViIJiBD3Tl2EVgP_v2-BPg,central-islip-new-york
https://www.ubereats.com/nyc-suburbs/food-delivery/one-stop-deli/Mo0gTPHkR7OF3lZ3cbN1qg,central-islip-new-york
https://www.ubereats.com/nyc-suburbs/food-delivery/brunellos-heroes/hO5-qnd4RayOpXxkm5GkIw,central-islip-new-york
https://www.ubereats.com/nyc-suburbs/food-delivery/shake-shack-2003-2093-smith-haven-plaza/tFKZMcaYSBqhPd-dRr5pZQ,central-islip-new-york
https://www.ubereats.com/nyc-suburbs/food-delivery/dunkin-165-main-st/MMwlz3HgT_CghUzumc8gGg,central-islip-new-york
https://www.ubereats.com/nyc-suburbs/food-delivery/dunkin-205-wheeler-rd/zZbYDDbwR5CjqsCqpokwTw,central-islip-new-york
https://www.ubereats.com/nyc-suburbs/food-delivery/toxic-wings-deer-park/ZgT6WoVBQIu5E6J-jYfTUA,central-islip-new-york
https://www.ubereats.com/nyc-suburbs/food-delivery/strong-island-ice-cream/ILJJOEJYTmSm0VtWK8C9qQ,central-islip-new-york
https://www.ubereats.com/nyc-suburbs/food-delivery/khyber-grill-%26-gyro/yFz9ZkoPQMmMBijtxKoszQ,central-islip-new-york
https://www.ubereats.com/nyc-suburbs/food-delivery/king-halal/C-iEsyEzRjix-bcWrgL_ug,central-islip-new-york
https://www.ubereats.com/nyc-suburbs/food-delivery/bagel-chalet-commack/FYKAy82DQYaIozjLcFLRgA,central-islip-new-york
https://www.ubereats.com/nyc-suburbs/food-delivery/carrabbas-730-smithtown-bypass/TzJ-IYp5S6eSxsQPmrBZMA,central-islip-new-york
https://www.ubereats.com/nyc-suburbs/food-delivery/red-lobster-5010-expressway-drive-south/a2PVLb3xRS-t3FIO7VSwYg,central-islip-new-york
https://www.ubereats.com/nyc-suburbs/food-delivery/bagel-boss-555-montauk-hwy/3huoduMqRqeGGW9wvW5diw,central-islip-new-york
https://www.ubereats.com/nyc-suburbs/food-delivery/dunkin-1750-fifth-ave/GHtuDlyBSbWQ6uH0gICBxg,central-islip-new-york
https://www.ubereats.com/nyc-suburbs/food-delivery/the-whisk-bakery/3iMXOdaZT5Gc1ZYMSNtH-Q,central-islip-new-york
https://www.ubereats.com/nyc-suburbs/food-delivery/dunkin-160-adams-ave/OLYCasUMTquI0x3pP0dUJA,central-islip-new-york
https://www.ubereats.com/nyc-suburbs/food-delivery/dunkin-2073-jericho-tpke/7YcbDHopQnSt-ZCC0v1Dtg,central-islip-new-york
https://www.ubereats.com/nyc-suburbs/food-delivery/a%26a-sushi-house/_PN7H58UQnOJVrK1RR7URQ,central-islip-new-york
https://www.ubereats.com/nyc-suburbs/food-delivery/chipotle-mexican-grill-5181-sunrise-hwy/0L05SbZ2T6mg185CuFHlOA,central-islip-new-york
https://www.ubereats.com/nyc-suburbs/food-delivery/starbucks-islandia-ny/hZ_owgx9Rd6EMTAbuu2jLA,central-islip-new-york
https://www.ubereats.com/nyc-suburbs/food-delivery/best-meal-chinese-food/zBqS0kNgQ0OMe6LiGK8D6A,central-islip-new-york
https://www.ubereats.com/nyc-suburbs/food-delivery/mama-mias-pizza/j1qEINzoQUyGf50hzxDP8g,central-islip-new-york
https://www.ubereats.com/nyc-suburbs/food-delivery/andersens-deli-%26-catering/rzulQR1RR5GknuZOHu8jIA,central-islip-new-york
https://www.ubereats.com/nyc-suburbs/food-delivery/el-pilon-restaurant-spanish-cuisine/u5XldI9gSnaU-G8tghsgFg,central-islip-new-york
https://www.ubereats.com/nyc-suburbs/food-delivery/beijing-kitchen/MEeuX-OxQ16Q8yVaqAmRKQ,central-islip-new-york
https://www.ubereats.com/nyc-suburbs/food-delivery/harbor-wings-lake-ronkonkoma/8YJ2eVkcRXipnTrFWzUfEA,central-islip-new-york
https://www.ubereats.com/nyc-suburbs/food-delivery/nathans-famous-1086-the-arches-circle/Jbp1k8IOQcaxzyc3v7txRQ,central-islip-new-york
https://www.ubereats.com/nyc-suburbs/food-delivery/slice-of-bay-shore/ce0kcoeKQ8GizlrE653zkQ,central-islip-new-york
https://www.ubereats.com/nyc-suburbs/food-delivery/alberts-pizzeria-restaurant-happauge/7Ocvkt8eR0yp8vThnSowlA,central-islip-new-york
https://www.ubereats.com/nyc-suburbs/food-delivery/blue-point-diner/E8ELpjAGSDmo7N3h102X1Q,central-islip-new-york
https://www.ubereats.com/nyc-suburbs/food-delivery/go-greek/2A346OXiSY6a6GeMezcEvQ,central-islip-new-york
https://www.ubereats.com/nyc-suburbs/food-delivery/wendys-527-route-111/k8S4BKuFSUGT5KpjCAeASA,central-islip-new-york
https://www.ubereats.com/nyc-suburbs/food-delivery/five-guys-ny-1425-6546-jericho-turnpike/sruPV3qeRqCYFcyYezq8UA,central-islip-new-york
https://www.ubereats.com/nyc-suburbs/food-delivery/brentwood-market-deli/z6725eehQqGptdf-_SaLEg,central-islip-new-york
https://www.ubereats.com/nyc-suburbs/food-delivery/boston-market-23-w-main-st/xA8M91N0Tei2yAwfEnYjvw,central-islip-new-york
https://www.ubereats.com/nyc-suburbs/food-delivery/mamis-cuisine/ADfezkIeQV2Z2w-FLiYm1w,central-islip-new-york
https://www.ubereats.com/nyc-suburbs/food-delivery/melt-shop-smith-haven-mall/pTna9icqSL23fmDYcfpERg,central-islip-new-york
https://www.ubereats.com/nyc-suburbs/food-delivery/china-jade/ZVYTU6ReQSauWbwXycoL_w,central-islip-new-york
https://www.ubereats.com/nyc-suburbs/food-delivery/friendlys-210-montauk-hwy/aezHhIoFTOWU-Xl104HWeg,central-islip-new-york
https://www.ubereats.com/nyc-suburbs/food-delivery/yogurtini/RdOkg-VzQeujZwwV_b2ueA,central-islip-new-york
https://www.ubereats.com/nyc-suburbs/food-delivery/golden-bridge-deli/Py2cHOf1TWaF7hC02fnvJA,central-islip-new-york
https://www.ubereats.com/nyc-suburbs/food-delivery/chipotle-mexican-grill-2093-smithaven-plaza/frYJUsHDTVWfNc_hehx9uA,central-islip-new-york
https://www.ubereats.com/nyc-suburbs/food-delivery/luso-churrasqueria-restaurant/MqpUCI6JQoaV__Z0nErRfw,central-islip-new-york
https://www.ubereats.com/nyc-suburbs/food-delivery/mykonos-greek-restaurant/KTGHl2xASN6uZ5UyK6DvCQ,central-islip-new-york
https://www.ubereats.com/nyc-suburbs/food-delivery/taco-bell-773-smithtown-bypass/AvPfYhwKRzOTpkUaCPgLnw,central-islip-new-york
https://www.ubereats.com/nyc-suburbs/food-delivery/pappis-pollo-ala-brasa-ordermark/ZkSnj_h0TpaD9ui-MZMVUA,central-islip-new-york
https://www.ubereats.com/nyc-suburbs/food-delivery/alexandros-kitchen-and-bar/46VKh_PjQP-f4bS9ftw-xA,central-islip-new-york
https://www.ubereats.com/nyc-suburbs/food-delivery/tgi-fridays-546-central-islip-ny/e9Q9ZOHvSoe96kYNUbhLhA,central-islip-new-york
https://www.ubereats.com/nyc-suburbs/food-delivery/vitality-bowls-96-e-main-st/P2zfYz4PQE21tf3zHNmZ7g,central-islip-new-york
https://www.ubereats.com/nyc-suburbs/food-delivery/island-lake-diner/S18VA0gpTGSxLr6qVlasNg,central-islip-new-york
https://www.ubereats.com/nyc-suburbs/food-delivery/kira-sushi/-RTG2TcDR4-fPJOlT208WA,central-islip-new-york
https://www.ubereats.com/nyc-suburbs/food-delivery/macks-flavaful-kitchen/iBRCoAjTQ2i62khY-WN78A,central-islip-new-york
https://www.ubereats.com/nyc-suburbs/food-delivery/la-fonda-latino-grill/RUiX6dQzQ06-Nq4SdeJ4sA,central-islip-new-york
https://www.ubereats.com/nyc-suburbs/food-delivery/dairy-queen-grill-%26-chill-4005-jericho-tpke/b8YPRGU7QWGyAWo7q0fDnA,central-islip-new-york
https://www.ubereats.com/nyc-suburbs/food-delivery/peninsula/JrRWEKGwShmHzJXOynf5pA,central-islip-new-york
https://www.ubereats.com/nyc-suburbs/food-delivery/food-king-express/XxbQyFqUS06VomJF3QZU1A,central-islip-new-york
https://www.ubereats.com/nyc-suburbs/food-delivery/burgerfi-commack/2kNi2NA6Smam8sfTdi8j6g,central-islip-new-york
https://www.ubereats.com/nyc-suburbs/food-delivery/subway-660-islip-ave/RQrOiN0iRcq0P8kHRz9bqQ,central-islip-new-york
https://www.ubereats.com/nyc-suburbs/food-delivery/auntie-annes-1701-sunrise-highway/Ey2si-lOQJS6COJqukSg1Q,central-islip-new-york
https://www.ubereats.com/nyc-suburbs/food-delivery/familia-bakery/3KCZnf9eRn6KdRdee2V7uQ,central-islip-new-york
https://www.ubereats.com/nyc-suburbs/food-delivery/dunkin-19-bay-shore-rd/MLJjnHlLRSK1OmFWb1QKLA,central-islip-new-york
https://www.ubereats.com/nyc-suburbs/food-delivery/chipotle-mexican-grill-1675-sunrise-hwy/Hbg71ZdIRy-RF9Eaidexyg,central-islip-new-york
https://www.ubereats.com/nyc-suburbs/food-delivery/dunkin-1275-veterans-memorial-hwy/3mMU2EHVSLGRR1lTi_VbUg,central-islip-new-york
https://www.ubereats.com/nyc-suburbs/food-delivery/relish/DPA2g4w5RoCZV4Z1hIYfXQ,central-islip-new-york
https://www.ubereats.com/nyc-suburbs/food-delivery/sunset-restaurant/IJas0lSERU2YyrDM-7c96w,central-islip-new-york
https://www.ubereats.com/nyc-suburbs/food-delivery/charleys-philly-steaks-south-shore-mall/UYpctUzjTJCitu0oxlrllw,central-islip-new-york
https://www.ubereats.com/nyc-suburbs/food-delivery/taco-bell-1937-deer-park-avenue/KAUNr2KvRFa0c7Jp1ULeqw,central-islip-new-york
https://www.ubereats.com/nyc-suburbs/food-delivery/the-big-black-food-truck/5xLOK3G_TQe678J_HhBM9g,central-islip-new-york
https://www.ubereats.com/nyc-suburbs/food-delivery/simply-greek/M9M2ww7gTFCULHHv84KFIA,central-islip-new-york
https://www.ubereats.com/nyc-suburbs/food-delivery/yo-go-wild-cafe/Tm4b2K62TPmzC-bC-Umfyw,central-islip-new-york
https://www.ubereats.com/nyc-suburbs/food-delivery/del-fuego-st-james/0MNnW3HZSMOWaRTE4-ajpg,central-islip-new-york
https://www.ubereats.com/nyc-suburbs/food-delivery/chicos-deli/IunNEbSzQKaKdQscGC5Qqw,central-islip-new-york
https://www.ubereats.com/nyc-suburbs/food-delivery/texas-taco/uPEjxE1hRvCeBVwbdXEorw,central-islip-new-york
https://www.ubereats.com/nyc-suburbs/food-delivery/bagels-your-way-medford/n6N52GjkSju_Egt5tPNm8A,central-islip-new-york
https://www.ubereats.com/nyc-suburbs/food-delivery/pho-fan/wolS1BpYSdqf1dhEVGFozg,central-islip-new-york
https://www.ubereats.com/nyc-suburbs/food-delivery/toxic-wings-st-james/6lPXYY5bQP2CKA9mDtFsmQ,central-islip-new-york
https://www.ubereats.com/nyc-suburbs/food-delivery/dunkin-1243-montauk-hwy/p9KB6uOiQ0-ih5yJ9IPz1g,central-islip-new-york
https://www.ubereats.com/nyc-suburbs/food-delivery/mcdonalds-107-main-st/7dKuwdPNTqms1wqIzmBsug,central-islip-new-york
https://www.ubereats.com/nyc-suburbs/food-delivery/burger-king-335-montauk-highway/bNdt81a6Q2OgspYgdBPH-w,central-islip-new-york
https://www.ubereats.com/nyc-suburbs/food-delivery/stuff-a-bagel/Tvyf3m5hST6jWIskjT9SsA,central-islip-new-york
https://www.ubereats.com/nyc-suburbs/food-delivery/starbucks-hauppauge-route-111/ek2ZA_6hRhGGxtIHccNWbQ,central-islip-new-york
https://www.ubereats.com/nyc-suburbs/food-delivery/dunkin-300-e-main-st/Hdt2sJIRQmq2Zd7ZpneP5Q,central-islip-new-york
https://www.ubereats.com/nyc-suburbs/food-delivery/taco-bell-1245-deer-park-ave/lazwpWdnQ1atMdL-prkCHw,central-islip-new-york
https://www.ubereats.com/nyc-suburbs/food-delivery/dunkin-529-e-main-st/HvhohJsMSCmo_wqm8uyH_g,central-islip-new-york
https://www.ubereats.com/nyc-suburbs/food-delivery/burger-king-1340-motor-parkway/vvrZqzYZSRWBmbI6hfsOFA,central-islip-new-york
https://www.ubereats.com/nyc-suburbs/food-delivery/simply-devine-deli/p5Ocl3WzTe239KMcWZEwPw,central-islip-new-york
https://www.ubereats.com/nyc-suburbs/food-delivery/la-arepa/WlmpGiTMSdi0YLhgI3SzMw,central-islip-new-york
https://www.ubereats.com/nyc-suburbs/food-delivery/arthur-treachers-fish-and-chips-pudgies-famous-chicken/5A4luXk_RG-tQfSEkF1OEw,central-islip-new-york
https://www.ubereats.com/nyc-suburbs/food-delivery/the-wing-experience-5012-express-drive-south/bNaABnWJRi-BSCTKwq1h2w,central-islip-new-york
https://www.ubereats.com/nyc-suburbs/food-delivery/hot-spot/y36S4sxMRX-MaaRpm_jVlw,central-islip-new-york
https://www.ubereats.com/nyc-suburbs/food-delivery/big-taste/vKWJsjjtSwSqqwdLyFMnvQ,central-islip-new-york
https://www.ubereats.com/nyc-suburbs/food-delivery/nutriwolf-deer-park/mR49vEgJQlqaTngikmk2aA,central-islip-new-york
https://www.ubereats.com/nyc-suburbs/food-delivery/bellinas-pizza/Rp3Z14lzQC-6vr11-d7Kew,central-islip-new-york
https://www.ubereats.com/nyc-suburbs/food-delivery/carvel-2134-deer-park-avenue/kr34HC8ZTVeVBaMzqhXwIA,central-islip-new-york
https://www.ubereats.com/nyc-suburbs/food-delivery/ritas-italian-ice/UQ1zk2p0Rw-ZgJa1ipdurA,central-islip-new-york
https://www.ubereats.com/nyc-suburbs/food-delivery/dunkin-1403-brentwood-rd/IIYWsmuQS2yxFQO_HjQCzg,central-islip-new-york
https://www.ubereats.com/nyc-suburbs/food-delivery/kfc-commack-1164-jericho-turnpike/1nj-_xL4R0aIAo5CqR_tlg,central-islip-new-york
https://www.ubereats.com/nyc-suburbs/food-delivery/salsa-salsa/-ritO6FRTzGlJVrC81Wy4w,central-islip-new-york
https://www.ubereats.com/nyc-suburbs/food-delivery/carvel-480-patchogue-holbrook-rd/Sv8EtDnOTAq7JmXqs74Ctw,central-islip-new-york
https://www.ubereats.com/nyc-suburbs/food-delivery/greekrave/sNccMmQbSDiu1lc3MujX4A,central-islip-new-york
https://www.ubereats.com/nyc-suburbs/food-delivery/the-blue/2izN4k-5TD60T05Tgg2NhQ,central-islip-new-york
https://www.ubereats.com/nyc-suburbs/food-delivery/moes-southwest-grill-589-veterans-hwy/XvErqBpNT5qZq-dj_NTwvg,central-islip-new-york
https://www.ubereats.com/nyc-suburbs/food-delivery/mcdonalds-1850-veterans-hwy-w*m-%232917/qdga1z-XTZ2lh3oq3qg0ng,central-islip-new-york
https://www.ubereats.com/nyc-suburbs/food-delivery/eatcetera-deli-cafe/YVfZzROUR9elO4DEV5XkVQ,central-islip-new-york
https://www.ubereats.com/nyc-suburbs/food-delivery/kumo-sushi-bay-shore/WUZwz2oHQGSGVeNjxoMrDw,central-islip-new-york
https://www.ubereats.com/nyc-suburbs/food-delivery/mamas-garden-inc/xJ1bmb7zSdyX5aj8GThbKg,central-islip-new-york
https://www.ubereats.com/nyc-suburbs/food-delivery/del-fuego/bHVzjEhcRRiSIZspBpivjg,central-islip-new-york
https://www.ubereats.com/nyc-suburbs/food-delivery/grace-deli/1AA_5RyGS7eYcQ1iEK9CRQ,central-islip-new-york
https://www.ubereats.com/nyc-suburbs/food-delivery/chipotle-mexican-grill-660-commack-rd/RIiaVrg0TciexXRYuH30xA,central-islip-new-york
https://www.ubereats.com/nyc-suburbs/food-delivery/bagels-and-brunch-deli/Cflt3BGoSu698dgtG78rGw,central-islip-new-york
https://www.ubereats.com/nyc-suburbs/food-delivery/friendlys-50-montauk-highway/3Q6mUV19T-ilmXA25HJzuw,central-islip-new-york
https://www.ubereats.com/nyc-suburbs/food-delivery/blaze-pizza-1701-sunrise-hwy/PcCQivqZTM25nr0JYQ2rww,central-islip-new-york
https://www.ubereats.com/nyc-suburbs/food-delivery/the-sayville-sandwich/luNBLmSiRwSi8xyKX0jFXw,central-islip-new-york
https://www.ubereats.com/nyc-suburbs/food-delivery/corinos-pizzeria-and-catering/N3cmUhoIQFWXDwrTxgY8DQ,central-islip-new-york
https://www.ubereats.com/nyc-suburbs/food-delivery/subway-140-e-main-st/EcM39Y3JSRKYp2BoZFINug,central-islip-new-york
https://www.ubereats.com/nyc-suburbs/food-delivery/woodhull-tavern/2730egq_QHmg2xhDhBNHhQ,central-islip-new-york
https://www.ubereats.com/nyc-suburbs/food-delivery/ihop-666-motor-parkway/uAk4wvlXTzyxe81D4eDRlQ,central-islip-new-york
https://www.ubereats.com/nyc-suburbs/food-delivery/burrito-loco-fresh-mexican-grill/DwyQS0u2SN2GZPc3tJp-ng,central-islip-new-york
https://www.ubereats.com/nyc-suburbs/food-delivery/maxwells/EWBa1xz3QoGg_bmWMNiN2g,central-islip-new-york
https://www.ubereats.com/nyc-suburbs/food-delivery/dunkin-1573-lakeland-ave/C9lb-eXJQsu-fHCCfpOkjw,central-islip-new-york
https://www.ubereats.com/nyc-suburbs/food-delivery/coyles-homemade-ice-cream/lkl0bfkAQe6rv1kjsFVWcQ,central-islip-new-york
https://www.ubereats.com/nyc-suburbs/food-delivery/subway-67-east-main-st/Do27FjYzQM-TA6A8T6U9VA,central-islip-new-york
https://www.ubereats.com/nyc-suburbs/food-delivery/georges-luncheonette-patchogue/8zo7x8cjQ0yO9HuebiSODQ,central-islip-new-york
https://www.ubereats.com/nyc-suburbs/food-delivery/202-applebees-bohemia/XdK8ua0YQUC4I-Hvo9U1ow,central-islip-new-york
https://www.ubereats.com/nyc-suburbs/food-delivery/buona-sera-ristorante-pizzeria/BtcFnahOSYSByI71ZZigkw,central-islip-new-york
https://www.ubereats.com/nyc-suburbs/food-delivery/changing-times-american-sports-bar-%26-grille/FAu5QqD7TDykre6s5J179w,central-islip-new-york
https://www.ubereats.com/nyc-suburbs/food-delivery/uncle-chucks-bar-n-restaurant/9FPaF9JfQ-SoGRdl3EgP2Q,central-islip-new-york
https://www.ubereats.com/nyc-suburbs/food-delivery/cinnabon-route-25-%26-route-347-site-a22/zw6jM4I4RE2Jjo4VHqZfOw,central-islip-new-york
https://www.ubereats.com/nyc-suburbs/food-delivery/iseda-happy-wok/o3OinNS1SPm0nKfRrEPCgw,central-islip-new-york
https://www.ubereats.com/nyc-suburbs/food-delivery/chipotle-mexican-grill-387-smithtown-byp/9FjP_Me2QU6VshrNADNi1Q,central-islip-new-york
https://www.ubereats.com/nyc-suburbs/food-delivery/five-guys-ny-1767-1701-sunrise-hwy/UC0fRfypRO6qf50lYn3LxA,central-islip-new-york
https://www.ubereats.com/nyc-suburbs/food-delivery/el-buen-gusto/fvWb-isqR6608p2_b7qhzw,central-islip-new-york
https://www.ubereats.com/nyc-suburbs/food-delivery/bella-vie/jPNLbWFlSt-nsnFWiwjIRw,central-islip-new-york
https://www.ubereats.com/nyc-suburbs/food-delivery/bella-bambinas-pizzeria-restaurant/Dndrrn90SyS6MkvniFkNYA,central-islip-new-york
https://www.ubereats.com/nyc-suburbs/food-delivery/burgerim/a8yYQmygT0Kg9MU0ZTMUOA,central-islip-new-york
https://www.ubereats.com/nyc-suburbs/food-delivery/dicks-delicatessen/qEn25wAHQaaTKw9kwcDa0A,central-islip-new-york
https://www.ubereats.com/nyc-suburbs/food-delivery/savor-eatery/2BioJt0eQIK4AO0IzkzvOg,central-islip-new-york
https://www.ubereats.com/nyc-suburbs/food-delivery/sonic-1380-deer-park-avenue/sVSv5WDSS2GyMeStMcblNw,central-islip-new-york
https://www.ubereats.com/nyc-suburbs/food-delivery/dunkin-13-w-main-st/WazfKkVVTQaosBU_3kIkDA,central-islip-new-york
https://www.ubereats.com/nyc-suburbs/food-delivery/commack-bagels-deli-market/zF-QRum3T3-s1ULMWK3wLw,central-islip-new-york
https://www.ubereats.com/nyc-suburbs/food-delivery/the-one-express/V1E0n1HrQRKGP4As0zFTtQ,central-islip-new-york
https://www.ubereats.com/nyc-suburbs/food-delivery/brunello-italian-kitchen/62d9X1yGR6iLgP5kWScQkA,central-islip-new-york
https://www.ubereats.com/nyc-suburbs/food-delivery/momos-union-ave/uOUgGN4WTiqtGWDzTUYpXg,central-islip-new-york
https://www.ubereats.com/nyc-suburbs/food-delivery/fried-chicken-%40-deli/HawfRVdAQp-f3rniDCQIXg,central-islip-new-york
https://www.ubereats.com/nyc-suburbs/food-delivery/burger-king-254-portion-road/F4Fk8KTLT2ahUeU2cmM2Kg,central-islip-new-york
https://www.ubereats.com/nyc-suburbs/food-delivery/dunkin-694-motor-pkwy/b9KzG8SAQQism4Dg_-u0GA,central-islip-new-york
https://www.ubereats.com/nyc-suburbs/food-delivery/blds-restaurant/FxpoTzFhSJKI7s3qudU4tg,central-islip-new-york
https://www.ubereats.com/nyc-suburbs/food-delivery/spk/NbOtZirPR0CMHU4ELwaEcA,central-islip-new-york
https://www.ubereats.com/nyc-suburbs/food-delivery/tropical-smoothie-cafe-hauppauge/Y8wzz54MR8ShmUC7Fdt91g,central-islip-new-york
https://www.ubereats.com/nyc-suburbs/food-delivery/taormina-ristorante-and-pizzeria/DEButNYPRdacnhrAyCEbOQ,central-islip-new-york
https://www.ubereats.com/nyc-suburbs/food-delivery/rb-los-amigos-restaurante-inc/0Pboo-ArRuuP5GDMcCNXBA,central-islip-new-york
https://www.ubereats.com/nyc-suburbs/food-delivery/wendys-168-main-street/B9gA71dyStarcRfyZnnHbQ,central-islip-new-york
https://www.ubereats.com/nyc-suburbs/food-delivery/emilios-pizzeria-%26-ristorante/Om4TZhe1RF-gNOKv0pA7Zw,central-islip-new-york
https://www.ubereats.com/nyc-suburbs/food-delivery/wendys-885-montauk-highway/XYKk9g0GRo2-iQJmEn1Ddw,central-islip-new-york
https://www.ubereats.com/nyc-suburbs/food-delivery/hummus/vgmtqeDNQl62nmzTZaeZlQ,central-islip-new-york
https://www.ubereats.com/nyc-suburbs/food-delivery/bay-shore-deli-%26-grocery/0VZTvnHGTcq3lca4cx_eVQ,central-islip-new-york
https://www.ubereats.com/nyc-suburbs/food-delivery/ihop-339-portion-rd/uCzJCmJGQouNQfG1zW6ydQ,central-islip-new-york
https://www.ubereats.com/nyc-suburbs/food-delivery/outback-steakhouse-325-main-street/j_6tQ_LzQIa55mj67zef_A,central-islip-new-york
https://www.ubereats.com/nyc-suburbs/food-delivery/49-wireless-cafe/QYqQlfJMRJyr6Ie5Hed_Gw,central-islip-new-york
https://www.ubereats.com/nyc-suburbs/food-delivery/the-greek-grill/MFDKBUfFQA-tq6Hz6Ne-TQ,central-islip-new-york
https://www.ubereats.com/nyc-suburbs/food-delivery/starbucks-smithtown/1aCIGhXZTdWvdX7D8nqlqA,central-islip-new-york
https://www.ubereats.com/nyc-suburbs/food-delivery/beenz-indian-grill-%26-bar/iVzuRJzySV-AwRSmA79qjA,central-islip-new-york
https://www.ubereats.com/nyc-suburbs/food-delivery/boxcar-burgers/LN7_SgpfQb-bkpIrTECkKA,central-islip-new-york
https://www.ubereats.com/nyc-suburbs/food-delivery/taco-bell-16-w-suffolk-ave/9FbBfyEKQqmHRflkyrdCpw,central-islip-new-york
https://www.ubereats.com/nyc-suburbs/food-delivery/charleys-philly-steaks-tanger-outlets-at-deer-park/PAEpmow8RrmrhEHQvvif7g,central-islip-new-york
https://www.ubereats.com/nyc-suburbs/food-delivery/tomo-sushi/IaofPbAGTrKSgnQLKqWdBA,central-islip-new-york
https://www.ubereats.com/nyc-suburbs/food-delivery/jacksons/lSst2-PURICsHt5GrWYV8g,central-islip-new-york
https://www.ubereats.com/nyc-suburbs/food-delivery/three-jacks-deli/sUZ0O4SYSnmKfquJ2B-_5w,central-islip-new-york
https://www.ubereats.com/nyc-suburbs/food-delivery/plaza-merengue-restaurant/9D1V5bwQT8qYzjLVluX1Vg,central-islip-new-york
https://www.ubereats.com/nyc-suburbs/food-delivery/the-corner-cafe/6DAh1yn0QLSJiZsUQ_pmCQ,central-islip-new-york
https://www.ubereats.com/nyc-suburbs/food-delivery/on-the-border-holtsville/PXVepW9JSNO90fQQIwyRYg,central-islip-new-york
https://www.ubereats.com/nyc-suburbs/food-delivery/las-delicias-de-mi-tierra/XtwAKj-FQ7-5eOpb5QzWxA,central-islip-new-york
https://www.ubereats.com/nyc-suburbs/food-delivery/kfc-deer-park/v0hI4ZmsS16E3dRLB5mzQQ,central-islip-new-york
https://www.ubereats.com/nyc-suburbs/food-delivery/del-fuego-babylon/dsCA8UWxTMOC-1h0AZI_lw,central-islip-new-york
https://www.ubereats.com/nyc-suburbs/food-delivery/five-guys-ny-0436-601-veterans-hwy/xBRkdPv7SxiBqqMnJeNoDA,central-islip-new-york
https://www.ubereats.com/nyc-suburbs/food-delivery/checkers-136-sunrise-hwy/O8EimLreTvml1txQZG9puw,central-islip-new-york
https://www.ubereats.com/nyc-suburbs/food-delivery/yogomania/0z_EbXrsSAmlXHLL_yLTKw,central-islip-new-york
https://www.ubereats.com/nyc-suburbs/food-delivery/bango-bowls-bay-shore/pwoxLDBhQxGjP-rQnwr0Ow,central-islip-new-york
https://www.ubereats.com/nyc-suburbs/food-delivery/lucky-spice-grill/iEnuwY0zTZaMR3TcEPIpcQ,central-islip-new-york
https://www.ubereats.com/nyc-suburbs/food-delivery/texas-taco/Zj-aFtVnQdCuS7Wb5YWcjg,central-islip-new-york
https://www.ubereats.com/nyc-suburbs/food-delivery/greek-islands-restaurant/PowzYBWpSX-z4YlyhbaJtg,central-islip-new-york
https://www.ubereats.com/nyc-suburbs/food-delivery/taco-bell-174-medford-avenue/FKb7JniOQX2rTiNv1E7HWA,central-islip-new-york
https://www.ubereats.com/nyc-suburbs/food-delivery/starbucks-islip-village/t1foLNsnSNOexyHEU-pY7g,central-islip-new-york
https://www.ubereats.com/nyc-suburbs/food-delivery/burrito-palace-and-grill-ronkonkoma/nyrgktB4QYu1iB0xdRimng,central-islip-new-york
https://www.ubereats.com/nyc-suburbs/food-delivery/pita-%26-pizza/dSF0e9BvSCimX53VpgsqpQ,central-islip-new-york
https://www.ubereats.com/nyc-suburbs/food-delivery/chipotle-mexican-grill-694-motor-pkwy-ste-1/ggsA89smRkOI1xugVhygcA,central-islip-new-york
https://www.ubereats.com/nyc-suburbs/food-delivery/friendlys-553-hawkins-ave/8fZeBFNmQj-Ed2gun15RRg,central-islip-new-york
https://www.ubereats.com/nyc-suburbs/food-delivery/taco-bell-360-portion-road/i5oYps2TR2KocAvXa0hIOA,central-islip-new-york
https://www.ubereats.com/nyc-suburbs/food-delivery/la-glorieta-five-stars-deli/BAcWah2WSFqWqS2BAVkoKQ,central-islip-new-york
https://www.ubereats.com/nyc-suburbs/food-delivery/ajs-gourmet-grilled-cheese-shop/kU2uym5ySqa4TZ5NBllNRA,central-islip-new-york
https://www.ubereats.com/nyc-suburbs/food-delivery/mcdonalds-131-sunrise-hwy-bobs-shopping-center/WNrBXkQtSSCvCxZOCm3V_A,central-islip-new-york
https://www.ubereats.com/nyc-suburbs/food-delivery/jiangs-asian-fusion/LePuhnwBSVmVZsfqFmjT2A,central-islip-new-york
https://www.ubereats.com/nyc-suburbs/food-delivery/peter-pan-diner/WC2P9uXITHi8uyxZrpoD4g,central-islip-new-york
https://www.ubereats.com/nyc-suburbs/food-delivery/friendlys-220-mount-pleasant-rd/7yiOXwvMRDubWTtuuBqWFg,central-islip-new-york
https://www.ubereats.com/nyc-suburbs/food-delivery/carvel-188-howells-rd/P9V5faMKRR6J3gBkEnxy4A,central-islip-new-york
https://www.ubereats.com/nyc-suburbs/food-delivery/taco-el-primo/6kbUyz7KT26OWPWSeb0WVg,central-islip-new-york
https://www.ubereats.com/nyc-suburbs/food-delivery/starbucks-commack-crooked-hill/CXHNX--7Q7GhHOixrjQpfw,central-islip-new-york
https://www.ubereats.com/nyc-suburbs/food-delivery/tropical-smoothie-cafe-mayfair-shopping-center/wyRBp6A_QZOFSAuLZrUSAw,central-islip-new-york
https://www.ubereats.com/nyc-suburbs/food-delivery/nonnas-pizzeria/qdP6CyJ3TNyOezS9xdomiA,central-islip-new-york
https://www.ubereats.com/nyc-suburbs/food-delivery/burger-king-5141-sunrise-highway/Xll9pFqxSlGNlyNNIRBOFw,central-islip-new-york
https://www.ubereats.com/nyc-suburbs/food-delivery/phayathai/fOe5ktpgTfGvROySa2yoRg,central-islip-new-york
https://www.ubereats.com/nyc-suburbs/food-delivery/lake-village-market/P0dKVLLERA-obcjagMykng,central-islip-new-york
https://www.ubereats.com/nyc-suburbs/food-delivery/istanbul-cafe/QF_qmub7SWmUHNROCirVMA,central-islip-new-york
https://www.ubereats.com/nyc-suburbs/food-delivery/wendys-37-wicks-road/oDaMrOXqS5KMPx0kSi-0hA,central-islip-new-york
https://www.ubereats.com/nyc-suburbs/food-delivery/prestano-bakery/vUNSJMdeR3izGmqG0cZkvQ,central-islip-new-york
https://www.ubereats.com/nyc-suburbs/food-delivery/central-american-deli-grocery/hS5WGgJITRu-eDG395-jGQ,central-islip-new-york
https://www.ubereats.com/nyc-suburbs/food-delivery/mcdonalds-3850-veterans-memorial-hwy/do_BO3EyReWGRgne1KpkQg,central-islip-new-york
https://www.ubereats.com/nyc-suburbs/food-delivery/island-jerk-north-babylon/g_-tu3NNQBmi_k4SzXgbnQ,central-islip-new-york
https://www.ubereats.com/nyc-suburbs/food-delivery/jersey-mikes-subs-586-veterans-memorial-hwy/055jV8cLRS-yGYuRpVBk2g,central-islip-new-york
https://www.ubereats.com/nyc-suburbs/food-delivery/sals-deli-and-g/0ysxABvZT2SLPyuY0-URNw,central-islip-new-york
https://www.ubereats.com/nyc-suburbs/food-delivery/koi-kokoro-501-main-street/I45u8dIySFS-n1HduauFrg,central-islip-new-york
https://www.ubereats.com/nyc-suburbs/food-delivery/kabul-halal-grill/3dJjBg1KTJOlO1suJs7jzA,central-islip-new-york
https://www.ubereats.com/nyc-suburbs/food-delivery/subway-1490-5th-ave/I0c9pkNMSI69QwHpfvyR0w,central-islip-new-york
https://www.ubereats.com/nyc-suburbs/food-delivery/golden-bridge-ii-deli/K8dlI4F6SomEFFAk0YwE1Q,central-islip-new-york
https://www.ubereats.com/nyc-suburbs/food-delivery/subway-1913-brentwood-rd/2EJmkfCbRXSOWIyUR-WW0Q,central-islip-new-york
https://www.ubereats.com/nyc-suburbs/food-delivery/dunkin-3309-sunrise-hwy/6X8hyHg9TEiUK2znwjyNwQ,central-islip-new-york
https://www.ubereats.com/nyc-suburbs/food-delivery/bagel-patch/FdJUYWOkQPOtxdZrPu2qag,central-islip-new-york
https://www.ubereats.com/nyc-suburbs/food-delivery/burger-king-1300-deer-park-avenue/_ppJLPslTsybugYc-hBx-A,central-islip-new-york
https://www.ubereats.com/nyc-suburbs/food-delivery/willies-delight/07AeAEZSQUC0mH4xNlWXAQ,central-islip-new-york
https://www.ubereats.com/nyc-suburbs/food-delivery/cabo-fresh-mexican-grill-stony-brook/7D5Cp2JjT3qP2PeSTLz2Bw,central-islip-new-york
https://www.ubereats.com/nyc-suburbs/food-delivery/andersens-smokehouse-%26-grill/vruHY-PGQ5O1o9zc_NH7lA,central-islip-new-york
https://www.ubereats.com/nyc-suburbs/food-delivery/outback-steakhouse-216-jericho-turnpike/liXhTJATTFuSnAhMP6kSxA,central-islip-new-york
https://www.ubereats.com/nyc-suburbs/food-delivery/chop-shop-bar-%26-grill/yzvhGk93TjKta-X4tnnL2g,central-islip-new-york
https://www.ubereats.com/nyc-suburbs/food-delivery/southside/_oYGTN1sQby7gYIXx3I69w,central-islip-new-york
https://www.ubereats.com/nyc-suburbs/food-delivery/dunkin-1694-islip-ave/29r8COyzSISyPdgs7-z5pw,central-islip-new-york
https://www.ubereats.com/nyc-suburbs/food-delivery/la-cabana-restaurant/8ou4BwVZTpSnYqwAiaQwKg,central-islip-new-york
https://www.ubereats.com/nyc-suburbs/food-delivery/215-applebees-patchogue/OCTxJXUxQbyKwDeqBlntiQ,central-islip-new-york
https://www.ubereats.com/nyc-suburbs/food-delivery/vinardos-pizza-suffolk/-rvbewwHSaacJXpp-RIx9Q,central-islip-new-york
https://www.ubereats.com/nyc-suburbs/food-delivery/manninos-italian-kitchen-and-lounge/jez-TX9zTEKoZ5l-x60urA,central-islip-new-york
https://www.ubereats.com/nyc-suburbs/food-delivery/la-famiglia-smithtown/YVL0-3OrR5mLtstEaDNKuQ,central-islip-new-york
https://www.ubereats.com/nyc-suburbs/food-delivery/morellis-pizza-%26-gyro/Q_-dyH3MT861Or9TkoaE4Q,central-islip-new-york
https://www.ubereats.com/nyc-suburbs/food-delivery/kabul-halal-grill/4ftfNZOWTSmdhmuTf8y87w,central-islip-new-york
https://www.ubereats.com/nyc-suburbs/food-delivery/yo-go-wild-creperie/qLpM1mAtTi-ZWHlUw-HgPw,central-islip-new-york
https://www.ubereats.com/nyc-suburbs/food-delivery/season-kitchen/Wq0-ktC0QQ2dBVblN74SGQ,central-islip-new-york
https://www.ubereats.com/nyc-suburbs/food-delivery/local-burger-co-patchogue/HPvCj0LaR12nmX012BgKng,central-islip-new-york
https://www.ubereats.com/nyc-suburbs/food-delivery/bagel-gallery/5112j3-9S2GEprWWlh9SMQ,central-islip-new-york
https://www.ubereats.com/nyc-suburbs/food-delivery/rudy-ts-breakfast-lunch-and-bakery/IRAVz2q3SyikHaa-1AsYUw,central-islip-new-york
https://www.ubereats.com/nyc-suburbs/food-delivery/taj-tandoor/bgImilHQTWm7tHSYpZoc1w,central-islip-new-york
https://www.ubereats.com/nyc-suburbs/food-delivery/coyles-homemade-ice-cream/TcdPvsKoSFi1vX1HeJeqHA,central-islip-new-york
https://www.ubereats.com/nyc-suburbs/food-delivery/aegean-cafe/0pp-_sEPTZi9sJ1p0uPsbQ,central-islip-new-york
https://www.ubereats.com/nyc-suburbs/food-delivery/new-fook-fung-chinese-food/ultyQ4HmTwa9Ec8KZzNNuA,central-islip-new-york
https://www.ubereats.com/nyc-suburbs/food-delivery/everyday-bagel/bk3WZ_AqT6a56WfqCIngsg,central-islip-new-york
https://www.ubereats.com/nyc-suburbs/food-delivery/local-burger-co-bayshore/1ne_YsmUTGWjaJMHwmxpEQ,central-islip-new-york
https://www.ubereats.com/nyc-suburbs/food-delivery/alpine-pastry-shoppe/0xpg5g7ETr24cTf7las4qw,central-islip-new-york
https://www.ubereats.com/nyc-suburbs/food-delivery/la-tavola-trattoria/rb8jY__JQGaN9G9eBvtU_Q,central-islip-new-york
https://www.ubereats.com/nyc-suburbs/food-delivery/hurricane-grill-%26-wings-hauppauge/wJsHXy1XSdWCZvqYiMlNvw,central-islip-new-york
https://www.ubereats.com/nyc-suburbs/food-delivery/jersey-mikes-6224-jericho-turnpike/oWXOygsGR4qZDY5A0qAvgg,central-islip-new-york
https://www.ubereats.com/nyc-suburbs/food-delivery/viva-la-vida/eccBU2asQbO5BKJx93WBcg,central-islip-new-york
https://www.ubereats.com/nyc-suburbs/food-delivery/papa-johns-brentwood/fkqwlsfARk-bW1l1RXxRZQ,central-islip-new-york
https://www.ubereats.com/nyc-suburbs/food-delivery/tropical-smoothie-cafe-deer-park/kKYzkc-ZSnqV6a7BLiWFHA,central-islip-new-york
https://www.ubereats.com/nyc-suburbs/food-delivery/el-apretador-2-carleton-ave/eN8xJ-LtTx27_FcJfVqKDg,central-islip-new-york
https://www.ubereats.com/nyc-suburbs/food-delivery/blimpie-160-adams-ave/aTGodjQyRLCDF0NEJyTu6A,central-islip-new-york
https://www.ubereats.com/nyc-suburbs/food-delivery/lucky-kitchen/-9TaHNU-TeOXfydUVWsZZQ,central-islip-new-york
https://www.ubereats.com/nyc-suburbs/food-delivery/sobol-sayville/MrnJpjErQuOqNA2a5TTd9w,central-islip-new-york
https://www.ubereats.com/nyc-suburbs/food-delivery/angianas-ice-cream/RIoWxpi1TJC2WZKRloHBHg,central-islip-new-york
https://www.ubereats.com/nyc-suburbs/food-delivery/crystal-garden/VbYITsUKRl6entA49WaUVg,central-islip-new-york
https://www.ubereats.com/nyc-suburbs/food-delivery/111-deli/dsklPVHMR6KuTR25vYh6hw,central-islip-new-york
https://www.ubereats.com/nyc-suburbs/food-delivery/wendys-350a-motor-parkway/-Ld2UPs_TSubGzEr0gaaSQ,central-islip-new-york
https://www.ubereats.com/nyc-suburbs/food-delivery/burger-king-942-w-jericho-tpke/KIO_GewJQlWDgByQg4FoLw,central-islip-new-york
https://www.ubereats.com/nyc-suburbs/food-delivery/pizza-network/LCzEVK2ESp-TuDX4wb5-Qg,central-islip-new-york
https://www.ubereats.com/nyc-suburbs/food-delivery/cafe-europa-pizzeria-%26-restaurant/T5RdXZw6QlS3LgdoxY139A,central-islip-new-york
https://www.ubereats.com/nyc-suburbs/food-delivery/jackson-hall-american-bar-%26-grille/iuMLYDxKRU6T0SS3gsPwBA,central-islip-new-york
https://www.ubereats.com/nyc-suburbs/food-delivery/fountain-cafe/AP2_AUXaQ4eBybLePcHbGw,central-islip-new-york
https://www.ubereats.com/nyc-suburbs/food-delivery/dunkin-24-28-lowell-ave/E4FPr7qdTSu0uuZdYpNtAA,central-islip-new-york
https://www.ubereats.com/nyc-suburbs/food-delivery/napper-tandys-bay-shore/zgLpTGDdRHi6BwIakXYHDg,central-islip-new-york
https://www.ubereats.com/nyc-suburbs/food-delivery/dunkin-560-smithtown-byp/6MdOB2orSnC_UfuGncI1Dg,central-islip-new-york
https://www.ubereats.com/nyc-suburbs/food-delivery/chipotle-mexican-grill-4000-jericho-tpke/QbBkVz2CQ6qPxkelqEJPUA,central-islip-new-york
https://www.ubereats.com/nyc-suburbs/food-delivery/starbucks-nesconset-smithtown-blvd/rAG75vlZRYGnNZKBmBScKg,central-islip-new-york
https://www.ubereats.com/nyc-suburbs/food-delivery/tropical-smoothie-cafe-bay-shore-commons/5M5mwKHJRpqf3ZYDHqhwPw,central-islip-new-york
https://www.ubereats.com/nyc-suburbs/food-delivery/205-applebees-east-islip/QUYTEUpJTKKNyZQAYGMCZQ,central-islip-new-york
https://www.ubereats.com/nyc-suburbs/food-delivery/hometown-cafe/O_tCadDfR7CX_uBw1g5QHQ,central-islip-new-york
https://www.ubereats.com/nyc-suburbs/food-delivery/tropical-smoothie-cafe-village-commons-shopping-center/zNh9JhU0S8-bWjqE67WZQw,central-islip-new-york
https://www.ubereats.com/nyc-suburbs/food-delivery/millers-ale-house-commack/ly4MpCyFSwu2aHGT3yohDQ,central-islip-new-york
https://www.ubereats.com/nyc-suburbs/food-delivery/richies-pizza/W1CHz8I_QpiP9JQUHgSrVw,central-islip-new-york
https://www.ubereats.com/nyc-suburbs/food-delivery/tgi-fridays-77-bayshore-ny/_hAJF-1OSECvI7rmz_zvkQ,central-islip-new-york
https://www.ubereats.com/nyc-suburbs/food-delivery/first-class-bagels-deer-park/qBp6BawHTrmXGUxafq0T8g,central-islip-new-york
https://www.ubereats.com/nyc-suburbs/food-delivery/mamey-mexican-taqueria/AxqlAIegRyuFDnLXdhDBbg,central-islip-new-york
https://www.ubereats.com/nyc-suburbs/food-delivery/central-pizza-%26-italian-restaurant/3WqCJBr5QXyFVVKblu74YQ,central-islip-new-york
https://www.ubereats.com/nyc-suburbs/food-delivery/papa-johns-1840-deer-park-ave/LUpzaS9oT6Cqqxx6OtNjHg,central-islip-new-york
https://www.ubereats.com/nyc-suburbs/food-delivery/boston-market-2170-jericho-turnpike/KJVQoP1aR0KORpbXWOkM4A,central-islip-new-york
https://www.ubereats.com/nyc-suburbs/food-delivery/sushi-express/10XtzrkdRYyl-dlwcMyIjA,central-islip-new-york
https://www.ubereats.com/nyc-suburbs/food-delivery/millennium-diner/Ou3oPwMfTY2grNeFC1fTsQ,central-islip-new-york
https://www.ubereats.com/nyc-suburbs/food-delivery/prato-850/YWaYeJe5QOCUqRaZ3lSKdg,central-islip-new-york
https://www.ubereats.com/nyc-suburbs/food-delivery/penny-pub/HZNJoI7dRT-uih9Lkbr1aw,central-islip-new-york
https://www.ubereats.com/nyc-suburbs/food-delivery/tullulahs/2enCchOxTduZLKj5VwPl1g,central-islip-new-york
https://www.ubereats.com/nyc-suburbs/food-delivery/the-bayside-clam-bar-and-grill/iCYNWqo2Qf2EqQx40CO5Vg,central-islip-new-york
https://www.ubereats.com/nyc-suburbs/food-delivery/papa-johns-pizza-411-furrows-rd-ste-1/OkFq4S5pRgeya9AtrFArlQ,central-islip-new-york
https://www.ubereats.com/nyc-suburbs/food-delivery/crazy-bowls-acai-bowls-%26-more/_VtnYQXURFW16ell3bY6Dw,central-islip-new-york
https://www.ubereats.com/nyc-suburbs/food-delivery/wendys-106-portion-road/GOm0CDUDSOiheU1swgADJg,central-islip-new-york
https://www.ubereats.com/nyc-suburbs/food-delivery/forum-diner/hw_cn5wlREeVeYpZ5Zm-gw,central-islip-new-york
https://www.ubereats.com/nyc-suburbs/food-delivery/salad-buzz/ViTqHQ1-THmO0_jgZ0KXNg,central-islip-new-york
https://www.ubereats.com/nyc-suburbs/food-delivery/red-lobster-1700-the-arches-circle/OfB4eAOrQMqTJ_Ip7QWU6w,central-islip-new-york
https://www.ubereats.com/nyc-suburbs/food-delivery/crazy-crepe-cafe-smithtown/D0Lp_1nrR1ChScp2JNc4FA,central-islip-new-york
https://www.ubereats.com/nyc-suburbs/food-delivery/kabab-platter-and-burger/_MxZhhrLSnmRyVc1hpSUSg,central-islip-new-york
https://www.ubereats.com/nyc-suburbs/food-delivery/mcdonalds-13-w-suffolk-ave/D-mJqdazQgCvx3Ya9cmoLg,central-islip-new-york
https://www.ubereats.com/nyc-suburbs/food-delivery/f%E2%80%A2a%E2%80%A2n-chinese-cuisine-%E9%A5%AD/rH4b6LhJQPedu6M8fVchFw,central-islip-new-york
https://www.ubereats.com/nyc-suburbs/food-delivery/dunkin-235-w-main-st/dES2hGGSRuyi2_FWnYv1ZQ,central-islip-new-york
https://www.ubereats.com/nyc-suburbs/food-delivery/slices-and-ices/xvxrybHURoGwYKBQRAVqtw,central-islip-new-york
https://www.ubereats.com/nyc-suburbs/food-delivery/tango-argentinian-steakhouse/yaEOu8sYScG_KziwWAH0Bw,central-islip-new-york
https://www.ubereats.com/nyc-suburbs/food-delivery/kfc-bay-shore/KKNoFO4eSPiAqttMiH45yw,central-islip-new-york
https://www.ubereats.com/nyc-suburbs/food-delivery/checkers-7-w-suffolk-ave/HE94f632QsSWm5zjC7bCQg,central-islip-new-york
https://www.ubereats.com/nyc-suburbs/food-delivery/one-bite-jamaican-restaurant-%26-bakery/oZUszMqqQN-EbrN1B2p5Kg,central-islip-new-york
https://www.ubereats.com/nyc-suburbs/food-delivery/yong-wang-kitchen/tl0cw2YCT_axBHva_Zh4vg,central-islip-new-york
https://www.ubereats.com/nyc-suburbs/food-delivery/subway-30-n-research-place/Tp_200CwT_iwT5MEw7uK_A,central-islip-new-york
https://www.ubereats.com/nyc-suburbs/food-delivery/wendys-460-sunrise-highway/sjewrLbUSZ-mAjsfQSf3PA,central-islip-new-york
https://www.ubereats.com/nyc-suburbs/food-delivery/joes-pizza-%26-pasta/Ps-O9aAxRq2tAOV-K5nO_g,central-islip-new-york
https://www.ubereats.com/nyc-suburbs/food-delivery/friendlys-2151-jericho-turnpike/Lst52v7VRZi6MmMwslLs1w,central-islip-new-york
https://www.ubereats.com/nyc-suburbs/food-delivery/ohayo-japanese-cuisine/p5zB0VN1TdOAuDMNnMtB2g,central-islip-new-york
https://www.ubereats.com/nyc-suburbs/food-delivery/mackies/4_uNgPmQS-uN67RshgWvcQ,central-islip-new-york
https://www.ubereats.com/nyc-suburbs/food-delivery/chiddys-cheesesteaks/6xr4nyhWTbWgkulAfQ-Lkw,central-islip-new-york
https://www.ubereats.com/nyc-suburbs/food-delivery/wendys-2180-jericho-turnpike/vTVTzXMgTHWWUvi3dqyaAw,central-islip-new-york
https://www.ubereats.com/nyc-suburbs/food-delivery/empanadas-%26-more/7S2X8RXdTLqUEOXAAJ9Idw,central-islip-new-york
https://www.ubereats.com/nyc-suburbs/food-delivery/mcdonalds-2-vanderbilt-pkwy/uw8ynDR5TsOlD2f_tZ1TJw,central-islip-new-york
https://www.ubereats.com/nyc-suburbs/food-delivery/patrizias-of-long-island-hauppauge/-RSx_1RhRV2et9zpYZFGJQ,central-islip-new-york
https://www.ubereats.com/nyc-suburbs/food-delivery/sobol-patchogue/9wwEY0e_SDKBsaWBv91TRg,central-islip-new-york
https://www.ubereats.com/nyc-suburbs/food-delivery/fans-dim-sum-palace/EtmTzZqMR5aJ2qLocyN9JQ,central-islip-new-york
https://www.ubereats.com/nyc-suburbs/food-delivery/buffalos-cafe-hauppauge/AN5AK7w_RPesfnvmZdv_7g,central-islip-new-york
https://www.ubereats.com/nyc-suburbs/food-delivery/subway-694-motor-parkway/DFdnPJI8Q5eXFvLN8mwvcg,central-islip-new-york
https://www.ubereats.com/nyc-suburbs/food-delivery/paradise-diner/NFAGtOPdTEiSTJlTnudaWw,central-islip-new-york
https://www.ubereats.com/nyc-suburbs/food-delivery/carvel-1163-deer-park-ave/zu698Oy9T8qqkc0u8gTUsA,central-islip-new-york
https://www.ubereats.com/nyc-suburbs/food-delivery/quick-stop-deli-%26-catering/dhc9c7J9QfGf0fBwldza1g,central-islip-new-york
https://www.ubereats.com/nyc-suburbs/food-delivery/millers-ale-house-lake-grove/_dfObaRMRkO_F5b80AvMYQ,central-islip-new-york
https://www.ubereats.com/nyc-suburbs/food-delivery/mayras-bakery/pqGaAybfRwWrUndQPi-nmw,central-islip-new-york
https://www.ubereats.com/nyc-suburbs/food-delivery/bagel-express-sayville/c_pjhxEbSBSs7yJFglIhZw,central-islip-new-york
https://www.ubereats.com/nyc-suburbs/food-delivery/sobol-ronkonkoma/G2s3y20WRHOT9aJv9RnsfQ,central-islip-new-york
https://www.ubereats.com/nyc-suburbs/food-delivery/h2o-seafood-%26-sushi-east-islip/K9aRdNmKSZa_R5KCcJZB9Q,central-islip-new-york
https://www.ubereats.com/nyc-suburbs/food-delivery/fatfish-wine-bar-%26-bistro/j5SoQU8JQBG9flJ7lGpJGw,central-islip-new-york
https://www.ubereats.com/nyc-suburbs/food-delivery/bt-express-deli-%26-cafe/AdF5D9IkRp-LDu4IJsau-A,central-islip-new-york
https://www.ubereats.com/nyc-suburbs/food-delivery/dunkin-665-middle-country-rd/AlxZwHxHT6uyoTv-9crntg,central-islip-new-york
https://www.ubereats.com/nyc-suburbs/food-delivery/harbor-q-smokehouse-lake-ronkonkoma-do-not-enable-food-safety/b2K0RtoNRTujSuY4av9PuQ,central-islip-new-york
https://www.ubereats.com/nyc-suburbs/food-delivery/wing-shun-kitchen-%E6%B0%B8%E8%83%9C/uJqbWmiUS_OUuZEW-AewjQ,central-islip-new-york
https://www.ubereats.com/nyc-suburbs/food-delivery/toxic-wings-commack/12ymK8pmSOC9F0p9UzoEWw,central-islip-new-york
https://www.ubereats.com/nyc-suburbs/food-delivery/holbrook-market-place-and-delicatessen/dagG8CvRQSKGIKyCfhofSA,central-islip-new-york
https://www.ubereats.com/nyc-suburbs/food-delivery/oriental-sushi/tqWIJLCaRMytWrGAPaW2kw,central-islip-new-york
https://www.ubereats.com/nyc-suburbs/food-delivery/migueleno/A5dbfB7MRC67OhgfcriwLw,central-islip-new-york
https://www.ubereats.com/nyc-suburbs/food-delivery/lulus-lobster/Za_C_lKGR22094BsWGm2Jg,central-islip-new-york
https://www.ubereats.com/nyc-suburbs/food-delivery/206-applebees-farmingville/F3vmjvF0Rl6MHYfJs4OiwQ,central-islip-new-york
https://www.ubereats.com/nyc-suburbs/food-delivery/anthonys-coal-fired-pizza-bohemia/F16stqf_TyeRaynXQtH27Q,central-islip-new-york
https://www.ubereats.com/nyc-suburbs/food-delivery/island-empanada/pLpaYXyXTpm4nyXu87fhAg,central-islip-new-york
https://www.ubereats.com/nyc-suburbs/food-delivery/tgi-fridays-782-hauppauge-ny/IhVuJBNBRkG_KQfvyb1tMA,central-islip-new-york
https://www.ubereats.com/nyc-suburbs/food-delivery/halal-deshi-grocery-market/JczrMla7SZ-Mbc4wGRFMFg,central-islip-new-york
https://www.ubereats.com/nyc-suburbs/food-delivery/subway-585-montauk-hwy/H7zqUC7FSjKRfeIaiGAY9g,central-islip-new-york
https://www.ubereats.com/nyc-suburbs/food-delivery/mcdonalds-1484-5th-ave/R4H9dX8iRRGRjAEe9xAOuA,central-islip-new-york
https://www.ubereats.com/nyc-suburbs/food-delivery/subway-876-connequot-ave/SeC2qWp0To6Fv7la-xXiOQ,central-islip-new-york
https://www.ubereats.com/nyc-suburbs/food-delivery/paradise-caribbean-restaurant-west-babylon/sG8IA5jSSxaCTrCM1iCE5A,central-islip-new-york
https://www.ubereats.com/nyc-suburbs/food-delivery/mcdonalds-762-suffolk-ave/dU_fgKz7T0yEmp14YXRlUg,central-islip-new-york
https://www.ubereats.com/nyc-suburbs/food-delivery/nazs-halal-food-1171-deer-park-ave/BHad6_lGS9SU8PjrbtaFpQ,central-islip-new-york
https://www.ubereats.com/nyc-suburbs/food-delivery/waffle-shack/Yq107f8FS8mHxjY-LzQNSg,central-islip-new-york
https://www.ubereats.com/nyc-suburbs/food-delivery/dunkin-90-railroad-ave/nDvECC_lQ7Wcw8okTjmQYw,central-islip-new-york
https://www.ubereats.com/nyc-suburbs/food-delivery/dunkin-20-vanderbilt-pkwy/_7PKPOpfS0-qIWgsxtSmTA,central-islip-new-york
https://www.ubereats.com/nyc-suburbs/food-delivery/pizzarev-1088-the-arches-circle/ZB2VpvJnT7Cct4_f2PtZNg,central-islip-new-york
https://www.ubereats.com/nyc-suburbs/food-delivery/subway-1066-motor-parkway/ejVF5LKDQZGBdkUtippVjw,central-islip-new-york
https://www.ubereats.com/nyc-suburbs/food-delivery/kfc-central-islip/2UvaD7HKTkm53elQOuz-jg,central-islip-new-york
https://www.ubereats.com/nyc-suburbs/food-delivery/cabo-fresh-smithtown/cgLvf6aBQ92yb-ygPDaLSw,central-islip-new-york
https://www.ubereats.com/nyc-suburbs/food-delivery/sammy-a-vegan-boy/0XOxNiVhSqC-dKXbOPIBQQ,central-islip-new-york
https://www.ubereats.com/nyc-suburbs/food-delivery/botticelli-foods/jfLiHBslST6eHzoUIWBzsQ,central-islip-new-york
https://www.ubereats.com/nyc-suburbs/food-delivery/la-slice-pizzeria/XFOD4kZRSK2pV1US1jaxgA,central-islip-new-york
https://www.ubereats.com/nyc-suburbs/food-delivery/dunkin-4541-sunrise-hwy/f44moh_OR4aLyLMZ9ZbRnA,central-islip-new-york
https://www.ubereats.com/nyc-suburbs/food-delivery/mcdonalds-174-portion-rd/zbOgiLfzQHqo7Hd1pZ9SnQ,central-islip-new-york
https://www.ubereats.com/nyc-suburbs/food-delivery/husk-and-vine-kitchen-and-cocktails/XvtRQc6bSpy0o3Qg-Thktw,central-islip-new-york
https://www.ubereats.com/nyc-suburbs/food-delivery/burger-king-121-west-suffolk-avenue/EBcMxxWcSfOCd6ZpM61xtA,central-islip-new-york
https://www.ubereats.com/nyc-suburbs/food-delivery/thee-spot-pizza-%26-grill/z9J67QDYSb2uEWQwRCy9iw,central-islip-new-york
https://www.ubereats.com/nyc-suburbs/food-delivery/checkers-258-portion-rd/A80LQ9RgRbGqbLQJ8kIiqQ,central-islip-new-york
https://www.ubereats.com/nyc-suburbs/food-delivery/cassano-restaurant/zqSNzUbBRFegPqCI2OHOOQ,central-islip-new-york
https://www.ubereats.com/nyc-suburbs/food-delivery/taco-bell-3048-jericho-tpke/AGnoyVk1SZi544SS3_FCmQ,central-islip-new-york
https://www.ubereats.com/nyc-suburbs/food-delivery/galanga/VGOzb4dUSLuqPaC1vczLJg,central-islip-new-york
https://www.ubereats.com/nyc-suburbs/food-delivery/mamis-cuisine/keAFCGT7RbqCMV5YlIqilQ,central-islip-new-york
https://www.ubereats.com/nyc-suburbs/food-delivery/kb-deli/OyfyGmofRmexvuHKFtD6bw,central-islip-new-york
https://www.ubereats.com/nyc-suburbs/food-delivery/buffalo-wild-wings-1701-sunrise-hwy/b7CqX-nnTriZ5Dlei55b3g,central-islip-new-york
https://www.ubereats.com/nyc-suburbs/food-delivery/bagel-hero/qiNHS5olSFCeAz9MlvHQ0w,central-islip-new-york
https://www.ubereats.com/nyc-suburbs/food-delivery/mcdonalds-517-ny-rt-111/F9vzwmuCRVmZJNfOI0R2WQ,central-islip-new-york
https://www.ubereats.com/nyc-suburbs/food-delivery/raan-thai/qxJFN_NQTYKsULbkTd_6QQ,central-islip-new-york
https://www.ubereats.com/nyc-suburbs/food-delivery/tgi-fridays-326-farmingville-ny/xpIm9cqeQD6TVg-Qa2aeUw,central-islip-new-york
https://www.ubereats.com/nyc-suburbs/food-delivery/meltology-grilled-cheese/57Gp9rwuQ2q8tf-GTnermQ,central-islip-new-york
https://www.ubereats.com/nyc-suburbs/food-delivery/holbrook-diner/7hvVmKc4QhuobMi_fhhJhw,central-islip-new-york
https://www.ubereats.com/nyc-suburbs/food-delivery/dunkin-501-commack-rd/PCdMoZUJQMehdBLb_OrOEg,central-islip-new-york
https://www.ubereats.com/nyc-suburbs/food-delivery/ita-kitchen/r0GEW5Z1QhqQG2_vr26RVA,central-islip-new-york
https://www.ubereats.com/nyc-suburbs/food-delivery/dunkin-115-veterans-highway/zeaJFsa8QOC8r59SGX4Zug,central-islip-new-york
https://www.ubereats.com/nyc-suburbs/food-delivery/sals-of-smithtown-pizza/8LekpvJlQHKyPZgdhsUFkA,central-islip-new-york
https://www.ubereats.com/nyc-suburbs/food-delivery/vinnies-mulberry-street-pizzeria/v0-Hk9FyRhqjtrKphYMdWQ,central-islip-new-york
https://www.ubereats.com/nyc-suburbs/food-delivery/rizzos/GkytzCXGRwOLsyo4zCxyzg,central-islip-new-york
https://www.ubereats.com/nyc-suburbs/food-delivery/stuff-a-bagel/SYSlDJvzTwKDna_fGb4cHA,central-islip-new-york
https://www.ubereats.com/nyc-suburbs/food-delivery/margaritas-cafe-smithtown/zyRM79EbSxSkxjhap7crxw,central-islip-new-york
https://www.ubereats.com/nyc-suburbs/food-delivery/katies-foodtruck/simfxtRzQCecwAV5kmyHTg,central-islip-new-york
https://www.ubereats.com/nyc-suburbs/food-delivery/jersey-mikes-subs-869-montauk-hwy/BnbOQ2vwSc-Tbt7df4farw,central-islip-new-york
https://www.ubereats.com/nyc-suburbs/food-delivery/hops-scotch-bottle-shop/_H7O5O4WQF2Lq_mfZTRCKw,central-islip-new-york
https://www.ubereats.com/nyc-suburbs/food-delivery/premier-diner/__mJpEj3QT2ck3eod2yfSA,central-islip-new-york
https://www.ubereats.com/nyc-suburbs/food-delivery/pollo-campero-bayshore-fifth-ave/5NP5-mLIRciphEuNu5IoJw,central-islip-new-york
https://www.ubereats.com/nyc-suburbs/food-delivery/lorenzos-pizza-st-james/f1eoMlykS0qV0LKSufywDA,central-islip-new-york
https://www.ubereats.com/nyc-suburbs/food-delivery/san-francisco-deli/W4VQGHXYTjuc9hZ3-REJWw,central-islip-new-york
https://www.ubereats.com/nyc-suburbs/food-delivery/texas-de-brazil-long-island/FbSx471jQvehqCd2IKchzA,central-islip-new-york
https://www.ubereats.com/nyc-suburbs/food-delivery/our-little-italy/ej12RVcIQHuMdSwZAoEW4g,central-islip-new-york
https://www.ubereats.com/nyc-suburbs/food-delivery/tacos-guacamola/K5e8HCezQ6KTJVJC0shzmQ,central-islip-new-york
https://www.ubereats.com/nyc-suburbs/food-delivery/sobol-hauppauge/T7KAa3ljQ6OV0SI04a-4Ag,central-islip-new-york
https://www.ubereats.com/nyc-suburbs/food-delivery/dunkin-1966-veterans-memorial-hwy/XIClH9PQRba8SIryICsy2Q,central-islip-new-york
https://www.ubereats.com/nyc-suburbs/food-delivery/long-island-bagel-cafe-nesconset-bagel-cafe/pQ1iBcbnTrKkubaDVTx-Bw,central-islip-new-york
https://www.ubereats.com/nyc-suburbs/food-delivery/nazs-halal-food-to-go-325-washington-ave/CRvirijJQHezFnIYs_x6Pg,central-islip-new-york
https://www.ubereats.com/nyc-suburbs/food-delivery/subway-3460-veterans-memorial-hwy/B9YUNh49RZ20E67spdoolg,central-islip-new-york
https://www.ubereats.com/nyc-suburbs/food-delivery/parkways-famous-grilled-chicken/1KIsDMUDTJKrlJaA3JPqUA,central-islip-new-york
https://www.ubereats.com/nyc-suburbs/food-delivery/cafe-timboo/k8M1Wj8VQPelPeMr5aF99g,central-islip-new-york
https://www.ubereats.com/nyc-suburbs/food-delivery/mango-tango-asian-fusion/xn-XkFveScysLXHUFRlN3w,central-islip-new-york
https://www.ubereats.com/nyc-suburbs/food-delivery/jj-dynasty/DD6fAbBxQPqbY6HVNL0PnA,central-islip-new-york
https://www.ubereats.com/nyc-suburbs/food-delivery/sobol-islip/az8-5tPqQIeamykQYU2NyQ,central-islip-new-york
https://www.ubereats.com/nyc-suburbs/food-delivery/smokey-bones-ronkonkoma/T6Khoxd7RtyB7sTCNXYlkw,central-islip-new-york
https://www.ubereats.com/nyc-suburbs/food-delivery/pollos-mario-brentwood/UwPkhnGxR4K1Xz4R1OeX8g,central-islip-new-york
https://www.ubereats.com/nyc-suburbs/food-delivery/monsoon/CuzzskgtQriOtECTZmvcRg,central-islip-new-york
https://www.ubereats.com/nyc-suburbs/food-delivery/tenampa/P7l89VOxSf-rafnW5RQNNQ,central-islip-new-york
https://www.ubereats.com/nyc-suburbs/food-delivery/haagen-dazs-1701-sunrise-hgwy-space-%239118/0Dnnz-KQQOaH3Ie5eVEdLg,central-islip-new-york
https://www.ubereats.com/nyc-suburbs/food-delivery/carvel-501-veterans-memorial-highway/ceK6e-VUQZWrXJGzxJp0cQ,central-islip-new-york
https://www.ubereats.com/nyc-suburbs/food-delivery/subway-1714-veterans-memorial-hwy/XfBscNsNTQmrU-TaFvFsOw,central-islip-new-york
https://www.ubereats.com/nyc-suburbs/food-delivery/coastal-kitchen-%26-daiquiri-bar/eZQx_VBfTQ-NM6KyJ25-9w,central-islip-new-york
https://www.ubereats.com/nyc-suburbs/food-delivery/hau-po-chinese-kitchen/DDA9YTOzReWPxDLo5n5omQ,central-islip-new-york
https://www.ubereats.com/nyc-suburbs/food-delivery/bacon-you-crazy/HcAGHnOSSxC3F9sSiq0vww,central-islip-new-york
https://www.ubereats.com/nyc-suburbs/food-delivery/meltology-grilled-cheese/2MVVKQ9uQvi7nijUolfy3Q,central-islip-new-york
https://www.ubereats.com/nyc-suburbs/food-delivery/pollo-sabroson/PclkXsbxT0e0T2aSlp2zfQ,central-islip-new-york
https://www.ubereats.com/nyc-suburbs/food-delivery/dunkin-4560-express-dr-s/MkOhWQlTTYenGhimcFkwKA,central-islip-new-york
https://www.ubereats.com/nyc-suburbs/food-delivery/subway-410-wheeler-rd/T1FnH7moSD6DST79Qbx2JA,central-islip-new-york
https://www.ubereats.com/nyc-suburbs/food-delivery/stuff-a-bagel-montauk-hwy/Ok8LlQQaT5uZxVVyRsSxPQ,central-islip-new-york
https://www.ubereats.com/nyc-suburbs/food-delivery/athenian-greek-taverna/gUJAY565Tj-K2Hov6NhsGA,central-islip-new-york
https://www.ubereats.com/nyc-suburbs/food-delivery/momos-too-sports-bar-%26-grill/gUQm1xrdRJeESLBNqIwYHg,central-islip-new-york
https://www.ubereats.com/nyc-suburbs/food-delivery/little-caesars-central-islip-70-w-suffolk-ave/K7yYG5maQ8WktPgtBsDGiA,central-islip-new-york
https://www.ubereats.com/nyc-suburbs/food-delivery/207-applebees-lake-grove/Hrv5qLpsQ0q0OhzUmfIBbQ,central-islip-new-york
https://www.ubereats.com/nyc-suburbs/food-delivery/the-greene-turtle-smithtown/eQlnLyD4RV6li8pvHeE_XQ,central-islip-new-york
https://www.ubereats.com/nyc-suburbs/food-delivery/bagel-boss-east/tlf1yXI_T_qDkCItesr-ZA,central-islip-new-york
https://www.ubereats.com/nyc-suburbs/food-delivery/panicos-community-market/a003bUYrTTmnqQD8UvhS6A,central-islip-new-york
https://www.ubereats.com/nyc-suburbs/food-delivery/alfredos-pizza/JEwhucBVRJ-qhjwEgiI_VA,central-islip-new-york
https://www.ubereats.com/nyc-suburbs/food-delivery/royal-pizza/7YJQI1taTB2MDYv7Wi423w,central-islip-new-york
https://www.ubereats.com/nyc-suburbs/food-delivery/long-island-beach-bowl-acai-cafe/4np9LtKpQZycbudsx0dtaA,central-islip-new-york
https://www.ubereats.com/nyc-suburbs/food-delivery/checkers-1825-brentwood-rd/xRM7e5KcTIqO_NKJxM6bnA,central-islip-new-york
