url,city
https://www.ubereats.com/chattanooga/food-delivery/burger-king-6236-lee-hwy-perimeter-place/Y4w4bSMnRFi2B1Zo9-6mZQ,chattanooga
https://www.ubereats.com/chattanooga/food-delivery/hooters-5912-brainerd-rd/d5Vc5l2MSBikozsXRIsY8g,chattanooga
https://www.ubereats.com/chattanooga/food-delivery/five-guys-tn-0245-2020-gunbarrel-rd/Ez8hM1eRQF2xCd0p_x0P2w,chattanooga
https://www.ubereats.com/chattanooga/food-delivery/red-robin-710-2100-hamilton-pl-blvd-suite-317/_M5pfmJ7R2Kq-z6Mej8Wrg,chattanooga
https://www.ubereats.com/chattanooga/food-delivery/hana-steak-and-sushi/p9MmelYLRkmH5RmTJlOlcw,chattanooga
https://www.ubereats.com/chattanooga/food-delivery/the-bitter-alibi/ZoZ8rVcgRQqkhSFL3RYxDw,chattanooga
https://www.ubereats.com/chattanooga/food-delivery/beef-obradys/DKbg-eujQKy5auEs6H2mQA,chattanooga
https://www.ubereats.com/chattanooga/food-delivery/bites/9LVQxNFET6qzY3Xh5ULQhQ,chattanooga
https://www.ubereats.com/chattanooga/food-delivery/arbys-5025/p3FCwlVxQ-GYKlvxHsOL3g,chattanooga
https://www.ubereats.com/chattanooga/food-delivery/the-meeting-house/c4BH_-U_QA6D-7D4JtWs3g,chattanooga
https://www.ubereats.com/chattanooga/food-delivery/pucketts-grocery-%26-restaurant/a5MtEZ3pQTCZbb96GyGMbw,chattanooga
https://www.ubereats.com/chattanooga/food-delivery/mellow-mushroom-205-broad-st/rQnkQriCT4ST_AiMsREewQ,chattanooga
https://www.ubereats.com/chattanooga/food-delivery/red-lobster-2200-bams-drive/j9o_vHXOQ42e8goil1HHrg,chattanooga
https://www.ubereats.com/chattanooga/food-delivery/taichi-bubble-tea-downtown/s11xgYzWRhGxpxe_mUjCcA,chattanooga
https://www.ubereats.com/chattanooga/food-delivery/jersey-mikes-5510-highway-153/IikreLXlRyy-GHrH54yMqQ,chattanooga
https://www.ubereats.com/chattanooga/food-delivery/kung-fu-tea-50-frazier-ave-200/fmDMJOBIR8qctZ8D0cghkQ,chattanooga
https://www.ubereats.com/chattanooga/food-delivery/papa-johns-2700-s-broad-street/2QPE7y1_Q0qZ7IAHWPpujQ,chattanooga
https://www.ubereats.com/chattanooga/food-delivery/old-chicago-103-2006-hamilton-place-blvd/cFBSoTMPQ0SnfsMN26nn-w,chattanooga
https://www.ubereats.com/chattanooga/food-delivery/edleys-bar-b-que/WUAMa5DsQ8WBUhps7LLnvw,chattanooga
https://www.ubereats.com/chattanooga/food-delivery/dosa-hut-lee-hwy/LAhvG5aZQeWi7E5eQ_K83A,chattanooga
https://www.ubereats.com/chattanooga/food-delivery/burger-king-4827-hixson-pike/k4ikNFscTBS0azWiLIiNYw,chattanooga
https://www.ubereats.com/chattanooga/food-delivery/taco-bell-4115-rossville-blvd/rQ1b9EI3TSyOJ8qcM0VTqA,chattanooga
https://www.ubereats.com/chattanooga/food-delivery/jenkins-country-style-buffet-ringgold-rd/CaiXTW6DRA68pjermNLkgg,chattanooga
https://www.ubereats.com/chattanooga/food-delivery/food-works/inzCTstiSNOh6lWQbZaF3A,chattanooga
https://www.ubereats.com/chattanooga/food-delivery/panda-express-8967-old-lee-highway/B59RryiqS9Og-PjbntdoJA,chattanooga
https://www.ubereats.com/chattanooga/food-delivery/il-primo-hixson-pike/UDT_TSJQSxWUOGgu_pNHdg,chattanooga
https://www.ubereats.com/chattanooga/food-delivery/starbucks-brainerd-%26-belaire/dGC90KwASrS49N1nxenlMA,chattanooga
https://www.ubereats.com/chattanooga/food-delivery/subway-2610-amnicola-hwy/C29GtoLjTfeZHuvDAwfgtQ,chattanooga
https://www.ubereats.com/chattanooga/food-delivery/bi-bas-italian-restaurant/Mor48fQuTL-lXjqNSyd2tw,chattanooga
https://www.ubereats.com/chattanooga/food-delivery/cashew-river-st/mATta3QcQdi7IjPAvje9zg,chattanooga
https://www.ubereats.com/chattanooga/food-delivery/zaxbys-5013-hixson-pike/K3Nm6G48QiecGRYfE6-zbA,chattanooga
https://www.ubereats.com/chattanooga/food-delivery/the-local-juicery-%26-kitchen/SxYBlaDvRIy2EQHE8ckdtQ,chattanooga
https://www.ubereats.com/chattanooga/food-delivery/harrys-41/6Altdou5R4WwRAc7idpHig,chattanooga
https://www.ubereats.com/chattanooga/food-delivery/steak-n-shake-2296-gunbarrel-road/yDNiVNo6QBeYJG2GBgDEig,chattanooga
https://www.ubereats.com/chattanooga/food-delivery/new-york-pizza-department/uyZJbU65TGKEu9XxdgkJBg,chattanooga
https://www.ubereats.com/chattanooga/food-delivery/bojangles-famous-chicken-%26-biscuits-982-4417-highway-58/s5kkvVtTTH66Qa0Pc0u22g,chattanooga
https://www.ubereats.com/chattanooga/food-delivery/bs-sweets-signal-mountain-rd/dm2vcWTDToesXPx8wlAP2w,chattanooga
https://www.ubereats.com/chattanooga/food-delivery/pier-88-boiling-seafood-%26-bar-chattanooga/SnM5XpsqRXSeqGDwmO6EwA,chattanooga
https://www.ubereats.com/chattanooga/food-delivery/mexiville-mexican-restaurant/IUd6T5i4RA69iHK87NdbNg,chattanooga
https://www.ubereats.com/chattanooga/food-delivery/cold-stone-creamery-100-chestnut-st/2mxpbf0uSP6EiWSWZnpHOg,chattanooga
https://www.ubereats.com/chattanooga/food-delivery/krispy-kreme-5609-brainerd-road/3iDNgU-ESSK2G4KGtQVhhA,chattanooga
https://www.ubereats.com/chattanooga/food-delivery/firebirds-wood-fired-grill-2107-gunbarrel-rd/O2IZNhvCStSjeJGENFOgog,chattanooga
https://www.ubereats.com/chattanooga/food-delivery/3rd-deck-burger-bar/CnrD3g51RR6-iAaN6qxWSw,chattanooga
https://www.ubereats.com/chattanooga/food-delivery/captain-ds-2008-gunbarrel-road/zguMd-v3Rsu-VB2NruC2Ww,chattanooga
https://www.ubereats.com/chattanooga/food-delivery/krystal-4868-hixson-pike/VB_VWfUST6OUlb_4KoTJhA,chattanooga
https://www.ubereats.com/chattanooga/food-delivery/gigis-cupcakes/3c7HQyDGTcKUNNXGgJt5WQ,chattanooga
https://www.ubereats.com/chattanooga/food-delivery/the-spot/8XdGnvIUQtazqltL6uRYkQ,chattanooga
https://www.ubereats.com/chattanooga/food-delivery/taco-bell-4115-hixson-pike/NaqIhtnWR2K8BTDMLRsbdg,chattanooga
https://www.ubereats.com/chattanooga/food-delivery/mayos-bar-and-grill-brainerd-rd/yj468ulzSg-uegoS7sPrjA,chattanooga
https://www.ubereats.com/chattanooga/food-delivery/subway-6510-ringgold-rd/ADxl3sosQSGjCwuwVwEdmw,chattanooga
https://www.ubereats.com/chattanooga/food-delivery/chattanooga-wing-%26-tender-factory/5sAKmi5iSJejUjuD1dA-Kw,chattanooga
https://www.ubereats.com/chattanooga/food-delivery/california-tortilla-5215-tn-153/4uo3uKnFSWiyNQs_-PO1vw,chattanooga
https://www.ubereats.com/chattanooga/food-delivery/mcdonalds-2003-dayton-blvd/Fj5p9qVcQIq4zL9xRFFZkA,chattanooga
https://www.ubereats.com/chattanooga/food-delivery/didas-pizza/Do4UrqKaRRGEOt6Z9DkIvg,chattanooga
https://www.ubereats.com/chattanooga/food-delivery/the-ice-cream-shop/0o14D8ofSx6TaHR9bYQL0Q,chattanooga
https://www.ubereats.com/chattanooga/food-delivery/first-watch-northshore/nwHjfCWEQPuVzjt1n66BNw,chattanooga
https://www.ubereats.com/chattanooga/food-delivery/kfc-7428-e-brainerd-rd/BIT1_EV0TQKe4yusQBtSKg,chattanooga
https://www.ubereats.com/chattanooga/food-delivery/ocharleys-5031-hixson-pike/U-9Yn8k8SlGWuVdYbUz-ow,chattanooga
https://www.ubereats.com/chattanooga/food-delivery/pizza-bros/VmV2e-YgR2aPxL599iFTcw,chattanooga
https://www.ubereats.com/chattanooga/food-delivery/first-watch-hixson/oXpYO9BaRZeq5bSqS8O6iA,chattanooga
https://www.ubereats.com/chattanooga/food-delivery/logans-roadhouse-388-504a-northgate-mall/EbACVV7fTrqPNoa5PdKgLA,chattanooga
https://www.ubereats.com/chattanooga/food-delivery/memo-grill/aVJLrx9vRy-0D3Dk16MBnw,chattanooga
https://www.ubereats.com/chattanooga/food-delivery/taco-bell-5439-highway-153/8UvU89IBQOCoyYwILFiLaQ,chattanooga
https://www.ubereats.com/chattanooga/food-delivery/cracker-barrel-old-country-store-1460-north-mack-smith-road/CxLMIKndS3SGsc_LxuXk3Q,chattanooga
https://www.ubereats.com/chattanooga/food-delivery/chuck-e-cheese-22-northgate-park/dnZwUoFyQW6AWOkGf9_8Mg,chattanooga
https://www.ubereats.com/chattanooga/food-delivery/dairy-queen-grill-%26-chill-5433-hwy-153/_W1qZNChT0WLdtTIt3jmZw,chattanooga
https://www.ubereats.com/chattanooga/food-delivery/sekisui-houston-st/UJU_70OfS7mc0fNbNWO4eA,chattanooga
https://www.ubereats.com/chattanooga/food-delivery/mcdonalds-4123-hixson-pike/84rnGR9eQ5-YNu5bhAgblg,chattanooga
https://www.ubereats.com/chattanooga/food-delivery/arbys-750/LXvT9r8lTnmuv_gbOMNk6Q,chattanooga
https://www.ubereats.com/chattanooga/food-delivery/moes-southwest-grill-1820-gunbarrel-rd/hZVLKEK5QzquQs0oH6f3fg,chattanooga
https://www.ubereats.com/chattanooga/food-delivery/mcalisters-1248-541-signal-road-suite-287/rj_tA8XdRGaCMqc0PZWgFg,chattanooga
https://www.ubereats.com/chattanooga/food-delivery/armandos/ytH1flb7TEGRzG7s0T7Gmg,chattanooga
https://www.ubereats.com/chattanooga/food-delivery/popeyes-4428-hwy-58/-aD6dkCVQESb4mK3I939dA,chattanooga
https://www.ubereats.com/chattanooga/food-delivery/papa-johns-5944-highway-58/cN5yRvQIT26QE6XiM5eh5g,chattanooga
https://www.ubereats.com/chattanooga/food-delivery/sunnyside-cup/hwyMhgEhRjWWWjK1Bv130A,chattanooga
https://www.ubereats.com/chattanooga/food-delivery/burger-king-676-signal-mountain-road/rosSV1R2TfmwZIpKk2qGpw,chattanooga
https://www.ubereats.com/chattanooga/food-delivery/hair-of-the-dog-pub-market-st/6OnUOUwMTBKvyOP4Bo-0zA,chattanooga
https://www.ubereats.com/chattanooga/food-delivery/old-chicago-76-250-northgate-mall-drive-space-%23-r0010/MsNoJ58rTwO6nc9XJRstoA,chattanooga
https://www.ubereats.com/chattanooga/food-delivery/conga-latin-food-26-e-main-st/tPg4fbZKQVSJzUae7XcUqg,chattanooga
https://www.ubereats.com/chattanooga/food-delivery/chatter-box-cafe/59RqqeNtTlebrAXerw-w_g,chattanooga
https://www.ubereats.com/chattanooga/food-delivery/rain-thai-bistro/TKj_BcagQLazWjKkUTm3fQ,chattanooga
https://www.ubereats.com/chattanooga/food-delivery/asia-cafe/Za7S9FKTR6OITD0E3LjXvQ,chattanooga
https://www.ubereats.com/chattanooga/food-delivery/river-drifters/nN5cqG5_QeeCgk1c7nVuUA,chattanooga
https://www.ubereats.com/chattanooga/food-delivery/mervs/HeE0Qi0MSOSqAR6VxjXolg,chattanooga
https://www.ubereats.com/chattanooga/food-delivery/rib-%26-loin-brainerd-rd/zCjZfPYmRGCz7A_wJDrpPA,chattanooga
https://www.ubereats.com/chattanooga/food-delivery/auntie-annes-at-hamilton-place-mal-2100-hamilton-place-blvd/DxvoYs3DRYStqIDXZSDtXA,chattanooga
https://www.ubereats.com/chattanooga/food-delivery/jersey-mikes-2260-gunbarrel-road/vsfRDkSGQVeHZntc8Nj7Dw,chattanooga
https://www.ubereats.com/chattanooga/food-delivery/the-ice-cream-shop/s3GnBt8gQ5Kyjs8-5hIoVQ,chattanooga
https://www.ubereats.com/chattanooga/food-delivery/subway-2206-e-23rd-st/-OrnmplFRZeIySYE9zYLOQ,chattanooga
https://www.ubereats.com/chattanooga/food-delivery/krystal-4416-highway-58/nmlqZsuWSoq_H_p0YgZ4eQ,chattanooga
https://www.ubereats.com/chattanooga/food-delivery/forkers-bbq-and-catering/tzJGM4mPScC3jIsdl6NfdA,chattanooga
https://www.ubereats.com/chattanooga/food-delivery/the-ice-cream-shop/U0lT5FloRYO6x4ppVvV7Uw,chattanooga
https://www.ubereats.com/chattanooga/food-delivery/tupelo-honey-chattanooga/rKh11VJnSLymqDUct_3pBQ,chattanooga
https://www.ubereats.com/chattanooga/food-delivery/cracker-barrel-old-country-store-50-birmingham-hwy/--czhsB1Rm2vy31NV9SB4Q,chattanooga
https://www.ubereats.com/chattanooga/food-delivery/captain-ds-5106-hixson-pike/nKd4c7BvTFmZQuaDHa7w_Q,chattanooga
https://www.ubereats.com/chattanooga/food-delivery/wendys-4500-highway-58/iLTFkDphT0KszhhnuYoNiQ,chattanooga
https://www.ubereats.com/chattanooga/food-delivery/choo-choo-bar-b-que-e-brainerd-rd/QFf07vRdQiisKJtDgYgkDA,chattanooga
https://www.ubereats.com/chattanooga/food-delivery/sushi-nabe/3qmwBqhXRLqerc5Mo3nVJQ,chattanooga
https://www.ubereats.com/chattanooga/food-delivery/the-terminal-brewhouse/nFYYhGywRz-U5RS9zRs_7Q,chattanooga
https://www.ubereats.com/chattanooga/food-delivery/smokey-bones-chattanooga/g6-JGr10RVW1lT8GVYjhrA,chattanooga
https://www.ubereats.com/chattanooga/food-delivery/dosbros-fresh-mexican-grill-hixson/71NdOog4SyyX50aCU54-5Q,chattanooga
https://www.ubereats.com/chattanooga/food-delivery/auntie-annes-271-northgate-mall/RsSxs5InT5egZxYPVsGrxQ,chattanooga
https://www.ubereats.com/chattanooga/food-delivery/mcdonalds-1117-e-3rd-st/2J5JonY6SqO0vpIPskxigQ,chattanooga
https://www.ubereats.com/chattanooga/food-delivery/the-hot-chocolatier/5eBbdX2NSryy04vRM_8NmQ,chattanooga
https://www.ubereats.com/chattanooga/food-delivery/starbucks-shallowford-%26-napier/Ru3xW5EeQCOe-BGcEVqZTA,chattanooga
https://www.ubereats.com/chattanooga/food-delivery/the-blue-plate/toas_SG4S5Oi2o2Krden-Q,chattanooga
https://www.ubereats.com/chattanooga/food-delivery/blue-orleans-seafood-restaurant/UHc5OSmRQsq7kLAnjFHlLg,chattanooga
https://www.ubereats.com/chattanooga/food-delivery/public-house-restaurant-market-st/9aUTi2JyTTel_aGcb56jnA,chattanooga
https://www.ubereats.com/chattanooga/food-delivery/sonic-4305-hixson-pike/gnxc3tU0SLGSLrAeclLZdw,chattanooga
https://www.ubereats.com/chattanooga/food-delivery/mcalisters-1152-2288-gunbarrel-road-suite-138/J8EQoa6xQGmF955ZuwoENg,chattanooga
https://www.ubereats.com/chattanooga/food-delivery/first-watch-gunbarrel-rd/o1-aKjiWQ0u0u-sAAzc5GQ,chattanooga
https://www.ubereats.com/chattanooga/food-delivery/lakeshore-grille-lake-resort-ter/WdF_m-wFSv6sXYenM03Alg,chattanooga
https://www.ubereats.com/chattanooga/food-delivery/frothy-monkey-southside/C3_l1uPoSleaWOJEgeU9_g,chattanooga
https://www.ubereats.com/chattanooga/food-delivery/jeffersons/Wv7xSG-sS3CK1rGiJM_i0w,chattanooga
https://www.ubereats.com/chattanooga/food-delivery/jets-pizza/hTsRwfW7S5mr64NlyFBFOw,chattanooga
https://www.ubereats.com/chattanooga/food-delivery/asia-buffet/zSCmNqq6QBu8kWEXiEvNNQ,chattanooga
https://www.ubereats.com/chattanooga/food-delivery/bojangles-famous-chicken-%26-biscuits-69-4701-hixson-pike/N3_el2v5TYKnVVObP_81wg,chattanooga
https://www.ubereats.com/chattanooga/food-delivery/rolling-js-mobile-bistro/eTFc2emLRTmvPALMTGk1mQ,chattanooga
https://www.ubereats.com/chattanooga/food-delivery/captain-ds-5001-oak-hill-road/BC_m1RIbQLWO8RXUMjd5FA,chattanooga
https://www.ubereats.com/chattanooga/food-delivery/wendys-1868-dayton-blvd/Kn_Rmnb0SVm-EYzA3P_CTg,chattanooga
https://www.ubereats.com/chattanooga/food-delivery/subway-4106-dayton-blvd/p091IDM7TpSmB33kXfTm9g,chattanooga
https://www.ubereats.com/chattanooga/food-delivery/arbys-6576/wj275f0pQCS1hO89lo-IDg,chattanooga
https://www.ubereats.com/chattanooga/food-delivery/papa-johns-7000-lee-highway/ZCtmbFZaS-ytFh5NBNsL-A,chattanooga
https://www.ubereats.com/chattanooga/food-delivery/sonic-7420-e-brainerd-rd/XAbBLS1uTZeSj-dKx4fseQ,chattanooga
https://www.ubereats.com/chattanooga/food-delivery/dosbros-fresh-mexican-grill/V3RPTegfTA2P_adOVB489A,chattanooga
https://www.ubereats.com/chattanooga/food-delivery/charleys-philly-steaks-hamilton-place-mall/j3aOq5VxSt-Q02NNL3emog,chattanooga
https://www.ubereats.com/chattanooga/food-delivery/subway-4420-hwy-58/fMDTKX5ASiabzMQ5iuli5A,chattanooga
https://www.ubereats.com/chattanooga/food-delivery/red-lobster-2131-northgate-mall-dr/KetMMq2KSfqvHhF68CPhrQ,chattanooga
https://www.ubereats.com/chattanooga/food-delivery/chatter-box-cafe-market-st/G7JlcSGaQZmQHlWn4maN_A,chattanooga
https://www.ubereats.com/chattanooga/food-delivery/popeyes-3352-broad-st/2dgOKiCLSFOI_EvkKsT-Qw,chattanooga
https://www.ubereats.com/chattanooga/food-delivery/zaxbys-7328-shallowford-rd/OUY3atjfQNajtyfOkJytIA,chattanooga
https://www.ubereats.com/chattanooga/food-delivery/wendys-5200-brainard-rd/XvI9kHDATuqjNfacf06log,chattanooga
https://www.ubereats.com/chattanooga/food-delivery/wendys-418-cumberland-street/HL-z7rsDSHOVBsNL6xjBJQ,chattanooga
https://www.ubereats.com/chattanooga/food-delivery/hooties-burger-bar-5912-brainerd-rd/grnSf_o5RcCzJrrdyMYg8A,chattanooga
https://www.ubereats.com/chattanooga/food-delivery/fiesta-mexicana/6If_DuWzRH6sWCM8-vos8g,chattanooga
https://www.ubereats.com/chattanooga/food-delivery/taco-mac-chattanooga/GmmfH_srSUaAz7cSF3aGGw,chattanooga
https://www.ubereats.com/chattanooga/food-delivery/gs-detroit-sausage/dyKYZpbPR-GIyui1MU8q0g,chattanooga
https://www.ubereats.com/chattanooga/food-delivery/imperial-garden/_RteLZNDSSS3HCBgi1FQEg,chattanooga
https://www.ubereats.com/chattanooga/food-delivery/asian-flavor/cpkUPFKHQ-OjRo3JtFBvXQ,chattanooga
https://www.ubereats.com/chattanooga/food-delivery/churchs-chicken-3816-brainerd-road/mYUtdjXJTsq2hg673ym__g,chattanooga
https://www.ubereats.com/chattanooga/food-delivery/flaming-roosters/dvSM70nWSYKzaoD4EYZoVw,chattanooga
https://www.ubereats.com/chattanooga/food-delivery/krystal-6119-lee-highway/06RU9pdbSRi1jbeLWsmubw,chattanooga
https://www.ubereats.com/chattanooga/food-delivery/leaping-leprechaun/pZa8IaU4QOW3deextrWulA,chattanooga
https://www.ubereats.com/chattanooga/food-delivery/steak-n-shake-5118-hixson-pike/rSTq3vgrSPqyvaEon7SRqg,chattanooga
https://www.ubereats.com/chattanooga/food-delivery/home-slice-pizza/KhH4f3NbRaqaiuZJM4TH0g,chattanooga
https://www.ubereats.com/chattanooga/food-delivery/five-guys-tn-1331-401-broad-st/rVovRAQuQh-AJmJIK1SsDw,chattanooga
https://www.ubereats.com/chattanooga/food-delivery/mikes-tavern-chattanooga/DmTNePsfRfCmuwoOvdaRYQ,chattanooga
https://www.ubereats.com/chattanooga/food-delivery/huddle-house-5611-brainerd-rd/QVxuxx0zRzKUcJmZeQrnCw,chattanooga
https://www.ubereats.com/chattanooga/food-delivery/mean-mug-coffeehouse-w-main-st/9VUMx4zXTiWI54WtcJ1Qsg,chattanooga
https://www.ubereats.com/chattanooga/food-delivery/sonic-drive-in-4348-ringgold-rd/BIoCORfMR3uRpq6KFQ4l8A,chattanooga
https://www.ubereats.com/chattanooga/food-delivery/zaxbys-4815-highway-58/4szJxqRhTPOYsfIFpi9ZNQ,chattanooga
https://www.ubereats.com/chattanooga/food-delivery/bela-lisboa-restaurant/ddT5GVKQRFubIGDx2YMAgw,chattanooga
https://www.ubereats.com/chattanooga/food-delivery/beast-%2B-barrel/1OtgclYXRoKrCmuVYFf9cg,chattanooga
https://www.ubereats.com/chattanooga/food-delivery/ihop-5113-highway-153/tFTGF2Z9TReuAk97MVnJZA,chattanooga
https://www.ubereats.com/chattanooga/food-delivery/firehouse-subs-hixson/WWfSBkhYR42efaWXGLU35A,chattanooga
https://www.ubereats.com/chattanooga/food-delivery/taco-town/VWumuQglQWGhSvGv5V1wzA,chattanooga
https://www.ubereats.com/chattanooga/food-delivery/firehouse-subs-e-brainerd-rd/EMRbKDrLT5a4nQzSUjO_mw,chattanooga
https://www.ubereats.com/chattanooga/food-delivery/mikes-smokehouse-broad-st/g0iDGNEYQMiRz1Py-vgkIg,chattanooga
https://www.ubereats.com/chattanooga/food-delivery/sbarro-2100-hamilton-place-blvd/2a-6IoR3Ro682Y6PKOeIfw,chattanooga
https://www.ubereats.com/chattanooga/food-delivery/hunan-wok/DpwSjV86Sy2FqxvJ58NRRA,chattanooga
https://www.ubereats.com/chattanooga/food-delivery/kozy-cooking-gourmet-deli/MzUOKAUiT6uxUxna9eI2sg,chattanooga
https://www.ubereats.com/chattanooga/food-delivery/tropical-smoothie-cafe-2380-lifestyle-waysuite-140/ruiGSiD_TcGK07ogdED5Mg,chattanooga
https://www.ubereats.com/chattanooga/food-delivery/arbys-5971/weC_U_E8Qn-yePbiTcZQ5A,chattanooga
https://www.ubereats.com/chattanooga/food-delivery/your-pie-pizza-chattanooga/qTq9AaVNQCityNtelVxLwA,chattanooga
https://www.ubereats.com/chattanooga/food-delivery/mp-sports-bar-and-grill/bG5eMmbqQXe8VFRksknFSg,chattanooga
https://www.ubereats.com/chattanooga/food-delivery/kfc-2301-east-3rd-street/NaQdS0EnQwKobpcy5F5veQ,chattanooga
https://www.ubereats.com/chattanooga/food-delivery/jersey-mikes-5975-elementary-way/YgHvA0OKRqCvT5j29VirDw,chattanooga
https://www.ubereats.com/chattanooga/food-delivery/longhorn-restaurant/1fSekPufT1Ck3Oc4a5OElw,chattanooga
https://www.ubereats.com/chattanooga/food-delivery/subway-3641-brainerd-rd/W2cwvCGJQcC2Xw4inKIKsA,chattanooga
https://www.ubereats.com/chattanooga/food-delivery/j%26d-quick-stop-%26-deli/iquSaob5QCqy6MD-mkLU6w,chattanooga
https://www.ubereats.com/chattanooga/food-delivery/panda-express-484-northgate-mall-dr/x_XG2O5nQKO1cXf5kEJ1QQ,chattanooga
https://www.ubereats.com/chattanooga/food-delivery/shogun-gunbarrel-rd/uJM_0q7ESSSiwpqMA11e8Q,chattanooga
https://www.ubereats.com/chattanooga/food-delivery/kfc-2501-broad-st/FjIDwautQO-0mSZr9pGUJQ,chattanooga
https://www.ubereats.com/chattanooga/food-delivery/papa-johns-9408-apison-pike-suite-b-6/ZXNOb6uuRASPg25Q1jxCmA,chattanooga
https://www.ubereats.com/chattanooga/food-delivery/vibrant-meals/FuBi2jDWSpK95cOzEkuubw,chattanooga
https://www.ubereats.com/chattanooga/food-delivery/outback-steakhouse-2120-hamilton-place-boulevard/A25BOjnDShSKJ84LjjB_Og,chattanooga
https://www.ubereats.com/chattanooga/food-delivery/hibachi-%26-wings/IhlzbvcVRWiZlSK7XcD5mg,chattanooga
https://www.ubereats.com/chattanooga/food-delivery/papa-johns-5210-brainerd-road-suite-c/ST4j_Ve1Q4SyS_g5RG_8Wg,chattanooga
https://www.ubereats.com/chattanooga/food-delivery/subway-6429-lee-hwy/0Qs0LsvzTnqMZMYMziTHiQ,chattanooga
https://www.ubereats.com/chattanooga/food-delivery/kfc-5323-highway-153/cD-W6R1ZSFCEAySqm_OPyQ,chattanooga
https://www.ubereats.com/chattanooga/food-delivery/ihop-5814-brainerd-road/39Zwo7hWTkOxS2PPLwrkPw,chattanooga
https://www.ubereats.com/chattanooga/food-delivery/formosa-restaurant-hwy-153/VZjNVZC0T7SWxWILVf7OIw,chattanooga
https://www.ubereats.com/chattanooga/food-delivery/wendys-6727-ringgold-road/llR53MJrTaqWIhl4HeY0LQ,chattanooga
https://www.ubereats.com/chattanooga/food-delivery/nobaked-cookie-doughchattanooga/FIDq7jW6SkyCFu-q0Bj2jA,chattanooga
https://www.ubereats.com/chattanooga/food-delivery/krystal-307-cherokee-blvd/UATkWjIzQSyF1impfneUwA,chattanooga
https://www.ubereats.com/chattanooga/food-delivery/popeyes-6105-ringgold-road/ZAd2Lr_lTduxXQnqoV_LMg,chattanooga
https://www.ubereats.com/chattanooga/food-delivery/forbidden-city-gunbarrel-rd/h54i3f48RkK3Bb0RHiw5BA,chattanooga
https://www.ubereats.com/chattanooga/food-delivery/maple-street-biscuit-company-city-center/l_VnGyX-THiqXw9T_l7G5Q,chattanooga
https://www.ubereats.com/chattanooga/food-delivery/applebees-5606-brainerd-road/lq7MkeSKQRqWYfOuAPnu7w,chattanooga
https://www.ubereats.com/chattanooga/food-delivery/ocharleys-2340-shallowford-village-dr/47Epd48oT4C2qFNfW5Qi9Q,chattanooga
https://www.ubereats.com/chattanooga/food-delivery/804-bonefish-grill-2115-gunbarrel-rd/wnDFPHsrTlO4eOtKLpRRpg,chattanooga
https://www.ubereats.com/chattanooga/food-delivery/wendys-3700-cummings-highway/QwcwTOUeTgSCpg7f6g0qTQ,chattanooga
https://www.ubereats.com/chattanooga/food-delivery/opa/QOhizmcmR06GqlzSeNZLqA,chattanooga
https://www.ubereats.com/chattanooga/food-delivery/panda-express-2260-gunbarrel-road/UvwqbEgiRX-4xxwEqM0s7w,chattanooga
https://www.ubereats.com/chattanooga/food-delivery/krystal-2304-e-23rd-st/H3BZl2iJTem5kCl5cQC2cQ,chattanooga
https://www.ubereats.com/chattanooga/food-delivery/unknown-caller/cQmU9q3pTsezxmuruZTNKQ,chattanooga
https://www.ubereats.com/chattanooga/food-delivery/southside-social/BQyWF_riQSCkwJ14qq_DZQ,chattanooga
https://www.ubereats.com/chattanooga/food-delivery/burger-king-4850-brainerd-rd/6MGvzv5iTAGAlDcYN2FCQw,chattanooga
https://www.ubereats.com/chattanooga/food-delivery/wendys-3104-s-broad-st/1jEB9ikxRhiMm7MI0QQIMw,chattanooga
https://www.ubereats.com/chattanooga/food-delivery/mcdonalds-156-browns-ferry-rd/m2qS1F_kTTGrJmaVArHWgw,chattanooga
https://www.ubereats.com/chattanooga/food-delivery/zaxbys-623-signal-mountain-rd/qJjTeeFwQcCiEJAmBUVa3Q,chattanooga
https://www.ubereats.com/chattanooga/food-delivery/baskin-robbins-nestle-toll-house-cafe-by-chip-6990-e-brainerd-rd/jcYWo5CISnOEguq1VDxUjQ,chattanooga
https://www.ubereats.com/chattanooga/food-delivery/shangri-la-e-7th-st/SSbPG7oQRH2hm95gOHL7lQ,chattanooga
https://www.ubereats.com/chattanooga/food-delivery/maple-street-biscuit-company-gunbarrel/BM5vrAFCRY6VqX20WNzFkw,chattanooga
https://www.ubereats.com/chattanooga/food-delivery/taco-bell-2303-dayton-blvd/BZAlETPySnOCR7bIWvI7NA,chattanooga
https://www.ubereats.com/chattanooga/food-delivery/mcdonalds-6220-lee-hwy/UF5MF9-5QtmjwC5XJx2P1Q,chattanooga
https://www.ubereats.com/chattanooga/food-delivery/ruths-chris-steak-house-2321-lifestyle-way/UkJI3onJQUSznGS9kV2vYg,chattanooga
https://www.ubereats.com/chattanooga/food-delivery/wendys-5596-hixson-pike/qP2C9cJVSESfN-p-Svv4LA,chattanooga
https://www.ubereats.com/chattanooga/food-delivery/bones-smokehouse/qfhDzGKqRA6PUnHmPvQdiQ,chattanooga
https://www.ubereats.com/chattanooga/food-delivery/panera-417-market-street/BWQkL5LIT9G5zghEfAc3mw,chattanooga
https://www.ubereats.com/chattanooga/food-delivery/buffalo-wild-wings-120-market-st/nBE62vRjR0qCyh_bqUbzkA,chattanooga
https://www.ubereats.com/chattanooga/food-delivery/tai-chi-bubble-tea/PxAsCkG9TXSZ4XrevA1Jdw,chattanooga
https://www.ubereats.com/chattanooga/food-delivery/mountain-city-club/6VqyO-FRRjyOAwVNZJgj-g,chattanooga
https://www.ubereats.com/chattanooga/food-delivery/applebees-356-northgate-mall/9Ice730LR26l4vXsDRhNCg,chattanooga
https://www.ubereats.com/chattanooga/food-delivery/ayala%60s-mexican-restaurant/S8vkEJKXTOWVVLz0IN0OgA,chattanooga
https://www.ubereats.com/chattanooga/food-delivery/kfc-4856-highway-58/sER0gBDMT-2-F0O3zAURvA,chattanooga
https://www.ubereats.com/chattanooga/food-delivery/cheese-dip-mexican-grill/HmCc8lyWQ02ojjVyQ-czwg,chattanooga
https://www.ubereats.com/chattanooga/food-delivery/papa-johns-3908-hixson-pike/4mvFdPNzTGyaFEWHgV1crg,chattanooga
https://www.ubereats.com/chattanooga/food-delivery/raceway/IE6N8lqHRSuMskzcOc9HQA,chattanooga
https://www.ubereats.com/chattanooga/food-delivery/sonic-3907-brainerd-road/HieBBVkcQF-AVtv3Ew8kmw,chattanooga
https://www.ubereats.com/chattanooga/food-delivery/the-wing-experience-2225-gunbarrel-road/wuFlcBdmR5Spj5C5xZ0P9g,chattanooga
https://www.ubereats.com/chattanooga/food-delivery/chattanooga-wing-factory-mccallie-ave/vB9rEyw-QkmLp5Z8KQutNw,chattanooga
https://www.ubereats.com/chattanooga/food-delivery/naked-river-brewing-company/5f4c6ItOQ_uVEjPcH-UdZg,chattanooga
https://www.ubereats.com/chattanooga/food-delivery/newks-chattanooga/6Ll5J7ynTyOUvY0O2D9f6Q,chattanooga
https://www.ubereats.com/chattanooga/food-delivery/glen-gene-grill-hwy-153/7_xLBiiJRbu2AgOmz6mhGA,chattanooga
https://www.ubereats.com/chattanooga/food-delivery/outback-steakhouse-544-northgate-mall-drive/vQnLWEZ-RP2v9_9oQllpMg,chattanooga
https://www.ubereats.com/chattanooga/food-delivery/julie-darling-donuts-llc/-DlTFCvPSTCdF-twET2MHw,chattanooga
https://www.ubereats.com/chattanooga/food-delivery/pf-changs-2110-hamilton-place-blvd/af6ve6a6RWGVtkoVXkwAgg,chattanooga
https://www.ubereats.com/chattanooga/food-delivery/the-purple-daisy-picnic-cafe/B3aCLRCLStSfk835tFaBvQ,chattanooga
https://www.ubereats.com/chattanooga/food-delivery/arbys-7482/kGo33lsoT4mc7OaO4vCpdQ,chattanooga
https://www.ubereats.com/chattanooga/food-delivery/starbucks-gunbarrel-rd-at-jarnigan-rd/rNsfWZHtSJKkhpQJjyBsSw,chattanooga
https://www.ubereats.com/chattanooga/food-delivery/bojangles-famous-chicken-%26-biscuits-296-1803-east-23rd-street/BPOaYdWXS1KplZk6Sx6NEg,chattanooga
https://www.ubereats.com/chattanooga/food-delivery/papa-johns-6210-hixson-pike/eWRcp6gQRcSrNzp9k4xHiQ,chattanooga
https://www.ubereats.com/chattanooga/food-delivery/sticky-fingers-ribhouse-chattanooga-jacks-alley/LjoKaMUKQoG6DAN285Vu7g,chattanooga
https://www.ubereats.com/chattanooga/food-delivery/shanes-rib-shack-9448-bradmore-lane/wjLIXDONRLe7pnIy9FSQsQ,chattanooga
https://www.ubereats.com/chattanooga/food-delivery/the-daily-ration-dartmouth-st/sTbjqP8mQ2eC9bxSJuiOGw,chattanooga
https://www.ubereats.com/chattanooga/food-delivery/golden-corral-1808-gunbarrel-road/y5wonPorQu-0libPi1SUQw,chattanooga
https://www.ubereats.com/chattanooga/food-delivery/las-morelianas-mexican-restaurant/G8eI_rQJR-2_idqhzU04Dg,chattanooga
https://www.ubereats.com/chattanooga/food-delivery/fazolis-2332-shallowford-village-dr/alEx7mUARtm51JKd9nwEig,chattanooga
https://www.ubereats.com/chattanooga/food-delivery/taco-bell-6210-lee-highway/_Ak8HC1MRWy13mBZedcLQA,chattanooga
https://www.ubereats.com/chattanooga/food-delivery/poblanos-mexican-cuisine-river-st/WOo4DUmWRJSqRDx-YMyhKQ,chattanooga
https://www.ubereats.com/chattanooga/food-delivery/popeyes-5749-brainerd-rd/YLtVSiu4SryMz1RGDil6iA,chattanooga
https://www.ubereats.com/chattanooga/food-delivery/millers-ale-house-chattanooga/6OVejkKpTMeArNd-RZoXcA,chattanooga
https://www.ubereats.com/chattanooga/food-delivery/burger-king-2119-east-23rd-street/g-sIR7jZRW2NPE1S-zFG8Q,chattanooga
https://www.ubereats.com/chattanooga/food-delivery/el-meson-restaurante-mexicano/70IDwQ26S5qwkPapp2MJyg,chattanooga
https://www.ubereats.com/chattanooga/food-delivery/vibrant-meals/ngGubboKS56RlEK7jTIbMw,chattanooga
https://www.ubereats.com/chattanooga/food-delivery/super-carniceria-loa-%237-broad/gdr4DcpiSEywjstz8pCbPw,chattanooga
https://www.ubereats.com/chattanooga/food-delivery/taco-bell-3151-s-broad-st/Jrvic5BoSn6UDI2F25huAA,chattanooga
https://www.ubereats.com/chattanooga/food-delivery/slingems-ooltewah/Dep5vmcISTmziAK69ofSHQ,chattanooga
https://www.ubereats.com/chattanooga/food-delivery/burger-king-3401-amnicola-highway/eTQXF-7KSe6yAYJXPqwaqQ,chattanooga
https://www.ubereats.com/chattanooga/food-delivery/firehouse-subs-dayton-blvd/09MKz2xyQBy9UIzQRWeBqg,chattanooga
https://www.ubereats.com/chattanooga/food-delivery/arbys-901/l5SEF12OTkqDVwgudUxZPw,chattanooga
https://www.ubereats.com/chattanooga/food-delivery/thai-smile-market-st/Az1uQP3zRBW1Y9p4PkK3MA,chattanooga
https://www.ubereats.com/chattanooga/food-delivery/arbys-6356/4oy-k0KIRHuS2g8kWGEIoQ,chattanooga
https://www.ubereats.com/chattanooga/food-delivery/downtown-dough/4pHCHo4yRiyKMXGw0E4-Kw,chattanooga
https://www.ubereats.com/chattanooga/food-delivery/fiamma-pizza-company-n-market-st/kJxuLko4QKSQ_yyREifgvw,chattanooga
https://www.ubereats.com/chattanooga/food-delivery/five-guys-tn-0189-5110-hixson-pike/n3F1wV4wSJaFx3OFhtFyGA,chattanooga
https://www.ubereats.com/chattanooga/food-delivery/mcdonalds-4608-hwy-58/26OLihcASrC_cLzwrhyuyQ,chattanooga
https://www.ubereats.com/chattanooga/food-delivery/chattanooga-wing-%26-tender-factory-hp/wwHm2yBAS2KtXFeVd9sVag,chattanooga
https://www.ubereats.com/chattanooga/food-delivery/bojangles-famous-chicken-%26-biscuits-92-4152-ringgold-road/BuKScZXiQQuLS4eCg0svfg,chattanooga
https://www.ubereats.com/chattanooga/food-delivery/james-county-cattle-company/wHHatnNORSKo6S5nMN4n1g,chattanooga
https://www.ubereats.com/chattanooga/food-delivery/sonic-6216-hixson-pike/R-I47r4eR9qtIvEYBfjnyw,chattanooga
https://www.ubereats.com/chattanooga/food-delivery/mr-burrito-grill/GGypIvq2TxCWOrBpslQXWw,chattanooga
https://www.ubereats.com/chattanooga/food-delivery/cracker-barrel-old-country-store-2346-shallowford-village-road/159Opt05Q4-CCOzyb-yV2g,chattanooga
https://www.ubereats.com/chattanooga/food-delivery/buffalo-wild-wings-5744-highway-153/2pyWeQrjRC2R2l4bn9moDw,chattanooga
https://www.ubereats.com/chattanooga/food-delivery/mikes-hole-in-the-wall/FjPvxH20S9CKiClXtvydUQ,chattanooga
https://www.ubereats.com/chattanooga/food-delivery/the-honest-pint-patten-pwky/1eMfaWPPTfi0N9uxapg8EQ,chattanooga
https://www.ubereats.com/chattanooga/food-delivery/sticky-fingers-ribhouse-hamilton-pl-blvd/EWbW2zGLRQaxctU1XrHNvw,chattanooga
https://www.ubereats.com/chattanooga/food-delivery/the-juicy-crabchattanooga-tn/6qydOwORTr6nIIYzerjVyw,chattanooga
https://www.ubereats.com/chattanooga/food-delivery/arbys-5808/OyaXQN4CQ0ahm3lDxHpFXA,chattanooga
https://www.ubereats.com/chattanooga/food-delivery/el-meson-restaurante-mexicano-hamilton-place-blvd/l98rxqNDQ26MepLvqy3vCA,chattanooga
https://www.ubereats.com/chattanooga/food-delivery/the-ice-cream-shop/astmG1ZYSBuv69zc-QRjrQ,chattanooga
https://www.ubereats.com/chattanooga/food-delivery/toscano-italian-grill-lee-hwy/OCLZHliWQeKfNHRDYcgFug,chattanooga
https://www.ubereats.com/chattanooga/food-delivery/dosbros/JPsXvnNcTHC91dwXlxrHBw,chattanooga
https://www.ubereats.com/chattanooga/food-delivery/st-elmo-deli-and-grill/5sEbBBXwSwquEdI6i3CXfg,chattanooga
https://www.ubereats.com/chattanooga/food-delivery/pasquallys-pizza-%26-wings-22-northgate-park/jcVO9k7GScqdnui-Ir2XtQ,chattanooga
https://www.ubereats.com/chattanooga/food-delivery/bojangles-famous-chicken-%26-biscuits-966-2023-dayton-blvd/t5MXP80UR5ePFonJud4odg,chattanooga
https://www.ubereats.com/chattanooga/food-delivery/chipotle-mexican-grill-2122-gunbarrel-rd/NjYam66YRfm6t-E4FIFe3A,chattanooga
https://www.ubereats.com/chattanooga/food-delivery/captain-ds-1690-east-23rd-street/1wc3en9ZTnaEopa_h6BEiA,chattanooga
https://www.ubereats.com/chattanooga/food-delivery/carrabbas-2040-hamilton-place-blvd-suite-100/evv_TLL_RQis1ts9WycZvQ,chattanooga
https://www.ubereats.com/chattanooga/food-delivery/sonic-4407-highway-58/JPJNzfckQBayxctpcyPv5A,chattanooga
https://www.ubereats.com/chattanooga/food-delivery/the-ice-cream-shop/-_QXCGW0ToC66F_BQkZS8g,chattanooga
https://www.ubereats.com/chattanooga/food-delivery/fat-boys-roadside-eats/KCpu_KbMSnqPsSC4ViGhKw,chattanooga
https://www.ubereats.com/chattanooga/food-delivery/fernandos/e4s-F6MBRJeJuP6DvQMPiA,chattanooga
https://www.ubereats.com/chattanooga/food-delivery/the-hot-chocolatier/RWllutfdQ7uzvPC-8wTBMg,chattanooga
https://www.ubereats.com/chattanooga/food-delivery/mellow-mushroom-2318-lifestyle-way/u1XQOCMhTzysKXvq516ikg,chattanooga
https://www.ubereats.com/chattanooga/food-delivery/starbucks-hwy-153-at-hamill-rd/CPWjwkmfT0qLP7F2vvkmEg,chattanooga
https://www.ubereats.com/chattanooga/food-delivery/moes-southwest-grill-5510-a-highway-153/_bztF04nSu2iIygkSOhHgQ,chattanooga
https://www.ubereats.com/chattanooga/food-delivery/mexi-wing-7/vNujFe9YQDGhtKsQLU_g9Q,chattanooga
