url,city
https://www.ubereats.com/boston/food-delivery/wingstreet-199-daniel-webster-hwy-s/n9YOY7fuSi6zPDT-1OWMCg,chelmsford-massachusetts
https://www.ubereats.com/boston/food-delivery/vinaan-cafe/yqnd6d6RRxKXjiWVWqBimw,chelmsford-massachusetts
https://www.ubereats.com/boston/food-delivery/laudis-breakfast-house/C30oDlj8SgSvKPplqMR-DQ,chelmsford-massachusetts
https://www.ubereats.com/boston/food-delivery/papa-johns-110-daniel-webster-highway/DxLN9S1ETsaWZfb5Xa2FyQ,chelmsford-massachusetts
https://www.ubereats.com/boston/food-delivery/pasquallys-pizza-%26-wings-199-plain-st-unit-5/r5agYBSGR0OsnRVGJ76Uyg,chelmsford-massachusetts
https://www.ubereats.com/manchester-nh/food-delivery/nana-7-japanese-steakhouse/QW7EEj6mSjK-qPyZxI-ttQ,chelmsford-massachusetts
https://www.ubereats.com/boston/food-delivery/minuteman-diner/2xiiawhcQNqBBWkI5IVTrg,chelmsford-massachusetts
https://www.ubereats.com/boston/food-delivery/cracker-barrel-old-country-store-1795-andover-st/_3qUc72ATA-lxCrzzmjGnQ,chelmsford-massachusetts
https://www.ubereats.com/boston/food-delivery/tavern-in-the-square-lowell/peSWJ7xaSD2ncWGq-jEKTw,chelmsford-massachusetts
https://www.ubereats.com/boston/food-delivery/lui-lui/57ISmwckT8qsyGUgBgu7Bw,chelmsford-massachusetts
https://www.ubereats.com/boston/food-delivery/chipotle-mexican-grill-199-boston-rd/EnTmLWaBSEaHhh-06ZUCDA,chelmsford-massachusetts
https://www.ubereats.com/boston/food-delivery/tandoor-and-curry-on-wheels/js5u7e41RAS6UOi6eoxjlQ,chelmsford-massachusetts
https://www.ubereats.com/boston/food-delivery/five-guys-ma-1544/y9NzEF7FSt2v4y6aY_NzgQ,chelmsford-massachusetts
https://www.ubereats.com/boston/food-delivery/mlshaws-restaurant/s8k3FcmvRK-mLZs8oCSaPw,chelmsford-massachusetts
https://www.ubereats.com/boston/food-delivery/wendys-5-arlington-street/LeY8gt_vTKuui5IYlztIag,chelmsford-massachusetts
https://www.ubereats.com/boston/food-delivery/dragon-kitchen/eGbjf-pbSoCLbsSHKRcoiQ,chelmsford-massachusetts
https://www.ubereats.com/boston/food-delivery/oscars-pinatas/SeEJv8B5Qf2Yv5hV7E2OXw,chelmsford-massachusetts
https://www.ubereats.com/boston/food-delivery/five-guys-ma-1609-90-drum-hill-rd/WGn1FX2ySsyIyx3CryUFHw,chelmsford-massachusetts
https://www.ubereats.com/boston/food-delivery/villa-roma-pizza/uLDwUa43S7q5Zpx2QXoBVQ,chelmsford-massachusetts
https://www.ubereats.com/boston/food-delivery/dunkin-612-middlesex-tpke-mobil-gas-station/0LynDc7XTBSXyn1M8nBdIQ,chelmsford-massachusetts
https://www.ubereats.com/boston/food-delivery/subway-424-chelmsford-st/fupk4rUoTRSyHQgdSbYUHA,chelmsford-massachusetts
https://www.ubereats.com/boston/food-delivery/mcdonalds-17-drum-hill-rd/DD0U41tBR4eMVXiOHs-XgA,chelmsford-massachusetts
https://www.ubereats.com/boston/food-delivery/popeyes-85-parkhurst-rd/cEl7vaWwRy2QgSrK9Axbhg,chelmsford-massachusetts
https://www.ubereats.com/boston/food-delivery/veneto-ristorante/ZCG-Dr_uTdSq6GxmHdhBiw,chelmsford-massachusetts
https://www.ubereats.com/boston/food-delivery/connector-cafe-%26-grill/wxICdLljRCONGyNB5Qk1Pw,chelmsford-massachusetts
https://www.ubereats.com/boston/food-delivery/mcdonalds-1260-bridge-st/WEwYs-juTVSAbySA1DkBvg,chelmsford-massachusetts
https://www.ubereats.com/boston/food-delivery/outback-steakhouse-28-reiss-avenue/u_oOr-NLTyuQd6Ad-FOk7A,chelmsford-massachusetts
https://www.ubereats.com/boston/food-delivery/food-shines/JaKYd5SdRaKLmLFpJ5T55g,chelmsford-massachusetts
https://www.ubereats.com/boston/food-delivery/wing-squad-chelmsford/L0TmugWVTyWAw2ZjZopydQ,chelmsford-massachusetts
https://www.ubereats.com/boston/food-delivery/moes-southwest-grill-1235-bridge-street/s-iLAnYzR5y0kdAWesWgzw,chelmsford-massachusetts
https://www.ubereats.com/boston/food-delivery/dunkin-80-chelmsford-rd-petrolex-gas-station/50p2lPVoS2SvhweZgUAzjA,chelmsford-massachusetts
https://www.ubereats.com/boston/food-delivery/lanxang-star-restaurant/BjPE_V8DRRODlVLc-lbIaA,chelmsford-massachusetts
https://www.ubereats.com/boston/food-delivery/sizzling-kitchen/nihR9wyDQyClOPW8bWf1VA,chelmsford-massachusetts
https://www.ubereats.com/boston/food-delivery/jimmys-pizza-too/t-LLenTaTxmDHC5ANTmE2w,chelmsford-massachusetts
https://www.ubereats.com/boston/food-delivery/panera-66-parkhurst-road/AC645cPARdSHZxzDyrfpyQ,chelmsford-massachusetts
https://www.ubereats.com/boston/food-delivery/the-establishment/YH04Ro4hRq2zVFNp8W6M1Q,chelmsford-massachusetts
https://www.ubereats.com/boston/food-delivery/dracut-house-of-pizza-%26-seafood/RhX3WAzlTy6eBbfAvJoU4w,chelmsford-massachusetts
https://www.ubereats.com/boston/food-delivery/priya-indian-cuisine/Du_NeVwqRrqt9TVrweuxOQ,chelmsford-massachusetts
https://www.ubereats.com/boston/food-delivery/powerhouse-juice/XVKI_PPZSQaiyhIouQy9nA,chelmsford-massachusetts
https://www.ubereats.com/boston/food-delivery/burger-king-77-drum-hill-road/j-c_eCx-STGjpZByJRU0nQ,chelmsford-massachusetts
https://www.ubereats.com/boston/food-delivery/casa-velha-cafe-%26-eatery/DFs8ih8WQwWmmq1JeJhGYQ,chelmsford-massachusetts
https://www.ubereats.com/boston/food-delivery/nana-7-japanese-steakhouse/QW7EEj6mSjK-qPyZxI-ttQ,chelmsford-massachusetts
https://www.ubereats.com/boston/food-delivery/papa-ginos-29-chelmsford-street/rBus61wXRBKHw_sXT8AzCQ,chelmsford-massachusetts
https://www.ubereats.com/boston/food-delivery/lukes-roast-beef-%26-pizzeria/XM1gQflWQ3-Itlvr9Xru6Q,chelmsford-massachusetts
https://www.ubereats.com/boston/food-delivery/wee-thai-food/PweAgfkRTYChBqqYePnYTA,chelmsford-massachusetts
https://www.ubereats.com/boston/food-delivery/chipotle-mexican-grill-65-drum-hill-rd/odffp08pRBWBjRmQo7XZXQ,chelmsford-massachusetts
https://www.ubereats.com/boston/food-delivery/978-cafe/ORH3uo63Sm2AP_WNUxdSwQ,chelmsford-massachusetts
https://www.ubereats.com/boston/food-delivery/madras-grill/T2JNQW8oRzm23QrP1a35VA,chelmsford-massachusetts
https://www.ubereats.com/boston/food-delivery/life-alive-lowell/_bfnFo8dSheUDvf6plGvpA,chelmsford-massachusetts
https://www.ubereats.com/boston/food-delivery/subway-66-parkhurst-rd-%23-4/f3sSJ88hRGupK2EohjXbAw,chelmsford-massachusetts
https://www.ubereats.com/boston/food-delivery/jillies-roast-beef/T9AmoYp_RUKrNdHEVnjuvg,chelmsford-massachusetts
https://www.ubereats.com/boston/food-delivery/pizza-palace/xdW065omTXOu6J1o4vpw2w,chelmsford-massachusetts
https://www.ubereats.com/boston/food-delivery/the-ice-cream-shop/67QPIBLASrGliqH1NQvXVQ,chelmsford-massachusetts
https://www.ubereats.com/boston/food-delivery/meat-again-inc/X--wPnuiSX2gPE-rzkIFVg,chelmsford-massachusetts
https://www.ubereats.com/boston/food-delivery/romeu-e-julieta/EEhVfa-bRfi0qpUx0t3V8A,chelmsford-massachusetts
https://www.ubereats.com/boston/food-delivery/wings-over-lowell/j6s7HIC6QGevtaY8HfZ3sg,chelmsford-massachusetts
https://www.ubereats.com/boston/food-delivery/church-street-cafe/knDGjRnoRuewhTSVdaPo_A,chelmsford-massachusetts
https://www.ubereats.com/boston/food-delivery/wendys-581-rogers-st/2zPNO8x-QA6lRpjLwMI-vA,chelmsford-massachusetts
https://www.ubereats.com/boston/food-delivery/casa-blanca-mexican-restaurant-methuen/4yVa-ysyTAuxcsrZesYqMg,chelmsford-massachusetts
https://www.ubereats.com/boston/food-delivery/brothers-sports-bar-%26-grille/YFIVMmSOSGqeYHFf5d98tg,chelmsford-massachusetts
https://www.ubereats.com/boston/food-delivery/kfc-300-main-street/SwGot0i4SmyxTe0zcAhwDQ,chelmsford-massachusetts
https://www.ubereats.com/boston/food-delivery/tequilas-mexican-cantina/z3DLG_MoRI-hBq2rd1Vt_g,chelmsford-massachusetts
https://www.ubereats.com/boston/food-delivery/rossos-italian-style-pizza/xehblcxdS6CUmv3fXo3TpQ,chelmsford-massachusetts
https://www.ubereats.com/boston/food-delivery/come-y-vete/0FbmHwKEQU-utmKVmvb_hg,chelmsford-massachusetts
https://www.ubereats.com/boston/food-delivery/el-jefe-taco-bar/bdI3yjYORKip327W0xj1nw,chelmsford-massachusetts
https://www.ubereats.com/boston/food-delivery/starbucks-chelmsford-drum-hill-rd/Fk8VToPnQ4evI4ZMYcW_cA,chelmsford-massachusetts
https://www.ubereats.com/boston/food-delivery/roma-pizza/nNhVA2ArSEOjRBoORBtbxw,chelmsford-massachusetts
https://www.ubereats.com/boston/food-delivery/lemon-and-thyme-bistro/4555n13tTjSdVu_6XBHnDg,chelmsford-massachusetts
https://www.ubereats.com/boston/food-delivery/sals-pizza-328-boston-rd/TLxT-50RS0GIkiXQz-z7BQ,chelmsford-massachusetts
https://www.ubereats.com/manchester-nh/food-delivery/two55-club/jFCVXSs6QqasVV9ZGnuUKQ,chelmsford-massachusetts
https://www.ubereats.com/boston/food-delivery/kfc-taco-bell-485-boston-road/xlCJRy3RSs-PnwhTr2GYNA,chelmsford-massachusetts
https://www.ubereats.com/boston/food-delivery/chopsticks/Kso5RVcfQ7uf1R1TdEGVdA,chelmsford-massachusetts
https://www.ubereats.com/boston/food-delivery/little-caesars-pizza-430-bridge-st/onk_gEGVSn6UAqxKI0oENw,chelmsford-massachusetts
https://www.ubereats.com/boston/food-delivery/trolley-pizza/SLbdILgrTfa57jRD4gw6kw,chelmsford-massachusetts
https://www.ubereats.com/boston/food-delivery/burger-king-85-main-street/u4REToENSmCwVFdPAQTQ1w,chelmsford-massachusetts
https://www.ubereats.com/boston/food-delivery/g%26g-quick-bite/cqldQOz4QbKzR8xTwTPvYA,chelmsford-massachusetts
https://www.ubereats.com/boston/food-delivery/subway-254-merrimack-st/smsS3_q7SdiqGKXVcJZqug,chelmsford-massachusetts
https://www.ubereats.com/manchester-nh/food-delivery/come-y-vete/0FbmHwKEQU-utmKVmvb_hg,chelmsford-massachusetts
https://www.ubereats.com/boston/food-delivery/fios-express/0uwSbZcuSsWzLYAqSAbE4A,chelmsford-massachusetts
https://www.ubereats.com/boston/food-delivery/dunkin-290-central-st/bTIk8eDiSaSnYtDgYoT7SQ,chelmsford-massachusetts
https://www.ubereats.com/boston/food-delivery/mayuri-indian-cuisine/HUmMITXrQiib3OsnAMD4rw,chelmsford-massachusetts
https://www.ubereats.com/boston/food-delivery/the-street-food-rice-and-noodle/yxO0G4T1TSeoGnLETsYhLA,chelmsford-massachusetts
https://www.ubereats.com/manchester-nh/food-delivery/athenian-corner/vDEZyqCaQYCItmCJ06mBqw,chelmsford-massachusetts
https://www.ubereats.com/boston/food-delivery/bertuccis-14-littleton-road/uxhzTyIdSsS94zmCf4j2tQ,chelmsford-massachusetts
https://www.ubereats.com/boston/food-delivery/dunkin-185-woburn-st-gulf-gas-station/Frd1IYafS3-WBpfkOI7Lyw,chelmsford-massachusetts
https://www.ubereats.com/boston/food-delivery/dunkin-24-merrimack-st/n48xm2x-Rs6a3x9HLUCPiQ,chelmsford-massachusetts
https://www.ubereats.com/boston/food-delivery/pizza-hazel/8PqDAwytQ2mLbo1vBeHV6Q,chelmsford-massachusetts
https://www.ubereats.com/boston/food-delivery/burger-king-392-chelmsford-street/r0ALopyjQiGJB_atsgiKhA,chelmsford-massachusetts
https://www.ubereats.com/boston/food-delivery/athenian-corner/vDEZyqCaQYCItmCJ06mBqw,chelmsford-massachusetts
https://www.ubereats.com/boston/food-delivery/pizza-%26-sub-stop/7eCaC5KySzmbWIrqFAkE5A,chelmsford-massachusetts
https://www.ubereats.com/boston/food-delivery/holi-indian-restaurant/0j2BNKNFSk2LeZ8qokP2Ew,chelmsford-massachusetts
https://www.ubereats.com/boston/food-delivery/flavor-grill/nRlI3yrGSTewhBW9Exf4dA,chelmsford-massachusetts
https://www.ubereats.com/boston/food-delivery/genes-chinese-flatbread-cafe/_lM70RVhR4OMO3y_OVAVrQ,chelmsford-massachusetts
https://www.ubereats.com/boston/food-delivery/santoros-subs-and-pizza/lVD44r__SEeBs3nUYIL6oA,chelmsford-massachusetts
https://www.ubereats.com/boston/food-delivery/little-delights-bakery/cgWh_ef-RyODxpQysn-0DQ,chelmsford-massachusetts
https://www.ubereats.com/boston/food-delivery/boston-market-40-drum-hill-rd/xQKTMUKPRByNeP0O2xzkkw,chelmsford-massachusetts
https://www.ubereats.com/boston/food-delivery/papa-ginos-553-main-st/wKAH3gqWR2i46mNM2a-cow,chelmsford-massachusetts
https://www.ubereats.com/boston/food-delivery/honey-dew-donuts-273-littleton-rd/HkqOWBHGQFOwOGfJ0q42-Q,chelmsford-massachusetts
https://www.ubereats.com/boston/food-delivery/honeydew-donuts/_SpVp8nmR7Cam1st8QrTCA,chelmsford-massachusetts
https://www.ubereats.com/boston/food-delivery/main-st-pizza-seafood-restaurant/NJ2_GrVIRVCJS7YvOzss9A,chelmsford-massachusetts
https://www.ubereats.com/boston/food-delivery/godly-smoothies/If3w_uTiQ7-5L-x1mnYQFQ,chelmsford-massachusetts
https://www.ubereats.com/boston/food-delivery/la-hacienda-del-rio/3BjTGH_YTtiKI9w0RPnY0A,chelmsford-massachusetts
https://www.ubereats.com/boston/food-delivery/two55-club/jFCVXSs6QqasVV9ZGnuUKQ,chelmsford-massachusetts
https://www.ubereats.com/boston/food-delivery/applebees-50-drum-hill-rd-%2381082/JfHFLZNWTOWUvq9Td36dCw,chelmsford-massachusetts
https://www.ubereats.com/boston/food-delivery/mcdonalds-1-varnum-ave/w3R8653KQzaJY2wsfVMfmg,chelmsford-massachusetts
https://www.ubereats.com/boston/food-delivery/mill-city-pizzeria/d-x3Vk02SRCTwkFvVv8yew,chelmsford-massachusetts
https://www.ubereats.com/boston/food-delivery/wendys-436-chelmsford-st/8RYlhXQvSCunJmL94g1bjA,chelmsford-massachusetts
https://www.ubereats.com/boston/food-delivery/galeria-cafe/B2d_lSibQACt_Name-D7pg,chelmsford-massachusetts
https://www.ubereats.com/boston/food-delivery/wendys-312-boston-rd/N5sOMKDCQeSMkSfuYYeghw,chelmsford-massachusetts
https://www.ubereats.com/manchester-nh/food-delivery/sakura-asian-bistro/oUEczvYoRRGoCgohnb66wg,chelmsford-massachusetts
https://www.ubereats.com/boston/food-delivery/sakura-asian-bistro/oUEczvYoRRGoCgohnb66wg,chelmsford-massachusetts
https://www.ubereats.com/boston/food-delivery/top-donut-lakeview-ave/rip3A8A_R5CR5CPAKXJ1UA,chelmsford-massachusetts
https://www.ubereats.com/boston/food-delivery/bani-restaurant/g6d90oeeRrCf4U41SQ-oog,chelmsford-massachusetts
https://www.ubereats.com/boston/food-delivery/chipotle-mexican-grill-174-littleton-rd-ste-1/5wLq-MVUTHSTbyxIEDZaKg,chelmsford-massachusetts
https://www.ubereats.com/boston/food-delivery/uno-pizzeria-%26-grill-%23501/yyQoy-JYQjechSCxLdrr3w,chelmsford-massachusetts
https://www.ubereats.com/boston/food-delivery/the-ice-cream-shop/dXdorGrPRLquPMSuurdPig,chelmsford-massachusetts
https://www.ubereats.com/boston/food-delivery/romanos-pizza-and-roast-beef-of-dracut/w8AYnNqcQauqRyUydcVLUw,chelmsford-massachusetts
https://www.ubereats.com/boston/food-delivery/dunkin-651-rogers-st/boqgbGcYTZ6vzJrXQh6Cpg,chelmsford-massachusetts
https://www.ubereats.com/boston/food-delivery/dunkin-182-great-rd/FNeZ4jtbTSSXEUDwD_2bhw,chelmsford-massachusetts
https://www.ubereats.com/boston/food-delivery/dunkin-1777-bridge-st/4O24WyslTXuS2WkUqpI8TQ,chelmsford-massachusetts
https://www.ubereats.com/boston/food-delivery/belvidere-house-of-pizza/2xJtElSDSyuwTWwFFMyeHQ,chelmsford-massachusetts
https://www.ubereats.com/boston/food-delivery/burger-king-1200-bridge-street/PXOjpIvvTKaofS_bVIKDfw,chelmsford-massachusetts
https://www.ubereats.com/boston/food-delivery/chuck-e-cheese-199-plain-st-unit-5/2k5KlQCwQ5GpofXyEzxo_Q,chelmsford-massachusetts
https://www.ubereats.com/boston/food-delivery/moes-southwest-grill-90-drum-hill-road/aXHakXzWToumjc0L_YKw4Q,chelmsford-massachusetts
https://www.ubereats.com/boston/food-delivery/new-great-taste/TJpEweBIScSiRUgmcKaKdA,chelmsford-massachusetts
https://www.ubereats.com/boston/food-delivery/the-ice-cream-shop/-Mmj-deER3CMES3bAYPXYQ,chelmsford-massachusetts
https://www.ubereats.com/manchester-nh/food-delivery/lemon-and-thyme-bistro/4555n13tTjSdVu_6XBHnDg,chelmsford-massachusetts
https://www.ubereats.com/boston/food-delivery/taka-asian-cuisine/guKTAeBRQrS4YWKMwB_oTQ,chelmsford-massachusetts
https://www.ubereats.com/manchester-nh/food-delivery/feng-shui/YfVWeSB5QUu-oEKgcrd5KQ,chelmsford-massachusetts
https://www.ubereats.com/boston/food-delivery/sals-pizza-296-chelmsford-st/sdnjdEmkQriSjvCLe55iJQ,chelmsford-massachusetts
https://www.ubereats.com/boston/food-delivery/china-buffet/0Mv4ffsYTECVkr1ntkNS4w,chelmsford-massachusetts
https://www.ubereats.com/boston/food-delivery/mcdonalds-66-plain-st/lo5B7BXlTP-WKIeEmazY3A,chelmsford-massachusetts
https://www.ubereats.com/boston/food-delivery/kens-ny-deli-%26-brick-oven-pizzeria/YLPs5Z7bRcqTWf0NNcYmow,chelmsford-massachusetts
https://www.ubereats.com/boston/food-delivery/feng-shui/YfVWeSB5QUu-oEKgcrd5KQ,chelmsford-massachusetts
https://www.ubereats.com/boston/food-delivery/the-ice-cream-shop/sUgIC0wJQZeYbNfkv8gPZg,chelmsford-massachusetts
https://www.ubereats.com/boston/food-delivery/the-ice-cream-shop/DWvqQYibS0Oyu3kphS9dSw,chelmsford-massachusetts
https://www.ubereats.com/boston/food-delivery/buffalo-wild-wings-310-daniel-webster-hwy/-eDSKru7TZiaDnu9O5iC5w,chelmsford-massachusetts
https://www.ubereats.com/boston/food-delivery/charleys-philly-steaks-pheasant-lane-mall/Xo94eaazR2ieqo-xWfjagQ,chelmsford-massachusetts
https://www.ubereats.com/boston/food-delivery/blue-taleh/fG6U7p_3RSivQoee1m2pCw,chelmsford-massachusetts
https://www.ubereats.com/manchester-nh/food-delivery/panera-66-parkhurst-road/AC645cPARdSHZxzDyrfpyQ,chelmsford-massachusetts
https://www.ubereats.com/manchester-nh/food-delivery/maza-mediterranean-grill/tK7JigS6RA6L0P4q8FMYuQ,chelmsford-massachusetts
https://www.ubereats.com/boston/food-delivery/casablanca-mexican-restaurant-%26-cantina/orpepgXZTFubzaNalsHgmA,chelmsford-massachusetts
https://www.ubereats.com/boston/food-delivery/kfc-taco-bell-1720-middlesex-street/Qj5xJUOYSIyvgSdGyNaReQ,chelmsford-massachusetts
https://www.ubereats.com/boston/food-delivery/maza-mediterranean-grill/tK7JigS6RA6L0P4q8FMYuQ,chelmsford-massachusetts
https://www.ubereats.com/boston/food-delivery/purple-carrot-bread/idbG7US2RoK35h-sCCUy-g,chelmsford-massachusetts
https://www.ubereats.com/boston/food-delivery/expresso-pizza/2T907-MMSJ6RfOqQajPFWg,chelmsford-massachusetts
https://www.ubereats.com/boston/food-delivery/angelinas/vJSB1ws1Q-6R5jtvwWgk_Q,chelmsford-massachusetts
https://www.ubereats.com/boston/food-delivery/fuji/BXwsiYO3Q_i8gSVrPsCtdg,chelmsford-massachusetts
https://www.ubereats.com/boston/food-delivery/wendys-1460-middlesex-street/iIdbMgh0QYKsrp9pqGiT_Q,chelmsford-massachusetts
