url,city
https://www.ubereats.com/nashville/food-delivery/popeyes-1640-fort-campbell-blvd/W4bEGGd5Qtm-l-PXA2qwbA,clarksville-tennessee
https://www.ubereats.com/nashville/food-delivery/blackhorse-pub-and-brewery/gridTloVTkGy_0Ktw_EPZQ,clarksville-tennessee
https://www.ubereats.com/nashville/food-delivery/captain-ds-889-kraft-street/oQObNQ3gTwOZRAFLH7pMAg,clarksville-tennessee
https://www.ubereats.com/nashville/food-delivery/hardees-1480-tiny-town-rd/Gk7hhmHNSmqpVaVjWOjdGA,clarksville-tennessee
https://www.ubereats.com/nashville/food-delivery/kfc-1879-madison-street/P57ahBrFSDGk1CeM6sD8Jg,clarksville-tennessee
https://www.ubereats.com/nashville/food-delivery/naru-korean-bbq/9mF02C63QLql9BiXueTynQ,clarksville-tennessee
https://www.ubereats.com/nashville/food-delivery/white-castle-3060-wilma-rudolph-blvd/qLUE9KbRROu1NcoctChxhA,clarksville-tennessee
https://www.ubereats.com/nashville/food-delivery/papa-johns-2257-wilma-rudolph-blvd/mWgcj1faSFGfvvLEkc5kag,clarksville-tennessee
https://www.ubereats.com/nashville/food-delivery/buffalo-wild-wings-110-s-hampton-pl/JL185vAQSxC4zZYaOTLwVQ,clarksville-tennessee
https://www.ubereats.com/nashville/food-delivery/sams-greek-cafe-at-tiny-town/gpL41p-6S_CSogKD-E_xMw,clarksville-tennessee
https://www.ubereats.com/nashville/food-delivery/jets-pizza-2965-fort-campbell-blvd-suite-200/vc8hN5rDT9uvygEQM_uVCw,clarksville-tennessee
https://www.ubereats.com/nashville/food-delivery/raffertys-restaurant-clarksville/OwBB5PMhRwiiX1kxSzuAOg,clarksville-tennessee
https://www.ubereats.com/nashville/food-delivery/noodles-%26-company-2702-wilma-rudolph-blvd/I_nnaKnfT3qN0bY-E0uQ8Q,clarksville-tennessee
https://www.ubereats.com/nashville/food-delivery/captain-ds-2280-madison-street/3DUk8k5ZRqa-aTmi6GtdeA,clarksville-tennessee
https://www.ubereats.com/nashville/food-delivery/natural-selection-juicery/CR8OgFI9S5eLF7hRkq4A_g,clarksville-tennessee
https://www.ubereats.com/nashville/food-delivery/fazolis-2143-lowes-drive/CFtu9Ab9QMyQ0nR3L50fiA,clarksville-tennessee
https://www.ubereats.com/nashville/food-delivery/smokin-chikin/g3eEVvcNSjOu0p3mp5DKgw,clarksville-tennessee
https://www.ubereats.com/nashville/food-delivery/firehouse-subs-3075-wilma-rudolph-blvd-b-4/iFePglUGQt2QaP7GGxEryQ,clarksville-tennessee
https://www.ubereats.com/nashville/food-delivery/steak-n-shake-2819c-wilma-rudolph/dfvSwj88SXO1Be1C4N3Wxg,clarksville-tennessee
https://www.ubereats.com/nashville/food-delivery/papa-murphys-1571-fort-campbell-boulevard/e-OWPveKTn-KxICWDbMIsg,clarksville-tennessee
https://www.ubereats.com/nashville/food-delivery/jersey-mikes-subs-2808-wilma-rudolph-blvd/2o6UKAxkSm6Gco2O7ghWDg,clarksville-tennessee
https://www.ubereats.com/nashville/food-delivery/el-bracero/Tu5AfdZoR2e4riXgL-39iw,clarksville-tennessee
https://www.ubereats.com/nashville/food-delivery/cinnabon-2801-wilma-rudolph-blvd/RtI7p7FUT4KXULPfN1axag,clarksville-tennessee
https://www.ubereats.com/nashville/food-delivery/papa-murphys-1960-madison-road/nkEW3qQ-Qv2tfu_UKKfuBA,clarksville-tennessee
https://www.ubereats.com/nashville/food-delivery/moes-southwest-grill-108-morris-road-suite-101/pBhbkb8ySbanx3oc8jprRQ,clarksville-tennessee
https://www.ubereats.com/nashville/food-delivery/burger-king-664-n-riverside-dr/xNAJ10bdTpyk5PPGRWyEXQ,clarksville-tennessee
https://www.ubereats.com/nashville/food-delivery/kimos-hawaiian-grill/mL1VIUqTRnyhbM8knxpUEQ,clarksville-tennessee
https://www.ubereats.com/nashville/food-delivery/great-american-cookies-2801-wilma-rudolph-blvd/60c_yTSmSseXeSBmMgy6DA,clarksville-tennessee
https://www.ubereats.com/nashville/food-delivery/kfc-781-north-2nd-street/mFeEaRcZQDCSdwAsEzSbpg,clarksville-tennessee
https://www.ubereats.com/nashville/food-delivery/wagon-wheel-cotterells-family-restaurant/HuudJlJ3TwqJ_Yh1fqeHQA,clarksville-tennessee
https://www.ubereats.com/nashville/food-delivery/four-brothers-wood-fired-pizza/4iVgwdN0RciRxE1qQMOqmA,clarksville-tennessee
https://www.ubereats.com/nashville/food-delivery/don-pancho-mexican-restaurant/wkuNHlVDTHCRws6QqoF6IA,clarksville-tennessee
https://www.ubereats.com/nashville/food-delivery/starbucks-madison-%26-hwy-41/kXy1k4TCSJ2CQs4iG3gFpA,clarksville-tennessee
https://www.ubereats.com/nashville/food-delivery/kfc-3051-guthrie-highway/-12ECCmVSfCouyIAGSdyfw,clarksville-tennessee
https://www.ubereats.com/nashville/food-delivery/starbucks-tinytown-%26-trenton-clarksville/321zXbNKQRuJwDTqmM1XaA,clarksville-tennessee
https://www.ubereats.com/nashville/food-delivery/starbucks-fort-campbell-and-quin/IuBYSn_XQj2u722eb7H60g,clarksville-tennessee
https://www.ubereats.com/nashville/food-delivery/taco-bell-788-riverside-drive/7S9TBWjHTxKTwTcLS5qaNg,clarksville-tennessee
https://www.ubereats.com/nashville/food-delivery/dickeys-bbq-pit-2345-madison-street/yJLWfxGSTFyban-eDTgKyw,clarksville-tennessee
https://www.ubereats.com/nashville/food-delivery/red-lobster-2838-wilma-rudolph-blvd/RRMj4ZekScGZAEU3juVwxQ,clarksville-tennessee
https://www.ubereats.com/nashville/food-delivery/starbucks-wilma-rudolph-and-trenton/MPqMezBjSaGk0e_5qdceHw,clarksville-tennessee
https://www.ubereats.com/nashville/food-delivery/foxs-bbq/8KYRUQx4TwSyd69YKA3C7w,clarksville-tennessee
https://www.ubereats.com/nashville/food-delivery/applebees-3066-wilma-rudolph/KCpx1kdrTD2um3gFqZCTUw,clarksville-tennessee
https://www.ubereats.com/nashville/food-delivery/arbys-3325-fort-campbell-blvd/CgrQY827TEaJYcT36hr35g,clarksville-tennessee
https://www.ubereats.com/nashville/food-delivery/new-king-mao/7XiLBX7BQzSQMJJTHZxCJQ,clarksville-tennessee
https://www.ubereats.com/nashville/food-delivery/auntie-annes-governors-square-unit-540-2801-wilma-rudolph-blvd/Ge6KhmnZS8qGk5fO3-BJ9g,clarksville-tennessee
https://www.ubereats.com/nashville/food-delivery/ocharleys-674-n-riverside-dr/e92n83m5RLKVxyZujaB6FQ,clarksville-tennessee
https://www.ubereats.com/nashville/food-delivery/hooties-burger-bar-fort-campbell/pZ1wODq4SyCVZ0yyBz4zBg,clarksville-tennessee
https://www.ubereats.com/nashville/food-delivery/sugar-coated-fudgery/DOny4SxmT_ecFaNgeSRXpQ,clarksville-tennessee
https://www.ubereats.com/nashville/food-delivery/krystal-2740-wilma-rudolph-blvd/RQccABkMRBiB9eekppnI1g,clarksville-tennessee
https://www.ubereats.com/nashville/food-delivery/starbucks-s-hampton-%26-wilma-rudolph/C0eCF03iTW6wDWjOT8Ti_g,clarksville-tennessee
https://www.ubereats.com/nashville/food-delivery/firehouse-subs-1839-madison-street-building-e/5xAaoCiaTQKbAiCN0u072Q,clarksville-tennessee
https://www.ubereats.com/nashville/food-delivery/hk-wok/W_uq99SfTNqtZytcBX8ijw,clarksville-tennessee
https://www.ubereats.com/nashville/food-delivery/ocharleys-2792-wilma-rudolph-blvd/LcqqCwApRbK3IuDA4jdzyw,clarksville-tennessee
https://www.ubereats.com/nashville/food-delivery/nine-dragons/qHtBnxfmQFiC3kK6usZ5AQ,clarksville-tennessee
https://www.ubereats.com/nashville/food-delivery/cracker-barrel-old-country-store-200-cracker-barrel-drive/FNPQ3FvUSBOJ1oh7UD7H1w,clarksville-tennessee
https://www.ubereats.com/nashville/food-delivery/pho-real/AL5vJ6ucS-OXrfK_SYDKMw,clarksville-tennessee
https://www.ubereats.com/nashville/food-delivery/burger-king-2090-wilma-rudolph-blvd/d08DQGX7RYuhdesgMQvzVQ,clarksville-tennessee
https://www.ubereats.com/nashville/food-delivery/mcdonalds-1921-madison-ext/m0I-ELrUT6CzqNqajtGPQw,clarksville-tennessee
https://www.ubereats.com/nashville/food-delivery/chick-fil-a-1626-madison-st/2hSUt-r6SWK4VXGjQdqV7Q,clarksville-tennessee
https://www.ubereats.com/nashville/food-delivery/panda-express-3073-wilma-rudolph-blvd/cyAWQOosT0yMJiev1aUFNw,clarksville-tennessee
https://www.ubereats.com/nashville/food-delivery/papa-johns-1483-madison-street/HblRniuTTei9i7GgSvXxuw,clarksville-tennessee
https://www.ubereats.com/nashville/food-delivery/wendys-2800-wilma-rudolph-blvd/_VBkmiakQ4qVZgwExt5iyw,clarksville-tennessee
https://www.ubereats.com/nashville/food-delivery/bojangles-famous-chicken-%26-biscuits-1172-1836-tiny-town-road/ochSUlflTLmnGnhkEt8fHQ,clarksville-tennessee
https://www.ubereats.com/nashville/food-delivery/wendys-1824-tiny-town-road/dotfHqxkQQeQbkRmuz9TqQ,clarksville-tennessee
https://www.ubereats.com/nashville/food-delivery/mcdonalds-3078-wilma-rudolph-blvd/_naRoO1NQZGgtIz4cakEVQ,clarksville-tennessee
https://www.ubereats.com/nashville/food-delivery/la-casa-taqueria/PewpQB8VTSWNbNQ7zW4cYQ,clarksville-tennessee
https://www.ubereats.com/nashville/food-delivery/logans-roadhouse-304-3072-wilma-rudolph-boulevard/J-re-vThRrOgxKDbIU5Muw,clarksville-tennessee
https://www.ubereats.com/nashville/food-delivery/dynamos-wings/dkyv-hkQSTGCp0vORxguZw,clarksville-tennessee
https://www.ubereats.com/nashville/food-delivery/chipotle-mexican-grill-625-kennedy-ln/wqGXMN_6S3WIqkoSNIW9LA,clarksville-tennessee
https://www.ubereats.com/nashville/food-delivery/subway-2512-wilma-rudolph-blvd-ste-b/nlA49uQ0Tv-jpCx-H9w0dQ,clarksville-tennessee
https://www.ubereats.com/nashville/food-delivery/taco-bell-3055-wilma-rudolph-blvd/Fy13y5RMRTG2KjrQRZUVgQ,clarksville-tennessee
https://www.ubereats.com/nashville/food-delivery/hooters-fort-campbell/0I9-ML7qQTOjG9jBVhX3PQ,clarksville-tennessee
https://www.ubereats.com/nashville/food-delivery/the-captains-boil-1826-ft-campbell-blvd/kyWiXEDvSTqFL1fA9Cnehw,clarksville-tennessee
https://www.ubereats.com/nashville/food-delivery/marcos-pizza-1767-wilma-rudolph-blvd/POCUtBimSZa8elErQ5ACnA,clarksville-tennessee
https://www.ubereats.com/nashville/food-delivery/mcdonalds-792-n-2nd-st/_nDryAj3RqKPQftoZZQYjg,clarksville-tennessee
https://www.ubereats.com/nashville/food-delivery/edible-arrangements-hampton-plaza-shopping-center-2872-wilma-rudolph-boulevard/F3R2oif0Rvalu4imGzoGqA,clarksville-tennessee
https://www.ubereats.com/nashville/food-delivery/taco-bell-1670-ft-campbell-blvd/XJijGAezT7-kPNCsMttKFA,clarksville-tennessee
https://www.ubereats.com/nashville/food-delivery/uncle-settles-fish-chicken-and-more/lZiJ1h7tS5-x51GXmDY5vw,clarksville-tennessee
https://www.ubereats.com/nashville/food-delivery/jack-in-the-box-40-dover-crossing-rd/msP4y4WdRh2ekl_jjhEGFw,clarksville-tennessee
https://www.ubereats.com/nashville/food-delivery/ihop-3502/uFhmohCXRH-vyqVMdS4PsA,clarksville-tennessee
https://www.ubereats.com/nashville/food-delivery/sams-greek-cafe-since-1998/Yw8AqXiTRUyOulKQFbLwYA,clarksville-tennessee
https://www.ubereats.com/nashville/food-delivery/green-poke/58b93tZxS-Wk3VdULcBtSA,clarksville-tennessee
https://www.ubereats.com/nashville/food-delivery/old-chicago-96-2815-wilma-rudolph-blvd/P9yMcgymTDevChZHcNW6QA,clarksville-tennessee
https://www.ubereats.com/nashville/food-delivery/arbys-965-n-riverside-dr/eVoW3EnLQg6jIWByVeOc1g,clarksville-tennessee
https://www.ubereats.com/nashville/food-delivery/athena-greek-cafe/r-tiuFckR5mi7KOuzrulqQ,clarksville-tennessee
https://www.ubereats.com/nashville/food-delivery/juicy-seafood-clarksville/3_XXIBz6Rq-MO_zveUJXRg,clarksville-tennessee
https://www.ubereats.com/nashville/food-delivery/arbys-3067-wilma-rudolph-blvd/wwG9Urj5Ra6xTXiFZCFcBQ,clarksville-tennessee
https://www.ubereats.com/nashville/food-delivery/tropicana-restaurant/pxxbFkdSREaomZN6LCH9Tw,clarksville-tennessee
https://www.ubereats.com/nashville/food-delivery/cicis-pizza/P8VYapUSR-iLiMntedWmVA,clarksville-tennessee
https://www.ubereats.com/nashville/food-delivery/the-captains-boil-2239-madison-street/GJUI2VgzSN22D_IifmJKEA,clarksville-tennessee
https://www.ubereats.com/nashville/food-delivery/el-comal/UfsDF4LbR82tvvvByats8w,clarksville-tennessee
https://www.ubereats.com/nashville/food-delivery/bojangles-famous-chicken-%26-biscuits-1138-1765-madison-street/VZbbVHePTxW6QCk28au9mA,clarksville-tennessee
https://www.ubereats.com/nashville/food-delivery/outback-steakhouse-2790-wilma-rudolph-boulevard/zpZkxmDySNis6h5YjIQ9lQ,clarksville-tennessee
https://www.ubereats.com/nashville/food-delivery/kfc-2725-fort-campbell-boulevard/Z0oxNgpsTqqHDFRIn7RalA,clarksville-tennessee
https://www.ubereats.com/nashville/food-delivery/hardees-1941-madison-st/44XhqpztSCOsiR6_x93Q7w,clarksville-tennessee
https://www.ubereats.com/nashville/food-delivery/captain-ds-3061-wilma-rudolph-boulevard/glkD_clORH-Jg_t_lv0daw,clarksville-tennessee
https://www.ubereats.com/nashville/food-delivery/qq-sweet-creamery/6rpCmzh5TrOYFrKpeHbKUQ,clarksville-tennessee
https://www.ubereats.com/nashville/food-delivery/nuttin-but-wings-clarksville/lgYXZX0nRkivfP3Aud5hTw,clarksville-tennessee
https://www.ubereats.com/nashville/food-delivery/churchs-chicken-419-north-riverside-drive/uM955DZUSR-rqmu6wCUixQ,clarksville-tennessee
https://www.ubereats.com/nashville/food-delivery/el-bracero/RDSkeQd8RVSui2HuZrWqlg,clarksville-tennessee
https://www.ubereats.com/nashville/food-delivery/papa-johns-1488-tiny-town-rd/jOsk8ndYTKyM-WA4vHBnLg,clarksville-tennessee
https://www.ubereats.com/nashville/food-delivery/dodges-clarksville-%231/WOr744VVSQKwhoPEvgQ7ag,clarksville-tennessee
https://www.ubereats.com/nashville/food-delivery/wendys-662-n-riverside-dr/BPnNYPSBRmimtuQzxV4veQ,clarksville-tennessee
https://www.ubereats.com/nashville/food-delivery/jersey-mikes-subs-1960-l-madison-street/KytAGUy6QGyCXyAy-Md3kw,clarksville-tennessee
https://www.ubereats.com/nashville/food-delivery/ruby-tuesday-1826-ft-campbell-blvd/sNsyLW_zSmSKi80oXKEcGg,clarksville-tennessee
https://www.ubereats.com/nashville/food-delivery/ruby-tuesday-2239-madison-street/mDI76IujS1OzOTxE7j8Sjg,clarksville-tennessee
https://www.ubereats.com/nashville/food-delivery/ihop-2819-b-wilma-rudolph-boulevard/rpJdR6EmQ6CXaYM9m7epTQ,clarksville-tennessee
https://www.ubereats.com/nashville/food-delivery/el-bracero/i1Tg1-HdQcuaBNXNa1OLaA,clarksville-tennessee
https://www.ubereats.com/nashville/food-delivery/subway-651-n-riverside-dr/6n7xjfNgRxKoo2vg9QVv7A,clarksville-tennessee
https://www.ubereats.com/nashville/food-delivery/arbys-2237-madison-st/A68MvZx_T7GRv_Lu6u5Cpg,clarksville-tennessee
https://www.ubereats.com/nashville/food-delivery/wendys-2330-madison-st/xE2OQfw3SWyY836t-hRPXw,clarksville-tennessee
https://www.ubereats.com/nashville/food-delivery/sams-gyros-y-tacos/PdLFyzEbRXmhFezH0THRjQ,clarksville-tennessee
https://www.ubereats.com/nashville/food-delivery/guacamoles-mexican-restaurant/5vQRts-uRlKwxPmC13bcqQ,clarksville-tennessee
https://www.ubereats.com/nashville/food-delivery/kisoro-sushi-and-steak/NQyH2AhEQW2KzNF4ATbPNQ,clarksville-tennessee
https://www.ubereats.com/nashville/food-delivery/chuck-e-cheese-2821-b-wilma-rudolph-blvd/dh1g8i2QTEmEgGfaCRvdUQ,clarksville-tennessee
https://www.ubereats.com/nashville/food-delivery/no1-chinese-restaurant/U31O5hI_TKWsBCORymBWlA,clarksville-tennessee
https://www.ubereats.com/nashville/food-delivery/costa-azul-grill-%26-bar/T_iFmkMtS2Ct0ID8PKdv7A,clarksville-tennessee
https://www.ubereats.com/nashville/food-delivery/wendys-1683-ft-campbell-boulevard/ws-jG0bLQIWxLLtFFc48Og,clarksville-tennessee
https://www.ubereats.com/nashville/food-delivery/keondras-restaurant/nENyb0cgRHmuOMAIM_hYTQ,clarksville-tennessee
https://www.ubereats.com/nashville/food-delivery/krispy-kreme-2147-lowes-drive/0_2qQsA9QYyx4_Ei_8w_IA,clarksville-tennessee
https://www.ubereats.com/nashville/food-delivery/tarboosh-mediterranean-cuisine/xeVhmzVhSLC-Hy1pBIOMrA,clarksville-tennessee
https://www.ubereats.com/nashville/food-delivery/helens-hot-chicken/tyFr77ZiSxeQ06XyH4HJGg,clarksville-tennessee
https://www.ubereats.com/nashville/food-delivery/pasquallys-pizza-%26-wings-2821-b-wilma-rudolph-blvd/9fIIOV_RRcinOaJwCqfWtg,clarksville-tennessee
https://www.ubereats.com/nashville/food-delivery/china-chef/tiIsimGoTjqelM3CVdyxlw,clarksville-tennessee
https://www.ubereats.com/nashville/food-delivery/tropical-smoothie-cafe-1825-madison-st/m5seWaUnTaeKECyBnr6BWA,clarksville-tennessee
https://www.ubereats.com/nashville/food-delivery/taco-bell-1470-tiny-town-rd/awEdLQ32SA25KJbrAPEOLw,clarksville-tennessee
https://www.ubereats.com/nashville/food-delivery/five-guys-tn-1528-1767-madison-st/I7H6rA26RiCf2gu-ZmRmAA,clarksville-tennessee
https://www.ubereats.com/nashville/food-delivery/call-it-pho/o_3Jr5GsRwuiVTPmttmRvw,clarksville-tennessee
https://www.ubereats.com/nashville/food-delivery/jumbo-crab/dYsLX_UYTem2-RblcsBpMQ,clarksville-tennessee
https://www.ubereats.com/nashville/food-delivery/el-habanero-mexican-bar-%26-grill/y2eJrngMQEiVccRbQHQ8pw,clarksville-tennessee
https://www.ubereats.com/nashville/food-delivery/jets-pizza-1849-madison-st-suite-a/6iZg0GgCQv6Auq56Zf5-DA,clarksville-tennessee
https://www.ubereats.com/nashville/food-delivery/arbys-3920-trenton-rd/eJ9ZInZ6Tsin65cywVCrSw,clarksville-tennessee
https://www.ubereats.com/nashville/food-delivery/taco-bell-1720-tiny-town-road/kfvHkZxrT5K_0N58pUT7yg,clarksville-tennessee
https://www.ubereats.com/nashville/food-delivery/king-tut-coffee-and-grill/-YLA6RTsSsaxJz4iYqca7g,clarksville-tennessee
https://www.ubereats.com/nashville/food-delivery/el-pancho-villa-grill/Q6TAMuXsQdOVJtlt29sM-g,clarksville-tennessee
https://www.ubereats.com/nashville/food-delivery/china-king-buffet/TcTasUcOS22vm7fN5ZJIYQ,clarksville-tennessee
https://www.ubereats.com/nashville/food-delivery/subway-1467-tiny-town-rd-ste-d/h6FWNhd0QE-pNaIC5ddOlQ,clarksville-tennessee
https://www.ubereats.com/nashville/food-delivery/golden-corral-2811-wilma-rudolph-blvd/U2HOZJUaTrS9b4CGmIKOkQ,clarksville-tennessee
