url,city
https://www.ubereats.com/atlanta/food-delivery/piccadilly-cafeteria-dekalb-mall/-klgzLfxQ5GNU_4Sd4ELvQ,clarkston-georgia
https://www.ubereats.com/atlanta/food-delivery/the-original-pancake-house/7_Wxh8xXSkupanXGnaDt2w,clarkston-georgia
https://www.ubereats.com/atlanta/food-delivery/fiesta-palace-mexican-taqueria-homemaker/3wtMFpoCSc6johwB3seglA,clarkston-georgia
https://www.ubereats.com/atlanta/food-delivery/gus-kitchen/sELffekUTTWD838qE4Y3Og,clarkston-georgia
https://www.ubereats.com/atlanta/food-delivery/cafe-dominicano/j4Po1XUkSgmEHp9FfiVrgA,clarkston-georgia
https://www.ubereats.com/atlanta/food-delivery/wendys-3504-chamblee-tucker-road/4M4II0b4SNSBMBXfMkFwZw,clarkston-georgia
https://www.ubereats.com/atlanta/food-delivery/boba-theory/DmUOi-GdTnqp-_ymczVEEA,clarkston-georgia
https://www.ubereats.com/atlanta/food-delivery/mr-crab/BNPZl-XAQXuYW9JHVhbUkg,clarkston-georgia
https://www.ubereats.com/atlanta/food-delivery/wendys-4453-hugh-howell-road/ZxwA0Gy7TESppzzEob1t2w,clarkston-georgia
https://www.ubereats.com/atlanta/food-delivery/popeyes-3506-memorial-dr/BZYZlN_wT-CPgaf5tEzogA,clarkston-georgia
https://www.ubereats.com/atlanta/food-delivery/mcdonalds-atlanta-ga-clairmont/rP_5g5VbQ6W0vBprq8T2ng,clarkston-georgia
https://www.ubereats.com/atlanta/food-delivery/my-sisters-spot/HptsB5DGSDiZe7VnhYLaWw,clarkston-georgia
https://www.ubereats.com/atlanta/food-delivery/pho-king-decatur/PP5R1iPoQC699t5FSo7CqQ,clarkston-georgia
https://www.ubereats.com/atlanta/food-delivery/edgewood-corner-tavern-grant-park/J4C65XPOTTWbggXUfjo05Q,clarkston-georgia
https://www.ubereats.com/atlanta/food-delivery/kale-me-crazy-decatur/ZAQ0egUzSXekAfWnjNk4VA,clarkston-georgia
https://www.ubereats.com/atlanta/food-delivery/jimmys-tequila-and-carnes/GscSa346RAebQb_3sPXiZA,clarkston-georgia
https://www.ubereats.com/atlanta/food-delivery/dijla-cafe/Jdd8XSejR7CHpt43McpX0A,clarkston-georgia
https://www.ubereats.com/atlanta/food-delivery/wayback-burgers-3515-chamblee-tucker-rd/nlPSankfTgW13lFXLcBuuw,clarkston-georgia
https://www.ubereats.com/atlanta/food-delivery/pig-n-chik-buckhead/ui8ZQEK5RZSPAjhKavBLAQ,clarkston-georgia
https://www.ubereats.com/atlanta/food-delivery/boston-seafood-and-wings/qCEQktCvTkqrRhcoukjF8A,clarkston-georgia
https://www.ubereats.com/atlanta/food-delivery/alis-cookies-emory/cxy2bhfSQqaY9MJZIjVA_w,clarkston-georgia
https://www.ubereats.com/atlanta/food-delivery/the-pinewood-decatur/WhOkUMXQQb2ZGf27GVJTzg,clarkston-georgia
https://www.ubereats.com/atlanta/food-delivery/the-freakin-incan/kb-91imxQmGPGYQxFEg2ug,clarkston-georgia
https://www.ubereats.com/atlanta/food-delivery/cinnabon-2801-candler-rd/VoiiIiP8TVGYPpzi6zBDtQ,clarkston-georgia
https://www.ubereats.com/atlanta/food-delivery/pita-palace/vd_3MVuKQAiZZ8D-23bSAw,clarkston-georgia
https://www.ubereats.com/atlanta/food-delivery/the-flying-biscuit-cafe-candler-park/47UdouBFTm-kg67vIJr0GA,clarkston-georgia
https://www.ubereats.com/atlanta/food-delivery/%23dem-wings-tho/xPJ5WuRPTeC4kK6-Xs0jBw,clarkston-georgia
https://www.ubereats.com/atlanta/food-delivery/papa-johns-1230-s-hairston-road/dgEPxzdCTM-i1505NyWJzA,clarkston-georgia
https://www.ubereats.com/atlanta/food-delivery/subway-tucker/UTnLNTb_SKadgSQ2SSQTHA,clarkston-georgia
https://www.ubereats.com/atlanta/food-delivery/ole-restaurant-lounge-stone-mountain/q0AC2bi-R9uzaixFtfwFpw,clarkston-georgia
https://www.ubereats.com/atlanta/food-delivery/gqs-barbeque/RN2I2gtaSjW_R4jELRYbKw,clarkston-georgia
https://www.ubereats.com/atlanta/food-delivery/louisiana-bistreaux-seafood-kitchen-decatur/iMPqbxoGTVC1KjcsEick8A,clarkston-georgia
https://www.ubereats.com/atlanta/food-delivery/moes-southwest-grill-briarcliff/jtlWfn6ESkKj73VRTSuWRg,clarkston-georgia
https://www.ubereats.com/atlanta/food-delivery/prime-seafood-market/_NpB-VOhTPa7MZaeWDrPGg,clarkston-georgia
https://www.ubereats.com/atlanta/food-delivery/subway-3926-north-druid-hills-rd/-d_Ba0YAQxKcK8p67brcGw,clarkston-georgia
https://www.ubereats.com/atlanta/food-delivery/fazolis-3781-presidential-parkway/CMgKE5JXTOS56T4Pj6SdRQ,clarkston-georgia
https://www.ubereats.com/atlanta/food-delivery/gusto!-decatur/RpgImFjQQLuNJOXyyITU9A,clarkston-georgia
https://www.ubereats.com/atlanta/food-delivery/mobile-meals-atl/HMF_PhcxTZeRE6HqxLuQwA,clarkston-georgia
https://www.ubereats.com/atlanta/food-delivery/enanu-mart/CZXoaZQhQhCTLWaDv3lqtA,clarkston-georgia
https://www.ubereats.com/atlanta/food-delivery/subway-2414-wesley-chapel-rd/laNRfR9wQ4yYHiRTqah_bg,clarkston-georgia
https://www.ubereats.com/atlanta/food-delivery/meatballerz/iAWwyABGQ_-4iZbUSs7BIA,clarkston-georgia
https://www.ubereats.com/atlanta/food-delivery/jr-crickets-briarcliff-road/oYUay2F1RpObKAsk_vIn2Q,clarkston-georgia
https://www.ubereats.com/atlanta/food-delivery/jojo-wings/P-A7pQkJS7y_qwHTqSggDA,clarkston-georgia
https://www.ubereats.com/atlanta/food-delivery/mediterranean-grill-decatur/vwy4bd55S7SRiUffuEUTiA,clarkston-georgia
https://www.ubereats.com/atlanta/food-delivery/subway-5935-memorial-dr/93AwgEYBRbeTl5pMrm95IQ,clarkston-georgia
https://www.ubereats.com/atlanta/food-delivery/subway/m-icVRGRQPm9bE5JYTTieQ,clarkston-georgia
https://www.ubereats.com/atlanta/food-delivery/bevs-jerk-center/8qrGA1JBQ-Cia8PMMBNNvw,clarkston-georgia
https://www.ubereats.com/atlanta/food-delivery/spice-island/v32ahE8vSo2ZRATRsS3_1A,clarkston-georgia
https://www.ubereats.com/atlanta/food-delivery/taco-bell-5518-jimmy-carter-blvd/jseUBROBSgm35pMLzgZ-5A,clarkston-georgia
https://www.ubereats.com/atlanta/food-delivery/food-terminal/4xA7QmKZSBONK4-sanYZ0Q,clarkston-georgia
https://www.ubereats.com/atlanta/food-delivery/this-is-it!-bbq-%26-seafood-memorial-drive/ybufaJt-QXywGy1u937lUg,clarkston-georgia
https://www.ubereats.com/atlanta/food-delivery/evangadi/qGKFCFpxSdi2NDwm8Euy1w,clarkston-georgia
https://www.ubereats.com/atlanta/food-delivery/five-bucks-cafe/G3rbH8rbRSmEpSA4Jk3cUQ,clarkston-georgia
https://www.ubereats.com/atlanta/food-delivery/paopao-ramen-factory-%26-bar/rs70OxA6TLKNXNKb3K6Y4g,clarkston-georgia
https://www.ubereats.com/atlanta/food-delivery/jenis-splendid-ice-cream-decatur/WXvyJI-JRoeA6uzhykqNnw,clarkston-georgia
https://www.ubereats.com/atlanta/food-delivery/thali/W8jgB5Y4QduI94-fChgKQQ,clarkston-georgia
https://www.ubereats.com/atlanta/food-delivery/dark-horse-tavern/XOLxg6CVS_qrK2cKW1HAnQ,clarkston-georgia
https://www.ubereats.com/atlanta/food-delivery/taco-mac-decatur/lNUyp7eNT6-BcbKMsJ2ttg,clarkston-georgia
https://www.ubereats.com/atlanta/food-delivery/desta-ethiopian-kitchen-emory-point/H8ZM53iWSGmiwv4wW9p_5w,clarkston-georgia
https://www.ubereats.com/atlanta/food-delivery/tanaka-ramen-town-blvd/vJfq6aCBRKG0iZOCJdbmtQ,clarkston-georgia
https://www.ubereats.com/atlanta/food-delivery/ponko-chicken-decatur-ga/ktnMyJQIQlekgAj2WUKUlA,clarkston-georgia
https://www.ubereats.com/atlanta/food-delivery/chronic-tacos-5070-peachtree-blvd/T-BJIlr3SHaaQT8JLEn4Og,clarkston-georgia
https://www.ubereats.com/atlanta/food-delivery/ameers-mediterannean-grill/1jJ23cZcRteBqRZFYNb3Yw,clarkston-georgia
https://www.ubereats.com/atlanta/food-delivery/hotchick-peas/QECK0mLJSL-bO7cv5aJNWA,clarkston-georgia
https://www.ubereats.com/atlanta/food-delivery/mokipops-east-atlanta/lRTf7ZkKTFu5wn_fC7xM5w,clarkston-georgia
https://www.ubereats.com/atlanta/food-delivery/lecheys-kitchen/65BlezIaQ2ioMGL_WmpXVg,clarkston-georgia
https://www.ubereats.com/atlanta/food-delivery/kfc-taco-bell-3283-northcrest-rd/VBufn1YGTsODzKOmQsyNSg,clarkston-georgia
https://www.ubereats.com/atlanta/food-delivery/niramish-atlanta-ga/SOkHb1pBTfGcAAocxA_lOQ,clarkston-georgia
https://www.ubereats.com/atlanta/food-delivery/kabab-hut-lilburn/MszkH9RGSTm0gAZmUt_2yA,clarkston-georgia
https://www.ubereats.com/atlanta/food-delivery/tin-drum-asian-kitchen-decatur/pqzMGZfCT82gvqDED1uihA,clarkston-georgia
https://www.ubereats.com/atlanta/food-delivery/kale-me-crazy/cO5-OFHLQm6Fjp3UVl_JSw,clarkston-georgia
https://www.ubereats.com/atlanta/food-delivery/three-dollar-cafe-chamblee/ZLbXsbxWRLGKig6wMbHH1A,clarkston-georgia
https://www.ubereats.com/atlanta/food-delivery/the-ice-cream-shop/fRKmgxAMRPKD60lSisJaiw,clarkston-georgia
https://www.ubereats.com/atlanta/food-delivery/red-sea-cafe/3Q1TT3xOQLCWjlQkDFtrig,clarkston-georgia
https://www.ubereats.com/atlanta/food-delivery/cold-stone-creamery-1565-church-st/NGf61J9nQyGoMFwI_jLQuw,clarkston-georgia
https://www.ubereats.com/atlanta/food-delivery/biryani-point/lEWWaj7nRkeDKHViQ9OlSQ,clarkston-georgia
https://www.ubereats.com/atlanta/food-delivery/halalpizza%26cafe/KS47RYVdTeuk5Ctp_dn5nA,clarkston-georgia
https://www.ubereats.com/atlanta/food-delivery/familys-favorite-foods/5otYNQlVTwOuNB0peUtDQA,clarkston-georgia
https://www.ubereats.com/atlanta/food-delivery/moes-1524-church-street/-R5C46lMRHmO9qbATZATdQ,clarkston-georgia
https://www.ubereats.com/atlanta/food-delivery/surin-of-thailand/tIdUfgUcT2uHNzU5brJM2g,clarkston-georgia
https://www.ubereats.com/atlanta/food-delivery/riccos-jamaican-restaurant/n20Sm7IoQbW08Icnqa13Hw,clarkston-georgia
https://www.ubereats.com/atlanta/food-delivery/spoon-eastside/YmrD91_LQ8my4heOH2JGsQ,clarkston-georgia
https://www.ubereats.com/atlanta/food-delivery/darecipe-desserts-%26-more/nefT2Ns3SIWBuhYHtERM2A,clarkston-georgia
https://www.ubereats.com/atlanta/food-delivery/starbucks-north-druid-%26-lavista/b7iSgY4XRn2cSfi0eWjSAw,clarkston-georgia
https://www.ubereats.com/atlanta/food-delivery/360-sports-bar-and-lounge/7ypxqQviTJaO5FQxOjn9cA,clarkston-georgia
https://www.ubereats.com/atlanta/food-delivery/mcdonalds-stone-mtn-redan/EAR46nX5QvmTBK6Pb1KDEg,clarkston-georgia
https://www.ubereats.com/atlanta/food-delivery/pizza-bella/M7iMFVmZT2arwCYo60zUFQ,clarkston-georgia
https://www.ubereats.com/atlanta/food-delivery/supreme-burger/dPlGtcpCRI6HRkjcIkZCcQ,clarkston-georgia
https://www.ubereats.com/atlanta/food-delivery/wyatts-country-bbq/LWYB7O0ySDesqagoFGF3yw,clarkston-georgia
https://www.ubereats.com/atlanta/food-delivery/sushi-yoshino/A_dqdqzETzyMedZafMfkgQ,clarkston-georgia
https://www.ubereats.com/atlanta/food-delivery/batavia/u86zwLG7SYiUouehQDBTPw,clarkston-georgia
https://www.ubereats.com/atlanta/food-delivery/kokai-thai-bistro/UPT6BLYBT5O-g4xqZyGXtA,clarkston-georgia
https://www.ubereats.com/atlanta/food-delivery/chopt-creative-salad-co-2935-c-north-druid-hills-rd/nMIiwieXS_mJ9WJov_TCyA,clarkston-georgia
https://www.ubereats.com/atlanta/food-delivery/blaze-pizza-2131-n-decatur-rd/tecosuz7Q9OFakrV3os-LQ,clarkston-georgia
https://www.ubereats.com/atlanta/food-delivery/orileys/oOfSlCEPQWeUpObTWtIrTQ,clarkston-georgia
https://www.ubereats.com/atlanta/food-delivery/smallcakes-druid-hills/gHpT4DYaTa-hlMdk3cllEA,clarkston-georgia
https://www.ubereats.com/atlanta/food-delivery/grass-vbq-joint/83fmvp1HRAahQ8ZIYvykkw,clarkston-georgia
https://www.ubereats.com/atlanta/food-delivery/green-basil-sushi/ujREGXlsQkOuEBkkhlRoVg,clarkston-georgia
https://www.ubereats.com/atlanta/food-delivery/great-american-cookies-4800-briarcliff-rd-ne/8a8P_EWbTC2UeBjY8dzz7A,clarkston-georgia
https://www.ubereats.com/atlanta/food-delivery/chocolate-coffee-decatur/bNLJL4kLT1eH02kwuvENhw,clarkston-georgia
https://www.ubereats.com/atlanta/food-delivery/hai-authentic-chinese/putesWOCTBemhp6_DtAamw,clarkston-georgia
https://www.ubereats.com/atlanta/food-delivery/chaffle-cafe-catering-cart/lk_cVwZWTbeA7Q8v8lnnvA,clarkston-georgia
https://www.ubereats.com/atlanta/food-delivery/american-deli-stone-mountain/bdXTOxTLSISxD6ZhZc23tw,clarkston-georgia
https://www.ubereats.com/atlanta/food-delivery/quick-bite-lithonia/lM4g4f8GRZK9gvWDCEH9tg,clarkston-georgia
https://www.ubereats.com/atlanta/food-delivery/juci-jerk-memorial-dr/w1h15mcbRI-vtfT8wZQwLQ,clarkston-georgia
https://www.ubereats.com/atlanta/food-delivery/hajime/LDsMq01GSF-H_u8WdCyCFQ,clarkston-georgia
https://www.ubereats.com/atlanta/food-delivery/romeos-new-york-pizza/3qyKCdMER6eN8bhFTTzuQg,clarkston-georgia
https://www.ubereats.com/atlanta/food-delivery/comfort-zone-by-m2-dining/8YA5VXQdTxqbwPjHC0gzPA,clarkston-georgia
https://www.ubereats.com/atlanta/food-delivery/butter-%26-cream-decatur/ec2ZihloRjCJM_T5mdJCTQ,clarkston-georgia
https://www.ubereats.com/atlanta/food-delivery/bell-street-burritos-tucker/Qz9q9V6lQsmgFSMv16-78w,clarkston-georgia
https://www.ubereats.com/atlanta/food-delivery/newks-eatery-north-druid-hills/QleJ8ix_S3-S_VPjPp6yCg,clarkston-georgia
https://www.ubereats.com/atlanta/food-delivery/so-ba-vietnamese-restaurant/8RuX9p1wR62RWNDNbn6cgg,clarkston-georgia
https://www.ubereats.com/atlanta/food-delivery/dunkin-4092-lawrenceville-hwy/d8P2BjXMRyqwdRgl6v5hCQ,clarkston-georgia
https://www.ubereats.com/atlanta/food-delivery/your-pie-pizza-tucker/5HHIhluAQc-h6L-o31Nijg,clarkston-georgia
https://www.ubereats.com/atlanta/food-delivery/olde-blind-dog-brookhaven/RcPBm7iGRJaZhHTdtPECYw,clarkston-georgia
https://www.ubereats.com/atlanta/food-delivery/mum-kitchen/WSLRqARiRJWdVLu8LcoE7A,clarkston-georgia
https://www.ubereats.com/atlanta/food-delivery/siamese-basil-thai-restaurant/Zk8BT6ElTNehkAxpUwIbBA,clarkston-georgia
https://www.ubereats.com/atlanta/food-delivery/yochef!-whats-cooking/eLEi4qbQQXKtWjI4hCMAPA,clarkston-georgia
https://www.ubereats.com/atlanta/food-delivery/ginos-ny-pizza-bar-atlanta-ga/hKr7WIcmTEOLXTCGMh9GzQ,clarkston-georgia
https://www.ubereats.com/atlanta/food-delivery/ardens-garden-stone-mountain/ecZrkmLNTAanS6Wx2xGVBA,clarkston-georgia
https://www.ubereats.com/atlanta/food-delivery/lets-eat-essie-%26-coreans/z97d9zPCQ0W-mpWe8a8D4A,clarkston-georgia
https://www.ubereats.com/atlanta/food-delivery/ihop-2741-clairmont-rd-ne/I3xAjnVDSr62Ph_3mg0gAQ,clarkston-georgia
https://www.ubereats.com/atlanta/food-delivery/chinese-dhaba-norcross/l9K4WCI3SQi4IuCMW9djCA,clarkston-georgia
https://www.ubereats.com/atlanta/food-delivery/the-african-grill/lIbtuOjUQn64TryWcL6g5A,clarkston-georgia
https://www.ubereats.com/atlanta/food-delivery/china-express/0lTujcvjQ9uYhHzMshXQQQ,clarkston-georgia
https://www.ubereats.com/atlanta/food-delivery/tropical-smoothie-cafe-town-brookhaven/RPThr_jBSvu52plGHzGYpQ,clarkston-georgia
https://www.ubereats.com/atlanta/food-delivery/taco-bell-3385-buford-hwy/rDz06A5-TgWAYiVYTTjNdw,clarkston-georgia
https://www.ubereats.com/atlanta/food-delivery/hi-pot-taiwanese-restaurant/dghbbkfYQtq0piLfnMClag,clarkston-georgia
https://www.ubereats.com/atlanta/food-delivery/subway-3685-northcrest-rd/4VGCSRI5Q3qre9FmlpRsRQ,clarkston-georgia
https://www.ubereats.com/atlanta/food-delivery/yami-sushi-decatur/rkaalOqpRQKFkyL3G5xMlA,clarkston-georgia
https://www.ubereats.com/atlanta/food-delivery/i-love-wings/N3pzdLSmTo2eHMaBKUACqA,clarkston-georgia
https://www.ubereats.com/atlanta/food-delivery/chipotle-mexican-grill-4347-hugh-howell-rd/VlYBc_aAQCOErPYjvTRCgA,clarkston-georgia
https://www.ubereats.com/atlanta/food-delivery/dunkin-2704-candler-rd/7T3LL8JmQIiTAh7kRsuTcA,clarkston-georgia
https://www.ubereats.com/atlanta/food-delivery/china-kitchen/AhLIMBhFQdKqBmx4v7lzFQ,clarkston-georgia
https://www.ubereats.com/atlanta/food-delivery/tin-drum-asiacafe-north-druid-hills/QkwD48aQRFWnYdmGRUVgNw,clarkston-georgia
https://www.ubereats.com/atlanta/food-delivery/the-ice-cream-shop/1EDK7lrrRXmiM8EhpbN1lQ,clarkston-georgia
https://www.ubereats.com/atlanta/food-delivery/checkers-6344-lawrenceville-hwy/3CW0faOGToqFjZ_K3YLa9w,clarkston-georgia
https://www.ubereats.com/atlanta/food-delivery/tastebuddz/3KC5xKqeSIm7HwJ4Zmr2Iw,clarkston-georgia
https://www.ubereats.com/atlanta/food-delivery/wok-on-roll-clarkston/e2aonD_nTIOLPrF505MJ0A,clarkston-georgia
https://www.ubereats.com/atlanta/food-delivery/happy-donuts/V-5Si18nTsClRH2pH9Oudg,clarkston-georgia
https://www.ubereats.com/atlanta/food-delivery/sarahs-kitchen/bCLvhSZSQ2-gJdnwQ7LP6Q,clarkston-georgia
https://www.ubereats.com/atlanta/food-delivery/el-potro/Fn15SgALTJiXDx_ALCqjqw,clarkston-georgia
https://www.ubereats.com/atlanta/food-delivery/lazeez-tava-fry/0Wpo7735Sf-WZmX8Ya_SZQ,clarkston-georgia
https://www.ubereats.com/atlanta/food-delivery/trend-urban-cafe/10iPNfEwQFa2H11wiwCl-w,clarkston-georgia
https://www.ubereats.com/atlanta/food-delivery/starbucks-decatur-square/RPqXdXaeR7eYKAhrn7amBA,clarkston-georgia
https://www.ubereats.com/atlanta/food-delivery/banjo-cold-brew-coffee/QCRyBWP6RgylXOeMgHTNKQ,clarkston-georgia
https://www.ubereats.com/atlanta/food-delivery/green-love-kitchen/CzEr5B2OSAyQtp8i8VIM2g,clarkston-georgia
https://www.ubereats.com/atlanta/food-delivery/monsoon-masala-kitchen/HVApWp8yT4S7wzBI9ZV00g,clarkston-georgia
https://www.ubereats.com/atlanta/food-delivery/sid-tajine/ovvYcF9IQx2DgNEpz5Aw-g,clarkston-georgia
https://www.ubereats.com/atlanta/food-delivery/figo-pasta-edgewood-l5p/ox68o3-nSKe5-CTcWL6qzw,clarkston-georgia
https://www.ubereats.com/atlanta/food-delivery/goodazzfood-3795-presidential-pkwy/t0HXOrJ8SEmvf2TLkzGyuw,clarkston-georgia
https://www.ubereats.com/atlanta/food-delivery/southern-af-llc/E9suOnNeSWmkPRwV-mipnw,clarkston-georgia
https://www.ubereats.com/atlanta/food-delivery/best-china/hx3XJekhTBmsqZwdF2sVQg,clarkston-georgia
https://www.ubereats.com/atlanta/food-delivery/hunan-dragon-iii/cSvdZ6-1TcavLzYigKfyOg,clarkston-georgia
https://www.ubereats.com/atlanta/food-delivery/the-real-new-york-pizzeria/iQ2Pgk2xQV2IVg7Yb90Irg,clarkston-georgia
https://www.ubereats.com/atlanta/food-delivery/its-a-wrap-cafe/X3lYwp8vTMqxmYiLw_WZLg,clarkston-georgia
https://www.ubereats.com/atlanta/food-delivery/go-vegan-grill/kgnPWx6kQuCh5YQdNmP4xw,clarkston-georgia
https://www.ubereats.com/atlanta/food-delivery/boruboru-sushi/g2KZBgvqTJ6rIPICL-yiug,clarkston-georgia
https://www.ubereats.com/atlanta/food-delivery/ru-sans-edgewood/2Hl5GBX5Tf68Df6krlFAvg,clarkston-georgia
https://www.ubereats.com/atlanta/food-delivery/chin-chin-chinese-%26-sushi-restaurant/Mj6ZYANiQUKKoZbr5PfeGA,clarkston-georgia
https://www.ubereats.com/atlanta/food-delivery/mezcalitos-cantina-decatur/dccSk5YIToeLgL4kAjzh0g,clarkston-georgia
https://www.ubereats.com/atlanta/food-delivery/plant-based-pizzeria/hegN8lPQSwmHXAMgqzZ0qw,clarkston-georgia
https://www.ubereats.com/atlanta/food-delivery/atlanta-wings-glenwood-rd/5EtAUFCZRrSRe5zRjTbatg,clarkston-georgia
https://www.ubereats.com/atlanta/food-delivery/jersey-mikes-subs-atlanta-2036-johnson-ferry-road/A3IYwXyZSiiwTkV3LM4woQ,clarkston-georgia
https://www.ubereats.com/atlanta/food-delivery/delbar-restaurant-and-bar/qGWWAsvxSwGYl8oVL9lDfg,clarkston-georgia
https://www.ubereats.com/atlanta/food-delivery/queen-sheba-bakery/K7pLCi_vTTOaNHgPLsRBGQ,clarkston-georgia
https://www.ubereats.com/atlanta/food-delivery/nakato-japanese-restaurant/9oZkYvBVTruNvFJ6iSW4Vg,clarkston-georgia
https://www.ubereats.com/atlanta/food-delivery/kale-me-crazy-toco-hills/7ViJF-N5Rpybdf4LzHaw2g,clarkston-georgia
https://www.ubereats.com/atlanta/food-delivery/auntie-annes-2801-candler-rd-spc-c29/UTfnLa_9TOCxl9RBfI-RVw,clarkston-georgia
https://www.ubereats.com/atlanta/food-delivery/taco-bell-3644-flat-shoals-road/j1VvGOK9TNa8bHltmj676w,clarkston-georgia
https://www.ubereats.com/atlanta/food-delivery/ardens-garden-kirkwood/aS7T4s4HRCSRgXk39rcdwg,clarkston-georgia
https://www.ubereats.com/atlanta/food-delivery/almond-cakes-and-catering/YXXP5gSSSdq2svcgb0iRTg,clarkston-georgia
https://www.ubereats.com/atlanta/food-delivery/simones-sweet-treasures/r_YAknV-Q9-rFEey1RBNxQ,clarkston-georgia
https://www.ubereats.com/atlanta/food-delivery/krystal-2223-lawrenceville-hwy/yFMtXNmMRRuvDVWQbn5Beg,clarkston-georgia
https://www.ubereats.com/atlanta/food-delivery/whos-got-soul-southern-cafe-decatur/6hDDhLjYQcuL45PIILGCXg,clarkston-georgia
https://www.ubereats.com/atlanta/food-delivery/havana-soul-cafe-of-atlanta-llc/U0ACOjG3RTuXBCmSi0M5eA,clarkston-georgia
https://www.ubereats.com/atlanta/food-delivery/majestic-bbq-and-seafood/3C6NIBPASYSEzJZNtTPmqw,clarkston-georgia
https://www.ubereats.com/atlanta/food-delivery/fortune-cookie/ghdtqFd9Qmul9PlqREi91A,clarkston-georgia
https://www.ubereats.com/atlanta/food-delivery/the-comfy-kitchen-%26-bar/pzIwa5rSStufn7ElJ1c6gg,clarkston-georgia
https://www.ubereats.com/atlanta/food-delivery/tanaka-express/Ntf6uGMVQxqoImSTOQsXxw,clarkston-georgia
https://www.ubereats.com/atlanta/food-delivery/dunkin-2512-blackmon-dr/DQ7mmLbgSGeoLGuSlZlpyg,clarkston-georgia
https://www.ubereats.com/atlanta/food-delivery/landmark-diner-buckhead/WGRZHW6mRr2x2Gy_sGJM_w,clarkston-georgia
https://www.ubereats.com/atlanta/food-delivery/sweet-potato-cafe-manor-dr/R1D1o_flSOq_BDht388zBQ,clarkston-georgia
https://www.ubereats.com/atlanta/food-delivery/mezcalitos-cocina-grant-park/QTt01r7_QgykEJwSOHOktw,clarkston-georgia
https://www.ubereats.com/atlanta/food-delivery/willys-mexicana-grill-4076-lavista-road/EwColLIeSuCtVuGkzKm5Vg,clarkston-georgia
https://www.ubereats.com/atlanta/food-delivery/mables-barbecue-%26-smoked-meats-snapfinger-rd/ll_ou2WZT7Cduakeyl1UtA,clarkston-georgia
https://www.ubereats.com/atlanta/food-delivery/suxian-asian/Woi-orPJQaOoRC19DmWYvg,clarkston-georgia
https://www.ubereats.com/atlanta/food-delivery/stars-and-strike-1741-mountain-industrial-blvd/Srt0wewkRdul5qQUIDgiHg,clarkston-georgia
https://www.ubereats.com/atlanta/food-delivery/steel-city-pops-312-church-street/4cMWgLyCRquxBvUAY8sx7Q,clarkston-georgia
https://www.ubereats.com/atlanta/food-delivery/rice-box-snellville/el4dgQSgTLywWUPU4gpb_g,clarkston-georgia
https://www.ubereats.com/atlanta/food-delivery/elsa-mart/InpDYv1HQMWx9IFtZLtEcw,clarkston-georgia
https://www.ubereats.com/atlanta/food-delivery/sus-chinese-cuisine/30UiqOdtQPCem3AUbS1l-A,clarkston-georgia
https://www.ubereats.com/atlanta/food-delivery/bengal-restaurant/0EgahUlaTRSFJgAVwWlRlg,clarkston-georgia
https://www.ubereats.com/atlanta/food-delivery/contigo-peru-norcross/flNxXRH7TCOICt8xuC22gQ,clarkston-georgia
https://www.ubereats.com/atlanta/food-delivery/naughty-dogs/bofhTSVISAqROgBYni1QyQ,clarkston-georgia
https://www.ubereats.com/atlanta/food-delivery/krispy-krunchy-chicken-clarkston/gEYqr8aSSHaG_vV0woBlNA,clarkston-georgia
https://www.ubereats.com/atlanta/food-delivery/five-guys-ga-0276-4306-lawrenceville-hwy/HmtCjIBRQ6qQG9wwEgQj7w,clarkston-georgia
https://www.ubereats.com/atlanta/food-delivery/mobile-chef-atl/XQuIl7xwQE6W5hTWXymWcw,clarkston-georgia
https://www.ubereats.com/atlanta/food-delivery/a-little-nauti-atlanta-food-truck-by-oystersco/d9gfR2I6QauQcCdlfPjJrw,clarkston-georgia
https://www.ubereats.com/atlanta/food-delivery/curry-up-now-decatur/NexIV7A_RhqLm7-vlJiATw,clarkston-georgia
https://www.ubereats.com/atlanta/food-delivery/the-wing-spot/q1ONNk2dSJqKMcR_nCzhfw,clarkston-georgia
https://www.ubereats.com/atlanta/food-delivery/sushi-matsuya/DYIE2vwuQhutdXd_vGWx2w,clarkston-georgia
https://www.ubereats.com/atlanta/food-delivery/wings-international/rcqPCCjqQ-2w05Tc_6GWog,clarkston-georgia
https://www.ubereats.com/atlanta/food-delivery/churchs-chicken-2473-wesley-chapel-rd/76nEWmsySZOgp0Ii_YMsDw,clarkston-georgia
https://www.ubereats.com/atlanta/food-delivery/wnb-factory-wings-%26-burger-stone-mountain-2/KgT5HchOT2m_Vk-CYs_t6A,clarkston-georgia
https://www.ubereats.com/atlanta/food-delivery/dunkin-3530-chamblee-tucker-rd-ste-b/9GHtdtN-ToSLP3kLSH9IVA,clarkston-georgia
https://www.ubereats.com/atlanta/food-delivery/touchdown-wings-tucker/UD5eZHuAQQ6nYRSxBMQTzA,clarkston-georgia
https://www.ubereats.com/atlanta/food-delivery/checkers-4063-glenwood-ave/Zx1jPmwGSd22Rm41QUJVCQ,clarkston-georgia
https://www.ubereats.com/atlanta/food-delivery/american-deli-893-n-hairston-rd/5SqZKXDoTR6QjD7v-Qbf3A,clarkston-georgia
https://www.ubereats.com/atlanta/food-delivery/dennys-5534-jimmy-carter-blvd/3dP6uZc-Rt23xpAAzwvuSg,clarkston-georgia
https://www.ubereats.com/atlanta/food-delivery/got-dog-it/MqghmGE0QmGnBm-P4WZrvg,clarkston-georgia
https://www.ubereats.com/atlanta/food-delivery/scrumptious-fare-catering/FadX5tWHSQ-voJ7fYhikuQ,clarkston-georgia
https://www.ubereats.com/atlanta/food-delivery/wnb-wings-%26-burger-factory-north-druid-hills-road/vGFhdA9wSr2LTT4fecBKDQ,clarkston-georgia
https://www.ubereats.com/atlanta/food-delivery/sweet-point-bakery-%26-cafe/0U-97858TXiMgsPUmDBS9g,clarkston-georgia
https://www.ubereats.com/atlanta/food-delivery/churchs-chicken-4995-buford-highway/DisEREL-TrSPTR-gNkHWsg,clarkston-georgia
https://www.ubereats.com/atlanta/food-delivery/krystal-1700-indian-trail/jEtkh6jmTo-2F8RS6LLVWw,clarkston-georgia
https://www.ubereats.com/atlanta/food-delivery/sweet-auburn-bbq-virginia-highlands/q4efzTn-Rh-NZ-1P487yhQ,clarkston-georgia
https://www.ubereats.com/atlanta/food-delivery/dunkin-6092-covington-hwy/ac2PdjfuT5yd1aNkSfYyOw,clarkston-georgia
https://www.ubereats.com/atlanta/food-delivery/outback-steakhouse-2145-lavista-road/dhf5nt3YS66f1yUuAumzuw,clarkston-georgia
https://www.ubereats.com/atlanta/food-delivery/ihop-5000-jimmy-carter-blvd/-bNpsC0XSeqxO9ms4ofRDQ,clarkston-georgia
https://www.ubereats.com/atlanta/food-delivery/taco-bell-2436-wesley-chapel-rd/bXVZjlUiQV2AusrlCN9F5w,clarkston-georgia
https://www.ubereats.com/atlanta/food-delivery/thinking-man-tavern/xfFVB1HHRU6mXpzi-xoFNw,clarkston-georgia
https://www.ubereats.com/atlanta/food-delivery/idas-deli/XkWV1v2nSQ-faKm7gOBg1A,clarkston-georgia
https://www.ubereats.com/atlanta/food-delivery/dragon-express-brookhaven/-Mshw3M2SUSKJ4YxBpOCtQ,clarkston-georgia
https://www.ubereats.com/atlanta/food-delivery/pita-grille-4630-wieuca-rd/rRgscBAvRmmApWWFbaFTzw,clarkston-georgia
https://www.ubereats.com/atlanta/food-delivery/churchs-chicken-2700-candler-rd/xwcnZWFwTqCPCqP8eTHj7g,clarkston-georgia
https://www.ubereats.com/atlanta/food-delivery/kays-kakes/sqZIAbRfQCqO5GZBs_SGwA,clarkston-georgia
https://www.ubereats.com/atlanta/food-delivery/king-henrys-turkey-legs-and-things/cWR8IN6BQQuTnN4OIiXSZw,clarkston-georgia
https://www.ubereats.com/atlanta/food-delivery/hardees-1506285/8--JOkZkSqqJQ7lAuxl2BA,clarkston-georgia
https://www.ubereats.com/atlanta/food-delivery/zaxbys-hugh-howell/dsnqjBvmQ96-McaXwqgYmg,clarkston-georgia
https://www.ubereats.com/atlanta/food-delivery/eav-thai-and-sushi/5iN75n0lSPaDNsen0EqEPw,clarkston-georgia
https://www.ubereats.com/atlanta/food-delivery/verde-taqueria/_ebXNvczRiSjOWnTMHpD1Q,clarkston-georgia
https://www.ubereats.com/atlanta/food-delivery/shaking-crawfish/Y7PHmxFSR6yGqf7hUEh9Zw,clarkston-georgia
https://www.ubereats.com/atlanta/food-delivery/churchs-chicken-6102-covington-highway/L6ztvMaWTn2G0nPwMz8lXA,clarkston-georgia
https://www.ubereats.com/atlanta/food-delivery/calabar-%26-grill/WSErzrnWSdS0FGXbw9YwHA,clarkston-georgia
https://www.ubereats.com/atlanta/food-delivery/mcdonalds-tucker-ga-lavista/W6b2nZXIQHCcuQL33Ju9EQ,clarkston-georgia
https://www.ubereats.com/atlanta/food-delivery/tin-roof-cantina/kR_TMP2-Qae7UgbeGS0sdg,clarkston-georgia
https://www.ubereats.com/atlanta/food-delivery/the-hotspot-steak-n-take/SZcopgDgTUGkv0lMnOzGwg,clarkston-georgia
https://www.ubereats.com/atlanta/food-delivery/just-loafn/ygvNPzl3RPq5d-pC2dBi3A,clarkston-georgia
https://www.ubereats.com/atlanta/food-delivery/ardens-garden-decatur/C3_MZ6UdRlmi2ItZLCTURA,clarkston-georgia
https://www.ubereats.com/atlanta/food-delivery/chick-fil-a-3905-n-druid-hills-rd/9MB7YFBCSk-QGJ504qVpHg,clarkston-georgia
https://www.ubereats.com/atlanta/food-delivery/wendys-4071-covington-hwy/wpioCYhcR8qHeFpFIHjqeA,clarkston-georgia
https://www.ubereats.com/atlanta/food-delivery/haven-restaurant-%26-lounge/sQ0EVlFpQ5uiNKqp1sXDjw,clarkston-georgia
https://www.ubereats.com/atlanta/food-delivery/ledet-restaurant/nbwfnfgZQXeTLoINm_Ifcw,clarkston-georgia
https://www.ubereats.com/atlanta/food-delivery/amt-cafe/aVunVYdZSS-_Zuqi_vCQxQ,clarkston-georgia
https://www.ubereats.com/atlanta/food-delivery/chocolate-coffee/56QIK78MR4qRfyFP2ysehw,clarkston-georgia
https://www.ubereats.com/atlanta/food-delivery/madras-mantra/paOLqxk1RkCnBe7GjUyZdA,clarkston-georgia
https://www.ubereats.com/atlanta/food-delivery/little-lagos/QCe1Xt4LT2-xLcxu3VYtqA,clarkston-georgia
https://www.ubereats.com/atlanta/food-delivery/taverna-plaka/i3NQy2g6SBaxlBmw0D_dxw,clarkston-georgia
https://www.ubereats.com/atlanta/food-delivery/i-luv-pho-buford-highway/I9B2PmBKQ7uzstnp_XdXRg,clarkston-georgia
https://www.ubereats.com/atlanta/food-delivery/dragon-palace-atlanta/DTUMBth1T1WicYAuhXDrnA,clarkston-georgia
https://www.ubereats.com/atlanta/food-delivery/captain-ds-4346-hugh-howell-road/_9o0HFmdQt-0-8QKpybAug,clarkston-georgia
https://www.ubereats.com/atlanta/food-delivery/krispy-kreme-wesley-chapel-rd-%26-snapfinger-woods-dr/fmjexLGfQyKEB0Rqyphraw,clarkston-georgia
https://www.ubereats.com/atlanta/food-delivery/applebees-5200-hwy-78/yPghDJE5T06LhG820hZtuQ,clarkston-georgia
https://www.ubereats.com/atlanta/food-delivery/sweet-thangs-carnival-eats/EPehauODSTK-mXDNjsiYOQ,clarkston-georgia
https://www.ubereats.com/atlanta/food-delivery/co/DDfOkyKNTTSrGwrABh5V4Q,clarkston-georgia
https://www.ubereats.com/atlanta/food-delivery/restaurante-salva-mex/pu-TBpe6RaaHRFz0yJX7rw,clarkston-georgia
https://www.ubereats.com/atlanta/food-delivery/popeyes-3896-lavista-rd/NN3OeZkeRgicFDP6WZhTtQ,clarkston-georgia
https://www.ubereats.com/atlanta/food-delivery/brusters-real-ice-cream-5314-five-forks-trickum-rd-sw/tKpMPOWLSr-EBu-sexMW8w,clarkston-georgia
https://www.ubereats.com/atlanta/food-delivery/street-bistro/gNxzIHqETJKD6Kv4DJGYiQ,clarkston-georgia
https://www.ubereats.com/atlanta/food-delivery/imperial-of-china/BIeSJ-asS8K1GnaX_HaGNg,clarkston-georgia
https://www.ubereats.com/atlanta/food-delivery/imperial-chinese-garden/JcNiHhnVTFuvJNXFfYe2Vg,clarkston-georgia
https://www.ubereats.com/atlanta/food-delivery/the-spot-sports-bar-%26-grill-tucker/y4AQlkYbQ5u9CUbK8eXN4g,clarkston-georgia
https://www.ubereats.com/atlanta/food-delivery/ihop-4276-lavista-rd/oJpT-h41TAquygOb5PIc-w,clarkston-georgia
https://www.ubereats.com/atlanta/food-delivery/pearls-tea/10IlEb6gQOSf5AAOSfVAkQ,clarkston-georgia
https://www.ubereats.com/atlanta/food-delivery/flying-biscuit-cafe-brookhaven/l8VyJwHQSLm4e6lcFylP8w,clarkston-georgia
https://www.ubereats.com/atlanta/food-delivery/dunkin-2827-n-druid-hills-rd-ne/fToDXW8PS-KhGwiExV2z6w,clarkston-georgia
https://www.ubereats.com/atlanta/food-delivery/bojangles-famous-chicken-%26-biscuits-928-3336-lawrenceville-hwy/SdcYf1_rS36KsFzquBZJ8A,clarkston-georgia
https://www.ubereats.com/atlanta/food-delivery/goldbergs-deli-dunwoody/QxCmr9TPQRabp8FjaaPciQ,clarkston-georgia
https://www.ubereats.com/atlanta/food-delivery/gilly-brewing-co/_254dfYGRwqpli-rJfV5ZA,clarkston-georgia
https://www.ubereats.com/atlanta/food-delivery/honest-indian-restaurant/7r1zwfd2RFat4JmtI4G5_w,clarkston-georgia
https://www.ubereats.com/atlanta/food-delivery/snapper-conch/6YiLjYFaSeaZVYU5v1DBxg,clarkston-georgia
https://www.ubereats.com/atlanta/food-delivery/kfc-2532-wesley-chapel-rd/J1VeQo9mR6eiLgfIp3D-Xg,clarkston-georgia
https://www.ubereats.com/atlanta/food-delivery/sarah-donuts/2mylxi-xSzKVUYC_zKj7hQ,clarkston-georgia
https://www.ubereats.com/atlanta/food-delivery/js-mini-hotpot-deluxe/UjYVXtuTRuyKs9jIHjXyKg,clarkston-georgia
https://www.ubereats.com/atlanta/food-delivery/subway-2827-e-college-ave/_I3enj45TX2zBCBj6hyhaA,clarkston-georgia
https://www.ubereats.com/atlanta/food-delivery/green-basil-asian-fusion-restaurant/VQijzhZ7TuaJ8Q0EU5MTVw,clarkston-georgia
https://www.ubereats.com/atlanta/food-delivery/burgerim/UY-4XZGFSBaOUMpbGzRyWA,clarkston-georgia
https://www.ubereats.com/atlanta/food-delivery/fish-bowl-poke-toco-hills/48Cy1KCkQDCeDZSjnYcQiA,clarkston-georgia
https://www.ubereats.com/atlanta/food-delivery/spice-root/PER0O_ShSp-PG7koeuPj9g,clarkston-georgia
https://www.ubereats.com/atlanta/food-delivery/starbucks-lavista-and-ranchwood/BwGMr1xeQdq4cwnL4lQj2Q,clarkston-georgia
https://www.ubereats.com/atlanta/food-delivery/sylvie-bs-international-cuisine/089MkFbuQVKLCrm5i_gPRA,clarkston-georgia
https://www.ubereats.com/atlanta/food-delivery/atlantis-restaurant-%26-lounge/vWJ1ic2DQ8ichz0hcGardw,clarkston-georgia
https://www.ubereats.com/atlanta/food-delivery/winfreys-catering/AMZH1B7hTT-4syfGJtRiLA,clarkston-georgia
https://www.ubereats.com/atlanta/food-delivery/dickeys-barbecue-pit-2000-bentley-dr-sw/NYzYFYg-TWmthNcEDowoyQ,clarkston-georgia
https://www.ubereats.com/atlanta/food-delivery/grecian-gyro-tucker/hlBOLvRPSzOpvcWjtxS5kw,clarkston-georgia
https://www.ubereats.com/atlanta/food-delivery/checkers-6000-memorial-drive/pWQ1gR2VRX-qayum3n1ohA,clarkston-georgia
https://www.ubereats.com/atlanta/food-delivery/pho-dai-viet-restaurant/rs_SzhWyQOOP4TeIq0OGxw,clarkston-georgia
https://www.ubereats.com/atlanta/food-delivery/red-pepper-taqueria-north-druid-hills/0uPDGZ7gRu299prHjqz_jA,clarkston-georgia
https://www.ubereats.com/atlanta/food-delivery/ponko-chicken-chamblee-tucker-rd-atlanta-ga/filtx8dbStmY4qonTt0ajA,clarkston-georgia
https://www.ubereats.com/atlanta/food-delivery/moes-southwest-grill-chamblee/jvBTdVOKSku_OMvlcy8GOw,clarkston-georgia
https://www.ubereats.com/atlanta/food-delivery/gossip-lounge/Z5AT0UGSRrmZUknL00TOZQ,clarkston-georgia
https://www.ubereats.com/atlanta/food-delivery/olskool-flava/2IjvHueUR9m-fjXwSSBcEQ,clarkston-georgia
https://www.ubereats.com/atlanta/food-delivery/papa-johns-6670-b-covington-hwy/rjvrTEfOSi-N5CbzLtyKOA,clarkston-georgia
https://www.ubereats.com/atlanta/food-delivery/veloure-restaurant-and-lounge/j5ZnZeWSSjag1-ajwchmYQ,clarkston-georgia
https://www.ubereats.com/atlanta/food-delivery/panda-express-stone-mountain-6006-memorial-drive/90bZIVfsS4aKyqhBZZVeiw,clarkston-georgia
https://www.ubereats.com/atlanta/food-delivery/nancys-chicago-pizza/KSZRYXzoSpqy3J5mgEunvw,clarkston-georgia
https://www.ubereats.com/atlanta/food-delivery/bombay-kitchen/kSc5TArWRNW1d5JlN06zYw,clarkston-georgia
https://www.ubereats.com/atlanta/food-delivery/carmens-kitchen/FJkt_brvSqOdTgSacXATAw,clarkston-georgia
https://www.ubereats.com/atlanta/food-delivery/cracker-barrel-old-country-store-6175-mcdonough-drive/H_YOIvtWTvOFPkGo31QrOw,clarkston-georgia
https://www.ubereats.com/atlanta/food-delivery/krystal-415-moreland-ave/LBXHC1I0RWmE25nVMK1p1w,clarkston-georgia
https://www.ubereats.com/atlanta/food-delivery/five-daughters-bakery-atlanta-prep/_GFC_wMKTJ-JmoERuD3yQw,clarkston-georgia
https://www.ubereats.com/atlanta/food-delivery/goodiesbylee/E9vlRRmOTRCK-EGc-fvOew,clarkston-georgia
https://www.ubereats.com/atlanta/food-delivery/belal-halal-grocery-%26-grille/oj49FjuLRR2cWcAWKfsaXQ,clarkston-georgia
https://www.ubereats.com/atlanta/food-delivery/chelseas-bakery-%26-vegetarian/hiCS53o3TcGwLJekyJrUWg,clarkston-georgia
https://www.ubereats.com/atlanta/food-delivery/sublime-doughnuts-briarcliff-rd/rDEvuNjZQzKEHlyJqEkOAw,clarkston-georgia
https://www.ubereats.com/atlanta/food-delivery/brush-sushi-izakaya/OJtqACsqREyVZMEtcdT-3Q,clarkston-georgia
https://www.ubereats.com/atlanta/food-delivery/jbs-southern-soulfood/KqA6_MtDRHiibiarVLSP6g,clarkston-georgia
https://www.ubereats.com/atlanta/food-delivery/le-nouveau-maquis/CDB83lJeRG2qqrC2dpyMjg,clarkston-georgia
https://www.ubereats.com/atlanta/food-delivery/callies-hot-little-biscuit-atlanta/WPRoS6nVTFS0T2a8dAeALg,clarkston-georgia
https://www.ubereats.com/atlanta/food-delivery/el-rey-del-taco-embry-hills/MZW7HBs2SRi24iCXztxjRg,clarkston-georgia
https://www.ubereats.com/atlanta/food-delivery/atlantic-noodles-restaurant/yD-_14w2S5CyJ6xKqHletQ,clarkston-georgia
https://www.ubereats.com/atlanta/food-delivery/willys-mexicana-grill-2074-north-decatur-road/RCuF_2sWSzaAUeZGn9apnQ,clarkston-georgia
https://www.ubereats.com/atlanta/food-delivery/wave-lounge/onC0O5fgTEWeMN4vBA0qkg,clarkston-georgia
https://www.ubereats.com/atlanta/food-delivery/wingzz-kitchen/fBloKBRFTyawECcIXbx8nA,clarkston-georgia
https://www.ubereats.com/atlanta/food-delivery/family-cafe-wing-ave/BAenvinFTBy1AQVu-To_DA,clarkston-georgia
https://www.ubereats.com/atlanta/food-delivery/fish-chicken-%26-seafood/GQP3gqUmTmy6Gf5BZPnU9Q,clarkston-georgia
https://www.ubereats.com/atlanta/food-delivery/taco-n-madre/kmvzJupOSeSd9RNlmARBkw,clarkston-georgia
https://www.ubereats.com/atlanta/food-delivery/calabar-late-nites/3-Zhh2EVQiCnUMRC4IpoHA,clarkston-georgia
https://www.ubereats.com/atlanta/food-delivery/mellow-mushroom-340-ponce-de-leon-ave/0VhWV1n3Qk-A1PMADIZKPg,clarkston-georgia
https://www.ubereats.com/atlanta/food-delivery/pizza-hut-2244-henderson-mill-rd-unit-b/-tfwkQteRCOGa6RZVkspSw,clarkston-georgia
https://www.ubereats.com/atlanta/food-delivery/tropical-smoothie-cafe-morningside/3UjhPxqcSUGbbpH381T6NQ,clarkston-georgia
https://www.ubereats.com/atlanta/food-delivery/gekko-sushi-hibachi-truck/3mLSuQEvRomy_D56cD5C3g,clarkston-georgia
https://www.ubereats.com/atlanta/food-delivery/subway-2154-henderson-mill-rd-ne/PYqBRJd1QOeCUYFPVCnAhg,clarkston-georgia
https://www.ubereats.com/atlanta/food-delivery/panaderia-latina/jxsGbRFLQ-28OwjMCMGdqQ,clarkston-georgia
https://www.ubereats.com/atlanta/food-delivery/red-lobster-4001-highway-78-w/ycfVh16kT3aFgOt9A_6x0w,clarkston-georgia
https://www.ubereats.com/atlanta/food-delivery/yummy-spicy/QpagvyhqTNSkH4yrnS30Tw,clarkston-georgia
https://www.ubereats.com/atlanta/food-delivery/wnb-factory-wings-%26-burger-stone-mountain-3/9vHAzQdlRamntdPEaUgECA,clarkston-georgia
https://www.ubereats.com/atlanta/food-delivery/crumpys-hotwings/u_gQyLkNS0qU-ZkHFwpXKA,clarkston-georgia
https://www.ubereats.com/atlanta/food-delivery/guestdrivenbbq/pvxa7P9xRE-pD_S_Ev3llA,clarkston-georgia
https://www.ubereats.com/atlanta/food-delivery/panahar-bangladeshi-cuisine/kson4pTzRQ6GVRZnd8DWiQ,clarkston-georgia
https://www.ubereats.com/atlanta/food-delivery/napoleons-grill/rYbSB_-dTS-BWyk7wKDGNw,clarkston-georgia
https://www.ubereats.com/atlanta/food-delivery/louies-sports-grill/BAiz2mJgSbiDGGnckzpX3A,clarkston-georgia
https://www.ubereats.com/atlanta/food-delivery/j-christophers-brookhaven/1cgvWDflSS6VDaV1NyWd6g,clarkston-georgia
https://www.ubereats.com/atlanta/food-delivery/the-ice-cream-shop/q6JJrwPfTWGT9w8BAzY4Rg,clarkston-georgia
https://www.ubereats.com/atlanta/food-delivery/gusto!-chamblee/dNpmhLdSSAODYniWh-nPxQ,clarkston-georgia
https://www.ubereats.com/atlanta/food-delivery/eden/kRc-0585RIugj-jLEdTlnw,clarkston-georgia
https://www.ubereats.com/atlanta/food-delivery/sloppy-sandwiches/E7T_siAbR5G6UkG982DhMw,clarkston-georgia
https://www.ubereats.com/atlanta/food-delivery/subway-2113-n-decatur-rd/pw3VFbRgRg2JgyxNluJGJA,clarkston-georgia
https://www.ubereats.com/atlanta/food-delivery/thai-express-2502-blackmon-drive-suite-830/pmP-bMiPQamUJcjAy9szHA,clarkston-georgia
https://www.ubereats.com/atlanta/food-delivery/bambinellis-italian-restaurant-northlake/ym9D5sYXQuW_9P-jUh666w,clarkston-georgia
https://www.ubereats.com/atlanta/food-delivery/uncle-renzs-popcorn/KoaqjT-4Q4uwMiyh-FlUZw,clarkston-georgia
https://www.ubereats.com/atlanta/food-delivery/subway-6116-covington-hwy/LYo0-RFXT-2mYCI79sqHHg,clarkston-georgia
https://www.ubereats.com/atlanta/food-delivery/mr-soul-bistro-%26-cafe/MRJugcabQdGDB38eWaz6MQ,clarkston-georgia
https://www.ubereats.com/atlanta/food-delivery/the-halal-guys-4929-buford-hwy-ne-chamblee-ga/Q22_wxR3QluZxcbeunEYFw,clarkston-georgia
https://www.ubereats.com/atlanta/food-delivery/hi-pot/eL5nLg4hRyezyCNNdFTrpw,clarkston-georgia
https://www.ubereats.com/atlanta/food-delivery/endulge-cupcake-boutique/t9G8gdtPQKup3_SZzciQ8w,clarkston-georgia
https://www.ubereats.com/atlanta/food-delivery/the-halal-guys-4929-buford-hwy-ne/Tt5hCBAbT6Wzqu90XYUQ7Q,clarkston-georgia
https://www.ubereats.com/atlanta/food-delivery/soul-vegetarian-%232/MjSTmk0zSUOXUG5t5xj0YQ,clarkston-georgia
https://www.ubereats.com/atlanta/food-delivery/git-tipsy/5S5LnkLATA60MhU7W5rQhA,clarkston-georgia
https://www.ubereats.com/atlanta/food-delivery/the-ice-cream-shop/71YAQAXnQZuo_rWBShw7fA,clarkston-georgia
https://www.ubereats.com/atlanta/food-delivery/diaspora-kitchen/jpqiTb2XTYiAEUmzEUA_dA,clarkston-georgia
https://www.ubereats.com/atlanta/food-delivery/lucky-thai/nhvk4xxhQoO8_MtyieydCg,clarkston-georgia
https://www.ubereats.com/atlanta/food-delivery/coze-tea-studio/DEz-oehqQ_yqZF1C0r2_Eg,clarkston-georgia
https://www.ubereats.com/atlanta/food-delivery/el-matador/wlM6TyjmSU-Bul5m6uNx6A,clarkston-georgia
https://www.ubereats.com/atlanta/food-delivery/buzy-burrito-taqueria/YJPOQnBvRd62pxLLtD6ylw,clarkston-georgia
https://www.ubereats.com/atlanta/food-delivery/varuni-napoli-monroe-dr/S7_kkDV-QrWb7Lz0nqDDaw,clarkston-georgia
https://www.ubereats.com/atlanta/food-delivery/maximos-gyro-%26-kabob/uHZ9CSZtRDmca4cviBG92g,clarkston-georgia
https://www.ubereats.com/atlanta/food-delivery/argosy/4QWrwGkdQBKWl9GjxqcKmg,clarkston-georgia
https://www.ubereats.com/atlanta/food-delivery/baked-wright-bakery-llc-lithonia/t3Dy5GUdQ0Cwav0JQJtFRA,clarkston-georgia
https://www.ubereats.com/atlanta/food-delivery/burger-king-6038-memorial-drive/Mr5c4R8oSc-4bJPUPljrtg,clarkston-georgia
https://www.ubereats.com/atlanta/food-delivery/dairy-queen-grill-%26-chill-2781-chamblee-tucker/gL7MoprVTsmJLFng4hPt5Q,clarkston-georgia
https://www.ubereats.com/atlanta/food-delivery/savannah-shores-seafood-market/qUUzIy59Qv2gOx7aPXYR3A,clarkston-georgia
https://www.ubereats.com/atlanta/food-delivery/hong-kong/0Bn0r3LATimse9gUdlSgCg,clarkston-georgia
https://www.ubereats.com/atlanta/food-delivery/blue-restaurant/pBWJa71iQ3i9py-27Q3B6Q,clarkston-georgia
https://www.ubereats.com/atlanta/food-delivery/footprints-jamaican-restaurant-%26-lounge-decatur/dhmG5jNWQeqXE43ykWIzVA,clarkston-georgia
https://www.ubereats.com/atlanta/food-delivery/wendys-3383-s-buford-hwy/auupRcOZTOCXoUAfsp1PoQ,clarkston-georgia
https://www.ubereats.com/atlanta/food-delivery/southern-sweets-bakery/2auNDMJORQuoI6-JzlZtsw,clarkston-georgia
https://www.ubereats.com/atlanta/food-delivery/wnb-factory-wings-%26-burger-lithonia/QE7xpOlITgWvdUr2mQAtgA,clarkston-georgia
https://www.ubereats.com/atlanta/food-delivery/d92-korean-bbq/K3Sjt5p8RCavslo4oJdrIQ,clarkston-georgia
https://www.ubereats.com/atlanta/food-delivery/feedel-bistro/rQCnqwtlRiG9dqWWG2iCxA,clarkston-georgia
https://www.ubereats.com/atlanta/food-delivery/raduni-indian-cuisine/3YG2EskWS-GCsZT8bgsh-A,clarkston-georgia
https://www.ubereats.com/atlanta/food-delivery/checkers-4270-la-vista-road/D-q81Xi9SCOMR40wROR0Mg,clarkston-georgia
https://www.ubereats.com/atlanta/food-delivery/wendys-4643-memorial-drive/TryaFRbwTNuf4OPrUQSS7w,clarkston-georgia
https://www.ubereats.com/atlanta/food-delivery/murrays-in-a-hurry-lilburn/T-QZiSrDRvaApFQgP-H3qg,clarkston-georgia
https://www.ubereats.com/atlanta/food-delivery/red-lobster-3937-lavista-rd/McJj4floQBqpTgXsOFtryA,clarkston-georgia
https://www.ubereats.com/atlanta/food-delivery/village-burger-tucker/xw2bDcLFT2qp-LUl4c05iA,clarkston-georgia
https://www.ubereats.com/atlanta/food-delivery/taco-bell-2420-n-druid-hills-rd-ne/My-lHyTTQAKBcGGB94QQgA,clarkston-georgia
https://www.ubereats.com/atlanta/food-delivery/matador-cantina-and-tequila-bar/tYVCuSXcRVmaDBV649Q-TQ,clarkston-georgia
https://www.ubereats.com/atlanta/food-delivery/baraka-shawarma-mediterranean-grill-3-stone-mountain/_7jIxMjvSv68xtxqEuYznA,clarkston-georgia
https://www.ubereats.com/atlanta/food-delivery/bangkok-thai-restaurant-midtown/mf1u66WcSyO2Nxr-WqfQ8A,clarkston-georgia
https://www.ubereats.com/atlanta/food-delivery/captain-ds-2032-montreal-road/6rIGvJnQRaWdHRenhg3Ccw,clarkston-georgia
https://www.ubereats.com/atlanta/food-delivery/late-night-wingz/ZyhVFHwISZKWhlg_keCOlg,clarkston-georgia
https://www.ubereats.com/atlanta/food-delivery/doc-cheys-noodle-house-virginia-highland/H4CxwxmERDGo-FRd9YFyog,clarkston-georgia
https://www.ubereats.com/atlanta/food-delivery/siam-thai-restaurant/ap4IEN9LRcuh3S5vMRkuFQ,clarkston-georgia
https://www.ubereats.com/atlanta/food-delivery/the-ice-cream-shop/vdq343lMToCvy3ZALgtvEg,clarkston-georgia
https://www.ubereats.com/atlanta/food-delivery/gloriaribs/KQcFUGI8SIWtD3c65986Dw,clarkston-georgia
https://www.ubereats.com/atlanta/food-delivery/jscotts-takeout/A7I3nnO1T-aL3fnJcCy7_w,clarkston-georgia
https://www.ubereats.com/atlanta/food-delivery/piccadilly-cafeteria-tucker/vwkyyswERG2aFcAgfkl8VQ,clarkston-georgia
https://www.ubereats.com/atlanta/food-delivery/marble-slab-creamery-705-town-blvd/ZR5tTwf7QSCkf3CuL1DO0g,clarkston-georgia
https://www.ubereats.com/atlanta/food-delivery/kfc-5681-memorial-dr/CDO8jHZSQkaWf4m2QoP47Q,clarkston-georgia
https://www.ubereats.com/atlanta/food-delivery/starbucks-hwy-29-%26-lavista-rd/de59JKopTsKqy-q-AZSSGg,clarkston-georgia
https://www.ubereats.com/atlanta/food-delivery/morellis-ice-cream/9cQFY1haQaOAB5eGZTUJ3Q,clarkston-georgia
https://www.ubereats.com/atlanta/food-delivery/captain-ds-1881-candler-road/8GQ_304-Qna1LaxY4e8wSg,clarkston-georgia
https://www.ubereats.com/atlanta/food-delivery/checkers-2148-lawrenceville-hwy/c5PoBHANTteW_OVZWe3t_Q,clarkston-georgia
https://www.ubereats.com/atlanta/food-delivery/subway-475-rockbridge-rd/zsyqs1D1QpSpDbg26zvD8A,clarkston-georgia
https://www.ubereats.com/atlanta/food-delivery/arbys-2382-n-druid-hills-rd/q-SKCU1hRtiMat0l2MxW0w,clarkston-georgia
https://www.ubereats.com/atlanta/food-delivery/chick-fil-a-3967-lavista-rd/OmHWYpP5RUyehI_WXaEV6A,clarkston-georgia
https://www.ubereats.com/atlanta/food-delivery/wings-on-wheat-stone-mountain/wWdCrMsEQy2hJZejEGYpjQ,clarkston-georgia
https://www.ubereats.com/atlanta/food-delivery/bento-mac/Po5JkclsSreNUxOj8kmd8A,clarkston-georgia
https://www.ubereats.com/atlanta/food-delivery/burger-king-4094-lawrenceville-highway/QSFT-JYkRgy340RpjSf20Q,clarkston-georgia
https://www.ubereats.com/atlanta/food-delivery/taste-of-jamaica/0cuCuDnGS_-Zbk4Nk72BlA,clarkston-georgia
https://www.ubereats.com/atlanta/food-delivery/mcdonalds-stone-mountain-ga-hairston/brC90TXIQEOAemqWzGLsZQ,clarkston-georgia
https://www.ubereats.com/atlanta/food-delivery/iceny-atlanta-ice-cream/BxjfedDuRFKw2dWpAAlA_w,clarkston-georgia
https://www.ubereats.com/atlanta/food-delivery/southern-food-kitchen/u1utZMMiQv6O5goDjFOzhg,clarkston-georgia
https://www.ubereats.com/atlanta/food-delivery/vietvana-pho-noodle-house/BBMhobHtQMyQjaSVZEKSvg,clarkston-georgia
https://www.ubereats.com/atlanta/food-delivery/honey-baked-ham-2909-buford-hwy/5ZsenpIZQtCi9ynFtJ8ZaA,clarkston-georgia
https://www.ubereats.com/atlanta/food-delivery/top-spice-thai-%26-malaysian-cuisine/WswvBRHuToqdW4mNbB0HQg,clarkston-georgia
https://www.ubereats.com/atlanta/food-delivery/bawarchi-biryani-indian-cuisine/4SUu42BfQtCekgPypoxuqw,clarkston-georgia
https://www.ubereats.com/atlanta/food-delivery/dairy-queen-grill-%26-chill-3680-flat-shoals-rd/_3WllaCoQC2IPzVZDZkXfA,clarkston-georgia
https://www.ubereats.com/atlanta/food-delivery/liz-international-roti-house/ITsmTmOhRwywWEyREIuhAA,clarkston-georgia
https://www.ubereats.com/atlanta/food-delivery/jersey-mikes-subs-3489a-chamblee-tucker-rd/WFm_sJW8Txi3knz0bgAbgw,clarkston-georgia
https://www.ubereats.com/atlanta/food-delivery/ihop-stone-mountain/XdbhFavVRMSz_g6hgCISVQ,clarkston-georgia
https://www.ubereats.com/atlanta/food-delivery/mcdonalds-stone-mountain-ga-rksbrg/j_GX7WCeToSE4sTGopmeVw,clarkston-georgia
https://www.ubereats.com/atlanta/food-delivery/subway-2525-n-decatur-rd/_gm2r0wlSA6Yo4NCElmZxg,clarkston-georgia
https://www.ubereats.com/atlanta/food-delivery/ps-asian-restaurant/gtYq7MbST0mmXOnGGPKiJQ,clarkston-georgia
https://www.ubereats.com/atlanta/food-delivery/my-coffee-shop-%40-eastlake-kirkwood/dOPL1WIMRFWsS9Ma-QId4w,clarkston-georgia
https://www.ubereats.com/atlanta/food-delivery/buttermilk-sky-pie-shop/cA8pDj5XRui6EvhePdcWDA,clarkston-georgia
https://www.ubereats.com/atlanta/food-delivery/joes-bar-and-grill/k002wCCZSxKxtdu1tpLkgQ,clarkston-georgia
https://www.ubereats.com/atlanta/food-delivery/cococakes-by-coco/ehsEdAQHRWeaCyHOPrOwNQ,clarkston-georgia
https://www.ubereats.com/atlanta/food-delivery/old-brick-pit-bbq/WGNV5d9GSyy_ELrpZ150aQ,clarkston-georgia
https://www.ubereats.com/atlanta/food-delivery/sabores-del-plata-norcross/VWsE7nMtR5uyQfbDH39ryQ,clarkston-georgia
https://www.ubereats.com/atlanta/food-delivery/not-ya-aunties/0nzWZMEqRcGUUuJrp0SyJw,clarkston-georgia
https://www.ubereats.com/atlanta/food-delivery/panchos-mexican-restaurant-%26-cantina-lindbergh/f8GNxPJRRUqS2EhHewhOkA,clarkston-georgia
https://www.ubereats.com/atlanta/food-delivery/subway-4010-lawrenceville-hwy/XYhCA_vhTuiUkoZZiYnCgg,clarkston-georgia
https://www.ubereats.com/atlanta/food-delivery/z-churned-jersey-mikes-chamblee/KRpaoXMwTqizGjZQItkgPA,clarkston-georgia
https://www.ubereats.com/atlanta/food-delivery/enzos-pizza-tucker/UgiRykY8QsuRbiQ0hA4R0w,clarkston-georgia
https://www.ubereats.com/atlanta/food-delivery/no-gluten-inc/pemHiZrPSXCe8lgnCKtTAg,clarkston-georgia
https://www.ubereats.com/atlanta/food-delivery/food-to-go/S-L3Kxa9Qs-DGoFFLXLXbA,clarkston-georgia
https://www.ubereats.com/atlanta/food-delivery/jersey-mikes-subs-2470-briarcliff-rd/0qNhoVgOQfaA8m_jkUIXEQ,clarkston-georgia
https://www.ubereats.com/atlanta/food-delivery/wing-district/nBFtG0FER3an06qNpULssQ,clarkston-georgia
https://www.ubereats.com/atlanta/food-delivery/java-saga/8-Pc5POER8e7lDPQn0djbA,clarkston-georgia
https://www.ubereats.com/atlanta/food-delivery/los-bravos-brookhaven/fCrA4jVcTh6uz42sUrVVKw,clarkston-georgia
https://www.ubereats.com/atlanta/food-delivery/las-margaritas-latin-restaurant/k_zljDWlTO2Iz75pMFX-8g,clarkston-georgia
https://www.ubereats.com/atlanta/food-delivery/nana-banana-organic-juice-bar/zgI8hmUvQvqdtgDqB6i4Qg,clarkston-georgia
https://www.ubereats.com/atlanta/food-delivery/wnb-factory-wings-%26-burger-chamblee/KHQ8aw5SST2QKA-d4NwNcA,clarkston-georgia
https://www.ubereats.com/atlanta/food-delivery/the-juicy-crabtucker-ga/lZwHQaM0SV20S11UggDuNg,clarkston-georgia
https://www.ubereats.com/atlanta/food-delivery/talars/Fv6fyoZoTFSN4ivejtriqA,clarkston-georgia
https://www.ubereats.com/atlanta/food-delivery/poke-%26-juicy-drop/NSXJ3ecaQUSUyILBzKNKaQ,clarkston-georgia
https://www.ubereats.com/atlanta/food-delivery/sunshine-alchemy-food-truck/E44sjhK7SbCY9TzwLiJOTQ,clarkston-georgia
https://www.ubereats.com/atlanta/food-delivery/papa-johns-1065-columbia-drive/Vz9ZQWYyS72epGgckg8qaQ,clarkston-georgia
https://www.ubereats.com/atlanta/food-delivery/china-buffet/OCaXsd1WSwuHGJ5emJGmeA,clarkston-georgia
https://www.ubereats.com/atlanta/food-delivery/fresh-to-order-decatur/2C-QXZ_3QXiUhDhRD5Sfog,clarkston-georgia
https://www.ubereats.com/atlanta/food-delivery/tokyo-grill/sfYdEh0XSmiRw3QqiDH6lw,clarkston-georgia
https://www.ubereats.com/atlanta/food-delivery/hamdi-restaurant-clarkston/fDuZY1BAR_-wk0hJGPSPDA,clarkston-georgia
https://www.ubereats.com/atlanta/food-delivery/vanilla-crepes/r3HhiOyIQleeqxO50yiZ3A,clarkston-georgia
https://www.ubereats.com/atlanta/food-delivery/crawfish-shack-seafood/MjMZ4W68QqOFXARVEy21lA,clarkston-georgia
https://www.ubereats.com/atlanta/food-delivery/mcdonalds-decatur-clairmnt/bV5xPvwHQEKoch4m9RrvDw,clarkston-georgia
https://www.ubereats.com/atlanta/food-delivery/willys-mexicana-grill-1230-caroline-street/NDM7gFEeTSi7hweHvyqk6g,clarkston-georgia
https://www.ubereats.com/atlanta/food-delivery/farm-burger-decatur/vmTcI9QuQGeF4pgfbY7tMw,clarkston-georgia
https://www.ubereats.com/atlanta/food-delivery/chinese-dhaba-decatur/YbH9u348RtWQhA5N5I-YfQ,clarkston-georgia
https://www.ubereats.com/atlanta/food-delivery/desta-ethiopian-kitchen-briarcliff/HPAuEpFiTWmxTEjZC9B9Eg,clarkston-georgia
https://www.ubereats.com/atlanta/food-delivery/athens-pizza-north-druid-hills/65O7eT7XSomERkqgGkxSrA,clarkston-georgia
https://www.ubereats.com/atlanta/food-delivery/entrees-hot-chicken-%26-gourmet-butter-burgers/NnmssDVxTl2zv7vRla-EaQ,clarkston-georgia
https://www.ubereats.com/atlanta/food-delivery/wild-crab/bepwdkoVSZWhiKIf0UwtZQ,clarkston-georgia
https://www.ubereats.com/atlanta/food-delivery/del-taco-4227-lavista-rd/Q1s30QMxQWSOWFdbxOC09w,clarkston-georgia
https://www.ubereats.com/atlanta/food-delivery/papa-johns-386-c-north-deshon-road/u7vatT_KS_qrHpZnHVy3lA,clarkston-georgia
https://www.ubereats.com/atlanta/food-delivery/honey-baked-ham-lavista-road/9W_Ixl-kSfmGNNb61eByUQ,clarkston-georgia
https://www.ubereats.com/atlanta/food-delivery/canton-buddha/d9S9eZatStiEK2squCW5pw,clarkston-georgia
https://www.ubereats.com/atlanta/food-delivery/papa-johns-5200-jimmy-carter-blvd/VLiyD3rcRT6nWRf4VarLLg,clarkston-georgia
https://www.ubereats.com/atlanta/food-delivery/anthony-pizza-%26-pasta/OmQFGl-oSlG-b3m-yQHevA,clarkston-georgia
https://www.ubereats.com/atlanta/food-delivery/wingnuts-emory/ACZk90ibQTu4EFJBDhVF3g,clarkston-georgia
https://www.ubereats.com/atlanta/food-delivery/taqueria-los-rayos/Zxagi_OtSG-jWAV3uz4rDg,clarkston-georgia
https://www.ubereats.com/atlanta/food-delivery/captain-ds-1487-church-street/p_fSR_ERREW4CqQP3WYdKw,clarkston-georgia
https://www.ubereats.com/atlanta/food-delivery/the-house/1uIzkB0tTLa2Y3_lAjkgYA,clarkston-georgia
https://www.ubereats.com/atlanta/food-delivery/yummy-spicy/zC5DrU7xSVegRSFUB_ikUQ,clarkston-georgia
https://www.ubereats.com/atlanta/food-delivery/mumtaz-enterprise-dba-kids-paradise/kbV-HJjnQ8OtMPv2PaF8YA,clarkston-georgia
https://www.ubereats.com/atlanta/food-delivery/meet-fresh-%E9%AE%AE%E8%8A%8B%E4%BB%99/uHW1Y9-qTn-Wcn0EhspWbg,clarkston-georgia
https://www.ubereats.com/atlanta/food-delivery/mos-pizza/w2E-H6FOSYOleW9fKU5JXw,clarkston-georgia
https://www.ubereats.com/atlanta/food-delivery/golden-sun-chinese-restaurant-tucker/3ON_-Vi1R4KpFFqjRmbGDA,clarkston-georgia
https://www.ubereats.com/atlanta/food-delivery/willys-mexicana-grill-2566-briarcliff-road/t47gXi4WQVqUKSMuUldJ_A,clarkston-georgia
https://www.ubereats.com/atlanta/food-delivery/kochi-sushi-%26-hibachi/a-xzSNreRni5sOpQWMffiA,clarkston-georgia
https://www.ubereats.com/atlanta/food-delivery/kafenio-avondale/_WPg7UEOQda9BsVvF0c9BQ,clarkston-georgia
https://www.ubereats.com/atlanta/food-delivery/tena-mart/hDnLGYwCTRCkaPLQmqu5Ew,clarkston-georgia
https://www.ubereats.com/atlanta/food-delivery/hudson-grille-tucker/d1Sc_V8ZSPaOmCW4sOGikQ,clarkston-georgia
https://www.ubereats.com/atlanta/food-delivery/supreme-fish-delight-stone-mountain/s257MIjfSPinAnbIXxldPA,clarkston-georgia
https://www.ubereats.com/atlanta/food-delivery/dawghouse-restaurant-%26-lounge/jdtHyJ17RpeuMPsFSwdMAw,clarkston-georgia
https://www.ubereats.com/atlanta/food-delivery/a-taste-of-paradise/lKFjCVxHR9qMBtS2k9PQBg,clarkston-georgia
https://www.ubereats.com/atlanta/food-delivery/toco-grill/XKIAfRK7QIaGWrZ8Bo45Hg,clarkston-georgia
https://www.ubereats.com/atlanta/food-delivery/sprig-restaurant/oyMrXlTgQk6GZgYSHbsgrA,clarkston-georgia
https://www.ubereats.com/atlanta/food-delivery/brusters-real-ice-cream-4844-redan-rd/40bXQrVpSj2LyrBWhqidHQ,clarkston-georgia
https://www.ubereats.com/atlanta/food-delivery/duckanoo-grill/uZ3P4IUTQA-qfNMoTquOPw,clarkston-georgia
https://www.ubereats.com/atlanta/food-delivery/shay-latte-coffee/CMJe1puGTOS0_P4KS0S-cA,clarkston-georgia
https://www.ubereats.com/atlanta/food-delivery/himalayas-indian-restaurant/AUG4MHo0SKaKGd7T62XSlg,clarkston-georgia
https://www.ubereats.com/atlanta/food-delivery/kiro-sweets-decatur/wfUL3P6bQom1F-e365UxxQ,clarkston-georgia
https://www.ubereats.com/atlanta/food-delivery/alcove-coffeehouse/UpD92M0RROiy3kC-gabg0w,clarkston-georgia
https://www.ubereats.com/atlanta/food-delivery/raju-omlet-center-%26-blueberrys-indian-restaurant-%26-bar/ThGW2cKXSBWdKGJ8JG-l5w,clarkston-georgia
https://www.ubereats.com/atlanta/food-delivery/petite-violette/JGHDwKHxRQ2UEXYDM-URPA,clarkston-georgia
https://www.ubereats.com/atlanta/food-delivery/angies-place/9CmlZ-STRIaHkTuuQYUBHA,clarkston-georgia
https://www.ubereats.com/atlanta/food-delivery/asian-fusion-cafe/NNwLpMBnTSekzFH1MrMpjA,clarkston-georgia
https://www.ubereats.com/atlanta/food-delivery/wahoo!-grill/vDbOowaTRLWc6bSryJG6xw,clarkston-georgia
https://www.ubereats.com/atlanta/food-delivery/acquolina-new-york-pizza/j9OTp-d3S2OeG4LDCohhhQ,clarkston-georgia
https://www.ubereats.com/atlanta/food-delivery/a1-wings/d3wzQ9KgR9O_wfO-STCdrA,clarkston-georgia
https://www.ubereats.com/atlanta/food-delivery/happy-valley-dim-sum/CCLkMviXRDeYxV-CyzF1ZA,clarkston-georgia
https://www.ubereats.com/atlanta/food-delivery/boujee-meals/yKZl5cGkRw-HxX7IvG5QpA,clarkston-georgia
https://www.ubereats.com/atlanta/food-delivery/subway-3580-memorial-dr-ste-a/YRHZMo6NRZi0a5PuPke9Tg,clarkston-georgia
https://www.ubereats.com/atlanta/food-delivery/mint-chinese-%26-thai-cuisine/oXch-Bm5Sd2YrTBy4Mgb0A,clarkston-georgia
https://www.ubereats.com/atlanta/food-delivery/bull-gogi/yC8pNNmTQEmTETphdSdsUA,clarkston-georgia
https://www.ubereats.com/atlanta/food-delivery/lambadina-cafe/ZdFccutdQ9yd5YL1hz_fOg,clarkston-georgia
https://www.ubereats.com/atlanta/food-delivery/good-eats/9OqnN5DDRCqmyxLLBEqplA,clarkston-georgia
https://www.ubereats.com/atlanta/food-delivery/masti-vegetarian/Dh81tdaxQm-hmSF2VXFjKw,clarkston-georgia
https://www.ubereats.com/atlanta/food-delivery/mi-pizza/GjlPhcQNQ9KGd8O5NM50sg,clarkston-georgia
https://www.ubereats.com/atlanta/food-delivery/clairmont-cafe/5JyDErFlRWimEipHTv8duw,clarkston-georgia
https://www.ubereats.com/atlanta/food-delivery/da-korner-cafaye/gL3lD8WKTgKsQ4-_CfxD1Q,clarkston-georgia
https://www.ubereats.com/atlanta/food-delivery/red-lobster-2522-candler-road/_TSeIc-TTL-DYf5YxEMiHQ,clarkston-georgia
https://www.ubereats.com/atlanta/food-delivery/silk-2-bar-%26-grill/5Ag79urWQzajiRc2fr5ifg,clarkston-georgia
https://www.ubereats.com/atlanta/food-delivery/b-%26-l-wings/HydFa2L6QmOy2FteJCSruQ,clarkston-georgia
https://www.ubereats.com/atlanta/food-delivery/subway-4065-memorial-dr/0A8R-wMFQUKDXGS-Vu-4tQ,clarkston-georgia
https://www.ubereats.com/atlanta/food-delivery/babakabab/JCavQuc_RxmWLYH3q_xSZg,clarkston-georgia
https://www.ubereats.com/atlanta/food-delivery/krystal-piedmont-rd-ne-%26-peachtree-dr-ne/OSkVGz7NSuqpGzGDLq2wZg,clarkston-georgia
https://www.ubereats.com/atlanta/food-delivery/international-roti-house-decatur/SmAhspinRIGVQZ2APj8WJQ,clarkston-georgia
https://www.ubereats.com/atlanta/food-delivery/buffalo-china/1e0LOg6jT7Sx3Kc3tyViHw,clarkston-georgia
https://www.ubereats.com/atlanta/food-delivery/subway-2858-la-vista-rd/DedMyBrzT3apGWiuel702g,clarkston-georgia
https://www.ubereats.com/atlanta/food-delivery/doos-seafood/VyrQIMCcTXaiIPY8y0kliQ,clarkston-georgia
https://www.ubereats.com/atlanta/food-delivery/bubble-cream-ice-cream/GeJIAtCtSsKxGXpuAvurYQ,clarkston-georgia
https://www.ubereats.com/atlanta/food-delivery/jr-crickets-lithonia/lhPNT30cSPi9edf6wXnuPA,clarkston-georgia
https://www.ubereats.com/atlanta/food-delivery/sarah-donuts/SY8XnjypQaSLmfOOG6lDTg,clarkston-georgia
https://www.ubereats.com/atlanta/food-delivery/ivoire-cuisine/Q5UQ57qqS-C9GeAZWszaEQ,clarkston-georgia
https://www.ubereats.com/atlanta/food-delivery/so-kong-dong-tofu-house/hWtE5mxASySXk_QbC3iP0w,clarkston-georgia
https://www.ubereats.com/atlanta/food-delivery/i-pho-%26-grill/n5jF-T3mRsmCHoVmm9YLtQ,clarkston-georgia
https://www.ubereats.com/atlanta/food-delivery/poke-bar-chamblee/SjMhUjbVQ4icZwc7EVz0pg,clarkston-georgia
https://www.ubereats.com/atlanta/food-delivery/mod-pizza-decatur/SVJdT3YIR8iMxcq4vpoYag,clarkston-georgia
https://www.ubereats.com/atlanta/food-delivery/wings-on-brockett/R20izhdAS1WAZkkQw6poZA,clarkston-georgia
https://www.ubereats.com/atlanta/food-delivery/playa-bowls-chamblee/7Blez189QDKjCFg-I6mFew,clarkston-georgia
https://www.ubereats.com/atlanta/food-delivery/wagaya-emory-village/X2Mq9dwgSGSeflMsFdpt-w,clarkston-georgia
https://www.ubereats.com/atlanta/food-delivery/juicys-joint/tGzujQL9RnaULYjRq90F0Q,clarkston-georgia
https://www.ubereats.com/atlanta/food-delivery/checkers-3519-memorial-dr/VdU6fjKFQSutw5TvdfcgEQ,clarkston-georgia
https://www.ubereats.com/atlanta/food-delivery/express-grub/iJYr3y8ZRAOBya-QJnKlhQ,clarkston-georgia
https://www.ubereats.com/atlanta/food-delivery/deleons-wingspot/jQQmt3n8S8m0z3LBrxrVxQ,clarkston-georgia
https://www.ubereats.com/atlanta/food-delivery/chick-fil-a-5542-memorial-dr/MCmL4cZ5TUSEWlFp3rOi8A,clarkston-georgia
https://www.ubereats.com/atlanta/food-delivery/moorish-medicine/qh7Z9P8RSoSKrzHQ0yRnkQ,clarkston-georgia
https://www.ubereats.com/atlanta/food-delivery/roti-rolls-atlanta/v9HpTnIVR_Wt5BKs4YZafA,clarkston-georgia
https://www.ubereats.com/atlanta/food-delivery/ihop-panola/aWrfBLooRpWI5VU_yS-Pkw,clarkston-georgia
https://www.ubereats.com/atlanta/food-delivery/hoots-righteous-wings-1565-church-st-suite-505/5Le4ajyUSbSQo3sBGsUf8g,clarkston-georgia
https://www.ubereats.com/atlanta/food-delivery/san-francisco-coffee-roasting-co/wET147kFRce5MnIsiPCgMg,clarkston-georgia
https://www.ubereats.com/atlanta/food-delivery/hello-chicken/RlGgLYxhSjqH5XQXCdzN2w,clarkston-georgia
https://www.ubereats.com/atlanta/food-delivery/dairy-queen-grill-%26-chill-2212-lawrenceville-hwy/mGVEapvBRjOH9xmR6K0dZw,clarkston-georgia
https://www.ubereats.com/atlanta/food-delivery/applebees-4705-memorial-dr/Nl1nP0zXSdufOQD56gNFaw,clarkston-georgia
https://www.ubereats.com/atlanta/food-delivery/the-iberian-pig-decatur/ZefTKhVTRIKmB_BLzIE4uA,clarkston-georgia
https://www.ubereats.com/atlanta/food-delivery/2-girls-%26-a-grill/7RPjDW_BQfSpwEdJ532keQ,clarkston-georgia
https://www.ubereats.com/atlanta/food-delivery/china-feng/Z5mMXSSKSkOTBRPx73vo8Q,clarkston-georgia
https://www.ubereats.com/atlanta/food-delivery/ben-%26-jerrys/pdk8qB_jRKOSiDTBWcVcXg,clarkston-georgia
https://www.ubereats.com/atlanta/food-delivery/luxor-lounge-%26-bistro/iPPLqg-dQL2M-Y8o6gsukw,clarkston-georgia
https://www.ubereats.com/atlanta/food-delivery/kings-southern-delight/fpfZPI3VRdiMv9adRl0eTA,clarkston-georgia
https://www.ubereats.com/atlanta/food-delivery/the-white-bull/VoZjlHboQKyBQgQzfToYdA,clarkston-georgia
https://www.ubereats.com/atlanta/food-delivery/firehouse-subs-tucker/P1K-sY6jTiOsjT3J9QpNAQ,clarkston-georgia
https://www.ubereats.com/atlanta/food-delivery/z-churned-jersey-mikes-north-druid-hills/ngL_2kCzThi8me_m8UHV2w,clarkston-georgia
https://www.ubereats.com/atlanta/food-delivery/popeyes-2767-clairmont-rd-ne/N3Lxy2ENRKCnnTYeRPEniA,clarkston-georgia
https://www.ubereats.com/atlanta/food-delivery/stoned-pizza-kitchen/g35tJdY-ScKl921-74ofLA,clarkston-georgia
https://www.ubereats.com/atlanta/food-delivery/churchs-chicken-4895-stone-mountain-hwy-ste-a/6L-DVo4SQ9Ss7GMfCsLB3A,clarkston-georgia
https://www.ubereats.com/atlanta/food-delivery/kathmandu-kitchen-%26-grills/xxZOKM5mRoyj69ByVy80Zg,clarkston-georgia
https://www.ubereats.com/atlanta/food-delivery/saladworks-brighten-park/V1IgZBu0SuGr4qhV76RQLA,clarkston-georgia
https://www.ubereats.com/atlanta/food-delivery/poke-bar-decatur/pwZjh3JnREuXhThRamnYXA,clarkston-georgia
https://www.ubereats.com/atlanta/food-delivery/boston-market-5170-stone-mtn-highway/xylzmgyvQK2qBjLHI9Qfrw,clarkston-georgia
https://www.ubereats.com/atlanta/food-delivery/subway-5158-memorial-dr/Xwx34PnbTyWRwHKeBuvA8Q,clarkston-georgia
https://www.ubereats.com/atlanta/food-delivery/moes-southwest-grill-4030-lavista-rd/wpVgwUleTCmukAjqcrlYxA,clarkston-georgia
https://www.ubereats.com/atlanta/food-delivery/indian-grill-restaurant/Smqt0KN9QaS5kHyUjhKEuw,clarkston-georgia
https://www.ubereats.com/atlanta/food-delivery/cafe-bombay/nJq7eIhKQ-25z-4Joe1U9g,clarkston-georgia
https://www.ubereats.com/atlanta/food-delivery/atlantas-best-wings/SbUAeXOSTqiFnDBO14t2HQ,clarkston-georgia
https://www.ubereats.com/atlanta/food-delivery/la-nina-michoacana-pop/XkbcwQWiSQ2RAry_-ua52Q,clarkston-georgia
https://www.ubereats.com/atlanta/food-delivery/summit-deli/tvpdWzEeST-7ABkjSK6u-w,clarkston-georgia
https://www.ubereats.com/atlanta/food-delivery/taco-bell-5201-memorial-drive/_GpOfsjYRKWL1JDa5XsPig,clarkston-georgia
https://www.ubereats.com/atlanta/food-delivery/soulful-taste-cafe/gBJQ0wAuTByrbpWOWqFtfQ,clarkston-georgia
https://www.ubereats.com/atlanta/food-delivery/kaceys-home-cooking-tucker/-sa1oB4CSz-dkOZfbmP7IA,clarkston-georgia
https://www.ubereats.com/atlanta/food-delivery/maries-at-ummat-cafe/atfIiBv-ShqYKBUdC6EK_A,clarkston-georgia
https://www.ubereats.com/atlanta/food-delivery/churchs-chicken-4680-memorial-drive/uSz8MOGqReaz-HjyBXOJWw,clarkston-georgia
https://www.ubereats.com/atlanta/food-delivery/bawarchi-biryanis-decatur/1DRIsVnzTu6z-Y1Qfh5S_A,clarkston-georgia
https://www.ubereats.com/atlanta/food-delivery/purnima-bangladeshi-restaurant/qqAUIHu2SqGnjURk_EIyiA,clarkston-georgia
https://www.ubereats.com/atlanta/food-delivery/kfc-3901-buford-hwy-ne/yOIU52Q3TL2zr3lGnLnccQ,clarkston-georgia
https://www.ubereats.com/atlanta/food-delivery/napoleons-grill/3oyimkYMSoqFRievh0WmOA,clarkston-georgia
https://www.ubereats.com/atlanta/food-delivery/applebees-4353-lawrenceville-hwy/o5TK0FllS9usRtPt095znA,clarkston-georgia
https://www.ubereats.com/atlanta/food-delivery/masti-fun-indian-street-eats/vpJ7AmDOQqGU40KlZFl5IA,clarkston-georgia
https://www.ubereats.com/atlanta/food-delivery/mellow-mushroom-atlanta-brookhaven/eFqFu8AkTJ2lUbyExUvh1Q,clarkston-georgia
https://www.ubereats.com/atlanta/food-delivery/skips-chicago-dogs/k7Raaf4KQuifEVwqrd-9UA,clarkston-georgia
https://www.ubereats.com/atlanta/food-delivery/great-china-express/IN9lM02SR12TAfJky8ucTg,clarkston-georgia
https://www.ubereats.com/atlanta/food-delivery/tropical-smoothie-cafe-the-village-at-druid-hills/9EuH_7pMSiCkJ5NaSH0-Iw,clarkston-georgia
https://www.ubereats.com/atlanta/food-delivery/goldbergs-deli-north-druid-hills/8lYlHycsQau_kh21OeglGA,clarkston-georgia
https://www.ubereats.com/atlanta/food-delivery/captain-ds-2422-wesley-chapel-road/GtgZGrmUQs21UCy8GwxvKg,clarkston-georgia
https://www.ubereats.com/atlanta/food-delivery/chat-patti-indian-vegetarian-restaurant-church-st/8YAfUkLfSuiyrS4Ab6gsig,clarkston-georgia
https://www.ubereats.com/atlanta/food-delivery/mcdonalds-buford-hwy-%26-clarmont-road-relo/4Q6O0qNRRwm9q_H5ehGdfw,clarkston-georgia
https://www.ubereats.com/atlanta/food-delivery/chef-winnies-kitchen/qV4Lkw56RKCzupPuqNfpNg,clarkston-georgia
https://www.ubereats.com/atlanta/food-delivery/halal-pizza/u6Sp5M2NRxuLbnJVrs_Tdg,clarkston-georgia
https://www.ubereats.com/atlanta/food-delivery/top-spice-thai-%26-malaysian-cuisine-3007-north-druid-hills/83ocGT9GQH6x66Ci-hACmg,clarkston-georgia
https://www.ubereats.com/atlanta/food-delivery/lifting-noodles-ramen/lWmCJzAOQaGaoqlAHaEX3w,clarkston-georgia
https://www.ubereats.com/atlanta/food-delivery/himalayan-spice/-izsPQDpQySzpV1_syuGxw,clarkston-georgia
https://www.ubereats.com/atlanta/food-delivery/the-wing-bar/s2tiAF1TQuK10juDhIPyEA,clarkston-georgia
https://www.ubereats.com/atlanta/food-delivery/pho-24-decatur/tKJ2Bc28T6m4EG-TXO966g,clarkston-georgia
https://www.ubereats.com/atlanta/food-delivery/american-wings-%26-hibachi/4Fo1AdiDTcyZdbEQ3Nik9Q,clarkston-georgia
https://www.ubereats.com/atlanta/food-delivery/las-tortas-locas-%233/b8-LdSlwSk2Vfevi0lC7-w,clarkston-georgia
https://www.ubereats.com/atlanta/food-delivery/big-fat-vegan-tacos/_P6Pa5y-R3eBzTp5MolXIQ,clarkston-georgia
https://www.ubereats.com/atlanta/food-delivery/mouth-watering-fried-chicken-decatur/RLC7MLzYRKm4h3FUPQA6vw,clarkston-georgia
https://www.ubereats.com/atlanta/food-delivery/churchs-chicken-norcross/Lr9CYmpBSO63lFwfu4rw-w,clarkston-georgia
https://www.ubereats.com/atlanta/food-delivery/captain-ds-2785-evans-mill-road/DhhWNwEnSPeRuh5XiAFKng,clarkston-georgia
https://www.ubereats.com/atlanta/food-delivery/la-costilla-grill/tCoqRd8ZT3SDkGaBh86sAw,clarkston-georgia
https://www.ubereats.com/atlanta/food-delivery/cafe-istanbul-decatur/5zmAoer3ReuDfLlkSF8Cfg,clarkston-georgia
https://www.ubereats.com/atlanta/food-delivery/starbucks-n-decatur-%26-church/GcRS2W2DTBuJoqjzlCKrIg,clarkston-georgia
https://www.ubereats.com/atlanta/food-delivery/toco-grill/XQGLBoP7SFWQZGHqt9Lizw,clarkston-georgia
https://www.ubereats.com/atlanta/food-delivery/subway-6330-lawrenceville-hwy/IOAext7jRJ-6rB1FCk8hkw,clarkston-georgia
https://www.ubereats.com/atlanta/food-delivery/el-patron-bar-and-grill/AaB865sBQ7m6iasiNigg9Q,clarkston-georgia
https://www.ubereats.com/atlanta/food-delivery/subway-1362-brockett-rd/ibvpqVqqQwisVXhFfv33oQ,clarkston-georgia
https://www.ubereats.com/atlanta/food-delivery/los-bravos-mexican-restaurant/blAzdIMjQLeqTRF9zx4n6g,clarkston-georgia
https://www.ubereats.com/atlanta/food-delivery/breakfast-house/KZoydS2kSveiq2dOTtL-Gw,clarkston-georgia
https://www.ubereats.com/atlanta/food-delivery/ponce-sport-lounge/E8iSB_jcTD-wFQ-e_Lqqog,clarkston-georgia
https://www.ubereats.com/atlanta/food-delivery/dunkin-4760-memorial-dr/qZfLYccXRGuO9SHzx2OPBw,clarkston-georgia
https://www.ubereats.com/atlanta/food-delivery/the-poboy-shop/8GLsEwWgSQSHIkNWphLxAQ,clarkston-georgia
https://www.ubereats.com/atlanta/food-delivery/southern-coastal-cuisine/206YWK2xSNyT0HhRGGo9qg,clarkston-georgia
https://www.ubereats.com/atlanta/food-delivery/bench-warmers-sports-grill-clairmont-rd/ic3jNZeoR9idVd0X6tfhMQ,clarkston-georgia
https://www.ubereats.com/atlanta/food-delivery/ladeami/B80G0TZfRDu_c8fHaQKqkg,clarkston-georgia
https://www.ubereats.com/atlanta/food-delivery/kategna-ethiopia-cusine/Sx69zVNRQjOTez3_YbKXGw,clarkston-georgia
https://www.ubereats.com/atlanta/food-delivery/subway-3350-a-chamblee-tucker-rd/nTPSFdxGTJ2b7gtS_AhySA,clarkston-georgia
https://www.ubereats.com/atlanta/food-delivery/casa-vieja-restaurant/1wfeD8BeRj2xTtftcowrxw,clarkston-georgia
https://www.ubereats.com/atlanta/food-delivery/boston-market-2535-briarcliff-road/xsmpvmPuTrOvWcmNG9IgvQ,clarkston-georgia
https://www.ubereats.com/atlanta/food-delivery/royal-smoke-bbq/0FzF_fDeRuyosOQhFsyO5Q,clarkston-georgia
https://www.ubereats.com/atlanta/food-delivery/tropical-smoothie-cafe-decatur/4sA_6bC6SpqQ_SLuc52ang,clarkston-georgia
https://www.ubereats.com/atlanta/food-delivery/vibes-night-club/Ga8O_8yQQYKOlV27KshbIQ,clarkston-georgia
https://www.ubereats.com/atlanta/food-delivery/arrieros-taqueria-and-grill/ncPT8AH-TFCBRDf1z3eong,clarkston-georgia
https://www.ubereats.com/atlanta/food-delivery/impulse-lounge/EKSrK-4iTN26NRqTlGIWDw,clarkston-georgia
https://www.ubereats.com/atlanta/food-delivery/ameribistro-stone-mountain/r1vjgwKQRw2gtTWULDK-nQ,clarkston-georgia
https://www.ubereats.com/atlanta/food-delivery/enzos-pizza/oEliIWmmQS2K6-pRfVhkrQ,clarkston-georgia
https://www.ubereats.com/atlanta/food-delivery/1273-tapas-grille/cRAXQFV7Ta2hLCtxy7GSfg,clarkston-georgia
https://www.ubereats.com/atlanta/food-delivery/the-stratford-pub/Zw9yk4f7TemZI1OWUHAbyg,clarkston-georgia
https://www.ubereats.com/atlanta/food-delivery/lazy-betty-llc/d3gTVT4_Rp6P9e5QAri7cA,clarkston-georgia
https://www.ubereats.com/atlanta/food-delivery/ducks-kitchen/_4f-V00vTHmI6xqkdD_55A,clarkston-georgia
https://www.ubereats.com/atlanta/food-delivery/las-tortas-locas-%2311/X-V4MknaSiSke6kfd74HBg,clarkston-georgia
https://www.ubereats.com/atlanta/food-delivery/pizza-hut-4286-chamblee-tucker-rd-pittsburg-shpg-ctr/vMKBSK2qR2ukOFt5k2skBA,clarkston-georgia
https://www.ubereats.com/atlanta/food-delivery/cicis-3912-n-druid-hills-road/eYZm-8ZDS9KstNLu7TyQHQ,clarkston-georgia
https://www.ubereats.com/atlanta/food-delivery/rosatis-pizza-4629-wieuca-rd-ne/5QE_tnrYTRKHRdeBrg50Kw,clarkston-georgia
https://www.ubereats.com/atlanta/food-delivery/just-grillin-bbq-%26-catering/t5Ne3cEQQPmRc8TGjEHtzg,clarkston-georgia
https://www.ubereats.com/atlanta/food-delivery/crave-at-little-5-points/q4HyLaY4SEq3KoB5iXqYFA,clarkston-georgia
https://www.ubereats.com/atlanta/food-delivery/tea-leaf-and-creamery/VA58D_fKRhCeh8i9x0lhPg,clarkston-georgia
https://www.ubereats.com/atlanta/food-delivery/gokul-sweets-north-druid-hills/PdFiFqllTj2iYnGqcvl0aQ,clarkston-georgia
https://www.ubereats.com/atlanta/food-delivery/heritage-grille/FSOxNSeTTWyW0o99cI-W1g,clarkston-georgia
https://www.ubereats.com/atlanta/food-delivery/green-ginger-decatur/bZ1R3Y7aROuio9rNwbQJZg,clarkston-georgia
https://www.ubereats.com/atlanta/food-delivery/wings-n-grill/a6C3fggPRmCFVP3o5oy4Ew,clarkston-georgia
https://www.ubereats.com/atlanta/food-delivery/moes-southwest-grill-4450-hugh-howell-rd/01iGrfq0TmeZILk3WVkbfA,clarkston-georgia
https://www.ubereats.com/atlanta/food-delivery/sweet-hut-doraville/PaCvP4CiR72TSM1r0iq5qA,clarkston-georgia
https://www.ubereats.com/atlanta/food-delivery/uncle-maddios-pizza-tucker/a96hTStVTKGM6Wr-7QBAfQ,clarkston-georgia
https://www.ubereats.com/atlanta/food-delivery/dragon-bowl/RkF55UqlQDmTn8H-oBfmqQ,clarkston-georgia
https://www.ubereats.com/atlanta/food-delivery/the-corner-pub-decatur/S7-SbttdR9OAXHnrFFXU0w,clarkston-georgia
https://www.ubereats.com/atlanta/food-delivery/hong-kong-city/iAu5pB_sQK6igR-namRT3A,clarkston-georgia
https://www.ubereats.com/atlanta/food-delivery/nicolas-restaurant/D9CBLZe6QO2IQicTUYT2Mw,clarkston-georgia
https://www.ubereats.com/atlanta/food-delivery/daves-cosmic-subs-n-decatur/biKEyKleSCSn7Q4QzMnNmw,clarkston-georgia
https://www.ubereats.com/atlanta/food-delivery/touchdown-wings-flakes-mill-rd/vGZwrOJ6TTWYrjmb6QFtQQ,clarkston-georgia
https://www.ubereats.com/atlanta/food-delivery/goodazzfood-500-flat-shoals-ave/ew3-SAExSx6lRgiPVZaENA,clarkston-georgia
https://www.ubereats.com/atlanta/food-delivery/wild-ginger-thai/jn3fgcZuSUGApU7tnPxPUg,clarkston-georgia
https://www.ubereats.com/atlanta/food-delivery/raging-burrito-%26-taco/oeakbuU8R1u57ma4XlGZeA,clarkston-georgia
https://www.ubereats.com/atlanta/food-delivery/dunkin-2555-wesley-chapel-rd-suite-1/Kv5XBXpgTSaWfbkktByLsA,clarkston-georgia
https://www.ubereats.com/atlanta/food-delivery/the-lions-restaurant-%26-lounge/hzZkESI7SYeIfKHZrIIsbg,clarkston-georgia
https://www.ubereats.com/atlanta/food-delivery/sugar-shack/4LkUtkTlQG2pP8pfntCQUA,clarkston-georgia
https://www.ubereats.com/atlanta/food-delivery/mamas-teriyaki/4JdQgf0nQ12grGX1GxU_zQ,clarkston-georgia
https://www.ubereats.com/atlanta/food-delivery/el-monterrey-mexican-restaurant/ruZof2ueRA68KZsFoDehug,clarkston-georgia
https://www.ubereats.com/atlanta/food-delivery/seafood-n-thingz-2-go/GpOkFIeDQRuCk0Sr4ifpbg,clarkston-georgia
https://www.ubereats.com/atlanta/food-delivery/bojangles-famous-chicken-%26-biscuits-2019-3971-buford-highway/qoStEL4GRxSFrvObjTZNyw,clarkston-georgia
https://www.ubereats.com/atlanta/food-delivery/jr-crickets-north-decatur/GAi3TcThTJuNR3XXgkwbIw,clarkston-georgia
https://www.ubereats.com/atlanta/food-delivery/epics-foods-atl/BIPfKtRlRGmfcowKT5KF2g,clarkston-georgia
https://www.ubereats.com/atlanta/food-delivery/willys-mexicana-grill-3883-peachtree-road-ne/sv5XEA2xSEG686DlH9MYzQ,clarkston-georgia
https://www.ubereats.com/atlanta/food-delivery/burger-theory/9PMeELyWS4iO-ZEgHvIuiA,clarkston-georgia
https://www.ubereats.com/atlanta/food-delivery/mollies-grille/3ADeTAYJQvCRvp4O7_-czQ,clarkston-georgia
https://www.ubereats.com/atlanta/food-delivery/dunkin-3935-lavista-rd/RsFd-xXzS4uIpWpoi3tt4w,clarkston-georgia
https://www.ubereats.com/atlanta/food-delivery/lenox-cupcakes/N7YUToO9TSKiwB89enlHEw,clarkston-georgia
https://www.ubereats.com/atlanta/food-delivery/poke-burri/vv-gHC3JQauCAv6QL8nSoA,clarkston-georgia
https://www.ubereats.com/atlanta/food-delivery/kongs-vegetarian/6V0wcCAUR7KZJKQznxFTow,clarkston-georgia
https://www.ubereats.com/atlanta/food-delivery/mamas-chicken-%26-seafood/kA5oCB8DRr6_NF6Y2D_mtA,clarkston-georgia
https://www.ubereats.com/atlanta/food-delivery/galley-gourmet/OcmKmK3nQA6fAluQ3mw26g,clarkston-georgia
https://www.ubereats.com/atlanta/food-delivery/hong-kong-covington-highway/HU9cwicgRZeqQJlqbh_jzw,clarkston-georgia
https://www.ubereats.com/atlanta/food-delivery/papa-johns-3077-north-druid-hills-road/xDr2lQVtR7mZleqtQuwWSQ,clarkston-georgia
https://www.ubereats.com/atlanta/food-delivery/mcdonalds-decatur-ga-n-druid-hills/mxc0ulb7QM2spo7FJmLdsg,clarkston-georgia
https://www.ubereats.com/atlanta/food-delivery/chipotle-mexican-grill-2078-henderson-mill-rd-ne/f9EeRYQAQxOaIa-iWR4bwQ,clarkston-georgia
https://www.ubereats.com/atlanta/food-delivery/coronitas-bar-%26-grill/xJ4cBOuRQpmv1_GnE-GmNw,clarkston-georgia
https://www.ubereats.com/atlanta/food-delivery/subway-1861-mountain-industrial-blvd/duatqMH4S4Wg7TblgKyx3A,clarkston-georgia
https://www.ubereats.com/atlanta/food-delivery/el-taco-naco-tucker/8gXR0I7TQLaxWM7U-GZeVQ,clarkston-georgia
https://www.ubereats.com/atlanta/food-delivery/krispy-krunchy-kitchen-memorial-drive/EwSBNWcURuO3CTvE0bkjDA,clarkston-georgia
https://www.ubereats.com/atlanta/food-delivery/spice-bistro/tv03TYaJSL2KIctr7ncDlQ,clarkston-georgia
https://www.ubereats.com/atlanta/food-delivery/brusters-real-ice-cream-2095-lavista-rd-ne/UOU7mOcjRtiCN_FG3fnz5Q,clarkston-georgia
https://www.ubereats.com/atlanta/food-delivery/kabab-express-atlanta/8zb4AoZIR0W-1-viK7QxNg,clarkston-georgia
https://www.ubereats.com/atlanta/food-delivery/pho-24-buford/31iMkKbcRX6Oh4TC8WrAxA,clarkston-georgia
https://www.ubereats.com/atlanta/food-delivery/funxcess/RsedT7JCS8OXQWHYF7iFvA,clarkston-georgia
https://www.ubereats.com/atlanta/food-delivery/umai-sushi-%26-noodles-grant-park/FAPkgk-JRE25n9LZ3N0thQ,clarkston-georgia
https://www.ubereats.com/atlanta/food-delivery/osteria-832/wuK1ykQoQY-26Ty10F-ytQ,clarkston-georgia
https://www.ubereats.com/atlanta/food-delivery/the-real-mexican-vittles-%232/D2yzLvS1RmimohlJRVzawg,clarkston-georgia
https://www.ubereats.com/atlanta/food-delivery/this-is-it!-bbq-%26-seafood-panola/iUYO2d8kQCueZFX1Mnrw6g,clarkston-georgia
https://www.ubereats.com/atlanta/food-delivery/mela-ethiopian-kitchen/isG7Jw_YQFmndpm56ASUeA,clarkston-georgia
https://www.ubereats.com/atlanta/food-delivery/mist-poke-snack-dessert-bar/xTm9G4TeTS2kwmoVv_S3sQ,clarkston-georgia
https://www.ubereats.com/atlanta/food-delivery/pizza-semplice/-QUdUkCwRjCV9jwgCCRxfA,clarkston-georgia
https://www.ubereats.com/atlanta/food-delivery/sidechick/P-e_14HgRyePmeR9m5i0RA,clarkston-georgia
https://www.ubereats.com/atlanta/food-delivery/sodere-sports-cafe-and-restaurant/Ij1jrdrZSYqWPBhZ_KJXUw,clarkston-georgia
https://www.ubereats.com/atlanta/food-delivery/atl-deli-decatur/MDi7emmnTByLzat1mgrs3Q,clarkston-georgia
https://www.ubereats.com/atlanta/food-delivery/big-joy-chinese-restaurant/kwDS3S3-R4efIgj53AUeOA,clarkston-georgia
https://www.ubereats.com/atlanta/food-delivery/super-tacos-dannys/OiJaMVO1RoyT00rXhdfAgw,clarkston-georgia
https://www.ubereats.com/atlanta/food-delivery/26-thai-kitchen-%26-bar/uMWJznvZTY6Cq1hPfxWWMA,clarkston-georgia
https://www.ubereats.com/atlanta/food-delivery/house-of-onigiri-riceball/gURAAZaqQAySuV0BX4EaHw,clarkston-georgia
https://www.ubereats.com/atlanta/food-delivery/sumo-hibachi-%26-wings/kiYqMedwS26rveDtSzrZFg,clarkston-georgia
https://www.ubereats.com/atlanta/food-delivery/la-pastorcita-north-druid-hills/zo5zX1IqRH6qs4gKOmQhNA,clarkston-georgia
https://www.ubereats.com/atlanta/food-delivery/mushi-ni/sCqd6ewlQRaD7OcPM8mD2g,clarkston-georgia
https://www.ubereats.com/atlanta/food-delivery/chom-chom/j7n1kxJzRAabWLGi8E9ljg,clarkston-georgia
https://www.ubereats.com/atlanta/food-delivery/ammazza/CAnFsFJsT8WrjBnRYn7zFA,clarkston-georgia
https://www.ubereats.com/atlanta/food-delivery/juicy-jerk-fiesta-grill-%E2%80%9Cfood-trailer%E2%80%9D/xjojFb08TkWkls8UW5bvFA,clarkston-georgia
https://www.ubereats.com/atlanta/food-delivery/the-breeze-smoothie-bar/jZy3RqALRjaGUxGeLy_fgQ,clarkston-georgia
https://www.ubereats.com/atlanta/food-delivery/bismillah-cafe/vVu9Nz-uQL6XBe-4fU8UfA,clarkston-georgia
https://www.ubereats.com/atlanta/food-delivery/kaceys-home-cooking-tucker/g5o2_LUIQZe2vjDd4yhuZg,clarkston-georgia
https://www.ubereats.com/atlanta/food-delivery/cafe-azalea/5xkmkFCcRmyrkJsSxamwVw,clarkston-georgia
https://www.ubereats.com/atlanta/food-delivery/burger-king-3542-memorial-drive/tbstNEH_SJKnQdCw3N7m_A,clarkston-georgia
https://www.ubereats.com/atlanta/food-delivery/mango-mango-dessert-atlanta/lsk9OtYlSRaNqpWsk-Jx4Q,clarkston-georgia
https://www.ubereats.com/atlanta/food-delivery/lucky-key-and-fujiya/bgoetD2OTDasLEcYLxSLmg,clarkston-georgia
https://www.ubereats.com/atlanta/food-delivery/rice-mac/EZx3N2Z8TNi2fEmszAFJ7g,clarkston-georgia
https://www.ubereats.com/atlanta/food-delivery/local-no-7-tucker/tNqFQ5A1TC233midq-Mg5w,clarkston-georgia
https://www.ubereats.com/atlanta/food-delivery/burger-world/78rz9W5WSFmmdL5DEfsflA,clarkston-georgia
https://www.ubereats.com/atlanta/food-delivery/italian-pie-lilburn/1TXr9DK3RkylWenCsrIXOA,clarkston-georgia
https://www.ubereats.com/atlanta/food-delivery/aqs-comfort-food/_vBLyReERumF2cl4CjIhLw,clarkston-georgia
https://www.ubereats.com/atlanta/food-delivery/j-christopher-decatur/DOzJmi7zSH-xkTLh3ZfjGw,clarkston-georgia
https://www.ubereats.com/atlanta/food-delivery/subway-2899-n-decatur-rd/huXZL0cmQ0Wiq5J5LERS4w,clarkston-georgia
https://www.ubereats.com/atlanta/food-delivery/the-generals-jerk-shack/gUubPWA6Sy69zcthusYtKA,clarkston-georgia
https://www.ubereats.com/atlanta/food-delivery/burger-king-4622-memorial-drive/CepVOHAIQ8-slSQYwgRFlw,clarkston-georgia
https://www.ubereats.com/atlanta/food-delivery/american-deli-emory-briarcliff/HnLcl4GQRgeD10cAz1Dgkw,clarkston-georgia
https://www.ubereats.com/atlanta/food-delivery/crazy-rons-bbq/qXHWVR-CQSqwkLUMPyi1Hw,clarkston-georgia
https://www.ubereats.com/atlanta/food-delivery/the-original-pancake-house-5099-memorial-dr/iovi4EWkSB6sua7hJOoWqQ,clarkston-georgia
https://www.ubereats.com/atlanta/food-delivery/sublimes-restaurant/WHqB566wRD6HUKSli86Geg,clarkston-georgia
https://www.ubereats.com/atlanta/food-delivery/china-star-tucker/lMcg4gGqRVOlJfrmsHIfLw,clarkston-georgia
https://www.ubereats.com/atlanta/food-delivery/first-watch-decatur/Ru7xRx7_TtWe3i4dEF3LlA,clarkston-georgia
https://www.ubereats.com/atlanta/food-delivery/lets-eat-cafe-scottdale/Nixkz7TFTjW6pcyY_oFYJg,clarkston-georgia
https://www.ubereats.com/atlanta/food-delivery/jimellas-bakery/nEHDlACPSPqRmvoxnLHaMA,clarkston-georgia
https://www.ubereats.com/atlanta/food-delivery/la-bendicion-lilburn/iPNX6MAWRWyAgREar4Z9NQ,clarkston-georgia
https://www.ubereats.com/atlanta/food-delivery/thai-chili/CY27o98FSjaXySA-Fm-oxw,clarkston-georgia
https://www.ubereats.com/atlanta/food-delivery/metro-cafe-diner-stone-mountain/shFOgEnXRCOZns52FTx7Gw,clarkston-georgia
https://www.ubereats.com/atlanta/food-delivery/west-coast-grill/HaqTqo7oSXaK6IGDvDaEvw,clarkston-georgia
https://www.ubereats.com/atlanta/food-delivery/pizza-hut-4421-hugh-howell-rd/MpkMoLfGSBqXjeBXO_68RQ,clarkston-georgia
https://www.ubereats.com/atlanta/food-delivery/dairy-queen-grill-%26-chill-4146-lawrenceville-hwy/Bl_2JGJ_Qx6MM1Jf5adZpg,clarkston-georgia
https://www.ubereats.com/atlanta/food-delivery/kongs-kitchen/vUE2YjAEQRattDD8wm2NZg,clarkston-georgia
https://www.ubereats.com/atlanta/food-delivery/honey-bee-eatin/CKY8LYbeRjusobvFghC6Rw,clarkston-georgia
https://www.ubereats.com/atlanta/food-delivery/folk-art/ZJgdTf9gQsWcoU4Qhb60Pw,clarkston-georgia
https://www.ubereats.com/atlanta/food-delivery/guss-world-famous-fried-chicken-peachtree-rd/uxWCfYSAQSewSEsLF5lH0w,clarkston-georgia
https://www.ubereats.com/atlanta/food-delivery/chai-pani-decatur/Rksc6uRqTnyFlNDnMl5htA,clarkston-georgia
https://www.ubereats.com/atlanta/food-delivery/wendys-2957-n-druid-hills-road/n8MTE0dQRei-FlT2DbblvA,clarkston-georgia
https://www.ubereats.com/atlanta/food-delivery/the-original-pancake-house/uF8wBpUHRl-VaBtRlAo3SA,clarkston-georgia
https://www.ubereats.com/atlanta/food-delivery/dish-dive-kirkwood/0SuRE3cDQ_yJKvjENj58eA,clarkston-georgia
https://www.ubereats.com/atlanta/food-delivery/which-wich-emory-point/FQz-jLe6ToiWBvM70TP30Q,clarkston-georgia
https://www.ubereats.com/atlanta/food-delivery/pita-mediterranean-street-food-decatur/XeFyH0G6Q7CRBOeguw0Zew,clarkston-georgia
https://www.ubereats.com/atlanta/food-delivery/joaneys-authentic-jamaican-cuisine/yyTSBXz2QK-ukuUSkOtg-w,clarkston-georgia
https://www.ubereats.com/atlanta/food-delivery/double-zero-emory-village/KSH9w073SqC7-KGm4PkQJQ,clarkston-georgia
https://www.ubereats.com/atlanta/food-delivery/atlantas-best-wings-decatur/5g20e2jgRy29kJrTAs7sEQ,clarkston-georgia
https://www.ubereats.com/atlanta/food-delivery/saigon-cafe-north-druid-hills/WMaficLWQ56L6jT_v_tW6A,clarkston-georgia
https://www.ubereats.com/atlanta/food-delivery/steak-n-shake-2839-n-druid-hills-road/SihKOosBSeiMFht-WtxDqw,clarkston-georgia
https://www.ubereats.com/atlanta/food-delivery/newks-eatery-tucker/Y7neXx7-STOo4WFEpM31Fg,clarkston-georgia
https://www.ubereats.com/atlanta/food-delivery/salaryman/0y204unARbKiCVu1BsXotg,clarkston-georgia
https://www.ubereats.com/atlanta/food-delivery/wendys-1705-scott-blvd/Jtesj1mIRaiXFOxybY0dFg,clarkston-georgia
https://www.ubereats.com/atlanta/food-delivery/candler-food-center/8dXNu_NSRNSfRX6467oWLQ,clarkston-georgia
https://www.ubereats.com/atlanta/food-delivery/delava-snacks/3MlTgPyzSTGul7ZQSY1J4g,clarkston-georgia
https://www.ubereats.com/atlanta/food-delivery/bento-cafe/M2xrlQs6R6GlaYb8loO0Xg,clarkston-georgia
https://www.ubereats.com/atlanta/food-delivery/wing-it/agdnJn1iSMOEpoyvDdMujg,clarkston-georgia
https://www.ubereats.com/atlanta/food-delivery/three-angels-mexican-restaurant/rW3z0AMuQlGiWsn5Sc7XFA,clarkston-georgia
https://www.ubereats.com/atlanta/food-delivery/smokin-gold-bbq/gLuJ9qPKSNmYVsoyhsfXlA,clarkston-georgia
https://www.ubereats.com/atlanta/food-delivery/wats-crackin-garlic-crabs-kirkwood/f9EiyzTsSUSJtHkRb3dbLQ,clarkston-georgia
https://www.ubereats.com/atlanta/food-delivery/chipotle-mexican-grill-2963-n-druid-hills-rd-ne/qNBD_MZjRrGoNxJ2HgTgvg,clarkston-georgia
https://www.ubereats.com/atlanta/food-delivery/annalieses-home-dinner-meals/fmuvvoJaQaiNPcnG38nYTw,clarkston-georgia
https://www.ubereats.com/atlanta/food-delivery/camelis-pizza-little-5-points/SCSCFgofRoiBFHsAuDzYRA,clarkston-georgia
https://www.ubereats.com/atlanta/food-delivery/china-wok-lilburn/1v0c2r8bSVmaIdF0OAPylQ,clarkston-georgia
https://www.ubereats.com/atlanta/food-delivery/annas-bbq/j8LlUIRMSreEWOBYj4Tl4g,clarkston-georgia
https://www.ubereats.com/atlanta/food-delivery/the-5-bistro-%26-cocktails/-ByOT2-wTDutofzK83uFZQ,clarkston-georgia
https://www.ubereats.com/atlanta/food-delivery/aladdins-mediterranean-grill-atlanta/CBPkkA6mTbmXqjYmvN5yMA,clarkston-georgia
https://www.ubereats.com/atlanta/food-delivery/we-got-soul-soul-food-restaurant-stone-mountain/nOib64CCTgO9_xAxuS3Gpg,clarkston-georgia
https://www.ubereats.com/atlanta/food-delivery/papa-johns-4400-hugh-howell-road/8r6IKtA_SMSpIhb0Cjl0hg,clarkston-georgia
https://www.ubereats.com/atlanta/food-delivery/taqueria-el-pariente/tCgWUCkaRQqjI3z5YxV-Mw,clarkston-georgia
https://www.ubereats.com/atlanta/food-delivery/golden-chinese-wok/QOY1HSrPRLuiD7JRaavshg,clarkston-georgia
https://www.ubereats.com/atlanta/food-delivery/antica-posta/jjMmZcZeRWi22CJPJ8IM0g,clarkston-georgia
https://www.ubereats.com/atlanta/food-delivery/answer-the-bell-2/qwGHAXCTRB-AApmUactUEQ,clarkston-georgia
https://www.ubereats.com/atlanta/food-delivery/taco-bell-1170-columbia-drive/h5z-93hHQ9qLhu3AfJJo1Q,clarkston-georgia
https://www.ubereats.com/atlanta/food-delivery/port-antonio-bistro/7CizQhtcT6uJ571nGo2gOQ,clarkston-georgia
https://www.ubereats.com/atlanta/food-delivery/roc-south-cuisine/VKxnC5EbSMOp3j2ydk9mnA,clarkston-georgia
https://www.ubereats.com/atlanta/food-delivery/honey-baked-ham-covington-hwy/FR6QFB7BQNKDxpqPRGBk5A,clarkston-georgia
https://www.ubereats.com/atlanta/food-delivery/cafe-hot-wing-2/I0VOQGomQzSPuTZwlbY8IA,clarkston-georgia
https://www.ubereats.com/atlanta/food-delivery/krys-krab-lab/bTdaHaXTRsyGdod-XTjS7A,clarkston-georgia
https://www.ubereats.com/atlanta/food-delivery/vegetarian-fusion/z_2-_S3XQf2xhU_3MgNetA,clarkston-georgia
https://www.ubereats.com/atlanta/food-delivery/mr-everything-decatur/cKDepkwCSLObUyPOcvEbQQ,clarkston-georgia
https://www.ubereats.com/atlanta/food-delivery/burger-king-571-dekalb-industrial-way/XCuH06-NQP2WAm7UsHx3Mw,clarkston-georgia
https://www.ubereats.com/atlanta/food-delivery/flying-biscuit-cafe-toco-hills/5fpYReXsT8m0v0g1AdEvwQ,clarkston-georgia
https://www.ubereats.com/atlanta/food-delivery/sugar-jar/zULngm8jReyaeeGz7pNLAw,clarkston-georgia
https://www.ubereats.com/atlanta/food-delivery/vero-pizzeria/J2zmIrm5RJWVxS13kMDQyA,clarkston-georgia
https://www.ubereats.com/atlanta/food-delivery/sarpinos-pizzeria-2521-piedmont-rd/hrIpdDxzSh6R0LVX4wDyHw,clarkston-georgia
https://www.ubereats.com/atlanta/food-delivery/panda-express-tucker-4004-lavista-road/5s0tUFIUTyCh493PbREQVQ,clarkston-georgia
https://www.ubereats.com/atlanta/food-delivery/mcdonalds-decatur-memorial/MvsxUd_wSf6c-Sk5G_5ylQ,clarkston-georgia
https://www.ubereats.com/atlanta/food-delivery/golden-drops-cafe/f5opacxlR0m1I2vg-ETv9A,clarkston-georgia
