url,city
https://www.ubereats.com/greensboro/food-delivery/nawab-indian-cuisine-winston-salem/kXuNIHycRUqNHJV52-91Sw,clemmons-north-carolina
https://www.ubereats.com/greensboro/food-delivery/bjs-restaurant-%26-brewhouse-192-hanes-mall-circle/EwgYLCLYSkayeftW33TqsA,clemmons-north-carolina
https://www.ubereats.com/greensboro/food-delivery/qdoba-miller-st/2ADGDabISW2EdPQ8ns0CWg,clemmons-north-carolina
https://www.ubereats.com/greensboro/food-delivery/firehouse-subs-205-s-stratford/0wga5_r-QXaYSShpyWKZTA,clemmons-north-carolina
https://www.ubereats.com/greensboro/food-delivery/krispy-kreme-259-south-stratford-road/s-5kxrUAT_ScokLQqCPglQ,clemmons-north-carolina
https://www.ubereats.com/greensboro/food-delivery/kfc-1203-silas-creek-parkway/UPWREWOyTMe2fOl5-6rV6w,clemmons-north-carolina
https://www.ubereats.com/greensboro/food-delivery/great-china-winston-salem/RMCZt0iKT3iXADKP6bokpA,clemmons-north-carolina
https://www.ubereats.com/greensboro/food-delivery/mi-pueblo-clemmons/qJaN0LVfTf6PczuONPjtdw,clemmons-north-carolina
https://www.ubereats.com/greensboro/food-delivery/taco-bell-126-nc-hwy-801-n/Z3da-EA-ScOeS0NGs6gX7Q,clemmons-north-carolina
https://www.ubereats.com/greensboro/food-delivery/twin-peaks-1915-hampton-inn-ct/ldNriPLdSByRLMXvAgrbRg,clemmons-north-carolina
https://www.ubereats.com/greensboro/food-delivery/moes-southwest-grill-3110-gammon-ln/UFXf3WGWQliHJLnbVN-mRg,clemmons-north-carolina
https://www.ubereats.com/greensboro/food-delivery/mac-%26-nellis-tavern/9kSXwnxPTeux9ta4B8LoGA,clemmons-north-carolina
https://www.ubereats.com/greensboro/food-delivery/red-robin-741-188-hanes-mall-circle/MkV5DDuHQxGRZPvcdnr0Xg,clemmons-north-carolina
https://www.ubereats.com/greensboro/food-delivery/ise-japanese-restaurant/x7OnQ_B2T82_J_0nNf1oMg,clemmons-north-carolina
https://www.ubereats.com/greensboro/food-delivery/bojangles-famous-chicken-%26-biscuits-553-1423-lewisville-clem/fMtSz00KR1exjjFgR3mkaQ,clemmons-north-carolina
https://www.ubereats.com/greensboro/food-delivery/chipotle-mexican-grill-128-hanes-mall-cir-ste-100/M2Q6W_v0QRCGb0pyM1uYmw,clemmons-north-carolina
https://www.ubereats.com/greensboro/food-delivery/wayback-burgers-3872-oxford-station-way/aTGriEkiQtCGqiR400_LOw,clemmons-north-carolina
https://www.ubereats.com/greensboro/food-delivery/mcdonalds-426-jonestown-rd/QaiqMrOMRrCjBY-Ei0nVbw,clemmons-north-carolina
https://www.ubereats.com/greensboro/food-delivery/rena-maries-coffees-%26-bubble-tea/u2NNnGI9TACy1Y6yva4EgQ,clemmons-north-carolina
https://www.ubereats.com/greensboro/food-delivery/jimmy-the-greek-kitchen/5hNE31pCSzSKXCTPUiUXag,clemmons-north-carolina
https://www.ubereats.com/greensboro/food-delivery/kfc-140-hanes-square-circle/r5S-Kq2YSyKlfQrd1Encpw,clemmons-north-carolina
https://www.ubereats.com/greensboro/food-delivery/arbys-400-knollwood-st/fBWAT6EJTKmcRwVWUF9fCw,clemmons-north-carolina
https://www.ubereats.com/greensboro/food-delivery/brixx-wood-fired-pizza-winston/x9eNyvy-QaWzeqnt_FsKkA,clemmons-north-carolina
https://www.ubereats.com/greensboro/food-delivery/the-loop-pizza-grill-winston-salem/eW66tAcpSa6zOyLPwzFS0Q,clemmons-north-carolina
https://www.ubereats.com/greensboro/food-delivery/arbys-625-jonestown-rd/SP_H4rxTTSe8z9zKsl-8Ew,clemmons-north-carolina
https://www.ubereats.com/greensboro/food-delivery/firebirds-wood-fired-grill-1215-creekshire-way/NfxLPlpZRH6sV04HQ46Rww,clemmons-north-carolina
https://www.ubereats.com/greensboro/food-delivery/auntie-annes-at-hanes-mall-3320-silas-creek-parkway/X_EeUZZ-R6GdcnGKpmSV4w,clemmons-north-carolina
https://www.ubereats.com/greensboro/food-delivery/wendys-6400-sessions-ct/lI2JGyRfTcKVzeUE4Sot6w,clemmons-north-carolina
https://www.ubereats.com/greensboro/food-delivery/golden-corral-180-hanes-mall-cir/uTLIHQqlTy-js6Lvld9S3Q,clemmons-north-carolina
https://www.ubereats.com/greensboro/food-delivery/mcdonalds-110-hanes-mall-cir/RhZ6qdQiQo2vqqmNZ_vfSw,clemmons-north-carolina
https://www.ubereats.com/greensboro/food-delivery/taco-bell-1435-river-ridge-dr/8eW8aMFMSAGg-UZdi8zSsA,clemmons-north-carolina
https://www.ubereats.com/greensboro/food-delivery/moes-3110-gammon-lane/2NpgZN6ISv662EY6QY24CQ,clemmons-north-carolina
https://www.ubereats.com/greensboro/food-delivery/first-watch-winston-salem/Dde29HsTSUCQFUw1Hsv1iA,clemmons-north-carolina
https://www.ubereats.com/greensboro/food-delivery/arbys-3184-peters-creek-pkwy/klNX8I13SbOMdqsO5COShw,clemmons-north-carolina
https://www.ubereats.com/greensboro/food-delivery/wendys-1429-lewisville-clemmons-rd/wj55JggURU65K2iRQz0jVA,clemmons-north-carolina
https://www.ubereats.com/greensboro/food-delivery/applebees-1990-griffith-road/fW67C5TuQ3Se7HbsvINScA,clemmons-north-carolina
https://www.ubereats.com/greensboro/food-delivery/starbucks-jonestown-rd/O2hxqcnaTmOTY0gFQkEYxg,clemmons-north-carolina
https://www.ubereats.com/greensboro/food-delivery/taco-bell-2437-lewisville-clemmons-rd/kWufhoA-RDmSLpkarYiehw,clemmons-north-carolina
https://www.ubereats.com/greensboro/food-delivery/genghis-grill-winston-salem/AoP4LvCKQ2GwWX1pdoWTcw,clemmons-north-carolina
https://www.ubereats.com/greensboro/food-delivery/marios-pizza-hanes-mall/5a7kgp1aTE2ZoEiqU2pdmg,clemmons-north-carolina
https://www.ubereats.com/greensboro/food-delivery/senor-bravo-mexican-restaurant-marshall-st/SlE05M6kTEOii6fm1wXk6w,clemmons-north-carolina
https://www.ubereats.com/greensboro/food-delivery/deweys-bakery/Z-fHlflsS5a6Xil8NOZqWA,clemmons-north-carolina
https://www.ubereats.com/greensboro/food-delivery/five-guys-nc-0294-3273-robinhood-rd/Nurm6zdcQT2tRgEoSmEVug,clemmons-north-carolina
https://www.ubereats.com/greensboro/food-delivery/village-tavern-reynolda/u-9Li9ipSi-2wDx5PwU0AQ,clemmons-north-carolina
https://www.ubereats.com/greensboro/food-delivery/sabor-tropical-icecream/44-Ff13ZRbiM1Nu24AY2Aw,clemmons-north-carolina
https://www.ubereats.com/greensboro/food-delivery/chuck-e-cheese-620-hanes-mall-blvd/qXGZ2UzBSxWMw-u4Z1f6sg,clemmons-north-carolina
https://www.ubereats.com/greensboro/food-delivery/charm-thai/oyVvI6OFTDO9I3Mz60LVdQ,clemmons-north-carolina
https://www.ubereats.com/greensboro/food-delivery/mystic-ginger/oSqWMAgaTweHdZ5mE6DXhw,clemmons-north-carolina
https://www.ubereats.com/greensboro/food-delivery/hardees-1590-first-st/bZARX2SbSb-X4S1BEZLdVQ,clemmons-north-carolina
https://www.ubereats.com/greensboro/food-delivery/moes-southwest-grill-206-south-stratford-rd/_W2qvN69Tj2Rsw1gY6jNtg,clemmons-north-carolina
https://www.ubereats.com/greensboro/food-delivery/kfc-1125-n-liberty-st/JHGYLoLxQD6bhlyyWS3B7g,clemmons-north-carolina
https://www.ubereats.com/greensboro/food-delivery/carrabbas-587-south-stratford-road/owRLIdhTS--LcAuONJwj9A,clemmons-north-carolina
https://www.ubereats.com/greensboro/food-delivery/bojangles-famous-chicken-%26-biscuits-156-1614-s-stratford/CsFhzUCfQAeDZxGnk7PfRw,clemmons-north-carolina
https://www.ubereats.com/greensboro/food-delivery/dunkin-7815-n-point-blvd/1rMPuWMKTce9KywoOYb_Zg,clemmons-north-carolina
https://www.ubereats.com/greensboro/food-delivery/panera-204990/NP0VnbNBQDixT1aP9eXJ2Q,clemmons-north-carolina
https://www.ubereats.com/greensboro/food-delivery/dunkin-3475-robinhood-rd/9-CnA_f2QEq3hVns3FKvyQ,clemmons-north-carolina
https://www.ubereats.com/greensboro/food-delivery/sams-ice-cream/r0sNixQQRtqRp3Zhd0dIww,clemmons-north-carolina
https://www.ubereats.com/greensboro/food-delivery/pf-changs-175-harvey-street/RZKq1zTgQRqef83QdHZlvw,clemmons-north-carolina
https://www.ubereats.com/greensboro/food-delivery/ihop-6305-allegacy-way/iw--UNpxRJCVxvJJYscd9Q,clemmons-north-carolina
https://www.ubereats.com/greensboro/food-delivery/carmine-jonestown-italian-restaurant/XUZglYtyRfy3FqvT8Cg0HA,clemmons-north-carolina
https://www.ubereats.com/greensboro/food-delivery/buffalo-wild-wings-1110-creekshire-way/JnJOvNzuT3ubyJCgmfsX_Q,clemmons-north-carolina
https://www.ubereats.com/greensboro/food-delivery/bojangles-famous-chicken-%26-biscuits-633-5296-hwy-158/xnab6VDFQv2Iiuqn3OqgHA,clemmons-north-carolina
https://www.ubereats.com/greensboro/food-delivery/kernols-donuts/7fNqORh2S4G0cf0v2_tCCg,clemmons-north-carolina
https://www.ubereats.com/greensboro/food-delivery/tequila-mexican-restaurant/8CxCTpKZQgCwUSr8bo-Ukw,clemmons-north-carolina
https://www.ubereats.com/greensboro/food-delivery/los-toritos-mexican-cuisine/B_A6JwccQsC5HKsh98yIWQ,clemmons-north-carolina
https://www.ubereats.com/greensboro/food-delivery/marios-pizza-river-ridge-rd/eEnl3KfCTDqFxFojndIlOQ,clemmons-north-carolina
https://www.ubereats.com/greensboro/food-delivery/dunkin-2020-s-hawthorne-rd/-cxe2TcmSD-tlgMGnVOivA,clemmons-north-carolina
https://www.ubereats.com/greensboro/food-delivery/wutyasay-food-truck/ntLJkql4ThSZeGeqLJXf6g,clemmons-north-carolina
https://www.ubereats.com/greensboro/food-delivery/moes-southwest-grill-2021-griffith-road/B1OfHJ57TGWJALOQOHpiQA,clemmons-north-carolina
https://www.ubereats.com/greensboro/food-delivery/tgi-fridays-1543-winston-salem-nc/Pb8YeVl5TwKEMs62v-ODjg,clemmons-north-carolina
https://www.ubereats.com/greensboro/food-delivery/pho-sushi-vietnamese-and-japanese-cuisine/2dy-5hD2TcGisjv_GyRrUA,clemmons-north-carolina
https://www.ubereats.com/greensboro/food-delivery/dunkin-2561-peters-creek-pkwy/qlnixN_jRhufhvufrYT4pw,clemmons-north-carolina
https://www.ubereats.com/greensboro/food-delivery/downtown-thai-and-pho/Bnlo_Hx2S5OAwljLJ_FMnA,clemmons-north-carolina
https://www.ubereats.com/greensboro/food-delivery/prime-tyme-soul-food-cafe/vUb7i_2pS1y6dggZOTw47g,clemmons-north-carolina
https://www.ubereats.com/greensboro/food-delivery/sonic-2615-lewisville-clemmons-road/lwnqgPMxRdCLtwMkqFoYog,clemmons-north-carolina
https://www.ubereats.com/greensboro/food-delivery/small-batch-winston-salem/Nfza8vWkTzGmllAuMNXYxA,clemmons-north-carolina
https://www.ubereats.com/greensboro/food-delivery/cowboy-brazilian-steakhouse-winston-salem/nTFzw-vBSduycd6GHqcj8A,clemmons-north-carolina
https://www.ubereats.com/greensboro/food-delivery/red-lobster-1690-westbrook-plaza-drive/f2n36jAVREuL4nxfIanEoA,clemmons-north-carolina
https://www.ubereats.com/greensboro/food-delivery/mayberry-ice-cream-winston-salem/bU18ivFPRy6JyZO-K_74Cg,clemmons-north-carolina
https://www.ubereats.com/greensboro/food-delivery/the-habit-burger-grill-3125-gammon-lane/FJEqGR1CQ3uqBnH-C-IS2w,clemmons-north-carolina
https://www.ubereats.com/greensboro/food-delivery/starbucks-cloverdale-%26-miller/1snNCBzpRaedqJyxpHSxRA,clemmons-north-carolina
https://www.ubereats.com/greensboro/food-delivery/j-butlers-bar-%26-grille-lewisville/REneKla1QeGE4xraXJI5-g,clemmons-north-carolina
https://www.ubereats.com/greensboro/food-delivery/starbucks-clemmons/JEbAsOfkQZydg61B8rK-Bg,clemmons-north-carolina
https://www.ubereats.com/greensboro/food-delivery/pasquallys-pizza-%26-wings-620-hanes-mall-blvd/smJwa7WYR5-R2ua3rN7cWQ,clemmons-north-carolina
https://www.ubereats.com/greensboro/food-delivery/kickback-jacks-winston-salem/AOLutRHcQESUJJsyY7ID8A,clemmons-north-carolina
https://www.ubereats.com/greensboro/food-delivery/arbys-2541-lewisville-clemmons-rd/JLRov8sXSEyd6oxxDfChmw,clemmons-north-carolina
https://www.ubereats.com/greensboro/food-delivery/bojangles-famous-chicken-%26-biscuits-827-4897-country-club-road/T7sLvLSVTYWsFXMG687PUg,clemmons-north-carolina
https://www.ubereats.com/greensboro/food-delivery/wendys-2218-cloverdale-avenue/zgRwyRYnSxy7UPoJOR55Ww,clemmons-north-carolina
https://www.ubereats.com/greensboro/food-delivery/monte-de-rey/YlrVLS8GQNG9bJSAWrdx_g,clemmons-north-carolina
https://www.ubereats.com/greensboro/food-delivery/cracker-barrel-old-country-store-6420-sessions-court/WHArKcCyQPa7axVc3G94vw,clemmons-north-carolina
https://www.ubereats.com/greensboro/food-delivery/tropical-smoothie-cafe-winston-salem/mMGuzLYbTOqE7F0yfRcDCg,clemmons-north-carolina
https://www.ubereats.com/greensboro/food-delivery/zaxbys-3179-peters-creek-pkwy/1Tg3_GBGRAK-ZpX-RG2IaQ,clemmons-north-carolina
https://www.ubereats.com/greensboro/food-delivery/wendys-3182-peters-creek-parkway/nL-aogodTK2t_DwsGuKH9w,clemmons-north-carolina
https://www.ubereats.com/greensboro/food-delivery/charleys-philly-steaks-3320-silas-creek-parkway-sp-%23fc-2/iMQoLidrSCiBQ8D5pXEZkA,clemmons-north-carolina
https://www.ubereats.com/greensboro/food-delivery/krispy-kreme-2442-lewisville-clemmons-road/Ma_aLPHyQW2qXgRZbkJmhg,clemmons-north-carolina
https://www.ubereats.com/greensboro/food-delivery/asian-bistro/1WwIuNKeSVeAoK7rSQASWw,clemmons-north-carolina
https://www.ubereats.com/greensboro/food-delivery/five-guys-nc-0307-3792-creekshire-ct/VWR3MxV-Sly76po3C_2guA,clemmons-north-carolina
https://www.ubereats.com/greensboro/food-delivery/mi-pueblo-stratford/Pe2WvKntTRK_StSBUa_iYw,clemmons-north-carolina
https://www.ubereats.com/greensboro/food-delivery/honeybaked-ham-148-stratford-commons-ct/SAkruUTERdmzXKpsLwo7ow,clemmons-north-carolina
https://www.ubereats.com/greensboro/food-delivery/marios-pizza-cloverdale-ave/jTEN4jk1TFStw3BHqSqGkA,clemmons-north-carolina
https://www.ubereats.com/greensboro/food-delivery/dunkin-2385-lewisville-clemmons-rd/Yayq4hr2TUq7ET3Ycvimfw,clemmons-north-carolina
https://www.ubereats.com/greensboro/food-delivery/burger-king-3571-parkway-village-cir/qa_s6vZVT4CzF9AUlb8eHw,clemmons-north-carolina
https://www.ubereats.com/greensboro/food-delivery/zaxbys-3840-oxford-station-w/ga_4sGlCQFO320S6ygtByA,clemmons-north-carolina
https://www.ubereats.com/greensboro/food-delivery/cicis-2857-reynolda-rd/szjwkelORZSlxtyDkRA8Uw,clemmons-north-carolina
https://www.ubereats.com/greensboro/food-delivery/gigis-cupcakes-205-south-stratford-road/EuVUEb3RShm3csYRRSABGg,clemmons-north-carolina
https://www.ubereats.com/greensboro/food-delivery/mi-pueblo-reynolda/6-1Ms4rpQ0mX23o78qsjhg,clemmons-north-carolina
https://www.ubereats.com/greensboro/food-delivery/mellow-mushroom-314-w-4th-st/B4ea60RdSSSo3wM8Z2iPuQ,clemmons-north-carolina
https://www.ubereats.com/greensboro/food-delivery/mediterraneo-pizza-and-grill/_52CHD--RteqhFBXH5DiwQ,clemmons-north-carolina
https://www.ubereats.com/greensboro/food-delivery/subway-6782-river-center-dr/-M35UNRXTWCdFORybcTClQ,clemmons-north-carolina
https://www.ubereats.com/greensboro/food-delivery/burger-king-2433-lewisville-clemmons-road/X7ruZ-UoQ6i-RvadA892eg,clemmons-north-carolina
https://www.ubereats.com/greensboro/food-delivery/cagneys-winston/Mrqd1pjAQFqsTlKDSCYquw,clemmons-north-carolina
https://www.ubereats.com/greensboro/food-delivery/don-tequila-mexican-restaurant/m-dk-x62QWCIiEcp5eKwcQ,clemmons-north-carolina
https://www.ubereats.com/greensboro/food-delivery/kfc-2817-reynolda-rd/VcZrXcIGQvmQb746dKCnfQ,clemmons-north-carolina
https://www.ubereats.com/greensboro/food-delivery/wendys-147-nc-highway-801-n/xZCY5eMFQqaLvZl2Jwgxzg,clemmons-north-carolina
https://www.ubereats.com/greensboro/food-delivery/skrimp-shack-winston-salem/vDn6HYzwSJiDVb8-MfNZmw,clemmons-north-carolina
https://www.ubereats.com/greensboro/food-delivery/clean-juice-3481-burke-mill-road/WrFUPzdGS_uNtQvfvs_gSg,clemmons-north-carolina
https://www.ubereats.com/greensboro/food-delivery/hardees-10-e-clemmonsville-rd/i1lbbeKETo2hF3q9v5_Dgg,clemmons-north-carolina
https://www.ubereats.com/greensboro/food-delivery/starbucks-frontis-plaza-blvd-hanes-mall/e2ESOi8cSJCJfmN5LieAfg,clemmons-north-carolina
https://www.ubereats.com/greensboro/food-delivery/village-tavern-hanes-mall/9uE43R0lTe2rUaSTq_8p-A,clemmons-north-carolina
https://www.ubereats.com/greensboro/food-delivery/pdq-winston-salem/Ll_Nh9dhSqGtDWsjBz3p9A,clemmons-north-carolina
https://www.ubereats.com/greensboro/food-delivery/new-sichuan/Qww-cNHKTDGCT1-EFCOf5Q,clemmons-north-carolina
https://www.ubereats.com/greensboro/food-delivery/mr-lu-restaurant/7IJ8PiT9TMS_e11TYa2DZw,clemmons-north-carolina
https://www.ubereats.com/greensboro/food-delivery/elizabeths-pizza-silas-creek/jyGma0SeR9WAa9fUbTdvsQ,clemmons-north-carolina
https://www.ubereats.com/greensboro/food-delivery/hardees-3351-sides-branch-rd/a-YCCfiaRpWIPh_UIC2hmQ,clemmons-north-carolina
https://www.ubereats.com/greensboro/food-delivery/jersey-mikes-subs-1314-creekshire-way/QpOBOjetRp6ynlUzMhEo-g,clemmons-north-carolina
https://www.ubereats.com/greensboro/food-delivery/zoes-kitchen-205-s-stratford-road%3B-suite-88-0665/IllWw--iSHGrG2Aic7cbCQ,clemmons-north-carolina
https://www.ubereats.com/greensboro/food-delivery/jersey-mikes-4192-clemmons-road/X40-yC2mRqempQv2HVxyUQ,clemmons-north-carolina
https://www.ubereats.com/greensboro/food-delivery/bleu-restaurant-%26-bar/qyoV72y3QsOQKGfwl4XMMA,clemmons-north-carolina
https://www.ubereats.com/greensboro/food-delivery/tre-nonne/RxOUoGdESgyjVRuRrui-zg,clemmons-north-carolina
https://www.ubereats.com/greensboro/food-delivery/tropical-smoothie-cafe-670-saint-george-square-court/n9m_Zp9gRAi0PeZMg3XgYg,clemmons-north-carolina
https://www.ubereats.com/greensboro/food-delivery/time-square-pizzeria/Qf003TuyRzybJdTg1LfYkg,clemmons-north-carolina
https://www.ubereats.com/greensboro/food-delivery/mac-%26-nellis-tavern/pmu9xi2FTjWzsH7l5tHa4Q,clemmons-north-carolina
https://www.ubereats.com/greensboro/food-delivery/kfc-2390-lewisville-clemmons-rd/XXe2hN9JRAeLedlUR33j_Q,clemmons-north-carolina
https://www.ubereats.com/greensboro/food-delivery/carolina-ale-house-winston-salem/BdLBZ1LsRnuHs0fB0CuLMA,clemmons-north-carolina
https://www.ubereats.com/greensboro/food-delivery/outback-steakhouse-505-highland-oaks-drive/M5tAhedYR-WBl536n_-QjQ,clemmons-north-carolina
https://www.ubereats.com/greensboro/food-delivery/sbarro-3320-silas-creek-pkwy-suite-%234/ichAd1KAQzyLt6J28CxkzA,clemmons-north-carolina
https://www.ubereats.com/greensboro/food-delivery/first-watch-6281-towncenter-drive/1tWRh2QfTyaNXra5SNmFJA,clemmons-north-carolina
https://www.ubereats.com/greensboro/food-delivery/ihop-4403/SU8eyTalRRKIGUkzSD9KaQ,clemmons-north-carolina
https://www.ubereats.com/greensboro/food-delivery/sonic-2005-silas-creek-parkway/dAiPYVAoT7GS-Yl2F9RqPQ,clemmons-north-carolina
https://www.ubereats.com/greensboro/food-delivery/jersey-mikes-subs-2291-cloverdale-ave/JIWrxs8jRAO3h3HQ2ru0Ag,clemmons-north-carolina
https://www.ubereats.com/greensboro/food-delivery/mcdonalds-2470-lewisville-clemmons-rd/nLrRZbrqRci-3pu2PnUQbw,clemmons-north-carolina
https://www.ubereats.com/greensboro/food-delivery/chick-fil-a-2551-lewisville-clemmons-rd/lJylIdgSS_mZgKIkI2jCEA,clemmons-north-carolina
https://www.ubereats.com/greensboro/food-delivery/taco-bell-1695-westbrook-plaza-drive/wWzPAUH8QYaehPByuIPv4g,clemmons-north-carolina
https://www.ubereats.com/greensboro/food-delivery/spruce-street-garden/uGfYlrdxQdW6Jpu916EKXw,clemmons-north-carolina
https://www.ubereats.com/greensboro/food-delivery/wendys-600-jonestown-road/lnxv-QxvQna7SmjjR0HxPA,clemmons-north-carolina
https://www.ubereats.com/greensboro/food-delivery/applebees-6310-allegacy-way/F_isZmyxTB6GodOJRSNwmw,clemmons-north-carolina
https://www.ubereats.com/greensboro/food-delivery/cagneys-winston/hAuF-TQORM270Qw2SGoJoQ,clemmons-north-carolina
https://www.ubereats.com/greensboro/food-delivery/forsyth-seafood-market-%26-cafe/i9NNTc2PTKSnxm5WTp2bDg,clemmons-north-carolina
