url,city
https://www.ubereats.com/new-jersey/food-delivery/chipotle-mexican-grill-2131-state-route-35-ste-102/j-HpqZ-HRYeHEuxtHHlazw,cliffwood-new-jersey
https://www.ubereats.com/new-jersey/food-delivery/taco-bell-366-convery-blvd/E19Q8W3vQeKjtsuCG8JCDw,cliffwood-new-jersey
https://www.ubereats.com/new-jersey/food-delivery/marios-pizzeria-fayette-st/JOtFEEmISD6dTw5RRxEypg,cliffwood-new-jersey
https://www.ubereats.com/new-jersey/food-delivery/fu-lin-chinese-restaurant/AzD-V-D1SuChyHG4NVvfng,cliffwood-new-jersey
https://www.ubereats.com/new-jersey/food-delivery/ginkaku-japanese-bistro/cNPgqou-S9OXF5lu9cJawg,cliffwood-new-jersey
https://www.ubereats.com/new-jersey/food-delivery/koy-turkish-grill/cjXbmxURTsC3abEmXQ9QRw,cliffwood-new-jersey
https://www.ubereats.com/new-jersey/food-delivery/the-burger-shop/JCoHLrkyQ_2nOghjaa9NWg,cliffwood-new-jersey
https://www.ubereats.com/new-jersey/food-delivery/lucky-7-tex-mex/IMgElwiUTUe8ZrU64Xy2bw,cliffwood-new-jersey
https://www.ubereats.com/new-jersey/food-delivery/chipotle-mexican-grill-609-state-route-18/flgaDCzCQIaIPkkleHKBYg,cliffwood-new-jersey
https://www.ubereats.com/new-jersey/food-delivery/manhattan-bagel-sayreville/UfxCf6tVRBykB0OBWZm-Sw,cliffwood-new-jersey
https://www.ubereats.com/new-jersey/food-delivery/planet-bagel/FhwYBlFtQbajzpgBO96rcA,cliffwood-new-jersey
https://www.ubereats.com/new-jersey/food-delivery/popeyes-perth-amboy/_QRhaAIwQAKlCQuuAkObOw,cliffwood-new-jersey
https://www.ubereats.com/new-jersey/food-delivery/turning-point-of-holmdel/bWPpVq56R_-62rNPVWZHnQ,cliffwood-new-jersey
https://www.ubereats.com/new-jersey/food-delivery/uncle-louie-g/GimqQiHNS_KYByuimU4lag,cliffwood-new-jersey
https://www.ubereats.com/new-jersey/food-delivery/moes-1449-rte-35/znhSRYBVRPG7CRIDlUpgHA,cliffwood-new-jersey
https://www.ubereats.com/new-jersey/food-delivery/kfc-1100-route-9-south/kslzHV8-QnSOpXZK_956Zg,cliffwood-new-jersey
https://www.ubereats.com/new-jersey/food-delivery/meemoms-middletown/ZoKMfPpMS2afhX_ems775Q,cliffwood-new-jersey
https://www.ubereats.com/new-jersey/food-delivery/houlihans-holmdel/WBdptTMQRySIzVe7RKiACg,cliffwood-new-jersey
https://www.ubereats.com/new-jersey/food-delivery/aroogas-grille-house-%26-sports-bar-east-brunswick/1iB9WEvgQcGfBpvSW22dBg,cliffwood-new-jersey
https://www.ubereats.com/new-jersey/food-delivery/dunkin-528-raritan-st/vCfDW1IwT7uUn26EKGbPUw,cliffwood-new-jersey
https://www.ubereats.com/new-jersey/food-delivery/masala-grill/vGPAN_ZDSuKGq5RhsFb53w,cliffwood-new-jersey
https://www.ubereats.com/new-jersey/food-delivery/manhattan-bagel-edison/6XovcKMzSRCiYA7Q4K7VrQ,cliffwood-new-jersey
https://www.ubereats.com/new-jersey/food-delivery/bbq-chicken-edison-nj/N9ZC3wX5TbitcirxG6XW6w,cliffwood-new-jersey
https://www.ubereats.com/new-jersey/food-delivery/frutta-bowls/R3R9loC-SJaR4-zo4E4qWg,cliffwood-new-jersey
https://www.ubereats.com/new-jersey/food-delivery/saladworks-2136-state-highway-35-south/rtVwneoBShSmvcjJEtlkPA,cliffwood-new-jersey
https://www.ubereats.com/new-jersey/food-delivery/rio-of-japan/22saIITjT02uLZHiMWCVHQ,cliffwood-new-jersey
https://www.ubereats.com/new-jersey/food-delivery/kennedy-fried-chicken-halal-fords/oXPhg9lPRjaN3r7tQkttwA,cliffwood-new-jersey
https://www.ubereats.com/new-jersey/food-delivery/noodles-plus/TlOO3qHESQC3d4vrX8vxAQ,cliffwood-new-jersey
https://www.ubereats.com/new-jersey/food-delivery/jersey-mikes-subs-spotswood/eIpHSa-ZR36bIehTjkLFyw,cliffwood-new-jersey
https://www.ubereats.com/new-jersey/food-delivery/mcdonalds-31-20-route-35/C3RFLXQZQiC-3fzi182PGw,cliffwood-new-jersey
https://www.ubereats.com/new-jersey/food-delivery/attilios-pizzeria-%26-restaurant/FwjDA2TGTKqPURWwPF7E3Q,cliffwood-new-jersey
https://www.ubereats.com/new-jersey/food-delivery/sunshine-grill/IQa-20KoR8CckhZKPGbquA,cliffwood-new-jersey
https://www.ubereats.com/new-jersey/food-delivery/sandwich-time-deli-%26-tex-mex-keasbey/6ilGqIShQ26M_neUBCYxwQ,cliffwood-new-jersey
https://www.ubereats.com/new-jersey/food-delivery/taco-bell-125-state-route-34/oqXxPjvwTWqN8NfMjzLAdQ,cliffwood-new-jersey
https://www.ubereats.com/new-jersey/food-delivery/simplygreek/srL-pYBZQ0aY1GmSEUjQ0w,cliffwood-new-jersey
https://www.ubereats.com/new-jersey/food-delivery/kennedy-fried-chicken-smith-street-halal/dNvnyXc-Sra41w2OnyuQhQ,cliffwood-new-jersey
https://www.ubereats.com/new-jersey/food-delivery/mcdonalds-970-rt-9/YHXpSPs2RJeuB-DoFd5DYQ,cliffwood-new-jersey
https://www.ubereats.com/new-jersey/food-delivery/aiellos-of-brooklyn/z4VSqc5pSIKndt6mLx-0IA,cliffwood-new-jersey
https://www.ubereats.com/new-jersey/food-delivery/burger-king-1022-route-18/US4WBtTHRJCxJBxHzEaDUA,cliffwood-new-jersey
https://www.ubereats.com/new-jersey/food-delivery/174-applebees-middletown/PhqKJe-MSRCu0p3lEbOyag,cliffwood-new-jersey
https://www.ubereats.com/new-jersey/food-delivery/vibe-tap-%26-grill/EaTBwq6zRhi38H_vD-fayQ,cliffwood-new-jersey
https://www.ubereats.com/new-jersey/food-delivery/cafe-paris/FpuIsQIySgO7wS4D7MeaQQ,cliffwood-new-jersey
https://www.ubereats.com/new-jersey/food-delivery/dunkin-973-route-9-north/sDx5mRe9QAWc9FlqvyIzxg,cliffwood-new-jersey
https://www.ubereats.com/new-jersey/food-delivery/la-rosetta-cafe-main-st/oOEOEuZsTQ2VAWmZyYNtoA,cliffwood-new-jersey
https://www.ubereats.com/new-jersey/food-delivery/primo-pizzeria/fbLqyYV4Sg6jsHM4JYhrxA,cliffwood-new-jersey
https://www.ubereats.com/new-jersey/food-delivery/tandoor/X4DWAVZuSsuIAJeNORSRCg,cliffwood-new-jersey
https://www.ubereats.com/new-jersey/food-delivery/tgi-fridays-739-old-bridge-nj/UDvOw1DJT0ua5x8IucpaAQ,cliffwood-new-jersey
https://www.ubereats.com/new-jersey/food-delivery/stewart-root-beer/0op5Xy-eQdq4taPHXGMB1w,cliffwood-new-jersey
https://www.ubereats.com/new-jersey/food-delivery/ujs-asian-bistro/NwaCwavxTBytEu0ODFR3vw,cliffwood-new-jersey
https://www.ubereats.com/new-jersey/food-delivery/dunkin-171-main-st/eLa9zQV1ScmQv6CM6x4D6A,cliffwood-new-jersey
https://www.ubereats.com/new-jersey/food-delivery/el-texmex-burrito-%26-cafe/XLLl51jZRCGP86snEHU7UQ,cliffwood-new-jersey
https://www.ubereats.com/new-jersey/food-delivery/shanghai-bun-restaurant/WX-kk0PPQti4jO3Uvv6ZSA,cliffwood-new-jersey
https://www.ubereats.com/new-jersey/food-delivery/dunkin-318-lloyd-rd/DER9bNp4QF2rLLTofmCFXA,cliffwood-new-jersey
https://www.ubereats.com/new-jersey/food-delivery/mcdonalds-825-rt-36/r-4x344iSvCf_J_5XZy2Hw,cliffwood-new-jersey
https://www.ubereats.com/new-jersey/food-delivery/the-halal-guys-621-nj-18-east-brunswick/unyoe9TXROOr1ApYkwzzbw,cliffwood-new-jersey
https://www.ubereats.com/new-jersey/food-delivery/the-colonial-restaurant/ElFN3rFkSPi9JJLd18Ulow,cliffwood-new-jersey
https://www.ubereats.com/new-jersey/food-delivery/torres-cafe/LsG9-Gj0SIq-NsZ5nRzt1w,cliffwood-new-jersey
https://www.ubereats.com/new-jersey/food-delivery/dunkin-189-route-35/jsgaYxaCQ_Skus6DDc71nQ,cliffwood-new-jersey
https://www.ubereats.com/new-jersey/food-delivery/olaides-kitchen/oTuwuUK8R-S3UvmOlCw_nQ,cliffwood-new-jersey
https://www.ubereats.com/new-jersey/food-delivery/cinnabon-755-state-route-18/k3Eamm1dRb2anWXtqy0YNw,cliffwood-new-jersey
https://www.ubereats.com/new-jersey/food-delivery/aja-asian-cuisine-and-lounge/jv72oklRQ0qTJNXrOJXrtA,cliffwood-new-jersey
https://www.ubereats.com/new-jersey/food-delivery/wendys-388-highway-35/ZJPtWfi8TXeWzgn1v2d59Q,cliffwood-new-jersey
https://www.ubereats.com/new-jersey/food-delivery/subway-perth-amboy/Dsy79dGjSTS_YOXkiRIKpw,cliffwood-new-jersey
https://www.ubereats.com/new-jersey/food-delivery/main-street-deli-%26-grocery-240-main-st/I3kt3qAXR5OydDtWnZdSrQ,cliffwood-new-jersey
https://www.ubereats.com/new-jersey/food-delivery/dunkin-4500-bordentown-ave/ptQcJHR4QESRhw_w2ZmY0g,cliffwood-new-jersey
https://www.ubereats.com/new-jersey/food-delivery/athidhi-dosa-%26-biryani-point/OQiwfGzDSAeumpTKHkcjbw,cliffwood-new-jersey
https://www.ubereats.com/new-jersey/food-delivery/marlboro-diner/Xvo5tHmfS5yflI5w7nciMA,cliffwood-new-jersey
https://www.ubereats.com/new-jersey/food-delivery/carvel-460-county-road-520-e/Bnaus1VDShWZAdwZAjWk9A,cliffwood-new-jersey
https://www.ubereats.com/new-jersey/food-delivery/tower-of-india/bn1Q9leATcOPtxjC0MBg-g,cliffwood-new-jersey
https://www.ubereats.com/new-jersey/food-delivery/philly-pretzel-factory/m8XYrnu6S1KG6wdF9lwpcg,cliffwood-new-jersey
https://www.ubereats.com/new-jersey/food-delivery/rumis-palace/-5PICaN2QQiAaGYIkd4spg,cliffwood-new-jersey
https://www.ubereats.com/new-jersey/food-delivery/js-empanadas/SmFxMZzrT5y93RtZgHqAgQ,cliffwood-new-jersey
https://www.ubereats.com/new-jersey/food-delivery/jersey-mikes-subs-349-lake-ave/8MT35t-ARLWPZhAeKEWlzQ,cliffwood-new-jersey
https://www.ubereats.com/new-jersey/food-delivery/carvel-1050-state-highway-%2334/rVRZ8h9UQPeBsHTfBXQc1w,cliffwood-new-jersey
https://www.ubereats.com/new-jersey/food-delivery/cluck-u-chicken-aberdeen/niO2kggDQ7WUPwKVw3Cg7w,cliffwood-new-jersey
https://www.ubereats.com/new-jersey/food-delivery/the-halal-spot/7Eq-jHbtT-OjONWnTqmA-g,cliffwood-new-jersey
https://www.ubereats.com/new-jersey/food-delivery/the-indian-snob/vUbn-2uDSZupsBofYSrl_w,cliffwood-new-jersey
https://www.ubereats.com/new-jersey/food-delivery/grillestone-restaurant-old-bridge/hfICMw_YQNSu6BqsLFCcSQ,cliffwood-new-jersey
https://www.ubereats.com/new-jersey/food-delivery/hamburger-pattys/9fKWwHjBT4CGyOOgNju0lw,cliffwood-new-jersey
https://www.ubereats.com/new-jersey/food-delivery/cold-stone-creamery-67-us-highway-9/eflhYF5DRN23mk26yLY88w,cliffwood-new-jersey
https://www.ubereats.com/new-jersey/food-delivery/outback-steakhouse-1397-us-highway-9/KcSYF3UcSHGPP7v586YNww,cliffwood-new-jersey
https://www.ubereats.com/new-jersey/food-delivery/taco-bell-981-us-highway-9/GwtvN1Q-S7yqTM-hg960eQ,cliffwood-new-jersey
https://www.ubereats.com/new-jersey/food-delivery/dunkin-952-state-route-34/pCLlgy2sQ1yhzoU5g-iHkw,cliffwood-new-jersey
https://www.ubereats.com/new-jersey/food-delivery/red-robin-727-788-state-highway-18/7tQDBU5BQHKdK4MnJb2bNg,cliffwood-new-jersey
https://www.ubereats.com/new-jersey/food-delivery/dunkin-107-route-35/_7r30bThQbe071vbwFYsyA,cliffwood-new-jersey
https://www.ubereats.com/new-jersey/food-delivery/daisys-food-store-inc/_0skagzfQu2aorsaJ3OdhA,cliffwood-new-jersey
https://www.ubereats.com/new-jersey/food-delivery/burger-king-940-us-highway-9/oY3nfdvYT26ErbxcQDEyog,cliffwood-new-jersey
https://www.ubereats.com/new-jersey/food-delivery/number-one-chinese-restaurant/Rfsep7kcTjKlBXKYBPXB6g,cliffwood-new-jersey
https://www.ubereats.com/new-jersey/food-delivery/sweetberry-bowls-matawan/o_kFstTsTraozwjWjcQG8A,cliffwood-new-jersey
https://www.ubereats.com/new-jersey/food-delivery/starbucks-matawan/i9op5vgeThqawJFHZXXdzQ,cliffwood-new-jersey
https://www.ubereats.com/new-jersey/food-delivery/kribs-bagel-bazaar-and-bakery/yFBrWJYbQJeJJ1MLnThxKA,cliffwood-new-jersey
https://www.ubereats.com/new-jersey/food-delivery/starbucks-rte-9-marlboro/kdaO-1-AR164YnPsUSM1DQ,cliffwood-new-jersey
https://www.ubereats.com/new-jersey/food-delivery/golden-bagels/80rESdLVTkSvJGR9Pov7eA,cliffwood-new-jersey
https://www.ubereats.com/new-jersey/food-delivery/big-m-bbq/MwHEt_I1SqCXGyC_0WdzVw,cliffwood-new-jersey
https://www.ubereats.com/new-jersey/food-delivery/flos-mideast-bistro-%26-bagels/ODqyeTxsS6WxOVyVH_vi-g,cliffwood-new-jersey
https://www.ubereats.com/new-jersey/food-delivery/fattys-fat-shack/qH6U9oLSSuSlAUopmqcptQ,cliffwood-new-jersey
https://www.ubereats.com/new-jersey/food-delivery/sipos-bakery/g_eqHWqRTBWvtBzSyjhVDg,cliffwood-new-jersey
https://www.ubereats.com/new-jersey/food-delivery/mcdonaghs-pub/ikzdo4QHQl68_7trUaNZoA,cliffwood-new-jersey
https://www.ubereats.com/new-jersey/food-delivery/sultan-wok-matawan/INMUdHAHTfCg6RdBYFifEQ,cliffwood-new-jersey
https://www.ubereats.com/new-jersey/food-delivery/natures-plate-keyport/WZS2cvTMQfutmdAymcjeKQ,cliffwood-new-jersey
https://www.ubereats.com/new-jersey/food-delivery/frutta-bowls/t4Jl1O0mQkargftxRnq76A,cliffwood-new-jersey
https://www.ubereats.com/new-jersey/food-delivery/ciro-pizza-cafe/jmJNdXbmRL6XE9_ycZ97rA,cliffwood-new-jersey
https://www.ubereats.com/new-jersey/food-delivery/wawa-0976-204-highway-35/Tn4JXstRSAKkSyOtJEDdIg,cliffwood-new-jersey
https://www.ubereats.com/new-jersey/food-delivery/stewarts-root-beer/WzmxijtFRYWIhN8e-6Kqqw,cliffwood-new-jersey
https://www.ubereats.com/new-jersey/food-delivery/tomato-%26-basil-nj/iSBDXHaNQ7ClZd7ouS3mmg,cliffwood-new-jersey
https://www.ubereats.com/new-jersey/food-delivery/cold-stone-creamery-blimpie-2111-nj-35/-5SmbX9LQJi_Cc0Mnl5o7A,cliffwood-new-jersey
https://www.ubereats.com/new-jersey/food-delivery/stewarts-root-beer/XwkGn5M6S8OK3H89mt4nzA,cliffwood-new-jersey
https://www.ubereats.com/new-jersey/food-delivery/dunkin-164-rte-34-n/Q11bx98-RVearrut4FVaBQ,cliffwood-new-jersey
https://www.ubereats.com/new-jersey/food-delivery/the-ice-cream-shop/suPrM2OeRkaDsonBzyuEJA,cliffwood-new-jersey
https://www.ubereats.com/new-jersey/food-delivery/sweetberry-bowls-woodbridge-township/b0ynfF6BQkWNfGLlkV19dw,cliffwood-new-jersey
https://www.ubereats.com/new-jersey/food-delivery/sisters-seafood/tepYOSvsTaSuCRWejk1qKQ,cliffwood-new-jersey
https://www.ubereats.com/new-jersey/food-delivery/dunkin-2055-route-35/rbEIVGFDThKmVUqemHGYqw,cliffwood-new-jersey
https://www.ubereats.com/new-jersey/food-delivery/u-yee-sushi-%26-hibachi/O35qE_UbTz6BSzUtfAI5TA,cliffwood-new-jersey
https://www.ubereats.com/new-jersey/food-delivery/la-strada-pizza/dq48EKLgSGG3tq9dw_DmoQ,cliffwood-new-jersey
https://www.ubereats.com/new-jersey/food-delivery/kona-grill-woodbridge/MCcPDDOZSt6kZSHKCBspsQ,cliffwood-new-jersey
https://www.ubereats.com/new-jersey/food-delivery/dunkin-3833-route-516/3VnuNiDCTLOcG4TUNC4HLw,cliffwood-new-jersey
https://www.ubereats.com/new-jersey/food-delivery/grill-36/PsIhnk6DQXS3vvzWAbCeZg,cliffwood-new-jersey
https://www.ubereats.com/new-jersey/food-delivery/jersey-mikes-subs-1068-rt-9-south/JuBsng-hQzmnAPGP-Db3Kg,cliffwood-new-jersey
https://www.ubereats.com/new-jersey/food-delivery/auntie-annes-755-state-hwy-18-suite-778a/WLS6oGf5Tmmfqz4_65JPPA,cliffwood-new-jersey
https://www.ubereats.com/new-jersey/food-delivery/halal-buns-1447-new-jersey-18/eeClOocoQSavZO2l7gEIyQ,cliffwood-new-jersey
https://www.ubereats.com/new-jersey/food-delivery/bagel-factory-cafe/bvlAKdiQQ6mzynZt7WonoA,cliffwood-new-jersey
https://www.ubereats.com/new-jersey/food-delivery/the-yellow-rose-diner/UUlv1LyYSNywOXKNToLbNg,cliffwood-new-jersey
https://www.ubereats.com/new-jersey/food-delivery/ihop-106-nj-36/uV4XqUw6Q6a_N97W2jjPUA,cliffwood-new-jersey
https://www.ubereats.com/new-jersey/food-delivery/starbucks-sayreville-nj/95uyByHxRUajMJ7XYNaogQ,cliffwood-new-jersey
https://www.ubereats.com/new-jersey/food-delivery/panda-house/6b9HDzc7TemJINgB2YF3ww,cliffwood-new-jersey
https://www.ubereats.com/new-jersey/food-delivery/paulines-italian-cuisine/jzRsBt55RvSpYeSv5-Ql5Q,cliffwood-new-jersey
https://www.ubereats.com/new-jersey/food-delivery/costa-verde/yWf_ma5nTwCSmNULmqagJw,cliffwood-new-jersey
https://www.ubereats.com/new-jersey/food-delivery/royal-indian-restaurant/3qtaztvDSKyWl7_pOeYtfQ,cliffwood-new-jersey
https://www.ubereats.com/new-jersey/food-delivery/lucky-7-deli/90k47vb4SMS2xNoMXkqacw,cliffwood-new-jersey
https://www.ubereats.com/new-jersey/food-delivery/nappys-food-store/iUGyOONLQ8OfVSB3uJGMlw,cliffwood-new-jersey
https://www.ubereats.com/new-jersey/food-delivery/shivaji-indian-express/HVtHKM_sTYi8IoW7ZyHjiQ,cliffwood-new-jersey
https://www.ubereats.com/new-jersey/food-delivery/via-sposito/n2zznPhqRoGVvoyMVpje6Q,cliffwood-new-jersey
https://www.ubereats.com/new-jersey/food-delivery/mcdonalds-633-new-brunswick-ave/QMUrn9CqSryJGPcIxcWTPg,cliffwood-new-jersey
https://www.ubereats.com/new-jersey/food-delivery/amazing-chicken/SGD2W7I3TkCRaCrwvCeDMQ,cliffwood-new-jersey
https://www.ubereats.com/new-jersey/food-delivery/mitchells-bakery/1AUg64U7TUiqyBYomQjXAg,cliffwood-new-jersey
https://www.ubereats.com/new-jersey/food-delivery/burger-king-147-new-brunswick-avenue/RwJZm8_-QYqLbQZJDkzlkg,cliffwood-new-jersey
https://www.ubereats.com/new-jersey/food-delivery/burger-king-992-route-34/jDPxPFOTTBqj7mNUNers7A,cliffwood-new-jersey
https://www.ubereats.com/new-jersey/food-delivery/peters-crab-and-steakhouse/0LYZABI2RF6f5IBne3buFw,cliffwood-new-jersey
https://www.ubereats.com/new-jersey/food-delivery/joes-famous-pizza-%26-italian-cuisine/BDHRYQP3RGeXr3C5HfCUgQ,cliffwood-new-jersey
https://www.ubereats.com/new-jersey/food-delivery/sushio-asian-bistro/uq-B7SSUTkWb0Ok-I0y5ZQ,cliffwood-new-jersey
https://www.ubereats.com/new-jersey/food-delivery/burger-king-734-route-36-%26-union-avenue/Xeiod7ZeSWGUV5J5Ritdzw,cliffwood-new-jersey
https://www.ubereats.com/new-jersey/food-delivery/tgi-fridays-696-hazlet-nj/3b8hI1wvQEOhK_Uj_5gIEQ,cliffwood-new-jersey
https://www.ubereats.com/new-jersey/food-delivery/playa-bowls-2107-route-35-north/QoBQQD9cSPuG5mUaW-YmEA,cliffwood-new-jersey
https://www.ubereats.com/new-jersey/food-delivery/haldiwala/EvfKREu6Q6a29yPw4O90Hw,cliffwood-new-jersey
https://www.ubereats.com/new-jersey/food-delivery/a-%26-s-pizza/npQNGUSPQL-NxD25In08AQ,cliffwood-new-jersey
https://www.ubereats.com/new-jersey/food-delivery/wingz-n-thingz/XqyoqtjxS2CZ2RylBJIUnQ,cliffwood-new-jersey
https://www.ubereats.com/new-jersey/food-delivery/daves-hot-dogs/egN9lgo4SoK8Ex48kpIdGA,cliffwood-new-jersey
https://www.ubereats.com/new-jersey/food-delivery/burger-express/XwSwW22wQJ2ahu54xsQHkA,cliffwood-new-jersey
https://www.ubereats.com/new-jersey/food-delivery/asian-express/gfU5iHmPSM6ofV93S00dpg,cliffwood-new-jersey
https://www.ubereats.com/new-jersey/food-delivery/the-ice-cream-shop/5ffqxp4rTzWA62jgQ6cXXA,cliffwood-new-jersey
https://www.ubereats.com/new-jersey/food-delivery/joes-bagel-%26-grill-cliffwood/nM-Uj5zRRzOqlua8pPMrNg,cliffwood-new-jersey
https://www.ubereats.com/new-jersey/food-delivery/panda-express-314-us-hwy-9-n/d_blFO9qSQiAx8OkvuLWjA,cliffwood-new-jersey
https://www.ubereats.com/new-jersey/food-delivery/mcdonalds-rt-35-%26-amboy/5BOY2HLvQ0u97UfXsZWkWQ,cliffwood-new-jersey
https://www.ubereats.com/new-jersey/food-delivery/carvel-ice-cream-1362-state-route-36/e6VzTE3LQFOyebk6ENf0ow,cliffwood-new-jersey
https://www.ubereats.com/new-jersey/food-delivery/singas-famous-pizza-parlin/LI8xDH53SaW454IkGqV4vw,cliffwood-new-jersey
https://www.ubereats.com/new-jersey/food-delivery/five-guys-nj-1064-1114-route-9-south/U2OfanNbRayV3F6nFiQZrQ,cliffwood-new-jersey
https://www.ubereats.com/new-jersey/food-delivery/dimples-bombay-talk-sayreville/X_1Pkh9dQK-C6FEFp6aE4A,cliffwood-new-jersey
https://www.ubereats.com/new-jersey/food-delivery/el-carbon-restaurant/Eh7cNxvdTOybCqKhS8yPTA,cliffwood-new-jersey
https://www.ubereats.com/new-jersey/food-delivery/kfc-route-36-airport-plaza/xFrFupRrTv6GYG8S-8BaIw,cliffwood-new-jersey
https://www.ubereats.com/new-jersey/food-delivery/fine-wine-%26-grill/mJ1PvN9NSfq7e3bOSd7r_Q,cliffwood-new-jersey
https://www.ubereats.com/new-jersey/food-delivery/dunkin-2614-highway-516/1YTUNGL5TmmylS5I4HXYQA,cliffwood-new-jersey
https://www.ubereats.com/new-jersey/food-delivery/playa-bowls-marlboro/phAhpBXFROeugbPCRBNEAw,cliffwood-new-jersey
https://www.ubereats.com/new-jersey/food-delivery/middletown-pancake-house/3gMvOndEQ8Clvnqg3eeViw,cliffwood-new-jersey
https://www.ubereats.com/new-jersey/food-delivery/kfc-2650-county-road-516/LWgth7YsQHW6i3Wq3L_IHA,cliffwood-new-jersey
https://www.ubereats.com/new-jersey/food-delivery/baya-bar-aberdeen/amGzgaCySkGr7uuqXf1TWQ,cliffwood-new-jersey
https://www.ubereats.com/new-jersey/food-delivery/buffalo-wild-wings-167-us-9-south/w-yabpd1R_iU_AaNmUJCQw,cliffwood-new-jersey
https://www.ubereats.com/new-jersey/food-delivery/domoko-sushi-and-ramen/snc7XXhGTr-OaMnsHJYlWQ,cliffwood-new-jersey
https://www.ubereats.com/new-jersey/food-delivery/amazing-bagel-parlin/xy_Zm8Y7ToeKQlBh-zMdxg,cliffwood-new-jersey
https://www.ubereats.com/new-jersey/food-delivery/ocean-bay-diner/zAzxHGDLTeqV_sTqoRLyKg,cliffwood-new-jersey
https://www.ubereats.com/new-jersey/food-delivery/thai-shangri-la/K9qDTAReSF-Rpz97ukXyXg,cliffwood-new-jersey
https://www.ubereats.com/new-jersey/food-delivery/cafe-patanaro/vhzge-2DQdKBi34SCatZYw,cliffwood-new-jersey
https://www.ubereats.com/new-jersey/food-delivery/raise-the-bar/w1JP2ASMQvubH73sixv8_g,cliffwood-new-jersey
https://www.ubereats.com/new-jersey/food-delivery/stevens-ave-deli-liquor/xcwBPNGVT0awA7AuCXAqkg,cliffwood-new-jersey
https://www.ubereats.com/new-jersey/food-delivery/161-applebees-edison/ctNr9Dr_QgSfUZBWBSlRlw,cliffwood-new-jersey
https://www.ubereats.com/new-jersey/food-delivery/goodfellows-pizza-and-italian-specialties-parlin/nUms51JAS2i25dFIpFsXUg,cliffwood-new-jersey
https://www.ubereats.com/new-jersey/food-delivery/burger-king-route-516-%26-bushnell-road/123lbCjDSjqc63BT9TDGEg,cliffwood-new-jersey
https://www.ubereats.com/new-jersey/food-delivery/jezif-fried-chicken/LK-mynmvRfKk9WmBuDYcQQ,cliffwood-new-jersey
https://www.ubereats.com/new-jersey/food-delivery/hummus-%26-pita-co/Ss5GqkqjSVquIlrHHRSycw,cliffwood-new-jersey
https://www.ubereats.com/new-jersey/food-delivery/bellissimo-cafe-%26-pizza/kleMohPUQ6mm98_W_rRoDQ,cliffwood-new-jersey
https://www.ubereats.com/new-jersey/food-delivery/jersey-mikes-2145-state-route-35/l9NsBbGbRnCPWWeoM-qutQ,cliffwood-new-jersey
https://www.ubereats.com/new-jersey/food-delivery/ichiban-holmdel/PB4EvqiyS6e-tUX8zElLSA,cliffwood-new-jersey
https://www.ubereats.com/new-jersey/food-delivery/outback-steakhouse-740-route-35-south/bZaRjRMYQnabAzo-PJE6xA,cliffwood-new-jersey
https://www.ubereats.com/new-jersey/food-delivery/mis-angelitos-%26-grill/FE4wwHOMRCu5K07fsJVAeQ,cliffwood-new-jersey
https://www.ubereats.com/new-jersey/food-delivery/taqueria-los-gueros-new-brunswick-ave-nj/FY2aX7K4TNClnOMSwbBT8Q,cliffwood-new-jersey
https://www.ubereats.com/new-jersey/food-delivery/amano-pizza/h0GBJWhTTjKUB90JN84Vbw,cliffwood-new-jersey
https://www.ubereats.com/new-jersey/food-delivery/the-ice-cream-shop/UFDA6NOhS5u_djKcySu4zw,cliffwood-new-jersey
https://www.ubereats.com/new-jersey/food-delivery/dunkin-route-36-%26-main-st/1I1D4SwbSguvLAQiSx059Q,cliffwood-new-jersey
https://www.ubereats.com/new-jersey/food-delivery/ono-korean-barbeque/sj4BxkZ8Q-CqRbtcf8MJ2g,cliffwood-new-jersey
https://www.ubereats.com/new-jersey/food-delivery/roman-delight-pizza/8yBZG7fKQa2TIntOhFJKIQ,cliffwood-new-jersey
https://www.ubereats.com/new-jersey/food-delivery/river-thai-cuisine-main-st/xDTXlPsfQ3OTQxDlrK26yA,cliffwood-new-jersey
https://www.ubereats.com/new-jersey/food-delivery/dunkin-3683-route-9/z-POjZ2kR2uTuzacgu5A2A,cliffwood-new-jersey
https://www.ubereats.com/new-jersey/food-delivery/moes-southwest-grill-84-route-9-rd%233/nSQ8WGpKTFyfIIFOgfoW_A,cliffwood-new-jersey
https://www.ubereats.com/new-jersey/food-delivery/taco-bell-1185-highway-36/bK83WMYPR0GJgf7C0EGMVw,cliffwood-new-jersey
https://www.ubereats.com/new-jersey/food-delivery/dunkin-482-smith-st/XCjdwsDuTOCv_pq7AVDEkw,cliffwood-new-jersey
https://www.ubereats.com/new-jersey/food-delivery/pizza-hut-320-us-highway-9-n/-mo7YFs6Q0WsD2g_mXMaEw,cliffwood-new-jersey
https://www.ubereats.com/new-jersey/food-delivery/pieros-italian-restaurant/c6_0vCpSQMaAfebFVHscOw,cliffwood-new-jersey
https://www.ubereats.com/new-jersey/food-delivery/haldi-chowk-authentic-indian-cuisine/7RqOOZvgQJ-XuuWD_7_6ew,cliffwood-new-jersey
https://www.ubereats.com/new-jersey/food-delivery/dennys-752-hwy-%2318/DRPSlxCcTYuhqKTkZuNDlw,cliffwood-new-jersey
https://www.ubereats.com/new-jersey/food-delivery/jersey-mikes-subs-251-main-street/2TqZ_TQrRp6OIanW2Qraug,cliffwood-new-jersey
https://www.ubereats.com/new-jersey/food-delivery/bar-louie-east-brunswick/y1IpIujhSPykCreXh9VCMA,cliffwood-new-jersey
https://www.ubereats.com/new-jersey/food-delivery/la-china-poblana/VDwpmJPtRuqbfFfUBxwRdw,cliffwood-new-jersey
https://www.ubereats.com/new-jersey/food-delivery/benihana-60-parsonage-rd/CKDcuaR1QQawln5CanPg4A,cliffwood-new-jersey
https://www.ubereats.com/new-jersey/food-delivery/white-castle-987-us-hwy-9/_1oQ0-MGSyOtgyLCRuVQ6Q,cliffwood-new-jersey
https://www.ubereats.com/new-jersey/food-delivery/dunkin-80h-bethany-rd/nlo3xvQHQBOLFjdBeI9caw,cliffwood-new-jersey
https://www.ubereats.com/new-jersey/food-delivery/pronto-pizza-and-restaurant/KTZ_tSBSQ52ZQRFULSMcSA,cliffwood-new-jersey
https://www.ubereats.com/new-jersey/food-delivery/shanghai-noodle-house/sJUM51YbT_2BAETBCwJ-kg,cliffwood-new-jersey
https://www.ubereats.com/new-jersey/food-delivery/taste-of-jamaica-1/18nHw2bkRJ6MSusGRQdIkQ,cliffwood-new-jersey
https://www.ubereats.com/new-jersey/food-delivery/aes-thai-%26-bbq/TIZJ94KwRBa8wtH-iUyocQ,cliffwood-new-jersey
https://www.ubereats.com/new-jersey/food-delivery/rico-taco-mex-2/eCe52DvaSguXYtVa9RQkdA,cliffwood-new-jersey
https://www.ubereats.com/new-jersey/food-delivery/starbucks-aberdeen-rte-34/oJPGC6VKSMCnXkEzjn2GJg,cliffwood-new-jersey
https://www.ubereats.com/new-jersey/food-delivery/kennedy-fried-chicken-and-pizza-halal/_IuUJ_R1R56cQIGI5t9PSA,cliffwood-new-jersey
https://www.ubereats.com/new-jersey/food-delivery/cheeburger-cheeburger-2130-rte-35-s/GDFAFQQ8R76l8eaBVPrn_w,cliffwood-new-jersey
https://www.ubereats.com/new-jersey/food-delivery/punto-peruano/GYGsCGIHTrG7CcQl7O3pEw,cliffwood-new-jersey
https://www.ubereats.com/new-jersey/food-delivery/mi-tierra/NdLSkMshSsCFYaOLngc5iw,cliffwood-new-jersey
https://www.ubereats.com/new-jersey/food-delivery/normandie-bakery/nycl4BtySBaLl1NFakCSPA,cliffwood-new-jersey
https://www.ubereats.com/new-jersey/food-delivery/devils-burger-bar/_GkEEhbDQDWVAYDNdFzcsQ,cliffwood-new-jersey
https://www.ubereats.com/new-jersey/food-delivery/halal-indian-bazaar/_GgHYsLeRfSfAyV_1elhPg,cliffwood-new-jersey
https://www.ubereats.com/new-jersey/food-delivery/otilias-cafe/jlfzEUiGSk6ww2Z3Vlum9g,cliffwood-new-jersey
https://www.ubereats.com/new-jersey/food-delivery/barbs-big-burritos/B8l0BUllT4qBnXilo5hD-g,cliffwood-new-jersey
https://www.ubereats.com/new-jersey/food-delivery/takumi-japanese-restaurant/37gvzT2VR52aEy9mYjAYjQ,cliffwood-new-jersey
https://www.ubereats.com/new-jersey/food-delivery/wing-hing-chinese-restaurant/3Wu-VTYVTZm78hjlV8UExQ,cliffwood-new-jersey
https://www.ubereats.com/new-jersey/food-delivery/milina-cuisine/Gr3lA56lTwyzeuTA3YRuiw,cliffwood-new-jersey
https://www.ubereats.com/new-jersey/food-delivery/bagel-talk/ULVGxur9TGKGv-lYgYcaKg,cliffwood-new-jersey
https://www.ubereats.com/new-jersey/food-delivery/perkins-family-restaurant/eVrdu3WFQUiz7RoRoZgkqw,cliffwood-new-jersey
https://www.ubereats.com/new-jersey/food-delivery/jersey-mikes-7-bayshore-plaza/t4LW5-YWQHOSoSGvHS-1PA,cliffwood-new-jersey
https://www.ubereats.com/new-jersey/food-delivery/bollywood-bistro/gF5g0aYrT4-xBJY7q6Yl2w,cliffwood-new-jersey
https://www.ubereats.com/new-jersey/food-delivery/wendys-1344-route-9/ODCqklRDQ927gPW-XnTDkw,cliffwood-new-jersey
https://www.ubereats.com/new-jersey/food-delivery/friendlys-180-ferry-rd/WEi-vChpS42XkYK6W4sAiQ,cliffwood-new-jersey
https://www.ubereats.com/new-jersey/food-delivery/mcdonalds-1111-rt-9-north/6JGL39ocQDanhNZlkwzoLg,cliffwood-new-jersey
https://www.ubereats.com/new-jersey/food-delivery/the-burger-spot-old-bridge/-qpua7L2Sh2I6a41Q-k4Hg,cliffwood-new-jersey
https://www.ubereats.com/new-jersey/food-delivery/bagel-1-and-grill/Mp4npZyZQWid7kqfQwOVHA,cliffwood-new-jersey
https://www.ubereats.com/new-jersey/food-delivery/wendys-2617-route-516/6eXoU6AESM6sqqG0-_XTmQ,cliffwood-new-jersey
https://www.ubereats.com/new-jersey/food-delivery/dunkin-34-rt-9-north/UZnQpjUfSNaqzXEILTbsRA,cliffwood-new-jersey
https://www.ubereats.com/new-jersey/food-delivery/arirang-hibachi-steakhouse-parlin/bLjzK-NKRQ2g0pJ-dkbUBw,cliffwood-new-jersey
https://www.ubereats.com/new-jersey/food-delivery/old-glory-kitchen-%2B-spirits/YkNFta6zSlK7UZG5kdTb6g,cliffwood-new-jersey
https://www.ubereats.com/new-jersey/food-delivery/penang-malaysian-%26-thai-cuisine/v95obJxvQY67pxhb2PVnfg,cliffwood-new-jersey
https://www.ubereats.com/new-jersey/food-delivery/dunkin-351d-matawan-rd/kfqplck1RY6YDqyoCleGlQ,cliffwood-new-jersey
https://www.ubereats.com/new-jersey/food-delivery/de-lo-mio-resturant/ZocQud4SQ9aRnEaXYH7low,cliffwood-new-jersey
https://www.ubereats.com/new-jersey/food-delivery/luigis-famous-pizza/PwzBoKH5Q7O7nVQMjm65lA,cliffwood-new-jersey
https://www.ubereats.com/new-jersey/food-delivery/yoans-garden/hPX2YTLHS5e-FCOtQ6mIIA,cliffwood-new-jersey
https://www.ubereats.com/new-jersey/food-delivery/dairy-queen-treat-982-us-highway-9/V2bZ-uGISKWTT_Io6VFBcg,cliffwood-new-jersey
https://www.ubereats.com/new-jersey/food-delivery/rivas-bbq/1mkoAtznS3y46TFXlPZocQ,cliffwood-new-jersey
https://www.ubereats.com/new-jersey/food-delivery/mcdonalds-1108-nj-34/_24cRes4TQeiDkuNNKULJg,cliffwood-new-jersey
https://www.ubereats.com/new-jersey/food-delivery/starbucks-rte-35-middletown/_n_71c5jRfGYp3IuADJ44g,cliffwood-new-jersey
https://www.ubereats.com/new-jersey/food-delivery/houlihans-new-brunswick/whuz8hDFTZGiVdXheqJ6Kw,cliffwood-new-jersey
