url,city
https://www.ubereats.com/atlanta/food-delivery/wraith-restaurant-and-lounge/lteNDsVfR-uJd9sYmtzO7w,college-park-georgia
https://www.ubereats.com/atlanta/food-delivery/fishers-of-men/HuyUyfJ5Rwq7MhAg7-oo8Q,college-park-georgia
https://www.ubereats.com/atlanta/food-delivery/tgi-fridays-2443-southlake/cVyeyFsTSka91D3JHiHSdg,college-park-georgia
https://www.ubereats.com/atlanta/food-delivery/karmanutra/v-83IK9gQ3uoaU-1UxBR_Q,college-park-georgia
https://www.ubereats.com/atlanta/food-delivery/prime-deli/DZnQMo5OTD2M35kXqIog7w,college-park-georgia
https://www.ubereats.com/atlanta/food-delivery/boston-fish-supreme/zukNw26yTPS-FIYmqk2Zaw,college-park-georgia
https://www.ubereats.com/atlanta/food-delivery/edgewood-corner-tavern-grant-park/J4C65XPOTTWbggXUfjo05Q,college-park-georgia
https://www.ubereats.com/atlanta/food-delivery/mojo-grub/mLdcKaMtTfGboom71IfkSQ,college-park-georgia
https://www.ubereats.com/atlanta/food-delivery/bis/gP01hEHHRNKDUcm8w92zYQ,college-park-georgia
https://www.ubereats.com/atlanta/food-delivery/prime-pizza/Vw16MVm3Tg2UIw_wr0vCqQ,college-park-georgia
https://www.ubereats.com/atlanta/food-delivery/moes-1853-mt-zion-rd/4_RTuXWJQ0CS3DGnXwrsjw,college-park-georgia
https://www.ubereats.com/atlanta/food-delivery/checkers-3169-camp-creek-pkwy/JgLLv98jQoWatJWWUFR7IA,college-park-georgia
https://www.ubereats.com/atlanta/food-delivery/burger-king-6149-old-national-hwy/yfvLLoyLS9a8Ao6XFllU6A,college-park-georgia
https://www.ubereats.com/atlanta/food-delivery/atlanta-wings-east-point/kPFtXVi3SDCvrlZ6Nxvt_w,college-park-georgia
https://www.ubereats.com/atlanta/food-delivery/churchs-chicken-911-cleveland-ave/mLmmAzJvSNqiMRObFjOB5g,college-park-georgia
https://www.ubereats.com/atlanta/food-delivery/greedys/7_byw7DTSG-XMgyEObs0wA,college-park-georgia
https://www.ubereats.com/atlanta/food-delivery/golden-krust-caribbean-restaurant/ncYJUm_zTKyfregh3pPgtA,college-park-georgia
https://www.ubereats.com/atlanta/food-delivery/kfc-1395-virginia-ave/9jY7C_EeRQCZ_EDqgHZVTg,college-park-georgia
https://www.ubereats.com/atlanta/food-delivery/jr-wings-%26-things/gUITt1jMTZC-KyDJLrFUJw,college-park-georgia
https://www.ubereats.com/atlanta/food-delivery/da-fresh-katch-seafood/xuatit92TtC3FKCd22hInQ,college-park-georgia
https://www.ubereats.com/atlanta/food-delivery/moyo-grill-and-bar-restaurant/M3_Su0bARF-zUqtOVrJb_w,college-park-georgia
https://www.ubereats.com/atlanta/food-delivery/churchs-chicken-3667-campbelton-rd-sw/ouGFdttYTDWr2M0HCfrRHg,college-park-georgia
https://www.ubereats.com/atlanta/food-delivery/wendys-131-main-street/4Sp6G1VUSn-OYOnnCPQMVw,college-park-georgia
https://www.ubereats.com/atlanta/food-delivery/ardens-garden-east-point/v0k97I6xRci4TjR0lhB7JA,college-park-georgia
https://www.ubereats.com/atlanta/food-delivery/wnb-factory-wings-%26-burger-greenbriar-mall/F7wB8YZFQYGXS6bSbb6QCg,college-park-georgia
https://www.ubereats.com/atlanta/food-delivery/burn-lounge/htHDAdjqQ4eGx7JbCMf_ag,college-park-georgia
https://www.ubereats.com/atlanta/food-delivery/churchs-chicken-2347-lake-harbin-rd/Qww-27KfRf2mMN3mt4dWwQ,college-park-georgia
https://www.ubereats.com/atlanta/food-delivery/vip-wings-deli-%26-cafe/7dPjJ6GzRqKA40sPuBZu-Q,college-park-georgia
https://www.ubereats.com/atlanta/food-delivery/jamrock-jerk-center-sport/FDt5py3MQ_WacmKvqckPBQ,college-park-georgia
https://www.ubereats.com/atlanta/food-delivery/sassy-soup-kitchen/Y3yw0rnsSwK_9MxWzSmr_Q,college-park-georgia
https://www.ubereats.com/atlanta/food-delivery/los-girasoles-mexican-restaurant/b9FELpfpRv6LRANmJVCEYA,college-park-georgia
https://www.ubereats.com/atlanta/food-delivery/fresh-smoothie-cafe/f3l8G9EdR_ScEUQGRZhZyA,college-park-georgia
https://www.ubereats.com/atlanta/food-delivery/leilas-land-and-sea/AciIN8sfT5SrFez8Lh0Gmg,college-park-georgia
https://www.ubereats.com/atlanta/food-delivery/g-town-wings-%26-fish/MRr0M40EQc2r-iEOMi1Njg,college-park-georgia
https://www.ubereats.com/atlanta/food-delivery/atl-quick-eats/Fqwz-Os-SvesNWyWNxHb-w,college-park-georgia
https://www.ubereats.com/atlanta/food-delivery/taco-bell-4465-jonesboro/4XvGdOtBTkiuoYFE15Ugmg,college-park-georgia
https://www.ubereats.com/atlanta/food-delivery/tropical-cuisine/VXWi1l4pRia5Jo3rKr7H3A,college-park-georgia
https://www.ubereats.com/atlanta/food-delivery/ls-cajun-wings/cD64vpKWTKy3adZScq8qig,college-park-georgia
https://www.ubereats.com/atlanta/food-delivery/captain-ds-4770-jonesboro-road/p0cpyfC2ToiY4VLaf1-kOg,college-park-georgia
https://www.ubereats.com/atlanta/food-delivery/moyo-restaurant-inc/pAwR9AM0ScWa6_GOhUsGKA,college-park-georgia
https://www.ubereats.com/atlanta/food-delivery/taste-of-flavors/jFnAKPEIQzOvbc0V2ZXqRA,college-park-georgia
https://www.ubereats.com/atlanta/food-delivery/baltimore-crab-%26-seafood-cascade/Xw22_ohBSkq_S3F7coYK_g,college-park-georgia
https://www.ubereats.com/atlanta/food-delivery/louisiana-bistreaux-seafood-kitchen-east-point/nWaZi49gTR2djj0GhoPHQg,college-park-georgia
https://www.ubereats.com/atlanta/food-delivery/starbucks-i-285-%26-camp-creek-pkwy/R8HoziMTQW64egbnKaoO_Q,college-park-georgia
https://www.ubereats.com/atlanta/food-delivery/wendys-3350-shelby-lane/h-C5xhEBRjymSq89Mn9rmQ,college-park-georgia
https://www.ubereats.com/atlanta/food-delivery/manding-cafe/FElbSJ2pRzuVqJ-5GQOtwg,college-park-georgia
https://www.ubereats.com/atlanta/food-delivery/100%25-wings/7Yd0bvpMQH22neHPSr5C5w,college-park-georgia
https://www.ubereats.com/atlanta/food-delivery/stems-cafe/LExNihHjRgOIU5n9mpgFJw,college-park-georgia
https://www.ubereats.com/atlanta/food-delivery/jamerican-bar-and-grill/6TysF_TSThKEQkEMZWNxrA,college-park-georgia
https://www.ubereats.com/atlanta/food-delivery/ice-bar-lounge-%26-restaurant/aCUhOxpsQNy7KvvpQ9J4PQ,college-park-georgia
https://www.ubereats.com/atlanta/food-delivery/cafe-shekel/18KkqcoLT2mQTESg4qIkTA,college-park-georgia
https://www.ubereats.com/atlanta/food-delivery/papa-johns-745-hwy-138-south-west/nd5KjYreSyKWN9GZZcjhxQ,college-park-georgia
https://www.ubereats.com/atlanta/food-delivery/fosters-crab-%26-pasta/sl30ABohRV-PPhLFZzUiEw,college-park-georgia
https://www.ubereats.com/atlanta/food-delivery/little-villas-pizza/6VRdqt9_QFCtY6p0WoTjwQ,college-park-georgia
https://www.ubereats.com/atlanta/food-delivery/bgr-grille/p0w3Rj-zSFqsXLAs-CvWiw,college-park-georgia
https://www.ubereats.com/atlanta/food-delivery/dunkin-6622-tara-blvd/VKCylWaoTxaHjEgUhieW9w,college-park-georgia
https://www.ubereats.com/atlanta/food-delivery/american-deli-forest-park/BzQl9bgGT-uFanjoF2PL7Q,college-park-georgia
https://www.ubereats.com/atlanta/food-delivery/the-real-milk-%26-honey/DP04YYoPS0Oj7VzBp4V_KA,college-park-georgia
https://www.ubereats.com/atlanta/food-delivery/tgi-fridays-2112-camp-creek-ga/vOYiQhFPSR-P0NDX1fvSEg,college-park-georgia
https://www.ubereats.com/atlanta/food-delivery/the-crab-spot/0EeUA64ORd-ycjJIzSHm2Q,college-park-georgia
https://www.ubereats.com/atlanta/food-delivery/eat-more-korean/Q_NtTFIoT2KfYtoMIuUbIA,college-park-georgia
https://www.ubereats.com/atlanta/food-delivery/wnb-factory-wings-%26-burger-east-point/LarM7nAAT82gqL_V21uIiQ,college-park-georgia
https://www.ubereats.com/atlanta/food-delivery/wrap-alot/Nx9-jTPOS0StiOtkRYmSnQ,college-park-georgia
https://www.ubereats.com/atlanta/food-delivery/tropical-isles-carribbean-taste-riverdale/AbpKK7E7QoKI7dT4fZhzMA,college-park-georgia
https://www.ubereats.com/atlanta/food-delivery/the-captains-boil-1230-virginia-avenue/qSvexHKMTqu1BHa6uXtinQ,college-park-georgia
https://www.ubereats.com/atlanta/food-delivery/the-juicy-crabeast-point-ga/E8Z2tB7kTaqYnO3M_G2Qjg,college-park-georgia
https://www.ubereats.com/atlanta/food-delivery/churchs-chicken-3561-martin-luther-king/9yPPjm0DT8SOYny6fyjCYw,college-park-georgia
https://www.ubereats.com/atlanta/food-delivery/xtrike-bar-%26-grill/eQPzpRYtTyqAbnKcDDd7mw,college-park-georgia
https://www.ubereats.com/atlanta/food-delivery/mr-crab-7567-hwy-85/AMzCMyn7QI-ca5BIWWbAlg,college-park-georgia
https://www.ubereats.com/atlanta/food-delivery/seafood-cafe/JRMx8-I9TJK_YoAJ-H5lvA,college-park-georgia
https://www.ubereats.com/atlanta/food-delivery/chef-bless-flavorbombs/KQUOzN2aRrCuJovkShICiA,college-park-georgia
https://www.ubereats.com/atlanta/food-delivery/this-is-it!-bbq-%26-seafood-riverdale/pkQhHUcrRBOQeZouD52Upg,college-park-georgia
https://www.ubereats.com/atlanta/food-delivery/cracker-barrel-old-country-store-1458-southlake-plaza-drive/apdIhe1QT4Oc2I98JVqTzw,college-park-georgia
https://www.ubereats.com/atlanta/food-delivery/hotlanta-wings-glynn-st-n/wfdUhg6FTwekx_cM3F7RQA,college-park-georgia
https://www.ubereats.com/atlanta/food-delivery/the-corner-grille-main-st/5xlR59cTSFi6mv7lRyj2XQ,college-park-georgia
https://www.ubereats.com/atlanta/food-delivery/marguerites-jerk-bistro/jD94pY0pS7um0t9mhqJ6WQ,college-park-georgia
https://www.ubereats.com/atlanta/food-delivery/angels-and-demons/Lx7hxY1eRVmtkA4CsGoryw,college-park-georgia
https://www.ubereats.com/atlanta/food-delivery/annie-js-snack-shack/J8KesYRVQyyXI6uaknjVWQ,college-park-georgia
https://www.ubereats.com/atlanta/food-delivery/blu-cantina/YwfeyhXMRsKvLftTLXF6SQ,college-park-georgia
https://www.ubereats.com/atlanta/food-delivery/dessence-cafe/wEccmwcnTGejtPQ5XMhjxw,college-park-georgia
https://www.ubereats.com/atlanta/food-delivery/five-guys-ga-0404-3620-camp-creek-pkwy/0EsD3fJ6RD6qB8BeI9pRKA,college-park-georgia
https://www.ubereats.com/atlanta/food-delivery/nouveau-bar-%26-grill/txt1qBO-RkSiXd0V-P_5KQ,college-park-georgia
https://www.ubereats.com/atlanta/food-delivery/taco-bell-4661-jonesboro-rd/zc3VPQWYS8S3CqZ7d1a32A,college-park-georgia
https://www.ubereats.com/atlanta/food-delivery/dairy-queen-treat-6627-roosevelt-hwy/kLOOk_xjSzm7eyMdXqKs5g,college-park-georgia
https://www.ubereats.com/atlanta/food-delivery/subway-6518-hwy-85/5Nfc3k7cQouuwJdJRydS6g,college-park-georgia
https://www.ubereats.com/atlanta/food-delivery/paradise-smoothie-juice-bar/vicR6GFARiaKBFImpWjP4g,college-park-georgia
https://www.ubereats.com/atlanta/food-delivery/touchdown-wings-riverdale/wjfWuReeSmeVndH4fM-pdA,college-park-georgia
https://www.ubereats.com/atlanta/food-delivery/antojitos-mexicanos/vB9aBoLZRKOSBEfq2evb7w,college-park-georgia
https://www.ubereats.com/atlanta/food-delivery/nancys-pizza-camp-creek/XUtCI_1-TC2kVedoS-asCQ,college-park-georgia
https://www.ubereats.com/atlanta/food-delivery/eat-urban-fresh/G6sqej8GTwuLG1G6e0OGIg,college-park-georgia
https://www.ubereats.com/atlanta/food-delivery/pizza-wings/OCVI0mkHRN-SNATBrhzBrQ,college-park-georgia
https://www.ubereats.com/atlanta/food-delivery/its-a-wrap-cafe/X3lYwp8vTMqxmYiLw_WZLg,college-park-georgia
https://www.ubereats.com/atlanta/food-delivery/planet-smoothie-5370-highway-92-ste-220/gB-HrrOPT7qYw-P8LYvpPw,college-park-georgia
https://www.ubereats.com/atlanta/food-delivery/applebees-3690-cascade-rd/Dcb8uRiJSRSAP62CzY-IpA,college-park-georgia
https://www.ubereats.com/atlanta/food-delivery/subway-4542-old-dixie-rd/sdwP_kq0RFih4_zEFeBsxQ,college-park-georgia
https://www.ubereats.com/atlanta/food-delivery/applebees-6727-tara-blvd/-uewOY5GTDaIOVm8lX3aDg,college-park-georgia
https://www.ubereats.com/atlanta/food-delivery/lickety-split/GDcn6mrFSACfwjcgGUk77A,college-park-georgia
https://www.ubereats.com/atlanta/food-delivery/che-butter-jonez/9oU1yYBqRw-nx7fxudvvCA,college-park-georgia
https://www.ubereats.com/atlanta/food-delivery/almond-cakes-and-catering/YXXP5gSSSdq2svcgb0iRTg,college-park-georgia
https://www.ubereats.com/atlanta/food-delivery/taste-of-tropical/0yZ7XTTLQbG00pL8TGrTJw,college-park-georgia
https://www.ubereats.com/atlanta/food-delivery/tom-dick-%26-hank/bBMJ_ajzT-OFnP_LfjTgjA,college-park-georgia
https://www.ubereats.com/atlanta/food-delivery/ruby-tuesday-1925-sullivan-road/ql3WjbmJRZaQ4ToKqDy9QA,college-park-georgia
https://www.ubereats.com/atlanta/food-delivery/mezcalitos-cocina-grant-park/QTt01r7_QgykEJwSOHOktw,college-park-georgia
https://www.ubereats.com/atlanta/food-delivery/baker-dude-bakery-cafe/ekCysB0LSFqUReqUUsaYgw,college-park-georgia
https://www.ubereats.com/atlanta/food-delivery/pita-mediterranean-street-food-fairburn/OpO1Yc-5QFmybT0RHnxQzA,college-park-georgia
https://www.ubereats.com/atlanta/food-delivery/ben-hill-grill/27bV_m9FTRerrdXiWb5xgQ,college-park-georgia
https://www.ubereats.com/atlanta/food-delivery/cozumel-the-mexican-cantina/XvRJNxM6RuCamXdFafL46g,college-park-georgia
https://www.ubereats.com/atlanta/food-delivery/boba-theory/aPMEubmkS4GQkRYUO_cx9w,college-park-georgia
https://www.ubereats.com/atlanta/food-delivery/krystal-6605-hwy-85/w2SIka-mT1udcvJ09VNIow,college-park-georgia
https://www.ubereats.com/atlanta/food-delivery/krystal-8000-senoia-rd/do4VpHqSQ02Ht_tMnh1YGg,college-park-georgia
https://www.ubereats.com/atlanta/food-delivery/arbys-1359-virginia-ave/NNLyJ9AWTUS5FMjRuZOR_w,college-park-georgia
https://www.ubereats.com/atlanta/food-delivery/the-fried-chicken-spot/F_0vB-PbTuOt3njAuh2rZg,college-park-georgia
https://www.ubereats.com/atlanta/food-delivery/meals-by-chef-seals/R-IxfJpATN2onZwPyMeE-g,college-park-georgia
https://www.ubereats.com/atlanta/food-delivery/the-bodega/YNuzHnIpSWS_lI0fiOHJXg,college-park-georgia
https://www.ubereats.com/atlanta/food-delivery/smokeys-tip-%26-chip/zzGPj4V2SjalXQu6gejxOQ,college-park-georgia
https://www.ubereats.com/atlanta/food-delivery/new-orleans-daiquiri/ADOsFeK2Tpmzo3G5MMZFMg,college-park-georgia
https://www.ubereats.com/atlanta/food-delivery/east-point-fish-%26-wings/P5erF1aOS96y78-47QqlmQ,college-park-georgia
https://www.ubereats.com/atlanta/food-delivery/subway-6045-old-national-hwy/TIk9LtjpQGOQlapoVCR-kw,college-park-georgia
https://www.ubereats.com/atlanta/food-delivery/kfc-4725-jonesboro-road/flgNdtXaTXCa7-yFQUmbKw,college-park-georgia
https://www.ubereats.com/atlanta/food-delivery/best-pizza-riverdale/MBOFuSIsQ5Oj2qoopBHznQ,college-park-georgia
https://www.ubereats.com/atlanta/food-delivery/the-original-sleepy-potato-%40-greenbriar/FOOGHrT3RiiCb_345OxSCw,college-park-georgia
https://www.ubereats.com/atlanta/food-delivery/the-captains-boil-1925-sullivan-road/DBo46fbvTrSAi-ft_IjBSA,college-park-georgia
https://www.ubereats.com/atlanta/food-delivery/willys-mexicana-grill-832-virginia-ave/GolECxJ7SUWbB7wwS5taOQ,college-park-georgia
https://www.ubereats.com/atlanta/food-delivery/cafe-bourbon-st/le-DSD7pT_CZBqL0gB0o5g,college-park-georgia
https://www.ubereats.com/atlanta/food-delivery/virgils-gullah-kitchen-%26-bar/INXrLmu7S92FX6icD2pFeQ,college-park-georgia
https://www.ubereats.com/atlanta/food-delivery/southside-seafood/68euYiDBTjWd1lUqLNEWJg,college-park-georgia
https://www.ubereats.com/atlanta/food-delivery/uncle-carls-kitchen-blaze/fZIx3LBGQ4yZ6lsE9c6ihw,college-park-georgia
https://www.ubereats.com/atlanta/food-delivery/mama-soul-food/svBUmlAnRZCdFsE7cDbUdg,college-park-georgia
https://www.ubereats.com/atlanta/food-delivery/ques-spicy-ribs-and-fish/FwGmpgDfTlGSw0cX7B3-TA,college-park-georgia
https://www.ubereats.com/atlanta/food-delivery/atlanta-dream-wings/vIgKu7joTtGlJxX7MYqKbA,college-park-georgia
https://www.ubereats.com/atlanta/food-delivery/tip-top-willows/LrGp_W-ySnG0xHaSAXHyNQ,college-park-georgia
https://www.ubereats.com/atlanta/food-delivery/burger-king-2760-greenbriar-parkway/3ptnlFv1RriFlux19hYBYw,college-park-georgia
https://www.ubereats.com/atlanta/food-delivery/zaxbys-flat-shoals/4308YacfSwyWrevhYRa2jQ,college-park-georgia
https://www.ubereats.com/atlanta/food-delivery/malones-grill-%26-bar-east-point/qMypR3cbSv6nXyFcu7zddQ,college-park-georgia
https://www.ubereats.com/atlanta/food-delivery/smoothie-king-6175-old-national/B8lI_L6fTeCIHbKB0L87Dw,college-park-georgia
https://www.ubereats.com/atlanta/food-delivery/hibachi-stop/atrF6xE_RKyuvInd9Iiz9Q,college-park-georgia
https://www.ubereats.com/atlanta/food-delivery/arbys-8490-tara-blvd/WWJSEDrjRqWB7qrmm4e2CA,college-park-georgia
https://www.ubereats.com/atlanta/food-delivery/chick-fil-a-461-n-central-ave/Ae2sDf_JRXqZgC0298ytjw,college-park-georgia
https://www.ubereats.com/atlanta/food-delivery/just-loafn/ygvNPzl3RPq5d-pC2dBi3A,college-park-georgia
https://www.ubereats.com/atlanta/food-delivery/brusters-real-ice-cream-3695-cascade-rd/4UysqFY5QEC0qf1uJuBB-A,college-park-georgia
https://www.ubereats.com/atlanta/food-delivery/smoothie-king-3680-cascade-rd/RDU3WynLS6SslA0LeZeL2A,college-park-georgia
https://www.ubereats.com/atlanta/food-delivery/old-lady-gang-southern-cuisine/_lKXKgSRSaujyMJHsyBzYw,college-park-georgia
https://www.ubereats.com/atlanta/food-delivery/ninja-japan/JUSyqMqwQ8y_l3gPY3TqXQ,college-park-georgia
https://www.ubereats.com/atlanta/food-delivery/international-flavors-cousin/btwrgTJmSSWQpicZMUObPw,college-park-georgia
https://www.ubereats.com/atlanta/food-delivery/sandtown-pub/VwkPdIhDQnuf-lexLtKUHg,college-park-georgia
https://www.ubereats.com/atlanta/food-delivery/pit-boss-bbq/B3YBVGUXReWLyIfvo1tGJw,college-park-georgia
https://www.ubereats.com/atlanta/food-delivery/vn-pho/l6Xx88p-SFyxs32nFUFlPQ,college-park-georgia
https://www.ubereats.com/atlanta/food-delivery/something-too-drink/4eHfcgn7SiW0LU6H0EQkGw,college-park-georgia
https://www.ubereats.com/atlanta/food-delivery/atlantas-best-burgers-college-park/51BSCHMBSIKvGh_LFUB2GA,college-park-georgia
https://www.ubereats.com/atlanta/food-delivery/kfc-5245-old-national-hwy/aZht4TSWQmqSJsJ_JK83lw,college-park-georgia
https://www.ubereats.com/atlanta/food-delivery/tasteful-innovations/Z_QBIu1vRg2FX8wwDG5SKQ,college-park-georgia
https://www.ubereats.com/atlanta/food-delivery/silvers-delight-east-point/-tdekz6eSIOdg2lEpn6BdA,college-park-georgia
https://www.ubereats.com/atlanta/food-delivery/fresko-cafe-creek/ZEu_H209SnWPH4eXiiNUlw,college-park-georgia
https://www.ubereats.com/atlanta/food-delivery/rubellos-pizza-%26-bar/XFuS3w0oSY-e3OqZ19s6Ww,college-park-georgia
https://www.ubereats.com/atlanta/food-delivery/marias-eatery/cKD1Mi8cT0G4xEY_ihsK9g,college-park-georgia
https://www.ubereats.com/atlanta/food-delivery/ruby-tuesday-1230-virginia-avenue/p-dbIPNTT8-pkhK_qhF0sA,college-park-georgia
https://www.ubereats.com/atlanta/food-delivery/big-nicks-place/HZgS6PijTGGENIi0VZ2wdQ,college-park-georgia
https://www.ubereats.com/atlanta/food-delivery/little-villas-italian-kitchen/QW1Mhvg3SziWoxswLPgunA,college-park-georgia
https://www.ubereats.com/atlanta/food-delivery/subway-riverdale/sXLW_M8xTgWbIu8yGz7sWg,college-park-georgia
https://www.ubereats.com/atlanta/food-delivery/this-is-it!-bbq-%26-seafood-south-atlanta/j7o6EhZ3QLO-1DkcyZ8_Og,college-park-georgia
https://www.ubereats.com/atlanta/food-delivery/checkers-2191-campbellton-rd-sw/WEkaWLWqSa2kwDTIxPtZNQ,college-park-georgia
https://www.ubereats.com/atlanta/food-delivery/krispy-kreme-633-evans-street-sw/9GlNQF8bQIOk4w3z991EcA,college-park-georgia
https://www.ubereats.com/atlanta/food-delivery/grecian-gyro-forest-park/0T6T5V7VRgicj77ZsH7r0g,college-park-georgia
https://www.ubereats.com/atlanta/food-delivery/triton-yards/OhrK8iX0TDKMNot_TNfysw,college-park-georgia
https://www.ubereats.com/atlanta/food-delivery/krystal-5235-old-national-hwy/rKwP9kqPSYeyU94mGk9D6A,college-park-georgia
https://www.ubereats.com/atlanta/food-delivery/zaxbys-6801-studio-way-union-city/YVivhrtVQpm6uj3_J3zffg,college-park-georgia
https://www.ubereats.com/atlanta/food-delivery/panda-express-7105-highway-85/sqZce15yR1iUiZ1g86VVfA,college-park-georgia
https://www.ubereats.com/atlanta/food-delivery/fruity-ice-treats/8YQ7a3BGSZKgp38xhrXxGg,college-park-georgia
https://www.ubereats.com/atlanta/food-delivery/the-ice-cream-shop/9u6aM4gdSiGIbd9bzKz6CQ,college-park-georgia
https://www.ubereats.com/atlanta/food-delivery/spice-house-cascade/GCzohB1dQgG7WB6-26SqxQ,college-park-georgia
https://www.ubereats.com/atlanta/food-delivery/zesto-forest-park/_hbAI8R2Svainwd4sfjsMQ,college-park-georgia
https://www.ubereats.com/atlanta/food-delivery/house-of-ribs/qnX32E2TTcGyIrwOoJx18A,college-park-georgia
https://www.ubereats.com/atlanta/food-delivery/krispy-kreme-6689-highway-%2385/z8yYDqbvS8CFIvqN4B7JBQ,college-park-georgia
https://www.ubereats.com/atlanta/food-delivery/krispy-krunchy-chicken-2477-metropolitan-pkwy/Ie0czs0ITIS0NJVK8A79pA,college-park-georgia
https://www.ubereats.com/atlanta/food-delivery/subway-1217-metropolitan-pkwy-sw-ste-701/9-sh8FMASvyVcaYNm5Uqvw,college-park-georgia
https://www.ubereats.com/atlanta/food-delivery/krispy-krunchy-chicken-3515-cascade-rd/_BFD4iNQSNSOzsvJS62u5g,college-park-georgia
https://www.ubereats.com/atlanta/food-delivery/everything-irie-jamaican-restaurant/OVE8x-5ZQ-y3OywzFuF3PQ,college-park-georgia
https://www.ubereats.com/atlanta/food-delivery/kiku-japanese-steak-house/Dmel3pUfRi-l4e4rDvap0g,college-park-georgia
https://www.ubereats.com/atlanta/food-delivery/subway-5043-frontage-rd/1KaT5qmTQk2nu6kWkuXyhw,college-park-georgia
https://www.ubereats.com/atlanta/food-delivery/popeyes-3519-camp-creek-pkwy/v-8FXWmkQWaa_SLNOdG_5w,college-park-georgia
https://www.ubereats.com/atlanta/food-delivery/churchs-chicken-4498-jonesboro-rd/1ujMZFDFQ3O3OrYY8UpV2Q,college-park-georgia
https://www.ubereats.com/atlanta/food-delivery/mrs-everything-%26-wings/5THhCX94S96ofUl5MLRCgA,college-park-georgia
https://www.ubereats.com/atlanta/food-delivery/kelz-kitchen-south/CXnda0d9ShGoaDTzFktZ4Q,college-park-georgia
https://www.ubereats.com/atlanta/food-delivery/international-african-market/hzsdMLP2QpeUIj30wx4R9g,college-park-georgia
https://www.ubereats.com/atlanta/food-delivery/krystal-415-moreland-ave/LBXHC1I0RWmE25nVMK1p1w,college-park-georgia
https://www.ubereats.com/atlanta/food-delivery/oz-pizza-fairburn/UH2uLqQyQf6rFz_wsUwPgg,college-park-georgia
https://www.ubereats.com/atlanta/food-delivery/that-burger-spot!/_a-xzlejTFCtI-ryGhuHYg,college-park-georgia
https://www.ubereats.com/atlanta/food-delivery/golden-krust-fairburn/Ohm2dozdRvyPY-xZK0slEg,college-park-georgia
https://www.ubereats.com/atlanta/food-delivery/de-jardon-sweets-%26-eats/AUwwRUTbSF2EW5zxSIJ-NQ,college-park-georgia
https://www.ubereats.com/atlanta/food-delivery/xpress-bbq-of-the-south/DSUYsk9mSdaY8P3PbqP08Q,college-park-georgia
https://www.ubereats.com/atlanta/food-delivery/atl-wings-your-way-empire-blvd/ghKNcs1gSlCfuPHhM1u4aA,college-park-georgia
https://www.ubereats.com/atlanta/food-delivery/boston-fish-supreme-campbellton-rd/-qzNbVLST_-C6N6QGQX7Kw,college-park-georgia
https://www.ubereats.com/atlanta/food-delivery/sonnys-bbq-jonesboro/Ia8koA6yTm-PJWM45q79JQ,college-park-georgia
https://www.ubereats.com/atlanta/food-delivery/dominican-international-food/Is-lMcftT5-5fRDpz_D72Q,college-park-georgia
https://www.ubereats.com/atlanta/food-delivery/answer-the-bell-3/7f02FaqKQJag-vFyprx4Dg,college-park-georgia
https://www.ubereats.com/atlanta/food-delivery/union-city-fish-and-wings/CH9QnV7ST6CHVf7wlq9y5g,college-park-georgia
https://www.ubereats.com/atlanta/food-delivery/supreme-fish-delight-cascade/PMG4a8EwSvW0-x_feLQqPQ,college-park-georgia
https://www.ubereats.com/atlanta/food-delivery/wingtopia/RgAOoLxmQ32q2WJOoXdgKg,college-park-georgia
https://www.ubereats.com/atlanta/food-delivery/the-juicy-crabjonesboro-ga/ypz_WPrSR3itKXPm9Iskng,college-park-georgia
https://www.ubereats.com/atlanta/food-delivery/we-are-the-juice/ygCw5Sd4ROCvFQSQa_3mKw,college-park-georgia
https://www.ubereats.com/atlanta/food-delivery/jr-crickets-union-city/1hoX5kamT6WTcBKCfFRgCg,college-park-georgia
https://www.ubereats.com/atlanta/food-delivery/frenzys-kitchen/doq9n0CfTUiy_bKGzvMPrg,college-park-georgia
https://www.ubereats.com/atlanta/food-delivery/papa-johns-3645-marketplace-blvd-suite-%23150/iRLkDchbQxqfysj81QfPJQ,college-park-georgia
https://www.ubereats.com/atlanta/food-delivery/baked-wright-bakery-llc/5h76Fzg9TYO7C6xhBTk0OA,college-park-georgia
https://www.ubereats.com/atlanta/food-delivery/fresh-urbaneats/WbqxyUvESIGJmrjTmEBQ2A,college-park-georgia
https://www.ubereats.com/atlanta/food-delivery/doc-cheys-noodle-house-grant-park/ZSPK9qM-To2Gv2THqeIu5A,college-park-georgia
https://www.ubereats.com/atlanta/food-delivery/checkers-5391-riverdale-blvd/GjSqN8tiSD-VC3Y3z2xpsg,college-park-georgia
https://www.ubereats.com/atlanta/food-delivery/thai-heaven-hapeville/cNKnJGvSRdWMleuz_tyiHg,college-park-georgia
https://www.ubereats.com/atlanta/food-delivery/uncle-carls-kitchen-shrimp-%26-lemonade-truck/bcoGDiqyQ82gKmxWNJYmRQ,college-park-georgia
https://www.ubereats.com/atlanta/food-delivery/sammy-cheezecake/XDiqK37ASUSjTC0kILmacA,college-park-georgia
https://www.ubereats.com/atlanta/food-delivery/schlotzskys-deli/kmdqifAuQ-O5Aiw0x95Sww,college-park-georgia
https://www.ubereats.com/atlanta/food-delivery/american-deli-metropolitan/Of5CWYxwQBy51LjRcmyeiA,college-park-georgia
https://www.ubereats.com/atlanta/food-delivery/harolds-chicken-%26-ice-bar/zOusXaXRQqK7djthBZmuDA,college-park-georgia
https://www.ubereats.com/atlanta/food-delivery/endulge-cupcake-boutique/t9G8gdtPQKup3_SZzciQ8w,college-park-georgia
https://www.ubereats.com/atlanta/food-delivery/cooking-with-melodies/SOr7THZfT92Wl44ZSx0o7Q,college-park-georgia
https://www.ubereats.com/atlanta/food-delivery/seduction/TFZkSffUQiiB2MqCHs-80g,college-park-georgia
https://www.ubereats.com/atlanta/food-delivery/sos-deli/chanyTsLQBCyQQk9uOTzgA,college-park-georgia
https://www.ubereats.com/atlanta/food-delivery/goodazzfood-3361-dogwood-dr/Q1NYjBT2TOeMs_902RySrA,college-park-georgia
https://www.ubereats.com/atlanta/food-delivery/chez-queso/FpvHN378QNShPs8BHenY6A,college-park-georgia
https://www.ubereats.com/atlanta/food-delivery/checkers-211-cleveland-ave-sw/c5Kjxh5nRZWPYa65y7ld3A,college-park-georgia
https://www.ubereats.com/atlanta/food-delivery/one-time-bar-b-que/lncNesJmS0mfzGamUkTAbQ,college-park-georgia
https://www.ubereats.com/atlanta/food-delivery/chicago-style-sandwiches-%26-more/4Gcd2nmCSBeLqd3tV-A6lw,college-park-georgia
https://www.ubereats.com/atlanta/food-delivery/captain-ds-2845-greenbriar-parkway-sw/TMOeCOj_RBqBmdHY2UGFXQ,college-park-georgia
https://www.ubereats.com/atlanta/food-delivery/cajun-bones/-pizuACGRnySPSvytUQpJA,college-park-georgia
https://www.ubereats.com/atlanta/food-delivery/supreme-fish-delight-marketplace-blvd/AVdbWdxFSp2aKcLt1DpX_w,college-park-georgia
https://www.ubereats.com/atlanta/food-delivery/wendys-5255-old-national-hwy/uXBLo799RIW0aVkog1bNEw,college-park-georgia
https://www.ubereats.com/atlanta/food-delivery/piccadilly-cafeteria-greenbriar-shopping-center/jzL-qy3TQe-SKyD5Jnw-YA,college-park-georgia
https://www.ubereats.com/atlanta/food-delivery/flavors-of-thai-presents-black-soup-%26-thai/-pmOwerBSUqjAkV-yxZxNw,college-park-georgia
https://www.ubereats.com/atlanta/food-delivery/daone-seafood/3wWKJv_ZTfKUeQgdZc8pEw,college-park-georgia
https://www.ubereats.com/atlanta/food-delivery/pizza-wali/an8aKhT2RbKwXRrZ05ln_w,college-park-georgia
https://www.ubereats.com/atlanta/food-delivery/calis-kitchen/HcU48A0CTaWIe3xayJ_iBg,college-park-georgia
https://www.ubereats.com/atlanta/food-delivery/mrs-winners-chicken-and-biscuits/mNPd9l8OQoCsTzSIUAeUMw,college-park-georgia
https://www.ubereats.com/atlanta/food-delivery/a-taste-of-elegance-home-cooking/SBrppniRQyiwaI3I6yMaQg,college-park-georgia
https://www.ubereats.com/atlanta/food-delivery/captain-ds-3447-main-street/4Vep7jaXQOmrvB5RjKPwtQ,college-park-georgia
https://www.ubereats.com/atlanta/food-delivery/oz-pizza-east-point/ZtXER_xDRhqpmYhHroqmQg,college-park-georgia
https://www.ubereats.com/atlanta/food-delivery/fish-bowl-poke-hapeville/Jhd8PQETTWayi2oSyjAsSQ,college-park-georgia
https://www.ubereats.com/atlanta/food-delivery/east-point-snack-shack/8DLcdzYZRqKVfWwmkJb14g,college-park-georgia
https://www.ubereats.com/atlanta/food-delivery/glory-dogs/5Jt-A9KHT66XoZygXYXPtw,college-park-georgia
https://www.ubereats.com/atlanta/food-delivery/panda-express-2008-mt-zion-road/nPzkGxY5QuO7M5VeNEbZrQ,college-park-georgia
https://www.ubereats.com/atlanta/food-delivery/opals-kitchen/dLZ05SseTjyrLTzQKwvOfA,college-park-georgia
https://www.ubereats.com/atlanta/food-delivery/krispy-krunchy-chicken-fairburn-1/ZKO3_yn_SoOYofBMdt_FlA,college-park-georgia
https://www.ubereats.com/atlanta/food-delivery/zaxbys-camp-fulton-pkwy/26U8eWaQSuajaozkjXUd1w,college-park-georgia
https://www.ubereats.com/atlanta/food-delivery/applebees-792-glynn-st/F5XqtDNvQt-6NAGbiOdtXA,college-park-georgia
https://www.ubereats.com/atlanta/food-delivery/j-%26-j-bbq-grill/pEf5BnpvQL-LTsaSTjzsuQ,college-park-georgia
https://www.ubereats.com/atlanta/food-delivery/a-taste-of-elegance-home-cooking/S4zZY5kNT3G6Lc9JlqADjw,college-park-georgia
https://www.ubereats.com/atlanta/food-delivery/rahims-seafood/iqUEDHhzR0y4SWbOvR4Tig,college-park-georgia
https://www.ubereats.com/atlanta/food-delivery/churchs-chicken-5148-old-nat/p8_kCH1KR4ifuA2MEaJj8A,college-park-georgia
https://www.ubereats.com/atlanta/food-delivery/dollar-cafe/Xxs7ZGMDSNe-MgfCvsJZjQ,college-park-georgia
https://www.ubereats.com/atlanta/food-delivery/wings-spot-pizza-wali/BQMe9dflRQeK7ToTe2hBwQ,college-park-georgia
https://www.ubereats.com/atlanta/food-delivery/daddys-girl-bbq/aR-TvyAATJiZDet2Gpq0NA,college-park-georgia
https://www.ubereats.com/atlanta/food-delivery/corner-tavern-hapeville/OGQk2UlbTYGXTgMBSjALYQ,college-park-georgia
https://www.ubereats.com/atlanta/food-delivery/snappers-fish-and-chicken/otkryNT3SJSNlkWInOWKzA,college-park-georgia
https://www.ubereats.com/atlanta/food-delivery/hotlanta-wings/mIv5n2MvRYqxP89ajjRIuw,college-park-georgia
https://www.ubereats.com/atlanta/food-delivery/640-west-community-cafe/ETn_R7OTQRy1W1hqa1OytQ,college-park-georgia
https://www.ubereats.com/atlanta/food-delivery/wings-and-seafood/p0AZvEWfQUKO8i8PQQJbYQ,college-park-georgia
https://www.ubereats.com/atlanta/food-delivery/taco-bell-7910-senoia-road/SAcREBG-QruUGQKqtKQ1_w,college-park-georgia
https://www.ubereats.com/atlanta/food-delivery/gong-cha-morrow/fcqJSUC0Rei_hXYnbXfiUw,college-park-georgia
https://www.ubereats.com/atlanta/food-delivery/the-sleepy-potato-cleveland-ave/ccC6jFI2S12cdWgSTePQqg,college-park-georgia
https://www.ubereats.com/atlanta/food-delivery/dairy-queen-treat-256-n-main-st/8hQjpbEbTziKFet1aHHezA,college-park-georgia
https://www.ubereats.com/atlanta/food-delivery/popeyes-6125-old-national-hwy/H43PT_X-QlSNBuSXboxqig,college-park-georgia
https://www.ubereats.com/atlanta/food-delivery/taco-bell-5119-old-national-highway/ozfjlhRJRvihmk2pQhAJDg,college-park-georgia
https://www.ubereats.com/atlanta/food-delivery/burger-king-6910-highway-85/KmQUUMK9QIqMQF5f5m4vog,college-park-georgia
https://www.ubereats.com/atlanta/food-delivery/ardens-garden-sylvan-rd/2f5nbpWeTvG77Gl8iv5nyg,college-park-georgia
https://www.ubereats.com/atlanta/food-delivery/caribbean-delight/FupS2Y6YQJe8AZz6XJ0GAA,college-park-georgia
https://www.ubereats.com/atlanta/food-delivery/mcdonalds-east-pt-camp-crk/cAfXKoDZRe65IItZsis5KQ,college-park-georgia
https://www.ubereats.com/atlanta/food-delivery/kfc-6892-highway-85/WHLzKKzdTHWm7MWkTCpS4g,college-park-georgia
https://www.ubereats.com/atlanta/food-delivery/kupit-atlanta/eMluA6DdRx6ZUkkgCz6djw,college-park-georgia
https://www.ubereats.com/atlanta/food-delivery/checkers-2841-greenbriar-parkway/VQAnlXrbQaS4jx68Qrq_KQ,college-park-georgia
https://www.ubereats.com/atlanta/food-delivery/4th-%26-1-sports-bar-grille-%26-lounge/9qQ9u_TyQfGx-sR7MKwqRw,college-park-georgia
https://www.ubereats.com/atlanta/food-delivery/moes-8030-senoia/1tgluXQjTcOANbiswHdfmQ,college-park-georgia
https://www.ubereats.com/atlanta/food-delivery/cracker-barrel-old-country-store-7995-senoia-road/b4eJl_w7Rr2g5L0CPEIAxg,college-park-georgia
https://www.ubereats.com/atlanta/food-delivery/jg-chicken-and-seafood-union-city/Fdd7DVKtRMGaxDWqUmOJvg,college-park-georgia
https://www.ubereats.com/atlanta/food-delivery/come-n-get-it/hhmOm8a7REqzWNluHGR4qA,college-park-georgia
https://www.ubereats.com/atlanta/food-delivery/africa-restaurant-and-lounge/xDQRgmZeQpqI80j4h4wosw,college-park-georgia
https://www.ubereats.com/atlanta/food-delivery/romeos-pizza-and-bistro/RrJVl4E9R0y_nJbdfkgUsQ,college-park-georgia
https://www.ubereats.com/atlanta/food-delivery/mr-krabs-hut/fSOWjSJOQEy2ZQqZBo4Cww,college-park-georgia
https://www.ubereats.com/atlanta/food-delivery/goodazzfood-587-north-central-ave/wXSLKKeMRU-2vUFypqthbA,college-park-georgia
https://www.ubereats.com/atlanta/food-delivery/atlanta-fish-house-and-grill/01NI0iiOSzKqfZDB8lj44A,college-park-georgia
https://www.ubereats.com/atlanta/food-delivery/taco-bell-6865-hwy-85/DIt-d9rMQYK0w4EZ52kb4A,college-park-georgia
https://www.ubereats.com/atlanta/food-delivery/c%26c-hotwings/3UslqNhrRfOHuPVuhByJwQ,college-park-georgia
https://www.ubereats.com/atlanta/food-delivery/mr-everything-greenbriar/hTaNa7FVQX-heNY43Hg08g,college-park-georgia
https://www.ubereats.com/atlanta/food-delivery/eatalianos-pizza-%26-pasta/QoA2aGeiRjyizPFu6eVOEA,college-park-georgia
https://www.ubereats.com/atlanta/food-delivery/running-latte/mPrdtHFISkK189wFj4YXpw,college-park-georgia
https://www.ubereats.com/atlanta/food-delivery/papa-johns-3425-cascade-road-sw/GxbVYZ9yRg20mLTiIFQHcA,college-park-georgia
https://www.ubereats.com/atlanta/food-delivery/krystal-349-cleveland-ave/-emZ1RiCQI6JDTDkX2-ZTw,college-park-georgia
https://www.ubereats.com/atlanta/food-delivery/subway-3730-carmia-dr/zpLNEewSQtG54jqmvG05qA,college-park-georgia
https://www.ubereats.com/atlanta/food-delivery/the-sleepy-potato/dqYWuSaVQYeoqHS153Uy3Q,college-park-georgia
https://www.ubereats.com/atlanta/food-delivery/camicakes/JfrQyLdzTmujHwt7GPHnVA,college-park-georgia
https://www.ubereats.com/atlanta/food-delivery/kingdom-seafood/MZjKY4VzSKKdhFIZLKqFfg,college-park-georgia
https://www.ubereats.com/atlanta/food-delivery/656-sports-bar-%26-grille-grant-park/lFnHW9l5QvKC1194QX8Efg,college-park-georgia
https://www.ubereats.com/atlanta/food-delivery/delightful-sensations/aWxVkRGeQt-7FnpDa0FxkQ,college-park-georgia
https://www.ubereats.com/atlanta/food-delivery/guanajuato-mexican-grill/sBWt6Ed4RLu0qSWWhaU8Cw,college-park-georgia
https://www.ubereats.com/atlanta/food-delivery/firehouse-subs-46-hudson-plaza-suite-39a/T-cgsu_0Rnmg4LsMwGQwzw,college-park-georgia
https://www.ubereats.com/atlanta/food-delivery/the-ice-cream-shop/dQfO8BOUQDqvn_1MXMY12g,college-park-georgia
https://www.ubereats.com/atlanta/food-delivery/daylight-donuts-cleveland-ave/TcYKwKvxQZuejnyRyq4USA,college-park-georgia
https://www.ubereats.com/atlanta/food-delivery/this-is-it!-bbq-%26-seafood-old-national/UwmToXXoT_O1QzZZui_gyw,college-park-georgia
https://www.ubereats.com/atlanta/food-delivery/sunny-garden/V0DU8dJ7RImHnHM6f-fcbQ,college-park-georgia
https://www.ubereats.com/atlanta/food-delivery/pretty-meals-on-wheels/2AsNF7lBRCCSxDZ9ejmA3g,college-park-georgia
https://www.ubereats.com/atlanta/food-delivery/best-pizza-%26-wings/Osxa7B3BSI-2AquUvIQt4A,college-park-georgia
https://www.ubereats.com/atlanta/food-delivery/florida-finger-lickin-seafood/uX2xE80jTvSJBeJJj0h28w,college-park-georgia
https://www.ubereats.com/atlanta/food-delivery/the-spice-house/kXp3U7yWTZ22nwUw4OneLA,college-park-georgia
https://www.ubereats.com/atlanta/food-delivery/zaxbys-hwy-92/B3VJMkPwScG4aJHVUf0MNw,college-park-georgia
https://www.ubereats.com/atlanta/food-delivery/chuck-e-cheese-335-upper-riverdale-rd/h1JKNXKVSBeknid2NioyRw,college-park-georgia
https://www.ubereats.com/atlanta/food-delivery/mcdonalds-hapeville-n-central/ZcM0-Ym1Th-_L1fd4Xxc_g,college-park-georgia
https://www.ubereats.com/atlanta/food-delivery/bella-a-baltimore-crab-%26-seafood-co/XmxM6ViSTcGLAu2TP7QpvA,college-park-georgia
https://www.ubereats.com/atlanta/food-delivery/anthonys-pizza-%26-pasta-riverdale/DzGRZG1ZQciZJQFuQTcRmQ,college-park-georgia
https://www.ubereats.com/atlanta/food-delivery/taco-bell-2951-legion-way/t8tWz78-SQqpN6ydBbOe3A,college-park-georgia
https://www.ubereats.com/atlanta/food-delivery/china-express/Ffmg3s0MREazEEqD5dSF1w,college-park-georgia
https://www.ubereats.com/atlanta/food-delivery/i-love-wings-atlanta/IaxihLeZQbem3x3jbPqQag,college-park-georgia
https://www.ubereats.com/atlanta/food-delivery/captain-ds-4478-jonesboro-road/zOcs_p-RQcS60GF-Clko2Q,college-park-georgia
https://www.ubereats.com/atlanta/food-delivery/mokipops-main/BwnTwnxiT9K1W4ce4wPMhA,college-park-georgia
https://www.ubereats.com/atlanta/food-delivery/no-mas!-cantina/b5sEkI1vRuS2SISu1sW-BQ,college-park-georgia
https://www.ubereats.com/atlanta/food-delivery/oooweee-just-taste-it/0CAdZgNVT5-v6E7sR8OP7Q,college-park-georgia
https://www.ubereats.com/atlanta/food-delivery/ihop-1474-southlake-plaza-drive/5kx0cZyxTxKuAR4EKHIMOg,college-park-georgia
https://www.ubereats.com/atlanta/food-delivery/stem-%26-flats-creole-wingery/WWeHXOf7QXuBjYfZN8ezfQ,college-park-georgia
https://www.ubereats.com/atlanta/food-delivery/ajs-waterfront-cafe/MW_gz65JRuSvexfLr0sjUw,college-park-georgia
https://www.ubereats.com/atlanta/food-delivery/this-is-it!-bbq-%26-seafood-camp-creek/cHenzrIWTQePSuQVkYBGTw,college-park-georgia
https://www.ubereats.com/atlanta/food-delivery/judys-restaurant/GMFtAUvBQzqW1f8nDjlb5w,college-park-georgia
https://www.ubereats.com/atlanta/food-delivery/firehouse-subs-fairburn/TkA0g7u2QqSgI9ZuOPxZxQ,college-park-georgia
https://www.ubereats.com/atlanta/food-delivery/walts-kitchen/RS5SLI0YT3e7d8MY-OrNgg,college-park-georgia
https://www.ubereats.com/atlanta/food-delivery/the-golden-bite-llc/qGCeWHk9QWaQzdBRgzSPaA,college-park-georgia
https://www.ubereats.com/atlanta/food-delivery/castaway-bar-%26-grill/Rf8-FWXoQUyK2Gd7qc6PkA,college-park-georgia
https://www.ubereats.com/atlanta/food-delivery/ikhlas-superb-seafood/Am7r3owHQc2jAkNR2ZGDmA,college-park-georgia
https://www.ubereats.com/atlanta/food-delivery/bamba-cuisine/qVkqiLaFQiK_Y5Uz1wUwQQ,college-park-georgia
https://www.ubereats.com/atlanta/food-delivery/grips-good-eats-and-sweets/hMFrNgC2SOuxyUqklcc81A,college-park-georgia
https://www.ubereats.com/atlanta/food-delivery/jg-chicken-%26-seafood-camp-creek/fjAsbR_ySYi8QWby5_0IxA,college-park-georgia
https://www.ubereats.com/atlanta/food-delivery/american-deli-162-banks-xing/AhHZcW1KR52QlOzylT8jsg,college-park-georgia
https://www.ubereats.com/atlanta/food-delivery/my-southside-deli/8nug3RAkRc6iVlCUNcfLzA,college-park-georgia
https://www.ubereats.com/atlanta/food-delivery/harolds-chicken-shack/NR60d4b5R22l7ZTQvNNGMg,college-park-georgia
https://www.ubereats.com/atlanta/food-delivery/smoothie-king-virginia-ave/s5NIp5LhQqey-bk8GBWa2g,college-park-georgia
https://www.ubereats.com/atlanta/food-delivery/taste-buds33/LAsWfIvgSHOASny8nY_DCg,college-park-georgia
https://www.ubereats.com/atlanta/food-delivery/subway-519-central-ave/V8cBhi7wSnCcVsD9hidNPQ,college-park-georgia
https://www.ubereats.com/atlanta/food-delivery/moes-southwest-grill-3440-camp-creek-pkwy-suite-1110/xF5A-biRTUyXe5zHyq1tIg,college-park-georgia
https://www.ubereats.com/atlanta/food-delivery/black-gurl-brunch-club/6gSKql14TfyvQ18NunrgGw,college-park-georgia
https://www.ubereats.com/atlanta/food-delivery/chipotle-mexican-grill-3330-camp-creek-pkwy/KS_gNvFMRRaTSWc3RlfXtw,college-park-georgia
https://www.ubereats.com/atlanta/food-delivery/good-eats/9OqnN5DDRCqmyxLLBEqplA,college-park-georgia
https://www.ubereats.com/atlanta/food-delivery/sushi-china-cafe/AaoDWePrSA-3V5eKFnIXcw,college-park-georgia
https://www.ubereats.com/atlanta/food-delivery/chairs/G70qYMGjTxerOW4PUx0iAg,college-park-georgia
https://www.ubereats.com/atlanta/food-delivery/romeos-veggie-%26-vegan-bistro/SE1n9qu8Qp2IMZj2BReJjw,college-park-georgia
https://www.ubereats.com/atlanta/food-delivery/crowns-best-burger-virtual-restaurant/84JgLRGbSACwh4MqjCyX5Q,college-park-georgia
https://www.ubereats.com/atlanta/food-delivery/saint-louis-cuisine/LuWzwaZZRVWGu0GufzU9-g,college-park-georgia
https://www.ubereats.com/atlanta/food-delivery/wendys-3041-headland-drive/mjg3rQBnTeGEFzy50ZnkEg,college-park-georgia
https://www.ubereats.com/atlanta/food-delivery/subway-5209-w-fayetteville-rd-ste-1/Atr83DZJTgKQTR8gKWJybw,college-park-georgia
https://www.ubereats.com/atlanta/food-delivery/jersey-mikes-subs-6035-bakers-ferry-rd/na-VHeo9RoCOiVVqhRzoZQ,college-park-georgia
https://www.ubereats.com/atlanta/food-delivery/subway-844-cleveland-ave/gwXhpjlxQ1OPjBucUJcTTw,college-park-georgia
https://www.ubereats.com/atlanta/food-delivery/plated-lounge/2fM0BipzRPGRQDjBRkfRDw,college-park-georgia
https://www.ubereats.com/atlanta/food-delivery/dairy-queen-grill-%26-chill-8045-senoia-rd/dmapq8CgRiiQPeYHSn65jw,college-park-georgia
https://www.ubereats.com/atlanta/food-delivery/j-ps-grill-cheese/cSe9FoSXQeyQYsXIx1KcMg,college-park-georgia
https://www.ubereats.com/atlanta/food-delivery/wing-station-%232/0tk0brFGQnmqkPoqWUh9fQ,college-park-georgia
https://www.ubereats.com/atlanta/food-delivery/jr-crickets-college-park/vjwkG8hCSN6GbwyPNykaJQ,college-park-georgia
https://www.ubereats.com/atlanta/food-delivery/whiskey-peach-pizza-bar/WrdL8NFuRzi-tZbTPloz7A,college-park-georgia
https://www.ubereats.com/atlanta/food-delivery/moes-southwest-grill-85-5th-st-nw/iYCnIbuaRFy4SvnMB4VvMQ,college-park-georgia
https://www.ubereats.com/atlanta/food-delivery/crown-pizza/npts3XTXRfOIZ0CkV4LkuA,college-park-georgia
https://www.ubereats.com/atlanta/food-delivery/dunkin-7087-highway-85/ePw7IgjYS8SL_X0d0qo9iA,college-park-georgia
https://www.ubereats.com/atlanta/food-delivery/subway-roosevelt/r2qwgCBNSJybte4RCcbIyg,college-park-georgia
https://www.ubereats.com/atlanta/food-delivery/desi-date-nights/Nz1hK6aMTwuH7BCmmrIJtQ,college-park-georgia
https://www.ubereats.com/atlanta/food-delivery/wendys-860-virginia-ave/4sFvNxKjRiGtLGcbwZEURQ,college-park-georgia
https://www.ubereats.com/atlanta/food-delivery/tom-dick-and-hank/n4e5zmuBRKCVHluoMZZ9ZA,college-park-georgia
https://www.ubereats.com/atlanta/food-delivery/wendys-4630-jonesboro-rd/qjX6kJK-QBaXCdzfJs6mGQ,college-park-georgia
https://www.ubereats.com/atlanta/food-delivery/casey-delight/EeGmduEhTAawLGJSVjTfrw,college-park-georgia
https://www.ubereats.com/atlanta/food-delivery/olde-savannah-seafood-co/lbVO61d3SFa3TTVlTYchtw,college-park-georgia
https://www.ubereats.com/atlanta/food-delivery/rumors-lounge/fzPcnXimSfausmyjF6zzkQ,college-park-georgia
https://www.ubereats.com/atlanta/food-delivery/dairy-queen-grill-%26-chill-1519-norman-berry-rd/aQEdT0fdTlSEm3n4X4LWDQ,college-park-georgia
https://www.ubereats.com/atlanta/food-delivery/krystal-6405-jonesboro-rd/Jnv5MsPsS9S_HrAJOoMr7g,college-park-georgia
https://www.ubereats.com/atlanta/food-delivery/your-pie-hapeville/4ExWecajRb266gCMQDoUlA,college-park-georgia
https://www.ubereats.com/atlanta/food-delivery/kats-crab-shack/Aqp16GRCRXKgUARN5xV56A,college-park-georgia
https://www.ubereats.com/atlanta/food-delivery/chick-fil-a-1065-cleveland-ave/-CXqzIBcRHiwjd5gZxu2Kg,college-park-georgia
https://www.ubereats.com/atlanta/food-delivery/zaxbys-6671-tara-blvd/_DLfCsaeROaRUzonw7OIZg,college-park-georgia
https://www.ubereats.com/atlanta/food-delivery/wendys-325-n-central-ave/T5HnRNcZR5yzC0jhKmogqA,college-park-georgia
https://www.ubereats.com/atlanta/food-delivery/atlanta-bread-company-morrow/7Octqp8wQJSZic3aSaGoYQ,college-park-georgia
https://www.ubereats.com/atlanta/food-delivery/burger-bar-6785-tara-boulevard/stqX41qKTFKYhmNVHCNrNw,college-park-georgia
https://www.ubereats.com/atlanta/food-delivery/checkers-6660-highway-85/pUi6KVCRQJmVtYBQG9J8JQ,college-park-georgia
https://www.ubereats.com/atlanta/food-delivery/cutting-edge-pizza-and-wings/bQgOK6fkQT2j2VnJ4ShGkQ,college-park-georgia
https://www.ubereats.com/atlanta/food-delivery/boston-fish-supreme-fulton-industrial/cjsrYsyRRiWPsV04zsLDyQ,college-park-georgia
https://www.ubereats.com/atlanta/food-delivery/best-pizza/Szau7KKgRN-nseqkeHGFmA,college-park-georgia
https://www.ubereats.com/atlanta/food-delivery/zaxbys-7804-senoia-rd-fairburn/OhExKvN2TNaGfMJD7WiFVA,college-park-georgia
https://www.ubereats.com/atlanta/food-delivery/subway-3379-n-main-st/jBRcbtfcRvWAHZdkk6Z_ZQ,college-park-georgia
https://www.ubereats.com/atlanta/food-delivery/captain-ds-2065-metropolitan-parkway/Qnf2HEtYRk-epeOwYQY-kw,college-park-georgia
https://www.ubereats.com/atlanta/food-delivery/uptown-comedy-%26-lounge/ZZzYHEFTTJuvZxvqFL2MPg,college-park-georgia
https://www.ubereats.com/atlanta/food-delivery/grecian-gyro-hapeville/HvkRrPsFTV-VNZV0fxJR9A,college-park-georgia
https://www.ubereats.com/atlanta/food-delivery/shanes-rib-shack-6000-south-terminal-pkwy/Yl6lmxuMSKGsEphkT6xMRA,college-park-georgia
https://www.ubereats.com/atlanta/food-delivery/green-soma-vegan-cafe/FCa_noKDRVm4WpLWRgMRgw,college-park-georgia
https://www.ubereats.com/atlanta/food-delivery/touray-kunda-cafe/pNjAU8nTSDSnpUXebAgfAg,college-park-georgia
https://www.ubereats.com/atlanta/food-delivery/hooked/YXr-IzakSxGQZFrMitxSYg,college-park-georgia
https://www.ubereats.com/atlanta/food-delivery/dunkin-4760-jonesboro-rd/C8cNWzAQRASiGu7bCZwAig,college-park-georgia
https://www.ubereats.com/atlanta/food-delivery/ihop-722-highway-138-sw/yO21yBHtRG2hvBDniSFN1A,college-park-georgia
https://www.ubereats.com/atlanta/food-delivery/hong-kong-city/ZhzEF4QXRmSzwBevZ2Ea2A,college-park-georgia
https://www.ubereats.com/atlanta/food-delivery/wings-hut/1EbrCCWgSeGs4_WkE1JlpA,college-park-georgia
https://www.ubereats.com/atlanta/food-delivery/healthy-burger-express/i4CNVbWMQVujP2V01n_GvA,college-park-georgia
https://www.ubereats.com/atlanta/food-delivery/wnb-factory-wings-%26-burger-college-park/LlqlvcOEQiqFnyqi3McAIg,college-park-georgia
https://www.ubereats.com/atlanta/food-delivery/on-the-go-eatz/ZqBLt1GcR8uGhEF_iNUMMw,college-park-georgia
https://www.ubereats.com/atlanta/food-delivery/jess-good-ole-food/V9vZJwLpQhaYFJDvstkApQ,college-park-georgia
https://www.ubereats.com/atlanta/food-delivery/zenas-bbq-%26-seafood/kyLPPLxcQdybXsLO33tDuw,college-park-georgia
https://www.ubereats.com/atlanta/food-delivery/baba-jaan-pizza/IsRHCKajR-yVZx2nVwftbg,college-park-georgia
https://www.ubereats.com/atlanta/food-delivery/central-station-sports-restaurant/2fZObUFGT0WD_HvlK6xePQ,college-park-georgia
https://www.ubereats.com/atlanta/food-delivery/atlanta-barbeque-company/2CjrKPxTRHixWWpXwdgjbA,college-park-georgia
https://www.ubereats.com/atlanta/food-delivery/catalina-restaurant/SwzsS5-XRReRrAt_wXZR4A,college-park-georgia
https://www.ubereats.com/atlanta/food-delivery/ihop-2510-flat-shoals-rd/B7HRqpJdTTy8AWsz9uLBrA,college-park-georgia
https://www.ubereats.com/atlanta/food-delivery/supreme-wings/RI6Fkn6qQH-gzJLCE9wGaw,college-park-georgia
https://www.ubereats.com/atlanta/food-delivery/greek-cafe-college-park/ulv-n92mTnyhTEi14DQAjg,college-park-georgia
https://www.ubereats.com/atlanta/food-delivery/burger-king-5068-old-national-highway/p3n1xpD9QsOvkDCW3OkwnQ,college-park-georgia
https://www.ubereats.com/atlanta/food-delivery/tasties-american-bbq/9h0llaYZT2utALjTTVRPaA,college-park-georgia
https://www.ubereats.com/atlanta/food-delivery/murphys-catering/6qrho4pZTbylhD70mvyZBg,college-park-georgia
https://www.ubereats.com/atlanta/food-delivery/omni-100%25-wings-north-central-ave/WOV3oXpRSJurxKeQCTFVag,college-park-georgia
https://www.ubereats.com/atlanta/food-delivery/burn-lounge/Z12TCfA_Sdma5rmiflGLiA,college-park-georgia
https://www.ubereats.com/atlanta/food-delivery/zaxbys-hwy-85/b4LGc8YSTKCysDw0dYQHmg,college-park-georgia
https://www.ubereats.com/atlanta/food-delivery/dunkin-6060-old-national-hwy/zYFrInEBTIqynff11Yqf3g,college-park-georgia
https://www.ubereats.com/atlanta/food-delivery/red-lobster-3360-camp-creek-parkway/VqOODv1UTO2gJNfCOENhmA,college-park-georgia
https://www.ubereats.com/atlanta/food-delivery/sweet-stack-creamery/mGwkJtcsTAagCNX8AbpWbw,college-park-georgia
https://www.ubereats.com/atlanta/food-delivery/da-fresh-katch-seafood/l5V6IVB0Rlyn00WTy59LJA,college-park-georgia
https://www.ubereats.com/atlanta/food-delivery/la-shish-kabab/97tKN-cCRNO5ED_ZxiGmog,college-park-georgia
https://www.ubereats.com/atlanta/food-delivery/ihop-301-n-central-ave/Ez-SHKX9QhCV0Z42soTQsA,college-park-georgia
https://www.ubereats.com/atlanta/food-delivery/sliders-burger-joint/pXVyp-7jSzGfwFK76NZ6Kw,college-park-georgia
https://www.ubereats.com/atlanta/food-delivery/answer-the-bell/lHjyt1jfQdStvzPyLPn9pA,college-park-georgia
https://www.ubereats.com/atlanta/food-delivery/hao-chinese-cuisine/LshgXQkqSCaXbTwKQFSPPw,college-park-georgia
https://www.ubereats.com/atlanta/food-delivery/red-snapper%3A-fish-%26-chicken/4Jisev-uQz-TeAAB0kiYKg,college-park-georgia
https://www.ubereats.com/atlanta/food-delivery/the-juicee-details/Yy-I5BhpRjKTZBwtWZpfFA,college-park-georgia
https://www.ubereats.com/atlanta/food-delivery/yasins-homestyle-seafood/u4_M5-31SBG20UNmUkcN6g,college-park-georgia
https://www.ubereats.com/atlanta/food-delivery/wnb-factory-wings-%26-burger-atlanta-cascade/S3RtQdB9TA-qvKRaRvkjfQ,college-park-georgia
https://www.ubereats.com/atlanta/food-delivery/don-burrito-grill/Ec4RCUx5SNSr9X-xvycp2g,college-park-georgia
https://www.ubereats.com/atlanta/food-delivery/joy-lake-foodmart/5K-TuO6SQs2lA5_KsFYO9w,college-park-georgia
https://www.ubereats.com/atlanta/food-delivery/the-chat-%26-chew/W5WrIWjBRxm7iMAVfEw1jQ,college-park-georgia
https://www.ubereats.com/atlanta/food-delivery/royal-smoke-bbq/0FzF_fDeRuyosOQhFsyO5Q,college-park-georgia
https://www.ubereats.com/atlanta/food-delivery/el-gran-rico-pollaso/JVYJviFQRq6OHLuQp04sUQ,college-park-georgia
https://www.ubereats.com/atlanta/food-delivery/terris-cafe/Tjha5SayR36uZqq-qgjx9g,college-park-georgia
https://www.ubereats.com/atlanta/food-delivery/healthful-essence/aMeAyUhKT8CIFigk8LXD-w,college-park-georgia
https://www.ubereats.com/atlanta/food-delivery/pops-soul-food-kitchen/UisYExrbTv-V6ST4ycPV0Q,college-park-georgia
https://www.ubereats.com/atlanta/food-delivery/k-wings-cafe-college-park/TnR9DgygQ2yuWBPn1mVp8A,college-park-georgia
https://www.ubereats.com/atlanta/food-delivery/arize-breakfast-cafe/kjtzfKozRtCXSPW2MT6YXw,college-park-georgia
https://www.ubereats.com/atlanta/food-delivery/get-fruity-cafe-college-park/MLrGbUK_RO2wLlpXrZGFMw,college-park-georgia
https://www.ubereats.com/atlanta/food-delivery/hunts-bros-pizza/pwyxtGtgRWW2m2A1Aq3Yxg,college-park-georgia
https://www.ubereats.com/atlanta/food-delivery/del-taco-6791-highway-85/WYbaRpn4TxeyiHfX7G8rNA,college-park-georgia
https://www.ubereats.com/atlanta/food-delivery/bole-ethiopian-restaurant/sVpbVMZgTr-CrzFpG_HGew,college-park-georgia
https://www.ubereats.com/atlanta/food-delivery/buka-2-restaurant/cl6VrRfuQAec2glZnvLZOw,college-park-georgia
https://www.ubereats.com/atlanta/food-delivery/hooters-tara-blvd/R9mYm_HtR6ypAX4Kj1nvaw,college-park-georgia
https://www.ubereats.com/atlanta/food-delivery/honey-baked-ham-old-national-hwy/dnIOr8MSR_a-OZQ3ihocZA,college-park-georgia
https://www.ubereats.com/atlanta/food-delivery/the-fill-up-station/cJmydz58R4SM6BGU6DjSkw,college-park-georgia
https://www.ubereats.com/atlanta/food-delivery/big-nicks-place-east-point/40CBtpSySgOxh-vOG2jXww,college-park-georgia
https://www.ubereats.com/atlanta/food-delivery/escobar-restaurant-and-tapas/FauFdgquQLiBh-6vSt0fKQ,college-park-georgia
https://www.ubereats.com/atlanta/food-delivery/burger-king-2701-stewart-avenue-s-w/ElXNqmd0Q3e8fhz70_f5rg,college-park-georgia
https://www.ubereats.com/atlanta/food-delivery/chicken-n-go/d0EB37OGQFiH_Bj_Jft_uQ,college-park-georgia
https://www.ubereats.com/atlanta/food-delivery/kfc-2840-greenbriar-pkwy-sw/5hnEexXRRVCnRaZSO7J4OA,college-park-georgia
https://www.ubereats.com/atlanta/food-delivery/southside-wings/Pd-Wk4_xRvma--BwZl8sdA,college-park-georgia
https://www.ubereats.com/atlanta/food-delivery/napoli-romeos-pizza/0ft1jt-TRF2qMLd2-CczcQ,college-park-georgia
https://www.ubereats.com/atlanta/food-delivery/gizmos-restaurant-and-bar/Z-VGR9H-RtmNEqVQ2gH9wg,college-park-georgia
https://www.ubereats.com/atlanta/food-delivery/club-south-beach/QqSrIvODRxyHYSn5rxCgig,college-park-georgia
https://www.ubereats.com/atlanta/food-delivery/sublime-doughnuts-10th-st/G_85zkqPT6ODGEg8jqAVRA,college-park-georgia
https://www.ubereats.com/atlanta/food-delivery/piccadilly-cafeteria-college-park/61ju0rDaQruTMLnofyQ4Bg,college-park-georgia
https://www.ubereats.com/atlanta/food-delivery/k-wings/B0BbZlA8SymzpiJhftvlVQ,college-park-georgia
https://www.ubereats.com/atlanta/food-delivery/mcdonalds-college-prk-ga-old-natl/R5LpTy5lQwKqz0f1bf_3sw,college-park-georgia
https://www.ubereats.com/atlanta/food-delivery/china-88/AMG0NEdNQt6CLy9nLj3vpQ,college-park-georgia
https://www.ubereats.com/atlanta/food-delivery/the-crab-boil-atlanta/6mPTgVpoRsSd4OkJ6_ScbA,college-park-georgia
https://www.ubereats.com/atlanta/food-delivery/kfc-4845-jonesboro-rd/b83E9uzCTnafrjvE2IcN6Q,college-park-georgia
https://www.ubereats.com/atlanta/food-delivery/atlantas-best-burgers/GB08oyVVRg6F5WKQDEFp1w,college-park-georgia
https://www.ubereats.com/atlanta/food-delivery/shanes-rib-shack-8055-senoia-road/4bfquWXBTGSvn8DiY3pnLA,college-park-georgia
https://www.ubereats.com/atlanta/food-delivery/patria-cocina/srI51U3sSNq-BQxGWdv-5g,college-park-georgia
https://www.ubereats.com/atlanta/food-delivery/hattie-maries-texas-style-bbq-and-cajun-kitchen/IQ5VhyXgTY20AyB2uFlotA,college-park-georgia
https://www.ubereats.com/atlanta/food-delivery/escobar-restaurant-%26-tapas/kPEizvhmTeaymw9QsaC2Vg,college-park-georgia
https://www.ubereats.com/atlanta/food-delivery/genesis-the-chamber/LlhKCZqjStKR6TSeigwtIw,college-park-georgia
https://www.ubereats.com/atlanta/food-delivery/marquis-restaurant-%26-lounge/bk_Cis5mQ3mcs2UzntoIIQ,college-park-georgia
https://www.ubereats.com/atlanta/food-delivery/subway-3030-headland-dr/eVibGK8ARBehC18OABd-JA,college-park-georgia
https://www.ubereats.com/atlanta/food-delivery/ahfimi-authentic-jamaican/RE6ROvshTymgS9sayoolBg,college-park-georgia
https://www.ubereats.com/atlanta/food-delivery/american-deli-jonesboro/9hcK4c3bRyqy2PCj3gGgKg,college-park-georgia
https://www.ubereats.com/atlanta/food-delivery/papa-johns-5658-a-riverdale-road/NrOxmdC8TBuNJw_28Y73kg,college-park-georgia
https://www.ubereats.com/atlanta/food-delivery/soul-vegetarian-restaurant-west-end/HE1DqVxCRpmeUEvxOCMpaQ,college-park-georgia
https://www.ubereats.com/atlanta/food-delivery/three-dollar-cafe-morrow/1JuYnLAPQXKket_vVxi_cw,college-park-georgia
https://www.ubereats.com/atlanta/food-delivery/captain-ds-7330-georgia-highway-85/T7yxnnjGR22lr1_mX7y-dA,college-park-georgia
https://www.ubereats.com/atlanta/food-delivery/magnolia-bbq-%26-fish/93tOoUwFRke5lkYX5H2QAw,college-park-georgia
https://www.ubereats.com/atlanta/food-delivery/china-1/vG8XyZzUSn63uqQUb76UQw,college-park-georgia
https://www.ubereats.com/atlanta/food-delivery/flavor-atlanta/lsmHOJKgSGSA9jq91dcV0A,college-park-georgia
https://www.ubereats.com/atlanta/food-delivery/churchs-chicken-765-hwy-138-sw/QPyGZ_BgT7yCuu8I_NxyJg,college-park-georgia
https://www.ubereats.com/atlanta/food-delivery/area-4-restaurant/yHiQ7xMATNCKalpZf_Xvzw,college-park-georgia
https://www.ubereats.com/atlanta/food-delivery/sonic-5195-jonesboro-road/1J8NXsk7RtWcn791f-5pCg,college-park-georgia
https://www.ubereats.com/atlanta/food-delivery/krispy-krunchy-kitchen-memorial-drive/EwSBNWcURuO3CTvE0bkjDA,college-park-georgia
https://www.ubereats.com/atlanta/food-delivery/red-snapper/FR6Lx3esTPujC02n6Z02hA,college-park-georgia
https://www.ubereats.com/atlanta/food-delivery/checkers-4948-jonesboro-rd/aMU1u7sBSCSxQH2LlavIyw,college-park-georgia
https://www.ubereats.com/atlanta/food-delivery/the-tavern-%40/aZzvmsxGS6Ke6299imiwXw,college-park-georgia
https://www.ubereats.com/atlanta/food-delivery/irish-bred-pub/3Rz2a5qwSjy1v-8qyKcj8g,college-park-georgia
https://www.ubereats.com/atlanta/food-delivery/punjabi-dhaba/tF80AlQVQkKy3cp2rrVzaw,college-park-georgia
https://www.ubereats.com/atlanta/food-delivery/dairy-queen-grill-%26-chill-6974-highway-85/A7rWQREJS8efv414O4bmpQ,college-park-georgia
https://www.ubereats.com/atlanta/food-delivery/backstage-atlanta-inc/1wboZG0PQuaveHcTRGSI-g,college-park-georgia
https://www.ubereats.com/atlanta/food-delivery/kupcakerie/Ou1xdSY7QOyv8qbSPSvKgg,college-park-georgia
https://www.ubereats.com/atlanta/food-delivery/pasquallys-pizza-%26-wings-335-upper-riverdale-rd/ARhIk4d_RUybbar-VTHavw,college-park-georgia
https://www.ubereats.com/atlanta/food-delivery/life-bistro/8tNrNkLmS36XUupVrc5EMw,college-park-georgia
https://www.ubereats.com/atlanta/food-delivery/jamals-buffalo-wings/qV3GViFaQkSleA1YWQKdFw,college-park-georgia
https://www.ubereats.com/atlanta/food-delivery/the-captains-boil-3390-camp-creek-parkway/ierYbEhdRu2RKh0DOnLAkQ,college-park-georgia
https://www.ubereats.com/atlanta/food-delivery/soul-crab-atl/Z9Hk0Qq5RAuC2t-UI8NC8A,college-park-georgia
https://www.ubereats.com/atlanta/food-delivery/churchs-chicken-200-cleveland-ave-sw/OTyUHrWgT3-RLcPP44KvLQ,college-park-georgia
https://www.ubereats.com/atlanta/food-delivery/red-lobster-6550-tara-blvd/w4ZOTek_SWerES9tHDJYiw,college-park-georgia
https://www.ubereats.com/atlanta/food-delivery/panda-express-east-point-3360-shelby-lane-suite-%231060/h5Nb9sHtRYqew4bVy7pHyw,college-park-georgia
https://www.ubereats.com/atlanta/food-delivery/the-ice-cream-shop/kmiF8pHuQaGSk4WyvY-GdA,college-park-georgia
https://www.ubereats.com/atlanta/food-delivery/sadiqs-bistro/aR8nz1SYRA23_snesSXXUA,college-park-georgia
https://www.ubereats.com/atlanta/food-delivery/t-cakes-bakes/YM1_gtKzT-yQPIhX45iC7Q,college-park-georgia
https://www.ubereats.com/atlanta/food-delivery/queen-of-berries/eKlRaK02RFGaFukIWlonXQ,college-park-georgia
https://www.ubereats.com/atlanta/food-delivery/chuck-e-cheese-786-glynn-street-n/FuJXd1h3T4SGnJ-fDcap1w,college-park-georgia
https://www.ubereats.com/atlanta/food-delivery/volare-bistro-hapeville/gMznbjXDSYqibEnGR4uVoA,college-park-georgia
https://www.ubereats.com/atlanta/food-delivery/seductive-potatoes/Lf8LOdovQ5-YkOZL3nCE1Q,college-park-georgia
https://www.ubereats.com/atlanta/food-delivery/churchs-chicken-1796-delowe-drive/iC6btP-kQaWWiX3UNgSn3A,college-park-georgia
https://www.ubereats.com/atlanta/food-delivery/the-fresh-spot/AvsW36STTnaTXJYK9teV-w,college-park-georgia
https://www.ubereats.com/atlanta/food-delivery/boston-fish-supreme/lSTbvPs-SnOd5a0mSgDVeQ,college-park-georgia
https://www.ubereats.com/atlanta/food-delivery/keianns-potatoe-potahto/CnWfE5PKSoSmLFhSYYfB7Q,college-park-georgia
https://www.ubereats.com/atlanta/food-delivery/city-garden/Clv6m9WXSNqf1alwx4IBhg,college-park-georgia
https://www.ubereats.com/atlanta/food-delivery/smoke-house-bbq/W8e7Z5AKRTWC5hW4Tu1NUA,college-park-georgia
https://www.ubereats.com/atlanta/food-delivery/great-wings/c9uKTsOkTUCfkrMv5LzE8A,college-park-georgia
https://www.ubereats.com/atlanta/food-delivery/olyzubbys-kitchen-a-taste-of-africa/WCW7KBMDTGm1lznvDqmlhg,college-park-georgia
https://www.ubereats.com/atlanta/food-delivery/mcdonalds-college-park-riverdale-road/mkoZ-t3MQoG3UcesEJ_gFw,college-park-georgia
https://www.ubereats.com/atlanta/food-delivery/224-west-african-cuisine/uxKGultWTv2AOOB1qFd0sg,college-park-georgia
https://www.ubereats.com/atlanta/food-delivery/rejuvenating-roots/nkwvjfy5SViDEYtKh-Lv8g,college-park-georgia
https://www.ubereats.com/atlanta/food-delivery/churchs-chicken-5630-riverdale-rd/keDxmslLRzePNDpWy7SZ3g,college-park-georgia
https://www.ubereats.com/atlanta/food-delivery/j-buffalo-wing-campcreek/3YWeth5xSW-BnVgXA4ozxg,college-park-georgia
https://www.ubereats.com/atlanta/food-delivery/chicago-style-sandwiches-%26-more-college-park/bTdSH3piSROCC0KF8jEfRQ,college-park-georgia
https://www.ubereats.com/atlanta/food-delivery/ubar/9XEhs-ELTbCBXqNho_wuWA,college-park-georgia
https://www.ubereats.com/atlanta/food-delivery/taste-of-the-island/-WUNY2QjSGeaMBz3DFLcnA,college-park-georgia
https://www.ubereats.com/atlanta/food-delivery/pizza-valley/L_mmALP3Qtq9RB8XSU-BCQ,college-park-georgia
https://www.ubereats.com/atlanta/food-delivery/mad-macs-gourmet-sandwich-shop/npTf5jrpSKeSLxOnfybzVw,college-park-georgia
https://www.ubereats.com/atlanta/food-delivery/dua-vietnamese-restaurant/tWuWObYJStaBlgTywkw5ZA,college-park-georgia
https://www.ubereats.com/atlanta/food-delivery/jbs-billiards-and-bar/2OfwrRzOTXeEL7CtOf5ROg,college-park-georgia
https://www.ubereats.com/atlanta/food-delivery/papa-johns-2685-metropolitan-pkwy-sw-ste-h1/SCGdMFHfQWWoDFIDawwbWQ,college-park-georgia
https://www.ubereats.com/atlanta/food-delivery/buttersweet-bakery/uabQjuD_QjiM96_bIL9xQQ,college-park-georgia
https://www.ubereats.com/atlanta/food-delivery/crown-italian-kitchen-virtual-restaurant/2x9c56D1TDGFT7hu59puig,college-park-georgia
https://www.ubereats.com/atlanta/food-delivery/wendys-6817-highway-85/a4VkRzOlRNy0rIa0sVtiyA,college-park-georgia
https://www.ubereats.com/atlanta/food-delivery/papa-johns-561-forest-parkway-suite-8/XcPjFT5uRc2vKNqK6ch2YA,college-park-georgia
https://www.ubereats.com/atlanta/food-delivery/pbl-plantbased-lifestyle/tAtup2HgQlKoSaixBJc-DA,college-park-georgia
https://www.ubereats.com/atlanta/food-delivery/rays-southern-foods-catering-and-events-forest-park/WiYuxD2CQ-qxNrU88kag4Q,college-park-georgia
https://www.ubereats.com/atlanta/food-delivery/papa-johns-4548-jonesboro-rd-ste-b/sm3Mj7GRSieKj5WrNdpKqA,college-park-georgia
https://www.ubereats.com/atlanta/food-delivery/best-burgers/uhwOlIiOQvidloLh59xulg,college-park-georgia
https://www.ubereats.com/atlanta/food-delivery/checkers-5175-old-national-hwy/Lxue8NgERA2hvDDqxfqjUw,college-park-georgia
https://www.ubereats.com/atlanta/food-delivery/genesis-bar-%26-grill-college-park/LQeS8_HETfualDtO4JcGWg,college-park-georgia
https://www.ubereats.com/atlanta/food-delivery/taco-bell-545-lee-st-sw/QNVGIbOBSvuHuETIfrM2xA,college-park-georgia
https://www.ubereats.com/atlanta/food-delivery/zaxbys-3770-princeton-lakes-pkwy/Z2Z0oZPrRuGq89khewipSQ,college-park-georgia
https://www.ubereats.com/atlanta/food-delivery/600-degrees-pizza/6uaj2F7QQ16ZQKfntsJL0A,college-park-georgia
https://www.ubereats.com/atlanta/food-delivery/mrs-winners/a7n62GA2TSiHHC7Ulbu9hg,college-park-georgia
https://www.ubereats.com/atlanta/food-delivery/the-mustard-seed-bbq/bgNqsvIPTuWFYCiGOkiTqQ,college-park-georgia
https://www.ubereats.com/atlanta/food-delivery/mr-everything-cafe-fairburn/SjMFMza7Q-yulqzdhKxCzA,college-park-georgia
