url,city
https://www.ubereats.com/colorado-springs/food-delivery/nekter-juice-bar-7340-north-academy-blvd/akOpdqhWQ7y5oCTYptAAIw,colorado-springs
https://www.ubereats.com/colorado-springs/food-delivery/subway-8666-n-union-blvd/jyMzB-xhT9SbbFRZ7VPJIQ,colorado-springs
https://www.ubereats.com/colorado-springs/food-delivery/wendys-1910-s-academy/pYN_W30rQZmbL5sSI7YKlA,colorado-springs
https://www.ubereats.com/colorado-springs/food-delivery/ihop-5749-stetson-hill-blvd/fyK_PQOGQk6ygDnx9gFhfA,colorado-springs
https://www.ubereats.com/colorado-springs/food-delivery/arbys-8499/iQUwNV0dTZSlxYm09ssAgw,colorado-springs
https://www.ubereats.com/colorado-springs/food-delivery/mcdonalds-col-sprgs-fillmr/0Xu7_ugZTuytzZuqjHQTxw,colorado-springs
https://www.ubereats.com/colorado-springs/food-delivery/kfc-3775-austin-bluffs-parkway/dvCMjkObSK-NVk4rLD2hpg,colorado-springs
https://www.ubereats.com/colorado-springs/food-delivery/menchies-frozen-yogurt-5935-dublin-blvd/hTBIWLZFSBm0jnfOrUBzcQ,colorado-springs
https://www.ubereats.com/colorado-springs/food-delivery/subway-5613-north-academy-blvd/LYVAvkWoQsuQ1WZarQwP1A,colorado-springs
https://www.ubereats.com/colorado-springs/food-delivery/buffalo-wild-wings-2905-geyser-dr/XOU-s_SXT4-Q-NaXjvt_5g,colorado-springs
https://www.ubereats.com/colorado-springs/food-delivery/firehouse-subs-dublin-blvd/2AfZRCs3Q3CA8ibSqwkSzw,colorado-springs
https://www.ubereats.com/colorado-springs/food-delivery/coffee-%26-bagel-corner/8ApjHZP8Sj274YJKBBVZyg,colorado-springs
https://www.ubereats.com/colorado-springs/food-delivery/noodles-%26-company-2455-montebello-square-dr/IJHD-cO7Q2y4myXON_v2cA,colorado-springs
https://www.ubereats.com/colorado-springs/food-delivery/marias-taco-shop/Ka65cpsOSluCIAIB5JUlmw,colorado-springs
https://www.ubereats.com/colorado-springs/food-delivery/chipotle-mexican-grill-1370-garden-of-the-gods-rd/hM71mQOoRWqqch-oV_Snxg,colorado-springs
https://www.ubereats.com/colorado-springs/food-delivery/noodles-%26-company-7234-n-academy-blvd/gCCD1n3jQ-O3oaDDAt3C3Q,colorado-springs
https://www.ubereats.com/colorado-springs/food-delivery/noodles-%26-company-5844-barnes-rd/qDP8wRapTAa0p5SYAok9pA,colorado-springs
https://www.ubereats.com/colorado-springs/food-delivery/starbucks-austin-bluffs-and-academy/JlF8DGC9TqyAuXEl_1lDgA,colorado-springs
https://www.ubereats.com/colorado-springs/food-delivery/pho-%231/BaYyG902Rj2yWfbmqtiWEg,colorado-springs
https://www.ubereats.com/colorado-springs/food-delivery/chipotle-mexican-grill-5102-n-nevada-ave-ste-170/Qoe3PmUQQtagGKljm8uI6Q,colorado-springs
https://www.ubereats.com/colorado-springs/food-delivery/mcdonalds-grdn-of-gods-i25/skvE3uv7R9aD4DCi1G_LzA,colorado-springs
https://www.ubereats.com/colorado-springs/food-delivery/wooglins-deli/8tvEbNtpSI2MXDQ6SegK6Q,colorado-springs
https://www.ubereats.com/colorado-springs/food-delivery/lazy-dog-restaurant-%26-bar-colorado-springs/GRly8wzGSs6jL9cp1-bf9g,colorado-springs
https://www.ubereats.com/colorado-springs/food-delivery/pf-changs-1725-briargate-pkwy/5X-8CO58QSi-gMPoep6SrQ,colorado-springs
https://www.ubereats.com/colorado-springs/food-delivery/wendys-3704-north-academy-blvd/Pi2GuX1pQI2eFVIK_iWgeg,colorado-springs
https://www.ubereats.com/colorado-springs/food-delivery/pho-nomenal-restaurant/VliYEnFoRDOLORpDfPcplg,colorado-springs
https://www.ubereats.com/colorado-springs/food-delivery/chaang-thai/a9J9TNgaTGyesaIYOpgNbQ,colorado-springs
https://www.ubereats.com/colorado-springs/food-delivery/viet-restaurant-noodle-bar-and-grill/h_ciSYPmTsySv0ZXYnqDsA,colorado-springs
https://www.ubereats.com/colorado-springs/food-delivery/kfc-3101-w-colorado-avenue/zDz5jYymSday8QMF-k-hkA,colorado-springs
https://www.ubereats.com/colorado-springs/food-delivery/schlotzskys-2381-n-academy-blvd/85eMWViYQmC25_8ojKzJBw,colorado-springs
https://www.ubereats.com/colorado-springs/food-delivery/little-nepal-restaurant-%26-bar-flintridge/jm5sYKSlQXGUpQMY9fTAZw,colorado-springs
https://www.ubereats.com/colorado-springs/food-delivery/dairy-queen-grill-%26-chill-315-w-fillmore-st/yV2ZDA6UTgStrjS-Jzu1_A,colorado-springs
https://www.ubereats.com/colorado-springs/food-delivery/the-purple-onion/ZDtQyooyQ_uNCvNeHRKwKQ,colorado-springs
https://www.ubereats.com/colorado-springs/food-delivery/senor-manuel-mexican-cuisine/tU4sC5mGQUGMR9_nblvqZw,colorado-springs
https://www.ubereats.com/colorado-springs/food-delivery/del-taco-4310-n-academy-blvd/iSnvzG3zTjeFUCUeCX5PBA,colorado-springs
https://www.ubereats.com/colorado-springs/food-delivery/a%26w-3101-w-colorado-avenue/AoAv5sOmTWWVnApPlbY9ow,colorado-springs
https://www.ubereats.com/colorado-springs/food-delivery/pueblo-viejo-mexican-restaurant/FJlXrX1sTGGCNahWAGyinA,colorado-springs
https://www.ubereats.com/colorado-springs/food-delivery/chick-fil-a-5905-dublin-blvd/sTSNpQXWRmqAdM1ReEMZAQ,colorado-springs
https://www.ubereats.com/colorado-springs/food-delivery/aroi-thai-food/xjJGw8QnRTCchGeRgDSQow,colorado-springs
https://www.ubereats.com/colorado-springs/food-delivery/ihop-512-n-chelton-rd/FdRxwx7vT0Kku65wBCiskg,colorado-springs
https://www.ubereats.com/colorado-springs/food-delivery/don-guillo/ai7Rw2Y-QVGjRjghrk8uQA,colorado-springs
https://www.ubereats.com/colorado-springs/food-delivery/viva-el-taco/D2FfWva1RlmM-AvjASUGHg,colorado-springs
https://www.ubereats.com/colorado-springs/food-delivery/gyros-plus/1X1zsV8aRfOqMUnvB3JbyQ,colorado-springs
https://www.ubereats.com/colorado-springs/food-delivery/hooters-citadel-dr-e-%26-portal-dr-e/YfhstTmxR2C6XzdcwoE4CQ,colorado-springs
https://www.ubereats.com/colorado-springs/food-delivery/village-inn-535-garden-of-the-gods-road/ogN-F6t-RQ-I_Nd5k2JvfQ,colorado-springs
https://www.ubereats.com/colorado-springs/food-delivery/panda-express-5071-n-academy-blvd/friS03ziTBqnHh_sxVIInw,colorado-springs
https://www.ubereats.com/colorado-springs/food-delivery/sonic-5250-new-car-drive/w6LF75ywQJy5OHA3h8hgIQ,colorado-springs
https://www.ubereats.com/colorado-springs/food-delivery/taco-bell-1750-n-powers-blvd/RRLVI4QmQ56pnkIMV9Eumg,colorado-springs
https://www.ubereats.com/colorado-springs/food-delivery/huhot-mongolian-grill-constitution-ave/w2rJbKQvT7SIs5sN3rhJeQ,colorado-springs
https://www.ubereats.com/colorado-springs/food-delivery/carrabbas-2815-geyser-dr/tjq-zZVXRkWniOXwtSEu3w,colorado-springs
https://www.ubereats.com/colorado-springs/food-delivery/pei-wei-7148-n-academy-blvd/64m4oVx9S1iUs1c4EOqP5w,colorado-springs
https://www.ubereats.com/colorado-springs/food-delivery/smashburger-3707-bloomington-st/i8iIuzIHT96DV8S4i4_ELA,colorado-springs
https://www.ubereats.com/colorado-springs/food-delivery/boston-market-1015-n-academy-blvd/vsQR-kBmQkGbxzZUclL2jQ,colorado-springs
https://www.ubereats.com/colorado-springs/food-delivery/red-robin-15-2230-southgate-rd/CPCYkhjPSL-BvmYL-fprAw,colorado-springs
https://www.ubereats.com/colorado-springs/food-delivery/papa-murphys-7085-austin-bluffs-pkwy/Xr8gVTscQc2FRMhTQ201mA,colorado-springs
https://www.ubereats.com/colorado-springs/food-delivery/carls-jr-1059-space-center-dr/Lr4GUodqQk-gwZLCbfjjcg,colorado-springs
https://www.ubereats.com/colorado-springs/food-delivery/subway-7095-austin-bluffs-pkwy/zgh07vo6SreHVszE__cJBw,colorado-springs
https://www.ubereats.com/colorado-springs/food-delivery/kfc-1501-south-nevada-avenue/gRShLWUNS3uCtcFOqXJ-cA,colorado-springs
https://www.ubereats.com/colorado-springs/food-delivery/taco-bell-5650-north-academy-blvd/_d_KC8ggTTihDUzMEXt-1Q,colorado-springs
https://www.ubereats.com/colorado-springs/food-delivery/carls-jr-1895-s-chelton-rd/NFbOJwHATTKLqJd4nTcPdg,colorado-springs
https://www.ubereats.com/colorado-springs/food-delivery/chick-fil-a-1620-s-nevada-ave/KoiZbS1GRPKTKVX9-btR9A,colorado-springs
https://www.ubereats.com/colorado-springs/food-delivery/papa-murphys-2460-south-academy-blvd/1DqLouEjSRqy2TT3eLe0gw,colorado-springs
https://www.ubereats.com/colorado-springs/food-delivery/subway-3780-woodmen-rd/nqZvpo5zTua2uHLH1pEdDw,colorado-springs
https://www.ubereats.com/colorado-springs/food-delivery/qdoba-mexican-grill-536-w-garden-of-the-gods-rd/Y3Wx-0byQFOGvicXqH_fMA,colorado-springs
https://www.ubereats.com/colorado-springs/food-delivery/mod-pizza-dublin-commons/Kfce-s9PR1qdygETcij0YQ,colorado-springs
https://www.ubereats.com/colorado-springs/food-delivery/on-the-border-east-colorado-springs/v9b02Gv4SXG0jwQr5dJFwg,colorado-springs
https://www.ubereats.com/colorado-springs/food-delivery/dickeys-barbecue-pit-4146-austin-bluffs-pkwy/rp9so4MbT-2LuIEsgH-6lg,colorado-springs
https://www.ubereats.com/colorado-springs/food-delivery/sukaris-catering/KFjc19ICTy2HOTNUedKTYw,colorado-springs
https://www.ubereats.com/colorado-springs/food-delivery/starbucks-n-powers-rd-%26-barnes-rd/r9LIvZnRTfq5GabKBnCoAQ,colorado-springs
https://www.ubereats.com/colorado-springs/food-delivery/starbucks-constitution-and-marksheffel/hNNy6lvkQaSxY63kTRXPZg,colorado-springs
https://www.ubereats.com/colorado-springs/food-delivery/panda-express-750-citadel-drive-east/ZktEybNbTVuktIor5vn8Hw,colorado-springs
https://www.ubereats.com/colorado-springs/food-delivery/yoyogurt-n-union-blvd/eGOmEmoFSE621wciArLGZQ,colorado-springs
https://www.ubereats.com/colorado-springs/food-delivery/border-burger-bar/--0TIKxgSVq2_BGpfATJ2A,colorado-springs
https://www.ubereats.com/colorado-springs/food-delivery/mcdonalds-3201-e-platte-ave/GI0jyIA1RauXZikHXdhYLw,colorado-springs
https://www.ubereats.com/colorado-springs/food-delivery/tokyo-joes-5086-n-nevada-st-%23100/YEG8YwmHSp24QbentHOS7Q,colorado-springs
https://www.ubereats.com/colorado-springs/food-delivery/applebees-3708-east-galley-%2384053/t2wJyK2DSEOU1I6eKFpT6w,colorado-springs
https://www.ubereats.com/colorado-springs/food-delivery/shri-ganesh-cuisine-of-india-and-nepal/gbvVSKkzQdKKsyVkonuXsg,colorado-springs
https://www.ubereats.com/colorado-springs/food-delivery/black-bear-diner-975-a-n-academy-boulevard/2QLWpDSQRLObXKgZeAi9cQ,colorado-springs
https://www.ubereats.com/colorado-springs/food-delivery/wendys-3506-hartsel-dr/A8apuuTFR8OXKgTw6nAj9g,colorado-springs
https://www.ubereats.com/colorado-springs/food-delivery/wendys-1541-s-nevada-ave/4hsJ2cupRMibr3HzSeadcw,colorado-springs
https://www.ubereats.com/colorado-springs/food-delivery/dairy-queen-grill-%26-chill-6813-space-village-ave/3ArJM4ZJRWKfL8Lq30bDrw,colorado-springs
https://www.ubereats.com/colorado-springs/food-delivery/mollicas-italian-market-%26-deli/czSjE6MBQdGcOl0TN11jpw,colorado-springs
https://www.ubereats.com/colorado-springs/food-delivery/famous-daves-bbq-colorado-springs/KvNH-wWjTQOp8TZsIWz7wA,colorado-springs
https://www.ubereats.com/colorado-springs/food-delivery/subway-2878-north-powers-blvd/Oy2S9pqlTeOPgxmTeFT_AA,colorado-springs
https://www.ubereats.com/colorado-springs/food-delivery/ihop-colorado-springs/GL8h_1amSy-bTUVJmTc7tQ,colorado-springs
https://www.ubereats.com/colorado-springs/food-delivery/streetcar520/fTeseomAQx2rI4BZzHk8qA,colorado-springs
https://www.ubereats.com/colorado-springs/food-delivery/phocom-truck/nfsss50rSwa-wF8287vdfA,colorado-springs
https://www.ubereats.com/colorado-springs/food-delivery/mcdonalds-austin-bluffs/EX-8qpsGQJildclVagUNxQ,colorado-springs
https://www.ubereats.com/colorado-springs/food-delivery/panda-express-1320-garden-of-the-gods-road/ZsFvqksFQv6vdStDw_E6xA,colorado-springs
https://www.ubereats.com/colorado-springs/food-delivery/carls-jr-7005-campus-dr/mqGZj2CaSEWLiIg-DmxV-Q,colorado-springs
https://www.ubereats.com/colorado-springs/food-delivery/taco-bell-502-garden-of-the-gods-road/bVGOCldBSpOJY0SKNgYh6A,colorado-springs
https://www.ubereats.com/colorado-springs/food-delivery/mx-market/xuGM5LR7TyekPEwx9Q5BIQ,colorado-springs
https://www.ubereats.com/colorado-springs/food-delivery/mcdonalds-cheyenne-%26-nevada/2lG9b4hsSXGfHXaX5-hdiA,colorado-springs
https://www.ubereats.com/colorado-springs/food-delivery/chipotle-mexican-grill-2130-southgate-rd-ste-100/63pKRHh-Q2GLrGbZBR8XfA,colorado-springs
https://www.ubereats.com/colorado-springs/food-delivery/taco-bell-1380-n-academy-blvd/a1KDLROHS1KOMpgQCgcIdA,colorado-springs
https://www.ubereats.com/colorado-springs/food-delivery/mcdonalds-powers-%26-constitution/jVI1SxQlRoOfFHMm1eFF_A,colorado-springs
https://www.ubereats.com/colorado-springs/food-delivery/first-watch-academy/ZL8AI3XzT0qt8OgOi3FikQ,colorado-springs
https://www.ubereats.com/colorado-springs/food-delivery/lanna-thai-restaurant/v_Mb5wHuSrafQrqMn7pOCg,colorado-springs
https://www.ubereats.com/colorado-springs/food-delivery/als-chicken-%26-waffles/FXRUq9tcTnGwj5qcwRvi0Q,colorado-springs
https://www.ubereats.com/colorado-springs/food-delivery/blackjack-pizza-1915-w-uintah-st/kgssG7EOSqKAS5_DV8MyyQ,colorado-springs
https://www.ubereats.com/colorado-springs/food-delivery/menya-ramen-and-poke-colorado-springs/NVR-BVUBSLSEUfbaH_EJsA,colorado-springs
https://www.ubereats.com/colorado-springs/food-delivery/tokyo-joes-1634-s-nevada-ave-ste-170/73Jr28LRR5Ofa1JLl_QVXQ,colorado-springs
https://www.ubereats.com/colorado-springs/food-delivery/popeyes-louisiana-kitchen-7480-austin-bluffs-pkwy/FQsu47UXQYGift5lgmyIRQ,colorado-springs
https://www.ubereats.com/colorado-springs/food-delivery/texas-tbone/bcaK124pSQOc8dtzoCLDXg,colorado-springs
https://www.ubereats.com/colorado-springs/food-delivery/chipotle-mexican-grill-7818-n-academy-blvd/eOOwYP7FQ9Wpwt3n8EboTQ,colorado-springs
https://www.ubereats.com/colorado-springs/food-delivery/chuck-e-cheese-5156-n-academy-blvd/coQvCQeWQfGUVqoH3nYmaw,colorado-springs
https://www.ubereats.com/colorado-springs/food-delivery/felipe-got-it/Y7p9FMijS7yX3gD8loEbjQ,colorado-springs
https://www.ubereats.com/colorado-springs/food-delivery/ihop-3090-n-chestnut-st/sLau8qanRdmWckcHKO9nOw,colorado-springs
https://www.ubereats.com/colorado-springs/food-delivery/fazolis-1790-e-cheynne-mt-blvd/T12SaJqMRCe6shov8zWtmw,colorado-springs
https://www.ubereats.com/colorado-springs/food-delivery/a%26w-3775-austin-bluffs-parkway/Gbs3seOYStaZzOKRkEhk3w,colorado-springs
https://www.ubereats.com/colorado-springs/food-delivery/mirch-masala/GjZz7bW9Qr6BdrAb-_bG1g,colorado-springs
https://www.ubereats.com/colorado-springs/food-delivery/kfc-7384-mclaughlin-rd/0kRH2avoRbmpGOzuDYD7dA,colorado-springs
https://www.ubereats.com/colorado-springs/food-delivery/kfc-1050-north-academy-boulevard/ydL2D2qaTH2eK89UKrIGUQ,colorado-springs
https://www.ubereats.com/colorado-springs/food-delivery/chipotle-mexican-grill-5079-n-academy-blvd/wycKxmARQpG4-nQBG7J7Dg,colorado-springs
https://www.ubereats.com/colorado-springs/food-delivery/qdoba-mexican-grill-4451-venetucci-blvd-ste-100/lwaKk8rfTzKIc-4LFsGz8g,colorado-springs
https://www.ubereats.com/colorado-springs/food-delivery/perkins-restaurant-colorado-springs/D0G6tIfBT3eS_TqsSLL5ig,colorado-springs
https://www.ubereats.com/colorado-springs/food-delivery/macaroni-grill-s-colorado-springs/DM5wqOY9Qe28R-JKWHnuCQ,colorado-springs
https://www.ubereats.com/colorado-springs/food-delivery/mcdonalds-woodmen-%26-lexington/djOG-DURS2K1tXJkdZM_Tg,colorado-springs
https://www.ubereats.com/colorado-springs/food-delivery/big-train-family-restaurant/gg6EShL1RJaUhZI9YaKdDQ,colorado-springs
https://www.ubereats.com/colorado-springs/food-delivery/mcdonalds-8th-colorado-spr/swqvxOXVRWaAwB_Hwl6J2Q,colorado-springs
https://www.ubereats.com/colorado-springs/food-delivery/burger-king-4241-austin-bluffs-pkwy/PiVtzvabTXulDGhZPmn1uw,colorado-springs
https://www.ubereats.com/colorado-springs/food-delivery/the-pivot-room/bl39eynsQ7-U1E0ryRbf2A,colorado-springs
https://www.ubereats.com/colorado-springs/food-delivery/panda-express-2020-southgate-road/2OKQzKujTUyCgiIh4O78eg,colorado-springs
https://www.ubereats.com/colorado-springs/food-delivery/carls-jr-11655-meridian-market-vw/mvK-_edRTvOFgr_sDcKyBg,colorado-springs
https://www.ubereats.com/colorado-springs/food-delivery/rocks-bar/zS89uuOrSRabLmSwU2dB6g,colorado-springs
https://www.ubereats.com/colorado-springs/food-delivery/the-french-kitchen/phPuhAS6Q6iwhskFvGxWeg,colorado-springs
https://www.ubereats.com/colorado-springs/food-delivery/arbys-1762/BoSAOh3sSgupYNwiERTSUQ,colorado-springs
https://www.ubereats.com/colorado-springs/food-delivery/firehouse-subs-austin-bluffs/t3fXAbEmQwW7Cdcl9_LzwA,colorado-springs
https://www.ubereats.com/colorado-springs/food-delivery/dunkin-1609-s-nevada-ave/x4uSW0DzSHiENn5XvGcXCA,colorado-springs
https://www.ubereats.com/colorado-springs/food-delivery/kfc-3255-south-academy-boulevard/z71TwcolSH-uHbjiVNkyEA,colorado-springs
https://www.ubereats.com/colorado-springs/food-delivery/javalato-gelato-%26-coffee/bLD3fvL3Rz2_cJm9geC_2g,colorado-springs
https://www.ubereats.com/colorado-springs/food-delivery/qdoba-mexican-grill-3709-bloomington-st/tQYSqv3fTvusOiYSh-oWhw,colorado-springs
https://www.ubereats.com/colorado-springs/food-delivery/wendys-2515-montebello-drive-west/mK9_Ym5XS7SuTbvm3IJp2g,colorado-springs
https://www.ubereats.com/colorado-springs/food-delivery/fast-fit-foods/PJam6gOGR1ejZZBamybJwA,colorado-springs
https://www.ubereats.com/colorado-springs/food-delivery/6605-bonefish-grill-5102-north-nevada-avenue/yDrfYn2XRheEmjBSr7-jjw,colorado-springs
https://www.ubereats.com/colorado-springs/food-delivery/jack-in-the-box-3690-new-center-point/BjZACAqJT263TCHS67E1JQ,colorado-springs
https://www.ubereats.com/colorado-springs/food-delivery/arbys-6676/_61nYLbLQWi3LyVsf1h67Q,colorado-springs
https://www.ubereats.com/colorado-springs/food-delivery/parrys-sliceria-%26-taps-barnes-road/ekMLJK-HR2qj-J_aoAvzUw,colorado-springs
https://www.ubereats.com/colorado-springs/food-delivery/daniels-taco-shop/WLL7Lj5uSW6Qv6NwD3FONg,colorado-springs
https://www.ubereats.com/colorado-springs/food-delivery/burger-king-375-south-academy-blvd/qNDzCYb2RdKhygH2wxNYiw,colorado-springs
https://www.ubereats.com/colorado-springs/food-delivery/burger-king-3705-east-woodmen-road/V05L-CdbTeWHuxxCI1D7NA,colorado-springs
https://www.ubereats.com/colorado-springs/food-delivery/troy-mediterranean/OAtAGykQTfy5GrzsUF5Akg,colorado-springs
https://www.ubereats.com/colorado-springs/food-delivery/papa-murphys-1203-north-circle-drive/0wBz2zbUSKiHGj17XConDw,colorado-springs
https://www.ubereats.com/colorado-springs/food-delivery/kfc-5550-east-woodmen-road/a6qbMQjTTEqZ8ogHgDt6AA,colorado-springs
https://www.ubereats.com/colorado-springs/food-delivery/jasons-deli-colorado-springs/Aw6D5LdMQLm-EbPMuZPEAw,colorado-springs
https://www.ubereats.com/colorado-springs/food-delivery/dickeys-bbq-pit-1252-interquest-pkwy/jJ0MsCUnRt2Yz1JIFLP0Dw,colorado-springs
https://www.ubereats.com/colorado-springs/food-delivery/viewhouse-colorado-springs/bsNUOia8Tf-DFSyTAsMtzQ,colorado-springs
https://www.ubereats.com/colorado-springs/food-delivery/tucanos-brazilian-grill-colorado-springs/u-vsZygjR927DzmSDf3vqQ,colorado-springs
https://www.ubereats.com/colorado-springs/food-delivery/outback-steakhouse-7065-commerce-center-drive/m3DUpXlbS3yjfAj2k7Q43w,colorado-springs
https://www.ubereats.com/colorado-springs/food-delivery/burger-king-2990-powers-boulevard/AaBUpq4cReKB5QpRtft8Jg,colorado-springs
https://www.ubereats.com/colorado-springs/food-delivery/hurts-donut-company-colorado-springs/eOhSIbACRPe3uM_aBSyGGg,colorado-springs
https://www.ubereats.com/colorado-springs/food-delivery/chipotle-mexican-grill-3026-new-center-pt/fBfEq2d9TlG2GRxn08GxgA,colorado-springs
https://www.ubereats.com/colorado-springs/food-delivery/applebees-7625-goddard-street-%2384047/shGX5MCPR1ei-Y8fFlEz9Q,colorado-springs
https://www.ubereats.com/colorado-springs/food-delivery/sonic-5955-n-academy-blvd/Ue4m_PvsQ_y-lmroFLsXvw,colorado-springs
https://www.ubereats.com/colorado-springs/food-delivery/las-palmitas-%231/4xvAz2xVTWSt7ngT8-WpVw,colorado-springs
https://www.ubereats.com/colorado-springs/food-delivery/keva-juice-n-nevada-ave/Jn_7fnDxSui9lP-WvNGh8w,colorado-springs
https://www.ubereats.com/colorado-springs/food-delivery/burger-king-1895-south-nevada-ave/xg4u2rs4QPuhqRmeVilfBw,colorado-springs
https://www.ubereats.com/colorado-springs/food-delivery/mcdonalds-colo-spgs-powers-%26-stetson-hills/O_oZPJtSRdafLtjgkQsejw,colorado-springs
https://www.ubereats.com/colorado-springs/food-delivery/five-guys-co-1668-3336-cinema-point/_cwFguCvRkOpPGvK2Zjr-A,colorado-springs
https://www.ubereats.com/colorado-springs/food-delivery/fazolis-3607-austin-bluffs-pkwy/hDANPY9CSQS3gvllkOuR2w,colorado-springs
https://www.ubereats.com/colorado-springs/food-delivery/papa-murphys-2888-north-powers-blvd/T7n-k2oJSweoRfsSOSQplg,colorado-springs
https://www.ubereats.com/colorado-springs/food-delivery/carls-jr-2360-n-academy-blvd/YRw8cuaSTWqHHnBbnr1G8Q,colorado-springs
https://www.ubereats.com/colorado-springs/food-delivery/red-lobster-3510-new-center-point/nPYV4FTPS4yFRe_kEdX8bg,colorado-springs
https://www.ubereats.com/colorado-springs/food-delivery/pasquallys-pizza-%26-wings-5156-n-academy-blvd/pRrvIRnxRfOGmH0rybBXzA,colorado-springs
https://www.ubereats.com/colorado-springs/food-delivery/urban-tandoor/lfVfL_reRkaBN9M0UMhUMQ,colorado-springs
https://www.ubereats.com/colorado-springs/food-delivery/kfc-8115-dorothy-lane/ztLe-dLWTgCM1jrstoZHkg,colorado-springs
https://www.ubereats.com/colorado-springs/food-delivery/club-q/jEXCp68LQfK3w1kjCZWCuw,colorado-springs
https://www.ubereats.com/colorado-springs/food-delivery/first-watch-barnes-rd/MyAENZmkTRugXioOqCG5Qw,colorado-springs
https://www.ubereats.com/colorado-springs/food-delivery/sonic-317-e-fillmore-st/8TBwKZa3SiCdoIVR5nLFFg,colorado-springs
https://www.ubereats.com/colorado-springs/food-delivery/qdoba-mexican-grill-1916-southgate-rd-space-e8a/MTyuowFeQyeTTQaFuDsIDQ,colorado-springs
https://www.ubereats.com/colorado-springs/food-delivery/mod-pizza-s-academy-highlands/SOYPd0euToWvCZBXB5JvhA,colorado-springs
https://www.ubereats.com/colorado-springs/food-delivery/taco-bell-3029-west-colorado-avenue/LLWOVoYQRC-MHDdIyFfgxQ,colorado-springs
https://www.ubereats.com/colorado-springs/food-delivery/ritas-italian-ice/Y0o5jFcZRbuIsfLfgC4q6w,colorado-springs
https://www.ubereats.com/colorado-springs/food-delivery/jazz-funk-connection/hag8XBSnRGia1rbTBxVm-g,colorado-springs
https://www.ubereats.com/colorado-springs/food-delivery/smashburger-5320-n-nevada-ave-ste-100/RxpbsZCIS2W3APRbayhlBw,colorado-springs
https://www.ubereats.com/colorado-springs/food-delivery/gyros-plus-at-chapel-hills/gllBYQtQRg-NSpi3hSAewA,colorado-springs
https://www.ubereats.com/colorado-springs/food-delivery/firehouse-subs-academy-blvd/Tt3vhRSrStGZulCs0g40cw,colorado-springs
https://www.ubereats.com/colorado-springs/food-delivery/subway-3434-n-academy-blvd/3uFwE7fbTCqLUZwbyngBOw,colorado-springs
https://www.ubereats.com/colorado-springs/food-delivery/wendys-705-garden-of-the-gods/hU08ly6ATpKlziC24odsOg,colorado-springs
https://www.ubereats.com/colorado-springs/food-delivery/dunkin-6660-delmonico-dr/K7qvefpKTUewQPBWBK895Q,colorado-springs
https://www.ubereats.com/colorado-springs/food-delivery/zaika-indian-cuisine-colorado-springs/KQNHtrKZTcqcQcxsCXPqOg,colorado-springs
https://www.ubereats.com/colorado-springs/food-delivery/taste-of-philly-s-8th-st/BGQ9NWZfTCWeMnkEUnSg7w,colorado-springs
https://www.ubereats.com/colorado-springs/food-delivery/panda-express-3560-east-woodmen-rd-suite-140/2GxVqmD-TbqxFf08sYv6PQ,colorado-springs
https://www.ubereats.com/colorado-springs/food-delivery/pho-bar-and-grill/3bN7mMT1RK-eWU1ulu0CtQ,colorado-springs
https://www.ubereats.com/colorado-springs/food-delivery/a%26w-2835-new-center-point/TvBLrEX_T6-Lzu5TvISpLQ,colorado-springs
https://www.ubereats.com/colorado-springs/food-delivery/the-playing-field/zDtBu2z3QcCodkUMWtZ5Fg,colorado-springs
https://www.ubereats.com/colorado-springs/food-delivery/wendys-1245-north-academy-blvd/RNUmuBbwQry6Ef5VTkENtw,colorado-springs
https://www.ubereats.com/colorado-springs/food-delivery/chipotle-mexican-grill-895-n-academy-blvd/41IhELaWTsKzBcPaXdoE2Q,colorado-springs
https://www.ubereats.com/colorado-springs/food-delivery/starbucks-academy-%26-flintridge-colorado/wmnzrKStR1m1Fvk7YdnpNA,colorado-springs
https://www.ubereats.com/colorado-springs/food-delivery/dickeys-barbecue-pit-7935-constitution-ave/OnoGUawhQheRcsnWG_nm3A,colorado-springs
https://www.ubereats.com/colorado-springs/food-delivery/ihop-8065-n-academy-blvd/lb7DN_cdQJijiElzkigsuQ,colorado-springs
https://www.ubereats.com/colorado-springs/food-delivery/mcdonalds-col-spngs-wahsat/bY8MC9GjRAaltos8vbGaOw,colorado-springs
https://www.ubereats.com/colorado-springs/food-delivery/the-corner-cafe/Us7udFvMQ3ClY9JNEg2-wQ,colorado-springs
https://www.ubereats.com/colorado-springs/food-delivery/east-coast-deli/6SGLVSuUT_6jEsep_57pHg,colorado-springs
https://www.ubereats.com/colorado-springs/food-delivery/pita-pit-source-center-pt/2iP3KB4GQ6W5voX9r332FA,colorado-springs
https://www.ubereats.com/colorado-springs/food-delivery/kings-chef-diner-bijou-%26-nevada/autA5e2mTF-8UYd44aD1wQ,colorado-springs
https://www.ubereats.com/colorado-springs/food-delivery/fat-shack-powers-blvd/fm00rg_gQtu8ZDHbnJULAA,colorado-springs
https://www.ubereats.com/colorado-springs/food-delivery/daniels-taco-shop-b-street/0ks8Li8rQX2P96nwiLW3AQ,colorado-springs
https://www.ubereats.com/colorado-springs/food-delivery/steak-%E2%80%98n-shake/1dqpU-QXSl2orJWB9U7ptQ,colorado-springs
https://www.ubereats.com/colorado-springs/food-delivery/kfc-825-east-fillmore-street/WGGQCpOoSlm2eDfzFHdy2A,colorado-springs
https://www.ubereats.com/colorado-springs/food-delivery/taco-bell-3436-research-parkway-blvd/cBca0UYlRPSmEU4X00GmLg,colorado-springs
https://www.ubereats.com/colorado-springs/food-delivery/saladworks-colorado-springs/gt7WMlc3RH2X10oh4y2PPQ,colorado-springs
https://www.ubereats.com/colorado-springs/food-delivery/smashburger-1634-s-nevada-ave/GYPG5UM7REycbWsrOoNQ3g,colorado-springs
https://www.ubereats.com/colorado-springs/food-delivery/flatirons-american-bar-%26-grill/K14Co0vKSMy15gZYfAw0GA,colorado-springs
https://www.ubereats.com/colorado-springs/food-delivery/starbucks-c-springs-dublin-and-tutt/X9-P0ginQ5aYY6hvE9Z8pg,colorado-springs
https://www.ubereats.com/colorado-springs/food-delivery/five-guys-co-0369-7252-n-academy-blvd/QRYKJZ5uR0WwxRYLDnpXLw,colorado-springs
https://www.ubereats.com/colorado-springs/food-delivery/dunkin-3230-austin-bluffs-pkwy/Di_haN5yRgadlZJPwBfTVQ,colorado-springs
https://www.ubereats.com/colorado-springs/food-delivery/pomodores-deli/Um8Dv5o9TCuF8BIs4hvUrw,colorado-springs
https://www.ubereats.com/colorado-springs/food-delivery/burrowing-owl/6BfpvydpR3iU88uHVbz5wA,colorado-springs
https://www.ubereats.com/colorado-springs/food-delivery/kneaders-bakery-%26-cafe-colorado-spings-powers/l3IL_N_bR2-lce7jUkidSQ,colorado-springs
https://www.ubereats.com/colorado-springs/food-delivery/steak-%26-bake/Yvw39s4fTYuBseULEQ0gZQ,colorado-springs
https://www.ubereats.com/colorado-springs/food-delivery/joeys-pizza-colorado-springs/3AahN15VQHuOTqgDFFr8oA,colorado-springs
https://www.ubereats.com/colorado-springs/food-delivery/honey-baked-ham-bloomington-st/_UiqDPkwRda3pm5sUMu3_A,colorado-springs
https://www.ubereats.com/colorado-springs/food-delivery/cracker-barrel-old-country-store-8355-razorback-drive/h7K4DA34RQ6gMLUb7CVhuQ,colorado-springs
https://www.ubereats.com/colorado-springs/food-delivery/taco-bell-1507-s-nevada-ave/tKuEGrzZTQqPfmxDuTfyRw,colorado-springs
https://www.ubereats.com/colorado-springs/food-delivery/zapata-taco-shop/ztM96TohSOm0Q0T7nF7bvA,colorado-springs
https://www.ubereats.com/colorado-springs/food-delivery/china-one/qGVESjsES8WWFIci3YWBHw,colorado-springs
https://www.ubereats.com/colorado-springs/food-delivery/peak-31/ggLfkwj3TyqSbnX5IZ6g1Q,colorado-springs
https://www.ubereats.com/colorado-springs/food-delivery/a%26w-8115-dorothy-lane/L1BwgrvgT4GmsjAW8Fg_dQ,colorado-springs
https://www.ubereats.com/colorado-springs/food-delivery/red-lobster-4925-n-academy-blvd/m3cbOHXlThKzwu0oD6Zp-g,colorado-springs
https://www.ubereats.com/colorado-springs/food-delivery/wendys-222-n-wahsatch-ave/dj26M5RjQauOJMnsF10xlA,colorado-springs
https://www.ubereats.com/colorado-springs/food-delivery/dunkin-806-w-colorado-ave/_ODoeEyiQi6E48R9rdh5ZA,colorado-springs
https://www.ubereats.com/colorado-springs/food-delivery/hacienda-colorado-colorado-springs/ZnsTJ3MLSNWqm8NOKHSRaw,colorado-springs
https://www.ubereats.com/colorado-springs/food-delivery/village-inn-7384-duryea-drive/bd3-zBfZSQy0RbSG9puXqA,colorado-springs
https://www.ubereats.com/colorado-springs/food-delivery/panda-express-2850-new-center-point-drive/MO7QmSfNTJ-uzIaTBR2MWg,colorado-springs
https://www.ubereats.com/colorado-springs/food-delivery/old-chicago-81-1579-e-cheyenne-mountain-blvd/iHCb-cegTf6Vq11n0R6O2g,colorado-springs
https://www.ubereats.com/colorado-springs/food-delivery/wendys-2818-e-platte-ave/Tqr0XiWnSiafSlCwfzw6jA,colorado-springs
https://www.ubereats.com/colorado-springs/food-delivery/sushi-aiki/WPyTyiuOQt-kipr4IpwtKQ,colorado-springs
https://www.ubereats.com/colorado-springs/food-delivery/keva-juice/Bd40O0R1RJi4yEZR8a-hDQ,colorado-springs
https://www.ubereats.com/colorado-springs/food-delivery/smoothie-king/rsIZ3mnZS8aF9upira_i-w,colorado-springs
https://www.ubereats.com/colorado-springs/food-delivery/dunkin-201-n-circle-dr/mhDs0JpXQjOEDfoVFpkuEA,colorado-springs
https://www.ubereats.com/colorado-springs/food-delivery/popeyes-louisiana-kitchen-3450-austin-bluffs-pkwy/iiupUnxgQmaX3cghUwm8FA,colorado-springs
https://www.ubereats.com/colorado-springs/food-delivery/smashburger-9290-highland-ridge-heights-%23100/AqDknIGrRcmCrgPaGlfbbA,colorado-springs
https://www.ubereats.com/colorado-springs/food-delivery/pho-buddy/BfN5lNhZTkuFjM30RgF0aw,colorado-springs
https://www.ubereats.com/colorado-springs/food-delivery/fat-shack-woodmen-rd/JnwWowQXQLqaChhJGdngdA,colorado-springs
https://www.ubereats.com/colorado-springs/food-delivery/buffalo-wild-wings-7425-n-academy-blvd/awhgx2idTGeG09hOcctAjw,colorado-springs
https://www.ubereats.com/colorado-springs/food-delivery/arbys-8414/3Mm4ZmKwSfOIOZXOqvhy3Q,colorado-springs
https://www.ubereats.com/colorado-springs/food-delivery/taco-bell-4195-n-academy/H9EMO2TvRym-Nw5lADbeLA,colorado-springs
https://www.ubereats.com/colorado-springs/food-delivery/tokyo-joes-5697-barnes-rd-suite-120/r-4bPddsToON8ZGPChEhLQ,colorado-springs
https://www.ubereats.com/colorado-springs/food-delivery/breakfast-shack/rKmxTwTiQrSvPzE3tBiAMQ,colorado-springs
https://www.ubereats.com/colorado-springs/food-delivery/kfc-2835-new-center-point/G3KjfqfuTsGgIkGWNiEK1A,colorado-springs
https://www.ubereats.com/colorado-springs/food-delivery/dunkin-5915-dublin-blvd/jHHUXkb5SCWuX0izIV9KQg,colorado-springs
https://www.ubereats.com/colorado-springs/food-delivery/mcdonalds-murray-platte/QsWFpvXNSrGTJebmAOMRgw,colorado-springs
https://www.ubereats.com/colorado-springs/food-delivery/starbucks-powers-%26-stetson/xUsvDZ0qQnGjFZs3UrYggw,colorado-springs
https://www.ubereats.com/colorado-springs/food-delivery/noodles-%26-company-5166-n-nevada-ave/3W-6NhSkTuyoouNY2l5TYg,colorado-springs
https://www.ubereats.com/colorado-springs/food-delivery/luchals-gourmet-catering/JuczHHxJRLa92JSk_Pkl9w,colorado-springs
https://www.ubereats.com/colorado-springs/food-delivery/carls-jr-306-n-nevada-ave/ccjoyCFzQTqQ7bLUiANdIA,colorado-springs
https://www.ubereats.com/colorado-springs/food-delivery/subway-6042-stetson-hills-blvd/A6OGd0Z1QOqlQT0esE-XoA,colorado-springs
https://www.ubereats.com/colorado-springs/food-delivery/wendys-1104-east-fillmore-dr/rdY514N3Si-UHi8pTuKOkQ,colorado-springs
https://www.ubereats.com/colorado-springs/food-delivery/pita-pit-bijou-st/6DU0qwHmTZ6DYDfKUeJkmw,colorado-springs
https://www.ubereats.com/colorado-springs/food-delivery/golden-corral-1970-waynoka-road/-3PLvQdBRqior7qUzPnyyg,colorado-springs
https://www.ubereats.com/colorado-springs/food-delivery/applebees-495-garden-of-the-gods-road-%2384077/7GWu6px7SaGnuCpMdkDVtg,colorado-springs
https://www.ubereats.com/colorado-springs/food-delivery/jack-in-the-box-3654-austin-bluffs-pkwy/jGl6s2tzTDC7XV8owgbwRw,colorado-springs
https://www.ubereats.com/colorado-springs/food-delivery/carls-jr-6090-stetson-hills-blvd/ka1tSYv1R6u2SrUSoZTjKw,colorado-springs
https://www.ubereats.com/colorado-springs/food-delivery/del-taco-8020-n-academy-blvd/LLSXBHM5T1SiGgUdLm3RzQ,colorado-springs
https://www.ubereats.com/colorado-springs/food-delivery/dickeys-barbecue-pit-1466-garden-of-the-gods-road/cTXppv-LS7eOQUCa7CJnmg,colorado-springs
https://www.ubereats.com/colorado-springs/food-delivery/smashburger-3604-austin-bluffs-pkwy-unit-140/PzvIqJhEQmyf7UEwEdm95A,colorado-springs
https://www.ubereats.com/colorado-springs/food-delivery/14ers-colorado-springs/9i1CTV94RD-TAOttmZ9Zwg,colorado-springs
https://www.ubereats.com/colorado-springs/food-delivery/sonic-3401-w-colorado-avenue/QyvPjA9IT_SxTV-qC96J4A,colorado-springs
https://www.ubereats.com/colorado-springs/food-delivery/josh-%26-johns-naturally-homemade-ice-creams/oe3T0L0YTv2WfdcSVbB-IA,colorado-springs
https://www.ubereats.com/colorado-springs/food-delivery/qwench-juice-bar-colorado-springs/rNxItvbcTf6omq8oa9Il0A,colorado-springs
https://www.ubereats.com/colorado-springs/food-delivery/the-coffee-corner/SPpLXf8HRqKfqvbpvNNKEA,colorado-springs
https://www.ubereats.com/colorado-springs/food-delivery/arbys-5477/rFqWs_kyR2yHn6K1RiL-Rw,colorado-springs
https://www.ubereats.com/colorado-springs/food-delivery/cicis-pizza-3255-e-platte-ave/A--M9ffDQmecbiJCPvJy7Q,colorado-springs
https://www.ubereats.com/colorado-springs/food-delivery/arabian-nights-cafe/Wx4QMVIkRIqDd58aCGSKzg,colorado-springs
https://www.ubereats.com/colorado-springs/food-delivery/mcdonalds-col-spngs-academy/Be09XBVBRteDaE_sXfyHCA,colorado-springs
https://www.ubereats.com/colorado-springs/food-delivery/saigon-springs/wEng_N8mQ76WlqeNDxF6uQ,colorado-springs
https://www.ubereats.com/colorado-springs/food-delivery/club-tilt-and-grill/P4a9aKBHSEGHk9kC7bqc5g,colorado-springs
https://www.ubereats.com/colorado-springs/food-delivery/burger-king-357-e-fillmore-st/CX6E-Md-QOyUNzsOBPNTPg,colorado-springs
https://www.ubereats.com/colorado-springs/food-delivery/papa-murphys-3105-west-colorado-avenue-suite-b/zyK-I5TvRBybtjIArPHhSA,colorado-springs
https://www.ubereats.com/colorado-springs/food-delivery/arbys-946/ZEy2KediQbCu1pd9nY5QlQ,colorado-springs
https://www.ubereats.com/colorado-springs/food-delivery/i-love-pho/5upXtluHQuWDIgSIqVmvZA,colorado-springs
https://www.ubereats.com/colorado-springs/food-delivery/wendys-5810-palmer-park-blvd/wvBF0NErRwW5GYM-ARSdZw,colorado-springs
https://www.ubereats.com/colorado-springs/food-delivery/chipotle-mexican-grill-17-s-tejon-st/1Sd_lzq2Qm232AgSqHtxkQ,colorado-springs
https://www.ubereats.com/colorado-springs/food-delivery/the-green-line-grill/ZcTT9D5oSS-lnMLljhfr_Q,colorado-springs
https://www.ubereats.com/colorado-springs/food-delivery/wendys-5850-stetson-hills-blvd/gwz_OLCUReq0Tjru7vKXuQ,colorado-springs
https://www.ubereats.com/colorado-springs/food-delivery/new-panda-2/5eBaJ0XHS0ee2Tm6v6XCQQ,colorado-springs
https://www.ubereats.com/colorado-springs/food-delivery/saigon-grill/ZVLtBLRCTB2E7fV7ev7VPg,colorado-springs
https://www.ubereats.com/colorado-springs/food-delivery/marcos-pizza-12-s-tejon-street/rPy0DPazQGWNuXcu01horg,colorado-springs
https://www.ubereats.com/colorado-springs/food-delivery/wing-it-plus-chapelhills-mall/h2VZBNc1Q0CheAAZPf2u6Q,colorado-springs
https://www.ubereats.com/colorado-springs/food-delivery/qdoba-mexican-grill-3670-austin-bluffs-pkwy-suite-100/04Uy0ynvSlScdxOfd0IP-A,colorado-springs
https://www.ubereats.com/colorado-springs/food-delivery/five-guys-co-1874-1612-s-nevada-ave/3tLC1KfASyS0vqOG9_eoNw,colorado-springs
https://www.ubereats.com/colorado-springs/food-delivery/wendys-8080-n-academy-blvd/QNsHVgdaRT6lcey30HjZHg,colorado-springs
https://www.ubereats.com/colorado-springs/food-delivery/the-wild-goose-meeting-house/2_JooO5RSoi6r2fK7ga1KA,colorado-springs
https://www.ubereats.com/colorado-springs/food-delivery/red-robin-207-1410-jamboree-dr/cXX_6la9QLe1Kmob1dN1Ug,colorado-springs
https://www.ubereats.com/colorado-springs/food-delivery/qdoba-mexican-grill-1605-briargate-pkwy-suite-131/qfp8YbF2RHaPynYPZkeqEg,colorado-springs
https://www.ubereats.com/colorado-springs/food-delivery/garbanzo-mediterranean-grill-first-and-main/gBBLo_rxRj-Q6SOXypvuYg,colorado-springs
https://www.ubereats.com/colorado-springs/food-delivery/heart-of-jerusalem-cafe-centennial-blvd/swq0-68KTqmj1kqqT0E_EQ,colorado-springs
https://www.ubereats.com/colorado-springs/food-delivery/joes-crab-shack-805-citadel-dr/0-4wZVumRHq4vm25KwTOMA,colorado-springs
https://www.ubereats.com/colorado-springs/food-delivery/zoup!-eatery-1254-interquest-parkway/FC4L5Y7UTBilzUUYwTc6zA,colorado-springs
https://www.ubereats.com/colorado-springs/food-delivery/taco-bell-6425-source-center-point/YIp29-CoQ1CUVssvmajNTg,colorado-springs
https://www.ubereats.com/colorado-springs/food-delivery/taco-bell-390-n-union-blvd/aat0_inkSPOw1lkv3RsG8A,colorado-springs
https://www.ubereats.com/colorado-springs/food-delivery/saltgrass-1405-jamboree-dr/Ns3cA_fgTTuQ7TcKPfEVKw,colorado-springs
https://www.ubereats.com/colorado-springs/food-delivery/arbys-6831/Ljtwu-9KQdaEKJqNdlgjkA,colorado-springs
https://www.ubereats.com/colorado-springs/food-delivery/colorado-crust-pizza-co/y1yYXbbZTRG3G7OPC1IvJg,colorado-springs
https://www.ubereats.com/colorado-springs/food-delivery/sonic-878-garden-of-the-gods-rd/hqJI60-jRqOiarHlVBEd5g,colorado-springs
https://www.ubereats.com/colorado-springs/food-delivery/qdoba-mexican-grill-7140-n-academy-blvd-space-b4/G9i9xQj-R-iObqzFWmewsQ,colorado-springs
https://www.ubereats.com/colorado-springs/food-delivery/villareal-mexican-cuisine/ZHqZlHj_SI-5j4yRdJJ7MA,colorado-springs
https://www.ubereats.com/colorado-springs/food-delivery/del-taco-1645-spacecenter-drive/UjXjJ-5mTLWuZiGFTpTTsg,colorado-springs
https://www.ubereats.com/colorado-springs/food-delivery/outback-steakhouse-2825-geyser-drive/Y8fCSUtdQjSkHKTjpU86lw,colorado-springs
https://www.ubereats.com/colorado-springs/food-delivery/burger-king-1727-east-platte-avenue/FTGbKLBaRiKmzoCe8nF2Hg,colorado-springs
https://www.ubereats.com/colorado-springs/food-delivery/modern-market-eatery-briargate/Dn1YnwpLTUibUwQCZEAiTg,colorado-springs
https://www.ubereats.com/colorado-springs/food-delivery/wendys-3036-w-colorado/g0Yc5x7_SvqelDMiOD3AYw,colorado-springs
https://www.ubereats.com/colorado-springs/food-delivery/tasty-korean/AfuGkM3aTfKfNBJZBrRqaw,colorado-springs
https://www.ubereats.com/colorado-springs/food-delivery/arbys-1050/NwKAvwTSRv6JzAzQHHPG2A,colorado-springs
https://www.ubereats.com/colorado-springs/food-delivery/old-chicago-61-3190-new-center-point/pPqPhCv9SuS4aW1WQOzLuQ,colorado-springs
https://www.ubereats.com/colorado-springs/food-delivery/taco-bell-325-east-fillmore-street/yk9WDzKgT1iiY609nzawHQ,colorado-springs
https://www.ubereats.com/colorado-springs/food-delivery/auntie-annes-1710-briargate-blvd-space-184/qFVef1ihS2qlvKTwaMnDxw,colorado-springs
https://www.ubereats.com/colorado-springs/food-delivery/burger-king-6365-source-center-pt/d74-T-VORLqZzBx0xLy54Q,colorado-springs
https://www.ubereats.com/colorado-springs/food-delivery/bjs-restaurant-%26-brewhouse-5150-north-nevada-avenue/-LgXO8GuR06ujTcRavP2-g,colorado-springs
https://www.ubereats.com/colorado-springs/food-delivery/albertacos-mexican-food-4494-austin-bluffs-pkwy/BWrnNIm7SE6Op_VpvOTijA,colorado-springs
https://www.ubereats.com/colorado-springs/food-delivery/jose-muldoons-downtown/88RfiNHRTuG4J3etsYheOQ,colorado-springs
https://www.ubereats.com/colorado-springs/food-delivery/carls-jr-1414-harrison-rd/xpmNrQXERmez-7uNls0ewA,colorado-springs
https://www.ubereats.com/colorado-springs/food-delivery/china-town-restaurant/p2lmMECPQ96nK2cTgQhJ6w,colorado-springs
https://www.ubereats.com/colorado-springs/food-delivery/osae-sushi-ramen-bistro/iOS85oVRRm-lt5RCMcdxsg,colorado-springs
https://www.ubereats.com/colorado-springs/food-delivery/mcdonalds-colo-ave-golden/TRB4kXapQUmJNHjvs5B4eg,colorado-springs
https://www.ubereats.com/colorado-springs/food-delivery/arbys-7617/c7kVGEeuRw2YhZ80f1kZlg,colorado-springs
https://www.ubereats.com/colorado-springs/food-delivery/cheddars-casual-cafe/YPt0d5HtR5KiXBOLFLSMIw,colorado-springs
https://www.ubereats.com/colorado-springs/food-delivery/caspian-cafe/3KAm-mqHRhe_aGaWmiUW2Q,colorado-springs
https://www.ubereats.com/colorado-springs/food-delivery/mod-pizza-falcon-landing/YVMf25jeTMy9FpolS0oi8g,colorado-springs
https://www.ubereats.com/colorado-springs/food-delivery/taco-bell-405-e-platte-avenue/z-_AxEQyRUu8uxYvuIlkZw,colorado-springs
https://www.ubereats.com/colorado-springs/food-delivery/subway-4364-austin-bluffs-pky/cyYc5bBiSn2tmuZowjatGw,colorado-springs
https://www.ubereats.com/colorado-springs/food-delivery/piglatin-cocina/Q2TxzvacSN2YD6x0pR8ilA,colorado-springs
https://www.ubereats.com/colorado-springs/food-delivery/joeys-pizza/exZ2jB-dQUG1ojpOC7eiSQ,colorado-springs
https://www.ubereats.com/colorado-springs/food-delivery/starbucks-briargate-and-union/QiGDrKbVTwmyorXxiuS4DQ,colorado-springs
https://www.ubereats.com/colorado-springs/food-delivery/subway-1019-space-center-dr/V3TPLx2sQxepA1230MZhAw,colorado-springs
https://www.ubereats.com/colorado-springs/food-delivery/carrabbas-7120-campus-dr/cMmb-BytTBeP9ib7FcsusQ,colorado-springs
https://www.ubereats.com/colorado-springs/food-delivery/carls-jr-425-garden-of-the-gods-rd/3BvNlnjeR0iRbvbmVGu-JA,colorado-springs
https://www.ubereats.com/colorado-springs/food-delivery/taco-bell-1030-academy-park-loop/OiyFQD1yTu-7tHNHhIU9lw,colorado-springs
https://www.ubereats.com/colorado-springs/food-delivery/ihop-3167-w-colorado-avenue/nUFuxlBHQ6Sru8xHl-aDmw,colorado-springs
https://www.ubereats.com/colorado-springs/food-delivery/starbucks-union-and-boulder/ohBYTCVYTpejmsoZr_QU-g,colorado-springs
https://www.ubereats.com/colorado-springs/food-delivery/springs-bistro/eN3EJSzBRqCkKOQ-wgAtUA,colorado-springs
https://www.ubereats.com/colorado-springs/food-delivery/red-robin-62-3770-bloomington-st/Xsfzr7uhSPq2NbWUuY3_3w,colorado-springs
https://www.ubereats.com/colorado-springs/food-delivery/tokyo-joes-7495-n-academy-blvd/lmEg19iJR9aD4VqpKKUOLQ,colorado-springs
https://www.ubereats.com/colorado-springs/food-delivery/old-chicago-1-7115-commerce-cntr-dr/vFCWDr9eSLKjekLZtaTPNA,colorado-springs
https://www.ubereats.com/colorado-springs/food-delivery/dale-street-bistro-cafe/Gk-cFE-rQByMS6gQIQg_pA,colorado-springs
