url,city
https://www.ubereats.com/richmond/food-delivery/taco-bell-628-southpark-blvd/3QUmiO1FRLS2bdEfCX-beg,colonial-heights-virginia
https://www.ubereats.com/richmond/food-delivery/golden-skillet/iVV3BejhQxGa58A0wco84w,colonial-heights-virginia
https://www.ubereats.com/richmond/food-delivery/trapezium-brewing-co/q-ZezLwnRDmPpqCT8qwSEQ,colonial-heights-virginia
https://www.ubereats.com/richmond/food-delivery/great-steak-380-southpark-cir-unit-b-06/KEe2uopISuyaBfojvt1WPg,colonial-heights-virginia
https://www.ubereats.com/richmond/food-delivery/burger-king-501-southpark-blvd/JVxJpOFHSm6RAHzZgFWL4A,colonial-heights-virginia
https://www.ubereats.com/richmond/food-delivery/americas-best-wings-3330-s-crater-rd-suite-28/LkmL2urrQNOxQ1MlGhu-XQ,colonial-heights-virginia
https://www.ubereats.com/richmond/food-delivery/hardees-2441-1865-s-crater-road/wI8DyhiTSWSfMvwSc1xv0w,colonial-heights-virginia
https://www.ubereats.com/richmond/food-delivery/papa-johns-5113-oaklawn-blvd/uCfz57tFQke-8XwcPIg9zQ,colonial-heights-virginia
https://www.ubereats.com/richmond/food-delivery/sgt-peppers-pizza/ssa0vXTwR8ePN2CxEDz5cw,colonial-heights-virginia
https://www.ubereats.com/richmond/food-delivery/prince-george-family-bbq/wKCZbWeDRxSowK5eADB1JQ,colonial-heights-virginia
https://www.ubereats.com/richmond/food-delivery/kfc-12321-jefferson-davis-highway/qe_RXLcdTPSPwVK1E-sqLA,colonial-heights-virginia
https://www.ubereats.com/richmond/food-delivery/edible-arrangements-798-south-park-boulevard-suite-%2318/Afwng9vER5aKomUyvbaSAw,colonial-heights-virginia
https://www.ubereats.com/richmond/food-delivery/ettrick-deli-petersburg/bOThxvWKSe2xnMkTtZDyxw,colonial-heights-virginia
https://www.ubereats.com/richmond/food-delivery/ihop-12251-bermuda-crossroad-ln/Btk8LThjSTCv6iFTX4I5NQ,colonial-heights-virginia
https://www.ubereats.com/richmond/food-delivery/wendys-5103-oaklawn-blvd/oPjEbX3nRB-Gt8-Yd-TI1Q,colonial-heights-virginia
https://www.ubereats.com/richmond/food-delivery/mos-deli/_mzDTU12Tji6n4uW39gIDg,colonial-heights-virginia
https://www.ubereats.com/richmond/food-delivery/outback-steakhouse-165-southpark-circle/Xs9H1k01Q5-LUL3Hn8Zmlw,colonial-heights-virginia
https://www.ubereats.com/richmond/food-delivery/djs-rajun-cajun-and-steak-house/fPdi2YQgRuKDVUx02j_obQ,colonial-heights-virginia
https://www.ubereats.com/richmond/food-delivery/muncheese/mmNlG6znSguKY_O4m4ewfA,colonial-heights-virginia
https://www.ubereats.com/richmond/food-delivery/wendys-1859-s-crater-road/y34ulbPcTTOgd7OB_i0jNw,colonial-heights-virginia
https://www.ubereats.com/richmond/food-delivery/andrades-international-restaurant/F_dY2bzQSvuOUFgQEpc5Mg,colonial-heights-virginia
https://www.ubereats.com/richmond/food-delivery/firehouse-subs-334-southpark-circle/gbgm19cLR72C6knhmHA2Rg,colonial-heights-virginia
https://www.ubereats.com/richmond/food-delivery/panera-796-southpark-boulevard/-TVvZ0EMTRu-7ur8E0uUuQ,colonial-heights-virginia
https://www.ubereats.com/richmond/food-delivery/burger-king-3116-boulevard/dQ_pSXNCQACDUVpQSYEtGQ,colonial-heights-virginia
https://www.ubereats.com/richmond/food-delivery/prince-george-family-barbecue/wK8Nu0M3TKeWO5sWzh4Gbg,colonial-heights-virginia
https://www.ubereats.com/richmond/food-delivery/carinis-italian-restaurant/AEJyXLazS4OsUKYrrC-gtg,colonial-heights-virginia
https://www.ubereats.com/richmond/food-delivery/the-patron-mexican-restaurant-and-cantina/6QgejPS-QBKXd0W2_CMyBQ,colonial-heights-virginia
https://www.ubereats.com/richmond/food-delivery/kfc-3011-oaklawn-boulevard/5UWDOYBUSQWmy1paWs5QyQ,colonial-heights-virginia
https://www.ubereats.com/richmond/food-delivery/subway-1062-temple-ave/JsjHIe8xTYKgTqUyMdh1gQ,colonial-heights-virginia
https://www.ubereats.com/richmond/food-delivery/los-bandidos/vH4fUWUiQyiSuk5ue0u2Cg,colonial-heights-virginia
https://www.ubereats.com/richmond/food-delivery/jamrock-grill-n-chill/-rMRQMOXStyKewHnjRbxtw,colonial-heights-virginia
https://www.ubereats.com/richmond/food-delivery/saucys-barbq-257-e-bank-st/9kkOArXhTpigmTQgeJn01w,colonial-heights-virginia
https://www.ubereats.com/richmond/food-delivery/subway-3095-boulevard-unit-1b/jOfJoUVVRI2ylXhK1rny7A,colonial-heights-virginia
https://www.ubereats.com/richmond/food-delivery/el-patron-cantina/rRggXigXSLiWIbpRAINH3w,colonial-heights-virginia
https://www.ubereats.com/richmond/food-delivery/wendys-13201-kingston-ave/P3TyeNBSS3e9tsxNRKEvFA,colonial-heights-virginia
https://www.ubereats.com/richmond/food-delivery/plaza-mexico-bar-%26-grill/eFn06hvuStqQhqYLDPDwng,colonial-heights-virginia
https://www.ubereats.com/richmond/food-delivery/hardees-2161-2915-oaklawn-blvd/VD98H4xwSZudWcNHZKqUwg,colonial-heights-virginia
https://www.ubereats.com/richmond/food-delivery/kfc-1620-boulevard/7u2dwtNWSYqJL7rbPYi4XA,colonial-heights-virginia
https://www.ubereats.com/richmond/food-delivery/no1-new-china/AblJB7yWQYKzmM_VWybZgQ,colonial-heights-virginia
https://www.ubereats.com/richmond/food-delivery/taco-bell-12820-jefferson-davis-hwy/_ArPeqoYQSellw0fUcPZcg,colonial-heights-virginia
https://www.ubereats.com/richmond/food-delivery/marias-old-town-21/o1E-4yC5Sc2YsQLzD-Q7BA,colonial-heights-virginia
https://www.ubereats.com/richmond/food-delivery/flavors-jamaican-restaurant/Vcilx-udTOGi4zKtLUbHOg,colonial-heights-virginia
https://www.ubereats.com/richmond/food-delivery/applebees-2611-hundred-road-west-%2382096/jvTAJDRXQ6mi-UaIB7EqQg,colonial-heights-virginia
https://www.ubereats.com/richmond/food-delivery/burger-king-5203-oaklawn-boulevard/xAuffLQHR3uO2w1cqD9Umg,colonial-heights-virginia
https://www.ubereats.com/richmond/food-delivery/cinnabon-baked-at-pilot-2126-ruffin-mill-road/ZyRAQLtFS1SRWmUWmFIUbg,colonial-heights-virginia
https://www.ubereats.com/richmond/food-delivery/arbys-107-temple-lake-dr/6tZq_-UKTmu4YeXAYV302w,colonial-heights-virginia
https://www.ubereats.com/richmond/food-delivery/sonic-457-charles-dimmock-parkway/aVori0J_Si277IOGK7LlZA,colonial-heights-virginia
https://www.ubereats.com/richmond/food-delivery/hardees-2816-1850-boulevard/dZYOgouQR5CqepOIfH4gaQ,colonial-heights-virginia
https://www.ubereats.com/richmond/food-delivery/local-vibe-cafe/aaBv5AaPQjSAD3JpB_eVzw,colonial-heights-virginia
https://www.ubereats.com/richmond/food-delivery/the-boathouse-at-city-point/vMKjl2xISSSEKS_u-4nf6Q,colonial-heights-virginia
https://www.ubereats.com/richmond/food-delivery/skrimp-shack-colonial-heights/ezS-aMqiQ12AkH1ZjUzZAQ,colonial-heights-virginia
https://www.ubereats.com/richmond/food-delivery/applebees-449-south-park-circle-%2382098/r5kDyoRBQg6KsbcOYqZXrA,colonial-heights-virginia
https://www.ubereats.com/richmond/food-delivery/j-%26-j-chinese-cuisine/Ml2h9xFeTWm6-2hQm4K-TQ,colonial-heights-virginia
https://www.ubereats.com/richmond/food-delivery/hardees-2957-5412-boydton-plank-rd/BbjnHrWoR8ynnicflwdnDw,colonial-heights-virginia
https://www.ubereats.com/richmond/food-delivery/luckys-pizza/JJCV620NS-O4gvrtDGfvKQ,colonial-heights-virginia
https://www.ubereats.com/richmond/food-delivery/sedona-taphousecolonial-heights/hzOCxSkRQx6m5T4KT7MBKg,colonial-heights-virginia
https://www.ubereats.com/richmond/food-delivery/tops-china/_q0-BFd5Rl2pXuMeIvdudQ,colonial-heights-virginia
https://www.ubereats.com/richmond/food-delivery/the-captains-boil-5107-oaklawn-blvd/Ne7T-w4cRAqI-o91mpa1lA,colonial-heights-virginia
https://www.ubereats.com/richmond/food-delivery/dunkin-153-wagner-rd/uhlh-NfaSKeJCmYT9AbtPg,colonial-heights-virginia
https://www.ubereats.com/richmond/food-delivery/wawa-693-604-boulevard/3nImsdzTSyCH_FAxCkG-Ew,colonial-heights-virginia
https://www.ubereats.com/richmond/food-delivery/chanellos-pizza-tri-cities/D9Ne3wxCQG2cynhHOkbmMQ,colonial-heights-virginia
https://www.ubereats.com/richmond/food-delivery/subway-15740-woods-edge-rd/4eFITvQQTVWWGjp0GnINQw,colonial-heights-virginia
https://www.ubereats.com/richmond/food-delivery/hardees-2621-310-w-randolph-road/wntT3jEpTlWAm0R2poefOw,colonial-heights-virginia
https://www.ubereats.com/richmond/food-delivery/chanellos-pizza-hopewell/OI8TQLyyTvyEJKkjYjtO6w,colonial-heights-virginia
https://www.ubereats.com/richmond/food-delivery/sbarro-pizza/xtuFxR5vQUey2aPRRYPFNQ,colonial-heights-virginia
https://www.ubereats.com/richmond/food-delivery/croakers-spot-39-river-st/kCxJeDoPRQCX0cnO1Gp5mg,colonial-heights-virginia
https://www.ubereats.com/richmond/food-delivery/roma-ristorante-italiano/qbjV0kOPTwCoZc8JwBmFog,colonial-heights-virginia
https://www.ubereats.com/richmond/food-delivery/wnb-factory-richmond/6xSvJ_ANTqW2XOWqwocWGQ,colonial-heights-virginia
https://www.ubereats.com/richmond/food-delivery/taco-bell-425-charles-h-dimmock-pwky/JSeYm2oGSUm0f_J9GjcjUQ,colonial-heights-virginia
https://www.ubereats.com/richmond/food-delivery/arbys-3300-s-crater-rd/1AiIwwfpS12PjNGHRdcwcQ,colonial-heights-virginia
https://www.ubereats.com/richmond/food-delivery/bellgreek-authentic-grill-chester/TQGN_OMPTv6L1aXI9AtI3A,colonial-heights-virginia
https://www.ubereats.com/richmond/food-delivery/burger-king-20867-woodpecker-road/Sfl3Efl9TPK2vyNzkExHLg,colonial-heights-virginia
https://www.ubereats.com/richmond/food-delivery/wendys-2510-w-hundred-road/1RzMgs-IQmqU_cG7fl-Krw,colonial-heights-virginia
https://www.ubereats.com/richmond/food-delivery/ruby-tuesday-5107-oaklawn-blvd/nv0MyZTZQs6VAxPoh4lKoQ,colonial-heights-virginia
https://www.ubereats.com/richmond/food-delivery/kfc-3335a-s-crater-road/t3vZ4tHNR7yNzchRikpt1w,colonial-heights-virginia
https://www.ubereats.com/richmond/food-delivery/dennys-5111-oaklawn-blvd/SAQhqbcgR4qBC-9cdNvMDQ,colonial-heights-virginia
https://www.ubereats.com/richmond/food-delivery/hardees-2971-801-temple-avenue/j2syScl9R26PZSp62JzxoA,colonial-heights-virginia
https://www.ubereats.com/richmond/food-delivery/mcdonalds-411-southpark-cir/Vq-CqfaiR2WopYsITEQEsw,colonial-heights-virginia
https://www.ubereats.com/richmond/food-delivery/sonic-12201-bermuda-crossroad-lane/OWSGW3IZS8GHZQWgV6sglQ,colonial-heights-virginia
https://www.ubereats.com/richmond/food-delivery/tropical-smoothie-cafe-190-southgate-square/Lz0Qcv0nRGCSRXdAhhi4Ng,colonial-heights-virginia
https://www.ubereats.com/richmond/food-delivery/taco-bell-3294-s-crater-road/fxh-s_OGRYm0lW-FXej3vg,colonial-heights-virginia
https://www.ubereats.com/richmond/food-delivery/red-lobster-119-temple-lake-drive/_sPKBYZ7TdOtjzTOx6tMmw,colonial-heights-virginia
https://www.ubereats.com/richmond/food-delivery/wawa-692-11701-jefferson-davis-hwy/9dNWWNkSTmKbZQafRiCKxA,colonial-heights-virginia
https://www.ubereats.com/richmond/food-delivery/el-nopal-mexican-restaurant/hZQyFAB3RsenT5L2Z8OreA,colonial-heights-virginia
https://www.ubereats.com/richmond/food-delivery/mcdonalds-1101-boulevard/0RE0BaHESlWAPiWA8_1F6g,colonial-heights-virginia
https://www.ubereats.com/richmond/food-delivery/hardees-2968-1901-west-hundred-road/iKj7a-2lQVqp86RuMeTFFg,colonial-heights-virginia
https://www.ubereats.com/richmond/food-delivery/tilted-kilt-pub/7TIFm0roT6eOfxZ1W_-NIw,colonial-heights-virginia
https://www.ubereats.com/richmond/food-delivery/golden-corral-2501-conduit-rd/RobQ0yMTShexpBYeNwlCMQ,colonial-heights-virginia
https://www.ubereats.com/richmond/food-delivery/churchs-chicken-108-south-sycamore/GNB6AJQhTxO4wZ36eHMrsQ,colonial-heights-virginia
https://www.ubereats.com/richmond/food-delivery/pj-fresh-4610-county-drive/gcEsBLoxTXGK7MDet8E64A,colonial-heights-virginia
https://www.ubereats.com/richmond/food-delivery/charlottes-chicken-%26-waffles/DWcB5yFQTnCIfBsFjO-JUw,colonial-heights-virginia
https://www.ubereats.com/richmond/food-delivery/kins-wok-restaurant/RZ_3jEvrQKu6Xx_0_oTi9Q,colonial-heights-virginia
https://www.ubereats.com/richmond/food-delivery/don-pepe-mexican-restaurant-2102-w-hundred-rd/4_UDX9s5QeOZmzipZr4chw,colonial-heights-virginia
https://www.ubereats.com/richmond/food-delivery/burnettes-baked-goods/M4P6TbLIQ6WdP6p__0BEkw,colonial-heights-virginia
https://www.ubereats.com/richmond/food-delivery/captain-ds-12541-jefferson-davis-highway/CVNLN2o3QLKa5lXsusvUjg,colonial-heights-virginia
https://www.ubereats.com/richmond/food-delivery/skeeters/sOvCT-h5TxaV4PsuHptFQg,colonial-heights-virginia
https://www.ubereats.com/richmond/food-delivery/wawa-698-907-colonial-corner-dr/MCxLhyrCTp6ODqgRAYRm8g,colonial-heights-virginia
https://www.ubereats.com/richmond/food-delivery/jersey-mikes-subs-2011-boulevard/4Jv9wPB_SvqXe31p-rJRfg,colonial-heights-virginia
https://www.ubereats.com/richmond/food-delivery/wawa-683-3199-south-crater-rd/fEFb01FXTECR3d8PwxjPbw,colonial-heights-virginia
https://www.ubereats.com/richmond/food-delivery/hooties-burger-bar-2401-w-hundred-road/L9cc8XhCQGeCwd1H6yp5KQ,colonial-heights-virginia
https://www.ubereats.com/richmond/food-delivery/el-caporal/YM6943keT7aVJRbcitOeMw,colonial-heights-virginia
https://www.ubereats.com/richmond/food-delivery/demolition-coffee/0lcW4PgxR9iujpDsKQhQQw,colonial-heights-virginia
https://www.ubereats.com/richmond/food-delivery/starbucks-colonial-heights/c5_b4LvQQg-b2i-rMVmF8g,colonial-heights-virginia
https://www.ubereats.com/richmond/food-delivery/papa-johns-3635-b-boulevard/2fWTUT8YQPKKWydBQhWYTQ,colonial-heights-virginia
https://www.ubereats.com/richmond/food-delivery/ihop-338-southpark-circle-suite-d/qmHvowC8QV6V_AHM4e1PUA,colonial-heights-virginia
https://www.ubereats.com/richmond/food-delivery/ocharleys-12301-bermuda-cross-roads/10ckwdwATKiZkWAwURHCZg,colonial-heights-virginia
https://www.ubereats.com/richmond/food-delivery/chipotle-mexican-grill-1901-southpark-blvd/WkfyAayMT5SL-jW3siYjPw,colonial-heights-virginia
https://www.ubereats.com/richmond/food-delivery/taco-bell-25318-ritchie-ave/YUYOwKqQSD6PFO7QbhEJUg,colonial-heights-virginia
https://www.ubereats.com/richmond/food-delivery/dennys-801-south-ave/tmhossxjRe6b0mdHggQq4A,colonial-heights-virginia
https://www.ubereats.com/richmond/food-delivery/auntie-annes-230-southpark-cir/eIxKZcFqReKYwmD2_LbmeQ,colonial-heights-virginia
https://www.ubereats.com/richmond/food-delivery/brothers-pizza-italian-restaurant/bhbw3CIwS8aKDu5ohPEm8Q,colonial-heights-virginia
https://www.ubereats.com/richmond/food-delivery/tropical-smoothie-cafe-12810-jefferson-davis-highway/HaLO7l3oT--1gKhG-D4_hg,colonial-heights-virginia
https://www.ubereats.com/richmond/food-delivery/traditionz-wings-%26-grill-sports-bar/oDpLG8HUQpuwwQGkip4AZw,colonial-heights-virginia
https://www.ubereats.com/richmond/food-delivery/wendys-1709-boulevard/YhnMakv9SJiluZ1QjVP5TQ,colonial-heights-virginia
https://www.ubereats.com/richmond/food-delivery/chipotle-mexican-grill-2423-w-hundred-rd/h-_1WAf-TB6DA1bG9YxJgw,colonial-heights-virginia
https://www.ubereats.com/richmond/food-delivery/wabi-sabi/hiSvbmxmTgyQLP-x5wg5pA,colonial-heights-virginia
https://www.ubereats.com/richmond/food-delivery/asian-american-restaurant/Pe7qKEYxRIS5uwbIuOAS-Q,colonial-heights-virginia
https://www.ubereats.com/richmond/food-delivery/mos-market-deli/J-qNi7O6QEKc5yc-XeURgg,colonial-heights-virginia
https://www.ubereats.com/richmond/food-delivery/hardees-2839-2135-county-drive/g0wtuiDSSgGXByP-7Y-Gjw,colonial-heights-virginia
https://www.ubereats.com/richmond/food-delivery/captain-ds-3330-s-crater-rd/PDLTNZ-iRA-OoWscpzqD6g,colonial-heights-virginia
https://www.ubereats.com/richmond/food-delivery/jersey-mikes-subs-6945-commons-plaza/VzEaLDPzSySA_V3NZj6EGA,colonial-heights-virginia
https://www.ubereats.com/richmond/food-delivery/tilted-kilt-waterside-rd/23xXPl_RSMWTu7Yv9n68NQ,colonial-heights-virginia
https://www.ubereats.com/richmond/food-delivery/captain-ds-3911-oaklawn-blvd/M4EV5ZOuTl-mEP4VTL79lg,colonial-heights-virginia
https://www.ubereats.com/richmond/food-delivery/food-truck-the-apothecary-farmacy/P3qRVT_FQN2hGX1OtIn22w,colonial-heights-virginia
https://www.ubereats.com/richmond/food-delivery/hardees-2331-12401-jefferson-davis-hwy/kfatQ_2gTymf574cCo6oLg,colonial-heights-virginia
https://www.ubereats.com/richmond/food-delivery/five-guys-va-0040-707-southpark-blvd/qdSbF7vOSU2eHcW3m9exWw,colonial-heights-virginia
https://www.ubereats.com/richmond/food-delivery/wendys-680-southpark-blvd/Jaq4qKmiT-yBBNFbVd_CEQ,colonial-heights-virginia
https://www.ubereats.com/richmond/food-delivery/marcos-pizza-1-dunlop-village/B4BSPGmJThS-ILmMhA91Bw,colonial-heights-virginia
https://www.ubereats.com/richmond/food-delivery/simonas-pizzeria/5H9sRDN0QdCScSFSRKaFgg,colonial-heights-virginia
https://www.ubereats.com/richmond/food-delivery/panda-express-12131-jefferson-davis-hwy/VaRlPW_sTg6fyNU5myuQFA,colonial-heights-virginia
https://www.ubereats.com/richmond/food-delivery/cracker-barrel-old-country-store-12401-red-water-creek-road/DcKPw-CSTT2j5PcQcxHZCA,colonial-heights-virginia
https://www.ubereats.com/richmond/food-delivery/saucys-barbq-207-e-city-point-rd/v6IMD-6XSzqKt2XZ0_l9MA,colonial-heights-virginia
https://www.ubereats.com/richmond/food-delivery/taco-bell-5322-oaklawn-blvd/kNPUbyHkSFeTzSmKnuqKqA,colonial-heights-virginia
