url,city
https://www.ubereats.com/inland-empire/food-delivery/five-guys-ca-1447-525-e-hospitality-ln/tKsYRknTRoWJOb1DHmxU_A,colton-california
https://www.ubereats.com/inland-empire/food-delivery/the-cali-grub/Tr9XHiLNSjO4KfG1nWZBuw,colton-california
https://www.ubereats.com/inland-empire/food-delivery/jersey-mikes-subs-1201-university-avenue/4GmbVtZETnO4E6BOboF_sA,colton-california
https://www.ubereats.com/inland-empire/food-delivery/jersey-mikes-subs-400-w-stuart-avenue/7ATyrFo5QYytz6cowrORMw,colton-california
https://www.ubereats.com/inland-empire/food-delivery/waba-grill-3993-north-sierra-way-san-bernardino/yzk0okvwQ6WILfbSwzloVA,colton-california
https://www.ubereats.com/palm-springs/food-delivery/waba-grill-4077-university-pkwy-san-bernardino/ti9nK2C2S8q5ZRqjqyUJPw,colton-california
https://www.ubereats.com/inland-empire/food-delivery/waba-grill-27511-san-bernardino/eagUPl35TFK3RPfagvsDww,colton-california
https://www.ubereats.com/inland-empire/food-delivery/subway-303-e-foothill-blvd-%23a/2LtKbc6zS2y_8wWNFp8J2g,colton-california
https://www.ubereats.com/inland-empire/food-delivery/kung-fu-pho/Rf_Ko2YXQue4tTymfZfWnA,colton-california
https://www.ubereats.com/inland-empire/food-delivery/jack-in-the-box-5126-arlington-ave/mKTzdjNfSayNw_a_VeF7xA,colton-california
https://www.ubereats.com/inland-empire/food-delivery/sams-bann-thai/EXHXkpThQrKGnA8T0PNoWw,colton-california
https://www.ubereats.com/palm-springs/food-delivery/ihop-4023-university/YV930X7HQjuS-82KNJQ3Xw,colton-california
https://www.ubereats.com/inland-empire/food-delivery/calis-sushi-%26-seafood/SSimpy3IQFOF0pxGBi9S6A,colton-california
https://www.ubereats.com/inland-empire/food-delivery/taco-bell-18772-valley-blvd/HGpBTGUvQi6O_z2orTfWEA,colton-california
https://www.ubereats.com/inland-empire/food-delivery/tacos-arandas-moreno-valley/bBY7Hmh-QlWeieyZjV8Vdw,colton-california
https://www.ubereats.com/palm-springs/food-delivery/jasmine-garden/AWE7DUdJSHSUvxnipUHRJA,colton-california
https://www.ubereats.com/palm-springs/food-delivery/waba-grill-1594-w-base-line-st/q1qwrABsR4ChouB1WsAnUA,colton-california
https://www.ubereats.com/inland-empire/food-delivery/carls-jr-green-burrito-3610-s-riverside-ave/rE0CkKjwRCGopaftAcSFJg,colton-california
https://www.ubereats.com/inland-empire/food-delivery/waba-grill-1920-e-highland-ave-san-bernardino/ndAIvqoNTmKwzAo4mCVgAQ,colton-california
https://www.ubereats.com/inland-empire/food-delivery/la-casa-del-taco/OpeyVZ53QrC7Uxpsbcf0jA,colton-california
https://www.ubereats.com/inland-empire/food-delivery/bakers-dozen-donuts-riverside/MwYqekETRpS4hyiFErFgOw,colton-california
https://www.ubereats.com/inland-empire/food-delivery/chapala-restaurant/0EAyh6TQRtyu8_wJusskGw,colton-california
https://www.ubereats.com/inland-empire/food-delivery/wendys-1260-w-foothill-blvd/o_Fkd9S7TqGTacenhCbZnA,colton-california
https://www.ubereats.com/inland-empire/food-delivery/dinos-pizza-wings-subs/VKVoSJeWS_eSUNDNO_4O5Q,colton-california
https://www.ubereats.com/inland-empire/food-delivery/ezze-pizza/XSkQ4sHXT52QU_auaRypyw,colton-california
https://www.ubereats.com/inland-empire/food-delivery/masters-donuts/AFnmLpUuRhyKUoGds4JCkA,colton-california
https://www.ubereats.com/inland-empire/food-delivery/hong-kong-riverside/xipA1jKjTBexeZAkTk6o6g,colton-california
https://www.ubereats.com/inland-empire/food-delivery/hooters-6225-valley-springs-pkwy/CYM-cgETTA6nGqxofjbxtA,colton-california
https://www.ubereats.com/inland-empire/food-delivery/yoshinoya-1201-university-ave-%23109b/a1FUpATjSQ2PmZUe7SSGgg,colton-california
https://www.ubereats.com/palm-springs/food-delivery/yoshinoya-1201-university-ave-%23109b/a1FUpATjSQ2PmZUe7SSGgg,colton-california
https://www.ubereats.com/inland-empire/food-delivery/claim-jumper-1905-south-commercenter-east/GM4pAvWiRvqgDlE2lhZ_vA,colton-california
https://www.ubereats.com/inland-empire/food-delivery/honey-baked-ham-san-bernardino/-UuDHpA7RM-eSSFC6h65vg,colton-california
https://www.ubereats.com/inland-empire/food-delivery/coffee-nutzz/B6-pE6wzQc2kyjaQYvXZpw,colton-california
https://www.ubereats.com/inland-empire/food-delivery/sunnymead-burgers/NETFFRNBT2yLroWy1yj75Q,colton-california
https://www.ubereats.com/inland-empire/food-delivery/firehouse-subs-loma-linda/53vRfIE_T6ykbysOFXaVcg,colton-california
https://www.ubereats.com/inland-empire/food-delivery/hurricane-wings-10067-sierra-ave/-z5nfcHaQhCwFq2XPJMv_A,colton-california
https://www.ubereats.com/inland-empire/food-delivery/papa-johns-highland/xwKbMWJpRZ694HZev2C7qw,colton-california
https://www.ubereats.com/inland-empire/food-delivery/starbucks-riverside-%26-san-bernardino/F5mRU77OTCaIxRBl5atJnQ,colton-california
https://www.ubereats.com/inland-empire/food-delivery/noyes-bakery/T_9RFZkRSgmd9Mvdi79wcg,colton-california
https://www.ubereats.com/inland-empire/food-delivery/del-taco-519-s-riverside-ave/jDcydOTuTwK0uZcphuloLw,colton-california
https://www.ubereats.com/palm-springs/food-delivery/tea-terminals/z9X1L6TDQr6KPPyBJIe7Tw,colton-california
https://www.ubereats.com/inland-empire/food-delivery/chipotle-mexican-grill-635-orange-st/BiwcDV98THWpN0BUCzvoyQ,colton-california
https://www.ubereats.com/inland-empire/food-delivery/charleys-philly-steaks-inland-center-mall/dWCDIepgSrSs6JPsGRrX6A,colton-california
https://www.ubereats.com/palm-springs/food-delivery/cha2o/mkSlUn_7QJWB9-Lz7ghfpw,colton-california
https://www.ubereats.com/inland-empire/food-delivery/el-pollo-loco-2200-university-ave3695/FjfY02KLRUGbVohI2OaOaw,colton-california
https://www.ubereats.com/inland-empire/food-delivery/jamba-juice-1078-east-hospitality-lane-ste-f/5Kg6sXusS72g9iiWEPvZcA,colton-california
https://www.ubereats.com/inland-empire/food-delivery/jamba-juice-1725-northpark-blvd-unit-2/G17iP9nbScOI8nrsginGcg,colton-california
https://www.ubereats.com/inland-empire/food-delivery/tacos-melanos/nbJYkM-MSUuIlhvOIHVfIA,colton-california
https://www.ubereats.com/inland-empire/food-delivery/jack-in-the-box-1605-e-highland-ave/agCnteqOTn6E0__l2ly5Ng,colton-california
https://www.ubereats.com/palm-springs/food-delivery/ihop-2575-highland-ave/xi5ttCaiTa2YaMdaRK5DZg,colton-california
https://www.ubereats.com/inland-empire/food-delivery/mcdonalds-2246-iowa-avenue/QiFXzGtrRQmFkpHro--xkA,colton-california
https://www.ubereats.com/inland-empire/food-delivery/el-ojo-de-agua-taqueria/4xItuGqeSwSf6C-NMghHuw,colton-california
https://www.ubereats.com/inland-empire/food-delivery/waba-grill-1040-s-mt-vernon-ave/5q_c0sQsQsWX48t9yiIkHA,colton-california
https://www.ubereats.com/inland-empire/food-delivery/starbucks-mountain-view-%26-barton/62XVOEX5R0mF4nKWxuUQEw,colton-california
https://www.ubereats.com/inland-empire/food-delivery/farmer-boys/K2qdcD3yQXqcPi6MJLyhHA,colton-california
https://www.ubereats.com/inland-empire/food-delivery/the-buffalo-spot-riverside/gspx3kH8Qe6X9tMuxTWkUg,colton-california
https://www.ubereats.com/inland-empire/food-delivery/del-taco-1177-west-la-cadena-drive/iv4i8my3QOKMVIzsnVXoeg,colton-california
https://www.ubereats.com/inland-empire/food-delivery/california-pizza-kitchen-3540-riverside-plaza-ste-%23308/xo50G-JZRFaC_h2a4N3DrQ,colton-california
https://www.ubereats.com/inland-empire/food-delivery/baja-california-bar-%26-grill-fontana/jLyMjPM3QR603rOAAOdP4A,colton-california
https://www.ubereats.com/inland-empire/food-delivery/tomo-7-sushi/68PTkoU2R9KXmOfICoHG6A,colton-california
https://www.ubereats.com/inland-empire/food-delivery/my-hero-subs/PcBzC7bXRwW8JD09BSpy9Q,colton-california
https://www.ubereats.com/inland-empire/food-delivery/la-michoacana-ice-cream-parlor-colton/oG7LtZvMR86kRVDD_cSJbg,colton-california
https://www.ubereats.com/inland-empire/food-delivery/el-pollo-loco-1210-w-colton-ave5790/bl-2IuEHRCOkEmTBqWPyYQ,colton-california
https://www.ubereats.com/inland-empire/food-delivery/panda-express-1605-s-riverside-ave/t7KzEaCGSbGqtAZ3eI02CQ,colton-california
https://www.ubereats.com/palm-springs/food-delivery/farmer-boys-mountain-view-ave/oDGzgbG3QX-zKe85F_DJpA,colton-california
https://www.ubereats.com/palm-springs/food-delivery/mollys-cafe/HyUvZgPyQBegByD9m88j7w,colton-california
https://www.ubereats.com/inland-empire/food-delivery/carls-jr-25055-elder-ave/kSsyyr8jSECam__cAIf6dA,colton-california
https://www.ubereats.com/inland-empire/food-delivery/ozzies-teppanyaki-grill/VkvbdOH8T0uvzi8aUF3fzA,colton-california
https://www.ubereats.com/inland-empire/food-delivery/churchs-chicken-299-east-baseline/6bxSiBgdQAS77KHw4sinYA,colton-california
https://www.ubereats.com/inland-empire/food-delivery/farmer-boys-mountain-view-ave/oDGzgbG3QX-zKe85F_DJpA,colton-california
https://www.ubereats.com/palm-springs/food-delivery/the-old-spaghetti-factory-redlands/iyG1zS4wTnKp9lu-EwQAmg,colton-california
https://www.ubereats.com/inland-empire/food-delivery/papa-johns-fontana-valley-blvd/ogc6YiSDTpSa_4WPdb6g9w,colton-california
https://www.ubereats.com/inland-empire/food-delivery/chipotle-mexican-grill-1092-e-hospitality-ln-ste-b/XTA2-4gaRleQsx2rIDig4Q,colton-california
https://www.ubereats.com/inland-empire/food-delivery/el-pollo-loco-758-west-highland-avenue3669/mfVHTMYlSU6r7V7GVwhxcA,colton-california
https://www.ubereats.com/inland-empire/food-delivery/blaze-pizza-1155-w-renaissance-pkwy-%23500/NgcOnXhyQqyr6ulU4eSpVw,colton-california
https://www.ubereats.com/palm-springs/food-delivery/coffee-nutzz-of-rialto/CjpQree8T9-fJ5TklhHz1g,colton-california
https://www.ubereats.com/inland-empire/food-delivery/poke-tology/djfIXi1NRXyrVBtIiN5EKw,colton-california
https://www.ubereats.com/inland-empire/food-delivery/ahipoki-bowl-rialto/boExZKKYQsOYVPfwODm3ew,colton-california
https://www.ubereats.com/inland-empire/food-delivery/winchells-donut-house-9844-sierra-ave/Xl3lLbFcQ0K-MxHYTi-ymg,colton-california
https://www.ubereats.com/inland-empire/food-delivery/papa-johns-colton/PQRg0zLLSJW5bDSjSCelug,colton-california
https://www.ubereats.com/inland-empire/food-delivery/cinnabon-500-inland-center-dr/Z7z8_pNWSXuQ3BJE0CyTgw,colton-california
https://www.ubereats.com/inland-empire/food-delivery/starbucks-sierra-%26-valley/xz6L8sjySlCFpW8WERUE9A,colton-california
https://www.ubereats.com/palm-springs/food-delivery/simplee-boba-loma-linda/7ZcYknzMQwm9qccfTCYmZA,colton-california
https://www.ubereats.com/inland-empire/food-delivery/subway-12081-mt-vernon-ave/0OzXkTQ2RhGLsVkGtu3hjw,colton-california
https://www.ubereats.com/inland-empire/food-delivery/krispy-krunchy-chicken-2278-main-st/A0B-COW1SFSeJg5rm1-NBg,colton-california
https://www.ubereats.com/palm-springs/food-delivery/california-pizza-kitchen-3540-riverside-plaza-ste-%23308/xo50G-JZRFaC_h2a4N3DrQ,colton-california
https://www.ubereats.com/inland-empire/food-delivery/mercado-don-juan/GWk7lrUbQcCyxK9cX6gsoA,colton-california
https://www.ubereats.com/inland-empire/food-delivery/five-guys-ca-1271-10060-alabama-street/fY4rXyYCToSu9RpYywGrmQ,colton-california
https://www.ubereats.com/palm-springs/food-delivery/ihop-9781-sierra-ave/Lbb6z8YtSOKvWjFzJ12GHw,colton-california
https://www.ubereats.com/inland-empire/food-delivery/carnitas-michoacan/2REWmxFMRGqWFok_YT8eOg,colton-california
https://www.ubereats.com/inland-empire/food-delivery/panera-1056-e-hospitality-lane/a8izKi1sRreJtXoSeF1L8A,colton-california
https://www.ubereats.com/inland-empire/food-delivery/carls-jr-green-burrito-192-e-redlands-blvd/4k4JDidwQ86kare8-pExqw,colton-california
https://www.ubereats.com/inland-empire/food-delivery/waba-grill-27923-greenspot-road-suite-d/rch79OnET52LDbNSVfvZbA,colton-california
https://www.ubereats.com/inland-empire/food-delivery/carls-jr-293-e-40th-st/K2Rmu4lUTO2nYPmk2JkGlQ,colton-california
https://www.ubereats.com/inland-empire/food-delivery/rays-pizza-riverside/KM6qx4LRSbKYsC7QAo-mdQ,colton-california
https://www.ubereats.com/inland-empire/food-delivery/garden-thai-cuisine/Wh1reSjeTV-0fM7yVuUYBg,colton-california
https://www.ubereats.com/inland-empire/food-delivery/panda-express-12610-day-street/mc5-AvkDSzeRHqd-rebfqA,colton-california
https://www.ubereats.com/inland-empire/food-delivery/burger-king-205-east-redlands/vgZeUBbpRIu0J4hafq1j0A,colton-california
https://www.ubereats.com/inland-empire/food-delivery/del-taco-2665-s-waterman-ave/CuOyaMpKSq6PQjjkAEy--g,colton-california
https://www.ubereats.com/inland-empire/food-delivery/tea-terminals/z9X1L6TDQr6KPPyBJIe7Tw,colton-california
https://www.ubereats.com/inland-empire/food-delivery/waba-grill-2585-canyon-springs-parkway-riverside/-cTFfyY5S4C5NYFHDwiEeQ,colton-california
https://www.ubereats.com/inland-empire/food-delivery/del-taco-2002-e-highland-ave/bwWTij3RTjqNTcf3m8ay6g,colton-california
https://www.ubereats.com/inland-empire/food-delivery/delhi-palace/OFesaDm3TxiHzQANegKirA,colton-california
https://www.ubereats.com/inland-empire/food-delivery/mariscos-las-reynitas/2eQyqzZqSUeybkJTjNbCfQ,colton-california
https://www.ubereats.com/inland-empire/food-delivery/tacos-y-tortas-michoacan/jhYLkgkxSNm7txUHCAyC2w,colton-california
https://www.ubereats.com/inland-empire/food-delivery/krak-boba/U0ZRAkIgQ8aGGeno_vNukw,colton-california
https://www.ubereats.com/inland-empire/food-delivery/indias-clay-oven-san-bernardino/SneAhFjtROKW8CXuHZGx-A,colton-california
https://www.ubereats.com/inland-empire/food-delivery/fufus-mediterranean-grill/X0lEmjkmQ_a48UHYK-ZHDg,colton-california
https://www.ubereats.com/inland-empire/food-delivery/soho-ramen/aXbKxjK_R6qg1yvMua2lRg,colton-california
https://www.ubereats.com/inland-empire/food-delivery/jack-in-the-box-1199-n-mt-vernon-ave/K_y6K6EeShWmqS_IzwMViQ,colton-california
https://www.ubereats.com/inland-empire/food-delivery/alamillas-mexican-food/fvD6I-J2TGS0hXxJT0lFbQ,colton-california
https://www.ubereats.com/inland-empire/food-delivery/tios-tacos-jr/XmqqYq8tQsC3JpsgoHMO0g,colton-california
https://www.ubereats.com/palm-springs/food-delivery/farmer-boys-sierra-lakes-parkway/cy4So1ihSNaOKBKeJenDtw,colton-california
https://www.ubereats.com/inland-empire/food-delivery/golden-pizza/_hTdzS7AR-qu-LX8kv51Zg,colton-california
https://www.ubereats.com/inland-empire/food-delivery/ajs-bagels/bECzcvqiSF2SItKI8YCOJQ,colton-california
https://www.ubereats.com/inland-empire/food-delivery/cha2o/mkSlUn_7QJWB9-Lz7ghfpw,colton-california
https://www.ubereats.com/palm-springs/food-delivery/kays-cafe/XeOgPGQeSEug2sbskj4YVQ,colton-california
https://www.ubereats.com/inland-empire/food-delivery/mcdonalds-1208-n-mt-vernon-blvd/xmHpZrDxTrOVQupRkr1How,colton-california
https://www.ubereats.com/palm-springs/food-delivery/crest-cafe-riverside/p_bYgUPLRk-mMQEnAe_A6g,colton-california
https://www.ubereats.com/inland-empire/food-delivery/jasmine-thai-cuisine/dZkE_lLHQ16CQHPG4okn_Q,colton-california
https://www.ubereats.com/inland-empire/food-delivery/rubios-2694-canyon-spr-pkwy/BfxOynvuSqqvkwpsspQj7g,colton-california
https://www.ubereats.com/inland-empire/food-delivery/burger-king-2167-university-avenue/c8qKMc_ZQ0OKa_QXQT3PxQ,colton-california
https://www.ubereats.com/inland-empire/food-delivery/applebees-12600-day-street-%2379065/okWwR3IET6yMk6kzZfkuOg,colton-california
https://www.ubereats.com/inland-empire/food-delivery/redhill-coffee-shop-fontana/oIxFZyCvROq5MKsnUjnH4w,colton-california
https://www.ubereats.com/inland-empire/food-delivery/golden-pizza/QUOJpgLfRi-ezPMyyR1wYg,colton-california
https://www.ubereats.com/inland-empire/food-delivery/subway-1645-s-riverside-ave/gb9MePKxQjKxYOGZteS93A,colton-california
https://www.ubereats.com/inland-empire/food-delivery/carls-jr-7261-boulder-ave/PeVgPkuvSqC6FegO0bDW2Q,colton-california
https://www.ubereats.com/inland-empire/food-delivery/burger-king-120-west-valley-boulevard/_SFThcpMSbKLcVNsrncp3Q,colton-california
https://www.ubereats.com/inland-empire/food-delivery/daves-new-york-pizza/8-98ayt7SzGLgJZm27kJCw,colton-california
https://www.ubereats.com/inland-empire/food-delivery/don-orange-tacos/H0s0Cm0CTf69U7LkXf-gHA,colton-california
https://www.ubereats.com/inland-empire/food-delivery/del-taco-834-w-valley-blvd/2r0FAafHSMudXmoiB5xiYQ,colton-california
https://www.ubereats.com/inland-empire/food-delivery/taqueria-mi-ranchito-alegre/DSh820WfTtqG2ydBVg760w,colton-california
https://www.ubereats.com/inland-empire/food-delivery/subway-1130-n-pepper-ave-%23a/U4fr7y9LRC655bLXpIkz-A,colton-california
https://www.ubereats.com/inland-empire/food-delivery/mod-pizza-redlands/UC3bX1OxQKa_eJzz-XxoKQ,colton-california
https://www.ubereats.com/inland-empire/food-delivery/red-lobster-195-e-hospitality-lane/bvzWXz6GRPGYB151OxAjYQ,colton-california
https://www.ubereats.com/inland-empire/food-delivery/jack-in-the-box-3886-chicago-ave/sEkOHRnZR9OXFLs-brJAQg,colton-california
https://www.ubereats.com/inland-empire/food-delivery/krispy-krunchy-chicken-10510-sierra-ave/XwG83wyFSGizR3Qge8A0-Q,colton-california
https://www.ubereats.com/inland-empire/food-delivery/applebees-4070-e-highland-avenue-%2379051/JBk3ophpSHqtHWzWaO0vZg,colton-california
https://www.ubereats.com/inland-empire/food-delivery/oggis-sports-%7C-brewhouse-%7C-pizza-fontana/JZzakotMQeWiIz1o_NPhrg,colton-california
https://www.ubereats.com/inland-empire/food-delivery/jack-in-the-box-11020-s-highland-avenue/jaD9_qxhRHWslgv4_BRRJw,colton-california
https://www.ubereats.com/palm-springs/food-delivery/goodys/t2mpai7ATiCSWPpJMkkgQA,colton-california
https://www.ubereats.com/inland-empire/food-delivery/mr-taco-fresh-mexican-grill-main-st/z8PTh1JMR56c6d8fhRkxhQ,colton-california
https://www.ubereats.com/inland-empire/food-delivery/waba-grill-24940-redlands-blvd-loma-linda/DK7LUX9CQie1CBDOWqq1ng,colton-california
https://www.ubereats.com/inland-empire/food-delivery/pig-pen-delicacy-riverside/D-nAo27QR1O2RayA0Bx03w,colton-california
https://www.ubereats.com/inland-empire/food-delivery/wendys-1991-redlands-blvd/iIZFFnVPSvydgghurovBjA,colton-california
https://www.ubereats.com/inland-empire/food-delivery/mcdonalds-100-e-redlands-blvd/IHkddYRVSDydIIvwgyPj3g,colton-california
https://www.ubereats.com/inland-empire/food-delivery/arbys-670-se-st/t43ea-bzSnGiCPesXtPK3A,colton-california
https://www.ubereats.com/palm-springs/food-delivery/starbucks-blaine-riverside/QlxL9vsvRD6VgBjWtkPSnQ,colton-california
https://www.ubereats.com/inland-empire/food-delivery/mcdonalds-1615-s-riverside/0CEcrk0gQuCipA213ZgfXw,colton-california
https://www.ubereats.com/palm-springs/food-delivery/farmer-boys-university-ave/z32CHI7CRwWmkbgdkaGXKA,colton-california
https://www.ubereats.com/inland-empire/food-delivery/jersey-mikes-subs-12625-frederick-street/N9c5w0OlTvKagO-GIW-YBw,colton-california
https://www.ubereats.com/inland-empire/food-delivery/bloom-%26-butter/a9NFJEiZQZ2BXJoGPhUedQ,colton-california
https://www.ubereats.com/inland-empire/food-delivery/yogurtland-631-orange-st/pOJeZm8ZQUaX7G_-SHvwiw,colton-california
https://www.ubereats.com/inland-empire/food-delivery/pappasitos-mexican-grill-%26-seafood/OZaiWJ2rQvCvpEI_8_F9Fw,colton-california
https://www.ubereats.com/inland-empire/food-delivery/the-habit-burger-grill-3555-riverside-plaza-dr-suite-100/xhj0Ae0FSbmHnIfO_BTZzw,colton-california
https://www.ubereats.com/palm-springs/food-delivery/starbucks-215-%26-iowa/-r-KPV4xRRK31dwH00itug,colton-california
https://www.ubereats.com/inland-empire/food-delivery/la-pizza-loca-san-bernardino/011ucI1nR_GxLPokrdMHnA,colton-california
https://www.ubereats.com/inland-empire/food-delivery/antonious-pizza-%26-cafe/kDuvCDL1RJ6FX28FVywrBA,colton-california
https://www.ubereats.com/inland-empire/food-delivery/subway-2097-e-washington-st/qQi299y1SYSafimXsvJVKA,colton-california
https://www.ubereats.com/inland-empire/food-delivery/applebees-3820-mulberry-%2379053/r8gzGMOlRCKZgetuF-asMw,colton-california
https://www.ubereats.com/inland-empire/food-delivery/mahachai-thai-cuisine/VST576cZQHm1mThy6__K2A,colton-california
https://www.ubereats.com/inland-empire/food-delivery/burger-king-503-east-foothill/wo3RSnIwRgqFVHR5OckIfw,colton-california
https://www.ubereats.com/inland-empire/food-delivery/kfc-taco-bell-792-w-valley-blvd/vfB6447fRQqCf2sulRc5WA,colton-california
https://www.ubereats.com/inland-empire/food-delivery/pietros-italian-cuisine/X6YNVxrYRge5iGeyMo1_AQ,colton-california
https://www.ubereats.com/inland-empire/food-delivery/jack-in-the-box-1562-s-riverside-ave/7AqK4lLhSc-nDnz6vUA2JQ,colton-california
https://www.ubereats.com/inland-empire/food-delivery/macaroni-grill-redlands/ddIAzv6BRma_6S7PFpuLIA,colton-california
https://www.ubereats.com/inland-empire/food-delivery/taco-bell-1225-w-colton/w0JZqxgMSyaHCXJ4xoq8Qg,colton-california
https://www.ubereats.com/inland-empire/food-delivery/bobos-pizza/w9pbHDiAS5y7FrRQKut3NA,colton-california
https://www.ubereats.com/palm-springs/food-delivery/starbucks-orange-tree-lane-alabama/4P2-oW5sR3iV7ieT6a6Dow,colton-california
https://www.ubereats.com/inland-empire/food-delivery/black-bear-diner-24949-sunnymead-boulevard/fJ2sJAAWR9iYCs1-UHisoQ,colton-california
https://www.ubereats.com/inland-empire/food-delivery/jack-in-the-box-497-s-e-st/qxEQSyluRBG2r2DuCg9eNg,colton-california
https://www.ubereats.com/inland-empire/food-delivery/pasquallys-pizza-%26-wings-777-east-hospitality-lane/c2m5yL2XRYanuwYqzQYvNQ,colton-california
https://www.ubereats.com/inland-empire/food-delivery/genkiyaki/aYmKcrBYQvqLRha_J0ZKLw,colton-california
https://www.ubereats.com/inland-empire/food-delivery/popeyes-louisiana-kitchen-1320-w-baseline-rd/MjwP-_gJQveSQxv6YjgiUQ,colton-california
https://www.ubereats.com/inland-empire/food-delivery/dennys-160-w-valley-blvd/7S6qKoPdQB6n2sf049PNEQ,colton-california
https://www.ubereats.com/inland-empire/food-delivery/jack-in-the-box-1371-blaine-st/AWvqIffLQWWbCy56qzNeXw,colton-california
https://www.ubereats.com/palm-springs/food-delivery/the-cupcake-and-espresso-bar-day-street/WjZOwA1ASnaYiI2GemGSAw,colton-california
https://www.ubereats.com/inland-empire/food-delivery/del-taco-1255-university-ave/T-mSGShHQLuq_eog9BZmmw,colton-california
https://www.ubereats.com/inland-empire/food-delivery/amapola-rico-taco-baseline/NuQAI9waRtu7nrYAHvUrfQ,colton-california
https://www.ubereats.com/inland-empire/food-delivery/papa-johns-san-bernardino/o8Gakv59SPuWvck7BEYsAA,colton-california
https://www.ubereats.com/inland-empire/food-delivery/ihop-2575-highland-ave/xi5ttCaiTa2YaMdaRK5DZg,colton-california
https://www.ubereats.com/inland-empire/food-delivery/churchs-chicken-8909-sierra-avenue/iWIjptVCRAGLlYcXA0zhxA,colton-california
https://www.ubereats.com/inland-empire/food-delivery/wienerschnitzel-1961-redlands-blvd/5TZoYxEoSqC6rk2uA_iI1w,colton-california
https://www.ubereats.com/inland-empire/food-delivery/farmer-boys-alessando-blvd/spOqJ2JDReuO2yjVMHuf2w,colton-california
https://www.ubereats.com/inland-empire/food-delivery/panda-express-2005-w-redlands-blvd/2pkDo2hBS5aqL3uIBBAs3A,colton-california
https://www.ubereats.com/palm-springs/food-delivery/burgerim/6YSFG0msQAup7sX_0wMDRQ,colton-california
https://www.ubereats.com/inland-empire/food-delivery/cold-stone-creamery-15068-summit-ave-ste-520/e_ov20OzS2C3WaPlCQvVUg,colton-california
https://www.ubereats.com/inland-empire/food-delivery/margaritas-grill-restaurant/Ri3Bl5jdRyeqiER87LVL3w,colton-california
https://www.ubereats.com/inland-empire/food-delivery/east-coast-bagel-riverside/DPdfasHtTu6o3rABulvpqg,colton-california
https://www.ubereats.com/inland-empire/food-delivery/papa-johns-8022-limonite-ave/a2_G9tk3TyeQYUsl3ULmOA,colton-california
https://www.ubereats.com/inland-empire/food-delivery/golden-china-restaurant/OVQR82v4RsCoCxis9yxCvg,colton-california
https://www.ubereats.com/palm-springs/food-delivery/chinatown-chinese-restaurant/CSIxnQYaRumji3qZH5D6Cw,colton-california
https://www.ubereats.com/inland-empire/food-delivery/liquid-tea-bar/m_7I94CSTxWq1F-0xTlpFw,colton-california
https://www.ubereats.com/inland-empire/food-delivery/jack-in-the-box-756-w-valley-blvd/2w7oOrysTPm_1KfXUDBVKg,colton-california
https://www.ubereats.com/palm-springs/food-delivery/macaroni-grill-redlands/ddIAzv6BRma_6S7PFpuLIA,colton-california
https://www.ubereats.com/inland-empire/food-delivery/castanedas-mexican-food-university-ave-riverside-ca/Kwok3zrBT72TDfz771UwPw,colton-california
https://www.ubereats.com/palm-springs/food-delivery/starbucks-210-%26-ayala-dr-rialto/AY7i900RSMy9-Gb3krOgbA,colton-california
https://www.ubereats.com/palm-springs/food-delivery/ramenkoko/rHUTFwegSvu4E1m9QriggQ,colton-california
https://www.ubereats.com/inland-empire/food-delivery/bluewater-poke/FmWlX5KSRByiEs15fJdzRA,colton-california
https://www.ubereats.com/inland-empire/food-delivery/mary-stewarts-southern-soul-food/XVicujevTdGhdNFiAYF7qw,colton-california
https://www.ubereats.com/inland-empire/food-delivery/elias-pita-riverside/Zw5kjDiPSeiJgXFsw8yE0Q,colton-california
https://www.ubereats.com/inland-empire/food-delivery/dennys-1190-s-mt-vernon/XCmZ_IAeTgSTlRdtyCXgkA,colton-california
https://www.ubereats.com/inland-empire/food-delivery/panda-express-1170-w-renaissance-pkwy/J684kWVHQVe_Y_Sa9_wV4A,colton-california
https://www.ubereats.com/inland-empire/food-delivery/waba-grill-1290-foothill-blvd-rialto/Sz3QuNp4QZ-M-WI3a6QPeA,colton-california
https://www.ubereats.com/palm-springs/food-delivery/farmer-boys-s-riverside-ave/elaKFyCoSyuY0uwY_zo-8A,colton-california
https://www.ubereats.com/inland-empire/food-delivery/chapter-two/jRH0F2PjRSGmmmLAVGC5Jw,colton-california
https://www.ubereats.com/inland-empire/food-delivery/king-kebab/Z4weHhkwRHemnYAkxbGLgQ,colton-california
https://www.ubereats.com/inland-empire/food-delivery/mcdonalds-225-w-valley-blvd/GCTD2ILUQ8KP51C_LGX6ow,colton-california
https://www.ubereats.com/inland-empire/food-delivery/waba-grill-25717-barton-rd-loma-linda/GjvUf6t6SIyJi6fLtD8nxw,colton-california
https://www.ubereats.com/inland-empire/food-delivery/toms-%231-worlds-famous-chiliburgers/YXSc97JfSG-csp83Gc5w-A,colton-california
https://www.ubereats.com/inland-empire/food-delivery/sharetea-3740-iowa/5Ossqjg6RmW43kmxtQrIsw,colton-california
https://www.ubereats.com/inland-empire/food-delivery/albertacos-mexican-food/9fyLY2ApS5CdABL4pbXW3A,colton-california
https://www.ubereats.com/inland-empire/food-delivery/cajun-crab/jl47YrVyT0q5KAK45Dlmmw,colton-california
https://www.ubereats.com/inland-empire/food-delivery/churchs-chicken-24440-a-allessandro-blvd/jGf9WA_cQNGL6OY1kBSKSw,colton-california
https://www.ubereats.com/inland-empire/food-delivery/jack-in-the-box-2780-s-iowa-ave/Bew6c1y5T4WDJoWOcY0BaA,colton-california
https://www.ubereats.com/palm-springs/food-delivery/carls-jr-green-burrito-1180-s-mount-vernon-ave/aqbtjJt0SlSXorlloib4jQ,colton-california
https://www.ubereats.com/inland-empire/food-delivery/jamba-juice-1242-university-ave-ste-3/eTVDPmyzQgaEOLJbHTcZ8w,colton-california
https://www.ubereats.com/inland-empire/food-delivery/panda-express-500-inland-center-drive/IhUaoNOrSdiOiurEw0L5dg,colton-california
https://www.ubereats.com/inland-empire/food-delivery/sushiya-riverside/CFULPmYKTkaKi19Aknqbgg,colton-california
https://www.ubereats.com/inland-empire/food-delivery/subway-1588-west-base-line-road/Yffuzk0gT7aBFDgai1kb3w,colton-california
https://www.ubereats.com/inland-empire/food-delivery/taste-of-thai/s_gXac6PQnSgk7rPUrY5cQ,colton-california
https://www.ubereats.com/inland-empire/food-delivery/starbucks-3rd-%26-market-riverside/sVG1ukGeS0yiToaOENYx1w,colton-california
https://www.ubereats.com/inland-empire/food-delivery/outback-steakhouse-620-e-hospitality-lane/Eq32F5WqQemJo6XrhD78ow,colton-california
https://www.ubereats.com/palm-springs/food-delivery/tower-pizza/o8aooGGvRUaAjtF8I5bhMA,colton-california
https://www.ubereats.com/inland-empire/food-delivery/jamba-juice-1155-west-renaissance-parkway-suite-510/lvJ3asYVRyOHBwphic41vA,colton-california
https://www.ubereats.com/inland-empire/food-delivery/burger-king-935-north-waterman/JlVSGhfYS7aj94PSpLTv1A,colton-california
https://www.ubereats.com/inland-empire/food-delivery/jade-inn/R6l8mEzCT8qmwdpr0F5m3w,colton-california
https://www.ubereats.com/palm-springs/food-delivery/jovis-diner/TxNSTpiqS_CcsEa04W306Q,colton-california
https://www.ubereats.com/palm-springs/food-delivery/the-cookie-plug/SXB2UUFfSl60FO3PyOtkQw,colton-california
https://www.ubereats.com/palm-springs/food-delivery/matsuri-japanese-restaurant/fm478QNaST2aSsmF1nUeCQ,colton-california
https://www.ubereats.com/inland-empire/food-delivery/hot-dog-on-a-stick-110-inland-ctr/C8P92-wTTpWSHUnWXs6bAA,colton-california
https://www.ubereats.com/inland-empire/food-delivery/the-wall-restaurant-redlands/Sy0yZUhaRyWD0R1VmQky7g,colton-california
https://www.ubereats.com/palm-springs/food-delivery/waba-grill-27923-greenspot-road-suite-d/rch79OnET52LDbNSVfvZbA,colton-california
https://www.ubereats.com/inland-empire/food-delivery/bostons-restaurant-%26-sports-bar-16927-sierra-lakes-pkwy/odk13SRTR6KHXhfvs03G5A,colton-california
https://www.ubereats.com/inland-empire/food-delivery/bk-subs-loma-linda/VexN3bu0QkCKhLUq3vm68g,colton-california
https://www.ubereats.com/inland-empire/food-delivery/farmer-boys-rubidoux/2DNecXAZSfiVqCHP8iXdDg,colton-california
https://www.ubereats.com/inland-empire/food-delivery/farmer-boys-sierra-lakes-parkway/cy4So1ihSNaOKBKeJenDtw,colton-california
https://www.ubereats.com/inland-empire/food-delivery/eureka!-redlands/oqlIEz4-SzSvr3yYCpu6Aw,colton-california
https://www.ubereats.com/inland-empire/food-delivery/farmer-boys-kendall-drive/3EL62pmaRp6U2UDF6iPjRg,colton-california
https://www.ubereats.com/palm-springs/food-delivery/the-tamale-factory/YFs3Hc3iTpWHfySg95GwUA,colton-california
https://www.ubereats.com/inland-empire/food-delivery/mcdonalds-6815-valley-way/OpaZNb76QROHLFsdaqAP4w,colton-california
https://www.ubereats.com/palm-springs/food-delivery/nekter-juice-bar-riverside/15FQIWPPQhG3HiaZRzMpYw,colton-california
https://www.ubereats.com/inland-empire/food-delivery/mirchi/zQQUqpOASeWLijyfS9ugow,colton-california
https://www.ubereats.com/inland-empire/food-delivery/lemonshark-poke-san-bernardino/t8g37VXIR1qgzk54QvI2FA,colton-california
https://www.ubereats.com/palm-springs/food-delivery/miyagi-sushi/ADxLllz_TtOIvQIK4a4ZSw,colton-california
https://www.ubereats.com/palm-springs/food-delivery/lees-sandwiches-riverside/hKNPRPJ3SZKh4PlN6TgYew,colton-california
https://www.ubereats.com/inland-empire/food-delivery/california-fish-grill-redlands/Ih2ZyncsR3ia6YUpSnlazA,colton-california
https://www.ubereats.com/inland-empire/food-delivery/jack-in-the-box-1115-w-la-cadena-dr/Sp-iECYORq6fZeR4E5eg9Q,colton-california
https://www.ubereats.com/inland-empire/food-delivery/jovis-diner/TxNSTpiqS_CcsEa04W306Q,colton-california
https://www.ubereats.com/inland-empire/food-delivery/naan-cafe/MIs7eUErTYKKVmty5Sm4bQ,colton-california
https://www.ubereats.com/palm-springs/food-delivery/farmer-boys-kendall-drive/3EL62pmaRp6U2UDF6iPjRg,colton-california
https://www.ubereats.com/inland-empire/food-delivery/freshii-inland-empire/CanfvMzMTAOpSwvozno6gg,colton-california
https://www.ubereats.com/inland-empire/food-delivery/starbucks-orange-tree-lane-alabama/4P2-oW5sR3iV7ieT6a6Dow,colton-california
https://www.ubereats.com/palm-springs/food-delivery/farmer-boys/K2qdcD3yQXqcPi6MJLyhHA,colton-california
https://www.ubereats.com/inland-empire/food-delivery/jack-in-the-box-1141-w-highland-ave/VL3TPkX6SJ-65-f8cZZXWg,colton-california
https://www.ubereats.com/inland-empire/food-delivery/starbucks-blaine-riverside/QlxL9vsvRD6VgBjWtkPSnQ,colton-california
https://www.ubereats.com/inland-empire/food-delivery/el-viejon-mariscos-and-sushi/ytR2TtYXTlGxmsZwoZXi6g,colton-california
https://www.ubereats.com/inland-empire/food-delivery/wienerschnitzel-1102-n-waterman/iovcjWqtRWyOAIEGKigITg,colton-california
https://www.ubereats.com/palm-springs/food-delivery/the-flame-broiler-1201-university-ave/Di7fjvO1RFiOnFukMz8ytQ,colton-california
https://www.ubereats.com/inland-empire/food-delivery/farmer-boys-s-riverside-ave/elaKFyCoSyuY0uwY_zo-8A,colton-california
https://www.ubereats.com/inland-empire/food-delivery/pollo-campero-san-bernardino-harriman-place/R6K33o9cRdO13Z9tQLjlYA,colton-california
https://www.ubereats.com/inland-empire/food-delivery/seattles-best-teriyaki/E5CS36tJRrCbiW7ToLgzhg,colton-california
https://www.ubereats.com/inland-empire/food-delivery/bjs-restaurant-%26-brewhouse-22920-centerpoint-drive/4D8nJK94SYCjtQNuJtBp2A,colton-california
https://www.ubereats.com/inland-empire/food-delivery/mariscos-mi-lindo-sinaloa-rialto/XNE2DFY2Td-5pw6KAFR1uQ,colton-california
https://www.ubereats.com/inland-empire/food-delivery/kfc-%2314-2007-e-highland-ave/heFrQnFCTC6ZonkU9d6OrQ,colton-california
https://www.ubereats.com/inland-empire/food-delivery/jersey-mikes-subs-1310-s-riverside-avenue/FKDC2st-RVKw4sDVtGBVfg,colton-california
https://www.ubereats.com/inland-empire/food-delivery/family-homestyle-cafe/R_8V-CplQ2amXtoGjA3Wdw,colton-california
https://www.ubereats.com/inland-empire/food-delivery/river-khwae-thai-cuisine/jtG3icv1Spa0cnjaSGxmMQ,colton-california
https://www.ubereats.com/inland-empire/food-delivery/which-wich-%23649/wVvliy4gTKShbN__L-yr5w,colton-california
https://www.ubereats.com/inland-empire/food-delivery/el-gallo-giro-fontana/2xYLsvZrT96Et4wsC5Ajqg,colton-california
https://www.ubereats.com/palm-springs/food-delivery/applebees-12600-day-street-%2379065/okWwR3IET6yMk6kzZfkuOg,colton-california
https://www.ubereats.com/palm-springs/food-delivery/tomo-7-sushi/68PTkoU2R9KXmOfICoHG6A,colton-california
https://www.ubereats.com/palm-springs/food-delivery/golden-dragon/A9nCVgLeRJysf4fpXQyW_A,colton-california
https://www.ubereats.com/palm-springs/food-delivery/kung-fu-pho/Rf_Ko2YXQue4tTymfZfWnA,colton-california
https://www.ubereats.com/inland-empire/food-delivery/carls-jr-524-inland-center-dr/Diye6J3uTZKyn4UBZHPbVQ,colton-california
https://www.ubereats.com/inland-empire/food-delivery/el-puerto-escondido/cILVRjEzQ3KQUOLxQsSaTQ,colton-california
https://www.ubereats.com/inland-empire/food-delivery/el-pollo-loco-2720-canyon-springs-pkwy6012/-PP_DqOmSEifnQh03TuJgQ,colton-california
https://www.ubereats.com/palm-springs/food-delivery/starbucks-mountain-view-%26-barton/62XVOEX5R0mF4nKWxuUQEw,colton-california
https://www.ubereats.com/inland-empire/food-delivery/sizzler/n2YwPL4SSB6N7QsnF4sobA,colton-california
https://www.ubereats.com/inland-empire/food-delivery/mcdonalds-25775-barton-road/5jSs0BmLSM6E9n0A9k34wA,colton-california
https://www.ubereats.com/inland-empire/food-delivery/jamba-juice-12430-day-st-ste-c-4/0cyLXIvaQj-ZEHNdcQX7PA,colton-california
https://www.ubereats.com/inland-empire/food-delivery/dairy-queen-treat-222-s-riverside-ave/P1DEc6UYQ-KDkposrh-alQ,colton-california
https://www.ubereats.com/inland-empire/food-delivery/juanitos-taco/EWE9W3zvQm-l2uezbALeUA,colton-california
https://www.ubereats.com/inland-empire/food-delivery/zizi-bbq-house/U5oQKgYsQLisKQ48t7x2xA,colton-california
https://www.ubereats.com/inland-empire/food-delivery/starbucks-i-10-%26-waterman/akfjXw_sQZmQGc872nYSiA,colton-california
https://www.ubereats.com/inland-empire/food-delivery/namaste-indian-kitchen/LMvh10A0RlO5dz61NK2kCQ,colton-california
https://www.ubereats.com/inland-empire/food-delivery/chipotle-mexican-grill-186-e-easton-st-ste-a/88Gg7K6URZupjApFp_T6uA,colton-california
https://www.ubereats.com/inland-empire/food-delivery/yoshinoya-2072-west-redlands-blvd/fsCT6wkOSrGt-C3HguD0Kg,colton-california
https://www.ubereats.com/palm-springs/food-delivery/waba-grill-2999-w-kendall-dr-unit-b-20-san-bernardino/iHVyG5WtS12y2-dGVO9SNA,colton-california
https://www.ubereats.com/inland-empire/food-delivery/ihop-9781-sierra-ave/Lbb6z8YtSOKvWjFzJ12GHw,colton-california
https://www.ubereats.com/inland-empire/food-delivery/miguels-jr-grand-terrace/Gzhwpc_5R06JNPfewKjGTQ,colton-california
https://www.ubereats.com/inland-empire/food-delivery/carls-jr-green-burrito-25536-barton-rd/tap06vmXTnWv4sUZE58k7A,colton-california
https://www.ubereats.com/palm-springs/food-delivery/starbucks-i-10-%26-waterman/akfjXw_sQZmQGc872nYSiA,colton-california
https://www.ubereats.com/inland-empire/food-delivery/five-guys-ca-1850-10540-sierra-ave/8hUvhHm0Q_2oxOW9n02R9A,colton-california
https://www.ubereats.com/inland-empire/food-delivery/wienerschnitzel-801-w-valley-blvd/dvN1dWP6RTm_uqdxp0Y9Bg,colton-california
https://www.ubereats.com/inland-empire/food-delivery/machete-taqueria/V3eW68NwRyGF-pJuD2JJNQ,colton-california
https://www.ubereats.com/inland-empire/food-delivery/zero-degrees-riverside/ZWRcvfzNTpinjOMMdc0FHA,colton-california
https://www.ubereats.com/palm-springs/food-delivery/soho-ramen/YwrBbZBDTfG03ILrso1PmA,colton-california
https://www.ubereats.com/inland-empire/food-delivery/popeyes-16989-valley-blvd/71FmZpeAQUmE4Oahq0jK_A,colton-california
https://www.ubereats.com/inland-empire/food-delivery/waba-grill-2999-w-kendall-dr-unit-b-20-san-bernardino/iHVyG5WtS12y2-dGVO9SNA,colton-california
https://www.ubereats.com/inland-empire/food-delivery/dairy-queen-grill-%26-chill-18525-valley-blvd/ZbauseIyR4KWotKhgIIYhA,colton-california
https://www.ubereats.com/inland-empire/food-delivery/golden-pizza/-Mn-_oKbSi6efEX5IO4czA,colton-california
https://www.ubereats.com/inland-empire/food-delivery/carls-jr-4282-market-st/SfRGDmJdQOCJzKPmQFv0hg,colton-california
https://www.ubereats.com/palm-springs/food-delivery/ramen-okawari/UIDVZ_tVQu2-3Wa8TnxG7w,colton-california
https://www.ubereats.com/inland-empire/food-delivery/antonious-pizza/ciUXTUCaRZCAnK-hYFdbtw,colton-california
https://www.ubereats.com/inland-empire/food-delivery/popeyes-198-e-redlands-blvd/Nzoh8KU8QiSwINWgZAEzPw,colton-california
https://www.ubereats.com/inland-empire/food-delivery/plant-power-fast-food-riverside/NPPohEcgSHelNZ73PVmu2w,colton-california
https://www.ubereats.com/inland-empire/food-delivery/rallys-300-south-riverside-avenue/zKGHLzRlSHaBVUhINw_Eww,colton-california
https://www.ubereats.com/inland-empire/food-delivery/golden-dragon/A9nCVgLeRJysf4fpXQyW_A,colton-california
https://www.ubereats.com/palm-springs/food-delivery/woodys-classic-grill/kq6qcnUaQd2MsNmvCJ_syQ,colton-california
https://www.ubereats.com/inland-empire/food-delivery/cherry-on-top/VzpUCTEtQ061PoES6c7InQ,colton-california
https://www.ubereats.com/inland-empire/food-delivery/bravos-california-fresh-moreno-valley/OHrI7zQeSCSnCJz_Y-ZlsQ,colton-california
https://www.ubereats.com/inland-empire/food-delivery/subway-291-e-valley-blvd/v9r1SV8jTpuNB_oVeAF6eA,colton-california
https://www.ubereats.com/inland-empire/food-delivery/tgi-fridays-684-san-bernardino/wRbfC7FkRL2hBAiMaKlzGw,colton-california
https://www.ubereats.com/inland-empire/food-delivery/farmer-boys-san-bernadino-ave/ZSXTbLnAR529vdXoq_dtEQ,colton-california
https://www.ubereats.com/palm-springs/food-delivery/soho-ramen/aXbKxjK_R6qg1yvMua2lRg,colton-california
https://www.ubereats.com/inland-empire/food-delivery/yum-yum-donuts-932-w-highland-avenue/_gj_XCq2Rx6mEZVcj7yrgA,colton-california
https://www.ubereats.com/inland-empire/food-delivery/pieology-pizzeria-rialto/R2AGlkwyRa-PkL5AylWXzA,colton-california
https://www.ubereats.com/inland-empire/food-delivery/the-upper-crust-sandwich-shoppe/f9LHGy0vT36qzyIAtzG2cg,colton-california
https://www.ubereats.com/inland-empire/food-delivery/jersey-mikes-subs-3540-riverside-plaza-drive/V7lorFVVTLue6QuoEmINPQ,colton-california
https://www.ubereats.com/palm-springs/food-delivery/waba-grill-2585-canyon-springs-parkway-riverside/-cTFfyY5S4C5NYFHDwiEeQ,colton-california
https://www.ubereats.com/inland-empire/food-delivery/dairy-queen-grill-%26-chill-664-e-redlands-blvd/Yv0KYqCWTU6xbLLUwYv3tw,colton-california
https://www.ubereats.com/palm-springs/food-delivery/the-old-spaghetti-factory-riverside/RM5q7ESnSiS-iByX8d-m4A,colton-california
https://www.ubereats.com/inland-empire/food-delivery/tacos-gavilan-rialto/BURDOUabTuOJJF56FEdkzA,colton-california
https://www.ubereats.com/inland-empire/food-delivery/the-buffalo-spot-colton/lh2jYGXoQImMS-j1p7Mrhg,colton-california
https://www.ubereats.com/inland-empire/food-delivery/el-super-san-bernardino-9th-37/W2TJELUSSy2gTox2G6lljg,colton-california
https://www.ubereats.com/inland-empire/food-delivery/pizza-q/7TAItND-Qrez5SmsVgEfyw,colton-california
https://www.ubereats.com/inland-empire/food-delivery/tower-pizza/o8aooGGvRUaAjtF8I5bhMA,colton-california
https://www.ubereats.com/inland-empire/food-delivery/jack-in-the-box-1148-coulston-st/gQld26Q6SMaf3dMhSLqY-A,colton-california
https://www.ubereats.com/inland-empire/food-delivery/the-ice-cream-shop/OB15eIIJQ2GKrw9gjP6XMw,colton-california
https://www.ubereats.com/inland-empire/food-delivery/green-burrito-1250-university-ave/JLQigQy_ST-wur5qG2NyNA,colton-california
https://www.ubereats.com/inland-empire/food-delivery/tios-grille-%26-cantina-fontana/e6aLPHK8SmyhvOcSDsy31w,colton-california
https://www.ubereats.com/inland-empire/food-delivery/ramenkoko/rHUTFwegSvu4E1m9QriggQ,colton-california
https://www.ubereats.com/inland-empire/food-delivery/gandhi-indian-cuisine-%26-banquet/FOIkqKcTSW62ovUy28KKfQ,colton-california
https://www.ubereats.com/inland-empire/food-delivery/burger-king-1610-s-riverside-ave/40_FFVq7QAi5yAUDKb2dJg,colton-california
https://www.ubereats.com/inland-empire/food-delivery/jack-in-the-box-495-n-d-st/zVYjMUXLQhCI0NjsBkiHNg,colton-california
https://www.ubereats.com/inland-empire/food-delivery/el-pollo-loco-3655-riverside-plaza6048/ijA_nxvCQmOkbrnemeZjPA,colton-california
https://www.ubereats.com/inland-empire/food-delivery/nickelodeon-pizza/yZMHxMXITP-Qq8leBtwqdQ,colton-california
https://www.ubereats.com/inland-empire/food-delivery/amapola-rico-taco/nPTG3DybRFGYZUcB4Wz97w,colton-california
https://www.ubereats.com/palm-springs/food-delivery/applebees-3820-mulberry-%2379053/r8gzGMOlRCKZgetuF-asMw,colton-california
https://www.ubereats.com/inland-empire/food-delivery/jojos-grill-a-dog-redlands/jqrxz-pkT9WEcl9I_hX_HA,colton-california
https://www.ubereats.com/inland-empire/food-delivery/tacos-el-parrillazo/Xl1tXRHcRDyXON5sqYkkdg,colton-california
https://www.ubereats.com/palm-springs/food-delivery/baguette-bakery-%26-cafe/3RMXhiDRSPaNUdVKKpLYVA,colton-california
https://www.ubereats.com/inland-empire/food-delivery/brandons-diner/tZHpMUvOT3yHn_azR3gjIA,colton-california
https://www.ubereats.com/inland-empire/food-delivery/rising-savor/LUHejbEhQgW5yAKcW7aqhQ,colton-california
https://www.ubereats.com/inland-empire/food-delivery/ding-tea-loma-linda/uD1yXkrHQ862O_3nKgjk0g,colton-california
https://www.ubereats.com/inland-empire/food-delivery/cold-stone-creamery-5244-university-pkwy/oMNstQNLQcmEkycbTdMcZw,colton-california
https://www.ubereats.com/palm-springs/food-delivery/seattles-best-teriyaki/E5CS36tJRrCbiW7ToLgzhg,colton-california
https://www.ubereats.com/inland-empire/food-delivery/the-tamale-factory/YFs3Hc3iTpWHfySg95GwUA,colton-california
https://www.ubereats.com/inland-empire/food-delivery/mcdonalds-22257-barton-rd/u3mZzCC5RNyOm6kq1U6Mqw,colton-california
https://www.ubereats.com/inland-empire/food-delivery/kfc-%2302-808-w-highland-ave/Td0UFnGfR8m9WEgb0FPjZA,colton-california
https://www.ubereats.com/inland-empire/food-delivery/chipotle-mexican-grill-16595-sierra-lakes-pkwy-ste-100/QL0-4lF-RFq_-sN-4zRMig,colton-california
https://www.ubereats.com/palm-springs/food-delivery/krak-boba/U0ZRAkIgQ8aGGeno_vNukw,colton-california
https://www.ubereats.com/inland-empire/food-delivery/el-pollo-loco-1695-kendall-dr3284/EaMSBjEYQgirVCDYMqLhzA,colton-california
https://www.ubereats.com/palm-springs/food-delivery/farmer-boys-1310-w-baseline-rd/1ScpSLOGTZm1eWfN-qzUpQ,colton-california
https://www.ubereats.com/inland-empire/food-delivery/chronic-tacos-400-w-stuart-ave/rS5ZTq_PQ1SKr8ETIM1Bqw,colton-california
https://www.ubereats.com/inland-empire/food-delivery/perris-burgers/o6tPDK5mQCidj6vNRRlVtg,colton-california
https://www.ubereats.com/inland-empire/food-delivery/baja-fresh-745-e-hospitality-ln-ste-c/Y1bJcr8NTTidI1aaiaPcTw,colton-california
https://www.ubereats.com/inland-empire/food-delivery/el-super-san-bernardino-baseline-38/ADHI0TSkTlqw-0V3Hbc3GA,colton-california
https://www.ubereats.com/inland-empire/food-delivery/burger-king-16878-foothill-boulevard/qLDwDtP7SDK78VG8MrWTgw,colton-california
https://www.ubereats.com/inland-empire/food-delivery/goodys/t2mpai7ATiCSWPpJMkkgQA,colton-california
https://www.ubereats.com/inland-empire/food-delivery/mcdonalds-2242-university-ave/0wP7aqKyQ6a24M6y827Z2g,colton-california
https://www.ubereats.com/inland-empire/food-delivery/the-old-spaghetti-factory-redlands/iyG1zS4wTnKp9lu-EwQAmg,colton-california
https://www.ubereats.com/inland-empire/food-delivery/krispy-krunchy-chicken-6290-mission-blvd/xXL943FGRuWttaX1oCv02A,colton-california
https://www.ubereats.com/inland-empire/food-delivery/gazzolos-sausage-co-restaurant-%26-delicatessen/Z5WA7rWVT-SbbvyGrfU8ew,colton-california
https://www.ubereats.com/inland-empire/food-delivery/amagi-sushi/l2F_1w3YSZqYUXgw8_dDXg,colton-california
https://www.ubereats.com/inland-empire/food-delivery/burger-king-487-west-highland/TEc7yuX7RB23H7Az1W4uWg,colton-california
https://www.ubereats.com/inland-empire/food-delivery/the-habit-burger-grill-1550-w-valley-blvd-unit-a/LXTgN02lTji3YY9KkCDJNg,colton-california
https://www.ubereats.com/inland-empire/food-delivery/golden-pizza/thz64CdwQuquVN2_PSdzrA,colton-california
https://www.ubereats.com/inland-empire/food-delivery/napoli-italian-restaurant/psSGGf5vSZGAq0L_aTc6iA,colton-california
https://www.ubereats.com/inland-empire/food-delivery/golden-corral-325-e-hospitality-lane/HoqI2zIGSpOAVx2na3iBCA,colton-california
https://www.ubereats.com/palm-springs/food-delivery/ajs-bagels/bECzcvqiSF2SItKI8YCOJQ,colton-california
https://www.ubereats.com/inland-empire/food-delivery/el-super-rialto/0fUwXCm8Q0ijoHcPo0q66Q,colton-california
https://www.ubereats.com/inland-empire/food-delivery/el-pollo-loco-1066-harriman-place3613/TPQ7S2LIQuq-z6PYGHpAMQ,colton-california
https://www.ubereats.com/inland-empire/food-delivery/retro-taco/-gBcX6JARSSPDGYpi4QYSQ,colton-california
https://www.ubereats.com/inland-empire/food-delivery/la-michoacana-signature-treats/3in4GNcySXeetr-p3_hzzw,colton-california
https://www.ubereats.com/inland-empire/food-delivery/kfc-%2316-24866-redlands-blvd/Ko4U4Et2R4K_DQceadyonQ,colton-california
https://www.ubereats.com/inland-empire/food-delivery/soho-ramen/mS3hg2UnQg6NTsw_P4bdpA,colton-california
https://www.ubereats.com/inland-empire/food-delivery/mcdonalds-568-s-mt-vernon-ave/J-HweiruTB-pXONgMEVYQw,colton-california
https://www.ubereats.com/inland-empire/food-delivery/the-old-spaghetti-factory-riverside/RM5q7ESnSiS-iByX8d-m4A,colton-california
https://www.ubereats.com/inland-empire/food-delivery/el-chilitos-mexican-restaurant-fontana/iK7mbXA0RGCR5mrcw6LBXQ,colton-california
https://www.ubereats.com/inland-empire/food-delivery/schooners-burgers-n-beer/d6T_AUBWR46YLOIf7pSU3w,colton-california
https://www.ubereats.com/inland-empire/food-delivery/mcdonalds-1201-s-mount-vernon-ave/Fu9PkdNaQ92pfIGFG-KJiQ,colton-california
https://www.ubereats.com/inland-empire/food-delivery/woodys-classic-grill/kq6qcnUaQd2MsNmvCJ_syQ,colton-california
https://www.ubereats.com/inland-empire/food-delivery/del-taco-24898-redlands-blvd/eVLWhYPFSP6xt9WFW57VJQ,colton-california
https://www.ubereats.com/inland-empire/food-delivery/tios-mexican-food-fontana/In8Wmq80RIyXAH7e1HKRmw,colton-california
https://www.ubereats.com/inland-empire/food-delivery/coffee-nutzz-of-rialto/CjpQree8T9-fJ5TklhHz1g,colton-california
https://www.ubereats.com/inland-empire/food-delivery/la-michoacana-delicious-ice-cream/5JXCDM1cR1GY2RkNPc6oxA,colton-california
https://www.ubereats.com/inland-empire/food-delivery/starbucks-iowa-%26-university/yKOtisgdQd6uU-tepgCr_A,colton-california
https://www.ubereats.com/inland-empire/food-delivery/del-taco-1010-e-washington-st/7BAIWM34S5Cj6PeUAuarMA,colton-california
https://www.ubereats.com/palm-springs/food-delivery/rising-savor/LUHejbEhQgW5yAKcW7aqhQ,colton-california
https://www.ubereats.com/inland-empire/food-delivery/mcdonalds-111-w-baseline-rd/ME1lEYB2RZKBHNKn13Tsjw,colton-california
https://www.ubereats.com/inland-empire/food-delivery/farmer-boys-highland-w-5th-st/54Oy713aRbGm6JeR8XZB2g,colton-california
https://www.ubereats.com/inland-empire/food-delivery/el-pollo-loco-1225-w-renaissance-parkway6187/A3OfjDtnRWeF9g5Y1TWxGw,colton-california
https://www.ubereats.com/palm-springs/food-delivery/sushiya-riverside/CFULPmYKTkaKi19Aknqbgg,colton-california
https://www.ubereats.com/inland-empire/food-delivery/carls-jr-1505-e-highland-ave/hFcKl9uLTqmF9xmLuIFRbw,colton-california
https://www.ubereats.com/inland-empire/food-delivery/crest-cafe-riverside/p_bYgUPLRk-mMQEnAe_A6g,colton-california
https://www.ubereats.com/palm-springs/food-delivery/ihop-24318-hemlock/CRVGddUBQvK47orCGNoYDQ,colton-california
https://www.ubereats.com/inland-empire/food-delivery/all-star-pizza/95V9uWVPRBSwSzgU4TZhog,colton-california
https://www.ubereats.com/inland-empire/food-delivery/helmands-pizzeria-%26-restaurant/nexyWXixTwyrVKJ9cmR3JQ,colton-california
https://www.ubereats.com/inland-empire/food-delivery/el-ranchero-mexican-grill-fontana/PrsptnZ8Rny7A0IVHJfp3A,colton-california
https://www.ubereats.com/palm-springs/food-delivery/starbucks-riverside-%26-i-210/hZ_cV4o5SH-GHjHVsWrunQ,colton-california
https://www.ubereats.com/palm-springs/food-delivery/bluewater-poke/FmWlX5KSRByiEs15fJdzRA,colton-california
https://www.ubereats.com/inland-empire/food-delivery/wienerschnitzel-4394-university-parkway/UXnSUul0TLa52PuWWAMfgg,colton-california
https://www.ubereats.com/inland-empire/food-delivery/mcdonalds-1318-w-foothill-blvd/iMLFdFYNTFKhK8AQIotAsQ,colton-california
https://www.ubereats.com/inland-empire/food-delivery/panda-star/wvs6aRBvTiKlflFgg0D5QQ,colton-california
https://www.ubereats.com/inland-empire/food-delivery/kfc-taco-bell-7347-boulder-ave/CP6k1KVpSq-SS4acpIn1rg,colton-california
https://www.ubereats.com/inland-empire/food-delivery/applebees-16867-sierra-lakes-parkway-%2379064/cia6VcZwQkCzNzie32g1bw,colton-california
https://www.ubereats.com/inland-empire/food-delivery/subway-1353-w-mill-st/cApdZxUkR_qnjXmmnxFPwQ,colton-california
https://www.ubereats.com/inland-empire/food-delivery/starbucks-riverside-%26-i-210/hZ_cV4o5SH-GHjHVsWrunQ,colton-california
https://www.ubereats.com/inland-empire/food-delivery/la-michoacana-signature-treats-rialto/lTVQYIYJS9eOXMEMD5zEEg,colton-california
https://www.ubereats.com/inland-empire/food-delivery/winchells-donut-house-1705-university-ave/GJZp2FnoQWmhKxU_zg_qNw,colton-california
https://www.ubereats.com/inland-empire/food-delivery/ie-vegan-thai-chinese/1_odNEkTS_Wn3idXzkQx9w,colton-california
https://www.ubereats.com/inland-empire/food-delivery/rockstar-shrimp/k0So1g9ASk2pOvd8d2Ucsg,colton-california
https://www.ubereats.com/palm-springs/food-delivery/liquid-tea-bar/m_7I94CSTxWq1F-0xTlpFw,colton-california
https://www.ubereats.com/inland-empire/food-delivery/matsuri-japanese-restaurant/fm478QNaST2aSsmF1nUeCQ,colton-california
https://www.ubereats.com/palm-springs/food-delivery/waba-grill-1309-w-renaissance-pkwy-rialto/EkcRhwqsTuCYoE7v6tnTaA,colton-california
https://www.ubereats.com/inland-empire/food-delivery/the-habit-burger-grill-27511-san-bernardino-ave-suite-100/KiyTkGgKTG-26QFCdQmpPw,colton-california
https://www.ubereats.com/inland-empire/food-delivery/dennys-5975-n-palm-ave/6Lx3AU8JQMeKGv8zSj459g,colton-california
https://www.ubereats.com/inland-empire/food-delivery/hiccups-loma-linda/45-_wOuyROK6OAtXKmYMiw,colton-california
https://www.ubereats.com/inland-empire/food-delivery/pick-up-stix-san-bernardino/XS8633fYTkityogLHXZ2Fg,colton-california
https://www.ubereats.com/inland-empire/food-delivery/socal-subs/SjLnXG4WSbWE9JBefIdbbw,colton-california
https://www.ubereats.com/inland-empire/food-delivery/lucians-pizza/zefg4fq5Ry2WUzANRFjamA,colton-california
https://www.ubereats.com/inland-empire/food-delivery/frice/gumQpWcbTB-Kl4BwSlo04A,colton-california
https://www.ubereats.com/inland-empire/food-delivery/jersey-mikes-subs-27993-greenspot-rd/X9SLQO81RDOwSFdgZ6JiPA,colton-california
https://www.ubereats.com/palm-springs/food-delivery/soho-ramen/mS3hg2UnQg6NTsw_P4bdpA,colton-california
https://www.ubereats.com/inland-empire/food-delivery/jamba-juice-16635-sierra-lakes-pkwy-ste-100/1HGNzn5QR0-nX4LY6ldrdQ,colton-california
https://www.ubereats.com/inland-empire/food-delivery/jasmine-garden/AWE7DUdJSHSUvxnipUHRJA,colton-california
https://www.ubereats.com/inland-empire/food-delivery/portillos-hot-dogs-12840-day-street/3WSoPO6tSd2VCTMOLrx83g,colton-california
https://www.ubereats.com/inland-empire/food-delivery/jack-in-the-box-27734-baseline-st/by94PpkKQ7GavHKf9M37Kg,colton-california
https://www.ubereats.com/inland-empire/food-delivery/panda-express-27720-base-line-street/BasIQpD8TN6b7phaHLiPdA,colton-california
https://www.ubereats.com/inland-empire/food-delivery/subway-1340-center-st/jU11G62JTmWoyqbOgzprQg,colton-california
https://www.ubereats.com/palm-springs/food-delivery/genkiyaki/aYmKcrBYQvqLRha_J0ZKLw,colton-california
https://www.ubereats.com/inland-empire/food-delivery/culichi-town-moreno-valley/4Z6Oqa_QQ8aenWtBADEgOQ,colton-california
https://www.ubereats.com/inland-empire/food-delivery/culichi-town-rialto/5gwx5hmrTv6MW8ueg9fikw,colton-california
https://www.ubereats.com/inland-empire/food-delivery/del-taco-1624-w-redlands-blvd/v3hQqt03Qfe0S3i1JUaeIg,colton-california
https://www.ubereats.com/palm-springs/food-delivery/coffee-nutzz/B6-pE6wzQc2kyjaQYvXZpw,colton-california
https://www.ubereats.com/inland-empire/food-delivery/burger-king-1361-west-foothill-boulevard/_naQSjB2TFaOktRZhHj3dw,colton-california
https://www.ubereats.com/inland-empire/food-delivery/wienerschnitzel-2011-e-washington-street/uBjBtSJZTwu5TmBhnHcVTA,colton-california
https://www.ubereats.com/inland-empire/food-delivery/the-redlands-underground-restaurant-and-bar/wGGrCodWT4abKhv5rB0QYQ,colton-california
https://www.ubereats.com/inland-empire/food-delivery/del-taco-2855-del-rosa-ave/ZNX0EzJ5RBe66LwD0hpZTQ,colton-california
https://www.ubereats.com/inland-empire/food-delivery/nekter-juice-bar-riverside/15FQIWPPQhG3HiaZRzMpYw,colton-california
https://www.ubereats.com/inland-empire/food-delivery/mi-casita-purepecha/HrRPDzvJSeCCaqqDmj0reA,colton-california
https://www.ubereats.com/inland-empire/food-delivery/taco-bell-1420-university-ave/j6u0mfzHToWmjOSF6lvZIg,colton-california
https://www.ubereats.com/inland-empire/food-delivery/kfc-%2320-9758-sierra-ave/sP5rdPEnTZ2PNOH4F-zf_Q,colton-california
https://www.ubereats.com/inland-empire/food-delivery/jack-in-the-box-3653-e-highland-ave/q_pPZd3nRdiJ8w_A3E6szQ,colton-california
https://www.ubereats.com/inland-empire/food-delivery/el-pollo-loco-680-s-e-st3842/sPjL7SXeTVCVZgZ53dcn3w,colton-california
https://www.ubereats.com/inland-empire/food-delivery/miyagi-sushi/ADxLllz_TtOIvQIK4a4ZSw,colton-california
https://www.ubereats.com/palm-springs/food-delivery/dennys-5975-n-palm-ave/6Lx3AU8JQMeKGv8zSj459g,colton-california
https://www.ubereats.com/inland-empire/food-delivery/mollys-cafe/HyUvZgPyQBegByD9m88j7w,colton-california
https://www.ubereats.com/palm-springs/food-delivery/waba-grill-1040-s-mt-vernon-ave/5q_c0sQsQsWX48t9yiIkHA,colton-california
https://www.ubereats.com/palm-springs/food-delivery/waba-grill-9870-sierra-ave-fontana/umM4qsbMROaDTKzA_ncfTA,colton-california
https://www.ubereats.com/inland-empire/food-delivery/new-delhi-palace-cuisine-of-india/fQhkpFH6QtKkQ0J5a6LQsw,colton-california
https://www.ubereats.com/palm-springs/food-delivery/kimchichanga/kPVbSwv8Smqt4UHhJnX9RQ,colton-california
https://www.ubereats.com/inland-empire/food-delivery/tacos-los-compadres/0a3vBq7YQzamW-oYtHR3gQ,colton-california
https://www.ubereats.com/inland-empire/food-delivery/ihop-san-bernardino/D5Il6fS6RYmgkUj5qPd0Sw,colton-california
https://www.ubereats.com/inland-empire/food-delivery/taco-bell-797-2nd-street/WhecXDXbRompevTr6_TEAA,colton-california
https://www.ubereats.com/inland-empire/food-delivery/starbucks-2nd-%26-f-street/Mlrdiza4RA2xZ4YqJbnGXg,colton-california
https://www.ubereats.com/inland-empire/food-delivery/subway-297-e-highland-aveue/iQOniFxOTPqQOhQ4OR-JMg,colton-california
https://www.ubereats.com/inland-empire/food-delivery/la-fuente-mexican-bakery/L_CDq_4uRBW4DQ-7XEAuUQ,colton-california
https://www.ubereats.com/inland-empire/food-delivery/jack-in-the-box-1191-s-mt-vernon-ave/RlfH7MxKRuycEqYddg-dtw,colton-california
https://www.ubereats.com/inland-empire/food-delivery/kfc-%2306-223-e-foothill-blvd/9c0wlp5KTV61pij7STd99A,colton-california
https://www.ubereats.com/inland-empire/food-delivery/ramen-okawari/UIDVZ_tVQu2-3Wa8TnxG7w,colton-california
https://www.ubereats.com/inland-empire/food-delivery/churchs-chicken-912-east-foothill-blvd/clbRhB4FS2qF_Ztkvc9TeQ,colton-california
https://www.ubereats.com/inland-empire/food-delivery/el-pollo-loco-1663-s-riverside-ave6006/C-A2GCvjSymy0vF21dk3fA,colton-california
https://www.ubereats.com/inland-empire/food-delivery/carls-jr-5225-canyon-crest-dr-ste-82/bZkv4FkWTi-SJxnK50aR-Q,colton-california
https://www.ubereats.com/palm-springs/food-delivery/starbucks-riverside-%26-san-bernardino/F5mRU77OTCaIxRBl5atJnQ,colton-california
https://www.ubereats.com/palm-springs/food-delivery/dennys-160-w-valley-blvd/7S6qKoPdQB6n2sf049PNEQ,colton-california
https://www.ubereats.com/inland-empire/food-delivery/tortas-sinaloa/sgBy_E5uTHicPUFJemQB4A,colton-california
https://www.ubereats.com/inland-empire/food-delivery/chipotle-mexican-grill-1314-s-riverside-ave/_Tk0ssIRRCWuC2q2mSggkQ,colton-california
https://www.ubereats.com/inland-empire/food-delivery/miguels-jr-rialto/_DIVMR4MSJm0cIAK05ogWg,colton-california
https://www.ubereats.com/inland-empire/food-delivery/so-china/6aLFykMxSBinv41Qn8Z6Xw,colton-california
https://www.ubereats.com/palm-springs/food-delivery/pick-up-stix-san-bernardino/XS8633fYTkityogLHXZ2Fg,colton-california
https://www.ubereats.com/inland-empire/food-delivery/ihop-24318-hemlock/CRVGddUBQvK47orCGNoYDQ,colton-california
https://www.ubereats.com/inland-empire/food-delivery/jack-in-the-box-303-e-base-line-st/8XMuY3RUQ4iEwnehZeBEdQ,colton-california
https://www.ubereats.com/inland-empire/food-delivery/cracker-barrel-old-country-store-1080-west-renaissance-pwky/vuEEGAVaTIGPDPgffeSDvg,colton-california
https://www.ubereats.com/inland-empire/food-delivery/mcdonalds-718-w-highland-ave/I7jLSFgeQTC9tozsPsS8RQ,colton-california
https://www.ubereats.com/inland-empire/food-delivery/lucys-diner/xAhVgj9mRzSaPMbYSxotXA,colton-california
https://www.ubereats.com/inland-empire/food-delivery/lees-sandwiches-riverside/hKNPRPJ3SZKh4PlN6TgYew,colton-california
https://www.ubereats.com/inland-empire/food-delivery/luna-grill-redlands/dqNoOcSpToKGwWgXd1K5Cg,colton-california
https://www.ubereats.com/inland-empire/food-delivery/mcdonalds-240-e-40th-st/GKP-3Xz3QU-Roc1kPT2cag,colton-california
https://www.ubereats.com/inland-empire/food-delivery/los-zarapes-restaurant/Av0AIEm8TX-s8tckcXuwxg,colton-california
https://www.ubereats.com/palm-springs/food-delivery/starbucks-i-10-and-9th-street/gvKA-plZT-qFNeUqya2vKw,colton-california
https://www.ubereats.com/inland-empire/food-delivery/el-super-san-bernardino-mt-vernon-39/TGmCVba0RDmx-MSkU_tiVw,colton-california
https://www.ubereats.com/inland-empire/food-delivery/el-pollo-loco-1090-s-mount-vernon3506/UmSijGqwTyy4KTUcBSnAow,colton-california
https://www.ubereats.com/inland-empire/food-delivery/carls-jr-4424-university-parkway/FIxQTgHpQWuCljT4GstIzQ,colton-california
https://www.ubereats.com/inland-empire/food-delivery/la-morenita-tacos-y-jugos/i97YIBZkRzyobCJQOYgcSg,colton-california
https://www.ubereats.com/palm-springs/food-delivery/hiccups-loma-linda/45-_wOuyROK6OAtXKmYMiw,colton-california
https://www.ubereats.com/palm-springs/food-delivery/farmer-boys-alessando-blvd/spOqJ2JDReuO2yjVMHuf2w,colton-california
https://www.ubereats.com/inland-empire/food-delivery/kabab-el-basha/J90dn71sQDOeLIwYaIX_Wg,colton-california
https://www.ubereats.com/inland-empire/food-delivery/krispy-krunchy-chicken-605-north-h-street/zJ3rXOHnTgGJP0G25DvO6w,colton-california
https://www.ubereats.com/inland-empire/food-delivery/churchs-chicken-1886-university-avenue/xXGFFk5RTG635YhhmlpFuQ,colton-california
https://www.ubereats.com/inland-empire/food-delivery/getaway-cafe/t76wziP3SC6S7vHsoWdqSQ,colton-california
https://www.ubereats.com/inland-empire/food-delivery/ihop-4023-university/YV930X7HQjuS-82KNJQ3Xw,colton-california
https://www.ubereats.com/inland-empire/food-delivery/farmer-boys-university-ave/z32CHI7CRwWmkbgdkaGXKA,colton-california
https://www.ubereats.com/palm-springs/food-delivery/family-homestyle-cafe/R_8V-CplQ2amXtoGjA3Wdw,colton-california
https://www.ubereats.com/inland-empire/food-delivery/babas-chicken/WgWe23j0Q0GgpAKP6V7XqA,colton-california
https://www.ubereats.com/palm-springs/food-delivery/so-china/6aLFykMxSBinv41Qn8Z6Xw,colton-california
https://www.ubereats.com/inland-empire/food-delivery/burger-king-10055-cedar-avenue/ReVGqWM1SQWijFeXsEj35A,colton-california
https://www.ubereats.com/inland-empire/food-delivery/applebees-2046-w-redlands-blvd/STVS4X1nQuyD-4hKUNiQgg,colton-california
https://www.ubereats.com/inland-empire/food-delivery/tacos-mexico-san-bernardino-ca/RckxIVShTSS8V3Z6rFl2WQ,colton-california
https://www.ubereats.com/palm-springs/food-delivery/amagi-sushi/l2F_1w3YSZqYUXgw8_dDXg,colton-california
https://www.ubereats.com/inland-empire/food-delivery/waba-grill-1059-n-mt-vernon/D7wWE55rT7GEdmTZvspnzw,colton-california
https://www.ubereats.com/inland-empire/food-delivery/del-taco-770-w-2nd-st/6RCiU8pfTGK0ExqlFlCEvQ,colton-california
https://www.ubereats.com/inland-empire/food-delivery/sonic-1060-west-renaissance-parkway/yhvGP-IQSfaLYzo_SznReQ,colton-california
https://www.ubereats.com/palm-springs/food-delivery/waba-grill-4069-chicago-ave-unit-%23101/NukI3GZlROGJDCi5skSFPQ,colton-california
https://www.ubereats.com/palm-springs/food-delivery/ten-rens-tea-time-riverside/Z0uqiMmbTGyqif1kK3gSyA,colton-california
https://www.ubereats.com/inland-empire/food-delivery/waba-grill-1309-w-renaissance-pkwy-rialto/EkcRhwqsTuCYoE7v6tnTaA,colton-california
https://www.ubereats.com/inland-empire/food-delivery/el-sinaloense-tacos-and-beer/PeJXjIu2SRqmyo6pHdWSqg,colton-california
https://www.ubereats.com/inland-empire/food-delivery/riverside-cookie-shoppe/rYSbp8NXRyW52TjffDJRaw,colton-california
https://www.ubereats.com/palm-springs/food-delivery/yoshinoya-2072-west-redlands-blvd/fsCT6wkOSrGt-C3HguD0Kg,colton-california
https://www.ubereats.com/inland-empire/food-delivery/popeyes-1064-west-highland-avenue/NRdXSKa-RCq93cQesDfkHQ,colton-california
https://www.ubereats.com/inland-empire/food-delivery/la-concha-coastal-mexican-grill/La_JW31dSCOWbyznBVPBGw,colton-california
https://www.ubereats.com/inland-empire/food-delivery/hong-kong-express/5yDAjbZCQ3OUTbUR5xaTQw,colton-california
https://www.ubereats.com/inland-empire/food-delivery/kfc-%2346-4694-university-pkwy/XcWqpEoyRuWolMnUWY3x3Q,colton-california
https://www.ubereats.com/inland-empire/food-delivery/xolos-tacos/WvrJcRcqTrSjPCvcmpSDUg,colton-california
https://www.ubereats.com/inland-empire/food-delivery/culichis-%26-beer-colton/t2yH3oQBRqKdtsotO9GFPQ,colton-california
https://www.ubereats.com/inland-empire/food-delivery/waba-grill-4077-university-pkwy-san-bernardino/ti9nK2C2S8q5ZRqjqyUJPw,colton-california
https://www.ubereats.com/palm-springs/food-delivery/brandons-diner/tZHpMUvOT3yHn_azR3gjIA,colton-california
https://www.ubereats.com/inland-empire/food-delivery/carls-jr-green-burrito-1180-s-mount-vernon-ave/aqbtjJt0SlSXorlloib4jQ,colton-california
https://www.ubereats.com/inland-empire/food-delivery/el-torito-118-e-hospitality-lane/1SADsnvhRbSOzalEoS76Nw,colton-california
https://www.ubereats.com/inland-empire/food-delivery/chinatown-chinese-restaurant/CSIxnQYaRumji3qZH5D6Cw,colton-california
https://www.ubereats.com/inland-empire/food-delivery/plant-power-fast-food/SEkazwGnTsG1A7BpGuBT8Q,colton-california
https://www.ubereats.com/palm-springs/food-delivery/hong-kong-express/5yDAjbZCQ3OUTbUR5xaTQw,colton-california
https://www.ubereats.com/inland-empire/food-delivery/starbucks-i-10-and-9th-street/gvKA-plZT-qFNeUqya2vKw,colton-california
https://www.ubereats.com/inland-empire/food-delivery/kimchichanga/kPVbSwv8Smqt4UHhJnX9RQ,colton-california
https://www.ubereats.com/inland-empire/food-delivery/star-buffet-colton/n-UF_pdhQruUr5iLSvOepg,colton-california
https://www.ubereats.com/palm-springs/food-delivery/waba-grill-25717-barton-rd-loma-linda/GjvUf6t6SIyJi6fLtD8nxw,colton-california
https://www.ubereats.com/inland-empire/food-delivery/zaky-mediterranean-grill-fontana/UrPOdp5VTK2n6SRePu2ENQ,colton-california
https://www.ubereats.com/inland-empire/food-delivery/jack-in-the-box-25699-baseline-st/0KzhPJ0OQRODAcEUXnKvJg,colton-california
https://www.ubereats.com/inland-empire/food-delivery/kfc-%2339-645-e-redlands-blvd/TY6YR8ByRtK25A0IMH2AAA,colton-california
https://www.ubereats.com/inland-empire/food-delivery/mod-pizza-fontana/t7TKahv9SwW86u8PPdF7rg,colton-california
https://www.ubereats.com/inland-empire/food-delivery/jack-in-the-box-2062-w-redlands-blvd/gY_eqmulSfSa-qvmmq7e3Q,colton-california
https://www.ubereats.com/palm-springs/food-delivery/starbucks-2nd-%26-f-street/Mlrdiza4RA2xZ4YqJbnGXg,colton-california
https://www.ubereats.com/inland-empire/food-delivery/lotus-garden/FXrzY0A2Tfu7COQ6IRpJxg,colton-california
https://www.ubereats.com/inland-empire/food-delivery/el-rey-del-pollo/wcw1PSw8SzilbeaAhT8VRA,colton-california
https://www.ubereats.com/palm-springs/food-delivery/rockstar-shrimp/k0So1g9ASk2pOvd8d2Ucsg,colton-california
https://www.ubereats.com/palm-springs/food-delivery/the-9th-street-eatery/5qk-UU7yQTq92lEo6nXyFw,colton-california
https://www.ubereats.com/inland-empire/food-delivery/krispy-krunchy-chicken-rialto/0iedXe2lRc-Xq5yF01Vwdg,colton-california
https://www.ubereats.com/inland-empire/food-delivery/strawberry-casual-kitchen/S3DKAHLuTVeZYWffvJI9bw,colton-california
https://www.ubereats.com/inland-empire/food-delivery/burgerim/6YSFG0msQAup7sX_0wMDRQ,colton-california
https://www.ubereats.com/palm-springs/food-delivery/farmer-boys-san-bernadino-ave/ZSXTbLnAR529vdXoq_dtEQ,colton-california
https://www.ubereats.com/inland-empire/food-delivery/taco-bell-240-w-base-line-rd/JIJ04TT1SPmMj5yegiBfzA,colton-california
https://www.ubereats.com/palm-springs/food-delivery/pietros-italian-cuisine/X6YNVxrYRge5iGeyMo1_AQ,colton-california
https://www.ubereats.com/palm-springs/food-delivery/zero-degrees-riverside/ZWRcvfzNTpinjOMMdc0FHA,colton-california
https://www.ubereats.com/inland-empire/food-delivery/panda-express-745-e-hospitality-lane/qkVtX6v8Tp2HP0EmpqzUqQ,colton-california
https://www.ubereats.com/inland-empire/food-delivery/subway-1080-e-washington-st/ZfDtMrwVTtSiNXaz-6lK1A,colton-california
https://www.ubereats.com/inland-empire/food-delivery/culichis-%26-beer-colton/L_9pCchsTAKYaKIEt8zCcg,colton-california
https://www.ubereats.com/inland-empire/food-delivery/black-angus-steakhouse-san-bernardino/_JEU2sMCRhKJcHScBYqyxA,colton-california
https://www.ubereats.com/palm-springs/food-delivery/waba-grill-1290-foothill-blvd-rialto/Sz3QuNp4QZ-M-WI3a6QPeA,colton-california
https://www.ubereats.com/inland-empire/food-delivery/burgerim-1201-university-ave-%23110/-hvDQmIbQXKsxxIaC0J4vg,colton-california
https://www.ubereats.com/inland-empire/food-delivery/rogers-burgers/fcyaL3wbRgm06uNQluosDg,colton-california
https://www.ubereats.com/inland-empire/food-delivery/kays-cafe/XeOgPGQeSEug2sbskj4YVQ,colton-california
https://www.ubereats.com/inland-empire/food-delivery/the-habit-burger-grill-1205-w-renaissance-pkwy-suite-200/ej00SOdCQZ-RFv1XaZ_WTg,colton-california
https://www.ubereats.com/inland-empire/food-delivery/baguette-bakery-%26-cafe/3RMXhiDRSPaNUdVKKpLYVA,colton-california
https://www.ubereats.com/inland-empire/food-delivery/the-9th-street-eatery/5qk-UU7yQTq92lEo6nXyFw,colton-california
https://www.ubereats.com/inland-empire/food-delivery/punjab-palace/blFkwneLQ8SjbTpFkMqbSQ,colton-california
https://www.ubereats.com/inland-empire/food-delivery/the-cookie-plug/SXB2UUFfSl60FO3PyOtkQw,colton-california
https://www.ubereats.com/palm-springs/food-delivery/dennys-1190-s-mt-vernon/XCmZ_IAeTgSTlRdtyCXgkA,colton-california
https://www.ubereats.com/palm-springs/food-delivery/napoli-italian-restaurant/psSGGf5vSZGAq0L_aTc6iA,colton-california
https://www.ubereats.com/inland-empire/food-delivery/bjs-restaurant-%26-brewhouse-1045-e-harriman-place/cqTssynqRMizLTEI9pFP2Q,colton-california
https://www.ubereats.com/inland-empire/food-delivery/ocean-pho-riverside/3RmeasoDS3mvMdD5IHGqiw,colton-california
https://www.ubereats.com/palm-springs/food-delivery/waba-grill-24940-redlands-blvd-loma-linda/DK7LUX9CQie1CBDOWqq1ng,colton-california
https://www.ubereats.com/palm-springs/food-delivery/sierra-noodle-house/MBvEwZ7GRR-zV4AUVDKDGg,colton-california
https://www.ubereats.com/palm-springs/food-delivery/yogurtland-12515-frederick-st/eVvpVDw9Qk6kijiHNU5TEg,colton-california
https://www.ubereats.com/inland-empire/food-delivery/rubios-1201-university-avenue/d5MTzxoZQ7S0WNFc2PdUpA,colton-california
https://www.ubereats.com/inland-empire/food-delivery/dia-de-los-puercos-riverside/_AcbfCqUSaOWfisSCXnXOQ,colton-california
https://www.ubereats.com/inland-empire/food-delivery/subway-228-w-hospitality-lane/Z72zrpicS-C2dcnofN8AWg,colton-california
https://www.ubereats.com/inland-empire/food-delivery/the-gourmet-pizza-shoppe/H3iBPttIRK6621_bjTr-Hw,colton-california
https://www.ubereats.com/inland-empire/food-delivery/gus-jr-restaurants/AQIbGQ3LQtOdkM6-74nVfA,colton-california
https://www.ubereats.com/inland-empire/food-delivery/surfer-joes-pizza-eatery/8CkieTdCQ9uesc7KqTlhDA,colton-california
https://www.ubereats.com/inland-empire/food-delivery/green-burrito-620-w-foothill-blvd/ijqDL5PaSeasfCC-rByISA,colton-california
https://www.ubereats.com/inland-empire/food-delivery/del-taco-272-e-40th-st/P-bLlfYtT-qTpRezWXcA_A,colton-california
https://www.ubereats.com/inland-empire/food-delivery/mcdonalds-1575-e-highland-ave/oXRAwQuJT_2cN1uVucd0Qg,colton-california
https://www.ubereats.com/inland-empire/food-delivery/el-pollo-loco-1220-w-foothill-blvd6016/JHPzQOM1Tmu989h5l8vtNA,colton-california
https://www.ubereats.com/palm-springs/food-delivery/bravos-california-fresh-moreno-valley/OHrI7zQeSCSnCJz_Y-ZlsQ,colton-california
https://www.ubereats.com/inland-empire/food-delivery/tuition-tacos/DbxWzN-9TB6SdK3FftWjuw,colton-california
https://www.ubereats.com/palm-springs/food-delivery/ocean-pho-riverside/3RmeasoDS3mvMdD5IHGqiw,colton-california
https://www.ubereats.com/inland-empire/food-delivery/cafe-%26-deli-el-rancho/5p6nUnWkRqiPFnr7TUE_wg,colton-california
https://www.ubereats.com/inland-empire/food-delivery/hidden-paradise-el-salvador/NA5rB9XiTfihIDzDndzhrA,colton-california
https://www.ubereats.com/inland-empire/food-delivery/island-breeze-jamaican-cuisine/g-wvMuCyTHSUXXCJrTmNew,colton-california
https://www.ubereats.com/inland-empire/food-delivery/michoacana-colton/tZM5xkwrRVKl-QWaP5FSzw,colton-california
https://www.ubereats.com/palm-springs/food-delivery/winchells-donut-house-9844-sierra-ave/Xl3lLbFcQ0K-MxHYTi-ymg,colton-california
https://www.ubereats.com/inland-empire/food-delivery/popeyes-1500-west-valley-boulevard/AZttoiE9TFir-rHxdTB7bQ,colton-california
https://www.ubereats.com/palm-springs/food-delivery/sharetea-3740-iowa/5Ossqjg6RmW43kmxtQrIsw,colton-california
https://www.ubereats.com/inland-empire/food-delivery/wendys-1090-n-pepper-ave/97uqhA1WQVehwsrEoGffRQ,colton-california
https://www.ubereats.com/palm-springs/food-delivery/waba-grill-1059-n-mt-vernon/D7wWE55rT7GEdmTZvspnzw,colton-california
https://www.ubereats.com/inland-empire/food-delivery/jack-in-the-box-4020-university-pkwy/dV_0-ZYuRYKZpJKvz4MvIw,colton-california
https://www.ubereats.com/inland-empire/food-delivery/farmer-boys-1310-w-baseline-rd/1ScpSLOGTZm1eWfN-qzUpQ,colton-california
https://www.ubereats.com/palm-springs/food-delivery/starbucks-sierra-%26-valley/xz6L8sjySlCFpW8WERUE9A,colton-california
https://www.ubereats.com/palm-springs/food-delivery/starbucks-iowa-%26-university/yKOtisgdQd6uU-tepgCr_A,colton-california
https://www.ubereats.com/inland-empire/food-delivery/chesters-chicken-2300-e-steel-st/NJe5aR9VR4CtEwKAq37Abw,colton-california
https://www.ubereats.com/palm-springs/food-delivery/la-baja-burger/RnXZrs58SriiPnrrirOnZQ,colton-california
https://www.ubereats.com/inland-empire/food-delivery/mountain-mikes-pizza-605-n-eureka-street-suite-100/3b8dX-9JRlOSQmgfGCVwcg,colton-california
https://www.ubereats.com/inland-empire/food-delivery/pizza-fuego-san-bernardino/kGN85WD6StmSgRaU9WkMIw,colton-california
https://www.ubereats.com/inland-empire/food-delivery/santiagos-taco-shop-rialto/zfgJcAjbTA2yJGjHjeScuQ,colton-california
https://www.ubereats.com/inland-empire/food-delivery/himalayan-eatery/9aTT34ZwTT25YdaQG9sQDQ,colton-california
https://www.ubereats.com/inland-empire/food-delivery/surfer-joes-pizza/lhby7feWT9W2hoY5pMrIpw,colton-california
https://www.ubereats.com/inland-empire/food-delivery/jack-in-the-box-193-e-40th-st/q3sq0tklTHWjE-6Ktc9udw,colton-california
https://www.ubereats.com/palm-springs/food-delivery/bobos-pizza/w9pbHDiAS5y7FrRQKut3NA,colton-california
https://www.ubereats.com/inland-empire/food-delivery/the-flame-broiler-1201-university-ave/Di7fjvO1RFiOnFukMz8ytQ,colton-california
https://www.ubereats.com/inland-empire/food-delivery/rok-n-fondue/y1ywuV5aTlyVyQAIX1Y07g,colton-california
https://www.ubereats.com/inland-empire/food-delivery/burgerim/hrZHdrhPQmyeHBQhuXdlYQ,colton-california
https://www.ubereats.com/inland-empire/food-delivery/five-guys-ca-1271-10060-alabama-street/7Hu0tqrZTHiRzUiukV6Esw,colton-california
https://www.ubereats.com/inland-empire/food-delivery/tacos-mexico-rialto-ca/g2qeUtirQ9yLcc-Bnn2-Kw,colton-california
https://www.ubereats.com/inland-empire/food-delivery/starbucks-210-%26-ayala-dr-rialto/AY7i900RSMy9-Gb3krOgbA,colton-california
https://www.ubereats.com/inland-empire/food-delivery/taco-bell-295-w-highland/cXAzZK89Sw-Tw-ZoiEs-sg,colton-california
https://www.ubereats.com/palm-springs/food-delivery/cajun-crab/jl47YrVyT0q5KAK45Dlmmw,colton-california
https://www.ubereats.com/inland-empire/food-delivery/la-michoacana-s-mt-vernon-ave/BHcYY_ccQbS16dlGCgbn-g,colton-california
https://www.ubereats.com/inland-empire/food-delivery/mexicali-bar-%26-grill/1TiobjkaT_ylipa7JOh9bA,colton-california
https://www.ubereats.com/inland-empire/food-delivery/ten-rens-tea-time-riverside/Z0uqiMmbTGyqif1kK3gSyA,colton-california
https://www.ubereats.com/inland-empire/food-delivery/simplee-boba-loma-linda/7ZcYknzMQwm9qccfTCYmZA,colton-california
https://www.ubereats.com/inland-empire/food-delivery/wendys-27879-baseline-avenue/ypXN0yI7QAOHNwiWnJmxRQ,colton-california
https://www.ubereats.com/inland-empire/food-delivery/jack-in-the-box-5700-sycamore-cyn-blvd/cnljUxLqQAmOTG0OKGIp_Q,colton-california
https://www.ubereats.com/inland-empire/food-delivery/panda-express-900-university-ave/nKtbPj43Q5ekMq1CiUOlsg,colton-california
https://www.ubereats.com/inland-empire/food-delivery/jack-in-the-box-316-w-foothill-blvd/mG6nYGChS0KDqsLNdpTgxg,colton-california
https://www.ubereats.com/palm-springs/food-delivery/starbucks-3rd-%26-market-riverside/sVG1ukGeS0yiToaOENYx1w,colton-california
https://www.ubereats.com/palm-springs/food-delivery/ihop-san-bernardino/D5Il6fS6RYmgkUj5qPd0Sw,colton-california
https://www.ubereats.com/inland-empire/food-delivery/dukes-bar-and-grill/OZii9b74RwavLtpsg8zFBg,colton-california
https://www.ubereats.com/inland-empire/food-delivery/waba-grill-4069-chicago-ave-unit-%23101/NukI3GZlROGJDCi5skSFPQ,colton-california
https://www.ubereats.com/inland-empire/food-delivery/tortas-ahogadas-chapala-rialto/w3mMVecgSm2JjoeUByHEpg,colton-california
https://www.ubereats.com/inland-empire/food-delivery/soho-ramen/YwrBbZBDTfG03ILrso1PmA,colton-california
https://www.ubereats.com/inland-empire/food-delivery/waba-grill-1594-w-base-line-st/q1qwrABsR4ChouB1WsAnUA,colton-california
https://www.ubereats.com/palm-springs/food-delivery/redhill-coffee-shop-fontana/oIxFZyCvROq5MKsnUjnH4w,colton-california
https://www.ubereats.com/inland-empire/food-delivery/jersey-mikes-subs-10515-sierra-ave/ZWLwlqffQMWSKFDvgZS1rg,colton-california
https://www.ubereats.com/inland-empire/food-delivery/waba-grill-9870-sierra-ave-fontana/umM4qsbMROaDTKzA_ncfTA,colton-california
https://www.ubereats.com/inland-empire/food-delivery/mr-rice/-W1FTV-tSfu5uKRNDjLqIw,colton-california
https://www.ubereats.com/inland-empire/food-delivery/jersey-mikes-subs-186-e-easton-st/tPUMXV8NSK-9_q8Vk9QHDQ,colton-california
https://www.ubereats.com/palm-springs/food-delivery/waba-grill-1920-e-highland-ave-san-bernardino/ndAIvqoNTmKwzAo4mCVgAQ,colton-california
https://www.ubereats.com/inland-empire/food-delivery/fg-restaurant/cvchFS5TRqyc_TzcWLCyQg,colton-california
https://www.ubereats.com/inland-empire/food-delivery/la-baja-burger/RnXZrs58SriiPnrrirOnZQ,colton-california
https://www.ubereats.com/palm-springs/food-delivery/masters-donuts/AFnmLpUuRhyKUoGds4JCkA,colton-california
https://www.ubereats.com/inland-empire/food-delivery/sierra-noodle-house/MBvEwZ7GRR-zV4AUVDKDGg,colton-california
https://www.ubereats.com/palm-springs/food-delivery/ozzies-teppanyaki-grill/VkvbdOH8T0uvzi8aUF3fzA,colton-california
https://www.ubereats.com/inland-empire/food-delivery/la-michoacana-signature-treats-rialto/2NlNj1auRtOK5VKDkiW3GQ,colton-california
https://www.ubereats.com/inland-empire/food-delivery/starbucks-215-%26-iowa/-r-KPV4xRRK31dwH00itug,colton-california
https://www.ubereats.com/inland-empire/food-delivery/mcdonalds-699-2nd-st/VgqgQzvJRXeKLb6d2v5W5g,colton-california
https://www.ubereats.com/inland-empire/food-delivery/azteca-market/ragc5-qpRIyZLv-Y6SmOuQ,colton-california
https://www.ubereats.com/inland-empire/food-delivery/mcdonalds-4155-university-pkwy/m34IEazdTYO1y7jcow96uA,colton-california
https://www.ubereats.com/inland-empire/food-delivery/miguels-jr-redlands/EV3tQs-ISrysgtd8f8cuBw,colton-california
https://www.ubereats.com/inland-empire/food-delivery/wendys-1110-s-mt-vernon-ave/8VacwdP_SFuc-XhZdPRyOw,colton-california
https://www.ubereats.com/inland-empire/food-delivery/green-shack-market/EnCNwbxrRd-VhZZtCxzjLQ,colton-california
https://www.ubereats.com/palm-springs/food-delivery/bakers-dozen-donuts-riverside/MwYqekETRpS4hyiFErFgOw,colton-california
https://www.ubereats.com/inland-empire/food-delivery/carls-jr-8924-sierra-ave/kgconQE7QESAmAzwAHR5yQ,colton-california
https://www.ubereats.com/inland-empire/food-delivery/chipotle-mexican-grill-27511-san-bernardino-ave/_Y7xvcfjQfG2p6J32R367Q,colton-california
https://www.ubereats.com/palm-springs/food-delivery/farmer-boys-rubidoux/2DNecXAZSfiVqCHP8iXdDg,colton-california
