url,city
https://www.ubereats.com/philadelphia/food-delivery/tommy-ds/PmBk8LThRTeaTcPg9hKxEQ,conshohocken-pennsylvania
https://www.ubereats.com/philadelphia/food-delivery/millers-ale-house-plymouth-meeting/vUHGTM0vQBa0D7xmRoBpEQ,conshohocken-pennsylvania
https://www.ubereats.com/philadelphia/food-delivery/zoup!-eatery-970-dekalb-pike/mjISkfk6R9edoR54Wju_yA,conshohocken-pennsylvania
https://www.ubereats.com/philadelphia/food-delivery/ristorante-castello/S5XTRc7yTg-vtGaAC5yBpQ,conshohocken-pennsylvania
https://www.ubereats.com/philadelphia/food-delivery/west-norriton-diner/eK-f2SUrQ3GK7tz8IiPNww,conshohocken-pennsylvania
https://www.ubereats.com/philadelphia/food-delivery/chill-on-the-hilll/gb5Pc0QCS_Clwtc263IFug,conshohocken-pennsylvania
https://www.ubereats.com/philadelphia/food-delivery/five-guys-pa-1216/R8lYlOL4Q-SuxL8_KIUpiA,conshohocken-pennsylvania
https://www.ubereats.com/philadelphia/food-delivery/lucky-star-asian-cuisine/K8nFtE4gSrmS2GE76MP-bQ,conshohocken-pennsylvania
https://www.ubereats.com/philadelphia/food-delivery/hummus-mediterranean-kitchen-ardmore/mOP2v5IDTeOsk5Jx-Adbfw,conshohocken-pennsylvania
https://www.ubereats.com/philadelphia/food-delivery/turning-point-of-bryn-mawr/j_4YPq1gSamUeAIQ3F2N4g,conshohocken-pennsylvania
https://www.ubereats.com/philadelphia/food-delivery/aria-grill/oc3ANAi3RqGN78z8eJCttw,conshohocken-pennsylvania
https://www.ubereats.com/philadelphia/food-delivery/qdoba-mexican-grill-1112-w-lancaster-ave/EMc-VxL8SjyY9CPbQMOqbg,conshohocken-pennsylvania
https://www.ubereats.com/philadelphia/food-delivery/bridgeport-pizza/3l8dVPY4RAGE85EetnxSyg,conshohocken-pennsylvania
https://www.ubereats.com/philadelphia/food-delivery/bombay-dhabba/fGm4TsRmSTqy4uZvHUh80g,conshohocken-pennsylvania
https://www.ubereats.com/philadelphia/food-delivery/seafood-temptation/DHt-JpH1SMisYSYWspZfhg,conshohocken-pennsylvania
https://www.ubereats.com/philadelphia/food-delivery/mooyah-burgers-990-dekalb-pike-520/wFBSYk-eSm-fM5Minzpz0g,conshohocken-pennsylvania
https://www.ubereats.com/philadelphia/food-delivery/wuwu-japanese-and-chinese-cuisine/xfvxJrE3TbCY95Ur5C-01Q,conshohocken-pennsylvania
https://www.ubereats.com/philadelphia/food-delivery/the-greene-turtle-north-wales/gyTDHyfpTGaU1FoPR_C0Gw,conshohocken-pennsylvania
https://www.ubereats.com/philadelphia/food-delivery/city-works-king-of-prussia/h649FvakQlucQO1uYHRR-Q,conshohocken-pennsylvania
https://www.ubereats.com/philadelphia/food-delivery/plaza-azteca-plymouth-meeting/E39TL513QC29B7h5_27G1A,conshohocken-pennsylvania
https://www.ubereats.com/philadelphia/food-delivery/kfc-161-w-chelten-ave/n-Fv9Nd1QHmz_A15wKU4bQ,conshohocken-pennsylvania
https://www.ubereats.com/philadelphia/food-delivery/dunkin-596-w-lancaster-ave/zRtk_VdaQy6kX5VIlu-MQQ,conshohocken-pennsylvania
https://www.ubereats.com/philadelphia/food-delivery/dunkin-939-e-main-st/UdowKWJHQGOy0Gpv8VGE0w,conshohocken-pennsylvania
https://www.ubereats.com/philadelphia/food-delivery/lumbrada-cocina-mexicana-wayne/wQKXC0UbRUScSEn7_t9mcQ,conshohocken-pennsylvania
https://www.ubereats.com/philadelphia/food-delivery/five-guys-pa-0251-2053-sproul-rd/Vu-ssF_vSRKXvkn2De1wog,conshohocken-pennsylvania
https://www.ubereats.com/philadelphia/food-delivery/from-the-boot-ambler/8sdJFHbjQ5SvXldh5BeyrA,conshohocken-pennsylvania
https://www.ubereats.com/philadelphia/food-delivery/vics-sushi-rosemont/SIjcdbcoRZSdYICXWpNcvQ,conshohocken-pennsylvania
https://www.ubereats.com/philadelphia/food-delivery/primohoagies-157-west-lancaster-avenue/GiFraIdUQTSnEEcLpgASug,conshohocken-pennsylvania
https://www.ubereats.com/philadelphia/food-delivery/pokeono/ERDogZd5SB6VrU-ehygR4A,conshohocken-pennsylvania
https://www.ubereats.com/philadelphia/food-delivery/primohoagies-362-west-lancaster-ave/QHmtAuUISGS2ws4d4oGp3A,conshohocken-pennsylvania
https://www.ubereats.com/philadelphia/food-delivery/taco-bell-5-w-city-avenue/kxNm-EOmSHCCYoEybluSUw,conshohocken-pennsylvania
https://www.ubereats.com/philadelphia/food-delivery/ardmoreq/yuXfA3QuSOKPjrwlQp8PIQ,conshohocken-pennsylvania
https://www.ubereats.com/philadelphia/food-delivery/ashley-diner-cafe/QNI8Fh1WQt-txwoVUPlzAw,conshohocken-pennsylvania
https://www.ubereats.com/philadelphia/food-delivery/saffron-indian-kitchen-wayne/aI0R7EznSzqQxOOeYhm4HQ,conshohocken-pennsylvania
https://www.ubereats.com/philadelphia/food-delivery/oreland-pizza/gKL1wmVtRAmaxn1jodnWHA,conshohocken-pennsylvania
https://www.ubereats.com/philadelphia/food-delivery/neopolitan-breakfast-%26-brunch/RG3rNTlIQEqxgJU68ZPQGQ,conshohocken-pennsylvania
https://www.ubereats.com/philadelphia/food-delivery/jersey-mikes-subs-phoenixville-1570-egypt-road/7m4NUM39S26HdueWXTEUQQ,conshohocken-pennsylvania
https://www.ubereats.com/philadelphia/food-delivery/tungs-gardens/vIzPNVw3SpmC-WSeXMMR_g,conshohocken-pennsylvania
https://www.ubereats.com/philadelphia/food-delivery/sushi-sushi/qeHExnM8RHOZEn_shwTnHQ,conshohocken-pennsylvania
https://www.ubereats.com/philadelphia/food-delivery/wendys-306-south-henderson-road/510t8F1xQi2jugwgULMYOA,conshohocken-pennsylvania
https://www.ubereats.com/philadelphia/food-delivery/cafe-cabana/TSXwaq5ZTF-1w4EZgOfypQ,conshohocken-pennsylvania
https://www.ubereats.com/philadelphia/food-delivery/mcdonalds-east-norriton-i/-6lqOZEHTgeFfWchDma5Pg,conshohocken-pennsylvania
https://www.ubereats.com/philadelphia/food-delivery/sabor-centroamericano/NRwnYAXPSju8xOk1M8dr6Q,conshohocken-pennsylvania
https://www.ubereats.com/philadelphia/food-delivery/manhattan-bagel-north-wales/IlAxHuFqT2qowRka9Lf8FA,conshohocken-pennsylvania
https://www.ubereats.com/philadelphia/food-delivery/delhi-woks/6HRZjQp_TBC44qjUEWwVtw,conshohocken-pennsylvania
https://www.ubereats.com/philadelphia/food-delivery/outback-steakhouse-160-n-gulph-rd-suite-4220/E1RNJ9x5R02iXIjp8B0n6g,conshohocken-pennsylvania
https://www.ubereats.com/philadelphia/food-delivery/iron-hill-brewery-%26-restaurant-ardmore/cNajsKZZSQWCMLN7KdiADQ,conshohocken-pennsylvania
https://www.ubereats.com/philadelphia/food-delivery/laxmis-indian-grille-broomall/m2xHMC8GRUOk61fYnrcc3g,conshohocken-pennsylvania
https://www.ubereats.com/philadelphia/food-delivery/the-bop-shop/i12jwV6AQ1658vR9Z_e0Ew,conshohocken-pennsylvania
https://www.ubereats.com/philadelphia/food-delivery/manayunk-pizza/IXPP9lyXRkSOtRBpMEFgsQ,conshohocken-pennsylvania
https://www.ubereats.com/philadelphia/food-delivery/primohoagies-314-s-henderson-rd/GZ9bJ2PuQYqU7zQqZFLvUg,conshohocken-pennsylvania
https://www.ubereats.com/philadelphia/food-delivery/wawa-8071-1300-e-ridge-pike/rhDk7iv8TjWrvz7u3QlHpw,conshohocken-pennsylvania
https://www.ubereats.com/philadelphia/food-delivery/barbacoa-de-guerrero-inc/1uk2YX2bQmaCIck09nOt3w,conshohocken-pennsylvania
https://www.ubereats.com/philadelphia/food-delivery/first-watch-villanova/cXHMseRCTfCyG44VXn4pgg,conshohocken-pennsylvania
https://www.ubereats.com/philadelphia/food-delivery/plaza-azteca-plymouth-rd/pNtB5037ThKpCJump6a5eQ,conshohocken-pennsylvania
https://www.ubereats.com/philadelphia/food-delivery/flemings-prime-steakhouse-%26-wine-bar-radnor/N1u0wyVeRUOS_3d3msPUww,conshohocken-pennsylvania
https://www.ubereats.com/philadelphia/food-delivery/coyote-crossing/Jm0Em-MoQgK0R_2mjbuF4Q,conshohocken-pennsylvania
https://www.ubereats.com/philadelphia/food-delivery/bertuccis-wayne/T-H7QIa0TnmqPwTZD9T4Ww,conshohocken-pennsylvania
https://www.ubereats.com/philadelphia/food-delivery/primohoagies-51-bethlehem-pike/HUWYt-MJSpG1ahbn_M_PHg,conshohocken-pennsylvania
https://www.ubereats.com/philadelphia/food-delivery/cj-custom-american-grille/aohoMTwjTK64ZreKa-50eQ,conshohocken-pennsylvania
https://www.ubereats.com/philadelphia/food-delivery/main-line-bagel-%26-breakfast/4uvB_1ybR6a2gQmXX_BDVg,conshohocken-pennsylvania
https://www.ubereats.com/philadelphia/food-delivery/arbys-16-e-germantown-pike/K4R21sw-TzO3ugtN8QpGVA,conshohocken-pennsylvania
https://www.ubereats.com/philadelphia/food-delivery/kiwi-yogurt-collegeville/nEkgs5gGRjSqLtGiDONPNA,conshohocken-pennsylvania
https://www.ubereats.com/philadelphia/food-delivery/mirnas-cafe/kaoRp5qOSveL_cGRzfXWNg,conshohocken-pennsylvania
https://www.ubereats.com/philadelphia/food-delivery/panache-woodfire-grill-w-skippack-pike/fyPrPIEaRIKYfJt6ga6ASA,conshohocken-pennsylvania
https://www.ubereats.com/philadelphia/food-delivery/taqueria-feliz-philly/QpHqiFYBQYSoZM1LB8-apA,conshohocken-pennsylvania
https://www.ubereats.com/philadelphia/food-delivery/yuki-sushi/icVyMyjfTkyZjlPAToKnow,conshohocken-pennsylvania
https://www.ubereats.com/philadelphia/food-delivery/starbucks-plymouth-meeting/C3AO9vRmTCWPrSZyGZU1yw,conshohocken-pennsylvania
https://www.ubereats.com/philadelphia/food-delivery/dunkin-110-e-lancaster-ave/DA3jJZJaQXKGBv67OnbmVw,conshohocken-pennsylvania
https://www.ubereats.com/philadelphia/food-delivery/anthonys-coal-fired-pizza-wayne/yJX9cxSdSS-iKKtgUiF9Jw,conshohocken-pennsylvania
https://www.ubereats.com/philadelphia/food-delivery/manhattan-bagel-havertown/CiCyto9wTzybSbqs_aPRNg,conshohocken-pennsylvania
https://www.ubereats.com/philadelphia/food-delivery/lai-lai-garden/-vRpwaCsRN-710_vw1SiJw,conshohocken-pennsylvania
https://www.ubereats.com/philadelphia/food-delivery/conshohocken-brewing-company-brewpub/EQdQlOTfQeaidAm4eGArBw,conshohocken-pennsylvania
https://www.ubereats.com/philadelphia/food-delivery/mcdonalds-main-%26-markley/1O_2XtXhTZSJXxN14yfF7g,conshohocken-pennsylvania
https://www.ubereats.com/philadelphia/food-delivery/bob-evans-347-100-cresson-boulevard/w6eIdMdAT4e6ulIh_hIUQw,conshohocken-pennsylvania
https://www.ubereats.com/philadelphia/food-delivery/starbucks-chestnut-hill/cE2UARVzQ5KJ85PJDaoBUw,conshohocken-pennsylvania
https://www.ubereats.com/philadelphia/food-delivery/zesto-pizza-%26-grill/Y0OD_hU2RQq1R11Oz4V7Eg,conshohocken-pennsylvania
https://www.ubereats.com/philadelphia/food-delivery/rancho-dominican-restaurant-latin-food/CqrzjCzHT6KQKztE04sbyQ,conshohocken-pennsylvania
https://www.ubereats.com/philadelphia/food-delivery/krispy-krunchy-chicken-king-of-prussia/bxTsXE5NT5yOgiM0XXsMqg,conshohocken-pennsylvania
https://www.ubereats.com/philadelphia/food-delivery/krispy-krunchy-chicken-conshohocken/tcjUO7ifSPG6uZczP19gNQ,conshohocken-pennsylvania
https://www.ubereats.com/philadelphia/food-delivery/sonic-2901-swede-rd/saYich_KSN2BQtusO2Ierw,conshohocken-pennsylvania
https://www.ubereats.com/philadelphia/food-delivery/gsbistro/44Gsunc5QfGNuZyuPsjohw,conshohocken-pennsylvania
https://www.ubereats.com/philadelphia/food-delivery/pf-changs-510-germantown-pike/xVOEsbk9S4Cf6HiVrQGj4Q,conshohocken-pennsylvania
https://www.ubereats.com/philadelphia/food-delivery/chipotle-mexican-grill-133-w-lancaster-ave/uLuNiz_jSkSFRGOCpgPa3g,conshohocken-pennsylvania
https://www.ubereats.com/philadelphia/food-delivery/two-amigos-taqueria/9WetuxkqQtO4apTCWwjuHQ,conshohocken-pennsylvania
https://www.ubereats.com/philadelphia/food-delivery/ginos-ristorante-%26-pizzeria/GC0Et3-1RnKhdKjglw3hVg,conshohocken-pennsylvania
https://www.ubereats.com/philadelphia/food-delivery/white-dog-cafe-wayne/u_yYQbLqTL2ixDMdQwFzrQ,conshohocken-pennsylvania
https://www.ubereats.com/philadelphia/food-delivery/sweet-freedom-bakery-bryn-mawr/R9_eJk3sQU-Hts0I4hzRuA,conshohocken-pennsylvania
https://www.ubereats.com/philadelphia/food-delivery/sake/2gQMmg8wRHaLFbgMa1sCqg,conshohocken-pennsylvania
https://www.ubereats.com/philadelphia/food-delivery/phu-fha-thai-restaurant-lyecum-ave/IeQHqNWiSG67qsHFNMrHiQ,conshohocken-pennsylvania
https://www.ubereats.com/philadelphia/food-delivery/dunkin-12-greenfield-ave/JRwNFCyAQxSHWkzaHWhU8g,conshohocken-pennsylvania
https://www.ubereats.com/philadelphia/food-delivery/dunkin-7104-ridge-ave/Z99kmEOKQoK_0nAzfnj2qg,conshohocken-pennsylvania
https://www.ubereats.com/philadelphia/food-delivery/grove-cafe/AjxJwLC9RxSiVUWY2dF3PQ,conshohocken-pennsylvania
https://www.ubereats.com/philadelphia/food-delivery/mcdonalds-west-conshohocken/lFSZYQOCQ9mJeAnwrpmAMQ,conshohocken-pennsylvania
https://www.ubereats.com/philadelphia/food-delivery/chicko-tako/8uew8KCiQXK1cdE0rj7qGg,conshohocken-pennsylvania
https://www.ubereats.com/philadelphia/food-delivery/wing-squad-plymouth-meeting/fKIN6pHLR3CERMErlDbi-Q,conshohocken-pennsylvania
https://www.ubereats.com/philadelphia/food-delivery/saladworks-gateway/MiQ2v0MpSjq7UdZ-EYlQKA,conshohocken-pennsylvania
https://www.ubereats.com/philadelphia/food-delivery/wendys-2815-dekalb-pike/-GDNR0kwTnO3z1ynKHNCdQ,conshohocken-pennsylvania
https://www.ubereats.com/philadelphia/food-delivery/applebees-701-cathedral-road/IMdFq_jYQ-KGXiVQ3ZhobA,conshohocken-pennsylvania
https://www.ubereats.com/philadelphia/food-delivery/chef-li-hotpot-%E5%BA%AD%E8%AF%B4%E7%81%AB%E9%94%85/gSd3SOICRamtOHaarLUeCA,conshohocken-pennsylvania
https://www.ubereats.com/philadelphia/food-delivery/el-poquito/sGrB4f4uRkmnet6rU7MyWw,conshohocken-pennsylvania
https://www.ubereats.com/philadelphia/food-delivery/china-taste/2KU3USWpRAmctknxTGlpEQ,conshohocken-pennsylvania
https://www.ubereats.com/philadelphia/food-delivery/scoopz-ices-and-ice-cream/d_hGAIRATiuCPpc3ZlPCAA,conshohocken-pennsylvania
https://www.ubereats.com/philadelphia/food-delivery/philly-pretzel-factory-broomall/iIA9fBxYT0qkusNEg49qYw,conshohocken-pennsylvania
https://www.ubereats.com/philadelphia/food-delivery/panera-48-ridge-pike/a9iKzgyCR8WHxC44FJ4dKQ,conshohocken-pennsylvania
https://www.ubereats.com/philadelphia/food-delivery/the-bay-cafe/CC1QBncQSC6SyHsoxAazcA,conshohocken-pennsylvania
https://www.ubereats.com/philadelphia/food-delivery/pantry-1/h-UPDp6NTZyXmB7C3ZnRLQ,conshohocken-pennsylvania
https://www.ubereats.com/philadelphia/food-delivery/starbucks-w-dekalb-pike-king-of-prussia/XrxSZCd6SSKXznGAF93n7w,conshohocken-pennsylvania
https://www.ubereats.com/philadelphia/food-delivery/buutchiis-grille-llc/NX-aB4KtS4mVIkjogTI0_w,conshohocken-pennsylvania
https://www.ubereats.com/philadelphia/food-delivery/megumi/O1_H9xpFR8CDzi93eO1mpQ,conshohocken-pennsylvania
https://www.ubereats.com/philadelphia/food-delivery/shalompizza/sDEc26YVQ8OXVLZkOJi7Ww,conshohocken-pennsylvania
https://www.ubereats.com/philadelphia/food-delivery/buena-vista-restaurant-wayne/iSZuBSfWSdy1r0wgO7hIbQ,conshohocken-pennsylvania
https://www.ubereats.com/philadelphia/food-delivery/krispy-krunchy-chicken-927-stanbridge-street/ebld1gONTWW85ZXMx78gnA,conshohocken-pennsylvania
https://www.ubereats.com/philadelphia/food-delivery/jds-soul-food-kitchen/WYtcrbzVS1Sk7oNd0uLoKg,conshohocken-pennsylvania
https://www.ubereats.com/philadelphia/food-delivery/ashleys-burger-bar/pAA9xsgYT-eECJOaobKH4w,conshohocken-pennsylvania
https://www.ubereats.com/philadelphia/food-delivery/absurd-bird/kmpMv_D3Q-CPWKR-Tu4gZw,conshohocken-pennsylvania
https://www.ubereats.com/philadelphia/food-delivery/pudges/8fDgg1FjTgCWkabmVz-Cgw,conshohocken-pennsylvania
https://www.ubereats.com/philadelphia/food-delivery/dunkin-6191-ridge-ave/kkTk9twIS62QUMv9xnyp6Q,conshohocken-pennsylvania
https://www.ubereats.com/philadelphia/food-delivery/main-street-pizzeria-%26-grille-plymouth-meeting/QFXoCeSMSgmAoQ7kM8TKoA,conshohocken-pennsylvania
https://www.ubereats.com/philadelphia/food-delivery/dawson-street-pub/rAZEVKxQTpy8-lJBOD8vjQ,conshohocken-pennsylvania
https://www.ubereats.com/philadelphia/food-delivery/lennys-italian-deli/vEdgoxWkR8uC-SGtvwSj6g,conshohocken-pennsylvania
https://www.ubereats.com/philadelphia/food-delivery/sweetgreen-king-of-prussia/1-p4rm0MSVunfeSwWbIAMA,conshohocken-pennsylvania
https://www.ubereats.com/philadelphia/food-delivery/dunkin-108-w-ridge-pike/yRQkgYCaRsylkK3Q26WHSg,conshohocken-pennsylvania
https://www.ubereats.com/philadelphia/food-delivery/bamboo-restaurant/YPLPn7PWQDeGEALF5vQmQg,conshohocken-pennsylvania
https://www.ubereats.com/philadelphia/food-delivery/halligans-pub/usu2B17HT8uVGsq-lsT13w,conshohocken-pennsylvania
https://www.ubereats.com/philadelphia/food-delivery/oki-sushi/vBF6veuQQbaZVCeNLTLeUA,conshohocken-pennsylvania
https://www.ubereats.com/philadelphia/food-delivery/shake-shack-350-mall-blvd-covid-closure/90Wz9BCGQBqpeW2Tw13Quw,conshohocken-pennsylvania
https://www.ubereats.com/philadelphia/food-delivery/the-grog/APnRSHhKTRuWjic6tHyfIA,conshohocken-pennsylvania
https://www.ubereats.com/philadelphia/food-delivery/playa-bowls-villanova/6bqKABOcQ1qiWFPBFKRPTw,conshohocken-pennsylvania
https://www.ubereats.com/philadelphia/food-delivery/red-robin-220-plaza-dr/THz_D4_ZSRKk0nHlNHFu5w,conshohocken-pennsylvania
https://www.ubereats.com/philadelphia/food-delivery/aroma-mediterranean-cuisine/6pxMMCCfQf23jPZEB84y6g,conshohocken-pennsylvania
https://www.ubereats.com/philadelphia/food-delivery/chipotle-mexican-grill-620-w-dekalb-pike/evpskM_yS3iHtefaS5mlog,conshohocken-pennsylvania
https://www.ubereats.com/philadelphia/food-delivery/mortons-the-steakhouse-640-west-dekalb-pike/sScJBKHFRrGFJ6mQiX0k1g,conshohocken-pennsylvania
https://www.ubereats.com/philadelphia/food-delivery/dekes-bar-b-que-ridge-ave/FoF9nar1RwOV031kHBzq5A,conshohocken-pennsylvania
https://www.ubereats.com/philadelphia/food-delivery/gladwyne-lunch/vrNeII3kTCaw6P3H7Lmt2w,conshohocken-pennsylvania
https://www.ubereats.com/philadelphia/food-delivery/chinaking-chinese-restaurant/6RK_9BQWQd2wsq6bwwdf-w,conshohocken-pennsylvania
https://www.ubereats.com/philadelphia/food-delivery/union-tacos-bethlehem-pike/RHwGmh5nTO2whpU0jZez6A,conshohocken-pennsylvania
https://www.ubereats.com/philadelphia/food-delivery/zagafen/jsvWOR4BQuufzTJ7rXrcAQ,conshohocken-pennsylvania
https://www.ubereats.com/philadelphia/food-delivery/hipcityveg-radnor-pa/WWjy7hexQACZFkraAa20iQ,conshohocken-pennsylvania
https://www.ubereats.com/philadelphia/food-delivery/saladworks-cafe-east-norriton/jsmbZS4OSiiusAfPcMtKuw,conshohocken-pennsylvania
https://www.ubereats.com/philadelphia/food-delivery/town-tap-by-conshohocken-brewing-company/LyKPXWjDQFOvs_RY65Zueg,conshohocken-pennsylvania
https://www.ubereats.com/philadelphia/food-delivery/anas-corner-store/P1Rb8EGwS_if5L-EwbUhFQ,conshohocken-pennsylvania
https://www.ubereats.com/philadelphia/food-delivery/tiffin-indian-cuisine-king-of-prussia/zKxURrVDQ0q9efEfNqXPbQ,conshohocken-pennsylvania
https://www.ubereats.com/philadelphia/food-delivery/ekta-indian-cuisine-bryn-mawr/vHCcexaJSXOMhtyCdsNZrA,conshohocken-pennsylvania
https://www.ubereats.com/philadelphia/food-delivery/the-captains-boil-2053-chemical-road/0-UWOdO2Qfqe9OsHN0ykgw,conshohocken-pennsylvania
https://www.ubereats.com/philadelphia/food-delivery/casa-villasenor/ukpbo9LgTACjLBzy1XPhmw,conshohocken-pennsylvania
https://www.ubereats.com/philadelphia/food-delivery/haagen-dazs-160-n-gulph-rd-store-%23y-6/Wj8YUF8YRXmOYNYzuvZLOA,conshohocken-pennsylvania
https://www.ubereats.com/philadelphia/food-delivery/paladar-latin-kitchen-king-of-prussia/EcVFGWINR4mda1WwZqcieQ,conshohocken-pennsylvania
https://www.ubereats.com/philadelphia/food-delivery/fogo-de-chao-king-of-prussia/Fwcm9rFKS4qMQCkCaXkSfQ,conshohocken-pennsylvania
https://www.ubereats.com/philadelphia/food-delivery/tin-lizard-brewing-co/LP5sXyttTKme_hetV2utJQ,conshohocken-pennsylvania
https://www.ubereats.com/philadelphia/food-delivery/the-lucky-well/BcmMn0UqT3Sh-g4hh-j6dg,conshohocken-pennsylvania
https://www.ubereats.com/philadelphia/food-delivery/tropical-smoothie-cafe-oaks-shopping-center/cavAbvpyTOK0JVTQHquYAA,conshohocken-pennsylvania
https://www.ubereats.com/philadelphia/food-delivery/pokeono/bOiQ_yR5TCqc3hPZrJcTBA,conshohocken-pennsylvania
https://www.ubereats.com/philadelphia/food-delivery/santuccis-original-square-pizza-6164-ridge-ave/kxdUNT7ZRqi28DRHR_T5zQ,conshohocken-pennsylvania
https://www.ubereats.com/philadelphia/food-delivery/plnt-burger/lXpvEhhIQJSq4SE-zQy9-Q,conshohocken-pennsylvania
https://www.ubereats.com/philadelphia/food-delivery/primo-brick-oven-pizza/LVCWxizNSVO7IN9ZfQLhEw,conshohocken-pennsylvania
https://www.ubereats.com/philadelphia/food-delivery/papa-johns-e-dekalb-pike/XHCSOU8rRLW5ojvRshEyiw,conshohocken-pennsylvania
https://www.ubereats.com/philadelphia/food-delivery/saladworks-8500-henry-avenue-store-%2329/LOP0WxawTWi0Yw6NL01LCA,conshohocken-pennsylvania
https://www.ubereats.com/philadelphia/food-delivery/founding-farmers-king-of-prussia/UTlQnybTSbC59_BlT8-h2w,conshohocken-pennsylvania
https://www.ubereats.com/philadelphia/food-delivery/country-squire-diner-restaurant-%26-bakery/YyfWIsUdSmaFZbY_NJj7ig,conshohocken-pennsylvania
https://www.ubereats.com/philadelphia/food-delivery/dunkin-1821-bethlehem-pike/BqaWmEOISqCIm2zJJG6bxA,conshohocken-pennsylvania
https://www.ubereats.com/philadelphia/food-delivery/main-line-pizza/4u3ZRWlHQFK-JwQzP3wMLQ,conshohocken-pennsylvania
https://www.ubereats.com/philadelphia/food-delivery/ritas-italian-ice-55-w-eagle-rd/WJplWzE1Shi3wWOYWAk2kQ,conshohocken-pennsylvania
https://www.ubereats.com/philadelphia/food-delivery/smashburger-550-e-lancaster-ave/nUEp93rNRpm3TPghPOxuwg,conshohocken-pennsylvania
https://www.ubereats.com/philadelphia/food-delivery/the-goats-beard-manayunk/hj22Z3BHRF2BQl6QSiI3tA,conshohocken-pennsylvania
https://www.ubereats.com/philadelphia/food-delivery/california-tortilla-king-of-prussia/2xsyIZVlQg2jQhGDKTo6bA,conshohocken-pennsylvania
https://www.ubereats.com/philadelphia/food-delivery/five-guys-pa-0372-160-n-gulph-rd/Rx9maRTASbO8LL40MYxmDQ,conshohocken-pennsylvania
https://www.ubereats.com/philadelphia/food-delivery/little-basil/jrDfoRGJStePWqTSKV_WIA,conshohocken-pennsylvania
https://www.ubereats.com/philadelphia/food-delivery/chipotle-mexican-grill-950-dekalb-pike/krTg5NA4SHKDMacZdFuvsA,conshohocken-pennsylvania
https://www.ubereats.com/philadelphia/food-delivery/chipotle-mexican-grill-160-n-gulph-rd-ste-1049/TrnmpMMERXKOHbGHqL_ptA,conshohocken-pennsylvania
https://www.ubereats.com/philadelphia/food-delivery/ripplewood-whiskey-%26-craft/HHwB5ZgKQkmomotvbjLhnA,conshohocken-pennsylvania
https://www.ubereats.com/philadelphia/food-delivery/the-simple-greek-wayne-pa/i_vBlHtfSreA2U9FP9058g,conshohocken-pennsylvania
https://www.ubereats.com/philadelphia/food-delivery/aman-authentic-indian-cuisine/SYYV5IHvSyS-8UYvRh9utw,conshohocken-pennsylvania
https://www.ubereats.com/philadelphia/food-delivery/boston-market-18-e-germantown-pk/S9KrlenbQm2TC8z6_pm-gg,conshohocken-pennsylvania
https://www.ubereats.com/philadelphia/food-delivery/brunos/IXxfy8aURUG2X2tTmIkUOw,conshohocken-pennsylvania
https://www.ubereats.com/philadelphia/food-delivery/applebees-2710-dekalb-pike/7kdWUcsiSY6oMfmW-IROBg,conshohocken-pennsylvania
https://www.ubereats.com/philadelphia/food-delivery/tropical-smoothie-cafe-gateway-shopping-center/nxOZ-sOoSjiCW5A9OJ6DEg,conshohocken-pennsylvania
https://www.ubereats.com/philadelphia/food-delivery/uno-pizzeria-%26-grill-1009-ridge-pike/TXLy2FGzR5-4KlmfaWn62g,conshohocken-pennsylvania
https://www.ubereats.com/philadelphia/food-delivery/wingers/RmOERUAvTU6IGJnA_SSjqw,conshohocken-pennsylvania
https://www.ubereats.com/philadelphia/food-delivery/caspian-grille/EPCxOIJiTBKK7iqgcD7X6A,conshohocken-pennsylvania
https://www.ubereats.com/philadelphia/food-delivery/iron-hill-brewery-%26-restaurant-chestnut-hill/vYmb2NZGQPi3wYZRMqHFFg,conshohocken-pennsylvania
https://www.ubereats.com/philadelphia/food-delivery/outback-steakhouse-322-ridge-pike/7fodyAvgTwe10-HUmUfEkA,conshohocken-pennsylvania
https://www.ubereats.com/philadelphia/food-delivery/five-guys-pa-1401/EgYERwSdTHWnQ8m3wDSJrw,conshohocken-pennsylvania
https://www.ubereats.com/philadelphia/food-delivery/thai-kuu/55wecmueRgaJhx__hZvpLA,conshohocken-pennsylvania
https://www.ubereats.com/philadelphia/food-delivery/mcdonalds-rosemont-lancast/0ESklCBKRwimqypZk0tf0w,conshohocken-pennsylvania
https://www.ubereats.com/philadelphia/food-delivery/qdoba-mexican-grill-717-s-trooper-rd/2HV2GJGURkOfKqwCvywxwg,conshohocken-pennsylvania
https://www.ubereats.com/philadelphia/food-delivery/the-ultimate-bake-shoppe-of-ardmore/GJWaOL2vQFGwwt220ZFh3g,conshohocken-pennsylvania
https://www.ubereats.com/philadelphia/food-delivery/ny-bagel-%26-sandwich-shop/KKujwXaESbuc2w9UxSicDA,conshohocken-pennsylvania
https://www.ubereats.com/philadelphia/food-delivery/vitality-bowls-230-village-dr/43w4MGQxQZWpS0JfHMkPlg,conshohocken-pennsylvania
https://www.ubereats.com/philadelphia/food-delivery/sweetgreen-ardmore/qCs4oMiGTem_TwEfoYyBnA,conshohocken-pennsylvania
https://www.ubereats.com/philadelphia/food-delivery/salvatores-trattoria-%26-pizzeria/RWUoHjPjT4G9RZspEgbK6A,conshohocken-pennsylvania
https://www.ubereats.com/philadelphia/food-delivery/starbucks-villanova/uW8d7HmFRuCUUhdO93KczQ,conshohocken-pennsylvania
https://www.ubereats.com/philadelphia/food-delivery/honeygrow-230-n-radnor-chester-road/B4fdJPWqQ7mf9nsawnwGwA,conshohocken-pennsylvania
https://www.ubereats.com/philadelphia/food-delivery/popeyes-w-main-st/an2_iTO9QVyqsJr0pMXgdw,conshohocken-pennsylvania
https://www.ubereats.com/philadelphia/food-delivery/edgewood-cafe-%26-byob/HNVd5puaQVGHyMWg7oueGg,conshohocken-pennsylvania
https://www.ubereats.com/philadelphia/food-delivery/tiffin-indian-cuisine-bryn-mawr/zkPG0lalReKi2Bp7JvGySw,conshohocken-pennsylvania
https://www.ubereats.com/philadelphia/food-delivery/oath-pizza-suburban-square/inGXLf0nQbSmynihx5xbAg,conshohocken-pennsylvania
https://www.ubereats.com/philadelphia/food-delivery/applebees-555-s-trooper-road/7PaYiTH0RzSOwr-Rca45XQ,conshohocken-pennsylvania
https://www.ubereats.com/philadelphia/food-delivery/cj-%26-ecks/-gF8Rc23T3a7BN7uhkptDw,conshohocken-pennsylvania
https://www.ubereats.com/philadelphia/food-delivery/bgood-king-of-prussia/8Khxg1GhS4qpkp7SJSeUfA,conshohocken-pennsylvania
https://www.ubereats.com/philadelphia/food-delivery/kosmos/ZIhBP-2lSKuTN1ovZ-aYkA,conshohocken-pennsylvania
https://www.ubereats.com/philadelphia/food-delivery/honeygrow-100-main-street-suite-180/JrL7A2_gR5iwPebZ6Xk-hg,conshohocken-pennsylvania
https://www.ubereats.com/philadelphia/food-delivery/silk-cuisine/Nzy1yIyeQRiVteh1GpMoWA,conshohocken-pennsylvania
https://www.ubereats.com/philadelphia/food-delivery/mcdixons-burgers-shakes-%26-fries/WQeaePRMRXymuDr6bDhhcA,conshohocken-pennsylvania
https://www.ubereats.com/philadelphia/food-delivery/benihana-500-w-germantown-pike/8YKiLj2sQ9yh7Ck5T0MN8g,conshohocken-pennsylvania
https://www.ubereats.com/philadelphia/food-delivery/delicias-colombianas-sami/yhQTAkWNRSWTGfKmaLyrDw,conshohocken-pennsylvania
https://www.ubereats.com/philadelphia/food-delivery/poke-it-up/v55wXC-rQlq6HOapbkdazw,conshohocken-pennsylvania
https://www.ubereats.com/philadelphia/food-delivery/han-dynasty-manayunk/7GhX6PUDSTCeB5em4Fo3Og,conshohocken-pennsylvania
https://www.ubereats.com/philadelphia/food-delivery/hipcityveg-suburban-square/fWXeHPKlTsSO1oczAEyTfw,conshohocken-pennsylvania
https://www.ubereats.com/philadelphia/food-delivery/district-taco-king-of-prussia/DsFKFe4cR3i6kR7zdt0W-A,conshohocken-pennsylvania
https://www.ubereats.com/philadelphia/food-delivery/clean-juice-121-market-street/qPFIPcGxSPyt9-qLUPqUJw,conshohocken-pennsylvania
https://www.ubereats.com/philadelphia/food-delivery/dunkin-132-w-dekalb-pike/HDY-3mRNTLqr9e80We768Q,conshohocken-pennsylvania
https://www.ubereats.com/philadelphia/food-delivery/jamils-cafe/ptiK2Mt4S1WuIKsh2Wv7dw,conshohocken-pennsylvania
https://www.ubereats.com/philadelphia/food-delivery/palermos-pizza/RV0rUW1jRJOsi0pihxumsA,conshohocken-pennsylvania
https://www.ubereats.com/philadelphia/food-delivery/dukes-bbq/84aGWncVSGCeBuMtEgvJjw,conshohocken-pennsylvania
https://www.ubereats.com/philadelphia/food-delivery/smileys-cafe/TFQb0pWUStSPwQma-SHWSA,conshohocken-pennsylvania
https://www.ubereats.com/philadelphia/food-delivery/hooters-king-of-prussia/CIJxYwluSpeJpk24SMlqLQ,conshohocken-pennsylvania
https://www.ubereats.com/philadelphia/food-delivery/the-habit-burger-grill-120-village-drive-suite-100/6ujQCZK9SA2kJTlhi5NATQ,conshohocken-pennsylvania
https://www.ubereats.com/philadelphia/food-delivery/poke-snack-shack/fVoeMUp6TV-V8dnp8PDIOg,conshohocken-pennsylvania
https://www.ubereats.com/philadelphia/food-delivery/night-kitchen-bakery-and-cafe/agR9NqiVTBWc1ST-ZG_WzA,conshohocken-pennsylvania
https://www.ubereats.com/philadelphia/food-delivery/wawa-257-215-w-lancaster-ave/NlzJh0_sRIinXvmG2EldVw,conshohocken-pennsylvania
https://www.ubereats.com/philadelphia/food-delivery/lady-ts-homestyle-southern-cuisine/qsO85o3gRCWKsOpMpGo8Vg,conshohocken-pennsylvania
https://www.ubereats.com/philadelphia/food-delivery/ritas-of-ambler-100-e-butler-ave/GiCdCsnrQHCxYstIlkUaJQ,conshohocken-pennsylvania
https://www.ubereats.com/philadelphia/food-delivery/house-of-veggies/HJiy1UBBRI-hqv-xoA0KJw,conshohocken-pennsylvania
https://www.ubereats.com/philadelphia/food-delivery/buena-vista-restaurant-ardmore/lr0s2-hfTAKTv7BNxGl0-A,conshohocken-pennsylvania
https://www.ubereats.com/philadelphia/food-delivery/little-basil-asian-kitchen-%E5%A5%BD%E5%91%B3%E5%B1%8B/0-r3Idr3QtWtczmAxGgLUw,conshohocken-pennsylvania
https://www.ubereats.com/philadelphia/food-delivery/turning-point-of-blue-bell/3CkoBAHcRaWevFW53S2epQ,conshohocken-pennsylvania
https://www.ubereats.com/philadelphia/food-delivery/delish-soul-food-kitchen/5VHuzxTnTPayCqT1VCTVuQ,conshohocken-pennsylvania
https://www.ubereats.com/philadelphia/food-delivery/mcdonalds-havertwn-westche/h3pkIXuQS7uV8ZYYyDVUSQ,conshohocken-pennsylvania
https://www.ubereats.com/philadelphia/food-delivery/fox-%26-hound-160-n-gulph-road/XIOOw15jQuitF4PjyGrnjA,conshohocken-pennsylvania
https://www.ubereats.com/philadelphia/food-delivery/jersey-mikes-subs-radnor-550-e-lancaster-ave/-oPnOOPPT2ybBQDMPu3QEQ,conshohocken-pennsylvania
https://www.ubereats.com/philadelphia/food-delivery/the-greene-turtle-east-norriton/l4WR6jqmQKq8rUDlz_dYKA,conshohocken-pennsylvania
https://www.ubereats.com/philadelphia/food-delivery/starbucks-e-norriton/xzZ9gHuMTMeU7JuChDGxTg,conshohocken-pennsylvania
https://www.ubereats.com/philadelphia/food-delivery/shake-shack-160-n-gulph-road/Mq5dAriMRHGbCpzpTeLYrg,conshohocken-pennsylvania
https://www.ubereats.com/philadelphia/food-delivery/junior-mini-market/7U6wtZoKSoaB8iYnVGa_Qg,conshohocken-pennsylvania
https://www.ubereats.com/philadelphia/food-delivery/nanos-fresh-food-llc-dba-nanos-fried-chicken/mEYarvp9SrGjB07r0rb5Yw,conshohocken-pennsylvania
https://www.ubereats.com/philadelphia/food-delivery/kabuto-sushi-hibachi-%26-lounge/G3qWHhC-Rt61MeH6J_8ggw,conshohocken-pennsylvania
https://www.ubereats.com/philadelphia/food-delivery/xolo-tacos/FGxJISzYTzu4JTAMmsT3pw,conshohocken-pennsylvania
https://www.ubereats.com/philadelphia/food-delivery/biryani-bowl-indian-cuisine-e-willow-grove/Ji8H_xDgSK2glrcdpwNBmw,conshohocken-pennsylvania
https://www.ubereats.com/philadelphia/food-delivery/mcdonalds-valley-forge/3coem83QTwGM405Pj365ag,conshohocken-pennsylvania
https://www.ubereats.com/philadelphia/food-delivery/pudges-blue-bell/uOYi57CbTsq0r8i-yLyJag,conshohocken-pennsylvania
https://www.ubereats.com/philadelphia/food-delivery/primohoagies-113a-ridge-pike/k9HhsZ00Q3u4m1c9XP3zBg,conshohocken-pennsylvania
https://www.ubereats.com/philadelphia/food-delivery/indian-hut-norristown/6SPsBqfhRyaEwp2EEcJXZQ,conshohocken-pennsylvania
https://www.ubereats.com/philadelphia/food-delivery/izumi/QyQ9DO4UTsOAs95mb6si8w,conshohocken-pennsylvania
https://www.ubereats.com/philadelphia/food-delivery/palace-of-asia-pa/Uhlq9fxeQOmt1Pt9OwdDUQ,conshohocken-pennsylvania
https://www.ubereats.com/philadelphia/food-delivery/jd-mcgillicuddy-manayunk/4z8CaRg9TQGWBj4TXVmPcw,conshohocken-pennsylvania
https://www.ubereats.com/philadelphia/food-delivery/zoes-kitchen-500-w-germantown-pike-%23520/JnzO9rtRSISP3YVPOhP_qw,conshohocken-pennsylvania
https://www.ubereats.com/philadelphia/food-delivery/hopes-cookies-pa/8RgjrJvTTqu6rDZSkmUxag,conshohocken-pennsylvania
https://www.ubereats.com/philadelphia/food-delivery/east-cuisine/b820L-CxTAaDCPKY2xX3TQ,conshohocken-pennsylvania
https://www.ubereats.com/philadelphia/food-delivery/marokko/bLKoUHqtTCm13LeAiPfTkQ,conshohocken-pennsylvania
https://www.ubereats.com/philadelphia/food-delivery/wendys-1013-ridge-pike/hR97s1JVR_qg5SKufQK8mw,conshohocken-pennsylvania
https://www.ubereats.com/philadelphia/food-delivery/saladworks-plymouth-square/i326cBeGTvGMeUbs-vvulQ,conshohocken-pennsylvania
https://www.ubereats.com/philadelphia/food-delivery/the-halal-guys-king-of-prussia/i3Lokh7VQTyR1Udzk_WDNA,conshohocken-pennsylvania
https://www.ubereats.com/philadelphia/food-delivery/wing-squad-wayne/roeJLY7OT_OKop3p7Tq7_w,conshohocken-pennsylvania
https://www.ubereats.com/philadelphia/food-delivery/taco-bell-2722-de-kalb-pike/4tdQvygoRt2hLuTo2OJRTg,conshohocken-pennsylvania
https://www.ubereats.com/philadelphia/food-delivery/nutritious-by-cuisine365-conshohocken/FQC80hjRTXuVHd6cgFqE6Q,conshohocken-pennsylvania
https://www.ubereats.com/philadelphia/food-delivery/clean-juice-50-east-wynnewood-road/bUZHih9IR7utn8PLO1N2og,conshohocken-pennsylvania
https://www.ubereats.com/philadelphia/food-delivery/cracker-barrel-old-country-store-2095-gallagher-road/ZOSXNHNJQLGt-y4facW0ww,conshohocken-pennsylvania
https://www.ubereats.com/philadelphia/food-delivery/arde-osteria/_JS6DoeGR1SCk8RoIi0Pfw,conshohocken-pennsylvania
https://www.ubereats.com/philadelphia/food-delivery/house-of-biryanis-%26-kebabs/FcHOXLmNRuCckiitybOMhw,conshohocken-pennsylvania
https://www.ubereats.com/philadelphia/food-delivery/taco-bell-1165-south-trooper-road/Q9bjwel2TAWbqvni6gitJg,conshohocken-pennsylvania
https://www.ubereats.com/philadelphia/food-delivery/sona-pub-%26-kitchen/IlCeRtfMRoyrkrLVSnYFAQ,conshohocken-pennsylvania
https://www.ubereats.com/philadelphia/food-delivery/beijing-garden/7dStyvN-S7CL0c5BAcGSHA,conshohocken-pennsylvania
https://www.ubereats.com/philadelphia/food-delivery/ristorante-imperatore/w39ZC2DGTMuq4_1dDwNUtA,conshohocken-pennsylvania
https://www.ubereats.com/philadelphia/food-delivery/wawa-66-195-west-lancaster-avenue/ozKjjrAcRtSxwxaNlNXxFg,conshohocken-pennsylvania
https://www.ubereats.com/philadelphia/food-delivery/crab-du-jour-haverton/9PHzdRfWQKaurqd4dquhVg,conshohocken-pennsylvania
https://www.ubereats.com/philadelphia/food-delivery/andys-diner-%26-pub/Wtbn8cZDSMyqvfcnMV_NPA,conshohocken-pennsylvania
https://www.ubereats.com/philadelphia/food-delivery/starbucks-ridge-%26-butler/kdq50FCkQyO54oDDC-Nf8A,conshohocken-pennsylvania
https://www.ubereats.com/philadelphia/food-delivery/ashleys-breakfast-sandwiches/t4Wkhl_lTo-STcGc2WyMxg,conshohocken-pennsylvania
https://www.ubereats.com/philadelphia/food-delivery/jersey-mikes-subs-960-dekalb-pike/X5wKWmb1RTmapzdHvP0szw,conshohocken-pennsylvania
https://www.ubereats.com/philadelphia/food-delivery/breakfast-boutique-chestnut-hill/m267TTL0RPi8fSqcZY9LKg,conshohocken-pennsylvania
https://www.ubereats.com/philadelphia/food-delivery/ginza-japanese-restaurant/5Nrn3SrHRamdR44sG_fJfw,conshohocken-pennsylvania
https://www.ubereats.com/philadelphia/food-delivery/the-bayou-bar-and-grill/02oT8MzJQp-Dto0vUTltYA,conshohocken-pennsylvania
https://www.ubereats.com/philadelphia/food-delivery/china-house/bEYcbmoCTVG8WiokNDY2SA,conshohocken-pennsylvania
https://www.ubereats.com/philadelphia/food-delivery/duletts-jamaica-wings/5vzwfuvSSNae7kbuCJorZg,conshohocken-pennsylvania
https://www.ubereats.com/philadelphia/food-delivery/yiro-yiro/xmGKBGd7RdSabGu7Xjbeew,conshohocken-pennsylvania
https://www.ubereats.com/philadelphia/food-delivery/red-pepper-chettinad-indian-cuisine/8yMO_LIaTHGivMTDd9Oy9Q,conshohocken-pennsylvania
https://www.ubereats.com/philadelphia/food-delivery/bridgeport-wiches/XJTJCe8jT5ekk2v4cAXSGA,conshohocken-pennsylvania
https://www.ubereats.com/philadelphia/food-delivery/gaya-restaurant/rbREfeIjT5GYHcNPcw04MQ,conshohocken-pennsylvania
https://www.ubereats.com/philadelphia/food-delivery/nova-mediterranean-grill/hXd8RCPNRTOvhZDSsFwWXA,conshohocken-pennsylvania
https://www.ubereats.com/philadelphia/food-delivery/red-lobster-425-w-dekalb-pike/bVDUaDngRqaFfg-schO9JA,conshohocken-pennsylvania
https://www.ubereats.com/philadelphia/food-delivery/ny-bagel-cafe-%26-deli/2YN5rKQeQqGFv6dF2J2crQ,conshohocken-pennsylvania
https://www.ubereats.com/philadelphia/food-delivery/ruby-tuesday-2053-chemical-road/LUa75o59S0uYlb9HXPwG0A,conshohocken-pennsylvania
https://www.ubereats.com/philadelphia/food-delivery/chipotle-mexican-grill-323-e-lancaster-ave/8QzvEitBS4SizSP4y2kHOg,conshohocken-pennsylvania
https://www.ubereats.com/philadelphia/food-delivery/fat-boy-deli/egpMlNxMRAeqK50L2mSSOA,conshohocken-pennsylvania
https://www.ubereats.com/philadelphia/food-delivery/pats-place/hw3Bk0fyT36NhBltZgNCJw,conshohocken-pennsylvania
https://www.ubereats.com/philadelphia/food-delivery/shagun-fine-indian/9CSuvjluQKOpZWASMxEdiA,conshohocken-pennsylvania
https://www.ubereats.com/philadelphia/food-delivery/cold-stone-160-n-gulph-rd-ste-2021/jeu-MU8-RcW6CI9YwP1_Pw,conshohocken-pennsylvania
https://www.ubereats.com/philadelphia/food-delivery/dunkin-1941-main-st/kWQRTVJjRcm25U6FnVKdlA,conshohocken-pennsylvania
https://www.ubereats.com/philadelphia/food-delivery/one-love-jamaican-takeout/8mOcvXldRRyl_Q9DBNKy-A,conshohocken-pennsylvania
https://www.ubereats.com/philadelphia/food-delivery/pholicious/qwY0PWACSfqfX6RWv71_JQ,conshohocken-pennsylvania
https://www.ubereats.com/philadelphia/food-delivery/white-dog-cafe-haverford/9wycIYNiQp6LMjs5bY85kw,conshohocken-pennsylvania
https://www.ubereats.com/philadelphia/food-delivery/wendys-555-west-lancaster-ave/ML08_os-Q4C7ce_-Gi_3mw,conshohocken-pennsylvania
https://www.ubereats.com/philadelphia/food-delivery/menchies-frozen-yogurt-2953-swede-rd/hoj-ZkFxRuCytrZgEEmp8g,conshohocken-pennsylvania
https://www.ubereats.com/philadelphia/food-delivery/california-pizza-kitchen-470-mall-blvd/TdcdW-DtRwyg1plgqLdPRQ,conshohocken-pennsylvania
https://www.ubereats.com/philadelphia/food-delivery/sum-pig/c7dmYB3IRUON76H2ntM0Rw,conshohocken-pennsylvania
https://www.ubereats.com/philadelphia/food-delivery/phaby-patties/7riPyUZiScGh2l964PIO_g,conshohocken-pennsylvania
https://www.ubereats.com/philadelphia/food-delivery/332-bonefish-grill-160-n-gulph-rd/w-ZcPds6RQOuKJBx16MkyQ,conshohocken-pennsylvania
https://www.ubereats.com/philadelphia/food-delivery/all-the-way-live/QBuapbjlRIKV1zOe8A5jXw,conshohocken-pennsylvania
https://www.ubereats.com/philadelphia/food-delivery/tsaocaa/W9qeBaF0RbGD_2hpFhIxpg,conshohocken-pennsylvania
https://www.ubereats.com/philadelphia/food-delivery/chipotle-mexican-grill-701-cathedral-rd/9rSLGv0ETJePE5oBqUq4Uw,conshohocken-pennsylvania
https://www.ubereats.com/philadelphia/food-delivery/kilwins-ardmore/ZC52cKxnTI2OB1dEThiygw,conshohocken-pennsylvania
https://www.ubereats.com/philadelphia/food-delivery/yummy-house/gL0fg8_7TtyWTvDI6Vk1Hg,conshohocken-pennsylvania
https://www.ubereats.com/philadelphia/food-delivery/arbys-2610-egypt-rd/HJxVTY9wTRa9PSlROfCGiQ,conshohocken-pennsylvania
https://www.ubereats.com/philadelphia/food-delivery/kilwins-king-of-prussia/F3ajWZiBSM2EWt54kwegJw,conshohocken-pennsylvania
https://www.ubereats.com/philadelphia/food-delivery/side-of-the-road-jerk-chicken/AARWBss8RRquqEWIHqas-w,conshohocken-pennsylvania
https://www.ubereats.com/philadelphia/food-delivery/dandan-wayne/wsyOBkuXRuiMQPesTcaK_A,conshohocken-pennsylvania
https://www.ubereats.com/philadelphia/food-delivery/churned-main-street-pizzeria-and-grille-plymouth-meeting/9aYA0YksS_C3ru2PynNdNA,conshohocken-pennsylvania
https://www.ubereats.com/philadelphia/food-delivery/saffron-indian-kitchen-ambler/w9DcU2DmR9aBDh2WNN7j9Q,conshohocken-pennsylvania
https://www.ubereats.com/philadelphia/food-delivery/bbq-chicken-north-wales-pa/Z7OFHedfTOieA1qkJnhowg,conshohocken-pennsylvania
https://www.ubereats.com/philadelphia/food-delivery/qdoba-200-w-ridge-pike/FwriiDOPTzWJOO2e-FNq-w,conshohocken-pennsylvania
https://www.ubereats.com/philadelphia/food-delivery/kays-kitchen/RIhlx6wcR7OFZmKPX-ohbA,conshohocken-pennsylvania
https://www.ubereats.com/philadelphia/food-delivery/manayunk-tavern/4RvD49EsTBedxxlUYh_mdw,conshohocken-pennsylvania
https://www.ubereats.com/philadelphia/food-delivery/the-juice-room/Luos7EsNRLaNOInQhrNUow,conshohocken-pennsylvania
https://www.ubereats.com/philadelphia/food-delivery/knishes-%26-dishes/wwf-Kn8QTm-a0dYIqbwRaw,conshohocken-pennsylvania
https://www.ubereats.com/philadelphia/food-delivery/subway-500-germantown-pike/qo6g9wvDS6S46XTasigzKg,conshohocken-pennsylvania
https://www.ubereats.com/philadelphia/food-delivery/at-the-table-byob/AQSWQKD5Qdux0VZQLiaJkg,conshohocken-pennsylvania
https://www.ubereats.com/philadelphia/food-delivery/%40ramen/Co2ViZe_S7yfWtp8fu_U7g,conshohocken-pennsylvania
https://www.ubereats.com/philadelphia/food-delivery/go-vegan-philly/feQZ4QF4R52N72sKzcVV6Q,conshohocken-pennsylvania
https://www.ubereats.com/philadelphia/food-delivery/zoes-kitchen-761-w-lancaster-ave/d2ijIt-XT5Wehrsk8mA5yw,conshohocken-pennsylvania
https://www.ubereats.com/philadelphia/food-delivery/anthonys-coal-fired-pizza-blue-bell/6kdieCxfQder3HOtjWQwYw,conshohocken-pennsylvania
https://www.ubereats.com/philadelphia/food-delivery/mi-lah-vegetarian/j90MB5eLQ16H7ld4pT9y-w,conshohocken-pennsylvania
https://www.ubereats.com/philadelphia/food-delivery/haggerty-deli/6eCZOnQzSxWMMkxFqnCMLg,conshohocken-pennsylvania
https://www.ubereats.com/philadelphia/food-delivery/mcdonalds-ridge-pike/nTm-VSqFQ_GWoph-zdfT0A,conshohocken-pennsylvania
https://www.ubereats.com/philadelphia/food-delivery/wingin-it-wings/9kvbgevKRw-FIAzsTym_1w,conshohocken-pennsylvania
https://www.ubereats.com/philadelphia/food-delivery/chellis-kitchen/qU0gzpRYSDOjVdo4_06_OA,conshohocken-pennsylvania
https://www.ubereats.com/philadelphia/food-delivery/primohoagies-106b-w-germantown-pike/riUByMwiQAmVsrSWi5dK5g,conshohocken-pennsylvania
https://www.ubereats.com/philadelphia/food-delivery/starbucks-king-of-prussia-town-center/lQl36JqoQPKT_SSXHiZWiQ,conshohocken-pennsylvania
https://www.ubereats.com/philadelphia/food-delivery/friendlys-150-w-germantown-pike/9ePHqdgBR4S2B-QMk1rzOw,conshohocken-pennsylvania
https://www.ubereats.com/philadelphia/food-delivery/dunkin-881-w-butler-pike/7uXsOw3WQ_GUu6je4_q2OQ,conshohocken-pennsylvania
https://www.ubereats.com/philadelphia/food-delivery/uno-pizzeria-oaks/QAFWlYHSQNyiaED2lUxErA,conshohocken-pennsylvania
https://www.ubereats.com/philadelphia/food-delivery/bertuccis-500-west-germantown-pike/_kRdafiFSqS_w-m1QosOzw,conshohocken-pennsylvania
https://www.ubereats.com/philadelphia/food-delivery/ra-sushi-bar-500-west-germantown-pike/6e268oEoRuqniXRSRa2yLA,conshohocken-pennsylvania
https://www.ubereats.com/philadelphia/food-delivery/california-pizza-kitchen-514-w-germantown-pike/T583JHv4QXq-BHlQSM_uDw,conshohocken-pennsylvania
https://www.ubereats.com/philadelphia/food-delivery/i-want-moore-bakery/fhVXPa4HT3GWO0Qg8ifwzw,conshohocken-pennsylvania
https://www.ubereats.com/philadelphia/food-delivery/ashleys-wing-house/wWI-igtcSdWEHdZ5iA8lbA,conshohocken-pennsylvania
https://www.ubereats.com/philadelphia/food-delivery/the-goats-beard-wayne/wuu1v8kKReey88CiChJgow,conshohocken-pennsylvania
https://www.ubereats.com/philadelphia/food-delivery/at-the-table-byob/-cgndomIS4-gA97fxj1C0Q,conshohocken-pennsylvania
https://www.ubereats.com/philadelphia/food-delivery/nam-phuong-bistro/dYjefrfYQLGPtjWY3ahJMw,conshohocken-pennsylvania
https://www.ubereats.com/philadelphia/food-delivery/whitpain-tavern/Imy38k81RgKkuLoop0kxfw,conshohocken-pennsylvania
https://www.ubereats.com/philadelphia/food-delivery/tasty-twisters-bakery/MasTZ4tTSFCXJfawh3ctXg,conshohocken-pennsylvania
https://www.ubereats.com/philadelphia/food-delivery/dairy-queen-treat-valley-forge-shopping-center/8fXmgH-FTbyprA-TsaZcEA,conshohocken-pennsylvania
https://www.ubereats.com/philadelphia/food-delivery/fingers-wings-%26-other-things/3EEqSmRoR-SxTBlQCRnX4w,conshohocken-pennsylvania
https://www.ubereats.com/philadelphia/food-delivery/sullivans-700-w-dekalb-pike/V99YFfERR7m5uG0VM58iGw,conshohocken-pennsylvania
https://www.ubereats.com/philadelphia/food-delivery/osaka-japanese-restaurant/ShVRONYkT9-Rc4WK2IsuUg,conshohocken-pennsylvania
