url,city
https://www.ubereats.com/salem/food-delivery/rivas-taco-shop/wc1x3s4jSqymTx99k0EP5g,corvallis-oregon
https://www.ubereats.com/salem/food-delivery/togos-2317-nw-9th-st-corvallis-oregon/GiqCVWv-TFuT6I5Y12pdpg,corvallis-oregon
https://www.ubereats.com/salem/food-delivery/taco-bell-1835-pacific-blvd-sw/SyKUo_M5RiKE-SfctfEOww,corvallis-oregon
https://www.ubereats.com/salem/food-delivery/burger-king-235-nw-4th-street/y74Sz1lYQVCC1hQNckWpMw,corvallis-oregon
https://www.ubereats.com/salem/food-delivery/aomatsu-japanese-restaurant/lLpfUOsYT860j8aCJWCIxA,corvallis-oregon
https://www.ubereats.com/salem/food-delivery/jack-in-the-box-550-ne-circle-blvd/4B3TOG0OS1yuQdABxOXLrQ,corvallis-oregon
https://www.ubereats.com/salem/food-delivery/panera-355-nw-4th-st/NF1Z9lqJRtWd4DRpieoTrg,corvallis-oregon
https://www.ubereats.com/salem/food-delivery/mcdonalds-2250-nw-9th-st/W1LSCjnHTKCVnJjArRedlA,corvallis-oregon
https://www.ubereats.com/salem/food-delivery/buffalo-wild-wings-1820-nw-9th-st/dzZCECCBS7Ofd-aOM5Z5ug,corvallis-oregon
https://www.ubereats.com/salem/food-delivery/dairy-queen-treat-1907-main-st/n8gTNDlnQqStihmL7u3dRw,corvallis-oregon
https://www.ubereats.com/salem/food-delivery/pastega-coffee-roasters-9th-street-cafe/sXsOHTe9SvK6V4UP_ZBZtA,corvallis-oregon
https://www.ubereats.com/salem/food-delivery/muchas-gracias-2697-pacific-blvd-se/gMo0BpEaTu20D1E_5njMSA,corvallis-oregon
https://www.ubereats.com/salem/food-delivery/us-market-180/NmusqysTT_GghuLRTiOqsg,corvallis-oregon
https://www.ubereats.com/salem/food-delivery/toms-peacock-bar-%26-grill/AS6ZazuMSwaRD2uPnPHl8Q,corvallis-oregon
https://www.ubereats.com/salem/food-delivery/cafe-yumm!-corvallis/8kcz7vv7Sw2ovPu0GvTzoA,corvallis-oregon
https://www.ubereats.com/salem/food-delivery/dennys-3435-se-spicer-dr/STApkG9fSvyNmMip9JP-kA,corvallis-oregon
https://www.ubereats.com/salem/food-delivery/new-china-buffet/IFRt4tyjRs-z1TSxG0eVIw,corvallis-oregon
https://www.ubereats.com/salem/food-delivery/thai-express-1335-nw-9th-st-%23160/7uROmFymQX2w5_b5ne-THg,corvallis-oregon
https://www.ubereats.com/salem/food-delivery/shogun-bowl/BQqxWubaTZOHZfcRmOaRVA,corvallis-oregon
https://www.ubereats.com/salem/food-delivery/american-dream-pizza-campus/YZbFCY_7S2eRHMawY7WjEQ,corvallis-oregon
https://www.ubereats.com/salem/food-delivery/qdoba-2001-nw-monroe-ave/m2fg7GfGRRWjasrZotLePw,corvallis-oregon
https://www.ubereats.com/salem/food-delivery/new-morning-bakery/Fm2GWZugSDqQsUaPFunUKw,corvallis-oregon
https://www.ubereats.com/salem/food-delivery/dairy-queen-grill-%26-chill-303-sw-3rd-st/8WBeQjlWQOOiGriRCA7G3A,corvallis-oregon
https://www.ubereats.com/salem/food-delivery/sugar-toast/CBVITXBQQi6uBeKUhzYiFQ,corvallis-oregon
https://www.ubereats.com/salem/food-delivery/figaros-pizza-1411-main-st/za4OlCyTRM-KIW8y_U33bA,corvallis-oregon
https://www.ubereats.com/salem/food-delivery/burger-king-5000-sw-philomath-boulevard/o1dm9gbFSHWtY38uP8azjA,corvallis-oregon
https://www.ubereats.com/salem/food-delivery/taco-bell-200-airport-rd-se/u8yY-NkRSX291U3uHrsbFQ,corvallis-oregon
https://www.ubereats.com/salem/food-delivery/the-angry-beaver-sports-grill/FYqzp4NySemZonwU36Fs9w,corvallis-oregon
https://www.ubereats.com/salem/food-delivery/cold-stone-creamery-2350-nw-9th-st-ste-b/r_l1ZYV6QOK9DXha10uLfw,corvallis-oregon
https://www.ubereats.com/salem/food-delivery/kfc-1775-nw-9th-st/_lEMY_hMRjuxTrO04_ZEiw,corvallis-oregon
https://www.ubereats.com/salem/food-delivery/delicias-valley-cafe/NQQ1XO5BSwaX_QdOtKJNpA,corvallis-oregon
https://www.ubereats.com/salem/food-delivery/pastini-corvallis/xiG7mIGWQMa8UQ3I7zFbEA,corvallis-oregon
https://www.ubereats.com/salem/food-delivery/evergreen-indian-restaurant-corvallis/uwHtaFvERFekO_AYIKkNTA,corvallis-oregon
https://www.ubereats.com/salem/food-delivery/pie-five-pizza-company-2333-northwest-kings-boulevard/ni_dk4NxTg-yHIqXN3wEcw,corvallis-oregon
https://www.ubereats.com/salem/food-delivery/panda-express-1822-nw-9th-st/9cQAQcDfTJOh_d6Eb_X8Qw,corvallis-oregon
https://www.ubereats.com/salem/food-delivery/carls-jr-800-nw-9th-street/ovH6OaMrQGCArH-DLuDZWw,corvallis-oregon
https://www.ubereats.com/salem/food-delivery/applebees-1915-ne-four-acre-place-%2384024/2ZObUPl6R_OHx5OLTtqOAQ,corvallis-oregon
https://www.ubereats.com/salem/food-delivery/subway-421-sw-3rd-st/8mMpbYXNRfiANg3OLZF6kw,corvallis-oregon
https://www.ubereats.com/salem/food-delivery/chipotle-mexican-grill-2501-nw-monroe-ave/GkVIawjTTw-HqiakuG7Hxg,corvallis-oregon
https://www.ubereats.com/salem/food-delivery/panda-express-1310-geary-street/QDpl2nyHSBSJPzqCNOBeWQ,corvallis-oregon
https://www.ubereats.com/salem/food-delivery/papa-murphys-5278-sw-philomath-blvd/t1xc4uU2RFGnfAZFQjllnA,corvallis-oregon
https://www.ubereats.com/salem/food-delivery/china-blue-restaurant/77UGf9wtQX-drYv7gHhvug,corvallis-oregon
https://www.ubereats.com/salem/food-delivery/applebees-1525-se-geary-st-%2385013/7DU6Ja73RR6c1XMji4dzkg,corvallis-oregon
https://www.ubereats.com/salem/food-delivery/szechuan-cafe/v08ttkoDSbqmH3kG04iY7A,corvallis-oregon
https://www.ubereats.com/salem/food-delivery/starbucks-timberhill/1WrzL1LmTqmVCCvlGSxs2Q,corvallis-oregon
https://www.ubereats.com/salem/food-delivery/aprils-tea-house/ddQYOTaeSnO7p6t-KaBilw,corvallis-oregon
https://www.ubereats.com/salem/food-delivery/el-palenque/Pxe21_66QVOfX_2iWqBRvg,corvallis-oregon
https://www.ubereats.com/salem/food-delivery/the-show/e1hfbkQGTPCEDWqjvzCE7A,corvallis-oregon
https://www.ubereats.com/salem/food-delivery/panda-express-2501-sw-jefferson-way/gBtOPkJEQbm0OCvVT_IODg,corvallis-oregon
https://www.ubereats.com/salem/food-delivery/mcdonalds-300-nw-3rd-st/w_vxV9poRf-dA_NuVYb5oQ,corvallis-oregon
https://www.ubereats.com/salem/food-delivery/alley-gyros/JPY46y2WS_K0HHgtxWVc2Q,corvallis-oregon
https://www.ubereats.com/salem/food-delivery/number-one-hot-pot/HhWELcyARrGOCaVuqsNmmQ,corvallis-oregon
https://www.ubereats.com/salem/food-delivery/starbucks-corvallis/xg2HM6r9Ro-5jhon9XfcjQ,corvallis-oregon
https://www.ubereats.com/salem/food-delivery/sweetheart-desserts/Oyzc0uhMQ36kfHVU1iWPsw,corvallis-oregon
https://www.ubereats.com/salem/food-delivery/jersey-mikes-subs-2051-nw-monroe-street/QwlFS1TyR_GyrnLHwds6tQ,corvallis-oregon
https://www.ubereats.com/salem/food-delivery/the-old-spaghetti-factory-corvallis/VZucI3dTQUGT6HNIElg9Rw,corvallis-oregon
https://www.ubereats.com/salem/food-delivery/papa-murphys-960-north-west-circle-blvd/9n_ia98HT6KriXO76kBKDQ,corvallis-oregon
https://www.ubereats.com/salem/food-delivery/bench-warmers/DqiU7mRMS6imCoLmpSTnkg,corvallis-oregon
https://www.ubereats.com/salem/food-delivery/crystals-cuisine-%26-cafe/DXR-zefMQYan4pwzmNryTQ,corvallis-oregon
https://www.ubereats.com/salem/food-delivery/taco-bell-2235-nw-9th-street/ocW6UIE9S_mfHZ4k77qBWg,corvallis-oregon
https://www.ubereats.com/salem/food-delivery/sugoi-sushi/g68JRSMYQAyA3erwb3bivw,corvallis-oregon
https://www.ubereats.com/salem/food-delivery/cheesy-stuffed-burgers/5jqkl9JWTFOwLcJjMEZJrQ,corvallis-oregon
https://www.ubereats.com/salem/food-delivery/china-delight-restaurant-%26-lounge/8qU8NpoASdar9bPLfXSQBg,corvallis-oregon
https://www.ubereats.com/salem/food-delivery/mix-asian-bistro/Wcy9fGbURQSTYN3ziV7hqw,corvallis-oregon
