url,city
https://www.ubereats.com/cincinnati/food-delivery/moes-southwest-grill-7426-beechmont-avenue/K_1J5qiOTq-ycmk6O7A83Q,covington-kentucky
https://www.ubereats.com/cincinnati/food-delivery/empress-chili/GMm77gheSgmEMAJqXL-5Cg,covington-kentucky
https://www.ubereats.com/cincinnati/food-delivery/papa-johns-8402-us-highway-42/W2FIyyTDQDSdS7gXM3Ww2g,covington-kentucky
https://www.ubereats.com/cincinnati/food-delivery/bambooz-bar-%26-grill/sZV5zCq8S8OBcbDCtrTNOw,covington-kentucky
https://www.ubereats.com/cincinnati/food-delivery/gold-star-chili-latonia/ev5lV2qTSYuU60OnHToorA,covington-kentucky
https://www.ubereats.com/cincinnati/food-delivery/auntie-annes-441-vine-street-unit-1-h/pcD1tsSDSvGR8_1TJiQf8w,covington-kentucky
https://www.ubereats.com/cincinnati/food-delivery/firehouse-subs-3065-north-bend-rd/VR072C68QASIgKmoC-QQqA,covington-kentucky
https://www.ubereats.com/cincinnati/food-delivery/the-red-balloon-cafe%2Bplay/XkTfZ96yRGGOOTzGlM_GYw,covington-kentucky
https://www.ubereats.com/cincinnati/food-delivery/arbys-5286/6v3vM_axSn6pVmEs6zTGZA,covington-kentucky
https://www.ubereats.com/cincinnati/food-delivery/akash-india-restaurant/QmcQqCnlSh-9RAqzFWcNPg,covington-kentucky
https://www.ubereats.com/cincinnati/food-delivery/jersey-mikes-subs-cincinnati-5032-glen-crossing-way/OxdPriNETAe1LDIYeONp0w,covington-kentucky
https://www.ubereats.com/cincinnati/food-delivery/servatii-pastry-shop/SrROeQadTi-gIyL6kch0sQ,covington-kentucky
https://www.ubereats.com/cincinnati/food-delivery/press-on-monmouth/6V9anX6oQK2iPiaoKMe7zw,covington-kentucky
https://www.ubereats.com/cincinnati/food-delivery/peking-restaurant/CCxTVxWISGm9ihJv8zS3fg,covington-kentucky
https://www.ubereats.com/cincinnati/food-delivery/panino/sRwYoGjlRYWrsmv5gOW5qQ,covington-kentucky
https://www.ubereats.com/cincinnati/food-delivery/macs-pizza-pub-mainstrasse/MxLe10j7TYmgJwgD02aPcw,covington-kentucky
https://www.ubereats.com/cincinnati/food-delivery/mcdonalds-dixie-%26-kenton-lands/LEUq1C8YQkaEmujS3dbiYQ,covington-kentucky
https://www.ubereats.com/cincinnati/food-delivery/che/kE9VFUIxQMuB-Bg8pm26bw,covington-kentucky
https://www.ubereats.com/cincinnati/food-delivery/jefferson-social/92cnPR2wRsC-FVbZ4o_xdQ,covington-kentucky
https://www.ubereats.com/cincinnati/food-delivery/jersey-mikes-3770-paxton-ave/KhiLodR8SGCeY7swnXVgIA,covington-kentucky
https://www.ubereats.com/cincinnati/food-delivery/papa-johns-2010-north-bend-rd/FH67sZtUSVCjHeqF0ZdIGw,covington-kentucky
https://www.ubereats.com/cincinnati/food-delivery/first-watch-crestview/ts72K4RQS3qHCr12-0FYqw,covington-kentucky
https://www.ubereats.com/cincinnati/food-delivery/buffalo-wings-%26-rings-509-ohio-pike/nwp_kCsWQwWVRZzHOUZClQ,covington-kentucky
https://www.ubereats.com/cincinnati/food-delivery/baladi/M56tmotMSuSx-cOOYyfioQ,covington-kentucky
https://www.ubereats.com/cincinnati/food-delivery/frischs-big-boy-100-landmark-dr/eckkx6a5Qve0MnSO3IcUZg,covington-kentucky
https://www.ubereats.com/cincinnati/food-delivery/veracruz-mexican-grill/7qtVlstFTQq3XUGzqsRzrA,covington-kentucky
https://www.ubereats.com/cincinnati/food-delivery/mazunte-6216-madison-rd/aT3MRGmQQHqUNBVjEi2aVg,covington-kentucky
https://www.ubereats.com/cincinnati/food-delivery/mcdonalds-monmouth-%26-zott/fUr0WE2zScG09NnmByN1wg,covington-kentucky
https://www.ubereats.com/cincinnati/food-delivery/frischs-big-boy-494-orphanage-rd/fwGptz02R3mXpIdCFcyQ_A,covington-kentucky
https://www.ubereats.com/cincinnati/food-delivery/rallys-4115-glenway-ave/OghBGLIlRMao45PXn2GyiA,covington-kentucky
https://www.ubereats.com/cincinnati/food-delivery/bob-evans-292-489-orphanage-road/7d48REcdQfGlF5czpMSw3w,covington-kentucky
https://www.ubereats.com/cincinnati/food-delivery/elis-bbq/JeZmk0wqSKqZl4nkEJrzHg,covington-kentucky
https://www.ubereats.com/cincinnati/food-delivery/macaron-bar-otr/KQKTwPYzQjKxIz-brf3mIQ,covington-kentucky
https://www.ubereats.com/cincinnati/food-delivery/fortune-noodle-house/ObfJmiNkQTip5NjQ2ZGa7g,covington-kentucky
https://www.ubereats.com/cincinnati/food-delivery/gutierrez-deli/CfMDfTkOQvmz7dynFr1Cug,covington-kentucky
https://www.ubereats.com/cincinnati/food-delivery/molly-malones-irish-pub-%26-restaurant/c8XatXK4QSqRCsbKU_u0gA,covington-kentucky
https://www.ubereats.com/cincinnati/food-delivery/dunkin-4765-alexandria-pike/g89dvMOpRVqmuYq7HAOuqQ,covington-kentucky
https://www.ubereats.com/cincinnati/food-delivery/arbys-8486/MZnzTtzHR8KYDkPW8QjfTA,covington-kentucky
https://www.ubereats.com/cincinnati/food-delivery/the-burger-experience-7848-mall-road/vIq8tEbSRQq-wu1K9Mg2KQ,covington-kentucky
https://www.ubereats.com/cincinnati/food-delivery/dilly-bistro/9a8E0CiLQkCWVIwZPgzsow,covington-kentucky
https://www.ubereats.com/cincinnati/food-delivery/frischs-big-boy-alexandria-pike/Cwch1-M8RD2mYheWKCbyUg,covington-kentucky
https://www.ubereats.com/cincinnati/food-delivery/el-taco-veloz/1cKV_UUxQuO-3-PBZzSWFg,covington-kentucky
https://www.ubereats.com/cincinnati/food-delivery/chic-fil-a/eqFGLpaORMePaC89Gul9eQ,covington-kentucky
https://www.ubereats.com/cincinnati/food-delivery/colonial-cottage/G4SziaJ5SYaVdCVDFM5E6g,covington-kentucky
https://www.ubereats.com/cincinnati/food-delivery/nick-%26-toms/fN4iqxrzRgisUEUl591RIw,covington-kentucky
https://www.ubereats.com/cincinnati/food-delivery/fishbowl/3NSrLPf8SWGFaiR6wC84og,covington-kentucky
https://www.ubereats.com/cincinnati/food-delivery/burger-king-14-carothers-rd/uUm8YReoRbqvBil2IUHShw,covington-kentucky
https://www.ubereats.com/cincinnati/food-delivery/zoup!-291-martin-luther-king-dr-e/cWQKsbgFTEyT0Ry-iKkqTw,covington-kentucky
https://www.ubereats.com/cincinnati/food-delivery/e%2Bo-new-asian/Tqvb5OpDQTGs7Dk5EVypWw,covington-kentucky
https://www.ubereats.com/cincinnati/food-delivery/firehouse-subs-6805-houston-rd-suite-700/SN3jy04ZQVW0aupAtd1rOg,covington-kentucky
https://www.ubereats.com/cincinnati/food-delivery/chipotle-mexican-grill-2527-wilson-rd/4_i5Mr_AQNuhy4hY31tD3A,covington-kentucky
https://www.ubereats.com/cincinnati/food-delivery/starbucks-crestview-hills/o2DRTpyxQOWaj0PYCyTqdw,covington-kentucky
https://www.ubereats.com/cincinnati/food-delivery/outback-steakhouse-8030-mall-rd/Jt60LkryTUm3gTjCC7_56g,covington-kentucky
https://www.ubereats.com/cincinnati/food-delivery/eastern-burrito-company/qN-UrRehT1CteiR8TEW_1w,covington-kentucky
https://www.ubereats.com/cincinnati/food-delivery/maverick-chocolate-co/NokZ5w5XRmm4yRCLUjkSyw,covington-kentucky
https://www.ubereats.com/cincinnati/food-delivery/auntie-annes-florence-mall-space-2092-2092-florence-mall/Gay-w3jzRZGxjfhKuWptlg,covington-kentucky
https://www.ubereats.com/cincinnati/food-delivery/taco-bell-2500-highland-avenue/Sw4zDbaUTam0pUqopE2AuA,covington-kentucky
https://www.ubereats.com/cincinnati/food-delivery/conscious-kitchen/gZFzOIV6SxixWAm0aRgrgQ,covington-kentucky
https://www.ubereats.com/cincinnati/food-delivery/sacred-beast-diner/Nyv_r1DzQL6uVgqibM0rqQ,covington-kentucky
https://www.ubereats.com/cincinnati/food-delivery/subway-221-e-4th-st-ste-117/g4wdqGlqQYuKhzxxnKDjLg,covington-kentucky
https://www.ubereats.com/cincinnati/food-delivery/nittha-siam-kitchen/Qe6dU-uiQQKY-qLX8v01zQ,covington-kentucky
https://www.ubereats.com/cincinnati/food-delivery/sahara-restaurant/eVlumCJERy2iRfGO8JfwEg,covington-kentucky
https://www.ubereats.com/cincinnati/food-delivery/longnecks-sports-grill-wilder/XIKmsLYpQxicHhGFl63VKg,covington-kentucky
https://www.ubereats.com/cincinnati/food-delivery/servatii-pastry-shop-%26-deli-western-hills/fD3j9aFTRPqNAf3fD8a14g,covington-kentucky
https://www.ubereats.com/cincinnati/food-delivery/hibachi-master/n9cJdGjZQGK_P0LwT4ofOA,covington-kentucky
https://www.ubereats.com/cincinnati/food-delivery/viande/rEX9GckmR_KqYtKyga5aHA,covington-kentucky
https://www.ubereats.com/cincinnati/food-delivery/frischs-big-boy-4016-dixie-hwy/Eg0VeOFuTS2pI9KMMjMGgA,covington-kentucky
https://www.ubereats.com/cincinnati/food-delivery/babushka-pierogies/ItKmnWtEQAGGzE5hwYRXlg,covington-kentucky
https://www.ubereats.com/cincinnati/food-delivery/7850-bonefish-grill-588-buttermilk-pike/HI5VXfr0SPWDq3mrsyXV2g,covington-kentucky
https://www.ubereats.com/cincinnati/food-delivery/fort-thomas-deli-mart/h2yU-ZhPR22ZNvjXYzNPQw,covington-kentucky
https://www.ubereats.com/cincinnati/food-delivery/fusian-hyde-park/XHPaUEhGS1a9k_qBVbjseA,covington-kentucky
https://www.ubereats.com/cincinnati/food-delivery/wabi-sabi/K0_dy1x5TmKWyghPii3uoQ,covington-kentucky
https://www.ubereats.com/cincinnati/food-delivery/drunken-tacos/TQJ1gTuxSEuvgWnFniltDA,covington-kentucky
https://www.ubereats.com/cincinnati/food-delivery/gaslight-bar-%26-grill/U1-AVDr1QCur2nCi68QIXA,covington-kentucky
https://www.ubereats.com/cincinnati/food-delivery/quesadilla-station/W_1S3EAFTR6fLiK0k0pDvA,covington-kentucky
https://www.ubereats.com/cincinnati/food-delivery/yamato-steak-house-and-sushi/bLUc3j6vRX67wns1PcsuBA,covington-kentucky
https://www.ubereats.com/cincinnati/food-delivery/buzzed-bull-creamery/SgP2oHoAR3OtptFO6T2xfw,covington-kentucky
https://www.ubereats.com/cincinnati/food-delivery/buffalo-wild-wings-3441-valley-plaza-parkway-a/9Jb0ZaiUQ-S9jzGzyfmVbg,covington-kentucky
https://www.ubereats.com/cincinnati/food-delivery/taco-bell-14-martha-layne-collins-blvd/I44QUiz9R4qrZ6pldFY9oQ,covington-kentucky
https://www.ubereats.com/cincinnati/food-delivery/steak-n-shake-7485-foltz-drive/7G4wgNWwQyGbE7rqNOLNtQ,covington-kentucky
https://www.ubereats.com/cincinnati/food-delivery/parlor-on-seventh/uh4oTT4gRIejYjw0pRK6-w,covington-kentucky
https://www.ubereats.com/cincinnati/food-delivery/wendys-3708-alexandria-pike/nz0PPpP7Q5G6ocucOv4XIQ,covington-kentucky
https://www.ubereats.com/cincinnati/food-delivery/riverside-korean/aMQtQUbxTu24qerP9LUnhw,covington-kentucky
https://www.ubereats.com/cincinnati/food-delivery/five-stars-mediterranean-resturant/ubinW_-ISbCyF2v0C9ALug,covington-kentucky
https://www.ubereats.com/cincinnati/food-delivery/arbys-6219/SQxt4-YuRpySFhOAM9r6Xw,covington-kentucky
https://www.ubereats.com/cincinnati/food-delivery/yalla-yallaa/xBYhh5SYQl-9aR0uP08pvw,covington-kentucky
https://www.ubereats.com/cincinnati/food-delivery/tender-towne-beechmont/ryKbB2EDT1yNAxbZExhG4g,covington-kentucky
https://www.ubereats.com/cincinnati/food-delivery/simply-rolled-ice-cream/WAjGKjYiQrW4liN2YnIB_w,covington-kentucky
https://www.ubereats.com/cincinnati/food-delivery/velvet-smoke-bbq-crescent-springs/ODTDpjqzQaq8flTFH_45vQ,covington-kentucky
https://www.ubereats.com/cincinnati/food-delivery/tin-roof/bw4ZSH9ATcWOmB1xnOSDYQ,covington-kentucky
https://www.ubereats.com/cincinnati/food-delivery/gold-star-chili-crescent-springs/snme8JzFSaKWPVlaBiC5Cg,covington-kentucky
https://www.ubereats.com/cincinnati/food-delivery/somm-wine-bar-and-kitchen/yKwTuPoRQq2uLHWQKDH19w,covington-kentucky
https://www.ubereats.com/cincinnati/food-delivery/ruths-chris-steak-house-100-e-freedom-way/Bs0S73Z_T7uLGdrLfoOlVA,covington-kentucky
https://www.ubereats.com/cincinnati/food-delivery/frischs-big-boy-20-kyles-ln/DsPkVlMPT92U4juoe5A4jg,covington-kentucky
https://www.ubereats.com/cincinnati/food-delivery/jets-pizza-1305-monmouth-st/K0o6E15bQla5DE4ynZwEIA,covington-kentucky
https://www.ubereats.com/cincinnati/food-delivery/holtmans-donut-shop/bMV1kv0-THG6xYQLEGOYuw,covington-kentucky
https://www.ubereats.com/cincinnati/food-delivery/long-john-silvers-3600-harrison-avenue/16foiqwPSSG_P2-jUzjgtw,covington-kentucky
https://www.ubereats.com/cincinnati/food-delivery/fort-thomas-pizza-%26-tavern/C82M-S4xSfqsx-as864jlw,covington-kentucky
https://www.ubereats.com/cincinnati/food-delivery/applebees-30-crestview-hills-mall-road/S-j3VJVTRnqOszyDHWi3Nw,covington-kentucky
https://www.ubereats.com/cincinnati/food-delivery/hooters-riverboat-%26-park/oDzaxL1WTuKBo5jmdHW1Cg,covington-kentucky
https://www.ubereats.com/cincinnati/food-delivery/locoba-by-platform/auA8JBhbTqe4pRSGUU-ZJQ,covington-kentucky
https://www.ubereats.com/cincinnati/food-delivery/kfc-3040-dixie-highway/7irgUdO9ToGx-b8vdO6uvA,covington-kentucky
https://www.ubereats.com/cincinnati/food-delivery/hot-head-burritos-newport/WvE6vaZGSaiPllT5a_piAQ,covington-kentucky
https://www.ubereats.com/cincinnati/food-delivery/fish-express/K6--ipOrSVqslskJWkhmQg,covington-kentucky
https://www.ubereats.com/cincinnati/food-delivery/subway-1412-gloria-terrell-dr-ste-1/b_Hvo2BNQGOrQjm1toHZqw,covington-kentucky
https://www.ubereats.com/cincinnati/food-delivery/b%26a-street-kitchen/eg3_X1dmQB23MuOXoO3-UQ,covington-kentucky
https://www.ubereats.com/cincinnati/food-delivery/wendys-57-carothers-rd/03ICLVg5Q_6mHBN0CSEjtw,covington-kentucky
https://www.ubereats.com/cincinnati/food-delivery/arbys-7267/9gw1M8bsR_G8FftOhpy_uQ,covington-kentucky
https://www.ubereats.com/cincinnati/food-delivery/applebees-7383-turfway-road/wxYqNtjCReOsJN5kGhn4kw,covington-kentucky
https://www.ubereats.com/cincinnati/food-delivery/gyros-on-main/iIncHOPMTYi07NAUd2HNeQ,covington-kentucky
https://www.ubereats.com/cincinnati/food-delivery/taco-bell-3911-red-bank-rd/un73NfBpSYyIVJtCFChS_w,covington-kentucky
https://www.ubereats.com/cincinnati/food-delivery/pipers-cafe/MBVboTOSS5WyjmZ7kItswg,covington-kentucky
https://www.ubereats.com/cincinnati/food-delivery/grammas-pizza/1O_Aj7yeQVSiLs4jnoGSaA,covington-kentucky
https://www.ubereats.com/cincinnati/food-delivery/noodles-%26-company-193-pavilion-pkwy/qyYHm45cTciYhU1fI45fQg,covington-kentucky
https://www.ubereats.com/cincinnati/food-delivery/mcdonalds-old-taylor-mill-%26-pride/Nyi4k5i7Qei9khl21NpkBg,covington-kentucky
https://www.ubereats.com/cincinnati/food-delivery/kidd-coffee-macys-tower/xh9O7VsPSPCu-eyTaiYF4Q,covington-kentucky
https://www.ubereats.com/cincinnati/food-delivery/chipotle-mexican-grill-258-stetson-st/kf_uq1yBRfC9vg3c1bcX8A,covington-kentucky
https://www.ubereats.com/cincinnati/food-delivery/chipotle-mexican-grill-3725-paxton-ave/RmMdAYDmSXWcJC_GLRj-EA,covington-kentucky
https://www.ubereats.com/cincinnati/food-delivery/graeters-ice-cream-fort-thomas/iu9fB6FVQOq1sHMovpcCBw,covington-kentucky
https://www.ubereats.com/cincinnati/food-delivery/ihop-7400-beechmont-ave/B0AKaKiBTuqkrActsshe2w,covington-kentucky
https://www.ubereats.com/cincinnati/food-delivery/outback-steakhouse-7731-five-mile-road/roSYPcwJTeSXRO1x6-JRZA,covington-kentucky
https://www.ubereats.com/cincinnati/food-delivery/arbys-934/UCoXME2SQ3umoQ1z05CQ0g,covington-kentucky
https://www.ubereats.com/cincinnati/food-delivery/currito-5th-st-%26-walnut/gh6GgxMvQuK8ToViEG34UQ,covington-kentucky
https://www.ubereats.com/cincinnati/food-delivery/mcdonalds-st-johns-%26-pooles-creek/we2Z5b6KShWzqczAKCVa2A,covington-kentucky
https://www.ubereats.com/cincinnati/food-delivery/panda-express-6805-houston-road/U4TUsYDQQ-2Vr8HDSXOZtA,covington-kentucky
https://www.ubereats.com/cincinnati/food-delivery/hot-head-burritos-mt-zion/Ho-n9xGnTImI85jnegxYHQ,covington-kentucky
https://www.ubereats.com/cincinnati/food-delivery/frischs-big-boy-6808-burlington-pike/QRriYVZuQ1CTRwXPDaPktg,covington-kentucky
https://www.ubereats.com/cincinnati/food-delivery/yard-bird/XHSujk1sSuymrWp8s4ZGpA,covington-kentucky
https://www.ubereats.com/cincinnati/food-delivery/red-lobster-7921-dream-street/-Wwd9l9-Sr6fTJoSuJ210A,covington-kentucky
https://www.ubereats.com/cincinnati/food-delivery/carabello-coffee/zO1dzHfXTUyKE7PcTuJ-gg,covington-kentucky
https://www.ubereats.com/cincinnati/food-delivery/white-castle-8101-us-42/Hjm_YDzGSg2xIuP8PFzJ-Q,covington-kentucky
https://www.ubereats.com/cincinnati/food-delivery/taco-bell-30-carothers-rd/8O9p8czqS5-WMb3_yBFTag,covington-kentucky
https://www.ubereats.com/cincinnati/food-delivery/the-hi-mark/k3UZD_yBQYyfuNVoI8C9GA,covington-kentucky
https://www.ubereats.com/cincinnati/food-delivery/nation-kitchen-and-bar-pendleton/lmKlj3A-Q1qPcyKeoZ_9rA,covington-kentucky
https://www.ubereats.com/cincinnati/food-delivery/gigis-cupcakes-7753-mall-rd/d0pJetM7RKmKP4FuPBhEKA,covington-kentucky
https://www.ubereats.com/cincinnati/food-delivery/ludlow-garage/61vF_IwJRUeafnFLrLCPrQ,covington-kentucky
https://www.ubereats.com/cincinnati/food-delivery/subway-3450-valley-plaza-pkwy/aCdAPi0tRuy18e5jr52iRw,covington-kentucky
https://www.ubereats.com/cincinnati/food-delivery/kidd-coffee-carew-tower/57wdtGeKTSCOEO44Eh70TQ,covington-kentucky
https://www.ubereats.com/cincinnati/food-delivery/frischs-big-boy-520-w-5th-st/Ig7KlFrKSMu2k8VS1Y9OpA,covington-kentucky
https://www.ubereats.com/cincinnati/food-delivery/subway-1990-highland-pike/DGQva5EOQBCkaJLW1YtHcA,covington-kentucky
https://www.ubereats.com/cincinnati/food-delivery/frischs-big-boy-1731-patrick-dr/1zifxe_aSTCtPUgIpGQ3fQ,covington-kentucky
https://www.ubereats.com/cincinnati/food-delivery/trailhead-coffee/BrSGH00iSjK_ph_hkxlP-w,covington-kentucky
https://www.ubereats.com/cincinnati/food-delivery/cancun-mexican-bar-%26-grill/5SF25rnSRuaUf4zcTmD6eQ,covington-kentucky
https://www.ubereats.com/cincinnati/food-delivery/kfc-3003-reading-rd/d1s8V8LZQfOKF6Jms6X8vw,covington-kentucky
https://www.ubereats.com/cincinnati/food-delivery/chipotle-mexican-grill-501-w-fourth-st/WUXjNaETSS2XNp2vysu3xQ,covington-kentucky
https://www.ubereats.com/cincinnati/food-delivery/donatos-pizza-bellevue/ihWfMkWVQMuBGx2Zl3WgVw,covington-kentucky
https://www.ubereats.com/cincinnati/food-delivery/four-mile-pig/W_ADym9MRvyns1jiFqnJmw,covington-kentucky
https://www.ubereats.com/cincinnati/food-delivery/good-plates-eatery/Fh_03AXNS1SEEeuhEl41NA,covington-kentucky
https://www.ubereats.com/cincinnati/food-delivery/tgi-fridays-1814-cincinnati-turkeyfoot-ky/VtI2MGJ3QgGhQEn7kB9GxA,covington-kentucky
https://www.ubereats.com/cincinnati/food-delivery/zoup!-eatery-7753-mall-road-suite-a/s-wK_AgzSzaBIOUT64Z1Tg,covington-kentucky
https://www.ubereats.com/cincinnati/food-delivery/dope!-asian-street-fare/7gvJSziMTame48dNEeyq9w,covington-kentucky
https://www.ubereats.com/cincinnati/food-delivery/gold-star-chili-newport/ng7QTigMTp-yJvHA3FEaBQ,covington-kentucky
https://www.ubereats.com/cincinnati/food-delivery/arbys-1193/D1d3D0ooSse9xhUZ-1xrxw,covington-kentucky
https://www.ubereats.com/cincinnati/food-delivery/taco-bell-8157-beechmont-ave/sBCBwOt_TEekr-7g3fM3lA,covington-kentucky
https://www.ubereats.com/cincinnati/food-delivery/arawan-thai-sushi/iG1GqdegRbqavL-raixu2g,covington-kentucky
https://www.ubereats.com/cincinnati/food-delivery/papa-johns-chelsea-drive/mrsMkHNRSDqvyN3dTh_12w,covington-kentucky
https://www.ubereats.com/cincinnati/food-delivery/rancho-grande/eHDSnc-4TlS57G0jNLiVLg,covington-kentucky
https://www.ubereats.com/cincinnati/food-delivery/dixie-chili-covington/CYVu2zNVTDG-Q3sNyep1wA,covington-kentucky
https://www.ubereats.com/cincinnati/food-delivery/mod-pizza-oakley/M2xaGNQLTUCQq8ntcvefHg,covington-kentucky
https://www.ubereats.com/cincinnati/food-delivery/chipotle-mexican-grill-7630-beechmont-ave/hU7NlSLhSvKc8wwI9RvEUQ,covington-kentucky
https://www.ubereats.com/cincinnati/food-delivery/graeters-ice-cream-fountain-square/BCR3j4ErRJWyVE7463ZUrw,covington-kentucky
https://www.ubereats.com/cincinnati/food-delivery/oriental-express-llc/r5EzYOx-RNyYzr3zsdVipA,covington-kentucky
https://www.ubereats.com/cincinnati/food-delivery/corner-bistro/IoeHLPugStWlTcRpcF_3gw,covington-kentucky
https://www.ubereats.com/cincinnati/food-delivery/mcalisters-1192-2865-dixie-highway/d7izmhO_R42cojqM7HxKnQ,covington-kentucky
https://www.ubereats.com/cincinnati/food-delivery/roll-on-in-cincinnati/Qq-GgGoeTBCxSp68zuC9yQ,covington-kentucky
https://www.ubereats.com/cincinnati/food-delivery/cancun-mexican-bar-riverboat-row/tgi91310TdCBmkjeTKF8ww,covington-kentucky
https://www.ubereats.com/cincinnati/food-delivery/trottas-steak-and-seafood/xabDnCgcTay5-CQmi_82Ww,covington-kentucky
https://www.ubereats.com/cincinnati/food-delivery/chipotle-mexican-grill-3459-valley-plaza-pkwy/3kjBvDRERwemcTEd40UMDQ,covington-kentucky
https://www.ubereats.com/cincinnati/food-delivery/taco-bell-420-w-4th-street/pnTa9OkvQQGJiAacmiEWag,covington-kentucky
https://www.ubereats.com/cincinnati/food-delivery/elis-bbq-at-findlay-market/2llyxfkFTpe5DVDrYbv-Cw,covington-kentucky
https://www.ubereats.com/cincinnati/food-delivery/kfc-1315-monmouth-street/gmDwA8_oSpSzNW8xeWlFqQ,covington-kentucky
https://www.ubereats.com/cincinnati/food-delivery/subway-38-martha-layne-collins-blvd/72yKUh-mTiWF6nBSiMgGyA,covington-kentucky
https://www.ubereats.com/cincinnati/food-delivery/chick-fil-a-95-carothers-rd/Pj-RI7BCSISA5w3uuq3lNA,covington-kentucky
https://www.ubereats.com/cincinnati/food-delivery/salad-fresco/Kgt5MkgJSeaBXs4SiqwcqQ,covington-kentucky
https://www.ubereats.com/cincinnati/food-delivery/original-wok/eZpZ1udlRsGZR9-TZKEYMA,covington-kentucky
https://www.ubereats.com/cincinnati/food-delivery/pieology-pizzeria-128-w-mcmillan-st-ste-514-a/up67JcktQ4-cKJpI729QTA,covington-kentucky
https://www.ubereats.com/cincinnati/food-delivery/frischs-big-boy-5216-glenway-ave/cbNDHbzrSGiLKjISviB4xA,covington-kentucky
https://www.ubereats.com/cincinnati/food-delivery/papa-johns-7th-st-%26-elm/4HAGwBJuSaOP4BzDSdXdlQ,covington-kentucky
https://www.ubereats.com/cincinnati/food-delivery/rusconi-pizza/y9q4cc-oSjuPfOx3rVltfg,covington-kentucky
https://www.ubereats.com/cincinnati/food-delivery/mcdonalds-mcmillan-%26-victory/IgtMgli6TsW8qPcD8kLDFg,covington-kentucky
https://www.ubereats.com/cincinnati/food-delivery/subway-45-fairfield-ave/6zoJ-G91SH2-JLo8tvxpGw,covington-kentucky
https://www.ubereats.com/cincinnati/food-delivery/wendys-4385-winston-avenue/gEEk7nnfRh2JoM-TJFTjhw,covington-kentucky
https://www.ubereats.com/cincinnati/food-delivery/kfc-8055-us-42/VKTO24IpRWq4KOlL3u95dw,covington-kentucky
https://www.ubereats.com/cincinnati/food-delivery/bob-evans-342-6318-glenway-avenue/qh3LojUTR8GAqyXTHFTzRQ,covington-kentucky
https://www.ubereats.com/cincinnati/food-delivery/simply-rolled-ice-cream-otr/fEu5HHo0SSKg6thQcCt2hA,covington-kentucky
https://www.ubereats.com/cincinnati/food-delivery/burger-king-3049-dixie-highway/0I9E1QgNTNK368xbRdYXFg,covington-kentucky
https://www.ubereats.com/cincinnati/food-delivery/mcdonalds-hazelwood-%26-buttermilk/7gIzzRkoTDeFYHWo1-AXjg,covington-kentucky
https://www.ubereats.com/cincinnati/food-delivery/essen-kitchen/2OXvUMeHTqGF0l7l4Y2DXQ,covington-kentucky
https://www.ubereats.com/cincinnati/food-delivery/burger-king-3432-madison-pike/0TMUmQaYT0ul3aMysWrh5g,covington-kentucky
https://www.ubereats.com/cincinnati/food-delivery/arbys-885/edHdhlFLQYuWNUg7-CgsqA,covington-kentucky
https://www.ubereats.com/cincinnati/food-delivery/chipotle-mexican-grill-6213-wooster-pike/6ZMGs_gwTweGBY4MpbWjqA,covington-kentucky
https://www.ubereats.com/cincinnati/food-delivery/hooties-burger-bar-7200-houston-road/YkD_GGNAQ_eDiHBC4FoaNw,covington-kentucky
https://www.ubereats.com/cincinnati/food-delivery/kidd-coffee-parent/c3QdaAX2QyOqRkaj8Z4NaA,covington-kentucky
https://www.ubereats.com/cincinnati/food-delivery/gold-star-chili-erlanger/SuWI09NiSWu3FhWdXLTQ0g,covington-kentucky
https://www.ubereats.com/cincinnati/food-delivery/waypoint-cafe/zEVWbkYOQk-sBghUjyyO0g,covington-kentucky
https://www.ubereats.com/cincinnati/food-delivery/donatos-pizza-880-us-rt-42/6VwPkThIQUujlgDc1E-lLA,covington-kentucky
https://www.ubereats.com/cincinnati/food-delivery/tuckers/bHbP-k3yS9CMjP3u9uSPMA,covington-kentucky
https://www.ubereats.com/cincinnati/food-delivery/the-golden-tajine/m0mlcE9SQpmxDlyckrajBA,covington-kentucky
https://www.ubereats.com/cincinnati/food-delivery/bagel-brothers/5AlBqyhpRQ2ktGue_3xbaQ,covington-kentucky
https://www.ubereats.com/cincinnati/food-delivery/prvlgd-sushi-bar/YGAa8zecQIaD4fRXi9Wwig,covington-kentucky
https://www.ubereats.com/cincinnati/food-delivery/hooters-houston-rd-%26-banker-st/X1lDS4dlSeWewP0Xf0x_Lg,covington-kentucky
https://www.ubereats.com/cincinnati/food-delivery/mccormick-%26-schmicks-21-east-5th-street/FAKxj9MvQRmpEWDnRbrysw,covington-kentucky
https://www.ubereats.com/cincinnati/food-delivery/bjs-restaurant-%26-brewhouse-7852-mall-road/H8R7bPDsRtOQLZ7iL3iw3w,covington-kentucky
https://www.ubereats.com/cincinnati/food-delivery/wendys-1015-gest-street/8PLT7XtbQ76iUfWck69IqA,covington-kentucky
https://www.ubereats.com/cincinnati/food-delivery/taste-of-belgium-the-banks/WA2mfFU-QjGwi8hXm4PumQ,covington-kentucky
https://www.ubereats.com/cincinnati/food-delivery/dunkin-425-walnut-st/4R4I1cVFSvekBtWfurLH2g,covington-kentucky
https://www.ubereats.com/cincinnati/food-delivery/cincy-seafood/0Jd3ycmlRY-3bjJ7D1c6RQ,covington-kentucky
https://www.ubereats.com/cincinnati/food-delivery/kfc-taco-bell-4478-montgomery-rd/nEzt3tZaQ3a3mRHuHBK8cA,covington-kentucky
https://www.ubereats.com/cincinnati/food-delivery/crepeguys/l9ZMuSdST_y-50xCJL9JBw,covington-kentucky
https://www.ubereats.com/cincinnati/food-delivery/quaker-steak-%26-lube-8025-action-blvd/uR-9qN-USu6rPnLNAmA2ew,covington-kentucky
https://www.ubereats.com/cincinnati/food-delivery/taste-of-belgium-over-the-rhine/GkY3-jRDRquCrk7LuDUM1w,covington-kentucky
https://www.ubereats.com/cincinnati/food-delivery/tiger-tiger-tacos/bpGLn6i4ScS0KMs_7cP0Vw,covington-kentucky
https://www.ubereats.com/cincinnati/food-delivery/drunken-hog-bbq/5IE2sJ_NT2SkHYv4QtT-mg,covington-kentucky
https://www.ubereats.com/cincinnati/food-delivery/cracker-barrel-old-country-store-4210-alexandria-pike/IZy9SupRTACkBhDUHmLhLg,covington-kentucky
https://www.ubereats.com/cincinnati/food-delivery/cottage-breakfast/7fhkDU6qSauHvsxeTV9wxA,covington-kentucky
https://www.ubereats.com/cincinnati/food-delivery/pendleton-parlor%3A-ice-cream-%26-cookie-dough/Ls2OBjbZSuiPsz0KQTlgZw,covington-kentucky
https://www.ubereats.com/cincinnati/food-delivery/nicholsons-tavern-and-pub/s8UgSKEJQnePA4ImKjZ73Q,covington-kentucky
https://www.ubereats.com/cincinnati/food-delivery/golden-city-chinese-restaurant/yFB82vdUTdCyETIzbkW7JQ,covington-kentucky
https://www.ubereats.com/cincinnati/food-delivery/the-dapper-doughnut/lKi7TUmjSwmQVVbuBO8LEA,covington-kentucky
https://www.ubereats.com/cincinnati/food-delivery/taste-of-belgium-crestview/1YgTgIo4S8S8W6P7EMmW7A,covington-kentucky
https://www.ubereats.com/cincinnati/food-delivery/arbys-7964/gxKWa5cNTEKihKgDFRLY8Q,covington-kentucky
https://www.ubereats.com/cincinnati/food-delivery/panera-204919/m_BYEIltSjS-zCwaTmIUYA,covington-kentucky
https://www.ubereats.com/cincinnati/food-delivery/condado-tacos-the-banks/BcOa7PWOQFG95GzNfpXE4w,covington-kentucky
https://www.ubereats.com/cincinnati/food-delivery/j-taps-bar-%26-grill/VZs8IyCjTSq1SODq6Y9wEg,covington-kentucky
https://www.ubereats.com/cincinnati/food-delivery/buckhead-mountain-grill-bellevue-ky/woEGl4I7TiqaM05FcTA-QQ,covington-kentucky
https://www.ubereats.com/cincinnati/food-delivery/jersey-mikes-subs/bJm14HCSSZCA5itIg_x-Gg,covington-kentucky
https://www.ubereats.com/cincinnati/food-delivery/the-bonbonerie/8Ct5l39zQQGcXhhxowOoFg,covington-kentucky
https://www.ubereats.com/cincinnati/food-delivery/mazunte-centro/to6pDYjCT9mEkl93GWh8bQ,covington-kentucky
https://www.ubereats.com/cincinnati/food-delivery/starbucks-mall-%26-plaza/DfNWu27sT62L0WWmjT3XNQ,covington-kentucky
https://www.ubereats.com/cincinnati/food-delivery/bow-tie-cafe/Jm1C28OVS_KucCD4RbUYUQ,covington-kentucky
https://www.ubereats.com/cincinnati/food-delivery/crzy-monk/SuvR2B-NRZOWL0qZMXKkcA,covington-kentucky
https://www.ubereats.com/cincinnati/food-delivery/white-castle-3150-dixie-hwy/Tu_uRDidSI-rrkZnpEIEjA,covington-kentucky
https://www.ubereats.com/cincinnati/food-delivery/zoup!-montgomery-rd/kpdieO-jTUKwhnXViu3cmw,covington-kentucky
https://www.ubereats.com/cincinnati/food-delivery/rubys-chocolates/RCpFR8Q9TxyJMUfy-9DzIQ,covington-kentucky
https://www.ubereats.com/cincinnati/food-delivery/lean-kitchen-company-cincinnati/6C9hDyPeR2yEyeepmZ5Olg,covington-kentucky
https://www.ubereats.com/cincinnati/food-delivery/currito-xavier-university/HJ4OrXM6T9aH0o5V51aoEQ,covington-kentucky
https://www.ubereats.com/cincinnati/food-delivery/buffalo-bobs-family-restaurant/MoH_qrypTVurKE5ztFBQ3A,covington-kentucky
https://www.ubereats.com/cincinnati/food-delivery/all-in-one-occasions/nUgVstpZToWErnoNo0XgIg,covington-kentucky
https://www.ubereats.com/cincinnati/food-delivery/silver-ladle-walnut/wV3l-XuXQD-9LHzKKBtEQQ,covington-kentucky
https://www.ubereats.com/cincinnati/food-delivery/jets-pizza/xpK1-lptQl-RZ8fvouvVmA,covington-kentucky
https://www.ubereats.com/cincinnati/food-delivery/grammas-pizza/Ke5PteVvTouKNUc_iwRA5Q,covington-kentucky
https://www.ubereats.com/cincinnati/food-delivery/macaron-bar-hyde-park/DI9EU6t0Qpi9YkY1avavuw,covington-kentucky
https://www.ubereats.com/cincinnati/food-delivery/mellow-mushroom-1014-town-dr/zrYIdWEoQkeUP2qxlbD-yQ,covington-kentucky
https://www.ubereats.com/cincinnati/food-delivery/ravis-hyderabad-house/ex9FAvJJTWGZ_WijnxmKvw,covington-kentucky
https://www.ubereats.com/cincinnati/food-delivery/china-city-buffet/D_AbufzBQSO0ZN6cpwfU9w,covington-kentucky
https://www.ubereats.com/cincinnati/food-delivery/otr-chili-co/6c-QTkRyQlWXX7hjjvo32w,covington-kentucky
https://www.ubereats.com/cincinnati/food-delivery/bridges-nepali-cuisine-downtown/0tYpSDHxQXymUV9M_utdHA,covington-kentucky
https://www.ubereats.com/cincinnati/food-delivery/papa-johns-545-clough-pike/iXa4KwJ1TOiUAJ5Ld_uxNg,covington-kentucky
https://www.ubereats.com/cincinnati/food-delivery/mad-mikes-burgers-and-fries/GQlMB6ldR0Wq005gYv1hrw,covington-kentucky
https://www.ubereats.com/cincinnati/food-delivery/mardi-gras-on-madison-cincy/s5r4p_rjQH292ycNIFiDXA,covington-kentucky
https://www.ubereats.com/cincinnati/food-delivery/burger-king-337-terry-lane/B-bxaFeURvSwPF1Yf1bQWQ,covington-kentucky
https://www.ubereats.com/cincinnati/food-delivery/agave-%26-rye/WsB8e2AJQxSBJpbsrWVfWA,covington-kentucky
https://www.ubereats.com/cincinnati/food-delivery/miami-style-tacos/O6VaBtv6RJe6bRvE4uh-PA,covington-kentucky
https://www.ubereats.com/cincinnati/food-delivery/chipotle-mexican-grill-2507-w-clifton-ave/1APutck0TyyaoH_Cdj4mzg,covington-kentucky
https://www.ubereats.com/cincinnati/food-delivery/ocharleys-100-cross-roads-blvd/2fRnb2y_RbGmeOIXvVCagA,covington-kentucky
https://www.ubereats.com/cincinnati/food-delivery/saundras-kitchen/8bGZDPq1QVqGO0fKHYEQEA,covington-kentucky
https://www.ubereats.com/cincinnati/food-delivery/smokey-bones-florence/JfhWG1pzTVyB6gZ_wzku4Q,covington-kentucky
https://www.ubereats.com/cincinnati/food-delivery/amol-india-restaurant/X-xXLPVRSqSGAeNQmc5f8A,covington-kentucky
https://www.ubereats.com/cincinnati/food-delivery/maya-indian-restaurant/fmwANn7VTYWtsvj-LmjFow,covington-kentucky
https://www.ubereats.com/cincinnati/food-delivery/gold-star-chili-7649-mall-road/YHIwRNoLTRqsR2ej_tdi3g,covington-kentucky
https://www.ubereats.com/cincinnati/food-delivery/suzie-wongs-on-madison/_-3EKt1jQO6toB5k-1y9gQ,covington-kentucky
https://www.ubereats.com/cincinnati/food-delivery/mcdonalds-mlk-%26-vernon/oFbsL-UXT3e5Q9qJlae0CQ,covington-kentucky
https://www.ubereats.com/cincinnati/food-delivery/chipotle-mexican-grill-7915-dream-st/Uua-vJiCTuqXzA_Q7rrorQ,covington-kentucky
https://www.ubereats.com/cincinnati/food-delivery/wodka-bar/pNPbRWjeSzqFfqBaBRDb3Q,covington-kentucky
https://www.ubereats.com/cincinnati/food-delivery/ocharleys-7414-turfway-rd/TdgxzoMDSbisVyrLeMkljw,covington-kentucky
https://www.ubereats.com/cincinnati/food-delivery/cicis-pizza-4989-houston-rd/Pne19ju4TYCxX_BTnLt2Jw,covington-kentucky
https://www.ubereats.com/cincinnati/food-delivery/el-ocho-loco/pyQsJvoeSDmM4Vi2I2pPVA,covington-kentucky
https://www.ubereats.com/cincinnati/food-delivery/covington-chili/ilSi2ElARHKOf1nzHVNi4Q,covington-kentucky
https://www.ubereats.com/cincinnati/food-delivery/pastrami-%26-pickles/0sZMY_c-RqCr4cfVkzwMAQ,covington-kentucky
https://www.ubereats.com/cincinnati/food-delivery/mcdonalds-philadelphia-%26-3rd-st/KskArxKtRqqbwXlgqzJhzA,covington-kentucky
https://www.ubereats.com/cincinnati/food-delivery/red-rose/VsqPZNDYSPKY50xASjG1-g,covington-kentucky
https://www.ubereats.com/cincinnati/food-delivery/smashburger-2517-wilson-ave/8izRnIHxQ3aQpzrgObXYTg,covington-kentucky
https://www.ubereats.com/cincinnati/food-delivery/sotto/Qssk1poGS_S7Y46KEcu1QA,covington-kentucky
https://www.ubereats.com/cincinnati/food-delivery/chart-house-405-riverboat-row/fMz8_qFBTqqT9qhogxoGEQ,covington-kentucky
https://www.ubereats.com/cincinnati/food-delivery/mcdonalds-winston-%26-38th-st/WfxmgZfhT3O8AWSuzd3Ang,covington-kentucky
https://www.ubereats.com/cincinnati/food-delivery/wendys-410-philadelphia-avenue/jGK23-I3T12E31BxnNiOMQ,covington-kentucky
https://www.ubereats.com/cincinnati/food-delivery/guru-india-restaurant/JmlTPr9IR_6xnw6Wd4WP-w,covington-kentucky
https://www.ubereats.com/cincinnati/food-delivery/cracker-barrel-old-country-store-7399-turfway-road/s-GsPLcZT2G-3QJQKh1caw,covington-kentucky
https://www.ubereats.com/cincinnati/food-delivery/center-hub-deli-%26-catering/OO-MfAUgSG6HThLsDt_Dbg,covington-kentucky
https://www.ubereats.com/cincinnati/food-delivery/chipotle-mexican-grill-5201-delhi-rd/00av7efDT5-DZBdQ1b8Mqg,covington-kentucky
https://www.ubereats.com/cincinnati/food-delivery/gold-star-chili-kenwood-mall/njXn2whxT4GeSuv0UQklUQ,covington-kentucky
https://www.ubereats.com/cincinnati/food-delivery/blaze-cigar-lounge-and-bar/1SgBBe9iQbKZrQRXD_1ecg,covington-kentucky
https://www.ubereats.com/cincinnati/food-delivery/chipotle-mexican-grill-9039-us-highway-42-ste-a/YffVdYpfTMqkMUTSkqyEjw,covington-kentucky
https://www.ubereats.com/cincinnati/food-delivery/dunkin-508-commonwealth-ave/1xDeCZDTRz24IYW1hubJ4g,covington-kentucky
https://www.ubereats.com/cincinnati/food-delivery/moes-southwest-grill-2881-dixie-hwy-suite-8060/I597BbGETcKxp8tzJ_YOnw,covington-kentucky
https://www.ubereats.com/cincinnati/food-delivery/izzys-florence/qk3CfXsfS1iusGUvD98Obw,covington-kentucky
https://www.ubereats.com/cincinnati/food-delivery/buffalo-wild-wings-83-carothers-rd/Mk9tzPQVTyeX9gVmlWq8pA,covington-kentucky
https://www.ubereats.com/cincinnati/food-delivery/hot-head-burritos-3497-valley-plaza-k/JfucrNRwQnGvb6Nw63pBkw,covington-kentucky
https://www.ubereats.com/cincinnati/food-delivery/buffalo-wild-wings-2692-madison-rd-ste-a7/EeNEJXSXRTOJbN-o8O_S3g,covington-kentucky
https://www.ubereats.com/cincinnati/food-delivery/dunkin-3163-dixie-hwy/McRD37GPT0S97rXO5OVonQ,covington-kentucky
https://www.ubereats.com/cincinnati/food-delivery/siss-on-monmouth/QOZEgr4DSLGik-iE9ddheg,covington-kentucky
https://www.ubereats.com/cincinnati/food-delivery/dunkin-125-e-court-st/f8-Gx7jdRX6US0pjbjdfHQ,covington-kentucky
https://www.ubereats.com/cincinnati/food-delivery/bucks-bbq/v35FD3BdQ761aG1GpZNMEw,covington-kentucky
https://www.ubereats.com/cincinnati/food-delivery/aap-india/ds3pfxm4Q5qO_mgkzT3Ndg,covington-kentucky
https://www.ubereats.com/cincinnati/food-delivery/taj-indian/fMiowya-TnmtiDnITrqnig,covington-kentucky
https://www.ubereats.com/cincinnati/food-delivery/grove-park-grille/x7Pgcr2vSnquGvKTyiT1IQ,covington-kentucky
https://www.ubereats.com/cincinnati/food-delivery/white-castle-811-w-8th-st/1oXgQFfOQB2eD9zRTIS9YA,covington-kentucky
https://www.ubereats.com/cincinnati/food-delivery/the-kitchen-factory/-Qtf1gpFQbOZM_gw3SpQ1A,covington-kentucky
https://www.ubereats.com/cincinnati/food-delivery/mcks-chicks/OFSzIGBKQc-iQFBBLw87lQ,covington-kentucky
https://www.ubereats.com/cincinnati/food-delivery/elephant-walk-indian-ethiopian-bar-and-grill/nIeiwn7KTDmTAP1OhV_DPA,covington-kentucky
https://www.ubereats.com/cincinnati/food-delivery/fusabowl-cincinnati/frytlQgDRg2pbjcY3von1w,covington-kentucky
https://www.ubereats.com/cincinnati/food-delivery/alabama-que/i6aqoxoPQJyYTqD9UddGGg,covington-kentucky
https://www.ubereats.com/cincinnati/food-delivery/potbelly-sandwich-shop-fountain-square-%7C-179/o7Avvgt7QVmt3skAeL9Ccw,covington-kentucky
https://www.ubereats.com/cincinnati/food-delivery/brewdog-cincinnati/6EuXSyQAQlGLAakHRqnozw,covington-kentucky
https://www.ubereats.com/cincinnati/food-delivery/graeters-ice-cream-fort-mitchell/AlZ4NdvxT8CRmRR13kvAJw,covington-kentucky
https://www.ubereats.com/cincinnati/food-delivery/lalo/r42JUgEbRZeVuP3RDM-cWA,covington-kentucky
https://www.ubereats.com/cincinnati/food-delivery/sugarfire-smoke-house/taGo-sCtQDKF-Cn6KfLvtw,covington-kentucky
https://www.ubereats.com/cincinnati/food-delivery/mcdonalds-warsaw-%26-ross/DCyBtxE8QsC5gZ8qY0_cTg,covington-kentucky
https://www.ubereats.com/cincinnati/food-delivery/citybird/Rd-enRdcRZ6JbDIPapw-vQ,covington-kentucky
https://www.ubereats.com/cincinnati/food-delivery/zeus-mediterranean-grill/lZuzIVoMSo6T9vzWlYhF7A,covington-kentucky
https://www.ubereats.com/cincinnati/food-delivery/frischs-big-boy-5202-delhi-ave/YW63VPtcQTiXASBa1vyAVg,covington-kentucky
https://www.ubereats.com/cincinnati/food-delivery/kfc-7711-alexandria-pike/AlNXQNaMROaFujVIt--08w,covington-kentucky
https://www.ubereats.com/cincinnati/food-delivery/hook-fish-and-chicken/IrHnWMhgTnq3JF7LKMlY9g,covington-kentucky
https://www.ubereats.com/cincinnati/food-delivery/citybird-crestview-hills/Q3hYRPcbThWjLKpCf5n7mw,covington-kentucky
https://www.ubereats.com/cincinnati/food-delivery/peppe-cucina/52DlZjvMSuiOf7NIoVAAdw,covington-kentucky
https://www.ubereats.com/cincinnati/food-delivery/donatos-pizza-3044-dixie-highway/pRP_xwynScCtmfOfpu7eng,covington-kentucky
https://www.ubereats.com/cincinnati/food-delivery/bob-evans-44-5245-north-bend-road/323CUP-eSaKJPbX3IaHJXA,covington-kentucky
https://www.ubereats.com/cincinnati/food-delivery/raffertys-restaurant-florence/3DWzDbTXSR-1AyhPWuJyRA,covington-kentucky
https://www.ubereats.com/cincinnati/food-delivery/martinos-on-vine/XlUtKbYGTOKBr_ZA9dNj8w,covington-kentucky
https://www.ubereats.com/cincinnati/food-delivery/mcdonalds-dream-%26-us-42/wuCY_euYR-KE-aVlZ7W7AA,covington-kentucky
https://www.ubereats.com/cincinnati/food-delivery/bucks-bbq/fdOS5hLJTIumOcQpzRLzpA,covington-kentucky
https://www.ubereats.com/cincinnati/food-delivery/tonys-mac-%26-more/IDXyv5QgTneZtrESnc9byQ,covington-kentucky
https://www.ubereats.com/cincinnati/food-delivery/vegan-avenue/HSDisrD7RXKZsiuNRPm79A,covington-kentucky
https://www.ubereats.com/cincinnati/food-delivery/ambar-india-restaurant-ludlow/km6H4mrSRZOXIg_CnUTZHQ,covington-kentucky
https://www.ubereats.com/cincinnati/food-delivery/bucks-bbq-6th-ave-%26-berry/UJu6yMmVQZisX3Ry79ms7Q,covington-kentucky
https://www.ubereats.com/cincinnati/food-delivery/chatime-cincinnati/OysvEqXqREac0Us6qglrVQ,covington-kentucky
https://www.ubereats.com/cincinnati/food-delivery/rooted-juicery/PKWOhwqBQhyUNFP3vrs32g,covington-kentucky
https://www.ubereats.com/cincinnati/food-delivery/dunkin-511-walnut-st/74T1r6fJRXut-p9PQV6Ldw,covington-kentucky
https://www.ubereats.com/cincinnati/food-delivery/brio-1-levee-way/Qrff3MS5RJimAJMoNej89Q,covington-kentucky
https://www.ubereats.com/cincinnati/food-delivery/wendys-3069-dixie-hwy/g3x3Oqr_QZKX9BN67c2JEw,covington-kentucky
https://www.ubereats.com/cincinnati/food-delivery/just-qin-bbq/cvzzBeLYTOKUTuj_Y7tCUQ,covington-kentucky
https://www.ubereats.com/cincinnati/food-delivery/frischs-big-boy-7908-dream-st/3VkLVvexRuGGcMITz0WVuw,covington-kentucky
https://www.ubereats.com/cincinnati/food-delivery/pepper-pod-restaurant/ri-Ck3DXSMioZtpORWkGCg,covington-kentucky
https://www.ubereats.com/cincinnati/food-delivery/black-coffee-lounge/XMn38-eBR7iMLmdw5XBNow,covington-kentucky
https://www.ubereats.com/cincinnati/food-delivery/potbelly-sandwich-shop-florence-%7C-201/WNarNPlNSU2Hx-otHW74Ig,covington-kentucky
https://www.ubereats.com/cincinnati/food-delivery/bjs-restaurant-%26-brewhouse-2637-edmondson-road/8Hqel_9GTEOXjqeU3r8MgQ,covington-kentucky
https://www.ubereats.com/cincinnati/food-delivery/golden-dragon-white-oak/zFcL6ZuXSnqBX5J0k03XsQ,covington-kentucky
https://www.ubereats.com/cincinnati/food-delivery/subway-5060-old-taylor-mill-rd/CHAz4FQnT5OwiMTJKDIIEw,covington-kentucky
https://www.ubereats.com/cincinnati/food-delivery/full-circle-pies/gYQewjzIRcG7tlhJgbmuxg,covington-kentucky
https://www.ubereats.com/cincinnati/food-delivery/the-national-exemplar/9xzFJHLKSgir5W9B1ryP7Q,covington-kentucky
https://www.ubereats.com/cincinnati/food-delivery/outback-steakhouse-6168-glenway-avenue/S1tHUJaiSIekl8rOTRihOA,covington-kentucky
https://www.ubereats.com/cincinnati/food-delivery/buffalo-wild-wings-7741-beechmont-ave/UUoi7h18SiC0kdjIRy6c-g,covington-kentucky
https://www.ubereats.com/cincinnati/food-delivery/chipotle-mexican-grill-7516-mall-rd/J_w4EtTySomwSZLCSKkP4A,covington-kentucky
https://www.ubereats.com/cincinnati/food-delivery/ravis-hyderabad-house/dKZFlrSMQtSInMLKCojX9w,covington-kentucky
https://www.ubereats.com/cincinnati/food-delivery/smooth-nitro-coffee/asQVSky7T7yOsiXv40EB1A,covington-kentucky
https://www.ubereats.com/cincinnati/food-delivery/commonwealth-bistro/ncY7FfbiR-GkC32RWWY_xA,covington-kentucky
https://www.ubereats.com/cincinnati/food-delivery/famous-daves-florence/ScFuxygOSkSFQk6mJbuOrg,covington-kentucky
https://www.ubereats.com/cincinnati/food-delivery/dunkin-2410-high-st/GLGZr8qrT42Nx-M4gibg3A,covington-kentucky
https://www.ubereats.com/cincinnati/food-delivery/newport-sports-grill/V8HYLR3qS5G2ZXt74ktWvg,covington-kentucky
https://www.ubereats.com/cincinnati/food-delivery/dixie-chili-newport/Y9upEwFuQEafzbSFPRPY6w,covington-kentucky
https://www.ubereats.com/cincinnati/food-delivery/drunken-bento/tklm0Zh5SNianxGIYFlZvQ,covington-kentucky
https://www.ubereats.com/cincinnati/food-delivery/gastro-pub/gICxitRWRVSGJEU1hV-xHQ,covington-kentucky
https://www.ubereats.com/cincinnati/food-delivery/smashburger-450-oh-125/jj65gsu8SlSZ2XeVX40ocA,covington-kentucky
https://www.ubereats.com/cincinnati/food-delivery/singha-thai-and-sushi/kgsnknaoR0ChUTs1Ls29_Q,covington-kentucky
https://www.ubereats.com/cincinnati/food-delivery/fazolis-5990-fuller-street/WnhDYLZCRE6gp_Ld0XU5UQ,covington-kentucky
https://www.ubereats.com/cincinnati/food-delivery/panera-204927/lJclFPejSAyc5kFVNTS6yg,covington-kentucky
https://www.ubereats.com/cincinnati/food-delivery/tweedles-daylight-donuts/nhKz9UipQ2KrGNbLAzwZSg,covington-kentucky
https://www.ubereats.com/cincinnati/food-delivery/teak-thai-cuisine-and-sushi-bar/7JKUeiRYTrqED-XkuO4TYQ,covington-kentucky
https://www.ubereats.com/cincinnati/food-delivery/potbelly-sandwich-shop-rookwood-%7C-160/JHmz6hS8RGaJ26dJTICxDw,covington-kentucky
https://www.ubereats.com/cincinnati/food-delivery/chipotle-mexican-grill-1803-patrick-dr/LRFYnc3sQme5u7BOaDuR6A,covington-kentucky
https://www.ubereats.com/cincinnati/food-delivery/dari-crest/f0qFvNfFTtedVehnDgTD5Q,covington-kentucky
https://www.ubereats.com/cincinnati/food-delivery/chipotle-mexican-grill-525-buttermilk-pike/RMgKauKiSP2Rgi3GqgFmFw,covington-kentucky
https://www.ubereats.com/cincinnati/food-delivery/donatos-pizza-180-patrick-drive/sameUNNwQUKnX4KOroJymg,covington-kentucky
https://www.ubereats.com/cincinnati/food-delivery/papa-johns-4505-1-2-west-8th-street/2y2fLTZBTiifDxyZ82qjyQ,covington-kentucky
https://www.ubereats.com/cincinnati/food-delivery/sweet-petit-desserts/fOftXb6-TVuN-Dr6ODVCMA,covington-kentucky
https://www.ubereats.com/cincinnati/food-delivery/taste-of-belgium-findlay-market/td3BhffeRNeB1Kix3tlgJQ,covington-kentucky
https://www.ubereats.com/cincinnati/food-delivery/the-sweet-place/CkvG0gvKT4exJ4pxlyNLHg,covington-kentucky
https://www.ubereats.com/cincinnati/food-delivery/city-goat/WwA5gYASQsGtVhpfg0U3cg,covington-kentucky
https://www.ubereats.com/cincinnati/food-delivery/hangovereasy/aue8j4iGTF6jEj8D73Eqvw,covington-kentucky
https://www.ubereats.com/cincinnati/food-delivery/white-castle-482-orphanage-rd/lKsU1t4eSg2T1zvxTVwttw,covington-kentucky
https://www.ubereats.com/cincinnati/food-delivery/pita-pit/BOOdDNOIQ4KRGKt0s_F2Ow,covington-kentucky
https://www.ubereats.com/cincinnati/food-delivery/habanero-latin-american/xQn3xN68TCOpuQiDI_0t5w,covington-kentucky
https://www.ubereats.com/cincinnati/food-delivery/burger-king-45-fairfield-avenue/dWBuLbriTBOJjw4bQLBKLw,covington-kentucky
https://www.ubereats.com/cincinnati/food-delivery/incline-public-house/UE43xHTlRaSZNtcklg7TVA,covington-kentucky
https://www.ubereats.com/cincinnati/food-delivery/taco-bell-5060-delhi-ave/m3pwGD0dS8aZQHsYoqWoIg,covington-kentucky
https://www.ubereats.com/cincinnati/food-delivery/graeters-ice-cream-mt-auburn/eCX4QllJSS-tE60b3VRW5w,covington-kentucky
https://www.ubereats.com/cincinnati/food-delivery/donatos-pizza-vine/bTHrampsStmDS71bYu5O9A,covington-kentucky
https://www.ubereats.com/cincinnati/food-delivery/hooties-burger-bar-301-riverboat-row/YIVSVmB0S62Q6GZhoI-vGg,covington-kentucky
https://www.ubereats.com/cincinnati/food-delivery/shans-jade-cafe/xOc8UtEETsW8OpHonkq3WA,covington-kentucky
https://www.ubereats.com/cincinnati/food-delivery/buffalo-wild-wings-8840-bankers-st/kZUZx5oXQVmmdonJpUFhnQ,covington-kentucky
https://www.ubereats.com/cincinnati/food-delivery/sake-bomb-sushi/mBHBI2dOQQOGB3A0xF6Pug,covington-kentucky
https://www.ubereats.com/cincinnati/food-delivery/pattys-old-fashioned-popcorn/IjBr2aCzRy-g7JxD0y0yLg,covington-kentucky
https://www.ubereats.com/cincinnati/food-delivery/pleasantry/yZCv5wjHRQGTFNciWsfGWg,covington-kentucky
https://www.ubereats.com/cincinnati/food-delivery/bob-evans-14-8020-us-42/q_6F4bg1R76pzr_MPohomw,covington-kentucky
https://www.ubereats.com/cincinnati/food-delivery/big-jeffs-fish-%26-chicken/5-H6d-ojShmRaVmJLl0_jA,covington-kentucky
https://www.ubereats.com/cincinnati/food-delivery/cancun-mexican-bar-%26-grill/rk9UCNH2ROmFchXmdDL0AQ,covington-kentucky
https://www.ubereats.com/cincinnati/food-delivery/qdoba-mexican-eats-edmonson/VreV2eKzSrqZEjZxCoyjXw,covington-kentucky
https://www.ubereats.com/cincinnati/food-delivery/mikes-chili-and-gyros/6J8ewp0YRqmlv78x0XjLOA,covington-kentucky
https://www.ubereats.com/cincinnati/food-delivery/8th-and-english/S9ct0lE6QGSY8LHJR0sl8w,covington-kentucky
https://www.ubereats.com/cincinnati/food-delivery/papa-johns-6725-dixie-hwy-ste-a/yyFirA9UTtGVzXWenEXYkg,covington-kentucky
https://www.ubereats.com/cincinnati/food-delivery/pza-rookwood-commons/0gqi1XdZSdKtnAlBUEt4IA,covington-kentucky
https://www.ubereats.com/cincinnati/food-delivery/kfc-4920-delhi-ave/QJRzNj8USt2E6xP57MHcTQ,covington-kentucky
https://www.ubereats.com/cincinnati/food-delivery/long-john-silvers-7203-alexandria-pike/LIla4UQvQ6mJCg6dzm6wLw,covington-kentucky
https://www.ubereats.com/cincinnati/food-delivery/taco-bell-3400-madison-pike/Iqz_1P6TQianBvlQpoTIWw,covington-kentucky
https://www.ubereats.com/cincinnati/food-delivery/hunan-bistro/ZnSRBzgRTlOPX7iylO93zw,covington-kentucky
https://www.ubereats.com/cincinnati/food-delivery/buffalo-wild-wings/u2QuV801TtyA0KwZh5DvmA,covington-kentucky
https://www.ubereats.com/cincinnati/food-delivery/firehouse-subs-alexandria-pike/zjOrNKm1TWWopCd374EO8g,covington-kentucky
https://www.ubereats.com/cincinnati/food-delivery/papa-johns-2041-centennial-blvd/7rauC1-VTIGozY0b8qGaGg,covington-kentucky
https://www.ubereats.com/cincinnati/food-delivery/five-guys-ky-1518-7668-mall-rd/rJx8jVNOQkydDsJ2NF4arQ,covington-kentucky
https://www.ubereats.com/cincinnati/food-delivery/jersey-mikes-subs-florence-1035-vandercar-way/rhXosZ3QT_eo1UTQ2O-Bmg,covington-kentucky
https://www.ubereats.com/cincinnati/food-delivery/chipotle-mexican-grill-4402-montgomery-rd/cz1colrGTW-B1d7bzL4ZXg,covington-kentucky
https://www.ubereats.com/cincinnati/food-delivery/silverglades-on-8th/mSAjRTp9TqGCgt9JXbSOFA,covington-kentucky
https://www.ubereats.com/cincinnati/food-delivery/mad-mikes-burgers-and-fries-dixie-hwy/62NyaxW1TR62XvrRkmwyFg,covington-kentucky
https://www.ubereats.com/cincinnati/food-delivery/pho-lang-thang/YSZ7jJ-ZQmyIpt5wnYa7qQ,covington-kentucky
https://www.ubereats.com/cincinnati/food-delivery/subway-2522-hazelwood-dr/CqSu53TMRQWkFfWLqHSAtQ,covington-kentucky
https://www.ubereats.com/cincinnati/food-delivery/fresh-eat-cincinnati/_-DCPFInRxOwio39iymkVw,covington-kentucky
https://www.ubereats.com/cincinnati/food-delivery/andys-mediterranean-grille/DJhToZbdRHaNy5r0wPYNtA,covington-kentucky
https://www.ubereats.com/cincinnati/food-delivery/the-mercer-otr/RMa8sr-KSKODcCl3iAtDCg,covington-kentucky
https://www.ubereats.com/cincinnati/food-delivery/five-guys-ky-1509-1-levee-way/5H02xsilTzKTbEuJIeMFqA,covington-kentucky
https://www.ubereats.com/cincinnati/food-delivery/chipotle-mexican-grill-5555-glenway-ave-ste-700/QUyX10k6S7CJoI-ihqM1iA,covington-kentucky
https://www.ubereats.com/cincinnati/food-delivery/los-potrillos/WN1eZFJlQ7ylHCbQ6tR2Vw,covington-kentucky
https://www.ubereats.com/cincinnati/food-delivery/starbucks-newport-ft-thomas/QWQDj5bwSKC4z3kCIcdC9g,covington-kentucky
https://www.ubereats.com/cincinnati/food-delivery/papa-johns-1602-madison-ave/4Gmwqur_Q-W1YlnRcjRkbQ,covington-kentucky
https://www.ubereats.com/cincinnati/food-delivery/akasan-japanese-street-eats-downtown/GRwrA6hYRLqXuA_tFuQL0w,covington-kentucky
https://www.ubereats.com/cincinnati/food-delivery/galactic-fried-chicken/UOBp5h1GTKWRX2av8xo9ug,covington-kentucky
https://www.ubereats.com/cincinnati/food-delivery/busken-bakery-highland-heights/ej-So1cHQ2ikS2G1Rbjujg,covington-kentucky
https://www.ubereats.com/cincinnati/food-delivery/acapulco-turfway/mA4me8HqRNaEPEYTluI3DA,covington-kentucky
https://www.ubereats.com/cincinnati/food-delivery/papa-johns-2298-alexandria-pike/dCKstTyJR4ChO4qqXsAX8g,covington-kentucky
https://www.ubereats.com/cincinnati/food-delivery/the-original-pizza-boss/fGSswJONTve2fkemWczQyQ,covington-kentucky
https://www.ubereats.com/cincinnati/food-delivery/richs-proper-food-%26-drink/W87fgFBbTP6CQkx6xglIfw,covington-kentucky
https://www.ubereats.com/cincinnati/food-delivery/subway-2196-dixie-hwy/ni1JkaUJTk29NP8OEFZlBA,covington-kentucky
https://www.ubereats.com/cincinnati/food-delivery/crown-republic-gastropub/QOvSEUtCTLefVjsOtHLBaQ,covington-kentucky
https://www.ubereats.com/cincinnati/food-delivery/frischs-big-boy-2112-declaration-drive/Mn97CrM9RyiYAl4qrlSyww,covington-kentucky
https://www.ubereats.com/cincinnati/food-delivery/cincy-ice-and-deli/vzhh-dNxSOmhQZHTb0Em9Q,covington-kentucky
https://www.ubereats.com/cincinnati/food-delivery/marcos-pizza-5044-old-taylor-mill-rd/sd0Wsb8jSjmc4dtnjoRysQ,covington-kentucky
https://www.ubereats.com/cincinnati/food-delivery/marcos-pizza-carothers-rd-%26-pavilion-pkwy/b1UVBRdARh2RiedvkQ_w5Q,covington-kentucky
https://www.ubereats.com/cincinnati/food-delivery/papa-johns-vine-street/K-JgXdCVQw-8AGSGIM5MKg,covington-kentucky
https://www.ubereats.com/cincinnati/food-delivery/mortons-the-steakhouse-441-vine-street-suite-1h/0fVch4zPQ1qgojnxV6Or4Q,covington-kentucky
https://www.ubereats.com/cincinnati/food-delivery/plum-street-cafe/4CvQFy-cQ7-JZ7Li_c5irQ,covington-kentucky
https://www.ubereats.com/cincinnati/food-delivery/burgerfi-cincinnati/g7qCgMotQiKWim5LcjYLbA,covington-kentucky
https://www.ubereats.com/cincinnati/food-delivery/great-american-cookies-2028-florence-mall/bnDkqHI8Tu2rkskaZTYUww,covington-kentucky
https://www.ubereats.com/cincinnati/food-delivery/kj-seafood/oQ3HN8cFRWCitmtRu2o7IA,covington-kentucky
https://www.ubereats.com/cincinnati/food-delivery/kfc-taco-bell-5067-sandman-dr/-nAKzVNTRqivc6gc5lD0XQ,covington-kentucky
https://www.ubereats.com/cincinnati/food-delivery/buffalo-wild-wings-2004-centennial-blvd/A5ZWJYDxQZ2ZttWCLw_MUQ,covington-kentucky
https://www.ubereats.com/cincinnati/food-delivery/endzone-pizza/kYhhgjzuRsGE9qMwV32cTw,covington-kentucky
https://www.ubereats.com/cincinnati/food-delivery/currito-calhoun-%26-market/lu6uzKJgS_-YwptmPDItdw,covington-kentucky
https://www.ubereats.com/cincinnati/food-delivery/qdoba-mexican-eats-mall-road/6vgDZZ2PQmummGYB-kls-g,covington-kentucky
https://www.ubereats.com/cincinnati/food-delivery/13th-street-alley/egdYcRpyT9uNQqrdvzfung,covington-kentucky
https://www.ubereats.com/cincinnati/food-delivery/panera-204920/lNd6wQBTSj-canuDfY0Z_w,covington-kentucky
https://www.ubereats.com/cincinnati/food-delivery/krispy-kreme-beechmont-ave-%26-king-louie-ct/a5egUA7JRr28loA6HBO2qQ,covington-kentucky
https://www.ubereats.com/cincinnati/food-delivery/nada-cincinnati/7F5ri7BdQcaUG1XEvuD5EA,covington-kentucky
https://www.ubereats.com/cincinnati/food-delivery/applebees-2810-alexandria-pike/8WbJmykzQcSYI2zenyb3Fg,covington-kentucky
https://www.ubereats.com/cincinnati/food-delivery/fiery-hen/d5u8U3UwSfCaJsUyEButWA,covington-kentucky
https://www.ubereats.com/cincinnati/food-delivery/kfc-6444-glenway-ave/mqbNfDN7QF6qspPcZxNVrg,covington-kentucky
https://www.ubereats.com/cincinnati/food-delivery/quan-hapa/E54MqqYlQoW1PZoftdEqCQ,covington-kentucky
https://www.ubereats.com/cincinnati/food-delivery/raya-lebanese/1W8nq3YSS2u5eMQzASD2Uw,covington-kentucky
https://www.ubereats.com/cincinnati/food-delivery/the-bagelry/fV7-cHk4SO-0ZVfCcB_ILw,covington-kentucky
https://www.ubereats.com/cincinnati/food-delivery/burger-king-316-philadelphia-street/2dUTE0skTAi6j89epKehXg,covington-kentucky
https://www.ubereats.com/cincinnati/food-delivery/chick-fil-a-3436-madison-pike-route-17/LcOT-bhrTluHOiw2wtFKXg,covington-kentucky
https://www.ubereats.com/cincinnati/food-delivery/arbys-6181/djXv02iVQwSQASDemFEZEA,covington-kentucky
https://www.ubereats.com/cincinnati/food-delivery/tom-%26-chee-anderson/j4MDCpEEQduu7bH3zMxylg,covington-kentucky
https://www.ubereats.com/cincinnati/food-delivery/mcdonalds-sperti-%26-dudley/xhJ0fcz3THecktSMDiRkzQ,covington-kentucky
https://www.ubereats.com/cincinnati/food-delivery/plant-based/Gu7orEmCTIKELiutZsDNjw,covington-kentucky
https://www.ubereats.com/cincinnati/food-delivery/symphony-hotel-and-restaurant/2wTB2ja2RMqOn5_gdLNgvg,covington-kentucky
https://www.ubereats.com/cincinnati/food-delivery/kumo-asian-fusion/Ps4OFmjrRFqbIdOGVm53_w,covington-kentucky
https://www.ubereats.com/cincinnati/food-delivery/mcdonalds-dixie-%26-turfway/CgpQiignQgOj6wvPadBjPQ,covington-kentucky
https://www.ubereats.com/cincinnati/food-delivery/frischs-big-boy-5010-alexandria-pike/q6ldrc23TK2QM-agIpovsA,covington-kentucky
https://www.ubereats.com/cincinnati/food-delivery/kittys-sports-grill/CDkQHTVnSY6W3lPfAgVinA,covington-kentucky
https://www.ubereats.com/cincinnati/food-delivery/the-dog-house/ZkOixKtAQ7ehPzYZ_nalWA,covington-kentucky
https://www.ubereats.com/cincinnati/food-delivery/taco-bell-1003-gest-street/58lIydYTRXuqovjw0wsCvQ,covington-kentucky
https://www.ubereats.com/cincinnati/food-delivery/empire-buffet/JX-8CEqPSfKIBCEILieTbA,covington-kentucky
https://www.ubereats.com/cincinnati/food-delivery/sub-station-ii/U3WsjZ6pRhe9jXz3wrPtBw,covington-kentucky
https://www.ubereats.com/cincinnati/food-delivery/dibellas-old-fashioned-submarines-265-calhoun-st/Z7eiE06mT2mpRHUrUdnYlg,covington-kentucky
https://www.ubereats.com/cincinnati/food-delivery/lucius-q/sX6oFnvTTR2U-2jJqeds-Q,covington-kentucky
https://www.ubereats.com/cincinnati/food-delivery/tafts-ale-house-race-st/Zm7IDJP9S2e7mxmpBpP_JQ,covington-kentucky
https://www.ubereats.com/cincinnati/food-delivery/sorrentos-italian-joint/4wNKyP6oRGyRF3OH1xTx9Q,covington-kentucky
https://www.ubereats.com/cincinnati/food-delivery/chipotle-mexican-grill-93-carothers-rd/iS3bAmRgSZeUE2_CLWi85w,covington-kentucky
https://www.ubereats.com/cincinnati/food-delivery/mt-washington-creamy-whip/zb_Xo3elRYmEDZdPDgbEoQ,covington-kentucky
https://www.ubereats.com/cincinnati/food-delivery/kfc-5975-centennial-circle/oE4_8b3rTFazVG7y4dhmZA,covington-kentucky
https://www.ubereats.com/cincinnati/food-delivery/mecklenburg-gardens/B1iaT8XlTtaB336h8ktMQw,covington-kentucky
https://www.ubereats.com/cincinnati/food-delivery/gold-star-chili-mt-zion/bi4LlR_VTdquz_EGy6Ekfw,covington-kentucky
https://www.ubereats.com/cincinnati/food-delivery/butcher-and-barrel-700-race-st/WD2Uxn6cSiSnXz7BuBb-AA,covington-kentucky
https://www.ubereats.com/cincinnati/food-delivery/baba-india/488nuRD_RYeK_qngWtwFag,covington-kentucky
https://www.ubereats.com/cincinnati/food-delivery/chipotle-mexican-grill-1-fountain-square-plz/L-d_m1FrRsy70ThJ30m6bQ,covington-kentucky
https://www.ubereats.com/cincinnati/food-delivery/hook-fish-%26-chicken/cnSssZ5nTS-iWcf1o5RFRg,covington-kentucky
https://www.ubereats.com/cincinnati/food-delivery/el-nopal/LGcjdE2HR7mB2gViOm92Ww,covington-kentucky
https://www.ubereats.com/cincinnati/food-delivery/chipotle-mexican-grill-3100-dixie-hwy/LQZchH_CQBm9A1Fi7-eFxg,covington-kentucky
https://www.ubereats.com/cincinnati/food-delivery/gold-star-chili-covington/KgwX8VwjR5qkpXjrpc30XQ,covington-kentucky
https://www.ubereats.com/cincinnati/food-delivery/china-king/W9fFJ0wITDihPFN5ZQTXTw,covington-kentucky
https://www.ubereats.com/cincinnati/food-delivery/rooted-juicery-%2B-kitchen/IQOAOywPQrizUZ9CjESBqQ,covington-kentucky
https://www.ubereats.com/cincinnati/food-delivery/pieology-pizzeria-6785-houston-rd-suite-300/SizzrAcNTru6xTxierKSpQ,covington-kentucky
https://www.ubereats.com/cincinnati/food-delivery/fusian-downtown/bYDUQ7MPRz62xS9quamGEw,covington-kentucky
https://www.ubereats.com/cincinnati/food-delivery/galla-park/HWNDx05SQJeqD-GNiZR5fg,covington-kentucky
https://www.ubereats.com/cincinnati/food-delivery/shanghai-mamas/rw2II9e0RtOaTrCgYm3Uug,covington-kentucky
https://www.ubereats.com/cincinnati/food-delivery/mama-lo-hizo/LqB5wn0RS7iZWC0Wd9kImg,covington-kentucky
https://www.ubereats.com/cincinnati/food-delivery/tropical-smoothie-cafe-6785-houston-road/l9SyfKZTQWGQaCCiVV5cEw,covington-kentucky
https://www.ubereats.com/cincinnati/food-delivery/condado-tacos-oakley/TJijXKVWRx2i_ST-Oxe2BQ,covington-kentucky
https://www.ubereats.com/cincinnati/food-delivery/bob-evans-306-4000-alexandria-pike/osEsIAimTcyCITdOUSgY3Q,covington-kentucky
https://www.ubereats.com/cincinnati/food-delivery/the-wing-experience-7848-mall-road/TSiv7J0TSWWAtxC5wFHNSw,covington-kentucky
https://www.ubereats.com/cincinnati/food-delivery/subway-144-pavilion-pkwy/5bZYKvtMTMC9FQ67WiA3-Q,covington-kentucky
https://www.ubereats.com/cincinnati/food-delivery/arbys-5124/6mlyVSJXRrm_Fb7a2-rchA,covington-kentucky
https://www.ubereats.com/cincinnati/food-delivery/graeters-taylor-mill/hHdWBocgTH-nnJJEP-xVkA,covington-kentucky
https://www.ubereats.com/cincinnati/food-delivery/cactus-pear/sfYOvkTlQyqXq8a8rK7_vA,covington-kentucky
https://www.ubereats.com/cincinnati/food-delivery/popeyes-502-main-st/UBDdFzZjQHWa65XciKuM9A,covington-kentucky
https://www.ubereats.com/cincinnati/food-delivery/i-love-juice-bar-anderson/Hh36UPLuR7OhWYE-ycwmhA,covington-kentucky
https://www.ubereats.com/cincinnati/food-delivery/nick-and-tonys-double-decker-cafe/OJC88cmRRAuv77eYRD1Rig,covington-kentucky
https://www.ubereats.com/cincinnati/food-delivery/graeters-ice-cream-otr/AZWEtgCkQnejhOpTQrRSPQ,covington-kentucky
https://www.ubereats.com/cincinnati/food-delivery/bibibop-asian-grill-210-calhoun-street/StlkhJF4SQCZHNPICnpWXA,covington-kentucky
https://www.ubereats.com/cincinnati/food-delivery/carrabbas-2899-dixie-hwy/8NTGenSJTb66EO3bhavEoQ,covington-kentucky
https://www.ubereats.com/cincinnati/food-delivery/kung-fu-tea-%E5%8A%9F%E5%A4%AB%E8%8C%B6/Vm_tyQOlRfmojGie-06ZeQ,covington-kentucky
https://www.ubereats.com/cincinnati/food-delivery/ihop-pavilion-pkwy/xreTTVTRT8OBpibM8Bx9Yg,covington-kentucky
https://www.ubereats.com/cincinnati/food-delivery/arbys-91/CzXOdeK2StWsVxsJ8vntNQ,covington-kentucky
https://www.ubereats.com/cincinnati/food-delivery/taco-bell-3098-s-dixie-hwy/B3X9SWTcRPuN9BCDwr1xfQ,covington-kentucky
https://www.ubereats.com/cincinnati/food-delivery/mcdonalds-donnermeyer-%26-riviera/AdWcL3ZAQRWG-451QO_8OQ,covington-kentucky
https://www.ubereats.com/cincinnati/food-delivery/maka-mia-pizza/dIOpo6GITY-geo4HEp6uew,covington-kentucky
https://www.ubereats.com/cincinnati/food-delivery/maize-arepas-and-bar/g7NR-_Z4RWq4pmvZD1Akxw,covington-kentucky
https://www.ubereats.com/cincinnati/food-delivery/hot-head-burritos-3497-valley-plaza-pkwy/tImS5kh5Rf-Ua2dnHyrSLg,covington-kentucky
https://www.ubereats.com/cincinnati/food-delivery/paradise-restaurant-%26-cafe/aKpOIivNRuOwQn3o1gD9-w,covington-kentucky
https://www.ubereats.com/cincinnati/food-delivery/carrabbas-7500-beechmont-ave-suite-104/YG38hg6STQqVDxkmtRg0zg,covington-kentucky
https://www.ubereats.com/cincinnati/food-delivery/subway-7129-turfway-rd/1CGskPTnQxOmNl6rS3vT8Q,covington-kentucky
https://www.ubereats.com/cincinnati/food-delivery/chipotle-mexican-grill-2100-medical-arts-dr/qFICHLlhRzeAxbODnrprxA,covington-kentucky
https://www.ubereats.com/cincinnati/food-delivery/bubs-pizza-bar-gregory-st/vuykZJv3TEy9tqDi4DnYfA,covington-kentucky
https://www.ubereats.com/cincinnati/food-delivery/kidd-coffee-huntington-bank-tower/I0V3wZBGQ7WXesLDK0Mg2A,covington-kentucky
https://www.ubereats.com/cincinnati/food-delivery/papi-jochos/XTPQy7G1T7W5eLEvSDzagQ,covington-kentucky
https://www.ubereats.com/cincinnati/food-delivery/taco-bell-609-emily-drive/4MA3R37HTvyYBZD77-ILxQ,covington-kentucky
https://www.ubereats.com/cincinnati/food-delivery/salvadores-pizzeria/qYKLbINXQlyMpxvNimDdFQ,covington-kentucky
https://www.ubereats.com/cincinnati/food-delivery/kidd-coffee-western-%26-southern-tower/VFB66XRpTXCOcV4jYP5G-Q,covington-kentucky
https://www.ubereats.com/cincinnati/food-delivery/chapter-mt-adams/GBBxCrzITvCkjeN4GiPqAw,covington-kentucky
