url,city
https://www.ubereats.com/atlanta/food-delivery/five-oclock-sports-bar-%26-grill/U3gM20qUTcK3gtNtqPwvkw,covington-georgia
https://www.ubereats.com/atlanta/food-delivery/taco-bell-2415-salem-rd/bx_K2WAtQ_iZ9g1TTr342g,covington-georgia
https://www.ubereats.com/atlanta/food-delivery/wendys-3300-hwy-278-ne/m-VR11awQoicvg_rVbfDnw,covington-georgia
https://www.ubereats.com/atlanta/food-delivery/zaxbys-429-sigman-rd/Teb30dUqTmuMMEOUYcuyMw,covington-georgia
https://www.ubereats.com/atlanta/food-delivery/brusters-real-ice-cream-1172-dogwood-dr-se/oJwEzFf_TgON7uZZIR1ZcA,covington-georgia
https://www.ubereats.com/atlanta/food-delivery/frontera-mex-mex-grill-conyers/nT-LqsbwTkGBuMqZ0gEN4g,covington-georgia
https://www.ubereats.com/atlanta/food-delivery/poppin-stop/BaD0zA1KTkioBSYue2Xxww,covington-georgia
https://www.ubereats.com/atlanta/food-delivery/cielo-mexican-grill/6V-63QohTim9nnv31Yn4dA,covington-georgia
https://www.ubereats.com/atlanta/food-delivery/kayys-kupcakes-%26-treats/djWgQFMDTtK4pmtsAMwMAA,covington-georgia
https://www.ubereats.com/atlanta/food-delivery/papa-johns-3188-highway-278-northwest/BJuSOytTTaecYdSVZEGiDw,covington-georgia
https://www.ubereats.com/atlanta/food-delivery/dairy-queen-grill-%26-chill-3125-hwy-278-ne/kTq8mWIcR9yERv1KcQp2dw,covington-georgia
https://www.ubereats.com/atlanta/food-delivery/chick-fil-a-4102-highway-278-nw/GoNr6UUOR2eactWL9FnaTQ,covington-georgia
https://www.ubereats.com/atlanta/food-delivery/zaxbys-9132-dr-m-l-king-jr-ave/Wi-pGWeZS8yn-yuUjLK9Bg,covington-georgia
https://www.ubereats.com/atlanta/food-delivery/applebees-5176-hwy-278-nw/y_JkKtTCRbqTYauLOyqzYQ,covington-georgia
https://www.ubereats.com/atlanta/food-delivery/taco-bell-12910-brown-bridge-road/gAuEoN5jS_2heES2C-573A,covington-georgia
https://www.ubereats.com/atlanta/food-delivery/wing-cafe/FQbsDYH-Q-qMPDNHGPp_vQ,covington-georgia
https://www.ubereats.com/atlanta/food-delivery/cold-stone-creamery-1522-dogwood-dr-se/B8bKj0JnRL2NsE2GL9nCew,covington-georgia
https://www.ubereats.com/atlanta/food-delivery/outback-steakhouse-1188-dogwood-drive/bgF94TWjRhCaztGRCVlibw,covington-georgia
https://www.ubereats.com/atlanta/food-delivery/nanas-chicken-n-waffles-conyers/YNB--6kRRNq8qlDMBZIuIA,covington-georgia
https://www.ubereats.com/atlanta/food-delivery/captain-ds-1735-highway-138-se/SzXs-QfzTG6n2QAnuuGztQ,covington-georgia
https://www.ubereats.com/atlanta/food-delivery/long-john-silvers-3274-highway-278-ne/G-i13h-sSBSSnkSIHDkfmQ,covington-georgia
https://www.ubereats.com/atlanta/food-delivery/los-bravos-mexican-restaurant/W2n569jGSIyzr50NW-4RoA,covington-georgia
https://www.ubereats.com/atlanta/food-delivery/the-chocolate-box/xN-kFeOpRgqhXkYB5svoRg,covington-georgia
https://www.ubereats.com/atlanta/food-delivery/gwens-island-diner/QdK_xrzvSFSo17AGPRhq8w,covington-georgia
https://www.ubereats.com/atlanta/food-delivery/eloises-soul-food/lppzNOwSTeGAFNcPaoGe2Q,covington-georgia
https://www.ubereats.com/atlanta/food-delivery/burger-bar-1099-iris-drive-se/VDJ67sbIS1GH-ACm9YFTzg,covington-georgia
https://www.ubereats.com/atlanta/food-delivery/moes-3147-highway-278/Owk8evO_RK-CbZHYWqxDYw,covington-georgia
https://www.ubereats.com/atlanta/food-delivery/mcdonalds-4112-highway-278-ne/Pzzp4tGERliuj53EPtZOQw,covington-georgia
https://www.ubereats.com/atlanta/food-delivery/i-love-wings-conyers/6Hr1CTuWT52KjzqqTwTloA,covington-georgia
https://www.ubereats.com/atlanta/food-delivery/kfc-6103-highway-278-nw/-OsT8XEvSD2KPoD7qpmTbg,covington-georgia
https://www.ubereats.com/atlanta/food-delivery/red-lobster-1560-dogwood-drive/IlIygiy_TeauO2kN0CImug,covington-georgia
https://www.ubereats.com/atlanta/food-delivery/coaxums-low-country-cuisine/5r4aJQlTS2mQgP4Fz-2LuA,covington-georgia
https://www.ubereats.com/atlanta/food-delivery/jersey-mikes-subs-10333a-industrial-blvd/1POnWApHR-mOs9TOow5oaw,covington-georgia
https://www.ubereats.com/atlanta/food-delivery/wings-%26-seafood/9Xj2Z8aNTNiYMbCBkJurkA,covington-georgia
https://www.ubereats.com/atlanta/food-delivery/kfc-2430-salem-road-se/3L7Fr-oMREub6Ab7Nr_UCw,covington-georgia
https://www.ubereats.com/atlanta/food-delivery/stevi-bs-pizza/20cI3t1URMaE2GT6n7GW3A,covington-georgia
https://www.ubereats.com/atlanta/food-delivery/dunkin-1890-highway-20-se/Ni2xIX9YRsiyBKLDCscS_g,covington-georgia
https://www.ubereats.com/atlanta/food-delivery/papa-johns-1409-sigman-road-ne/NoMPAt4BTgOySpqdIMlc7g,covington-georgia
https://www.ubereats.com/atlanta/food-delivery/the-pig-out-atl/V9ucIWSURUySJ_p_kBXefg,covington-georgia
https://www.ubereats.com/atlanta/food-delivery/atlanta-pizza-%26-gyro/hKY_1ZnxT1edLz1ibxVqcg,covington-georgia
https://www.ubereats.com/atlanta/food-delivery/johnnys-new-york-style-pizza-10176-carlin-dr/AUFi9S_bQs2EKi8mWQCwqg,covington-georgia
https://www.ubereats.com/atlanta/food-delivery/taco-bell-11140-highway-142/4hI4u_4ET0WI5iIfQV6T_w,covington-georgia
https://www.ubereats.com/atlanta/food-delivery/papa-johns-3533-georgia-hwy-20-se/2-ObSyRdS8KTyf91xYnNag,covington-georgia
https://www.ubereats.com/atlanta/food-delivery/amici-italian-cafe/HP9huh8pRQmNznHWRFGSug,covington-georgia
https://www.ubereats.com/atlanta/food-delivery/world-of-wings/4wzA-flrRzucR4xxW9crsw,covington-georgia
https://www.ubereats.com/atlanta/food-delivery/wendys-11120-hwy-142/SgefviKtT8y3KC0Dzyt7wA,covington-georgia
https://www.ubereats.com/atlanta/food-delivery/ihop-10340-indiustrial-blvd-ne/VOt1qXspTX6jDu8bJrbVNw,covington-georgia
https://www.ubereats.com/atlanta/food-delivery/hardees-1501102/lUKExWJPR2igBA4xo4yhPQ,covington-georgia
https://www.ubereats.com/atlanta/food-delivery/tropical-smoothie-cafe-2133-highway-20-suite-220/n2bwbYFSRzalpTea5W0yOw,covington-georgia
https://www.ubereats.com/atlanta/food-delivery/dunkin-2280-salem-rd-se-ste-100/mrnS8kGRRGeUXCMNKB7hVg,covington-georgia
https://www.ubereats.com/atlanta/food-delivery/krystal-3230-highway-278/U__QEp19QyKWcnUxFiLKuw,covington-georgia
https://www.ubereats.com/atlanta/food-delivery/blockers-soul-food/Uy0PSDgHSo6ACqYA3ffpkA,covington-georgia
https://www.ubereats.com/atlanta/food-delivery/arbys-1625-hwy-138-se/ED5cHDAvS12QmwffF8v1hA,covington-georgia
https://www.ubereats.com/atlanta/food-delivery/dunkin-3153-highway-278-ne-newton-plaza/Y4q8cO6pTP2cr1ACzkO1XA,covington-georgia
https://www.ubereats.com/atlanta/food-delivery/arbys-6225-turner-lake-rd-nw/oNLGlrILRXW47Ige0CbO4Q,covington-georgia
https://www.ubereats.com/atlanta/food-delivery/taco-bell-6151-hwy-278-nw/nCr2MgKsS-a9Kk2-GEknRA,covington-georgia
https://www.ubereats.com/atlanta/food-delivery/bench-warmers-sports-grill-access-road/BYsUvCDdSZKPxhf_mFSnQQ,covington-georgia
https://www.ubereats.com/atlanta/food-delivery/shanes-rib-shack-11162-highway-142-north/esraRQ_WQAy3QTfuBu8h0Q,covington-georgia
https://www.ubereats.com/atlanta/food-delivery/hardees-1505846/e-qxYM2sTU-MvybluWCRqw,covington-georgia
https://www.ubereats.com/atlanta/food-delivery/gigis-place-covington/EO2PqZFvRVqZabIugtkGyA,covington-georgia
https://www.ubereats.com/atlanta/food-delivery/blimpie-875-flat-shoals-rd-se/iJcd4fp2SFmn2r28bHbBbA,covington-georgia
https://www.ubereats.com/atlanta/food-delivery/conyers-eats/sjETGbF8QLa6La27wXNLdQ,covington-georgia
https://www.ubereats.com/atlanta/food-delivery/wnb-factory-wings-%26-burger-conyers-2/rQPuvKujS9y42yoO4fLq2g,covington-georgia
https://www.ubereats.com/atlanta/food-delivery/chuck-e-cheese-1530-dogwood-drive/JP_d_FqMTVKVm2i3UlWIdA,covington-georgia
https://www.ubereats.com/atlanta/food-delivery/j-burger-n-wings/70pDoZPuRoGr1A5r2GggMA,covington-georgia
https://www.ubereats.com/atlanta/food-delivery/mcdonalds-10405-industrial-blvd/_Pd85HhITweN72WhmEp96A,covington-georgia
https://www.ubereats.com/atlanta/food-delivery/zaxbys-12945-brown-bridge-rd/6Kthn3jFQwS5cFbC1TeKog,covington-georgia
https://www.ubereats.com/atlanta/food-delivery/sonic-8225-highway-278-ne/fiJWgMJoSOWvLjemzY0SHQ,covington-georgia
https://www.ubereats.com/atlanta/food-delivery/dunkin-2083-crowell-rd-n/s1MpQVCsTeelQ0FAV0zBnA,covington-georgia
https://www.ubereats.com/atlanta/food-delivery/zaxbys-6243-turner-lake-rd-nw/QDYdzgFERUeiXQPZOwGmhg,covington-georgia
https://www.ubereats.com/atlanta/food-delivery/cracker-barrel-old-country-store-1182-dogwood-dr-se/IuRfSJFSQNiK7YrjZCi0cg,covington-georgia
https://www.ubereats.com/atlanta/food-delivery/alpha-%26-omega-fish-%26-bbq/TQKYC9zHRg2Uj_W4uzYDKw,covington-georgia
https://www.ubereats.com/atlanta/food-delivery/great-american-cookies/72W5xVrwQkODzsCIUZxHKA,covington-georgia
https://www.ubereats.com/atlanta/food-delivery/pita-mediterranean-street-food-covington/K-J1sR70T627DLXHLqiLEg,covington-georgia
https://www.ubereats.com/atlanta/food-delivery/mcdonalds-10267-highway-36/-3FZ0ElpRz68wj2PnrZzxg,covington-georgia
https://www.ubereats.com/atlanta/food-delivery/the-juicy-crabconyers-ga/0_eiAuFeShGVQEyt-9loRQ,covington-georgia
https://www.ubereats.com/atlanta/food-delivery/jd-crawfish/mYtEWq6hQEO_2bLls1SaoQ,covington-georgia
https://www.ubereats.com/atlanta/food-delivery/kellys-fusion-express-conyers/zpA2np6bTUmcAj-kIO10LQ,covington-georgia
https://www.ubereats.com/atlanta/food-delivery/burger-king-5301-highway-278/uR-Aj8SzTliE1kN6B9XDVg,covington-georgia
https://www.ubereats.com/atlanta/food-delivery/applebees-1448-dogwood-dr/eU6Lc-wkTtuQY35-LoDD3w,covington-georgia
https://www.ubereats.com/atlanta/food-delivery/checkers-1436-highway-138-se/NYSSXklDSrWhh1B1ujoa3g,covington-georgia
https://www.ubereats.com/atlanta/food-delivery/zaxbys-1871-highway-138-se/7SXO2f0tScWDVqycnnWZPg,covington-georgia
https://www.ubereats.com/atlanta/food-delivery/checkers-3182-hwy-278/Pzvd_C_kTKC4-dMULOIf_A,covington-georgia
https://www.ubereats.com/atlanta/food-delivery/hooters-conyers/c6JVgOiVQKa1H5rcIW_sZQ,covington-georgia
https://www.ubereats.com/atlanta/food-delivery/american-deli/AcJFXwN2T1-ybSDT7gdTjw,covington-georgia
https://www.ubereats.com/atlanta/food-delivery/dunkin-10055-eagle-dr/DkbT6sD-QhKxRU_40wozFQ,covington-georgia
https://www.ubereats.com/atlanta/food-delivery/wings-house-conyers/SBpfUGdxRoucyfxInBywrw,covington-georgia
https://www.ubereats.com/atlanta/food-delivery/ocharleys-1289-dogwood-dr-se/jtwC8brXT3S2x45mUYt8wA,covington-georgia
https://www.ubereats.com/atlanta/food-delivery/burger-king-53-highway-81-south/c2j1uBCoQGeIoOZhzs-XvQ,covington-georgia
https://www.ubereats.com/atlanta/food-delivery/firehouse-subs-4127-hwy-278-nw/rYwdwxzlShiZIRziAjPXIw,covington-georgia
https://www.ubereats.com/atlanta/food-delivery/3rd-base-sports-grill/JF9YNbsvQPOo_s1XxpJJcg,covington-georgia
https://www.ubereats.com/atlanta/food-delivery/popeyes-3248-hwy-278/dUjAiCQoSG-afodzooUOyQ,covington-georgia
https://www.ubereats.com/atlanta/food-delivery/subway-3160-highway-278-nw/e_awnTj0Se60tyJ1yROzqg,covington-georgia
https://www.ubereats.com/atlanta/food-delivery/panda-express-2239-georgia-highway-20/uIIbRp6ITN-6I3ujV6J7NA,covington-georgia
https://www.ubereats.com/atlanta/food-delivery/captain-ds-6167-highway-278-nw/wXJF7SbbQ8akwAzV8wKIVw,covington-georgia
