url,city
https://www.ubereats.com/st-louis/food-delivery/ya-yas-euro-bistro-st-louis/6MS_j-j3R9KxG4LQpWNoiw,creve-coeur-missouri
https://www.ubereats.com/st-louis/food-delivery/seoul-taco-delmar/7dq1eebvQe6zeU4J-EXhMg,creve-coeur-missouri
https://www.ubereats.com/st-louis/food-delivery/auntie-annes-777-casino-center-rd/d2xWIxTVT7qnZ_KUV50E_Q,creve-coeur-missouri
https://www.ubereats.com/st-louis/food-delivery/wasabi-sushi-bar-kirkwood/3pmbxM4VQMW_j_-nfrKhzA,creve-coeur-missouri
https://www.ubereats.com/st-louis/food-delivery/taco-bell-9787-st-charles-rock-rd/eaMeagFcTnWJb51dcwCy4Q,creve-coeur-missouri
https://www.ubereats.com/st-louis/food-delivery/cj-muggs-restaurant-%26-bar/mvpnMkRHSmGRaGUKer4lNg,creve-coeur-missouri
https://www.ubereats.com/st-louis/food-delivery/first-watch-streets-of-st-char/aP5ts1mdTPCGJOfOcRlU9A,creve-coeur-missouri
https://www.ubereats.com/st-louis/food-delivery/filomenas-italian-kitchen/Ll27USpISSmwkMg6WMq2aA,creve-coeur-missouri
https://www.ubereats.com/st-louis/food-delivery/ichiban-sushi-bar-japanese-restaurant/4bohdBjqRBi4RXugYELgog,creve-coeur-missouri
https://www.ubereats.com/st-louis/food-delivery/walnut-grill-sunset-hills/9UPcCY32QUO6IiNMLuH0mA,creve-coeur-missouri
https://www.ubereats.com/st-louis/food-delivery/bawarchi-indian-cuisine/U4t-BYi7Sgy-JdhVw2VLWA,creve-coeur-missouri
https://www.ubereats.com/st-louis/food-delivery/hotshots-sports-bar-%26-grill-bridgeton/OejM9cp1TDG1c1yKl6bXpg,creve-coeur-missouri
https://www.ubereats.com/st-louis/food-delivery/mcdonalds-8127-olive-street-road/YUWH_Vz0ToOjmnTpAoTXBQ,creve-coeur-missouri
https://www.ubereats.com/st-louis/food-delivery/simba-ugandan-restaurant/W80BcsL0RqC3qFMxLdSc4w,creve-coeur-missouri
https://www.ubereats.com/st-louis/food-delivery/papa-johns-8209-north-lindbergh-boulevard/ds-xy0WWS6m0yDn015oEfA,creve-coeur-missouri
https://www.ubereats.com/st-louis/food-delivery/wasabi-sushi-bar-warson-woods/4u5KC7SMQaCYJNZDnXrl_A,creve-coeur-missouri
https://www.ubereats.com/st-louis/food-delivery/five-guys-mo-1491-1520-s-5th-st/1zm6XcFUQtiCrY-7sR5Hcw,creve-coeur-missouri
https://www.ubereats.com/st-louis/food-delivery/smoothie-king-9793-clayton-rd/btgfglelQIyfsNTQ9Gp5ZA,creve-coeur-missouri
https://www.ubereats.com/st-louis/food-delivery/john-viviano-%26-sons-inc/8EnhP-YnRpqWmyCnR0gSrw,creve-coeur-missouri
https://www.ubereats.com/st-louis/food-delivery/starbucks-olive-%26-price/OzCXcGWeQFO5fAeaUi3yIg,creve-coeur-missouri
https://www.ubereats.com/st-louis/food-delivery/juice-bar/6xHc0uvcQoeTCxlqMzQ3cA,creve-coeur-missouri
https://www.ubereats.com/st-louis/food-delivery/hotshots-sports-bar-%26-grill/BYxku0WjRSqfWazQ-HO06Q,creve-coeur-missouri
https://www.ubereats.com/st-louis/food-delivery/noodles-%26-company-1784-clarkson-road/8FIe0mb0SqWRkpog9ld7rA,creve-coeur-missouri
https://www.ubereats.com/st-louis/food-delivery/papa-johns-21-stonegate-ctr/WIbcFb2ATs6HLVupZfzj1w,creve-coeur-missouri
https://www.ubereats.com/st-louis/food-delivery/snax-by-dre/S4bACE9IS4CHy8dGMMdbrg,creve-coeur-missouri
https://www.ubereats.com/st-louis/food-delivery/applebees-11977-st-charles-rock-road/BUwlG4YGR-iHBc1I4YfBRw,creve-coeur-missouri
https://www.ubereats.com/st-louis/food-delivery/arbys-7242/6NdavB2CQEuwvTcnwEK6AQ,creve-coeur-missouri
https://www.ubereats.com/st-louis/food-delivery/starbucks-hanley-%26-dale/H1CrLko0RkmMdWgDHJ7M_g,creve-coeur-missouri
https://www.ubereats.com/st-louis/food-delivery/arbys-8368/a4-sVtkrREygTYcEFzFVYg,creve-coeur-missouri
https://www.ubereats.com/st-louis/food-delivery/blues-fired-pizza/3HPx6CU8SFWZ_jjZsXYfIA,creve-coeur-missouri
https://www.ubereats.com/st-louis/food-delivery/white-castle-13600-manchester-rd/ENks1w1hQOiMamhXAfnoGA,creve-coeur-missouri
https://www.ubereats.com/st-louis/food-delivery/dollar-express-chinese/IaitAqG3SyqKHy4ydG74-A,creve-coeur-missouri
https://www.ubereats.com/st-louis/food-delivery/jillys-cupcake-bar/U8n8_RLZQROavBt9HrD1fQ,creve-coeur-missouri
https://www.ubereats.com/st-louis/food-delivery/strange-donuts-kirkwood/PN1tueNfTYq-3XgTsWbMXg,creve-coeur-missouri
https://www.ubereats.com/st-louis/food-delivery/rumas-deli-south-county/RM7-kYLiQ4qfmuNUBEMECw,creve-coeur-missouri
https://www.ubereats.com/st-louis/food-delivery/subway-9641-olive-blvd/cOn2jGZcTNKHkAIpKG1YnA,creve-coeur-missouri
https://www.ubereats.com/st-louis/food-delivery/elmos-love-lounge/vAm_LT3fTrqiIm_44tNZZQ,creve-coeur-missouri
https://www.ubereats.com/st-louis/food-delivery/granite-city-food-%26-brewery-creve-coeur/Lcv5UUHPR_uGlU7QjB5Zrw,creve-coeur-missouri
https://www.ubereats.com/st-louis/food-delivery/charred-crust/x7v1EqI6RCi3ZZRFgu3gpw,creve-coeur-missouri
https://www.ubereats.com/st-louis/food-delivery/subway-11268-%26-11272-olive-blvd/c7U5Uc2wTKG4G7esnyGmDw,creve-coeur-missouri
https://www.ubereats.com/st-louis/food-delivery/bluenote-sports-bar-%26-grille/RaZaIbJtTDiifL9GIgd1-A,creve-coeur-missouri
https://www.ubereats.com/st-louis/food-delivery/pei-wei-11430-olive-blvd/lUtJWkA3SkGOV1MeGDGiTw,creve-coeur-missouri
https://www.ubereats.com/st-louis/food-delivery/big-richards-hot-dogs/NT6kddU7Q42MgQm00wZcug,creve-coeur-missouri
https://www.ubereats.com/st-louis/food-delivery/ihop-8049-clayton-rd/3X59vjKfQZiGsH2SJP66Ew,creve-coeur-missouri
https://www.ubereats.com/st-louis/food-delivery/tani-sushi-bistro/U1kr5Ul_QHKFzGYoN1Qt6w,creve-coeur-missouri
https://www.ubereats.com/st-louis/food-delivery/applebees-14830-manchester-rd/Er0BqgBmSNWzlJVpgA_GnQ,creve-coeur-missouri
https://www.ubereats.com/st-louis/food-delivery/charleys-philly-steaks-5-saint-louis-galleria/OCpoxdRgRtSNmB_OU1KW8Q,creve-coeur-missouri
https://www.ubereats.com/st-louis/food-delivery/arbys-945/b8ji5PnYRPCUom3_0IAIPg,creve-coeur-missouri
https://www.ubereats.com/st-louis/food-delivery/bristol-seafood-grill-11801-olive-blvd/Qo6jzKo6TWGMEubtrY8TNQ,creve-coeur-missouri
https://www.ubereats.com/st-louis/food-delivery/three-of-a-kind-bar/GrcTUDNJTQSb6gnf3iXZ2Q,creve-coeur-missouri
https://www.ubereats.com/st-louis/food-delivery/qdoba-mexican-grill-766-n-new-ballas-rd/gs8K_mCPQYyuhAXam8dvPg,creve-coeur-missouri
https://www.ubereats.com/st-louis/food-delivery/hot-box-cookies-clayton/7GY-puvtSVS1Q3P99t0hrA,creve-coeur-missouri
https://www.ubereats.com/st-louis/food-delivery/mideast-market/q-19JKvzTaK7cJwAUHXxEA,creve-coeur-missouri
https://www.ubereats.com/st-louis/food-delivery/subway-1920-mckelvey-rd/4ewWXDenR6CSvGarKu1c9g,creve-coeur-missouri
https://www.ubereats.com/st-louis/food-delivery/qdoba-mexican-grill-1315-bass-pro-dr/pMEwt4kITgW2iksGgO-Q3w,creve-coeur-missouri
https://www.ubereats.com/st-louis/food-delivery/busloop-burgers/789idexsTGCul2KcgUb9wg,creve-coeur-missouri
https://www.ubereats.com/st-louis/food-delivery/la-taco-cantina/Ee_ge250TBKUeXoTubkwPA,creve-coeur-missouri
https://www.ubereats.com/st-louis/food-delivery/tastebudz-grille-llc/NSo35_E8R0qdRgneDqA78w,creve-coeur-missouri
https://www.ubereats.com/st-louis/food-delivery/fazolis-1698-country-club-plaza/e_POa5IyS56wJOxblt4oVA,creve-coeur-missouri
https://www.ubereats.com/st-louis/food-delivery/mcdonalds-11521-olive-blvd/nIear1kAQ-aIz3ezK9V2mg,creve-coeur-missouri
https://www.ubereats.com/st-louis/food-delivery/huhot-mongolian-grill-12675-olive-blvd/eUVj1qmnTMWGcnsVe2UtwQ,creve-coeur-missouri
https://www.ubereats.com/st-louis/food-delivery/pastries-of-denmark/Wz8bSMwqSay4Zdo3-hg6RA,creve-coeur-missouri
https://www.ubereats.com/st-louis/food-delivery/potbelly-sandwich-shop-12-s-bemiston-ave/HiQ9sXMYSlylfPWcAF1oOg,creve-coeur-missouri
https://www.ubereats.com/st-louis/food-delivery/mcdonalds-9406-olive-street-rd/uNBRs9FORbKIBgcJjkBqTQ,creve-coeur-missouri
https://www.ubereats.com/st-louis/food-delivery/applebees-11077-new-halls-ferry-road/VSLsjdyqQ-6eKt5K9CDbDg,creve-coeur-missouri
https://www.ubereats.com/st-louis/food-delivery/panera-10550-old-olive-street-road/DNSEYWgYTj6_V3TA47YyFg,creve-coeur-missouri
https://www.ubereats.com/st-louis/food-delivery/arbys-8253/j7LNLIyOQ92F7wdBlzzu2A,creve-coeur-missouri
https://www.ubereats.com/st-louis/food-delivery/funnelcakefactory-saint-louis/XT4K5ei8RoW6-wWPoNQ-Gg,creve-coeur-missouri
https://www.ubereats.com/st-louis/food-delivery/popeyes-louisiana-kitchen-953-northwest-plaza-dr/hMEIHYrkTCiIo4FBzhYfTw,creve-coeur-missouri
https://www.ubereats.com/st-louis/food-delivery/red-robin-143-8115-dale-avenue/FJy5NpXOQ7Cm-BBWx3I5GA,creve-coeur-missouri
https://www.ubereats.com/st-louis/food-delivery/majeed-mediterranean-restaurant/6iERVL-aThex3VJr49lv2Q,creve-coeur-missouri
https://www.ubereats.com/st-louis/food-delivery/tgi-fridays-1873-saint-louis-creve-coeur-mo/ep_G9RhOSvydXkbS7nx5ZA,creve-coeur-missouri
https://www.ubereats.com/st-louis/food-delivery/potbelly-sandwich-shop-11615-olive-blvd/lRO11HnDRvCgppJmYJsFYw,creve-coeur-missouri
https://www.ubereats.com/st-louis/food-delivery/tutti-frutti-frozen-yogurt-7708-delmar/By_wYWp2QQC4s172UFP9bA,creve-coeur-missouri
https://www.ubereats.com/st-louis/food-delivery/mellow-mushroom-3811-s-lindbergh-blvd/MExjIqtNS4CCe6yj3h2_Jg,creve-coeur-missouri
https://www.ubereats.com/st-louis/food-delivery/panda-express-1155-st-louis-galleria/fVUbswkuSUiyPUIM7fUccg,creve-coeur-missouri
https://www.ubereats.com/st-louis/food-delivery/rush-bowls-kirkwood/l9H5LacNTJqqiw1R90VhKw,creve-coeur-missouri
https://www.ubereats.com/st-louis/food-delivery/mcalisters-1198-12515-olive-boulevard/_KkQbfbzSOmyBm6T20xMCQ,creve-coeur-missouri
https://www.ubereats.com/st-louis/food-delivery/red-lobster-2381-maplewood-commons-dr/7eqyMEu_T_6sp8FphW68kQ,creve-coeur-missouri
https://www.ubereats.com/st-louis/food-delivery/first-watch-des-peres/shJ8jJB2Q8-VIeuF9dFODg,creve-coeur-missouri
https://www.ubereats.com/st-louis/food-delivery/crushed-red-kirkwood/3rw2tJElRtuHgR-uhBtpxA,creve-coeur-missouri
https://www.ubereats.com/st-louis/food-delivery/lulu-chinese-and-dim-sum-9737-manchester/5n-9X1R4QoyNl3XYqrKayg,creve-coeur-missouri
https://www.ubereats.com/st-louis/food-delivery/mcdonalds-8960-page-avenue-overland-plz/LENDd6ZUR1qjY6hBsBqkwg,creve-coeur-missouri
https://www.ubereats.com/st-louis/food-delivery/jack-in-the-box-15354-manchester-rd/no6oD_sjQmel1uglyj4yuw,creve-coeur-missouri
https://www.ubereats.com/st-louis/food-delivery/mcalisters-1256-12101-a-manchester-road/0YMxaY1oQcuLSjhQa9snDg,creve-coeur-missouri
https://www.ubereats.com/st-louis/food-delivery/fit-flavors-olive-blvd/LVLr7b9-TaqUJ7Cg2qyk2Q,creve-coeur-missouri
https://www.ubereats.com/st-louis/food-delivery/pizza-world/t3woXENgS--VB5M1tIW8gA,creve-coeur-missouri
https://www.ubereats.com/st-louis/food-delivery/fit-flavors-eager-rd/2YFMyZJ-TOuHKt8WKGo-KA,creve-coeur-missouri
https://www.ubereats.com/st-louis/food-delivery/pa-dolive/QPU-KPFLT36EBZGjx6EGJQ,creve-coeur-missouri
https://www.ubereats.com/st-louis/food-delivery/crushed-red-chesterfield/v8X8Pg0hT8CzbGcNinzXiA,creve-coeur-missouri
https://www.ubereats.com/st-louis/food-delivery/dairy-queen-grill-%26-chill-6070-s-lindbergh-blvd/FEdQAm56QlC01HY3Qd51tw,creve-coeur-missouri
https://www.ubereats.com/st-louis/food-delivery/panda-express-6304-s-lindbergh-blvd/NsRCPd1YQsKP_NmnCXTUDA,creve-coeur-missouri
https://www.ubereats.com/st-louis/food-delivery/flemings-prime-steakhouse-%26-wine-bar-st-louis/H6zpYw7ZSU2nAoMPF11CZw,creve-coeur-missouri
https://www.ubereats.com/st-louis/food-delivery/qdoba-mexican-grill-14169-manchester-rd-suite-f/9K3v0dN3RwedTtUQAlmV9Q,creve-coeur-missouri
https://www.ubereats.com/st-louis/food-delivery/ihop-11237-saint-charles-rock-rd/C3takmm2SrWG75Yp2KBq7g,creve-coeur-missouri
https://www.ubereats.com/st-louis/food-delivery/jack-in-the-box-7520-manchester/KqgSv-GbSpOP_7Pl6e3ytw,creve-coeur-missouri
https://www.ubereats.com/st-louis/food-delivery/tucanos-brazilian-grill-st-charles/_VpY7oSRQXGZrb2ulneEKA,creve-coeur-missouri
https://www.ubereats.com/st-louis/food-delivery/jennys-diner/mgZz1SgtTbCRmQCy3ExCyg,creve-coeur-missouri
https://www.ubereats.com/st-louis/food-delivery/georges-diner/iXqG85_wRmy2UMXdvUpMOQ,creve-coeur-missouri
https://www.ubereats.com/st-louis/food-delivery/chipotle-mexican-grill-1255-s-kirkwood-rd/4J_vUv2GSJediCIKr1nOGQ,creve-coeur-missouri
https://www.ubereats.com/st-louis/food-delivery/mayana-mexican-kitchen/WoOzso9_TF6gFh8isBuzQg,creve-coeur-missouri
https://www.ubereats.com/st-louis/food-delivery/panda-express-188-west-county-center/nL0oG0ynS0Wtwx7057VABg,creve-coeur-missouri
https://www.ubereats.com/st-louis/food-delivery/big-as-on-the-riverfront/r7ctCLJPRlWJM82bLyTihA,creve-coeur-missouri
https://www.ubereats.com/st-louis/food-delivery/papa-murphys-1393-big-bend-road-suite-c/Tj4uysSyT-qf5Yp_2FXtgQ,creve-coeur-missouri
https://www.ubereats.com/st-louis/food-delivery/starbucks-lindbergh-%26-st-charles-rock-rd/HxuhuYJgTk-RsXbM93gROQ,creve-coeur-missouri
https://www.ubereats.com/st-louis/food-delivery/ms-piggies-smokehouse/4YzyTPnHSt2B03bpaEEtcw,creve-coeur-missouri
https://www.ubereats.com/st-louis/food-delivery/the-posh-nosh/SGbPShuYR9CJ5kogPcHq_w,creve-coeur-missouri
https://www.ubereats.com/st-louis/food-delivery/jack-in-the-box-9707-natural-bridge/pclq5QVdRKK5QthQZWAmZQ,creve-coeur-missouri
https://www.ubereats.com/st-louis/food-delivery/hitea/DHIDuNsSSOWm5X19UIo5Tw,creve-coeur-missouri
https://www.ubereats.com/st-louis/food-delivery/starbucks-west-port-plaza-st-louis/0_a2veRgRRyGvqot_oNoDQ,creve-coeur-missouri
https://www.ubereats.com/st-louis/food-delivery/arbys-8561/DJjWFUvcQXi-iXxOTnES9Q,creve-coeur-missouri
https://www.ubereats.com/st-louis/food-delivery/manee-thai/ctzWH_61TiK6gQzxqLHehQ,creve-coeur-missouri
https://www.ubereats.com/st-louis/food-delivery/haveli-indian-restaurant/P76cB6i8QRGoCaAtnAUJ8w,creve-coeur-missouri
https://www.ubereats.com/st-louis/food-delivery/buffalo-wild-wings-1210-strassner-dr/LK66m3dWQcCCHLuGG2CWvA,creve-coeur-missouri
https://www.ubereats.com/st-louis/food-delivery/mcdonalds-10431-page-ave/mm4EqAWvRTKsrANzdIkhhg,creve-coeur-missouri
https://www.ubereats.com/st-louis/food-delivery/crushed-red-clayton/7uiQZXlnQeqU4XHZH5Jucg,creve-coeur-missouri
https://www.ubereats.com/st-louis/food-delivery/jack-in-the-box-10460-page-blvd/W23BZmQvQVWWEdl7BRvPxQ,creve-coeur-missouri
https://www.ubereats.com/st-louis/food-delivery/vincent-van-doughnut-n-central/ljHh95t1QK2caCfsVLPVZQ,creve-coeur-missouri
https://www.ubereats.com/st-louis/food-delivery/starbucks-manchester-%26-mcknight/biaCEpmCT1yrwCAn1doEqg,creve-coeur-missouri
https://www.ubereats.com/st-louis/food-delivery/firehouse-subs-9964-a-kennerly-rd/lz21FFeaS52l2euIK4kCog,creve-coeur-missouri
https://www.ubereats.com/st-louis/food-delivery/kfc-7500-big-bend-boulevard/HTAHUFf_QKO9fHHTooM1Gw,creve-coeur-missouri
https://www.ubereats.com/st-louis/food-delivery/taco-bell-15548-olive-blvd/VqwsFB1dS7mutSYUSLLqBQ,creve-coeur-missouri
https://www.ubereats.com/st-louis/food-delivery/hardees-1501285/B34lbE4uRqmydhBJJMURVw,creve-coeur-missouri
https://www.ubereats.com/st-louis/food-delivery/jjs-restaurant/WKiSTcdHSbW0SUncplw8Tg,creve-coeur-missouri
https://www.ubereats.com/st-louis/food-delivery/steak-n-shake-1525-s-kirkwood-road/UKTnsx7tRt2HjSK3N3zcpw,creve-coeur-missouri
https://www.ubereats.com/st-louis/food-delivery/panda-express-10445-olive-blvd/vdlOP5FfTHWfWAICbFPxlA,creve-coeur-missouri
https://www.ubereats.com/st-louis/food-delivery/612-kitchen-%26-cocktails/bYiGC5FOTxO70d3iWm1QJA,creve-coeur-missouri
https://www.ubereats.com/st-louis/food-delivery/taste-of-india-stlouis/6WrrgSaPQg-JO967Xb2qOA,creve-coeur-missouri
https://www.ubereats.com/st-louis/food-delivery/steak-n-shake-10459-page-avenue/veg0lfCMTJS-9umqqD5kIw,creve-coeur-missouri
https://www.ubereats.com/st-louis/food-delivery/panda-express-1494-s-hanley/XctxjK3aQhKLqm5lVXPmYw,creve-coeur-missouri
https://www.ubereats.com/st-louis/food-delivery/papa-johns-8107-olive-boulevard/SpR1TDUUQmef3ou7Fao14w,creve-coeur-missouri
https://www.ubereats.com/st-louis/food-delivery/bob-evans-216-3583-pennridge-drive/7IQQpqxER9OVQfCkcydPdA,creve-coeur-missouri
https://www.ubereats.com/st-louis/food-delivery/tropical-smoothie-cafe-159-carondelet-plaza/lUF1nP0wQZmx8fgL1nvchA,creve-coeur-missouri
https://www.ubereats.com/st-louis/food-delivery/qdoba-mexican-grill-11500-page-service-rd/ZzkvGut5Qx2ledZnyx7c7A,creve-coeur-missouri
https://www.ubereats.com/st-louis/food-delivery/sunny-street-cafe-des-peres/uypAKJvbT-2yR1f4xe3Yhw,creve-coeur-missouri
https://www.ubereats.com/st-louis/food-delivery/papa-johns-10464-saint-charles-rock-road/NR2S1FEpQh-DX75DkFwZHA,creve-coeur-missouri
https://www.ubereats.com/st-louis/food-delivery/half-baked-cookie-dough-co/IoI9nFowR3mU9-t0HSTCYw,creve-coeur-missouri
https://www.ubereats.com/st-louis/food-delivery/buffalo-wild-wings-12653-olive-blvd/dnIU9aY5ROukaQ2I1BSqXA,creve-coeur-missouri
https://www.ubereats.com/st-louis/food-delivery/szechuan-cuisine/cqNoQWqgRpKrGt67U2QC6g,creve-coeur-missouri
https://www.ubereats.com/st-louis/food-delivery/las-palmas-mexican-restaurant/Kd1muRe4RYOAvfiBIemsyA,creve-coeur-missouri
https://www.ubereats.com/st-louis/food-delivery/mcdonalds-9815-manche-ster-rd/M0tY0RvDQnmULHvbX22R1g,creve-coeur-missouri
https://www.ubereats.com/st-louis/food-delivery/celebrating-life-cake-boutique/MPkPSMRxRj68xI33WkBsug,creve-coeur-missouri
https://www.ubereats.com/st-louis/food-delivery/firenza-pizza-webster-groves-mo/wfECqr5bQX-1FmNpT8tCtg,creve-coeur-missouri
https://www.ubereats.com/st-louis/food-delivery/crazy-bowls-%26-wraps-east-olive-and-craig/J7tl6BaSTmqEKO9KyQIfQg,creve-coeur-missouri
https://www.ubereats.com/st-louis/food-delivery/first-watch-lake-highlands-tc/jkuGo1HuTQeCYzhK8tOrlA,creve-coeur-missouri
https://www.ubereats.com/st-louis/food-delivery/hibachi-grill/vN97MJYQS1G7EQYU02vtcA,creve-coeur-missouri
https://www.ubereats.com/st-louis/food-delivery/oishi-sushi/2rBBY3rhSfCMkgvOxjIDFg,creve-coeur-missouri
https://www.ubereats.com/st-louis/food-delivery/qdoba-mexican-grill-6701-clayton-rd/R_Ol56v1TCeWs7xjtZWfbA,creve-coeur-missouri
https://www.ubereats.com/st-louis/food-delivery/menchies-town-%26-country/75g8IMRDRPqYO_CHnBVuog,creve-coeur-missouri
https://www.ubereats.com/st-louis/food-delivery/red-lobster-5733-s-lindbergh-blvd/hgWXxaYrRL2XB1XDBhcCRA,creve-coeur-missouri
https://www.ubereats.com/st-louis/food-delivery/chef-hsus-hunan-star/2hNRCgPSTGeqNX2qoEFDCQ,creve-coeur-missouri
https://www.ubereats.com/st-louis/food-delivery/grill-stop/lZU-sP0_QG6eGjoKfXJqSw,creve-coeur-missouri
https://www.ubereats.com/st-louis/food-delivery/arbys-8593/sXgfQgsKRDew_t_EqXTqsA,creve-coeur-missouri
https://www.ubereats.com/st-louis/food-delivery/garbanzo-mediterranean-fresh-clayton/tiVmDClORzKGAWzB_TaOOw,creve-coeur-missouri
https://www.ubereats.com/st-louis/food-delivery/sonic-601-big-bend-road/0K_xBax8Q96zvd2e5iQR3w,creve-coeur-missouri
https://www.ubereats.com/st-louis/food-delivery/dennys-5789-campus-pkwy/PtDv0OhCTViiw1alopBUJg,creve-coeur-missouri
https://www.ubereats.com/st-louis/food-delivery/five-guys-mo-0481-790-north-new-ballas-rd/JNli_rhZSQuK1wAVgzwWQA,creve-coeur-missouri
https://www.ubereats.com/st-louis/food-delivery/firehouse-subs-maryland-heights/vqpODCSnQN6R5ikuIqS-Bg,creve-coeur-missouri
https://www.ubereats.com/st-louis/food-delivery/arbys-8333/hkUOcaTsShepIBNHIR_ulQ,creve-coeur-missouri
https://www.ubereats.com/st-louis/food-delivery/jack-in-the-box-6950-olive-blvd/Zz5H4P9OQ4O4Yob1eDDHow,creve-coeur-missouri
https://www.ubereats.com/st-louis/food-delivery/mod-pizza-ellisville/RiObP0YkQIm0L1zU1-RdEw,creve-coeur-missouri
https://www.ubereats.com/st-louis/food-delivery/first-watch-kirkwood/iBW5g1KsTxGlem8FO_5oqQ,creve-coeur-missouri
https://www.ubereats.com/st-louis/food-delivery/guss-world-famous-fried-chicken-manchester-rd/goGhNuRlSk-5ui3Am2sYeQ,creve-coeur-missouri
https://www.ubereats.com/st-louis/food-delivery/chicago-fish-and-chicken-grill/c_KRn414Q36rfwRvvOuJHw,creve-coeur-missouri
https://www.ubereats.com/st-louis/food-delivery/mcdonalds-25-westport-plaza-drive/JnF_alWBQYGZD0yhP0io7g,creve-coeur-missouri
https://www.ubereats.com/st-louis/food-delivery/cracker-barrel-old-country-store-10915-new-halls-ferry-rd/h9SiGYWPRfaw8qaAi8q0YQ,creve-coeur-missouri
https://www.ubereats.com/st-louis/food-delivery/john-p-fields/V2CJfxCDTKu49dhOcgzqDQ,creve-coeur-missouri
https://www.ubereats.com/st-louis/food-delivery/planet-sub-clayton/GQECpo9eQSCPVxPwwQEoGw,creve-coeur-missouri
https://www.ubereats.com/st-louis/food-delivery/crazy-bowls-%26-wraps-glendale-rock-hill/Yz4Snjm-She-QXMuiJ6AQg,creve-coeur-missouri
https://www.ubereats.com/st-louis/food-delivery/edgewild-bistro-%26-tap-creve-coeur/UxTe4smDQQiLeR2_fKlWBA,creve-coeur-missouri
https://www.ubereats.com/st-louis/food-delivery/chipotle-mexican-grill-3533-mckelvey-rd/pmBM4qDCSmiyuhX8yQUrBw,creve-coeur-missouri
https://www.ubereats.com/st-louis/food-delivery/dunkin-13721-manchester-rd/Ypm2P0fHTEio5R-QfVkkKg,creve-coeur-missouri
https://www.ubereats.com/st-louis/food-delivery/yiro-gyro/VaG12qtHSPiyYQrxoKswoQ,creve-coeur-missouri
https://www.ubereats.com/st-louis/food-delivery/st-louis-rotisserie/5VTvvnadRyuYJAMyww63Iw,creve-coeur-missouri
https://www.ubereats.com/st-louis/food-delivery/boardwalk-pizza/geP1rZAuQ76HMjux9JogcA,creve-coeur-missouri
https://www.ubereats.com/st-louis/food-delivery/jack-in-the-box-6100-howdershell-rd/RHiExCrcQbuZe3B8OibHTA,creve-coeur-missouri
https://www.ubereats.com/st-louis/food-delivery/cold-stone-21507/0oQ8W2HPT3qAGlx893T9jQ,creve-coeur-missouri
https://www.ubereats.com/st-louis/food-delivery/dunkin-9860-manchester-rd/BjgGelXnQ1em6mdTjC_T4w,creve-coeur-missouri
https://www.ubereats.com/st-louis/food-delivery/fazolis-12341-st-charles-rock-rd/OgCdhPJxQ-io4fpUS4uw0g,creve-coeur-missouri
https://www.ubereats.com/st-louis/food-delivery/subway-10443-page-ave/cFWzJZ1WQhSRTdghr0RoRg,creve-coeur-missouri
https://www.ubereats.com/st-louis/food-delivery/smokehouse-bbq/Sysrjy1NSNe03WQuFaFW2g,creve-coeur-missouri
https://www.ubereats.com/st-louis/food-delivery/ihop-5-n-highway-67/PxBAx_IgQWW19WDIJi1h7g,creve-coeur-missouri
https://www.ubereats.com/st-louis/food-delivery/cheeburger-cheeburger/w-UcXEJdSZ6nMFSFASP_Lw,creve-coeur-missouri
https://www.ubereats.com/st-louis/food-delivery/ruby-tuesday-942-meramec-station-road/8yrDFeppRiaIehjnxvNntw,creve-coeur-missouri
https://www.ubereats.com/st-louis/food-delivery/captain-ds-9387-page-ave/mvwsFZLuTGGo1X4cTC9cQA,creve-coeur-missouri
https://www.ubereats.com/st-louis/food-delivery/ihop-110-kate-g-lane/2SJvOkDGT8u1e-B1jIggVg,creve-coeur-missouri
https://www.ubereats.com/st-louis/food-delivery/starbucks-kirkwood-pioneer-place/XIzpNvFdRzi8il8IXD-m4Q,creve-coeur-missouri
https://www.ubereats.com/st-louis/food-delivery/hotshots-sports-bar-%26-grill-fenton/1-p9JyGGSr2I__lAIFt6aA,creve-coeur-missouri
https://www.ubereats.com/st-louis/food-delivery/pan-dolive/Qtq2WlPXRPqJUJp_dBuQDw,creve-coeur-missouri
https://www.ubereats.com/st-louis/food-delivery/crazy-bowls-%26-wraps-west-county-manchester/tq9_usn9S4G4g3_DJZwVCg,creve-coeur-missouri
https://www.ubereats.com/st-louis/food-delivery/buffalo-wild-wings-15425-manchester-ste-46/zk0GL1akT1yEK6YphrxcMA,creve-coeur-missouri
https://www.ubereats.com/st-louis/food-delivery/hooters-11835-lackland-rd/0ynp8CVhQ5aJzoYW1gTWtw,creve-coeur-missouri
https://www.ubereats.com/st-louis/food-delivery/poke-doke-delmar-loop/fmUdBEVLQ9yoYZ0vxn9oeA,creve-coeur-missouri
https://www.ubereats.com/st-louis/food-delivery/k-bop-inc/fybdQBS8QKKANQ7XigiU2w,creve-coeur-missouri
https://www.ubereats.com/st-louis/food-delivery/rearn-thai/cArfYfuVRIOFqDlW-6iC2g,creve-coeur-missouri
https://www.ubereats.com/st-louis/food-delivery/noodles-%26-company-10925-olive-blvd/zcwX4Sk_RnCaQ7lNyPuI8A,creve-coeur-missouri
https://www.ubereats.com/st-louis/food-delivery/qdoba-mexican-grill-12121-st-charles-rock-rd/BsSLEF2VQZ6gfTIJeSMdqg,creve-coeur-missouri
https://www.ubereats.com/st-louis/food-delivery/bob-evans-144-6528-south-lindbergh-boulevard/dUlJVLZ3Tl6XLXy3ZMBDbQ,creve-coeur-missouri
https://www.ubereats.com/st-louis/food-delivery/maggie-obriens-sunset-hills/blBnhZuHQm6B1KHlTC4Jvw,creve-coeur-missouri
https://www.ubereats.com/st-louis/food-delivery/first-watch-town-%26-country/byERuG7FQr6hrld19YC4Lw,creve-coeur-missouri
https://www.ubereats.com/st-louis/food-delivery/dairy-queen-grill-%26-chill-1445-big-bend-rd/RojNSsZ1Squsk9877OL07g,creve-coeur-missouri
https://www.ubereats.com/st-louis/food-delivery/rallys-2182-n-highway-67/J7bV8DbORpKptsQ5YdtBvw,creve-coeur-missouri
https://www.ubereats.com/st-louis/food-delivery/qdoba-mexican-grill-1082-town%26country-crossing-dr/wTFn3QMrSNGiYjintCMa9g,creve-coeur-missouri
https://www.ubereats.com/st-louis/food-delivery/dairy-queen-grill-%26-chill-300-howdershell-rd/XZYcKBbzRZqOzFNAv78ypA,creve-coeur-missouri
https://www.ubereats.com/st-louis/food-delivery/zoyas-cafe-%26-catering/1f8YJ9cRRPCSbfWND_MQmg,creve-coeur-missouri
https://www.ubereats.com/st-louis/food-delivery/dennys-12319-dorsett-road/UtnkC-4tQp6p_upQmVCfBA,creve-coeur-missouri
https://www.ubereats.com/st-louis/food-delivery/the-blue-elephant-restaurant/AUqy_RJXQxaolBVB74O5LA,creve-coeur-missouri
https://www.ubereats.com/st-louis/food-delivery/lulu-asian-kitchen-9626-olive/iATPjWWYQSexFMm27gB07Q,creve-coeur-missouri
https://www.ubereats.com/st-louis/food-delivery/mandarin-house/t2PF36X2SAa2zje1-qvwaA,creve-coeur-missouri
https://www.ubereats.com/st-louis/food-delivery/mcdonalds-13559-olive-st-rd/-Vhdp0u8TlG0wCIuK1BkPg,creve-coeur-missouri
https://www.ubereats.com/st-louis/food-delivery/popeyes-10545-page-ave/_WrWn54YR-eJDQZRPtvwbA,creve-coeur-missouri
https://www.ubereats.com/st-louis/food-delivery/ben-%26-jerrys-6380-delmar-blvd/oCSlfcwiTH2kSAuKH69T0A,creve-coeur-missouri
https://www.ubereats.com/st-louis/food-delivery/strange-donuts/HEaXZCXTRKWn3I-yTFm1Rw,creve-coeur-missouri
https://www.ubereats.com/st-louis/food-delivery/california-pizza-kitchen-109-w-county-dtr-space-2055/JJNeIy31RXyKvW8HuXsESQ,creve-coeur-missouri
https://www.ubereats.com/st-louis/food-delivery/subway-12321-olive-blvd/G9yOtCsPS_GTnCP6SFabPA,creve-coeur-missouri
https://www.ubereats.com/st-louis/food-delivery/st-louis-gyros-manchester/XTvjKulsTtyqQ2SGs1xnaQ,creve-coeur-missouri
https://www.ubereats.com/st-louis/food-delivery/copia-west-county/3-QXwTj6QTGYv8uEGFGRIw,creve-coeur-missouri
https://www.ubereats.com/st-louis/food-delivery/j-gilberts-17a-w-county-ctr-suite-a102/YiqRjn7JQcO9mRaFqQiFdA,creve-coeur-missouri
https://www.ubereats.com/st-louis/food-delivery/steak-n-shake-2221-first-capitol-drive/FbWyNpEgQSWW0arMPkfv4w,creve-coeur-missouri
https://www.ubereats.com/st-louis/food-delivery/hardees-1501283/oEdoFpLMSJmMfhlwUA5OuQ,creve-coeur-missouri
https://www.ubereats.com/st-louis/food-delivery/burger-king-9203-page-ave/J1aL2N_rSaSdAwBYxTR4wA,creve-coeur-missouri
https://www.ubereats.com/st-louis/food-delivery/mod-pizza-ladue/6VzLTpF6S-yyvzG4QRZbYA,creve-coeur-missouri
https://www.ubereats.com/st-louis/food-delivery/arbys-6258/mAO27MazTsGXOw9NXXQHdQ,creve-coeur-missouri
https://www.ubereats.com/st-louis/food-delivery/drunken-fish-port-plz/kDAadj9bQZeJWueE0YZVLA,creve-coeur-missouri
https://www.ubereats.com/st-louis/food-delivery/colleens/vHru2_enQfupnRKS1VdpLg,creve-coeur-missouri
https://www.ubereats.com/st-louis/food-delivery/3-bay-bbq-%26-bakery/EdMEnGEYSnCmM45xsKjqRQ,creve-coeur-missouri
https://www.ubereats.com/st-louis/food-delivery/st-louis-gyros/vCrqA7IgSxiG_kPobrV3_g,creve-coeur-missouri
https://www.ubereats.com/st-louis/food-delivery/applebees-2301-maplewood-commons-dr/GTzEo6Q5Rc2Qo6nrWtgJMw,creve-coeur-missouri
https://www.ubereats.com/st-louis/food-delivery/weber-grill-restaurant-st-louis/fCeWBroTTYGBOs_v5YDgyA,creve-coeur-missouri
https://www.ubereats.com/st-louis/food-delivery/subway-1901-schuetz-rd/LeukhmX_RImQbqs9XG3p-A,creve-coeur-missouri
https://www.ubereats.com/st-louis/food-delivery/mcdonalds-8860-st-charles-rock-road/mVINReoXTKyB-oOHHmtOMg,creve-coeur-missouri
https://www.ubereats.com/st-louis/food-delivery/153-sushi/0WLgX0XiTq-o10O8_DsfMQ,creve-coeur-missouri
https://www.ubereats.com/st-louis/food-delivery/papa-johns-98-gravois-bluffs-cir-suite-b/ZPn8YvdBSyeI_ukqWF7pEA,creve-coeur-missouri
https://www.ubereats.com/st-louis/food-delivery/ruths-chris-steak-house-1-n-brentwood-blvd/ojOAb2vORYiq-S63m9G5Cw,creve-coeur-missouri
https://www.ubereats.com/st-louis/food-delivery/crooked-tree-coffee-house/Gp5utDYxThGQQskJ4_PHqw,creve-coeur-missouri
https://www.ubereats.com/st-louis/food-delivery/chipotle-mexican-grill-1-n-central-ave/Xg72g_krQBONAN_dvmYfXw,creve-coeur-missouri
https://www.ubereats.com/st-louis/food-delivery/mi-hungry-catering/ppzI3LxwQmuepMI5uDRB1g,creve-coeur-missouri
https://www.ubereats.com/st-louis/food-delivery/jack-in-the-box-11122-saint-charles-rock-rd/WVCA9HZwRESOmTfsOxmu-Q,creve-coeur-missouri
https://www.ubereats.com/st-louis/food-delivery/cj-muggs-restaurant-webster-groves/HLl6ICfWQ7SgowAzyA7Ong,creve-coeur-missouri
https://www.ubereats.com/st-louis/food-delivery/firehouse-subs-79-forum-shopping-center/dCgTvqbVQIav74n-1iJK0g,creve-coeur-missouri
https://www.ubereats.com/st-louis/food-delivery/papa-johns-9800-manchester-rd/1lVls5C0R6yrnnBZa-yPFg,creve-coeur-missouri
https://www.ubereats.com/st-louis/food-delivery/kfc-5020-delmar/drVUx8GFRBeBEB5eNYc7Kg,creve-coeur-missouri
https://www.ubereats.com/st-louis/food-delivery/classic-red-hots-catering/x6uZGVjfS42kOgA8BjDGXw,creve-coeur-missouri
https://www.ubereats.com/st-louis/food-delivery/cecil-whittakers-pizzeria/nd5RktveShu6E79UdEEAqA,creve-coeur-missouri
https://www.ubereats.com/st-louis/food-delivery/spiros-restaurant/m0eFJicKSm-3C1VVcOgREQ,creve-coeur-missouri
https://www.ubereats.com/st-louis/food-delivery/arbys-1117/_naE6U-tQpOoPHAhAEkDDg,creve-coeur-missouri
https://www.ubereats.com/st-louis/food-delivery/mcdonalds-12680-dorsett-rd/qI9go76aR3qaRuDVLXK4ng,creve-coeur-missouri
https://www.ubereats.com/st-louis/food-delivery/vincent-van-doughnut-tower-grove/D2YwN8FHS7CDRR6ZhY_01w,creve-coeur-missouri
https://www.ubereats.com/st-louis/food-delivery/wasabi-sushi-bar-st-charles/HhiLukaSR5u9c06UJKeeJQ,creve-coeur-missouri
https://www.ubereats.com/st-louis/food-delivery/first-watch-chesterfield/mg7RBZvLSFS7Jwa_Z27X_w,creve-coeur-missouri
https://www.ubereats.com/st-louis/food-delivery/buffalo-wild-wings-1465-bass-pro-dr/GP8WPqEiSMyqEgF3Pkuymg,creve-coeur-missouri
https://www.ubereats.com/st-louis/food-delivery/kfc-10557-page/6HRl96zWSC-j6ygkR61pWA,creve-coeur-missouri
https://www.ubereats.com/st-louis/food-delivery/cafe-cornucopia/nq1Cr7AJS160R5PsHdZR0Q,creve-coeur-missouri
https://www.ubereats.com/st-louis/food-delivery/mcalisters-9052-11969-saint-charles-rock-road/5VUUFbzpSJyy2uZelteBJw,creve-coeur-missouri
https://www.ubereats.com/st-louis/food-delivery/subjay-bbq/f9Y7TD0iS-WHGdEeQHWzig,creve-coeur-missouri
https://www.ubereats.com/st-louis/food-delivery/blue-box-pizza/PqwlHTAkSCGjjYyKahAeJQ,creve-coeur-missouri
https://www.ubereats.com/st-louis/food-delivery/house-of-wong/ZJvEgctIQW6VJ6s_8Xg7VA,creve-coeur-missouri
https://www.ubereats.com/st-louis/food-delivery/cracker-barrel-old-country-store-901-veterans-memorial-pkwy/IQLJpdGFQM23M49S5uxetA,creve-coeur-missouri
https://www.ubereats.com/st-louis/food-delivery/kim-cheese/XcVrY4G9RFWnKYIINvel9A,creve-coeur-missouri
https://www.ubereats.com/st-louis/food-delivery/bar-louie-st-charles/JRsLFNhJTwORUsa7A-h56g,creve-coeur-missouri
https://www.ubereats.com/st-louis/food-delivery/jack-in-the-box-4595-washington-st/gi5vEpfZQuC2u7hyW_Egow,creve-coeur-missouri
https://www.ubereats.com/st-louis/food-delivery/barcelona-tapas-restaurant-saint-louis/fpvY7CFyTFO10Q2iPDzg6g,creve-coeur-missouri
https://www.ubereats.com/st-louis/food-delivery/kohns-kosher-meat-and-deli/T_E9bEr2QIeIhm8oFvvSAg,creve-coeur-missouri
https://www.ubereats.com/st-louis/food-delivery/grassis-ristorante-and-deli/KB7b2MF7SkG-GIf7jRwAQg,creve-coeur-missouri
https://www.ubereats.com/st-louis/food-delivery/the-dubliner/H7n-3G9mT72nBlB4ukIe7Q,creve-coeur-missouri
https://www.ubereats.com/st-louis/food-delivery/st-louis-kolache-n-lindbergh/s8UIBWw8QM2D5Y1s6iGbBw,creve-coeur-missouri
https://www.ubereats.com/st-louis/food-delivery/ocha-thai-and-japanese-cuisine/voGbVENjSK6Kdj0FNy5KBQ,creve-coeur-missouri
https://www.ubereats.com/st-louis/food-delivery/mcdonalds-14026-manchester-road/dy6ymRseTZWg-kTnDolAYg,creve-coeur-missouri
https://www.ubereats.com/st-louis/food-delivery/bar-louie-kirkwood/Z4qU2lBxQq-3hbwgt-u19w,creve-coeur-missouri
https://www.ubereats.com/st-louis/food-delivery/the-old-spaghetti-factory-chesterfield/ioUFTG3ST9ygZ6N0VKuHYA,creve-coeur-missouri
https://www.ubereats.com/st-louis/food-delivery/signature-india/-7YFN14kSV6iFHjaAy9wUA,creve-coeur-missouri
https://www.ubereats.com/st-louis/food-delivery/arbys-6962/ZSfRfOPmRDq00FP6oeLAmQ,creve-coeur-missouri
https://www.ubereats.com/st-louis/food-delivery/california-pizza-kitchen-10590-old-olive-street/wuSI85kVSUCpAd9o6HbzQw,creve-coeur-missouri
https://www.ubereats.com/st-louis/food-delivery/pops-kitchen/epAGXpdBRDqK33DRx4UWXg,creve-coeur-missouri
https://www.ubereats.com/st-louis/food-delivery/jack-in-the-box-986-s-highway-dr/Y2Vb2BOTQ4qyZOy9dJRAOg,creve-coeur-missouri
https://www.ubereats.com/st-louis/food-delivery/sunrise-family-restaurant/4Efg_nUVQQume_P3mf-YGQ,creve-coeur-missouri
https://www.ubereats.com/st-louis/food-delivery/pieology-pizzeria-174-west-county-center-drive/wiwRnz_TRky-9run6TQtEA,creve-coeur-missouri
https://www.ubereats.com/st-louis/food-delivery/smoothie-king-13275-manchester-rd/aKhk23YPQLWUb5ofvhmnlA,creve-coeur-missouri
https://www.ubereats.com/st-louis/food-delivery/china-house/CQt7ke4vScmVAW4_BLSyWg,creve-coeur-missouri
https://www.ubereats.com/st-louis/food-delivery/papa-johns-12203-dorsett-road/Oa_0jrSwRauLmIodq9r4VQ,creve-coeur-missouri
https://www.ubereats.com/st-louis/food-delivery/charleys-philly-steaks-178-west-county-center/TwQvBgZGTDqp1MBcz1P0NA,creve-coeur-missouri
https://www.ubereats.com/st-louis/food-delivery/yellowstone-cafe/QgQcvFMQSlOEkdsqwPPxrQ,creve-coeur-missouri
https://www.ubereats.com/st-louis/food-delivery/gokul-indian-restaurant/ZuNRB7tGRv6b1pgAguYqpQ,creve-coeur-missouri
https://www.ubereats.com/st-louis/food-delivery/mcalisters-1379-3200-b-laclede-station-road/gx3wNsBhSjapaZa48b_xxg,creve-coeur-missouri
https://www.ubereats.com/st-louis/food-delivery/hotshots-sports-bar-%26-grill-saint-charles/hfZuO0mJQ62jsVDw5v7I1A,creve-coeur-missouri
https://www.ubereats.com/st-louis/food-delivery/dunkin-1754-s-hanley-rd/XLrll96STeGs_TWPD8OyzQ,creve-coeur-missouri
https://www.ubereats.com/st-louis/food-delivery/taco-bell-1324-hampton-avenue/En3Z6JbUTDq0-ThggFGO5w,creve-coeur-missouri
https://www.ubereats.com/st-louis/food-delivery/crazy-bowls-%26-wraps-forsyth-clayton/UV9R4As1RCutpAY-1NaRKQ,creve-coeur-missouri
https://www.ubereats.com/st-louis/food-delivery/brio-1601-south-lindbergh-blvd/zP6XtkaWSKuECvLFChHvQw,creve-coeur-missouri
https://www.ubereats.com/st-louis/food-delivery/bob-evans-536-1-lambert-drury-drive/5oxTj2fET_GnccCCcX2r-A,creve-coeur-missouri
https://www.ubereats.com/st-louis/food-delivery/papa-johns-15266-manchester-rd/blNylL7WTrOTGyKBwrRjiw,creve-coeur-missouri
https://www.ubereats.com/st-louis/food-delivery/himalayan-hut/GclTp8NAQ-ySaHqjg7HIbA,creve-coeur-missouri
https://www.ubereats.com/st-louis/food-delivery/seoul-taco-chesterfield/rcUUZu_1Ra-IsRwGqBAUmg,creve-coeur-missouri
https://www.ubereats.com/st-louis/food-delivery/applebees-2309-n-us-highway-67/7YHDpWogRRilwM_C8c0OnQ,creve-coeur-missouri
https://www.ubereats.com/st-louis/food-delivery/texas-de-brazil-richmond-heights/wGVnKVIGTlGIA-zMCmWZ5w,creve-coeur-missouri
https://www.ubereats.com/st-louis/food-delivery/jets-pizza-234-w-lockwood-ave/9sz51Kt6QXOZxXu0DvKVeQ,creve-coeur-missouri
https://www.ubereats.com/st-louis/food-delivery/california-pizza-kitchen-1493-st-louis-galleria/vnnwkXMOSteUsAJIjHv0Tw,creve-coeur-missouri
https://www.ubereats.com/st-louis/food-delivery/nami-ramen-st-louis/gsmcwibASMmF0u7BF-3-TQ,creve-coeur-missouri
https://www.ubereats.com/st-louis/food-delivery/katerinas-greek-restaurant/VBrPr_FEQQCI0MEHVb0uUg,creve-coeur-missouri
https://www.ubereats.com/st-louis/food-delivery/kfc-101-s-weidman-rd/flEVCsWlT7uGx31tJjPgXQ,creve-coeur-missouri
https://www.ubereats.com/st-louis/food-delivery/hendricks-bbq/L8Y1uIaMSXeLmCE8sCMHkw,creve-coeur-missouri
https://www.ubereats.com/st-louis/food-delivery/firebirds-wood-fired-grill-1501-beale-st/E1oNUBjkQGONkJb7FTf9yg,creve-coeur-missouri
https://www.ubereats.com/st-louis/food-delivery/mod-pizza-maryland-heights/5ZbXuoBeQ0C-4rMJNthlHg,creve-coeur-missouri
https://www.ubereats.com/st-louis/food-delivery/8611-bonefish-grill-8780-eager-rd/x2bUI4BERbOdoOXws3IU_g,creve-coeur-missouri
https://www.ubereats.com/st-louis/food-delivery/burger-king-1200-south-brentwood-blvd/DBY9_x-UQTu1I_nweTN78w,creve-coeur-missouri
https://www.ubereats.com/st-louis/food-delivery/noodles-%26-company-1624-south-hanley-road/KQR7ivyIRp6DZCQiQQuGAA,creve-coeur-missouri
https://www.ubereats.com/st-louis/food-delivery/hacienda-mexican-restaurant/ZzEYiWEgRsK5HQ-tkhsqPQ,creve-coeur-missouri
https://www.ubereats.com/st-louis/food-delivery/wasabi-sushi-bar-clayton/KqP4_lv3SaOjO_BNtbcLUg,creve-coeur-missouri
https://www.ubereats.com/st-louis/food-delivery/twin-oak-wood-fired-pizza-and-bbq/LRVJBuNSSw2oNTuJmdEucQ,creve-coeur-missouri
https://www.ubereats.com/st-louis/food-delivery/cracker-barrel-old-country-store-1050-south-hwy-drive/nkfRVU3wQWCTL9eM6r6pQw,creve-coeur-missouri
https://www.ubereats.com/st-louis/food-delivery/flavor-of-india/Nph6tJRjRg2mckYWIwHilw,creve-coeur-missouri
https://www.ubereats.com/st-louis/food-delivery/180-grill-and-bar/ri-ses1qRfm9CQDg-kqxCw,creve-coeur-missouri
https://www.ubereats.com/st-louis/food-delivery/taco-bell-2525-n-lindbergh-blvd/OoL60lhLQ3SWOKwZFq_Dew,creve-coeur-missouri
https://www.ubereats.com/st-louis/food-delivery/walnut-grill/JD7EbvDKQbWC3qKH-cXJdQ,creve-coeur-missouri
https://www.ubereats.com/st-louis/food-delivery/prime-55-restaurant-and-lounge/zzgkWdXMSKu_nX0JdYP5Tg,creve-coeur-missouri
https://www.ubereats.com/st-louis/food-delivery/el-mexiquense-restaurant/ppIFndGPRpeDAHiji8eMHg,creve-coeur-missouri
https://www.ubereats.com/st-louis/food-delivery/steak-n-shake-8609-watson-road/yayf_ZXISUGqm2bNoB0SXQ,creve-coeur-missouri
https://www.ubereats.com/st-louis/food-delivery/ranoush/RVL6fHrWQ1q8cYAVo8_P4w,creve-coeur-missouri
https://www.ubereats.com/st-louis/food-delivery/drunken-fish-maryland-plz/G1TIy0NvS_6mnxNC4WSCcg,creve-coeur-missouri
https://www.ubereats.com/st-louis/food-delivery/five-guys-mo-0454-1052-n-ballas-rd/gm22mQezRM-1evD81nSBjg,creve-coeur-missouri
https://www.ubereats.com/st-louis/food-delivery/dairy-queen-grill-%26-chill-2060-mckelvey-rd/yeliwK1rS5mTjnj3cpRhkg,creve-coeur-missouri
https://www.ubereats.com/st-louis/food-delivery/jack-in-the-box-8307-page-ave/OToS2KYfQqGWFGe_XK82aA,creve-coeur-missouri
https://www.ubereats.com/st-louis/food-delivery/spirits-%26-gyros/cSghQfXSQYO-VrGKX7Pbhg,creve-coeur-missouri
https://www.ubereats.com/st-louis/food-delivery/pf-changs-1295-chesterfield-pkwy-east/KY8XARtGTDaeSRit4HQn8w,creve-coeur-missouri
https://www.ubereats.com/st-louis/food-delivery/papa-johns-8043-watson-road/8HabYKfSQZuC6jaAlfuyDw,creve-coeur-missouri
https://www.ubereats.com/st-louis/food-delivery/mod-pizza-lindenwood/JV8XDiqUSR-jVkJtjcii7w,creve-coeur-missouri
https://www.ubereats.com/st-louis/food-delivery/jack-in-the-box-158-howdershell/uJmIsk4tSAiJvfhHcgrh-w,creve-coeur-missouri
https://www.ubereats.com/st-louis/food-delivery/mcdonalds-12120-manche-ster-road/mEnXTxtrRXeRJ1bqlMm0AQ,creve-coeur-missouri
https://www.ubereats.com/st-louis/food-delivery/shahrazad-mediterranean-restaurant/8ZBTaBJQQ7aqgsBMs9nIHQ,creve-coeur-missouri
https://www.ubereats.com/st-louis/food-delivery/copia-clayton/BcuIrb62S-u1Ml4GEJDSiA,creve-coeur-missouri
https://www.ubereats.com/st-louis/food-delivery/chipotle-mexican-grill-1500-s-hanley-rd/Nv-eO2PEQGeYuUNYRc6-nA,creve-coeur-missouri
https://www.ubereats.com/st-louis/food-delivery/moes-southwest-grill-10429-olive-blvd/ZZFyiZt6Q0y7ElsPxyoI7w,creve-coeur-missouri
https://www.ubereats.com/st-louis/food-delivery/applebees-9031-watson-road/j7_q-rlsQWGPrEbxr91peQ,creve-coeur-missouri
https://www.ubereats.com/st-louis/food-delivery/mini-donut-co/g0Lrypq1ROWZn92kaYI8iQ,creve-coeur-missouri
https://www.ubereats.com/st-louis/food-delivery/tonys-k-food-cuisine/RAcJ384rSvm_Lam1rudPaA,creve-coeur-missouri
https://www.ubereats.com/st-louis/food-delivery/steak-n-shake-9550-natural-bridge/4I2ZdFtsRqO9OzQBu3YSLQ,creve-coeur-missouri
https://www.ubereats.com/st-louis/food-delivery/mcalisters-1093-14848-manchester-road/kQ8DaoasSee16mfvec6NWw,creve-coeur-missouri
https://www.ubereats.com/st-louis/food-delivery/fort-taco/4cC6WOBeQaOoOxTlskmLIw,creve-coeur-missouri
https://www.ubereats.com/st-louis/food-delivery/popeyes-louisiana-kitchen-8100-manchester-road/fSUFzX9-RZe2Usl4qUXczw,creve-coeur-missouri
https://www.ubereats.com/st-louis/food-delivery/classic-red-hot-albasha/4mBudylZS-2nrDzrMwAmsQ,creve-coeur-missouri
https://www.ubereats.com/st-louis/food-delivery/chipotle-mexican-grill-1676-clarkson-rd/YqAYvYeiSumMEtPn-OvoNw,creve-coeur-missouri
https://www.ubereats.com/st-louis/food-delivery/jets-pizza-12532-olive-blvd/aQ9YdxHlQ3m3uI4pgLXj0g,creve-coeur-missouri
https://www.ubereats.com/st-louis/food-delivery/dickeys-barbecue-pit-1912-s-brentwood-blvd/Gz2MFJqMRmia3_Nd9Lr1Xw,creve-coeur-missouri
https://www.ubereats.com/st-louis/food-delivery/original-js-tex-mex-bbq/FFwTFDnwTQG38C53UVtAVQ,creve-coeur-missouri
https://www.ubereats.com/st-louis/food-delivery/shake-shack-ladue-crossing/iCxjAhanRCiZ2ZlipNcSHw,creve-coeur-missouri
https://www.ubereats.com/st-louis/food-delivery/hooties-burger-bar-11835-lackland-road/V_XCEAlrQemiWX-AndaGAA,creve-coeur-missouri
https://www.ubereats.com/st-louis/food-delivery/el-maguey/ggC9q0XgQnKhJte7CN43TA,creve-coeur-missouri
https://www.ubereats.com/st-louis/food-delivery/dunkin-10250-page-ave/MB00nmJqRDKTw86yHKEiJQ,creve-coeur-missouri
https://www.ubereats.com/st-louis/food-delivery/krab-kingz-seafood/o4JbaUMKSLm82ZLAhF_PZg,creve-coeur-missouri
https://www.ubereats.com/st-louis/food-delivery/rallys-9651-natural-bridge-road/xwbZ22u2QjewGeAkRTYL7A,creve-coeur-missouri
https://www.ubereats.com/st-louis/food-delivery/great-american-cookies-1495-saint-louis-galleria/lrWupVRBQdWhBt5BsZt4NA,creve-coeur-missouri
https://www.ubereats.com/st-louis/food-delivery/crushed-red-creve-coeur/xnzFIPv6TO67KfAiZpJcsQ,creve-coeur-missouri
https://www.ubereats.com/st-louis/food-delivery/applebees-11950-olive-blvd/eEshwpqHS1-cMDpUb6O1hA,creve-coeur-missouri
https://www.ubereats.com/st-louis/food-delivery/st-louis-kolache-ballwin/IEywA0pZQ3uCQGNNJOiYLw,creve-coeur-missouri
https://www.ubereats.com/st-louis/food-delivery/ya-hala-grill/xZBN2cpmRNutZP2YNbzhVA,creve-coeur-missouri
https://www.ubereats.com/st-louis/food-delivery/red-lobster-9838-watson-road/K5rrHmiGSMm9I_Uy8bVgEA,creve-coeur-missouri
https://www.ubereats.com/st-louis/food-delivery/applebees-9090-st-charles-rock-road/AbQKoYMZSjqwh_bbpK2B7Q,creve-coeur-missouri
https://www.ubereats.com/st-louis/food-delivery/jack-in-the-box-12298-saint-charles-rock-rd/ssTyCM2yRVmEFOClZyXOVA,creve-coeur-missouri
https://www.ubereats.com/st-louis/food-delivery/wasabi-sushi-bar-town-%26-country/Mw5W9yR1S0uFZ8M59KuwUA,creve-coeur-missouri
https://www.ubereats.com/st-louis/food-delivery/kfc-641-gravois-road/w97Z--VwT2qaV6lIqN8B5A,creve-coeur-missouri
https://www.ubereats.com/st-louis/food-delivery/first-watch-bridgeton-st-ann/Y7bninZsReGGvBdrmup8uA,creve-coeur-missouri
https://www.ubereats.com/st-louis/food-delivery/crazy-bowls-%26-wraps-west-olive/UIUIhZlZSLa2Q0CTyj0Dsw,creve-coeur-missouri
https://www.ubereats.com/st-louis/food-delivery/taco-bell-9339-olive-blvd/usIWuteAQiiWOB28jh1C-A,creve-coeur-missouri
https://www.ubereats.com/st-louis/food-delivery/mcdonalds-4-s-old-orchard-rd/PyWE6eejRtmqGZ3lV5ZZew,creve-coeur-missouri
https://www.ubereats.com/st-louis/food-delivery/hotshots-sports-bar-%26-grill-st-louis/5nrIdT-NQb-kEOyKYdIvgQ,creve-coeur-missouri
https://www.ubereats.com/st-louis/food-delivery/five-guys-mo-4019-1778-s-hanley-rd/UqqDl3ZET6iMmb_tEguPAw,creve-coeur-missouri
https://www.ubereats.com/st-louis/food-delivery/cool-times/n3yMiAEbTYi1SFYh9qoJNQ,creve-coeur-missouri
https://www.ubereats.com/st-louis/food-delivery/great-american-cookies-west-county-center/pdNSO7EKQv69WuyN8qs6Gw,creve-coeur-missouri
https://www.ubereats.com/st-louis/food-delivery/red-lobster-12235-saint-charles-rock-rd/GIDlcw-aRE6obb9RO9ZC_w,creve-coeur-missouri
https://www.ubereats.com/st-louis/food-delivery/el-maguey/EPb4cFanSoq8lv5Gf60gqw,creve-coeur-missouri
https://www.ubereats.com/st-louis/food-delivery/churchs-chicken-1753-woodson-road/o_Eab_HaTXyxY5iIKaRgWg,creve-coeur-missouri
https://www.ubereats.com/st-louis/food-delivery/rallys-10334-page-avenue/BODX4F_ZRvCOaOIZFHsU-A,creve-coeur-missouri
https://www.ubereats.com/st-louis/food-delivery/first-watch-creve-coeur/423GXLUnQO6OG1HsHSEYJw,creve-coeur-missouri
https://www.ubereats.com/st-louis/food-delivery/lu-lu-seafood-restaurant-8224-olive/gOwv59TbQCytw52i3ZTYRA,creve-coeur-missouri
https://www.ubereats.com/st-louis/food-delivery/the-baked-bear-st-louis/_v4KVYPfSYuPRWUAexVhgw,creve-coeur-missouri
https://www.ubereats.com/st-louis/food-delivery/barg-continental-restaurant/ASA_zkiGSierErqlYPRLeg,creve-coeur-missouri
https://www.ubereats.com/st-louis/food-delivery/zangchi/qz1vBC4QQvqKfkq3y7lnEg,creve-coeur-missouri
https://www.ubereats.com/st-louis/food-delivery/concettas-italian-restaurant/s9KaS3HHT8qijPHEBOjPDA,creve-coeur-missouri
https://www.ubereats.com/st-louis/food-delivery/cathys-kitchen/lxjQOnbHSzmuaEHxzPNBsA,creve-coeur-missouri
https://www.ubereats.com/st-louis/food-delivery/chipotle-mexican-grill-11485-olive-blvd/DvMJri7YQ6mjqJyxsZaKxw,creve-coeur-missouri
https://www.ubereats.com/st-louis/food-delivery/taco-bell-17090-chesterfield-airport-rd/h-TAL4WeRviyPpb4b7xQKw,creve-coeur-missouri
https://www.ubereats.com/st-louis/food-delivery/krab-kingz-seafood-watson-rd/pTEaNJCOQla3iqCm8XZXKA,creve-coeur-missouri
https://www.ubereats.com/st-louis/food-delivery/king-grill/WcnV5ovIThSMiZyONb8SzA,creve-coeur-missouri
https://www.ubereats.com/st-louis/food-delivery/ihop-4-mcbride-%26-son-center-drive/doRD4k9tR5mheWqotSfrPg,creve-coeur-missouri
https://www.ubereats.com/st-louis/food-delivery/pi-pizzeria-chesterfield/Bip-1p4sT9yoBj8ZmMv9Fg,creve-coeur-missouri
https://www.ubereats.com/st-louis/food-delivery/cool-times-glenridge/ADuoixvSS7qihoE0gZYgzA,creve-coeur-missouri
https://www.ubereats.com/st-louis/food-delivery/taco-bell-10426-page-ave/V5Di-nMiQ6m4Hulm8ref4Q,creve-coeur-missouri
https://www.ubereats.com/st-louis/food-delivery/al-tarboush-deli/avCJ99WaSDW576H1h-6WZw,creve-coeur-missouri
https://www.ubereats.com/st-louis/food-delivery/buffalo-wild-wings-1244-s-kirkwood-road/MMDA0DHASYuot1Ep3Tc2Aw,creve-coeur-missouri
https://www.ubereats.com/st-louis/food-delivery/oriental-chop-suey/y001jLQXRyKOmK7cBQ3Pzg,creve-coeur-missouri
https://www.ubereats.com/st-louis/food-delivery/i-love-mr-sushi/eNFmVAQsQyCbq2WBkEicFQ,creve-coeur-missouri
https://www.ubereats.com/st-louis/food-delivery/papa-johns-2218-first-capitol-drive/d4SIeJ14R06897ZzPcqVoQ,creve-coeur-missouri
https://www.ubereats.com/st-louis/food-delivery/jets-pizza-14940-manchester-rd/zjteS-82R5mpTuL9wlqBCg,creve-coeur-missouri
https://www.ubereats.com/st-louis/food-delivery/dairy-queen-grill-%26-chill-2678-n-hwy-67/eHb5WPPKS6yzyQQeH2GsHA,creve-coeur-missouri
https://www.ubereats.com/st-louis/food-delivery/fridas/WVc0_kstRom0T-H1VCgWOQ,creve-coeur-missouri
https://www.ubereats.com/st-louis/food-delivery/panda-express-101-highlands-blvd/NAe65KBGQT2YWwQNmgSx9Q,creve-coeur-missouri
https://www.ubereats.com/st-louis/food-delivery/dennys-11266-midland-blvd/CWMsxVFRRYSScWntD58mTw,creve-coeur-missouri
https://www.ubereats.com/st-louis/food-delivery/jack-in-the-box-1242-hampton/olNtgVOPSc-ARB0V0tRbig,creve-coeur-missouri
https://www.ubereats.com/st-louis/food-delivery/steak-n-shake-677-gravois-bluffs-boulevard/k1DXkrFSSeKwSdC-LFZg-g,creve-coeur-missouri
https://www.ubereats.com/st-louis/food-delivery/firehouse-subs-8027-dale-ave/G6sUss2nQcGMxVD5DG4fEg,creve-coeur-missouri
https://www.ubereats.com/st-louis/food-delivery/rootbound/TW_hygriQwGYp48QmGjZzw,creve-coeur-missouri
https://www.ubereats.com/st-louis/food-delivery/taco-bell-13123-olive-blvd/Yonq1yAqTUm0h_sFv7aRjQ,creve-coeur-missouri
https://www.ubereats.com/st-louis/food-delivery/jersey-mikes-12113-manchester-rd/FwXzgOJORkiw8w89mELS3g,creve-coeur-missouri
https://www.ubereats.com/st-louis/food-delivery/outback-steakhouse-5240-south-lindbergh/SaBKnXrcSPWYDEuA6Fp4jw,creve-coeur-missouri
https://www.ubereats.com/st-louis/food-delivery/maggie-moos/PN9Gm-ANSmWJ6V18fQ0gtw,creve-coeur-missouri
https://www.ubereats.com/st-louis/food-delivery/irie-eats-jamaican-restaurant/iy7739CmQWqShCkKLghGGQ,creve-coeur-missouri
https://www.ubereats.com/st-louis/food-delivery/papa-murphys-8192-north-lindbergh-boulevard/GZjI2yF0Q4SWfXLQ7iE00Q,creve-coeur-missouri
https://www.ubereats.com/st-louis/food-delivery/indias-kitchen/Vez9pPQeSrOygH6x_I4uIg,creve-coeur-missouri
https://www.ubereats.com/st-louis/food-delivery/red-robin-295-13001-manchester-rd/npC66i-uSYiIntQgfKTO6Q,creve-coeur-missouri
https://www.ubereats.com/st-louis/food-delivery/starbucks-lindbergh-%26-clayton/Ib9Xq-xbSESpgZ0f_0h5nQ,creve-coeur-missouri
https://www.ubereats.com/st-louis/food-delivery/ginghams-homestyle-restaurant/1ebpZsXdRSq2FNVrJ-p18A,creve-coeur-missouri
https://www.ubereats.com/st-louis/food-delivery/crazy-bowls-%26-wraps-clarkson-chesterfield/bMAiL59LQNi2vYGdmqxfRA,creve-coeur-missouri
https://www.ubereats.com/st-louis/food-delivery/papa-johns-1670-clarkson-road/t6tdnDq_SU2413uSW8v-CA,creve-coeur-missouri
https://www.ubereats.com/st-louis/food-delivery/burger-king-12701-olive-boulevard/1_kp_7JxQ96SUN_nEEHtFA,creve-coeur-missouri
https://www.ubereats.com/st-louis/food-delivery/lazy-river-grill/3ubkx9SFRmGHlSwk1cBfTA,creve-coeur-missouri
