url,city
https://www.ubereats.com/philadelphia/food-delivery/lucky-7-deli-bristol/xRp-4l27SZqCNakXddObMg,croydon-pennsylvania
https://www.ubereats.com/philadelphia/food-delivery/kfc-rt-130-%26-high-st/prpPQDphQSKltLvHY0mgcw,croydon-pennsylvania
https://www.ubereats.com/philadelphia/food-delivery/dutch-country-luncheontte/n1jDi9NDRAKQ8cH9vf4-Lg,croydon-pennsylvania
https://www.ubereats.com/philadelphia/food-delivery/dunkin-1615-e-lincoln-hwy/-JBxRc-1TceDxrN69FIoHQ,croydon-pennsylvania
https://www.ubereats.com/philadelphia/food-delivery/alfredo-s-brazilian-steakhouse/JIisGfwMQhyxkDfRIYeeGw,croydon-pennsylvania
https://www.ubereats.com/philadelphia/food-delivery/outback-steakhouse-3240-tillman-drive/gJrkToqPRiyh5HMGFvc4_w,croydon-pennsylvania
https://www.ubereats.com/philadelphia/food-delivery/popeyes-2160-street-rd/IkZxqLdfSUqidNwoMqZbfA,croydon-pennsylvania
https://www.ubereats.com/philadelphia/food-delivery/marys-gourmet-donut-shoppe/LveuZiZ0RWq-tycKE_d8fA,croydon-pennsylvania
https://www.ubereats.com/philadelphia/food-delivery/dunkin-8333-bristol-pike/iOjYhtPaT3ue0ph4kad1rA,croydon-pennsylvania
https://www.ubereats.com/new-jersey/food-delivery/wing-squad-langhorne/TK6_bImcTRODWDg8gdp1zg,croydon-pennsylvania
https://www.ubereats.com/philadelphia/food-delivery/metro-diner-bensalem/-cbGUv7QSbOD5MKCIv0-tA,croydon-pennsylvania
https://www.ubereats.com/philadelphia/food-delivery/kfc-527-franklin-mills-circle/7SWVVbNOQauYYePeB5tQjg,croydon-pennsylvania
https://www.ubereats.com/philadelphia/food-delivery/nukkad-indian-street-food-bensalem/mCkOb6QfSIqoyVHfRFgvGg,croydon-pennsylvania
https://www.ubereats.com/new-jersey/food-delivery/ihop-2703-mount-holly-road-suite-4/PYfP9Q2DQJ29O4_eFyh6Fw,croydon-pennsylvania
https://www.ubereats.com/philadelphia/food-delivery/mt-fuji-hibachi-%26-asian-bistro/UkwJ0MKTQoerMikRDmPY6A,croydon-pennsylvania
https://www.ubereats.com/philadelphia/food-delivery/provecho-mexican-grill/y7pvHWh2QNmqzZh_8yJyMw,croydon-pennsylvania
https://www.ubereats.com/philadelphia/food-delivery/brick-house-mini-mart/7Wv_QiTxT1iGHUXJSGW4Rg,croydon-pennsylvania
https://www.ubereats.com/new-jersey/food-delivery/marcellos-coal-fired-restaurant-pizza/N2G88DGNQWqFKtWpd_SZcw,croydon-pennsylvania
https://www.ubereats.com/philadelphia/food-delivery/jb-dawsons-restaurant-%26-bar-92-n-flowers-mill-rd/fiGYm3h5T1mwo5cihVDTBg,croydon-pennsylvania
https://www.ubereats.com/philadelphia/food-delivery/dutch-country-lunchette/ZZpP8X2xRI-yESQrtUAgHg,croydon-pennsylvania
https://www.ubereats.com/philadelphia/food-delivery/sandys-beef-%26-ale/dYVDSyCtR9ihTDO6RGUo0w,croydon-pennsylvania
https://www.ubereats.com/philadelphia/food-delivery/the-borough-pub/0acGg7o-Q7mVLgJWJa3EwA,croydon-pennsylvania
https://www.ubereats.com/philadelphia/food-delivery/mcdonalds-us-130-cooper-st/FdzE2ipzTQeXYCavGbX_XQ,croydon-pennsylvania
https://www.ubereats.com/philadelphia/food-delivery/originals-italian-restaurant-%26-bar/GSfXLzFWSTmaVQc9nJZF7Q,croydon-pennsylvania
https://www.ubereats.com/philadelphia/food-delivery/delicious-dishes/i4dUn9jqSuyvdrIATKEXQw,croydon-pennsylvania
https://www.ubereats.com/philadelphia/food-delivery/shagun-palace/3Rza-EYZTI-Dq8RhhUPRRQ,croydon-pennsylvania
https://www.ubereats.com/philadelphia/food-delivery/dunkin-1107-sunset-rd/d5rX4hCbShqW9GsHqB11QA,croydon-pennsylvania
https://www.ubereats.com/philadelphia/food-delivery/k-pot-korean-bbq-%26-hot-pot/zY-iwy5yQfKLUSnlra1-wQ,croydon-pennsylvania
https://www.ubereats.com/new-jersey/food-delivery/bradys-american-pub/Vc-LF4a4To2hkJdMqQPVHg,croydon-pennsylvania
https://www.ubereats.com/philadelphia/food-delivery/zaika-kabab-%26-curry/oza-YeT3SsisZRtk0QlM-g,croydon-pennsylvania
https://www.ubereats.com/philadelphia/food-delivery/wendys-3200-red-lion-rd-frnt-5/kHDSWEpHSMuS2wGViKlECg,croydon-pennsylvania
https://www.ubereats.com/new-jersey/food-delivery/cold-stone-creamery-4270-dearborn-circle/6LEv4jqAQZG3OHDKzfC17w,croydon-pennsylvania
https://www.ubereats.com/new-jersey/food-delivery/blue-fig-cafe/tC9_RpxHSu29_OIgNrtgYw,croydon-pennsylvania
https://www.ubereats.com/new-jersey/food-delivery/cucina-di-pirone/UL-QgtHHT4yjFqNlv3_1lw,croydon-pennsylvania
https://www.ubereats.com/philadelphia/food-delivery/dunkin-4353-rte-130-s/VrGCzOW6QhWzQcEKH77A4Q,croydon-pennsylvania
https://www.ubereats.com/philadelphia/food-delivery/clubhouse-diner/LdTL-xnpSTedcS3l7iBYYA,croydon-pennsylvania
https://www.ubereats.com/new-jersey/food-delivery/kings-kitchen/VBzzGujkTs-2YVLbes4Iig,croydon-pennsylvania
https://www.ubereats.com/philadelphia/food-delivery/outback-steakhouse-650-commerce-blvd/3Jgh81LuQAe-Fz5uI8pFuQ,croydon-pennsylvania
https://www.ubereats.com/philadelphia/food-delivery/popeyes-4328-route-130/YhEdGqcrT6iTMZ3XxYGPVQ,croydon-pennsylvania
https://www.ubereats.com/philadelphia/food-delivery/tonys-king-of-pizza/yzmRmTunTvuNV5yqG8eL9g,croydon-pennsylvania
https://www.ubereats.com/philadelphia/food-delivery/el-paso-mexican-restaurant/fT0C6IIWSkS2J57LC-ndhg,croydon-pennsylvania
https://www.ubereats.com/philadelphia/food-delivery/burger-king-2062-route-130-north/GKSuRbUeQkSOmKql4fu-cA,croydon-pennsylvania
https://www.ubereats.com/philadelphia/food-delivery/china-gate-restaurant/XbBt1prFSNySokQ3fi0VAA,croydon-pennsylvania
https://www.ubereats.com/philadelphia/food-delivery/brusters-real-ice-cream-1502-brownsville-rd/lBn9Oz3mTzqYuPaaiYp4qw,croydon-pennsylvania
https://www.ubereats.com/philadelphia/food-delivery/saladworks-hainesport/p9EB4JB2Qg68fXWcXvk7eg,croydon-pennsylvania
https://www.ubereats.com/philadelphia/food-delivery/chucks-big-time-bbq/hb-tzMXwQs-n3ZUCYW_HpA,croydon-pennsylvania
https://www.ubereats.com/philadelphia/food-delivery/cracker-barrel-old-country-store-3611-horizon-blvd/hZtP1SbmR_yvvFVVFo8uOA,croydon-pennsylvania
https://www.ubereats.com/philadelphia/food-delivery/kfc-432-lincoln-hwy/7MnUVL39T5e8t1zpwNwKDA,croydon-pennsylvania
https://www.ubereats.com/philadelphia/food-delivery/osaka-sushi/4_sDl11vRCaX5o84KAdR0g,croydon-pennsylvania
https://www.ubereats.com/philadelphia/food-delivery/taste-of-soul/uNeWy0bqTfmeJNIotFjhLA,croydon-pennsylvania
https://www.ubereats.com/philadelphia/food-delivery/bobs-burgers/0pg9j8RxSPKxdb2ZhnVGPg,croydon-pennsylvania
https://www.ubereats.com/philadelphia/food-delivery/poke-bros-feasterville/x-boowCITN-kqneIOM7LsQ,croydon-pennsylvania
https://www.ubereats.com/philadelphia/food-delivery/panda-express-3570-horizon-blvd/NeCLEoySSWuwlBTU95pylw,croydon-pennsylvania
https://www.ubereats.com/new-jersey/food-delivery/starbucks-neshaminy/_iyMu6YeR7uo0ABTG6jlpQ,croydon-pennsylvania
https://www.ubereats.com/new-jersey/food-delivery/popeyes-2160-street-rd/IkZxqLdfSUqidNwoMqZbfA,croydon-pennsylvania
https://www.ubereats.com/philadelphia/food-delivery/starbucks-delran/oHiOKxNRR_-DHNtrXrPANA,croydon-pennsylvania
https://www.ubereats.com/philadelphia/food-delivery/gaetanos-the-original/aPFIN_u9S0-Gwq41zaWTAg,croydon-pennsylvania
https://www.ubereats.com/new-jersey/food-delivery/boston-market-451-franklin-mills-circle/UW9qR-QNRESnsR5lILH-BA,croydon-pennsylvania
https://www.ubereats.com/philadelphia/food-delivery/dunkin-2901-hulmville-rd/T8WXW8lXRM2ENShoH8ZaSA,croydon-pennsylvania
https://www.ubereats.com/philadelphia/food-delivery/crown-deli-morrell/_S8ZI0V7QQOQC7bRf1xQyA,croydon-pennsylvania
https://www.ubereats.com/philadelphia/food-delivery/top-it-frozen-yogurt-cafe/sn-rLoY1QkyPXy9Fb5v6mQ,croydon-pennsylvania
https://www.ubereats.com/philadelphia/food-delivery/wawa-8004-7625-new-falls-rd/cw1xmvkOTPOWsRjKgES-uA,croydon-pennsylvania
https://www.ubereats.com/new-jersey/food-delivery/bruno-s-pizza/kCcyL_LAQy64h20VwnwYcg,croydon-pennsylvania
https://www.ubereats.com/new-jersey/food-delivery/kfc-9021-frankford-avenue/jNhZyyq4RN6OIsccQD6ykA,croydon-pennsylvania
https://www.ubereats.com/philadelphia/food-delivery/starbucks-neshaminy/_iyMu6YeR7uo0ABTG6jlpQ,croydon-pennsylvania
https://www.ubereats.com/philadelphia/food-delivery/andale-latino-grill/Cm5jtUriRrerjbcJHhVKvA,croydon-pennsylvania
https://www.ubereats.com/philadelphia/food-delivery/gabrielas-tomato-pie-llc-900-jefferson-ave/CGQcYlU1TNKPPG5STw1ooA,croydon-pennsylvania
https://www.ubereats.com/philadelphia/food-delivery/little-caesars-pizza-1984-street-rd/MMDbVJwSTdi25-PbCiKruw,croydon-pennsylvania
https://www.ubereats.com/philadelphia/food-delivery/rangoli/ADU4PGLmQJOyj7YRw1zWZQ,croydon-pennsylvania
https://www.ubereats.com/new-jersey/food-delivery/panera-2605-street-road/KoeC7L7_Q1u8hsDfzfx1lw,croydon-pennsylvania
https://www.ubereats.com/philadelphia/food-delivery/taco-bell-2035-rt-130-north/MIzGPNFyQXyf9jK45IAtgg,croydon-pennsylvania
https://www.ubereats.com/new-jersey/food-delivery/nartis-pizza/5-PcVP58RrGneX3CtW-roA,croydon-pennsylvania
https://www.ubereats.com/philadelphia/food-delivery/mcdonalds-trevose/tt6HRKu9RSO4r4p8JuTeHw,croydon-pennsylvania
https://www.ubereats.com/philadelphia/food-delivery/asian-halal-%26-kabab-house/_Vud6lAeSEy3G-IBiAcbhw,croydon-pennsylvania
https://www.ubereats.com/philadelphia/food-delivery/arosso-italian-restaurant/2vab8Q9ZSJGp5K_JyTwSCA,croydon-pennsylvania
https://www.ubereats.com/new-jersey/food-delivery/kfc-rt-130-%26-high-st/prpPQDphQSKltLvHY0mgcw,croydon-pennsylvania
https://www.ubereats.com/philadelphia/food-delivery/no-1-china/0Oe6-LieQT-SDY0ZVMyAtA,croydon-pennsylvania
https://www.ubereats.com/philadelphia/food-delivery/boston-market-451-franklin-mills-circle/UW9qR-QNRESnsR5lILH-BA,croydon-pennsylvania
https://www.ubereats.com/philadelphia/food-delivery/jb-bakery/wy2NpDRHT9u1-OZfOo3W5w,croydon-pennsylvania
https://www.ubereats.com/philadelphia/food-delivery/dunkin-308-bristol-pike/4oxslqsyQcuqQZTSn1Pn7g,croydon-pennsylvania
https://www.ubereats.com/philadelphia/food-delivery/ayakitchen/jSvTi7lwT7aZOv3fJoE4Xg,croydon-pennsylvania
https://www.ubereats.com/philadelphia/food-delivery/subway-35-bellevue-ave/ivFeu0oOSfqvdlL3nEcLDQ,croydon-pennsylvania
https://www.ubereats.com/philadelphia/food-delivery/pecado-colombiano/WYHQApLLQsmQ5sGTQdiucg,croydon-pennsylvania
https://www.ubereats.com/philadelphia/food-delivery/panera-2605-street-road/KoeC7L7_Q1u8hsDfzfx1lw,croydon-pennsylvania
https://www.ubereats.com/philadelphia/food-delivery/kyoto-sushi-%26-japanese-steakhouse/XjMaUQyHQZqj_svGuVkgmw,croydon-pennsylvania
https://www.ubereats.com/philadelphia/food-delivery/crack-crab/G51r4as_STqQzC5AAXIDGw,croydon-pennsylvania
https://www.ubereats.com/philadelphia/food-delivery/wit-or-witout/6_gXFBQVQdqGVZwgd3r-nQ,croydon-pennsylvania
https://www.ubereats.com/philadelphia/food-delivery/subway-4364-route-130-north/8F8Nl3v5RLC4RzNEC2B_lA,croydon-pennsylvania
https://www.ubereats.com/philadelphia/food-delivery/baja-fresh-feasterville-trevose/hEl0A53aQuKTacVEQXFwWg,croydon-pennsylvania
https://www.ubereats.com/new-jersey/food-delivery/crab-du-jour-langhorne/DHahrOMIQiupB9trgCSUpA,croydon-pennsylvania
https://www.ubereats.com/philadelphia/food-delivery/wendys-4361-us-rt-130-south/MjjgIHaCTMOh_shy7dMl3w,croydon-pennsylvania
https://www.ubereats.com/philadelphia/food-delivery/mcdonalds-4057-route-130/ODc2h4v_SDuIilFwEIQsRA,croydon-pennsylvania
https://www.ubereats.com/philadelphia/food-delivery/dunkin-1255-e-old-lincoln-highway/guFOwTRrRvuNrMsfq4Tlrw,croydon-pennsylvania
https://www.ubereats.com/philadelphia/food-delivery/taco-bell-4006-route-130/I7BlvvQcQNOPXI5ntvN_lw,croydon-pennsylvania
https://www.ubereats.com/new-jersey/food-delivery/enigma-mediterranean-turkish-cuisine/DoEkuO3PSVuhK5ka4SqqfQ,croydon-pennsylvania
https://www.ubereats.com/philadelphia/food-delivery/perkins-restaurant-%26-bakery-grant-ave/B-0_MA2iSQmYj8-EGw4BMA,croydon-pennsylvania
https://www.ubereats.com/philadelphia/food-delivery/saffran-steak-house/D3T4PXRSQ2SxuTExSLT8gw,croydon-pennsylvania
https://www.ubereats.com/new-jersey/food-delivery/lous-farm-mart/uby744amToOvGaWU1JqFmg,croydon-pennsylvania
https://www.ubereats.com/philadelphia/food-delivery/california-tortilla-langhorne/JUOGXJ6hTUKMHMCdOkwSPA,croydon-pennsylvania
https://www.ubereats.com/philadelphia/food-delivery/dunkin-1159-veterans-highway/WiEouO0iSBKqSGVwLW58JQ,croydon-pennsylvania
https://www.ubereats.com/philadelphia/food-delivery/wendys-2041-street-rd/DzkNQo9xSParxGmyd2Iufw,croydon-pennsylvania
https://www.ubereats.com/philadelphia/food-delivery/taranovas-pizza-and-pasta/ga0F-zRaTZ2xnnWc2CrK8w,croydon-pennsylvania
https://www.ubereats.com/philadelphia/food-delivery/chipotle-mexican-grill-10-centerton-rd/Nzyy4jykQqy2AqJSbHur4Q,croydon-pennsylvania
https://www.ubereats.com/philadelphia/food-delivery/philly-bar-%26-restaurant/FfGo0Jp_TVGvB1TwPM-71Q,croydon-pennsylvania
https://www.ubereats.com/philadelphia/food-delivery/ihop-10740-roosevelt-blvd/bEpV6piASnK6922tf2dWIA,croydon-pennsylvania
https://www.ubereats.com/new-jersey/food-delivery/starbucks-delran/oHiOKxNRR_-DHNtrXrPANA,croydon-pennsylvania
https://www.ubereats.com/philadelphia/food-delivery/306-bonefish-grill-500-oxford-valley-road/rxT27hEkRjiN6Y3LOcg0AQ,croydon-pennsylvania
https://www.ubereats.com/philadelphia/food-delivery/asia-mix-restaurant/-q8_g01zTt6buxJlijKW0w,croydon-pennsylvania
https://www.ubereats.com/philadelphia/food-delivery/little-rockys-pizza/cA764j8FSQG0Nq60s-yZZw,croydon-pennsylvania
https://www.ubereats.com/philadelphia/food-delivery/applebees-3219-street-road/9bvpWibQTASjEnLitCoTZA,croydon-pennsylvania
https://www.ubereats.com/philadelphia/food-delivery/la-mexicana-224-bristol-pike/_k_5p_W9T9yIhijkPWKCaA,croydon-pennsylvania
https://www.ubereats.com/new-jersey/food-delivery/applebees-3219-street-road/9bvpWibQTASjEnLitCoTZA,croydon-pennsylvania
https://www.ubereats.com/philadelphia/food-delivery/cold-stone-creamery-4270-dearborn-circle/6LEv4jqAQZG3OHDKzfC17w,croydon-pennsylvania
https://www.ubereats.com/philadelphia/food-delivery/slacks-hoagie-shack-fairless-hills/xzq5rgMZQV-3fkqvmhZINQ,croydon-pennsylvania
https://www.ubereats.com/philadelphia/food-delivery/gleasons-pub/m6RStHcpQ-CgVuzLefvuVA,croydon-pennsylvania
https://www.ubereats.com/new-jersey/food-delivery/top-it-frozen-yogurt-cafe/sn-rLoY1QkyPXy9Fb5v6mQ,croydon-pennsylvania
https://www.ubereats.com/new-jersey/food-delivery/melt-shop-lincoln-plaza/HZX1OS28RyuVngE-GzKLtw,croydon-pennsylvania
https://www.ubereats.com/new-jersey/food-delivery/auntie-annes-1455-franklin-mills-cir/YY0smNeQR2eVuc2PCgZeXg,croydon-pennsylvania
https://www.ubereats.com/philadelphia/food-delivery/mcdonalds-philly-8901frank/B-fQpJrRT0O56S8ugih8Ig,croydon-pennsylvania
https://www.ubereats.com/philadelphia/food-delivery/manhattan-bagel-philadelphia/IGP9uerXTK6zq5vi848CXg,croydon-pennsylvania
https://www.ubereats.com/philadelphia/food-delivery/ruby-tuesday-1440-east-lincoln-highway/yRVdZfy8R-mlgOU2-vyNVQ,croydon-pennsylvania
https://www.ubereats.com/philadelphia/food-delivery/dairy-queen-grill-%26-chill-922-2nd-street-pike/AGEboOydTRSZbFfHDloNrA,croydon-pennsylvania
https://www.ubereats.com/philadelphia/food-delivery/chick-fil-a-1525-street-rd/YCWnDiS4QZSWzEfLBoxpHQ,croydon-pennsylvania
https://www.ubereats.com/philadelphia/food-delivery/taco-bell-185-levittown-parkway/Bg1MKcW-Ri-9hnwtgnaWkQ,croydon-pennsylvania
https://www.ubereats.com/philadelphia/food-delivery/kfc-9021-frankford-avenue/jNhZyyq4RN6OIsccQD6ykA,croydon-pennsylvania
https://www.ubereats.com/philadelphia/food-delivery/dunkin-9240-state-rd/Dm6FOk1iTwWl-MPWp_IUKw,croydon-pennsylvania
https://www.ubereats.com/new-jersey/food-delivery/asia-mix-restaurant/-q8_g01zTt6buxJlijKW0w,croydon-pennsylvania
https://www.ubereats.com/philadelphia/food-delivery/little-caesars-400-john-f-kennedy-way/MudOQsRlSq-4p1bCJhNPcQ,croydon-pennsylvania
https://www.ubereats.com/philadelphia/food-delivery/dunkin-320-beverly-rancocas-rd/Ky9bCOvKRaeSizLOXaGsyQ,croydon-pennsylvania
https://www.ubereats.com/philadelphia/food-delivery/wawa-165-4662-bensalem-blvd-%26-ford-ave/YL6QlNlnQcul2WJQJQ2DNA,croydon-pennsylvania
https://www.ubereats.com/philadelphia/food-delivery/mcdonalds-levittown/Zf7bXF2-TWypSHFTz2RPUA,croydon-pennsylvania
https://www.ubereats.com/philadelphia/food-delivery/peachwave-of-mount-laurel/FD0ZnwTZQt2EO2UFvYBSLA,croydon-pennsylvania
https://www.ubereats.com/philadelphia/food-delivery/currans-irish-inn-bensalem/48xhVE7dQS-GbzeuJzuUFQ,croydon-pennsylvania
https://www.ubereats.com/new-jersey/food-delivery/popeyes-169-levittown-pkwy/Cv5Q_YY8SHS2yo6BtUAyyw,croydon-pennsylvania
https://www.ubereats.com/philadelphia/food-delivery/zhangs-new-china-house/CQVfR40jQIa6Rpb4kD8dYg,croydon-pennsylvania
https://www.ubereats.com/philadelphia/food-delivery/redz-bar-%26-grill/VU3usvP0RImXZvEa-LZMnw,croydon-pennsylvania
https://www.ubereats.com/new-jersey/food-delivery/saffran-steak-house/D3T4PXRSQ2SxuTExSLT8gw,croydon-pennsylvania
https://www.ubereats.com/new-jersey/food-delivery/krispy-kreme-1729-street-road/HspTmGQfSCq6x1ti9jKOgQ,croydon-pennsylvania
https://www.ubereats.com/philadelphia/food-delivery/dunkin-330-w-route-130/OzeWH5B_SPek7yD1VSzQ4A,croydon-pennsylvania
https://www.ubereats.com/new-jersey/food-delivery/k-pot-korean-bbq-%26-hot-pot/zY-iwy5yQfKLUSnlra1-wQ,croydon-pennsylvania
https://www.ubereats.com/philadelphia/food-delivery/aya-kitchen/2J27j92-RkSHKhM66CVFpQ,croydon-pennsylvania
https://www.ubereats.com/philadelphia/food-delivery/mcdonalds-philly-bustleton/83WVPuKlTjewEOM3CYsfyg,croydon-pennsylvania
https://www.ubereats.com/philadelphia/food-delivery/crafty-crab/7g4b2onOSyWf3_jmm30otA,croydon-pennsylvania
https://www.ubereats.com/philadelphia/food-delivery/wendys-2103-mount-holly-rd/gaw-gnsKROyxhHlhiBDzvQ,croydon-pennsylvania
https://www.ubereats.com/philadelphia/food-delivery/tastyland-kitchen/VjzYMcqDQuygp5pth1H3EQ,croydon-pennsylvania
https://www.ubereats.com/philadelphia/food-delivery/taco-bell-9990-roosevelt-blvd/97tDxZhCTGGwgfZOrkNn_A,croydon-pennsylvania
https://www.ubereats.com/philadelphia/food-delivery/papa-johns-516-high-street/8m98tfExR0W5V1CjRG7qMA,croydon-pennsylvania
https://www.ubereats.com/philadelphia/food-delivery/subway-2376-st-rd/rbX09489TnigsYEX63PhBA,croydon-pennsylvania
https://www.ubereats.com/philadelphia/food-delivery/millers-ale-house-philadelphia/-6SJUhUsSqmVZ_6ScEwWww,croydon-pennsylvania
https://www.ubereats.com/philadelphia/food-delivery/papa-johns-600-john-f-kennedy-way/HWilZETYRGqrVEROZyHkpQ,croydon-pennsylvania
https://www.ubereats.com/philadelphia/food-delivery/ihop-2703-mount-holly-road-suite-4/PYfP9Q2DQJ29O4_eFyh6Fw,croydon-pennsylvania
https://www.ubereats.com/new-jersey/food-delivery/la-choza-restaurant-latin-cuisine%26banquet-hall/HvzpvscnQgynIC5i6Rt8bw,croydon-pennsylvania
https://www.ubereats.com/new-jersey/food-delivery/metro-diner-langhorne/un_5sr7SS6e7DZthCUyRXw,croydon-pennsylvania
https://www.ubereats.com/philadelphia/food-delivery/mcdonalds-new-rodgers-rd-relo/xpTXdGpUQKuVPTvVGzgJqg,croydon-pennsylvania
https://www.ubereats.com/philadelphia/food-delivery/mythai-kitchen/A-96meu8QOOJ2DCHq9qNuA,croydon-pennsylvania
https://www.ubereats.com/philadelphia/food-delivery/cucina-di-pirone/UL-QgtHHT4yjFqNlv3_1lw,croydon-pennsylvania
https://www.ubereats.com/philadelphia/food-delivery/langhorne-burgers/apBnYdtaTkqldfRDxDv9dQ,croydon-pennsylvania
https://www.ubereats.com/philadelphia/food-delivery/seafood-haven-llc/1fn_MuuRTL6TOj3vW_OIqw,croydon-pennsylvania
https://www.ubereats.com/new-jersey/food-delivery/philly-pretzel-factory-academy-rd/ZESvh3pARXWiLTLFZjZogw,croydon-pennsylvania
https://www.ubereats.com/philadelphia/food-delivery/petra-market/yGv29FjbSQKCC83VLqcqTQ,croydon-pennsylvania
https://www.ubereats.com/philadelphia/food-delivery/primohoagies-542-andrews-rd/AptiwUdjQvuU42-yrpPKuQ,croydon-pennsylvania
https://www.ubereats.com/new-jersey/food-delivery/peachwave-of-mount-laurel/FD0ZnwTZQt2EO2UFvYBSLA,croydon-pennsylvania
https://www.ubereats.com/philadelphia/food-delivery/apollos-family-pizzeria/wiauvz6VRo-a_I1dqBJhOw,croydon-pennsylvania
https://www.ubereats.com/philadelphia/food-delivery/honest-restaurant/VhqCvwArTVmYj23md8Vong,croydon-pennsylvania
https://www.ubereats.com/philadelphia/food-delivery/carluccis-waterfront/Bkm_-iAhTzChz0oUIrpekQ,croydon-pennsylvania
https://www.ubereats.com/philadelphia/food-delivery/wendys-399-franklin-mills-blvd/9dNvlSJsSpa8sFdXqfUmIA,croydon-pennsylvania
https://www.ubereats.com/philadelphia/food-delivery/prospectors-steakhouse-%26-saloon/Fay6ge2TQOe-rY1g4my3tQ,croydon-pennsylvania
https://www.ubereats.com/philadelphia/food-delivery/stolis-steaks/-vHPNrvyTseRnsLZFBbV-w,croydon-pennsylvania
https://www.ubereats.com/philadelphia/food-delivery/marcellos-coal-fired-restaurant-pizza/N2G88DGNQWqFKtWpd_SZcw,croydon-pennsylvania
https://www.ubereats.com/new-jersey/food-delivery/apollos-family-pizzeria/wiauvz6VRo-a_I1dqBJhOw,croydon-pennsylvania
https://www.ubereats.com/philadelphia/food-delivery/belly-busters/YFUcCYZFSTWp7hID858fCw,croydon-pennsylvania
https://www.ubereats.com/new-jersey/food-delivery/petra-market/yGv29FjbSQKCC83VLqcqTQ,croydon-pennsylvania
https://www.ubereats.com/philadelphia/food-delivery/ruby-tuesday-4011-dearborn-circle/52gHrFlGSUuFH_13Ir7acQ,croydon-pennsylvania
https://www.ubereats.com/new-jersey/food-delivery/applebees-2018-burlington-mount-holly-rd-%2395058/44bEuvh5TneEllFf8DEfDA,croydon-pennsylvania
https://www.ubereats.com/philadelphia/food-delivery/osaki/sHdX5bX_StiZNFCutESjOw,croydon-pennsylvania
https://www.ubereats.com/philadelphia/food-delivery/carnival-iii-pizza/xsbSKwz7S8iKBbyW4uH-eA,croydon-pennsylvania
https://www.ubereats.com/philadelphia/food-delivery/philly-it-cheesesteaks/yCfacmGLTXWnkHc_vD3QTA,croydon-pennsylvania
https://www.ubereats.com/philadelphia/food-delivery/dunkin-4001-new-rodgers-rd/18Kq-PGURyStdQ4nAoVm3A,croydon-pennsylvania
https://www.ubereats.com/philadelphia/food-delivery/brickhouse-bar-%26-grill/WofiDiOJQxSEsNLbAM7NVw,croydon-pennsylvania
https://www.ubereats.com/new-jersey/food-delivery/arirang-hibachi-steakhouse-langhorne/xCGATzcLRO-t7DO-Hb2-hw,croydon-pennsylvania
https://www.ubereats.com/new-jersey/food-delivery/babagrill/vKJrAnAxQZiLvjdUjWrH_w,croydon-pennsylvania
https://www.ubereats.com/philadelphia/food-delivery/friendlys-106-neshaminy-mall/9PNNGdIrR4e2s56stnzWcA,croydon-pennsylvania
https://www.ubereats.com/philadelphia/food-delivery/sandys-beef-%26-ale/8HD5yRohS3K16LmIEt22EQ,croydon-pennsylvania
https://www.ubereats.com/philadelphia/food-delivery/sals-pizzeria/CQs6203oSZ66D8LUnZvS9A,croydon-pennsylvania
https://www.ubereats.com/philadelphia/food-delivery/tgi-fridays-629-bensalem-pa/sEeoLJNoQUqEIGX8uSv6GQ,croydon-pennsylvania
https://www.ubereats.com/new-jersey/food-delivery/nicks-roast-beef-woodhaven/A3adrhvWQce_ELRgU3CmYg,croydon-pennsylvania
https://www.ubereats.com/philadelphia/food-delivery/mcdonalds-bensalem-st-rd/0TlCJuKHTwiicrhOLnUDsQ,croydon-pennsylvania
https://www.ubereats.com/philadelphia/food-delivery/friendlys-1462-e-lincoln-hwy/4ovJyzSKRSm3xhwpzioI3Q,croydon-pennsylvania
https://www.ubereats.com/new-jersey/food-delivery/buffalo-wild-wings-2763-e-lincoln-hwy/Em9O2wVETsKf4Lpj9cJ6Tw,croydon-pennsylvania
https://www.ubereats.com/philadelphia/food-delivery/asian-chopsticks/3Jn6qChrSVifnxmCOHD5Pg,croydon-pennsylvania
https://www.ubereats.com/new-jersey/food-delivery/ihop-110-lincoln-hwy-suite-%231/lc5ZxOI3SvWEBL0mvki4Cw,croydon-pennsylvania
https://www.ubereats.com/philadelphia/food-delivery/mcdonalds-woodhaven-plaza/y4GEWfTETOOwU-0Brj1Yew,croydon-pennsylvania
https://www.ubereats.com/philadelphia/food-delivery/wawa-382-1814-salem-rd/FwjOHKa9S7qfw6tQH6sFTQ,croydon-pennsylvania
https://www.ubereats.com/philadelphia/food-delivery/philly-style-soft-pretzel/c1Kx4vrWT2aQpTtRJc8l0g,croydon-pennsylvania
https://www.ubereats.com/philadelphia/food-delivery/kabobi/J5skPbJmRbSIIB5RyBeLXQ,croydon-pennsylvania
https://www.ubereats.com/philadelphia/food-delivery/dennys-640-e-lincoln-hwy/5Ef9hxMVToeVUONn1W-X4w,croydon-pennsylvania
https://www.ubereats.com/philadelphia/food-delivery/leos-proper-burger/IKWtskJARw-vAVGjsVK1hA,croydon-pennsylvania
https://www.ubereats.com/philadelphia/food-delivery/muscle-maker-grill-grant-ave/kRz8GDH_QH6N9S6x0aqYbQ,croydon-pennsylvania
https://www.ubereats.com/philadelphia/food-delivery/napolis-pizzeria/gGjHq7CFREqEthJ4KCj4nA,croydon-pennsylvania
https://www.ubereats.com/philadelphia/food-delivery/hong-kong-star-noodle-house/WGHmtUYxSzezgZ7KkCU71A,croydon-pennsylvania
https://www.ubereats.com/philadelphia/food-delivery/wings-to-go-fairless-hills-513-s-oxford-valley-rd/BrtonQ_cRj2bNPvIRmZXEw,croydon-pennsylvania
https://www.ubereats.com/philadelphia/food-delivery/bagelati/UY2zeE_rRKKC2EtH6ADUaA,croydon-pennsylvania
https://www.ubereats.com/philadelphia/food-delivery/wendys-3413-horizon-blvd/B_5x-2rWR2WW_JSKfZXA3w,croydon-pennsylvania
https://www.ubereats.com/philadelphia/food-delivery/golden-eagle-diner/GwZGK_tQQ8Gbi2bWIGaSMA,croydon-pennsylvania
https://www.ubereats.com/philadelphia/food-delivery/california-tortilla-red-lion/Ed-xVJ3JSHuSxnddidSg-w,croydon-pennsylvania
https://www.ubereats.com/philadelphia/food-delivery/state-street-kitchen/uVydSHVfRLCHNpeMnfFlgA,croydon-pennsylvania
https://www.ubereats.com/philadelphia/food-delivery/blue-fig-cafe/tC9_RpxHSu29_OIgNrtgYw,croydon-pennsylvania
https://www.ubereats.com/philadelphia/food-delivery/dunkin-200-lincoln-hwy/5DHqTMIBT0uepktQ_jVtbA,croydon-pennsylvania
https://www.ubereats.com/philadelphia/food-delivery/red-robin-105-610-middletown-blvd/Q_YGSrTwTLWsCF9FYthF0A,croydon-pennsylvania
https://www.ubereats.com/new-jersey/food-delivery/golden-corral-1465-street-road/o3tqokr8QMWbaDjwI7CxjA,croydon-pennsylvania
https://www.ubereats.com/philadelphia/food-delivery/murphys-beef-%26-ale/_s0HbMNnQIOmHKYx3LbVeg,croydon-pennsylvania
https://www.ubereats.com/philadelphia/food-delivery/mcdonalds-penndel/zjFf4P77SfecHqY8B6y8lA,croydon-pennsylvania
https://www.ubereats.com/new-jersey/food-delivery/kfc-432-lincoln-hwy/7MnUVL39T5e8t1zpwNwKDA,croydon-pennsylvania
https://www.ubereats.com/philadelphia/food-delivery/wing-squad-bensalem/caGRwRV3SDa3jkm0MRFDfA,croydon-pennsylvania
https://www.ubereats.com/philadelphia/food-delivery/mcdonalds-feasterville/6ksOGSCgQ6aNyuj0o56qmQ,croydon-pennsylvania
https://www.ubereats.com/philadelphia/food-delivery/bertuccis-langhorne/qdgOLjkqQaqJfg2MbO2GLQ,croydon-pennsylvania
https://www.ubereats.com/philadelphia/food-delivery/burger-king-2802-us-130/gYK1mpJITqOcSRSly22Jow,croydon-pennsylvania
https://www.ubereats.com/philadelphia/food-delivery/pizza-hut-798-woodlane-rd-unit-%2315/VS8n9oM0RbeEGVKd2dFG6w,croydon-pennsylvania
https://www.ubereats.com/philadelphia/food-delivery/jersey-mikes-subs-182-w-street-rd/65bCSm7aR0C3U_3LdQJTtw,croydon-pennsylvania
https://www.ubereats.com/philadelphia/food-delivery/nicks-roast-beef-woodhaven/A3adrhvWQce_ELRgU3CmYg,croydon-pennsylvania
https://www.ubereats.com/new-jersey/food-delivery/bob-evans-172-1369-bristol-pike/EpG88tHtRyyQSyRCGf071Q,croydon-pennsylvania
https://www.ubereats.com/philadelphia/food-delivery/wawa-8361-1911-taylor-lane/LaI4_tQHS_GVWRFi17w5Ww,croydon-pennsylvania
https://www.ubereats.com/philadelphia/food-delivery/gunpowder-cafe/9apbv-Y0SGm3CnDlt_JS8w,croydon-pennsylvania
https://www.ubereats.com/new-jersey/food-delivery/paddy-whacks-irish-sports-pub-welsh-rd/A1WDm2KORQqc4MrLCQc1WQ,croydon-pennsylvania
https://www.ubereats.com/philadelphia/food-delivery/papa-johns-street-road/IAttSs8sQpS0-m3trJJ4Zw,croydon-pennsylvania
https://www.ubereats.com/philadelphia/food-delivery/sunrise-diner-and-restaurant/RXptvGCxRJeU622IcA6TBg,croydon-pennsylvania
https://www.ubereats.com/philadelphia/food-delivery/five-guys-pa-1329-2552-grant-ave/ujXwbAs9Qcu2aoo_sIuHYQ,croydon-pennsylvania
https://www.ubereats.com/philadelphia/food-delivery/richmans-ice-cream-and-burger-co-levittown/LpW_4IS6ReKtfJSz4PMltw,croydon-pennsylvania
https://www.ubereats.com/philadelphia/food-delivery/b-unos-burlington/3d237zRPSj2gpi4ufeJUPg,croydon-pennsylvania
https://www.ubereats.com/philadelphia/food-delivery/steak-and-hoagie-factory-levittown/l45QwI6lQhajzKP4t8GV9A,croydon-pennsylvania
https://www.ubereats.com/philadelphia/food-delivery/wing-squad-langhorne/TK6_bImcTRODWDg8gdp1zg,croydon-pennsylvania
https://www.ubereats.com/philadelphia/food-delivery/dunkin-1866-brownsville-rd/wEvPFa1FQYyWiN13VQwhrQ,croydon-pennsylvania
https://www.ubereats.com/philadelphia/food-delivery/darby-ogills/DYDTq8JPSgq-CuI8EQ1MJw,croydon-pennsylvania
https://www.ubereats.com/philadelphia/food-delivery/saladworks-feasterville/naVeV9rcRlqU_Jn-Hc0eBw,croydon-pennsylvania
https://www.ubereats.com/new-jersey/food-delivery/starbucks-grant-%26-academy/9rCmorM1Qmurf9QZJGwJJw,croydon-pennsylvania
https://www.ubereats.com/new-jersey/food-delivery/kfc-4218-route-130/FqmNLRERRmu61P0XlU5vvQ,croydon-pennsylvania
https://www.ubereats.com/philadelphia/food-delivery/taco-bell-500-commerce-blvd/mF90sOsKRuaTOgRJMtc0zg,croydon-pennsylvania
https://www.ubereats.com/philadelphia/food-delivery/delhi-woks/BS-3U2p7QhecV3lb_VwSnA,croydon-pennsylvania
https://www.ubereats.com/philadelphia/food-delivery/red-lobster-2275-e-lincoln-highway/JNwD0WuUReyHee0K6VG4GA,croydon-pennsylvania
https://www.ubereats.com/philadelphia/food-delivery/burger-king-90-franklin-mills-boulevard/1rCtYlsVQdSqRbwE1g7ekw,croydon-pennsylvania
https://www.ubereats.com/philadelphia/food-delivery/richmans-ice-cream-%26-burger-co/RUh_pCtCRL6jMOM9Jy5c5Q,croydon-pennsylvania
https://www.ubereats.com/philadelphia/food-delivery/ihop-110-lincoln-hwy-suite-%231/lc5ZxOI3SvWEBL0mvki4Cw,croydon-pennsylvania
https://www.ubereats.com/new-jersey/food-delivery/indian-nosh-bar-%26-grill/wdCd-waWRE6TR_bYCpLx_Q,croydon-pennsylvania
https://www.ubereats.com/philadelphia/food-delivery/five-guys-pa-1146-125-e-street-rd/0BgNIPl5TYe3qR4YIqIq7g,croydon-pennsylvania
https://www.ubereats.com/philadelphia/food-delivery/brothers-pizza/l9_BUQIOQh-BgiFwci3Vww,croydon-pennsylvania
https://www.ubereats.com/philadelphia/food-delivery/popeyes-169-levittown-pkwy/Cv5Q_YY8SHS2yo6BtUAyyw,croydon-pennsylvania
https://www.ubereats.com/new-jersey/food-delivery/metro-diner-bensalem/-cbGUv7QSbOD5MKCIv0-tA,croydon-pennsylvania
https://www.ubereats.com/philadelphia/food-delivery/amys-omelette-house-burlington/qimKl5JpSamGUpnmQCmq0Q,croydon-pennsylvania
https://www.ubereats.com/new-jersey/food-delivery/krispy-krunchy-chicken-300-charleston-rd/6QXdC7SpQtu28CkVqNkjbg,croydon-pennsylvania
https://www.ubereats.com/philadelphia/food-delivery/fop-lodge-5/4kBqRba8QbeB9jC92k5v6w,croydon-pennsylvania
https://www.ubereats.com/philadelphia/food-delivery/lees-hoagie-house/pe3EqQBHT6uk44qIrhfoOg,croydon-pennsylvania
https://www.ubereats.com/new-jersey/food-delivery/bagelati/UY2zeE_rRKKC2EtH6ADUaA,croydon-pennsylvania
https://www.ubereats.com/philadelphia/food-delivery/applebees-2018-burlington-mount-holly-rd-%2395058/44bEuvh5TneEllFf8DEfDA,croydon-pennsylvania
https://www.ubereats.com/new-jersey/food-delivery/crafty-crab/7g4b2onOSyWf3_jmm30otA,croydon-pennsylvania
https://www.ubereats.com/philadelphia/food-delivery/baileys-bar-%26-grille/4E8htBO_TVGWLi7SwcT7rQ,croydon-pennsylvania
https://www.ubereats.com/philadelphia/food-delivery/dunkin-5007-bristol-pike/KdeZslyzTNa8Q46V8QLZ4A,croydon-pennsylvania
https://www.ubereats.com/philadelphia/food-delivery/zara-halal-grill/KisCoRnrQ0G0-msmRcORvA,croydon-pennsylvania
https://www.ubereats.com/philadelphia/food-delivery/little-istanbul-restaurant/A1xwfjbFRe6EU96KYgBndw,croydon-pennsylvania
https://www.ubereats.com/philadelphia/food-delivery/mamma-mia-trattoria/oaM08RfxQiaZJ6eIB0nN5A,croydon-pennsylvania
https://www.ubereats.com/philadelphia/food-delivery/dunkin-100-springside-rancocas-rd/JWmukOk4SDmG_o-wCjCcRA,croydon-pennsylvania
https://www.ubereats.com/philadelphia/food-delivery/dunkin-4046-woodhaven-blvd/3pX6VadKThuuU1FG2C0bBA,croydon-pennsylvania
https://www.ubereats.com/philadelphia/food-delivery/bagelocity-%26-the-soup-king-cafe/cs56TrfLQqO1L_2rl_jEMw,croydon-pennsylvania
https://www.ubereats.com/philadelphia/food-delivery/hunan-delight/SYtodufCRXa4dAzq_lB-Ag,croydon-pennsylvania
https://www.ubereats.com/philadelphia/food-delivery/macaronis/yAsbPvhDR2O8M2m8m2wadg,croydon-pennsylvania
https://www.ubereats.com/philadelphia/food-delivery/quaker-steak-%26-lube-2900-street-road/8bx_pXMjTImS1HTbl-jg7w,croydon-pennsylvania
https://www.ubereats.com/philadelphia/food-delivery/primohoagies-3111-state-hwy-no-38-w/DORqGcdBQ1-p26x2fNutIg,croydon-pennsylvania
https://www.ubereats.com/philadelphia/food-delivery/bertuccis-3617-horizon-blvd/QuMIZAdKQ72umXIrA2wKZw,croydon-pennsylvania
https://www.ubereats.com/philadelphia/food-delivery/nartis-pizza/5-PcVP58RrGneX3CtW-roA,croydon-pennsylvania
https://www.ubereats.com/philadelphia/food-delivery/hibachi%26poke-express/jbWwKWrASFG4kqVvR7R5Sw,croydon-pennsylvania
https://www.ubereats.com/philadelphia/food-delivery/indian-hut-bensalem/V_oj20WhRBS9QX_1n1FWyQ,croydon-pennsylvania
https://www.ubereats.com/philadelphia/food-delivery/ritas-of-grant-avenue-1709-grant-ave/_ij35M6OSUmqlqtbLCcGfw,croydon-pennsylvania
https://www.ubereats.com/philadelphia/food-delivery/enigma-mediterranean-turkish-cuisine/DoEkuO3PSVuhK5ka4SqqfQ,croydon-pennsylvania
https://www.ubereats.com/philadelphia/food-delivery/primohoagies-611-w-route-130/oYgM_koEQum3BcCothH0DA,croydon-pennsylvania
https://www.ubereats.com/new-jersey/food-delivery/boston-market-360-n-oxford-valley-road/X6HDx0U_TZi3JTsDs8T9VA,croydon-pennsylvania
https://www.ubereats.com/new-jersey/food-delivery/carluccis-waterfront/Bkm_-iAhTzChz0oUIrpekQ,croydon-pennsylvania
https://www.ubereats.com/philadelphia/food-delivery/millers-ale-house-langhorne/WYRPFqepQZCYkJWpDuNbZA,croydon-pennsylvania
https://www.ubereats.com/philadelphia/food-delivery/benny-the-bums/c8iEvhtxQM6BuBwAYMD9SQ,croydon-pennsylvania
https://www.ubereats.com/philadelphia/food-delivery/auntie-annes-1568-franklin-mills-cir-space-647/Y4n5eCMqTBq7_UlFSQuCaA,croydon-pennsylvania
https://www.ubereats.com/philadelphia/food-delivery/saladworks-1321b-fairview-blvd/sTJ6OHRHTayrl95CRIt6dg,croydon-pennsylvania
https://www.ubereats.com/philadelphia/food-delivery/dagwoods-pub/UiHbhQO2RB6MYtjdakdYWQ,croydon-pennsylvania
https://www.ubereats.com/philadelphia/food-delivery/khan-grill/n1N0jCt-Q7ugEDUoYSCT2A,croydon-pennsylvania
https://www.ubereats.com/philadelphia/food-delivery/sol-sazon/WXWX5Ke-SbuopujVYXyMqg,croydon-pennsylvania
https://www.ubereats.com/philadelphia/food-delivery/melts-wing-shop-langhorne/7lZ7apxpRkqPKTip1aOf0Q,croydon-pennsylvania
https://www.ubereats.com/philadelphia/food-delivery/chipotle-mexican-grill-2307-street-rd/vsRXZfwaSR2s6g_U0Mk_BQ,croydon-pennsylvania
https://www.ubereats.com/philadelphia/food-delivery/kings-kitchen/GkhoYagdRFCR5pjPZVU7cg,croydon-pennsylvania
https://www.ubereats.com/philadelphia/food-delivery/primohoagies-2417-welsh-rd-ste-12/D07xT14sQoi5NvBc6TjRcw,croydon-pennsylvania
https://www.ubereats.com/new-jersey/food-delivery/philly-style-soft-pretzel/c1Kx4vrWT2aQpTtRJc8l0g,croydon-pennsylvania
https://www.ubereats.com/philadelphia/food-delivery/krispy-krunchy-chicken-300-charleston-rd/6QXdC7SpQtu28CkVqNkjbg,croydon-pennsylvania
https://www.ubereats.com/philadelphia/food-delivery/jamaics-caribbean-cuisine/hyRHRfgKReaW2jqaLO4tLw,croydon-pennsylvania
https://www.ubereats.com/philadelphia/food-delivery/chipotle-mexican-grill-3580-horizon-blvd/p9QT7tipQcicyOpGUCiZjQ,croydon-pennsylvania
https://www.ubereats.com/philadelphia/food-delivery/american-crab/9UO0xSr9QZmhUfFH13zwlg,croydon-pennsylvania
https://www.ubereats.com/philadelphia/food-delivery/jersey-diner/F1rt2miCRduPOepzePvJ7A,croydon-pennsylvania
https://www.ubereats.com/philadelphia/food-delivery/giovannis/uBgqwBuNRXufHemi14SBjg,croydon-pennsylvania
https://www.ubereats.com/philadelphia/food-delivery/buffalo-wild-wings-2763-e-lincoln-hwy/Em9O2wVETsKf4Lpj9cJ6Tw,croydon-pennsylvania
https://www.ubereats.com/philadelphia/food-delivery/smokerhead-bbq/LfvHNAcnRSW2tYFKTYvcMg,croydon-pennsylvania
https://www.ubereats.com/philadelphia/food-delivery/bottlecaps-bar/8poapx9oREm-SnwaaqjrFQ,croydon-pennsylvania
https://www.ubereats.com/philadelphia/food-delivery/lous-farm-mart/uby744amToOvGaWU1JqFmg,croydon-pennsylvania
https://www.ubereats.com/philadelphia/food-delivery/arirang-hibachi-steakhouse-langhorne/xCGATzcLRO-t7DO-Hb2-hw,croydon-pennsylvania
https://www.ubereats.com/philadelphia/food-delivery/wingstop-9910-frankford-ave-%23262/63JdmOR7RQCA6ifRBYMrcw,croydon-pennsylvania
https://www.ubereats.com/new-jersey/food-delivery/starbucks-1509-east-lincoln-highway/vxrfjELlQUCKjabPIKLq5Q,croydon-pennsylvania
https://www.ubereats.com/philadelphia/food-delivery/on-the-grill/UaUAdroZQFCY1l4ou6Lyog,croydon-pennsylvania
https://www.ubereats.com/philadelphia/food-delivery/peking-tokyo-restaurant/-O4FiwCwTIOsPZQlC3tr5A,croydon-pennsylvania
https://www.ubereats.com/philadelphia/food-delivery/the-market-at-village-shires/6KND3k36SXmIpqZkyGA37A,croydon-pennsylvania
https://www.ubereats.com/philadelphia/food-delivery/dunkin-3101-marne-hwy/EoVt9c0HRRGICjPARpje7A,croydon-pennsylvania
https://www.ubereats.com/philadelphia/food-delivery/red-robin-336-3605-horizon-blvd/yJVwzyiLTLSyvD4l9Ekj-w,croydon-pennsylvania
https://www.ubereats.com/philadelphia/food-delivery/suds-cheesesteaks-n-beer/aPEz7d4lTTy9GtSCFFUraA,croydon-pennsylvania
https://www.ubereats.com/philadelphia/food-delivery/woks-cooking/SB95yaRATnK7goED0IKbYA,croydon-pennsylvania
https://www.ubereats.com/philadelphia/food-delivery/bob-evans-172-1369-bristol-pike/EpG88tHtRyyQSyRCGf071Q,croydon-pennsylvania
https://www.ubereats.com/philadelphia/food-delivery/wawa-8064-3341-grant-avenue/rr-mxALyT-W_jVkRG1YejQ,croydon-pennsylvania
https://www.ubereats.com/philadelphia/food-delivery/spice-rack/778YhEeuT3q5WwpID3_2CA,croydon-pennsylvania
https://www.ubereats.com/new-jersey/food-delivery/auntie-annes-1568-franklin-mills-cir-space-647/Y4n5eCMqTBq7_UlFSQuCaA,croydon-pennsylvania
https://www.ubereats.com/philadelphia/food-delivery/andres-gourmet-burgers-%26-steak-sandwiches/LHgyRvjZRradyfNWv2T4qg,croydon-pennsylvania
https://www.ubereats.com/philadelphia/food-delivery/wendys-1419-e-lincoln-highway/k48gAbeEQ0KbmEbYWdrOWA,croydon-pennsylvania
https://www.ubereats.com/philadelphia/food-delivery/ritas-italian-ice-2382-durham-rd/KBmykWkkRcGWN0QuzE3Viw,croydon-pennsylvania
https://www.ubereats.com/philadelphia/food-delivery/three-monkeys-cafe/GTps0YIhRKuARkRu4clXdg,croydon-pennsylvania
https://www.ubereats.com/philadelphia/food-delivery/dunkin-317-rancocas-rd/VeC26FgIQ9SzPxJMs5tgAQ,croydon-pennsylvania
https://www.ubereats.com/philadelphia/food-delivery/twist-frutti/epZRg8geRRGrz6LY2taLiQ,croydon-pennsylvania
https://www.ubereats.com/philadelphia/food-delivery/a%26s-pizza-and-pasta/hux9x68mQS-rhOaobAMGlg,croydon-pennsylvania
https://www.ubereats.com/philadelphia/food-delivery/friendlys-2369-street-rd/xYvQ8tV-Rm-sSEULy81VTg,croydon-pennsylvania
https://www.ubereats.com/philadelphia/food-delivery/la-choza-restaurant-latin-cuisine%26banquet-hall/HvzpvscnQgynIC5i6Rt8bw,croydon-pennsylvania
https://www.ubereats.com/philadelphia/food-delivery/italian-family-pizza/u88cft9dRHCVo5ITpCv6bg,croydon-pennsylvania
https://www.ubereats.com/philadelphia/food-delivery/mcdonalds-route-130-north-jackson-st/x3ijhv0zQIOfSMedJvF9IA,croydon-pennsylvania
https://www.ubereats.com/philadelphia/food-delivery/zeenos-pizza/dXHEal-nRBO15D7j8g4qkw,croydon-pennsylvania
https://www.ubereats.com/philadelphia/food-delivery/pasquallys-pizza-%26-wings-1283-e-lincoln-hwy/OJq98MYqQuOBHWMzZnZroA,croydon-pennsylvania
https://www.ubereats.com/philadelphia/food-delivery/pancheros-mexican-grill-4325-dearborn-circle/PtkA8G_wS_eubmZs15CBUw,croydon-pennsylvania
https://www.ubereats.com/new-jersey/food-delivery/jb-bakery/wy2NpDRHT9u1-OZfOo3W5w,croydon-pennsylvania
https://www.ubereats.com/philadelphia/food-delivery/taco-bell-909-2nd-street-pike/5O40jaP3TNaKkRkV_poKKw,croydon-pennsylvania
https://www.ubereats.com/philadelphia/food-delivery/kfc-4218-route-130/FqmNLRERRmu61P0XlU5vvQ,croydon-pennsylvania
https://www.ubereats.com/philadelphia/food-delivery/mcdonalds-fairless-hills/bT3_1LHVRwWoAlhqC8z4NQ,croydon-pennsylvania
https://www.ubereats.com/philadelphia/food-delivery/saladworks-360-north-oxford-valley-road/Boe50W1xT0aL-qkoYDNDeA,croydon-pennsylvania
https://www.ubereats.com/philadelphia/food-delivery/mcdonalds-5-points/HLzkRV4FT4SYe7d5AM6zGg,croydon-pennsylvania
https://www.ubereats.com/philadelphia/food-delivery/golden-corral-1465-street-road/o3tqokr8QMWbaDjwI7CxjA,croydon-pennsylvania
https://www.ubereats.com/philadelphia/food-delivery/tgi-fridays-636-mt-laurel/lB9c8j2mRd6FIQoat3D_mg,croydon-pennsylvania
https://www.ubereats.com/new-jersey/food-delivery/redhouse-bagels-bensalem/e6YAQxuFSqiC2yJ9SfUMMw,croydon-pennsylvania
https://www.ubereats.com/philadelphia/food-delivery/crystal-diner/LPzU5B-hQfWwaFnB2qH6Gw,croydon-pennsylvania
https://www.ubereats.com/philadelphia/food-delivery/saladworks-neshaminy-mall/sSYN9dY6TbWTMbdxjLqScg,croydon-pennsylvania
https://www.ubereats.com/philadelphia/food-delivery/chickies-%26-petes-roosevelt-blvd/feEoj8v_TcaFEUlxKZ5dVQ,croydon-pennsylvania
https://www.ubereats.com/philadelphia/food-delivery/melt-shop-lincoln-plaza/HZX1OS28RyuVngE-GzKLtw,croydon-pennsylvania
https://www.ubereats.com/philadelphia/food-delivery/subway-4000-veterans-hwy/PCGTQxRBQMiphlyUMmj8mA,croydon-pennsylvania
https://www.ubereats.com/new-jersey/food-delivery/philly-pretzel-factory-bensalem/jXw5X8kYRGeHLXtMZK5iwQ,croydon-pennsylvania
https://www.ubereats.com/philadelphia/food-delivery/the-captains-boil-1440-east-lincoln-highway/ODb75VknTaK5tbPoWYUN0g,croydon-pennsylvania
https://www.ubereats.com/philadelphia/food-delivery/taste-queen-restaurant/300saCkvTXik6zpgJp3kmg,croydon-pennsylvania
https://www.ubereats.com/philadelphia/food-delivery/auntie-annes-1455-franklin-mills-cir/YY0smNeQR2eVuc2PCgZeXg,croydon-pennsylvania
https://www.ubereats.com/philadelphia/food-delivery/king-china/AFE-oxkBQsyZ2MrM1iTdow,croydon-pennsylvania
https://www.ubereats.com/philadelphia/food-delivery/paddy-whacks-irish-sports-pub-welsh-rd/A1WDm2KORQqc4MrLCQc1WQ,croydon-pennsylvania
https://www.ubereats.com/philadelphia/food-delivery/bruno-s-pizza/kCcyL_LAQy64h20VwnwYcg,croydon-pennsylvania
https://www.ubereats.com/philadelphia/food-delivery/manhattan-bagel-feasterville/CSjb79Y2SVGoQXjtQd_NbQ,croydon-pennsylvania
https://www.ubereats.com/philadelphia/food-delivery/jacks-cold-cuts-1951-street-rd/NSa0rM_uQ0KuXVO8uCMGkA,croydon-pennsylvania
https://www.ubereats.com/philadelphia/food-delivery/red-lobster-3003-rt-130-s/V2uQCF7HRvyI_YJeoVYXIg,croydon-pennsylvania
https://www.ubereats.com/philadelphia/food-delivery/kings-kitchen/VBzzGujkTs-2YVLbes4Iig,croydon-pennsylvania
https://www.ubereats.com/philadelphia/food-delivery/starbucks-grant-%26-academy/9rCmorM1Qmurf9QZJGwJJw,croydon-pennsylvania
https://www.ubereats.com/philadelphia/food-delivery/redhouse-bagels-bensalem/e6YAQxuFSqiC2yJ9SfUMMw,croydon-pennsylvania
https://www.ubereats.com/philadelphia/food-delivery/primohoagies-360-n-oxford-valley-rd/OQlhj9xPQvaZMNd05OJr7A,croydon-pennsylvania
https://www.ubereats.com/philadelphia/food-delivery/kafe-kreyol/M3wxUSJ3Tvmat2JZ1oU4iQ,croydon-pennsylvania
https://www.ubereats.com/philadelphia/food-delivery/tgi-fridays-633-burlington-township-nj/Oiz4lTT1QJuTeMpWdexMTw,croydon-pennsylvania
https://www.ubereats.com/philadelphia/food-delivery/carrabbas-3210-tillman-drive/9C_K7OaUQjGucuw3X-MkwA,croydon-pennsylvania
https://www.ubereats.com/philadelphia/food-delivery/krispy-krunchy-chicken-2601-route-130-south/hmfNsbR2S4CSrEM-zxvSNw,croydon-pennsylvania
https://www.ubereats.com/philadelphia/food-delivery/renos-pizza-village/34M-M3SoRyewziN5Ye9qLA,croydon-pennsylvania
https://www.ubereats.com/philadelphia/food-delivery/hnt-chicken/GT1qOMDDTcmBKWS7-2KT8g,croydon-pennsylvania
https://www.ubereats.com/philadelphia/food-delivery/starbucks-1509-east-lincoln-highway/vxrfjELlQUCKjabPIKLq5Q,croydon-pennsylvania
https://www.ubereats.com/philadelphia/food-delivery/pizza-hut-4384-route-130/faPSrXM0QZSVZYItMkM1vw,croydon-pennsylvania
https://www.ubereats.com/philadelphia/food-delivery/mcdonalds-75-bristol-commerce-park/2NrI6KnKRnG65IUgFYT05g,croydon-pennsylvania
https://www.ubereats.com/philadelphia/food-delivery/peppis-pizza-%26-pasta/gZUCdj7XToyW1OCh3VpORA,croydon-pennsylvania
https://www.ubereats.com/philadelphia/food-delivery/babagrill/vKJrAnAxQZiLvjdUjWrH_w,croydon-pennsylvania
https://www.ubereats.com/philadelphia/food-delivery/krispy-kreme-1729-street-road/HspTmGQfSCq6x1ti9jKOgQ,croydon-pennsylvania
https://www.ubereats.com/philadelphia/food-delivery/la-casa-di-lucia/bnc4Uo9VRcuVNCc1dGUF6Q,croydon-pennsylvania
https://www.ubereats.com/philadelphia/food-delivery/crab-du-jour-langhorne/DHahrOMIQiupB9trgCSUpA,croydon-pennsylvania
https://www.ubereats.com/philadelphia/food-delivery/mcdonalds-franklin-mills/U4m7dhByTSePg0FsYPlLiQ,croydon-pennsylvania
https://www.ubereats.com/philadelphia/food-delivery/el-changarro/nEQQ8-CbQ5uTG89DXeVwsA,croydon-pennsylvania
https://www.ubereats.com/philadelphia/food-delivery/white-bulls-bbq/Gh1cCdLLQBqc9ekYgpUiFQ,croydon-pennsylvania
https://www.ubereats.com/philadelphia/food-delivery/dunkin-3401-street-rd/ngYiDXMIQoaQRREHzA31RQ,croydon-pennsylvania
https://www.ubereats.com/philadelphia/food-delivery/don-panchito-mexican-grill/QTc0NpEeRHG5ecsxW6MJyw,croydon-pennsylvania
https://www.ubereats.com/philadelphia/food-delivery/the-union-tap/8sMlCu9lSHunyx_SVCIJ-Q,croydon-pennsylvania
https://www.ubereats.com/philadelphia/food-delivery/ritas-italian-ice-14-swamp-rd/lvmcpzWnSd-SOCQxjU8uew,croydon-pennsylvania
https://www.ubereats.com/philadelphia/food-delivery/porfirios-pizza-%26pasta-%232/DRdhdSm_SiKIPgBJS3QpSw,croydon-pennsylvania
https://www.ubereats.com/philadelphia/food-delivery/taco-bell-499-franklin-mills-circle/iF7PhW4MTnqp4UPX2BA1Ow,croydon-pennsylvania
https://www.ubereats.com/new-jersey/food-delivery/krispy-krunchy-chicken-2601-route-130-south/hmfNsbR2S4CSrEM-zxvSNw,croydon-pennsylvania
https://www.ubereats.com/new-jersey/food-delivery/popeyes-4328-route-130/YhEdGqcrT6iTMZ3XxYGPVQ,croydon-pennsylvania
https://www.ubereats.com/philadelphia/food-delivery/primohoagies-2806-us-130/UDxaGljBSNCYK9sme_edZg,croydon-pennsylvania
https://www.ubereats.com/new-jersey/food-delivery/aya-kitchen/2J27j92-RkSHKhM66CVFpQ,croydon-pennsylvania
https://www.ubereats.com/philadelphia/food-delivery/tgi-fridays-630-langhorne-oxford-valley-pa/eMIBqa7-R9iIYyagQlAd1A,croydon-pennsylvania
https://www.ubereats.com/philadelphia/food-delivery/primohoagies-2862-street-rd/xsBpmn-sQD-hVzQhqcfsRQ,croydon-pennsylvania
https://www.ubereats.com/philadelphia/food-delivery/indian-nosh-bar-%26-grill/wdCd-waWRE6TR_bYCpLx_Q,croydon-pennsylvania
https://www.ubereats.com/new-jersey/food-delivery/charleys-philly-steaks-philadelphia-mills/pehNA0j5QA6SExDkOSgu_A,croydon-pennsylvania
https://www.ubereats.com/philadelphia/food-delivery/state-road-deli-%26-market/qHHpCIM8SQ6w_UXbW1Tk9g,croydon-pennsylvania
https://www.ubereats.com/philadelphia/food-delivery/arbys-177-levittown-pkwy/loeAEmmOQOqvEGDI0VxEmQ,croydon-pennsylvania
https://www.ubereats.com/philadelphia/food-delivery/wendys-1151-oxford-valley-road/bKpttd4MSdqAOEgnppIEWw,croydon-pennsylvania
https://www.ubereats.com/philadelphia/food-delivery/arbys-4208-us-route-130/Q1i5JwswREaPEY7zUdK4ZQ,croydon-pennsylvania
https://www.ubereats.com/philadelphia/food-delivery/dunkin-551-franklin-mills-cir/5rNppUYQShSTqfMSznSEPQ,croydon-pennsylvania
https://www.ubereats.com/new-jersey/food-delivery/georgian-bread-%26-cuisine/FEU0qyirTcirw6oZ-iZ1cg,croydon-pennsylvania
https://www.ubereats.com/philadelphia/food-delivery/lees-hoagie-house/4tkqlDGhSmmz2pFSYClTJw,croydon-pennsylvania
https://www.ubereats.com/philadelphia/food-delivery/cracker-barrel-old-country-store-110-hancock-lane/oHpHzB1BT9el0NZMvT6HJQ,croydon-pennsylvania
https://www.ubereats.com/new-jersey/food-delivery/kfc-527-franklin-mills-circle/7SWVVbNOQauYYePeB5tQjg,croydon-pennsylvania
https://www.ubereats.com/philadelphia/food-delivery/bradys-american-pub/Vc-LF4a4To2hkJdMqQPVHg,croydon-pennsylvania
https://www.ubereats.com/philadelphia/food-delivery/charleys-philly-steaks-philadelphia-mills/pehNA0j5QA6SExDkOSgu_A,croydon-pennsylvania
https://www.ubereats.com/philadelphia/food-delivery/taco-bell-601-high-street/nAxXyAQKTYykaAe0846ZHQ,croydon-pennsylvania
https://www.ubereats.com/philadelphia/food-delivery/dooneys-pub-%26-restaurant/PcJapTGoQtmX21Wjbh9jOw,croydon-pennsylvania
https://www.ubereats.com/philadelphia/food-delivery/michaels-family-restaurant/MbjMqpGlTMSSNffCafhArg,croydon-pennsylvania
https://www.ubereats.com/philadelphia/food-delivery/jjs-shakes/935acjQXRl2QtcQwKtOfug,croydon-pennsylvania
https://www.ubereats.com/philadelphia/food-delivery/taco-bell-1298-veterans-hwy/lGCkbNWcSZeCQaNHYIYamw,croydon-pennsylvania
https://www.ubereats.com/philadelphia/food-delivery/dunkin-802-b-woodlane-rd/R5n-e4AkRzK7ZvUQXa_OLg,croydon-pennsylvania
https://www.ubereats.com/philadelphia/food-delivery/wing-wah/HtB37UrCT46M0rEAvTDaFA,croydon-pennsylvania
https://www.ubereats.com/philadelphia/food-delivery/judah-mediterranean-grill/QBDHDS9lSTW42C87UByTHA,croydon-pennsylvania
https://www.ubereats.com/philadelphia/food-delivery/mcdonalds-605-beverly-rancocas-rd/86JJdvXzRk6XeoeVzNEnMA,croydon-pennsylvania
https://www.ubereats.com/new-jersey/food-delivery/china-gate-restaurant/XbBt1prFSNySokQ3fi0VAA,croydon-pennsylvania
https://www.ubereats.com/philadelphia/food-delivery/dunkin-628-w-maple-ave/4CbtP7ufTZ6CXyGq8b9d9g,croydon-pennsylvania
https://www.ubereats.com/philadelphia/food-delivery/metro-diner-langhorne/un_5sr7SS6e7DZthCUyRXw,croydon-pennsylvania
https://www.ubereats.com/philadelphia/food-delivery/boston-market-360-n-oxford-valley-road/X6HDx0U_TZi3JTsDs8T9VA,croydon-pennsylvania
https://www.ubereats.com/philadelphia/food-delivery/liberty-bell-diner/G-VYsoQ2QEevCx93FmqZxg,croydon-pennsylvania
https://www.ubereats.com/philadelphia/food-delivery/arbys-577-franklin-mills-blvd/JBPS9UG5SF-SylS_Ffuofg,croydon-pennsylvania
https://www.ubereats.com/philadelphia/food-delivery/chipotle-mexican-grill-2370-e-lincoln-hwy/xoeB8nuVRMKH4nI0SP8qBw,croydon-pennsylvania
https://www.ubereats.com/philadelphia/food-delivery/dunkin-997-woodbourne-rd/JLxE9vPWT6WN6uwkyyDiXg,croydon-pennsylvania
https://www.ubereats.com/philadelphia/food-delivery/lees-favorites/YwlhCwftQ9y9HNC6tUMS-A,croydon-pennsylvania
https://www.ubereats.com/philadelphia/food-delivery/burger-king-9220-frankford-avenue/-9HPqA9lQlSZIfGz9EJfxQ,croydon-pennsylvania
