url,city
https://www.ubereats.com/atlanta/food-delivery/fridas-mexican-cuisine/H3QNnvfRQpWZxI99ZvwBTg,cumming-georgia
https://www.ubereats.com/atlanta/food-delivery/steak-n-shake-2611-peachtree-parkway/LMl9FsZHSKy_VNbeoLwNNA,cumming-georgia
https://www.ubereats.com/atlanta/food-delivery/wendys-4860-highway-9-n/Wne8OyaTT5CDGWmQj6yaPw,cumming-georgia
https://www.ubereats.com/atlanta/food-delivery/steak-n-shake-930-buford-hwy/ykxYdSUJQpeNoLQYhJHEWQ,cumming-georgia
https://www.ubereats.com/atlanta/food-delivery/moes-southwest-grill-cumming/6IZz26ISRWWEgKSTvqjN0w,cumming-georgia
https://www.ubereats.com/atlanta/food-delivery/pizza-hut-2330-canton-hwy-suite-1e/c1hc3PapRxOTqdr_Q9Tn1w,cumming-georgia
https://www.ubereats.com/atlanta/food-delivery/panera-500-lakeland-plaza/oDlTH6tmSiencGqu507Lyg,cumming-georgia
https://www.ubereats.com/atlanta/food-delivery/wrights/5m8M7tGDTRCm6CfNLLclvA,cumming-georgia
https://www.ubereats.com/atlanta/food-delivery/la-hacienda-empanada-cumming/lf0nDN1sT8WxGa4PaOIjIg,cumming-georgia
https://www.ubereats.com/atlanta/food-delivery/zaxbys-hwy-9/FhXKWfT2RQ6uawLYrCZqAA,cumming-georgia
https://www.ubereats.com/atlanta/food-delivery/sankranti-restaurants-cumming-location/Un1ieuzfTyaFHMWfX4SY8g,cumming-georgia
https://www.ubereats.com/atlanta/food-delivery/el-rio-mexican-restaurant-atlanta-rd/F8BK1fdEQnKEgnigadnimg,cumming-georgia
https://www.ubereats.com/atlanta/food-delivery/fagans-biscuit-barn-peachtree-pkwy/JzXS-riEQmq8w5Bbq86yNQ,cumming-georgia
https://www.ubereats.com/atlanta/food-delivery/slopes-bbq-alpharetta/HHli63AhQNWkYfkdl_mRvA,cumming-georgia
https://www.ubereats.com/atlanta/food-delivery/pita-mediterranean-street-food-cumming/euX8Uf97TZilEkJFjy8I7A,cumming-georgia
https://www.ubereats.com/atlanta/food-delivery/babas-gyro-and-kabob/VTwga68zQMORMwiXSDp4fQ,cumming-georgia
https://www.ubereats.com/atlanta/food-delivery/honey-baked-ham-940-buford-hwy/MBybAwyNR6e6sI-KP9kFjA,cumming-georgia
https://www.ubereats.com/atlanta/food-delivery/las-palmas-mexican-restaurant-cumming/Dp1vwLUVTlOc0OkyVWBouw,cumming-georgia
https://www.ubereats.com/atlanta/food-delivery/osaka-steak-%26-sushi/c7UjmWvIRwKwBX6UxM3JlA,cumming-georgia
https://www.ubereats.com/atlanta/food-delivery/zaxbys-520-sawnee-corners/rIgHdYx7RKCiPHOZG8_Vww,cumming-georgia
https://www.ubereats.com/atlanta/food-delivery/main-st-deli/6aJTn1FhTKW0myLkvGXLAQ,cumming-georgia
https://www.ubereats.com/atlanta/food-delivery/cracker-barrel-old-country-store-675-buford-hwy/Xh6-mjsXRbyF2MBjwz_qGw,cumming-georgia
https://www.ubereats.com/atlanta/food-delivery/arbys-365-peachtree-pkwy/u0YweJKpQWSn2hLGKcTQAw,cumming-georgia
https://www.ubereats.com/atlanta/food-delivery/laredos-mexican-bar-%26-grill/cci4wh43ScmKsk2LBsCgUA,cumming-georgia
https://www.ubereats.com/atlanta/food-delivery/tin-drum-asiacafe-forsyth/Dt1oyoDKTYm6QwgiyHkQ8w,cumming-georgia
https://www.ubereats.com/atlanta/food-delivery/chopsticks-china-bistro-and-sushi-bar/Mq2OuBscRKKCd_4VWqyvKA,cumming-georgia
https://www.ubereats.com/atlanta/food-delivery/mcdonalds-2315-bethelview-road/mmKjZBAFSry2jSA475jphw,cumming-georgia
https://www.ubereats.com/atlanta/food-delivery/sunshine-chinese-thai/bGIIlbjnR92EZiaDih0SuA,cumming-georgia
https://www.ubereats.com/atlanta/food-delivery/ti-chi-southern-cuisine/cLqikF05Siqg_5xWvGObHQ,cumming-georgia
https://www.ubereats.com/atlanta/food-delivery/taco-bell-5945-bethelview-road/H16QAVfzTi2Ru0x5Yk4LSA,cumming-georgia
https://www.ubereats.com/atlanta/food-delivery/7-tequilas-mexican-restaurant-post-rd/MJpFcJkrTUiNXFrzP_E-yw,cumming-georgia
https://www.ubereats.com/atlanta/food-delivery/alessios-restaurant-%26-pizzeria-cumming/3inLZBbRT06-Wu41MjWA3g,cumming-georgia
https://www.ubereats.com/atlanta/food-delivery/frontera-mex-mex-grill-sugar-hill/w8zcD43lQVKpTl3MNrINtw,cumming-georgia
https://www.ubereats.com/atlanta/food-delivery/clementines-cafe/bG-ZkDILRwWZ6PqDg8EL1Q,cumming-georgia
https://www.ubereats.com/atlanta/food-delivery/tannery-row-ale-house/dPzS4R9aRkuhokBm34SprA,cumming-georgia
https://www.ubereats.com/atlanta/food-delivery/sids-pizza-and-grill/_IJv-UpVRCiolED1LgsZbg,cumming-georgia
https://www.ubereats.com/atlanta/food-delivery/carrabbas-420-peachtree-pkwy/akv3V6JWTVmphjCF_Bi0Ow,cumming-georgia
https://www.ubereats.com/atlanta/food-delivery/johnnys-new-york-style-pizza-3490-keith-bridge-rd-suite-d-3/2Kczwv-zST21je1veMtIlw,cumming-georgia
https://www.ubereats.com/atlanta/food-delivery/pepperonis-pizza/lHC2SFwFSuONo1CDqq5hTw,cumming-georgia
https://www.ubereats.com/atlanta/food-delivery/seven-sisters-kitchen/y3mSDzfISY6qzb5qDsB1TQ,cumming-georgia
https://www.ubereats.com/atlanta/food-delivery/fry-me-2-the-moon-alpharetta/44cu6acZRpOplvQ-SmgU0g,cumming-georgia
https://www.ubereats.com/atlanta/food-delivery/the-station-house-restaurant-atlanta-rd/I15GdRVlQVWtKsBYH_eNsQ,cumming-georgia
https://www.ubereats.com/atlanta/food-delivery/firehouse-subs-cumming-atlan/qahrW_XeRc-s9EPVqLaZoA,cumming-georgia
https://www.ubereats.com/atlanta/food-delivery/cheeky-taqueria-cumming/q-znUzvMQ9656KhMnePdRg,cumming-georgia
https://www.ubereats.com/atlanta/food-delivery/balsas-mexican-restaurant/hF8W1gamT8uv46pODeLfoA,cumming-georgia
https://www.ubereats.com/atlanta/food-delivery/burger-king-3085-ronald-reagan-boulevard/z6SmQQ9FS_uWS4QoL4ta8g,cumming-georgia
https://www.ubereats.com/atlanta/food-delivery/zoes-kitchen-410-peachtree-pkwy-suite-260/Q6IiTS3DTcm4yCQuPdQMDA,cumming-georgia
https://www.ubereats.com/atlanta/food-delivery/mayuri-indian-grill/JBxlCL2JSkqwRtLWsl6Jyw,cumming-georgia
https://www.ubereats.com/atlanta/food-delivery/sho-asian-cuisine/OVRrW2qKRb6DoAVL8jKG0g,cumming-georgia
https://www.ubereats.com/atlanta/food-delivery/subway-533-canton-rd-ste-100/dBHyfYDkThWYZvTyI-2uiQ,cumming-georgia
https://www.ubereats.com/atlanta/food-delivery/panda-express-cumming-905-market-place-blvd/tEbIvW12QHaONWAudrkCLg,cumming-georgia
https://www.ubereats.com/atlanta/food-delivery/el-don-mexican-bar-and-grill-alpharetta/D_CwM6U1TRCNu6-X-Ff-7g,cumming-georgia
https://www.ubereats.com/atlanta/food-delivery/johnnys-new-york-style-pizza-2115-market-pl-blvd/OCUMUwdOT4qLn9nK1TSXew,cumming-georgia
https://www.ubereats.com/atlanta/food-delivery/wnb-factory-%E2%80%93-cumming/h265v19oSXizaqZaXEd_Ww,cumming-georgia
https://www.ubereats.com/atlanta/food-delivery/friends-american-grill-buford/atq3lrqsS6q-rdVw3Dupfw,cumming-georgia
https://www.ubereats.com/atlanta/food-delivery/pita-mediterranean-street-food-johns-creek/2AywQ80FTjydIgF75kej0w,cumming-georgia
https://www.ubereats.com/atlanta/food-delivery/tacos-and-tequilas-mexican-grill-market-place-blvd/5D_4pYnAQKa-kPQrCRbhiA,cumming-georgia
https://www.ubereats.com/atlanta/food-delivery/hacienda-bar-%26-grill-cumming/Q9aYxBRfQVWQCQHH8jMBoA,cumming-georgia
https://www.ubereats.com/atlanta/food-delivery/taco-mac-cumming/_GhCiGQqRkGpXyGKHsHtHg,cumming-georgia
https://www.ubereats.com/atlanta/food-delivery/black-diamond-grill/df7FOa-3TQKIczwrWxf9SA,cumming-georgia
https://www.ubereats.com/atlanta/food-delivery/jaz-chinese-cuisine-saint-claire-dr/1yDnIlphTiWYTcnkKS5y3Q,cumming-georgia
https://www.ubereats.com/atlanta/food-delivery/summits-wayside-tavern-525-lake-center-pkwy/LxfPS8IhSaecroKMMRsDhQ,cumming-georgia
https://www.ubereats.com/atlanta/food-delivery/friends-cumming-grill/s6VRmIsgTR6bhYsrWUIjGw,cumming-georgia
https://www.ubereats.com/atlanta/food-delivery/pueblo-maya-mexican-restaurant/dyN7hW_fR2mfT1rHOTSZZw,cumming-georgia
https://www.ubereats.com/atlanta/food-delivery/tropical-smoothie-cafe-3687-buford-highway/Gvg2D2o2Qs-sZIXXpp5CGQ,cumming-georgia
https://www.ubereats.com/atlanta/food-delivery/los-paisanos-mexican-supermarket-buford-hwy/wxPDSxCLQuSX5EmTCvgotw,cumming-georgia
https://www.ubereats.com/atlanta/food-delivery/enzo-sushi-suwanee/Dqwe-ejaQGSwdWskOgfFUQ,cumming-georgia
https://www.ubereats.com/atlanta/food-delivery/subway-2095-marketplace-blvd/64utQ5T9QLWxrzkCXmEY0g,cumming-georgia
https://www.ubereats.com/atlanta/food-delivery/firehouse-subs-cumming/ZW4jIkWYS3CqgBmffRfFrg,cumming-georgia
https://www.ubereats.com/atlanta/food-delivery/dairy-queen-grill-%26-chill-5615-commerce-blvd/qIVJHBx-TL65-LmPgAEQiQ,cumming-georgia
https://www.ubereats.com/atlanta/food-delivery/mcdonalds-660-atlanta-rd/0cPUzvA_SwuimlfDGJdu9w,cumming-georgia
https://www.ubereats.com/atlanta/food-delivery/wendys-520-peachtree-parkway/gCSHqLarQMqaLkO1RcOxqg,cumming-georgia
https://www.ubereats.com/atlanta/food-delivery/grandmas-ny-pizza-cumming/zIxRfPz-SgOptmCL9BHM7Q,cumming-georgia
https://www.ubereats.com/atlanta/food-delivery/popeyes-market-place-blvd/GAxLr2VZRiyMsNzG7Zv3FQ,cumming-georgia
https://www.ubereats.com/atlanta/food-delivery/captain-ds-597-atlanta-rd/kmZPij07RzOnfkdX1V8CJw,cumming-georgia
https://www.ubereats.com/atlanta/food-delivery/subway-1735-buford-hwy/-7586cayTs2pXDLzXoMc1A,cumming-georgia
https://www.ubereats.com/atlanta/food-delivery/lolas-mexican-cantina/ugQElnLhQ8ay4VrDJtF-VA,cumming-georgia
https://www.ubereats.com/atlanta/food-delivery/whole-bowl-bar/kWi2tavNToWRLgH0CvEhdw,cumming-georgia
https://www.ubereats.com/atlanta/food-delivery/china-garden/wq3Qwpy2QwWV12EfTbBuog,cumming-georgia
https://www.ubereats.com/atlanta/food-delivery/i4food-restaurant-and-bar/YFGMTv7ET0-7ExqUkbD_-w,cumming-georgia
https://www.ubereats.com/atlanta/food-delivery/taco-bell-2660-freedom-parkway/q4oBogDKTIO8X4qBN2XVgA,cumming-georgia
https://www.ubereats.com/atlanta/food-delivery/krystal-560-atlanta-rd/AHH8bW5HRWmeUCD3QzTkHg,cumming-georgia
https://www.ubereats.com/atlanta/food-delivery/atlanta-bread-%26-bar/p_fjesS2Se6GbMfNWRiqgw,cumming-georgia
https://www.ubereats.com/atlanta/food-delivery/dunkin-5470-bethelview-rd/oxWpJC5JQyumg3vZUeL6DA,cumming-georgia
https://www.ubereats.com/atlanta/food-delivery/dunkin-6020-atlanta-hwy/groiDE4ARzuvsjXNifKtpw,cumming-georgia
https://www.ubereats.com/atlanta/food-delivery/zaxbys-2810-keith-bridge-rd/ckul--RRTZ-0cWHZ5ktsHQ,cumming-georgia
https://www.ubereats.com/atlanta/food-delivery/five-boroughs-pizza-tavern/ZEfDjT-ORZyuWOfXz3bReQ,cumming-georgia
https://www.ubereats.com/atlanta/food-delivery/mcdonalds-1635-buford-highway/MRAdTvaoS06qXULhj9cCDA,cumming-georgia
https://www.ubereats.com/atlanta/food-delivery/the-diner-at-sugar-hill-nelson-brogdon-blvd/MAcx39k6SAa8utZKHKC3Sw,cumming-georgia
https://www.ubereats.com/atlanta/food-delivery/knuckies-pizza-and-hoagies-of-sugar-hill/POx3NwzLTB-DsgJeCAT2LQ,cumming-georgia
https://www.ubereats.com/atlanta/food-delivery/subway-2300-bethelview-rd/W9PUJ4fnRhiiUXXoTDSiLg,cumming-georgia
https://www.ubereats.com/atlanta/food-delivery/chick-fil-a-653-atlanta-rd/wUgdxl6YTZiK8JpncYFBkw,cumming-georgia
https://www.ubereats.com/atlanta/food-delivery/davincis-donuts/mjbwhcyHQCGnmWTZYACTFA,cumming-georgia
https://www.ubereats.com/atlanta/food-delivery/taco-bell-1615-buford-highway/cEfahXXHRGygeXP7Y95bEQ,cumming-georgia
https://www.ubereats.com/atlanta/food-delivery/jalapeno-mexican-bar/24W_QxYbRqCIvfit0H1I1Q,cumming-georgia
https://www.ubereats.com/atlanta/food-delivery/nilgiris-bakery-%26-cafe/oVJOOxlgQB-A8JQi1vV3rA,cumming-georgia
https://www.ubereats.com/atlanta/food-delivery/village-italian/QTtultyPSxi9kV54ERXW9w,cumming-georgia
https://www.ubereats.com/atlanta/food-delivery/izumi-asian-bistro/ZOEZZikXRUS10963UcJugg,cumming-georgia
https://www.ubereats.com/atlanta/food-delivery/mia-pizza-and-eats/_2UAxvhATym11sDN2N1a3w,cumming-georgia
https://www.ubereats.com/atlanta/food-delivery/starbucks-hwy-9-%26-bethelview/H0NneOYwR-ufBTDs_ighLA,cumming-georgia
https://www.ubereats.com/atlanta/food-delivery/kfc-695-atlanta-rd/MuUvwD9uSaqlpaA4QlU7Hg,cumming-georgia
https://www.ubereats.com/atlanta/food-delivery/zaxbys-3125-mathis-airport-pkwy/RAuD49d9SrS1m1sbXrmjVA,cumming-georgia
https://www.ubereats.com/atlanta/food-delivery/starbucks-ga-400-%40-hwy-20/21-mlZB-SreVbVd2tJjrEw,cumming-georgia
https://www.ubereats.com/atlanta/food-delivery/baitong-thai-restaurant/SoUXyHxxTrGnBGcZlrVcOA,cumming-georgia
https://www.ubereats.com/atlanta/food-delivery/italeats-cumming/Rsd1J4D7Q7auY2zOTC0ubg,cumming-georgia
https://www.ubereats.com/atlanta/food-delivery/kenzo-sushi/pUOHoAkeSUqg6ohXO_L4Vg,cumming-georgia
https://www.ubereats.com/atlanta/food-delivery/el-porton-mexican-restaurant-alpharetta/zh9bcO9PQ0mDx2WU0zoFVg,cumming-georgia
https://www.ubereats.com/atlanta/food-delivery/arbys-403-tri-county-plaza/sMtSrVOySoKHKsNFNfvNRQ,cumming-georgia
https://www.ubereats.com/atlanta/food-delivery/sip-n-chew-delightful-eat/EaeMvKNxT_GUV4nDjo1ejw,cumming-georgia
https://www.ubereats.com/atlanta/food-delivery/happy-belly-kitchen/PLTmwd4QQeSc-aouA9eyeA,cumming-georgia
https://www.ubereats.com/atlanta/food-delivery/fukulala/PYdVrFo7SB291ktFIgm1XA,cumming-georgia
https://www.ubereats.com/atlanta/food-delivery/jersey-mikes-subs-906-market-place-blvd-suite-103/cvrtxFiSRcWjhai2nMjeMQ,cumming-georgia
https://www.ubereats.com/atlanta/food-delivery/bawarchi-biryani/dqCrWLJ1TsWDpmWKM0x-oQ,cumming-georgia
https://www.ubereats.com/atlanta/food-delivery/burger-king-598-atlanta-highway/2J4KSSp3QMazP3rdZLAztQ,cumming-georgia
https://www.ubereats.com/atlanta/food-delivery/applebees-504-lakeland-plaza/f7FibSVPSYm9GObALU7ZTQ,cumming-georgia
https://www.ubereats.com/atlanta/food-delivery/lennys-grill-%26-subs-1040-market-place-blvd/kSnMjkKeTaaoK6eOFDQw8A,cumming-georgia
https://www.ubereats.com/atlanta/food-delivery/lake-burrito/iFgdITjOTTChyseof-CyyA,cumming-georgia
https://www.ubereats.com/atlanta/food-delivery/ichiban-steak-%26-sushi-the-collection-at-forsyth/7d7Wgg5pQEyhEeQQl1aHnA,cumming-georgia
https://www.ubereats.com/atlanta/food-delivery/first-watch-cumming/Vf10arWlRe-qErBD0hfJwQ,cumming-georgia
https://www.ubereats.com/atlanta/food-delivery/bojangles-famous-chicken-%26-biscuits-908-3285-keith-bojangles-restuarants-incdge-road/DeEgOSfuTduE5qpIX-1xNQ,cumming-georgia
https://www.ubereats.com/atlanta/food-delivery/village-burger-cumming/AB8xoO7eTZioXWMqjvjQXw,cumming-georgia
https://www.ubereats.com/atlanta/food-delivery/qdoba-mexican-grill-johns-creek/hsHumpaGS4CM5b8iFzrMpA,cumming-georgia
https://www.ubereats.com/atlanta/food-delivery/pizza-hut-2603-freedom-pkwy/Q3A15ohsRISRcr2yfsxcHw,cumming-georgia
https://www.ubereats.com/atlanta/food-delivery/dunkin-521-peachtree-pkwy/yYUkbSQURTWfdjwdyVA2bw,cumming-georgia
https://www.ubereats.com/atlanta/food-delivery/zaxbys-6020-bethelview-rd-cumming-ga-30040/0qdJms9YQaeY4J7jWFSuqA,cumming-georgia
https://www.ubereats.com/atlanta/food-delivery/the-bullpen-neighborhood-grill/k8gCxDeaSB2jUzWDRxNcyA,cumming-georgia
https://www.ubereats.com/atlanta/food-delivery/mos-gyro-%26-kabob/t3a31r0EQ5S6iEPVFgfjgQ,cumming-georgia
https://www.ubereats.com/atlanta/food-delivery/dunkin-1165-buford-hwy/c_zEVaOXQTC4-bodNEfJTw,cumming-georgia
https://www.ubereats.com/atlanta/food-delivery/cicis-pizza-ronald-reagan-blvd/lPAZEXiiTkWaM85dWbMxjg,cumming-georgia
https://www.ubereats.com/atlanta/food-delivery/outback-steakhouse-1715-market-place-boulevard/kAf8414NSAic6VrVviDmYw,cumming-georgia
https://www.ubereats.com/atlanta/food-delivery/lazacatecana-taqueria/mLZwib9cTCCeajrxooklCA,cumming-georgia
https://www.ubereats.com/atlanta/food-delivery/spice-wing-sugar-hill/w4k2LdMfSqC4tz0zaODk9g,cumming-georgia
https://www.ubereats.com/atlanta/food-delivery/wendys-2670-freedom-parkway/gANYJIQISxuKxjTgAXuJSA,cumming-georgia
https://www.ubereats.com/atlanta/food-delivery/cheeky-taqueria-suwanee/PoHbpix-ReK9wbWf2HjSOw,cumming-georgia
https://www.ubereats.com/atlanta/food-delivery/buffalos-cafe-991-peachtree-industrial-blvd/_op8O1-hQfWwevxlBsjvog,cumming-georgia
https://www.ubereats.com/atlanta/food-delivery/ocharleys-920-buford-road/AMF19LLFRZyGNsIRAl9DEQ,cumming-georgia
https://www.ubereats.com/atlanta/food-delivery/tani-thai-restauant/sSg0T8kuR-OyeD2r1d-39g,cumming-georgia
https://www.ubereats.com/atlanta/food-delivery/twisted-tavern-nelson-brogdon-blvd/8LCivTBgQm2O7Un7EFpZvw,cumming-georgia
https://www.ubereats.com/atlanta/food-delivery/ihop-cumming/DAjGCQwETeG6qekjYbyEDg,cumming-georgia
https://www.ubereats.com/atlanta/food-delivery/moes-southwest-grill-alpharetta/jdps2vItTuKBuwR5yC7m3w,cumming-georgia
https://www.ubereats.com/atlanta/food-delivery/brusters-icecream/h3k-ysBQTpuHmGj6-J53YQ,cumming-georgia
https://www.ubereats.com/atlanta/food-delivery/papa-johns-5665-atlanta-hwy-suite-%23110/Kitkhx0LS1KaL3TdjdrPkw,cumming-georgia
https://www.ubereats.com/atlanta/food-delivery/q-korean-steakhouse/GxgPzbeiTYaHqwdbIEvfnA,cumming-georgia
https://www.ubereats.com/atlanta/food-delivery/cheeseburger-bobbys-cumming/fRnDRY85Sqe5VOhtjowpKw,cumming-georgia
https://www.ubereats.com/atlanta/food-delivery/johnnys-new-york-style-pizza-1145-a-peachtree-ind/xHNnYmJ7TRSC00eH8qgs8g,cumming-georgia
https://www.ubereats.com/atlanta/food-delivery/sushiming-japanese-kitchen-alpharetta/yB99x6WiQJmk2Mel8sqA2A,cumming-georgia
https://www.ubereats.com/atlanta/food-delivery/slopes-bbq-of-cumming/elEwWXqIQbeGdOrLdQtfaQ,cumming-georgia
https://www.ubereats.com/atlanta/food-delivery/mika-french-sushi/0A0fXMlfTgWx-xomj7-Uyw,cumming-georgia
https://www.ubereats.com/atlanta/food-delivery/tropical-smoothie-cafe-cumming/B-7ipJylS1aRQCTZAXiSjg,cumming-georgia
https://www.ubereats.com/atlanta/food-delivery/mia-ristorante-italiano-bethelview-rd/r4WMIXJbRZS7jMPCN4pszQ,cumming-georgia
https://www.ubereats.com/atlanta/food-delivery/rendezvous-cafe/gbHoWHdYR2yjD-xsAHE5hw,cumming-georgia
https://www.ubereats.com/atlanta/food-delivery/pizza-hut-670-atlanta-rd/UD0Up9SORViN_HmxTHfu1w,cumming-georgia
https://www.ubereats.com/atlanta/food-delivery/red-robin-548-370-peachtree-pkwy/zcvw2i2dRkefW4XR3mJtbg,cumming-georgia
https://www.ubereats.com/atlanta/food-delivery/papa-johns-1595-peachtree-parkway-suite-114/kGq3SR1cS_ejQlgTMA9RxQ,cumming-georgia
https://www.ubereats.com/atlanta/food-delivery/chipotle-mexican-grill-905-market-place-blvd-ste-c/2VlQauwaRuarKwzB7QRI4A,cumming-georgia
https://www.ubereats.com/atlanta/food-delivery/papa-johns-535-canton-road/i1u3y3i_QIexuPVID2tg1w,cumming-georgia
https://www.ubereats.com/atlanta/food-delivery/spice-3%3A16/kSPS-3JzQAiBARJbma842g,cumming-georgia
https://www.ubereats.com/atlanta/food-delivery/hardees-1500839/icFCkDgyRviU7wNALeq0RA,cumming-georgia
https://www.ubereats.com/atlanta/food-delivery/wild-wing-cafe-cumming/k2uOvSQURSK3DefPN5Rucg,cumming-georgia
https://www.ubereats.com/atlanta/food-delivery/twisted-tokyo/NqDoRjiZRqCTdIHrJk2tqQ,cumming-georgia
https://www.ubereats.com/atlanta/food-delivery/wendys-300-tri-county-plz/Xaveb9f_SBuLSqiS0YIU0Q,cumming-georgia
https://www.ubereats.com/atlanta/food-delivery/taco-mexico-lake-center-pkwy/nAr9osSOQLOHQ8Dt4ssVbA,cumming-georgia
https://www.ubereats.com/atlanta/food-delivery/taco-bell-651-atlanta-rd/y0eVsfIMT32fiSl9D72azg,cumming-georgia
https://www.ubereats.com/atlanta/food-delivery/taco-mac-johnscreek/NSt8TFKWR1KkucHHBT4rKA,cumming-georgia
https://www.ubereats.com/atlanta/food-delivery/subway-655-atlanta-rd/dDcsdiO-SOSmf6KdjjsSNg,cumming-georgia
https://www.ubereats.com/atlanta/food-delivery/dunkin-116-canton-rd/I4Xx8ptxTT6zNge3RyFYow,cumming-georgia
https://www.ubereats.com/atlanta/food-delivery/maki-sushi/wezgEqsETeGSkc6rMn0NFw,cumming-georgia
https://www.ubereats.com/atlanta/food-delivery/alessios-restaurant-%26-pizzeria-johns-creek/JgOl5y4lS-uLC1Cvr8kkiw,cumming-georgia
https://www.ubereats.com/atlanta/food-delivery/sri-krishna-vilas/tEmTX9tTSqm2feJRyDnKcQ,cumming-georgia
https://www.ubereats.com/atlanta/food-delivery/daddy-obriens-irish-ice-cream-pub-and-restaurant/MppNek3ZTAOxpD2hTQhiIA,cumming-georgia
https://www.ubereats.com/atlanta/food-delivery/tokyo-steak-%26-sushi-asian-fusion-cumming/6Ok3_m6mTbi5HxnARDmkiQ,cumming-georgia
https://www.ubereats.com/atlanta/food-delivery/rosatis-pizza-415-peachtree-pkwy-%23200/QbuFAZ96ReWmMzQwl7-TPQ,cumming-georgia
https://www.ubereats.com/atlanta/food-delivery/savory-mexican-restaurant/SExYlBsVTO6XOLcL6iiC6g,cumming-georgia
https://www.ubereats.com/atlanta/food-delivery/sugar-hill-bakery-and-cafe-w-broad-st/UfOCPdjRTH23Fca6Yq9rYA,cumming-georgia
https://www.ubereats.com/atlanta/food-delivery/chicken-run/-xUs8f5dQIWb8Efdv5a7Dg,cumming-georgia
https://www.ubereats.com/atlanta/food-delivery/branchwater/yUbqsTdEQl6F7T-9S3W6Sg,cumming-georgia
https://www.ubereats.com/atlanta/food-delivery/noosh-kitchen/UxZFsZSnTguz7KYpxJMq6A,cumming-georgia
https://www.ubereats.com/atlanta/food-delivery/vincenzas-pizzeria-alpharetta/rM0jTxwYQ4OL8nqp1NabbQ,cumming-georgia
https://www.ubereats.com/atlanta/food-delivery/community-cup/wEcvIv-VT5mBREVKK4rLew,cumming-georgia
https://www.ubereats.com/atlanta/food-delivery/indian-flavors/gPSGeMgWTJ-oTLgPv6jfpQ,cumming-georgia
https://www.ubereats.com/atlanta/food-delivery/kani-house-market-place-blvd/0Aqkdc30RQmpl_JD5eQNhQ,cumming-georgia
https://www.ubereats.com/atlanta/food-delivery/reveille-coffeehouse-cafe-sugar-hill/kCWl8G20TYG_llBVQc5meQ,cumming-georgia
https://www.ubereats.com/atlanta/food-delivery/anjappar-chettinad-restaurant/UPBA_zalTK2mLQ0tL8YdjA,cumming-georgia
