url,city
https://www.ubereats.com/atlanta/food-delivery/long-john-silvers-92-s-clayton-st/AtsQi0V9T_eg-SeYEm-l7w,dacula-georgia
https://www.ubereats.com/atlanta/food-delivery/three-dollar-cafe-lawrenceville/vrcf2tapRZC3c16FMnstGw,dacula-georgia
https://www.ubereats.com/atlanta/food-delivery/senor-buddha-global-grill/Q5_OJuyzRHuhGRgoJfpCwg,dacula-georgia
https://www.ubereats.com/atlanta/food-delivery/taco-bell-1855-grayson-highway/lDSsyegISkOdxG6tI0LlJg,dacula-georgia
https://www.ubereats.com/atlanta/food-delivery/burger-king-445-grayson-highway/FONBTGk3SxmlVJAgVCbwAw,dacula-georgia
https://www.ubereats.com/atlanta/food-delivery/taco-mac-suwanee/6RToewYBRS2izSti_1Ia9g,dacula-georgia
https://www.ubereats.com/atlanta/food-delivery/dairy-queen-grill-%26-chill-2357-loganville-hwy/tn0TR40ETci_D18w2HAnGg,dacula-georgia
https://www.ubereats.com/atlanta/food-delivery/which-wich-snellville/9cUKAwYeRfOrpoX-YvOKIA,dacula-georgia
https://www.ubereats.com/atlanta/food-delivery/green-basil-suwanee/XQcbwYBPSOm7GpKkrILUAg,dacula-georgia
https://www.ubereats.com/atlanta/food-delivery/fancy-krab/kP9B_PhIRuOGDwmj-HWJUw,dacula-georgia
https://www.ubereats.com/atlanta/food-delivery/bojangles-famous-chicken-%26-biscuits-961-625-dacula-highway/JCjhPI3IT7qVXE0k0U_iLA,dacula-georgia
https://www.ubereats.com/atlanta/food-delivery/bobbies-soul-food-cafe/YpcnkddRSD-94uEmqEUl1Q,dacula-georgia
https://www.ubereats.com/atlanta/food-delivery/la-cazuela-lawrenceville/8B77CwGkRmKx0KZ94aZOoQ,dacula-georgia
https://www.ubereats.com/atlanta/food-delivery/dominicks/e1sA1pEtRUC9AE2jIe2h9A,dacula-georgia
https://www.ubereats.com/atlanta/food-delivery/zaxbys-541-west-pike-street/MVdOqZEaSiO47MY9TkKWgg,dacula-georgia
https://www.ubereats.com/atlanta/food-delivery/mcdonalds-615-dacula-road/9diG7cBYSwCymBgznJlJlw,dacula-georgia
https://www.ubereats.com/atlanta/food-delivery/buffalos-cafe-910-athens-hwy/aeV0WdjwR7qk7wrskRLxwA,dacula-georgia
https://www.ubereats.com/atlanta/food-delivery/duchess-cafe-%26-grill/0Pr0W0i5Riu3eYQBgMy6_w,dacula-georgia
https://www.ubereats.com/atlanta/food-delivery/philly-connection-lawrenceville/FDHeQptvRhqrFdbRYgXm8w,dacula-georgia
https://www.ubereats.com/atlanta/food-delivery/outback-steakhouse-1750-scenic-highway-n/fkpynn9JSNa_CtBfG5xSVQ,dacula-georgia
https://www.ubereats.com/athens/food-delivery/johnnys-new-york-style-pizza-3157-sugarloaf-pkwy/KOSBOf-UTi-8_uLqW8wmFg,dacula-georgia
https://www.ubereats.com/atlanta/food-delivery/arbys-1635-scenic-hwy/ek6FjEjYToa_Va68kIhtEQ,dacula-georgia
https://www.ubereats.com/atlanta/food-delivery/dunkin-551-w-pike-st/w-VbSUltRzWEpWOhHn_wSA,dacula-georgia
https://www.ubereats.com/atlanta/food-delivery/arbys-126-s-clayton-st/W5vguXFjQpK2e_keEYOc-g,dacula-georgia
https://www.ubereats.com/atlanta/food-delivery/uncle-maddios-buford/xLiJm2r3R1GaTrx41XAQ5g,dacula-georgia
https://www.ubereats.com/atlanta/food-delivery/wendys-690-duluth-hwy/EbnQG3xLTwS0q81z85JWVg,dacula-georgia
https://www.ubereats.com/atlanta/food-delivery/snack-shack/USF14qTHTG6rQSi9oFBOmg,dacula-georgia
https://www.ubereats.com/atlanta/food-delivery/green-tomato-buffet/AssW7W-DSMmLaiQzeJsLiQ,dacula-georgia
https://www.ubereats.com/atlanta/food-delivery/las-margaritas-mexican/1VnuiUvAQfGOROrALJ6I3g,dacula-georgia
https://www.ubereats.com/atlanta/food-delivery/lao-street-food/JP1F4WkSTwCnNL2e_SvtGg,dacula-georgia
https://www.ubereats.com/atlanta/food-delivery/main-st-deli/6aJTn1FhTKW0myLkvGXLAQ,dacula-georgia
https://www.ubereats.com/athens/food-delivery/johnnys-new-york-style-pizza-4132-atlanta-hwy-suite-201/KldcKUXxSaqgnwyJlRgW8g,dacula-georgia
https://www.ubereats.com/atlanta/food-delivery/dazzle-dogs/QJ10rbdQQUmiYQc_RAb8Rg,dacula-georgia
https://www.ubereats.com/atlanta/food-delivery/burger-21-mall-of-georgia/hodRpNTnQsOhrMv7TCpexA,dacula-georgia
https://www.ubereats.com/atlanta/food-delivery/johnnys-new-york-style-pizza-720-dacula-rdsuite-3e/35EebnIbTROjQsqrGvJo-g,dacula-georgia
https://www.ubereats.com/atlanta/food-delivery/786-kebab-%26-curry/IiH11xrtTQ63LRtTxGMSIg,dacula-georgia
https://www.ubereats.com/atlanta/food-delivery/arbys-3475-braselton-hwy/vZAI6BH2T_uQLjmD5M_0yw,dacula-georgia
https://www.ubereats.com/atlanta/food-delivery/moes-southwest-grill-1825-mall-of-georgia-blvd/UIuFLHPvS9qKbjZLKVEv0A,dacula-georgia
https://www.ubereats.com/atlanta/food-delivery/ti-chi-southern-cuisine/cLqikF05Siqg_5xWvGObHQ,dacula-georgia
https://www.ubereats.com/atlanta/food-delivery/papa-johns-17-monroe-hwy-suite-d/51BW7L1nRoCirY49d9sLyA,dacula-georgia
https://www.ubereats.com/atlanta/food-delivery/subway-831-auburn-rd-ste-600/X44220oIRlm87RPkUd9GyA,dacula-georgia
https://www.ubereats.com/atlanta/food-delivery/carrib-cafe-bar-and-grill/8Z-tZXsBRuyjNB3vOZfPqw,dacula-georgia
https://www.ubereats.com/atlanta/food-delivery/barberitos-hamilton-mill-rd/lHZWOcAcQdGqDQyaFEfdRQ,dacula-georgia
https://www.ubereats.com/atlanta/food-delivery/wnb-factory-wings-and-burgers-lawrenceville-2/03K0JMaVT82-N8jc0QiDyg,dacula-georgia
https://www.ubereats.com/atlanta/food-delivery/johnnys-new-york-style-pizza-7367-spout-springs-rd/40KSzgvtR6WDppcMC7jFgg,dacula-georgia
https://www.ubereats.com/atlanta/food-delivery/fish-chicken-n-more/JLxj01PzSySUxtOmqio2iA,dacula-georgia
https://www.ubereats.com/atlanta/food-delivery/sonnys-bbq-lawrenceville/9Qx0H707Qn6z_SXOOK_AaA,dacula-georgia
https://www.ubereats.com/atlanta/food-delivery/haagen-dazs-3333-buford-dr-k-133/L0_O0iAlTgCPtekDnZagsQ,dacula-georgia
https://www.ubereats.com/atlanta/food-delivery/crab-du-jour-lawrenceville/zx7xT8iETqmcgvrqsMo-EA,dacula-georgia
https://www.ubereats.com/atlanta/food-delivery/grandmas-ny-pizza-lawrenceville/fbzzZW-KSqiwDTyGDlLEBA,dacula-georgia
https://www.ubereats.com/atlanta/food-delivery/palm-palace-indian/pBlBepoHSAG2qjYIBLaxiQ,dacula-georgia
https://www.ubereats.com/atlanta/food-delivery/krab-kingz-seafood/UZzB5ApHR1OhHtnavcTpBw,dacula-georgia
https://www.ubereats.com/atlanta/food-delivery/taco-bell-928-buford-drive/v-kUzi7NT0-mM9LOHFfLfA,dacula-georgia
https://www.ubereats.com/atlanta/food-delivery/blinkys/Tyx047aMS827RNGQAN51zQ,dacula-georgia
https://www.ubereats.com/atlanta/food-delivery/krystal-19-monroe-highway/lYJAVjX0QN-3OHa45rQG9g,dacula-georgia
https://www.ubereats.com/atlanta/food-delivery/first-watch-buford/rN26-4cdTbS5sPIwFqOFyw,dacula-georgia
https://www.ubereats.com/atlanta/food-delivery/blimpie-lawrenceville/A4AoygwzQqe6hoME8uLUtg,dacula-georgia
https://www.ubereats.com/atlanta/food-delivery/sams-on-main/fMh2zhicS7KwUl_UO_3chg,dacula-georgia
https://www.ubereats.com/atlanta/food-delivery/firehouse-subs-snellville/LjV9GMUFQySmzPd7okHm1A,dacula-georgia
https://www.ubereats.com/atlanta/food-delivery/arbys-4151-atlanta-hwy/H0Ksw8SJSaCgdZqlWUa6Yw,dacula-georgia
https://www.ubereats.com/atlanta/food-delivery/barberitos-4743-atlanta-hwy-%23120/BCcVs1-8Snms9XHtw43BWA,dacula-georgia
https://www.ubereats.com/atlanta/food-delivery/marias-tex-mex/OKoM6hc3TjiquYRBNJs4iw,dacula-georgia
https://www.ubereats.com/athens/food-delivery/bibas-italian-restaurant/wAqdbNzrS_yAphVK1Af1_A,dacula-georgia
https://www.ubereats.com/atlanta/food-delivery/phocom-suwanee/KWgLyTLqTdqUOHiyMJYo9g,dacula-georgia
https://www.ubereats.com/atlanta/food-delivery/dunkin-938-buford-dr/hjHFDIh9Sym5N99TLkVbFw,dacula-georgia
https://www.ubereats.com/atlanta/food-delivery/brusters-real-ice-cream-2720-braselton-hwy/zBK26hXzR2i2ecIBeRy6HA,dacula-georgia
https://www.ubereats.com/atlanta/food-delivery/johnnys-new-york-style-pizza-4132-atlanta-hwy-suite-201/KldcKUXxSaqgnwyJlRgW8g,dacula-georgia
https://www.ubereats.com/atlanta/food-delivery/austins-burritos/Bvw2Zv3ASSebJFgPTLwUxA,dacula-georgia
https://www.ubereats.com/atlanta/food-delivery/la-martina-mexican-taqueria/xa9rHUejQIWhtqtotkQmeQ,dacula-georgia
https://www.ubereats.com/atlanta/food-delivery/pancake-house-lawrenceville/gevzYULFR_SU4B86Yfo28w,dacula-georgia
https://www.ubereats.com/atlanta/food-delivery/wing-ranch-lawrenceville/5gt_He4sQ2eHEXKwfN_mDA,dacula-georgia
https://www.ubereats.com/atlanta/food-delivery/burger-king-700-b-dacula-road/XBhX8Fy-QQ6joMgxtyd76g,dacula-georgia
https://www.ubereats.com/atlanta/food-delivery/mcalisters-deli-1030-old-peachtree-rd-nw/4HQCOJb4TvyD_oGExwBUEg,dacula-georgia
https://www.ubereats.com/atlanta/food-delivery/station-master-sushi-bar-and-chinese-cuisine/0t94ChsnT8CkQFP3gCtCUQ,dacula-georgia
https://www.ubereats.com/atlanta/food-delivery/safari-afro-caribean/QfVb0nnPTz-ZwIPlkJDAKQ,dacula-georgia
https://www.ubereats.com/atlanta/food-delivery/kfc-4065-highway-78/mNFCjFcfQm2c8i13nDUSDw,dacula-georgia
https://www.ubereats.com/atlanta/food-delivery/bibas-italian-restaurant-lawrenceville/aAaxQgf7S9uii7Z443-QGA,dacula-georgia
https://www.ubereats.com/atlanta/food-delivery/soul-truckin-good/HTXNJH2wSiOZLV8n0vU-Lg,dacula-georgia
https://www.ubereats.com/atlanta/food-delivery/buffalos-cafe-3450-braselton-hwy/OwC14ZMaSN-3B4R5M9AnOg,dacula-georgia
https://www.ubereats.com/atlanta/food-delivery/jersey-mikes-subs-938-duluth-hwy/OLEYJ5P_RIaBRcg7v816Mg,dacula-georgia
https://www.ubereats.com/atlanta/food-delivery/local-republic/Hr-EzGRDQP-u4vC0IgpVOQ,dacula-georgia
https://www.ubereats.com/atlanta/food-delivery/smallcakes-snellville/5Ppazp0cT_Osg_r3BHhbDA,dacula-georgia
https://www.ubereats.com/atlanta/food-delivery/dairy-queen-grill-%26-chill-611-e-crogan-st/H49Hg-zeRVWPhK4iKebECA,dacula-georgia
https://www.ubereats.com/atlanta/food-delivery/nawlins-praline-candy-%26-more/Ww4q46BvRQOgRDLGvxZRkA,dacula-georgia
https://www.ubereats.com/atlanta/food-delivery/4-amigos-mexican-%26-venezuelan-cuisine/bvmm4J9lSpmO5JcD6yflhA,dacula-georgia
https://www.ubereats.com/atlanta/food-delivery/jalapeno-mexican-restaurant/2GIQB0P6Rw2rZ7iFOSbELg,dacula-georgia
https://www.ubereats.com/atlanta/food-delivery/firehouse-subs-sugarloaf/JwIkOZ2vQ4WlXON9-NR9ug,dacula-georgia
https://www.ubereats.com/atlanta/food-delivery/monterrey-mexican-restaurant-lawrenceville/Bx35gDVfQdWluwTMNSra9A,dacula-georgia
https://www.ubereats.com/atlanta/food-delivery/panda-express-205-athens-highway/QBLApexGTYyqAxi9PUWBlA,dacula-georgia
https://www.ubereats.com/atlanta/food-delivery/friends-american-grill-bethlehem/8okpBAtkSk65DB7NWD3wCg,dacula-georgia
https://www.ubereats.com/atlanta/food-delivery/friends-american-grill-buford/atq3lrqsS6q-rdVw3Dupfw,dacula-georgia
https://www.ubereats.com/atlanta/food-delivery/moes-southwest-grill-4211-atlanta-highway/YHERbtnhSFGLzXXMlZgt0Q,dacula-georgia
https://www.ubereats.com/atlanta/food-delivery/journeys-end-restaurant/30fiEi5hQJy8pPzykrh1vg,dacula-georgia
https://www.ubereats.com/atlanta/food-delivery/el-real-mexican-grill-lawrenceville/U3KuS8zNRZCn-rt-0xeiUg,dacula-georgia
https://www.ubereats.com/atlanta/food-delivery/ihop-955-lawrenceville-suwanee-road/GxqcFem1Skqmw-unB7pNRw,dacula-georgia
https://www.ubereats.com/atlanta/food-delivery/top-wings-and-deli/s2gc5WjaShyqD17ptB_oMA,dacula-georgia
https://www.ubereats.com/atlanta/food-delivery/taco-bell-2583-hamilton-mill-road/6Ehyw7ZzScaP1nQawzCy8Q,dacula-georgia
https://www.ubereats.com/atlanta/food-delivery/wnb-factory-flowery-branch/YKy63mKZSduh7qomkSthww,dacula-georgia
https://www.ubereats.com/atlanta/food-delivery/shanes-rib-shack-4743-atlanta-hwy/eb5jCEMYSrq-nEmaw4B7FA,dacula-georgia
https://www.ubereats.com/atlanta/food-delivery/papa-johns-2380-buford-dr-ste-104/w5AtZ2VWTQ6FbNuEFK6JLA,dacula-georgia
https://www.ubereats.com/atlanta/food-delivery/china-one/aF1wn_piTiKPq353J0uIww,dacula-georgia
https://www.ubereats.com/atlanta/food-delivery/7107-bonefish-grill-3420-state-rd-20/fzxUOk7kQY-en5cC63vxKg,dacula-georgia
https://www.ubereats.com/atlanta/food-delivery/buffalos-cafe-1365-grayson-hwy/PIXt7-EPRoSs40J6QyjYzQ,dacula-georgia
https://www.ubereats.com/atlanta/food-delivery/dunkin-2710-hamilton-mill-rd/Oe0nZ8KNSoqHfV9FY0Dmyw,dacula-georgia
https://www.ubereats.com/atlanta/food-delivery/kung-fu-tea-3480-financial-center-way-m-1000/_hU0qOpWQ3mKQ2hrYcM_Rg,dacula-georgia
https://www.ubereats.com/atlanta/food-delivery/hardees-1505671/8ihCXzS-SQ2Z0aoZKKfesA,dacula-georgia
https://www.ubereats.com/atlanta/food-delivery/edees-place-bbq/v7snd0LJS9maDhkxt3vzqg,dacula-georgia
https://www.ubereats.com/atlanta/food-delivery/natural-defense-lawrenceville/xm2ytqQ2SsymtAFrhjvLTA,dacula-georgia
https://www.ubereats.com/atlanta/food-delivery/rancho-viejo-cantina-%26-terrace/kEiMnKP8SIi8YA6pW6En8Q,dacula-georgia
https://www.ubereats.com/atlanta/food-delivery/tropical-smoothie-cafe-3687-buford-highway/Gvg2D2o2Qs-sZIXXpp5CGQ,dacula-georgia
https://www.ubereats.com/atlanta/food-delivery/shogun-japanese-restaurant/Jjq2Obg0SaCNnqnDLyZhhw,dacula-georgia
https://www.ubereats.com/atlanta/food-delivery/pueblo-maya-mexican-restaurant/dyN7hW_fR2mfT1rHOTSZZw,dacula-georgia
https://www.ubereats.com/atlanta/food-delivery/zoes-kitchen-3205-woodward-crossing-blvd-suite-300/Pvu2x7hsQ1WPGNzaICo6dQ,dacula-georgia
https://www.ubereats.com/atlanta/food-delivery/good-to-go-market/j8H-D6AhRZOcKCM_fuMuWg,dacula-georgia
https://www.ubereats.com/atlanta/food-delivery/taco-bell-4335-atlanta-hwy/Y4ZSVa6qQzmhqffHr6ajMg,dacula-georgia
https://www.ubereats.com/atlanta/food-delivery/fresh-bowl-thai/vRuAFM05Rte22p1s-egGsw,dacula-georgia
https://www.ubereats.com/atlanta/food-delivery/zaxbys-3390-sugarloaf-pkwy/dysyjZtfTH6BhDmoraGu2g,dacula-georgia
https://www.ubereats.com/atlanta/food-delivery/the-ice-cream-shop/SqLkcpwxSRu_Pfa-9Ch3MA,dacula-georgia
https://www.ubereats.com/atlanta/food-delivery/zaxbys-4139-buford-dr/zLqL0YKxT42lnrNR2BI8cA,dacula-georgia
https://www.ubereats.com/atlanta/food-delivery/zaxbys-4333-atlanta-hwy/y265q9zMQdKxhpFBzc-y-Q,dacula-georgia
https://www.ubereats.com/atlanta/food-delivery/kfc-675-georgia-highway-120/mJGfrlyGQU-O0L-4-1KIQw,dacula-georgia
https://www.ubereats.com/atlanta/food-delivery/tropical-smoothie-cafe-860-duluth-hwy/rKNeq9QhRQmsD5Mv0bRj3A,dacula-georgia
https://www.ubereats.com/atlanta/food-delivery/burger-bar-1950-mall-of-georgia-blvd/AeleHHuyTIydMBxmtzVmWg,dacula-georgia
https://www.ubereats.com/atlanta/food-delivery/philly-bistro/LwBFflVyQ9-313XTRm43wQ,dacula-georgia
https://www.ubereats.com/atlanta/food-delivery/burger-king-544-west-pike-street/r-SbnXxmQruJiRLni-OA9g,dacula-georgia
https://www.ubereats.com/atlanta/food-delivery/subway-710-dacula-rd-ste-4c/czb2MYcaR7ePXt-2c21Erw,dacula-georgia
https://www.ubereats.com/atlanta/food-delivery/lolas-mexican-cantina/ugQElnLhQ8ay4VrDJtF-VA,dacula-georgia
https://www.ubereats.com/atlanta/food-delivery/philly-connection-suwanee/0awU51X0TZiK8D4LDkZnpg,dacula-georgia
https://www.ubereats.com/atlanta/food-delivery/marcos-pizza-475-dacula-rd/UbxaqMTRQWu-i1WfSrbYGQ,dacula-georgia
https://www.ubereats.com/atlanta/food-delivery/firehouse-subs-lawrenceville/kzDB61y7TN6dO1gzhW7oXg,dacula-georgia
https://www.ubereats.com/atlanta/food-delivery/i-luv-pho/Xn_fR3ORQ32KyY97OeN5oQ,dacula-georgia
https://www.ubereats.com/atlanta/food-delivery/moes-southwest-grill-bethlehem/BONEpm5BSomXJRfn1fHKtA,dacula-georgia
https://www.ubereats.com/atlanta/food-delivery/ihop-520-carl-bethlehem-road/QiihSXSSQryZ5gd-qkMO8A,dacula-georgia
https://www.ubereats.com/atlanta/food-delivery/frontera-mex-mex-grill-loganville/w2caliJIQU-qYT9m9DDuOQ,dacula-georgia
https://www.ubereats.com/atlanta/food-delivery/captain-ds-54-east-may-street/Qbe9VMqvQTu8xOBoF9WUNA,dacula-georgia
https://www.ubereats.com/atlanta/food-delivery/on-the-border-buford-dr/3JJs5RsJQk2xPpjMgx-SpQ,dacula-georgia
https://www.ubereats.com/atlanta/food-delivery/dunkin-15-grayson-new-hope-rd/RTHzDigNQGm4U6mXuAZMOw,dacula-georgia
https://www.ubereats.com/atlanta/food-delivery/create-%26-bake-pizzeria-buford/edOWTZFgTy6dXj71u9_r4Q,dacula-georgia
https://www.ubereats.com/atlanta/food-delivery/tropicana-fresh-grill-%2B-bar/vrWDcvHpSqqBA07i7mRlow,dacula-georgia
https://www.ubereats.com/atlanta/food-delivery/krispy-krunchy-chicken-flowery-branch/awkcWyTuTZyZLQ-6a_8XpQ,dacula-georgia
https://www.ubereats.com/atlanta/food-delivery/five-guys-ga-0312-798-lawrenceville-suwanee-rd/OLDIiUa2T8am3d1i2fPsYw,dacula-georgia
https://www.ubereats.com/atlanta/food-delivery/applebees-4789-atlanta-hwy/Eap-bSFVTVKjLpm_5KQQOw,dacula-georgia
https://www.ubereats.com/atlanta/food-delivery/the-diner-at-sugar-hill-nelson-brogdon-blvd/MAcx39k6SAa8utZKHKC3Sw,dacula-georgia
https://www.ubereats.com/atlanta/food-delivery/chipotle-mexican-grill-4112-atlanta-hwy-suite-300/5GIKjfrcR_aAvdoC8_uPpQ,dacula-georgia
https://www.ubereats.com/atlanta/food-delivery/tacos-and-tequilas-mexican-grill-financial-ctr-way/SxerapeSTjuU6uXq4f1MBw,dacula-georgia
https://www.ubereats.com/atlanta/food-delivery/which-wich-superior-sandwiches-3320-buford-dr/2-LS_qqTQHCoAAJYkKueCA,dacula-georgia
https://www.ubereats.com/atlanta/food-delivery/asian-garden-atl-%E4%BA%9E%E6%B4%B2%E8%8A%B1%E5%9C%92/VPpjBrRlTeyDOiNWDjWd8Q,dacula-georgia
https://www.ubereats.com/atlanta/food-delivery/teppan-poke-%26-hibachi/U1IxOyT9QOG4xT7enN55RQ,dacula-georgia
https://www.ubereats.com/atlanta/food-delivery/kfc-180-w-athens-street/4SIFZZpxSnCdsZYB9QhSqg,dacula-georgia
https://www.ubereats.com/atlanta/food-delivery/amy-lafayes/7nP_AO_oRJqyRQzKlKdXRA,dacula-georgia
https://www.ubereats.com/atlanta/food-delivery/folks-southern-kitchen-lawrenceville/FPb6O0z4Rmur4dxe1VeVKg,dacula-georgia
https://www.ubereats.com/atlanta/food-delivery/mellow-mushroom-2000-main-st-e/PW4ltwlERnutDEzhjAm0PA,dacula-georgia
https://www.ubereats.com/atlanta/food-delivery/grandmas-ny-pizza-suwanee/MDFPx5HbSpmB89yVM9qJsA,dacula-georgia
https://www.ubereats.com/atlanta/food-delivery/pizza-hut-930-new-hope-rd-%23103/1GsXpREvQpKfPE27RVLYEg,dacula-georgia
https://www.ubereats.com/atlanta/food-delivery/johnnys-new-york-style-pizza-3157-sugarloaf-pkwy/KOSBOf-UTi-8_uLqW8wmFg,dacula-georgia
https://www.ubereats.com/atlanta/food-delivery/cue-barbecue-lawrenceville/p8cRozaYTBeq7SRTtpiycQ,dacula-georgia
https://www.ubereats.com/atlanta/food-delivery/j-christophers-hamilton-mill/m3zL6OOSTOSIgRa_vC4--Q,dacula-georgia
https://www.ubereats.com/atlanta/food-delivery/las-terrazas-cuban-bakery/Gf_CL9T2SPCFcIeNEymTsw,dacula-georgia
https://www.ubereats.com/atlanta/food-delivery/5-brothers-pizza-%26-pasta/oAMTMTsTTlKVESKhT0Kscg,dacula-georgia
https://www.ubereats.com/atlanta/food-delivery/sonnys-bbq-buford/roM3IeMjQcindvO4KRqTlA,dacula-georgia
https://www.ubereats.com/atlanta/food-delivery/papa-johns-1700-winder-hwy/x6Uud5RhSd6-9eJR1qsaQw,dacula-georgia
https://www.ubereats.com/atlanta/food-delivery/latin-taste-cafe/J-nkL2ZLSiyBg0B7BwHCTQ,dacula-georgia
https://www.ubereats.com/atlanta/food-delivery/arbys-46-e-may-st/jUVq5fWHThqAjaZZHmW7mw,dacula-georgia
https://www.ubereats.com/atlanta/food-delivery/paopao-ramen-factory-%26-bar/yAqqDIiKTa-Wv9OUqTlC-A,dacula-georgia
https://www.ubereats.com/atlanta/food-delivery/subway-1700-winder-hwy/8VB5Bsq-Sh-j08O20Jy9AQ,dacula-georgia
https://www.ubereats.com/atlanta/food-delivery/arbys-3300-buford-dr/Q0gsfU5VRXy4bY5VDgyDYA,dacula-georgia
https://www.ubereats.com/atlanta/food-delivery/pamendis-italian-grill/NbibMwF7RDWFKtVJVWLkNQ,dacula-georgia
https://www.ubereats.com/atlanta/food-delivery/hardees-1505890/Pz-86jcqTFKk_uvb-7q4IQ,dacula-georgia
https://www.ubereats.com/atlanta/food-delivery/kenzo-sushi/pUOHoAkeSUqg6ohXO_L4Vg,dacula-georgia
https://www.ubereats.com/atlanta/food-delivery/friends-american-grill-grayson/dmdvwyeGQrS8UWnXxWPv0A,dacula-georgia
https://www.ubereats.com/atlanta/food-delivery/pizza-hut-4685-atlanta-hwy-%23-500/7Q2_NghWTESWEfHhSRt4nw,dacula-georgia
https://www.ubereats.com/atlanta/food-delivery/firehouse-subs-4639-lawrenceville-rd/jdJW3eyPTCi2xCqla9mfnA,dacula-georgia
https://www.ubereats.com/atlanta/food-delivery/taste-8-629-scenic-highwy/OPtqQJxoS86jCqZf0dUPrw,dacula-georgia
https://www.ubereats.com/atlanta/food-delivery/cabos-mex-grill-ridge-rd/QN-RdBjnQE2c7ZyNf7jVtg,dacula-georgia
https://www.ubereats.com/atlanta/food-delivery/cafe-raik/1ROKW_0PTvOaVIsuTMehmQ,dacula-georgia
https://www.ubereats.com/atlanta/food-delivery/louisiana-shack/kaYBQFKBS-aY-BarrBGrcw,dacula-georgia
https://www.ubereats.com/atlanta/food-delivery/taki-japanese-sushi-%26-hibachi-restaurant/gvigOlvtTeCv00tqs5turA,dacula-georgia
https://www.ubereats.com/atlanta/food-delivery/hello-smoothie/zZoVJuEyT_iQUHeGlBmmLw,dacula-georgia
https://www.ubereats.com/atlanta/food-delivery/cuernavaca-grill/g5B8sUmmSJu6DweodKQ3pg,dacula-georgia
https://www.ubereats.com/atlanta/food-delivery/greens-with-things/BMJr9FCtSQWRClEr6IUj3w,dacula-georgia
https://www.ubereats.com/atlanta/food-delivery/sonic-812-dacula-road/_-R_sMl2QR2doySK0XV8Ew,dacula-georgia
https://www.ubereats.com/atlanta/food-delivery/mama-dukes-catering-bbq-and-seafood/VVw9VKA1Swyj4ktEj56tTA,dacula-georgia
https://www.ubereats.com/atlanta/food-delivery/fish-153/g1Fl61oiQQ-tO5Cr8tvsHA,dacula-georgia
https://www.ubereats.com/atlanta/food-delivery/boulder-creek-coffee/UuHt4KWxQOmCvlNmn3ajcA,dacula-georgia
https://www.ubereats.com/atlanta/food-delivery/moes-southwest-grill-2111-hamilton-creek-pkwy/5QxcxNbXTxioLsZode2eVA,dacula-georgia
https://www.ubereats.com/atlanta/food-delivery/jalapeno-mexican-restaurant/mu8A9U7oSJKKvjzaSLtKMw,dacula-georgia
https://www.ubereats.com/atlanta/food-delivery/corner-stop-cafe-lawrenceville/aq-ablPPR-uTY4cgDMSYQA,dacula-georgia
https://www.ubereats.com/atlanta/food-delivery/del-rio-mexican-grill/xL8zRxNFQ-qvKIdMkWlluQ,dacula-georgia
https://www.ubereats.com/atlanta/food-delivery/applebees-544-carl-bethlehem-rd/RTgiHmPrQO-dUYWBDajgqw,dacula-georgia
https://www.ubereats.com/atlanta/food-delivery/jets-pizza-sugarloaf-parkway/aMRRNZmdQQWdpZjZwm5fCQ,dacula-georgia
https://www.ubereats.com/atlanta/food-delivery/china-garden/BaPaDalBRje3_nZLxNJ1lQ,dacula-georgia
https://www.ubereats.com/atlanta/food-delivery/zaxbys-1931-grayson-hwy/dXSVFDjdQdmcvbztaGlrqg,dacula-georgia
https://www.ubereats.com/atlanta/food-delivery/johnnys-new-york-style-pizza-2023-grayson-hwy/K1BXLFwaRy6wEtSGOV-m5Q,dacula-georgia
https://www.ubereats.com/atlanta/food-delivery/buffalo-wild-wings-3333-buford-dr/GL4iK_6QRcWP8-ILMRzUHA,dacula-georgia
https://www.ubereats.com/atlanta/food-delivery/pancake-house-grayson/oJ4cR11LRMqZwqxFQ-yzvg,dacula-georgia
https://www.ubereats.com/atlanta/food-delivery/don-jose-lawrenceville/yBp5JOBSToar3lbu2BeOsQ,dacula-georgia
https://www.ubereats.com/atlanta/food-delivery/luigis-a-slice-of-italy-buford/IQxvSwtHRe2cs1h-i4WrzQ,dacula-georgia
https://www.ubereats.com/atlanta/food-delivery/steak-n-shake-820-lawrenceville-suwanee-rd/E0EnSiEqQOubYj9eu6XW4A,dacula-georgia
https://www.ubereats.com/atlanta/food-delivery/tin-lizzys-cantina-mall-of-ga/pbte58ejSSy58-1HloVlgQ,dacula-georgia
https://www.ubereats.com/atlanta/food-delivery/honey-baked-ham-woodward-crossing-blvd/IlJGcT13SV-WJzTvIhKFyQ,dacula-georgia
https://www.ubereats.com/atlanta/food-delivery/captain-ds-475-west-pike-street/l6QiGD9-SQq-9evGxnv0oA,dacula-georgia
https://www.ubereats.com/atlanta/food-delivery/firehouse-subs-buford/70MPv1J0TImhXNO1VVIylg,dacula-georgia
https://www.ubereats.com/atlanta/food-delivery/burgerfi-lawrenceville/gDbMn-mlTMmaD3StWt0pyQ,dacula-georgia
https://www.ubereats.com/atlanta/food-delivery/checkers-919-buford-drive/dyYVgsobRR28Yz2MVvhRxw,dacula-georgia
https://www.ubereats.com/atlanta/food-delivery/shogun-japanese-restaurant/qKEhw2btSTaQyk2pswSBQQ,dacula-georgia
https://www.ubereats.com/atlanta/food-delivery/zaxbys-1945-parkway-pointe-dr-bethlehem-ga-30620/frXCauJfRtGtRJboIRYGVg,dacula-georgia
https://www.ubereats.com/atlanta/food-delivery/j-buffalo-wings-buford-dr/NC0PwCohTdqKF8cZAY9BlQ,dacula-georgia
https://www.ubereats.com/atlanta/food-delivery/wendys-2385-mall-of-georgia-boulevard/Y3RefT7_Soi3kGMvzvHDbw,dacula-georgia
https://www.ubereats.com/atlanta/food-delivery/j%26r-grill/woQ9Wa1zSeqxvFpBaB1bUA,dacula-georgia
https://www.ubereats.com/atlanta/food-delivery/fridas-mexican-restaurant/T-sfTSg0SQGhraNMoGToXw,dacula-georgia
https://www.ubereats.com/atlanta/food-delivery/taco-mac-mall-of-georgia/hvmzXDJlR06LhOGn7Zk82w,dacula-georgia
https://www.ubereats.com/atlanta/food-delivery/zaxbys-28-e-may-st/146o2bFCQ9WXsM2fuEMnIQ,dacula-georgia
https://www.ubereats.com/atlanta/food-delivery/teriyaki-grill-%26-wings/VhjBQ_skTr-5sR4VBRVvYQ,dacula-georgia
https://www.ubereats.com/atlanta/food-delivery/wendys-260-cooper-road-sw/FzLmqHkcRVaQ-CayXR8Kog,dacula-georgia
https://www.ubereats.com/atlanta/food-delivery/la-citadelle-bakery/LjalgZ3SR-OkSdOBjxVhag,dacula-georgia
https://www.ubereats.com/atlanta/food-delivery/newks-eatery-lawrenceville/C-Na1h34QJWvvVOSp2xV5g,dacula-georgia
https://www.ubereats.com/atlanta/food-delivery/hooters-1950-mall-of-georgia/ehq8y3CfRRKb1MVqciwVYg,dacula-georgia
https://www.ubereats.com/atlanta/food-delivery/dunkin-2115-e-main-st-ste-e/VNnhqLJBQk23o6hDEyiLZw,dacula-georgia
https://www.ubereats.com/athens/food-delivery/moes-southwest-grill-4211-atlanta-highway/YHERbtnhSFGLzXXMlZgt0Q,dacula-georgia
https://www.ubereats.com/atlanta/food-delivery/wendys-165-scenic-hwy/VBTcVEO_T2q_u84sx2O2YQ,dacula-georgia
https://www.ubereats.com/atlanta/food-delivery/wicked-sushi-%26-grill/t1-Uwl-NQQadu1k2GC_ewA,dacula-georgia
https://www.ubereats.com/atlanta/food-delivery/nyc-bodega-dominican-food/tfloTMz8RlSewBmx9gZp_A,dacula-georgia
https://www.ubereats.com/atlanta/food-delivery/brusters-1993-rosebud-road/ka1qNIKkTJS8NL58b_kHwQ,dacula-georgia
https://www.ubereats.com/atlanta/food-delivery/c%26l-jamaican-restaurant/QkxyhPJTQgeURO215h4fwA,dacula-georgia
https://www.ubereats.com/atlanta/food-delivery/subway-2740-braselton-hwy-ste-a/ofLvBZioRSant3QQUzbe1Q,dacula-georgia
https://www.ubereats.com/atlanta/food-delivery/el-molcajete-mexican-restaurant-hamilton-mill-rd/NsDUlIeJSrGD3MgDfR-mBA,dacula-georgia
https://www.ubereats.com/atlanta/food-delivery/macaroni-grill-mall-of-ga/b1rFpwiwSbOL4TG9p3uUwA,dacula-georgia
https://www.ubereats.com/atlanta/food-delivery/captain-ds-2637-main-street-west/klaOtMpYQxeap1PuZ_E9jg,dacula-georgia
https://www.ubereats.com/atlanta/food-delivery/five-spot-frozen-yogurt/apz3faCoRiWi0POTX8kPlA,dacula-georgia
https://www.ubereats.com/athens/food-delivery/macaroni-grill-mall-of-ga/b1rFpwiwSbOL4TG9p3uUwA,dacula-georgia
https://www.ubereats.com/atlanta/food-delivery/burger-bar-860-duluth-highway-suite-900/XFSE5U04QsOy51Knc0maUw,dacula-georgia
https://www.ubereats.com/atlanta/food-delivery/wendys-2110-hamilton-creek-parkway/LIelbzB8RsGjRJD6Q7S5hg,dacula-georgia
https://www.ubereats.com/atlanta/food-delivery/moes-southwest-grill-suwanee/Hxft3BmCT7Ck1Fbt1Fh3Vw,dacula-georgia
https://www.ubereats.com/athens/food-delivery/johnnys-new-york-style-pizza-2023-grayson-hwy/K1BXLFwaRy6wEtSGOV-m5Q,dacula-georgia
https://www.ubereats.com/atlanta/food-delivery/farmers-basket/NUKRwvaOT3-9ZJcUbnQM2g,dacula-georgia
https://www.ubereats.com/atlanta/food-delivery/twisted-tavern-nelson-brogdon-blvd/8LCivTBgQm2O7Un7EFpZvw,dacula-georgia
https://www.ubereats.com/atlanta/food-delivery/grand-china/S8YcUAIISfaCLnAmnE29EA,dacula-georgia
https://www.ubereats.com/atlanta/food-delivery/friends-american-grill-dacula/a3D08Wc5Tk6Bt8KHR0tS6Q,dacula-georgia
https://www.ubereats.com/atlanta/food-delivery/yuka-roll-and-pho/9AGbu75CSdq7QobrEz4X1g,dacula-georgia
https://www.ubereats.com/atlanta/food-delivery/subway-630-collins-hill-rd/J24QYWl3Q3Wfw3IOub0lJw,dacula-georgia
https://www.ubereats.com/atlanta/food-delivery/parkside-district/RgQjfGwYRgeC6CGOaAQK8A,dacula-georgia
https://www.ubereats.com/atlanta/food-delivery/jersey-mikes-subs-4211-atlanta-highway/nLMesGo7Sqi1iD9ZhMBcqg,dacula-georgia
https://www.ubereats.com/atlanta/food-delivery/fernandos-mexican-restaurant/1FEEOkRvT7qDemuNEjA1rw,dacula-georgia
https://www.ubereats.com/atlanta/food-delivery/ihop-3463-lawrenceville-suwannee-road/5QkdFTW8SxK7-yS-cuGI7A,dacula-georgia
https://www.ubereats.com/atlanta/food-delivery/the-5-spot-cafe/31fOCirURR-yf42Ej-xgYw,dacula-georgia
https://www.ubereats.com/atlanta/food-delivery/krystal-510-west-pike-st/udFkUAPzQ56riQwR-hze1g,dacula-georgia
https://www.ubereats.com/atlanta/food-delivery/kennys-rockin-ribs/EMG6V3tNTaS8Dc7viPAkDQ,dacula-georgia
https://www.ubereats.com/atlanta/food-delivery/ruby-tuesday-25-south-broad-st/AiZRP7UXRMug02IN2QJPaA,dacula-georgia
https://www.ubereats.com/atlanta/food-delivery/five-guys-ga-0250-3465-braselton-hwy/NQN-UWlAQAyiuxeb6_bqhQ,dacula-georgia
https://www.ubereats.com/atlanta/food-delivery/burger-five/o_NmDmsXT06dl6VgUp9Z-Q,dacula-georgia
https://www.ubereats.com/atlanta/food-delivery/willys-mexicana-grill-938-hghway-120/3Cu78MOnS_eRTe0PKMvaFA,dacula-georgia
https://www.ubereats.com/atlanta/food-delivery/cuban-sandwich-to-go-cafe/WTPyXSReQqa2V8SHRTSmlQ,dacula-georgia
https://www.ubereats.com/atlanta/food-delivery/warri-kitchen/jVw8otfnSD-4BS0AGZDE6g,dacula-georgia
https://www.ubereats.com/atlanta/food-delivery/delight-grill-mediterranean-restaurant/dQhVyEpYRT-smdG4Zyr_vQ,dacula-georgia
https://www.ubereats.com/atlanta/food-delivery/shanes-rib-shack-1911-grayson-hwy/TZBehl0CRAyak-wHB2IvMw,dacula-georgia
https://www.ubereats.com/athens/food-delivery/papa-johns-17-monroe-hwy-suite-d/51BW7L1nRoCirY49d9sLyA,dacula-georgia
https://www.ubereats.com/atlanta/food-delivery/panda-express-snellville-1830-scenic-highway-124/QtfzyYFZQiij8QnP48R_1g,dacula-georgia
https://www.ubereats.com/atlanta/food-delivery/trophy-club-of-apalachee/qGee5GwrSsa2CDvvGOFVdA,dacula-georgia
https://www.ubereats.com/atlanta/food-delivery/zaxbys-2620-winder-hwy-dacula-ga-30019/x5s2jWLYQey81iMABjCUIQ,dacula-georgia
https://www.ubereats.com/atlanta/food-delivery/the-wing-suite-llc/xAJShzxeRMCZE4VnATmeoQ,dacula-georgia
https://www.ubereats.com/atlanta/food-delivery/forever-family-soulfood/UB8E6leURMyKZyR7O_lF-Q,dacula-georgia
https://www.ubereats.com/atlanta/food-delivery/applebees-655-duluth-hwy/NSRRE07wTxaNAquBy7qnvw,dacula-georgia
https://www.ubereats.com/atlanta/food-delivery/real-olive/N2G5i9y7Ta6V0p5AqBAMhQ,dacula-georgia
https://www.ubereats.com/atlanta/food-delivery/burger-king-942-buford-dr/pjUleBE1SJiAcg7_QpC_xQ,dacula-georgia
https://www.ubereats.com/atlanta/food-delivery/city-lines-bar-%26-grill/T6pvm-pkQfaMm_CVZPopGg,dacula-georgia
https://www.ubereats.com/atlanta/food-delivery/subway-2380-buford-dr/FYRZym04R_-AHxuoy0gTpA,dacula-georgia
https://www.ubereats.com/atlanta/food-delivery/european-sports-cafe/_NYFet0gT6y4ZaPPb6FbqA,dacula-georgia
https://www.ubereats.com/atlanta/food-delivery/golden-palace/Uk8nRTrcRNGU8_g2m8G_Jw,dacula-georgia
https://www.ubereats.com/atlanta/food-delivery/jays-caribbean-cuisine/gymJw1WrSlGShqjIwY4VpA,dacula-georgia
https://www.ubereats.com/atlanta/food-delivery/newk-eatery-buford/x8vf0ALySnG2m54OupTQEw,dacula-georgia
https://www.ubereats.com/atlanta/food-delivery/anatolia-cafe/pHcluV-iT4u4umVoa1wEYg,dacula-georgia
https://www.ubereats.com/atlanta/food-delivery/cakes-castle/gHXAze_WRkKNcLfXK6LMyg,dacula-georgia
https://www.ubereats.com/atlanta/food-delivery/firehouse-subs-3465-braselton-hwy-ste-150/3zLNYSClTQ6RZMzbappwNg,dacula-georgia
https://www.ubereats.com/atlanta/food-delivery/phocom-lawrenceville/xlF6sg9-TsqPbBAD4OYeIg,dacula-georgia
https://www.ubereats.com/atlanta/food-delivery/friends-american-grill-winder/7grm1o_vR5e6X9njIxnV3Q,dacula-georgia
https://www.ubereats.com/atlanta/food-delivery/pizza-hut-2760-braselton-hwy/3ppX1EaVTL21dSJY2vdwfQ,dacula-georgia
https://www.ubereats.com/athens/food-delivery/pamendis-italian-grill/NbibMwF7RDWFKtVJVWLkNQ,dacula-georgia
https://www.ubereats.com/atlanta/food-delivery/jittery-joes/IabAoHr9RRusXc5ZkEQrDw,dacula-georgia
https://www.ubereats.com/atlanta/food-delivery/sonic-299-grayson-highway/K4YsPFV0TPCkmEK2kjq3Ag,dacula-georgia
https://www.ubereats.com/atlanta/food-delivery/jersey-mikes-subs-snellville/ejsnCBhkStOiGrFdtBS9cA,dacula-georgia
https://www.ubereats.com/atlanta/food-delivery/jamaican-flavors/n9aTsEt7QcWKA_vhZMYNnw,dacula-georgia
https://www.ubereats.com/atlanta/food-delivery/churchs-chicken-970-new-hope-road/P9PArl6iQbSY2BH_7FjCaQ,dacula-georgia
https://www.ubereats.com/atlanta/food-delivery/smokey-bones-mall-of-georgia/NoL_blf4S42R5CMWF8sFWA,dacula-georgia
https://www.ubereats.com/atlanta/food-delivery/pita-corner/scz1GKKwTQKHvXJYRXXm9g,dacula-georgia
https://www.ubereats.com/atlanta/food-delivery/subway-1475-buford-dr/75V_42ZeRWSSuyA5rjcNxg,dacula-georgia
https://www.ubereats.com/atlanta/food-delivery/taco-bell-555-dacula-road/wDke1zbxQemRQV60b3Akpw,dacula-georgia
https://www.ubereats.com/atlanta/food-delivery/el-fogon-mexican-cantina-%26-grill/-izWhTl6SN6Yb-XPOZ3lXw,dacula-georgia
https://www.ubereats.com/atlanta/food-delivery/five-guys-ga-0437-4018-atlanta-hwy/_oqhHbLrRm6MMmKAdHg8rQ,dacula-georgia
https://www.ubereats.com/atlanta/food-delivery/moes-soulfood-kitchen/9epvstLFQzChSuRvvYqO0A,dacula-georgia
https://www.ubereats.com/atlanta/food-delivery/schlotzskys-deli-2941-lawrenceville-suwanee-road/bj9kJ9LDS3OphHx1zsdi6w,dacula-georgia
https://www.ubereats.com/atlanta/food-delivery/thai-diner-%26-sushi-sugarloaf-pkwy/ylJnJX0ZQ9qI4T6Ga_eIEA,dacula-georgia
https://www.ubereats.com/atlanta/food-delivery/amandas-barbeeque-and-catering-services/wlETEfTTTY2lwvkEsmekZQ,dacula-georgia
https://www.ubereats.com/atlanta/food-delivery/panda-express-lawrenceville-900-duluth-hwy-120/1Ugax4-fTFeGWFIrZs6lZg,dacula-georgia
https://www.ubereats.com/atlanta/food-delivery/hong-kong-garden/n8DZsfa1QIWqnzYvrRdl5Q,dacula-georgia
https://www.ubereats.com/atlanta/food-delivery/hooters-duluth-hwy-%26-university-pkwy/6OZiBNWfTF-EM1CWxxZtlw,dacula-georgia
https://www.ubereats.com/atlanta/food-delivery/teriyaki-box/k3pUxb9OSbKRquOpWWjmDA,dacula-georgia
https://www.ubereats.com/atlanta/food-delivery/taco-bell-685-duluth-hwy/2m83d_caQ5qTkpWyA86ceg,dacula-georgia
https://www.ubereats.com/atlanta/food-delivery/italian-pizza-pie-dacula/UILRVx9pT--5KP1sF4uUZg,dacula-georgia
https://www.ubereats.com/atlanta/food-delivery/pizza-hut-1164-lawrenceville-highway/Q9PBDRXzQdS4KziWBeZ_fg,dacula-georgia
https://www.ubereats.com/atlanta/food-delivery/chipotle-mexican-grill-860-duluth-hwy-ste-320/iBq-ueKPTVy6_wunNwQy6w,dacula-georgia
https://www.ubereats.com/atlanta/food-delivery/moes-southwest-grill-900-duluth-highway-suite-%231000/Lbsv9s1KRKSwHWzA84rK6w,dacula-georgia
https://www.ubereats.com/atlanta/food-delivery/pf-changs-3333-buford-dr-space-va03/LPZ0-xpATMqWSHKvBBnIKg,dacula-georgia
https://www.ubereats.com/atlanta/food-delivery/spice-wing-loganville/6kphawvOTt6JSAN_uKrUwg,dacula-georgia
https://www.ubereats.com/atlanta/food-delivery/ocharleys-3217-buford-dr/_9Pve-I5S1a8rgY6fSffLQ,dacula-georgia
https://www.ubereats.com/athens/food-delivery/5-brothers-pizza-%26-pasta/oAMTMTsTTlKVESKhT0Kscg,dacula-georgia
https://www.ubereats.com/atlanta/food-delivery/papa-johns-514-w-pike-st/6r_hNLwhR7GPthfSrA5b_Q,dacula-georgia
https://www.ubereats.com/atlanta/food-delivery/stevi-bs-pizza-buffet-snellville/FruJvvv3SDOCV3YSPgKAFA,dacula-georgia
https://www.ubereats.com/atlanta/food-delivery/cielo-blue-loganville/YGBk5XiMTM2pvWZ_pM7vBQ,dacula-georgia
https://www.ubereats.com/athens/food-delivery/las-terrazas-cuban-bakery/Gf_CL9T2SPCFcIeNEymTsw,dacula-georgia
https://www.ubereats.com/atlanta/food-delivery/tropical-smoothie-cafe-the-shoppes-at-shawnee-ridge/eiFiDSuJSvuc0pHTNqzyYA,dacula-georgia
https://www.ubereats.com/atlanta/food-delivery/hibachicom-suwanee/opHn_4B_SciJy2qsgS4RVA,dacula-georgia
https://www.ubereats.com/atlanta/food-delivery/dunkin-557-dacula-rd/chcdpDweRESby2zxPv922g,dacula-georgia
https://www.ubereats.com/atlanta/food-delivery/starbucks-hwy-120-%26-hwy-316/me2tT-sDTDmfE0TqH6ddEQ,dacula-georgia
https://www.ubereats.com/atlanta/food-delivery/strange-taco-bar/9-WUWurfTdur0SXcors54w,dacula-georgia
https://www.ubereats.com/atlanta/food-delivery/the-village-bar-%26-restaurant/s5xUAGj7TL6fqHJtX-jtuQ,dacula-georgia
https://www.ubereats.com/atlanta/food-delivery/italian-pie-scenic-hwy/FCNt8pt-SyaE6CtT7C0hXQ,dacula-georgia
https://www.ubereats.com/atlanta/food-delivery/lucha-taqueria-libre/uRHJgchzS4OoBQa92Tpkxw,dacula-georgia
https://www.ubereats.com/atlanta/food-delivery/wnb-factory-wings-%26-burger-snellville-2/8ROcz5RXRlyT3QcoYOBk3w,dacula-georgia
https://www.ubereats.com/atlanta/food-delivery/santa-lucia-brazilian-steakhouse/xqHsXRngQiKhT_NAkIWI9A,dacula-georgia
https://www.ubereats.com/atlanta/food-delivery/asian-max-snellville/L9AhPKdiRMy7WeWkN_fLlw,dacula-georgia
https://www.ubereats.com/atlanta/food-delivery/pita-mediterranean-street-food-dacula/oEZ-uYHETy-WMXqCSfQ_bg,dacula-georgia
https://www.ubereats.com/atlanta/food-delivery/adriatic-grill-corporation/OeG39z-WQtaDaZHmpxXVWg,dacula-georgia
https://www.ubereats.com/atlanta/food-delivery/marisqueria-costa-pacifico/-PRuky14QImXvkRdBKvdzw,dacula-georgia
https://www.ubereats.com/atlanta/food-delivery/ihop-4122-buford-dr/AaPseuc1SF-miIA19nCOqw,dacula-georgia
https://www.ubereats.com/atlanta/food-delivery/pita-mediterranean-street-food-suwanee/2zznWwV-SJ2k9-VaA1XRzg,dacula-georgia
https://www.ubereats.com/atlanta/food-delivery/bibas-italian-restaurant/wAqdbNzrS_yAphVK1Af1_A,dacula-georgia
https://www.ubereats.com/atlanta/food-delivery/red-lobster-3230-buford-drive/XYdFAUwfROKLx8NAxJ7JNw,dacula-georgia
https://www.ubereats.com/atlanta/food-delivery/zaxbys-3460-braselton-hwy/NJKrdQSXTK67pdqshI-0Zg,dacula-georgia
https://www.ubereats.com/atlanta/food-delivery/dunkin-845-scenic-hwy-bldg-e/WLDpdCm6SgiQUsgdUjakBg,dacula-georgia
https://www.ubereats.com/atlanta/food-delivery/creamistry-3333-buford-drive-suite-vb02/F5ezGuh3QnCviUZIgg5X4w,dacula-georgia
https://www.ubereats.com/atlanta/food-delivery/zaxbys-1780-scenic-hwy-n-snellville-ga-30078/7s0ES4c2QiSoPSwUy7qJzA,dacula-georgia
https://www.ubereats.com/atlanta/food-delivery/the-wing-place/LJwVCVpNTNutzmVrdblA6w,dacula-georgia
