url,city
https://www.ubereats.com/connecticut/food-delivery/spice-indian-cuisine-bethel/L6nchoaLRhSXGpOV3aqUyw,danbury-connecticut
https://www.ubereats.com/connecticut/food-delivery/baja-cocina/KYNX0yobTyW0wQDhhis8Tg,danbury-connecticut
https://www.ubereats.com/connecticut/food-delivery/ibiza-tapas/qYmWcfXgSW-TBAZjxGArng,danbury-connecticut
https://www.ubereats.com/connecticut/food-delivery/wing-it/yIOk5r9SQTukCoZj5FLGVw,danbury-connecticut
https://www.ubereats.com/connecticut/food-delivery/starbucks-danbury-newtown-road/w7D66z-FSNmCPCYkChrjgA,danbury-connecticut
https://www.ubereats.com/connecticut/food-delivery/bethel-pizza-house/MhZHA1cJT1CxBjbT8_8Unw,danbury-connecticut
https://www.ubereats.com/connecticut/food-delivery/dunkin-603-danbury-rd/MYtq86pgQz251Y0H2spz6A,danbury-connecticut
https://www.ubereats.com/connecticut/food-delivery/the-new-brookfield-market-%26-deli/fxARs-_USJ6i-Fy4b7dkCw,danbury-connecticut
https://www.ubereats.com/connecticut/food-delivery/pio-pio/XRTmHwNmRdqJxyiEOPrxSw,danbury-connecticut
https://www.ubereats.com/connecticut/food-delivery/jesters-coffee/ggLOIfLhQWSiu0OOGUPudQ,danbury-connecticut
https://www.ubereats.com/connecticut/food-delivery/buffalo-wild-wings-26-backus-avenue/0U74tWJvSFSTGNW6fbullQ,danbury-connecticut
https://www.ubereats.com/connecticut/food-delivery/lous-deli/ekFzvGtJS2evCylI7Z-tSA,danbury-connecticut
https://www.ubereats.com/connecticut/food-delivery/kfc-danbury/9hr_WTc2QOmtRPJ1L6lotA,danbury-connecticut
https://www.ubereats.com/connecticut/food-delivery/starbucks-mill-plain-road/4MXZnv9eQfO3-nRtg5ivCw,danbury-connecticut
https://www.ubereats.com/connecticut/food-delivery/papa-johns-pizza-danbury/tmhYAgjOR1q5MmTxLpemGA,danbury-connecticut
https://www.ubereats.com/connecticut/food-delivery/michaels-ii-cafe/h1U70RjES8aufRfLVLpbhg,danbury-connecticut
https://www.ubereats.com/connecticut/food-delivery/mill-plain-diner/FrZpuxN2TVO7HWbx0lNeFA,danbury-connecticut
https://www.ubereats.com/connecticut/food-delivery/subway-23-padanaram-rd/aRJM0lGETO-9od2E9B4kXQ,danbury-connecticut
https://www.ubereats.com/connecticut/food-delivery/haagen-dazs-7-backus-avenue/mJpIrR2wToSgQSPlUcsZ-Q,danbury-connecticut
https://www.ubereats.com/connecticut/food-delivery/la-kabanita-35-white-st/EV106i0CQ3iZ_mFuCBLBmw,danbury-connecticut
https://www.ubereats.com/connecticut/food-delivery/panda-house-danbury/VgdzauqVRcqlblX4T4UmWA,danbury-connecticut
https://www.ubereats.com/connecticut/food-delivery/francos-deli-and-pizza/46xQhnyuRieWUb-3qPXRmw,danbury-connecticut
https://www.ubereats.com/connecticut/food-delivery/burger-king-12-padanaran-road/aKIMspEqSBe8v0GAOQYB5Q,danbury-connecticut
https://www.ubereats.com/connecticut/food-delivery/subway-67-newtown-rd/-7PmtZOdQCiK9yRk5dB-jA,danbury-connecticut
https://www.ubereats.com/connecticut/food-delivery/augies-numero-1/8OO2U5doQ-mJ9x5mY1hvJA,danbury-connecticut
https://www.ubereats.com/connecticut/food-delivery/subway-30-germantown-rd/eIaNB8eYQ_KYd-QCqrVv3w,danbury-connecticut
https://www.ubereats.com/connecticut/food-delivery/kennedy-fried-chicken/rTgMbU09SOiHd7GD2X-Kqg,danbury-connecticut
https://www.ubereats.com/connecticut/food-delivery/boost-bowls/1N8DdvQCQdiNRP135645KQ,danbury-connecticut
https://www.ubereats.com/connecticut/food-delivery/burger-monster/NlF4oBoMTH-8yRmlNNnEgg,danbury-connecticut
https://www.ubereats.com/connecticut/food-delivery/wayback-burgers-71-newtown-road/p2p6L5LoTY-6GEACbPh35g,danbury-connecticut
https://www.ubereats.com/connecticut/food-delivery/captain-lous-chowdah-house/mdBLYiAfTFCG43790inUiQ,danbury-connecticut
https://www.ubereats.com/connecticut/food-delivery/britos-restaurant/e2XN646jTIGhXXLB2pEESg,danbury-connecticut
https://www.ubereats.com/connecticut/food-delivery/espinal-grocery/K6dOHEE4TUq_bZPshCbHLA,danbury-connecticut
https://www.ubereats.com/connecticut/food-delivery/starbucks-danbury-route-84-at-north-st/GQveqM9cSdS773uOafkx_A,danbury-connecticut
https://www.ubereats.com/connecticut/food-delivery/the-burger-spot/dSQrT2vARrynUBfuD9Qeuw,danbury-connecticut
https://www.ubereats.com/connecticut/food-delivery/zaytuna-restaurant/3ApUDQXpTZWb-X-0XEBq8Q,danbury-connecticut
https://www.ubereats.com/connecticut/food-delivery/taco-bell-392-main-st/e2V-LHcARK-k435JUB9xyQ,danbury-connecticut
https://www.ubereats.com/connecticut/food-delivery/thai-delight-restaurant/4QXWPdV0Rr-YI61dadp6XA,danbury-connecticut
https://www.ubereats.com/connecticut/food-delivery/mothership-on-main/BcMcsMZjTL-Hvw-Xq2mzYw,danbury-connecticut
https://www.ubereats.com/connecticut/food-delivery/starbucks-danbury/MLh4mZcATXOyX2QIur3Ktw,danbury-connecticut
https://www.ubereats.com/connecticut/food-delivery/the-cue/JoMpDf34Tta0WBywxdYxRQ,danbury-connecticut
https://www.ubereats.com/connecticut/food-delivery/kusulyn-restaurant/6qw_tQ9LQ16CK-vSWp8wUw,danbury-connecticut
https://www.ubereats.com/connecticut/food-delivery/mediterranean-grill/Zwf2nojySR2wFM4bnAUilQ,danbury-connecticut
https://www.ubereats.com/connecticut/food-delivery/five-guys-ct-4009-106-federal-rd/REwISF3pS-eeo2FoanCYVw,danbury-connecticut
https://www.ubereats.com/connecticut/food-delivery/popeyes-louisiana-kitchen-danbury-ct/k98qQ_d_Ra-pLORVuRQ0Ow,danbury-connecticut
https://www.ubereats.com/connecticut/food-delivery/curvys-cupcakes-%26-confections/BRH-zcS9QRG1MpyMhMi3MA,danbury-connecticut
https://www.ubereats.com/connecticut/food-delivery/century-buffet/FUCzoj3BR9697pDny26FAw,danbury-connecticut
https://www.ubereats.com/connecticut/food-delivery/koo-restaurant/KRxC7J-kTPOwuRH8duOlMA,danbury-connecticut
https://www.ubereats.com/connecticut/food-delivery/wendys-36-federal-road/5b7h3nGqTQuZ_Q-mk4xagA,danbury-connecticut
https://www.ubereats.com/connecticut/food-delivery/mcdonalds-danbury-berk-s-c/StJHbuHMRwWXIyqA7_iIow,danbury-connecticut
https://www.ubereats.com/connecticut/food-delivery/lorees-kitchen-and-catering/_o7_XbA1TgKuek1smnFuJg,danbury-connecticut
https://www.ubereats.com/connecticut/food-delivery/three-brothers-diner/V9_e43U3QGaZgZCmTxdfvg,danbury-connecticut
https://www.ubereats.com/connecticut/food-delivery/toozy-patza-pizza/s531IpX-QYSSvV-mZ8GhoQ,danbury-connecticut
https://www.ubereats.com/connecticut/food-delivery/early-bird-cafe/wCPJwL1KSxqwDwBv1iHo3A,danbury-connecticut
https://www.ubereats.com/connecticut/food-delivery/the-wing-spot/g3jmYZ_KRsysrRwG7-O3wA,danbury-connecticut
https://www.ubereats.com/connecticut/food-delivery/oc-organic-kitchen-sandwich-soups-and-salads/5Dayu6_mTRerugvaFWpQlg,danbury-connecticut
https://www.ubereats.com/connecticut/food-delivery/uncle-gs-comfort-food/L-5QIuFfRb6eaOFr8xC6lw,danbury-connecticut
https://www.ubereats.com/connecticut/food-delivery/gordons-delicafe/Szmz7cYfRwWAInqzwhPoug,danbury-connecticut
https://www.ubereats.com/connecticut/food-delivery/white-turkey-deli/RNri2A8cQ_6hxoZ6peRAhg,danbury-connecticut
https://www.ubereats.com/connecticut/food-delivery/sobol-ridgefield/ifPtQoPsTiWtBxUb67Gauw,danbury-connecticut
https://www.ubereats.com/connecticut/food-delivery/chipotle-mexican-grill-7-backus-ave/4IUL8SeFRsqBZ9eBl1pQ6Q,danbury-connecticut
https://www.ubereats.com/connecticut/food-delivery/le-madri-ristorante-%26-bar/2RI1UhilTguqtb_1zwOzVQ,danbury-connecticut
https://www.ubereats.com/connecticut/food-delivery/pho-vietnam/9FZgAMxwSpqpZ42SpVlhmg,danbury-connecticut
https://www.ubereats.com/connecticut/food-delivery/red-lobster-34-backus-avenue/fVMLBKvRTJaHTe1zJjl49w,danbury-connecticut
https://www.ubereats.com/connecticut/food-delivery/kfc-danbury-north/a742l1n6ShutTg1NVHBAMA,danbury-connecticut
https://www.ubereats.com/connecticut/food-delivery/mcdonalds-danbury-padanaru/TPV80c1ySQyTGzvSP6qw5A,danbury-connecticut
https://www.ubereats.com/connecticut/food-delivery/burger-king-40-backus-ave/tUFynN0pQtmGRHjQ7iZO7g,danbury-connecticut
https://www.ubereats.com/connecticut/food-delivery/taco-bell-84-newtown-rd/WBuLgUrPTUeoBcAH5Tez8g,danbury-connecticut
https://www.ubereats.com/connecticut/food-delivery/burger-king-66-newtown-road/JGGi236FQta2c2XjcrhqKA,danbury-connecticut
https://www.ubereats.com/connecticut/food-delivery/the-hummus-%26-pita-co-danbury/bRIcrj4sTXKZdaa-pBv_RQ,danbury-connecticut
https://www.ubereats.com/connecticut/food-delivery/subway-7-backus-ave/63JXsP6kS4SidOrQKkwXAQ,danbury-connecticut
https://www.ubereats.com/connecticut/food-delivery/planet-pizza/IiHU58LKTUqWxve2urvAJg,danbury-connecticut
https://www.ubereats.com/connecticut/food-delivery/royal-guard-danbury/eNxW7Rd0ToaOhjMZ-5VqEg,danbury-connecticut
https://www.ubereats.com/connecticut/food-delivery/julias-deli-market/lmDmI2S8TC-7VeLq1Sf1iw,danbury-connecticut
https://www.ubereats.com/connecticut/food-delivery/the-healthy-greek/2Lql2RgZTiO8xxuFDcLBXg,danbury-connecticut
https://www.ubereats.com/connecticut/food-delivery/subway-317-main-st/9yCuZy9hSViX4ulazFCHcQ,danbury-connecticut
https://www.ubereats.com/connecticut/food-delivery/five-guys-ct-0112-255-south-main-st/8-jzk_QnS0SAkj-BL6msTg,danbury-connecticut
https://www.ubereats.com/connecticut/food-delivery/burgerim-7-federal-rd/9Cm-Cd1JQlWo3yUt2fbPog,danbury-connecticut
https://www.ubereats.com/connecticut/food-delivery/lulus-luncheonette/fliU9kxySZKiXEVFjnkq7Q,danbury-connecticut
https://www.ubereats.com/connecticut/food-delivery/tivoli-pizza-%26-trattoria/X8OW14woREm5D0aOIq2uhw,danbury-connecticut
https://www.ubereats.com/connecticut/food-delivery/beijing/Zvxk61YOTsaUrKsJjIqf-A,danbury-connecticut
https://www.ubereats.com/connecticut/food-delivery/poke-house/XHF_qPcmRfykDdVnIkrOBQ,danbury-connecticut
https://www.ubereats.com/connecticut/food-delivery/india-kitchen/h0TTaDnSSnKR8VnTf7kk_A,danbury-connecticut
https://www.ubereats.com/connecticut/food-delivery/bambu-modern-asian-danbury/PzZxtanlQtGgV8GdnpOjZw,danbury-connecticut
https://www.ubereats.com/connecticut/food-delivery/cinnabon-7-backus-avenue/Y48WRUaDRAKq67kU9pwgBA,danbury-connecticut
https://www.ubereats.com/connecticut/food-delivery/the-bethel-hot-dog-palace/_kBbOdUpRgadBYAb63zl4w,danbury-connecticut
https://www.ubereats.com/connecticut/food-delivery/cold-stone-creamery-28-backus-avenue/hj-9FIEzTdK5XUy2p2gz5A,danbury-connecticut
https://www.ubereats.com/connecticut/food-delivery/stanleys-sweet-treats-bakery/oi2NhEsWTxKMOhD-ZBySaA,danbury-connecticut
https://www.ubereats.com/connecticut/food-delivery/boston-market-61-newtown-road/VzTM0daVRQ6FRIxdsnRSZQ,danbury-connecticut
https://www.ubereats.com/connecticut/food-delivery/amigos-deli/zRw6_zUCR06shyfETbyBpA,danbury-connecticut
https://www.ubereats.com/connecticut/food-delivery/amba-palace-pembroke-rd/zcBhHOm2Qzq_KtNz7GgdTQ,danbury-connecticut
https://www.ubereats.com/connecticut/food-delivery/cream-%26-sugar-cafe/MQjZLDanS5mQI-E7KJYw7Q,danbury-connecticut
https://www.ubereats.com/connecticut/food-delivery/tequila-escape-kitchen-%2B-cocktail-bar/cE1XVBwrRf2LXS8uXIUHVw,danbury-connecticut
https://www.ubereats.com/connecticut/food-delivery/c-%26-c-deli/V2As8O-PTiCQsvXSizodkw,danbury-connecticut
https://www.ubereats.com/connecticut/food-delivery/westside-deli-%26-catering-danbury/EIoc8McjRLCxt8zRUp_9kg,danbury-connecticut
https://www.ubereats.com/connecticut/food-delivery/frankies-family-restaurant-brookfield/PfbLYM94T-2a0pCkMUN28g,danbury-connecticut
https://www.ubereats.com/connecticut/food-delivery/moes-southwest-grill-174-federal-rd/FjuSFUM1RgqeRurkKBGEbg,danbury-connecticut
https://www.ubereats.com/connecticut/food-delivery/chipotle-mexican-grill-115-mill-plain-rd/CvrwbHnOQy2wzVs2cPPugQ,danbury-connecticut
https://www.ubereats.com/connecticut/food-delivery/dolce-restaurant-%26-wine-bar-b-mill-plain-rd/ioCjfdmXROiCE1tRLvuHQQ,danbury-connecticut
https://www.ubereats.com/connecticut/food-delivery/nikos-grill-and-subs/UHhXwvqxQv2_R5KGocJaCQ,danbury-connecticut
https://www.ubereats.com/connecticut/food-delivery/subway-213-greenwood-ave/98oFo3MVSb6Tyo6AzI0FjQ,danbury-connecticut
https://www.ubereats.com/connecticut/food-delivery/white-street-deli/nnWb3xdeTfyYKthPg91FOQ,danbury-connecticut
https://www.ubereats.com/connecticut/food-delivery/grille-factory/tEATvnXYTEuYADRzxwKZyQ,danbury-connecticut
https://www.ubereats.com/connecticut/food-delivery/xays-kitchen/CeVET85ESHaLUvnEzkP_JA,danbury-connecticut
https://www.ubereats.com/connecticut/food-delivery/panera-5a-sugar-hollow-road/JBn3R9R9T0yR7GGBEna5pg,danbury-connecticut
https://www.ubereats.com/connecticut/food-delivery/nardellis-grinder-shoppedanbury/iw8L58WsQd2-7wUbNnKT5w,danbury-connecticut
https://www.ubereats.com/connecticut/food-delivery/little-caesars-danbury/2MjTQ0WXRU2-GTbnYHrptQ,danbury-connecticut
https://www.ubereats.com/connecticut/food-delivery/123-lets-eat!/s3T8ep_iTDCnz_bwL_wBgQ,danbury-connecticut
https://www.ubereats.com/connecticut/food-delivery/la-diferencia/5EGVlJ1GQ_uN_4LgK2WAYA,danbury-connecticut
https://www.ubereats.com/connecticut/food-delivery/holiday-diner/GbTq3b08QTmWkmF4Cyhmqw,danbury-connecticut
https://www.ubereats.com/connecticut/food-delivery/ichiro-japanese-restaurant/jhnCuysORaK4FP0RgLpdvg,danbury-connecticut
https://www.ubereats.com/connecticut/food-delivery/auntie-annes-7-backus-avenue-store-%23-213/JTGhxppqTn6wSDAfn3j7pw,danbury-connecticut
https://www.ubereats.com/connecticut/food-delivery/bistro-mediteranean-tapas-bar/ThgxSMTJTOWsZIDoIL7HGw,danbury-connecticut
https://www.ubereats.com/connecticut/food-delivery/monroe-diner/BqUxiTieTyWS39c47snvMw,danbury-connecticut
https://www.ubereats.com/connecticut/food-delivery/applebees-57-federal-road/TPVc4NNrTr-jtSuaBWX7IA,danbury-connecticut
https://www.ubereats.com/connecticut/food-delivery/atlantic-resturant/qFQyEkXYQHamB5tPvf4gsQ,danbury-connecticut
https://www.ubereats.com/connecticut/food-delivery/pieology-pizzeria-brookfield/lQZmAItURWG1lVGsVPqKZw,danbury-connecticut
https://www.ubereats.com/connecticut/food-delivery/dennys-61-newtown-rd/ehI8u5AyQfKPcRql_om0-A,danbury-connecticut
https://www.ubereats.com/connecticut/food-delivery/elmers-diner-padanaram-rd/qZYHh_6CRWmw6icE_GEIJA,danbury-connecticut
https://www.ubereats.com/connecticut/food-delivery/arbys-118-federal-rd/hyP5Fq4cRfe7D81cIgqWHg,danbury-connecticut
https://www.ubereats.com/connecticut/food-delivery/jersey-mikes-subs-227-federal-rd/38Xs1QP9TnWbcWhGMskzog,danbury-connecticut
https://www.ubereats.com/connecticut/food-delivery/burger-king-265-greenwood-avenue/rpDvgIIsSLeNlOUyrU-pRg,danbury-connecticut
https://www.ubereats.com/connecticut/food-delivery/duchess-restaurant-danbury/bMQAMLtUQ5GpeCJlDaWtkg,danbury-connecticut
https://www.ubereats.com/connecticut/food-delivery/mariposa-taqueria/JAYYXJCXRye2peaIWrof3A,danbury-connecticut
https://www.ubereats.com/connecticut/food-delivery/fresh/tBupEUGdRlaDZB9qMAApeQ,danbury-connecticut
https://www.ubereats.com/connecticut/food-delivery/mcdonalds-danbury-2-lake/xJzDWRaTQ72jw4xgGLFAdw,danbury-connecticut
https://www.ubereats.com/connecticut/food-delivery/tablao-wine-bar-%26-restaurant/ffNhSnTkQSW1MGsBSZipmw,danbury-connecticut
https://www.ubereats.com/connecticut/food-delivery/minas-carne/s5HybwcKTCu_fxuTUkhMYw,danbury-connecticut
https://www.ubereats.com/connecticut/food-delivery/pembroke-deli/pQwT_mckTJG9L3azSt1NVA,danbury-connecticut
https://www.ubereats.com/connecticut/food-delivery/castello-restaurant/VHbfxsmjRwGxHmJG9HEBDw,danbury-connecticut
https://www.ubereats.com/connecticut/food-delivery/lorenzos-pizzeria/JexU4vpIQpyGpHArPmB_Mw,danbury-connecticut
https://www.ubereats.com/connecticut/food-delivery/salsa-fresca-mexican-grill-danbury/Tyv8JBO3TvmkZ8ixkoe0iw,danbury-connecticut
https://www.ubereats.com/connecticut/food-delivery/parma-market-and-bakery/OaiNGkmjTW6rT1X7tFgdjg,danbury-connecticut
https://www.ubereats.com/connecticut/food-delivery/westside-deli-%26-catering-bethel/63R1pWkiQpGaIUhrWjg2jA,danbury-connecticut
https://www.ubereats.com/connecticut/food-delivery/burger-king-46-federal-rd/PLmdyViVQRGYUR1bvClaqw,danbury-connecticut
https://www.ubereats.com/connecticut/food-delivery/speedy-pizza/t_QtRccUQBWXKGlezt9CiQ,danbury-connecticut
https://www.ubereats.com/connecticut/food-delivery/kolam/Nf0Y9vRXRkaZMQjpQpF84Q,danbury-connecticut
https://www.ubereats.com/connecticut/food-delivery/carvel-1-padanaram-road/li0jZD3ERW6d9P7Uacwiwg,danbury-connecticut
https://www.ubereats.com/connecticut/food-delivery/chick-fil-a-chick-fil-a-at-danbury-fair-ma/c17gzuXtS2inQdvfKIogig,danbury-connecticut
https://www.ubereats.com/connecticut/food-delivery/odeens-barbecue/o9EohLDKT7GhfEN4oDTQOw,danbury-connecticut
