url,city
https://www.ubereats.com/chicago/food-delivery/brick-house-1461-butterfield-rd/KF4Imx0HTAC5z-VXgjoa9Q,darien-illinois
https://www.ubereats.com/chicago/food-delivery/subway-112-burr-ridge-pkwy/pOX9gVApQuazewZOu8PzNw,darien-illinois
https://www.ubereats.com/chicago/food-delivery/uhmazing-blt/3lFSlCnbRpy7ox7bWGhk0w,darien-illinois
https://www.ubereats.com/chicago/food-delivery/la-michoacana-of-countryside/JBWnkgdCQsCO6dOpZFkrcg,darien-illinois
https://www.ubereats.com/chicago/food-delivery/tap-house-grill-lemont/O9OZ9DoVRz-KlLmL2NcGqg,darien-illinois
https://www.ubereats.com/chicago/food-delivery/subway-2189-75th-st/V7ifuYRRScu01Gx0T1IJUQ,darien-illinois
https://www.ubereats.com/chicago/food-delivery/chishack/Zpox8GcdQjSliPRTheu9RA,darien-illinois
https://www.ubereats.com/chicago/food-delivery/outback-steakhouse-2970-finley-rd/ijpy4y9GReq9R7jIJFHU5g,darien-illinois
https://www.ubereats.com/chicago/food-delivery/otobo-sushi-%26-bar/UTQUjhMARACHR-fbjqbWzQ,darien-illinois
https://www.ubereats.com/chicago/food-delivery/buona-naperville/mVlRlab7T9mrEgjxre13Bw,darien-illinois
https://www.ubereats.com/chicago/food-delivery/chipotle-mexican-grill-750-janes-ave-ste-a/5lljjkaGR--S3i9eOqCsGQ,darien-illinois
https://www.ubereats.com/chicago/food-delivery/sr-tatos/kJs5CddZRo-IbYh0nci4sg,darien-illinois
https://www.ubereats.com/chicago/food-delivery/pza-lombard/kib2Gn5LRkKl4z_wD4kLig,darien-illinois
https://www.ubereats.com/chicago/food-delivery/billy-bricks-wood-fired-pizza-naperville/lgWDT1yKSw-T_eb_lPgVcQ,darien-illinois
https://www.ubereats.com/chicago/food-delivery/chipotle-mexican-grill-1556-butterfield-rd-ste-a/-JFjkroZReWScmEWNY_NSA,darien-illinois
https://www.ubereats.com/chicago/food-delivery/chipotle-mexican-grill-300-e-ogden-ave/YdE3pdLGR3iPOSsrsUUQoA,darien-illinois
https://www.ubereats.com/chicago/food-delivery/noodles-%26-company-1001-75th-st-ste-189a/zwSSMrixR16ott41fm0UEQ,darien-illinois
https://www.ubereats.com/chicago/food-delivery/perla-negra-mariscos/3ZCucSLnSmmN4dSfoZ77pA,darien-illinois
https://www.ubereats.com/chicago/food-delivery/all-aboard-diner/NfK_BursSAOPOUuHe6Vcfg,darien-illinois
https://www.ubereats.com/chicago/food-delivery/hamiltons-pub/Q8GB7V5lRDWv1_V4WAPSgg,darien-illinois
https://www.ubereats.com/chicago/food-delivery/carrabbas-1001-75th-st/J3K7eixKRk6vPbZ0Nm4KMg,darien-illinois
https://www.ubereats.com/chicago/food-delivery/red-robin-297-250-s-weber-rd/fuEOgyY3Ru2FsKXkWPbjWw,darien-illinois
https://www.ubereats.com/chicago/food-delivery/red-lobster-3001-finley-road/UAaFRnwET62O8Ugk-EiN5w,darien-illinois
https://www.ubereats.com/chicago/food-delivery/pf-changs-2361-fountain-square-dr/TDptF9MWRdeCA7XfhqDfEg,darien-illinois
https://www.ubereats.com/chicago/food-delivery/rosatis-pizza-darien/vJIbeXsQTt-O1SQmenj9sQ,darien-illinois
https://www.ubereats.com/chicago/food-delivery/noodles-pho-u-bolingbrook/FcX4R6m_SkKTe1p1j4KhnA,darien-illinois
https://www.ubereats.com/chicago/food-delivery/burger-king-1276-state-street/9pAc71E8QsWjajBq6H5XuA,darien-illinois
https://www.ubereats.com/chicago/food-delivery/brooks-kitchen-%26-tap/Oor5mGwbQX-1214eO6Rsvw,darien-illinois
https://www.ubereats.com/chicago/food-delivery/chipotle-mexican-grill-7173-s-kingery-hwy/ufUeqbd4RmGfeSD2Emlz9A,darien-illinois
https://www.ubereats.com/chicago/food-delivery/sweet-desserts/MunpykDlR72joXFoV1KKVQ,darien-illinois
https://www.ubereats.com/chicago/food-delivery/roundheads-pizza-downers-grove/wMvUxymuTTSCsH33UVQcwQ,darien-illinois
https://www.ubereats.com/chicago/food-delivery/dunkin-2035-s-washington-st-suite-103/GMvqNN0fR6aXgaFCqcFVEw,darien-illinois
https://www.ubereats.com/chicago/food-delivery/starbucks-ogden-and-prince/1fQyIXjSTcWqzPbej9JHjg,darien-illinois
https://www.ubereats.com/chicago/food-delivery/chick-fil-a-7101-kingery-hwy/Wo9xxtcCSjCmKd5O9l_zWw,darien-illinois
https://www.ubereats.com/chicago/food-delivery/quarry-pub-and-grill/ivD7gWDTSwGbr7hUoyxSzw,darien-illinois
https://www.ubereats.com/chicago/food-delivery/chipotle-mexican-grill-22-e-chicago-ave-ste-103/GRu9PCJhRA2qkO_cgewtnA,darien-illinois
https://www.ubereats.com/chicago/food-delivery/salernos-pizzeria-and-sports-bar-hodgkins/D5YwWsctSjGWteD-FIIqhA,darien-illinois
https://www.ubereats.com/chicago/food-delivery/sammys-of-la-grange/QLgXQ_42T3CllbaoRKpWIQ,darien-illinois
https://www.ubereats.com/chicago/food-delivery/super-crown-wings/U3IgVVIuQCmWPgfJjlLwMA,darien-illinois
https://www.ubereats.com/chicago/food-delivery/mod-pizza-willowbrook-tc/AePbiB-YQseAW15SIRW_kg,darien-illinois
https://www.ubereats.com/chicago/food-delivery/village-garden-restaurant-and-cafe/oCOo_LzwQC-s_cBk51af0g,darien-illinois
https://www.ubereats.com/chicago/food-delivery/el-gran-agave/GetuOcb5RhWMLs2fW4HsSQ,darien-illinois
https://www.ubereats.com/chicago/food-delivery/mcdonalds-boughton-%26-i-355/wWB5tcYPQuqO2YnbNc0J8A,darien-illinois
https://www.ubereats.com/chicago/food-delivery/dhaba-express/ShgBcGiRQ5e3nKB1UOHKHQ,darien-illinois
https://www.ubereats.com/chicago/food-delivery/barones-pizza/rrqOPJ47S5C8hMQ0q799Ew,darien-illinois
https://www.ubereats.com/chicago/food-delivery/portillos-hot-dogs-7195-n-kingery-highway/80_d1LPxRPioe7chox-Lvg,darien-illinois
https://www.ubereats.com/chicago/food-delivery/yerbabuena/YDKD1jCXQUCf_C3jxdJ9Xw,darien-illinois
https://www.ubereats.com/chicago/food-delivery/mickeys-gyros/exzHWwK2QRytUahC8BTVOA,darien-illinois
https://www.ubereats.com/chicago/food-delivery/casa-margarita-bolingbrook/hJNglfZ0TKWztFs3zBN8CQ,darien-illinois
https://www.ubereats.com/chicago/food-delivery/jam-n-jelly-cafe/dmXDorxTRD6IcsgE4n8ySw,darien-illinois
https://www.ubereats.com/chicago/food-delivery/tanaka-ramen/REQ74mIaS2eToMYBgc-bpA,darien-illinois
https://www.ubereats.com/chicago/food-delivery/zazzos-pizza-darien/vejvSajDTZqKbG2zSrd2QQ,darien-illinois
https://www.ubereats.com/chicago/food-delivery/panda-express-75th-st-%26-lyman/tlWgd43wTpek7tDfXPGmeA,darien-illinois
https://www.ubereats.com/chicago/food-delivery/prenos/DuCrxR88TouE8EDhRa56pQ,darien-illinois
https://www.ubereats.com/chicago/food-delivery/dunkin-5500-s-la-grange-rd/DDCGkFXIQX2D_rQHuBSLYA,darien-illinois
https://www.ubereats.com/chicago/food-delivery/downers-delight-restaurant/bVueER1FS4SAID5dG_HxRg,darien-illinois
https://www.ubereats.com/chicago/food-delivery/mcdonalds-9101-s-kingery-highway/cxnI-_zRTCmE5aZh0nlxFg,darien-illinois
https://www.ubereats.com/chicago/food-delivery/dunkin-19-w-63rd-st/OoUDx8FAS_urGXEV6PEfXw,darien-illinois
https://www.ubereats.com/chicago/food-delivery/hooters-lagrange-%26-joliet/deKpePwrRtanUemAn-ArYA,darien-illinois
https://www.ubereats.com/chicago/food-delivery/nicksons-eatery/GRJrKS9rQZ28TEUq1dKBUw,darien-illinois
https://www.ubereats.com/chicago/food-delivery/priyas-kitchen-westmont/-6clMLQeSWmI_O6dEy3qNg,darien-illinois
https://www.ubereats.com/chicago/food-delivery/wing-society/iWZvGIEqTCSE18rnDqzYLg,darien-illinois
https://www.ubereats.com/chicago/food-delivery/potbelly-sandwich-shop-willowbrook-%7C-94/BZNei2yRQNuSEKb3PF7Egw,darien-illinois
https://www.ubereats.com/chicago/food-delivery/taco-bell-13-w-ogden-avenue/OAriunA2RSiKJ4EVSmOl_g,darien-illinois
https://www.ubereats.com/chicago/food-delivery/taco-bell-5611-s-la-grange-rd/O_3piasVRdOquV6giGMLvQ,darien-illinois
https://www.ubereats.com/chicago/food-delivery/mccarthys-carry-out/tlM14dqETpW7e-S76oHO6g,darien-illinois
https://www.ubereats.com/chicago/food-delivery/blueberry-hill-breakfast-cafe/jqoqOstYQU6PeLc2K87REQ,darien-illinois
https://www.ubereats.com/chicago/food-delivery/starbucks-75th-%26-lemont/L_aWYoz8QXOPgxDo_FSxzQ,darien-illinois
https://www.ubereats.com/chicago/food-delivery/dunkin-245-south-bolingbrook-drive/HWTqjXHQTuqqPmy0kkpJ4A,darien-illinois
https://www.ubereats.com/chicago/food-delivery/mod-pizza-downers-grove/trC1LMA_SgWsxCRu6-xYLQ,darien-illinois
https://www.ubereats.com/chicago/food-delivery/catfish-willowbrook-il/ZHc0hNnbStC5TOP_QMkDkA,darien-illinois
https://www.ubereats.com/chicago/food-delivery/dunkin-150-e-ogden-ave/4WdBEOIaSpukFjR-ulWMKg,darien-illinois
https://www.ubereats.com/chicago/food-delivery/kabob-q/JRxi0jOjTIS1N4YMp1pvxg,darien-illinois
https://www.ubereats.com/chicago/food-delivery/schmaltz-deli/WynBFX6cS8Ke_ICqQEzh9g,darien-illinois
https://www.ubereats.com/chicago/food-delivery/capri-to-go/2F1h-lE6Qr-r4p13eri_kQ,darien-illinois
https://www.ubereats.com/chicago/food-delivery/shibam-bridgeview/kz6DdnP9RgWvjtO3ZqW_Ng,darien-illinois
https://www.ubereats.com/chicago/food-delivery/dolce-restaurant-%26-wine-bar/P2sHwx6QQ8GCtYO8VnTxgA,darien-illinois
https://www.ubereats.com/chicago/food-delivery/evviva!-bar-%26-eatery/kZFOloCrS2-c36HK02Odvw,darien-illinois
https://www.ubereats.com/chicago/food-delivery/grilled-cheesin/ExG6_zm1Q0iioswODCNEJQ,darien-illinois
https://www.ubereats.com/chicago/food-delivery/dunkin-522-ogden-ave/aVj0qVH1RxmK1MZcCEph7A,darien-illinois
https://www.ubereats.com/chicago/food-delivery/bds-mongolian-grill-washington-%26-jackson/RWnaYBy0RCSXMJPOKxzaxw,darien-illinois
https://www.ubereats.com/chicago/food-delivery/bulldog-ale-house-villa-park/wq9KKIaJRmCCD2gyX_VfFw,darien-illinois
https://www.ubereats.com/chicago/food-delivery/two-pints-lounge/p_BtzBNVRwqcds1VfRXnUg,darien-illinois
https://www.ubereats.com/chicago/food-delivery/las-palmas-of-naperville-inc/M1fcFqe3SumcDBNR0SAuRA,darien-illinois
https://www.ubereats.com/chicago/food-delivery/billy-bricks-wood-fired-pizza-yorktown-center/GYk1y4sQRIS4u4k_FwXgpA,darien-illinois
https://www.ubereats.com/chicago/food-delivery/dunkin-7516-s-cass-ave-unit-5b/4u84NygdQlefSyfrIGSI2A,darien-illinois
https://www.ubereats.com/chicago/food-delivery/taco-grill-%26-salsa-bar/syPSEZIDTYiYzr4fboYt2w,darien-illinois
https://www.ubereats.com/chicago/food-delivery/jackies-subs-salads-%26-gyros/Bm2cBoTKSeewWYsZMgSttA,darien-illinois
https://www.ubereats.com/chicago/food-delivery/fannie-may-hinsdale/xWigSXVZTZyWHQNnNS15Qw,darien-illinois
https://www.ubereats.com/chicago/food-delivery/fontinas-italian-kitchen/Xn2AWJNeRtWnYcE4B9PqtA,darien-illinois
https://www.ubereats.com/chicago/food-delivery/ellies-deli/AsHxhcpXRCKHy27iCgvDdw,darien-illinois
https://www.ubereats.com/chicago/food-delivery/the-irish-legend/YDPuIqkERCm4x01tPESQQQ,darien-illinois
https://www.ubereats.com/chicago/food-delivery/shanahans/JZEDfOD1TXeQJjMJJlMiXg,darien-illinois
https://www.ubereats.com/chicago/food-delivery/casa-margarita-downers-grove/2NKwK1NJREChDBPK46DnKg,darien-illinois
https://www.ubereats.com/chicago/food-delivery/el-burrito-loco-bolingbrook-%26-briarcliff/fwZEU78LTjO2fsafbBVVCA,darien-illinois
https://www.ubereats.com/chicago/food-delivery/pita-pita-mediterranean-grill-lombard/UO7jLyN2TfS4HoHOMcP8IA,darien-illinois
https://www.ubereats.com/chicago/food-delivery/mediterranean-oasis/ZT3wBdY0TxWfpT_dfwvh7g,darien-illinois
https://www.ubereats.com/chicago/food-delivery/aurelios-pizza-la-grange-%26-calendar/0_6Ks9D0Q_i_vQOju68jUw,darien-illinois
https://www.ubereats.com/chicago/food-delivery/panda-express-1010-ogden-ave/uNNK0XEgTBusSdZmJkx2tg,darien-illinois
https://www.ubereats.com/chicago/food-delivery/dennys-bolingbrook/I6QsCqO5SFSWTFp65vJm9w,darien-illinois
https://www.ubereats.com/chicago/food-delivery/midnight-kitchen/nKCLpWxsSDWqwbXNL1SB1Q,darien-illinois
https://www.ubereats.com/chicago/food-delivery/mr-burger-inc/jvGEi5K6QiOgQsZCGqLLiw,darien-illinois
https://www.ubereats.com/chicago/food-delivery/china-king-restaurant/qxC0xa_6TUm_Jz96ezMtRQ,darien-illinois
https://www.ubereats.com/chicago/food-delivery/sarpinos-pizzeria-5321-s-la-grange-rd/4EImGeWDRRy8S0RCnPW-6w,darien-illinois
https://www.ubereats.com/chicago/food-delivery/the-beer-market/8X7uGNubSBiAbsIicDwtHw,darien-illinois
https://www.ubereats.com/chicago/food-delivery/fiesta-taco/FRLHE5rwTfaWXq28uPsqag,darien-illinois
https://www.ubereats.com/chicago/food-delivery/starbucks-bolingbrook-rte-53-%26-remington/YpyEtL55R1qWE5BZ5QMkCg,darien-illinois
https://www.ubereats.com/chicago/food-delivery/kfc-taco-bell-15663-127th-street/ok5h5yefQBav-Gz38lWwbA,darien-illinois
https://www.ubereats.com/chicago/food-delivery/jersey-mikes-subs-lisle-1032-maple-avenue/C3QYURJeTc6ZntggX97oAw,darien-illinois
https://www.ubereats.com/chicago/food-delivery/panda-express-203-yorktown/k2Y-mqyIT9eslfZHpemYUg,darien-illinois
https://www.ubereats.com/chicago/food-delivery/el-authentico-burrito/MT0flOZfRu-kR5tqSyUTsw,darien-illinois
https://www.ubereats.com/chicago/food-delivery/nwb-the-next-whiskey-bar/mdE-yqqJR3Crtae0VtrtdQ,darien-illinois
https://www.ubereats.com/chicago/food-delivery/cookie-dough-creations/RYoOC8owSLmH0Cs5folcSg,darien-illinois
https://www.ubereats.com/chicago/food-delivery/mcdonalds-63rd-st-%26-i-355/8AuIH9RKTfWLZhWKLAIBWw,darien-illinois
https://www.ubereats.com/chicago/food-delivery/the-grill-effect/Vq0scVwJR5aSCUzt1d62pw,darien-illinois
https://www.ubereats.com/chicago/food-delivery/wild-monk/8Lal3qAZS8evoQFOB90F1A,darien-illinois
https://www.ubereats.com/chicago/food-delivery/meal-village/_eFAo3UUT9mhDJ-8CX2Tbw,darien-illinois
https://www.ubereats.com/chicago/food-delivery/wendys-1420-s-75th-street/nag3RMRXT6yIzqawtIovxA,darien-illinois
https://www.ubereats.com/chicago/food-delivery/mod-pizza-west-bolingbrook/1bVqQXZaQGOOLTAC6p4gHg,darien-illinois
https://www.ubereats.com/chicago/food-delivery/portillos-hot-dogs-1500-butterfield-rd/MR-_rmoqT_ud7vA6yisOog,darien-illinois
https://www.ubereats.com/chicago/food-delivery/zazas/47-v5gu2S1uP3BSsCgDkYQ,darien-illinois
https://www.ubereats.com/chicago/food-delivery/starbucks-burr-ridge-i-55-%26-county-line-rd/AVfZpyliSiCcQJHJlTBuaA,darien-illinois
https://www.ubereats.com/chicago/food-delivery/mac-daddys-highland/FEp3MK0_QRipGXK98kQ06w,darien-illinois
https://www.ubereats.com/chicago/food-delivery/chuck-e-cheese-7409-cass-ave/j_w-AHruS5mnR-BN5zg6bg,darien-illinois
https://www.ubereats.com/chicago/food-delivery/famous-daves-bolingbrook/v-ER9Z_PQVeF3hSaZoCraw,darien-illinois
https://www.ubereats.com/chicago/food-delivery/subway-2247-maple-ave/4UQ8qeFqQZaKgcLuqRuqMQ,darien-illinois
https://www.ubereats.com/chicago/food-delivery/pita-zone/h43X2DSWQGCr4a7HOv61zA,darien-illinois
https://www.ubereats.com/chicago/food-delivery/chiba-japanese/za-rCerER_6WRi_8jZ5SfQ,darien-illinois
https://www.ubereats.com/chicago/food-delivery/tacochela/7YoZLOAWTKCptALUCL2DNQ,darien-illinois
https://www.ubereats.com/chicago/food-delivery/menchies-frozen-yogurt-7339-lemont-rd/a-mt3BXhTRe2pY3slA4LUg,darien-illinois
https://www.ubereats.com/chicago/food-delivery/five-guys-il-0540-741-e-boughton-rd/nyLFjkmvQRWIF-3xK28Eig,darien-illinois
https://www.ubereats.com/chicago/food-delivery/chinakitchen/HOGioRmqRd2tzwfKNJy8Ig,darien-illinois
https://www.ubereats.com/chicago/food-delivery/ellyns-tap-and-grill/QXJZo7kWQfy83nNkRObtHw,darien-illinois
https://www.ubereats.com/chicago/food-delivery/tacqueria-coral/5wpma0QiRjikfd-O4lH-gQ,darien-illinois
https://www.ubereats.com/chicago/food-delivery/friacos-mexican-grill-and-cantina-lisle/deGxlrmcRNuWYzv9ZR0Tew,darien-illinois
https://www.ubereats.com/chicago/food-delivery/starbucks-willowbrook-rte-83-%26-plainfield/UlO45HaKQoKMwgTQPT7T6Q,darien-illinois
https://www.ubereats.com/chicago/food-delivery/the-clubhouse-oak-brook/iniAqgjiTGWOKxKm9N_sEQ,darien-illinois
https://www.ubereats.com/chicago/food-delivery/tacos-n-tarka-tnt/vaU8kEFGTh-O9EKsgIT6-A,darien-illinois
https://www.ubereats.com/chicago/food-delivery/butterfields-naperville/03eGGyvDRBuzJpba2mmR6g,darien-illinois
https://www.ubereats.com/chicago/food-delivery/next-mex/YRrPZ6x3Rm-m_xIIznj-FA,darien-illinois
https://www.ubereats.com/chicago/food-delivery/mcwethys-sports-bar/6KCFj4f1RamMfI5lMcYcpw,darien-illinois
https://www.ubereats.com/chicago/food-delivery/dunkin-9400-joliet-rd/x5_A4uUUS9SdJmC_FVeGGQ,darien-illinois
https://www.ubereats.com/chicago/food-delivery/el-famous-burrito-downers-grove/JO_X5WUsSR2-6RdSRC6CZQ,darien-illinois
https://www.ubereats.com/chicago/food-delivery/cali-girl-cakes/Igls1pTzS5S87tc5xzvIYg,darien-illinois
https://www.ubereats.com/chicago/food-delivery/shinto-sushi-at-freedom-commons/xcwpGPNeTEGfc3mw67gAOQ,darien-illinois
https://www.ubereats.com/chicago/food-delivery/cassanos-pizzeria-downers-grove/g_TzODklQNGittC_RNfnOw,darien-illinois
https://www.ubereats.com/chicago/food-delivery/egg-jam-highland-ave/Srko6eGKRVW_CZJbpUJCvQ,darien-illinois
https://www.ubereats.com/chicago/food-delivery/ihop-janes-%26-boughton/TCLPd4P8T4qyRYi_A1kU_A,darien-illinois
https://www.ubereats.com/chicago/food-delivery/fannie-may-ogden/oH24DT3MQSmtdJ6x6p5BKg,darien-illinois
https://www.ubereats.com/chicago/food-delivery/between-the-buns-naperville/3_yCLeIuT--I8MIMkyfzog,darien-illinois
https://www.ubereats.com/chicago/food-delivery/wing-society/JH4xfMtZSQeaSh5xXmDM4A,darien-illinois
https://www.ubereats.com/chicago/food-delivery/starbucks-bolingbrook-boughton-%26-janes/MzulR5YsQyqxjxudhLEtCA,darien-illinois
https://www.ubereats.com/chicago/food-delivery/los-burritos-tapatios-downers-grove/8hnvc2ONR2qNpICRwXa80Q,darien-illinois
https://www.ubereats.com/chicago/food-delivery/corner-bakery-cafe-42-e-hinsdale-ave/0Buj65LDTumKHa0DVde28g,darien-illinois
https://www.ubereats.com/chicago/food-delivery/margies-beef-%26-gyros/CXuh9arhSf6n-KUl8lKuGw,darien-illinois
https://www.ubereats.com/chicago/food-delivery/kizuna-sushi-bistro/mDzkKkgfR323PClFNUUCtg,darien-illinois
https://www.ubereats.com/chicago/food-delivery/palmer-place-restaurant-and-biergarten/-wlJeB9OTxSPPd_vyT2MEg,darien-illinois
https://www.ubereats.com/chicago/food-delivery/el-burrito-loco-woodridge/dXrFN5lTQ-KbZ6GoBuSwbw,darien-illinois
https://www.ubereats.com/chicago/food-delivery/starbucks-clarendon-hills-park-ave/k_05R2DJS0aEVeo3xxtbOQ,darien-illinois
https://www.ubereats.com/chicago/food-delivery/panda-express-5800-tri-state-tollway/VKh-m8C8Tv2sH2Uk-O1unw,darien-illinois
https://www.ubereats.com/chicago/food-delivery/oaked-highland-ave/kmxEWk7XSTifTU8_-OdPCA,darien-illinois
https://www.ubereats.com/chicago/food-delivery/noodles-%26-company-137-n-weber-rd/SvjVlT8GTHGG4LdGeU_Gig,darien-illinois
https://www.ubereats.com/chicago/food-delivery/stevens-restaurant/h9M5GHXkSBC6ACPGdKt7sg,darien-illinois
https://www.ubereats.com/chicago/food-delivery/honey-jam-cafe/7GRbxmojSGyICleSe0cdkw,darien-illinois
https://www.ubereats.com/chicago/food-delivery/food-street-restaurant/kxAN_GrESSGjrb2hki9XPw,darien-illinois
https://www.ubereats.com/chicago/food-delivery/eds-kitchen/hS4E0iniT8eBwClLTyZ3eQ,darien-illinois
https://www.ubereats.com/chicago/food-delivery/bar-louie-bolingbrook/_HGDaSw0RJyRaZ4LZN4NXg,darien-illinois
https://www.ubereats.com/chicago/food-delivery/southern-belles-bedford-park/Db_4YGFdSVCE5f7ZpmhT3Q,darien-illinois
https://www.ubereats.com/chicago/food-delivery/bulldog-ale-house-bolingbrook/_LG8LBWBQ5mdA9ucfdf9dA,darien-illinois
https://www.ubereats.com/chicago/food-delivery/blueberry-hill-breakfast-cafe-oak-brook/vZgWOmnKQs6hgLw7gwWLZw,darien-illinois
https://www.ubereats.com/chicago/food-delivery/fulla-mediterranean/W6ESiwCETNSPmFoS-SKKBg,darien-illinois
https://www.ubereats.com/chicago/food-delivery/mcdonalds-york-%26-ogden/c6U_uJTxSdC8ZHmHbBVMgA,darien-illinois
https://www.ubereats.com/chicago/food-delivery/my-way-ristorante/NVdHbJemR8OGFz0WM6peww,darien-illinois
https://www.ubereats.com/chicago/food-delivery/subway-6394-s-cass-ave/EDee0HJSQbmp3JMtzl_iWw,darien-illinois
https://www.ubereats.com/chicago/food-delivery/mcdonalds-ogden-%26-florence/oLjV77GWRTKwSgvs2lv0-w,darien-illinois
https://www.ubereats.com/chicago/food-delivery/so-cheesy/udXRrJUURhaVlXRQt5rnig,darien-illinois
https://www.ubereats.com/chicago/food-delivery/guac-n-tacos-western-springs/XnQcFL0FQb2ntElULqF0zw,darien-illinois
https://www.ubereats.com/chicago/food-delivery/neat-kitchen-%2B-bar/69k4VkGuRnSS8cHwATO3yg,darien-illinois
https://www.ubereats.com/chicago/food-delivery/firehouse-subs-920-plainfield-road/SU0hQLMMQdiAgexyYvOeSQ,darien-illinois
https://www.ubereats.com/chicago/food-delivery/maries/0ROEHBY5TeuHsnFsZbuoyA,darien-illinois
https://www.ubereats.com/chicago/food-delivery/old-town-pour-house-oak-brook/BGZTNaroQwukePwE0w3iCw,darien-illinois
https://www.ubereats.com/chicago/food-delivery/taco-bell-444-n-bolingbrook-dr/9qpJyWAPSH6VAx3-5A_qZg,darien-illinois
https://www.ubereats.com/chicago/food-delivery/dunkin-15629-w-127th-st/YPFudF-nQcy0_iMj75Sr9A,darien-illinois
https://www.ubereats.com/chicago/food-delivery/labriola-cafe-oak-brook/TRdussV4RK6FPPZMwfRxrA,darien-illinois
https://www.ubereats.com/chicago/food-delivery/red-lobster-209-south-weber-road/6_XjRBuETUaf8ZvPKkj9JQ,darien-illinois
https://www.ubereats.com/chicago/food-delivery/grand-dukes-restaurant-llc/gavmtMgVRaaGVQMEtjhpqA,darien-illinois
https://www.ubereats.com/chicago/food-delivery/taco-bell-3063-s-wolf-rd/PZw9dJxGQLCRC1_u44aXLA,darien-illinois
https://www.ubereats.com/chicago/food-delivery/starbucks-naper-%26-ogden/ALkOhSV0Rv-3WNWgTKDRzw,darien-illinois
https://www.ubereats.com/chicago/food-delivery/sarpinos-pizzeria-5107-fairview-ave/6w1QwAINTnio5PtcdCJfHw,darien-illinois
https://www.ubereats.com/chicago/food-delivery/gios-breakfast-lunch-%26-dinner/UO9ahrATQ4-tgaFOjUR7-A,darien-illinois
https://www.ubereats.com/chicago/food-delivery/kfc-1450-75th-st/I3q9aBiXSFOS6wIxfzg99g,darien-illinois
https://www.ubereats.com/chicago/food-delivery/francescas-vicinato/oxONaQnzToKSXW0W4guHuQ,darien-illinois
https://www.ubereats.com/chicago/food-delivery/brothers-mexican-grill-1014-south-la-grange-road/L81PIbecR92t0brgHMPGbw,darien-illinois
https://www.ubereats.com/chicago/food-delivery/tasty-deli/SQdxptDLTLWBPhN5yeTPdg,darien-illinois
https://www.ubereats.com/chicago/food-delivery/dunkin-811-e-ogden-ave/hrjqKCnxQoiQ-94iT_ELeQ,darien-illinois
https://www.ubereats.com/chicago/food-delivery/rosatis-pizza-lemont/ZggF0s0uRy-7qSETCqx3Vw,darien-illinois
https://www.ubereats.com/chicago/food-delivery/wildfire-oak-brook/EArDI_IATQ-ejvek4jpUiQ,darien-illinois
https://www.ubereats.com/chicago/food-delivery/shake-shack-1950-spring-road/gJioG4DPSnaFIyQOuayU7A,darien-illinois
https://www.ubereats.com/chicago/food-delivery/burrito-parrilla-mexicana-lisle/dlOeuS4BS1Sl3oZxKP3U5w,darien-illinois
https://www.ubereats.com/chicago/food-delivery/russells-barbecue/s4fcbyd0RZKsf2pVVTKAbg,darien-illinois
https://www.ubereats.com/chicago/food-delivery/illinois-bar-%26-grill/ew3ZWBsFR2WpzxRtRQEHag,darien-illinois
https://www.ubereats.com/chicago/food-delivery/jj-fish-%26-chicken-w-boughton/DVp7w5rcSPiNkZdCxMoRsg,darien-illinois
https://www.ubereats.com/chicago/food-delivery/sakura-nami/Lh3hW6EoQgytsqOU5H8yZQ,darien-illinois
https://www.ubereats.com/chicago/food-delivery/chucks-southern-comforts-cafe/4RVPrC7NQKSECrLySEZhGg,darien-illinois
https://www.ubereats.com/chicago/food-delivery/honey-fluff-donuts/DVdKZWwLTmmiDRmUMqa1kA,darien-illinois
https://www.ubereats.com/chicago/food-delivery/popeyes-ogden-%26-old-tavern/14lg5clgTeSZ90NNAjt7oA,darien-illinois
https://www.ubereats.com/chicago/food-delivery/wendys-1925-boughton-road/InLQs2YtSaKfDvppqLYBIg,darien-illinois
https://www.ubereats.com/chicago/food-delivery/subway-1920-87th-st/ScqQLk9oSYW03PfuKx_OqA,darien-illinois
https://www.ubereats.com/chicago/food-delivery/cold-stone-creamery-23-w-jefferson-ave/Mj68Saj5R4akNME-Y7Egng,darien-illinois
https://www.ubereats.com/chicago/food-delivery/bowl-o-biryani/onP86-wYRNOuAwTf4txSTA,darien-illinois
https://www.ubereats.com/chicago/food-delivery/pasquallys-pizza-%26-wings-7409-cass-ave/3xyjZpnDTm2wVSUtRUoOvA,darien-illinois
https://www.ubereats.com/chicago/food-delivery/the-port-of-peri-peri-bolingbrook/nMX_4noQT7ufY8PE9QfFyA,darien-illinois
https://www.ubereats.com/chicago/food-delivery/browns-chicken-downers-grove/yBR2xHQcT4mK-c_ZQFc8CQ,darien-illinois
https://www.ubereats.com/chicago/food-delivery/jamba-juice-17w426-22nd-street/3GclvrhpTM2FdBcUbWcEiA,darien-illinois
https://www.ubereats.com/chicago/food-delivery/chipotle-mexican-grill-14116-s-bell-rd/WsJR5DdrT1KmEwcUOmmiyw,darien-illinois
https://www.ubereats.com/chicago/food-delivery/harolds-shrimp-chicken-and-pizzeria/_AZMlI2PQOqTZgMaufFqdA,darien-illinois
https://www.ubereats.com/chicago/food-delivery/stans-donuts-%26-coffee-oakbrook-terrace/175n6xccTIOvK41VguFNaA,darien-illinois
https://www.ubereats.com/chicago/food-delivery/warrens-ale-house/iwKkC6FWRyacBvUNKJoEbQ,darien-illinois
https://www.ubereats.com/chicago/food-delivery/xando-cafe/PRp76M73TXi2b3Utjjmriw,darien-illinois
https://www.ubereats.com/chicago/food-delivery/mollys-cupcakes/H1rbGgzqTo2bUafhQDozqg,darien-illinois
https://www.ubereats.com/chicago/food-delivery/freshii-203-yorktown-shopping-center/_c5vnGJvR1SHfUCqMA680g,darien-illinois
https://www.ubereats.com/chicago/food-delivery/buffalo-wild-wings-7111-s-kingery-hwy/2GHjh3aWRC-Ghyigo3fNbg,darien-illinois
https://www.ubereats.com/chicago/food-delivery/buffalo-wild-wings-777-e-boughton-rd/9G0OQrMhRQi-qY1r8xC_bQ,darien-illinois
https://www.ubereats.com/chicago/food-delivery/kama-bistro/z4d-sN_6SiepFvpCGA2lhw,darien-illinois
https://www.ubereats.com/chicago/food-delivery/subway-2303-w-63rd-st/ojwN9_OKSWe2iXF-TIcXyQ,darien-illinois
https://www.ubereats.com/chicago/food-delivery/mi-hacienda-mexican-cuisine/gBl2sOwIT8uikepoiC0LfQ,darien-illinois
https://www.ubereats.com/chicago/food-delivery/the-indian-harvest/KMOJLBZWSsW_Cd5RSGZJvQ,darien-illinois
https://www.ubereats.com/chicago/food-delivery/mcdonalds-naper-%26-75th-st/hjhxoZy9T4iq-wJ9plO_NA,darien-illinois
https://www.ubereats.com/chicago/food-delivery/sushi-house-westmont/vhT-NgazSPO8D-XlC8v0Eg,darien-illinois
https://www.ubereats.com/chicago/food-delivery/stans-donuts-oak-brook/MjmNXbzDS02XDaTKLcpd5A,darien-illinois
https://www.ubereats.com/chicago/food-delivery/wooden-paddle/vZmz4_aIToW47ruY5uz0_g,darien-illinois
https://www.ubereats.com/chicago/food-delivery/bakers-square-2020-75th-street/3PE5gX_0QtKuRh0sjgD__w,darien-illinois
https://www.ubereats.com/chicago/food-delivery/sals-pizza-pub/d52iUBBuSpOmJVn5bKFeHA,darien-illinois
https://www.ubereats.com/chicago/food-delivery/halal-express-cuisine/KhaG6fv5RsS9kKc-O3t56w,darien-illinois
https://www.ubereats.com/chicago/food-delivery/jamba-juice-7169-s-kingery-highway/6pEsvJ9mR0iStvhoJEqAnQ,darien-illinois
https://www.ubereats.com/chicago/food-delivery/mojos-east-coast-eats/iI2pARBJQd-PU7LejMgY1A,darien-illinois
https://www.ubereats.com/chicago/food-delivery/mcdonalds-plainfield-%26-75th-st/tHY4Bjk0ShO5oH0e_bk_Sg,darien-illinois
https://www.ubereats.com/chicago/food-delivery/checkers-439-n-bolingbrook-rd/Taz1vho7T3OILT2uDdAtKQ,darien-illinois
https://www.ubereats.com/chicago/food-delivery/mama-ds/xLGiB5mqS32BZiEXxnbw9Q,darien-illinois
https://www.ubereats.com/chicago/food-delivery/starbucks-countryside-lagrange-road/eJPTkgdDR2KtHzD4KFCpvg,darien-illinois
https://www.ubereats.com/chicago/food-delivery/cozzi-corner-hot-dogs-beef-%26-catering/W8daFSo-S36_JRtLXBZHOA,darien-illinois
https://www.ubereats.com/chicago/food-delivery/wabiq/geLRAqd5RoyY6uvc6kXUWg,darien-illinois
https://www.ubereats.com/chicago/food-delivery/skuddlebutts/C0OjnXn6Rp2OTdz_MCRH4g,darien-illinois
https://www.ubereats.com/chicago/food-delivery/starbucks-22nd-%26-tower/cB73AKpYR8SAi_rJ61aEMg,darien-illinois
https://www.ubereats.com/chicago/food-delivery/chicken-crossing/aeM3TmvtQw2c9hXNUkH6cw,darien-illinois
https://www.ubereats.com/chicago/food-delivery/burger-king-331-s-bolingbrook-drive/ATFIkpEsRdyAF4HeqVzNSg,darien-illinois
https://www.ubereats.com/chicago/food-delivery/francescas-at-the-promenade/Y-sKbw5YSCW68yRGUoTZxQ,darien-illinois
https://www.ubereats.com/chicago/food-delivery/cafe-salsa/lPNCXkXSQj--UjiT4n2WCA,darien-illinois
https://www.ubereats.com/chicago/food-delivery/mcdonalds-maple-%26-lenox/BH66NZOeQAiflIZRb7_PgQ,darien-illinois
https://www.ubereats.com/chicago/food-delivery/dennys-7737-s-kingery-hwy/wtwfaaxaSI-MGd-1Z9be_A,darien-illinois
https://www.ubereats.com/chicago/food-delivery/burgerim/XxnzFkeBTzyyxT1i2FSOGQ,darien-illinois
https://www.ubereats.com/chicago/food-delivery/dairy-queen-treat-1817-wehrli-rd/Q12L4cOeQCqk33qFa-sUWQ,darien-illinois
https://www.ubereats.com/chicago/food-delivery/lao-sze-chuan-restaurant-downers-grove/-QAszjVaTo62s4dTvawpZw,darien-illinois
https://www.ubereats.com/chicago/food-delivery/another-round-bar-and-grill/74EGOKNkQRSd2c9HF-sEWg,darien-illinois
https://www.ubereats.com/chicago/food-delivery/old-town-pour-house-naperville/23B9qjG3RQ6Az8_jXYkMdQ,darien-illinois
https://www.ubereats.com/chicago/food-delivery/buona-lombard/-ZLrD2o8TSOvMDSQyl1d8Q,darien-illinois
https://www.ubereats.com/chicago/food-delivery/the-country-house-lisle/00jueaTNREqL9guRViaVXw,darien-illinois
https://www.ubereats.com/chicago/food-delivery/q-bar-darien/F8CTpLb3Qge3M6zAWT9b5Q,darien-illinois
https://www.ubereats.com/chicago/food-delivery/crepes-and-pierogi-house/rLjLptAqR22cpZ1FLf2d2w,darien-illinois
https://www.ubereats.com/chicago/food-delivery/jumbo-crab/Z3sIHOBHS2eWKuYALYUzfw,darien-illinois
https://www.ubereats.com/chicago/food-delivery/woodridge-caffe/4vNtq6ubQxyJNx0_bddC9Q,darien-illinois
https://www.ubereats.com/chicago/food-delivery/the-hen-house-of-wheaton/IJliFIRuQVOm_qk9QJKeMQ,darien-illinois
https://www.ubereats.com/chicago/food-delivery/flat-top-grill-lombard/GedKlrcNSPmYjWnyuuqnKA,darien-illinois
https://www.ubereats.com/chicago/food-delivery/falak-restaurant-and-banquets/MqgEKNvvRiGJlEXNnjkohw,darien-illinois
https://www.ubereats.com/chicago/food-delivery/mon-ami-gabi-oak-brook-center/VQHij92TRhmRv4BsxdTcSg,darien-illinois
https://www.ubereats.com/chicago/food-delivery/mcdonalds-ogden-%26-cross/f2stPNYjTRGSYQ9bxsWfBA,darien-illinois
https://www.ubereats.com/chicago/food-delivery/dunkin-595-n-pinecrest-rd/LEQOwKlNTuaiEuGyjf3oBg,darien-illinois
https://www.ubereats.com/chicago/food-delivery/la-sorella-di-francesca/pELghr8JTSCklq8SpD3nBA,darien-illinois
https://www.ubereats.com/chicago/food-delivery/dunkin-6310-woodward-ave/xLi-69bwRfOQ7sHQxLptDQ,darien-illinois
https://www.ubereats.com/chicago/food-delivery/halal-guys-la-grange-rd/yphU_NoUSFuu2a_-j-ue8Q,darien-illinois
https://www.ubereats.com/chicago/food-delivery/kfc-taco-bell-1015-maple-avenue/b7MHyF_rRyKdgtrfmC8qzg,darien-illinois
https://www.ubereats.com/chicago/food-delivery/salernos-pizza-%26-pasta-bolingbrook/irN_Y6rVTx2neidyQqEKEA,darien-illinois
https://www.ubereats.com/chicago/food-delivery/the-ice-cream-shop/TESUHTr4TdudVygu5eyKBg,darien-illinois
https://www.ubereats.com/chicago/food-delivery/starbucks-naper-%26-75th-st/q4MOuwK9Rje10xA_Z99U_w,darien-illinois
https://www.ubereats.com/chicago/food-delivery/cassanos-pizzeria/_ohiU9AbQ_qaIV8tGZtd3Q,darien-illinois
https://www.ubereats.com/chicago/food-delivery/chicken-tender-kitchen-naperville/3vARO0LkS76gfkXUxMYLcg,darien-illinois
https://www.ubereats.com/chicago/food-delivery/shikara-indian-restaurant/z5tgaCo5SmaGGBx91vLMtQ,darien-illinois
https://www.ubereats.com/chicago/food-delivery/la-barra-oak-brook/FAbLeJORTcytl8OwZ_C_VQ,darien-illinois
https://www.ubereats.com/chicago/food-delivery/casa-margarita-la-grange/QcbX8mVJTb2hoa9lRRSGQg,darien-illinois
https://www.ubereats.com/chicago/food-delivery/capri-express-pizza-%26-pasta/YJ5GKUlmQWOAcwzMVD8EPw,darien-illinois
https://www.ubereats.com/chicago/food-delivery/gelsosomos-pizzeria-and-pub/mYPRICYSSwSv9oAh7_xqBA,darien-illinois
https://www.ubereats.com/chicago/food-delivery/los-burritos-tapatios-bolingbrook/_gd_PLnmT42mqGD518-t0A,darien-illinois
https://www.ubereats.com/chicago/food-delivery/dunkin-7516-s-cass-ave/R9x4GcCPSgKUmQtBmblDvg,darien-illinois
https://www.ubereats.com/chicago/food-delivery/jamesons-charhouse-woodridge/fRk8AnT6S26Y2oswV-MwBQ,darien-illinois
https://www.ubereats.com/chicago/food-delivery/roka-akor-oak-brook/Y89cfuDCSbyGAk1RK-gLhQ,darien-illinois
https://www.ubereats.com/chicago/food-delivery/eriks-deli-lisle/RNTVEtTuScyVCt_o87QRtA,darien-illinois
https://www.ubereats.com/chicago/food-delivery/between-the-buns-downers-grove/V3L3pg4ZQL-zQRKHjQ-N-Q,darien-illinois
https://www.ubereats.com/chicago/food-delivery/chinns-34th-street-fishery/GwLEMNybRryEkycp3SFsTw,darien-illinois
https://www.ubereats.com/chicago/food-delivery/subway-221-s-bolingbrook-dr/bAhQ_NRVQu2qmLY6nH1kTg,darien-illinois
https://www.ubereats.com/chicago/food-delivery/meatheads-willowbrook/z9QKaouIS0uBDHnUCSbM0g,darien-illinois
https://www.ubereats.com/chicago/food-delivery/bds-mongolian-grill-boughton-%26-janes/OYULWfh3RkaUHFHoDRtHlg,darien-illinois
https://www.ubereats.com/chicago/food-delivery/sals-phillys/QjDSVCKCRPCXjYSWI8zcDg,darien-illinois
https://www.ubereats.com/chicago/food-delivery/kfc-taco-bell-i-294-milepost-25/yXNkJRnXT6icI7UlLcIt2w,darien-illinois
https://www.ubereats.com/chicago/food-delivery/panda-express-781-e-boughton-rd/b_xpnqPFRniSy5Zt0DXEgA,darien-illinois
https://www.ubereats.com/chicago/food-delivery/magic-kitchen/UpNaO0b1T0ihKG-TLTUshg,darien-illinois
https://www.ubereats.com/chicago/food-delivery/sunrise-sandwich-co/tFb0syuVRoKczjAPqAMSsQ,darien-illinois
https://www.ubereats.com/chicago/food-delivery/mcdonalds-state-%26-wend/Uxh8ymTES8qA9yYpYTWTfA,darien-illinois
https://www.ubereats.com/chicago/food-delivery/chipotle-mexican-grill-5801-s-la-grange-rd/0srhU-VJTBujweqlmBnBtA,darien-illinois
https://www.ubereats.com/chicago/food-delivery/teriyaki-madness-795-e-butterfield-rd-lombard/Y87f9IPwT4aAdorTzW1wVw,darien-illinois
https://www.ubereats.com/chicago/food-delivery/panera-7165-kingery-highway/u8wYbdvDSw2OU7w_RJvQEA,darien-illinois
https://www.ubereats.com/chicago/food-delivery/cracker-barrel-old-country-store-1295-lakeview-drive/Njiter6OQCSo9_66hJo58w,darien-illinois
https://www.ubereats.com/chicago/food-delivery/apizzaco-highland-ave/iSgrmay5SIGUdMUakXe0_A,darien-illinois
https://www.ubereats.com/chicago/food-delivery/tgi-fridays-2670-darien-il/ehOv0IQtQReUgT3WafeO8A,darien-illinois
https://www.ubereats.com/chicago/food-delivery/between-the-buns-oakbrook-terrace/WGBztpyzREGBym1qMje0Aw,darien-illinois
https://www.ubereats.com/chicago/food-delivery/buona-bolingbrook/bDlN582-QyedUbjNCZT9ZA,darien-illinois
https://www.ubereats.com/chicago/food-delivery/fuller-house-bar/u00FtmlHSkON3RCnVkuHnQ,darien-illinois
https://www.ubereats.com/chicago/food-delivery/woodgrain-neapolitan-pizzeria-bolingbrook/ffawJsDSTVKEqbPLLk95Iw,darien-illinois
https://www.ubereats.com/chicago/food-delivery/honey-jam-cafe-downers-grove/hyUAKwqTR_i01zXKDDGT9w,darien-illinois
https://www.ubereats.com/chicago/food-delivery/boston-market-285-n-weber-rd/3his1MQmRK2ZzObCK0R0Iw,darien-illinois
https://www.ubereats.com/chicago/food-delivery/dunkin-4300-lincoln-ave-unit-a/PrmqDUjxT0apyGVG1WbaFg,darien-illinois
https://www.ubereats.com/chicago/food-delivery/los-burritos-tapatios-lisle/wer65CvIRTq7dmniV5IdaA,darien-illinois
https://www.ubereats.com/chicago/food-delivery/fajitas-mexican-restaurant-countryside/xCVJb2T3QvWi6mxz0oDLWQ,darien-illinois
https://www.ubereats.com/chicago/food-delivery/honey-bee-cafe/HhiLGdMVT3ajy5br0pqWTA,darien-illinois
https://www.ubereats.com/chicago/food-delivery/papa-johns-355-w-ogden-ave/tya141dOQKidXJ7uaqUR1g,darien-illinois
https://www.ubereats.com/chicago/food-delivery/mcdonalds-yorktown-center-%26-highland/h7LZGAMtS8Ox6eQf2Upmzw,darien-illinois
https://www.ubereats.com/chicago/food-delivery/pizza-track/Fk2KhVk7StGHyeLoYRyn-A,darien-illinois
https://www.ubereats.com/chicago/food-delivery/zazzos-pizza-westmont/enmbAxBRRgau2mn1a3i1QQ,darien-illinois
https://www.ubereats.com/chicago/food-delivery/buona-darien/HvuE4zjIS1CCW_IfLxCVZw,darien-illinois
https://www.ubereats.com/chicago/food-delivery/subway-6300-robert-kingery-hwy-%23124/Ew2GfV85Rxe-SLnJvEmZCA,darien-illinois
https://www.ubereats.com/chicago/food-delivery/juicy-o-pancake-house-downers-grove/R-imWBd3TiSHtLrYDAJRIQ,darien-illinois
https://www.ubereats.com/chicago/food-delivery/mr-broast-roosevelt-%26-school/qUSuzE6IQgyJvqKaqpqFhg,darien-illinois
https://www.ubereats.com/chicago/food-delivery/idof-i-dream-of-falafel-oakbrook/8N3_YdA2TVa4wFFy__U8gw,darien-illinois
https://www.ubereats.com/chicago/food-delivery/balkan-bakery/p07xBVzlQHehTQoKZr-4ZA,darien-illinois
https://www.ubereats.com/chicago/food-delivery/taste-indian-chinese-cuisine/F9z4mgIGQiCJKGqHqlJ1MA,darien-illinois
https://www.ubereats.com/chicago/food-delivery/hong-kong-carry-out/n-Llehj5Ru-OJ8bAD94Jag,darien-illinois
https://www.ubereats.com/chicago/food-delivery/portillos-hot-dogs-134-e-boughton-rd/erRio82uSHSkV3Hxi5rgJw,darien-illinois
https://www.ubereats.com/chicago/food-delivery/the-sweet-and-savory-spot/8R8-WikwTAKBQ2vmPiBCrg,darien-illinois
https://www.ubereats.com/chicago/food-delivery/wendys-7100-kingery-rd/u_piKav7TEWouLaSaD32qQ,darien-illinois
https://www.ubereats.com/chicago/food-delivery/fannie-may-woodgrove/RYDqzAEzRsO3sZZ9Kc-O8Q,darien-illinois
https://www.ubereats.com/chicago/food-delivery/dunkin-85-yorktown-shopping-center/btA1cbCDSm6b1OOKbcxMng,darien-illinois
https://www.ubereats.com/chicago/food-delivery/big-suchir/Avd5-RZsSvKAO8N0fW7aTQ,darien-illinois
https://www.ubereats.com/chicago/food-delivery/mangia-mangia/H6zRSU3LQ6q185eLF2-JrQ,darien-illinois
https://www.ubereats.com/chicago/food-delivery/steak-n-shake-1520-ogden-ave/UBRHFtT8TDi8xd7VlKWr7g,darien-illinois
https://www.ubereats.com/chicago/food-delivery/babas-famous-steak-%26-lemonade-schmidt-%26-boughton/WiLkIpRWSQKsJVr0gu71Yg,darien-illinois
https://www.ubereats.com/chicago/food-delivery/dunkin-419-s-joliet-rd/FxgBaICwSBG_KnfqUuXloA,darien-illinois
https://www.ubereats.com/chicago/food-delivery/french-toastery/Pl5XF0v0Q0qyrsiFHxKGNQ,darien-illinois
https://www.ubereats.com/chicago/food-delivery/china-chef/mh5sHXAzQsao24KGFkRwZA,darien-illinois
https://www.ubereats.com/chicago/food-delivery/pierce-tavernmain-st/m3vRucIvSZGTLL6tdeBDag,darien-illinois
https://www.ubereats.com/chicago/food-delivery/rosatis-pizza-406-w-5th-ave/GC9HrM18Ryu8fxrnQqqRbw,darien-illinois
https://www.ubereats.com/chicago/food-delivery/potbelly-sandwich-shop-bolingbrook-%7C-122/aYsPS9KHRaakul1c7azkLA,darien-illinois
https://www.ubereats.com/chicago/food-delivery/dunkin-donuts-75th-st/GdZ_imXeQIqijBRAyNySzg,darien-illinois
https://www.ubereats.com/chicago/food-delivery/benihana-747-e-butterfield-road/1k-eTCC0TSC6Q8rgrbZq1Q,darien-illinois
https://www.ubereats.com/chicago/food-delivery/potbelly-sandwich-shop-lombard-%7C-33/9MwkQbjLT2SKrw5Bd5IPPw,darien-illinois
https://www.ubereats.com/chicago/food-delivery/popeyes-7518-s-cass-ave/9pI3piwXTDCMDh0RiFEWvg,darien-illinois
https://www.ubereats.com/chicago/food-delivery/clique-sports-bar/ulitmKlyR2C6EfmpfRHpbw,darien-illinois
https://www.ubereats.com/chicago/food-delivery/lucky-dragon/SbcGz6s_S6eRT3hm1kmJvw,darien-illinois
https://www.ubereats.com/chicago/food-delivery/capri-of-downers-grove/XVCsZSVZSkmAoS19VXowkg,darien-illinois
https://www.ubereats.com/chicago/food-delivery/golden-corral-381-brookview-lane/3zh_UFNFTwOUsfx2douGzg,darien-illinois
https://www.ubereats.com/chicago/food-delivery/subway-8266-janes-ave/pK3BrwGwQvmWjhNoGQ6UXw,darien-illinois
https://www.ubereats.com/chicago/food-delivery/buffalo-wild-wings-6450-route-53/r7-ure1xTgSm9-RpsDH3Og,darien-illinois
https://www.ubereats.com/chicago/food-delivery/dickeys-bolingbrook/nB5upE1iTsu4WxfY0S3N7w,darien-illinois
https://www.ubereats.com/chicago/food-delivery/dao-sushi-%26-thai-restaurant-willowbrook/i1DLWfBIS_OteYCrqvKQ8g,darien-illinois
https://www.ubereats.com/chicago/food-delivery/paleteria-el-sabor-de-michoacan-%23-3/NjHKBc0JRMuNEo8CQW1mVQ,darien-illinois
https://www.ubereats.com/chicago/food-delivery/subway-lemont/PcbE87dJTki36Ob0jrS2oA,darien-illinois
https://www.ubereats.com/chicago/food-delivery/dennys-17-w-660-22nd-st/SX_3AFZgTvSSdcjGeQNvvA,darien-illinois
https://www.ubereats.com/chicago/food-delivery/five-guys-il-0575-340-ogden-ave/B7oICECzTi6QiCTbiRFTVA,darien-illinois
https://www.ubereats.com/chicago/food-delivery/pub-revival/bKZURs2xQXaJQZO6ep4aFQ,darien-illinois
https://www.ubereats.com/chicago/food-delivery/taco-bell-7419-s-cass-ave/pKxV0rdkTymUiv6bk6UJEQ,darien-illinois
https://www.ubereats.com/chicago/food-delivery/jenis-splendid-ice-cream-oakbrook-center/GGHFnJOiQCeGrip6s6xbEQ,darien-illinois
https://www.ubereats.com/chicago/food-delivery/sushi-house-downers-grove/C3iF91X_S6uhbWIj_jxlMw,darien-illinois
https://www.ubereats.com/chicago/food-delivery/lucky-dragon-2/Jtsr0XAiQ1CjlYaMT7kK_Q,darien-illinois
https://www.ubereats.com/chicago/food-delivery/guzman-y-gomez-naperville/jM6t0JCZTAW7gDe2EMp9Fw,darien-illinois
https://www.ubereats.com/chicago/food-delivery/starbucks-downers-grove-main-%26-warren/AnhVwIsUQ6i0ttDS7gWDxA,darien-illinois
https://www.ubereats.com/chicago/food-delivery/wok-n-fire/QykBeLtlRtGjLwHdnM0CcA,darien-illinois
https://www.ubereats.com/chicago/food-delivery/dunkin-1931-w-ogden-ave/1LD4znNOQGCqjdyixEad3Q,darien-illinois
https://www.ubereats.com/chicago/food-delivery/chipotle-mexican-grill-1516-n-naper-blvd-ste-104/ljoAlmviR4-6NOr-25HjzA,darien-illinois
https://www.ubereats.com/chicago/food-delivery/burger-king-7301-lemont-road/3khZn5gZTSOhRVzt2KjYhA,darien-illinois
https://www.ubereats.com/chicago/food-delivery/jersey-mikes-subs-naperville-%26-butterfield/kpMimAiqRvyrLoGBKYM_NA,darien-illinois
https://www.ubereats.com/chicago/food-delivery/protein-bar-%26-kitchen-york-%26-22nd-st/Zg68NwEqRGelfKiIYzYh_w,darien-illinois
https://www.ubereats.com/chicago/food-delivery/albaraka-grill/aFz132ENRM6Pz6sEplioQA,darien-illinois
https://www.ubereats.com/chicago/food-delivery/signature-slabs/M2vUnrFxR6SwLIz9sCikxw,darien-illinois
https://www.ubereats.com/chicago/food-delivery/j-%26-j-fish-and-chicken/48nlEDCRRLmujOyRAzkPyw,darien-illinois
https://www.ubereats.com/chicago/food-delivery/mcdonalds-naper-%26-ogden/Iowf3v7QS0W5VLcP6fxBng,darien-illinois
https://www.ubereats.com/chicago/food-delivery/dunkin-121-w-ogden-ave/ajUIrtrtS2u4O5j_LWzBbw,darien-illinois
https://www.ubereats.com/chicago/food-delivery/davanti-enoteca-western-springs/zYrem14PSHWcO4DBNOAtwQ,darien-illinois
https://www.ubereats.com/chicago/food-delivery/mcdonalds-la-grange-%26-ogden/ruvYeQivS22N5_fcXkQcTg,darien-illinois
https://www.ubereats.com/chicago/food-delivery/little-joes-countryside/ONhUZhpLT0C1dG1BUiKCDw,darien-illinois
https://www.ubereats.com/chicago/food-delivery/mandys-soul-food-kitchen/Qwkr-bWsSWekkeKkNNMtLQ,darien-illinois
https://www.ubereats.com/chicago/food-delivery/white-castle-1204-75th-st/1aloQPMkTxaMlqZT88NHPQ,darien-illinois
https://www.ubereats.com/chicago/food-delivery/claras/ULkU8AukSXGwKin9E-dS5w,darien-illinois
https://www.ubereats.com/chicago/food-delivery/subway-822-ogden-ave/NTpB-IROQQS6z4_JAUHblQ,darien-illinois
https://www.ubereats.com/chicago/food-delivery/saffron-of-westmont/CwmZag9iQ9Od-RoOO-JQJw,darien-illinois
https://www.ubereats.com/chicago/food-delivery/new-korea-garden/3Pz-8KKCTHGnqn8sLnCyQQ,darien-illinois
https://www.ubereats.com/chicago/food-delivery/popeyes-257-s-bolingbrook-dr/dwsPw9CAQCu7sq_TrQauzw,darien-illinois
https://www.ubereats.com/chicago/food-delivery/mcdonalds-bolingbrook-%26-briarcliff/pLU4bHwDR5uzeHCdxQq_Pg,darien-illinois
https://www.ubereats.com/chicago/food-delivery/rustic-knead/lY_xN_9HSxmMCKmrQWo-UQ,darien-illinois
https://www.ubereats.com/chicago/food-delivery/johnnys-burgers-bowls-%26-bbq/XtGlsoP6QXaYLn5ahx87RA,darien-illinois
https://www.ubereats.com/chicago/food-delivery/chicago-hot-breads/wJoWxYMUTlqFL5wMxvBtaA,darien-illinois
https://www.ubereats.com/chicago/food-delivery/mod-pizza-bolingbrook/FSpFipMdREa7m-ag8Q6uhA,darien-illinois
https://www.ubereats.com/chicago/food-delivery/damascus-falafel/-0wJWXJ0RsOxsqtXYlyosQ,darien-illinois
https://www.ubereats.com/chicago/food-delivery/casa-margarita-hinsdale/t_WrWQbqS4OYn7Hl-Ol6eQ,darien-illinois
https://www.ubereats.com/chicago/food-delivery/halsted-street-deli/INc7--4gSEK6j3C6TCUp6A,darien-illinois
https://www.ubereats.com/chicago/food-delivery/ballydoyle-irish-pub-downers-grove/usKHSH8tQDKQFCev3zqYcw,darien-illinois
https://www.ubereats.com/chicago/food-delivery/shawarma-express/ugMgQq8VTr6nLQImkk4EiA,darien-illinois
https://www.ubereats.com/chicago/food-delivery/mapo-restaurant/otABfe8jRcyOooacU_s9dA,darien-illinois
https://www.ubereats.com/chicago/food-delivery/palmers-burger-bar/GtwmzsScTVakw09_SxL4YA,darien-illinois
https://www.ubereats.com/chicago/food-delivery/starbucks-lisle-rte-53-%26-maple/KKo2MFynRDOVqy5R8mhrfw,darien-illinois
https://www.ubereats.com/chicago/food-delivery/on-the-go-restaurant/AILE5pKHS7q5Hkfs3zfqaA,darien-illinois
https://www.ubereats.com/chicago/food-delivery/mago-grill-%26-cantina-bolingbrook/co0VeQanQl6pqgA-fhckTA,darien-illinois
https://www.ubereats.com/chicago/food-delivery/jersey-mikes-subs-62-ogden-avenue/Luz05me4RVqcNfj3l8R-mA,darien-illinois
https://www.ubereats.com/chicago/food-delivery/the-patty-melt-co/sxttPwOERpe5oJwx4VDg7g,darien-illinois
https://www.ubereats.com/chicago/food-delivery/the-americana-diner-inside-the-greater-chicago-i-55-auto-truckstop/n_ovt7aZQJWvyImaA9xtMg,darien-illinois
https://www.ubereats.com/chicago/food-delivery/wendys-320-e-ogden/Y1S2uYGATJ-S24rplV-4sg,darien-illinois
https://www.ubereats.com/chicago/food-delivery/weber-grill-restaurant-lombard/5wAyp2tPRIu3XS6Rnnr8yw,darien-illinois
https://www.ubereats.com/chicago/food-delivery/burrito-paradise/fmtfnyDWQE-9tLBrYOnu7g,darien-illinois
https://www.ubereats.com/chicago/food-delivery/desi-diner/nIw0DyDNQ1qZOfOxFAvQ9g,darien-illinois
https://www.ubereats.com/chicago/food-delivery/chinese-kitchen/1HaC06LwS2SrfNrLNXN9rA,darien-illinois
https://www.ubereats.com/chicago/food-delivery/covo-greek-street-food/sHAoAqEwSTK3SJ3yKn2qyw,darien-illinois
https://www.ubereats.com/chicago/food-delivery/noodles-pho-u-lombard/vHVo7wYgQJeHQFw3omvUKg,darien-illinois
https://www.ubereats.com/chicago/food-delivery/the-fremont-bar-and-grill/xubDDutZQEygTKmRibMw8Q,darien-illinois
https://www.ubereats.com/chicago/food-delivery/del-carmen-restaurant-chicago/ecc0cbKDQ3magfTpWgHjMg,darien-illinois
https://www.ubereats.com/chicago/food-delivery/buca-di-beppo-lombard/JYSHzVFQTSq6i-I6jngTow,darien-illinois
https://www.ubereats.com/chicago/food-delivery/subway-chicago-%26-naper/MLBs7eZYRmWYO3YQ78YrtQ,darien-illinois
https://www.ubereats.com/chicago/food-delivery/pepes-woodridge-il/Y6RW-R26SkeahKpUSyeQOg,darien-illinois
https://www.ubereats.com/chicago/food-delivery/rosebud-lemont/DbSUgrRkQQCPY7kbJi38Ew,darien-illinois
https://www.ubereats.com/chicago/food-delivery/urban-counter-hinsdale/BBIbekYfSRSxQVBdtWgTIg,darien-illinois
https://www.ubereats.com/chicago/food-delivery/fiamme-pizzeria-napoletana/1eCFOuuzS7mv1ednbOzB8w,darien-illinois
https://www.ubereats.com/chicago/food-delivery/uncle-julios-naperville/Y3QRVkP2Qu-IV5z8T875Uw,darien-illinois
https://www.ubereats.com/chicago/food-delivery/grilled-cheesin/zARAjV5UQQWy4gSti2EU4w,darien-illinois
https://www.ubereats.com/chicago/food-delivery/panera-1001-west-75th-street/9XAHX2a1Tt2x6VSOCPkNCw,darien-illinois
https://www.ubereats.com/chicago/food-delivery/jimmys-dog-house/J62MQQD0QjGn7qxlo5Excw,darien-illinois
https://www.ubereats.com/chicago/food-delivery/jens-guesthouse/cxqnxn8zRFqs6Eu92ylDxw,darien-illinois
https://www.ubereats.com/chicago/food-delivery/sullivans-244-s-main-street/3O3XdEaDTpqKgrCOG_f_lQ,darien-illinois
https://www.ubereats.com/chicago/food-delivery/suparossa-restaurant/qwdXJUynSv2Sybgm31IZRA,darien-illinois
https://www.ubereats.com/chicago/food-delivery/rosatis-pizza-woodridge/sePZvq94TViGMvPBP8JYGQ,darien-illinois
https://www.ubereats.com/chicago/food-delivery/potbelly-sandwich-shop-westmont-dt-%7C-355/X8FhmEq8SueRKAEtdwPMIQ,darien-illinois
https://www.ubereats.com/chicago/food-delivery/mai-thai-restaurant/EC_K5MrtQDigsV8TOfJmWw,darien-illinois
https://www.ubereats.com/chicago/food-delivery/poke-bros-oakbrook-terrace/M31T1yrWRtaTI-Xri7qE1g,darien-illinois
https://www.ubereats.com/chicago/food-delivery/spice-mart/vLN9HhFHSYGQaWAUqiAm7A,darien-illinois
https://www.ubereats.com/chicago/food-delivery/aodake/vMIpF9nvQkyuO5PFGiEENA,darien-illinois
https://www.ubereats.com/chicago/food-delivery/golden-basket/e_C04EzXTLCO80K1j1gFaQ,darien-illinois
https://www.ubereats.com/chicago/food-delivery/chipotle-mexican-grill-1203-ogden-ave/CR0Jrk5iQcGdpSTx3L-TrA,darien-illinois
https://www.ubereats.com/chicago/food-delivery/burger-king-6930-south-route-83/iwvMRbQzSsmIaofBrrXTpA,darien-illinois
https://www.ubereats.com/chicago/food-delivery/skippys-gyros-oak-brook/OmShFz9LSga2purV0BKkfg,darien-illinois
https://www.ubereats.com/chicago/food-delivery/eagle-restaurant/CFxLrEQlT4iFuydSFRRw4g,darien-illinois
https://www.ubereats.com/chicago/food-delivery/masala/0M4NqGkiRzSEfZTrS80VGw,darien-illinois
https://www.ubereats.com/chicago/food-delivery/taco-bell-7451-lemont-rd/4OBSDfhTQdi7h06r1TAWHA,darien-illinois
https://www.ubereats.com/chicago/food-delivery/mora-asian-kitchen-bolingbrook/6U9oNXyaSpGuLqDwvoFbuA,darien-illinois
https://www.ubereats.com/chicago/food-delivery/arbys-1950-w-75-st/wVDY1op-ToyFQGFmd7i6WQ,darien-illinois
https://www.ubereats.com/chicago/food-delivery/cold-stone-creamery/Aa7MAK9fSZuhLlZsvmFa4A,darien-illinois
https://www.ubereats.com/chicago/food-delivery/raffertys-irish-pub/v5JL4b_JTDO4hkl0EzEfTQ,darien-illinois
https://www.ubereats.com/chicago/food-delivery/burger-king-4-west-63rd-street/NXyMBwfWRCSwoAjxowpfOg,darien-illinois
https://www.ubereats.com/chicago/food-delivery/smallcakes-western-springs/HNpZLwjnQzSob3kI2eptrw,darien-illinois
https://www.ubereats.com/chicago/food-delivery/starbucks-hinsdale-washington-%26-hinsdale/tSjTHTztSUWHAm3hX1NpzA,darien-illinois
https://www.ubereats.com/chicago/food-delivery/jets-pizza-darien/7yTrAm-TSKyOFRdDeT155Q,darien-illinois
https://www.ubereats.com/chicago/food-delivery/hooters-downers-grove-%26-butterfield/zMy8wxVrSMu4HFAZpGSsbw,darien-illinois
https://www.ubereats.com/chicago/food-delivery/uncle-julios-lombard/g_ZR2k_URiOGAN4CQmwrHQ,darien-illinois
https://www.ubereats.com/chicago/food-delivery/rosebud-restaurants-lemont/gN-AGkOESoy9xBb2EWlbMA,darien-illinois
https://www.ubereats.com/chicago/food-delivery/nandos-peri-peri-6-w-jefferson-ave/WuV-Xa68RhWviNGfsQsNRw,darien-illinois
https://www.ubereats.com/chicago/food-delivery/taco-bell-8760-w-95th-street/Rx01zh6jSFiWeIH-KvSnwg,darien-illinois
https://www.ubereats.com/chicago/food-delivery/subway-357-w-ogden-ave/3DmLgKQwQhK0KS86ghxulQ,darien-illinois
https://www.ubereats.com/chicago/food-delivery/zoup!-1001-west-75th-street/vu36tcizR0a0d6R1rPbQCA,darien-illinois
https://www.ubereats.com/chicago/food-delivery/jersey-mikes-subs-weber-%26-boughton/9IDg0ad9QMuA6J4V9EX9UQ,darien-illinois
https://www.ubereats.com/chicago/food-delivery/capital-greens-highland-ave/_QxJVfKaTF2FjY59cGJPDg,darien-illinois
https://www.ubereats.com/chicago/food-delivery/los-burritos-tapatios-westmont/MD8ruDZAQaCT4V7PF_TpGQ,darien-illinois
https://www.ubereats.com/chicago/food-delivery/mcdonalds-63rd-st-%26-cass/TkuqzkRRQP6k9L91Bwsj-g,darien-illinois
https://www.ubereats.com/chicago/food-delivery/burrito-parilla-mexicana-lombard/8jp3dZvqQp2RdBBm8LvjlQ,darien-illinois
https://www.ubereats.com/chicago/food-delivery/wasabi-restaurant-%26-bar/z3FMoXmBQvaXq2SypwcZPg,darien-illinois
https://www.ubereats.com/chicago/food-delivery/smashburger-1-rice-lake-square/R6iq8xW-S2SJCZi6UsRB-Q,darien-illinois
https://www.ubereats.com/chicago/food-delivery/cedar-grill/5joC8iroTEqXY1j0WrF_4Q,darien-illinois
https://www.ubereats.com/chicago/food-delivery/chicken-lit/ZZg9JE8cR-CGQSSImkYaHg,darien-illinois
https://www.ubereats.com/chicago/food-delivery/shree-indian-restaurant-westmont/-ksJRGsfQb6WU4VfG4XtYA,darien-illinois
https://www.ubereats.com/chicago/food-delivery/on-the-fly-%E2%80%A2-wings-%26-things/E69i2nrKQ6qL8scpcRSBaw,darien-illinois
https://www.ubereats.com/chicago/food-delivery/twin-peaks-restaurant-17w744-22nd-st/XT_jp8V6QkWuNwxKAfJj6g,darien-illinois
https://www.ubereats.com/chicago/food-delivery/mcdonalds-75th-st-%26-janes/UmG49TFfS3iMQjVmPYE_oQ,darien-illinois
https://www.ubereats.com/chicago/food-delivery/prasino/HVVTzo-oSKWWKqRwtYeWyw,darien-illinois
https://www.ubereats.com/chicago/food-delivery/guac-n-tacos/BssCsSMFR5q8Te7KF5t2UQ,darien-illinois
https://www.ubereats.com/chicago/food-delivery/en-fuego-mexican-grille/MwBtuevkQZq8B0K3TQkacQ,darien-illinois
https://www.ubereats.com/chicago/food-delivery/chipotle-mexican-grill-811-butterfield-rd-ste-101/1yT7XkpmRk25SXw3dgrqeA,darien-illinois
https://www.ubereats.com/chicago/food-delivery/between-the-buns-bolingbrook/KrsRwFNpTKSlH-KqrF7zHA,darien-illinois
https://www.ubereats.com/chicago/food-delivery/starbucks-75th-%26-cass/T3jalagzSJ2AxTo3zMSfmw,darien-illinois
https://www.ubereats.com/chicago/food-delivery/fill-a-pita/TxEeurOJRb2iDcMI5uCycA,darien-illinois
https://www.ubereats.com/chicago/food-delivery/kona-grill-oak-brook/MJYX9AY6SkGgRha8JHX8hA,darien-illinois
https://www.ubereats.com/chicago/food-delivery/noodles-%26-company-207-s-washington/VG96v7LvRX68HPNY0gFlTw,darien-illinois
https://www.ubereats.com/chicago/food-delivery/wok-n-fire-wheaton/5BMBDafySTiy-4mqBmjEuQ,darien-illinois
https://www.ubereats.com/chicago/food-delivery/starbucks-butterfield-%26-finley/aITvNFG7QQeLtwDwLIJd2g,darien-illinois
https://www.ubereats.com/chicago/food-delivery/gloria-jeans-coffees/vncLxulkSmaFccj0Dfvtvg,darien-illinois
https://www.ubereats.com/chicago/food-delivery/la-michoacana-classic/RstW0hMsQk6ZKTW7RW0OUQ,darien-illinois
https://www.ubereats.com/chicago/food-delivery/starbucks-ogden-%26-i-294-hinsdale/RHeGxnI-T5CnBbxeqohc6w,darien-illinois
https://www.ubereats.com/chicago/food-delivery/jets-pizza-ogden/L-Yo34OJQC6bjShwfIOcHw,darien-illinois
https://www.ubereats.com/chicago/food-delivery/cuisine-of-india-naperville/vWcLRi8AQx2QAWtwL-RRSg,darien-illinois
https://www.ubereats.com/chicago/food-delivery/dairy-queen-treat-841-e-roosevelt-rd/bArWbmwpQ0Wju9y143Mw2Q,darien-illinois
https://www.ubereats.com/chicago/food-delivery/checkers-drive-in-651-n-independence/pd6ai6xlRhaIV7YRKHwoxQ,darien-illinois
https://www.ubereats.com/chicago/food-delivery/steak-n-shake-2019-w-75th-street/bXW_XVKGQE2nANq1M8TC-A,darien-illinois
https://www.ubereats.com/chicago/food-delivery/deccan-spice/fZswNb53TLSMKB182uXRfQ,darien-illinois
https://www.ubereats.com/chicago/food-delivery/juicy-o-pancake-house-naperville/wVHLhe81R7aUBXz8c0xS2g,darien-illinois
https://www.ubereats.com/chicago/food-delivery/taste-greek-street-food/gx3n7xJ7T4-HFYp7bsrQlg,darien-illinois
https://www.ubereats.com/chicago/food-delivery/pepes-homer-glen/fHjErzYFRcKwqVQWTsr_tQ,darien-illinois
https://www.ubereats.com/chicago/food-delivery/capri-ristorante-woodridge/A_M89Kw1TqibqXnbQMT2Ww,darien-illinois
https://www.ubereats.com/chicago/food-delivery/los-arcos-mexican-grill-woodridge/4fqPIvAfSIGpH-4Q3Aiccw,darien-illinois
https://www.ubereats.com/chicago/food-delivery/q-pub-and-grill/xxwMY7hSSfGll3lEjFr_eA,darien-illinois
