url,city
https://www.ubereats.com/washington-dc/food-delivery/chipotle-mexican-grill-20940-frederick-rd/uL10Ft1-ROitYbjPQcTWMg,darnestown-maryland
https://www.ubereats.com/washington-dc/food-delivery/firehouse-subs-19851-century-blvd/eIgb0dgDQJKLCyhjhrwi7g,darnestown-maryland
https://www.ubereats.com/washington-dc/food-delivery/mackies-smokin-wings/aoYtySBuQuOJI6KsREB9oA,darnestown-maryland
https://www.ubereats.com/washington-dc/food-delivery/fd-book-cafe/5dSbc_K9Sj-xjzN9Xxw5Dw,darnestown-maryland
https://www.ubereats.com/washington-dc/food-delivery/mistik-taverna/PVBTN_EESFSe0ZJDLxK9Gg,darnestown-maryland
https://www.ubereats.com/washington-dc/food-delivery/mamma-lena-trattoria/4jObjHXtT6CBG5jvDT16aA,darnestown-maryland
https://www.ubereats.com/washington-dc/food-delivery/class-520-ice-cream-rockville/B0IOq7N3TISWJeI7bD7ntQ,darnestown-maryland
https://www.ubereats.com/washington-dc/food-delivery/super-chicken-germantown/5PCqRCo8TqKnk5qk2mdq0Q,darnestown-maryland
https://www.ubereats.com/washington-dc/food-delivery/fresh-baguette/vhSMYd9IR72RKXqLTMwZww,darnestown-maryland
https://www.ubereats.com/washington-dc/food-delivery/kabob-sandwich-house/VTdAfYvfS7-JInEeymwxvw,darnestown-maryland
https://www.ubereats.com/washington-dc/food-delivery/the-spot_gong-cha/XSSh7fbnRJCUFWMdjuCB1g,darnestown-maryland
https://www.ubereats.com/washington-dc/food-delivery/krispy-kreme-14919-shady-grove-rd/t_J-1eG6RKuruq4MP6mIlA,darnestown-maryland
https://www.ubereats.com/washington-dc/food-delivery/lemon-lounge-potomac/7kPVuDypTzGrR9z85TZmRg,darnestown-maryland
https://www.ubereats.com/washington-dc/food-delivery/chipotle-mexican-grill-564-n-frederick-ave/EmSiyhVdR8iNCcvFyzlUMQ,darnestown-maryland
https://www.ubereats.com/washington-dc/food-delivery/carrabbas-19935-century-blvd/q1tjYJjbR7ymGSPg84JwpA,darnestown-maryland
https://www.ubereats.com/washington-dc/food-delivery/first-watch-rockville/WUIJmF6qTLeVs_UephMp9g,darnestown-maryland
https://www.ubereats.com/washington-dc/food-delivery/taco-bar-gaithersburg/GEc0d1u2QhqNcxXeohERSQ,darnestown-maryland
https://www.ubereats.com/washington-dc/food-delivery/senor-tequilas-sterling/MckiqULfSBaRaZUwgDidqg,darnestown-maryland
https://www.ubereats.com/washington-dc/food-delivery/starbucks-cascade-marketplace/dzs7JkCYTuiHneT-NJIovw,darnestown-maryland
https://www.ubereats.com/washington-dc/food-delivery/matchbox-ashburn/A6Bcr1P7Tg-euAzbSlVMFg,darnestown-maryland
https://www.ubereats.com/washington-dc/food-delivery/deli-italiano/ZHqaGabqQUyqJcLaxkHASA,darnestown-maryland
https://www.ubereats.com/washington-dc/food-delivery/the-spot_tamashi/w-ZOqXt4RHy6Wcfrw6Mu4Q,darnestown-maryland
https://www.ubereats.com/washington-dc/food-delivery/spring-mill-bread-gaithersburg/PqS295CBQ7uVcSHUnLy7EA,darnestown-maryland
https://www.ubereats.com/washington-dc/food-delivery/moby-dick-house-of-kabob-gaithersburg/m0z0M7CJQxORlf-CGMieRg,darnestown-maryland
https://www.ubereats.com/washington-dc/food-delivery/a2z-deli/oNLGLTP8Tv2upYoPiL6F3w,darnestown-maryland
https://www.ubereats.com/washington-dc/food-delivery/live-crawfish-and-seafood/VeQxX1UsQCmE0qvW2RMw-Q,darnestown-maryland
https://www.ubereats.com/washington-dc/food-delivery/chicken-stand/M8p4CCKpS7G9Hi4Wy15muA,darnestown-maryland
https://www.ubereats.com/washington-dc/food-delivery/asian-bakery-cafe/5mmy4d8dSyKxMNSQnZtU2w,darnestown-maryland
https://www.ubereats.com/washington-dc/food-delivery/ten-ren-tea-time-gaithersburg/dNFeEM9fQTikyITIEmWCyA,darnestown-maryland
https://www.ubereats.com/washington-dc/food-delivery/la-casita-pupuseria-germantown/-B77aVJYSAqV9oOeA3cd1A,darnestown-maryland
https://www.ubereats.com/washington-dc/food-delivery/starbucks-muddy-branch/HWcERLM8RPu29NEHykil9Q,darnestown-maryland
https://www.ubereats.com/washington-dc/food-delivery/pio-pio-peruvian-cuisine/UeDL7xx7RWOwfjJRE_xNrg,darnestown-maryland
https://www.ubereats.com/washington-dc/food-delivery/subway-108-olde-towne-ave-ste-%235/i0FMrZT3SDOOm8UlCgSuKA,darnestown-maryland
https://www.ubereats.com/washington-dc/food-delivery/nagoya-sushi/p4uPJcwhReicHhDz5HCG0g,darnestown-maryland
https://www.ubereats.com/washington-dc/food-delivery/east-dumpling-house-east-dumpling-karaoke/TuIHZKPZSwu8kVYZgvvidA,darnestown-maryland
https://www.ubereats.com/washington-dc/food-delivery/sushi-oishii-rockville/ob_tRni8RpOV7gxCZ2kQ5g,darnestown-maryland
https://www.ubereats.com/washington-dc/food-delivery/jiawei-cafe/jwTRyaoYQMqNX_-N_SnW6A,darnestown-maryland
https://www.ubereats.com/washington-dc/food-delivery/halal-hut/MlOQlxfESs2Kif-ai-H49Q,darnestown-maryland
https://www.ubereats.com/washington-dc/food-delivery/euphoria-kitchen-inc/mltkzTGDQy-E2qKh9VzJVA,darnestown-maryland
https://www.ubereats.com/washington-dc/food-delivery/spicelife-indian-fare/tKmqFV0XSmGCybCx-WUMJQ,darnestown-maryland
https://www.ubereats.com/washington-dc/food-delivery/nandos-peri-peri-20556-easthampton-plaza/ylVE9pUeQIikqbBpC5-eMQ,darnestown-maryland
https://www.ubereats.com/washington-dc/food-delivery/mcdonalds-465-n-fredrick/V8mrguUgQ3mjIMaPF-fNow,darnestown-maryland
https://www.ubereats.com/washington-dc/food-delivery/california-pizza-kitchen-136-boardwalk-place/ITBG3u_PRMC-0N5nyloq7Q,darnestown-maryland
https://www.ubereats.com/washington-dc/food-delivery/tastes-of-vietnam/1KfuCq_3Rfmfi0CXkwbZMg,darnestown-maryland
https://www.ubereats.com/washington-dc/food-delivery/basils-pizza/vZpWq6XPQbeT4k61XVatIA,darnestown-maryland
https://www.ubereats.com/washington-dc/food-delivery/starbucks-downtown-crown/_K8A0rAUTLC2_o5nWqDGJw,darnestown-maryland
https://www.ubereats.com/washington-dc/food-delivery/mcdonalds-666-quince-orchard-rd/m-i0O_JHQsupUJ0B2FI1DQ,darnestown-maryland
https://www.ubereats.com/washington-dc/food-delivery/tara-thai-gaithersburg/WHtNDoaCSnOXEjUS2z-FAg,darnestown-maryland
https://www.ubereats.com/washington-dc/food-delivery/moby-dick-house-of-kabob-germantown/n0wfX-WnQxmV0wblu2PVpA,darnestown-maryland
https://www.ubereats.com/washington-dc/food-delivery/bbq-chicken-rockville-md/4IqTTZc3SFKPHNpG5fs5NQ,darnestown-maryland
https://www.ubereats.com/washington-dc/food-delivery/mahshad-modern-persian-restaurant/vgZZPlfrT9mOI1xBq8AVNA,darnestown-maryland
https://www.ubereats.com/washington-dc/food-delivery/dog-haus-644-center-point-way/wFmdZPvTQfu0owWssYjQ-Q,darnestown-maryland
https://www.ubereats.com/washington-dc/food-delivery/duck-donuts-511-quince-orchard-road/ZnTExfQ4Qhy9VXL-2JfJqw,darnestown-maryland
https://www.ubereats.com/washington-dc/food-delivery/abi-azteca-restaurant/OMbi4gViQqu1tHDYcJ34PQ,darnestown-maryland
https://www.ubereats.com/washington-dc/food-delivery/%E8%8A%B1%E6%A4%92%E5%85%AB%E8%A7%92chili-talk/I5KIeeLWRFmKbs_ysHarDg,darnestown-maryland
https://www.ubereats.com/washington-dc/food-delivery/kyoto-matcha/Z4vu19iKTVyMPkc3RC0Dtg,darnestown-maryland
https://www.ubereats.com/washington-dc/food-delivery/cm-chicken-germantown-inc/9t9inZFgSlCeFIoQqdw9Yw,darnestown-maryland
https://www.ubereats.com/washington-dc/food-delivery/laredo-grill/4hUJ_yi5T66mHDFEE7v12A,darnestown-maryland
https://www.ubereats.com/washington-dc/food-delivery/ichiban-restaurant/mUMLrujYRWeYI7_JaK4j5A,darnestown-maryland
https://www.ubereats.com/washington-dc/food-delivery/irock-karaoke-lounge/1srlaS-FQKixU3mS8UJpAw,darnestown-maryland
https://www.ubereats.com/washington-dc/food-delivery/rainbow-sushi/RSuEbJIvTXywQAA4h70eLA,darnestown-maryland
https://www.ubereats.com/washington-dc/food-delivery/slapfish/vPmJ0TMgSlaoO5db8uO7nw,darnestown-maryland
https://www.ubereats.com/washington-dc/food-delivery/panida-thai-and-sushi-bar/15Mb7enTTbeAFzEAzZJ2fA,darnestown-maryland
https://www.ubereats.com/washington-dc/food-delivery/caribbean-flavor/1OKggoIIS9StQfzJufov8A,darnestown-maryland
https://www.ubereats.com/washington-dc/food-delivery/kung-fu-tea-19717-frederick-rd/ibgiYwTwRMOFqJop_lJuBg,darnestown-maryland
https://www.ubereats.com/washington-dc/food-delivery/little-caesars-13065-wisteria-dr/ac6TQ-FVStCgWbE_BiBwzA,darnestown-maryland
https://www.ubereats.com/washington-dc/food-delivery/spice-grill-germantown/igzgcR0wT625hkkxDN3pYw,darnestown-maryland
https://www.ubereats.com/washington-dc/food-delivery/starbucks-germantown-town-center/5UmoqKt8QYq-akV1dAXIPQ,darnestown-maryland
https://www.ubereats.com/washington-dc/food-delivery/the-gyros-stand/fXeeOsSPTuqrSAosgHxMBw,darnestown-maryland
https://www.ubereats.com/washington-dc/food-delivery/potbelly-sandwich-shop-rockville-%7C-13/UQI3-bRWS969PSYPC3RurQ,darnestown-maryland
https://www.ubereats.com/washington-dc/food-delivery/starbucks-kentlands/jNaXu4aPSVG3-YxUkP1YhQ,darnestown-maryland
https://www.ubereats.com/washington-dc/food-delivery/wendys-15807-frederick-road/lvMQ2z-0RACRJLQqWUTSxQ,darnestown-maryland
https://www.ubereats.com/washington-dc/food-delivery/pho-%26-grill-gaithersburg/bc53wunuQzqRqpnPuuO_gQ,darnestown-maryland
https://www.ubereats.com/washington-dc/food-delivery/quickway-japanese-hibachi-germantown/U6ulb_FAT8aENwUH4EiBNw,darnestown-maryland
https://www.ubereats.com/washington-dc/food-delivery/oriental-express/c_Jr3WqLRxurGZtKhsdPAQ,darnestown-maryland
https://www.ubereats.com/washington-dc/food-delivery/california-tortilla-paramount/_IJJJ3NDSaSPUxrV73nI5w,darnestown-maryland
https://www.ubereats.com/washington-dc/food-delivery/americas-best-wings-gaithersburg/svfrM4qZTQmvZejHa_RbNA,darnestown-maryland
https://www.ubereats.com/washington-dc/food-delivery/8104-bonefish-grill-82-market-street/46t2q1xxTDevZZEOJfsYWg,darnestown-maryland
https://www.ubereats.com/washington-dc/food-delivery/tandoori-nights/ztv6RynCQj-yYWHIBS2miw,darnestown-maryland
https://www.ubereats.com/washington-dc/food-delivery/kobe-bonsai/48Q-hcAeS9uBPw9DCSXjzQ,darnestown-maryland
https://www.ubereats.com/washington-dc/food-delivery/dunkin-18558-woodfield-rd/eQ31ctjQRSmsAjSlA1pNqQ,darnestown-maryland
https://www.ubereats.com/washington-dc/food-delivery/filicori-zecchini-cafe/KvBuJ0X5SWiYaO_kLMeyGw,darnestown-maryland
https://www.ubereats.com/washington-dc/food-delivery/pho-eatery-gaithersburg/n3e1xnLSTAivReukPwYm_w,darnestown-maryland
https://www.ubereats.com/washington-dc/food-delivery/hook-%26-reel-gaithersburg/nm-OZBulSWygwBM7vDr0cQ,darnestown-maryland
https://www.ubereats.com/washington-dc/food-delivery/chipotle-mexican-grill-205-boardwalk-pl/Ab2aB4s4RBGIRd6Cmcgt6g,darnestown-maryland
https://www.ubereats.com/washington-dc/food-delivery/coal-fire-gaithersburg/34_q9Ds6Se6vYZGqMM163A,darnestown-maryland
https://www.ubereats.com/washington-dc/food-delivery/boston-market-596-frederick-avenue/WfSKhgr_Q8mB8FcCHsOI7g,darnestown-maryland
https://www.ubereats.com/washington-dc/food-delivery/the-woodside-deli/fSYZqC9OQj-QC2183rfhRg,darnestown-maryland
https://www.ubereats.com/washington-dc/food-delivery/siriwan-thai-gaithersburg/af0JM2AFRLODFKC7m53ndw,darnestown-maryland
https://www.ubereats.com/washington-dc/food-delivery/senor-tequilas-century-blvd/ZGx2EdyySQeppjs96fcLkA,darnestown-maryland
https://www.ubereats.com/washington-dc/food-delivery/potbelly-sandwich-shop-gaithersburg-%7C-73/sX05Sa1gSUqtcinwuzQBEA,darnestown-maryland
https://www.ubereats.com/washington-dc/food-delivery/olde-towne-chicken/DVlkk-tnTaqWvNYclDiMHw,darnestown-maryland
https://www.ubereats.com/washington-dc/food-delivery/plant-b-644-center-point-way/whUPmsRvQLu5Fq-KTiG9ew,darnestown-maryland
https://www.ubereats.com/washington-dc/food-delivery/burgerim/5_uHI2zkTW2tgTpi1hCkhQ,darnestown-maryland
https://www.ubereats.com/washington-dc/food-delivery/souvlaki-bar-harry-byrd/Qb_cloptRWO3HF34k8uZFQ,darnestown-maryland
https://www.ubereats.com/washington-dc/food-delivery/om-fine-indian-cuisine-rockville/WTcFw8qYSZGBOhEduWSl5w,darnestown-maryland
https://www.ubereats.com/washington-dc/food-delivery/dunkin-20-montgomery-village-ave/JKBvtuNnT4C2UBrqPQFbkw,darnestown-maryland
https://www.ubereats.com/washington-dc/food-delivery/azul-billards-%26-sports-bar/LykmyjoGSGy3awEaGRfhcg,darnestown-maryland
https://www.ubereats.com/washington-dc/food-delivery/juanitas-restaurant/6Pd0BECCRHqwUz1n7X5OlQ,darnestown-maryland
https://www.ubereats.com/washington-dc/food-delivery/five-guys-md-0095-15784-shady-grove-rd/alhwkycCSeykAg3nT74iMg,darnestown-maryland
https://www.ubereats.com/washington-dc/food-delivery/tuscany-2-go-gaithersburg/rrGXOjEDQIKYEdvCg9Ey6w,darnestown-maryland
https://www.ubereats.com/washington-dc/food-delivery/beilers-doughnuts/-s9-YshjTViWOmlhcPm_ow,darnestown-maryland
https://www.ubereats.com/washington-dc/food-delivery/the-thai-cuisine-restaurant/wmk5Ql6lQjC4LDBwJFWxIA,darnestown-maryland
https://www.ubereats.com/washington-dc/food-delivery/mod-pizza-belmont-chase/0K9k180vRKW4qEIz0emFjw,darnestown-maryland
https://www.ubereats.com/washington-dc/food-delivery/chopsticks-house/JmS0rbjkRd2Wvc--lKNrsg,darnestown-maryland
https://www.ubereats.com/washington-dc/food-delivery/siriwan-thai-germantown/NIwdTqWHTgG-1fKD5s6zVQ,darnestown-maryland
https://www.ubereats.com/washington-dc/food-delivery/chipotle-mexican-grill-19825-belmont-chase-dr-ste-130/ilG4MlzJQQisbVxnusfzjg,darnestown-maryland
https://www.ubereats.com/washington-dc/food-delivery/mezeh-mediterranean-grill-gaithersburg/6YMNd7jlSw2O1Nfbah7qww,darnestown-maryland
https://www.ubereats.com/washington-dc/food-delivery/sardis-pollo-a-la-brasa-gaithersburg/fjnThcLnTUGuapq0jWfOyg,darnestown-maryland
https://www.ubereats.com/washington-dc/food-delivery/zoes-kitchen-19865-century-blvd/s300ArlfTfKxChRfURsesw,darnestown-maryland
https://www.ubereats.com/washington-dc/food-delivery/elisabeth-take-away/JrxSKu4uSfKyar4ynXhLew,darnestown-maryland
https://www.ubereats.com/washington-dc/food-delivery/crepes-a-go-go/4WiqeIlZTmS0FqyX8aThsw,darnestown-maryland
https://www.ubereats.com/washington-dc/food-delivery/ritas-italian-ice-7211-muncaster-mill-rd/PfdKNmxQSCKv0KY0A-nd_w,darnestown-maryland
https://www.ubereats.com/washington-dc/food-delivery/hunan-cafe-gaithersburg/LFtIEUtJRhKZNcQ1SBt9eg,darnestown-maryland
https://www.ubereats.com/washington-dc/food-delivery/the-spot_mian/jQTLBaBXTaSTdByUU8SI1g,darnestown-maryland
https://www.ubereats.com/washington-dc/food-delivery/oriental-cafe/-DfNK7NWS1WkYQCKVCmfig,darnestown-maryland
https://www.ubereats.com/washington-dc/food-delivery/china-king-carry-out/2FRsNOjvTqiC0xschC1HlQ,darnestown-maryland
https://www.ubereats.com/washington-dc/food-delivery/ogeis/svGjF2MESoOZeGGJLpDKzQ,darnestown-maryland
https://www.ubereats.com/washington-dc/food-delivery/pholuscious-vietnamese-grill-rockville/DhjIXhGuQP6zFBqTmvge5A,darnestown-maryland
https://www.ubereats.com/washington-dc/food-delivery/chipotle-mexican-grill-21031-tripleseven-rd-ste-190/q0cqrXx6T1K7ZrQJNqTEWA,darnestown-maryland
https://www.ubereats.com/washington-dc/food-delivery/t-swirl-crepe-rockville/3CW-eISAT36_JcaqbcbmVg,darnestown-maryland
https://www.ubereats.com/washington-dc/food-delivery/poki-dc-n-washington-st/qFrSx1jlRYecJhQ82GJOiA,darnestown-maryland
https://www.ubereats.com/washington-dc/food-delivery/mcdonalds-12130-darnstown-rd/1a_U285eRtqcM9392rBmqg,darnestown-maryland
https://www.ubereats.com/washington-dc/food-delivery/kung-fu-tea-6-grand-corner-ave/XAuoK_48QNSCge0PRglALA,darnestown-maryland
https://www.ubereats.com/washington-dc/food-delivery/taipei-tokyo-fallsgrove-village-center-rockville/CWZw0wLqQeC4hYYsNUrMeg,darnestown-maryland
https://www.ubereats.com/washington-dc/food-delivery/noodles-%26-company-177-kentlands-blvd-ste-100/10Yc31L2SH2B5HvBekWLTQ,darnestown-maryland
https://www.ubereats.com/washington-dc/food-delivery/sasuns-cafe/Czls19xMSJWZD8x21ZLkew,darnestown-maryland
https://www.ubereats.com/washington-dc/food-delivery/lil-cakes-and-creamery/CfFFk04iQLOQrOjl1YWbiA,darnestown-maryland
https://www.ubereats.com/washington-dc/food-delivery/subway-19911-b-frederick-rd/P50fofMVTf-wLO4UXzhqjg,darnestown-maryland
https://www.ubereats.com/washington-dc/food-delivery/pizza-hut-9130-rothbury-dr/s1cABLvfQpemLvbu3lvOKw,darnestown-maryland
https://www.ubereats.com/washington-dc/food-delivery/kara-hibachi-%26-sushi/iQDndtOJR82BN-32oNQkMw,darnestown-maryland
https://www.ubereats.com/washington-dc/food-delivery/rostie-chicken-gaithersburg/cTsWf8BfRHWccpKJdSGH-g,darnestown-maryland
https://www.ubereats.com/washington-dc/food-delivery/thats-amore-grill/J4uiSJzUSRuoUswHcRzA5g,darnestown-maryland
https://www.ubereats.com/washington-dc/food-delivery/kung-fu-tea-22705-clarksburg-rd/o_6YcLN0RxqH7oc6W_sWPA,darnestown-maryland
https://www.ubereats.com/washington-dc/food-delivery/sabai-sabai-simply-thai-germantown/XVIn4vIDTkCLlzVfOfLJgw,darnestown-maryland
https://www.ubereats.com/washington-dc/food-delivery/hook-%26-reel/p7t02Qp1QliQDtFTzajLZg,darnestown-maryland
https://www.ubereats.com/washington-dc/food-delivery/pizza-hut-299-muddy-branch-rd/3twToS92QGmp2dKoYSeNlw,darnestown-maryland
https://www.ubereats.com/washington-dc/food-delivery/manhattan-pizza-and-pasta/zkQy4s5RQx6azlTmXTZ5IQ,darnestown-maryland
https://www.ubereats.com/washington-dc/food-delivery/papa-johns-20789-great-falls-plz/qhs_UK9HRoijVwARidvwJw,darnestown-maryland
https://www.ubereats.com/washington-dc/food-delivery/benihana-dulles-town-ctr-21089-dulles-town-circle/EQOn2ZoCQPCHs8JkU6h7vQ,darnestown-maryland
https://www.ubereats.com/washington-dc/food-delivery/chinese-express-gaithersburg/o2QbihgdT_O5RVQb3iNxog,darnestown-maryland
https://www.ubereats.com/washington-dc/food-delivery/spicypoblano/pkekIWY7Rlq7n3yWdzMWmw,darnestown-maryland
https://www.ubereats.com/washington-dc/food-delivery/urban-crawfish/THrLsiCcQ3ao14KMY-jnLw,darnestown-maryland
https://www.ubereats.com/washington-dc/food-delivery/pizza-bolis-12949-wisteria-dr/PEFDIfDaSS-p3NIZmMntWw,darnestown-maryland
https://www.ubereats.com/washington-dc/food-delivery/a-taste-of-burma/EpQLPM4IQWar9JgvyGedWA,darnestown-maryland
https://www.ubereats.com/washington-dc/food-delivery/steves-deli/M1ynXyOUSAu4cSvx8O-EJw,darnestown-maryland
https://www.ubereats.com/washington-dc/food-delivery/cold-stone-45999-regal-plaza/5Qk-2-p0TfKwGcY0LcYBrQ,darnestown-maryland
https://www.ubereats.com/washington-dc/food-delivery/kfc-taco-bell-19650-gunners-branch-road/HnAtfTelS1WSD9Hm98Xcmw,darnestown-maryland
https://www.ubereats.com/washington-dc/food-delivery/kung-fu-tea-21100-dulles-town-center/SO75ufHaRL2J1VOsq7PnOQ,darnestown-maryland
https://www.ubereats.com/washington-dc/food-delivery/amici-miei-ristorante/Jz-ursKpQG-eyml_Vu_Mxw,darnestown-maryland
https://www.ubereats.com/washington-dc/food-delivery/poke-ramen-tea-wings/QMwPMzXeRGKWkA7C_3SeTw,darnestown-maryland
https://www.ubereats.com/washington-dc/food-delivery/a-bite-of-china/pbRTmDOoQAKRb4RCLNcKFg,darnestown-maryland
https://www.ubereats.com/washington-dc/food-delivery/five-guys-md-0053/iLreWbYaSwi2vne1y9CXMw,darnestown-maryland
https://www.ubereats.com/washington-dc/food-delivery/milanos-pizza-and-pasta-germantown/Uw3CVtyDR7iven40rUoXPQ,darnestown-maryland
https://www.ubereats.com/washington-dc/food-delivery/moby-dick-house-of-kabob-rockville/tso0koJYQRCFurAIgtnYOg,darnestown-maryland
https://www.ubereats.com/washington-dc/food-delivery/sweet-therapy/CkM9YpugQzaf7svVGUQCjQ,darnestown-maryland
https://www.ubereats.com/washington-dc/food-delivery/one-tea-house-rockville/iw_K1KELSOeutxtWIinZ6w,darnestown-maryland
https://www.ubereats.com/washington-dc/food-delivery/subway-12193-darnstown-rd/0-GikCPoQa2wIqeJ9d0EBg,darnestown-maryland
https://www.ubereats.com/washington-dc/food-delivery/the-bean-bag/_fc4e8fZRR6HVFYqCV4h_w,darnestown-maryland
https://www.ubereats.com/washington-dc/food-delivery/98-cafe-potomac/lTinkqU4Q7-zqIAswVDVtw,darnestown-maryland
https://www.ubereats.com/washington-dc/food-delivery/mcdonalds-19388-montgomery-village-ave/eRHmrvsaSrmN0_1CzPgKNw,darnestown-maryland
https://www.ubereats.com/washington-dc/food-delivery/pike-kitchen/llZrvjT6TiG_m0qc0e0GTg,darnestown-maryland
https://www.ubereats.com/washington-dc/food-delivery/la-villa-restaurant/0IIDOQ9PRhOMGWo_lj81dw,darnestown-maryland
https://www.ubereats.com/washington-dc/food-delivery/buffalo-wild-wings-668-clopper-road/COfNMkRbR3C-KAesClXIeg,darnestown-maryland
https://www.ubereats.com/washington-dc/food-delivery/jumbo-jumbo-cafe-germantown-%E5%A5%BD%E5%AE%A2%E6%9D%A5/KffBrSqHQYSrG4C-s8QcOA,darnestown-maryland
https://www.ubereats.com/washington-dc/food-delivery/kiinimm-thai-restaurant/bBuJdK8lQmecfhBSFgpbBQ,darnestown-maryland
https://www.ubereats.com/washington-dc/food-delivery/bar-louie-ashburn/OLlQL4dKTK69ePbaLVOf4A,darnestown-maryland
https://www.ubereats.com/washington-dc/food-delivery/ruths-chris-steak-house-106-crown-park-ave/E-iuLIp6SMSOTf-Qfis0hg,darnestown-maryland
https://www.ubereats.com/washington-dc/food-delivery/asia-nine-md/Ny-qGZWHS8yxJSozT4eWGQ,darnestown-maryland
https://www.ubereats.com/washington-dc/food-delivery/starbucks-kingsview-shopping/Pmg1EkJUR4eYOE3lpvAPfg,darnestown-maryland
https://www.ubereats.com/washington-dc/food-delivery/thai-express-gaithersburg/FWmaDshISpi79dtRhJ354w,darnestown-maryland
https://www.ubereats.com/washington-dc/food-delivery/outback-steakhouse-46300-potomac-run-plaza/d2mVeJ1DQ8K1qTakdV0xlQ,darnestown-maryland
https://www.ubereats.com/washington-dc/food-delivery/la-vina-mexican-grill/Prd1bV6XTQizcmFjs6mMxw,darnestown-maryland
https://www.ubereats.com/washington-dc/food-delivery/pieology-pizzeria-gaithersburg/Wup8Ze8ITqyrFM1efErBRw,darnestown-maryland
https://www.ubereats.com/washington-dc/food-delivery/brews-%26-barrels/76rPr43eQni_etx0kvFIWg,darnestown-maryland
https://www.ubereats.com/washington-dc/food-delivery/zoup!-eatery-21435-epicerie-plaza/oiRrTweVQxatzUzaBTVJww,darnestown-maryland
https://www.ubereats.com/washington-dc/food-delivery/freshi-9613-medical-center-dr/otvyMkImTqq8gQlMm-IBBw,darnestown-maryland
https://www.ubereats.com/washington-dc/food-delivery/blended-smoothie/YOsdpSROTPaFWdsojKNJnQ,darnestown-maryland
https://www.ubereats.com/washington-dc/food-delivery/checkers-16171-shady-grove-road/RR-Kv48KTLSskmfdssQCdw,darnestown-maryland
https://www.ubereats.com/washington-dc/food-delivery/kabuto-hibachi/kH2dDnnPSqCTm1zeICfm0w,darnestown-maryland
https://www.ubereats.com/washington-dc/food-delivery/cava-19825-belmont-chase-drive-ste-100/SMGj-jPKS1aliIyc38lIYA,darnestown-maryland
https://www.ubereats.com/washington-dc/food-delivery/quickway-japanese-hibachi-rockville/uNixMWVVTruzFCg9zJ__7w,darnestown-maryland
https://www.ubereats.com/washington-dc/food-delivery/thai-street-food/zu0pKHO4TkWpIPlO5Buf2A,darnestown-maryland
https://www.ubereats.com/washington-dc/food-delivery/bgr-the-burger-joint-germantown/J-zqnt0vQb2QIlzslFCNSw,darnestown-maryland
https://www.ubereats.com/washington-dc/food-delivery/vocelli-pizza-46005-regal-plaza/wVVjuLnpQXq4W7pDhf_pdg,darnestown-maryland
https://www.ubereats.com/washington-dc/food-delivery/roy-rogers-9607-lost-knife-road/jmUA3jODRkaAQv26uBVJKQ,darnestown-maryland
https://www.ubereats.com/washington-dc/food-delivery/dunkin-20789-great-falls-plz/qkuUnEP8SqyZp-tLJjWZlQ,darnestown-maryland
https://www.ubereats.com/washington-dc/food-delivery/bites-wine-and-grilled-cheese-bar/FE3mGyv8QU-S0P1J39Qd-g,darnestown-maryland
https://www.ubereats.com/washington-dc/food-delivery/saigon-cafe/eynQPvamQpWwCHux0m8GYA,darnestown-maryland
https://www.ubereats.com/washington-dc/food-delivery/dunkin-18006-mateny-rd/0C0otSF3TUC0SFacFapOZg,darnestown-maryland
https://www.ubereats.com/washington-dc/food-delivery/mayorga-organics/spsz-rQxRkibxDqhZpetxg,darnestown-maryland
https://www.ubereats.com/washington-dc/food-delivery/zane-japanese-restaurant/tehHTRkKSKutjimvd_7F3A,darnestown-maryland
https://www.ubereats.com/washington-dc/food-delivery/buffalo-wild-wings-33-maryland-ave-unit-c/Kxm3NkZHQiGkuMgZcXq1Lg,darnestown-maryland
https://www.ubereats.com/washington-dc/food-delivery/wing-squad-gaithersburg/WbrZWbWfQpGOrozmV5hpEQ,darnestown-maryland
https://www.ubereats.com/washington-dc/food-delivery/paisanos-pizza-824-muddy-branch-rd/d1Kj3PNxSAuKyRYvNb92Mw,darnestown-maryland
https://www.ubereats.com/washington-dc/food-delivery/live-crawfish-%26-seafood-restaurant/aqQati1NSVa56iQdaiQwEg,darnestown-maryland
https://www.ubereats.com/washington-dc/food-delivery/dunkin-19781-frederick-rd/sDiZq2w2RqKPywA57UXTAg,darnestown-maryland
https://www.ubereats.com/washington-dc/food-delivery/wendys-12114-darnestown-rd/eiG27PesTVmqCYxtb5rBUA,darnestown-maryland
https://www.ubereats.com/washington-dc/food-delivery/hot-pot-city/RsGdBOAwSleh4nqx7DhKIQ,darnestown-maryland
https://www.ubereats.com/washington-dc/food-delivery/bollywood-bistro-great-falls/5eII6HAyQiOItRlbs9DRyQ,darnestown-maryland
https://www.ubereats.com/washington-dc/food-delivery/hotbreads/2Yk8eLEiTGKp-yQlnw2RIQ,darnestown-maryland
https://www.ubereats.com/washington-dc/food-delivery/potomac-pizza-rockville/CzG3BWYPQhCo719LMhg9ZA,darnestown-maryland
https://www.ubereats.com/washington-dc/food-delivery/say-cheese-food-truck/m2bsXgliSKibF5gDsXAMqg,darnestown-maryland
https://www.ubereats.com/washington-dc/food-delivery/mickys-chinese-restaurant/EWUyjQM9RlmKSqk33j0ToA,darnestown-maryland
https://www.ubereats.com/washington-dc/food-delivery/tokyo-sushi-%26-chinese-food/viYs22m_SPaR4CHcWkcMAw,darnestown-maryland
https://www.ubereats.com/washington-dc/food-delivery/dairy-queen-treat-12603-wisteria-dr/Z_3wsVmjSOCV1uaLic6nnQ,darnestown-maryland
https://www.ubereats.com/washington-dc/food-delivery/red-lobster-15700-shady-grove-road/Z3pkd1D0QjGN9Ci1JFspzg,darnestown-maryland
https://www.ubereats.com/washington-dc/food-delivery/wendys-18350-contour-rd/jYzOMDcdT0WGdjqtzkD78Q,darnestown-maryland
https://www.ubereats.com/washington-dc/food-delivery/don-jorges-restaurant-gaithersburg/9BU5Nb7BSm-lERJ9To9r1g,darnestown-maryland
https://www.ubereats.com/washington-dc/food-delivery/laoma-spicy/Zh5cQHTuQymiPhIwMu-5Eg,darnestown-maryland
https://www.ubereats.com/washington-dc/food-delivery/bobs-shanghai-66-rockville/Dty_KG-2QhW7CRXiYwWViA,darnestown-maryland
https://www.ubereats.com/washington-dc/food-delivery/bento-house-reston/p-mVK3aHQkyftuBAjpsjjw,darnestown-maryland
https://www.ubereats.com/washington-dc/food-delivery/buca-di-beppo-122-kentlands-boulevard/iSndxkfLTkGgW-ElWXw2tQ,darnestown-maryland
https://www.ubereats.com/washington-dc/food-delivery/farmsook-hapiness-thai-kitchen/lOKMr9idQrOTeXVBqvlnaQ,darnestown-maryland
https://www.ubereats.com/washington-dc/food-delivery/el-carbonazo/140zqzs1SJO1a-g53EY7oA,darnestown-maryland
https://www.ubereats.com/washington-dc/food-delivery/dosa-and-chaat-indian-cafe/5Yc5ozwYTeKinKKD4d6ohg,darnestown-maryland
https://www.ubereats.com/washington-dc/food-delivery/chipotle-mexican-grill-14925-shady-grove-rd-unit-l/pT4DpKytTRmNUO4er4vYWQ,darnestown-maryland
https://www.ubereats.com/washington-dc/food-delivery/the-spot_alpaca-dessert/GTjyUJhcSZaYGBJ_qRGoaw,darnestown-maryland
https://www.ubereats.com/washington-dc/food-delivery/honeybaked-ham-1480-north-point-village-ctr/hg5W_ReVRJmxz2vf7k9CdQ,darnestown-maryland
https://www.ubereats.com/washington-dc/food-delivery/dhonno/OaBLLxUnT5C6CVSedUVlug,darnestown-maryland
https://www.ubereats.com/washington-dc/food-delivery/potbelly-sandwich-shop-gaithersburg-square-%7C-451/4aNnGZ_1SSmQd7rOvgbsIQ,darnestown-maryland
https://www.ubereats.com/washington-dc/food-delivery/sweetwater-tavern-sterling/FL8vGgxoT3yptZJKOL9KXg,darnestown-maryland
https://www.ubereats.com/washington-dc/food-delivery/dunkin-15235-siesta-key-way/zfI0EuqSTw-aEuyTgNp8Gw,darnestown-maryland
https://www.ubereats.com/washington-dc/food-delivery/uncle-julios-case-grande-gaithersburg/NGFxvEMuSOSR4JbKYr97Mw,darnestown-maryland
https://www.ubereats.com/washington-dc/food-delivery/bhimas-kitchen-%26-bakery/nrNnZZy1Sc2yUX0kQMvmwQ,darnestown-maryland
https://www.ubereats.com/washington-dc/food-delivery/poki-dc-boardwalk-place/aiuzSPDFSBGOjpfvd_u3MA,darnestown-maryland
https://www.ubereats.com/washington-dc/food-delivery/addies/9PmyPeRHSHqop-f3wH9D-Q,darnestown-maryland
https://www.ubereats.com/washington-dc/food-delivery/la-frontera-gaithersburg/nTbC2PtaSCS_GRIywq9zIg,darnestown-maryland
https://www.ubereats.com/washington-dc/food-delivery/agni-indian-cuisine/l2jUL8zUQRWHBUkM0gprtQ,darnestown-maryland
https://www.ubereats.com/washington-dc/food-delivery/sahara-restaurant-and-lounge/DunqpcwKSDOYcagNqU0Ckg,darnestown-maryland
https://www.ubereats.com/washington-dc/food-delivery/kfc-taco-bell-9910-key-west-avenue/sQ6w28sIRxaO7H9MsvBS2g,darnestown-maryland
https://www.ubereats.com/washington-dc/food-delivery/carmens-italian-ice-%26-cafe/GsDxNZaqTyGcEhSwgh0dEw,darnestown-maryland
https://www.ubereats.com/washington-dc/food-delivery/china-jade-derwood/mbhdPl11QvaNYxR9jiR5hA,darnestown-maryland
https://www.ubereats.com/washington-dc/food-delivery/starbucks-fallsgrove/aCQGasvoS_KgdgeepmJnsA,darnestown-maryland
https://www.ubereats.com/washington-dc/food-delivery/first-break-cafe/t4DhGAv1RX-JRTIgS5T6Ng,darnestown-maryland
https://www.ubereats.com/washington-dc/food-delivery/bangkok-garden/ykHAFECQRgymIL5vrS6wNg,darnestown-maryland
https://www.ubereats.com/washington-dc/food-delivery/berries-%26-bowls/3Cec-9HET6SK-J9yYzTxRw,darnestown-maryland
https://www.ubereats.com/washington-dc/food-delivery/rooh-bistro/WJ9paqVaSJWGAQc3na1gyA,darnestown-maryland
https://www.ubereats.com/washington-dc/food-delivery/first-watch-muddy-branch/XYzW5zRjTCq3Ezvhd5CZPg,darnestown-maryland
https://www.ubereats.com/washington-dc/food-delivery/cinnaholic-gaithersburg/8Fe2-JkmSGq7E8z4GYujKg,darnestown-maryland
https://www.ubereats.com/washington-dc/food-delivery/potbelly-sandwich-shop-germantown-md-%7C-340/ANqGb1GWRWC2tGj4pZ--nA,darnestown-maryland
https://www.ubereats.com/washington-dc/food-delivery/kennys-sub-shop-gaithersburg/8h_RLeR1SsuTNpmfq36SFw,darnestown-maryland
https://www.ubereats.com/washington-dc/food-delivery/antojitos-restaurant/hocGjiv_StSf6y4yZLqkqQ,darnestown-maryland
https://www.ubereats.com/washington-dc/food-delivery/jersey-mikes-249-kentlands-blvd/6UdMSZr6Sbi9HGF9_hUr7A,darnestown-maryland
https://www.ubereats.com/washington-dc/food-delivery/madras-palace/zqDxyjLgQ4yIkyl_j2o6mA,darnestown-maryland
https://www.ubereats.com/washington-dc/food-delivery/sprinkles-potomac/-t4KNYijSu20Z-JrsG36_w,darnestown-maryland
https://www.ubereats.com/washington-dc/food-delivery/japong-bakery/4iq3e-xoRNWvpP-V-4P6qQ,darnestown-maryland
https://www.ubereats.com/washington-dc/food-delivery/taste-of-vietnam/QNP_P7mJSxuN-mb4CLq3bw,darnestown-maryland
https://www.ubereats.com/washington-dc/food-delivery/berrycup/ZYilpQYRQF-SMfpG382JKg,darnestown-maryland
https://www.ubereats.com/washington-dc/food-delivery/mackies-southern-bbq-gaithersburg/mmnOpuuxRkyxCKUxWRhd9g,darnestown-maryland
https://www.ubereats.com/washington-dc/food-delivery/the-spot_cheerscut/lyZdUW4hR4GiVf1biSb7FA,darnestown-maryland
https://www.ubereats.com/washington-dc/food-delivery/grill-kabob/NXebWlhBSy6WXWYiuLb2uA,darnestown-maryland
https://www.ubereats.com/washington-dc/food-delivery/red-robin-156-20001-century-blvd/Gy6CFOw5TPq6MpO7N2Y7Nw,darnestown-maryland
https://www.ubereats.com/washington-dc/food-delivery/elevation-burger-potomac/mOegbIHvS7mPU0avUUBHmQ,darnestown-maryland
https://www.ubereats.com/washington-dc/food-delivery/chipotle-mexican-grill-47010-community-plz-ste-100/jsUHCE97Q9am3ZlbFAQ8IA,darnestown-maryland
https://www.ubereats.com/washington-dc/food-delivery/quickway-japanese-hibachi-gaithersburg/qcE4sQhbTge8SuGUHU5FYg,darnestown-maryland
https://www.ubereats.com/washington-dc/food-delivery/finn-thai/PWT3xgL0SvS1_7bcDgxtiQ,darnestown-maryland
https://www.ubereats.com/washington-dc/food-delivery/copper-canyon-grill-gaithersburg/B_MwpxHiQVm6ozkSFgbq3w,darnestown-maryland
https://www.ubereats.com/washington-dc/food-delivery/dmv-empanadas/hz5qguv5RtmIUjJ3qo44Cg,darnestown-maryland
https://www.ubereats.com/washington-dc/food-delivery/oishii-bluefin/IAYMlCPKQ36Gfl82cL-4LA,darnestown-maryland
https://www.ubereats.com/washington-dc/food-delivery/velocity-wings-potomac-falls/6tcbHLBPS7SIwJ_OePdqlQ,darnestown-maryland
https://www.ubereats.com/washington-dc/food-delivery/vasilis-kitchen-fresh-mediterranean/cReTYzeUQjOP9ik-LgP7Mw,darnestown-maryland
https://www.ubereats.com/washington-dc/food-delivery/jersey-mikes-subs/CjVehn5rRxORniC_wltkMQ,darnestown-maryland
https://www.ubereats.com/washington-dc/food-delivery/dunkin-12915-wisteria-dr/FGabV6mPRv-vZRDUTBBhGA,darnestown-maryland
https://www.ubereats.com/washington-dc/food-delivery/halal-hut/scl2qJJuSHGq_AC2Grz4YA,darnestown-maryland
https://www.ubereats.com/washington-dc/food-delivery/maso-mexican-kitchen-on-wheels/_-feeF4oTQa6g3aGiPcMHw,darnestown-maryland
https://www.ubereats.com/washington-dc/food-delivery/subway-18010-mateny-rd/bK9F2xFkSUa6I58kQZxDSQ,darnestown-maryland
https://www.ubereats.com/washington-dc/food-delivery/five-guys-md-0183-130-gibbs-st/Jqdg5N-HSq-RJrC-SYeQNQ,darnestown-maryland
https://www.ubereats.com/washington-dc/food-delivery/opa!-mezze-grill/gNYsdYWNTGGXwPBZAgUU0w,darnestown-maryland
https://www.ubereats.com/washington-dc/food-delivery/mcdonalds-12982-middlebrook-rd/YtpwuNFCTOWDMztW3FZpTg,darnestown-maryland
https://www.ubereats.com/washington-dc/food-delivery/thai-tanium-restaurant-gaithersburg/n7ryIepkQa2aEI1gqTIdzA,darnestown-maryland
https://www.ubereats.com/washington-dc/food-delivery/izumi-sushi/P3RYhkeUQxWgEbNGBhHMBQ,darnestown-maryland
https://www.ubereats.com/washington-dc/food-delivery/matts-house-of-kabob/bwx599PSQYii-Jy6fzLzaw,darnestown-maryland
https://www.ubereats.com/washington-dc/food-delivery/tamarind-indian-cuisine/cqhyo_QKTPGjsB7nuWFGEA,darnestown-maryland
https://www.ubereats.com/washington-dc/food-delivery/tuscany-2-go-germantown/LrVGgLHzTVy2Ns57JCJB4w,darnestown-maryland
https://www.ubereats.com/washington-dc/food-delivery/california-tortilla-quince-orchard/Nida0Ms-Rx6uXXPO6LdHuQ,darnestown-maryland
https://www.ubereats.com/washington-dc/food-delivery/pollo-campero-gaithersburg-russell-ave/ukjNc7_WQae6TFprN4Xn4Q,darnestown-maryland
https://www.ubereats.com/washington-dc/food-delivery/the-ice-cream-shop/0Rfu2t78Rt673XOy2kuiLw,darnestown-maryland
https://www.ubereats.com/washington-dc/food-delivery/bonchon-chicken-19775-frederick-rd/ZxNVhH3UQSSRsXCMzn6whA,darnestown-maryland
https://www.ubereats.com/washington-dc/food-delivery/finnegans-wake-rockville/lJDf4ubnQ1e-2yhOb-UG_A,darnestown-maryland
https://www.ubereats.com/washington-dc/food-delivery/chipotle-mexican-grill-19881-century-blvd/QaGLU8IOTdyJdKYpCsCcjQ,darnestown-maryland
https://www.ubereats.com/washington-dc/food-delivery/curry-place/bIf94cR2ScG1dAdhzGkmRw,darnestown-maryland
https://www.ubereats.com/washington-dc/food-delivery/clarksburg-market-grille/3v_H5JLmS-KamFtXNndUvw,darnestown-maryland
https://www.ubereats.com/washington-dc/food-delivery/fire-works-pizza-cascades/K7xc05m9Q0yC_IBU4znh8A,darnestown-maryland
https://www.ubereats.com/washington-dc/food-delivery/sin-%26-grin/wm8YKGj5RvOH5jVp_Ivknw,darnestown-maryland
https://www.ubereats.com/washington-dc/food-delivery/king-pollosterling/Jf0AyL__TMOl9Ck6noP54g,darnestown-maryland
https://www.ubereats.com/washington-dc/food-delivery/bad-ass-breakfast-burritos-g/aDGJVDZATOKbykdhGJu0qg,darnestown-maryland
https://www.ubereats.com/washington-dc/food-delivery/el-budare-grill/wU8zIZqWQEuYtnKtihDmYw,darnestown-maryland
https://www.ubereats.com/washington-dc/food-delivery/five-guys-md-1851-505-quince-orchard-rd/J1jts-P6RG27M0PaXIGAFQ,darnestown-maryland
https://www.ubereats.com/washington-dc/food-delivery/wendys-12988-middlebrook-road/M5Cuyq9qT3eNq780kON6lQ,darnestown-maryland
https://www.ubereats.com/washington-dc/food-delivery/sbarro-701-russell-avenue/eF_wnux-TzWPcsvEjYRx5g,darnestown-maryland
https://www.ubereats.com/washington-dc/food-delivery/firebirds-wood-fired-grill-390-spectrum-ave/2EirSpvoQkabNFR2TmHJ2A,darnestown-maryland
https://www.ubereats.com/washington-dc/food-delivery/hot-pot-hero/M-qDN4KjQYCamMkjAK81Hw,darnestown-maryland
https://www.ubereats.com/washington-dc/food-delivery/starbucks-potomac-valley/k_FaQ-2WTRSVVWrj2lDGIg,darnestown-maryland
https://www.ubereats.com/washington-dc/food-delivery/the-meadows-original-frozen-custard/wxpf_Ni1SjStnf5EdCNT0Q,darnestown-maryland
https://www.ubereats.com/washington-dc/food-delivery/taco-daddy-gaithersburg/gFjIHwI1TnKxzPC-31rSDw,darnestown-maryland
https://www.ubereats.com/washington-dc/food-delivery/yu-noodles-cafe-%E9%87%8D%E5%BA%86%E5%B0%8F%E9%9D%A2/SyCk1bDtSBKPEKYMlO2dHw,darnestown-maryland
https://www.ubereats.com/washington-dc/food-delivery/tzone-dessert-bar/W38SxcmvQ26Dlvjwie-myg,darnestown-maryland
https://www.ubereats.com/washington-dc/food-delivery/the-halal-guys-522-n-frederick-ave/cTafjqP7SMqXJUopM4mUgw,darnestown-maryland
https://www.ubereats.com/washington-dc/food-delivery/grill-kabob-dulles-town-center/Ke6Nvs1XRwKKo6u2aGzv-g,darnestown-maryland
https://www.ubereats.com/washington-dc/food-delivery/krispy-krunchy-chicken-8441-snouffer-school-rd/7pSSwtULRDOscdVMNdJmJw,darnestown-maryland
https://www.ubereats.com/washington-dc/food-delivery/vocelli-pizza-12311-middlebrook-rd/ROtBjymoSEKM5MArsBM7Bg,darnestown-maryland
https://www.ubereats.com/washington-dc/food-delivery/nalley-fresh-gaithersburg/OIi5YE8KSF-X9X30vd5TjQ,darnestown-maryland
https://www.ubereats.com/washington-dc/food-delivery/bubble-n-berry/4jaiBEYiQQe1nlkNQn47Lg,darnestown-maryland
https://www.ubereats.com/washington-dc/food-delivery/ashburn-village-inn/eZQztbE0RaeBX2ow4tEGQQ,darnestown-maryland
https://www.ubereats.com/washington-dc/food-delivery/olde-towne-cafe/82tzcPvxS2OjPJ4IgjAsHw,darnestown-maryland
https://www.ubereats.com/washington-dc/food-delivery/ihop-germantown/_G00XP43Rh27_Int82iC8A,darnestown-maryland
https://www.ubereats.com/washington-dc/food-delivery/cava-213-kentlands-blvd/9RafcDyIRYGSl02P9fk1Mg,darnestown-maryland
https://www.ubereats.com/washington-dc/food-delivery/starbucks-milestone/irw7Ny--Tq2W9s8B9sKayA,darnestown-maryland
https://www.ubereats.com/washington-dc/food-delivery/charleys-philly-steaks-lakeforest-mall/ybf5Bao5RV-DdcS_71NRNA,darnestown-maryland
https://www.ubereats.com/washington-dc/food-delivery/dogfish-head-alehouse-gaithersburg/0Apq53IGTzy9HIZVLglcGA,darnestown-maryland
https://www.ubereats.com/washington-dc/food-delivery/mod-pizza-kentlands/WMq5csWOSeq_Te83SlicKQ,darnestown-maryland
https://www.ubereats.com/washington-dc/food-delivery/bonchon-chicken-130-market-st/TJijPUVqSwWsdLre2I_VnQ,darnestown-maryland
https://www.ubereats.com/washington-dc/food-delivery/mikes-new-york-deli/RNRZy12kTR-jTm_VTHujIg,darnestown-maryland
https://www.ubereats.com/washington-dc/food-delivery/popeyes-louisiana-kitchen-germantown-2/XDYYow40SiOFCJMKu3wCqQ,darnestown-maryland
https://www.ubereats.com/washington-dc/food-delivery/outback-steakhouse-12609-wisteria-drive/fpFFlQu8StmDRpjyIe3hXg,darnestown-maryland
https://www.ubereats.com/washington-dc/food-delivery/wang-manor/Vb2lUOdiTJmUNjyyi-bQhg,darnestown-maryland
https://www.ubereats.com/washington-dc/food-delivery/kellys-cajun-grill/OK0UYJN4SFGnLSCTAEnTGg,darnestown-maryland
https://www.ubereats.com/washington-dc/food-delivery/sushi-mori/QqpxvfMkT9auxWoqDmmjEA,darnestown-maryland
https://www.ubereats.com/washington-dc/food-delivery/picca-pollo-a-la-brasa/j12J4q2ZQGSr8JdyJ2RjQw,darnestown-maryland
https://www.ubereats.com/washington-dc/food-delivery/teds-bulletin-gaithersburg/eRanetzdT9OzMzwnkxs-mQ,darnestown-maryland
https://www.ubereats.com/washington-dc/food-delivery/clydes-tower-oaks-lodge/LzAA6Wu8TnW5qGpkugcCkg,darnestown-maryland
https://www.ubereats.com/washington-dc/food-delivery/thai-by-thai-sterling/l2EhZJ4kTceskFwoXGCB5Q,darnestown-maryland
https://www.ubereats.com/washington-dc/food-delivery/okada-japanese-restaurant/ZqoZHQf7Rn2HBkMP_gZxLw,darnestown-maryland
https://www.ubereats.com/washington-dc/food-delivery/chick-fil-a-104-main-st/GZ8cd3zzQgGbHN40BrkVTA,darnestown-maryland
https://www.ubereats.com/washington-dc/food-delivery/texas-parrillada/wxSl9ryfT1eZq53cHb628A,darnestown-maryland
https://www.ubereats.com/washington-dc/food-delivery/dunkin-12168-darnestown-rd/E_39-m7sRval_5o03rk9Ng,darnestown-maryland
https://www.ubereats.com/washington-dc/food-delivery/noodles-%26-company-20952-frederick-rd/2dWiu0wzTbandVQEHL8UWQ,darnestown-maryland
https://www.ubereats.com/washington-dc/food-delivery/little-caesars-18314-contour-rd/O6Aat6sfSR2l6U6D80GU4Q,darnestown-maryland
https://www.ubereats.com/washington-dc/food-delivery/mahshad-modern-persian-kitchen/2W8ceoEdSwOZjor4rD737g,darnestown-maryland
https://www.ubereats.com/washington-dc/food-delivery/our-mom-eugenia/Mb6vCEP6SaaPRMY0rCdbFg,darnestown-maryland
https://www.ubereats.com/washington-dc/food-delivery/kfc-taco-bell-45960-denizen-plaza-road/9QZ2Mc-JS4img2IJERoGCA,darnestown-maryland
https://www.ubereats.com/washington-dc/food-delivery/yuraku-japanese-restaurant/moEi8xw1RB6Hr42X0_8URg,darnestown-maryland
https://www.ubereats.com/washington-dc/food-delivery/coastal-flats/ELTOTjJ4RXagTw90nZemIQ,darnestown-maryland
https://www.ubereats.com/washington-dc/food-delivery/casa-tequila-bar-%26-grill-sterling/6GOyZTQTTVqP1Vlj10h6Nw,darnestown-maryland
https://www.ubereats.com/washington-dc/food-delivery/good-fortune-cafe-gaithersburg/cXW5cPDmQWqX93EVvQA7Vg,darnestown-maryland
https://www.ubereats.com/washington-dc/food-delivery/hibachi-sushi-supreme-buffet/veTVOA7pRtCOivEUOv4zAA,darnestown-maryland
https://www.ubereats.com/washington-dc/food-delivery/bonchon-chicken-107-gibbs-st/Cz6J79KARd2-JTX-xbrbPw,darnestown-maryland
https://www.ubereats.com/washington-dc/food-delivery/poke-bowl-sterling/yiSejdcJSwe4rkwvySPWZg,darnestown-maryland
https://www.ubereats.com/washington-dc/food-delivery/daybreak/v_EDo3nVT-mrhbF3R1N-1A,darnestown-maryland
https://www.ubereats.com/washington-dc/food-delivery/august-32-tea/AitLlAMDT3iq43fKcU7PGg,darnestown-maryland
https://www.ubereats.com/washington-dc/food-delivery/choong-man-chicken-ashburn/KPVjRPcVTMWfSrcWxd_mmA,darnestown-maryland
https://www.ubereats.com/washington-dc/food-delivery/mcdonalds-19660-gunners-branch-dr/_n49S8xBTY-95IWN7zT-dg,darnestown-maryland
https://www.ubereats.com/washington-dc/food-delivery/tropical-smoothie-cafe-10052-darnestown-road/D3BrDMDtRdyLa4SK7N9yBQ,darnestown-maryland
https://www.ubereats.com/washington-dc/food-delivery/kaveri-southindian/fVMZhto6Snm8cipcgibkcw,darnestown-maryland
https://www.ubereats.com/washington-dc/food-delivery/pza-gaithersburg/4NGiSXXiQcGEpZYpF3_NaA,darnestown-maryland
https://www.ubereats.com/washington-dc/food-delivery/paisanos-pizza-18313-leaman-farm-road/HG5ngF9JQLWL7fkwOrYuaQ,darnestown-maryland
https://www.ubereats.com/washington-dc/food-delivery/la-casita-pupuseria-%26-cocina-ca-gaithersburg/qW3QtfM1RTKt11Tl5YiWmA,darnestown-maryland
https://www.ubereats.com/washington-dc/food-delivery/silver-diner-gaithersburg/nCliyYUtQVGIDQy_-MOiYA,darnestown-maryland
https://www.ubereats.com/washington-dc/food-delivery/panda-west-restaurant/_l0vPLeTSsamiAXeHzHdnA,darnestown-maryland
https://www.ubereats.com/washington-dc/food-delivery/smoothie-king-rockville/a4AiLfz2Qf6rQZ-7utKrQg,darnestown-maryland
https://www.ubereats.com/washington-dc/food-delivery/the-habit-burger-grill-464-n-fredrick-avenue/7WeAdahETgyaVnGJQqzdvg,darnestown-maryland
https://www.ubereats.com/washington-dc/food-delivery/mcdonalds-18000-mateny-rd/6fWQHTPWTRK0S6PW9qlU_g,darnestown-maryland
https://www.ubereats.com/washington-dc/food-delivery/bgr-the-burger-joint-gaithersburg/QK17kssuTVWz8ad1URnMJw,darnestown-maryland
https://www.ubereats.com/washington-dc/food-delivery/mcdonalds-83-bureau-dr/zJ2I-CmkR9-GR3Xc-A8qDQ,darnestown-maryland
https://www.ubereats.com/washington-dc/food-delivery/manginos-pizza-germantown-md/7gMYF1hNSr-Jmtv6jyhf-w,darnestown-maryland
https://www.ubereats.com/washington-dc/food-delivery/brusters-real-ice-cream-18519-frederick-rd/BtF4jqv-RtONMBl4F4xlHw,darnestown-maryland
https://www.ubereats.com/washington-dc/food-delivery/plaza-azteca-waterview-plz/uGCenc5KQPKVVNiw66YRHg,darnestown-maryland
https://www.ubereats.com/washington-dc/food-delivery/ay!-jalisco/EOjhZPJ6Tr2EUnggmZ_-dw,darnestown-maryland
https://www.ubereats.com/washington-dc/food-delivery/vivi-bubble-tea/qJ-5rsEGQQGdJzS4Wcuiig,darnestown-maryland
https://www.ubereats.com/washington-dc/food-delivery/starbucks-flower-hill/24jd0w1VRdq6v7uDTw6JmA,darnestown-maryland
https://www.ubereats.com/washington-dc/food-delivery/taco-bell-19923-century-blvd/VOVl9RCsRBOpsl7Cgy8vcg,darnestown-maryland
https://www.ubereats.com/washington-dc/food-delivery/holy-crepes-cafe/PVmUbw8VTaCDUa18qPQ34w,darnestown-maryland
https://www.ubereats.com/washington-dc/food-delivery/el-tio-tex-mex-grill-great-falls/wZTM9IeVTwahN56eHfcqiQ,darnestown-maryland
https://www.ubereats.com/washington-dc/food-delivery/caspian-kabob-inc/xYzj0cjXSUG0s7tH885Nww,darnestown-maryland
https://www.ubereats.com/washington-dc/food-delivery/five-guys-md-0022-12840-pinnacle-dr/WMieJDBmTkSsscVCVA-ANQ,darnestown-maryland
https://www.ubereats.com/washington-dc/food-delivery/bonchon-chicken-20921-davenport-dr/qyjilJ3nRTCwawntlABzUg,darnestown-maryland
https://www.ubereats.com/washington-dc/food-delivery/tropical-smoothie-cafe-554-n-frederick-ave/ZRMWR3RMTLm3qwAiTkJ3fA,darnestown-maryland
https://www.ubereats.com/washington-dc/food-delivery/sugo-osteria-potomac/xvtTqgHDSDuB9oKaxX3RZw,darnestown-maryland
https://www.ubereats.com/washington-dc/food-delivery/chipotle-mexican-grill-96-main-st/dGiUSQfOS--2NiQ4Njn97g,darnestown-maryland
https://www.ubereats.com/washington-dc/food-delivery/mango-mango/QTVsYYwMQYOIvdpN6RPBuQ,darnestown-maryland
https://www.ubereats.com/washington-dc/food-delivery/corner-bakery-cafe-1-grand-corner-ave/3J6GjgX2R2WJp4qNePMtbQ,darnestown-maryland
https://www.ubereats.com/washington-dc/food-delivery/teriyaki-express/Km4fMr2XQfy7_H8I0ry1Sg,darnestown-maryland
https://www.ubereats.com/washington-dc/food-delivery/curry-place-gaithersburg/X3KtM3arSeiPH_vxZOSS8w,darnestown-maryland
https://www.ubereats.com/washington-dc/food-delivery/caspian-house-of-kabob-gaithersburg/JoEqom0uR2OhoJgOdolCUg,darnestown-maryland
https://www.ubereats.com/washington-dc/food-delivery/toosso/qljvbm8MSoOynxCstvnrHg,darnestown-maryland
https://www.ubereats.com/washington-dc/food-delivery/panera-285-kentlands-boulevard/O2ZapzplQ16gcX_Dje3gpA,darnestown-maryland
https://www.ubereats.com/washington-dc/food-delivery/zam-zam-market/_mThjOdoTzyhu096OOMd5Q,darnestown-maryland
https://www.ubereats.com/washington-dc/food-delivery/gringos-%26-mariachis-potomac/cdjWm_MFQtqc4kO4FD5m3w,darnestown-maryland
https://www.ubereats.com/washington-dc/food-delivery/taco-bell-18415-woodfield-road/VlcoSrQFTNq5-uaRtjg4Zw,darnestown-maryland
https://www.ubereats.com/washington-dc/food-delivery/bad-mutha-clucka-644-center-point-way/-1NO_OZ2QySrylsjouNDTA,darnestown-maryland
https://www.ubereats.com/washington-dc/food-delivery/mocos-founding-farmers/WGO80QH0S3qBKnd6xsgDxA,darnestown-maryland
https://www.ubereats.com/washington-dc/food-delivery/nandos-peri-peri-224-boardwalk-pl/oNxvDHr4R2aKpBgXPgGDxA,darnestown-maryland
https://www.ubereats.com/washington-dc/food-delivery/la-fonda-paisa/LXHYQpyjSDK_RO4AkmB_yg,darnestown-maryland
https://www.ubereats.com/washington-dc/food-delivery/xian-gourmet/n3d91lkBTli4YtXtsx3siA,darnestown-maryland
https://www.ubereats.com/washington-dc/food-delivery/pizza-bolis-20012-goshen-rd/DYTX19DaTjGmslUHuj_jzQ,darnestown-maryland
https://www.ubereats.com/washington-dc/food-delivery/kfc-426-n-frederick-ave/q9hkKk-nR0-CazAVT9jjHA,darnestown-maryland
https://www.ubereats.com/washington-dc/food-delivery/burrito-elito/kNb9jNLeSIK87j8JvNe34Q,darnestown-maryland
https://www.ubereats.com/washington-dc/food-delivery/kung-fu-tea-275-nwashington-street-suite-d/CDhPnecoQYmUhgVdaY0XOw,darnestown-maryland
https://www.ubereats.com/washington-dc/food-delivery/saffron-house-of-kabob/tPR357FbTda75Tu2Az0TAA,darnestown-maryland
https://www.ubereats.com/washington-dc/food-delivery/cava-70-upper-rock-circle/jZKQnBOeQeCXqdQqsfzI9w,darnestown-maryland
https://www.ubereats.com/washington-dc/food-delivery/sushi-damo-rockville/AI80CAN9Ru6gRPd7j5a8Sg,darnestown-maryland
https://www.ubereats.com/washington-dc/food-delivery/panda-express-19847-century-blvd/Wjx7-yKmSGKTmuYOeDQs8Q,darnestown-maryland
https://www.ubereats.com/washington-dc/food-delivery/mamma-lucia-14921-shady-grove-rd/l350ozEeSsWAEeiI-G3gJQ,darnestown-maryland
https://www.ubereats.com/washington-dc/food-delivery/botanero-restaurant/XNmlSLPPQoaqilPV0exjFA,darnestown-maryland
https://www.ubereats.com/washington-dc/food-delivery/outback-steakhouse-150-elden-street-%23-100/OEkg23VOQJqWZ-cnfcEmEg,darnestown-maryland
https://www.ubereats.com/washington-dc/food-delivery/milanos-pizza-and-pasta-gaithersburg/kzNZBsKFQ_WceB89KL6S1A,darnestown-maryland
https://www.ubereats.com/washington-dc/food-delivery/quincys/mPh7n3hITRaMK5z8arEtaQ,darnestown-maryland
https://www.ubereats.com/washington-dc/food-delivery/old-town-pour-house-gaithersburg/1aHtiJInQ5O2hZbzoF1vtA,darnestown-maryland
https://www.ubereats.com/washington-dc/food-delivery/subway-876-muddy-branch-rd/m7211CmARaqtiIoUdqwDRg,darnestown-maryland
https://www.ubereats.com/washington-dc/food-delivery/jersey-mikes-subs-21040-f-frederick-rd/yf1IRddjRTqQn037o3GxzQ,darnestown-maryland
https://www.ubereats.com/washington-dc/food-delivery/asia-taste-%26-jumbo-jumbo-cafe-%E5%A5%BD%E5%AE%A2%E6%9D%A5/QndmJ2I4S6yVwBO_ea9V2w,darnestown-maryland
https://www.ubereats.com/washington-dc/food-delivery/cs-new-york-pizza-1020-rockville-pike/AorAM5XTSNeuw_1knUV14w,darnestown-maryland
https://www.ubereats.com/washington-dc/food-delivery/house-of-fortune/4JX_fvehShWWJUrOuD2d7g,darnestown-maryland
