url,city
https://www.ubereats.com/chicago/food-delivery/burger-king-90-skokie-valley-highway/l3RPs-CCROiQWHh4FR9w7A,deerfield-illinois
https://www.ubereats.com/chicago/food-delivery/starbucks-2060-skokie-valley-highland-park/b9xi-876ToiaWzWoAc5SUQ,deerfield-illinois
https://www.ubereats.com/chicago/food-delivery/green-basil-thai/_n46g4dNQaaU2of4q-xOqQ,deerfield-illinois
https://www.ubereats.com/chicago/food-delivery/gators-wing-shack/i4zLumA6Sj28H2hYjHZROg,deerfield-illinois
https://www.ubereats.com/chicago/food-delivery/dunkin-700-n-milwaukee-ave/92usHSIbQpmPWCOleYls9w,deerfield-illinois
https://www.ubereats.com/chicago/food-delivery/dawg-park/FXd7MR3BQSesbRILTgICyg,deerfield-illinois
https://www.ubereats.com/chicago/food-delivery/corner-bakery-cafe-470-e-rand-rd/RfFuD4WeSGOyfB36L1gvRg,deerfield-illinois
https://www.ubereats.com/chicago/food-delivery/jamesons-charhouse/tJDBdnfRTladnJePisu8Ow,deerfield-illinois
https://www.ubereats.com/chicago/food-delivery/suzys-swirl/40cqnF0RSSqenMkG8249cw,deerfield-illinois
https://www.ubereats.com/chicago/food-delivery/dennys-2063-skokie-valley/dJp8-PVpToWB6PdgL6vrTQ,deerfield-illinois
https://www.ubereats.com/chicago/food-delivery/papa-johns-pizza-prospect-heights/RcWPtQ61Qv-Nss7oiygeFw,deerfield-illinois
https://www.ubereats.com/chicago/food-delivery/rosatis-pizza-20590-milwaukee-ave/gSA2lkwRSUuNpf0L5UwmUA,deerfield-illinois
https://www.ubereats.com/chicago/food-delivery/lazy-dog-restaurant-%26-bar-vernon-hills/ezoQjQhHQ3irrnRoPEKNeA,deerfield-illinois
https://www.ubereats.com/chicago/food-delivery/little-tails-sports-bar/XO6eJvD_RHqaCurT0YHfqA,deerfield-illinois
https://www.ubereats.com/chicago/food-delivery/dunkin-435-milwaukee-ave/FDYD5dvXST26VqeykF2_YA,deerfield-illinois
https://www.ubereats.com/chicago/food-delivery/subway-sanders/mZMH3g6BTzuDBsmPlxj1Tg,deerfield-illinois
https://www.ubereats.com/chicago/food-delivery/mercado-cocina-cantina/bTGTWgPlSIWtYprLI9iyrg,deerfield-illinois
https://www.ubereats.com/chicago/food-delivery/mcdonalds-waukegan-%26-half-day/c4_ajYTgTsyFf2KDDV8mGA,deerfield-illinois
https://www.ubereats.com/chicago/food-delivery/haku-sushi-%26-bar/Jo1SdJNrRA67UQABD8k_bA,deerfield-illinois
https://www.ubereats.com/chicago/food-delivery/himalayan-sherpa-kitchen/TDQrJ45eTO-kaz7n5IkdyQ,deerfield-illinois
https://www.ubereats.com/chicago/food-delivery/auntie-annes-2171-northbrook-ct-spc-1286/Xy3XRLSGTGKCNgTfX21GYQ,deerfield-illinois
https://www.ubereats.com/chicago/food-delivery/ra-sushi-wheeling/ceIF6WJ9QUiYSRXwTjJ6bw,deerfield-illinois
https://www.ubereats.com/chicago/food-delivery/cherry-pit-cafe/7t_jQjoJSx2RQP-8jWjmPA,deerfield-illinois
https://www.ubereats.com/chicago/food-delivery/senor-pollo/bC-tMXjISd-uLXHVgc-6gw,deerfield-illinois
https://www.ubereats.com/chicago/food-delivery/chipotle-mexican-grill-950-milwaukee-ave-ste-a/lx9vOqFHSOqUbaB8pqHQ1A,deerfield-illinois
https://www.ubereats.com/chicago/food-delivery/rosatis-pizza-101-e-townline-rd/yu7eLl0VQFaQdqM71KuMew,deerfield-illinois
https://www.ubereats.com/chicago/food-delivery/jersey-mikes-subs-mchenry-%26-lake-cook/9Fo9O8R_SBeArPfDuRZk2w,deerfield-illinois
https://www.ubereats.com/chicago/food-delivery/tgi-fridays-2682-wheeling-il/WY8L5RNVS7a2rrZuNCgHBA,deerfield-illinois
https://www.ubereats.com/chicago/food-delivery/burgerfi-glenview/Ihb5KWdfS_mxNqCZ4U6uGg,deerfield-illinois
https://www.ubereats.com/chicago/food-delivery/starbucks-waukegan-rd-%26-everett-lake-forest/bR0jiW_kQW-6IsVVUAihUA,deerfield-illinois
https://www.ubereats.com/chicago/food-delivery/convito-cafe-%26-market/wIPtD2NSTkKvAPbCrgHubg,deerfield-illinois
https://www.ubereats.com/chicago/food-delivery/potbelly-sandwich-shop-wheeling-%7C-143/x37vw5M3Tpyg6ryFUzJauw,deerfield-illinois
https://www.ubereats.com/chicago/food-delivery/chipotle-mexican-grill-675-deerfield-rd-ste-120/eNoWnGxlTKyRcJBuwDlmWw,deerfield-illinois
https://www.ubereats.com/chicago/food-delivery/potbelly-sandwich-shop-deerfield-%7C-8/n0LXjViFRm-iH5qPzmtkHg,deerfield-illinois
https://www.ubereats.com/chicago/food-delivery/jamba-juice-1849-green-bay-rd-%23113/wdlbFwWGSNS7Ixrc1Fo3_Q,deerfield-illinois
https://www.ubereats.com/chicago/food-delivery/mumbai-tandoor/_EmoI6h5SjusdJWDuRdU9w,deerfield-illinois
https://www.ubereats.com/chicago/food-delivery/benihana-150-n-milwaukee-avenue/asVErvOnQCSYAsaK88iSWg,deerfield-illinois
https://www.ubereats.com/chicago/food-delivery/wing-king/-HiFai49S-2EZk57dgglJw,deerfield-illinois
https://www.ubereats.com/chicago/food-delivery/pza-wheeling/jKQq9-r8TUSLcGp7deK0zw,deerfield-illinois
https://www.ubereats.com/chicago/food-delivery/portillos-hot-dogs-221-townline-rd/B4HQqi1YQ823YKNxt-riLg,deerfield-illinois
https://www.ubereats.com/chicago/food-delivery/adams-kabob/I5ebS2E0T8abjrvs9LSztg,deerfield-illinois
https://www.ubereats.com/chicago/food-delivery/calzone-%26-macaroni-co/Kmw3td74RaivvbQiuQUlXw,deerfield-illinois
https://www.ubereats.com/chicago/food-delivery/main-street-social/LC4QGKQdQrGDUCtcXFGlhw,deerfield-illinois
https://www.ubereats.com/chicago/food-delivery/red-robin-344-295-pkwy-dr/Py4bXRPWTpOfVxjzrlJbCQ,deerfield-illinois
https://www.ubereats.com/chicago/food-delivery/tous-les-jours-glenview/fPZauPFtQJ6JCmDOKXRXVw,deerfield-illinois
https://www.ubereats.com/chicago/food-delivery/simply-sushi/BNFgI4aSRzm0mDQSJbiNTw,deerfield-illinois
https://www.ubereats.com/chicago/food-delivery/wildfire-glenview/dzqtZqf5SsyD6nhbYv1L7g,deerfield-illinois
https://www.ubereats.com/chicago/food-delivery/burger-king-80-mc-henry-road/xp-jXFAWSvmNqH3E7_h8Hw,deerfield-illinois
https://www.ubereats.com/chicago/food-delivery/cafe-zupas-711-deerfield-rd/1IZzxfYcTWKUFFzUulZAIA,deerfield-illinois
https://www.ubereats.com/chicago/food-delivery/jolanes/X74Tg91kQTe_Fb15STBXWw,deerfield-illinois
https://www.ubereats.com/chicago/food-delivery/taste-of-tokyo/-GpsnAHCSH-P9EIMLbeEmg,deerfield-illinois
https://www.ubereats.com/chicago/food-delivery/dunkin-499-lake-cook-rd/paIcrdEJTM-N2y5PUWGlvw,deerfield-illinois
https://www.ubereats.com/chicago/food-delivery/papa-johns-buffalo-grove/61hbd974QSilO3E8HaQSWg,deerfield-illinois
https://www.ubereats.com/chicago/food-delivery/mcalisters-deli-townline-%26-aspen/QVkbTpILSpSOD-9fHm6QJw,deerfield-illinois
https://www.ubereats.com/chicago/food-delivery/pinstripes-northbrook/czElVzFySL-zZ5BfZNULaA,deerfield-illinois
https://www.ubereats.com/chicago/food-delivery/salsa-street-mexican-restaurant-%26-cantina-mt-prospect/z2_r_UY8SmClChKUaGUhNA,deerfield-illinois
https://www.ubereats.com/chicago/food-delivery/noodles-%26-company-900-milwaukee-av-ste-a/UzGliDk2TUar0iKdEfjBxg,deerfield-illinois
https://www.ubereats.com/chicago/food-delivery/oshio-sushi-%26-steakhouse/JK1UjIahTI-0wYPQ9_pUKQ,deerfield-illinois
https://www.ubereats.com/chicago/food-delivery/mod-pizza-buffalo-grove/xNlcTqpxSs--_jJfdGVCJw,deerfield-illinois
https://www.ubereats.com/chicago/food-delivery/new-china/OmxivXd-Q2K6aigdFstzSg,deerfield-illinois
https://www.ubereats.com/chicago/food-delivery/subway-743-n-milwaukee-ave/3Vulm6SbRyGbUvHeiS_DWA,deerfield-illinois
https://www.ubereats.com/chicago/food-delivery/bawarchi-biryanis/4lnqGfShTTWCQfgrWGVtbA,deerfield-illinois
https://www.ubereats.com/chicago/food-delivery/mcdonalds-milwaukee-%26-half-day/ap_qbTppT86TvaXo4xCGgg,deerfield-illinois
https://www.ubereats.com/chicago/food-delivery/salt-creek-tacos/6RngTbP9RRqqnej9oD1QVg,deerfield-illinois
https://www.ubereats.com/chicago/food-delivery/guss-greek-kitchen/pjcxLo76TGagS8lNi_Cizg,deerfield-illinois
https://www.ubereats.com/chicago/food-delivery/stir-crazy-fresh-asian-grill-northbrook/IVIMbAXPT36TFvmQ01ZVrg,deerfield-illinois
https://www.ubereats.com/chicago/food-delivery/mcdonalds-skokie-%26-lake-cook/-qIyKNLCQECAWbo4P1Nxkg,deerfield-illinois
https://www.ubereats.com/chicago/food-delivery/saranellos/heCN9yjmTqW8i1mtFz2Zig,deerfield-illinois
https://www.ubereats.com/chicago/food-delivery/so-gong-dong-tofu-%26-bbq/JnQKDAFaTnivYyHy3aBztA,deerfield-illinois
https://www.ubereats.com/chicago/food-delivery/fannie-may-wheeling/ZQ0aNpepQNiiLIHEmWLUVw,deerfield-illinois
https://www.ubereats.com/chicago/food-delivery/osteria-trulli/4snQSHH8RL-RTDMEKHyq8w,deerfield-illinois
https://www.ubereats.com/chicago/food-delivery/strawberry-field-pancakes-%26-cafe/sOSfjh99TCGGjLZy2Ajz5A,deerfield-illinois
https://www.ubereats.com/chicago/food-delivery/leonidas-chocolate-cafe-northbrook/awcPW0H5Suiiepz8Ur9n4Q,deerfield-illinois
https://www.ubereats.com/chicago/food-delivery/pns-noodle-shop-happ-rd/KPZBNPuiT6WWomqkTD8onQ,deerfield-illinois
https://www.ubereats.com/chicago/food-delivery/chipotle-mexican-grill-1572-e-lake-cook-rd/4udA19C-RWKhJjLSpYCOsQ,deerfield-illinois
https://www.ubereats.com/chicago/food-delivery/the-glen-club/rHnknUi-RSyEAalyh3Mp-g,deerfield-illinois
https://www.ubereats.com/chicago/food-delivery/musashi/ELXo4C1sQIaYJryFzXVidw,deerfield-illinois
https://www.ubereats.com/chicago/food-delivery/illusion-cafe-and-bar/iCsE1wk0RNemm6ZgquMDTg,deerfield-illinois
https://www.ubereats.com/chicago/food-delivery/mcdonalds-dundee-%26-milwaukee/B3RLbn6dTx-D0IuZXkekAQ,deerfield-illinois
https://www.ubereats.com/chicago/food-delivery/little-red-hen-of-glencoe/NEp7UI64TKikR0r4CuxyBg,deerfield-illinois
https://www.ubereats.com/chicago/food-delivery/jakes-pizza-%26-catering/MtyeqdwWT0yqeh1rxQ4STg,deerfield-illinois
https://www.ubereats.com/chicago/food-delivery/sweet-home-gelato/-yKXuN12QlCF5EfdVekjOA,deerfield-illinois
https://www.ubereats.com/chicago/food-delivery/noodles-%26-company-110-s-waukegan-ste-110c/oo9QOHd3R3G27e3X9HepzA,deerfield-illinois
https://www.ubereats.com/chicago/food-delivery/madras-kafe/QloEJDmITRuLudoZDbVWew,deerfield-illinois
https://www.ubereats.com/chicago/food-delivery/rivaj-indian-cuisine/RM3IM67uSnm59bZ1fwtMDg,deerfield-illinois
https://www.ubereats.com/chicago/food-delivery/garden-berry-cafe/5xhsL59-STmmmWljSaXX7w,deerfield-illinois
https://www.ubereats.com/chicago/food-delivery/union-ale-house-pub/PPNeXNh1SPm2asEzukksSA,deerfield-illinois
https://www.ubereats.com/chicago/food-delivery/meatheads-lake-bluff/6WxfuKMiTsW05lhQcYSezA,deerfield-illinois
https://www.ubereats.com/chicago/food-delivery/wajo-sushi/fqpEJpE3SIqwnTYDPzyj2Q,deerfield-illinois
https://www.ubereats.com/chicago/food-delivery/noodles-%26-company-1851-tower-dr/qHSq4daoQD-g7ffC97egrA,deerfield-illinois
https://www.ubereats.com/chicago/food-delivery/oshio-sushi-%26-steakhouse/8HpLKvBoRZOnzzGaaUUB9A,deerfield-illinois
https://www.ubereats.com/chicago/food-delivery/bo-bos-gyros-hawthorn-village-commons-%26-ring/CNGi68bWSI6b7li51muqcg,deerfield-illinois
https://www.ubereats.com/chicago/food-delivery/tropical-smoothie-cafe-2759-pfingsten-road/lsp37Y-gQbCKA-o_EON2CQ,deerfield-illinois
https://www.ubereats.com/chicago/food-delivery/dunkin-2775-dundee-rd/oXFMnsJITf6i0Z9gY2QSTw,deerfield-illinois
https://www.ubereats.com/chicago/food-delivery/pivot-room-by-whirlyball-center-dr/OaJA0_M9Q0yD5G2cU5QEKQ,deerfield-illinois
https://www.ubereats.com/chicago/food-delivery/five-guys-il-0552-willow-%26-ravine/YdOzazCoQEahD7rJ6C7JFg,deerfield-illinois
https://www.ubereats.com/chicago/food-delivery/ram-restaurant-%26-brewery-wheeling/aSEC9P2WSROZnP5airqM5w,deerfield-illinois
https://www.ubereats.com/chicago/food-delivery/mod-pizza-vernon-hills/CXBrqWkcSfSru_nLe4fqNQ,deerfield-illinois
https://www.ubereats.com/chicago/food-delivery/ihop-mchenry-%26-lake-cook/Ic-rBR6QS8261BSMEFNRiA,deerfield-illinois
https://www.ubereats.com/chicago/food-delivery/mcdonalds-milwaukee-%26-palatine/fv9fN9WDSCWlzld5lECxkQ,deerfield-illinois
https://www.ubereats.com/chicago/food-delivery/kegon-japanese-steak-and-sushi/uCLyZn9VRW6k8W-uOpYJcQ,deerfield-illinois
https://www.ubereats.com/chicago/food-delivery/roka-akor-old-orchard/VhsLx-miQ_e6EYrY6jBABA,deerfield-illinois
https://www.ubereats.com/chicago/food-delivery/johnnys-kitchen-and-tap/XJySrJMXQjicZ6jTm6gA3Q,deerfield-illinois
https://www.ubereats.com/chicago/food-delivery/five-guys-il-0523-701-n-milwaukee-ave/zuFUeFzkT4a9848jQZy1uA,deerfield-illinois
https://www.ubereats.com/chicago/food-delivery/panda-express-2145-willow-rd/7C7dL6J1RnugTBuQDlL4lg,deerfield-illinois
https://www.ubereats.com/chicago/food-delivery/panera-385-lake-cook-road-retail-f/NhnkapkPQX6k2FUbDbGE_w,deerfield-illinois
https://www.ubereats.com/chicago/food-delivery/dunkin-1204-n-elmhurst-rd/bO3MQ-sGS7edD7DS52sIVA,deerfield-illinois
https://www.ubereats.com/chicago/food-delivery/butterfields-northbrook/3dVnn3mUR-qo3E-i4ld3rw,deerfield-illinois
https://www.ubereats.com/chicago/food-delivery/nancys-pizza/FdEcZgZRT0Gxp-G4_8-xUg,deerfield-illinois
https://www.ubereats.com/chicago/food-delivery/buca-di-beppo-wheeling/F5My0eydTSKel0h6pM5NBg,deerfield-illinois
https://www.ubereats.com/chicago/food-delivery/taco-bell-50-w-dundee-road/rsdBmVAzRAGSxfJaM5dw6Q,deerfield-illinois
https://www.ubereats.com/chicago/food-delivery/maxs-dawg-house/rHJzCbIEQOSv0Bz0YPdT-Q,deerfield-illinois
https://www.ubereats.com/chicago/food-delivery/di-pescara-northbrook-court-mall/-VF24YeMS92oVxwSqe4lww,deerfield-illinois
https://www.ubereats.com/chicago/food-delivery/subway-79-green-bay-rd/070oBYmfS1CfRCKtVg1NKQ,deerfield-illinois
https://www.ubereats.com/chicago/food-delivery/traktir-the-12-chairs/ReYCnrNqQF6VGWzMcJLUFw,deerfield-illinois
https://www.ubereats.com/chicago/food-delivery/francescas-north/aPfK2QIbQFKxO_QFggEJNA,deerfield-illinois
https://www.ubereats.com/chicago/food-delivery/chipotle-mexican-grill-338-e-rand-rd/bqETWI-GSQetZkG9MY5tsA,deerfield-illinois
https://www.ubereats.com/chicago/food-delivery/dunkin-620-n-western-ave/MLEUSIc1RAK5XGjtgYDPfw,deerfield-illinois
https://www.ubereats.com/chicago/food-delivery/mary-vs-bbq/54PybFvwTRW15jQvNJHuZQ,deerfield-illinois
https://www.ubereats.com/chicago/food-delivery/tacos-el-norte/KMouIDnfTqmGPr0hhtCqAg,deerfield-illinois
https://www.ubereats.com/chicago/food-delivery/altthai/YWEq4mOaTpSEND7ZNkC9cA,deerfield-illinois
https://www.ubereats.com/chicago/food-delivery/kamehachi-northbrook/5WZJZ0XWSJmTZ0mal_t0Cg,deerfield-illinois
https://www.ubereats.com/chicago/food-delivery/kims-chop-suey/-_HCHVLeTL6YnumP38v6TQ,deerfield-illinois
https://www.ubereats.com/chicago/food-delivery/grande-jakes-fresh-mexican-grill-buffalo-grove/FmVOdReiT2qbTV-nSa9mjQ,deerfield-illinois
https://www.ubereats.com/chicago/food-delivery/dunkin-1990-skokie-valley-rd/mRguoFmMTDa-XjqC0BZa1w,deerfield-illinois
https://www.ubereats.com/chicago/food-delivery/unimart-niles/TpTjCCrJQiOPJydjHp7qeg,deerfield-illinois
https://www.ubereats.com/chicago/food-delivery/tasty-spin/RxyX-sEHT4iFzBNmA6Hdsg,deerfield-illinois
https://www.ubereats.com/chicago/food-delivery/bake-homemade-pizza-park-ave/IIATtvnCQja-eXucgtnu5A,deerfield-illinois
https://www.ubereats.com/chicago/food-delivery/kfc-taco-bell-13783-west-oasis-service-road/meGZrY_1TMqa8A9_YiUTPg,deerfield-illinois
https://www.ubereats.com/chicago/food-delivery/buffalo-wild-wings-1018-willow-rd/4QHVs_TrTUWCu7uchFpyEg,deerfield-illinois
https://www.ubereats.com/chicago/food-delivery/jamba-juice-700-n-milwaukee-ave-ste-144/o6beaCGLTx6KbJasJhzigA,deerfield-illinois
https://www.ubereats.com/chicago/food-delivery/new-york-slices-highland-park/xzy14QKtQH-MtsVn28rtIQ,deerfield-illinois
https://www.ubereats.com/chicago/food-delivery/fried-egg-cafe/VkHy14dkTRG1U1x005bhJg,deerfield-illinois
https://www.ubereats.com/chicago/food-delivery/starbucks-willow-%26-i-294-glenview/r78etz8US7WYxs08Cikw3w,deerfield-illinois
https://www.ubereats.com/chicago/food-delivery/forest-greens-juice-bar/PDFt4YncSUOAXZG6Z0pmvA,deerfield-illinois
https://www.ubereats.com/chicago/food-delivery/mcdonalds-pfingsten-%26-willow/KhnUggSySkO_icvT0QEYCQ,deerfield-illinois
https://www.ubereats.com/chicago/food-delivery/dunkin-81-green-bay-rd/eR6O6h2LSyyHQh9n81nhyw,deerfield-illinois
https://www.ubereats.com/chicago/food-delivery/starbucks-vernon-hills-rte-45-%26-21/0wsVEK9JS4mr_y_-dK9Wyg,deerfield-illinois
https://www.ubereats.com/chicago/food-delivery/king-shabu-shabu/URTPbKMXTmKfWOVpCPURnw,deerfield-illinois
https://www.ubereats.com/chicago/food-delivery/billy-bricks-wood-fired-pizza-mt-prospect/gVO1hLbbST69vz21A6lOoA,deerfield-illinois
https://www.ubereats.com/chicago/food-delivery/ramen-house-shinchan/vOFmIoKVSemHbJwIqmRd4Q,deerfield-illinois
https://www.ubereats.com/chicago/food-delivery/mod-pizza-deerbrook-mall/Aeqr3YceRoeiHlXrFV-0Xw,deerfield-illinois
https://www.ubereats.com/chicago/food-delivery/dunkin-1204-s-milwaukee-ave/YAmA6qpHQkuSHxraDIZamQ,deerfield-illinois
https://www.ubereats.com/chicago/food-delivery/unwined-of-long-grove/zN-yLQ5OTAiWe26KqEiNvw,deerfield-illinois
https://www.ubereats.com/chicago/food-delivery/bonchon-chicken-1615-milwaukee-ave/gPCT497BRR2Do52Mq0kHVw,deerfield-illinois
https://www.ubereats.com/chicago/food-delivery/alexs-washington-gardens/Xyux6wGFTsWMvlIh6BQdpg,deerfield-illinois
https://www.ubereats.com/chicago/food-delivery/chasers-sports-bar-%26-grill-niles/S2g_5QoPTVOrXe2lieO76A,deerfield-illinois
https://www.ubereats.com/chicago/food-delivery/thai-inbox/_hzAhpw1SBmbWev31zWGKQ,deerfield-illinois
https://www.ubereats.com/chicago/food-delivery/ruths-chris-steak-house-933-skokie-blvd/OoLkHWB6SkGMo8F9dmpr7w,deerfield-illinois
https://www.ubereats.com/chicago/food-delivery/mcdonalds-sheridan-%26-old-elm/ob2KqzGwQ2elwg7isQpe6g,deerfield-illinois
https://www.ubereats.com/chicago/food-delivery/grill-house/Lc9hsa0jROuTthgTR5h5ug,deerfield-illinois
https://www.ubereats.com/chicago/food-delivery/kfc-taco-bell-150-e-dundee-road/S1JjUSsPShG0h95bT_Y2FQ,deerfield-illinois
https://www.ubereats.com/chicago/food-delivery/judys-pizzeria/YzkKP2yYTkeqTUuFkzsHXg,deerfield-illinois
https://www.ubereats.com/chicago/food-delivery/marlas-brown-bag-lunch-cafe/v9x4KNjKSTCrQIJ4Rw_M0w,deerfield-illinois
https://www.ubereats.com/chicago/food-delivery/wrap-it-up-sandwiches-soups-%26-more/HsXqviNmTPqr3OO23VRg8w,deerfield-illinois
https://www.ubereats.com/chicago/food-delivery/mcdonalds-green-bay-%26-tower/mURrNHDgSMOFriGE3uf8mw,deerfield-illinois
https://www.ubereats.com/chicago/food-delivery/rosatis-pizza-1414-e-hintz-rd/9EFxiPrlRkKyAHH4L5ioEQ,deerfield-illinois
https://www.ubereats.com/chicago/food-delivery/taco-bell-1757-waukegan/CEmNWaq8SJWrKinGxLX5Kg,deerfield-illinois
https://www.ubereats.com/chicago/food-delivery/demetris/Xm_soLdiSBao9WhnNzM_zA,deerfield-illinois
https://www.ubereats.com/chicago/food-delivery/subway-1630-deerfield-rd/hDbEs40-R7qQDJbuZqQZBA,deerfield-illinois
https://www.ubereats.com/chicago/food-delivery/starbucks-1833-deerfield-rd-highland-park/D86rjTYPTJmY1Dq9Pp-G0A,deerfield-illinois
https://www.ubereats.com/chicago/food-delivery/jersey-mikes-subs-willow-%26-ravine/OquPIfEMQN6umVp4RhpF-A,deerfield-illinois
https://www.ubereats.com/chicago/food-delivery/the-ice-cream-shop/NXoUKXH2TtGAwyL56WwBGQ,deerfield-illinois
https://www.ubereats.com/chicago/food-delivery/ochoas-mexican-grill/VuMhZfG5RYivv6HJUNv_hA,deerfield-illinois
https://www.ubereats.com/chicago/food-delivery/starbucks-deerfield-%26-waukegan-deerfield/idcrkLU-Soytge1yl9Wg_Q,deerfield-illinois
https://www.ubereats.com/chicago/food-delivery/yus-mandarin-vernon-hills/qo33b1GyTSyyORGm6qxz2Q,deerfield-illinois
https://www.ubereats.com/chicago/food-delivery/dunkin-donuts-n-arlington-heights/6EPJ_3XTQ0es_jTPGkZYFw,deerfield-illinois
https://www.ubereats.com/chicago/food-delivery/papa-willies-bbq/84I4L-GiR5uxAHGFkCRD9A,deerfield-illinois
https://www.ubereats.com/chicago/food-delivery/steak-n-shake-2121-willow-road/6fHoiTC8TOeZzq96f_KXOA,deerfield-illinois
https://www.ubereats.com/chicago/food-delivery/players-pub-%26-grill/XPYrwKcxSEyJRsLiFN8LFw,deerfield-illinois
https://www.ubereats.com/chicago/food-delivery/osaka-sushi-mundelein/Kyh8NeuKTdqD-KkmyqTV9Q,deerfield-illinois
https://www.ubereats.com/chicago/food-delivery/roti-modern-mediterranean-875-n-milwaukee-ave/cZZ4CiBnQaW45bGGOlpUXg,deerfield-illinois
https://www.ubereats.com/chicago/food-delivery/little-caesars-534-w-dundee-rd/eakQF-AYR8C6bOyaTnZzTA,deerfield-illinois
https://www.ubereats.com/chicago/food-delivery/phoenicia-mediterranean-restaurant/lmwz4dRhSaWkucAq44q4wg,deerfield-illinois
https://www.ubereats.com/chicago/food-delivery/pizanoz-pizza/AzwD9zdNQ2ykKigq1fi9Aw,deerfield-illinois
https://www.ubereats.com/chicago/food-delivery/sakura-sushi/T199ePqWT_yXa-p6bQN1fw,deerfield-illinois
https://www.ubereats.com/chicago/food-delivery/francescas-intimo/2Mz8Ed5VSY-ad7QGQEVQfQ,deerfield-illinois
https://www.ubereats.com/chicago/food-delivery/dunkin-1945-willow-rd/ZDwLgboAR_KdE_G79tpMaA,deerfield-illinois
https://www.ubereats.com/chicago/food-delivery/mowa/DDAnC_kRR_ej_bIq8Yr3ZA,deerfield-illinois
https://www.ubereats.com/chicago/food-delivery/starbucks-lake-cook-%26-lexington/xDj82f_uSMqTkIElh_Q2Fg,deerfield-illinois
https://www.ubereats.com/chicago/food-delivery/froggys/NsCUGWwNStmux1XxRj9wkA,deerfield-illinois
https://www.ubereats.com/chicago/food-delivery/sunrise-grand/ldcqpJnbT-uD5m2bLxp_Hg,deerfield-illinois
https://www.ubereats.com/chicago/food-delivery/el-buren-caribbean-cuisine/tMFNcoCFR_qQOlZin_53xQ,deerfield-illinois
https://www.ubereats.com/chicago/food-delivery/uncle-julios-vernon-hills/oS4-Jv2fRz6QiSVts-nMlA,deerfield-illinois
https://www.ubereats.com/chicago/food-delivery/los-posadas-restaurant/78iyM3M-TDaLIm68Ta0N8g,deerfield-illinois
https://www.ubereats.com/chicago/food-delivery/portillos-hot-dogs-806-w-dundee-rd/HA4WiGE6Tv2gD3KhYvJ0Wg,deerfield-illinois
https://www.ubereats.com/chicago/food-delivery/joshs-hotdogs-northbrook/LaIvIkK0TTuFMV9NLC0PlA,deerfield-illinois
https://www.ubereats.com/chicago/food-delivery/boston-market-150-n-mchenry-road/16ThiJk4QXCQNxGH5N8jSg,deerfield-illinois
https://www.ubereats.com/chicago/food-delivery/vinnys-pizza-%26-pasta/mmSuNg8YQ82KaK0H8_3ZPg,deerfield-illinois
https://www.ubereats.com/chicago/food-delivery/subway-1129-milwaukee-ave/vPVcSkaPRzOph3CITz2k9w,deerfield-illinois
https://www.ubereats.com/chicago/food-delivery/charleys-philly-steaks-904-hawthorn-ctr/MGnhExc4SPebMwt63PhjTQ,deerfield-illinois
https://www.ubereats.com/chicago/food-delivery/valor/eHEIHY0ATae0hyLH_laJKw,deerfield-illinois
https://www.ubereats.com/chicago/food-delivery/dengeos/seRBGAcZTR-f1hT3n6E9zw,deerfield-illinois
https://www.ubereats.com/chicago/food-delivery/maestro/tb3pg7jES9qm9bPvZwo-Sg,deerfield-illinois
https://www.ubereats.com/chicago/food-delivery/subway-8-west-dundee-rd/mj-HjKe5QF6kGQUGtqT9UQ,deerfield-illinois
https://www.ubereats.com/chicago/food-delivery/dagostinos-pizza-%26-pub-glenview/19gqV8i5RmewmXL4JwihGw,deerfield-illinois
https://www.ubereats.com/chicago/food-delivery/mama-sophias-subs/leXLzYGFT-2TAScnsqyIEw,deerfield-illinois
https://www.ubereats.com/chicago/food-delivery/casa-chapalas-grill/FO_yiD6cRVa7qmEXW3KlzA,deerfield-illinois
https://www.ubereats.com/chicago/food-delivery/nachos-pizza/kgfUaG6VSx6ctfd-rlRi5A,deerfield-illinois
https://www.ubereats.com/chicago/food-delivery/cafe-dacha/LxuUNV8aSXOFOi_XHw5apQ,deerfield-illinois
https://www.ubereats.com/chicago/food-delivery/mexcal-mexican-grill-and-bar/4nXaJrKeTEaCKn6erXCeGA,deerfield-illinois
https://www.ubereats.com/chicago/food-delivery/starbucks-lake-%26-patriot-the-glen/jbUNLnqcTY2g1kzSceKggg,deerfield-illinois
https://www.ubereats.com/chicago/food-delivery/california-pizza-kitchen-1515-lake-cook-road-space-1022/8bOe_d5rTPiElzz7lkkfbQ,deerfield-illinois
https://www.ubereats.com/chicago/food-delivery/jersey-mikes-subs-waukegan-%26-half-day/tnF4AXZFR22u08Uf1PH48g,deerfield-illinois
https://www.ubereats.com/chicago/food-delivery/graeters-ice-cream-north-brook/XpxexYBfQGCE0dGTSGCCAQ,deerfield-illinois
https://www.ubereats.com/chicago/food-delivery/wildfire-lincolnshire/4MBGRetkSR-mB8X3qlVkog,deerfield-illinois
https://www.ubereats.com/chicago/food-delivery/burger-king-425-west-dundee-road/TI_nQISuR3CO7jHmLBzfCA,deerfield-illinois
https://www.ubereats.com/chicago/food-delivery/noodles-%26-company-700-n-milwaukee-unit-149/LpLHThjWTX-p029ke4WKnw,deerfield-illinois
https://www.ubereats.com/chicago/food-delivery/chicago-hot-breads/sIUo082TQF-3k-1RBLslfQ,deerfield-illinois
https://www.ubereats.com/chicago/food-delivery/eggsperience-mt-prospect/9alEoZLkT4i84Igh1cEVWA,deerfield-illinois
https://www.ubereats.com/chicago/food-delivery/sushi-house/_tBo4m4HSm2WALtsRLEzRg,deerfield-illinois
https://www.ubereats.com/chicago/food-delivery/on-the-border-vernon-hills/4anXpiQMQaC_VJ_NQE8euA,deerfield-illinois
https://www.ubereats.com/chicago/food-delivery/panera-190-waukegan-road/RKf1R4EzRJyeakFL3xlawQ,deerfield-illinois
https://www.ubereats.com/chicago/food-delivery/potbelly-sandwich-shop-buffalo-grove-dt-%7C-443/qEUlY9_mT8Gw3vNpFkSUAA,deerfield-illinois
https://www.ubereats.com/chicago/food-delivery/tomatillo-taco-ville-2/ucN156MyRcC-nKANCvC81w,deerfield-illinois
https://www.ubereats.com/chicago/food-delivery/purple-sprout-cafe-dundee-rd/afuwq2QrSoe7xe3eyvjaog,deerfield-illinois
https://www.ubereats.com/chicago/food-delivery/gatsbys-pizza-%26-pub/ve1-9f7dSdWMUcDapSjZPQ,deerfield-illinois
https://www.ubereats.com/chicago/food-delivery/chiefs-pub/FLqbfJViQSacwkVJy1TYjw,deerfield-illinois
https://www.ubereats.com/chicago/food-delivery/happi-sushi/Cr2iHf9vSACMiOW2cJAm1Q,deerfield-illinois
https://www.ubereats.com/chicago/food-delivery/big-bowl-lincolnshire/7Zfj3CH7RWmeDvPzWaTQMQ,deerfield-illinois
https://www.ubereats.com/chicago/food-delivery/starbucks-waukegan-%26-lake-cook-deerfield/G0xQS8GhS7-bLVhMg7hFzg,deerfield-illinois
https://www.ubereats.com/chicago/food-delivery/rise-n-dine-pancake-cafe/enErO-tYS86lLBe8YgDIQA,deerfield-illinois
https://www.ubereats.com/chicago/food-delivery/salsa-street-mexican-restaurant/p7Dk1Uq0S1KZzgp4FTLpZQ,deerfield-illinois
https://www.ubereats.com/chicago/food-delivery/mcalisters-deli-663-lake-cook-road/NnWnteSNQGy3rIZ6FnrBCg,deerfield-illinois
https://www.ubereats.com/chicago/food-delivery/whiskey-river/u3WAR5s7RfOaj6tbVCpqFA,deerfield-illinois
https://www.ubereats.com/chicago/food-delivery/sarpinos-pizzeria-2017-milwaukee-ave/HKtW1bi_R4ud5TL85ZmlYg,deerfield-illinois
https://www.ubereats.com/chicago/food-delivery/wynburg-cafe/6j8ZyNiUTZaXr5WrFfYm0g,deerfield-illinois
https://www.ubereats.com/chicago/food-delivery/outback-steakhouse-909-north-elmhurst-road/INPmXopuSqKKsucnq9PAWQ,deerfield-illinois
https://www.ubereats.com/chicago/food-delivery/dairy-queen-treat-600-central-ave-ste-113/YPKj6B9uQwuzWZADTd1Npg,deerfield-illinois
https://www.ubereats.com/chicago/food-delivery/ihop-700-n-milwaukee-ave/cNIuBYMNTIKigjCwc9isYA,deerfield-illinois
https://www.ubereats.com/chicago/food-delivery/mi-restaurante/-sX6bbPbSpe_sS_ThDVGsA,deerfield-illinois
https://www.ubereats.com/chicago/food-delivery/taco-bell-2566-skokie-valley-rd/Ws7Xy9wPRcSjiK4EyacQ8A,deerfield-illinois
https://www.ubereats.com/chicago/food-delivery/woodfire-tavern/A5FwFCk0RTe9HWOtEhugwg,deerfield-illinois
https://www.ubereats.com/chicago/food-delivery/north-branch-pizza-%26-burger-co/Gn8X-PGTR5-asJvGDJBuqg,deerfield-illinois
https://www.ubereats.com/chicago/food-delivery/dairy-queen-treat-2770-dundee-rd/yqrTfrAsSHaLK84tmq3lVg,deerfield-illinois
https://www.ubereats.com/chicago/food-delivery/subway-1951-cherry-ln/8bjmZfFtSOKPM2vcfTIiNA,deerfield-illinois
https://www.ubereats.com/chicago/food-delivery/uppercrust-bagels-deerfield/nyyylphBS0ivlc5CUAPPqg,deerfield-illinois
https://www.ubereats.com/chicago/food-delivery/subway-wheeling/IUjedIZ4QeeTeAvkc1tw6w,deerfield-illinois
https://www.ubereats.com/chicago/food-delivery/pf-changs-1819-lake-cook-rd/ukWo2TyURRCXOvDAp8w4NA,deerfield-illinois
https://www.ubereats.com/chicago/food-delivery/bills-pizza-%26-pub/ndGpeUKCRua0vWCYji0CNw,deerfield-illinois
https://www.ubereats.com/chicago/food-delivery/cookies-by-design-%23112/z-Y4tELYRzKXGIIZARYEWA,deerfield-illinois
https://www.ubereats.com/chicago/food-delivery/noble-romans-pizza/KlFhxLNeTUim0yKgpRwWkQ,deerfield-illinois
https://www.ubereats.com/chicago/food-delivery/dunkin-1697-weiland-rd-cpl/adwOJ_y-TEavh5Ti6PJuyg,deerfield-illinois
https://www.ubereats.com/chicago/food-delivery/potbelly-sandwich-shop-glenview-%7C-39/nPxISIxdRz6M0W2UlpCrDw,deerfield-illinois
https://www.ubereats.com/chicago/food-delivery/ellys-pancake-house/TPasP6snQlWImLqGv_0yZg,deerfield-illinois
https://www.ubereats.com/chicago/food-delivery/hakuya-sushi/lzDuWeg9RsC8ntXhX-gLqA,deerfield-illinois
https://www.ubereats.com/chicago/food-delivery/guanajuato-contemporary-mexican-%26-tequila-bar/mQQTq_9eSr6B046GopwlzA,deerfield-illinois
https://www.ubereats.com/chicago/food-delivery/lolas-pizza-palace/XCJbDcTMQSi0pyepXGr02A,deerfield-illinois
https://www.ubereats.com/chicago/food-delivery/chinatown-kitchen/glrBUx1gQFyiSqrH5gUL-Q,deerfield-illinois
https://www.ubereats.com/chicago/food-delivery/twizted-burger-company/SAhDaMKJQMWw0fHXzo0yyA,deerfield-illinois
https://www.ubereats.com/chicago/food-delivery/cinnabon/TKuwYwVsQraqA_XBq-35zA,deerfield-illinois
https://www.ubereats.com/chicago/food-delivery/idof-i-dream-of-falafel-vernon-hills/VFC7GhjYQxm4wMJGojivhg,deerfield-illinois
https://www.ubereats.com/chicago/food-delivery/dagostinos-pizza-%26-pub-wheeling/h_AFmC_5StGuidXjcpFWVg,deerfield-illinois
https://www.ubereats.com/chicago/food-delivery/dolce-italian-restaurant-arlington-heights-rd/uITvr_k0RAuE-CrVQnCXvQ,deerfield-illinois
https://www.ubereats.com/chicago/food-delivery/shalom-kosher-bakery/znv5gDp-QDOcRCeBMqqiYQ,deerfield-illinois
https://www.ubereats.com/chicago/food-delivery/bonta/Cdk5bjzoReGtviFDGJ7pZQ,deerfield-illinois
https://www.ubereats.com/chicago/food-delivery/grandmas-cool-breakfast/5CCs_bZKRgGreS-7G60ylA,deerfield-illinois
https://www.ubereats.com/chicago/food-delivery/slyce-coal-fired-pizza-highwood/QBBC1NSnTWi-W2_Yu-b6hA,deerfield-illinois
https://www.ubereats.com/chicago/food-delivery/cold-stone-creamery-281-w-townline-rd-ste-110/dbZE_mAHQ76vORf0NXDirw,deerfield-illinois
https://www.ubereats.com/chicago/food-delivery/starbucks-2745-pfingsten-rd-plaza-del-prado/ti2PvIeFTrefele1vZBjAQ,deerfield-illinois
https://www.ubereats.com/chicago/food-delivery/dunkin-1410-waukegan-rd-suite-180/PZbeGZt5QZuf8JE_kfVVDg,deerfield-illinois
https://www.ubereats.com/chicago/food-delivery/simply-thai/JD5dLufcRK-LcpYYVNeI7A,deerfield-illinois
https://www.ubereats.com/chicago/food-delivery/taco-bell-9870-n-milwaukee/JxPQx3LMScOmnk_4nj9c8g,deerfield-illinois
https://www.ubereats.com/chicago/food-delivery/avli-restaurant/sHxenARcTmmO2upTec9KOA,deerfield-illinois
https://www.ubereats.com/chicago/food-delivery/subway-2335-willow-rd/Dt547218QSOvMi3xDy0eBw,deerfield-illinois
https://www.ubereats.com/chicago/food-delivery/yannis/msj7MjA5SRqsPtbRY3FDFg,deerfield-illinois
https://www.ubereats.com/chicago/food-delivery/mcdonalds-lake-cook-%26-weiland/qW1vAcDuRj6JdNCquii7RQ,deerfield-illinois
https://www.ubereats.com/chicago/food-delivery/la-michoacana-premium/jshU1tesTQ2IXMfa6E0DHg,deerfield-illinois
https://www.ubereats.com/chicago/food-delivery/palamuru-grill/k-loo1TKQKCiDDBjFrz09Q,deerfield-illinois
https://www.ubereats.com/chicago/food-delivery/panda-express-122-hawthorn-center-dr/CjQXKCskSgya2K_OGOpMRQ,deerfield-illinois
https://www.ubereats.com/chicago/food-delivery/emersons-ale-house/DjNxcoQ5QAS7p8egz-ZbvA,deerfield-illinois
https://www.ubereats.com/chicago/food-delivery/starbucks-aptakisic-%26-buffalo-grove-rd/G2rVtIFAQ_ilh-4PzIpz5Q,deerfield-illinois
https://www.ubereats.com/chicago/food-delivery/zocalo-bar-%26-grill-co/e4BCoYRIQtaDwBgvE4587A,deerfield-illinois
https://www.ubereats.com/chicago/food-delivery/honey-biscuit-breakfast/eOQwtkutRNGeeqMi4KeLfg,deerfield-illinois
https://www.ubereats.com/chicago/food-delivery/starbucks-1849-green-bay-rd-renaissance-place/jLglY5XBRt24pvXTcfrxnA,deerfield-illinois
https://www.ubereats.com/chicago/food-delivery/potbelly-sandwich-shop-northbrook-%7C-158/AIz63hZvR8iO19x4EpPBhg,deerfield-illinois
https://www.ubereats.com/chicago/food-delivery/bombay-veggie-grill/8szSDbj5QlmDGZkNi5Ps3g,deerfield-illinois
https://www.ubereats.com/chicago/food-delivery/mcdonalds-1st-st-%26-elm/9YPw7zoMTW6eFsqOU44mOA,deerfield-illinois
https://www.ubereats.com/chicago/food-delivery/marigold-maison/6h0CPsIDTLOyHEWNqeHCKQ,deerfield-illinois
https://www.ubereats.com/chicago/food-delivery/five-guys-il-0551-3232-lake-ave/sutZkN4bTJOIiROLaV6J7A,deerfield-illinois
https://www.ubereats.com/chicago/food-delivery/salernos-pizzeria-%26-eatery-mt-prospect/gB99ORNiStaZWOCvqbrymQ,deerfield-illinois
https://www.ubereats.com/chicago/food-delivery/salsa-street-mexican-restaurant-%26-cantina-palatine/rm3Qgy21S46PdC-5pLoLfw,deerfield-illinois
https://www.ubereats.com/chicago/food-delivery/ravinia-brewing-company/d1i497D-Q0CXeHSTcD3QFQ,deerfield-illinois
https://www.ubereats.com/chicago/food-delivery/chipotle-mexican-grill-945-rockland-rd-ste-a/P1zHovmPRbi4-mIMAb5Aaw,deerfield-illinois
https://www.ubereats.com/chicago/food-delivery/mcdonalds-waukegan-%26-lake-cook/RKWn_sTZQx-NZJx2Y1A5OA,deerfield-illinois
https://www.ubereats.com/chicago/food-delivery/flemings-prime-steakhouse-%26-wine-bar-lincolnshire/cKuT4iHTR7S1-0AtiLK1Wg,deerfield-illinois
https://www.ubereats.com/chicago/food-delivery/sushi-kushi-san-3/sfDv0Ez_Say2_ujNwTKDwA,deerfield-illinois
https://www.ubereats.com/chicago/food-delivery/little-lans/uwbADw15SWmohugIgl-WUQ,deerfield-illinois
https://www.ubereats.com/chicago/food-delivery/ra-sushi-150-n-milwaukee-avenue/xE8r3EWzTHG4ZKAjFK6MZA,deerfield-illinois
https://www.ubereats.com/chicago/food-delivery/dunkin-215-e-dundee-rd/vE7dagkITJyYDpYL5RYAyg,deerfield-illinois
https://www.ubereats.com/chicago/food-delivery/jade-cafe-cuisine/avHfEFiDSlWbP3HXgUf4Cg,deerfield-illinois
https://www.ubereats.com/chicago/food-delivery/superdawg-drive-in-wheeling/KEznGN_qTSiihn3zSVTZog,deerfield-illinois
https://www.ubereats.com/chicago/food-delivery/chipotle-mexican-grill-2341-willow-rd/CZSCC5-vQuq-rp8ynHdCVg,deerfield-illinois
https://www.ubereats.com/chicago/food-delivery/tugo-tea-house/HuinBnLQSISAZoL8YkJFSw,deerfield-illinois
https://www.ubereats.com/chicago/food-delivery/fairgrounds-coffee-%26-tea-vernon-hills/f4t_N1A1Tzq7Sw1SlCwuXQ,deerfield-illinois
https://www.ubereats.com/chicago/food-delivery/valley-lodge/UKbMYxMST_2-koPR74oVfA,deerfield-illinois
https://www.ubereats.com/chicago/food-delivery/nachos-tacos-place/cwZbJNIxT7O-VBpsGzPo4Q,deerfield-illinois
https://www.ubereats.com/chicago/food-delivery/otooles-of-libertyville/H-UnFsveT8mOHznqsPu_7A,deerfield-illinois
https://www.ubereats.com/chicago/food-delivery/dunkin-1750-milwaukee-ave/PCUW_sHvR4SVLctPl-MKlg,deerfield-illinois
https://www.ubereats.com/chicago/food-delivery/your-pie-pizza-glenview/fM9Zu20GRruh0m_AkYXa6w,deerfield-illinois
https://www.ubereats.com/chicago/food-delivery/disotto/1sy4Gl-WTjGPpi8TDDbzKA,deerfield-illinois
https://www.ubereats.com/chicago/food-delivery/chipotle-mexican-grill-3846-willow-road/ylAJswdKTaS7mDTidVj8ng,deerfield-illinois
https://www.ubereats.com/chicago/food-delivery/casa-de-isaac/9LCk8nanRpWyT7kfuPekzw,deerfield-illinois
https://www.ubereats.com/chicago/food-delivery/starbucks-sheridan-rd-%26-old-elm-highwood/kBCquxhERm-f4Kw62rFQ2w,deerfield-illinois
https://www.ubereats.com/chicago/food-delivery/mortons-the-steakhouse-699-skokie-blvd/Yw7sn_wlQ3i2dpcuhFvWXQ,deerfield-illinois
https://www.ubereats.com/chicago/food-delivery/lao-sze-chuan-highland-park/Zecq3eNySzqZBOEtGf5e2Q,deerfield-illinois
https://www.ubereats.com/chicago/food-delivery/panda-express-13783-w-oasis-service-rd-space-%23113b/sakqGgEnQLyOfiWJupYDUA,deerfield-illinois
https://www.ubereats.com/chicago/food-delivery/dunkin-245-mchenry-rd/sV8iZ5nWQwGHwSpq5IUutQ,deerfield-illinois
https://www.ubereats.com/chicago/food-delivery/the-juicer/C_vkXQyMSN6KvTf1orINjg,deerfield-illinois
https://www.ubereats.com/chicago/food-delivery/the-port-of-peri-peri-buffalo-grove/OSv1y-SzTgucse35UiehLg,deerfield-illinois
https://www.ubereats.com/chicago/food-delivery/tacos-el-norte-palatine/DVnz4KKjSaSHtyxQiKvJkw,deerfield-illinois
https://www.ubereats.com/chicago/food-delivery/pancetta-regional-kitchen-%2B-bar/h11RP0gCQC2m9Y0GZnkLag,deerfield-illinois
https://www.ubereats.com/chicago/food-delivery/la-casa-de-isaac-%26-moishe/FC63HKUdTrmYuwPs3ZEzOw,deerfield-illinois
https://www.ubereats.com/chicago/food-delivery/jets-pizza-wheeling/4jlJPoBoTT6HH_-4xV4N7A,deerfield-illinois
https://www.ubereats.com/chicago/food-delivery/dairy-queen-treat-702-s-buffalo-grove-rd/607cVyV5QT2nChSH-uaDUw,deerfield-illinois
https://www.ubereats.com/chicago/food-delivery/the-left-bank/EzloWImuRRezfGkLrHA66w,deerfield-illinois
https://www.ubereats.com/chicago/food-delivery/cafe-zupas-1590-e-lake-cook-rd/4GGJE2SyRvOo2kz34OyAvQ,deerfield-illinois
https://www.ubereats.com/chicago/food-delivery/flambe-india/Bo8rbiczRo20dqT6_fUp-Q,deerfield-illinois
https://www.ubereats.com/chicago/food-delivery/subway-kensington/7oP-cFujR92Fk1BObfwoUw,deerfield-illinois
https://www.ubereats.com/chicago/food-delivery/city-works-wheeling/USzxZpqlSmO96JPkkWIHmw,deerfield-illinois
https://www.ubereats.com/chicago/food-delivery/tacos-el-norte/9cIhyxEGTziBkMNKC8nkEg,deerfield-illinois
https://www.ubereats.com/chicago/food-delivery/garden-berry-cafe/Ltpke1ICS56xQrhvtnvruw,deerfield-illinois
https://www.ubereats.com/chicago/food-delivery/kuro-bistro/vJa7BSGHTcu5HRwmsvVVGQ,deerfield-illinois
https://www.ubereats.com/chicago/food-delivery/tortorices-pizza-buffalo-grove/bdnojI8uQQSH4-xe6gozOw,deerfield-illinois
https://www.ubereats.com/chicago/food-delivery/potbelly-sandwich-shop-lake-bluff-dt-%7C-381/Bw2fAwLCQOW3DSBDURJtNg,deerfield-illinois
https://www.ubereats.com/chicago/food-delivery/coffeessions/6cU5ui72TpufR0CSYcEyUg,deerfield-illinois
https://www.ubereats.com/chicago/food-delivery/dunkin-1301-n-wolf-rd/ItIqIoAPS923mG5e0Q8quw,deerfield-illinois
https://www.ubereats.com/chicago/food-delivery/wildfish-sushi/Zmr1bnToSiiPW2AW_zkbaw,deerfield-illinois
https://www.ubereats.com/chicago/food-delivery/clayoven-tandoor-indian-grill-%26-bar/Awk347l-TwysdTrFUi1b4Q,deerfield-illinois
https://www.ubereats.com/chicago/food-delivery/tonys-subs/jc8_P3ZmSwemf1FoC2PKuA,deerfield-illinois
https://www.ubereats.com/chicago/food-delivery/dunkin-13783-w-oasis-service-rd-mobil-gas-station/4klRzH_VRMSVaqzGv3OqyQ,deerfield-illinois
https://www.ubereats.com/chicago/food-delivery/players-grill/4eMgi858Q5WzG1ewYIgRQw,deerfield-illinois
https://www.ubereats.com/chicago/food-delivery/shake-shack-864-e-townline-rd/u6j4KUUNTZ2bb9JhVdx9rg,deerfield-illinois
https://www.ubereats.com/chicago/food-delivery/dunkin-749-n-milwaukee-ave-c-100/_ZrYhD4bTJupjEVMMVpGWQ,deerfield-illinois
https://www.ubereats.com/chicago/food-delivery/pavilion-restaurant-%26-lounge/fPGU6Ce9Rau5scbIxjN68A,deerfield-illinois
https://www.ubereats.com/chicago/food-delivery/portillos-hot-dogs-700-lake-cook-rd/ZBc9C7HBSE2_UDjMji3Xdw,deerfield-illinois
https://www.ubereats.com/chicago/food-delivery/jersey-mikes-subs-rand-%26-arlington-heights/xaZnYHowTc-3Gi_vK5dfng,deerfield-illinois
https://www.ubereats.com/chicago/food-delivery/panera-1211-half-day-road/Ey4GKMhGT7e-Ug9NzT51Aw,deerfield-illinois
https://www.ubereats.com/chicago/food-delivery/dunkin-1996-2nd-st/e_-4qgTqQFeHmZNbMM2CSQ,deerfield-illinois
https://www.ubereats.com/chicago/food-delivery/viaggio-restaurant/xNYiE2t4TkukoPepMm16UQ,deerfield-illinois
https://www.ubereats.com/chicago/food-delivery/subway-70-s-waukegan-rd/MV9ZIz_sQl6YMQ7S19f54A,deerfield-illinois
https://www.ubereats.com/chicago/food-delivery/choong-man-chicken/us62qX0eThGmtBYsk-EdJA,deerfield-illinois
https://www.ubereats.com/chicago/food-delivery/chicken-ati-atihan-grill-and-restaurant/GrKEB80-RBaIWGom2EDBeQ,deerfield-illinois
https://www.ubereats.com/chicago/food-delivery/halsted-street-deli/k6XeKC0fSxi4dtUtpTxBiA,deerfield-illinois
https://www.ubereats.com/chicago/food-delivery/browns-chicken-northbrook/LvHSGUB5RUqVOh8xQwhoMw,deerfield-illinois
https://www.ubereats.com/chicago/food-delivery/little-louies/dlFnvYdjT0-qsj5tlsTsmA,deerfield-illinois
https://www.ubereats.com/chicago/food-delivery/potbelly-sandwich-shop-highland-park-%7C-42/ynAMY3lgR7SJrLZaucDYaQ,deerfield-illinois
https://www.ubereats.com/chicago/food-delivery/rosatis-pizza-bannockburn/SIfkj5e7T1-frWhs8Vst1g,deerfield-illinois
https://www.ubereats.com/chicago/food-delivery/las-fuentes-restaurantwaukegan-rd/8PsW3bZMQpKb8NypKBd_Aw,deerfield-illinois
https://www.ubereats.com/chicago/food-delivery/el-tradicional-mexican-restaurant-%26-cantina/cyjdIQh2T5-kawIYnG-dgw,deerfield-illinois
https://www.ubereats.com/chicago/food-delivery/joanies-pizzeria-of-long-grove/mljPck1fRt2ueA0wsFcMXg,deerfield-illinois
https://www.ubereats.com/chicago/food-delivery/bake-homemade-pizza-e-deerpath/xDdI48GuQ9i6yLGBH-qn0A,deerfield-illinois
https://www.ubereats.com/chicago/food-delivery/chipotle-mexican-grill-375-n-milwaukee-ave-ste-100/ZHRoy83vT5Sr4_lGmeY2RA,deerfield-illinois
https://www.ubereats.com/chicago/food-delivery/hyderabad-house/jajENJ8dRNG2WQC13WPApA,deerfield-illinois
https://www.ubereats.com/chicago/food-delivery/cluckers-charcoal-chicken/LVLJDN3tQm24O5IyRlXXGw,deerfield-illinois
https://www.ubereats.com/chicago/food-delivery/wiener-take-all/h2AAdpTCS5q7dGEaIP0LGw,deerfield-illinois
https://www.ubereats.com/chicago/food-delivery/chipotle-mexican-grill-786-skokie-blvd/EjYoBSSXQ3KuLwlNvsH7rA,deerfield-illinois
https://www.ubereats.com/chicago/food-delivery/wild-pita/rJeMm1vhS6qhxx5jXWgG5A,deerfield-illinois
https://www.ubereats.com/chicago/food-delivery/himalayan-restaurant-niles/IzLIUZ1jQcqZtr2cntnJsw,deerfield-illinois
https://www.ubereats.com/chicago/food-delivery/golden-kitchen-butterfield/r-F8QtA3TlqTL3zJLm3CYw,deerfield-illinois
https://www.ubereats.com/chicago/food-delivery/house-of-music-and-entertainment-homebar/UcymPWZUTC65a6dQiDqUAw,deerfield-illinois
https://www.ubereats.com/chicago/food-delivery/bo-bos-gyros-and-hot-dogs/A-w_tMW0Qdm4DrrRsVyreA,deerfield-illinois
https://www.ubereats.com/chicago/food-delivery/foodhaul-glenview/76RIIBsOQfeA4X_3pUGgFg,deerfield-illinois
https://www.ubereats.com/chicago/food-delivery/tap-house-grill-wheeling/Z6U-vjgLQxWClfmzu4UsCw,deerfield-illinois
https://www.ubereats.com/chicago/food-delivery/zoup!-2743-pfingsten-rd/Eg7tUyNrQbiy1jpKEpB5Dg,deerfield-illinois
https://www.ubereats.com/chicago/food-delivery/kfc-700-n-milwaukee-ave/DrEYe75jRu20TVVQEgE_yg,deerfield-illinois
https://www.ubereats.com/chicago/food-delivery/meatheads-northbrook/pLoes1-aQ2e3EFQkYu7HiQ,deerfield-illinois
https://www.ubereats.com/chicago/food-delivery/kebabs%26burgers/_H6bcuUoRPOPiy5ij685dw,deerfield-illinois
https://www.ubereats.com/chicago/food-delivery/el-famous-burrito-wheeling/VA-Ry5TBS7maHuWcXudT1A,deerfield-illinois
https://www.ubereats.com/chicago/food-delivery/loves-yogurt-plaza-del-prado/6VXgSmVjT6Cm3ocwTgR_jA,deerfield-illinois
https://www.ubereats.com/chicago/food-delivery/aroma-indian-cuisine/sYgWsIjvRC6Kkp9Rc0xYLg,deerfield-illinois
https://www.ubereats.com/chicago/food-delivery/starbucks-347-park-avenue-glencoe/dMewJ1zXTwuNZie_o3GgAw,deerfield-illinois
https://www.ubereats.com/chicago/food-delivery/isaac-%26-moishes-deli/D7xn15NpRTWebFxpqkq9ww,deerfield-illinois
https://www.ubereats.com/chicago/food-delivery/upper-crust-bagels/DSLHQm2_Tv6HtOUc4LpMFA,deerfield-illinois
https://www.ubereats.com/chicago/food-delivery/the-claim-company-of-vernon-hills/XgRjDch6T9Wq1DWZboJODg,deerfield-illinois
https://www.ubereats.com/chicago/food-delivery/potbelly-sandwich-shop-willow-festival-%7C-159/xwabsYJrTtagDP40YYxJYQ,deerfield-illinois
https://www.ubereats.com/chicago/food-delivery/galaxy-gaming-lounge-%26-cafe/x5IYZWJRTL-gsYBKIL51oQ,deerfield-illinois
https://www.ubereats.com/chicago/food-delivery/starbucks-243-n-skokie-blvd-village-square/VE34_6zmT4GLAJ0F4QPFdA,deerfield-illinois
https://www.ubereats.com/chicago/food-delivery/wing-squad-wheeling/mBCOw394SJqxJ4ntOuQb6Q,deerfield-illinois
https://www.ubereats.com/chicago/food-delivery/uptown-burgers/e-YCdmb9RJKp-t7aPWDs1Q,deerfield-illinois
https://www.ubereats.com/chicago/food-delivery/katies-kitchen/iZlYiRDsS-SEswolusUopg,deerfield-illinois
https://www.ubereats.com/chicago/food-delivery/subway-185-nmilwaukee-ave-suite-110/H6KIrTT4RjOxik2OC7bTYw,deerfield-illinois
https://www.ubereats.com/chicago/food-delivery/panda-express-dundee-%26-milwaukee/YLi46VYgSlu2c-iaE23RWg,deerfield-illinois
https://www.ubereats.com/chicago/food-delivery/cafe-zupas-887-n-milwaukee-ave/zwpEtt3DQmiRQPXzjS6a2Q,deerfield-illinois
https://www.ubereats.com/chicago/food-delivery/backyard-grill-2nd-st-%26-central/CVNaN0RtS8W66T7u0EPL2w,deerfield-illinois
https://www.ubereats.com/chicago/food-delivery/pastabilities/-PBP-jbIRe68PF-6UTm9pA,deerfield-illinois
https://www.ubereats.com/chicago/food-delivery/dunkin-1169-n-old-mchenry-rd-suite-120a/D0MkOUvnTkivzjbFv48rvw,deerfield-illinois
https://www.ubereats.com/chicago/food-delivery/mcdonalds-dundee-%26-old-arlington-heights/n6KdLLX3TFG2uAyblM77RA,deerfield-illinois
https://www.ubereats.com/chicago/food-delivery/graeters-ice-cream-winnetka/ToiQ9K2oReCKfFOdRli3UQ,deerfield-illinois
https://www.ubereats.com/chicago/food-delivery/dear-franks/HO-Y9MUnQTy6tE5XQgnHpA,deerfield-illinois
https://www.ubereats.com/chicago/food-delivery/pita-inn-wheeling/E7rzaFa2RNyRjeIwyUQhDg,deerfield-illinois
https://www.ubereats.com/chicago/food-delivery/melt-gelato-%26-crepe-caffe/idANke7uRXm9ZFb0xWkGbw,deerfield-illinois
https://www.ubereats.com/chicago/food-delivery/jersey-mikes-subs-milwaukee-%26-greggs/Rd2jxwmnSWG962Q0ZyWzEg,deerfield-illinois
