url,city
https://www.ubereats.com/columbus/food-delivery/bob-evans-481-9891-brewster-lane/4NsA14NVTseL9Zf-Jo4xyw,delaware-ohio
https://www.ubereats.com/columbus/food-delivery/rise-pies-south-wilson/gU_FK_emTE6pRHSIc3UmIA,delaware-ohio
https://www.ubereats.com/columbus/food-delivery/buffalo-wings-%26-rings-8661-columbus-pike/aRhd16PeSnqlRaenCQKI5A,delaware-ohio
https://www.ubereats.com/columbus/food-delivery/wendys-185-south-sandusky-street/S7yPqmeKQCSCYoICUaebtA,delaware-ohio
https://www.ubereats.com/columbus/food-delivery/kfc-1300-cameron-avenue/mCsJHjkNSF6mJzePBlVhqQ,delaware-ohio
https://www.ubereats.com/columbus/food-delivery/firebirds-wood-fired-grill-8760-sancus-blvd/Qz35_gKBQaSbNncRPwExYg,delaware-ohio
https://www.ubereats.com/columbus/food-delivery/cake-walk-indian-restaurant-%26-bakery-lewis-center/HAdw8GsTSV2fQ4s9Tb_RIw,delaware-ohio
https://www.ubereats.com/columbus/food-delivery/tim-hortons-3700-discovery-ln/QTeNyS5ETbGJpPhORe6M9Q,delaware-ohio
https://www.ubereats.com/columbus/food-delivery/cake-walk-indian-restaurant-and-bakery/Ews_v33LSwO12twe4KJ5AA,delaware-ohio
https://www.ubereats.com/columbus/food-delivery/chipotle-mexican-grill-8695-owenfield-dr/m5tSQ8riTNWjK55o4w_Y1w,delaware-ohio
https://www.ubereats.com/columbus/food-delivery/bjs-restaurant-%26-brewhouse-1414-polaris-parkway/s-Asof-0Q0-O3KmgvNUV9g,delaware-ohio
https://www.ubereats.com/columbus/food-delivery/burger-king-1034-sr-37-west/RkVdES3wQpOd6OAEXfeXBg,delaware-ohio
https://www.ubereats.com/columbus/food-delivery/the-porch/IboG0xbFS4mdXShm1neLsg,delaware-ohio
https://www.ubereats.com/columbus/food-delivery/taco-bell-1167-columbus-pike/W48cudGURzWXa6IdIB3HlQ,delaware-ohio
https://www.ubereats.com/columbus/food-delivery/donatos-pizza-122-s-sandusky-st/6DotOWBERhefH9y6e6Yvrw,delaware-ohio
https://www.ubereats.com/columbus/food-delivery/tim-hortons-9037-owenfield-dr/aVDmSK7DR8yvnMhb37rgFQ,delaware-ohio
https://www.ubereats.com/columbus/food-delivery/jersey-mikes-subs/pMIlbPpxSRGGM-NMH2HtOg,delaware-ohio
https://www.ubereats.com/columbus/food-delivery/cracker-barrel-old-country-store-60-fourwinds-drive/UUMhXm9mTXOl6xpb371YIA,delaware-ohio
https://www.ubereats.com/columbus/food-delivery/j-gumbos%3A-delaware/974wljMOSTSfqUWOiyUN5A,delaware-ohio
https://www.ubereats.com/columbus/food-delivery/buffalo-wild-wings-475-n-houk-rd/9YydlHxESN6VlPCvRbKpUw,delaware-ohio
https://www.ubereats.com/columbus/food-delivery/steak-n-shake-8800-owenfield-drive/msePE1_oSeOd3kMNTuUgtQ,delaware-ohio
https://www.ubereats.com/columbus/food-delivery/subway-840-sunbury-rd/F7hL26onQCi8efpOLgAR7A,delaware-ohio
https://www.ubereats.com/columbus/food-delivery/poke-bros-1065-gemini-pl/6bl-_iSMT_KiyY1zIDrbyA,delaware-ohio
https://www.ubereats.com/columbus/food-delivery/victors-taco-shop/dbxMHKd-Sbidp742Miegyw,delaware-ohio
https://www.ubereats.com/columbus/food-delivery/yabos-tacos-w-powell/ZUj7Y78ARfCKYcZWKd8tjw,delaware-ohio
https://www.ubereats.com/columbus/food-delivery/corner-bakery-cafe-1478-gemini-pl/_F1T3ON7SLiVPP9z93RAew,delaware-ohio
https://www.ubereats.com/columbus/food-delivery/benihana-8781-lyra-dr/w5ZinDSoTk-OLblaIRusmA,delaware-ohio
https://www.ubereats.com/columbus/food-delivery/wendys-1850-columbus-pike/Tn17dlExRU-LCZH6kJonMA,delaware-ohio
https://www.ubereats.com/columbus/food-delivery/el-vaquero-dublin-rd/wxJ_9QKST9SkUeABla3Zrw,delaware-ohio
https://www.ubereats.com/columbus/food-delivery/five-guys-oh-1392-8607-columbus-pike/l01r96b6RfOkvg6SlqtvVA,delaware-ohio
https://www.ubereats.com/columbus/food-delivery/buffalo-wild-wings-807-polaris-pkwy/18bJXqOvQMqXwAz1BczFCg,delaware-ohio
https://www.ubereats.com/columbus/food-delivery/the-fat-girl-bakery/1Al72ACHTiW61l-ZOUzQxQ,delaware-ohio
https://www.ubereats.com/columbus/food-delivery/dennys-7735-state-rd-rt-37/VD1CaxI0R9OXxceE2yloXQ,delaware-ohio
https://www.ubereats.com/columbus/food-delivery/subway-1147-columbus-pike/0S6MlRS0QoKYF-RMsPRpvw,delaware-ohio
https://www.ubereats.com/columbus/food-delivery/buffalo-wild-wings-3878-attucks-dr/y0YNo4qSSJO1q2Evosqzeg,delaware-ohio
https://www.ubereats.com/columbus/food-delivery/chipotle-mexican-grill-9733-sawmill-pkwy/MRSSUWBxQYGVMJkmapLMBg,delaware-ohio
https://www.ubereats.com/columbus/food-delivery/bob-evans-394-46-hornbeam-lane/cszz--fDTFWJzUnBCkSn8w,delaware-ohio
https://www.ubereats.com/columbus/food-delivery/tim-hortons-89-wwilliam-st/PDyAjLkvT5KVRDCOwstzEw,delaware-ohio
https://www.ubereats.com/columbus/food-delivery/tim-hortons-8333-north-high-st/SVr-oFzORyWpmfs8ivPvxA,delaware-ohio
https://www.ubereats.com/columbus/food-delivery/mcdonalds-279-s-sandusky-st/Yg0ZLEJgTTquGRkuWEXD6g,delaware-ohio
https://www.ubereats.com/columbus/food-delivery/bob-evans-193-1301-columbus-pike/gkFTp18TQ2Onan0w-mbJdg,delaware-ohio
https://www.ubereats.com/columbus/food-delivery/panda-express-1388-gemini-place-gemini-place-towne-center/kLth62wZR1SqPm7aQ9llVA,delaware-ohio
https://www.ubereats.com/columbus/food-delivery/mellow-mushroom-polaris/bB6GayAPSJukFqnE3uyFaQ,delaware-ohio
https://www.ubereats.com/columbus/food-delivery/mod-pizza-polaris/OMQP-eQUTpKC0OLSeA3jHw,delaware-ohio
https://www.ubereats.com/columbus/food-delivery/kfc-134-south-sandusky-street/ELoZ7FMYTn6XGvUorkWZuw,delaware-ohio
https://www.ubereats.com/columbus/food-delivery/starbucks-delaware-ohio/QyTQVLYBS9-C9dbScpdRpA,delaware-ohio
https://www.ubereats.com/columbus/food-delivery/101-beer-kitchen-westerville/WwhV0_6gSviTW_-WL62zyA,delaware-ohio
https://www.ubereats.com/columbus/food-delivery/be-fit-cafe-powell/aJhbx6EDQMuMqSVPJQYBlA,delaware-ohio
https://www.ubereats.com/columbus/food-delivery/arbys-8673-columbus-pike/Szzc7txeTv65qtdlfW8zcg,delaware-ohio
https://www.ubereats.com/columbus/food-delivery/smashburger-8715-owenfield-dr/w5O1Tps3R7qXfJydnqha0Q,delaware-ohio
https://www.ubereats.com/columbus/food-delivery/9605-bonefish-grill-1930-polaris-pkwy/8fcfNoKySCa8tFgnkJBbPA,delaware-ohio
https://www.ubereats.com/columbus/food-delivery/jets-pizza-lewis-center/g3GQHbwjQva7vl84SvVC6Q,delaware-ohio
https://www.ubereats.com/columbus/food-delivery/subway-1760-columbus-pike/iNvB_fXPSpOFrRk2puk6EA,delaware-ohio
https://www.ubereats.com/columbus/food-delivery/azteca-mexican-grill/G1V0Se_dQiyOeGPK4z_DTw,delaware-ohio
https://www.ubereats.com/columbus/food-delivery/krispy-kreme-polaris-pkwy-%26-gemini-pkwy/drOrp8udSwqb0ATbO1w84Q,delaware-ohio
https://www.ubereats.com/columbus/food-delivery/real-deal-grill-llc/JAZtVsjxRn-oqOs6grGw1Q,delaware-ohio
https://www.ubereats.com/columbus/food-delivery/hamburger-inn-diner/-_ca6acDQ66vZh1wFGOcRg,delaware-ohio
https://www.ubereats.com/columbus/food-delivery/vaqueros-restaurant/fBasayX9TXGF_4Fco6Gc_Q,delaware-ohio
https://www.ubereats.com/columbus/food-delivery/subway-6445-pullman-dr/OFZDiIhGSrWLbendwbSQ-g,delaware-ohio
https://www.ubereats.com/columbus/food-delivery/mcdonalds-608-w-central-ave/G5PdB_BVTCKtiybuR7NNwQ,delaware-ohio
https://www.ubereats.com/columbus/food-delivery/chipotle-mexican-grill-1140-polaris-pkwy/J43u1sS4TXSZkqasGX8UtA,delaware-ohio
https://www.ubereats.com/columbus/food-delivery/chipotle-mexican-grill-1710-columbus-pike-ste-220/288VM0nTRvuWdcM-JzOLHA,delaware-ohio
https://www.ubereats.com/columbus/food-delivery/the-warehouse-delaware/ckyGuP1jSVqWT8hDb2SK9w,delaware-ohio
https://www.ubereats.com/columbus/food-delivery/papa-johns-108-south-sandusky/YYoFRPdeRtCOCzo-cUuWlQ,delaware-ohio
https://www.ubereats.com/columbus/food-delivery/jets-pizza-26-troy-rd/SQG2aDU1Q1up98RbaKCN6g,delaware-ohio
https://www.ubereats.com/columbus/food-delivery/hot-head-burritos-26-north-sandusky-st/i2xvLxL8S6-DjDmXuQ3tXg,delaware-ohio
https://www.ubereats.com/columbus/food-delivery/tropical-smoothie-cafe-9733-sawmill-parkway/oFWYQn9lRfaNLqTKCJv_OA,delaware-ohio
https://www.ubereats.com/columbus/food-delivery/burger-king-168-s-sandusky-street/8OdaJdytS9WEJT94nAb7SA,delaware-ohio
https://www.ubereats.com/columbus/food-delivery/papa-johns-8730-moreland-drive/2DdT4z7tSv65iovdq8PGpA,delaware-ohio
https://www.ubereats.com/columbus/food-delivery/subway-16-south-sandusky/lxevczgYR8uSAwLGztfwlw,delaware-ohio
https://www.ubereats.com/columbus/food-delivery/corner-cafe-restaurant/S4VvQCAiS6uBP-QfgdIIYg,delaware-ohio
https://www.ubereats.com/columbus/food-delivery/panera-204786/dUVJPNTyToyPpiO7JQEcqg,delaware-ohio
https://www.ubereats.com/columbus/food-delivery/california-pizza-kitchen-1500-polaris-pkwy-sp%231238/zGQJJqGBTySWxdYxTfaslg,delaware-ohio
