url,city
https://www.ubereats.com/new-jersey/food-delivery/lao-ma-spicy/0GGo6yWTSsWmAxHVa951SQ,demarest-new-jersey
https://www.ubereats.com/new-jersey/food-delivery/glaze-donuts/nFFtF26sS_WKHefScAbqoQ,demarest-new-jersey
https://www.ubereats.com/new-jersey/food-delivery/fairmount-eats/z_X0IdESQWmmwmtI5lvQUQ,demarest-new-jersey
https://www.ubereats.com/new-jersey/food-delivery/jersey-mikes-subs-254c-livingston-street/BAuMVunQTL-z0IqmtVgIlA,demarest-new-jersey
https://www.ubereats.com/new-jersey/food-delivery/moes-southwest-grill-271-273-e-livingston-street/c-YNJdMdSVmyRhkgkYp7Uw,demarest-new-jersey
https://www.ubereats.com/new-jersey/food-delivery/deli-xpress/NOPdiLQCRQSxhqbOxTTtcQ,demarest-new-jersey
https://www.ubereats.com/new-jersey/food-delivery/burger-king-162-kinderkamack-road/EgikNQLOSWygzM5rhiT96g,demarest-new-jersey
https://www.ubereats.com/new-jersey/food-delivery/nazca-peruvian-restaurant-%26-bar/jRV7DqQUTLKL1UKJChuQFA,demarest-new-jersey
https://www.ubereats.com/new-jersey/food-delivery/taco185/1ZU4TlUhTkyy5CtyYEN_6w,demarest-new-jersey
https://www.ubereats.com/new-jersey/food-delivery/yalla-teaneck/XV36kuXBSgOGrC6O18Mg9g,demarest-new-jersey
https://www.ubereats.com/new-jersey/food-delivery/dunkin-433-riverdale-ave/Son06029TkGyxndamk0D9A,demarest-new-jersey
https://www.ubereats.com/new-jersey/food-delivery/biggies/txZY9nb2SMOxhSE9oJIsqA,demarest-new-jersey
https://www.ubereats.com/new-jersey/food-delivery/jersey-mikes-464-kinderkamack-rd/K4T6U7iUR0iP8hsOc67lnA,demarest-new-jersey
https://www.ubereats.com/new-jersey/food-delivery/dunkin-754-river-rd/BncFC9mTQ-2DIPsR0VFw7A,demarest-new-jersey
https://www.ubereats.com/new-jersey/food-delivery/tpr-pizzeria/cGetgNmCRRCiFY4mL3iTsg,demarest-new-jersey
https://www.ubereats.com/new-jersey/food-delivery/mikes-delicatessen/Uvf6SOSaTZiyPcgvkzT1DA,demarest-new-jersey
https://www.ubereats.com/new-jersey/food-delivery/kinyobi/bBV9JXmxRRKN4-YHx2Y2kg,demarest-new-jersey
https://www.ubereats.com/new-jersey/food-delivery/empanadas-monumental/heTga7VuQ7imzKrng5vdMQ,demarest-new-jersey
https://www.ubereats.com/new-jersey/food-delivery/off-the-rails/Mz6cz5GqSOqA1VmOj0cAuQ,demarest-new-jersey
https://www.ubereats.com/new-jersey/food-delivery/glaze-donuts/Hb1ykxODRyWhJLzOYnBCwg,demarest-new-jersey
https://www.ubereats.com/new-jersey/food-delivery/jacks-lobster-shack/pIDAWBHKQkGOM-GlteAN3A,demarest-new-jersey
https://www.ubereats.com/new-jersey/food-delivery/grand-%26-essex-market/_ygZecDKS6CetZdwluWNzw,demarest-new-jersey
https://www.ubereats.com/new-jersey/food-delivery/greenhousejuices-and-cafe/gh1_Vn-ZTaWvGh9yXog-Ig,demarest-new-jersey
https://www.ubereats.com/new-jersey/food-delivery/yasou-mykonos/YPBAfV87SZeGgUBLX1FlWQ,demarest-new-jersey
https://www.ubereats.com/new-jersey/food-delivery/coffeecol-arepa-bar-%26-grill/dKYvraSTRu6BKMph--zcSg,demarest-new-jersey
https://www.ubereats.com/new-jersey/food-delivery/aumm-aumm-at-the-brownstone/rcuzkYEfSoeEyElEhSquQg,demarest-new-jersey
https://www.ubereats.com/new-jersey/food-delivery/grandmas-kitchen/yxMWZaSpSkmXO4pSPipM7w,demarest-new-jersey
https://www.ubereats.com/new-jersey/food-delivery/baumgarts-cafe-englewood/Tpi6mTDzQUu3-f0rvcTM-g,demarest-new-jersey
https://www.ubereats.com/new-jersey/food-delivery/a-taste-of-greece/EjgCtKIxQROkZIvfRlnIjw,demarest-new-jersey
https://www.ubereats.com/new-jersey/food-delivery/farmhouse-cafe-and-eatery-cresskill/LY6zi_jwSk-n_thBS7PKcQ,demarest-new-jersey
https://www.ubereats.com/new-jersey/food-delivery/chipotle-mexican-grill-81-e-state-rt-4-ste-101/kEmyzAnbQXuDDHlsLfol3g,demarest-new-jersey
https://www.ubereats.com/new-jersey/food-delivery/midland-deli-%26-grill/YHqOCEClQnSYuIYqjGItKA,demarest-new-jersey
https://www.ubereats.com/new-jersey/food-delivery/blu-sushi/jeNIDHldRbi7beTA0bkEig,demarest-new-jersey
https://www.ubereats.com/new-jersey/food-delivery/chicken-todds/34t6kiVcTjSLB40mK3wRIg,demarest-new-jersey
https://www.ubereats.com/new-jersey/food-delivery/poke-crew/CQhIARXERT6TAzJE2ZpACw,demarest-new-jersey
https://www.ubereats.com/new-jersey/food-delivery/352-riverdale-food-center/dnnQrN6dQk6D2jgdZBZSsA,demarest-new-jersey
https://www.ubereats.com/new-jersey/food-delivery/dunkin-417-washington-ave/npL1GRCKRUWPhEsJR5x6Zg,demarest-new-jersey
https://www.ubereats.com/new-jersey/food-delivery/shake-shack-1-garden-state-plaza/VtrDRk5LSai95-F_F_fyVQ,demarest-new-jersey
https://www.ubereats.com/new-jersey/food-delivery/dunkin-275-s-washington-ave/aShVcpflRlmQLW4a2iMNQQ,demarest-new-jersey
https://www.ubereats.com/new-jersey/food-delivery/linwood-pizza-fort-lee/NwW9saSSSrmJ1EQ62gDM0w,demarest-new-jersey
https://www.ubereats.com/new-jersey/food-delivery/cold-stone-creamery-441-broadway/LlYxQic1T9OHQEOprBK76w,demarest-new-jersey
https://www.ubereats.com/new-jersey/food-delivery/taste-of-jamaica/qQIx5pTmSka2BTh0WCBObg,demarest-new-jersey
https://www.ubereats.com/new-jersey/food-delivery/taco-bell-paramus-park/e5dhAwGXSbiEalbtuygkuw,demarest-new-jersey
https://www.ubereats.com/new-jersey/food-delivery/eun-ha-soo-catering/3tCQ6__ORUmibB5gmBtLog,demarest-new-jersey
https://www.ubereats.com/new-jersey/food-delivery/so-kong-dong-restaurant/BjScad1iSJ--MVj_sb7Ibg,demarest-new-jersey
https://www.ubereats.com/new-jersey/food-delivery/angelos-greek-taverna/CWeScwWoTXuiu9JCdRp9fg,demarest-new-jersey
https://www.ubereats.com/new-jersey/food-delivery/wendys-296-east-route-4/ZsbMOcAcTFyu6R55akHTyQ,demarest-new-jersey
https://www.ubereats.com/new-jersey/food-delivery/blaze-pizza-65-route-4/vOhJ1iGURlCoJZEAzMt0Zw,demarest-new-jersey
https://www.ubereats.com/new-jersey/food-delivery/sarku-japan/pEej4x6XSpacI6utVtoi1A,demarest-new-jersey
https://www.ubereats.com/new-jersey/food-delivery/starfish-cafe/SJcuJxnyTFO4NIn-PQh7Og,demarest-new-jersey
https://www.ubereats.com/new-jersey/food-delivery/the-ice-cream-shop/amKR9iefQbqfH6Gd5Dg9hA,demarest-new-jersey
https://www.ubereats.com/new-jersey/food-delivery/burger-king-250-north-washington-avenue/HClEYA4hTi6H0di6vDC_ng,demarest-new-jersey
https://www.ubereats.com/new-jersey/food-delivery/brisas-englewood/xZb6To3BTty5GAFnrYx0vA,demarest-new-jersey
https://www.ubereats.com/new-jersey/food-delivery/chipotle-mexican-grill-450-hackensack-ave/cUPocu0uQe6KN6uwYzwJ-Q,demarest-new-jersey
https://www.ubereats.com/new-jersey/food-delivery/tavlin/O9TqqjI4TxCT3ufLsYT8Ow,demarest-new-jersey
https://www.ubereats.com/new-jersey/food-delivery/the-iron-horse/PEEyAQVTQQy8uoMUH3buXQ,demarest-new-jersey
https://www.ubereats.com/new-jersey/food-delivery/bareburger-455-chestnut-ridge-rd/BkPCYrRLTLakPOLyfRkCAg,demarest-new-jersey
https://www.ubereats.com/new-jersey/food-delivery/mommas-kitchen/bbjvEJRGSSu-2GWs9XPsiw,demarest-new-jersey
https://www.ubereats.com/new-jersey/food-delivery/coliseum-pizzeria/KqEQcMwCTrefTpHSGjYIdw,demarest-new-jersey
https://www.ubereats.com/new-jersey/food-delivery/dunkin-130-kinderkamack-rd/jiIAtIWtSCywgAILeYfYZg,demarest-new-jersey
https://www.ubereats.com/new-jersey/food-delivery/madison-cafe-%26-grill/a3uA8gmPQASQT50oIz2v-Q,demarest-new-jersey
https://www.ubereats.com/new-jersey/food-delivery/simply-vietnamese/2l7HmoQNSfu1rFJbA8g-Jg,demarest-new-jersey
https://www.ubereats.com/new-jersey/food-delivery/el-valle-restaurant/0FbGWRMyRuCZ3_JRuqLClA,demarest-new-jersey
https://www.ubereats.com/new-jersey/food-delivery/batten-ramen/ldIi4QcuQ1CXCMHuQQe_zQ,demarest-new-jersey
https://www.ubereats.com/new-jersey/food-delivery/playa-bowls-99-westwood-ave/91lC8TjzSW2IUSey7HFLXw,demarest-new-jersey
https://www.ubereats.com/new-jersey/food-delivery/nirvana-indian-kitchen/MYIrl7BFSlGpD9TjsMFRnA,demarest-new-jersey
https://www.ubereats.com/new-jersey/food-delivery/the-rail-yard-tavern/cYJipr6RRpWv5k9WZ5MfFw,demarest-new-jersey
https://www.ubereats.com/new-jersey/food-delivery/samdan/20pQO1YMTX6FyYDyU-r5XA,demarest-new-jersey
https://www.ubereats.com/new-jersey/food-delivery/reggae-kitchen/Nbi6d5TVTsm_s3MJneZb0Q,demarest-new-jersey
https://www.ubereats.com/new-jersey/food-delivery/da-antonio/eX77YzyHRPybD4-RMjSACA,demarest-new-jersey
https://www.ubereats.com/new-jersey/food-delivery/kings-village-food-inside-99-ranch-market/r3VL8TXSTheTCLVi_6WWiQ,demarest-new-jersey
https://www.ubereats.com/new-jersey/food-delivery/the-raw-squeeze/aaXoCb-3QxGpFMX06AZUWg,demarest-new-jersey
https://www.ubereats.com/new-jersey/food-delivery/vish/5K-fgmoNSaSSuGeu9btrPg,demarest-new-jersey
https://www.ubereats.com/new-jersey/food-delivery/hoshitori/LXP2pqIoSNO6DthBb3Gm3w,demarest-new-jersey
https://www.ubereats.com/new-jersey/food-delivery/muk-eun-ji/b1mJP-q4TjiAoXsuinUOUg,demarest-new-jersey
https://www.ubereats.com/new-jersey/food-delivery/sushi-cafe/JQ0LMqiiRIOq7S104uPbiw,demarest-new-jersey
https://www.ubereats.com/new-jersey/food-delivery/the-green-spot-salad-bar/kiWtd2NjSmOuuVSCq4gEig,demarest-new-jersey
https://www.ubereats.com/new-jersey/food-delivery/pizzeria-cafeteria-romana/aClZHt_YQ9im5QKAbDopNQ,demarest-new-jersey
https://www.ubereats.com/new-jersey/food-delivery/carvel-450-hackensack-avenue/dQ1qETOvTjiUfL-qIIi9Rw,demarest-new-jersey
https://www.ubereats.com/new-jersey/food-delivery/starbucks-northvale-nj/MsoQTVsSS7ClIgMpWGevNw,demarest-new-jersey
https://www.ubereats.com/new-jersey/food-delivery/kumo-japanese-cuisine/kka55U8PRt2t15V1kovXKQ,demarest-new-jersey
https://www.ubereats.com/new-jersey/food-delivery/don-chicken/PV9URw3tRyGjDBart3hv1w,demarest-new-jersey
https://www.ubereats.com/new-jersey/food-delivery/subway-5-washington-ave/43pOmmbBS6WSYkRHWF4_Dg,demarest-new-jersey
https://www.ubereats.com/new-jersey/food-delivery/poke-crew/hOXkd_9QRUWLALHwdXKcXw,demarest-new-jersey
https://www.ubereats.com/new-jersey/food-delivery/firehouse-subs-hackensack/RGIzw6rhQo-mLDMzjzCB9Q,demarest-new-jersey
https://www.ubereats.com/new-jersey/food-delivery/mamouns-falafel-paramus/BXeRLIRiTVWSyBAooAaDBA,demarest-new-jersey
https://www.ubereats.com/new-jersey/food-delivery/103-prime-at-valentinos/vCzgR5O0R0SNbL6fr3jxCw,demarest-new-jersey
https://www.ubereats.com/new-jersey/food-delivery/chipotle-mexican-grill-545-route-17-south/4WmEZWeoSQ6gIzTbz_uAdA,demarest-new-jersey
https://www.ubereats.com/new-jersey/food-delivery/istanblue-restaurant/nzgvT2SyRYuCZysXQRhhVg,demarest-new-jersey
https://www.ubereats.com/new-jersey/food-delivery/georges-seafood/C3cvfCdsTfCRSWHPOUzi1w,demarest-new-jersey
https://www.ubereats.com/new-jersey/food-delivery/five-guys-nj-0173-450-hackensack-ave/GsgSJPgYTNyS-ugCeq_3NA,demarest-new-jersey
https://www.ubereats.com/new-jersey/food-delivery/thai-shack/l2HZh8rxRsugifRgomz3Rg,demarest-new-jersey
https://www.ubereats.com/new-jersey/food-delivery/dosa-and-biryani-house/Wp0u3jyCRhO6G3YOzDg5EQ,demarest-new-jersey
https://www.ubereats.com/new-jersey/food-delivery/honeybee-donuts/TPqp1q9oQBe6VJaTyDqvxQ,demarest-new-jersey
https://www.ubereats.com/new-jersey/food-delivery/backstreet-cafe/jlfkWckzTgaJpZw5AK5vew,demarest-new-jersey
https://www.ubereats.com/new-jersey/food-delivery/starbucks-rt-17-south-paramus/GtHC47EOSEO6RmgaNl_GsQ,demarest-new-jersey
https://www.ubereats.com/new-jersey/food-delivery/kfc-hackensack/IswNp6h6RCWvvSD4VKuDnA,demarest-new-jersey
https://www.ubereats.com/new-jersey/food-delivery/the-kebabci-west/G7FUmFwFSuqJpOmtefzzyA,demarest-new-jersey
https://www.ubereats.com/new-jersey/food-delivery/sender-smokehouse/9QSMO5QiRJKlFcrOlBKwqQ,demarest-new-jersey
https://www.ubereats.com/new-jersey/food-delivery/veggie-%2B-englewood/Vz6ie-DbTQWqLneChJ0VWA,demarest-new-jersey
https://www.ubereats.com/new-jersey/food-delivery/bonchon-chicken-184-essex-st/aB62rhebR-CI58xDL41r9A,demarest-new-jersey
https://www.ubereats.com/new-jersey/food-delivery/tabboule/1TcrQh-5TheTnkbpwICXww,demarest-new-jersey
https://www.ubereats.com/new-jersey/food-delivery/tea-garden-washington-ave/alfk5JHHSqGnIvqw5SrMhg,demarest-new-jersey
https://www.ubereats.com/new-jersey/food-delivery/el-tango-argentina-englewood/IVgwqCBBTvq7WS9FSGXoFg,demarest-new-jersey
https://www.ubereats.com/new-jersey/food-delivery/water-bagel-%26-deli/qFx9KaIhSJim-c87G8fO-w,demarest-new-jersey
https://www.ubereats.com/new-jersey/food-delivery/red-bowl/wcVgmIEAS_SxPLibroas2g,demarest-new-jersey
https://www.ubereats.com/new-jersey/food-delivery/englewood-bagels-%26-cafe/vm1zZ52xT3yUBBSFQu4dSA,demarest-new-jersey
https://www.ubereats.com/new-jersey/food-delivery/chipotle-mexican-grill-10-nathaniel-pl/JdqgPVxtSVCDfPjH6UJegg,demarest-new-jersey
https://www.ubereats.com/new-jersey/food-delivery/menya-sandaime-bergen-blvd/ZytwQiO5QaqnxeOMZTrA5w,demarest-new-jersey
https://www.ubereats.com/new-jersey/food-delivery/don-chicken/BMDvm-VeRjGIvJ2GyDgoVw,demarest-new-jersey
https://www.ubereats.com/new-jersey/food-delivery/el-primo/O_dmD2o-RZCQVotSt8hlSA,demarest-new-jersey
https://www.ubereats.com/new-jersey/food-delivery/lets-meat-stekhouse/7iq8yQqpQa2hkwTetkJGug,demarest-new-jersey
https://www.ubereats.com/new-jersey/food-delivery/charleys-philly-steaks-700-paramus-park/t1VBSr11SIasAnsMDdNHSA,demarest-new-jersey
https://www.ubereats.com/new-jersey/food-delivery/cresskill-hot-bagels/NQVSeSwWTxmpklpVIj2cvQ,demarest-new-jersey
https://www.ubereats.com/new-jersey/food-delivery/gyro-king/khpxP4KTQN2WSG7XX-o2bQ,demarest-new-jersey
https://www.ubereats.com/new-jersey/food-delivery/greek-lunch-box/mflKVPlmS-CqeKUGWk39nw,demarest-new-jersey
https://www.ubereats.com/new-jersey/food-delivery/eons-greek-food-for-life-montvale/uCApu5HbQzGARQuXJ-Pv9A,demarest-new-jersey
https://www.ubereats.com/new-jersey/food-delivery/fonda-5-de-mayo/Ie-fmns7TieEfhToCv9DjQ,demarest-new-jersey
https://www.ubereats.com/new-jersey/food-delivery/goldsteins-gourmet-sandwiches/8YOGN9V9RiKyHVI7i7_l8A,demarest-new-jersey
https://www.ubereats.com/new-jersey/food-delivery/playa-bowls-ridgewood/0JiG-WzSRriAc5yfMDJrXg,demarest-new-jersey
https://www.ubereats.com/new-jersey/food-delivery/boom-boom-chicken-paramus/gkrWrhpsQBGFU_PsaXvuGw,demarest-new-jersey
https://www.ubereats.com/new-jersey/food-delivery/pasquallys-pizza-%26-wings-275-e-route-4-ste-1/P8nDLkZwRwi_CSOp5jcbUg,demarest-new-jersey
https://www.ubereats.com/new-jersey/food-delivery/bartolomeo-deli-and-pizza/mr6rULaSREmBOZLA7fGRIA,demarest-new-jersey
https://www.ubereats.com/new-jersey/food-delivery/simply-sushi-bergenfield/31hY4qx5QkaDfeVGlCOZUw,demarest-new-jersey
https://www.ubereats.com/new-jersey/food-delivery/dunkin-1406-teaneck-rd/F1hNzVblRAGajbFEwc2ezw,demarest-new-jersey
https://www.ubereats.com/new-jersey/food-delivery/asian-american-food-mart/QM-JrFJgTS6Eg6HrYMLytA,demarest-new-jersey
https://www.ubereats.com/new-jersey/food-delivery/maggies-southern-kitchen/ARmi3sceSp-_QkRJBTCqvg,demarest-new-jersey
https://www.ubereats.com/new-jersey/food-delivery/tjs-southern-gourmet/XMJCnFM8TN-tc3CDQ9qExQ,demarest-new-jersey
https://www.ubereats.com/new-jersey/food-delivery/menya-sandaime-parker-ave/w9EFezr5SvqdpYHSsYcBMQ,demarest-new-jersey
https://www.ubereats.com/new-jersey/food-delivery/cuban-eddies/5AFco4gqQOi-uY5_b6TGWA,demarest-new-jersey
https://www.ubereats.com/new-jersey/food-delivery/busan-gukbap/bfJe4OhdRv2vIyHcbgIklw,demarest-new-jersey
https://www.ubereats.com/new-jersey/food-delivery/halal-grillo/9hl6Xb9SS_Wa8aHlVKB7JQ,demarest-new-jersey
https://www.ubereats.com/new-jersey/food-delivery/market-eatery-badaya/Ngt6mmt3SzWx4uQVFCCXCQ,demarest-new-jersey
https://www.ubereats.com/new-jersey/food-delivery/sababa-grill/0qe1htDTQn-JNDCrdvLNTQ,demarest-new-jersey
https://www.ubereats.com/new-jersey/food-delivery/dunkin-1091-main-st/tSUMAlo0S_uWNPlM4mTsBw,demarest-new-jersey
https://www.ubereats.com/new-jersey/food-delivery/just-platters/wBmHLbVNTuiLQ7rUBokUDA,demarest-new-jersey
https://www.ubereats.com/new-jersey/food-delivery/blue-42/LKsAdhJvQyqqE4TaSRhTLA,demarest-new-jersey
https://www.ubereats.com/new-jersey/food-delivery/starbucks-emerson-kinderkamack/b-VAvOhiTPS4OzyxcrDioA,demarest-new-jersey
https://www.ubereats.com/new-jersey/food-delivery/empanada-mania/oHGs70DZSHKY4vZkveAvWw,demarest-new-jersey
https://www.ubereats.com/new-jersey/food-delivery/choripan-rodizio-parrillada-argentina/2ZP76z0QTxOd_g3F7Pw-OQ,demarest-new-jersey
https://www.ubereats.com/new-jersey/food-delivery/sushi-village/DE3Biv1-TGmZcvnB7UXVlA,demarest-new-jersey
https://www.ubereats.com/new-jersey/food-delivery/vitales-restaurant/3sm_VFy8SPCE40dT-A9IiA,demarest-new-jersey
https://www.ubereats.com/new-jersey/food-delivery/victors-pizza/2jyZA0SlSmGaBUaQdSOoKQ,demarest-new-jersey
https://www.ubereats.com/new-jersey/food-delivery/panchos-burritos-new-milford/nqYEd5mIT9qdrFqYLUm21A,demarest-new-jersey
https://www.ubereats.com/new-jersey/food-delivery/antipasti-pizza-%26-wine-bar/hDCnDNwtSnuN9gS8ZYy9_w,demarest-new-jersey
https://www.ubereats.com/new-jersey/food-delivery/schnitzel-%2B-englewood/KAWYi2e0Qs-fswLcAI7uSg,demarest-new-jersey
https://www.ubereats.com/new-jersey/food-delivery/hummus-elite/4_zKsFDeSliYoH2KnwKpmg,demarest-new-jersey
https://www.ubereats.com/new-jersey/food-delivery/the-office-tavern-grill-ridgewood/22IpzqoqSRe7-XFgr1Mckg,demarest-new-jersey
https://www.ubereats.com/new-jersey/food-delivery/yalla-2go/8z4U1Z9RSB2HQnxbawPvfQ,demarest-new-jersey
https://www.ubereats.com/new-jersey/food-delivery/wendys-150-north-washington-ave/9ziMDlwISXKB55gvl7OD9Q,demarest-new-jersey
https://www.ubereats.com/new-jersey/food-delivery/pelicana-chicken-dumont/rQ9JNc0IQ5qsbiunA1dvTg,demarest-new-jersey
https://www.ubereats.com/new-jersey/food-delivery/cmc-deli/lyLw1egUSfKClVfc9EElVA,demarest-new-jersey
https://www.ubereats.com/new-jersey/food-delivery/ewha-won/hF0ZyzzcQiGDBeP7xXY6Mw,demarest-new-jersey
https://www.ubereats.com/new-jersey/food-delivery/hack%22n-shack-burger/lwTsy7QGQ0CdAnwMSGJP-Q,demarest-new-jersey
https://www.ubereats.com/new-jersey/food-delivery/dunkin-260-livingston-st/iCfDPIKMQky3WDbosE-Z_w,demarest-new-jersey
https://www.ubereats.com/new-jersey/food-delivery/bagel-for-life-%26-gourmet-deli/vWvt50nASdGm_45EbGbZxg,demarest-new-jersey
https://www.ubereats.com/new-jersey/food-delivery/sushi-house/dfBUUmEwQ8Oxp8_nU3Ywsw,demarest-new-jersey
https://www.ubereats.com/new-jersey/food-delivery/the-taco-shop/H8fwNqCnTbiFTe7xoTmI-Q,demarest-new-jersey
https://www.ubereats.com/new-jersey/food-delivery/fuki-sushi/C9lcj0Y9RVe6AM-yggOZxQ,demarest-new-jersey
https://www.ubereats.com/new-jersey/food-delivery/bop-n-sushi/z24R9GlxQVCysqFqnq40hA,demarest-new-jersey
https://www.ubereats.com/new-jersey/food-delivery/ajae-budae-korean-restaurant/QvFkgS8LRduQ8cY2DzsM9g,demarest-new-jersey
https://www.ubereats.com/new-jersey/food-delivery/just-platters/hGOctzdYTkuH3ZIxZk8Y0g,demarest-new-jersey
https://www.ubereats.com/new-jersey/food-delivery/sarku-japan/g6wXGrWnS8ax4PMHb7fvEw,demarest-new-jersey
https://www.ubereats.com/new-jersey/food-delivery/mortons-the-steakhouse-one-riverside-square/ZUTvGduaSX2DtZgUWcFBbw,demarest-new-jersey
https://www.ubereats.com/new-jersey/food-delivery/cravings-tapas-bistro/a87JGyEgTmqRGn-GXXKq6g,demarest-new-jersey
https://www.ubereats.com/new-jersey/food-delivery/bgood-ridgewood/hUwTCNhmQGGgH-pbXINOUA,demarest-new-jersey
https://www.ubereats.com/new-jersey/food-delivery/houlihans-ramsey/K5_1_by2RQOdsUwQif8I2A,demarest-new-jersey
https://www.ubereats.com/new-jersey/food-delivery/9154-bonefish-grill-601-from-road/66qoX6xyTlOdsb1fnqCCog,demarest-new-jersey
https://www.ubereats.com/new-jersey/food-delivery/demarest-deli/vFJnkukCQ2y8WMX3Vgv8JQ,demarest-new-jersey
https://www.ubereats.com/new-jersey/food-delivery/parisi-deli-%26-liquors/33rQLcKGRqqqZqCksZBXLQ,demarest-new-jersey
https://www.ubereats.com/new-jersey/food-delivery/rosa-mexicano-riverside-square/k4LY4KzpQ8WCQutu1I24Bw,demarest-new-jersey
https://www.ubereats.com/new-jersey/food-delivery/pho-thai-lao-kitchen/6079L_L9Q8SoKFoBN8IzoQ,demarest-new-jersey
https://www.ubereats.com/new-jersey/food-delivery/broadway-pizzeria-restaurant/MzE_Q_KrToaTJiQdSVDccQ,demarest-new-jersey
https://www.ubereats.com/new-jersey/food-delivery/gogo-sushi/Kxg4-f53QeyYuzI60lvV1Q,demarest-new-jersey
https://www.ubereats.com/new-jersey/food-delivery/cupcakes-by-carousel/KSIdUURQRoOREM0Uvx1IZg,demarest-new-jersey
https://www.ubereats.com/new-jersey/food-delivery/patisserie-florentine/BF0Hs1lbQY2-DsZz-Ffk_Q,demarest-new-jersey
https://www.ubereats.com/new-jersey/food-delivery/hunan-express/kwBOpxwZR2iw_MyRPTJa_A,demarest-new-jersey
https://www.ubereats.com/new-jersey/food-delivery/snap-stop/zhgDj7G3QLmFurbQWAZ9CA,demarest-new-jersey
https://www.ubereats.com/new-jersey/food-delivery/cafe-metro/hFSHRbKVSXq-z_0F6r7lvQ,demarest-new-jersey
https://www.ubereats.com/new-jersey/food-delivery/cafe-rx-piermont-rd/-UsbgBT5QeKsdFLjiJOV2Q,demarest-new-jersey
https://www.ubereats.com/new-jersey/food-delivery/little-chef/cN-oapkkSdSqJgQ7UxQtCw,demarest-new-jersey
https://www.ubereats.com/new-jersey/food-delivery/burgerim-477-s-washington-ave/NuJVL9DoSseNhCUPP9LN2g,demarest-new-jersey
https://www.ubereats.com/new-jersey/food-delivery/armandos-tuscan-grill-westwood-ave/B1su73svQWKS5iNH1XZGcA,demarest-new-jersey
https://www.ubereats.com/new-jersey/food-delivery/dunkin-494-n-state-rt-17/wdGpXq-pS0KIXkNQoaEm0g,demarest-new-jersey
https://www.ubereats.com/new-jersey/food-delivery/mr-cupcakes-700-paramus-park/tM6GOHTIS0Sl6W33_bul0A,demarest-new-jersey
https://www.ubereats.com/new-jersey/food-delivery/zendiggi-kebab-house/KhJkbcIzTOO63uxMFtCXrw,demarest-new-jersey
https://www.ubereats.com/new-jersey/food-delivery/hong-kong-restaurant/1hrcKmgORleJieDgIhec3w,demarest-new-jersey
https://www.ubereats.com/new-jersey/food-delivery/mindys-munchies/i3f4tTJfSUGnJ30XpgIJQA,demarest-new-jersey
https://www.ubereats.com/new-jersey/food-delivery/little-italy-%40-grand-and-essex-market/Wz7PcH3pTZ2OMVv-imgWLA,demarest-new-jersey
https://www.ubereats.com/new-jersey/food-delivery/bonchon-chicken-2467-lemoine-ave/f4G_SoFCQqGiHlae9NDoOw,demarest-new-jersey
https://www.ubereats.com/new-jersey/food-delivery/pintxo-y-tapas/KfExvVH3RjGAhVlMFvhvGg,demarest-new-jersey
https://www.ubereats.com/new-jersey/food-delivery/nihon-kai-japanese-restaurant/aUjDxmOhTaCUhFr5lrSgVQ,demarest-new-jersey
https://www.ubereats.com/new-jersey/food-delivery/wingstop-415-s-washington-ave/ubjqkXUiTO-TqoxHWBqQeA,demarest-new-jersey
https://www.ubereats.com/new-jersey/food-delivery/sumo-tao-sushi/UgiTUxqnTRKxKX0aFPdkQg,demarest-new-jersey
https://www.ubereats.com/new-jersey/food-delivery/new-asia-chinese-restaurant/NZFWcNQ7TPOMEj53IZ7KWQ,demarest-new-jersey
https://www.ubereats.com/new-jersey/food-delivery/14-parish-caribbean-kitchen/REF_T3dBTbyEciliojJE_A,demarest-new-jersey
https://www.ubereats.com/new-jersey/food-delivery/carvel-240-south-summit-avenue/FXIEjLl4RgqOJvcDuoKa3g,demarest-new-jersey
https://www.ubereats.com/new-jersey/food-delivery/tenafly-classic-diner/mfxCSfpTQG-g3oqbXzkUhQ,demarest-new-jersey
https://www.ubereats.com/new-jersey/food-delivery/suburban-diner/CjThc2ehRSeO2XI9giVj2Q,demarest-new-jersey
https://www.ubereats.com/new-jersey/food-delivery/la-mezza-restaurant/YfiyTs8HThSDLpu5w3g1bw,demarest-new-jersey
https://www.ubereats.com/new-jersey/food-delivery/ma-mi-eatery/yiYO1-6gR9amxwFpougR5Q,demarest-new-jersey
https://www.ubereats.com/new-jersey/food-delivery/goldbergs-original-bagels/BV_JWj3sTJm3uPxKyIypbA,demarest-new-jersey
https://www.ubereats.com/new-jersey/food-delivery/poke-aloha/eqFIaPnbTkSy7_psbtfWow,demarest-new-jersey
https://www.ubereats.com/new-jersey/food-delivery/superjuice-nation/2PKI5nukTMKgZk2aAUm7_Q,demarest-new-jersey
https://www.ubereats.com/new-jersey/food-delivery/bread-boutique-%26-cafe/HfiFQ1ZaReGnizgZSsdomQ,demarest-new-jersey
https://www.ubereats.com/new-jersey/food-delivery/northvale-classic-diner/jgkmCtX4R2akwzBHmNuznQ,demarest-new-jersey
https://www.ubereats.com/new-jersey/food-delivery/ammata-thai-kitchen/p2DVmCO4QU21mmBlYZwdMA,demarest-new-jersey
https://www.ubereats.com/new-jersey/food-delivery/cafe-angelique/03DX5sCmSfOFik5zhVNxdA,demarest-new-jersey
https://www.ubereats.com/new-jersey/food-delivery/burger-king-684-river-road/SPCNK3mqTLOpL0EunXYKBQ,demarest-new-jersey
https://www.ubereats.com/new-jersey/food-delivery/big-bowls-little-plates-h-mart-paramus/sA5u6YYrQfS8hA7zEuql3g,demarest-new-jersey
https://www.ubereats.com/new-jersey/food-delivery/dunkin-39-w-palisade-ave/sPM4k74ES_aejTxbO-jaTQ,demarest-new-jersey
https://www.ubereats.com/new-jersey/food-delivery/on-the-border-paramus/4fB9AsHjQ16h1MjuDuG8ZQ,demarest-new-jersey
https://www.ubereats.com/new-jersey/food-delivery/jerk-shack-grill/6bN0VVaaR8G1Vl3CsmsioQ,demarest-new-jersey
https://www.ubereats.com/new-jersey/food-delivery/no-1-kitchen/_9N6H8WYSAW9nOlYbT1v0Q,demarest-new-jersey
https://www.ubereats.com/new-jersey/food-delivery/stack-creamery/3qbMmP3TSxW2FP_WxfsWPA,demarest-new-jersey
https://www.ubereats.com/new-jersey/food-delivery/jersey-mikes-subs-rochelle-park/i-_hF59HRnCa0clEn_Fu7w,demarest-new-jersey
https://www.ubereats.com/new-jersey/food-delivery/madang/mDOa48EKRcmb0YVvuIBmcw,demarest-new-jersey
https://www.ubereats.com/new-jersey/food-delivery/gateaux-bakery/j4MoZxKbSsaZPUIufVMKgw,demarest-new-jersey
https://www.ubereats.com/new-jersey/food-delivery/mcdonalds-river-edge-main/9qj0fJhlTjOrU0FoQ4VjPg,demarest-new-jersey
https://www.ubereats.com/new-jersey/food-delivery/wawa-8326-150-essex-street/scnlL5L8TZ2VjKXBMoIGwQ,demarest-new-jersey
https://www.ubereats.com/new-jersey/food-delivery/cocohodo-closter/PJsu-e91RoWihoPZwbhiXw,demarest-new-jersey
https://www.ubereats.com/new-jersey/food-delivery/starbucks-fort-lee-route-4-e/UyKLe2RPTnOD8XLRjpaMSg,demarest-new-jersey
https://www.ubereats.com/new-jersey/food-delivery/chok-dee-thai-kitchen/IXQTyBkvT6KTD8dBi8le5g,demarest-new-jersey
https://www.ubereats.com/new-jersey/food-delivery/vicolo-ristorante/lW5fs3ZqTwKB0t7QwA5VLg,demarest-new-jersey
https://www.ubereats.com/new-jersey/food-delivery/el-carretero-de-bergenfield/4wJcMmFXTLC0H_lc6TNLOg,demarest-new-jersey
https://www.ubereats.com/new-jersey/food-delivery/new-world-chinese-restaurant/AMI3y9Y7RR25MfKtkRpgFg,demarest-new-jersey
https://www.ubereats.com/new-jersey/food-delivery/pf-changs-390-hackensack-ave-suite-50/N2P5QPT-S_6EKw68lC0m_w,demarest-new-jersey
https://www.ubereats.com/new-jersey/food-delivery/mr-franks-llc/xQ2GQwj0TmuSX5RTeEBi1A,demarest-new-jersey
https://www.ubereats.com/new-jersey/food-delivery/the-raw-squeeze/QVBKrzptQc-eJlywy8UHNA,demarest-new-jersey
https://www.ubereats.com/new-jersey/food-delivery/dunkin-441-old-hook-rd/Jgvp5fAeSv-UizXPYQCdfA,demarest-new-jersey
https://www.ubereats.com/new-jersey/food-delivery/dunkin-296-mclean-ave/I0P86aMlREi0CnkYsYRc7A,demarest-new-jersey
https://www.ubereats.com/new-jersey/food-delivery/tomo/SK_aiM78TP6eTJOWli6Qbg,demarest-new-jersey
https://www.ubereats.com/new-jersey/food-delivery/taco-bell-415-south-washington-ave/gZwrQTfjSSq1ucRDPt4fcQ,demarest-new-jersey
https://www.ubereats.com/new-jersey/food-delivery/conrads-confectionery/8DcJEogrRw6bIV6_yv92YA,demarest-new-jersey
https://www.ubereats.com/new-jersey/food-delivery/los-fuertes-de-loreto/3rxCuQ03RrCB19OZVzDkoQ,demarest-new-jersey
https://www.ubereats.com/new-jersey/food-delivery/red-white-and-pasta/SBqw05zgRkqsv8P2Ox76hg,demarest-new-jersey
https://www.ubereats.com/new-jersey/food-delivery/di-marias-deli/nG4Qn0NLRoaKN-NbDg0XRA,demarest-new-jersey
https://www.ubereats.com/new-jersey/food-delivery/cafe-luna/n0AloRdbTdesLxU3cudsog,demarest-new-jersey
https://www.ubereats.com/new-jersey/food-delivery/broadway-pizzeria-ii/bva8yiqMRP-qEGGx7rQ5zw,demarest-new-jersey
https://www.ubereats.com/new-jersey/food-delivery/chapala-grill/S7KyxWfGRRu_UidO3ra_Jw,demarest-new-jersey
https://www.ubereats.com/new-jersey/food-delivery/starbucks-lemoine-ave/YK5p7p4YT7mVtAqLqnK88Q,demarest-new-jersey
https://www.ubereats.com/new-jersey/food-delivery/planted-eats/4sD1CSlwRtO3FsXZ1BAa5Q,demarest-new-jersey
https://www.ubereats.com/new-jersey/food-delivery/ihop-610-cedar-lane/g54wPrQnSce5lVpZ4sdE8w,demarest-new-jersey
https://www.ubereats.com/new-jersey/food-delivery/prestos-new-york-%231/I4oNF7Q6S5Oa8Un83xMt1g,demarest-new-jersey
https://www.ubereats.com/new-jersey/food-delivery/la-casa-del-buen-sabor/-Qb0Twj1RDKR4Y5Jxd99-Q,demarest-new-jersey
https://www.ubereats.com/new-jersey/food-delivery/chipotle-mexican-grill-134-linwood-plz/vE0ULbDyTbm_4d42lDpT8g,demarest-new-jersey
https://www.ubereats.com/new-jersey/food-delivery/borderline-bagels/74GLKXGfQ6O3gPe_3eVlAQ,demarest-new-jersey
https://www.ubereats.com/new-jersey/food-delivery/mei-sushi/lPSRdvYpTfqaUFKsfS98Dg,demarest-new-jersey
https://www.ubereats.com/new-jersey/food-delivery/dunkin-15-w-allendale-ave/OOZYWFCiTd-oKSPcGEbg5Q,demarest-new-jersey
https://www.ubereats.com/new-jersey/food-delivery/smashburger-556-rte-17-north/Dcy3u8H5QvyIATUnxCCw8g,demarest-new-jersey
https://www.ubereats.com/new-jersey/food-delivery/pho-binh-duong-iv/T7RMrBFbSMyw0tB6m-9OKg,demarest-new-jersey
https://www.ubereats.com/new-jersey/food-delivery/villa-de-colombia/nOfcgMV4SDO-KxfbIYbEWA,demarest-new-jersey
https://www.ubereats.com/new-jersey/food-delivery/tommy-foxs-public-house/O_tl0zRDQt-u-zotMssjjA,demarest-new-jersey
https://www.ubereats.com/new-jersey/food-delivery/sweet-berry-bowls-englewood/4JiJ-MzMQR6CBRN9pw6DOg,demarest-new-jersey
https://www.ubereats.com/new-jersey/food-delivery/jerkd-kitchen/AaSsLS4cTGeHo3AzmQRbSg,demarest-new-jersey
https://www.ubereats.com/new-jersey/food-delivery/blue-moon-mexican-cafe-englewood/p6EL9FfGSoKc3nqsYWIy0g,demarest-new-jersey
https://www.ubereats.com/new-jersey/food-delivery/prapaisri-thai-cuisine/9327OuexQ8a3IWAJTeW6nA,demarest-new-jersey
https://www.ubereats.com/new-jersey/food-delivery/firehouse-subs-41-w-palisade-ave/rEERCXx1RAiCwnPTeu9MRQ,demarest-new-jersey
https://www.ubereats.com/new-jersey/food-delivery/chipotle-mexican-grill-83-vervalen-st/sSHxt3JQQzekMjimCMp8Gg,demarest-new-jersey
https://www.ubereats.com/new-jersey/food-delivery/chicken-supreme-hackensack/f9VgnYFGR86u1wGWw8FXlg,demarest-new-jersey
https://www.ubereats.com/new-jersey/food-delivery/red-lobster-211-route-17-s/2ZIcvAbATDGb3uRJE9k9LA,demarest-new-jersey
https://www.ubereats.com/new-jersey/food-delivery/casual-habana-cafe-new-milford/ghHTVinpQpOYqmTrhTCvgg,demarest-new-jersey
https://www.ubereats.com/new-jersey/food-delivery/kfc-585-cedar-ln/6xa6Za4pSiaEFawG1cy8aw,demarest-new-jersey
https://www.ubereats.com/new-jersey/food-delivery/starbucks-westwood-avenue/WJr1qbsCSdWU0pN34kne6Q,demarest-new-jersey
https://www.ubereats.com/new-jersey/food-delivery/brainfreeze-ice-cream/p0YQWemuRzmCwPE3-yc3hw,demarest-new-jersey
https://www.ubereats.com/new-jersey/food-delivery/popeyes-east-paramus/wERoxfTcSRaS30bjoxV5WA,demarest-new-jersey
https://www.ubereats.com/new-jersey/food-delivery/dia-%26-noche/InY7vj7pTH6Cf7SU9woNmQ,demarest-new-jersey
https://www.ubereats.com/new-jersey/food-delivery/spring-tree-bagels/wZnq_Jf0Swet3HaaExS4nA,demarest-new-jersey
https://www.ubereats.com/new-jersey/food-delivery/the-oceanaire-seafood-room-175-riverside-square/ATepnwphSIqg6pV-AL71Hg,demarest-new-jersey
https://www.ubereats.com/new-jersey/food-delivery/build-your-yogurt/QPFH_NoXRW6uDvSpVRGixQ,demarest-new-jersey
https://www.ubereats.com/new-jersey/food-delivery/port-of-call/lW-MUuZkSQ2P4KdZfx2UUQ,demarest-new-jersey
https://www.ubereats.com/new-jersey/food-delivery/jade-lee-kitchen/TFlrBWjuT-SwbpZB8-mslw,demarest-new-jersey
https://www.ubereats.com/new-jersey/food-delivery/everything-bagel/01MeE_FFTiOr73p1PZXfTw,demarest-new-jersey
https://www.ubereats.com/new-jersey/food-delivery/ihop-141-n-dean-st-englewood/49m0XkXHTK2QM4uS1Lh46g,demarest-new-jersey
https://www.ubereats.com/new-jersey/food-delivery/sgd-tofu-korean-bbq/ZwWBD38tQqmuN4CoP8VQfQ,demarest-new-jersey
https://www.ubereats.com/new-jersey/food-delivery/wok-18-chinese-kitchen/fRYQJulqRdG1Ba3ULPdsRA,demarest-new-jersey
https://www.ubereats.com/new-jersey/food-delivery/starbucks-englewood/pqjR9s9bRza4ZPO42JFGmw,demarest-new-jersey
https://www.ubereats.com/new-jersey/food-delivery/johns-bagels-montvale/yAQUVEZrRFubrYPfo0mTvQ,demarest-new-jersey
https://www.ubereats.com/new-jersey/food-delivery/anntremet-cake/CAsdyG4_SLqVesSdNAsXaQ,demarest-new-jersey
https://www.ubereats.com/new-jersey/food-delivery/chicken-delight/SGlyaCUrQ1yjzJkGj7opag,demarest-new-jersey
https://www.ubereats.com/new-jersey/food-delivery/sanzaris-new-bridge-inn/VqwYc-FkS9eGUG5E4vPFVg,demarest-new-jersey
https://www.ubereats.com/new-jersey/food-delivery/yuki-hana-japanese-restaurant/x2CIiK5ESrOXdYNLpU4-WA,demarest-new-jersey
https://www.ubereats.com/new-jersey/food-delivery/sayola-restaurant/o4-LP37rRzK5Oo-W4stLdA,demarest-new-jersey
https://www.ubereats.com/new-jersey/food-delivery/bagel-express/NXn2msbISpihF9o7F1Kq1A,demarest-new-jersey
https://www.ubereats.com/new-jersey/food-delivery/eggwich/qPYrv6eNRRCoKLKNl8cJMQ,demarest-new-jersey
https://www.ubereats.com/new-jersey/food-delivery/spice-garden/SwHCwQyrQL6sWt90Tem0CA,demarest-new-jersey
https://www.ubereats.com/new-jersey/food-delivery/dunkin-60-broadway/A2DcyqVTSIif5X6kCiitBw,demarest-new-jersey
https://www.ubereats.com/new-jersey/food-delivery/js-bagels-%26-cafe/gSgd205FSUGb7y9p20QCbw,demarest-new-jersey
https://www.ubereats.com/new-jersey/food-delivery/dunkin-32-piermont-rd/A7LXyTnRRsKbQn8Yrv2qgw,demarest-new-jersey
https://www.ubereats.com/new-jersey/food-delivery/i-fish/_Ip0GIjyQ6uswmNP-mYYLg,demarest-new-jersey
https://www.ubereats.com/new-jersey/food-delivery/s-broadway-fried-chicken-halal/p0QtwGiYSFal3P4nygEQ-Q,demarest-new-jersey
https://www.ubereats.com/new-jersey/food-delivery/popeyes-teaneck/XOJ5MigmQzSn0qGGGZiOYQ,demarest-new-jersey
https://www.ubereats.com/new-jersey/food-delivery/marinade/QclfPd9lTG-44-L1CAuFtg,demarest-new-jersey
https://www.ubereats.com/new-jersey/food-delivery/zula-mediterranean-eatery/OHFwtCnLQ3erCqXzI35tWw,demarest-new-jersey
https://www.ubereats.com/new-jersey/food-delivery/dunkin-332-cedar-ln/gT3NBY-XSQWCseHARS_EmA,demarest-new-jersey
https://www.ubereats.com/new-jersey/food-delivery/eons-greek-food-for-life/x1UdztucQAGBpBR2_aH0Pw,demarest-new-jersey
https://www.ubereats.com/new-jersey/food-delivery/made-in-italy/DvzOZ3_-SXyLVnSpw5AXFQ,demarest-new-jersey
https://www.ubereats.com/new-jersey/food-delivery/cranberry-junction-ice-cream/9Rft4BKSTE2d5FDCyR5Npg,demarest-new-jersey
https://www.ubereats.com/new-jersey/food-delivery/the-kebabci-west/fWMe9Nn6TWakjzIEu7pQyw,demarest-new-jersey
https://www.ubereats.com/new-jersey/food-delivery/sep-sushi/d-yB0Cq1SsiDKlUiA6DSoQ,demarest-new-jersey
https://www.ubereats.com/new-jersey/food-delivery/poke-zone/EVsaG6p1RhGrm8ADdPOBMg,demarest-new-jersey
https://www.ubereats.com/new-jersey/food-delivery/cuban-eddies/3PW_1VmkQ-yxJ5apxpfY3g,demarest-new-jersey
https://www.ubereats.com/new-jersey/food-delivery/patrizias-old-tappan/KDxEJEDuS62nhdrSoRovSQ,demarest-new-jersey
https://www.ubereats.com/new-jersey/food-delivery/kfc-saddle-brook/qG1mIZNAQLilbrOpQTqyBg,demarest-new-jersey
https://www.ubereats.com/new-jersey/food-delivery/the-chicken-and-rib-crib/q0WPieJ8RLi4QkfI_zXs2Q,demarest-new-jersey
https://www.ubereats.com/new-jersey/food-delivery/espos-pizza/IunQgSyiRuKSAOcCpOWjEw,demarest-new-jersey
https://www.ubereats.com/new-jersey/food-delivery/chens-yummy-house/-smZd17XTw-2zMKN7NkVNA,demarest-new-jersey
https://www.ubereats.com/new-jersey/food-delivery/thai-palace/3P398fY9TkmShxDbnXMtrw,demarest-new-jersey
https://www.ubereats.com/new-jersey/food-delivery/kyou-ramen/A458Abq5QjmPqdJYK8h8UA,demarest-new-jersey
https://www.ubereats.com/new-jersey/food-delivery/wendys-657-n-route-17/o8je-YE_ShySKKk9m33iEg,demarest-new-jersey
https://www.ubereats.com/new-jersey/food-delivery/mazaya-grillo/R_6LBU1JQC2wcu7mhbBPQw,demarest-new-jersey
https://www.ubereats.com/new-jersey/food-delivery/dunkin-520-livingston-ave/LG8fUaXMTcOmEaoqCYqfPg,demarest-new-jersey
https://www.ubereats.com/new-jersey/food-delivery/bareburger-15-e-ridgewood-ave/0mRck9zZSYK8KnqGsMhSxw,demarest-new-jersey
https://www.ubereats.com/new-jersey/food-delivery/rockin-roots/BZGibeUwSiOWJC5aNujfxA,demarest-new-jersey
https://www.ubereats.com/new-jersey/food-delivery/dunkin-125-washington-ave/Q6mDVll_SwCn9gpRA-UE5g,demarest-new-jersey
https://www.ubereats.com/new-jersey/food-delivery/stray-cat-brew/fntmJHCOSm-u5Q7a7tBaMw,demarest-new-jersey
https://www.ubereats.com/new-jersey/food-delivery/matsuyama/IwV0_pyxTJWNWy0QBQWfOw,demarest-new-jersey
https://www.ubereats.com/new-jersey/food-delivery/wendys-411-hillsdale-ave/wFGLwERkQiCroxiiAWV05w,demarest-new-jersey
https://www.ubereats.com/new-jersey/food-delivery/europe-cafe-and-grill/oxlhTBYfSIq9w43BB4WwYA,demarest-new-jersey
https://www.ubereats.com/new-jersey/food-delivery/kfc-hasbrouck-heights/zbQ4YAFOT128u4dTjQCiXw,demarest-new-jersey
https://www.ubereats.com/new-jersey/food-delivery/dunkin-70-route-4/K4dMyN1JQlGgrgC0ZbONHg,demarest-new-jersey
https://www.ubereats.com/new-jersey/food-delivery/bonchon-chicken-17-central-ave/Ti0gcOUIR8-nQ5cSUfVFLg,demarest-new-jersey
https://www.ubereats.com/new-jersey/food-delivery/sikgaek-gugu/dR-rRlCgQtK49gqRGocH9g,demarest-new-jersey
https://www.ubereats.com/new-jersey/food-delivery/sheng-garden-chinese-restaurant/CYT7G3JYT4u8xtUN5CRkig,demarest-new-jersey
https://www.ubereats.com/new-jersey/food-delivery/cassies-restaurant/7M0GejexSQCwOwiHJScPyA,demarest-new-jersey
https://www.ubereats.com/new-jersey/food-delivery/bergenfield-deli-and-grill/510ug1UDSKaikSx6xSykcw,demarest-new-jersey
https://www.ubereats.com/new-jersey/food-delivery/mena-deli/vFGRbLu-QK-iTY49yCkUbA,demarest-new-jersey
https://www.ubereats.com/new-jersey/food-delivery/mr-wok-%26-sushi/7il9GBvjSYSjsEPQ4LH4vw,demarest-new-jersey
https://www.ubereats.com/new-jersey/food-delivery/guerreros-juice-bar/wv_dI3HgSfuJr7RZsiUfgg,demarest-new-jersey
https://www.ubereats.com/new-jersey/food-delivery/sunrise-bagel-cafe/-rMwk-O9QjiKE6en95zyLA,demarest-new-jersey
https://www.ubereats.com/new-jersey/food-delivery/adams-bagels-cafee-%26-deli/ZQZs9yYKRyONGt3R6W56dA,demarest-new-jersey
https://www.ubereats.com/new-jersey/food-delivery/market-eatery-ondubu/22jSf3eLR1G0Cn1zwwPcMg,demarest-new-jersey
https://www.ubereats.com/new-jersey/food-delivery/empire-szechuan-restaurant/Vv4Om4Y-TmCgZyDqt7hLXg,demarest-new-jersey
https://www.ubereats.com/new-jersey/food-delivery/hot-fish/idYZF_l-TQCH5azM7eXoGQ,demarest-new-jersey
https://www.ubereats.com/new-jersey/food-delivery/taco-bell-630-main-street/ZzO4kEKtQdu2izptIC1hAg,demarest-new-jersey
https://www.ubereats.com/new-jersey/food-delivery/rose-restaurant/_BThb1JqQISMboGVAXVC7w,demarest-new-jersey
https://www.ubereats.com/new-jersey/food-delivery/coach-house-diner-and-restaurant/8_VSB3s9R-WwVN1D_n2nwg,demarest-new-jersey
https://www.ubereats.com/new-jersey/food-delivery/dunkin-278-closter-dock-rd/5GHFG93uSzaRlmi6PhXQxA,demarest-new-jersey
https://www.ubereats.com/new-jersey/food-delivery/california-pizza-kitchen-1-garden-state-plaza-unit-2320/Kr6ya41nRymnblTWTm9GNQ,demarest-new-jersey
https://www.ubereats.com/new-jersey/food-delivery/ramen-azuma/eAm-H3LhQlm3YjtevMLVsQ,demarest-new-jersey
https://www.ubereats.com/new-jersey/food-delivery/celtic-kitchen/XMmTcR9nRv6Zz1v0gedFbQ,demarest-new-jersey
https://www.ubereats.com/new-jersey/food-delivery/kilim-mediterranean-cuisine/KMM-P7xMTVmmNZ0H-jkcpw,demarest-new-jersey
https://www.ubereats.com/new-jersey/food-delivery/150-applebees-paramus/QRuv9sN8Ty60m6qMT8Amxw,demarest-new-jersey
https://www.ubereats.com/new-jersey/food-delivery/mcdonalds-326-s-washington-ave/dmCsu6LtTEeYN9-VHHHauQ,demarest-new-jersey
https://www.ubereats.com/new-jersey/food-delivery/noches-de-colombia-englewood-nj/NX7gGs0dRHmuRbgPilMwXA,demarest-new-jersey
https://www.ubereats.com/new-jersey/food-delivery/farmhouse-cafe-and-eatery-westwood/2HsrfxNgRViV58cZ5_zgjw,demarest-new-jersey
https://www.ubereats.com/new-jersey/food-delivery/mini-mart/_e_DLrIISOi5Jps617JLsw,demarest-new-jersey
https://www.ubereats.com/new-jersey/food-delivery/houlihans-paramus/ZK2JSP4DSeahWXIg0urLfg,demarest-new-jersey
https://www.ubereats.com/new-jersey/food-delivery/jackson-hole-burgers/G5FBb6B2RuWO13QYsMGKIQ,demarest-new-jersey
https://www.ubereats.com/new-jersey/food-delivery/mclean-deli-1-corp/UkqXG9jxQLa8BzPA6kliQQ,demarest-new-jersey
https://www.ubereats.com/new-jersey/food-delivery/dunkin-489-grand-ave/odrIGmsTTji80yvVSXINBg,demarest-new-jersey
https://www.ubereats.com/new-jersey/food-delivery/veggie-%2B/aHxyeqxkQz2Gips3k3sVFQ,demarest-new-jersey
https://www.ubereats.com/new-jersey/food-delivery/pizza-bella/-touD2uLQGit96MSB7YHxQ,demarest-new-jersey
https://www.ubereats.com/new-jersey/food-delivery/blimpie-dumont/ZS85dx7IQg2QMs2vB04xpA,demarest-new-jersey
https://www.ubereats.com/new-jersey/food-delivery/tom-sawyer-diner/MA1MZBniSaSIMmOSO-Uidg,demarest-new-jersey
https://www.ubereats.com/new-jersey/food-delivery/mcdonalds-englewood-palis/hHkO72QhRi-Uhh38QJ29dA,demarest-new-jersey
https://www.ubereats.com/new-jersey/food-delivery/muscle-maker-grill-lodi/IHhtfPUbSImAAM1VRrITsw,demarest-new-jersey
https://www.ubereats.com/new-jersey/food-delivery/jacks-lobster-shack%26oyster-bar/WFhBhgatRyuH0UKZmgck5Q,demarest-new-jersey
https://www.ubereats.com/new-jersey/food-delivery/charleys-philly-steaks-1-garden-state-plz/jiUBr1P7Qx2czIMcGohB0w,demarest-new-jersey
https://www.ubereats.com/new-jersey/food-delivery/wendys-190-e-state-rt-4/UK9JMFQqSRWpdx4SP-UAdQ,demarest-new-jersey
https://www.ubereats.com/new-jersey/food-delivery/gmk-cakes/ypydQazDQBu8E1FYdMsBWg,demarest-new-jersey
https://www.ubereats.com/new-jersey/food-delivery/elmers-country-store/RP3qrngkS-W6BiXq1--BWg,demarest-new-jersey
https://www.ubereats.com/new-jersey/food-delivery/sizzlin-seafood/Vx4j75bSTzCPuBAhA4o0Eg,demarest-new-jersey
https://www.ubereats.com/new-jersey/food-delivery/lolitas-mexican-cantina/X2Bl5S9CQ2eMoQGZJik4ww,demarest-new-jersey
https://www.ubereats.com/new-jersey/food-delivery/river-edge-diner-%26-restaurant/GigsMqZqTpGXqOGMshxx8g,demarest-new-jersey
https://www.ubereats.com/new-jersey/food-delivery/berrylicious-pizzalicious-kosher-brick-oven-pizza-and-frozen-yogurt/rdZqXwz0TwaueB5bSMAhlw,demarest-new-jersey
https://www.ubereats.com/new-jersey/food-delivery/valley-diner/GOHm77luQCWpY4MJR_Cjdg,demarest-new-jersey
https://www.ubereats.com/new-jersey/food-delivery/smashburger-390-hackensack-ave-space-169/mXi63XXuS5iaXvEvfjUs6A,demarest-new-jersey
https://www.ubereats.com/new-jersey/food-delivery/minit-mart-deli-%26-grill/DtHmcVVISpGPzJnQ43i34g,demarest-new-jersey
https://www.ubereats.com/new-jersey/food-delivery/bonchon-chicken-450-hackensack-ave/c02Q9STfQt2_Ub1KbEhSoQ,demarest-new-jersey
https://www.ubereats.com/new-jersey/food-delivery/vegan-food-truck/khJjnJt6QVaTTN3lj8dk8w,demarest-new-jersey
https://www.ubereats.com/new-jersey/food-delivery/baci-gelato/r-ib4LmURhuE2RZpmS7znQ,demarest-new-jersey
https://www.ubereats.com/new-jersey/food-delivery/la-hueca-del-cangrejo/BFkI--bTT3ydMfiuGgCUNg,demarest-new-jersey
https://www.ubereats.com/new-jersey/food-delivery/tri-valley-family-restaurant/od58fs1DRZeW30UrDAH1sg,demarest-new-jersey
https://www.ubereats.com/new-jersey/food-delivery/the-good-neighbor-juice-bar/t7ghqQ4HTXOzobT8xVGomA,demarest-new-jersey
https://www.ubereats.com/new-jersey/food-delivery/italian-riviera/xixWGKM0T0aOcRFx9I1bMw,demarest-new-jersey
https://www.ubereats.com/new-jersey/food-delivery/tgi-fridays-625-hackensack-nj/Ti0Fm16QSkOzsG1tjcZI8w,demarest-new-jersey
https://www.ubereats.com/new-jersey/food-delivery/patisserie-florentine/SWmjOp23SMm4wwBiCXOUSA,demarest-new-jersey
https://www.ubereats.com/new-jersey/food-delivery/schnitzel-%2B/r2vsPi3fSWm0C3HBF9cfbg,demarest-new-jersey
https://www.ubereats.com/new-jersey/food-delivery/dunkin-25-hackensack-ave/r77kuMoqTaW6dHMLJyR5BA,demarest-new-jersey
https://www.ubereats.com/new-jersey/food-delivery/rock-n-roll-sushi-%26-noodle-bar/aS5UwEQUREKLazzUqyshjQ,demarest-new-jersey
https://www.ubereats.com/new-jersey/food-delivery/cava-bergen-town-center-route-4-east-%23e-3a/r8-DT38BSO6boY1NbiuEcA,demarest-new-jersey
https://www.ubereats.com/new-jersey/food-delivery/taco-bell-500-s-river-st/K6GF9V9OTvSoKvEMqlN0EA,demarest-new-jersey
https://www.ubereats.com/new-jersey/food-delivery/pho-saigon-296-main-st/1Dywq74gRmuQJ1t96DBrWA,demarest-new-jersey
https://www.ubereats.com/new-jersey/food-delivery/mantra-restaurant-paramus/1EBr4yaPQT-3RibgSOSmqw,demarest-new-jersey
https://www.ubereats.com/new-jersey/food-delivery/west-main-lunchenotte/xzq2UH1JScOy3dh1yKC93w,demarest-new-jersey
https://www.ubereats.com/new-jersey/food-delivery/cemitas-poblanas-restaurant/s_Y8qZssR2GB7IuqNPav-Q,demarest-new-jersey
https://www.ubereats.com/new-jersey/food-delivery/sofia/w7UFPv_1R4aogBCvN6CPnw,demarest-new-jersey
https://www.ubereats.com/new-jersey/food-delivery/bagels-and-more/UE1HuYTiTOSPJVnIhLKQ0g,demarest-new-jersey
https://www.ubereats.com/new-jersey/food-delivery/kennedy-fried-chicken/qU5ntxjCSRCuunyNrLhZKQ,demarest-new-jersey
https://www.ubereats.com/new-jersey/food-delivery/dunkin-101-midland-ave/3i4OuPhyS7GNi6jziAILaA,demarest-new-jersey
https://www.ubereats.com/new-jersey/food-delivery/the-vegan-breakfast/jeLnvtWSRLSncTrPbIQUrA,demarest-new-jersey
https://www.ubereats.com/new-jersey/food-delivery/mis-raices/P14W6_mSQGifGQsO10yE1w,demarest-new-jersey
https://www.ubereats.com/new-jersey/food-delivery/cold-stone-234-closter-dock-rd/WHBFtW_7Qxi927Srq09ong,demarest-new-jersey
https://www.ubereats.com/new-jersey/food-delivery/calabria-pizza/nV6vFqYxRVaGH_FHcocYRg,demarest-new-jersey
https://www.ubereats.com/new-jersey/food-delivery/casa-della-pasta/KtlU5cNiQeGUu3BctetJJQ,demarest-new-jersey
https://www.ubereats.com/new-jersey/food-delivery/catchy-cafe/H2meclGET8eVNlNGeYSxlw,demarest-new-jersey
https://www.ubereats.com/new-jersey/food-delivery/great-wall-chinese-and-japanese-cuisine-grant-ave/6zCZyObWQW6T2CeQxO2Aww,demarest-new-jersey
https://www.ubereats.com/new-jersey/food-delivery/paolos-gourmet/uFd9FxvuT5OoTouNia0YWw,demarest-new-jersey
https://www.ubereats.com/new-jersey/food-delivery/subway-864-river-rd/H-GNCXLcT7CY0ryg3x1VKw,demarest-new-jersey
https://www.ubereats.com/new-jersey/food-delivery/outback-steakhouse-194-north-route-17/6XBcT6_HSQ-34eTiDaa36w,demarest-new-jersey
https://www.ubereats.com/new-jersey/food-delivery/papa-johns-39-portland/taUZoH16Rwu3osL8zP9XXQ,demarest-new-jersey
https://www.ubereats.com/new-jersey/food-delivery/dunkin-132-hardenburgh-ave/Buga6o84SJytelHjsiecVA,demarest-new-jersey
https://www.ubereats.com/new-jersey/food-delivery/carvel-639-mclean-ave/nUBetAMlQfexYtGMfmQ1ug,demarest-new-jersey
https://www.ubereats.com/new-jersey/food-delivery/mcdonalds-ft-lee/4sWuQ5j4TnOw6Fqq0OBxPA,demarest-new-jersey
https://www.ubereats.com/new-jersey/food-delivery/mamas-kitchen-eats/lSYYYtOPRGqG0NStM3Yx-w,demarest-new-jersey
https://www.ubereats.com/new-jersey/food-delivery/brownstone-pancake-factory/5IFSLNZeRSCge5ootH8BTg,demarest-new-jersey
https://www.ubereats.com/new-jersey/food-delivery/rispoli-pastry-shop-emerson/nqWy_OOQTJKCygpPNFECqw,demarest-new-jersey
https://www.ubereats.com/new-jersey/food-delivery/lefkes/mD-eoJ52Sgi9Pj26h1u6Sw,demarest-new-jersey
https://www.ubereats.com/new-jersey/food-delivery/tao-haus/PrvscUWqTTiwxLzT7BoBdw,demarest-new-jersey
https://www.ubereats.com/new-jersey/food-delivery/ritas-italian-ice-lodi/0XRHgcXNTpGXOr0SNGQFwA,demarest-new-jersey
https://www.ubereats.com/new-jersey/food-delivery/the-churros-factory/LISDNr5hQeSgRifdN9ELlg,demarest-new-jersey
https://www.ubereats.com/new-jersey/food-delivery/vish/OrKG9e3HQGyr_E8JTl46TA,demarest-new-jersey
https://www.ubereats.com/new-jersey/food-delivery/callahans/OXnUGKgPS9afIILZuNIJXg,demarest-new-jersey
https://www.ubereats.com/new-jersey/food-delivery/pizzaiolo-by-brothers/CwRK28lJTCGElT5ez8rGRA,demarest-new-jersey
https://www.ubereats.com/new-jersey/food-delivery/the-habit-burger-grill-1081-main-st/6tOcD5beQzmDryp6dxm41Q,demarest-new-jersey
https://www.ubereats.com/new-jersey/food-delivery/taco-bell-27-s-kinderkamack-rd/fjRlney8Qrel7knZAgDrOw,demarest-new-jersey
https://www.ubereats.com/new-jersey/food-delivery/myra/UK8RBa8NShSNlIMOz9hBlg,demarest-new-jersey
https://www.ubereats.com/new-jersey/food-delivery/mocha-bar/1fkej51YRL-_CROXApRYtA,demarest-new-jersey
https://www.ubereats.com/new-jersey/food-delivery/the-green-papaya/PEi03DrCTXihg4Jg0N-qsA,demarest-new-jersey
https://www.ubereats.com/new-jersey/food-delivery/bergen-brick-oven-bar-%26-grill/dmYBqFY0SdifP8Vpj3oVww,demarest-new-jersey
https://www.ubereats.com/new-jersey/food-delivery/martys/pEzz3Z0rTwKrwFZSphnFYA,demarest-new-jersey
https://www.ubereats.com/new-jersey/food-delivery/the-chipper-truck-cafe-yonkers/gtKvMF4GQLy4VFweA4hTpQ,demarest-new-jersey
https://www.ubereats.com/new-jersey/food-delivery/yasou-santorini/mWCAoY9tQm6bfVut8uZZCA,demarest-new-jersey
https://www.ubereats.com/new-jersey/food-delivery/friendlys-441-hillsdale-ave/fekHDizwTQC4YqrMGUHSZQ,demarest-new-jersey
https://www.ubereats.com/new-jersey/food-delivery/delhi-accent%3A-innovative-indian-dining-by-khyber-grill-caterers/fsQ7IvxnRECqreKDjLzKlg,demarest-new-jersey
https://www.ubereats.com/new-jersey/food-delivery/boston-market-175-kinderkamack/rI_G_xIHTB6HBL_3wPObHg,demarest-new-jersey
https://www.ubereats.com/new-jersey/food-delivery/zen-kitchen/B7ib9QONTHOec2ArNXhotQ,demarest-new-jersey
https://www.ubereats.com/new-jersey/food-delivery/shake-shack-479-route-17-n/qpZnXxWCTAaorYaI3jzD0w,demarest-new-jersey
https://www.ubereats.com/new-jersey/food-delivery/poke-sushi-burrito-asian-restaurant/isTgdAiCTaW4aovWvM5PPw,demarest-new-jersey
https://www.ubereats.com/new-jersey/food-delivery/crave-home-kitchen/7Lw0oQw9Rxec0mPj-t7nDA,demarest-new-jersey
https://www.ubereats.com/new-jersey/food-delivery/noches-de-colombia-main-st-hackensack-nj/D0ViZV4dQGGZthZGNrbtww,demarest-new-jersey
https://www.ubereats.com/new-jersey/food-delivery/148-applebees-hackensack/D6xYFSqVTPeqz892OiafLw,demarest-new-jersey
https://www.ubereats.com/new-jersey/food-delivery/burger-king-174-homans-avenue/5QNUIuFvSryWOZ498txPOQ,demarest-new-jersey
https://www.ubereats.com/new-jersey/food-delivery/parkway-diner/s0w8wwPRRMW70A85S5ZtIA,demarest-new-jersey
https://www.ubereats.com/new-jersey/food-delivery/mezza-westwood/p1Z7_r0DT2ezmv4wmF1Tkw,demarest-new-jersey
https://www.ubereats.com/new-jersey/food-delivery/roses-of-englewood/FzAM_x4eTk6iC24k740SiQ,demarest-new-jersey
https://www.ubereats.com/new-jersey/food-delivery/el-tango-argentina-grill/w0bqVSzcSnexJ5_N6_AuyQ,demarest-new-jersey
https://www.ubereats.com/new-jersey/food-delivery/taan-thai/2zExucwTSs27hfH9TPs5ZA,demarest-new-jersey
https://www.ubereats.com/new-jersey/food-delivery/dunkin-303b-pascack-rd/07KncoOeTu-H6eIFzvYFjw,demarest-new-jersey
https://www.ubereats.com/new-jersey/food-delivery/carmine-and-rays-pizza/C63Hi7MfRYWY2CukHVCPJw,demarest-new-jersey
https://www.ubereats.com/new-jersey/food-delivery/robertas-and-deans-brooklyn-pizza-factory/gYoFz9dbR1OAUR_AEWIM8Q,demarest-new-jersey
https://www.ubereats.com/new-jersey/food-delivery/stevies-crepes-%26-waffles/OlkWysphTMOIC9wCQUm48g,demarest-new-jersey
https://www.ubereats.com/new-jersey/food-delivery/fresco-fusion/ZMsRKFeGTAyJpBX2DEbfFQ,demarest-new-jersey
https://www.ubereats.com/new-jersey/food-delivery/dunkin-440-a-forest-ave/NmJid_c7S5e_hZW0Ti_qjg,demarest-new-jersey
https://www.ubereats.com/new-jersey/food-delivery/bbq-chicken-old-tappan-nj/jQNfb6moRHOZOuHpEHvhGQ,demarest-new-jersey
https://www.ubereats.com/new-jersey/food-delivery/burger-boss/eYG6lp2zTyuFrTRV-XxW7Q,demarest-new-jersey
https://www.ubereats.com/new-jersey/food-delivery/poppys-bagels-pizza-and-tcby/ZCDvyoVpTQaaUha_PhAuew,demarest-new-jersey
https://www.ubereats.com/new-jersey/food-delivery/golden-krust-teaneck-nj/0dAtvlc6SmKDSuMwPwrO0g,demarest-new-jersey
https://www.ubereats.com/new-jersey/food-delivery/dunkin-258-livingston-ave/VDXb4dSPS3OrQRGA-m36TQ,demarest-new-jersey
https://www.ubereats.com/new-jersey/food-delivery/lulas-latin-cuisine/AGlDhn57RhCBhI7EUAfsgw,demarest-new-jersey
https://www.ubereats.com/new-jersey/food-delivery/bonanza-colombian-delights/aITo3MUBR2qGQnfi468ilQ,demarest-new-jersey
https://www.ubereats.com/new-jersey/food-delivery/pronto-pizza/E-BBk533RcySI-R9riQZZA,demarest-new-jersey
https://www.ubereats.com/new-jersey/food-delivery/daruma-japanese-restaurant/iGhD1gmZSDGS-PSLgba-aw,demarest-new-jersey
https://www.ubereats.com/new-jersey/food-delivery/coco-fresh-tea-%26-juice-hackensack-ave/XBPgFCW-Ti6j6yIBEBe9MA,demarest-new-jersey
https://www.ubereats.com/new-jersey/food-delivery/burger-king-38-hackensack-avenue/DM1UFf7SQdy4dn2i7Auhcg,demarest-new-jersey
https://www.ubereats.com/new-jersey/food-delivery/zais-dessertery-inc/t6VSHINZQ1-ttdKEOKoX8w,demarest-new-jersey
https://www.ubereats.com/new-jersey/food-delivery/subway-61-nathaniel-pl/gacs46loT9GOMmufTiqdPA,demarest-new-jersey
https://www.ubereats.com/new-jersey/food-delivery/burger-boss/YRN8oUBZTty8uYG80ZQzsw,demarest-new-jersey
https://www.ubereats.com/new-jersey/food-delivery/foschinis-brick-oven-kitchen-dumont/7keOXrGUStC2ETtM1Kq6fg,demarest-new-jersey
https://www.ubereats.com/new-jersey/food-delivery/toasty-gourmet-eatery-%26-cafe/Z5qQNJ07RNuNBthtOF-C3w,demarest-new-jersey
https://www.ubereats.com/new-jersey/food-delivery/malecon/VdbM-7AgS_SjHsxjPAxtog,demarest-new-jersey
https://www.ubereats.com/new-jersey/food-delivery/dunkin-636-westwood-ave/LNMps51rQsqwMs_F3eSa5Q,demarest-new-jersey
https://www.ubereats.com/new-jersey/food-delivery/grand-indian-restaurant/ad_DPB8iTWaWqNWLT4tpiw,demarest-new-jersey
https://www.ubereats.com/new-jersey/food-delivery/moes-southwest-grill-1061-main-street/ZrqgmJN4Q8afHilZ6rrCAg,demarest-new-jersey
https://www.ubereats.com/new-jersey/food-delivery/bareburger-129-vervalen-st/lH0_vPcnTQKbuaDy-JFdJA,demarest-new-jersey
https://www.ubereats.com/new-jersey/food-delivery/fresh-bites-dosirak/k44lLlCXSgeN_CAL9GnqfA,demarest-new-jersey
https://www.ubereats.com/new-jersey/food-delivery/the-greek-flame/Z4ymZNnETqOKFJ2kP7y5Og,demarest-new-jersey
https://www.ubereats.com/new-jersey/food-delivery/uncle-louie-g-ices-and-ice-cream-maywood/E_b5pIkXSiWTHLTAs5fUwA,demarest-new-jersey
https://www.ubereats.com/new-jersey/food-delivery/essex-bagels/neHtPccVRre3BphjRU518g,demarest-new-jersey
https://www.ubereats.com/new-jersey/food-delivery/millers-ale-house-paramus/hKj_X3bGScq7HmNXZFMqQw,demarest-new-jersey
https://www.ubereats.com/new-jersey/food-delivery/playa-bowls-englewood/teoRU7SUQZKbgpQ8PS6Xdw,demarest-new-jersey
https://www.ubereats.com/new-jersey/food-delivery/taste-of-spain/uqc4H8-wQr6uZuIh8qKIJw,demarest-new-jersey
https://www.ubereats.com/new-jersey/food-delivery/crossroads-deli/y1VG0uAeQ6iwI8qnhSbjrw,demarest-new-jersey
https://www.ubereats.com/new-jersey/food-delivery/the-ridge-diner/HXFyNMIkQnCHYwbTysby-w,demarest-new-jersey
