url,city
https://www.ubereats.com/dothan/food-delivery/mcdonalds-3520-ross-clark-cir/1LZwcf5TSYazrxbZnMRwjg,dothan
https://www.ubereats.com/dothan/food-delivery/zaxbys-3801-montgomery-hwy/UXa3Ar-HRQOSg4PcH2l2MA,dothan
https://www.ubereats.com/dothan/food-delivery/mcdonalds-1081-ross-clark-cir/Tg0trImoQ1uDlEqq9fscrA,dothan
https://www.ubereats.com/dothan/food-delivery/dunkin-3835-w-main-st/d3XymSiOSnCTlkXyuEzIVg,dothan
https://www.ubereats.com/dothan/food-delivery/captain-ds-3395-ross-clark-circle/gJxP7zrHRNe-bXMwi76RoA,dothan
https://www.ubereats.com/dothan/food-delivery/zaxbys-3850-w-main-street/PgFy9IpCRFCY-woy74e6NA,dothan
https://www.ubereats.com/dothan/food-delivery/wendys-2100-ross-clark-cir-sw/Q4XioLk0Seqr1dF-zMHuqQ,dothan
https://www.ubereats.com/dothan/food-delivery/arbys-124-hospitality-ln/ipBiuWMCTGm5D3vd9CdjQA,dothan
https://www.ubereats.com/dothan/food-delivery/momma-goldbergs-deli-apple-ave/vqp0QJsISFCYa96Y997Iww,dothan
https://www.ubereats.com/dothan/food-delivery/river-nile-cafe/_i0YY8ynQJG1mIr2pyuXDg,dothan
https://www.ubereats.com/dothan/food-delivery/hardees-4624-w-main-st/L8yGS91JT6CMms5so4LJMA,dothan
https://www.ubereats.com/dothan/food-delivery/taco-bell-4468-w-main-st/5uGl4LFbSSCDPrcg3ltDiw,dothan
https://www.ubereats.com/dothan/food-delivery/jus-relax/rASrqiSjSoy0KAzskAmWwA,dothan
https://www.ubereats.com/dothan/food-delivery/hardees-3471-ross-clark-cir/k39gopwuR5aSFgNStBwhtw,dothan
https://www.ubereats.com/dothan/food-delivery/kfc-taco-bell-4468-w-main-st-ste-2/PkkHx9xoRxm8QY0-iEEnrg,dothan
https://www.ubereats.com/dothan/food-delivery/dennys-2190-ross-clark-circle/0hzg8_ruRMm65Y6RplM4ug,dothan
https://www.ubereats.com/dothan/food-delivery/kfc-109-ross-clark-cir/auio89K_SM-wfsAOfxWwFQ,dothan
https://www.ubereats.com/dothan/food-delivery/kfc-1801-ross-clark-cir/oIxgr8tFQKqRk1srWJzdiA,dothan
https://www.ubereats.com/dothan/food-delivery/hardees-1086-ross-clark-cir/qVZhUVoHRsOT5XwCl-oodg,dothan
https://www.ubereats.com/dothan/food-delivery/dunkin-4185-montgomery-hwy/-4Y_FwvqT1yJnveSRXpb-w,dothan
https://www.ubereats.com/dothan/food-delivery/krispy-kreme-3095-ross-clark-circle-84-west/eIZ5tTJpR6unGGs61mYlwA,dothan
https://www.ubereats.com/dothan/food-delivery/mcdonalds-2251-reeves-st/GG-WZzWcSSuvELa4VY9gvQ,dothan
https://www.ubereats.com/dothan/food-delivery/pj-fresh-2190-ross-clark-circle/g-7BaF1WQYaEdj_X9Ki8Uw,dothan
https://www.ubereats.com/dothan/food-delivery/fazolis-3421-ross-clark-circle/R-_VoTW0SXSX-CGKXgUb9w,dothan
https://www.ubereats.com/dothan/food-delivery/hardees-2627-s-oates-st/q3ocep63TXmKKRv8fdSG8A,dothan
https://www.ubereats.com/dothan/food-delivery/jersey-mikes-subs-104-rock-bridge-rd/dMrd14JdR6iPkSMc9vWBww,dothan
https://www.ubereats.com/dothan/food-delivery/the-cellar/sS6nW671TcyDnjnDeMQ1-Q,dothan
https://www.ubereats.com/dothan/food-delivery/outback-steakhouse-2925-ross-clark-circle/uMhTbdJ8RTWv9qS9KQVC2w,dothan
https://www.ubereats.com/dothan/food-delivery/long-john-silvers-3518-ross-clark-cir/-LsbtNl2QuqeKg_uOz6DLQ,dothan
https://www.ubereats.com/dothan/food-delivery/burger-king-2203-ross-clark-circle-s-w/8seJeL7CSYWml8B1Qz4ZGQ,dothan
https://www.ubereats.com/dothan/food-delivery/willies-place/lNzz4dM_SlS_vvg9XF1cNw,dothan
https://www.ubereats.com/dothan/food-delivery/momma-goldbergs-deli-westgate-pkwy/BcJ6KXenQpmq8lYazt2rQg,dothan
https://www.ubereats.com/dothan/food-delivery/dickeys-barbecue-restaurants-inc-2115-east-main-st-suite-8/Y_OaoXuaQGGL1k5gXkAXsw,dothan
https://www.ubereats.com/dothan/food-delivery/five-guys-al-1243-4650-w-main-st/aHqAa9yaRrmMIsaBaO3MjQ,dothan
https://www.ubereats.com/dothan/food-delivery/wendys-101-apple-ave/OrFogoDqS7OsveO9RAIZgw,dothan
https://www.ubereats.com/dothan/food-delivery/firehouse-subs-3255-south-oates-street-suite-8/a4MAbE8YSemtmc9yRJSbtw,dothan
https://www.ubereats.com/dothan/food-delivery/tropical-smoothie-cafe-3230-ross-clark-circle-suite-3/qvNFOC1ESo2VBh4qolM6Uw,dothan
https://www.ubereats.com/dothan/food-delivery/firehouse-subs-3850-w-main-street-unit-806/7RiPG2iGSgWT8KdUmRYn3g,dothan
https://www.ubereats.com/dothan/food-delivery/popeyes-2231-ross-clark-circle/EKJ84-GYQ-ilnovgDONOtA,dothan
https://www.ubereats.com/dothan/food-delivery/metro-diner-dothan/BUEQiMvkQBGBlaDBYyU4GA,dothan
https://www.ubereats.com/dothan/food-delivery/ichiban-buffet-restaurant-of-dothan/3ooRR9E5QsyoqbRDy9ENAw,dothan
https://www.ubereats.com/dothan/food-delivery/captain-hooks/RHtZLEgVRBSyoJf9VALRTQ,dothan
https://www.ubereats.com/dothan/food-delivery/panda-express-3777-montgomery-hwy/wxpO_QccRn-lHijJSoTbKA,dothan
https://www.ubereats.com/dothan/food-delivery/ocharleys-3320-montgomery-hwy/N0QrKTECTcalNtUieNCUWQ,dothan
https://www.ubereats.com/dothan/food-delivery/clean-eatz/tPvqdfuKSUiHfJH04OfJdw,dothan
https://www.ubereats.com/dothan/food-delivery/bird-and-bean-coffee-house/cWCvOxYoQF2oaPBEzoNL8A,dothan
https://www.ubereats.com/dothan/food-delivery/pasquallys-pizza-%26-wings-1001-commons-drive/2-it-Z-9SquJWRwNX7o2_A,dothan
https://www.ubereats.com/dothan/food-delivery/burger-king-1165-ross-clark-circle/CW4sMz2TQjOEEAPxoIH_Aw,dothan
https://www.ubereats.com/dothan/food-delivery/super-canton/JQ5GDtlNRQG_qeyBB_oA4g,dothan
https://www.ubereats.com/dothan/food-delivery/auntie-annes-900-commons-dr-ste-821/FChYUlOaR4SJOLMOu0Y7nA,dothan
https://www.ubereats.com/dothan/food-delivery/tgi-fridays-2082-dothan-al/3rsq7JZvQFm2fKMkp5Mtvw,dothan
https://www.ubereats.com/dothan/food-delivery/mcdonalds-619-w-main-st/EG027R6ZRculrivgFSOQSA,dothan
https://www.ubereats.com/dothan/food-delivery/marcos-pizza-3119-ross-clark-cr/_DhX77P8SpC3B53OF3aPvw,dothan
https://www.ubereats.com/dothan/food-delivery/captain-ds-2236-ross-clark-circle-sw/VUJpkdKhQu2OZVrzQXKyBw,dothan
https://www.ubereats.com/dothan/food-delivery/dakota-coffee-works/CF9_xKllRpm1lP5WaMrXiw,dothan
https://www.ubereats.com/dothan/food-delivery/beef-o-bradys-2743-montgomery-hwy-%231010/tUKubTs2SMG1pmMQPr8G_Q,dothan
https://www.ubereats.com/dothan/food-delivery/dantes-pizza-900-commons-dr/dtwysUhmRQuvC2l2D90hRg,dothan
https://www.ubereats.com/dothan/food-delivery/taco-bell-3056-ross-clark-cir/dXir0XhJTZWp4YNbAl_p3A,dothan
https://www.ubereats.com/dothan/food-delivery/cold-stone-creamery-4871-montgomery-hwy/KUS0ckqeQ3ipHJDBk9eZVg,dothan
https://www.ubereats.com/dothan/food-delivery/burger-king-4220-ross-clark-circle-n-w/C1WrfnPdTR6AIo1taqwUCA,dothan
https://www.ubereats.com/dothan/food-delivery/popeyes-3354-montgomery-hwy/FpMIZi3BSqO8BMlDPE8iXg,dothan
https://www.ubereats.com/dothan/food-delivery/subway-4310-montgomery-hwy/mNc-NMGfTG6XqA1UJogKaQ,dothan
https://www.ubereats.com/dothan/food-delivery/cracker-barrel-old-country-store-3431-ross-clark-circle/-wKcbU4gTrOnXtL5HOnnVA,dothan
https://www.ubereats.com/dothan/food-delivery/newks-eatery-3468-ross-clark-circle/RGN_S8PpRhqIcdgEg2-xEg,dothan
https://www.ubereats.com/dothan/food-delivery/checkers-1111-ross-clark-circle/s_RPnxTtR2yz-xalIyJwwg,dothan
https://www.ubereats.com/dothan/food-delivery/mcalisters-deli-3106-ross-clark-circle/wgq7N6a8RZq7-ogp3IT9vA,dothan
https://www.ubereats.com/dothan/food-delivery/mcdonalds-2101-ross-clark-cir/AbZwWFJDQ5WPWk7mXkNTNQ,dothan
https://www.ubereats.com/dothan/food-delivery/subway-224-honeysuckle-rd-ste-2/02FVgGRSQVyP7VDOLmoUwQ,dothan
https://www.ubereats.com/dothan/food-delivery/arbys-3430-s-oates-st/FrOzx1tPRhiYIq6klKjt7A,dothan
https://www.ubereats.com/dothan/food-delivery/arbys-4037-west-main-st/dNKxC_-HRPWCC2NsYlVs3A,dothan
https://www.ubereats.com/dothan/food-delivery/buffalo-wild-wings-3400-montgomery-hwy/O7CSk3x1SZ2huIDmOiF-rg,dothan
https://www.ubereats.com/dothan/food-delivery/checkers-3091-ross-clark-circle-sw/f0HAc7EfSRCVqAukRRKbWw,dothan
https://www.ubereats.com/dothan/food-delivery/golden-corral-3340-ross-clark-circle/PG4Pb8YlTV-AmXa1qFW6CA,dothan
https://www.ubereats.com/dothan/food-delivery/panera-3515-ross-clark-circle/hHKTbB0XQn-gx3wH3IOMpA,dothan
https://www.ubereats.com/dothan/food-delivery/red-lobster-3116-montgomery-hwy/8CfqI61hRC-uEJo56fZ9sw,dothan
https://www.ubereats.com/dothan/food-delivery/chuck-e-cheese-1001-commons-drive/Y1Xt4RU4Q-iY1hSlCvmq3g,dothan
https://www.ubereats.com/dothan/food-delivery/checkers-3107-montgomery-hwy/QSCHtUaIQhiNXEECkxnPjA,dothan
https://www.ubereats.com/dothan/food-delivery/applebees-3050-ross-clark-circle/NkmiQWqmR3O5FZexkK6w2g,dothan
https://www.ubereats.com/dothan/food-delivery/checkers-2204-ross-clark-circle/io203vaATuG3JmnfZ_ovFw,dothan
https://www.ubereats.com/dothan/food-delivery/tropical-smoothie-cafe-1640-ross-clark-circle/BAKEEDmdSSi_5cJRQi6NDQ,dothan
https://www.ubereats.com/dothan/food-delivery/dunkin-2141-ross-clark-cir/zxU94iYbQ2Gv0ODWttyQGw,dothan
https://www.ubereats.com/dothan/food-delivery/burger-king-3182-montgomery-highway/X1kHdNweT269CzPOJrm7Rw,dothan
https://www.ubereats.com/dothan/food-delivery/subway-2336-ross-clark-cir/mnf1G8BRQ6KjXHkLT66n1g,dothan
https://www.ubereats.com/dothan/food-delivery/zaxbys-3205-s-oates-street/ItB07jjkTQaTSN-y0MJGkA,dothan
