url,city
https://www.ubereats.com/washington-dc/food-delivery/wendys-4000-jermantown-rd/LP63dMzzS6eomf0c8GU47Q,dunn-loring-virginia
https://www.ubereats.com/washington-dc/food-delivery/mad-fox-brewing-company-falls-church/SBoRhfUrQZicr0q5uO4QAA,dunn-loring-virginia
https://www.ubereats.com/washington-dc/food-delivery/social-burger-vienna/sfva5p7xTr-xTe6g6fazpQ,dunn-loring-virginia
https://www.ubereats.com/washington-dc/food-delivery/curry-mantra-fairfax/fzi58q0gSYmSFQXhRPIPDg,dunn-loring-virginia
https://www.ubereats.com/washington-dc/food-delivery/wendys-3040-gate-house-plza/HIxf-Ot-RjqpqoUN9voKNA,dunn-loring-virginia
https://www.ubereats.com/washington-dc/food-delivery/ben-%26-jerrys/gR4SLuDdRDWuBWbLqPGY3w,dunn-loring-virginia
https://www.ubereats.com/washington-dc/food-delivery/pizzeria-orso/fNqvs__KR6O1IR_YAYBBww,dunn-loring-virginia
https://www.ubereats.com/washington-dc/food-delivery/brekkie-bagels/7gybw6BVT9iBQAuD0N_5_A,dunn-loring-virginia
https://www.ubereats.com/washington-dc/food-delivery/ubar-coffee-%26-acai-bowls-cafe/Jp4pCgY4S7u8ikj2YdzITQ,dunn-loring-virginia
https://www.ubereats.com/washington-dc/food-delivery/pokeworks-annandale/Q6qh6vJyQfu4LRqrlfYVcQ,dunn-loring-virginia
https://www.ubereats.com/washington-dc/food-delivery/blue-bistro-usa/PhEa-XIjSMm13Zl3xd7NFQ,dunn-loring-virginia
https://www.ubereats.com/washington-dc/food-delivery/choolaah-indian-bbq-fairfax/D8BDaJFtQPO7qS1Pdpw-bg,dunn-loring-virginia
https://www.ubereats.com/washington-dc/food-delivery/chipotle-mexican-grill-11913-freedom-dr-ste-35/RpwdEBY5S_ePeNZDtJQ8AQ,dunn-loring-virginia
https://www.ubereats.com/washington-dc/food-delivery/kfc-6227-little-river-turnpike/9X3W4xTeSguCXv0ROm9vZA,dunn-loring-virginia
https://www.ubereats.com/washington-dc/food-delivery/bebop/ed5Vq7-UT8ugpQBeza750w,dunn-loring-virginia
https://www.ubereats.com/washington-dc/food-delivery/sfizi-cafe/Cb9OB7N0QYOLP2sL7qhHcA,dunn-loring-virginia
https://www.ubereats.com/washington-dc/food-delivery/firepan-korean-bbq/CWGZDstsSqajIEF2tfxdog,dunn-loring-virginia
https://www.ubereats.com/washington-dc/food-delivery/uno-pizzeria-%26-grill-falls-church/WtlkdvmZSRaphpal9yCskA,dunn-loring-virginia
https://www.ubereats.com/washington-dc/food-delivery/alborz-persian-restaurant/bye1UDjhTdOQr2Q1UUc6Hw,dunn-loring-virginia
https://www.ubereats.com/washington-dc/food-delivery/jasmine-garden-falls-church/OLawA4U5TxGURhbk3gwCWg,dunn-loring-virginia
https://www.ubereats.com/washington-dc/food-delivery/hamrocks-restaurant/sEzxutv4T4CpiSdtrjttaA,dunn-loring-virginia
https://www.ubereats.com/washington-dc/food-delivery/mels-melts/CnnUIB6GQIOIaVBv4dop_Q,dunn-loring-virginia
https://www.ubereats.com/washington-dc/food-delivery/sawadika-ice-cream/CSxVXAoBTQqyMFQmiKhxwQ,dunn-loring-virginia
https://www.ubereats.com/washington-dc/food-delivery/zaytoon-wings/menGAVxhQ7i7iyI6OGL2_Q,dunn-loring-virginia
https://www.ubereats.com/washington-dc/food-delivery/ben-%26-jerrys/QSDaOjmdSUObEVCqtf5RRQ,dunn-loring-virginia
https://www.ubereats.com/washington-dc/food-delivery/lost-dog-cafe-dunn-loring/Gshyd_fSRZeRu4eWsSXizw,dunn-loring-virginia
https://www.ubereats.com/washington-dc/food-delivery/dcsteakholders/vyem1OX8SsencnzW7VWGrw,dunn-loring-virginia
https://www.ubereats.com/washington-dc/food-delivery/sorak-garden/vZdbUNQgSjyTHXtITpbw-g,dunn-loring-virginia
https://www.ubereats.com/washington-dc/food-delivery/smashmouth-burgers/hNzstc1FQUOmP8xys6qA6Q,dunn-loring-virginia
https://www.ubereats.com/washington-dc/food-delivery/haagen-dazs-tyson-corner-center/4q6A1CovS-KkKnLyb9nxVA,dunn-loring-virginia
https://www.ubereats.com/washington-dc/food-delivery/joong-mi-annandale/Lyquj6CKT0O387aqmOrDhA,dunn-loring-virginia
https://www.ubereats.com/washington-dc/food-delivery/da-domenico-restaurante-italiano/9E32TUsMQnSZeo6Y7G0pWw,dunn-loring-virginia
https://www.ubereats.com/washington-dc/food-delivery/sapphire-tysons/S0ddbrSXSfq3EiZG4eYu4g,dunn-loring-virginia
https://www.ubereats.com/washington-dc/food-delivery/cava-1445-chain-bridge-road/2ENzhcyJQhqg7BTHqL5Y5g,dunn-loring-virginia
https://www.ubereats.com/washington-dc/food-delivery/sakura-japanese-steakhouse-fairfax/r2Ps5aI3SxqIfvLSyZIu4w,dunn-loring-virginia
https://www.ubereats.com/washington-dc/food-delivery/jerusalem-restaurant-and-catering/62wogTwcRK2-TZinS35pyg,dunn-loring-virginia
https://www.ubereats.com/washington-dc/food-delivery/taco-rico/lDfcCL-TS2qkaYKmcjlsTg,dunn-loring-virginia
https://www.ubereats.com/washington-dc/food-delivery/pho-88-vietnamese-restaurant/1wOE-c0USQ2KQtOo3MOCgA,dunn-loring-virginia
https://www.ubereats.com/washington-dc/food-delivery/blue-iguana/bJnuIdvhSImxV8nqF2gl3A,dunn-loring-virginia
https://www.ubereats.com/washington-dc/food-delivery/madison-deli-mclean/DhwVJm1bQ-WbEQsXDW8sCQ,dunn-loring-virginia
https://www.ubereats.com/washington-dc/food-delivery/waraku-japanese-ramen/CpQ82epATJ2XWbTABxmGZg,dunn-loring-virginia
https://www.ubereats.com/washington-dc/food-delivery/quickway-japanese-hibachi-falls-church/8KQm6PQsQpWGc4j25fokMQ,dunn-loring-virginia
https://www.ubereats.com/washington-dc/food-delivery/randys-prime-seafood-%26-steaks/1hodrwEXR5yXGL9_i0LWdw,dunn-loring-virginia
https://www.ubereats.com/washington-dc/food-delivery/seoul-soondae/eO8eeqTWREi1qxj_YL-dKA,dunn-loring-virginia
https://www.ubereats.com/washington-dc/food-delivery/aladdin-sweets-and-tandoor/KTfdiO29RsSfOmIL8D-FNA,dunn-loring-virginia
https://www.ubereats.com/washington-dc/food-delivery/ruths-chris-steak-house-4104-monument-corner-dr/DNC7zK6BSGG4VxdcHsIB0g,dunn-loring-virginia
https://www.ubereats.com/washington-dc/food-delivery/td-karaoke/uwtc4cJoRhy0HZo6_Qfgjg,dunn-loring-virginia
https://www.ubereats.com/washington-dc/food-delivery/popeyes-6134-h-arlington-blvd/TnasViKYRyyoE8Xu4ti8sg,dunn-loring-virginia
https://www.ubereats.com/washington-dc/food-delivery/panda-express-4400-university-dr/0N65-pI-Q-603jo9ygqr-w,dunn-loring-virginia
https://www.ubereats.com/washington-dc/food-delivery/friends-kabob-vienna/0rJ8kW4vQ0ixj6RJrvaUaA,dunn-loring-virginia
https://www.ubereats.com/washington-dc/food-delivery/cupcakes-%26-more/idakzTO_R5SbKtYOSjzpTQ,dunn-loring-virginia
https://www.ubereats.com/washington-dc/food-delivery/saigon-1975-vietnamese-restaurant/uCn5P6nnRCS2cwt6Q0pYSQ,dunn-loring-virginia
https://www.ubereats.com/washington-dc/food-delivery/the-block/X8iATjpaQbCBrnV1FZLclg,dunn-loring-virginia
https://www.ubereats.com/washington-dc/food-delivery/honeygrow-8399-leesburg-pike/HCl8hbvJSMmuyVeQtcCxew,dunn-loring-virginia
https://www.ubereats.com/washington-dc/food-delivery/chipotle-mexican-grill-7923-l-tysons-corner-center/LqgqyjqkTSSrk7B5YunKeA,dunn-loring-virginia
https://www.ubereats.com/washington-dc/food-delivery/sushi-zen-arlington/-ydqPeZxTae23zCBqaOyug,dunn-loring-virginia
https://www.ubereats.com/washington-dc/food-delivery/smashburger-1500-e-cornerside-blvd/oaxYgymfSDWNbXd_0CaJCg,dunn-loring-virginia
https://www.ubereats.com/washington-dc/food-delivery/pio-pio-peruvian-cuisine/UeDL7xx7RWOwfjJRE_xNrg,dunn-loring-virginia
https://www.ubereats.com/washington-dc/food-delivery/momos-cafe/9ei67BZbQJiqmUX0Q-9gRg,dunn-loring-virginia
https://www.ubereats.com/washington-dc/food-delivery/al-nakheel-lebanese-cafe-%26-market-vienna/-2pPLlDnQMuyLIy-KbOBzA,dunn-loring-virginia
https://www.ubereats.com/washington-dc/food-delivery/crust-pizzeria-napoletana-vienna/6wNarLkISkOmxd8VJwh0Uw,dunn-loring-virginia
https://www.ubereats.com/washington-dc/food-delivery/fatouche/ECZkZH74QZWhXllU5FrqRA,dunn-loring-virginia
https://www.ubereats.com/washington-dc/food-delivery/red-tomato-pizzeria/ACRNrZJzSNGAUyjrwCqqZw,dunn-loring-virginia
https://www.ubereats.com/washington-dc/food-delivery/taco-bell-935-west-broad-street/AJnzZg6GT8aFODm0Dvt7Bg,dunn-loring-virginia
https://www.ubereats.com/washington-dc/food-delivery/china-star-restaurant/YOY1HDIJQ3uK8VScnBY5oQ,dunn-loring-virginia
https://www.ubereats.com/washington-dc/food-delivery/diya-bistro/O9Din8AOQiCe6lDvrK3DQA,dunn-loring-virginia
https://www.ubereats.com/washington-dc/food-delivery/10-pizza/hdO9rPcOTSCrkvnKI0q1nA,dunn-loring-virginia
https://www.ubereats.com/washington-dc/food-delivery/silverado-annandale/CHaKFHa6QKqD3ArCnrVhQg,dunn-loring-virginia
https://www.ubereats.com/washington-dc/food-delivery/soho-cafe-%26-market-adams-morgan/E9mpqIURSYucZQCp8HYyoA,dunn-loring-virginia
https://www.ubereats.com/washington-dc/food-delivery/ginsoy-fusion/qVgL1PI4T06DAHuOzBUGHQ,dunn-loring-virginia
https://www.ubereats.com/washington-dc/food-delivery/sunny-%26-fines-breakfast-burritos/UNx7wuFmRrq0yvBR8C2jDg,dunn-loring-virginia
https://www.ubereats.com/washington-dc/food-delivery/happy-lamb-hot-pot-falls-church/gKzU-LCEQY66Iia0AyF3nQ,dunn-loring-virginia
https://www.ubereats.com/washington-dc/food-delivery/cedars-gourmet-%26-sweets/ZrW89vtlTf2MTpx1NgSbWQ,dunn-loring-virginia
https://www.ubereats.com/washington-dc/food-delivery/pho-play/W5n9KMVwTDi4GUPMrDN-iQ,dunn-loring-virginia
https://www.ubereats.com/washington-dc/food-delivery/ramen-lamen/wA4z2X3PSmeluW6OTc9j-Q,dunn-loring-virginia
https://www.ubereats.com/washington-dc/food-delivery/new-beijing-chinese-restaurant/3W72rGXgS66soGQzdp6MkA,dunn-loring-virginia
https://www.ubereats.com/washington-dc/food-delivery/spin-pollo/-51uizUbQsCjWxLGI_IelQ,dunn-loring-virginia
https://www.ubereats.com/washington-dc/food-delivery/popeyes-9581-braddock-road/ZpP2KBFuQGe6ABRnmiasCA,dunn-loring-virginia
https://www.ubereats.com/washington-dc/food-delivery/loopys-eatery/52p1xrhlSmybh7LSNLxanA,dunn-loring-virginia
https://www.ubereats.com/washington-dc/food-delivery/don-pollo-vienna/jYXu2yrNSnudG98EZuXToQ,dunn-loring-virginia
https://www.ubereats.com/washington-dc/food-delivery/pho-cong-ly-noodle-%26-grill-annandale/6wG9wJHKQkOU0LiZ40GiQg,dunn-loring-virginia
https://www.ubereats.com/washington-dc/food-delivery/kfc-taco-bell-9402-old-burke-lake-rd/xTJVWHRnRQq0cr_Lek77uA,dunn-loring-virginia
https://www.ubereats.com/washington-dc/food-delivery/subway/Z4xt9PweRsyb_Cn6UmzsYw,dunn-loring-virginia
https://www.ubereats.com/washington-dc/food-delivery/sharetea-fairfax/AF8o0zvtSjm6JyOLnz0ZQg,dunn-loring-virginia
https://www.ubereats.com/washington-dc/food-delivery/diva-lounge/gjpzYeBqSUSt-DdGLdHNeg,dunn-loring-virginia
https://www.ubereats.com/washington-dc/food-delivery/ga-bo-ja-restaurant-annandale/cthhsFcPQDifZrAvVaeU2g,dunn-loring-virginia
https://www.ubereats.com/washington-dc/food-delivery/mcdonalds-fairfax-circle/6AFXUzVaTD6eUDrHkAOAtQ,dunn-loring-virginia
https://www.ubereats.com/washington-dc/food-delivery/clydes-of-reston/N2PMjX45QWGPIR0rsZVhCQ,dunn-loring-virginia
https://www.ubereats.com/washington-dc/food-delivery/famous-daves-oakton/N5c8rANmRd62zh-Oxqbq9A,dunn-loring-virginia
https://www.ubereats.com/washington-dc/food-delivery/ubar-bowl/FeUcHLwNTjyVbxQXYIjZGw,dunn-loring-virginia
https://www.ubereats.com/washington-dc/food-delivery/mcdonalds-beauregard-satellite/mSjtmP4lRRW5fCCMf_SGRw,dunn-loring-virginia
https://www.ubereats.com/washington-dc/food-delivery/busara-restaurant/YW0p83hURsSgPGlBcETJgw,dunn-loring-virginia
https://www.ubereats.com/washington-dc/food-delivery/food-corner-kabob-house/Ee4SDZUSSO2kOHJJ8cyirA,dunn-loring-virginia
https://www.ubereats.com/washington-dc/food-delivery/los-restaurant/MhD3aGsLSaCdg-M0Seti1w,dunn-loring-virginia
https://www.ubereats.com/washington-dc/food-delivery/santinis-new-york-style-deli-oakton/lvK2YOumSQuU5lvHqRTByQ,dunn-loring-virginia
https://www.ubereats.com/washington-dc/food-delivery/arties-fairfax/L9SOt_nARsuwYzU_T43_EA,dunn-loring-virginia
https://www.ubereats.com/washington-dc/food-delivery/tropical-smoothie-cafe-oakton-shopping-center/TksPRYPXTYGjUmNz98GjTg,dunn-loring-virginia
https://www.ubereats.com/washington-dc/food-delivery/vocelli-pizza-6973-h-hechinger-drive/h-Gj0985Roem40ey6f3Z-A,dunn-loring-virginia
https://www.ubereats.com/washington-dc/food-delivery/bawadi-mediterranean-and-sweets-cafe/uH56GqsrQGuBwsnndq6RDw,dunn-loring-virginia
https://www.ubereats.com/washington-dc/food-delivery/crisp-%26-juicy-arlington/0CBSSrHPQB-8zurYUo4fPA,dunn-loring-virginia
https://www.ubereats.com/washington-dc/food-delivery/pho-duong/0_IYyVexSEaVTfJ4q87gug,dunn-loring-virginia
https://www.ubereats.com/washington-dc/food-delivery/passion-fin-bethesda/pbjGC5-dTTiYa8zrYJLQAQ,dunn-loring-virginia
https://www.ubereats.com/washington-dc/food-delivery/le-cafe-market/n--vO00jQoS0Ai3XcHv5Zg,dunn-loring-virginia
https://www.ubereats.com/washington-dc/food-delivery/nua-haus-thai-sushi-%26-drafthouse/ZCPiU_NnRL2H0mRr3_BvTw,dunn-loring-virginia
https://www.ubereats.com/washington-dc/food-delivery/dunkin-8119-watson-st/I-gBCqNxSv-NoFhara-M-w,dunn-loring-virginia
https://www.ubereats.com/washington-dc/food-delivery/the-locker-room/bUM9YcPmSoi7lX4XUOyvdg,dunn-loring-virginia
https://www.ubereats.com/washington-dc/food-delivery/taqueria-loca-vienna/pqzKFUW8SZO30Uxu6BJBbQ,dunn-loring-virginia
https://www.ubereats.com/washington-dc/food-delivery/marumen-fairfax/d9lzvqIyRfa2J97KXyM_4Q,dunn-loring-virginia
https://www.ubereats.com/washington-dc/food-delivery/kimen-ramen-%26-izakaya/g6ePOEucReqXi_KL3gZS5A,dunn-loring-virginia
https://www.ubereats.com/washington-dc/food-delivery/bistro-1775/pQ5MwPZgSg6nQoDWpu3-BA,dunn-loring-virginia
https://www.ubereats.com/washington-dc/food-delivery/philz-coffee-4121-wilson-blvd-suite-102c/OnKYrmE3T5ag1Pxatj-4pg,dunn-loring-virginia
https://www.ubereats.com/washington-dc/food-delivery/lt-market-4400-old-dominion-dr/WvX7Ky3fT6G43NH2u2_GkQ,dunn-loring-virginia
https://www.ubereats.com/washington-dc/food-delivery/ranias-love-the-vegetarian-restaurant/qKBZQTv8TDKh7gd7EV3A-Q,dunn-loring-virginia
https://www.ubereats.com/washington-dc/food-delivery/wildfire-mclean/vY_GzbTTQnOQLfTtTI6DMA,dunn-loring-virginia
https://www.ubereats.com/washington-dc/food-delivery/z-closeddonatos-pizza/am5YntWdR8S7TFZws03FVw,dunn-loring-virginia
https://www.ubereats.com/washington-dc/food-delivery/roccos-italian-restaurant/dUeT7-DWQnO5uLjTlIXQAA,dunn-loring-virginia
https://www.ubereats.com/washington-dc/food-delivery/ba-le-friends-bakery-falls-church/x44-CRt4RwG41Hbjq_cOYA,dunn-loring-virginia
https://www.ubereats.com/washington-dc/food-delivery/natalies-baguette/Bm9v4nt1TmyPIWGfWY1uWw,dunn-loring-virginia
https://www.ubereats.com/washington-dc/food-delivery/starbucks-mclean/e-2MwRSNR9WFCZ4-s-xBiQ,dunn-loring-virginia
https://www.ubereats.com/washington-dc/food-delivery/high-side/f0lQkWhESV2YVsaOnIBCbQ,dunn-loring-virginia
https://www.ubereats.com/washington-dc/food-delivery/tanpopo-ramen-house/Gub-Sc26TgSC-XroSuEG_Q,dunn-loring-virginia
https://www.ubereats.com/washington-dc/food-delivery/aracosia-mclean/Omb1nFKvQ7a6x2Ixi7XRtw,dunn-loring-virginia
https://www.ubereats.com/washington-dc/food-delivery/thai-thai-restaurant-arlington/TetU7dD0QROFhlxx9bD8Vw,dunn-loring-virginia
https://www.ubereats.com/washington-dc/food-delivery/starbucks-chesterbrook/pGVb9w5nRViJL4BEG2UB2w,dunn-loring-virginia
https://www.ubereats.com/washington-dc/food-delivery/viva-tequila-restaurant-falls-church/cuWT_uz2QO6YMqCm4zBy3g,dunn-loring-virginia
https://www.ubereats.com/washington-dc/food-delivery/choong-man-chicken/hkbERk23S1CF09Oidnjp1Q,dunn-loring-virginia
https://www.ubereats.com/washington-dc/food-delivery/lees-sushi/IyHc-X4hR5ajmiKqZZSFXQ,dunn-loring-virginia
https://www.ubereats.com/washington-dc/food-delivery/nandos-peri-peri-2987-district-ave-ste-%23100/Z0kVq5iISMWOiOq_G1QzIA,dunn-loring-virginia
https://www.ubereats.com/washington-dc/food-delivery/sweet-leaf-maple-vienna/zu2uojwCTx2IeRWIuHL73Q,dunn-loring-virginia
https://www.ubereats.com/washington-dc/food-delivery/peking-cafe/NIOrooJGSeylsRmAIy4r3w,dunn-loring-virginia
https://www.ubereats.com/washington-dc/food-delivery/super-chicken-tysons/x79CsN-HRVaHS_M-v6fYfQ,dunn-loring-virginia
https://www.ubereats.com/washington-dc/food-delivery/red-robin-576-6331-seven-corners-center/2yJjZ-VfTi2H4Yjn81Pu3g,dunn-loring-virginia
https://www.ubereats.com/washington-dc/food-delivery/bentleys-falls-church-diner/cWoachP9TUG0URRL0jtsWw,dunn-loring-virginia
https://www.ubereats.com/washington-dc/food-delivery/my-home-thai-bistro/G5k6jKg8TnupmZUejFj8vw,dunn-loring-virginia
https://www.ubereats.com/washington-dc/food-delivery/robeks/ETXT0keGQCKE2grFOG0CcQ,dunn-loring-virginia
https://www.ubereats.com/washington-dc/food-delivery/crazy-sushi-asian-bistro/KFSdu4ZIQdKu9gYYliCr5A,dunn-loring-virginia
https://www.ubereats.com/washington-dc/food-delivery/cava-1815-fountain-drive/jRsFO2mUTZChX2Cu3Kuq4g,dunn-loring-virginia
https://www.ubereats.com/washington-dc/food-delivery/gaijin-ramen-shop/AWkqeFixQOCp5b5nR_Dg6w,dunn-loring-virginia
https://www.ubereats.com/washington-dc/food-delivery/killer-wings/2kPNGfCXSB-oF21VnOoU8w,dunn-loring-virginia
https://www.ubereats.com/washington-dc/food-delivery/charlotte-artisanal/oIU0HHZSSgKc7R0mZn3WvQ,dunn-loring-virginia
https://www.ubereats.com/washington-dc/food-delivery/mcdonalds-tysons-ii/UvLvhR-6SF62fY2OCFU5BA,dunn-loring-virginia
https://www.ubereats.com/washington-dc/food-delivery/the-happy-tart/NPw-jTv_QtW_QRBcvOEiuw,dunn-loring-virginia
https://www.ubereats.com/washington-dc/food-delivery/viet-aroma-asian-cuisine/M4Gm8dcURhGpkl_B3Fvw7w,dunn-loring-virginia
https://www.ubereats.com/washington-dc/food-delivery/clare-and-dons-beach-shack/ttzHjf6FT-mkZp_MOX8mJw,dunn-loring-virginia
https://www.ubereats.com/washington-dc/food-delivery/mount-olive-restaurant/hoOCrXMhSieaf-LSp-kSfQ,dunn-loring-virginia
https://www.ubereats.com/washington-dc/food-delivery/om-pasta-bar/3702TbYqRA6yHyuUWnd52w,dunn-loring-virginia
https://www.ubereats.com/washington-dc/food-delivery/wings-%26-things-was03-1/ON_KwtRMTmWT0Bnek7HxTQ,dunn-loring-virginia
https://www.ubereats.com/washington-dc/food-delivery/yechon-restaurant/xz9P46GDTUOA0FGR0hgCtw,dunn-loring-virginia
https://www.ubereats.com/washington-dc/food-delivery/moby-dick-house-of-kabob-fairfax-towne-center/SQVO4QOsSP2RXSGGc8jeIQ,dunn-loring-virginia
https://www.ubereats.com/washington-dc/food-delivery/buffalo-wild-wings-11204-james-swart-cir/LmtBm9DESQWPrn55C7yyoQ,dunn-loring-virginia
https://www.ubereats.com/washington-dc/food-delivery/hooters-fairfax-blvd-%26-stafford-dr/bf8lE4AqT-mCFIxKZrnBAg,dunn-loring-virginia
https://www.ubereats.com/washington-dc/food-delivery/starbucks-oakton/rBAMPSn1Tg2rEQL2MYiVwQ,dunn-loring-virginia
https://www.ubereats.com/washington-dc/food-delivery/meridian-pint/rajP2nZtSuqw9BuXbk4SoA,dunn-loring-virginia
https://www.ubereats.com/washington-dc/food-delivery/starbucks-dunn-loring-metro/lj-gDAEFTk-yvzo8suZF_g,dunn-loring-virginia
https://www.ubereats.com/washington-dc/food-delivery/bombay-tandoor/jXGP947tSq-ApI3vCGCyQA,dunn-loring-virginia
https://www.ubereats.com/washington-dc/food-delivery/sprinkles-georgetown/qDOz7qVPQS-eCox3xkEc3A,dunn-loring-virginia
https://www.ubereats.com/washington-dc/food-delivery/wendys-7391-lee-highway/jkIhn3jWRMKYGrO0EKQwmA,dunn-loring-virginia
https://www.ubereats.com/washington-dc/food-delivery/dunkin-314-maple-ave-w/F4sfjUZkTZGYqrePTsMs0A,dunn-loring-virginia
https://www.ubereats.com/washington-dc/food-delivery/carrabbas-12192-sunset-hills-road/uDLKwnWeR52-OE4hpqQ9wg,dunn-loring-virginia
https://www.ubereats.com/washington-dc/food-delivery/checheho-ethiopian-restaurant/tXxnqHdUTjiqiAetWxf_CQ,dunn-loring-virginia
https://www.ubereats.com/washington-dc/food-delivery/plaka-grill-broad-st/8TbhJ16pRV2BoqjDJLUvMQ,dunn-loring-virginia
https://www.ubereats.com/washington-dc/food-delivery/hong-kong-palace-%E6%88%90%E9%83%BD%E5%B0%8F%E9%A6%86/wu62Qj6MSnqHKEEaR5l4LQ,dunn-loring-virginia
https://www.ubereats.com/washington-dc/food-delivery/moge-tee-%E6%84%BF%E8%8C%B6-tysons-corner/lFTZt9PmRnCZ-87Yo6C4kA,dunn-loring-virginia
https://www.ubereats.com/washington-dc/food-delivery/mod-pizza-vienna/0S_1hEcPTnWT-1WYzMHOFw,dunn-loring-virginia
https://www.ubereats.com/washington-dc/food-delivery/elfign-ethiopian-restaurant/0adAZKGxRzqZkMvClZFyXA,dunn-loring-virginia
https://www.ubereats.com/washington-dc/food-delivery/silver-diner-fair-oaks/enDeXNvGSq-Pve8aZaWwoA,dunn-loring-virginia
https://www.ubereats.com/washington-dc/food-delivery/hong-kong-pearl-seafood-restaurant-falls-church/lUBryNT3RpycDX_pKopZJA,dunn-loring-virginia
https://www.ubereats.com/washington-dc/food-delivery/lost-dog-cafe-north-arlington/RQOOVrozRzqLLY-aEd9OOw,dunn-loring-virginia
https://www.ubereats.com/washington-dc/food-delivery/district-wings/EjLUsLrCQiibVsm9mgQGbQ,dunn-loring-virginia
https://www.ubereats.com/washington-dc/food-delivery/tom-yum-thai-vienna/LekNLHbXQzeQw6uxA6CY3g,dunn-loring-virginia
https://www.ubereats.com/washington-dc/food-delivery/tropical-smoothie-cafe-6110-arlington-blvd/NYARmM3yTKSb5XEGMjgbOw,dunn-loring-virginia
https://www.ubereats.com/washington-dc/food-delivery/moby-dick-house-of-kabob-falls-church/X-7xIMofTwqff-BR3vVK6Q,dunn-loring-virginia
https://www.ubereats.com/washington-dc/food-delivery/zandras-taqueria-fairfax/UT1ZqDu-Su2F9ph6ff8oYA,dunn-loring-virginia
https://www.ubereats.com/washington-dc/food-delivery/duck-donuts-arlington/kGQYUbM-SGGUETfbtsOrsA,dunn-loring-virginia
https://www.ubereats.com/washington-dc/food-delivery/ritas-italian-ice-116-church-st-nw/gSDkRwYsTaixUWtlw9SirA,dunn-loring-virginia
https://www.ubereats.com/washington-dc/food-delivery/bawadi-mediterranean-grill/RScefVVKQM20U-h1hpZFug,dunn-loring-virginia
https://www.ubereats.com/washington-dc/food-delivery/pho-cyclo-falls-church/fr_EmPp3T4CEmDpo_ErDqg,dunn-loring-virginia
https://www.ubereats.com/washington-dc/food-delivery/teds-bulletin-fairfax/n-jqg-HBR1qMlDbTxfpejQ,dunn-loring-virginia
https://www.ubereats.com/washington-dc/food-delivery/arbys-8127-lee-highway/HVstiayVQ6yFwYEb6xiLbA,dunn-loring-virginia
https://www.ubereats.com/washington-dc/food-delivery/willie-ts/3-HMqQ5QRqKTt5iGwNthxg,dunn-loring-virginia
https://www.ubereats.com/washington-dc/food-delivery/taco-bell-11257-roger-bacon-dr/4RGDJ-HjRDGsdrMgxOuz0Q,dunn-loring-virginia
https://www.ubereats.com/washington-dc/food-delivery/teriyaki-way-japanese-grill-%26-ramen/_3IpyeRwRFW1YRB8wnPZww,dunn-loring-virginia
https://www.ubereats.com/washington-dc/food-delivery/noodles-%26-company-7511-leesburg-pike-ste-101/IaplZHLqSRiQrq3FPvzT5g,dunn-loring-virginia
https://www.ubereats.com/washington-dc/food-delivery/lokl-gourmet/Jf_02VvnQGimXVOH94uKYw,dunn-loring-virginia
https://www.ubereats.com/washington-dc/food-delivery/pokehub-fairfax/zqJmn7UcTna3J-EsLNGvew,dunn-loring-virginia
https://www.ubereats.com/washington-dc/food-delivery/mcdonalds-7937-l-tyson-center-mall/2eYX3gwLTJ2jcQPM2tS29A,dunn-loring-virginia
https://www.ubereats.com/washington-dc/food-delivery/mcdonalds-flls-ch-ex-roys/qnJ0MAf7SIG8Fuhke5a-Wg,dunn-loring-virginia
https://www.ubereats.com/washington-dc/food-delivery/moby-dick-house-of-kabob-mclean/L6EGb9-vR8yJ6wbce-yAKQ,dunn-loring-virginia
https://www.ubereats.com/washington-dc/food-delivery/mcdonalds-arlington-va-glebe/kgJslDMcSr28bknTF2PB2w,dunn-loring-virginia
https://www.ubereats.com/washington-dc/food-delivery/masala-wok/CwuJiEF3TKWV54xo1NnrCQ,dunn-loring-virginia
https://www.ubereats.com/washington-dc/food-delivery/peking-express-vienna/qi_9We4PTTyuUDa7j5tmlA,dunn-loring-virginia
https://www.ubereats.com/washington-dc/food-delivery/seoul-soondae-restaurant-annandale/S0zoxHGpSNy2MKWWIGLmhg,dunn-loring-virginia
https://www.ubereats.com/washington-dc/food-delivery/bjs-restaurant-%26-brewhouse-8027-leesburg-pike-suite-100/Mx-QnjljTy2qB9OigMqmbg,dunn-loring-virginia
https://www.ubereats.com/washington-dc/food-delivery/chick-fil-a-9509-fairfax-blvd/bteyr0IpQ-W-ZxRiKfPsrQ,dunn-loring-virginia
https://www.ubereats.com/washington-dc/food-delivery/the-inside-scoop/gdsBvV4jQj-ogXyJLBsEfQ,dunn-loring-virginia
https://www.ubereats.com/washington-dc/food-delivery/moby-dick-house-of-kabob-vienna/7rumh9pjRAWnOWcsRO-PGQ,dunn-loring-virginia
https://www.ubereats.com/washington-dc/food-delivery/bing-%26-bao/braTQwgDRlOzd-gipJI1PQ,dunn-loring-virginia
https://www.ubereats.com/washington-dc/food-delivery/sweetgreen-tysons-galleria/CLWeUA6YSNuBE3YetIIM8A,dunn-loring-virginia
https://www.ubereats.com/washington-dc/food-delivery/sunnyvale-farms-sandwiches/i2SUAMitTMOd3BELm6faiw,dunn-loring-virginia
https://www.ubereats.com/washington-dc/food-delivery/el-buen-gusto/sTjFPrN8QPqexPtag_ctDA,dunn-loring-virginia
https://www.ubereats.com/washington-dc/food-delivery/sophias-cafe/wPDB9DRtTdS1YGmRtaR71w,dunn-loring-virginia
https://www.ubereats.com/washington-dc/food-delivery/bangkok-golden-thai-restaurant/QF1ixvsBSgmWDoTBgfr4Zw,dunn-loring-virginia
https://www.ubereats.com/washington-dc/food-delivery/republik-coffee-bar/4_4codSzRZGgO_4DgBAjMw,dunn-loring-virginia
https://www.ubereats.com/washington-dc/food-delivery/neisha-thai/6BVsV80ZT7aHzLDmm3oqUg,dunn-loring-virginia
https://www.ubereats.com/washington-dc/food-delivery/moge-tee-%E6%84%BF%E8%8C%B6-arlington-blvd/3XCofasvT6uH-IMXiHsfWw,dunn-loring-virginia
https://www.ubereats.com/washington-dc/food-delivery/moby-dick-house-of-kabob-tysons-corner/RlxQdujlQUWzv9Ho-mYK0g,dunn-loring-virginia
https://www.ubereats.com/washington-dc/food-delivery/pasta-di-nonna/NkZs3tSOQ1i8SHNlDS7WUw,dunn-loring-virginia
https://www.ubereats.com/washington-dc/food-delivery/jersey-mikes-subs-fairfax-10394-willard-way/yno1Up4VQla7wVJYcPtk9A,dunn-loring-virginia
https://www.ubereats.com/washington-dc/food-delivery/le-bledo/cHXx6HFPST6tu6yx_gE07g,dunn-loring-virginia
https://www.ubereats.com/washington-dc/food-delivery/cava-8048-tysons-corner-center-k7au/dSZf8JynRES2j6IcXFKPXA,dunn-loring-virginia
https://www.ubereats.com/washington-dc/food-delivery/latin-chicken-place/FaLEHTmSRLaFVDeY4t3-wQ,dunn-loring-virginia
https://www.ubereats.com/washington-dc/food-delivery/dunkin-2946-chain-bridge-rd/hrb-rOWVQPaQ_upS4YwJYQ,dunn-loring-virginia
https://www.ubereats.com/washington-dc/food-delivery/bombay-cafe-fairfax/_ocBJx-4QeatQZ-Xb9qVAg,dunn-loring-virginia
https://www.ubereats.com/washington-dc/food-delivery/potbelly-sandwich-shop-fairfax-old-town-%7C-163/qM-_-TKKRQWcVYd5EkeY1w,dunn-loring-virginia
https://www.ubereats.com/washington-dc/food-delivery/tropical-smoothie-cafe-8301c-greensboro-drive/b8r-fgi9Ttq2a0nAOvhPlg,dunn-loring-virginia
https://www.ubereats.com/washington-dc/food-delivery/mango-mango-dessert-virginia/yb6iYt2LQi-0p6diNDn75g,dunn-loring-virginia
https://www.ubereats.com/washington-dc/food-delivery/chipotle-mexican-grill-4477-aquia-creek-lane/nK9XcmuwRdelij_Q_yym8g,dunn-loring-virginia
https://www.ubereats.com/washington-dc/food-delivery/margaritas-grill-burke/L-J4c6pwTyemfIgDFA4RJA,dunn-loring-virginia
https://www.ubereats.com/washington-dc/food-delivery/five-guys-va-0288-10940-lee-hwy/Nih2pwSfTCOEs34ccIHGmg,dunn-loring-virginia
https://www.ubereats.com/washington-dc/food-delivery/asian-joint/GxwREL_HSjuNRPnKGiavvA,dunn-loring-virginia
https://www.ubereats.com/washington-dc/food-delivery/jersey-mikes-subs-vienna-2672-c-avenir-place/3yHfrhR_SD-DWlju1v7cqg,dunn-loring-virginia
https://www.ubereats.com/washington-dc/food-delivery/mcdonalds-falls-chur-gall/32xngxHdSLaN_4xMdaSU8A,dunn-loring-virginia
https://www.ubereats.com/washington-dc/food-delivery/starbucks-lee-harrison-s-c/yyGvf3CxR1Wljz1QKuNolA,dunn-loring-virginia
https://www.ubereats.com/washington-dc/food-delivery/kabobcorner/tpc3VDa1Q7K-VQA8JUvZ2A,dunn-loring-virginia
https://www.ubereats.com/washington-dc/food-delivery/pizza-and-calzone-fairfax/z-FE0wzYTlOpWAlIXivVmw,dunn-loring-virginia
https://www.ubereats.com/washington-dc/food-delivery/wendys-411-east-maple-av/sFsXpyWTQdeGpFBsSBCmkw,dunn-loring-virginia
https://www.ubereats.com/washington-dc/food-delivery/flippin-pizza-fairfax/U9t85dtVR1WWcjwVPKV0Rw,dunn-loring-virginia
https://www.ubereats.com/washington-dc/food-delivery/cava-2905-district-ave/BYyjQmkFQDuxiLjPENBh_A,dunn-loring-virginia
https://www.ubereats.com/washington-dc/food-delivery/burger-7-falls-church/1pmAZYg2QQeYOIA2g0dvuw,dunn-loring-virginia
https://www.ubereats.com/washington-dc/food-delivery/pasa-thai-restaurant/Hm-gEMhySsq_CRwgQWrYew,dunn-loring-virginia
https://www.ubereats.com/washington-dc/food-delivery/soricha-tea-%26-theater/URhPfAWdRquTlBA4ZAwDzQ,dunn-loring-virginia
https://www.ubereats.com/washington-dc/food-delivery/reston-kabob/dStd_jtRTS-LBjgupX-Nlw,dunn-loring-virginia
https://www.ubereats.com/washington-dc/food-delivery/the-gluten-free-spot/QnDpz908TaWgnxBfObupdg,dunn-loring-virginia
https://www.ubereats.com/washington-dc/food-delivery/loopys-eatery/5TqrXy83Ssq3xuY7KSCw0w,dunn-loring-virginia
https://www.ubereats.com/washington-dc/food-delivery/outback-steakhouse-4821-north-first-street/Yp7ZWayxQC6U0eOMx0R5FA,dunn-loring-virginia
https://www.ubereats.com/washington-dc/food-delivery/thien-kim-restaurant/2d2fhNs_TLOsYsLz1K6srg,dunn-loring-virginia
https://www.ubereats.com/washington-dc/food-delivery/sushi-on/gXieNTJTSdeG7J3ePaKDzw,dunn-loring-virginia
https://www.ubereats.com/washington-dc/food-delivery/shake-shack-7903-tysons-one-place/lEpvyqqTSHimAn4OrXOgLA,dunn-loring-virginia
https://www.ubereats.com/washington-dc/food-delivery/jon-smith-subs/mzlBQ4wqQbCvxCxT9kYytw,dunn-loring-virginia
https://www.ubereats.com/washington-dc/food-delivery/coastal-flats-mclean/8pO9JPmPQX65Niquo6SyuA,dunn-loring-virginia
https://www.ubereats.com/washington-dc/food-delivery/neisha-thai-cuisine-vienna/0EQjfkzKSya_HylBfGUCHw,dunn-loring-virginia
https://www.ubereats.com/washington-dc/food-delivery/wendys-6349-seven-corners/qByZkiN0R4iBQKK6UlDB_w,dunn-loring-virginia
https://www.ubereats.com/washington-dc/food-delivery/bold-dumpling/oCOTHPa1RD6ilnDgq0St_w,dunn-loring-virginia
https://www.ubereats.com/washington-dc/food-delivery/mims-food/lvsnffL9R-6KCoDWscAvhA,dunn-loring-virginia
https://www.ubereats.com/washington-dc/food-delivery/santinis-new-york-style-deli-mclean/YUVDczBLQ5Cgn4xIFiLH_w,dunn-loring-virginia
https://www.ubereats.com/washington-dc/food-delivery/ishtar-restaurant/ZZ9c72F-TiWR_ytRjW4sUw,dunn-loring-virginia
https://www.ubereats.com/washington-dc/food-delivery/fogo-de-chao-tysons/pbQEK2vgQmClCEavM44-LA,dunn-loring-virginia
https://www.ubereats.com/washington-dc/food-delivery/teadm-mini/9UWVNzVKSYCdZ5yzBqsHTQ,dunn-loring-virginia
https://www.ubereats.com/washington-dc/food-delivery/asian-bistro-fairfax/QQFXws0PR0-uiVwBAqyWNw,dunn-loring-virginia
https://www.ubereats.com/washington-dc/food-delivery/pho-golden-star-falls-church/8IPaa-vLRZexhguy5VZGfg,dunn-loring-virginia
https://www.ubereats.com/washington-dc/food-delivery/jersey-mikes-subs-1501a-cornerside-blvd/ufawBUzXR1isle-YTR2Rsg,dunn-loring-virginia
https://www.ubereats.com/washington-dc/food-delivery/tonys-ny-pizza/ZcIvnWCDQIO7tWxMsXBlHA,dunn-loring-virginia
https://www.ubereats.com/washington-dc/food-delivery/shake-shack-4201-wilson-blvd/bWgiuO6ARPq3h3b3ZghbcQ,dunn-loring-virginia
https://www.ubereats.com/washington-dc/food-delivery/las-americas-restaurant/_sOmC1onRqKWyQWO6WrobQ,dunn-loring-virginia
https://www.ubereats.com/washington-dc/food-delivery/side-street-%26-sushi-bar-by-i-thai/1oqBAqo6RaKmZOJ97hXRtA,dunn-loring-virginia
https://www.ubereats.com/washington-dc/food-delivery/dulce-crepes/owb4MirpQFKEmtuikM6Bgg,dunn-loring-virginia
https://www.ubereats.com/washington-dc/food-delivery/gemtea/5ObXOjWlRKWVRJ6_5MUF4w,dunn-loring-virginia
https://www.ubereats.com/washington-dc/food-delivery/vegan-bistro-vr/KY8X_M2nQDCQe8UjI2HQ1g,dunn-loring-virginia
https://www.ubereats.com/washington-dc/food-delivery/tasty-dumpling/muT1MHCLQu21Ruv64AWUhg,dunn-loring-virginia
https://www.ubereats.com/washington-dc/food-delivery/pho-hai-duong-tyson/mZztE0qfQfWZjGCVcFqalA,dunn-loring-virginia
https://www.ubereats.com/washington-dc/food-delivery/sweet-leaf-mclean/wtt2lww5QyKuCEL_EDm1pw,dunn-loring-virginia
https://www.ubereats.com/washington-dc/food-delivery/wawa-8669-465-maple-ave-w/tpR2Q3eXTdCyUX4ot5oeEA,dunn-loring-virginia
https://www.ubereats.com/washington-dc/food-delivery/asian-grill/RPnXfKXfQnaGjrB6nYmwuQ,dunn-loring-virginia
https://www.ubereats.com/washington-dc/food-delivery/margarets-soul-food/4f4aeVL3R8WaUd7RlwOolw,dunn-loring-virginia
https://www.ubereats.com/washington-dc/food-delivery/chop-n-chicken-mclean/KdKrpww7Sdml8calsmQpcQ,dunn-loring-virginia
https://www.ubereats.com/washington-dc/food-delivery/deez-wingz-fairfax/RCN-73icToWeWYAY_Wg2zw,dunn-loring-virginia
https://www.ubereats.com/washington-dc/food-delivery/dunkin-6138-arlington-blvd/VnMXMFkCSICCj_loYUTfeg,dunn-loring-virginia
https://www.ubereats.com/washington-dc/food-delivery/starbucks-spring-hill-metro/Y3TIVQ-iSZqZWUDra571oQ,dunn-loring-virginia
https://www.ubereats.com/washington-dc/food-delivery/wendys-7530-little-river-tpke/jJ2N81apTtW_fBHA_GKMxg,dunn-loring-virginia
https://www.ubereats.com/washington-dc/food-delivery/mccormick-%26-schmicks-11920-democracy-drive/N5uun4l1QbKm8-LKsBNPXQ,dunn-loring-virginia
https://www.ubereats.com/washington-dc/food-delivery/pokeworks/TzzST420TEuRj1Y7GFiOCw,dunn-loring-virginia
https://www.ubereats.com/washington-dc/food-delivery/pupuseria-mana/y8lMTASyRPCU3zxDuGiWgQ,dunn-loring-virginia
https://www.ubereats.com/washington-dc/food-delivery/fairfax-mediterranean-cafe/M8aT1ThmQCyTL5x7QzbJ5w,dunn-loring-virginia
https://www.ubereats.com/washington-dc/food-delivery/varinos-pasta-fairfax/pxbXXH0rSPmDVQ6pLmVAYA,dunn-loring-virginia
https://www.ubereats.com/washington-dc/food-delivery/puree-juice-bar/Niwgy1hEQeKXL1jECdFCnA,dunn-loring-virginia
https://www.ubereats.com/washington-dc/food-delivery/hoa-vien-quan/d9PccspLTEia8w3NosL3zQ,dunn-loring-virginia
https://www.ubereats.com/washington-dc/food-delivery/moby-dick-house-of-kabob-fairfax/pcD_FO9VRsGcmCX7Bwa6tw,dunn-loring-virginia
https://www.ubereats.com/washington-dc/food-delivery/pho-saigon-oi/-RkxJGrfSquMRIOwtU_zFQ,dunn-loring-virginia
https://www.ubereats.com/washington-dc/food-delivery/poke-it-up-arlington/09cxd0tBR1eENdh49aGcCA,dunn-loring-virginia
https://www.ubereats.com/washington-dc/food-delivery/osteria-marzano/nzX_nd87QRujKDqMVfR--w,dunn-loring-virginia
https://www.ubereats.com/washington-dc/food-delivery/phat-philly-cheesesteaks/EzmrnURJRs6qlflfO_ge2g,dunn-loring-virginia
https://www.ubereats.com/washington-dc/food-delivery/little-saigon-restaurant/f3sOoy9gS_aiFMx0-Ik4YA,dunn-loring-virginia
https://www.ubereats.com/washington-dc/food-delivery/senor-tequilas-fairfax/a5vwoHWiQzmAp6nNFQYC-w,dunn-loring-virginia
https://www.ubereats.com/washington-dc/food-delivery/dickeys-bbq-pit-lee-hwy-%26-rust-rd/F6aWfhzNR6qk9MtnqW556w,dunn-loring-virginia
https://www.ubereats.com/washington-dc/food-delivery/lebtav-fairfax/mo1Zk_XDQGqgH356AiBzVg,dunn-loring-virginia
https://www.ubereats.com/washington-dc/food-delivery/el-tio-tex-mex-grill-falls-church/spGdd6dBRguT65LUThqlwQ,dunn-loring-virginia
https://www.ubereats.com/washington-dc/food-delivery/california-pizza-kitchen-7939-l-tysons-corner/B46Av-4ASyWGbk73UHcJGg,dunn-loring-virginia
https://www.ubereats.com/washington-dc/food-delivery/sophias-cafe/yAyMD1vwRLKOObeY62XxIA,dunn-loring-virginia
https://www.ubereats.com/washington-dc/food-delivery/liberty-barbecue/pgwEvJWERdWlqLfeG6oOgw,dunn-loring-virginia
https://www.ubereats.com/washington-dc/food-delivery/pista-house-reston/BNJhlP7HR4-FBRV5S18EYg,dunn-loring-virginia
https://www.ubereats.com/washington-dc/food-delivery/vivi-bubble-tea/zHqm-NdVTBmYC2fM16KeEw,dunn-loring-virginia
https://www.ubereats.com/washington-dc/food-delivery/cafe-america-boone-blvd/PAVUZ_zFTpSbA8Z6u7zAXg,dunn-loring-virginia
https://www.ubereats.com/washington-dc/food-delivery/mcdonalds-falls-church-arl/bZqqFcyJSfGIZTDRZwE77g,dunn-loring-virginia
https://www.ubereats.com/washington-dc/food-delivery/classic-bakery-tysons/vMNEpYcNSx-C_Ohh7yIfpw,dunn-loring-virginia
https://www.ubereats.com/washington-dc/food-delivery/fresh-gourmet/AFycjaoiTV6hK92cKzW_IA,dunn-loring-virginia
https://www.ubereats.com/washington-dc/food-delivery/sweetgreen-mosaic/1F9AdLkvRE2uuH0YlGztxA,dunn-loring-virginia
https://www.ubereats.com/washington-dc/food-delivery/chasin-tails-arlington/i-wYBKwUSDmnMr1YHxvNWQ,dunn-loring-virginia
https://www.ubereats.com/washington-dc/food-delivery/mcdonalds-loehmanns-roys/goBkVb8vSKCDRnE7uR6MVQ,dunn-loring-virginia
https://www.ubereats.com/washington-dc/food-delivery/mod-pizza-reston/-Wcq3SUfQrKyUaZsnd5jow,dunn-loring-virginia
https://www.ubereats.com/washington-dc/food-delivery/jersey-mikes-subs-vienna-320-maple-ave-w/68GPJnFkRkyKPo0fCvfkeQ,dunn-loring-virginia
https://www.ubereats.com/washington-dc/food-delivery/district-taco-tysons/pPGjYnPXSQao7lGEO7tuBQ,dunn-loring-virginia
https://www.ubereats.com/washington-dc/food-delivery/grant-hunan/bZO3wfd2QO-AOtDBcmQykw,dunn-loring-virginia
https://www.ubereats.com/washington-dc/food-delivery/italian-gardens/Hyaf-c1GQTeQJzVLk3gDmg,dunn-loring-virginia
https://www.ubereats.com/washington-dc/food-delivery/beverly-hills-bungalow/-gsdhuQeTka0SrdkBwjfuQ,dunn-loring-virginia
https://www.ubereats.com/washington-dc/food-delivery/spice-6-modern-indian-vienna/hjAm0vLRRsKFAzyBEYsNCw,dunn-loring-virginia
https://www.ubereats.com/washington-dc/food-delivery/skorpios-maggios-family-restaurant-vienna/njO2-Tg6TpmHwlexwX8e0A,dunn-loring-virginia
https://www.ubereats.com/washington-dc/food-delivery/bansari-indian-cuisine/xU0-AeziSnCz8KvUM0SlkA,dunn-loring-virginia
https://www.ubereats.com/washington-dc/food-delivery/wing-zone-fairfax/c7PJBOfJSpWY_e92K_sEbA,dunn-loring-virginia
https://www.ubereats.com/washington-dc/food-delivery/oudresto/tJwKh0KoRriRzVDqzfZ16A,dunn-loring-virginia
https://www.ubereats.com/washington-dc/food-delivery/elevation-burger-vienna/lQtOiQ-ARsa_CIvIlffHBw,dunn-loring-virginia
https://www.ubereats.com/washington-dc/food-delivery/noodles-%26-company-201-maple-avenue-e/rq0EnjpiSTCwAtICsOJoSA,dunn-loring-virginia
https://www.ubereats.com/washington-dc/food-delivery/starbucks-pike-7-shopping-center/SSdCbO9sSmmkJGDlKIRdjQ,dunn-loring-virginia
https://www.ubereats.com/washington-dc/food-delivery/chuck-e-cheese-9404-main-st/NthWTL6_SuqaNQG0Y4zyog,dunn-loring-virginia
https://www.ubereats.com/washington-dc/food-delivery/super-chicken-reston/Gwvfrju2Ro-hhzETBCsUfQ,dunn-loring-virginia
https://www.ubereats.com/washington-dc/food-delivery/pho-saigon-75/TeB3E8xMRUevSffI-fcVRw,dunn-loring-virginia
https://www.ubereats.com/washington-dc/food-delivery/hanshin-pocha/gwAEoUrARcO0sWh0_erIMg,dunn-loring-virginia
https://www.ubereats.com/washington-dc/food-delivery/mcdonalds-5005-col-pk-arl/n_zA9e5uTYmCAzDFIK6lPQ,dunn-loring-virginia
https://www.ubereats.com/washington-dc/food-delivery/mcdonalds-6729-arlington-blvd/D0AJoGwFQCme-m4BA9nJrQ,dunn-loring-virginia
https://www.ubereats.com/washington-dc/food-delivery/five-guys-va-0684-8130-arlington-blvd/aB6yncz1QmKixVoqpToFpg,dunn-loring-virginia
https://www.ubereats.com/washington-dc/food-delivery/chipotle-mexican-grill-213-maple-ave-e/_PrNqZUtR9eHqlBXRZ8wIg,dunn-loring-virginia
https://www.ubereats.com/washington-dc/food-delivery/harmony-wraps/zAAhzEJmR2qRNcqILGV9ig,dunn-loring-virginia
https://www.ubereats.com/washington-dc/food-delivery/south-block-falls-church/1CjYKc28TtelhypaXtfa0g,dunn-loring-virginia
https://www.ubereats.com/washington-dc/food-delivery/taco-bell-4681-king-st/yDood82nR5W8xxLAxAW7iw,dunn-loring-virginia
https://www.ubereats.com/washington-dc/food-delivery/panjshir/iauMp5IIRsaAPdA8ewrPAw,dunn-loring-virginia
https://www.ubereats.com/washington-dc/food-delivery/mcdonalds-bwr-rbd-450020-little-river-tpk/rjYu71-aQqCte7ilxTwrmg,dunn-loring-virginia
https://www.ubereats.com/washington-dc/food-delivery/sweetwater-tavern-merrifield/4WjtZTrwSrWJMkZNK1Q5vA,dunn-loring-virginia
https://www.ubereats.com/washington-dc/food-delivery/soju-sarang-annandale/wlUT-nolTyWztUa65tYHIQ,dunn-loring-virginia
https://www.ubereats.com/washington-dc/food-delivery/subway/1RNSIL57T3G9sMmmL51JVg,dunn-loring-virginia
https://www.ubereats.com/washington-dc/food-delivery/mama-chang/wAi4aRSVRNaUvDdqUBOOlA,dunn-loring-virginia
https://www.ubereats.com/washington-dc/food-delivery/zeitoun/StlJmNVdSmanqMHSnHr_xg,dunn-loring-virginia
https://www.ubereats.com/washington-dc/food-delivery/chipotle-mexican-grill-8191-strawberry-ln/p3D1E6KITAe_x1wIy1Na8w,dunn-loring-virginia
https://www.ubereats.com/washington-dc/food-delivery/busaba-thai-fairfax/G0OhL8TtQIG43hQtSGkWsQ,dunn-loring-virginia
https://www.ubereats.com/washington-dc/food-delivery/zinga!-frozen-yogurt-arlington/_VneRbTFTlyvFAIYZUHQHw,dunn-loring-virginia
https://www.ubereats.com/washington-dc/food-delivery/vegetarian-by-fava-pot/N_PJ1h6oRK-fzvopaI44zg,dunn-loring-virginia
https://www.ubereats.com/washington-dc/food-delivery/sullys-pour-house/-K3OKuqeT0GrK6AGBuK_Aw,dunn-loring-virginia
https://www.ubereats.com/washington-dc/food-delivery/pizzaroni-vienna/0-gL8YCZQK-i2XXohIpSnQ,dunn-loring-virginia
https://www.ubereats.com/washington-dc/food-delivery/subway-8417-old-court-house-rd/rnzxwz_FRcuWjZ-TzPPZRg,dunn-loring-virginia
https://www.ubereats.com/washington-dc/food-delivery/the-palm-1750-tysons-blvd/C1TXQI3gQtyiKerRL5iLXg,dunn-loring-virginia
https://www.ubereats.com/washington-dc/food-delivery/kfc-taco-bell-7450-little-river-turnpike/LMSAMPB-RgKigg2tSbg9wg,dunn-loring-virginia
https://www.ubereats.com/washington-dc/food-delivery/zinga-frozen-yogurt-chain-bridge-rd/s9ZQmOUCQFOh_83fqjMvEQ,dunn-loring-virginia
https://www.ubereats.com/washington-dc/food-delivery/murasaki-japanese-restaurant/c2KDbCiBSlilSA0_odt7Rg,dunn-loring-virginia
https://www.ubereats.com/washington-dc/food-delivery/dunkin-9550-fairfax-blvd/dS17Ojt3SwSI5c3tzOJWNg,dunn-loring-virginia
https://www.ubereats.com/washington-dc/food-delivery/sakura-japanese-steakhouse-vienna/tt0VjxYwQ9ajpPlbV7abig,dunn-loring-virginia
https://www.ubereats.com/washington-dc/food-delivery/tosokchon%ED%86%A0%EC%86%8D%EC%B4%8C/6QjhyLq0SnCHrKhaD5tMcw,dunn-loring-virginia
https://www.ubereats.com/washington-dc/food-delivery/loaves-%26-leaves/O6qQxY-0Sra-OcMdzpXheg,dunn-loring-virginia
https://www.ubereats.com/washington-dc/food-delivery/blackfinn-ameripub-merrifield/jajhV17TSxGPgpOj41lvrQ,dunn-loring-virginia
https://www.ubereats.com/washington-dc/food-delivery/infini-tea/To7KfZa2QD6kF6Hw3OzlKw,dunn-loring-virginia
https://www.ubereats.com/washington-dc/food-delivery/potbelly-sandwich-shop-ballston-%7C-14/PdVIxugCSVCRmovjMWUdJw,dunn-loring-virginia
https://www.ubereats.com/washington-dc/food-delivery/banh-cuon-saigon/IrJBT9pFSkWVixE4e-jQbQ,dunn-loring-virginia
https://www.ubereats.com/washington-dc/food-delivery/ad-vegetarian-restaurant/dA0__l9FTfKgblJQWXJblw,dunn-loring-virginia
https://www.ubereats.com/washington-dc/food-delivery/shilla-bakery-%26-cafe-tysons/5gmRsHBhT26FEjfTB1Z34w,dunn-loring-virginia
https://www.ubereats.com/washington-dc/food-delivery/pokehub-reston/m_5kER5BSyKWcD4L79qmtw,dunn-loring-virginia
https://www.ubereats.com/washington-dc/food-delivery/jbd-mediterranean-annandale/QeAVECOrRtejwcnmPVMdeA,dunn-loring-virginia
https://www.ubereats.com/washington-dc/food-delivery/new-york-pizza-factory-fairfax/41YnUXIZTSuuAkSneQacig,dunn-loring-virginia
https://www.ubereats.com/washington-dc/food-delivery/super-grill-pollo/sLqEwH7CRmWMCIDiCONx9g,dunn-loring-virginia
https://www.ubereats.com/washington-dc/food-delivery/niralla-restaurant/mQP8JWwaSs-fn3p2K8RryQ,dunn-loring-virginia
https://www.ubereats.com/washington-dc/food-delivery/go-stir-fry-express/X6wo6I0FRwm2pOW2jnO9qQ,dunn-loring-virginia
https://www.ubereats.com/washington-dc/food-delivery/zaytoon-pizzeria-fairfax/LAWc8dVTQaK4TC5vgOfWmQ,dunn-loring-virginia
https://www.ubereats.com/washington-dc/food-delivery/boulevard-cafe/6grl0-p5Tmqcp2TBE2_FnA,dunn-loring-virginia
https://www.ubereats.com/washington-dc/food-delivery/new-star-asian-bistro-mclean/UM6p1ciyS2Wtc0BWaR2Oiw,dunn-loring-virginia
https://www.ubereats.com/washington-dc/food-delivery/bites-wine-and-grilled-cheese-bar/FE3mGyv8QU-S0P1J39Qd-g,dunn-loring-virginia
https://www.ubereats.com/washington-dc/food-delivery/district-taco-yorktown/xAEsBzB4T8mvGRF6xzRsCA,dunn-loring-virginia
https://www.ubereats.com/washington-dc/food-delivery/brekkie-bagels/Y9z6N5crSHWOrmZFD7fXww,dunn-loring-virginia
https://www.ubereats.com/washington-dc/food-delivery/best-buns-annandale/K6Nn4DqoRuCyfNPnDONGfw,dunn-loring-virginia
https://www.ubereats.com/washington-dc/food-delivery/teasn-you/B7IkxDb_T9-3fpkZMgecRQ,dunn-loring-virginia
https://www.ubereats.com/washington-dc/food-delivery/new-china-carryout/rBiTjqC8RU6YHHs3iEtO2g,dunn-loring-virginia
https://www.ubereats.com/washington-dc/food-delivery/district-burger-factory/0tTbRw94RfulT-DQyMk6rw,dunn-loring-virginia
https://www.ubereats.com/washington-dc/food-delivery/pho-7-vienna/CFK7Cl9-S3mLOuAbChuf-w,dunn-loring-virginia
https://www.ubereats.com/washington-dc/food-delivery/hooties-burger-bar-10060-fairfax-blvd/FAtWfBJjRMeUwsDbMaVGgw,dunn-loring-virginia
https://www.ubereats.com/washington-dc/food-delivery/kabob-zone/PwX700lKR66jeyG4xrEPEQ,dunn-loring-virginia
https://www.ubereats.com/washington-dc/food-delivery/china-express/tuX-NdvnSx678L-Q_hzABA,dunn-loring-virginia
https://www.ubereats.com/washington-dc/food-delivery/hook-and-reel-falls-church/WSNnANkQRF61XFipD4qqlQ,dunn-loring-virginia
https://www.ubereats.com/washington-dc/food-delivery/chipotle-mexican-grill-9506-main-st-no-22b/OMgTyeAnSh6lsv0CsNJ5oQ,dunn-loring-virginia
https://www.ubereats.com/washington-dc/food-delivery/hong-kong-express/A9lH7e9QT5SDwFEwPhAVfA,dunn-loring-virginia
https://www.ubereats.com/washington-dc/food-delivery/teds-bulletin-reston/HEfL6XKURN2lLKW8nGmSUg,dunn-loring-virginia
https://www.ubereats.com/washington-dc/food-delivery/red-holic-annandale/E7Z0eB5IRAO9M-9T2zD7Jw,dunn-loring-virginia
https://www.ubereats.com/washington-dc/food-delivery/ambassel-ethiopian-restaurant/zcByDH7hQ7qjB3avnww2pQ,dunn-loring-virginia
https://www.ubereats.com/washington-dc/food-delivery/subway-2250-pimmit-dr/wyVlHzG3QoyDK20AX_JKFw,dunn-loring-virginia
https://www.ubereats.com/washington-dc/food-delivery/clean-cuisine/k6G13JxnRf6UdTam6hy0fw,dunn-loring-virginia
https://www.ubereats.com/washington-dc/food-delivery/the-halal-guys-7943l-tysons-corner-center/wl8myoDUT4ebSKsiYka34A,dunn-loring-virginia
https://www.ubereats.com/washington-dc/food-delivery/mod-pizza-kamp-washington/UsNlsQLcTmOPAQh3-bFYqA,dunn-loring-virginia
https://www.ubereats.com/washington-dc/food-delivery/cowboy-cafe-arlington/KczDIsp1QJmzDnCdHiFj1w,dunn-loring-virginia
https://www.ubereats.com/washington-dc/food-delivery/%26pizza-tysons-corner/2TL9KyviQPCmxkQE5Ilx9A,dunn-loring-virginia
https://www.ubereats.com/washington-dc/food-delivery/pf-changs-1716m-international-dr/9ksRQ-LZQXeY9A-HIJeG4Q,dunn-loring-virginia
https://www.ubereats.com/washington-dc/food-delivery/a%26j-restaurant-annandale/qZqrCaunQvuksV1P7s6wmg,dunn-loring-virginia
https://www.ubereats.com/washington-dc/food-delivery/the-middle-eastern-spot/a1ElrI66QN6shuxfUhaqUg,dunn-loring-virginia
https://www.ubereats.com/washington-dc/food-delivery/bollywood-bistro-great-falls/5eII6HAyQiOItRlbs9DRyQ,dunn-loring-virginia
https://www.ubereats.com/washington-dc/food-delivery/koobala-borderless-chicken-bistro/sSBiKhDnQjuYhFOAjDONNQ,dunn-loring-virginia
https://www.ubereats.com/washington-dc/food-delivery/mod-pizza-tysons-corner-pike-7/XwfYrjfWTIuCCSAWTVU2gA,dunn-loring-virginia
https://www.ubereats.com/washington-dc/food-delivery/fairfax-wings/QrU36F7CSDOy6AKetNsrPQ,dunn-loring-virginia
https://www.ubereats.com/washington-dc/food-delivery/outback-steakhouse-6651-backlick-road/cDY4TDRYTL66I_Obvv5XDg,dunn-loring-virginia
https://www.ubereats.com/washington-dc/food-delivery/chipotle-mexican-grill-6299-seven-corners-ctr/0tN2HmSFQ1yALNmQcxnO1g,dunn-loring-virginia
https://www.ubereats.com/washington-dc/food-delivery/baja-fresh/CKIm3suwSsS-h_FaKtlZWg,dunn-loring-virginia
https://www.ubereats.com/washington-dc/food-delivery/pastry-xpo/UcE4GWM5QfmuT8y4TnL05A,dunn-loring-virginia
https://www.ubereats.com/washington-dc/food-delivery/phoenicia-resto-%26-lounge-vienna/o6iZ99r4SkGQiF5enj4b1A,dunn-loring-virginia
https://www.ubereats.com/washington-dc/food-delivery/shilla-bakery-%26-cafe-annandale/g69F78UATQ67zIsDY8e6RQ,dunn-loring-virginia
https://www.ubereats.com/washington-dc/food-delivery/mcdonalds-fairfax-pickett/fd8ZsI-NRB2n8Omgm2V8ag,dunn-loring-virginia
https://www.ubereats.com/washington-dc/food-delivery/luzmarys-restaurant/-e-3Vva8RB6v2Iu6h8ZyPg,dunn-loring-virginia
https://www.ubereats.com/washington-dc/food-delivery/breakers-korean-bbq-%26-grill-fairfax/sxPg3Mv0QJ6RTJe_OJ2cfg,dunn-loring-virginia
https://www.ubereats.com/washington-dc/food-delivery/so-gong-dong-tofu-house-%26-bbq/mBDAqBfrSsqBFeznoAX5Pg,dunn-loring-virginia
https://www.ubereats.com/washington-dc/food-delivery/qdoba-mexican-eats-5872-crossroads-ctr/T94A2Gq4SMi6oM_YZAd1Bw,dunn-loring-virginia
https://www.ubereats.com/washington-dc/food-delivery/whats-up-pizza/wnCxm4toQFa76B8VnFDgZw,dunn-loring-virginia
https://www.ubereats.com/washington-dc/food-delivery/district-taco-dunn-loring/IvkCfIu_QlSSg3RbweegxA,dunn-loring-virginia
https://www.ubereats.com/washington-dc/food-delivery/bento-house-reston/p-mVK3aHQkyftuBAjpsjjw,dunn-loring-virginia
https://www.ubereats.com/washington-dc/food-delivery/subway-6829-elm-st/qxe8GLl-Qzy6UOxNqSvGYg,dunn-loring-virginia
https://www.ubereats.com/washington-dc/food-delivery/marjan/_dym9n3xSEWLy7GCnyrPpA,dunn-loring-virginia
https://www.ubereats.com/washington-dc/food-delivery/sheesh-grill/J9z9XyRcTpy6io6x_3UNKg,dunn-loring-virginia
https://www.ubereats.com/washington-dc/food-delivery/jang-won-ban-jum-annandale/nSS6STFJQLWkwy_XdrUg_w,dunn-loring-virginia
https://www.ubereats.com/washington-dc/food-delivery/dolcezza-mosaic-district/fzMbUntQSmaUjw_sI4KrAA,dunn-loring-virginia
https://www.ubereats.com/washington-dc/food-delivery/iron-chef-house/YUUhzw05RKWx8riJCDIsAw,dunn-loring-virginia
https://www.ubereats.com/washington-dc/food-delivery/esaan-northeastern-thai-cuisine/RerBpK4AREKnPK_71vkhVA,dunn-loring-virginia
https://www.ubereats.com/washington-dc/food-delivery/california-tortilla/QbKuk6aoR4evJ0yU5Kwi3g,dunn-loring-virginia
https://www.ubereats.com/washington-dc/food-delivery/pho-575/DRCY5QhlTeqM733YIYazMQ,dunn-loring-virginia
https://www.ubereats.com/washington-dc/food-delivery/cajun-boil-and-pho/5aurvc4jRYakW1r7A7MaYw,dunn-loring-virginia
https://www.ubereats.com/washington-dc/food-delivery/the-original-pancake-house-7395-lee-hwy/QIR8g8E7TmuRGMV2ixxQAw,dunn-loring-virginia
https://www.ubereats.com/washington-dc/food-delivery/tokyo-grill-teriyaki-house-fairfax/6rb8HQdfSK2BpHlHfl668g,dunn-loring-virginia
https://www.ubereats.com/washington-dc/food-delivery/old-peking-restaurant/eNlGbX71Q5urSf5AhtewVA,dunn-loring-virginia
https://www.ubereats.com/washington-dc/food-delivery/roll-play-grill-vienna/GHpPL1QAQDKPV9SHH3dnww,dunn-loring-virginia
https://www.ubereats.com/washington-dc/food-delivery/honeybaked-ham-1480-north-point-village-ctr/hg5W_ReVRJmxz2vf7k9CdQ,dunn-loring-virginia
https://www.ubereats.com/washington-dc/food-delivery/the-italian-cafe/U8Bw38XDRMmBek5QGObFrA,dunn-loring-virginia
https://www.ubereats.com/washington-dc/food-delivery/dunkin-1495-cornerside-blvd/YXeTAwoJRm-hzNol2x3iHg,dunn-loring-virginia
https://www.ubereats.com/washington-dc/food-delivery/jersey-mikes-subs-1108-w-broad-st/sT5RTtViQW29APwKxM7quQ,dunn-loring-virginia
https://www.ubereats.com/washington-dc/food-delivery/peking-chef-restaurant-%E6%B0%B8%E8%88%88/r9q_Z9ZRRjS5g-Nlneubhg,dunn-loring-virginia
https://www.ubereats.com/washington-dc/food-delivery/milanos-family-restaurant-springfield/TdDH7z9mR2Wwzt8HehopPA,dunn-loring-virginia
https://www.ubereats.com/washington-dc/food-delivery/duk-wo/8YkjQ_PHQI-lA_a2od0XDw,dunn-loring-virginia
https://www.ubereats.com/washington-dc/food-delivery/boston-market-4090-jermantown-road/F-BBhyh4Smm2S71rz9O6MA,dunn-loring-virginia
https://www.ubereats.com/washington-dc/food-delivery/hunan-cafe-falls-church/7lLRUb8fSOmzeK7Eo7vI0g,dunn-loring-virginia
https://www.ubereats.com/washington-dc/food-delivery/dunkin-10020-main-st/tnYI5oDDSmCuFC0elKEPfw,dunn-loring-virginia
https://www.ubereats.com/washington-dc/food-delivery/believe-bowl-asian-fusion-bowl/uz4_FfJoRZOx6JZRGqiBkQ,dunn-loring-virginia
https://www.ubereats.com/washington-dc/food-delivery/i-heart-salads-fairfax/5_zEquZoRviIm_FWxArgcA,dunn-loring-virginia
https://www.ubereats.com/washington-dc/food-delivery/release-the-craycken/reyPusMFSpG0T5XaiC33JA,dunn-loring-virginia
https://www.ubereats.com/washington-dc/food-delivery/firehouse-subs-9548-d-main-st/izr6gTOLSRSBWJJ2QNoK-w,dunn-loring-virginia
https://www.ubereats.com/washington-dc/food-delivery/kokee-tea-faircity/yhx2V42QRROL47JV60b6cQ,dunn-loring-virginia
https://www.ubereats.com/washington-dc/food-delivery/wok-%E2%80%98n-roll/bhl6CJ1nTNmshP7w6Gg7_g,dunn-loring-virginia
https://www.ubereats.com/washington-dc/food-delivery/crazy-crab/TcycbfceQqSjaQPP5yYE0Q,dunn-loring-virginia
https://www.ubereats.com/washington-dc/food-delivery/wing-garden/ay0NchpyRh6C67jUWeli4A,dunn-loring-virginia
https://www.ubereats.com/washington-dc/food-delivery/poke-bar/1Tk2nr8DQq2Fzo6FL6FzTA,dunn-loring-virginia
https://www.ubereats.com/washington-dc/food-delivery/aditi-streetside-indian-vienna/Iju4ARkXSGmXfwHnHAEZ5g,dunn-loring-virginia
https://www.ubereats.com/washington-dc/food-delivery/savios-restaurant/Mxq2P16HQlKgbLoXsL1Fdw,dunn-loring-virginia
https://www.ubereats.com/washington-dc/food-delivery/ornery-beer-company/qHSdnfMlQ2eP-7y_bZkzEg,dunn-loring-virginia
https://www.ubereats.com/washington-dc/food-delivery/phoenicia-express-vienna/7eEIQ2egQ0OcYAaI-G0tKQ,dunn-loring-virginia
https://www.ubereats.com/washington-dc/food-delivery/chipotle-mexican-grill-2946-chain-bridge-rd-ste-i/6SGso56iRLSmLhf6jqfQrA,dunn-loring-virginia
https://www.ubereats.com/washington-dc/food-delivery/oath-pizza-mosaic-district/KuNaEABIR42a69VQ6puy7Q,dunn-loring-virginia
https://www.ubereats.com/washington-dc/food-delivery/uncle-lius-hot-pot-%E4%B9%A1%E5%91%B3%E5%B0%8F%E5%8E%A8/TGsKRY2eTxW3JWmp3PAyOA,dunn-loring-virginia
https://www.ubereats.com/washington-dc/food-delivery/tropical-smoothie-cafe-alexandria/ySqGXUc0Tly7kAp6wEbdgQ,dunn-loring-virginia
https://www.ubereats.com/washington-dc/food-delivery/bread-%26-kabob-falls-church/CfTQ7DPXSM2YIFhf0YV4kw,dunn-loring-virginia
https://www.ubereats.com/washington-dc/food-delivery/shineys-sweets/5wTxPbjXRMi99Sw3CAocUA,dunn-loring-virginia
https://www.ubereats.com/washington-dc/food-delivery/yayla-bistro/4Il3yZhKTyW-u8NbI0Q8Og,dunn-loring-virginia
https://www.ubereats.com/washington-dc/food-delivery/kiroran-restaurant/cSgmftcVShuYKrPenPo-hg,dunn-loring-virginia
https://www.ubereats.com/washington-dc/food-delivery/maneki-neko/7HMDLKGeTUidYm5-0XYS9Q,dunn-loring-virginia
https://www.ubereats.com/washington-dc/food-delivery/texas-de-brazil-fairfax/fHfdCAuCQVasnHJ4CZHS3Q,dunn-loring-virginia
https://www.ubereats.com/washington-dc/food-delivery/mcdonalds-arlgtn-wilson/9Z13TG9cSFSCWRH_MSqAtA,dunn-loring-virginia
https://www.ubereats.com/washington-dc/food-delivery/starbucks-spout-run/EGPdz9UQSvS2Qifj_E-fqQ,dunn-loring-virginia
https://www.ubereats.com/washington-dc/food-delivery/panam-family-restaurant/rM8saUWuRh-MlEj0zxDTlw,dunn-loring-virginia
https://www.ubereats.com/washington-dc/food-delivery/szechuan-star-%E5%B3%A8%E5%B5%8B%E9%A5%AD%E5%BA%97/-rCsiqF0RoGpjcExz5sHKg,dunn-loring-virginia
https://www.ubereats.com/washington-dc/food-delivery/starbucks-vienna/SJDuSNVPTZewoP94uKImww,dunn-loring-virginia
https://www.ubereats.com/washington-dc/food-delivery/teadm/UpeJZYMaSxaOlKSYVmUMWQ,dunn-loring-virginia
https://www.ubereats.com/washington-dc/food-delivery/hidden-creek-country-club-roanoke-grille/YZsjD3jqT52HKADwidSR6Q,dunn-loring-virginia
https://www.ubereats.com/washington-dc/food-delivery/district-bbq-washington/TupyMnpSQNKZS03na3pAFA,dunn-loring-virginia
https://www.ubereats.com/washington-dc/food-delivery/baja-fresh/AaxGjGpQS4WfAxWJhd7xwQ,dunn-loring-virginia
https://www.ubereats.com/washington-dc/food-delivery/bozzellis-springfield-town-center/pNla4SZqQJyvix6F9kWDKQ,dunn-loring-virginia
https://www.ubereats.com/washington-dc/food-delivery/chipotle-mexican-grill-6707-old-dominion-dr-ste-110/xl1Cl8hXT120mtcJjur7MQ,dunn-loring-virginia
https://www.ubereats.com/washington-dc/food-delivery/flemings-prime-steakhouse-%26-wine-bar-tysons-corner/btyTDlitTmGvaUPPEMVazQ,dunn-loring-virginia
https://www.ubereats.com/washington-dc/food-delivery/the-palladium/Qs4SwovuS2OAof32d1Z-jg,dunn-loring-virginia
https://www.ubereats.com/washington-dc/food-delivery/tgi-fridays-437-tysons-corner-va-mall/UcmuK8j1SJ22vuNrvbK2rg,dunn-loring-virginia
https://www.ubereats.com/washington-dc/food-delivery/sprinkles-potomac/-t4KNYijSu20Z-JrsG36_w,dunn-loring-virginia
https://www.ubereats.com/washington-dc/food-delivery/robeks-fresh-juices-%26-smoothies/XQwjVPvFSFeOE9cXINhESg,dunn-loring-virginia
https://www.ubereats.com/washington-dc/food-delivery/light-house-tofu-vit-goel-tofu/eykOAKkHQUGZL4km_aGDSg,dunn-loring-virginia
https://www.ubereats.com/washington-dc/food-delivery/tysons-social-tavern-tysons/0vpEOwPrTw--PY6tDRiJ5g,dunn-loring-virginia
https://www.ubereats.com/washington-dc/food-delivery/starbucks-courthouse-arlington/l3Glih0kSUWfqk-IETNWyg,dunn-loring-virginia
https://www.ubereats.com/washington-dc/food-delivery/potbelly-sandwich-shop-fair-city-mall-%7C-363/7OI8d3MNQRiFEejsqqDAiw,dunn-loring-virginia
https://www.ubereats.com/washington-dc/food-delivery/giardino-italian-restaurant/BcGGG2HBQwuinHXvgAUMhw,dunn-loring-virginia
https://www.ubereats.com/washington-dc/food-delivery/vivi-bubble-tea-eden-center/MOPXwS9iQYWRrqKIRKC0Gw,dunn-loring-virginia
https://www.ubereats.com/washington-dc/food-delivery/mcdonalds-bwr-rbd-450167-tysons-i/WXiQqO7tSYegzt6WwOTCeA,dunn-loring-virginia
https://www.ubereats.com/washington-dc/food-delivery/chef-lin/ye4GchNaTUi0NdmZdlq0Aw,dunn-loring-virginia
https://www.ubereats.com/washington-dc/food-delivery/bbq-chicken-falls-church-va/FqE1A5DfSx29Y5GNK1EOcA,dunn-loring-virginia
https://www.ubereats.com/washington-dc/food-delivery/chipotle-tysons-rt-7/FWsSHQVuT8utrtj_-lFGvw,dunn-loring-virginia
https://www.ubereats.com/washington-dc/food-delivery/tasty-kabob-food-truck-iv/CvNnKZ1lTQ-gnK2ZnOH_Iw,dunn-loring-virginia
https://www.ubereats.com/washington-dc/food-delivery/panera-8191-strawberry-lane/y3ZG1GjsSM6lSMEMFYFqsw,dunn-loring-virginia
https://www.ubereats.com/washington-dc/food-delivery/the-ice-cream-shop/28ZhpvQbRwGkGcs7QnGxaQ,dunn-loring-virginia
https://www.ubereats.com/washington-dc/food-delivery/wasabi-sushi-tysons-corner-mall/UCjLrUCERoqh-oYMf0-erg,dunn-loring-virginia
https://www.ubereats.com/washington-dc/food-delivery/ben-%26-jerrys-reston/hEmjjXXFQN-jgZaJnLkx5w,dunn-loring-virginia
https://www.ubereats.com/washington-dc/food-delivery/dickeys-barbecue-pit-11750-fair-oaks-mall/NjGXvfSqSWym-0trlmokiA,dunn-loring-virginia
https://www.ubereats.com/washington-dc/food-delivery/grove/Ocy8Pu2AT_G88buhYq3nxg,dunn-loring-virginia
https://www.ubereats.com/washington-dc/food-delivery/starbucks-bradlick-shopping-center/BmmapVrKSiGt_o3hMlqhMw,dunn-loring-virginia
https://www.ubereats.com/washington-dc/food-delivery/jaipur-royal-indian-cuisine/-rwJTcJ8TUi4RFe-joRoVw,dunn-loring-virginia
https://www.ubereats.com/washington-dc/food-delivery/anitas-new-mexico-style-mexican-food-vienna/s5VYQxwxQf2joCQcjKH0zA,dunn-loring-virginia
https://www.ubereats.com/washington-dc/food-delivery/ritas-italian-ice-10726-fairfax-blvd/TUVhlhj4SQG04a5sbAWjXQ,dunn-loring-virginia
https://www.ubereats.com/washington-dc/food-delivery/tysons-bagel-market/M9WaoFUQQ56D91zzioXgTA,dunn-loring-virginia
https://www.ubereats.com/washington-dc/food-delivery/ghadah-bakery/0VschsiDTlWdUbPNgOl-mg,dunn-loring-virginia
https://www.ubereats.com/washington-dc/food-delivery/lebanese-taverna-mclean/1JCLzVetTruAdiZ_dEmoxg,dunn-loring-virginia
https://www.ubereats.com/washington-dc/food-delivery/jammin-java/k_536ZHtSRqzeNJRsk8uZw,dunn-loring-virginia
https://www.ubereats.com/washington-dc/food-delivery/ines-place/VWbBFhqNRyCuaJBzCNKuww,dunn-loring-virginia
https://www.ubereats.com/washington-dc/food-delivery/bey-lounge-vienna/UCWq6LJ7SRacHU8hdjlLRQ,dunn-loring-virginia
https://www.ubereats.com/washington-dc/food-delivery/playa-bowls-fairfax/hNnDaXaPS_6HIvXcSlTXJw,dunn-loring-virginia
https://www.ubereats.com/washington-dc/food-delivery/thompson-italian/XPcEHMLQSiKffw1Fk-GwUQ,dunn-loring-virginia
https://www.ubereats.com/washington-dc/food-delivery/leid-poke-hawaiian/Ujk0C_o7RdCqJeoyo3vRlQ,dunn-loring-virginia
https://www.ubereats.com/washington-dc/food-delivery/kfc-5711-columbia-pike/PfA0D8-XTfixjEkDxBVDuw,dunn-loring-virginia
https://www.ubereats.com/washington-dc/food-delivery/red-apron-butcher-fairfax/d770jCfvThKHi7lH-t_gUQ,dunn-loring-virginia
https://www.ubereats.com/washington-dc/food-delivery/cinnabon-1961-chain-bridge-rd-%237949la/x-yY7ec4QfudRpkbqLDi3w,dunn-loring-virginia
https://www.ubereats.com/washington-dc/food-delivery/sunnyvale-farms-sandwiches/qCJgfPxHRq26gXkjy-6siA,dunn-loring-virginia
https://www.ubereats.com/washington-dc/food-delivery/tikal-bakery/CcvixOOqTvKUsxWO9E4Mvw,dunn-loring-virginia
https://www.ubereats.com/washington-dc/food-delivery/popeyes-annandale/lFEsfhcVQ22hvyRG9BFaAw,dunn-loring-virginia
https://www.ubereats.com/washington-dc/food-delivery/tropical-smoothie-cafe-university-mall/LzJZdF_ZS1a8TvmXMADGgA,dunn-loring-virginia
https://www.ubereats.com/washington-dc/food-delivery/izumi-sushi/P3RYhkeUQxWgEbNGBhHMBQ,dunn-loring-virginia
https://www.ubereats.com/washington-dc/food-delivery/victors-grill-falls-church/0yXaVLtoRLeUb1RfQf9hIw,dunn-loring-virginia
https://www.ubereats.com/washington-dc/food-delivery/mcdonalds-pan-am-s-c/Md7JL6rqRMe_DC0KQlvPNg,dunn-loring-virginia
https://www.ubereats.com/washington-dc/food-delivery/earls-kitchen-%2B-bar-tysons-corner/mMf1C-MPRhGrdoy7l8sq_w,dunn-loring-virginia
https://www.ubereats.com/washington-dc/food-delivery/mcdonalds-vienna-maple-ave/yeKpeQ8tRqmiusDQZwoyCA,dunn-loring-virginia
https://www.ubereats.com/washington-dc/food-delivery/delicioso-annandale/Lf0XBl6pRWeIHKLwu2-d1Q,dunn-loring-virginia
https://www.ubereats.com/washington-dc/food-delivery/new-moon-restaurant-falls-church/xEL5DVcVShmVoXt0nAY3ZQ,dunn-loring-virginia
https://www.ubereats.com/washington-dc/food-delivery/kung-fu-tea-1961-chain-bridge-road/N1DlRV7oQKiu7c_LiQDRsg,dunn-loring-virginia
https://www.ubereats.com/washington-dc/food-delivery/chima-steakhouse-tysons-corner/mN0gF9NHTEG8_2nVWWYSrA,dunn-loring-virginia
https://www.ubereats.com/washington-dc/food-delivery/subway-8558-lee-hwy/KzLyf6YvSCmTNJxUu2SSJA,dunn-loring-virginia
https://www.ubereats.com/washington-dc/food-delivery/gangnam-hot-dog/TjMAHlW_SJGg__SvZOfAZg,dunn-loring-virginia
https://www.ubereats.com/washington-dc/food-delivery/jamba-juice-1961-chains-bridge-rd-kiosk-%23ksk12u/hlPlAYocQwSFy8pMk-vIQg,dunn-loring-virginia
https://www.ubereats.com/washington-dc/food-delivery/aroma-cafe/GsV6W-dERRevBkPjPSaUjw,dunn-loring-virginia
https://www.ubereats.com/washington-dc/food-delivery/mediterranean-chicken/LIGlWew9Sa2Mgg7vektUHg,dunn-loring-virginia
https://www.ubereats.com/washington-dc/food-delivery/joong-hwa-won-restaurant/442S5qnMTCu--FoWp6SKLQ,dunn-loring-virginia
https://www.ubereats.com/washington-dc/food-delivery/nandos-peri-peri-12120-sunset-hills-rd/HbKa-zswRTulbJVcR_6obA,dunn-loring-virginia
https://www.ubereats.com/washington-dc/food-delivery/heat-restaurant-%26-lounge/o95Dcl3oScOy1xPzkp7o8A,dunn-loring-virginia
https://www.ubereats.com/washington-dc/food-delivery/taco-zocalo/O6Uw1K_4TB2zFUQ-ue60ew,dunn-loring-virginia
https://www.ubereats.com/washington-dc/food-delivery/first-watch-fairfax/YV_sU74zTQmN26wiRiEMzw,dunn-loring-virginia
https://www.ubereats.com/washington-dc/food-delivery/marinuccis-gelato/NNzX6v15RvKyNKQV7LwKng,dunn-loring-virginia
https://www.ubereats.com/washington-dc/food-delivery/bellissimo-restaurant/I-8jt6GfQgG4Z-CeIInAfQ,dunn-loring-virginia
https://www.ubereats.com/washington-dc/food-delivery/arepa-zone-fairfax/8p_rjIcjQWK2nkSsxmajbA,dunn-loring-virginia
https://www.ubereats.com/washington-dc/food-delivery/plaka-grill/XAG4lraRSMqc4CyJi1ACjw,dunn-loring-virginia
https://www.ubereats.com/washington-dc/food-delivery/panini-market/_ihb6n-SQaqpJY5qHsINLw,dunn-loring-virginia
https://www.ubereats.com/washington-dc/food-delivery/mint-lounge-vienna/DuiIYxWCQ-iJ62u6w9kDIw,dunn-loring-virginia
https://www.ubereats.com/washington-dc/food-delivery/taco-bell-4923-lee-hwy/uUbJM9XBSLSzQWtRWVGYQA,dunn-loring-virginia
https://www.ubereats.com/washington-dc/food-delivery/little-dipper-hot-pot-falls-church/OEfFlnRISXu5--rTQezfCA,dunn-loring-virginia
https://www.ubereats.com/washington-dc/food-delivery/mcdonalds-jermantown-road/zegXLI18Smesrktk_fL4nw,dunn-loring-virginia
https://www.ubereats.com/washington-dc/food-delivery/cold-stone-creamery-8190-strawberry-lane/87mqVUt3RGOPKBzAgsBCYA,dunn-loring-virginia
https://www.ubereats.com/washington-dc/food-delivery/choong-man-chicken/75lKfBdNRB6kDcZGCd7mUg,dunn-loring-virginia
https://www.ubereats.com/washington-dc/food-delivery/anitas-new-mexico-style-mexican-food-burke/VhHj4rSSRamX5aHJc3ZnrQ,dunn-loring-virginia
https://www.ubereats.com/washington-dc/food-delivery/el-super-pollo-alexandria/r2REfhgjT5ODPbq1pMNOXg,dunn-loring-virginia
https://www.ubereats.com/washington-dc/food-delivery/honeygrow-12100-sunset-hills-rd-suite-r12/S9hDhhjIQY2eb66vR9nH8Q,dunn-loring-virginia
https://www.ubereats.com/washington-dc/food-delivery/peking-village-ii-fairfax/Kw5LTDHfQH23gZ4d_YGuFQ,dunn-loring-virginia
https://www.ubereats.com/washington-dc/food-delivery/el-tio-tex-mex-grill-mclean/tPpA5-u5TJmLoQC8s9MZlQ,dunn-loring-virginia
https://www.ubereats.com/washington-dc/food-delivery/alta-strada-fairfax-va/Mdt5_E-YQ4OTG5-41t9Ayg,dunn-loring-virginia
https://www.ubereats.com/washington-dc/food-delivery/chick-fil-a-8461-leesburg-pike-ste-b/L-Hai9LeSRKDuChW1A8s-Q,dunn-loring-virginia
https://www.ubereats.com/washington-dc/food-delivery/happy-thai-restaurant/zdhxVbbzSk6X_I2T2bpHNA,dunn-loring-virginia
https://www.ubereats.com/washington-dc/food-delivery/maya-bistro/X0iu8xRSTb23G5iD2u_hfw,dunn-loring-virginia
https://www.ubereats.com/washington-dc/food-delivery/crisp-%26-juicy-falls-church-va/9-S3WaO_T1CvrfYV0zJ2MA,dunn-loring-virginia
https://www.ubereats.com/washington-dc/food-delivery/khan-japanese-kitchen-%26-bar/3tUM7NbTSru8atB4REUITQ,dunn-loring-virginia
https://www.ubereats.com/washington-dc/food-delivery/subway-7263-arlington-blvd/dJ11qFS8QOaS-0IMu_4bBg,dunn-loring-virginia
https://www.ubereats.com/washington-dc/food-delivery/turus-by-timber-pizza-co/SAYB3qpUTmCDxGGgMN2fEg,dunn-loring-virginia
https://www.ubereats.com/washington-dc/food-delivery/starbucks-broaddale/_e8vAMKGQeeOojOR-n-qvA,dunn-loring-virginia
https://www.ubereats.com/washington-dc/food-delivery/district-dumplings-fairfax/6HjOTpCSSEG1DRp9Iy9xVQ,dunn-loring-virginia
https://www.ubereats.com/washington-dc/food-delivery/marks-pub/D6u0BxjwT2KwEZ00Jev7CA,dunn-loring-virginia
https://www.ubereats.com/washington-dc/food-delivery/pinky-pizzas/GCAQbuUmSEqHoD1nm2zUyw,dunn-loring-virginia
https://www.ubereats.com/washington-dc/food-delivery/kilroys/A0agEkpiQCaBJIhUOjQOYA,dunn-loring-virginia
https://www.ubereats.com/washington-dc/food-delivery/haandi-indian-cuisine-falls-church/XvufVj41TLm8o8N7Dme1Qg,dunn-loring-virginia
https://www.ubereats.com/washington-dc/food-delivery/pizza-bolis-11217-lee-hwy/YVda-JeLRfORsrIsem365A,dunn-loring-virginia
https://www.ubereats.com/washington-dc/food-delivery/bonchon-chicken-7125-columbia-pike/-5VNCc-lR7aASbs8mAyq4A,dunn-loring-virginia
https://www.ubereats.com/washington-dc/food-delivery/fahrenheit-%E5%8D%8E%E6%B0%8F%E5%BA%A6-%E6%AD%A3%E5%AE%97%E4%B8%AD%E9%A4%90/U9HRTKnmQpqQt_D1V4qkIA,dunn-loring-virginia
https://www.ubereats.com/washington-dc/food-delivery/outback-steakhouse-315-maple-avenue-east/ZEku7x5jQ_W5nxkTUhwKPA,dunn-loring-virginia
https://www.ubereats.com/washington-dc/food-delivery/subway-222-w-maple-ave/PpI8FPYvTJqFCe3mteb56Q,dunn-loring-virginia
https://www.ubereats.com/washington-dc/food-delivery/ravi-kabob-house-arlington/o2G4XkcySXSCvmQYIRusxA,dunn-loring-virginia
https://www.ubereats.com/washington-dc/food-delivery/the-counter-va-reston/K1zpkTJ5Q2GtvX2SPKgWuw,dunn-loring-virginia
https://www.ubereats.com/washington-dc/food-delivery/batter-up-by-riya/0r9l4amEThi6WIsaqXssxA,dunn-loring-virginia
https://www.ubereats.com/washington-dc/food-delivery/lost-dog-cafe-mclean/QRuzHL4pQxqeoG2kDLJVZA,dunn-loring-virginia
https://www.ubereats.com/washington-dc/food-delivery/sunny-%26-fines-breakfast-burritos/NOIQC4rIQcir-UMkvpInjw,dunn-loring-virginia
https://www.ubereats.com/washington-dc/food-delivery/saravana-palace/SMrclQBxQp-lKO8Gaux55Q,dunn-loring-virginia
https://www.ubereats.com/washington-dc/food-delivery/rice-pot-asian-cuisine-annandale/aeGGvXMtSoqVKWuKubiyEQ,dunn-loring-virginia
https://www.ubereats.com/washington-dc/food-delivery/passion-fin/l82DG46YTh6g_gv0X9Xylw,dunn-loring-virginia
https://www.ubereats.com/washington-dc/food-delivery/annangol-restaurant/KiRWLZvzQpuSN7ow7f_IBw,dunn-loring-virginia
https://www.ubereats.com/washington-dc/food-delivery/520-ice-cream-%26-tea/2fvAgexIRS-h9FMVnM56zA,dunn-loring-virginia
https://www.ubereats.com/washington-dc/food-delivery/pho-banh-mi-%26-grill-fairfax/mXPFXTeZQH6T-ZWhjiHU5g,dunn-loring-virginia
https://www.ubereats.com/washington-dc/food-delivery/popeyes-lousiana-kitchen-fairfax/d9YlIrnuQHugX-_ED-OKng,dunn-loring-virginia
https://www.ubereats.com/washington-dc/food-delivery/tropical-smoothie-cafe-turnpike-shopping-center/_iqa0nFhSPWFwmhzsoHfIg,dunn-loring-virginia
https://www.ubereats.com/washington-dc/food-delivery/starbucks-seven-corners/Tp4dEZIxSMWPDYw9ZPHMZg,dunn-loring-virginia
https://www.ubereats.com/washington-dc/food-delivery/pizza-bolis-va-vienna-fairfax/A7tiVCdOQzSdRdcRWvEHYA,dunn-loring-virginia
https://www.ubereats.com/washington-dc/food-delivery/patsys-american/wdvWEnTLQ3yjoI8ufOHr4A,dunn-loring-virginia
https://www.ubereats.com/washington-dc/food-delivery/assaggi-osteria-and-pizzeria/jRYLkl1EScGBQh5zDrJOJQ,dunn-loring-virginia
https://www.ubereats.com/washington-dc/food-delivery/9-pad-thai-gourmet-springfield/_3sv-SeWTQa-BumQsk9AOg,dunn-loring-virginia
https://www.ubereats.com/washington-dc/food-delivery/sugar-mamas/eW8HiStfTBy1hFxNLbCh-A,dunn-loring-virginia
https://www.ubereats.com/washington-dc/food-delivery/andys-pizza/NgxZp6yYSSW0NWmT65Nyuw,dunn-loring-virginia
https://www.ubereats.com/washington-dc/food-delivery/tropical-smoothie-cafe-reston/KBc74OhnS_aHX8_VBlHiXw,dunn-loring-virginia
https://www.ubereats.com/washington-dc/food-delivery/kang-chon/pxUAS3WIScCceI_V2b-A0Q,dunn-loring-virginia
https://www.ubereats.com/washington-dc/food-delivery/chipotle-mexican-grill-11062-lee-hwy/1WDWjIflTdmX5aSFWsOwaQ,dunn-loring-virginia
https://www.ubereats.com/washington-dc/food-delivery/starbucks-lee-heights-shops/1ELP5lOXTLeiV_NY0yGDdg,dunn-loring-virginia
https://www.ubereats.com/washington-dc/food-delivery/pho-duong/XZy2ckkUThyMN7okn-9SOQ,dunn-loring-virginia
https://www.ubereats.com/washington-dc/food-delivery/yummy-kabob-annandale/Fq6Zk18QRLqlJYH8ljSrYQ,dunn-loring-virginia
https://www.ubereats.com/washington-dc/food-delivery/big-red-halal/1NADDZL1TL-k6bKib7eWXg,dunn-loring-virginia
https://www.ubereats.com/washington-dc/food-delivery/lil-italian-cafe/4okU7E8lSdeAWJSfyb331g,dunn-loring-virginia
https://www.ubereats.com/washington-dc/food-delivery/hanabi-ramen-clarendon/2MCL-KaRRjG1x1noGMyjWA,dunn-loring-virginia
https://www.ubereats.com/washington-dc/food-delivery/anitas-new-mexico-style-mexican-food-springfield/7GVe4wfTS-O-GjF7U4Zu9Q,dunn-loring-virginia
https://www.ubereats.com/washington-dc/food-delivery/silver-diner-merrifield/vafyxZdeQPGiUca69iKTgQ,dunn-loring-virginia
https://www.ubereats.com/washington-dc/food-delivery/super-chicken-falls-church/OOrXsJiET320hxDzNW9wfw,dunn-loring-virginia
https://www.ubereats.com/washington-dc/food-delivery/inca-social/Rb3vPLhbRYOvtxZgg2OIrw,dunn-loring-virginia
https://www.ubereats.com/washington-dc/food-delivery/panda-express-3071-gatehouse-plaza/EXwTTGa4TCSL3D-2-JG35Q,dunn-loring-virginia
https://www.ubereats.com/washington-dc/food-delivery/thai-pilin-restaurant-vienna/JM_XyqWoRCOhTsTghEnrtw,dunn-loring-virginia
https://www.ubereats.com/washington-dc/food-delivery/29-diner/hS421nbkQ2qjLpXuKUQH7w,dunn-loring-virginia
https://www.ubereats.com/washington-dc/food-delivery/celebrity-delly-falls-church/o71IhVEaTzS1xUPpVQ3d5A,dunn-loring-virginia
https://www.ubereats.com/washington-dc/food-delivery/starnut-gourmet/qCrzueeuS8aK9FRJSYXbMg,dunn-loring-virginia
https://www.ubereats.com/washington-dc/food-delivery/our-mom-eugenia/Mb6vCEP6SaaPRMY0rCdbFg,dunn-loring-virginia
https://www.ubereats.com/washington-dc/food-delivery/amphora-restaurant-vienna/b6hQS3ozRKyRSVtzjd7Q6g,dunn-loring-virginia
https://www.ubereats.com/washington-dc/food-delivery/china-star/UQ30jobkRtOAMyrnnAlwcA,dunn-loring-virginia
https://www.ubereats.com/washington-dc/food-delivery/senor-ramon-taqueria/V3i4pBwLT86L79Nm8OSQnA,dunn-loring-virginia
https://www.ubereats.com/washington-dc/food-delivery/chick-fil-a-538-maple-ave-w/azEPakZnS_mAt_eriryu2A,dunn-loring-virginia
https://www.ubereats.com/washington-dc/food-delivery/silver-diner-tysons/QREQhumpSo-BYgRX-V5ntg,dunn-loring-virginia
https://www.ubereats.com/washington-dc/food-delivery/vocelli-pizza-7395-j-lee-hwy/OEvMxQKuQyOYM8WFueRiPw,dunn-loring-virginia
https://www.ubereats.com/washington-dc/food-delivery/pelicana/yh4FUEOVRuWRsj6lF7DZ2w,dunn-loring-virginia
https://www.ubereats.com/washington-dc/food-delivery/tara-thai-falls-church/2dtB2aJ6SeqyaSLZPEOLig,dunn-loring-virginia
https://www.ubereats.com/washington-dc/food-delivery/cava-176-maple-ave-west/xbmEL7ypR1uvv06TF0OzrQ,dunn-loring-virginia
https://www.ubereats.com/washington-dc/food-delivery/masala-indian-cuisine-mclean/GEct6LQzTXa7iOtts7XLiA,dunn-loring-virginia
https://www.ubereats.com/washington-dc/food-delivery/jvs-restaurant/W75bDHsXRu2KUI9ZlvXl5w,dunn-loring-virginia
https://www.ubereats.com/washington-dc/food-delivery/starbucks-idylwood-plaza/eWQOxn2TSjeP6WY_t3w36Q,dunn-loring-virginia
https://www.ubereats.com/washington-dc/food-delivery/noodles-%26-company-7020-old-keene-mill-rd/Ar6D_1y7T1CKj6_kIz7Gig,dunn-loring-virginia
https://www.ubereats.com/washington-dc/food-delivery/siroo/EgptxJjzSzuFbADGL5FE5g,dunn-loring-virginia
https://www.ubereats.com/washington-dc/food-delivery/california-tortilla-tysons-corner/ILxPe2o6TZ2LYtXaTeWv4w,dunn-loring-virginia
https://www.ubereats.com/washington-dc/food-delivery/la-estancia-churrasqueria/HTp4KIa4Snu6N36VbBBjXA,dunn-loring-virginia
https://www.ubereats.com/washington-dc/food-delivery/mcdonalds-bradlick-shopping-center-relo/cMMkRHI2T_uMZRO5Pb6uqg,dunn-loring-virginia
https://www.ubereats.com/washington-dc/food-delivery/mcdonalds-fx-brddck-exroys/sJVg-ByhQsmswZzoMV0M5Q,dunn-loring-virginia
https://www.ubereats.com/washington-dc/food-delivery/wendys-9688-main-street/7SmKg1K4R9OXP0kTorivFw,dunn-loring-virginia
https://www.ubereats.com/washington-dc/food-delivery/la-breakfast-club/dw3ztDB0RUm4LLBIXyVG7w,dunn-loring-virginia
https://www.ubereats.com/washington-dc/food-delivery/quickway-japanese-hibachi-fairfax/0yQSqF0vQ6uhynpFb9k3Xg,dunn-loring-virginia
https://www.ubereats.com/washington-dc/food-delivery/thai-by-thai-fairfax/mqlnrW-HReywI9Dfxod4xQ,dunn-loring-virginia
https://www.ubereats.com/washington-dc/food-delivery/taza-falafel/NpNq3TL-Rqy942oCP3qvEw,dunn-loring-virginia
https://www.ubereats.com/washington-dc/food-delivery/kumo-sushi-2338-woodland-crossing-dr/a09AzAOVS9CyDNC3s54_Ww,dunn-loring-virginia
https://www.ubereats.com/washington-dc/food-delivery/elevation-burger-fairfax/tMAhsAqiScyTpHVk7_DRHw,dunn-loring-virginia
https://www.ubereats.com/washington-dc/food-delivery/taco-bell-8419-old-court-house-road/6b1IVzaMRSWwjg_9VQdx9g,dunn-loring-virginia
https://www.ubereats.com/washington-dc/food-delivery/wendys-5066-lee-highway/cYuU5HIzTHq_1k8F6uXNyQ,dunn-loring-virginia
https://www.ubereats.com/washington-dc/food-delivery/bowl-play-monster-snow-%26-tea/axCW2JIqRx2RExOL2E0hvA,dunn-loring-virginia
https://www.ubereats.com/washington-dc/food-delivery/tama-sushi-mclean/b1XBOfm7TMqr2IdtGxCB4g,dunn-loring-virginia
https://www.ubereats.com/washington-dc/food-delivery/starbucks-pan-am-shopping-center/9vcV0olrTW6jTzK7mmbLyA,dunn-loring-virginia
https://www.ubereats.com/washington-dc/food-delivery/starbucks-barcroft-plaza/E6ycj5T_Qhm6gKLjnvLaiQ,dunn-loring-virginia
https://www.ubereats.com/washington-dc/food-delivery/dunkin-101-e-annandale-rd/RCACxNTZR8yrqjz5WyUjFQ,dunn-loring-virginia
https://www.ubereats.com/washington-dc/food-delivery/chipotle-mexican-grill-358-w-broad-st/Js6nYmtGT8aJtBUnRc-92A,dunn-loring-virginia
https://www.ubereats.com/washington-dc/food-delivery/deli-italiano/oR-q23GWSj6RzMBqCxt2pw,dunn-loring-virginia
https://www.ubereats.com/washington-dc/food-delivery/astro-doughnuts-%26-fried-chicken-falls-church/Gw2-8ZcZR1-kxVMu1SFwFQ,dunn-loring-virginia
https://www.ubereats.com/washington-dc/food-delivery/della-js-delectables/4cNzppjSSdeBR4jhdcV5VA,dunn-loring-virginia
https://www.ubereats.com/washington-dc/food-delivery/la-union-restaurant-arlington/cNF937V6SpKGIMSHHE63FA,dunn-loring-virginia
https://www.ubereats.com/washington-dc/food-delivery/popeyes-2835-gallows-rd/AdaLg4LXR72XIfmIdZEJ6g,dunn-loring-virginia
https://www.ubereats.com/washington-dc/food-delivery/red-pepper-fairfax/pQy6w9CyS4uuUlhu5BG0Og,dunn-loring-virginia
https://www.ubereats.com/washington-dc/food-delivery/pho-duong-main-st/S4jmyETZTUuWgH6e9hJFfA,dunn-loring-virginia
https://www.ubereats.com/washington-dc/food-delivery/flippin-pizza-800-w-broad-st-ste-103/cDwVMUd9TP2i7Uc9SWBLow,dunn-loring-virginia
https://www.ubereats.com/washington-dc/food-delivery/pulcinella/EUQY7Az8SmK9MM_-cgq-Bw,dunn-loring-virginia
https://www.ubereats.com/washington-dc/food-delivery/kefayas-cafe/_9ORPsECRdWt4xsmTliaRQ,dunn-loring-virginia
https://www.ubereats.com/washington-dc/food-delivery/the-ice-cream-shop/EJ3WVoTjQE22-1nxXWQMfg,dunn-loring-virginia
https://www.ubereats.com/washington-dc/food-delivery/phu-quy-deli-delight/Nka0-kJIRjy8-GjcnVkZJw,dunn-loring-virginia
https://www.ubereats.com/washington-dc/food-delivery/chicken-loco-annandale/hORnZabdTj2pUdotzLDyfA,dunn-loring-virginia
https://www.ubereats.com/washington-dc/food-delivery/halal-guys-2670-avenir-pl-fairfax-va-22180/idCnq60jRYCjhjpVW1hLAg,dunn-loring-virginia
https://www.ubereats.com/washington-dc/food-delivery/matchbox-fairfax/OkbAuNxGTXe3K1YKdHjN3A,dunn-loring-virginia
https://www.ubereats.com/washington-dc/food-delivery/outback-steakhouse-9579-braddock-road/MnAZK8xPS1S34XbXIQCllA,dunn-loring-virginia
https://www.ubereats.com/washington-dc/food-delivery/wooden-bakery-cafe-vienna/ioLwg2xDSm2N6-tghVt81A,dunn-loring-virginia
https://www.ubereats.com/washington-dc/food-delivery/potbelly-sandwich-shop-alexandria-va-%7C-406/tE1A4b5dQVC1bcxNQNQIIQ,dunn-loring-virginia
https://www.ubereats.com/washington-dc/food-delivery/hei-hei-tiger/_8nCd15ESmCcLYKU2v5uCw,dunn-loring-virginia
https://www.ubereats.com/washington-dc/food-delivery/burger-7-dunn-loring/BD0-0pDuT_unCnHr3TUnlw,dunn-loring-virginia
https://www.ubereats.com/washington-dc/food-delivery/chi-mc-korean-fried-chicken/23vVcBiVTumYdTSa73ze1Q,dunn-loring-virginia
https://www.ubereats.com/washington-dc/food-delivery/south-block-vienna/nARyxdUvSd605SD3nkp9BQ,dunn-loring-virginia
https://www.ubereats.com/washington-dc/food-delivery/rose-kabob-restaurant-vienna/z9hw3VO5RVqo5Qg_mCjCDg,dunn-loring-virginia
https://www.ubereats.com/washington-dc/food-delivery/subway-121-e-annandale-rd/t5OyDJNMRJiuYm-nerc21w,dunn-loring-virginia
https://www.ubereats.com/washington-dc/food-delivery/popeyes-vienna/yBpduxvIQRmemY89QCYhxQ,dunn-loring-virginia
https://www.ubereats.com/washington-dc/food-delivery/baku-delicious/RykXyJesRwCjtlqs31GM9A,dunn-loring-virginia
https://www.ubereats.com/washington-dc/food-delivery/pho-deluxe-tysons-vienna/EnBJN_Q6TW6SyBeZfzoYkQ,dunn-loring-virginia
https://www.ubereats.com/washington-dc/food-delivery/raouche-cafe/4uEikqnbS6GWYUYsnURnHw,dunn-loring-virginia
https://www.ubereats.com/washington-dc/food-delivery/agora-restaurant/PMlCeDLVR-qfCruMwgqPgw,dunn-loring-virginia
https://www.ubereats.com/washington-dc/food-delivery/pho-hai-duong-annandale/YGUCOCGRR4qaIFE6tcD99A,dunn-loring-virginia
https://www.ubereats.com/washington-dc/food-delivery/jinya-ramen-bar-fairfax/MOUGQQdLTCCKz12pQ41yFA,dunn-loring-virginia
https://www.ubereats.com/washington-dc/food-delivery/fifty-west-cafe/8VlS0AijTYehyk8diVGCjQ,dunn-loring-virginia
https://www.ubereats.com/washington-dc/food-delivery/la-campesina/FyeVJ_tXSMm5E7qbFisS6A,dunn-loring-virginia
https://www.ubereats.com/washington-dc/food-delivery/five-guys-va-0071-7856-e-tysons-corner-center/sMubvAvuRrG9f5o16-1h9g,dunn-loring-virginia
https://www.ubereats.com/washington-dc/food-delivery/chicken-palace/890dhMvVQ36AT0TjlCrBSQ,dunn-loring-virginia
https://www.ubereats.com/washington-dc/food-delivery/kung-fu-tea-9530b-old-keene-mill-rd/BZy33bRVRmuG3M7SHlXUTQ,dunn-loring-virginia
https://www.ubereats.com/washington-dc/food-delivery/lil-italian-cafe-falls-church/PGgopRqKThOvKDlAAP9niA,dunn-loring-virginia
https://www.ubereats.com/washington-dc/food-delivery/dogwood-tavern-falls-church/P_JRxBo2R2CLi44buUsckQ,dunn-loring-virginia
https://www.ubereats.com/washington-dc/food-delivery/el-tio-tex-mex-grill-great-falls/wZTM9IeVTwahN56eHfcqiQ,dunn-loring-virginia
https://www.ubereats.com/washington-dc/food-delivery/b*tch-dont-grill-my-cheese/w_OjJBkxQ5ye329v02-nzQ,dunn-loring-virginia
https://www.ubereats.com/washington-dc/food-delivery/starbucks-fairfax-city/qLGLTmKgQ32UvqfSZpsAVw,dunn-loring-virginia
https://www.ubereats.com/washington-dc/food-delivery/saffron-indian-cuisine-falls-church/wdm8TD7rTRGs_W4khrHw5g,dunn-loring-virginia
https://www.ubereats.com/washington-dc/food-delivery/starbucks-falls-plaza/JxTjw5c1TKeEa5GZi5x07g,dunn-loring-virginia
https://www.ubereats.com/washington-dc/food-delivery/dessert-story/4qeMYfbTSy-_0WM3Eva3YQ,dunn-loring-virginia
https://www.ubereats.com/washington-dc/food-delivery/potbelly-sandwich-shop-tysons-corner-%7C-293/Ro1vpCr5SbaoNwmHkFEWNw,dunn-loring-virginia
https://www.ubereats.com/washington-dc/food-delivery/honey-baked-ham-10940-fairfax-blvd-suite-g-h/KaPffs1qTry7r6ps1M3mew,dunn-loring-virginia
https://www.ubereats.com/washington-dc/food-delivery/il-poom-hyang/_DrVuYUfRO2r0H516aEr8g,dunn-loring-virginia
https://www.ubereats.com/washington-dc/food-delivery/bep-viet-restaurant/ol1VTC3FS6GDYWgUI929eA,dunn-loring-virginia
https://www.ubereats.com/washington-dc/food-delivery/tropical-smoothie-cafe-shops-of-avenir/uQfTFNAnQESekIQxRLnUQg,dunn-loring-virginia
https://www.ubereats.com/washington-dc/food-delivery/mcdonalds-bailey-leesbrg/5XgNeH72SESZGSc7mjRb_A,dunn-loring-virginia
https://www.ubereats.com/washington-dc/food-delivery/listranis-mclean/vy5dzZmwQ7CTELUrWN1lsg,dunn-loring-virginia
https://www.ubereats.com/washington-dc/food-delivery/mcdonalds-cedar-park-vienn/lT6FARepQc6U-vqD_ounXA,dunn-loring-virginia
https://www.ubereats.com/washington-dc/food-delivery/paris-baguette/c3QWKaxfS_6IeWiPA8j5tQ,dunn-loring-virginia
https://www.ubereats.com/washington-dc/food-delivery/dogfish-head-alehouse-falls-church/Cx-Xu0ZoT_m6nNR551nRVg,dunn-loring-virginia
https://www.ubereats.com/washington-dc/food-delivery/chill-zone/MlQ1a5FGQGiJXUVKvoZ5fA,dunn-loring-virginia
https://www.ubereats.com/washington-dc/food-delivery/curry-house/7GVilp3ER22ZWD8JXmC5SA,dunn-loring-virginia
https://www.ubereats.com/washington-dc/food-delivery/mcdonalds-tysons-iii/ccrhrpnYRY-THdegbjZrDA,dunn-loring-virginia
https://www.ubereats.com/washington-dc/food-delivery/raaga-restaurant/Z43JG57DTYSJc_iru5ipZA,dunn-loring-virginia
https://www.ubereats.com/washington-dc/food-delivery/sardis-pollo-a-la-brasa-falls-church/dwJjS74CTSalv7Wz9mJRDg,dunn-loring-virginia
https://www.ubereats.com/washington-dc/food-delivery/mcdonalds-lee-hwy-arlingtn/hkEAhfhBR0Otbe3wdyEPaQ,dunn-loring-virginia
https://www.ubereats.com/washington-dc/food-delivery/craft-grilled-cheese-house-arlington/AV2ge6sxTaSiLqzcDSQuWg,dunn-loring-virginia
https://www.ubereats.com/washington-dc/food-delivery/zenola/mzejPi8SRq2Bn-kI_NTDhw,dunn-loring-virginia
https://www.ubereats.com/washington-dc/food-delivery/heritage-cafe/sGVRK9fcTJu25jWmEuJZkQ,dunn-loring-virginia
https://www.ubereats.com/washington-dc/food-delivery/icream-yogurt-%26-crepes/4KpiEMKoQfCogPt_xNzm7Q,dunn-loring-virginia
https://www.ubereats.com/washington-dc/food-delivery/1600-kitchen-tysons-blvd/n5f34w5jSx2q-ULlpweIdg,dunn-loring-virginia
https://www.ubereats.com/washington-dc/food-delivery/mcdonalds-flls-ch-ex-roys/zVM5OVqSRnCp9qRiBYeoaw,dunn-loring-virginia
https://www.ubereats.com/washington-dc/food-delivery/kfc-4901-lee-hwy/9g3BlleeRPGZGUS-n1gCCw,dunn-loring-virginia
https://www.ubereats.com/washington-dc/food-delivery/grill-kabob-express/BlefiOb2Ty2qQKEXwbSg8w,dunn-loring-virginia
https://www.ubereats.com/washington-dc/food-delivery/kabob-bazaar-clarendon/1mM-E_MXTyqRMw7DtAqmSw,dunn-loring-virginia
https://www.ubereats.com/washington-dc/food-delivery/mcdonalds-beauregard/rQitE573SvmzQCMoQuXMMQ,dunn-loring-virginia
https://www.ubereats.com/washington-dc/food-delivery/mcdonalds-industrial-x-roy/uUuWmwWgT7CjIHQh7YDd7w,dunn-loring-virginia
https://www.ubereats.com/washington-dc/food-delivery/the-ice-cream-shop/yVdEU5WbSDiDN8ni8oqFCw,dunn-loring-virginia
https://www.ubereats.com/washington-dc/food-delivery/crepe-amour/p4ukrw1eRJ6yFAr_Kq8mhA,dunn-loring-virginia
https://www.ubereats.com/washington-dc/food-delivery/pf-changs-4250-fairfax-corner-ave/YBYdOxpkT7q1d4DSVpTZnA,dunn-loring-virginia
https://www.ubereats.com/washington-dc/food-delivery/manhattan-pizza-tysons-corner/awsVt0ZFR_2-fW6jgouhvg,dunn-loring-virginia
https://www.ubereats.com/washington-dc/food-delivery/crepes-%26-karak/k5kbeQfWQYuuO86C4841VQ,dunn-loring-virginia
https://www.ubereats.com/washington-dc/food-delivery/hai-duong-eden-center/0tHX0slSRaaNdJKaRPDGuA,dunn-loring-virginia
https://www.ubereats.com/washington-dc/food-delivery/starbucks-yorktowne-center/iSx7Lz7rQmejq0Psais6pw,dunn-loring-virginia
https://www.ubereats.com/washington-dc/food-delivery/lebanese-bistro/XBtWEDNkSXataQAO7LeNLw,dunn-loring-virginia
https://www.ubereats.com/washington-dc/food-delivery/balaji-cafe/3EA9QsbiSFSc0E5Z_D8PTA,dunn-loring-virginia
https://www.ubereats.com/washington-dc/food-delivery/the-ice-cream-shop/S6zNeOnmQ0KtA1ldllPDag,dunn-loring-virginia
https://www.ubereats.com/washington-dc/food-delivery/kiin-imm-thai-restaurant/5txXHwmARPKNIOmahpRLpg,dunn-loring-virginia
https://www.ubereats.com/washington-dc/food-delivery/vocelli-pizza-334-maple-ave-w/yX_d9eVZRpKR1E8dBGpACA,dunn-loring-virginia
https://www.ubereats.com/washington-dc/food-delivery/latino-chicken-place/RNFJCaGiSpmuckTEZV9nBQ,dunn-loring-virginia
https://www.ubereats.com/washington-dc/food-delivery/subway-7393-c-lee-hwy/R5IJZXJ7SIqd20ogh9_dXw,dunn-loring-virginia
https://www.ubereats.com/washington-dc/food-delivery/the-wings-spot/WPLcjUy9TU-oD-wPuMrcCQ,dunn-loring-virginia
https://www.ubereats.com/washington-dc/food-delivery/sunflower-vegetarian-restaurant/m28VeVZLTzCq-kAp2lcvnw,dunn-loring-virginia
https://www.ubereats.com/washington-dc/food-delivery/greenhouse-bistro/uznMK1NWQF6LALLvsS3iUg,dunn-loring-virginia
https://www.ubereats.com/washington-dc/food-delivery/dunkin-2750-gallows-rd/JovFEi2XR9SZrftnKS4idA,dunn-loring-virginia
https://www.ubereats.com/washington-dc/food-delivery/yume-sushi/jvoSGseTSfGCnwO26DMtAA,dunn-loring-virginia
https://www.ubereats.com/washington-dc/food-delivery/grill-kabob-tysons-corner-mall/4qGNo7B9SCay5qSpqleuVg,dunn-loring-virginia
https://www.ubereats.com/washington-dc/food-delivery/pho-anh-duong/I3855N1CTjWLcV-cEaqyrQ,dunn-loring-virginia
https://www.ubereats.com/washington-dc/food-delivery/red-lobster-10325-fairfax-blvd/J4QpzBu-SQOEsnRzicdELw,dunn-loring-virginia
https://www.ubereats.com/washington-dc/food-delivery/meega-korean-bbq/Mywy5BpJQNKT82zzajWSkA,dunn-loring-virginia
https://www.ubereats.com/washington-dc/food-delivery/founding-farmers-tysons/pacW8wZdTl6IQ_8QY7uwMQ,dunn-loring-virginia
https://www.ubereats.com/washington-dc/food-delivery/la-favola/vG00yS-iTVWqvtA8Sg4RNQ,dunn-loring-virginia
https://www.ubereats.com/washington-dc/food-delivery/just-wing-it/YjCycgCHT86a49QdMRw9AQ,dunn-loring-virginia
https://www.ubereats.com/washington-dc/food-delivery/leslys-restaurant/4zIwZ7IHSKC_Iwb_IMaO7Q,dunn-loring-virginia
https://www.ubereats.com/washington-dc/food-delivery/outback-steakhouse-150-elden-street-%23-100/OEkg23VOQJqWZ-cnfcEmEg,dunn-loring-virginia
https://www.ubereats.com/washington-dc/food-delivery/charleys-philly-steaks-tysons-corner-center/1muGJHm-TZKMnac2XfhWPA,dunn-loring-virginia
https://www.ubereats.com/washington-dc/food-delivery/tea-do/loa62qwzSy6zq9dQwI8y9A,dunn-loring-virginia
https://www.ubereats.com/washington-dc/food-delivery/ozzies-good-eats-fairfax/d3mdZRDgRIWxeaK_4gA-cw,dunn-loring-virginia
https://www.ubereats.com/washington-dc/food-delivery/cava-11046-lee-highway-unit-%232/xm5b0mBvTa-a1Hc_9TNuAg,dunn-loring-virginia
https://www.ubereats.com/washington-dc/food-delivery/sir-sandwich-co/iHRfzkztRrqFAYLZH85yRg,dunn-loring-virginia
https://www.ubereats.com/washington-dc/food-delivery/aditi-indian-dining/btk9pbIpSpi1R0JdC6V_tQ,dunn-loring-virginia
https://www.ubereats.com/washington-dc/food-delivery/best-buns-bakery-and-cafe/UPdnsRpuRaaK-X-iQ1tZ7A,dunn-loring-virginia
https://www.ubereats.com/washington-dc/food-delivery/the-italian-gourmet-vienna/uwPWK4W2Te-OT0WcLNT0AA,dunn-loring-virginia
https://www.ubereats.com/washington-dc/food-delivery/hunan-cafe-2254-hunters-woods-plz/wGCmXRf3SEqg3RGv0NtxFA,dunn-loring-virginia
https://www.ubereats.com/washington-dc/food-delivery/cava-8409-leesburg-pike/Cgdtf6s-QeyZd4VPq98hSA,dunn-loring-virginia
https://www.ubereats.com/washington-dc/food-delivery/taco-baja-falls-church/Uxy-qnu8Som4DrS4tuWjGg,dunn-loring-virginia
https://www.ubereats.com/washington-dc/food-delivery/indaroma/78puZdKTRg2s_XTbmoogzA,dunn-loring-virginia
https://www.ubereats.com/washington-dc/food-delivery/panda-express-7941-l-tyson-comer-center/4zDztsdgQeqH2TKlFIHZ3w,dunn-loring-virginia
https://www.ubereats.com/washington-dc/food-delivery/asian-origin/SPqZ04koRTuRvXB72gsCLg,dunn-loring-virginia
https://www.ubereats.com/washington-dc/food-delivery/kokee-tea-fair-oaks-mall/z8jW1rS_QeGvD8Gxn7LqTw,dunn-loring-virginia
https://www.ubereats.com/washington-dc/food-delivery/blessing-cafe-vienna/5HhTCPYfQoSDi8RCdRas-A,dunn-loring-virginia
https://www.ubereats.com/washington-dc/food-delivery/honeybaked-ham-360-west-broad-street/PtUt3XpzTQa1PiHkimqlUg,dunn-loring-virginia
https://www.ubereats.com/washington-dc/food-delivery/taberna-del-alabardero/QxO_pLu4TAuCovNMKWBrdQ,dunn-loring-virginia
https://www.ubereats.com/washington-dc/food-delivery/best-buns-fairfax-circle/Nw09IxJtR7GVtb55iJ7BRQ,dunn-loring-virginia
https://www.ubereats.com/washington-dc/food-delivery/j-gilberts-6930-old-dominion-dr/IrA3w_5aQVK0ikHAYHNPiw,dunn-loring-virginia
https://www.ubereats.com/washington-dc/food-delivery/potbelly-sandwich-shop-vienna-va-%7C-353/CqAHevGSSGS2LIKkpWUIwQ,dunn-loring-virginia
https://www.ubereats.com/washington-dc/food-delivery/best-buns-merrifield/9uj1VtIJStyK9nMkHtFX_w,dunn-loring-virginia
https://www.ubereats.com/washington-dc/food-delivery/hunan-delight/8CL4jsJQSmKxqd4Z5tNa0Q,dunn-loring-virginia
https://www.ubereats.com/washington-dc/food-delivery/rangos-tex-mex-%26-grill/VAEUaPbCT_GwxDd9v2M4sA,dunn-loring-virginia
