url,city
https://www.ubereats.com/pittsburgh/food-delivery/wendys-3990-william-penn-highway/K-VvIEPNRQ-O-ejoCABS-Q,duquesne-pennsylvania
https://www.ubereats.com/pittsburgh/food-delivery/kfc-5153-library-road/EhwCTbRVRWGVhzVpMCV8YA,duquesne-pennsylvania
https://www.ubereats.com/pittsburgh/food-delivery/eat-n-park/J-zzVaaBQZOYXT0f-pe6aQ,duquesne-pennsylvania
https://www.ubereats.com/pittsburgh/food-delivery/coffee-tree-roasters-mtl/Sij-kiEiQiiBh9nhm9FRfg,duquesne-pennsylvania
https://www.ubereats.com/pittsburgh/food-delivery/istanbul-grille/WtukBv27STKSn_uog2PSFA,duquesne-pennsylvania
https://www.ubereats.com/pittsburgh/food-delivery/denunzios-italian-trattoria/jjNKUAhHShCRSP6kY-skGQ,duquesne-pennsylvania
https://www.ubereats.com/pittsburgh/food-delivery/mulligans-sports-bar-and-grille/JEApfqK8RGuds7ifTzePCg,duquesne-pennsylvania
https://www.ubereats.com/pittsburgh/food-delivery/kfc-210-rodi-rd/h7CDt1j5QQydf_7mqgoLqQ,duquesne-pennsylvania
https://www.ubereats.com/pittsburgh/food-delivery/jolinas-2/i5S7i1qDSruoU5qJcaT2gA,duquesne-pennsylvania
https://www.ubereats.com/pittsburgh/food-delivery/chaparros-tacos/t7OmBSpXTH63mPUyxmhelQ,duquesne-pennsylvania
https://www.ubereats.com/pittsburgh/food-delivery/treats-and-beans/Krdd4ZhMRiuxSh8xyUDtxQ,duquesne-pennsylvania
https://www.ubereats.com/pittsburgh/food-delivery/portogallo-peppers-nat/_GeJUDp0Tri363h4HeZNuw,duquesne-pennsylvania
https://www.ubereats.com/pittsburgh/food-delivery/dunkin-4578-browns-hill-rd/W2J9rdbAQ0C_3uGTNu8EDw,duquesne-pennsylvania
https://www.ubereats.com/pittsburgh/food-delivery/bravo-250-w-bridge-street/_NTV97N1SFaAZYbBFYSEnw,duquesne-pennsylvania
https://www.ubereats.com/pittsburgh/food-delivery/fat-angelos-pizzeria/tkCZFpvsRWGMjgiPkS61zg,duquesne-pennsylvania
https://www.ubereats.com/pittsburgh/food-delivery/first-watch-century-iii/o6N74Vs1QwWmHhrDxMCXlg,duquesne-pennsylvania
https://www.ubereats.com/pittsburgh/food-delivery/dennys-1829-lincoln-highway/8zxXe1XYTcG3EGYRjf121g,duquesne-pennsylvania
https://www.ubereats.com/pittsburgh/food-delivery/nepali-asian-restaurant/1mYRU8mqRxi8WhHBpxJwZA,duquesne-pennsylvania
https://www.ubereats.com/pittsburgh/food-delivery/grandslam-pizza/m0g2n4OFSeeAwPD_wKKbDQ,duquesne-pennsylvania
https://www.ubereats.com/pittsburgh/food-delivery/old-school-italian-sandwich-shop/sVBd3goPTMu_iKS0WAwC0g,duquesne-pennsylvania
https://www.ubereats.com/pittsburgh/food-delivery/wendys-1703-s-braddock-ave/wuEfBr5gTSyFzV8DpE72FQ,duquesne-pennsylvania
https://www.ubereats.com/pittsburgh/food-delivery/wendys-610-william-marks-drive/Iw3v6XPWSKukHlpm8tHUVA,duquesne-pennsylvania
https://www.ubereats.com/pittsburgh/food-delivery/china-wok-brentwood/onf0t9bpQTSJe6ZapgG-KQ,duquesne-pennsylvania
https://www.ubereats.com/pittsburgh/food-delivery/the-coffee-tree-roasters/j9tXUYM4ROiK0-tzb_9igQ,duquesne-pennsylvania
https://www.ubereats.com/pittsburgh/food-delivery/mon-valley-kitchen/OOuoqizxQTqliDR8zK2Bfg,duquesne-pennsylvania
https://www.ubereats.com/pittsburgh/food-delivery/wangs-kitchen/btjmKarVQBqk_yuPvW-4Yg,duquesne-pennsylvania
https://www.ubereats.com/pittsburgh/food-delivery/rallys-11749-frankstown-road/ku_f_Bm1Qqukn1_3ZN1Y_Q,duquesne-pennsylvania
https://www.ubereats.com/pittsburgh/food-delivery/thai-terrace/ZPFzLV-3T8S-AYUjeEAjBQ,duquesne-pennsylvania
https://www.ubereats.com/pittsburgh/food-delivery/charleys-philly-steaks-monroeville-mall/OzUmNRW8RiCnxJFX-1j3NA,duquesne-pennsylvania
https://www.ubereats.com/pittsburgh/food-delivery/red-lobster-3941-william-penn-highway/XuLBwOVyTLKH90WT7Lng_Q,duquesne-pennsylvania
https://www.ubereats.com/pittsburgh/food-delivery/penn-fish-and-chicken/njbiuObKQ0y-kQH11lddyg,duquesne-pennsylvania
https://www.ubereats.com/pittsburgh/food-delivery/maldinis-pizza/J6tGuZzgThmKS68htUBhrg,duquesne-pennsylvania
https://www.ubereats.com/pittsburgh/food-delivery/drift-hookah-lounge/lQH9Q0DCRd6VsQ6C40_0jQ,duquesne-pennsylvania
https://www.ubereats.com/pittsburgh/food-delivery/papa-johns-pizza-bethel-park/QoN8FTg1TCmOqGwiQoC29Q,duquesne-pennsylvania
https://www.ubereats.com/pittsburgh/food-delivery/bella-monte-pizza/ZPwcijKqQRWwKufe6ZznuA,duquesne-pennsylvania
https://www.ubereats.com/pittsburgh/food-delivery/subway-1750-greensburg-pike/OYo0_NHQTMWJUpr8c0LMiA,duquesne-pennsylvania
https://www.ubereats.com/pittsburgh/food-delivery/mad-mex-shadyside/mmFAp9qXTZWLM5YIDnwQww,duquesne-pennsylvania
https://www.ubereats.com/pittsburgh/food-delivery/thai-%26-noodle-outlet/AO_AdUF_QuGtGWyNd9MzPA,duquesne-pennsylvania
https://www.ubereats.com/pittsburgh/food-delivery/papa-johns-pizza-frankstown/_rNZ7lNZRsOLZuJ4_B1R7A,duquesne-pennsylvania
https://www.ubereats.com/pittsburgh/food-delivery/wendys-4524-browns-hill-rd/g1veXm0iQSaMdTWdlgSxGQ,duquesne-pennsylvania
https://www.ubereats.com/pittsburgh/food-delivery/taco-bell-2300-ardmore-blvd/mGFhGnM4QV2q0FRqLrZW2Q,duquesne-pennsylvania
https://www.ubereats.com/pittsburgh/food-delivery/hanini-subs-brownsville-road/0_aB_cy5QemkdZWgBK6KFg,duquesne-pennsylvania
https://www.ubereats.com/pittsburgh/food-delivery/ramen-bar-pittsburgh/QVWT1HkJRJO5bDuOzA3HQw,duquesne-pennsylvania
https://www.ubereats.com/pittsburgh/food-delivery/pasquales-pizzeria/YJfj1V3jQeeiJe5dJb0V0A,duquesne-pennsylvania
https://www.ubereats.com/pittsburgh/food-delivery/hook-fish-and-chicken/I6ECDe3cRQ6PPB_AA8iSnw,duquesne-pennsylvania
https://www.ubereats.com/pittsburgh/food-delivery/shady-grove/yPmij8YlR3-LfoywDwEqRA,duquesne-pennsylvania
https://www.ubereats.com/pittsburgh/food-delivery/vocelli-pizza-4740-baum-blvd/TzW_wTJIQtWTTtMX9fp17g,duquesne-pennsylvania
https://www.ubereats.com/pittsburgh/food-delivery/slice-on-broadway-centre-ave/Q-9Fy_rgRpyuPv72BHiAzw,duquesne-pennsylvania
https://www.ubereats.com/pittsburgh/food-delivery/patron-mexican-fox-chapel/ZQKpwSggR0ai24sJE6xV0A,duquesne-pennsylvania
https://www.ubereats.com/pittsburgh/food-delivery/yuva-india-kitchen-%2B-bar/bPVcpA9MRdqZEenS7Pcj6w,duquesne-pennsylvania
https://www.ubereats.com/pittsburgh/food-delivery/8th-ave-cafe/GlPSMRYDT9aLeUX_bwB_zw,duquesne-pennsylvania
https://www.ubereats.com/pittsburgh/food-delivery/combo-kitchen/TGI7F009RECvBBMc_CLGdw,duquesne-pennsylvania
https://www.ubereats.com/pittsburgh/food-delivery/pittzarella/VInC9_JfRTSp7DdA-O_E5Q,duquesne-pennsylvania
https://www.ubereats.com/pittsburgh/food-delivery/all-india-veggies/HujpzEOmQc-j3eMENWupwg,duquesne-pennsylvania
https://www.ubereats.com/pittsburgh/food-delivery/el-campesino/PYlFBdbRSne7cu7T4WBgkA,duquesne-pennsylvania
https://www.ubereats.com/pittsburgh/food-delivery/little-asia-oakland/osAMzqAaSSSOQJhSz5-prw,duquesne-pennsylvania
https://www.ubereats.com/pittsburgh/food-delivery/bob-evans-187-3737-william-penn-highway/8KwE14sVQjuK_Ynq3UQTDg,duquesne-pennsylvania
https://www.ubereats.com/pittsburgh/food-delivery/ali-baba-restaurants/6apBvGeQS9CLhvUwp3-KYA,duquesne-pennsylvania
https://www.ubereats.com/pittsburgh/food-delivery/em-pizzeria/gGkv22dBT_CpjQj3rq4QXw,duquesne-pennsylvania
https://www.ubereats.com/pittsburgh/food-delivery/primanti-brothers-mt-lebanon/FE9963Z4RFKJOjNHlGPGuA,duquesne-pennsylvania
https://www.ubereats.com/pittsburgh/food-delivery/tgi-fridays-1817-pittsburgh-bethel-park-pa/vDvyHcNNQviRzKgqAnAscA,duquesne-pennsylvania
https://www.ubereats.com/pittsburgh/food-delivery/steel-valley-coffee-roasters/E_8ipQ9-SYK5wptQB3Kvrg,duquesne-pennsylvania
https://www.ubereats.com/pittsburgh/food-delivery/mintt-indian-restaurant-monroeville/GSS7J8ySTTWq6Bor-YMqMA,duquesne-pennsylvania
https://www.ubereats.com/pittsburgh/food-delivery/subway-7714-penn-ave/31BjEtzURwyzFL0z_rz5kQ,duquesne-pennsylvania
https://www.ubereats.com/pittsburgh/food-delivery/bamboo-garden-restaurant/lE7l3B_TT0SUNYAd8W6I8Q,duquesne-pennsylvania
https://www.ubereats.com/pittsburgh/food-delivery/subway-410-lysle-blvd/ZC7Mu1F0SwK-ry5C1jN9qg,duquesne-pennsylvania
https://www.ubereats.com/pittsburgh/food-delivery/mola/88rEmBAMRpmIBjuYyYuPdA,duquesne-pennsylvania
https://www.ubereats.com/pittsburgh/food-delivery/ts-restaurant-and-lounge/mJTBmkGVTwaednxEnpn_vg,duquesne-pennsylvania
https://www.ubereats.com/pittsburgh/food-delivery/arbys-1911-s-braddock-ave/zcdhJoqaStqS7wBA2nbRmQ,duquesne-pennsylvania
https://www.ubereats.com/pittsburgh/food-delivery/burger-king-4490-broadway-boulevard/cR8Eolg5TsqEzoHCVU0IkQ,duquesne-pennsylvania
https://www.ubereats.com/pittsburgh/food-delivery/subway-2020-ardmore-blvd/f8M_YxuSS4-UU3BkPkcuoQ,duquesne-pennsylvania
https://www.ubereats.com/pittsburgh/food-delivery/als-fish-and-chicken-duquesne-blvd/mbsngmwmRVKA-B6tybgQsw,duquesne-pennsylvania
https://www.ubereats.com/pittsburgh/food-delivery/quiznos-craig-st/3SjbbI4pRg299FenkUB9aw,duquesne-pennsylvania
https://www.ubereats.com/pittsburgh/food-delivery/brgr-east-liberty/Ors8ceMkQiuhufVJqq1XuA,duquesne-pennsylvania
https://www.ubereats.com/pittsburgh/food-delivery/cornbread/MFtUrXD8SYiRIU8SnckbpA,duquesne-pennsylvania
https://www.ubereats.com/pittsburgh/food-delivery/five-guys-pa-0061-1029-freeport-rd/BLW_bowDTi-rrUA2-ntREQ,duquesne-pennsylvania
https://www.ubereats.com/pittsburgh/food-delivery/sakura-teppanyaki-%26-sushi-fine-cuisine/PEtGKO98RZaX0gcjoX-N9w,duquesne-pennsylvania
https://www.ubereats.com/pittsburgh/food-delivery/philly-pretzel-factory-monroeville/L6Nwq0BGR6yXlhYCt3My-w,duquesne-pennsylvania
https://www.ubereats.com/pittsburgh/food-delivery/tasty-n-healthy/J1oIAw8vSX-JVYnm-Orjiw,duquesne-pennsylvania
https://www.ubereats.com/pittsburgh/food-delivery/thespotetc/qaYs2P2dRSemVTJelvHADg,duquesne-pennsylvania
https://www.ubereats.com/pittsburgh/food-delivery/mckeesport-fish-and-chicken/OotZPT-KRfukGr0i5U-vXA,duquesne-pennsylvania
https://www.ubereats.com/pittsburgh/food-delivery/foxs-pizza-den-104-church-st/IE_MO_TRTNWSnv1oDRvCJw,duquesne-pennsylvania
https://www.ubereats.com/pittsburgh/food-delivery/kings-family-restaurant-monroeville/ksX4hkG5RL2-KUbFQy6pIw,duquesne-pennsylvania
https://www.ubereats.com/pittsburgh/food-delivery/big-guys-pizza/ipP0LEkuTc-JxTm2vWJP_w,duquesne-pennsylvania
https://www.ubereats.com/pittsburgh/food-delivery/yukiyama/9RNcUHkJSuWsRwt1UjSFFw,duquesne-pennsylvania
https://www.ubereats.com/pittsburgh/food-delivery/steel-city-breakfast/RsQWVPzRR72fBZKKGlg7Iw,duquesne-pennsylvania
https://www.ubereats.com/pittsburgh/food-delivery/kfc-222-w-8th-ave/_5PAsahcTnythzM6-HqR1A,duquesne-pennsylvania
https://www.ubereats.com/pittsburgh/food-delivery/houlihans-mt-lebanon/z7AvhfG9TqGaWdRfgUxTKA,duquesne-pennsylvania
https://www.ubereats.com/pittsburgh/food-delivery/red-lobster-259-clairton-blvd/sRqipVBdR96NTf7biylLaA,duquesne-pennsylvania
https://www.ubereats.com/pittsburgh/food-delivery/walnut-grill-fox-chapel/Njjc_J4ZT6yn8quLxYnbzQ,duquesne-pennsylvania
https://www.ubereats.com/pittsburgh/food-delivery/big-shot-bobs-house-of-wingsmckeesport/XXiJoP4nRk6BBxF7GMnDYA,duquesne-pennsylvania
https://www.ubereats.com/pittsburgh/food-delivery/atami-japan/newKucrVTR-rvv9R6PsnuA,duquesne-pennsylvania
https://www.ubereats.com/pittsburgh/food-delivery/vickeys-soul-grill-takeout/M3Qame4AQq6uFDOSMHqJ6A,duquesne-pennsylvania
https://www.ubereats.com/pittsburgh/food-delivery/dijlah-restaurant/7ieb4CoqStSiJDXmCoqmIQ,duquesne-pennsylvania
https://www.ubereats.com/pittsburgh/food-delivery/capri-pizzeria-%26-bar/2F9_XoQDQjmfm4UqTOoiIg,duquesne-pennsylvania
https://www.ubereats.com/pittsburgh/food-delivery/zoup!-1137-freeport-rd/xzYKSoG5ToKYRcS7ldrl8Q,duquesne-pennsylvania
https://www.ubereats.com/pittsburgh/food-delivery/subway-48-monongahela-ave/9ABgvqjmSF2bUInzEOye4Q,duquesne-pennsylvania
https://www.ubereats.com/pittsburgh/food-delivery/caliente-pizza-%26-draft-house-monroeville/VD6pv6HmTyKzmCst2Jew5g,duquesne-pennsylvania
https://www.ubereats.com/pittsburgh/food-delivery/creative-salads-at-the-bagel-factory-%22the-healthy-option-is-here%22/Aug3976_RsOMrYufOQdrDQ,duquesne-pennsylvania
https://www.ubereats.com/pittsburgh/food-delivery/new-york-super-subs-squirrel-hill/yyjpwLCNSZaAwWr5zVvDLA,duquesne-pennsylvania
https://www.ubereats.com/pittsburgh/food-delivery/dads-pub-and-grubbrinton/57dRNcuRSQKTIu41unI0Xw,duquesne-pennsylvania
https://www.ubereats.com/pittsburgh/food-delivery/whats-cookin-at-caseys-oakmont-pa/RcbTvEYPSOS2pKt-dgT3PA,duquesne-pennsylvania
https://www.ubereats.com/pittsburgh/food-delivery/vocelli-pizza-1786-golden-mile-highway/YjlGd1ViT5eeFqxeWUVz3A,duquesne-pennsylvania
https://www.ubereats.com/pittsburgh/food-delivery/arbys-3700-library-rd/NtjiVOzSSty6mucA7ax8vQ,duquesne-pennsylvania
https://www.ubereats.com/pittsburgh/food-delivery/pf-changs-148-w-bridge-st/8z-WsmLrSNiLB3Q6zoamWw,duquesne-pennsylvania
https://www.ubereats.com/pittsburgh/food-delivery/primanti-brothers-waterfront-e-bridge-st/T2RkSfQTSDKJsxe8T5qmsw,duquesne-pennsylvania
https://www.ubereats.com/pittsburgh/food-delivery/vocelli-pizza-2011-waverly-avenue/yRYZTDefSO-IHagdqJn0SQ,duquesne-pennsylvania
https://www.ubereats.com/pittsburgh/food-delivery/five-guys-pa-1343-8957-rt-30/dYwFPxqNT02yIEfTX1-puQ,duquesne-pennsylvania
https://www.ubereats.com/pittsburgh/food-delivery/big-shot-bobs-house-of-wings-white-oak/1yzKa7vHTbC9O2JALzckXw,duquesne-pennsylvania
https://www.ubereats.com/pittsburgh/food-delivery/brewdog-pittsburgh/GQh3uoEVQ7uT35sDlKFkiQ,duquesne-pennsylvania
https://www.ubereats.com/pittsburgh/food-delivery/fun-asian-bistro/GbtEW-NqSTSzAR_yVGdmJQ,duquesne-pennsylvania
https://www.ubereats.com/pittsburgh/food-delivery/subway-1325-hoffman-blvd/DPFlEHsETUi4DhE3Jndjqw,duquesne-pennsylvania
https://www.ubereats.com/pittsburgh/food-delivery/burger-king-121-walmart-drive/zdtPK0hdREK8qxAgzTeDpQ,duquesne-pennsylvania
https://www.ubereats.com/pittsburgh/food-delivery/fudge-farm-waterfront/amF8xhVSQl2-1LXwo4OqXw,duquesne-pennsylvania
https://www.ubereats.com/pittsburgh/food-delivery/arbys-2040-lebanon-church-rd/Co3l_xeFQOeybtLtR_8KUg,duquesne-pennsylvania
https://www.ubereats.com/pittsburgh/food-delivery/dairy-queen-grill-%26-chill-3986-william-penn-hwy/yAvIkVfwQJC3MlGkg9hPLw,duquesne-pennsylvania
https://www.ubereats.com/pittsburgh/food-delivery/jets-pizza-dormont/e5B7499EQ4WKOFC9Wojl5w,duquesne-pennsylvania
https://www.ubereats.com/pittsburgh/food-delivery/tgi-fridays-1818-pittsburgh-monroeville-pa/0E4bbB4URSWCRoKsszwEFA,duquesne-pennsylvania
https://www.ubereats.com/pittsburgh/food-delivery/burgatory-waterworks-mall/Gn1fPKYuRGCXQT0Kk9J2fg,duquesne-pennsylvania
https://www.ubereats.com/pittsburgh/food-delivery/thai-cottage/dn9EMwRoQvmPpMQxf7g6FQ,duquesne-pennsylvania
https://www.ubereats.com/pittsburgh/food-delivery/dairy-queen-treat-3900-golden-mile-hwy/NMyG3wYSQNKJ6gWMhZOhTw,duquesne-pennsylvania
https://www.ubereats.com/pittsburgh/food-delivery/blaze-pizza-3939-william-penn-hwy/8kuG1xD3QTq7Y0pkxMqviw,duquesne-pennsylvania
https://www.ubereats.com/pittsburgh/food-delivery/309-bonefish-grill-1835-washington-road/-cl-ytAbSS6Hx8R4x09yxA,duquesne-pennsylvania
https://www.ubereats.com/pittsburgh/food-delivery/bagel-factory/e0Ci7y2zQ5-6seqcOTOQnw,duquesne-pennsylvania
https://www.ubereats.com/pittsburgh/food-delivery/crabs-r-us/kj4WAz-bSY6PvHcvhLF9eA,duquesne-pennsylvania
https://www.ubereats.com/pittsburgh/food-delivery/royal-caribbean/nfs-2UrRRhGEg_P5KxCYoQ,duquesne-pennsylvania
https://www.ubereats.com/pittsburgh/food-delivery/fujiya-ramen/f-fBxxElRiOIRVaKrhuqow,duquesne-pennsylvania
https://www.ubereats.com/pittsburgh/food-delivery/burger-house/nx-STwTUSOSBQQIdTGn8Vw,duquesne-pennsylvania
https://www.ubereats.com/pittsburgh/food-delivery/pizza-pronto/3PATyEXATCGEijknR7zYwg,duquesne-pennsylvania
https://www.ubereats.com/pittsburgh/food-delivery/sals-pizza/-bBB8C6uRmq4BAhdiWsGTg,duquesne-pennsylvania
https://www.ubereats.com/pittsburgh/food-delivery/silk-elephant/D17LbyXuQjWUptVf1RfX5A,duquesne-pennsylvania
https://www.ubereats.com/pittsburgh/food-delivery/burgatory-blue-spruce/iC2NHWQ9Q-KqIRQ4G3Bemw,duquesne-pennsylvania
https://www.ubereats.com/pittsburgh/food-delivery/primanti-bros-830-clairton-blvd/wny40HykS-CxQGMzHltsFQ,duquesne-pennsylvania
https://www.ubereats.com/pittsburgh/food-delivery/hook-fish-%26-chicken-north-versailles/8sZU-txlSr2N9rcaK88cvQ,duquesne-pennsylvania
https://www.ubereats.com/pittsburgh/food-delivery/shogun-japanese-steakhouse/krzMixaaRlygFK6rES0Wzg,duquesne-pennsylvania
https://www.ubereats.com/pittsburgh/food-delivery/turkish-grille/feiycHjuQsKul3Vs6wkIwg,duquesne-pennsylvania
https://www.ubereats.com/pittsburgh/food-delivery/taste-of-india/H_dgHwl9RXqE-vMYD3eEhQ,duquesne-pennsylvania
https://www.ubereats.com/pittsburgh/food-delivery/coffee-tree-roasters-sqh/neOwfncbSO6HYjSa8NCwSQ,duquesne-pennsylvania
https://www.ubereats.com/pittsburgh/food-delivery/macaron-bar-east-liberty/hMYwksnjRtCR2-AZ9TgElg,duquesne-pennsylvania
https://www.ubereats.com/pittsburgh/food-delivery/kfc-3770-william-penn-hwy/GP88VyDESeSqlfvMAQco_A,duquesne-pennsylvania
https://www.ubereats.com/pittsburgh/food-delivery/royal-caribbean/gbeA2DgAS1KT8X3cSfkgwQ,duquesne-pennsylvania
https://www.ubereats.com/pittsburgh/food-delivery/turkish-kebab-house/_x7SsXcZRp-2amyzCdjT_Q,duquesne-pennsylvania
https://www.ubereats.com/pittsburgh/food-delivery/ihop-4656-browns-hill-rd/9-Bo_LvjQHego_nHf-btuA,duquesne-pennsylvania
https://www.ubereats.com/pittsburgh/food-delivery/ocha-thai-noodle/L9PqEPDfSf2-DE7qwjDsVw,duquesne-pennsylvania
https://www.ubereats.com/pittsburgh/food-delivery/original-gyro/nResO2PcR2q6VJR5rjJ6gg,duquesne-pennsylvania
https://www.ubereats.com/pittsburgh/food-delivery/gaby-et-jules/eW-ObVm0RPCiVdpZMDw5_A,duquesne-pennsylvania
https://www.ubereats.com/pittsburgh/food-delivery/wendys-60-town-square-way/a8RicB0RRA2iIUhESWwR1A,duquesne-pennsylvania
https://www.ubereats.com/pittsburgh/food-delivery/chipotle-mexican-grill-4137-william-penn-hwy/sT8okTsCSdyw4XM3nMA2OA,duquesne-pennsylvania
https://www.ubereats.com/pittsburgh/food-delivery/cheesecake-caffe/m78lk9ufRoSH-dHjlAWtlg,duquesne-pennsylvania
https://www.ubereats.com/pittsburgh/food-delivery/sichuan-gourmet-murray-ave/EC4C8trfThyXzEKbDk5Ndg,duquesne-pennsylvania
https://www.ubereats.com/pittsburgh/food-delivery/sugar-and-spice/iC7_9qTRT4ubKEsc9hdahQ,duquesne-pennsylvania
https://www.ubereats.com/pittsburgh/food-delivery/masala-house-indian-bistro/VsnwxEVpT_eruMtkP1swAw,duquesne-pennsylvania
https://www.ubereats.com/pittsburgh/food-delivery/edible-arrangements-250-mt-lebanon-boulevard-suite-e-40/NkMKosW7TPiTw2MN9Fg8bw,duquesne-pennsylvania
https://www.ubereats.com/pittsburgh/food-delivery/tommygs-pizzeria/FjylCOSjQxqZdMs-SOJCgQ,duquesne-pennsylvania
https://www.ubereats.com/pittsburgh/food-delivery/subway-133-w-8th-ave/KjtuemcqRUWOJGxTyqk_Vg,duquesne-pennsylvania
https://www.ubereats.com/pittsburgh/food-delivery/dunkin-344-rodi-rd/qAGrNrbxQX6FdyOxHFgwew,duquesne-pennsylvania
https://www.ubereats.com/pittsburgh/food-delivery/arbys-450-clairton-blvd/WIc1TlDASBay-SQAJuIvfg,duquesne-pennsylvania
https://www.ubereats.com/pittsburgh/food-delivery/sawasdee-thai-kitchen/WtvW8MXvSGW_6qTD-2ccBA,duquesne-pennsylvania
https://www.ubereats.com/pittsburgh/food-delivery/clean-juice-5829-penn-ave/6yLw_c0kTPSdSpakrBhupg,duquesne-pennsylvania
https://www.ubereats.com/pittsburgh/food-delivery/china-cafe-pittsburgh/mQJ9qFThSSCQOZu0el8rbg,duquesne-pennsylvania
https://www.ubereats.com/pittsburgh/food-delivery/hook-fish-%26-chicken-penn-hills/8tEJoRNNSpiN8hqaHTJ3zA,duquesne-pennsylvania
https://www.ubereats.com/pittsburgh/food-delivery/homestead-capri-pizza/XJQIHfqYQ9iur8cIuVLBXQ,duquesne-pennsylvania
https://www.ubereats.com/pittsburgh/food-delivery/burgatory-homestead/wsRGehZ8Q2iiO6-GBrDkDg,duquesne-pennsylvania
https://www.ubereats.com/pittsburgh/food-delivery/uno-pizzeria-%26-grill-%23843/MkMLg43sSVKNq5Y3t8j7Sw,duquesne-pennsylvania
https://www.ubereats.com/pittsburgh/food-delivery/kfc-278-yost-blvd/TGdOHQ9dTcCVWa9d25jx9A,duquesne-pennsylvania
https://www.ubereats.com/pittsburgh/food-delivery/rose-tea-cafe/3RAEx2qLR3O-RFc7CnZTpQ,duquesne-pennsylvania
https://www.ubereats.com/pittsburgh/food-delivery/kfc-5130-clairton-blvd/joD9UDO1SNGOQzI2ZuPnBQ,duquesne-pennsylvania
https://www.ubereats.com/pittsburgh/food-delivery/vocelli-pizza-4235-murray-ave/6G37JOwGTqaz2l48W035oA,duquesne-pennsylvania
https://www.ubereats.com/pittsburgh/food-delivery/sincerely-yogurt-2740-stroschein-rd/ibKInHNHTa6jgvvb2Cz1ww,duquesne-pennsylvania
https://www.ubereats.com/pittsburgh/food-delivery/coriander-indian-grill/3qM-plWWQW6CB6mY_0Ff0Q,duquesne-pennsylvania
https://www.ubereats.com/pittsburgh/food-delivery/ruggers-pub/YDl7pgMPS760th8IRSnIOg,duquesne-pennsylvania
https://www.ubereats.com/pittsburgh/food-delivery/pizza-bellagio/Iji2aVLLQz2GRODtZoWDtQ,duquesne-pennsylvania
https://www.ubereats.com/pittsburgh/food-delivery/taco-bell-4032-william-penn-hwy/VtAblrQxRPGgoH6dXTEejA,duquesne-pennsylvania
https://www.ubereats.com/pittsburgh/food-delivery/green-pepper/4i2qERdgSbC5sRelH3437g,duquesne-pennsylvania
https://www.ubereats.com/pittsburgh/food-delivery/subway-3446-william-penn-hwy/1cMbx0VIRye2EE---mn-_w,duquesne-pennsylvania
https://www.ubereats.com/pittsburgh/food-delivery/ham-n-eggers-diner/PgsIdz2cQiiRO_WCZ9jpwQ,duquesne-pennsylvania
https://www.ubereats.com/pittsburgh/food-delivery/olive-oils-pizzeria-bethel-park/MeaqFmYbRNmKoCcTy55Eyw,duquesne-pennsylvania
https://www.ubereats.com/pittsburgh/food-delivery/mccormick-%26-schmicks-seafood-%26-steaks-pittsburgh/LFPS9xtaSAW4qGqUtGWBwA,duquesne-pennsylvania
https://www.ubereats.com/pittsburgh/food-delivery/t-swirl-crepe-pittsburgh/FQjfDSu8TIqucGoEL9x-LA,duquesne-pennsylvania
https://www.ubereats.com/pittsburgh/food-delivery/noodles-%26-company-3805-forbes-ave/YQhnmBWUSU2v7PVT3L1Nmg,duquesne-pennsylvania
https://www.ubereats.com/pittsburgh/food-delivery/hook-fish-%26-chicken-ormsby-ave/s7bNolZcTbe3TzHwQUv1zA,duquesne-pennsylvania
https://www.ubereats.com/pittsburgh/food-delivery/dunkin-2525-5th-ave/f6XrwIk0T9-cLvy2QFwbCw,duquesne-pennsylvania
https://www.ubereats.com/pittsburgh/food-delivery/wood-%26-penn-restaurant/2I7x62ALSAaRzBNiyoGV1g,duquesne-pennsylvania
https://www.ubereats.com/pittsburgh/food-delivery/riviera-pizza-%26-pasta/b8DjgP7hR4OvGl5UjT3htA,duquesne-pennsylvania
https://www.ubereats.com/pittsburgh/food-delivery/panda-express-4155-william-penn-hwy/GZ_lTloSRoGJnHOIsv4z9w,duquesne-pennsylvania
https://www.ubereats.com/pittsburgh/food-delivery/napoli-pizzeria/UU46EXOCQvKkEHRay61Aug,duquesne-pennsylvania
https://www.ubereats.com/pittsburgh/food-delivery/bob-evans-80-2210-lebanon-church-road/VhU0jKDhQWmfhzqGKe7ERQ,duquesne-pennsylvania
https://www.ubereats.com/pittsburgh/food-delivery/el-campesino-homestead/QPmfptgDS52PxUw4IASXCQ,duquesne-pennsylvania
https://www.ubereats.com/pittsburgh/food-delivery/halal-pitt/KJgx_xvIQAGKWi-XP9YO1w,duquesne-pennsylvania
https://www.ubereats.com/pittsburgh/food-delivery/hook-fish-%26-chicken-5th-ave/_9NBOVi8SmazvUk-slHXOA,duquesne-pennsylvania
https://www.ubereats.com/pittsburgh/food-delivery/el-burro-dos/_urQklIlTJKy3nh8kL7oXA,duquesne-pennsylvania
https://www.ubereats.com/pittsburgh/food-delivery/subway-119-120-22nd-st/KlcU8QK5RROjdvuX_Qm9SQ,duquesne-pennsylvania
https://www.ubereats.com/pittsburgh/food-delivery/kfc-640-longrun-road%3B-olympia-ctr/eHMDaTJbSyCd0LtfpfXW3w,duquesne-pennsylvania
https://www.ubereats.com/pittsburgh/food-delivery/subway-995-greensburg-pike/CR7_YkF9Tr6qkFPW1xtd8g,duquesne-pennsylvania
https://www.ubereats.com/pittsburgh/food-delivery/anthonys-coal-fired-pizza-monroeville/pB2CYTYKSsi7hqRn4LeW7A,duquesne-pennsylvania
https://www.ubereats.com/pittsburgh/food-delivery/donut-connection/1V4vDBqBTpGzklgjiwChag,duquesne-pennsylvania
https://www.ubereats.com/pittsburgh/food-delivery/panda-express-2070-lebanon-church-rd/_pZ8yAIHT2GuqPTY5bRu7g,duquesne-pennsylvania
https://www.ubereats.com/pittsburgh/food-delivery/vocelli-pizza-1687-washington-road/q1ZKmnGTSWm2QrYhkoPOEQ,duquesne-pennsylvania
https://www.ubereats.com/pittsburgh/food-delivery/house-of-soul-carryout-catering/SIiCZON3Q9eM-owmPHUSFw,duquesne-pennsylvania
https://www.ubereats.com/pittsburgh/food-delivery/chipotle-mexican-grill-1027-freeport-rd/oR4NgGcgSpWGViTXdfLQWA,duquesne-pennsylvania
https://www.ubereats.com/pittsburgh/food-delivery/taco-bell-301-hoffman-blvd/z8T_g0ePRdCb6ipsPF0a2w,duquesne-pennsylvania
https://www.ubereats.com/pittsburgh/food-delivery/pak-halal-food/MHfavGJWRNiY6xsMlixbJg,duquesne-pennsylvania
https://www.ubereats.com/pittsburgh/food-delivery/new-york-super-subs/BVMX5uJaS2eTk_b43j_ofw,duquesne-pennsylvania
https://www.ubereats.com/pittsburgh/food-delivery/michelles-city-flavors/GG_dEv8DRQ-haylNvKWNGw,duquesne-pennsylvania
https://www.ubereats.com/pittsburgh/food-delivery/vocelli-pizza-326-mall-plaza-blvd/wpymtMIeRpKQRJZk4QzJSQ,duquesne-pennsylvania
https://www.ubereats.com/pittsburgh/food-delivery/patron-mexican-grill-monroeville/-ep6pnX8RAWkZjD-ZAbEQQ,duquesne-pennsylvania
https://www.ubereats.com/pittsburgh/food-delivery/forbes-gyro/9h9DAxsYRQa4BbWBln3uDA,duquesne-pennsylvania
https://www.ubereats.com/pittsburgh/food-delivery/the-coal-mine/3a96G8nQQPSzTnCgIhzzZg,duquesne-pennsylvania
https://www.ubereats.com/pittsburgh/food-delivery/nobbys-pizzeria-373-vanadium-rd/_hXwSUQTRgmD_8X9ztCc2Q,duquesne-pennsylvania
https://www.ubereats.com/pittsburgh/food-delivery/applebees-977-magill-drive-%2377014/lFtFdVQIQfyz12AUnGRBIw,duquesne-pennsylvania
https://www.ubereats.com/pittsburgh/food-delivery/chuck-e-cheese-3800-william-penn-hwy/lgKXRnu6QmGl6c3Mw86xKA,duquesne-pennsylvania
https://www.ubereats.com/pittsburgh/food-delivery/coffee-tree-roasters-fxc/rXGMEXBJTBiGwEooZu2vTA,duquesne-pennsylvania
https://www.ubereats.com/pittsburgh/food-delivery/a-family-flavor/pnTqiSxeT0qC7de2ThTmsw,duquesne-pennsylvania
https://www.ubereats.com/pittsburgh/food-delivery/pizza-care/SNBiIMLDS-KwyJCqMpan_A,duquesne-pennsylvania
https://www.ubereats.com/pittsburgh/food-delivery/westwood-bar-and-grille/PiFTBDNeR_WJwzXOPbQ9vw,duquesne-pennsylvania
https://www.ubereats.com/pittsburgh/food-delivery/spillys-barbeque/Co9Pi103Qx6ODA315FnTmQ,duquesne-pennsylvania
https://www.ubereats.com/pittsburgh/food-delivery/alexs-pit-stop/HSi1zsfKRnyFOh3ZGrixuQ,duquesne-pennsylvania
https://www.ubereats.com/pittsburgh/food-delivery/cafe-412/WFyy97iWSHmdou_k3xNhdg,duquesne-pennsylvania
https://www.ubereats.com/pittsburgh/food-delivery/india-garden/vkhxIyRaRlOUYbVO61ZMSg,duquesne-pennsylvania
https://www.ubereats.com/pittsburgh/food-delivery/kfc-4400-william-penn-highway/iC8UP3YxRoGjN0Fwp9KL9w,duquesne-pennsylvania
https://www.ubereats.com/pittsburgh/food-delivery/tonys-restaurant-breakfast-and-bbq/cfvVEYW6QzeOLjmHwgDx4w,duquesne-pennsylvania
https://www.ubereats.com/pittsburgh/food-delivery/dunkin-2065-ardmore-blvd/cUUJaahcRS6NZl3RyEIdUw,duquesne-pennsylvania
https://www.ubereats.com/pittsburgh/food-delivery/mas-honey/B9U51RE9SuCvp300qtPQqQ,duquesne-pennsylvania
https://www.ubereats.com/pittsburgh/food-delivery/wendys-2280-lebanon-church-rd/48SG5ClfSKOVZqwFIZ-1pg,duquesne-pennsylvania
https://www.ubereats.com/pittsburgh/food-delivery/the-original-gyro-3611-library-road/c1oT2uLCQZG3SwY8MLjWcw,duquesne-pennsylvania
https://www.ubereats.com/pittsburgh/food-delivery/vocelli-pizza-11745-frankstown-road/-Ee6jwx2TsC3FBLBLdYJ4w,duquesne-pennsylvania
https://www.ubereats.com/pittsburgh/food-delivery/arbys-6105-saltsburg-rd/rAvDKAxXSOCODVcm0Yfo9g,duquesne-pennsylvania
https://www.ubereats.com/pittsburgh/food-delivery/outback-steakhouse-3000-mosside-boulevard/FuN_KFrrQV6Dw7ZPgOMSiw,duquesne-pennsylvania
https://www.ubereats.com/pittsburgh/food-delivery/bella-notte/NU7JQMcLQf-wJWkEeIRxxg,duquesne-pennsylvania
https://www.ubereats.com/pittsburgh/food-delivery/shumans-homewood/JdMTXYbqRVeLHPRFVIQhhQ,duquesne-pennsylvania
https://www.ubereats.com/pittsburgh/food-delivery/rogue-bbq/XjLXySXdRsKxS1kGQOQN5w,duquesne-pennsylvania
https://www.ubereats.com/pittsburgh/food-delivery/edgewood-beer-%26-tobacco/UhVNO8ZKR6G44xwiXP9akQ,duquesne-pennsylvania
https://www.ubereats.com/pittsburgh/food-delivery/india-on-wheels/Rkza_OqtSs-OeSSgEPOieA,duquesne-pennsylvania
https://www.ubereats.com/pittsburgh/food-delivery/big-shot-bobs-house-of-wings/ab4GnGEQQj-exgzQGXRjZw,duquesne-pennsylvania
https://www.ubereats.com/pittsburgh/food-delivery/deli-412/jLUhbs9fQeKk0OCSkB9QkA,duquesne-pennsylvania
https://www.ubereats.com/pittsburgh/food-delivery/buffalo-wild-wings-3469-william-penn-highway/S29e_t7lTlKr7pl-DlUK0w,duquesne-pennsylvania
https://www.ubereats.com/pittsburgh/food-delivery/one-stop-health-and-wellness-cafe/J0bmdRsSQ7S47PI4Na4NeA,duquesne-pennsylvania
https://www.ubereats.com/pittsburgh/food-delivery/hanini-subs-franklin-ave/THz6needT92E6VIPEGOIBA,duquesne-pennsylvania
https://www.ubereats.com/pittsburgh/food-delivery/szechuan-express/FP2ZqNANR3KzFhj1s6H1Bg,duquesne-pennsylvania
https://www.ubereats.com/pittsburgh/food-delivery/vocelli-pizza-691-clairton-boulevard/pgSBg1XsRxOlnoAqR9Qv_Q,duquesne-pennsylvania
https://www.ubereats.com/pittsburgh/food-delivery/dennys-271-clairton-blvd/u8d0aRLyQc-awUDxvYGGTQ,duquesne-pennsylvania
https://www.ubereats.com/pittsburgh/food-delivery/buffalo-wild-wings-9996-mountain-view-drive/-YG3iL5hQweKwGemjlvfUQ,duquesne-pennsylvania
https://www.ubereats.com/pittsburgh/food-delivery/pizza-di-roma/vgfx_zCISsWAKoGhDTsYSQ,duquesne-pennsylvania
https://www.ubereats.com/pittsburgh/food-delivery/sichuan-palace/xVOor8IeRsixrotavBAGmg,duquesne-pennsylvania
https://www.ubereats.com/pittsburgh/food-delivery/frankie-bunz/p_DhJH3_TI-q_tEti7umRA,duquesne-pennsylvania
https://www.ubereats.com/pittsburgh/food-delivery/vocelli-pizza-231-commercial-avenue/vTI85AvjQAyqyKoN7sSXig,duquesne-pennsylvania
https://www.ubereats.com/pittsburgh/food-delivery/brrats-deli/k1Tg-7fCTLuWapsfoku83g,duquesne-pennsylvania
https://www.ubereats.com/pittsburgh/food-delivery/forks-%26-knives-bistro/QzFZPjtaTbOqi6bmQygjPA,duquesne-pennsylvania
https://www.ubereats.com/pittsburgh/food-delivery/tooktook98/_KjNrtBbSD6aTAsHBJdp8g,duquesne-pennsylvania
https://www.ubereats.com/pittsburgh/food-delivery/ginos-pizza/PHRKlPOWRxW8W9nzb_keYw,duquesne-pennsylvania
https://www.ubereats.com/pittsburgh/food-delivery/pizza-romano-pittsburgh/GSTh_7WdT86-V3Kz8aSfCw,duquesne-pennsylvania
https://www.ubereats.com/pittsburgh/food-delivery/nrgize-lifestyle-cafe/LxOMhxGeQKeEPLDsTwXOeQ,duquesne-pennsylvania
https://www.ubereats.com/pittsburgh/food-delivery/social-at-bakery-square/qmjFKRJTRkWVubeROCwkBg,duquesne-pennsylvania
https://www.ubereats.com/pittsburgh/food-delivery/nakama-japanese-steak-house-carson-st/ZXilcqPyQRODKZ5RcQcaaQ,duquesne-pennsylvania
https://www.ubereats.com/pittsburgh/food-delivery/dennys-2200-lebanon-church-road/dc-8fKsHTZmFdDxNjC2IsQ,duquesne-pennsylvania
https://www.ubereats.com/pittsburgh/food-delivery/paris-66/U4v4E0m0TpaGf8ZUwDoDVA,duquesne-pennsylvania
https://www.ubereats.com/pittsburgh/food-delivery/primanti-brothers-monroeville/SAwdybDyQ1y9KX0mbWD7HQ,duquesne-pennsylvania
https://www.ubereats.com/pittsburgh/food-delivery/panda-express-1028-freeport-rd/tWnjW2WySByacV7nDvq4FQ,duquesne-pennsylvania
https://www.ubereats.com/pittsburgh/food-delivery/peoples-indian-restaurant/HZhQwAmlQHib7W7zHwrbGQ,duquesne-pennsylvania
https://www.ubereats.com/pittsburgh/food-delivery/back-to-the-foodture/wzKzKIy8T2GXX4YNuXI7Jg,duquesne-pennsylvania
https://www.ubereats.com/pittsburgh/food-delivery/crave-frozen-desserts/CG6Dc5AnTiu97fU6BvEyAg,duquesne-pennsylvania
https://www.ubereats.com/pittsburgh/food-delivery/merlinos-pizza/OYyvOjvbTw6UcotaLb3f5g,duquesne-pennsylvania
https://www.ubereats.com/pittsburgh/food-delivery/gluuteny-bakery-a-gluten-free-and-dairy-free-bakery/sV6Y19zTSSyWclkx-51tXQ,duquesne-pennsylvania
https://www.ubereats.com/pittsburgh/food-delivery/chipotle-mexican-grill-509-clairton-blvd/9nsp1Ti_QzWzwd0Sb3s-CA,duquesne-pennsylvania
https://www.ubereats.com/pittsburgh/food-delivery/pizza-parma-shadyside/_EIK0lzpQ2y4nM-mKTF8Sw,duquesne-pennsylvania
https://www.ubereats.com/pittsburgh/food-delivery/orient-express/zgxzgmTjSbmjSQxm2tRw_A,duquesne-pennsylvania
https://www.ubereats.com/pittsburgh/food-delivery/dennys-3980-william-penn-highway/_fJOAZYzTweX5RH8GzAjMA,duquesne-pennsylvania
https://www.ubereats.com/pittsburgh/food-delivery/bangkok-balcony/-d8LjweOSyWLZXDBsbjTGA,duquesne-pennsylvania
https://www.ubereats.com/pittsburgh/food-delivery/wendys-603-clairton-blvd/8fVNdHfXTPi0_WzsruQ_OA,duquesne-pennsylvania
https://www.ubereats.com/pittsburgh/food-delivery/wendys-351-lincoln-highway/gmPcQNzkTHeKq1RUKNKOmQ,duquesne-pennsylvania
https://www.ubereats.com/pittsburgh/food-delivery/the-library/kaN2l0CyQm2jlWpHMTpANg,duquesne-pennsylvania
https://www.ubereats.com/pittsburgh/food-delivery/taco-bell-2802-jacks-run-rd/vHMMrHBkSXK4DI8v21Ubbw,duquesne-pennsylvania
https://www.ubereats.com/pittsburgh/food-delivery/murray-avenue-grill/NotzqZeOTdSzEKgLXpC7kA,duquesne-pennsylvania
https://www.ubereats.com/pittsburgh/food-delivery/five-guys-pa-1613-73845-northern-pike/vm_Igst0S9Gz08rXvtZeXA,duquesne-pennsylvania
https://www.ubereats.com/pittsburgh/food-delivery/mcdonalds-duquesne/ewsAZcRQTpSaP4Xj5W8agg,duquesne-pennsylvania
https://www.ubereats.com/pittsburgh/food-delivery/tgi-fridays-1101-pittsburgh-waterfront-pa/N8l2LBUcQsOBXdgTYwT-lw,duquesne-pennsylvania
https://www.ubereats.com/pittsburgh/food-delivery/campitis-pizzeria-bethel-park/cQkz0KAlTS6nGZ5dv6ikpQ,duquesne-pennsylvania
https://www.ubereats.com/pittsburgh/food-delivery/hofbrauhaus-pittsburgh/dvh8u6eXTXKLD06XUsc4zw,duquesne-pennsylvania
https://www.ubereats.com/pittsburgh/food-delivery/primanti-brothers-n-versailles/OZvtX65-TPmXK_eDc2LK4w,duquesne-pennsylvania
https://www.ubereats.com/pittsburgh/food-delivery/honey-baked-ham-4025-william-penn-hwy/Yyd5jhaDQym7WCqA5UM08w,duquesne-pennsylvania
https://www.ubereats.com/pittsburgh/food-delivery/kfc-509-penn-ave/Lp-1tq-XSjeUH5p7nzKDew,duquesne-pennsylvania
https://www.ubereats.com/pittsburgh/food-delivery/hokkaido-seafood-restaurant/-mqZvhHjRLq7mtvEVRJxKA,duquesne-pennsylvania
https://www.ubereats.com/pittsburgh/food-delivery/pasha-cafe/-DUsbw8UT-KFaJMbOE3t4Q,duquesne-pennsylvania
https://www.ubereats.com/pittsburgh/food-delivery/sloppy-dogs/_3tetmVwRharwSaYKPp2zw,duquesne-pennsylvania
https://www.ubereats.com/pittsburgh/food-delivery/pita-pit-pittsburgh/dZKqMGR_RcKj3lWNvXN5Qw,duquesne-pennsylvania
https://www.ubereats.com/pittsburgh/food-delivery/papa-johns-351-hoffman-blvd-unit-3/Cwsh4r2iSMi7NHI0ZGBW5Q,duquesne-pennsylvania
https://www.ubereats.com/pittsburgh/food-delivery/ragtime/DNynlLpRRWqudwnkzW2JJw,duquesne-pennsylvania
https://www.ubereats.com/pittsburgh/food-delivery/arbys-9242-route-30/4mX7TEnoRCi6qyiiJGabXw,duquesne-pennsylvania
