url,city
https://www.ubereats.com/raleigh/food-delivery/fiesta-ole/RzS1ob8ZRpadrNuoQWLUjQ,durham-north-carolina
https://www.ubereats.com/raleigh/food-delivery/devils-pizzeria/_K8Bun30Ss6h-xrOxIGzfA,durham-north-carolina
https://www.ubereats.com/raleigh/food-delivery/monuts-ninth-st/OiMUlhZgQb23avRJYjVaSg,durham-north-carolina
https://www.ubereats.com/raleigh/food-delivery/phoxpress/T79NJNbTSZaL0-KywL84SA,durham-north-carolina
https://www.ubereats.com/raleigh/food-delivery/italian-pizzeria/vaNvnc3IS8mwXuHx5dwwpQ,durham-north-carolina
https://www.ubereats.com/raleigh/food-delivery/cracker-barrel-old-country-store-3703-hillsborough-road/8NRkxwkwQiii1Z7pl0aAjQ,durham-north-carolina
https://www.ubereats.com/raleigh/food-delivery/mcdonalds-3533-hillsborough-rd/Hgog9EBZRci58DjQpSxDRw,durham-north-carolina
https://www.ubereats.com/raleigh/food-delivery/noodles-%26-company-2608-erwin-rd/NhqwoIeSS9qXdC3aAS8-aA,durham-north-carolina
https://www.ubereats.com/raleigh/food-delivery/sams-southern-eatery/WVX-_YxTQoiM8n0xb6e4Lg,durham-north-carolina
https://www.ubereats.com/raleigh/food-delivery/rosatis-pizza-3605-davis-dr/BA8vTppGTGGKE3owdSyNaQ,durham-north-carolina
https://www.ubereats.com/raleigh/food-delivery/zaxbys-3520-hillsborough-rd/veGPUaLgROK9k4R3lp7smA,durham-north-carolina
https://www.ubereats.com/raleigh/food-delivery/wendys-3107-shannon-road/sUGCaTR3Q3aovoeVC3b0VQ,durham-north-carolina
https://www.ubereats.com/raleigh/food-delivery/noodles-%26-company-8411-brier-creek-pkwy/mo2XwW53RrycVrsNY5R_HQ,durham-north-carolina
https://www.ubereats.com/raleigh/food-delivery/tacos-junior/Fe8QT0bnQnKoO5T0B0pbZg,durham-north-carolina
https://www.ubereats.com/raleigh/food-delivery/starbucks-parkwest-crossing-nc/YZOi9YBBSM6NrVP5UARO7g,durham-north-carolina
https://www.ubereats.com/raleigh/food-delivery/mcdonalds-1708-new-raleigh-hwy/iGTxMdHURc-QNxRbcCvguA,durham-north-carolina
https://www.ubereats.com/raleigh/food-delivery/smashburger-2608-erwin-rd/qx1VUXwfQCyvF9QNGPhWeQ,durham-north-carolina
https://www.ubereats.com/raleigh/food-delivery/subway-4830-apex-hwy-55/UoWMUaV6QdmM5WaRU6H91Q,durham-north-carolina
https://www.ubereats.com/raleigh/food-delivery/subway-3799-guess-rd/0pudvFJETMSIyUV010MO7w,durham-north-carolina
https://www.ubereats.com/raleigh/food-delivery/chipotle-mexican-grill-3219-watkins-rd-ste-100/U7Nakdx_TRiImV6xOvemvg,durham-north-carolina
https://www.ubereats.com/raleigh/food-delivery/subway-2121-tw-alexander-dr/iK5Ra6_gT8yjKtRRII0ISA,durham-north-carolina
https://www.ubereats.com/raleigh/food-delivery/viva-mexican-kitchen/QYq6nJwxQ1eACfmutt6sRQ,durham-north-carolina
https://www.ubereats.com/raleigh/food-delivery/the-house-fish-%26-crab/ZrI51DJjRvyxMS795jnOzQ,durham-north-carolina
https://www.ubereats.com/raleigh/food-delivery/arbys-2115-avondale-dr/gsG8K2BNRUelgPUl6JhnxQ,durham-north-carolina
https://www.ubereats.com/raleigh/food-delivery/the-shrimp-truck/LdFA1KolScOCfQFPFBvRrQ,durham-north-carolina
https://www.ubereats.com/raleigh/food-delivery/rudinos-n-pointe-dr/OInurup8SSqIE9_RCTKtnw,durham-north-carolina
https://www.ubereats.com/raleigh/food-delivery/nancys-pizza/GnTabuOVSruyRpGCuIOVsg,durham-north-carolina
https://www.ubereats.com/raleigh/food-delivery/mellow-mushroom-410-blackwell-st/D7edrK8aTh-ds4zHgID04g,durham-north-carolina
https://www.ubereats.com/raleigh/food-delivery/wendys-910-martin-luther-king-parkway/ODzyxE0JQZ-Q38YB0-TKxQ,durham-north-carolina
https://www.ubereats.com/raleigh/food-delivery/thali-indian-restaurant/tN73yE_kRxa3uCtEX6t0qw,durham-north-carolina
https://www.ubereats.com/raleigh/food-delivery/built-custom-burgers-6910-fayetteville-rd/m6-oRxgKTJKcRSvB-hJJcw,durham-north-carolina
https://www.ubereats.com/raleigh/food-delivery/hardees-1613-3912-north-duke-street/lNnYgOwJQOi1G-skZO8SLg,durham-north-carolina
https://www.ubereats.com/raleigh/food-delivery/singas-famous-pizza-morrisville/wtIWX81JTNKHIneLn7bNJA,durham-north-carolina
https://www.ubereats.com/raleigh/food-delivery/tamarind-brier-creek-pkwy/5PgGRR5GSVihmiu9dVCCVg,durham-north-carolina
https://www.ubereats.com/raleigh/food-delivery/dennys-7021-highway-751-%23901/u9uU43dzT2yE5onif3qt3g,durham-north-carolina
https://www.ubereats.com/raleigh/food-delivery/tasu-express-asian-grill-and-poke/nHAPiHhFQpON-FsMYIiEhQ,durham-north-carolina
https://www.ubereats.com/raleigh/food-delivery/dames-chicken-%26-waffles-durham/8XlkcRbvSzmPzqxnC-d3wA,durham-north-carolina
https://www.ubereats.com/raleigh/food-delivery/neo-china/CVxcSk8XRvO3EWqysw7z_Q,durham-north-carolina
https://www.ubereats.com/raleigh/food-delivery/churchs-chicken-3400-roxboro-street/8eTYB7CZTZ2z0fVptotoDQ,durham-north-carolina
https://www.ubereats.com/raleigh/food-delivery/randys-pizza/vr-5cVC8S4yyEpRgsHKv7g,durham-north-carolina
https://www.ubereats.com/raleigh/food-delivery/bob-evans-427-8001-brier-creek-parkway/zNWnnUejR1-YsxMAM3Cr6A,durham-north-carolina
https://www.ubereats.com/raleigh/food-delivery/nc-bagel-cafe-and-deli/AoFtCg3kQzGhPQ-Mc0BfOg,durham-north-carolina
https://www.ubereats.com/raleigh/food-delivery/yopop/nXINHc91ScKCBS-J3SbwbQ,durham-north-carolina
https://www.ubereats.com/raleigh/food-delivery/kokyu-namean/B7PbjKe5SDC4HSb9PYURoA,durham-north-carolina
https://www.ubereats.com/raleigh/food-delivery/arbys-5278-n-roxboro-rd/wI7HX40yTVWCQftwNsBmpw,durham-north-carolina
https://www.ubereats.com/raleigh/food-delivery/paolos-on-54/GZZv_AheRbaez7wzu-uXbw,durham-north-carolina
https://www.ubereats.com/raleigh/food-delivery/captain-ds-4300-n-roxboro-st/jGuXWpk-SGOOWO-mZLYIQg,durham-north-carolina
https://www.ubereats.com/raleigh/food-delivery/dunkin-3459-hillsborough-rd/x8lvj5uDSNqOtm6LTzPoNw,durham-north-carolina
https://www.ubereats.com/raleigh/food-delivery/vit-goal-tofu-restaurant/nEUNd-HhRjSzO6yWF7SujA,durham-north-carolina
https://www.ubereats.com/raleigh/food-delivery/curry-point-express/9JPMxK_gT6u6XhZzuTOSIA,durham-north-carolina
https://www.ubereats.com/raleigh/food-delivery/mr-cheesesteak/f5goskVZS7WCwx4zmyxQkw,durham-north-carolina
https://www.ubereats.com/raleigh/food-delivery/jersey-mikes-3608-davis-drive/MY7rqLYATQSdx5gC9E0Zdg,durham-north-carolina
https://www.ubereats.com/raleigh/food-delivery/jamba-juice-durham/EUE5Ekr9ToyYUDHcuD08Gg,durham-north-carolina
https://www.ubereats.com/raleigh/food-delivery/guyons-my-favorite-cheesecake/9ZgjG4ggSTamqH3hROieQw,durham-north-carolina
https://www.ubereats.com/raleigh/food-delivery/bull-city-wing-factory/HWb2ZqYUTjiNyRCfa3lcLg,durham-north-carolina
https://www.ubereats.com/raleigh/food-delivery/rise-biscuits-%26-donuts-foster-st/jnWbHFmKRkO8n-Tbe40Ptw,durham-north-carolina
https://www.ubereats.com/raleigh/food-delivery/jersey-mikes-subs-3600-north-duke-st/8D5OZ6dXSyeFIqhxC_VTjA,durham-north-carolina
https://www.ubereats.com/raleigh/food-delivery/carolina-ale-house-durham/JXXs65aZTXq8D3uMw62Vrg,durham-north-carolina
https://www.ubereats.com/raleigh/food-delivery/zwelis-kitchen/Tj7_vynrSJ-s7Kzh7XTL8Q,durham-north-carolina
https://www.ubereats.com/raleigh/food-delivery/mcdonalds-204-w-nc-hwy-54/8hPC34PVR-e3ug9pD-N59w,durham-north-carolina
https://www.ubereats.com/raleigh/food-delivery/wendys-100-scarlet-dr/Dca1YJaoQkSR-ZsYe3W9qg,durham-north-carolina
https://www.ubereats.com/raleigh/food-delivery/burger-bach-9th-st/uDhj4gr-QcedHSdE79OhlQ,durham-north-carolina
https://www.ubereats.com/raleigh/food-delivery/menchies-frozen-yogurt-3604-witherspoon-blvd/5x_-3BneSbOrLZ0wj6Dsag,durham-north-carolina
https://www.ubereats.com/raleigh/food-delivery/subway-1534-s-miami-blvd/OQ_zmxSOQpS1HNZlr1gPcQ,durham-north-carolina
https://www.ubereats.com/raleigh/food-delivery/mcdonalds-3117-tower-blvd/LLmux0prSSmxZbT4whG7pA,durham-north-carolina
https://www.ubereats.com/raleigh/food-delivery/lime-and-lemon-indian-grill/HKry3jbnRPGbeba1QOS6uw,durham-north-carolina
https://www.ubereats.com/raleigh/food-delivery/sweets-smoothies/DKoqGoFJSB6vy531ta_aYw,durham-north-carolina
https://www.ubereats.com/raleigh/food-delivery/guasaca-durham/DQUrLqbyT5KRs8AcUp03tw,durham-north-carolina
https://www.ubereats.com/raleigh/food-delivery/mcdonalds-1010-n-miami-blvd/CSL5deJMTWmdl53jxU5hzQ,durham-north-carolina
https://www.ubereats.com/raleigh/food-delivery/mcdonalds-2010-n-roxboro-road/iy8mg1DTTj-MLj0AaGqj5w,durham-north-carolina
https://www.ubereats.com/raleigh/food-delivery/grk-yeero-e-franklin-st/E31etthbRJ6JYae07OT15Q,durham-north-carolina
https://www.ubereats.com/raleigh/food-delivery/hooters-1001-claren-cr/c4jgxoRmTV-G1125cMX3KQ,durham-north-carolina
https://www.ubereats.com/raleigh/food-delivery/carrabbas-5312-new-hope-commons-drive/QwNcQK9IR663ePJlhXycrg,durham-north-carolina
https://www.ubereats.com/raleigh/food-delivery/greek-cuisine/HsjvF3MiTiqr3iIqxYN9QA,durham-north-carolina
https://www.ubereats.com/raleigh/food-delivery/buffalo-wild-wings-6709-fayetteville-rd/U1nsaZTjTmGsmPB9e3AAcQ,durham-north-carolina
https://www.ubereats.com/raleigh/food-delivery/websons-bar-%26-grill/39_kd91nTSSPe-2Zvo1Rcw,durham-north-carolina
https://www.ubereats.com/raleigh/food-delivery/persis-indian-grill/IS9QWxEyQfigTaVns863Qg,durham-north-carolina
https://www.ubereats.com/raleigh/food-delivery/the-viceroy-w-main-st/LJuP2fQOTZee2rVqUHf5Yw,durham-north-carolina
https://www.ubereats.com/raleigh/food-delivery/james-joyce-irish-pub/PPOxPQScS26hvHSaj_Jikw,durham-north-carolina
https://www.ubereats.com/raleigh/food-delivery/roses-meat-market-and-sweet-shop-n-gregson-st/5V8yFysSRai6PHUjyWUQJw,durham-north-carolina
https://www.ubereats.com/raleigh/food-delivery/wendys-5402-south-miami-blvd/egLZe9p0QfSBLH2tQd93zg,durham-north-carolina
https://www.ubereats.com/raleigh/food-delivery/cloche-coffee/AcmTkpklSQCspESEJ86UZw,durham-north-carolina
https://www.ubereats.com/raleigh/food-delivery/italian-pizzeria/UJOPFhdAS2KQqwbJd_jJkw,durham-north-carolina
https://www.ubereats.com/raleigh/food-delivery/taco-bell-1804-south-miami-blvd/j7icFshrQYm0Y6Rr1VeVeA,durham-north-carolina
https://www.ubereats.com/raleigh/food-delivery/your-pie-pizza-brier-creek/Hat3M7lXTg-tTVBNCsj_GQ,durham-north-carolina
https://www.ubereats.com/raleigh/food-delivery/jersey-mikes-subs-2945-south-miami-blvd/wCWCzUU7Rlq0rw1HgLe_rw,durham-north-carolina
https://www.ubereats.com/raleigh/food-delivery/happy-china/Y6ka8ARFTsShXr2FovUkyg,durham-north-carolina
https://www.ubereats.com/raleigh/food-delivery/the-blue-note-grill-washington-st/qp7tJe1FScqqFmddrYfjVA,durham-north-carolina
https://www.ubereats.com/raleigh/food-delivery/subway-1000-n-miami-blvd/l7CCZJk1QTK5FHNVypODFQ,durham-north-carolina
https://www.ubereats.com/raleigh/food-delivery/capital-seafood-market/4afFnn9IQlCTIEY6kTokyA,durham-north-carolina
https://www.ubereats.com/raleigh/food-delivery/burger-king-1200-west-club-boulevard/GQAK-2cQRMeRyEB30QMG1Q,durham-north-carolina
https://www.ubereats.com/raleigh/food-delivery/smallcakes-cary/zr9Pnsa_Sj-J82GKrFeeQw,durham-north-carolina
https://www.ubereats.com/raleigh/food-delivery/firehouse-subs-5431-page-rd/10f9L7CaQmW5V2nlYwy-vg,durham-north-carolina
https://www.ubereats.com/raleigh/food-delivery/secrets-pho-and-noodle-bar/OQVzZ7F6TrCkRATZAp1vJg,durham-north-carolina
https://www.ubereats.com/raleigh/food-delivery/taco-bell-3509-westgate-dr/5njhiYCsTdiw4WH0fVCzoA,durham-north-carolina
https://www.ubereats.com/raleigh/food-delivery/pf-changs-6801fayetteville-rd/cRHHb6-lQf6uVE5aRa1fpQ,durham-north-carolina
https://www.ubereats.com/raleigh/food-delivery/salcedos-pizza/I-4QG8LhSTGWIBU933QqGA,durham-north-carolina
https://www.ubereats.com/raleigh/food-delivery/bleu-olive-hillandale-rd/NNvNDwazSwKKhHas3umYFQ,durham-north-carolina
https://www.ubereats.com/raleigh/food-delivery/favor-desserts/cSC0ebcWTsCUCeI4Efz-QQ,durham-north-carolina
https://www.ubereats.com/raleigh/food-delivery/which-wich/IGhsokrPRo-7NFyadtcTJw,durham-north-carolina
https://www.ubereats.com/raleigh/food-delivery/taco-bell-3821-north-duke-street/UoFaEr8OQtaiZtpzu4drTA,durham-north-carolina
https://www.ubereats.com/raleigh/food-delivery/rise-biscuits-%26-donuts-renaissance-pkwy/anMozkpbTnKzSAtE1sZ5kA,durham-north-carolina
https://www.ubereats.com/raleigh/food-delivery/neomonde-bakery-%26-deli-durham/gaixVZHUToqZ7dOVS-oAYQ,durham-north-carolina
https://www.ubereats.com/raleigh/food-delivery/zaxbys-5303-s-miami-blvd-durham-nc-27703/m3sMZB9cQAyNKqm8mqRceQ,durham-north-carolina
https://www.ubereats.com/raleigh/food-delivery/mcdonalds-5277-n-roxboro-road/a0zKY5ZFRgSAI8_9I9M51g,durham-north-carolina
https://www.ubereats.com/raleigh/food-delivery/bluefox-indian-cuisine/AYwgRxWNQxOurTUzTpseyg,durham-north-carolina
https://www.ubereats.com/raleigh/food-delivery/jersey-mikes-subs/1aEGLF2eSKC1Sl0WBNaWWQ,durham-north-carolina
https://www.ubereats.com/raleigh/food-delivery/arbys-2115-e-nc-highway-54/LBE6xGAGQSWbi_Qqjuw4eA,durham-north-carolina
https://www.ubereats.com/raleigh/food-delivery/9411-bonefish-grill-7820-nc751-hwy/LvsRIj5gSDyi6TuK3jP3Fg,durham-north-carolina
https://www.ubereats.com/raleigh/food-delivery/ninth-street-bakery/g0WrfjXxRQiy4y4ApaBnkQ,durham-north-carolina
https://www.ubereats.com/raleigh/food-delivery/pasquallys-pizza-%26-wings-3724-mayfair-street/8BWhjRMYQ4-z268gzbiLgg,durham-north-carolina
https://www.ubereats.com/raleigh/food-delivery/firehouse-subs-10251-little-brier-creek-ln/7rNCs40rQNCxmXjkhkeq9Q,durham-north-carolina
https://www.ubereats.com/raleigh/food-delivery/firehouse-subs-n-roxboro/1OjJP6DtSTC2dV13qaoZjA,durham-north-carolina
https://www.ubereats.com/raleigh/food-delivery/wok-n-grille/WIJ5ALvOSw-hXNwhWF7vzA,durham-north-carolina
https://www.ubereats.com/raleigh/food-delivery/skewers-bar-and-grill/C-LA154kQre2U4ouRH1eYQ,durham-north-carolina
https://www.ubereats.com/raleigh/food-delivery/del-rancho-salads-n-roxboro-rd/TxrpA8fSQ52y8-PXkDcsrQ,durham-north-carolina
https://www.ubereats.com/raleigh/food-delivery/hardees-1624-4607-s-alston-avenue/atdHZzSiSmug6OMm2IOtdg,durham-north-carolina
https://www.ubereats.com/raleigh/food-delivery/zaxbys-920-martin-luther-king-jr-pkwy/lTja7OweRAqNoJ4DCKdezg,durham-north-carolina
https://www.ubereats.com/raleigh/food-delivery/taqueria-la-vaquita-chapel-hill-rd/hSv_Vn1DRfmpQw7_9wEo8w,durham-north-carolina
https://www.ubereats.com/raleigh/food-delivery/tandoor-indian-restaurant/1F5lkRcXSIaAervpTqW1mQ,durham-north-carolina
https://www.ubereats.com/raleigh/food-delivery/stellinos-italiano/phUnsOG6T4qC1CO_cAKbeg,durham-north-carolina
https://www.ubereats.com/raleigh/food-delivery/duck-donuts-5318-mcfarland-drive/pYCTpFH7SSKkezPS-h5Dpw,durham-north-carolina
https://www.ubereats.com/raleigh/food-delivery/mellow-mushroom/w0IRlnW2R5GQ-mGcHmgylQ,durham-north-carolina
https://www.ubereats.com/raleigh/food-delivery/popeyes-louisiana-kitchen-durham-nc/aOD_qDVHR2y1WJM-njKn9w,durham-north-carolina
https://www.ubereats.com/raleigh/food-delivery/fusion-fish-chapel-hill/KChIwyvORom44LJIsPdhZA,durham-north-carolina
https://www.ubereats.com/raleigh/food-delivery/dickeys-barbecue-pit-1102-parkside-main-st/yy77AG0bR9GiSYwUPw94sw,durham-north-carolina
https://www.ubereats.com/raleigh/food-delivery/soul-fresh-spring-rolls/yjkgRN2WQFa6QFpkIdKBNw,durham-north-carolina
https://www.ubereats.com/raleigh/food-delivery/el-rodeo-mexican-resturant-n-duke-st/nZyvyq6dT4-0YSWYhjhbdQ,durham-north-carolina
https://www.ubereats.com/raleigh/food-delivery/baba-ghannouj-mediterranean-bistro/DXTLaYYhQ3q_hk5ZOf7TwA,durham-north-carolina
https://www.ubereats.com/raleigh/food-delivery/tokyo-express/0oh1kPXZRQWqJs6JIfh4Tg,durham-north-carolina
https://www.ubereats.com/raleigh/food-delivery/rajbhog-cafe-davis-dr/Ui-CEFAYTcqpC6mVnzLsWg,durham-north-carolina
https://www.ubereats.com/raleigh/food-delivery/clouds-brewing-w-main-st/vFTbAzzuQ22vn-pxNNav-A,durham-north-carolina
https://www.ubereats.com/raleigh/food-delivery/subway-2120-avondale-dr/4qUjrj-LTWqpleSY5TzYwA,durham-north-carolina
https://www.ubereats.com/raleigh/food-delivery/big-c-waffles/gR4ALwoqSuaWCFHAykZHpQ,durham-north-carolina
https://www.ubereats.com/raleigh/food-delivery/starbucks-renaissance-center-at-south-point/oZqvgqbAR7ODSq7BRZa8BQ,durham-north-carolina
https://www.ubereats.com/raleigh/food-delivery/wendys-4819-nc-highway-55/YlrQvev7SIKlK55HS6lU8Q,durham-north-carolina
https://www.ubereats.com/raleigh/food-delivery/potbelly-sandwich-shop-6815-fayetteville-roadsuite-101/psxCL5aIQceuISWWCKM8ow,durham-north-carolina
https://www.ubereats.com/raleigh/food-delivery/cava-village-plaza-79-s-elliot-rd-space-100/J2fPkZTZSBWNpV_EFEUU8Q,durham-north-carolina
https://www.ubereats.com/raleigh/food-delivery/the-house-s-miami-blvd/Zz9Aa4g5SgeTivJ7LJS6Aw,durham-north-carolina
https://www.ubereats.com/raleigh/food-delivery/koumi-japanese-restaurant/VH6e5b7HRNaNaQoojneCSQ,durham-north-carolina
https://www.ubereats.com/raleigh/food-delivery/chuck-e-cheese-3724-mayfair-street/x-8wwpEqQxigMANqg-3jeQ,durham-north-carolina
https://www.ubereats.com/raleigh/food-delivery/the-pie-hole-durham/K1W43Vz6QNSpAJFSZdtEvw,durham-north-carolina
https://www.ubereats.com/raleigh/food-delivery/mediterranean-grill-%26-grocery/71mk07WlQ4GZc1ZRWjCnnQ,durham-north-carolina
https://www.ubereats.com/raleigh/food-delivery/tijuana-flats-parkside/6SuNoxgHT2iec3V6thtyHA,durham-north-carolina
https://www.ubereats.com/raleigh/food-delivery/wingz-american-grill/4f9aRDHGQIayQQ29l5iGaw,durham-north-carolina
https://www.ubereats.com/raleigh/food-delivery/costa-azul-autentica/jPvbCGL0TxyunG0jX3WazQ,durham-north-carolina
https://www.ubereats.com/raleigh/food-delivery/sarahs-empanadas/Q_4dek1VSTW3R8-2OYgrTg,durham-north-carolina
https://www.ubereats.com/raleigh/food-delivery/ihop-4505/jxWg2Pn6S8e-Y-fiwaeOQw,durham-north-carolina
https://www.ubereats.com/raleigh/food-delivery/shiki-sushi/Y1kKZw7oRPOaOMwY2ErZxw,durham-north-carolina
https://www.ubereats.com/raleigh/food-delivery/first-watch-1101-environ-way/JaLBwrYjQj6aqEa3m1MXGQ,durham-north-carolina
https://www.ubereats.com/raleigh/food-delivery/pei-wei-10251-little-brier-creek-ln-suite-112/JDTm6FnMTRiLwm-uwM9Cqg,durham-north-carolina
https://www.ubereats.com/raleigh/food-delivery/the-dog-house-guess-rd/QRqMzAMoRx6VAvsUDfeRew,durham-north-carolina
https://www.ubereats.com/raleigh/food-delivery/tandoor-indian-restaurant/Ta-HjYBbQy-X25uMF0O85w,durham-north-carolina
https://www.ubereats.com/raleigh/food-delivery/pengs-asian-cuisine/iUjxuCdlR_KAWUha0GXbFw,durham-north-carolina
https://www.ubereats.com/raleigh/food-delivery/alfredos-pizza-villa-chapel-hill/UMAWDocLQiCY5BXEpFsHQA,durham-north-carolina
https://www.ubereats.com/raleigh/food-delivery/meetfresh/HI25maqaR0qQvhCn8IBGBg,durham-north-carolina
https://www.ubereats.com/raleigh/food-delivery/no-1-pho/kTa1_bdoStKNK1PJhJpSbg,durham-north-carolina
https://www.ubereats.com/raleigh/food-delivery/don-gallo/nSmOBYwARTKYiOMvbc8GYw,durham-north-carolina
https://www.ubereats.com/raleigh/food-delivery/firehouse-subs-erwin-rd/9BbiangBToa4I62pi2csOw,durham-north-carolina
https://www.ubereats.com/raleigh/food-delivery/del-rancho-mexican-grill-9th-st/FmsdOpNDS_qOaTCyTG4MsQ,durham-north-carolina
https://www.ubereats.com/raleigh/food-delivery/mcdonalds-2700-guess-rd/Lg_H0ghYSTiOXcDwk2N4Vw,durham-north-carolina
https://www.ubereats.com/raleigh/food-delivery/dunkin-1125-w-nc-hwy-54-suite-504/N6_qBgF9QRKygmjyljsaPQ,durham-north-carolina
https://www.ubereats.com/raleigh/food-delivery/burger-king-4829-hope-valley-road/vHijpNkiSW6gs4GnDG2Ofw,durham-north-carolina
https://www.ubereats.com/raleigh/food-delivery/magone-italian-grill-%26-pizza/RBH25xrARvydhgPb8X4-QA,durham-north-carolina
https://www.ubereats.com/raleigh/food-delivery/toast-w-main-st/TxE1xK5oRzOxHtxX-FIQTQ,durham-north-carolina
https://www.ubereats.com/raleigh/food-delivery/jersey-mikes-3408-h-hillsborough-rd/ODGgWPdgRV2iumBVeMKX5A,durham-north-carolina
https://www.ubereats.com/raleigh/food-delivery/vine-sushi-%26-thai/oh7aGi7ETCieAUVS0hSwkQ,durham-north-carolina
https://www.ubereats.com/raleigh/food-delivery/subway-705-b-ninth-st/1C73YCmgSrGgx_kVEQ97OQ,durham-north-carolina
https://www.ubereats.com/raleigh/food-delivery/subway-4600-chapel-hill-blvd/L4aMif_DQzaG4A3O2ZpdvQ,durham-north-carolina
https://www.ubereats.com/raleigh/food-delivery/peabody-pizza-company/FNhv6NUCR1-rRTkJqLkUqg,durham-north-carolina
https://www.ubereats.com/raleigh/food-delivery/cinnaholic-cary/zpFYfaGjT1a1upf9ktKeCg,durham-north-carolina
https://www.ubereats.com/raleigh/food-delivery/thai-at-main-street/ZhRRwzBDQ82XnmjgKxQPVw,durham-north-carolina
https://www.ubereats.com/raleigh/food-delivery/taco-bell-2101-e-nc-highway-54/yqXN7il9TS6ra671cn_t-w,durham-north-carolina
https://www.ubereats.com/raleigh/food-delivery/sushioki/yg0TROrNR4yDRPwGla5djQ,durham-north-carolina
https://www.ubereats.com/raleigh/food-delivery/namu/gopfptNiQPqSaOoHYjzHNw,durham-north-carolina
https://www.ubereats.com/raleigh/food-delivery/convivio/xV3GNHBdSS20OM6GvVcx_Q,durham-north-carolina
https://www.ubereats.com/raleigh/food-delivery/taco-bell-3570-hillsborough-rd/dmTu5ZFhSDO7JHSJ1s4OEA,durham-north-carolina
https://www.ubereats.com/raleigh/food-delivery/michoacan-mexican-restaurant/kjWdFxzCS9eqPUC__tiF6Q,durham-north-carolina
https://www.ubereats.com/raleigh/food-delivery/starbucks-n-roxboro-%26-fairfield/zXNqoMs0Q2C4MIJAAG9GAA,durham-north-carolina
https://www.ubereats.com/raleigh/food-delivery/pholicious/DuWjVUitRz2fXxfTKD4zSg,durham-north-carolina
https://www.ubereats.com/raleigh/food-delivery/greek-fiesta-brier-creek-pkwy/vPWLx56WRQSSo7xBlFw4ZA,durham-north-carolina
https://www.ubereats.com/raleigh/food-delivery/burger-king-1601-nc-hwy-55/9ZpnO0kqTDG-F4GD6aWE0g,durham-north-carolina
https://www.ubereats.com/raleigh/food-delivery/righteous-chicken-renaissance-pkwy/yOJwuXFwT6-_I5qgkYz_pA,durham-north-carolina
https://www.ubereats.com/raleigh/food-delivery/yopop-frozen-yogurt/4Ws5a8chTwq75KF8WUsb5g,durham-north-carolina
https://www.ubereats.com/raleigh/food-delivery/el-rodeo-mexican-restaurant-w-main-st/jgPM7W24TUSFgzsuoiiNNA,durham-north-carolina
https://www.ubereats.com/raleigh/food-delivery/nzingas-breakfast-cafe/YKzCqHTcTAm8MfYasF1UFg,durham-north-carolina
https://www.ubereats.com/raleigh/food-delivery/town-hall-burger-and-beer-durham/CVORkaeYT6KElUdiKaBadQ,durham-north-carolina
https://www.ubereats.com/raleigh/food-delivery/uncle-julios-durham/dQu0h5iVTZab-rTJAo-e5g,durham-north-carolina
https://www.ubereats.com/raleigh/food-delivery/the-ice-cream-shop/IeYXtdFrRvm2p6zuFHxruQ,durham-north-carolina
https://www.ubereats.com/raleigh/food-delivery/charleys-philly-steaks-streets-at-southpoint/RRPWAkFNT3G4Zv-Dt-Qpew,durham-north-carolina
https://www.ubereats.com/raleigh/food-delivery/zaxbys-3820-n-roxboro-st-durham/7OwTViMXTsu03CzmCizl2g,durham-north-carolina
https://www.ubereats.com/raleigh/food-delivery/firebirds-wood-fired-grill-8030-renaissance-pkwy-ste-910/j1UBCwNqT-2NNQO16ad6Gw,durham-north-carolina
https://www.ubereats.com/raleigh/food-delivery/moes-southwest-grill-5332-mcfarland-dr/9C4ITJeRTM6wYS3r7GQ0qg,durham-north-carolina
https://www.ubereats.com/raleigh/food-delivery/harissa-falafel/c4C5JkwbSw-lipzjVwDQlA,durham-north-carolina
https://www.ubereats.com/raleigh/food-delivery/honey-baked-ham-3608-durham-chapel-hill-bl/qpaniWaNRAaFd3jHYLPO8g,durham-north-carolina
https://www.ubereats.com/raleigh/food-delivery/wild-wing-cafe-raleigh/M82i8RMiQsGG3w6Dc-0UcQ,durham-north-carolina
https://www.ubereats.com/raleigh/food-delivery/brusters-real-ice-cream-8200-renaissance-pkwy/koI1eYEsRaWPBt5xjWBMgQ,durham-north-carolina
https://www.ubereats.com/raleigh/food-delivery/i-love-ny-pizza/s52gFCK6RFWFFvX8iMGHYQ,durham-north-carolina
https://www.ubereats.com/raleigh/food-delivery/sushi-love/TOCWbszNQji2TuX3znsWmA,durham-north-carolina
https://www.ubereats.com/raleigh/food-delivery/moes-southwest-grill-5020-arco-st/ZxaB6QueTrCp0oJTOYKoLA,durham-north-carolina
https://www.ubereats.com/raleigh/food-delivery/sweet-charlies-hand-rolled-ice-cream/XavYL_ZCSEGiLAxHidwrNw,durham-north-carolina
https://www.ubereats.com/raleigh/food-delivery/sweeties-southern-%26-vegan-catering/Z749SPeDSOqsRH0iTYv25Q,durham-north-carolina
https://www.ubereats.com/raleigh/food-delivery/backyard-burgers-13250-strickland-rd/T1_49ykGRJGseouI0UFzHw,durham-north-carolina
https://www.ubereats.com/raleigh/food-delivery/red-robin-256-5313-new-hope-commons-extension/1fDST5ZoQ5-rMUT4mFIMFw,durham-north-carolina
https://www.ubereats.com/raleigh/food-delivery/el-cuscatleco/swFoZN3vTKCb8A6v6Zo5nQ,durham-north-carolina
https://www.ubereats.com/raleigh/food-delivery/built-custom-burgers-cary/Agst4-HQTBWUOWEY1MfYCQ,durham-north-carolina
https://www.ubereats.com/raleigh/food-delivery/urels-jamaica-house/o2yZc8PVSgGBETOed_reJA,durham-north-carolina
https://www.ubereats.com/raleigh/food-delivery/beyu-caffe-w-main-st/uM2j8NkiSKufYQObvu1uCw,durham-north-carolina
https://www.ubereats.com/raleigh/food-delivery/clean-juice-8202-renaissance-pkwy/NfmERH1BSIiVpM1o20EjYA,durham-north-carolina
https://www.ubereats.com/raleigh/food-delivery/bowls-anywhere-presented-by-sakebomb/nNf_sVZ9T-GhYlhxJ6uOdQ,durham-north-carolina
https://www.ubereats.com/raleigh/food-delivery/kokyu/HEZ7Cl12TMmfUOE3Lz2PwQ,durham-north-carolina
https://www.ubereats.com/raleigh/food-delivery/kfc-806-fayetteville-street/5xPqFbNMQ5-SSC8Uq-M_xw,durham-north-carolina
https://www.ubereats.com/raleigh/food-delivery/bali-hai-mongolian-grill/H2VbhKUZSt-fLLnMITc3Ow,durham-north-carolina
https://www.ubereats.com/raleigh/food-delivery/chipotle-mexican-grill-3800-n-roxboro-st/NrkdMn3WTseH2nc9U2kAMA,durham-north-carolina
https://www.ubereats.com/raleigh/food-delivery/las-palmas-mexican-restaurant/HNY4iPWWQxCPvhIbkQ_u3g,durham-north-carolina
https://www.ubereats.com/raleigh/food-delivery/blaze-pizza-5320-mcfarland-dr-suite-100/tYFKj5s5QOGai6o2vH_g4g,durham-north-carolina
https://www.ubereats.com/raleigh/food-delivery/carolina-brewery-w-franklin-st/7cyiuAENQ5KrsSFlJkhbGQ,durham-north-carolina
https://www.ubereats.com/raleigh/food-delivery/zayka-indian-cuisine-moncreiffe-rd/FuXZbJxEQNSo2_jKQrbAAQ,durham-north-carolina
https://www.ubereats.com/raleigh/food-delivery/gg-fish-%26-chicken-fayetteville-st/1csX8aA4S1SqTgCokPAqtw,durham-north-carolina
https://www.ubereats.com/raleigh/food-delivery/saffron-indian-restaurants/vaRrTgeaSlClOsYCisnG7A,durham-north-carolina
https://www.ubereats.com/raleigh/food-delivery/starbucks-durham-chapel-hill-%26-tower-blvd/yBasiHwNTCWowU56OvSVfA,durham-north-carolina
https://www.ubereats.com/raleigh/food-delivery/cold-stone-creamery-7840-alexander-promenade-pl/XBmMJ3dkSXCnILNtEXSNew,durham-north-carolina
https://www.ubereats.com/raleigh/food-delivery/moes-southwest-grill-6807-122-fayetteville-rd/AqEGhNjhS1GNWfLE3jZijQ,durham-north-carolina
https://www.ubereats.com/raleigh/food-delivery/champa-thai-and-sushi/6plOD2CQT9a9mrNJaPIAWQ,durham-north-carolina
https://www.ubereats.com/raleigh/food-delivery/dairy-queen-treat-brier-creek-commons-8321/sbV6ob0JSbq6LQvA2LOxyQ,durham-north-carolina
https://www.ubereats.com/raleigh/food-delivery/taco-cloud-renaissance-pkwy/_zsauBhUSDCsoomszhDShQ,durham-north-carolina
https://www.ubereats.com/raleigh/food-delivery/san-joses-tacos-%26-tequila/_46k2H5fSuqOoQhwx1G1Rg,durham-north-carolina
https://www.ubereats.com/raleigh/food-delivery/taco-cloud-e-main-st/RqhSKts_TYa08ZLz9DSnWA,durham-north-carolina
https://www.ubereats.com/raleigh/food-delivery/ichiban-asian/BNFcwVokRTK8WjkWvK3jog,durham-north-carolina
https://www.ubereats.com/raleigh/food-delivery/krispy-kreme-3536-hillsborough-road/BvaAaT7HTn2MP59gBp1EZw,durham-north-carolina
https://www.ubereats.com/raleigh/food-delivery/tamale-factory-%26-tequila-bar/luxux7m-R-SrU2MxBLo8ng,durham-north-carolina
https://www.ubereats.com/raleigh/food-delivery/lobster-trappn/EVpm0fX6QO6tPnofcQ8mxw,durham-north-carolina
https://www.ubereats.com/raleigh/food-delivery/golden-corral-5006-apex-highway-55/JDTrM9WhRHOIVbPvwVX9BA,durham-north-carolina
https://www.ubereats.com/raleigh/food-delivery/jersey-mikes-7177-okelly-chapel-road/9k1O88BgS_m_Bek-mkg67Q,durham-north-carolina
https://www.ubereats.com/raleigh/food-delivery/pasta-fresca-da-giovanni/aS1ryfLbRh-0VRWz9iV5rA,durham-north-carolina
https://www.ubereats.com/raleigh/food-delivery/the-dog-house-hillsborough-rd/1C9r-knlRoaaHP6f7p7K2A,durham-north-carolina
https://www.ubereats.com/raleigh/food-delivery/el-patron-hillsborough/OADV2-mtTnyl1tb76ZL47Q,durham-north-carolina
https://www.ubereats.com/raleigh/food-delivery/pokeworks-122-w-main-st/4fWMuS2-QVeDrphiWUt1NA,durham-north-carolina
https://www.ubereats.com/raleigh/food-delivery/kfc-511-horton-rd/F2nEvK1DR7is0ZygbnoriA,durham-north-carolina
https://www.ubereats.com/raleigh/food-delivery/ruths-chris-steak-house-durham/LAViQlmTSveqe899pNEY6Q,durham-north-carolina
https://www.ubereats.com/raleigh/food-delivery/roots-bistro-%26-bar/33peMVAySeCYTyH1_sj1Fg,durham-north-carolina
https://www.ubereats.com/raleigh/food-delivery/noodles-%26-company-1120-parkside-main-st/7dDDirZKRfqLyuXmaCz0Bw,durham-north-carolina
https://www.ubereats.com/raleigh/food-delivery/applebees-5340-mcfarland-drive/mZl5Uh9hQZ6M8ZcLpjpYSA,durham-north-carolina
https://www.ubereats.com/raleigh/food-delivery/china-cafe-durham/now5XRcNRX2xsaycUFBf-A,durham-north-carolina
https://www.ubereats.com/raleigh/food-delivery/falafel-54/g5H3mKbPSHmbfShVnVXpFw,durham-north-carolina
https://www.ubereats.com/raleigh/food-delivery/chipotle-mexican-grill-5431-page-road/_dK1dc5KSkiwQJsLDfF_XQ,durham-north-carolina
https://www.ubereats.com/raleigh/food-delivery/righteous-chicken-foster-st/OJfibkGET42r4cYhPiElNQ,durham-north-carolina
https://www.ubereats.com/raleigh/food-delivery/five-guys-nc-1710-1121-parkside-main-st/F2BX-mZ8QPKh1vfw9KMshA,durham-north-carolina
https://www.ubereats.com/raleigh/food-delivery/pops-backdoor-pizza-and-calzones/VNLtBeTsSfGmxhMSVqsNyw,durham-north-carolina
https://www.ubereats.com/raleigh/food-delivery/neo-japan/ooGY-7GcTempAL7QijdJQg,durham-north-carolina
https://www.ubereats.com/raleigh/food-delivery/mavericks-smokehouse-and-taproom/0-TkltRLTuevpJQqP-NexA,durham-north-carolina
https://www.ubereats.com/raleigh/food-delivery/chubbys-tacos-durham/1u8j051yQMWdjJPXqZpDUw,durham-north-carolina
https://www.ubereats.com/raleigh/food-delivery/rise-biscuits-%26-donuts-brier-creek-pkwy/5Q7fLUgWQ0OEf4D2RYncSA,durham-north-carolina
https://www.ubereats.com/raleigh/food-delivery/earth-to-us/hcB6zN_fTBuUiBsqz689vw,durham-north-carolina
https://www.ubereats.com/raleigh/food-delivery/amante-gourmet-pizza-falconbridge-rd/RG40av0jQ7CIoUULbQbBOQ,durham-north-carolina
https://www.ubereats.com/raleigh/food-delivery/la-hacienda-chapel-hill-nc/tWNwpcdvTiibvePZHUOCQw,durham-north-carolina
https://www.ubereats.com/raleigh/food-delivery/mcdonalds-5507-s-miami-blvd/kbdgVH-BRJW6RevRpWXdCA,durham-north-carolina
https://www.ubereats.com/raleigh/food-delivery/hwy-54-public-house-w-nc-hwy-54/QTgu7rMtRt-0mDHiPqSIyA,durham-north-carolina
https://www.ubereats.com/raleigh/food-delivery/hardees-1634-6116-farrington-road/asuN8AvBTG6CeFCb9QEZ6Q,durham-north-carolina
https://www.ubereats.com/raleigh/food-delivery/churchs-chicken-942-n-miami-boulevard/Re4L7CQqSIyg_-ML-XHOSQ,durham-north-carolina
https://www.ubereats.com/raleigh/food-delivery/new-china/S_wBvnP-T3y6Ldm4E9kWqQ,durham-north-carolina
https://www.ubereats.com/raleigh/food-delivery/the-brunch-box-chapel-hill-rd/P56Jyi9vSiqTkM8ENLXH2w,durham-north-carolina
https://www.ubereats.com/raleigh/food-delivery/dunkin-1509-e-franklin-st/wRwMy0GGSnSms_7PufOz8w,durham-north-carolina
https://www.ubereats.com/raleigh/food-delivery/hooties-burger-bar-1001-claren-circle/ATNCuAfvQl-fwJ7ra9iBBw,durham-north-carolina
https://www.ubereats.com/raleigh/food-delivery/arbys-3311-hillsborough-road/iRKy_iHRTWWE5uCezn3wGA,durham-north-carolina
https://www.ubereats.com/raleigh/food-delivery/parizade-w-main-st/G8ZOc9pPSeOlD14YJCgWfQ,durham-north-carolina
https://www.ubereats.com/raleigh/food-delivery/the-pizza-press-chapel-hill/53iKTDukRn-xelPRGpPlZw,durham-north-carolina
https://www.ubereats.com/raleigh/food-delivery/spicy-9-w-franklin-st/U2YUAgTJSNaE1HpRFvFKBw,durham-north-carolina
https://www.ubereats.com/raleigh/food-delivery/clean-juice-1800-east-franklin-street/xPkfCIVwTVC602HsG69ZXw,durham-north-carolina
https://www.ubereats.com/raleigh/food-delivery/hyderabad-house-biryani-place-davis-dr/DFb7Qi3qTgGp-yStxxgQFg,durham-north-carolina
https://www.ubereats.com/raleigh/food-delivery/pure-juicery-bar/PXlNsfL9RJ64MVfHiqsbJA,durham-north-carolina
https://www.ubereats.com/raleigh/food-delivery/sitar-indian-cuisine/GGCoEf6BSEOjSPPtfiNavw,durham-north-carolina
https://www.ubereats.com/raleigh/food-delivery/mediterrasian-bistro/uKGv9KryS-KiIxq_J0LIvg,durham-north-carolina
https://www.ubereats.com/raleigh/food-delivery/five-guys-nc-1276-5332-mcfarland-dr/eAyuTq6NSfqymD_mC_N-lQ,durham-north-carolina
https://www.ubereats.com/raleigh/food-delivery/chicken-bee/YJqJyjsHQByWXHFY7N3mrQ,durham-north-carolina
https://www.ubereats.com/raleigh/food-delivery/hawkers-asian-street-fare-chapel-hill/uSU_Z_t4Tcmnq6inwQDydg,durham-north-carolina
https://www.ubereats.com/raleigh/food-delivery/bull-and-bean/7tyFjD7OT6qAQ6ZacZSRQA,durham-north-carolina
https://www.ubereats.com/raleigh/food-delivery/deeluxe-chicken/nLPQ9AQTTZaavKo2U2Uzcw,durham-north-carolina
https://www.ubereats.com/raleigh/food-delivery/pdq-watkins-rd/ENU7feBlT7GmdUCeNlTRCQ,durham-north-carolina
https://www.ubereats.com/raleigh/food-delivery/godavari-indian-restaurant/tVKxgIP0Te6SV873wb6q-w,durham-north-carolina
https://www.ubereats.com/raleigh/food-delivery/rise-biscuits-%26-donuts-e-main-st/-x3wEvksQaShYA_DbTE_yg,durham-north-carolina
https://www.ubereats.com/raleigh/food-delivery/chipotle-mexican-grill-2608-erwin-rd-ste-144/n-pZkXVqSsCQJZl52YNODA,durham-north-carolina
https://www.ubereats.com/raleigh/food-delivery/burger-king-3400-westgate-drive/J-QYiM9tQnmDJqgsHDC3Fw,durham-north-carolina
https://www.ubereats.com/raleigh/food-delivery/kickback-jacks-w-club-blvd/RhOdLopZR_2LXr3-y_H9NA,durham-north-carolina
https://www.ubereats.com/raleigh/food-delivery/chosunok/XOppXXOqSfOrOlXr59YCZw,durham-north-carolina
https://www.ubereats.com/raleigh/food-delivery/el-chapin/qatemg_pSo-jofxQPTMtgw,durham-north-carolina
https://www.ubereats.com/raleigh/food-delivery/spanglish-durham/EmE8mUxyQduexcCIkAXTNg,durham-north-carolina
https://www.ubereats.com/raleigh/food-delivery/cholanad-restaurant-and-bar/swpqc8ZPT1qwinAUZ9pauQ,durham-north-carolina
https://www.ubereats.com/raleigh/food-delivery/jersey-mikes-6118-c-farrington-road/EhTz4XSvRr6o8_aya3YHIQ,durham-north-carolina
https://www.ubereats.com/raleigh/food-delivery/souly-vegan-cafe/yDpF89YXQwmHOdDxQLkNkw,durham-north-carolina
https://www.ubereats.com/raleigh/food-delivery/bob-evans-321-5419-chapel-hill-boulevard/mQEOxu1CTu-BwBGvd1964Q,durham-north-carolina
https://www.ubereats.com/raleigh/food-delivery/phomazing/Gm41CvP3SlWQv4BU_Mv5xg,durham-north-carolina
https://www.ubereats.com/raleigh/food-delivery/red-lobster-4416-chapel-hill-blvd/f6qd-jo_S0acuC-Pg2Yq0Q,durham-north-carolina
https://www.ubereats.com/raleigh/food-delivery/hibachi-poke/RWZXHwcGT_iZ3jrTUQY5ag,durham-north-carolina
https://www.ubereats.com/raleigh/food-delivery/cerritos-cantina/nEKptX0hR5GxdmI_6EsGVg,durham-north-carolina
https://www.ubereats.com/raleigh/food-delivery/goorsha/EPWNhabhS3OvziyebWgH0g,durham-north-carolina
https://www.ubereats.com/raleigh/food-delivery/mcdonalds-4301-roxboro-rd/_YtPw_2rQy27sGMYH8hInQ,durham-north-carolina
https://www.ubereats.com/raleigh/food-delivery/california-pizza-kitchen-6910-fayetteville-rd-ste-154/BYxquF2URJG2cNp53lcykA,durham-north-carolina
https://www.ubereats.com/raleigh/food-delivery/poke-bros-raleigh/_eogExhPRTqSR9zpCtYDQQ,durham-north-carolina
https://www.ubereats.com/raleigh/food-delivery/subway-5400-118-south-miami-blvd/UilPSGAlRUaRhifdpd5IqQ,durham-north-carolina
https://www.ubereats.com/raleigh/food-delivery/cafe-carolina-and-bakery-chapel-hill/SdPgg3C2Tke5TSIJG2c_1Q,durham-north-carolina
https://www.ubereats.com/raleigh/food-delivery/dunkin-2608-erwin-rd-suite-156/f1l3z-ZhQpG2hIBywhvnUg,durham-north-carolina
https://www.ubereats.com/raleigh/food-delivery/mediterra-grill-erwin-rd/j2pstk2wR_mWFqENltYhVA,durham-north-carolina
https://www.ubereats.com/raleigh/food-delivery/outback-steakhouse-3500-mount-moriah-road/BqxUHaDjS1SDJ9sQdJiQQQ,durham-north-carolina
https://www.ubereats.com/raleigh/food-delivery/jersey-mikes-245a-s-elliott-road/GuvruBiFQVOECxEGpiZs-w,durham-north-carolina
https://www.ubereats.com/raleigh/food-delivery/burger-king-3414-n-roxboro-st/E6zTaXGUSAWjhKSUim1ygg,durham-north-carolina
https://www.ubereats.com/raleigh/food-delivery/taco-bell-1110-w-nc-54/LifIEkPHSoix4n7Da84Y3Q,durham-north-carolina
https://www.ubereats.com/raleigh/food-delivery/india-gate-e-nc-hwy-54/8PP_8d7nRSm7H_twRogUeg,durham-north-carolina
https://www.ubereats.com/raleigh/food-delivery/rockin-rolls-sushi-express/OZ4cXMVISYqqqUsFXLDfBg,durham-north-carolina
https://www.ubereats.com/raleigh/food-delivery/tasu-asian-bistro/YIwDeQ-kSzCBNUwPpkgvGg,durham-north-carolina
https://www.ubereats.com/raleigh/food-delivery/chick-fil-a-3429-hillsborough-rd/0u3LcTYoT5GybQIJff-Pjw,durham-north-carolina
https://www.ubereats.com/raleigh/food-delivery/jersey-mikes-1802-martin-luther-king-jr-boulevard/ERkNfMdwSjC6ShEO-hnfQQ,durham-north-carolina
https://www.ubereats.com/raleigh/food-delivery/sake-bomb-university-dr/SfedqiyvQnS4ngHLMy7Keg,durham-north-carolina
https://www.ubereats.com/raleigh/food-delivery/boricua-soul-american-tobacco/_JsHLsemRkijfM4RiKPkGQ,durham-north-carolina
https://www.ubereats.com/raleigh/food-delivery/subway-401-e-lakewood-dr/-WaYsgOhQriPVPl9K0xV8w,durham-north-carolina
https://www.ubereats.com/raleigh/food-delivery/wendys-1808-s-miami-boulevard/28SIIONTSr276ImM0XhdrQ,durham-north-carolina
https://www.ubereats.com/raleigh/food-delivery/mcdonalds-102-morgan-st/kz07wCrORlWobOY0VJPPsA,durham-north-carolina
https://www.ubereats.com/raleigh/food-delivery/boss-of-vegan/Z-6HNo9pTtahNMrtl2kFmw,durham-north-carolina
https://www.ubereats.com/raleigh/food-delivery/mcdonalds-3844-s-roxboro-street/EcAi4j-sSD-r_dhhAU7hUw,durham-north-carolina
https://www.ubereats.com/raleigh/food-delivery/chipotle-mexican-grill-6910-fayetteville-rd-ste-187/b5tnZTx-SaK2bb38AnCtIg,durham-north-carolina
https://www.ubereats.com/raleigh/food-delivery/mariscos-los-cabos/TIuVkCFvSdK9SrhjbRRHFg,durham-north-carolina
https://www.ubereats.com/raleigh/food-delivery/itaewon-grill/kxaG7Ob6TZ-Ete4V464Qig,durham-north-carolina
https://www.ubereats.com/raleigh/food-delivery/taqueria-azteca-mexican-restaurant-chapel-hill-rd/QbqU1aegRfqhXLhn959NoA,durham-north-carolina
https://www.ubereats.com/raleigh/food-delivery/hardees-1251-2721-chapel-hill-rd/1gTPliGXRI60iwy614grxQ,durham-north-carolina
https://www.ubereats.com/raleigh/food-delivery/caribou-coffee-1408-east-franklin-street/nSaz_FMdSoOBo2ycgDKQig,durham-north-carolina
https://www.ubereats.com/raleigh/food-delivery/jersey-mikes-7005-fayetteville-road/cTJcCrm7TGyZ06i6Rch2lg,durham-north-carolina
https://www.ubereats.com/raleigh/food-delivery/guasaca-cary/SfYmYwsQSEi6EuoWK1L80w,durham-north-carolina
https://www.ubereats.com/raleigh/food-delivery/peace-china/DI420cqbTJGh4uBgTGq9yg,durham-north-carolina
https://www.ubereats.com/raleigh/food-delivery/panera-737-ninth-street/fV3_XbQLQvW-7s-GfBz-yw,durham-north-carolina
https://www.ubereats.com/raleigh/food-delivery/cold-stone-creamery-131-e-franklin-st/scNn5kS7QK6-kgqi9fDQWQ,durham-north-carolina
https://www.ubereats.com/raleigh/food-delivery/holy-mole/t1hJV1KATzi5ZuUXIbR1Ig,durham-north-carolina
https://www.ubereats.com/raleigh/food-delivery/daily-taco/ICTqys_eR7O-ygp4OFxJ2g,durham-north-carolina
https://www.ubereats.com/raleigh/food-delivery/carolina-ale-house-brier-creek/AOyFD3K_QISFtnafhgkXxw,durham-north-carolina
https://www.ubereats.com/raleigh/food-delivery/italian-pizzeria-hillsborough/wTEBs3jxT1qk5HrxmT0PjQ,durham-north-carolina
https://www.ubereats.com/raleigh/food-delivery/steel-spatula-burger-company/cGPZaHgJRQC3OLzzZX5x8Q,durham-north-carolina
https://www.ubereats.com/raleigh/food-delivery/haagen-dazs-shop-1058-west-club-blvdspace-572/LtGqWPGnSQebBPY7h2qvGg,durham-north-carolina
https://www.ubereats.com/raleigh/food-delivery/time-out/7Alfl_-UQ0Ssg8NkUvAoig,durham-north-carolina
https://www.ubereats.com/raleigh/food-delivery/bar-louie-brier-creek/s58X3gv5TsqZ9g0IpQXjMw,durham-north-carolina
https://www.ubereats.com/raleigh/food-delivery/satisfaction-restaurant-and-bar/UR2HdwdgRyOoZh8eASMbSQ,durham-north-carolina
https://www.ubereats.com/raleigh/food-delivery/la-cocina-mexican-restaurant-morrisville-%239/m10XtxEiRLWqjxvsvZ_-Qg,durham-north-carolina
https://www.ubereats.com/raleigh/food-delivery/del-rancho-salads/RELe5anzRkuSr-qOUS5V3w,durham-north-carolina
https://www.ubereats.com/raleigh/food-delivery/mr-shark-fish-and-chicken/KOtxXAHVTTujql_8x9QiNA,durham-north-carolina
https://www.ubereats.com/raleigh/food-delivery/chipotle-mexican-grill-1490-fordham-blvd-ste-110/HLXYRspeSUScyjUBi_8_ow,durham-north-carolina
https://www.ubereats.com/raleigh/food-delivery/the-dog-house-s-miami-blvd/mSuFvuX8QJyAfzy-lYwQRg,durham-north-carolina
https://www.ubereats.com/raleigh/food-delivery/moes-southwest-grill-359-blackwell-st-ste-115/PoKcGtlbTjiSsxS32XyvTw,durham-north-carolina
https://www.ubereats.com/raleigh/food-delivery/india-gate-restaurant/AkiqaIMqTyev8Rr6Fdxh6g,durham-north-carolina
https://www.ubereats.com/raleigh/food-delivery/arbys-5503-s-miami-blvd/Ct7WYXukQMG4yqT2W6tkbQ,durham-north-carolina
https://www.ubereats.com/raleigh/food-delivery/naan-stop/QfJUU27OTcyNB_V2-vOINQ,durham-north-carolina
https://www.ubereats.com/raleigh/food-delivery/applebees-8701-brier-creek-pkwy/YKUaYJldQ32EBaFnb0EXrQ,durham-north-carolina
https://www.ubereats.com/raleigh/food-delivery/righteous-chicken-e-main-st/6j18lsa8Q4miCbi5oRU3Mg,durham-north-carolina
https://www.ubereats.com/raleigh/food-delivery/hibachix/F47paRN_SQq0xXUnGHPVEw,durham-north-carolina
https://www.ubereats.com/raleigh/food-delivery/jersey-mikes-subs-4205-corners-parkway-suite-105/EipaoNUbQRugN7V9a_7R-A,durham-north-carolina
https://www.ubereats.com/raleigh/food-delivery/makus-empanadas/8yLdjaySQEaAGt2iu3vviA,durham-north-carolina
https://www.ubereats.com/raleigh/food-delivery/harvest-18/gPZWhWWvRoykpyVXy_XPlw,durham-north-carolina
https://www.ubereats.com/raleigh/food-delivery/oishii-weaver-dairy-rd/EAOngJS2SMOvggkllm7EEQ,durham-north-carolina
https://www.ubereats.com/raleigh/food-delivery/wings-over-chapel-hill/7GQOZdqPST2xMgTEjR5sFg,durham-north-carolina
https://www.ubereats.com/raleigh/food-delivery/wendys-3527-hillsborough-rd/S8AABsMQSmWTRUf9Qd6Tpg,durham-north-carolina
https://www.ubereats.com/raleigh/food-delivery/wok-on-fire/QjW69xrCTvq1ruLDkcJV-g,durham-north-carolina
https://www.ubereats.com/raleigh/food-delivery/taco-cloud-foster-st/gcH6dZi1ToOumpli-6N1ng,durham-north-carolina
https://www.ubereats.com/raleigh/food-delivery/zenfish-9th-st/XUdE3EBZT2WEDzUu4dSR0Q,durham-north-carolina
https://www.ubereats.com/raleigh/food-delivery/dulce-cafe-bakery/6E_UvsBaSba5-Exmsf2IoQ,durham-north-carolina
https://www.ubereats.com/raleigh/food-delivery/moes-southwest-grill-7850-alexander-promenade-pl/Er6Q2ZV_SFaCJ1kmEhbBnA,durham-north-carolina
https://www.ubereats.com/raleigh/food-delivery/peony-asian-bistro-witherspoon-blvd/aqUJWTkGT0qn8-G9Ry-ztA,durham-north-carolina
https://www.ubereats.com/raleigh/food-delivery/bajashack/grS01A6jTX---L6cFQz6Dw,durham-north-carolina
https://www.ubereats.com/raleigh/food-delivery/smallcakes-durham/a1IRrEjHRQ2Y3SuXWIJI2Q,durham-north-carolina
