url,city
https://www.ubereats.com/philadelphia/food-delivery/starbucks-providence-town-center/WIwTgNTYR02_nMf-3m1xPg,eagleville-pennsylvania
https://www.ubereats.com/philadelphia/food-delivery/ginos-ristorante-%26-pizzeria/GC0Et3-1RnKhdKjglw3hVg,eagleville-pennsylvania
https://www.ubereats.com/philadelphia/food-delivery/the-perky/lZzeIEafTAm7UrQt5sALVg,eagleville-pennsylvania
https://www.ubereats.com/philadelphia/food-delivery/outback-steakhouse-322-ridge-pike/7fodyAvgTwe10-HUmUfEkA,eagleville-pennsylvania
https://www.ubereats.com/philadelphia/food-delivery/millers-ale-house-plymouth-meeting/vUHGTM0vQBa0D7xmRoBpEQ,eagleville-pennsylvania
https://www.ubereats.com/philadelphia/food-delivery/wendys-1540-egypt-road/2dNByzuNRx-hMiSQwTbfFw,eagleville-pennsylvania
https://www.ubereats.com/philadelphia/food-delivery/dunkin-939-e-main-st/UdowKWJHQGOy0Gpv8VGE0w,eagleville-pennsylvania
https://www.ubereats.com/philadelphia/food-delivery/zoup!-eatery-970-dekalb-pike/mjISkfk6R9edoR54Wju_yA,eagleville-pennsylvania
https://www.ubereats.com/philadelphia/food-delivery/dunkin-218-nutt-rd/Ao-5gI0TTaSa71Ag18o8FA,eagleville-pennsylvania
https://www.ubereats.com/philadelphia/food-delivery/khana-khajana-norristown/bJo9kb38T-W6jCyaJujVGA,eagleville-pennsylvania
https://www.ubereats.com/philadelphia/food-delivery/wendys-201-second-ave/Mmt4cgCLS6uuj_mVHdZVrQ,eagleville-pennsylvania
https://www.ubereats.com/philadelphia/food-delivery/nukkad-norristown/WOw0PwhGSu2bhWjH0tUQsw,eagleville-pennsylvania
https://www.ubereats.com/philadelphia/food-delivery/ristorante-castello/S5XTRc7yTg-vtGaAC5yBpQ,eagleville-pennsylvania
https://www.ubereats.com/philadelphia/food-delivery/qdoba-mexican-grill-717-s-trooper-rd/2HV2GJGURkOfKqwCvywxwg,eagleville-pennsylvania
https://www.ubereats.com/philadelphia/food-delivery/west-norriton-diner/eK-f2SUrQ3GK7tz8IiPNww,eagleville-pennsylvania
https://www.ubereats.com/philadelphia/food-delivery/godavari-ruchulu/W-vHaqMuS76nCXPc7Yi9ZQ,eagleville-pennsylvania
https://www.ubereats.com/philadelphia/food-delivery/vitality-bowls-230-village-dr/43w4MGQxQZWpS0JfHMkPlg,eagleville-pennsylvania
https://www.ubereats.com/philadelphia/food-delivery/biryani-city-norristown/AKJvKV4yS3iRQtqdfVl2yA,eagleville-pennsylvania
https://www.ubereats.com/philadelphia/food-delivery/wayback-burgers-390-schuylkill-road/BVysgLnTSYyav84xi9B5Pg,eagleville-pennsylvania
https://www.ubereats.com/philadelphia/food-delivery/gennaros-ii-chicago-style-pizza/LYJS7IQyRTK4YniwSa5D7A,eagleville-pennsylvania
https://www.ubereats.com/philadelphia/food-delivery/bridgeport-pizza/3l8dVPY4RAGE85EetnxSyg,eagleville-pennsylvania
https://www.ubereats.com/philadelphia/food-delivery/elevation-burger-collegeville/an8zmUyFR2qLLzVYea1bmg,eagleville-pennsylvania
https://www.ubereats.com/philadelphia/food-delivery/iron-hill-brewery-%26-restaurant-phoenixville/Q3_ifpxFR4eyiAKLo2pAZA,eagleville-pennsylvania
https://www.ubereats.com/philadelphia/food-delivery/applebees-2333-welsh-rd/RweLUzd6SCCBH1XXbHUzTg,eagleville-pennsylvania
https://www.ubereats.com/philadelphia/food-delivery/bombay-dhabba/fGm4TsRmSTqy4uZvHUh80g,eagleville-pennsylvania
https://www.ubereats.com/philadelphia/food-delivery/zoes-kitchen-161-market-st-ste-6/diH3XBtaQl6EJnBzdqx1dw,eagleville-pennsylvania
https://www.ubereats.com/philadelphia/food-delivery/vecchia-pizzeria/yJZBGr4ERZqB0zo36pHvyA,eagleville-pennsylvania
https://www.ubereats.com/philadelphia/food-delivery/taza-kabab-%26-curry/w8Yi9wcRR8Cxs7__hVkZAw,eagleville-pennsylvania
https://www.ubereats.com/philadelphia/food-delivery/starbucks-audubon-square-trooper/LZ7onQnYQx2EC459oW8BVw,eagleville-pennsylvania
https://www.ubereats.com/philadelphia/food-delivery/primohoagies-432-egypt-rd/5GMKqkLyQnCyDe3pBokdkQ,eagleville-pennsylvania
https://www.ubereats.com/philadelphia/food-delivery/mooyah-burgers-990-dekalb-pike-520/wFBSYk-eSm-fM5Minzpz0g,eagleville-pennsylvania
https://www.ubereats.com/philadelphia/food-delivery/popeyes-w-main-st/an2_iTO9QVyqsJr0pMXgdw,eagleville-pennsylvania
https://www.ubereats.com/philadelphia/food-delivery/saladworks-gateway/MiQ2v0MpSjq7UdZ-EYlQKA,eagleville-pennsylvania
https://www.ubereats.com/philadelphia/food-delivery/ashleys-breakfast-sandwiches/t4Wkhl_lTo-STcGc2WyMxg,eagleville-pennsylvania
https://www.ubereats.com/philadelphia/food-delivery/applebees-555-s-trooper-road/7PaYiTH0RzSOwr-Rca45XQ,eagleville-pennsylvania
https://www.ubereats.com/philadelphia/food-delivery/wendys-2815-dekalb-pike/-GDNR0kwTnO3z1ynKHNCdQ,eagleville-pennsylvania
https://www.ubereats.com/philadelphia/food-delivery/jersey-mikes-subs-960-dekalb-pike/X5wKWmb1RTmapzdHvP0szw,eagleville-pennsylvania
https://www.ubereats.com/philadelphia/food-delivery/dunkin-2601-egypt-rd/O8RBuZqQQt6uVeqgMcU8Lg,eagleville-pennsylvania
https://www.ubereats.com/philadelphia/food-delivery/bgood-king-of-prussia/8Khxg1GhS4qpkp7SJSeUfA,eagleville-pennsylvania
https://www.ubereats.com/philadelphia/food-delivery/outback-steakhouse-22-anchor-parkway/SxEBAtgaQbqhBpWTfcpAyw,eagleville-pennsylvania
https://www.ubereats.com/philadelphia/food-delivery/wuwu-japanese-and-chinese-cuisine/xfvxJrE3TbCY95Ur5C-01Q,eagleville-pennsylvania
https://www.ubereats.com/philadelphia/food-delivery/tadka-flavors/FHNZ3XDSQV628PU_vDhwcw,eagleville-pennsylvania
https://www.ubereats.com/philadelphia/food-delivery/palermos-pizza/q7sxmwaaRmu6l_CQ6GzeQg,eagleville-pennsylvania
https://www.ubereats.com/philadelphia/food-delivery/kosmos/ZIhBP-2lSKuTN1ovZ-aYkA,eagleville-pennsylvania
https://www.ubereats.com/philadelphia/food-delivery/the-greene-turtle-north-wales/gyTDHyfpTGaU1FoPR_C0Gw,eagleville-pennsylvania
https://www.ubereats.com/philadelphia/food-delivery/honeygrow-100-main-street-suite-180/JrL7A2_gR5iwPebZ6Xk-hg,eagleville-pennsylvania
https://www.ubereats.com/philadelphia/food-delivery/primohoagies-210-pennbrook-parkway/g-Znah3nR_S_u31cPBKYvw,eagleville-pennsylvania
https://www.ubereats.com/philadelphia/food-delivery/city-works-king-of-prussia/h649FvakQlucQO1uYHRR-Q,eagleville-pennsylvania
https://www.ubereats.com/philadelphia/food-delivery/pf-changs-10-town-center-dr/zKpKhUphRKaPOfrfdMk55g,eagleville-pennsylvania
https://www.ubereats.com/philadelphia/food-delivery/mcdonalds-collegeville/SRgh76L3TEaYwMChbxob_A,eagleville-pennsylvania
https://www.ubereats.com/philadelphia/food-delivery/red-pepper-chettinad-indian-cuisine/8yMO_LIaTHGivMTDd9Oy9Q,eagleville-pennsylvania
https://www.ubereats.com/philadelphia/food-delivery/bridgeport-wiches/XJTJCe8jT5ekk2v4cAXSGA,eagleville-pennsylvania
https://www.ubereats.com/philadelphia/food-delivery/krispy-krunchy-chicken-collegeville/fYIbuHDkQ52GJ1AESbPmWw,eagleville-pennsylvania
https://www.ubereats.com/philadelphia/food-delivery/gaya-restaurant/rbREfeIjT5GYHcNPcw04MQ,eagleville-pennsylvania
https://www.ubereats.com/philadelphia/food-delivery/delicias-colombianas-sami/yhQTAkWNRSWTGfKmaLyrDw,eagleville-pennsylvania
https://www.ubereats.com/philadelphia/food-delivery/red-lobster-425-w-dekalb-pike/bVDUaDngRqaFfg-schO9JA,eagleville-pennsylvania
https://www.ubereats.com/philadelphia/food-delivery/lumbrada-cocina-mexicana-wayne/wQKXC0UbRUScSEn7_t9mcQ,eagleville-pennsylvania
https://www.ubereats.com/philadelphia/food-delivery/mcdonalds-upper-gwynedd/E3pW8SIiQg2VGjBRmfuqsg,eagleville-pennsylvania
https://www.ubereats.com/philadelphia/food-delivery/sals-pizza-box/RTRrOH9_Qia_0fN4agS7NA,eagleville-pennsylvania
https://www.ubereats.com/philadelphia/food-delivery/starbucks-w-dekalb-pike-king-of-prussia/XrxSZCd6SSKXznGAF93n7w,eagleville-pennsylvania
https://www.ubereats.com/philadelphia/food-delivery/ruby-tuesday-2053-chemical-road/LUa75o59S0uYlb9HXPwG0A,eagleville-pennsylvania
https://www.ubereats.com/philadelphia/food-delivery/the-bay-cafe/CC1QBncQSC6SyHsoxAazcA,eagleville-pennsylvania
https://www.ubereats.com/philadelphia/food-delivery/pantry-1/h-UPDp6NTZyXmB7C3ZnRLQ,eagleville-pennsylvania
https://www.ubereats.com/philadelphia/food-delivery/izu-sushi/F5lPfVqeSP61bX6il4SuQg,eagleville-pennsylvania
https://www.ubereats.com/philadelphia/food-delivery/mcdonalds-east-norriton-ii/OkFVH0coRBy97eer4MNSxw,eagleville-pennsylvania
https://www.ubereats.com/philadelphia/food-delivery/dunkin-407-2nd-ave/4kMx-g7FQl6gQqgxIGdZ6Q,eagleville-pennsylvania
https://www.ubereats.com/philadelphia/food-delivery/megumi/O1_H9xpFR8CDzi93eO1mpQ,eagleville-pennsylvania
https://www.ubereats.com/philadelphia/food-delivery/dunkin-390-schuylkill-rd/n5ANVH_0QUa30qQhc4udBQ,eagleville-pennsylvania
https://www.ubereats.com/philadelphia/food-delivery/shagun-fine-indian/9CSuvjluQKOpZWASMxEdiA,eagleville-pennsylvania
https://www.ubereats.com/philadelphia/food-delivery/poke-it-up/v55wXC-rQlq6HOapbkdazw,eagleville-pennsylvania
https://www.ubereats.com/philadelphia/food-delivery/margaritas-mexican-restaurant-collegeville/PcVmS0PoTbqhTQtD42IJOQ,eagleville-pennsylvania
https://www.ubereats.com/philadelphia/food-delivery/cold-stone-160-n-gulph-rd-ste-2021/jeu-MU8-RcW6CI9YwP1_Pw,eagleville-pennsylvania
https://www.ubereats.com/philadelphia/food-delivery/dunkin-1941-main-st/kWQRTVJjRcm25U6FnVKdlA,eagleville-pennsylvania
https://www.ubereats.com/philadelphia/food-delivery/district-taco-king-of-prussia/DsFKFe4cR3i6kR7zdt0W-A,eagleville-pennsylvania
https://www.ubereats.com/philadelphia/food-delivery/clean-juice-121-market-street/qPFIPcGxSPyt9-qLUPqUJw,eagleville-pennsylvania
https://www.ubereats.com/philadelphia/food-delivery/krispy-krunchy-chicken-927-stanbridge-street/ebld1gONTWW85ZXMx78gnA,eagleville-pennsylvania
https://www.ubereats.com/philadelphia/food-delivery/first-watch-audubon/L696p894SfO1UeDLzRKFVA,eagleville-pennsylvania
https://www.ubereats.com/philadelphia/food-delivery/ashley-diner-cafe/QNI8Fh1WQt-txwoVUPlzAw,eagleville-pennsylvania
https://www.ubereats.com/philadelphia/food-delivery/ashleys-burger-bar/pAA9xsgYT-eECJOaobKH4w,eagleville-pennsylvania
https://www.ubereats.com/philadelphia/food-delivery/arusuvai-at-norristown/EyOQmxa2QJSzGDyNRmi5kg,eagleville-pennsylvania
https://www.ubereats.com/philadelphia/food-delivery/one-love-jamaican-takeout/8mOcvXldRRyl_Q9DBNKy-A,eagleville-pennsylvania
https://www.ubereats.com/philadelphia/food-delivery/dunkin-132-w-dekalb-pike/HDY-3mRNTLqr9e80We768Q,eagleville-pennsylvania
https://www.ubereats.com/philadelphia/food-delivery/pholicious/qwY0PWACSfqfX6RWv71_JQ,eagleville-pennsylvania
https://www.ubereats.com/philadelphia/food-delivery/pudges/8fDgg1FjTgCWkabmVz-Cgw,eagleville-pennsylvania
https://www.ubereats.com/philadelphia/food-delivery/three-brothers-grill/l-Mx0vHUQfq-H3p31R3DgA,eagleville-pennsylvania
https://www.ubereats.com/philadelphia/food-delivery/menchies-frozen-yogurt-2953-swede-rd/hoj-ZkFxRuCytrZgEEmp8g,eagleville-pennsylvania
https://www.ubereats.com/philadelphia/food-delivery/dunkin-2960-skippack-pike/9gEIUQk9RnOmMPQkD6o0dw,eagleville-pennsylvania
https://www.ubereats.com/philadelphia/food-delivery/wawa-8019-1860-south-collegeville-rd/F0luQUbpRYOgUQ92xcU04Q,eagleville-pennsylvania
https://www.ubereats.com/philadelphia/food-delivery/applebees-1281-knapp-road/w2LzmWFLRYWqwIaH2meVHQ,eagleville-pennsylvania
https://www.ubereats.com/philadelphia/food-delivery/bonjung-japanese-restaurant/eYPDhOcPQeGE0Gvo7MmhWw,eagleville-pennsylvania
https://www.ubereats.com/philadelphia/food-delivery/neopolitan-breakfast-%26-brunch/RG3rNTlIQEqxgJU68ZPQGQ,eagleville-pennsylvania
https://www.ubereats.com/philadelphia/food-delivery/sweetgreen-king-of-prussia/1-p4rm0MSVunfeSwWbIAMA,eagleville-pennsylvania
https://www.ubereats.com/philadelphia/food-delivery/delhi-woks/ZAXKD1sGSPWJML3epUw3Dw,eagleville-pennsylvania
https://www.ubereats.com/philadelphia/food-delivery/palermos-pizza/RV0rUW1jRJOsi0pihxumsA,eagleville-pennsylvania
https://www.ubereats.com/philadelphia/food-delivery/jersey-mikes-subs-phoenixville-1570-egypt-road/7m4NUM39S26HdueWXTEUQQ,eagleville-pennsylvania
https://www.ubereats.com/philadelphia/food-delivery/tungs-gardens/vIzPNVw3SpmC-WSeXMMR_g,eagleville-pennsylvania
https://www.ubereats.com/philadelphia/food-delivery/bamboo-restaurant/YPLPn7PWQDeGEALF5vQmQg,eagleville-pennsylvania
https://www.ubereats.com/philadelphia/food-delivery/boston-market-1758-allentown-road/5-zXSRzZQY6rWrq4FnW6PQ,eagleville-pennsylvania
https://www.ubereats.com/philadelphia/food-delivery/sweetberry-bowl-royersford/HxkmAjXjRNCP2iI1BeCHDQ,eagleville-pennsylvania
https://www.ubereats.com/philadelphia/food-delivery/wendys-306-south-henderson-road/510t8F1xQi2jugwgULMYOA,eagleville-pennsylvania
https://www.ubereats.com/philadelphia/food-delivery/dukes-bbq/84aGWncVSGCeBuMtEgvJjw,eagleville-pennsylvania
https://www.ubereats.com/philadelphia/food-delivery/sushi-sushi/qeHExnM8RHOZEn_shwTnHQ,eagleville-pennsylvania
https://www.ubereats.com/philadelphia/food-delivery/california-pizza-kitchen-470-mall-blvd/TdcdW-DtRwyg1plgqLdPRQ,eagleville-pennsylvania
https://www.ubereats.com/philadelphia/food-delivery/qdoba-mexican-eats-500-broad-st/AZGnopgVQlKHItVDeZGPhg,eagleville-pennsylvania
https://www.ubereats.com/philadelphia/food-delivery/oki-sushi/vBF6veuQQbaZVCeNLTLeUA,eagleville-pennsylvania
https://www.ubereats.com/philadelphia/food-delivery/wawa-8003-705-south-trooper-road/vP_yrTOsRuK9nHWWO9792g,eagleville-pennsylvania
https://www.ubereats.com/philadelphia/food-delivery/steel-city-coffeehouse/IMPulfuFQ1qkvJfMoZf5WQ,eagleville-pennsylvania
https://www.ubereats.com/philadelphia/food-delivery/hooters-king-of-prussia/CIJxYwluSpeJpk24SMlqLQ,eagleville-pennsylvania
https://www.ubereats.com/philadelphia/food-delivery/three-brothers-phoenixville/ELh5vfRsTKuBSuVL3B0tjQ,eagleville-pennsylvania
https://www.ubereats.com/philadelphia/food-delivery/hakata/rKaHmDJ3QESK9v_OdwqZYA,eagleville-pennsylvania
https://www.ubereats.com/philadelphia/food-delivery/shake-shack-350-mall-blvd-covid-closure/90Wz9BCGQBqpeW2Tw13Quw,eagleville-pennsylvania
https://www.ubereats.com/philadelphia/food-delivery/the-habit-burger-grill-120-village-drive-suite-100/6ujQCZK9SA2kJTlhi5NATQ,eagleville-pennsylvania
https://www.ubereats.com/philadelphia/food-delivery/ritas-of-lansdale/JYDfVzEsTDuFBlG1Q-ebLA,eagleville-pennsylvania
https://www.ubereats.com/philadelphia/food-delivery/cafe-cabana/TSXwaq5ZTF-1w4EZgOfypQ,eagleville-pennsylvania
https://www.ubereats.com/philadelphia/food-delivery/primohoagies-320-n-lewis-rd/XYI2XUorQjiDDs4Psi3jtA,eagleville-pennsylvania
https://www.ubereats.com/philadelphia/food-delivery/bacon-me-crazy/oQAT_zvyTWiYSf8meoR2Ng,eagleville-pennsylvania
https://www.ubereats.com/philadelphia/food-delivery/hg-coal-fired-pizza/r4D1sqgaR9SFe1NGv3rxlA,eagleville-pennsylvania
https://www.ubereats.com/philadelphia/food-delivery/sabor-centroamericano/NRwnYAXPSju8xOk1M8dr6Q,eagleville-pennsylvania
https://www.ubereats.com/philadelphia/food-delivery/lady-ts-homestyle-southern-cuisine/qsO85o3gRCWKsOpMpGo8Vg,eagleville-pennsylvania
https://www.ubereats.com/philadelphia/food-delivery/driftwood-bbq-%26-catering/8BBygfWvR7Gatfwy4MwVZQ,eagleville-pennsylvania
https://www.ubereats.com/philadelphia/food-delivery/manhattan-bagel-north-wales/IlAxHuFqT2qowRka9Lf8FA,eagleville-pennsylvania
https://www.ubereats.com/philadelphia/food-delivery/house-of-veggies/HJiy1UBBRI-hqv-xoA0KJw,eagleville-pennsylvania
https://www.ubereats.com/philadelphia/food-delivery/subway-2-n-park-ave/u0TKatc6SamwPbmNAz2_hw,eagleville-pennsylvania
https://www.ubereats.com/philadelphia/food-delivery/red-robin-220-plaza-dr/THz_D4_ZSRKk0nHlNHFu5w,eagleville-pennsylvania
https://www.ubereats.com/philadelphia/food-delivery/332-bonefish-grill-160-n-gulph-rd/w-ZcPds6RQOuKJBx16MkyQ,eagleville-pennsylvania
https://www.ubereats.com/philadelphia/food-delivery/chipotle-mexican-grill-620-w-dekalb-pike/evpskM_yS3iHtefaS5mlog,eagleville-pennsylvania
https://www.ubereats.com/philadelphia/food-delivery/aroma-mediterranean-cuisine/6pxMMCCfQf23jPZEB84y6g,eagleville-pennsylvania
https://www.ubereats.com/philadelphia/food-delivery/outback-steakhouse-160-n-gulph-rd-suite-4220/E1RNJ9x5R02iXIjp8B0n6g,eagleville-pennsylvania
https://www.ubereats.com/philadelphia/food-delivery/mortons-the-steakhouse-640-west-dekalb-pike/sScJBKHFRrGFJ6mQiX0k1g,eagleville-pennsylvania
https://www.ubereats.com/philadelphia/food-delivery/new-deshi-village-halal-restaurant/wfdI0hDLQB-uB2qhKXcdRA,eagleville-pennsylvania
https://www.ubereats.com/philadelphia/food-delivery/osaka-japanese-restaurant-lansdale/Pw-Wt6MNRvuRFtD7CYjRNg,eagleville-pennsylvania
https://www.ubereats.com/philadelphia/food-delivery/arbys-2610-egypt-rd/HJxVTY9wTRa9PSlROfCGiQ,eagleville-pennsylvania
https://www.ubereats.com/philadelphia/food-delivery/chadwicks-restaurant-and-bar/Oe91_Nz9TXWrG3ZLBb_VkA,eagleville-pennsylvania
https://www.ubereats.com/philadelphia/food-delivery/turning-point-of-blue-bell/3CkoBAHcRaWevFW53S2epQ,eagleville-pennsylvania
https://www.ubereats.com/philadelphia/food-delivery/kilwins-king-of-prussia/F3ajWZiBSM2EWt54kwegJw,eagleville-pennsylvania
https://www.ubereats.com/philadelphia/food-delivery/primohoagies-345-main-street/w3mfJPWqR--EI_thzNteFw,eagleville-pennsylvania
https://www.ubereats.com/philadelphia/food-delivery/primohoagies-314-s-henderson-rd/GZ9bJ2PuQYqU7zQqZFLvUg,eagleville-pennsylvania
https://www.ubereats.com/philadelphia/food-delivery/wawa-8071-1300-e-ridge-pike/rhDk7iv8TjWrvz7u3QlHpw,eagleville-pennsylvania
https://www.ubereats.com/philadelphia/food-delivery/barbacoa-de-guerrero-inc/1uk2YX2bQmaCIck09nOt3w,eagleville-pennsylvania
https://www.ubereats.com/philadelphia/food-delivery/taco-bell-1700-n-broad-st/6kt9oUhxQ7yJR2WYTVXmOw,eagleville-pennsylvania
https://www.ubereats.com/philadelphia/food-delivery/dandan-wayne/wsyOBkuXRuiMQPesTcaK_A,eagleville-pennsylvania
https://www.ubereats.com/philadelphia/food-delivery/churned-main-street-pizzeria-and-grille-plymouth-meeting/9aYA0YksS_C3ru2PynNdNA,eagleville-pennsylvania
https://www.ubereats.com/philadelphia/food-delivery/bbq-chicken-north-wales-pa/Z7OFHedfTOieA1qkJnhowg,eagleville-pennsylvania
https://www.ubereats.com/philadelphia/food-delivery/moes-southwest-grill-1570-egypt-rd/YX8KtgbcRi-89KPfIx0gwA,eagleville-pennsylvania
https://www.ubereats.com/philadelphia/food-delivery/delish-soul-food-kitchen/5VHuzxTnTPayCqT1VCTVuQ,eagleville-pennsylvania
https://www.ubereats.com/philadelphia/food-delivery/dunkin-787-sumneytown-pk/5cjJVqBQQ9CABYwCdC1ZZA,eagleville-pennsylvania
https://www.ubereats.com/philadelphia/food-delivery/fox-%26-hound-160-n-gulph-road/XIOOw15jQuitF4PjyGrnjA,eagleville-pennsylvania
https://www.ubereats.com/philadelphia/food-delivery/stove-%26-tap/X_qqJrDTR5msPNdcRMjdpQ,eagleville-pennsylvania
https://www.ubereats.com/philadelphia/food-delivery/city-restaurant/_G0sQftqQUOjHf7GaI5cww,eagleville-pennsylvania
https://www.ubereats.com/philadelphia/food-delivery/starbucks-e-norriton/xzZ9gHuMTMeU7JuChDGxTg,eagleville-pennsylvania
https://www.ubereats.com/philadelphia/food-delivery/flemings-prime-steakhouse-%26-wine-bar-radnor/N1u0wyVeRUOS_3d3msPUww,eagleville-pennsylvania
https://www.ubereats.com/philadelphia/food-delivery/gunpowder-cafe/od7eXRtrR_-pJqiPoz90mQ,eagleville-pennsylvania
https://www.ubereats.com/philadelphia/food-delivery/francos-pizza-family-restaurant/PJ37BriRQviye9gQ3C1Eqg,eagleville-pennsylvania
https://www.ubereats.com/philadelphia/food-delivery/kfc-taco-bell-947-s-township-line-road/d9V_zMVdQ2GYyVRJ3thGPQ,eagleville-pennsylvania
https://www.ubereats.com/philadelphia/food-delivery/saladworks-cafe-east-norriton/jsmbZS4OSiiusAfPcMtKuw,eagleville-pennsylvania
https://www.ubereats.com/philadelphia/food-delivery/wawa-143-4121-skippack-pike/xP6PVQm1S_muK8cCpjTnfg,eagleville-pennsylvania
https://www.ubereats.com/philadelphia/food-delivery/california-tortilla-royersford/E9gAV3ebS_WBDAKnhvrbcg,eagleville-pennsylvania
https://www.ubereats.com/philadelphia/food-delivery/buffalo-wild-wings/3dUSqXhlTj-Kl-GF99s7Nw,eagleville-pennsylvania
https://www.ubereats.com/philadelphia/food-delivery/anas-corner-store/P1Rb8EGwS_if5L-EwbUhFQ,eagleville-pennsylvania
https://www.ubereats.com/philadelphia/food-delivery/shake-shack-160-n-gulph-road/Mq5dAriMRHGbCpzpTeLYrg,eagleville-pennsylvania
https://www.ubereats.com/philadelphia/food-delivery/tiffin-indian-cuisine-king-of-prussia/zKxURrVDQ0q9efEfNqXPbQ,eagleville-pennsylvania
https://www.ubereats.com/philadelphia/food-delivery/anthonys-coal-fired-pizza-blue-bell/6kdieCxfQder3HOtjWQwYw,eagleville-pennsylvania
https://www.ubereats.com/philadelphia/food-delivery/casa-villasenor/ukpbo9LgTACjLBzy1XPhmw,eagleville-pennsylvania
https://www.ubereats.com/philadelphia/food-delivery/arbys-16-e-germantown-pike/K4R21sw-TzO3ugtN8QpGVA,eagleville-pennsylvania
https://www.ubereats.com/philadelphia/food-delivery/junior-mini-market/7U6wtZoKSoaB8iYnVGa_Qg,eagleville-pennsylvania
https://www.ubereats.com/philadelphia/food-delivery/graces-cafe/XopfyJ3nRpKCoJH1L4VaWA,eagleville-pennsylvania
https://www.ubereats.com/philadelphia/food-delivery/kiwi-yogurt-collegeville/nEkgs5gGRjSqLtGiDONPNA,eagleville-pennsylvania
https://www.ubereats.com/philadelphia/food-delivery/wingin-it-wings/9kvbgevKRw-FIAzsTym_1w,eagleville-pennsylvania
https://www.ubereats.com/philadelphia/food-delivery/nanos-fresh-food-llc-dba-nanos-fried-chicken/mEYarvp9SrGjB07r0rb5Yw,eagleville-pennsylvania
https://www.ubereats.com/philadelphia/food-delivery/dunkin-3001-w-germantown-pike/wKN-4J6gRUSxgsQaypZGpQ,eagleville-pennsylvania
https://www.ubereats.com/philadelphia/food-delivery/mirnas-cafe/kaoRp5qOSveL_cGRzfXWNg,eagleville-pennsylvania
https://www.ubereats.com/philadelphia/food-delivery/haagen-dazs-160-n-gulph-rd-store-%23y-6/Wj8YUF8YRXmOYNYzuvZLOA,eagleville-pennsylvania
https://www.ubereats.com/philadelphia/food-delivery/primohoagies-106b-w-germantown-pike/riUByMwiQAmVsrSWi5dK5g,eagleville-pennsylvania
https://www.ubereats.com/philadelphia/food-delivery/kabuto-sushi-hibachi-%26-lounge/G3qWHhC-Rt61MeH6J_8ggw,eagleville-pennsylvania
https://www.ubereats.com/philadelphia/food-delivery/red-lobster-640-cowpath-road/3M1_sAxCQSKzfhPrqX-shg,eagleville-pennsylvania
https://www.ubereats.com/philadelphia/food-delivery/paladar-latin-kitchen-king-of-prussia/EcVFGWINR4mda1WwZqcieQ,eagleville-pennsylvania
https://www.ubereats.com/philadelphia/food-delivery/chipotle-mexican-grill-30-airport-sq/EyGkStWfRJ25_pGT31uOCw,eagleville-pennsylvania
https://www.ubereats.com/philadelphia/food-delivery/fogo-de-chao-king-of-prussia/Fwcm9rFKS4qMQCkCaXkSfQ,eagleville-pennsylvania
https://www.ubereats.com/philadelphia/food-delivery/zara-halal-food/thkXWCY5TIuTOji7TjmZFw,eagleville-pennsylvania
https://www.ubereats.com/philadelphia/food-delivery/chickies-%26-petes-audubon/y_iKHgSmSUirVUxGj2_84w,eagleville-pennsylvania
https://www.ubereats.com/philadelphia/food-delivery/applebees-70-buckwalter-road/4Vr1xgutQeO491VpKokVAg,eagleville-pennsylvania
https://www.ubereats.com/philadelphia/food-delivery/starbucks-king-of-prussia-town-center/lQl36JqoQPKT_SSXHiZWiQ,eagleville-pennsylvania
https://www.ubereats.com/philadelphia/food-delivery/black-lab-bistro/vVIalw88THamjQFy6xqwDQ,eagleville-pennsylvania
https://www.ubereats.com/philadelphia/food-delivery/mcdonalds-audubon-pa/sA7Sq9-FSvWTsUboKGQ-jg,eagleville-pennsylvania
https://www.ubereats.com/philadelphia/food-delivery/fitzwater-station/4vfwFUfoQXezwwt_I4A88A,eagleville-pennsylvania
https://www.ubereats.com/philadelphia/food-delivery/friendlys-150-w-germantown-pike/9ePHqdgBR4S2B-QMk1rzOw,eagleville-pennsylvania
https://www.ubereats.com/philadelphia/food-delivery/palermos-pizza-70-buckwalter-road/kLnHrSOATcSXo26m5H1hMw,eagleville-pennsylvania
https://www.ubereats.com/philadelphia/food-delivery/tropical-smoothie-cafe-oaks-shopping-center/cavAbvpyTOK0JVTQHquYAA,eagleville-pennsylvania
https://www.ubereats.com/philadelphia/food-delivery/justins-carriage-house/Sje25G9TRKaHqDquqczfPQ,eagleville-pennsylvania
https://www.ubereats.com/philadelphia/food-delivery/lai-lai-garden/-vRpwaCsRN-710_vw1SiJw,eagleville-pennsylvania
https://www.ubereats.com/philadelphia/food-delivery/conshohocken-brewing-company-brewpub/EQdQlOTfQeaidAm4eGArBw,eagleville-pennsylvania
https://www.ubereats.com/philadelphia/food-delivery/uno-pizzeria-oaks/QAFWlYHSQNyiaED2lUxErA,eagleville-pennsylvania
https://www.ubereats.com/philadelphia/food-delivery/bertuccis-500-west-germantown-pike/_kRdafiFSqS_w-m1QosOzw,eagleville-pennsylvania
https://www.ubereats.com/philadelphia/food-delivery/via-roma-italian-restaurant-and-sports-bar/0KpoKeHjR0SIhgPOU5g3Zg,eagleville-pennsylvania
https://www.ubereats.com/philadelphia/food-delivery/indian-hut-norristown/6SPsBqfhRyaEwp2EEcJXZQ,eagleville-pennsylvania
https://www.ubereats.com/philadelphia/food-delivery/euro-delights-llc/urRka-f3S6CrkEqJe6eS_A,eagleville-pennsylvania
https://www.ubereats.com/philadelphia/food-delivery/limerick-diner/oX8dDDTFRt278hhziueNIA,eagleville-pennsylvania
https://www.ubereats.com/philadelphia/food-delivery/mcdonalds-main-%26-markley/1O_2XtXhTZSJXxN14yfF7g,eagleville-pennsylvania
https://www.ubereats.com/philadelphia/food-delivery/founding-farmers-king-of-prussia/UTlQnybTSbC59_BlT8-h2w,eagleville-pennsylvania
https://www.ubereats.com/philadelphia/food-delivery/melis-corner-bakery/cMo3nImGQM-os5ZzhSmlKg,eagleville-pennsylvania
https://www.ubereats.com/philadelphia/food-delivery/papa-johns-ridge-pike/oppH-lnuRtOSvdmc1NOZ5g,eagleville-pennsylvania
https://www.ubereats.com/philadelphia/food-delivery/izumi/QyQ9DO4UTsOAs95mb6si8w,eagleville-pennsylvania
https://www.ubereats.com/philadelphia/food-delivery/bob-evans-347-100-cresson-boulevard/w6eIdMdAT4e6ulIh_hIUQw,eagleville-pennsylvania
https://www.ubereats.com/philadelphia/food-delivery/hibachi-grill-and-buffet/FKsMnSavSiS1jibA4Q6-7A,eagleville-pennsylvania
https://www.ubereats.com/philadelphia/food-delivery/outback-steakhouse-411-doylestown-road/BkDXIUuATe2QUfkQbFftqw,eagleville-pennsylvania
https://www.ubereats.com/philadelphia/food-delivery/the-perky/ysdt7MF1QneFyHTxizeE6w,eagleville-pennsylvania
https://www.ubereats.com/philadelphia/food-delivery/city-restaurant/9Zh7lDWZR0SnW6tJG9xQ9A,eagleville-pennsylvania
https://www.ubereats.com/philadelphia/food-delivery/chick-fil-a-680-s-trooper-rd/1MBgDovsSme-2Gec9jVflA,eagleville-pennsylvania
https://www.ubereats.com/philadelphia/food-delivery/mizu-asian-bistro/lZknlzbJSrSUCWSIfmbtfA,eagleville-pennsylvania
https://www.ubereats.com/philadelphia/food-delivery/ashleys-wing-house/wWI-igtcSdWEHdZ5iA8lbA,eagleville-pennsylvania
https://www.ubereats.com/philadelphia/food-delivery/taco-bell-931-n-wales-rd/SI3aSwNgSEOEWyjVMqE3jA,eagleville-pennsylvania
https://www.ubereats.com/philadelphia/food-delivery/sonic-37-west-ridge-pike/wI9zj9z3SZqW-JfyeXw61w,eagleville-pennsylvania
https://www.ubereats.com/philadelphia/food-delivery/firebirds-wood-fired-grill-51-town-center-dr/0PnJuEkZT_uuz9VPVAa6pA,eagleville-pennsylvania
https://www.ubereats.com/philadelphia/food-delivery/rancho-dominican-restaurant-latin-food/CqrzjCzHT6KQKztE04sbyQ,eagleville-pennsylvania
https://www.ubereats.com/philadelphia/food-delivery/champps-51-town-center-drive/ONOCLIAeSMGoWBO6HTmLFg,eagleville-pennsylvania
https://www.ubereats.com/philadelphia/food-delivery/taco-bell-660-nutt-road/YvkCn8ynTVaJopZhgZVMBA,eagleville-pennsylvania
https://www.ubereats.com/philadelphia/food-delivery/wendys-590-south-trooper-road/G4DHy6WZSbi5wKI9D2YOfw,eagleville-pennsylvania
https://www.ubereats.com/philadelphia/food-delivery/whitpain-tavern/Imy38k81RgKkuLoop0kxfw,eagleville-pennsylvania
https://www.ubereats.com/philadelphia/food-delivery/rasoi-vegetarian-norristown/aa21_ViUQfyMv_xY6NE1Rg,eagleville-pennsylvania
https://www.ubereats.com/philadelphia/food-delivery/pure-fire-pizza/GYfDzM3_RqiQ8PQHR9r2lQ,eagleville-pennsylvania
https://www.ubereats.com/philadelphia/food-delivery/california-tortilla-king-of-prussia/2xsyIZVlQg2jQhGDKTo6bA,eagleville-pennsylvania
https://www.ubereats.com/philadelphia/food-delivery/five-guys-pa-0372-160-n-gulph-rd/Rx9maRTASbO8LL40MYxmDQ,eagleville-pennsylvania
https://www.ubereats.com/philadelphia/food-delivery/jalsa-indian-cuisine/_Y0DstoDSDSH2uWFHOdEoQ,eagleville-pennsylvania
https://www.ubereats.com/philadelphia/food-delivery/the-halal-guys-king-of-prussia/i3Lokh7VQTyR1Udzk_WDNA,eagleville-pennsylvania
https://www.ubereats.com/philadelphia/food-delivery/taco-bell-2722-de-kalb-pike/4tdQvygoRt2hLuTo2OJRTg,eagleville-pennsylvania
https://www.ubereats.com/philadelphia/food-delivery/dairy-queen-treat-valley-forge-shopping-center/8fXmgH-FTbyprA-TsaZcEA,eagleville-pennsylvania
https://www.ubereats.com/philadelphia/food-delivery/zoup!-500-broad-street/kiQuhhSuSVWhmdjgvinvcw,eagleville-pennsylvania
https://www.ubereats.com/philadelphia/food-delivery/california-tortilla-420-schuylkill-rd/PsLxAGglRgyJiIAukZbIfw,eagleville-pennsylvania
https://www.ubereats.com/philadelphia/food-delivery/sonic-2901-swede-rd/saYich_KSN2BQtusO2Ierw,eagleville-pennsylvania
https://www.ubereats.com/philadelphia/food-delivery/manhattan-bagel-401-south-broad-street/7-3XIqXESUa-ZhuG-Ut4ng,eagleville-pennsylvania
https://www.ubereats.com/philadelphia/food-delivery/pf-changs-510-germantown-pike/xVOEsbk9S4Cf6HiVrQGj4Q,eagleville-pennsylvania
https://www.ubereats.com/philadelphia/food-delivery/bertuccis-860-bethlehem-pike/MwpQQuxfSfWbSyuDqY-JSw,eagleville-pennsylvania
https://www.ubereats.com/philadelphia/food-delivery/dunkin-2600-ridge-pike/jJk7MmzmTA-YP6hkpVIEog,eagleville-pennsylvania
https://www.ubereats.com/philadelphia/food-delivery/chipotle-mexican-grill-950-dekalb-pike/krTg5NA4SHKDMacZdFuvsA,eagleville-pennsylvania
https://www.ubereats.com/philadelphia/food-delivery/house-of-biryanis-%26-kebabs/FcHOXLmNRuCckiitybOMhw,eagleville-pennsylvania
https://www.ubereats.com/philadelphia/food-delivery/taco-bell-1165-south-trooper-road/Q9bjwel2TAWbqvni6gitJg,eagleville-pennsylvania
https://www.ubereats.com/philadelphia/food-delivery/house-of-india-pa/KE4cOp7CQEKoytBHuWhF7Q,eagleville-pennsylvania
https://www.ubereats.com/philadelphia/food-delivery/boston-market-18-e-germantown-pk/S9KrlenbQm2TC8z6_pm-gg,eagleville-pennsylvania
https://www.ubereats.com/philadelphia/food-delivery/sullivans-700-w-dekalb-pike/V99YFfERR7m5uG0VM58iGw,eagleville-pennsylvania
https://www.ubereats.com/philadelphia/food-delivery/applebees-2710-dekalb-pike/7kdWUcsiSY6oMfmW-IROBg,eagleville-pennsylvania
https://www.ubereats.com/philadelphia/food-delivery/tropical-smoothie-cafe-gateway-shopping-center/nxOZ-sOoSjiCW5A9OJ6DEg,eagleville-pennsylvania
https://www.ubereats.com/philadelphia/food-delivery/two-amigos-taqueria/9WetuxkqQtO4apTCWwjuHQ,eagleville-pennsylvania
https://www.ubereats.com/philadelphia/food-delivery/subway-650-s-trooper-rd/504QK-Y-SJy2T6WtG5dpOA,eagleville-pennsylvania
https://www.ubereats.com/philadelphia/food-delivery/tonys-pizza-%26-catering/-TUujXcBQ6ik22KkFcfN7A,eagleville-pennsylvania
https://www.ubereats.com/philadelphia/food-delivery/wayback-burgers-1810-e-ridge-pike/eWzHjj-PSBiH1YS-B5K-sg,eagleville-pennsylvania
https://www.ubereats.com/philadelphia/food-delivery/panera-601-s-trooper-road/emKan89FRbOACnCH44H7Xg,eagleville-pennsylvania
