url,city
https://www.ubereats.com/nyc-suburbs/food-delivery/hero-haven-and-more/7IbHOSMyTmSg7DvQZytbrA,east-patchogue-new-york
https://www.ubereats.com/nyc-suburbs/food-delivery/dunkin-628-horseblock-rd/ZhDvuwJYQQSl9omRqbQdmg,east-patchogue-new-york
https://www.ubereats.com/nyc-suburbs/food-delivery/go-burger-ridge-ny/Y-vm4MBcTHyEsTMJxzNlTw,east-patchogue-new-york
https://www.ubereats.com/nyc-suburbs/food-delivery/sobol-mastic-beach/ffpTjQbjT4O_PylwCCC_Dg,east-patchogue-new-york
https://www.ubereats.com/nyc-suburbs/food-delivery/berry-good-yogurt-cafe-patchogue/fZyUEYX7QKix5EjcRpgQ6Q,east-patchogue-new-york
https://www.ubereats.com/nyc-suburbs/food-delivery/boxcar-burgers/LN7_SgpfQb-bkpIrTECkKA,east-patchogue-new-york
https://www.ubereats.com/nyc-suburbs/food-delivery/furcis-brick-oven-pizzeria-%26-trattoria/4DKEXODnSJe6YC0ZFfxLRg,east-patchogue-new-york
https://www.ubereats.com/nyc-suburbs/food-delivery/island-lake-diner/S18VA0gpTGSxLr6qVlasNg,east-patchogue-new-york
https://www.ubereats.com/nyc-suburbs/food-delivery/kira-sushi/-RTG2TcDR4-fPJOlT208WA,east-patchogue-new-york
https://www.ubereats.com/nyc-suburbs/food-delivery/la-fonda-latino-grill/RUiX6dQzQ06-Nq4SdeJ4sA,east-patchogue-new-york
https://www.ubereats.com/nyc-suburbs/food-delivery/sophias-restaurant/a29wQMNZTqq-3LfUJUtRQQ,east-patchogue-new-york
https://www.ubereats.com/nyc-suburbs/food-delivery/carman-street-deli/Au5MvHdMS3qo2n3uZOZ_-Q,east-patchogue-new-york
https://www.ubereats.com/nyc-suburbs/food-delivery/wendys-460-sunrise-highway/sjewrLbUSZ-mAjsfQSf3PA,east-patchogue-new-york
https://www.ubereats.com/nyc-suburbs/food-delivery/familia-bakery/3KCZnf9eRn6KdRdee2V7uQ,east-patchogue-new-york
https://www.ubereats.com/nyc-suburbs/food-delivery/paulys-pizza-%26-pasta/bbwoPTY4QIC3iQww2jl5Bg,east-patchogue-new-york
https://www.ubereats.com/nyc-suburbs/food-delivery/joes-pizza-%26-pasta/Ps-O9aAxRq2tAOV-K5nO_g,east-patchogue-new-york
https://www.ubereats.com/nyc-suburbs/food-delivery/5-brothers-fried-chicken-and-waffles/MeB_EU_7SHavqYaomhyVRA,east-patchogue-new-york
https://www.ubereats.com/nyc-suburbs/food-delivery/ruby-tuesday-700-patchogue-yaphank-road/hukYPzudTRKw5qMQ7E-cDw,east-patchogue-new-york
https://www.ubereats.com/nyc-suburbs/food-delivery/carvel-400a-horseblock-road/OuDMjuiCSsG0uRE6IsRYCw,east-patchogue-new-york
https://www.ubereats.com/nyc-suburbs/food-delivery/on-the-border-holtsville/PXVepW9JSNO90fQQIwyRYg,east-patchogue-new-york
https://www.ubereats.com/nyc-suburbs/food-delivery/village-bistro/c-SclDHqQ9ubcxYoGs27XA,east-patchogue-new-york
https://www.ubereats.com/nyc-suburbs/food-delivery/friendlys-940-montauk-hwy/gV2YJZntQtysYoQb4Cbq9g,east-patchogue-new-york
https://www.ubereats.com/nyc-suburbs/food-delivery/long-shot-bar-%26-grill/gf8iN_ART36A4ETUENgpJQ,east-patchogue-new-york
https://www.ubereats.com/nyc-suburbs/food-delivery/popeis-coram/6xfTeOjJRZ-12wzHzmcIzw,east-patchogue-new-york
https://www.ubereats.com/nyc-suburbs/food-delivery/firehouse-bagels/aVUdvGgsRXekP350IqbuyQ,east-patchogue-new-york
https://www.ubereats.com/nyc-suburbs/food-delivery/brendas-jamaican-restaurant/mm6Mzb4AQ5WPYwGuFdoYAw,east-patchogue-new-york
https://www.ubereats.com/nyc-suburbs/food-delivery/my-hero/du1_OLz-S0GyXYyKTa7QtA,east-patchogue-new-york
https://www.ubereats.com/nyc-suburbs/food-delivery/kabul-halal-grill/blDjZTK7QkmgPBcLJblSIQ,east-patchogue-new-york
https://www.ubereats.com/nyc-suburbs/food-delivery/crispys-*/B7U_gw4cTiKiJB-yy1qH8g,east-patchogue-new-york
https://www.ubereats.com/nyc-suburbs/food-delivery/mediterranean-kitchen-mastic/dYJAuV_eS9uw1s4DXi5vsA,east-patchogue-new-york
https://www.ubereats.com/nyc-suburbs/food-delivery/the-cuban-patchogue/hQnPzBMDQQyhRn8-SpJAWw,east-patchogue-new-york
https://www.ubereats.com/nyc-suburbs/food-delivery/the-captains-boil-700-patchogue-yaphank-road/S1-VHF4GSwGnGVN17VS5MQ,east-patchogue-new-york
https://www.ubereats.com/nyc-suburbs/food-delivery/swan-country-deli-%26-gifts/G2usDKQER2ev1t6sXgHLbg,east-patchogue-new-york
https://www.ubereats.com/nyc-suburbs/food-delivery/starbucks-bayport/sh_xsd45TUuGQ2KLeK_oJQ,east-patchogue-new-york
https://www.ubereats.com/nyc-suburbs/food-delivery/dunkin-500-medford-ave/2GsmfBuRT92Espuxlv3UVA,east-patchogue-new-york
https://www.ubereats.com/nyc-suburbs/food-delivery/i-heart-mac-and-cheese-patchogue/k3mLnjFsTSq7iQ79hpLuNA,east-patchogue-new-york
https://www.ubereats.com/nyc-suburbs/food-delivery/kfc-533-medford-ave/EaAh6aoUQ0KWdDy5nwYgbw,east-patchogue-new-york
https://www.ubereats.com/nyc-suburbs/food-delivery/sobol-patchogue/9wwEY0e_SDKBsaWBv91TRg,east-patchogue-new-york
https://www.ubereats.com/nyc-suburbs/food-delivery/coram-diner/JCJpkzIkT9O13EnOTaZynQ,east-patchogue-new-york
https://www.ubereats.com/nyc-suburbs/food-delivery/sapore-fino/Z4hse3tPRomLmYtIalFe_A,east-patchogue-new-york
https://www.ubereats.com/nyc-suburbs/food-delivery/roast-coffee-%26-tea-trading-company/_uxgdKbmR668zg4bOU1hdQ,east-patchogue-new-york
https://www.ubereats.com/nyc-suburbs/food-delivery/alfredos-pizzeria-%26-restaurant/PWy4cTZfQtSu0vp-67TrhQ,east-patchogue-new-york
https://www.ubereats.com/nyc-suburbs/food-delivery/yogomania/0z_EbXrsSAmlXHLL_yLTKw,east-patchogue-new-york
https://www.ubereats.com/nyc-suburbs/food-delivery/munchies-to-your-door/-v9f-LRjSSuiMO5M6CmE0w,east-patchogue-new-york
https://www.ubereats.com/nyc-suburbs/food-delivery/hometown-bake-shop-patchogue/3P39GKc2R66Tf_VsrYcl7g,east-patchogue-new-york
https://www.ubereats.com/nyc-suburbs/food-delivery/burger-king-862-montauk-hwy/lPNAqfLTQ26HQYwJ2mY9IA,east-patchogue-new-york
https://www.ubereats.com/nyc-suburbs/food-delivery/curry-home/WMGJNvtVQzq77aplCjP0HA,east-patchogue-new-york
https://www.ubereats.com/nyc-suburbs/food-delivery/rudis/zeNudfWQRD6jSCnzdL-U8g,east-patchogue-new-york
https://www.ubereats.com/nyc-suburbs/food-delivery/lucky-spice-grill/iEnuwY0zTZaMR3TcEPIpcQ,east-patchogue-new-york
https://www.ubereats.com/nyc-suburbs/food-delivery/greek-islands-restaurant/PowzYBWpSX-z4YlyhbaJtg,east-patchogue-new-york
https://www.ubereats.com/nyc-suburbs/food-delivery/wendys-1820-rt-112/mxLpdurMQrq9-YuXaju2Rg,east-patchogue-new-york
https://www.ubereats.com/nyc-suburbs/food-delivery/sobol-ronkonkoma/G2s3y20WRHOT9aJv9RnsfQ,east-patchogue-new-york
https://www.ubereats.com/nyc-suburbs/food-delivery/new-yee-wo-kitchen/-uclSl5QTvKDgzLHUqW6Wg,east-patchogue-new-york
https://www.ubereats.com/nyc-suburbs/food-delivery/taco-bell-174-medford-avenue/FKb7JniOQX2rTiNv1E7HWA,east-patchogue-new-york
https://www.ubereats.com/nyc-suburbs/food-delivery/bagel-express-sayville/c_pjhxEbSBSs7yJFglIhZw,east-patchogue-new-york
https://www.ubereats.com/nyc-suburbs/food-delivery/avo-taco/T1Sn8b3kQNyh5W8zw1jpSQ,east-patchogue-new-york
https://www.ubereats.com/nyc-suburbs/food-delivery/chicos-deli/IunNEbSzQKaKdQscGC5Qqw,east-patchogue-new-york
https://www.ubereats.com/nyc-suburbs/food-delivery/texas-taco/uPEjxE1hRvCeBVwbdXEorw,east-patchogue-new-york
https://www.ubereats.com/nyc-suburbs/food-delivery/bagels-your-way-medford/n6N52GjkSju_Egt5tPNm8A,east-patchogue-new-york
https://www.ubereats.com/nyc-suburbs/food-delivery/burger-king-2250-north-ocean-avenue/krHjRfDARoS1Y1ZzYfF_mA,east-patchogue-new-york
https://www.ubereats.com/nyc-suburbs/food-delivery/burrito-palace-and-grill-ronkonkoma/nyrgktB4QYu1iB0xdRimng,east-patchogue-new-york
https://www.ubereats.com/nyc-suburbs/food-delivery/harbor-q-smokehouse-lake-ronkonkoma-do-not-enable-food-safety/b2K0RtoNRTujSuY4av9PuQ,east-patchogue-new-york
https://www.ubereats.com/nyc-suburbs/food-delivery/wing-shun-kitchen-%E6%B0%B8%E8%83%9C/uJqbWmiUS_OUuZEW-AewjQ,east-patchogue-new-york
https://www.ubereats.com/nyc-suburbs/food-delivery/holbrook-market-place-and-delicatessen/dagG8CvRQSKGIKyCfhofSA,east-patchogue-new-york
https://www.ubereats.com/nyc-suburbs/food-delivery/taco-bell-360-portion-road/i5oYps2TR2KocAvXa0hIOA,east-patchogue-new-york
https://www.ubereats.com/nyc-suburbs/food-delivery/colins-hero-stop/CZozBBP3TdmxlipIzWkh9Q,east-patchogue-new-york
https://www.ubereats.com/nyc-suburbs/food-delivery/crazy-crepe-cafe-lake-ronkonkoma/V34VFH0HTWasu_FvQdFT4A,east-patchogue-new-york
https://www.ubereats.com/nyc-suburbs/food-delivery/carvel-215-east-main-street/JhWp7yVGRYma-uBX8O8orA,east-patchogue-new-york
https://www.ubereats.com/nyc-suburbs/food-delivery/oriental-sushi/tqWIJLCaRMytWrGAPaW2kw,east-patchogue-new-york
https://www.ubereats.com/nyc-suburbs/food-delivery/brookhouse-pizza-and-grill/2et97TFfRU-czBPFr5XFmw,east-patchogue-new-york
https://www.ubereats.com/nyc-suburbs/food-delivery/lulus-lobster/Za_C_lKGR22094BsWGm2Jg,east-patchogue-new-york
https://www.ubereats.com/nyc-suburbs/food-delivery/hurricane-grill-and-wings-496-county-rd/YrY5JBqVRd2jxsDYRJUzcQ,east-patchogue-new-york
https://www.ubereats.com/nyc-suburbs/food-delivery/jiangs-asian-fusion/LePuhnwBSVmVZsfqFmjT2A,east-patchogue-new-york
https://www.ubereats.com/nyc-suburbs/food-delivery/206-applebees-farmingville/F3vmjvF0Rl6MHYfJs4OiwQ,east-patchogue-new-york
https://www.ubereats.com/nyc-suburbs/food-delivery/deli-beer-smoke/gH4Ee2kvRdGMwWheUjwfOw,east-patchogue-new-york
https://www.ubereats.com/nyc-suburbs/food-delivery/seaqua-deli-and-caterers-of-patchogue/_TFmioymSiWJm6WjJCZVdA,east-patchogue-new-york
https://www.ubereats.com/nyc-suburbs/food-delivery/tropical-smoothie-cafe-patchogue-mall/BkJdI9fCT56VsickQjoKMw,east-patchogue-new-york
https://www.ubereats.com/nyc-suburbs/food-delivery/anthonys-coal-fired-pizza-bohemia/F16stqf_TyeRaynXQtH27Q,east-patchogue-new-york
https://www.ubereats.com/nyc-suburbs/food-delivery/dunkin-1495-montauk-hwy/d6zmXrneT52-WzEYkwRMbA,east-patchogue-new-york
https://www.ubereats.com/nyc-suburbs/food-delivery/metropolis-diner/Ww81MA18T1GsU5AjhJaF7g,east-patchogue-new-york
https://www.ubereats.com/nyc-suburbs/food-delivery/hamza-halal-food/xPvNhTDRQY2FYnVZiVYavQ,east-patchogue-new-york
https://www.ubereats.com/nyc-suburbs/food-delivery/del-fuego-patchogue/02Q7TXqrQj6nt8POWoxKuQ,east-patchogue-new-york
https://www.ubereats.com/nyc-suburbs/food-delivery/subway-755-montauk-hwy/8GERRvLMROe9BGKWpykBqQ,east-patchogue-new-york
https://www.ubereats.com/nyc-suburbs/food-delivery/taco-el-primo/6kbUyz7KT26OWPWSeb0WVg,east-patchogue-new-york
https://www.ubereats.com/nyc-suburbs/food-delivery/dunkin-350-middle-country-rd/fw5LRzqTRiSAM5wMDf85yw,east-patchogue-new-york
https://www.ubereats.com/nyc-suburbs/food-delivery/dunkin-33-montauk-hwy/r7Ci--wcS56_wW3a-ihzrQ,east-patchogue-new-york
https://www.ubereats.com/nyc-suburbs/food-delivery/pepes-royal-pizzeria/3vhvV_QURpa7742NWi_ZhQ,east-patchogue-new-york
https://www.ubereats.com/nyc-suburbs/food-delivery/nonnas-pizzeria/qdP6CyJ3TNyOezS9xdomiA,east-patchogue-new-york
https://www.ubereats.com/nyc-suburbs/food-delivery/burger-king-5141-sunrise-highway/Xll9pFqxSlGNlyNNIRBOFw,east-patchogue-new-york
https://www.ubereats.com/nyc-suburbs/food-delivery/joshi-brothers-deli-%26-grocery/CCiHgxKVTOqjmOvNsb7oCQ,east-patchogue-new-york
https://www.ubereats.com/nyc-suburbs/food-delivery/sammy-a-vegan-boy/0XOxNiVhSqC-dKXbOPIBQQ,east-patchogue-new-york
https://www.ubereats.com/nyc-suburbs/food-delivery/virgola-oyster-%26-wine-bar/6aISYfLMQb2cbbFryqTaXg,east-patchogue-new-york
https://www.ubereats.com/nyc-suburbs/food-delivery/burger-king-500-waverly-ave/K5CZQXY5TMSs8OctwZluOQ,east-patchogue-new-york
https://www.ubereats.com/nyc-suburbs/food-delivery/karvers-grille/PoeAb-odT_aCQ0SnIWmrUw,east-patchogue-new-york
https://www.ubereats.com/nyc-suburbs/food-delivery/chuck-e-cheese-121-sunrise-hwy/mmRfZCCWSq6aTrmDhd9VMg,east-patchogue-new-york
https://www.ubereats.com/nyc-suburbs/food-delivery/jersey-mikes-280a-middle-country-rd/khjMI_WGRaqSW_JIP5mKQg,east-patchogue-new-york
https://www.ubereats.com/nyc-suburbs/food-delivery/the-wing-experience-5012-express-drive-south/bNaABnWJRi-BSCTKwq1h2w,east-patchogue-new-york
https://www.ubereats.com/nyc-suburbs/food-delivery/phayathai/fOe5ktpgTfGvROySa2yoRg,east-patchogue-new-york
https://www.ubereats.com/nyc-suburbs/food-delivery/taco-bell-551-william-floyd-parkway/psiMpNAeSVGiVmkGIov5SQ,east-patchogue-new-york
https://www.ubereats.com/nyc-suburbs/food-delivery/tofu-spring/4WDc3ETGSCCYq89mvyUCFA,east-patchogue-new-york
https://www.ubereats.com/nyc-suburbs/food-delivery/istanbul-cafe/QF_qmub7SWmUHNROCirVMA,east-patchogue-new-york
https://www.ubereats.com/nyc-suburbs/food-delivery/super-deli/4GRoSge0Tx62yYzkDjCmiQ,east-patchogue-new-york
https://www.ubereats.com/nyc-suburbs/food-delivery/friendly-bagel-cafe/iNUHqVHJROWLadQi3GCT_w,east-patchogue-new-york
https://www.ubereats.com/nyc-suburbs/food-delivery/mcdonalds-174-portion-rd/zbOgiLfzQHqo7Hd1pZ9SnQ,east-patchogue-new-york
https://www.ubereats.com/nyc-suburbs/food-delivery/pita-house/K5gEf6PESyqMbWWxyI6ccQ,east-patchogue-new-york
https://www.ubereats.com/nyc-suburbs/food-delivery/crazy-bowls-acai-bowls-%26-more/_VtnYQXURFW16ell3bY6Dw,east-patchogue-new-york
https://www.ubereats.com/nyc-suburbs/food-delivery/mcdonalds-1710-route-112/rTBPcaf_Q8Ok1Kf6Pu1vNg,east-patchogue-new-york
https://www.ubereats.com/nyc-suburbs/food-delivery/the-cull-house-restaurant/INfU-MEMSLexbfD68H13kw,east-patchogue-new-york
https://www.ubereats.com/nyc-suburbs/food-delivery/mcdonalds-3850-veterans-memorial-hwy/do_BO3EyReWGRgne1KpkQg,east-patchogue-new-york
https://www.ubereats.com/nyc-suburbs/food-delivery/la-supreme-pizza-oakdale/-Yylg5DZQkCDwPKbiAKXPQ,east-patchogue-new-york
https://www.ubereats.com/nyc-suburbs/food-delivery/sals-deli-and-g/0ysxABvZT2SLPyuY0-URNw,east-patchogue-new-york
https://www.ubereats.com/nyc-suburbs/food-delivery/thee-spot-pizza-%26-grill/z9J67QDYSb2uEWQwRCy9iw,east-patchogue-new-york
https://www.ubereats.com/nyc-suburbs/food-delivery/di-jamaican-docbird-restaurant-inc/8mM7gE32TamyhUMRmCMcbg,east-patchogue-new-york
https://www.ubereats.com/nyc-suburbs/food-delivery/cajun-claws/-DxMt2hHRkyuSsJ-6lNBBQ,east-patchogue-new-york
https://www.ubereats.com/nyc-suburbs/food-delivery/weirs-corner-deli/IsH4v_OYRWOQ3u6gCg_MBQ,east-patchogue-new-york
https://www.ubereats.com/nyc-suburbs/food-delivery/dunkin-286-express-drive-south/DMEXg2NGQt2FBTgnH4KouQ,east-patchogue-new-york
https://www.ubereats.com/nyc-suburbs/food-delivery/jackees-jamaican-cafe/JH5b70RQR6CIkuFMABaukw,east-patchogue-new-york
https://www.ubereats.com/nyc-suburbs/food-delivery/checkers-258-portion-rd/A80LQ9RgRbGqbLQJ8kIiqQ,east-patchogue-new-york
https://www.ubereats.com/nyc-suburbs/food-delivery/subway-402-medford-ave/0q_kNj-HQ_yPmLqa9vFDrQ,east-patchogue-new-york
https://www.ubereats.com/nyc-suburbs/food-delivery/bagel-patch/FdJUYWOkQPOtxdZrPu2qag,east-patchogue-new-york
https://www.ubereats.com/nyc-suburbs/food-delivery/salsa-salsa/-ritO6FRTzGlJVrC81Wy4w,east-patchogue-new-york
https://www.ubereats.com/nyc-suburbs/food-delivery/better-burger/5WX5XfRbSpqEOK2NExvHuQ,east-patchogue-new-york
https://www.ubereats.com/nyc-suburbs/food-delivery/friendlys-700-80-rte-101/4IlxFoAlTbefzgCTQLVfZA,east-patchogue-new-york
https://www.ubereats.com/nyc-suburbs/food-delivery/carvel-480-patchogue-holbrook-rd/Sv8EtDnOTAq7JmXqs74Ctw,east-patchogue-new-york
https://www.ubereats.com/nyc-suburbs/food-delivery/dunkin-1105-horseblock-rd/hDj4JMNrQ_SThzVMHGD4fQ,east-patchogue-new-york
https://www.ubereats.com/nyc-suburbs/food-delivery/brendels-of-ny-bagels-and-eatery/k3iNLzYFRgWTcFgYniFLbQ,east-patchogue-new-york
https://www.ubereats.com/nyc-suburbs/food-delivery/dunkin-369-e-main-st/SOqiMlwGRuK6SGIkpYOCog,east-patchogue-new-york
https://www.ubereats.com/nyc-suburbs/food-delivery/tofu-chinese-%26-japanese-restaurant/EmfTpv6lT8OfbrmWG0nAxA,east-patchogue-new-york
https://www.ubereats.com/nyc-suburbs/food-delivery/that-meetball-place-patchogue/s-UikbXUTsuE31KtmiY5SA,east-patchogue-new-york
https://www.ubereats.com/nyc-suburbs/food-delivery/mcdonalds-2301-n-ocean-ave/cgx48d_URa2Pn5JyZYrmGg,east-patchogue-new-york
https://www.ubereats.com/nyc-suburbs/food-delivery/eatcetera-deli-cafe/YVfZzROUR9elO4DEV5XkVQ,east-patchogue-new-york
https://www.ubereats.com/nyc-suburbs/food-delivery/chipotle-mexican-grill-367-n-service-rd/CILDQq56SdevvuBH9s_OVw,east-patchogue-new-york
https://www.ubereats.com/nyc-suburbs/food-delivery/moes-499-56-sunrise-highway/HxZm8UtzRVuYQhJZO7JBGw,east-patchogue-new-york
https://www.ubereats.com/nyc-suburbs/food-delivery/papa-johns-pizza-%233095/fdjPRY1CQMuZB4KE6ppUDw,east-patchogue-new-york
https://www.ubereats.com/nyc-suburbs/food-delivery/crazy-crepe-cafe/QAv5T03tRZS_X8fChqAjfg,east-patchogue-new-york
https://www.ubereats.com/nyc-suburbs/food-delivery/112-tequila-restaurant/vIkJUOWfSQOg8g089YU1QA,east-patchogue-new-york
https://www.ubereats.com/nyc-suburbs/food-delivery/dunkin-545-william-floyd-pkwy/fUuykizxSiy7XFB0o21czg,east-patchogue-new-york
https://www.ubereats.com/nyc-suburbs/food-delivery/vegan-seeds-of-india/TjLH5_OYRG66FHRppe01PQ,east-patchogue-new-york
https://www.ubereats.com/nyc-suburbs/food-delivery/bagel-hero/qiNHS5olSFCeAz9MlvHQ0w,east-patchogue-new-york
https://www.ubereats.com/nyc-suburbs/food-delivery/chipotle-mexican-grill-601-portion-road/aEOIe8mfTl2joK7ivQCa6Q,east-patchogue-new-york
https://www.ubereats.com/nyc-suburbs/food-delivery/bagels-and-brunch-deli/Cflt3BGoSu698dgtG78rGw,east-patchogue-new-york
https://www.ubereats.com/nyc-suburbs/food-delivery/curry-kebob-house/IyX2NjtMTWq8W2Bpk9rV2w,east-patchogue-new-york
https://www.ubereats.com/nyc-suburbs/food-delivery/tgi-fridays-326-farmingville-ny/xpIm9cqeQD6TVg-Qa2aeUw,east-patchogue-new-york
https://www.ubereats.com/nyc-suburbs/food-delivery/carvel-1289-middle-country-road/5hnY1EURSy6iwIdgY9EVeA,east-patchogue-new-york
https://www.ubereats.com/nyc-suburbs/food-delivery/meltology-grilled-cheese/57Gp9rwuQ2q8tf-GTnermQ,east-patchogue-new-york
https://www.ubereats.com/nyc-suburbs/food-delivery/middle-island-pizza/nUPVH3aITbunzi_F7TqsDg,east-patchogue-new-york
https://www.ubereats.com/nyc-suburbs/food-delivery/rhum/H1Q7TCh-TQCwk54GMnnwcA,east-patchogue-new-york
https://www.ubereats.com/nyc-suburbs/food-delivery/farmingville-liquor-%26-wine/YWO1rMtrQdetyq2_zwWStA,east-patchogue-new-york
https://www.ubereats.com/nyc-suburbs/food-delivery/primo-pizza/dcR0-QGyTH6y2IVOvdyUYQ,east-patchogue-new-york
https://www.ubereats.com/nyc-suburbs/food-delivery/216-applebees-shirley-855-montauk-highway-bldg-a/wrhQuvctTsiyVjs2vYzzEA,east-patchogue-new-york
https://www.ubereats.com/nyc-suburbs/food-delivery/holbrook-diner/7hvVmKc4QhuobMi_fhhJhw,east-patchogue-new-york
https://www.ubereats.com/nyc-suburbs/food-delivery/centro-america-deli/XF02iU5fRQa0DssDYxfzKg,east-patchogue-new-york
https://www.ubereats.com/nyc-suburbs/food-delivery/burger-king-246-medford-ave/wqiWtSYMThSRlbRQAMRFdg,east-patchogue-new-york
https://www.ubereats.com/nyc-suburbs/food-delivery/the-sayville-sandwich/luNBLmSiRwSi8xyKX0jFXw,east-patchogue-new-york
https://www.ubereats.com/nyc-suburbs/food-delivery/the-hero-joint/3D-Ai0s_R5a3RveAZRNOAQ,east-patchogue-new-york
https://www.ubereats.com/nyc-suburbs/food-delivery/tainos-cafe-%26-lounge/AJxKz-lxTfqwNoYqKKH2Ag,east-patchogue-new-york
https://www.ubereats.com/nyc-suburbs/food-delivery/boston-market-803-montauk-highway/WZfYt2lqTAyWLdJCpvESyQ,east-patchogue-new-york
https://www.ubereats.com/nyc-suburbs/food-delivery/the-tap-room-patchogue/Xfo1rE41RrO-H5U6mGswfw,east-patchogue-new-york
https://www.ubereats.com/nyc-suburbs/food-delivery/215-applebees-patchogue/OCTxJXUxQbyKwDeqBlntiQ,east-patchogue-new-york
https://www.ubereats.com/nyc-suburbs/food-delivery/big-italy-pizzeria/aOuF4lifQSSZJe_RWsD96Q,east-patchogue-new-york
https://www.ubereats.com/nyc-suburbs/food-delivery/popeyes-patchogue/S1c2qYnPSBeiVIJm5Yu-iw,east-patchogue-new-york
https://www.ubereats.com/nyc-suburbs/food-delivery/william-floyd-diner/ZfnHVBVvTVWhW4ZVw5Cyfg,east-patchogue-new-york
https://www.ubereats.com/nyc-suburbs/food-delivery/golden-jalapenos/iTiVIuW-ReiE2eOkcA-QTA,east-patchogue-new-york
https://www.ubereats.com/nyc-suburbs/food-delivery/la-famosa-pizzeria/M1GWdpeVQx2TH2PtPjEpVA,east-patchogue-new-york
https://www.ubereats.com/nyc-suburbs/food-delivery/shanghai-chinese-restaurant/qZcWJ-HwToOk9rjwG4iOUw,east-patchogue-new-york
https://www.ubereats.com/nyc-suburbs/food-delivery/sweet-frog-sayville/S92IOsMvScSBlvUeK88MOQ,east-patchogue-new-york
https://www.ubereats.com/nyc-suburbs/food-delivery/victorious-pizza/lS_t_l__QGu-9tgoOijsew,east-patchogue-new-york
https://www.ubereats.com/nyc-suburbs/food-delivery/mcdonalds-769-montauk-hwy/eReJa1xGT3q5kPVChr4XpA,east-patchogue-new-york
https://www.ubereats.com/nyc-suburbs/food-delivery/yan-china-garden/CEaugM8dSdqmxvoFWmV7qQ,east-patchogue-new-york
https://www.ubereats.com/nyc-suburbs/food-delivery/virgola-oysters-%26-italian-wine-bar/_ruVPJoCSDCWg_WntLH0Nw,east-patchogue-new-york
https://www.ubereats.com/nyc-suburbs/food-delivery/local-burger-co-patchogue/HPvCj0LaR12nmX012BgKng,east-patchogue-new-york
https://www.ubereats.com/nyc-suburbs/food-delivery/jcs-restaurant/lVls8-7KTfChiJUhMbKx7Q,east-patchogue-new-york
https://www.ubereats.com/nyc-suburbs/food-delivery/quickstop-deli/7NLiCneDSAyMlu5mJjo-qA,east-patchogue-new-york
https://www.ubereats.com/nyc-suburbs/food-delivery/kevs-deli/Uwu7gbkiTWeLMNCkbZJyTA,east-patchogue-new-york
https://www.ubereats.com/nyc-suburbs/food-delivery/georges-luncheonette-patchogue/8zo7x8cjQ0yO9HuebiSODQ,east-patchogue-new-york
https://www.ubereats.com/nyc-suburbs/food-delivery/dunkin-1100-waverly-ave/hHBTaNS6TgGuZt0i0yM3Bw,east-patchogue-new-york
https://www.ubereats.com/nyc-suburbs/food-delivery/mcdonalds-499-85-sunrise-hwy/CVPbDvT3ShOpaxrd56zqoA,east-patchogue-new-york
https://www.ubereats.com/nyc-suburbs/food-delivery/aegean-cafe/0pp-_sEPTZi9sJ1p0uPsbQ,east-patchogue-new-york
https://www.ubereats.com/nyc-suburbs/food-delivery/hot-bagels-plus/2mfqxDKeQTCnESjRV_QiJQ,east-patchogue-new-york
https://www.ubereats.com/nyc-suburbs/food-delivery/best-express-halal-food/XImf_gczTlirK5H9e7olpw,east-patchogue-new-york
https://www.ubereats.com/nyc-suburbs/food-delivery/aunt-mias-pizzeria-w-1st-st/rPI4aG9aSASoXATIX7EmIg,east-patchogue-new-york
https://www.ubereats.com/nyc-suburbs/food-delivery/jersey-mikes-subs-869-montauk-hwy/BnbOQ2vwSc-Tbt7df4farw,east-patchogue-new-york
https://www.ubereats.com/nyc-suburbs/food-delivery/202-applebees-bohemia/XdK8ua0YQUC4I-Hvo9U1ow,east-patchogue-new-york
https://www.ubereats.com/nyc-suburbs/food-delivery/la-tavola-trattoria/rb8jY__JQGaN9G9eBvtU_Q,east-patchogue-new-york
https://www.ubereats.com/nyc-suburbs/food-delivery/mastic-deli-%26-market/FAa3JxGXR0SFYKlwcS3IHA,east-patchogue-new-york
https://www.ubereats.com/nyc-suburbs/food-delivery/lotus-dynasty/ViIJiBD3Tl2EVgP_v2-BPg,east-patchogue-new-york
https://www.ubereats.com/nyc-suburbs/food-delivery/medford-pastaria/zi8aUGOtT2Sz3-sEGrLq8A,east-patchogue-new-york
https://www.ubereats.com/nyc-suburbs/food-delivery/viva-la-vida/eccBU2asQbO5BKJx93WBcg,east-patchogue-new-york
https://www.ubereats.com/nyc-suburbs/food-delivery/gerardos-pizza-%26-pasta/wqHQpTHeQ5mdz-bvdUoTuw,east-patchogue-new-york
https://www.ubereats.com/nyc-suburbs/food-delivery/aunt-mias-pizzeria/jQ8I93CiSiGASCluJNxbiQ,east-patchogue-new-york
https://www.ubereats.com/nyc-suburbs/food-delivery/china-star/I1mR4135TkmyGxTRGIgS_Q,east-patchogue-new-york
https://www.ubereats.com/nyc-suburbs/food-delivery/sobol-sayville/MrnJpjErQuOqNA2a5TTd9w,east-patchogue-new-york
https://www.ubereats.com/nyc-suburbs/food-delivery/dunkin-165-main-st/MMwlz3HgT_CghUzumc8gGg,east-patchogue-new-york
https://www.ubereats.com/nyc-suburbs/food-delivery/bobbique/tRERuQDERq6PjiBHEwldCg,east-patchogue-new-york
https://www.ubereats.com/nyc-suburbs/food-delivery/dunkin-305-waverly-ave/bzismKc6RauD6elHWAeRxg,east-patchogue-new-york
https://www.ubereats.com/nyc-suburbs/food-delivery/bella-bambinas-pizzeria-restaurant/Dndrrn90SyS6MkvniFkNYA,east-patchogue-new-york
https://www.ubereats.com/nyc-suburbs/food-delivery/starbucks-sayville/hK5DZfb6Tc2rg4PQ6guh-w,east-patchogue-new-york
https://www.ubereats.com/nyc-suburbs/food-delivery/joes-pizzeria-%26-restaurant/8ZniCKdhSn6Zbg-pcoHkQw,east-patchogue-new-york
https://www.ubereats.com/nyc-suburbs/food-delivery/red-lobster-5010-expressway-drive-south/a2PVLb3xRS-t3FIO7VSwYg,east-patchogue-new-york
https://www.ubereats.com/nyc-suburbs/food-delivery/pasquallys-pizza-%26-wings-121-sunrise-hwy/3vFnnPUTRSqQ6Ky3qhyw-w,east-patchogue-new-york
https://www.ubereats.com/nyc-suburbs/food-delivery/carrolls-kitchen/zhM9yxJsSqCo8RHvescLFg,east-patchogue-new-york
https://www.ubereats.com/nyc-suburbs/food-delivery/mamma-lombardis/ukIMlrCATtaRQuU67AP9nA,east-patchogue-new-york
https://www.ubereats.com/nyc-suburbs/food-delivery/checkers-272-e-main-st/QRDTBJUtSFKYv0u9J3PEAw,east-patchogue-new-york
https://www.ubereats.com/nyc-suburbs/food-delivery/popeyes-17-mcgraw-street/oSamiZQvSfiWGczcPZeg9A,east-patchogue-new-york
https://www.ubereats.com/nyc-suburbs/food-delivery/smokey-bones-ronkonkoma/T6Khoxd7RtyB7sTCNXYlkw,east-patchogue-new-york
https://www.ubereats.com/nyc-suburbs/food-delivery/the-oar-steak-%26-seafood-grill/c9q_SaATRs-QOWecyhtAcQ,east-patchogue-new-york
https://www.ubereats.com/nyc-suburbs/food-delivery/dunkin-3197-horseblock-road/R_xH_9klQzaA1gEk12vZVg,east-patchogue-new-york
https://www.ubereats.com/nyc-suburbs/food-delivery/aliyana-pizzeria/EIZsfNZBRXeyuL8Yvf9koA,east-patchogue-new-york
https://www.ubereats.com/nyc-suburbs/food-delivery/pizza-network/LCzEVK2ESp-TuDX4wb5-Qg,east-patchogue-new-york
https://www.ubereats.com/nyc-suburbs/food-delivery/wendys-175-morris-avenue/kktlNsfgQZ-wVaJtVLTf_Q,east-patchogue-new-york
https://www.ubereats.com/nyc-suburbs/food-delivery/the-vegan-hub/ABx_9JFaQNaoYtdDRLZGog,east-patchogue-new-york
https://www.ubereats.com/nyc-suburbs/food-delivery/dunkin-411-furrows-rd/k5_lvWFrRNWBqAlnhm6URA,east-patchogue-new-york
https://www.ubereats.com/nyc-suburbs/food-delivery/chipotle-mexican-grill-5181-sunrise-hwy/0L05SbZ2T6mg185CuFHlOA,east-patchogue-new-york
https://www.ubereats.com/nyc-suburbs/food-delivery/best-meal-chinese-food/zBqS0kNgQ0OMe6LiGK8D6A,east-patchogue-new-york
https://www.ubereats.com/nyc-suburbs/food-delivery/panera-367-sunrise-hwy/0cLjjoNwSq6LLwwBOsoEWg,east-patchogue-new-york
https://www.ubereats.com/nyc-suburbs/food-delivery/genovas-pizza-and-pastaria/9dU6-ku4Tn6is0vnOfoOKg,east-patchogue-new-york
https://www.ubereats.com/nyc-suburbs/food-delivery/24-7-convenience-store/dqu-mUt2TOeHHCCc3PBUGg,east-patchogue-new-york
https://www.ubereats.com/nyc-suburbs/food-delivery/burgerology-patchogue/hSzBt2b1TrO0yvyC7grJiQ,east-patchogue-new-york
https://www.ubereats.com/nyc-suburbs/food-delivery/main-st-diner/Bl4lm5-aQNefKEtwjvTHfg,east-patchogue-new-york
https://www.ubereats.com/nyc-suburbs/food-delivery/the-pepperoni-grill-pizzeria-%26-restaurant/VJn-U0xnSp6M00V_9PdRNA,east-patchogue-new-york
https://www.ubereats.com/nyc-suburbs/food-delivery/momos-union-ave/uOUgGN4WTiqtGWDzTUYpXg,east-patchogue-new-york
https://www.ubereats.com/nyc-suburbs/food-delivery/machi-sushi/Xlt7K79NTAWwGafNfFYQVw,east-patchogue-new-york
https://www.ubereats.com/nyc-suburbs/food-delivery/la-mias-pizzeria/0CI5HsPEQumllwO2dM21-w,east-patchogue-new-york
https://www.ubereats.com/nyc-suburbs/food-delivery/james-joyce/2rwgMon6SsGx9Iph47mWzw,east-patchogue-new-york
https://www.ubereats.com/nyc-suburbs/food-delivery/harbor-wings-lake-ronkonkoma/8YJ2eVkcRXipnTrFWzUfEA,east-patchogue-new-york
https://www.ubereats.com/nyc-suburbs/food-delivery/4-u-convenience-deli/sDblTRd2ScenoBEqVyeBaQ,east-patchogue-new-york
https://www.ubereats.com/nyc-suburbs/food-delivery/beijing-kitchen/MEeuX-OxQ16Q8yVaqAmRKQ,east-patchogue-new-york
https://www.ubereats.com/nyc-suburbs/food-delivery/subway-416-west-sunrise-hwy/PwH7pNoSSqGETQwPBxjqTQ,east-patchogue-new-york
https://www.ubereats.com/nyc-suburbs/food-delivery/blds-restaurant/FxpoTzFhSJKI7s3qudU4tg,east-patchogue-new-york
https://www.ubereats.com/nyc-suburbs/food-delivery/pollo-sabroson/PclkXsbxT0e0T2aSlp2zfQ,east-patchogue-new-york
https://www.ubereats.com/nyc-suburbs/food-delivery/yogo-mania-holbrook/YuNBjLt7RZ6YSqfJl8fVmg,east-patchogue-new-york
https://www.ubereats.com/nyc-suburbs/food-delivery/subway-400f-horseblock-rd/6IEOnEKVRyCee4hxnjNHag,east-patchogue-new-york
https://www.ubereats.com/nyc-suburbs/food-delivery/freezology/_jgCVM6EQZ2uLgQj8yeiSg,east-patchogue-new-york
https://www.ubereats.com/nyc-suburbs/food-delivery/mademoiselle-patisserie/7wFEiEdaR32iqkCTLogHeg,east-patchogue-new-york
https://www.ubereats.com/nyc-suburbs/food-delivery/athens-diner/NFsuqrbGRx-5zgsGPrNQbw,east-patchogue-new-york
https://www.ubereats.com/nyc-suburbs/food-delivery/blue-point-diner/E8ELpjAGSDmo7N3h102X1Q,east-patchogue-new-york
https://www.ubereats.com/nyc-suburbs/food-delivery/momos-too-sports-bar-%26-grill/gUQm1xrdRJeESLBNqIwYHg,east-patchogue-new-york
https://www.ubereats.com/nyc-suburbs/food-delivery/rb-los-amigos-restaurante-inc/0Pboo-ArRuuP5GDMcCNXBA,east-patchogue-new-york
https://www.ubereats.com/nyc-suburbs/food-delivery/medford-village-market/lW20WfsuRaqnkxZOqj_5Og,east-patchogue-new-york
https://www.ubereats.com/nyc-suburbs/food-delivery/go-greek/2A346OXiSY6a6GeMezcEvQ,east-patchogue-new-york
https://www.ubereats.com/nyc-suburbs/food-delivery/carvel-776-montauk-highway/VGEvYbsKS0-DzIl3Ypt9vg,east-patchogue-new-york
https://www.ubereats.com/nyc-suburbs/food-delivery/manhattan-bagel/oMBx4DKjTVOV6YHF7pJClA,east-patchogue-new-york
https://www.ubereats.com/nyc-suburbs/food-delivery/nazs-halal-food-456-william-floyd-parkway/lgs3_O9AS7qMGp0a6DglMA,east-patchogue-new-york
https://www.ubereats.com/nyc-suburbs/food-delivery/carolina-kitchen/jNl6vP-GTu63d8i6ibRzhA,east-patchogue-new-york
https://www.ubereats.com/nyc-suburbs/food-delivery/pizza-corner-medford/aivWHotxQ4ik3mysuut6CA,east-patchogue-new-york
https://www.ubereats.com/nyc-suburbs/food-delivery/papa-johns-pizza-411-furrows-rd-ste-1/OkFq4S5pRgeya9AtrFArlQ,east-patchogue-new-york
https://www.ubereats.com/nyc-suburbs/food-delivery/dublin-deck/gYiR9hLQQ-usOxElCvFZNw,east-patchogue-new-york
https://www.ubereats.com/nyc-suburbs/food-delivery/dairy-queen-grill-%26-chill-2846-rt-112/0IJWSvWJSLqPB_j_TmaWqw,east-patchogue-new-york
https://www.ubereats.com/nyc-suburbs/food-delivery/royal-pizza/7YJQI1taTB2MDYv7Wi423w,east-patchogue-new-york
https://www.ubereats.com/nyc-suburbs/food-delivery/wayback-burger-490-mastic-rd/NGvI9fI6TfOs1qLHXMGCBw,east-patchogue-new-york
https://www.ubereats.com/nyc-suburbs/food-delivery/sunshine-deli/2N4Ay_yeRUautDUVfYxE1A,east-patchogue-new-york
https://www.ubereats.com/nyc-suburbs/food-delivery/taco-bell-2425-n-ocean-ave/-d-fbS5iTqODS-cp6RzMiQ,east-patchogue-new-york
https://www.ubereats.com/nyc-suburbs/food-delivery/mama-bellas-pizzeria-%26-restaurant-route-112/vNjwtOkBQ5uRLXm9yRA6wg,east-patchogue-new-york
https://www.ubereats.com/nyc-suburbs/food-delivery/friendlys-210-montauk-hwy/aezHhIoFTOWU-Xl104HWeg,east-patchogue-new-york
https://www.ubereats.com/nyc-suburbs/food-delivery/wendys-885-montauk-highway/XYKk9g0GRo2-iQJmEn1Ddw,east-patchogue-new-york
https://www.ubereats.com/nyc-suburbs/food-delivery/crazy-bowls-acai-bowls-%26-more/KuiXrh7gRuuT7QEsrmo1oA,east-patchogue-new-york
https://www.ubereats.com/nyc-suburbs/food-delivery/subway-700-patchogue-yaphank-rd-ste-7/BRfHsBYSTwWIRWnw_y_E9w,east-patchogue-new-york
https://www.ubereats.com/nyc-suburbs/food-delivery/hummus/vgmtqeDNQl62nmzTZaeZlQ,east-patchogue-new-york
https://www.ubereats.com/nyc-suburbs/food-delivery/ihop-339-portion-rd/uCzJCmJGQouNQfG1zW6ydQ,east-patchogue-new-york
https://www.ubereats.com/nyc-suburbs/food-delivery/outback-steakhouse-325-main-street/j_6tQ_LzQIa55mj67zef_A,east-patchogue-new-york
https://www.ubereats.com/nyc-suburbs/food-delivery/burger-king-32-montauk-highway/b34nZ-_IQAOMfpJAvYPS3Q,east-patchogue-new-york
