url,city
https://www.ubereats.com/atlanta/food-delivery/wendys-35-hamilton-e-holmes-dr-nw-e/Ya2dXSKLRHmM_Ows6B9COA,east-point-georgia
https://www.ubereats.com/atlanta/food-delivery/wraith-restaurant-and-lounge/lteNDsVfR-uJd9sYmtzO7w,east-point-georgia
https://www.ubereats.com/atlanta/food-delivery/fishers-of-men/HuyUyfJ5Rwq7MhAg7-oo8Q,east-point-georgia
https://www.ubereats.com/atlanta/food-delivery/off-da-bone-bbq-%26-grub-kitchen/rdxPCp28QF2KjIY71ZvMiQ,east-point-georgia
https://www.ubereats.com/atlanta/food-delivery/tgi-fridays-2443-southlake/cVyeyFsTSka91D3JHiHSdg,east-point-georgia
https://www.ubereats.com/atlanta/food-delivery/prime-deli/DZnQMo5OTD2M35kXqIog7w,east-point-georgia
https://www.ubereats.com/atlanta/food-delivery/american-deli-wings/CC4YJ5U6T-awa-OzLrT3DA,east-point-georgia
https://www.ubereats.com/atlanta/food-delivery/match-bar-%26-oven/VhY2EKsVR-u89NCew896zA,east-point-georgia
https://www.ubereats.com/atlanta/food-delivery/boston-fish-supreme/zukNw26yTPS-FIYmqk2Zaw,east-point-georgia
https://www.ubereats.com/atlanta/food-delivery/edgewood-corner-tavern-grant-park/J4C65XPOTTWbggXUfjo05Q,east-point-georgia
https://www.ubereats.com/atlanta/food-delivery/busy-bee-cafe/D5-FiUZdR6yEV8YjbMe38w,east-point-georgia
https://www.ubereats.com/atlanta/food-delivery/mojo-grub/mLdcKaMtTfGboom71IfkSQ,east-point-georgia
https://www.ubereats.com/atlanta/food-delivery/bis/gP01hEHHRNKDUcm8w92zYQ,east-point-georgia
https://www.ubereats.com/atlanta/food-delivery/prime-pizza/Vw16MVm3Tg2UIw_wr0vCqQ,east-point-georgia
https://www.ubereats.com/atlanta/food-delivery/checkers-3169-camp-creek-pkwy/JgLLv98jQoWatJWWUFR7IA,east-point-georgia
https://www.ubereats.com/atlanta/food-delivery/atlanta-wings-east-point/kPFtXVi3SDCvrlZ6Nxvt_w,east-point-georgia
https://www.ubereats.com/atlanta/food-delivery/gqs-barbeque/RN2I2gtaSjW_R4jELRYbKw,east-point-georgia
https://www.ubereats.com/atlanta/food-delivery/churchs-chicken-911-cleveland-ave/mLmmAzJvSNqiMRObFjOB5g,east-point-georgia
https://www.ubereats.com/atlanta/food-delivery/greedys/7_byw7DTSG-XMgyEObs0wA,east-point-georgia
https://www.ubereats.com/atlanta/food-delivery/55th-%26-park-restaurant-%26-lounge/vgKX5KGXTF2tysvfiD-RVA,east-point-georgia
https://www.ubereats.com/atlanta/food-delivery/pho-king-express/I42365p-S3-LtENj-Zor3Q,east-point-georgia
https://www.ubereats.com/atlanta/food-delivery/dave-johnson-bbq/BU3tcLCbToKnHlE2xO2iMw,east-point-georgia
https://www.ubereats.com/atlanta/food-delivery/kfc-1395-virginia-ave/9jY7C_EeRQCZ_EDqgHZVTg,east-point-georgia
https://www.ubereats.com/atlanta/food-delivery/clues-%26-cocktails/Jmkyt6fRSoqzFOeRtPeRag,east-point-georgia
https://www.ubereats.com/atlanta/food-delivery/hero-doughnuts-%26-buns-summerhill/l8mkYCY3TSC0L0i1RdwieQ,east-point-georgia
https://www.ubereats.com/atlanta/food-delivery/jr-wings-%26-things/gUITt1jMTZC-KyDJLrFUJw,east-point-georgia
https://www.ubereats.com/atlanta/food-delivery/da-fresh-katch-seafood/xuatit92TtC3FKCd22hInQ,east-point-georgia
https://www.ubereats.com/atlanta/food-delivery/moyo-grill-and-bar-restaurant/M3_Su0bARF-zUqtOVrJb_w,east-point-georgia
https://www.ubereats.com/atlanta/food-delivery/wendys-131-main-street/4Sp6G1VUSn-OYOnnCPQMVw,east-point-georgia
https://www.ubereats.com/atlanta/food-delivery/best-end-brewing-company/UDcssZlySDSnGPouXe_QEg,east-point-georgia
https://www.ubereats.com/atlanta/food-delivery/churchs-chicken-3667-campbelton-rd-sw/ouGFdttYTDWr2M0HCfrRHg,east-point-georgia
https://www.ubereats.com/atlanta/food-delivery/dippedn-butter-atlanta/d0q4uDpFS3KT5oVUWjU1Iw,east-point-georgia
https://www.ubereats.com/atlanta/food-delivery/ardens-garden-east-point/v0k97I6xRci4TjR0lhB7JA,east-point-georgia
https://www.ubereats.com/atlanta/food-delivery/mr-everything-cafe-atl-georgia/SDOdf4yoSk26pszzutwHrg,east-point-georgia
https://www.ubereats.com/atlanta/food-delivery/wnb-factory-wings-%26-burger-greenbriar-mall/F7wB8YZFQYGXS6bSbb6QCg,east-point-georgia
https://www.ubereats.com/atlanta/food-delivery/jr-crickets-westside/Oq3yyFtfQvqEAEyS3kCa_g,east-point-georgia
https://www.ubereats.com/atlanta/food-delivery/burn-lounge/htHDAdjqQ4eGx7JbCMf_ag,east-point-georgia
https://www.ubereats.com/atlanta/food-delivery/churchs-chicken-2347-lake-harbin-rd/Qww-27KfRf2mMN3mt4dWwQ,east-point-georgia
https://www.ubereats.com/atlanta/food-delivery/checkers-3566-martin-luther-king-jr-dr-sw/ozHLS5D6SSadClGMVjPvOA,east-point-georgia
https://www.ubereats.com/atlanta/food-delivery/dark-horse-tavern/XOLxg6CVS_qrK2cKW1HAnQ,east-point-georgia
https://www.ubereats.com/atlanta/food-delivery/vip-wings-deli-%26-cafe/7dPjJ6GzRqKA40sPuBZu-Q,east-point-georgia
https://www.ubereats.com/atlanta/food-delivery/old-lady-gang-peters-st-sw/vKmqIE-cSRmeSzQ9D-27Hw,east-point-georgia
https://www.ubereats.com/atlanta/food-delivery/jamrock-jerk-center-sport/FDt5py3MQ_WacmKvqckPBQ,east-point-georgia
https://www.ubereats.com/atlanta/food-delivery/sassy-soup-kitchen/Y3yw0rnsSwK_9MxWzSmr_Q,east-point-georgia
https://www.ubereats.com/atlanta/food-delivery/los-girasoles-mexican-restaurant/b9FELpfpRv6LRANmJVCEYA,east-point-georgia
https://www.ubereats.com/atlanta/food-delivery/fresh-smoothie-cafe/f3l8G9EdR_ScEUQGRZhZyA,east-point-georgia
https://www.ubereats.com/atlanta/food-delivery/leilas-land-and-sea/AciIN8sfT5SrFez8Lh0Gmg,east-point-georgia
https://www.ubereats.com/atlanta/food-delivery/g-town-wings-%26-fish/MRr0M40EQc2r-iEOMi1Njg,east-point-georgia
https://www.ubereats.com/atlanta/food-delivery/taco-bell-4465-jonesboro/4XvGdOtBTkiuoYFE15Ugmg,east-point-georgia
https://www.ubereats.com/atlanta/food-delivery/hebrew-bakes/Bdl6MPOZT6CkPjMwVXjDtg,east-point-georgia
https://www.ubereats.com/atlanta/food-delivery/firepit-pizza-tavern/z2AKS_3CQ2W8WVDShZAPMg,east-point-georgia
https://www.ubereats.com/atlanta/food-delivery/tropical-cuisine/VXWi1l4pRia5Jo3rKr7H3A,east-point-georgia
https://www.ubereats.com/atlanta/food-delivery/park-bar/eatIsV_UTxSi3wUF_dfjYw,east-point-georgia
https://www.ubereats.com/atlanta/food-delivery/captain-ds-4770-jonesboro-road/p0cpyfC2ToiY4VLaf1-kOg,east-point-georgia
https://www.ubereats.com/atlanta/food-delivery/spoon-eastside/YmrD91_LQ8my4heOH2JGsQ,east-point-georgia
https://www.ubereats.com/atlanta/food-delivery/taste-of-flavors/jFnAKPEIQzOvbc0V2ZXqRA,east-point-georgia
https://www.ubereats.com/atlanta/food-delivery/baltimore-crab-%26-seafood-cascade/Xw22_ohBSkq_S3F7coYK_g,east-point-georgia
https://www.ubereats.com/atlanta/food-delivery/louisiana-bistreaux-seafood-kitchen-east-point/nWaZi49gTR2djj0GhoPHQg,east-point-georgia
https://www.ubereats.com/atlanta/food-delivery/starbucks-i-285-%26-camp-creek-pkwy/R8HoziMTQW64egbnKaoO_Q,east-point-georgia
https://www.ubereats.com/atlanta/food-delivery/wendys-3350-shelby-lane/h-C5xhEBRjymSq89Mn9rmQ,east-point-georgia
https://www.ubereats.com/atlanta/food-delivery/manding-cafe/FElbSJ2pRzuVqJ-5GQOtwg,east-point-georgia
https://www.ubereats.com/atlanta/food-delivery/100%25-wings/7Yd0bvpMQH22neHPSr5C5w,east-point-georgia
https://www.ubereats.com/atlanta/food-delivery/stems-cafe/LExNihHjRgOIU5n9mpgFJw,east-point-georgia
https://www.ubereats.com/atlanta/food-delivery/boogalou-restaurant-lounge/CCTYHTgpTG6vi3I6BT1BFw,east-point-georgia
https://www.ubereats.com/atlanta/food-delivery/jamerican-bar-and-grill/6TysF_TSThKEQkEMZWNxrA,east-point-georgia
https://www.ubereats.com/atlanta/food-delivery/ice-bar-lounge-%26-restaurant/aCUhOxpsQNy7KvvpQ9J4PQ,east-point-georgia
https://www.ubereats.com/atlanta/food-delivery/willys-mexicana-grill-235-peachtree-street-ne/CoU3n4FsT9e9eNFzgW7C2A,east-point-georgia
https://www.ubereats.com/atlanta/food-delivery/encore/rj-t9qmCTpCJm9wElJ3OEQ,east-point-georgia
https://www.ubereats.com/atlanta/food-delivery/cafe-shekel/18KkqcoLT2mQTESg4qIkTA,east-point-georgia
https://www.ubereats.com/atlanta/food-delivery/gather-at-grant-park-market/Z7ms-7hRQKabQ89NXYVpqA,east-point-georgia
https://www.ubereats.com/atlanta/food-delivery/papa-johns-745-hwy-138-south-west/nd5KjYreSyKWN9GZZcjhxQ,east-point-georgia
https://www.ubereats.com/atlanta/food-delivery/yumm-teriyaki/wJAaBhd1R-O4SdjBnhFqWQ,east-point-georgia
https://www.ubereats.com/atlanta/food-delivery/comfort-zone-by-m2-dining/8YA5VXQdTxqbwPjHC0gzPA,east-point-georgia
https://www.ubereats.com/atlanta/food-delivery/fosters-crab-%26-pasta/sl30ABohRV-PPhLFZzUiEw,east-point-georgia
https://www.ubereats.com/atlanta/food-delivery/little-villas-pizza/6VRdqt9_QFCtY6p0WoTjwQ,east-point-georgia
https://www.ubereats.com/atlanta/food-delivery/bgr-grille/p0w3Rj-zSFqsXLAs-CvWiw,east-point-georgia
https://www.ubereats.com/atlanta/food-delivery/willys-mexicana-grill-100-piedmont-ave/bFSPN95KTZe9OCUz8yzmcg,east-point-georgia
https://www.ubereats.com/atlanta/food-delivery/american-deli-forest-park/BzQl9bgGT-uFanjoF2PL7Q,east-point-georgia
https://www.ubereats.com/atlanta/food-delivery/taqueria-margarita/3fqHFLqTQtOKfyPGAkwqnQ,east-point-georgia
https://www.ubereats.com/atlanta/food-delivery/the-real-milk-%26-honey/DP04YYoPS0Oj7VzBp4V_KA,east-point-georgia
https://www.ubereats.com/atlanta/food-delivery/tgi-fridays-2112-camp-creek-ga/vOYiQhFPSR-P0NDX1fvSEg,east-point-georgia
https://www.ubereats.com/atlanta/food-delivery/the-crab-spot/0EeUA64ORd-ycjJIzSHm2Q,east-point-georgia
https://www.ubereats.com/atlanta/food-delivery/wnb-factory-wings-%26-burger-east-point/LarM7nAAT82gqL_V21uIiQ,east-point-georgia
https://www.ubereats.com/atlanta/food-delivery/wrap-alot/Nx9-jTPOS0StiOtkRYmSnQ,east-point-georgia
https://www.ubereats.com/atlanta/food-delivery/tropical-isles-carribbean-taste-riverdale/AbpKK7E7QoKI7dT4fZhzMA,east-point-georgia
https://www.ubereats.com/atlanta/food-delivery/the-captains-boil-1230-virginia-avenue/qSvexHKMTqu1BHa6uXtinQ,east-point-georgia
https://www.ubereats.com/atlanta/food-delivery/farmers-basket-downtown/wWhnj0eoTzOA1xtS6latuw,east-point-georgia
https://www.ubereats.com/atlanta/food-delivery/the-juicy-crabeast-point-ga/E8Z2tB7kTaqYnO3M_G2Qjg,east-point-georgia
https://www.ubereats.com/atlanta/food-delivery/churchs-chicken-3561-martin-luther-king/9yPPjm0DT8SOYny6fyjCYw,east-point-georgia
https://www.ubereats.com/atlanta/food-delivery/milk-and-honey-cascade-rd/sXj5xGSyQN2iM-lXCuJafA,east-point-georgia
https://www.ubereats.com/atlanta/food-delivery/xtrike-bar-%26-grill/eQPzpRYtTyqAbnKcDDd7mw,east-point-georgia
https://www.ubereats.com/atlanta/food-delivery/seafood-cafe/JRMx8-I9TJK_YoAJ-H5lvA,east-point-georgia
https://www.ubereats.com/atlanta/food-delivery/chef-bless-flavorbombs/KQUOzN2aRrCuJovkShICiA,east-point-georgia
https://www.ubereats.com/atlanta/food-delivery/this-is-it!-bbq-%26-seafood-riverdale/pkQhHUcrRBOQeZouD52Upg,east-point-georgia
https://www.ubereats.com/atlanta/food-delivery/hunts-brother-pizza-lee-st/uH9QEDDxQs6Up4hdH-FePQ,east-point-georgia
https://www.ubereats.com/atlanta/food-delivery/sumthing-simple-cafe/XBXoWXDdQ3ONWjjEjXOZaA,east-point-georgia
https://www.ubereats.com/atlanta/food-delivery/the-corner-grille-main-st/5xlR59cTSFi6mv7lRyj2XQ,east-point-georgia
https://www.ubereats.com/atlanta/food-delivery/dunkin-610-spring-st/_mFROWj1Q5CVXRTBYJdtvg,east-point-georgia
https://www.ubereats.com/atlanta/food-delivery/marguerites-jerk-bistro/jD94pY0pS7um0t9mhqJ6WQ,east-point-georgia
https://www.ubereats.com/atlanta/food-delivery/angels-and-demons/Lx7hxY1eRVmtkA4CsGoryw,east-point-georgia
https://www.ubereats.com/atlanta/food-delivery/local-green-atlanta-joseph-e-lowery/CKhxxQ8aSk-hw0lINK10kg,east-point-georgia
https://www.ubereats.com/atlanta/food-delivery/annie-js-snack-shack/J8KesYRVQyyXI6uaknjVWQ,east-point-georgia
https://www.ubereats.com/atlanta/food-delivery/high-steak/2ePEJo1FS8W9zAIqNnLh1A,east-point-georgia
https://www.ubereats.com/atlanta/food-delivery/happy-donuts/V-5Si18nTsClRH2pH9Oudg,east-point-georgia
https://www.ubereats.com/atlanta/food-delivery/blu-cantina/YwfeyhXMRsKvLftTLXF6SQ,east-point-georgia
https://www.ubereats.com/atlanta/food-delivery/dessence-cafe/wEccmwcnTGejtPQ5XMhjxw,east-point-georgia
https://www.ubereats.com/atlanta/food-delivery/five-guys-ga-0404-3620-camp-creek-pkwy/0EsD3fJ6RD6qB8BeI9pRKA,east-point-georgia
https://www.ubereats.com/atlanta/food-delivery/jr-crickets-halftime/cj_lkowXRsKl0L4sZasT5w,east-point-georgia
https://www.ubereats.com/atlanta/food-delivery/nouveau-bar-%26-grill/txt1qBO-RkSiXd0V-P_5KQ,east-point-georgia
https://www.ubereats.com/atlanta/food-delivery/dairy-queen-treat-6627-roosevelt-hwy/kLOOk_xjSzm7eyMdXqKs5g,east-point-georgia
https://www.ubereats.com/atlanta/food-delivery/paradise-smoothie-juice-bar/vicR6GFARiaKBFImpWjP4g,east-point-georgia
https://www.ubereats.com/atlanta/food-delivery/antojitos-mexicanos/vB9aBoLZRKOSBEfq2evb7w,east-point-georgia
https://www.ubereats.com/atlanta/food-delivery/nancys-pizza-camp-creek/XUtCI_1-TC2kVedoS-asCQ,east-point-georgia
https://www.ubereats.com/atlanta/food-delivery/eat-urban-fresh/G6sqej8GTwuLG1G6e0OGIg,east-point-georgia
https://www.ubereats.com/atlanta/food-delivery/pizza-wings/OCVI0mkHRN-SNATBrhzBrQ,east-point-georgia
https://www.ubereats.com/atlanta/food-delivery/its-a-wrap-cafe/X3lYwp8vTMqxmYiLw_WZLg,east-point-georgia
https://www.ubereats.com/atlanta/food-delivery/planet-smoothie-5370-highway-92-ste-220/gB-HrrOPT7qYw-P8LYvpPw,east-point-georgia
https://www.ubereats.com/atlanta/food-delivery/six-feet-under-pub-%26-fish-house-westside/ay9vuV2gS3KRlJlKf8ui7g,east-point-georgia
https://www.ubereats.com/atlanta/food-delivery/littles-food-store-and-grill-grant-park/wysoB1Z_QzmBf2dvisAOlg,east-point-georgia
https://www.ubereats.com/atlanta/food-delivery/applebees-3690-cascade-rd/Dcb8uRiJSRSAP62CzY-IpA,east-point-georgia
https://www.ubereats.com/atlanta/food-delivery/subway-4542-old-dixie-rd/sdwP_kq0RFih4_zEFeBsxQ,east-point-georgia
https://www.ubereats.com/atlanta/food-delivery/applebees-6727-tara-blvd/-uewOY5GTDaIOVm8lX3aDg,east-point-georgia
https://www.ubereats.com/atlanta/food-delivery/lickety-split/GDcn6mrFSACfwjcgGUk77A,east-point-georgia
https://www.ubereats.com/atlanta/food-delivery/delbar-restaurant-and-bar/qGWWAsvxSwGYl8oVL9lDfg,east-point-georgia
https://www.ubereats.com/atlanta/food-delivery/che-butter-jonez/9oU1yYBqRw-nx7fxudvvCA,east-point-georgia
https://www.ubereats.com/atlanta/food-delivery/rjs-philly-burgers-%26-wings/DohO-YY9TN2jzRZ-AX1WTg,east-point-georgia
https://www.ubereats.com/atlanta/food-delivery/la-vita-pizza-and-pasta/zQfeZ-njQ3K0RgV6hQOXvQ,east-point-georgia
https://www.ubereats.com/atlanta/food-delivery/wings-%26-things-atl02-1/OVvk9Y5HTG6CKRK-6TuLOw,east-point-georgia
https://www.ubereats.com/atlanta/food-delivery/burger-daddy/SQtVaA8kQ4-tNEPkarS5ew,east-point-georgia
https://www.ubereats.com/atlanta/food-delivery/almond-cakes-and-catering/YXXP5gSSSdq2svcgb0iRTg,east-point-georgia
https://www.ubereats.com/atlanta/food-delivery/taste-of-tropical/0yZ7XTTLQbG00pL8TGrTJw,east-point-georgia
https://www.ubereats.com/atlanta/food-delivery/blu-cantina/Opvo1XmZQlis_EocEdKaSQ,east-point-georgia
https://www.ubereats.com/atlanta/food-delivery/tom-dick-%26-hank/bBMJ_ajzT-OFnP_LfjTgjA,east-point-georgia
https://www.ubereats.com/atlanta/food-delivery/ruby-tuesday-1925-sullivan-road/ql3WjbmJRZaQ4ToKqDy9QA,east-point-georgia
https://www.ubereats.com/atlanta/food-delivery/krust-pizza-%26-subs/MogXtBsWSD2Fq2yv6c2J-g,east-point-georgia
https://www.ubereats.com/atlanta/food-delivery/mezcalitos-cocina-grant-park/QTt01r7_QgykEJwSOHOktw,east-point-georgia
https://www.ubereats.com/atlanta/food-delivery/baker-dude-bakery-cafe/ekCysB0LSFqUReqUUsaYgw,east-point-georgia
https://www.ubereats.com/atlanta/food-delivery/ben-hill-grill/27bV_m9FTRerrdXiWb5xgQ,east-point-georgia
https://www.ubereats.com/atlanta/food-delivery/pretty-sweet-%26-co/iCMq3X0eQbKSFuwsLIlR2g,east-point-georgia
https://www.ubereats.com/atlanta/food-delivery/cozumel-the-mexican-cantina/XvRJNxM6RuCamXdFafL46g,east-point-georgia
https://www.ubereats.com/atlanta/food-delivery/boba-theory/aPMEubmkS4GQkRYUO_cx9w,east-point-georgia
https://www.ubereats.com/atlanta/food-delivery/krystal-6605-hwy-85/w2SIka-mT1udcvJ09VNIow,east-point-georgia
https://www.ubereats.com/atlanta/food-delivery/krystal-8000-senoia-rd/do4VpHqSQ02Ht_tMnh1YGg,east-point-georgia
https://www.ubereats.com/atlanta/food-delivery/arbys-1359-virginia-ave/NNLyJ9AWTUS5FMjRuZOR_w,east-point-georgia
https://www.ubereats.com/atlanta/food-delivery/antonis/B_7FnyHtQyOl2igXq24g-A,east-point-georgia
https://www.ubereats.com/atlanta/food-delivery/naughty-dogs/bofhTSVISAqROgBYni1QyQ,east-point-georgia
https://www.ubereats.com/atlanta/food-delivery/meals-by-chef-seals/R-IxfJpATN2onZwPyMeE-g,east-point-georgia
https://www.ubereats.com/atlanta/food-delivery/the-bodega/YNuzHnIpSWS_lI0fiOHJXg,east-point-georgia
https://www.ubereats.com/atlanta/food-delivery/dunkin-5626-fulton-industrial-blvd-suite-100/BGGvp6BET8yIFOeKZgnLCA,east-point-georgia
https://www.ubereats.com/atlanta/food-delivery/katz-wings/bXDec97tTBiDnNgZDLhxdg,east-point-georgia
https://www.ubereats.com/atlanta/food-delivery/grant-central-pizza-%26-pasta-grant-park/v-fs9vKbROmD8yVN4JJ-mA,east-point-georgia
https://www.ubereats.com/atlanta/food-delivery/new-orleans-daiquiri/ADOsFeK2Tpmzo3G5MMZFMg,east-point-georgia
https://www.ubereats.com/atlanta/food-delivery/east-point-fish-%26-wings/P5erF1aOS96y78-47QqlmQ,east-point-georgia
https://www.ubereats.com/atlanta/food-delivery/subway-6045-old-national-hwy/TIk9LtjpQGOQlapoVCR-kw,east-point-georgia
https://www.ubereats.com/atlanta/food-delivery/kfc-4725-jonesboro-road/flgNdtXaTXCa7-yFQUmbKw,east-point-georgia
https://www.ubereats.com/atlanta/food-delivery/best-pizza-riverdale/MBOFuSIsQ5Oj2qoopBHznQ,east-point-georgia
https://www.ubereats.com/atlanta/food-delivery/los-mariachis-ella-ln/K7k31YICTua59pLKTEmidQ,east-point-georgia
https://www.ubereats.com/atlanta/food-delivery/the-original-sleepy-potato-%40-greenbriar/FOOGHrT3RiiCb_345OxSCw,east-point-georgia
https://www.ubereats.com/atlanta/food-delivery/the-captains-boil-1925-sullivan-road/DBo46fbvTrSAi-ft_IjBSA,east-point-georgia
https://www.ubereats.com/atlanta/food-delivery/willys-mexicana-grill-832-virginia-ave/GolECxJ7SUWbB7wwS5taOQ,east-point-georgia
https://www.ubereats.com/atlanta/food-delivery/cafe-bourbon-st/le-DSD7pT_CZBqL0gB0o5g,east-point-georgia
https://www.ubereats.com/atlanta/food-delivery/virgils-gullah-kitchen-%26-bar/INXrLmu7S92FX6icD2pFeQ,east-point-georgia
https://www.ubereats.com/atlanta/food-delivery/southside-seafood/68euYiDBTjWd1lUqLNEWJg,east-point-georgia
https://www.ubereats.com/atlanta/food-delivery/the-hoagie-shack/U2XirKfGQSC3A9WjY6mFAg,east-point-georgia
https://www.ubereats.com/atlanta/food-delivery/uncle-carls-kitchen-blaze/fZIx3LBGQ4yZ6lsE9c6ihw,east-point-georgia
https://www.ubereats.com/atlanta/food-delivery/mokipops-west/TmZ1Dn4GSCiQW5U8sJA6fg,east-point-georgia
https://www.ubereats.com/atlanta/food-delivery/just-wing-it/l02DxP4cTB2SPxy_SA5XuQ,east-point-georgia
https://www.ubereats.com/atlanta/food-delivery/c-mars-kitchen/pnfXoKo2R2-Ke2NQ8qdT4w,east-point-georgia
https://www.ubereats.com/atlanta/food-delivery/mama-soul-food/svBUmlAnRZCdFsE7cDbUdg,east-point-georgia
https://www.ubereats.com/atlanta/food-delivery/ques-spicy-ribs-and-fish/FwGmpgDfTlGSw0cX7B3-TA,east-point-georgia
https://www.ubereats.com/atlanta/food-delivery/atlanta-dream-wings/vIgKu7joTtGlJxX7MYqKbA,east-point-georgia
https://www.ubereats.com/atlanta/food-delivery/king-henrys-turkey-legs-and-things/cWR8IN6BQQuTnN4OIiXSZw,east-point-georgia
https://www.ubereats.com/atlanta/food-delivery/milanis-way/x3QNbOMaT_-m2fwEDlV3FA,east-point-georgia
https://www.ubereats.com/atlanta/food-delivery/burger-king-2760-greenbriar-parkway/3ptnlFv1RriFlux19hYBYw,east-point-georgia
https://www.ubereats.com/atlanta/food-delivery/malones-grill-%26-bar-east-point/qMypR3cbSv6nXyFcu7zddQ,east-point-georgia
https://www.ubereats.com/atlanta/food-delivery/smoothie-king-6175-old-national/B8lI_L6fTeCIHbKB0L87Dw,east-point-georgia
https://www.ubereats.com/atlanta/food-delivery/hibachi-stop/atrF6xE_RKyuvInd9Iiz9Q,east-point-georgia
https://www.ubereats.com/atlanta/food-delivery/chick-fil-a-461-n-central-ave/Ae2sDf_JRXqZgC0298ytjw,east-point-georgia
https://www.ubereats.com/atlanta/food-delivery/just-loafn/ygvNPzl3RPq5d-pC2dBi3A,east-point-georgia
https://www.ubereats.com/atlanta/food-delivery/brusters-real-ice-cream-3695-cascade-rd/4UysqFY5QEC0qf1uJuBB-A,east-point-georgia
https://www.ubereats.com/atlanta/food-delivery/tokyo-express-lithia-springs/RXfhWNgRQPKXeJZveqR3sA,east-point-georgia
https://www.ubereats.com/atlanta/food-delivery/the-spinning-pie/t8tFUkOJRe2L_RhqZrh7rg,east-point-georgia
https://www.ubereats.com/atlanta/food-delivery/popeyes-839-cleveland-ave-sw/DTzV3JrDTXOIJXBQZb1R1A,east-point-georgia
https://www.ubereats.com/atlanta/food-delivery/smoothie-king-3680-cascade-rd/RDU3WynLS6SslA0LeZeL2A,east-point-georgia
https://www.ubereats.com/atlanta/food-delivery/old-lady-gang-southern-cuisine/_lKXKgSRSaujyMJHsyBzYw,east-point-georgia
https://www.ubereats.com/atlanta/food-delivery/ninja-japan/JUSyqMqwQ8y_l3gPY3TqXQ,east-point-georgia
https://www.ubereats.com/atlanta/food-delivery/sandtown-pub/VwkPdIhDQnuf-lexLtKUHg,east-point-georgia
https://www.ubereats.com/atlanta/food-delivery/international-flavors-cousin/btwrgTJmSSWQpicZMUObPw,east-point-georgia
https://www.ubereats.com/atlanta/food-delivery/pit-boss-bbq/B3YBVGUXReWLyIfvo1tGJw,east-point-georgia
https://www.ubereats.com/atlanta/food-delivery/chicago-maxwell-street-style-polish/54mUEnfaTPe8VbtM7n3xAA,east-point-georgia
https://www.ubereats.com/atlanta/food-delivery/vn-pho/l6Xx88p-SFyxs32nFUFlPQ,east-point-georgia
https://www.ubereats.com/atlanta/food-delivery/exotic-splash/zIEEt8rbQ0K1kQTsNXmejg,east-point-georgia
https://www.ubereats.com/atlanta/food-delivery/something-too-drink/4eHfcgn7SiW0LU6H0EQkGw,east-point-georgia
https://www.ubereats.com/atlanta/food-delivery/atlantas-best-burgers-college-park/51BSCHMBSIKvGh_LFUB2GA,east-point-georgia
https://www.ubereats.com/atlanta/food-delivery/kfc-5245-old-national-hwy/aZht4TSWQmqSJsJ_JK83lw,east-point-georgia
https://www.ubereats.com/atlanta/food-delivery/tasteful-innovations/Z_QBIu1vRg2FX8wwDG5SKQ,east-point-georgia
https://www.ubereats.com/atlanta/food-delivery/silvers-delight-east-point/-tdekz6eSIOdg2lEpn6BdA,east-point-georgia
https://www.ubereats.com/atlanta/food-delivery/fresko-cafe-creek/ZEu_H209SnWPH4eXiiNUlw,east-point-georgia
https://www.ubereats.com/atlanta/food-delivery/epifuel-bar/l5RtOiN_SuS6ADq7o3vtDQ,east-point-georgia
https://www.ubereats.com/atlanta/food-delivery/temp-closed-kats-katering/9tMQXQo4RJi2gmtWhKYXow,east-point-georgia
https://www.ubereats.com/atlanta/food-delivery/marias-eatery/cKD1Mi8cT0G4xEY_ihsK9g,east-point-georgia
https://www.ubereats.com/atlanta/food-delivery/ruby-tuesday-1230-virginia-avenue/p-dbIPNTT8-pkhK_qhF0sA,east-point-georgia
https://www.ubereats.com/atlanta/food-delivery/big-nicks-place/HZgS6PijTGGENIi0VZ2wdQ,east-point-georgia
https://www.ubereats.com/atlanta/food-delivery/mcdonalds-atlanta-ga-stewart-ave/r8LfjRuIQA-Z1yTS9iGS3Q,east-point-georgia
https://www.ubereats.com/atlanta/food-delivery/little-villas-italian-kitchen/QW1Mhvg3SziWoxswLPgunA,east-point-georgia
https://www.ubereats.com/atlanta/food-delivery/subway-riverdale/sXLW_M8xTgWbIu8yGz7sWg,east-point-georgia
https://www.ubereats.com/atlanta/food-delivery/this-is-it!-bbq-%26-seafood-south-atlanta/j7o6EhZ3QLO-1DkcyZ8_Og,east-point-georgia
https://www.ubereats.com/atlanta/food-delivery/checkers-2191-campbellton-rd-sw/WEkaWLWqSa2kwDTIxPtZNQ,east-point-georgia
https://www.ubereats.com/atlanta/food-delivery/krispy-kreme-633-evans-street-sw/9GlNQF8bQIOk4w3z991EcA,east-point-georgia
https://www.ubereats.com/atlanta/food-delivery/grecian-gyro-forest-park/0T6T5V7VRgicj77ZsH7r0g,east-point-georgia
https://www.ubereats.com/atlanta/food-delivery/triton-yards/OhrK8iX0TDKMNot_TNfysw,east-point-georgia
https://www.ubereats.com/atlanta/food-delivery/krystal-5235-old-national-hwy/rKwP9kqPSYeyU94mGk9D6A,east-point-georgia
https://www.ubereats.com/atlanta/food-delivery/zaxbys-6801-studio-way-union-city/YVivhrtVQpm6uj3_J3zffg,east-point-georgia
https://www.ubereats.com/atlanta/food-delivery/fruity-ice-treats/8YQ7a3BGSZKgp38xhrXxGg,east-point-georgia
https://www.ubereats.com/atlanta/food-delivery/senegambia-restaurant/h0RsWthdQhaiUIWvKlS7CQ,east-point-georgia
https://www.ubereats.com/atlanta/food-delivery/the-ice-cream-shop/9u6aM4gdSiGIbd9bzKz6CQ,east-point-georgia
https://www.ubereats.com/atlanta/food-delivery/spice-house-cascade/GCzohB1dQgG7WB6-26SqxQ,east-point-georgia
https://www.ubereats.com/atlanta/food-delivery/panda-express-7105-highway-85/sqZce15yR1iUiZ1g86VVfA,east-point-georgia
https://www.ubereats.com/atlanta/food-delivery/zesto-forest-park/_hbAI8R2Svainwd4sfjsMQ,east-point-georgia
https://www.ubereats.com/atlanta/food-delivery/checkers-1449-donnelly-ave-sw/nvBKw_4IStCg-fsh9owY9w,east-point-georgia
https://www.ubereats.com/atlanta/food-delivery/house-of-ribs/qnX32E2TTcGyIrwOoJx18A,east-point-georgia
https://www.ubereats.com/atlanta/food-delivery/cypress-street-pint-%26-plate-old-fourth-ward/_K0A2KzGTEmXTGSFPkN5VA,east-point-georgia
https://www.ubereats.com/atlanta/food-delivery/krispy-kreme-6689-highway-%2385/z8yYDqbvS8CFIvqN4B7JBQ,east-point-georgia
https://www.ubereats.com/atlanta/food-delivery/krispy-krunchy-chicken-2477-metropolitan-pkwy/Ie0czs0ITIS0NJVK8A79pA,east-point-georgia
https://www.ubereats.com/atlanta/food-delivery/krispy-krunchy-chicken-3515-cascade-rd/_BFD4iNQSNSOzsvJS62u5g,east-point-georgia
https://www.ubereats.com/atlanta/food-delivery/da-grubb-spot/BJw_S9QHSFGkEJsTwFQQGw,east-point-georgia
https://www.ubereats.com/atlanta/food-delivery/kiku-japanese-steak-house/Dmel3pUfRi-l4e4rDvap0g,east-point-georgia
https://www.ubereats.com/atlanta/food-delivery/canna-bistro-cafe/RmS3bKQdSKKffWuw6TSDlw,east-point-georgia
https://www.ubereats.com/atlanta/food-delivery/popeyes-3519-camp-creek-pkwy/v-8FXWmkQWaa_SLNOdG_5w,east-point-georgia
https://www.ubereats.com/atlanta/food-delivery/subway-5043-frontage-rd/1KaT5qmTQk2nu6kWkuXyhw,east-point-georgia
https://www.ubereats.com/atlanta/food-delivery/landmark-diner-downtown/1KCocn5eTvCOrP3ZgiBRcQ,east-point-georgia
https://www.ubereats.com/atlanta/food-delivery/churchs-chicken-4498-jonesboro-rd/1ujMZFDFQ3O3OrYY8UpV2Q,east-point-georgia
https://www.ubereats.com/atlanta/food-delivery/veloure-restaurant-and-lounge/j5ZnZeWSSjag1-ajwchmYQ,east-point-georgia
https://www.ubereats.com/atlanta/food-delivery/mrs-everything-%26-wings/5THhCX94S96ofUl5MLRCgA,east-point-georgia
https://www.ubereats.com/atlanta/food-delivery/kelz-kitchen-south/CXnda0d9ShGoaDTzFktZ4Q,east-point-georgia
https://www.ubereats.com/atlanta/food-delivery/international-african-market/hzsdMLP2QpeUIj30wx4R9g,east-point-georgia
https://www.ubereats.com/atlanta/food-delivery/krystal-415-moreland-ave/LBXHC1I0RWmE25nVMK1p1w,east-point-georgia
https://www.ubereats.com/atlanta/food-delivery/oz-pizza-fairburn/UH2uLqQyQf6rFz_wsUwPgg,east-point-georgia
https://www.ubereats.com/atlanta/food-delivery/bakaris-pizza-cafe/GiuISMuoRoqwy_egFfl4WQ,east-point-georgia
https://www.ubereats.com/atlanta/food-delivery/golden-krust-fairburn/Ohm2dozdRvyPY-xZK0slEg,east-point-georgia
https://www.ubereats.com/atlanta/food-delivery/de-jardon-sweets-%26-eats/AUwwRUTbSF2EW5zxSIJ-NQ,east-point-georgia
https://www.ubereats.com/atlanta/food-delivery/atl-wings-your-way-empire-blvd/ghKNcs1gSlCfuPHhM1u4aA,east-point-georgia
https://www.ubereats.com/atlanta/food-delivery/boston-fish-supreme-campbellton-rd/-qzNbVLST_-C6N6QGQX7Kw,east-point-georgia
https://www.ubereats.com/atlanta/food-delivery/cafe-social-house/KBGfalfVSr6BV5o_jPOD_A,east-point-georgia
https://www.ubereats.com/atlanta/food-delivery/backpacker/ADaTg9OyTwatHQB98whMCw,east-point-georgia
https://www.ubereats.com/atlanta/food-delivery/sonnys-bbq-jonesboro/Ia8koA6yTm-PJWM45q79JQ,east-point-georgia
https://www.ubereats.com/atlanta/food-delivery/mccormick-%26-schmicks-190-marietta-street/mdD1bzeATei12k0va4OUbg,east-point-georgia
https://www.ubereats.com/atlanta/food-delivery/answer-the-bell-3/7f02FaqKQJag-vFyprx4Dg,east-point-georgia
https://www.ubereats.com/atlanta/food-delivery/union-city-fish-and-wings/CH9QnV7ST6CHVf7wlq9y5g,east-point-georgia
https://www.ubereats.com/atlanta/food-delivery/restaurant-10/b9OeJUlbRweGMOh7inZSjw,east-point-georgia
https://www.ubereats.com/atlanta/food-delivery/supreme-fish-delight-cascade/PMG4a8EwSvW0-x_feLQqPQ,east-point-georgia
https://www.ubereats.com/atlanta/food-delivery/wingtopia/RgAOoLxmQ32q2WJOoXdgKg,east-point-georgia
https://www.ubereats.com/atlanta/food-delivery/five-daughters-bakery-westside-provisions%3A/WvHAc10HTzCMD5-Iod9uig,east-point-georgia
https://www.ubereats.com/atlanta/food-delivery/we-are-the-juice/ygCw5Sd4ROCvFQSQa_3mKw,east-point-georgia
https://www.ubereats.com/atlanta/food-delivery/jr-crickets-union-city/1hoX5kamT6WTcBKCfFRgCg,east-point-georgia
https://www.ubereats.com/atlanta/food-delivery/frenzys-kitchen/doq9n0CfTUiy_bKGzvMPrg,east-point-georgia
https://www.ubereats.com/atlanta/food-delivery/papa-johns-3645-marketplace-blvd-suite-%23150/iRLkDchbQxqfysj81QfPJQ,east-point-georgia
https://www.ubereats.com/atlanta/food-delivery/baked-wright-bakery-llc/5h76Fzg9TYO7C6xhBTk0OA,east-point-georgia
https://www.ubereats.com/atlanta/food-delivery/the-beverly/oHOti99kSjiF064Ka5MxhA,east-point-georgia
https://www.ubereats.com/atlanta/food-delivery/fresh-urbaneats/WbqxyUvESIGJmrjTmEBQ2A,east-point-georgia
https://www.ubereats.com/atlanta/food-delivery/doc-cheys-noodle-house-grant-park/ZSPK9qM-To2Gv2THqeIu5A,east-point-georgia
https://www.ubereats.com/atlanta/food-delivery/zaxbys-946-mlk-jr-dr-nw/STOKDjEiR-GKZ6MwlFBrCw,east-point-georgia
https://www.ubereats.com/atlanta/food-delivery/braves-all-star-grill/ezxSbvl9Q7SH54ytBdnPEA,east-point-georgia
https://www.ubereats.com/atlanta/food-delivery/checkers-5391-riverdale-blvd/GjSqN8tiSD-VC3Y3z2xpsg,east-point-georgia
https://www.ubereats.com/atlanta/food-delivery/thai-heaven-hapeville/cNKnJGvSRdWMleuz_tyiHg,east-point-georgia
https://www.ubereats.com/atlanta/food-delivery/uncle-carls-kitchen-shrimp-%26-lemonade-truck/bcoGDiqyQ82gKmxWNJYmRQ,east-point-georgia
https://www.ubereats.com/atlanta/food-delivery/sammy-cheezecake/XDiqK37ASUSjTC0kILmacA,east-point-georgia
https://www.ubereats.com/atlanta/food-delivery/wingnuts-midtown/A1zP_xTYSaKngxPSWzwAqg,east-point-georgia
https://www.ubereats.com/atlanta/food-delivery/schlotzskys-deli/kmdqifAuQ-O5Aiw0x95Sww,east-point-georgia
https://www.ubereats.com/atlanta/food-delivery/american-deli-metropolitan/Of5CWYxwQBy51LjRcmyeiA,east-point-georgia
https://www.ubereats.com/atlanta/food-delivery/harolds-chicken-%26-ice-bar/zOusXaXRQqK7djthBZmuDA,east-point-georgia
https://www.ubereats.com/atlanta/food-delivery/endulge-cupcake-boutique/t9G8gdtPQKup3_SZzciQ8w,east-point-georgia
https://www.ubereats.com/atlanta/food-delivery/cooking-with-melodies/SOr7THZfT92Wl44ZSx0o7Q,east-point-georgia
https://www.ubereats.com/atlanta/food-delivery/subway-5819-campbellton-rd-sw/Vt19us08T1uf-KjeAv5AIw,east-point-georgia
https://www.ubereats.com/atlanta/food-delivery/sos-deli/chanyTsLQBCyQQk9uOTzgA,east-point-georgia
https://www.ubereats.com/atlanta/food-delivery/seduction/TFZkSffUQiiB2MqCHs-80g,east-point-georgia
https://www.ubereats.com/atlanta/food-delivery/goodazzfood-3361-dogwood-dr/Q1NYjBT2TOeMs_902RySrA,east-point-georgia
https://www.ubereats.com/atlanta/food-delivery/the-ice-cream-shop/71YAQAXnQZuo_rWBShw7fA,east-point-georgia
https://www.ubereats.com/atlanta/food-delivery/checkers-211-cleveland-ave-sw/c5Kjxh5nRZWPYa65y7ld3A,east-point-georgia
https://www.ubereats.com/atlanta/food-delivery/one-time-bar-b-que/lncNesJmS0mfzGamUkTAbQ,east-point-georgia
https://www.ubereats.com/atlanta/food-delivery/chez-queso/FpvHN378QNShPs8BHenY6A,east-point-georgia
https://www.ubereats.com/atlanta/food-delivery/k%26k-soulfood/BBhLIVKFTO2rZRCcCbAOIw,east-point-georgia
https://www.ubereats.com/atlanta/food-delivery/classique-dining-room/dT1mJSozQAWvIfsEWr9A6A,east-point-georgia
https://www.ubereats.com/atlanta/food-delivery/burger-mansion/gwq6JE-1Tiqi_9cC5HMvQQ,east-point-georgia
https://www.ubereats.com/atlanta/food-delivery/chicago-style-sandwiches-%26-more/4Gcd2nmCSBeLqd3tV-A6lw,east-point-georgia
https://www.ubereats.com/atlanta/food-delivery/captain-ds-2845-greenbriar-parkway-sw/TMOeCOj_RBqBmdHY2UGFXQ,east-point-georgia
https://www.ubereats.com/atlanta/food-delivery/cajun-bones/-pizuACGRnySPSvytUQpJA,east-point-georgia
https://www.ubereats.com/atlanta/food-delivery/supreme-fish-delight-marketplace-blvd/AVdbWdxFSp2aKcLt1DpX_w,east-point-georgia
https://www.ubereats.com/atlanta/food-delivery/wendys-5255-old-national-hwy/uXBLo799RIW0aVkog1bNEw,east-point-georgia
https://www.ubereats.com/atlanta/food-delivery/piccadilly-cafeteria-greenbriar-shopping-center/jzL-qy3TQe-SKyD5Jnw-YA,east-point-georgia
https://www.ubereats.com/atlanta/food-delivery/daone-seafood/3wWKJv_ZTfKUeQgdZc8pEw,east-point-georgia
https://www.ubereats.com/atlanta/food-delivery/cj-sports-bar-2/fta1JSWNRq2swVtSeOb5HA,east-point-georgia
https://www.ubereats.com/atlanta/food-delivery/pizza-wali/an8aKhT2RbKwXRrZ05ln_w,east-point-georgia
https://www.ubereats.com/atlanta/food-delivery/argosy/4QWrwGkdQBKWl9GjxqcKmg,east-point-georgia
https://www.ubereats.com/atlanta/food-delivery/calis-kitchen/HcU48A0CTaWIe3xayJ_iBg,east-point-georgia
https://www.ubereats.com/atlanta/food-delivery/mrs-winners-chicken-and-biscuits/mNPd9l8OQoCsTzSIUAeUMw,east-point-georgia
https://www.ubereats.com/atlanta/food-delivery/a-taste-of-elegance-home-cooking/SBrppniRQyiwaI3I6yMaQg,east-point-georgia
https://www.ubereats.com/atlanta/food-delivery/tredericks-seafood-%26-grill/YIYmXlphQeS2nSbSpIz0PA,east-point-georgia
https://www.ubereats.com/atlanta/food-delivery/captain-ds-3447-main-street/4Vep7jaXQOmrvB5RjKPwtQ,east-point-georgia
https://www.ubereats.com/atlanta/food-delivery/oz-pizza-east-point/ZtXER_xDRhqpmYhHroqmQg,east-point-georgia
https://www.ubereats.com/atlanta/food-delivery/fish-bowl-poke-hapeville/Jhd8PQETTWayi2oSyjAsSQ,east-point-georgia
https://www.ubereats.com/atlanta/food-delivery/slim-%26-huskys-pizza-beeria-metropolitan-pkwy/R3ogUS8bRluZCuDK_RPvUw,east-point-georgia
https://www.ubereats.com/atlanta/food-delivery/wingz-in-the-city/Ta6Yn7gKSrSO-II_PVP42A,east-point-georgia
https://www.ubereats.com/atlanta/food-delivery/east-point-snack-shack/8DLcdzYZRqKVfWwmkJb14g,east-point-georgia
https://www.ubereats.com/atlanta/food-delivery/glory-dogs/5Jt-A9KHT66XoZygXYXPtw,east-point-georgia
https://www.ubereats.com/atlanta/food-delivery/opals-kitchen/dLZ05SseTjyrLTzQKwvOfA,east-point-georgia
https://www.ubereats.com/atlanta/food-delivery/trap-wingz/41D6htrTQFaK1zBRdK-XLg,east-point-georgia
https://www.ubereats.com/atlanta/food-delivery/great-american-cookies/KW-13jQJQ3S50_Lp0Rym7Q,east-point-georgia
https://www.ubereats.com/atlanta/food-delivery/krispy-krunchy-chicken-fairburn-1/ZKO3_yn_SoOYofBMdt_FlA,east-point-georgia
https://www.ubereats.com/atlanta/food-delivery/wings-factory/HoCU5MmBTtOQuGkl0J4FJA,east-point-georgia
https://www.ubereats.com/atlanta/food-delivery/zaxbys-camp-fulton-pkwy/26U8eWaQSuajaozkjXUd1w,east-point-georgia
https://www.ubereats.com/atlanta/food-delivery/amelies-french-bakery/i109s-JsTdqsbvbkK97vog,east-point-georgia
https://www.ubereats.com/atlanta/food-delivery/j-%26-j-bbq-grill/pEf5BnpvQL-LTsaSTjzsuQ,east-point-georgia
https://www.ubereats.com/atlanta/food-delivery/a-taste-of-elegance-home-cooking/S4zZY5kNT3G6Lc9JlqADjw,east-point-georgia
https://www.ubereats.com/atlanta/food-delivery/rahims-seafood/iqUEDHhzR0y4SWbOvR4Tig,east-point-georgia
https://www.ubereats.com/atlanta/food-delivery/churchs-chicken-5148-old-nat/p8_kCH1KR4ifuA2MEaJj8A,east-point-georgia
https://www.ubereats.com/atlanta/food-delivery/wings-spot-pizza-wali/BQMe9dflRQeK7ToTe2hBwQ,east-point-georgia
https://www.ubereats.com/atlanta/food-delivery/corner-tavern-hapeville/OGQk2UlbTYGXTgMBSjALYQ,east-point-georgia
https://www.ubereats.com/atlanta/food-delivery/daddys-girl-bbq/aR-TvyAATJiZDet2Gpq0NA,east-point-georgia
https://www.ubereats.com/atlanta/food-delivery/morellis-ice-cream/9cQFY1haQaOAB5eGZTUJ3Q,east-point-georgia
https://www.ubereats.com/atlanta/food-delivery/snappers-fish-and-chicken/otkryNT3SJSNlkWInOWKzA,east-point-georgia
https://www.ubereats.com/atlanta/food-delivery/640-west-community-cafe/ETn_R7OTQRy1W1hqa1OytQ,east-point-georgia
https://www.ubereats.com/atlanta/food-delivery/wings-and-seafood/p0AZvEWfQUKO8i8PQQJbYQ,east-point-georgia
https://www.ubereats.com/atlanta/food-delivery/jersey-mikes-subs-bakers-ferry/0ZTVZbPPQDiDhwVSPZq7EQ,east-point-georgia
https://www.ubereats.com/atlanta/food-delivery/freshii-231-peachtree-st-ne/2cUOLym-T7i9ZzIPwEqLMw,east-point-georgia
https://www.ubereats.com/atlanta/food-delivery/budis-sushi/pW3zNcywRd-jJD6Fn4ZwAg,east-point-georgia
https://www.ubereats.com/atlanta/food-delivery/gong-cha-morrow/fcqJSUC0Rei_hXYnbXfiUw,east-point-georgia
https://www.ubereats.com/atlanta/food-delivery/ardens-garden-auburn-ave/6dNpAMFKR0-e-qnPC9L7iw,east-point-georgia
https://www.ubereats.com/atlanta/food-delivery/brothers-2-go-tropical-flavors/drQHo6aOSWeEYbhiaMBm9g,east-point-georgia
https://www.ubereats.com/atlanta/food-delivery/the-sleepy-potato-cleveland-ave/ccC6jFI2S12cdWgSTePQqg,east-point-georgia
https://www.ubereats.com/atlanta/food-delivery/muchacho/8loIH8sgTfiKJX5kjRmXJA,east-point-georgia
https://www.ubereats.com/atlanta/food-delivery/taco-bell-5119-old-national-highway/ozfjlhRJRvihmk2pQhAJDg,east-point-georgia
https://www.ubereats.com/atlanta/food-delivery/ardens-garden-sylvan-rd/2f5nbpWeTvG77Gl8iv5nyg,east-point-georgia
https://www.ubereats.com/atlanta/food-delivery/caribbean-delight/FupS2Y6YQJe8AZz6XJ0GAA,east-point-georgia
https://www.ubereats.com/atlanta/food-delivery/wendys-1025-ralph-david-abernathy-rd/L2iovQqnQXGcrJnl0wi0Ew,east-point-georgia
https://www.ubereats.com/atlanta/food-delivery/baileys-coffee-and-cream/KJo5lMPDQieCvApSpESHuA,east-point-georgia
https://www.ubereats.com/atlanta/food-delivery/the-lawrence/AkGY5ffwR6KS3YxrhfCiBg,east-point-georgia
https://www.ubereats.com/atlanta/food-delivery/mcdonalds-east-pt-camp-crk/cAfXKoDZRe65IItZsis5KQ,east-point-georgia
https://www.ubereats.com/atlanta/food-delivery/the-pizza-spot/_AYYm4_xQfWZPYm1ZeJr2g,east-point-georgia
https://www.ubereats.com/atlanta/food-delivery/kupit-atlanta/eMluA6DdRx6ZUkkgCz6djw,east-point-georgia
https://www.ubereats.com/atlanta/food-delivery/checkers-2841-greenbriar-parkway/VQAnlXrbQaS4jx68Qrq_KQ,east-point-georgia
https://www.ubereats.com/atlanta/food-delivery/american-deli-790-glenwood-ave-se/r41Y7ghSR2qAAwKxbQSEPg,east-point-georgia
https://www.ubereats.com/atlanta/food-delivery/kenleys-catering-%26-restaurant/KTa2wbrBQQaUdjWNMGXg-Q,east-point-georgia
https://www.ubereats.com/atlanta/food-delivery/aprils-place-lee-rd/sf_FMKx-SYWBGBd_EufGPw,east-point-georgia
https://www.ubereats.com/atlanta/food-delivery/restaurant-10/pO2h61tVS6eSQygD9uxhJw,east-point-georgia
https://www.ubereats.com/atlanta/food-delivery/jg-chicken-and-seafood-union-city/Fdd7DVKtRMGaxDWqUmOJvg,east-point-georgia
https://www.ubereats.com/atlanta/food-delivery/africa-restaurant-and-lounge/xDQRgmZeQpqI80j4h4wosw,east-point-georgia
https://www.ubereats.com/atlanta/food-delivery/romeos-pizza-and-bistro/RrJVl4E9R0y_nJbdfkgUsQ,east-point-georgia
https://www.ubereats.com/atlanta/food-delivery/mr-krabs-hut/fSOWjSJOQEy2ZQqZBo4Cww,east-point-georgia
https://www.ubereats.com/atlanta/food-delivery/goodazzfood-587-north-central-ave/wXSLKKeMRU-2vUFypqthbA,east-point-georgia
https://www.ubereats.com/atlanta/food-delivery/atlanta-fish-house-and-grill/01NI0iiOSzKqfZDB8lj44A,east-point-georgia
https://www.ubereats.com/atlanta/food-delivery/c%26c-hotwings/3UslqNhrRfOHuPVuhByJwQ,east-point-georgia
https://www.ubereats.com/atlanta/food-delivery/mr-everything-greenbriar/hTaNa7FVQX-heNY43Hg08g,east-point-georgia
https://www.ubereats.com/atlanta/food-delivery/eatalianos-pizza-%26-pasta/QoA2aGeiRjyizPFu6eVOEA,east-point-georgia
https://www.ubereats.com/atlanta/food-delivery/running-latte/mPrdtHFISkK189wFj4YXpw,east-point-georgia
https://www.ubereats.com/atlanta/food-delivery/papa-johns-3425-cascade-road-sw/GxbVYZ9yRg20mLTiIFQHcA,east-point-georgia
https://www.ubereats.com/atlanta/food-delivery/krystal-349-cleveland-ave/-emZ1RiCQI6JDTDkX2-ZTw,east-point-georgia
https://www.ubereats.com/atlanta/food-delivery/churchs-chicken-1405-moreland-ave-se/p0iIByL9TE6NarhawWeFpw,east-point-georgia
https://www.ubereats.com/atlanta/food-delivery/subway-3730-carmia-dr/zpLNEewSQtG54jqmvG05qA,east-point-georgia
https://www.ubereats.com/atlanta/food-delivery/the-sleepy-potato/dqYWuSaVQYeoqHS153Uy3Q,east-point-georgia
https://www.ubereats.com/atlanta/food-delivery/camicakes/JfrQyLdzTmujHwt7GPHnVA,east-point-georgia
https://www.ubereats.com/atlanta/food-delivery/kingdom-seafood/MZjKY4VzSKKdhFIZLKqFfg,east-point-georgia
https://www.ubereats.com/atlanta/food-delivery/rising-roll-gourmet-cafe/78DeDqE2SlO6m9O11fVZ0Q,east-point-georgia
https://www.ubereats.com/atlanta/food-delivery/continental-seafood/zdAkGXbpTh28CqyITd0dqg,east-point-georgia
https://www.ubereats.com/atlanta/food-delivery/656-sports-bar-%26-grille-grant-park/lFnHW9l5QvKC1194QX8Efg,east-point-georgia
https://www.ubereats.com/atlanta/food-delivery/off-da-bone-bbq-%26-grub-kitchen/q0_U-bYPToO-3PMU7QFnwQ,east-point-georgia
https://www.ubereats.com/atlanta/food-delivery/delightful-sensations/aWxVkRGeQt-7FnpDa0FxkQ,east-point-georgia
https://www.ubereats.com/atlanta/food-delivery/guanajuato-mexican-grill/sBWt6Ed4RLu0qSWWhaU8Cw,east-point-georgia
https://www.ubereats.com/atlanta/food-delivery/willys-mexicana-grill-1230-caroline-street/NDM7gFEeTSi7hweHvyqk6g,east-point-georgia
https://www.ubereats.com/atlanta/food-delivery/six-feet-under-pub-%26-fish-house-grant-park/tQqY2YBmRrit4CelwwwEpQ,east-point-georgia
https://www.ubereats.com/atlanta/food-delivery/the-ice-cream-shop/dQfO8BOUQDqvn_1MXMY12g,east-point-georgia
https://www.ubereats.com/atlanta/food-delivery/daylight-donuts-cleveland-ave/TcYKwKvxQZuejnyRyq4USA,east-point-georgia
https://www.ubereats.com/atlanta/food-delivery/this-is-it!-bbq-%26-seafood-old-national/UwmToXXoT_O1QzZZui_gyw,east-point-georgia
https://www.ubereats.com/atlanta/food-delivery/sunny-garden/V0DU8dJ7RImHnHM6f-fcbQ,east-point-georgia
https://www.ubereats.com/atlanta/food-delivery/pretty-meals-on-wheels/2AsNF7lBRCCSxDZ9ejmA3g,east-point-georgia
https://www.ubereats.com/atlanta/food-delivery/best-pizza-%26-wings/Osxa7B3BSI-2AquUvIQt4A,east-point-georgia
https://www.ubereats.com/atlanta/food-delivery/florida-finger-lickin-seafood/uX2xE80jTvSJBeJJj0h28w,east-point-georgia
https://www.ubereats.com/atlanta/food-delivery/benis-cubano-downtown/E-icq-cdQd6NSEbwwyuiFQ,east-point-georgia
https://www.ubereats.com/atlanta/food-delivery/the-spice-house/kXp3U7yWTZ22nwUw4OneLA,east-point-georgia
https://www.ubereats.com/atlanta/food-delivery/zaxbys-hwy-92/B3VJMkPwScG4aJHVUf0MNw,east-point-georgia
https://www.ubereats.com/atlanta/food-delivery/chuck-e-cheese-335-upper-riverdale-rd/h1JKNXKVSBeknid2NioyRw,east-point-georgia
https://www.ubereats.com/atlanta/food-delivery/cicleys-good-eats-%26-sweets/DFcyZJy5QHeJanAW74jZWg,east-point-georgia
https://www.ubereats.com/atlanta/food-delivery/rosas-pizza/DKofinkeQ9mHYpzc5jNGfg,east-point-georgia
https://www.ubereats.com/atlanta/food-delivery/switz-grill/axYT8FIFSLSmSWj5_cgRVQ,east-point-georgia
https://www.ubereats.com/atlanta/food-delivery/anthonys-pizza-%26-pasta-riverdale/DzGRZG1ZQciZJQFuQTcRmQ,east-point-georgia
https://www.ubereats.com/atlanta/food-delivery/bella-a-baltimore-crab-%26-seafood-co/XmxM6ViSTcGLAu2TP7QpvA,east-point-georgia
https://www.ubereats.com/atlanta/food-delivery/taco-bell-2951-legion-way/t8tWz78-SQqpN6ydBbOe3A,east-point-georgia
https://www.ubereats.com/atlanta/food-delivery/wendys-3675-cascade-rd/2NFuh-QaScK_NA3GtlZQfg,east-point-georgia
https://www.ubereats.com/atlanta/food-delivery/china-express/Ffmg3s0MREazEEqD5dSF1w,east-point-georgia
https://www.ubereats.com/atlanta/food-delivery/i-love-wings-atlanta/IaxihLeZQbem3x3jbPqQag,east-point-georgia
https://www.ubereats.com/atlanta/food-delivery/captain-ds-4478-jonesboro-road/zOcs_p-RQcS60GF-Clko2Q,east-point-georgia
https://www.ubereats.com/atlanta/food-delivery/no-mas!-cantina/b5sEkI1vRuS2SISu1sW-BQ,east-point-georgia
https://www.ubereats.com/atlanta/food-delivery/mokipops-main/BwnTwnxiT9K1W4ce4wPMhA,east-point-georgia
https://www.ubereats.com/atlanta/food-delivery/oooweee-just-taste-it/0CAdZgNVT5-v6E7sR8OP7Q,east-point-georgia
https://www.ubereats.com/atlanta/food-delivery/stem-%26-flats-creole-wingery/WWeHXOf7QXuBjYfZN8ezfQ,east-point-georgia
https://www.ubereats.com/atlanta/food-delivery/ajs-waterfront-cafe/MW_gz65JRuSvexfLr0sjUw,east-point-georgia
https://www.ubereats.com/atlanta/food-delivery/churchs-chicken-538-lee-street-sw/H41w-1hCQsu89S9EWSGvJQ,east-point-georgia
https://www.ubereats.com/atlanta/food-delivery/reds-beer-garden/4dWdfcwvRrGq3qtTxdjJ4Q,east-point-georgia
https://www.ubereats.com/atlanta/food-delivery/this-is-it!-bbq-%26-seafood-camp-creek/cHenzrIWTQePSuQVkYBGTw,east-point-georgia
https://www.ubereats.com/atlanta/food-delivery/pals-lounge/7sY0tADgQROh1ptnyUjvRA,east-point-georgia
https://www.ubereats.com/atlanta/food-delivery/walts-kitchen/RS5SLI0YT3e7d8MY-OrNgg,east-point-georgia
https://www.ubereats.com/atlanta/food-delivery/munchiez/AwHlvqxGTN6aqzU6O_2f5w,east-point-georgia
https://www.ubereats.com/atlanta/food-delivery/castaway-bar-%26-grill/Rf8-FWXoQUyK2Gd7qc6PkA,east-point-georgia
https://www.ubereats.com/atlanta/food-delivery/ikhlas-superb-seafood/Am7r3owHQc2jAkNR2ZGDmA,east-point-georgia
https://www.ubereats.com/atlanta/food-delivery/bamba-cuisine/qVkqiLaFQiK_Y5Uz1wUwQQ,east-point-georgia
https://www.ubereats.com/atlanta/food-delivery/grips-good-eats-and-sweets/hMFrNgC2SOuxyUqklcc81A,east-point-georgia
https://www.ubereats.com/atlanta/food-delivery/jg-chicken-%26-seafood-camp-creek/fjAsbR_ySYi8QWby5_0IxA,east-point-georgia
https://www.ubereats.com/atlanta/food-delivery/my-southside-deli/8nug3RAkRc6iVlCUNcfLzA,east-point-georgia
https://www.ubereats.com/atlanta/food-delivery/harolds-chicken-shack/NR60d4b5R22l7ZTQvNNGMg,east-point-georgia
https://www.ubereats.com/atlanta/food-delivery/smoothie-king-virginia-ave/s5NIp5LhQqey-bk8GBWa2g,east-point-georgia
https://www.ubereats.com/atlanta/food-delivery/mcdonalds-east-pt-ga-cleveland-%26-sylvan/CHxc0Z0lRXa2cjB7JvicPA,east-point-georgia
https://www.ubereats.com/atlanta/food-delivery/taste-buds33/LAsWfIvgSHOASny8nY_DCg,east-point-georgia
https://www.ubereats.com/atlanta/food-delivery/subway-519-central-ave/V8cBhi7wSnCcVsD9hidNPQ,east-point-georgia
https://www.ubereats.com/atlanta/food-delivery/moes-southwest-grill-3440-camp-creek-pkwy-suite-1110/xF5A-biRTUyXe5zHyq1tIg,east-point-georgia
https://www.ubereats.com/atlanta/food-delivery/black-gurl-brunch-club/6gSKql14TfyvQ18NunrgGw,east-point-georgia
https://www.ubereats.com/atlanta/food-delivery/cafe-hot-wing-no11/NvgZ2sFCSmOZ2Qe6-BKg5g,east-point-georgia
https://www.ubereats.com/atlanta/food-delivery/pizza-j/EPPpd09hRu2mbZnLg5-CFQ,east-point-georgia
https://www.ubereats.com/atlanta/food-delivery/chipotle-mexican-grill-3330-camp-creek-pkwy/KS_gNvFMRRaTSWc3RlfXtw,east-point-georgia
https://www.ubereats.com/atlanta/food-delivery/atl-fried-chicken-and-burger/2uDZ1BKdR0y1DoP6Untdrg,east-point-georgia
https://www.ubereats.com/atlanta/food-delivery/good-eats/9OqnN5DDRCqmyxLLBEqplA,east-point-georgia
https://www.ubereats.com/atlanta/food-delivery/chairs/G70qYMGjTxerOW4PUx0iAg,east-point-georgia
https://www.ubereats.com/atlanta/food-delivery/romeos-veggie-%26-vegan-bistro/SE1n9qu8Qp2IMZj2BReJjw,east-point-georgia
https://www.ubereats.com/atlanta/food-delivery/crowns-best-burger-virtual-restaurant/84JgLRGbSACwh4MqjCyX5Q,east-point-georgia
https://www.ubereats.com/atlanta/food-delivery/wendys-3041-headland-drive/mjg3rQBnTeGEFzy50ZnkEg,east-point-georgia
https://www.ubereats.com/atlanta/food-delivery/saint-louis-cuisine/LuWzwaZZRVWGu0GufzU9-g,east-point-georgia
https://www.ubereats.com/atlanta/food-delivery/kristis-heavenly-peach-cobbler/COYKBoS4TTOvQOGjqQ24Zg,east-point-georgia
https://www.ubereats.com/atlanta/food-delivery/wild-heaven-west-end/f1SiioFcQdunE1CZaYcRdQ,east-point-georgia
https://www.ubereats.com/atlanta/food-delivery/jersey-mikes-subs-6035-bakers-ferry-rd/na-VHeo9RoCOiVVqhRzoZQ,east-point-georgia
https://www.ubereats.com/atlanta/food-delivery/tin-lizzys-grant-park/DJY-HRjJRVSU_HtQK9zT0Q,east-point-georgia
https://www.ubereats.com/atlanta/food-delivery/subway-844-cleveland-ave/gwXhpjlxQ1OPjBucUJcTTw,east-point-georgia
https://www.ubereats.com/atlanta/food-delivery/plated-lounge/2fM0BipzRPGRQDjBRkfRDw,east-point-georgia
https://www.ubereats.com/atlanta/food-delivery/wingolicious/huGtGwWuRh6HQJB4b_yB2Q,east-point-georgia
https://www.ubereats.com/atlanta/food-delivery/j-ps-grill-cheese/cSe9FoSXQeyQYsXIx1KcMg,east-point-georgia
https://www.ubereats.com/atlanta/food-delivery/jr-crickets-college-park/vjwkG8hCSN6GbwyPNykaJQ,east-point-georgia
https://www.ubereats.com/atlanta/food-delivery/moes-southwest-grill-85-5th-st-nw/iYCnIbuaRFy4SvnMB4VvMQ,east-point-georgia
https://www.ubereats.com/atlanta/food-delivery/crown-pizza/npts3XTXRfOIZ0CkV4LkuA,east-point-georgia
https://www.ubereats.com/atlanta/food-delivery/juiced-up/DS4FfnOERPSwpxKf6D9g-Q,east-point-georgia
https://www.ubereats.com/atlanta/food-delivery/subway-roosevelt/r2qwgCBNSJybte4RCcbIyg,east-point-georgia
https://www.ubereats.com/atlanta/food-delivery/desi-date-nights/Nz1hK6aMTwuH7BCmmrIJtQ,east-point-georgia
https://www.ubereats.com/atlanta/food-delivery/wendys-860-virginia-ave/4sFvNxKjRiGtLGcbwZEURQ,east-point-georgia
https://www.ubereats.com/atlanta/food-delivery/tom-dick-and-hank/n4e5zmuBRKCVHluoMZZ9ZA,east-point-georgia
https://www.ubereats.com/atlanta/food-delivery/krispy-krunchy-chicken-underground-atlanta/CfsH3IByRi6mZsuzkfgR-g,east-point-georgia
https://www.ubereats.com/atlanta/food-delivery/rumors-lounge/fzPcnXimSfausmyjF6zzkQ,east-point-georgia
https://www.ubereats.com/atlanta/food-delivery/dairy-queen-grill-%26-chill-1519-norman-berry-rd/aQEdT0fdTlSEm3n4X4LWDQ,east-point-georgia
https://www.ubereats.com/atlanta/food-delivery/1101-humble-catering/GeIU0TXMT1mYQMGBwt1bYQ,east-point-georgia
https://www.ubereats.com/atlanta/food-delivery/krystal-6405-jonesboro-rd/Jnv5MsPsS9S_HrAJOoMr7g,east-point-georgia
https://www.ubereats.com/atlanta/food-delivery/ben-%26-jerrys/pdk8qB_jRKOSiDTBWcVcXg,east-point-georgia
https://www.ubereats.com/atlanta/food-delivery/your-pie-hapeville/4ExWecajRb266gCMQDoUlA,east-point-georgia
https://www.ubereats.com/atlanta/food-delivery/the-sleepy-potato/L-T6Uu4sRMieoYZnAlWMMg,east-point-georgia
https://www.ubereats.com/atlanta/food-delivery/chick-fil-a-1065-cleveland-ave/-CXqzIBcRHiwjd5gZxu2Kg,east-point-georgia
https://www.ubereats.com/atlanta/food-delivery/taco-bell-429-ponce-de-leon-ave/-77I163KSXycwnkq5uqLGA,east-point-georgia
https://www.ubereats.com/atlanta/food-delivery/zaxbys-6671-tara-blvd/_DLfCsaeROaRUzonw7OIZg,east-point-georgia
https://www.ubereats.com/atlanta/food-delivery/the-ivory-restaurant/NzvW_wrBQMKjQY5VTZTclQ,east-point-georgia
https://www.ubereats.com/atlanta/food-delivery/wendys-325-n-central-ave/T5HnRNcZR5yzC0jhKmogqA,east-point-georgia
https://www.ubereats.com/atlanta/food-delivery/atlanta-bread-company-morrow/7Octqp8wQJSZic3aSaGoYQ,east-point-georgia
https://www.ubereats.com/atlanta/food-delivery/burger-bar-6785-tara-boulevard/stqX41qKTFKYhmNVHCNrNw,east-point-georgia
https://www.ubereats.com/atlanta/food-delivery/cutting-edge-pizza-and-wings/bQgOK6fkQT2j2VnJ4ShGkQ,east-point-georgia
https://www.ubereats.com/atlanta/food-delivery/boston-fish-supreme-fulton-industrial/cjsrYsyRRiWPsV04zsLDyQ,east-point-georgia
https://www.ubereats.com/atlanta/food-delivery/best-pizza/Szau7KKgRN-nseqkeHGFmA,east-point-georgia
https://www.ubereats.com/atlanta/food-delivery/zaxbys-7804-senoia-rd-fairburn/OhExKvN2TNaGfMJD7WiFVA,east-point-georgia
https://www.ubereats.com/atlanta/food-delivery/subway-3379-n-main-st/jBRcbtfcRvWAHZdkk6Z_ZQ,east-point-georgia
https://www.ubereats.com/atlanta/food-delivery/captain-ds-2065-metropolitan-parkway/Qnf2HEtYRk-epeOwYQY-kw,east-point-georgia
https://www.ubereats.com/atlanta/food-delivery/uptown-comedy-%26-lounge/ZZzYHEFTTJuvZxvqFL2MPg,east-point-georgia
https://www.ubereats.com/atlanta/food-delivery/grecian-gyro-hapeville/HvkRrPsFTV-VNZV0fxJR9A,east-point-georgia
https://www.ubereats.com/atlanta/food-delivery/shanes-rib-shack-6000-south-terminal-pkwy/Yl6lmxuMSKGsEphkT6xMRA,east-point-georgia
https://www.ubereats.com/atlanta/food-delivery/le-fat/UA8LN1dQRkGGY7UKPy3WpQ,east-point-georgia
https://www.ubereats.com/atlanta/food-delivery/green-soma-vegan-cafe/FCa_noKDRVm4WpLWRgMRgw,east-point-georgia
https://www.ubereats.com/atlanta/food-delivery/black-box-cafe/b1czgVOiRO2q6bbyRe3vWQ,east-point-georgia
https://www.ubereats.com/atlanta/food-delivery/midtown-soul-express/xmXcc83nSpm0ZcDXJDq0lA,east-point-georgia
https://www.ubereats.com/atlanta/food-delivery/touray-kunda-cafe/pNjAU8nTSDSnpUXebAgfAg,east-point-georgia
https://www.ubereats.com/atlanta/food-delivery/hooked/YXr-IzakSxGQZFrMitxSYg,east-point-georgia
https://www.ubereats.com/atlanta/food-delivery/olympic-flame-restaurant/vgl0aINETpikw1jNwFpaGA,east-point-georgia
https://www.ubereats.com/atlanta/food-delivery/breakfast-at-barneys/bCyoocEbSYGr4a62KF_dGQ,east-point-georgia
https://www.ubereats.com/atlanta/food-delivery/dunkin-4760-jonesboro-rd/C8cNWzAQRASiGu7bCZwAig,east-point-georgia
https://www.ubereats.com/atlanta/food-delivery/ihop-722-highway-138-sw/yO21yBHtRG2hvBDniSFN1A,east-point-georgia
https://www.ubereats.com/atlanta/food-delivery/hong-kong-city/ZhzEF4QXRmSzwBevZ2Ea2A,east-point-georgia
https://www.ubereats.com/atlanta/food-delivery/wings-hut/1EbrCCWgSeGs4_WkE1JlpA,east-point-georgia
https://www.ubereats.com/atlanta/food-delivery/mustard-seed-bbq-cascade/PVwaUehBRw-Bxupp-2Dg0g,east-point-georgia
https://www.ubereats.com/atlanta/food-delivery/on-the-go-eatz/ZqBLt1GcR8uGhEF_iNUMMw,east-point-georgia
https://www.ubereats.com/atlanta/food-delivery/captain-ds-1095-ralph-david-abernathy-blvd/6EY-2l1vQ4q27DQ_ik6lFQ,east-point-georgia
https://www.ubereats.com/atlanta/food-delivery/k%26k-soulfood/778XtB_NRdyLLMD68if28A,east-point-georgia
https://www.ubereats.com/atlanta/food-delivery/jess-good-ole-food/V9vZJwLpQhaYFJDvstkApQ,east-point-georgia
https://www.ubereats.com/atlanta/food-delivery/zenas-bbq-%26-seafood/kyLPPLxcQdybXsLO33tDuw,east-point-georgia
https://www.ubereats.com/atlanta/food-delivery/phat-philly-cheesesteaks/YrV8qspgQqa4cigU5PuLyw,east-point-georgia
https://www.ubereats.com/atlanta/food-delivery/central-station-sports-restaurant/2fZObUFGT0WD_HvlK6xePQ,east-point-georgia
https://www.ubereats.com/atlanta/food-delivery/atlanta-barbeque-company/2CjrKPxTRHixWWpXwdgjbA,east-point-georgia
https://www.ubereats.com/atlanta/food-delivery/georgias-hot-chicken/pD1iBd-ETyC0Uple3JV0vw,east-point-georgia
https://www.ubereats.com/atlanta/food-delivery/catalina-restaurant/SwzsS5-XRReRrAt_wXZR4A,east-point-georgia
https://www.ubereats.com/atlanta/food-delivery/ihop-2510-flat-shoals-rd/B7HRqpJdTTy8AWsz9uLBrA,east-point-georgia
https://www.ubereats.com/atlanta/food-delivery/greek-cafe-college-park/ulv-n92mTnyhTEi14DQAjg,east-point-georgia
https://www.ubereats.com/atlanta/food-delivery/burger-king-5068-old-national-highway/p3n1xpD9QsOvkDCW3OkwnQ,east-point-georgia
https://www.ubereats.com/atlanta/food-delivery/tasties-american-bbq/9h0llaYZT2utALjTTVRPaA,east-point-georgia
https://www.ubereats.com/atlanta/food-delivery/omni-100%25-wings-north-central-ave/WOV3oXpRSJurxKeQCTFVag,east-point-georgia
https://www.ubereats.com/atlanta/food-delivery/roti-rolls/pkS5oTWdSJi0nN1I2WUeXg,east-point-georgia
https://www.ubereats.com/atlanta/food-delivery/burn-lounge/Z12TCfA_Sdma5rmiflGLiA,east-point-georgia
https://www.ubereats.com/atlanta/food-delivery/dunkin-6060-old-national-hwy/zYFrInEBTIqynff11Yqf3g,east-point-georgia
https://www.ubereats.com/atlanta/food-delivery/red-lobster-3360-camp-creek-parkway/VqOODv1UTO2gJNfCOENhmA,east-point-georgia
https://www.ubereats.com/atlanta/food-delivery/mixd-up-burgers/RnjiSc7GT5mqE_SKbY2mQQ,east-point-georgia
https://www.ubereats.com/atlanta/food-delivery/sweet-stack-creamery/mGwkJtcsTAagCNX8AbpWbw,east-point-georgia
https://www.ubereats.com/atlanta/food-delivery/da-fresh-katch-seafood/l5V6IVB0Rlyn00WTy59LJA,east-point-georgia
https://www.ubereats.com/atlanta/food-delivery/la-shish-kabab/97tKN-cCRNO5ED_ZxiGmog,east-point-georgia
https://www.ubereats.com/atlanta/food-delivery/ihop-301-n-central-ave/Ez-SHKX9QhCV0Z42soTQsA,east-point-georgia
https://www.ubereats.com/atlanta/food-delivery/burger-bar-209-peachtree-st-ne/5iIkRG5yQzCPNKZfkzvUdA,east-point-georgia
https://www.ubereats.com/atlanta/food-delivery/sliders-burger-joint/pXVyp-7jSzGfwFK76NZ6Kw,east-point-georgia
https://www.ubereats.com/atlanta/food-delivery/answer-the-bell/lHjyt1jfQdStvzPyLPn9pA,east-point-georgia
https://www.ubereats.com/atlanta/food-delivery/hot-dog-petes/FPAoS-rQQAeHsiJsaTpGCQ,east-point-georgia
https://www.ubereats.com/atlanta/food-delivery/hao-chinese-cuisine/LshgXQkqSCaXbTwKQFSPPw,east-point-georgia
https://www.ubereats.com/atlanta/food-delivery/red-snapper%3A-fish-%26-chicken/4Jisev-uQz-TeAAB0kiYKg,east-point-georgia
https://www.ubereats.com/atlanta/food-delivery/dakota-blue/6VM1JyAnSsKRo7ccIxJQJw,east-point-georgia
https://www.ubereats.com/atlanta/food-delivery/the-juicee-details/Yy-I5BhpRjKTZBwtWZpfFA,east-point-georgia
https://www.ubereats.com/atlanta/food-delivery/yasins-homestyle-seafood/u4_M5-31SBG20UNmUkcN6g,east-point-georgia
https://www.ubereats.com/atlanta/food-delivery/wnb-factory-wings-%26-burger-atlanta-cascade/S3RtQdB9TA-qvKRaRvkjfQ,east-point-georgia
https://www.ubereats.com/atlanta/food-delivery/don-burrito-grill/Ec4RCUx5SNSr9X-xvycp2g,east-point-georgia
https://www.ubereats.com/atlanta/food-delivery/the-chat-%26-chew/W5WrIWjBRxm7iMAVfEw1jQ,east-point-georgia
https://www.ubereats.com/atlanta/food-delivery/krispy-krunchy-chicken-lithia-springs/Wthk2wbiSrGCkWYjJLq8PQ,east-point-georgia
https://www.ubereats.com/atlanta/food-delivery/terris-cafe/Tjha5SayR36uZqq-qgjx9g,east-point-georgia
https://www.ubereats.com/atlanta/food-delivery/healthful-essence/aMeAyUhKT8CIFigk8LXD-w,east-point-georgia
https://www.ubereats.com/atlanta/food-delivery/the-real-mexican-vittles-%236/ttoYs55GT26ntp_3u0L8cQ,east-point-georgia
https://www.ubereats.com/atlanta/food-delivery/pops-soul-food-kitchen/UisYExrbTv-V6ST4ycPV0Q,east-point-georgia
https://www.ubereats.com/atlanta/food-delivery/k-wings-cafe-college-park/TnR9DgygQ2yuWBPn1mVp8A,east-point-georgia
https://www.ubereats.com/atlanta/food-delivery/arize-breakfast-cafe/kjtzfKozRtCXSPW2MT6YXw,east-point-georgia
https://www.ubereats.com/atlanta/food-delivery/the-hot-spot/stZX-WfHSFScy5diYbzYww,east-point-georgia
https://www.ubereats.com/atlanta/food-delivery/kelz-kitchen-downtown/iCNWrLw5QGG0y3f9MER63Q,east-point-georgia
https://www.ubereats.com/atlanta/food-delivery/rosies-cafe-48-northside-dr/KqQoKdivQVSqyLjcXJ7wqg,east-point-georgia
https://www.ubereats.com/atlanta/food-delivery/get-fruity-cafe-college-park/MLrGbUK_RO2wLlpXrZGFMw,east-point-georgia
https://www.ubereats.com/atlanta/food-delivery/hunts-bros-pizza/pwyxtGtgRWW2m2A1Aq3Yxg,east-point-georgia
https://www.ubereats.com/atlanta/food-delivery/del-taco-6791-highway-85/WYbaRpn4TxeyiHfX7G8rNA,east-point-georgia
https://www.ubereats.com/atlanta/food-delivery/bole-ethiopian-restaurant/sVpbVMZgTr-CrzFpG_HGew,east-point-georgia
https://www.ubereats.com/atlanta/food-delivery/buka-2-restaurant/cl6VrRfuQAec2glZnvLZOw,east-point-georgia
https://www.ubereats.com/atlanta/food-delivery/hooters-tara-blvd/R9mYm_HtR6ypAX4Kj1nvaw,east-point-georgia
https://www.ubereats.com/atlanta/food-delivery/honey-baked-ham-old-national-hwy/dnIOr8MSR_a-OZQ3ihocZA,east-point-georgia
https://www.ubereats.com/atlanta/food-delivery/the-fill-up-station/cJmydz58R4SM6BGU6DjSkw,east-point-georgia
https://www.ubereats.com/atlanta/food-delivery/faux-real-burger-grill/nRpnSdQaRTimaBI1huQciw,east-point-georgia
https://www.ubereats.com/atlanta/food-delivery/hook-line-%26-seafood/p1etzsaBRjyz_4QNnv3AWw,east-point-georgia
https://www.ubereats.com/atlanta/food-delivery/gochas-breakfast-bar/aX3JAu6tSwubvW_qB1upHQ,east-point-georgia
https://www.ubereats.com/atlanta/food-delivery/crave-at-little-5-points/q4HyLaY4SEq3KoB5iXqYFA,east-point-georgia
https://www.ubereats.com/atlanta/food-delivery/big-nicks-place-east-point/40CBtpSySgOxh-vOG2jXww,east-point-georgia
https://www.ubereats.com/atlanta/food-delivery/escobar-restaurant-and-tapas/FauFdgquQLiBh-6vSt0fKQ,east-point-georgia
https://www.ubereats.com/atlanta/food-delivery/bubsters-soft-serve/fKJYB_IKRm6d0WEgW1OaHQ,east-point-georgia
https://www.ubereats.com/atlanta/food-delivery/burger-king-2701-stewart-avenue-s-w/ElXNqmd0Q3e8fhz70_f5rg,east-point-georgia
https://www.ubereats.com/atlanta/food-delivery/chicken-n-go/d0EB37OGQFiH_Bj_Jft_uQ,east-point-georgia
https://www.ubereats.com/atlanta/food-delivery/kfc-2840-greenbriar-pkwy-sw/5hnEexXRRVCnRaZSO7J4OA,east-point-georgia
https://www.ubereats.com/atlanta/food-delivery/southside-wings/Pd-Wk4_xRvma--BwZl8sdA,east-point-georgia
https://www.ubereats.com/atlanta/food-delivery/napoli-romeos-pizza/0ft1jt-TRF2qMLd2-CczcQ,east-point-georgia
https://www.ubereats.com/atlanta/food-delivery/gizmos-restaurant-and-bar/Z-VGR9H-RtmNEqVQ2gH9wg,east-point-georgia
https://www.ubereats.com/atlanta/food-delivery/club-south-beach/QqSrIvODRxyHYSn5rxCgig,east-point-georgia
https://www.ubereats.com/atlanta/food-delivery/wonderkid/Dvlv_fCFTVeTpeRrq9M45w,east-point-georgia
https://www.ubereats.com/atlanta/food-delivery/goodazzfood-500-flat-shoals-ave/ew3-SAExSx6lRgiPVZaENA,east-point-georgia
https://www.ubereats.com/atlanta/food-delivery/sublime-doughnuts-10th-st/G_85zkqPT6ODGEg8jqAVRA,east-point-georgia
https://www.ubereats.com/atlanta/food-delivery/k-wings/B0BbZlA8SymzpiJhftvlVQ,east-point-georgia
https://www.ubereats.com/atlanta/food-delivery/dunkin-98-forsyth-st-nw-%23-100/0cWolk0STYeDuwTt8qinYA,east-point-georgia
https://www.ubereats.com/atlanta/food-delivery/subway-1337-virginia-ave/sFovqmvDTy6KFWsArjBN_w,east-point-georgia
https://www.ubereats.com/atlanta/food-delivery/kfc-3510-cascade-rd-sw/w2IMEGLPQg-QBEre-ARbgw,east-point-georgia
https://www.ubereats.com/atlanta/food-delivery/china-88/AMG0NEdNQt6CLy9nLj3vpQ,east-point-georgia
https://www.ubereats.com/atlanta/food-delivery/the-crab-boil-atlanta/6mPTgVpoRsSd4OkJ6_ScbA,east-point-georgia
https://www.ubereats.com/atlanta/food-delivery/atlantas-best-burgers/GB08oyVVRg6F5WKQDEFp1w,east-point-georgia
https://www.ubereats.com/atlanta/food-delivery/hattie-maries-texas-style-bbq-and-cajun-kitchen/IQ5VhyXgTY20AyB2uFlotA,east-point-georgia
https://www.ubereats.com/atlanta/food-delivery/patria-cocina/srI51U3sSNq-BQxGWdv-5g,east-point-georgia
https://www.ubereats.com/atlanta/food-delivery/the-ice-cream-shop/2RrP-3nGRP-rQ0yhMJof-g,east-point-georgia
https://www.ubereats.com/atlanta/food-delivery/subway-1175-ralph-david-abernathy-blv/-jVmQInbSsue04WPC59pEw,east-point-georgia
https://www.ubereats.com/atlanta/food-delivery/genesis-the-chamber/LlhKCZqjStKR6TSeigwtIw,east-point-georgia
https://www.ubereats.com/atlanta/food-delivery/marquis-restaurant-%26-lounge/bk_Cis5mQ3mcs2UzntoIIQ,east-point-georgia
https://www.ubereats.com/atlanta/food-delivery/subway-3030-headland-dr/eVibGK8ARBehC18OABd-JA,east-point-georgia
https://www.ubereats.com/atlanta/food-delivery/american-deli-jonesboro/9hcK4c3bRyqy2PCj3gGgKg,east-point-georgia
https://www.ubereats.com/atlanta/food-delivery/papa-johns-5658-a-riverdale-road/NrOxmdC8TBuNJw_28Y73kg,east-point-georgia
https://www.ubereats.com/atlanta/food-delivery/soul-vegetarian-restaurant-west-end/HE1DqVxCRpmeUEvxOCMpaQ,east-point-georgia
https://www.ubereats.com/atlanta/food-delivery/jutox/6kqhbGAmRvGnSFPQK_S1TA,east-point-georgia
https://www.ubereats.com/atlanta/food-delivery/captain-ds-7330-georgia-highway-85/T7yxnnjGR22lr1_mX7y-dA,east-point-georgia
https://www.ubereats.com/atlanta/food-delivery/magnolia-bbq-%26-fish/93tOoUwFRke5lkYX5H2QAw,east-point-georgia
https://www.ubereats.com/atlanta/food-delivery/china-1/vG8XyZzUSn63uqQUb76UQw,east-point-georgia
https://www.ubereats.com/atlanta/food-delivery/hoots-righteous-wings-reynoldstown/WxintF8pRBydyAYQ5rxVqA,east-point-georgia
https://www.ubereats.com/atlanta/food-delivery/flavor-atlanta/lsmHOJKgSGSA9jq91dcV0A,east-point-georgia
https://www.ubereats.com/atlanta/food-delivery/churchs-chicken-765-hwy-138-sw/QPyGZ_BgT7yCuu8I_NxyJg,east-point-georgia
https://www.ubereats.com/atlanta/food-delivery/area-4-restaurant/yHiQ7xMATNCKalpZf_Xvzw,east-point-georgia
https://www.ubereats.com/atlanta/food-delivery/dunkin-1302-ralph-david-abernathy-blv/EZiulXPGSDqr1yO9v7gTPQ,east-point-georgia
https://www.ubereats.com/atlanta/food-delivery/krispy-krunchy-kitchen-memorial-drive/EwSBNWcURuO3CTvE0bkjDA,east-point-georgia
https://www.ubereats.com/atlanta/food-delivery/red-snapper/FR6Lx3esTPujC02n6Z02hA,east-point-georgia
https://www.ubereats.com/atlanta/food-delivery/kfc-taco-bell-3604-bakers-ferry-rd-sw/Logq4cRoSPSesVs9JNR7jw,east-point-georgia
https://www.ubereats.com/atlanta/food-delivery/checkers-4948-jonesboro-rd/aMU1u7sBSCSxQH2LlavIyw,east-point-georgia
https://www.ubereats.com/atlanta/food-delivery/my-fair-sweets/vEaaVbsKRNeu7BjTFSd1JQ,east-point-georgia
https://www.ubereats.com/atlanta/food-delivery/the-tavern-%40/aZzvmsxGS6Ke6299imiwXw,east-point-georgia
https://www.ubereats.com/atlanta/food-delivery/irish-bred-pub/3Rz2a5qwSjy1v-8qyKcj8g,east-point-georgia
https://www.ubereats.com/atlanta/food-delivery/the-original-hot-dog-factory-downtown/dHoH_ycTTRu05jYzgS_6jQ,east-point-georgia
https://www.ubereats.com/atlanta/food-delivery/punjabi-dhaba/tF80AlQVQkKy3cp2rrVzaw,east-point-georgia
https://www.ubereats.com/atlanta/food-delivery/ruths-chris-steak-house-267-marietta-st-nw/CqhzExLtSrmpTgP--dy7Pw,east-point-georgia
https://www.ubereats.com/atlanta/food-delivery/dairy-queen-grill-%26-chill-6974-highway-85/A7rWQREJS8efv414O4bmpQ,east-point-georgia
https://www.ubereats.com/atlanta/food-delivery/backstage-atlanta-inc/1wboZG0PQuaveHcTRGSI-g,east-point-georgia
https://www.ubereats.com/atlanta/food-delivery/kupcakerie/Ou1xdSY7QOyv8qbSPSvKgg,east-point-georgia
https://www.ubereats.com/atlanta/food-delivery/krab-kingz-atlanta/X11INZ_yRtK5Jr7jLPbuNw,east-point-georgia
https://www.ubereats.com/atlanta/food-delivery/bei-jin-lithia-springs/qyDk7udjQ4SCvM0RZyHVMA,east-point-georgia
https://www.ubereats.com/atlanta/food-delivery/life-bistro/8tNrNkLmS36XUupVrc5EMw,east-point-georgia
https://www.ubereats.com/atlanta/food-delivery/jamals-buffalo-wings/qV3GViFaQkSleA1YWQKdFw,east-point-georgia
https://www.ubereats.com/atlanta/food-delivery/the-captains-boil-3390-camp-creek-parkway/ierYbEhdRu2RKh0DOnLAkQ,east-point-georgia
https://www.ubereats.com/atlanta/food-delivery/soul-crab-atl/Z9Hk0Qq5RAuC2t-UI8NC8A,east-point-georgia
https://www.ubereats.com/atlanta/food-delivery/eggwich/zgZCuynMRd2WoM4I5SsImg,east-point-georgia
https://www.ubereats.com/atlanta/food-delivery/red-lobster-6550-tara-blvd/w4ZOTek_SWerES9tHDJYiw,east-point-georgia
https://www.ubereats.com/atlanta/food-delivery/churchs-chicken-200-cleveland-ave-sw/OTyUHrWgT3-RLcPP44KvLQ,east-point-georgia
https://www.ubereats.com/atlanta/food-delivery/panda-express-east-point-3360-shelby-lane-suite-%231060/h5Nb9sHtRYqew4bVy7pHyw,east-point-georgia
https://www.ubereats.com/atlanta/food-delivery/the-ice-cream-shop/kmiF8pHuQaGSk4WyvY-GdA,east-point-georgia
https://www.ubereats.com/atlanta/food-delivery/sadiqs-bistro/aR8nz1SYRA23_snesSXXUA,east-point-georgia
https://www.ubereats.com/atlanta/food-delivery/t-cakes-bakes/YM1_gtKzT-yQPIhX45iC7Q,east-point-georgia
https://www.ubereats.com/atlanta/food-delivery/the-generals-jerk-shack/gUubPWA6Sy69zcthusYtKA,east-point-georgia
https://www.ubereats.com/atlanta/food-delivery/marcos-pizza-3231-camp-creek-pkwy/F7Vxaas7SoWlgsy4Gi2_-w,east-point-georgia
https://www.ubereats.com/atlanta/food-delivery/volare-bistro-hapeville/gMznbjXDSYqibEnGR4uVoA,east-point-georgia
https://www.ubereats.com/atlanta/food-delivery/trap-dog-wings-%26-burgers/outNAQKhSAOyD-m7ILpehw,east-point-georgia
https://www.ubereats.com/atlanta/food-delivery/churchs-chicken-1796-delowe-drive/iC6btP-kQaWWiX3UNgSn3A,east-point-georgia
https://www.ubereats.com/atlanta/food-delivery/boston-fish-supreme/lSTbvPs-SnOd5a0mSgDVeQ,east-point-georgia
https://www.ubereats.com/atlanta/food-delivery/american-deli-363-hill-street/c05dsiD4RI654GdAYAMjCg,east-point-georgia
https://www.ubereats.com/atlanta/food-delivery/keianns-potatoe-potahto/CnWfE5PKSoSmLFhSYYfB7Q,east-point-georgia
https://www.ubereats.com/atlanta/food-delivery/city-garden/Clv6m9WXSNqf1alwx4IBhg,east-point-georgia
https://www.ubereats.com/atlanta/food-delivery/smoke-house-bbq/W8e7Z5AKRTWC5hW4Tu1NUA,east-point-georgia
https://www.ubereats.com/atlanta/food-delivery/great-wings/c9uKTsOkTUCfkrMv5LzE8A,east-point-georgia
https://www.ubereats.com/atlanta/food-delivery/olyzubbys-kitchen-a-taste-of-africa/WCW7KBMDTGm1lznvDqmlhg,east-point-georgia
https://www.ubereats.com/atlanta/food-delivery/224-west-african-cuisine/uxKGultWTv2AOOB1qFd0sg,east-point-georgia
https://www.ubereats.com/atlanta/food-delivery/churchs-chicken-5630-riverdale-rd/keDxmslLRzePNDpWy7SZ3g,east-point-georgia
https://www.ubereats.com/atlanta/food-delivery/adamsville-grill/ZFljCZUkTE2LPA4wHo3QIg,east-point-georgia
https://www.ubereats.com/atlanta/food-delivery/j-buffalo-wing-campcreek/3YWeth5xSW-BnVgXA4ozxg,east-point-georgia
https://www.ubereats.com/atlanta/food-delivery/chicago-style-sandwiches-%26-more-college-park/bTdSH3piSROCC0KF8jEfRQ,east-point-georgia
https://www.ubereats.com/atlanta/food-delivery/ubar/9XEhs-ELTbCBXqNho_wuWA,east-point-georgia
https://www.ubereats.com/atlanta/food-delivery/taste-of-the-island/-WUNY2QjSGeaMBz3DFLcnA,east-point-georgia
https://www.ubereats.com/atlanta/food-delivery/pizza-valley/L_mmALP3Qtq9RB8XSU-BCQ,east-point-georgia
https://www.ubereats.com/atlanta/food-delivery/annalieses-home-dinner-meals/fmuvvoJaQaiNPcnG38nYTw,east-point-georgia
https://www.ubereats.com/atlanta/food-delivery/mad-macs-gourmet-sandwich-shop/npTf5jrpSKeSLxOnfybzVw,east-point-georgia
https://www.ubereats.com/atlanta/food-delivery/annas-bbq/j8LlUIRMSreEWOBYj4Tl4g,east-point-georgia
https://www.ubereats.com/atlanta/food-delivery/dua-vietnamese-restaurant/tWuWObYJStaBlgTywkw5ZA,east-point-georgia
https://www.ubereats.com/atlanta/food-delivery/jbs-billiards-and-bar/2OfwrRzOTXeEL7CtOf5ROg,east-point-georgia
https://www.ubereats.com/atlanta/food-delivery/papa-johns-2685-metropolitan-pkwy-sw-ste-h1/SCGdMFHfQWWoDFIDawwbWQ,east-point-georgia
https://www.ubereats.com/atlanta/food-delivery/starbucks-cascade-road/FrS_7y3uSRqGZLwHkdwqhA,east-point-georgia
https://www.ubereats.com/atlanta/food-delivery/buttersweet-bakery/uabQjuD_QjiM96_bIL9xQQ,east-point-georgia
https://www.ubereats.com/atlanta/food-delivery/crown-italian-kitchen-virtual-restaurant/2x9c56D1TDGFT7hu59puig,east-point-georgia
https://www.ubereats.com/atlanta/food-delivery/answer-the-bell-2/qwGHAXCTRB-AApmUactUEQ,east-point-georgia
https://www.ubereats.com/atlanta/food-delivery/papa-johns-561-forest-parkway-suite-8/XcPjFT5uRc2vKNqK6ch2YA,east-point-georgia
https://www.ubereats.com/atlanta/food-delivery/vegetarian-fusion/z_2-_S3XQf2xhU_3MgNetA,east-point-georgia
https://www.ubereats.com/atlanta/food-delivery/pbl-plantbased-lifestyle/tAtup2HgQlKoSaixBJc-DA,east-point-georgia
https://www.ubereats.com/atlanta/food-delivery/rays-southern-foods-catering-and-events-forest-park/WiYuxD2CQ-qxNrU88kag4Q,east-point-georgia
https://www.ubereats.com/atlanta/food-delivery/papa-johns-4548-jonesboro-rd-ste-b/sm3Mj7GRSieKj5WrNdpKqA,east-point-georgia
https://www.ubereats.com/atlanta/food-delivery/best-burgers/uhwOlIiOQvidloLh59xulg,east-point-georgia
https://www.ubereats.com/atlanta/food-delivery/checkers-5175-old-national-hwy/Lxue8NgERA2hvDDqxfqjUw,east-point-georgia
https://www.ubereats.com/atlanta/food-delivery/d-cafe-and-catering-llc/dsTBB2C7Q0GjKXwF8X8snA,east-point-georgia
https://www.ubereats.com/atlanta/food-delivery/genesis-bar-%26-grill-college-park/LQeS8_HETfualDtO4JcGWg,east-point-georgia
https://www.ubereats.com/atlanta/food-delivery/shake-shack-670-dekalb-avenue-ne/2uB0eo9AS3uYob-zv-21eg,east-point-georgia
https://www.ubereats.com/atlanta/food-delivery/fellaship-lounge/tzuPy9zxSUegVE2UqlQllA,east-point-georgia
https://www.ubereats.com/atlanta/food-delivery/taco-bell-545-lee-st-sw/QNVGIbOBSvuHuETIfrM2xA,east-point-georgia
https://www.ubereats.com/atlanta/food-delivery/zaxbys-3770-princeton-lakes-pkwy/Z2Z0oZPrRuGq89khewipSQ,east-point-georgia
https://www.ubereats.com/atlanta/food-delivery/600-degrees-pizza/6uaj2F7QQ16ZQKfntsJL0A,east-point-georgia
https://www.ubereats.com/atlanta/food-delivery/mrs-winners/a7n62GA2TSiHHC7Ulbu9hg,east-point-georgia
https://www.ubereats.com/atlanta/food-delivery/the-mustard-seed-bbq/bgNqsvIPTuWFYCiGOkiTqQ,east-point-georgia
https://www.ubereats.com/atlanta/food-delivery/hungry-cafe/nPZVKwwGTsG9bMVw9J8LsA,east-point-georgia
https://www.ubereats.com/atlanta/food-delivery/mr-everything-cafe-fairburn/SjMFMza7Q-yulqzdhKxCzA,east-point-georgia
