url,city
https://www.ubereats.com/nyc-suburbs/food-delivery/pizza-bella/-touD2uLQGit96MSB7YHxQ,eastchester-new-york
https://www.ubereats.com/nyc-suburbs/food-delivery/homefield-deli-and-restaurant/touUC-lBSEyM_Jkcds7DPg,eastchester-new-york
https://www.ubereats.com/nyc-suburbs/food-delivery/dunkin-2248-central-park-ave/ltah322ERWmpB5UlCTPWcg,eastchester-new-york
https://www.ubereats.com/nyc-suburbs/food-delivery/dunkin-427-e-boston-post-rd/0kGFsj7bTnuuw5hKRFA8dQ,eastchester-new-york
https://www.ubereats.com/nyc-suburbs/food-delivery/mcdonalds-mt-vernon-gramatan-ave/URdUXXi7RlqykOJseYv3hQ,eastchester-new-york
https://www.ubereats.com/new-york/food-delivery/taiim-falafel-shack/iMNJgFfcRtOGtuOFkbV9jg,eastchester-new-york
https://www.ubereats.com/nyc-suburbs/food-delivery/dunkin-70-major-deegan-expy/SmslzG5ZRgmEFLXIbz-VpA,eastchester-new-york
https://www.ubereats.com/nyc-suburbs/food-delivery/bango-bowls-larchmont/CjYrutIzRdu5dz7d_nw6cA,eastchester-new-york
https://www.ubereats.com/nyc-suburbs/food-delivery/g-%26-a-deli/1a7bhP0zTI-IZQNBDUylnA,eastchester-new-york
https://www.ubereats.com/nyc-suburbs/food-delivery/greenburg-salads/9T_ym-ReTbOOXJ4vf-YaXQ,eastchester-new-york
https://www.ubereats.com/nyc-suburbs/food-delivery/fongxing-chinese-restsurant/kCRS3IorT5WmCNvAioq8zA,eastchester-new-york
https://www.ubereats.com/nyc-suburbs/food-delivery/the-juice-shack-inc/LCVhVZr7T1WpsLFkopBQyQ,eastchester-new-york
https://www.ubereats.com/nyc-suburbs/food-delivery/columbus-diner/DUesK9Y5REqQ4sSVlPtcSQ,eastchester-new-york
https://www.ubereats.com/nyc-suburbs/food-delivery/rosas-la-scarbitta-ristorante-mamaroneck/L8bX5QjzRmi2qwdbHFLvXA,eastchester-new-york
https://www.ubereats.com/nyc-suburbs/food-delivery/marcellinos-pizza-%26-pasta/2CJ1PbCsTU6b7E3QNtu23g,eastchester-new-york
https://www.ubereats.com/nyc-suburbs/food-delivery/the-roaster-cafe/7v9FoxdgSxWvJhroy4koEA,eastchester-new-york
https://www.ubereats.com/nyc-suburbs/food-delivery/red-lotus-thai-restaurant/2n1dNQjIS_SbX3mW4g6JEQ,eastchester-new-york
https://www.ubereats.com/nyc-suburbs/food-delivery/carvel-2-depot-square/tfPllgE1SFGjC3La4V2dgA,eastchester-new-york
https://www.ubereats.com/nyc-suburbs/food-delivery/ultimate-juices/VhwYh0EwR9KjbS6-KKIJBw,eastchester-new-york
https://www.ubereats.com/new-york/food-delivery/vijiyawada-briyani-yonkers/cqE0nz5wQZu9kzm2JY1Usg,eastchester-new-york
https://www.ubereats.com/nyc-suburbs/food-delivery/new-china/HfcO_3IcQE60I-pZG6jB3g,eastchester-new-york
https://www.ubereats.com/nyc-suburbs/food-delivery/dennys-buffet/nwnSVWzkREaljdYyqneahQ,eastchester-new-york
https://www.ubereats.com/nyc-suburbs/food-delivery/la-herradura-inc-ii/Ee4B3TwVSpOHqVx5jTxSJA,eastchester-new-york
https://www.ubereats.com/nyc-suburbs/food-delivery/delite-bake-shop/HOzrcmB5Tb6LPM3UF44FFw,eastchester-new-york
https://www.ubereats.com/nyc-suburbs/food-delivery/dunkin-980-e-233rd-st/gmXKEnuERQGhI8ldHXn-3A,eastchester-new-york
https://www.ubereats.com/nyc-suburbs/food-delivery/guapo-cocina-mexicana/UAvGU8aeS4a7yV8f4ml1Lw,eastchester-new-york
https://www.ubereats.com/nyc-suburbs/food-delivery/rocbody-fitness-cafe/IOcgMhMCTI2BC3CLEFwnlQ,eastchester-new-york
https://www.ubereats.com/nyc-suburbs/food-delivery/catanias-pizza-and-calzone/NAzRZV6NTsCpup7CYy8ssQ,eastchester-new-york
https://www.ubereats.com/nyc-suburbs/food-delivery/rafele-rye-purchase-st/5E4yqX_9Q06ceLgJ73CBNw,eastchester-new-york
https://www.ubereats.com/nyc-suburbs/food-delivery/loupinos-deli-and-catering/81NDssBnQiaaUFm42QtlIQ,eastchester-new-york
https://www.ubereats.com/nyc-suburbs/food-delivery/healthy-zone/wIqGfXNGRHmR9NlSS74Unw,eastchester-new-york
https://www.ubereats.com/new-york/food-delivery/buddha-asian-bistro/DpXLDrjoSyuCN-8SNoFxBA,eastchester-new-york
https://www.ubereats.com/nyc-suburbs/food-delivery/carvel-639-mclean-ave/nUBetAMlQfexYtGMfmQ1ug,eastchester-new-york
https://www.ubereats.com/nyc-suburbs/food-delivery/sedona-taphouse-mamaroneck/NFwq58_MQmac63bVwVWQQw,eastchester-new-york
https://www.ubereats.com/nyc-suburbs/food-delivery/carmines-italian-deli-and-cafe/P3xjPMYFSVOiKDXIM33rQg,eastchester-new-york
https://www.ubereats.com/nyc-suburbs/food-delivery/ruths-chris-steak-house-670-white-plains-rd/SUgnrgLRSA6-E-24CZvjvQ,eastchester-new-york
https://www.ubereats.com/nyc-suburbs/food-delivery/nathans-famous-2290-central-park-ave/2VV0X8m7RzOL8g8ldHpavg,eastchester-new-york
https://www.ubereats.com/new-york/food-delivery/atit-thai-restaurant/PA84smGmQXil3z7RRkUtXA,eastchester-new-york
https://www.ubereats.com/nyc-suburbs/food-delivery/el-sabor-latino-new-rochelle/MTOU3isoRky_Rr_Hlp0keA,eastchester-new-york
https://www.ubereats.com/nyc-suburbs/food-delivery/bbq-rib-house/RvRvtXnwSN2T8Axxhzc_JQ,eastchester-new-york
https://www.ubereats.com/nyc-suburbs/food-delivery/boro6-wine-bar/Wc1qYG6-TJuBn7cW-VORhg,eastchester-new-york
https://www.ubereats.com/nyc-suburbs/food-delivery/swirlnjoy/NV2qqBDyRYGlzcMZloXakQ,eastchester-new-york
https://www.ubereats.com/nyc-suburbs/food-delivery/jackie-bs/9IxMPbbTQHWzqF7CEPFGkg,eastchester-new-york
https://www.ubereats.com/nyc-suburbs/food-delivery/turkish-cuisine/t2xnU0hgT5mBdsVUHWfkKg,eastchester-new-york
https://www.ubereats.com/nyc-suburbs/food-delivery/central-plaza-diner/EKZzuh87SOalXSD677p4-g,eastchester-new-york
https://www.ubereats.com/nyc-suburbs/food-delivery/the-chipper-cafe-pelham/vOlUFgOEQeqNbLSNNDPAjg,eastchester-new-york
https://www.ubereats.com/nyc-suburbs/food-delivery/famous-peppinos-pizza-yonkers/qsyne5T4TauVJ8Uq5QhTeQ,eastchester-new-york
https://www.ubereats.com/nyc-suburbs/food-delivery/super-deli/KVOX5tKTS1GxaL9ENtgJsA,eastchester-new-york
https://www.ubereats.com/nyc-suburbs/food-delivery/aurora/GpAF3sqXQ8uyUEfM1N3Ieg,eastchester-new-york
https://www.ubereats.com/nyc-suburbs/food-delivery/jus-jerk/Q3Ln5dDrRfKmrbakqnoqwQ,eastchester-new-york
https://www.ubereats.com/nyc-suburbs/food-delivery/dunkin-296-mclean-ave/I0P86aMlREi0CnkYsYRc7A,eastchester-new-york
https://www.ubereats.com/nyc-suburbs/food-delivery/grassy-sprain-diner/mkS8NE9MQIWjjt7Dg7AaXQ,eastchester-new-york
https://www.ubereats.com/nyc-suburbs/food-delivery/wingstop-yonkers/IB3y8AJWRjaP0RNxz_s4Uw,eastchester-new-york
https://www.ubereats.com/nyc-suburbs/food-delivery/marcos-pizza/6vDlUW3eTIiH8SNxRleyRA,eastchester-new-york
https://www.ubereats.com/nyc-suburbs/food-delivery/frankie-%26-johnnies-steakhouse/e5CIb0PrTAG2W_csQn0Buw,eastchester-new-york
https://www.ubereats.com/new-york/food-delivery/new-tokyo-house-of-yonkers/f5F7uyf0S72OZN-NxZUsYA,eastchester-new-york
https://www.ubereats.com/nyc-suburbs/food-delivery/mezzaluna-118-brook-st/aihm9eYsQKS10nKRsDA_TQ,eastchester-new-york
https://www.ubereats.com/new-york/food-delivery/new-golden-wok/0OlzM4hVRcO58X1dXSPLjw,eastchester-new-york
https://www.ubereats.com/nyc-suburbs/food-delivery/meal-prep-xpress/dqfMJKW_TiCF1k0Jmu3YLQ,eastchester-new-york
https://www.ubereats.com/nyc-suburbs/food-delivery/battaglia-brothers/bTZ5v86NSQW912tVnw6e9w,eastchester-new-york
https://www.ubereats.com/nyc-suburbs/food-delivery/el-rey-del-taco/vouwxm-jRn-pvgU4269huA,eastchester-new-york
https://www.ubereats.com/nyc-suburbs/food-delivery/boston-market-667-w-boston-post-road/O8KsbCwoQF2WDbuyV1xubQ,eastchester-new-york
https://www.ubereats.com/nyc-suburbs/food-delivery/dunkin-229-mamaroneck-ave/mSdud2eoQR-XYQsCBHz7Uw,eastchester-new-york
https://www.ubereats.com/nyc-suburbs/food-delivery/slice-of-scarsdale/TdkUfWa8Rr-NBxKDdIvKBQ,eastchester-new-york
https://www.ubereats.com/nyc-suburbs/food-delivery/plates/3yVsQZqFRwKL06NYAqNvpw,eastchester-new-york
https://www.ubereats.com/nyc-suburbs/food-delivery/village-lanchonette/_smsP_dAQOG6vZL6i-nqbw,eastchester-new-york
https://www.ubereats.com/nyc-suburbs/food-delivery/starbucks-mamaroneck/T-0aYminS_eqmP2YkLGPBg,eastchester-new-york
https://www.ubereats.com/nyc-suburbs/food-delivery/apiary/Amb4w9XORHi6ju4pekn9-A,eastchester-new-york
https://www.ubereats.com/nyc-suburbs/food-delivery/lawton-street-tavern/GhxstClOTnOZrlm3QLxlrw,eastchester-new-york
https://www.ubereats.com/nyc-suburbs/food-delivery/abeetz-mobile-pizza-truck/asXKTm01QK-elexj1VrilQ,eastchester-new-york
https://www.ubereats.com/nyc-suburbs/food-delivery/patrizias-of-woodlawn/hIq0d0GwQCKKXKLhd16-Rw,eastchester-new-york
https://www.ubereats.com/nyc-suburbs/food-delivery/eastchester-odyssey-restaurant-diner/2a9ZIcqnSpiWqqFIazHPWw,eastchester-new-york
https://www.ubereats.com/nyc-suburbs/food-delivery/sobol-yonkers/d-BL4HLCQOeIaucL9_yhdQ,eastchester-new-york
https://www.ubereats.com/new-york/food-delivery/foo-hing-kitchen/1gGP06zFTSWKDR5wh6oakw,eastchester-new-york
https://www.ubereats.com/nyc-suburbs/food-delivery/retro-520-diner/QPPk33bwSSS81cDZdGaP4g,eastchester-new-york
https://www.ubereats.com/nyc-suburbs/food-delivery/la-renaissance-bakery/EmaNhKYJT324bdLl59dd-A,eastchester-new-york
https://www.ubereats.com/nyc-suburbs/food-delivery/dunkin-4399a-white-plains-rd/Drpr1iRBQ4mioz8NhZtv_w,eastchester-new-york
https://www.ubereats.com/nyc-suburbs/food-delivery/aos-sandwich-king/XE3_gfA6REKUJRYjgeiucA,eastchester-new-york
https://www.ubereats.com/nyc-suburbs/food-delivery/amangiare/-u7fqwkQTp-ya_jp2nU-RQ,eastchester-new-york
https://www.ubereats.com/nyc-suburbs/food-delivery/bagel-oven/u-XNpKdUQCmHg_ha-Yz8KQ,eastchester-new-york
https://www.ubereats.com/nyc-suburbs/food-delivery/superlicious-nyc/LZetE8ehTp-z2WGlfcMaQg,eastchester-new-york
https://www.ubereats.com/nyc-suburbs/food-delivery/sushi-mikes/Z6MhNQWPTWWCDCteF3tzLg,eastchester-new-york
https://www.ubereats.com/nyc-suburbs/food-delivery/carib-good-eats-seafood-%26-grill/QaktDFvfQWmpeRxEmn_MBA,eastchester-new-york
https://www.ubereats.com/nyc-suburbs/food-delivery/antment-smoke-shop-%26-deli-llc/BhcFQRpsSZCD8wbRw3q9tw,eastchester-new-york
https://www.ubereats.com/nyc-suburbs/food-delivery/go-fish-takeout/vFfIGijqSH2hNkxoIaP6Aw,eastchester-new-york
https://www.ubereats.com/nyc-suburbs/food-delivery/241-cafe/1RQg5PjiSIqJRZWPkFcuwA,eastchester-new-york
https://www.ubereats.com/nyc-suburbs/food-delivery/the-taco-project/iuXFZmm9Qjqe9875-kA4-A,eastchester-new-york
https://www.ubereats.com/nyc-suburbs/food-delivery/wilys-empanadas/rQuEMJH9SeGPsspaJXocLw,eastchester-new-york
https://www.ubereats.com/nyc-suburbs/food-delivery/shiki-fusion/-8PV0Mz9SCu-2QvBYMTsjA,eastchester-new-york
https://www.ubereats.com/nyc-suburbs/food-delivery/dunkin-9-gramatan-ave-%23-15/Bwwxt5BXSOuOXPBKwnnPyw,eastchester-new-york
https://www.ubereats.com/new-york/food-delivery/taco-bell-new-rochelle/No0rU6JYRgC0d1qIA6Unvg,eastchester-new-york
https://www.ubereats.com/nyc-suburbs/food-delivery/pizzarellis-pizza-%26-pasta/6xIn12AwTiywo9REj5gfZw,eastchester-new-york
https://www.ubereats.com/nyc-suburbs/food-delivery/dos-marias-bar-%26-restaurant/9xa8frDgTMqTgOpRpPrSbg,eastchester-new-york
https://www.ubereats.com/nyc-suburbs/food-delivery/marios-pizza-%26-restaurant/MHR7IxpCQ1SZ82gT1cau9Q,eastchester-new-york
https://www.ubereats.com/nyc-suburbs/food-delivery/tuckahoe-station-cafe/zJ9aanzWSd6tGhwJTsTplw,eastchester-new-york
https://www.ubereats.com/nyc-suburbs/food-delivery/sweetpoatoes/Jf7c3sRPRDS0FSX_0FNrGw,eastchester-new-york
https://www.ubereats.com/nyc-suburbs/food-delivery/bread-and-brine/y4u1HC8oShaSXcwzLBl64A,eastchester-new-york
https://www.ubereats.com/nyc-suburbs/food-delivery/new-york-bagels-deli-%26-cafe/uerEjU5WSc-Z3plifpqrhw,eastchester-new-york
https://www.ubereats.com/nyc-suburbs/food-delivery/le-sirene-ristorante/2o6ZqaxMTXmC3oS9ee6gkw,eastchester-new-york
https://www.ubereats.com/nyc-suburbs/food-delivery/magnos-grill/pGNrle1lRTakkWc-H-HuJA,eastchester-new-york
https://www.ubereats.com/nyc-suburbs/food-delivery/new-york-deli/O7EkzjjaQJqUWH16gA7smQ,eastchester-new-york
https://www.ubereats.com/nyc-suburbs/food-delivery/curryspot-indian-restaurant/iLli2I0DT-uB5q88za0ASA,eastchester-new-york
https://www.ubereats.com/nyc-suburbs/food-delivery/nathans-famous-158-market-street/WqKiQRB-QWiciOLVHrE6Eg,eastchester-new-york
https://www.ubereats.com/nyc-suburbs/food-delivery/2-buck%24-subs/7oactAGVR6uCYMhQdQUSig,eastchester-new-york
https://www.ubereats.com/nyc-suburbs/food-delivery/eden-wok/xpJih0AWSGCuZoHk5guAaw,eastchester-new-york
https://www.ubereats.com/nyc-suburbs/food-delivery/dunkin-1481-weaver-st/Z0mTQUYiT6WecACbs02MTg,eastchester-new-york
https://www.ubereats.com/nyc-suburbs/food-delivery/brothers-seafood-store-%232/nl4Kwzv8Tj6NBxbr3JtZbg,eastchester-new-york
https://www.ubereats.com/nyc-suburbs/food-delivery/tio-nacho/3sV7M4QIT5W3Ek8idNrFfg,eastchester-new-york
https://www.ubereats.com/nyc-suburbs/food-delivery/burkes-restaurant-and-bar/aO3pRLQkSNmOalUh0NMCtg,eastchester-new-york
https://www.ubereats.com/nyc-suburbs/food-delivery/moscato-scarsdale/PVwibTeJQ0etyCkza3RkqQ,eastchester-new-york
https://www.ubereats.com/nyc-suburbs/food-delivery/carvel-1178-yonkers-ave/-8qlxN5LQVSLY1rxncpWtQ,eastchester-new-york
https://www.ubereats.com/nyc-suburbs/food-delivery/healthy-eaters-cafe/xOI99fivTMe6OWQzbEfvMg,eastchester-new-york
https://www.ubereats.com/nyc-suburbs/food-delivery/tomo/SK_aiM78TP6eTJOWli6Qbg,eastchester-new-york
https://www.ubereats.com/nyc-suburbs/food-delivery/las-palmas/D3Uig60MSlO2LTUnbTkjcw,eastchester-new-york
https://www.ubereats.com/nyc-suburbs/food-delivery/carvel-1006-e-233rd-street/SS7V26g8TneSAeyD8oAnDg,eastchester-new-york
https://www.ubereats.com/nyc-suburbs/food-delivery/angelinas-ristorante/TzU5_q1JTxiZzBfqQnUJug,eastchester-new-york
https://www.ubereats.com/nyc-suburbs/food-delivery/jamaica-kitchen-pastries-inc/fVbqSfTsTKOYLLgBdtwCKA,eastchester-new-york
https://www.ubereats.com/new-york/food-delivery/ho-ho-restaurant/38C85W62Rzq4Yd90Nr_ucA,eastchester-new-york
https://www.ubereats.com/nyc-suburbs/food-delivery/dunkin-712-e-233rd-st/a4WUNClcTPmDXFMMra3w1A,eastchester-new-york
https://www.ubereats.com/nyc-suburbs/food-delivery/la-casona-mexican-fusion/XHgcgwPESAu6jPl_xTIxuQ,eastchester-new-york
https://www.ubereats.com/nyc-suburbs/food-delivery/chutney-masala-bistro/pXBKtlzQRD2q7ppzxPyEtg,eastchester-new-york
https://www.ubereats.com/nyc-suburbs/food-delivery/alfredos-pizza/Hy-SyYekQE6WqHvBnEVN9Q,eastchester-new-york
https://www.ubereats.com/nyc-suburbs/food-delivery/el-balon-cantina/PjGZhmpvQIOHZokc869Akg,eastchester-new-york
https://www.ubereats.com/new-york/food-delivery/cruz-mini-mart/COBvZk2GSISJcmPvQmwYjQ,eastchester-new-york
https://www.ubereats.com/nyc-suburbs/food-delivery/havana-central-westchester/4pMDHy53SSmjWxd90uBhGw,eastchester-new-york
https://www.ubereats.com/nyc-suburbs/food-delivery/wendys-3636-boston-road/TWq3qHvCTLSHam2km4gjOg,eastchester-new-york
https://www.ubereats.com/nyc-suburbs/food-delivery/garden-catering-mamaroneck/KOyAbJwXTa6DWEo7C3NslA,eastchester-new-york
https://www.ubereats.com/nyc-suburbs/food-delivery/gjonis-pizza/Dq0056giQum8Lluj9BQKrQ,eastchester-new-york
https://www.ubereats.com/nyc-suburbs/food-delivery/the-urban-hamlet/BpMSUQC7QViE-XauXJbiow,eastchester-new-york
https://www.ubereats.com/nyc-suburbs/food-delivery/mcdonalds-northwest-yonkers-1200-nepperhan-ave/eOfD02oXRRmGqC3V4aOr4w,eastchester-new-york
https://www.ubereats.com/nyc-suburbs/food-delivery/tgi-fridays-791-scarsdale-ny/BDAT-x3FR8qi-15n0dcaqQ,eastchester-new-york
https://www.ubereats.com/nyc-suburbs/food-delivery/prima-deli-%26-catering/RbRxFUJiQHyHUy3ceNKhHA,eastchester-new-york
https://www.ubereats.com/nyc-suburbs/food-delivery/walters-hot-dogs-food-truck/XwBZ6YvqTdeRj6satfo5kA,eastchester-new-york
https://www.ubereats.com/nyc-suburbs/food-delivery/red-ruby/VTPiN_cbTgGRHtpd0KbA9w,eastchester-new-york
https://www.ubereats.com/nyc-suburbs/food-delivery/captain-crab/y0fCK2hDQ_i8dt2MKOaiNg,eastchester-new-york
https://www.ubereats.com/nyc-suburbs/food-delivery/pf-changs-125-westchester-ave-space-d315/ehT6sh7SRM66zTBSfukUOg,eastchester-new-york
https://www.ubereats.com/nyc-suburbs/food-delivery/mediterraneo-white-plains/ERRl_XKYTW2OZgJQWGq6lQ,eastchester-new-york
https://www.ubereats.com/nyc-suburbs/food-delivery/gordys-burger-house/Hz9UdETRQx65isBJS3n6sw,eastchester-new-york
https://www.ubereats.com/nyc-suburbs/food-delivery/alfredos-pizza-cafe/8YwtPiOLSdeI8nUWoUGKqA,eastchester-new-york
https://www.ubereats.com/nyc-suburbs/food-delivery/mad-donuts/EKgwmMEJT0qOuCLWdOXZGg,eastchester-new-york
https://www.ubereats.com/new-york/food-delivery/i-got-the-juice/9klgmt02Ry-A48LsK_HGUw,eastchester-new-york
https://www.ubereats.com/nyc-suburbs/food-delivery/carnada-and-paellas/D4HRSzV6T8q46Slp-pX01Q,eastchester-new-york
https://www.ubereats.com/new-york/food-delivery/little-thai-kitchen-scarsdale/hEJoFee9TsW3eiHhcCDQ8Q,eastchester-new-york
https://www.ubereats.com/nyc-suburbs/food-delivery/%231-sabor-latino/bAlQf9bWTza4-Oh1zWzafg,eastchester-new-york
https://www.ubereats.com/nyc-suburbs/food-delivery/rani-mahal-indian-cuisine/34hQk_oCStKPDDvKb5F7BA,eastchester-new-york
https://www.ubereats.com/nyc-suburbs/food-delivery/sweet-potatoes-restaurant/o6EM_xfiRk-P1MFksyv--Q,eastchester-new-york
https://www.ubereats.com/new-york/food-delivery/kings-wok/cqpN6bpHQ9i6MprX0zZZrQ,eastchester-new-york
https://www.ubereats.com/nyc-suburbs/food-delivery/mont-olympos-diner/1B8DZHIoS820_iKTBxfFfg,eastchester-new-york
https://www.ubereats.com/nyc-suburbs/food-delivery/edo-restaurant/hxbf21_xTgCRTMBATXsFrg,eastchester-new-york
https://www.ubereats.com/nyc-suburbs/food-delivery/starbucks-wykagyl/CPRxNSO8TUiitUsosCT6Ng,eastchester-new-york
https://www.ubereats.com/nyc-suburbs/food-delivery/la-chapincita/NfWhA0HpTvWX2DSse8HjOQ,eastchester-new-york
https://www.ubereats.com/nyc-suburbs/food-delivery/harbour-fish-and-company/fmSqQbh2SXyNWRGtY20qlg,eastchester-new-york
https://www.ubereats.com/nyc-suburbs/food-delivery/16-handles-new-rochelle/6IaXHsgSTnG7FNx2Yy9nqg,eastchester-new-york
https://www.ubereats.com/nyc-suburbs/food-delivery/dunkin-1591-central-park-ave/JU8kym7MSQmva21Rdivmrw,eastchester-new-york
https://www.ubereats.com/nyc-suburbs/food-delivery/durian-express/uu08taoxR16aU3m-VZs7kQ,eastchester-new-york
https://www.ubereats.com/nyc-suburbs/food-delivery/hong-kong-restaurant/Qtd9gmeYTM2L12ydh5ps9A,eastchester-new-york
https://www.ubereats.com/nyc-suburbs/food-delivery/the-chocolate-box-cafe/ba9iNhjdSUqQ7WCSARUDqA,eastchester-new-york
https://www.ubereats.com/new-york/food-delivery/fantasy-cuisine/6QQlSv6DQ5-nnHL_UYmusA,eastchester-new-york
https://www.ubereats.com/nyc-suburbs/food-delivery/al-cholo-bakery/YBLyMjQxQl-f67EPOHV8NQ,eastchester-new-york
https://www.ubereats.com/nyc-suburbs/food-delivery/fresh-taco/GpWmQszORlOoDyycVIlZSQ,eastchester-new-york
https://www.ubereats.com/nyc-suburbs/food-delivery/tasty-burgers/0ND9q8b3TTqwXAzEmByyIg,eastchester-new-york
https://www.ubereats.com/nyc-suburbs/food-delivery/carlos-pizza/QdDJjgp3R7y8IvgnfMc3yg,eastchester-new-york
https://www.ubereats.com/nyc-suburbs/food-delivery/dunkin-132-bronx-river-rd/utsq0xncRGuTz_mw4qPjag,eastchester-new-york
https://www.ubereats.com/new-york/food-delivery/irvington-delight/4YzDYh2oRMS2wJbOlKAn1A,eastchester-new-york
https://www.ubereats.com/nyc-suburbs/food-delivery/snap-stop/zhgDj7G3QLmFurbQWAZ9CA,eastchester-new-york
https://www.ubereats.com/nyc-suburbs/food-delivery/minis-latin-fusion/byGHECkdQea80L07NkXP0Q,eastchester-new-york
https://www.ubereats.com/nyc-suburbs/food-delivery/lake-avenue-kitchen/2aTnwOfeTHmDzVh4uxciQw,eastchester-new-york
https://www.ubereats.com/new-york/food-delivery/splendid-diner/S6TB_H8BQn6rEkv7NnHppA,eastchester-new-york
https://www.ubereats.com/nyc-suburbs/food-delivery/taco-bell-1920-central-park-ave/zyeS842fSR-flg0BoTZSxQ,eastchester-new-york
https://www.ubereats.com/nyc-suburbs/food-delivery/dunkin-4785-boston-post-rd/rFUrJmHcS4-WCjB8iDZqtQ,eastchester-new-york
https://www.ubereats.com/nyc-suburbs/food-delivery/little-thai-kitchen-scarsdale/hEJoFee9TsW3eiHhcCDQ8Q,eastchester-new-york
https://www.ubereats.com/nyc-suburbs/food-delivery/dunkin-85-north-ave/rez7gcFnQ9yRLPz3t5IjsA,eastchester-new-york
https://www.ubereats.com/nyc-suburbs/food-delivery/saw-mill-tavern/jdGoWVrHTHe4jIREqIqYgQ,eastchester-new-york
https://www.ubereats.com/nyc-suburbs/food-delivery/lombardos/LWyJSfjWTICz56s9bbVNtQ,eastchester-new-york
https://www.ubereats.com/nyc-suburbs/food-delivery/goffmans-super-deli/9FKKbNVvT9-yoFycGEr7Qw,eastchester-new-york
https://www.ubereats.com/new-york/food-delivery/red-lotus-thai-restaurant/2n1dNQjIS_SbX3mW4g6JEQ,eastchester-new-york
https://www.ubereats.com/nyc-suburbs/food-delivery/excelencia-mexicana-ii/6gwSURqHSEmBkKabfQ4TPg,eastchester-new-york
https://www.ubereats.com/nyc-suburbs/food-delivery/carvel-1223-nepperhan-ave/mXIf83ztRmab7BMAKef63w,eastchester-new-york
https://www.ubereats.com/nyc-suburbs/food-delivery/hot-spot-white-plains/nbyI97zySLCH1PH-jSguEg,eastchester-new-york
https://www.ubereats.com/nyc-suburbs/food-delivery/subway-324-mamaroneck-ave/F-gLRDSySo6068Ur_NJjJA,eastchester-new-york
https://www.ubereats.com/nyc-suburbs/food-delivery/tacos-on-hudson/qEgV9Sk6SV2MMriW9HfIzQ,eastchester-new-york
https://www.ubereats.com/nyc-suburbs/food-delivery/waffle-box-llc/kcdrifbESKm1UouSfVXiRw,eastchester-new-york
https://www.ubereats.com/nyc-suburbs/food-delivery/north-end-tavern/_OFXF9rsRBSr-8icam8HPg,eastchester-new-york
https://www.ubereats.com/nyc-suburbs/food-delivery/fish-n-ting/iMSUmRKOT0KCAjKGdGbQAA,eastchester-new-york
https://www.ubereats.com/nyc-suburbs/food-delivery/coromandel-cuisine-of-india-new-rochelle/gcKAWU4LT6284G4u2b65ow,eastchester-new-york
https://www.ubereats.com/nyc-suburbs/food-delivery/utica-pie-co/iJGEhlgSSs22W9xYdkFyxA,eastchester-new-york
https://www.ubereats.com/nyc-suburbs/food-delivery/tres-chaves-restaurant/7-fVRfCpRneR-HjRb14o9g,eastchester-new-york
https://www.ubereats.com/nyc-suburbs/food-delivery/moonlight-on-the-ave/c0nzpFf1TaWSDILS398gTA,eastchester-new-york
https://www.ubereats.com/nyc-suburbs/food-delivery/leilas-crepe-station/FcIpNB7ISRq3o4FYsVFXzw,eastchester-new-york
https://www.ubereats.com/nyc-suburbs/food-delivery/el-barrio/i8ptXQXaQvKWvobZlxamKQ,eastchester-new-york
https://www.ubereats.com/nyc-suburbs/food-delivery/le-provencal-bistro/icrc5m_nScOlbQmBFpXBlA,eastchester-new-york
https://www.ubereats.com/new-york/food-delivery/wild-ginger/Q-YXmMz2SBC_HBHBOAl3bQ,eastchester-new-york
https://www.ubereats.com/nyc-suburbs/food-delivery/caridad-%26-louies-yonkers/hKiIsH6FTyi9XeLZLnJW0w,eastchester-new-york
https://www.ubereats.com/nyc-suburbs/food-delivery/tara-bar-%26-grill/q3ZAvkA-Tg-2J9q0F4BZBw,eastchester-new-york
https://www.ubereats.com/nyc-suburbs/food-delivery/eat-n-wings/vhJ5zhx6RdSyXAGofohTbA,eastchester-new-york
https://www.ubereats.com/nyc-suburbs/food-delivery/el-cantito-cafe/26EcHy1_RkO1XcbmiEvJZQ,eastchester-new-york
https://www.ubereats.com/nyc-suburbs/food-delivery/tous-les-jours-hartsdale/A89F9_1gSu-zq4rUWF2Wlg,eastchester-new-york
https://www.ubereats.com/nyc-suburbs/food-delivery/auntie-annes-125-westchester-avenue-%23925/uLG28tr5RjK5KIL0qzKpeA,eastchester-new-york
https://www.ubereats.com/new-york/food-delivery/yonkers-halal-burger-and-wings/rYuxxo58SFaa-YBWOdczGQ,eastchester-new-york
https://www.ubereats.com/nyc-suburbs/food-delivery/modern-on-the-rails-westchester/YCPu8PlrR1mgg1NjO3rUxA,eastchester-new-york
https://www.ubereats.com/new-york/food-delivery/korean-bbq-grill/5Shm_FlMR0CsWqvU91YoWg,eastchester-new-york
https://www.ubereats.com/nyc-suburbs/food-delivery/dunkin-132-tuckahoe-rd/xraqpvBdQN2r5xUCXxXAeA,eastchester-new-york
https://www.ubereats.com/nyc-suburbs/food-delivery/chicken-joes/kvHX1nXGT02vwnPQ2U-5DQ,eastchester-new-york
https://www.ubereats.com/nyc-suburbs/food-delivery/copper-kettle-cafe/ZbMqLAuiRTyDE7fypd1RKg,eastchester-new-york
https://www.ubereats.com/nyc-suburbs/food-delivery/chipotle-mexican-grill-100-s-ridge-st/HvTlRkpKRqeC-DGZ4MHPvw,eastchester-new-york
https://www.ubereats.com/nyc-suburbs/food-delivery/the-avenue-deli-%26-cafe/k6Ow_vubQL-iWMYetbS8fw,eastchester-new-york
https://www.ubereats.com/nyc-suburbs/food-delivery/tonys-pizzeria/7ZF1SOCHRRWO4N2raCZY4A,eastchester-new-york
https://www.ubereats.com/nyc-suburbs/food-delivery/labella-pizzeria-and-restaurant/VOfJN_uYTgKW7xaFi1Xmcg,eastchester-new-york
https://www.ubereats.com/nyc-suburbs/food-delivery/sazon-salvadoreno-vr/N_1LEXHZQXOixgXINEE4IQ,eastchester-new-york
https://www.ubereats.com/nyc-suburbs/food-delivery/jc-fogartys/jYnk4SGLTHK5_-tdBbdWTQ,eastchester-new-york
https://www.ubereats.com/nyc-suburbs/food-delivery/applebees-southeast-yonkers-cross-county-mall/_uAbYY3KRBCQJ6XjdaC6xA,eastchester-new-york
https://www.ubereats.com/nyc-suburbs/food-delivery/caracas-fusion-venezuelan-beach-food/7BAINGxEQRWyo97dsMqQIw,eastchester-new-york
https://www.ubereats.com/nyc-suburbs/food-delivery/the-last-stop-pizzeria/SWQ2Bq6gSM6vNfFdwHroWQ,eastchester-new-york
https://www.ubereats.com/nyc-suburbs/food-delivery/bagel-land/jwlIR09yTbWCgsPdvTVWHg,eastchester-new-york
https://www.ubereats.com/nyc-suburbs/food-delivery/ihop-1375-boston-post-road/Tdc-w2wdQ52aGMN65UPMXQ,eastchester-new-york
https://www.ubereats.com/nyc-suburbs/food-delivery/jcafe/XHTAEsQASP6SZ1Wq9Ic2JQ,eastchester-new-york
https://www.ubereats.com/nyc-suburbs/food-delivery/cestras-pizza-4/qcDaNkkARbGofE2GKIXgsw,eastchester-new-york
https://www.ubereats.com/nyc-suburbs/food-delivery/irvington-delight/4YzDYh2oRMS2wJbOlKAn1A,eastchester-new-york
https://www.ubereats.com/nyc-suburbs/food-delivery/dunkin-570-mamaroneck-ave/zZoi0nfXR3OVLnm-kh8_jA,eastchester-new-york
https://www.ubereats.com/nyc-suburbs/food-delivery/dunkin-1-southfield-ave/YyljxPPxQ5uUE8N9OmrXsQ,eastchester-new-york
https://www.ubereats.com/nyc-suburbs/food-delivery/villaggio-restaurant/KzYg8E4pRZmu144rVdSZbA,eastchester-new-york
https://www.ubereats.com/nyc-suburbs/food-delivery/dunkin-50-mamaroneck-ave/d-6P7i7ZRzqA9wtUYjd9sQ,eastchester-new-york
https://www.ubereats.com/nyc-suburbs/food-delivery/korean-bbq-grill/5Shm_FlMR0CsWqvU91YoWg,eastchester-new-york
https://www.ubereats.com/nyc-suburbs/food-delivery/hurleys-steakhouse-and-pub/HuAY9w82QKuRui9_H2XUXg,eastchester-new-york
https://www.ubereats.com/new-york/food-delivery/taco-bell-3351-conners-street/HEmQH-iCQCShO-8UQXG7xg,eastchester-new-york
https://www.ubereats.com/nyc-suburbs/food-delivery/blue-bamboo/eOPj_Uv8SQSud6d4xpdq8Q,eastchester-new-york
https://www.ubereats.com/nyc-suburbs/food-delivery/taco-el-mexicano/M_DN8SlZTAuHOSNk56agww,eastchester-new-york
https://www.ubereats.com/nyc-suburbs/food-delivery/mr-kold-kuts/Fb40t0EzTCGDoY4O3Lsu4Q,eastchester-new-york
https://www.ubereats.com/nyc-suburbs/food-delivery/dunkin-590-nepperhan-ave/jPV8YpeaRKWAK5ZTp3P4qA,eastchester-new-york
https://www.ubereats.com/nyc-suburbs/food-delivery/nawab/eIlG_fZuT_SYxkh-jtdFTg,eastchester-new-york
https://www.ubereats.com/nyc-suburbs/food-delivery/california-pizza-kitchen-365-central-park-ave/ZPsOu6xGQ3u1D41Gy9otSA,eastchester-new-york
https://www.ubereats.com/nyc-suburbs/food-delivery/dgabby-restaurant/BZhACo0uRNug95mHU1lUZQ,eastchester-new-york
https://www.ubereats.com/nyc-suburbs/food-delivery/little-buddha-hibachisushiasian-bistrocajun-seafood/hcyH0vCrQDe1qES4pME2zA,eastchester-new-york
https://www.ubereats.com/nyc-suburbs/food-delivery/cold-stone-creamery-25-mamaroneck-avenue/q-kvOBM7T1qmi_76kOL32g,eastchester-new-york
https://www.ubereats.com/nyc-suburbs/food-delivery/yonkers-halal-fried-chicken-and-gyros/5I6TudFhTj-9r2Ejt5ro-Q,eastchester-new-york
https://www.ubereats.com/nyc-suburbs/food-delivery/patsys-pizza-new-rochelle/e-kggtRQSLSzFVxqnQCkrg,eastchester-new-york
https://www.ubereats.com/nyc-suburbs/food-delivery/lennys-seafood-and-steakhouse/ElCKDkwaQly9rR51EkNbIw,eastchester-new-york
https://www.ubereats.com/nyc-suburbs/food-delivery/sapori-restaurant-scarsdale/r7SZI4DDRheYfuh9B40sWQ,eastchester-new-york
https://www.ubereats.com/nyc-suburbs/food-delivery/mcdonalds-rochelle-park-north-ave/TyHF5qQdToypZxgUAXXahg,eastchester-new-york
https://www.ubereats.com/nyc-suburbs/food-delivery/gina-maries-trattoria/mtF5n67nRDOUM9VaHANVFw,eastchester-new-york
https://www.ubereats.com/nyc-suburbs/food-delivery/splendid-diner/S6TB_H8BQn6rEkv7NnHppA,eastchester-new-york
https://www.ubereats.com/nyc-suburbs/food-delivery/abs-cafe-n-grill/r1ARAhb4TXOSuu2QN1vxNQ,eastchester-new-york
https://www.ubereats.com/nyc-suburbs/food-delivery/main-st-gourmet-deli/x6TYoK1ySp-MBehbEBOtAg,eastchester-new-york
https://www.ubereats.com/nyc-suburbs/food-delivery/city-limits-diner/lwqyI2JWRriIqGohoxCb6w,eastchester-new-york
https://www.ubereats.com/nyc-suburbs/food-delivery/mesa-maya/Q2oEMzexRw6ZHjHVppQm3w,eastchester-new-york
https://www.ubereats.com/nyc-suburbs/food-delivery/alexs-lounge-ii/gfujqoQ0Tji7bzCZxALmCw,eastchester-new-york
https://www.ubereats.com/nyc-suburbs/food-delivery/mcdonalds-yonkers-2554-central-park-ave/lJka0bwFTWmgR3KeM1DmBg,eastchester-new-york
https://www.ubereats.com/nyc-suburbs/food-delivery/j-%26-g-deli-and-market/cOLLU_okQYyKFcSelUrqwA,eastchester-new-york
https://www.ubereats.com/nyc-suburbs/food-delivery/walters-hot-dogs-mamaroneck-flagship/MGXLg0qUQ8SMbQ-ZYe7spQ,eastchester-new-york
https://www.ubereats.com/nyc-suburbs/food-delivery/wellingtons-grill/Bs8BD-yeSXyg_mJQU97E2w,eastchester-new-york
https://www.ubereats.com/nyc-suburbs/food-delivery/foo-hing-kitchen/1gGP06zFTSWKDR5wh6oakw,eastchester-new-york
https://www.ubereats.com/nyc-suburbs/food-delivery/dunkin-71-major-deegan-expressway/yk3yECqcSUGhoGDMwBSzeg,eastchester-new-york
https://www.ubereats.com/nyc-suburbs/food-delivery/royal-finest-deli-and-grill/oq3b_seUSHSudCpiGdl96w,eastchester-new-york
https://www.ubereats.com/nyc-suburbs/food-delivery/smokehouse-tailgate-grill/UdfVKmg5S-WA5URaA-7vjQ,eastchester-new-york
https://www.ubereats.com/nyc-suburbs/food-delivery/cosi-77-quaker-ridge-rd/Z6gKkc9qRmqyfcEbMtA1mw,eastchester-new-york
https://www.ubereats.com/new-york/food-delivery/chipotle-mexican-grill-250-main-st-ste-101/_rMafc31Q7KMXFrAfAi12Q,eastchester-new-york
https://www.ubereats.com/nyc-suburbs/food-delivery/nikos-greek-taverna/ruYOu12LQKyLZeGSL04SsA,eastchester-new-york
https://www.ubereats.com/nyc-suburbs/food-delivery/dunkin-433-riverdale-ave/Son06029TkGyxndamk0D9A,eastchester-new-york
https://www.ubereats.com/nyc-suburbs/food-delivery/ihop-28-s-central-avenue/U4dlOievTcyjCwP4i_cI9w,eastchester-new-york
https://www.ubereats.com/nyc-suburbs/food-delivery/zenzo-sushi/9orxs8oTR7GiWCOSoxrx6g,eastchester-new-york
https://www.ubereats.com/nyc-suburbs/food-delivery/usa-brazilian-grill/MPlGoUFhQ86gjNnyXSI1mA,eastchester-new-york
https://www.ubereats.com/nyc-suburbs/food-delivery/fonda-5-de-mayo/Ie-fmns7TieEfhToCv9DjQ,eastchester-new-york
https://www.ubereats.com/nyc-suburbs/food-delivery/green-tortilla/w-1LiWI9QeeYJJ6FqIQ5zw,eastchester-new-york
https://www.ubereats.com/nyc-suburbs/food-delivery/dunkin-33-e-lincoln-ave/yYhMHLSGQWCIOaHDMCSXSg,eastchester-new-york
https://www.ubereats.com/nyc-suburbs/food-delivery/caffe-classico/3G4iGdbMQ8eIjuCBYUGnwg,eastchester-new-york
https://www.ubereats.com/nyc-suburbs/food-delivery/paraiso-caribeno/Aukszkf6T7uC3o8jqX2Hqw,eastchester-new-york
https://www.ubereats.com/nyc-suburbs/food-delivery/davids-wings/PJoEyPsoTP20JbNmDqWZ2w,eastchester-new-york
https://www.ubereats.com/nyc-suburbs/food-delivery/roc-n-ramen/uGfmLDsbTyeblwI7gKr41A,eastchester-new-york
https://www.ubereats.com/nyc-suburbs/food-delivery/lastella-deli-%26-cafe/s5cFnTfNRNWZgwARb4jMPg,eastchester-new-york
https://www.ubereats.com/nyc-suburbs/food-delivery/mumbai-spices-indian-cuisine/sdMrlEWAQSyVWEmGctevxA,eastchester-new-york
https://www.ubereats.com/nyc-suburbs/food-delivery/elevation-burger-228-market-street/kqpjt3HXSsyuH3Qc3FlZLA,eastchester-new-york
https://www.ubereats.com/nyc-suburbs/food-delivery/express-deli/s_quKua-RsS_AXRfoezuZQ,eastchester-new-york
https://www.ubereats.com/new-york/food-delivery/chipotle-mexican-grill-405-tarrytown-rd/ZP91e8G7TUyQB2X1zgn6Uw,eastchester-new-york
https://www.ubereats.com/nyc-suburbs/food-delivery/dunkin-851-yonkers-ave/e3ZfZ9zyR8SCL_Vp2fg4vw,eastchester-new-york
https://www.ubereats.com/nyc-suburbs/food-delivery/opa-opa-fresh-greek/ADRp0SGNRWar4yYqsdnaNg,eastchester-new-york
https://www.ubereats.com/nyc-suburbs/food-delivery/little-caesars-wakefield/jvpKwcDVS2Cn5a-0NeHH3g,eastchester-new-york
https://www.ubereats.com/nyc-suburbs/food-delivery/taiim-falafel-shack/iMNJgFfcRtOGtuOFkbV9jg,eastchester-new-york
https://www.ubereats.com/nyc-suburbs/food-delivery/bagels-and-more/AggAFJiHSTa3tzkStuYBWw,eastchester-new-york
https://www.ubereats.com/nyc-suburbs/food-delivery/chipotle-mexican-grill-5510-xavier-dr-spc-5a10/YttGUyD8Ri2-YhYRi9lPyw,eastchester-new-york
https://www.ubereats.com/nyc-suburbs/food-delivery/caribbean-connection-catering/9zgZh-wNTr-1waM6PfSyDg,eastchester-new-york
https://www.ubereats.com/nyc-suburbs/food-delivery/mickey-spillanes/MVt2UDu5RaOayQsvoTww-w,eastchester-new-york
https://www.ubereats.com/nyc-suburbs/food-delivery/langes-of-bronxville/9bSPTn1_TDO7n6M-raZ_Yw,eastchester-new-york
https://www.ubereats.com/nyc-suburbs/food-delivery/the-pizza-shop/0BVutwq0RGmeeIQkMwYlag,eastchester-new-york
https://www.ubereats.com/nyc-suburbs/food-delivery/auntie-annes-6-mall-walk/v-QG7_ovQOKisVjcIRREgw,eastchester-new-york
https://www.ubereats.com/nyc-suburbs/food-delivery/i-thai-westchester-ave/tOy69Sg2Q4iRIBj-Ets27g,eastchester-new-york
https://www.ubereats.com/nyc-suburbs/food-delivery/gyu-kaku-japanese-bbq-white-plains/ADCbgyEyRrOtb-tEB1rVOg,eastchester-new-york
https://www.ubereats.com/nyc-suburbs/food-delivery/dunkin-799-main-st/p1TyQoGkR3yHFU6vcBeufg,eastchester-new-york
https://www.ubereats.com/nyc-suburbs/food-delivery/antojitos-mexicanos-los-primos/ydRcup7iTa6CJRl6gWUmTw,eastchester-new-york
https://www.ubereats.com/nyc-suburbs/food-delivery/five-guys-ny-1232-798-pelham-pkwy/0_ZdgDOKSi2GpnUgXzVUZA,eastchester-new-york
https://www.ubereats.com/nyc-suburbs/food-delivery/little-mexican-cafe/b_K2lZ7ATeCsVHjKDEpu1g,eastchester-new-york
https://www.ubereats.com/nyc-suburbs/food-delivery/cold-stone-creamery-scarsdale/CcnocflIRW-nLLlWR2jD1w,eastchester-new-york
https://www.ubereats.com/nyc-suburbs/food-delivery/applebees-hawthorne/b1Th6N_uRQiiVowdDp3Npw,eastchester-new-york
https://www.ubereats.com/new-york/food-delivery/dumpling-%2B-noodle/QXY9iHKvRnGuU0vdeaYPow,eastchester-new-york
https://www.ubereats.com/new-york/food-delivery/el-corral-mexican-food/P0zIRvfuS868grQ1FsEHeA,eastchester-new-york
https://www.ubereats.com/nyc-suburbs/food-delivery/fenimore-delicatessen/vllNijf6QeGcyaPG7j2Jsw,eastchester-new-york
https://www.ubereats.com/nyc-suburbs/food-delivery/malecon/VdbM-7AgS_SjHsxjPAxtog,eastchester-new-york
https://www.ubereats.com/nyc-suburbs/food-delivery/yonkers-halal-burger-and-wings/rYuxxo58SFaa-YBWOdczGQ,eastchester-new-york
https://www.ubereats.com/nyc-suburbs/food-delivery/posto-22/ftIgUFM8Qj2wnLIDL0vlhA,eastchester-new-york
https://www.ubereats.com/nyc-suburbs/food-delivery/dunkin-96-e-main-st/_2EtFMngTE2l23oiIb2VEQ,eastchester-new-york
https://www.ubereats.com/new-york/food-delivery/gosu/e3mrBR9cQ2qXELUOAZRL2A,eastchester-new-york
https://www.ubereats.com/nyc-suburbs/food-delivery/gabriellas/f5U-7IOVRReEv9mFeKzfeg,eastchester-new-york
https://www.ubereats.com/nyc-suburbs/food-delivery/richie-rich-caribbean-mt-vernon/dtVv5Or1TtKgI4_Z-xHS0Q,eastchester-new-york
https://www.ubereats.com/nyc-suburbs/food-delivery/good-to-go-rye/gihP_3exSo6DC-aXkMHYbA,eastchester-new-york
https://www.ubereats.com/nyc-suburbs/food-delivery/gemelli-pizzeria/OYmYVX7CRYqUbUbbdCi6_Q,eastchester-new-york
https://www.ubereats.com/nyc-suburbs/food-delivery/loma-bonita-restaurant/Rl0ifQblQMG_RQUPXpuaIw,eastchester-new-york
https://www.ubereats.com/nyc-suburbs/food-delivery/sambal/i9ZOMCFNSXG0nUwSeOwAuQ,eastchester-new-york
https://www.ubereats.com/nyc-suburbs/food-delivery/bagelicious-cafe/9AOiy23MTVaQgPEKUzgEmA,eastchester-new-york
https://www.ubereats.com/nyc-suburbs/food-delivery/king-gourmet-deli-and-food-mart-corp/rFQErrnxSj6xef_sOZ-zpQ,eastchester-new-york
https://www.ubereats.com/nyc-suburbs/food-delivery/rio-bravo-tacos-and-tequila/oKCZJEwrQzODB6zr-P0qmg,eastchester-new-york
https://www.ubereats.com/nyc-suburbs/food-delivery/bronx-alehouse/0-UYn3Q2R1O7ftlNAR_pPg,eastchester-new-york
https://www.ubereats.com/nyc-suburbs/food-delivery/starbucks-bronxville/-g09mAtLTx6M1mXiT-4FUg,eastchester-new-york
https://www.ubereats.com/nyc-suburbs/food-delivery/popeyes-new-rochelle/PgPi5mtZTU2cISHj1eJDhw,eastchester-new-york
https://www.ubereats.com/nyc-suburbs/food-delivery/river-city-grille/HTl8ChwDREi6KTfYKM0a-A,eastchester-new-york
https://www.ubereats.com/nyc-suburbs/food-delivery/ralphs-famous-italian-ices-yonkers/5bWxeyAzSl23LuL8oOrgmg,eastchester-new-york
https://www.ubereats.com/nyc-suburbs/food-delivery/rivertown-burgers/aQjacxSZTM-mE1YhQ5ryQw,eastchester-new-york
https://www.ubereats.com/nyc-suburbs/food-delivery/arepamania/Ih5XykgiTe2e9SmUwR7C_w,eastchester-new-york
https://www.ubereats.com/nyc-suburbs/food-delivery/saw-mill-deli/RTWjh6f-QoWaYTzK5w3XjQ,eastchester-new-york
https://www.ubereats.com/nyc-suburbs/food-delivery/gosu/e3mrBR9cQ2qXELUOAZRL2A,eastchester-new-york
https://www.ubereats.com/nyc-suburbs/food-delivery/taqueria-metate/FA3bkv-JQoqNtvXAWzQIJw,eastchester-new-york
https://www.ubereats.com/nyc-suburbs/food-delivery/michaels-pizza-%26-pasta/77sVwGn1TU-pD08Wf-90GQ,eastchester-new-york
https://www.ubereats.com/nyc-suburbs/food-delivery/cove-seafood/dKcHnbygQAmJavruPrR7-A,eastchester-new-york
https://www.ubereats.com/nyc-suburbs/food-delivery/subway-328-tuckahoe-rd/oxbP1GF9QKaYyvvJmh3Qlg,eastchester-new-york
https://www.ubereats.com/nyc-suburbs/food-delivery/iso-japanese-cuisine/6M8GJNSRQ96qf4L2uk7DxA,eastchester-new-york
https://www.ubereats.com/nyc-suburbs/food-delivery/outback-steakhouse-1703-central-park-avenue/OnMVTgsaTmiY5kqCT99H3w,eastchester-new-york
https://www.ubereats.com/new-york/food-delivery/rio-bravo-tacos-and-tequila-1879-palmer-ave/5NPiOKzpSaqpG8d4fKIncA,eastchester-new-york
https://www.ubereats.com/new-york/food-delivery/caridad-%26-louies-new-rochelle/wkkDFcdOQmOTSdyVAnDN4Q,eastchester-new-york
https://www.ubereats.com/nyc-suburbs/food-delivery/the-808-bistro/z0KU8LL5T32BzzQeq9XZQQ,eastchester-new-york
https://www.ubereats.com/nyc-suburbs/food-delivery/olibar/1kJHLxQ6SrWig8IhFL3xig,eastchester-new-york
https://www.ubereats.com/nyc-suburbs/food-delivery/frankie-%26-fanuccis/cq7rM6UrRoK8SRgWDPUo3Q,eastchester-new-york
https://www.ubereats.com/nyc-suburbs/food-delivery/sabrosura-peruana/3c0MZw9xS5OVuKlW1PVx1g,eastchester-new-york
https://www.ubereats.com/nyc-suburbs/food-delivery/robertos-pizza-and-pasta/z7hPWDyjRNySv7e3OzLvIw,eastchester-new-york
https://www.ubereats.com/nyc-suburbs/food-delivery/tasty-house-asian-fusion/GhcUTy8xTS2ZJfitosxJuQ,eastchester-new-york
https://www.ubereats.com/nyc-suburbs/food-delivery/gourmet-noodles/E3e5WE6KQg2nz4xWlyHGqw,eastchester-new-york
https://www.ubereats.com/nyc-suburbs/food-delivery/pequena-taqueria/8LafcBRETwenoqd1vuJp_Q,eastchester-new-york
https://www.ubereats.com/nyc-suburbs/food-delivery/white-plains-coach-diner/nzsds__eS5mNmnmGheWdRg,eastchester-new-york
https://www.ubereats.com/nyc-suburbs/food-delivery/miss-viviennes-jamaican-cuisine/o8T0t0EfRHuRG9S3-RAz2w,eastchester-new-york
https://www.ubereats.com/nyc-suburbs/food-delivery/the-cookery/JZUdqDjDSy2BBEIX2KId_g,eastchester-new-york
https://www.ubereats.com/new-york/food-delivery/aria-fusion/sLA8AzTHRd2RcW-cmlRhFg,eastchester-new-york
https://www.ubereats.com/new-york/food-delivery/village-kitchen/bq3qsrVjRb2RZuUYeMTZUQ,eastchester-new-york
https://www.ubereats.com/nyc-suburbs/food-delivery/madison-kitchen-larchmont/uqOqlD-GTIWSfiICTTViSQ,eastchester-new-york
https://www.ubereats.com/nyc-suburbs/food-delivery/scottis-pizza/14sGRKk3SF2eHW7q31hHgA,eastchester-new-york
https://www.ubereats.com/nyc-suburbs/food-delivery/new-golden-wok/0OlzM4hVRcO58X1dXSPLjw,eastchester-new-york
https://www.ubereats.com/nyc-suburbs/food-delivery/flavas-kitchen-and-catering/kjNzIKk6QZOU4exAsXE38Q,eastchester-new-york
https://www.ubereats.com/nyc-suburbs/food-delivery/tinos-cucina/l1Xqk7pCTy2234vebO_L5A,eastchester-new-york
https://www.ubereats.com/nyc-suburbs/food-delivery/red-lobster-999-central-park-ave/wP3vv9OHRPmuWFs6BpbnOQ,eastchester-new-york
https://www.ubereats.com/nyc-suburbs/food-delivery/subway-262-boston-post-rd/Xrcyx0bMQN2d4L-QXzfEWA,eastchester-new-york
https://www.ubereats.com/nyc-suburbs/food-delivery/royal-market-and-deli/Q2Gp6t8lQLOJ6OyV3kpGpQ,eastchester-new-york
https://www.ubereats.com/new-york/food-delivery/sushi-mikes/Z6MhNQWPTWWCDCteF3tzLg,eastchester-new-york
https://www.ubereats.com/nyc-suburbs/food-delivery/asiana-cafe-greenwich-ct/67OhHAa8Tl6-fD8h8wEW0w,eastchester-new-york
https://www.ubereats.com/new-york/food-delivery/durian-express/uu08taoxR16aU3m-VZs7kQ,eastchester-new-york
https://www.ubereats.com/nyc-suburbs/food-delivery/yonkers-whiskey-house/zfkgfR3NQAqlhTgUPWrgjQ,eastchester-new-york
https://www.ubereats.com/new-york/food-delivery/pepes-place/VjmH0YaCS1qwI1csf_w2wA,eastchester-new-york
https://www.ubereats.com/nyc-suburbs/food-delivery/desi-halal/1LrNisrMQrKw5qE46AWYfA,eastchester-new-york
https://www.ubereats.com/nyc-suburbs/food-delivery/the-600-deli-%26-grill/8oRWY0mxTOqej4jCksTR4w,eastchester-new-york
https://www.ubereats.com/nyc-suburbs/food-delivery/guerreros-juice-bar/wv_dI3HgSfuJr7RZsiUfgg,eastchester-new-york
https://www.ubereats.com/nyc-suburbs/food-delivery/frank-%26-joes-deli-of-scarsdale/vAW0gg0wSk2g9H6TZFHd4w,eastchester-new-york
https://www.ubereats.com/nyc-suburbs/food-delivery/smashburger-49-tarrytown-rd/kQ4Xl9S0SlCY1JuX7_0Yrw,eastchester-new-york
https://www.ubereats.com/nyc-suburbs/food-delivery/subway-642-north-ave/RfAar07VQvO2vqru8FNkyw,eastchester-new-york
https://www.ubereats.com/nyc-suburbs/food-delivery/crab-du-jour-mount-vernon/BHLbbATBRzCo_F0IMVdmOg,eastchester-new-york
https://www.ubereats.com/nyc-suburbs/food-delivery/buon-amici-italian-cuisine/SzVm73ACSjaVR_YeMgFKRg,eastchester-new-york
https://www.ubereats.com/new-york/food-delivery/chipotle-mexican-grill-12-lawrence-st/7t_E--b8TKqvGaTEfnz7ng,eastchester-new-york
https://www.ubereats.com/nyc-suburbs/food-delivery/mason-sandwich-company/ZzxVznt_SJ-0TFKkwgaAiA,eastchester-new-york
https://www.ubereats.com/nyc-suburbs/food-delivery/aura-wine-%26-bar/OxFL06G8QF-5Ty7iOC440A,eastchester-new-york
https://www.ubereats.com/nyc-suburbs/food-delivery/asian-legend/GYlbxsr9TJakgfqMWpGsmg,eastchester-new-york
https://www.ubereats.com/nyc-suburbs/food-delivery/clairmont-diner/lOp5pxevT6uFGlyzVkEdcQ,eastchester-new-york
https://www.ubereats.com/nyc-suburbs/food-delivery/new-roc-pizza/i-vZmKAhS6O_itaw8uVSIg,eastchester-new-york
https://www.ubereats.com/nyc-suburbs/food-delivery/shake-shack-379-n-central-ave/NWAbDS8LTwWJcS9hV0AsgQ,eastchester-new-york
https://www.ubereats.com/nyc-suburbs/food-delivery/bld-diner/JECMvGAMS8OA26L1To7C0w,eastchester-new-york
https://www.ubereats.com/nyc-suburbs/food-delivery/lunch-time-by-gordys/sDzs6m2rQpiUYvI2fbUrcg,eastchester-new-york
https://www.ubereats.com/nyc-suburbs/food-delivery/the-irish-bank/d-vehQHeQk6e8gkVtO9efg,eastchester-new-york
https://www.ubereats.com/nyc-suburbs/food-delivery/tredici-social/A-ujyyeLR4CNH1ulWlUYvA,eastchester-new-york
https://www.ubereats.com/nyc-suburbs/food-delivery/italian-pavilion-pizzeria/ZA0vuAONRoaL_vyIftx3vg,eastchester-new-york
https://www.ubereats.com/nyc-suburbs/food-delivery/ramen-musashi-scarsdale/IfBU7PtrT_m4ETXm1b6qNA,eastchester-new-york
https://www.ubereats.com/nyc-suburbs/food-delivery/sals-deli/Lu2t7tTaQpClqHhEZDuYRg,eastchester-new-york
https://www.ubereats.com/nyc-suburbs/food-delivery/mikey-dubbs-frozen-custard/rN_SKjyBTbGH6MMeOzASBQ,eastchester-new-york
https://www.ubereats.com/new-york/food-delivery/gin-ban-asian-bistro-%26-sushi-bar/IWmblFGrTKy3zNS7kJ9J9Q,eastchester-new-york
https://www.ubereats.com/nyc-suburbs/food-delivery/elmsford-fish-house/hwlnGgJUQEOlLgwc4Riwzw,eastchester-new-york
https://www.ubereats.com/nyc-suburbs/food-delivery/gyro-gyro/ftqkMWP1RwuZwrwd_e0jhQ,eastchester-new-york
https://www.ubereats.com/nyc-suburbs/food-delivery/sapori-of-scarsdale/C8iqwMIhRw-L-MPc31WJZg,eastchester-new-york
https://www.ubereats.com/nyc-suburbs/food-delivery/flaming-grill/R3nvMQt4SVetOPSmHmURIA,eastchester-new-york
https://www.ubereats.com/nyc-suburbs/food-delivery/ku-asian-bistro/kShgFy1uRUqO5T2vS1s39Q,eastchester-new-york
https://www.ubereats.com/new-york/food-delivery/bangkok-city-5th-ave/WksN77w3Sgm9WF6NosK4PQ,eastchester-new-york
https://www.ubereats.com/nyc-suburbs/food-delivery/hash-o-nash/RIWBWUr1SN-IRqBcpm2UNw,eastchester-new-york
https://www.ubereats.com/nyc-suburbs/food-delivery/the-rail-house-restaurant-10803/Zis_KwxvThuB-DwMX8HplA,eastchester-new-york
https://www.ubereats.com/nyc-suburbs/food-delivery/chipotle-mexican-grill-12-lawrence-st/7t_E--b8TKqvGaTEfnz7ng,eastchester-new-york
https://www.ubereats.com/nyc-suburbs/food-delivery/haagen-dazs-yonkers/YW9wdcQCS9KrftNCOIV1_g,eastchester-new-york
https://www.ubereats.com/nyc-suburbs/food-delivery/applebees-northwest-yonkers/jDLH_U5bSZ602f0Y5fGGug,eastchester-new-york
https://www.ubereats.com/nyc-suburbs/food-delivery/vega-mexican-cuisine/QriofYpPQe-azvJYF1qjqw,eastchester-new-york
https://www.ubereats.com/nyc-suburbs/food-delivery/cruz-mini-mart/COBvZk2GSISJcmPvQmwYjQ,eastchester-new-york
https://www.ubereats.com/nyc-suburbs/food-delivery/dunkin-260-halstead-ave/5lokPwjBSMy5Vfrbr-OIOg,eastchester-new-york
https://www.ubereats.com/nyc-suburbs/food-delivery/lake-avenue-pizza/PU-j-n9nTuCdzKOZZFwM1A,eastchester-new-york
https://www.ubereats.com/nyc-suburbs/food-delivery/texas-chicken-%26-burgers-471-main-st/IyDTXXmJSPO22cqrLzFWZQ,eastchester-new-york
https://www.ubereats.com/new-york/food-delivery/taco-bell-1920-central-park-ave/zyeS842fSR-flg0BoTZSxQ,eastchester-new-york
https://www.ubereats.com/nyc-suburbs/food-delivery/toxic-wings-white-plains/oFKL0vtnTIegZ2ZCKc9Wgw,eastchester-new-york
https://www.ubereats.com/nyc-suburbs/food-delivery/carvel-1950-central-park-ave/tyxV2_tjRd-0jCxp8HkZdg,eastchester-new-york
https://www.ubereats.com/nyc-suburbs/food-delivery/papa-johns-pizza-new-rochelle/Lzu2ZLeURtS5DwhS2hhYxA,eastchester-new-york
https://www.ubereats.com/nyc-suburbs/food-delivery/wings-inc/scPLv9abQWqnnFK0FYHJWA,eastchester-new-york
https://www.ubereats.com/nyc-suburbs/food-delivery/maple-corner-deli/Xm0tO2AmRWqwo7zydSvqvw,eastchester-new-york
https://www.ubereats.com/nyc-suburbs/food-delivery/luchador-coffee-%2B-deli/K_z5qQO_SzWSS_IruxK-ZQ,eastchester-new-york
https://www.ubereats.com/nyc-suburbs/food-delivery/wings-express/XZdgoPp2RB2Y0_BhtLe2Lw,eastchester-new-york
https://www.ubereats.com/nyc-suburbs/food-delivery/caffe-regatta/Z7BTtEKhQ8aCqsMjXVWALw,eastchester-new-york
https://www.ubereats.com/nyc-suburbs/food-delivery/chipotle-mexican-grill-250-main-st-ste-101/_rMafc31Q7KMXFrAfAi12Q,eastchester-new-york
https://www.ubereats.com/nyc-suburbs/food-delivery/sea-lounge-restaurant-and-bar/ibI_Ttg4SNilJK0OLrOI5A,eastchester-new-york
https://www.ubereats.com/nyc-suburbs/food-delivery/banzai-steakhouse-inc/hJMsvb5qTPWHE-6U_i6E1g,eastchester-new-york
https://www.ubereats.com/nyc-suburbs/food-delivery/maria-restaurant/ftWDQa4hSSqgN4hGxTyNYA,eastchester-new-york
https://www.ubereats.com/nyc-suburbs/food-delivery/falafel-place/fPVNU4bUREGPSxktclnzNg,eastchester-new-york
https://www.ubereats.com/nyc-suburbs/food-delivery/steam-house-restaurant-and-lounge/sXYnpunsQOiLC7_KHgX8wA,eastchester-new-york
https://www.ubereats.com/nyc-suburbs/food-delivery/dunkin-3804-boston-post-rd/SxAKtysBSa6N7axjr9BL2g,eastchester-new-york
https://www.ubereats.com/nyc-suburbs/food-delivery/spice-village/lDYpVz24T5yVA279B4QoaA,eastchester-new-york
https://www.ubereats.com/nyc-suburbs/food-delivery/kalbi-house/9kE04WfBT5Of5RAd7SDy9A,eastchester-new-york
https://www.ubereats.com/nyc-suburbs/food-delivery/boston-market-654-central-park-ave/nomd5iOSRb2d7-dhNeEFGQ,eastchester-new-york
https://www.ubereats.com/nyc-suburbs/food-delivery/maximum-pizza/hLw2cflnRQSY7YRBgQiLCg,eastchester-new-york
https://www.ubereats.com/nyc-suburbs/food-delivery/subway-594-nepperhan-ave/1NEhWrWoSNaGib8yV7DQ-g,eastchester-new-york
https://www.ubereats.com/nyc-suburbs/food-delivery/gaucho-burger-company/OaffcXSeR6uHP5cbVzkW8A,eastchester-new-york
https://www.ubereats.com/nyc-suburbs/food-delivery/decostas/F2sUrg5bQ1-ziX2SytzQbA,eastchester-new-york
https://www.ubereats.com/nyc-suburbs/food-delivery/fantasy-cuisine/6QQlSv6DQ5-nnHL_UYmusA,eastchester-new-york
https://www.ubereats.com/new-york/food-delivery/falafel-place/fPVNU4bUREGPSxktclnzNg,eastchester-new-york
https://www.ubereats.com/new-york/food-delivery/chipotle-mexican-grill-5510-xavier-dr-spc-5a10/YttGUyD8Ri2-YhYRi9lPyw,eastchester-new-york
https://www.ubereats.com/nyc-suburbs/food-delivery/pizza-beat/pClhuCx4SiigqAxOEdwJuA,eastchester-new-york
https://www.ubereats.com/nyc-suburbs/food-delivery/leonardos-pizzeria-%26-restaurant/XrnAyoohSqavUmu7A6IxUg,eastchester-new-york
https://www.ubereats.com/nyc-suburbs/food-delivery/rancho-grande/Ga_LqKvDTXmE5SGjzPp2Eg,eastchester-new-york
https://www.ubereats.com/nyc-suburbs/food-delivery/westchesters-best-juices-and-smoothies/FTk4sEeDTme08crQwYQrnA,eastchester-new-york
https://www.ubereats.com/nyc-suburbs/food-delivery/sazon-centroamericano/p5HawrIDS-qdSDTppcIbZw,eastchester-new-york
https://www.ubereats.com/nyc-suburbs/food-delivery/tita-minimarket/q-sE0fm7RvqPJU3I2Fbyxg,eastchester-new-york
https://www.ubereats.com/nyc-suburbs/food-delivery/dunkin-1-e-233rd-st/6Oue2RgCRK6zO-y9nn_I8w,eastchester-new-york
https://www.ubereats.com/nyc-suburbs/food-delivery/dia-%26-noche/InY7vj7pTH6Cf7SU9woNmQ,eastchester-new-york
https://www.ubereats.com/nyc-suburbs/food-delivery/metro-deli/fXVkQL3oSyyuTn-nDYHOpg,eastchester-new-york
https://www.ubereats.com/nyc-suburbs/food-delivery/asian-legend-cajun-seafood/W6LIcwTRQCqSDsAvvjFm7A,eastchester-new-york
https://www.ubereats.com/nyc-suburbs/food-delivery/273-kitchen/bLzf4pqjTyisJfsvagtDPw,eastchester-new-york
https://www.ubereats.com/nyc-suburbs/food-delivery/cookies-n-cream/XufvtnFlT2OQzl-D64daiQ,eastchester-new-york
https://www.ubereats.com/nyc-suburbs/food-delivery/starbucks-golden-horseshoe/es-5HyrdRXKV4SVoOpZmjg,eastchester-new-york
https://www.ubereats.com/nyc-suburbs/food-delivery/dimitris-gyro-grill-harrison/_Tq3j67yTfuP5AtnEbTYdg,eastchester-new-york
https://www.ubereats.com/nyc-suburbs/food-delivery/sea-flame/dXe4JJT0TMOD7ki6jKSaAA,eastchester-new-york
https://www.ubereats.com/nyc-suburbs/food-delivery/sweet-charlies/nDo4G89FTqCgEdBISZstzg,eastchester-new-york
https://www.ubereats.com/new-york/food-delivery/ramen-musashi-scarsdale/IfBU7PtrT_m4ETXm1b6qNA,eastchester-new-york
https://www.ubereats.com/nyc-suburbs/food-delivery/buffalo-wild-wings-33-lecount-pl/11wjjRy_QzyjEqzcAALpgQ,eastchester-new-york
https://www.ubereats.com/nyc-suburbs/food-delivery/munchies-n-snacks-nyc/BHkogb-_SYyB8coyOW5lJA,eastchester-new-york
https://www.ubereats.com/nyc-suburbs/food-delivery/new-rocs-mac-n-wings/dt95yksxS-24VkGqDNJEwg,eastchester-new-york
https://www.ubereats.com/nyc-suburbs/food-delivery/shore-acres-deli/8oYEf20PSi2_dU5NpKY2jQ,eastchester-new-york
https://www.ubereats.com/nyc-suburbs/food-delivery/la-esquina-mexicana-v-inc/JOpl0oJMSF6KK9QpGkTOkg,eastchester-new-york
https://www.ubereats.com/nyc-suburbs/food-delivery/the-taco-project/w8AyHj8UQZuzkTMiasg8jw,eastchester-new-york
https://www.ubereats.com/nyc-suburbs/food-delivery/808-grill/FAtnc24GQvCkFXT59D9Ndw,eastchester-new-york
https://www.ubereats.com/nyc-suburbs/food-delivery/dig-rye-brook/qNWm_QsUQKOgxbpnQQj2yQ,eastchester-new-york
https://www.ubereats.com/nyc-suburbs/food-delivery/pizza-pizza-fleetwood-mt-vernon/OoA4mUA4RemOXwVj2H_kVQ,eastchester-new-york
https://www.ubereats.com/nyc-suburbs/food-delivery/macs-food-truck/ywud0Y2XQkGOyqB2rCW1lQ,eastchester-new-york
https://www.ubereats.com/nyc-suburbs/food-delivery/paleteria-fernandez/nCld2kO5RjWuIlUm-rpfeA,eastchester-new-york
https://www.ubereats.com/nyc-suburbs/food-delivery/ho-ho-restaurant/38C85W62Rzq4Yd90Nr_ucA,eastchester-new-york
https://www.ubereats.com/nyc-suburbs/food-delivery/dunkin-4201-webster-ave/jrqKyB82REWKBs8GgfBCjg,eastchester-new-york
https://www.ubereats.com/nyc-suburbs/food-delivery/ardsley-market-fresh-%26-deli/kxaIdIZZRCqhyzEklD3CsA,eastchester-new-york
https://www.ubereats.com/nyc-suburbs/food-delivery/polpettina-eastchester/GIDlElINSgWz2tlNYzIVzg,eastchester-new-york
https://www.ubereats.com/nyc-suburbs/food-delivery/mofonguito/HquEmKGPSrya8k4MhQ6i3Q,eastchester-new-york
https://www.ubereats.com/nyc-suburbs/food-delivery/sandys-cafe/TCywIXW0TZqX3rYpbS0GOA,eastchester-new-york
https://www.ubereats.com/nyc-suburbs/food-delivery/jjr-highridge-fishery/u3fC9ddcSy6RfrJXGX6Oqw,eastchester-new-york
https://www.ubereats.com/nyc-suburbs/food-delivery/stars-bagels-%26-cafe-saw-mill-river-rd/_ySndTMIQDCiWo3lMUD-TQ,eastchester-new-york
https://www.ubereats.com/nyc-suburbs/food-delivery/new-china-house/plfbtxwNSR-4G_DVPeNDHw,eastchester-new-york
https://www.ubereats.com/new-york/food-delivery/marjan-kebob-house/HlpGnRfrT8O1TmuwCkfSuQ,eastchester-new-york
https://www.ubereats.com/nyc-suburbs/food-delivery/dunkin-425-central-park-ave/9iEbV9fJQjq-TurIh2xugQ,eastchester-new-york
https://www.ubereats.com/nyc-suburbs/food-delivery/pepes-place/VjmH0YaCS1qwI1csf_w2wA,eastchester-new-york
https://www.ubereats.com/nyc-suburbs/food-delivery/wellingtons-soup-shack/K8309wJGSlWwFJFKmK5feA,eastchester-new-york
https://www.ubereats.com/nyc-suburbs/food-delivery/di-palate/uKCDH6JBQyamRoWMYYprvw,eastchester-new-york
https://www.ubereats.com/new-york/food-delivery/tacos-on-hudson/qEgV9Sk6SV2MMriW9HfIzQ,eastchester-new-york
https://www.ubereats.com/nyc-suburbs/food-delivery/kfc-tb-100-main-street/eg7gqyw4SqefsXqnBbRpfw,eastchester-new-york
https://www.ubereats.com/nyc-suburbs/food-delivery/taqueria-el-chino-llc/8gUDSxYLSg6RpbWBp-EkJQ,eastchester-new-york
https://www.ubereats.com/nyc-suburbs/food-delivery/salsa-fresca-mexican-grill-mamaroneck/ClC75qx0QomaZY8r4csnPA,eastchester-new-york
https://www.ubereats.com/nyc-suburbs/food-delivery/the-bagel-emporium-tarrytown/9buM0YMmRqmqhgBkasHHBw,eastchester-new-york
https://www.ubereats.com/nyc-suburbs/food-delivery/burger-king-33-lecount-place/6QGje8HqTMKjmoyfJRr49Q,eastchester-new-york
https://www.ubereats.com/nyc-suburbs/food-delivery/808-social/uooMJ7DIStiBB-N5xooIpg,eastchester-new-york
https://www.ubereats.com/nyc-suburbs/food-delivery/bk-soul-food-%26-catering/DqhnldBhRUKb7gZQcA9j8A,eastchester-new-york
https://www.ubereats.com/nyc-suburbs/food-delivery/taco-bell-303-boston-post-rd/RR1YjHx3RKmrM8Y_OvM7hw,eastchester-new-york
https://www.ubereats.com/nyc-suburbs/food-delivery/kishuya-hartsdale/ME2y9uCqTVGgEZR355D7UQ,eastchester-new-york
https://www.ubereats.com/nyc-suburbs/food-delivery/the-yard-pot-restaurant/pnh-jQPrRnuGLLx-3wQa8g,eastchester-new-york
https://www.ubereats.com/nyc-suburbs/food-delivery/fez-turkish-meze/bcXt8QMsTaKgHYvlbY3zHw,eastchester-new-york
https://www.ubereats.com/nyc-suburbs/food-delivery/the-gnarly-vine/QU2PkHeGTW2AGgii8VH6Kw,eastchester-new-york
https://www.ubereats.com/nyc-suburbs/food-delivery/caribbean-connection/jjuq6MiWQNmdrGXtKHIzyQ,eastchester-new-york
https://www.ubereats.com/nyc-suburbs/food-delivery/mamas-kitchen-eats/lSYYYtOPRGqG0NStM3Yx-w,eastchester-new-york
https://www.ubereats.com/nyc-suburbs/food-delivery/scoop-shop/WAjJ5h51RC2c_v5fjY1FMQ,eastchester-new-york
https://www.ubereats.com/nyc-suburbs/food-delivery/neha/2eLM7laUSSK3qkmdCi7h4Q,eastchester-new-york
https://www.ubereats.com/nyc-suburbs/food-delivery/elevation-burger-176-south-ridge-street/Z3FFctkOT7SPz0kIf245Bg,eastchester-new-york
https://www.ubereats.com/nyc-suburbs/food-delivery/lennys-bagels-pelham/Lvz6tHKkSGemMNBFk5LwNg,eastchester-new-york
https://www.ubereats.com/nyc-suburbs/food-delivery/taqueria-la-frontera/ZZ09kXLLQtWVNr2ulw9lFA,eastchester-new-york
https://www.ubereats.com/nyc-suburbs/food-delivery/the-old-stone-mill-tuckahoe/tL1xYHtpTm2gwpwTHEP3-w,eastchester-new-york
https://www.ubereats.com/nyc-suburbs/food-delivery/mixed-enerjy/EXU4eX3hSVSzkcyMx-xYUw,eastchester-new-york
https://www.ubereats.com/nyc-suburbs/food-delivery/organic-pharmer-scarsdale/yH6PXZeOTzO5n_FTiqmiyA,eastchester-new-york
https://www.ubereats.com/nyc-suburbs/food-delivery/turquoise/GYn76ehZTKClQpl-K9Yrzg,eastchester-new-york
https://www.ubereats.com/nyc-suburbs/food-delivery/main-street-wings/C7NK-wfhQ0iPUS29Aa_DBg,eastchester-new-york
https://www.ubereats.com/nyc-suburbs/food-delivery/sobol-white-plains/P54kPE7RQCaI-SOguGpwkQ,eastchester-new-york
https://www.ubereats.com/nyc-suburbs/food-delivery/calcutta-wrap-%26-roll/JGBkzgsMTPKFT224oEdalw,eastchester-new-york
https://www.ubereats.com/nyc-suburbs/food-delivery/joserg-pizza-77-centre-avenue/jPgh817rTpObZAUB0UM3ZQ,eastchester-new-york
https://www.ubereats.com/nyc-suburbs/food-delivery/golden-dragon-chinese-restaurant/J1CuuXqFTZy1vk-67-_kog,eastchester-new-york
https://www.ubereats.com/nyc-suburbs/food-delivery/murrays-ice-cream/7OUgcCgRSDaodp6uAS4mzA,eastchester-new-york
https://www.ubereats.com/nyc-suburbs/food-delivery/venice-pizza-%26-trattoria/qSk3Rul0RQiZIWEmyTqeIQ,eastchester-new-york
https://www.ubereats.com/nyc-suburbs/food-delivery/the-town-dock/OHJPgVafRzSqfcaya-MXrA,eastchester-new-york
https://www.ubereats.com/nyc-suburbs/food-delivery/dunkin-875-saw-mill-river-rd/Qi2nIccBTruzemmPmKzXZQ,eastchester-new-york
https://www.ubereats.com/nyc-suburbs/food-delivery/umami-sushi/ZLxx7S3vQ22SjIYgLLi9LQ,eastchester-new-york
https://www.ubereats.com/nyc-suburbs/food-delivery/scooters-soup-%26-chili/NozhJWoFRVCSAE-NGTVgFg,eastchester-new-york
https://www.ubereats.com/nyc-suburbs/food-delivery/teresas-bakery-and-cafe/LZiwhTf2S1S2BBXvVZX8mw,eastchester-new-york
https://www.ubereats.com/nyc-suburbs/food-delivery/aria-fusion/sLA8AzTHRd2RcW-cmlRhFg,eastchester-new-york
https://www.ubereats.com/nyc-suburbs/food-delivery/pasquale-ristorante/ZvS2KIN5QXiX5GkpNSBGhQ,eastchester-new-york
https://www.ubereats.com/nyc-suburbs/food-delivery/alamo-drafthouse-cinema-yonkers/e4HQHFaCQ8O4cam9PEwnKw,eastchester-new-york
https://www.ubereats.com/nyc-suburbs/food-delivery/casa-ditalia/793A73oAQNy54l3fbI52hQ,eastchester-new-york
https://www.ubereats.com/nyc-suburbs/food-delivery/tibbets-park-market/JaqFG7pjQ_2rCU4ZZ5lSgw,eastchester-new-york
https://www.ubereats.com/nyc-suburbs/food-delivery/epsteins-of-yonkers/wYTdteQ_SXmgZGa6L1Pd3w,eastchester-new-york
https://www.ubereats.com/nyc-suburbs/food-delivery/brick-oven-pizza/PbLgnQdAT0OtcMyJo1ERjg,eastchester-new-york
https://www.ubereats.com/nyc-suburbs/food-delivery/long-island-bagel-cafe/t0GUlFAwS1q6XdDCe_tLcQ,eastchester-new-york
https://www.ubereats.com/nyc-suburbs/food-delivery/subway-73-main-st/410A7CYCSYOXqYPwrgWfjQ,eastchester-new-york
https://www.ubereats.com/nyc-suburbs/food-delivery/momiji-japanese-restaurant/u9Y_iArmSdSRQ1cQZAQbgg,eastchester-new-york
https://www.ubereats.com/nyc-suburbs/food-delivery/scarsdale-metro-restaurant/9bDcpITRSJu8WCGqUALtYA,eastchester-new-york
https://www.ubereats.com/nyc-suburbs/food-delivery/china-garden-20-purdy-ave/TkQSuhUmQB-eBDIgbrT3vg,eastchester-new-york
https://www.ubereats.com/nyc-suburbs/food-delivery/sage-cafe/YDhfVRj-Qva_Xm-SaLIw5w,eastchester-new-york
https://www.ubereats.com/nyc-suburbs/food-delivery/paulies-pizzeria/niRB-j44Q0aX2ux7avoP3g,eastchester-new-york
https://www.ubereats.com/nyc-suburbs/food-delivery/turquoise/5pDpVfQPQ2ygHM1A1-xqeg,eastchester-new-york
https://www.ubereats.com/nyc-suburbs/food-delivery/odyssey-cafe/DCVpnkYgTgWa2M6ZlLhFvw,eastchester-new-york
https://www.ubereats.com/nyc-suburbs/food-delivery/o-mandarin-restaurant/4kqdVOdXTauuLqREE15m9w,eastchester-new-york
https://www.ubereats.com/nyc-suburbs/food-delivery/hibachi-express/9Svo1TG7THCbnnbZorzd2A,eastchester-new-york
https://www.ubereats.com/nyc-suburbs/food-delivery/off-the-rail/R3-Tj--XRImikFIGx1uD6A,eastchester-new-york
https://www.ubereats.com/nyc-suburbs/food-delivery/mamma-rosas/q__yglXlTey65hNXttXU7w,eastchester-new-york
https://www.ubereats.com/nyc-suburbs/food-delivery/tu-cafe/KI-CBqy_TQeft6cUf83lZw,eastchester-new-york
https://www.ubereats.com/nyc-suburbs/food-delivery/mamaroneck-diner-%26-pizza/neCzkT3MTF2q5ZXgGjgehA,eastchester-new-york
https://www.ubereats.com/nyc-suburbs/food-delivery/dom-%26-vinnies-restaurant/MI2v0hG2TUS45kethabeJg,eastchester-new-york
https://www.ubereats.com/nyc-suburbs/food-delivery/sammys-new-york-bagels-new-ro/XvCrT6_SR9-8RBv8bOu72w,eastchester-new-york
https://www.ubereats.com/nyc-suburbs/food-delivery/papi-between-main-and-bank-street/9tiErDTeQ8KInzcjSz7uWA,eastchester-new-york
https://www.ubereats.com/nyc-suburbs/food-delivery/carvel-641-halstead-ave/esotBEvbRYmJT2COKZkdQw,eastchester-new-york
https://www.ubereats.com/nyc-suburbs/food-delivery/calabria-mia/LRDS7D_dSauHPRP6g5CryA,eastchester-new-york
https://www.ubereats.com/nyc-suburbs/food-delivery/dunkin-2365-central-park-ave/1qetnt_6RLu_pgtrViiaHg,eastchester-new-york
https://www.ubereats.com/nyc-suburbs/food-delivery/ihop-yonkers-central-park-ave/3e_zIYWlRBSmdObd9OLokQ,eastchester-new-york
https://www.ubereats.com/nyc-suburbs/food-delivery/gogreek/9T_0U8khS_CDf_s_H0v66Q,eastchester-new-york
https://www.ubereats.com/new-york/food-delivery/szechuan-garden-chinese-restaurant/xMzArOa3SYmY4dt_knd-rw,eastchester-new-york
https://www.ubereats.com/new-york/food-delivery/taco-bell-303-boston-post-rd/RR1YjHx3RKmrM8Y_OvM7hw,eastchester-new-york
https://www.ubereats.com/nyc-suburbs/food-delivery/jungle-restaurant/xYH1L9nNS9q6kjyl57vCfg,eastchester-new-york
https://www.ubereats.com/nyc-suburbs/food-delivery/taco-bell-3351-conners-street/HEmQH-iCQCShO-8UQXG7xg,eastchester-new-york
https://www.ubereats.com/nyc-suburbs/food-delivery/ladle-of-love-bronxville/hoQ9kokTT560lHt9SV8org,eastchester-new-york
https://www.ubereats.com/nyc-suburbs/food-delivery/maxs-burgers/9PVtIXZ8TqCYRRxxngHzBg,eastchester-new-york
https://www.ubereats.com/nyc-suburbs/food-delivery/harbour-house-coffee-shop/-Gp6adOPRheYsCiMdWstdQ,eastchester-new-york
https://www.ubereats.com/nyc-suburbs/food-delivery/rio-bravo-tacos-and-tequila-1879-palmer-ave/5NPiOKzpSaqpG8d4fKIncA,eastchester-new-york
https://www.ubereats.com/nyc-suburbs/food-delivery/metate/-8XWW6N6TOKnee8XaheC5w,eastchester-new-york
https://www.ubereats.com/nyc-suburbs/food-delivery/anns-roti-shop/BOSujoiYQsGg_PE4iwjyCg,eastchester-new-york
https://www.ubereats.com/nyc-suburbs/food-delivery/sobol-mamaroneck/9mJg3pv7SzefWZhgMKI3KA,eastchester-new-york
https://www.ubereats.com/nyc-suburbs/food-delivery/granita-cucina-%26-bar/2ZcQYavATTCW2Bz87W5MmA,eastchester-new-york
https://www.ubereats.com/nyc-suburbs/food-delivery/meat-the-greek/bncb0H8bQ6Sx35CgggWSTQ,eastchester-new-york
https://www.ubereats.com/nyc-suburbs/food-delivery/raasa/LztUuERGRf-W9xqNaY3K0g,eastchester-new-york
https://www.ubereats.com/nyc-suburbs/food-delivery/wood-%26-fire-neopolitan-pizza-brook-st/8apxFiKlR2CztKYro1sHkA,eastchester-new-york
https://www.ubereats.com/nyc-suburbs/food-delivery/texas-de-brazil-yonkers/_CkMbAlTRxKp9qoOnWRRyg,eastchester-new-york
https://www.ubereats.com/nyc-suburbs/food-delivery/dubrovnik-restaurant/3MmfXSUOQAaplOLYYDRtfQ,eastchester-new-york
https://www.ubereats.com/nyc-suburbs/food-delivery/popeyes-louisiana-kitchen-1789-central-park-avenue/1K7R2AxxQn-kKtkcORdwXA,eastchester-new-york
https://www.ubereats.com/nyc-suburbs/food-delivery/blue-moon-mexican-cafe-westchester/oy3EWb51RryjOujx7u3Myw,eastchester-new-york
https://www.ubereats.com/nyc-suburbs/food-delivery/euro-eatery-%26-market/QpIVLZ-bQqSwMvYKb5ipcw,eastchester-new-york
https://www.ubereats.com/nyc-suburbs/food-delivery/royal-palace/tHaIAw-dSUGEXS3l2iK2aA,eastchester-new-york
https://www.ubereats.com/nyc-suburbs/food-delivery/gogoeatery-partner-1000004/hOAI8uC5QI2BLCUvJcpX2A,eastchester-new-york
https://www.ubereats.com/nyc-suburbs/food-delivery/prime-16/m4XauroUSe2av8CsHnnRbw,eastchester-new-york
https://www.ubereats.com/nyc-suburbs/food-delivery/7-brothers-diner/2P1BYP0UTLiNJ40jEi40RA,eastchester-new-york
https://www.ubereats.com/nyc-suburbs/food-delivery/la-fattoria/vhORrzlEQwOcNlYXHTJyIQ,eastchester-new-york
https://www.ubereats.com/nyc-suburbs/food-delivery/carvel-32-mill-rd/9Y3BsnOyQXObeJ3SxkoEJA,eastchester-new-york
https://www.ubereats.com/nyc-suburbs/food-delivery/gallo-deli/cYvew2tpQG-jKHVxRESJOQ,eastchester-new-york
https://www.ubereats.com/nyc-suburbs/food-delivery/quick-stop-caribbean-american-cuisine/ph1nnTC8S6ulY33kjGrSVQ,eastchester-new-york
https://www.ubereats.com/nyc-suburbs/food-delivery/longfords-ice-cream/IU3bKG0XQSGX1rha7ygXOA,eastchester-new-york
https://www.ubereats.com/nyc-suburbs/food-delivery/chat-19-american-grill/TDOgzmY7T_OZC24cJY_JVA,eastchester-new-york
https://www.ubereats.com/nyc-suburbs/food-delivery/trax-side-cafe/L4aYqRBVRyKf97x9nfq0YA,eastchester-new-york
https://www.ubereats.com/nyc-suburbs/food-delivery/nyce-gourmet-deli/sxxAuGtDQvmp-k2yOr3aUA,eastchester-new-york
https://www.ubereats.com/nyc-suburbs/food-delivery/red-lobster-5135-xavier-drive/f3eUF_mYQv6MNCb2MKG5uA,eastchester-new-york
https://www.ubereats.com/nyc-suburbs/food-delivery/playa-bowls-bronxville/xW_YcTYPQGa819SpoSEi_Q,eastchester-new-york
https://www.ubereats.com/nyc-suburbs/food-delivery/gigante-restaurant/WhmboECtTXm1QqdacDwP3w,eastchester-new-york
https://www.ubereats.com/nyc-suburbs/food-delivery/no-1-kitchen/_9N6H8WYSAW9nOlYbT1v0Q,eastchester-new-york
https://www.ubereats.com/nyc-suburbs/food-delivery/townhouse-diner/J3D4R5rYTYmsRgeRICWZaw,eastchester-new-york
https://www.ubereats.com/nyc-suburbs/food-delivery/five-guys-ny-1595-2500-central-park-ave/0klA-fZnRUSgGd8UvFljrg,eastchester-new-york
https://www.ubereats.com/nyc-suburbs/food-delivery/the-wooden-spoon/T8duI16STiCuPZ50S0oSMw,eastchester-new-york
https://www.ubereats.com/new-york/food-delivery/fresh-taco/GpWmQszORlOoDyycVIlZSQ,eastchester-new-york
https://www.ubereats.com/nyc-suburbs/food-delivery/louie-%26-johnnies/cnMWlpToRQKH13ybErJWwA,eastchester-new-york
https://www.ubereats.com/nyc-suburbs/food-delivery/burgerim-1137-w-boston-post-rd/6eqSlqzpRoSm9fDQ4CmpIA,eastchester-new-york
https://www.ubereats.com/new-york/food-delivery/mister-chen/UWdNkahiQcSV0E_NJM0wXw,eastchester-new-york
https://www.ubereats.com/nyc-suburbs/food-delivery/dumpling-%2B-noodle/QXY9iHKvRnGuU0vdeaYPow,eastchester-new-york
https://www.ubereats.com/nyc-suburbs/food-delivery/the-rye-roadhouse/C-BZNQKOTIaUe1tZP5ksOw,eastchester-new-york
https://www.ubereats.com/nyc-suburbs/food-delivery/lillys/dKigndr7Q46Ak-I1V35s6g,eastchester-new-york
https://www.ubereats.com/nyc-suburbs/food-delivery/freckles-juice-bar-edenwald/viO71XFRSLG-mvKX3wbWyA,eastchester-new-york
https://www.ubereats.com/nyc-suburbs/food-delivery/cantina-taco-and-tequila/cSZbUZhHRgeghJ4ELQijxw,eastchester-new-york
https://www.ubereats.com/nyc-suburbs/food-delivery/mangoville-take-out/r4yy9ljtTAeaLecqDGs6yQ,eastchester-new-york
https://www.ubereats.com/nyc-suburbs/food-delivery/tuckd-away-bar-%26-grill-tuckahoe/JT3fjXt9S3SoHE7Tbe9Igg,eastchester-new-york
https://www.ubereats.com/nyc-suburbs/food-delivery/jewel-of-himalaya/8ntcxFIZS-uvWopgC2o3nw,eastchester-new-york
https://www.ubereats.com/nyc-suburbs/food-delivery/planet-pizza-white-plains/XcJjXQFKT6uson0huvlDvg,eastchester-new-york
https://www.ubereats.com/nyc-suburbs/food-delivery/il-castello/2BzDWwkYR2WKbgjsnmBBDA,eastchester-new-york
https://www.ubereats.com/nyc-suburbs/food-delivery/krave-%3A-a-new-york-eatery/evM8SxAwTAaKR0KPa96qhw,eastchester-new-york
https://www.ubereats.com/nyc-suburbs/food-delivery/robertos-grill-cafe/2Mz9EQWiSZGMcGFmJff35g,eastchester-new-york
https://www.ubereats.com/nyc-suburbs/food-delivery/b-%26-a-froyo/o6579dP8RFSrurCDcR3iQg,eastchester-new-york
https://www.ubereats.com/new-york/food-delivery/abis-japanese-traditional-cuisine/94veQQlYS-COwhX4-Nd33Q,eastchester-new-york
https://www.ubereats.com/nyc-suburbs/food-delivery/cookies-n-cream/EHXegs4ETFGQ45qdzmsSeg,eastchester-new-york
https://www.ubereats.com/nyc-suburbs/food-delivery/jersey-mikes-subs/_jZVbJLQSvOmP0WygrppNA,eastchester-new-york
https://www.ubereats.com/nyc-suburbs/food-delivery/bareburger-50-purchase-st/7lCumEvyQFiyYFlZYy3jSQ,eastchester-new-york
https://www.ubereats.com/new-york/food-delivery/prima-deli-%26-catering/RbRxFUJiQHyHUy3ceNKhHA,eastchester-new-york
https://www.ubereats.com/nyc-suburbs/food-delivery/sakana-japanese-cuisine/1zO4FcTjQqSQgEklkjwLrg,eastchester-new-york
https://www.ubereats.com/nyc-suburbs/food-delivery/mamaroneck-deli/uchDvlobSqOzmuQkyotEbA,eastchester-new-york
https://www.ubereats.com/new-york/food-delivery/little-thai-kitchen-rye/BdFxmvi1TYeYzmcHXoHOvw,eastchester-new-york
https://www.ubereats.com/nyc-suburbs/food-delivery/lawton-street-tavern/2IAdFJdNTvyq9J64eBIOIA,eastchester-new-york
https://www.ubereats.com/nyc-suburbs/food-delivery/taco-bell-new-rochelle/No0rU6JYRgC0d1qIA6Unvg,eastchester-new-york
https://www.ubereats.com/nyc-suburbs/food-delivery/panera-915-central-park-avenue/XAfL9WT6RN6tP3Kft0PtAg,eastchester-new-york
https://www.ubereats.com/nyc-suburbs/food-delivery/jollyz-jerk-spot/n76e_KVhT3-CdyubbwPKqw,eastchester-new-york
https://www.ubereats.com/nyc-suburbs/food-delivery/king-of-the-wings/iJ7AvBoRSLuXjD8F3idrOg,eastchester-new-york
https://www.ubereats.com/nyc-suburbs/food-delivery/tzatziki-greek-grill/zvv3jpH_Qku4pYt9JBvFcg,eastchester-new-york
https://www.ubereats.com/new-york/food-delivery/oishinbo/fzWcnAu5Rda9qPK98cFPDA,eastchester-new-york
https://www.ubereats.com/nyc-suburbs/food-delivery/anthonys-deli/1HkpHoO_T0SyBsTdPNLu_A,eastchester-new-york
https://www.ubereats.com/nyc-suburbs/food-delivery/san-martino-ristorante/r2BKM5JETJenj7zHu_ug0A,eastchester-new-york
https://www.ubereats.com/nyc-suburbs/food-delivery/oishinbo/fzWcnAu5Rda9qPK98cFPDA,eastchester-new-york
https://www.ubereats.com/nyc-suburbs/food-delivery/cava-3-rye-ridge-plaza/ELawdiQvQNevZR5jhahe1g,eastchester-new-york
https://www.ubereats.com/nyc-suburbs/food-delivery/wild-ginger/Q-YXmMz2SBC_HBHBOAl3bQ,eastchester-new-york
https://www.ubereats.com/nyc-suburbs/food-delivery/el-tumi/qqE6vdNdTKmP7X6OpbS_XQ,eastchester-new-york
https://www.ubereats.com/nyc-suburbs/food-delivery/roosevelt-square-gourmet-deli/UqO9mGgfTBKiJ95EmNHO7A,eastchester-new-york
https://www.ubereats.com/nyc-suburbs/food-delivery/souzafit-restaurant/a2eI4tTrTjm2EIkGQVBloQ,eastchester-new-york
https://www.ubereats.com/nyc-suburbs/food-delivery/the-alamo-restaurant/kf9vaRqnSQOWfVRMiK5GNg,eastchester-new-york
https://www.ubereats.com/new-york/food-delivery/al-rayyan/OzkOHtSdQV6jGC1pZlp7VA,eastchester-new-york
https://www.ubereats.com/nyc-suburbs/food-delivery/la-fattoria-restaurant/mrxWajjcRLCAjv5eLnLbmw,eastchester-new-york
https://www.ubereats.com/new-york/food-delivery/rochelle-coffee-shop/gHc46W7BQ96BOfXTopxfwg,eastchester-new-york
https://www.ubereats.com/nyc-suburbs/food-delivery/carvel-5-quaker-ridge-road/JRAnHM3eTOaQsCyCRKSMsA,eastchester-new-york
https://www.ubereats.com/nyc-suburbs/food-delivery/revenge-bbq/B5EUEs6wTUKDs62RadPoEA,eastchester-new-york
https://www.ubereats.com/nyc-suburbs/food-delivery/eat-at-the-spot/nyTL8V3PSLGK5eDFmoxfkg,eastchester-new-york
https://www.ubereats.com/nyc-suburbs/food-delivery/greenlife/tb93EloYTvq5WScmKR_E7g,eastchester-new-york
https://www.ubereats.com/nyc-suburbs/food-delivery/village-creamery-%26-sweet-shop/6g8TOtCrRtayYq1b1zLaug,eastchester-new-york
https://www.ubereats.com/nyc-suburbs/food-delivery/parkway-delicatessen/Amb99WVdQ3azRrovD8Xykg,eastchester-new-york
https://www.ubereats.com/nyc-suburbs/food-delivery/mister-chen/UWdNkahiQcSV0E_NJM0wXw,eastchester-new-york
https://www.ubereats.com/nyc-suburbs/food-delivery/hudson-social/PhY-yOBmSiWolqfAt_1cQQ,eastchester-new-york
https://www.ubereats.com/nyc-suburbs/food-delivery/kings-wok/cqpN6bpHQ9i6MprX0zZZrQ,eastchester-new-york
https://www.ubereats.com/nyc-suburbs/food-delivery/palisade-pizza-and-pasta/ycfbSApLQw-Xp9beCuS3Ug,eastchester-new-york
https://www.ubereats.com/nyc-suburbs/food-delivery/ralphs-famous-italian-ices/_F4_1ntsTsiWLwOonrtUUg,eastchester-new-york
https://www.ubereats.com/nyc-suburbs/food-delivery/pure-food-and-drink/fgi4dLlFR5uyW2m2bB1UYw,eastchester-new-york
https://www.ubereats.com/nyc-suburbs/food-delivery/frost-frozen-yogurt-co/6nuzfHrJTEmWsG2PWluCUQ,eastchester-new-york
https://www.ubereats.com/nyc-suburbs/food-delivery/bango-bowls-scarsdale/SKLAVXy3T_SzKqUuMYgRBw,eastchester-new-york
https://www.ubereats.com/nyc-suburbs/food-delivery/panda-express-3080-mall-walk/MtBKHmN6QHaaRskdx1WLUg,eastchester-new-york
https://www.ubereats.com/nyc-suburbs/food-delivery/milk-n-cookies/_0DaHQJ0S46-1T6rDqEZEw,eastchester-new-york
https://www.ubereats.com/nyc-suburbs/food-delivery/tsuru-japanese-cuisine/yH7WilnMQ0yjAo6Id5tHqw,eastchester-new-york
https://www.ubereats.com/nyc-suburbs/food-delivery/the-juice-shack/bFQWSwfWT6Ks_f9gj-5UJg,eastchester-new-york
https://www.ubereats.com/new-york/food-delivery/salsa-fresca-mexican-grill-mamaroneck/ClC75qx0QomaZY8r4csnPA,eastchester-new-york
https://www.ubereats.com/nyc-suburbs/food-delivery/the-yard-restaurant-ny/9O5CBueoTuGp5vkbwK7aSg,eastchester-new-york
https://www.ubereats.com/nyc-suburbs/food-delivery/dunkin-1333-north-ave/sDmMP4MfTASDmbuHSMXkpg,eastchester-new-york
https://www.ubereats.com/nyc-suburbs/food-delivery/ooohsogood-comfort-food/i2B0Fu7VQaSkwktBoMwsXg,eastchester-new-york
https://www.ubereats.com/nyc-suburbs/food-delivery/capis-pizza/gO93hnkFQjeNaIShkKj6AQ,eastchester-new-york
https://www.ubereats.com/nyc-suburbs/food-delivery/wendys-4330-boston-road/Bz-HcStUR-i_IjLDPp4TmQ,eastchester-new-york
https://www.ubereats.com/nyc-suburbs/food-delivery/feel-it-healthy-spot/te4c6W9uSUGOQQW83pgxeg,eastchester-new-york
https://www.ubereats.com/nyc-suburbs/food-delivery/dunkin-850-bronx-river-rd/JzWvkXMQStKZ4akPZwEprQ,eastchester-new-york
https://www.ubereats.com/nyc-suburbs/food-delivery/wendys-1751-central-park-avenue/EavfnE1iRxWZvLGb_Y5qJQ,eastchester-new-york
https://www.ubereats.com/nyc-suburbs/food-delivery/giannas-family-deli/53tac1XVR-i3BS32WQ5LZQ,eastchester-new-york
https://www.ubereats.com/nyc-suburbs/food-delivery/chicken-hut/CaGcm9IdSFWSkgAsIbjAKw,eastchester-new-york
https://www.ubereats.com/nyc-suburbs/food-delivery/road-grub-mobile/zQn3n4VORCGqlEcIVxlJ1g,eastchester-new-york
https://www.ubereats.com/nyc-suburbs/food-delivery/esys-kafe/Tr-yER1lSemKxRO6invEOA,eastchester-new-york
https://www.ubereats.com/nyc-suburbs/food-delivery/aldos-pizzeria/vtJqAIfCTTCk3V6fTlwNRg,eastchester-new-york
https://www.ubereats.com/nyc-suburbs/food-delivery/bubble-shop/jMKVHJO8Taay1vtiXzIIzQ,eastchester-new-york
https://www.ubereats.com/nyc-suburbs/food-delivery/lineas-de-naska/ehgmyIZvSpCWHT2OvM_Y4Q,eastchester-new-york
https://www.ubereats.com/nyc-suburbs/food-delivery/smashburger-448-mamaroneck-ave/K1R73Ik-QQ-q3_yaWtw3Bw,eastchester-new-york
https://www.ubereats.com/nyc-suburbs/food-delivery/panera-1015-mall-walk/7dAZkOF8SkCqBHQoDIv_ig,eastchester-new-york
https://www.ubereats.com/new-york/food-delivery/spicy-shallot-2/d89T_jEhTB2Hw1DTi_BvOw,eastchester-new-york
https://www.ubereats.com/nyc-suburbs/food-delivery/bagels-on-the-run/1JZ1H43cSfGOzbMrmkKfIQ,eastchester-new-york
https://www.ubereats.com/nyc-suburbs/food-delivery/the-little-beet-westchester-mall/hy4FC_tSRYWRzN6EF3yRQw,eastchester-new-york
https://www.ubereats.com/nyc-suburbs/food-delivery/kennedy-fried-chicken/4PxJE-T5QTiWANL1LY-4Rw,eastchester-new-york
https://www.ubereats.com/nyc-suburbs/food-delivery/starbucks-eastchester-rd-%26-morris-park-ave/X1YwL61fTCWXSbR1sdpBAw,eastchester-new-york
https://www.ubereats.com/nyc-suburbs/food-delivery/luigis-pizzeria-%26-restaurant-inc/XkqP9jYeRo2RVBXqGE-uCw,eastchester-new-york
https://www.ubereats.com/nyc-suburbs/food-delivery/noma-social/ID3p2TVTQDukuUpTp55cFw,eastchester-new-york
https://www.ubereats.com/nyc-suburbs/food-delivery/sammys-ny-bagels-scarsdale/xeWmlXxmR7WC91O8BMiQsQ,eastchester-new-york
https://www.ubereats.com/nyc-suburbs/food-delivery/l%26j-cafe/5E4-rZnfSAO36Km6RNtySg,eastchester-new-york
https://www.ubereats.com/nyc-suburbs/food-delivery/elia-taverna/EikRoaDQQ1KcIzhl4m9D9g,eastchester-new-york
https://www.ubereats.com/nyc-suburbs/food-delivery/the-souvlaki-truck/3FZF5lc_Q8K3q2p6VnKbBw,eastchester-new-york
https://www.ubereats.com/nyc-suburbs/food-delivery/lombardos-pizza/V3g_lC14SAKIOm54snwoAg,eastchester-new-york
https://www.ubereats.com/nyc-suburbs/food-delivery/cravwings/jVe9vRpMQkepo_YroFFOKA,eastchester-new-york
https://www.ubereats.com/nyc-suburbs/food-delivery/pelham-primo-pizzeria/vMOx4dZRQVCp8JLu6gsQ5g,eastchester-new-york
https://www.ubereats.com/nyc-suburbs/food-delivery/mcdonalds-lower-westchester-mamaroneck/rCMroYShRLuJ8br4UFT8Jg,eastchester-new-york
https://www.ubereats.com/nyc-suburbs/food-delivery/new-tokyo-house-of-yonkers/f5F7uyf0S72OZN-NxZUsYA,eastchester-new-york
https://www.ubereats.com/nyc-suburbs/food-delivery/mannymofongo/Id35Da7xT9iEI2IerjlI4Q,eastchester-new-york
https://www.ubereats.com/nyc-suburbs/food-delivery/sloppie-joes/98miDI7MQfO1LdBlbmBHPw,eastchester-new-york
https://www.ubereats.com/nyc-suburbs/food-delivery/ajs-burgers/rVRYesK3TzqZw2bNdX5GoQ,eastchester-new-york
https://www.ubereats.com/nyc-suburbs/food-delivery/pelham-plaza-gourmet/L3RZTEpZTZ6qDQDaZ7XJIQ,eastchester-new-york
https://www.ubereats.com/nyc-suburbs/food-delivery/italian-meateria/mMu7DNZnSFmpJtaVV84J9g,eastchester-new-york
https://www.ubereats.com/nyc-suburbs/food-delivery/byram-sushi-%26-teriyaki/IhUhKgZIRLmLiEliu8CWjw,eastchester-new-york
https://www.ubereats.com/new-york/food-delivery/blue-moon-mexican-cafe-westchester/oy3EWb51RryjOujx7u3Myw,eastchester-new-york
https://www.ubereats.com/nyc-suburbs/food-delivery/fresh-%26-co-yonkers/SSlW53nEQg6wVymcQmI_JA,eastchester-new-york
https://www.ubereats.com/nyc-suburbs/food-delivery/good-to-go-gourmet/AfOEoG6KRNa1X37JyCwsvw,eastchester-new-york
https://www.ubereats.com/new-york/food-delivery/fez-turkish-meze/bcXt8QMsTaKgHYvlbY3zHw,eastchester-new-york
https://www.ubereats.com/nyc-suburbs/food-delivery/united-gourmet-deli/_RqBEw2dT9iS16CgH3Cd0g,eastchester-new-york
https://www.ubereats.com/nyc-suburbs/food-delivery/buddha-asian-bistro/DpXLDrjoSyuCN-8SNoFxBA,eastchester-new-york
https://www.ubereats.com/nyc-suburbs/food-delivery/longfords-ice-cream-rye/WjsvMYl0R_SD0nZcEPYIZw,eastchester-new-york
https://www.ubereats.com/nyc-suburbs/food-delivery/dunkin-1034-north-broadway/yuCGxvhDTsSA9Y4tzinrYQ,eastchester-new-york
https://www.ubereats.com/nyc-suburbs/food-delivery/sals-pizzeria/bxvabFOwRwSPxYpKo4YQKA,eastchester-new-york
https://www.ubereats.com/nyc-suburbs/food-delivery/nathans-famous-4156-white-plains-road/Yh5z5y1VRcOQPrZoPZE6Kw,eastchester-new-york
https://www.ubereats.com/nyc-suburbs/food-delivery/pf-changs-160-market-street/5v_UZeNjSzuo5HHhyf0lMQ,eastchester-new-york
https://www.ubereats.com/new-york/food-delivery/taqueria-metate/FA3bkv-JQoqNtvXAWzQIJw,eastchester-new-york
https://www.ubereats.com/nyc-suburbs/food-delivery/la-bella-havana/SC0HJBXqSU2UxX_DuUcnCA,eastchester-new-york
https://www.ubereats.com/new-york/food-delivery/tzatziki-greek-grill/zvv3jpH_Qku4pYt9JBvFcg,eastchester-new-york
https://www.ubereats.com/nyc-suburbs/food-delivery/sunrise-pizza/JpKmWiXVTvCGG27guguOJQ,eastchester-new-york
https://www.ubereats.com/nyc-suburbs/food-delivery/applebees-new-rochelle/fmiYmC2ySZ27CC_Q1hqN1Q,eastchester-new-york
https://www.ubereats.com/nyc-suburbs/food-delivery/yard-grill-%26-bar/InC5np1YRmS9DrCKdZC9xw,eastchester-new-york
https://www.ubereats.com/nyc-suburbs/food-delivery/sea-bite-market/t3LAjA5ITeWIKANGiZjhPw,eastchester-new-york
https://www.ubereats.com/nyc-suburbs/food-delivery/25-north/wFSk9jjqSOOdJUbLJhjQiw,eastchester-new-york
https://www.ubereats.com/nyc-suburbs/food-delivery/giovannis-delicatessen-%26-catering/el6IdToBR-6we78SCulTxg,eastchester-new-york
https://www.ubereats.com/nyc-suburbs/food-delivery/the-snackery-bakeshop/W8_qBz5_Q3yXHp5wXMpdqQ,eastchester-new-york
https://www.ubereats.com/nyc-suburbs/food-delivery/smallcakes-scarsdale-greenville/el-C5uJeQi-mIgmGFaEJOQ,eastchester-new-york
https://www.ubereats.com/nyc-suburbs/food-delivery/kaji-sushi-and-hibachi/NyQrMaZrQpOtfv3eJ52M2Q,eastchester-new-york
https://www.ubereats.com/nyc-suburbs/food-delivery/el-corral-mexican-food/P0zIRvfuS868grQ1FsEHeA,eastchester-new-york
https://www.ubereats.com/nyc-suburbs/food-delivery/atit-thai-restaurant/PA84smGmQXil3z7RRkUtXA,eastchester-new-york
https://www.ubereats.com/nyc-suburbs/food-delivery/espositos-ristorante-%26-pizzeria-ii/rsB9nrKbQwCRSTUvSOpCdQ,eastchester-new-york
https://www.ubereats.com/nyc-suburbs/food-delivery/singas-famous-pizza-yonkers/zlm6ti5uTVimCjAm7eajzQ,eastchester-new-york
https://www.ubereats.com/nyc-suburbs/food-delivery/station-stop-cafe-and-deli/ymFdh59HSAa3tMwEz-xfBQ,eastchester-new-york
https://www.ubereats.com/nyc-suburbs/food-delivery/kfc-309-e-sandford-blvd/bjhd5kwkRqOPUac0bqiTqg,eastchester-new-york
https://www.ubereats.com/nyc-suburbs/food-delivery/argonaut-diner/0q2gBAVvQIS2h2b0tZqkSQ,eastchester-new-york
https://www.ubereats.com/nyc-suburbs/food-delivery/la-bocca-ristorante/Tn9mMXTDQqeDLFnRMKMrLQ,eastchester-new-york
https://www.ubereats.com/nyc-suburbs/food-delivery/kee-oyster-house/-LK3fexyQ5iI5bON-DjxRQ,eastchester-new-york
https://www.ubereats.com/nyc-suburbs/food-delivery/tita-gourmet-food-%26-juice-bar/yh5Ln7rTRvuS1EXPeghcBQ,eastchester-new-york
https://www.ubereats.com/nyc-suburbs/food-delivery/yumi-japanese-steak-house/jJilt9xQTTK_GO3N6FXpgQ,eastchester-new-york
https://www.ubereats.com/nyc-suburbs/food-delivery/grub-off-the-grill/OgXxmjSITCC8HXyY3gnmnA,eastchester-new-york
https://www.ubereats.com/nyc-suburbs/food-delivery/bella-vista-deli/nymPl3dZRFi3b4xxPZsoLA,eastchester-new-york
https://www.ubereats.com/nyc-suburbs/food-delivery/lusardis-restaurant/wdhFfwnFTKChfvpI2fJLXQ,eastchester-new-york
https://www.ubereats.com/nyc-suburbs/food-delivery/the-593/_xDsl6wRQquIfm6Wg6124g,eastchester-new-york
https://www.ubereats.com/nyc-suburbs/food-delivery/yum-ice-cream-%26-bubble-tea/a-EOTxq7SJKVJxU4DO2cgQ,eastchester-new-york
https://www.ubereats.com/nyc-suburbs/food-delivery/pizza-pizza-yonkers/n2HnmoVfQKiYdYK3WFJSDw,eastchester-new-york
https://www.ubereats.com/nyc-suburbs/food-delivery/dobbs-dawg-house/WraUPEujTwOvp7Uv0zNxVQ,eastchester-new-york
https://www.ubereats.com/nyc-suburbs/food-delivery/square-2-luncheonette/a-fOKlgQTzqJHlhpturI_A,eastchester-new-york
https://www.ubereats.com/nyc-suburbs/food-delivery/i-got-the-juice/9klgmt02Ry-A48LsK_HGUw,eastchester-new-york
https://www.ubereats.com/nyc-suburbs/food-delivery/yumi-asian-bistro-%26-hibachi-steak-house/22AE0vddTOavr6zQl-N23w,eastchester-new-york
https://www.ubereats.com/nyc-suburbs/food-delivery/la-botte-ristorante/bElL5cLkS_S9_RqYz77Rwg,eastchester-new-york
https://www.ubereats.com/nyc-suburbs/food-delivery/juarez-mexican-restaurant/K5WFOhHxTVCgrHY07dJaYg,eastchester-new-york
https://www.ubereats.com/nyc-suburbs/food-delivery/halstead-ave-taqueria/6OBmpbj1RS-to5Z8DnfRKQ,eastchester-new-york
https://www.ubereats.com/nyc-suburbs/food-delivery/wolf-and-warrior-brewing-company-195-e-post-rd/wDMIoBhcTkiE39rlg7skmQ,eastchester-new-york
https://www.ubereats.com/nyc-suburbs/food-delivery/pelham-pizza/5hUQMexkT0uDCyCHHm0wXQ,eastchester-new-york
https://www.ubereats.com/nyc-suburbs/food-delivery/spicy-shallot-2/d89T_jEhTB2Hw1DTi_BvOw,eastchester-new-york
https://www.ubereats.com/nyc-suburbs/food-delivery/carlos-restaurant-yonkers/NPGD2KfJTSyhPEp6Q0v1HA,eastchester-new-york
https://www.ubereats.com/nyc-suburbs/food-delivery/lit-sports-lounge-%26-grill/Om69o7XeSg-z0EaccXgVFQ,eastchester-new-york
https://www.ubereats.com/nyc-suburbs/food-delivery/rib-king-bbq/r2L29NhvT5Cwli2pcowXWg,eastchester-new-york
https://www.ubereats.com/nyc-suburbs/food-delivery/larchmont-tavern/CD1LanwzSQ-1th47VHxy5Q,eastchester-new-york
https://www.ubereats.com/nyc-suburbs/food-delivery/kfc-colonial-heights/vrONKJ1ZQBOVWWA8uYITqQ,eastchester-new-york
https://www.ubereats.com/nyc-suburbs/food-delivery/cafe-la-fondita-mamaroneck/kYxL0epzR3Gkutay50hejw,eastchester-new-york
https://www.ubereats.com/nyc-suburbs/food-delivery/kaito-sushi/kweKmeKfTFGCxoSWGB7ZiA,eastchester-new-york
https://www.ubereats.com/nyc-suburbs/food-delivery/bronxville-diner/jxnrzKiCSjmhbQ3I-MUhAA,eastchester-new-york
https://www.ubereats.com/nyc-suburbs/food-delivery/golden-new-york-bagels/s4GsMcNZS5WzbcAtRNc6GQ,eastchester-new-york
https://www.ubereats.com/nyc-suburbs/food-delivery/augies-family-style-restaurant/Le6HMSS7QKKbETUjQm8-Nw,eastchester-new-york
https://www.ubereats.com/nyc-suburbs/food-delivery/la-pizzeria-del-sabor/5VPb7HGZTmStKZUDHMHABw,eastchester-new-york
https://www.ubereats.com/nyc-suburbs/food-delivery/mp-taverna-irvington/SDEBrUEeTs6TxNPP5TCSGQ,eastchester-new-york
https://www.ubereats.com/nyc-suburbs/food-delivery/walters-hot-dogs-white-plains/ulHvx9_SRjKTKIBw1E6TVQ,eastchester-new-york
https://www.ubereats.com/nyc-suburbs/food-delivery/paulas-soul-cafe/tu6TC4fRSYaAEc7Qske1OQ,eastchester-new-york
https://www.ubereats.com/nyc-suburbs/food-delivery/burgerim-18-hamilton-st/WPGB-gWRQoW4zUCauhi9Eg,eastchester-new-york
https://www.ubereats.com/nyc-suburbs/food-delivery/treat-yourself-jerk/GCraMq9GQPmkhJMx2sQpFg,eastchester-new-york
https://www.ubereats.com/nyc-suburbs/food-delivery/mcdonalds-new-rochelle-main/ByjvTRL_T3KT0YoTkszhbw,eastchester-new-york
https://www.ubereats.com/nyc-suburbs/food-delivery/la-bella-italian-deli/JmboJb04T6yizf1ShIu4VA,eastchester-new-york
https://www.ubereats.com/new-york/food-delivery/scooters-soup-%26-chili/NozhJWoFRVCSAE-NGTVgFg,eastchester-new-york
https://www.ubereats.com/nyc-suburbs/food-delivery/b-%26-bs-5th-ave-pub/4j5UYOc2Q9-0fnK9rll6ww,eastchester-new-york
https://www.ubereats.com/nyc-suburbs/food-delivery/star-diner/VRTBLLhqT86XOmgu9hTkGA,eastchester-new-york
https://www.ubereats.com/nyc-suburbs/food-delivery/el-meson-restaurant/EU9Z1GhpTIG6oQAvIPAlWw,eastchester-new-york
https://www.ubereats.com/nyc-suburbs/food-delivery/goosefeather/tQzZceipSuCIQLaD4A69Mg,eastchester-new-york
https://www.ubereats.com/nyc-suburbs/food-delivery/gin-ban-asian-bistro-%26-sushi-bar/IWmblFGrTKy3zNS7kJ9J9Q,eastchester-new-york
https://www.ubereats.com/nyc-suburbs/food-delivery/dragon-garden/0dw1avPoQZKO_jtBDkJ_bQ,eastchester-new-york
https://www.ubereats.com/nyc-suburbs/food-delivery/dunkin-10-depot-pl/O-jryiWUTEq_cFjE3lkLTQ,eastchester-new-york
https://www.ubereats.com/nyc-suburbs/food-delivery/ribs-on-the-run/apmfwmAtSzy8eAC-mqn9fQ,eastchester-new-york
https://www.ubereats.com/nyc-suburbs/food-delivery/le-macaron/EQCoTaw4TcuJXKakstVJHw,eastchester-new-york
https://www.ubereats.com/nyc-suburbs/food-delivery/casaletto-restaurant/AjJNC3nuQzqF-7lVZkRpnA,eastchester-new-york
https://www.ubereats.com/nyc-suburbs/food-delivery/veracruz-iii/1DbheK7jQJuUGa2ruaRNFQ,eastchester-new-york
https://www.ubereats.com/nyc-suburbs/food-delivery/maison-margaux/_n0wJvjrS-WzC6c_KSQBqQ,eastchester-new-york
https://www.ubereats.com/nyc-suburbs/food-delivery/renos-trattoria-yonkers/uUXALEMSQEecF8dJo9KEPA,eastchester-new-york
https://www.ubereats.com/nyc-suburbs/food-delivery/rockwells/mNv9yAPzTxiNTp8HxkF9tQ,eastchester-new-york
https://www.ubereats.com/nyc-suburbs/food-delivery/nonna-carola/KGQ-TDsbSYG33JrfkQ4qxg,eastchester-new-york
https://www.ubereats.com/nyc-suburbs/food-delivery/bosphorus-restaurant/xjKqUk7iRSarzh2VqcRcMA,eastchester-new-york
https://www.ubereats.com/nyc-suburbs/food-delivery/the-quarry-restaurant/jDnKVhg4Q5K-5_bJeJSt0w,eastchester-new-york
https://www.ubereats.com/nyc-suburbs/food-delivery/stevies-crepes-%26-waffles/OlkWysphTMOIC9wCQUm48g,eastchester-new-york
https://www.ubereats.com/nyc-suburbs/food-delivery/the-chipper-truck-cafe-yonkers/gtKvMF4GQLy4VFweA4hTpQ,eastchester-new-york
https://www.ubereats.com/nyc-suburbs/food-delivery/westchester-taco-grill/rl9IQPJIQaGK05-U9BgMpQ,eastchester-new-york
https://www.ubereats.com/nyc-suburbs/food-delivery/vijiyawada-briyani-yonkers/cqE0nz5wQZu9kzm2JY1Usg,eastchester-new-york
https://www.ubereats.com/nyc-suburbs/food-delivery/beechmont-tavern/pUDDVpToRdS9eMStT_VFuQ,eastchester-new-york
https://www.ubereats.com/nyc-suburbs/food-delivery/pizza-gourmet-restaurant/YRd2oeEyTQuH2DEDiyilYw,eastchester-new-york
https://www.ubereats.com/nyc-suburbs/food-delivery/china-star-buffet-inc/dv6IKqkoTRqi8ouREBO7dw,eastchester-new-york
https://www.ubereats.com/nyc-suburbs/food-delivery/sunshine-buddha-llc/887DYo-tTAGQQ2KOMYCLBA,eastchester-new-york
https://www.ubereats.com/nyc-suburbs/food-delivery/chat-american-grill/E5LQUbMcTLCMH8rywHYorA,eastchester-new-york
https://www.ubereats.com/nyc-suburbs/food-delivery/burrito-poblano/LazDbJIzRVu3XcKz7pAk9g,eastchester-new-york
https://www.ubereats.com/nyc-suburbs/food-delivery/scalas-pizza/Q53ovdQrQnmsakw52wsVOg,eastchester-new-york
https://www.ubereats.com/nyc-suburbs/food-delivery/mariachi-loco-ii/_bK1LDQKQCikS81aCw2HdQ,eastchester-new-york
https://www.ubereats.com/nyc-suburbs/food-delivery/fresh-food-deli-and-grill/yMhKPeE6SQ6gXavbJRd3Jg,eastchester-new-york
https://www.ubereats.com/nyc-suburbs/food-delivery/szechuan-garden-chinese-restaurant/xMzArOa3SYmY4dt_knd-rw,eastchester-new-york
https://www.ubereats.com/nyc-suburbs/food-delivery/el-vitos-seafood/h_MRZmGwSKaESjmG5rKDRg,eastchester-new-york
https://www.ubereats.com/nyc-suburbs/food-delivery/bgr-the-burger-joint-2060-mall-walk/5Uia7xr5R9mKGn0tzymtBg,eastchester-new-york
https://www.ubereats.com/nyc-suburbs/food-delivery/peachwave-frozen-yogurt-hartsdale-ave/6jar-nOWTTaCAOjixtA9Cg,eastchester-new-york
https://www.ubereats.com/nyc-suburbs/food-delivery/juices-for-life-yonkers/-T4AovE7QSelhrFjHmagNQ,eastchester-new-york
https://www.ubereats.com/nyc-suburbs/food-delivery/village-kitchen/bq3qsrVjRb2RZuUYeMTZUQ,eastchester-new-york
https://www.ubereats.com/nyc-suburbs/food-delivery/rinis-restaurant/SQUsD2h9TNqNajR7N9KNOg,eastchester-new-york
https://www.ubereats.com/nyc-suburbs/food-delivery/mortons-the-steakhouse-5-mamaroneck-avenue/VI9ClW4iSCqFPFx_0eygAQ,eastchester-new-york
https://www.ubereats.com/nyc-suburbs/food-delivery/kimball-grocers-llc/QYw6xmUdQhy0B0IUt-EalQ,eastchester-new-york
https://www.ubereats.com/nyc-suburbs/food-delivery/carvel-325-webster-ave/QlO4o6akSta4Nk_9jkzpAQ,eastchester-new-york
https://www.ubereats.com/nyc-suburbs/food-delivery/dunkin-1-palisade-ave/OlGImYUFTMCNTB3F4kcdLQ,eastchester-new-york
https://www.ubereats.com/nyc-suburbs/food-delivery/big-als-munchies/DRC95MwNR7yQjBblo_paSQ,eastchester-new-york
https://www.ubereats.com/nyc-suburbs/food-delivery/spectators-sports-pub-and-grill/N8c6zMxuR6G_PBb5Cd9PvQ,eastchester-new-york
https://www.ubereats.com/nyc-suburbs/food-delivery/dunkin-759-s-columbus-ave/U2vWvnKQTnGe-11tmXaTKw,eastchester-new-york
https://www.ubereats.com/nyc-suburbs/food-delivery/hai-sing-chinese-restaurant/m2pWWr5ETdO-5mnxNi0Q5A,eastchester-new-york
https://www.ubereats.com/nyc-suburbs/food-delivery/burger-king-556-central-park-avenue/hnm_LqXVR8G1qnbqcMvR8A,eastchester-new-york
https://www.ubereats.com/nyc-suburbs/food-delivery/familys-pots-and-grill/AyedXgLhQkysX0oTSaROSw,eastchester-new-york
https://www.ubereats.com/nyc-suburbs/food-delivery/via-forno-wood-fired-pizza/Rf1vvCTjQkWgJ5mxFb3xQA,eastchester-new-york
https://www.ubereats.com/nyc-suburbs/food-delivery/carlos-restaurant-new-rochelle/O0hDQtdWT2K_KbhBrwC7Dg,eastchester-new-york
https://www.ubereats.com/nyc-suburbs/food-delivery/linizio/VbSD8q8aRVCnwSdZqxjpDA,eastchester-new-york
https://www.ubereats.com/nyc-suburbs/food-delivery/deli-expressions/zwg8S04pRLGSnBlkm2_Iuw,eastchester-new-york
https://www.ubereats.com/nyc-suburbs/food-delivery/popojito/nLUwxS3xSUuv2FM3utJEAA,eastchester-new-york
https://www.ubereats.com/nyc-suburbs/food-delivery/harvest-on-hudson/QDc84YnETQ2B4aoNEws50A,eastchester-new-york
https://www.ubereats.com/nyc-suburbs/food-delivery/dunkin-678-central-park-ave/SJOXCfpOTEa3swtdbnv-Vw,eastchester-new-york
https://www.ubereats.com/nyc-suburbs/food-delivery/chipotle-mexican-grill-405-tarrytown-rd/ZP91e8G7TUyQB2X1zgn6Uw,eastchester-new-york
https://www.ubereats.com/nyc-suburbs/food-delivery/anthony-deli/h9DrDlw6SXmigLpy82qhVg,eastchester-new-york
https://www.ubereats.com/nyc-suburbs/food-delivery/dazzles-restaurant-%26-lounge/6J0VwZilTZaUTyc7CW5E2Q,eastchester-new-york
https://www.ubereats.com/nyc-suburbs/food-delivery/dunkin-42-lake-st/SilRWwFbRBK4K9dZXf7JWQ,eastchester-new-york
https://www.ubereats.com/nyc-suburbs/food-delivery/angelinas-deli/HDdE0sAlQdat6DJZLMi_HQ,eastchester-new-york
https://www.ubereats.com/nyc-suburbs/food-delivery/boston-market-3100-xavier-drive/6vJgXwBHStG1PrT6X6oFNQ,eastchester-new-york
https://www.ubereats.com/nyc-suburbs/food-delivery/durian-thai-food/djUTP89ZT2mlQ_0pYCQ2CQ,eastchester-new-york
https://www.ubereats.com/new-york/food-delivery/gyro-gyro/ftqkMWP1RwuZwrwd_e0jhQ,eastchester-new-york
https://www.ubereats.com/nyc-suburbs/food-delivery/dunkin-38-a-mill-rd/7FgZ2v4dRCmAio4Wgaej9A,eastchester-new-york
https://www.ubereats.com/nyc-suburbs/food-delivery/kfc-3770-boston-rd-%233776/PEs_UljZQ82qOQQpKAh9kw,eastchester-new-york
https://www.ubereats.com/nyc-suburbs/food-delivery/mooyah-burgers-1943-palmer-ave/cCXqw5wjS9ikKTO-ubBVbQ,eastchester-new-york
https://www.ubereats.com/nyc-suburbs/food-delivery/cerbones-bakery/5GeDdu00TomuKeHzmQFCng,eastchester-new-york
https://www.ubereats.com/nyc-suburbs/food-delivery/doms-deli-and-grille-house-ii/OcuJQwSfS9KPgz02I1L6VA,eastchester-new-york
https://www.ubereats.com/nyc-suburbs/food-delivery/kennedy-fried-chicken-new-rochelle/2DztwZ-dQkqg0wIEG9I_cQ,eastchester-new-york
https://www.ubereats.com/nyc-suburbs/food-delivery/cinnabon-6-a-mall-walk/FbB18cL3QJGVUjIEefqRxQ,eastchester-new-york
https://www.ubereats.com/new-york/food-delivery/mariachi-loco-ii/_bK1LDQKQCikS81aCw2HdQ,eastchester-new-york
https://www.ubereats.com/nyc-suburbs/food-delivery/bareburger-265-n-central-ave/PeuF8Ic1R0yT8qeeuLMOhg,eastchester-new-york
https://www.ubereats.com/nyc-suburbs/food-delivery/richie-rich-caribbean-taste-seafood/HHT41tOSSzK7q0ywGdS6PQ,eastchester-new-york
https://www.ubereats.com/nyc-suburbs/food-delivery/starbucks-beechmont-new-rochelle/u39WVRS9SMSDdMkdkgKBaw,eastchester-new-york
https://www.ubereats.com/nyc-suburbs/food-delivery/dbay-cafe/UU-zoytvQNCgIo45pI8b9g,eastchester-new-york
https://www.ubereats.com/new-york/food-delivery/hash-o-nash/RIWBWUr1SN-IRqBcpm2UNw,eastchester-new-york
https://www.ubereats.com/nyc-suburbs/food-delivery/masala-kraft-cafe/kvhE8iXETfuGm0oho2OcSw,eastchester-new-york
https://www.ubereats.com/nyc-suburbs/food-delivery/divino-cucina-itaiana/uJ7C5QZXRpGN4oJZsKNjKg,eastchester-new-york
https://www.ubereats.com/nyc-suburbs/food-delivery/friendly-chinese-to-go/FTI4WZTlT1iwUh_XtZIprA,eastchester-new-york
https://www.ubereats.com/nyc-suburbs/food-delivery/rochelle-coffee-shop/gHc46W7BQ96BOfXTopxfwg,eastchester-new-york
https://www.ubereats.com/nyc-suburbs/food-delivery/bella-napoli-pizzeria/0pAY7qh3SQCmnJVSEzZt-g,eastchester-new-york
https://www.ubereats.com/nyc-suburbs/food-delivery/al-rayyan/OzkOHtSdQV6jGC1pZlp7VA,eastchester-new-york
https://www.ubereats.com/nyc-suburbs/food-delivery/little-kitchen/lbYVCasOSqCdrWPDswtK5g,eastchester-new-york
https://www.ubereats.com/nyc-suburbs/food-delivery/carvel-262-n-saw-mill-river-road/_bIApWR-SSiGL-aZ9l9XQQ,eastchester-new-york
https://www.ubereats.com/nyc-suburbs/food-delivery/abis-japanese-traditional-cuisine/94veQQlYS-COwhX4-Nd33Q,eastchester-new-york
https://www.ubereats.com/nyc-suburbs/food-delivery/yonkers-deli-%26-market/JeJv2MSRRtS4661S7MH4hA,eastchester-new-york
https://www.ubereats.com/nyc-suburbs/food-delivery/oracabessa-bar-%26-lounge/M-cPKKQ3TWqaFpHHI6A5IQ,eastchester-new-york
https://www.ubereats.com/nyc-suburbs/food-delivery/the-halal-guys-the-galleria-mall-100-main-street/11wxJCTyTCS5oRyNFhKmYg,eastchester-new-york
https://www.ubereats.com/nyc-suburbs/food-delivery/white-plain-star-deli/5WBF407LSVmMVsJV5lCr6Q,eastchester-new-york
https://www.ubereats.com/nyc-suburbs/food-delivery/eddrish-deli-%26-groceries-inc/V_FeAIdsSiGcoNhspwLcoQ,eastchester-new-york
https://www.ubereats.com/nyc-suburbs/food-delivery/lincoln-gourmet-deli/Jm2OhIKpQKGVToEVnIBjag,eastchester-new-york
https://www.ubereats.com/nyc-suburbs/food-delivery/escape-latino-new-rochelle/PqM2a7CWSie9JcAOgL58uw,eastchester-new-york
https://www.ubereats.com/nyc-suburbs/food-delivery/gateway-foods-holding-inc/TIErUOAtR0airNpro2sX0A,eastchester-new-york
https://www.ubereats.com/new-york/food-delivery/red-ruby/VTPiN_cbTgGRHtpd0KbA9w,eastchester-new-york
https://www.ubereats.com/nyc-suburbs/food-delivery/tgi-fridays-740-yonkers/j0on3qzcRc2p-hT7n7tzPw,eastchester-new-york
https://www.ubereats.com/nyc-suburbs/food-delivery/seasons-scarsdale-%26-simply-sushi/L-c7NNdbR1CWNwxBYEM21w,eastchester-new-york
https://www.ubereats.com/nyc-suburbs/food-delivery/bbq-chicken-hartsdale-ny/IzIrXzj-QzGqLt84E7bNbw,eastchester-new-york
https://www.ubereats.com/nyc-suburbs/food-delivery/caridad-%26-louies-new-rochelle/wkkDFcdOQmOTSdyVAnDN4Q,eastchester-new-york
https://www.ubereats.com/nyc-suburbs/food-delivery/swirls-%26-sweets/wF1CQ2C6THy7xVtAdy8XLQ,eastchester-new-york
https://www.ubereats.com/nyc-suburbs/food-delivery/juteux-restaurant-%26-juice-bar-westchester/eM7LNmFfQbajC0JbRtrdIg,eastchester-new-york
https://www.ubereats.com/nyc-suburbs/food-delivery/bangkok-city-5th-ave/WksN77w3Sgm9WF6NosK4PQ,eastchester-new-york
https://www.ubereats.com/nyc-suburbs/food-delivery/dunkin-1311-boston-post-rd/NFiEHjTDR4Cxo0KxI3V9BQ,eastchester-new-york
https://www.ubereats.com/nyc-suburbs/food-delivery/rudys/wjSjoQTZRJiy9uFMTb6o0g,eastchester-new-york
