url,city
https://www.ubereats.com/connecticut/food-delivery/belly-buster-pancakes/U1B5xX_rQEGsyjAGRWyjJA,easton-connecticut
https://www.ubereats.com/connecticut/food-delivery/spice-indian-cuisine-bethel/L6nchoaLRhSXGpOV3aqUyw,easton-connecticut
https://www.ubereats.com/connecticut/food-delivery/baja-cocina/KYNX0yobTyW0wQDhhis8Tg,easton-connecticut
https://www.ubereats.com/connecticut/food-delivery/india-raj-restaurant/qTPUGNsHQle95K3I_4IoUA,easton-connecticut
https://www.ubereats.com/connecticut/food-delivery/steffanos-pizza-restaurant/Umqg1V2zSD6mW2tXlai4aA,easton-connecticut
https://www.ubereats.com/connecticut/food-delivery/paramount-pizza/aDPEmoEOS1WiVahN611Cww,easton-connecticut
https://www.ubereats.com/connecticut/food-delivery/classic-50s-deli/a7i8PATIQg2PRDkYNASNWg,easton-connecticut
https://www.ubereats.com/connecticut/food-delivery/connecticut-coffee-and-grill/DvSQ0s_rQtOTinbhnNSPsw,easton-connecticut
https://www.ubereats.com/connecticut/food-delivery/malibu-taco/CLRy5P3xSQOKkvNlE5K6XA,easton-connecticut
https://www.ubereats.com/connecticut/food-delivery/taqueria-la-michoacana/3zpC9Q_RTjCINzqwFU1YFg,easton-connecticut
https://www.ubereats.com/connecticut/food-delivery/ginkgo-sichuan-cuisine/BkpOItOeSa-dA5SuP_2qCg,easton-connecticut
https://www.ubereats.com/connecticut/food-delivery/fairfield-deli-%26-grill/zOZfitF_RTuv9xD0iM-kwQ,easton-connecticut
https://www.ubereats.com/connecticut/food-delivery/kolam/Nf0Y9vRXRkaZMQjpQpF84Q,easton-connecticut
https://www.ubereats.com/connecticut/food-delivery/jrs-meatless-cuisine-and-juices/YiP8CpsiQmajWiWRWP9POA,easton-connecticut
https://www.ubereats.com/connecticut/food-delivery/new-kitchen/MwIlO79CQs2sPJPwZaBRZw,easton-connecticut
https://www.ubereats.com/connecticut/food-delivery/krispy-krunchy-chicken-fairfield-ave/36yks6p6TDyj4-jgmDSXVQ,easton-connecticut
https://www.ubereats.com/connecticut/food-delivery/vedas-indian-cuisine-norwalk/W0i7Wa80R_CDmAORW0uQMw,easton-connecticut
https://www.ubereats.com/connecticut/food-delivery/mcdonalds-north-ave/ekJ9qxKpTx-bGczZ-F1yEw,easton-connecticut
https://www.ubereats.com/connecticut/food-delivery/super-taqueria-las-salsas/ZvknEw5BSRGxOsQD7DpxTQ,easton-connecticut
https://www.ubereats.com/connecticut/food-delivery/wing-it-ct/nydgOup6SE2A-IYkkD3ZMQ,easton-connecticut
https://www.ubereats.com/connecticut/food-delivery/china-ming/yeH51ZVQSfCZZ3fV8qQXGA,easton-connecticut
https://www.ubereats.com/connecticut/food-delivery/el-gallo-dorado-%232-restaurant/R4aahKmuQlyphbWUK0tSmA,easton-connecticut
https://www.ubereats.com/connecticut/food-delivery/bella-sera-ristorante/23lCEF80Ti-RFPJL9_Ww_g,easton-connecticut
https://www.ubereats.com/connecticut/food-delivery/country-diner/evtRRwaFTXi-swNAfpeTxQ,easton-connecticut
https://www.ubereats.com/connecticut/food-delivery/vazzys-osteria/tx5GQ74QSrWTiY8YuklJYw,easton-connecticut
https://www.ubereats.com/connecticut/food-delivery/the-redding-roadhouse/P0lsP4_dQ6OU-Etm42ImiQ,easton-connecticut
https://www.ubereats.com/connecticut/food-delivery/kings-deli/r92Cij83SpK38alXjNzufw,easton-connecticut
https://www.ubereats.com/connecticut/food-delivery/robertos-restaurant/6X98c_A0QOCNFtxd-lA1pg,easton-connecticut
https://www.ubereats.com/connecticut/food-delivery/thai-kit/mT2Ou2r5T8eOFBUWmOBnug,easton-connecticut
https://www.ubereats.com/connecticut/food-delivery/geronimo-southwest-grill/k3mazUtCQ5yclHLERuy41Q,easton-connecticut
https://www.ubereats.com/connecticut/food-delivery/catch-a-healthy-habit/RBJo-t31TSa_qqEjCKDddw,easton-connecticut
https://www.ubereats.com/connecticut/food-delivery/yalla-organic-hummus-%26-grill/TCgxH9fvScyPVdKsOSsXyQ,easton-connecticut
https://www.ubereats.com/connecticut/food-delivery/pizza-heaven/a6pQGkjDThiQ6s1j0f6BVA,easton-connecticut
https://www.ubereats.com/connecticut/food-delivery/francos-deli-and-pizza/46xQhnyuRieWUb-3qPXRmw,easton-connecticut
https://www.ubereats.com/connecticut/food-delivery/saffron-indian-cuisine/HxO9ZqdQQtWSDOu4_Snkyg,easton-connecticut
https://www.ubereats.com/connecticut/food-delivery/frankies-diner/8zTNrDkgQX2Hzv-oZ1cUhg,easton-connecticut
https://www.ubereats.com/connecticut/food-delivery/romanacci-ii/-v5Q63AvRRym7qssmKEEbg,easton-connecticut
https://www.ubereats.com/connecticut/food-delivery/mikes-pizza/iXI8p22QQSO44vY7RAbKjw,easton-connecticut
https://www.ubereats.com/connecticut/food-delivery/circle-diner-restaurant/7UCwCE38T0WNIkAGxFN8eQ,easton-connecticut
https://www.ubereats.com/connecticut/food-delivery/captains-pizza-restaurant-%231/ou71sKvOQ16swa-DakmDIg,easton-connecticut
https://www.ubereats.com/connecticut/food-delivery/milestone-restaurant/GUBIsbTCTP2QLQogUwghRA,easton-connecticut
https://www.ubereats.com/connecticut/food-delivery/parkertrumbull/NfNoA6EITsCR_nyHzEF-tg,easton-connecticut
https://www.ubereats.com/connecticut/food-delivery/brick-oven-on-main/HPMgFRSuTHyDgOQsSf5XOg,easton-connecticut
https://www.ubereats.com/connecticut/food-delivery/mcgowans-pizzaland/zwBof65SQDWHOcBYc2GN_w,easton-connecticut
https://www.ubereats.com/connecticut/food-delivery/cold-stone-creamery-2323-black-rock-tpke/dwxFz0BbQfS1fOq3IqPkCA,easton-connecticut
https://www.ubereats.com/connecticut/food-delivery/brothers-pizzeria-%26-italian-restaurant/2fkkDOE3S_msx4lk_kCyPw,easton-connecticut
https://www.ubereats.com/connecticut/food-delivery/milkcraft/5Ak68YeUQzuESSItDSAv6g,easton-connecticut
https://www.ubereats.com/connecticut/food-delivery/kitchen-number-1/w5KtM0NwRIGIK-T4mYGF-A,easton-connecticut
https://www.ubereats.com/connecticut/food-delivery/border-grill-westport/g-nGYMAjQV2X22t6B9EPFw,easton-connecticut
https://www.ubereats.com/connecticut/food-delivery/shu-restaurant-fairfield/eJytQsbhS_GevyrmDp1G0g,easton-connecticut
https://www.ubereats.com/connecticut/food-delivery/maddys-grill/1U8Dj5uhRea1oa4sKqEJOQ,easton-connecticut
https://www.ubereats.com/connecticut/food-delivery/robeks-black-rock-turnpike/qa4MSiFbTbSr6UDuJv6ycw,easton-connecticut
https://www.ubereats.com/connecticut/food-delivery/westport-chinese-takeout/cPPEx5QqS-2L-paY_NFBkg,easton-connecticut
https://www.ubereats.com/connecticut/food-delivery/ola-latin-kitchen/yqGr2iPARJ-eYWnu3F4wPw,easton-connecticut
https://www.ubereats.com/connecticut/food-delivery/dunkin-135-main-st/g3SYSAIURPe5YFT54CxuBQ,easton-connecticut
https://www.ubereats.com/connecticut/food-delivery/the-spinning-wheel/--3Ok9BtR2-SQNYE3guZsA,easton-connecticut
https://www.ubereats.com/connecticut/food-delivery/que-rico-food-truck/y_q8qyS2RGGBGjutkPSv9g,easton-connecticut
https://www.ubereats.com/connecticut/food-delivery/be-chocolat/fqytx8SrSpihSbIk0virXQ,easton-connecticut
https://www.ubereats.com/connecticut/food-delivery/capital-pizza/z_7IyGLtTiOTnDL3c8eSzw,easton-connecticut
https://www.ubereats.com/connecticut/food-delivery/qdoba-652-main-ave/quNUlGfsRPOSg9wJgmz0mw,easton-connecticut
https://www.ubereats.com/connecticut/food-delivery/kentucky-fried-chicken-north-main/xDM-EVm1T8K-Xps2Dy8Q0Q,easton-connecticut
https://www.ubereats.com/connecticut/food-delivery/new-best-wok/4etKebdBQLW7ie6hgDe4tg,easton-connecticut
https://www.ubereats.com/connecticut/food-delivery/wayback-burgers-607-main-ave/GEGHy6V8Q0SGTC8w3HNAKQ,easton-connecticut
https://www.ubereats.com/connecticut/food-delivery/the-sitting-duck-tavern-trumbull/THe6c2BdTEmT-y8vufI1Sg,easton-connecticut
https://www.ubereats.com/connecticut/food-delivery/reiki-sushi/kSwGFt5NSX6EEl1HPrWLUQ,easton-connecticut
https://www.ubereats.com/connecticut/food-delivery/drewbaq-smoke-shack/1zHmUkQuQ6WvJsYTdVzmYg,easton-connecticut
https://www.ubereats.com/connecticut/food-delivery/mommies-patties/MO3OgKh-RJ2w1lYlUbDteQ,easton-connecticut
https://www.ubereats.com/connecticut/food-delivery/preference-spot/ws3W6CpITl-j9lf62kZ51g,easton-connecticut
https://www.ubereats.com/connecticut/food-delivery/chips-family-restaurant-fairfield/L1HCu9zjSaOFD8Kt4BO4XQ,easton-connecticut
https://www.ubereats.com/connecticut/food-delivery/burger-king-4196-north-main-street/TJ00uQDwR1WpZFbVp8pifA,easton-connecticut
https://www.ubereats.com/connecticut/food-delivery/mex-on-main/Q-1c6UgCQ024kCuF58Yb5g,easton-connecticut
https://www.ubereats.com/connecticut/food-delivery/taj-indian-cuisine/B60FmA0nS9u7jK22YzVSlw,easton-connecticut
https://www.ubereats.com/connecticut/food-delivery/restaurante-cevicheria-sabor-peruano/qDtXrnrnRzKtzYmPhR0cdw,easton-connecticut
https://www.ubereats.com/connecticut/food-delivery/king-%26-i/hgmq3ndCTFuVNXlsTsigQA,easton-connecticut
https://www.ubereats.com/connecticut/food-delivery/jersey-mikes-subs-wilton-35-danbury-road/5LMVUt82QeGGq8Bi1Q2f7A,easton-connecticut
https://www.ubereats.com/connecticut/food-delivery/bianco-rosso/V4F4I2zJT0qzOYk88X9Dwg,easton-connecticut
https://www.ubereats.com/connecticut/food-delivery/rise-%26-grind-cafe/HYJZne3BSEWsTyWNEBnBQw,easton-connecticut
https://www.ubereats.com/connecticut/food-delivery/craft-260/crTsVsFMTo65tZEJRTGADQ,easton-connecticut
https://www.ubereats.com/connecticut/food-delivery/alinas-patisserie/WD5pgg6KQRqQhoXBnfe4Bw,easton-connecticut
https://www.ubereats.com/connecticut/food-delivery/bandito-burgers/zZF0OR0mR56D9gtikawaJA,easton-connecticut
https://www.ubereats.com/connecticut/food-delivery/brick-and-barrel/YC2AJHehREyPRLCnXOrdbw,easton-connecticut
https://www.ubereats.com/connecticut/food-delivery/country-pizza-and-restaurant/ZWeLOHogTMen5XTE-w5mgA,easton-connecticut
https://www.ubereats.com/connecticut/food-delivery/pequonnock-deli-market/lIXIJvRVRz-saanSYl286w,easton-connecticut
https://www.ubereats.com/connecticut/food-delivery/caracas-grill/0ZimHVS9T-WdugL-edqlNw,easton-connecticut
https://www.ubereats.com/connecticut/food-delivery/quattro-pazzi-cafe-fairfield/xcfYt9R8RjmMnfXkCxmEHg,easton-connecticut
https://www.ubereats.com/connecticut/food-delivery/miss-thelmas/J10h2CnUQECEKP_pL2Vmgw,easton-connecticut
https://www.ubereats.com/connecticut/food-delivery/fatty-patty/oHfk_vDkTZiCjmuDM63vgA,easton-connecticut
https://www.ubereats.com/connecticut/food-delivery/paisanos-pizza/I9GlLNszQUGmJY0M3aZvMw,easton-connecticut
https://www.ubereats.com/connecticut/food-delivery/crown-pizza/bLuLRbeaQFulJ3M3vRkgYg,easton-connecticut
https://www.ubereats.com/connecticut/food-delivery/cactus-rose/Z01OXSc6RMeJoVUTAbagmw,easton-connecticut
https://www.ubereats.com/connecticut/food-delivery/krispy-krunchy-chicken-north-ave/nE_ilA0fTzeGOYy-WsF6vw,easton-connecticut
https://www.ubereats.com/connecticut/food-delivery/bianco-rosso/Z4zsyA_4RwKhUf4z56vBDw,easton-connecticut
https://www.ubereats.com/connecticut/food-delivery/five-stars-combo/fzwSki37SEmS8Z2QO-NowQ,easton-connecticut
https://www.ubereats.com/connecticut/food-delivery/famous-50s-diner/tMZGaOdIT0CLc2UsBGQW1A,easton-connecticut
https://www.ubereats.com/connecticut/food-delivery/peppinos-pizzeria/IKnkge2LTAiHAwT71ufv4g,easton-connecticut
https://www.ubereats.com/connecticut/food-delivery/outback-steakhouse-698-bridgeport-avenue/8X4dZRcURt6THrMKHpubqg,easton-connecticut
https://www.ubereats.com/connecticut/food-delivery/toozy-patza-pizza/s531IpX-QYSSvV-mZ8GhoQ,easton-connecticut
https://www.ubereats.com/connecticut/food-delivery/andros-diner/UCoYQXVwQYS8EzVoDp9LRw,easton-connecticut
https://www.ubereats.com/connecticut/food-delivery/serenata/g-NVH-6ATE2TnJWBqVTeDQ,easton-connecticut
https://www.ubereats.com/connecticut/food-delivery/charleys-philly-steaks-trumbull-mall/PHP0sdL4Sl2tjJlY17gCPw,easton-connecticut
https://www.ubereats.com/connecticut/food-delivery/jersey-mikes-subs-fairfield-2189-black-rock-turnpike/dXQNxSjxQlKib-kavBw_BA,easton-connecticut
https://www.ubereats.com/connecticut/food-delivery/little-pub-fairfield/MsztJS72SZOOc0noRtwzIA,easton-connecticut
https://www.ubereats.com/connecticut/food-delivery/latin-%26-soul-food-cafe/lwUpTZeZTz2sclmv_OA5sA,easton-connecticut
https://www.ubereats.com/connecticut/food-delivery/green-%26-tonic-westport/VCPIl-z-SL2254FqLfRhxg,easton-connecticut
https://www.ubereats.com/connecticut/food-delivery/the-park-city-honey-cafe/_6SVESajS0S4eAajH3ROUA,easton-connecticut
https://www.ubereats.com/connecticut/food-delivery/the-granola-bar-westport/VFpcufOKQKi3SARdrTKqxg,easton-connecticut
https://www.ubereats.com/connecticut/food-delivery/mecha-noodle-bar-fairfield/Yp4ihd4vQb-x0ViDZt7hQg,easton-connecticut
https://www.ubereats.com/connecticut/food-delivery/outback-steakhouse-14-danbury-road/yVihg86_ReeykCaZrjkQQg,easton-connecticut
https://www.ubereats.com/connecticut/food-delivery/maioness-brick-oven-pizza/vt3W43F-R3qYofGA9xV6gQ,easton-connecticut
https://www.ubereats.com/connecticut/food-delivery/grk-grill/e0YQTyZ8RZ-7ypuhsE08KQ,easton-connecticut
https://www.ubereats.com/connecticut/food-delivery/ren-dumpling-%26-noodle-house/9-LJJsbASNeh_5HyKy7YSg,easton-connecticut
https://www.ubereats.com/connecticut/food-delivery/kentucky-fried-chicken-boston-ave/8On5KjEeTMCmdxbDA-hDUQ,easton-connecticut
https://www.ubereats.com/connecticut/food-delivery/the-granola-bar-fairfield/GPfQzrmdQ1-vwCgEuYfXeA,easton-connecticut
https://www.ubereats.com/connecticut/food-delivery/wings-over-fairfield/MzPcY0gTSqi6Hh2Xb6HT7Q,easton-connecticut
https://www.ubereats.com/connecticut/food-delivery/poke-n-ramen-360-%232/ZuWyvo_GTqCip4wqtVtgdg,easton-connecticut
https://www.ubereats.com/connecticut/food-delivery/eat-noodle/HeRU6sMDTYWDymAuI29FDQ,easton-connecticut
https://www.ubereats.com/connecticut/food-delivery/blue-cactus-grill-fairfield/jpNoVA4KQsCYlEK2f4SOYw,easton-connecticut
https://www.ubereats.com/connecticut/food-delivery/el-salvador-restaurant/xsXRtfOFRtq8B85jKAcwjg,easton-connecticut
https://www.ubereats.com/connecticut/food-delivery/goodfellas-pizzeria/Drw5oPSDSpm1HE39T2NMAA,easton-connecticut
https://www.ubereats.com/connecticut/food-delivery/dominicanhealthfood/xqzmoyvyRYqVQVXYxP9-IA,easton-connecticut
https://www.ubereats.com/connecticut/food-delivery/boston-sammies/XyLayh-fTteUNgm8l_I1RQ,easton-connecticut
https://www.ubereats.com/connecticut/food-delivery/san-jiang/Lm2YtLlEREq2Eh_l3Bbl8w,easton-connecticut
https://www.ubereats.com/connecticut/food-delivery/kiosko-diner-authentic-mexican-food/8f3TpqaSTYGATGXLOxl_Zw,easton-connecticut
https://www.ubereats.com/connecticut/food-delivery/mancusos-ristorante-%26-bar/Fssp4PHrTyi9qm5Ok_QdQw,easton-connecticut
https://www.ubereats.com/connecticut/food-delivery/mamma-winnies-caribbean-restaurant/Sb1K1XNIQIicDw5YClH_Fg,easton-connecticut
https://www.ubereats.com/connecticut/food-delivery/donut-inc/iow7grTcSZ2KoPF0N0STGQ,easton-connecticut
https://www.ubereats.com/connecticut/food-delivery/brasitas-restaurant-norwalk/PgFPSPzuQSO6eOwOoR1efg,easton-connecticut
https://www.ubereats.com/connecticut/food-delivery/the-sand-wedge-deli-%26-catering/_SI0BIS8RXSoewSBuoCl9w,easton-connecticut
https://www.ubereats.com/connecticut/food-delivery/bella-rosa-pizzeria-ristorante/Eu5XGbWhTqqWJirfq-mLRg,easton-connecticut
https://www.ubereats.com/connecticut/food-delivery/rainbow-thai-westport/ojbUnhX9QCCWr6IlnKdNLw,easton-connecticut
https://www.ubereats.com/connecticut/food-delivery/goody-bassetts-ice-cream/s3t3JVgkT3KHHr9-0za5Sw,easton-connecticut
https://www.ubereats.com/connecticut/food-delivery/wafu/dxGjwa1IQOaPT3rIXnoKNw,easton-connecticut
https://www.ubereats.com/connecticut/food-delivery/the-ole-dog-tavern/wT61C6GyQH2M5TUdLP-TcA,easton-connecticut
https://www.ubereats.com/connecticut/food-delivery/eat-fish-restaurant/rPD8vqJ9SxuHD_fOAZUMjw,easton-connecticut
https://www.ubereats.com/connecticut/food-delivery/crown-fried-chicken-bridgeport/_8l140L7RyiwxbhztG2MVw,easton-connecticut
https://www.ubereats.com/connecticut/food-delivery/red-lobster-4485-main-street/XduBYFhnSbyZgUwgNCkEDg,easton-connecticut
https://www.ubereats.com/connecticut/food-delivery/new-golden-empire/9g1ebZ75Sam0NpbP14lHjA,easton-connecticut
https://www.ubereats.com/connecticut/food-delivery/coyote-flaco-845-e-main-st/LX3QLUalQUyf_ccLH9h8mg,easton-connecticut
https://www.ubereats.com/connecticut/food-delivery/village-bagels-and-delicatessen-fairfield/cVhfpKbySCyBQh1z-Uairg,easton-connecticut
https://www.ubereats.com/connecticut/food-delivery/walrus-%2B-carpenter/AR3GObjsTaKysL5KkB180Q,easton-connecticut
https://www.ubereats.com/connecticut/food-delivery/taco-loco-restaurant/B2Oy1ptpQUWLVwa9q-1cOA,easton-connecticut
https://www.ubereats.com/connecticut/food-delivery/bamboo-garden-halal-chinese-restaurant/OLMWVwpmTKKmxmIaH-zB7A,easton-connecticut
https://www.ubereats.com/connecticut/food-delivery/tequila-revolucion/jkKnvmLkSfGm1H5FXUIf7g,easton-connecticut
https://www.ubereats.com/connecticut/food-delivery/taco-bell-5065-main-street/oPUTiPS0T3ST4He8laxVGQ,easton-connecticut
https://www.ubereats.com/connecticut/food-delivery/the-simple-greek-norwalk/nmFgKtFfT1OlwxdI3a0ggw,easton-connecticut
https://www.ubereats.com/connecticut/food-delivery/the-ice-cream-shop/vTdITzhxQOObQsNeSksgog,easton-connecticut
https://www.ubereats.com/connecticut/food-delivery/lake-zoar-drive-in/Rw8UhejfQ0WTEhtL98FdkA,easton-connecticut
https://www.ubereats.com/connecticut/food-delivery/watermelon/iDKo_XxwSPaPbT4_SyQGLQ,easton-connecticut
https://www.ubereats.com/connecticut/food-delivery/laylas-falafel-trumbull/0B1E7mTUTPqUpmfFTDB5BQ,easton-connecticut
https://www.ubereats.com/connecticut/food-delivery/five-guys-ct-0112-255-south-main-st/8-jzk_QnS0SAkj-BL6msTg,easton-connecticut
https://www.ubereats.com/connecticut/food-delivery/the-mumbai-times-westport/BZ_FNOGgQKqRi7NcsEKgCw,easton-connecticut
https://www.ubereats.com/connecticut/food-delivery/five-guys-ct-1380-340-grasmere-ave/j8xHLPQ9QWWs-h7b2j469A,easton-connecticut
https://www.ubereats.com/connecticut/food-delivery/bonani-indian-kitchen/bL7n5LLDTnuz8iTimyNuIw,easton-connecticut
https://www.ubereats.com/connecticut/food-delivery/papa-johns-pizza-bridgeport/52G0_W5XR6qo8PKeIt4wmw,easton-connecticut
https://www.ubereats.com/connecticut/food-delivery/craft-14-kitchen-%2B-bar/e-iPlncmT1OWqdr34VIkGQ,easton-connecticut
https://www.ubereats.com/connecticut/food-delivery/oaxaca-pizzeria-%26-taqueria/RXu-Zeg0SciXsCn6owItZA,easton-connecticut
https://www.ubereats.com/connecticut/food-delivery/johns-best/eAbQ5cXVSA-inM_gu_f5dA,easton-connecticut
https://www.ubereats.com/connecticut/food-delivery/jersey-mikes-subs-westport-398-post-road-east/-m2Odb-LRnORDV03dBUR-A,easton-connecticut
https://www.ubereats.com/connecticut/food-delivery/chefs-table/uNxXiagfQ0-F1O3E_n8JKQ,easton-connecticut
https://www.ubereats.com/connecticut/food-delivery/a%26s-italian-fine-foods/CUixIB2SQL2veAsM_qMxoA,easton-connecticut
https://www.ubereats.com/connecticut/food-delivery/taco-bell-308-lindley-st/C5bkHGrsSvCc8zKpyOKg0g,easton-connecticut
https://www.ubereats.com/connecticut/food-delivery/new-asian-chinese-%26-japanese-restaurant/UK2ivf-SQTaHRlClxh6RcQ,easton-connecticut
https://www.ubereats.com/connecticut/food-delivery/mommies-patties/-p36ucHzSAiCtVJyBz0Hdg,easton-connecticut
https://www.ubereats.com/connecticut/food-delivery/family-spice/3C0mboSqSveZPdmnJEAydg,easton-connecticut
https://www.ubereats.com/connecticut/food-delivery/rio-bravo-fairfield/KA5EWc6ASWG3QuVu87EVQw,easton-connecticut
https://www.ubereats.com/connecticut/food-delivery/panda-express-5065-main-street/BXKduX6gQ7Ktd8RyMRxa2w,easton-connecticut
https://www.ubereats.com/connecticut/food-delivery/duchess-restaurant-monroe/YbBN_B9qQu-zqgLhqMfehg,easton-connecticut
https://www.ubereats.com/connecticut/food-delivery/sazon-y-mambo/GOk78wC6TYuCaoKRH9M0Tw,easton-connecticut
https://www.ubereats.com/connecticut/food-delivery/garden-catering-fairfield/44nLFNmrR7uxP7RgHSWjxQ,easton-connecticut
https://www.ubereats.com/connecticut/food-delivery/forza-ristorante/2TPUH3JLS1SkEjDPDV9s4w,easton-connecticut
https://www.ubereats.com/connecticut/food-delivery/new-great-china/SjI7CNVHQ-epG-QKSWv_lg,easton-connecticut
https://www.ubereats.com/connecticut/food-delivery/game-on-bar/C98oM4KXTwSt5nm0bRh45Q,easton-connecticut
https://www.ubereats.com/connecticut/food-delivery/bryac-restaurant-%26-raw-bar/LgCtJEBIQ7izVJn_ksxOkw,easton-connecticut
https://www.ubereats.com/connecticut/food-delivery/the-ice-cream-shop/slHNMC2wSe6fgfgUx-DixQ,easton-connecticut
https://www.ubereats.com/connecticut/food-delivery/latino-deli-restaurant/Jvx9dShsQ9awJNAjZzJXvA,easton-connecticut
https://www.ubereats.com/connecticut/food-delivery/old-post-tavern/Dh_E5SqwRAm5Ev-bcBW93w,easton-connecticut
https://www.ubereats.com/connecticut/food-delivery/primo-pizza/Z4TTpgDsTZSR5dQmm3t67A,easton-connecticut
https://www.ubereats.com/connecticut/food-delivery/dinos-market/HQcy8uY-TNCEfAEQFk4u2g,easton-connecticut
https://www.ubereats.com/connecticut/food-delivery/flavorz-famous-chicken-%26-fish/jGm9TcOBT5mTIKt2I_kTiw,easton-connecticut
https://www.ubereats.com/connecticut/food-delivery/luna-azzura/AmQ2DBGnSM-2BLGFKz5p4w,easton-connecticut
https://www.ubereats.com/connecticut/food-delivery/bonchon-chicken-1561-post-rd/oaoZbr-hSoSQQBPjdBgEkA,easton-connecticut
https://www.ubereats.com/connecticut/food-delivery/julians-pizza-bar-%26-kitchen/qnwVhAi2RWi3AfxeRyZl1w,easton-connecticut
https://www.ubereats.com/connecticut/food-delivery/mcdonalds-1700-park-ave-bridgeport/wj9rEA8sR-ak7VKBihJRxQ,easton-connecticut
https://www.ubereats.com/connecticut/food-delivery/fruta-juice/lTY2u6SMQAyih20zp-uj4g,easton-connecticut
https://www.ubereats.com/connecticut/food-delivery/osteria-romana-monroe/zJT31B5DQgOjEW4A4aFdVg,easton-connecticut
https://www.ubereats.com/connecticut/food-delivery/pearls-n-swirls/kZqYfkpvQe66emVgONa_Bg,easton-connecticut
https://www.ubereats.com/connecticut/food-delivery/trumbull-cafe-%26-grill/FdGaVXxsQ9WX00zn8ZaAKA,easton-connecticut
https://www.ubereats.com/connecticut/food-delivery/la-mexicana-restaurant-and-bakery/47GETxRPR-GsQtweU4O6ug,easton-connecticut
https://www.ubereats.com/connecticut/food-delivery/starbucks-trumbull/57422sP7TQKqW-ULIjDpZg,easton-connecticut
https://www.ubereats.com/connecticut/food-delivery/whoopi-thai-cuisine/FoG18Bb8SNWsF2Umngkk_Q,easton-connecticut
https://www.ubereats.com/connecticut/food-delivery/bagel-king-of-bridgeport/cQ-eh12_TjmI2jgqW9kIMg,easton-connecticut
https://www.ubereats.com/connecticut/food-delivery/crossroads-pizza-house/P_1ZeFqZRLGdQNgzW89cCw,easton-connecticut
https://www.ubereats.com/connecticut/food-delivery/laylas-falafel-westport/Om5aRK97RYyLkxSN5tQHXw,easton-connecticut
https://www.ubereats.com/connecticut/food-delivery/monroe-diner/BqUxiTieTyWS39c47snvMw,easton-connecticut
https://www.ubereats.com/connecticut/food-delivery/fairfield-social/-mB7eYskQJ-jNFjk55PjTw,easton-connecticut
https://www.ubereats.com/connecticut/food-delivery/taco-king/KiZF7XWMSlS_4OcrGkHpKA,easton-connecticut
https://www.ubereats.com/connecticut/food-delivery/marlys-bar-%26-bistro/f1lzdm6JTP2Qc7TU-6XWiw,easton-connecticut
https://www.ubereats.com/connecticut/food-delivery/duchess-restaurant-black-rock-turnpike/0io_27MrSca4fJyp_4Hj1Q,easton-connecticut
https://www.ubereats.com/connecticut/food-delivery/j-bagels-%26-cafe/S4FtDmB-SQmmwq2qX5JADA,easton-connecticut
https://www.ubereats.com/connecticut/food-delivery/julians-brick-oven-pizza/5uo4mhieTtWOLRn6OlJkYQ,easton-connecticut
https://www.ubereats.com/connecticut/food-delivery/little-pub-wilton/db3TyOQ0SW-r_IDddQqisw,easton-connecticut
https://www.ubereats.com/connecticut/food-delivery/laylas-falafel-fairfield/4J9IRr__RpWNBNWeaCnXAw,easton-connecticut
https://www.ubereats.com/connecticut/food-delivery/donut-crazy-stratford/5N66ZjSXRa2NnH1oygDKpQ,easton-connecticut
https://www.ubereats.com/connecticut/food-delivery/bangkok-republic-wilton/GhCBIrtgTlyUa8TRaKgY6g,easton-connecticut
https://www.ubereats.com/connecticut/food-delivery/poke-n-ramen-360/q93ZY9u3SsOiGh6bjb1o_w,easton-connecticut
https://www.ubereats.com/connecticut/food-delivery/bereket-turkish-cuisine/P827GNjJQZueEQK3SZ5N7A,easton-connecticut
https://www.ubereats.com/connecticut/food-delivery/candlewood-market/FdmP9WHxSZq3xiQk3hRyIw,easton-connecticut
https://www.ubereats.com/connecticut/food-delivery/dairy-queen-treat-401-monroe-tpke/CIntWSdeRIqXim_1qqafsg,easton-connecticut
https://www.ubereats.com/connecticut/food-delivery/howells-jamaican-bakery-and-restaurant/BUtiPfrTQfCiuyhE7iktBQ,easton-connecticut
https://www.ubereats.com/connecticut/food-delivery/carl-anthony-trattoria-ct/sVAn3O3ZS0KB_PIQFUbhAw,easton-connecticut
https://www.ubereats.com/connecticut/food-delivery/mcdonalds-brdgprt-4219main/eNPJZzZ-StqwRa243oXtmQ,easton-connecticut
https://www.ubereats.com/connecticut/food-delivery/ct-cookie-co/lAu7hiIYQlixNtyvKG5vuA,easton-connecticut
https://www.ubereats.com/connecticut/food-delivery/duchess-restaurant-post-road/P4zKDx-xRS-nkYoFzRV6Qw,easton-connecticut
https://www.ubereats.com/connecticut/food-delivery/organika-kitchen/SRhts9doStaJ2gaIgJ6ntw,easton-connecticut
https://www.ubereats.com/connecticut/food-delivery/ichiro-japanese-restaurant/TvON50exTT-3ho0zd5xOow,easton-connecticut
https://www.ubereats.com/connecticut/food-delivery/village-gourmet/bfnqFzeFRoC0lXVhhNo0ug,easton-connecticut
https://www.ubereats.com/connecticut/food-delivery/crown-fried-chicken-fairfield-ave/WQjuZWHuSU2q8OpQSwIozA,easton-connecticut
https://www.ubereats.com/connecticut/food-delivery/starbucks-fairfield-black-rock-turnpike/_sNJyAFeQKKPiE5Se4bJ6g,easton-connecticut
https://www.ubereats.com/connecticut/food-delivery/16-handles-fairfield/pGJGkQklTpiX9KOqutPF_g,easton-connecticut
https://www.ubereats.com/connecticut/food-delivery/tablao-wine-bar-%26-restaurant/ffNhSnTkQSW1MGsBSZipmw,easton-connecticut
https://www.ubereats.com/connecticut/food-delivery/via-sforza-trattoria/BU4-TeR-SmGwoxAsKSLPGg,easton-connecticut
https://www.ubereats.com/connecticut/food-delivery/aribella/-U4CTCCOToGOlK3IwB9tFA,easton-connecticut
https://www.ubereats.com/connecticut/food-delivery/mi-chinita/N4_mKKIcQUW7LeWQHIVZug,easton-connecticut
https://www.ubereats.com/connecticut/food-delivery/vedas-indian-cuisine-westport/h1aPIOG9RUaXeKIU7WwB9w,easton-connecticut
https://www.ubereats.com/connecticut/food-delivery/five-guys-ct-0600-823-bridgeport-ave/3SZ0MG9vSZKkbzD8hsPDWg,easton-connecticut
https://www.ubereats.com/connecticut/food-delivery/el-coyote-m/TlXbTgJgREyqaWOtQmEBGA,easton-connecticut
https://www.ubereats.com/connecticut/food-delivery/brunch-and-bar/yE97LQC4QEWl_rYF1nnjPA,easton-connecticut
https://www.ubereats.com/connecticut/food-delivery/348-oyster-bar/gwwOTEatQGiDPRg0xB8k3Q,easton-connecticut
https://www.ubereats.com/connecticut/food-delivery/the-grinder-shoppe/TupHaKDzTQ-EN3X_pL6kEQ,easton-connecticut
https://www.ubereats.com/connecticut/food-delivery/pokemoto-fairfield-ct/XQd3l6V4RQyQhxXerPuaDA,easton-connecticut
https://www.ubereats.com/connecticut/food-delivery/hole-in-the-wall-fairfield/DRk5V-6qQcKqmUGO94lI9A,easton-connecticut
https://www.ubereats.com/connecticut/food-delivery/la-fonda-restaurant/HDTOXHGGRWG7UEbPfNzGyg,easton-connecticut
https://www.ubereats.com/connecticut/food-delivery/burger-king-193-boston-avenue/aIkgcbExQQaQn9RSGS6q3g,easton-connecticut
https://www.ubereats.com/connecticut/food-delivery/misimi/hCeMvHwaSvmRs8iS1WhyEw,easton-connecticut
https://www.ubereats.com/connecticut/food-delivery/dough-%26-co/djknze9lQVyfuOyWF-dZ8Q,easton-connecticut
https://www.ubereats.com/connecticut/food-delivery/gofer-ice-cream-wilton/E61DwU6lTCqW1GGTF5OBGA,easton-connecticut
https://www.ubereats.com/connecticut/food-delivery/mainport-fish-and-chips/TT7z2gedTb2YQKekpz-ktg,easton-connecticut
https://www.ubereats.com/connecticut/food-delivery/lets-wrap/wTWjn38JQW2s_Hniggnxtg,easton-connecticut
https://www.ubereats.com/connecticut/food-delivery/starbucks-monroe-rt-25/aXGV9QJeQTuctkmLeMbDcQ,easton-connecticut
