url,city
https://www.ubereats.com/detroit/food-delivery/z-shawarma-king/Dhhd_WA2Qui1rUmS0mf5Fg,ecorse-michigan
https://www.ubereats.com/detroit/food-delivery/arbys-13063-eureka-rd/j6T5r2m_QaW1czcnZl67AA,ecorse-michigan
https://www.ubereats.com/detroit/food-delivery/bar-louie-dearborn-mi/LIXkFLsrTq-FQ8ClFhIZSA,ecorse-michigan
https://www.ubereats.com/detroit/food-delivery/leftys-cheesesteak-hoagies/i4BI2l6GTr-O8SZG7A597Q,ecorse-michigan
https://www.ubereats.com/detroit/food-delivery/senate-coney-island/ggPpsSYcQiuy8iXCOKakww,ecorse-michigan
https://www.ubereats.com/detroit/food-delivery/sushi-bar/Vpi7rehERnaKJu6DpyOqlg,ecorse-michigan
https://www.ubereats.com/detroit/food-delivery/buffalo-wild-wings-13655-eureka-dr/geH1zgqXTimNL5YgS13Dyw,ecorse-michigan
https://www.ubereats.com/detroit/food-delivery/chipotle-mexican-grill-23111-eureka-rd/WlrxrDUoSUa9bH0QRpt30w,ecorse-michigan
https://www.ubereats.com/detroit/food-delivery/bills-place/o_qC_1cpQUGc2HXVih7fDw,ecorse-michigan
https://www.ubereats.com/detroit/food-delivery/mcdonalds-fort-%26-goddard/MTdlmKxRTDCCeXvpr5Qcug,ecorse-michigan
https://www.ubereats.com/detroit/food-delivery/kfc-12425-dix-road/9GLABIJ8TRaOOTm7f1dqDg,ecorse-michigan
https://www.ubereats.com/detroit/food-delivery/applebees-eureka-rd/r5YrnvPTROmpKHbImHrDIA,ecorse-michigan
https://www.ubereats.com/detroit/food-delivery/flowers-of-vietnam/CRR-sJK0S9WvuYxfieYh_Q,ecorse-michigan
https://www.ubereats.com/detroit/food-delivery/las-cazuelas-grill-melvindale/3Pu9_B3sRnSpQRWq8ZY0Zg,ecorse-michigan
https://www.ubereats.com/detroit/food-delivery/happys-pizza-woodward-ave/zfil8z0xSX2a90Pn7-1osg,ecorse-michigan
https://www.ubereats.com/detroit/food-delivery/chicagos-pizza-allen-park/0TYAoNKeSuioYabtoqEsuA,ecorse-michigan
https://www.ubereats.com/detroit/food-delivery/dennys-20565-eureka-road/shVEkQ1tSKOm4AKWYtU_iw,ecorse-michigan
https://www.ubereats.com/detroit/food-delivery/the-peterboro/xp0qmvGqSJK6F40XOKP_jw,ecorse-michigan
https://www.ubereats.com/detroit/food-delivery/tim-hortons-3556-oakwood-boulevard/ULun9ErmT1KiflHh5BpKuA,ecorse-michigan
https://www.ubereats.com/detroit/food-delivery/cassabs-pizza-factory/l_H0QWZ3ROuCQ1RWiuaopw,ecorse-michigan
https://www.ubereats.com/detroit/food-delivery/cold-stone-creamery-allen-park/d-r05u-CSZupLDcT5SNIrg,ecorse-michigan
https://www.ubereats.com/detroit/food-delivery/panda-express-19200-west-rd/0kAXH9urRviooHOSqNLAWA,ecorse-michigan
https://www.ubereats.com/detroit/food-delivery/mccafferys-bar/mSVDUh7ORmyeohClKaAjAw,ecorse-michigan
https://www.ubereats.com/detroit/food-delivery/riverside-coney-island/Q2UHruPbS9CfIJbgVhQVUQ,ecorse-michigan
https://www.ubereats.com/detroit/food-delivery/the-hudson-cafe/c6vClmhQRyer0ikhDnIFZA,ecorse-michigan
https://www.ubereats.com/detroit/food-delivery/victory-soul-food/yM0Z6lAlRj6R0Wd_BJu0Zg,ecorse-michigan
https://www.ubereats.com/detroit/food-delivery/bierkeller-tavern-%26-eatery/LnAg87vHRtOvTiTnHV2vXw,ecorse-michigan
https://www.ubereats.com/detroit/food-delivery/papa-johns-2556-dix-hwy/t-9F_wMwQxi_d8JB0Gi9sg,ecorse-michigan
https://www.ubereats.com/detroit/food-delivery/froot-grill-%26-cafe/Cxi98cqTTaSkOVcT9OO69w,ecorse-michigan
https://www.ubereats.com/detroit/food-delivery/shish-palace-southfield-rd/505SVmIFQgyhnv1pq-7d8Q,ecorse-michigan
https://www.ubereats.com/detroit/food-delivery/boston-market-5651-mercury-dr/lRXoo21hTdaCnJZAO3h4Ww,ecorse-michigan
https://www.ubereats.com/detroit/food-delivery/zaytoona-lebanese-cuisine/_qwVxBu4R5qqHdbOFUl66Q,ecorse-michigan
https://www.ubereats.com/detroit/food-delivery/peepos-subs/XAOHlrUaQ-e18U8V49jd4Q,ecorse-michigan
https://www.ubereats.com/detroit/food-delivery/yum-yum-express/HSpwD6J0SheiG5LvM-M6Zg,ecorse-michigan
https://www.ubereats.com/detroit/food-delivery/red-robin-381-18650-ford-rd/9olRJAcjSVCoFRL_a_8wzw,ecorse-michigan
https://www.ubereats.com/detroit/food-delivery/algottis-grill/f1CcAgjqQ2qrO8NhtQwWOw,ecorse-michigan
https://www.ubereats.com/detroit/food-delivery/taco-bell-12260-fort-st/d3x6eStISEa1r0d7ZQgeAA,ecorse-michigan
https://www.ubereats.com/detroit/food-delivery/franks-cafe/Vt5v7GQrSeGiikdOUZ2zAQ,ecorse-michigan
https://www.ubereats.com/detroit/food-delivery/starbucks-fort-%26-pennsylvania-ave/Q5ENTY_gS6GojXhtwQykVg,ecorse-michigan
https://www.ubereats.com/detroit/food-delivery/burger-king-4063-fort-street/CTj6uxwBT1iRYgCtDS-d9w,ecorse-michigan
https://www.ubereats.com/detroit/food-delivery/los-galanes/cJ0otBpWT2a7XDW5wFHMig,ecorse-michigan
https://www.ubereats.com/detroit/food-delivery/the-custard-company/_UycxR2fTWCoPMiFdT8btg,ecorse-michigan
https://www.ubereats.com/detroit/food-delivery/sicilys-pizza-and-subs/qyelEiBrTU6gS47kLGBmRw,ecorse-michigan
https://www.ubereats.com/detroit/food-delivery/dunkin-21980-sibley-rd/_fHVKGu3Q1u2mpNdom0tfA,ecorse-michigan
https://www.ubereats.com/detroit/food-delivery/mancinos-pizza-and-grinders/YqPGHlVpS86nLwmrNmraAg,ecorse-michigan
https://www.ubereats.com/detroit/food-delivery/pho-house/0nvC8gMfQ4aQ0NWXxFyYpg,ecorse-michigan
https://www.ubereats.com/detroit/food-delivery/auntie-annes-18900-michigan-ave-sp-h-306/xZOkPnHxQYyWo2ssNXweog,ecorse-michigan
https://www.ubereats.com/detroit/food-delivery/ananas-cafe-schaefer-%26-henson/llRmoU_LS7qwzw47OKrvPg,ecorse-michigan
https://www.ubereats.com/detroit/food-delivery/taco-bell-23759-west-road/uLE7Fib6RZi3p22LsMD6LQ,ecorse-michigan
https://www.ubereats.com/detroit/food-delivery/firehouse-pub-%26-grill/ZWiH_SWsQLqQMtbylhvhSA,ecorse-michigan
https://www.ubereats.com/detroit/food-delivery/mak-middle-eastern-street-food/sWYEqOE4Ra2UY_weLUCB_A,ecorse-michigan
https://www.ubereats.com/detroit/food-delivery/hooters-taylor/7i2LG7RpRnK2--py9nofYg,ecorse-michigan
https://www.ubereats.com/detroit/food-delivery/kfc-556-southfield/VLPMpVj_TqWtrpaGIDl8Tg,ecorse-michigan
https://www.ubereats.com/detroit/food-delivery/taco-bell-23000-eureka-road-ste-1465/OUuDtejvRjeZKDA7meJXPw,ecorse-michigan
https://www.ubereats.com/detroit/food-delivery/pappys-bar-and-grill/Uv6mbp6KQ2arxDyrOUkrIw,ecorse-michigan
https://www.ubereats.com/detroit/food-delivery/outback-steakhouse-15765-eureka-road/8gv1Lfr-StuKWDV5ATS5aQ,ecorse-michigan
https://www.ubereats.com/detroit/food-delivery/zezo-sub-%26-grill/3HhcWwfAR4SBxJRrgtTQ9w,ecorse-michigan
https://www.ubereats.com/detroit/food-delivery/auntie-annes-3565-fairlane-drive/SCiBkVJqSrK54bas1jYSuw,ecorse-michigan
https://www.ubereats.com/detroit/food-delivery/jersey-giant-submarine/W27GDn6gTM-GZOeUduDsbw,ecorse-michigan
https://www.ubereats.com/detroit/food-delivery/cedarland-bakery/WcBEqtjJSYODduG5wmeQ3w,ecorse-michigan
https://www.ubereats.com/detroit/food-delivery/blaze-pizza-3129-fairlane-drive/CVcaCnGZRomuUlkrllGiXg,ecorse-michigan
https://www.ubereats.com/detroit/food-delivery/wendys-4086-fort-street/WRZEor9_TFmh0y19_z3VHg,ecorse-michigan
https://www.ubereats.com/detroit/food-delivery/mi-pueblo-express-7271-dix-avenue/Jn-myG1xQNaHp32livmH3g,ecorse-michigan
https://www.ubereats.com/detroit/food-delivery/white-castle-17431-dix-rd/tPNEf0jrS2uhyVwNWh9CxA,ecorse-michigan
https://www.ubereats.com/detroit/food-delivery/taco-bell-10060-telegraph-rd/-sJO4Z5GTaG6Z_rtCOxGUw,ecorse-michigan
https://www.ubereats.com/detroit/food-delivery/taco-bell-21700-ecorse-rd/IWJLDKV_TsGwUXMuLmCSHg,ecorse-michigan
https://www.ubereats.com/detroit/food-delivery/tropical-smoothie-cafe-22905-michigan-avenue/qX0MD4bnQFuhqeSSTgFGFg,ecorse-michigan
https://www.ubereats.com/detroit/food-delivery/checkers-9247-middlebelt-road/qE4N-0DbS4uYnNzUjLD3qQ,ecorse-michigan
https://www.ubereats.com/detroit/food-delivery/senor-lopez-mexican-restaurant/LBUtXTV5RLmBE9LICTT2Vg,ecorse-michigan
https://www.ubereats.com/detroit/food-delivery/la-posada/6j5IoqLvRCGXmFJMXfc6vg,ecorse-michigan
https://www.ubereats.com/detroit/food-delivery/taco-bell-14839-telegraph-rd/DdT4yfk_Tqm0aWfM5hIAXw,ecorse-michigan
https://www.ubereats.com/detroit/food-delivery/pf-changs-18900-michigan-ave-space-r-101/VlGvZYqMTCGrL-P21-6BpQ,ecorse-michigan
https://www.ubereats.com/detroit/food-delivery/fresh-bean-coffee/ihQEinrERHeDUwRGz3dwbA,ecorse-michigan
https://www.ubereats.com/detroit/food-delivery/malek-al-kabob-taylor/EIy0YY21QJWJzME7Q063xg,ecorse-michigan
https://www.ubereats.com/detroit/food-delivery/maharaja-grill/leQISwvQSdOytrETJxOL4g,ecorse-michigan
https://www.ubereats.com/detroit/food-delivery/dunkin-4005-dix-hwy/JH8Z5ItiQz60s_b9BI7FHw,ecorse-michigan
https://www.ubereats.com/detroit/food-delivery/soo-fraiche-grill/WwZaME_oTeutGspcHGi9vg,ecorse-michigan
https://www.ubereats.com/detroit/food-delivery/on-the-border-allen-park/VZok1ilPSkuyHABFZhg5Ag,ecorse-michigan
https://www.ubereats.com/detroit/food-delivery/el-salpicon/eRpaaftnT9Cr0zwc_HXZkg,ecorse-michigan
https://www.ubereats.com/detroit/food-delivery/black-rock-bar-%26-grill/ly9ZOJomQpOJ5WVbUCFpGg,ecorse-michigan
https://www.ubereats.com/detroit/food-delivery/el-angel-carniceria-%26-taqueria/Ng3S6m4NR0uFiWoLsadhaw,ecorse-michigan
https://www.ubereats.com/detroit/food-delivery/tim-hortons-10401-ford-road/x29FuJswRw6bVqb7QdIjUw,ecorse-michigan
https://www.ubereats.com/detroit/food-delivery/mr-fish-%26-chicken-lincoln-park/KblrcMw9QyeNZiQ4byCmHA,ecorse-michigan
https://www.ubereats.com/detroit/food-delivery/burger-king-18520-allen-road/eRTnkzPLQqu-NAjb5Mc_yg,ecorse-michigan
https://www.ubereats.com/detroit/food-delivery/kfc-12721-michigan-ave/BpZt638MTU-Xuh87dqW-7A,ecorse-michigan
https://www.ubereats.com/detroit/food-delivery/bob-evans-31-20465-eureka-road/d8Zfag5DR8Ojxym9Yfkr3w,ecorse-michigan
https://www.ubereats.com/detroit/food-delivery/tim-hortons-3550-greenfield-road/4jZK631ORHGS5RLSkctqMg,ecorse-michigan
https://www.ubereats.com/detroit/food-delivery/delite-cafe-detroit-dearborn/iEAUN1YZQCeAeKKChRoHkA,ecorse-michigan
https://www.ubereats.com/detroit/food-delivery/logans-roadhouse-372-13305-eureka-road/CoBWhwvvTliQ0bFN1eH7UA,ecorse-michigan
https://www.ubereats.com/detroit/food-delivery/taco-bell-3333-fairlane-drive/48M-I-I5SoqJc_EIW36FjQ,ecorse-michigan
https://www.ubereats.com/detroit/food-delivery/tim-hortons-4035-south-telegraph/MxAoNA2IT2-098Zubb7txA,ecorse-michigan
https://www.ubereats.com/detroit/food-delivery/which-wich-griswold-st/5F3_3b25RQG9MIdxylWYtg,ecorse-michigan
https://www.ubereats.com/detroit/food-delivery/fattoush-express-cafe-%26-grill/V7F8A55-RMyL-vuyUwYxnA,ecorse-michigan
https://www.ubereats.com/detroit/food-delivery/happys-pizza-livernois/M9RDI3SUR02RSCpG6I6nuw,ecorse-michigan
https://www.ubereats.com/detroit/food-delivery/chicagos-pizza-vernor-hwy/oF1ac5S7RgiQxNlhwPkcMw,ecorse-michigan
https://www.ubereats.com/detroit/food-delivery/chuck-e-cheese-15200-toledo-rd/K6b8lSJoRuyvg-jin3Sa5Q,ecorse-michigan
https://www.ubereats.com/detroit/food-delivery/papa-johns-michigan-%26-oakman/7Jz3eyDOQ8qkHgoupCc03w,ecorse-michigan
https://www.ubereats.com/detroit/food-delivery/flame-burgers-%26-kabobs/I6HspDJhSnSXSt7CcWXXQg,ecorse-michigan
https://www.ubereats.com/detroit/food-delivery/odis-spunkmeyer/pHqoNanuQc6nzm8kts0lww,ecorse-michigan
https://www.ubereats.com/detroit/food-delivery/taco-bell-19000-northline-road/nFaVuygdR4e59qYTP6SEXQ,ecorse-michigan
https://www.ubereats.com/detroit/food-delivery/arbys-18767-northline-rd/OQ7YycXsRQOofJSIsyKCgw,ecorse-michigan
https://www.ubereats.com/detroit/food-delivery/la-favorita/4_JTXm3QRoKecwKLFat5Gg,ecorse-michigan
https://www.ubereats.com/detroit/food-delivery/wendys-1970-southfield-rd/DcFTe32ZThSGSPQGfkDWSw,ecorse-michigan
https://www.ubereats.com/detroit/food-delivery/luke-%26-lulus-cafe/EG0SAN6mSDir173ObpwYqQ,ecorse-michigan
https://www.ubereats.com/detroit/food-delivery/big-apple-bagels-ford-rd/wM7ZNB7HThCy6f5I9_74nQ,ecorse-michigan
https://www.ubereats.com/detroit/food-delivery/the-ice-cream-shop/z47TJ7SHRJGbt2_aXjd1lg,ecorse-michigan
https://www.ubereats.com/detroit/food-delivery/red-lobster-13999-eureka-road/5WTnTO3sSv6wtiZf6oTC4Q,ecorse-michigan
https://www.ubereats.com/detroit/food-delivery/albasha-subs-warren-%26-manor/kFoIIhQRQ_a1pzbJl75j4Q,ecorse-michigan
https://www.ubereats.com/detroit/food-delivery/the-himalayan-flames/WDKvhQUcSbeyZNHpC0xGgg,ecorse-michigan
https://www.ubereats.com/detroit/food-delivery/krispy-krunchy-chicken-11345-w-jefferson-ave/RYioJy-QRk-OLVPFBPoDBg,ecorse-michigan
https://www.ubereats.com/detroit/food-delivery/super-sports-bar/eaz-PUZrR1Kn0lHz2jNm-w,ecorse-michigan
https://www.ubereats.com/detroit/food-delivery/donut-villa/hOgzUPXFR0S7v2DSKnjn8g,ecorse-michigan
https://www.ubereats.com/detroit/food-delivery/red-dunn-kitchen-%40-trumbull-and-porter-boutique-hotel/mmz4UlT9SsGBWzc5AlJGLw,ecorse-michigan
https://www.ubereats.com/detroit/food-delivery/golden-corral-14691-huron-street/SUFtHlj1QEqMhHXyDQrt8A,ecorse-michigan
https://www.ubereats.com/detroit/food-delivery/mykonos-greek-%26-american-cuisine/5E1Rfb7ATSO1aXn56uZlYw,ecorse-michigan
https://www.ubereats.com/detroit/food-delivery/senate-coney-island/aFU2MM54QaSzxHbTYnMMrA,ecorse-michigan
https://www.ubereats.com/detroit/food-delivery/primealete-nutrition-llc/e-E5LHxYSsaDhF5Sx6q-XQ,ecorse-michigan
https://www.ubereats.com/detroit/food-delivery/kfc-16177-west-rd/BZOYMiHwSZGuT4Iq4iOZVA,ecorse-michigan
https://www.ubereats.com/detroit/food-delivery/sanders-candy-%26-dessert-shop/jmpmr_-2RnOq1GfrNBh3zw,ecorse-michigan
https://www.ubereats.com/detroit/food-delivery/gateway-deli-cafe/AnSxvcEXT7qHPtW7HeZFKA,ecorse-michigan
https://www.ubereats.com/detroit/food-delivery/honest-johns-bar-%26-no-grill/um-58noYT--upU2AdlFQ-A,ecorse-michigan
https://www.ubereats.com/detroit/food-delivery/fast-treats/jDSPs5lNSNiraDy3vRMW4Q,ecorse-michigan
https://www.ubereats.com/detroit/food-delivery/bowls-n-rolls/vnwuAzkpSXSBwt230jboLg,ecorse-michigan
https://www.ubereats.com/detroit/food-delivery/mr-pit-master-barbeque/cgEvqxTdRdq8BbuMopp8dQ,ecorse-michigan
https://www.ubereats.com/detroit/food-delivery/taco-bell-18718-fort-st/O13emt3vS-y4_PYePjB6mg,ecorse-michigan
https://www.ubereats.com/detroit/food-delivery/the-ice-cream-shop/UcAw6oj6TdKeu2aOc-kULg,ecorse-michigan
https://www.ubereats.com/detroit/food-delivery/jersey-mikes-subs-9877-telegraph-rd/YrFqqeegSEWb4D6-GU999w,ecorse-michigan
https://www.ubereats.com/detroit/food-delivery/mangonadas-del-barrio/-lKi3dxuTSCJaHIzSlnnxg,ecorse-michigan
https://www.ubereats.com/detroit/food-delivery/kingdom-kebob/Sv561ohGT1SU3iKBTT3ntg,ecorse-michigan
https://www.ubereats.com/detroit/food-delivery/tropical-smoothie-cafe-allen-park/9uUJxuQhTvOe9xGBV-TAEQ,ecorse-michigan
https://www.ubereats.com/detroit/food-delivery/better-health-cafe-southgate-mi/Qz4BG8yHTpCrhkNLmAGzng,ecorse-michigan
https://www.ubereats.com/detroit/food-delivery/shish-palace-michigan-ave/2pXsPfpcSqSfza7wRl6apQ,ecorse-michigan
https://www.ubereats.com/detroit/food-delivery/mcdonalds-jefferson-%26-chestnut/6OyAsIQ-T1-n5YVZEOd2GA,ecorse-michigan
https://www.ubereats.com/detroit/food-delivery/new-hunan-chinese-restaurant-%E6%B9%96%E5%8D%97/u6oxhiz9QjeJ4O8pgl9BYQ,ecorse-michigan
https://www.ubereats.com/detroit/food-delivery/paradise-biryani-pointe/wrDA3Fh2TaCughMKFdkWgg,ecorse-michigan
https://www.ubereats.com/detroit/food-delivery/olgas-kitchen-eureka-rd/qjXaVwnRR72XwKY-WO8hdA,ecorse-michigan
https://www.ubereats.com/detroit/food-delivery/amiccis-pizza-vernor/CYp5o-d6RC2JacIzIQQ9QA,ecorse-michigan
https://www.ubereats.com/detroit/food-delivery/el-club/rB_9O4N1Sl-B72V6BGqPZQ,ecorse-michigan
https://www.ubereats.com/detroit/food-delivery/grandma-bobs/4GkTvJdRQtyaqPCSw0BRxw,ecorse-michigan
https://www.ubereats.com/detroit/food-delivery/dessert-oasis-coffee-roasters-detroit/zg1XwmPnSPaGbt9l4LTk3A,ecorse-michigan
https://www.ubereats.com/detroit/food-delivery/beirut-by-night-restaurant/Q4kJBFcZQASNQzFsuhCHDw,ecorse-michigan
https://www.ubereats.com/detroit/food-delivery/parks-old-style-bbq/7pi0W_ftQkmfPbCwjWOC5w,ecorse-michigan
https://www.ubereats.com/detroit/food-delivery/starbucks-michigan-%26-oakman-dearborn/duUqvLARSYKX38tj_A-ttQ,ecorse-michigan
https://www.ubereats.com/detroit/food-delivery/wendys-18902-northline-road/lYVOni7WSceYcbf3CDhOgw,ecorse-michigan
https://www.ubereats.com/detroit/food-delivery/entree-moores/HkWYbdUvQga7BbqDome1yg,ecorse-michigan
https://www.ubereats.com/detroit/food-delivery/crazy-pizza/Oar1wH3dSyWh0jTAeg20Mw,ecorse-michigan
https://www.ubereats.com/detroit/food-delivery/potbelly-sandwich-shop-ren-center-%7C-38/U38D5CQYR5Ghca-qzWka9w,ecorse-michigan
https://www.ubereats.com/detroit/food-delivery/burger-king-3863-w-jefferson-ave/hvgnReAWSI61aqClXRcnFQ,ecorse-michigan
https://www.ubereats.com/detroit/food-delivery/panda-express-3250-fairlane-drive/ABF6Yv_0T-iJMcXf_ePY9w,ecorse-michigan
https://www.ubereats.com/detroit/food-delivery/all-sports-pizza/granpiQHTMWc-LPY8Xd6Xg,ecorse-michigan
https://www.ubereats.com/detroit/food-delivery/bob-evans-361-23100-allen-road/BLZsBgCLQ3KUb7JX4Pj8Ag,ecorse-michigan
https://www.ubereats.com/detroit/food-delivery/kfc-10120-w-warren-avenue/uC2Wqdb4QsGbWA3hVrBPGQ,ecorse-michigan
https://www.ubereats.com/detroit/food-delivery/taco-bell-2306-dix-hwy/Bc8inm1tT7Wd7JYxpsv1SA,ecorse-michigan
https://www.ubereats.com/detroit/food-delivery/mcdonalds-16515-fort-street/xZGN6llSRlSW-jH6P3Tkkg,ecorse-michigan
https://www.ubereats.com/detroit/food-delivery/mr-fish-%26-chicken-river-rouge/B4cXc5khRyqAJCcQjQ8SsA,ecorse-michigan
https://www.ubereats.com/detroit/food-delivery/little-caesars-22359-goddard-rd/bl0T9V0_QKiU9JXVArisEQ,ecorse-michigan
https://www.ubereats.com/detroit/food-delivery/pasquallys-pizza-%26-wings-15300-dix-toledo-road/66i6uRN8SiClIs22rmxejw,ecorse-michigan
https://www.ubereats.com/detroit/food-delivery/subway-15861-southfield-rd/2PjYwRxrRzCaeVdrZLWO4g,ecorse-michigan
https://www.ubereats.com/detroit/food-delivery/bds-mongolian-grill-dearborn/FIxc0K1WScm9S04KNMf6jQ,ecorse-michigan
https://www.ubereats.com/detroit/food-delivery/armandos-mexican-restaurant/G57JP3feQ2GiKBuqnIgJ5g,ecorse-michigan
https://www.ubereats.com/detroit/food-delivery/arbys-27277-eureka-rd/2uoA3RZrRgSDQG7d67YMuw,ecorse-michigan
https://www.ubereats.com/detroit/food-delivery/applebees-ecorse-rd/XoKAF6dvTlWm0VtTLeD-Nw,ecorse-michigan
https://www.ubereats.com/detroit/food-delivery/qdoba-mexican-grill-22040-eureka-rd-unit-a/uhIz4AKfTYmb2vfFP7hUtg,ecorse-michigan
https://www.ubereats.com/detroit/food-delivery/chicken-shack-lincoln-park/vVvVo2v6RLKVpWz1wq5BVw,ecorse-michigan
https://www.ubereats.com/detroit/food-delivery/taco-bell-18900-michigan-ave/TMUbZ_HdQ16U9xQMhBCaxA,ecorse-michigan
https://www.ubereats.com/detroit/food-delivery/dunkin-15067-eureka-rd/ub1YrrpkQkG4JJ3tXNhfYw,ecorse-michigan
https://www.ubereats.com/detroit/food-delivery/chipotle-mexican-grill-23061-allen-rd/VLV8Yw3_TrOe92e7mVv5Ig,ecorse-michigan
https://www.ubereats.com/detroit/food-delivery/lava-java-cafe/fyomsfQgQRKRDE0T25WbOg,ecorse-michigan
https://www.ubereats.com/detroit/food-delivery/honeybaked-ham-23143-eureka-rd/auvT-DxAT76FvIC1uNIGKw,ecorse-michigan
https://www.ubereats.com/detroit/food-delivery/mcdonalds-southfield-%26-colwell/4Vo3Z5KnSES7tGx_WG4Qew,ecorse-michigan
https://www.ubereats.com/detroit/food-delivery/kfc-1217-dix-road/aduLuRYCQv6A3JVVPEmMHw,ecorse-michigan
https://www.ubereats.com/detroit/food-delivery/taco-bell-10484-pelham-rd/6TaPZWvfS-mvhThY0BPB-g,ecorse-michigan
https://www.ubereats.com/detroit/food-delivery/sonic-10403-ford-road/aB6MqT6-T1mDqFyoxsT6NA,ecorse-michigan
https://www.ubereats.com/detroit/food-delivery/taco-bell-4539-s-telegraph-rd/1_SxyE7ESImthELwG-jzEg,ecorse-michigan
https://www.ubereats.com/detroit/food-delivery/la-terraza/TS2FtIcXSU6nwfos58-yLw,ecorse-michigan
https://www.ubereats.com/detroit/food-delivery/bob-evans-114-23729-michigan-avenue/GFish2gORg62flst3cb_zQ,ecorse-michigan
https://www.ubereats.com/detroit/food-delivery/delmar/p8aP21R1RS2o6VGmgtS7qg,ecorse-michigan
https://www.ubereats.com/detroit/food-delivery/qdoba-mexican-grill-3452-fairlane-dr/Z-p9WU8NTKWgrif9-0XFtQ,ecorse-michigan
https://www.ubereats.com/detroit/food-delivery/andiamo-michigan-%26-elm/t1KU9cBIS0GXBNAR1rHovQ,ecorse-michigan
https://www.ubereats.com/detroit/food-delivery/mcdonalds-10945-allen-road/3Z7WTJP2TfiMag759rPr0A,ecorse-michigan
https://www.ubereats.com/detroit/food-delivery/baffos-enterprise/bceTmqHwRu-JU9s-oFougw,ecorse-michigan
https://www.ubereats.com/detroit/food-delivery/hooties-burger-bar-21250-eureka-road/OBw5gIfGQn-OBLd-XDcJag,ecorse-michigan
https://www.ubereats.com/detroit/food-delivery/burger-king-%236959-15350-eureka-road/St1vt8XtSCuvGJJ-M00dGA,ecorse-michigan
https://www.ubereats.com/detroit/food-delivery/kfc-10130-telegraph-rd/HcvYDi1VSsGaZlm0Y5e2Qw,ecorse-michigan
https://www.ubereats.com/detroit/food-delivery/tim-hortons-21203-michigan-ave/NG3iivLuS6OF4AxRhYlSUQ,ecorse-michigan
https://www.ubereats.com/detroit/food-delivery/wing-fellas/9wBqjihJRcCH1wOGB9A5oQ,ecorse-michigan
https://www.ubereats.com/detroit/food-delivery/qdoba-mexican-eats-23400-allen-rd/Wwy94-eLTTqs7tA9Qu21VQ,ecorse-michigan
https://www.ubereats.com/detroit/food-delivery/centro-botanero/LJqCy0pnSuql0iG2afPhog,ecorse-michigan
https://www.ubereats.com/detroit/food-delivery/timas-kitchen/aF33NwTaR0egkNmpZS_8Bw,ecorse-michigan
https://www.ubereats.com/detroit/food-delivery/ds-24-hour-coney-island/QHAQHa_bTJyG6omogvTXvg,ecorse-michigan
https://www.ubereats.com/detroit/food-delivery/la-jalisciense-restaurant/kR50XctXRbWZTn1uzIzWbw,ecorse-michigan
https://www.ubereats.com/detroit/food-delivery/frida-mexican-cuisine/B7H2IYDHQKmZKT144dQdoQ,ecorse-michigan
https://www.ubereats.com/detroit/food-delivery/carrabbas-14805-dix-toledo-road/2O_dSXR2R5u2eKGaArFJRQ,ecorse-michigan
https://www.ubereats.com/detroit/food-delivery/benihana-hubbard-%26-northwood/1gogWo2NQlukBR6VEw3rpg,ecorse-michigan
https://www.ubereats.com/detroit/food-delivery/menchies-frozen-yogurt-16351-ford-rd/aHW7NaNvTXWRmHfv7K_8ig,ecorse-michigan
https://www.ubereats.com/detroit/food-delivery/gunpowder-cafe/GPYyf_GxS4OL2jeKTYeFig,ecorse-michigan
https://www.ubereats.com/detroit/food-delivery/common-grace-coffee/PlvHipJDTGm37z3UCob9tA,ecorse-michigan
https://www.ubereats.com/detroit/food-delivery/checkers-2250-dix-road/ggy5S5_HQ2yZEMO7Iu0txA,ecorse-michigan
https://www.ubereats.com/detroit/food-delivery/burger-king-2155-dix-road/SFa9KKAuTPWWyUrVFwFcoQ,ecorse-michigan
https://www.ubereats.com/detroit/food-delivery/hard-body%22s-detroit/YEAcms3lQ5--QXMZB_UxKQ,ecorse-michigan
https://www.ubereats.com/detroit/food-delivery/floods-bar-and-grille/162FshVQQSuI97SSbJmmSw,ecorse-michigan
https://www.ubereats.com/detroit/food-delivery/famous-daves-23811-eureka-road/kCiUV4qIQqiyY-ldzmns4g,ecorse-michigan
https://www.ubereats.com/detroit/food-delivery/wendys-3460-biddle-ave/hO0bUa4QQbO8K9LUTpC3nw,ecorse-michigan
https://www.ubereats.com/detroit/food-delivery/chipotle-mexican-grill-3125-fairlane-dr/XJ0_uMcqRuKxn-XoDk0mJw,ecorse-michigan
https://www.ubereats.com/detroit/food-delivery/the-ice-cream-shop/xV2QR3U6TuakCJuiGyhxtQ,ecorse-michigan
https://www.ubereats.com/detroit/food-delivery/angels-bake-n-cakes/CoJpyb4dRq-9lNUF9bDBvg,ecorse-michigan
https://www.ubereats.com/detroit/food-delivery/taylor-kabob/62Rhfr6hSjKx3HTnWBmbHQ,ecorse-michigan
https://www.ubereats.com/detroit/food-delivery/kfc-allen-rd/cPDP8M6OR2Cu_QTs0L7frQ,ecorse-michigan
https://www.ubereats.com/detroit/food-delivery/tijuanas-mexican-kitchen-lincoln-park/pLePk4maT0iRcrScqMZ2CQ,ecorse-michigan
https://www.ubereats.com/detroit/food-delivery/delhi-woks/g2COINZKT5KNHCWbjQAG-Q,ecorse-michigan
https://www.ubereats.com/detroit/food-delivery/potbelly-sandwich-shop-allen-park-%7C-176/hvyqtHADQ9CWky-wHUXEjw,ecorse-michigan
https://www.ubereats.com/detroit/food-delivery/arbys-14864-southfield-rd/EqYUkhTfSWGHvsmwVcvZ0Q,ecorse-michigan
https://www.ubereats.com/detroit/food-delivery/teds-coney-island/-aVBQe3KTW-fCqvOCaN-5A,ecorse-michigan
https://www.ubereats.com/detroit/food-delivery/dynasty-chinese-of-detroit/GNXE-GrlRf696zT3Chrhng,ecorse-michigan
https://www.ubereats.com/detroit/food-delivery/manhattan-fish-%26-chicken-express/hh6lycM1QbmgyUJ4eEk3dQ,ecorse-michigan
https://www.ubereats.com/detroit/food-delivery/taco-bell-22670-allen-road/Qm9tbCSfSoOM0jsrH5HtWQ,ecorse-michigan
https://www.ubereats.com/detroit/food-delivery/tgi-fridays-720-town-center-dr/S5KMaSYxQYiz1QUbpt99XA,ecorse-michigan
https://www.ubereats.com/detroit/food-delivery/detroit-75-kitchen/CI1vbq4LRs2ZCKXBupTQZg,ecorse-michigan
https://www.ubereats.com/detroit/food-delivery/checkers-6060-west-vernor-hwy/UwMU9HeZS8G2pex2KviJag,ecorse-michigan
https://www.ubereats.com/detroit/food-delivery/taco-bros/u4sdG3yUQmmbrNgckLjAHw,ecorse-michigan
https://www.ubereats.com/detroit/food-delivery/wendys-1055-fort-street/d1r8ktBJRFGfftctVVnSpQ,ecorse-michigan
https://www.ubereats.com/detroit/food-delivery/taqueria-el-nacimiento/4J9UNRJ5R1GTfUlh-qaJJw,ecorse-michigan
https://www.ubereats.com/detroit/food-delivery/wild-coney-%26-grill/GFflvvWCRkiKHHbvSOz1nQ,ecorse-michigan
https://www.ubereats.com/detroit/food-delivery/masri-sweets/oSQgjX22QlOHUOCi9xpZCw,ecorse-michigan
https://www.ubereats.com/detroit/food-delivery/kfc-12825-eureka-road/c1YOlF7GQpS0nRPEt3BKrg,ecorse-michigan
https://www.ubereats.com/detroit/food-delivery/tropical-smoothie-cafe-schaefer-road/X3lo2t1kQuqfcqP0tfC_AA,ecorse-michigan
https://www.ubereats.com/detroit/food-delivery/dairy-queen-grill-%26-chill-4600-greenfield-rd/RLXAT6WyTjm4Ji-mgokIoQ,ecorse-michigan
https://www.ubereats.com/detroit/food-delivery/checkers-24300-allen-rd/nvW9Y6J0SqeJm5yVvfPyQQ,ecorse-michigan
https://www.ubereats.com/detroit/food-delivery/paisanos-pizza-5511-schaefer-rd/soOJvVu2QVe-33BD13WSiw,ecorse-michigan
https://www.ubereats.com/detroit/food-delivery/jets-pizza-warren-ave/Kd4cIyMhT_yMam6IZYxMyg,ecorse-michigan
https://www.ubereats.com/detroit/food-delivery/the-ice-cream-shop/xKARSerCQ1GBbtPn4z0ifA,ecorse-michigan
https://www.ubereats.com/detroit/food-delivery/mcdonalds-dix-%26-philomene/G5boyx9KQeSlAdat8TAVTg,ecorse-michigan
https://www.ubereats.com/detroit/food-delivery/trio-chicken/GYtiybSBQe-TjNFJJsQiwA,ecorse-michigan
https://www.ubereats.com/detroit/food-delivery/la-salsa-mexican-taqueria/LxojwcTgR3GWTuTC-HyLrQ,ecorse-michigan
https://www.ubereats.com/detroit/food-delivery/tim-hortons-7285-greenfield-road/SMxjY6yGTMqhlzdMhjVO7w,ecorse-michigan
https://www.ubereats.com/detroit/food-delivery/five-guys-mi-1523-23007-outer-dr/HDZvyWiFSYCjNnEvmjyMog,ecorse-michigan
https://www.ubereats.com/detroit/food-delivery/shawarma-bash/gSr72PWlSzCKgvgq9unjzw,ecorse-michigan
https://www.ubereats.com/detroit/food-delivery/shake-shack-660-woodward-avenue/JzvoOdFuSXm7KDLibkzFTA,ecorse-michigan
https://www.ubereats.com/detroit/food-delivery/charmed/wswB66MMQtWeI63RCgUr7w,ecorse-michigan
https://www.ubereats.com/detroit/food-delivery/manhattan-fish-%26-chicken/Wd9ulIvZTQmShIimakSeOA,ecorse-michigan
https://www.ubereats.com/detroit/food-delivery/subway-14490-fort-st/SSqjIZfISYurn8Q5T1f-Rg,ecorse-michigan
https://www.ubereats.com/detroit/food-delivery/the-ice-cream-shop/GzP0CI77Sha7e1fje2HQIg,ecorse-michigan
https://www.ubereats.com/detroit/food-delivery/vitamin-juice-inc/W2M7bukmQpyBie_cH5OK_g,ecorse-michigan
https://www.ubereats.com/detroit/food-delivery/red-robin-378-15777-eureka-blvd/0Xxhm5cuRhCZkm3DxXoTnA,ecorse-michigan
https://www.ubereats.com/detroit/food-delivery/starters-bar-%26-grill-dearborn/oPLWWPTPT8uT4hzh04-wAg,ecorse-michigan
https://www.ubereats.com/detroit/food-delivery/golden-halal-pizza/ku-Z5oqMQbS2L1klAGC_ug,ecorse-michigan
https://www.ubereats.com/detroit/food-delivery/potbelly-sandwich-shop-campus-martius-%7C-331/XrJwSdARTZaUHCUirJ6fhA,ecorse-michigan
https://www.ubereats.com/detroit/food-delivery/rafics-falafel/PGpVj67PRbm6UO_G0pqNpQ,ecorse-michigan
https://www.ubereats.com/detroit/food-delivery/biggby-coffee-greenfield-%26-rotunda/l5JQygh8SnWXc11fOrqdhA,ecorse-michigan
https://www.ubereats.com/detroit/food-delivery/melvindale-grill/3oXSIuTDSqy1NLRjDIS3Lg,ecorse-michigan
https://www.ubereats.com/detroit/food-delivery/applewood-coney-island/exhjZ1rASKKC2HcwN3N7qA,ecorse-michigan
https://www.ubereats.com/detroit/food-delivery/wendys-21909-ecorse-road/Mpo0zGToR-SpPPBz6hSI2w,ecorse-michigan
https://www.ubereats.com/detroit/food-delivery/applebees-23099-outer-drive/LucWnJESRdCcEpTq3s0fTA,ecorse-michigan
https://www.ubereats.com/detroit/food-delivery/hot-bite-cafe-subs-%26-grill/hYeLGBdnSEWTUCYimkZ-AQ,ecorse-michigan
https://www.ubereats.com/detroit/food-delivery/the-avenue/5GVPmrjZTlWKSRAHSV-K2w,ecorse-michigan
https://www.ubereats.com/detroit/food-delivery/taza-fresh-grill/9wMLRvQNRzGjp_f7Wm8LBQ,ecorse-michigan
https://www.ubereats.com/detroit/food-delivery/triangulo-dorado/RqPlrCv4Q2SWi3QN6flOYA,ecorse-michigan
https://www.ubereats.com/detroit/food-delivery/leftys-taylor/14OJXikiQ-SCfPhi4A5f1Q,ecorse-michigan
https://www.ubereats.com/detroit/food-delivery/olgas-kitchen-23404-allen-rd/bO66_HNDSjGlBeqr_qVEEQ,ecorse-michigan
https://www.ubereats.com/detroit/food-delivery/checkers-2291-fort-street/w8S0tSpwR_GFp2bwxYOjvg,ecorse-michigan
https://www.ubereats.com/detroit/food-delivery/del-taco-16252-fort-street/X-3GejLRTICQoH8tI4dMTA,ecorse-michigan
https://www.ubereats.com/detroit/food-delivery/magdaleno-italian-restaurant/_IcKvLjLR-KtQV4QlcxC0Q,ecorse-michigan
https://www.ubereats.com/detroit/food-delivery/jersey-mikes-subs-23106-allen-rd/sZAUuT-KQQqvT6X_eJq3mw,ecorse-michigan
https://www.ubereats.com/detroit/food-delivery/kekos-coney-island/c3f0PpwCRkKpd9Cy3K2NLQ,ecorse-michigan
https://www.ubereats.com/detroit/food-delivery/treat-you-batter/-iZ17GRyQtWSNCzfLLIw8Q,ecorse-michigan
https://www.ubereats.com/detroit/food-delivery/wendys-3560-greenfield/_mq4eYYBTYC4ml0hgrZCBQ,ecorse-michigan
https://www.ubereats.com/detroit/food-delivery/the-ice-cream-shop/tYqxwFZTRzOwLzWKQWyQ7Q,ecorse-michigan
https://www.ubereats.com/detroit/food-delivery/del-taco-14570-southfield-road/g2tUw2jST-imQyUFppEzjg,ecorse-michigan
https://www.ubereats.com/detroit/food-delivery/beirut-garden-restaurant/mVHsnUfiQ0elEfFMaXJPLw,ecorse-michigan
https://www.ubereats.com/detroit/food-delivery/dynasty-restaurant/PHPCBslOQa6tGDmNqUrfDw,ecorse-michigan
https://www.ubereats.com/detroit/food-delivery/white-castle-2115-fort-st/-WjBbHD9Q4qpo1fA7jP8hg,ecorse-michigan
https://www.ubereats.com/detroit/food-delivery/bens-soft-pretzels-14640-pardee-rd/TiovEqJ_RxubTbJy_hAcSw,ecorse-michigan
https://www.ubereats.com/detroit/food-delivery/checkers-4850-s-telegraph-road/efByQh_NT9ijN2D_XqRiWQ,ecorse-michigan
https://www.ubereats.com/detroit/food-delivery/applebees-23200-allen-road/0mD7HV1xTZ-RPiSGf40l0g,ecorse-michigan
https://www.ubereats.com/detroit/food-delivery/tim-hortons-23780-michigan-avenue/dARSpGRtSvGEz9glUl3mRg,ecorse-michigan
https://www.ubereats.com/detroit/food-delivery/tropical-smoothie-cafe-eureka-road/5TLMLUyEQfKyFrTm2eLtvQ,ecorse-michigan
https://www.ubereats.com/detroit/food-delivery/la-noria-bistro/7N9DmV5PTc2j-bIwXFaTZw,ecorse-michigan
https://www.ubereats.com/detroit/food-delivery/bizzy-bee-coney-island/6luuTk0SR3SxgMZZgeAJlw,ecorse-michigan
https://www.ubereats.com/detroit/food-delivery/tropical-smoothie-cafe-7700-telegraph-road/RdX09g_SSVSS4Zohf-_XRQ,ecorse-michigan
https://www.ubereats.com/detroit/food-delivery/pinkberry-23000-eureka-rd/riws_C7kTc2bRyj7uqvMvA,ecorse-michigan
https://www.ubereats.com/detroit/food-delivery/gateaux/szz3YCHkQ7KZCiikz50j0w,ecorse-michigan
https://www.ubereats.com/detroit/food-delivery/olgas-kitchen-fairlane-dr/fP6nXOIXQ36-MjkeskrapA,ecorse-michigan
https://www.ubereats.com/detroit/food-delivery/galindos/dLDdeVa6Sj2ZMts87zwxFw,ecorse-michigan
https://www.ubereats.com/detroit/food-delivery/carieras/N6l2cn9sQ-SQi34V29LlCw,ecorse-michigan
https://www.ubereats.com/detroit/food-delivery/primanti-bros-eureka/dxU48abVTQyGq1rP-NO0Lw,ecorse-michigan
https://www.ubereats.com/detroit/food-delivery/pizza-and-fish-express/KtizNOp5TFKze2mVTcYjfA,ecorse-michigan
https://www.ubereats.com/detroit/food-delivery/k%26m-shish-palace/UP30xvSUScCoyVJ_EvFQ-Q,ecorse-michigan
https://www.ubereats.com/detroit/food-delivery/boston-market-15424-southfield-rd/iKK2VAlMTVS9Niau5hT2Mg,ecorse-michigan
https://www.ubereats.com/detroit/food-delivery/arbys-10500-telegraph-rd/RMvRM2NTSOiI424-R1YnIg,ecorse-michigan
https://www.ubereats.com/detroit/food-delivery/mcdonalds-1469-fort-st/Fy7crV9EQkKjK_QUuSQ38A,ecorse-michigan
https://www.ubereats.com/detroit/food-delivery/charminar-biryani-house/fOSQ1vW4QqWTLvsRv3EuvA,ecorse-michigan
https://www.ubereats.com/detroit/food-delivery/pauls-pizzeria/vZUiMsczQK2KrbNB1DrYqA,ecorse-michigan
https://www.ubereats.com/detroit/food-delivery/krispy-kreme-15050-southfield-road/dDvOLzBxTrSz4CabUeWflg,ecorse-michigan
https://www.ubereats.com/detroit/food-delivery/andiamo-renaissance-%26-atwater/y2y9raRNTjCF8Zo0l2UDtA,ecorse-michigan
https://www.ubereats.com/detroit/food-delivery/holy-moly-donut-shop-grand-blvd/XJUhWomiSQ-KXsYBqxbXKw,ecorse-michigan
https://www.ubereats.com/detroit/food-delivery/the-ice-cream-shop/htMGXbMERSOHSBvOGD5Umw,ecorse-michigan
https://www.ubereats.com/detroit/food-delivery/checkers-9515-michigan-ave/bGOYrKePSgWFAd0AUTGkoQ,ecorse-michigan
https://www.ubereats.com/detroit/food-delivery/slows-to-go/27BymoWdSSacLBikRtPVQw,ecorse-michigan
https://www.ubereats.com/detroit/food-delivery/bjs-restaurant-%26-brewhouse-23002-eureka-rd/nR5Tka3pTWikw0nzGeQgXQ,ecorse-michigan
https://www.ubereats.com/detroit/food-delivery/shish-kabob-express-fairlane/BPTkU2dHRX6K57IwqvDvtA,ecorse-michigan
https://www.ubereats.com/detroit/food-delivery/ihop-%26-applebees/P-fmoXkcSAqpXPkuateGRw,ecorse-michigan
