url,city
https://www.ubereats.com/cincinnati/food-delivery/hot-head-burritos-mt-zion/Ho-n9xGnTImI85jnegxYHQ,edgewood-kentucky
https://www.ubereats.com/cincinnati/food-delivery/panera-204904/_BorF-6aTIi471rPIUAwFQ,edgewood-kentucky
https://www.ubereats.com/cincinnati/food-delivery/empress-chili/GMm77gheSgmEMAJqXL-5Cg,edgewood-kentucky
https://www.ubereats.com/cincinnati/food-delivery/frischs-big-boy-6808-burlington-pike/QRriYVZuQ1CTRwXPDaPktg,edgewood-kentucky
https://www.ubereats.com/cincinnati/food-delivery/ocharleys-7414-turfway-rd/TdgxzoMDSbisVyrLeMkljw,edgewood-kentucky
https://www.ubereats.com/cincinnati/food-delivery/red-lobster-7921-dream-street/-Wwd9l9-Sr6fTJoSuJ210A,edgewood-kentucky
https://www.ubereats.com/cincinnati/food-delivery/cicis-pizza-4989-houston-rd/Pne19ju4TYCxX_BTnLt2Jw,edgewood-kentucky
https://www.ubereats.com/cincinnati/food-delivery/papa-johns-8402-us-highway-42/W2FIyyTDQDSdS7gXM3Ww2g,edgewood-kentucky
https://www.ubereats.com/cincinnati/food-delivery/bambooz-bar-%26-grill/sZV5zCq8S8OBcbDCtrTNOw,edgewood-kentucky
https://www.ubereats.com/cincinnati/food-delivery/burger-king-4868-houston-road/mWML5XY0Ql24cZwArS_bEg,edgewood-kentucky
https://www.ubereats.com/cincinnati/food-delivery/el-ocho-loco/pyQsJvoeSDmM4Vi2I2pPVA,edgewood-kentucky
https://www.ubereats.com/cincinnati/food-delivery/gold-star-chili-latonia/ev5lV2qTSYuU60OnHToorA,edgewood-kentucky
https://www.ubereats.com/cincinnati/food-delivery/wendys-5066-delhi-pike/lo_uS8meTQKVVSRHLTPioA,edgewood-kentucky
https://www.ubereats.com/cincinnati/food-delivery/auntie-annes-441-vine-street-unit-1-h/pcD1tsSDSvGR8_1TJiQf8w,edgewood-kentucky
https://www.ubereats.com/cincinnati/food-delivery/carabello-coffee/zO1dzHfXTUyKE7PcTuJ-gg,edgewood-kentucky
https://www.ubereats.com/cincinnati/food-delivery/subway-5960-centennial-cir/dto8IXlnTUmxOFCABja5Dg,edgewood-kentucky
https://www.ubereats.com/cincinnati/food-delivery/white-castle-8101-us-42/Hjm_YDzGSg2xIuP8PFzJ-Q,edgewood-kentucky
https://www.ubereats.com/cincinnati/food-delivery/gigis-cupcakes-7753-mall-rd/d0pJetM7RKmKP4FuPBhEKA,edgewood-kentucky
https://www.ubereats.com/cincinnati/food-delivery/nation-kitchen-and-bar-pendleton/lmKlj3A-Q1qPcyKeoZ_9rA,edgewood-kentucky
https://www.ubereats.com/cincinnati/food-delivery/mikes-chili-and-gyros/6J8ewp0YRqmlv78x0XjLOA,edgewood-kentucky
https://www.ubereats.com/cincinnati/food-delivery/firehouse-subs-3065-north-bend-rd/VR072C68QASIgKmoC-QQqA,edgewood-kentucky
https://www.ubereats.com/cincinnati/food-delivery/pastrami-%26-pickles/0sZMY_c-RqCr4cfVkzwMAQ,edgewood-kentucky
https://www.ubereats.com/cincinnati/food-delivery/papa-johns-6725-dixie-hwy-ste-a/yyFirA9UTtGVzXWenEXYkg,edgewood-kentucky
https://www.ubereats.com/cincinnati/food-delivery/mcdonalds-philadelphia-%26-3rd-st/KskArxKtRqqbwXlgqzJhzA,edgewood-kentucky
https://www.ubereats.com/cincinnati/food-delivery/dixie-chili-erlanger/RqFiLeW_QM6eShZLWwJCMw,edgewood-kentucky
https://www.ubereats.com/cincinnati/food-delivery/arbys-5286/6v3vM_axSn6pVmEs6zTGZA,edgewood-kentucky
https://www.ubereats.com/cincinnati/food-delivery/smashburger-2517-wilson-ave/8izRnIHxQ3aQpzrgObXYTg,edgewood-kentucky
https://www.ubereats.com/cincinnati/food-delivery/sotto/Qssk1poGS_S7Y46KEcu1QA,edgewood-kentucky
https://www.ubereats.com/cincinnati/food-delivery/kfc-4920-delhi-ave/QJRzNj8USt2E6xP57MHcTQ,edgewood-kentucky
https://www.ubereats.com/cincinnati/food-delivery/chart-house-405-riverboat-row/fMz8_qFBTqqT9qhogxoGEQ,edgewood-kentucky
https://www.ubereats.com/cincinnati/food-delivery/long-john-silvers-7203-alexandria-pike/LIla4UQvQ6mJCg6dzm6wLw,edgewood-kentucky
https://www.ubereats.com/cincinnati/food-delivery/subway-3450-valley-plaza-pkwy/aCdAPi0tRuy18e5jr52iRw,edgewood-kentucky
https://www.ubereats.com/cincinnati/food-delivery/wendys-410-philadelphia-avenue/jGK23-I3T12E31BxnNiOMQ,edgewood-kentucky
https://www.ubereats.com/cincinnati/food-delivery/kidd-coffee-carew-tower/57wdtGeKTSCOEO44Eh70TQ,edgewood-kentucky
https://www.ubereats.com/cincinnati/food-delivery/frischs-big-boy-520-w-5th-st/Ig7KlFrKSMu2k8VS1Y9OpA,edgewood-kentucky
https://www.ubereats.com/cincinnati/food-delivery/jersey-mikes-subs-cincinnati-5032-glen-crossing-way/OxdPriNETAe1LDIYeONp0w,edgewood-kentucky
https://www.ubereats.com/cincinnati/food-delivery/subway-1990-highland-pike/DGQva5EOQBCkaJLW1YtHcA,edgewood-kentucky
https://www.ubereats.com/cincinnati/food-delivery/frischs-big-boy-1731-patrick-dr/1zifxe_aSTCtPUgIpGQ3fQ,edgewood-kentucky
https://www.ubereats.com/cincinnati/food-delivery/guru-india-restaurant/JmlTPr9IR_6xnw6Wd4WP-w,edgewood-kentucky
https://www.ubereats.com/cincinnati/food-delivery/taco-bell-3400-madison-pike/Iqz_1P6TQianBvlQpoTIWw,edgewood-kentucky
https://www.ubereats.com/cincinnati/food-delivery/cracker-barrel-old-country-store-7399-turfway-road/s-GsPLcZT2G-3QJQKh1caw,edgewood-kentucky
https://www.ubereats.com/cincinnati/food-delivery/press-on-monmouth/6V9anX6oQK2iPiaoKMe7zw,edgewood-kentucky
https://www.ubereats.com/cincinnati/food-delivery/chipotle-mexican-grill-501-w-fourth-st/WUXjNaETSS2XNp2vysu3xQ,edgewood-kentucky
https://www.ubereats.com/cincinnati/food-delivery/peking-restaurant/CCxTVxWISGm9ihJv8zS3fg,edgewood-kentucky
https://www.ubereats.com/cincinnati/food-delivery/mcdonalds-dixie-%26-kenton-lands/LEUq1C8YQkaEmujS3dbiYQ,edgewood-kentucky
https://www.ubereats.com/cincinnati/food-delivery/center-hub-deli-%26-catering/OO-MfAUgSG6HThLsDt_Dbg,edgewood-kentucky
https://www.ubereats.com/cincinnati/food-delivery/gold-star-chili-kenwood-mall/njXn2whxT4GeSuv0UQklUQ,edgewood-kentucky
https://www.ubereats.com/cincinnati/food-delivery/chipotle-mexican-grill-5201-delhi-rd/00av7efDT5-DZBdQ1b8Mqg,edgewood-kentucky
https://www.ubereats.com/cincinnati/food-delivery/tgi-fridays-1814-cincinnati-turkeyfoot-ky/VtI2MGJ3QgGhQEn7kB9GxA,edgewood-kentucky
https://www.ubereats.com/cincinnati/food-delivery/taco-bell-8526-us-highway-42/gbS3uWhoTxeUAmPLOstpow,edgewood-kentucky
https://www.ubereats.com/cincinnati/food-delivery/firehouse-subs-alexandria-pike/zjOrNKm1TWWopCd374EO8g,edgewood-kentucky
https://www.ubereats.com/cincinnati/food-delivery/che/kE9VFUIxQMuB-Bg8pm26bw,edgewood-kentucky
https://www.ubereats.com/cincinnati/food-delivery/zoup!-eatery-7753-mall-road-suite-a/s-wK_AgzSzaBIOUT64Z1Tg,edgewood-kentucky
https://www.ubereats.com/cincinnati/food-delivery/papa-johns-2041-centennial-blvd/7rauC1-VTIGozY0b8qGaGg,edgewood-kentucky
https://www.ubereats.com/cincinnati/food-delivery/chipotle-mexican-grill-9039-us-highway-42-ste-a/YffVdYpfTMqkMUTSkqyEjw,edgewood-kentucky
https://www.ubereats.com/cincinnati/food-delivery/five-guys-ky-1518-7668-mall-rd/rJx8jVNOQkydDsJ2NF4arQ,edgewood-kentucky
https://www.ubereats.com/cincinnati/food-delivery/moes-southwest-grill-2881-dixie-hwy-suite-8060/I597BbGETcKxp8tzJ_YOnw,edgewood-kentucky
https://www.ubereats.com/cincinnati/food-delivery/dunkin-508-commonwealth-ave/1xDeCZDTRz24IYW1hubJ4g,edgewood-kentucky
https://www.ubereats.com/cincinnati/food-delivery/papa-johns-2010-north-bend-rd/FH67sZtUSVCjHeqF0ZdIGw,edgewood-kentucky
https://www.ubereats.com/cincinnati/food-delivery/first-watch-crestview/ts72K4RQS3qHCr12-0FYqw,edgewood-kentucky
https://www.ubereats.com/cincinnati/food-delivery/izzys-florence/qk3CfXsfS1iusGUvD98Obw,edgewood-kentucky
https://www.ubereats.com/cincinnati/food-delivery/jersey-mikes-subs-florence-1035-vandercar-way/rhXosZ3QT_eo1UTQ2O-Bmg,edgewood-kentucky
https://www.ubereats.com/cincinnati/food-delivery/buffalo-wild-wings-83-carothers-rd/Mk9tzPQVTyeX9gVmlWq8pA,edgewood-kentucky
https://www.ubereats.com/cincinnati/food-delivery/silverglades-on-8th/mSAjRTp9TqGCgt9JXbSOFA,edgewood-kentucky
https://www.ubereats.com/cincinnati/food-delivery/arawan-thai-sushi/iG1GqdegRbqavL-raixu2g,edgewood-kentucky
https://www.ubereats.com/cincinnati/food-delivery/hot-head-burritos-3497-valley-plaza-k/JfucrNRwQnGvb6Nw63pBkw,edgewood-kentucky
https://www.ubereats.com/cincinnati/food-delivery/mad-mikes-burgers-and-fries-dixie-hwy/62NyaxW1TR62XvrRkmwyFg,edgewood-kentucky
https://www.ubereats.com/cincinnati/food-delivery/pho-lang-thang/YSZ7jJ-ZQmyIpt5wnYa7qQ,edgewood-kentucky
https://www.ubereats.com/cincinnati/food-delivery/dunkin-3163-dixie-hwy/McRD37GPT0S97rXO5OVonQ,edgewood-kentucky
https://www.ubereats.com/cincinnati/food-delivery/subway-2522-hazelwood-dr/CqSu53TMRQWkFfWLqHSAtQ,edgewood-kentucky
https://www.ubereats.com/cincinnati/food-delivery/papa-johns-chelsea-drive/mrsMkHNRSDqvyN3dTh_12w,edgewood-kentucky
https://www.ubereats.com/cincinnati/food-delivery/fresh-eat-cincinnati/_-DCPFInRxOwio39iymkVw,edgewood-kentucky
https://www.ubereats.com/cincinnati/food-delivery/andys-mediterranean-grille/DJhToZbdRHaNy5r0wPYNtA,edgewood-kentucky
https://www.ubereats.com/cincinnati/food-delivery/rancho-grande/eHDSnc-4TlS57G0jNLiVLg,edgewood-kentucky
https://www.ubereats.com/cincinnati/food-delivery/dixie-chili-covington/CYVu2zNVTDG-Q3sNyep1wA,edgewood-kentucky
https://www.ubereats.com/cincinnati/food-delivery/frischs-big-boy-494-orphanage-rd/fwGptz02R3mXpIdCFcyQ_A,edgewood-kentucky
https://www.ubereats.com/cincinnati/food-delivery/mcdonalds-monmouth-%26-zott/fUr0WE2zScG09NnmByN1wg,edgewood-kentucky
https://www.ubereats.com/cincinnati/food-delivery/oriental-express-llc/r5EzYOx-RNyYzr3zsdVipA,edgewood-kentucky
https://www.ubereats.com/cincinnati/food-delivery/dunkin-125-e-court-st/f8-Gx7jdRX6US0pjbjdfHQ,edgewood-kentucky
https://www.ubereats.com/cincinnati/food-delivery/rallys-4115-glenway-ave/OghBGLIlRMao45PXn2GyiA,edgewood-kentucky
https://www.ubereats.com/cincinnati/food-delivery/the-mercer-otr/RMa8sr-KSKODcCl3iAtDCg,edgewood-kentucky
https://www.ubereats.com/cincinnati/food-delivery/chipotle-mexican-grill-5555-glenway-ave-ste-700/QUyX10k6S7CJoI-ihqM1iA,edgewood-kentucky
https://www.ubereats.com/cincinnati/food-delivery/mcalisters-1192-2865-dixie-highway/d7izmhO_R42cojqM7HxKnQ,edgewood-kentucky
https://www.ubereats.com/cincinnati/food-delivery/bob-evans-292-489-orphanage-road/7d48REcdQfGlF5czpMSw3w,edgewood-kentucky
https://www.ubereats.com/cincinnati/food-delivery/aap-india/ds3pfxm4Q5qO_mgkzT3Ndg,edgewood-kentucky
https://www.ubereats.com/cincinnati/food-delivery/grove-park-grille/x7Pgcr2vSnquGvKTyiT1IQ,edgewood-kentucky
https://www.ubereats.com/cincinnati/food-delivery/cancun-mexican-bar-riverboat-row/tgi91310TdCBmkjeTKF8ww,edgewood-kentucky
https://www.ubereats.com/cincinnati/food-delivery/akasan-japanese-street-eats-downtown/GRwrA6hYRLqXuA_tFuQL0w,edgewood-kentucky
https://www.ubereats.com/cincinnati/food-delivery/trottas-steak-and-seafood/xabDnCgcTay5-CQmi_82Ww,edgewood-kentucky
https://www.ubereats.com/cincinnati/food-delivery/elephant-walk-indian-ethiopian-bar-and-grill/nIeiwn7KTDmTAP1OhV_DPA,edgewood-kentucky
https://www.ubereats.com/cincinnati/food-delivery/busken-bakery-highland-heights/ej-So1cHQ2ikS2G1Rbjujg,edgewood-kentucky
https://www.ubereats.com/cincinnati/food-delivery/acapulco-turfway/mA4me8HqRNaEPEYTluI3DA,edgewood-kentucky
https://www.ubereats.com/cincinnati/food-delivery/potbelly-sandwich-shop-fountain-square-%7C-179/o7Avvgt7QVmt3skAeL9Ccw,edgewood-kentucky
https://www.ubereats.com/cincinnati/food-delivery/brewdog-cincinnati/6EuXSyQAQlGLAakHRqnozw,edgewood-kentucky
https://www.ubereats.com/cincinnati/food-delivery/arbys-8486/MZnzTtzHR8KYDkPW8QjfTA,edgewood-kentucky
https://www.ubereats.com/cincinnati/food-delivery/papa-johns-2298-alexandria-pike/dCKstTyJR4ChO4qqXsAX8g,edgewood-kentucky
https://www.ubereats.com/cincinnati/food-delivery/chipotle-mexican-grill-3459-valley-plaza-pkwy/3kjBvDRERwemcTEd40UMDQ,edgewood-kentucky
https://www.ubereats.com/cincinnati/food-delivery/the-original-pizza-boss/fGSswJONTve2fkemWczQyQ,edgewood-kentucky
https://www.ubereats.com/cincinnati/food-delivery/wendys-7910-dream-street/KZmWroMXRUmLHmYmI2PgBg,edgewood-kentucky
https://www.ubereats.com/cincinnati/food-delivery/the-burger-experience-7848-mall-road/vIq8tEbSRQq-wu1K9Mg2KQ,edgewood-kentucky
https://www.ubereats.com/cincinnati/food-delivery/subway-2196-dixie-hwy/ni1JkaUJTk29NP8OEFZlBA,edgewood-kentucky
https://www.ubereats.com/cincinnati/food-delivery/frischs-big-boy-2112-declaration-drive/Mn97CrM9RyiYAl4qrlSyww,edgewood-kentucky
https://www.ubereats.com/cincinnati/food-delivery/frischs-big-boy-alexandria-pike/Cwch1-M8RD2mYheWKCbyUg,edgewood-kentucky
https://www.ubereats.com/cincinnati/food-delivery/graeters-ice-cream-fort-mitchell/AlZ4NdvxT8CRmRR13kvAJw,edgewood-kentucky
https://www.ubereats.com/cincinnati/food-delivery/kfc-1315-monmouth-street/gmDwA8_oSpSzNW8xeWlFqQ,edgewood-kentucky
https://www.ubereats.com/cincinnati/food-delivery/subway-38-martha-layne-collins-blvd/72yKUh-mTiWF6nBSiMgGyA,edgewood-kentucky
https://www.ubereats.com/cincinnati/food-delivery/muggbees-bar-%26-grill/ZZ1D3wP6Qk6zHomffTqV-g,edgewood-kentucky
https://www.ubereats.com/cincinnati/food-delivery/chic-fil-a/eqFGLpaORMePaC89Gul9eQ,edgewood-kentucky
https://www.ubereats.com/cincinnati/food-delivery/mcdonalds-us-42-%26-harvey-quast/SN_GwU-ATWOjbAsiaoYanA,edgewood-kentucky
https://www.ubereats.com/cincinnati/food-delivery/which-wich-mall-road/CMn5zwwMR_2-lqWyVeBfzg,edgewood-kentucky
https://www.ubereats.com/cincinnati/food-delivery/colonial-cottage/G4SziaJ5SYaVdCVDFM5E6g,edgewood-kentucky
https://www.ubereats.com/cincinnati/food-delivery/frischs-big-boy-5216-glenway-ave/cbNDHbzrSGiLKjISviB4xA,edgewood-kentucky
https://www.ubereats.com/cincinnati/food-delivery/original-wok/eZpZ1udlRsGZR9-TZKEYMA,edgewood-kentucky
https://www.ubereats.com/cincinnati/food-delivery/ihop-6885-houston-road/XdtK1skmTjObvOclxlniMw,edgewood-kentucky
https://www.ubereats.com/cincinnati/food-delivery/fishbowl/3NSrLPf8SWGFaiR6wC84og,edgewood-kentucky
https://www.ubereats.com/cincinnati/food-delivery/nick-%26-toms/fN4iqxrzRgisUEUl591RIw,edgewood-kentucky
https://www.ubereats.com/cincinnati/food-delivery/suzie-wongs-on-madison/_-3EKt1jQO6toB5k-1y9gQ,edgewood-kentucky
https://www.ubereats.com/cincinnati/food-delivery/sugarfire-smoke-house/taGo-sCtQDKF-Cn6KfLvtw,edgewood-kentucky
https://www.ubereats.com/cincinnati/food-delivery/mcdonalds-warsaw-%26-ross/DCyBtxE8QsC5gZ8qY0_cTg,edgewood-kentucky
https://www.ubereats.com/cincinnati/food-delivery/e%2Bo-new-asian/Tqvb5OpDQTGs7Dk5EVypWw,edgewood-kentucky
https://www.ubereats.com/cincinnati/food-delivery/charley-biggs-chicken-covington/7EtwxZO6Q1KvxEHQQSMzcA,edgewood-kentucky
https://www.ubereats.com/cincinnati/food-delivery/mortons-the-steakhouse-441-vine-street-suite-1h/0fVch4zPQ1qgojnxV6Or4Q,edgewood-kentucky
https://www.ubereats.com/cincinnati/food-delivery/firehouse-subs-6805-houston-rd-suite-700/SN3jy04ZQVW0aupAtd1rOg,edgewood-kentucky
https://www.ubereats.com/cincinnati/food-delivery/chipotle-mexican-grill-2527-wilson-rd/4_i5Mr_AQNuhy4hY31tD3A,edgewood-kentucky
https://www.ubereats.com/cincinnati/food-delivery/zeus-mediterranean-grill/lZuzIVoMSo6T9vzWlYhF7A,edgewood-kentucky
https://www.ubereats.com/cincinnati/food-delivery/burger-king-8455-us-42/iILu3MZMSGeliCj4qI4qgA,edgewood-kentucky
https://www.ubereats.com/cincinnati/food-delivery/jersey-mikes-subs-florence-310-mt-zion-road/4WUPFi7sTIeYf3nMj0yhIw,edgewood-kentucky
https://www.ubereats.com/cincinnati/food-delivery/wendys-4385-winston-avenue/gEEk7nnfRh2JoM-TJFTjhw,edgewood-kentucky
https://www.ubereats.com/cincinnati/food-delivery/frischs-big-boy-5202-delhi-ave/YW63VPtcQTiXASBa1vyAVg,edgewood-kentucky
https://www.ubereats.com/cincinnati/food-delivery/red-robin-489-7250-houston-rd/IL48ogP1QtWPF3TBoZu-rA,edgewood-kentucky
https://www.ubereats.com/cincinnati/food-delivery/outback-steakhouse-8030-mall-rd/Jt60LkryTUm3gTjCC7_56g,edgewood-kentucky
https://www.ubereats.com/cincinnati/food-delivery/kfc-8055-us-42/VKTO24IpRWq4KOlL3u95dw,edgewood-kentucky
https://www.ubereats.com/cincinnati/food-delivery/citybird-crestview-hills/Q3hYRPcbThWjLKpCf5n7mw,edgewood-kentucky
https://www.ubereats.com/cincinnati/food-delivery/bob-evans-342-6318-glenway-avenue/qh3LojUTR8GAqyXTHFTzRQ,edgewood-kentucky
https://www.ubereats.com/cincinnati/food-delivery/plum-street-cafe/4CvQFy-cQ7-JZ7Li_c5irQ,edgewood-kentucky
https://www.ubereats.com/cincinnati/food-delivery/starbucks-crestview-hills/o2DRTpyxQOWaj0PYCyTqdw,edgewood-kentucky
https://www.ubereats.com/cincinnati/food-delivery/auntie-annes-florence-mall-space-2092-2092-florence-mall/Gay-w3jzRZGxjfhKuWptlg,edgewood-kentucky
https://www.ubereats.com/cincinnati/food-delivery/kfc-taco-bell-5067-sandman-dr/-nAKzVNTRqivc6gc5lD0XQ,edgewood-kentucky
https://www.ubereats.com/cincinnati/food-delivery/great-american-cookies-2028-florence-mall/bnDkqHI8Tu2rkskaZTYUww,edgewood-kentucky
https://www.ubereats.com/cincinnati/food-delivery/dunkin-8509-us-route-42/N-WMNeVwSfy0EiT5e7wAXw,edgewood-kentucky
https://www.ubereats.com/cincinnati/food-delivery/buffalo-wild-wings-2004-centennial-blvd/A5ZWJYDxQZ2ZttWCLw_MUQ,edgewood-kentucky
https://www.ubereats.com/cincinnati/food-delivery/donatos-pizza-3044-dixie-highway/pRP_xwynScCtmfOfpu7eng,edgewood-kentucky
https://www.ubereats.com/cincinnati/food-delivery/endzone-pizza/kYhhgjzuRsGE9qMwV32cTw,edgewood-kentucky
https://www.ubereats.com/cincinnati/food-delivery/mcdonalds-hazelwood-%26-buttermilk/7gIzzRkoTDeFYHWo1-AXjg,edgewood-kentucky
https://www.ubereats.com/cincinnati/food-delivery/burger-king-3049-dixie-highway/0I9E1QgNTNK368xbRdYXFg,edgewood-kentucky
https://www.ubereats.com/cincinnati/food-delivery/taco-bell-6724-dixie-highway/6HFD3XqtQ1Ky6Qvkaz292g,edgewood-kentucky
https://www.ubereats.com/cincinnati/food-delivery/qdoba-mexican-eats-mall-road/6vgDZZ2PQmummGYB-kls-g,edgewood-kentucky
https://www.ubereats.com/cincinnati/food-delivery/burger-king-3432-madison-pike/0TMUmQaYT0ul3aMysWrh5g,edgewood-kentucky
https://www.ubereats.com/cincinnati/food-delivery/raffertys-restaurant-florence/3DWzDbTXSR-1AyhPWuJyRA,edgewood-kentucky
https://www.ubereats.com/cincinnati/food-delivery/arbys-885/edHdhlFLQYuWNUg7-CgsqA,edgewood-kentucky
https://www.ubereats.com/cincinnati/food-delivery/nittha-siam-kitchen/Qe6dU-uiQQKY-qLX8v01zQ,edgewood-kentucky
https://www.ubereats.com/cincinnati/food-delivery/longnecks-sports-grill-wilder/XIKmsLYpQxicHhGFl63VKg,edgewood-kentucky
https://www.ubereats.com/cincinnati/food-delivery/servatii-pastry-shop-%26-deli-western-hills/fD3j9aFTRPqNAf3fD8a14g,edgewood-kentucky
https://www.ubereats.com/cincinnati/food-delivery/sahara-restaurant/eVlumCJERy2iRfGO8JfwEg,edgewood-kentucky
https://www.ubereats.com/cincinnati/food-delivery/hooties-burger-bar-7200-houston-road/YkD_GGNAQ_eDiHBC4FoaNw,edgewood-kentucky
https://www.ubereats.com/cincinnati/food-delivery/kidd-coffee-parent/c3QdaAX2QyOqRkaj8Z4NaA,edgewood-kentucky
https://www.ubereats.com/cincinnati/food-delivery/gold-star-chili-erlanger/SuWI09NiSWu3FhWdXLTQ0g,edgewood-kentucky
https://www.ubereats.com/cincinnati/food-delivery/frischs-big-boy-4016-dixie-hwy/Eg0VeOFuTS2pI9KMMjMGgA,edgewood-kentucky
https://www.ubereats.com/cincinnati/food-delivery/incline-smoke-shack-cincinnati/fJVXeEmBTmqFIB0upv0YDA,edgewood-kentucky
https://www.ubereats.com/cincinnati/food-delivery/mcdonalds-dream-%26-us-42/wuCY_euYR-KE-aVlZ7W7AA,edgewood-kentucky
https://www.ubereats.com/cincinnati/food-delivery/bucks-bbq/fdOS5hLJTIumOcQpzRLzpA,edgewood-kentucky
https://www.ubereats.com/cincinnati/food-delivery/vegan-avenue/HSDisrD7RXKZsiuNRPm79A,edgewood-kentucky
https://www.ubereats.com/cincinnati/food-delivery/donatos-pizza-880-us-rt-42/6VwPkThIQUujlgDc1E-lLA,edgewood-kentucky
https://www.ubereats.com/cincinnati/food-delivery/7850-bonefish-grill-588-buttermilk-pike/HI5VXfr0SPWDq3mrsyXV2g,edgewood-kentucky
https://www.ubereats.com/cincinnati/food-delivery/mcdonalds-centennial-%26-burlington/AFuDlU4LSlC_AyHP2gqoHg,edgewood-kentucky
https://www.ubereats.com/cincinnati/food-delivery/fort-thomas-deli-mart/h2yU-ZhPR22ZNvjXYzNPQw,edgewood-kentucky
https://www.ubereats.com/cincinnati/food-delivery/taco-bell-7619-mall-rd/doXuI5jdT-mPc5O1WUhVLg,edgewood-kentucky
https://www.ubereats.com/cincinnati/food-delivery/panda-express-6805-houston-road/U4TUsYDQQ-2Vr8HDSXOZtA,edgewood-kentucky
https://www.ubereats.com/cincinnati/food-delivery/nada-cincinnati/7F5ri7BdQcaUG1XEvuD5EA,edgewood-kentucky
https://www.ubereats.com/cincinnati/food-delivery/applebees-2810-alexandria-pike/8WbJmykzQcSYI2zenyb3Fg,edgewood-kentucky
https://www.ubereats.com/cincinnati/food-delivery/quan-hapa/E54MqqYlQoW1PZoftdEqCQ,edgewood-kentucky
https://www.ubereats.com/cincinnati/food-delivery/kfc-6444-glenway-ave/mqbNfDN7QF6qspPcZxNVrg,edgewood-kentucky
https://www.ubereats.com/cincinnati/food-delivery/longnecks-sports-grill-walton/IgTzneZBSwa5d3Tf2gDBNA,edgewood-kentucky
https://www.ubereats.com/cincinnati/food-delivery/wabi-sabi/K0_dy1x5TmKWyghPii3uoQ,edgewood-kentucky
https://www.ubereats.com/cincinnati/food-delivery/raya-lebanese/1W8nq3YSS2u5eMQzASD2Uw,edgewood-kentucky
https://www.ubereats.com/cincinnati/food-delivery/gaslight-bar-%26-grill/U1-AVDr1QCur2nCi68QIXA,edgewood-kentucky
https://www.ubereats.com/cincinnati/food-delivery/wendys-3069-dixie-hwy/g3x3Oqr_QZKX9BN67c2JEw,edgewood-kentucky
https://www.ubereats.com/cincinnati/food-delivery/the-bagelry/fV7-cHk4SO-0ZVfCcB_ILw,edgewood-kentucky
https://www.ubereats.com/cincinnati/food-delivery/hooters-houston-rd-%26-banker-st/X1lDS4dlSeWewP0Xf0x_Lg,edgewood-kentucky
https://www.ubereats.com/cincinnati/food-delivery/mccormick-%26-schmicks-21-east-5th-street/FAKxj9MvQRmpEWDnRbrysw,edgewood-kentucky
https://www.ubereats.com/cincinnati/food-delivery/bjs-restaurant-%26-brewhouse-7852-mall-road/H8R7bPDsRtOQLZ7iL3iw3w,edgewood-kentucky
https://www.ubereats.com/cincinnati/food-delivery/quesadilla-station/W_1S3EAFTR6fLiK0k0pDvA,edgewood-kentucky
https://www.ubereats.com/cincinnati/food-delivery/yamato-steak-house-and-sushi/bLUc3j6vRX67wns1PcsuBA,edgewood-kentucky
https://www.ubereats.com/cincinnati/food-delivery/dunkin-425-walnut-st/4R4I1cVFSvekBtWfurLH2g,edgewood-kentucky
https://www.ubereats.com/cincinnati/food-delivery/hot-chicken/bdUwbk-nQXSf6HJZtG-vrQ,edgewood-kentucky
https://www.ubereats.com/cincinnati/food-delivery/steak-n-shake-7485-foltz-drive/7G4wgNWwQyGbE7rqNOLNtQ,edgewood-kentucky
https://www.ubereats.com/cincinnati/food-delivery/frischs-big-boy-5351-north-bend-rd/l0NxsjgVRUScXfIUJPL_cQ,edgewood-kentucky
https://www.ubereats.com/cincinnati/food-delivery/frischs-big-boy-7908-dream-st/3VkLVvexRuGGcMITz0WVuw,edgewood-kentucky
https://www.ubereats.com/cincinnati/food-delivery/parlor-on-seventh/uh4oTT4gRIejYjw0pRK6-w,edgewood-kentucky
https://www.ubereats.com/cincinnati/food-delivery/buffalo-wild-wings-3441-valley-plaza-parkway-a/9Jb0ZaiUQ-S9jzGzyfmVbg,edgewood-kentucky
https://www.ubereats.com/cincinnati/food-delivery/burger-king-316-philadelphia-street/2dUTE0skTAi6j89epKehXg,edgewood-kentucky
https://www.ubereats.com/cincinnati/food-delivery/subway-4201-richardson-rd/sKBaKy4CQeWdtBv_mWxfzA,edgewood-kentucky
https://www.ubereats.com/cincinnati/food-delivery/pepper-pod-restaurant/ri-Ck3DXSMioZtpORWkGCg,edgewood-kentucky
https://www.ubereats.com/cincinnati/food-delivery/black-coffee-lounge/XMn38-eBR7iMLmdw5XBNow,edgewood-kentucky
https://www.ubereats.com/cincinnati/food-delivery/potbelly-sandwich-shop-florence-%7C-201/WNarNPlNSU2Hx-otHW74Ig,edgewood-kentucky
https://www.ubereats.com/cincinnati/food-delivery/chick-fil-a-3436-madison-pike-route-17/LcOT-bhrTluHOiw2wtFKXg,edgewood-kentucky
https://www.ubereats.com/cincinnati/food-delivery/riverside-korean/aMQtQUbxTu24qerP9LUnhw,edgewood-kentucky
https://www.ubereats.com/cincinnati/food-delivery/sake-bomb-sushi/mBHBI2dOQQOGB3A0xF6Pug,edgewood-kentucky
https://www.ubereats.com/cincinnati/food-delivery/cincy-seafood/0Jd3ycmlRY-3bjJ7D1c6RQ,edgewood-kentucky
https://www.ubereats.com/cincinnati/food-delivery/mcdonalds-sperti-%26-dudley/xhJ0fcz3THecktSMDiRkzQ,edgewood-kentucky
https://www.ubereats.com/cincinnati/food-delivery/subway-5060-old-taylor-mill-rd/CHAz4FQnT5OwiMTJKDIIEw,edgewood-kentucky
https://www.ubereats.com/cincinnati/food-delivery/subway-8001-dream-st/EjHXUxdlTqiBe5I2bXQDIg,edgewood-kentucky
https://www.ubereats.com/cincinnati/food-delivery/smokehouse-barbecue/aXwFM9JWShad7vkAO64OHA,edgewood-kentucky
https://www.ubereats.com/cincinnati/food-delivery/crepeguys/l9ZMuSdST_y-50xCJL9JBw,edgewood-kentucky
https://www.ubereats.com/cincinnati/food-delivery/quaker-steak-%26-lube-8025-action-blvd/uR-9qN-USu6rPnLNAmA2ew,edgewood-kentucky
https://www.ubereats.com/cincinnati/food-delivery/full-circle-pies/gYQewjzIRcG7tlhJgbmuxg,edgewood-kentucky
https://www.ubereats.com/cincinnati/food-delivery/outback-steakhouse-6168-glenway-avenue/S1tHUJaiSIekl8rOTRihOA,edgewood-kentucky
https://www.ubereats.com/cincinnati/food-delivery/drunken-hog-bbq/5IE2sJ_NT2SkHYv4QtT-mg,edgewood-kentucky
https://www.ubereats.com/cincinnati/food-delivery/kumo-asian-fusion/Ps4OFmjrRFqbIdOGVm53_w,edgewood-kentucky
https://www.ubereats.com/cincinnati/food-delivery/cracker-barrel-old-country-store-4210-alexandria-pike/IZy9SupRTACkBhDUHmLhLg,edgewood-kentucky
https://www.ubereats.com/cincinnati/food-delivery/chipotle-mexican-grill-7516-mall-rd/J_w4EtTySomwSZLCSKkP4A,edgewood-kentucky
https://www.ubereats.com/cincinnati/food-delivery/mcdonalds-dixie-%26-turfway/CgpQiignQgOj6wvPadBjPQ,edgewood-kentucky
https://www.ubereats.com/cincinnati/food-delivery/arbys-6219/SQxt4-YuRpySFhOAM9r6Xw,edgewood-kentucky
https://www.ubereats.com/cincinnati/food-delivery/chuck-e-cheese-7635-mall-road/fVTuHHD9TvuFldT8Ns78MA,edgewood-kentucky
https://www.ubereats.com/cincinnati/food-delivery/cottage-breakfast/7fhkDU6qSauHvsxeTV9wxA,edgewood-kentucky
https://www.ubereats.com/cincinnati/food-delivery/yalla-yallaa/xBYhh5SYQl-9aR0uP08pvw,edgewood-kentucky
https://www.ubereats.com/cincinnati/food-delivery/golden-city-chinese-restaurant/yFB82vdUTdCyETIzbkW7JQ,edgewood-kentucky
https://www.ubereats.com/cincinnati/food-delivery/taste-of-belgium-crestview/1YgTgIo4S8S8W6P7EMmW7A,edgewood-kentucky
https://www.ubereats.com/cincinnati/food-delivery/velvet-smoke-bbq-crescent-springs/ODTDpjqzQaq8flTFH_45vQ,edgewood-kentucky
https://www.ubereats.com/cincinnati/food-delivery/commonwealth-bistro/ncY7FfbiR-GkC32RWWY_xA,edgewood-kentucky
https://www.ubereats.com/cincinnati/food-delivery/arbys-7964/gxKWa5cNTEKihKgDFRLY8Q,edgewood-kentucky
https://www.ubereats.com/cincinnati/food-delivery/famous-daves-florence/ScFuxygOSkSFQk6mJbuOrg,edgewood-kentucky
https://www.ubereats.com/cincinnati/food-delivery/pleasantry/yZCv5wjHRQGTFNciWsfGWg,edgewood-kentucky
https://www.ubereats.com/cincinnati/food-delivery/frischs-big-boy-5010-alexandria-pike/q6ldrc23TK2QM-agIpovsA,edgewood-kentucky
https://www.ubereats.com/cincinnati/food-delivery/taco-bell-1003-gest-street/58lIydYTRXuqovjw0wsCvQ,edgewood-kentucky
https://www.ubereats.com/cincinnati/food-delivery/gold-star-chili-crescent-springs/snme8JzFSaKWPVlaBiC5Cg,edgewood-kentucky
https://www.ubereats.com/cincinnati/food-delivery/kittys-sports-grill/CDkQHTVnSY6W3lPfAgVinA,edgewood-kentucky
https://www.ubereats.com/cincinnati/food-delivery/dunkin-2410-high-st/GLGZr8qrT42Nx-M4gibg3A,edgewood-kentucky
https://www.ubereats.com/cincinnati/food-delivery/somm-wine-bar-and-kitchen/yKwTuPoRQq2uLHWQKDH19w,edgewood-kentucky
https://www.ubereats.com/cincinnati/food-delivery/ruths-chris-steak-house-100-e-freedom-way/Bs0S73Z_T7uLGdrLfoOlVA,edgewood-kentucky
https://www.ubereats.com/cincinnati/food-delivery/frischs-big-boy-20-kyles-ln/DsPkVlMPT92U4juoe5A4jg,edgewood-kentucky
https://www.ubereats.com/cincinnati/food-delivery/kabobske/3YlJGT70S96IdaHXWQIEPw,edgewood-kentucky
https://www.ubereats.com/cincinnati/food-delivery/j-taps-bar-%26-grill/VZs8IyCjTSq1SODq6Y9wEg,edgewood-kentucky
https://www.ubereats.com/cincinnati/food-delivery/empire-buffet/JX-8CEqPSfKIBCEILieTbA,edgewood-kentucky
https://www.ubereats.com/cincinnati/food-delivery/sub-station-ii/U3WsjZ6pRhe9jXz3wrPtBw,edgewood-kentucky
https://www.ubereats.com/cincinnati/food-delivery/jersey-mikes-subs/bJm14HCSSZCA5itIg_x-Gg,edgewood-kentucky
https://www.ubereats.com/cincinnati/food-delivery/lucius-q/sX6oFnvTTR2U-2jJqeds-Q,edgewood-kentucky
https://www.ubereats.com/cincinnati/food-delivery/dixie-chili-newport/Y9upEwFuQEafzbSFPRPY6w,edgewood-kentucky
https://www.ubereats.com/cincinnati/food-delivery/dunkin-1085-burlington-pike/jt2PeNKATkaiqiYl7_Urag,edgewood-kentucky
https://www.ubereats.com/cincinnati/food-delivery/mazunte-centro/to6pDYjCT9mEkl93GWh8bQ,edgewood-kentucky
https://www.ubereats.com/cincinnati/food-delivery/chipotle-mexican-grill-93-carothers-rd/iS3bAmRgSZeUE2_CLWi85w,edgewood-kentucky
https://www.ubereats.com/cincinnati/food-delivery/taco-bell-410-mt-zion-road/jHPHexIzSjqs8REHHIAZZw,edgewood-kentucky
https://www.ubereats.com/cincinnati/food-delivery/starbucks-mall-%26-plaza/DfNWu27sT62L0WWmjT3XNQ,edgewood-kentucky
https://www.ubereats.com/cincinnati/food-delivery/long-john-silvers-3600-harrison-avenue/16foiqwPSSG_P2-jUzjgtw,edgewood-kentucky
https://www.ubereats.com/cincinnati/food-delivery/kfc-5975-centennial-circle/oE4_8b3rTFazVG7y4dhmZA,edgewood-kentucky
https://www.ubereats.com/cincinnati/food-delivery/holtmans-donut-shop/bMV1kv0-THG6xYQLEGOYuw,edgewood-kentucky
https://www.ubereats.com/cincinnati/food-delivery/subway-1055-hansel-ave/D9RiNfPoRsivXIAzUV4RcA,edgewood-kentucky
https://www.ubereats.com/cincinnati/food-delivery/gold-star-chili-mt-zion/bi4LlR_VTdquz_EGy6Ekfw,edgewood-kentucky
https://www.ubereats.com/cincinnati/food-delivery/butcher-and-barrel-700-race-st/WD2Uxn6cSiSnXz7BuBb-AA,edgewood-kentucky
https://www.ubereats.com/cincinnati/food-delivery/fort-thomas-pizza-%26-tavern/C82M-S4xSfqsx-as864jlw,edgewood-kentucky
https://www.ubereats.com/cincinnati/food-delivery/bow-tie-cafe/Jm1C28OVS_KucCD4RbUYUQ,edgewood-kentucky
https://www.ubereats.com/cincinnati/food-delivery/chipotle-mexican-grill-1-fountain-square-plz/L-d_m1FrRsy70ThJ30m6bQ,edgewood-kentucky
https://www.ubereats.com/cincinnati/food-delivery/fazolis-5990-fuller-street/WnhDYLZCRE6gp_Ld0XU5UQ,edgewood-kentucky
https://www.ubereats.com/cincinnati/food-delivery/arbys-7341/WvcTlYYwTdK8CYIQhGL9Lw,edgewood-kentucky
https://www.ubereats.com/cincinnati/food-delivery/el-nopal/LGcjdE2HR7mB2gViOm92Ww,edgewood-kentucky
https://www.ubereats.com/cincinnati/food-delivery/applebees-30-crestview-hills-mall-road/S-j3VJVTRnqOszyDHWi3Nw,edgewood-kentucky
https://www.ubereats.com/cincinnati/food-delivery/hooters-riverboat-%26-park/oDzaxL1WTuKBo5jmdHW1Cg,edgewood-kentucky
https://www.ubereats.com/cincinnati/food-delivery/locoba-by-platform/auA8JBhbTqe4pRSGUU-ZJQ,edgewood-kentucky
https://www.ubereats.com/cincinnati/food-delivery/breakers-grill/Lr1Xr6wBTj2ydZvX1vHDMA,edgewood-kentucky
https://www.ubereats.com/cincinnati/food-delivery/kfc-3040-dixie-highway/7irgUdO9ToGx-b8vdO6uvA,edgewood-kentucky
https://www.ubereats.com/cincinnati/food-delivery/chipotle-mexican-grill-3100-dixie-hwy/LQZchH_CQBm9A1Fi7-eFxg,edgewood-kentucky
https://www.ubereats.com/cincinnati/food-delivery/panera-204927/lJclFPejSAyc5kFVNTS6yg,edgewood-kentucky
https://www.ubereats.com/cincinnati/food-delivery/china-king/W9fFJ0wITDihPFN5ZQTXTw,edgewood-kentucky
https://www.ubereats.com/cincinnati/food-delivery/fish-express/K6--ipOrSVqslskJWkhmQg,edgewood-kentucky
https://www.ubereats.com/cincinnati/food-delivery/subway-1412-gloria-terrell-dr-ste-1/b_Hvo2BNQGOrQjm1toHZqw,edgewood-kentucky
https://www.ubereats.com/cincinnati/food-delivery/chipotle-mexican-grill-1803-patrick-dr/LRFYnc3sQme5u7BOaDuR6A,edgewood-kentucky
https://www.ubereats.com/cincinnati/food-delivery/dari-crest/f0qFvNfFTtedVehnDgTD5Q,edgewood-kentucky
https://www.ubereats.com/cincinnati/food-delivery/pieology-pizzeria-6785-houston-rd-suite-300/SizzrAcNTru6xTxierKSpQ,edgewood-kentucky
https://www.ubereats.com/cincinnati/food-delivery/chipotle-mexican-grill-525-buttermilk-pike/RMgKauKiSP2Rgi3GqgFmFw,edgewood-kentucky
https://www.ubereats.com/cincinnati/food-delivery/donatos-pizza-180-patrick-drive/sameUNNwQUKnX4KOroJymg,edgewood-kentucky
https://www.ubereats.com/cincinnati/food-delivery/b%26a-street-kitchen/eg3_X1dmQB23MuOXoO3-UQ,edgewood-kentucky
https://www.ubereats.com/cincinnati/food-delivery/fusian-downtown/bYDUQ7MPRz62xS9quamGEw,edgewood-kentucky
https://www.ubereats.com/cincinnati/food-delivery/galla-park/HWNDx05SQJeqD-GNiZR5fg,edgewood-kentucky
https://www.ubereats.com/cincinnati/food-delivery/wendys-7434-turfway-rd/0j2U2C5TRQut5YUz_iEE_A,edgewood-kentucky
https://www.ubereats.com/cincinnati/food-delivery/shanghai-mamas/rw2II9e0RtOaTrCgYm3Uug,edgewood-kentucky
https://www.ubereats.com/cincinnati/food-delivery/mama-lo-hizo/LqB5wn0RS7iZWC0Wd9kImg,edgewood-kentucky
https://www.ubereats.com/cincinnati/food-delivery/tropical-smoothie-cafe-6785-houston-road/l9SyfKZTQWGQaCCiVV5cEw,edgewood-kentucky
https://www.ubereats.com/cincinnati/food-delivery/bob-evans-306-4000-alexandria-pike/osEsIAimTcyCITdOUSgY3Q,edgewood-kentucky
https://www.ubereats.com/cincinnati/food-delivery/the-wing-experience-7848-mall-road/TSiv7J0TSWWAtxC5wFHNSw,edgewood-kentucky
https://www.ubereats.com/cincinnati/food-delivery/arbys-7267/9gw1M8bsR_G8FftOhpy_uQ,edgewood-kentucky
https://www.ubereats.com/cincinnati/food-delivery/papa-johns-4505-1-2-west-8th-street/2y2fLTZBTiifDxyZ82qjyQ,edgewood-kentucky
https://www.ubereats.com/cincinnati/food-delivery/graeters-taylor-mill/hHdWBocgTH-nnJJEP-xVkA,edgewood-kentucky
https://www.ubereats.com/cincinnati/food-delivery/crzy-monk/SuvR2B-NRZOWL0qZMXKkcA,edgewood-kentucky
https://www.ubereats.com/cincinnati/food-delivery/white-castle-3150-dixie-hwy/Tu_uRDidSI-rrkZnpEIEjA,edgewood-kentucky
https://www.ubereats.com/cincinnati/food-delivery/city-goat/WwA5gYASQsGtVhpfg0U3cg,edgewood-kentucky
https://www.ubereats.com/cincinnati/food-delivery/applebees-7383-turfway-road/wxYqNtjCReOsJN5kGhn4kw,edgewood-kentucky
https://www.ubereats.com/cincinnati/food-delivery/nick-and-tonys-double-decker-cafe/OJC88cmRRAuv77eYRD1Rig,edgewood-kentucky
https://www.ubereats.com/cincinnati/food-delivery/carrabbas-2899-dixie-hwy/8NTGenSJTb66EO3bhavEoQ,edgewood-kentucky
https://www.ubereats.com/cincinnati/food-delivery/kung-fu-tea-%E5%8A%9F%E5%A4%AB%E8%8C%B6/Vm_tyQOlRfmojGie-06ZeQ,edgewood-kentucky
https://www.ubereats.com/cincinnati/food-delivery/buffalo-bobs-family-restaurant/MoH_qrypTVurKE5ztFBQ3A,edgewood-kentucky
https://www.ubereats.com/cincinnati/food-delivery/pipers-cafe/MBVboTOSS5WyjmZ7kItswg,edgewood-kentucky
https://www.ubereats.com/cincinnati/food-delivery/arbys-91/CzXOdeK2StWsVxsJ8vntNQ,edgewood-kentucky
https://www.ubereats.com/cincinnati/food-delivery/grammas-pizza/1O_Aj7yeQVSiLs4jnoGSaA,edgewood-kentucky
https://www.ubereats.com/cincinnati/food-delivery/noodles-%26-company-193-pavilion-pkwy/qyYHm45cTciYhU1fI45fQg,edgewood-kentucky
https://www.ubereats.com/cincinnati/food-delivery/jets-pizza/xpK1-lptQl-RZ8fvouvVmA,edgewood-kentucky
https://www.ubereats.com/cincinnati/food-delivery/grammas-pizza/Ke5PteVvTouKNUc_iwRA5Q,edgewood-kentucky
https://www.ubereats.com/cincinnati/food-delivery/mcdonalds-old-taylor-mill-%26-pride/Nyi4k5i7Qei9khl21NpkBg,edgewood-kentucky
https://www.ubereats.com/cincinnati/food-delivery/kidd-coffee-macys-tower/xh9O7VsPSPCu-eyTaiYF4Q,edgewood-kentucky
https://www.ubereats.com/cincinnati/food-delivery/taco-bell-3098-s-dixie-hwy/B3X9SWTcRPuN9BCDwr1xfQ,edgewood-kentucky
https://www.ubereats.com/cincinnati/food-delivery/mellow-mushroom-1014-town-dr/zrYIdWEoQkeUP2qxlbD-yQ,edgewood-kentucky
https://www.ubereats.com/cincinnati/food-delivery/white-castle-482-orphanage-rd/lKsU1t4eSg2T1zvxTVwttw,edgewood-kentucky
https://www.ubereats.com/cincinnati/food-delivery/pita-pit/BOOdDNOIQ4KRGKt0s_F2Ow,edgewood-kentucky
https://www.ubereats.com/cincinnati/food-delivery/maka-mia-pizza/dIOpo6GITY-geo4HEp6uew,edgewood-kentucky
https://www.ubereats.com/cincinnati/food-delivery/otr-chili-co/6c-QTkRyQlWXX7hjjvo32w,edgewood-kentucky
https://www.ubereats.com/cincinnati/food-delivery/bridges-nepali-cuisine-downtown/0tYpSDHxQXymUV9M_utdHA,edgewood-kentucky
https://www.ubereats.com/cincinnati/food-delivery/china-city-buffet/D_AbufzBQSO0ZN6cpwfU9w,edgewood-kentucky
https://www.ubereats.com/cincinnati/food-delivery/maize-arepas-and-bar/g7NR-_Z4RWq4pmvZD1Akxw,edgewood-kentucky
https://www.ubereats.com/cincinnati/food-delivery/hot-head-burritos-3497-valley-plaza-pkwy/tImS5kh5Rf-Ua2dnHyrSLg,edgewood-kentucky
https://www.ubereats.com/cincinnati/food-delivery/incline-public-house/UE43xHTlRaSZNtcklg7TVA,edgewood-kentucky
https://www.ubereats.com/cincinnati/food-delivery/taco-bell-5060-delhi-ave/m3pwGD0dS8aZQHsYoqWoIg,edgewood-kentucky
https://www.ubereats.com/cincinnati/food-delivery/burger-king-337-terry-lane/B-bxaFeURvSwPF1Yf1bQWQ,edgewood-kentucky
https://www.ubereats.com/cincinnati/food-delivery/subway-7129-turfway-rd/1CGskPTnQxOmNl6rS3vT8Q,edgewood-kentucky
https://www.ubereats.com/cincinnati/food-delivery/agave-%26-rye/WsB8e2AJQxSBJpbsrWVfWA,edgewood-kentucky
https://www.ubereats.com/cincinnati/food-delivery/miami-style-tacos/O6VaBtv6RJe6bRvE4uh-PA,edgewood-kentucky
https://www.ubereats.com/cincinnati/food-delivery/subway-2005-patriot-way/dHUXIsrCQ7qzL0gsgD9ArA,edgewood-kentucky
https://www.ubereats.com/cincinnati/food-delivery/ocharleys-100-cross-roads-blvd/2fRnb2y_RbGmeOIXvVCagA,edgewood-kentucky
https://www.ubereats.com/cincinnati/food-delivery/hooties-burger-bar-301-riverboat-row/YIVSVmB0S62Q6GZhoI-vGg,edgewood-kentucky
https://www.ubereats.com/cincinnati/food-delivery/chipotle-mexican-grill-2100-medical-arts-dr/qFICHLlhRzeAxbODnrprxA,edgewood-kentucky
https://www.ubereats.com/cincinnati/food-delivery/buffalo-wild-wings-8840-bankers-st/kZUZx5oXQVmmdonJpUFhnQ,edgewood-kentucky
https://www.ubereats.com/cincinnati/food-delivery/smokey-bones-florence/JfhWG1pzTVyB6gZ_wzku4Q,edgewood-kentucky
https://www.ubereats.com/cincinnati/food-delivery/kidd-coffee-huntington-bank-tower/I0V3wZBGQ7WXesLDK0Mg2A,edgewood-kentucky
https://www.ubereats.com/cincinnati/food-delivery/arbys-934/UCoXME2SQ3umoQ1z05CQ0g,edgewood-kentucky
https://www.ubereats.com/cincinnati/food-delivery/amol-india-restaurant/X-xXLPVRSqSGAeNQmc5f8A,edgewood-kentucky
https://www.ubereats.com/cincinnati/food-delivery/maya-indian-restaurant/fmwANn7VTYWtsvj-LmjFow,edgewood-kentucky
https://www.ubereats.com/cincinnati/food-delivery/gold-star-chili-7649-mall-road/YHIwRNoLTRqsR2ej_tdi3g,edgewood-kentucky
https://www.ubereats.com/cincinnati/food-delivery/mcdonalds-st-johns-%26-pooles-creek/we2Z5b6KShWzqczAKCVa2A,edgewood-kentucky
https://www.ubereats.com/cincinnati/food-delivery/papi-jochos/XTPQy7G1T7W5eLEvSDzagQ,edgewood-kentucky
https://www.ubereats.com/cincinnati/food-delivery/salvadores-pizzeria/qYKLbINXQlyMpxvNimDdFQ,edgewood-kentucky
https://www.ubereats.com/cincinnati/food-delivery/taco-bell-609-emily-drive/4MA3R37HTvyYBZD77-ILxQ,edgewood-kentucky
https://www.ubereats.com/cincinnati/food-delivery/kidd-coffee-western-%26-southern-tower/VFB66XRpTXCOcV4jYP5G-Q,edgewood-kentucky
https://www.ubereats.com/cincinnati/food-delivery/chipotle-mexican-grill-7915-dream-st/Uua-vJiCTuqXzA_Q7rrorQ,edgewood-kentucky
https://www.ubereats.com/cincinnati/food-delivery/bob-evans-14-8020-us-42/q_6F4bg1R76pzr_MPohomw,edgewood-kentucky
https://www.ubereats.com/cincinnati/food-delivery/big-jeffs-fish-%26-chicken/5-H6d-ojShmRaVmJLl0_jA,edgewood-kentucky
