url,city
https://www.ubereats.com/brownsville/food-delivery/buffalo-wings-%26-rings-1727-west-trenton-road/Qwmw7oloQl-U02Qa76YpCw,edinburg-texas
https://www.ubereats.com/brownsville/food-delivery/mcdonalds-1605-e-university-dr/Fni-SyBtRi-SkilQgEVeyA,edinburg-texas
https://www.ubereats.com/brownsville/food-delivery/five-guys-tx-1290-3701-expressway-83/eSoHX6dOSz6UN8rWjwsEog,edinburg-texas
https://www.ubereats.com/brownsville/food-delivery/taco-palenque-mission/BZECVt1WTli8GC4xI6cqYQ,edinburg-texas
https://www.ubereats.com/brownsville/food-delivery/texas-de-brazil-mcallen/hFtJrXnjRUqj00OnCbd1xw,edinburg-texas
https://www.ubereats.com/brownsville/food-delivery/dairy-queen-grill-%26-chill-524-n-salinas-blvd/jT0YlxNLRO-ssgqhls5bzA,edinburg-texas
https://www.ubereats.com/brownsville/food-delivery/el-pollo-loco-601-nolana-loop3463/n2JSIlldSSS6uLHz3YNxkg,edinburg-texas
https://www.ubereats.com/brownsville/food-delivery/tacos-y-gorditas-el-regio/tBmidTD5TK2c7rh9HFviWw,edinburg-texas
https://www.ubereats.com/brownsville/food-delivery/chipotle-mexican-grill-3400-expressway-83/jrqXAXj7QJWxzKoYiyXa5w,edinburg-texas
https://www.ubereats.com/brownsville/food-delivery/el-pollo-loco-400-n-jackson-rd3782/9tio0XiWRGSA2lL7_toxmw,edinburg-texas
https://www.ubereats.com/brownsville/food-delivery/dairy-queen-1220-e-university/MXbrwUKMSJaXs7OjlTZ3Fw,edinburg-texas
https://www.ubereats.com/brownsville/food-delivery/100%25-antojitos-mexicanos-san-juan/q00hjmVmTm2vs0itRgnNgw,edinburg-texas
https://www.ubereats.com/brownsville/food-delivery/burger-king-104-south-expressway-281/vhNlpVgjSlCDwhfX-w8r7g,edinburg-texas
https://www.ubereats.com/brownsville/food-delivery/fazolis-1943-w-interstate-2/fyEVs6zXQ4i4ftPNs3CbIg,edinburg-texas
https://www.ubereats.com/brownsville/food-delivery/chuck-e-cheese-1200-trenton-road-bld-100/Y957BPTORC2hm9nZjDOiDQ,edinburg-texas
https://www.ubereats.com/brownsville/food-delivery/jack-in-the-box-1602-w-university-dr/dQp0_qqkTj2qVZbALqUsnw,edinburg-texas
https://www.ubereats.com/brownsville/food-delivery/ihop-1601-s-cage-rd/U_FKP4YeRw-3WsYtPqQYrg,edinburg-texas
https://www.ubereats.com/brownsville/food-delivery/the-pizzeria-edinburg/XLJf8P72RHCMlQZfhzkVng,edinburg-texas
https://www.ubereats.com/brownsville/food-delivery/firehouse-subs-4201-south-mccoll-rd/D4BkB9G7Qsiaz7cRlPUtEw,edinburg-texas
https://www.ubereats.com/brownsville/food-delivery/honeys-cakes-%26-pastries/_Z4YsgTfS6-Af64_xku6ig,edinburg-texas
https://www.ubereats.com/brownsville/food-delivery/la-chula-michoacana-%231/HwLpzC4nSxiGfg9WHV8RkA,edinburg-texas
https://www.ubereats.com/brownsville/food-delivery/scalisis-chicago-pizza/D3xgCxsWTU66wpDbanLY_A,edinburg-texas
https://www.ubereats.com/brownsville/food-delivery/gorditas-dona-tota-cesar-chavez-rd/BIpV69ZMTdODlh8UepyOTQ,edinburg-texas
https://www.ubereats.com/brownsville/food-delivery/wine-cow-argentian-steak-house/ElkjbPZ1T2u8pzO9GH2lFA,edinburg-texas
https://www.ubereats.com/brownsville/food-delivery/green-ceviche/WTrwvJy3RyaTT-8czGZd_g,edinburg-texas
https://www.ubereats.com/brownsville/food-delivery/ihop-2716-w-university-drive/fxxrciavRRqANxyDrHfTEg,edinburg-texas
https://www.ubereats.com/brownsville/food-delivery/applebees-4601-n-10th-street/UJm1njHbQx2yefOSxMP0Ow,edinburg-texas
https://www.ubereats.com/brownsville/food-delivery/dennys-1601-e-expressway-83/VOnpeXyzTYWVPumHNG7brg,edinburg-texas
https://www.ubereats.com/brownsville/food-delivery/burger-king-400-north-jackson-road/ifc1CM_LQOieLdU5H5F82Q,edinburg-texas
https://www.ubereats.com/brownsville/food-delivery/dennys116-south-shary-rd/XanvBf3ASfeo0p-CVfTPBA,edinburg-texas
https://www.ubereats.com/brownsville/food-delivery/la-chula-michoacana-%232/vqCdKdbRQ5CYsrl4abJMZg,edinburg-texas
https://www.ubereats.com/brownsville/food-delivery/churchs-chicken-200-w-nolana/Jbe1Ok-4TsOqcaEnPUeyvA,edinburg-texas
https://www.ubereats.com/brownsville/food-delivery/red-robin-642-409-s-jackson-road/9_BV7F10SdC611lvD7gpjA,edinburg-texas
https://www.ubereats.com/brownsville/food-delivery/ihop-314-n-shary-road/xkSNhtpoTBSVqCBz0lUalg,edinburg-texas
https://www.ubereats.com/brownsville/food-delivery/100%25-antojitos-mexicanos-mission-shary/M20iPPUSSgOtXERRGlS8XQ,edinburg-texas
https://www.ubereats.com/brownsville/food-delivery/bar-b-cutie-smokehouse/sOUgDiE3TR-mtA8L4m4yiA,edinburg-texas
https://www.ubereats.com/brownsville/food-delivery/el-pollo-loco-2808-w-university-dr3768/AJtgz3czR_yOq4qN0Ush1A,edinburg-texas
https://www.ubereats.com/brownsville/food-delivery/dairy-queen-1501-n-23rd-st/s-VzoSrKQmSdISuwChpD5g,edinburg-texas
https://www.ubereats.com/brownsville/food-delivery/lucky-sushi-bar/uigDCKhmTGyU6e4Abvs7UA,edinburg-texas
https://www.ubereats.com/brownsville/food-delivery/papa-johns-4901-expressway-83-s-te-130/kQzjxmI4TE2prZmSlxacNA,edinburg-texas
https://www.ubereats.com/brownsville/food-delivery/auntie-annes-2200-s-10th-str-%26-wichita-ave/P3whLqWuS8yOyApP0jm8QQ,edinburg-texas
https://www.ubereats.com/brownsville/food-delivery/100%25-antojitos-mexicanos-mcallen/oX9capuPTGO7-0rotZ781g,edinburg-texas
https://www.ubereats.com/brownsville/food-delivery/the-protein-shoppe/zc4O4R5xQz6L3VZLzeVPvQ,edinburg-texas
https://www.ubereats.com/brownsville/food-delivery/yard-house-2200-s-10th-street-space-s17/yFTVi5g5TpijaJ4XdLleGA,edinburg-texas
https://www.ubereats.com/brownsville/food-delivery/villa-del-mar-edinburg/wSUdoZ5JQ9SgC7S9vpq-7Q,edinburg-texas
https://www.ubereats.com/brownsville/food-delivery/mcdonalds-2120-w-university-dr/jcL7jtQ8SuCkCkvxywNBMQ,edinburg-texas
https://www.ubereats.com/brownsville/food-delivery/cracker-barrel-old-country-store-3817-w-expressway-83/Q5N-GIt9SbqQHxh70w_cfw,edinburg-texas
https://www.ubereats.com/brownsville/food-delivery/100%25-antojitos-mexicanos-pharr/K83_cDB_RESSLZ31y9o76A,edinburg-texas
https://www.ubereats.com/brownsville/food-delivery/gorditas-dona-tota-business/KK7xB2zvTe-tNeGBziVFTg,edinburg-texas
https://www.ubereats.com/brownsville/food-delivery/burger-king-1702-west-university/dzlgOxFHSsixUdEYCLMKig,edinburg-texas
https://www.ubereats.com/brownsville/food-delivery/cold-stone-creamery-7017-n-10th-st-ste-h/Ig7hda_PRz-sAcecDykLwg,edinburg-texas
https://www.ubereats.com/brownsville/food-delivery/bjs-restaurant-%26-brewhouse-3200-expressway-83/2HkS0EsWTTiVeF_4v54h5Q,edinburg-texas
https://www.ubereats.com/brownsville/food-delivery/cocinita-cafe/wtMf47pdQIeNx7zcVhrwag,edinburg-texas
https://www.ubereats.com/brownsville/food-delivery/el-pastor-grill/t4s9QewqRZiLaVP2grbt-g,edinburg-texas
https://www.ubereats.com/brownsville/food-delivery/taco-palenque-edinburg/gtFk9hE-SEyy1RZFTgyEsQ,edinburg-texas
https://www.ubereats.com/brownsville/food-delivery/boka-400/v-tNgZ3mTAq32h-soMBvVA,edinburg-texas
https://www.ubereats.com/brownsville/food-delivery/little-tokyo/caJl7zaJQR67ctsK698-7A,edinburg-texas
https://www.ubereats.com/brownsville/food-delivery/gorditas-dona-torta-n-salinas-blvd/48gSLrO4S860RK15XLZf8Q,edinburg-texas
https://www.ubereats.com/brownsville/food-delivery/dennys-1305-e-monte-cristo/Yy-B0DayTb67yFHZcF2Wsg,edinburg-texas
https://www.ubereats.com/brownsville/food-delivery/kumori-sushi-%26-teppanyaki-palms-crossing/4Kc1-kBHQKGKkRLTMofQJg,edinburg-texas
https://www.ubereats.com/brownsville/food-delivery/mcdonalds-104-w-nolana-loop/TKwU3h0BSlOTgx4KVgtrSA,edinburg-texas
https://www.ubereats.com/brownsville/food-delivery/bourbon-street-grill/UX8743NYS5auSbTTK-7LKA,edinburg-texas
https://www.ubereats.com/brownsville/food-delivery/walk-ons-bistreaux-and-bar-edinburg-tx/Hi8nIpK_Q-q5yHt29aZL-Q,edinburg-texas
https://www.ubereats.com/brownsville/food-delivery/the-blue-onion-mcallen/uZUs_meQQY-qDml3U-cBaQ,edinburg-texas
https://www.ubereats.com/brownsville/food-delivery/burger-king-1520-s-closner-street/UVvk29qwRy2E-TMIE3G3sA,edinburg-texas
https://www.ubereats.com/brownsville/food-delivery/taqueria-no-me-olvides-by-checo/6pr72soXRZymca8uwp-0gQ,edinburg-texas
https://www.ubereats.com/brownsville/food-delivery/hooties-burger-bar-410-east-expressway-83/FHhsMZA9TXOAmlO3XI8ayw,edinburg-texas
https://www.ubereats.com/brownsville/food-delivery/golden-chick-1911-n-raul-longoria-road/gCqG9dl0ROeTHrmnnnVGgg,edinburg-texas
https://www.ubereats.com/brownsville/food-delivery/fresh-%26-tasty/dT3rYeOBTeiXgMY0y518wQ,edinburg-texas
https://www.ubereats.com/brownsville/food-delivery/willie-bs-bbq/ytrwlkkSQiS7cVgx2zPkVA,edinburg-texas
https://www.ubereats.com/brownsville/food-delivery/corner-bakery-cafe-4021-n-10th-stste-c4/8pExkjGoRWKm45AIjmMTQQ,edinburg-texas
https://www.ubereats.com/brownsville/food-delivery/ihop-517-e-trenton/QIGH9V8bQwiNrFiVEggPeA,edinburg-texas
https://www.ubereats.com/brownsville/food-delivery/la-morenita-bakery/5LVPdFrIQS6PUQAWlOKkig,edinburg-texas
https://www.ubereats.com/brownsville/food-delivery/ihop-4321-n-10th-st/uP-2g8bQRd68zUYLyLeyug,edinburg-texas
https://www.ubereats.com/brownsville/food-delivery/100%25-antojitos-mexicanos-alton/pXcyyXmCTAWiJ4LemxM6_A,edinburg-texas
https://www.ubereats.com/brownsville/food-delivery/dairy-queen-800-hwy-83-east/UeCcSsbTS12n5kyCtpR_xA,edinburg-texas
https://www.ubereats.com/brownsville/food-delivery/churchs-chicken-3469-north-business-281/EmOgy0zVQA682fTKv4uneA,edinburg-texas
https://www.ubereats.com/brownsville/food-delivery/dennys-401-e-nolana-ave/F_nJUpFKTLWgRkBRukWlZw,edinburg-texas
https://www.ubereats.com/brownsville/food-delivery/my-place-cafe/zk_5mginROGF_6zqtYcsvw,edinburg-texas
https://www.ubereats.com/brownsville/food-delivery/muelle37pharr/avVZXRanQwu0U3Fw2P5vew,edinburg-texas
https://www.ubereats.com/brownsville/food-delivery/the-protein-shoppe/qws_JqkgQDiO5MDnIEQHtQ,edinburg-texas
https://www.ubereats.com/brownsville/food-delivery/muelle37mcallen/lJwqE0_eR3SKueWmki2Zfw,edinburg-texas
https://www.ubereats.com/brownsville/food-delivery/logans-roadhouse-420-7612-n-10th-street/KK4KLVd_R3S11OvRqbYvxQ,edinburg-texas
https://www.ubereats.com/brownsville/food-delivery/mcdonalds-202-w-monte-cristo-rd/yX74Bl7wQomiQH6IBv2LwQ,edinburg-texas
https://www.ubereats.com/brownsville/food-delivery/peppers-at-uptown/OyWBHUcdToSibX2-FW-0EA,edinburg-texas
https://www.ubereats.com/brownsville/food-delivery/anitas-cafe/owvo-Bs8QPaheBYIk5iVHA,edinburg-texas
https://www.ubereats.com/brownsville/food-delivery/dragon-warrior-noodle/OMd_gMicSTad62-OjV94Nw,edinburg-texas
https://www.ubereats.com/brownsville/food-delivery/burger-king-4006-south-mc-coll-road/LpiEWbJ6R92-JtSEEEZ4kQ,edinburg-texas
https://www.ubereats.com/brownsville/food-delivery/chipotle-mexican-grill-7300-n-10th-st-ste-30/qxuXXDckS6iGXqufZcfwlw,edinburg-texas
https://www.ubereats.com/brownsville/food-delivery/gorditas-dona-tota-s-shary-rd/6Ul2Nho7RJOsfN-yKnG9MQ,edinburg-texas
https://www.ubereats.com/brownsville/food-delivery/pj-fresh-1305-east-monte-cristo-road/9KIxPjNcSuGerKi42jYLsQ,edinburg-texas
https://www.ubereats.com/brownsville/food-delivery/churchs-chicken-1045-west-frontage-road-expressway-83/vq0IyTkUQTeZjWxFdJPGBg,edinburg-texas
https://www.ubereats.com/brownsville/food-delivery/semilla-coffee-lab/NRXPlP3dSFaxXZYNWtFvBA,edinburg-texas
https://www.ubereats.com/brownsville/food-delivery/gorditas-dona-tota-la-plaza-mall/qJe33fFERIiodHzP3iSuJw,edinburg-texas
https://www.ubereats.com/brownsville/food-delivery/schlotzskys-2616-n-10th-street/eVmakfEoSFSZi7vUSD3tMQ,edinburg-texas
https://www.ubereats.com/brownsville/food-delivery/churchs-chicken-1607-s-mccoll/8QgeWjvoSqiuW4nZAiyqhQ,edinburg-texas
https://www.ubereats.com/brownsville/food-delivery/jack-in-the-box-703-s-jackson-rd/NYxA3oAERl-WqBV81xojKA,edinburg-texas
https://www.ubereats.com/brownsville/food-delivery/taco-palenque-w-university-drive/-4XaYInoQOSn1bES_PNlsA,edinburg-texas
https://www.ubereats.com/brownsville/food-delivery/buffalo-wings-%26-rings-4711-n-10th-st/azabZ3uGSdW4glCPOseeBg,edinburg-texas
https://www.ubereats.com/brownsville/food-delivery/golden-chick-401-s-sugar-road/tESfEmaPRPWdToYtb-LFWw,edinburg-texas
https://www.ubereats.com/brownsville/food-delivery/jack-in-the-box-151-w-nolana-ave/qMypcCA-T9aYJIdCmIPsRQ,edinburg-texas
https://www.ubereats.com/brownsville/food-delivery/mayan-chef/z_DsV2O9R3CctcyT2S5h6g,edinburg-texas
https://www.ubereats.com/brownsville/food-delivery/panda-express-1116-trenton-rd/nvdV8zq4T9up0jGbe3c5Ng,edinburg-texas
https://www.ubereats.com/brownsville/food-delivery/forever-ice-cream/zwLjxdY-QRSlqc3IH9ouIw,edinburg-texas
https://www.ubereats.com/brownsville/food-delivery/papa-taco-mission/xrzjqZFpTD-LvF8G366GvQ,edinburg-texas
https://www.ubereats.com/brownsville/food-delivery/ccs-sweets-%26-tweets/rjV2jdCAQmWgjrDVoJohcw,edinburg-texas
https://www.ubereats.com/brownsville/food-delivery/churchs-chicken-820-e-university/qfhMPP9VSLaI2HSTaM118g,edinburg-texas
https://www.ubereats.com/brownsville/food-delivery/buffalo-wild-wings-3520-w-expressway-83/Emy7KfgRQY2H0fINggCNsQ,edinburg-texas
https://www.ubereats.com/brownsville/food-delivery/la-costa-grill/5osX2H0OTtaA4V-0q5Mh5g,edinburg-texas
https://www.ubereats.com/brownsville/food-delivery/kfc-2411-south-highway-281/3Q1nh9yKRhKaXCCDynpGDA,edinburg-texas
https://www.ubereats.com/brownsville/food-delivery/dairy-queen-1224-w-university-dr/8EJsCnvrQOKQ_93Wm-9VTw,edinburg-texas
https://www.ubereats.com/brownsville/food-delivery/hacienda-san-miguel-mexican-grill-and-bar/M0LWYt-fQ7Oo9eO85lsCNw,edinburg-texas
https://www.ubereats.com/brownsville/food-delivery/cafe-renee-la-monarca/LPZ0SKDUQ--s5vVtu6p-Dg,edinburg-texas
https://www.ubereats.com/brownsville/food-delivery/mcdonalds-401-e-trenton/L7dH-d-gRIe6LpF5hADbeA,edinburg-texas
https://www.ubereats.com/brownsville/food-delivery/fork-to-fit-kitchen/TkhEkHH1TgWAe2HOfeUBoA,edinburg-texas
https://www.ubereats.com/brownsville/food-delivery/muelle-37edinburg/8oX505PeSo6HULyFn46RcQ,edinburg-texas
https://www.ubereats.com/brownsville/food-delivery/orange-leaf-frozen-yogurt-601-trenton-rd-ste-c/gI9QYs4NRHe9RZZOuKBzJQ,edinburg-texas
https://www.ubereats.com/brownsville/food-delivery/san-miguelitos-bar-%26-grill/ug9Jf5ntSj-Zhsq2C3je5g,edinburg-texas
https://www.ubereats.com/brownsville/food-delivery/taco-bell-6617-north-10th-street/RwZMTMmQTdWhtgTJwl7liA,edinburg-texas
https://www.ubereats.com/brownsville/food-delivery/kumori-sushi-%26-teppanyaki-ridge-view-center/FDKeFlE2TWqOBcrStuNiGw,edinburg-texas
https://www.ubereats.com/brownsville/food-delivery/mariscos-el-7-mares/CHcfyMkVT5C3FCGeAz9V_Q,edinburg-texas
https://www.ubereats.com/brownsville/food-delivery/golden-chick-4501-n-23rd/Tr9N17XLRW6afMJdK7XPYA,edinburg-texas
https://www.ubereats.com/brownsville/food-delivery/kabob-guys/9KlxmBaqTWuG29VpL9DgWQ,edinburg-texas
https://www.ubereats.com/brownsville/food-delivery/kurai-sushi/BJQnrJ8ATzaW_W_sC9xRzQ,edinburg-texas
https://www.ubereats.com/brownsville/food-delivery/taco-bell-1804-w-university-dr/Gkix_uDCQu6zAJUfw_rN3w,edinburg-texas
https://www.ubereats.com/brownsville/food-delivery/xquinkles-snack-land-mcallen/6JIISttiRHOoKv9yqxFRpw,edinburg-texas
https://www.ubereats.com/brownsville/food-delivery/100%25-antojitos-mexicanos-edinburg/p4_Q-sc4QWiCnOyD-QrbzA,edinburg-texas
https://www.ubereats.com/brownsville/food-delivery/jack-in-the-box-102-e-monte-cristo-rd/WyoqGYmkTZmifqRC6L-3jA,edinburg-texas
https://www.ubereats.com/brownsville/food-delivery/76-bar-and-kitchen/Bi-UGTDcTyqTgC6Bjo047A,edinburg-texas
https://www.ubereats.com/brownsville/food-delivery/scalisis-express/lZ8GGJQzS22XZx0YTvYQmg,edinburg-texas
https://www.ubereats.com/brownsville/food-delivery/dennys-2301-west-university-drive/h0XGc_fTTAmrTVxPGeOAUQ,edinburg-texas
https://www.ubereats.com/brownsville/food-delivery/golden-chick-200-s-alton-blvd/fPs7WXqiR52Bv8TXWRKWAQ,edinburg-texas
https://www.ubereats.com/brownsville/food-delivery/chipotle-mexican-grill-500-n-jackson-rd-ste-n1/hb72qLoIREGpfZfP9-QaJg,edinburg-texas
https://www.ubereats.com/brownsville/food-delivery/taco-bell-101-east-nolana-loop/UfK2QMDHRf-85g1GJnsT6A,edinburg-texas
https://www.ubereats.com/brownsville/food-delivery/saltgrass-3000-expressway-83/CRpigkhtRNibAsjOefVSMw,edinburg-texas
https://www.ubereats.com/brownsville/food-delivery/gorditas-dona-tota-s-cage-blvd/RDfYy4GvRJW9FFbKNZPxrg,edinburg-texas
https://www.ubereats.com/brownsville/food-delivery/muelle-37alamo/o3oxvIp8SbOPDI5up-q5mg,edinburg-texas
https://www.ubereats.com/brownsville/food-delivery/dennys-1110-so-10th-st/bkTDfg-oSZSmgQVHs8x32g,edinburg-texas
https://www.ubereats.com/brownsville/food-delivery/el-infiernito-taqueria/ApGTZJ6dSsaW5tglht8vbg,edinburg-texas
https://www.ubereats.com/brownsville/food-delivery/stefanos-pizza-express/uJcY3lPlQdyuLnm5S0ND4g,edinburg-texas
https://www.ubereats.com/brownsville/food-delivery/palenque-grill-edinburg/CsPfvWVeT52_XbRYciCD9w,edinburg-texas
https://www.ubereats.com/brownsville/food-delivery/applebees-1913-w-trenton-road/u9CGhdCXTEK-9dPaU7_qXQ,edinburg-texas
