url,city
https://www.ubereats.com/oklahoma-city/food-delivery/slim-chickens-555-s-kelly-avenue/ng1tAp2xS-SlGbeYqcmIJg,edmond-oklahoma
https://www.ubereats.com/oklahoma-city/food-delivery/thai-delight-edmond/qMZ3WxI5TR-2WmXG9i2kUQ,edmond-oklahoma
https://www.ubereats.com/oklahoma-city/food-delivery/405-pizza-company/uA4V_OJiSWetf2rM60FR0A,edmond-oklahoma
https://www.ubereats.com/oklahoma-city/food-delivery/arbys-8506/9pAtj-WQTLGXrf9GqdDiRw,edmond-oklahoma
https://www.ubereats.com/oklahoma-city/food-delivery/outback-steakhouse-2402-w-memorial-road/QIYAy7TJQkWkbPDnXAfeSw,edmond-oklahoma
https://www.ubereats.com/oklahoma-city/food-delivery/twin-peaks-restaurant-3109-w-memorial/QbAhjT8VR26jC25Xu3b4XQ,edmond-oklahoma
https://www.ubereats.com/oklahoma-city/food-delivery/pei-wei-1141-e-2nd-st-suite-100-a/UILFbky7RjKaoIUbTESQ5w,edmond-oklahoma
https://www.ubereats.com/oklahoma-city/food-delivery/hobbys-hoagies-edmond/aztmNdvKTH6zWLhUIWVbXw,edmond-oklahoma
https://www.ubereats.com/oklahoma-city/food-delivery/menchies-frozen-yogurt-13230-pawnee-dr/X3eh2_WSRMWRuE-8uEDsFw,edmond-oklahoma
https://www.ubereats.com/oklahoma-city/food-delivery/wendys-1012-s-broadway/Knt-5NHRTmKkJ6DJyss_8g,edmond-oklahoma
https://www.ubereats.com/oklahoma-city/food-delivery/chicken-express-15040-n-pennsylvania-ave/pxWNPxnGRD6M7TlBBCeuGw,edmond-oklahoma
https://www.ubereats.com/oklahoma-city/food-delivery/qdoba-2664-exchange-drive/_F9_r6PFQdi5p0BvwQYLxA,edmond-oklahoma
https://www.ubereats.com/oklahoma-city/food-delivery/jakes-coney-island/uGk03hA8R5Sr2a7O34kBaw,edmond-oklahoma
https://www.ubereats.com/oklahoma-city/food-delivery/dennys-1100-e-2nd-st/5ZFu5_HTRly6dJI643P0_A,edmond-oklahoma
https://www.ubereats.com/oklahoma-city/food-delivery/five-guys-ok-1548-2300-w-memorial-rd/FZMYznYaQdSanwt60qaBfg,edmond-oklahoma
https://www.ubereats.com/oklahoma-city/food-delivery/ihop-1484/kMzjyoQaTEOxD44zMHHQ9w,edmond-oklahoma
https://www.ubereats.com/oklahoma-city/food-delivery/arbys-5365/EVVMXoR7TG-aC2LZ9I6ODA,edmond-oklahoma
https://www.ubereats.com/oklahoma-city/food-delivery/bjs-restaurant-%26-brewhouse-2425-w-memorial-road/5F9SL8oITAWGzhd97Pzm2g,edmond-oklahoma
https://www.ubereats.com/oklahoma-city/food-delivery/burger-king-3100-south-broadway/ERF_o9EcTTWBQMuukQWYZA,edmond-oklahoma
https://www.ubereats.com/oklahoma-city/food-delivery/krispy-krunchy-chicken-6301-n-kelley-ave/Ssk9QePbSlaYOj-3R2Y7Tg,edmond-oklahoma
https://www.ubereats.com/oklahoma-city/food-delivery/ihop-1926/vg6VWVSrTK6YInFctMPCgg,edmond-oklahoma
https://www.ubereats.com/oklahoma-city/food-delivery/all-about-cha-edmond/dzBFKA-tRXGzT0m3K_3eDw,edmond-oklahoma
https://www.ubereats.com/oklahoma-city/food-delivery/billy-sims-bbq-924-w-edmond-rd/4jaX5kYWRwqPe8qV6EG8dQ,edmond-oklahoma
https://www.ubereats.com/oklahoma-city/food-delivery/charlestons-edmond/t9Qq-GptTPufzLwJGTDq8w,edmond-oklahoma
https://www.ubereats.com/oklahoma-city/food-delivery/long-john-silvers-2101-nw-122nd/PquXrmZlTsy0cKlBG2ZNKg,edmond-oklahoma
https://www.ubereats.com/oklahoma-city/food-delivery/cowboy-chicken-edmond/ahwV39_SSii1HNoEybws4g,edmond-oklahoma
https://www.ubereats.com/oklahoma-city/food-delivery/first-watch-2328-w-memorial-rd/cpUYcQA1RB613Brl-OMPyg,edmond-oklahoma
https://www.ubereats.com/oklahoma-city/food-delivery/sonic-19205-north-western/OEnIbx7oQIG2l78-iVR0NA,edmond-oklahoma
https://www.ubereats.com/oklahoma-city/food-delivery/taco-bell-5704-nw-expressway/iyVlSNT4TrKhSmbhhf5QqQ,edmond-oklahoma
https://www.ubereats.com/oklahoma-city/food-delivery/fazolis-13600-n-pennsylvania-ave/86AcEXuXQSu6Y5R2M605gQ,edmond-oklahoma
https://www.ubereats.com/oklahoma-city/food-delivery/papa-johns-109-e-second/XG2U2NO_QJyeA9aZTh51nQ,edmond-oklahoma
https://www.ubereats.com/oklahoma-city/food-delivery/casa-perico-mexican-grille-pennsylvania/UUpjY6wpRpqAcKgB_CpLZA,edmond-oklahoma
https://www.ubereats.com/oklahoma-city/food-delivery/schlotzskys-19417-n-portland/vTsWbDQbSi2eAMQwdbCAtw,edmond-oklahoma
https://www.ubereats.com/oklahoma-city/food-delivery/carls-jr-3264-s-broadway/77L3-j7nTlG5o2tIejUzMQ,edmond-oklahoma
https://www.ubereats.com/oklahoma-city/food-delivery/teriyaki-madness-15124-lleytons-court/YcNX6QMkSx2BEBtOlS77ng,edmond-oklahoma
https://www.ubereats.com/oklahoma-city/food-delivery/neighborhood-jam-lleytons-ct/gDEdK1vHRDedcH5eYxfPVg,edmond-oklahoma
https://www.ubereats.com/oklahoma-city/food-delivery/mahogany-prime-steakhouse-w-memorial/xZRjBIBeQquvifYxttP_Ow,edmond-oklahoma
https://www.ubereats.com/oklahoma-city/food-delivery/sonic-805-w-edmond-road/73zF8FrxTEyFeZ9QuFYY-w,edmond-oklahoma
https://www.ubereats.com/oklahoma-city/food-delivery/jack-in-the-box-2108-w-danforth-rd-coe/iGs85qYZRkem_IPH9WfYWg,edmond-oklahoma
https://www.ubereats.com/oklahoma-city/food-delivery/taco-bell-1049-west-i-35-frontage-rd/tMWND1iVS_qecSe96fopEQ,edmond-oklahoma
https://www.ubereats.com/oklahoma-city/food-delivery/bethlehem-mediterranean-grill/tCycA5cJQmWFZD_JDZFmUw,edmond-oklahoma
https://www.ubereats.com/oklahoma-city/food-delivery/nhinja-sushi-%26-wok-broadway/W7ZYlEFLQnSk-1Gz1YCx8Q,edmond-oklahoma
https://www.ubereats.com/oklahoma-city/food-delivery/razzoos-cajun-cafe-oklahoma-city/drQPNmFZQQ6IF09ldtsTlg,edmond-oklahoma
https://www.ubereats.com/oklahoma-city/food-delivery/firehouse-subs-s-broadway/z6DrqDGySJSiNCx72i3nVQ,edmond-oklahoma
https://www.ubereats.com/oklahoma-city/food-delivery/cicis-1708-e-2nd-st/6KhTCiheST2842Fv6XLywg,edmond-oklahoma
https://www.ubereats.com/oklahoma-city/food-delivery/teds-cafe-escondido-150th-north-and-penn/0LtTeyQDTmKzhbg4Af96Wg,edmond-oklahoma
https://www.ubereats.com/oklahoma-city/food-delivery/the-garage-britton/-KqvKLfZQ8GZyBzAVK4eeg,edmond-oklahoma
https://www.ubereats.com/oklahoma-city/food-delivery/core-fresh/n3kDuT6VRq-z2OP-pAKPww,edmond-oklahoma
https://www.ubereats.com/oklahoma-city/food-delivery/jamba-juice-8-east-33rd-street-%23a/tWc_PTLwSQahQWnsCD6aTA,edmond-oklahoma
https://www.ubereats.com/oklahoma-city/food-delivery/the-garage-edmond/LhrUNwAXTtScPkYcaM9dGw,edmond-oklahoma
https://www.ubereats.com/oklahoma-city/food-delivery/carls-jr-917-w-danforth-rd/rwIos20ZRVmLwp5tgA0EXw,edmond-oklahoma
https://www.ubereats.com/oklahoma-city/food-delivery/kyoto-sushi-bar-%26-asian-bistro/LX8bvwEuT6uPSRqUsfExow,edmond-oklahoma
https://www.ubereats.com/oklahoma-city/food-delivery/the-garage-covell-smittys/ODq77fA7TO6tazu-n3M2yQ,edmond-oklahoma
https://www.ubereats.com/oklahoma-city/food-delivery/phillyhoma/nCprX0O-TN2F3wFLre8T8Q,edmond-oklahoma
https://www.ubereats.com/oklahoma-city/food-delivery/starbucks-i-35-%26-covell/cf5t6Ar7RvqPsTNNznhGcQ,edmond-oklahoma
https://www.ubereats.com/oklahoma-city/food-delivery/panera-1472-south-bryant-avenue/Vi-6X5VGRMqdXnKNjBmbTw,edmond-oklahoma
https://www.ubereats.com/oklahoma-city/food-delivery/zoes-kitchen-1700-e-second/JSIBDSXBQmaFPHn_FGPCYA,edmond-oklahoma
https://www.ubereats.com/oklahoma-city/food-delivery/mcdonalds-10809-n-may/88qClKiNRVyBldCobDuwqA,edmond-oklahoma
https://www.ubereats.com/oklahoma-city/food-delivery/mcdonalds-20-se-33rd-st/8TiRZuBfQCCqIa5LWy332A,edmond-oklahoma
https://www.ubereats.com/oklahoma-city/food-delivery/schlotzskys-3314-s-broadway-ave/ZWJr613uTt2kWMrutV36og,edmond-oklahoma
https://www.ubereats.com/oklahoma-city/food-delivery/jersey-mikes-subs-1724-s-broadway/rmDfzBq-S8OceME6yyb0Ig,edmond-oklahoma
https://www.ubereats.com/oklahoma-city/food-delivery/downtown-nutrition-%26-energy/mXjFZHWuSmKwToLtELQXpw,edmond-oklahoma
https://www.ubereats.com/oklahoma-city/food-delivery/dairy-queen-grill-%26-chill-14430-n-pennsylvania/3TqUVoIESIiNz4HSknKSMg,edmond-oklahoma
https://www.ubereats.com/oklahoma-city/food-delivery/subway-1525-e-2nd-st/4q9OOMjGThykyzOtc9RqDQ,edmond-oklahoma
https://www.ubereats.com/oklahoma-city/food-delivery/subway-1320-n-kelly/EEuOCKKzRHOXd1Oe_GQP0Q,edmond-oklahoma
https://www.ubereats.com/oklahoma-city/food-delivery/tikka-craze-edmond/8QS97XtrS-Opv05N2lwS9A,edmond-oklahoma
https://www.ubereats.com/oklahoma-city/food-delivery/upper-crust-wood-fired-pizza-nw-178th-st/0FPLUMTaSUWYvQERPYyGSQ,edmond-oklahoma
https://www.ubereats.com/oklahoma-city/food-delivery/starbucks-memorial-%26-bryant/VQsR3sKzROClm-W-spJW9w,edmond-oklahoma
https://www.ubereats.com/oklahoma-city/food-delivery/qdoba-1300-w-covell-rd/xLKRQdWjQx6HPuI8udFoEQ,edmond-oklahoma
https://www.ubereats.com/oklahoma-city/food-delivery/kfc-2107-w-danforth-rd/bxLjNjRaSsyqd_S8MqBb5w,edmond-oklahoma
https://www.ubereats.com/oklahoma-city/food-delivery/black-bear-diner-3015-w-memorial-road/PRJ5BoVpRrm4n9TyflXmkA,edmond-oklahoma
https://www.ubereats.com/oklahoma-city/food-delivery/mcdonalds-1235-n-kelly/Btfh_pJ5S5WYHLxIX4urbA,edmond-oklahoma
https://www.ubereats.com/oklahoma-city/food-delivery/papa-murphys-2000-west-danforth-road/Ji91xy22T1uU0eNWmUPhHQ,edmond-oklahoma
https://www.ubereats.com/oklahoma-city/food-delivery/metro-diner-oklahoma-city/f29G0VFYT0q1X2lNl9B8cw,edmond-oklahoma
https://www.ubereats.com/oklahoma-city/food-delivery/arbys-799/m0N2wmiSTf6-D4SU5cRypA,edmond-oklahoma
https://www.ubereats.com/oklahoma-city/food-delivery/chipotle-mexican-grill-14221-n-pennsylvania-ave-ste-a/WEPxO00aRLOiLwifrQlg7w,edmond-oklahoma
https://www.ubereats.com/oklahoma-city/food-delivery/hooties-burger-bar-13320-n-pennsylvania-ave/Sci2ZLBnRRuPu_ArFWTWTA,edmond-oklahoma
https://www.ubereats.com/oklahoma-city/food-delivery/qdoba-301-s-bryant-st/yz3cuf9MQz-OGg1IqOYWGw,edmond-oklahoma
https://www.ubereats.com/oklahoma-city/food-delivery/taco-bell-1709-e-2nd-st/oaKDWsf0Qt2Aw4wSmNSYnQ,edmond-oklahoma
https://www.ubereats.com/oklahoma-city/food-delivery/del-taco-1000-e-2nd-street/wEmDHOOPStyWoneWRLZ4Lg,edmond-oklahoma
https://www.ubereats.com/oklahoma-city/food-delivery/taco-bell-2200-west-edmond-road/U1PfJqo8SfiFWntyoFQbKQ,edmond-oklahoma
https://www.ubereats.com/oklahoma-city/food-delivery/texas-de-brazil-oklahoma-city/DzTfm2T2SdOloARRAsIr9Q,edmond-oklahoma
https://www.ubereats.com/oklahoma-city/food-delivery/johnnies-charcoal-broiler-express-n-may-ave/y4P6Q1_6Sxud0b_v1ME8jg,edmond-oklahoma
https://www.ubereats.com/oklahoma-city/food-delivery/red-lobster-2625-w-memorial-rd/0e_fKKhAQfKrHB9sGnlOMQ,edmond-oklahoma
https://www.ubereats.com/oklahoma-city/food-delivery/sonic-13200-n-may-avenue/O3kZJ8YHQxWCvGm_s4Zn8Q,edmond-oklahoma
https://www.ubereats.com/oklahoma-city/food-delivery/cracker-barrel-old-country-store-4901-ne-122nd-street/YNruds4RT6uwsAmx6kEYag,edmond-oklahoma
https://www.ubereats.com/oklahoma-city/food-delivery/ganache-patisserie/4TOn_SC7Qry88CbsIReOuw,edmond-oklahoma
https://www.ubereats.com/oklahoma-city/food-delivery/cupcakes-to-go-go-edmond/H4_QQnJ7SRGckiXCAxB-JA,edmond-oklahoma
https://www.ubereats.com/oklahoma-city/food-delivery/lakesideseafood/7au0c5-HSK2yZ_Xnb9obqA,edmond-oklahoma
https://www.ubereats.com/oklahoma-city/food-delivery/pf-changs-13700-n-pennsylvania-ave/pnPX-kLLSI6rFoKFTNMuAQ,edmond-oklahoma
https://www.ubereats.com/oklahoma-city/food-delivery/popeyes-louisiana-kitchen-2330-s-broadway/sAuVpxsJSF29gJFMicdKuw,edmond-oklahoma
https://www.ubereats.com/oklahoma-city/food-delivery/arbys-8441/IiaZzbzaQMa2AFW80rjfOg,edmond-oklahoma
https://www.ubereats.com/oklahoma-city/food-delivery/sonic-2109-nw-122nd-street/KYcPXfN7SA-4kvvul3XHOQ,edmond-oklahoma
https://www.ubereats.com/oklahoma-city/food-delivery/arbys-1591/vrrQ8kudSuyyvbdWJCo01g,edmond-oklahoma
https://www.ubereats.com/oklahoma-city/food-delivery/taco-bell-2317-n-kelley-ave/QWAlzYjAQui7R7K9q8xtGA,edmond-oklahoma
https://www.ubereats.com/oklahoma-city/food-delivery/johnnies-charcoal-broiler-e-33rd-st/DUbfPMEESlCjZz2l4c5MPw,edmond-oklahoma
https://www.ubereats.com/oklahoma-city/food-delivery/papa-murphys-3248-south-broadway-suite-180/EaiitAgtRz2PhprfuG0RMA,edmond-oklahoma
https://www.ubereats.com/oklahoma-city/food-delivery/teds-cafe-escondido-north-okc/YOj_tOcrR8-b7XPPZmwvTQ,edmond-oklahoma
https://www.ubereats.com/oklahoma-city/food-delivery/the-zu/ryhGS7FpS5-BP6c-PPDwrQ,edmond-oklahoma
https://www.ubereats.com/oklahoma-city/food-delivery/wendys-13606-pennsylvania-ave/-RxFaCqhSfOKXQBzj44EoA,edmond-oklahoma
https://www.ubereats.com/oklahoma-city/food-delivery/chicken-express-1000-w-danforth-rd/c1jXUIkBTqatkbPKeHO_AQ,edmond-oklahoma
https://www.ubereats.com/oklahoma-city/food-delivery/saltgrass-2747-west-memorial-dr/KqLJsYS0SrKpZ153wi4sVA,edmond-oklahoma
https://www.ubereats.com/oklahoma-city/food-delivery/dunkin-3201-s-broadway/hMzNWoFfRc6t1xRRReN3vQ,edmond-oklahoma
https://www.ubereats.com/oklahoma-city/food-delivery/main-event-oklahoma-city/J3tPvOlXQyC2so6Ejf5Ixg,edmond-oklahoma
https://www.ubereats.com/oklahoma-city/food-delivery/kfc-1609-e-2nd-street/XbipsnymT1-0_Yxp8Afx1w,edmond-oklahoma
https://www.ubereats.com/oklahoma-city/food-delivery/great-wall/rwexoDxKQyWFdwr4Rt-N4w,edmond-oklahoma
https://www.ubereats.com/oklahoma-city/food-delivery/grilled-cheese-society/pAO4yGQnQ7imT0B801_PgA,edmond-oklahoma
https://www.ubereats.com/oklahoma-city/food-delivery/burger-king-1600-e-2nd-street/0ElRe7gQQwmXAYJ0soocAg,edmond-oklahoma
https://www.ubereats.com/oklahoma-city/food-delivery/corner-bakery-cafe/bd1u20HsR3OlTC1RyN6BAg,edmond-oklahoma
https://www.ubereats.com/oklahoma-city/food-delivery/nhinja-sushi-%26-wok-may/B-nnP_g8Q8aG8mABzo0uWA,edmond-oklahoma
https://www.ubereats.com/oklahoma-city/food-delivery/freshens-cafe/U5FV3NVRQ-i1KA9wIjEqpA,edmond-oklahoma
https://www.ubereats.com/oklahoma-city/food-delivery/hooters-oklahoma-city-penn-ave/ORea09WYQjOYqObsVVmP7Q,edmond-oklahoma
https://www.ubereats.com/oklahoma-city/food-delivery/mcdonalds-1414-s-santa-fe-ave/wtlSauLCSbyU0jAUBw6o6w,edmond-oklahoma
https://www.ubereats.com/oklahoma-city/food-delivery/gogi-go!/nSsYeABtSxOBm2zOmeh8Gg,edmond-oklahoma
https://www.ubereats.com/oklahoma-city/food-delivery/zoes-kitchen-14110-n-pennsylvania-avenue-4/lUAqYo0iRXeGzFPvBqg6hg,edmond-oklahoma
https://www.ubereats.com/oklahoma-city/food-delivery/starbucks-kelly-and-danforth/R_mjivKqRz-TUy_yF62wFQ,edmond-oklahoma
https://www.ubereats.com/oklahoma-city/food-delivery/red-robin-462-13800-n-pennsylvania-ave/oaPsYcRPTLe3rfmHNOZmgw,edmond-oklahoma
https://www.ubereats.com/oklahoma-city/food-delivery/oak-city-pizza-company/em5W92I9QdCnYGZpfDlD2Q,edmond-oklahoma
https://www.ubereats.com/oklahoma-city/food-delivery/sonic-2820-e-memorial-rd/GGEVJpcLSOqyP_g_81Q-Wg,edmond-oklahoma
https://www.ubereats.com/oklahoma-city/food-delivery/panda-express-309-south-bryant/K6578C-4R5WZChDDadpYNQ,edmond-oklahoma
https://www.ubereats.com/oklahoma-city/food-delivery/arbys-7424/uvBJMiXTSpCJ6eOPdQt_cQ,edmond-oklahoma
https://www.ubereats.com/oklahoma-city/food-delivery/alfredos-mexican-cafe/6L1KlGnPQKKpRa5gEHqcAA,edmond-oklahoma
https://www.ubereats.com/oklahoma-city/food-delivery/nunus-mediterranean-cafe-%26-market/pmF9JdznSGqSbfN6XZlXhg,edmond-oklahoma
https://www.ubereats.com/oklahoma-city/food-delivery/flavor-wings-%26-fries/RVSmhBl6SPO9n1Pb4i91dQ,edmond-oklahoma
https://www.ubereats.com/oklahoma-city/food-delivery/mcdonalds-12216-n-pennsylvania/R024VYmxSSGNnHsFh7SxCA,edmond-oklahoma
https://www.ubereats.com/oklahoma-city/food-delivery/mcalisters-deli-713-edmond-ok-1119/gv81nMQyTNu_V90FCQCerg,edmond-oklahoma
https://www.ubereats.com/oklahoma-city/food-delivery/saki-sushi-bar/KLCS4qmDSo2zwY4K5RYGEA,edmond-oklahoma
https://www.ubereats.com/oklahoma-city/food-delivery/tropical-smoothie-cafe-edmond/zmpxj-V9QUm3lBUh4QohKA,edmond-oklahoma
https://www.ubereats.com/oklahoma-city/food-delivery/cowboy-chicken-pennsylvania-ave/bjGL6pAvRY-OrCWoP52B8g,edmond-oklahoma
https://www.ubereats.com/oklahoma-city/food-delivery/simply-falafel/bPODrDcoRlK74tA0SAZvNA,edmond-oklahoma
https://www.ubereats.com/oklahoma-city/food-delivery/abuelos-oklahoma-city-memorial/S1g3uxydQkeIz3L73KBWYg,edmond-oklahoma
https://www.ubereats.com/oklahoma-city/food-delivery/mother-clucker/0f15b0U5TISS1WnQJevrmw,edmond-oklahoma
https://www.ubereats.com/oklahoma-city/food-delivery/mcdonalds-2933-e-memorial/J3u4vLeeRPeN4AG-Xv_ATA,edmond-oklahoma
https://www.ubereats.com/oklahoma-city/food-delivery/five-guys-ok-1856-1540-east-2nd-street-suite-c2/xcT90lNYRRugQ-GG6j95rA,edmond-oklahoma
https://www.ubereats.com/oklahoma-city/food-delivery/pj-fresh-4801-ne-122nd-st/7S6lkD9iRRu9ye8gz12Vog,edmond-oklahoma
https://www.ubereats.com/oklahoma-city/food-delivery/taco-bell-26-east-33rd-street/gQZiMJGmQ3Sn0SAVeMxevg,edmond-oklahoma
https://www.ubereats.com/oklahoma-city/food-delivery/all-about-cha-edmond-broadway/sEAm1I-3SBaogGcOKo1kgA,edmond-oklahoma
https://www.ubereats.com/oklahoma-city/food-delivery/schlotzskys-628-w-danforth/NjBhiIPcTGitVJzg2lsozw,edmond-oklahoma
https://www.ubereats.com/oklahoma-city/food-delivery/lemonade-house-grille/ZNNgxWH7RgGpzcTkht9__w,edmond-oklahoma
https://www.ubereats.com/oklahoma-city/food-delivery/taco-bueno-3049-edmond-%231/Uvt3pXhoQ4mFk9ilW6hZcQ,edmond-oklahoma
https://www.ubereats.com/oklahoma-city/food-delivery/auntie-annes-2501-w-memorial-rd-ste-5505/2EPVQoVvQPib03aThLR4WA,edmond-oklahoma
https://www.ubereats.com/oklahoma-city/food-delivery/wayback-burger-3217-s-broadway/uCBMzHPtTO-YgLaL9WMPPg,edmond-oklahoma
https://www.ubereats.com/oklahoma-city/food-delivery/huddle-house-4801-northeast-122-st/SbAXuX_QQf2_l6NAzEPtCQ,edmond-oklahoma
https://www.ubereats.com/oklahoma-city/food-delivery/grannys-kitchen-west-memorial/5sqGSPSDTGaOxnNotCTPjQ,edmond-oklahoma
https://www.ubereats.com/oklahoma-city/food-delivery/el-patio-mexican-restaurant/qdZNzTpvQ3a2NaL3ELhfqQ,edmond-oklahoma
https://www.ubereats.com/oklahoma-city/food-delivery/carls-jr-13424-n-mac-arthur-blvd/zqx6f27yTG-7wzItWFBN_Q,edmond-oklahoma
https://www.ubereats.com/oklahoma-city/food-delivery/bluejs-rockin-grill/yC0ZfcTCSk6vtQ3U1Mhs9A,edmond-oklahoma
https://www.ubereats.com/oklahoma-city/food-delivery/fish-city-grill-edmond/97s2vXNATWWxaJqSD5jynQ,edmond-oklahoma
https://www.ubereats.com/oklahoma-city/food-delivery/schlotzskys-deli-w-memorial-rd/-vkscTlUR8u66ZYGDRIQjg,edmond-oklahoma
https://www.ubereats.com/oklahoma-city/food-delivery/sweis-gyros-and-potatoes/z7nwV_V9QNKnk9YHNRSLvA,edmond-oklahoma
https://www.ubereats.com/oklahoma-city/food-delivery/on-the-border-edmond/4XhsAZDnQmGCmkm6wcFMrQ,edmond-oklahoma
https://www.ubereats.com/oklahoma-city/food-delivery/freddys-frozen-custard-1925-e-2nd-st/JgjXvDY0Qk-Et_CuuMDF3g,edmond-oklahoma
https://www.ubereats.com/oklahoma-city/food-delivery/mcalisters-deli-722-okc-memorial-ok-1324/_NJT7GeWTNeVIGBjA-b5mQ,edmond-oklahoma
https://www.ubereats.com/oklahoma-city/food-delivery/charleys-philly-steaks-2501-w-memorial-rd/ea4v590OTdGSMZM9w7ar5Q,edmond-oklahoma
https://www.ubereats.com/oklahoma-city/food-delivery/mcdonalds-1300-e-2nd-st/Y_NEVJPWTnC5JbfgQ1Mf-A,edmond-oklahoma
https://www.ubereats.com/oklahoma-city/food-delivery/larm-thai-fusion/a3t_0n0jRMCG_YDmDlYIGQ,edmond-oklahoma
https://www.ubereats.com/oklahoma-city/food-delivery/firebirds-wood-fired-grill-1320-w-memorial-rd/gGWaHJ32Slq03Qma_iOYPw,edmond-oklahoma
https://www.ubereats.com/oklahoma-city/food-delivery/salata-quail-spring/__nCsTP_RoGaJ3jgimla7w,edmond-oklahoma
https://www.ubereats.com/oklahoma-city/food-delivery/sonic-306-west-covell-road/7z0rCCt3SFqJks2TrlM84g,edmond-oklahoma
https://www.ubereats.com/oklahoma-city/food-delivery/sapporo-sushi-bar/-d9RYwhoSxCW1aKwjn8mFg,edmond-oklahoma
https://www.ubereats.com/oklahoma-city/food-delivery/chipotle-mexican-grill-1569-s-broadway/WNP8-lztQj2sc2jjXgkoRA,edmond-oklahoma
https://www.ubereats.com/oklahoma-city/food-delivery/mcdonalds-16410-n-may/HL3_RqOgTAyoJ9w-nrNuWQ,edmond-oklahoma
https://www.ubereats.com/oklahoma-city/food-delivery/right-a-way-burger-joint/1iI44rIsQEC1mRju7NRPnA,edmond-oklahoma
https://www.ubereats.com/oklahoma-city/food-delivery/the-garage-rockwell/FssscyGoRKCqmpovrAapIA,edmond-oklahoma
https://www.ubereats.com/oklahoma-city/food-delivery/outback-steakhouse-4144-northwest-expressway/O3MrvJotQmKNV2OaOi344g,edmond-oklahoma
https://www.ubereats.com/oklahoma-city/food-delivery/krispy-kreme-13500-n-pennsylvania-ave/UQ7yNOrATeK3dWkIugngMQ,edmond-oklahoma
https://www.ubereats.com/oklahoma-city/food-delivery/famous-cajun-chinese-grill/yddMg0MyQpi8XR0JrbC5rA,edmond-oklahoma
https://www.ubereats.com/oklahoma-city/food-delivery/arbys-6970/KGk_a2mhRjWvRtDF49nwbw,edmond-oklahoma
https://www.ubereats.com/oklahoma-city/food-delivery/buffalo-wild-wings-909-w-1-35-frontage-rd/6b-qutDBRfeVHm5pQRjPxw,edmond-oklahoma
https://www.ubereats.com/oklahoma-city/food-delivery/slim-chickens-5841-nw-expressway/hUPcRoPvQB2jo-aKhjTENw,edmond-oklahoma
https://www.ubereats.com/oklahoma-city/food-delivery/tazikis-mediterranean-cafe-edmond/OeCPq0jvTiOWe8Vy02DdAw,edmond-oklahoma
https://www.ubereats.com/oklahoma-city/food-delivery/klemms-smoke-haus/YD8gtT3fTNKA_vH9nowHNQ,edmond-oklahoma
https://www.ubereats.com/oklahoma-city/food-delivery/sonic-311-east-waterloo-road/rRG7sbjlQ8OMqq_1U5GDNg,edmond-oklahoma
https://www.ubereats.com/oklahoma-city/food-delivery/hummus-mediterranean-cafe/pQmtOao0QnWEM4RqPfPS1A,edmond-oklahoma
https://www.ubereats.com/oklahoma-city/food-delivery/baba-g-grill/lsA9BwRrTuCJoZdl6CMWEQ,edmond-oklahoma
https://www.ubereats.com/oklahoma-city/food-delivery/mcdonalds-130-w-britton-rd/STwuYGRWQ3mc0luXyMdhPA,edmond-oklahoma
https://www.ubereats.com/oklahoma-city/food-delivery/chick-fil-a-52-e-33rd-st/iGQsYfy9RFO9nh8HLE7BYQ,edmond-oklahoma
https://www.ubereats.com/oklahoma-city/food-delivery/qdoba-13720-n-pennsylvania-ave/wPYD54ayTF-Za0-eD1vOoQ,edmond-oklahoma
https://www.ubereats.com/oklahoma-city/food-delivery/rocky-mountain-grill/umhuQNysQYSmsm1CleE4aA,edmond-oklahoma
