url,city
https://www.ubereats.com/baltimore/food-delivery/mod-pizza-columbia-mall/lNPSuFXPSxKEeOE_jUQb3Q,elkridge-maryland
https://www.ubereats.com/baltimore/food-delivery/sorrento-of-arbutus/Zij6VxxtR7O9rTMOGHcwBw,elkridge-maryland
https://www.ubereats.com/baltimore/food-delivery/charter-deli/QbfTur5wQnCw-us2gnIoGA,elkridge-maryland
https://www.ubereats.com/baltimore/food-delivery/dunkin-580-frederick-rd/faKYNtYiQ0yvhG9XqJMGeQ,elkridge-maryland
https://www.ubereats.com/baltimore/food-delivery/jumbo-jumbo-chicken-%26-tea-ellicott-city/An78K4w3S7a1u7MsjXSobg,elkridge-maryland
https://www.ubereats.com/baltimore/food-delivery/starbucks-1700-w-nursery-rd/y0o8Ph-CRMqVEMEqmCSvnQ,elkridge-maryland
https://www.ubereats.com/baltimore/food-delivery/dunkin-5880-robert-oliver-place/R0ADizErQKiec1Nxf1LHSQ,elkridge-maryland
https://www.ubereats.com/baltimore/food-delivery/mcdonalds-westview/9QH5DNTrQJu4C-V-eQ5vRA,elkridge-maryland
https://www.ubereats.com/baltimore/food-delivery/parkview-deli/ddemEWshS1KpLDE-x26_SQ,elkridge-maryland
https://www.ubereats.com/baltimore/food-delivery/sweetfrog-852-n-rolling-rd/lVkSoRFsS1qJWJpiaTF8vA,elkridge-maryland
https://www.ubereats.com/baltimore/food-delivery/ritas-italian-ice-3353-corridor-marketplace-suite-100/c0pibCRYSBaDxsvRuW8Kyg,elkridge-maryland
https://www.ubereats.com/baltimore/food-delivery/8103-bonefish-grill-6711-governor-ritchie-hwy/X2Omip7fSdaSsgq2F4T2dg,elkridge-maryland
https://www.ubereats.com/baltimore/food-delivery/popeyes-2612-annapolis-rd/Xb7FanlFT2e78uvcPibqFw,elkridge-maryland
https://www.ubereats.com/baltimore/food-delivery/red-lobster-7063-arundel-mills-circle/Sl7frQhKS6OLSlFIphoZOQ,elkridge-maryland
https://www.ubereats.com/baltimore/food-delivery/panera-6435-dobbin-road/aVZE3oQLRmqvtWyZM4PCAQ,elkridge-maryland
https://www.ubereats.com/baltimore/food-delivery/dunkin-7106-minstrel-way/qszGCuOfRwqdv6ZoPQvmEg,elkridge-maryland
https://www.ubereats.com/baltimore/food-delivery/romas-pizza-pasta-and-subs/RWwF7KRdS2KM1ocq4YpsyA,elkridge-maryland
https://www.ubereats.com/baltimore/food-delivery/mcdonalds-8305-benson-dr/OIX9PzljSDGB4963nXWumg,elkridge-maryland
https://www.ubereats.com/baltimore/food-delivery/hardees-1699-crain-hwy-s/5VvTsUXgRV6HeZwkHGf08g,elkridge-maryland
https://www.ubereats.com/baltimore/food-delivery/sriracha-teriyaki/qonZjfWbRFSW2xxCwpOMjQ,elkridge-maryland
https://www.ubereats.com/baltimore/food-delivery/double-t-diner-catonsville/yThVwvkxTAqg08sxSycyww,elkridge-maryland
https://www.ubereats.com/baltimore/food-delivery/qdoba-6476-dobbin-center-way/0KBy6w2uTRuTeiTsuDJgrg,elkridge-maryland
https://www.ubereats.com/baltimore/food-delivery/first-watch-glen-burnie/O9PGuvMOSF6xwWpaiTFvTQ,elkridge-maryland
https://www.ubereats.com/baltimore/food-delivery/charleys-philly-steaks-10300-little-patuxent-parkway-space-%231365/GcoVsw4pRDOhmIF5QIgSjw,elkridge-maryland
https://www.ubereats.com/baltimore/food-delivery/yogi-castle/u8AEKOKkSnOtv8iW25etDA,elkridge-maryland
https://www.ubereats.com/baltimore/food-delivery/dunkin-817-maiden-choice-lane/1T2HbCItQo2giYla4fkbuQ,elkridge-maryland
https://www.ubereats.com/baltimore/food-delivery/bertuccis-columbia/wNtsw2UpSBSzRSORf0Kdhg,elkridge-maryland
https://www.ubereats.com/baltimore/food-delivery/wendys-6600-baltimore-natl-pike/0domu4ttT5Sab__X79f55g,elkridge-maryland
https://www.ubereats.com/baltimore/food-delivery/cinco-de-mayo-dos/QEH6mG_KSM6zY5kuxH0n-w,elkridge-maryland
https://www.ubereats.com/baltimore/food-delivery/tcby-9400-snowden-river-pkwy/T6o2ddyxR_C3vL5gmgqvqQ,elkridge-maryland
https://www.ubereats.com/baltimore/food-delivery/panda-express-6620-a-ritchie-hwy/RCvYV4WiSJ-MPtWSnc-tAQ,elkridge-maryland
https://www.ubereats.com/baltimore/food-delivery/panera-7648-arundel-mills-boulevard/O2FB2Et8SsWbKHYsMEYcGA,elkridge-maryland
https://www.ubereats.com/baltimore/food-delivery/five-guys-md-0284-7690-dorchester-blvd/KBv0emokS5KlNgAFDZIMOg,elkridge-maryland
https://www.ubereats.com/baltimore/food-delivery/the-bird-cage/EViwBJ1zQXePVvvn8LpO0A,elkridge-maryland
https://www.ubereats.com/baltimore/food-delivery/auntie-annes-6721-chesapeake-center-dr/j5r1lIu4Sg6JHZJ4acWncQ,elkridge-maryland
https://www.ubereats.com/baltimore/food-delivery/buffalo-wild-wings-70000-arundel-mills-circle-room-r003/dyb2KEiuTnyuTaPIwLxIzA,elkridge-maryland
https://www.ubereats.com/baltimore/food-delivery/la-palapa-grill-%26-cantina-ellicott-city/Ip9WzJq_TiuUVimVKJDVJQ,elkridge-maryland
https://www.ubereats.com/baltimore/food-delivery/chipotle-mexican-grill-6181-old-dobbin-ln-ste-100/5lW4U7okTPGEn68HPIk_fA,elkridge-maryland
https://www.ubereats.com/baltimore/food-delivery/dunkin-1616-w-nursery-rd/UkZhHX-ETyWxGRnsB1PV0g,elkridge-maryland
https://www.ubereats.com/baltimore/food-delivery/uno-pizzeria-%26-grill-4470-long-gate-parkway/7wt2gF7JQCG8ubSrYhNisg,elkridge-maryland
https://www.ubereats.com/baltimore/food-delivery/bjs-restaurant-%26-brewhouse-6181-columbia-crossing-circle/f-AS4IC_SHCE_04NCnm6Qw,elkridge-maryland
https://www.ubereats.com/baltimore/food-delivery/taco-bell-6656-ritchie-hwy/fBrJHpAgTyuOvMgPM4QLww,elkridge-maryland
https://www.ubereats.com/baltimore/food-delivery/china-spring/wqM7AjxRRvyEb0zHvyxwmA,elkridge-maryland
https://www.ubereats.com/baltimore/food-delivery/la-fondita-2-mexican-glen-burnie/306f2MqGQA2l7HG97FzduA,elkridge-maryland
https://www.ubereats.com/baltimore/food-delivery/red-robin-75-8640-snowden-river-pkwy/LGj_yzJOTAWbBwOsJTzhPg,elkridge-maryland
https://www.ubereats.com/baltimore/food-delivery/dunkin-5485-harpers-farm-rd/kdsDzClER5GQ7M26KFnqYA,elkridge-maryland
https://www.ubereats.com/baltimore/food-delivery/five-guys-md-0527-6435-dobbins-center-way/_jjx44cFTb6hrKhydEVYew,elkridge-maryland
https://www.ubereats.com/baltimore/food-delivery/dunkin-835-nursery-rd/O0u5B43jSqGa-YGhAY4sXQ,elkridge-maryland
https://www.ubereats.com/baltimore/food-delivery/east-moon-asian-bistro/CUSVUHcvQxePa0ybQCaucQ,elkridge-maryland
https://www.ubereats.com/baltimore/food-delivery/carrabbas-8030-ritchie-hwy/FFv29LOfSbO_ziA1glcihA,elkridge-maryland
https://www.ubereats.com/baltimore/food-delivery/potbelly-sandwich-shop-columbia-%7C-272/QvrmBdvNRmqZgg3LVC2k-A,elkridge-maryland
https://www.ubereats.com/baltimore/food-delivery/bagels-n-grinds-arundel-mills-blvd/xzxL30YJRkOAzUT0YNWL2w,elkridge-maryland
https://www.ubereats.com/baltimore/food-delivery/zen-garden/vv-saoYUQIONr0-az0lHNA,elkridge-maryland
https://www.ubereats.com/baltimore/food-delivery/subway-6240-washington-blvd/y1jia4F5S6KIJ06vaN9x9w,elkridge-maryland
https://www.ubereats.com/baltimore/food-delivery/bon-fresco-sandwich-bakery/O2ghU_o2SWqURK2uxFQnXg,elkridge-maryland
https://www.ubereats.com/baltimore/food-delivery/the-ice-cream-shop/EUaPixxOS_mBI95_D_0MOw,elkridge-maryland
https://www.ubereats.com/baltimore/food-delivery/r%26r-taqueria-elkridge/67Wynp3URo2OIv67xJqU5w,elkridge-maryland
https://www.ubereats.com/baltimore/food-delivery/boston-market-9380-baltimore-national-pike/Bbk0NmVHSMWrR8EpvA9geg,elkridge-maryland
https://www.ubereats.com/baltimore/food-delivery/lawrentines-creations/saT2qa8iSD2ML38m4RiQwQ,elkridge-maryland
https://www.ubereats.com/baltimore/food-delivery/kokee-tea-arundel-mills-mall/i987tYgPSBCkrQ58xXd9Bg,elkridge-maryland
https://www.ubereats.com/baltimore/food-delivery/facci-ristorante-laurel/vX0AcAjCRlaaKI1Hcu5n-Q,elkridge-maryland
https://www.ubereats.com/baltimore/food-delivery/wendys-9150-rt-108/1dDKj0pYSHqmd_B61-UQSA,elkridge-maryland
https://www.ubereats.com/baltimore/food-delivery/wendys-7311-washington-blvd/AnvwSLchR-CeGkVSInk1fw,elkridge-maryland
https://www.ubereats.com/baltimore/food-delivery/ruby-tuesday-9071-snowden-river-parkway/eMitw7uFTxKrbDCjtdhGBg,elkridge-maryland
https://www.ubereats.com/baltimore/food-delivery/prinos-mediteranean-grill/cxNmGhQmTGy1gp5PWmq7lw,elkridge-maryland
https://www.ubereats.com/baltimore/food-delivery/tgi-fridays-339-hanover-arundel-mills-md/1UtF5uPpRQa4h3XfwSQ4Ig,elkridge-maryland
https://www.ubereats.com/baltimore/food-delivery/dunkin-2733-annapolis-rd/VllV-_ADTNe3Bgikru7e3g,elkridge-maryland
https://www.ubereats.com/baltimore/food-delivery/rise-biscuits-donuts-columbia/ry9HvJxkTmCtKP_riQShhA,elkridge-maryland
https://www.ubereats.com/baltimore/food-delivery/hook-%26-reel-glen-burnie/n0WRvZdxTqGnUlk5k6iYnA,elkridge-maryland
https://www.ubereats.com/baltimore/food-delivery/hunan-family/I4ZCuM0pTAWdxKMmND7wxA,elkridge-maryland
https://www.ubereats.com/baltimore/food-delivery/dunkin-1741-dorsey-rd/dUE7xAy0RZySVO70HJ8DYw,elkridge-maryland
https://www.ubereats.com/baltimore/food-delivery/dunkin-8765-centre-park-dr/_zaP2NCRRvSUx-PfxxkkGg,elkridge-maryland
https://www.ubereats.com/baltimore/food-delivery/carrabbas-4430-long-gate-pkwy/SKLTBbK0QI-M0gXoelMESQ,elkridge-maryland
https://www.ubereats.com/baltimore/food-delivery/red-lobster-9011-snowden-square-drive/SfG_vcY4R5m6qsh3u5BrOQ,elkridge-maryland
https://www.ubereats.com/baltimore/food-delivery/dunkin-8205-snowden-river-pkwy/LhA58Ua8SEWQHz2BUTe8Sg,elkridge-maryland
https://www.ubereats.com/baltimore/food-delivery/sindys-deli-%26-cafe/Tf3Fc1fMRHeAb-hXKAhzWA,elkridge-maryland
https://www.ubereats.com/baltimore/food-delivery/checkers-8538-liberty-road/vnDXNtqQQjqREiUymtAKnA,elkridge-maryland
https://www.ubereats.com/baltimore/food-delivery/romas-pizza-%26-subs/PUkir9NKRnanfIa2lXaB2w,elkridge-maryland
https://www.ubereats.com/baltimore/food-delivery/parkview-deli/LLsFwHmqRqSf4KYN0-XQCw,elkridge-maryland
https://www.ubereats.com/baltimore/food-delivery/arirang-hill-carry-out/1cxUnCirSrqbAl5UzOwRfQ,elkridge-maryland
https://www.ubereats.com/baltimore/food-delivery/the-captains-boil-950-international-drive/B4o_ger4Rs26f6uMg1OjQQ,elkridge-maryland
https://www.ubereats.com/baltimore/food-delivery/dunkin-6400-frederick-rd/IExe0FsLQr-PFCtJFvTMsA,elkridge-maryland
https://www.ubereats.com/baltimore/food-delivery/ichiban-cafe/LMYESCOfQqOQzYE3g3pU7w,elkridge-maryland
https://www.ubereats.com/baltimore/food-delivery/tandoori-kabob/9XQV1oD2QlC5qQaCGgy6xw,elkridge-maryland
https://www.ubereats.com/baltimore/food-delivery/city-view-bar-and-grill/ilKBQFzTQDeTmHmWw-0oBw,elkridge-maryland
https://www.ubereats.com/baltimore/food-delivery/silver-diner-columbia/IWEpTaGYTcCsfQpC50HvAQ,elkridge-maryland
https://www.ubereats.com/baltimore/food-delivery/kfc-1682-annapolis-rd/slW4iPxSTD2H-pVi8JQP-A,elkridge-maryland
https://www.ubereats.com/baltimore/food-delivery/ocean-chinese-carry-out/feypGK9OSS6aEbtvedzu2w,elkridge-maryland
https://www.ubereats.com/baltimore/food-delivery/vivi-bubble-tea/faFf51loQLSTwInirFfDSA,elkridge-maryland
https://www.ubereats.com/baltimore/food-delivery/kabob-connection-columbia/JBvum1LDTEqJ9ox6qmLLfg,elkridge-maryland
https://www.ubereats.com/baltimore/food-delivery/panda-express-3611-washington-blvd-%23-100/iF8b2YXRTRCmlOHD_BnfwA,elkridge-maryland
https://www.ubereats.com/baltimore/food-delivery/urban-bar-b-que-linthicum-heights/k1x4ZaBCQN6ntD2tvYC_CA,elkridge-maryland
https://www.ubereats.com/baltimore/food-delivery/oh-what-a-cake-llc/KxNnXW1nTSm6z8Op2ko0_w,elkridge-maryland
https://www.ubereats.com/baltimore/food-delivery/on-the-border-columbia/hS3PNYfiSoOkW7y9E0za1Q,elkridge-maryland
https://www.ubereats.com/baltimore/food-delivery/viet-pearl/Wj2USveFTuKf7TM73bZDdQ,elkridge-maryland
https://www.ubereats.com/baltimore/food-delivery/kfc-7125-minstrel-way/yztWBD6vRzeRJGNlRewE4w,elkridge-maryland
https://www.ubereats.com/baltimore/food-delivery/paradise-cafe/7Tb9KrttRM2gaU0WZ3DCdg,elkridge-maryland
https://www.ubereats.com/baltimore/food-delivery/dunkin-1614-annapolis-rd/XKRdsR7cSVyXPkHdsemLTw,elkridge-maryland
https://www.ubereats.com/baltimore/food-delivery/happy-times-seafood/12WizA9pT_OsbKs9cF4yYg,elkridge-maryland
https://www.ubereats.com/baltimore/food-delivery/cracker-barrel-old-country-store-1520-wnursery-road/uHXt7Jz0TmSRN_ZfixJS7w,elkridge-maryland
https://www.ubereats.com/baltimore/food-delivery/chick-n-friends/amJC900qRYuhL-rEfQ-deg,elkridge-maryland
https://www.ubereats.com/baltimore/food-delivery/bgr-the-burger-joint-columbia/sZeihf4ET0WzuuUH47G8CA,elkridge-maryland
https://www.ubereats.com/baltimore/food-delivery/the-junction-bakery/RKu0_rTDSueTqeRzA-7SyA,elkridge-maryland
https://www.ubereats.com/baltimore/food-delivery/azan-karahi-%26-kabab/ezV78wVUT0aFQ6dH5vMy6w,elkridge-maryland
https://www.ubereats.com/baltimore/food-delivery/sumthin-kool-snowballs/CdBCSnKLR-OrzacelPZS3A,elkridge-maryland
https://www.ubereats.com/baltimore/food-delivery/plnt-burger-10275-little-patuxent-pkwy/QpZf9Ro5Q6mX2TTSQNhYow,elkridge-maryland
https://www.ubereats.com/baltimore/food-delivery/paradise-india-cuisine/JfYxMoEsR5OAwKyQ-p8NcQ,elkridge-maryland
https://www.ubereats.com/baltimore/food-delivery/moes-southwest-grill-2643/6SxBFHOURCKleUqCwrvECA,elkridge-maryland
https://www.ubereats.com/baltimore/food-delivery/auntie-annes-7000-arundel-mills-rd-space-%23338/VkZ5MbalRw27H-ukou-8VA,elkridge-maryland
https://www.ubereats.com/baltimore/food-delivery/the-ice-cream-shop/QvYo2K2oT2mrNV-JKbgxAw,elkridge-maryland
https://www.ubereats.com/baltimore/food-delivery/east-moon-asian-bistro/Atq6iVp3TNeNVZvgDTBFjw,elkridge-maryland
https://www.ubereats.com/baltimore/food-delivery/breakfast-all-day-everyday-1520-s-caton-ave/v_2cQzbPTd2FnYhtTlQk8A,elkridge-maryland
https://www.ubereats.com/baltimore/food-delivery/starbucks-the-shoppes-at-shipleys-grant/vJo26t63SXW4Xy_IOXGd8g,elkridge-maryland
https://www.ubereats.com/baltimore/food-delivery/homeslyce-pizza-bar/BUTLMWFhSq2byIMiO-PBXg,elkridge-maryland
https://www.ubereats.com/baltimore/food-delivery/corner-bakery-cafe-10000-town-center-ave/EdleIRwLRCqbFzsOqNqjFQ,elkridge-maryland
https://www.ubereats.com/baltimore/food-delivery/new-york-fried-chicken/AsNCeraXSF63-Og2butufA,elkridge-maryland
https://www.ubereats.com/baltimore/food-delivery/hardees-718-nursery-rd/oNcYzuN6T4OESDFa5fsomg,elkridge-maryland
https://www.ubereats.com/baltimore/food-delivery/oca-mocha/ofbm85c-QXCowUUnl6ayQA,elkridge-maryland
https://www.ubereats.com/baltimore/food-delivery/the-treat/yTX_DMlaQZi8DeR9OaChoQ,elkridge-maryland
https://www.ubereats.com/baltimore/food-delivery/taco-bell-6664-security-blvd/NejKYr8fSUyCOMsCB7K7Cg,elkridge-maryland
https://www.ubereats.com/baltimore/food-delivery/jerrys-subs-%26-pizza/FxiMjyw3TSGozff13JrSUA,elkridge-maryland
https://www.ubereats.com/baltimore/food-delivery/tgi-fridays-238-columbia-md/7NHIwgzyQUmSRCR8Tni2og,elkridge-maryland
https://www.ubereats.com/baltimore/food-delivery/outback-steakhouse-4420-long-gate-parkway/xVji3xAfS-yqhSkHJqvj5w,elkridge-maryland
https://www.ubereats.com/baltimore/food-delivery/subway-7106-minstrel-way/o8qtmbibT6m6Mb0TRivV7A,elkridge-maryland
https://www.ubereats.com/baltimore/food-delivery/phillys-best-pizza-%26-sub-elkridge/ER9QDU2GRLu2URYuMg00gA,elkridge-maryland
https://www.ubereats.com/baltimore/food-delivery/chick-fresh-a/Hdo07TNKQriZe6jqVnDqEQ,elkridge-maryland
https://www.ubereats.com/baltimore/food-delivery/ny-halal-food/XMITTVEoQ8C8W1Q2VoNY4Q,elkridge-maryland
https://www.ubereats.com/baltimore/food-delivery/applebees-6505-baltimore-national-pike/CJ_UZwDBQTGbZBtM8DCJdQ,elkridge-maryland
https://www.ubereats.com/baltimore/food-delivery/california-grill-and-pizza/-mdla0gJSnac8Z9VkzojBg,elkridge-maryland
https://www.ubereats.com/baltimore/food-delivery/kfc-708-nursery-rd/C3Rwn1lFTMGymmwVKIun7w,elkridge-maryland
https://www.ubereats.com/baltimore/food-delivery/rustiq-bakery-%26-cafe/byq_KwMyT0iTN-IId_7QWg,elkridge-maryland
https://www.ubereats.com/baltimore/food-delivery/bob-evans-472-6336-baltimore-national-pike/WL-bGPjlTJCUXO1Xv8lsPg,elkridge-maryland
https://www.ubereats.com/baltimore/food-delivery/yama-sushi/PBMsPAIaTXyi2Y077wHFvQ,elkridge-maryland
https://www.ubereats.com/baltimore/food-delivery/burger-king-3840-washington-boulevard/SwufqtM9QPCa6rfoYASN5Q,elkridge-maryland
https://www.ubereats.com/baltimore/food-delivery/kfc-5647-baltimore-national-pike/nnq46-tlQOGZ_AZgKmyx-Q,elkridge-maryland
https://www.ubereats.com/baltimore/food-delivery/tropical-smoothie-cafe-3611-washington-boulevardsuite-%23103/-1vgk0VHQjqYsG2rqKIkVg,elkridge-maryland
https://www.ubereats.com/baltimore/food-delivery/luckys-china-inn/UABbzPWDSLi4BAWQFPkcrQ,elkridge-maryland
https://www.ubereats.com/baltimore/food-delivery/shake-shack-10300-little-patuxent-pkwy/YVLJzb1VT_m_WByq9IhUIA,elkridge-maryland
https://www.ubereats.com/baltimore/food-delivery/noras-kabob/mxsP7zCPSwi9nsy23qhzdQ,elkridge-maryland
https://www.ubereats.com/baltimore/food-delivery/jersey-mikes-subs-7645-arundel-mills-blvd-%2350/eRlmvVcMSmiuDhcvFDh9rA,elkridge-maryland
https://www.ubereats.com/baltimore/food-delivery/toro-bravo-linthicum-heights/EM6WI3TVTAi5tMyrTGuv5g,elkridge-maryland
https://www.ubereats.com/baltimore/food-delivery/fiero-mexican-grill/mlDI5QSNQoqC3-TOC70cdA,elkridge-maryland
https://www.ubereats.com/baltimore/food-delivery/pf-changs-10300-little-patuxent-pkwy-suite-3020/eOuusWFHS969XXQRJERq6A,elkridge-maryland
https://www.ubereats.com/baltimore/food-delivery/double-t-diner-ellicott-city/yR3_vmOVSBCq3JubTjfNoQ,elkridge-maryland
https://www.ubereats.com/baltimore/food-delivery/smashburger-9535-baltimore-national-pike/vLpk1C6XRGaA5EBg1I-bJg,elkridge-maryland
https://www.ubereats.com/baltimore/food-delivery/famous-daves-6201-columbia-crossing/ytqr9oeBTHa6UXg5vN8wxg,elkridge-maryland
https://www.ubereats.com/baltimore/food-delivery/panda-express-5860-baltimore-national-pike/YZb3HGHcR_2O5RsWD4gw2Q,elkridge-maryland
https://www.ubereats.com/baltimore/food-delivery/grace-cafe/FvEfC7mZRFyin-ESQAAkCA,elkridge-maryland
https://www.ubereats.com/baltimore/food-delivery/burger-king-7500-connelly-drive/la_bsDcdSXqxjcocATNLLw,elkridge-maryland
https://www.ubereats.com/baltimore/food-delivery/outback-steakhouse-7744-governor-ritchie-highway/Fb_nGaNuRtmFEQihi1Xbdg,elkridge-maryland
https://www.ubereats.com/baltimore/food-delivery/chevys-fresh-mex/kYSngkZ0RUqtSmuB8Qw-Fw,elkridge-maryland
https://www.ubereats.com/baltimore/food-delivery/pekingchinese-restaurant/t3xO1QXrTGCuJVaC74U8pQ,elkridge-maryland
https://www.ubereats.com/baltimore/food-delivery/huntington-deli-%26-market/hcdhSW5oR46-y628a_DxXA,elkridge-maryland
https://www.ubereats.com/baltimore/food-delivery/taco-bell-8620-washington-blvd/TVya8BpzTU2z6gtSyYKS0A,elkridge-maryland
https://www.ubereats.com/baltimore/food-delivery/the-crepe-escape-and-creamery/aHkoZC8WQXiQlPzFnbD6Ww,elkridge-maryland
https://www.ubereats.com/baltimore/food-delivery/starbucks-wilde-lake-village-center/8FlmsBwUTvSVjI3JyokkAg,elkridge-maryland
https://www.ubereats.com/baltimore/food-delivery/phubs-hanover/ZcwgRjI3R36HUvRiLy6VIQ,elkridge-maryland
https://www.ubereats.com/baltimore/food-delivery/cold-stone-creamery-6711-ritchie-hwy/FKhVDtiRRba0BULWXvv6xQ,elkridge-maryland
https://www.ubereats.com/baltimore/food-delivery/cactus-silvestre/NgyAjIaETqKoq1lcpEd9Dg,elkridge-maryland
https://www.ubereats.com/baltimore/food-delivery/las-lupitas/G6YU7K_4RBCHWEbg4_7ocQ,elkridge-maryland
https://www.ubereats.com/baltimore/food-delivery/suncrust-pizzaria/pL3vE5EdS8uZzCegGM9MGg,elkridge-maryland
https://www.ubereats.com/baltimore/food-delivery/taco-bell-6200-baltimore-national-pike/pCzThtniQ1Sj34YXVWO75A,elkridge-maryland
https://www.ubereats.com/baltimore/food-delivery/asian-palace/SoeLgNS5QvyiBfEwC2Snvg,elkridge-maryland
https://www.ubereats.com/baltimore/food-delivery/bonchon-chicken-3419-plumtree-dr/B8f1ybElRYybGelRHPhNEw,elkridge-maryland
https://www.ubereats.com/baltimore/food-delivery/panda-express-the-mall-of-columbia/X1OapPS0R3mqtSGZncGrsQ,elkridge-maryland
https://www.ubereats.com/baltimore/food-delivery/a-one-pizza/SZfQJ5oASv-kavJiu3Rpcg,elkridge-maryland
https://www.ubereats.com/baltimore/food-delivery/clydes-of-columbia/bH-fhC4uQlSJvl687nqeCA,elkridge-maryland
https://www.ubereats.com/baltimore/food-delivery/hunan-diamond/VcRM5A5PSrWSZC3XmWuZRw,elkridge-maryland
https://www.ubereats.com/baltimore/food-delivery/bamboo-house-%E7%AB%B9%E5%B1%8B/LCJLRMFDRtidgmmssO1Pbg,elkridge-maryland
https://www.ubereats.com/baltimore/food-delivery/pizzaland/oovIFkJ3Ty6XY2m9iy5Wlw,elkridge-maryland
https://www.ubereats.com/baltimore/food-delivery/el-buen-sabor-restaurant-%26-bar/tzekVwNeS0mPfpSBFNKS9A,elkridge-maryland
https://www.ubereats.com/baltimore/food-delivery/chipotle-mexican-grill-11811-w-market-pl-ste-3/gK3zSWZDSK23kg90364V-A,elkridge-maryland
https://www.ubereats.com/baltimore/food-delivery/the-white-oak-tavern/AfiItTEcSZ2PUAssEP041w,elkridge-maryland
https://www.ubereats.com/baltimore/food-delivery/pizza-bolis-5201-east-drive/6ty9svZwSDWsYvEY8R-IPA,elkridge-maryland
https://www.ubereats.com/baltimore/food-delivery/akira-ramen-%26-izakaya/4U6t2DLYS3CYgVZsrII-dA,elkridge-maryland
https://www.ubereats.com/baltimore/food-delivery/apple-spice-boxed-lunch/jMA3d5g0SMSb54VSJyC6iQ,elkridge-maryland
https://www.ubereats.com/baltimore/food-delivery/panda-express-7351-assateague-drive/f9Pa5yPfRVOk8kNOocb7wg,elkridge-maryland
https://www.ubereats.com/baltimore/food-delivery/hip-hop-fish-%26-chicken-liberty-road-randallstown/8MCpS7q7R-2Mk_3Kvxl9kQ,elkridge-maryland
https://www.ubereats.com/baltimore/food-delivery/orient-express/7uSkNZOMRs6bKg0Vy5w-qw,elkridge-maryland
https://www.ubereats.com/baltimore/food-delivery/vocelli-pizza-3355-st-johns-lane/yN5SKHwFTReq96IcOXocGA,elkridge-maryland
https://www.ubereats.com/baltimore/food-delivery/wendys-714-nursery-rd/PmNX3sCbSCinxMFS0BXqnA,elkridge-maryland
https://www.ubereats.com/baltimore/food-delivery/zhengs-china-express/V5MXHokUR_CHQuCDcjXz3g,elkridge-maryland
https://www.ubereats.com/baltimore/food-delivery/cava-6181-old-dobbin-lane/Lb1kQdS7RNCeCt01cFO3yA,elkridge-maryland
https://www.ubereats.com/baltimore/food-delivery/checkers-9447-baltimore-national-pike/6PF8uogmQDG326gkEWsqLg,elkridge-maryland
https://www.ubereats.com/baltimore/food-delivery/subway-1741-dorsey-rd/bXidCWoxRFaGwP8wzoiReg,elkridge-maryland
https://www.ubereats.com/baltimore/food-delivery/popeyes-6241-washington-boulevard/yq5BYOsSR8yUNmX2wzxZ3w,elkridge-maryland
https://www.ubereats.com/baltimore/food-delivery/sonic-2205-west-patapsco-avenue/lptZD0r1S--1AM0V19f0vw,elkridge-maryland
https://www.ubereats.com/baltimore/food-delivery/haagen-dazs-shop-7000-arundel-mills-circle-%23345/8XskENJgTHaCEYeteX2vAQ,elkridge-maryland
https://www.ubereats.com/baltimore/food-delivery/ja-kum-sung/FPctCmesSbqRUKrg9PKirw,elkridge-maryland
https://www.ubereats.com/baltimore/food-delivery/wing-squad-columbia/HLEJfbtHTzGw0N90mPNyHA,elkridge-maryland
https://www.ubereats.com/baltimore/food-delivery/sonomas-bar-%26-grille/1C1r4cDYQ7W_da6p2WwEig,elkridge-maryland
https://www.ubereats.com/baltimore/food-delivery/paletis-kitchen/jQcbv89yRwK8nUQY75cqWw,elkridge-maryland
https://www.ubereats.com/baltimore/food-delivery/new-china-kitchen/2LaMsKicQ8mHE9nRlDEPaw,elkridge-maryland
https://www.ubereats.com/baltimore/food-delivery/qdoba-6653-ritchie-hwy/ANsFCkv6SxGiJF275aftSw,elkridge-maryland
https://www.ubereats.com/baltimore/food-delivery/freakin-sweet-jars/dccKKbqWT4SlxcA-GrwPtw,elkridge-maryland
https://www.ubereats.com/baltimore/food-delivery/bangkok-kitchen-thai-restaurant/oX8ir5T4RRaKY3WUk9OKvA,elkridge-maryland
https://www.ubereats.com/baltimore/food-delivery/americas-best-wings-baltimore-maiden-choice-q3-opp-holdback-convert-8-1/wmJx9dgaTxSp7mJhjkWYQw,elkridge-maryland
https://www.ubereats.com/baltimore/food-delivery/kung-fu-tea-10045-baltimore-national-pike-ste-a6/5DWwgYzHS-iEag0MbTgn9w,elkridge-maryland
https://www.ubereats.com/baltimore/food-delivery/nalley-fresh-columbia/MXcdmaBNSguzwYX6v0r-tg,elkridge-maryland
https://www.ubereats.com/baltimore/food-delivery/depaolas-pub/gxZeyvY1Qxacd7wrcbSB7w,elkridge-maryland
https://www.ubereats.com/baltimore/food-delivery/tandoor-grill/5ZTpAowISn2w1-rS7G28Kw,elkridge-maryland
https://www.ubereats.com/baltimore/food-delivery/hardees-2635-annapolis-rd/MFxywxN7QeqRtvOiqJPbLg,elkridge-maryland
https://www.ubereats.com/baltimore/food-delivery/eggspectation-ellicott-city/gBbNmAfEQQC70i9TyewVsQ,elkridge-maryland
https://www.ubereats.com/baltimore/food-delivery/parkview-beli/hnCk4ScPS2iGcpjt7C825A,elkridge-maryland
https://www.ubereats.com/baltimore/food-delivery/mr-wings-%26-pizza-glen-burnie/oY9PklcjSbWchodA3ZcvcQ,elkridge-maryland
https://www.ubereats.com/baltimore/food-delivery/royal-pizza-subs-%26-wings/rKGY8tC8TUym5VrEiJrTVw,elkridge-maryland
https://www.ubereats.com/baltimore/food-delivery/jerrys-subs-and-pizza/rDXxHfRYSCiPSUanRpvRGQ,elkridge-maryland
https://www.ubereats.com/baltimore/food-delivery/quickway-japanese-hibachi-lin/Kl9x4KrgQjqdCQD2Xf03lA,elkridge-maryland
https://www.ubereats.com/baltimore/food-delivery/flavors-of-india/_1qAAz8dSz-8dn58T4dc1g,elkridge-maryland
https://www.ubereats.com/baltimore/food-delivery/little-caesars-5805-stevens-forest-road/tRtow8S4TFWdSzKkggXLtQ,elkridge-maryland
https://www.ubereats.com/baltimore/food-delivery/super-antojitos/76wln8mGQpSpyj485tfJtA,elkridge-maryland
https://www.ubereats.com/baltimore/food-delivery/sonic-10160-baltimore-national-pike/YegcC0NsSUKJv36Ua-alxQ,elkridge-maryland
https://www.ubereats.com/baltimore/food-delivery/the-ale-house-columbia/1wIWjzLMSWuO9ZjakHxB-Q,elkridge-maryland
https://www.ubereats.com/baltimore/food-delivery/sushi-nari/yTSnpUSIRjODro3yN0yx1w,elkridge-maryland
https://www.ubereats.com/baltimore/food-delivery/rams-head-dockside/qfBN4tVCRjancEmFtyML4Q,elkridge-maryland
https://www.ubereats.com/baltimore/food-delivery/china-house/809bE7RaRa-crb40h3rRmQ,elkridge-maryland
https://www.ubereats.com/baltimore/food-delivery/legends-halal-shack/Q8cYvw_nRpmKmHB9Q4mzXg,elkridge-maryland
https://www.ubereats.com/baltimore/food-delivery/cafe-joe/BlP_R5vgQNSy5uQ_KSpZgw,elkridge-maryland
https://www.ubereats.com/baltimore/food-delivery/mcdonalds-8211-snowden-river-pky/Lg4M2GdORNebIneEB8aDAw,elkridge-maryland
https://www.ubereats.com/baltimore/food-delivery/cake-wala/ksIxYAn3THOvVKkiiWYIuQ,elkridge-maryland
https://www.ubereats.com/baltimore/food-delivery/first-watch-columbia/AtN_nnfQRgCC4CeTeAEfgw,elkridge-maryland
https://www.ubereats.com/baltimore/food-delivery/china-kitchen/8xbGskeLRruhWlPMqdOSTw,elkridge-maryland
https://www.ubereats.com/baltimore/food-delivery/kung-fu-tea-columbia/acVkoznDSSmCeWsBTL7Wkw,elkridge-maryland
https://www.ubereats.com/baltimore/food-delivery/wawa-8504-3716-washington-blvd/lv3243m1T7yZqwyGDcbxPQ,elkridge-maryland
https://www.ubereats.com/baltimore/food-delivery/eattini-thai-kitchen/NwSe9hKZTmqRxfyOlXJR9g,elkridge-maryland
https://www.ubereats.com/baltimore/food-delivery/starbucks-columbia-east/vbgjEihRQTeyc5Et7fS6Aw,elkridge-maryland
https://www.ubereats.com/baltimore/food-delivery/americas-best-wings-cromwell-field-shopping-center/Dn8G5BkLTkiT4DuTqdJrTg,elkridge-maryland
https://www.ubereats.com/baltimore/food-delivery/boardwalk-fresh-burgers-fries/Gq-7Mz9QSQ6E0Zql-aZ-AQ,elkridge-maryland
https://www.ubereats.com/baltimore/food-delivery/atwaters-catonsville/evclwSRNQ-yih2U97_vPuQ,elkridge-maryland
https://www.ubereats.com/baltimore/food-delivery/linsys-hispanic-store/gpNfaeIBTlGwJkGaV3_NQw,elkridge-maryland
https://www.ubereats.com/baltimore/food-delivery/kfc-5734-ritchie-hwy/huTSRVDjQrm0TuKZanLTEA,elkridge-maryland
https://www.ubereats.com/baltimore/food-delivery/fire-n-spice/Tc262UqKSn-dBRgEDdAZdQ,elkridge-maryland
https://www.ubereats.com/baltimore/food-delivery/dennys-6302-ritchie-hwy/pd37JXJ-RXimpMeV1qABGA,elkridge-maryland
https://www.ubereats.com/baltimore/food-delivery/mi-casa-mexican-restaurant/4OaXXdcZQF6aN3fTd8gdUQ,elkridge-maryland
https://www.ubereats.com/baltimore/food-delivery/tropical-smoothie-cafe-5644-baltimore-national-pike/E_Ha37u9QV6_wfIGkTJaKw,elkridge-maryland
https://www.ubereats.com/baltimore/food-delivery/haldi-indian-restaurant/V1WQqIzKTeWaKeCRO9tSUw,elkridge-maryland
https://www.ubereats.com/baltimore/food-delivery/pei-wei-6478-dobbin-center-way-suite-a/-McMVosFTSyBOhBtBI_mgA,elkridge-maryland
https://www.ubereats.com/baltimore/food-delivery/house-of-india/qzS1Ks61QN2W4oL_j7fflg,elkridge-maryland
https://www.ubereats.com/baltimore/food-delivery/syriana-cafe-and-gallery/7ZvKVq9yQS6Bt0tNt1TsnQ,elkridge-maryland
https://www.ubereats.com/baltimore/food-delivery/flemings-prime-steakhouse-%26-wine-bar-baltimore/SoIzd-FmSLe1CNmeEQBbFQ,elkridge-maryland
https://www.ubereats.com/baltimore/food-delivery/ihop-8825-centre-park-dr/EcUGwfYrQqidwK3avKq58w,elkridge-maryland
https://www.ubereats.com/baltimore/food-delivery/bob-evans-274-8325-benson-drive/eFmXsg48Q3Gv4yFcd6xGXA,elkridge-maryland
https://www.ubereats.com/baltimore/food-delivery/auntie-annes-7900-governor-ritchie-hwy-spc-e126/w7H8JpOaRuigplRIyOXeTg,elkridge-maryland
https://www.ubereats.com/baltimore/food-delivery/chopan-kabab-sandwich-%26-grill/5TGge-M1ShW8W8oJXcZ57g,elkridge-maryland
https://www.ubereats.com/baltimore/food-delivery/stanford-grill/lL-rYe-ZS5af-kPvAOf9AA,elkridge-maryland
https://www.ubereats.com/baltimore/food-delivery/the-greene-turtle-columbia/AgU8sKFPSYqGRap-_0aZHg,elkridge-maryland
https://www.ubereats.com/baltimore/food-delivery/roggenart/cL0NBWWDRvqcE3S0ke2lAA,elkridge-maryland
https://www.ubereats.com/baltimore/food-delivery/chipotle-mexican-grill-post-security-ab-concourse-food-court/fxAIjD8UTAeE_hPanGTD4Q,elkridge-maryland
https://www.ubereats.com/baltimore/food-delivery/champions-sports-bar-%26-restaurant/aOXnKeuMS_O2ZWJsJgz2uQ,elkridge-maryland
https://www.ubereats.com/baltimore/food-delivery/casa-della-nonna/cbcmrdqHQUmJ9HMQhjf79A,elkridge-maryland
https://www.ubereats.com/baltimore/food-delivery/charleys-philly-steaks-arundel-mills-mall/mS78aAIDQ8mH3Msp1hTTZg,elkridge-maryland
https://www.ubereats.com/baltimore/food-delivery/potbelly-sandwich-shop-elkridge-landing-%7C-426/X9qsMxf-QliFFI5eaAc-OA,elkridge-maryland
https://www.ubereats.com/baltimore/food-delivery/beef-brothers-deli-ellicott-city/YeSzjpApRGOdNpfEgHubsA,elkridge-maryland
https://www.ubereats.com/baltimore/food-delivery/starbucks-ridgeview-shopping-center/kPpPXAQ8Q0K0Tb2_hRpiDw,elkridge-maryland
https://www.ubereats.com/baltimore/food-delivery/bonchon-chicken-10100-twin-rivers-rd/xBSyv3s5RQCpamu8s73z2g,elkridge-maryland
https://www.ubereats.com/baltimore/food-delivery/johnny-rockets-arundel-mills/Pape5-2ET1GvlJH2pj7K6Q,elkridge-maryland
https://www.ubereats.com/baltimore/food-delivery/boston-market-7931-governor-ritchie-hwy/RRN4Nf-1TqyloteJ8GQN9A,elkridge-maryland
https://www.ubereats.com/baltimore/food-delivery/kabob-connection-hanover/rE6MODqQSO2kqysYufZSww,elkridge-maryland
https://www.ubereats.com/baltimore/food-delivery/mcdonalds-7878-pocomoke-ave/qxTwBdS8QbGyYGGCCqPrbw,elkridge-maryland
https://www.ubereats.com/baltimore/food-delivery/great-american-cookies-10300-little-patuxent-pkwy-columbia-mall/HIQBXzGtQF2mBXye35_Dbw,elkridge-maryland
https://www.ubereats.com/baltimore/food-delivery/koto-sake/8j_AHuGtTNWHwgc6AKAbrQ,elkridge-maryland
https://www.ubereats.com/baltimore/food-delivery/mayas-restaurant/8Sz0aoQbRkykzxqmKxY6hA,elkridge-maryland
https://www.ubereats.com/baltimore/food-delivery/uncle-julios-columbia/5f_sPySpTlOOdy1b68Aqpg,elkridge-maryland
https://www.ubereats.com/baltimore/food-delivery/taqueria-el-cabrito/WQZulGr3Q8Cvl2Nx4dlqcA,elkridge-maryland
https://www.ubereats.com/baltimore/food-delivery/choong-man-chicken/KKe3tmsnTc6Z6pt-0RxN8w,elkridge-maryland
https://www.ubereats.com/baltimore/food-delivery/ihop-7371-assateague-drive/DlA2TuBZSY2qT10dLM0gvw,elkridge-maryland
https://www.ubereats.com/baltimore/food-delivery/pizza-bolis-1628-annapolis-rd/JD7V7_paQQGrb5-7OEXEHw,elkridge-maryland
https://www.ubereats.com/baltimore/food-delivery/taqueria-chiapaneca/fNiYjxKcR1WpsK2r2sQcmA,elkridge-maryland
https://www.ubereats.com/baltimore/food-delivery/taco-bell-5501-ritchie-hwy/-pPc7EWAS4q9djFcChFKRA,elkridge-maryland
https://www.ubereats.com/baltimore/food-delivery/gateway-pizza-elkridge/5d52bxkAQ4efjjABvi7hcA,elkridge-maryland
https://www.ubereats.com/baltimore/food-delivery/kabob%26curry/uiugU-zTSeWngZ0EaaRXXA,elkridge-maryland
https://www.ubereats.com/baltimore/food-delivery/baja-fresh-mexican-grill-hanover/RljkrMjpRLa2qMmWY2xhsA,elkridge-maryland
https://www.ubereats.com/baltimore/food-delivery/spicencurry/UzqIxvZbS-qMY2CP90KaCg,elkridge-maryland
https://www.ubereats.com/baltimore/food-delivery/subway-4628-wilkens-ave/1nJJljOKRai5bkZhsrP1MQ,elkridge-maryland
https://www.ubereats.com/baltimore/food-delivery/taqueria-la-patrona/4oaK4iODQIuoQcG7-RLkHA,elkridge-maryland
https://www.ubereats.com/baltimore/food-delivery/dunkin-4872-montgomery-rd/iMu9GXefQGaXnVX2Q_xP2A,elkridge-maryland
https://www.ubereats.com/baltimore/food-delivery/honey-bee-diner/9Ubk2jqdRyW4zZlKoyW4-w,elkridge-maryland
https://www.ubereats.com/baltimore/food-delivery/buffalo-wild-wings-6191-columbia-crossing-cir/UNFy0-V3TNyVlZISlJM8JA,elkridge-maryland
https://www.ubereats.com/baltimore/food-delivery/wawa-8525-7710-milestone-pky/cMe-kFUBQAKSCkVQSuCfkw,elkridge-maryland
https://www.ubereats.com/baltimore/food-delivery/pizza-primetime/Hqp30KeyQMeuwipnZd06Hg,elkridge-maryland
https://www.ubereats.com/baltimore/food-delivery/ritas-italian-ice-5485-harpers-farm-rd-ste-c/28U8gRTKSFCvIui8cDjr2A,elkridge-maryland
https://www.ubereats.com/baltimore/food-delivery/chung-wah/wwNQgaZTRcqRVDjeXBLE3Q,elkridge-maryland
https://www.ubereats.com/baltimore/food-delivery/the-hub-asian-food-hall/EGpMgj45TGuLHFUn8kUTBQ,elkridge-maryland
https://www.ubereats.com/baltimore/food-delivery/kabob-%26-curry/FgvnitekT1yj0I04yPYJFQ,elkridge-maryland
https://www.ubereats.com/baltimore/food-delivery/dunkin-6305-washington-blvd/3QUb2powRJKSuCreq_X_Fg,elkridge-maryland
https://www.ubereats.com/baltimore/food-delivery/mcdonalds-4396-montgomery-rd/B_wC1Cc0QNa7MzK4k_2_vQ,elkridge-maryland
https://www.ubereats.com/baltimore/food-delivery/noodles-%26-company-6191-old-dobbin-ln-ste-930/R6_c7ZfFRy6yY7Fsk5jrNA,elkridge-maryland
https://www.ubereats.com/baltimore/food-delivery/arundel-pizza/lj4tcqO4TSqnFZWI1IuSYg,elkridge-maryland
https://www.ubereats.com/baltimore/food-delivery/arbys-7410-assateague-dr/z-Ecx6JFSMGVn4xUD0WfxQ,elkridge-maryland
https://www.ubereats.com/baltimore/food-delivery/lucky-house-chinese-carry-out-glen-burnie/tfCPizK9RAiyRc5BesdaCg,elkridge-maryland
https://www.ubereats.com/baltimore/food-delivery/dunkin-458-n-camp-meade-rd/P8-EaCTrTy2aBPgd6PNRDg,elkridge-maryland
https://www.ubereats.com/baltimore/food-delivery/starbucks-snowden-river/v6NwwCnvT92os4Fy_WAq2Q,elkridge-maryland
https://www.ubereats.com/baltimore/food-delivery/tropical-smoothie-cafe-6710-governor-ritchie-highway/kA45AIsITZKoNbypCaraWw,elkridge-maryland
https://www.ubereats.com/baltimore/food-delivery/kfc-taco-bell-6281-washington-blvd/iPbGxsJqSVGOvSpo6-uxgw,elkridge-maryland
https://www.ubereats.com/baltimore/food-delivery/waterloo-pizza-and-subs/tBURFH26SYOzNlZSVPIXQw,elkridge-maryland
https://www.ubereats.com/baltimore/food-delivery/fish-head-cantina/BAhykRDdRW-t0BJxRH7fAA,elkridge-maryland
https://www.ubereats.com/baltimore/food-delivery/gateway-pizza/G3MxfHgIT_uINiNKspIYZw,elkridge-maryland
https://www.ubereats.com/baltimore/food-delivery/gunpowder-cafe/xFRPr-JdTJ6XHsVrnt1X5w,elkridge-maryland
https://www.ubereats.com/baltimore/food-delivery/the-crepe-escape-multi-location/eMbAjd0RT3eyJtFyfw9w_Q,elkridge-maryland
https://www.ubereats.com/baltimore/food-delivery/chipotle-mexican-grill-9120-baltimore-national-pike-lot-a-1/lyM-XvfRQ6uJxIRBtfsymw,elkridge-maryland
https://www.ubereats.com/baltimore/food-delivery/indian-delight/QdC32pcqQh21OG6e-D6Nbw,elkridge-maryland
https://www.ubereats.com/baltimore/food-delivery/the-village-junction-bakery-cafe/ruqwz6vwQNiIGRgfnAwlzw,elkridge-maryland
https://www.ubereats.com/baltimore/food-delivery/dunkin-7061-baltimore-annapolis-blvd/W8-ylvqwQU-bL2Tv64LQQA,elkridge-maryland
https://www.ubereats.com/baltimore/food-delivery/papa-johns-814-crain-hwy-s/GWWq8mtQRMyIwCSr4nD1NA,elkridge-maryland
https://www.ubereats.com/baltimore/food-delivery/the-greene-turtle-hanover/KADjq2KNRJOvZ1sRl76Xkw,elkridge-maryland
https://www.ubereats.com/baltimore/food-delivery/mod-pizza-glen-burnie/K8_MGttHTX28ZPqyzh-P-g,elkridge-maryland
https://www.ubereats.com/baltimore/food-delivery/coal-fire-ellicott-city/j8Tp368lSeWVFeReqX_DbQ,elkridge-maryland
https://www.ubereats.com/baltimore/food-delivery/paradise-biryani-pointe/zpEjdI4DQOmdR6XTV-Eg1A,elkridge-maryland
https://www.ubereats.com/baltimore/food-delivery/bon-fresco-annapolis-junction/eFPlkLHSSkGhLJfQgtD4fw,elkridge-maryland
https://www.ubereats.com/baltimore/food-delivery/tropical-smoothie-cafe-6455-dobbin-road-suite-35/BFYHMWNuRUubqPOzhbLIew,elkridge-maryland
https://www.ubereats.com/baltimore/food-delivery/taco-bell-8081-veterans-highway/XlybAaniSsOb4Tzmi4z4Mg,elkridge-maryland
https://www.ubereats.com/baltimore/food-delivery/mayflower-vi/D4uRt-w2Tj2JawzPocqIRA,elkridge-maryland
https://www.ubereats.com/baltimore/food-delivery/pasta-blitz-italian-pizza-kitchen/Jv9rcJg7SDmwOtADoO-ieA,elkridge-maryland
https://www.ubereats.com/baltimore/food-delivery/new-york-j%26p-pizza/E6W3rzV9QJGksXf9GygXyg,elkridge-maryland
https://www.ubereats.com/baltimore/food-delivery/bella-mia-pizza/7HkbRo1FRVCF_i4pFgE29w,elkridge-maryland
https://www.ubereats.com/baltimore/food-delivery/the-olive-tree/mMYYkYi0Swqq-8O11QYxdw,elkridge-maryland
https://www.ubereats.com/baltimore/food-delivery/wings-things-n-more/AgAVkbB5SI6QqeZZQ94kjQ,elkridge-maryland
https://www.ubereats.com/baltimore/food-delivery/touche-touchet-bakery-%26-cafe/VOV7yvDNTjyC1B8F91VKLw,elkridge-maryland
https://www.ubereats.com/baltimore/food-delivery/chipotle-mexican-grill-7049-arundel-mills-cir-ste-c/tVp3uePkRS-OA4JUtPm-BA,elkridge-maryland
https://www.ubereats.com/baltimore/food-delivery/ihop-cantonsville/-W_ls7AiTqePThxXqKGV5w,elkridge-maryland
https://www.ubereats.com/baltimore/food-delivery/kfc-8634-liberty-rd/OvLPmdsXS4ydR6jshuRX-w,elkridge-maryland
https://www.ubereats.com/baltimore/food-delivery/steak-n-shake-8100-veterans-highway/ViwAmDDwQz2LEPoJXdZvVQ,elkridge-maryland
https://www.ubereats.com/baltimore/food-delivery/island-quizine-gwynn-oak/e3fFN_erRnyBc9Fk6Sv_jg,elkridge-maryland
https://www.ubereats.com/baltimore/food-delivery/noodles-%26-company-6710-governer-ritchie-hwy/UBppHe_ER9yH_ZPOfXPLjA,elkridge-maryland
https://www.ubereats.com/baltimore/food-delivery/cold-stone-creamery-7645-arundel-mills-blvd/pxpgOu1tR2q56G31waHyyg,elkridge-maryland
https://www.ubereats.com/baltimore/food-delivery/cazabe-restaurante/7PJQ8lF2QEKIyNHs2qn6WA,elkridge-maryland
https://www.ubereats.com/baltimore/food-delivery/sidelines-sports-bar-%26-grill/DIWwoEs5Q6OFO550ZhXt_w,elkridge-maryland
https://www.ubereats.com/baltimore/food-delivery/taco-bell-2639-annapolis-rd/vFqCBuRSQeO8mfs0tu2kOw,elkridge-maryland
https://www.ubereats.com/baltimore/food-delivery/royal-spice-indian-restaurant/oL6JF9KkTfKz6FTv09YxUA,elkridge-maryland
https://www.ubereats.com/baltimore/food-delivery/beefalo-bobs-carryout/LOR7Cb9mS92xTahstfhAfA,elkridge-maryland
https://www.ubereats.com/baltimore/food-delivery/subway-6790-business-pkwy/gv3FKxNsQAK99HK8wNAlZA,elkridge-maryland
https://www.ubereats.com/baltimore/food-delivery/dunkin-7185-columbia-gateway-dr/J-pUGXguTseqcv4JVM-5FA,elkridge-maryland
https://www.ubereats.com/baltimore/food-delivery/americas-best-wings-lansdowne-station/yss3zi-NTkWznFOTYJMdTQ,elkridge-maryland
https://www.ubereats.com/baltimore/food-delivery/chipotle-mexican-grill-10300-little-patuxent-pkwy-ste-1420/034qXjV1SU-v1u-eHb0T4g,elkridge-maryland
https://www.ubereats.com/baltimore/food-delivery/aida-bistro-%26-wine-bar/gj6f3E4TTwKzk4U0KEnY7A,elkridge-maryland
https://www.ubereats.com/baltimore/food-delivery/troys-caribbean-and-soul/uCiDRlX6TgiEhW5uVKuZqQ,elkridge-maryland
https://www.ubereats.com/baltimore/food-delivery/houlihans-8240-gateway-over/VRcKsLaaRSmg6U5TXyhGFA,elkridge-maryland
https://www.ubereats.com/baltimore/food-delivery/cerritos-restaurant/LdY95af2Trm0R46qtxF6qA,elkridge-maryland
https://www.ubereats.com/baltimore/food-delivery/dunkin-7984-crain-hwy-s/RECFVEEWSv6RpvPK230WUw,elkridge-maryland
https://www.ubereats.com/baltimore/food-delivery/manvspho/d0IvopSrSCa-VWpjpzMx2w,elkridge-maryland
https://www.ubereats.com/baltimore/food-delivery/shaheen-restaurant-indian-pakistani-food/gYACF-DOTgWb6coIBHOHqw,elkridge-maryland
https://www.ubereats.com/baltimore/food-delivery/pazani/7U2nFp6GTFadLiTjlvWaaQ,elkridge-maryland
https://www.ubereats.com/baltimore/food-delivery/xenia-greek-kouzina/N6Tfd2-PRL6ObGSwNX8oAQ,elkridge-maryland
https://www.ubereats.com/baltimore/food-delivery/dennys-1365-mellon-rd/wxuQua42RE2cfCjsPvkejg,elkridge-maryland
https://www.ubereats.com/baltimore/food-delivery/china-haste/PfDQarivQja_cxtq2D1GSQ,elkridge-maryland
https://www.ubereats.com/baltimore/food-delivery/foobao/RekU-xeWTnytUmjgCSiolg,elkridge-maryland
https://www.ubereats.com/baltimore/food-delivery/sonic-8212-liberty-road/si02eavaRaun9K3CuNx7Rw,elkridge-maryland
https://www.ubereats.com/baltimore/food-delivery/taco-bell-5184-raynor-ave/mRtBHA0yTi6-f5xZLFidHA,elkridge-maryland
https://www.ubereats.com/baltimore/food-delivery/mali-thai-restaurant/_cm3a0lTTCuQufwimic82A,elkridge-maryland
https://www.ubereats.com/baltimore/food-delivery/wendys-1589-west-nursery-rd/Or77rIHNRfSQGmkPobz1-w,elkridge-maryland
https://www.ubereats.com/baltimore/food-delivery/pho-one-o-restaurant-%26-lounge/7Nfgn3TaRvq7yRLwM85e8w,elkridge-maryland
https://www.ubereats.com/baltimore/food-delivery/gong-cha/fIq6FL5TQNmKNcBjGkX_fQ,elkridge-maryland
https://www.ubereats.com/baltimore/food-delivery/cold-stone-creamery-rocky-mountain-chocolate-factory-10101-twin-rivers-rd/oUzaxhK4SPi-5N5t0mi8YQ,elkridge-maryland
https://www.ubereats.com/baltimore/food-delivery/dunkin-6010-meadowridge-center-dr/UFNW2SvVTUavfPXwQDygBg,elkridge-maryland
https://www.ubereats.com/baltimore/food-delivery/potbelly-sandwich-shop-arundel-mills-%7C-101/9PKTU1ocSSWjGSe2HNkEmg,elkridge-maryland
https://www.ubereats.com/baltimore/food-delivery/americas-best-wings-south-gate-shopping-center/B6rFKEqZTM-7AKfog_y3cw,elkridge-maryland
https://www.ubereats.com/baltimore/food-delivery/sweet-home-jamaica/_YiZjb71R5mltK85xxebhg,elkridge-maryland
https://www.ubereats.com/baltimore/food-delivery/mcdonalds-6225-washington-blvd/p84rkX3yQMK8hVLEwjfUwQ,elkridge-maryland
https://www.ubereats.com/baltimore/food-delivery/island-quizine-liberty-road/UeI8HUe7Q_W99QShhaPi3A,elkridge-maryland
https://www.ubereats.com/baltimore/food-delivery/wendys-8850-gorman-road/qs9Xq0qIQTyq_okOAzeEOw,elkridge-maryland
https://www.ubereats.com/baltimore/food-delivery/pachanga-cocina-mexicana/VmLjgXGzR52QKMXXSsBOVA,elkridge-maryland
https://www.ubereats.com/baltimore/food-delivery/taco-bell-7102-minstrel-way/kuLEctvYQzCNe3cIXiDJJQ,elkridge-maryland
https://www.ubereats.com/baltimore/food-delivery/halal-guys-twin-rivers/trN4Iw9bTYCtvlNZZDmrYg,elkridge-maryland
https://www.ubereats.com/baltimore/food-delivery/edmondson-kimmys-restaurant/KPdLwpVYTVmdRCE9f6icBw,elkridge-maryland
https://www.ubereats.com/baltimore/food-delivery/pizza-bolis-7060-oakland-mills-rd/eaiqwr_fRRqTWe67Th8rfQ,elkridge-maryland
https://www.ubereats.com/baltimore/food-delivery/dunkin-8600-washington-blvd/FfTKQcYxTBG4_KPUSmVBrQ,elkridge-maryland
https://www.ubereats.com/baltimore/food-delivery/wendys-6355-dobbin-road/teMgSksIR66EMgguY7Y45w,elkridge-maryland
https://www.ubereats.com/baltimore/food-delivery/urban-bbq/5slqeXAMReizTwNEmHJCKw,elkridge-maryland
https://www.ubereats.com/baltimore/food-delivery/cakes-by-cynthia/gDcmuWosT8KoBwWrSExowA,elkridge-maryland
https://www.ubereats.com/baltimore/food-delivery/jersey-mikes-subs-6630-marie-curie-drive/XdZMBEHxSY6IF5znYod0kw,elkridge-maryland
https://www.ubereats.com/baltimore/food-delivery/america-best-wings-fried-chicken/ldwFWllQQJyp0viDS1zNAQ,elkridge-maryland
https://www.ubereats.com/baltimore/food-delivery/quiznos-elkridge/qivWFADEQ4KMkHg761n_Rg,elkridge-maryland
https://www.ubereats.com/baltimore/food-delivery/chipotle-mexican-grill-3353-corridor-marketplace-ste-200/SQfT-RYYSwSYaKiR4Js8Qg,elkridge-maryland
https://www.ubereats.com/baltimore/food-delivery/qdoba-mexican-grill-9050-baltimore-national-pkwy-suite-101/0s7MJ-SLSkOrpOvOUZaTjw,elkridge-maryland
https://www.ubereats.com/baltimore/food-delivery/mcdonalds-7053-arundel-mills-blvd/iUxsbJB2RVmooQfOoFm8Hg,elkridge-maryland
https://www.ubereats.com/baltimore/food-delivery/wawa-8503-7124-ritchie-highway/_KZ-MpEfQl-E7Yzax4VYBw,elkridge-maryland
https://www.ubereats.com/baltimore/food-delivery/phillys-best-pizza-%26-subs/lr5vZJa7QTWPcCfY_o1dgQ,elkridge-maryland
https://www.ubereats.com/baltimore/food-delivery/bon-heur/hxtDIyT7TTKZjgB5hWg9HQ,elkridge-maryland
https://www.ubereats.com/baltimore/food-delivery/dunkin-1348-ashton-rd/MzseYbbTTwiBbRtrKurX1g,elkridge-maryland
https://www.ubereats.com/baltimore/food-delivery/rangoli-restaurant/XIlXAyQOS0S8SWBfIFYgcw,elkridge-maryland
https://www.ubereats.com/baltimore/food-delivery/jennings-cafe/J-Kgl_NfSaeTeOZtG8JibA,elkridge-maryland
https://www.ubereats.com/baltimore/food-delivery/bonchon-chicken-7049-arundel-mills-blvd-b/8vyVmIfaTKinaourTD8CmQ,elkridge-maryland
https://www.ubereats.com/baltimore/food-delivery/kabab-villa-%26-juice-lounge/XrCLccvJRAmQ6mGs0BSZog,elkridge-maryland
https://www.ubereats.com/baltimore/food-delivery/venice-pizza/cvWln1TaR5uQ1Iwov4HfvQ,elkridge-maryland
https://www.ubereats.com/baltimore/food-delivery/bondoori-wings/7MysWSI1RZ2j68qeNrOTcw,elkridge-maryland
https://www.ubereats.com/baltimore/food-delivery/wendys-7057-arundel-mills-blvd/buCTqjSiS7uuYhkUSisBRw,elkridge-maryland
https://www.ubereats.com/baltimore/food-delivery/mama-mia-pizza-elkridge/fZTQ0AteQreu0VHIAYY5aA,elkridge-maryland
https://www.ubereats.com/baltimore/food-delivery/angelinas-pizza-and-pasta/c4jxKtqSTgSO7ezUdkXW8Q,elkridge-maryland
https://www.ubereats.com/baltimore/food-delivery/starbucks-6365-dobbin-road/2osfhXpqSQ2hrdn3L7lhcA,elkridge-maryland
https://www.ubereats.com/baltimore/food-delivery/main-event-columbia/KAjvQKjDSLyu3Ozv_miVKg,elkridge-maryland
https://www.ubereats.com/baltimore/food-delivery/rudys-mediterranean-grill/jJ57fLevTmyNncHTCIUDzA,elkridge-maryland
https://www.ubereats.com/baltimore/food-delivery/bibibop-columbia-mall/qEBGnLL1S0-g0LAz4ip1WA,elkridge-maryland
https://www.ubereats.com/baltimore/food-delivery/hip-hop-fish-%26-chicken-crain-highway/2R4XtL6uTWyPC5uQ8KE__Q,elkridge-maryland
https://www.ubereats.com/baltimore/food-delivery/sushi-call/hpp42EHjRFi-Z_aRsMTwcQ,elkridge-maryland
https://www.ubereats.com/baltimore/food-delivery/maiwand-kabob-columbia-crossing/I0CJvjjWR8eJ9l4zYZhAUw,elkridge-maryland
https://www.ubereats.com/baltimore/food-delivery/hellas-restaurant-and-lounge-millersville/cnN5c65wQu2kkrtYPu4Ysw,elkridge-maryland
https://www.ubereats.com/baltimore/food-delivery/tropical-smoothie-cafe-9150-baltimore-national-pike/0EYM1z3DQAqgE0VlN5MWSw,elkridge-maryland
https://www.ubereats.com/baltimore/food-delivery/dunkin-7916-dorsey-run-road/NwZ1FliDTBqF59-kqAyT0Q,elkridge-maryland
https://www.ubereats.com/baltimore/food-delivery/maiwand-kabob-hanover/ROI1dMZNS5iRfaSuK-vm4A,elkridge-maryland
https://www.ubereats.com/baltimore/food-delivery/burger-king-7940-washington-boulevard/Vs7rcBouSLOwm1VY79v_yw,elkridge-maryland
https://www.ubereats.com/baltimore/food-delivery/boston-market-9061-snowden-river-pkwy/WnnlVzSJT8WcbESqz_Ksaw,elkridge-maryland
https://www.ubereats.com/baltimore/food-delivery/umami-global-bistro-catonsville/D1oL_AdsSaabczKmMGPxhg,elkridge-maryland
https://www.ubereats.com/baltimore/food-delivery/chipotle-mexican-grill-1622-w-nursery-rd/-WiTeFBVRc-8xqtjY3Uraw,elkridge-maryland
https://www.ubereats.com/baltimore/food-delivery/the-walrus-oyster-%26-ale-house/MGcKHVFCS_SUpaYPgFXHfA,elkridge-maryland
https://www.ubereats.com/baltimore/food-delivery/smoothie-king-8874-mcgaw-road/wZuBtJ7gQbqH-nzs7FItxg,elkridge-maryland
https://www.ubereats.com/baltimore/food-delivery/naru-sushi/5aspNpBUTYWbwaGoPDL-Cw,elkridge-maryland
https://www.ubereats.com/baltimore/food-delivery/burger-king-8775-washington-blvd/pcUorwIiSjC8AXvZiGH8nA,elkridge-maryland
https://www.ubereats.com/baltimore/food-delivery/bob-evans-376-4900-beaver-run-court/k17CmK_4TnCQDFbJGo_Njw,elkridge-maryland
https://www.ubereats.com/baltimore/food-delivery/ruby-tuesday-950-international-drive/lM-3Bi4NSg6TfL41F7Nm5Q,elkridge-maryland
https://www.ubereats.com/baltimore/food-delivery/straight-jamdown-island-cuisine-1-2-20/rLtkj7rgQbuA2Oc11ZgiAA,elkridge-maryland
https://www.ubereats.com/baltimore/food-delivery/mama-rosa-grill-baltimore/7G923xv6SA2JIMf3DBVHgQ,elkridge-maryland
https://www.ubereats.com/baltimore/food-delivery/starbucks-856-rolling-road/s7g3VZh1Qba_7K0Qsy15dQ,elkridge-maryland
https://www.ubereats.com/baltimore/food-delivery/whimsy-cakes/2Q6YSSkkQ9u1V2ln5SEOnQ,elkridge-maryland
https://www.ubereats.com/baltimore/food-delivery/wendys-3620-washington-blvd/z4rh6iuSQ5SASL4YuKlQsA,elkridge-maryland
https://www.ubereats.com/baltimore/food-delivery/new-york-fried-chicken/18tC0a3_RHSgMNo_9uj-wg,elkridge-maryland
https://www.ubereats.com/baltimore/food-delivery/new-york-fried-chicken/3Kwne0SdR1GP6RuzPxoSzA,elkridge-maryland
https://www.ubereats.com/baltimore/food-delivery/cava-7680-arundel-mills-blvd/QsOxFjr7TdKiFRUocxyvIQ,elkridge-maryland
https://www.ubereats.com/baltimore/food-delivery/the-ice-cream-shop/yy-AbAtiTSazNd63_x0UYA,elkridge-maryland
https://www.ubereats.com/baltimore/food-delivery/copper-canyon-grill-arundel-mills/jlYX6MZUREaG03mljChyiA,elkridge-maryland
https://www.ubereats.com/baltimore/food-delivery/nandos-peri-peri-7000-arundel-mills-circle-%23229/lT37hIJBRW63o8ZIcBD7pQ,elkridge-maryland
https://www.ubereats.com/baltimore/food-delivery/cold-stone-creamery-5705-richards-valley-rd/9d-4FQPkSeameyPJBYBAUg,elkridge-maryland
https://www.ubereats.com/baltimore/food-delivery/taqueria-los-primos/7oJFpoNlQb-pR1uiwHKbXg,elkridge-maryland
https://www.ubereats.com/baltimore/food-delivery/dunkin-7657-arundel-mills-blvd/C7b3-GuxRJCzpc-pvPNVag,elkridge-maryland
https://www.ubereats.com/baltimore/food-delivery/ritas-italian-ice-8640-guilford-rd/P5fZ6hZsRTK9GMEsRttTqA,elkridge-maryland
https://www.ubereats.com/baltimore/food-delivery/wendys-7399-b-%2B-a-blvd/CJkzcMejQqymMQbaz-uIhA,elkridge-maryland
https://www.ubereats.com/baltimore/food-delivery/dunkin-5648-southwestern-blvd/bcC_82NCTvejk7tjoO9AVA,elkridge-maryland
https://www.ubereats.com/baltimore/food-delivery/yama-sushi-bar-glen-burnie/vMmf6_KXRUiVvUkphrcuqA,elkridge-maryland
https://www.ubereats.com/baltimore/food-delivery/bp-maple-lawn/hvwkWR8wQ0O_ZB7Fpcvijw,elkridge-maryland
https://www.ubereats.com/baltimore/food-delivery/river-house-pizza/kgLHayf1TG221wIFlvcE_Q,elkridge-maryland
https://www.ubereats.com/baltimore/food-delivery/kfc-4394-montgomery-road/Ua78onr5Q6G5nJGlfaLzZA,elkridge-maryland
https://www.ubereats.com/baltimore/food-delivery/ritas-italian-ice-609-frederick-rd/1cEzTZ8KQDmlaOUfV8X3Cg,elkridge-maryland
