url,city
https://www.ubereats.com/sarasota/food-delivery/flavors-of-india-bradenton/FSdMT13ZSymkDxxU3wr69Q,ellenton-florida
https://www.ubereats.com/sarasota/food-delivery/all-pizza-pasta-and-subs/LBSeiPvrSqqOZJ2qccjbgg,ellenton-florida
https://www.ubereats.com/sarasota/food-delivery/taco-bell-8347-sr-64-east/_PWHy5OxQWuycx31xWzNHA,ellenton-florida
https://www.ubereats.com/sarasota/food-delivery/bandts-cafe/oSCtrCWeTI-AlxqQNY8v8Q,ellenton-florida
https://www.ubereats.com/sarasota/food-delivery/china-king/y9e2B-JqRjqz7s85gwvSBw,ellenton-florida
https://www.ubereats.com/sarasota/food-delivery/pizza-hut-3611-first-street-east-%23210/1mGEUFOkQjqdET-abi9k_A,ellenton-florida
https://www.ubereats.com/sarasota/food-delivery/starbucks-us-41-%26-53rd-ave/ZsG-yaiHSxmHoSAddzcDCw,ellenton-florida
https://www.ubereats.com/sarasota/food-delivery/tropical-smoothie-cafe-8477-cooper-creek-blvd-suite-d/lUAMV8rcRvOUsEmKteeqRQ,ellenton-florida
https://www.ubereats.com/sarasota/food-delivery/r-burger-n-wings/ZiCb8mayTZ-sFxNMFYHgTQ,ellenton-florida
https://www.ubereats.com/sarasota/food-delivery/dunkin-4015-1st-st-e/CQVMyW8vTWyyRVwaq0c1LQ,ellenton-florida
https://www.ubereats.com/sarasota/food-delivery/nick-%26-moes/7yVcwGPST1KX2gHMepE0pg,ellenton-florida
https://www.ubereats.com/sarasota/food-delivery/wendys-606-east-10th-street/WjvRSdZwSRyddxSMXJxauQ,ellenton-florida
https://www.ubereats.com/sarasota/food-delivery/roccos-pizza-pasta-grill/xMNIX3EyQCmVtT_dW7T5uw,ellenton-florida
https://www.ubereats.com/sarasota/food-delivery/zaxbys-bradenton/QcJDQzJfTIuchEtnqDMVZQ,ellenton-florida
https://www.ubereats.com/sarasota/food-delivery/taco-bell-6004-14th-street/MQFRKvTDROm8I8d-G-JFsQ,ellenton-florida
https://www.ubereats.com/sarasota/food-delivery/mcdonalds-699-10th-st-e/dYl6UOQuRtOCNna76GXCbQ,ellenton-florida
https://www.ubereats.com/sarasota/food-delivery/attardis-pizzeria/Epw4y5CcSj2ORON2bXMIGw,ellenton-florida
https://www.ubereats.com/sarasota/food-delivery/the-ice-cream-shop/K-RTPxjqT5OjZ2RoisxOtw,ellenton-florida
https://www.ubereats.com/sarasota/food-delivery/perkins-6023-14th-street-w/ushx1mDHQFiz4acJ47WMwA,ellenton-florida
https://www.ubereats.com/sarasota/food-delivery/epic-eats/zAaY75PeQP6fr4w8XPvjLQ,ellenton-florida
https://www.ubereats.com/sarasota/food-delivery/anna-maria-oyster-bar-ellenton-o-bar/R1UFZZZOQS6ysaMYXfCo8A,ellenton-florida
https://www.ubereats.com/sarasota/food-delivery/kfc-6301-15th-street-e/OqvXnwK9SR2UWs7S6NzSlw,ellenton-florida
https://www.ubereats.com/sarasota/food-delivery/acapulco-tropical-supermarket-14th-st/4i2Bir8uQzKTTYs1tzAkIg,ellenton-florida
https://www.ubereats.com/sarasota/food-delivery/buffalo-wild-wings-5235-university-pkwy/b8v7-ksERfqXwVC_uhrL7w,ellenton-florida
https://www.ubereats.com/sarasota/food-delivery/the-spot-tacos-and-more/djVg174_QdKWy3LqkNnTrw,ellenton-florida
https://www.ubereats.com/sarasota/food-delivery/edible-elegance-by-eli/DYoRTaOCQiSrSQDUVVXugQ,ellenton-florida
https://www.ubereats.com/sarasota/food-delivery/carrabbas-5425-university-pkwy/uQMt9RmQQ0qdBaioYgnXow,ellenton-florida
https://www.ubereats.com/sarasota/food-delivery/dairy-queen-grill-%26-chill-8307-e-state-road-64/kr7X_8R3R8Smk2gm9FjgHg,ellenton-florida
https://www.ubereats.com/sarasota/food-delivery/krispy-krunchy-chicken-5027-15th-st-east/kRCjA9a8QsmKRRmL1HjI5Q,ellenton-florida
https://www.ubereats.com/sarasota/food-delivery/wendys-5420-manatee-avenue/jAUboRqATCGN3DJPpeM0Kg,ellenton-florida
https://www.ubereats.com/sarasota/food-delivery/pier-22/rspncXJsS8iMHFCz6RNJXQ,ellenton-florida
https://www.ubereats.com/sarasota/food-delivery/smoothie-king-3543-53rd-ave-w/bVUg3WchRQS3lx-12AkjOg,ellenton-florida
https://www.ubereats.com/sarasota/food-delivery/poblanos-mexican-grill-%26-bar/ZnxmHv2WSwusRJfuJiJrig,ellenton-florida
https://www.ubereats.com/sarasota/food-delivery/papa-johns-1779-lakewood-ranch-blvd/-D-kN0yRQQeGJzHNjUL_jg,ellenton-florida
https://www.ubereats.com/sarasota/food-delivery/cocojoes-italian-ice/Ydt-LR_pRU-nCl3fgU7gJg,ellenton-florida
https://www.ubereats.com/sarasota/food-delivery/taco-bell-5410-manatee-ave/MQMbTmggS7-BCXF1V81Esg,ellenton-florida
https://www.ubereats.com/sarasota/food-delivery/popeyes-3707-us-301/8KSSXHQxSzeuW91iiTvi7w,ellenton-florida
https://www.ubereats.com/sarasota/food-delivery/wawa-5258-10807-sr-64-e/8kl03p7PQ8CUcg559U8OrQ,ellenton-florida
https://www.ubereats.com/sarasota/food-delivery/joey-ds-945-10th-st/9_tMt5D3Q8KzsrP7XnzGqw,ellenton-florida
https://www.ubereats.com/sarasota/food-delivery/bowled-life-cafe/tBvULZxVTTiLN-yFCnu6_g,ellenton-florida
https://www.ubereats.com/sarasota/food-delivery/baja-fresh-mex/cNY9pF_SQlOhUjphqhyM0w,ellenton-florida
https://www.ubereats.com/sarasota/food-delivery/acapulco-tropical-super-market/iRMjPENwS12pnbLPDQzEOw,ellenton-florida
https://www.ubereats.com/sarasota/food-delivery/hooters-bradenton/XRWDgg92SxKcYeEfVbpA0A,ellenton-florida
https://www.ubereats.com/sarasota/food-delivery/7013-bonefish-grill-7456-cortez-rd-w/3-RZb_5lRfqJ24-VMRoeAg,ellenton-florida
https://www.ubereats.com/sarasota/food-delivery/hungry-howies-pizza/cR3zQa_oSIyve1ZPQe1dVw,ellenton-florida
https://www.ubereats.com/sarasota/food-delivery/outback-steakhouse-4510-state-road-64-east/tiM0TEalQfOU0MtGBVj0aQ,ellenton-florida
https://www.ubereats.com/sarasota/food-delivery/chipotle-mexican-grill-11715-e-state-road-70/FzrT1WMxTBG5d6rxDs75sg,ellenton-florida
https://www.ubereats.com/sarasota/food-delivery/petrosinos-italian-deli-and-market/naRqUrltT2OMpyg10irNBA,ellenton-florida
https://www.ubereats.com/sarasota/food-delivery/ihop-5427-14th-street/BNcGFfSRR7yIW9_mu3EjFw,ellenton-florida
https://www.ubereats.com/sarasota/food-delivery/papa-johns-4224-cortez-rd-w/mQE-Ii8BRfGwpvikUAo01w,ellenton-florida
https://www.ubereats.com/sarasota/food-delivery/checkers-5140-cortez-road-w/xkpoivM2TZeqvokYSjYwcA,ellenton-florida
https://www.ubereats.com/sarasota/food-delivery/kfc-525-first-street-east/K-kOL2dAQdCrK-pHA5m3Vw,ellenton-florida
https://www.ubereats.com/sarasota/food-delivery/bens-soft-pretzels-8320-lockwood-ridge-north/eP-sXKMeTS6bR6s1YWeO2w,ellenton-florida
https://www.ubereats.com/sarasota/food-delivery/hungry-howies-pizza-4211-59th-st-w/MEVQPLQQTmCEFuH7ll0qZA,ellenton-florida
https://www.ubereats.com/sarasota/food-delivery/chipotle-mexican-grill-1608-cortez-rd-w/jt5G7jvxRkyewWx5ZEpOkg,ellenton-florida
https://www.ubereats.com/sarasota/food-delivery/ellas/J4JIQYmkTOKeWuappIl9mQ,ellenton-florida
https://www.ubereats.com/sarasota/food-delivery/starbucks-sr-70-%26-lockwood/nelRJ79iQK-Sr1T133Wgvw,ellenton-florida
https://www.ubereats.com/sarasota/food-delivery/siam-thai-bistro/t2vEsfTJSyutEIF5o6dRgQ,ellenton-florida
https://www.ubereats.com/sarasota/food-delivery/burger-king-5909-manatee-avenue-west/27mEd9DRS_S2Rp0FamHm6g,ellenton-florida
https://www.ubereats.com/sarasota/food-delivery/wawa-5177-5306-14th-st/2duI2QXRQ-SJm5uA23t3-Q,ellenton-florida
https://www.ubereats.com/sarasota/food-delivery/bob-evans-140-4115-14th-street-w/zdzeu-VLQqCJ_-142pO1Kg,ellenton-florida
https://www.ubereats.com/sarasota/food-delivery/five-guys-fl-0400/qsMhrlwwQ9ut8--_Fx77wQ,ellenton-florida
https://www.ubereats.com/sarasota/food-delivery/papa-johns-5838-sr-70/xwFyyeyHTsW0gmqtYgXFkQ,ellenton-florida
https://www.ubereats.com/sarasota/food-delivery/checkers-5220-15th-street-e/X16uWp1aRH6VbbVXSJfHVQ,ellenton-florida
https://www.ubereats.com/sarasota/food-delivery/sonnys-bbq-631-67th-st/Jv_gdhdESPKgEI-tPUrDPA,ellenton-florida
https://www.ubereats.com/sarasota/food-delivery/mellies-new-york-deli/7ar_pALuSXe5RJK67YEWMg,ellenton-florida
https://www.ubereats.com/sarasota/food-delivery/subway-4270-53rd-ave-east/QFhRxhkdS0OvRg4Gb9ijVQ,ellenton-florida
https://www.ubereats.com/sarasota/food-delivery/maharaja-fine-indian-cuisine/bCMMDhADSPyTHjrODTIcEw,ellenton-florida
https://www.ubereats.com/sarasota/food-delivery/sob-burgers/s5YdLoiwRuC6obrFKfHlDQ,ellenton-florida
https://www.ubereats.com/sarasota/food-delivery/haydees-restaurant/i8lNczbXSFS16Uw7V0tQDg,ellenton-florida
https://www.ubereats.com/sarasota/food-delivery/gio-fabulous-pizza-%26-martini-bar/W8N2mn4HTdWuEzmCWbNtqA,ellenton-florida
https://www.ubereats.com/sarasota/food-delivery/clean-juice-5215-university-parkway/kk6_Wd-XT1SYBxqKeLmzrA,ellenton-florida
https://www.ubereats.com/sarasota/food-delivery/snackworks/4EVnrgYoSQCVSHY3n0othg,ellenton-florida
https://www.ubereats.com/sarasota/food-delivery/oscura-cafe-%26-bar/dTGnnP4-QkeHseaEs7Jcpg,ellenton-florida
https://www.ubereats.com/sarasota/food-delivery/tijuana-flats-bradenton/h9N3YOpIQSyS8UKHEvNUxA,ellenton-florida
https://www.ubereats.com/sarasota/food-delivery/alpine-steakhouse/1zB4EVGeQgmMdjO5PJ5n7g,ellenton-florida
https://www.ubereats.com/sarasota/food-delivery/florences-brooklyn-pizzeria/JAHnP9oySF6rbQ5RECtdsw,ellenton-florida
https://www.ubereats.com/sarasota/food-delivery/parrish-cuban-grill/EF2v10b6TX2ih5XAml1xsA,ellenton-florida
https://www.ubereats.com/sarasota/food-delivery/chens-gourmet/4wzJhpdWRNufOkmvP45aOQ,ellenton-florida
https://www.ubereats.com/sarasota/food-delivery/dunkin-5235-14th-st-w/LjCUB-qOTY-ZBaECk7SnYQ,ellenton-florida
https://www.ubereats.com/sarasota/food-delivery/nonnas-pizza/oxCr0cOAR-2RQHk1jF6dDg,ellenton-florida
https://www.ubereats.com/sarasota/food-delivery/tinks-subs-and-sandwiches/R3hedjFjR4yvYtPp_MN2TA,ellenton-florida
https://www.ubereats.com/sarasota/food-delivery/annie-bs-kitchen/b5LYgCS_SESTng3ypIBTlQ,ellenton-florida
https://www.ubereats.com/sarasota/food-delivery/good-liquid-brewing-company/zCAFtxH3RQ6DQ5eEQEB6uQ,ellenton-florida
https://www.ubereats.com/sarasota/food-delivery/taco-bell-640-10th-street-east/zV-cKo0UTfq7_5x8NbTvhA,ellenton-florida
https://www.ubereats.com/sarasota/food-delivery/golden-corral-5525-cortez-drive/E-N2NhVeTsOy-SPpMIx4wA,ellenton-florida
https://www.ubereats.com/sarasota/food-delivery/kites-corner/v8LkxnrpTcWnYegRZ2zhCQ,ellenton-florida
https://www.ubereats.com/sarasota/food-delivery/peachs-2207-60th-ave-e/rR-YyLvFRAyAvi9RSGjlYQ,ellenton-florida
https://www.ubereats.com/sarasota/food-delivery/cracker-barrel-old-country-store-2203-cortez-road-west/2gTpFb2CR8iv1-csGT361w,ellenton-florida
https://www.ubereats.com/sarasota/food-delivery/favs-italian-cucina/tQcT3JsxSGu4cqN7nUzdAw,ellenton-florida
https://www.ubereats.com/sarasota/food-delivery/rj-gators-of-bradenton/1WQfxb5bRlu768hQm0IlRQ,ellenton-florida
https://www.ubereats.com/sarasota/food-delivery/pizza-hut-1190-w-8th-ave/3xWH0u8hRrWUS8RGxu5Avw,ellenton-florida
https://www.ubereats.com/sarasota/food-delivery/sofresh-lakewood-ranch/ZBBLYbaMSMK7BVrYi4VG4Q,ellenton-florida
https://www.ubereats.com/sarasota/food-delivery/basils-flame-broiled-chicken-5917-manatee-ave-w/XvSivclEQZucTHjeeJ6nAg,ellenton-florida
https://www.ubereats.com/sarasota/food-delivery/ds-breakfast-and-burgers/5XOC97klRlOjMw5C52O8aw,ellenton-florida
https://www.ubereats.com/sarasota/food-delivery/villa-italia-cafe/jYxwbCpoR5SyBYw5NZX9Zg,ellenton-florida
https://www.ubereats.com/sarasota/food-delivery/subway-5108-15th-st-e/WrkWjUtKRG2ioTtmwjfujA,ellenton-florida
https://www.ubereats.com/sarasota/food-delivery/south-philly-cheesesteaks-5442-lockwood-ridge-rd/aQGtEPhlQ2qNDCN8O1pyag,ellenton-florida
https://www.ubereats.com/sarasota/food-delivery/rippers-burgers-%26-hotdogs/vgyfdUpyTFW0iuOwcUywvQ,ellenton-florida
https://www.ubereats.com/sarasota/food-delivery/metro-diner-bradenton/9sOauuBuQX6loYQunlMbfQ,ellenton-florida
https://www.ubereats.com/sarasota/food-delivery/pizza-hut-8963-us-highway-301-n/PmYM8gMxT-SZ5PsOi6g0dQ,ellenton-florida
https://www.ubereats.com/sarasota/food-delivery/subway-5016-manatee-ave/wgDQDB9gTiGKQmzBFTDFBw,ellenton-florida
https://www.ubereats.com/sarasota/food-delivery/outback-steakhouse-6390-north-lockwood-ridge-road/F0MkTJugSF6s54sZlve0VA,ellenton-florida
https://www.ubereats.com/sarasota/food-delivery/jersey-mikes-4020-14th-st-west/Ub28YcT9RZ2aeOQHHfAWZw,ellenton-florida
https://www.ubereats.com/sarasota/food-delivery/cracker-barrel-old-country-store-636-67th-street-circle-east/xe4Dvha0SSqVFvblGtVzwg,ellenton-florida
https://www.ubereats.com/sarasota/food-delivery/winghouse-of-bradenton/x4wH59Y8SVWaMjoLdPcEeQ,ellenton-florida
https://www.ubereats.com/sarasota/food-delivery/tommasinos-on-59th/tKkrT7m7STCp9pFCCc8waQ,ellenton-florida
https://www.ubereats.com/sarasota/food-delivery/buffalo-wild-wings-4120-14th-st-w/84uFDz_lS9-OJn8yoBz81Q,ellenton-florida
https://www.ubereats.com/sarasota/food-delivery/applebees-4638-sr-64-east/WjVumXV9SEu2btzbMvF6xg,ellenton-florida
https://www.ubereats.com/sarasota/food-delivery/outback-steakhouse-4402-west-cortez-road/oNxnUJYJR-22-u3NUkxeAw,ellenton-florida
https://www.ubereats.com/sarasota/food-delivery/applebees-5908-18th-street-east/mzCR8u8tTA6o65jXMC0oGw,ellenton-florida
https://www.ubereats.com/sarasota/food-delivery/mattisons-riverwalk-grille/HKbtUE1IQVy9tC_NXVPETg,ellenton-florida
https://www.ubereats.com/sarasota/food-delivery/brooklyn-pizzeria/HOtwuylzSaSMyhea77ok1A,ellenton-florida
https://www.ubereats.com/sarasota/food-delivery/kelseys-on-cortez/qqavRdcdQJ22JEPhHn23QQ,ellenton-florida
https://www.ubereats.com/sarasota/food-delivery/pdq-bradenton/MhVL-O-lQXiZC97nA7koKQ,ellenton-florida
https://www.ubereats.com/sarasota/food-delivery/burger-king-8907-us-highway-301-n/oTspHTRnQWiM5sT29w4eEA,ellenton-florida
https://www.ubereats.com/sarasota/food-delivery/tropicoco/XTMEdOMKSTSRidlrBZB1wQ,ellenton-florida
https://www.ubereats.com/sarasota/food-delivery/acapulco-tropical-y-mas/RzMde833QaeUrWIIlBKpSw,ellenton-florida
https://www.ubereats.com/sarasota/food-delivery/bob-evans-400-7393-state-route-70/Nw_4yx8cQLeD8pJqn_3DWA,ellenton-florida
https://www.ubereats.com/sarasota/food-delivery/the-ice-cream-shop/ZAs6tDKIQ0ianAXDnxhLhA,ellenton-florida
https://www.ubereats.com/sarasota/food-delivery/mitaka-japanese-ramen-house/eGb3l7AoTVa_KZYkkQDKDA,ellenton-florida
https://www.ubereats.com/sarasota/food-delivery/boston-market-5002-cortez-west/BP66H2tuQ3GUsxLZfEfZiQ,ellenton-florida
https://www.ubereats.com/sarasota/food-delivery/wendys-5904-20th-st-east/Ksm4a9A0Qse4Qz_wWnPKnA,ellenton-florida
https://www.ubereats.com/sarasota/food-delivery/sams-seafood-and-grill/wVt3SrneQq27xS9KhM7p0w,ellenton-florida
https://www.ubereats.com/sarasota/food-delivery/mr-tequila-bradenton/dqYn2oP7ThmlSHb-ebL87A,ellenton-florida
https://www.ubereats.com/sarasota/food-delivery/kfc-6440-e-state-road-64/hDwV1T0YQJO3J47aXr21zg,ellenton-florida
https://www.ubereats.com/sarasota/food-delivery/oak-and-stone%3A-fastfire/Fm2JtU9qTGygsdSv7HDJGg,ellenton-florida
https://www.ubereats.com/sarasota/food-delivery/applebees-4301-cortez-road/-PH-hOfrRF2hxmDlGjh2-g,ellenton-florida
https://www.ubereats.com/sarasota/food-delivery/migi-sushi-restaurant/mJsUX4MSTd-RMLkRLKv6-Q,ellenton-florida
https://www.ubereats.com/sarasota/food-delivery/salems-fresh-eats-5635-14th-st-w/aID3rxuoRLeMzhFG7AK5WQ,ellenton-florida
https://www.ubereats.com/sarasota/food-delivery/the-ice-cream-shop/9ybjpxysQBan_fA9L492OA,ellenton-florida
https://www.ubereats.com/sarasota/food-delivery/oh-greek/YsoMXzzxSsCxxWY5FR1ygw,ellenton-florida
https://www.ubereats.com/sarasota/food-delivery/ihop-6320-e-state-road-64/9XUAM-dkQ9Wnkpcu3gJorg,ellenton-florida
https://www.ubereats.com/sarasota/food-delivery/burger-king-551-tenth-street-east/CeZIcHQiTa6cdpFa50b1OA,ellenton-florida
https://www.ubereats.com/sarasota/food-delivery/tropical-smoothie-cafe-1007-1st-st-east/fntkp-anSnKHU73y0D7VNQ,ellenton-florida
https://www.ubereats.com/sarasota/food-delivery/speedy-food-mart/63C8ZPPzQx-bYnWDYelQmQ,ellenton-florida
https://www.ubereats.com/sarasota/food-delivery/wendys-4201-53rd-avenue-e/qShgOjloSJO2StW54VpQqQ,ellenton-florida
https://www.ubereats.com/sarasota/food-delivery/cipriano-cucina-and-bar/5ZavVP8jS4a1C39Vudk26A,ellenton-florida
https://www.ubereats.com/sarasota/food-delivery/applebees-3255-university-pkwy/xJJNaBejR6-ZkoMDFXC_NQ,ellenton-florida
https://www.ubereats.com/sarasota/food-delivery/pizza-hut-3132-53rd-ave-e/BKFYfgthTRCj52NM0HspfA,ellenton-florida
https://www.ubereats.com/sarasota/food-delivery/oak-%26-stone-bradenton/sO2nUilKT_eGKD1yuL8-wg,ellenton-florida
https://www.ubereats.com/sarasota/food-delivery/jersey-mikes-5820-ranch-lake-blvd/cJuU3--fQrWQjyTZq6Mb5Q,ellenton-florida
https://www.ubereats.com/sarasota/food-delivery/whiskey-joes-manatee/O5ydwvDrRHyjwP7_X3JbSw,ellenton-florida
https://www.ubereats.com/sarasota/food-delivery/beef-o-bradys-4286-53rd-ave-east/-5wKthiQQOerpt9mn_hmQA,ellenton-florida
https://www.ubereats.com/sarasota/food-delivery/hungry-howies-pizza/lbp2MnlqSoSSo5ikwhLeGA,ellenton-florida
https://www.ubereats.com/sarasota/food-delivery/subway-737-e-8th-ave-w-ste-2-%26-f/RxlfwFaOSbyqRI727F9W5Q,ellenton-florida
https://www.ubereats.com/sarasota/food-delivery/fruit-queens-llc/jKVl88fdTZqE6wfeVs9f4g,ellenton-florida
https://www.ubereats.com/sarasota/food-delivery/starbucks-sr-64-%26-i-75/I6_Byuj2TwyFMVKlE5jHmw,ellenton-florida
https://www.ubereats.com/sarasota/food-delivery/cold-stone-creamery-bradenton/OVWuqTwLS96w_fDKfqXKbQ,ellenton-florida
https://www.ubereats.com/sarasota/food-delivery/red-lobster-5711-14th-street-w/wLjygOEzRxWHMlhZFJNmGA,ellenton-florida
https://www.ubereats.com/sarasota/food-delivery/marinas-pizza/FGVfZrGqQ_ChPWYlCMFaCQ,ellenton-florida
https://www.ubereats.com/sarasota/food-delivery/seagrape-seafood-market/IUhfIP6cR0CdxdE79weI9w,ellenton-florida
https://www.ubereats.com/sarasota/food-delivery/my-thai-restaurant/FU06VE0eQM-YPK4zE6WAWQ,ellenton-florida
https://www.ubereats.com/sarasota/food-delivery/salems-fresh-eats-5605-manatee-ave/wkvQr-jzTTCNObkkfhnyVw,ellenton-florida
https://www.ubereats.com/sarasota/food-delivery/honey-baked-ham-5771-manatee-ave-west/Nb3e_XvTR7KhKSqu_p474A,ellenton-florida
https://www.ubereats.com/sarasota/food-delivery/smilefin-poke/V0nIH8B5RO2i-fG_UIC2ew,ellenton-florida
https://www.ubereats.com/sarasota/food-delivery/arbys-3608-1st-st-w/_dnhC-AbTcSyWQHh6VE0cw,ellenton-florida
https://www.ubereats.com/sarasota/food-delivery/newks-eatery/6eGiyd8TT-SquZPoYVFIVA,ellenton-florida
https://www.ubereats.com/sarasota/food-delivery/pho-street/4DPh98GgSdiPzac97AAvVQ,ellenton-florida
https://www.ubereats.com/sarasota/food-delivery/peachs-5240-sr-64-e/lmtICNEcRr2L_WDLLbu-4A,ellenton-florida
https://www.ubereats.com/sarasota/food-delivery/burger-king-3803-first-street/K8I7p3N5RZuhClFtE86N1A,ellenton-florida
https://www.ubereats.com/sarasota/food-delivery/birdrock-taco-shack/W5rcW1-bRs20xRi3f_H9yA,ellenton-florida
https://www.ubereats.com/sarasota/food-delivery/angelino-palmetto/OW7NAgW5QeGgdDLJCKyf8A,ellenton-florida
https://www.ubereats.com/sarasota/food-delivery/caddys-at-the-pointe/J2MC-ZLYRrGoSTpS0dzs-w,ellenton-florida
https://www.ubereats.com/sarasota/food-delivery/table-talk-srq/uc5gweLqQVeyIZraqALWXg,ellenton-florida
https://www.ubereats.com/sarasota/food-delivery/3-keys-brewing-%26-eatery/0eWnFDt1ShKVx408SB_RFw,ellenton-florida
https://www.ubereats.com/sarasota/food-delivery/starbucks-us-41-%26-manatee-ave/ksE6CK1zT1ujE3wO5S-hSg,ellenton-florida
https://www.ubereats.com/sarasota/food-delivery/smoothie-king-5426-lockwood-ridge-road/HBwMxZLhSjyfQKGISCVRdg,ellenton-florida
https://www.ubereats.com/sarasota/food-delivery/starbucks-ellenton-premium-outlets/a3UxiL7vQ5eUvXFhQDtgAA,ellenton-florida
https://www.ubereats.com/sarasota/food-delivery/pasquallys-pizza-%26-wings-905-44th-avenue-west/wUr5j_G1SBiybjrQ2-UENQ,ellenton-florida
https://www.ubereats.com/sarasota/food-delivery/the-rustic-oven/SlY2qLkmQA6C4DghtJVxOg,ellenton-florida
https://www.ubereats.com/sarasota/food-delivery/quiznos-lakewood-ranch/SONFmtMGSE-kiELWe1XoZQ,ellenton-florida
https://www.ubereats.com/sarasota/food-delivery/five-star-pizza-5942-34th-street-west/Y1y5qTMeQu-SayZQe96neg,ellenton-florida
https://www.ubereats.com/sarasota/food-delivery/zenobia-restaurant/dMUmQk0xTg6zN7dGZR-gRw,ellenton-florida
https://www.ubereats.com/sarasota/food-delivery/pizza-pros/CKP_hWMAQGC2Qk_FxQPbbg,ellenton-florida
https://www.ubereats.com/sarasota/food-delivery/dennys-610-44th-ave-w/u4-tsf5iRSywnCaw3InLJQ,ellenton-florida
https://www.ubereats.com/sarasota/food-delivery/the-cupcake-spot/2B0UkkUoQHyu3S0zXVvwKg,ellenton-florida
https://www.ubereats.com/sarasota/food-delivery/taco-bell-6310-state-road-70-east/Umn2zjziQs-k7PuFw6t_wA,ellenton-florida
https://www.ubereats.com/sarasota/food-delivery/poppos-taqueria/LAjySv8-R5GJTCQiDhpzWQ,ellenton-florida
https://www.ubereats.com/sarasota/food-delivery/checkers-1001-8th-ave-w/pnz5QlGaTOSbtXKnalmnXg,ellenton-florida
https://www.ubereats.com/sarasota/food-delivery/bubbaques-bbq/Owp4YHdbQmmn0NrqMRHTsg,ellenton-florida
https://www.ubereats.com/sarasota/food-delivery/basils-flame-broiled-chicken-5210-fl-64/bxC-cE93QiivrTGMgurtgQ,ellenton-florida
https://www.ubereats.com/sarasota/food-delivery/burger-king-2319-cortez-road-west/N3t4c4WnSxOW-bDw6A8ymQ,ellenton-florida
https://www.ubereats.com/sarasota/food-delivery/little-saigon-cafe/Ym6okKFRSUKrLlYXVSXy5w,ellenton-florida
https://www.ubereats.com/sarasota/food-delivery/sushi-hana-bradenton/MsBmnAZ2RKeYF81E21fLHQ,ellenton-florida
https://www.ubereats.com/sarasota/food-delivery/tiramisu-ristorante/PDSIKY2BRUWFB67ft-Ml9Q,ellenton-florida
https://www.ubereats.com/sarasota/food-delivery/lantern-restaurant/iF4OiVHEQH6fgpxBHN6org,ellenton-florida
https://www.ubereats.com/sarasota/food-delivery/vietnamese-restaurant-%26-sushi/eNb2gxJbQpSFD2bBKZ1QlA,ellenton-florida
https://www.ubereats.com/sarasota/food-delivery/kfc-1420-cortez-road-west/-dK1-n81TVCWP0TKEeeNQA,ellenton-florida
https://www.ubereats.com/sarasota/food-delivery/the-captains-boil-5802-20th-st-east/kP-cwVI4Qlu6IamALidMlA,ellenton-florida
https://www.ubereats.com/sarasota/food-delivery/subway-2215-60th-ave-e/uPm8HeJqSxm9ZQ9fZEwKmg,ellenton-florida
https://www.ubereats.com/sarasota/food-delivery/first-watch-lockwood-ridge/FTwWHR_hToOum17IhhTl-A,ellenton-florida
https://www.ubereats.com/sarasota/food-delivery/auntie-annes-5371-factory-shops-blvd-ste-590/CyAuMN61Rt2lmhu2MF2uYg,ellenton-florida
https://www.ubereats.com/sarasota/food-delivery/storybook-cafe/a1CAg514QhGzDdNJPja5uQ,ellenton-florida
https://www.ubereats.com/sarasota/food-delivery/hooties-burger-bar-bradenton/XMYmWD_ITgG-QTtrJXUnsQ,ellenton-florida
https://www.ubereats.com/sarasota/food-delivery/firehouse-subs-621-cortez-rd-w/8THw0Jl8TwmWScDD2SNL1A,ellenton-florida
https://www.ubereats.com/sarasota/food-delivery/carrabbas-2106-cortez-west/qfZ-vxbeRDykIbfv7IE-Sg,ellenton-florida
https://www.ubereats.com/sarasota/food-delivery/taco-bell-6025-north-us-301/q9_Tiwb5Q0C5LGnU0eZHJQ,ellenton-florida
https://www.ubereats.com/sarasota/food-delivery/beef-o-bradys-bradenton/y6X2xp_cTkiu1BDDpEf64g,ellenton-florida
https://www.ubereats.com/sarasota/food-delivery/newks-eatery-5405-university-parkway-unit-110/qpizYEbSTQaeGxW3GrCu0w,ellenton-florida
https://www.ubereats.com/sarasota/food-delivery/sonic-6008-14th-street-west/mBJ3KfQ-T7-WkSZPpc9Kcw,ellenton-florida
https://www.ubereats.com/sarasota/food-delivery/peachs-3201-manatee-ave-w/PlNxhS7FTnei06IxVJEKjw,ellenton-florida
https://www.ubereats.com/sarasota/food-delivery/scarpinos-family-restaurant/TQOOEi4qQp2bPHaWPHGZOg,ellenton-florida
https://www.ubereats.com/sarasota/food-delivery/dunkin-6420-us-301-n/47v4rDCLSbqxF8v54Hv_GQ,ellenton-florida
https://www.ubereats.com/sarasota/food-delivery/riviera-dunes-dockside-social-bar-%26-grill/6IZJ3kU8Rwixh1YASnCWhA,ellenton-florida
https://www.ubereats.com/sarasota/food-delivery/hungry-street-bradenton/cDl2uJUDSWGsskrjULeM9Q,ellenton-florida
https://www.ubereats.com/sarasota/food-delivery/doms-deli/F6vfFahPSEuYygewgKfNGg,ellenton-florida
https://www.ubereats.com/sarasota/food-delivery/hideko-sushi-%26-thai/r1Loc9nERHuz4cTph7_ABw,ellenton-florida
https://www.ubereats.com/sarasota/food-delivery/smoothie-king-3816-manatee-ave-w/c13TuriERzGr-tnMscabWA,ellenton-florida
https://www.ubereats.com/sarasota/food-delivery/hungry-howies-pizza-5912-18t/dOCIbHsyQcGfKgNDBKg1Tw,ellenton-florida
https://www.ubereats.com/sarasota/food-delivery/lamantini-trattoria/r-OOsLZaSSiRKTRJg6d0FA,ellenton-florida
https://www.ubereats.com/sarasota/food-delivery/winghouse-of-ellenton/1DIDCefLTwuHBC2ul_EA3w,ellenton-florida
https://www.ubereats.com/sarasota/food-delivery/wendys-6600-e-state-road-64/2C2I2RaBQ52_WG7wsVO0nw,ellenton-florida
https://www.ubereats.com/sarasota/food-delivery/sonic-8803-us-highway-301/ub93KDAKRzub6v-taRHFRw,ellenton-florida
https://www.ubereats.com/sarasota/food-delivery/chang-kao-thai-cuisine/T9ljCcrFSbCUZq8EItCY6Q,ellenton-florida
https://www.ubereats.com/sarasota/food-delivery/taco-bell-3710-cortez-rd-w/Gq-f7_scS7WZc_3S7aKMiQ,ellenton-florida
https://www.ubereats.com/sarasota/food-delivery/bangkok-tokyo/QLfBeCgTSr6YTlKSomGDFQ,ellenton-florida
https://www.ubereats.com/sarasota/food-delivery/steak-n-shake-106-cortez-road-east/71Ts5BveR8m-teqqel2FEQ,ellenton-florida
https://www.ubereats.com/sarasota/food-delivery/china-village/dXN_kkWsTdOgItsr2-e_Yw,ellenton-florida
https://www.ubereats.com/sarasota/food-delivery/applebees-7175-sr-70/LMmABSfZSzCeQqNLZML3dg,ellenton-florida
