url,city
https://www.ubereats.com/atlanta/food-delivery/piccadilly-cafeteria-dekalb-mall/-klgzLfxQ5GNU_4Sd4ELvQ,ellenwood-georgia
https://www.ubereats.com/atlanta/food-delivery/papa-johns-2075-mt-zion-rd/rMW_HUijTMipAH2zyxMJFQ,ellenwood-georgia
https://www.ubereats.com/atlanta/food-delivery/fishers-of-men/HuyUyfJ5Rwq7MhAg7-oo8Q,ellenwood-georgia
https://www.ubereats.com/atlanta/food-delivery/mr-crab/BNPZl-XAQXuYW9JHVhbUkg,ellenwood-georgia
https://www.ubereats.com/atlanta/food-delivery/tgi-fridays-2443-southlake/cVyeyFsTSka91D3JHiHSdg,ellenwood-georgia
https://www.ubereats.com/atlanta/food-delivery/arbys-2154-mt-zion-pkwy/viCRnmSDSgml_GYw6JKmGA,ellenwood-georgia
https://www.ubereats.com/atlanta/food-delivery/jairs/Ha-gQ0HCSAe2PnICnzIHtA,ellenwood-georgia
https://www.ubereats.com/atlanta/food-delivery/boston-fish-supreme/zukNw26yTPS-FIYmqk2Zaw,ellenwood-georgia
https://www.ubereats.com/atlanta/food-delivery/mojo-grub/mLdcKaMtTfGboom71IfkSQ,ellenwood-georgia
https://www.ubereats.com/atlanta/food-delivery/yard-birdz/hQhQvT1_TNecuZ52qo4r0A,ellenwood-georgia
https://www.ubereats.com/atlanta/food-delivery/steak-n-shake-2118-mt-zion-parkway/9bT8DigKTZSnQxyFBJdeUQ,ellenwood-georgia
https://www.ubereats.com/atlanta/food-delivery/great-american-cookies-604-eagles-landing-pkwy/SiiIJ7TfSCahOsDcUy_MSw,ellenwood-georgia
https://www.ubereats.com/atlanta/food-delivery/prime-pizza/Vw16MVm3Tg2UIw_wr0vCqQ,ellenwood-georgia
https://www.ubereats.com/atlanta/food-delivery/moes-1853-mt-zion-rd/4_RTuXWJQ0CS3DGnXwrsjw,ellenwood-georgia
https://www.ubereats.com/atlanta/food-delivery/cinnabon-2801-candler-rd/VoiiIiP8TVGYPpzi6zBDtQ,ellenwood-georgia
https://www.ubereats.com/atlanta/food-delivery/gqs-barbeque/RN2I2gtaSjW_R4jELRYbKw,ellenwood-georgia
https://www.ubereats.com/atlanta/food-delivery/zaxbys-235-fairview-road/YIvG3IxdTGa315_UHxKFRA,ellenwood-georgia
https://www.ubereats.com/atlanta/food-delivery/papa-johns-3653-c-flakes-mill-rd/sERFuLBkSaO5QYSPm0lp7A,ellenwood-georgia
https://www.ubereats.com/atlanta/food-delivery/jr-wings-%26-things/gUITt1jMTZC-KyDJLrFUJw,ellenwood-georgia
https://www.ubereats.com/atlanta/food-delivery/wendys-131-main-street/4Sp6G1VUSn-OYOnnCPQMVw,ellenwood-georgia
https://www.ubereats.com/atlanta/food-delivery/moyo-grill-and-bar-restaurant/M3_Su0bARF-zUqtOVrJb_w,ellenwood-georgia
https://www.ubereats.com/atlanta/food-delivery/wendys-2970-anvil-block-road/rPqM-aPlSn-nzffp7VQwNw,ellenwood-georgia
https://www.ubereats.com/atlanta/food-delivery/jamilahs-kitchen/ResC8u08S0SF-Q1w92JAiQ,ellenwood-georgia
https://www.ubereats.com/atlanta/food-delivery/churchs-chicken-2347-lake-harbin-rd/Qww-27KfRf2mMN3mt4dWwQ,ellenwood-georgia
https://www.ubereats.com/atlanta/food-delivery/elfs-cakery/fwbQl33ySzexRWaYFwkWYQ,ellenwood-georgia
https://www.ubereats.com/atlanta/food-delivery/sanches-eatery/BkPP__ZNQX2mI-F9YFV9Kw,ellenwood-georgia
https://www.ubereats.com/atlanta/food-delivery/jamrock-jerk-center-sport/FDt5py3MQ_WacmKvqckPBQ,ellenwood-georgia
https://www.ubereats.com/atlanta/food-delivery/papa-johns-101-fairview-road-suite-121/oEMrWPLcSNeSEJ3VVjHLcA,ellenwood-georgia
https://www.ubereats.com/atlanta/food-delivery/los-girasoles-mexican-restaurant/b9FELpfpRv6LRANmJVCEYA,ellenwood-georgia
https://www.ubereats.com/atlanta/food-delivery/fresh-smoothie-cafe/f3l8G9EdR_ScEUQGRZhZyA,ellenwood-georgia
https://www.ubereats.com/atlanta/food-delivery/great-wall-restaurant/yTNTGenwS4yeWR5tWmpQNg,ellenwood-georgia
https://www.ubereats.com/atlanta/food-delivery/taco-bell-1877-mt-zion-rd/knzmRP08S6abSLOwdn0sXg,ellenwood-georgia
https://www.ubereats.com/atlanta/food-delivery/variety-meals/u6Yi6bf_TtWZe8Xfqe4QQg,ellenwood-georgia
https://www.ubereats.com/atlanta/food-delivery/atl-quick-eats/Fqwz-Os-SvesNWyWNxHb-w,ellenwood-georgia
https://www.ubereats.com/atlanta/food-delivery/taco-bell-4465-jonesboro/4XvGdOtBTkiuoYFE15Ugmg,ellenwood-georgia
https://www.ubereats.com/atlanta/food-delivery/tropical-cuisine/VXWi1l4pRia5Jo3rKr7H3A,ellenwood-georgia
https://www.ubereats.com/atlanta/food-delivery/sudo-bar-%26-grill-ellenwood/yjPCE-2MRTiha0efcGFdmQ,ellenwood-georgia
https://www.ubereats.com/atlanta/food-delivery/ls-cajun-wings/cD64vpKWTKy3adZScq8qig,ellenwood-georgia
https://www.ubereats.com/atlanta/food-delivery/subway-3650-hwy-138-se/03W0gryJQBSAcepvZjM5TQ,ellenwood-georgia
https://www.ubereats.com/atlanta/food-delivery/supreme-burger/dPlGtcpCRI6HRkjcIkZCcQ,ellenwood-georgia
https://www.ubereats.com/atlanta/food-delivery/popeyes-5557-n-henry-blvd/AOKkDSrSTIK6ISPpuFMTsQ,ellenwood-georgia
https://www.ubereats.com/atlanta/food-delivery/mcdonalds-2773-forest-parkway/fYSuppXtSx2dgpBCc-3uZQ,ellenwood-georgia
https://www.ubereats.com/atlanta/food-delivery/taste-of-flavors/jFnAKPEIQzOvbc0V2ZXqRA,ellenwood-georgia
https://www.ubereats.com/atlanta/food-delivery/louisiana-bistreaux-seafood-kitchen-east-point/nWaZi49gTR2djj0GhoPHQg,ellenwood-georgia
https://www.ubereats.com/atlanta/food-delivery/100%25-wings/7Yd0bvpMQH22neHPSr5C5w,ellenwood-georgia
https://www.ubereats.com/atlanta/food-delivery/ice-bar-lounge-%26-restaurant/aCUhOxpsQNy7KvvpQ9J4PQ,ellenwood-georgia
https://www.ubereats.com/atlanta/food-delivery/oventreatz/dGrszz3aTre6rEZoUTfTjw,ellenwood-georgia
https://www.ubereats.com/atlanta/food-delivery/dunkin-6622-tara-blvd/VKCylWaoTxaHjEgUhieW9w,ellenwood-georgia
https://www.ubereats.com/atlanta/food-delivery/american-deli-forest-park/BzQl9bgGT-uFanjoF2PL7Q,ellenwood-georgia
https://www.ubereats.com/atlanta/food-delivery/irish-pub-%26-grill/0DjJjCnGQ8mmAQkhArw4hw,ellenwood-georgia
https://www.ubereats.com/atlanta/food-delivery/the-real-milk-%26-honey/DP04YYoPS0Oj7VzBp4V_KA,ellenwood-georgia
https://www.ubereats.com/atlanta/food-delivery/the-crab-spot/0EeUA64ORd-ycjJIzSHm2Q,ellenwood-georgia
https://www.ubereats.com/atlanta/food-delivery/mo-better-chicken/CzRFXVgbQm2y55D4IM6vaw,ellenwood-georgia
https://www.ubereats.com/atlanta/food-delivery/ocharleys-3511-hwy-138-se/YkAkpLtOQuKuhzsxU6iq9Q,ellenwood-georgia
https://www.ubereats.com/atlanta/food-delivery/eat-more-korean/Q_NtTFIoT2KfYtoMIuUbIA,ellenwood-georgia
https://www.ubereats.com/atlanta/food-delivery/tropical-isles-carribbean-taste-riverdale/AbpKK7E7QoKI7dT4fZhzMA,ellenwood-georgia
https://www.ubereats.com/atlanta/food-delivery/mpurfckt-cakez/RHpYQhy3SJ6v7XYI4_yZSw,ellenwood-georgia
https://www.ubereats.com/atlanta/food-delivery/rockin-crab/KwbcY-uYQMOuAFhitThpuA,ellenwood-georgia
https://www.ubereats.com/atlanta/food-delivery/mr-crab-7567-hwy-85/AMzCMyn7QI-ca5BIWWbAlg,ellenwood-georgia
https://www.ubereats.com/atlanta/food-delivery/seafood-cafe/JRMx8-I9TJK_YoAJ-H5lvA,ellenwood-georgia
https://www.ubereats.com/atlanta/food-delivery/dunkin-2704-candler-rd/7T3LL8JmQIiTAh7kRsuTcA,ellenwood-georgia
https://www.ubereats.com/atlanta/food-delivery/this-is-it!-bbq-%26-seafood-riverdale/pkQhHUcrRBOQeZouD52Upg,ellenwood-georgia
https://www.ubereats.com/atlanta/food-delivery/cracker-barrel-old-country-store-1458-southlake-plaza-drive/apdIhe1QT4Oc2I98JVqTzw,ellenwood-georgia
https://www.ubereats.com/atlanta/food-delivery/mrs-winners-chicken-%26-biscutts/jBTl-HKYTZ6XuDUxZAMPFg,ellenwood-georgia
https://www.ubereats.com/atlanta/food-delivery/taste-of-thailand/iijl5BICScKf_mCJrWx5lw,ellenwood-georgia
https://www.ubereats.com/atlanta/food-delivery/annie-js-snack-shack/J8KesYRVQyyXI6uaknjVWQ,ellenwood-georgia
https://www.ubereats.com/atlanta/food-delivery/dessence-cafe/wEccmwcnTGejtPQ5XMhjxw,ellenwood-georgia
https://www.ubereats.com/atlanta/food-delivery/touchdown-wings-riverdale/wjfWuReeSmeVndH4fM-pdA,ellenwood-georgia
https://www.ubereats.com/atlanta/food-delivery/irish-pub-grill/bcOc3v5WRySDwdD0dZVY3g,ellenwood-georgia
https://www.ubereats.com/atlanta/food-delivery/its-a-wrap-cafe/X3lYwp8vTMqxmYiLw_WZLg,ellenwood-georgia
https://www.ubereats.com/atlanta/food-delivery/irish-pub-and-grill/kNnjPykOQBimjg-lDXtxsw,ellenwood-georgia
https://www.ubereats.com/atlanta/food-delivery/three-southern-ladies-cuisine/on4H6lr0RG65pg7ZYZunow,ellenwood-georgia
https://www.ubereats.com/atlanta/food-delivery/subway-4542-old-dixie-rd/sdwP_kq0RFih4_zEFeBsxQ,ellenwood-georgia
https://www.ubereats.com/atlanta/food-delivery/atlanta-wings-glenwood-rd/5EtAUFCZRrSRe5zRjTbatg,ellenwood-georgia
https://www.ubereats.com/atlanta/food-delivery/applebees-6727-tara-blvd/-uewOY5GTDaIOVm8lX3aDg,ellenwood-georgia
https://www.ubereats.com/atlanta/food-delivery/johnnys-new-york-style-pizza-608-eagles-landing-pkwy/XCYoSCgGTWquKZbiggzycw,ellenwood-georgia
https://www.ubereats.com/atlanta/food-delivery/zaxbys-1480-hudson-bridge-rd/mYmHSDDNRqO_UTNvnQ0bVA,ellenwood-georgia
https://www.ubereats.com/atlanta/food-delivery/auntie-annes-2801-candler-rd-spc-c29/UTfnLa_9TOCxl9RBfI-RVw,ellenwood-georgia
https://www.ubereats.com/atlanta/food-delivery/long-john-silvers/0QeTNMIHQh64FpoWftKtNQ,ellenwood-georgia
https://www.ubereats.com/atlanta/food-delivery/taco-bell-3644-flat-shoals-road/j1VvGOK9TNa8bHltmj676w,ellenwood-georgia
https://www.ubereats.com/atlanta/food-delivery/almond-cakes-and-catering/YXXP5gSSSdq2svcgb0iRTg,ellenwood-georgia
https://www.ubereats.com/atlanta/food-delivery/wendys-870-highway-138-w/xnM3ahBNRM2SCmFOWh9oAw,ellenwood-georgia
https://www.ubereats.com/atlanta/food-delivery/hooters-mcdonough/By7oaFkJRsqNmLdux3wapA,ellenwood-georgia
https://www.ubereats.com/atlanta/food-delivery/mables-barbecue-%26-smoked-meats-snapfinger-rd/ll_ou2WZT7Cduakeyl1UtA,ellenwood-georgia
https://www.ubereats.com/atlanta/food-delivery/taco-bell-1610-hudson-bridge-road/VpAIulzAQHSUHq5zWLuM0Q,ellenwood-georgia
https://www.ubereats.com/atlanta/food-delivery/boba-theory/aPMEubmkS4GQkRYUO_cx9w,ellenwood-georgia
https://www.ubereats.com/atlanta/food-delivery/krystal-6605-hwy-85/w2SIka-mT1udcvJ09VNIow,ellenwood-georgia
https://www.ubereats.com/atlanta/food-delivery/insee-thai-asian-cuisine-stockbridge/gLZYhXJzRyaDMOQQ10WkMQ,ellenwood-georgia
https://www.ubereats.com/atlanta/food-delivery/meals-by-chef-seals/R-IxfJpATN2onZwPyMeE-g,ellenwood-georgia
https://www.ubereats.com/atlanta/food-delivery/smokeys-tip-%26-chip/zzGPj4V2SjalXQu6gejxOQ,ellenwood-georgia
https://www.ubereats.com/atlanta/food-delivery/new-orleans-daiquiri/ADOsFeK2Tpmzo3G5MMZFMg,ellenwood-georgia
https://www.ubereats.com/atlanta/food-delivery/best-pizza-riverdale/MBOFuSIsQ5Oj2qoopBHznQ,ellenwood-georgia
https://www.ubereats.com/atlanta/food-delivery/southside-seafood/68euYiDBTjWd1lUqLNEWJg,ellenwood-georgia
https://www.ubereats.com/atlanta/food-delivery/subway-125-fairview-rd/OYESzjgGRyuN6oPbGdeRxw,ellenwood-georgia
https://www.ubereats.com/atlanta/food-delivery/firehouse-subs-stockbridge/oVz3nUAxQNKhAwo4p4nYuQ,ellenwood-georgia
https://www.ubereats.com/atlanta/food-delivery/uncle-carls-kitchen-blaze/fZIx3LBGQ4yZ6lsE9c6ihw,ellenwood-georgia
https://www.ubereats.com/atlanta/food-delivery/fireside-jamaican-restaurant-tara-blvd/PXXzScaARIaw3fLhd6FBhg,ellenwood-georgia
https://www.ubereats.com/atlanta/food-delivery/king-henrys-turkey-legs-and-things/cWR8IN6BQQuTnN4OIiXSZw,ellenwood-georgia
https://www.ubereats.com/atlanta/food-delivery/churchs-chicken-2700-candler-rd/xwcnZWFwTqCPCqP8eTHj7g,ellenwood-georgia
https://www.ubereats.com/atlanta/food-delivery/piccadilly-cafeteria-ga-stockbridge/sAkREI15RySoGqa4TgL7HA,ellenwood-georgia
https://www.ubereats.com/atlanta/food-delivery/tip-top-willows/LrGp_W-ySnG0xHaSAXHyNQ,ellenwood-georgia
https://www.ubereats.com/atlanta/food-delivery/krispy-krunchy-chicken-1861-hwy-38-e/fFwFBzwaQ6muUOPJTQ1AhQ,ellenwood-georgia
https://www.ubereats.com/atlanta/food-delivery/malones-grill-%26-bar-east-point/qMypR3cbSv6nXyFcu7zddQ,ellenwood-georgia
https://www.ubereats.com/atlanta/food-delivery/mr-cs-bbq/elZQLFDoQyGzkatmN6KPwg,ellenwood-georgia
https://www.ubereats.com/atlanta/food-delivery/olympia-pizza/Ox-yHpDDS32bvnx8nyZldw,ellenwood-georgia
https://www.ubereats.com/atlanta/food-delivery/arbys-8490-tara-blvd/WWJSEDrjRqWB7qrmm4e2CA,ellenwood-georgia
https://www.ubereats.com/atlanta/food-delivery/international-flavors-cousin/btwrgTJmSSWQpicZMUObPw,ellenwood-georgia
https://www.ubereats.com/atlanta/food-delivery/pit-boss-bbq/B3YBVGUXReWLyIfvo1tGJw,ellenwood-georgia
https://www.ubereats.com/atlanta/food-delivery/vn-pho/l6Xx88p-SFyxs32nFUFlPQ,ellenwood-georgia
https://www.ubereats.com/atlanta/food-delivery/island-blendz-jamaican-grill/Gr2PnZXPR9SB3r0qfU_CwA,ellenwood-georgia
https://www.ubereats.com/atlanta/food-delivery/krispy-kreme-wesley-chapel-rd-%26-snapfinger-woods-dr/fmjexLGfQyKEB0Rqyphraw,ellenwood-georgia
https://www.ubereats.com/atlanta/food-delivery/china-wok/KF8XPh0QQtmwY5WSzUtP1w,ellenwood-georgia
https://www.ubereats.com/atlanta/food-delivery/silvers-delight-east-point/-tdekz6eSIOdg2lEpn6BdA,ellenwood-georgia
https://www.ubereats.com/atlanta/food-delivery/fresko-cafe-creek/ZEu_H209SnWPH4eXiiNUlw,ellenwood-georgia
https://www.ubereats.com/atlanta/food-delivery/this-is-it!-bbq-%26-seafood-stockbridge/ET9F9Ow_R7KsPgRBR76kZg,ellenwood-georgia
https://www.ubereats.com/atlanta/food-delivery/grecian-gyro-forest-park/0T6T5V7VRgicj77ZsH7r0g,ellenwood-georgia
https://www.ubereats.com/atlanta/food-delivery/dunkin-6550-highway-42/34_NUmvKRb62wxZW6Tzeww,ellenwood-georgia
https://www.ubereats.com/atlanta/food-delivery/panda-express-7105-highway-85/sqZce15yR1iUiZ1g86VVfA,ellenwood-georgia
https://www.ubereats.com/atlanta/food-delivery/the-ice-cream-shop/9u6aM4gdSiGIbd9bzKz6CQ,ellenwood-georgia
https://www.ubereats.com/atlanta/food-delivery/zesto-forest-park/_hbAI8R2Svainwd4sfjsMQ,ellenwood-georgia
https://www.ubereats.com/atlanta/food-delivery/myxers-bar-and-grill/uObi_AteQjq_mG9o4RnIqA,ellenwood-georgia
https://www.ubereats.com/atlanta/food-delivery/krispy-kreme-6689-highway-%2385/z8yYDqbvS8CFIvqN4B7JBQ,ellenwood-georgia
https://www.ubereats.com/atlanta/food-delivery/skyboxx-restaurant-and-sports-bar/tYSknZHyQdKiVl1BlNGv3Q,ellenwood-georgia
https://www.ubereats.com/atlanta/food-delivery/dairy-queen-grill-%26-chill-7404-davidson-cir-e/6hDu28uHTRGkhn_cb4WfvQ,ellenwood-georgia
https://www.ubereats.com/atlanta/food-delivery/boba-lubu-tea/3JrO6JEsTCem6JLKQEtpOA,ellenwood-georgia
https://www.ubereats.com/atlanta/food-delivery/everything-irie-jamaican-restaurant/OVE8x-5ZQ-y3OywzFuF3PQ,ellenwood-georgia
https://www.ubereats.com/atlanta/food-delivery/jacksons-soulfood-%26-more/rLzhjz7kR8aRuLzql2DS0Q,ellenwood-georgia
https://www.ubereats.com/atlanta/food-delivery/subway-5043-frontage-rd/1KaT5qmTQk2nu6kWkuXyhw,ellenwood-georgia
https://www.ubereats.com/atlanta/food-delivery/churchs-chicken-4498-jonesboro-rd/1ujMZFDFQ3O3OrYY8UpV2Q,ellenwood-georgia
https://www.ubereats.com/atlanta/food-delivery/veloure-restaurant-and-lounge/j5ZnZeWSSjag1-ajwchmYQ,ellenwood-georgia
https://www.ubereats.com/atlanta/food-delivery/mrs-everything-%26-wings/5THhCX94S96ofUl5MLRCgA,ellenwood-georgia
https://www.ubereats.com/atlanta/food-delivery/san-peter-wings/xobOJDFqTAaLJTlcf7gjGA,ellenwood-georgia
https://www.ubereats.com/atlanta/food-delivery/that-burger-spot!/_a-xzlejTFCtI-ryGhuHYg,ellenwood-georgia
https://www.ubereats.com/atlanta/food-delivery/popeyes-louisiana-kitchen-2436-shorter-ave/3zb9L_U_QEWd0XKyPdH6pQ,ellenwood-georgia
https://www.ubereats.com/atlanta/food-delivery/sonnys-bbq-jonesboro/Ia8koA6yTm-PJWM45q79JQ,ellenwood-georgia
https://www.ubereats.com/atlanta/food-delivery/atl-wings-your-way-empire-blvd/ghKNcs1gSlCfuPHhM1u4aA,ellenwood-georgia
https://www.ubereats.com/atlanta/food-delivery/dominican-international-food/Is-lMcftT5-5fRDpz_D72Q,ellenwood-georgia
https://www.ubereats.com/atlanta/food-delivery/answer-the-bell-3/7f02FaqKQJag-vFyprx4Dg,ellenwood-georgia
https://www.ubereats.com/atlanta/food-delivery/wingtopia/RgAOoLxmQ32q2WJOoXdgKg,ellenwood-georgia
https://www.ubereats.com/atlanta/food-delivery/the-juicy-crabjonesboro-ga/ypz_WPrSR3itKXPm9Iskng,ellenwood-georgia
https://www.ubereats.com/atlanta/food-delivery/we-are-the-juice/ygCw5Sd4ROCvFQSQa_3mKw,ellenwood-georgia
https://www.ubereats.com/atlanta/food-delivery/thai-heaven-hapeville/cNKnJGvSRdWMleuz_tyiHg,ellenwood-georgia
https://www.ubereats.com/atlanta/food-delivery/uncle-carls-kitchen-shrimp-%26-lemonade-truck/bcoGDiqyQ82gKmxWNJYmRQ,ellenwood-georgia
https://www.ubereats.com/atlanta/food-delivery/uncle-renzs-popcorn/KoaqjT-4Q4uwMiyh-FlUZw,ellenwood-georgia
https://www.ubereats.com/atlanta/food-delivery/schlotzskys-deli/kmdqifAuQ-O5Aiw0x95Sww,ellenwood-georgia
https://www.ubereats.com/atlanta/food-delivery/endulge-cupcake-boutique/t9G8gdtPQKup3_SZzciQ8w,ellenwood-georgia
https://www.ubereats.com/atlanta/food-delivery/cooking-with-melodies/SOr7THZfT92Wl44ZSx0o7Q,ellenwood-georgia
https://www.ubereats.com/atlanta/food-delivery/krystal-3562-highway-138-se/cWMpotdCQOGPoe6frxAEeQ,ellenwood-georgia
https://www.ubereats.com/atlanta/food-delivery/chicago-style-sandwiches-%26-more/4Gcd2nmCSBeLqd3tV-A6lw,ellenwood-georgia
https://www.ubereats.com/atlanta/food-delivery/cajun-bones/-pizuACGRnySPSvytUQpJA,ellenwood-georgia
https://www.ubereats.com/atlanta/food-delivery/flavors-of-thai-presents-black-soup-%26-thai/-pmOwerBSUqjAkV-yxZxNw,ellenwood-georgia
https://www.ubereats.com/atlanta/food-delivery/pizza-wali/an8aKhT2RbKwXRrZ05ln_w,ellenwood-georgia
https://www.ubereats.com/atlanta/food-delivery/calis-kitchen/HcU48A0CTaWIe3xayJ_iBg,ellenwood-georgia
https://www.ubereats.com/atlanta/food-delivery/chipotle-mexican-grill-2011-mount-zion-rd/3RrYgnr9Rue3rPC5Ux9JHQ,ellenwood-georgia
https://www.ubereats.com/atlanta/food-delivery/footprints-jamaican-restaurant-%26-lounge-decatur/dhmG5jNWQeqXE43ykWIzVA,ellenwood-georgia
https://www.ubereats.com/atlanta/food-delivery/fish-bowl-poke-hapeville/Jhd8PQETTWayi2oSyjAsSQ,ellenwood-georgia
https://www.ubereats.com/atlanta/food-delivery/wnb-factory-wings-%26-burger-lithonia/QE7xpOlITgWvdUr2mQAtgA,ellenwood-georgia
https://www.ubereats.com/atlanta/food-delivery/sweet-jamaica-flava-jonesboro-rd/6iS11JboR0W2Qssq5UOOHg,ellenwood-georgia
https://www.ubereats.com/atlanta/food-delivery/panda-express-2008-mt-zion-road/nPzkGxY5QuO7M5VeNEbZrQ,ellenwood-georgia
https://www.ubereats.com/atlanta/food-delivery/rubys-chicken-house/OdiEsTGKQ_iun3X7m3mcOA,ellenwood-georgia
https://www.ubereats.com/atlanta/food-delivery/wendys-2059-mt-zion-rd/jE-aHJECT9KgNdNtnMqlnw,ellenwood-georgia
https://www.ubereats.com/atlanta/food-delivery/ruchda-wings/zTLqGSb7RJmuT2g7XtR5ww,ellenwood-georgia
https://www.ubereats.com/atlanta/food-delivery/jens-fish-fry/MgQBdlLpSI-eXjGCkuvw8Q,ellenwood-georgia
https://www.ubereats.com/atlanta/food-delivery/this-is-it!-bbq-%26-seafood-morrow/waOU8hRuTfy4k3_dSqQLHQ,ellenwood-georgia
https://www.ubereats.com/atlanta/food-delivery/j-%26-j-bbq-grill/pEf5BnpvQL-LTsaSTjzsuQ,ellenwood-georgia
https://www.ubereats.com/atlanta/food-delivery/dollar-cafe/Xxs7ZGMDSNe-MgfCvsJZjQ,ellenwood-georgia
https://www.ubereats.com/atlanta/food-delivery/wings-spot-pizza-wali/BQMe9dflRQeK7ToTe2hBwQ,ellenwood-georgia
https://www.ubereats.com/atlanta/food-delivery/daddys-girl-bbq/aR-TvyAATJiZDet2Gpq0NA,ellenwood-georgia
https://www.ubereats.com/atlanta/food-delivery/corner-tavern-hapeville/OGQk2UlbTYGXTgMBSjALYQ,ellenwood-georgia
https://www.ubereats.com/atlanta/food-delivery/morellis-ice-cream/9cQFY1haQaOAB5eGZTUJ3Q,ellenwood-georgia
https://www.ubereats.com/atlanta/food-delivery/captain-ds-1881-candler-road/8GQ_304-Qna1LaxY4e8wSg,ellenwood-georgia
https://www.ubereats.com/atlanta/food-delivery/wings-and-seafood/p0AZvEWfQUKO8i8PQQJbYQ,ellenwood-georgia
https://www.ubereats.com/atlanta/food-delivery/gong-cha-morrow/fcqJSUC0Rei_hXYnbXfiUw,ellenwood-georgia
https://www.ubereats.com/atlanta/food-delivery/checkers-1400-hudson-bridge-road/owjY0oMWSqyU71fxsrkJmw,ellenwood-georgia
https://www.ubereats.com/atlanta/food-delivery/dairy-queen-grill-%26-chill-3680-flat-shoals-rd/_3WllaCoQC2IPzVZDZkXfA,ellenwood-georgia
https://www.ubereats.com/atlanta/food-delivery/dairy-queen-treat-256-n-main-st/8hQjpbEbTziKFet1aHHezA,ellenwood-georgia
https://www.ubereats.com/atlanta/food-delivery/my-coffee-shop-%40-eastlake-kirkwood/dOPL1WIMRFWsS9Ma-QId4w,ellenwood-georgia
https://www.ubereats.com/atlanta/food-delivery/pesos-mexican-cantina-flat-shoals-pkwy/_lx7sSRtTcyFL56WJvnQLg,ellenwood-georgia
https://www.ubereats.com/atlanta/food-delivery/burgerim-909-eagles-landing-parkway-unit-400/I10rFh4fRumDOBCTsgowNQ,ellenwood-georgia
https://www.ubereats.com/atlanta/food-delivery/the-original-boston-fish-supreme/EYZt92_ZT6uWR3OU6KiP4A,ellenwood-georgia
https://www.ubereats.com/atlanta/food-delivery/4th-%26-1-sports-bar-grille-%26-lounge/9qQ9u_TyQfGx-sR7MKwqRw,ellenwood-georgia
https://www.ubereats.com/atlanta/food-delivery/serafinos-italian-restaurant/TS6WKCxoS-qD_gBKGK8-hw,ellenwood-georgia
https://www.ubereats.com/atlanta/food-delivery/great-american-hot-dog-house/s_19TxlmQ6ObGe6pkClufw,ellenwood-georgia
https://www.ubereats.com/atlanta/food-delivery/mr-styles-family-bbq/S--NuEuFQnCT_H1oF764sg,ellenwood-georgia
https://www.ubereats.com/atlanta/food-delivery/sports-cafe/VqxPv-1SRcmwswM3RV8xxw,ellenwood-georgia
https://www.ubereats.com/atlanta/food-delivery/africa-restaurant-and-lounge/xDQRgmZeQpqI80j4h4wosw,ellenwood-georgia
https://www.ubereats.com/atlanta/food-delivery/romeos-pizza-and-bistro/RrJVl4E9R0y_nJbdfkgUsQ,ellenwood-georgia
https://www.ubereats.com/atlanta/food-delivery/wings-so-tasty/TFYXmr-_RCauOyq3j-glQA,ellenwood-georgia
https://www.ubereats.com/atlanta/food-delivery/tookes-country-bbq/mAMW3XKkTIy5P4LxtMRo2g,ellenwood-georgia
https://www.ubereats.com/atlanta/food-delivery/betty-nicoles-bistro-chicago-style-hotdogs/gAUN9G8lQWSo-ZSliAlBAw,ellenwood-georgia
https://www.ubereats.com/atlanta/food-delivery/top-chefs-gourmet-soul-kitchen/U-LjgQDdTaOl8ZtGKn6O6A,ellenwood-georgia
https://www.ubereats.com/atlanta/food-delivery/guanajuato-mexican-grill/sBWt6Ed4RLu0qSWWhaU8Cw,ellenwood-georgia
https://www.ubereats.com/atlanta/food-delivery/wendys-3847-highway-138-se/pBy5rbV8T3OgfLvz7MpaQA,ellenwood-georgia
https://www.ubereats.com/atlanta/food-delivery/florida-finger-lickin-seafood/uX2xE80jTvSJBeJJj0h28w,ellenwood-georgia
https://www.ubereats.com/atlanta/food-delivery/auntie-annes-1000-southlake-mall-spc-2314/_Iec6t1JRKCU9PgdJaOwnA,ellenwood-georgia
https://www.ubereats.com/atlanta/food-delivery/kfc-1493-mount-zion-rd/XAnygDycQ4yr0T4toXQOqw,ellenwood-georgia
https://www.ubereats.com/atlanta/food-delivery/lazy-crab/18FKxOshS2mzhU8DEmfFzA,ellenwood-georgia
https://www.ubereats.com/atlanta/food-delivery/chuck-e-cheese-335-upper-riverdale-rd/h1JKNXKVSBeknid2NioyRw,ellenwood-georgia
https://www.ubereats.com/atlanta/food-delivery/dairy-queen-grill-%26-chill-101b-n-park-pl/64893GsdSIaoASHBYHDRxg,ellenwood-georgia
https://www.ubereats.com/atlanta/food-delivery/anthonys-pizza-%26-pasta-riverdale/DzGRZG1ZQciZJQFuQTcRmQ,ellenwood-georgia
https://www.ubereats.com/atlanta/food-delivery/krispy-kreme-120-hwy-138-w/CmOCMVEDQRm2SrUZlxagHg,ellenwood-georgia
https://www.ubereats.com/atlanta/food-delivery/browns-kitchen/rS5n96SwQM259QUTv2P_GA,ellenwood-georgia
https://www.ubereats.com/atlanta/food-delivery/la-consentida/5bLelNu3T8eIzy9WwkKBAw,ellenwood-georgia
https://www.ubereats.com/atlanta/food-delivery/kfc-8687-tara-blvd/nFBeiJRVQPuNGJw5Gtjm4g,ellenwood-georgia
https://www.ubereats.com/atlanta/food-delivery/dairy-queen-grill-%26-chill-340-fairview-rd/_UxYVbA_TDqxBn2l6pj_hg,ellenwood-georgia
https://www.ubereats.com/atlanta/food-delivery/captain-ds-4478-jonesboro-road/zOcs_p-RQcS60GF-Clko2Q,ellenwood-georgia
https://www.ubereats.com/atlanta/food-delivery/ihop-1474-southlake-plaza-drive/5kx0cZyxTxKuAR4EKHIMOg,ellenwood-georgia
https://www.ubereats.com/atlanta/food-delivery/ajs-waterfront-cafe/MW_gz65JRuSvexfLr0sjUw,ellenwood-georgia
https://www.ubereats.com/atlanta/food-delivery/papis-cuban-%26-caribbean-grill-stockbridge/FCYSWJjuQAupXMICn86uDA,ellenwood-georgia
https://www.ubereats.com/atlanta/food-delivery/dunkin-5410-n-henry-blvd/HBWbkNICR_iA8oSkok44VQ,ellenwood-georgia
https://www.ubereats.com/atlanta/food-delivery/castaway-bar-%26-grill/Rf8-FWXoQUyK2Gd7qc6PkA,ellenwood-georgia
https://www.ubereats.com/atlanta/food-delivery/ikhlas-superb-seafood/Am7r3owHQc2jAkNR2ZGDmA,ellenwood-georgia
https://www.ubereats.com/atlanta/food-delivery/bass-bbq-and-soul-food/X0Iml5-rQLONfPv45V-ZCA,ellenwood-georgia
https://www.ubereats.com/atlanta/food-delivery/smoothie-king-virginia-ave/s5NIp5LhQqey-bk8GBWa2g,ellenwood-georgia
https://www.ubereats.com/atlanta/food-delivery/taste-buds33/LAsWfIvgSHOASny8nY_DCg,ellenwood-georgia
https://www.ubereats.com/atlanta/food-delivery/sushi-china-cafe/AaoDWePrSA-3V5eKFnIXcw,ellenwood-georgia
https://www.ubereats.com/atlanta/food-delivery/bridge-view-country-cooking-n-henry-blvd/t7rgAYSaSQ-0HlBntTj0BA,ellenwood-georgia
https://www.ubereats.com/atlanta/food-delivery/red-lobster-2522-candler-road/_TSeIc-TTL-DYf5YxEMiHQ,ellenwood-georgia
https://www.ubereats.com/atlanta/food-delivery/honey-baked-ham-3529-us-highway-138-stockbridge-village-shopping-center-iii/xbUJLwbdRUy6XWL44P2s1w,ellenwood-georgia
https://www.ubereats.com/atlanta/food-delivery/saint-louis-cuisine/LuWzwaZZRVWGu0GufzU9-g,ellenwood-georgia
https://www.ubereats.com/atlanta/food-delivery/uptown-food-truck-piedmont/7Vz3Knp8QjSKQ7toq7Aj1A,ellenwood-georgia
https://www.ubereats.com/atlanta/food-delivery/the-dutch-pot-caribbean-and-american-flavors/bynaW7egSIWRhmVLKLhDOA,ellenwood-georgia
https://www.ubereats.com/atlanta/food-delivery/wnb-factory-wings-%26-burger-candler-rd/VEtnmzjuSeGrO795TM1Q8w,ellenwood-georgia
https://www.ubereats.com/atlanta/food-delivery/subway-6655-tara-blvd/4SwCEbSjRJW3_1dnXpI_Uw,ellenwood-georgia
https://www.ubereats.com/atlanta/food-delivery/smoquehouse-catering-%26-bbq/fi5PnvIwRzGt5cSAovzTGQ,ellenwood-georgia
https://www.ubereats.com/atlanta/food-delivery/myxers-bar-and-grill/O_NvQB0tQiy8Vuzlct_j6A,ellenwood-georgia
https://www.ubereats.com/atlanta/food-delivery/les-maximes-haitian-restaurant/X9cojvjrS9iEij9F9WY3_g,ellenwood-georgia
https://www.ubereats.com/atlanta/food-delivery/taco-bell-232-fairview-road/F7TjpE8zSkmbmdwVn0dvJg,ellenwood-georgia
https://www.ubereats.com/atlanta/food-delivery/wendys-1380-cedar-grove-road/oKdT3EEmT4CK_ymO6sUFhA,ellenwood-georgia
https://www.ubereats.com/atlanta/food-delivery/jr-crickets-lithonia/lhPNT30cSPi9edf6wXnuPA,ellenwood-georgia
https://www.ubereats.com/atlanta/food-delivery/wing-station-%232/0tk0brFGQnmqkPoqWUh9fQ,ellenwood-georgia
https://www.ubereats.com/atlanta/food-delivery/wendys-1777-rockquarry-road/p4V_I3TBTfqWIKq1Ugl2UA,ellenwood-georgia
https://www.ubereats.com/atlanta/food-delivery/jr-crickets-college-park/vjwkG8hCSN6GbwyPNykaJQ,ellenwood-georgia
https://www.ubereats.com/atlanta/food-delivery/whiskey-peach-pizza-bar/WrdL8NFuRzi-tZbTPloz7A,ellenwood-georgia
https://www.ubereats.com/atlanta/food-delivery/crown-pizza/npts3XTXRfOIZ0CkV4LkuA,ellenwood-georgia
https://www.ubereats.com/atlanta/food-delivery/fuji-express/vmxp1HBKRnCiE1b0XKIGtQ,ellenwood-georgia
https://www.ubereats.com/atlanta/food-delivery/juicys-joint/tGzujQL9RnaULYjRq90F0Q,ellenwood-georgia
https://www.ubereats.com/atlanta/food-delivery/applebees-3676-hwy-138-se/dxFFvHbPSPek7nY9DwRuzw,ellenwood-georgia
https://www.ubereats.com/atlanta/food-delivery/moorish-medicine/qh7Z9P8RSoSKrzHQ0yRnkQ,ellenwood-georgia
https://www.ubereats.com/atlanta/food-delivery/ihop-panola/aWrfBLooRpWI5VU_yS-Pkw,ellenwood-georgia
https://www.ubereats.com/atlanta/food-delivery/rumors-lounge/fzPcnXimSfausmyjF6zzkQ,ellenwood-georgia
https://www.ubereats.com/atlanta/food-delivery/krystal-6405-jonesboro-rd/Jnv5MsPsS9S_HrAJOoMr7g,ellenwood-georgia
https://www.ubereats.com/atlanta/food-delivery/kats-crab-shack/Aqp16GRCRXKgUARN5xV56A,ellenwood-georgia
https://www.ubereats.com/atlanta/food-delivery/jamaica-jerk-joint/7KUuE774QKC_I5xqFvL3kw,ellenwood-georgia
https://www.ubereats.com/atlanta/food-delivery/zaxbys-6671-tara-blvd/_DLfCsaeROaRUzonw7OIZg,ellenwood-georgia
https://www.ubereats.com/atlanta/food-delivery/atlanta-bread-company-morrow/7Octqp8wQJSZic3aSaGoYQ,ellenwood-georgia
https://www.ubereats.com/atlanta/food-delivery/burger-bar-6785-tara-boulevard/stqX41qKTFKYhmNVHCNrNw,ellenwood-georgia
https://www.ubereats.com/atlanta/food-delivery/sonic-4541-n-henry-blvd/GxBegQwDSIOsdBnUYwD_Jg,ellenwood-georgia
https://www.ubereats.com/atlanta/food-delivery/uptown-comedy-%26-lounge/ZZzYHEFTTJuvZxvqFL2MPg,ellenwood-georgia
https://www.ubereats.com/atlanta/food-delivery/grecian-gyro-hapeville/HvkRrPsFTV-VNZV0fxJR9A,ellenwood-georgia
https://www.ubereats.com/atlanta/food-delivery/captain-ds-109-highway-138-w/hhGqxMOuQ6uyIUOwjLH1mw,ellenwood-georgia
https://www.ubereats.com/atlanta/food-delivery/wnb-factory-wings-%26-burger-stockbridge-2/6w0E7U4gRJeW-m4fzjhDvw,ellenwood-georgia
https://www.ubereats.com/atlanta/food-delivery/hooties-burger-bar-westminster/j74IH_JrRBiMY4wiVlSJAA,ellenwood-georgia
https://www.ubereats.com/atlanta/food-delivery/wendys-8543-tara-blvd/vY7IpYK2Tb6PrTEy6tmj9w,ellenwood-georgia
https://www.ubereats.com/atlanta/food-delivery/taco-bell-6259-jonesboro-rd/t4DW1x6_SOCmh1gRmqcqNw,ellenwood-georgia
https://www.ubereats.com/atlanta/food-delivery/ihop-722-highway-138-sw/yO21yBHtRG2hvBDniSFN1A,ellenwood-georgia
https://www.ubereats.com/atlanta/food-delivery/wings-hut/1EbrCCWgSeGs4_WkE1JlpA,ellenwood-georgia
https://www.ubereats.com/atlanta/food-delivery/healthy-burger-express/i4CNVbWMQVujP2V01n_GvA,ellenwood-georgia
https://www.ubereats.com/atlanta/food-delivery/seven-sports-bar-%26-lounge/KxUtbUpxTmmx2OtNEmAYTg,ellenwood-georgia
https://www.ubereats.com/atlanta/food-delivery/wnb-factory-wings-%26-burger-stockbridge/GP1d2XuoS-KTJt-HMM07Zg,ellenwood-georgia
https://www.ubereats.com/atlanta/food-delivery/arbys-1460-hudson-bridge-rd/hdUpB_TJSzGOgid7XHqJzg,ellenwood-georgia
https://www.ubereats.com/atlanta/food-delivery/fat-boiz/QmzTPItETeqJuWOvYNzVAg,ellenwood-georgia
https://www.ubereats.com/atlanta/food-delivery/captain-ds-2422-wesley-chapel-road/GtgZGrmUQs21UCy8GwxvKg,ellenwood-georgia
https://www.ubereats.com/atlanta/food-delivery/hardees-1506219/4igvxU-fSoOfz1lN_GA6VQ,ellenwood-georgia
https://www.ubereats.com/atlanta/food-delivery/mamas-caribbean-grill/4hvfUdELRBqDe_MPxkEUjA,ellenwood-georgia
https://www.ubereats.com/atlanta/food-delivery/baba-jaan-pizza/IsRHCKajR-yVZx2nVwftbg,ellenwood-georgia
https://www.ubereats.com/atlanta/food-delivery/taco-bell-8127-tara-blvd/KZzi2vnVStio5slg4Jspgw,ellenwood-georgia
https://www.ubereats.com/atlanta/food-delivery/checkers-70-hwy-138/0OUTXzX1TOuYm7QfWCaRPg,ellenwood-georgia
https://www.ubereats.com/atlanta/food-delivery/dunkin-5663-jonesboro-rd/d1YRVY4GQBqWn7bY602iWA,ellenwood-georgia
https://www.ubereats.com/atlanta/food-delivery/wendys-6241-jonesboro-rd/rsreK0c3RUCKE8EhAZpXCw,ellenwood-georgia
https://www.ubereats.com/atlanta/food-delivery/sbarro-1000-southlake-mall-suite-1139/2L7eVqoGQ1mFVeA7zk3xlg,ellenwood-georgia
https://www.ubereats.com/atlanta/food-delivery/catalina-restaurant/SwzsS5-XRReRrAt_wXZR4A,ellenwood-georgia
https://www.ubereats.com/atlanta/food-delivery/china-star/evSEoQ6YT1Kxhga_PgQOEw,ellenwood-georgia
https://www.ubereats.com/atlanta/food-delivery/tasties-american-bbq/9h0llaYZT2utALjTTVRPaA,ellenwood-georgia
https://www.ubereats.com/atlanta/food-delivery/dominican-international-food/CL75DTGPSfKCfAUKXgisrQ,ellenwood-georgia
https://www.ubereats.com/atlanta/food-delivery/omni-100%25-wings-north-central-ave/WOV3oXpRSJurxKeQCTFVag,ellenwood-georgia
https://www.ubereats.com/atlanta/food-delivery/zaxbys-hwy-85/b4LGc8YSTKCysDw0dYQHmg,ellenwood-georgia
https://www.ubereats.com/atlanta/food-delivery/breakfast-house/KZoydS2kSveiq2dOTtL-Gw,ellenwood-georgia
https://www.ubereats.com/atlanta/food-delivery/jairs/WmDZzztrQA671NQQU31oVw,ellenwood-georgia
https://www.ubereats.com/atlanta/food-delivery/country-kitchen-buffet/9vFFiTkFQuOdPF8OPAmXpQ,ellenwood-georgia
https://www.ubereats.com/atlanta/food-delivery/wing-and-waffle-factory/_9m-ysTLS5CRfbjCTmpCOw,ellenwood-georgia
https://www.ubereats.com/atlanta/food-delivery/answer-the-bell/lHjyt1jfQdStvzPyLPn9pA,ellenwood-georgia
https://www.ubereats.com/atlanta/food-delivery/red-snapper%3A-fish-%26-chicken/4Jisev-uQz-TeAAB0kiYKg,ellenwood-georgia
https://www.ubereats.com/atlanta/food-delivery/kfc-102-highway-138-w/BoLUW92gSZabGaRejaKmtw,ellenwood-georgia
https://www.ubereats.com/atlanta/food-delivery/don-burrito-grill/Ec4RCUx5SNSr9X-xvycp2g,ellenwood-georgia
https://www.ubereats.com/atlanta/food-delivery/joy-lake-foodmart/5K-TuO6SQs2lA5_KsFYO9w,ellenwood-georgia
https://www.ubereats.com/atlanta/food-delivery/the-chat-%26-chew/W5WrIWjBRxm7iMAVfEw1jQ,ellenwood-georgia
https://www.ubereats.com/atlanta/food-delivery/el-gran-rico-pollaso/JVYJviFQRq6OHLuQp04sUQ,ellenwood-georgia
https://www.ubereats.com/atlanta/food-delivery/vibes-night-club/Ga8O_8yQQYKOlV27KshbIQ,ellenwood-georgia
https://www.ubereats.com/atlanta/food-delivery/k-wings-cafe-college-park/TnR9DgygQ2yuWBPn1mVp8A,ellenwood-georgia
https://www.ubereats.com/atlanta/food-delivery/wnb-factory-wings-%26-burger-ellenwood/uynN2cbNReOP9i8Q89LLLg,ellenwood-georgia
https://www.ubereats.com/atlanta/food-delivery/popeyes-5660-jonesboro-rd/JMABmKKkTTeEoR7HWTL52Q,ellenwood-georgia
https://www.ubereats.com/atlanta/food-delivery/get-fruity-cafe-college-park/MLrGbUK_RO2wLlpXrZGFMw,ellenwood-georgia
https://www.ubereats.com/atlanta/food-delivery/hunts-bros-pizza/pwyxtGtgRWW2m2A1Aq3Yxg,ellenwood-georgia
https://www.ubereats.com/atlanta/food-delivery/wnb-factory-wings-%26-burger-decatur/MfeKRE_NQ9unb6lEkWDpCA,ellenwood-georgia
https://www.ubereats.com/atlanta/food-delivery/del-taco-6791-highway-85/WYbaRpn4TxeyiHfX7G8rNA,ellenwood-georgia
https://www.ubereats.com/atlanta/food-delivery/subway-2940-anvil-block-rd/M_c3ZkCYRj2dOo9419YRyA,ellenwood-georgia
https://www.ubereats.com/atlanta/food-delivery/bole-ethiopian-restaurant/sVpbVMZgTr-CrzFpG_HGew,ellenwood-georgia
https://www.ubereats.com/atlanta/food-delivery/buka-2-restaurant/cl6VrRfuQAec2glZnvLZOw,ellenwood-georgia
https://www.ubereats.com/atlanta/food-delivery/hooters-tara-blvd/R9mYm_HtR6ypAX4Kj1nvaw,ellenwood-georgia
https://www.ubereats.com/atlanta/food-delivery/honey-baked-ham-old-national-hwy/dnIOr8MSR_a-OZQ3ihocZA,ellenwood-georgia
https://www.ubereats.com/atlanta/food-delivery/outback-steakhouse-200-north-park-court/4S0ca6xISWSE84bqiVrqeg,ellenwood-georgia
https://www.ubereats.com/atlanta/food-delivery/zaxbys-mount-zion-blvd/RiZeiGXTT3-uOvwVYLH50w,ellenwood-georgia
https://www.ubereats.com/atlanta/food-delivery/that-burger-spot!/tzmhkgVITiWGRjm1_yWAxg,ellenwood-georgia
https://www.ubereats.com/atlanta/food-delivery/joes-crab-shack-1965-mt-zion-rd/MTjhdhoYTaij3LcTS-FmZA,ellenwood-georgia
https://www.ubereats.com/atlanta/food-delivery/chicken-n-go/d0EB37OGQFiH_Bj_Jft_uQ,ellenwood-georgia
https://www.ubereats.com/atlanta/food-delivery/napoli-romeos-pizza/0ft1jt-TRF2qMLd2-CczcQ,ellenwood-georgia
https://www.ubereats.com/atlanta/food-delivery/gucamole-restaurant/HPhcPVoxRZOvu1MH6XrFjA,ellenwood-georgia
https://www.ubereats.com/atlanta/food-delivery/touchdown-wings-flakes-mill-rd/vGZwrOJ6TTWYrjmb6QFtQQ,ellenwood-georgia
https://www.ubereats.com/atlanta/food-delivery/seven-sports-bar/lN7XYMpLSUianal3ded9Yg,ellenwood-georgia
https://www.ubereats.com/atlanta/food-delivery/kfc-4845-jonesboro-rd/b83E9uzCTnafrjvE2IcN6Q,ellenwood-georgia
https://www.ubereats.com/atlanta/food-delivery/mama-rachels-kitchen/qHvRDynzTeG4YLMK_4wGng,ellenwood-georgia
https://www.ubereats.com/atlanta/food-delivery/escobar-restaurant-%26-tapas/kPEizvhmTeaymw9QsaC2Vg,ellenwood-georgia
https://www.ubereats.com/atlanta/food-delivery/american-deli-jonesboro/9hcK4c3bRyqy2PCj3gGgKg,ellenwood-georgia
https://www.ubereats.com/atlanta/food-delivery/papa-johns-5658-a-riverdale-road/NrOxmdC8TBuNJw_28Y73kg,ellenwood-georgia
https://www.ubereats.com/atlanta/food-delivery/tastys-chicken/MyxoGLWSTgGwS8iNmBcZmw,ellenwood-georgia
https://www.ubereats.com/atlanta/food-delivery/taco-bell-3887-highway-138-se/DOrET485TdycZ1SM5bHKWg,ellenwood-georgia
https://www.ubereats.com/atlanta/food-delivery/philly-king-xpress/kpyFIuD-RTeVrkPvbHJ66A,ellenwood-georgia
https://www.ubereats.com/atlanta/food-delivery/three-dollar-cafe-morrow/1JuYnLAPQXKket_vVxi_cw,ellenwood-georgia
https://www.ubereats.com/atlanta/food-delivery/captain-ds-7330-georgia-highway-85/T7yxnnjGR22lr1_mX7y-dA,ellenwood-georgia
https://www.ubereats.com/atlanta/food-delivery/magnolia-bbq-%26-fish/93tOoUwFRke5lkYX5H2QAw,ellenwood-georgia
https://www.ubereats.com/atlanta/food-delivery/isis-restaurant-and-lounge/wUiMqbi-S0qIH44x6nne7A,ellenwood-georgia
https://www.ubereats.com/atlanta/food-delivery/churchs-chicken-765-hwy-138-sw/QPyGZ_BgT7yCuu8I_NxyJg,ellenwood-georgia
https://www.ubereats.com/atlanta/food-delivery/sonic-5195-jonesboro-road/1J8NXsk7RtWcn791f-5pCg,ellenwood-georgia
https://www.ubereats.com/atlanta/food-delivery/china-one/nDF-Spp5RhSouo4D8Qjgig,ellenwood-georgia
https://www.ubereats.com/atlanta/food-delivery/wings-%26-fish-grill-stockbridge/SpuGYjFJQB6P6AZWek3SgQ,ellenwood-georgia
https://www.ubereats.com/atlanta/food-delivery/red-snapper/FR6Lx3esTPujC02n6Z02hA,ellenwood-georgia
https://www.ubereats.com/atlanta/food-delivery/spice-bistro/tv03TYaJSL2KIctr7ncDlQ,ellenwood-georgia
https://www.ubereats.com/atlanta/food-delivery/burger-king-119-highway-138/bQqryZsZT3mMcA0VHSOliw,ellenwood-georgia
https://www.ubereats.com/atlanta/food-delivery/checkers-4948-jonesboro-rd/aMU1u7sBSCSxQH2LlavIyw,ellenwood-georgia
https://www.ubereats.com/atlanta/food-delivery/mcdonalds-71-fairview-rd/jxHdTiRRQCSMCp8UDssbuA,ellenwood-georgia
https://www.ubereats.com/atlanta/food-delivery/dairy-queen-grill-%26-chill-6974-highway-85/A7rWQREJS8efv414O4bmpQ,ellenwood-georgia
https://www.ubereats.com/atlanta/food-delivery/kupcakerie/Ou1xdSY7QOyv8qbSPSvKgg,ellenwood-georgia
https://www.ubereats.com/atlanta/food-delivery/thai-garden/lejNw-fLS_CruyhPwmCedg,ellenwood-georgia
https://www.ubereats.com/atlanta/food-delivery/china-city-jonesboro/Uvsq5C5qSVGhoRyhMc8vCQ,ellenwood-georgia
https://www.ubereats.com/atlanta/food-delivery/pasquallys-pizza-%26-wings-335-upper-riverdale-rd/ARhIk4d_RUybbar-VTHavw,ellenwood-georgia
https://www.ubereats.com/atlanta/food-delivery/cold-stone-creamery-6309-jonesboro-rd/QpA34zwYSOSAfcOh0FiDoQ,ellenwood-georgia
https://www.ubereats.com/atlanta/food-delivery/wendys-7363-jonesboro-rd/-WHqLernQ1CZLfQnnT4k7g,ellenwood-georgia
https://www.ubereats.com/atlanta/food-delivery/red-lobster-6550-tara-blvd/w4ZOTek_SWerES9tHDJYiw,ellenwood-georgia
https://www.ubereats.com/atlanta/food-delivery/subway-5660-jonesboro-rd/Og6-gAmrQRyK1HNij4mNMg,ellenwood-georgia
https://www.ubereats.com/atlanta/food-delivery/sublimes-restaurant/WHqB566wRD6HUKSli86Geg,ellenwood-georgia
https://www.ubereats.com/atlanta/food-delivery/stevi-bs-pizza-buffet-stockbridge/F7D0aRtBRlm5Yv7wFl1TrA,ellenwood-georgia
https://www.ubereats.com/atlanta/food-delivery/seductive-potatoes/Lf8LOdovQ5-YkOZL3nCE1Q,ellenwood-georgia
https://www.ubereats.com/atlanta/food-delivery/boston-fish-supreme/lSTbvPs-SnOd5a0mSgDVeQ,ellenwood-georgia
https://www.ubereats.com/atlanta/food-delivery/city-garden/Clv6m9WXSNqf1alwx4IBhg,ellenwood-georgia
https://www.ubereats.com/atlanta/food-delivery/carrabbas-1887-mt-zion-road/EybhPOjmReukQEf0Mxy_vQ,ellenwood-georgia
https://www.ubereats.com/atlanta/food-delivery/churchs-chicken-5630-riverdale-rd/keDxmslLRzePNDpWy7SZ3g,ellenwood-georgia
https://www.ubereats.com/atlanta/food-delivery/papa-johns-5582-n-henry-blvd/QN9zHzE4Tg6YiD7YkhZ0hw,ellenwood-georgia
https://www.ubereats.com/atlanta/food-delivery/burger-king-5141-jonesboro-road/QzGhJj6WSbSAxyxVTtl0IQ,ellenwood-georgia
https://www.ubereats.com/atlanta/food-delivery/candler-food-center/8dXNu_NSRNSfRX6467oWLQ,ellenwood-georgia
https://www.ubereats.com/atlanta/food-delivery/chicago-style-sandwiches-%26-more-college-park/bTdSH3piSROCC0KF8jEfRQ,ellenwood-georgia
https://www.ubereats.com/atlanta/food-delivery/wats-crackin-garlic-crabs-kirkwood/f9EiyzTsSUSJtHkRb3dbLQ,ellenwood-georgia
https://www.ubereats.com/atlanta/food-delivery/burger-king-81-fairview-road/DKeUqWc2RVapQkK47lEmbA,ellenwood-georgia
https://www.ubereats.com/atlanta/food-delivery/annalieses-home-dinner-meals/fmuvvoJaQaiNPcnG38nYTw,ellenwood-georgia
https://www.ubereats.com/atlanta/food-delivery/mad-macs-gourmet-sandwich-shop/npTf5jrpSKeSLxOnfybzVw,ellenwood-georgia
https://www.ubereats.com/atlanta/food-delivery/kings-good-time-bbq/xXL5DT3qSHiHLBlzVlcNLg,ellenwood-georgia
https://www.ubereats.com/atlanta/food-delivery/dua-vietnamese-restaurant/tWuWObYJStaBlgTywkw5ZA,ellenwood-georgia
https://www.ubereats.com/atlanta/food-delivery/jbs-billiards-and-bar/2OfwrRzOTXeEL7CtOf5ROg,ellenwood-georgia
https://www.ubereats.com/atlanta/food-delivery/papa-johns-561-forest-parkway-suite-8/XcPjFT5uRc2vKNqK6ch2YA,ellenwood-georgia
https://www.ubereats.com/atlanta/food-delivery/vegetarian-fusion/z_2-_S3XQf2xhU_3MgNetA,ellenwood-georgia
https://www.ubereats.com/atlanta/food-delivery/zaxbys-29-hwy-138-west/NrcCZNX1QJK6PszX7rtxTg,ellenwood-georgia
https://www.ubereats.com/atlanta/food-delivery/salads-by-martha/EhBGMWMlRXOKJjZnjIVqOA,ellenwood-georgia
https://www.ubereats.com/atlanta/food-delivery/pit-boss-bbq-stockbridge/ZX-mYa50QIG1zoJEW_TXwQ,ellenwood-georgia
https://www.ubereats.com/atlanta/food-delivery/rays-southern-foods-catering-and-events-forest-park/WiYuxD2CQ-qxNrU88kag4Q,ellenwood-georgia
https://www.ubereats.com/atlanta/food-delivery/frontera-mex-mex-grill-stockbridge/QJ64AcSBQ72GS6uy5goegQ,ellenwood-georgia
https://www.ubereats.com/atlanta/food-delivery/genesis-bar-%26-grill-college-park/LQeS8_HETfualDtO4JcGWg,ellenwood-georgia
https://www.ubereats.com/atlanta/food-delivery/mr-everything-cafe-fairburn/SjMFMza7Q-yulqzdhKxCzA,ellenwood-georgia
https://www.ubereats.com/atlanta/food-delivery/ihop-3675-highway-138-se/TEHVhXDsQmSnTogVotcgDw,ellenwood-georgia
