url,city
https://www.ubereats.com/upstate-ny/food-delivery/oakdale-pizzamall/x_lNOQCzR_uXwKAiv8EVQQ,endicott-new-york
https://www.ubereats.com/upstate-ny/food-delivery/full-belly-deli/WG8b24eNThi808b75H4SzQ,endicott-new-york
https://www.ubereats.com/upstate-ny/food-delivery/the-spot-restaurant/gvi1AttIQ4qx_IB8b6Cu8g,endicott-new-york
https://www.ubereats.com/upstate-ny/food-delivery/friendlys-561-harry-l-dr/7f1XEHpBSJGtgUmd38pXEQ,endicott-new-york
https://www.ubereats.com/upstate-ny/food-delivery/starbucks-vestal-parkway/JYNjGu2-QrK7qWpkCp_kcQ,endicott-new-york
https://www.ubereats.com/upstate-ny/food-delivery/good-taste-chinese-restaurant/NpBLcR1YQCSp28-7TodtRA,endicott-new-york
https://www.ubereats.com/upstate-ny/food-delivery/pasquallys-pizza-%26-wings-3901-vestal-parkway-e/rgP0EIJCS7qZDeHYjUQwRQ,endicott-new-york
https://www.ubereats.com/upstate-ny/food-delivery/subway-61-washington-ave/QzQQnqagRe-cXzRtzMxkBg,endicott-new-york
https://www.ubereats.com/upstate-ny/food-delivery/jukebox-donut-shop/fYakjGzJSYOaDZLeS0mdFA,endicott-new-york
https://www.ubereats.com/upstate-ny/food-delivery/sweetest-thing/REmDpDdXShq11g0pQ_oPpQ,endicott-new-york
https://www.ubereats.com/upstate-ny/food-delivery/old-world-delicatessen/hXFe1oXkT1mIk_1Y19oS4A,endicott-new-york
https://www.ubereats.com/upstate-ny/food-delivery/taco-bell-220-reynolds-road/sHyPAjbgS8iJ8H9ghNt64A,endicott-new-york
https://www.ubereats.com/upstate-ny/food-delivery/binghamton-hots/U8cLHJtzQjaGuH0LNERdug,endicott-new-york
https://www.ubereats.com/upstate-ny/food-delivery/tipsy-toppings/nRDM4v9DQdCihjuWOdSpKw,endicott-new-york
https://www.ubereats.com/upstate-ny/food-delivery/subway-1007-union-center-maine-hwy/AkjcKFK7RSKYVBBMWYQ_RA,endicott-new-york
https://www.ubereats.com/upstate-ny/food-delivery/mcdonalds-3136-vestal-pky-e/CygpvyPCS1WN7rwgrZOd3Q,endicott-new-york
https://www.ubereats.com/upstate-ny/food-delivery/sonic-1103-upper-front-st/I6Gu6uYQTjejES1oHRdhzg,endicott-new-york
https://www.ubereats.com/upstate-ny/food-delivery/dunkin-3521-country-club-rd/mI0HLWATR8WVRJFLnq9NEA,endicott-new-york
https://www.ubereats.com/upstate-ny/food-delivery/kfc-4010-vestal-parkway-east/MJ-Gx8CRTNemC47BffDPyg,endicott-new-york
https://www.ubereats.com/upstate-ny/food-delivery/chipotle-mexican-grill-4698-vestal-pkwy-e/BHl0N2dMTgOvZhpequrqtQ,endicott-new-york
https://www.ubereats.com/upstate-ny/food-delivery/dos-rios-cantina/k4i4gnpCSYO1DXRaEAEnNA,endicott-new-york
https://www.ubereats.com/upstate-ny/food-delivery/mcdonalds-603-605-e-main-st/wsHbfzoDSD6ddZEvWN1acg,endicott-new-york
https://www.ubereats.com/upstate-ny/food-delivery/ihop-3720-vestal-parkway-east/2AIrVqsxTyOCIe5uNv6Z3w,endicott-new-york
https://www.ubereats.com/upstate-ny/food-delivery/caribbean-patty-world/Bls3I3vfRw6SrI71KyY3WQ,endicott-new-york
https://www.ubereats.com/upstate-ny/food-delivery/tgi-fridays-586-vestal-ny/-oFPIMYyQOq5Cu6Q4G_X6g,endicott-new-york
https://www.ubereats.com/upstate-ny/food-delivery/mcdonalds-167-main-st/pt6cyErxRImxpOpQhL6QLg,endicott-new-york
https://www.ubereats.com/upstate-ny/food-delivery/red-robin-713-2545-vestal-parkway-east/zs0qsA_HTNe0VuGY64nGSA,endicott-new-york
https://www.ubereats.com/upstate-ny/food-delivery/pizza-plus-aka-oakdale-pizza/6TB5QfqERLCTcYia06Jzxw,endicott-new-york
https://www.ubereats.com/upstate-ny/food-delivery/arbys-601-635-harry-l-dr-ste-45/9rhIYTWZT1-GGBlmwTcpTA,endicott-new-york
https://www.ubereats.com/upstate-ny/food-delivery/burger-king-290-main-street/Um-FZMh3STylaJvvG--3RQ,endicott-new-york
https://www.ubereats.com/upstate-ny/food-delivery/lovers-sushi-%26-hibachi/ePOpGZUmRsecLwPwGrJX-A,endicott-new-york
https://www.ubereats.com/upstate-ny/food-delivery/burger-king-3310-e-main-street/ZZSVGXOMSoi1aNcrBV8bnw,endicott-new-york
https://www.ubereats.com/upstate-ny/food-delivery/munchies-express/D-emmzbIRCCiicCVOhvE8g,endicott-new-york
https://www.ubereats.com/upstate-ny/food-delivery/the-belmar-pub-%26-grill/sbqKhRmQR6qRxSRUF8TQ6w,endicott-new-york
https://www.ubereats.com/upstate-ny/food-delivery/arbys-1329-upper-front-st/Fp8aoQw4QUCikD-ck-RbPA,endicott-new-york
https://www.ubereats.com/upstate-ny/food-delivery/wendys-3737-vestal-pkwy/TxUY_EQdTFSMAsFuaR3U0w,endicott-new-york
https://www.ubereats.com/upstate-ny/food-delivery/popeyes-164-main-st/iXtfXT1-Td2D08WGprfGXw,endicott-new-york
https://www.ubereats.com/upstate-ny/food-delivery/the-shop/roVO-tHmRH-MjM8hWSYqMg,endicott-new-york
https://www.ubereats.com/upstate-ny/food-delivery/cold-stone-creamery-4700-vestal-pkwy-e/oQ4c3eoSQ76JRj8e3tyKrw,endicott-new-york
https://www.ubereats.com/upstate-ny/food-delivery/auntie-annes-601-635-harry-l-dr-ste-%2317/OtFiqxnaQjmw8KafwMztHw,endicott-new-york
https://www.ubereats.com/upstate-ny/food-delivery/taco-bell-429-court-st/CR98ofn6SaOshpUOPe_oJQ,endicott-new-york
https://www.ubereats.com/upstate-ny/food-delivery/crown-fried-chicken-of-endicott/Q_UrEXWZSpi9YCrcp8CSPQ,endicott-new-york
https://www.ubereats.com/upstate-ny/food-delivery/subway-3801-vestal-pkwy-e-uppr-floor/EqJ90eu7QDausCYLI_Pd0Q,endicott-new-york
https://www.ubereats.com/upstate-ny/food-delivery/endzones/wQXyk-LGTm-RqJ3grB97aA,endicott-new-york
https://www.ubereats.com/upstate-ny/food-delivery/bitchin-fried-chicken/8AeRRsydQHi2VaxwmbGcPA,endicott-new-york
https://www.ubereats.com/upstate-ny/food-delivery/205-dry/e9kqvRaYRN6FbMu3SQxzNA,endicott-new-york
https://www.ubereats.com/upstate-ny/food-delivery/alaska-quick-mart-inc/kFteYu5AS82smBXI_zuHhA,endicott-new-york
https://www.ubereats.com/upstate-ny/food-delivery/oakdale-pizza-mall/6fjTMYvpRGO1mkt5aoUBrQ,endicott-new-york
https://www.ubereats.com/upstate-ny/food-delivery/burger-king-3100-ash-rd/Llisx8TNRKCTG67E4bQUrQ,endicott-new-york
https://www.ubereats.com/upstate-ny/food-delivery/dennys-1250-upper-front-st/9nGHlgMGRoqmaTGZpYwGPA,endicott-new-york
https://www.ubereats.com/upstate-ny/food-delivery/b-families-mart/AhXtCJf6RtyYl3VUOXLfcA,endicott-new-york
https://www.ubereats.com/upstate-ny/food-delivery/subway-160-vestal-pkwy-e/M8152YssQ2yQLIHNPSFbgQ,endicott-new-york
https://www.ubereats.com/upstate-ny/food-delivery/auntie-annes-601-harry-l-dr/als-lH-SSKi_MssaQb5tXA,endicott-new-york
https://www.ubereats.com/upstate-ny/food-delivery/the-cafe-on-seminary-avenue/6D_hQww9T2iva0BDg2LDFw,endicott-new-york
https://www.ubereats.com/upstate-ny/food-delivery/outback-steakhouse-3140-vestal-parkway-east/jTWXZb7pTGSZhSkVtwjz-w,endicott-new-york
https://www.ubereats.com/upstate-ny/food-delivery/food-fusion-bar-%26-grill/YYDNLWcTQCG7cmrb2NuAhg,endicott-new-york
https://www.ubereats.com/upstate-ny/food-delivery/arbys-3131-vestal-pkwy-e/iLfQ8OqSR9Wobc5nDBzZGQ,endicott-new-york
https://www.ubereats.com/upstate-ny/food-delivery/pinkies-bbq/mivZAQDFTs2UfN8idvPtDg,endicott-new-york
https://www.ubereats.com/upstate-ny/food-delivery/kennedy-fried-chicken-159-main-st/_owe4uZlQqC6ueiTtm29KQ,endicott-new-york
https://www.ubereats.com/upstate-ny/food-delivery/thats-a-wrap-%26-ice-cream-parlor/MVAN4OoBSHu6EsUlrXVJzg,endicott-new-york
https://www.ubereats.com/upstate-ny/food-delivery/dunkin-4005-vestal-pkwy/tKaWH3kEShynH2P43XHblQ,endicott-new-york
https://www.ubereats.com/upstate-ny/food-delivery/applebees-3701-vestal-parkway-east/SYyseUX4R16IFQ3R_BCDHg,endicott-new-york
https://www.ubereats.com/upstate-ny/food-delivery/subway-128-endwell-plz/i4H81maJRhWF4w435cWofg,endicott-new-york
https://www.ubereats.com/upstate-ny/food-delivery/chuck-e-cheese-3901-vestal-parkway-e/LPipbJFjSfSF4ho56l_1Jw,endicott-new-york
https://www.ubereats.com/upstate-ny/food-delivery/blaze-pizza-3714-vestal-pkwy-e/RLwPVYAhR1atoXTdePhRPQ,endicott-new-york
https://www.ubereats.com/upstate-ny/food-delivery/petersons-tavern/j-LPJgwRSiKyhEP6VzBhYg,endicott-new-york
https://www.ubereats.com/upstate-ny/food-delivery/baobao-hibachi/CXQSdnfATv-Em1uxPNdcWQ,endicott-new-york
https://www.ubereats.com/upstate-ny/food-delivery/red-lobster-1200-e-vestal-parkway/5mxZiQapTDWth7YE0eyReg,endicott-new-york
https://www.ubereats.com/upstate-ny/food-delivery/dunkin-201-vestal-pkwy-west/TT1NCROxQkC2DTFwDGBu8w,endicott-new-york
https://www.ubereats.com/upstate-ny/food-delivery/starbucks-university-plaza-vestal-parkway/4AvMkT_7RXigme7ghoz72Q,endicott-new-york
https://www.ubereats.com/upstate-ny/food-delivery/mcdonalds-3333-e-main-st/0dYznuUPQg-HSb0Eew1H8w,endicott-new-york
https://www.ubereats.com/upstate-ny/food-delivery/yoga-body-shop/toAUYs5qTYycFkHmuDqIaQ,endicott-new-york
https://www.ubereats.com/upstate-ny/food-delivery/1st-thai-basil/8NTvV6aXQNq6Y7InjfIEeA,endicott-new-york
https://www.ubereats.com/upstate-ny/food-delivery/maryams-mart-halal-foods-%26-gyro/sBTfuu9ARqGkR92TkrQp1w,endicott-new-york
https://www.ubereats.com/upstate-ny/food-delivery/moghul-indian-restaurant-%26-bar-inc/nFhWnR6JShak3dn3ERwjqg,endicott-new-york
https://www.ubereats.com/upstate-ny/food-delivery/new-century/kSnbv0MOTkCLJB1UU2NTfw,endicott-new-york
https://www.ubereats.com/upstate-ny/food-delivery/wingstreet-218-reynolds-rd/QAPndtFkQb6vnl_Be1F1MA,endicott-new-york
https://www.ubereats.com/upstate-ny/food-delivery/dennys-4024-vestal-parkway-east/28K0cH29TW6Jv5shAin_PQ,endicott-new-york
https://www.ubereats.com/upstate-ny/food-delivery/panera-3700-vestal-parkway-e/6aPynXtDTn-tYAnvo91aYw,endicott-new-york
https://www.ubereats.com/upstate-ny/food-delivery/despinas-mediterranean-taste/px-RX6wZSdmG1h8Dp3iXFw,endicott-new-york
https://www.ubereats.com/upstate-ny/food-delivery/mcdonalds-339-main-st/e1yCbfDrRzC4q-Gi35iM0A,endicott-new-york
https://www.ubereats.com/upstate-ny/food-delivery/kfc-237-main-street/z68lIJxSSM6-sjJTF1Q16A,endicott-new-york
https://www.ubereats.com/upstate-ny/food-delivery/bellas-deli-subs-%26-pizza/9QvKKh8VT9GBOo1YxOLFzQ,endicott-new-york
https://www.ubereats.com/upstate-ny/food-delivery/xtasy-restaurant-and-lounge/s9ad3JcvSdCmg1_m_wi91w,endicott-new-york
https://www.ubereats.com/upstate-ny/food-delivery/the-colonial/7IvzZvJFSDqzolJUtPyYCA,endicott-new-york
https://www.ubereats.com/upstate-ny/food-delivery/hot-pot-restaurant/j8e63DD1SNqk3j5gw-sWHA,endicott-new-york
https://www.ubereats.com/upstate-ny/food-delivery/five-guys-ny-0376-4700-vestal-pkwy-e/_P6snIJOR_qimAik3QDNJA,endicott-new-york
https://www.ubereats.com/upstate-ny/food-delivery/sake-tumi/ynpfPZjrQgWgm6tt9rlI2Q,endicott-new-york
https://www.ubereats.com/upstate-ny/food-delivery/arys-kitchen/D14HS0fuRgaGgIWNwtamXQ,endicott-new-york
https://www.ubereats.com/upstate-ny/food-delivery/k-%26-ks-the-old-teahouse/0NWhKew8Q3ax1EiT5Wr73A,endicott-new-york
https://www.ubereats.com/upstate-ny/food-delivery/pizza-hut-218-reynolds-rd/BgzYV1b2Tu6kl4kZXRO-qA,endicott-new-york
https://www.ubereats.com/upstate-ny/food-delivery/dunkin-216-reynolds-rd/CUMVyPyERXWLmB_zIlV_vg,endicott-new-york
https://www.ubereats.com/upstate-ny/food-delivery/dunkin-120-baldwin-st/1s9Fp8tBTRSVxg__pLDxlg,endicott-new-york
https://www.ubereats.com/upstate-ny/food-delivery/kfc-165-67-robinson-street/BYZddEt6Tc6LGAULrcHVUA,endicott-new-york
https://www.ubereats.com/upstate-ny/food-delivery/b%26h-grill/1X_qnafeRxu9ltBTzEXVTg,endicott-new-york
https://www.ubereats.com/upstate-ny/food-delivery/mcdonalds-560-harry-l-dr/ShZjcvSoTZq62njj2g_BgA,endicott-new-york
https://www.ubereats.com/upstate-ny/food-delivery/wendys-217-washington-ave/xC2RjL3TSlW46INxsvWdUQ,endicott-new-york
https://www.ubereats.com/upstate-ny/food-delivery/cracker-barrel-old-country-store-876-front-st/CkVg-S-rSbaiptczrvLmJg,endicott-new-york
https://www.ubereats.com/upstate-ny/food-delivery/sweetfrog-46-s-washington-st-suite-1/uaT8VmXxRZObOGN1WFE3Tw,endicott-new-york
https://www.ubereats.com/upstate-ny/food-delivery/subway-187-main-st/C3v_kl3pTmCzcP1PCzleqA,endicott-new-york
https://www.ubereats.com/upstate-ny/food-delivery/lone-maple-farm-llc/wFjQmW25R5qCjI-ogwk8xQ,endicott-new-york
https://www.ubereats.com/upstate-ny/food-delivery/papa-johns-589-harry-l-drive/STp1tpOOQDWXpusAHiuBlw,endicott-new-york
https://www.ubereats.com/upstate-ny/food-delivery/moes-southwest-grill-3612-vestal-parkway-east/wuyX1kKPRdmKGAxiJeuOQw,endicott-new-york
https://www.ubereats.com/upstate-ny/food-delivery/something-different-to-eat/756vwzIYT3enTeANDFoWqg,endicott-new-york
https://www.ubereats.com/upstate-ny/food-delivery/vestal-coal-house-cafe/6XBPdZj2SraZ7wqh0JEwvQ,endicott-new-york
https://www.ubereats.com/upstate-ny/food-delivery/quick-stop-deli-%26-halal-food/C5jj1CWkSH-6RZ_BCLf_Mw,endicott-new-york
https://www.ubereats.com/upstate-ny/food-delivery/taco-bell-2507-vestal-pkwy-east/wPxCXjkbTlqwqE60vhEADw,endicott-new-york
https://www.ubereats.com/upstate-ny/food-delivery/ripics-carousel-lanes/uGjskOkeR1ikXOxzBbmxrg,endicott-new-york
https://www.ubereats.com/upstate-ny/food-delivery/moes-southwest-grill-1257-upper-front-street/bQd6AXWXTEi95KymlD_YxQ,endicott-new-york
