url,city
https://www.ubereats.com/new-jersey/food-delivery/gorilla-grill/2OVP15IcT0a3MsfbKwYaww,englewood-cliffs-new-jersey
https://www.ubereats.com/new-jersey/food-delivery/cubbys-barbeque/V9-ab5NfTUi5mF7nTmkGfA,englewood-cliffs-new-jersey
https://www.ubereats.com/new-jersey/food-delivery/lao-ma-spicy/0GGo6yWTSsWmAxHVa951SQ,englewood-cliffs-new-jersey
https://www.ubereats.com/new-jersey/food-delivery/glaze-donuts/nFFtF26sS_WKHefScAbqoQ,englewood-cliffs-new-jersey
https://www.ubereats.com/new-jersey/food-delivery/starbucks-edgewater/tzW_ZUSmRwmPaRUdum4eew,englewood-cliffs-new-jersey
https://www.ubereats.com/new-jersey/food-delivery/the-boulevard-diner-north-bergen-nj/t8TnG9MPTUi5Jn4QMXsYhQ,englewood-cliffs-new-jersey
https://www.ubereats.com/new-jersey/food-delivery/fairmount-eats/z_X0IdESQWmmwmtI5lvQUQ,englewood-cliffs-new-jersey
https://www.ubereats.com/new-jersey/food-delivery/wingstop-north-bergen/WwL-EwINTfq-b0gR95VhXQ,englewood-cliffs-new-jersey
https://www.ubereats.com/new-jersey/food-delivery/deli-xpress/NOPdiLQCRQSxhqbOxTTtcQ,englewood-cliffs-new-jersey
https://www.ubereats.com/new-jersey/food-delivery/taco185/1ZU4TlUhTkyy5CtyYEN_6w,englewood-cliffs-new-jersey
https://www.ubereats.com/new-jersey/food-delivery/cubbys-bbq-restaurant/ZMgIhqAIR_681WkiJ7tlhw,englewood-cliffs-new-jersey
https://www.ubereats.com/new-jersey/food-delivery/yalla-teaneck/XV36kuXBSgOGrC6O18Mg9g,englewood-cliffs-new-jersey
https://www.ubereats.com/new-jersey/food-delivery/dunkin-433-riverdale-ave/Son06029TkGyxndamk0D9A,englewood-cliffs-new-jersey
https://www.ubereats.com/new-jersey/food-delivery/biggies/txZY9nb2SMOxhSE9oJIsqA,englewood-cliffs-new-jersey
https://www.ubereats.com/new-jersey/food-delivery/dunkin-851-yonkers-ave/e3ZfZ9zyR8SCL_Vp2fg4vw,englewood-cliffs-new-jersey
https://www.ubereats.com/new-jersey/food-delivery/manhattan-bagel-engelwood/SZOaVqbBRfeLa6qmGj4gYw,englewood-cliffs-new-jersey
https://www.ubereats.com/new-jersey/food-delivery/saladworks-east-rutherford/Pmk9jdtgQkKRdDqTGQ1Wqg,englewood-cliffs-new-jersey
https://www.ubereats.com/new-jersey/food-delivery/dunkin-754-river-rd/BncFC9mTQ-2DIPsR0VFw7A,englewood-cliffs-new-jersey
https://www.ubereats.com/new-jersey/food-delivery/decostas/F2sUrg5bQ1-ziX2SytzQbA,englewood-cliffs-new-jersey
https://www.ubereats.com/new-jersey/food-delivery/phobu/wwSQti0gT7GnZ7PxROK7Bg,englewood-cliffs-new-jersey
https://www.ubereats.com/new-jersey/food-delivery/tpr-pizzeria/cGetgNmCRRCiFY4mL3iTsg,englewood-cliffs-new-jersey
https://www.ubereats.com/new-jersey/food-delivery/outback-steakhouse-539-river-road/7u00QIz0TfqEw5eynacr1A,englewood-cliffs-new-jersey
https://www.ubereats.com/new-jersey/food-delivery/kinyobi/bBV9JXmxRRKN4-YHx2Y2kg,englewood-cliffs-new-jersey
https://www.ubereats.com/new-jersey/food-delivery/empanadas-monumental/heTga7VuQ7imzKrng5vdMQ,englewood-cliffs-new-jersey
https://www.ubereats.com/new-jersey/food-delivery/kumade/a0aByiVWR7yt3CjTf4YLnw,englewood-cliffs-new-jersey
https://www.ubereats.com/new-jersey/food-delivery/glaze-donuts/Hb1ykxODRyWhJLzOYnBCwg,englewood-cliffs-new-jersey
https://www.ubereats.com/new-jersey/food-delivery/mcdonalds-yonkers-s-broadway/R37Lp6xlRlWfooZ7gD9Zdg,englewood-cliffs-new-jersey
https://www.ubereats.com/new-jersey/food-delivery/bk-soul-food-%26-catering/DqhnldBhRUKb7gZQcA9j8A,englewood-cliffs-new-jersey
https://www.ubereats.com/new-jersey/food-delivery/jacks-lobster-shack/pIDAWBHKQkGOM-GlteAN3A,englewood-cliffs-new-jersey
https://www.ubereats.com/new-jersey/food-delivery/kfc-taco-bell-2170-fletcher-ave/3aiCZoZoQdGQxToYmyjIJQ,englewood-cliffs-new-jersey
https://www.ubereats.com/new-jersey/food-delivery/grand-%26-essex-market/_ygZecDKS6CetZdwluWNzw,englewood-cliffs-new-jersey
https://www.ubereats.com/new-jersey/food-delivery/greenhousejuices-and-cafe/gh1_Vn-ZTaWvGh9yXog-Ig,englewood-cliffs-new-jersey
https://www.ubereats.com/new-jersey/food-delivery/coffeecol-arepa-bar-%26-grill/dKYvraSTRu6BKMph--zcSg,englewood-cliffs-new-jersey
https://www.ubereats.com/new-jersey/food-delivery/obaltan-bbq-grill/JqtXXYhaRsS7hWf-c3xvPQ,englewood-cliffs-new-jersey
https://www.ubereats.com/new-jersey/food-delivery/king-hong-restaurant/PkAQWxrTTK-TPUWjaSZFlQ,englewood-cliffs-new-jersey
https://www.ubereats.com/new-jersey/food-delivery/aumm-aumm-at-the-brownstone/rcuzkYEfSoeEyElEhSquQg,englewood-cliffs-new-jersey
https://www.ubereats.com/new-jersey/food-delivery/picnic/YAx3T-8XRcKD1Qq_mscJqg,englewood-cliffs-new-jersey
https://www.ubereats.com/new-jersey/food-delivery/szechuan-express/DET3lW_mQ_qZMHGc7taD0A,englewood-cliffs-new-jersey
https://www.ubereats.com/new-jersey/food-delivery/grandmas-kitchen/yxMWZaSpSkmXO4pSPipM7w,englewood-cliffs-new-jersey
https://www.ubereats.com/new-jersey/food-delivery/baumgarts-cafe-englewood/Tpi6mTDzQUu3-f0rvcTM-g,englewood-cliffs-new-jersey
https://www.ubereats.com/new-jersey/food-delivery/masil-house/DTocBvGLSG-wgSWWGirYDA,englewood-cliffs-new-jersey
https://www.ubereats.com/new-jersey/food-delivery/dunkin-738-anderson-ave/f_DYSeDkQAqbMbLF1Y_pqA,englewood-cliffs-new-jersey
https://www.ubereats.com/new-jersey/food-delivery/danatonis-grill-%26-deli/mOWOteR3QRGOnCfPQUnpFA,englewood-cliffs-new-jersey
https://www.ubereats.com/new-jersey/food-delivery/a-taste-of-greece/EjgCtKIxQROkZIvfRlnIjw,englewood-cliffs-new-jersey
https://www.ubereats.com/new-jersey/food-delivery/farmhouse-cafe-and-eatery-cresskill/LY6zi_jwSk-n_thBS7PKcQ,englewood-cliffs-new-jersey
https://www.ubereats.com/new-jersey/food-delivery/chipotle-mexican-grill-81-e-state-rt-4-ste-101/kEmyzAnbQXuDDHlsLfol3g,englewood-cliffs-new-jersey
https://www.ubereats.com/new-jersey/food-delivery/midland-deli-%26-grill/YHqOCEClQnSYuIYqjGItKA,englewood-cliffs-new-jersey
https://www.ubereats.com/new-jersey/food-delivery/kaya/2Aw2GfetTGCnp4H0NsTe7g,englewood-cliffs-new-jersey
https://www.ubereats.com/new-jersey/food-delivery/kuba-restaurant/Mn3UI6lpTH-eP_PIdOxYeQ,englewood-cliffs-new-jersey
https://www.ubereats.com/new-jersey/food-delivery/poke-crew/CQhIARXERT6TAzJE2ZpACw,englewood-cliffs-new-jersey
https://www.ubereats.com/new-jersey/food-delivery/estihana/laVAXahuSWa1hUs3nLQUVw,englewood-cliffs-new-jersey
https://www.ubereats.com/new-jersey/food-delivery/gayeon-restaurant/lielwQTEQTWuWDwOrsZ2Pw,englewood-cliffs-new-jersey
https://www.ubereats.com/new-jersey/food-delivery/wok-bar/K0GFV034QxGLUuFXbFZGTA,englewood-cliffs-new-jersey
https://www.ubereats.com/new-jersey/food-delivery/gts-roti-shop/06bv8gJwQBe1tPX0rq8qCQ,englewood-cliffs-new-jersey
https://www.ubereats.com/new-jersey/food-delivery/352-riverdale-food-center/dnnQrN6dQk6D2jgdZBZSsA,englewood-cliffs-new-jersey
https://www.ubereats.com/new-jersey/food-delivery/dunkin-417-washington-ave/npL1GRCKRUWPhEsJR5x6Zg,englewood-cliffs-new-jersey
https://www.ubereats.com/new-jersey/food-delivery/shake-shack-1-garden-state-plaza/VtrDRk5LSai95-F_F_fyVQ,englewood-cliffs-new-jersey
https://www.ubereats.com/new-jersey/food-delivery/boom-boom-chicken-fort-lee/RlVKZqohRgWgS1qTN6CoLw,englewood-cliffs-new-jersey
https://www.ubereats.com/new-jersey/food-delivery/dunkin-275-s-washington-ave/aShVcpflRlmQLW4a2iMNQQ,englewood-cliffs-new-jersey
https://www.ubereats.com/new-jersey/food-delivery/linwood-pizza-fort-lee/NwW9saSSSrmJ1EQ62gDM0w,englewood-cliffs-new-jersey
https://www.ubereats.com/new-jersey/food-delivery/bareburger-78-the-promenade/Rgw3DmIRS-Sdl4aoyJGIOA,englewood-cliffs-new-jersey
https://www.ubereats.com/new-jersey/food-delivery/taste-of-jamaica/qQIx5pTmSka2BTh0WCBObg,englewood-cliffs-new-jersey
https://www.ubereats.com/new-jersey/food-delivery/restaurant-latino-hackensack/zNesqU_JQre6KlGiNyvZ6A,englewood-cliffs-new-jersey
https://www.ubereats.com/new-jersey/food-delivery/green-den/IaHk832oTeOTXcOdP1y3WA,englewood-cliffs-new-jersey
https://www.ubereats.com/new-jersey/food-delivery/chillers-grill-catering-express/WTNPZrU-T7OTAfDkNkpASw,englewood-cliffs-new-jersey
https://www.ubereats.com/new-jersey/food-delivery/blackjack-mulligans/5QIl1ia4Q86EmAAXixwKlg,englewood-cliffs-new-jersey
https://www.ubereats.com/new-jersey/food-delivery/eun-ha-soo-catering/3tCQ6__ORUmibB5gmBtLog,englewood-cliffs-new-jersey
https://www.ubereats.com/new-jersey/food-delivery/outback-steakhouse-1703-central-park-avenue/OnMVTgsaTmiY5kqCT99H3w,englewood-cliffs-new-jersey
https://www.ubereats.com/new-jersey/food-delivery/so-kong-dong-restaurant/BjScad1iSJ--MVj_sb7Ibg,englewood-cliffs-new-jersey
https://www.ubereats.com/new-jersey/food-delivery/angelos-greek-taverna/CWeScwWoTXuiu9JCdRp9fg,englewood-cliffs-new-jersey
https://www.ubereats.com/new-jersey/food-delivery/wendys-296-east-route-4/ZsbMOcAcTFyu6R55akHTyQ,englewood-cliffs-new-jersey
https://www.ubereats.com/new-jersey/food-delivery/blaze-pizza-65-route-4/vOhJ1iGURlCoJZEAzMt0Zw,englewood-cliffs-new-jersey
https://www.ubereats.com/new-jersey/food-delivery/sarku-japan/pEej4x6XSpacI6utVtoi1A,englewood-cliffs-new-jersey
https://www.ubereats.com/new-jersey/food-delivery/the-ice-cream-shop/amKR9iefQbqfH6Gd5Dg9hA,englewood-cliffs-new-jersey
https://www.ubereats.com/new-jersey/food-delivery/argonaut-diner/0q2gBAVvQIS2h2b0tZqkSQ,englewood-cliffs-new-jersey
https://www.ubereats.com/new-jersey/food-delivery/red-mango-edgewater/J8gnQrqoQ3mZ9DrNHhyBvg,englewood-cliffs-new-jersey
https://www.ubereats.com/new-jersey/food-delivery/applebees-southeast-yonkers-cross-county-mall/_uAbYY3KRBCQJ6XjdaC6xA,englewood-cliffs-new-jersey
https://www.ubereats.com/new-jersey/food-delivery/new-york-deli/O7EkzjjaQJqUWH16gA7smQ,englewood-cliffs-new-jersey
https://www.ubereats.com/new-jersey/food-delivery/burger-king-250-north-washington-avenue/HClEYA4hTi6H0di6vDC_ng,englewood-cliffs-new-jersey
https://www.ubereats.com/new-jersey/food-delivery/brisas-englewood/xZb6To3BTty5GAFnrYx0vA,englewood-cliffs-new-jersey
https://www.ubereats.com/new-jersey/food-delivery/chipotle-mexican-grill-450-hackensack-ave/cUPocu0uQe6KN6uwYzwJ-Q,englewood-cliffs-new-jersey
https://www.ubereats.com/new-jersey/food-delivery/la-giraldilla-latin-cuisine/HH9YjOhnTzONFf4wUAk6pw,englewood-cliffs-new-jersey
https://www.ubereats.com/new-jersey/food-delivery/tavlin/O9TqqjI4TxCT3ufLsYT8Ow,englewood-cliffs-new-jersey
https://www.ubereats.com/new-jersey/food-delivery/the-picco-tavern/hfqJjmt_TS-3XmDhMDMG4w,englewood-cliffs-new-jersey
https://www.ubereats.com/new-jersey/food-delivery/the-iron-horse/PEEyAQVTQQy8uoMUH3buXQ,englewood-cliffs-new-jersey
https://www.ubereats.com/new-jersey/food-delivery/dong-chun-hong/lSn1WNBpRYmHtty7pWsTrA,englewood-cliffs-new-jersey
https://www.ubereats.com/new-jersey/food-delivery/the-urban-hamlet/BpMSUQC7QViE-XauXJbiow,englewood-cliffs-new-jersey
https://www.ubereats.com/new-jersey/food-delivery/angelos-pizza-%26-pasta-fairview/4LsDYdoiSPKWSu49Fy4DJQ,englewood-cliffs-new-jersey
https://www.ubereats.com/new-jersey/food-delivery/coliseum-pizzeria/KqEQcMwCTrefTpHSGjYIdw,englewood-cliffs-new-jersey
https://www.ubereats.com/new-jersey/food-delivery/neha/2eLM7laUSSK3qkmdCi7h4Q,englewood-cliffs-new-jersey
https://www.ubereats.com/new-jersey/food-delivery/hunan-wok/vIQzsErrTXGHR7pWSh4oTw,englewood-cliffs-new-jersey
https://www.ubereats.com/new-jersey/food-delivery/jubilee-chocolate-cafe/VWB7tbxzSwSo9LJXQ7unXA,englewood-cliffs-new-jersey
https://www.ubereats.com/new-jersey/food-delivery/simply-vietnamese/2l7HmoQNSfu1rFJbA8g-Jg,englewood-cliffs-new-jersey
https://www.ubereats.com/new-jersey/food-delivery/el-valle-restaurant/0FbGWRMyRuCZ3_JRuqLClA,englewood-cliffs-new-jersey
https://www.ubereats.com/new-jersey/food-delivery/madison-cafe-%26-grill/a3uA8gmPQASQT50oIz2v-Q,englewood-cliffs-new-jersey
https://www.ubereats.com/new-jersey/food-delivery/batten-ramen/ldIi4QcuQ1CXCMHuQQe_zQ,englewood-cliffs-new-jersey
https://www.ubereats.com/new-jersey/food-delivery/samdan/20pQO1YMTX6FyYDyU-r5XA,englewood-cliffs-new-jersey
https://www.ubereats.com/new-jersey/food-delivery/cafe-trois/EeA4MRQHTFGzS-yXM8jgFQ,englewood-cliffs-new-jersey
https://www.ubereats.com/new-jersey/food-delivery/reggae-kitchen/Nbi6d5TVTsm_s3MJneZb0Q,englewood-cliffs-new-jersey
https://www.ubereats.com/new-jersey/food-delivery/saddle-brook-diner/4LLi18ESRrqEe5puuNqrEQ,englewood-cliffs-new-jersey
https://www.ubereats.com/new-jersey/food-delivery/pizza-pizza-fleetwood-mt-vernon/OoA4mUA4RemOXwVj2H_kVQ,englewood-cliffs-new-jersey
https://www.ubereats.com/new-jersey/food-delivery/da-antonio/eX77YzyHRPybD4-RMjSACA,englewood-cliffs-new-jersey
https://www.ubereats.com/new-jersey/food-delivery/garden-deli-and-grill/Up3-02oAQvmJIhMAGohfsQ,englewood-cliffs-new-jersey
https://www.ubereats.com/new-jersey/food-delivery/kings-village-food-inside-99-ranch-market/r3VL8TXSTheTCLVi_6WWiQ,englewood-cliffs-new-jersey
https://www.ubereats.com/new-jersey/food-delivery/guapo-cocina-mexicana/UAvGU8aeS4a7yV8f4ml1Lw,englewood-cliffs-new-jersey
https://www.ubereats.com/new-jersey/food-delivery/sammys-bagels/STeaLBnKR8GiTGpGVKBgUg,englewood-cliffs-new-jersey
https://www.ubereats.com/new-jersey/food-delivery/chillers-grill/KxTpA0V-QdCx5HdGK6YH2g,englewood-cliffs-new-jersey
https://www.ubereats.com/new-jersey/food-delivery/outback-steakhouse-455-harmon-meadow-boulevard/unaoOZDzQ6e-lG31ZLGQkQ,englewood-cliffs-new-jersey
https://www.ubereats.com/new-jersey/food-delivery/jade-lee-kitchen/jIy9mSjDSEuY4j1dwOOZvg,englewood-cliffs-new-jersey
https://www.ubereats.com/new-jersey/food-delivery/the-raw-squeeze/aaXoCb-3QxGpFMX06AZUWg,englewood-cliffs-new-jersey
https://www.ubereats.com/new-jersey/food-delivery/vish/5K-fgmoNSaSSuGeu9btrPg,englewood-cliffs-new-jersey
https://www.ubereats.com/new-jersey/food-delivery/hoshitori/LXP2pqIoSNO6DthBb3Gm3w,englewood-cliffs-new-jersey
https://www.ubereats.com/new-jersey/food-delivery/bensi-hasbrouck-heights/xsb7RT1LQTq6Nwr0G-Og1A,englewood-cliffs-new-jersey
https://www.ubereats.com/new-jersey/food-delivery/muk-eun-ji/b1mJP-q4TjiAoXsuinUOUg,englewood-cliffs-new-jersey
https://www.ubereats.com/new-jersey/food-delivery/simply-juiced-fort-lee/cw-ZMrSGRrCZUH1fnX-Qfg,englewood-cliffs-new-jersey
https://www.ubereats.com/new-jersey/food-delivery/sushi-cafe/JQ0LMqiiRIOq7S104uPbiw,englewood-cliffs-new-jersey
https://www.ubereats.com/new-jersey/food-delivery/mcdonalds-hackensack/tyzAhYpDQtC9TAaO1iiXNA,englewood-cliffs-new-jersey
https://www.ubereats.com/new-jersey/food-delivery/the-green-spot-salad-bar/kiWtd2NjSmOuuVSCq4gEig,englewood-cliffs-new-jersey
https://www.ubereats.com/new-jersey/food-delivery/ah-woo-rang/YIh_1GqwRN6zvjkBGHnQRw,englewood-cliffs-new-jersey
https://www.ubereats.com/new-jersey/food-delivery/carvel-450-hackensack-avenue/dQ1qETOvTjiUfL-qIIi9Rw,englewood-cliffs-new-jersey
https://www.ubereats.com/new-jersey/food-delivery/t-swirl-crepe/xAQ8joc1R5WXmRtPPl-GpA,englewood-cliffs-new-jersey
https://www.ubereats.com/new-jersey/food-delivery/palermo-ristorante-%26-pizzeria/dKOHsfoXSoybycOxmS4Pfg,englewood-cliffs-new-jersey
https://www.ubereats.com/new-jersey/food-delivery/don-chicken/PV9URw3tRyGjDBart3hv1w,englewood-cliffs-new-jersey
https://www.ubereats.com/new-jersey/food-delivery/firehouse-subs-hackensack/RGIzw6rhQo-mLDMzjzCB9Q,englewood-cliffs-new-jersey
https://www.ubereats.com/new-jersey/food-delivery/burger-king-811-palisade-ave/K281YJEEQT6M90spS12S-A,englewood-cliffs-new-jersey
https://www.ubereats.com/new-jersey/food-delivery/parkway-delicatessen/Amb99WVdQ3azRrovD8Xykg,englewood-cliffs-new-jersey
https://www.ubereats.com/new-jersey/food-delivery/johnnys-pizzeria/O5qtGAr9Tw68158XwlTzDg,englewood-cliffs-new-jersey
https://www.ubereats.com/new-jersey/food-delivery/tani-sushi-asian-grill/sX7AGrlbQO6Qqw4qSpY12g,englewood-cliffs-new-jersey
https://www.ubereats.com/new-jersey/food-delivery/istanblue-restaurant/nzgvT2SyRYuCZysXQRhhVg,englewood-cliffs-new-jersey
https://www.ubereats.com/new-jersey/food-delivery/bronxville-diner/jxnrzKiCSjmhbQ3I-MUhAA,englewood-cliffs-new-jersey
https://www.ubereats.com/new-jersey/food-delivery/tang-two/PDAkmTVkRwiO175cjNY1YQ,englewood-cliffs-new-jersey
https://www.ubereats.com/new-jersey/food-delivery/t-%26-thai-restaurant/-EEFDglxTE2iqwcDuKe3Gw,englewood-cliffs-new-jersey
https://www.ubereats.com/new-jersey/food-delivery/starbucks-hasbrouck-heights/7IKxpYKfQsCXUZ6yuC6hjw,englewood-cliffs-new-jersey
https://www.ubereats.com/new-jersey/food-delivery/georges-seafood/C3cvfCdsTfCRSWHPOUzi1w,englewood-cliffs-new-jersey
https://www.ubereats.com/new-jersey/food-delivery/five-guys-nj-0173-450-hackensack-ave/GsgSJPgYTNyS-ugCeq_3NA,englewood-cliffs-new-jersey
https://www.ubereats.com/new-jersey/food-delivery/thai-shack/l2HZh8rxRsugifRgomz3Rg,englewood-cliffs-new-jersey
https://www.ubereats.com/new-jersey/food-delivery/the-jersey-market/YypjwFOkSku17QPIvtwL6Q,englewood-cliffs-new-jersey
https://www.ubereats.com/new-jersey/food-delivery/boom-boom-chicken-rutherford/zQfcTwiyQ8WqN1qNq242eQ,englewood-cliffs-new-jersey
https://www.ubereats.com/new-jersey/food-delivery/dosa-and-biryani-house/Wp0u3jyCRhO6G3YOzDg5EQ,englewood-cliffs-new-jersey
https://www.ubereats.com/new-jersey/food-delivery/hanam-korean-bbq-house-%ED%95%98%EB%82%A8-%EB%B0%94%EB%B2%A0%ED%81%90/VG5ZhUyNTVWJMu2labPAvg,englewood-cliffs-new-jersey
https://www.ubereats.com/new-jersey/food-delivery/backstreet-cafe/jlfkWckzTgaJpZw5AK5vew,englewood-cliffs-new-jersey
https://www.ubereats.com/new-jersey/food-delivery/soles-pizza/b400NF-XRWmoMbk1gET9LA,englewood-cliffs-new-jersey
https://www.ubereats.com/new-jersey/food-delivery/kung-fu-tea-fort-lee/B334YLzCRCWLM7zurtJnWw,englewood-cliffs-new-jersey
https://www.ubereats.com/new-jersey/food-delivery/starbucks-rt-17-south-paramus/GtHC47EOSEO6RmgaNl_GsQ,englewood-cliffs-new-jersey
https://www.ubereats.com/new-jersey/food-delivery/dantes-italian-restaurant/9KAf9sRkTzmAOJlu0tf4-A,englewood-cliffs-new-jersey
https://www.ubereats.com/new-jersey/food-delivery/kfc-hackensack/IswNp6h6RCWvvSD4VKuDnA,englewood-cliffs-new-jersey
https://www.ubereats.com/new-jersey/food-delivery/its-greek-to-me-fort-lee/BnJQyVUiQniSTr6ufY5oDQ,englewood-cliffs-new-jersey
https://www.ubereats.com/new-jersey/food-delivery/davant-bakery/j4A7SJbVTiqVQOnBKFbIgg,englewood-cliffs-new-jersey
https://www.ubereats.com/new-jersey/food-delivery/sender-smokehouse/9QSMO5QiRJKlFcrOlBKwqQ,englewood-cliffs-new-jersey
https://www.ubereats.com/new-jersey/food-delivery/baggios/ocZ6iECiSWKA-Bulj5h0TQ,englewood-cliffs-new-jersey
https://www.ubereats.com/new-jersey/food-delivery/the-happy-belly-cafe/MLDJh3IeS-KnvefWVhUJ3g,englewood-cliffs-new-jersey
https://www.ubereats.com/new-jersey/food-delivery/veggie-%2B-englewood/Vz6ie-DbTQWqLneChJ0VWA,englewood-cliffs-new-jersey
https://www.ubereats.com/new-jersey/food-delivery/bonchon-chicken-184-essex-st/aB62rhebR-CI58xDL41r9A,englewood-cliffs-new-jersey
https://www.ubereats.com/new-jersey/food-delivery/tea-garden-washington-ave/alfk5JHHSqGnIvqw5SrMhg,englewood-cliffs-new-jersey
https://www.ubereats.com/new-jersey/food-delivery/el-tango-argentina-englewood/IVgwqCBBTvq7WS9FSGXoFg,englewood-cliffs-new-jersey
https://www.ubereats.com/new-jersey/food-delivery/red-bowl/wcVgmIEAS_SxPLibroas2g,englewood-cliffs-new-jersey
https://www.ubereats.com/new-jersey/food-delivery/veggie-heaven/L3Zwjua5TbKj30KIQI5d5Q,englewood-cliffs-new-jersey
https://www.ubereats.com/new-jersey/food-delivery/englewood-bagels-%26-cafe/vm1zZ52xT3yUBBSFQu4dSA,englewood-cliffs-new-jersey
https://www.ubereats.com/new-jersey/food-delivery/gong-cha-1630-lemoine-ave/BUUGA136QU67JE3r7prwdg,englewood-cliffs-new-jersey
https://www.ubereats.com/new-jersey/food-delivery/chipotle-mexican-grill-10-nathaniel-pl/JdqgPVxtSVCDfPjH6UJegg,englewood-cliffs-new-jersey
https://www.ubereats.com/new-jersey/food-delivery/the-brothers-grocery/r4Fbd2hfQQa1gglOjPb-eg,englewood-cliffs-new-jersey
https://www.ubereats.com/new-jersey/food-delivery/father-%26-son-seafood-and-steak-n-take/pleJXasNSqGIf_YzvM38Zw,englewood-cliffs-new-jersey
https://www.ubereats.com/new-jersey/food-delivery/menya-sandaime-bergen-blvd/ZytwQiO5QaqnxeOMZTrA5w,englewood-cliffs-new-jersey
https://www.ubereats.com/new-jersey/food-delivery/oh-mammy-curry-factory/EiiCyzjAQtawDVy0vGYNfw,englewood-cliffs-new-jersey
https://www.ubereats.com/new-jersey/food-delivery/135-applebees-north-bergen/6H7rdMjET1OIvgve5IYqew,englewood-cliffs-new-jersey
https://www.ubereats.com/new-jersey/food-delivery/don-chicken/BMDvm-VeRjGIvJ2GyDgoVw,englewood-cliffs-new-jersey
https://www.ubereats.com/new-jersey/food-delivery/el-primo/O_dmD2o-RZCQVotSt8hlSA,englewood-cliffs-new-jersey
https://www.ubereats.com/new-jersey/food-delivery/the-picco-market/YRhwJXPARXaxus_mdZ2lJg,englewood-cliffs-new-jersey
https://www.ubereats.com/new-jersey/food-delivery/ludlows-deli-%26-grocery-restaurant/o5oNH-eyQhOIyRiFmZdTSA,englewood-cliffs-new-jersey
https://www.ubereats.com/new-jersey/food-delivery/kfc-309-e-sandford-blvd/bjhd5kwkRqOPUac0bqiTqg,englewood-cliffs-new-jersey
https://www.ubereats.com/new-jersey/food-delivery/throwback-cafe/m_NnTrqTSqWSc5F6IMTGxA,englewood-cliffs-new-jersey
https://www.ubereats.com/new-jersey/food-delivery/cresskill-hot-bagels/NQVSeSwWTxmpklpVIj2cvQ,englewood-cliffs-new-jersey
https://www.ubereats.com/new-jersey/food-delivery/gyro-king/khpxP4KTQN2WSG7XX-o2bQ,englewood-cliffs-new-jersey
https://www.ubereats.com/new-jersey/food-delivery/smashburger-1103-rte-46-east/eTjwGYt3Rt2Br7-ESMHe1Q,englewood-cliffs-new-jersey
https://www.ubereats.com/new-jersey/food-delivery/bgr-the-burger-joint-2060-mall-walk/5Uia7xr5R9mKGn0tzymtBg,englewood-cliffs-new-jersey
https://www.ubereats.com/new-jersey/food-delivery/la-havana-59/W2NyiOasS9m6wCYXx_86Nw,englewood-cliffs-new-jersey
https://www.ubereats.com/new-jersey/food-delivery/fonda-5-de-mayo/Ie-fmns7TieEfhToCv9DjQ,englewood-cliffs-new-jersey
https://www.ubereats.com/new-jersey/food-delivery/antojitos-mexicanos-los-primos/ydRcup7iTa6CJRl6gWUmTw,englewood-cliffs-new-jersey
https://www.ubereats.com/new-jersey/food-delivery/boom-boom-chicken-paramus/gkrWrhpsQBGFU_PsaXvuGw,englewood-cliffs-new-jersey
https://www.ubereats.com/new-jersey/food-delivery/pasquallys-pizza-%26-wings-275-e-route-4-ste-1/P8nDLkZwRwi_CSOp5jcbUg,englewood-cliffs-new-jersey
https://www.ubereats.com/new-jersey/food-delivery/han-nam-food-court/4T_qEduRQW2lFPwiTyOewg,englewood-cliffs-new-jersey
https://www.ubereats.com/new-jersey/food-delivery/bartolomeo-deli-and-pizza/mr6rULaSREmBOZLA7fGRIA,englewood-cliffs-new-jersey
https://www.ubereats.com/new-jersey/food-delivery/dunkin-1406-teaneck-rd/F1hNzVblRAGajbFEwc2ezw,englewood-cliffs-new-jersey
https://www.ubereats.com/new-jersey/food-delivery/simply-sushi-bergenfield/31hY4qx5QkaDfeVGlCOZUw,englewood-cliffs-new-jersey
https://www.ubereats.com/new-jersey/food-delivery/soosanghanpocha/yEkMEzaFSgS_qtg1TPR0CQ,englewood-cliffs-new-jersey
https://www.ubereats.com/new-jersey/food-delivery/maggies-southern-kitchen/ARmi3sceSp-_QkRJBTCqvg,englewood-cliffs-new-jersey
https://www.ubereats.com/new-jersey/food-delivery/tjs-southern-gourmet/XMJCnFM8TN-tc3CDQ9qExQ,englewood-cliffs-new-jersey
https://www.ubereats.com/new-jersey/food-delivery/asian-american-food-mart/QM-JrFJgTS6Eg6HrYMLytA,englewood-cliffs-new-jersey
https://www.ubereats.com/new-jersey/food-delivery/the-firehouse-restaurant-bar-and-catering/2ETt84CPQaSflVTYXxEY-Q,englewood-cliffs-new-jersey
https://www.ubereats.com/new-jersey/food-delivery/menya-sandaime-parker-ave/w9EFezr5SvqdpYHSsYcBMQ,englewood-cliffs-new-jersey
https://www.ubereats.com/new-jersey/food-delivery/cuban-eddies/5AFco4gqQOi-uY5_b6TGWA,englewood-cliffs-new-jersey
https://www.ubereats.com/new-jersey/food-delivery/golmok-restaurant/zo9vOyNKTTS1hwmUOxMisA,englewood-cliffs-new-jersey
https://www.ubereats.com/new-jersey/food-delivery/dunkin-222-bergen-blvd/DXs6H7A7RXiE1m4n29pErA,englewood-cliffs-new-jersey
https://www.ubereats.com/new-jersey/food-delivery/tres-chaves-restaurant/7-fVRfCpRneR-HjRb14o9g,englewood-cliffs-new-jersey
https://www.ubereats.com/new-jersey/food-delivery/busan-gukbap/bfJe4OhdRv2vIyHcbgIklw,englewood-cliffs-new-jersey
https://www.ubereats.com/new-jersey/food-delivery/gjonis-pizza/Dq0056giQum8Lluj9BQKrQ,englewood-cliffs-new-jersey
https://www.ubereats.com/new-jersey/food-delivery/the-ice-cream-shop/LprLSwhWQUyyVoE1asDkqw,englewood-cliffs-new-jersey
https://www.ubereats.com/new-jersey/food-delivery/the-bagel-shoppe/N18k_SUOSAGiVM4szR6CCA,englewood-cliffs-new-jersey
https://www.ubereats.com/new-jersey/food-delivery/yummy-treats-cafe/S_PjMFuUShiASd563TmgCA,englewood-cliffs-new-jersey
https://www.ubereats.com/new-jersey/food-delivery/mei-hibachi-steak-house/7WMDR0_XTHSKsmADaaOJFQ,englewood-cliffs-new-jersey
https://www.ubereats.com/new-jersey/food-delivery/dong-bang-grill/iGsUS4UHT16JqxZjQO-6EQ,englewood-cliffs-new-jersey
https://www.ubereats.com/new-jersey/food-delivery/halal-grillo/9hl6Xb9SS_Wa8aHlVKB7JQ,englewood-cliffs-new-jersey
https://www.ubereats.com/new-jersey/food-delivery/market-eatery-badaya/Ngt6mmt3SzWx4uQVFCCXCQ,englewood-cliffs-new-jersey
https://www.ubereats.com/new-jersey/food-delivery/teri-teri-japanese-restaurant-north-bergen/3-9H5gt8Szq0AAPFrIKRwQ,englewood-cliffs-new-jersey
https://www.ubereats.com/new-jersey/food-delivery/go-sports-bar-%26-lounge/SHyC5ovTToaOiYMSFYIJcg,englewood-cliffs-new-jersey
https://www.ubereats.com/new-jersey/food-delivery/sababa-grill/0qe1htDTQn-JNDCrdvLNTQ,englewood-cliffs-new-jersey
https://www.ubereats.com/new-jersey/food-delivery/cinco-de-mayo-mexican-grill/HLRQgieYTsSjhysQB94Z3g,englewood-cliffs-new-jersey
https://www.ubereats.com/new-jersey/food-delivery/moge-tee-%E6%84%BF%E8%8C%B6-fort-lee/SOI4_v69QP6f10uexKylmg,englewood-cliffs-new-jersey
https://www.ubereats.com/new-jersey/food-delivery/taco-bell-171-state-rt-17/B3OiNEaMSguY-DZ-AstvSw,englewood-cliffs-new-jersey
https://www.ubereats.com/new-jersey/food-delivery/teri-teri-edgewater/sSN7mnUGSKKNmoWl6eihAg,englewood-cliffs-new-jersey
https://www.ubereats.com/new-jersey/food-delivery/dunkin-1091-main-st/tSUMAlo0S_uWNPlM4mTsBw,englewood-cliffs-new-jersey
https://www.ubereats.com/new-jersey/food-delivery/green-shell/jYI11UNPQ0SuiPGpwyR-lA,englewood-cliffs-new-jersey
https://www.ubereats.com/new-jersey/food-delivery/just-platters/wBmHLbVNTuiLQ7rUBokUDA,englewood-cliffs-new-jersey
https://www.ubereats.com/new-jersey/food-delivery/bbq-chicken-fort-lee-nj/POuIbb7OQNeGZC32HFFjqQ,englewood-cliffs-new-jersey
https://www.ubereats.com/new-jersey/food-delivery/blue-42/LKsAdhJvQyqqE4TaSRhTLA,englewood-cliffs-new-jersey
https://www.ubereats.com/new-jersey/food-delivery/shanghai-restaurant/h2bE1SibR26-vEYaBYlpag,englewood-cliffs-new-jersey
https://www.ubereats.com/new-jersey/food-delivery/starbucks-emerson-kinderkamack/b-VAvOhiTPS4OzyxcrDioA,englewood-cliffs-new-jersey
https://www.ubereats.com/new-jersey/food-delivery/my-ranch-taqueria/CkJu4XaERfGFSzJPfgDoIA,englewood-cliffs-new-jersey
https://www.ubereats.com/new-jersey/food-delivery/bings-burger/r9tmqAVcRmeoSNDj-6uhAw,englewood-cliffs-new-jersey
https://www.ubereats.com/new-jersey/food-delivery/empanada-mania/oHGs70DZSHKY4vZkveAvWw,englewood-cliffs-new-jersey
https://www.ubereats.com/new-jersey/food-delivery/aura-thai-kitchen/7WDQ3b63T2mTCsd11gxqxA,englewood-cliffs-new-jersey
https://www.ubereats.com/new-jersey/food-delivery/choripan-rodizio-parrillada-argentina/2ZP76z0QTxOd_g3F7Pw-OQ,englewood-cliffs-new-jersey
https://www.ubereats.com/new-jersey/food-delivery/dairy-queen-treat-550-broad-ave/UPuFOKX-QneKV2GHegl0FA,englewood-cliffs-new-jersey
https://www.ubereats.com/new-jersey/food-delivery/dunkin-209-main-st/QxqsdPxRQZCqXSKlsHntjA,englewood-cliffs-new-jersey
https://www.ubereats.com/new-jersey/food-delivery/its-greek-to-me/yoWN0jupQ6yHctZq4Q1TFQ,englewood-cliffs-new-jersey
https://www.ubereats.com/new-jersey/food-delivery/big-bowls-little-plates-rutherford/Bpe7MHV4TPC0kfwg2-3QxA,englewood-cliffs-new-jersey
https://www.ubereats.com/new-jersey/food-delivery/vitales-restaurant/3sm_VFy8SPCE40dT-A9IiA,englewood-cliffs-new-jersey
https://www.ubereats.com/new-jersey/food-delivery/victors-pizza/2jyZA0SlSmGaBUaQdSOoKQ,englewood-cliffs-new-jersey
https://www.ubereats.com/new-jersey/food-delivery/panchos-burritos-new-milford/nqYEd5mIT9qdrFqYLUm21A,englewood-cliffs-new-jersey
https://www.ubereats.com/new-jersey/food-delivery/mei-wei-east/cwVm0vxHRySQ1GRC77X8VQ,englewood-cliffs-new-jersey
https://www.ubereats.com/new-jersey/food-delivery/antipasti-pizza-%26-wine-bar/hDCnDNwtSnuN9gS8ZYy9_w,englewood-cliffs-new-jersey
https://www.ubereats.com/new-jersey/food-delivery/schnitzel-%2B-englewood/KAWYi2e0Qs-fswLcAI7uSg,englewood-cliffs-new-jersey
https://www.ubereats.com/new-jersey/food-delivery/hummus-elite/4_zKsFDeSliYoH2KnwKpmg,englewood-cliffs-new-jersey
https://www.ubereats.com/new-jersey/food-delivery/atlixcayotl-taqueria/yLRPyheISQyFkRRdTuHcuQ,englewood-cliffs-new-jersey
https://www.ubereats.com/new-jersey/food-delivery/yalla-2go/8z4U1Z9RSB2HQnxbawPvfQ,englewood-cliffs-new-jersey
https://www.ubereats.com/new-jersey/food-delivery/wendys-150-north-washington-ave/9ziMDlwISXKB55gvl7OD9Q,englewood-cliffs-new-jersey
https://www.ubereats.com/new-jersey/food-delivery/pelicana-chicken-dumont/rQ9JNc0IQ5qsbiunA1dvTg,englewood-cliffs-new-jersey
https://www.ubereats.com/new-jersey/food-delivery/taco-bell-622-market-street/vqqvrCVCRayBG3xCMXeMSw,englewood-cliffs-new-jersey
https://www.ubereats.com/new-jersey/food-delivery/cmc-deli/lyLw1egUSfKClVfc9EElVA,englewood-cliffs-new-jersey
https://www.ubereats.com/new-jersey/food-delivery/namhansansung/U1MnEv0pT0y7gfzjja9Z8g,englewood-cliffs-new-jersey
https://www.ubereats.com/new-jersey/food-delivery/juices-for-life-yonkers/-T4AovE7QSelhrFjHmagNQ,englewood-cliffs-new-jersey
https://www.ubereats.com/new-jersey/food-delivery/mr-kold-kuts/Fb40t0EzTCGDoY4O3Lsu4Q,englewood-cliffs-new-jersey
https://www.ubereats.com/new-jersey/food-delivery/las-maravillas-de-tulcingo-3/BGN-j_kHSmG2aL9JcyDG1w,englewood-cliffs-new-jersey
https://www.ubereats.com/new-jersey/food-delivery/hack%22n-shack-burger/lwTsy7QGQ0CdAnwMSGJP-Q,englewood-cliffs-new-jersey
https://www.ubereats.com/new-jersey/food-delivery/banner-deli/z0FEr8PkRFm3y-waPPX7og,englewood-cliffs-new-jersey
https://www.ubereats.com/new-jersey/food-delivery/tcby/YX_tCvK1QDeyC-AFuB1gsQ,englewood-cliffs-new-jersey
https://www.ubereats.com/new-jersey/food-delivery/sushi-house/dfBUUmEwQ8Oxp8_nU3Ywsw,englewood-cliffs-new-jersey
https://www.ubereats.com/new-jersey/food-delivery/dunkin-1196-anderson-ave/mXNipMEVSza3HEttBbLqvg,englewood-cliffs-new-jersey
https://www.ubereats.com/new-jersey/food-delivery/the-taco-shop/H8fwNqCnTbiFTe7xoTmI-Q,englewood-cliffs-new-jersey
https://www.ubereats.com/new-jersey/food-delivery/fuki-sushi/C9lcj0Y9RVe6AM-yggOZxQ,englewood-cliffs-new-jersey
https://www.ubereats.com/new-jersey/food-delivery/taqueria-los-gueros-englewood-nj/0pMO2dVuRpq8MOWJMF1Hmg,englewood-cliffs-new-jersey
https://www.ubereats.com/new-jersey/food-delivery/bop-n-sushi/z24R9GlxQVCysqFqnq40hA,englewood-cliffs-new-jersey
https://www.ubereats.com/new-jersey/food-delivery/ajae-budae-korean-restaurant/QvFkgS8LRduQ8cY2DzsM9g,englewood-cliffs-new-jersey
https://www.ubereats.com/new-jersey/food-delivery/dunkin-470-broad-ave/ZIoCpsDkRimHdyjPNSTLcw,englewood-cliffs-new-jersey
https://www.ubereats.com/new-jersey/food-delivery/circle-pizza/czs4HunZRsqUGOOHaEYl5A,englewood-cliffs-new-jersey
https://www.ubereats.com/new-jersey/food-delivery/golmok-restaurant/Ylefg8CaTj-cOPZzVYlldw,englewood-cliffs-new-jersey
https://www.ubereats.com/new-jersey/food-delivery/just-platters/hGOctzdYTkuH3ZIxZk8Y0g,englewood-cliffs-new-jersey
https://www.ubereats.com/new-jersey/food-delivery/sarku-japan/g6wXGrWnS8ax4PMHb7fvEw,englewood-cliffs-new-jersey
https://www.ubereats.com/new-jersey/food-delivery/jinn-ice-cream-rolls/CWzoNdVgS567JX_5C0SrYg,englewood-cliffs-new-jersey
https://www.ubereats.com/new-jersey/food-delivery/mortons-the-steakhouse-one-riverside-square/ZUTvGduaSX2DtZgUWcFBbw,englewood-cliffs-new-jersey
https://www.ubereats.com/new-jersey/food-delivery/five-twelve/DROmC6t0Qx-orfuGWcEJpQ,englewood-cliffs-new-jersey
https://www.ubereats.com/new-jersey/food-delivery/food-train/fbnTXM8cT8Cj1ceEYBLqPA,englewood-cliffs-new-jersey
https://www.ubereats.com/new-jersey/food-delivery/ventanas-restaurant-%26-lounge/AA7H1TPGRd6Qq2_WpvfZGA,englewood-cliffs-new-jersey
https://www.ubereats.com/new-jersey/food-delivery/blimpie/95hRNU4LRpOAcYND8H2LVQ,englewood-cliffs-new-jersey
https://www.ubereats.com/new-jersey/food-delivery/demarest-deli/vFJnkukCQ2y8WMX3Vgv8JQ,englewood-cliffs-new-jersey
https://www.ubereats.com/new-jersey/food-delivery/djerdan-burek-factory/BAdL_kaGQaWnf8oTGUjTUA,englewood-cliffs-new-jersey
https://www.ubereats.com/new-jersey/food-delivery/charcoal-grill-fushion/Cv_epedMQg2lxM3lbuQlVA,englewood-cliffs-new-jersey
https://www.ubereats.com/new-jersey/food-delivery/rosa-mexicano-riverside-square/k4LY4KzpQ8WCQutu1I24Bw,englewood-cliffs-new-jersey
https://www.ubereats.com/new-jersey/food-delivery/parisi-deli-%26-liquors/33rQLcKGRqqqZqCksZBXLQ,englewood-cliffs-new-jersey
https://www.ubereats.com/new-jersey/food-delivery/bangkok-city-5th-ave/WksN77w3Sgm9WF6NosK4PQ,englewood-cliffs-new-jersey
https://www.ubereats.com/new-jersey/food-delivery/bean-%26-bean-coffee-fort-lee/ZgoCkmJGSYGHMOdx7u1qqQ,englewood-cliffs-new-jersey
https://www.ubereats.com/new-jersey/food-delivery/old-san-juan-express/sYH63rKsTpedXCv2-1Ca2A,englewood-cliffs-new-jersey
https://www.ubereats.com/new-jersey/food-delivery/pho-thai-lao-kitchen/6079L_L9Q8SoKFoBN8IzoQ,englewood-cliffs-new-jersey
https://www.ubereats.com/new-jersey/food-delivery/pasteles-y-algo-mas/JfmaputBQQeVCsxPtoKqHQ,englewood-cliffs-new-jersey
https://www.ubereats.com/new-jersey/food-delivery/flemings-prime-steakhouse-%26-wine-bar-edgewater/HeE3I4XbT_egizH43p5bsg,englewood-cliffs-new-jersey
https://www.ubereats.com/new-jersey/food-delivery/gogo-sushi/Kxg4-f53QeyYuzI60lvV1Q,englewood-cliffs-new-jersey
https://www.ubereats.com/new-jersey/food-delivery/cupcakes-by-carousel/KSIdUURQRoOREM0Uvx1IZg,englewood-cliffs-new-jersey
https://www.ubereats.com/new-jersey/food-delivery/patisserie-florentine/BF0Hs1lbQY2-DsZz-Ffk_Q,englewood-cliffs-new-jersey
https://www.ubereats.com/new-jersey/food-delivery/hunan-express/kwBOpxwZR2iw_MyRPTJa_A,englewood-cliffs-new-jersey
https://www.ubereats.com/new-jersey/food-delivery/organicnaturebowls/O5cACjpCRkmYeYXpql80vA,englewood-cliffs-new-jersey
https://www.ubereats.com/new-jersey/food-delivery/snap-stop/zhgDj7G3QLmFurbQWAZ9CA,englewood-cliffs-new-jersey
https://www.ubereats.com/new-jersey/food-delivery/cafe-metro/hFSHRbKVSXq-z_0F6r7lvQ,englewood-cliffs-new-jersey
https://www.ubereats.com/new-jersey/food-delivery/dumpling-den-fort-lee-nj/4n2OvlSNRi28-cew3Qr1Fw,englewood-cliffs-new-jersey
https://www.ubereats.com/new-jersey/food-delivery/dong-fang-chuan-dian-bbq-restaurant/S1aE3NLdSAq2sg-MUgQvxw,englewood-cliffs-new-jersey
https://www.ubereats.com/new-jersey/food-delivery/cafe-rx-piermont-rd/-UsbgBT5QeKsdFLjiJOV2Q,englewood-cliffs-new-jersey
https://www.ubereats.com/new-jersey/food-delivery/burgerim-477-s-washington-ave/NuJVL9DoSseNhCUPP9LN2g,englewood-cliffs-new-jersey
https://www.ubereats.com/new-jersey/food-delivery/armandos-tuscan-grill-westwood-ave/B1su73svQWKS5iNH1XZGcA,englewood-cliffs-new-jersey
https://www.ubereats.com/new-jersey/food-delivery/mr-cupcakes-700-paramus-park/tM6GOHTIS0Sl6W33_bul0A,englewood-cliffs-new-jersey
https://www.ubereats.com/new-jersey/food-delivery/hong-kong-restaurant/1hrcKmgORleJieDgIhec3w,englewood-cliffs-new-jersey
https://www.ubereats.com/new-jersey/food-delivery/little-italy-%40-grand-and-essex-market/Wz7PcH3pTZ2OMVv-imgWLA,englewood-cliffs-new-jersey
https://www.ubereats.com/new-jersey/food-delivery/ooohsogood-comfort-food/i2B0Fu7VQaSkwktBoMwsXg,englewood-cliffs-new-jersey
https://www.ubereats.com/new-jersey/food-delivery/vitos-bakery-deli/93Fm0cZlTOWmX3C5ytM18w,englewood-cliffs-new-jersey
https://www.ubereats.com/new-jersey/food-delivery/j-%26-g-deli-and-market/cOLLU_okQYyKFcSelUrqwA,englewood-cliffs-new-jersey
https://www.ubereats.com/new-jersey/food-delivery/aj-sushi/VlpBFwBsS9uCbEtVFcgTSA,englewood-cliffs-new-jersey
https://www.ubereats.com/new-jersey/food-delivery/bonchon-chicken-2467-lemoine-ave/f4G_SoFCQqGiHlae9NDoOw,englewood-cliffs-new-jersey
https://www.ubereats.com/new-jersey/food-delivery/pintxo-y-tapas/KfExvVH3RjGAhVlMFvhvGg,englewood-cliffs-new-jersey
https://www.ubereats.com/new-jersey/food-delivery/yasou-paros/EpLy0l4LSiapbWElBlbF-w,englewood-cliffs-new-jersey
https://www.ubereats.com/new-jersey/food-delivery/a-taste-of-sicily/N9K9ygeJR9KwFTlGKbKrAQ,englewood-cliffs-new-jersey
https://www.ubereats.com/new-jersey/food-delivery/nihon-kai-japanese-restaurant/aUjDxmOhTaCUhFr5lrSgVQ,englewood-cliffs-new-jersey
https://www.ubereats.com/new-jersey/food-delivery/wingstop-415-s-washington-ave/ubjqkXUiTO-TqoxHWBqQeA,englewood-cliffs-new-jersey
https://www.ubereats.com/new-jersey/food-delivery/sumo-tao-sushi/UgiTUxqnTRKxKX0aFPdkQg,englewood-cliffs-new-jersey
https://www.ubereats.com/new-jersey/food-delivery/q-tea-tapas/rqIcp7LrTv-bjYi9t6Rofw,englewood-cliffs-new-jersey
https://www.ubereats.com/new-jersey/food-delivery/new-asia-chinese-restaurant/NZFWcNQ7TPOMEj53IZ7KWQ,englewood-cliffs-new-jersey
https://www.ubereats.com/new-jersey/food-delivery/palermos-bakery-ridgefield-park/GND2qyKXQ2yKXaQdmagtUw,englewood-cliffs-new-jersey
https://www.ubereats.com/new-jersey/food-delivery/14-parish-caribbean-kitchen/REF_T3dBTbyEciliojJE_A,englewood-cliffs-new-jersey
https://www.ubereats.com/new-jersey/food-delivery/carvel-240-south-summit-avenue/FXIEjLl4RgqOJvcDuoKa3g,englewood-cliffs-new-jersey
https://www.ubereats.com/new-jersey/food-delivery/the-ice-cream-shop/Xm2NCoZlTeqvXu_NwA2P-g,englewood-cliffs-new-jersey
https://www.ubereats.com/new-jersey/food-delivery/dunkin-427-anderson-ave/X6JeKwluTo2b6lPNTsvrHA,englewood-cliffs-new-jersey
https://www.ubereats.com/new-jersey/food-delivery/tenafly-classic-diner/mfxCSfpTQG-g3oqbXzkUhQ,englewood-cliffs-new-jersey
https://www.ubereats.com/new-jersey/food-delivery/la-mezza-restaurant/YfiyTs8HThSDLpu5w3g1bw,englewood-cliffs-new-jersey
https://www.ubereats.com/new-jersey/food-delivery/bv-tuscany-italian-restaurant/24kLXsKTTj-3y7K2vzhmGw,englewood-cliffs-new-jersey
https://www.ubereats.com/new-jersey/food-delivery/son-ja-jang-restaurant/Legt_psfQOmczxOEDWCSmw,englewood-cliffs-new-jersey
https://www.ubereats.com/new-jersey/food-delivery/eggty8-cafe/sBBhiTOITp-V9YBFdxSs1Q,englewood-cliffs-new-jersey
https://www.ubereats.com/new-jersey/food-delivery/kungfu-crab/BtFjQwDbTYeWmoKtgEctVw,englewood-cliffs-new-jersey
https://www.ubereats.com/new-jersey/food-delivery/ma-mi-eatery/yiYO1-6gR9amxwFpougR5Q,englewood-cliffs-new-jersey
https://www.ubereats.com/new-jersey/food-delivery/poke-aloha/eqFIaPnbTkSy7_psbtfWow,englewood-cliffs-new-jersey
https://www.ubereats.com/new-jersey/food-delivery/koko-loko-coffee/9v3yYM7nRVSlSoB03TRCdw,englewood-cliffs-new-jersey
https://www.ubereats.com/new-jersey/food-delivery/dolce-%26-salato/GYnKpNJAQDiQ5nreidD37Q,englewood-cliffs-new-jersey
https://www.ubereats.com/new-jersey/food-delivery/englewood-diner/l188Xe1MT5-v8pRG9zCmZA,englewood-cliffs-new-jersey
https://www.ubereats.com/new-jersey/food-delivery/superjuice-nation/2PKI5nukTMKgZk2aAUm7_Q,englewood-cliffs-new-jersey
https://www.ubereats.com/new-jersey/food-delivery/porto-wood-burning-pizza-%26-pasta/CiamGw--QzepLgDo9MrGjQ,englewood-cliffs-new-jersey
https://www.ubereats.com/new-jersey/food-delivery/brazeiro-churrascaria/ozKUSkdpRdSvmVv1MwrElw,englewood-cliffs-new-jersey
https://www.ubereats.com/new-jersey/food-delivery/bread-boutique-%26-cafe/HfiFQ1ZaReGnizgZSsdomQ,englewood-cliffs-new-jersey
https://www.ubereats.com/new-jersey/food-delivery/nelys-restaurant/ygYQLxZQTDmyv92Fjr5HAw,englewood-cliffs-new-jersey
https://www.ubereats.com/new-jersey/food-delivery/dumpling-house/diRSIyj2S9WPNLx7HKnwWg,englewood-cliffs-new-jersey
https://www.ubereats.com/new-jersey/food-delivery/takayama-sushi-steakhouse/GrAWhf9HQoiTyfuBKWfyxQ,englewood-cliffs-new-jersey
https://www.ubereats.com/new-jersey/food-delivery/fitcook-meals/Uf1d3ay0RpGSaL2G2o2Lwg,englewood-cliffs-new-jersey
https://www.ubereats.com/new-jersey/food-delivery/chock-full-o-nuts/8fU6DNFfR-aLzzQvWDREqQ,englewood-cliffs-new-jersey
https://www.ubereats.com/new-jersey/food-delivery/you-chun/ypXwG-3CQF6NxoTkpWjqwA,englewood-cliffs-new-jersey
https://www.ubereats.com/new-jersey/food-delivery/cafe-angelique/03DX5sCmSfOFik5zhVNxdA,englewood-cliffs-new-jersey
https://www.ubereats.com/new-jersey/food-delivery/donichi/WZA5MjZGRj6YlrwD7cmiMg,englewood-cliffs-new-jersey
https://www.ubereats.com/new-jersey/food-delivery/el-turco-grill/qOw_N8adQtaXy-Ex8wH9Iw,englewood-cliffs-new-jersey
https://www.ubereats.com/new-jersey/food-delivery/burger-king-684-river-road/SPCNK3mqTLOpL0EunXYKBQ,englewood-cliffs-new-jersey
https://www.ubereats.com/new-jersey/food-delivery/big-bowls-little-plates-h-mart-paramus/sA5u6YYrQfS8hA7zEuql3g,englewood-cliffs-new-jersey
https://www.ubereats.com/new-jersey/food-delivery/dunkin-39-w-palisade-ave/sPM4k74ES_aejTxbO-jaTQ,englewood-cliffs-new-jersey
https://www.ubereats.com/new-jersey/food-delivery/la-pizzeria-del-sabor/5VPb7HGZTmStKZUDHMHABw,englewood-cliffs-new-jersey
https://www.ubereats.com/new-jersey/food-delivery/on-the-border-paramus/4fB9AsHjQ16h1MjuDuG8ZQ,englewood-cliffs-new-jersey
https://www.ubereats.com/new-jersey/food-delivery/jerk-shack-grill/6bN0VVaaR8G1Vl3CsmsioQ,englewood-cliffs-new-jersey
https://www.ubereats.com/new-jersey/food-delivery/starbucks-rte-46-w-little-ferry/U-aYge7DTx-8uVprWX5PfQ,englewood-cliffs-new-jersey
https://www.ubereats.com/new-jersey/food-delivery/no-1-kitchen/_9N6H8WYSAW9nOlYbT1v0Q,englewood-cliffs-new-jersey
https://www.ubereats.com/new-jersey/food-delivery/avos-grill/RiQ9fpbQSIOm5mMThxCAdg,englewood-cliffs-new-jersey
https://www.ubereats.com/new-jersey/food-delivery/sal-%26-pimienta-colombian-restaurant/R-iCfZkPT_q71zQKTlVcaw,englewood-cliffs-new-jersey
https://www.ubereats.com/new-jersey/food-delivery/daisys-grill/oANXkc4IR4qzJ-Lz36XbTw,englewood-cliffs-new-jersey
https://www.ubereats.com/new-jersey/food-delivery/pollos-mario/Un4ygGlOR3evtaCLXziNHQ,englewood-cliffs-new-jersey
https://www.ubereats.com/new-jersey/food-delivery/subway-559-cedar-ln/GtwVltRoQA6HYbpinMHzpQ,englewood-cliffs-new-jersey
https://www.ubereats.com/new-jersey/food-delivery/jersey-mikes-subs-rochelle-park/i-_hF59HRnCa0clEn_Fu7w,englewood-cliffs-new-jersey
https://www.ubereats.com/new-jersey/food-delivery/madang/mDOa48EKRcmb0YVvuIBmcw,englewood-cliffs-new-jersey
https://www.ubereats.com/new-jersey/food-delivery/to-sok-chon/WKtvxq_nRee5F9Z8uKRZLw,englewood-cliffs-new-jersey
https://www.ubereats.com/new-jersey/food-delivery/mcdonalds-river-edge-main/9qj0fJhlTjOrU0FoQ4VjPg,englewood-cliffs-new-jersey
https://www.ubereats.com/new-jersey/food-delivery/boston-market-1605-lemoine-avenue/4D5KzyjVShyzMOTtZ33ATg,englewood-cliffs-new-jersey
https://www.ubereats.com/new-jersey/food-delivery/panera-10-sterling-boulevard/nRSQbxClQLavEhTB7us4mA,englewood-cliffs-new-jersey
https://www.ubereats.com/new-jersey/food-delivery/cocohodo-palisades-park/hCbcM6-xRQ2J1yMVlnVjCQ,englewood-cliffs-new-jersey
https://www.ubereats.com/new-jersey/food-delivery/wendys-420-us-highway-46/GvwOpwLoQnWJpSD3yytFcQ,englewood-cliffs-new-jersey
https://www.ubereats.com/new-jersey/food-delivery/gong-cha-palisades-park/pzRAFRD8TyKOKA-6Jn0p-Q,englewood-cliffs-new-jersey
https://www.ubereats.com/new-jersey/food-delivery/wawa-8326-150-essex-street/scnlL5L8TZ2VjKXBMoIGwQ,englewood-cliffs-new-jersey
https://www.ubereats.com/new-jersey/food-delivery/gamja-tang-tang/6TOJU3_6T4OQd8bpGBitew,englewood-cliffs-new-jersey
https://www.ubereats.com/new-jersey/food-delivery/dunkin-590-nepperhan-ave/jPV8YpeaRKWAK5ZTp3P4qA,englewood-cliffs-new-jersey
https://www.ubereats.com/new-jersey/food-delivery/caridad-%26-louies-yonkers/hKiIsH6FTyi9XeLZLnJW0w,englewood-cliffs-new-jersey
https://www.ubereats.com/new-jersey/food-delivery/cocohodo-closter/PJsu-e91RoWihoPZwbhiXw,englewood-cliffs-new-jersey
https://www.ubereats.com/new-jersey/food-delivery/starbucks-fort-lee-route-4-e/UyKLe2RPTnOD8XLRjpaMSg,englewood-cliffs-new-jersey
https://www.ubereats.com/new-jersey/food-delivery/el-piloncito/ovs_RXnIQaKW28PY1AgtVQ,englewood-cliffs-new-jersey
https://www.ubereats.com/new-jersey/food-delivery/el-carretero-de-bergenfield/4wJcMmFXTLC0H_lc6TNLOg,englewood-cliffs-new-jersey
https://www.ubereats.com/new-jersey/food-delivery/new-world-chinese-restaurant/AMI3y9Y7RR25MfKtkRpgFg,englewood-cliffs-new-jersey
https://www.ubereats.com/new-jersey/food-delivery/rebar-%26-kitchen/Q7cpolI6RamS2jVrX3JM4A,englewood-cliffs-new-jersey
https://www.ubereats.com/new-jersey/food-delivery/food-avenue/AUc8Ytr7Qqi7-ZHoNqVGcw,englewood-cliffs-new-jersey
https://www.ubereats.com/new-jersey/food-delivery/pf-changs-390-hackensack-ave-suite-50/N2P5QPT-S_6EKw68lC0m_w,englewood-cliffs-new-jersey
https://www.ubereats.com/new-jersey/food-delivery/mr-franks-llc/xQ2GQwj0TmuSX5RTeEBi1A,englewood-cliffs-new-jersey
https://www.ubereats.com/new-jersey/food-delivery/henrys-pizzeria-restaurant/vg2Z2QF7SZaXJh2PZgiBpQ,englewood-cliffs-new-jersey
https://www.ubereats.com/new-jersey/food-delivery/dunkin-296-mclean-ave/I0P86aMlREi0CnkYsYRc7A,englewood-cliffs-new-jersey
https://www.ubereats.com/new-jersey/food-delivery/square-2-luncheonette/a-fOKlgQTzqJHlhpturI_A,englewood-cliffs-new-jersey
https://www.ubereats.com/new-jersey/food-delivery/torino-pizzeria-restaurant/y9Vm0W-SQyKVovTlJBPg1Q,englewood-cliffs-new-jersey
https://www.ubereats.com/new-jersey/food-delivery/beyoglu-grill/GWb2DNagQieNCWhHDJaqBA,englewood-cliffs-new-jersey
https://www.ubereats.com/new-jersey/food-delivery/soupdumplingplus/k4MQo-hIRWSFmLjjN-vO2g,englewood-cliffs-new-jersey
https://www.ubereats.com/new-jersey/food-delivery/delite-bake-shop/HOzrcmB5Tb6LPM3UF44FFw,englewood-cliffs-new-jersey
https://www.ubereats.com/new-jersey/food-delivery/tomo/SK_aiM78TP6eTJOWli6Qbg,englewood-cliffs-new-jersey
https://www.ubereats.com/new-jersey/food-delivery/dong-hae-susan-%EB%8F%99%ED%95%B4%EC%9D%BC%EC%8B%9D/vIEqD-OkQ-KXnqCSLL8k_A,englewood-cliffs-new-jersey
https://www.ubereats.com/new-jersey/food-delivery/el-malecon/FAvhHa6DQXuZ8rGDcNjUMg,englewood-cliffs-new-jersey
https://www.ubereats.com/new-jersey/food-delivery/taco-bell-415-south-washington-ave/gZwrQTfjSSq1ucRDPt4fcQ,englewood-cliffs-new-jersey
https://www.ubereats.com/new-jersey/food-delivery/red-white-and-pasta/SBqw05zgRkqsv8P2Ox76hg,englewood-cliffs-new-jersey
https://www.ubereats.com/new-jersey/food-delivery/kabob-on-the-cliff/tdVM1-uHSr29FaBbtYmgQg,englewood-cliffs-new-jersey
https://www.ubereats.com/new-jersey/food-delivery/pizza-pros/M7cPHWX5QLu9Ymn9ZMxS2Q,englewood-cliffs-new-jersey
https://www.ubereats.com/new-jersey/food-delivery/di-marias-deli/nG4Qn0NLRoaKN-NbDg0XRA,englewood-cliffs-new-jersey
https://www.ubereats.com/new-jersey/food-delivery/rispoli-pastry-shop-ridgefield/XLIba83rTZu_rwnMIKQMcw,englewood-cliffs-new-jersey
https://www.ubereats.com/new-jersey/food-delivery/bbq-chicken-palisades-park-nj/QknzzXoRTGixjkeTgsoORQ,englewood-cliffs-new-jersey
https://www.ubereats.com/new-jersey/food-delivery/panda-express-3080-mall-walk/MtBKHmN6QHaaRskdx1WLUg,englewood-cliffs-new-jersey
https://www.ubereats.com/new-jersey/food-delivery/kudo-society-cafe/3FP57jaiQ_a-hmItHm5KOg,englewood-cliffs-new-jersey
https://www.ubereats.com/new-jersey/food-delivery/cafe-luna/n0AloRdbTdesLxU3cudsog,englewood-cliffs-new-jersey
https://www.ubereats.com/new-jersey/food-delivery/chapala-grill/S7KyxWfGRRu_UidO3ra_Jw,englewood-cliffs-new-jersey
https://www.ubereats.com/new-jersey/food-delivery/starbucks-lemoine-ave/YK5p7p4YT7mVtAqLqnK88Q,englewood-cliffs-new-jersey
https://www.ubereats.com/new-jersey/food-delivery/sazon-centroamericano/p5HawrIDS-qdSDTppcIbZw,englewood-cliffs-new-jersey
https://www.ubereats.com/new-jersey/food-delivery/planted-eats/4sD1CSlwRtO3FsXZ1BAa5Q,englewood-cliffs-new-jersey
https://www.ubereats.com/new-jersey/food-delivery/new-golden-city/orEwW6o7Rpmdk0rpXE7EUA,englewood-cliffs-new-jersey
https://www.ubereats.com/new-jersey/food-delivery/ihop-610-cedar-lane/g54wPrQnSce5lVpZ4sdE8w,englewood-cliffs-new-jersey
https://www.ubereats.com/new-jersey/food-delivery/dunkin-9001-bergenline-ave/xZFH57bORECfWG4GPq1tIA,englewood-cliffs-new-jersey
https://www.ubereats.com/new-jersey/food-delivery/prestos-new-york-%231/I4oNF7Q6S5Oa8Un83xMt1g,englewood-cliffs-new-jersey
https://www.ubereats.com/new-jersey/food-delivery/dunkin-250-bergen-tpke/C805SYiAQmWsSsPWqAjqHg,englewood-cliffs-new-jersey
https://www.ubereats.com/new-jersey/food-delivery/the-beer-spot-%26-grill/sgOFH_rUQj-Cb3NMsnST_Q,englewood-cliffs-new-jersey
https://www.ubereats.com/new-jersey/food-delivery/la-casa-del-buen-sabor/-Qb0Twj1RDKR4Y5Jxd99-Q,englewood-cliffs-new-jersey
https://www.ubereats.com/new-jersey/food-delivery/chipotle-mexican-grill-134-linwood-plz/vE0ULbDyTbm_4d42lDpT8g,englewood-cliffs-new-jersey
https://www.ubereats.com/new-jersey/food-delivery/borderline-bagels/74GLKXGfQ6O3gPe_3eVlAQ,englewood-cliffs-new-jersey
https://www.ubereats.com/new-jersey/food-delivery/mei-sushi/lPSRdvYpTfqaUFKsfS98Dg,englewood-cliffs-new-jersey
https://www.ubereats.com/new-jersey/food-delivery/namaste-fusion/DfN9rptZRlyu8MUO7f4fFw,englewood-cliffs-new-jersey
https://www.ubereats.com/new-jersey/food-delivery/dipped-doughnuts/hENwvv-ZRiSVb-LizVpkrw,englewood-cliffs-new-jersey
https://www.ubereats.com/new-jersey/food-delivery/big-papa-smokem-bbq/sGr76GXWTx6fLUlqYlEMxw,englewood-cliffs-new-jersey
https://www.ubereats.com/new-jersey/food-delivery/j-maru-sushi/xoxcP8pzS8iXdOPksVIVVA,englewood-cliffs-new-jersey
https://www.ubereats.com/new-jersey/food-delivery/lotus-thai-cuisine/6tuxrNc3SsSljJfFd5Wu9w,englewood-cliffs-new-jersey
https://www.ubereats.com/new-jersey/food-delivery/dunkin-1430-route-46-east/x2Z1Hn7iTnqE53UIfj-8LQ,englewood-cliffs-new-jersey
https://www.ubereats.com/new-jersey/food-delivery/snack-stop/fGDpuWlLQqS9TfBWREYotw,englewood-cliffs-new-jersey
https://www.ubereats.com/new-jersey/food-delivery/villa-de-colombia/nOfcgMV4SDO-KxfbIYbEWA,englewood-cliffs-new-jersey
https://www.ubereats.com/new-jersey/food-delivery/tommy-foxs-public-house/O_tl0zRDQt-u-zotMssjjA,englewood-cliffs-new-jersey
https://www.ubereats.com/new-jersey/food-delivery/lets-go-healthy-with-platter-king/ewwl94HdRuyqtg0udOvwog,englewood-cliffs-new-jersey
https://www.ubereats.com/new-jersey/food-delivery/piazza-di-pizza/rsIJbNhIQLu7qrE2EwD5qA,englewood-cliffs-new-jersey
https://www.ubereats.com/new-jersey/food-delivery/sweet-berry-bowls-englewood/4JiJ-MzMQR6CBRN9pw6DOg,englewood-cliffs-new-jersey
https://www.ubereats.com/new-jersey/food-delivery/jersey-mikes-2151-lemoine-avenue/Sk02MU6bTm2tM1gGj6l6bA,englewood-cliffs-new-jersey
https://www.ubereats.com/new-jersey/food-delivery/china-palace/Nb-ITvj9TkSYm7Qs8_VDhA,englewood-cliffs-new-jersey
https://www.ubereats.com/new-jersey/food-delivery/new-east-chinese-restaurant/0MLN_f_4SWyBkhP_SXgB1w,englewood-cliffs-new-jersey
https://www.ubereats.com/new-jersey/food-delivery/jerkd-kitchen/AaSsLS4cTGeHo3AzmQRbSg,englewood-cliffs-new-jersey
https://www.ubereats.com/new-jersey/food-delivery/blue-moon-mexican-cafe-englewood/p6EL9FfGSoKc3nqsYWIy0g,englewood-cliffs-new-jersey
https://www.ubereats.com/new-jersey/food-delivery/bohemia-restaurant/b0vpnr-VRZSchh6ie9AArw,englewood-cliffs-new-jersey
https://www.ubereats.com/new-jersey/food-delivery/ridgefield-park-liquor-%26-deli/wVIe5mIYREWRFlf36d8Mmw,englewood-cliffs-new-jersey
https://www.ubereats.com/new-jersey/food-delivery/dunkin-344-route-4-east/WK_R3v6nSSuUHiBZAz0iuw,englewood-cliffs-new-jersey
https://www.ubereats.com/new-jersey/food-delivery/firehouse-subs-41-w-palisade-ave/rEERCXx1RAiCwnPTeu9MRQ,englewood-cliffs-new-jersey
https://www.ubereats.com/new-jersey/food-delivery/chipotle-mexican-grill-83-vervalen-st/sSHxt3JQQzekMjimCMp8Gg,englewood-cliffs-new-jersey
https://www.ubereats.com/new-jersey/food-delivery/yonkers-halal-burger-and-wings/rYuxxo58SFaa-YBWOdczGQ,englewood-cliffs-new-jersey
https://www.ubereats.com/new-jersey/food-delivery/noches-de-colombia-south-hackensack-nj/uZTpbajzQF2IjPfdSq4n6w,englewood-cliffs-new-jersey
https://www.ubereats.com/new-jersey/food-delivery/chicken-supreme-hackensack/f9VgnYFGR86u1wGWw8FXlg,englewood-cliffs-new-jersey
https://www.ubereats.com/new-jersey/food-delivery/saigon-kitchen/MbGbzImSTLGKdoqG2dbF9g,englewood-cliffs-new-jersey
https://www.ubereats.com/new-jersey/food-delivery/88-rice-shop/SXCM1jYtS4Wa2jVnHThHQA,englewood-cliffs-new-jersey
https://www.ubereats.com/new-jersey/food-delivery/paulas-soul-food-cafe/u9xk9YMzQF2brzpQ-j_RKQ,englewood-cliffs-new-jersey
https://www.ubereats.com/new-jersey/food-delivery/papa-johns-pizza-%233743/A5ianQmqTDyHB9YnLEeIdw,englewood-cliffs-new-jersey
https://www.ubereats.com/new-jersey/food-delivery/red-lobster-211-route-17-s/2ZIcvAbATDGb3uRJE9k9LA,englewood-cliffs-new-jersey
https://www.ubereats.com/new-jersey/food-delivery/saray-cuisine/ZhO3ca20QgO5zV5JeEBiTA,englewood-cliffs-new-jersey
https://www.ubereats.com/new-jersey/food-delivery/casual-habana-cafe-new-milford/ghHTVinpQpOYqmTrhTCvgg,englewood-cliffs-new-jersey
https://www.ubereats.com/new-jersey/food-delivery/sweet-churros/cFmZKLl9TnKCOyF5Y1uCWw,englewood-cliffs-new-jersey
https://www.ubereats.com/new-jersey/food-delivery/dinos-bar-and-grill/zPdnZ0MsS5-GLqEGzrat6g,englewood-cliffs-new-jersey
https://www.ubereats.com/new-jersey/food-delivery/kfc-585-cedar-ln/6xa6Za4pSiaEFawG1cy8aw,englewood-cliffs-new-jersey
https://www.ubereats.com/new-jersey/food-delivery/brainfreeze-ice-cream/p0YQWemuRzmCwPE3-yc3hw,englewood-cliffs-new-jersey
https://www.ubereats.com/new-jersey/food-delivery/reginas-steakhouse-and-grill/EoeunHeyQo2F4SdT1zC_Cg,englewood-cliffs-new-jersey
https://www.ubereats.com/new-jersey/food-delivery/popeyes-east-paramus/wERoxfTcSRaS30bjoxV5WA,englewood-cliffs-new-jersey
https://www.ubereats.com/new-jersey/food-delivery/dia-%26-noche/InY7vj7pTH6Cf7SU9woNmQ,englewood-cliffs-new-jersey
https://www.ubereats.com/new-jersey/food-delivery/spring-tree-bagels/wZnq_Jf0Swet3HaaExS4nA,englewood-cliffs-new-jersey
https://www.ubereats.com/new-jersey/food-delivery/great-wall-chinese-restaurant/Er7lKmV4QEWQwgtXPuPswQ,englewood-cliffs-new-jersey
https://www.ubereats.com/new-jersey/food-delivery/the-oceanaire-seafood-room-175-riverside-square/ATepnwphSIqg6pV-AL71Hg,englewood-cliffs-new-jersey
https://www.ubereats.com/new-jersey/food-delivery/build-your-yogurt/QPFH_NoXRW6uDvSpVRGixQ,englewood-cliffs-new-jersey
https://www.ubereats.com/new-jersey/food-delivery/winstons-jamaican-cuisine/_5wXTHAYROq5eRuVavbA9Q,englewood-cliffs-new-jersey
https://www.ubereats.com/new-jersey/food-delivery/port-of-call/lW-MUuZkSQ2P4KdZfx2UUQ,englewood-cliffs-new-jersey
https://www.ubereats.com/new-jersey/food-delivery/rudra-indian-bistro/Ku2-nHmUS5G7Sl5fIDW_nw,englewood-cliffs-new-jersey
https://www.ubereats.com/new-jersey/food-delivery/jade-lee-kitchen/TFlrBWjuT-SwbpZB8-mslw,englewood-cliffs-new-jersey
https://www.ubereats.com/new-jersey/food-delivery/splash-poke/Y_i5BrRDRn-MTCR5Ut0Sgw,englewood-cliffs-new-jersey
https://www.ubereats.com/new-jersey/food-delivery/fuxingmei-sushi-house/MOK4iVUASYeHssY7GImcNQ,englewood-cliffs-new-jersey
https://www.ubereats.com/new-jersey/food-delivery/gina-the-baker/2d8XUi6fRiyrui_vzVRklg,englewood-cliffs-new-jersey
https://www.ubereats.com/new-jersey/food-delivery/juicy!-platters-halal-hackensack/dLu6heQWQMGSDMMyALuxiA,englewood-cliffs-new-jersey
https://www.ubereats.com/new-jersey/food-delivery/punta-cana-restaurant/KPFrQwrKRsWVHOSn0zeorg,englewood-cliffs-new-jersey
https://www.ubereats.com/new-jersey/food-delivery/natures-market/gqtPQ06ER6i1fmskSKpLcg,englewood-cliffs-new-jersey
https://www.ubereats.com/new-jersey/food-delivery/ihop-141-n-dean-st-englewood/49m0XkXHTK2QM4uS1Lh46g,englewood-cliffs-new-jersey
https://www.ubereats.com/new-jersey/food-delivery/palma-kitchen/lzmawCJPTiuVNXKGshDWMg,englewood-cliffs-new-jersey
https://www.ubereats.com/new-jersey/food-delivery/lucky-roll-ice-cream-and-boba/_Kt7VhNKTeyytMf-Kq04Mg,englewood-cliffs-new-jersey
https://www.ubereats.com/new-jersey/food-delivery/sgd-tofu-korean-bbq/ZwWBD38tQqmuN4CoP8VQfQ,englewood-cliffs-new-jersey
https://www.ubereats.com/new-jersey/food-delivery/mcdonalds-289-bergen-blvd/bIqvFKFUSqel1xuLntebfQ,englewood-cliffs-new-jersey
https://www.ubereats.com/new-jersey/food-delivery/art-of-spice/1wVH1EJ4TRCAWHkYwR98Gg,englewood-cliffs-new-jersey
https://www.ubereats.com/new-jersey/food-delivery/corner-cafe/U1TTygg5TKGGg43x-gw63w,englewood-cliffs-new-jersey
https://www.ubereats.com/new-jersey/food-delivery/ben-and-jerrys-palisade/DkrnnQWCRry_KDfyGNGpjg,englewood-cliffs-new-jersey
https://www.ubereats.com/new-jersey/food-delivery/chick-fil-a-2-nathaniel-pl/dB_BwmTfR2WQmatsk1rkXQ,englewood-cliffs-new-jersey
https://www.ubereats.com/new-jersey/food-delivery/lez-bistro/TVAF2G6mTXGbqJm35cst4A,englewood-cliffs-new-jersey
https://www.ubereats.com/new-jersey/food-delivery/wok-18-chinese-kitchen/fRYQJulqRdG1Ba3ULPdsRA,englewood-cliffs-new-jersey
https://www.ubereats.com/new-jersey/food-delivery/starbucks-englewood/pqjR9s9bRza4ZPO42JFGmw,englewood-cliffs-new-jersey
https://www.ubereats.com/new-jersey/food-delivery/dunkin-353-broad-ave/DWlGqIzyRwyegnXi_iFmhA,englewood-cliffs-new-jersey
https://www.ubereats.com/new-jersey/food-delivery/coney-islands/rnTxTaUQQJqoOZ7Ij1STag,englewood-cliffs-new-jersey
https://www.ubereats.com/new-jersey/food-delivery/anntremet-cake/CAsdyG4_SLqVesSdNAsXaQ,englewood-cliffs-new-jersey
https://www.ubereats.com/new-jersey/food-delivery/chicken-delight/SGlyaCUrQ1yjzJkGj7opag,englewood-cliffs-new-jersey
https://www.ubereats.com/new-jersey/food-delivery/sanzaris-new-bridge-inn/VqwYc-FkS9eGUG5E4vPFVg,englewood-cliffs-new-jersey
https://www.ubereats.com/new-jersey/food-delivery/bjs-restaurant-%26-brewhouse-21-teterboro-landing-drive/t4yUcz_JSk6fG5uFC4qNgA,englewood-cliffs-new-jersey
https://www.ubereats.com/new-jersey/food-delivery/yuki-hana-japanese-restaurant/x2CIiK5ESrOXdYNLpU4-WA,englewood-cliffs-new-jersey
https://www.ubereats.com/new-jersey/food-delivery/alfonsos-pizza/9NF_7A2pRSO-d5uG3r4brA,englewood-cliffs-new-jersey
https://www.ubereats.com/new-jersey/food-delivery/sayola-restaurant/o4-LP37rRzK5Oo-W4stLdA,englewood-cliffs-new-jersey
https://www.ubereats.com/new-jersey/food-delivery/son-cubano/_e8zIvKtRf6D1qM3j42pfA,englewood-cliffs-new-jersey
https://www.ubereats.com/new-jersey/food-delivery/burger-king-439-market-st/I57MFXFRRsi6woC4FVgzig,englewood-cliffs-new-jersey
https://www.ubereats.com/new-jersey/food-delivery/bagel-express/NXn2msbISpihF9o7F1Kq1A,englewood-cliffs-new-jersey
https://www.ubereats.com/new-jersey/food-delivery/dunkin-31-liberty-st/FmuOrnghS82SGfMgtiSZMg,englewood-cliffs-new-jersey
https://www.ubereats.com/new-jersey/food-delivery/palisade-pizza-and-pasta/ycfbSApLQw-Xp9beCuS3Ug,englewood-cliffs-new-jersey
https://www.ubereats.com/new-jersey/food-delivery/eggwich/qPYrv6eNRRCoKLKNl8cJMQ,englewood-cliffs-new-jersey
https://www.ubereats.com/new-jersey/food-delivery/seak/vRVwkoJLQoK0V-G89mXvCQ,englewood-cliffs-new-jersey
https://www.ubereats.com/new-jersey/food-delivery/spice-garden/SwHCwQyrQL6sWt90Tem0CA,englewood-cliffs-new-jersey
https://www.ubereats.com/new-jersey/food-delivery/dunkin-32-piermont-rd/A7LXyTnRRsKbQn8Yrv2qgw,englewood-cliffs-new-jersey
https://www.ubereats.com/new-jersey/food-delivery/s-broadway-fried-chicken-halal/p0QtwGiYSFal3P4nygEQ-Q,englewood-cliffs-new-jersey
https://www.ubereats.com/new-jersey/food-delivery/i-fish/_Ip0GIjyQ6uswmNP-mYYLg,englewood-cliffs-new-jersey
https://www.ubereats.com/new-jersey/food-delivery/popeyes-teaneck/XOJ5MigmQzSn0qGGGZiOYQ,englewood-cliffs-new-jersey
https://www.ubereats.com/new-jersey/food-delivery/marinade/QclfPd9lTG-44-L1CAuFtg,englewood-cliffs-new-jersey
https://www.ubereats.com/new-jersey/food-delivery/zula-mediterranean-eatery/OHFwtCnLQ3erCqXzI35tWw,englewood-cliffs-new-jersey
https://www.ubereats.com/new-jersey/food-delivery/dunkin-332-cedar-ln/gT3NBY-XSQWCseHARS_EmA,englewood-cliffs-new-jersey
https://www.ubereats.com/new-jersey/food-delivery/starbucks-hackensack/k2oIM8EwRkevnuSrkd_9Nw,englewood-cliffs-new-jersey
https://www.ubereats.com/new-jersey/food-delivery/sizzlin-seafood/XOfFIJjsTXahNp4CcAQpWQ,englewood-cliffs-new-jersey
https://www.ubereats.com/new-jersey/food-delivery/made-in-italy/DvzOZ3_-SXyLVnSpw5AXFQ,englewood-cliffs-new-jersey
https://www.ubereats.com/new-jersey/food-delivery/cranberry-junction-ice-cream/9Rft4BKSTE2d5FDCyR5Npg,englewood-cliffs-new-jersey
https://www.ubereats.com/new-jersey/food-delivery/giovannis-bicycle-club/ahDvvamuTEGaOu-CDEvDLQ,englewood-cliffs-new-jersey
https://www.ubereats.com/new-jersey/food-delivery/dunkin-380-essex-st/qKFs2cFRRxyX_H4aoqUzyQ,englewood-cliffs-new-jersey
https://www.ubereats.com/new-jersey/food-delivery/binghamton-bagel-%26-deli/_skucUG6Q6G7P-HV0OIfmQ,englewood-cliffs-new-jersey
https://www.ubereats.com/new-jersey/food-delivery/nawab/eIlG_fZuT_SYxkh-jtdFTg,englewood-cliffs-new-jersey
https://www.ubereats.com/new-jersey/food-delivery/cuban-eddies/3PW_1VmkQ-yxJ5apxpfY3g,englewood-cliffs-new-jersey
https://www.ubereats.com/new-jersey/food-delivery/francos-metro-restaurant/iFRiQ1SRSX-KtDZceFHfGQ,englewood-cliffs-new-jersey
https://www.ubereats.com/new-jersey/food-delivery/yechun-restaurant/39cTf4yjT4-JVsh1wM4rsg,englewood-cliffs-new-jersey
https://www.ubereats.com/new-jersey/food-delivery/thai-palace/3P398fY9TkmShxDbnXMtrw,englewood-cliffs-new-jersey
https://www.ubereats.com/new-jersey/food-delivery/kfc-saddle-brook/qG1mIZNAQLilbrOpQTqyBg,englewood-cliffs-new-jersey
https://www.ubereats.com/new-jersey/food-delivery/the-chicken-and-rib-crib/q0WPieJ8RLi4QkfI_zXs2Q,englewood-cliffs-new-jersey
https://www.ubereats.com/new-jersey/food-delivery/chens-yummy-house/-smZd17XTw-2zMKN7NkVNA,englewood-cliffs-new-jersey
https://www.ubereats.com/new-jersey/food-delivery/boston-market-180-hackensack-avenue/elqjTfKESteEzjzee7lumQ,englewood-cliffs-new-jersey
https://www.ubereats.com/new-jersey/food-delivery/kyou-ramen/A458Abq5QjmPqdJYK8h8UA,englewood-cliffs-new-jersey
https://www.ubereats.com/new-jersey/food-delivery/sebas-restaurant-and-bakery/FOTbVdI0QuqDS8XtbRztbQ,englewood-cliffs-new-jersey
https://www.ubereats.com/new-jersey/food-delivery/mazaya-grillo/R_6LBU1JQC2wcu7mhbBPQw,englewood-cliffs-new-jersey
https://www.ubereats.com/new-jersey/food-delivery/poke-central/9QoIG4m3Ssq1tOHNQ3SUqg,englewood-cliffs-new-jersey
https://www.ubereats.com/new-jersey/food-delivery/oriental/xGJvpqNTSo6TbsCC-lPQrQ,englewood-cliffs-new-jersey
https://www.ubereats.com/new-jersey/food-delivery/dunkin-125-washington-ave/Q6mDVll_SwCn9gpRA-UE5g,englewood-cliffs-new-jersey
https://www.ubereats.com/new-jersey/food-delivery/stray-cat-brew/fntmJHCOSm-u5Q7a7tBaMw,englewood-cliffs-new-jersey
https://www.ubereats.com/new-jersey/food-delivery/berthas-cusine/Tk9I-NnVT6S5cO3jWuBIQg,englewood-cliffs-new-jersey
https://www.ubereats.com/new-jersey/food-delivery/gulluoglu/x5WIpMqHTbCmze-R2R480g,englewood-cliffs-new-jersey
https://www.ubereats.com/new-jersey/food-delivery/emma-bistro/oB3TWn0TTWSxG22GhR4lgQ,englewood-cliffs-new-jersey
https://www.ubereats.com/new-jersey/food-delivery/dom-%26-vinnies-restaurant/MI2v0hG2TUS45kethabeJg,englewood-cliffs-new-jersey
https://www.ubereats.com/new-jersey/food-delivery/loma-bonita-restaurant/Rl0ifQblQMG_RQUPXpuaIw,englewood-cliffs-new-jersey
https://www.ubereats.com/new-jersey/food-delivery/matsuyama/IwV0_pyxTJWNWy0QBQWfOw,englewood-cliffs-new-jersey
https://www.ubereats.com/new-jersey/food-delivery/tous-les-jours-fort-lee/9SshxMhUQzCBJV4-J9Ligw,englewood-cliffs-new-jersey
https://www.ubereats.com/new-jersey/food-delivery/crumble-cookie-bar/erWlDArtRPyAjY8Um68KLQ,englewood-cliffs-new-jersey
https://www.ubereats.com/new-jersey/food-delivery/europe-cafe-and-grill/oxlhTBYfSIq9w43BB4WwYA,englewood-cliffs-new-jersey
https://www.ubereats.com/new-jersey/food-delivery/kaya-asian-fusion-bar/qnaMvV9vRYS0ADadYxRbog,englewood-cliffs-new-jersey
https://www.ubereats.com/new-jersey/food-delivery/kfc-hasbrouck-heights/zbQ4YAFOT128u4dTjQCiXw,englewood-cliffs-new-jersey
https://www.ubereats.com/new-jersey/food-delivery/wawa-8338-505-s-river-st/ZejEMXlzS1qgk2EQDqDs8w,englewood-cliffs-new-jersey
https://www.ubereats.com/new-jersey/food-delivery/pizza-nee/brjWEi5zQi-9hZm-ViGjxA,englewood-cliffs-new-jersey
https://www.ubereats.com/new-jersey/food-delivery/la-casa-del-taco/7Eg36PKKQKq0dTEKy-RRsg,englewood-cliffs-new-jersey
https://www.ubereats.com/new-jersey/food-delivery/dunkin-70-route-4/K4dMyN1JQlGgrgC0ZbONHg,englewood-cliffs-new-jersey
https://www.ubereats.com/new-jersey/food-delivery/tutto-a-modo-mio/qMBELN0ET8KABiGR_e2zdQ,englewood-cliffs-new-jersey
https://www.ubereats.com/new-jersey/food-delivery/sikgaek-gugu/dR-rRlCgQtK49gqRGocH9g,englewood-cliffs-new-jersey
https://www.ubereats.com/new-jersey/food-delivery/red-mango-262-broad-ave/VwRSEiZBTjeMqwfg6b99lg,englewood-cliffs-new-jersey
https://www.ubereats.com/new-jersey/food-delivery/classic-quiche-cafe/nEjrBWuxT6S5FGf8lKsqMA,englewood-cliffs-new-jersey
https://www.ubereats.com/new-jersey/food-delivery/sheng-garden-chinese-restaurant/CYT7G3JYT4u8xtUN5CRkig,englewood-cliffs-new-jersey
https://www.ubereats.com/new-jersey/food-delivery/cassies-restaurant/7M0GejexSQCwOwiHJScPyA,englewood-cliffs-new-jersey
https://www.ubereats.com/new-jersey/food-delivery/bergenfield-deli-and-grill/510ug1UDSKaikSx6xSykcw,englewood-cliffs-new-jersey
https://www.ubereats.com/new-jersey/food-delivery/mena-deli/vFGRbLu-QK-iTY49yCkUbA,englewood-cliffs-new-jersey
https://www.ubereats.com/new-jersey/food-delivery/mr-wok-%26-sushi/7il9GBvjSYSjsEPQ4LH4vw,englewood-cliffs-new-jersey
https://www.ubereats.com/new-jersey/food-delivery/guerreros-juice-bar/wv_dI3HgSfuJr7RZsiUfgg,englewood-cliffs-new-jersey
https://www.ubereats.com/new-jersey/food-delivery/la-bella-havana/SC0HJBXqSU2UxX_DuUcnCA,englewood-cliffs-new-jersey
https://www.ubereats.com/new-jersey/food-delivery/papa-johns-pizza-yonkers/iyJeKS8pShGFC0bOZGUu-g,englewood-cliffs-new-jersey
https://www.ubereats.com/new-jersey/food-delivery/market-eatery-ondubu/22jSf3eLR1G0Cn1zwwPcMg,englewood-cliffs-new-jersey
https://www.ubereats.com/new-jersey/food-delivery/empire-szechuan-restaurant/Vv4Om4Y-TmCgZyDqt7hLXg,englewood-cliffs-new-jersey
https://www.ubereats.com/new-jersey/food-delivery/hot-fish/idYZF_l-TQCH5azM7eXoGQ,englewood-cliffs-new-jersey
https://www.ubereats.com/new-jersey/food-delivery/bonjuk-%26-bibimbab/oeZt7Ae3RKOCdP7V0D2N8A,englewood-cliffs-new-jersey
https://www.ubereats.com/new-jersey/food-delivery/taco-bell-630-main-street/ZzO4kEKtQdu2izptIC1hAg,englewood-cliffs-new-jersey
https://www.ubereats.com/new-jersey/food-delivery/marmaris-cafe/hpbpvowjSHa4z_bxpdHdJA,englewood-cliffs-new-jersey
https://www.ubereats.com/new-jersey/food-delivery/rose-restaurant/_BThb1JqQISMboGVAXVC7w,englewood-cliffs-new-jersey
https://www.ubereats.com/new-jersey/food-delivery/mavis-pizza-and-pasta/SNSvAzxrR-61FzKWsxmJ5A,englewood-cliffs-new-jersey
https://www.ubereats.com/new-jersey/food-delivery/coach-house-diner-and-restaurant/8_VSB3s9R-WwVN1D_n2nwg,englewood-cliffs-new-jersey
https://www.ubereats.com/new-jersey/food-delivery/dunkin-278-closter-dock-rd/5GHFG93uSzaRlmi6PhXQxA,englewood-cliffs-new-jersey
https://www.ubereats.com/new-jersey/food-delivery/california-pizza-kitchen-1-garden-state-plaza-unit-2320/Kr6ya41nRymnblTWTm9GNQ,englewood-cliffs-new-jersey
https://www.ubereats.com/new-jersey/food-delivery/wendys-2100-88th-street/UmE8jzHHQs27E87QbD91dA,englewood-cliffs-new-jersey
https://www.ubereats.com/new-jersey/food-delivery/royal-warsaw/406c60SmS7KFLsq_-EW36A,englewood-cliffs-new-jersey
https://www.ubereats.com/new-jersey/food-delivery/ramen-azuma/eAm-H3LhQlm3YjtevMLVsQ,englewood-cliffs-new-jersey
https://www.ubereats.com/new-jersey/food-delivery/dunkin-240-s-summit-ave/-tzkXVOAQreqkoLORulMHw,englewood-cliffs-new-jersey
https://www.ubereats.com/new-jersey/food-delivery/150-applebees-paramus/QRuv9sN8Ty60m6qMT8Amxw,englewood-cliffs-new-jersey
https://www.ubereats.com/new-jersey/food-delivery/mcdonalds-326-s-washington-ave/dmCsu6LtTEeYN9-VHHHauQ,englewood-cliffs-new-jersey
https://www.ubereats.com/new-jersey/food-delivery/bagel-run/FRbV7NSeRVCma_hsTznvkQ,englewood-cliffs-new-jersey
https://www.ubereats.com/new-jersey/food-delivery/noches-de-colombia-englewood-nj/NX7gGs0dRHmuRbgPilMwXA,englewood-cliffs-new-jersey
https://www.ubereats.com/new-jersey/food-delivery/farmhouse-cafe-and-eatery-westwood/2HsrfxNgRViV58cZ5_zgjw,englewood-cliffs-new-jersey
https://www.ubereats.com/new-jersey/food-delivery/wendys-1435-bergen-boulevard/9bA7e0V1SNWDOoJmMpZzjQ,englewood-cliffs-new-jersey
https://www.ubereats.com/new-jersey/food-delivery/cocina-de-gaby/NtwDmE5yRVikgISWdosQ6Q,englewood-cliffs-new-jersey
https://www.ubereats.com/new-jersey/food-delivery/the-great-burrito/t1BtGrH7SKywosH3isL0TA,englewood-cliffs-new-jersey
https://www.ubereats.com/new-jersey/food-delivery/best-wok/TE0KofzsQSeoi-knU6G_1Q,englewood-cliffs-new-jersey
https://www.ubereats.com/new-jersey/food-delivery/bistro-de-lys/COmVNYPxQFiAnEHjUHPNvw,englewood-cliffs-new-jersey
https://www.ubereats.com/new-jersey/food-delivery/don-ichi/ocX4LJL9QQW5hX7yYbqkPQ,englewood-cliffs-new-jersey
https://www.ubereats.com/new-jersey/food-delivery/jackson-hole-burgers/G5FBb6B2RuWO13QYsMGKIQ,englewood-cliffs-new-jersey
https://www.ubereats.com/new-jersey/food-delivery/yonkers-halal-fried-chicken-and-gyros/5I6TudFhTj-9r2Ejt5ro-Q,englewood-cliffs-new-jersey
https://www.ubereats.com/new-jersey/food-delivery/mcdonalds-hackensack-river/cM0c8mJmTJiQ7zncZFoVLw,englewood-cliffs-new-jersey
https://www.ubereats.com/new-jersey/food-delivery/mclean-deli-1-corp/UkqXG9jxQLa8BzPA6kliQQ,englewood-cliffs-new-jersey
https://www.ubereats.com/new-jersey/food-delivery/dunkin-489-grand-ave/odrIGmsTTji80yvVSXINBg,englewood-cliffs-new-jersey
https://www.ubereats.com/new-jersey/food-delivery/veggie-%2B/aHxyeqxkQz2Gips3k3sVFQ,englewood-cliffs-new-jersey
https://www.ubereats.com/new-jersey/food-delivery/pizza-bella/-touD2uLQGit96MSB7YHxQ,englewood-cliffs-new-jersey
https://www.ubereats.com/new-jersey/food-delivery/blimpie-dumont/ZS85dx7IQg2QMs2vB04xpA,englewood-cliffs-new-jersey
https://www.ubereats.com/new-jersey/food-delivery/clairmont-diner/lOp5pxevT6uFGlyzVkEdcQ,englewood-cliffs-new-jersey
https://www.ubereats.com/new-jersey/food-delivery/mcdonalds-englewood-palis/hHkO72QhRi-Uhh38QJ29dA,englewood-cliffs-new-jersey
https://www.ubereats.com/new-jersey/food-delivery/muscle-maker-grill-lodi/IHhtfPUbSImAAM1VRrITsw,englewood-cliffs-new-jersey
https://www.ubereats.com/new-jersey/food-delivery/dunkin-150-passaic-st/XNmr_eK0S5SdPCSK8mFdrw,englewood-cliffs-new-jersey
https://www.ubereats.com/new-jersey/food-delivery/jacks-lobster-shack%26oyster-bar/WFhBhgatRyuH0UKZmgck5Q,englewood-cliffs-new-jersey
https://www.ubereats.com/new-jersey/food-delivery/charleys-philly-steaks-1-garden-state-plz/jiUBr1P7Qx2czIMcGohB0w,englewood-cliffs-new-jersey
https://www.ubereats.com/new-jersey/food-delivery/popeyes-little-ferry/0euZ6CisTiyl3Bx0Zz1uGA,englewood-cliffs-new-jersey
https://www.ubereats.com/new-jersey/food-delivery/pelicana-chicken-palisades-park/vumtVTj2R3-hK8hBFDOreA,englewood-cliffs-new-jersey
https://www.ubereats.com/new-jersey/food-delivery/wendys-190-e-state-rt-4/UK9JMFQqSRWpdx4SP-UAdQ,englewood-cliffs-new-jersey
https://www.ubereats.com/new-jersey/food-delivery/wich-one/a7QNzdRBR3SqVB9-hfKzqg,englewood-cliffs-new-jersey
https://www.ubereats.com/new-jersey/food-delivery/tonys-deli/JNBmOqYWRvSN-tzHxZ-uFw,englewood-cliffs-new-jersey
https://www.ubereats.com/new-jersey/food-delivery/koala-lounge/1-oLLAZ7TauFVUPmxPIORw,englewood-cliffs-new-jersey
https://www.ubereats.com/new-jersey/food-delivery/sizzlin-seafood/Vx4j75bSTzCPuBAhA4o0Eg,englewood-cliffs-new-jersey
https://www.ubereats.com/new-jersey/food-delivery/lolitas-mexican-cantina/X2Bl5S9CQ2eMoQGZJik4ww,englewood-cliffs-new-jersey
https://www.ubereats.com/new-jersey/food-delivery/berrylicious-pizzalicious-kosher-brick-oven-pizza-and-frozen-yogurt/rdZqXwz0TwaueB5bSMAhlw,englewood-cliffs-new-jersey
https://www.ubereats.com/new-jersey/food-delivery/cafe-gossip/_7NTYaydSG6qqIkctyC0ZA,englewood-cliffs-new-jersey
https://www.ubereats.com/new-jersey/food-delivery/paxos-grill-cafe/JPJ-pusOQCif8gAjsPGnwQ,englewood-cliffs-new-jersey
https://www.ubereats.com/new-jersey/food-delivery/charcoal-grill-fusion/OqtDMQi7TMi4L5KcueHTOg,englewood-cliffs-new-jersey
https://www.ubereats.com/new-jersey/food-delivery/valley-diner/GOHm77luQCWpY4MJR_Cjdg,englewood-cliffs-new-jersey
https://www.ubereats.com/new-jersey/food-delivery/zios-pizza/rgbc80pwQ3GxbCwZ1koG8g,englewood-cliffs-new-jersey
https://www.ubereats.com/new-jersey/food-delivery/smashburger-390-hackensack-ave-space-169/mXi63XXuS5iaXvEvfjUs6A,englewood-cliffs-new-jersey
https://www.ubereats.com/new-jersey/food-delivery/lulu-chef/_--oeE2kR2mEHw04uA3s4A,englewood-cliffs-new-jersey
https://www.ubereats.com/new-jersey/food-delivery/bonchon-chicken-346-broad-ave/8E8jVf9JSU-_ZhYBN8HnIw,englewood-cliffs-new-jersey
https://www.ubereats.com/new-jersey/food-delivery/minit-mart-deli-%26-grill/DtHmcVVISpGPzJnQ43i34g,englewood-cliffs-new-jersey
https://www.ubereats.com/new-jersey/food-delivery/bonchon-chicken-450-hackensack-ave/c02Q9STfQt2_Ub1KbEhSoQ,englewood-cliffs-new-jersey
https://www.ubereats.com/new-jersey/food-delivery/vegan-food-truck/khJjnJt6QVaTTN3lj8dk8w,englewood-cliffs-new-jersey
https://www.ubereats.com/new-jersey/food-delivery/baci-gelato/r-ib4LmURhuE2RZpmS7znQ,englewood-cliffs-new-jersey
https://www.ubereats.com/new-jersey/food-delivery/the-right-pizza/j9JS_aMbQKmu2Q2mRUvJdQ,englewood-cliffs-new-jersey
https://www.ubereats.com/new-jersey/food-delivery/la-hueca-del-cangrejo/BFkI--bTT3ydMfiuGgCUNg,englewood-cliffs-new-jersey
https://www.ubereats.com/new-jersey/food-delivery/cinnabon-6-a-mall-walk/FbB18cL3QJGVUjIEefqRxQ,englewood-cliffs-new-jersey
https://www.ubereats.com/new-jersey/food-delivery/food-for-life/VpTgbzg2QJiNFZgcCfsahg,englewood-cliffs-new-jersey
https://www.ubereats.com/new-jersey/food-delivery/tri-valley-family-restaurant/od58fs1DRZeW30UrDAH1sg,englewood-cliffs-new-jersey
https://www.ubereats.com/new-jersey/food-delivery/juice-journey-cafe/Etfjp1FpQCe0pBlHlick7w,englewood-cliffs-new-jersey
https://www.ubereats.com/new-jersey/food-delivery/the-good-neighbor-juice-bar/t7ghqQ4HTXOzobT8xVGomA,englewood-cliffs-new-jersey
https://www.ubereats.com/new-jersey/food-delivery/fresh-food-deli-and-grill/yMhKPeE6SQ6gXavbJRd3Jg,englewood-cliffs-new-jersey
https://www.ubereats.com/new-jersey/food-delivery/tgi-fridays-625-hackensack-nj/Ti0Fm16QSkOzsG1tjcZI8w,englewood-cliffs-new-jersey
https://www.ubereats.com/new-jersey/food-delivery/charim/YsqY_M8VR7uPHBOHZLdsrA,englewood-cliffs-new-jersey
https://www.ubereats.com/new-jersey/food-delivery/treat-yourself-jerk/GCraMq9GQPmkhJMx2sQpFg,englewood-cliffs-new-jersey
https://www.ubereats.com/new-jersey/food-delivery/schnitzel-%2B/r2vsPi3fSWm0C3HBF9cfbg,englewood-cliffs-new-jersey
https://www.ubereats.com/new-jersey/food-delivery/patisserie-florentine/SWmjOp23SMm4wwBiCXOUSA,englewood-cliffs-new-jersey
https://www.ubereats.com/new-jersey/food-delivery/dunkin-25-hackensack-ave/r77kuMoqTaW6dHMLJyR5BA,englewood-cliffs-new-jersey
https://www.ubereats.com/new-jersey/food-delivery/rock-n-roll-sushi-%26-noodle-bar/aS5UwEQUREKLazzUqyshjQ,englewood-cliffs-new-jersey
https://www.ubereats.com/new-jersey/food-delivery/cava-bergen-town-center-route-4-east-%23e-3a/r8-DT38BSO6boY1NbiuEcA,englewood-cliffs-new-jersey
https://www.ubereats.com/new-jersey/food-delivery/taco-bell-500-s-river-st/K6GF9V9OTvSoKvEMqlN0EA,englewood-cliffs-new-jersey
https://www.ubereats.com/new-jersey/food-delivery/bowl-shake/1tOgyd8cTnOxKXjX8lgluA,englewood-cliffs-new-jersey
https://www.ubereats.com/new-jersey/food-delivery/cjs-pizza-box/4_8QtUXsRnSsATRO7-LFyA,englewood-cliffs-new-jersey
https://www.ubereats.com/new-jersey/food-delivery/dunkin-429-us-highway-46/UviVha_4R_OJxMA82BKPPA,englewood-cliffs-new-jersey
https://www.ubereats.com/new-jersey/food-delivery/pho-saigon-296-main-st/1Dywq74gRmuQJ1t96DBrWA,englewood-cliffs-new-jersey
https://www.ubereats.com/new-jersey/food-delivery/city-perch-kitchen-%2B-bar-nj/rf-mj1ZzT1GvjTezNgHCNw,englewood-cliffs-new-jersey
https://www.ubereats.com/new-jersey/food-delivery/mantra-restaurant-paramus/1EBr4yaPQT-3RibgSOSmqw,englewood-cliffs-new-jersey
https://www.ubereats.com/new-jersey/food-delivery/west-main-lunchenotte/xzq2UH1JScOy3dh1yKC93w,englewood-cliffs-new-jersey
https://www.ubereats.com/new-jersey/food-delivery/cemitas-poblanas-restaurant/s_Y8qZssR2GB7IuqNPav-Q,englewood-cliffs-new-jersey
https://www.ubereats.com/new-jersey/food-delivery/sofia/w7UFPv_1R4aogBCvN6CPnw,englewood-cliffs-new-jersey
https://www.ubereats.com/new-jersey/food-delivery/bagels-and-more/UE1HuYTiTOSPJVnIhLKQ0g,englewood-cliffs-new-jersey
https://www.ubereats.com/new-jersey/food-delivery/kennedy-fried-chicken/qU5ntxjCSRCuunyNrLhZKQ,englewood-cliffs-new-jersey
https://www.ubereats.com/new-jersey/food-delivery/star-bistro/_wlZ9ZAoQcGRRb5zQrAeoA,englewood-cliffs-new-jersey
https://www.ubereats.com/new-jersey/food-delivery/taco-bell-2020-tonnelle-avenue/3VCz-gyKQt2d-JtBY_Cn4w,englewood-cliffs-new-jersey
https://www.ubereats.com/new-jersey/food-delivery/dunkin-101-midland-ave/3i4OuPhyS7GNi6jziAILaA,englewood-cliffs-new-jersey
https://www.ubereats.com/new-jersey/food-delivery/the-vegan-breakfast/jeLnvtWSRLSncTrPbIQUrA,englewood-cliffs-new-jersey
https://www.ubereats.com/new-jersey/food-delivery/white-manna/y1h7BwNnSICyyKsi7cDCSA,englewood-cliffs-new-jersey
https://www.ubereats.com/new-jersey/food-delivery/mis-raices/P14W6_mSQGifGQsO10yE1w,englewood-cliffs-new-jersey
https://www.ubereats.com/new-jersey/food-delivery/nyc-style-gyro-bergen/CvoqntHzRkucEXTM-100sA,englewood-cliffs-new-jersey
https://www.ubereats.com/new-jersey/food-delivery/casa-della-pasta/KtlU5cNiQeGUu3BctetJJQ,englewood-cliffs-new-jersey
https://www.ubereats.com/new-jersey/food-delivery/the-market-place/YGhQ5bpESnKEnqJOzgW3zg,englewood-cliffs-new-jersey
https://www.ubereats.com/new-jersey/food-delivery/broadway-diner-restaurant/3rPhOcPQSZuiEF1VLXrbWQ,englewood-cliffs-new-jersey
https://www.ubereats.com/new-jersey/food-delivery/sazon-salvadoreno-vr/N_1LEXHZQXOixgXINEE4IQ,englewood-cliffs-new-jersey
https://www.ubereats.com/new-jersey/food-delivery/brownstone-pancake-factory/M6IlfocrT5-bq-aqPAWLpQ,englewood-cliffs-new-jersey
https://www.ubereats.com/new-jersey/food-delivery/hansang-restaurant/gDzC2NbfTzOSFleYH0JM8A,englewood-cliffs-new-jersey
https://www.ubereats.com/new-jersey/food-delivery/banana-king/bAiMBEmWR4SoEjcrUDdrzA,englewood-cliffs-new-jersey
https://www.ubereats.com/new-jersey/food-delivery/great-wall-chinese-and-japanese-cuisine-grant-ave/6zCZyObWQW6T2CeQxO2Aww,englewood-cliffs-new-jersey
https://www.ubereats.com/new-jersey/food-delivery/bcd-tofu-house-fort-lee/c_gzEAATSZOBQK2AXmj5fw,englewood-cliffs-new-jersey
https://www.ubereats.com/new-jersey/food-delivery/dos-marias-bar-%26-restaurant/9xa8frDgTMqTgOpRpPrSbg,englewood-cliffs-new-jersey
https://www.ubereats.com/new-jersey/food-delivery/breakfast-parlor/2T6IHespQt2ueRb4xIb-PA,englewood-cliffs-new-jersey
https://www.ubereats.com/new-jersey/food-delivery/outback-steakhouse-194-north-route-17/6XBcT6_HSQ-34eTiDaa36w,englewood-cliffs-new-jersey
https://www.ubereats.com/new-jersey/food-delivery/oishi-sushi/pERu-j64QX6XneQeFpiXgQ,englewood-cliffs-new-jersey
https://www.ubereats.com/new-jersey/food-delivery/papa-johns-39-portland/taUZoH16Rwu3osL8zP9XXQ,englewood-cliffs-new-jersey
https://www.ubereats.com/new-jersey/food-delivery/burgerim-430-market-st/XAYjCoQTRIuab-0-D6wR4A,englewood-cliffs-new-jersey
https://www.ubereats.com/new-jersey/food-delivery/carvel-639-mclean-ave/nUBetAMlQfexYtGMfmQ1ug,englewood-cliffs-new-jersey
https://www.ubereats.com/new-jersey/food-delivery/dunkin-132-hardenburgh-ave/Buga6o84SJytelHjsiecVA,englewood-cliffs-new-jersey
https://www.ubereats.com/new-jersey/food-delivery/mi-rancho/dgR8_z1oTeqCXu23TRJ02w,englewood-cliffs-new-jersey
https://www.ubereats.com/new-jersey/food-delivery/mcdonalds-ft-lee/4sWuQ5j4TnOw6Fqq0OBxPA,englewood-cliffs-new-jersey
https://www.ubereats.com/new-jersey/food-delivery/fontana-tritone/myz7pDIFRy-uXu_PMeALGw,englewood-cliffs-new-jersey
https://www.ubereats.com/new-jersey/food-delivery/angies-place-restaurant/4Tva-fz8SDuqRAbzE0anVQ,englewood-cliffs-new-jersey
https://www.ubereats.com/new-jersey/food-delivery/jingogae-catering/6Z3S4XJSTouehjIROOV0Bw,englewood-cliffs-new-jersey
https://www.ubereats.com/new-jersey/food-delivery/mamas-kitchen-eats/lSYYYtOPRGqG0NStM3Yx-w,englewood-cliffs-new-jersey
https://www.ubereats.com/new-jersey/food-delivery/brownstone-pancake-factory/5IFSLNZeRSCge5ootH8BTg,englewood-cliffs-new-jersey
https://www.ubereats.com/new-jersey/food-delivery/bens-bagel-barn/89ZskndDRS2EYZYrjjT2nQ,englewood-cliffs-new-jersey
https://www.ubereats.com/new-jersey/food-delivery/river-house-chinese-cuisine/2vhY9Qs9SVuchef32TgP-g,englewood-cliffs-new-jersey
https://www.ubereats.com/new-jersey/food-delivery/soba-noodle-azuma/-Exdo_siStOrWYJ79Zm_Jg,englewood-cliffs-new-jersey
https://www.ubereats.com/new-jersey/food-delivery/in-napoli/lYCIMLLCQomiDKET-bEU5A,englewood-cliffs-new-jersey
https://www.ubereats.com/new-jersey/food-delivery/lefkes/mD-eoJ52Sgi9Pj26h1u6Sw,englewood-cliffs-new-jersey
https://www.ubereats.com/new-jersey/food-delivery/tao-haus/PrvscUWqTTiwxLzT7BoBdw,englewood-cliffs-new-jersey
https://www.ubereats.com/new-jersey/food-delivery/new-great-wall/ZABOo5jnQVeIVfgVm2PpUQ,englewood-cliffs-new-jersey
https://www.ubereats.com/new-jersey/food-delivery/cinnabon-450-hackensack-ave/UBzZarqJR-22d1WQTdpmww,englewood-cliffs-new-jersey
https://www.ubereats.com/new-jersey/food-delivery/dunkin-678-central-park-ave/SJOXCfpOTEa3swtdbnv-Vw,englewood-cliffs-new-jersey
https://www.ubereats.com/new-jersey/food-delivery/goloso-restaurant/6ZulgPp5QMWFWV4W_koxQQ,englewood-cliffs-new-jersey
https://www.ubereats.com/new-jersey/food-delivery/ritas-italian-ice-lodi/0XRHgcXNTpGXOr0SNGQFwA,englewood-cliffs-new-jersey
https://www.ubereats.com/new-jersey/food-delivery/the-ice-cream-shop/M9jH-C1mS6-SdOZxFOMvfg,englewood-cliffs-new-jersey
https://www.ubereats.com/new-jersey/food-delivery/carnada-and-paellas/D4HRSzV6T8q46Slp-pX01Q,englewood-cliffs-new-jersey
https://www.ubereats.com/new-jersey/food-delivery/the-churros-factory/LISDNr5hQeSgRifdN9ELlg,englewood-cliffs-new-jersey
https://www.ubereats.com/new-jersey/food-delivery/vish/OrKG9e3HQGyr_E8JTl46TA,englewood-cliffs-new-jersey
https://www.ubereats.com/new-jersey/food-delivery/callahans/OXnUGKgPS9afIILZuNIJXg,englewood-cliffs-new-jersey
https://www.ubereats.com/new-jersey/food-delivery/casual-habana-cafe-hackensack/I2HnwoPLR0iyuhEvtmiUdQ,englewood-cliffs-new-jersey
https://www.ubereats.com/new-jersey/food-delivery/pizzaiolo-by-brothers/CwRK28lJTCGElT5ez8rGRA,englewood-cliffs-new-jersey
https://www.ubereats.com/new-jersey/food-delivery/emma-bistro/5f1A60G9QLOxE03e28UpiQ,englewood-cliffs-new-jersey
https://www.ubereats.com/new-jersey/food-delivery/the-habit-burger-grill-1081-main-st/6tOcD5beQzmDryp6dxm41Q,englewood-cliffs-new-jersey
https://www.ubereats.com/new-jersey/food-delivery/myra/UK8RBa8NShSNlIMOz9hBlg,englewood-cliffs-new-jersey
https://www.ubereats.com/new-jersey/food-delivery/mesa-maya/Q2oEMzexRw6ZHjHVppQm3w,englewood-cliffs-new-jersey
https://www.ubereats.com/new-jersey/food-delivery/mocha-bar/1fkej51YRL-_CROXApRYtA,englewood-cliffs-new-jersey
https://www.ubereats.com/new-jersey/food-delivery/big-belly-deli/rEgOswV9Sf-jOsU5PldqpQ,englewood-cliffs-new-jersey
https://www.ubereats.com/new-jersey/food-delivery/the-green-papaya/PEi03DrCTXihg4Jg0N-qsA,englewood-cliffs-new-jersey
https://www.ubereats.com/new-jersey/food-delivery/bergen-brick-oven-bar-%26-grill/dmYBqFY0SdifP8Vpj3oVww,englewood-cliffs-new-jersey
https://www.ubereats.com/new-jersey/food-delivery/dunkin-86-110-s-river-st/Z1l6uSUzTJyJEPMAdyDlNA,englewood-cliffs-new-jersey
https://www.ubereats.com/new-jersey/food-delivery/green-garden/sTg5OXDuTKSYT_b2qFS-Aw,englewood-cliffs-new-jersey
https://www.ubereats.com/new-jersey/food-delivery/martys/pEzz3Z0rTwKrwFZSphnFYA,englewood-cliffs-new-jersey
https://www.ubereats.com/new-jersey/food-delivery/mr-burger/ZeP3s0rpSJmdPtKG3wgohA,englewood-cliffs-new-jersey
https://www.ubereats.com/new-jersey/food-delivery/the-chipper-truck-cafe-yonkers/gtKvMF4GQLy4VFweA4hTpQ,englewood-cliffs-new-jersey
https://www.ubereats.com/new-jersey/food-delivery/dunkin-1-palisade-ave/OlGImYUFTMCNTB3F4kcdLQ,englewood-cliffs-new-jersey
https://www.ubereats.com/new-jersey/food-delivery/vesta-wood-fired/Q4_1Ug_ZQ2mKorgWWZ-dqQ,englewood-cliffs-new-jersey
https://www.ubereats.com/new-jersey/food-delivery/yasou-santorini/mWCAoY9tQm6bfVut8uZZCA,englewood-cliffs-new-jersey
https://www.ubereats.com/new-jersey/food-delivery/ho-mei-kitchen/JU6dv6JnR6C4c7gxjrQNdg,englewood-cliffs-new-jersey
https://www.ubereats.com/new-jersey/food-delivery/friendlys-441-hillsdale-ave/fekHDizwTQC4YqrMGUHSZQ,englewood-cliffs-new-jersey
https://www.ubereats.com/new-jersey/food-delivery/steak-tsujita/A_as6Em3TLmBY7GnbVwNEg,englewood-cliffs-new-jersey
https://www.ubereats.com/new-jersey/food-delivery/river-thai-food/bfHA-6BgSTS5AS785B-fJQ,englewood-cliffs-new-jersey
https://www.ubereats.com/new-jersey/food-delivery/rustica-lounge-bar-%26-restaurant/MuAXYmyNRGufZAw6GziiPw,englewood-cliffs-new-jersey
https://www.ubereats.com/new-jersey/food-delivery/teashop76/JFSSMmvlT3aKr10zoedNpA,englewood-cliffs-new-jersey
https://www.ubereats.com/new-jersey/food-delivery/ml-mini-market-%26-deli-kitchen/0PDK4g4HQtiVir2KvRH9lw,englewood-cliffs-new-jersey
https://www.ubereats.com/new-jersey/food-delivery/biddy-omalleys/XDnZGfdzSG-6iOquHhMagQ,englewood-cliffs-new-jersey
https://www.ubereats.com/new-jersey/food-delivery/zen-kitchen/B7ib9QONTHOec2ArNXhotQ,englewood-cliffs-new-jersey
https://www.ubereats.com/new-jersey/food-delivery/shake-shack-479-route-17-n/qpZnXxWCTAaorYaI3jzD0w,englewood-cliffs-new-jersey
https://www.ubereats.com/new-jersey/food-delivery/poke-sushi-burrito-asian-restaurant/isTgdAiCTaW4aovWvM5PPw,englewood-cliffs-new-jersey
https://www.ubereats.com/new-jersey/food-delivery/crave-home-kitchen/7Lw0oQw9Rxec0mPj-t7nDA,englewood-cliffs-new-jersey
https://www.ubereats.com/new-jersey/food-delivery/blue-city-grille/z8JQIg-pTqKBBkHNFjWaiQ,englewood-cliffs-new-jersey
https://www.ubereats.com/new-jersey/food-delivery/sambong-naengmyun/Uhx5XdteQiqyZZMeGpUUWw,englewood-cliffs-new-jersey
https://www.ubereats.com/new-jersey/food-delivery/kimchi-bros/nfq9pSxERGKKdTedPhOnJg,englewood-cliffs-new-jersey
https://www.ubereats.com/new-jersey/food-delivery/noches-de-colombia-main-st-hackensack-nj/D0ViZV4dQGGZthZGNrbtww,englewood-cliffs-new-jersey
https://www.ubereats.com/new-jersey/food-delivery/148-applebees-hackensack/D6xYFSqVTPeqz892OiafLw,englewood-cliffs-new-jersey
https://www.ubereats.com/new-jersey/food-delivery/parkway-diner/s0w8wwPRRMW70A85S5ZtIA,englewood-cliffs-new-jersey
https://www.ubereats.com/new-jersey/food-delivery/chef-davinci/aW5hbUbpRJCcfT-Bk3OvWQ,englewood-cliffs-new-jersey
https://www.ubereats.com/new-jersey/food-delivery/burger-king-174-homans-avenue/5QNUIuFvSryWOZ498txPOQ,englewood-cliffs-new-jersey
https://www.ubereats.com/new-jersey/food-delivery/mezza-westwood/p1Z7_r0DT2ezmv4wmF1Tkw,englewood-cliffs-new-jersey
https://www.ubereats.com/new-jersey/food-delivery/roses-of-englewood/FzAM_x4eTk6iC24k740SiQ,englewood-cliffs-new-jersey
https://www.ubereats.com/new-jersey/food-delivery/el-tango-argentina-grill/w0bqVSzcSnexJ5_N6_AuyQ,englewood-cliffs-new-jersey
https://www.ubereats.com/new-jersey/food-delivery/hooters-hackensack/-wsObrRQT4yi2b4LyyHEtA,englewood-cliffs-new-jersey
https://www.ubereats.com/new-jersey/food-delivery/%E5%AF%BB%E9%B1%BC%E7%A7%81%E7%83%A4-xun-yu-si-kao/8DxM7sc9T3KVyyGLteTd6A,englewood-cliffs-new-jersey
https://www.ubereats.com/new-jersey/food-delivery/subway-252-s-summit-ave/JQK1fY3mSkaAbDVlmy1DJQ,englewood-cliffs-new-jersey
https://www.ubereats.com/new-jersey/food-delivery/vietnam-sandwich/279TjXm1QXyrA_8WPvmIMw,englewood-cliffs-new-jersey
https://www.ubereats.com/new-jersey/food-delivery/gotham-city-diner/NgfzDtyzSuWox5ENlvfJFQ,englewood-cliffs-new-jersey
https://www.ubereats.com/new-jersey/food-delivery/taan-thai/2zExucwTSs27hfH9TPs5ZA,englewood-cliffs-new-jersey
https://www.ubereats.com/new-jersey/food-delivery/the-humble-toast/KerXQXqWTHyIdwTsKlA9Uw,englewood-cliffs-new-jersey
https://www.ubereats.com/new-jersey/food-delivery/robertas-and-deans-brooklyn-pizza-factory/gYoFz9dbR1OAUR_AEWIM8Q,englewood-cliffs-new-jersey
https://www.ubereats.com/new-jersey/food-delivery/stevies-crepes-%26-waffles/OlkWysphTMOIC9wCQUm48g,englewood-cliffs-new-jersey
https://www.ubereats.com/new-jersey/food-delivery/fresco-fusion/ZMsRKFeGTAyJpBX2DEbfFQ,englewood-cliffs-new-jersey
https://www.ubereats.com/new-jersey/food-delivery/francey-bradys-bar-%26-restaurant/45IfIt13SxmTwtGowaYN1A,englewood-cliffs-new-jersey
https://www.ubereats.com/new-jersey/food-delivery/burger-boss/eYG6lp2zTyuFrTRV-XxW7Q,englewood-cliffs-new-jersey
https://www.ubereats.com/new-jersey/food-delivery/poppys-bagels-pizza-and-tcby/ZCDvyoVpTQaaUha_PhAuew,englewood-cliffs-new-jersey
https://www.ubereats.com/new-jersey/food-delivery/taste1080/C074MPPeRQaLT_Kc3hPxLw,englewood-cliffs-new-jersey
https://www.ubereats.com/new-jersey/food-delivery/tandoori-chef/VhFhD1qzTuGelYCAIbMaPg,englewood-cliffs-new-jersey
https://www.ubereats.com/new-jersey/food-delivery/deli-licious-cafe/GvAhXHCRRQGyO5yFCTHVpQ,englewood-cliffs-new-jersey
https://www.ubereats.com/new-jersey/food-delivery/mcdonalds-hasbrk-hts-rt-17/zXew2aVwTHOTyAUnLtPJIA,englewood-cliffs-new-jersey
https://www.ubereats.com/new-jersey/food-delivery/golden-krust-teaneck-nj/0dAtvlc6SmKDSuMwPwrO0g,englewood-cliffs-new-jersey
https://www.ubereats.com/new-jersey/food-delivery/l-orange-bleue/Fz6EmwvxTaqD2L0kqANEBg,englewood-cliffs-new-jersey
https://www.ubereats.com/new-jersey/food-delivery/cm-chicken/GjCRz9wXRUuTu73OIj4A6g,englewood-cliffs-new-jersey
https://www.ubereats.com/new-jersey/food-delivery/taqueria-metate/FA3bkv-JQoqNtvXAWzQIJw,englewood-cliffs-new-jersey
https://www.ubereats.com/new-jersey/food-delivery/hokkaido-ramen-santouka/9b6Jv0OaQXCAfKFyaMoDEQ,englewood-cliffs-new-jersey
https://www.ubereats.com/new-jersey/food-delivery/mr-parish-seafood-trap/nk5F_6IEQyyHaYIrcSBasA,englewood-cliffs-new-jersey
https://www.ubereats.com/new-jersey/food-delivery/lulas-latin-cuisine/AGlDhn57RhCBhI7EUAfsgw,englewood-cliffs-new-jersey
https://www.ubereats.com/new-jersey/food-delivery/bonanza-colombian-delights/aITo3MUBR2qGQnfi468ilQ,englewood-cliffs-new-jersey
https://www.ubereats.com/new-jersey/food-delivery/burger-king-195-moonachie-road/XAplYb7rRia0a6E6AVPDNg,englewood-cliffs-new-jersey
https://www.ubereats.com/new-jersey/food-delivery/pa-de-thai-restaurant/X-tcXX7JRTWOhXPjMo8CLg,englewood-cliffs-new-jersey
https://www.ubereats.com/new-jersey/food-delivery/daruma-japanese-restaurant/iGhD1gmZSDGS-PSLgba-aw,englewood-cliffs-new-jersey
https://www.ubereats.com/new-jersey/food-delivery/senor-andy/k_eQEI6wRV2JkRFZH2Y7aw,englewood-cliffs-new-jersey
https://www.ubereats.com/new-jersey/food-delivery/coco-fresh-tea-%26-juice-hackensack-ave/XBPgFCW-Ti6j6yIBEBe9MA,englewood-cliffs-new-jersey
https://www.ubereats.com/new-jersey/food-delivery/burger-king-38-hackensack-avenue/DM1UFf7SQdy4dn2i7Auhcg,englewood-cliffs-new-jersey
https://www.ubereats.com/new-jersey/food-delivery/zais-dessertery-inc/t6VSHINZQ1-ttdKEOKoX8w,englewood-cliffs-new-jersey
https://www.ubereats.com/new-jersey/food-delivery/subway-61-nathaniel-pl/gacs46loT9GOMmufTiqdPA,englewood-cliffs-new-jersey
https://www.ubereats.com/new-jersey/food-delivery/syros-taverna/BVIroeP0QLyILc0Q0i2QCQ,englewood-cliffs-new-jersey
https://www.ubereats.com/new-jersey/food-delivery/burger-boss/YRN8oUBZTty8uYG80ZQzsw,englewood-cliffs-new-jersey
https://www.ubereats.com/new-jersey/food-delivery/so-gong-dong/e7O5aZuARmCDH4uOpZPIrg,englewood-cliffs-new-jersey
https://www.ubereats.com/new-jersey/food-delivery/blackjack-mulligans-public-house/m1ZhplKUS1iXPsC2MDp8dA,englewood-cliffs-new-jersey
https://www.ubereats.com/new-jersey/food-delivery/akai-lounge-englewood/w2l3iTR_S5OQiHB0z1PYig,englewood-cliffs-new-jersey
https://www.ubereats.com/new-jersey/food-delivery/malecon/VdbM-7AgS_SjHsxjPAxtog,englewood-cliffs-new-jersey
https://www.ubereats.com/new-jersey/food-delivery/halal-gyroking/H1DbOkVJSxeqf21gLkL_sw,englewood-cliffs-new-jersey
https://www.ubereats.com/new-jersey/food-delivery/las-americas-cafe-union-city-nj/MsCnDc54Tv-8ItkBwDKWcQ,englewood-cliffs-new-jersey
https://www.ubereats.com/new-jersey/food-delivery/moes-southwest-grill-1061-main-street/ZrqgmJN4Q8afHilZ6rrCAg,englewood-cliffs-new-jersey
https://www.ubereats.com/new-jersey/food-delivery/nova-pizza/0br2gTt0R22yqc7iLATncg,englewood-cliffs-new-jersey
https://www.ubereats.com/new-jersey/food-delivery/bareburger-129-vervalen-st/lH0_vPcnTQKbuaDy-JFdJA,englewood-cliffs-new-jersey
https://www.ubereats.com/new-jersey/food-delivery/fresh-bites-dosirak/k44lLlCXSgeN_CAL9GnqfA,englewood-cliffs-new-jersey
https://www.ubereats.com/new-jersey/food-delivery/grill-house-of-yonkers/O_5pWRLkSPe55TBAsfbxyQ,englewood-cliffs-new-jersey
https://www.ubereats.com/new-jersey/food-delivery/uncle-louie-g-ices-and-ice-cream-maywood/E_b5pIkXSiWTHLTAs5fUwA,englewood-cliffs-new-jersey
https://www.ubereats.com/new-jersey/food-delivery/essex-bagels/neHtPccVRre3BphjRU518g,englewood-cliffs-new-jersey
https://www.ubereats.com/new-jersey/food-delivery/millers-ale-house-paramus/hKj_X3bGScq7HmNXZFMqQw,englewood-cliffs-new-jersey
https://www.ubereats.com/new-jersey/food-delivery/euro-eatery-%26-market/QpIVLZ-bQqSwMvYKb5ipcw,englewood-cliffs-new-jersey
https://www.ubereats.com/new-jersey/food-delivery/playa-bowls-englewood/teoRU7SUQZKbgpQ8PS6Xdw,englewood-cliffs-new-jersey
https://www.ubereats.com/new-jersey/food-delivery/bagel-box/ohzugnxTRjGa6Je6ctMr1g,englewood-cliffs-new-jersey
https://www.ubereats.com/new-jersey/food-delivery/szechaun-mirchi/YMrTUtRdTKuzGqvJosgEdA,englewood-cliffs-new-jersey
https://www.ubereats.com/new-jersey/food-delivery/crossroads-deli/y1VG0uAeQ6iwI8qnhSbjrw,englewood-cliffs-new-jersey
https://www.ubereats.com/new-jersey/food-delivery/bar-one-public-house/v78j8_7sQZGpJLxQYYSdZg,englewood-cliffs-new-jersey
