url,city
https://www.ubereats.com/new-jersey/food-delivery/pork-chops-bbq/SGHZgwWGTQiTsgyZ-D8wJA,fairless-hills-pennsylvania
https://www.ubereats.com/philadelphia/food-delivery/lucky-7-deli-bristol/xRp-4l27SZqCNakXddObMg,fairless-hills-pennsylvania
https://www.ubereats.com/philadelphia/food-delivery/popeyes-1605-n-olden-avenue-ext/I1tFnpnzTO622UT8A9KPhA,fairless-hills-pennsylvania
https://www.ubereats.com/philadelphia/food-delivery/kfc-rt-130-%26-high-st/prpPQDphQSKltLvHY0mgcw,fairless-hills-pennsylvania
https://www.ubereats.com/philadelphia/food-delivery/dutch-country-luncheontte/n1jDi9NDRAKQ8cH9vf4-Lg,fairless-hills-pennsylvania
https://www.ubereats.com/philadelphia/food-delivery/dunkin-1615-e-lincoln-hwy/-JBxRc-1TceDxrN69FIoHQ,fairless-hills-pennsylvania
https://www.ubereats.com/philadelphia/food-delivery/outback-steakhouse-3240-tillman-drive/gJrkToqPRiyh5HMGFvc4_w,fairless-hills-pennsylvania
https://www.ubereats.com/philadelphia/food-delivery/starbucks-102-south-warren-street/-7JHUPeKRAK3GIKusAuBcw,fairless-hills-pennsylvania
https://www.ubereats.com/philadelphia/food-delivery/marys-gourmet-donut-shoppe/LveuZiZ0RWq-tycKE_d8fA,fairless-hills-pennsylvania
https://www.ubereats.com/philadelphia/food-delivery/dunkin-8333-bristol-pike/iOjYhtPaT3ue0ph4kad1rA,fairless-hills-pennsylvania
https://www.ubereats.com/new-jersey/food-delivery/outback-steakhouse-650-commerce-blvd/3Jgh81LuQAe-Fz5uI8pFuQ,fairless-hills-pennsylvania
https://www.ubereats.com/philadelphia/food-delivery/chicken-brothers/hUKUJVlwR9iq3pVWQxqG8g,fairless-hills-pennsylvania
https://www.ubereats.com/new-jersey/food-delivery/spice-rack/778YhEeuT3q5WwpID3_2CA,fairless-hills-pennsylvania
https://www.ubereats.com/philadelphia/food-delivery/indigrill-ewing/rwlur95oQcOVHaG7tS8NIw,fairless-hills-pennsylvania
https://www.ubereats.com/philadelphia/food-delivery/trent-city-pizzeria/NKZpXIo3RdGj2G_1J1hTCQ,fairless-hills-pennsylvania
https://www.ubereats.com/philadelphia/food-delivery/revere-river-rd/N3tPpIHqRc-e9WdeY9HPHw,fairless-hills-pennsylvania
https://www.ubereats.com/philadelphia/food-delivery/metro-diner-bensalem/-cbGUv7QSbOD5MKCIv0-tA,fairless-hills-pennsylvania
https://www.ubereats.com/philadelphia/food-delivery/vue-lounge/JWi2gKitSe6SkSe1uboB4g,fairless-hills-pennsylvania
https://www.ubereats.com/philadelphia/food-delivery/mt-fuji-hibachi-%26-asian-bistro/UkwJ0MKTQoerMikRDmPY6A,fairless-hills-pennsylvania
https://www.ubereats.com/philadelphia/food-delivery/pizza-yeah!/p8YqzjrURaKJMzWQMDmApQ,fairless-hills-pennsylvania
https://www.ubereats.com/new-jersey/food-delivery/lucky-7-deli-bristol/xRp-4l27SZqCNakXddObMg,fairless-hills-pennsylvania
https://www.ubereats.com/philadelphia/food-delivery/yardley-bagel-cafe/ZKd04DIsQzi4vYG2ffSLQQ,fairless-hills-pennsylvania
https://www.ubereats.com/new-jersey/food-delivery/marcellos-coal-fired-restaurant-pizza/N2G88DGNQWqFKtWpd_SZcw,fairless-hills-pennsylvania
https://www.ubereats.com/philadelphia/food-delivery/jb-dawsons-restaurant-%26-bar-92-n-flowers-mill-rd/fiGYm3h5T1mwo5cihVDTBg,fairless-hills-pennsylvania
https://www.ubereats.com/philadelphia/food-delivery/dutch-country-lunchette/ZZpP8X2xRI-yESQrtUAgHg,fairless-hills-pennsylvania
https://www.ubereats.com/new-jersey/food-delivery/shagun-palace/3Rza-EYZTI-Dq8RhhUPRRQ,fairless-hills-pennsylvania
https://www.ubereats.com/philadelphia/food-delivery/sandys-beef-%26-ale/dYVDSyCtR9ihTDO6RGUo0w,fairless-hills-pennsylvania
https://www.ubereats.com/new-jersey/food-delivery/the-lighthouse-jamaican-restaurant/2slW1Iz2QpyL-RRjRjrnIg,fairless-hills-pennsylvania
https://www.ubereats.com/philadelphia/food-delivery/the-borough-pub/0acGg7o-Q7mVLgJWJa3EwA,fairless-hills-pennsylvania
https://www.ubereats.com/new-jersey/food-delivery/georgia-fried-chicken-262-parkway-ave/2MTlRGhkT_COBfz17ACy-A,fairless-hills-pennsylvania
https://www.ubereats.com/philadelphia/food-delivery/route-1-diner/yYWJY0xNRI2pBPITT5Yh5w,fairless-hills-pennsylvania
https://www.ubereats.com/philadelphia/food-delivery/shagun-palace/3Rza-EYZTI-Dq8RhhUPRRQ,fairless-hills-pennsylvania
https://www.ubereats.com/philadelphia/food-delivery/diamonds/FS3UqVMqTgmjEFUCRFjSbg,fairless-hills-pennsylvania
https://www.ubereats.com/philadelphia/food-delivery/zaika-kabab-%26-curry/oza-YeT3SsisZRtk0QlM-g,fairless-hills-pennsylvania
https://www.ubereats.com/philadelphia/food-delivery/dubai-restaurant-%26-bar/z7998GEKR_S7eDnVZokqlA,fairless-hills-pennsylvania
https://www.ubereats.com/philadelphia/food-delivery/bandbox-pizza/sAmfePDPQlquXp3_1pGPRA,fairless-hills-pennsylvania
https://www.ubereats.com/new-jersey/food-delivery/panera-1345-lincoln-highway/b8lfuJrxTUClz0DLrOLReg,fairless-hills-pennsylvania
https://www.ubereats.com/philadelphia/food-delivery/clubhouse-diner/LdTL-xnpSTedcS3l7iBYYA,fairless-hills-pennsylvania
https://www.ubereats.com/new-jersey/food-delivery/hong-kong-star-noodle-house/WGHmtUYxSzezgZ7KkCU71A,fairless-hills-pennsylvania
https://www.ubereats.com/new-jersey/food-delivery/starbucks-102-south-warren-street/-7JHUPeKRAK3GIKusAuBcw,fairless-hills-pennsylvania
https://www.ubereats.com/philadelphia/food-delivery/outback-steakhouse-650-commerce-blvd/3Jgh81LuQAe-Fz5uI8pFuQ,fairless-hills-pennsylvania
https://www.ubereats.com/philadelphia/food-delivery/tonys-king-of-pizza/yzmRmTunTvuNV5yqG8eL9g,fairless-hills-pennsylvania
https://www.ubereats.com/philadelphia/food-delivery/el-paso-mexican-restaurant/fT0C6IIWSkS2J57LC-ndhg,fairless-hills-pennsylvania
https://www.ubereats.com/philadelphia/food-delivery/burger-king-2062-route-130-north/GKSuRbUeQkSOmKql4fu-cA,fairless-hills-pennsylvania
https://www.ubereats.com/philadelphia/food-delivery/popeyes-1284-south-broad-street/_Q_ZVotITwu6-RiTIypynQ,fairless-hills-pennsylvania
https://www.ubereats.com/philadelphia/food-delivery/chucks-big-time-bbq/hb-tzMXwQs-n3ZUCYW_HpA,fairless-hills-pennsylvania
https://www.ubereats.com/philadelphia/food-delivery/kfc-432-lincoln-hwy/7MnUVL39T5e8t1zpwNwKDA,fairless-hills-pennsylvania
https://www.ubereats.com/philadelphia/food-delivery/cracker-barrel-old-country-store-3611-horizon-blvd/hZtP1SbmR_yvvFVVFo8uOA,fairless-hills-pennsylvania
https://www.ubereats.com/philadelphia/food-delivery/osaka-sushi/4_sDl11vRCaX5o84KAdR0g,fairless-hills-pennsylvania
https://www.ubereats.com/philadelphia/food-delivery/taste-of-soul/uNeWy0bqTfmeJNIotFjhLA,fairless-hills-pennsylvania
https://www.ubereats.com/new-jersey/food-delivery/chickies-%26-petes-bordentown/fmZvbwIOTteT8nL5wewbUw,fairless-hills-pennsylvania
https://www.ubereats.com/philadelphia/food-delivery/chipotle-mexican-grill-2940-s-eagle-rd/HN0tv6GuTiWFGFLCObdkkA,fairless-hills-pennsylvania
https://www.ubereats.com/new-jersey/food-delivery/east-sushi-restaurant/eZjfQUUVR6W6tJ_tRzd_sQ,fairless-hills-pennsylvania
https://www.ubereats.com/philadelphia/food-delivery/panda-express-3570-horizon-blvd/NeCLEoySSWuwlBTU95pylw,fairless-hills-pennsylvania
https://www.ubereats.com/philadelphia/food-delivery/dunkin-1072-chambers-st/3yNFKoIMSbOq9pkX1KK3Og,fairless-hills-pennsylvania
https://www.ubereats.com/new-jersey/food-delivery/zoes-kitchen-280-n-sycamore-st/tSWGaszXSuihz3ct9ZSbxw,fairless-hills-pennsylvania
https://www.ubereats.com/philadelphia/food-delivery/concerto-fusion-cuisine/tj-gpvTEQFynM2BUxkdmwg,fairless-hills-pennsylvania
https://www.ubereats.com/philadelphia/food-delivery/dunkin-2-w-bridge-st/0nKZ5zXtTKCq4LOzi_fOzA,fairless-hills-pennsylvania
https://www.ubereats.com/philadelphia/food-delivery/east-sushi-restaurant/eZjfQUUVR6W6tJ_tRzd_sQ,fairless-hills-pennsylvania
https://www.ubereats.com/philadelphia/food-delivery/top-it-frozen-yogurt-cafe/sn-rLoY1QkyPXy9Fb5v6mQ,fairless-hills-pennsylvania
https://www.ubereats.com/philadelphia/food-delivery/wawa-8004-7625-new-falls-rd/cw1xmvkOTPOWsRjKgES-uA,fairless-hills-pennsylvania
https://www.ubereats.com/philadelphia/food-delivery/slacks-hoagie-shack/YuynbPUxRKyops56TA28Lw,fairless-hills-pennsylvania
https://www.ubereats.com/philadelphia/food-delivery/outback-steakhouse-740-route-130/kHQAc1vzTguiM9_1k4J7dA,fairless-hills-pennsylvania
https://www.ubereats.com/philadelphia/food-delivery/andale-latino-grill/Cm5jtUriRrerjbcJHhVKvA,fairless-hills-pennsylvania
https://www.ubereats.com/philadelphia/food-delivery/ewing-diner/s4iD39GZTVaO5NWuLcETGg,fairless-hills-pennsylvania
https://www.ubereats.com/philadelphia/food-delivery/dunkin-410-lalor-st/BqE3c-JFRtyZNYZ6sDaNPA,fairless-hills-pennsylvania
https://www.ubereats.com/philadelphia/food-delivery/cafe-antonio/W_mqAhFSTtSibxUZi-bxFQ,fairless-hills-pennsylvania
https://www.ubereats.com/philadelphia/food-delivery/subway-153-levittown-parkway/v2Tp5OfIQCSvq7voTTYorg,fairless-hills-pennsylvania
https://www.ubereats.com/philadelphia/food-delivery/taco-bell-2035-rt-130-north/MIzGPNFyQXyf9jK45IAtgg,fairless-hills-pennsylvania
https://www.ubereats.com/philadelphia/food-delivery/mcdonalds-trevose/tt6HRKu9RSO4r4p8JuTeHw,fairless-hills-pennsylvania
https://www.ubereats.com/new-jersey/food-delivery/saladworks-neshaminy-mall/sSYN9dY6TbWTMbdxjLqScg,fairless-hills-pennsylvania
https://www.ubereats.com/philadelphia/food-delivery/bens-delicatessen/dyKcqmqeTwuLWhzZ33KsFA,fairless-hills-pennsylvania
https://www.ubereats.com/philadelphia/food-delivery/arosso-italian-restaurant/2vab8Q9ZSJGp5K_JyTwSCA,fairless-hills-pennsylvania
https://www.ubereats.com/philadelphia/food-delivery/jb-bakery/wy2NpDRHT9u1-OZfOo3W5w,fairless-hills-pennsylvania
https://www.ubereats.com/philadelphia/food-delivery/hamilton-bagel-%26-grill/ArK-L2weQK6QbCmOKnl9WA,fairless-hills-pennsylvania
https://www.ubereats.com/philadelphia/food-delivery/subway-35-bellevue-ave/ivFeu0oOSfqvdlL3nEcLDQ,fairless-hills-pennsylvania
https://www.ubereats.com/philadelphia/food-delivery/buen-provecho-restaurant-and-cafe/TzxxZJA4TbC5P4Rdf4yzqg,fairless-hills-pennsylvania
https://www.ubereats.com/philadelphia/food-delivery/panera-1345-lincoln-highway/b8lfuJrxTUClz0DLrOLReg,fairless-hills-pennsylvania
https://www.ubereats.com/new-jersey/food-delivery/delias-empanadas-cafe/aD9nDV2eS0S_ShQT0940tA,fairless-hills-pennsylvania
https://www.ubereats.com/philadelphia/food-delivery/dunkin-576-grand-ave/nRrfkF1WQ2mA4o-RHwkBXw,fairless-hills-pennsylvania
https://www.ubereats.com/philadelphia/food-delivery/dunkin-1255-e-old-lincoln-highway/guFOwTRrRvuNrMsfq4Tlrw,fairless-hills-pennsylvania
https://www.ubereats.com/new-jersey/food-delivery/outback-steakhouse-740-route-130/kHQAc1vzTguiM9_1k4J7dA,fairless-hills-pennsylvania
https://www.ubereats.com/philadelphia/food-delivery/moes-southwest-grill-1309-rt-33/T1J5lW0QSnKB0R01lAw2qA,fairless-hills-pennsylvania
https://www.ubereats.com/philadelphia/food-delivery/popeyes-322-w-trenton-avenue/YhyVlEdDSUmopQtm0dl1BQ,fairless-hills-pennsylvania
https://www.ubereats.com/philadelphia/food-delivery/california-tortilla-langhorne/JUOGXJ6hTUKMHMCdOkwSPA,fairless-hills-pennsylvania
https://www.ubereats.com/philadelphia/food-delivery/dunkin-1159-veterans-highway/WiEouO0iSBKqSGVwLW58JQ,fairless-hills-pennsylvania
https://www.ubereats.com/new-jersey/food-delivery/chick-fil-a-2424-e-lincoln-hwy/y9xhR5oOTQeby_RjHC6ACA,fairless-hills-pennsylvania
https://www.ubereats.com/philadelphia/food-delivery/taranovas-pizza-and-pasta/ga0F-zRaTZ2xnnWc2CrK8w,fairless-hills-pennsylvania
https://www.ubereats.com/philadelphia/food-delivery/rjs-bagels-inc/HxfVmpmbRXCFOeEE6M01HA,fairless-hills-pennsylvania
https://www.ubereats.com/philadelphia/food-delivery/306-bonefish-grill-500-oxford-valley-road/rxT27hEkRjiN6Y3LOcg0AQ,fairless-hills-pennsylvania
https://www.ubereats.com/philadelphia/food-delivery/classic-sub-shop/x88F_1vrT1Gl5TyPYvfX_g,fairless-hills-pennsylvania
https://www.ubereats.com/philadelphia/food-delivery/little-rockys-pizza/cA764j8FSQG0Nq60s-yZZw,fairless-hills-pennsylvania
https://www.ubereats.com/philadelphia/food-delivery/applebees-3219-street-road/9bvpWibQTASjEnLitCoTZA,fairless-hills-pennsylvania
https://www.ubereats.com/philadelphia/food-delivery/fedelos-family-pizzeria-%26-italian-ristorante/hjbWJiRPQcWKUgOD_2wOXg,fairless-hills-pennsylvania
https://www.ubereats.com/philadelphia/food-delivery/ritas-italian-ice-of-holland/3Ghz4BKOR-agZOgZiNJz9Q,fairless-hills-pennsylvania
https://www.ubereats.com/philadelphia/food-delivery/la-mexicana-224-bristol-pike/_k_5p_W9T9yIhijkPWKCaA,fairless-hills-pennsylvania
https://www.ubereats.com/new-jersey/food-delivery/applebees-3219-street-road/9bvpWibQTASjEnLitCoTZA,fairless-hills-pennsylvania
https://www.ubereats.com/philadelphia/food-delivery/manninos-family-ristorante/A2_wIaOQT1qVdQTMzJdRSw,fairless-hills-pennsylvania
https://www.ubereats.com/philadelphia/food-delivery/pork-chops-bbq/SGHZgwWGTQiTsgyZ-D8wJA,fairless-hills-pennsylvania
https://www.ubereats.com/philadelphia/food-delivery/slacks-hoagie-shack-fairless-hills/xzq5rgMZQV-3fkqvmhZINQ,fairless-hills-pennsylvania
https://www.ubereats.com/philadelphia/food-delivery/dunkin-801-n-olden-ave/BzHhzQWnQVOcBsDPvPT2Zg,fairless-hills-pennsylvania
https://www.ubereats.com/philadelphia/food-delivery/gleasons-pub/m6RStHcpQ-CgVuzLefvuVA,fairless-hills-pennsylvania
https://www.ubereats.com/new-jersey/food-delivery/pizza-yeah!/p8YqzjrURaKJMzWQMDmApQ,fairless-hills-pennsylvania
https://www.ubereats.com/philadelphia/food-delivery/applebees-2-west-road/evcrlUaESw6cT1a5IS0t7Q,fairless-hills-pennsylvania
https://www.ubereats.com/philadelphia/food-delivery/papa-johns-5-mission-road_/H1IBqDbeTNaRTaAT_1DXNw,fairless-hills-pennsylvania
https://www.ubereats.com/philadelphia/food-delivery/taco-bell-590-s-broad-street/VFPPFFXGSSWBkm2n5xMUfA,fairless-hills-pennsylvania
https://www.ubereats.com/philadelphia/food-delivery/ruby-tuesday-1440-east-lincoln-highway/yRVdZfy8R-mlgOU2-vyNVQ,fairless-hills-pennsylvania
https://www.ubereats.com/philadelphia/food-delivery/dairy-queen-grill-%26-chill-922-2nd-street-pike/AGEboOydTRSZbFfHDloNrA,fairless-hills-pennsylvania
https://www.ubereats.com/philadelphia/food-delivery/taco-bell-185-levittown-parkway/Bg1MKcW-Ri-9hnwtgnaWkQ,fairless-hills-pennsylvania
https://www.ubereats.com/philadelphia/food-delivery/mommy-joes-carribean-restaurant/bShAzlz7TzmS1_ki7SKGLw,fairless-hills-pennsylvania
https://www.ubereats.com/philadelphia/food-delivery/dunkin-1147-south-olden-ave/YM43DFD5S_2x-yCrlNspLA,fairless-hills-pennsylvania
https://www.ubereats.com/philadelphia/food-delivery/wawa-165-4662-bensalem-blvd-%26-ford-ave/YL6QlNlnQcul2WJQJQ2DNA,fairless-hills-pennsylvania
https://www.ubereats.com/philadelphia/food-delivery/mcdonalds-levittown/Zf7bXF2-TWypSHFTz2RPUA,fairless-hills-pennsylvania
https://www.ubereats.com/philadelphia/food-delivery/margaritas-mexican-restaurant-langhorne/DloPyJyvSYWYRkvcnR1fzw,fairless-hills-pennsylvania
https://www.ubereats.com/philadelphia/food-delivery/zhangs-new-china-house/CQVfR40jQIa6Rpb4kD8dYg,fairless-hills-pennsylvania
https://www.ubereats.com/philadelphia/food-delivery/lip-lickin-soulfood/yWqbtkkPSKG20q4tvVej0w,fairless-hills-pennsylvania
https://www.ubereats.com/philadelphia/food-delivery/friendlys-897-w-trenton-ave/YQCQwmbFRNiL4VPdwGmoxw,fairless-hills-pennsylvania
https://www.ubereats.com/philadelphia/food-delivery/635-kam-buffet-inc/18lsyqmZToGw0zTcDbVISQ,fairless-hills-pennsylvania
https://www.ubereats.com/philadelphia/food-delivery/playa-bowls-newtown/OwWmcHsXTvm_MpXNc2FlwA,fairless-hills-pennsylvania
https://www.ubereats.com/philadelphia/food-delivery/crafty-crab/7g4b2onOSyWf3_jmm30otA,fairless-hills-pennsylvania
https://www.ubereats.com/new-jersey/food-delivery/vue-lounge/JWi2gKitSe6SkSe1uboB4g,fairless-hills-pennsylvania
https://www.ubereats.com/philadelphia/food-delivery/dunkin-555-lincoln-hwy/kszodBGoRayOKHLHByomvg,fairless-hills-pennsylvania
https://www.ubereats.com/philadelphia/food-delivery/tastyland-kitchen/VjzYMcqDQuygp5pth1H3EQ,fairless-hills-pennsylvania
https://www.ubereats.com/philadelphia/food-delivery/mcdonalds-103-113-cass-st/DdHQl73cTRW4GD3CGF1fVw,fairless-hills-pennsylvania
https://www.ubereats.com/philadelphia/food-delivery/taco-bell-3200-south-broad-st/GHNuu0jxROyMCua7UKTngQ,fairless-hills-pennsylvania
https://www.ubereats.com/philadelphia/food-delivery/dunkin-260-route-130/U8S3NW2GTFioWQBPJ7-Mpg,fairless-hills-pennsylvania
https://www.ubereats.com/philadelphia/food-delivery/papa-johns-600-john-f-kennedy-way/HWilZETYRGqrVEROZyHkpQ,fairless-hills-pennsylvania
https://www.ubereats.com/new-jersey/food-delivery/metro-diner-langhorne/un_5sr7SS6e7DZthCUyRXw,fairless-hills-pennsylvania
https://www.ubereats.com/philadelphia/food-delivery/mcdonalds-new-rodgers-rd-relo/xpTXdGpUQKuVPTvVGzgJqg,fairless-hills-pennsylvania
https://www.ubereats.com/philadelphia/food-delivery/mythai-kitchen/A-96meu8QOOJ2DCHq9qNuA,fairless-hills-pennsylvania
https://www.ubereats.com/new-jersey/food-delivery/635-kam-buffet-inc/18lsyqmZToGw0zTcDbVISQ,fairless-hills-pennsylvania
https://www.ubereats.com/philadelphia/food-delivery/langhorne-burgers/apBnYdtaTkqldfRDxDv9dQ,fairless-hills-pennsylvania
https://www.ubereats.com/new-jersey/food-delivery/osaki/sHdX5bX_StiZNFCutESjOw,fairless-hills-pennsylvania
https://www.ubereats.com/new-jersey/food-delivery/mt-fuji-hibachi-%26-asian-bistro/UkwJ0MKTQoerMikRDmPY6A,fairless-hills-pennsylvania
https://www.ubereats.com/philadelphia/food-delivery/taco-bell-91-sloan-ave/i_C3OIDMQs66OsOvvy80-g,fairless-hills-pennsylvania
https://www.ubereats.com/philadelphia/food-delivery/primohoagies-542-andrews-rd/AptiwUdjQvuU42-yrpPKuQ,fairless-hills-pennsylvania
https://www.ubereats.com/philadelphia/food-delivery/honest-restaurant/VhqCvwArTVmYj23md8Vong,fairless-hills-pennsylvania
https://www.ubereats.com/philadelphia/food-delivery/dunkin-395-w-trenton-ave/0ieRXz-rSN23VfwdeAFzAg,fairless-hills-pennsylvania
https://www.ubereats.com/philadelphia/food-delivery/tgi-fridays-737-hamilton-nj/6wjikdr2QSG4cQP_lHBAVw,fairless-hills-pennsylvania
https://www.ubereats.com/philadelphia/food-delivery/wendys-2000-s-eagle-road/XX4pB2oVScuQjigSqd16kA,fairless-hills-pennsylvania
https://www.ubereats.com/philadelphia/food-delivery/taco-bell-1760-north-olden-avenue/_uqXnUWdT8uKs7srn0zPag,fairless-hills-pennsylvania
https://www.ubereats.com/philadelphia/food-delivery/halal-brothers-chicken-and-rice/KaUaA8_4Tganw4RX923NOg,fairless-hills-pennsylvania
https://www.ubereats.com/philadelphia/food-delivery/delias-empanadas-cafe/aD9nDV2eS0S_ShQT0940tA,fairless-hills-pennsylvania
https://www.ubereats.com/philadelphia/food-delivery/krispy-krunchy-chicken-spruce-st/fdOzNwR8T1ixbvc-J4LMng,fairless-hills-pennsylvania
https://www.ubereats.com/philadelphia/food-delivery/marcellos-coal-fired-restaurant-pizza/N2G88DGNQWqFKtWpd_SZcw,fairless-hills-pennsylvania
https://www.ubereats.com/philadelphia/food-delivery/little-basil-asian-kitchen/pltAkZOXQpq-_eeUcpHPcw,fairless-hills-pennsylvania
https://www.ubereats.com/philadelphia/food-delivery/two-brothers-pizza/i4xrFMDYTkO60dPQ8OXsEQ,fairless-hills-pennsylvania
https://www.ubereats.com/philadelphia/food-delivery/anthonys-iv-pizza-%26-pasta/gIBUUuiTSOm8ZeBYDpb9EA,fairless-hills-pennsylvania
https://www.ubereats.com/philadelphia/food-delivery/osaki/sHdX5bX_StiZNFCutESjOw,fairless-hills-pennsylvania
https://www.ubereats.com/philadelphia/food-delivery/philly-it-cheesesteaks/yCfacmGLTXWnkHc_vD3QTA,fairless-hills-pennsylvania
https://www.ubereats.com/philadelphia/food-delivery/dunkin-4001-new-rodgers-rd/18Kq-PGURyStdQ4nAoVm3A,fairless-hills-pennsylvania
https://www.ubereats.com/new-jersey/food-delivery/arirang-hibachi-steakhouse-langhorne/xCGATzcLRO-t7DO-Hb2-hw,fairless-hills-pennsylvania
https://www.ubereats.com/philadelphia/food-delivery/friendlys-106-neshaminy-mall/9PNNGdIrR4e2s56stnzWcA,fairless-hills-pennsylvania
https://www.ubereats.com/philadelphia/food-delivery/sandys-beef-%26-ale/8HD5yRohS3K16LmIEt22EQ,fairless-hills-pennsylvania
https://www.ubereats.com/philadelphia/food-delivery/tgi-fridays-629-bensalem-pa/sEeoLJNoQUqEIGX8uSv6GQ,fairless-hills-pennsylvania
https://www.ubereats.com/philadelphia/food-delivery/mcdonalds-bensalem-st-rd/0TlCJuKHTwiicrhOLnUDsQ,fairless-hills-pennsylvania
https://www.ubereats.com/philadelphia/food-delivery/friendlys-1462-e-lincoln-hwy/4ovJyzSKRSm3xhwpzioI3Q,fairless-hills-pennsylvania
https://www.ubereats.com/new-jersey/food-delivery/buffalo-wild-wings-2763-e-lincoln-hwy/Em9O2wVETsKf4Lpj9cJ6Tw,fairless-hills-pennsylvania
https://www.ubereats.com/new-jersey/food-delivery/two-brothers-pizza/i4xrFMDYTkO60dPQ8OXsEQ,fairless-hills-pennsylvania
https://www.ubereats.com/new-jersey/food-delivery/ihop-110-lincoln-hwy-suite-%231/lc5ZxOI3SvWEBL0mvki4Cw,fairless-hills-pennsylvania
https://www.ubereats.com/philadelphia/food-delivery/tonys-place-bar-%26-grille/9GeVnXAvRherjP4ZRiAysA,fairless-hills-pennsylvania
https://www.ubereats.com/philadelphia/food-delivery/philly-style-soft-pretzel/c1Kx4vrWT2aQpTtRJc8l0g,fairless-hills-pennsylvania
https://www.ubereats.com/philadelphia/food-delivery/dunkin-8621-new-falls-rd/EY3LWafPR_eLbT6CF9AG8A,fairless-hills-pennsylvania
https://www.ubereats.com/philadelphia/food-delivery/wendys-227-plaza-blvd/LjrSGV90Slu9fV1CJKpzlQ,fairless-hills-pennsylvania
https://www.ubereats.com/philadelphia/food-delivery/dennys-640-e-lincoln-hwy/5Ef9hxMVToeVUONn1W-X4w,fairless-hills-pennsylvania
https://www.ubereats.com/philadelphia/food-delivery/wendys-1730-n-olden-ave/ZG1-jeM4TYqB_DbHupYVyQ,fairless-hills-pennsylvania
https://www.ubereats.com/new-jersey/food-delivery/auntie-annes-1700-nottingham-way/_brVEu1DQXi4Y9B5IzPqmA,fairless-hills-pennsylvania
https://www.ubereats.com/philadelphia/food-delivery/wings-to-go-fairless-hills-513-s-oxford-valley-rd/BrtonQ_cRj2bNPvIRmZXEw,fairless-hills-pennsylvania
https://www.ubereats.com/new-jersey/food-delivery/suds-cheesesteaks-n-beer/aPEz7d4lTTy9GtSCFFUraA,fairless-hills-pennsylvania
https://www.ubereats.com/philadelphia/food-delivery/golden-eagle-diner/GwZGK_tQQ8Gbi2bWIGaSMA,fairless-hills-pennsylvania
https://www.ubereats.com/philadelphia/food-delivery/poke-ocean-japanese-cuisine/IWN7Zfd6R06dbyIa_h6RUw,fairless-hills-pennsylvania
https://www.ubereats.com/philadelphia/food-delivery/state-street-kitchen/uVydSHVfRLCHNpeMnfFlgA,fairless-hills-pennsylvania
https://www.ubereats.com/philadelphia/food-delivery/el-chapin/Nalvc1LNSk-u-WewmaSnrQ,fairless-hills-pennsylvania
https://www.ubereats.com/philadelphia/food-delivery/dunkin-200-lincoln-hwy/5DHqTMIBT0uepktQ_jVtbA,fairless-hills-pennsylvania
https://www.ubereats.com/new-jersey/food-delivery/ayakitchen/jSvTi7lwT7aZOv3fJoE4Xg,fairless-hills-pennsylvania
https://www.ubereats.com/philadelphia/food-delivery/burger-king-1673-n-olden-avenue-ext/M5FJGnjUTmONvjTrZSShYg,fairless-hills-pennsylvania
https://www.ubereats.com/philadelphia/food-delivery/stewarts-of-hamilton/1fOD5U4nRM6OFwZVAn1wEA,fairless-hills-pennsylvania
https://www.ubereats.com/philadelphia/food-delivery/red-robin-105-610-middletown-blvd/Q_YGSrTwTLWsCF9FYthF0A,fairless-hills-pennsylvania
https://www.ubereats.com/philadelphia/food-delivery/murphys-beef-%26-ale/_s0HbMNnQIOmHKYx3LbVeg,fairless-hills-pennsylvania
https://www.ubereats.com/philadelphia/food-delivery/mcdonalds-penndel/zjFf4P77SfecHqY8B6y8lA,fairless-hills-pennsylvania
https://www.ubereats.com/philadelphia/food-delivery/wawa-128-236-holland-st/nmafO24gQn2ChFMA-i8p6Q,fairless-hills-pennsylvania
https://www.ubereats.com/philadelphia/food-delivery/wing-squad-bensalem/caGRwRV3SDa3jkm0MRFDfA,fairless-hills-pennsylvania
https://www.ubereats.com/philadelphia/food-delivery/ginger-wok/neXGa4QORXiQHdMTs3oqNg,fairless-hills-pennsylvania
https://www.ubereats.com/philadelphia/food-delivery/mcdonalds-feasterville/6ksOGSCgQ6aNyuj0o56qmQ,fairless-hills-pennsylvania
https://www.ubereats.com/philadelphia/food-delivery/bertuccis-langhorne/qdgOLjkqQaqJfg2MbO2GLQ,fairless-hills-pennsylvania
https://www.ubereats.com/new-jersey/food-delivery/the-simple-greek-hamilton/AImIsXs3TsyRYsiO81_0vw,fairless-hills-pennsylvania
https://www.ubereats.com/philadelphia/food-delivery/angies-luncheonette/WRsfrlzBQ7yanG5joD43lA,fairless-hills-pennsylvania
https://www.ubereats.com/philadelphia/food-delivery/the-ice-cream-shop-ewing/L7iTUxTkQ9CH5C3wgvXRzg,fairless-hills-pennsylvania
https://www.ubereats.com/new-jersey/food-delivery/peppis-pizza-%26-pasta/gZUCdj7XToyW1OCh3VpORA,fairless-hills-pennsylvania
https://www.ubereats.com/philadelphia/food-delivery/richmans-ice-cream-and-burger-co-levittown/LpW_4IS6ReKtfJSz4PMltw,fairless-hills-pennsylvania
https://www.ubereats.com/philadelphia/food-delivery/la-cabana-bakeshop-%26-restaurant/1YKwEp3jQXy0qnbl54c4Lw,fairless-hills-pennsylvania
https://www.ubereats.com/philadelphia/food-delivery/steak-and-hoagie-factory-levittown/l45QwI6lQhajzKP4t8GV9A,fairless-hills-pennsylvania
https://www.ubereats.com/philadelphia/food-delivery/wing-squad-langhorne/TK6_bImcTRODWDg8gdp1zg,fairless-hills-pennsylvania
https://www.ubereats.com/philadelphia/food-delivery/dunkin-1866-brownsville-rd/wEvPFa1FQYyWiN13VQwhrQ,fairless-hills-pennsylvania
https://www.ubereats.com/new-jersey/food-delivery/la-taqueria/D7c_6Ry6TIaCEimH5RX7BA,fairless-hills-pennsylvania
https://www.ubereats.com/philadelphia/food-delivery/taco-bell-500-commerce-blvd/mF90sOsKRuaTOgRJMtc0zg,fairless-hills-pennsylvania
https://www.ubereats.com/new-jersey/food-delivery/dairy-queen-grill-%26-chill-922-2nd-street-pike/AGEboOydTRSZbFfHDloNrA,fairless-hills-pennsylvania
https://www.ubereats.com/philadelphia/food-delivery/red-lobster-2275-e-lincoln-highway/JNwD0WuUReyHee0K6VG4GA,fairless-hills-pennsylvania
https://www.ubereats.com/philadelphia/food-delivery/just-steaks/DQeu_FsuS8-PuBRFUhPaVg,fairless-hills-pennsylvania
https://www.ubereats.com/philadelphia/food-delivery/ihop-110-lincoln-hwy-suite-%231/lc5ZxOI3SvWEBL0mvki4Cw,fairless-hills-pennsylvania
https://www.ubereats.com/new-jersey/food-delivery/tastyland-kitchen/VjzYMcqDQuygp5pth1H3EQ,fairless-hills-pennsylvania
https://www.ubereats.com/new-jersey/food-delivery/indian-nosh-bar-%26-grill/wdCd-waWRE6TR_bYCpLx_Q,fairless-hills-pennsylvania
https://www.ubereats.com/philadelphia/food-delivery/harvest-seasonal-grill-%26-wine-bar-newtown/Ng5xqankQ1CMpjldq-GtuQ,fairless-hills-pennsylvania
https://www.ubereats.com/philadelphia/food-delivery/ihop-811-parkway-avenue/NXFpGIT3Qbadi-6kggOJ2Q,fairless-hills-pennsylvania
https://www.ubereats.com/philadelphia/food-delivery/brothers-pizza/l9_BUQIOQh-BgiFwci3Vww,fairless-hills-pennsylvania
https://www.ubereats.com/philadelphia/food-delivery/popeyes-169-levittown-pkwy/Cv5Q_YY8SHS2yo6BtUAyyw,fairless-hills-pennsylvania
https://www.ubereats.com/new-jersey/food-delivery/metro-diner-bensalem/-cbGUv7QSbOD5MKCIv0-tA,fairless-hills-pennsylvania
https://www.ubereats.com/new-jersey/food-delivery/krispy-krunchy-chicken-300-charleston-rd/6QXdC7SpQtu28CkVqNkjbg,fairless-hills-pennsylvania
https://www.ubereats.com/philadelphia/food-delivery/lees-hoagie-house/pe3EqQBHT6uk44qIrhfoOg,fairless-hills-pennsylvania
https://www.ubereats.com/philadelphia/food-delivery/subway-180-levittown-pkwy/A1pJCS25RaKF_HtP0J_sQg,fairless-hills-pennsylvania
https://www.ubereats.com/new-jersey/food-delivery/crafty-crab/7g4b2onOSyWf3_jmm30otA,fairless-hills-pennsylvania
https://www.ubereats.com/philadelphia/food-delivery/baileys-bar-%26-grille/4E8htBO_TVGWLi7SwcT7rQ,fairless-hills-pennsylvania
https://www.ubereats.com/philadelphia/food-delivery/barbaras-hungarian-restaurant/yKM9KA-EQkqYPFZiCWqgnw,fairless-hills-pennsylvania
https://www.ubereats.com/philadelphia/food-delivery/wendys-2485-south-broad-street/-0CW9ZYISO2r6kE2VtLboA,fairless-hills-pennsylvania
https://www.ubereats.com/philadelphia/food-delivery/dunkin-5007-bristol-pike/KdeZslyzTNa8Q46V8QLZ4A,fairless-hills-pennsylvania
https://www.ubereats.com/philadelphia/food-delivery/mamma-mia-trattoria/oaM08RfxQiaZJ6eIB0nN5A,fairless-hills-pennsylvania
https://www.ubereats.com/philadelphia/food-delivery/bagelocity-%26-the-soup-king-cafe/cs56TrfLQqO1L_2rl_jEMw,fairless-hills-pennsylvania
https://www.ubereats.com/new-jersey/food-delivery/zaika-kabab-%26-curry/oza-YeT3SsisZRtk0QlM-g,fairless-hills-pennsylvania
https://www.ubereats.com/philadelphia/food-delivery/chuck-e-cheese-1283-e-lincoln-hwy/f6IhHP2GR_C0jGPVvtzR6Q,fairless-hills-pennsylvania
https://www.ubereats.com/philadelphia/food-delivery/quaker-steak-%26-lube-2900-street-road/8bx_pXMjTImS1HTbl-jg7w,fairless-hills-pennsylvania
https://www.ubereats.com/philadelphia/food-delivery/dunkin-1625-princeton-ave/zplhrlLrR6OXoaNXoDE9Qg,fairless-hills-pennsylvania
https://www.ubereats.com/philadelphia/food-delivery/bertuccis-3617-horizon-blvd/QuMIZAdKQ72umXIrA2wKZw,fairless-hills-pennsylvania
https://www.ubereats.com/philadelphia/food-delivery/tropical-smoothie-cafe-2222-route-33store-g/UHCtkYPkRA26ItoyvjzR6A,fairless-hills-pennsylvania
https://www.ubereats.com/new-jersey/food-delivery/boston-market-360-n-oxford-valley-road/X6HDx0U_TZi3JTsDs8T9VA,fairless-hills-pennsylvania
https://www.ubereats.com/philadelphia/food-delivery/dunkin-47-e-state-st/o1zCx7V3Tbq6gScKnIHhPA,fairless-hills-pennsylvania
https://www.ubereats.com/philadelphia/food-delivery/the-pizza-place-formerly-papa-johns/tw31lDmFSomq24Wb5JFTXw,fairless-hills-pennsylvania
https://www.ubereats.com/philadelphia/food-delivery/subway-2044-e-old-lincoln-hwy/Vvfp2P1ER3WW5HUTEoQ8_w,fairless-hills-pennsylvania
https://www.ubereats.com/philadelphia/food-delivery/mcdonalds-501-chambers-street/IEkShxQJQKCgRdJF_4mEqw,fairless-hills-pennsylvania
https://www.ubereats.com/philadelphia/food-delivery/millers-ale-house-langhorne/WYRPFqepQZCYkJWpDuNbZA,fairless-hills-pennsylvania
https://www.ubereats.com/new-jersey/food-delivery/halal-brothers-chicken-and-rice/KaUaA8_4Tganw4RX923NOg,fairless-hills-pennsylvania
https://www.ubereats.com/new-jersey/food-delivery/krispy-krunchy-chicken-spruce-st/fdOzNwR8T1ixbvc-J4LMng,fairless-hills-pennsylvania
https://www.ubereats.com/philadelphia/food-delivery/mcdonalds-321-w-trenton-ave/4oy76y5vSwa2R8dVP2yBnQ,fairless-hills-pennsylvania
https://www.ubereats.com/philadelphia/food-delivery/kfc-1565-princeton-avenue/w0yw0zNtTTmQvFVZBgG6KQ,fairless-hills-pennsylvania
https://www.ubereats.com/philadelphia/food-delivery/dominicks-pizza/v1JclQtsSSObzq0zSoxcoQ,fairless-hills-pennsylvania
https://www.ubereats.com/philadelphia/food-delivery/melts-wing-shop-langhorne/7lZ7apxpRkqPKTip1aOf0Q,fairless-hills-pennsylvania
https://www.ubereats.com/new-jersey/food-delivery/philly-style-soft-pretzel/c1Kx4vrWT2aQpTtRJc8l0g,fairless-hills-pennsylvania
https://www.ubereats.com/philadelphia/food-delivery/uno-pizzeria-sloan-ave/08YnoDXrSDq4TTYiT1W4LQ,fairless-hills-pennsylvania
https://www.ubereats.com/new-jersey/food-delivery/ginger-wok/neXGa4QORXiQHdMTs3oqNg,fairless-hills-pennsylvania
https://www.ubereats.com/philadelphia/food-delivery/krispy-krunchy-chicken-300-charleston-rd/6QXdC7SpQtu28CkVqNkjbg,fairless-hills-pennsylvania
https://www.ubereats.com/philadelphia/food-delivery/on-the-border-neshaminy/b1V0OYG0QseHJBZDK12CnA,fairless-hills-pennsylvania
https://www.ubereats.com/philadelphia/food-delivery/arlees-raw-blends/ymgDBkxoT0SXwN-Tp3RUSg,fairless-hills-pennsylvania
https://www.ubereats.com/philadelphia/food-delivery/chipotle-mexican-grill-3580-horizon-blvd/p9QT7tipQcicyOpGUCiZjQ,fairless-hills-pennsylvania
https://www.ubereats.com/philadelphia/food-delivery/wings-to-go-hamilton-township-541-nj-33/vsI1Jqy_SHeB3Sm9rZDqNA,fairless-hills-pennsylvania
https://www.ubereats.com/philadelphia/food-delivery/giovannis/uBgqwBuNRXufHemi14SBjg,fairless-hills-pennsylvania
https://www.ubereats.com/philadelphia/food-delivery/buffalo-wild-wings-2763-e-lincoln-hwy/Em9O2wVETsKf4Lpj9cJ6Tw,fairless-hills-pennsylvania
https://www.ubereats.com/philadelphia/food-delivery/smokerhead-bbq/LfvHNAcnRSW2tYFKTYvcMg,fairless-hills-pennsylvania
https://www.ubereats.com/new-jersey/food-delivery/slacks-hoagie-shack/YuynbPUxRKyops56TA28Lw,fairless-hills-pennsylvania
https://www.ubereats.com/philadelphia/food-delivery/bottlecaps-bar/8poapx9oREm-SnwaaqjrFQ,fairless-hills-pennsylvania
https://www.ubereats.com/philadelphia/food-delivery/lous-farm-mart/uby744amToOvGaWU1JqFmg,fairless-hills-pennsylvania
https://www.ubereats.com/philadelphia/food-delivery/arirang-hibachi-steakhouse-langhorne/xCGATzcLRO-t7DO-Hb2-hw,fairless-hills-pennsylvania
https://www.ubereats.com/new-jersey/food-delivery/starbucks-1509-east-lincoln-highway/vxrfjELlQUCKjabPIKLq5Q,fairless-hills-pennsylvania
https://www.ubereats.com/new-jersey/food-delivery/mythai-kitchen/A-96meu8QOOJ2DCHq9qNuA,fairless-hills-pennsylvania
https://www.ubereats.com/philadelphia/food-delivery/chicken-to-go/jF6j0j-RQ3qqGmH7_dea2A,fairless-hills-pennsylvania
https://www.ubereats.com/philadelphia/food-delivery/dunkin-225-e-state-st/_1blk-8MR06reDmz7PzPew,fairless-hills-pennsylvania
https://www.ubereats.com/philadelphia/food-delivery/peking-tokyo-restaurant/-O4FiwCwTIOsPZQlC3tr5A,fairless-hills-pennsylvania
https://www.ubereats.com/philadelphia/food-delivery/the-market-at-village-shires/6KND3k36SXmIpqZkyGA37A,fairless-hills-pennsylvania
https://www.ubereats.com/philadelphia/food-delivery/red-robin-336-3605-horizon-blvd/yJVwzyiLTLSyvD4l9Ekj-w,fairless-hills-pennsylvania
https://www.ubereats.com/philadelphia/food-delivery/suds-cheesesteaks-n-beer/aPEz7d4lTTy9GtSCFFUraA,fairless-hills-pennsylvania
https://www.ubereats.com/philadelphia/food-delivery/woks-cooking/SB95yaRATnK7goED0IKbYA,fairless-hills-pennsylvania
https://www.ubereats.com/philadelphia/food-delivery/spice-rack/778YhEeuT3q5WwpID3_2CA,fairless-hills-pennsylvania
https://www.ubereats.com/philadelphia/food-delivery/uva/P7mA8PSsSZGdGqHE5uSGIg,fairless-hills-pennsylvania
https://www.ubereats.com/new-jersey/food-delivery/la-cabana-bakeshop-%26-restaurant/1YKwEp3jQXy0qnbl54c4Lw,fairless-hills-pennsylvania
https://www.ubereats.com/new-jersey/food-delivery/indigrill-ewing/rwlur95oQcOVHaG7tS8NIw,fairless-hills-pennsylvania
https://www.ubereats.com/philadelphia/food-delivery/andres-gourmet-burgers-%26-steak-sandwiches/LHgyRvjZRradyfNWv2T4qg,fairless-hills-pennsylvania
https://www.ubereats.com/philadelphia/food-delivery/wendys-1419-e-lincoln-highway/k48gAbeEQ0KbmEbYWdrOWA,fairless-hills-pennsylvania
https://www.ubereats.com/philadelphia/food-delivery/ritas-italian-ice-2382-durham-rd/KBmykWkkRcGWN0QuzE3Viw,fairless-hills-pennsylvania
https://www.ubereats.com/new-jersey/food-delivery/outback-steakhouse-3240-tillman-drive/gJrkToqPRiyh5HMGFvc4_w,fairless-hills-pennsylvania
https://www.ubereats.com/new-jersey/food-delivery/wing-wah/HtB37UrCT46M0rEAvTDaFA,fairless-hills-pennsylvania
https://www.ubereats.com/philadelphia/food-delivery/a%26s-pizza-and-pasta/hux9x68mQS-rhOaobAMGlg,fairless-hills-pennsylvania
https://www.ubereats.com/philadelphia/food-delivery/friendlys-2369-street-rd/xYvQ8tV-Rm-sSEULy81VTg,fairless-hills-pennsylvania
https://www.ubereats.com/philadelphia/food-delivery/la-choza-restaurant-latin-cuisine%26banquet-hall/HvzpvscnQgynIC5i6Rt8bw,fairless-hills-pennsylvania
https://www.ubereats.com/philadelphia/food-delivery/italian-family-pizza/u88cft9dRHCVo5ITpCv6bg,fairless-hills-pennsylvania
https://www.ubereats.com/philadelphia/food-delivery/zeenos-pizza/dXHEal-nRBO15D7j8g4qkw,fairless-hills-pennsylvania
https://www.ubereats.com/philadelphia/food-delivery/pasquallys-pizza-%26-wings-1283-e-lincoln-hwy/OJq98MYqQuOBHWMzZnZroA,fairless-hills-pennsylvania
https://www.ubereats.com/new-jersey/food-delivery/jb-bakery/wy2NpDRHT9u1-OZfOo3W5w,fairless-hills-pennsylvania
https://www.ubereats.com/new-jersey/food-delivery/poke-ocean-japanese-cuisine/IWN7Zfd6R06dbyIa_h6RUw,fairless-hills-pennsylvania
https://www.ubereats.com/philadelphia/food-delivery/taco-bell-909-2nd-street-pike/5O40jaP3TNaKkRkV_poKKw,fairless-hills-pennsylvania
https://www.ubereats.com/philadelphia/food-delivery/mcdonalds-fairless-hills/bT3_1LHVRwWoAlhqC8z4NQ,fairless-hills-pennsylvania
https://www.ubereats.com/philadelphia/food-delivery/saladworks-360-north-oxford-valley-road/Boe50W1xT0aL-qkoYDNDeA,fairless-hills-pennsylvania
https://www.ubereats.com/philadelphia/food-delivery/mcdonalds-5-points/HLzkRV4FT4SYe7d5AM6zGg,fairless-hills-pennsylvania
https://www.ubereats.com/philadelphia/food-delivery/saladworks-957-highway-33-suite-9/DJ7XL3TISjK18-ybQgZekw,fairless-hills-pennsylvania
https://www.ubereats.com/philadelphia/food-delivery/golden-corral-1465-street-road/o3tqokr8QMWbaDjwI7CxjA,fairless-hills-pennsylvania
https://www.ubereats.com/new-jersey/food-delivery/giovannis/uBgqwBuNRXufHemi14SBjg,fairless-hills-pennsylvania
https://www.ubereats.com/philadelphia/food-delivery/la-taqueria/D7c_6Ry6TIaCEimH5RX7BA,fairless-hills-pennsylvania
https://www.ubereats.com/new-jersey/food-delivery/redhouse-bagels-bensalem/e6YAQxuFSqiC2yJ9SfUMMw,fairless-hills-pennsylvania
https://www.ubereats.com/philadelphia/food-delivery/saladworks-neshaminy-mall/sSYN9dY6TbWTMbdxjLqScg,fairless-hills-pennsylvania
https://www.ubereats.com/philadelphia/food-delivery/bubbakoos-hamilton/eTcZDoHfQImW4c6E-Ks2xg,fairless-hills-pennsylvania
https://www.ubereats.com/philadelphia/food-delivery/melt-shop-lincoln-plaza/HZX1OS28RyuVngE-GzKLtw,fairless-hills-pennsylvania
https://www.ubereats.com/philadelphia/food-delivery/auntie-annes-2300-e-lincoln-hwy/XUem_9DlSRyHflpDviIClA,fairless-hills-pennsylvania
https://www.ubereats.com/philadelphia/food-delivery/subway-4000-veterans-hwy/PCGTQxRBQMiphlyUMmj8mA,fairless-hills-pennsylvania
https://www.ubereats.com/new-jersey/food-delivery/applebees-2-west-road/evcrlUaESw6cT1a5IS0t7Q,fairless-hills-pennsylvania
https://www.ubereats.com/philadelphia/food-delivery/the-captains-boil-1440-east-lincoln-highway/ODb75VknTaK5tbPoWYUN0g,fairless-hills-pennsylvania
https://www.ubereats.com/philadelphia/food-delivery/corner-xpress-mart-5-lawrenceville-pennington-rd/fkck3oblTkSAJRjUaDDpuw,fairless-hills-pennsylvania
https://www.ubereats.com/philadelphia/food-delivery/cracker-barrel-old-country-store-825-market-place-blvd/1wvzPWsZQr2vFAPphbPoBQ,fairless-hills-pennsylvania
https://www.ubereats.com/philadelphia/food-delivery/pats-diner/UsymT8PeR-yPgzs1Z_RodA,fairless-hills-pennsylvania
https://www.ubereats.com/new-jersey/food-delivery/mommy-joes-carribean-restaurant/bShAzlz7TzmS1_ki7SKGLw,fairless-hills-pennsylvania
https://www.ubereats.com/philadelphia/food-delivery/wawa-8076-545-w-trenton-ave/KxJePiFLQ9-egy37DBZkyw,fairless-hills-pennsylvania
https://www.ubereats.com/philadelphia/food-delivery/chez-alice-of-bordentown-deli/oIcsfhPjSsyJOfek3utaQA,fairless-hills-pennsylvania
https://www.ubereats.com/new-jersey/food-delivery/rjs-bagels-inc/HxfVmpmbRXCFOeEE6M01HA,fairless-hills-pennsylvania
https://www.ubereats.com/philadelphia/food-delivery/manhattan-bagel-feasterville/CSjb79Y2SVGoQXjtQd_NbQ,fairless-hills-pennsylvania
https://www.ubereats.com/philadelphia/food-delivery/turning-point-of-newtown/hfSN4EiGQB26DfWgqmN5CA,fairless-hills-pennsylvania
https://www.ubereats.com/philadelphia/food-delivery/jacks-cold-cuts-1951-street-rd/NSa0rM_uQ0KuXVO8uCMGkA,fairless-hills-pennsylvania
https://www.ubereats.com/philadelphia/food-delivery/pats-colonial-kitchen/ah3gTA9TRlGIk59L-SRmKg,fairless-hills-pennsylvania
https://www.ubereats.com/new-jersey/food-delivery/honest-restaurant/VhqCvwArTVmYj23md8Vong,fairless-hills-pennsylvania
https://www.ubereats.com/philadelphia/food-delivery/redhouse-bagels-bensalem/e6YAQxuFSqiC2yJ9SfUMMw,fairless-hills-pennsylvania
https://www.ubereats.com/philadelphia/food-delivery/primohoagies-360-n-oxford-valley-rd/OQlhj9xPQvaZMNd05OJr7A,fairless-hills-pennsylvania
https://www.ubereats.com/new-jersey/food-delivery/peking-tokyo-restaurant/-O4FiwCwTIOsPZQlC3tr5A,fairless-hills-pennsylvania
https://www.ubereats.com/philadelphia/food-delivery/boston-market-1729-n-olden-ave/c3yhmv9_RLyHa2NE-sl6hw,fairless-hills-pennsylvania
https://www.ubereats.com/new-jersey/food-delivery/arbys-4208-us-route-130/Q1i5JwswREaPEY7zUdK4ZQ,fairless-hills-pennsylvania
https://www.ubereats.com/philadelphia/food-delivery/two-brothers-pizza/jrDCUFj5RDSN4miMkvBr8Q,fairless-hills-pennsylvania
https://www.ubereats.com/philadelphia/food-delivery/renos-pizza-village/34M-M3SoRyewziN5Ye9qLA,fairless-hills-pennsylvania
https://www.ubereats.com/philadelphia/food-delivery/starbucks-1509-east-lincoln-highway/vxrfjELlQUCKjabPIKLq5Q,fairless-hills-pennsylvania
https://www.ubereats.com/philadelphia/food-delivery/mcdonalds-75-bristol-commerce-park/2NrI6KnKRnG65IUgFYT05g,fairless-hills-pennsylvania
https://www.ubereats.com/new-jersey/food-delivery/smokerhead-bbq/LfvHNAcnRSW2tYFKTYvcMg,fairless-hills-pennsylvania
https://www.ubereats.com/philadelphia/food-delivery/peppis-pizza-%26-pasta/gZUCdj7XToyW1OCh3VpORA,fairless-hills-pennsylvania
https://www.ubereats.com/philadelphia/food-delivery/charleys-philly-steaks-2300-e-lincoln-hwy-sp-f022/8xzqPhYOSvuixy93ZPJnRA,fairless-hills-pennsylvania
https://www.ubereats.com/philadelphia/food-delivery/crab-du-jour-langhorne/DHahrOMIQiupB9trgCSUpA,fairless-hills-pennsylvania
https://www.ubereats.com/philadelphia/food-delivery/white-bulls-bbq/Gh1cCdLLQBqc9ekYgpUiFQ,fairless-hills-pennsylvania
https://www.ubereats.com/new-jersey/food-delivery/gyro-express/eB8XljRJRXi3Tmt3KM1XeA,fairless-hills-pennsylvania
https://www.ubereats.com/new-jersey/food-delivery/auntie-annes-2300-e-lincoln-hwy/XUem_9DlSRyHflpDviIClA,fairless-hills-pennsylvania
https://www.ubereats.com/philadelphia/food-delivery/cheeburger-cheeburger-100-north-buckstown-road/UuYWRnOFSXCNbSQmsqA-hQ,fairless-hills-pennsylvania
https://www.ubereats.com/philadelphia/food-delivery/bakery-las-delicias/xm9T43IUQGqbsRM6fZWtGQ,fairless-hills-pennsylvania
https://www.ubereats.com/new-jersey/food-delivery/little-basil-asian-kitchen/pltAkZOXQpq-_eeUcpHPcw,fairless-hills-pennsylvania
https://www.ubereats.com/philadelphia/food-delivery/ritas-italian-ice-14-swamp-rd/lvmcpzWnSd-SOCQxjU8uew,fairless-hills-pennsylvania
https://www.ubereats.com/philadelphia/food-delivery/porfirios-pizza-%26pasta-%232/DRdhdSm_SiKIPgBJS3QpSw,fairless-hills-pennsylvania
https://www.ubereats.com/philadelphia/food-delivery/taco-bell-499-franklin-mills-circle/iF7PhW4MTnqp4UPX2BA1Ow,fairless-hills-pennsylvania
https://www.ubereats.com/new-jersey/food-delivery/clubhouse-diner/LdTL-xnpSTedcS3l7iBYYA,fairless-hills-pennsylvania
https://www.ubereats.com/new-jersey/food-delivery/aya-kitchen/2J27j92-RkSHKhM66CVFpQ,fairless-hills-pennsylvania
https://www.ubereats.com/philadelphia/food-delivery/tgi-fridays-630-langhorne-oxford-valley-pa/eMIBqa7-R9iIYyagQlAd1A,fairless-hills-pennsylvania
https://www.ubereats.com/philadelphia/food-delivery/wendys-2008-route-206-south/3ifuywp5RDi9Gb52uSpUUQ,fairless-hills-pennsylvania
https://www.ubereats.com/philadelphia/food-delivery/pizza-hut-1980-n-olden-avenue-ext-ste-6/THopIUPsROSICWEpE0HvOA,fairless-hills-pennsylvania
https://www.ubereats.com/new-jersey/food-delivery/zhangs-new-china-house/CQVfR40jQIa6Rpb4kD8dYg,fairless-hills-pennsylvania
https://www.ubereats.com/philadelphia/food-delivery/primohoagies-2862-street-rd/xsBpmn-sQD-hVzQhqcfsRQ,fairless-hills-pennsylvania
https://www.ubereats.com/philadelphia/food-delivery/indian-nosh-bar-%26-grill/wdCd-waWRE6TR_bYCpLx_Q,fairless-hills-pennsylvania
https://www.ubereats.com/philadelphia/food-delivery/sonic-1660-north-olden-avenue/3KgCQ8jRTUWkiERzda2Cmg,fairless-hills-pennsylvania
https://www.ubereats.com/philadelphia/food-delivery/state-road-deli-%26-market/qHHpCIM8SQ6w_UXbW1Tk9g,fairless-hills-pennsylvania
https://www.ubereats.com/philadelphia/food-delivery/papa-johns-7809-new-falls-rd/638HdaMWQbiOCFttRDiReQ,fairless-hills-pennsylvania
https://www.ubereats.com/new-jersey/food-delivery/osaka-sushi/4_sDl11vRCaX5o84KAdR0g,fairless-hills-pennsylvania
https://www.ubereats.com/philadelphia/food-delivery/arbys-177-levittown-pkwy/loeAEmmOQOqvEGDI0VxEmQ,fairless-hills-pennsylvania
https://www.ubereats.com/philadelphia/food-delivery/subway-61-oxford-valley-rd/ibN9Hbt9QFe_EMwY_ijMpA,fairless-hills-pennsylvania
https://www.ubereats.com/philadelphia/food-delivery/anthonys-iv-pizza/OFAduR4yRLG6x-7JgnNfoA,fairless-hills-pennsylvania
https://www.ubereats.com/philadelphia/food-delivery/wendys-1151-oxford-valley-road/bKpttd4MSdqAOEgnppIEWw,fairless-hills-pennsylvania
https://www.ubereats.com/philadelphia/food-delivery/arbys-4208-us-route-130/Q1i5JwswREaPEY7zUdK4ZQ,fairless-hills-pennsylvania
https://www.ubereats.com/philadelphia/food-delivery/frutta-bowls/pMVQNjQwQhyNSAtFZWfqJw,fairless-hills-pennsylvania
https://www.ubereats.com/philadelphia/food-delivery/lees-hoagie-house/4tkqlDGhSmmz2pFSYClTJw,fairless-hills-pennsylvania
https://www.ubereats.com/new-jersey/food-delivery/gleasons-pub/m6RStHcpQ-CgVuzLefvuVA,fairless-hills-pennsylvania
https://www.ubereats.com/philadelphia/food-delivery/cracker-barrel-old-country-store-110-hancock-lane/oHpHzB1BT9el0NZMvT6HJQ,fairless-hills-pennsylvania
https://www.ubereats.com/philadelphia/food-delivery/bradys-american-pub/Vc-LF4a4To2hkJdMqQPVHg,fairless-hills-pennsylvania
https://www.ubereats.com/philadelphia/food-delivery/chick-fil-a-2424-e-lincoln-hwy/y9xhR5oOTQeby_RjHC6ACA,fairless-hills-pennsylvania
https://www.ubereats.com/philadelphia/food-delivery/taco-bell-1298-veterans-hwy/lGCkbNWcSZeCQaNHYIYamw,fairless-hills-pennsylvania
https://www.ubereats.com/new-jersey/food-delivery/concerto-fusion-cuisine/tj-gpvTEQFynM2BUxkdmwg,fairless-hills-pennsylvania
https://www.ubereats.com/new-jersey/food-delivery/yardley-bagel-cafe/ZKd04DIsQzi4vYG2ffSLQQ,fairless-hills-pennsylvania
https://www.ubereats.com/new-jersey/food-delivery/manninos-family-ristorante/A2_wIaOQT1qVdQTMzJdRSw,fairless-hills-pennsylvania
https://www.ubereats.com/new-jersey/food-delivery/white-bulls-bbq/Gh1cCdLLQBqc9ekYgpUiFQ,fairless-hills-pennsylvania
https://www.ubereats.com/philadelphia/food-delivery/wing-wah/HtB37UrCT46M0rEAvTDaFA,fairless-hills-pennsylvania
https://www.ubereats.com/philadelphia/food-delivery/hummingbird-restaurant-llc/hkXFDNxJSoeHWQVMMSXQdw,fairless-hills-pennsylvania
https://www.ubereats.com/philadelphia/food-delivery/dunkin-628-w-maple-ave/4CbtP7ufTZ6CXyGq8b9d9g,fairless-hills-pennsylvania
https://www.ubereats.com/philadelphia/food-delivery/metro-diner-langhorne/un_5sr7SS6e7DZthCUyRXw,fairless-hills-pennsylvania
https://www.ubereats.com/philadelphia/food-delivery/nj-weedmans-joint/f3QEwuh5RO-8k5CeqDom1w,fairless-hills-pennsylvania
https://www.ubereats.com/philadelphia/food-delivery/dapper-catering-and-deli/MSSAGAlTS4ql1YFy138KVA,fairless-hills-pennsylvania
https://www.ubereats.com/philadelphia/food-delivery/boston-market-360-n-oxford-valley-road/X6HDx0U_TZi3JTsDs8T9VA,fairless-hills-pennsylvania
https://www.ubereats.com/philadelphia/food-delivery/georgia-fried-chicken-262-parkway-ave/2MTlRGhkT_COBfz17ACy-A,fairless-hills-pennsylvania
https://www.ubereats.com/philadelphia/food-delivery/chickies-%26-petes-bordentown/fmZvbwIOTteT8nL5wewbUw,fairless-hills-pennsylvania
https://www.ubereats.com/philadelphia/food-delivery/chipotle-mexican-grill-2370-e-lincoln-hwy/xoeB8nuVRMKH4nI0SP8qBw,fairless-hills-pennsylvania
https://www.ubereats.com/philadelphia/food-delivery/hogback-deli/Ag_s2_QLROuBBuNXaqkzzA,fairless-hills-pennsylvania
https://www.ubereats.com/philadelphia/food-delivery/dunkin-997-woodbourne-rd/JLxE9vPWT6WN6uwkyyDiXg,fairless-hills-pennsylvania
https://www.ubereats.com/philadelphia/food-delivery/lees-favorites/YwlhCwftQ9y9HNC6tUMS-A,fairless-hills-pennsylvania
https://www.ubereats.com/philadelphia/food-delivery/totopos-mexican-food/-ST8IfMEQMCBnHJYcxqOMw,fairless-hills-pennsylvania
