url,city
https://www.ubereats.com/new-jersey/food-delivery/chipotle-mexican-grill-2131-state-route-35-ste-102/j-HpqZ-HRYeHEuxtHHlazw,fair-haven-new-jersey
https://www.ubereats.com/new-jersey/food-delivery/bombay-river/Va2wSPz2Ru-wBO0UdY6NlQ,fair-haven-new-jersey
https://www.ubereats.com/new-jersey/food-delivery/grandmas-cheese-cafe/k0Glu-c9TuOCBs52hqVrOw,fair-haven-new-jersey
https://www.ubereats.com/new-jersey/food-delivery/hop-shing-kitchen/KbHihvCzRR-eW2tHgNTdUQ,fair-haven-new-jersey
https://www.ubereats.com/new-jersey/food-delivery/dunkin-state-highway-36-%26-wilson-ave/ICAFKoUjQx-1mPEdHcaEUw,fair-haven-new-jersey
https://www.ubereats.com/new-jersey/food-delivery/eastern-empire-iii/dTrgOTDUTe6eMKDdyIg6bw,fair-haven-new-jersey
https://www.ubereats.com/new-jersey/food-delivery/melonhead/Bs4tM8CQTI-2kAkVW7P93Q,fair-haven-new-jersey
https://www.ubereats.com/new-jersey/food-delivery/teriteri/RDEpJSFgQgSjEJwc6vZQ1A,fair-haven-new-jersey
https://www.ubereats.com/new-jersey/food-delivery/the-herd-juicery/YyoJ8YO5SMezAgv2DS-a5A,fair-haven-new-jersey
https://www.ubereats.com/new-jersey/food-delivery/ranoosh/bGomC6c2TqCRfJTzzNW5JA,fair-haven-new-jersey
https://www.ubereats.com/new-jersey/food-delivery/turning-point-of-holmdel/bWPpVq56R_-62rNPVWZHnQ,fair-haven-new-jersey
https://www.ubereats.com/new-jersey/food-delivery/mcdonalds-229-broadway-st/SQJP_Y4yQ8uZzVQhn3_oJg,fair-haven-new-jersey
https://www.ubereats.com/new-jersey/food-delivery/the-blonde-shallot/P3HHp1xZRPOPM7liDkIzdg,fair-haven-new-jersey
https://www.ubereats.com/new-jersey/food-delivery/hot-bagels-brooklyns-finest/nlupFwX6S0G4KAwhNls_lw,fair-haven-new-jersey
https://www.ubereats.com/new-jersey/food-delivery/rivers-edge-cafe/G-QE34RDQ42Xewg5Q4VQPw,fair-haven-new-jersey
https://www.ubereats.com/new-jersey/food-delivery/moes-1449-rte-35/znhSRYBVRPG7CRIDlUpgHA,fair-haven-new-jersey
https://www.ubereats.com/new-jersey/food-delivery/busy-bee-roasters-and-coffee-shop/iKGaaog9SIydtp7wak3N0Q,fair-haven-new-jersey
https://www.ubereats.com/new-jersey/food-delivery/playa-bowls-red-bank/R7WAo1oPRhuBFjzeyWmxRA,fair-haven-new-jersey
https://www.ubereats.com/new-jersey/food-delivery/meemoms-middletown/ZoKMfPpMS2afhX_ems775Q,fair-haven-new-jersey
https://www.ubereats.com/new-jersey/food-delivery/houlihans-holmdel/WBdptTMQRySIzVe7RKiACg,fair-haven-new-jersey
https://www.ubereats.com/new-jersey/food-delivery/chocolate-works-red-bank/HVPJXE5eQaCaA-bItT5kgw,fair-haven-new-jersey
https://www.ubereats.com/new-jersey/food-delivery/pasquallys-pizza-%26-wings-1107-route-35/21JVYlTVTkCq7P66eR-mGw,fair-haven-new-jersey
https://www.ubereats.com/new-jersey/food-delivery/rainbow-sushi/R-nCEq0lT5-4FwfGYH-rig,fair-haven-new-jersey
https://www.ubereats.com/new-jersey/food-delivery/wahoos-fish-taco-1157-hwy-35/7oplAVL9RZGWb1Y25cgd2w,fair-haven-new-jersey
https://www.ubereats.com/new-jersey/food-delivery/blue-swan-diner/CAz8NhCLT96bQpb9TllxKQ,fair-haven-new-jersey
https://www.ubereats.com/new-jersey/food-delivery/cafe-la-de-da/fuOz72mrSxGX7hPX_gzWWQ,fair-haven-new-jersey
https://www.ubereats.com/new-jersey/food-delivery/playa-bowls-oakhurst/NHPw7N3rSViX4GBug_VmvA,fair-haven-new-jersey
https://www.ubereats.com/new-jersey/food-delivery/frutta-bowls/R3R9loC-SJaR4-zo4E4qWg,fair-haven-new-jersey
https://www.ubereats.com/new-jersey/food-delivery/bayroot-lebanese-restaurant/QyKayOqnSsu61kFbOQvwFg,fair-haven-new-jersey
https://www.ubereats.com/new-jersey/food-delivery/saladworks-2136-state-highway-35-south/rtVwneoBShSmvcjJEtlkPA,fair-haven-new-jersey
https://www.ubereats.com/new-jersey/food-delivery/tgi-fridays-663-eatontown-nj/PJoMBxfUSuqfloc4dpw7iQ,fair-haven-new-jersey
https://www.ubereats.com/new-jersey/food-delivery/glatt-gourmet/YLJ9snsrQe2j3BxVFYbq4A,fair-haven-new-jersey
https://www.ubereats.com/new-jersey/food-delivery/street-eats-tacos-gyros-%26-bowls/vVnZnTQMTvCghVLKU0O_Ow,fair-haven-new-jersey
https://www.ubereats.com/new-jersey/food-delivery/jrs-red-bank/GSs2IdIKR9eki4ptmk6u9A,fair-haven-new-jersey
https://www.ubereats.com/new-jersey/food-delivery/elsies-sub-shop/m547byuCQduI6wCpZJ3tdg,fair-haven-new-jersey
https://www.ubereats.com/new-jersey/food-delivery/boston-market-1103-broad-street/7NH6B9qXSVqA4kzSf3QZqQ,fair-haven-new-jersey
https://www.ubereats.com/new-jersey/food-delivery/freshii-838-state-rte-35/pcBRKU9oSUOq69xO-Rq38g,fair-haven-new-jersey
https://www.ubereats.com/new-jersey/food-delivery/neapoli/Ba-ldigiS2ipN39xsGMd6Q,fair-haven-new-jersey
https://www.ubereats.com/new-jersey/food-delivery/simplygreek/srL-pYBZQ0aY1GmSEUjQ0w,fair-haven-new-jersey
https://www.ubereats.com/new-jersey/food-delivery/dunkin-271-highway-36/jvYqmYChTPi3d09Vp36Sfg,fair-haven-new-jersey
https://www.ubereats.com/new-jersey/food-delivery/pizzeria-de-leonardo/2D7osC7zSMyhiQjbFnplxA,fair-haven-new-jersey
https://www.ubereats.com/new-jersey/food-delivery/hungry-hobo/XoYfA2cbTuquCzn-YKGcWw,fair-haven-new-jersey
https://www.ubereats.com/new-jersey/food-delivery/katz-grill/9Yw-3ToGQ3Wxu_QGeoPLUA,fair-haven-new-jersey
https://www.ubereats.com/new-jersey/food-delivery/174-applebees-middletown/PhqKJe-MSRCu0p3lEbOyag,fair-haven-new-jersey
https://www.ubereats.com/new-jersey/food-delivery/carvel-175-monmouth-rd/nOhmu16yQqqsAXpno-LjvA,fair-haven-new-jersey
https://www.ubereats.com/new-jersey/food-delivery/the-robinson-ale-house/pUXbPZWAR1ybsugSylRcuw,fair-haven-new-jersey
https://www.ubereats.com/new-jersey/food-delivery/greens-%26-grains-middletown/fVwavZCdSaqxt0WBz2ePwg,fair-haven-new-jersey
https://www.ubereats.com/new-jersey/food-delivery/the-greek-spot-red-bank/_A8Qn1sFSdi_KTtH53Tzqg,fair-haven-new-jersey
https://www.ubereats.com/new-jersey/food-delivery/pasquales-pizzeria-iii/QMK-3iLyRfuSDHgli00M4Q,fair-haven-new-jersey
https://www.ubereats.com/new-jersey/food-delivery/ujs-asian-bistro/NwaCwavxTBytEu0ODFR3vw,fair-haven-new-jersey
https://www.ubereats.com/new-jersey/food-delivery/jersey-mikes-444-ocean-blvd-north/JE72LO64RDmD3h-aCmN2rQ,fair-haven-new-jersey
https://www.ubereats.com/new-jersey/food-delivery/tommys-tavern-%2B-tap-sea-bright/2gyPEAMzRH-JiB43TJ3H9w,fair-haven-new-jersey
https://www.ubereats.com/new-jersey/food-delivery/dunkin-588-ocean-blvd/ZGpllfesQmmuGOXYp9PkAQ,fair-haven-new-jersey
https://www.ubereats.com/new-jersey/food-delivery/shapiros-new-york-style-delicatessen/zJ6XttTCQ4WsqLDVOeLq9A,fair-haven-new-jersey
https://www.ubereats.com/new-jersey/food-delivery/sugarpop-candy-bar-monmouth/IujOgUfUSFKAyDonhGj4kA,fair-haven-new-jersey
https://www.ubereats.com/new-jersey/food-delivery/jersey-mikes-subs-728-newman-springs-road/vvEUYaynS1mv437rbG6h-A,fair-haven-new-jersey
https://www.ubereats.com/new-jersey/food-delivery/diet-gourmet/U-P0rm1PRKy8Oowm3EZPbg,fair-haven-new-jersey
https://www.ubereats.com/new-jersey/food-delivery/gracie-and-the-dudes/HcFCkinhRqaEqZ0A_fkyAw,fair-haven-new-jersey
https://www.ubereats.com/new-jersey/food-delivery/jrs-west-end/No-SKVsmRoajnmuOGYll4A,fair-haven-new-jersey
https://www.ubereats.com/new-jersey/food-delivery/dunkin-492-joline-ave/o8oH1MDcQVe8pvq89jG6HA,fair-haven-new-jersey
https://www.ubereats.com/new-jersey/food-delivery/et-al-fine-food/n3l4917iS4yenHJ3OhCkSA,fair-haven-new-jersey
https://www.ubereats.com/new-jersey/food-delivery/art-of-salad-long-branch/EjncdzcvSmOe97ahF6AIDg,fair-haven-new-jersey
https://www.ubereats.com/new-jersey/food-delivery/the-french-market/I2iTm4MeQleXl-OyN2QvWQ,fair-haven-new-jersey
https://www.ubereats.com/new-jersey/food-delivery/fruta-loca/ReAxtCJISdOzPz4vGJ6YGg,fair-haven-new-jersey
https://www.ubereats.com/new-jersey/food-delivery/tstbbq/fuA4DyhcS0O_5694TjPFIg,fair-haven-new-jersey
https://www.ubereats.com/new-jersey/food-delivery/burger-king-highway-36-and-west-avenue/FtdEIf0fQICxgWG0lVd7SQ,fair-haven-new-jersey
https://www.ubereats.com/new-jersey/food-delivery/five-guys-nj-0313-747-broad-st/6AiOw3AhT9eUult7omqfGg,fair-haven-new-jersey
https://www.ubereats.com/new-jersey/food-delivery/main-street-deli-%26-grocery-240-main-st/I3kt3qAXR5OydDtWnZdSrQ,fair-haven-new-jersey
https://www.ubereats.com/new-jersey/food-delivery/deans-natural-food-market-broad-st/eZ2prPqrScS6CGZwKbB3uw,fair-haven-new-jersey
https://www.ubereats.com/new-jersey/food-delivery/teak-restaurant/6kRAUSOYQQ2E_myUSfLqUw,fair-haven-new-jersey
https://www.ubereats.com/new-jersey/food-delivery/paradiddle-griddle/vPVFIToMR_O6QbcVw-DXiA,fair-haven-new-jersey
https://www.ubereats.com/new-jersey/food-delivery/greek-tavern-at-lincroft/GiiofpJuTY6BHxtSeHjp9A,fair-haven-new-jersey
https://www.ubereats.com/new-jersey/food-delivery/dunkin-148-main-st/D38YSOW-RCuhFEpFeA0ajA,fair-haven-new-jersey
https://www.ubereats.com/new-jersey/food-delivery/shore-caribbean-restaurant/UXSzBIe-QyyHoS329aIOfw,fair-haven-new-jersey
https://www.ubereats.com/new-jersey/food-delivery/ming-ying-restaurant/yY4PsFC_Rw-O-idluZYhAA,fair-haven-new-jersey
https://www.ubereats.com/new-jersey/food-delivery/lezamas-pizzeria/n-isXtMARQWMm5Sr72QzIQ,fair-haven-new-jersey
https://www.ubereats.com/new-jersey/food-delivery/greens-%26-grains-shrewsbury/zUwt5QIOR8ud86pDwupQww,fair-haven-new-jersey
https://www.ubereats.com/new-jersey/food-delivery/crust-co-pizza/JtkYwDD3QmWcF34k3xfLXg,fair-haven-new-jersey
https://www.ubereats.com/new-jersey/food-delivery/ruby-tuesday-180-state-route-35/TZTcobSSSIqTEMWEqsXDpA,fair-haven-new-jersey
https://www.ubereats.com/new-jersey/food-delivery/bubbakoos-burritos/z2eolfpNTRit-Ob_rW5Tvw,fair-haven-new-jersey
https://www.ubereats.com/new-jersey/food-delivery/mangia-brick-oven-pizza/QbY4c6oWQfSWYUSzQqE6TQ,fair-haven-new-jersey
https://www.ubereats.com/new-jersey/food-delivery/the-ice-cream-shop/yN9YQJ0iQf-v0a92W_wpNQ,fair-haven-new-jersey
https://www.ubereats.com/new-jersey/food-delivery/dunkin-103-leonardville-rd/K9JVyTw0SKuKdWmWPM5sUA,fair-haven-new-jersey
https://www.ubereats.com/new-jersey/food-delivery/freshly-strung-by-grandmas-cheese/IMYWltQXSIGU2Vnowprpyw,fair-haven-new-jersey
https://www.ubereats.com/new-jersey/food-delivery/port-chop-bbq/GkMv7Tz6R2Wa5SGK1ioTpg,fair-haven-new-jersey
https://www.ubereats.com/new-jersey/food-delivery/attilio-ristorante-pizzeria/SSnx99TqT5Cs5ZYcsyXOvw,fair-haven-new-jersey
https://www.ubereats.com/new-jersey/food-delivery/taquitos-buenaventura/LJY2ZoaARkGGq3TlsYgJdA,fair-haven-new-jersey
https://www.ubereats.com/new-jersey/food-delivery/cold-stone-creamery-blimpie-2111-nj-35/-5SmbX9LQJi_Cc0Mnl5o7A,fair-haven-new-jersey
https://www.ubereats.com/new-jersey/food-delivery/krispy-krunchy-chicken-river-rd/elyMSLBWS0SUX8mlvxvNTA,fair-haven-new-jersey
https://www.ubereats.com/new-jersey/food-delivery/sisters-seafood/tepYOSvsTaSuCRWejk1qKQ,fair-haven-new-jersey
https://www.ubereats.com/new-jersey/food-delivery/jj-delicacies-place/0pNDyRUGSZqqG6Aq82YjDw,fair-haven-new-jersey
https://www.ubereats.com/new-jersey/food-delivery/dunkin-2055-route-35/rbEIVGFDThKmVUqemHGYqw,fair-haven-new-jersey
https://www.ubereats.com/new-jersey/food-delivery/patrizias-of-red-bank/ve7bpBK4R3K_OuWoYecuig,fair-haven-new-jersey
https://www.ubereats.com/new-jersey/food-delivery/dougies-bbq/FVyd9wG5QgumYk_rOHPjlw,fair-haven-new-jersey
https://www.ubereats.com/new-jersey/food-delivery/turning-point-of-little-silver/-4nBNiueSnGkNMYCYuFRvw,fair-haven-new-jersey
https://www.ubereats.com/new-jersey/food-delivery/simply-greek/hVn3P100SSyRGJ0-i6yEsw,fair-haven-new-jersey
https://www.ubereats.com/new-jersey/food-delivery/grill-36/PsIhnk6DQXS3vvzWAbCeZg,fair-haven-new-jersey
https://www.ubereats.com/new-jersey/food-delivery/auntie-annes-180-state-road-35-south-space-%233026/5m1ma3hsR9iCFgxC1zCaUA,fair-haven-new-jersey
https://www.ubereats.com/new-jersey/food-delivery/red-lobster-2200-highway-35/sRHUtmCUTeKeZVsk6t_QSg,fair-haven-new-jersey
https://www.ubereats.com/new-jersey/food-delivery/pyour-pour/G9rOGMRLT5-Cy-ITzMBL-Q,fair-haven-new-jersey
https://www.ubereats.com/new-jersey/food-delivery/dunkin-840-broadway/ZVKeOpHkRfWA5RhzBIcM0g,fair-haven-new-jersey
https://www.ubereats.com/new-jersey/food-delivery/rockafellers-station-eatery-%26-bar/TaGKPTGbTsabBIk0f67tIw,fair-haven-new-jersey
https://www.ubereats.com/new-jersey/food-delivery/wendys-1450-route-35/pQ_Qg4jsR0Ovrn4MpFyX6A,fair-haven-new-jersey
https://www.ubereats.com/new-jersey/food-delivery/ihop-106-nj-36/uV4XqUw6Q6a_N97W2jjPUA,fair-haven-new-jersey
https://www.ubereats.com/new-jersey/food-delivery/windmill-hot-dogs-north-long-branch/jrjC5V_HR8y4t-CeoXhMOw,fair-haven-new-jersey
https://www.ubereats.com/new-jersey/food-delivery/bubbakoos-burritos/p4g1reFqQ3OUu-e3e1HVOA,fair-haven-new-jersey
https://www.ubereats.com/new-jersey/food-delivery/butlers-market/KEtVlq_eS1eWBAa-I9_0dQ,fair-haven-new-jersey
https://www.ubereats.com/new-jersey/food-delivery/starbucks-red-bank/Z1FEd1RvTK-QrCb2_G-tdQ,fair-haven-new-jersey
https://www.ubereats.com/new-jersey/food-delivery/cups-%26-cakes-cafe-juice-bar-and-bakery/q0z-PadaQhescPwWaNQ4lQ,fair-haven-new-jersey
https://www.ubereats.com/new-jersey/food-delivery/tacoholics/FlatICWvSQu4ixnbgCW-zg,fair-haven-new-jersey
https://www.ubereats.com/new-jersey/food-delivery/cluck-u-chicken-red-bank/UnjOawW8SFOXn3e2Rz5PDA,fair-haven-new-jersey
https://www.ubereats.com/new-jersey/food-delivery/olivias-trattoria/lC-0-rZfReGsQLOrcEYz4w,fair-haven-new-jersey
https://www.ubereats.com/new-jersey/food-delivery/hearthly-organic/QshuM0VgRVGLLB26Np3G5w,fair-haven-new-jersey
https://www.ubereats.com/new-jersey/food-delivery/fuze-eatery%3A-empanada-house-%26-smoothie-bar/oQ3t_AsLQjiqG5fyUHSIRg,fair-haven-new-jersey
https://www.ubereats.com/new-jersey/food-delivery/ruffinos-pizza-%26-italian-restaurant/D0xpk6JiQUa1cO0t-MnjAQ,fair-haven-new-jersey
https://www.ubereats.com/new-jersey/food-delivery/lucky-7-deli/90k47vb4SMS2xNoMXkqacw,fair-haven-new-jersey
https://www.ubereats.com/new-jersey/food-delivery/nappys-food-store/iUGyOONLQ8OfVSB3uJGMlw,fair-haven-new-jersey
https://www.ubereats.com/new-jersey/food-delivery/dairy-queen-449-state-route-35/RKH6lrjfQE2pFaEb-kKynA,fair-haven-new-jersey
https://www.ubereats.com/new-jersey/food-delivery/popeyes-eatontown/woybBwX6TMOlWgtdL6JLFQ,fair-haven-new-jersey
https://www.ubereats.com/new-jersey/food-delivery/local-smoke-bbq-red-bank/ORudU34iRQmuSG5oJYhMaQ,fair-haven-new-jersey
https://www.ubereats.com/new-jersey/food-delivery/peters-crab-and-steakhouse/0LYZABI2RF6f5IBne3buFw,fair-haven-new-jersey
https://www.ubereats.com/new-jersey/food-delivery/char-steakhouse-red-bank/4a-b8ZewTvSd35p5jZMucA,fair-haven-new-jersey
https://www.ubereats.com/new-jersey/food-delivery/surf-taco-red-bank/a5Sj2XVyQo2Wo5pLjH3PVQ,fair-haven-new-jersey
https://www.ubereats.com/new-jersey/food-delivery/dairy-queen-treat-673-newman-springs-rd/0Fvys8zER8ijFU3Rq5Q1Kg,fair-haven-new-jersey
https://www.ubereats.com/new-jersey/food-delivery/nip-%26-tuck/Vjn595WNTGuMUBZ2ABYQSA,fair-haven-new-jersey
https://www.ubereats.com/new-jersey/food-delivery/tgi-fridays-696-hazlet-nj/3b8hI1wvQEOhK_Uj_5gIEQ,fair-haven-new-jersey
https://www.ubereats.com/new-jersey/food-delivery/the-bistro-at-red-bank-broad-st/KvOQbjH-RZ26tafhbHg0bA,fair-haven-new-jersey
https://www.ubereats.com/new-jersey/food-delivery/haldiwala/EvfKREu6Q6a29yPw4O90Hw,fair-haven-new-jersey
https://www.ubereats.com/new-jersey/food-delivery/chilangos/1MTAFolGQ66v4FRyIyJd8g,fair-haven-new-jersey
https://www.ubereats.com/new-jersey/food-delivery/slaters-deli-and-caterers/bAl7z_8bTfyOpKiO5s4Eig,fair-haven-new-jersey
https://www.ubereats.com/new-jersey/food-delivery/crispy-grill/fTlNBVh6Qq2O1eJm8Sohtg,fair-haven-new-jersey
https://www.ubereats.com/new-jersey/food-delivery/urban-coalhouse-pizza-%26-bar-red-bank/9Fo7bXIoRsqtEBes3-4trw,fair-haven-new-jersey
https://www.ubereats.com/new-jersey/food-delivery/chocolate-soda/lp5_s_2gQEeE43mYcUG7dg,fair-haven-new-jersey
https://www.ubereats.com/new-jersey/food-delivery/chipotle-mexican-grill-186-hwy-35/lkld8vr5QAmCNwbJi9Vd7A,fair-haven-new-jersey
https://www.ubereats.com/new-jersey/food-delivery/windmill-hot-dogs-west-end-long-branch/Vx32H9VJQqabQ2KfAbjrlg,fair-haven-new-jersey
https://www.ubereats.com/new-jersey/food-delivery/vals-tavern/wPUUgL7hStueoUwuQTOGJg,fair-haven-new-jersey
https://www.ubereats.com/new-jersey/food-delivery/norahs-irie-jamaican-restaurant/NFYcb1txRn-eW_FdWO_htw,fair-haven-new-jersey
https://www.ubereats.com/new-jersey/food-delivery/slices-j2-norwood-ave/Wwd_c6dDS7CVyTJHd0BZRA,fair-haven-new-jersey
https://www.ubereats.com/new-jersey/food-delivery/windmill-hot-dogs-red-bank/FnlPLnpeRRiW7x09Q_46LQ,fair-haven-new-jersey
https://www.ubereats.com/new-jersey/food-delivery/chipotle-mexican-grill-20-water-st/0fKeCU7wTjePSeNjAAAhng,fair-haven-new-jersey
https://www.ubereats.com/new-jersey/food-delivery/mcdonalds-rt-35-%26-main-st/nDJWSf17RW-kOv_H1SDtxg,fair-haven-new-jersey
https://www.ubereats.com/new-jersey/food-delivery/kissui-sushi/O3QnY6dMRp-x2b-c0WzIuQ,fair-haven-new-jersey
https://www.ubereats.com/new-jersey/food-delivery/doughology/CiQ3nup1Qau7t2fncOgUSQ,fair-haven-new-jersey
https://www.ubereats.com/new-jersey/food-delivery/la-pastaria-red-bank/0bl_FEjPSf6KvM4a5_d9aQ,fair-haven-new-jersey
https://www.ubereats.com/new-jersey/food-delivery/greek-eats/mKhbZyk2SGiCJl22nw-U3g,fair-haven-new-jersey
https://www.ubereats.com/new-jersey/food-delivery/drifthouse-by-david-burke/H_N08qJ3Qoqp68rYA9GvlA,fair-haven-new-jersey
https://www.ubereats.com/new-jersey/food-delivery/burger-king-858-highway-35/2BuXTaG8SJ23otLj5fVT5w,fair-haven-new-jersey
https://www.ubereats.com/new-jersey/food-delivery/pazzo-mmx/dXeMV2m3Q9uHE0jEFMfhFg,fair-haven-new-jersey
https://www.ubereats.com/new-jersey/food-delivery/maxs-bar-%26-grill/-3FIZRYlRBifPxaxGagW1A,fair-haven-new-jersey
https://www.ubereats.com/new-jersey/food-delivery/middletown-pancake-house/3gMvOndEQ8Clvnqg3eeViw,fair-haven-new-jersey
https://www.ubereats.com/new-jersey/food-delivery/town-bagel-and-grill/_E26ngXsRE6Oa-o14a2L1g,fair-haven-new-jersey
https://www.ubereats.com/new-jersey/food-delivery/kyoto-sushi-restaurant/jpTOck9XS7inw_hG4LxvUQ,fair-haven-new-jersey
https://www.ubereats.com/new-jersey/food-delivery/the-ice-cream-shop/JA6DX-R_QRCm08xnKwCbuQ,fair-haven-new-jersey
https://www.ubereats.com/new-jersey/food-delivery/carvel-523-prospect-ave/bmixhBcjTISmGm8eW_uEWA,fair-haven-new-jersey
https://www.ubereats.com/new-jersey/food-delivery/samurai-sushi-new-jersey/pWT4__iwQwaqT4rpwPOCeA,fair-haven-new-jersey
https://www.ubereats.com/new-jersey/food-delivery/new-monmouth-diner/7wr_dPH-TKiyqCJBtD8-Ng,fair-haven-new-jersey
https://www.ubereats.com/new-jersey/food-delivery/felicias-kitchen/UtQJ5t5VSVChknn2DD2P6w,fair-haven-new-jersey
https://www.ubereats.com/new-jersey/food-delivery/ridiculous-donuts/ksEbQEc8SZiFk5bSrzee8w,fair-haven-new-jersey
https://www.ubereats.com/new-jersey/food-delivery/playa-bowls-pier-village/QvRueAWHScWiOsrHoTOTYg,fair-haven-new-jersey
https://www.ubereats.com/new-jersey/food-delivery/bagel-guys-deli/FxjQAfFVT3u7Uort8hPKEw,fair-haven-new-jersey
https://www.ubereats.com/new-jersey/food-delivery/all-seasons-diner/di2C_iRnQwWnR8CI3gTvHA,fair-haven-new-jersey
https://www.ubereats.com/new-jersey/food-delivery/turning-point-of-long-branch/uGGHOFn-Qdy7bEiTWff0AQ,fair-haven-new-jersey
https://www.ubereats.com/new-jersey/food-delivery/mcdonalds-588-shrewsbury-ave/GpH5bSPMRReZMqOAZ88BQQ,fair-haven-new-jersey
https://www.ubereats.com/new-jersey/food-delivery/jersey-mikes-2145-state-route-35/l9NsBbGbRnCPWWeoM-qutQ,fair-haven-new-jersey
https://www.ubereats.com/new-jersey/food-delivery/buffalo-wild-wings-180-route-35-s-2004a/jRsA6ePwTSGbICpK3ZRgYg,fair-haven-new-jersey
https://www.ubereats.com/new-jersey/food-delivery/outback-steakhouse-740-route-35-south/bZaRjRMYQnabAzo-PJE6xA,fair-haven-new-jersey
https://www.ubereats.com/new-jersey/food-delivery/ichiban-holmdel/PB4EvqiyS6e-tUX8zElLSA,fair-haven-new-jersey
https://www.ubereats.com/new-jersey/food-delivery/hummus-%26-pita-co/Ss5GqkqjSVquIlrHHRSycw,fair-haven-new-jersey
https://www.ubereats.com/new-jersey/food-delivery/eagle-specialty-coffee/1pH1kntpTSmzv8MLtHzBkA,fair-haven-new-jersey
https://www.ubereats.com/new-jersey/food-delivery/jersey-mikes-100-water-street/X_Bibe_dTBu9ISGeZH87eg,fair-haven-new-jersey
https://www.ubereats.com/new-jersey/food-delivery/papa-johns-357-monmouth-rd/0jbzUdF_R52Jcd2kqbZbBA,fair-haven-new-jersey
https://www.ubereats.com/new-jersey/food-delivery/jersey-mikes-subs-10-shrewsbury-plaza/SSktHWKcToSalQ6Pex1uYg,fair-haven-new-jersey
https://www.ubereats.com/new-jersey/food-delivery/off-the-hook-restaurant-%26-bar/SH1APK8sQHq7qVIUvHL61A,fair-haven-new-jersey
https://www.ubereats.com/new-jersey/food-delivery/pieros-italian-restaurant/c6_0vCpSQMaAfebFVHscOw,fair-haven-new-jersey
https://www.ubereats.com/new-jersey/food-delivery/pastrami-house/5PVfm3ICQqu5LOnjmIVRxw,fair-haven-new-jersey
https://www.ubereats.com/new-jersey/food-delivery/haldi-chowk-authentic-indian-cuisine/7RqOOZvgQJ-XuuWD_7_6ew,fair-haven-new-jersey
https://www.ubereats.com/new-jersey/food-delivery/white-castle-247-hwy-35-n/RXZBafcTREOWGsxytGR2Lw,fair-haven-new-jersey
https://www.ubereats.com/new-jersey/food-delivery/welsh-farms-%26-nj-halal-bowls/zXa3n3EhR2q-UrYgNLHETA,fair-haven-new-jersey
https://www.ubereats.com/new-jersey/food-delivery/chuck-e-cheese-1107-route-35/Wf-BJ5e6QB-y0sG0YoKSqw,fair-haven-new-jersey
https://www.ubereats.com/new-jersey/food-delivery/145-applebees-tinton-falls/WbGopRJ7TMWzlQ3yfpu_zg,fair-haven-new-jersey
https://www.ubereats.com/new-jersey/food-delivery/amys-omelette-house-long-branch/dziNzcB5Q26kTN7dQRXaTA,fair-haven-new-jersey
https://www.ubereats.com/new-jersey/food-delivery/carvel-46-leonardville-rd/VthQddL2TgCHJXS9k6MNDA,fair-haven-new-jersey
https://www.ubereats.com/new-jersey/food-delivery/glendas-kitchen/Z_WWPfwSSOyWud-aqIfhzg,fair-haven-new-jersey
https://www.ubereats.com/new-jersey/food-delivery/ferruccis-market/nHQPTPI-Tq2_9cr94Z86kw,fair-haven-new-jersey
https://www.ubereats.com/new-jersey/food-delivery/taco-bell-306-highway-36/gd8r7SpPTZaIKzm8uetgsQ,fair-haven-new-jersey
https://www.ubereats.com/new-jersey/food-delivery/michael-vincents-pizza/b2o-IxkaQIeH3EU9YKcFuw,fair-haven-new-jersey
https://www.ubereats.com/new-jersey/food-delivery/rico-taco-mex-2/eCe52DvaSguXYtVa9RQkdA,fair-haven-new-jersey
https://www.ubereats.com/new-jersey/food-delivery/dunkin-865-state-route-35/LZolZQT9SKy6B3YjB746gA,fair-haven-new-jersey
https://www.ubereats.com/new-jersey/food-delivery/dunkin-775-hope-rd/eaym-UEQQpa5BgTCC7cY4A,fair-haven-new-jersey
https://www.ubereats.com/new-jersey/food-delivery/mcloones-pier-house/HyKCLJSRR0qEf4LFAC6gVg,fair-haven-new-jersey
https://www.ubereats.com/new-jersey/food-delivery/cheeburger-cheeburger-2130-rte-35-s/GDFAFQQ8R76l8eaBVPrn_w,fair-haven-new-jersey
https://www.ubereats.com/new-jersey/food-delivery/la-scarpetta-italian-grill/gWxYtrhxTOWNndyK6SmjVA,fair-haven-new-jersey
https://www.ubereats.com/new-jersey/food-delivery/tony-boloneys-long-branch/UpbdRoPaQem46xZv5SUXFA,fair-haven-new-jersey
https://www.ubereats.com/new-jersey/food-delivery/una-pizza-napoletana/AgTW2ayhTpiO5Qqj6bfWZg,fair-haven-new-jersey
https://www.ubereats.com/new-jersey/food-delivery/takumi-japanese-restaurant/37gvzT2VR52aEy9mYjAYjQ,fair-haven-new-jersey
https://www.ubereats.com/new-jersey/food-delivery/wawa-0790-14-bridge-street/YYBBhORRTh-D3s7nGjBt1g,fair-haven-new-jersey
https://www.ubereats.com/new-jersey/food-delivery/dannys-steakhouse-%26-sushi/d0mmdo71Q4CDx3rVcdT81A,fair-haven-new-jersey
https://www.ubereats.com/new-jersey/food-delivery/charleys-ocean-grill/jWMfhgWeTXm9aTFAOTpDow,fair-haven-new-jersey
https://www.ubereats.com/new-jersey/food-delivery/brothers-pizza-%26-pasta/ThlRdVHhT4SWlEX5JhWVFg,fair-haven-new-jersey
https://www.ubereats.com/new-jersey/food-delivery/mizu-36-asian-cuisine/88N1Uey_S0ajjbx9K4chSw,fair-haven-new-jersey
https://www.ubereats.com/new-jersey/food-delivery/jamians-food-%26-drink/IlDjNKdzSh2vhawEkmfxUg,fair-haven-new-jersey
https://www.ubereats.com/new-jersey/food-delivery/burger-king-139-state-route-35/XlmH_qcsSDCIU2idj4FNig,fair-haven-new-jersey
https://www.ubereats.com/new-jersey/food-delivery/jersey-mikes-7-bayshore-plaza/t4LW5-YWQHOSoSGvHS-1PA,fair-haven-new-jersey
https://www.ubereats.com/new-jersey/food-delivery/mcdonalds-970-rt-36/iaY4Wqk6RyCCSlsm1uRGlQ,fair-haven-new-jersey
https://www.ubereats.com/new-jersey/food-delivery/joes-bagel-%26-grill-west-long-branch/uGkTFWa3RriQwfxHN9nHaA,fair-haven-new-jersey
https://www.ubereats.com/new-jersey/food-delivery/frutta-bowls-shrewsbury/BJJZfujIRMKUFbxoBqtcCA,fair-haven-new-jersey
https://www.ubereats.com/new-jersey/food-delivery/sonic-drive-in-1511-state-route-35/dwaVGSWqS1Km_b9GdK9f7A,fair-haven-new-jersey
https://www.ubereats.com/new-jersey/food-delivery/burger-king-15-newman-springs-road/mt6aERFQTeK2GVKV6jkPPg,fair-haven-new-jersey
https://www.ubereats.com/new-jersey/food-delivery/brewtons-restaurant/6E_4XO6fT0WTBMYt2yfmzQ,fair-haven-new-jersey
https://www.ubereats.com/new-jersey/food-delivery/il-lago/FUIQbRGOQpSi48w-ZzLbpg,fair-haven-new-jersey
https://www.ubereats.com/new-jersey/food-delivery/nickys-oceanport-pizza/KqI_2irRREG-XcdH1mpvzg,fair-haven-new-jersey
https://www.ubereats.com/new-jersey/food-delivery/wendys-600-shrewsbury-ave/uiY97bEoT-uC0s7AOJJiXg,fair-haven-new-jersey
https://www.ubereats.com/new-jersey/food-delivery/freddys-on-monmouth-inc/R-f-vj-FQsmhETo509uSsA,fair-haven-new-jersey
https://www.ubereats.com/new-jersey/food-delivery/jersey-mikes-2100-hwy-35/fRxrjf5uQSGIgDnhPO1-Kw,fair-haven-new-jersey
https://www.ubereats.com/new-jersey/food-delivery/firebirds-wood-fired-grill-180-state-hwy-no-35-s/La5uKah7SNum2qdZEhF-oQ,fair-haven-new-jersey
https://www.ubereats.com/new-jersey/food-delivery/ralphs-bright-ice/L-ATvfsCSxGQWe4BQ7-fog,fair-haven-new-jersey
https://www.ubereats.com/new-jersey/food-delivery/maurizios-pizzeria/jxcGfT73SWKV0qrWb89JFg,fair-haven-new-jersey
https://www.ubereats.com/new-jersey/food-delivery/sugarush/mSVyduJsRsGWV4qQVIPdog,fair-haven-new-jersey
https://www.ubereats.com/new-jersey/food-delivery/windward-deli/L1YVhgxLS7OqHFijsskgQQ,fair-haven-new-jersey
https://www.ubereats.com/new-jersey/food-delivery/jersey-shore-deli/oGEHv9tJTKibegq_kys7UA,fair-haven-new-jersey
https://www.ubereats.com/new-jersey/food-delivery/the-habit-burger-grill-178-route-35-south/qEm8upclRCa59CFq8PIQxA,fair-haven-new-jersey
https://www.ubereats.com/new-jersey/food-delivery/bubbakoos-burritos-long-branch/Srslh8D9Q9Wz5Ndoz8wKXg,fair-haven-new-jersey
https://www.ubereats.com/new-jersey/food-delivery/aji-asian-grill-japanese-cuisine/9pjNGdwSRhuSyhh1a4uqxQ,fair-haven-new-jersey
https://www.ubereats.com/new-jersey/food-delivery/honey-baked-ham-middletown/zXhPZO_aQpmmgx9gkMZV4Q,fair-haven-new-jersey
https://www.ubereats.com/new-jersey/food-delivery/luigis-famous-pizza/PwzBoKH5Q7O7nVQMjm65lA,fair-haven-new-jersey
https://www.ubereats.com/new-jersey/food-delivery/the-captains-boil-180-state-route-35/1oHDp5wWTbmEgyI3uCZxyw,fair-haven-new-jersey
https://www.ubereats.com/new-jersey/food-delivery/surf-taco-long-branch/fVNLYW3gSrezMmqxJUd3AQ,fair-haven-new-jersey
https://www.ubereats.com/new-jersey/food-delivery/lava-pit/2WSFtC8aQFOvcK5Iosh8ww,fair-haven-new-jersey
https://www.ubereats.com/new-jersey/food-delivery/shake-shack-180-new-jersey-35s/gVhkdqhvQnanH-JO25UUAw,fair-haven-new-jersey
https://www.ubereats.com/new-jersey/food-delivery/the-juice-theory-long-branch/_kEfMTl4QXC_rGwgrCANIQ,fair-haven-new-jersey
https://www.ubereats.com/new-jersey/food-delivery/starbucks-rte-35-middletown/_n_71c5jRfGYp3IuADJ44g,fair-haven-new-jersey
https://www.ubereats.com/new-jersey/food-delivery/tossd/uSA5ORklSTi2IGmoB_Y76g,fair-haven-new-jersey
