url,city
https://www.ubereats.com/nyc-suburbs/food-delivery/asianginger/mNrwEeC9Ttev1VlT2i2oHA,far-rockaway-new-york
https://www.ubereats.com/nyc-suburbs/food-delivery/percys-jerk-hut-merrick/HxZlwZKVT5urpe7ghONQrg,far-rockaway-new-york
https://www.ubereats.com/nyc-suburbs/food-delivery/san-remo-rockville-centre/lWrG1I2HRfGE_UPfQVma6g,far-rockaway-new-york
https://www.ubereats.com/new-york/food-delivery/gs-eatery-and-bakery/iX9W-iZXRniQBMGEMnADUA,far-rockaway-new-york
https://www.ubereats.com/nyc-suburbs/food-delivery/thai-chic-bistro/m8IF2GgBS4uAJ3uS-FEDQw,far-rockaway-new-york
https://www.ubereats.com/nyc-suburbs/food-delivery/hush-restaurant-%26-lounge/i2_MPz9mRJClNopFyXg7Zw,far-rockaway-new-york
https://www.ubereats.com/nyc-suburbs/food-delivery/tanamis-pita-and-hummus-bar/wQMAriJnQFmQk20kYWrXug,far-rockaway-new-york
https://www.ubereats.com/new-york/food-delivery/jamaica-breeze-restaurant/ddCsAqaiSvOH2tylHPxZLw,far-rockaway-new-york
https://www.ubereats.com/nyc-suburbs/food-delivery/seafood-delite-springfield-gardens/CU2oxh9CSyO2ByhNAhQH2g,far-rockaway-new-york
https://www.ubereats.com/nyc-suburbs/food-delivery/taco-by-the-sea/mS_277PWRDiq1IKkn1H5Bg,far-rockaway-new-york
https://www.ubereats.com/nyc-suburbs/food-delivery/tandoor-grill-long-beach/zbwxkEcdR1Kbm-dSKvPlmw,far-rockaway-new-york
https://www.ubereats.com/nyc-suburbs/food-delivery/carvel-1344-peninsula-blvd/4KlhSmGZQtyp5ex16MagPQ,far-rockaway-new-york
https://www.ubereats.com/new-york/food-delivery/tutti-frutti-28-w-park-ave/TCWL-iWYRj-1jT2o1FEe8A,far-rockaway-new-york
https://www.ubereats.com/nyc-suburbs/food-delivery/italian-kosher-cuisine/9cHZIcOqStyV-WqtHffpRQ,far-rockaway-new-york
https://www.ubereats.com/nyc-suburbs/food-delivery/ihop-rosedale-rockaway-blvd/Dbcj7LsWTt6CeyxIbv-0TA,far-rockaway-new-york
https://www.ubereats.com/new-york/food-delivery/gnm-deli-and-groceries/OsMkBDE4SaGAUblbUUfccA,far-rockaway-new-york
https://www.ubereats.com/nyc-suburbs/food-delivery/buffalo-wild-wings-6-green-acres-commons-750-w-sunrise-highway/HsJsMOb3S8ii1CRTutXuWA,far-rockaway-new-york
https://www.ubereats.com/nyc-suburbs/food-delivery/mcdonalds-valley-stream-sunrise/P9IcMZ-XRHqcdZrOjIoaAQ,far-rockaway-new-york
https://www.ubereats.com/nyc-suburbs/food-delivery/subway-6820-rockaway-beach-blvd/NJcv1I-jRXKNbdLtLOR0dQ,far-rockaway-new-york
https://www.ubereats.com/nyc-suburbs/food-delivery/south-shore-pizza/XaAfB7vfSzqFQnTteLG65g,far-rockaway-new-york
https://www.ubereats.com/nyc-suburbs/food-delivery/kfc-lynbrook-merrick-rd/L9pZpp4tRDCYkCcqX0fbSg,far-rockaway-new-york
https://www.ubereats.com/nyc-suburbs/food-delivery/the-gspot/NICMbBpYSouzkUoekHp6HA,far-rockaway-new-york
https://www.ubereats.com/nyc-suburbs/food-delivery/mcdonalds-lynbrook-merrick/c5JtRi3WSn-sD2SYJtX66Q,far-rockaway-new-york
https://www.ubereats.com/nyc-suburbs/food-delivery/papa-johns-pizza-far-rockaway/yuY6fYMpR6KC--S4_SwiBQ,far-rockaway-new-york
https://www.ubereats.com/nyc-suburbs/food-delivery/laffa-bar-and-grill/tyhbSD-_RKOhVunmVV2ePQ,far-rockaway-new-york
https://www.ubereats.com/nyc-suburbs/food-delivery/cabo/jlRlzTW1QA-NnFsFWBEy7A,far-rockaway-new-york
https://www.ubereats.com/nyc-suburbs/food-delivery/mcdonalds-queens-244-merrick-blvd/WebAq-0bRhaeJqphPHQMwQ,far-rockaway-new-york
https://www.ubereats.com/new-york/food-delivery/health-%26-wealth/cB7cMcTTTgS6DKSTdcfm5A,far-rockaway-new-york
https://www.ubereats.com/nyc-suburbs/food-delivery/yumze-food-inc/mjIKJgXNQZKPyGFIroJddg,far-rockaway-new-york
https://www.ubereats.com/nyc-suburbs/food-delivery/china-king-chinese-restaurant/4wu15raGRnaNEo2iq7IFlQ,far-rockaway-new-york
https://www.ubereats.com/new-york/food-delivery/color-of-spices-rockville-centre/NsPEloC4TKuUOp4Cj6W6cg,far-rockaway-new-york
https://www.ubereats.com/nyc-suburbs/food-delivery/the-sherwood-diner/w0LL2EPVSGiCjm5Zf7xfew,far-rockaway-new-york
https://www.ubereats.com/nyc-suburbs/food-delivery/the-red-deck/KXTwN8wvRE6poW2qkv2gow,far-rockaway-new-york
https://www.ubereats.com/nyc-suburbs/food-delivery/mcdonalds-far-rockaway-beach-channel-drive/CfFliRcXRQy9gZ2TwCm-Ow,far-rockaway-new-york
https://www.ubereats.com/nyc-suburbs/food-delivery/meisners-delicatessen/2JVl59M3QEOTIG-uiO6nqw,far-rockaway-new-york
https://www.ubereats.com/nyc-suburbs/food-delivery/puerta-mexicana-rockaway/XXFrCXnAQy2Odl8KOgxImQ,far-rockaway-new-york
https://www.ubereats.com/nyc-suburbs/food-delivery/dunkin-31-franklin-ave/ClUt0bMuT9C-hIp9jeYEQw,far-rockaway-new-york
https://www.ubereats.com/nyc-suburbs/food-delivery/new-far-sing-restaurant/uskWWKvmQwC6VslS41SIlQ,far-rockaway-new-york
https://www.ubereats.com/new-york/food-delivery/burnside-deli-and-belgian-fries/mGSpc7X2SUqh5MxctEAZlg,far-rockaway-new-york
https://www.ubereats.com/nyc-suburbs/food-delivery/swancrepe/fU2LiaYdQyWjw9QfCgeExQ,far-rockaway-new-york
https://www.ubereats.com/nyc-suburbs/food-delivery/mitchells-restaurant-valley-stream/hIivFa1fSpGvoCpZ1cdLbg,far-rockaway-new-york
https://www.ubereats.com/nyc-suburbs/food-delivery/xaga-sushi/ZSpMmgv5RfuyGLPoHjScMA,far-rockaway-new-york
https://www.ubereats.com/nyc-suburbs/food-delivery/auntie-taes/oMb39--qQJCJSfSFWFaprw,far-rockaway-new-york
https://www.ubereats.com/nyc-suburbs/food-delivery/west-bar-and-lounge-st-albans/mH1XHucHTUiOgHmlfmbR-g,far-rockaway-new-york
https://www.ubereats.com/nyc-suburbs/food-delivery/popeyes-8601-rockaway-beach-blvd/Df9f9jkIRN-s_GklYqRs8Q,far-rockaway-new-york
https://www.ubereats.com/nyc-suburbs/food-delivery/sherry-blossom/2y4JNCXhTqKwv74GxhR_0w,far-rockaway-new-york
https://www.ubereats.com/new-york/food-delivery/fuji-buffet/WAkz4r44S2eVOq2CqlZhhw,far-rockaway-new-york
https://www.ubereats.com/nyc-suburbs/food-delivery/ericas-caribbean-cuisinedo-not-enable-food-safety/M8pbCPNtQgOhDE49etXWcw,far-rockaway-new-york
https://www.ubereats.com/nyc-suburbs/food-delivery/tastemyplate/H0zWABPZRd6f3l5Kb3smGA,far-rockaway-new-york
https://www.ubereats.com/nyc-suburbs/food-delivery/3-brothers-of-rvc/udXLfxBvSKikrhxnZP88AQ,far-rockaway-new-york
https://www.ubereats.com/nyc-suburbs/food-delivery/rock-a-taco-rockville-centre/Dhgks4wNRHmegG9WPlGzkw,far-rockaway-new-york
https://www.ubereats.com/nyc-suburbs/food-delivery/roc-and-olive/taswSz-pTUqBR4Z4i-t22Q,far-rockaway-new-york
https://www.ubereats.com/new-york/food-delivery/jus-by-julie-long-island/VHb4Cmh2TtCxLtix8Sxwng,far-rockaway-new-york
https://www.ubereats.com/nyc-suburbs/food-delivery/angelinas/JZTQu5IcR4e_0g4IbqwoUA,far-rockaway-new-york
https://www.ubereats.com/nyc-suburbs/food-delivery/taco-bell-325-rockaway-turnpike/5w8w9FimSJm1xsgOhksNjw,far-rockaway-new-york
https://www.ubereats.com/nyc-suburbs/food-delivery/new-hong-kong-restaurant/SpNgHH5GTSqh1ymj8VPtwQ,far-rockaway-new-york
https://www.ubereats.com/new-york/food-delivery/marios-pizza-chicken-%26-grill/ZC6dLpDmQcuqxQeJ6fg19Q,far-rockaway-new-york
https://www.ubereats.com/nyc-suburbs/food-delivery/chimichurri-charcoal-kitchen/pcqzbZMnSnSdVZUVOdH1cw,far-rockaway-new-york
https://www.ubereats.com/nyc-suburbs/food-delivery/guggin-cafe-and-grill/NBON2jq2QAiPzBss9SiI_A,far-rockaway-new-york
https://www.ubereats.com/new-york/food-delivery/punta-cana-grill-rockville-centre/0oKj3tuDTFy1Xx8tu6r5Og,far-rockaway-new-york
https://www.ubereats.com/nyc-suburbs/food-delivery/red-crab-seafood-rockville/p7aiXeHyTxmusEQXsLYk-w,far-rockaway-new-york
https://www.ubereats.com/nyc-suburbs/food-delivery/ou-lala-cafe-%26-lounge/lHLQ7NjxTvmG81y1_bhBHQ,far-rockaway-new-york
https://www.ubereats.com/new-york/food-delivery/be-in-good-health/syGUh_EtQfyg0Akn1JLRGw,far-rockaway-new-york
https://www.ubereats.com/new-york/food-delivery/burrito-monster/ifBH-DmtQG2WQHwRvrVEcQ,far-rockaway-new-york
https://www.ubereats.com/new-york/food-delivery/wild-ginger/zij3xxIzTn-BTqWI__097Q,far-rockaway-new-york
https://www.ubereats.com/nyc-suburbs/food-delivery/the-bowery/hGvW5gGpSvSmyg8ql1qDpA,far-rockaway-new-york
https://www.ubereats.com/nyc-suburbs/food-delivery/long-island-bagel-cafe-oceanside/CwsC2LvtSo63VB28G9RbDA,far-rockaway-new-york
https://www.ubereats.com/new-york/food-delivery/alis-roti-shop-rosedale/jmDeQx_lTMS8AeCPV2s3Ig,far-rockaway-new-york
https://www.ubereats.com/new-york/food-delivery/papa-rellena-mayita/Z5kqYEDwRmeMvSN5kddbbw,far-rockaway-new-york
https://www.ubereats.com/nyc-suburbs/food-delivery/subway-1239-broadway/ncP126NZQaWQkp8drYXmTA,far-rockaway-new-york
https://www.ubereats.com/new-york/food-delivery/cj-cafe-conduit-ave/BYCoI5p3S4GIy3ZCUTHFNQ,far-rockaway-new-york
https://www.ubereats.com/nyc-suburbs/food-delivery/wild-ginger/zij3xxIzTn-BTqWI__097Q,far-rockaway-new-york
https://www.ubereats.com/new-york/food-delivery/greek-xpress-east-rockaway/_Q_C0WstTqenDzD4mtChNw,far-rockaway-new-york
https://www.ubereats.com/nyc-suburbs/food-delivery/ciccio-boy-pizzeria-%26-restaurant/7ImUjXWJQQqOzm4Dgp6bdA,far-rockaway-new-york
https://www.ubereats.com/nyc-suburbs/food-delivery/fat-cardinal-provisions/aSEPvOzkRMigTlYDDTgHmg,far-rockaway-new-york
https://www.ubereats.com/new-york/food-delivery/cuisine-by-claudette/XgpgO1CQR5GJgE_JEtHqoQ,far-rockaway-new-york
https://www.ubereats.com/nyc-suburbs/food-delivery/gentle-brew-coffee-roasters/LV4T9wYpQzqQMXyRLB27rQ,far-rockaway-new-york
https://www.ubereats.com/new-york/food-delivery/shogun-hibachi-asian-cusine/CKu1ey48Qoa6_Rmy4rZwcA,far-rockaway-new-york
https://www.ubereats.com/nyc-suburbs/food-delivery/boulevard-deli-%26-grill/QIJWURRCQqCBUzvDLVMtWg,far-rockaway-new-york
https://www.ubereats.com/nyc-suburbs/food-delivery/coalhouse-grill/zwxLO824QPCZsJQhTMvFfg,far-rockaway-new-york
https://www.ubereats.com/nyc-suburbs/food-delivery/the-green-deli/qO48lhSVSZ66u4Ka_5cG3Q,far-rockaway-new-york
https://www.ubereats.com/nyc-suburbs/food-delivery/chicken-gyro-delicious/13ULV345QZOAnCNEWFJPDQ,far-rockaway-new-york
https://www.ubereats.com/nyc-suburbs/food-delivery/ah-sah-ee-cafe/BPDjSpLzTa6rB0v16XjOsw,far-rockaway-new-york
https://www.ubereats.com/nyc-suburbs/food-delivery/greek-town/_48sLL0sQm60h7WkDMqOYw,far-rockaway-new-york
https://www.ubereats.com/nyc-suburbs/food-delivery/macarthur-park/7thhwayqStaQGh3bOqcchQ,far-rockaway-new-york
https://www.ubereats.com/nyc-suburbs/food-delivery/brixx-%26-barley/Qs-upna6RIipuluUUCg0cA,far-rockaway-new-york
https://www.ubereats.com/nyc-suburbs/food-delivery/m%26r-firefest/pEg-W593Tw6tvFK1lGekeQ,far-rockaway-new-york
https://www.ubereats.com/nyc-suburbs/food-delivery/dunkin-1070-w-beech-st/WHgj-xZSTYGGc6R8mkZp5A,far-rockaway-new-york
https://www.ubereats.com/nyc-suburbs/food-delivery/taco-bell-3076-long-beach-road/0g63RLoyQ1CykpoBvf_wuw,far-rockaway-new-york
https://www.ubereats.com/new-york/food-delivery/brasas-peru/IgFnPCwlTFqU7DDG_cqcIQ,far-rockaway-new-york
https://www.ubereats.com/nyc-suburbs/food-delivery/santorinis/kZxnnFGPQ_adl0vV5AvCRQ,far-rockaway-new-york
https://www.ubereats.com/nyc-suburbs/food-delivery/bjs-restaurant-%26-brewhouse-750-sunrise-hwy-5-green-acres-common/opVvgFSSRMCR38_QQs6JVg,far-rockaway-new-york
https://www.ubereats.com/nyc-suburbs/food-delivery/friendlier-restaurant-%26-pizzeria/Nirld_v-Tm2aFyF1vDZPiw,far-rockaway-new-york
https://www.ubereats.com/nyc-suburbs/food-delivery/seafood-heaven/SN0UBgnFRtaCDQ70oustmA,far-rockaway-new-york
https://www.ubereats.com/nyc-suburbs/food-delivery/the-millenium-restaurant-and-bakery/B6-mtxguQliYB2wjo_hlow,far-rockaway-new-york
https://www.ubereats.com/nyc-suburbs/food-delivery/la-cabana-peruana-rockaway-beach-blvd/5mSnfJXvTxK3QXciLGHyxg,far-rockaway-new-york
https://www.ubereats.com/nyc-suburbs/food-delivery/petencito-latin-grill-inc/ko_YMiPbSGOQGGrTcDKwgw,far-rockaway-new-york
https://www.ubereats.com/nyc-suburbs/food-delivery/lumix-hibachi-%26-sushi/_m-z1d3PRxal-0wa6aVZuQ,far-rockaway-new-york
https://www.ubereats.com/nyc-suburbs/food-delivery/the-beach-house/5TJ8ZpusQk-4UqZdoFpt-g,far-rockaway-new-york
https://www.ubereats.com/nyc-suburbs/food-delivery/san-antonio-bakery-%26-restaurant/kBYtoolGSxye4tgdbYww9g,far-rockaway-new-york
https://www.ubereats.com/nyc-suburbs/food-delivery/starbucks-hewlett-peninsula-blvd/e4W2AuD_TyySgvWs3EnN8g,far-rockaway-new-york
https://www.ubereats.com/nyc-suburbs/food-delivery/heavenly-coffee/UetY10jFTJm0AI-livjNCg,far-rockaway-new-york
https://www.ubereats.com/nyc-suburbs/food-delivery/chinese-house/OkjQL3miTnumtdUe56oU-Q,far-rockaway-new-york
https://www.ubereats.com/nyc-suburbs/food-delivery/popeyes-louisiana-kitchen-far-rockaway/E8SdW2MWSfStiKPqDnDV_A,far-rockaway-new-york
https://www.ubereats.com/new-york/food-delivery/kenji-sushi/72pHyxggSMK6xOoUGGG3xA,far-rockaway-new-york
https://www.ubereats.com/nyc-suburbs/food-delivery/caffeine-oceanside/UxHYcFVCQYGGBINJMdCaHw,far-rockaway-new-york
https://www.ubereats.com/new-york/food-delivery/king-wok/xoMxqGzHRg-h_i1v_uKfgQ,far-rockaway-new-york
https://www.ubereats.com/new-york/food-delivery/3-hands-deli-and-grill/u6OMgDFTTQOitajJ1_P_rg,far-rockaway-new-york
https://www.ubereats.com/nyc-suburbs/food-delivery/breakfast-in-mykonos/q0JwDvkgQ4G3qW7_8RhcFA,far-rockaway-new-york
https://www.ubereats.com/nyc-suburbs/food-delivery/tropical-%235/1j3Bvu58QRGQggxMgD0_4Q,far-rockaway-new-york
https://www.ubereats.com/new-york/food-delivery/great-dragon/c6sYKg3zR3qFxdZyyf2FuQ,far-rockaway-new-york
https://www.ubereats.com/new-york/food-delivery/beach-bagel-%26-deli/Kp2a7UTWT4-NpqBSq9Ixtw,far-rockaway-new-york
https://www.ubereats.com/nyc-suburbs/food-delivery/gyro-bar-oceanside/nReUp-huSmuZkupw4EdtnA,far-rockaway-new-york
https://www.ubereats.com/nyc-suburbs/food-delivery/island-taste-restaurant-and-lounge/Ud2HML6EStSQpFYjyQmicA,far-rockaway-new-york
https://www.ubereats.com/nyc-suburbs/food-delivery/graze-smokehouse-cedarhurst/xesaLgw-TeSKS-edUYR_LA,far-rockaway-new-york
https://www.ubereats.com/nyc-suburbs/food-delivery/abbracciamento/9131jGL8Q0uEEWVsuPVkdg,far-rockaway-new-york
https://www.ubereats.com/nyc-suburbs/food-delivery/tcb-burgers/5ieMFghTTZ6QBYffQ2qJZg,far-rockaway-new-york
https://www.ubereats.com/nyc-suburbs/food-delivery/chipotle-mexican-grill-3161-long-beach-rd/2qaqwe9XQfu-_unvhQBOkA,far-rockaway-new-york
https://www.ubereats.com/new-york/food-delivery/butterfly-ii-chinese-restaurant/njajVx0KQ6ewmKroSdPtYQ,far-rockaway-new-york
https://www.ubereats.com/nyc-suburbs/food-delivery/caribbean-hut-restaurant-%26-bar/nhV6_77sTrmyniGYzA0aIA,far-rockaway-new-york
https://www.ubereats.com/nyc-suburbs/food-delivery/cj-cafe-conduit-ave/BYCoI5p3S4GIy3ZCUTHFNQ,far-rockaway-new-york
https://www.ubereats.com/nyc-suburbs/food-delivery/starbucks-island-park/vSxx5QsnTauNw4f25Xbp2w,far-rockaway-new-york
https://www.ubereats.com/nyc-suburbs/food-delivery/quick-pizza/zSw8EPX2RBeFy3_mKCJT0A,far-rockaway-new-york
https://www.ubereats.com/nyc-suburbs/food-delivery/b-greek-kitchen/pYnNB8bXTpeWmWpDYBINnQ,far-rockaway-new-york
https://www.ubereats.com/nyc-suburbs/food-delivery/badong-restaurant/kKrjtoAAQhO8hvZ38ZE0SQ,far-rockaway-new-york
https://www.ubereats.com/new-york/food-delivery/thai-rock-rockaway-beach/5ZF2gPOpQUijCIIi6D_ntQ,far-rockaway-new-york
https://www.ubereats.com/nyc-suburbs/food-delivery/jus-by-julie-long-island/VHb4Cmh2TtCxLtix8Sxwng,far-rockaway-new-york
https://www.ubereats.com/nyc-suburbs/food-delivery/l-%26-m-caribbean-delight/tbjIuyNQS9KE3v32fjomOw,far-rockaway-new-york
https://www.ubereats.com/nyc-suburbs/food-delivery/noble/p9cQEvSXTBmYv5GuQgWRVw,far-rockaway-new-york
https://www.ubereats.com/nyc-suburbs/food-delivery/burgers-tacos-wings/usiRQ2ICQXWr3UMndavaHQ,far-rockaway-new-york
https://www.ubereats.com/nyc-suburbs/food-delivery/streats-food-%2B-drink/v_545FiWRY2Q1WuXOf_H4g,far-rockaway-new-york
https://www.ubereats.com/nyc-suburbs/food-delivery/pa-nash-restaurant-%26-lounge-rosedale/iHOL6sRuRLOR3SjRf_XEOQ,far-rockaway-new-york
https://www.ubereats.com/nyc-suburbs/food-delivery/carlos-%26-gabbys-lawrence/8Yj95bv6RWuXEiEkx2caFw,far-rockaway-new-york
https://www.ubereats.com/new-york/food-delivery/l-%26-m-caribbean-delight/tbjIuyNQS9KE3v32fjomOw,far-rockaway-new-york
https://www.ubereats.com/nyc-suburbs/food-delivery/reggae-taste/BGA0neQCSsOTD9e8yr1IJg,far-rockaway-new-york
https://www.ubereats.com/new-york/food-delivery/acai-beach-bowls/GA9hcNQFSlmHgVIoXa-uLw,far-rockaway-new-york
https://www.ubereats.com/nyc-suburbs/food-delivery/grandpa-tonys/MId53d5ORlqNvFNnKe_4dg,far-rockaway-new-york
https://www.ubereats.com/nyc-suburbs/food-delivery/subway-12-ocean-ave/mFfncl2fTkabmVOXCgJWeQ,far-rockaway-new-york
https://www.ubereats.com/nyc-suburbs/food-delivery/subway-35-park-ave/DZybCivIRMy7j7wcSpak_w,far-rockaway-new-york
https://www.ubereats.com/nyc-suburbs/food-delivery/waffle-cabin-long-beach/kkpw7O-dRVyLEOEwfJ7tmQ,far-rockaway-new-york
https://www.ubereats.com/nyc-suburbs/food-delivery/villa-formia-pizza-%26-restaurant/r8x3Fs0ESnKbpotC01Txug,far-rockaway-new-york
https://www.ubereats.com/nyc-suburbs/food-delivery/healthy-eating-by-j2/4eEoGpupRLSO2MXKxrGbdQ,far-rockaway-new-york
https://www.ubereats.com/nyc-suburbs/food-delivery/boardwalk-cheesesteaks/xp50k0JbSj6ZKC2ptCuICg,far-rockaway-new-york
https://www.ubereats.com/nyc-suburbs/food-delivery/dunkin-21911-n-conduit-ave/_8p23iTiRAGXx0PXbdAk8A,far-rockaway-new-york
https://www.ubereats.com/nyc-suburbs/food-delivery/dawat-e-khaas/894bMT4XRiWGwKbetc2XJw,far-rockaway-new-york
https://www.ubereats.com/nyc-suburbs/food-delivery/chipotle-mexican-grill-331-rockaway-tpke/4peFpKFfTkaKaFVVMj7P8A,far-rockaway-new-york
https://www.ubereats.com/nyc-suburbs/food-delivery/lynbrook-eats/vwivtE_fR2eIo0ahCXuqTg,far-rockaway-new-york
https://www.ubereats.com/new-york/food-delivery/new-great-wall-restaurant/_FacY4SLQgK8x_6ygJ1ZJQ,far-rockaway-new-york
https://www.ubereats.com/nyc-suburbs/food-delivery/ahuvas-grill/wG-Ijt_vQT20unsJ6_ZyUA,far-rockaway-new-york
https://www.ubereats.com/nyc-suburbs/food-delivery/marinara/HzTaXdadSzOCMnFN01inrw,far-rockaway-new-york
https://www.ubereats.com/new-york/food-delivery/lumix-hibachi-%26-sushi/_m-z1d3PRxal-0wa6aVZuQ,far-rockaway-new-york
https://www.ubereats.com/nyc-suburbs/food-delivery/gs-eatery-and-bakery/iX9W-iZXRniQBMGEMnADUA,far-rockaway-new-york
https://www.ubereats.com/nyc-suburbs/food-delivery/addys-bbq/dz10aDysTyOLOvqMZakeHA,far-rockaway-new-york
https://www.ubereats.com/nyc-suburbs/food-delivery/the-upper-crust-cedarhurst/5Ld-gIDqQWS7BDDoyOjaPA,far-rockaway-new-york
https://www.ubereats.com/nyc-suburbs/food-delivery/burnside-deli-and-belgian-fries/mGSpc7X2SUqh5MxctEAZlg,far-rockaway-new-york
https://www.ubereats.com/nyc-suburbs/food-delivery/mcdonalds-brookville-conduit-ave/AbKMmWduRpeov7NyK3SzfQ,far-rockaway-new-york
https://www.ubereats.com/nyc-suburbs/food-delivery/qcumbers-cafe/tpkb1tYOSUe5bFYTVLYrzQ,far-rockaway-new-york
https://www.ubereats.com/nyc-suburbs/food-delivery/sonic-750-west-sunrise-highway/PUghYGpPTL-cZm5I1d4cyw,far-rockaway-new-york
https://www.ubereats.com/nyc-suburbs/food-delivery/bens-crab/l3zYuhyaSV62kuKCRSYgHg,far-rockaway-new-york
https://www.ubereats.com/new-york/food-delivery/the-green-deli/qO48lhSVSZ66u4Ka_5cG3Q,far-rockaway-new-york
https://www.ubereats.com/nyc-suburbs/food-delivery/craft-kitchen-%26-taphouse/K13XWbdRQ_eXaRRgxyuHrg,far-rockaway-new-york
https://www.ubereats.com/nyc-suburbs/food-delivery/dunkin-299-burnside-ave/QD6mvpvzTuS337ZeqSdxYA,far-rockaway-new-york
https://www.ubereats.com/nyc-suburbs/food-delivery/pantanos-gourmet-hewlett/chYPnPQ5Qf-iuehHW8Djdw,far-rockaway-new-york
https://www.ubereats.com/new-york/food-delivery/merrick-jerk-inc/AvnPhQY_STKYB7kQyd7tzQ,far-rockaway-new-york
https://www.ubereats.com/nyc-suburbs/food-delivery/the-ugly-duckling/k7ob4EIhQouI_Lpssm7LxA,far-rockaway-new-york
https://www.ubereats.com/nyc-suburbs/food-delivery/tutti-frutti-28-w-park-ave/TCWL-iWYRj-1jT2o1FEe8A,far-rockaway-new-york
https://www.ubereats.com/nyc-suburbs/food-delivery/earth-effect-frozen-greek-yogurt/O7uMY6jTQ12vJW-hCCDdxA,far-rockaway-new-york
https://www.ubereats.com/nyc-suburbs/food-delivery/papa-rellena-mayita/Z5kqYEDwRmeMvSN5kddbbw,far-rockaway-new-york
https://www.ubereats.com/nyc-suburbs/food-delivery/thai-rock-rockaway-beach/5ZF2gPOpQUijCIIi6D_ntQ,far-rockaway-new-york
https://www.ubereats.com/nyc-suburbs/food-delivery/boston-market-168-west-merrick-road/y_trOjvoRaah-1SNOVo1kQ,far-rockaway-new-york
https://www.ubereats.com/new-york/food-delivery/foo-an-kitchen/2zVWL8sLQbapAs3Yfa5B3A,far-rockaway-new-york
https://www.ubereats.com/nyc-suburbs/food-delivery/latin-fusion-deli/qP67lhfMRdanW0QOA6iW1w,far-rockaway-new-york
https://www.ubereats.com/nyc-suburbs/food-delivery/r%26r-gourmet-deli/WbqQCUOfTniCI0bXzreGWw,far-rockaway-new-york
https://www.ubereats.com/nyc-suburbs/food-delivery/kibo-japanese-cuisine/6Z1MsRrpQ8mjiZw4I12ASQ,far-rockaway-new-york
https://www.ubereats.com/nyc-suburbs/food-delivery/sushi-tokyo-lawrence/bIRs1woRSDKez9Vo2-SS4w,far-rockaway-new-york
https://www.ubereats.com/nyc-suburbs/food-delivery/riveras-cafe-and-restaurant/l6mUbKuFQxmzcsv77JJriA,far-rockaway-new-york
https://www.ubereats.com/nyc-suburbs/food-delivery/muscle-man-subs/EPmVY5gcRqiCsiPjlKR4Ww,far-rockaway-new-york
https://www.ubereats.com/nyc-suburbs/food-delivery/taco-bell-547-merrick-road/c0td5lVfQwKrME_h2AhYKw,far-rockaway-new-york
https://www.ubereats.com/nyc-suburbs/food-delivery/oasis-ramen-house/7Cb0lqtpTDiXGhMzal8dsQ,far-rockaway-new-york
https://www.ubereats.com/nyc-suburbs/food-delivery/usa-diner/3MteJDFKQwC1pqmGL9F9Dw,far-rockaway-new-york
https://www.ubereats.com/nyc-suburbs/food-delivery/bernadettes/6THXPd6MSNm7LnJaFu7WSw,far-rockaway-new-york
https://www.ubereats.com/nyc-suburbs/food-delivery/jessys-pastries-empanadas-and-sweets/KRg_rCqNSj6oLQ8bbGkSew,far-rockaway-new-york
https://www.ubereats.com/nyc-suburbs/food-delivery/the-coffee-bar/6RyU4H7VT5GxQcZOQ-6MHA,far-rockaway-new-york
https://www.ubereats.com/nyc-suburbs/food-delivery/tacos-y-mas/Jq_tnNtjQFOcn2u4yb31WQ,far-rockaway-new-york
https://www.ubereats.com/nyc-suburbs/food-delivery/mexikosher-lawrence/qaut8N2RRlm62vm2mPwOpA,far-rockaway-new-york
https://www.ubereats.com/nyc-suburbs/food-delivery/kings-halal-of-valley-stream/MBt_0kOtQ-mw7opd68vXlA,far-rockaway-new-york
https://www.ubereats.com/nyc-suburbs/food-delivery/taco-bell-570-sunrise-highway/z0PzOztzQAO7Cdb9HaT1dQ,far-rockaway-new-york
https://www.ubereats.com/nyc-suburbs/food-delivery/potomac-deli/LZ5ZjamYSt68KA_ao8rSMw,far-rockaway-new-york
https://www.ubereats.com/nyc-suburbs/food-delivery/pollo-campero-lawrence-rockaway-turnpik/6_N4tC_PQl6ywNo24EfppQ,far-rockaway-new-york
https://www.ubereats.com/nyc-suburbs/food-delivery/mcdonalds-meadowmere-rockaway-tpke/D2aMSmfcTpCy2e0tCOKcpg,far-rockaway-new-york
https://www.ubereats.com/nyc-suburbs/food-delivery/richies-pizza-%26-eatery/Twc5mmp-SwSvvMefQ-DGvg,far-rockaway-new-york
https://www.ubereats.com/nyc-suburbs/food-delivery/coldstone-creamery-lynbrook/MIl_qp5vSauqsUQ37b2TtQ,far-rockaway-new-york
https://www.ubereats.com/nyc-suburbs/food-delivery/beach-burger/tKOJCW-ESWu8VTPzHy5S3w,far-rockaway-new-york
https://www.ubereats.com/new-york/food-delivery/habanero-mexican-grill/GIqweldkR9eFQm3a82RPxQ,far-rockaway-new-york
https://www.ubereats.com/nyc-suburbs/food-delivery/moo-burger/rIcWqZvTR5m2egaluwUMaA,far-rockaway-new-york
https://www.ubereats.com/nyc-suburbs/food-delivery/il-pozzo-wine-bar-%26-kitchen/-qzFQnE4TqGkL-MVg2uB-w,far-rockaway-new-york
https://www.ubereats.com/nyc-suburbs/food-delivery/felicias-bagels-n-tables/l6ciSu_4SoqHWZ6pCAGJlA,far-rockaway-new-york
https://www.ubereats.com/nyc-suburbs/food-delivery/asian-garden/dVhAn_tGS-W-oG9teXBp7Q,far-rockaway-new-york
https://www.ubereats.com/nyc-suburbs/food-delivery/johnnys-classic-quizine/Pb8ozh0_QdKcgZDywovEuA,far-rockaway-new-york
https://www.ubereats.com/nyc-suburbs/food-delivery/davincis/Sy3HQs5zQFezZ2TaoyP9Jw,far-rockaway-new-york
https://www.ubereats.com/new-york/food-delivery/la-cabana-peruana-rockaway-beach-blvd/5mSnfJXvTxK3QXciLGHyxg,far-rockaway-new-york
https://www.ubereats.com/nyc-suburbs/food-delivery/chicken-coop-colombian-restaurant/hYzX3_qNTISa9TLTa89Asg,far-rockaway-new-york
https://www.ubereats.com/nyc-suburbs/food-delivery/kimos-kitchen/QMmApLE0SbG8P5q48N2-Bw,far-rockaway-new-york
https://www.ubereats.com/nyc-suburbs/food-delivery/pizza-plus/m05ZU1FqRBSRyVgSEveyTA,far-rockaway-new-york
https://www.ubereats.com/nyc-suburbs/food-delivery/ralphs-coffe-shop-%26-restaurant-inc/oPSJu2GQQJiinozzLrkHsA,far-rockaway-new-york
https://www.ubereats.com/nyc-suburbs/food-delivery/new-great-wall-restaurant/_FacY4SLQgK8x_6ygJ1ZJQ,far-rockaway-new-york
https://www.ubereats.com/nyc-suburbs/food-delivery/the-burger-masters/yEh3d7GuQqKNzLah2L8l7A,far-rockaway-new-york
https://www.ubereats.com/nyc-suburbs/food-delivery/jamaica-breeze-restaurant/ddCsAqaiSvOH2tylHPxZLw,far-rockaway-new-york
https://www.ubereats.com/new-york/food-delivery/jade-palace-chinese-restaurant/7KxJjeUtSYuJsMAzeoQmUA,far-rockaway-new-york
https://www.ubereats.com/nyc-suburbs/food-delivery/be-in-good-health/syGUh_EtQfyg0Akn1JLRGw,far-rockaway-new-york
https://www.ubereats.com/nyc-suburbs/food-delivery/fuji-buffet/WAkz4r44S2eVOq2CqlZhhw,far-rockaway-new-york
https://www.ubereats.com/nyc-suburbs/food-delivery/forever-jerk/Ish_93JbS-mL-GuQMz7CbA,far-rockaway-new-york
https://www.ubereats.com/nyc-suburbs/food-delivery/merrick-jerk-inc/AvnPhQY_STKYB7kQyd7tzQ,far-rockaway-new-york
https://www.ubereats.com/nyc-suburbs/food-delivery/famous-rotisserie-and-grill/bf5WST5kTpCJW6QaXK_MRg,far-rockaway-new-york
https://www.ubereats.com/nyc-suburbs/food-delivery/rosas-pizzeria/Q__mdCR2RkWy0PBtLY7agQ,far-rockaway-new-york
https://www.ubereats.com/nyc-suburbs/food-delivery/minnesotas/COWHPUbJSpiHeDhULhxchA,far-rockaway-new-york
https://www.ubereats.com/nyc-suburbs/food-delivery/tcby-653-sunrise-hwy/DNB223vNS-ayfmtsA---dQ,far-rockaway-new-york
https://www.ubereats.com/nyc-suburbs/food-delivery/simply-sushi-cedarhurst/mSmkt_dVSTyhktQswBG_qw,far-rockaway-new-york
https://www.ubereats.com/nyc-suburbs/food-delivery/beach-bagel-%26-deli/Kp2a7UTWT4-NpqBSq9Ixtw,far-rockaway-new-york
https://www.ubereats.com/nyc-suburbs/food-delivery/rockaway-dog-house/MDwEj82mRB-9qowAh0wdAw,far-rockaway-new-york
https://www.ubereats.com/new-york/food-delivery/minnesotas/COWHPUbJSpiHeDhULhxchA,far-rockaway-new-york
https://www.ubereats.com/nyc-suburbs/food-delivery/joe%60s-pizza-by-the-sea/X4eJRc-4RTuq1Zn6ohtn1w,far-rockaway-new-york
https://www.ubereats.com/nyc-suburbs/food-delivery/burger-king-224-01-n-conduit-ave/CoTAF4QSSf65ozGPstOECw,far-rockaway-new-york
https://www.ubereats.com/nyc-suburbs/food-delivery/doma-land-%2B-sea/spPuRkHlTmm-XxSuak1CVw,far-rockaway-new-york
https://www.ubereats.com/nyc-suburbs/food-delivery/breezes-island-grill/ExGcmNa0QmizVslHwW-dig,far-rockaway-new-york
https://www.ubereats.com/nyc-suburbs/food-delivery/bugging-out-4-burgers/Qh1osIkARF6WJlb6td5ZKA,far-rockaway-new-york
https://www.ubereats.com/nyc-suburbs/food-delivery/le-cap-restaurant-%26-lounge/rlDztb43TlC6z4riO0p2-Q,far-rockaway-new-york
https://www.ubereats.com/nyc-suburbs/food-delivery/bagel-gourmet/KA-0mg6OQz2yk2vumWG3Ow,far-rockaway-new-york
https://www.ubereats.com/nyc-suburbs/food-delivery/cherry-valley-lb/QU0zTbq5SPy21yxvGTfsMw,far-rockaway-new-york
https://www.ubereats.com/nyc-suburbs/food-delivery/subway-219-25-north-conduit-ave/OFh_uT3iSQeh8YXV7eTz1Q,far-rockaway-new-york
https://www.ubereats.com/nyc-suburbs/food-delivery/amelia-restaurant/_v5SxySURF2pCwLdqwYZVg,far-rockaway-new-york
https://www.ubereats.com/nyc-suburbs/food-delivery/a-live-kitchen/mnEZsGLRRNC-EQhl7dIIig,far-rockaway-new-york
https://www.ubereats.com/new-york/food-delivery/1436-shan-deli-%26-grill/cbqj8ei4Tu2vUX2ZmzNAHA,far-rockaway-new-york
https://www.ubereats.com/nyc-suburbs/food-delivery/butterfly-ii-chinese-restaurant/njajVx0KQ6ewmKroSdPtYQ,far-rockaway-new-york
https://www.ubereats.com/nyc-suburbs/food-delivery/stop-chop-%26-roll/VcFz1ymbSkGI4yKox7FSmQ,far-rockaway-new-york
https://www.ubereats.com/nyc-suburbs/food-delivery/felipes-bites/ZjHgKOMCS0esxodwUIH70Q,far-rockaway-new-york
https://www.ubereats.com/nyc-suburbs/food-delivery/outback-steakhouse-3939-long-beach-road/1VqT08FUQgCnA2Mth61B3Q,far-rockaway-new-york
https://www.ubereats.com/nyc-suburbs/food-delivery/divino-pizzeria-%26-restaurant/ltAch935SMGQWUdLF3BrJA,far-rockaway-new-york
https://www.ubereats.com/nyc-suburbs/food-delivery/batesys-bbq/zMJFx6CCRI67u8QpTkRt7Q,far-rockaway-new-york
https://www.ubereats.com/nyc-suburbs/food-delivery/cork-and-slice/DD6HMw1JTRCACyvB1hfgUQ,far-rockaway-new-york
https://www.ubereats.com/nyc-suburbs/food-delivery/wok-tov/8wIILz1qR3mQQCLc96VonA,far-rockaway-new-york
https://www.ubereats.com/nyc-suburbs/food-delivery/sugarberry-bakery/Qqi1uhZNSB-CWU8kP9FH6g,far-rockaway-new-york
https://www.ubereats.com/new-york/food-delivery/chicken-coop-colombian-restaurant/hYzX3_qNTISa9TLTa89Asg,far-rockaway-new-york
https://www.ubereats.com/nyc-suburbs/food-delivery/beginnings-atlantic-beach/LRRXjk5pQLizlg2q9q6GWA,far-rockaway-new-york
https://www.ubereats.com/nyc-suburbs/food-delivery/9310-bonefish-grill-340-sunrise-highway/RBVXR9UJRzWbKnj7HXWalw,far-rockaway-new-york
https://www.ubereats.com/nyc-suburbs/food-delivery/taqueria-w-beech-st/RgLPtzd9RYeTRvqUltgyPA,far-rockaway-new-york
https://www.ubereats.com/nyc-suburbs/food-delivery/beach-bagel-and-deli/_OyIFYroSYmDbdYf8E_wSw,far-rockaway-new-york
https://www.ubereats.com/new-york/food-delivery/top-tortillas/uUqoRkR6TFq-CMPtYk9cEQ,far-rockaway-new-york
https://www.ubereats.com/nyc-suburbs/food-delivery/mcdonalds-long-beach-665-long-beach/gImjKsfeSmuNqMpZsx_nNA,far-rockaway-new-york
https://www.ubereats.com/nyc-suburbs/food-delivery/cafe-rockaways-chicken-and-thing/_ANWRqIiTVSf4_k9JCQ0FQ,far-rockaway-new-york
https://www.ubereats.com/nyc-suburbs/food-delivery/alis-roti-shop-rosedale/jmDeQx_lTMS8AeCPV2s3Ig,far-rockaway-new-york
https://www.ubereats.com/nyc-suburbs/food-delivery/mcdonalds-outer-queens-sutphin/pYwTB2QaRpme0YSi_5i6dA,far-rockaway-new-york
https://www.ubereats.com/new-york/food-delivery/china-buffet-king/fMATYl-fQnmblZbNThG5Dw,far-rockaway-new-york
https://www.ubereats.com/nyc-suburbs/food-delivery/five-fifty/p6lBay-_SQCwVjELQIEmOg,far-rockaway-new-york
https://www.ubereats.com/nyc-suburbs/food-delivery/jetty-bar-and-grill/Ko-AyrqRR06X7NlHMUsiXA,far-rockaway-new-york
https://www.ubereats.com/nyc-suburbs/food-delivery/lucky-star/2IlpKpekRmqaB5w9RnetAw,far-rockaway-new-york
https://www.ubereats.com/nyc-suburbs/food-delivery/biryani-house-valley-stream/r2kk4I_KTcKe2w40myDAzg,far-rockaway-new-york
https://www.ubereats.com/new-york/food-delivery/a-live-kitchen/mnEZsGLRRNC-EQhl7dIIig,far-rockaway-new-york
https://www.ubereats.com/nyc-suburbs/food-delivery/namaste-rockaway-inc/Z6HFBTdOQSqD8CknF7NhfA,far-rockaway-new-york
https://www.ubereats.com/new-york/food-delivery/jojos-juice-bar/G3QxXn38S8SOn3BwkMK-hA,far-rockaway-new-york
https://www.ubereats.com/nyc-suburbs/food-delivery/chefs-724/oMTmXYyzRGC_h1QqGSu69w,far-rockaway-new-york
https://www.ubereats.com/nyc-suburbs/food-delivery/dunkin-13344-150th-st/1Tr-Q_TwTo2owwyokJKXxQ,far-rockaway-new-york
https://www.ubereats.com/nyc-suburbs/food-delivery/harbor-grill-hewlett/3FrNhm77QsKwoMFv537mhw,far-rockaway-new-york
https://www.ubereats.com/nyc-suburbs/food-delivery/muscat-glatt/4TtMGmK-QZiH3QrrVpxKaQ,far-rockaway-new-york
https://www.ubereats.com/new-york/food-delivery/healthy-eating-by-j2/4eEoGpupRLSO2MXKxrGbdQ,far-rockaway-new-york
https://www.ubereats.com/nyc-suburbs/food-delivery/press-195-rockville-centre/hCM8W5WxSTeeNYNgrdqIQw,far-rockaway-new-york
https://www.ubereats.com/nyc-suburbs/food-delivery/henricas-restaurant/dD0cnrf2QqaG3HO2myuDbw,far-rockaway-new-york
https://www.ubereats.com/nyc-suburbs/food-delivery/bonbinos-pizza/0L0AkuKwTXiyjzfx108rtw,far-rockaway-new-york
https://www.ubereats.com/nyc-suburbs/food-delivery/punta-cana-dominican-restaurant-oceanside/5K5ohQ2KRW2IDu1gQwEhlw,far-rockaway-new-york
https://www.ubereats.com/nyc-suburbs/food-delivery/ritas-italian-ice-lawrence/4L12scukRdaNwCouh0sJnw,far-rockaway-new-york
https://www.ubereats.com/nyc-suburbs/food-delivery/sushi-pie/zr5LJGxpS-CGHwO36UILFg,far-rockaway-new-york
https://www.ubereats.com/nyc-suburbs/food-delivery/lucky-star-chinese-foods-%26-catering/EiGhr9ZST2O3AUPI-s57hA,far-rockaway-new-york
https://www.ubereats.com/nyc-suburbs/food-delivery/the-cajun-bucket/BjF9PmNgQ0ajRGEIc5vzTw,far-rockaway-new-york
https://www.ubereats.com/nyc-suburbs/food-delivery/portillos-deli/MLom6TdeSM-9lDvvZwb4-Q,far-rockaway-new-york
https://www.ubereats.com/new-york/food-delivery/dunns-river-lounge/TZR0Dm5qQ5a1oYz1bC_OHw,far-rockaway-new-york
https://www.ubereats.com/new-york/food-delivery/meisners-delicatessen/2JVl59M3QEOTIG-uiO6nqw,far-rockaway-new-york
https://www.ubereats.com/new-york/food-delivery/china-gourmet-%E8%8F%AF%E7%9B%9B/loXjIPFBSSmKGXF7lPyo9g,far-rockaway-new-york
https://www.ubereats.com/nyc-suburbs/food-delivery/jerusalem-pizza-jii-pizza/SegGOhyHRWCAal5H8WsGmA,far-rockaway-new-york
https://www.ubereats.com/nyc-suburbs/food-delivery/ginos-pizza/KwsK_-AeTrGnnbyvkjKgIA,far-rockaway-new-york
https://www.ubereats.com/nyc-suburbs/food-delivery/wendys-125-147th-ave/_kLik5VQQ7SZRVeeGFIjZg,far-rockaway-new-york
https://www.ubereats.com/nyc-suburbs/food-delivery/schnitz-and-gigglez/84_Axyf1RaCWkA1Aq-mCEw,far-rockaway-new-york
https://www.ubereats.com/nyc-suburbs/food-delivery/asahi-hibachi-sushi/8g2oopEETKeRDFuOcqlM1g,far-rockaway-new-york
https://www.ubereats.com/nyc-suburbs/food-delivery/the-cafe/zxskkoovSNOAOT12a_WLXA,far-rockaway-new-york
https://www.ubereats.com/nyc-suburbs/food-delivery/pretty-tonis-cafe/sge9uSZvSlubZvCk8yX-IA,far-rockaway-new-york
https://www.ubereats.com/nyc-suburbs/food-delivery/five-fifty/iDOWP47NSYSroaQJx1XEPg,far-rockaway-new-york
https://www.ubereats.com/nyc-suburbs/food-delivery/kenji-sushi/72pHyxggSMK6xOoUGGG3xA,far-rockaway-new-york
https://www.ubereats.com/new-york/food-delivery/petencito-latin-grill-inc/ko_YMiPbSGOQGGrTcDKwgw,far-rockaway-new-york
https://www.ubereats.com/nyc-suburbs/food-delivery/china-dragon-kitchen/b6SOyZc0SWCsstwyvl_d4g,far-rockaway-new-york
https://www.ubereats.com/nyc-suburbs/food-delivery/philly-mob-burgers/7PTIN1hKSTyZBne_Q5Gb1A,far-rockaway-new-york
https://www.ubereats.com/nyc-suburbs/food-delivery/crawfords-coffee-bar-%26-cafe/RAh_IdyoQ7iUOYwCo_M5wA,far-rockaway-new-york
https://www.ubereats.com/nyc-suburbs/food-delivery/sweet-heaven-espresso/QfpqXCivQP2pOIlbpWpstQ,far-rockaway-new-york
https://www.ubereats.com/nyc-suburbs/food-delivery/subway-571-burnside-ave/w4tU_4xuRIS5Ncimwxlt0w,far-rockaway-new-york
https://www.ubereats.com/new-york/food-delivery/island-fusion-foods/nCbEShPmRKytwwEhbo_fbg,far-rockaway-new-york
https://www.ubereats.com/new-york/food-delivery/sherry-blossom/2y4JNCXhTqKwv74GxhR_0w,far-rockaway-new-york
https://www.ubereats.com/nyc-suburbs/food-delivery/sams-steak-and-grill/v8TtnsClSO-IihRfophX7Q,far-rockaway-new-york
https://www.ubereats.com/nyc-suburbs/food-delivery/kfc-taco-bell-long-beach-555-long-beach-blvd/-32TCoYOQfK3i5a92nmX5Q,far-rockaway-new-york
https://www.ubereats.com/nyc-suburbs/food-delivery/marios-pizza/X1D2aTk_TXS3JYPxfwt0vA,far-rockaway-new-york
https://www.ubereats.com/nyc-suburbs/food-delivery/dawat-e-khas/2MqAgGxsSSiipVpbMgzOdQ,far-rockaway-new-york
https://www.ubereats.com/nyc-suburbs/food-delivery/giant-kosher-bagel/v4EbVoEvQa-bRQ_axFMXqg,far-rockaway-new-york
https://www.ubereats.com/nyc-suburbs/food-delivery/geffen-gourmet/LkINhGgtTLeZ6cI1OoocUQ,far-rockaway-new-york
https://www.ubereats.com/nyc-suburbs/food-delivery/red-lobster-606-west-sunrise-hwy/XtoLAGY7TOSfy75g8ULChQ,far-rockaway-new-york
https://www.ubereats.com/nyc-suburbs/food-delivery/central-perk-cafe/mG-20z_cSUmekxVB-O-8gA,far-rockaway-new-york
https://www.ubereats.com/nyc-suburbs/food-delivery/west-wing-restaurant/fiSrJIdcSOyWKKOJInLnvg,far-rockaway-new-york
https://www.ubereats.com/nyc-suburbs/food-delivery/little-sugar-shop/jEXurrwSRtG8IJUJ7hdu-w,far-rockaway-new-york
https://www.ubereats.com/nyc-suburbs/food-delivery/bagel-house/2hT-8NVgQnOWtqsSB7kMDQ,far-rockaway-new-york
https://www.ubereats.com/nyc-suburbs/food-delivery/mcdonalds-rockville-centre-sunrise-hwy/-cCzxkt1QFuC7dyZCBBr4Q,far-rockaway-new-york
https://www.ubereats.com/nyc-suburbs/food-delivery/brasas-peru/IgFnPCwlTFqU7DDG_cqcIQ,far-rockaway-new-york
https://www.ubereats.com/nyc-suburbs/food-delivery/health-%26-wealth/cB7cMcTTTgS6DKSTdcfm5A,far-rockaway-new-york
https://www.ubereats.com/new-york/food-delivery/punta-cana-dominican-restaurant-oceanside/5K5ohQ2KRW2IDu1gQwEhlw,far-rockaway-new-york
https://www.ubereats.com/nyc-suburbs/food-delivery/brasserie-persil/leI7ujCvTSi93ADjvDu5Bw,far-rockaway-new-york
https://www.ubereats.com/nyc-suburbs/food-delivery/ill-villagio/vufFWc5QSFy1zzBxe3WyHw,far-rockaway-new-york
https://www.ubereats.com/nyc-suburbs/food-delivery/burger-king-3190-long-beach-road/TuDrQJzrRbujhKPuaRQXMA,far-rockaway-new-york
https://www.ubereats.com/nyc-suburbs/food-delivery/king-wok/xoMxqGzHRg-h_i1v_uKfgQ,far-rockaway-new-york
https://www.ubereats.com/nyc-suburbs/food-delivery/panera-345-rockaway-turnpike/qL9TzsYZTa2VwGSrMMgP7w,far-rockaway-new-york
https://www.ubereats.com/nyc-suburbs/food-delivery/punta-cana-grill-rockville-centre/0oKj3tuDTFy1Xx8tu6r5Og,far-rockaway-new-york
https://www.ubereats.com/nyc-suburbs/food-delivery/wing-station/QNvN1v9HSq-KCT9Oz5l0aw,far-rockaway-new-york
https://www.ubereats.com/nyc-suburbs/food-delivery/lena-dominican-restaurant-elmont/pqRUW_BzRNygx4Niw0qn5g,far-rockaway-new-york
https://www.ubereats.com/nyc-suburbs/food-delivery/dredsurfer-far-rockaway/eu-XTXh0R3uV-f-a-Z4EZg,far-rockaway-new-york
https://www.ubereats.com/nyc-suburbs/food-delivery/lolli-bop/LcP9Es71RxG7jGg06zedxA,far-rockaway-new-york
https://www.ubereats.com/nyc-suburbs/food-delivery/big-tree/Utp_OYHhQraQaTRTqmV3dQ,far-rockaway-new-york
https://www.ubereats.com/nyc-suburbs/food-delivery/greek-xpress-east-rockaway/_Q_C0WstTqenDzD4mtChNw,far-rockaway-new-york
https://www.ubereats.com/nyc-suburbs/food-delivery/the-sherwood-diner/R7vZO5NARvGgCsDWFnX13w,far-rockaway-new-york
https://www.ubereats.com/nyc-suburbs/food-delivery/jade-palace-chinese-restaurant/7KxJjeUtSYuJsMAzeoQmUA,far-rockaway-new-york
https://www.ubereats.com/nyc-suburbs/food-delivery/kaiseki-japanese-cuisine/BZwqASuGTTyxM9duk5CxOA,far-rockaway-new-york
https://www.ubereats.com/new-york/food-delivery/tropical-%235/1j3Bvu58QRGQggxMgD0_4Q,far-rockaway-new-york
https://www.ubereats.com/nyc-suburbs/food-delivery/halal-bros-grill/rvNnRz1hQGGQUhuHwp4KWg,far-rockaway-new-york
https://www.ubereats.com/nyc-suburbs/food-delivery/prime-bistro/asmrxXBdQjm_QhZQXrFFhA,far-rockaway-new-york
https://www.ubereats.com/nyc-suburbs/food-delivery/china-buffet-king/fMATYl-fQnmblZbNThG5Dw,far-rockaway-new-york
https://www.ubereats.com/nyc-suburbs/food-delivery/golden-punjab/Lgu6pm-CRE6h_Hbo7HpY3A,far-rockaway-new-york
https://www.ubereats.com/nyc-suburbs/food-delivery/juicy-crab/MSxlNH4HQF6Bld-dcdbJnw,far-rockaway-new-york
https://www.ubereats.com/nyc-suburbs/food-delivery/social-corner-rosedale/_Q5lOGqjS5iJ1Xje_usL-w,far-rockaway-new-york
https://www.ubereats.com/nyc-suburbs/food-delivery/gnm-deli-and-groceries/OsMkBDE4SaGAUblbUUfccA,far-rockaway-new-york
https://www.ubereats.com/new-york/food-delivery/bar-got-juice/RdjvZZKiQeORmUz1ppwzAQ,far-rockaway-new-york
https://www.ubereats.com/nyc-suburbs/food-delivery/marios-pizza-chicken-%26-grill/ZC6dLpDmQcuqxQeJ6fg19Q,far-rockaway-new-york
https://www.ubereats.com/nyc-suburbs/food-delivery/subway-204-w-merrick-rd/IoeU5OYlRP6WXEUTCiK7cQ,far-rockaway-new-york
https://www.ubereats.com/nyc-suburbs/food-delivery/the-cabana/M_0Kp8XJTIW0vTucBg_vqQ,far-rockaway-new-york
https://www.ubereats.com/nyc-suburbs/food-delivery/tazzetto/g5Re5i5LQFOXGqhYNcT_0Q,far-rockaway-new-york
https://www.ubereats.com/nyc-suburbs/food-delivery/mamas-cooking/rSixWbEvS02-SU7c1T8MHg,far-rockaway-new-york
https://www.ubereats.com/new-york/food-delivery/island-taste-restaurant-and-lounge/Ud2HML6EStSQpFYjyQmicA,far-rockaway-new-york
https://www.ubereats.com/nyc-suburbs/food-delivery/exhibit-thai-eatery/kMFqnhM7TuCUhMZsDDldgA,far-rockaway-new-york
https://www.ubereats.com/new-york/food-delivery/new-hong-kong-restaurant/SpNgHH5GTSqh1ymj8VPtwQ,far-rockaway-new-york
https://www.ubereats.com/new-york/food-delivery/reggae-taste/BGA0neQCSsOTD9e8yr1IJg,far-rockaway-new-york
https://www.ubereats.com/nyc-suburbs/food-delivery/mcdonalds-far-rockaway/UIfdTB4dQEqkEiMWzejC2g,far-rockaway-new-york
https://www.ubereats.com/nyc-suburbs/food-delivery/cinnabon-1122-green-acres-mall-%2371/jpF3B_5fQuKCL5eiMCuBbg,far-rockaway-new-york
https://www.ubereats.com/new-york/food-delivery/exhibit-thai-eatery/kMFqnhM7TuCUhMZsDDldgA,far-rockaway-new-york
https://www.ubereats.com/new-york/food-delivery/china-dragon-kitchen/b6SOyZc0SWCsstwyvl_d4g,far-rockaway-new-york
https://www.ubereats.com/nyc-suburbs/food-delivery/color-of-spices-rockville-centre/NsPEloC4TKuUOp4Cj6W6cg,far-rockaway-new-york
https://www.ubereats.com/new-york/food-delivery/the-cabana/M_0Kp8XJTIW0vTucBg_vqQ,far-rockaway-new-york
https://www.ubereats.com/nyc-suburbs/food-delivery/hermans-deli/FObE8QkFSEWaXOulX7kZsA,far-rockaway-new-york
https://www.ubereats.com/nyc-suburbs/food-delivery/petes-pitaria/0YtoRnlITRmsWYkA47EKWg,far-rockaway-new-york
https://www.ubereats.com/new-york/food-delivery/riveras-cafe-and-restaurant/l6mUbKuFQxmzcsv77JJriA,far-rockaway-new-york
https://www.ubereats.com/nyc-suburbs/food-delivery/boston-market-343-rockaway-turnpike/SPXW8mr-QYyYJ55tvNvY_w,far-rockaway-new-york
https://www.ubereats.com/nyc-suburbs/food-delivery/1436-shan-deli-%26-grill/cbqj8ei4Tu2vUX2ZmzNAHA,far-rockaway-new-york
https://www.ubereats.com/new-york/food-delivery/beach-bagel-and-deli/_OyIFYroSYmDbdYf8E_wSw,far-rockaway-new-york
https://www.ubereats.com/nyc-suburbs/food-delivery/starbucks-long-beach/pffcUb_tRZSPANIFacMcHw,far-rockaway-new-york
https://www.ubereats.com/nyc-suburbs/food-delivery/the-flour-shoppe-cafe/1dBG19WAT4CPEb_-6G76fQ,far-rockaway-new-york
https://www.ubereats.com/nyc-suburbs/food-delivery/pizzaiola/hdws1sudTW2YxovQP39SRQ,far-rockaway-new-york
https://www.ubereats.com/nyc-suburbs/food-delivery/corazon-de-cuba-taqueria/qM4zOeqHQ82DePECgy09lQ,far-rockaway-new-york
https://www.ubereats.com/nyc-suburbs/food-delivery/peppa-pot/pC9Nin0WQ_GPd2fsBDgbWQ,far-rockaway-new-york
https://www.ubereats.com/nyc-suburbs/food-delivery/hbg-rosedale/sZQAa0-PQ7auK7LtaoLg6A,far-rockaway-new-york
https://www.ubereats.com/nyc-suburbs/food-delivery/top-tortillas/uUqoRkR6TFq-CMPtYk9cEQ,far-rockaway-new-york
https://www.ubereats.com/nyc-suburbs/food-delivery/great-dragon/c6sYKg3zR3qFxdZyyf2FuQ,far-rockaway-new-york
https://www.ubereats.com/nyc-suburbs/food-delivery/spring-garden/l8qYcC-sTZWris-6OluSVQ,far-rockaway-new-york
https://www.ubereats.com/nyc-suburbs/food-delivery/egp-oceanside/ZBr6aMOmSjSgePYVwVQvMg,far-rockaway-new-york
https://www.ubereats.com/nyc-suburbs/food-delivery/mcdonalds-queens-linden-blvd/uUxgkKkxQkKglkvy32zdZw,far-rockaway-new-york
https://www.ubereats.com/new-york/food-delivery/central-perk-cafe/mG-20z_cSUmekxVB-O-8gA,far-rockaway-new-york
https://www.ubereats.com/nyc-suburbs/food-delivery/haagen-dazs-2034-green-acres-road-south/R0Hd3yAsTAuzHguBWDsrQw,far-rockaway-new-york
https://www.ubereats.com/nyc-suburbs/food-delivery/carvel-131-18-merrick-blvd/n130jOXoTVu4ZejSibs1Kg,far-rockaway-new-york
https://www.ubereats.com/nyc-suburbs/food-delivery/island-fusion-foods/nCbEShPmRKytwwEhbo_fbg,far-rockaway-new-york
https://www.ubereats.com/new-york/food-delivery/taqueria-w-beech-st/RgLPtzd9RYeTRvqUltgyPA,far-rockaway-new-york
https://www.ubereats.com/new-york/food-delivery/bagel-cafe-maru/QBcFPFVYTQueA0siZR7Mhg,far-rockaway-new-york
https://www.ubereats.com/nyc-suburbs/food-delivery/the-lavish-venue-restaurant-%26-bar/eGfPIheSTPeKhU1SCUitzA,far-rockaway-new-york
https://www.ubereats.com/nyc-suburbs/food-delivery/mammagina/eNOIvOhfQWSsmse5M-tm0w,far-rockaway-new-york
https://www.ubereats.com/nyc-suburbs/food-delivery/dunns-river-lounge/TZR0Dm5qQ5a1oYz1bC_OHw,far-rockaway-new-york
https://www.ubereats.com/nyc-suburbs/food-delivery/dunkin-5914-beach-channel-dr/25VIQKnpTxWyaCvrhQdEpg,far-rockaway-new-york
https://www.ubereats.com/new-york/food-delivery/bagelo/0qJhSMTuRHyVL1mzSsf5Zw,far-rockaway-new-york
https://www.ubereats.com/nyc-suburbs/food-delivery/bagels-express/HUHrlUZ0Rfe2n1v59HSRsA,far-rockaway-new-york
https://www.ubereats.com/nyc-suburbs/food-delivery/soul-exchange-bistro-%26-wine-bar/QEPLMknXTFm2ZVhnXv4Dkg,far-rockaway-new-york
https://www.ubereats.com/nyc-suburbs/food-delivery/dawat-e-khaas-restaurant/6tvC8SwDS-mmdJvtMs5Mrg,far-rockaway-new-york
https://www.ubereats.com/nyc-suburbs/food-delivery/burger-king-2-east-park-avenue/T2LB2DBoQDGzTU-nl4Xx8w,far-rockaway-new-york
https://www.ubereats.com/nyc-suburbs/food-delivery/center-health-%26-nutrition/f5Y1oTaYSlmhpY7I043UmQ,far-rockaway-new-york
https://www.ubereats.com/nyc-suburbs/food-delivery/the-wild-feast-cafe/UksHxgqMQ9y0lnce2djQjg,far-rockaway-new-york
https://www.ubereats.com/nyc-suburbs/food-delivery/frozen-cow-ices-%26-cream/PjfnP4hGS2ulofCllIVUnA,far-rockaway-new-york
https://www.ubereats.com/nyc-suburbs/food-delivery/cafe-chocolat/E16QwaFHSquDtMedFX2edA,far-rockaway-new-york
https://www.ubereats.com/new-york/food-delivery/sushi-pie/zr5LJGxpS-CGHwO36UILFg,far-rockaway-new-york
https://www.ubereats.com/nyc-suburbs/food-delivery/famous-rotisserie-and-grill/tJIpd_xcSiqVXbHi3s4xRw,far-rockaway-new-york
https://www.ubereats.com/nyc-suburbs/food-delivery/wings-n-things/l1A_joF4QJCmb0hWkeTXBw,far-rockaway-new-york
https://www.ubereats.com/nyc-suburbs/food-delivery/habanero-mexican-grill/GIqweldkR9eFQm3a82RPxQ,far-rockaway-new-york
https://www.ubereats.com/new-york/food-delivery/pollo-campero-lawrence-rockaway-turnpik/6_N4tC_PQl6ywNo24EfppQ,far-rockaway-new-york
https://www.ubereats.com/nyc-suburbs/food-delivery/subway-18-07-mott-ave/TLJ2oPfiRK2RrNda008mzw,far-rockaway-new-york
https://www.ubereats.com/nyc-suburbs/food-delivery/ah-sah-ee-central/qsB6l2KdSi2gUegd9iH5Wg,far-rockaway-new-york
https://www.ubereats.com/nyc-suburbs/food-delivery/burger-king-181-west-merrick-road/Ca64VWlDSpi9-lHa2-ZCKQ,far-rockaway-new-york
https://www.ubereats.com/nyc-suburbs/food-delivery/fredericks-soul-hole/jIbDXh56Qu24AbZ9S0SBlw,far-rockaway-new-york
https://www.ubereats.com/new-york/food-delivery/hermans-deli/FObE8QkFSEWaXOulX7kZsA,far-rockaway-new-york
https://www.ubereats.com/new-york/food-delivery/wok-tov/8wIILz1qR3mQQCLc96VonA,far-rockaway-new-york
https://www.ubereats.com/new-york/food-delivery/yumze-food-inc/mjIKJgXNQZKPyGFIroJddg,far-rockaway-new-york
https://www.ubereats.com/new-york/food-delivery/tandoor-grill-long-beach/zbwxkEcdR1Kbm-dSKvPlmw,far-rockaway-new-york
https://www.ubereats.com/new-york/food-delivery/biryani-house-valley-stream/r2kk4I_KTcKe2w40myDAzg,far-rockaway-new-york
https://www.ubereats.com/nyc-suburbs/food-delivery/burrito-monster/ifBH-DmtQG2WQHwRvrVEcQ,far-rockaway-new-york
https://www.ubereats.com/nyc-suburbs/food-delivery/taco-bell-13-05-beach-channel-drive/YlcDXWIlTpq60r7QgYNu_w,far-rockaway-new-york
https://www.ubereats.com/new-york/food-delivery/forever-jerk/Ish_93JbS-mL-GuQMz7CbA,far-rockaway-new-york
https://www.ubereats.com/nyc-suburbs/food-delivery/the-cheese-store/7aRxi_T6TI2QeQBiB-_BIw,far-rockaway-new-york
https://www.ubereats.com/nyc-suburbs/food-delivery/mcdonalds-oceanside-atlantic-ave/GL9YaYuVQFelPDAiAzk_ag,far-rockaway-new-york
https://www.ubereats.com/new-york/food-delivery/thai-chic-bistro/m8IF2GgBS4uAJ3uS-FEDQw,far-rockaway-new-york
https://www.ubereats.com/nyc-suburbs/food-delivery/carvel-975-west-beech-street/o4DKSu1NTMC-nYV4hry01Q,far-rockaway-new-york
https://www.ubereats.com/nyc-suburbs/food-delivery/cakes%26crumbs-bakery/jJXTnZgrRCiUU28GFd9qCQ,far-rockaway-new-york
https://www.ubereats.com/new-york/food-delivery/lena-dominican-restaurant-elmont/pqRUW_BzRNygx4Niw0qn5g,far-rockaway-new-york
https://www.ubereats.com/nyc-suburbs/food-delivery/prince-umberto/aqMjcCKIQ-WTPuvyO0kkLA,far-rockaway-new-york
https://www.ubereats.com/nyc-suburbs/food-delivery/burger-king-665-rockaway-turnpike/y_jijhAOSZOUo5ZZxwdhZg,far-rockaway-new-york
https://www.ubereats.com/new-york/food-delivery/china-king-chinese-restaurant/4wu15raGRnaNEo2iq7IFlQ,far-rockaway-new-york
https://www.ubereats.com/nyc-suburbs/food-delivery/pizza-palace/E3WaDjVyT0aFuj9gQ0d1Ig,far-rockaway-new-york
https://www.ubereats.com/new-york/food-delivery/beginnings-atlantic-beach/LRRXjk5pQLizlg2q9q6GWA,far-rockaway-new-york
https://www.ubereats.com/nyc-suburbs/food-delivery/brooklyn-wing-house-cambria-heights/dbv2gkokR0K2tx6Y242sQw,far-rockaway-new-york
https://www.ubereats.com/nyc-suburbs/food-delivery/buona-pizza-restaurant/yQmrbzpvQ5SbNP5XhkuWnw,far-rockaway-new-york
https://www.ubereats.com/nyc-suburbs/food-delivery/carvel-436-atlantic-avenue/du0TbxdRS7OyRYJKZGMSHw,far-rockaway-new-york
https://www.ubereats.com/nyc-suburbs/food-delivery/abbracciamento/SxlwopCeS2u0JELWnMHD7Q,far-rockaway-new-york
https://www.ubereats.com/new-york/food-delivery/k%26k-bakerllc/_ShURnk8T2S2O3ZaH-hvrA,far-rockaway-new-york
https://www.ubereats.com/nyc-suburbs/food-delivery/ralphs-italian-ices-of-island-park/lY59a72HRpmyc28bloxvKA,far-rockaway-new-york
https://www.ubereats.com/nyc-suburbs/food-delivery/sobol-long-beach/xJQmuHR7TZiM_e2ZYBVavg,far-rockaway-new-york
https://www.ubereats.com/nyc-suburbs/food-delivery/sunflower-cafe/tx_4xkDQQNOoU80botxQuQ,far-rockaway-new-york
https://www.ubereats.com/nyc-suburbs/food-delivery/holy-schnitzel-cedarhurst/WFiw36T9ST6Ku_V1ZBZPDw,far-rockaway-new-york
https://www.ubereats.com/nyc-suburbs/food-delivery/salsa-mexicana/ssYKTbhvQf68XUES98SjpQ,far-rockaway-new-york
https://www.ubereats.com/nyc-suburbs/food-delivery/kfc-rochdale/iFK4eMMcS9SqdpEaSuGniw,far-rockaway-new-york
https://www.ubereats.com/nyc-suburbs/food-delivery/smoke-bbq-pit/hYXNZ69JSDepxVfKBinhzQ,far-rockaway-new-york
https://www.ubereats.com/nyc-suburbs/food-delivery/miss-violets/3wOD1D5oR5Kic4GUYobPLA,far-rockaway-new-york
https://www.ubereats.com/nyc-suburbs/food-delivery/k%26k-bakerllc/_ShURnk8T2S2O3ZaH-hvrA,far-rockaway-new-york
https://www.ubereats.com/nyc-suburbs/food-delivery/foo-an-kitchen/2zVWL8sLQbapAs3Yfa5B3A,far-rockaway-new-york
https://www.ubereats.com/nyc-suburbs/food-delivery/papa-johns-pizza-%232966/0Dy63K7VQhuMRJ4kxp_Tmg,far-rockaway-new-york
https://www.ubereats.com/nyc-suburbs/food-delivery/ny-fried-chicken/P-wf-kpOQC6qzIZV_ndBaQ,far-rockaway-new-york
https://www.ubereats.com/nyc-suburbs/food-delivery/auntie-annes-1129-green-acres-mall-space-%23k01/RMgVg3GeSS-rXXlg2PCe8A,far-rockaway-new-york
https://www.ubereats.com/nyc-suburbs/food-delivery/acai-beach-bowls/GA9hcNQFSlmHgVIoXa-uLw,far-rockaway-new-york
https://www.ubereats.com/nyc-suburbs/food-delivery/panchos-cantina/IiodIEZ8SPOQzIVnOSgb3g,far-rockaway-new-york
https://www.ubereats.com/nyc-suburbs/food-delivery/danny-macs-pizza-cove/HPKYQRdeQfecdFHrO1kvZw,far-rockaway-new-york
https://www.ubereats.com/nyc-suburbs/food-delivery/ahuvas-grill-express/6cZos4NrQmatIcNh74tOBQ,far-rockaway-new-york
https://www.ubereats.com/nyc-suburbs/food-delivery/mcdonalds-west-hempstead-856-hempstead-ave/NVd7okAUQsu0RS4q9I1D5Q,far-rockaway-new-york
https://www.ubereats.com/nyc-suburbs/food-delivery/charleys-philly-steaks-2044-green-acres-mall/ANY2hLStRhW6yQfdjW1_NQ,far-rockaway-new-york
https://www.ubereats.com/nyc-suburbs/food-delivery/puerta-mexicana/jXehrC3DT1WePNH8SfrEuw,far-rockaway-new-york
https://www.ubereats.com/nyc-suburbs/food-delivery/vibe-2/MsUMgskyQx2dcf3haHgN7w,far-rockaway-new-york
https://www.ubereats.com/nyc-suburbs/food-delivery/shogun-hibachi-asian-cusine/CKu1ey48Qoa6_Rmy4rZwcA,far-rockaway-new-york
https://www.ubereats.com/nyc-suburbs/food-delivery/dunkin-239-beach-20th-st/S7DfMANfR8Gy9ggGYjCgOg,far-rockaway-new-york
https://www.ubereats.com/new-york/food-delivery/sobol-long-beach/xJQmuHR7TZiM_e2ZYBVavg,far-rockaway-new-york
https://www.ubereats.com/nyc-suburbs/food-delivery/pickles-and-pies/itS-tKxnTNOJB88SDyJVeQ,far-rockaway-new-york
https://www.ubereats.com/nyc-suburbs/food-delivery/creole-plate/GxLuXpEnSVebYIGYKYsIMA,far-rockaway-new-york
https://www.ubereats.com/nyc-suburbs/food-delivery/sandz-bar-%26-grill/uIk78bgQTFOl9aRKbUWG6w,far-rockaway-new-york
https://www.ubereats.com/nyc-suburbs/food-delivery/bagel-boss-hewlett/DrC3zjBXRqa_1jP3rpRrKw,far-rockaway-new-york
https://www.ubereats.com/nyc-suburbs/food-delivery/dunkin-6820-rockaway-beach-blvd/9wDOEiNqSRSIn_upgZRvkA,far-rockaway-new-york
https://www.ubereats.com/nyc-suburbs/food-delivery/214-applebees-woodmere/s87h9k71RZaTtQTUOxZlzA,far-rockaway-new-york
https://www.ubereats.com/new-york/food-delivery/margaritas-cafe-long-beach/SYRKvVr8QLKpCtkNbOXvzQ,far-rockaway-new-york
https://www.ubereats.com/nyc-suburbs/food-delivery/asian-wok/mCCzvdYHT_y7QZteALXZTA,far-rockaway-new-york
https://www.ubereats.com/nyc-suburbs/food-delivery/margaritas-cafe-long-beach/SYRKvVr8QLKpCtkNbOXvzQ,far-rockaway-new-york
https://www.ubereats.com/nyc-suburbs/food-delivery/china-gourmet-%E8%8F%AF%E7%9B%9B/loXjIPFBSSmKGXF7lPyo9g,far-rockaway-new-york
https://www.ubereats.com/new-york/food-delivery/ah-sah-ee-central/qsB6l2KdSi2gUegd9iH5Wg,far-rockaway-new-york
https://www.ubereats.com/nyc-suburbs/food-delivery/truffle-restaurant-%26-bar/lBCKlaqvSE6tIVK9-ItCig,far-rockaway-new-york
https://www.ubereats.com/new-york/food-delivery/henricas-restaurant/dD0cnrf2QqaG3HO2myuDbw,far-rockaway-new-york
https://www.ubereats.com/nyc-suburbs/food-delivery/trident-seafood-grill/5I8c_9XRRcysfyJjHRV9Hg,far-rockaway-new-york
https://www.ubereats.com/nyc-suburbs/food-delivery/tgi-fridays-529-valley-stream-ny/Gb4xb4WwQBy1nwT_WDSpOA,far-rockaway-new-york
https://www.ubereats.com/nyc-suburbs/food-delivery/subway-233-beach-20th-st/-Sa3hofxSIOWlycC2Rodnw,far-rockaway-new-york
https://www.ubereats.com/nyc-suburbs/food-delivery/meta-osteria/1hIyslGJT7iRzbMh6aAmlg,far-rockaway-new-york
https://www.ubereats.com/nyc-suburbs/food-delivery/kennedy-fried-chicken-rosedale/7_m32L-tSumfeZs07CfAaw,far-rockaway-new-york
https://www.ubereats.com/nyc-suburbs/food-delivery/central-sushi-by-wok-tov/-ug_iavFSSmyynBsNNGPdg,far-rockaway-new-york
https://www.ubereats.com/nyc-suburbs/food-delivery/the-cradle-nyc/8mizYhNJQf6R19XEE0wrNA,far-rockaway-new-york
https://www.ubereats.com/nyc-suburbs/food-delivery/tangs-garden/HriM55K4TC-JXt11EJK4Xw,far-rockaway-new-york
https://www.ubereats.com/nyc-suburbs/food-delivery/the-willow-cafe/ufyAbKWzThqt_aslTD8FTQ,far-rockaway-new-york
https://www.ubereats.com/nyc-suburbs/food-delivery/burger-king-440-mill-rd/33qiaGT9RxuQlHO80-vzSQ,far-rockaway-new-york
https://www.ubereats.com/nyc-suburbs/food-delivery/the-sandwich-spot/jN_7Do7XQSaM-Z7C0G9fTg,far-rockaway-new-york
https://www.ubereats.com/nyc-suburbs/food-delivery/dickeys-barbecue-pit/_unocmvcQBWEQh-Wi2svUw,far-rockaway-new-york
https://www.ubereats.com/nyc-suburbs/food-delivery/parlay-gastropub/tSfGtJpERjGc1WIQuMQLkg,far-rockaway-new-york
https://www.ubereats.com/nyc-suburbs/food-delivery/starbucks-rockaway-tpke-cedarhurst/nuV5vYGXQLW65D1ld48oHA,far-rockaway-new-york
https://www.ubereats.com/nyc-suburbs/food-delivery/all-american-bagel-%26-barista-ii/mS-Lf5DnSMGgkz1igsTJEA,far-rockaway-new-york
https://www.ubereats.com/nyc-suburbs/food-delivery/simply-sushi-woodmere/mDFX4zXdT_G78nnNxRJcZw,far-rockaway-new-york
https://www.ubereats.com/new-york/food-delivery/corazon-de-cuba-taqueria/qM4zOeqHQ82DePECgy09lQ,far-rockaway-new-york
https://www.ubereats.com/nyc-suburbs/food-delivery/hewlett-station-yogurt/eqAOhU5qQqyXuWGyha7ADA,far-rockaway-new-york
https://www.ubereats.com/nyc-suburbs/food-delivery/stop-poke-%26-roll/_OWfJQe6RZKvDZwN3zkvKg,far-rockaway-new-york
https://www.ubereats.com/nyc-suburbs/food-delivery/island-bagel-bar/wjzDU_vJTLWgVbksx3Bfig,far-rockaway-new-york
https://www.ubereats.com/nyc-suburbs/food-delivery/springfield-136-deli-%26-grocery-inc/fwMbw6AKSU2TtFYgELbtcQ,far-rockaway-new-york
https://www.ubereats.com/nyc-suburbs/food-delivery/bagel-cafe-maru/QBcFPFVYTQueA0siZR7Mhg,far-rockaway-new-york
https://www.ubereats.com/new-york/food-delivery/m%26r-firefest/pEg-W593Tw6tvFK1lGekeQ,far-rockaway-new-york
https://www.ubereats.com/nyc-suburbs/food-delivery/bareburger-235-merrick-rd/pGiq_ngXRWyeBEEGc_OiYA,far-rockaway-new-york
https://www.ubereats.com/nyc-suburbs/food-delivery/bagelo/0qJhSMTuRHyVL1mzSsf5Zw,far-rockaway-new-york
https://www.ubereats.com/nyc-suburbs/food-delivery/seagirt-market-%26-deli/o1R1hSHdRBSi7beu_AadoQ,far-rockaway-new-york
https://www.ubereats.com/nyc-suburbs/food-delivery/fialkoffs-pizza-lawrence/jf4-xlsHQz2WX9FXSkMFtA,far-rockaway-new-york
https://www.ubereats.com/new-york/food-delivery/the-willow-cafe/ufyAbKWzThqt_aslTD8FTQ,far-rockaway-new-york
https://www.ubereats.com/nyc-suburbs/food-delivery/dunkin-14601-rockaway-blvd/Rk6bcNN9RjOdswR7AIHa_Q,far-rockaway-new-york
https://www.ubereats.com/nyc-suburbs/food-delivery/five-guys-ny-0373-2-4-w-park-ave/CD141kldRIiiJ6yNs1FYlw,far-rockaway-new-york
https://www.ubereats.com/nyc-suburbs/food-delivery/egp-land-and-sea/iM8yAhsyTdKaBFDzU222CA,far-rockaway-new-york
https://www.ubereats.com/new-york/food-delivery/center-health-%26-nutrition/f5Y1oTaYSlmhpY7I043UmQ,far-rockaway-new-york
https://www.ubereats.com/nyc-suburbs/food-delivery/mikado-sushi-restaurant/pBUM2mgsSuGiCZvXS9O_Lg,far-rockaway-new-york
