url,city
https://www.ubereats.com/connecticut/food-delivery/friendlys-497-farmington-ave/7LPU-gl_SqGEz01PPIknIQ,farmington-connecticut
https://www.ubereats.com/connecticut/food-delivery/subway-450-new-park-ave/8xf-GWzUQSyrT7pkp8fiSw,farmington-connecticut
https://www.ubereats.com/connecticut/food-delivery/artisan-restaurant-west-hartford/E4V0yLjfSH69XUEogVgezQ,farmington-connecticut
https://www.ubereats.com/connecticut/food-delivery/chipotle-mexican-grill-140-glastonbury-blvd-ste-4/3-plBM3yShGMQv5sIgBECA,farmington-connecticut
https://www.ubereats.com/connecticut/food-delivery/elmers-place/fU_MQzMmRUeleE0r0Iq0PA,farmington-connecticut
https://www.ubereats.com/connecticut/food-delivery/taco-bell-18-wilbur-cross-hwy/t5970YY8SIeLax6k91p7GQ,farmington-connecticut
https://www.ubereats.com/connecticut/food-delivery/starbucks-hartford-hospital/GcVcPwiwTjGQxtQKbCe2bg,farmington-connecticut
https://www.ubereats.com/connecticut/food-delivery/freshii-hartford/nXg-5T1tQw-6G5Ja46Ki4w,farmington-connecticut
https://www.ubereats.com/connecticut/food-delivery/procaccinis-italian-family-restaurant/M-rfyt1sTq-RiGBxPQsbxQ,farmington-connecticut
https://www.ubereats.com/connecticut/food-delivery/mi-sabor-restaurant/G1-FZk1rQq-aYtW2wdNMZg,farmington-connecticut
https://www.ubereats.com/connecticut/food-delivery/brizo/gUlwJxVwR0O4zzuyokWgDg,farmington-connecticut
https://www.ubereats.com/connecticut/food-delivery/donut-crazy-west-hartford/509u5cTlQzyWHSzT7xxR9g,farmington-connecticut
https://www.ubereats.com/connecticut/food-delivery/shish-kebab-house-of-afghanistan/WhvSmutLRwKd8uvfWRSxUw,farmington-connecticut
https://www.ubereats.com/connecticut/food-delivery/island-fish-head-jamaican-restaurant/Hi7GYof2To-otCaqh60L6Q,farmington-connecticut
https://www.ubereats.com/connecticut/food-delivery/pokeworks-west-hartford/G0I4_Zx1RUmGgbAPCo8HGw,farmington-connecticut
https://www.ubereats.com/connecticut/food-delivery/zohara-mediterranean-kitchen/zGmoKGt2SUGkUqSnK7mclA,farmington-connecticut
https://www.ubereats.com/connecticut/food-delivery/wings%26pies-pizzeria/WAcBC4GbRZWTyQAHXgxQxA,farmington-connecticut
https://www.ubereats.com/connecticut/food-delivery/elizabeths-bar-and-resturant/El9i7bv9QIOM6cpHvSiY-A,farmington-connecticut
https://www.ubereats.com/connecticut/food-delivery/kaliubon-ramen/KjEPEECEQsSRuzV9IoGU3A,farmington-connecticut
https://www.ubereats.com/connecticut/food-delivery/blue-plate-kitchen/99E2mHGoR7iEoe5NE_w0ew,farmington-connecticut
https://www.ubereats.com/connecticut/food-delivery/krispy-krunchy-chicken-mos-food-store/dvqRv-xvSOud4MKQQeWZtA,farmington-connecticut
https://www.ubereats.com/connecticut/food-delivery/east-river-cafe/NhqR22PJSG2N2lDkPMyKJg,farmington-connecticut
https://www.ubereats.com/connecticut/food-delivery/playa-bowls-west-hartford/Ax12sPDAQC2pretwL3ucag,farmington-connecticut
https://www.ubereats.com/connecticut/food-delivery/pasquallys-pizza-%26-wings-3075-berlin-turnpike/oNo9sg4CS5Gt7uQNCVVNdQ,farmington-connecticut
https://www.ubereats.com/connecticut/food-delivery/pita-souvlaki/pxd8DWOeR4-kfMXGu5Ff_A,farmington-connecticut
https://www.ubereats.com/connecticut/food-delivery/liquid-nirvana-avon/-LJd_izgSrSfju51PLr2dw,farmington-connecticut
https://www.ubereats.com/connecticut/food-delivery/china-chef/uZH8tI58SwKNNc11FHqMZQ,farmington-connecticut
https://www.ubereats.com/connecticut/food-delivery/wing-squad-newington/XREZJBpKRk2QPEOfWcZyqA,farmington-connecticut
https://www.ubereats.com/connecticut/food-delivery/great-star-chinese-restaurant/1eaOK0CGQ7qJdDt94F6yqg,farmington-connecticut
https://www.ubereats.com/connecticut/food-delivery/thai-avenue/aEpTd7NgSnKH80Z5JfRgSA,farmington-connecticut
https://www.ubereats.com/connecticut/food-delivery/el-pollo-guapo-glastonbury/jqI-426SQ2mIa9OseiPi4A,farmington-connecticut
https://www.ubereats.com/connecticut/food-delivery/nummy/JN8QVK3eTIK_N1t0D2Veyw,farmington-connecticut
https://www.ubereats.com/connecticut/food-delivery/boston-market-45-farmington-ave/Qacyttx_Q2mlzSIx8QLo1g,farmington-connecticut
https://www.ubereats.com/connecticut/food-delivery/nardellis-grinder-shop-east-hartford/CGybUFA-QVKbi-DeNDlSew,farmington-connecticut
https://www.ubereats.com/connecticut/food-delivery/pizza-corner/1vDVD3MzR1Ch6M2XxNn7Vg,farmington-connecticut
https://www.ubereats.com/connecticut/food-delivery/mitchells-coffee-house/o8-RPQEgTsiW33AYVj7B9g,farmington-connecticut
https://www.ubereats.com/connecticut/food-delivery/burger-king-1033-farmington-avenue/qIA_nDsgRu2_n7GbwGhv8w,farmington-connecticut
https://www.ubereats.com/connecticut/food-delivery/boston-market-2495-berlin-tpke/Qi4Lbx5CSCCHWI92KiBg9A,farmington-connecticut
https://www.ubereats.com/connecticut/food-delivery/trumbull-kitchen/2M4ILqadSjyy4CzmP-LKBg,farmington-connecticut
https://www.ubereats.com/connecticut/food-delivery/carsons-kitchen-llc/sgGN6bMGS0imCOIHjDwMvw,farmington-connecticut
https://www.ubereats.com/connecticut/food-delivery/green-tea-chinese-restaurant/hW_ToyH9QWq60D4kKs2u_w,farmington-connecticut
https://www.ubereats.com/connecticut/food-delivery/ichiro-hibachi-and-sushi/z4T3JdHzTB2yRpVLlTG9nQ,farmington-connecticut
https://www.ubereats.com/connecticut/food-delivery/taco-bell-167-new-britain-avenue/HnKALi5sQS-jahlv6WOkiA,farmington-connecticut
https://www.ubereats.com/connecticut/food-delivery/kiwi-spoon-frozen-yogurt-rocky-hill/ih3MHtsBQ7y78kHxXtrXWA,farmington-connecticut
https://www.ubereats.com/connecticut/food-delivery/sams-gyro/b6z6MYlVSw-KC-IzCz63GQ,farmington-connecticut
https://www.ubereats.com/connecticut/food-delivery/new-britain-house-of-pizza/VQiiaHjaQeuyeVhUfFgqmA,farmington-connecticut
https://www.ubereats.com/connecticut/food-delivery/ruths-chris-steakhouse-2513-berlin-turnpike/Nnbfb5-iQi6E8PeoE2G0Mg,farmington-connecticut
https://www.ubereats.com/connecticut/food-delivery/mercado-foods/0-KghvTQSWqIY77As26IuQ,farmington-connecticut
https://www.ubereats.com/connecticut/food-delivery/chipotle-mexican-grill-966-farmington-ave/5HeyWVxsRECVMFPkkv0c7A,farmington-connecticut
https://www.ubereats.com/connecticut/food-delivery/tavern-on-3/yp9A7-87SESr3RIHyrteLg,farmington-connecticut
https://www.ubereats.com/connecticut/food-delivery/brooklyn-deli-and-market/bgbFl3vERJ2MThDHiFM_aA,farmington-connecticut
https://www.ubereats.com/connecticut/food-delivery/tisumi-japanese-restaurant/An-sq6CbQB-DAg5ysimfCw,farmington-connecticut
https://www.ubereats.com/connecticut/food-delivery/starbucks-bristol-plaza/T6Kgq7rbQMaTSBvZFk7wPQ,farmington-connecticut
https://www.ubereats.com/connecticut/food-delivery/cora-cora-restaurant/Vrv_k_LySrK--_XgdY-ksQ,farmington-connecticut
https://www.ubereats.com/connecticut/food-delivery/casa-mia-at-the-hawthorne/LIqEP-IARdK9e7DbjDvjXQ,farmington-connecticut
https://www.ubereats.com/connecticut/food-delivery/ihop-berlin-turnpike/dn35iMSnQhy2mrKqHgkhrA,farmington-connecticut
https://www.ubereats.com/connecticut/food-delivery/mcladdens-west-hartford/AWK5rxt0SK-TSzHzPSaE1g,farmington-connecticut
https://www.ubereats.com/connecticut/food-delivery/friendlys-347-w-main-st/mxCr_yO1REOfcX49CJE2aw,farmington-connecticut
https://www.ubereats.com/connecticut/food-delivery/buffalo-wild-wings-774-queen-st/B0NKXInuSXScYPANc4pFnw,farmington-connecticut
https://www.ubereats.com/connecticut/food-delivery/max-pizza-ii/JaG51lOGQwmyedX4UnmQrQ,farmington-connecticut
https://www.ubereats.com/connecticut/food-delivery/krispy-krunchy-chicken-168-farmington-ave/G8mCbpC0Tiy_jUlv2uWNVQ,farmington-connecticut
https://www.ubereats.com/connecticut/food-delivery/peoples-choice-pizza/GZUUPPy_RK2qxoNbET8HUg,farmington-connecticut
https://www.ubereats.com/connecticut/food-delivery/abc-pizza-house/xLnSh_15Tp6mLRvXa8VdEQ,farmington-connecticut
https://www.ubereats.com/connecticut/food-delivery/dunkin-741-w-main-st/m_JQeRZHRHSALz3mN4YCRg,farmington-connecticut
https://www.ubereats.com/connecticut/food-delivery/kizls/ZJ1P1MhDR9ujS_m5fzgqoA,farmington-connecticut
https://www.ubereats.com/connecticut/food-delivery/lo-sano-restaurant-%26-bar-hartford/Fc5vYzCtSLuj83SpS4nM_Q,farmington-connecticut
https://www.ubereats.com/connecticut/food-delivery/pizza-works/LOdefpXKSS6V5zQLetpdwg,farmington-connecticut
https://www.ubereats.com/connecticut/food-delivery/mcdonalds-nw-britain-hrtfd/YqRNloHYRrSvPevgihQhXg,farmington-connecticut
https://www.ubereats.com/connecticut/food-delivery/dunkin-436-farmington-ave/82daPCceRLSSinFcSCkhGg,farmington-connecticut
https://www.ubereats.com/connecticut/food-delivery/menchies-frozen-yogurt-2997-berlin-turnpike/UBz03sxXSRmaxEBSizVXkw,farmington-connecticut
https://www.ubereats.com/connecticut/food-delivery/kfc-32-shunpike-road/cWR-mVxnR2qMzbjBKm5pDw,farmington-connecticut
https://www.ubereats.com/connecticut/food-delivery/wingstop-550-farmington-ave/vo42L5zmQXueBVnsKvyfFQ,farmington-connecticut
https://www.ubereats.com/connecticut/food-delivery/taco-bell-709-queen-st/oHeWnsK8QeG21bBA4RL4gw,farmington-connecticut
https://www.ubereats.com/connecticut/food-delivery/hot-heaven-pizzeria/et2fSe5kTXabNrQYDG-D6A,farmington-connecticut
https://www.ubereats.com/connecticut/food-delivery/robertos-restaurant/qjFjfMNWRx65DYDD5NPfEw,farmington-connecticut
https://www.ubereats.com/connecticut/food-delivery/mcdonalds-hartford-flatbush-ave/G_cR7PV2SuW4fPlGX6XDqQ,farmington-connecticut
https://www.ubereats.com/connecticut/food-delivery/maruichi-japanese-food/KAcD5_zSTAuB1a9VANMlKQ,farmington-connecticut
https://www.ubereats.com/connecticut/food-delivery/dillys-cafe/ujbSKF9hR4qJIGQxBcW50A,farmington-connecticut
https://www.ubereats.com/connecticut/food-delivery/dunkin-265-washington-st/TuERluaGSsW3_1T6KWu4ww,farmington-connecticut
https://www.ubereats.com/connecticut/food-delivery/starbucks-bloomfield-gillete-ridge-plaza/MHS3wUrPSEmTtJE_B4y73A,farmington-connecticut
https://www.ubereats.com/connecticut/food-delivery/subway-471-farmington-ave/Od45uzzrTem_a9O4ahJkwA,farmington-connecticut
https://www.ubereats.com/connecticut/food-delivery/chipotle-mexican-grill-110-albany-tpke/WHIrUGecQLimWx82IFmgEg,farmington-connecticut
https://www.ubereats.com/connecticut/food-delivery/paradise-pizza/ZLukDYHfQhi5zQ2RzSpVlA,farmington-connecticut
https://www.ubereats.com/connecticut/food-delivery/l-%26-v-s-main-groceries/qbad9jnXQDWdzuQibTmgdg,farmington-connecticut
https://www.ubereats.com/connecticut/food-delivery/toasted/Sq3urTT8SYqhOuaEliAn6A,farmington-connecticut
https://www.ubereats.com/connecticut/food-delivery/the-seafood-truck/hLyJtBAlQ_iCI0S-grP3Xw,farmington-connecticut
https://www.ubereats.com/connecticut/food-delivery/c-town-supermarkets-new-britain/yL-fW35TQ92PH-tLPkc-tQ,farmington-connecticut
https://www.ubereats.com/connecticut/food-delivery/city-pizza/f1In6IC0QASOnzlcGMitVQ,farmington-connecticut
https://www.ubereats.com/connecticut/food-delivery/krispy-krunchy-chicken-228-pine-street/cUhGeTPsQseyaz83Ocn3rQ,farmington-connecticut
https://www.ubereats.com/connecticut/food-delivery/jersey-mikes-subs-576-farmington-ave/avrTffpIQFaRZv4igF9SKw,farmington-connecticut
https://www.ubereats.com/connecticut/food-delivery/wendys-171-new-britain-avenue/Aspckt0IRyGJw9ThmQ5Mrg,farmington-connecticut
https://www.ubereats.com/connecticut/food-delivery/poke-city/IdFpNcyhQSyZ1dm2nFEbRw,farmington-connecticut
https://www.ubereats.com/connecticut/food-delivery/goldbergs-bagel-cafe-new-britain-ave/1EV-Ky89Tr2ixojdpog6Kg,farmington-connecticut
https://www.ubereats.com/connecticut/food-delivery/el-pollo-guapo-wethersfield/dNau4zDwRgOldZoXNN18pQ,farmington-connecticut
https://www.ubereats.com/connecticut/food-delivery/buffalo-wild-wings-1267-silas-deane-highway/1OV8SYl-RCig3HWUVdo-TQ,farmington-connecticut
https://www.ubereats.com/connecticut/food-delivery/the-grille-%40-gillette-ridge/7CQw0kLlTSuJQ-7ERVqISg,farmington-connecticut
https://www.ubereats.com/connecticut/food-delivery/tasty-bites/8YLvk22KRJuE_KT8GnnxpQ,farmington-connecticut
https://www.ubereats.com/connecticut/food-delivery/cuginos-restaurant-of-farmington/q_upMNa2TJGIhRVDigYUIQ,farmington-connecticut
https://www.ubereats.com/connecticut/food-delivery/main-street-diner/GJCzDFavQSmv4j18hWshnA,farmington-connecticut
https://www.ubereats.com/connecticut/food-delivery/noodles-%26-company-glastonbury-41-hebron-ave/LKTizhiCTViD3cAsBTh4Og,farmington-connecticut
https://www.ubereats.com/connecticut/food-delivery/seasons-tap-room/vEwaK_dNRZ-XqAsWjIm_sw,farmington-connecticut
https://www.ubereats.com/connecticut/food-delivery/friendlys-408-queen-st/1E53bPYpQl6Hza3AzRdy4Q,farmington-connecticut
https://www.ubereats.com/connecticut/food-delivery/kingstons-jamaican-restaurant/C-1MKlyERS6PBEUa79-n1w,farmington-connecticut
https://www.ubereats.com/connecticut/food-delivery/belvedere-cafe-and-restaurant/Wh473CXLQsCKpLMdt4C9pg,farmington-connecticut
https://www.ubereats.com/connecticut/food-delivery/the-simple-greek-glastonbury/jnB_-qB7S4qpbcPXJ0iwfw,farmington-connecticut
https://www.ubereats.com/connecticut/food-delivery/mexipho/2MtnFaRpQrit_l75Iog1OQ,farmington-connecticut
https://www.ubereats.com/connecticut/food-delivery/nardellis-grinder-shoppe-farmington/CsgXZRt0RhK3KrV7XkI9kA,farmington-connecticut
https://www.ubereats.com/connecticut/food-delivery/world-of-beer-73-isham-rd/CXTelVcISGiAlWH3A2Rq2w,farmington-connecticut
https://www.ubereats.com/connecticut/food-delivery/ihop-885-queen-street/dUzxDGGuRoC66pIZVJbK3A,farmington-connecticut
https://www.ubereats.com/connecticut/food-delivery/wings-over-west-hartford/L9JvHiTMS36Z5xBGNW_UgA,farmington-connecticut
https://www.ubereats.com/connecticut/food-delivery/kfc-930-new-britain-avenue/Ce-1abknQPauJNBbr27xxQ,farmington-connecticut
https://www.ubereats.com/connecticut/food-delivery/noodles-%26-company-n-main-st-%26-albany-ave/A6fOCsi3SWyQ5Z88CXLmYA,farmington-connecticut
https://www.ubereats.com/connecticut/food-delivery/ihop-339-cottage-grove-rd/IjBQlyRVS9SEa-ZxC_T3wA,farmington-connecticut
https://www.ubereats.com/connecticut/food-delivery/krispy-krunchy-chicken-67-east-main-street/34awXxZmQ521XpumeeL0Nw,farmington-connecticut
https://www.ubereats.com/connecticut/food-delivery/the-rockin-chicken/k7t2nkT0T_W8i1mzwZ_Gdw,farmington-connecticut
https://www.ubereats.com/connecticut/food-delivery/averys-beverages/PtOkYoJUQNSy2TqF3VIbgA,farmington-connecticut
https://www.ubereats.com/connecticut/food-delivery/red-lobster-1324-silas-deane-highway/XoXZPzm3RzibTrmqVpZyXg,farmington-connecticut
https://www.ubereats.com/connecticut/food-delivery/dennys-539-flatbh-ave/ZgfUdDvWSWi9o7YSdjSC0g,farmington-connecticut
https://www.ubereats.com/connecticut/food-delivery/red-robin-176-1509-new-britain-ave/I8kwM7lIS4qNEaCrJBxNAg,farmington-connecticut
https://www.ubereats.com/connecticut/food-delivery/wendys-2384-berlin-tnpk/yAFDrTjVR-iQaCvtvf-hWQ,farmington-connecticut
https://www.ubereats.com/connecticut/food-delivery/moes-southwest-grill-722-n-main-street/weaKey-oQP2bWyJ9faPteg,farmington-connecticut
https://www.ubereats.com/connecticut/food-delivery/new-world-chinese-restaurant/OOh4Vo46TUyAuu_laKfm8w,farmington-connecticut
https://www.ubereats.com/connecticut/food-delivery/mykonos-mediterranean-restaurant/tS_4vuvwSuOLX7V9HlFL_w,farmington-connecticut
https://www.ubereats.com/connecticut/food-delivery/el-cafetal-restaurant/CZ3Nuh8ARHexyZEmtbUbYA,farmington-connecticut
https://www.ubereats.com/connecticut/food-delivery/moes-southwest-grill-385-west-main-street/V_bE6lKqTDuVo5EJ5EcK4Q,farmington-connecticut
https://www.ubereats.com/connecticut/food-delivery/krispy-krunchy-chicken-70-south-main-st/OVPMRtywQBqY8Lue639DMA,farmington-connecticut
https://www.ubereats.com/connecticut/food-delivery/kencarlous-jamaican-restaurant/wskr6MdiT62hkbu6UcH6Bg,farmington-connecticut
https://www.ubereats.com/connecticut/food-delivery/pick-and-mix-avon/MPmSm7XrSxSTBYd-uLgcUg,farmington-connecticut
https://www.ubereats.com/connecticut/food-delivery/peoples-choice-pizza/slNH-AoXQr684erPYYK1Fw,farmington-connecticut
https://www.ubereats.com/connecticut/food-delivery/noodles-%26-company-queen-st-%26-aircraft-rd/AxrgE2RjTv-hxV8FjVezpg,farmington-connecticut
https://www.ubereats.com/connecticut/food-delivery/wild-orchid/c0nM0wd8Q1KPm8z5gx8w-g,farmington-connecticut
https://www.ubereats.com/connecticut/food-delivery/pauls-ranch-house-and-pizza/cr6r__nqSBevYRZ4-A8iLg,farmington-connecticut
https://www.ubereats.com/connecticut/food-delivery/the-elephant-trail/jicsjnbbR6iP_MoH4CUIjw,farmington-connecticut
https://www.ubereats.com/connecticut/food-delivery/roosters-chicken-wethersfield-ct/tkvAUFt6RFeRzSFDZFtPxQ,farmington-connecticut
https://www.ubereats.com/connecticut/food-delivery/mikes-pizza/vv1N-hReRpO0aeEQphDKmQ,farmington-connecticut
https://www.ubereats.com/connecticut/food-delivery/pachanga-empanadas-argentinas/rT12YETrSvKinrgvPOQrIg,farmington-connecticut
https://www.ubereats.com/connecticut/food-delivery/kbarr/sCoM6EVyRNS9Z9pOioYlhQ,farmington-connecticut
https://www.ubereats.com/connecticut/food-delivery/kfc-501-farmington-avenue/EtypvkNHSw-gLy6okQop3Q,farmington-connecticut
https://www.ubereats.com/connecticut/food-delivery/subway-63-east-cedar-st/dxnnewtXQe-8Hdt8nFgT6g,farmington-connecticut
https://www.ubereats.com/connecticut/food-delivery/san-gennaro/xI-LynYdRbODcJnbRPO6ww,farmington-connecticut
https://www.ubereats.com/connecticut/food-delivery/ichiban-express-and-poke-bowl/gKkLoHBPRpupd9LQtG_ijg,farmington-connecticut
https://www.ubereats.com/connecticut/food-delivery/taco-bell-250-albany-turnpike/LUJhwIq2TPS3DqZqPCwoSQ,farmington-connecticut
https://www.ubereats.com/connecticut/food-delivery/sliders-grill-berlin/kwBFNJOOReqz6LFt9jIJ7g,farmington-connecticut
https://www.ubereats.com/connecticut/food-delivery/chefs-dog-house/nETdpKGxSiuYA5MyzKbXeA,farmington-connecticut
https://www.ubereats.com/connecticut/food-delivery/outback-steakhouse-3210-berlin-turnpike/4rkvrmHzSw2BVVTtouJeOQ,farmington-connecticut
https://www.ubereats.com/connecticut/food-delivery/popeyes-louisiana-kitchen-flatbush-ave/4T7fvYGLTaiceASLkHMQAQ,farmington-connecticut
https://www.ubereats.com/connecticut/food-delivery/chef-j-r-me/TB-znjARSR-SkCqdYi0DRg,farmington-connecticut
https://www.ubereats.com/connecticut/food-delivery/50-west/UtP70OMrTCqaHGjjn9Te8A,farmington-connecticut
https://www.ubereats.com/connecticut/food-delivery/dough-life/EpHuIK0DS6e8cpLtcvVrbQ,farmington-connecticut
https://www.ubereats.com/connecticut/food-delivery/flemings-prime-steakhouse-%26-wine-bar-west-hartford/CeCz3HdwQAWKhPMAdPRZsg,farmington-connecticut
https://www.ubereats.com/connecticut/food-delivery/syps-grille/dm9u7SfoS8mRx89AA7TDHA,farmington-connecticut
https://www.ubereats.com/connecticut/food-delivery/nta-pizza-and-grocery/HtwaNPZ1T2CzJShhJLyMTQ,farmington-connecticut
https://www.ubereats.com/connecticut/food-delivery/starbucks-corbins-corner/qpfjzNfWSdKsEwmQ0PJT8A,farmington-connecticut
https://www.ubereats.com/connecticut/food-delivery/sbarro-185-west-farms-mall/YXJntxEcTMyLqyNuRrqUyg,farmington-connecticut
https://www.ubereats.com/connecticut/food-delivery/steves-place/qVSOUVsARpiaiOPGkmDgrQ,farmington-connecticut
https://www.ubereats.com/connecticut/food-delivery/cosi-185-asylum-street-%23102/tksVlFMiSKipNj0HVt1QJw,farmington-connecticut
https://www.ubereats.com/connecticut/food-delivery/wayback-burgers-346-cromwell-ave/spxmZ0kZTUqv6VGBtXa2kg,farmington-connecticut
https://www.ubereats.com/connecticut/food-delivery/bricco-trattoria/SiY2syIkQt2mHYPeutupQw,farmington-connecticut
https://www.ubereats.com/connecticut/food-delivery/the-simple-greek-west-hartford/uL7VkWgBTGabF7-w4gKOEg,farmington-connecticut
https://www.ubereats.com/connecticut/food-delivery/bertuccis-glastonbury/_BPEaFfUShWrJb7qif9ahw,farmington-connecticut
https://www.ubereats.com/connecticut/food-delivery/hfc-chicken-and-pizza/WRqulNyiR0SwsPKAB8OTtg,farmington-connecticut
https://www.ubereats.com/connecticut/food-delivery/pizza-house/SWBatd9XTTmpW3hzb6L5Tg,farmington-connecticut
https://www.ubereats.com/connecticut/food-delivery/juiced-up-juice-bar/MKVPvvAjSXeqHEFonig4aw,farmington-connecticut
https://www.ubereats.com/connecticut/food-delivery/liquid-nirvana-glastonbury/U6pkmlL7S7CT8TGITXmUXw,farmington-connecticut
https://www.ubereats.com/connecticut/food-delivery/rush-bowls/nyPUeRERTgO0moDccT5IZQ,farmington-connecticut
https://www.ubereats.com/connecticut/food-delivery/panera-1600-southeast-rd/LVdI6VN4QRWwGjRM3iFjXQ,farmington-connecticut
https://www.ubereats.com/connecticut/food-delivery/republic-at-the-linden/xhq3V_DoQN-vbXl1C1r25A,farmington-connecticut
https://www.ubereats.com/connecticut/food-delivery/dunns-river-jamaican-restaurant/uxbCzLrKRiW3U7erzYazfA,farmington-connecticut
https://www.ubereats.com/connecticut/food-delivery/king-pizza/-4eNLxEEREy38HHCdFMb2Q,farmington-connecticut
https://www.ubereats.com/connecticut/food-delivery/taqueria-la-grande/3tJ0mpNjRXuDFQSHu0ry6Q,farmington-connecticut
https://www.ubereats.com/connecticut/food-delivery/que-whiskey-kitchen/5cPA5ebOQgKSLRODGOGm5Q,farmington-connecticut
https://www.ubereats.com/connecticut/food-delivery/stellas-%26-mazies/XLdCNrlcRveEwsgEOvvXlg,farmington-connecticut
https://www.ubereats.com/connecticut/food-delivery/outback-steakhouse-817-queen-street/EJxm273SR-qK-VeNcrCsjg,farmington-connecticut
https://www.ubereats.com/connecticut/food-delivery/taco-bell-1-main-st/F_ezhgvsTI2HrL3UIX_Hmw,farmington-connecticut
https://www.ubereats.com/connecticut/food-delivery/bell-city-diner/4zM4TGWzSvOvC9fRSipzYg,farmington-connecticut
https://www.ubereats.com/connecticut/food-delivery/prai-kitchen/2bTth7KDTeyDaiKBIb5neA,farmington-connecticut
https://www.ubereats.com/connecticut/food-delivery/modern-pastry-shop/ITYTuS_rRv-TzQIeCvVaQQ,farmington-connecticut
https://www.ubereats.com/connecticut/food-delivery/koma/cPXLEcu8RROr1ElaOV0_LQ,farmington-connecticut
https://www.ubereats.com/connecticut/food-delivery/subway-75-west-main-st/LstsEWusTEGm-UDQ0BG1sw,farmington-connecticut
https://www.ubereats.com/connecticut/food-delivery/burger-king-610-hartford-road/ymU_XcONTg-JRVChaJTabQ,farmington-connecticut
https://www.ubereats.com/connecticut/food-delivery/central-blue-moon/Zdq6fG1wSGOljS07SDjxqQ,farmington-connecticut
https://www.ubereats.com/connecticut/food-delivery/pizza-pal/ZuMs1M4uSwqefmw0HWcxhw,farmington-connecticut
https://www.ubereats.com/connecticut/food-delivery/kent-pizza/dXdcvVeUSFC11_Lj9B68_A,farmington-connecticut
https://www.ubereats.com/connecticut/food-delivery/capital-ice-cream-hartford/WmXDsE0MSVGanTvxJVkfnA,farmington-connecticut
https://www.ubereats.com/connecticut/food-delivery/pizza-pesto/gSbjnGSERA-YQFlbXXLTxw,farmington-connecticut
https://www.ubereats.com/connecticut/food-delivery/krispy-krunchy-chicken-867-wethersfield-ave/7zaIVvMDS1af_QVXEcvMiA,farmington-connecticut
https://www.ubereats.com/connecticut/food-delivery/wei-mei-chinese-restaurant/9YLAjLZNQHq-0Yypsg9ofw,farmington-connecticut
https://www.ubereats.com/connecticut/food-delivery/jumbo-buffet/Yza_JSnSTNWFZw9wt2Sc9Q,farmington-connecticut
https://www.ubereats.com/connecticut/food-delivery/chengs-kitchen/Kka2Zj3rS6eDZ-3bqo_KGQ,farmington-connecticut
https://www.ubereats.com/connecticut/food-delivery/the-ice-cream-shop/RD9v-yoCRHWreTfrro-kUQ,farmington-connecticut
https://www.ubereats.com/connecticut/food-delivery/dunkin-1030-silas-deane-hwy/rt-N6Mj5T7q04R4T98o4Hw,farmington-connecticut
https://www.ubereats.com/connecticut/food-delivery/triple-a-diner/TwdD-iDtQJaqpU4fSXFb_Q,farmington-connecticut
https://www.ubereats.com/connecticut/food-delivery/naatiya-indian-restaurant/sAr5kqaITOef4IFvzdFtgw,farmington-connecticut
https://www.ubereats.com/connecticut/food-delivery/empire-pizza-house/HN08TYfHQqKPzNvuQEJ-IQ,farmington-connecticut
https://www.ubereats.com/connecticut/food-delivery/naija-restaurant/wo1-bFjQRjacxj04drX_cA,farmington-connecticut
https://www.ubereats.com/connecticut/food-delivery/la-casita-del-sabor/KOEoe843Skm7Umn_HYtOog,farmington-connecticut
https://www.ubereats.com/connecticut/food-delivery/bertuccis-newington/JOXB0MuoR0GJlmeayBrzwg,farmington-connecticut
https://www.ubereats.com/connecticut/food-delivery/starbucks-lasalle/b56M08B7RBemlfZKQRUBrg,farmington-connecticut
https://www.ubereats.com/connecticut/food-delivery/friendlys-230-new-britain-ave/WO1xTXLNRaCNEeLN-fPj8A,farmington-connecticut
https://www.ubereats.com/connecticut/food-delivery/lemon-mint-bites-%26-salad-bar/pBABHpcRQCiqvew_vF2HPg,farmington-connecticut
https://www.ubereats.com/connecticut/food-delivery/boston-market-417-cottage-grove-rd/XpQ3FmPNSP6Zbb-zwL_P5g,farmington-connecticut
https://www.ubereats.com/connecticut/food-delivery/michael-johns-pizza/s8Vh8g8fRRu_Ufeutl96KA,farmington-connecticut
https://www.ubereats.com/connecticut/food-delivery/casa-mia-on-the-hill/jv6InhdwR22A-TQL92RAAQ,farmington-connecticut
https://www.ubereats.com/connecticut/food-delivery/popeyes-louisiana-kitchen-albany-ave/QDuRxzhwQSmiRrRfse-4FA,farmington-connecticut
https://www.ubereats.com/connecticut/food-delivery/polish-plate/1PPAJjAVTEyF2vkDo-mHgg,farmington-connecticut
https://www.ubereats.com/connecticut/food-delivery/larosa-marketplace/yFK_ZN1FTjaPtXWlI7oGbg,farmington-connecticut
https://www.ubereats.com/connecticut/food-delivery/chipotle-mexican-grill-785-queen-st-unit-1/6ItYNpZBQEyd2s_REfKeAw,farmington-connecticut
https://www.ubereats.com/connecticut/food-delivery/priya-indian-cuisine/hpIqJJY1Q1qb03-LIXrAew,farmington-connecticut
https://www.ubereats.com/connecticut/food-delivery/avon-indian-grill/jHB6lIT2QNyr2sjezpJTzg,farmington-connecticut
https://www.ubereats.com/connecticut/food-delivery/vivaldis-pizza-newington/OXCgUHVOSaqp5vDRFsmkrg,farmington-connecticut
https://www.ubereats.com/connecticut/food-delivery/milkcraft/S7kmCiupTb-UiCMrBQxrfw,farmington-connecticut
https://www.ubereats.com/connecticut/food-delivery/mecha-noodle-bar-west-hartford-llc/EY98Y6mRSLOQIUCl5NAghg,farmington-connecticut
https://www.ubereats.com/connecticut/food-delivery/krispy-krunchy-chicken-605-albany-ave/3ks_ivOnQDiGeEN9mGqvog,farmington-connecticut
https://www.ubereats.com/connecticut/food-delivery/dunkin-903-905-blue-hills-ave/uCwEPusbQ2qyjMu-wRJThQ,farmington-connecticut
https://www.ubereats.com/connecticut/food-delivery/arch-2/_sGtVMAhQaaQSoMg9Qd6bQ,farmington-connecticut
https://www.ubereats.com/connecticut/food-delivery/chips-family-restaurant/UFLfbsJhSnaNJcRsRUeacA,farmington-connecticut
https://www.ubereats.com/connecticut/food-delivery/pf-changs-322-w-farms-mall-space-f226/HAIAN4FOR12_jB58hwW1sA,farmington-connecticut
https://www.ubereats.com/connecticut/food-delivery/dragon-garden/lKI2ebIFQKK-3BulQRtUjw,farmington-connecticut
https://www.ubereats.com/connecticut/food-delivery/subway-589-hartford-rd/kBgipAx5T5CcxdPalNd_NQ,farmington-connecticut
https://www.ubereats.com/connecticut/food-delivery/terreno-at-the-goodwin-hotel/4mH-Oo6GTMehterATKw3HQ,farmington-connecticut
https://www.ubereats.com/connecticut/food-delivery/spice-venue/UrB6UyNcQh6gVgUd2dvahw,farmington-connecticut
https://www.ubereats.com/connecticut/food-delivery/benjies-jamaican/bvtFZS_ETnWXJ6wiU-6V4g,farmington-connecticut
https://www.ubereats.com/connecticut/food-delivery/casa-mia-on-the-green/Robqr5_gQl2FjxBrqr0D9A,farmington-connecticut
https://www.ubereats.com/connecticut/food-delivery/starbucks-farmington-route-4/vGdimkMdRzmDewbOmDxGQw,farmington-connecticut
https://www.ubereats.com/connecticut/food-delivery/hooties-burger-bar-wethersfield/ECX9-MEDQW2RQMihP5dloQ,farmington-connecticut
https://www.ubereats.com/connecticut/food-delivery/nardellis-grinder-shoppecromwell/gZq8LtEoTRKQPv-Qrc5sHQ,farmington-connecticut
https://www.ubereats.com/connecticut/food-delivery/mcdonalds-w-hartfrd-albany/vpMHyf_KSZSNSLtrYpl0UQ,farmington-connecticut
https://www.ubereats.com/connecticut/food-delivery/metro-center-cafe/u2VgR6NQSciGxswCeKMUzg,farmington-connecticut
https://www.ubereats.com/connecticut/food-delivery/hfc/AEBQVMaBQ6Gcv7UT-pj8Rg,farmington-connecticut
https://www.ubereats.com/connecticut/food-delivery/subway-1537-stanley-st/--kfxXakQpiS_UsfwVLniA,farmington-connecticut
https://www.ubereats.com/connecticut/food-delivery/donde-julio-restaurant-hartford/vdgDlYkNQWeQSWrJ4_e7Og,farmington-connecticut
https://www.ubereats.com/connecticut/food-delivery/corner-grinder-shop/TlxM1kPXSS2NmBLsBQbhSg,farmington-connecticut
https://www.ubereats.com/connecticut/food-delivery/new-hunan/mSEH5yZtQoGZNea2ibGfDQ,farmington-connecticut
https://www.ubereats.com/connecticut/food-delivery/starbucks-newington-berlin-tpke/3-FQFN4BRaaM_2wCOjpKTQ,farmington-connecticut
https://www.ubereats.com/connecticut/food-delivery/polish-national-home-of-hartford/H3p_M8kKTj6_plXZHjVLgw,farmington-connecticut
https://www.ubereats.com/connecticut/food-delivery/california-pizza-kitchen-3-westfarms-mall-space-%23e-125/EbTL8UP1T2aBHzZwOai_Bg,farmington-connecticut
https://www.ubereats.com/connecticut/food-delivery/five-guys-ct-0595-316-north-main-st/o2Tzxxz1SNypPw3BbGTMwQ,farmington-connecticut
https://www.ubereats.com/connecticut/food-delivery/wing-it-on!-new-britain/PwWQHabXRxK4RPf_hwL32w,farmington-connecticut
https://www.ubereats.com/connecticut/food-delivery/the-ice-cream-shop/SjOiqLBlRvqL_Zivi0JusA,farmington-connecticut
https://www.ubereats.com/connecticut/food-delivery/mcdonalds-hartford-prospct/M9IH2ssYS4CU6Wijm7_7ew,farmington-connecticut
https://www.ubereats.com/connecticut/food-delivery/effies-place-restaurant/2RmYEY8BTU-_k96vTTLXGQ,farmington-connecticut
https://www.ubereats.com/connecticut/food-delivery/antojitos-colombianos/rR-MG6SsT5elQhwkoVYIsQ,farmington-connecticut
https://www.ubereats.com/connecticut/food-delivery/pie-guys-of-new-york/YwnvzeqrTDWz7ejp5DBx5w,farmington-connecticut
https://www.ubereats.com/connecticut/food-delivery/jamaican-kitchen/EisYNE3DRoGpQZZhnXY_aA,farmington-connecticut
https://www.ubereats.com/connecticut/food-delivery/burgerfi-avon/3Pyda0qlR_Sml8xA1C2cvQ,farmington-connecticut
https://www.ubereats.com/connecticut/food-delivery/agave-grill/rQfy3P_tQNKDkjcupcX9RA,farmington-connecticut
https://www.ubereats.com/connecticut/food-delivery/subway-348-colt-hwy/JkmEgrT9RfmSHhafxHZVCw,farmington-connecticut
https://www.ubereats.com/connecticut/food-delivery/wendys-306-prospect-ave/93ARDaoBRficywd2eFVjKg,farmington-connecticut
https://www.ubereats.com/connecticut/food-delivery/jersey-mikes-2941-main-st/7cSvoVb4SKWJ7ENo3RnqrA,farmington-connecticut
https://www.ubereats.com/connecticut/food-delivery/ny-chicken/3x6m9JQoRjKYgsKVBc_1zA,farmington-connecticut
https://www.ubereats.com/connecticut/food-delivery/gingerroot-restaurant/64Fj29BCRL6gNjblJQQHaQ,farmington-connecticut
https://www.ubereats.com/connecticut/food-delivery/kfc-470-farmington-avenue/x4xcfGKaSXCuXAUC3cmGMQ,farmington-connecticut
https://www.ubereats.com/connecticut/food-delivery/aladdin-halal/ePFcPQiBTd2yqV8xuOm8kg,farmington-connecticut
https://www.ubereats.com/connecticut/food-delivery/mcdonalds-hartford-albany/4mpeFcmoRuKotfpcAhaVUg,farmington-connecticut
https://www.ubereats.com/connecticut/food-delivery/pho-135/prY6NC8dSsGCoEf4IvkPAw,farmington-connecticut
https://www.ubereats.com/connecticut/food-delivery/sweet-basil/0wrSstdGRcq1oPmhmh9d3Q,farmington-connecticut
https://www.ubereats.com/connecticut/food-delivery/giovannis-pizza-restaurant/qaYuxOe8TpmrTJ87odMpaQ,farmington-connecticut
https://www.ubereats.com/connecticut/food-delivery/fuel-good-foods/lSQJOO2RTuGVQhln4kjK2g,farmington-connecticut
https://www.ubereats.com/connecticut/food-delivery/crystal-dinner/6sXaFPM8QWSKP6Llj9t8MA,farmington-connecticut
https://www.ubereats.com/connecticut/food-delivery/wood-n-tap-farmington/ZjjNUkqUQy628T67Iyen7w,farmington-connecticut
https://www.ubereats.com/connecticut/food-delivery/vero-pizza/kpIyfCDXRo-sDZrk4DYsCw,farmington-connecticut
https://www.ubereats.com/connecticut/food-delivery/chosen-1-cajun-seafood/Ika2m9zvQoO_NiFg2Z4WEg,farmington-connecticut
https://www.ubereats.com/connecticut/food-delivery/dhaba-wala-indian-kitchen/JsBR_YBxRDSiBVT95mQS8Q,farmington-connecticut
https://www.ubereats.com/connecticut/food-delivery/the-place-2-be/SPfhapnbTU-9LYTyOoyd4g,farmington-connecticut
https://www.ubereats.com/connecticut/food-delivery/sliders-grill-plainville/3HOAKlDpTrq4lyZ0TiXBxA,farmington-connecticut
https://www.ubereats.com/connecticut/food-delivery/broasterant/NRaimN_fQr60gtRT3jeSvA,farmington-connecticut
https://www.ubereats.com/connecticut/food-delivery/pitta-gourmet/w6rTqFtqT-mfzQhC8nKsdw,farmington-connecticut
https://www.ubereats.com/connecticut/food-delivery/mcdonalds-newington-berlin/DOY4XdfLSuqhZ1-XKply9Q,farmington-connecticut
https://www.ubereats.com/connecticut/food-delivery/ben-%26-jerrys-west-hartford/-DZBediTTKuFeEkICoRvDA,farmington-connecticut
https://www.ubereats.com/connecticut/food-delivery/dunkin-2536-albany-ave/NYcn2i2DRTasMqgeMmysog,farmington-connecticut
https://www.ubereats.com/connecticut/food-delivery/la-fonda-restaurante-%26-bar/5Cc56j0ETJWIGrXaUb_bSA,farmington-connecticut
https://www.ubereats.com/connecticut/food-delivery/huarique-restaurant-bar/AceDa8E8Ro-r7pjo4biemw,farmington-connecticut
https://www.ubereats.com/connecticut/food-delivery/moes-southwest-grill-3145-berlin-turnpike/uFQBwKXjTxaYwYKLIoRVqA,farmington-connecticut
https://www.ubereats.com/connecticut/food-delivery/starbucks-plainville/-ZYbPHuBQxiCZeUEW6d_Kw,farmington-connecticut
https://www.ubereats.com/connecticut/food-delivery/xian-noodle-factory-west-hartford/P1P6fgDqR_iXOUglD1cOXA,farmington-connecticut
https://www.ubereats.com/connecticut/food-delivery/boston-market-1240-farmington-ave/p6cO2iGBQMOJV2CGXh50rg,farmington-connecticut
https://www.ubereats.com/connecticut/food-delivery/sweet-chilli/w67LvYvVRmSRGnGu35W6tA,farmington-connecticut
https://www.ubereats.com/connecticut/food-delivery/yummyyummy-chinese-restaurant/uUyL5VYHRgGKg2Nas3GzlA,farmington-connecticut
https://www.ubereats.com/connecticut/food-delivery/mcdonalds-mrt-luth-kng-dr/4CjQLyMARcuWaUiSlTpudg,farmington-connecticut
https://www.ubereats.com/connecticut/food-delivery/dunkin-1015-farmington-ave/gvG5WmhiSUmsRE0JgSuYpA,farmington-connecticut
https://www.ubereats.com/connecticut/food-delivery/new-britain-diner/zpxHZXyAQeS4BNML7A8peQ,farmington-connecticut
https://www.ubereats.com/connecticut/food-delivery/wayback-burger-123-farmington-ave-unit-p3/OIJJZCt0Q8SeCidq69YFAQ,farmington-connecticut
https://www.ubereats.com/connecticut/food-delivery/ginos-pizza-%26-ranch-house/rC-tfoIIRk2VRNOqX5qh2w,farmington-connecticut
https://www.ubereats.com/connecticut/food-delivery/subway-190-main-st/iC8nSqIWSZmoeI7sGOi5kg,farmington-connecticut
https://www.ubereats.com/connecticut/food-delivery/blue-elephant-trail/p7Ngi_0zT4GpXnvu5KjDBg,farmington-connecticut
https://www.ubereats.com/connecticut/food-delivery/claudias-grinder-shop/5TKKVyyWREOP8OHDgCa4lQ,farmington-connecticut
https://www.ubereats.com/connecticut/food-delivery/mama-lukes/3NqbbOaOQ7GXqXpAhI-C1g,farmington-connecticut
https://www.ubereats.com/connecticut/food-delivery/moes-southwest-grill-720-queen-street/LIdJXsFpTy6rmp0v0QBi5A,farmington-connecticut
https://www.ubereats.com/connecticut/food-delivery/bhog-indian-cuisine-rocky-hill/FdeC5eYPRGqK823Z7ctUHg,farmington-connecticut
https://www.ubereats.com/connecticut/food-delivery/jds-pizzeria-bar-%26-grill/dMu9C2VzT3uZsJzEQtgf1g,farmington-connecticut
https://www.ubereats.com/connecticut/food-delivery/soulbaila/7whbiBHoQG-GYPfYAmg7jQ,farmington-connecticut
https://www.ubereats.com/connecticut/food-delivery/popeyes-louisiana-kitchen-w-main-st/5_C0Mot8TSiujiZYO4psjg,farmington-connecticut
https://www.ubereats.com/connecticut/food-delivery/turnpike-pizzeria/Xd4HeyiRQ66XpLGBuX7NYg,farmington-connecticut
https://www.ubereats.com/connecticut/food-delivery/tasty-bites/FkaWWU0EQsGU4dM19B07uQ,farmington-connecticut
https://www.ubereats.com/connecticut/food-delivery/between-rounds-19-john-fitch-blvd/NYpd2L9NRwG0J-BCbVxzyg,farmington-connecticut
https://www.ubereats.com/connecticut/food-delivery/the-market-restaurant/H93uEUHBS6yuTuOISlLewA,farmington-connecticut
https://www.ubereats.com/connecticut/food-delivery/namaste-india/an5soiZ6SgiYpZW4YKpuBw,farmington-connecticut
https://www.ubereats.com/connecticut/food-delivery/dennys-621-queen-st/HSAgR7UWT4m9hVU6ObYTEA,farmington-connecticut
https://www.ubereats.com/connecticut/food-delivery/ticos-place/kIo46Dv1R3uEvDm4oDK9Nw,farmington-connecticut
https://www.ubereats.com/connecticut/food-delivery/plaza-azteca-newington/F5JOjxWZTVuhJ5eWJM_VBQ,farmington-connecticut
https://www.ubereats.com/connecticut/food-delivery/zaytoons-bistro/WtXNpQyMRKGIdIGgTLbrdw,farmington-connecticut
https://www.ubereats.com/connecticut/food-delivery/savoy-pizzeria-%26-craft-bar/_JT1PvQZTb6pHVxPQt-4DQ,farmington-connecticut
https://www.ubereats.com/connecticut/food-delivery/fit-%26-trim-nutrition/jwfbfm2xQ6uUKmqL8rMYFQ,farmington-connecticut
https://www.ubereats.com/connecticut/food-delivery/capitol-lunch/bbL8TSO4QNSA3nKjAB7wZQ,farmington-connecticut
https://www.ubereats.com/connecticut/food-delivery/shake-shack-1445-new-britain-avenue/Pfi3CPVnS5aDSlOCwgIGDw,farmington-connecticut
https://www.ubereats.com/connecticut/food-delivery/yoyo-ice-cream/PodZcItSRl6-D5sMTMYliQ,farmington-connecticut
https://www.ubereats.com/connecticut/food-delivery/kob-jai-thai/LVSSPCyNTP-wpg6Ikmt50Q,farmington-connecticut
https://www.ubereats.com/connecticut/food-delivery/taco-bell-485-flatbush-ave/JmbAx2OfQrCht5o-YhjEmQ,farmington-connecticut
https://www.ubereats.com/connecticut/food-delivery/fornarellis-ristorante/GvcWM7xVTluRfYVG8Eudfg,farmington-connecticut
https://www.ubereats.com/connecticut/food-delivery/sala-thai-street-food/6kLfE3mMQ42LHX2k0FrvtQ,farmington-connecticut
https://www.ubereats.com/connecticut/food-delivery/ben-%26-jerrys-glastonbury/TXkS5EgPQ4iHG4FkikiDqA,farmington-connecticut
https://www.ubereats.com/connecticut/food-delivery/taste-of-india/epLDThyORQOr2b_zv8lACg,farmington-connecticut
https://www.ubereats.com/connecticut/food-delivery/mcdonalds-unionville/yAwC2SGzQpW-UpbVR4eflQ,farmington-connecticut
https://www.ubereats.com/connecticut/food-delivery/dreas-kitchen/_bYvontJQri8CBlZ5PCEDA,farmington-connecticut
https://www.ubereats.com/connecticut/food-delivery/himalaya-restaurant/RcHlpomoRNKyXnhenIkfPg,farmington-connecticut
https://www.ubereats.com/connecticut/food-delivery/mcdonalds-plainville-maple/u_BAs9xHQYS1G4LisS_4GQ,farmington-connecticut
https://www.ubereats.com/connecticut/food-delivery/friendlys-3420-berlin-turnpike/WnQTeZK5Tjyyjn9T9buC-w,farmington-connecticut
https://www.ubereats.com/connecticut/food-delivery/kfc-412-west-main-street/a6HyqKLkSp2oDRhlTpnd5w,farmington-connecticut
https://www.ubereats.com/connecticut/food-delivery/new-china/3FlvoIu8Q72Mh8CTMoRaGw,farmington-connecticut
https://www.ubereats.com/connecticut/food-delivery/el-paso-restaurant-6-e-main-st/5webQwbZR-SRNHgi97n1XQ,farmington-connecticut
https://www.ubereats.com/connecticut/food-delivery/the-bar/XlExe-BeSt21aT-nP6hSzw,farmington-connecticut
https://www.ubereats.com/connecticut/food-delivery/matty-ds-restaurant-and-bar/Hf1aojk1SPGsCG2b2CzcIg,farmington-connecticut
https://www.ubereats.com/connecticut/food-delivery/restaurant-bricco/ViZCXYKPRxOBD4cOBSRFRw,farmington-connecticut
https://www.ubereats.com/connecticut/food-delivery/dunkin-450-s-main-st/SfhiugcvQuy9Yfdt75b_Xw,farmington-connecticut
https://www.ubereats.com/connecticut/food-delivery/the-flying-monkey-grill-%26-bar/08-Da2HZSTekh5E4KjVjtA,farmington-connecticut
https://www.ubereats.com/connecticut/food-delivery/roma-sports-bar-%26-grill/cGCTjTCPR0-8jTqS-s3irQ,farmington-connecticut
https://www.ubereats.com/connecticut/food-delivery/lukes-donut-shop/2HulGh5ATAyhihMUc6NW1w,farmington-connecticut
https://www.ubereats.com/connecticut/food-delivery/bears-smokehouse-hartford/Gi8qKdM4Rr6IGrQ5aNA3xQ,farmington-connecticut
https://www.ubereats.com/connecticut/food-delivery/kfc-31-town-line-road/2t1l4z8jQGS0ipOFmqa3zQ,farmington-connecticut
https://www.ubereats.com/connecticut/food-delivery/the-greenway-market/KPvH9IjlQSKhie7D9c3VoA,farmington-connecticut
https://www.ubereats.com/connecticut/food-delivery/pizza-master/JAzPwECpTnqnjKwCYeUQMA,farmington-connecticut
https://www.ubereats.com/connecticut/food-delivery/the-boss-grill/MFnupoVkQR-cNwgASTg8Bw,farmington-connecticut
https://www.ubereats.com/connecticut/food-delivery/five-guys-ct-0212-278-scott-swamp-rd/RlzRNoOvRtiZjAtIbxNQIw,farmington-connecticut
https://www.ubereats.com/connecticut/food-delivery/cinnabon-1500-new-britain-avenue/fJSNo82WQW-hlW8cg6BM0Q,farmington-connecticut
https://www.ubereats.com/connecticut/food-delivery/ninja-japan/xgN_Rh9jS6S1Lc3HbpTJUA,farmington-connecticut
https://www.ubereats.com/connecticut/food-delivery/taco-bell-1250-farmington-ave/SFMG7eg9SXyEwl2Y2mOqng,farmington-connecticut
https://www.ubereats.com/connecticut/food-delivery/moes-southwest-grill-641-farmington-avenue/iGdIN2fWTSWQFzgW9RqXkw,farmington-connecticut
https://www.ubereats.com/connecticut/food-delivery/the-elbow-room/otY0lERjQ46OjZXX6w8ZCw,farmington-connecticut
https://www.ubereats.com/connecticut/food-delivery/tokyo-sushi/uEB9zXovQ9erVzdWvvgJ8w,farmington-connecticut
https://www.ubereats.com/connecticut/food-delivery/bills-farmington-ave-pizza/MHg_fkPtRN-5OILTi-WQ-Q,farmington-connecticut
https://www.ubereats.com/connecticut/food-delivery/luen-hop-chinese-take-out/gHnDd5X1S1ye8sp9GSwXog,farmington-connecticut
https://www.ubereats.com/connecticut/food-delivery/wood-n-tap-newington/CmxaqoPuSv2OGjWn7LY4YQ,farmington-connecticut
https://www.ubereats.com/connecticut/food-delivery/the-ice-cream-shop/9onUKOrSRH-mg2068rx8wA,farmington-connecticut
https://www.ubereats.com/connecticut/food-delivery/jackies-gourmet-restaurant/Efw6SLH5T8aA5RnICYN5cw,farmington-connecticut
https://www.ubereats.com/connecticut/food-delivery/chipotle-mexican-grill-1457-new-britain-ave/jjvu8BqDRgqfnG6dIdH5BQ,farmington-connecticut
https://www.ubereats.com/connecticut/food-delivery/arbys-3206-berlin-turnpike/Ta9XtSCUSBmrfPiltFKIsg,farmington-connecticut
https://www.ubereats.com/connecticut/food-delivery/mamas-authentic-spanish-food/SuBZTQWgTzeRGi574FE2pQ,farmington-connecticut
https://www.ubereats.com/connecticut/food-delivery/bertuccis-380-west-main-street-rte-44/ZfmI3qyjTuG1Sl8csYvquA,farmington-connecticut
https://www.ubereats.com/connecticut/food-delivery/taco-bell-19-shunpike-road/x3NYdc8aS9GbnYpI6z08CQ,farmington-connecticut
https://www.ubereats.com/connecticut/food-delivery/new-view-garden/dzhv2sXpRGy-kkgBza7ahw,farmington-connecticut
https://www.ubereats.com/connecticut/food-delivery/lemon-mint-bites-%26-salad-bar-new-britain/IlacUcunSNS49ADn-qy3lQ,farmington-connecticut
https://www.ubereats.com/connecticut/food-delivery/arugula/gBeCfTiRTCmPEiGe2CUtWg,farmington-connecticut
https://www.ubereats.com/connecticut/food-delivery/new-china-house/XNse5CvXTiWv-s0QvSInKQ,farmington-connecticut
https://www.ubereats.com/connecticut/food-delivery/tgi-fridays-692-newington-ct/mEoWEGfmTdK5hTC5svTM6g,farmington-connecticut
https://www.ubereats.com/connecticut/food-delivery/texas-de-brazil-hartford/sjR7iO8eR0Odj1cVPgzngw,farmington-connecticut
https://www.ubereats.com/connecticut/food-delivery/dunkin-465-cottage-grove-rd/Yf4BeFViTCaluxeQmf_nDQ,farmington-connecticut
https://www.ubereats.com/connecticut/food-delivery/south-whitney-pizza/AfSXeO65SmqDCahruDl7IQ,farmington-connecticut
https://www.ubereats.com/connecticut/food-delivery/coji-kitchen/2hHGdvrWRlaIxuXBoYnNDw,farmington-connecticut
https://www.ubereats.com/connecticut/food-delivery/vivo-seasonal-trattoria/bVz3yxSsQ_muGkGyr2LzZw,farmington-connecticut
https://www.ubereats.com/connecticut/food-delivery/starbucks-city-place-asylum-street/8sJJX0Y8RtiGHqHtg_cOlA,farmington-connecticut
https://www.ubereats.com/connecticut/food-delivery/crepes-boulevard/BtnZxzJTQ3u4m4mggDgLFA,farmington-connecticut
https://www.ubereats.com/connecticut/food-delivery/harvest-bakery/T9-dznSWS3ipo6gONSLM3A,farmington-connecticut
https://www.ubereats.com/connecticut/food-delivery/mofongo/zU2UTxK_QLm-sC_ZO4oZSg,farmington-connecticut
https://www.ubereats.com/connecticut/food-delivery/luna-pizza/Zaf0M9FISTC7R45HDG9_LQ,farmington-connecticut
https://www.ubereats.com/connecticut/food-delivery/wings-over-bristol/aK3ivKlbTPih2fKHdLGaJQ,farmington-connecticut
https://www.ubereats.com/connecticut/food-delivery/royal-fusion/YmqwHezJQkyZy4EQGd7AiA,farmington-connecticut
https://www.ubereats.com/connecticut/food-delivery/royal-pizza-house/X6WjSrhHQYendw6CMd53Dw,farmington-connecticut
https://www.ubereats.com/connecticut/food-delivery/honey-baked-ham-2657-berlin-turnpike/uDES83VBQceWHndSZxv1Tw,farmington-connecticut
https://www.ubereats.com/connecticut/food-delivery/burger-king-ct-6807/LWgn_2UlSKO4YpbDdCvwLA,farmington-connecticut
https://www.ubereats.com/connecticut/food-delivery/oc-2-go/r7j0pFqwRHO_l-n_3fXOBw,farmington-connecticut
https://www.ubereats.com/connecticut/food-delivery/chipotle-mexican-grill-3575-berlin-tpke-unit-b/JRSPhNeUQteejOi5F7ekZg,farmington-connecticut
https://www.ubereats.com/connecticut/food-delivery/on-the-border-rocky-hill/fZIA5QXzQbGLkXWFpgmJAw,farmington-connecticut
https://www.ubereats.com/connecticut/food-delivery/el-tepeyac-mexican-restaurant/4uG69I44S12yOWbgxDZtyg,farmington-connecticut
https://www.ubereats.com/connecticut/food-delivery/nardellis-grinder-shoppe-southington/pmQ5zvU_R-63DgG9oJC9-A,farmington-connecticut
https://www.ubereats.com/connecticut/food-delivery/pokemoto-west-hartford-ct/45_DultbQ7i0NXt8YTRptA,farmington-connecticut
https://www.ubereats.com/connecticut/food-delivery/dunkin-397-cromwell-ave/A5lx4OAhRQSwGUQYiOrxhQ,farmington-connecticut
https://www.ubereats.com/connecticut/food-delivery/kfc-1000-blue-hills-avenue/_yXO6_74Q8qx3R_hAruINQ,farmington-connecticut
https://www.ubereats.com/connecticut/food-delivery/family-traditions-afe/1Mf_zI72TruVTm0tkyFZwQ,farmington-connecticut
https://www.ubereats.com/connecticut/food-delivery/republic-restaurant/KaSDJqxyQ62hw8_VCcqZrA,farmington-connecticut
https://www.ubereats.com/connecticut/food-delivery/hot-basil-thai-cafe/2cxgiUdrSHG5GK6qpWBfKA,farmington-connecticut
https://www.ubereats.com/connecticut/food-delivery/sakura-garden-glastonbury/LArHNPxdQauA5nvsLSe4OA,farmington-connecticut
https://www.ubereats.com/connecticut/food-delivery/ocho-cafe-hartford/xS8-UUpfSTmH4XDDkmjgLA,farmington-connecticut
https://www.ubereats.com/connecticut/food-delivery/the-green-teahouse/sKC60e1TQHyFeMJNgHP3mA,farmington-connecticut
https://www.ubereats.com/connecticut/food-delivery/mcdonalds-new-britain-main/44kmIiJoRGWhup_YUlP0IA,farmington-connecticut
https://www.ubereats.com/connecticut/food-delivery/piolin2-restaurant/WwXnpgXySCqebMFQFZP8zw,farmington-connecticut
https://www.ubereats.com/connecticut/food-delivery/wing-squad-avon/Cz5WeXlRT02Rq0Y8Aw97ew,farmington-connecticut
https://www.ubereats.com/connecticut/food-delivery/vivaldis-pizza-southington/7S1FlkHNTn-o9o62Mz8ngw,farmington-connecticut
https://www.ubereats.com/connecticut/food-delivery/wing-squad-glastonbury/uhs27t6aQ7G-OQT54qFwZA,farmington-connecticut
https://www.ubereats.com/connecticut/food-delivery/wings-over-newington/BJMDL43hTqq4wLbmTYqO2g,farmington-connecticut
https://www.ubereats.com/connecticut/food-delivery/brazil-grill-pizza-churrascaria/6qHD2dHbSKu_0PTRfZr9hw,farmington-connecticut
https://www.ubereats.com/connecticut/food-delivery/chosen-1-seafood/S-KCa3KlT4uUMRSDmQyfkQ,farmington-connecticut
https://www.ubereats.com/connecticut/food-delivery/la-casita-del-sabor-ii/AUkjYftVSiGTlDgXY5opPg,farmington-connecticut
https://www.ubereats.com/connecticut/food-delivery/bonchon-chicken-1491-new-britain-ave/GNPORduRSM2W31d0Rks62g,farmington-connecticut
https://www.ubereats.com/connecticut/food-delivery/more-than-just-lobster/SCmGdQuYT-yiUgGTYgG-Vg,farmington-connecticut
https://www.ubereats.com/connecticut/food-delivery/kettle-bagels/H6av5AzXTIC834gWxjG8EA,farmington-connecticut
https://www.ubereats.com/connecticut/food-delivery/harvest-country-store/bVFsKToRRGO03C9xgZTAlQ,farmington-connecticut
https://www.ubereats.com/connecticut/food-delivery/cromwell-diner/2g67XaxeRUuJWciPG-ZbAg,farmington-connecticut
https://www.ubereats.com/connecticut/food-delivery/carvel-2864-a-main-street/QMRa8OQkR9SIzSH6QkwILw,farmington-connecticut
https://www.ubereats.com/connecticut/food-delivery/romanos-pizza-grill-italian-restaurant/A33smusoQpGIIO4wozGhoA,farmington-connecticut
https://www.ubereats.com/connecticut/food-delivery/pizzapie-wood-fire-pizza/q49mcuwSTymM7nhxfkZNmw,farmington-connecticut
https://www.ubereats.com/connecticut/food-delivery/taco-bell-20-e-main-st/rWNIKyYZQsykaVZd-BJLfg,farmington-connecticut
https://www.ubereats.com/connecticut/food-delivery/oc-kitchen-bar/6iQIsq9YSeilm0koRpLrRA,farmington-connecticut
https://www.ubereats.com/connecticut/food-delivery/big-cheese-pizza/rTVRqyIESLOYWNAFvfcwlg,farmington-connecticut
https://www.ubereats.com/connecticut/food-delivery/mcdonalds-hartford-washngt/BfYyeHWmSkuLGe3pnv5iMw,farmington-connecticut
https://www.ubereats.com/connecticut/food-delivery/burger-king-186-prospect-avenue/oIN9_0wUSJuNU0RvmAO6zQ,farmington-connecticut
https://www.ubereats.com/connecticut/food-delivery/chipotle-mexican-grill-1084-silas-deane-hwy/8rLaSz0MSga_IXtgwwr46Q,farmington-connecticut
https://www.ubereats.com/connecticut/food-delivery/village-pizza-halal-restaurant/c-Ath6guTieiBbQdxVhtdQ,farmington-connecticut
https://www.ubereats.com/connecticut/food-delivery/bgood-canton/Wc0zq3FyRDeM7XmNKZggQA,farmington-connecticut
https://www.ubereats.com/connecticut/food-delivery/taco-bell-5-westfarms-mall/KpqVcYZPRNSXGHh2-hPObg,farmington-connecticut
https://www.ubereats.com/connecticut/food-delivery/mooyah-burgers-24-fenn-rd/ZGeEirGCR1mMQZoeQfPUsw,farmington-connecticut
https://www.ubereats.com/connecticut/food-delivery/hartford-baking-co/HINFtWfSRXGOof7dzdFl-A,farmington-connecticut
https://www.ubereats.com/connecticut/food-delivery/vivaldis-pizza-avon/340F-kwyRP6UJ30jPzbfcw,farmington-connecticut
https://www.ubereats.com/connecticut/food-delivery/legends-sports-bar-and-grill/ChAONs9kSbqe4H7X8x-MKA,farmington-connecticut
https://www.ubereats.com/connecticut/food-delivery/el-nuevo-sarape-restaurant/sspTAPNYT_2eQUpS4mKf8Q,farmington-connecticut
https://www.ubereats.com/connecticut/food-delivery/carvel-401-west-main-street/EhtX6u9iR-iK8wHc2TCnuw,farmington-connecticut
https://www.ubereats.com/connecticut/food-delivery/parrilla-y-sabores/xFQJB788Qmq17IA-k2bbkA,farmington-connecticut
https://www.ubereats.com/connecticut/food-delivery/mizzu-asian-bistro/JyFfZAyXQw6PgZUbfZU8xQ,farmington-connecticut
https://www.ubereats.com/connecticut/food-delivery/pho-ever/eCz08aNlRc-1FeoNRFyZNw,farmington-connecticut
https://www.ubereats.com/connecticut/food-delivery/utsav-indian-cuisine-wethersfield/DmPOsXmFRm-zvOHU38_q4A,farmington-connecticut
https://www.ubereats.com/connecticut/food-delivery/new-china-garden-poke/KmmbSvIKQg2avRJ19c9ReA,farmington-connecticut
https://www.ubereats.com/connecticut/food-delivery/taste-of-jamaica/7snO9QNcRoO1R7uBwQ29RQ,farmington-connecticut
https://www.ubereats.com/connecticut/food-delivery/sisson-pizza/mFJB70b4R7y62OCnk_-_3g,farmington-connecticut
https://www.ubereats.com/connecticut/food-delivery/el-pollo-guapo-hartford/QYVZ0AKKSXCKkWo5xWOjug,farmington-connecticut
https://www.ubereats.com/connecticut/food-delivery/krispy-krunchy-chicken-687-arch-st/JMZdo6LGTFOmm4gt2ijYLA,farmington-connecticut
https://www.ubereats.com/connecticut/food-delivery/the-kitchen-eatery-and-lounge/7wiaew0gRpWifNPk0XLzdA,farmington-connecticut
https://www.ubereats.com/connecticut/food-delivery/fung-chinese-restaurant/uSJzCzliQFWUN0PirqUDAA,farmington-connecticut
https://www.ubereats.com/connecticut/food-delivery/juneli-india-kitchen/RBMsxf10QbWLK8y7av8oug,farmington-connecticut
https://www.ubereats.com/connecticut/food-delivery/js-crabshack/Rd8oNSkJRf6n4U8LYkpP3Q,farmington-connecticut
https://www.ubereats.com/connecticut/food-delivery/max-burger/yXhuij7ETP-nDj2FAM8I3A,farmington-connecticut
https://www.ubereats.com/connecticut/food-delivery/fire-n-spice-restaurant-and-bakery-capitol-ave/0ixdyrqKRliL6KioNT97QQ,farmington-connecticut
https://www.ubereats.com/connecticut/food-delivery/joeys-pizza-pie/6uWKLn2TQ1WRxtF7PFTtYw,farmington-connecticut
https://www.ubereats.com/connecticut/food-delivery/kfc-866-queen-street/apdNa2vZQkWFQE5U3elw9g,farmington-connecticut
https://www.ubereats.com/connecticut/food-delivery/mcdonalds-berlin-n-britain/dNhCmXwFRWuAAQn8-hA7YQ,farmington-connecticut
https://www.ubereats.com/connecticut/food-delivery/kfc-779-albany-avenue/Zd3gJ-g1TMypJUysccdUDg,farmington-connecticut
https://www.ubereats.com/connecticut/food-delivery/kennedy-fried-chicken/DROy9XQ3Q9O_8VwAh-4C6g,farmington-connecticut
https://www.ubereats.com/connecticut/food-delivery/blue-ginger-vegan-thai/iL1Fx_dVTT2dlFw8NbI2xg,farmington-connecticut
https://www.ubereats.com/connecticut/food-delivery/hooters-wethersfield/GMzH7gdjSfeESYXeASj2iA,farmington-connecticut
https://www.ubereats.com/connecticut/food-delivery/burger-king-70-airport-road/21BF082dS92JU1kuHDbaGQ,farmington-connecticut
https://www.ubereats.com/connecticut/food-delivery/starbucks-fenn-road-plaza/M29FnFp0QcKUiHDmbgGLwg,farmington-connecticut
https://www.ubereats.com/connecticut/food-delivery/nicks-pizza/pDtWw7dGRwqjwEz0nGNW7g,farmington-connecticut
