url,city
https://www.ubereats.com/nyc-suburbs/food-delivery/dunkin-628-horseblock-rd/ZhDvuwJYQQSl9omRqbQdmg,farmingville-new-york
https://www.ubereats.com/nyc-suburbs/food-delivery/orto/T-iEtCRgTpSuBeYaQrBz4w,farmingville-new-york
https://www.ubereats.com/nyc-suburbs/food-delivery/mt-sinai-bagels-your-way/5t3kBmP9TmiBVBXG4SXi0g,farmingville-new-york
https://www.ubereats.com/nyc-suburbs/food-delivery/go-burger-ridge-ny/Y-vm4MBcTHyEsTMJxzNlTw,farmingville-new-york
https://www.ubereats.com/nyc-suburbs/food-delivery/hau-po-chinese-restaurant/D7sjuaG4TXyKLQ_Dob4RGQ,farmingville-new-york
https://www.ubereats.com/nyc-suburbs/food-delivery/subway-350-middle-country-rd/4PrbFgqqT86DM2ngPs0OnQ,farmingville-new-york
https://www.ubereats.com/nyc-suburbs/food-delivery/setauket-pastaria/lYQfFb9qT96IkCpuc0Plow,farmingville-new-york
https://www.ubereats.com/nyc-suburbs/food-delivery/sophias-restaurant/a29wQMNZTqq-3LfUJUtRQQ,farmingville-new-york
https://www.ubereats.com/nyc-suburbs/food-delivery/outback-steakhouse-5040-nesconset-highway/f6CQppQmTB2qPSJWGFHX-A,farmingville-new-york
https://www.ubereats.com/nyc-suburbs/food-delivery/waffle-shack/KcEUNFcXTLSOiDaM7WACyA,farmingville-new-york
https://www.ubereats.com/nyc-suburbs/food-delivery/salsa-salsa-smithtown/boxuKd8IRDuoOabtEGug1g,farmingville-new-york
https://www.ubereats.com/nyc-suburbs/food-delivery/dunkin-1075-portion-rd/WimQSN4NRQqATb4t0q4KCw,farmingville-new-york
https://www.ubereats.com/nyc-suburbs/food-delivery/5-brothers-fried-chicken-and-waffles/MeB_EU_7SHavqYaomhyVRA,farmingville-new-york
https://www.ubereats.com/nyc-suburbs/food-delivery/ruby-tuesday-700-patchogue-yaphank-road/hukYPzudTRKw5qMQ7E-cDw,farmingville-new-york
https://www.ubereats.com/nyc-suburbs/food-delivery/village-bistro/c-SclDHqQ9ubcxYoGs27XA,farmingville-new-york
https://www.ubereats.com/nyc-suburbs/food-delivery/meltology/Bk8wo-_PSo2mD8B6EpTErw,farmingville-new-york
https://www.ubereats.com/nyc-suburbs/food-delivery/popeis-coram/6xfTeOjJRZ-12wzHzmcIzw,farmingville-new-york
https://www.ubereats.com/nyc-suburbs/food-delivery/dos-mexi-cuban/RGwtZ-aRQ_O8yKsIsCHQzA,farmingville-new-york
https://www.ubereats.com/nyc-suburbs/food-delivery/bloomberg-bagels/338Oq2A9QDCpq8hkLT-IFA,farmingville-new-york
https://www.ubereats.com/nyc-suburbs/food-delivery/kabul-halal-grill/blDjZTK7QkmgPBcLJblSIQ,farmingville-new-york
https://www.ubereats.com/nyc-suburbs/food-delivery/sophias-pizza-cafe/82D41Z06QtWN83GqIGgfXw,farmingville-new-york
https://www.ubereats.com/nyc-suburbs/food-delivery/mediterranean-kitchen-mastic/dYJAuV_eS9uw1s4DXi5vsA,farmingville-new-york
https://www.ubereats.com/nyc-suburbs/food-delivery/the-cuban-patchogue/hQnPzBMDQQyhRn8-SpJAWw,farmingville-new-york
https://www.ubereats.com/nyc-suburbs/food-delivery/benkerts-bakery/6TNGH0fLTNe2nycUda2BuA,farmingville-new-york
https://www.ubereats.com/nyc-suburbs/food-delivery/mrs-poke-bowl-cafe/k0uMk-gWSyOKeS1o2UrAlw,farmingville-new-york
https://www.ubereats.com/nyc-suburbs/food-delivery/i-heart-mac-and-cheese-patchogue/k3mLnjFsTSq7iQ79hpLuNA,farmingville-new-york
https://www.ubereats.com/nyc-suburbs/food-delivery/kfc-533-medford-ave/EaAh6aoUQ0KWdDy5nwYgbw,farmingville-new-york
https://www.ubereats.com/nyc-suburbs/food-delivery/munchies-to-your-door/-v9f-LRjSSuiMO5M6CmE0w,farmingville-new-york
https://www.ubereats.com/nyc-suburbs/food-delivery/%E8%81%9A%E5%BE%B7%E6%A5%BC/aoQeVqv6T-a5C_jfJMyzcA,farmingville-new-york
https://www.ubereats.com/nyc-suburbs/food-delivery/crazy-pies-bistro-and-pizzeria/zGItquFARuKWl6UEUhKp-Q,farmingville-new-york
https://www.ubereats.com/nyc-suburbs/food-delivery/recipe-seven-cocktails-and-kitchen/oy1S98YaTri_u2f3QkaPaA,farmingville-new-york
https://www.ubereats.com/nyc-suburbs/food-delivery/china-east-selden/VIqKJAt6Rc-10na6YyPzgQ,farmingville-new-york
https://www.ubereats.com/nyc-suburbs/food-delivery/hometown-bake-shop-patchogue/3P39GKc2R66Tf_VsrYcl7g,farmingville-new-york
https://www.ubereats.com/nyc-suburbs/food-delivery/carnival-restaurant/CW-_Io4dTny4CtQBzg1RLA,farmingville-new-york
https://www.ubereats.com/nyc-suburbs/food-delivery/rudis/zeNudfWQRD6jSCnzdL-U8g,farmingville-new-york
https://www.ubereats.com/nyc-suburbs/food-delivery/crazy-beans-miller-place/OCbddKJyQoutj11Qgz8NdQ,farmingville-new-york
https://www.ubereats.com/nyc-suburbs/food-delivery/new-yee-wo-kitchen/-uclSl5QTvKDgzLHUqW6Wg,farmingville-new-york
https://www.ubereats.com/nyc-suburbs/food-delivery/kfc-centereach/7FMjaLdmTGuZoD1GvR1qwg,farmingville-new-york
https://www.ubereats.com/nyc-suburbs/food-delivery/crazy-bowls-acai-bowls-%26-more/wsuJ31fwQgCS79NuPHg_7A,farmingville-new-york
https://www.ubereats.com/nyc-suburbs/food-delivery/crazy-crepe-cafe-lake-ronkonkoma/V34VFH0HTWasu_FvQdFT4A,farmingville-new-york
https://www.ubereats.com/nyc-suburbs/food-delivery/checkers-1115-middle-country-rd/ythCRM1iQwGX7gH_VaSGOg,farmingville-new-york
https://www.ubereats.com/nyc-suburbs/food-delivery/dunkin-223-smithtown-blvd/k5mzSxmgRg-337xfCLu1dg,farmingville-new-york
https://www.ubereats.com/nyc-suburbs/food-delivery/viva-juan-restaurant/sdQxCZzoRfqOF4c89U7u4w,farmingville-new-york
https://www.ubereats.com/nyc-suburbs/food-delivery/seaqua-deli-and-caterers-of-patchogue/_TFmioymSiWJm6WjJCZVdA,farmingville-new-york
https://www.ubereats.com/nyc-suburbs/food-delivery/metropolis-diner/Ww81MA18T1GsU5AjhJaF7g,farmingville-new-york
https://www.ubereats.com/nyc-suburbs/food-delivery/the-good-steer/eY10wE3VTk6v5shwCpsyXA,farmingville-new-york
https://www.ubereats.com/nyc-suburbs/food-delivery/hamza-halal-food/xPvNhTDRQY2FYnVZiVYavQ,farmingville-new-york
https://www.ubereats.com/nyc-suburbs/food-delivery/halal-on-wheels-selden/7by5WCdOTVSBvNCLO-e7gg,farmingville-new-york
https://www.ubereats.com/nyc-suburbs/food-delivery/brugmans-deli/7Z03prYsR9Orn-DbhtbL3A,farmingville-new-york
https://www.ubereats.com/nyc-suburbs/food-delivery/carvel-2195-middle-country-rd/QE2Va_ZxSQeMlZIV428YYw,farmingville-new-york
https://www.ubereats.com/nyc-suburbs/food-delivery/dunkin-350-middle-country-rd/fw5LRzqTRiSAM5wMDf85yw,farmingville-new-york
https://www.ubereats.com/nyc-suburbs/food-delivery/dunkin-33-montauk-hwy/r7Ci--wcS56_wW3a-ihzrQ,farmingville-new-york
https://www.ubereats.com/nyc-suburbs/food-delivery/dunkin-125-portion-rd/-VbDB8vYRt-dEbF4HWTQgg,farmingville-new-york
https://www.ubereats.com/nyc-suburbs/food-delivery/karvers-grille/PoeAb-odT_aCQ0SnIWmrUw,farmingville-new-york
https://www.ubereats.com/nyc-suburbs/food-delivery/taco-bell-551-william-floyd-parkway/psiMpNAeSVGiVmkGIov5SQ,farmingville-new-york
https://www.ubereats.com/nyc-suburbs/food-delivery/super-deli/4GRoSge0Tx62yYzkDjCmiQ,farmingville-new-york
https://www.ubereats.com/nyc-suburbs/food-delivery/friendly-bagel-cafe/iNUHqVHJROWLadQi3GCT_w,farmingville-new-york
https://www.ubereats.com/nyc-suburbs/food-delivery/mcdonalds-1710-route-112/rTBPcaf_Q8Ok1Kf6Pu1vNg,farmingville-new-york
https://www.ubereats.com/nyc-suburbs/food-delivery/burger-king-2488-nesconset-highway/Bl4Hy7iJR0mO-BsKqnH20g,farmingville-new-york
https://www.ubereats.com/nyc-suburbs/food-delivery/strong-island-heros/lE9LOiioRt2tSgvKYRKP6A,farmingville-new-york
https://www.ubereats.com/nyc-suburbs/food-delivery/waffle-shack/56WapGtPQ_ag5VPGk0ZE8w,farmingville-new-york
https://www.ubereats.com/nyc-suburbs/food-delivery/better-burger/5WX5XfRbSpqEOK2NExvHuQ,farmingville-new-york
https://www.ubereats.com/nyc-suburbs/food-delivery/taco-bell-4833-nesconset-hwy/ysdtgK4nSouOmVDaHFgp7w,farmingville-new-york
https://www.ubereats.com/nyc-suburbs/food-delivery/friendlys-700-80-rte-101/4IlxFoAlTbefzgCTQLVfZA,farmingville-new-york
https://www.ubereats.com/nyc-suburbs/food-delivery/vegan-seeds-of-india/TjLH5_OYRG66FHRppe01PQ,farmingville-new-york
https://www.ubereats.com/nyc-suburbs/food-delivery/chipotle-mexican-grill-601-portion-road/aEOIe8mfTl2joK7ivQCa6Q,farmingville-new-york
https://www.ubereats.com/nyc-suburbs/food-delivery/panera-1-college-plaza/VYfZFKk8TSqHKST6FvDHnw,farmingville-new-york
https://www.ubereats.com/nyc-suburbs/food-delivery/curry-kebob-house/IyX2NjtMTWq8W2Bpk9rV2w,farmingville-new-york
https://www.ubereats.com/nyc-suburbs/food-delivery/rhum/H1Q7TCh-TQCwk54GMnnwcA,farmingville-new-york
https://www.ubereats.com/nyc-suburbs/food-delivery/farmingville-liquor-%26-wine/YWO1rMtrQdetyq2_zwWStA,farmingville-new-york
https://www.ubereats.com/nyc-suburbs/food-delivery/burger-king-246-medford-ave/wqiWtSYMThSRlbRQAMRFdg,farmingville-new-york
https://www.ubereats.com/nyc-suburbs/food-delivery/roccos-amici-express-pizzeria/V0S25M-4RhOHYGV1jeKpCQ,farmingville-new-york
https://www.ubereats.com/nyc-suburbs/food-delivery/pops-pizza/mhUl4nB3SKyhXb_CSTm8IA,farmingville-new-york
https://www.ubereats.com/nyc-suburbs/food-delivery/popeyes-patchogue/S1c2qYnPSBeiVIJm5Yu-iw,farmingville-new-york
https://www.ubereats.com/nyc-suburbs/food-delivery/melts-wing-shop-smith-haven/p81_0jlDTmCbmD0rLiTc3g,farmingville-new-york
https://www.ubereats.com/nyc-suburbs/food-delivery/sweet-frog-sayville/S92IOsMvScSBlvUeK88MOQ,farmingville-new-york
https://www.ubereats.com/nyc-suburbs/food-delivery/ralphs-italian-ices-nesconset/1C2BUsBPSraDseKf20Q85g,farmingville-new-york
https://www.ubereats.com/nyc-suburbs/food-delivery/subway-1974-middle-country-rd/A0aocDDeRdiKVDkWu8JBgw,farmingville-new-york
https://www.ubereats.com/nyc-suburbs/food-delivery/michael-anthonys-pizzeria-and-restaurant/aTDUunX9QgCpC7WyHt2RGA,farmingville-new-york
https://www.ubereats.com/nyc-suburbs/food-delivery/quickstop-deli/7NLiCneDSAyMlu5mJjo-qA,farmingville-new-york
https://www.ubereats.com/nyc-suburbs/food-delivery/mcnulty-ice-cream-parlor/9byL8JNhTjKlRgwGBrK3nw,farmingville-new-york
https://www.ubereats.com/nyc-suburbs/food-delivery/kevs-deli/Uwu7gbkiTWeLMNCkbZJyTA,farmingville-new-york
https://www.ubereats.com/nyc-suburbs/food-delivery/best-express-halal-food/XImf_gczTlirK5H9e7olpw,farmingville-new-york
https://www.ubereats.com/nyc-suburbs/food-delivery/lotus-dynasty/ViIJiBD3Tl2EVgP_v2-BPg,farmingville-new-york
https://www.ubereats.com/nyc-suburbs/food-delivery/medford-pastaria/zi8aUGOtT2Sz3-sEGrLq8A,farmingville-new-york
https://www.ubereats.com/nyc-suburbs/food-delivery/one-stop-deli/Mo0gTPHkR7OF3lZ3cbN1qg,farmingville-new-york
https://www.ubereats.com/nyc-suburbs/food-delivery/wendys-259-middle-country-road/r91qleysRQ-w-RKNwHx9uA,farmingville-new-york
https://www.ubereats.com/nyc-suburbs/food-delivery/gerardos-pizza-%26-pasta/wqHQpTHeQ5mdz-bvdUoTuw,farmingville-new-york
https://www.ubereats.com/nyc-suburbs/food-delivery/shake-shack-2003-2093-smith-haven-plaza/tFKZMcaYSBqhPd-dRr5pZQ,farmingville-new-york
https://www.ubereats.com/nyc-suburbs/food-delivery/hummus-fits-c-o-hummus-mediterranean/klOwhMyASMWF7fn65yvzjQ,farmingville-new-york
https://www.ubereats.com/nyc-suburbs/food-delivery/dunkin-305-waverly-ave/bzismKc6RauD6elHWAeRxg,farmingville-new-york
https://www.ubereats.com/nyc-suburbs/food-delivery/carrabbas-730-smithtown-bypass/TzJ-IYp5S6eSxsQPmrBZMA,farmingville-new-york
https://www.ubereats.com/nyc-suburbs/food-delivery/subway-nicholls-rd-%26-long-island-expy/AC4ttHtsRSewZx7q_6hpMw,farmingville-new-york
https://www.ubereats.com/nyc-suburbs/food-delivery/red-lobster-5010-expressway-drive-south/a2PVLb3xRS-t3FIO7VSwYg,farmingville-new-york
https://www.ubereats.com/nyc-suburbs/food-delivery/friendlys-275-route-25a/hmAlX5GSRrSg7yPzEdnsng,farmingville-new-york
https://www.ubereats.com/nyc-suburbs/food-delivery/aliyana-pizzeria/EIZsfNZBRXeyuL8Yvf9koA,farmingville-new-york
https://www.ubereats.com/nyc-suburbs/food-delivery/brownstones-coffee-centereach/h0S8F0TPSFCYCg5SQBrPgA,farmingville-new-york
https://www.ubereats.com/nyc-suburbs/food-delivery/harbor-salads-lake-ronkonkoma/nIvDlezHTRuFE24i6F1cSg,farmingville-new-york
https://www.ubereats.com/nyc-suburbs/food-delivery/johnnys-burgers-centereach/QqrL4jxGTS6K6fkHtrzf0Q,farmingville-new-york
https://www.ubereats.com/nyc-suburbs/food-delivery/jamba-juice-stony-brook/rm7d2mTGQJiEdJk8m-2-Jw,farmingville-new-york
https://www.ubereats.com/nyc-suburbs/food-delivery/picante-tex-mex/Kb95HXorQLq_54ZmQz458w,farmingville-new-york
https://www.ubereats.com/nyc-suburbs/food-delivery/swolehouse-meals/qsl0_AttRh2LSuoxXECxXg,farmingville-new-york
https://www.ubereats.com/nyc-suburbs/food-delivery/dunkin-411-furrows-rd/k5_lvWFrRNWBqAlnhm6URA,farmingville-new-york
https://www.ubereats.com/nyc-suburbs/food-delivery/chipotle-mexican-grill-5181-sunrise-hwy/0L05SbZ2T6mg185CuFHlOA,farmingville-new-york
https://www.ubereats.com/nyc-suburbs/food-delivery/starbucks-islandia-ny/hZ_owgx9Rd6EMTAbuu2jLA,farmingville-new-york
https://www.ubereats.com/nyc-suburbs/food-delivery/best-meal-chinese-food/zBqS0kNgQ0OMe6LiGK8D6A,farmingville-new-york
https://www.ubereats.com/nyc-suburbs/food-delivery/mama-mias-pizza/j1qEINzoQUyGf50hzxDP8g,farmingville-new-york
https://www.ubereats.com/nyc-suburbs/food-delivery/machi-sushi/Xlt7K79NTAWwGafNfFYQVw,farmingville-new-york
https://www.ubereats.com/nyc-suburbs/food-delivery/james-joyce/2rwgMon6SsGx9Iph47mWzw,farmingville-new-york
https://www.ubereats.com/nyc-suburbs/food-delivery/harbor-wings-lake-ronkonkoma/8YJ2eVkcRXipnTrFWzUfEA,farmingville-new-york
https://www.ubereats.com/nyc-suburbs/food-delivery/the-neighbors-sports-grille-%26-wings/ltulHtv-Q1amUeaFoRQERQ,farmingville-new-york
https://www.ubereats.com/nyc-suburbs/food-delivery/blue-point-diner/E8ELpjAGSDmo7N3h102X1Q,farmingville-new-york
https://www.ubereats.com/nyc-suburbs/food-delivery/the-curry-club/vUEErIQoQfiCM5NXYyT-sA,farmingville-new-york
https://www.ubereats.com/nyc-suburbs/food-delivery/go-greek/2A346OXiSY6a6GeMezcEvQ,farmingville-new-york
https://www.ubereats.com/nyc-suburbs/food-delivery/haagen-dazs-312-smith-haven-mall/CiPGHv0YTCC2TN7AlaUMLQ,farmingville-new-york
https://www.ubereats.com/nyc-suburbs/food-delivery/pizza-corner-medford/aivWHotxQ4ik3mysuut6CA,farmingville-new-york
https://www.ubereats.com/nyc-suburbs/food-delivery/melt-shop-smith-haven-mall/pTna9icqSL23fmDYcfpERg,farmingville-new-york
https://www.ubereats.com/nyc-suburbs/food-delivery/dairy-queen-grill-%26-chill-2846-rt-112/0IJWSvWJSLqPB_j_TmaWqw,farmingville-new-york
https://www.ubereats.com/nyc-suburbs/food-delivery/margaritas-cafe-port-jefferson-station/P_6ib7NzRdWioLjotdeJjA,farmingville-new-york
https://www.ubereats.com/nyc-suburbs/food-delivery/wayback-burger-490-mastic-rd/NGvI9fI6TfOs1qLHXMGCBw,farmingville-new-york
https://www.ubereats.com/nyc-suburbs/food-delivery/crazy-bowls-acai-bowls-%26-more/KuiXrh7gRuuT7QEsrmo1oA,farmingville-new-york
https://www.ubereats.com/nyc-suburbs/food-delivery/taco-bell-2425-n-ocean-ave/-d-fbS5iTqODS-cp6RzMiQ,farmingville-new-york
https://www.ubereats.com/nyc-suburbs/food-delivery/china-jade/ZVYTU6ReQSauWbwXycoL_w,farmingville-new-york
https://www.ubereats.com/nyc-suburbs/food-delivery/friendlys-210-montauk-hwy/aezHhIoFTOWU-Xl104HWeg,farmingville-new-york
https://www.ubereats.com/nyc-suburbs/food-delivery/dunkin-2165-middle-country-rd/C6XcM_ylR12O8_2JooV1Hg,farmingville-new-york
https://www.ubereats.com/nyc-suburbs/food-delivery/chipotle-mexican-grill-2093-smithaven-plaza/frYJUsHDTVWfNc_hehx9uA,farmingville-new-york
https://www.ubereats.com/nyc-suburbs/food-delivery/tropical-smoothie-cafe-centereach-mall/PLW1S-U1RT6Mfe-Yw7o3_w,farmingville-new-york
https://www.ubereats.com/nyc-suburbs/food-delivery/burger-king-32-montauk-highway/b34nZ-_IQAOMfpJAvYPS3Q,farmingville-new-york
https://www.ubereats.com/nyc-suburbs/food-delivery/taco-bell-773-smithtown-bypass/AvPfYhwKRzOTpkUaCPgLnw,farmingville-new-york
https://www.ubereats.com/nyc-suburbs/food-delivery/island-lake-diner/S18VA0gpTGSxLr6qVlasNg,farmingville-new-york
https://www.ubereats.com/nyc-suburbs/food-delivery/kira-sushi/-RTG2TcDR4-fPJOlT208WA,farmingville-new-york
https://www.ubereats.com/nyc-suburbs/food-delivery/la-fonda-latino-grill/RUiX6dQzQ06-Nq4SdeJ4sA,farmingville-new-york
https://www.ubereats.com/nyc-suburbs/food-delivery/carman-street-deli/Au5MvHdMS3qo2n3uZOZ_-Q,farmingville-new-york
https://www.ubereats.com/nyc-suburbs/food-delivery/moes-southwest-grill-243-centereach-mall/UlAMbusJRpyWVeUmaUmTng,farmingville-new-york
https://www.ubereats.com/nyc-suburbs/food-delivery/bagels-your-way-selden-plaza/CMp7eWJAQlm3SYLt_-uThA,farmingville-new-york
https://www.ubereats.com/nyc-suburbs/food-delivery/familia-bakery/3KCZnf9eRn6KdRdee2V7uQ,farmingville-new-york
https://www.ubereats.com/nyc-suburbs/food-delivery/paulys-pizza-%26-pasta/bbwoPTY4QIC3iQww2jl5Bg,farmingville-new-york
https://www.ubereats.com/nyc-suburbs/food-delivery/yum-yum-dumplings/hR_fn2cgSOWQAQAm57dEMQ,farmingville-new-york
https://www.ubereats.com/nyc-suburbs/food-delivery/the-captains-boil-700-patchogue-yaphank-road/S1-VHF4GSwGnGVN17VS5MQ,farmingville-new-york
https://www.ubereats.com/nyc-suburbs/food-delivery/homerun-heros/dJZWntIoSy26b2sbIjb2Yg,farmingville-new-york
https://www.ubereats.com/nyc-suburbs/food-delivery/subway-43-railroad-ave/ECCiyr36TymITux4nQ8ojQ,farmingville-new-york
https://www.ubereats.com/nyc-suburbs/food-delivery/sapore-fino/Z4hse3tPRomLmYtIalFe_A,farmingville-new-york
https://www.ubereats.com/nyc-suburbs/food-delivery/roast-coffee-%26-tea-trading-company/_uxgdKbmR668zg4bOU1hdQ,farmingville-new-york
https://www.ubereats.com/nyc-suburbs/food-delivery/harbor-burgers-lake-ronkonkoma/DEkF-wpyQZu8FsYqmuMCxA,farmingville-new-york
https://www.ubereats.com/nyc-suburbs/food-delivery/curry-home/WMGJNvtVQzq77aplCjP0HA,farmingville-new-york
https://www.ubereats.com/nyc-suburbs/food-delivery/del-fuego-st-james/0MNnW3HZSMOWaRTE4-ajpg,farmingville-new-york
https://www.ubereats.com/nyc-suburbs/food-delivery/lotus-garden/avs_k7Q0SiuPBWHjsenJ-A,farmingville-new-york
https://www.ubereats.com/nyc-suburbs/food-delivery/chicos-deli/IunNEbSzQKaKdQscGC5Qqw,farmingville-new-york
https://www.ubereats.com/nyc-suburbs/food-delivery/texas-taco/uPEjxE1hRvCeBVwbdXEorw,farmingville-new-york
https://www.ubereats.com/nyc-suburbs/food-delivery/bagels-your-way-medford/n6N52GjkSju_Egt5tPNm8A,farmingville-new-york
https://www.ubereats.com/nyc-suburbs/food-delivery/toxic-wings-st-james/6lPXYY5bQP2CKA9mDtFsmQ,farmingville-new-york
https://www.ubereats.com/nyc-suburbs/food-delivery/tonys-pizza/R2vom11ySAWZGHZHZQ6gxQ,farmingville-new-york
https://www.ubereats.com/nyc-suburbs/food-delivery/uncle-giuseppes-marketplace-port-jefferson/SNkHUwzuTnOan0LtG7vgfA,farmingville-new-york
https://www.ubereats.com/nyc-suburbs/food-delivery/bellas-bagels-n-deli/FTidQ4ikSke9CV6bDeKEvA,farmingville-new-york
https://www.ubereats.com/nyc-suburbs/food-delivery/mount-sinai-bagel-cafe/4pdBWGIJRmGotPRcXKFYMw,farmingville-new-york
https://www.ubereats.com/nyc-suburbs/food-delivery/five-guys-ny-1330-5120-nesconset-hwy/6sJLTAYJRzOZnu_nBIsSug,farmingville-new-york
https://www.ubereats.com/nyc-suburbs/food-delivery/caribbean-spot-coram/StY2urDRQjW0jpHpZkdU5g,farmingville-new-york
https://www.ubereats.com/nyc-suburbs/food-delivery/%E5%B0%8F%E5%9B%9B%E5%B7%9D-xiao-si-chuan/DjgtDWJuSTGaIPl7rnrwZw,farmingville-new-york
https://www.ubereats.com/nyc-suburbs/food-delivery/del-fuego-patchogue/02Q7TXqrQj6nt8POWoxKuQ,farmingville-new-york
https://www.ubereats.com/nyc-suburbs/food-delivery/jejojo-bagels/xuakIYPaTr64e_YU6L5iGQ,farmingville-new-york
https://www.ubereats.com/nyc-suburbs/food-delivery/amans-texmex/FbuNT2fMRSaXXb6MJKv45Q,farmingville-new-york
https://www.ubereats.com/nyc-suburbs/food-delivery/the-wing-experience-5012-express-drive-south/bNaABnWJRi-BSCTKwq1h2w,farmingville-new-york
https://www.ubereats.com/nyc-suburbs/food-delivery/tofu-spring/4WDc3ETGSCCYq89mvyUCFA,farmingville-new-york
https://www.ubereats.com/nyc-suburbs/food-delivery/margaritas-cafeport-jefferson-stattion/mx9TLZeIRpifgffl5xKDgw,farmingville-new-york
https://www.ubereats.com/nyc-suburbs/food-delivery/pita-house/K5gEf6PESyqMbWWxyI6ccQ,farmingville-new-york
https://www.ubereats.com/nyc-suburbs/food-delivery/chipotle-mexican-grill-1064-route-112/pc3_FVPETr2ACgV49Mw0XQ,farmingville-new-york
https://www.ubereats.com/nyc-suburbs/food-delivery/ralphs-famous-italian-ices-and-ice-cream/s4KeyvR1QgeGEIEyyEeoMg,farmingville-new-york
https://www.ubereats.com/nyc-suburbs/food-delivery/di-jamaican-docbird-restaurant-inc/8mM7gE32TamyhUMRmCMcbg,farmingville-new-york
https://www.ubereats.com/nyc-suburbs/food-delivery/cajun-claws/-DxMt2hHRkyuSsJ-6lNBBQ,farmingville-new-york
https://www.ubereats.com/nyc-suburbs/food-delivery/dunkin-286-express-drive-south/DMEXg2NGQt2FBTgnH4KouQ,farmingville-new-york
https://www.ubereats.com/nyc-suburbs/food-delivery/wingstop-1759-middle-country-rd/0w0EdChvRcOAYF6Z51Ac1w,farmingville-new-york
https://www.ubereats.com/nyc-suburbs/food-delivery/friendlys-201-hallock-rd/_rrEslquSUyUmhSwvN61WA,farmingville-new-york
https://www.ubereats.com/nyc-suburbs/food-delivery/salsa-salsa/-ritO6FRTzGlJVrC81Wy4w,farmingville-new-york
https://www.ubereats.com/nyc-suburbs/food-delivery/carvel-480-patchogue-holbrook-rd/Sv8EtDnOTAq7JmXqs74Ctw,farmingville-new-york
https://www.ubereats.com/nyc-suburbs/food-delivery/tofu-chinese-%26-japanese-restaurant/EmfTpv6lT8OfbrmWG0nAxA,farmingville-new-york
https://www.ubereats.com/nyc-suburbs/food-delivery/brendels-of-ny-bagels-and-eatery/k3iNLzYFRgWTcFgYniFLbQ,farmingville-new-york
https://www.ubereats.com/nyc-suburbs/food-delivery/dunkin-369-e-main-st/SOqiMlwGRuK6SGIkpYOCog,farmingville-new-york
https://www.ubereats.com/nyc-suburbs/food-delivery/dennys-255-centereach-mall/aYdRZ16DQv6RuZpklMTGkg,farmingville-new-york
https://www.ubereats.com/nyc-suburbs/food-delivery/that-meetball-place-patchogue/s-UikbXUTsuE31KtmiY5SA,farmingville-new-york
https://www.ubereats.com/nyc-suburbs/food-delivery/mcdonalds-2301-n-ocean-ave/cgx48d_URa2Pn5JyZYrmGg,farmingville-new-york
https://www.ubereats.com/nyc-suburbs/food-delivery/cheezlys/w4FtEBC-Tbuj-_-m2djE0A,farmingville-new-york
https://www.ubereats.com/nyc-suburbs/food-delivery/eatcetera-deli-cafe/YVfZzROUR9elO4DEV5XkVQ,farmingville-new-york
https://www.ubereats.com/nyc-suburbs/food-delivery/crazy-crepe-cafe-selden/SPQsEirIT4OenQnbCGn-gA,farmingville-new-york
https://www.ubereats.com/nyc-suburbs/food-delivery/chipotle-mexican-grill-367-n-service-rd/CILDQq56SdevvuBH9s_OVw,farmingville-new-york
https://www.ubereats.com/nyc-suburbs/food-delivery/red-tiger-dumpling-house-centereach/FF2QSsOYSmiwCXab5v8B1A,farmingville-new-york
https://www.ubereats.com/nyc-suburbs/food-delivery/dunkin-1327-middle-country-rd/UvfC7jk3QpGSvdudi9bITQ,farmingville-new-york
https://www.ubereats.com/nyc-suburbs/food-delivery/bagels-and-brunch-deli/Cflt3BGoSu698dgtG78rGw,farmingville-new-york
https://www.ubereats.com/nyc-suburbs/food-delivery/primo-pizza/dcR0-QGyTH6y2IVOvdyUYQ,farmingville-new-york
https://www.ubereats.com/nyc-suburbs/food-delivery/dunkin-1780-middle-country-rd/pOJYJCqwR7298FCZXu07KA,farmingville-new-york
https://www.ubereats.com/nyc-suburbs/food-delivery/white-castle-2201-middle-country-rd/LDdNA9muTwWgqQmkaHYGag,farmingville-new-york
https://www.ubereats.com/nyc-suburbs/food-delivery/216-applebees-shirley-855-montauk-highway-bldg-a/wrhQuvctTsiyVjs2vYzzEA,farmingville-new-york
https://www.ubereats.com/nyc-suburbs/food-delivery/the-hero-joint/3D-Ai0s_R5a3RveAZRNOAQ,farmingville-new-york
https://www.ubereats.com/nyc-suburbs/food-delivery/the-tap-room-patchogue/Xfo1rE41RrO-H5U6mGswfw,farmingville-new-york
https://www.ubereats.com/nyc-suburbs/food-delivery/choopan-grill/OF16zO__RTKimef2jaBmog,farmingville-new-york
https://www.ubereats.com/nyc-suburbs/food-delivery/burger-king-281-middle-country-road/2KGVkWpkQWyJTTsjAfjXnw,farmingville-new-york
https://www.ubereats.com/nyc-suburbs/food-delivery/express-deli-and-supermarket/mGyDt2dRQtWVr_KwsN5bCQ,farmingville-new-york
https://www.ubereats.com/nyc-suburbs/food-delivery/victorious-pizza/lS_t_l__QGu-9tgoOijsew,farmingville-new-york
https://www.ubereats.com/nyc-suburbs/food-delivery/peters-kitchen/PnodhVNORPiKs8A1O6p5kQ,farmingville-new-york
https://www.ubereats.com/nyc-suburbs/food-delivery/yan-china-garden/CEaugM8dSdqmxvoFWmV7qQ,farmingville-new-york
https://www.ubereats.com/nyc-suburbs/food-delivery/dunkin-1573-lakeland-ave/C9lb-eXJQsu-fHCCfpOkjw,farmingville-new-york
https://www.ubereats.com/nyc-suburbs/food-delivery/wing-wah/OoXLnGO2QaK_brEqDOFHvg,farmingville-new-york
https://www.ubereats.com/nyc-suburbs/food-delivery/georges-luncheonette-patchogue/8zo7x8cjQ0yO9HuebiSODQ,farmingville-new-york
https://www.ubereats.com/nyc-suburbs/food-delivery/alexandros-restaurant/897-A2X4TO-hUBKhXejGzQ,farmingville-new-york
https://www.ubereats.com/nyc-suburbs/food-delivery/subway-600-07-portion-rd/Teqoc29VSx6W8s-PTLqtrA,farmingville-new-york
https://www.ubereats.com/nyc-suburbs/food-delivery/202-applebees-bohemia/XdK8ua0YQUC4I-Hvo9U1ow,farmingville-new-york
https://www.ubereats.com/nyc-suburbs/food-delivery/subway-1105-horseblock-rd/ST6oZqHaQiSlFDGWx-xnSQ,farmingville-new-york
https://www.ubereats.com/nyc-suburbs/food-delivery/ny-gyro-%26-grill/eKst02TdSCGzLwBdXzRTDQ,farmingville-new-york
https://www.ubereats.com/nyc-suburbs/food-delivery/pizza-stop/T_Nstrj2RQef9FZ0sIG9aA,farmingville-new-york
https://www.ubereats.com/nyc-suburbs/food-delivery/smoke-shack-blues/fiOZfC5bRUu9dvYSK-53nQ,farmingville-new-york
https://www.ubereats.com/nyc-suburbs/food-delivery/cinnabon-route-25-%26-route-347-site-a22/zw6jM4I4RE2Jjo4VHqZfOw,farmingville-new-york
https://www.ubereats.com/nyc-suburbs/food-delivery/iseda-happy-wok/o3OinNS1SPm0nKfRrEPCgw,farmingville-new-york
https://www.ubereats.com/nyc-suburbs/food-delivery/cold-stone-creamery-1315-middle-country-rd/JkklLiH8R0eallAvCS831g,farmingville-new-york
https://www.ubereats.com/nyc-suburbs/food-delivery/badolatos-market/iTShIRCKS8K91FMznH0NhA,farmingville-new-york
https://www.ubereats.com/nyc-suburbs/food-delivery/burger-king-1880-middle-country-road/muHUy3SwQ6mg82dOCWHDhA,farmingville-new-york
https://www.ubereats.com/nyc-suburbs/food-delivery/bella-bambinas-pizzeria-restaurant/Dndrrn90SyS6MkvniFkNYA,farmingville-new-york
https://www.ubereats.com/nyc-suburbs/food-delivery/dunkin-3197-horseblock-road/R_xH_9klQzaA1gEk12vZVg,farmingville-new-york
https://www.ubereats.com/nyc-suburbs/food-delivery/24-7-convenience-store/dqu-mUt2TOeHHCCc3PBUGg,farmingville-new-york
https://www.ubereats.com/nyc-suburbs/food-delivery/momos-union-ave/uOUgGN4WTiqtGWDzTUYpXg,farmingville-new-york
https://www.ubereats.com/nyc-suburbs/food-delivery/burger-king-254-portion-road/F4Fk8KTLT2ahUeU2cmM2Kg,farmingville-new-york
https://www.ubereats.com/nyc-suburbs/food-delivery/blds-restaurant/FxpoTzFhSJKI7s3qudU4tg,farmingville-new-york
https://www.ubereats.com/nyc-suburbs/food-delivery/tropical-smoothie-cafe-hauppauge/Y8wzz54MR8ShmUC7Fdt91g,farmingville-new-york
https://www.ubereats.com/nyc-suburbs/food-delivery/centereach-deli/SktTdNaTRPORQy3BACGpOg,farmingville-new-york
https://www.ubereats.com/nyc-suburbs/food-delivery/rb-los-amigos-restaurante-inc/0Pboo-ArRuuP5GDMcCNXBA,farmingville-new-york
https://www.ubereats.com/nyc-suburbs/food-delivery/medford-village-market/lW20WfsuRaqnkxZOqj_5Og,farmingville-new-york
https://www.ubereats.com/nyc-suburbs/food-delivery/china-wok-2/8DNBN2tnQfikyAb-PSBB9A,farmingville-new-york
https://www.ubereats.com/nyc-suburbs/food-delivery/waverly-deli/m0I9zC5nSyuzt2u4qBmhiQ,farmingville-new-york
https://www.ubereats.com/nyc-suburbs/food-delivery/taco-bell-selden/TSJnhk1SR46BqIf8HrPMwQ,farmingville-new-york
https://www.ubereats.com/nyc-suburbs/food-delivery/meltology/sBETs4-FTkeNDgpk9ZI7vg,farmingville-new-york
https://www.ubereats.com/nyc-suburbs/food-delivery/hummus/vgmtqeDNQl62nmzTZaeZlQ,farmingville-new-york
https://www.ubereats.com/nyc-suburbs/food-delivery/ihop-339-portion-rd/uCzJCmJGQouNQfG1zW6ydQ,farmingville-new-york
https://www.ubereats.com/nyc-suburbs/food-delivery/outback-steakhouse-325-main-street/j_6tQ_LzQIa55mj67zef_A,farmingville-new-york
https://www.ubereats.com/nyc-suburbs/food-delivery/el-rio-restaurant/yk404VLHT9unBnSzzxGv0g,farmingville-new-york
https://www.ubereats.com/nyc-suburbs/food-delivery/charleys-philly-steaks-313-smith-haven-mall-vc02/-RWJcq7TSru0l2wd-SDePQ,farmingville-new-york
https://www.ubereats.com/nyc-suburbs/food-delivery/sesame-sushi/nXlZTyP0RNiu0otuEaf-aA,farmingville-new-york
https://www.ubereats.com/nyc-suburbs/food-delivery/andiamo-pizzeria/x01UDQiRRkyLg44igugy6g,farmingville-new-york
https://www.ubereats.com/nyc-suburbs/food-delivery/boxcar-burgers/LN7_SgpfQb-bkpIrTECkKA,farmingville-new-york
https://www.ubereats.com/nyc-suburbs/food-delivery/nathans-famous-662-middle-country-rd/S3lsTXgxQOm5jU7l5ABbnQ,farmingville-new-york
https://www.ubereats.com/nyc-suburbs/food-delivery/town-%26-country-market-miller-place/ZmraYYeMR8CygcOzZh_vJQ,farmingville-new-york
https://www.ubereats.com/nyc-suburbs/food-delivery/carvel-400a-horseblock-road/OuDMjuiCSsG0uRE6IsRYCw,farmingville-new-york
https://www.ubereats.com/nyc-suburbs/food-delivery/the-corner-cafe/6DAh1yn0QLSJiZsUQ_pmCQ,farmingville-new-york
https://www.ubereats.com/nyc-suburbs/food-delivery/on-the-border-holtsville/PXVepW9JSNO90fQQIwyRYg,farmingville-new-york
https://www.ubereats.com/nyc-suburbs/food-delivery/firehouse-bagels/aVUdvGgsRXekP350IqbuyQ,farmingville-new-york
https://www.ubereats.com/nyc-suburbs/food-delivery/brendas-jamaican-restaurant/mm6Mzb4AQ5WPYwGuFdoYAw,farmingville-new-york
https://www.ubereats.com/nyc-suburbs/food-delivery/my-hero/du1_OLz-S0GyXYyKTa7QtA,farmingville-new-york
https://www.ubereats.com/nyc-suburbs/food-delivery/crispys-*/B7U_gw4cTiKiJB-yy1qH8g,farmingville-new-york
https://www.ubereats.com/nyc-suburbs/food-delivery/starbucks-bayport/sh_xsd45TUuGQ2KLeK_oJQ,farmingville-new-york
https://www.ubereats.com/nyc-suburbs/food-delivery/dunkin-500-medford-ave/2GsmfBuRT92Espuxlv3UVA,farmingville-new-york
https://www.ubereats.com/nyc-suburbs/food-delivery/brody-mckays-tavern/ktn73ah_TCitSKJuamKbwQ,farmingville-new-york
https://www.ubereats.com/nyc-suburbs/food-delivery/mooney-pond-deli/gSOptl50RFudYriv3CUIdA,farmingville-new-york
https://www.ubereats.com/nyc-suburbs/food-delivery/curbside-express/_RzEEHIxRdCMF0_Rx5ASOg,farmingville-new-york
https://www.ubereats.com/nyc-suburbs/food-delivery/yogomania/0z_EbXrsSAmlXHLL_yLTKw,farmingville-new-york
https://www.ubereats.com/nyc-suburbs/food-delivery/long-island-bagel-cafe-stony-brook-bagel-cafe/i29KFtbcSdyjEVFBkK1DfA,farmingville-new-york
https://www.ubereats.com/nyc-suburbs/food-delivery/lucky-spice-grill/iEnuwY0zTZaMR3TcEPIpcQ,farmingville-new-york
https://www.ubereats.com/nyc-suburbs/food-delivery/greek-islands-restaurant/PowzYBWpSX-z4YlyhbaJtg,farmingville-new-york
https://www.ubereats.com/nyc-suburbs/food-delivery/taco-bell-174-medford-avenue/FKb7JniOQX2rTiNv1E7HWA,farmingville-new-york
https://www.ubereats.com/nyc-suburbs/food-delivery/avo-taco/T1Sn8b3kQNyh5W8zw1jpSQ,farmingville-new-york
https://www.ubereats.com/nyc-suburbs/food-delivery/burrito-palace-and-grill-ronkonkoma/nyrgktB4QYu1iB0xdRimng,farmingville-new-york
https://www.ubereats.com/nyc-suburbs/food-delivery/friendlys-553-hawkins-ave/8fZeBFNmQj-Ed2gun15RRg,farmingville-new-york
https://www.ubereats.com/nyc-suburbs/food-delivery/ihop-141-alexander-avenue/_Y9rh18GSxiXaAt9KB6JPw,farmingville-new-york
https://www.ubereats.com/nyc-suburbs/food-delivery/taco-bell-360-portion-road/i5oYps2TR2KocAvXa0hIOA,farmingville-new-york
https://www.ubereats.com/nyc-suburbs/food-delivery/carvel-215-east-main-street/JhWp7yVGRYma-uBX8O8orA,farmingville-new-york
https://www.ubereats.com/nyc-suburbs/food-delivery/jiangs-asian-fusion/LePuhnwBSVmVZsfqFmjT2A,farmingville-new-york
https://www.ubereats.com/nyc-suburbs/food-delivery/deli-beer-smoke/gH4Ee2kvRdGMwWheUjwfOw,farmingville-new-york
https://www.ubereats.com/nyc-suburbs/food-delivery/holy-guacamole/6XqoIIjeTGWQ5YKvZJdQ9A,farmingville-new-york
https://www.ubereats.com/nyc-suburbs/food-delivery/golden-buffet/Wy__tiMKS6qW4cYeWgFXWw,farmingville-new-york
https://www.ubereats.com/nyc-suburbs/food-delivery/subway-755-montauk-hwy/8GERRvLMROe9BGKWpykBqQ,farmingville-new-york
https://www.ubereats.com/nyc-suburbs/food-delivery/taco-el-primo/6kbUyz7KT26OWPWSeb0WVg,farmingville-new-york
https://www.ubereats.com/nyc-suburbs/food-delivery/mcdonalds-1724-middle-country-rd/4RElT3YrRYm_tIG3Yv0-1Q,farmingville-new-york
https://www.ubereats.com/nyc-suburbs/food-delivery/nonnas-pizzeria/qdP6CyJ3TNyOezS9xdomiA,farmingville-new-york
https://www.ubereats.com/nyc-suburbs/food-delivery/burger-king-5141-sunrise-highway/Xll9pFqxSlGNlyNNIRBOFw,farmingville-new-york
https://www.ubereats.com/nyc-suburbs/food-delivery/burger-king-500-waverly-ave/K5CZQXY5TMSs8OctwZluOQ,farmingville-new-york
https://www.ubereats.com/nyc-suburbs/food-delivery/jersey-mikes-280a-middle-country-rd/khjMI_WGRaqSW_JIP5mKQg,farmingville-new-york
https://www.ubereats.com/nyc-suburbs/food-delivery/phayathai/fOe5ktpgTfGvROySa2yoRg,farmingville-new-york
https://www.ubereats.com/nyc-suburbs/food-delivery/lake-village-market/P0dKVLLERA-obcjagMykng,farmingville-new-york
https://www.ubereats.com/nyc-suburbs/food-delivery/istanbul-cafe/QF_qmub7SWmUHNROCirVMA,farmingville-new-york
https://www.ubereats.com/nyc-suburbs/food-delivery/kfc-4040-nesconset-hwy/siQ3Ca0BT2SPfH5-XEC5Hw,farmingville-new-york
https://www.ubereats.com/nyc-suburbs/food-delivery/prestano-bakery/vUNSJMdeR3izGmqG0cZkvQ,farmingville-new-york
https://www.ubereats.com/nyc-suburbs/food-delivery/mcdonalds-3850-veterans-memorial-hwy/do_BO3EyReWGRgne1KpkQg,farmingville-new-york
https://www.ubereats.com/nyc-suburbs/food-delivery/sals-deli-and-g/0ysxABvZT2SLPyuY0-URNw,farmingville-new-york
https://www.ubereats.com/nyc-suburbs/food-delivery/starbucks-medford-route-112/jSgxPHSyQSSURBj0yvwn7w,farmingville-new-york
https://www.ubereats.com/nyc-suburbs/food-delivery/subway-402-medford-ave/0q_kNj-HQ_yPmLqa9vFDrQ,farmingville-new-york
https://www.ubereats.com/nyc-suburbs/food-delivery/cabo-fresh-centereach/ZM3_xWtHSY6peGilN7UCeg,farmingville-new-york
https://www.ubereats.com/nyc-suburbs/food-delivery/bagel-patch/FdJUYWOkQPOtxdZrPu2qag,farmingville-new-york
https://www.ubereats.com/nyc-suburbs/food-delivery/dunkin-1105-horseblock-rd/hDj4JMNrQ_SThzVMHGD4fQ,farmingville-new-york
https://www.ubereats.com/nyc-suburbs/food-delivery/cabo-fresh-mexican-grill-stony-brook/7D5Cp2JjT3qP2PeSTLz2Bw,farmingville-new-york
https://www.ubereats.com/nyc-suburbs/food-delivery/papa-johns-pizza-%233095/fdjPRY1CQMuZB4KE6ppUDw,farmingville-new-york
https://www.ubereats.com/nyc-suburbs/food-delivery/112-tequila-restaurant/vIkJUOWfSQOg8g089YU1QA,farmingville-new-york
https://www.ubereats.com/nyc-suburbs/food-delivery/red-chilli-restaurant/MX5g0VZ3QBmTRgBhZ_0DkQ,farmingville-new-york
https://www.ubereats.com/nyc-suburbs/food-delivery/middle-island-pizza/nUPVH3aITbunzi_F7TqsDg,farmingville-new-york
https://www.ubereats.com/nyc-suburbs/food-delivery/tainos-cafe-%26-lounge/AJxKz-lxTfqwNoYqKKH2Ag,farmingville-new-york
https://www.ubereats.com/nyc-suburbs/food-delivery/st-james-burgers/ykl3Dis9RDW5muqsrO9PWw,farmingville-new-york
https://www.ubereats.com/nyc-suburbs/food-delivery/215-applebees-patchogue/OCTxJXUxQbyKwDeqBlntiQ,farmingville-new-york
https://www.ubereats.com/nyc-suburbs/food-delivery/golden-jalapenos/iTiVIuW-ReiE2eOkcA-QTA,farmingville-new-york
https://www.ubereats.com/nyc-suburbs/food-delivery/iron-ramen/g1HWmI5fR3ehcFDoNEQyyw,farmingville-new-york
https://www.ubereats.com/nyc-suburbs/food-delivery/morellis-pizza-%26-gyro/Q_-dyH3MT861Or9TkoaE4Q,farmingville-new-york
https://www.ubereats.com/nyc-suburbs/food-delivery/taco-express-plus/jtiPSOTyTgWtcuUAE3YEEw,farmingville-new-york
https://www.ubereats.com/nyc-suburbs/food-delivery/subway-1187-middle-country-rd/CX7YkFTWS2ycMxuNryS2fA,farmingville-new-york
https://www.ubereats.com/nyc-suburbs/food-delivery/local-burger-co-patchogue/HPvCj0LaR12nmX012BgKng,farmingville-new-york
https://www.ubereats.com/nyc-suburbs/food-delivery/jcs-restaurant/lVls8-7KTfChiJUhMbKx7Q,farmingville-new-york
https://www.ubereats.com/nyc-suburbs/food-delivery/five-guys-ny-1815-202-middle-country-rd/tTrt8iozSNuDOmFDV5c8jA,farmingville-new-york
https://www.ubereats.com/nyc-suburbs/food-delivery/dunkin-1100-waverly-ave/hHBTaNS6TgGuZt0i0yM3Bw,farmingville-new-york
https://www.ubereats.com/nyc-suburbs/food-delivery/burrito-palace-and-grill-miller-place/JiZhxzW7R_yq5o-OrX72dQ,farmingville-new-york
https://www.ubereats.com/nyc-suburbs/food-delivery/aegean-cafe/0pp-_sEPTZi9sJ1p0uPsbQ,farmingville-new-york
https://www.ubereats.com/nyc-suburbs/food-delivery/new-fook-fung-chinese-food/ultyQ4HmTwa9Ec8KZzNNuA,farmingville-new-york
https://www.ubereats.com/nyc-suburbs/food-delivery/la-tavola-trattoria/rb8jY__JQGaN9G9eBvtU_Q,farmingville-new-york
https://www.ubereats.com/nyc-suburbs/food-delivery/buffalo-wild-wings-385-route-25a/SLd974MbQa6C6Huv54OLsg,farmingville-new-york
https://www.ubereats.com/nyc-suburbs/food-delivery/ming-kong/Ol1mZAvqQg-Y2Ujv82suBg,farmingville-new-york
https://www.ubereats.com/nyc-suburbs/food-delivery/tropico-island/4kWo64LeSKKU43kp7BQWLQ,farmingville-new-york
https://www.ubereats.com/nyc-suburbs/food-delivery/arbys-1759-middle-country-rd/TBi-EFEcRZOA9z1ENLmWVg,farmingville-new-york
https://www.ubereats.com/nyc-suburbs/food-delivery/sobol-sayville/MrnJpjErQuOqNA2a5TTd9w,farmingville-new-york
https://www.ubereats.com/nyc-suburbs/food-delivery/crystal-garden/VbYITsUKRl6entA49WaUVg,farmingville-new-york
https://www.ubereats.com/nyc-suburbs/food-delivery/111-deli/dsklPVHMR6KuTR25vYh6hw,farmingville-new-york
https://www.ubereats.com/nyc-suburbs/food-delivery/tropical-smoothie-cafe-selden-plaza/lDR8OitjSsCQlCRCOi2n3g,farmingville-new-york
https://www.ubereats.com/nyc-suburbs/food-delivery/pizza-network/LCzEVK2ESp-TuDX4wb5-Qg,farmingville-new-york
https://www.ubereats.com/nyc-suburbs/food-delivery/boston-market-605-portion-rd/XtxLQuG8SLGBJgShgpcWbQ,farmingville-new-york
https://www.ubereats.com/nyc-suburbs/food-delivery/wendys-175-morris-avenue/kktlNsfgQZ-wVaJtVLTf_Q,farmingville-new-york
https://www.ubereats.com/nyc-suburbs/food-delivery/tropical-smoothie-cafe-nesconset-shopping-center/YKxHbxZdTWGjpetZTncMCg,farmingville-new-york
https://www.ubereats.com/nyc-suburbs/food-delivery/starbucks-nesconset-smithtown-blvd/rAG75vlZRYGnNZKBmBScKg,farmingville-new-york
https://www.ubereats.com/nyc-suburbs/food-delivery/genovas-pizza-and-pastaria/9dU6-ku4Tn6is0vnOfoOKg,farmingville-new-york
https://www.ubereats.com/nyc-suburbs/food-delivery/shahs-halal-food-selden/wXwjKHtOTEiRQMb56SkBOA,farmingville-new-york
https://www.ubereats.com/nyc-suburbs/food-delivery/burgerology-patchogue/hSzBt2b1TrO0yvyC7grJiQ,farmingville-new-york
https://www.ubereats.com/nyc-suburbs/food-delivery/the-pepperoni-grill-pizzeria-%26-restaurant/VJn-U0xnSp6M00V_9PdRNA,farmingville-new-york
https://www.ubereats.com/nyc-suburbs/food-delivery/zaiqa-halal-food/rK3dyVkxQDOd6UbuScUbfA,farmingville-new-york
https://www.ubereats.com/nyc-suburbs/food-delivery/4-u-convenience-deli/sDblTRd2ScenoBEqVyeBaQ,farmingville-new-york
https://www.ubereats.com/nyc-suburbs/food-delivery/yogo-mania-holbrook/YuNBjLt7RZ6YSqfJl8fVmg,farmingville-new-york
https://www.ubereats.com/nyc-suburbs/food-delivery/subway-400f-horseblock-rd/6IEOnEKVRyCee4hxnjNHag,farmingville-new-york
https://www.ubereats.com/nyc-suburbs/food-delivery/mademoiselle-patisserie/7wFEiEdaR32iqkCTLogHeg,farmingville-new-york
https://www.ubereats.com/nyc-suburbs/food-delivery/athens-diner/NFsuqrbGRx-5zgsGPrNQbw,farmingville-new-york
https://www.ubereats.com/nyc-suburbs/food-delivery/nazs-halal-food-456-william-floyd-parkway/lgs3_O9AS7qMGp0a6DglMA,farmingville-new-york
https://www.ubereats.com/nyc-suburbs/food-delivery/carolina-kitchen/jNl6vP-GTu63d8i6ibRzhA,farmingville-new-york
https://www.ubereats.com/nyc-suburbs/food-delivery/dublin-deck/gYiR9hLQQ-usOxElCvFZNw,farmingville-new-york
https://www.ubereats.com/nyc-suburbs/food-delivery/papa-johns-pizza-411-furrows-rd-ste-1/OkFq4S5pRgeya9AtrFArlQ,farmingville-new-york
https://www.ubereats.com/nyc-suburbs/food-delivery/crazy-bowls-acai-bowls-%26-more/_VtnYQXURFW16ell3bY6Dw,farmingville-new-york
https://www.ubereats.com/nyc-suburbs/food-delivery/wendys-106-portion-road/GOm0CDUDSOiheU1swgADJg,farmingville-new-york
https://www.ubereats.com/nyc-suburbs/food-delivery/mama-bellas-pizzeria-%26-restaurant-route-112/vNjwtOkBQ5uRLXm9yRA6wg,farmingville-new-york
https://www.ubereats.com/nyc-suburbs/food-delivery/dunkin-5050-nesconset-hwy/kNiYCZLtTFKpT-qX0TcgZQ,farmingville-new-york
https://www.ubereats.com/nyc-suburbs/food-delivery/subway-700-patchogue-yaphank-rd-ste-7/BRfHsBYSTwWIRWnw_y_E9w,farmingville-new-york
https://www.ubereats.com/nyc-suburbs/food-delivery/hamza-%26-madina-halal-food-ronkonkoma/L0e5dMkdQvmjjI3mPu3bZg,farmingville-new-york
https://www.ubereats.com/nyc-suburbs/food-delivery/golden-jalapenos-cafe/B0ou4txCSAy0tP2UHDu6CA,farmingville-new-york
https://www.ubereats.com/nyc-suburbs/food-delivery/pj-sushi-teriyaki/R0hywut8RKW6IQ7VtVpauw,farmingville-new-york
https://www.ubereats.com/nyc-suburbs/food-delivery/hero-haven-and-more/7IbHOSMyTmSg7DvQZytbrA,farmingville-new-york
https://www.ubereats.com/nyc-suburbs/food-delivery/go-burger-mount-sinai-ny/DKy_KnVHRtqW7BWmNTrSIQ,farmingville-new-york
https://www.ubereats.com/nyc-suburbs/food-delivery/hummus-mediterraneanselden/ibyzvyRyQGepN_w2fdM7yQ,farmingville-new-york
https://www.ubereats.com/nyc-suburbs/food-delivery/crazy-crepe-cafe-miller-place/s2IG5WzGQcS9QJmWp4nxVQ,farmingville-new-york
https://www.ubereats.com/nyc-suburbs/food-delivery/slices-and-ices/xvxrybHURoGwYKBQRAVqtw,farmingville-new-york
https://www.ubereats.com/nyc-suburbs/food-delivery/carvel-386-portion-rd/x4MtywgoQSCoB-MNcajoGQ,farmingville-new-york
https://www.ubereats.com/nyc-suburbs/food-delivery/papa-johns/K6IMM3z1RoKZoi_Nv7b7iQ,farmingville-new-york
https://www.ubereats.com/nyc-suburbs/food-delivery/wendys-460-sunrise-highway/sjewrLbUSZ-mAjsfQSf3PA,farmingville-new-york
https://www.ubereats.com/nyc-suburbs/food-delivery/joes-pizza-%26-pasta/Ps-O9aAxRq2tAOV-K5nO_g,farmingville-new-york
https://www.ubereats.com/nyc-suburbs/food-delivery/long-shot-bar-%26-grill/gf8iN_ART36A4ETUENgpJQ,farmingville-new-york
https://www.ubereats.com/nyc-suburbs/food-delivery/empanadas-%26-more/7S2X8RXdTLqUEOXAAJ9Idw,farmingville-new-york
https://www.ubereats.com/nyc-suburbs/food-delivery/lake-grove-diner/NXD5CT3dRa-XTnxJrGCkVQ,farmingville-new-york
https://www.ubereats.com/nyc-suburbs/food-delivery/sonic-drive-in-2900-middle-country-rd/B09aq4KgQSaEY7Ncq9WrYw,farmingville-new-york
https://www.ubereats.com/nyc-suburbs/food-delivery/boston-market-966-middle-country-rd/oUpPyaFPTym00Lu0ITn-hg,farmingville-new-york
https://www.ubereats.com/nyc-suburbs/food-delivery/americana-burgers-and-wings/ltqY9BcgRIOyPpB5SzGbQg,farmingville-new-york
https://www.ubereats.com/nyc-suburbs/food-delivery/coram-diner/JCJpkzIkT9O13EnOTaZynQ,farmingville-new-york
https://www.ubereats.com/nyc-suburbs/food-delivery/sobol-patchogue/9wwEY0e_SDKBsaWBv91TRg,farmingville-new-york
https://www.ubereats.com/nyc-suburbs/food-delivery/alfredos-pizzeria-%26-restaurant/PWy4cTZfQtSu0vp-67TrhQ,farmingville-new-york
https://www.ubereats.com/nyc-suburbs/food-delivery/ruvo-restaurant-port-jefferson/O-myjjJQTPmGaLlNV5xPNw,farmingville-new-york
https://www.ubereats.com/nyc-suburbs/food-delivery/dunkin-2815-middle-country-rd/jVN_X1WdT2OPVQGVCTGTBQ,farmingville-new-york
https://www.ubereats.com/nyc-suburbs/food-delivery/wendys-2278-middle-country-road/3NIB9bicQuGuxtwW5HJbdw,farmingville-new-york
https://www.ubereats.com/nyc-suburbs/food-delivery/millers-ale-house-lake-grove/_dfObaRMRkO_F5b80AvMYQ,farmingville-new-york
https://www.ubereats.com/nyc-suburbs/food-delivery/mayras-bakery/pqGaAybfRwWrUndQPi-nmw,farmingville-new-york
https://www.ubereats.com/nyc-suburbs/food-delivery/wendys-1820-rt-112/mxLpdurMQrq9-YuXaju2Rg,farmingville-new-york
https://www.ubereats.com/nyc-suburbs/food-delivery/sobol-ronkonkoma/G2s3y20WRHOT9aJv9RnsfQ,farmingville-new-york
https://www.ubereats.com/nyc-suburbs/food-delivery/la-grova-ristorante-and-pizzeria/uTD2v6v3QbShChK3ImCYNQ,farmingville-new-york
https://www.ubereats.com/nyc-suburbs/food-delivery/burger-king-2250-north-ocean-avenue/krHjRfDARoS1Y1ZzYfF_mA,farmingville-new-york
https://www.ubereats.com/nyc-suburbs/food-delivery/harbor-q-smokehouse-lake-ronkonkoma-do-not-enable-food-safety/b2K0RtoNRTujSuY4av9PuQ,farmingville-new-york
https://www.ubereats.com/nyc-suburbs/food-delivery/wing-shun-kitchen-%E6%B0%B8%E8%83%9C/uJqbWmiUS_OUuZEW-AewjQ,farmingville-new-york
https://www.ubereats.com/nyc-suburbs/food-delivery/friendlys-2220-rte-112/_IkTd1NmQx6a1SEr6RCIPg,farmingville-new-york
https://www.ubereats.com/nyc-suburbs/food-delivery/holbrook-market-place-and-delicatessen/dagG8CvRQSKGIKyCfhofSA,farmingville-new-york
https://www.ubereats.com/nyc-suburbs/food-delivery/oriental-sushi/tqWIJLCaRMytWrGAPaW2kw,farmingville-new-york
https://www.ubereats.com/nyc-suburbs/food-delivery/mt-sinai-bagel-cafe/HyyYhpq_QOiQJBs9kRI2LA,farmingville-new-york
https://www.ubereats.com/nyc-suburbs/food-delivery/taco-bell-ridge/AKxvAf6LTh-EXFBf4uN6YA,farmingville-new-york
https://www.ubereats.com/nyc-suburbs/food-delivery/lulus-lobster/Za_C_lKGR22094BsWGm2Jg,farmingville-new-york
https://www.ubereats.com/nyc-suburbs/food-delivery/hurricane-grill-%26-wings-11037-ny-112/rap4noATSyCS4TGytqoNpg,farmingville-new-york
https://www.ubereats.com/nyc-suburbs/food-delivery/206-applebees-farmingville/F3vmjvF0Rl6MHYfJs4OiwQ,farmingville-new-york
https://www.ubereats.com/nyc-suburbs/food-delivery/tropical-smoothie-cafe-patchogue-mall/BkJdI9fCT56VsickQjoKMw,farmingville-new-york
https://www.ubereats.com/nyc-suburbs/food-delivery/anthonys-coal-fired-pizza-bohemia/F16stqf_TyeRaynXQtH27Q,farmingville-new-york
https://www.ubereats.com/nyc-suburbs/food-delivery/halal-deshi-grocery-market/JczrMla7SZ-Mbc4wGRFMFg,farmingville-new-york
https://www.ubereats.com/nyc-suburbs/food-delivery/mcdonalds-161-centereach-mall/A2OdhX3BT8ufN4Zcy5bteA,farmingville-new-york
https://www.ubereats.com/nyc-suburbs/food-delivery/waffle-shack/Yq107f8FS8mHxjY-LzQNSg,farmingville-new-york
https://www.ubereats.com/nyc-suburbs/food-delivery/dunkin-90-railroad-ave/nDvECC_lQ7Wcw8okTjmQYw,farmingville-new-york
https://www.ubereats.com/nyc-suburbs/food-delivery/el-rio-restaurant/XivZ1_7ZSX-0FNdQfdKIbQ,farmingville-new-york
https://www.ubereats.com/nyc-suburbs/food-delivery/pepes-royal-pizzeria/3vhvV_QURpa7742NWi_ZhQ,farmingville-new-york
https://www.ubereats.com/nyc-suburbs/food-delivery/dunkin-5017-nesconset-hwy/Ab4xrClYTw6lI9_j-rmOLg,farmingville-new-york
https://www.ubereats.com/nyc-suburbs/food-delivery/texas-chicken-%26-burgers-middle-country-road/WobwPblNQsSlSZV5TC41hA,farmingville-new-york
https://www.ubereats.com/nyc-suburbs/food-delivery/bella-maria-restaurant-%26-pizzeria/S_Ye-yjdTR-Jdwl_kCsdcQ,farmingville-new-york
https://www.ubereats.com/nyc-suburbs/food-delivery/joshi-brothers-deli-%26-grocery/CCiHgxKVTOqjmOvNsb7oCQ,farmingville-new-york
https://www.ubereats.com/nyc-suburbs/food-delivery/sammy-a-vegan-boy/0XOxNiVhSqC-dKXbOPIBQQ,farmingville-new-york
https://www.ubereats.com/nyc-suburbs/food-delivery/virgola-oyster-%26-wine-bar/6aISYfLMQb2cbbFryqTaXg,farmingville-new-york
https://www.ubereats.com/nyc-suburbs/food-delivery/caribeno-ronkonkoma/5TVe5ZybQVCYt4idD40spg,farmingville-new-york
https://www.ubereats.com/nyc-suburbs/food-delivery/buffalo-wild-wings-1986-middle-country-rd/PMeN94pcQ3qpsWWwEA-Kiw,farmingville-new-york
https://www.ubereats.com/nyc-suburbs/food-delivery/buffalos-cafe-port-jefferson/q_e8ZgvgT5ekhGTsELX3zg,farmingville-new-york
https://www.ubereats.com/nyc-suburbs/food-delivery/mcdonalds-174-portion-rd/zbOgiLfzQHqo7Hd1pZ9SnQ,farmingville-new-york
https://www.ubereats.com/nyc-suburbs/food-delivery/husk-and-vine-kitchen-and-cocktails/XvtRQc6bSpy0o3Qg-Thktw,farmingville-new-york
https://www.ubereats.com/nyc-suburbs/food-delivery/kfc-375-route-25a/KQJy-EexRbSEHbTxVxZ_2g,farmingville-new-york
https://www.ubereats.com/nyc-suburbs/food-delivery/thee-spot-pizza-%26-grill/z9J67QDYSb2uEWQwRCy9iw,farmingville-new-york
https://www.ubereats.com/nyc-suburbs/food-delivery/weirs-corner-deli/IsH4v_OYRWOQ3u6gCg_MBQ,farmingville-new-york
https://www.ubereats.com/nyc-suburbs/food-delivery/checkers-258-portion-rd/A80LQ9RgRbGqbLQJ8kIiqQ,farmingville-new-york
https://www.ubereats.com/nyc-suburbs/food-delivery/jackees-jamaican-cafe/JH5b70RQR6CIkuFMABaukw,farmingville-new-york
https://www.ubereats.com/nyc-suburbs/food-delivery/dunkin-1852-route-112/4CHvFYg9RMCwqajW6_F7jA,farmingville-new-york
https://www.ubereats.com/nyc-suburbs/food-delivery/paisa-pan-fresh-bakery/hMFR5dXLRZyQrS1loQHF2w,farmingville-new-york
https://www.ubereats.com/nyc-suburbs/food-delivery/house-of-mediterranean-eats-coram/Qpl0UkrzRmubkpix7_28hQ,farmingville-new-york
https://www.ubereats.com/nyc-suburbs/food-delivery/moes-499-56-sunrise-highway/HxZm8UtzRVuYQhJZO7JBGw,farmingville-new-york
https://www.ubereats.com/nyc-suburbs/food-delivery/crazy-crepe-cafe/QAv5T03tRZS_X8fChqAjfg,farmingville-new-york
https://www.ubereats.com/nyc-suburbs/food-delivery/bagel-hero/qiNHS5olSFCeAz9MlvHQ0w,farmingville-new-york
https://www.ubereats.com/nyc-suburbs/food-delivery/raan-thai/qxJFN_NQTYKsULbkTd_6QQ,farmingville-new-york
https://www.ubereats.com/nyc-suburbs/food-delivery/ichi-sushi-ramen/zbLn6JYZQxyORLSt67u6wg,farmingville-new-york
https://www.ubereats.com/nyc-suburbs/food-delivery/carvel-1289-middle-country-road/5hnY1EURSy6iwIdgY9EVeA,farmingville-new-york
https://www.ubereats.com/nyc-suburbs/food-delivery/tgi-fridays-326-farmingville-ny/xpIm9cqeQD6TVg-Qa2aeUw,farmingville-new-york
https://www.ubereats.com/nyc-suburbs/food-delivery/meltology-grilled-cheese/57Gp9rwuQ2q8tf-GTnermQ,farmingville-new-york
https://www.ubereats.com/nyc-suburbs/food-delivery/holbrook-diner/7hvVmKc4QhuobMi_fhhJhw,farmingville-new-york
https://www.ubereats.com/nyc-suburbs/food-delivery/nathans-famous-630-portion-rd/VMuHa6t7Qy286kU8udAcmA,farmingville-new-york
https://www.ubereats.com/nyc-suburbs/food-delivery/william-floyd-diner/ZfnHVBVvTVWhW4ZVw5Cyfg,farmingville-new-york
https://www.ubereats.com/nyc-suburbs/food-delivery/big-italy-pizzeria/aOuF4lifQSSZJe_RWsD96Q,farmingville-new-york
https://www.ubereats.com/nyc-suburbs/food-delivery/ralphies-chicken-and-gyro/o8uLf_u4RQ-FdHDbWzYtsQ,farmingville-new-york
https://www.ubereats.com/nyc-suburbs/food-delivery/la-famosa-pizzeria/M1GWdpeVQx2TH2PtPjEpVA,farmingville-new-york
https://www.ubereats.com/nyc-suburbs/food-delivery/mcdonalds-313-middle-country-rd/r9rl2DCnQCyM0IVuqvmSXA,farmingville-new-york
https://www.ubereats.com/nyc-suburbs/food-delivery/mcdonalds-769-montauk-hwy/eReJa1xGT3q5kPVChr4XpA,farmingville-new-york
https://www.ubereats.com/nyc-suburbs/food-delivery/red-lobster-2220-nesconset-highway/1UWR8FkOTdG5f0PNKbBbBA,farmingville-new-york
https://www.ubereats.com/nyc-suburbs/food-delivery/virgola-oysters-%26-italian-wine-bar/_ruVPJoCSDCWg_WntLH0Nw,farmingville-new-york
https://www.ubereats.com/nyc-suburbs/food-delivery/kabobshak/26I6R-FaQMmDp5YBVRGo_A,farmingville-new-york
https://www.ubereats.com/nyc-suburbs/food-delivery/zans-kosher-deli/d1sd68LcSCm8EBmOE_TIEg,farmingville-new-york
https://www.ubereats.com/nyc-suburbs/food-delivery/mcdonalds-499-85-sunrise-hwy/CVPbDvT3ShOpaxrd56zqoA,farmingville-new-york
https://www.ubereats.com/nyc-suburbs/food-delivery/aunt-mias-pizzeria-w-1st-st/rPI4aG9aSASoXATIX7EmIg,farmingville-new-york
https://www.ubereats.com/nyc-suburbs/food-delivery/jersey-mikes-subs-869-montauk-hwy/BnbOQ2vwSc-Tbt7df4farw,farmingville-new-york
https://www.ubereats.com/nyc-suburbs/food-delivery/wasabi-japanese-steakhouse/ksz-gxuHQNCSGNxahGuEiw,farmingville-new-york
https://www.ubereats.com/nyc-suburbs/food-delivery/papa-johns-pizza-%232995/twcChnMaSIqNnAB0zzMPtg,farmingville-new-york
https://www.ubereats.com/nyc-suburbs/food-delivery/texas-de-brazil-long-island/FbSx471jQvehqCd2IKchzA,farmingville-new-york
https://www.ubereats.com/nyc-suburbs/food-delivery/ai-food-inc/IAEJSjIYQuSn1SI0KY6GRg,farmingville-new-york
https://www.ubereats.com/nyc-suburbs/food-delivery/long-island-bagel-cafe-nesconset-bagel-cafe/pQ1iBcbnTrKkubaDVTx-Bw,farmingville-new-york
https://www.ubereats.com/nyc-suburbs/food-delivery/subway-3460-veterans-memorial-hwy/B9YUNh49RZ20E67spdoolg,farmingville-new-york
https://www.ubereats.com/nyc-suburbs/food-delivery/blue-tortilla-fresh-mexican-grill/brZj2-FrROaGfL2fY-gwqQ,farmingville-new-york
https://www.ubereats.com/nyc-suburbs/food-delivery/moes-southwest-grill-66-98-rocky-point-yaphin-road/ZqwK6ueFSHWlI6SKQfEyFw,farmingville-new-york
https://www.ubereats.com/nyc-suburbs/food-delivery/pasquallys-pizza-%26-wings-121-sunrise-hwy/3vFnnPUTRSqQ6Ky3qhyw-w,farmingville-new-york
https://www.ubereats.com/nyc-suburbs/food-delivery/starbucks-selden/Uf2aPgLxTxq_C4yIIyu9YQ,farmingville-new-york
https://www.ubereats.com/nyc-suburbs/food-delivery/mamma-lombardis/ukIMlrCATtaRQuU67AP9nA,farmingville-new-york
https://www.ubereats.com/nyc-suburbs/food-delivery/smokey-bones-ronkonkoma/T6Khoxd7RtyB7sTCNXYlkw,farmingville-new-york
https://www.ubereats.com/nyc-suburbs/food-delivery/the-oar-steak-%26-seafood-grill/c9q_SaATRs-QOWecyhtAcQ,farmingville-new-york
https://www.ubereats.com/nyc-suburbs/food-delivery/barnwood-market/kQy__TGSQ9C7Q94beByBpw,farmingville-new-york
https://www.ubereats.com/nyc-suburbs/food-delivery/chipotle-mexican-grill-261-middle-country-rd/8bR-aKz1QgiB5jkN--DxzA,farmingville-new-york
https://www.ubereats.com/nyc-suburbs/food-delivery/the-vegan-hub/ABx_9JFaQNaoYtdDRLZGog,farmingville-new-york
https://www.ubereats.com/nyc-suburbs/food-delivery/caribeno-holbrook/1ot-gJt9R46iw55pP5yptg,farmingville-new-york
https://www.ubereats.com/nyc-suburbs/food-delivery/bacon-you-crazy/HcAGHnOSSxC3F9sSiq0vww,farmingville-new-york
https://www.ubereats.com/nyc-suburbs/food-delivery/mangiamo/ppX6ft7sQlWqjCItSIClJQ,farmingville-new-york
https://www.ubereats.com/nyc-suburbs/food-delivery/pollo-sabroson/PclkXsbxT0e0T2aSlp2zfQ,farmingville-new-york
https://www.ubereats.com/nyc-suburbs/food-delivery/dunkin-4560-express-dr-s/MkOhWQlTTYenGhimcFkwKA,farmingville-new-york
https://www.ubereats.com/nyc-suburbs/food-delivery/narduccis-pizza/tZtI3agaTpSxSuQ8qDUynQ,farmingville-new-york
https://www.ubereats.com/nyc-suburbs/food-delivery/momos-too-sports-bar-%26-grill/gUQm1xrdRJeESLBNqIwYHg,farmingville-new-york
https://www.ubereats.com/nyc-suburbs/food-delivery/chans-kitchen-next-to-dmv-in-medford/Wd_pP0MdQNW0KHZlzo-y-w,farmingville-new-york
https://www.ubereats.com/nyc-suburbs/food-delivery/carvel-776-montauk-highway/VGEvYbsKS0-DzIl3Ypt9vg,farmingville-new-york
https://www.ubereats.com/nyc-suburbs/food-delivery/207-applebees-lake-grove/Hrv5qLpsQ0q0OhzUmfIBbQ,farmingville-new-york
https://www.ubereats.com/nyc-suburbs/food-delivery/royal-pizza/7YJQI1taTB2MDYv7Wi423w,farmingville-new-york
