url,city
https://www.ubereats.com/fayetteville-ar/food-delivery/outback-steakhouse-4808-south-thompson-street/xiiHHmyWSSm1jc2ZNpPF4w,fayetteville-ar
https://www.ubereats.com/fayetteville-ar/food-delivery/starbucks-mlk-%26-i-540/APzocPhhQeO2uVbKNqXc0A,fayetteville-ar
https://www.ubereats.com/fayetteville-ar/food-delivery/taqueria-leos/acA9uwOzQnikUbsRdXEy0g,fayetteville-ar
https://www.ubereats.com/fayetteville-ar/food-delivery/slim-chickens-1855-mlk-jr-blvd/fcFBUfTcTJm99C8wDXcNFw,fayetteville-ar
https://www.ubereats.com/fayetteville-ar/food-delivery/damgoode-pies-center-st/TCAQKvzWQFGFX_6CGdAZfA,fayetteville-ar
https://www.ubereats.com/fayetteville-ar/food-delivery/tropical-smoothie-cafe-3878-crossover-rd-suite-10/jWmyiz-HQxOnoyoWf1JlMQ,fayetteville-ar
https://www.ubereats.com/fayetteville-ar/food-delivery/zaxbys-400-s-thompson-st/9yunyvS2QrqI8k2ak597cQ,fayetteville-ar
https://www.ubereats.com/fayetteville-ar/food-delivery/penguin-eds-bbq/6yVzm63uS76ai1zDKrHNpA,fayetteville-ar
https://www.ubereats.com/fayetteville-ar/food-delivery/rallys-2875-west-martin-luther-king-blvd/8C8K3vCFTKighjPEbH8olQ,fayetteville-ar
https://www.ubereats.com/fayetteville-ar/food-delivery/arbys-7745/nzMJT8yER3yDxy-0pYN8KA,fayetteville-ar
https://www.ubereats.com/fayetteville-ar/food-delivery/chipotle-mexican-grill-3379-n-college-ave-ste-1/4Nj8Dz2VQ921xD3SsjS2-A,fayetteville-ar
https://www.ubereats.com/fayetteville-ar/food-delivery/marketplace-grill-springdale/iC9-PTdEQlySeNR3fZghXw,fayetteville-ar
https://www.ubereats.com/fayetteville-ar/food-delivery/smittys-garage-fayetteville/w4dO6G8vQ6eYF1PpmKzXrg,fayetteville-ar
https://www.ubereats.com/fayetteville-ar/food-delivery/firehouse-subs-1364-e-augustine-ln/Mvl8bid4Q92ipIZytmDINA,fayetteville-ar
https://www.ubereats.com/fayetteville-ar/food-delivery/panda-express-2109-w-martin-luther-king-blvd/dLDiPcCLQlG0kNNvnM2rHg,fayetteville-ar
https://www.ubereats.com/fayetteville-ar/food-delivery/arbys-1263-w-6th/A1aohw1MSRaK3pMwP_HZnw,fayetteville-ar
https://www.ubereats.com/fayetteville-ar/food-delivery/arbys-1489/D_WrP3onRki0Xt6YVXAWzg,fayetteville-ar
https://www.ubereats.com/fayetteville-ar/food-delivery/logans-roadhouse-412-3611-n-shiloh-drive/No41EVeQROuLFSjnmPadLA,fayetteville-ar
https://www.ubereats.com/fayetteville-ar/food-delivery/eureka-pizza-fayetteville-east-location/NJ6jb3EpQuOIs82OA-jGwg,fayetteville-ar
https://www.ubereats.com/fayetteville-ar/food-delivery/einstein-bros-bagels-1500-n-college-ave/pMPnuEcxRySPVHQTiGVNwA,fayetteville-ar
https://www.ubereats.com/fayetteville-ar/food-delivery/papa-johns-503-n-college/MeSKD5JMT1SQBcPdOCXqdw,fayetteville-ar
https://www.ubereats.com/fayetteville-ar/food-delivery/taco-bell-1878-n-crossover-rd/SFaz1QXISamr_mFL4FTY4A,fayetteville-ar
https://www.ubereats.com/fayetteville-ar/food-delivery/burger-king-2345-north-college-avenue/NuIzbuKPTcuoiXJNc-PHeA,fayetteville-ar
https://www.ubereats.com/fayetteville-ar/food-delivery/sbarro-4201-n-shiloh-dr-sp%23303/8YF_TZspTLG4MKI6tIdFbA,fayetteville-ar
https://www.ubereats.com/fayetteville-ar/food-delivery/dairy-queen-grill-%26-chill-2190-w-martin-luther-king/_iNC7PALRyKHcwUOIQrapg,fayetteville-ar
https://www.ubereats.com/fayetteville-ar/food-delivery/pattaya-thai-sushi/RlfOQTRoRWSmVxxQRjAvBw,fayetteville-ar
https://www.ubereats.com/fayetteville-ar/food-delivery/la-media-luna/_gffYYN7RIiBA_lC7JZKbQ,fayetteville-ar
https://www.ubereats.com/fayetteville-ar/food-delivery/funktown-food-truck/N7g2o7HgTfePw4MTRBoQQw,fayetteville-ar
https://www.ubereats.com/fayetteville-ar/food-delivery/chipotle-mexican-grill-550-w-dickson-st/QhqPuBcZTVWLPQ_2PbuSLA,fayetteville-ar
https://www.ubereats.com/fayetteville-ar/food-delivery/kfc-1882-w-martin-luther-king-jr-boulevard/Q0rHnvy_RWaQ-YWsx28Lgg,fayetteville-ar
https://www.ubereats.com/fayetteville-ar/food-delivery/subway-3392-n-futrall-dr/5SPCP546SyqHMuefO2HgWw,fayetteville-ar
https://www.ubereats.com/fayetteville-ar/food-delivery/mcdonalds-1641-n-college-ave/GAsc6NyZQemWW2BLe3-MEw,fayetteville-ar
https://www.ubereats.com/fayetteville-ar/food-delivery/dickeys-barbecue-restaurants-inc-3316-w-grove-dr-suite-4/TWS-ftkVQ-a8Sfm9VLNAtQ,fayetteville-ar
https://www.ubereats.com/fayetteville-ar/food-delivery/burger-king-1730-west-6th-street/xF6ejmEwRQy2LHYAjS51xQ,fayetteville-ar
https://www.ubereats.com/fayetteville-ar/food-delivery/papa-murphys-3049-west-mlk/W76TN9E8QDydLy76y7Ox7A,fayetteville-ar
https://www.ubereats.com/fayetteville-ar/food-delivery/starbucks-college-%26-joyce/VOWrS6RgQ-CEstfr7fpt9w,fayetteville-ar
https://www.ubereats.com/fayetteville-ar/food-delivery/wendys-1473-west-6th-street/ZB2i2bHFQOSz2A5lsj4_Kw,fayetteville-ar
https://www.ubereats.com/fayetteville-ar/food-delivery/papa-johns-1108-west-robinson-rd/6i9oN7A5RAipCZD1asXysw,fayetteville-ar
https://www.ubereats.com/fayetteville-ar/food-delivery/zs-brick-oven-pizza/keaRbufISnas7stduY3cvg,fayetteville-ar
https://www.ubereats.com/fayetteville-ar/food-delivery/pasquallys-pizza-%26-wings-2999-n-college-ave-s12/n049nRIgSQO0-arD2b8_Qw,fayetteville-ar
https://www.ubereats.com/fayetteville-ar/food-delivery/arbys-8235/U0SEFdOxS0Cjs0JEO-UiTA,fayetteville-ar
https://www.ubereats.com/fayetteville-ar/food-delivery/buffalo-wild-wings-3990-n-steele-blvd/k_WqW3B-Qm2ykzbCjPbwXQ,fayetteville-ar
https://www.ubereats.com/fayetteville-ar/food-delivery/kfc-2992-north-college-avenue/pz1Tb1taTZGVHuTIM5FKPg,fayetteville-ar
https://www.ubereats.com/fayetteville-ar/food-delivery/zaxbys-1670-martin-luther-king-jr-blvd/2Pqh6HWXStOJtDYxOqBNTQ,fayetteville-ar
https://www.ubereats.com/fayetteville-ar/food-delivery/newks-eatery-637-e-joyce-blvd-suite-104/CMSW6SxuQxasy1EGjeaEyw,fayetteville-ar
https://www.ubereats.com/fayetteville-ar/food-delivery/tropical-smoothie-cafe-7022-w-sunset-avenue-suite-1/QOJ8hi0cQXeDaM4UKGCf4A,fayetteville-ar
https://www.ubereats.com/fayetteville-ar/food-delivery/starbucks-college-%26-township-fayettevi/TXKVt1YDRbimkqbWppRChA,fayetteville-ar
https://www.ubereats.com/fayetteville-ar/food-delivery/tangiers-mediterranean-cafe/ZF6qx2dJScCCJ8X8o0DFIg,fayetteville-ar
https://www.ubereats.com/fayetteville-ar/food-delivery/plomo-quesadillas/WP9KtbPWSJe8w0hopSYYCg,fayetteville-ar
https://www.ubereats.com/fayetteville-ar/food-delivery/village-inn-3364-n-college-ave/ZIaLegalTrC8b4UuNq3TvA,fayetteville-ar
https://www.ubereats.com/fayetteville-ar/food-delivery/spoon-korea-fusion/QA0Dq3gtTyu4bASnhVHsuQ,fayetteville-ar
https://www.ubereats.com/fayetteville-ar/food-delivery/red-robin-392-695-east-van-asche-dr/dVkRP-BRS-u91BSEy4eF6Q,fayetteville-ar
https://www.ubereats.com/fayetteville-ar/food-delivery/firehouse-subs-2612-w-martin-luther-king-blvd/5Q-QQfF1SZuYrRNBadoexg,fayetteville-ar
https://www.ubereats.com/fayetteville-ar/food-delivery/slim-chickens-637-joyce-boulevard-suite-20a/Y8mUUumXRNKOpNSOaJv5bw,fayetteville-ar
https://www.ubereats.com/fayetteville-ar/food-delivery/el-sol/WgldTHU_RQ6BJNqLHblLXw,fayetteville-ar
https://www.ubereats.com/fayetteville-ar/food-delivery/r-%26-rs-curry-express/zxyCPvEMQmSdjUYiewM7Hw,fayetteville-ar
https://www.ubereats.com/fayetteville-ar/food-delivery/atlanta-bread-3196-n-college-ave/DI6zg4V8Q0Cnhm9Ajov-FA,fayetteville-ar
https://www.ubereats.com/fayetteville-ar/food-delivery/first-watch-3251-n-college-ave/V3HAoRr9QaWh4vrZ2eDREA,fayetteville-ar
https://www.ubereats.com/fayetteville-ar/food-delivery/mcalisters-deli-4055-north-steele-boulevard/gXRyfrY_Q6CMJcH_n_w-Ow,fayetteville-ar
https://www.ubereats.com/fayetteville-ar/food-delivery/chuck-e-cheese-2999-n-college-ave-s12/Nm5uKqUfTuW4XnB4oD4LZA,fayetteville-ar
https://www.ubereats.com/fayetteville-ar/food-delivery/kfc-600-south-thompson-street/WwQZBichQ7G3N4iQx3XNPQ,fayetteville-ar
https://www.ubereats.com/fayetteville-ar/food-delivery/cracker-barrel-old-country-store-1022-south-48th-st/hyf22JesRjGkI0aC6tzpMg,fayetteville-ar
https://www.ubereats.com/fayetteville-ar/food-delivery/eureka-pizza-fayetteville-campus-location/lYl9fu9yQQ2K1TL7jxNaxA,fayetteville-ar
https://www.ubereats.com/fayetteville-ar/food-delivery/nwa-gyros-and-grill/bsN_b3OVSPad-Sqa2P3t3g,fayetteville-ar
https://www.ubereats.com/fayetteville-ar/food-delivery/kobe-hibachi-grill-and-sushi/K1GAsJ-aSmCYbH80LA76ag,fayetteville-ar
https://www.ubereats.com/fayetteville-ar/food-delivery/red-lobster-3885-n-shiloh-drive/M2Ao5edKTXe0c0iniatlMQ,fayetteville-ar
https://www.ubereats.com/fayetteville-ar/food-delivery/schlotzskys-1919-west-sunset-ave/JXwlRe_-RkOHifHuaICi6A,fayetteville-ar
https://www.ubereats.com/fayetteville-ar/food-delivery/popeyes-louisiana-kitchen-2100-mlk-jr-blvd/rfB9W5cTSlmzAWL5RlB69Q,fayetteville-ar
https://www.ubereats.com/fayetteville-ar/food-delivery/dennys-4861-w-sunset-ave/2-0b0pc3QS2jGbpcb4Y5oA,fayetteville-ar
https://www.ubereats.com/fayetteville-ar/food-delivery/the-sale-barn-cafe/OYfWb2EGSEybTQlh2o9DNQ,fayetteville-ar
https://www.ubereats.com/fayetteville-ar/food-delivery/taco-bell-176-east-joyce-blvd/suTqW4ZWSmCBSUMNOp9a2w,fayetteville-ar
https://www.ubereats.com/fayetteville-ar/food-delivery/marleys-chicago-style-pizzeria/q6MHWeeNSZiCCWmdklNC6A,fayetteville-ar
https://www.ubereats.com/fayetteville-ar/food-delivery/feltner-brothers/ZVnM3gDyQKKVxpk2FVN1mw,fayetteville-ar
https://www.ubereats.com/fayetteville-ar/food-delivery/subway-43273-0-1680-n-college-ave-ste-7/1tB6DeUpTny-YAwIY3T8yA,fayetteville-ar
https://www.ubereats.com/fayetteville-ar/food-delivery/king-burrito-fayetteville/YocGClvMSPGpgnQ7Due6FQ,fayetteville-ar
https://www.ubereats.com/fayetteville-ar/food-delivery/applebees-3953-w-sunset-avenue/v9UdawyzQCu_BR9KdWFRYQ,fayetteville-ar
https://www.ubereats.com/fayetteville-ar/food-delivery/mamaka-bowls/pMKcnrokSdOJa3VE-e0OHA,fayetteville-ar
https://www.ubereats.com/fayetteville-ar/food-delivery/panda-express-1087-n-48th-st/YkWPXjJHT0W0DdV762kjcQ,fayetteville-ar
https://www.ubereats.com/fayetteville-ar/food-delivery/sonic-1306-s-thompson-street/DzPhWVXPQd-vqOaSyAHdbA,fayetteville-ar
https://www.ubereats.com/fayetteville-ar/food-delivery/taqueria-leos-food-truck/fH7HB89LSkWOE2y0vkasWA,fayetteville-ar
https://www.ubereats.com/fayetteville-ar/food-delivery/taco-bell-2055-w-martin-luther-king-blvd/NUBQeZAEQLSee_qwqYBPtA,fayetteville-ar
https://www.ubereats.com/fayetteville-ar/food-delivery/sweet-scoops-blender-bar/IMK2f0BKT8O5U53PF1Dl0Q,fayetteville-ar
https://www.ubereats.com/fayetteville-ar/food-delivery/mcdonalds-1870-n-crossover-rd/5ww99blsSbi6QQfnGQlsxQ,fayetteville-ar
https://www.ubereats.com/fayetteville-ar/food-delivery/con-quesos-fusion-tacos/iQmpdaRkST2BnstO6iS8Lw,fayetteville-ar
https://www.ubereats.com/fayetteville-ar/food-delivery/dairy-queen-grill-%26-chill/-kkwD3B3RJiWRezlrXXYVg,fayetteville-ar
https://www.ubereats.com/fayetteville-ar/food-delivery/schlotzskys-2548-n-college-ave/nSU9KlbzTNO5jsqlYa3aTA,fayetteville-ar
https://www.ubereats.com/fayetteville-ar/food-delivery/taco-bell-1147-north-colorado/AA7X47FiRiq0KkiGKpG3PQ,fayetteville-ar
https://www.ubereats.com/fayetteville-ar/food-delivery/mcdonalds-4600-w-sunset/t5pzJIBxRYWDWlogDwD0Ng,fayetteville-ar
https://www.ubereats.com/fayetteville-ar/food-delivery/burrito-loco-downtown/mNDP4EdgSPm2Q6sax-CL3g,fayetteville-ar
https://www.ubereats.com/fayetteville-ar/food-delivery/king-burrito-springdale/5_EunlG0RsihXEJcrTSJ7Q,fayetteville-ar
https://www.ubereats.com/fayetteville-ar/food-delivery/qdoba-mexican-eats-637-e-joyce-blvd/ySaMfavmRMWfHIDDm3kEkA,fayetteville-ar
https://www.ubereats.com/fayetteville-ar/food-delivery/cold-stone-creamery-160-e-joyce-blvd-ste-109/v_UsoALtSOKr5n5X49OBTA,fayetteville-ar
https://www.ubereats.com/fayetteville-ar/food-delivery/mcdonalds-520-s-thompson/PTnMwJpHRe2pdYE1JFf6Rw,fayetteville-ar
https://www.ubereats.com/fayetteville-ar/food-delivery/mcdonalds-1260-e-robinson-ave/PJQmgOP8TNOJLzPH3KUHvQ,fayetteville-ar
https://www.ubereats.com/fayetteville-ar/food-delivery/cicis-pizza-637-e-joyce-blvd-ste-101/IXFPHuYvR5uwcdSlWZMdHQ,fayetteville-ar
https://www.ubereats.com/fayetteville-ar/food-delivery/saffron-indian-cuisine-bar-%26-grill/ZSjEpHloRyeKlceKubR9VQ,fayetteville-ar
https://www.ubereats.com/fayetteville-ar/food-delivery/k-fash-fine-mediterranean-dining/OUHCttYERg6ZFowUOpm7_A,fayetteville-ar
https://www.ubereats.com/fayetteville-ar/food-delivery/lucky-lukes-bbq/UHka_e71RSORKNRvNbdzWQ,fayetteville-ar
https://www.ubereats.com/fayetteville-ar/food-delivery/wendys-2050-north-college-avenue/aIq2dU_8TxWCby7gm4c2ZA,fayetteville-ar
https://www.ubereats.com/fayetteville-ar/food-delivery/tropical-smoothie-cafe-350-n-razorback-road/o4soGbuUS0-f-GIiS_I2jQ,fayetteville-ar
https://www.ubereats.com/fayetteville-ar/food-delivery/la-despensa-latina/9gwv6clzS0OyLTWBRFDfxQ,fayetteville-ar
https://www.ubereats.com/fayetteville-ar/food-delivery/mcdonalds-1963-w-mlk-blvd/6ASPNyuJSb2PMw-8XvRt-A,fayetteville-ar
https://www.ubereats.com/fayetteville-ar/food-delivery/royal-donut-co/jabZQUqbTzKO2h5GxW8__w,fayetteville-ar
https://www.ubereats.com/fayetteville-ar/food-delivery/zoes-kitchen-3379-north-college-avenue-suite-8/5s-4NF45TPKP7VN5FsU-Hw,fayetteville-ar
https://www.ubereats.com/fayetteville-ar/food-delivery/eureka-pizza-fayetteville-west-location/2DnxwMu8Tsylh3KZyBlKaw,fayetteville-ar
https://www.ubereats.com/fayetteville-ar/food-delivery/mcdonalds-578-e-joyce-blvd/ilyf-bxZQDagcmcsHIJ--g,fayetteville-ar
https://www.ubereats.com/fayetteville-ar/food-delivery/golden-corral-4507-north-college-ave/nHGwjEbXQxerLIJ09c93Dg,fayetteville-ar
https://www.ubereats.com/fayetteville-ar/food-delivery/mcdonalds-3080-w-wedington-dr/MGmUhJw7R3u2yl5IlrgVcg,fayetteville-ar
