url,city
https://www.ubereats.com/new-jersey/food-delivery/wendys-301-state-route-10/ipFSg7fWSt-fk6xI5CDPmw,flanders-new-jersey
https://www.ubereats.com/new-jersey/food-delivery/berry-bowls-smoothie-and-salad-bar/UQLFiSBDS8S_NlDFNE8LxQ,flanders-new-jersey
https://www.ubereats.com/new-jersey/food-delivery/cold-stone-hackettstown/rZcWdKbTT1KRuIu7kjRVKg,flanders-new-jersey
https://www.ubereats.com/new-jersey/food-delivery/wendys-219-mountain-ave/eIIrw_1PRrOlQum92bHxSg,flanders-new-jersey
https://www.ubereats.com/new-jersey/food-delivery/subway-293-us-highway-206/fyLcTCSbTCOdAIurBBIYhg,flanders-new-jersey
https://www.ubereats.com/new-jersey/food-delivery/j-towne-tavern/316LeOyzRiCOluWYLsFzPw,flanders-new-jersey
https://www.ubereats.com/new-jersey/food-delivery/dunkin-470-state-route-10/cTyXFWg4SRerLmOv_IBu1A,flanders-new-jersey
https://www.ubereats.com/new-jersey/food-delivery/dunkin-136-lakeside-dr/H5S_Jfa3TxeJVMcvW7aEzQ,flanders-new-jersey
https://www.ubereats.com/new-jersey/food-delivery/big-eds-tap-house/twFwwoMAQLSEKNA_naXMeg,flanders-new-jersey
https://www.ubereats.com/new-jersey/food-delivery/vincenzo-pizzeria/1LotMMz2TkOdkz3yUtlsLg,flanders-new-jersey
https://www.ubereats.com/new-jersey/food-delivery/boston-market-247-route-10-east/69FUXyLQSIuw_gqh_yNdAw,flanders-new-jersey
https://www.ubereats.com/new-jersey/food-delivery/bubbakoos-burritos/c98mxJhWSCuEEnzqfJbSUQ,flanders-new-jersey
https://www.ubereats.com/new-jersey/food-delivery/marinos-cafe/HiptA6NzThWIajpnK_Uf1A,flanders-new-jersey
https://www.ubereats.com/new-jersey/food-delivery/mcdonalds-30-international-dr-south/Ac7tf8vZRrORe1UgZ0NY7g,flanders-new-jersey
https://www.ubereats.com/new-jersey/food-delivery/jersey-mikes-subs-275-state-route-10-e/BeA_5BxKRiOJo2lgkb_R5w,flanders-new-jersey
https://www.ubereats.com/new-jersey/food-delivery/krispy-krunchy-chicken-401-state-route-15-north/-VHZohPzRA6eQ0NShp63Zw,flanders-new-jersey
https://www.ubereats.com/new-jersey/food-delivery/kfc-230-east-mountain-avenue/wgYGKkllRO-VEOdBV1vQDA,flanders-new-jersey
https://www.ubereats.com/new-jersey/food-delivery/dunkin-114-state-hwy-route-206/gUgcg2mPTWiV5HmoVdUkTw,flanders-new-jersey
https://www.ubereats.com/new-jersey/food-delivery/cracker-barrel-old-country-store-172-howard-blvd/wom3WzxgQBeM9EgfvSR6DA,flanders-new-jersey
https://www.ubereats.com/new-jersey/food-delivery/monchys-colombian-grill%3A-hackettstown/kZTtupYFRVqA0lt1wGCeng,flanders-new-jersey
https://www.ubereats.com/new-jersey/food-delivery/lotus-thai-cuisine/OQvHcRvrS4Grivm7IGKnqA,flanders-new-jersey
https://www.ubereats.com/new-jersey/food-delivery/iron-hills-tavern/mT0vAvbmSDWO4lB4RXgQPg,flanders-new-jersey
https://www.ubereats.com/new-jersey/food-delivery/ritas-italian-ice-286-route-206/IFONta3VRvmxTtV3-Or_bg,flanders-new-jersey
https://www.ubereats.com/new-jersey/food-delivery/small-fries-bbq-%26-grill/HVpLHTt4TUifSYFOOlPAZw,flanders-new-jersey
https://www.ubereats.com/new-jersey/food-delivery/istanbul-cuisine-restaurant/KtiCR4XDQqmUHXKDd3IgCw,flanders-new-jersey
https://www.ubereats.com/new-jersey/food-delivery/golden-burrito-mexican-spot/5Us2-SE7TEi6wG79y3CkAg,flanders-new-jersey
https://www.ubereats.com/new-jersey/food-delivery/ihop-810-us-highway-46/Uq7miK6RQhCIUDm8S4ePMA,flanders-new-jersey
https://www.ubereats.com/new-jersey/food-delivery/red-robin-653-301-mount-hope-ave/hYfAWX_2SdK12_TDuTjGDA,flanders-new-jersey
https://www.ubereats.com/new-jersey/food-delivery/adams-hot-bagels/xYrsMndUQPeEV94O1lMgDw,flanders-new-jersey
https://www.ubereats.com/new-jersey/food-delivery/more-life-nutrition/C2rz5j0xQQiQCV6H78gnlg,flanders-new-jersey
https://www.ubereats.com/new-jersey/food-delivery/moes-southwest-grill-1930-rt-57/XVhmLlZOQMCRILGqQmS5UA,flanders-new-jersey
https://www.ubereats.com/new-jersey/food-delivery/antimos-pizzeria-%26-restaurant-sussex-tpke/dET2Vvl0Qy2mPfaH91o4nA,flanders-new-jersey
https://www.ubereats.com/new-jersey/food-delivery/dunkin-1039-us-hwy-46/GEjyl4U1Q7iRawveGJn86Q,flanders-new-jersey
https://www.ubereats.com/new-jersey/food-delivery/wendys-35-us-hwy-206-s/mm1LSBncR969yYv2fvvzyQ,flanders-new-jersey
https://www.ubereats.com/new-jersey/food-delivery/dunkin-180-howard-blvd/1NYRtwzwRkKVVxk1i59iPQ,flanders-new-jersey
https://www.ubereats.com/new-jersey/food-delivery/bagels-on-the-hill/x3SRaih7Q_qBS2xIlgX_Uw,flanders-new-jersey
https://www.ubereats.com/new-jersey/food-delivery/wawa-8390-305-mountain-ave/KG1fpNqYRlqFxkIDsd9rvQ,flanders-new-jersey
https://www.ubereats.com/new-jersey/food-delivery/jersey-mikes-subs-390-us-highway-206/md-XxTpfQX6G51vuIpQqIw,flanders-new-jersey
https://www.ubereats.com/new-jersey/food-delivery/taste-of-italy/jqpznuTUTDep_Wlyto4kDA,flanders-new-jersey
https://www.ubereats.com/new-jersey/food-delivery/sushi-hana-hibachi-house/k77-YtfuTaOtRPmcSrW9Ew,flanders-new-jersey
https://www.ubereats.com/new-jersey/food-delivery/white-castle-1113-us-highway-46/_HjSZAhlTXWjvaSEicl78A,flanders-new-jersey
https://www.ubereats.com/new-jersey/food-delivery/nolvias-restaurant/RAREzAhZTpuvGSq-tsAkrA,flanders-new-jersey
https://www.ubereats.com/new-jersey/food-delivery/new-asian-mizuki/BLezeUf6QgK6SEgq9tpASw,flanders-new-jersey
https://www.ubereats.com/new-jersey/food-delivery/dunkin-295-us-highway-206/RqRFLrG7SAq8zthcXmqTMg,flanders-new-jersey
https://www.ubereats.com/new-jersey/food-delivery/eagle-mini-diner/cOYzlXheSM-HCSH1GHfw0w,flanders-new-jersey
https://www.ubereats.com/new-jersey/food-delivery/dunkin-170-mountain-ave/U47mVYsWRMC2Rh0CGJb88A,flanders-new-jersey
https://www.ubereats.com/new-jersey/food-delivery/hot-bagels-abroad/UjYKcnB9T2GAsIR-kLFOYg,flanders-new-jersey
https://www.ubereats.com/new-jersey/food-delivery/137-applebees-mt-olive/KA8FgEErQhCVdOg3doCoBg,flanders-new-jersey
https://www.ubereats.com/new-jersey/food-delivery/dunkin-25-us-hwy-206/8QZrN8evTvuSZYTqE3fRZg,flanders-new-jersey
https://www.ubereats.com/new-jersey/food-delivery/ajs-bagel-%26-deli/1oAywD2yRK6R7w62c1Kp4w,flanders-new-jersey
https://www.ubereats.com/new-jersey/food-delivery/la-strada-ristorante/J__KFX5IS9WbiQZIo_dlGw,flanders-new-jersey
https://www.ubereats.com/new-jersey/food-delivery/five-guys-nj-1711/3BPyFYzMRDqysvPgk11NKQ,flanders-new-jersey
https://www.ubereats.com/new-jersey/food-delivery/dunkin-375-us-highway-46/nOSK--OpRnWiDF5tWNWJfA,flanders-new-jersey
https://www.ubereats.com/new-jersey/food-delivery/roxbury-diner/C2dsBWraSCKLmsI1BJMM7g,flanders-new-jersey
https://www.ubereats.com/new-jersey/food-delivery/red-lobster-303-route-10/zim9Vo6KTVWBstYKOyrxMw,flanders-new-jersey
https://www.ubereats.com/new-jersey/food-delivery/california-tortilla-roxbury/kpdQMXyrQae3SGPJ6OfgtQ,flanders-new-jersey
https://www.ubereats.com/new-jersey/food-delivery/cold-stone-321-mount-hope-ave/H5RalxEGQ52qbVWgGpHPSA,flanders-new-jersey
https://www.ubereats.com/new-jersey/food-delivery/outback-steakhouse-1070-us-highway-46/24r9mfagSiyDHmp0Q_UCWQ,flanders-new-jersey
https://www.ubereats.com/new-jersey/food-delivery/bagels-on-the-hill/dcOe523ATGeTnv2BNSlHOA,flanders-new-jersey
https://www.ubereats.com/new-jersey/food-delivery/damo-eating/52yZo0RURrOssC8sjNfVoQ,flanders-new-jersey
https://www.ubereats.com/new-jersey/food-delivery/ja-spice-island-jerk-and-american-food/MTKgE-KfT_yOrI9G-s90mQ,flanders-new-jersey
https://www.ubereats.com/new-jersey/food-delivery/monchys-colombian-grill%3A-dover/V47ZgWwKQhu3Fl1GpeL9uw,flanders-new-jersey
https://www.ubereats.com/new-jersey/food-delivery/kfc-1110-route-46/PcmcD7dXSpCJVTNfLlE7SA,flanders-new-jersey
https://www.ubereats.com/new-jersey/food-delivery/randolph-diner/G1jpBvBsTWSaqtqfDsxrpQ,flanders-new-jersey
https://www.ubereats.com/new-jersey/food-delivery/empire-buffet/fUScf0CwRuy6TRTVCkzkCQ,flanders-new-jersey
https://www.ubereats.com/new-jersey/food-delivery/taco-bell-268-route-10/520d7xd4RLmNqs1Ghw1cwA,flanders-new-jersey
https://www.ubereats.com/new-jersey/food-delivery/marleys-gotham-grill/AGMjdaHTQqSXC4jBPFfB0g,flanders-new-jersey
https://www.ubereats.com/new-jersey/food-delivery/pavillion-lounge/5QX1vJDqQSy8E087mVm8OA,flanders-new-jersey
https://www.ubereats.com/new-jersey/food-delivery/ginza/nUt0zWtFS3GMzN4UCM_owQ,flanders-new-jersey
https://www.ubereats.com/new-jersey/food-delivery/dunkin-10-rt-46-e/hZrEnRE5TnS2R7-41-XEqQ,flanders-new-jersey
https://www.ubereats.com/new-jersey/food-delivery/tgi-fridays-627-roxbury-nj/bL7JudJcRTWhAraSv3zX8Q,flanders-new-jersey
https://www.ubereats.com/new-jersey/food-delivery/hot-bagels-abroad/gWsKRfBtQ1CnfSQEhtl2ew,flanders-new-jersey
https://www.ubereats.com/new-jersey/food-delivery/burger-king-399-route-46/DGXZq3UaTGeuBD054AREwg,flanders-new-jersey
https://www.ubereats.com/new-jersey/food-delivery/mcdonalds-293-rt-206/Sx0u6RxERy6qdVbiAq3ucQ,flanders-new-jersey
https://www.ubereats.com/new-jersey/food-delivery/bagel-bistro/8kL-k_muThSFTNlkHaAFFQ,flanders-new-jersey
https://www.ubereats.com/new-jersey/food-delivery/burger-king-route-10-e-%26-hillside-ave/JSD64AyaRDmjb7iz8D8d5Q,flanders-new-jersey
https://www.ubereats.com/new-jersey/food-delivery/noches-de-colombia-randolph-nj/lVhAIMrHRFaLqqUxerUcsQ,flanders-new-jersey
https://www.ubereats.com/new-jersey/food-delivery/wendys-50-international-drive-south/4RQMg2tDSZWN3W1rd0jGfg,flanders-new-jersey
https://www.ubereats.com/new-jersey/food-delivery/empower-nutritionroxbury/PxPE1hXHRguLWpAO7rPxZA,flanders-new-jersey
https://www.ubereats.com/new-jersey/food-delivery/piggys-deli/3lvfd_4VT9SUqO65cN76Pg,flanders-new-jersey
https://www.ubereats.com/new-jersey/food-delivery/townsquare-diner-inc-nj-15/55zfQDrDRc63CqUyBsjOAA,flanders-new-jersey
https://www.ubereats.com/new-jersey/food-delivery/dunkin-100-us-highway-46-w/vgXIJPPGSRyD7fG0vbSaXw,flanders-new-jersey
https://www.ubereats.com/new-jersey/food-delivery/dunkin-57-state-route-10-e/LvZ9ln6lRE2qbOckJgK0Fg,flanders-new-jersey
https://www.ubereats.com/new-jersey/food-delivery/133-applebees-rockaway/QywO15MbQPGgO3RXU7Ezfw,flanders-new-jersey
https://www.ubereats.com/new-jersey/food-delivery/jersey-mikes-subs-1885-rt-57/45JUespSRQ2TwFklL_Ai7Q,flanders-new-jersey
https://www.ubereats.com/new-jersey/food-delivery/royal-halal-chicken-%26-biscuit/I5jIdTU1Q2i8rapTZ-AmUA,flanders-new-jersey
https://www.ubereats.com/new-jersey/food-delivery/jefferson-diner/qkUD1VDNSoiM-ns_YM2G1A,flanders-new-jersey
https://www.ubereats.com/new-jersey/food-delivery/mondo-pizza-restaurant-and-catering/cplxZ4x3QEeqCA8K6rWvFg,flanders-new-jersey
https://www.ubereats.com/new-jersey/food-delivery/wendys-505-rt-10-east/MZvy9sAQQlu9jCyrnJDKKQ,flanders-new-jersey
https://www.ubereats.com/new-jersey/food-delivery/buffalo-wild-wings-343-mount-hope-ave/Ws6SO9mIQ46jJvVVSeCT5g,flanders-new-jersey
https://www.ubereats.com/new-jersey/food-delivery/enjoy-creperie/O1daq0I_TNWe-QYMDqMNlg,flanders-new-jersey
https://www.ubereats.com/new-jersey/food-delivery/qdoba-395-mount-hope-ave/WPWywjN3QX-A81qrS_Ozeg,flanders-new-jersey
https://www.ubereats.com/new-jersey/food-delivery/pops-chicken/eLPEeFIdTPW5SUwFgjggzQ,flanders-new-jersey
https://www.ubereats.com/new-jersey/food-delivery/164-applebees-hackettstown/4L9heMp2T5G5vRwKjfjkYg,flanders-new-jersey
https://www.ubereats.com/new-jersey/food-delivery/cluck-u-chicken-netcong/a127H-tNTfuEt_ljm5ak6w,flanders-new-jersey
