url,city
https://www.ubereats.com/philadelphia/food-delivery/chipotle-mexican-grill-1075-w-baltimore-pike-ste-l/DsS1LhRhT4a83lNf8ENFvQ,folsom-pennsylvania
https://www.ubereats.com/philadelphia/food-delivery/mcdonalds-woodland-avenue/uhA9ENTuQ92o_-GBzqdtQw,folsom-pennsylvania
https://www.ubereats.com/philadelphia/food-delivery/table-11/1W6-SmMpS46pKrLwRP8aaw,folsom-pennsylvania
https://www.ubereats.com/philadelphia/food-delivery/mcdonalds-broomall-pa/KttcJK8_Ro2sQMD-7NNlFg,folsom-pennsylvania
https://www.ubereats.com/philadelphia/food-delivery/taza-tarka/56yAt2Y2SK2Kam0BJmQe4w,folsom-pennsylvania
https://www.ubereats.com/philadelphia/food-delivery/thai-fusion-kitchen/QMj2VvqpQl-9uv7D4Tzweg,folsom-pennsylvania
https://www.ubereats.com/philadelphia/food-delivery/mstinys-jamaican-cuisine/PxrgouP5Qaa-xDJtVQfmCQ,folsom-pennsylvania
https://www.ubereats.com/philadelphia/food-delivery/johnnys-pizza/Lh-tKpO2Qti5JNqOS78v5w,folsom-pennsylvania
https://www.ubereats.com/philadelphia/food-delivery/little-caesars-pizza-1936-macdade-blvd/PEPjjTvNTV23vjo6jEwMEQ,folsom-pennsylvania
https://www.ubereats.com/philadelphia/food-delivery/hometown-breakfast-cafe/ezhSjmMvRlqdfC1RGQNbFA,folsom-pennsylvania
https://www.ubereats.com/philadelphia/food-delivery/sonic-2610-east-macdade-boulevard/cIDCgxw7TPadjRdzpV23Ww,folsom-pennsylvania
https://www.ubereats.com/philadelphia/food-delivery/aban-sweets-%26-restaurant/IZh6XpDAQoSksKQJkGy7rQ,folsom-pennsylvania
https://www.ubereats.com/philadelphia/food-delivery/all-town-pizza/9ziRgyrgRSiJOeEkEDT9yQ,folsom-pennsylvania
https://www.ubereats.com/philadelphia/food-delivery/mcdonalds-island-avenue/eIyUFLuyThGKyFDlWxBqqg,folsom-pennsylvania
https://www.ubereats.com/philadelphia/food-delivery/anthonys-ristorante/5EALL-PIQAGkQM7pNrQnmw,folsom-pennsylvania
https://www.ubereats.com/philadelphia/food-delivery/a-%26-js-american-and-african-food/uNwmbWdOQ1OCNN5UH9FCbw,folsom-pennsylvania
https://www.ubereats.com/philadelphia/food-delivery/chick-fil-a-805-baltimore-pike/bUsD3Ya0TayNAv4WUK3M0A,folsom-pennsylvania
https://www.ubereats.com/philadelphia/food-delivery/dunkin-819-wsproul-rd/IUgJsze8SdCuTy2QjMBQsA,folsom-pennsylvania
https://www.ubereats.com/philadelphia/food-delivery/dunkin-100-baltimore-pike/AKIThDdyS3i98R2_WmO07w,folsom-pennsylvania
https://www.ubereats.com/philadelphia/food-delivery/wendys-5150-pennell-road/LrCCT1fcRsqoHmmdXsuOyg,folsom-pennsylvania
https://www.ubereats.com/philadelphia/food-delivery/amaris/ofn0aK8OQhKA25Cc-fbhIg,folsom-pennsylvania
https://www.ubereats.com/philadelphia/food-delivery/wendys-3521-edgemont-avenue/b2J6CfgdShmmjTUD-qKnNA,folsom-pennsylvania
https://www.ubereats.com/philadelphia/food-delivery/chipotle-mexican-grill-1751-wilmington-pike-ste-c-3/GKEFTcJXR-Kn0RzVOGLv4w,folsom-pennsylvania
https://www.ubereats.com/philadelphia/food-delivery/the-fainting-goat/UZACUBkWQee-2M6PQzJLHg,folsom-pennsylvania
https://www.ubereats.com/philadelphia/food-delivery/wawa-8048-111-morton-ave/yah5M1YJSwe8vxzPpgSa_A,folsom-pennsylvania
https://www.ubereats.com/philadelphia/food-delivery/five-guys-pa-0251-2053-sproul-rd/Vu-ssF_vSRKXvkn2De1wog,folsom-pennsylvania
https://www.ubereats.com/philadelphia/food-delivery/el-buen-sazon/PRNryIkDSQe7knon5MZfsg,folsom-pennsylvania
https://www.ubereats.com/philadelphia/food-delivery/elbas-deli-%26-restaurant/a8cxewBZTRCb-NWcIlYerA,folsom-pennsylvania
https://www.ubereats.com/philadelphia/food-delivery/mcdonalds-pilgrim-gardens-pa/dcr44NqfTRGCL3JdIwYabw,folsom-pennsylvania
https://www.ubereats.com/philadelphia/food-delivery/shere-e-punjab-indian-cuisine/UDy_ropqTq2lFlURmZuRZw,folsom-pennsylvania
https://www.ubereats.com/philadelphia/food-delivery/applebees-4301-pennell-road/zjOzMSIATZiPt3Gy1jaBSQ,folsom-pennsylvania
https://www.ubereats.com/philadelphia/food-delivery/philly-pretzel-factory-upper-darby/jRktDX9BQTC_im4hNDXnSQ,folsom-pennsylvania
https://www.ubereats.com/philadelphia/food-delivery/jamaica-finga-licking-kitchen/7ZnP5IklR06PdnqcngMjKQ,folsom-pennsylvania
https://www.ubereats.com/philadelphia/food-delivery/millers-ale-house-media/dUu_2iMVSaGElNt5YhlVAg,folsom-pennsylvania
https://www.ubereats.com/philadelphia/food-delivery/dunkin-5060-township-line-rd/E0CRqLqcS2SlUH8TAHQYBg,folsom-pennsylvania
https://www.ubereats.com/philadelphia/food-delivery/carrabbas-1250-baltimore-pike-springfield-mall/VfcjGuFuRYeoru52_vB3ZA,folsom-pennsylvania
https://www.ubereats.com/philadelphia/food-delivery/burger-king-4701-edgmont-ave/rC_j6MsnRQORapZQeWlmYA,folsom-pennsylvania
https://www.ubereats.com/philadelphia/food-delivery/dunkin-2705-edgmont-ave/YeC0w0ZNQJOv9G3JK6yB4A,folsom-pennsylvania
https://www.ubereats.com/philadelphia/food-delivery/dunkin-1300-macdade-blvd/QvBoar3sRt-g6SSgGjlYOg,folsom-pennsylvania
https://www.ubereats.com/philadelphia/food-delivery/laxmis-indian-grille-broomall/m2xHMC8GRUOk61fYnrcc3g,folsom-pennsylvania
https://www.ubereats.com/philadelphia/food-delivery/the-captains-boil-2650-macdade-blvd/eZtGv3q_QsOBbQ0j4vlozg,folsom-pennsylvania
https://www.ubereats.com/philadelphia/food-delivery/rhythm-and-brunch-cafe-by-chef-reeky/bYQ-rnK5SsSSPxfETBjuyA,folsom-pennsylvania
https://www.ubereats.com/philadelphia/food-delivery/qdoba-mexican-eats-1991-sproul-rd/ug7chB8sStaBTUnQxDVQpg,folsom-pennsylvania
https://www.ubereats.com/philadelphia/food-delivery/popeyes-pennell-road/uR7uChRURMyhJXJu9eQ4ig,folsom-pennsylvania
https://www.ubereats.com/philadelphia/food-delivery/auntie-annes-1250-baltimore-pike-spc-23a/mV9JUqBnRBO-sK8UjVf3Sg,folsom-pennsylvania
https://www.ubereats.com/philadelphia/food-delivery/mcdonalds-lansdown-%26-state/KpTF8nfLSRqdRJei3BJzHA,folsom-pennsylvania
https://www.ubereats.com/philadelphia/food-delivery/the-tattooed-pig/bFJpIPH3RhuhZckMIPZzTQ,folsom-pennsylvania
https://www.ubereats.com/philadelphia/food-delivery/da-chen-chinese-restaurant/raiJB-IHRDqmy93DlAAzBA,folsom-pennsylvania
https://www.ubereats.com/philadelphia/food-delivery/cascata-caffe/XODUpjGBSGWXGqn3hFqJrA,folsom-pennsylvania
https://www.ubereats.com/philadelphia/food-delivery/the-munchy-machine/Iowr39BtQ66BancoyVq8hA,folsom-pennsylvania
https://www.ubereats.com/philadelphia/food-delivery/starbucks-havertown/9l082uWGQU-t89dOx-DL_A,folsom-pennsylvania
https://www.ubereats.com/philadelphia/food-delivery/anthonys-at-paxon-hollow/kKFP4lqnTgKoTh7GUDgSpA,folsom-pennsylvania
https://www.ubereats.com/philadelphia/food-delivery/tashas-takeout/VtcqrYdpSjK9NJg79NZz4w,folsom-pennsylvania
https://www.ubereats.com/philadelphia/food-delivery/dunkin-5101-pennell-rd/EKVyl1JIS-243DCdmD2dLw,folsom-pennsylvania
https://www.ubereats.com/philadelphia/food-delivery/ariano/7OpCAkXMSdi9WXwH4Mw1BA,folsom-pennsylvania
https://www.ubereats.com/philadelphia/food-delivery/krispy-krunchy-fried-chicken-pizza-grill/McZ_s6suRDiSxtbXijCxwg,folsom-pennsylvania
https://www.ubereats.com/philadelphia/food-delivery/station-tap/JZNstNL3S1ihPvjkJGFC9w,folsom-pennsylvania
https://www.ubereats.com/philadelphia/food-delivery/bbq-chicken-%26-tiken-tea-upper-darby-pa/GhQaOlkDQ9SBy1VyQgUodQ,folsom-pennsylvania
https://www.ubereats.com/philadelphia/food-delivery/state-street-sandwiches/90C2xCRYSG2I4YQ3gedMsA,folsom-pennsylvania
https://www.ubereats.com/philadelphia/food-delivery/mrs-marys-kitchen/wUpIlkapQUSgKAVhQUamOQ,folsom-pennsylvania
https://www.ubereats.com/philadelphia/food-delivery/yuki-sushi/icVyMyjfTkyZjlPAToKnow,folsom-pennsylvania
https://www.ubereats.com/philadelphia/food-delivery/poke-bros-glen-mills/I5XPZkjBSY2MAGmk6KJjKQ,folsom-pennsylvania
https://www.ubereats.com/philadelphia/food-delivery/hilldale-kitchen/Wm1be4-7SbKYVFV-qbxSZA,folsom-pennsylvania
https://www.ubereats.com/philadelphia/food-delivery/manhattan-bagel-havertown/CiCyto9wTzybSbqs_aPRNg,folsom-pennsylvania
https://www.ubereats.com/philadelphia/food-delivery/golden-star/-b3Yzmw7QLGvGx-MO1d5bQ,folsom-pennsylvania
https://www.ubereats.com/philadelphia/food-delivery/kung-fu-tea-media/N6J0VRpoTSShnhPXEYHfCg,folsom-pennsylvania
https://www.ubereats.com/philadelphia/food-delivery/friendlys-1250-baltimore-pike-%23-l30/bGQgIQOAQz2HpBm7qrEoTQ,folsom-pennsylvania
https://www.ubereats.com/philadelphia/food-delivery/china-house/0u0hNclkSRqVhMj1Y7E6BQ,folsom-pennsylvania
https://www.ubereats.com/philadelphia/food-delivery/afc-kitchen/yw7PR1ZkReGi8oBdZNJWbQ,folsom-pennsylvania
https://www.ubereats.com/philadelphia/food-delivery/yangtze-inn/H-ad8AxxQuapKrqX49QNoQ,folsom-pennsylvania
https://www.ubereats.com/philadelphia/food-delivery/bananamousse-spruce-street/sbMXuURORruksKJGiFNglA,folsom-pennsylvania
https://www.ubereats.com/philadelphia/food-delivery/coffee-%26-creams-southwest-grill/tuqf6ZatSMWJUxQaYBGKrQ,folsom-pennsylvania
https://www.ubereats.com/philadelphia/food-delivery/wendys-294-e-baltimore-pike/UeaxMRUXSQeWdSvarFN-jQ,folsom-pennsylvania
https://www.ubereats.com/philadelphia/food-delivery/the-hot-dog-stand/J2dTIY8XSay6PLlCIUFN7g,folsom-pennsylvania
https://www.ubereats.com/philadelphia/food-delivery/checkers-2448-island-ave/_dhrH2M1Se60B-e-hjq6yA,folsom-pennsylvania
https://www.ubereats.com/philadelphia/food-delivery/mcdonalds-holmes/KI74TgjzS2C0BOQdrOnHoQ,folsom-pennsylvania
https://www.ubereats.com/philadelphia/food-delivery/smashburger-4828-edgmont-ave/OJ9p8TMTQ3Grwwyeq9lOmw,folsom-pennsylvania
https://www.ubereats.com/philadelphia/food-delivery/kellys-corner/ZgA-HpqnTkGzi4RldFTBag,folsom-pennsylvania
https://www.ubereats.com/philadelphia/food-delivery/little-basil/NWCBmQ0iRQm2_cC84CbhLw,folsom-pennsylvania
https://www.ubereats.com/philadelphia/food-delivery/shotz-bar-and-grill/_cV89VUWTQGOuTK0Q2s5sA,folsom-pennsylvania
https://www.ubereats.com/philadelphia/food-delivery/buddys-burger-w-state/jj7ciIy6Q-GYB4N7eR9xRQ,folsom-pennsylvania
https://www.ubereats.com/philadelphia/food-delivery/cracker-barrel-old-country-store-125-s-stewart-ave/9RVk7ptaSR-XxCC0hKJRNw,folsom-pennsylvania
https://www.ubereats.com/philadelphia/food-delivery/springfield-pizza/qMPeVIxbSiqOOPhvupVHPg,folsom-pennsylvania
https://www.ubereats.com/philadelphia/food-delivery/tom-jones-family-restaurant/0RaJbJQsRT23M-AeAgKSYw,folsom-pennsylvania
https://www.ubereats.com/philadelphia/food-delivery/motherland-restaurant/_-uiFVaETXaYvqvaSpX0CQ,folsom-pennsylvania
https://www.ubereats.com/philadelphia/food-delivery/ocean-house/JiTNBwvZSgCcgxNfjOfwnw,folsom-pennsylvania
https://www.ubereats.com/philadelphia/food-delivery/wendys-132-north-macdade/7XwBXyDOQT-nkmeg3l794A,folsom-pennsylvania
https://www.ubereats.com/philadelphia/food-delivery/family-style-pizza-2/ouU8tx_RR9u1LZ9vR4li1w,folsom-pennsylvania
https://www.ubereats.com/philadelphia/food-delivery/liberty-bell-chester-diner/pX5CM2IFQ_6jkHGBViyu6g,folsom-pennsylvania
https://www.ubereats.com/philadelphia/food-delivery/wendys-800-reed-rd/l96hf5_ITguFcqcORHD8nQ,folsom-pennsylvania
https://www.ubereats.com/philadelphia/food-delivery/wendys-115-stewart-avenue/9K7WgcJRRiGlY6IxWvkniw,folsom-pennsylvania
https://www.ubereats.com/philadelphia/food-delivery/la-cannelle-cafe/0TLyAnokS8ubSQqT67FB9g,folsom-pennsylvania
https://www.ubereats.com/philadelphia/food-delivery/harmony/5F1jw-VYTRu2GZ88129KpQ,folsom-pennsylvania
https://www.ubereats.com/philadelphia/food-delivery/saxers-pub/x83hdof7TPqITi3lfFVaVA,folsom-pennsylvania
https://www.ubereats.com/philadelphia/food-delivery/aquarius-restaurant/_ZgYJIR0Qres8PLJad922A,folsom-pennsylvania
https://www.ubereats.com/philadelphia/food-delivery/caseys-saloon-and-restaurant-ridley-park/iyVF-Y-tS_CjVmaNfmRGqw,folsom-pennsylvania
https://www.ubereats.com/philadelphia/food-delivery/hook-rd-market/3vmoze8dQrah349fFDCJtw,folsom-pennsylvania
https://www.ubereats.com/philadelphia/food-delivery/bottom-of-the-sea-soul/cd0V9USCTHSMK2iUC2PNJg,folsom-pennsylvania
https://www.ubereats.com/philadelphia/food-delivery/millers-diner/LTAz8BlRSm-M6Kc7_5kUEQ,folsom-pennsylvania
https://www.ubereats.com/philadelphia/food-delivery/dunkin-23-e-baltimore-ave/sER20JlPTgSR3XhhiqYqJw,folsom-pennsylvania
https://www.ubereats.com/philadelphia/food-delivery/boston-market-5200-baltimore-pk/jbqi9bFWT7yHjyJtwDMZrg,folsom-pennsylvania
https://www.ubereats.com/philadelphia/food-delivery/zacs-hamburgers/zXS9bDupS8OqO3a82kb9nA,folsom-pennsylvania
https://www.ubereats.com/philadelphia/food-delivery/snack-u/qo00LkKZSmWxj4ktR8RULw,folsom-pennsylvania
https://www.ubereats.com/philadelphia/food-delivery/kfc-taco-bell3515-edgmont-ave/tFOOxLNaQp6Qxgdr5A8p0g,folsom-pennsylvania
https://www.ubereats.com/philadelphia/food-delivery/red-fire-american-grill-clarion-hotel/fNBL3b5bSt6LVJVP0r0JhA,folsom-pennsylvania
https://www.ubereats.com/philadelphia/food-delivery/cold-stone-creamery-springfield/Qs9DeFn3Rjyx3hnButO2OQ,folsom-pennsylvania
https://www.ubereats.com/philadelphia/food-delivery/popeyes-eddystone/i_hXEKmsSoG7HYqUUBFTCg,folsom-pennsylvania
https://www.ubereats.com/philadelphia/food-delivery/southside-zabihah-halal-eatery/-BEa0BuPQpaC--5uS0Tiww,folsom-pennsylvania
https://www.ubereats.com/philadelphia/food-delivery/trieste-italian-restaurant/EE32h2TFT4yh8MdHVLgPsA,folsom-pennsylvania
https://www.ubereats.com/philadelphia/food-delivery/tomo-sushi-and-sashimi-h-mart-2nd-floor/7L_X9IZzQt-RyG2whPbAUw,folsom-pennsylvania
https://www.ubereats.com/philadelphia/food-delivery/ny-halal-food-truck-%231/QxOMj1aJRsSCmxA0mp0RkA,folsom-pennsylvania
https://www.ubereats.com/philadelphia/food-delivery/dunkin-600-chester-pike/q5xgDP7PT1iiJ60uKxzP9Q,folsom-pennsylvania
https://www.ubereats.com/philadelphia/food-delivery/texas-chicken-%26-burgers-woodland-ave/Kbv26EkOR-yNRqS2EXvayA,folsom-pennsylvania
https://www.ubereats.com/philadelphia/food-delivery/philly-pretzel-factory-broomall/iIA9fBxYT0qkusNEg49qYw,folsom-pennsylvania
https://www.ubereats.com/philadelphia/food-delivery/frankies-on-fairview-by-chef-reeky/L_MxSXCWQD6t1tnxyZICfQ,folsom-pennsylvania
https://www.ubereats.com/philadelphia/food-delivery/pasta-hut/Hrb4snA8SeiB4CeJKj-Bdg,folsom-pennsylvania
https://www.ubereats.com/philadelphia/food-delivery/franks-seafood/NBxWiRQqRAe4RWdZBB_Y9w,folsom-pennsylvania
https://www.ubereats.com/philadelphia/food-delivery/auntie-annes-50-n-mcdade-blvd/ARB1PVUdRMqBMwCOanyf4w,folsom-pennsylvania
https://www.ubereats.com/philadelphia/food-delivery/ritas-italian-ice-7718-city-ave/q6ZaHEdxTJOndtPWOwepew,folsom-pennsylvania
https://www.ubereats.com/philadelphia/food-delivery/shalompizza/sDEc26YVQ8OXVLZkOJi7Ww,folsom-pennsylvania
https://www.ubereats.com/philadelphia/food-delivery/burger-king-521-west-baltimore-pike/EiFYbOS3RG-4bO5--BVwKg,folsom-pennsylvania
https://www.ubereats.com/philadelphia/food-delivery/the-captains-boil-8680-bartram-ave/8zDXnXe4T6y4F9Di2mzRDw,folsom-pennsylvania
https://www.ubereats.com/philadelphia/food-delivery/jds-soul-food-kitchen/WYtcrbzVS1Sk7oNd0uLoKg,folsom-pennsylvania
https://www.ubereats.com/philadelphia/food-delivery/wing-hut/sHU0MFtUQBC6sMMg4HPa6A,folsom-pennsylvania
https://www.ubereats.com/philadelphia/food-delivery/seafood-from-the-soul/5TqyFjPzSF--8x2ofgyxNA,folsom-pennsylvania
https://www.ubereats.com/philadelphia/food-delivery/mikes-burgers-and-shakes/WzB4M9VdRaCvjiW2ZWF90w,folsom-pennsylvania
https://www.ubereats.com/philadelphia/food-delivery/dunkin-1-s-chester-rd/RB7geg4uTtOe7kPv-Dl3pg,folsom-pennsylvania
https://www.ubereats.com/philadelphia/food-delivery/wendys-310-macdade-blvd/ntcLvE7NQLaekHkWTCtO2g,folsom-pennsylvania
https://www.ubereats.com/philadelphia/food-delivery/femis-pizza/SZBvhy34QfqyG1Ep3rZsJQ,folsom-pennsylvania
https://www.ubereats.com/philadelphia/food-delivery/toms-dim-sum-ii-media/bO3JImvOSqmf0HKcZ8es3A,folsom-pennsylvania
https://www.ubereats.com/philadelphia/food-delivery/italian-delight-inc/iSxFFSETQZiWrTvTjfKr4A,folsom-pennsylvania
https://www.ubereats.com/philadelphia/food-delivery/dennys-47-industrial-hwy/Cuf7S6OASCyhXMi_3r-uYA,folsom-pennsylvania
https://www.ubereats.com/philadelphia/food-delivery/nifty-fiftys-ridely-township/rszaH3wlRsKzZb00SJJ3Rw,folsom-pennsylvania
https://www.ubereats.com/philadelphia/food-delivery/capriottis-sandwich-shop-springfield/-SAbiHU8RTenaJc_ERsiDA,folsom-pennsylvania
https://www.ubereats.com/philadelphia/food-delivery/subway-1570-chester-pike/SHV_Xyb4QIm0q2uu4xqc-Q,folsom-pennsylvania
https://www.ubereats.com/philadelphia/food-delivery/chipotle-mexican-grill-8500-essington-ave-ste-fh13/8zxyn59fSF-Vy31undm56A,folsom-pennsylvania
https://www.ubereats.com/philadelphia/food-delivery/dunkin-400-e-baltimore-pike/W6F9xGPlTr2W7JeX-V1QHA,folsom-pennsylvania
https://www.ubereats.com/philadelphia/food-delivery/al-forno-pizzeria/fNKFSJs_TNa4uFSosGkCHw,folsom-pennsylvania
https://www.ubereats.com/philadelphia/food-delivery/famous-daves-barbecue-baltimore-pike/yWFLzrbuSveLW_MmJmOUiQ,folsom-pennsylvania
https://www.ubereats.com/philadelphia/food-delivery/ginza/F-8T9IoSTYOjuXEEicVxBQ,folsom-pennsylvania
https://www.ubereats.com/philadelphia/food-delivery/topview-restaurant-%26-grill/h_svO0QYRW-TWlbX9XcK_g,folsom-pennsylvania
https://www.ubereats.com/philadelphia/food-delivery/tee-and-company-convenience/PXTUBPy0T8e3szGGziIcdA,folsom-pennsylvania
https://www.ubereats.com/philadelphia/food-delivery/el-sazon-de-donna-eva/GOFtt0GsSv2ORpbY5CKRKg,folsom-pennsylvania
https://www.ubereats.com/philadelphia/food-delivery/dos-gringos-mexican-kitchen/uYAtNWJGRRCOjJ_7BBEVig,folsom-pennsylvania
https://www.ubereats.com/philadelphia/food-delivery/sciarrinos-pizzeria/e6QdCnjtQbysXpr5cr4oXQ,folsom-pennsylvania
https://www.ubereats.com/philadelphia/food-delivery/the-pit-stop/2uNhYiYxT-aj664teSxmVQ,folsom-pennsylvania
https://www.ubereats.com/philadelphia/food-delivery/emma-liberian-kitchen-2/CdwyXDtrQpuy9dW5TMTt5w,folsom-pennsylvania
https://www.ubereats.com/philadelphia/food-delivery/hibernian-coffee-shop/2V07c0r7RnCyDAc8lpgSBg,folsom-pennsylvania
https://www.ubereats.com/philadelphia/food-delivery/ny-bagel-cafe/e5-SYdfjTEO317E2_zWD-A,folsom-pennsylvania
https://www.ubereats.com/philadelphia/food-delivery/terrys-too/GzBMmU7FTnmfrsoPbuKNaQ,folsom-pennsylvania
https://www.ubereats.com/philadelphia/food-delivery/santinos-tap-%26-table/vtro_sxxQYCm1HvmweJe7A,folsom-pennsylvania
https://www.ubereats.com/philadelphia/food-delivery/arbys-618-chester-pike/NvHZoHKMQ6aFjcDVQEKPdQ,folsom-pennsylvania
https://www.ubereats.com/philadelphia/food-delivery/kaywayjuice-juice-bar-%26-plant-based-cafe/T4qVHb8iQTueK7Rryq5vmA,folsom-pennsylvania
https://www.ubereats.com/philadelphia/food-delivery/town-tap-by-conshohocken-brewing-company/LyKPXWjDQFOvs_RY65Zueg,folsom-pennsylvania
https://www.ubereats.com/philadelphia/food-delivery/clean-plate-meal-prep/cqWyLghkSxGamU7tZBdpeg,folsom-pennsylvania
https://www.ubereats.com/philadelphia/food-delivery/daves-pizza/GjmfUlwDRkeSAbwxsgTJnw,folsom-pennsylvania
https://www.ubereats.com/philadelphia/food-delivery/renato-pizza/oeRCu6K5R0aV_kKiDRcSoA,folsom-pennsylvania
https://www.ubereats.com/philadelphia/food-delivery/starbucks-media-baltimore-pike/pS7Z-ZX5QM6RAL9YSk7kvQ,folsom-pennsylvania
https://www.ubereats.com/philadelphia/food-delivery/iron-hill-brewery-%26-restaurant-media/cAm8TR1JSjCErp3MkoqJKw,folsom-pennsylvania
https://www.ubereats.com/philadelphia/food-delivery/pats-deli-and-grocery/g3alEPjBRwy3dnAYMk5dJA,folsom-pennsylvania
https://www.ubereats.com/philadelphia/food-delivery/popeyes-411-baltimore-pike/CMR4xy9IRA-pDR_rxuMzIw,folsom-pennsylvania
https://www.ubereats.com/philadelphia/food-delivery/stingers-restaurant-and-bar/2e6C3nwsQBu6mxofhWajrw,folsom-pennsylvania
https://www.ubereats.com/philadelphia/food-delivery/difabios-market-and-tap/8xd0edAFQMOwz9pZTi9_hg,folsom-pennsylvania
https://www.ubereats.com/philadelphia/food-delivery/napoletano-brothers/2k8Muq6rQkWL75ELaqQTDg,folsom-pennsylvania
https://www.ubereats.com/philadelphia/food-delivery/i-got-the-juice-cafe/SJwIkJ8NSFiAm-skibyphw,folsom-pennsylvania
https://www.ubereats.com/philadelphia/food-delivery/country-squire-diner-restaurant-%26-bakery/YyfWIsUdSmaFZbY_NJj7ig,folsom-pennsylvania
https://www.ubereats.com/philadelphia/food-delivery/gambols-big-g-cafe/5LX4Tv49R8-BoplL2frSvQ,folsom-pennsylvania
https://www.ubereats.com/philadelphia/food-delivery/39-north-bar-%26-grille/AvPbBoO7SzKWUEC45-GcCA,folsom-pennsylvania
https://www.ubereats.com/philadelphia/food-delivery/taco-bell-7500-westchester-pike/smNjq9_LTvKfrzV_eN_1FQ,folsom-pennsylvania
https://www.ubereats.com/philadelphia/food-delivery/the-juice-merchant/iAxLxU7LTWST3wJvIRNo7A,folsom-pennsylvania
https://www.ubereats.com/philadelphia/food-delivery/pizzeria/Dpezw_SOTnKaBA8g88cgdQ,folsom-pennsylvania
https://www.ubereats.com/philadelphia/food-delivery/mcdonalds-darby/CizD9E_TQmWMGc16cMVgcA,folsom-pennsylvania
https://www.ubereats.com/philadelphia/food-delivery/mazagan-moroccan-mediterranean-cuisines/3709yXvVT0GepptJlF5w1Q,folsom-pennsylvania
https://www.ubereats.com/philadelphia/food-delivery/shere-e-punjab-drexel-hills/5uQ7GbPoTSqy_Jhbkdylyw,folsom-pennsylvania
https://www.ubereats.com/philadelphia/food-delivery/crab-shack/gLFry-C1SZSfx3qerUtV7g,folsom-pennsylvania
https://www.ubereats.com/philadelphia/food-delivery/dino-style-pizza/TtINm7vnTbOQO-43aSyHrA,folsom-pennsylvania
https://www.ubereats.com/philadelphia/food-delivery/subway-50-n-macdade-blvd/0yFtmlohSla8c0cU8dI3Jg,folsom-pennsylvania
https://www.ubereats.com/philadelphia/food-delivery/dunkin-1876-delmar-dr/r5CkTTRYSf-fSe9g4pH6Xg,folsom-pennsylvania
https://www.ubereats.com/philadelphia/food-delivery/tumble-inn/eT15Mt2wR3eaTK8HliM_xw,folsom-pennsylvania
https://www.ubereats.com/philadelphia/food-delivery/mcdonalds-woodlyn-mac-dade/3ilayAguTE6y2jLK35IIcg,folsom-pennsylvania
https://www.ubereats.com/philadelphia/food-delivery/swiss-farms-milmont-park/-QT8PgNQRCCTcJ27W1Zqvw,folsom-pennsylvania
https://www.ubereats.com/philadelphia/food-delivery/popeyes-macdade-blvd/IMUXivIUSdWUFVtzEcpm7w,folsom-pennsylvania
https://www.ubereats.com/philadelphia/food-delivery/green-china/vp04HujxTvePlqfLLK7AaQ,folsom-pennsylvania
https://www.ubereats.com/philadelphia/food-delivery/thai-aroy-dee/4rbfHKinS-OFo_adDvQD8Q,folsom-pennsylvania
https://www.ubereats.com/philadelphia/food-delivery/wawa-293-5337-baltimore-pike/jSep3jwqSh-KBpzEeOyzIQ,folsom-pennsylvania
https://www.ubereats.com/philadelphia/food-delivery/just-pizza/CNsAeQ5sQsS2JHJ1joecWw,folsom-pennsylvania
https://www.ubereats.com/philadelphia/food-delivery/dunkin-5-macdade-blvd/k2enbdP7SgiGjZH8bOC2XQ,folsom-pennsylvania
https://www.ubereats.com/philadelphia/food-delivery/mcdonalds-201-e-baltimore-ave/x08Ll7J5Spak-b9AZsvZDg,folsom-pennsylvania
https://www.ubereats.com/philadelphia/food-delivery/ny-bagel-%26-sandwich-shop/KKujwXaESbuc2w9UxSicDA,folsom-pennsylvania
https://www.ubereats.com/philadelphia/food-delivery/sciarrinos-pizza-springfield/ctPhW6ecRXGjwKvi4qKtzA,folsom-pennsylvania
https://www.ubereats.com/philadelphia/food-delivery/perkins-restaurant-%26-bakery-drexel-hill/lwp0WALQT3inzfgd35UOaQ,folsom-pennsylvania
https://www.ubereats.com/philadelphia/food-delivery/320-market-cafe-swarthmore/h5OAlbhrQeWemDo_GjriLg,folsom-pennsylvania
https://www.ubereats.com/philadelphia/food-delivery/chickies-%26-petes-drexel-hill/M8SCsX4mScqBOwBCuzm1OQ,folsom-pennsylvania
https://www.ubereats.com/philadelphia/food-delivery/tony-lukes/gQE-0NBnQki8HL1i-yTuIA,folsom-pennsylvania
https://www.ubereats.com/philadelphia/food-delivery/starbucks-shoppes-at-brookhaven/D_Q-t95vRSqMgMYjDYfpMg,folsom-pennsylvania
https://www.ubereats.com/philadelphia/food-delivery/taco-bell-659-conchester-highway/rTqDNyDoRp6wxXoPkF7zLw,folsom-pennsylvania
https://www.ubereats.com/philadelphia/food-delivery/bogarts-bar-and-grille/jgJ4yNJ8QxSmb3gmziKJmQ,folsom-pennsylvania
https://www.ubereats.com/philadelphia/food-delivery/falones-glenolden/Fi8rcrRDSZu7uWYV5ctXiw,folsom-pennsylvania
https://www.ubereats.com/philadelphia/food-delivery/nooddi-thai-chef/377E-ZJYQHWkYb278sTVuw,folsom-pennsylvania
https://www.ubereats.com/philadelphia/food-delivery/outback-steakhouse-1162-baltimore-pike/uaaFOwIDRT6AcA2uZIMGUw,folsom-pennsylvania
https://www.ubereats.com/philadelphia/food-delivery/from-the-roots-natural-smoothie-bar/DomrxrLjRe6e30TWK9-jRw,folsom-pennsylvania
https://www.ubereats.com/philadelphia/food-delivery/moes-southwest-grill-drexel-hill/7nNW1FdlTxu2YO59YrvggA,folsom-pennsylvania
https://www.ubereats.com/philadelphia/food-delivery/illusions/PaYcQPnjSJqmHlGvu5VpSA,folsom-pennsylvania
https://www.ubereats.com/philadelphia/food-delivery/jd-mcgillicuddys/8cfLn2zpRGqjWSdUiGZpCw,folsom-pennsylvania
https://www.ubereats.com/philadelphia/food-delivery/chill-out-ice-cream-and-water-ice/7xJ5FCnyTBGd2DE4_mlAhQ,folsom-pennsylvania
https://www.ubereats.com/philadelphia/food-delivery/joong-hwa-roo/V1_Nlk4_Sdqe5vHGJN5y0g,folsom-pennsylvania
https://www.ubereats.com/philadelphia/food-delivery/philly-pretzel-factory-springfield/YUV_DxK3T_y8Hc_c4SDgfg,folsom-pennsylvania
https://www.ubereats.com/philadelphia/food-delivery/burger-king-501-macdade-blvd/D6UAZUVFRrSzXSveL9WK1g,folsom-pennsylvania
https://www.ubereats.com/philadelphia/food-delivery/we-yone-african-restaurant/2svYdpJySYWjeSnB51OxoQ,folsom-pennsylvania
https://www.ubereats.com/philadelphia/food-delivery/wendys-3000-island-ave/nt8H-9wgTBCII3-KCpkBHA,folsom-pennsylvania
https://www.ubereats.com/philadelphia/food-delivery/ruby-tuesday-8680-bartram-ave/DShbhIRmRMyOS0bbrB520g,folsom-pennsylvania
https://www.ubereats.com/philadelphia/food-delivery/mcdonalds-prospect-park/NLRw7I-LTW2S8O_lLxc8uQ,folsom-pennsylvania
https://www.ubereats.com/philadelphia/food-delivery/chill-out-chocolate-therapy/98ySfjyrT6itdEtj4QSzCw,folsom-pennsylvania
https://www.ubereats.com/philadelphia/food-delivery/dunkin-146-n-macdade-blvd/xMTYk1Y2TruyuVSqMe8dIg,folsom-pennsylvania
https://www.ubereats.com/philadelphia/food-delivery/little-caesars-pizza-33-n-macdade-blvd/Mg90YD5MSYy4BFqQjlQ8IA,folsom-pennsylvania
https://www.ubereats.com/philadelphia/food-delivery/hookrdsupermarket/usFcFgAfQS2HGKL9GvYTbg,folsom-pennsylvania
https://www.ubereats.com/philadelphia/food-delivery/stephens-on-state/zWKW2kMiT7q22r56KLnw9g,folsom-pennsylvania
https://www.ubereats.com/philadelphia/food-delivery/red-iron-pub-%26-fine-indian-cuisine/HE9O2j0lSY2-ZPMu28w6Ag,folsom-pennsylvania
https://www.ubereats.com/philadelphia/food-delivery/wawa-8027-5008-pennell-road/ynxRn7g0SMmtfttsZuVT0w,folsom-pennsylvania
https://www.ubereats.com/philadelphia/food-delivery/china-wok-iii/1idHguBAQfezOc7WW7HutA,folsom-pennsylvania
https://www.ubereats.com/philadelphia/food-delivery/its-cold/FlGPO4rHTbahR931H0zusQ,folsom-pennsylvania
https://www.ubereats.com/philadelphia/food-delivery/starbucks-upper-darby/tu3sFFgwRLuBO4_WxkSz5w,folsom-pennsylvania
https://www.ubereats.com/philadelphia/food-delivery/kings-deli/XLkf_ncOQ7CJw7AGPH2dDA,folsom-pennsylvania
https://www.ubereats.com/philadelphia/food-delivery/saladworks-shop-rite-island-ave/SqsOXHIURtqf8uES5sK3JQ,folsom-pennsylvania
https://www.ubereats.com/philadelphia/food-delivery/philly-diner/Mbrt70rFQtWIUGpCO85tXQ,folsom-pennsylvania
https://www.ubereats.com/philadelphia/food-delivery/panera-1022-baltimore-pike/kJStt89DSX28Vn7dbBg6rg,folsom-pennsylvania
https://www.ubereats.com/philadelphia/food-delivery/wimpys-original/aijXOuNMTV2o9VM1YIz3bg,folsom-pennsylvania
https://www.ubereats.com/philadelphia/food-delivery/springfield-diner/7iheqqo1R-iHHOa-_gk68w,folsom-pennsylvania
https://www.ubereats.com/philadelphia/food-delivery/ginos-pizza-store/_XGMRc9zTeCPk4Pv0icgMQ,folsom-pennsylvania
https://www.ubereats.com/philadelphia/food-delivery/dim-sum-mania-%E4%B8%8A%E6%B5%B7%E4%BD%AC/ClcXpBS2QOuxcKnqgrG2hw,folsom-pennsylvania
https://www.ubereats.com/philadelphia/food-delivery/swiss-farms-clifton-heights/SGiUSWWnQ1qIaeoDvIiIcQ,folsom-pennsylvania
https://www.ubereats.com/philadelphia/food-delivery/mong-shil-tong-tong/tI9frnIATGqUBeHS0MnU8w,folsom-pennsylvania
https://www.ubereats.com/philadelphia/food-delivery/dunkin-1100-chester-pike/628rUvCdS1SVx8OWrLoY1A,folsom-pennsylvania
https://www.ubereats.com/philadelphia/food-delivery/mcdonalds-havertwn-westche/h3pkIXuQS7uV8ZYYyDVUSQ,folsom-pennsylvania
https://www.ubereats.com/philadelphia/food-delivery/swiss-farms-brookhaven/iOznb2PHQ_60CVTNVAnfjg,folsom-pennsylvania
https://www.ubereats.com/philadelphia/food-delivery/1st-indian-kitchen/enkoUq0lThaFtJ8kop8y5A,folsom-pennsylvania
https://www.ubereats.com/philadelphia/food-delivery/old-state-tavern/kBbmBt-NTMqbIqejHAm4wQ,folsom-pennsylvania
https://www.ubereats.com/philadelphia/food-delivery/pei-wei-950-baltimore-pike/vmET3LY6RqiS6tnh2xOMYA,folsom-pennsylvania
https://www.ubereats.com/philadelphia/food-delivery/lariele-wood-fired-square-pie/d2JAPYp4TIyx-dXtJlCgpA,folsom-pennsylvania
https://www.ubereats.com/philadelphia/food-delivery/bourbon-%26-brews/86xuJZPFSoWQCWZcMd67wg,folsom-pennsylvania
https://www.ubereats.com/philadelphia/food-delivery/primohoagies-504-baltimore-pike/IVJS6SGhS7eE9U_bngGrFQ,folsom-pennsylvania
https://www.ubereats.com/philadelphia/food-delivery/ocean-crab/6LuFVIFvSnCIX-A0likJeQ,folsom-pennsylvania
https://www.ubereats.com/philadelphia/food-delivery/meximac-mexican-food-pa/gmFKpUWMQJmI8glk_wID0w,folsom-pennsylvania
https://www.ubereats.com/philadelphia/food-delivery/trieste-restaurant/hL2cuVVZS8OMyGl2qrtwxw,folsom-pennsylvania
https://www.ubereats.com/philadelphia/food-delivery/smashburger-400-s-state-rd/TGSpzqg7S0KxAJv1gescLg,folsom-pennsylvania
https://www.ubereats.com/philadelphia/food-delivery/la-na-thai-french-cuisine/YVFoI0ghQ3y7Oeljo34Zeg,folsom-pennsylvania
https://www.ubereats.com/philadelphia/food-delivery/jaco-juice-%26-taco-bar/RHk9C3JASgG5nx8qjgQjBw,folsom-pennsylvania
https://www.ubereats.com/philadelphia/food-delivery/diegos-cantina-and-tequila-bar/yKuNisYwQRmPpy8KM5NUVw,folsom-pennsylvania
https://www.ubereats.com/philadelphia/food-delivery/the-coffee-station-morton/KzQYMP4CSM-kvLHE1DfRuQ,folsom-pennsylvania
https://www.ubereats.com/philadelphia/food-delivery/aria-mediterranean-cuisine/2d-Cow8MRUSfkm00Kf_X9Q,folsom-pennsylvania
https://www.ubereats.com/philadelphia/food-delivery/llanerch-diner/aqTA56hKQKy1g4Jy3jaA_g,folsom-pennsylvania
https://www.ubereats.com/philadelphia/food-delivery/szechuan-hill/w9ieh2y_RsWxHHfVkFzR3Q,folsom-pennsylvania
https://www.ubereats.com/philadelphia/food-delivery/primohoagies-3474-concord-rd/GiMM7818Q8WPAjlEdZSR_A,folsom-pennsylvania
https://www.ubereats.com/philadelphia/food-delivery/pancheros-mexican-grill-503-e-baltimore-pike/efr5buqySAa6TrrItmqpYw,folsom-pennsylvania
https://www.ubereats.com/philadelphia/food-delivery/taco-bell-121-n-mcdade-blvd/tOhIPlCgTPOST2xSFnnypw,folsom-pennsylvania
https://www.ubereats.com/philadelphia/food-delivery/subway-2400-market-st/6pQDoAo1T2q8bwyp6nidew,folsom-pennsylvania
https://www.ubereats.com/philadelphia/food-delivery/gateway-diner/1qkftb31ShmfRZNbtcMqNA,folsom-pennsylvania
https://www.ubereats.com/philadelphia/food-delivery/rock-n-rolls/ALSn-GlVTGuEY_aOKc3_5Q,folsom-pennsylvania
https://www.ubereats.com/philadelphia/food-delivery/crave-creamery/k74qcg24RKWuW5aUZ0MixQ,folsom-pennsylvania
https://www.ubereats.com/philadelphia/food-delivery/majors-yeadon/6OHJFQM6RlucWKV841VKow,folsom-pennsylvania
https://www.ubereats.com/philadelphia/food-delivery/emma-liberian-kitchen/lxs2bYw9R_mnacMyMEjLXA,folsom-pennsylvania
https://www.ubereats.com/philadelphia/food-delivery/primohoagies-132-e-baltimore-ave/WiQk0SKoSIS6i58uIqZ-KA,folsom-pennsylvania
https://www.ubereats.com/philadelphia/food-delivery/phillys-taste/_S9CToKaRl6x7skYE7gXCA,folsom-pennsylvania
https://www.ubereats.com/philadelphia/food-delivery/wawa-8053-8220-w-bartram-ave/PZz3s8xOTRC1GoPhtuh-PQ,folsom-pennsylvania
https://www.ubereats.com/philadelphia/food-delivery/systahs/9v2qHxdiQLye3OIdoFb1Rw,folsom-pennsylvania
https://www.ubereats.com/philadelphia/food-delivery/la-taco-bistro/psakLSMNR-6tvaqR7Lui6Q,folsom-pennsylvania
https://www.ubereats.com/philadelphia/food-delivery/saladworks-lawrence-park/UX1RBHuCQzKuqsBhiiTChQ,folsom-pennsylvania
https://www.ubereats.com/philadelphia/food-delivery/philly-pretzel-factory-folsom/BAwmtZJxRimNUFNE2WSF8g,folsom-pennsylvania
https://www.ubereats.com/philadelphia/food-delivery/desert-rose-mediterranean-cuisine/xSO8IFV7SaqjN41tF-XLGA,folsom-pennsylvania
https://www.ubereats.com/philadelphia/food-delivery/south-style-pizza/ggEv_SmnRS2CezYZ8g6Qzw,folsom-pennsylvania
https://www.ubereats.com/philadelphia/food-delivery/bertuccis-springfield-square/oXL1fQhfQFK5SsR_1gI3HQ,folsom-pennsylvania
https://www.ubereats.com/philadelphia/food-delivery/dunkin-1601-macdade-blvd/8tts5Y9rSqSFCq8CkHF-tg,folsom-pennsylvania
https://www.ubereats.com/philadelphia/food-delivery/red-lobster-1-baltimore-pike/Gj0RkZ4SQd26NtnuwopAuQ,folsom-pennsylvania
https://www.ubereats.com/philadelphia/food-delivery/coconut-breeze-cuisine/MOT3eRUpRNKObmNmLHJpxw,folsom-pennsylvania
https://www.ubereats.com/philadelphia/food-delivery/qdoba-mexican-grill-1054-baltimore-pike/oxzZFhxrRgKgyGU5mqoQ5A,folsom-pennsylvania
https://www.ubereats.com/philadelphia/food-delivery/seafood-hut/DKDXRvnxS9CLD--DjXytJQ,folsom-pennsylvania
https://www.ubereats.com/philadelphia/food-delivery/chick-fil-a-405-macdade-blvd/04_Pk8YZQ1K6B__XAGIdqg,folsom-pennsylvania
https://www.ubereats.com/philadelphia/food-delivery/thunderbird-ii-springfield/wvi1SSGET52dfXgNTQz1EA,folsom-pennsylvania
https://www.ubereats.com/philadelphia/food-delivery/buenos-nachos/MZI5m3EQTwmH_uayBRTwVA,folsom-pennsylvania
https://www.ubereats.com/philadelphia/food-delivery/jk-mini-market/OnnPK1xXSBODJFr85RYtug,folsom-pennsylvania
https://www.ubereats.com/philadelphia/food-delivery/wawa-8082-435-e-baltimore-pk/52bf2QNlQkec03NTWdHkeA,folsom-pennsylvania
https://www.ubereats.com/philadelphia/food-delivery/wing-squad-springfield-square/uE6JY4hKTCGOiLZY8Mx9UQ,folsom-pennsylvania
https://www.ubereats.com/philadelphia/food-delivery/oteris-italian-bakery-woodland-ave/rdtvoI_bRj-sOeqWLaiVKg,folsom-pennsylvania
https://www.ubereats.com/philadelphia/food-delivery/new-tiny-hoagie-shop/H5OwSybaQdWcUp6AfygzRA,folsom-pennsylvania
https://www.ubereats.com/philadelphia/food-delivery/coccos-pizza-folsom/6x81KcsURsedoRKSNlbLyA,folsom-pennsylvania
https://www.ubereats.com/philadelphia/food-delivery/starbucks-springfield-baltimore-pike/PhSlzOu4TEGVNOLgLqfEpg,folsom-pennsylvania
https://www.ubereats.com/philadelphia/food-delivery/sbarro-1250-baltimore-pike-space-%2314l/pOk5LaurQxycftmU-rbsmQ,folsom-pennsylvania
https://www.ubereats.com/philadelphia/food-delivery/popeyes-1991-sproul-rd/Abxdokv6QUiUxxPfE3Z76g,folsom-pennsylvania
https://www.ubereats.com/philadelphia/food-delivery/shugar-shack-soulfood-catering/i0Ed0mDZQh2ytksxWSd-Mg,folsom-pennsylvania
https://www.ubereats.com/philadelphia/food-delivery/mod-pizza-brandywine-mills/Y5v12o-ISqux7VFB3yyDZA,folsom-pennsylvania
https://www.ubereats.com/philadelphia/food-delivery/napoca-pizzeria/HN56Dv9cRMi-8R06843Qng,folsom-pennsylvania
https://www.ubereats.com/philadelphia/food-delivery/susannas-african-kitchen/zu8dohWOSSaKYniI6ekOcw,folsom-pennsylvania
https://www.ubereats.com/philadelphia/food-delivery/oscar-pizza/VqUd-0ykTcaJ7fZBJ3yw8Q,folsom-pennsylvania
https://www.ubereats.com/philadelphia/food-delivery/roma-deli/cNgsWZH6RZCWV5GIn9GoPA,folsom-pennsylvania
https://www.ubereats.com/philadelphia/food-delivery/outback-steakhouse-701-byers-drive/mBB59NNTQUeq5fySbzzDAA,folsom-pennsylvania
https://www.ubereats.com/philadelphia/food-delivery/taste-of-africa/bLg79by-QWez8D4CxW4BMA,folsom-pennsylvania
https://www.ubereats.com/philadelphia/food-delivery/ruby-tuesday-2650-macdade-blvd/_5yX93tJQo-9X-mTmPssag,folsom-pennsylvania
https://www.ubereats.com/philadelphia/food-delivery/aston-diner/pbGBo0tYQIGM9owPKHayHA,folsom-pennsylvania
https://www.ubereats.com/philadelphia/food-delivery/appetitos-pizza/xYm4DeOMQfyLRZILQ16nOQ,folsom-pennsylvania
https://www.ubereats.com/philadelphia/food-delivery/duletts-jamaica-wings/5vzwfuvSSNae7kbuCJorZg,folsom-pennsylvania
https://www.ubereats.com/philadelphia/food-delivery/hanarhans-irish-pub/8m6_7RJ9SCGJv7bQwP3DcQ,folsom-pennsylvania
https://www.ubereats.com/philadelphia/food-delivery/primohoagies-1304-west-chester-pike/r1JDguItSkWjywPHsA2lPQ,folsom-pennsylvania
https://www.ubereats.com/philadelphia/food-delivery/alfredos-pizza/GJv1LiPkQfqeZhVpEC9H5A,folsom-pennsylvania
https://www.ubereats.com/philadelphia/food-delivery/pearl-chinese-and-japanese-cuisine/XCrT3YHUSDeqqZ5nIeYgxQ,folsom-pennsylvania
https://www.ubereats.com/philadelphia/food-delivery/mcdonalds-clftn-hts-balt/clyYG4h5TK66jfIdZc9jHQ,folsom-pennsylvania
https://www.ubereats.com/philadelphia/food-delivery/taco-bell-1252-macdade-blvd/oTC8jl2qTkW82W1fUwhTyA,folsom-pennsylvania
https://www.ubereats.com/philadelphia/food-delivery/le-mandingue/nnZfbz5XTPC48nDVOLTJ2Q,folsom-pennsylvania
https://www.ubereats.com/philadelphia/food-delivery/dunkin-921-lincoln-ave/t86W1eZ-QpCidXnznvyfpw,folsom-pennsylvania
https://www.ubereats.com/philadelphia/food-delivery/shugar-shack-soulfood/WVmPrginSPKa-zuq7S0Tmg,folsom-pennsylvania
https://www.ubereats.com/philadelphia/food-delivery/chuck-e-cheese-371-baltimore-pike/ofDz5-khQKua0yzT5swgMQ,folsom-pennsylvania
https://www.ubereats.com/philadelphia/food-delivery/checkers/hW-INtbXSEKHQEp4QBSORQ,folsom-pennsylvania
https://www.ubereats.com/philadelphia/food-delivery/pizzaz-pizza/hJhcuZ59T0aslGBCpHKIcw,folsom-pennsylvania
https://www.ubereats.com/philadelphia/food-delivery/lucky-star/qPB5hEOdTOOSra20WExihQ,folsom-pennsylvania
https://www.ubereats.com/philadelphia/food-delivery/pho-street-springfield/Li6tyWpdQs-VcYuUHUl_rA,folsom-pennsylvania
https://www.ubereats.com/philadelphia/food-delivery/pak-halal-china-express/wU_akpS4Rour21SQZjiKyQ,folsom-pennsylvania
https://www.ubereats.com/philadelphia/food-delivery/john-mortons-tavern/nolyayVmQR-mOIfNutxObw,folsom-pennsylvania
https://www.ubereats.com/philadelphia/food-delivery/kfc-taco-bell-835-west-sproul-rd/mdYYmTi2TBm76iP5pWUn9Q,folsom-pennsylvania
https://www.ubereats.com/philadelphia/food-delivery/mama-mia-pizza/qYRICRRFRkO_SLqdaR3eFw,folsom-pennsylvania
https://www.ubereats.com/philadelphia/food-delivery/ny-halal-food-truck-%23-2/-XcKHPAER56Jb7jJ5VO3Ag,folsom-pennsylvania
https://www.ubereats.com/philadelphia/food-delivery/arbys-523-w-baltimore-pike/j6h4XWUJRVu41oOrlko-_A,folsom-pennsylvania
https://www.ubereats.com/philadelphia/food-delivery/zacs-hamburgers-aston/IMU3hKPBQ3OAegSCeehiGw,folsom-pennsylvania
https://www.ubereats.com/philadelphia/food-delivery/house-restaurant/cxkbSS9pTPGUjECWzUyCvQ,folsom-pennsylvania
https://www.ubereats.com/philadelphia/food-delivery/phaby-patties/7riPyUZiScGh2l964PIO_g,folsom-pennsylvania
https://www.ubereats.com/philadelphia/food-delivery/folcroft-diner/u6bddjv3SXK_Puy92eAYrQ,folsom-pennsylvania
https://www.ubereats.com/philadelphia/food-delivery/car-miras-deli/Vidht_TuQimzyjQeHhA2eQ,folsom-pennsylvania
https://www.ubereats.com/philadelphia/food-delivery/sofies-steaks/34j1uGuuQMS0L473ib9UuQ,folsom-pennsylvania
https://www.ubereats.com/philadelphia/food-delivery/turning-point-of-media/beDWd9sJRx2UUWBuWx_FHg,folsom-pennsylvania
https://www.ubereats.com/philadelphia/food-delivery/sciarrino/Nbtg8P3mTyineaOd_hyi6w,folsom-pennsylvania
https://www.ubereats.com/philadelphia/food-delivery/dunkin-1158-baltimore-pike/BZLESWqHQc-MkVvkGrMWhg,folsom-pennsylvania
https://www.ubereats.com/philadelphia/food-delivery/train-stop/CEaY4KbdSx2oE58OAEFhbQ,folsom-pennsylvania
https://www.ubereats.com/philadelphia/food-delivery/sterling-pig/wsNKnZP_SE6kbv1trfx1UQ,folsom-pennsylvania
https://www.ubereats.com/philadelphia/food-delivery/mcdonalds-eddystone/mVGFnkfMTY2sv1sQOjhr8w,folsom-pennsylvania
https://www.ubereats.com/philadelphia/food-delivery/applebees-320-macdade-blvd/XsjEpOd6R0mg3yJHTId_Gw,folsom-pennsylvania
https://www.ubereats.com/philadelphia/food-delivery/k-%26-y-beer-and-wings/0rfoMDzDRwG2lOEppiMQAw,folsom-pennsylvania
https://www.ubereats.com/philadelphia/food-delivery/chipotle-mexican-grill-801-baltimore-pike/f3n_hYxlTDChm71Wh4glSg,folsom-pennsylvania
https://www.ubereats.com/philadelphia/food-delivery/hunts-wing-hut/eM1O5f4FQDCwT6cw3cixLA,folsom-pennsylvania
https://www.ubereats.com/philadelphia/food-delivery/demarcos-restaurant-%26-bar/PdUU81ZuTHWrafohFU9TKw,folsom-pennsylvania
https://www.ubereats.com/philadelphia/food-delivery/auntie-annes-1570-chester-pike/j5KSzr_xS5KwYEdLm1P4sQ,folsom-pennsylvania
https://www.ubereats.com/philadelphia/food-delivery/cedar-craft-%26-kitchen/XVHddHnlTvuvQkYWJNBWFA,folsom-pennsylvania
https://www.ubereats.com/philadelphia/food-delivery/little-anthonys/wpF7WZGBSduz-ha_q02T6A,folsom-pennsylvania
https://www.ubereats.com/philadelphia/food-delivery/desert-rose-bowls/_HrTAgC3QBKWLqa_If7sHw,folsom-pennsylvania
https://www.ubereats.com/philadelphia/food-delivery/visions-restaurant/SJ2OJKKjT9GvFVKERmp7OQ,folsom-pennsylvania
https://www.ubereats.com/philadelphia/food-delivery/chipotle-mexican-grill-400-s-state-rd/ov1pQyEORaSrJEh8f0dizA,folsom-pennsylvania
https://www.ubereats.com/philadelphia/food-delivery/stingers-waterfront/ZzZhl5XeTpW2uJof1_Wqhw,folsom-pennsylvania
https://www.ubereats.com/philadelphia/food-delivery/subway-2900-island-ave/YBoNBMdCSBydDx8VuHpxhA,folsom-pennsylvania
https://www.ubereats.com/philadelphia/food-delivery/brothers-pizza-and-restaurant/zTI2mcx0TdawldPQzl7Pag,folsom-pennsylvania
https://www.ubereats.com/philadelphia/food-delivery/crown-chicken-%26-grill-edgmont-ave/j52wHL6YSFyd8eo7OUjelQ,folsom-pennsylvania
https://www.ubereats.com/philadelphia/food-delivery/not-just-wings/jgoo-iuASnO9RqsswtRXjQ,folsom-pennsylvania
https://www.ubereats.com/philadelphia/food-delivery/bamboo-bistro-philly/wBK6Z6TqRFmLluBgfYRpWg,folsom-pennsylvania
https://www.ubereats.com/philadelphia/food-delivery/mcdonalds-brookhaven/5V4bcH6bSAKon8sFZB6D8A,folsom-pennsylvania
https://www.ubereats.com/philadelphia/food-delivery/apollo-pizza/y9U4l2D7TRiQ3IwB-33nyg,folsom-pennsylvania
https://www.ubereats.com/philadelphia/food-delivery/five-guys-pa-1873-1075-w-baltimore-pike/BD1TqI7oQEKyAEUf9uEXPQ,folsom-pennsylvania
https://www.ubereats.com/philadelphia/food-delivery/kfc-taco-bell-5311-w-baltimore-avenue/gMQHZQXRRwWcACqH25K83g,folsom-pennsylvania
https://www.ubereats.com/philadelphia/food-delivery/upland-diner/ymttNv2YQAu8Rr9jGu58vQ,folsom-pennsylvania
https://www.ubereats.com/philadelphia/food-delivery/antonias-family-restaurant/oQOW_VamTUSjTT44EedoNQ,folsom-pennsylvania
https://www.ubereats.com/philadelphia/food-delivery/have-a-burger/H06CrPnCTK-vbGbGBlO9gQ,folsom-pennsylvania
https://www.ubereats.com/philadelphia/food-delivery/chester-jamaican-kitchen/Nti5PqKSSBSzCc5ADBg4GA,folsom-pennsylvania
https://www.ubereats.com/philadelphia/food-delivery/uno-pizzeria-%26-grill-1516-providence-ave/dNU-ngzSQ-CoDANnKhMRUQ,folsom-pennsylvania
https://www.ubereats.com/philadelphia/food-delivery/arbys-601-conchester-hwy/1RjuEWiNTxmLRn7ux0s1Zg,folsom-pennsylvania
https://www.ubereats.com/philadelphia/food-delivery/infinite-diner/Bo1tbVgdT9qzaNx3O_-HOw,folsom-pennsylvania
https://www.ubereats.com/philadelphia/food-delivery/famous-crab-cakes-prospect-park/NUzAZfp1RHGhTCPZPYL4Eg,folsom-pennsylvania
https://www.ubereats.com/philadelphia/food-delivery/pretzel-boys/-xJFnpPkRwOjdQnLtKCkoQ,folsom-pennsylvania
https://www.ubereats.com/philadelphia/food-delivery/not-just-pizza/xrJY_TFzQ3egsGMeEEA8RA,folsom-pennsylvania
https://www.ubereats.com/philadelphia/food-delivery/caribbean-way/tFEwVWjyQiuzcTqD5pq_XQ,folsom-pennsylvania
https://www.ubereats.com/philadelphia/food-delivery/imperial-house/qbTERSzlQ-ylnUUBEsDtbw,folsom-pennsylvania
