url,city
https://www.ubereats.com/pensacola-fl/food-delivery/neighborhood-cafe/k2nq6ZcPQMuVb7GZyk0xzA,fort-walton-beach-florida
https://www.ubereats.com/pensacola-fl/food-delivery/ruby-tuesday-573-north-beal-parkway/bjp20xcWThGMmFimG-n2vg,fort-walton-beach-florida
https://www.ubereats.com/pensacola-fl/food-delivery/wendys-145-eglin-pkwy-ne/su3J9pV5SV-AjA3NkS7K7Q,fort-walton-beach-florida
https://www.ubereats.com/pensacola-fl/food-delivery/taco-bell-65-eglin-parkway-ne/6TxA0TZuSwuySffcLUih8Q,fort-walton-beach-florida
https://www.ubereats.com/pensacola-fl/food-delivery/hot-head-burritos-421-mary-esther-blvd/nPq_4qdZSEOWhMHnYJc4GQ,fort-walton-beach-florida
https://www.ubereats.com/pensacola-fl/food-delivery/captain-ds-19-miracle-strip-parkway-sw/QrMHLw3QSz2rAlMK_fbXGA,fort-walton-beach-florida
https://www.ubereats.com/pensacola-fl/food-delivery/burger-king-302-racetrack-rd-nw/rOO6HdoYQF6AMaytpkQzoA,fort-walton-beach-florida
https://www.ubereats.com/pensacola-fl/food-delivery/dennys-543-eglin-parway-ne/SqbYeMcZQbidzmnDh2Cw5A,fort-walton-beach-florida
https://www.ubereats.com/pensacola-fl/food-delivery/smashburger-4283-legendary-dr/tZbvrCxHQcu9EJW7hTGJqg,fort-walton-beach-florida
https://www.ubereats.com/pensacola-fl/food-delivery/panda-express-754-beal-parkway/n6wdV4riTKeeI-VmYkI8zQ,fort-walton-beach-florida
https://www.ubereats.com/pensacola-fl/food-delivery/destin-uncle-bucks-fish-bowl-and-grill/ZPhLSfeHQlWjewJFTEIHaw,fort-walton-beach-florida
https://www.ubereats.com/pensacola-fl/food-delivery/subway-231-racetrack-rd-nw/l0cn3L0rTLquWOO1VJ1_AA,fort-walton-beach-florida
https://www.ubereats.com/pensacola-fl/food-delivery/holi-indian-cuisine/wrpxGr2DTH2owb3ytlimBw,fort-walton-beach-florida
https://www.ubereats.com/pensacola-fl/food-delivery/burger-king-1281-north-eglin-parkway/eublRUnBQ7CeFAC2IXp1vg,fort-walton-beach-florida
https://www.ubereats.com/pensacola-fl/food-delivery/burger-king-201-mary-esther-cut-off/aWoFUzuzQ5qShySakNPDQA,fort-walton-beach-florida
https://www.ubereats.com/pensacola-fl/food-delivery/neighborhood-cafe/W65DqJzvSXSitvvkDEC1Bg,fort-walton-beach-florida
https://www.ubereats.com/pensacola-fl/food-delivery/fuego-cafe-%26-grill/X27YcLvoRIWdaqQd4wVqlg,fort-walton-beach-florida
https://www.ubereats.com/pensacola-fl/food-delivery/taco-bell-945-north-beal-pkwy/S5oiBdrqS6OaS_ZhX2gzMQ,fort-walton-beach-florida
https://www.ubereats.com/pensacola-fl/food-delivery/sonnys-bbq-925-beal-pkwy-nw/52Ax8tCkRXiDR3Ub851QTA,fort-walton-beach-florida
https://www.ubereats.com/pensacola-fl/food-delivery/bamboos-jamaican-restaurant/J0d8mBiuTl2cLrdIwGXrEg,fort-walton-beach-florida
https://www.ubereats.com/pensacola-fl/food-delivery/starbucks-eglin-pkwy-%26-walter-martin/sXUJiXQETXe9aKLfbrSLRg,fort-walton-beach-florida
https://www.ubereats.com/pensacola-fl/food-delivery/tropical-smoothie-cafe-415-c-mary-esther-blvd-unit-c/qR6AVObjQBKnTn1i_1y-Gg,fort-walton-beach-florida
https://www.ubereats.com/pensacola-fl/food-delivery/ruby-tuesday-191-east-john-sims-parkway/PQMBHP93QfWuni2LxIZIyw,fort-walton-beach-florida
https://www.ubereats.com/pensacola-fl/food-delivery/tropical-smoothie-cafe-10-s-e-eglin-blvd/7KZw4I5lSEWXiNkyKX-R2A,fort-walton-beach-florida
https://www.ubereats.com/pensacola-fl/food-delivery/firehouse-subs-75-eglin-pkwy-ste-121/0UpGWsLrSbm3IFxcmCAGxQ,fort-walton-beach-florida
https://www.ubereats.com/pensacola-fl/food-delivery/tgi-fridays-1406-fort-walton-beach-fl/c94hbk6STZW7EXG8Sl9q1w,fort-walton-beach-florida
https://www.ubereats.com/pensacola-fl/food-delivery/red-lobster-326-miracle-strip-parkway-sw/JrfZfafhQDe8oADioVcH3A,fort-walton-beach-florida
https://www.ubereats.com/pensacola-fl/food-delivery/wendys-441-mary-esther-blvd/iOlwdvxhQW2-zvz0MtiWFg,fort-walton-beach-florida
https://www.ubereats.com/pensacola-fl/food-delivery/mcdonalds-440-mary-esther/TU8-DlifQxCDaMA2qxV85Q,fort-walton-beach-florida
https://www.ubereats.com/pensacola-fl/food-delivery/dock-on-the-island/4lPYKPK5QG-ENRO80O28_A,fort-walton-beach-florida
https://www.ubereats.com/pensacola-fl/food-delivery/landsharks-pizza-company/McgFFSpzQhWBw6ZAVYirqA,fort-walton-beach-florida
https://www.ubereats.com/pensacola-fl/food-delivery/ali-baba-grill-cafe/HV2WfPJRTv-9qG9dQpFp4A,fort-walton-beach-florida
https://www.ubereats.com/pensacola-fl/food-delivery/moes-southwest-grill-423-mary-esther-cutoff/4pQ8YaHHT9yKB2VV6ujvYQ,fort-walton-beach-florida
https://www.ubereats.com/pensacola-fl/food-delivery/mcdonalds-1189-eglin-pky/Fu5ZNepaRkWdU4PhgLNZ3A,fort-walton-beach-florida
https://www.ubereats.com/pensacola-fl/food-delivery/wendys-299-racetrack-road-nw/Xb2Njj_7SzKRY_hCIe0-bQ,fort-walton-beach-florida
https://www.ubereats.com/pensacola-fl/food-delivery/subway-421-mary-esther-blvd/1bNk3Dc-RDCF1YHYEbBuug,fort-walton-beach-florida
https://www.ubereats.com/pensacola-fl/food-delivery/subway-161-n-eglin-pky/0n1qnoMoSPekWnbK4Q2Esg,fort-walton-beach-florida
https://www.ubereats.com/pensacola-fl/food-delivery/firehouse-subs-796-beal-pkwy/ScQNtfi6Tnm3eWberw_yqA,fort-walton-beach-florida
https://www.ubereats.com/pensacola-fl/food-delivery/original-waterfront-crab-shack-restaurant-%26-marina/MrgBCww4T1SmVDwVslhkSg,fort-walton-beach-florida
https://www.ubereats.com/pensacola-fl/food-delivery/arbys-236-eglin-pkwy-ne/u2cXAvGyT52YYLtbadaDfw,fort-walton-beach-florida
https://www.ubereats.com/pensacola-fl/food-delivery/the-harbor-tavern/YNLLrmvBTnenjahVQaWX0w,fort-walton-beach-florida
https://www.ubereats.com/pensacola-fl/food-delivery/be-thai/5QaBKXX-S0SLseq_jx1fog,fort-walton-beach-florida
https://www.ubereats.com/pensacola-fl/food-delivery/don-cha-peruvian-food/CX9ue3W6QmCMzRmq7T_diw,fort-walton-beach-florida
https://www.ubereats.com/pensacola-fl/food-delivery/taco-bell-435-mary-esther-blvd/ASCJTXAFR-aDf-4K2MpU-g,fort-walton-beach-florida
https://www.ubereats.com/pensacola-fl/food-delivery/mcdonalds-31-eglin-parkway-ne/Nst2xEfJR7GoF0amQuQO6Q,fort-walton-beach-florida
https://www.ubereats.com/pensacola-fl/food-delivery/starbucks-beal-pkwy-at-mary-esther/SVylCr6GROqKUAqQRRyAlg,fort-walton-beach-florida
https://www.ubereats.com/pensacola-fl/food-delivery/kinfolks-bar-b-q/XcroR2zfQMy9LYYIlCMKuQ,fort-walton-beach-florida
https://www.ubereats.com/pensacola-fl/food-delivery/que-pasa-mexican-kitchen-%26-tequila/RckhKk_ER5uD3gBWJNNbQQ,fort-walton-beach-florida
https://www.ubereats.com/pensacola-fl/food-delivery/dodges-fort-walton/zUNVEv42QmK_GqlYMOYM_A,fort-walton-beach-florida
https://www.ubereats.com/pensacola-fl/food-delivery/ocean-buffet/o-64hb3STjGrynLT4wXmzg,fort-walton-beach-florida
https://www.ubereats.com/pensacola-fl/food-delivery/dunkin-516-mary-esther-cut-off-nw-ste-1/lGzJIQX6TJOh3QYfhCCCDg,fort-walton-beach-florida
https://www.ubereats.com/pensacola-fl/food-delivery/mcdonalds-1083-n-beal-pky/LB--qX8nQAig5CIYCv5J-A,fort-walton-beach-florida
https://www.ubereats.com/pensacola-fl/food-delivery/subway-748-beal-pkwy-nw/R0p-7aRATj222IaMUZx5Lw,fort-walton-beach-florida
https://www.ubereats.com/pensacola-fl/food-delivery/shrimp-basket-ft-walton/7H4M5QrVR6GHi7CDd4fp1Q,fort-walton-beach-florida
https://www.ubereats.com/pensacola-fl/food-delivery/the-captains-boil-573-north-beal-parkway/wt8ENCFHTfGE9BT6ndWnUg,fort-walton-beach-florida
https://www.ubereats.com/pensacola-fl/food-delivery/buffalo-wings-%26-rings-402-mary-esther-cut-off-nw/NoYzqSI1RI2QuGJ2uBudFA,fort-walton-beach-florida
https://www.ubereats.com/pensacola-fl/food-delivery/papa-johns-248-eglin-parkway-ne-suite-d/RjM1F9vdTA6hy11vVWUyZA,fort-walton-beach-florida
https://www.ubereats.com/pensacola-fl/food-delivery/taco-bell-509-hwy-98-east/k7_tUO-9TbunLjLxbImpcg,fort-walton-beach-florida
https://www.ubereats.com/pensacola-fl/food-delivery/kfc-500-mary-esther-cutoff/Us-bfinXSQOTzKUx7jKEIQ,fort-walton-beach-florida
https://www.ubereats.com/pensacola-fl/food-delivery/zaxbys-106-eglin-parkway-ne/6RTq7ghiQqu3Fp-jg3ehQg,fort-walton-beach-florida
https://www.ubereats.com/pensacola-fl/food-delivery/cicis-417d-mary-esther/tDxEoX1cTlaibbVPcePJnw,fort-walton-beach-florida
https://www.ubereats.com/pensacola-fl/food-delivery/starbucks-mary-esther-blvd-%26-hollywood/PzkWnyscRZOi6Pqxdfpi6A,fort-walton-beach-florida
https://www.ubereats.com/pensacola-fl/food-delivery/papa-johns-432-mary-ester-cutoff/f6RgB_anR32dr4rpk6yYyQ,fort-walton-beach-florida
https://www.ubereats.com/pensacola-fl/food-delivery/wild-ginger-hibachi/ZQQAUD01S3O4BLm-PryBYw,fort-walton-beach-florida
https://www.ubereats.com/pensacola-fl/food-delivery/bon-appetit/IiMtH0AIRhqjYKY7rXF63A,fort-walton-beach-florida
https://www.ubereats.com/pensacola-fl/food-delivery/the-dawg-shack/vkJby8fySWOablU5PxZvSw,fort-walton-beach-florida
https://www.ubereats.com/pensacola-fl/food-delivery/golden-corral-414a-mary-esther-cut-off-nw/J6XtjKHbQAGbMENkNeKSaQ,fort-walton-beach-florida
https://www.ubereats.com/pensacola-fl/food-delivery/margaritaville-destin/4eKCEoc3TPWYvNLHHMd5YA,fort-walton-beach-florida
https://www.ubereats.com/pensacola-fl/food-delivery/five-guys-fl-1108-99-eglin-pkwy/-VpqvZh_QRCtzO9a-GLnuA,fort-walton-beach-florida
https://www.ubereats.com/pensacola-fl/food-delivery/fort-walton-yacht-club/_XNdKa4eRoy2C-ZDYbXybA,fort-walton-beach-florida
https://www.ubereats.com/pensacola-fl/food-delivery/little-caesars-979-hwy-98-e/9-n7AbtpRXuT2Zj_U_ddjQ,fort-walton-beach-florida
https://www.ubereats.com/pensacola-fl/food-delivery/tropical-smoothie-cafe-206-nw-racetrack-road/SbqepNfBTkGDToZccIT4TQ,fort-walton-beach-florida
