url,city
https://www.ubereats.com/fort-wayne/food-delivery/babas-famous-steak-%26-lemonadeanthony-blvd/f6cQ5TxzQuSEPkASGZ9rXg,fort-wayne
https://www.ubereats.com/fort-wayne/food-delivery/taco-bell-6608-lima-road/iX4f4W4GTHWhzoD_Ej-ZIg,fort-wayne
https://www.ubereats.com/fort-wayne/food-delivery/arbys-408-e-rudisill-blvd/b6mEqT1sQFmZFaWrYf_BuA,fort-wayne
https://www.ubereats.com/fort-wayne/food-delivery/subway-1111-s-clinton-st/pDKfX3uhQBKn7KAAl0s_7w,fort-wayne
https://www.ubereats.com/fort-wayne/food-delivery/mcalisters-9966-6709-lima-road/CJo-lUh1TeesWf_nkSjIQw,fort-wayne
https://www.ubereats.com/fort-wayne/food-delivery/burger-king-232-e-pettit-ave/ShmmBGVRRXaf4gtR8ktxxg,fort-wayne
https://www.ubereats.com/fort-wayne/food-delivery/cold-stone-creamery-jefferson-blvd/vscPlWV6RGiS8j86tX28qw,fort-wayne
https://www.ubereats.com/fort-wayne/food-delivery/burgerfi-fort-wayne/deNe3XsbRIi3xTmxjGr_BQ,fort-wayne
https://www.ubereats.com/fort-wayne/food-delivery/liberty-diner/TkVe3mnyRxyeAKYSTmF3DA,fort-wayne
https://www.ubereats.com/fort-wayne/food-delivery/papa-johns-944-lincoln-hwy-west/YojQEy0pSYmcloWH4_oyVg,fort-wayne
https://www.ubereats.com/fort-wayne/food-delivery/steak-n-shake-5402-meijer-dr/DUYdhUHCRJ-59OhS8B4TGA,fort-wayne
https://www.ubereats.com/fort-wayne/food-delivery/flat-top-grill-fort-wayne/499FSdH1SIWsUx3WrKygow,fort-wayne
https://www.ubereats.com/fort-wayne/food-delivery/wendys-3519-broadway/oJ_KoH5JT1uKxt9SddmMdg,fort-wayne
https://www.ubereats.com/fort-wayne/food-delivery/panda-express-4201-cold-water-rd/a3MF1IVDTE-FOHqCfWSBKg,fort-wayne
https://www.ubereats.com/fort-wayne/food-delivery/kfc-3816-east-state-boulevard/eGFlOpwFQM6aZT-rhjcqEQ,fort-wayne
https://www.ubereats.com/fort-wayne/food-delivery/pf-changs-4201-coldwater-drive-suite-d-01/j-dEYLKRQYyvrAchF0grqA,fort-wayne
https://www.ubereats.com/fort-wayne/food-delivery/arbys-333-e-washington-center-rd/L8luA1kySISofOrlWNf4Kw,fort-wayne
https://www.ubereats.com/fort-wayne/food-delivery/hardees-116-w-rudisill-blvd/ptL1Q5t1RRm-64CTPKS9rw,fort-wayne
https://www.ubereats.com/fort-wayne/food-delivery/panda-express-6205-lima-rd/snY3uVMWQ9CwnWNoQ8sIow,fort-wayne
https://www.ubereats.com/fort-wayne/food-delivery/arbys-9831-lima-rd/mDrYR8hVQPav0lWyEGA-YQ,fort-wayne
https://www.ubereats.com/fort-wayne/food-delivery/dairy-queen-treat-501-lower-huntington-rd/H8-qiV6GRhuGBFSVl3Yx4g,fort-wayne
https://www.ubereats.com/fort-wayne/food-delivery/arbys-6002-stellhorn-rd/ZhDeTiKMSOSKkdKa-bEYlg,fort-wayne
https://www.ubereats.com/fort-wayne/food-delivery/kfc-4515-maplecrest-road/h9JDl7GATk-gN8Nu_Nyg4w,fort-wayne
https://www.ubereats.com/fort-wayne/food-delivery/wendys-1021-south-clinton-street/hPcpEuNHQ8WR3pOSAttjUA,fort-wayne
https://www.ubereats.com/fort-wayne/food-delivery/arbys-3910-east-dupont-rd/SKt4A-fpQ_CIiVIRA4K3ng,fort-wayne
https://www.ubereats.com/fort-wayne/food-delivery/wendys-6824-lincoln-highway-east/Ho2j8-6HQsez9M3ozbHI6Q,fort-wayne
https://www.ubereats.com/fort-wayne/food-delivery/ocharleys-1220-s-illinois-rd/5LgZXuM8RiSr_Jh46Iulcw,fort-wayne
https://www.ubereats.com/fort-wayne/food-delivery/hardees1731-apple-glen-blvd/kXPK4By2SrCvXGUMivxA_Q,fort-wayne
https://www.ubereats.com/fort-wayne/food-delivery/bob-evans-223-5785-coventry-lane/eOdv2wGvSXCpggH5tsgxVw,fort-wayne
https://www.ubereats.com/fort-wayne/food-delivery/mi-pueblo-4/topdPCK7R8qSZtpCsGsx3g,fort-wayne
https://www.ubereats.com/fort-wayne/food-delivery/dunkin-5767-st-joe-rd/1xU1Op3iSC2pxBA__h1kYw,fort-wayne
https://www.ubereats.com/fort-wayne/food-delivery/wendys-8909-us-highway-24-w/2LH9xw2bReGNo_boKaSkjw,fort-wayne
https://www.ubereats.com/fort-wayne/food-delivery/dairy-queen-grill-%26-chill-5115-e-dupont-rd/RqkgNP7aTyyME0J0gexgdQ,fort-wayne
https://www.ubereats.com/fort-wayne/food-delivery/dairy-queen-treat-7403-maplecrest-rd/sAbuYpGTSXOll1SjI6Uqeg,fort-wayne
https://www.ubereats.com/fort-wayne/food-delivery/jersey-mikes-subs-801-northcrest-shopping-center/oe4AJf2WSlyvKQmTeGsweg,fort-wayne
https://www.ubereats.com/fort-wayne/food-delivery/fazolis-6525-stellhorn-dr/unpEuIe9SVGhgxE8hQe6dQ,fort-wayne
https://www.ubereats.com/fort-wayne/food-delivery/wendys-3220-n-anthony-blvd/5g6Ulhr4TCO_HPmh-u5Hwg,fort-wayne
https://www.ubereats.com/fort-wayne/food-delivery/popeyes-2615-s-clinton-st/0WqvJxvKSfWEt9ECCeWwBg,fort-wayne
https://www.ubereats.com/fort-wayne/food-delivery/mcdonalds-7640-s-anthony-blvd/vsN6ev7ES5K2VwdLlPSMRw,fort-wayne
https://www.ubereats.com/fort-wayne/food-delivery/chick-fil-a-182-w-coliseum-blvd/DGictVLeSoK0HniQOGyORw,fort-wayne
https://www.ubereats.com/fort-wayne/food-delivery/krispy-krunchy-chicken-coliseum/OM0HMPtbQJaunKcs-x5cJQ,fort-wayne
https://www.ubereats.com/fort-wayne/food-delivery/qdoba-illinois-rd/rYLjzRifTSmUA7T7V1eAsw,fort-wayne
https://www.ubereats.com/fort-wayne/food-delivery/nabi-faghihi/ntQYi2BDT7yX7gqWI8RjJQ,fort-wayne
https://www.ubereats.com/fort-wayne/food-delivery/auntie-annes-10301-maysville-rd/noVedpQ_QXGQVKcSAAxoAg,fort-wayne
https://www.ubereats.com/fort-wayne/food-delivery/steak-n-shake-6019-illinois-road/gab6WNAnR7y0eJWTw6flUQ,fort-wayne
https://www.ubereats.com/fort-wayne/food-delivery/starbucks-lima-%26-dupont/LtrA_IZqSCKQ3DWJdzncYA,fort-wayne
https://www.ubereats.com/fort-wayne/food-delivery/red-lobster-4825-coldwater-road/NzsTcfbATyqyA_WuC1Nxqw,fort-wayne
https://www.ubereats.com/fort-wayne/food-delivery/rallys-5607-anthony-blvd/RnSYbGReRPahshm942HBSA,fort-wayne
https://www.ubereats.com/fort-wayne/food-delivery/hardees-2720-maplecrest-road/A8uuvARgTVWf5xAWtSJeUg,fort-wayne
https://www.ubereats.com/fort-wayne/food-delivery/taj-mahal-indian-restaurant/7blb_I9ORMWh-KtaVLIWbw,fort-wayne
https://www.ubereats.com/fort-wayne/food-delivery/red-mango-4120-w-jefferson-blvd/vn6hLi2HTL-ZSO1xe9fVlA,fort-wayne
https://www.ubereats.com/fort-wayne/food-delivery/burger-king-6402-w-jefferson-blvd/Y0dWRZ2BSAGJ37gcWFSqEw,fort-wayne
https://www.ubereats.com/fort-wayne/food-delivery/subway-6807-lima-rd/1vDNLQPoRv2GAhiG5OA-0Q,fort-wayne
https://www.ubereats.com/fort-wayne/food-delivery/arbys-610-w-jefferson-blvd/_wGaZamRSGGlwuXupRm8KQ,fort-wayne
https://www.ubereats.com/fort-wayne/food-delivery/applebees-6525-lima-road/Rul8EALURhW8h75TPKrqXg,fort-wayne
https://www.ubereats.com/fort-wayne/food-delivery/subway-3129-east-state-blvd/qFJ0WBhqR-GZlnPHZx8Ing,fort-wayne
https://www.ubereats.com/fort-wayne/food-delivery/rallys-320-w-jefferson-blvd/jt1fZ4G7Rx6jncMLq-C3Bw,fort-wayne
https://www.ubereats.com/fort-wayne/food-delivery/red-robin-352-4201-coldwater-rd-%2327/jUjqrCH2QWi5KFN_Xoa4jA,fort-wayne
https://www.ubereats.com/fort-wayne/food-delivery/conners-kitchen-%2B-bar/VRfXS0gGTZurleUgLGtBUw,fort-wayne
https://www.ubereats.com/fort-wayne/food-delivery/neighborhood-smokehouse/7t6VPqKJSKStZkmFQfd8bw,fort-wayne
https://www.ubereats.com/fort-wayne/food-delivery/burger-king-324-east-jefferson-street/Pgvq44ikSfitXbbXfSdmQA,fort-wayne
https://www.ubereats.com/fort-wayne/food-delivery/qdoba-coliseum-blvd/zc1qgodrTn6_inyjOkvvGA,fort-wayne
https://www.ubereats.com/fort-wayne/food-delivery/mcdonalds-3202-st-joe-center-road/UWEJoY4PRiabDSEZF_4xLg,fort-wayne
https://www.ubereats.com/fort-wayne/food-delivery/miami-grill-bluffton-rd/YQeHLja8QryLJ_djyc_qKw,fort-wayne
https://www.ubereats.com/fort-wayne/food-delivery/tucanos-brazilian-grill-ft-wayne/Z5X2UAdcTfGjoRjO-jvPUQ,fort-wayne
https://www.ubereats.com/fort-wayne/food-delivery/burger-king-2511-spy-run-ave/ZI9XN5tCQey5NUFK9EY3Kg,fort-wayne
https://www.ubereats.com/fort-wayne/food-delivery/auntie-annes-5903-illinois-road/ld8GtT_vQkOVDgOLOQrryQ,fort-wayne
https://www.ubereats.com/fort-wayne/food-delivery/fort-waynes-famous-coney-island-wiener-stand/A_oBb9iZTtWEtm3FXlq8vA,fort-wayne
https://www.ubereats.com/fort-wayne/food-delivery/nirvana-taste-restaurant/vq98KGOXQum8G_xT8Aa7_A,fort-wayne
https://www.ubereats.com/fort-wayne/food-delivery/aroma-pizza/O1AC6tg6Ry6_-oK6hILWKw,fort-wayne
https://www.ubereats.com/fort-wayne/food-delivery/popeyes-6111-lima-rd/NuA9LrFiT6Kuw3K7IhbBXg,fort-wayne
https://www.ubereats.com/fort-wayne/food-delivery/starbucks-jefferson-%26-fairfield/3yxHIG7xTLKmvW1hFBfdQQ,fort-wayne
https://www.ubereats.com/fort-wayne/food-delivery/club-room-at-the-clyde/vdKipm9HSHiaB6iw_pWw5Q,fort-wayne
https://www.ubereats.com/fort-wayne/food-delivery/mcdonalds-1103-goshen-rd/yFO-4tENQ_O9UXy3W3Vf7w,fort-wayne
https://www.ubereats.com/fort-wayne/food-delivery/dunkin-6747-jefferson-blvd/iOMhGoTXS728hazmPs0rhA,fort-wayne
https://www.ubereats.com/fort-wayne/food-delivery/fazolis-439-w-coliseum-blvd/ckXsU1b8RTW1dzIObOU0Ew,fort-wayne
https://www.ubereats.com/fort-wayne/food-delivery/ihop-4403-coldwater-rd/TqHTGopBTvSQVpmKE9ebLg,fort-wayne
https://www.ubereats.com/fort-wayne/food-delivery/mcdonalds-1333-w-washington-center-rd/3IddC0j8RKCljJ0PZJLIYA,fort-wayne
https://www.ubereats.com/fort-wayne/food-delivery/taco-bell-2020-n-coliseum-blvd/HdwEnAdrRoq3t6qliTJj4w,fort-wayne
https://www.ubereats.com/fort-wayne/food-delivery/yum-thai-fort-wayne/tfAgk81aTRqZs45xs2wDqg,fort-wayne
https://www.ubereats.com/fort-wayne/food-delivery/hobos-bar-%26-grill/h5Jb6NGORLqeHVLH2cBW5Q,fort-wayne
https://www.ubereats.com/fort-wayne/food-delivery/portillos-hot-dogs-295-w-coliseum-blvd/tSU3xLRQT8K38HGHuBWqUA,fort-wayne
https://www.ubereats.com/fort-wayne/food-delivery/subway-6025-stellhorn-rd/H69-fpbyRE6PScfR8Geh7A,fort-wayne
https://www.ubereats.com/fort-wayne/food-delivery/taco-bell-6224-bluffton-rd/j2Cde88rSkahVMh1OV6YsA,fort-wayne
https://www.ubereats.com/fort-wayne/food-delivery/just-cream-ice-cream-boutique/83_RSniIQxCAEfNF-Axtdw,fort-wayne
https://www.ubereats.com/fort-wayne/food-delivery/arbys-220-w-coliseum-blvd/Tn7maIHgQOy4T1bUANXc6A,fort-wayne
https://www.ubereats.com/fort-wayne/food-delivery/blaze-pizza-401-coliseum-blvd-east/XZOsMNgcTmepYIskqd7xAA,fort-wayne
https://www.ubereats.com/fort-wayne/food-delivery/fazolis-5909-covington-road/KuhfKGRJSniapfpBFF7nWg,fort-wayne
https://www.ubereats.com/fort-wayne/food-delivery/papa-johns-1575b-goshen-ave/I6cbFjowT_GScRUPmJUXtg,fort-wayne
https://www.ubereats.com/fort-wayne/food-delivery/mcdonalds-3010-w-coliseum-b-lvd/8PhPNK8STA-BJw3QaQSkIA,fort-wayne
https://www.ubereats.com/fort-wayne/food-delivery/wendys-1702-apple-glen-blvd/AeC6KsxDSSiQK2owUaN85g,fort-wayne
https://www.ubereats.com/fort-wayne/food-delivery/taco-bell-3320-saint-joe-center-rd/oY1jpGefQSu6_XnMdQUngA,fort-wayne
https://www.ubereats.com/fort-wayne/food-delivery/papa-johns-5626-coldwater-road/cFCaMxCJRqOVtZKmlUMqLA,fort-wayne
https://www.ubereats.com/fort-wayne/food-delivery/moes-southwest-grill-6739-west-jefferson-blvd/ycNmWQZkSiOq9gD7Kt-Ysg,fort-wayne
https://www.ubereats.com/fort-wayne/food-delivery/dunkin-8051-coldwater-rd/KurnutIlRi6sZmRtox8XWg,fort-wayne
https://www.ubereats.com/fort-wayne/food-delivery/outback-steakhouse-5455-coventry-lane/5vuv7qOHSLyL4TmcDbxcIg,fort-wayne
https://www.ubereats.com/fort-wayne/food-delivery/kfc-4901-south-calhoun/phLVr6RpQk6fO85J8pEW-w,fort-wayne
https://www.ubereats.com/fort-wayne/food-delivery/chipotle-mexican-grill-4210-w-jefferson-blvd-ste-b11/6tUDqvybQ9OVZIV8J3Cd_A,fort-wayne
https://www.ubereats.com/fort-wayne/food-delivery/arbys-5755-falls-dr/-lbn9i2XQ1qRC0FWWHCP0A,fort-wayne
https://www.ubereats.com/fort-wayne/food-delivery/subway-3217-e-washington-blvd/4lz8IwXWRceB81RVI7aO_w,fort-wayne
https://www.ubereats.com/fort-wayne/food-delivery/mcdonalds-5703-w-jefferson-st/xwNgoRteSe-kTRr9WZfETg,fort-wayne
https://www.ubereats.com/fort-wayne/food-delivery/taco-bell-4747-coldwater-rd/6yPMubkcRwCbfszuTbuAOA,fort-wayne
https://www.ubereats.com/fort-wayne/food-delivery/nawa/NTrKeuZSTgCxbGia9eC9bA,fort-wayne
https://www.ubereats.com/fort-wayne/food-delivery/east-state-coney/wUKoLbRVTv-ap_5mDYjamg,fort-wayne
https://www.ubereats.com/fort-wayne/food-delivery/burger-king-1826-bluffton-rd/laFm7mQ6RxaAJLKlkSiqzQ,fort-wayne
https://www.ubereats.com/fort-wayne/food-delivery/ihop-1535-w-washington-center-rd/ePG90VOeTYyqDdoZLvE8Yg,fort-wayne
https://www.ubereats.com/fort-wayne/food-delivery/kfc-6046-covington-road/vU3HQC29RDuTjB0j8JjUMQ,fort-wayne
https://www.ubereats.com/fort-wayne/food-delivery/subway-5311-coldwater-rd/2oT9mVuxRMWWxYpDDdNLWw,fort-wayne
https://www.ubereats.com/fort-wayne/food-delivery/ruby-tuesday-1050-e-coliseum-blvd/ZIB8zy-BR1aMsHY1vZYnFA,fort-wayne
https://www.ubereats.com/fort-wayne/food-delivery/starbucks-jefferson-pointe-ft-wayne/P46sl_FJRoq5DNmnOGdLng,fort-wayne
https://www.ubereats.com/fort-wayne/food-delivery/three-fires-pizza/cdXAywd5T56eba4kmj4jwA,fort-wayne
https://www.ubereats.com/fort-wayne/food-delivery/arbys-336-state-road-930-w/-txTUhkMR3eP5-OalifgqA,fort-wayne
https://www.ubereats.com/fort-wayne/food-delivery/firehouse-subs-5215-illinois-rd/KrlshjKHRIO-s26oyvOOMg,fort-wayne
https://www.ubereats.com/fort-wayne/food-delivery/halal-eats/pi9zTH_lTnmAtaGzSzGXsA,fort-wayne
https://www.ubereats.com/fort-wayne/food-delivery/rallys-6139-stellhorn-road/wZrclZCATnG9fOgJKzqHBg,fort-wayne
https://www.ubereats.com/fort-wayne/food-delivery/starbucks-dupont-%26-auburn/MQyTmTArTVSBBvz9HGACdw,fort-wayne
https://www.ubereats.com/fort-wayne/food-delivery/subway-1710-apple-glen-blvd/O2zdZuefQE-7Mw_OdiOr3g,fort-wayne
https://www.ubereats.com/fort-wayne/food-delivery/klemmss-candlelight-cafe/d0qqoQ4gQoqkiyqCot3NQg,fort-wayne
https://www.ubereats.com/fort-wayne/food-delivery/smokey-bones-ft-wayne/f8v0zLCUQC6wOgSDTV92zQ,fort-wayne
https://www.ubereats.com/fort-wayne/food-delivery/auntie-annes-4201-coldwater-rd-box-238/-OwkfKk8S-eL9CRxiljDbA,fort-wayne
https://www.ubereats.com/fort-wayne/food-delivery/wendys-7631-south-town-crossing/KD71U_c0T5aq9adJ_TzjaQ,fort-wayne
https://www.ubereats.com/fort-wayne/food-delivery/comfort-food-cafe/orlMVJqcQJmZ2hXYUGDBOg,fort-wayne
https://www.ubereats.com/fort-wayne/food-delivery/mcdonalds-202-e-rudisill/m4c5Dp6ERwa3lhqew_pZRA,fort-wayne
https://www.ubereats.com/fort-wayne/food-delivery/ihop-6839-west-jefferson-blvd/4CZkNPUsQNSLE-DUapot7Q,fort-wayne
https://www.ubereats.com/fort-wayne/food-delivery/rallys-6022-w-jefferson/34x7AHNxQOW8K_LPOEzVYg,fort-wayne
https://www.ubereats.com/fort-wayne/food-delivery/subway-5788-coldwater-rd/G1zoYDcvT_CoXT9TKi78mw,fort-wayne
https://www.ubereats.com/fort-wayne/food-delivery/mcdonalds-3940-e-state-st/9YnU95G9Qi6oWZI1wZc1fQ,fort-wayne
https://www.ubereats.com/fort-wayne/food-delivery/applebees-5788-coventry-lane/xCJv33vLSnaqWPWZfPDCeA,fort-wayne
https://www.ubereats.com/fort-wayne/food-delivery/kfc-595-e-dupont-road/-TCV_FAeRYC3JqFLb3frKA,fort-wayne
https://www.ubereats.com/fort-wayne/food-delivery/moes-southwest-grill-1808-dupont-road/DEEqQJhDSTK0lXskWDOnHw,fort-wayne
https://www.ubereats.com/fort-wayne/food-delivery/cracker-barrel-old-country-store-1609-w-washington-ctr-rd/vNmUl56MSTep375pVu7HsQ,fort-wayne
https://www.ubereats.com/fort-wayne/food-delivery/babas-philly-steak-fish-%26-chicken/MiaLVrPlT9GDWFC4fbxN5g,fort-wayne
https://www.ubereats.com/fort-wayne/food-delivery/rallys-4810-coldwater-road/E1-NYFxYTYySeld33OZm_g,fort-wayne
https://www.ubereats.com/fort-wayne/food-delivery/burger-king-4510-maplecrest-rd/jdG_BAutSYyfGtAuu3b9Hw,fort-wayne
https://www.ubereats.com/fort-wayne/food-delivery/arbys-4728-illinois-rd/rTSEvuSnQNGA5mShWWzfhg,fort-wayne
https://www.ubereats.com/fort-wayne/food-delivery/dairy-queen-treat-1818-n-coliseum-blvd/PPcb8MaYRhudh6SXfQpYnw,fort-wayne
https://www.ubereats.com/fort-wayne/food-delivery/masters-hand-bbq/d33i8pkSS8aOtSI4p-v11Q,fort-wayne
https://www.ubereats.com/fort-wayne/food-delivery/burger-king-6225-lima-road/pltwF0ZXQaipN2zsnvHqtw,fort-wayne
https://www.ubereats.com/fort-wayne/food-delivery/krispy-krunchy-chicken-n-clinton/qg5fk_ylRkSS54bRnPykzw,fort-wayne
https://www.ubereats.com/fort-wayne/food-delivery/wendys-5701-coldwater-road/fcj13m-9SOqrjFvMLmq7Kw,fort-wayne
https://www.ubereats.com/fort-wayne/food-delivery/wendys-701-e-dupont-rd/wlb0szaaQhapzTd4JpGAKg,fort-wayne
https://www.ubereats.com/fort-wayne/food-delivery/rallys-3906-e-state-blvd/nODboP2XQiOCtbJfVdP0hw,fort-wayne
https://www.ubereats.com/fort-wayne/food-delivery/five-guys-in-1096/2lDcyRMCQOGNiRVOFJELxg,fort-wayne
https://www.ubereats.com/fort-wayne/food-delivery/applebees-4510-north-clinton-street/ABnDAza-RJ6pWGx26xtRQw,fort-wayne
https://www.ubereats.com/fort-wayne/food-delivery/jersey-mikes-subs-6408-w-jefferson-blvd/DWPaK-KbQbSQWTj-79yhHw,fort-wayne
https://www.ubereats.com/fort-wayne/food-delivery/mcalisters-1336-1310-south-illinois-road/saqt4KneQqaBFwdTpO6eXQ,fort-wayne
https://www.ubereats.com/fort-wayne/food-delivery/starbucks-lima-%26-ludwig/zS4p33sWQrCAlsrFM-8tJA,fort-wayne
https://www.ubereats.com/fort-wayne/food-delivery/firehouse-subs-4423-coldwater-rd/Fd3m0IccTBiJnijwTHJ_4g,fort-wayne
https://www.ubereats.com/fort-wayne/food-delivery/bob-evans-318-2935-east-dupont-road/kAeyKv7LQcex0Cw9tErmsw,fort-wayne
https://www.ubereats.com/fort-wayne/food-delivery/chuck-e-cheese-711-w-coliseum-blvd/lWoVp8TZQMaGCsocNMadxQ,fort-wayne
https://www.ubereats.com/fort-wayne/food-delivery/wings-on-the-fly/bHOue5A9QNCKD7vbHTgSgg,fort-wayne
https://www.ubereats.com/fort-wayne/food-delivery/aladdin-food-express/pG9ly6zUSASMynA0-Aga3w,fort-wayne
https://www.ubereats.com/fort-wayne/food-delivery/simple-foods/VawSj9YTS0-xRwxt82f_TQ,fort-wayne
https://www.ubereats.com/fort-wayne/food-delivery/five-guys-in-1693/crdauvo2QTGoYULtIlL13A,fort-wayne
https://www.ubereats.com/fort-wayne/food-delivery/applebees-5414-meijer-drive/OFPJCpDUQdahrs6xR2B7iA,fort-wayne
https://www.ubereats.com/fort-wayne/food-delivery/chipotle-mexican-grill-910-e-coliseum-blvd/zVsVpiYaRh-uFwPdNEcfOg,fort-wayne
https://www.ubereats.com/fort-wayne/food-delivery/burger-king-7616-state-road-930/dqwZs2TZQNWsEswy9CKbPg,fort-wayne
https://www.ubereats.com/fort-wayne/food-delivery/papa-johns-2616-maplecrest-road/hfeg_sHfSgWk99r_gF-NTg,fort-wayne
https://www.ubereats.com/fort-wayne/food-delivery/jersey-mikes-subs-10020-lima-road/gyysEIbQS3OG33na0h2REg,fort-wayne
https://www.ubereats.com/fort-wayne/food-delivery/wendys-10440-maysville-rd/_srD0lRPRiKhCyr9F6sIXA,fort-wayne
https://www.ubereats.com/fort-wayne/food-delivery/starbucks-coliseum-%26-coldwater/PsMpLugsT_ugebHf_wT1gQ,fort-wayne
https://www.ubereats.com/fort-wayne/food-delivery/hoosier-daddys-bbq/QQ-PZCXvQwCSOPQmWVdPKQ,fort-wayne
https://www.ubereats.com/fort-wayne/food-delivery/taco-bell-340-w-jefferson-blvd/LmDFUPqhQ6m3IPaOhYPh7A,fort-wayne
https://www.ubereats.com/fort-wayne/food-delivery/wendys-2215-maplecrest/cLeFtJNlS4SEpMgY_xPViQ,fort-wayne
https://www.ubereats.com/fort-wayne/food-delivery/spice%26herb-thai-cuisine/upRm1h5PSjG0rk0bazv4Lw,fort-wayne
https://www.ubereats.com/fort-wayne/food-delivery/pepper-%26-spice-jamaican-restaurant/4hooyLBaRHGT5AjHhIvluw,fort-wayne
https://www.ubereats.com/fort-wayne/food-delivery/logans-roadhouse-398-6617-lima-road/4yi8LsHuTmCB_CY8tf__Gg,fort-wayne
https://www.ubereats.com/fort-wayne/food-delivery/golden-corral-5335-distribution-drive/vR375vhWT1KQQjuO4l0pgA,fort-wayne
https://www.ubereats.com/fort-wayne/food-delivery/leo-donuts/EuGtFzdFRRiZE961yFt5sQ,fort-wayne
https://www.ubereats.com/fort-wayne/food-delivery/my-market/_vOlBDTfQy6xqpICFpRjuQ,fort-wayne
https://www.ubereats.com/fort-wayne/food-delivery/green-frog-inn/8lr8CvomR_ueApQ0Gw8Ybw,fort-wayne
https://www.ubereats.com/fort-wayne/food-delivery/panda-express-1414-apple-glen-blvd/Brbs6XZ4Rx6UYDMCCbtOmw,fort-wayne
https://www.ubereats.com/fort-wayne/food-delivery/aa-poke/kuuWhvHxSFWhpKkkN1ENdg,fort-wayne
https://www.ubereats.com/fort-wayne/food-delivery/venice-restaurant-italian/hSzJORkQTPy7Mu5EPe9QbA,fort-wayne
https://www.ubereats.com/fort-wayne/food-delivery/granite-city-food-%26-brewery-fort-wayne/a7Q5KQytTTyCZzCZG7PRKA,fort-wayne
https://www.ubereats.com/fort-wayne/food-delivery/starbucks-state-%26-coliseum/-rNEKLI8SMiStLCRzCWEBQ,fort-wayne
https://www.ubereats.com/fort-wayne/food-delivery/papa-johns-6233-bluffton-rd/t8xr9KblRSiCgrqplmoJAw,fort-wayne
https://www.ubereats.com/fort-wayne/food-delivery/pasquallys-pizza-%26-wings-711-w-coliseum-blvd/eCRzK2d3RhuWgjjZBhTleA,fort-wayne
https://www.ubereats.com/fort-wayne/food-delivery/bjs-restaurant-%26-brewhouse-245-w-coliseum-blvd/821X8SANTJGRRPM8pmEKRA,fort-wayne
https://www.ubereats.com/fort-wayne/food-delivery/taco-bell-1209-reckeweg-road/WgNu0dihSQq4gOG77NT4AA,fort-wayne
https://www.ubereats.com/fort-wayne/food-delivery/lewis-street-grill/GMCqh8O_RwuYXwS7JPbD1w,fort-wayne
https://www.ubereats.com/fort-wayne/food-delivery/waynedale-bakery-incorporated/y36PJJztRe-4uL6A4LyDWA,fort-wayne
https://www.ubereats.com/fort-wayne/food-delivery/arbys-6759-bluffton-rd/onPjPaG6SUWr67pdcTqsXA,fort-wayne
https://www.ubereats.com/fort-wayne/food-delivery/hardees-5918-lima-rd/vIgnXeDDQUa6Uu3RhLuFig,fort-wayne
https://www.ubereats.com/fort-wayne/food-delivery/arbys-904-w-state-blvd/FjZN-jXRRrSm-fptgJy0Tg,fort-wayne
https://www.ubereats.com/fort-wayne/food-delivery/wendys-1610-northland-blvd/DQ4sOaVdTxelVuEhE6gYTA,fort-wayne
https://www.ubereats.com/fort-wayne/food-delivery/potbelly-sandwich-works-501-e-coliseum-blvd/g2funQnQQ_WX08f3HHBxtQ,fort-wayne
https://www.ubereats.com/fort-wayne/food-delivery/mcdonalds-10310-illinois-rd/E8qxh7FwS22acY2WVeCn7w,fort-wayne
https://www.ubereats.com/fort-wayne/food-delivery/logans-roadhouse-392-1210-illinois-road-south/VinfocSfTT-N6GvkrE_c4w,fort-wayne
https://www.ubereats.com/fort-wayne/food-delivery/dunkin-9821-lima-rd/MDlPtP3wRPG8phKe0TGaUA,fort-wayne
https://www.ubereats.com/fort-wayne/food-delivery/arbys-3524-e-state-blvd/yEOJwD5CQK-WwCpNdTechw,fort-wayne
https://www.ubereats.com/fort-wayne/food-delivery/ruths-chris-steakhouse-224-w-wayne-st/zC9BidTeSY2uGqPmcsowxA,fort-wayne
https://www.ubereats.com/fort-wayne/food-delivery/dairy-queen-grill-%26-chill-3132-saint-joe-center-rd/X66x6EQ6S-GQkbGZfUM3Kw,fort-wayne
https://www.ubereats.com/fort-wayne/food-delivery/chipotle-mexican-grill-6175-lima-rd/V9RITF5sRPyXC-cF3wFwjg,fort-wayne
https://www.ubereats.com/fort-wayne/food-delivery/starbucks-w-jefferson-%26-mallard-cove/nHE5erU3Q8KU-Pd6i_UU1w,fort-wayne
https://www.ubereats.com/fort-wayne/food-delivery/pho-shi-asianfusion/OEFwNkMVTs6YGWKvWbmm6A,fort-wayne
