url,city
https://www.ubereats.com/new-jersey/food-delivery/gorilla-grill/2OVP15IcT0a3MsfbKwYaww,fort-lee-new-jersey
https://www.ubereats.com/new-jersey/food-delivery/cubbys-barbeque/V9-ab5NfTUi5mF7nTmkGfA,fort-lee-new-jersey
https://www.ubereats.com/new-jersey/food-delivery/lao-ma-spicy/0GGo6yWTSsWmAxHVa951SQ,fort-lee-new-jersey
https://www.ubereats.com/new-jersey/food-delivery/glaze-donuts/nFFtF26sS_WKHefScAbqoQ,fort-lee-new-jersey
https://www.ubereats.com/new-jersey/food-delivery/carls-jr-2199-74th-st/kc7RgJozRBWEZwhRvtR7Tg,fort-lee-new-jersey
https://www.ubereats.com/new-jersey/food-delivery/starbucks-edgewater/tzW_ZUSmRwmPaRUdum4eew,fort-lee-new-jersey
https://www.ubereats.com/new-jersey/food-delivery/chuck-e-cheese-8101-tonelle-ave/uCUzAGbhSqWq_XGtedvKGg,fort-lee-new-jersey
https://www.ubereats.com/new-jersey/food-delivery/the-boulevard-diner-north-bergen-nj/t8TnG9MPTUi5Jn4QMXsYhQ,fort-lee-new-jersey
https://www.ubereats.com/new-jersey/food-delivery/a-taste-of-italy/ULmGqP8_SFOlWpJeBjknCA,fort-lee-new-jersey
https://www.ubereats.com/new-jersey/food-delivery/fairmount-eats/z_X0IdESQWmmwmtI5lvQUQ,fort-lee-new-jersey
https://www.ubereats.com/new-jersey/food-delivery/wingstop-north-bergen/WwL-EwINTfq-b0gR95VhXQ,fort-lee-new-jersey
https://www.ubereats.com/new-jersey/food-delivery/deli-xpress/NOPdiLQCRQSxhqbOxTTtcQ,fort-lee-new-jersey
https://www.ubereats.com/new-jersey/food-delivery/simply-chinese%E9%A3%9F%E7%A5%9Echinese-restaurant/ArFexQOOQdq92ImYqNAVog,fort-lee-new-jersey
https://www.ubereats.com/new-jersey/food-delivery/taco185/1ZU4TlUhTkyy5CtyYEN_6w,fort-lee-new-jersey
https://www.ubereats.com/new-jersey/food-delivery/el-rey-del-taco/Fp1O5n9MT5annVzmo8kKLg,fort-lee-new-jersey
https://www.ubereats.com/new-jersey/food-delivery/cubbys-bbq-restaurant/ZMgIhqAIR_681WkiJ7tlhw,fort-lee-new-jersey
https://www.ubereats.com/new-jersey/food-delivery/langolo-trattoria-italiana/GMBTrWYzQemURoOwyjeJuQ,fort-lee-new-jersey
https://www.ubereats.com/new-jersey/food-delivery/yalla-teaneck/XV36kuXBSgOGrC6O18Mg9g,fort-lee-new-jersey
https://www.ubereats.com/new-jersey/food-delivery/dunkin-433-riverdale-ave/Son06029TkGyxndamk0D9A,fort-lee-new-jersey
https://www.ubereats.com/new-jersey/food-delivery/biggies/txZY9nb2SMOxhSE9oJIsqA,fort-lee-new-jersey
https://www.ubereats.com/new-jersey/food-delivery/manhattan-bagel-engelwood/SZOaVqbBRfeLa6qmGj4gYw,fort-lee-new-jersey
https://www.ubereats.com/new-jersey/food-delivery/pizza-king/HARc6w3tQPyd_kW5pgqPdg,fort-lee-new-jersey
https://www.ubereats.com/new-jersey/food-delivery/saladworks-east-rutherford/Pmk9jdtgQkKRdDqTGQ1Wqg,fort-lee-new-jersey
https://www.ubereats.com/new-jersey/food-delivery/bite-food-%26-coffee-co/kBqWzYHnT9mv96qldeDE4w,fort-lee-new-jersey
https://www.ubereats.com/new-jersey/food-delivery/decostas/F2sUrg5bQ1-ziX2SytzQbA,fort-lee-new-jersey
https://www.ubereats.com/new-jersey/food-delivery/phobu/wwSQti0gT7GnZ7PxROK7Bg,fort-lee-new-jersey
https://www.ubereats.com/new-jersey/food-delivery/dunkin-754-river-rd/BncFC9mTQ-2DIPsR0VFw7A,fort-lee-new-jersey
https://www.ubereats.com/new-jersey/food-delivery/tpr-pizzeria/cGetgNmCRRCiFY4mL3iTsg,fort-lee-new-jersey
https://www.ubereats.com/new-jersey/food-delivery/outback-steakhouse-539-river-road/7u00QIz0TfqEw5eynacr1A,fort-lee-new-jersey
https://www.ubereats.com/new-jersey/food-delivery/galeria-cafe/98cYxKUwQ161PK5SwyUwBw,fort-lee-new-jersey
https://www.ubereats.com/new-jersey/food-delivery/umacha/e_Rdfq8pSXe5gPRH15R4pg,fort-lee-new-jersey
https://www.ubereats.com/new-jersey/food-delivery/kinyobi/bBV9JXmxRRKN4-YHx2Y2kg,fort-lee-new-jersey
https://www.ubereats.com/new-jersey/food-delivery/empanadas-monumental/heTga7VuQ7imzKrng5vdMQ,fort-lee-new-jersey
https://www.ubereats.com/new-jersey/food-delivery/kumade/a0aByiVWR7yt3CjTf4YLnw,fort-lee-new-jersey
https://www.ubereats.com/new-jersey/food-delivery/burger-king-9105-bergenline-avenue/xp5k8Xu1TJ2SI-smfT9COA,fort-lee-new-jersey
https://www.ubereats.com/new-jersey/food-delivery/glaze-donuts/Hb1ykxODRyWhJLzOYnBCwg,fort-lee-new-jersey
https://www.ubereats.com/new-jersey/food-delivery/greek-taverna-edgewater/RWKmvx5gSWaYH64CpM60gA,fort-lee-new-jersey
https://www.ubereats.com/new-jersey/food-delivery/jacks-lobster-shack/pIDAWBHKQkGOM-GlteAN3A,fort-lee-new-jersey
https://www.ubereats.com/new-jersey/food-delivery/kfc-taco-bell-2170-fletcher-ave/3aiCZoZoQdGQxToYmyjIJQ,fort-lee-new-jersey
https://www.ubereats.com/new-jersey/food-delivery/grand-%26-essex-market/_ygZecDKS6CetZdwluWNzw,fort-lee-new-jersey
https://www.ubereats.com/new-jersey/food-delivery/little-italy/e3BL4HthRY2hBlsPPFUp6g,fort-lee-new-jersey
https://www.ubereats.com/new-jersey/food-delivery/greenhousejuices-and-cafe/gh1_Vn-ZTaWvGh9yXog-Ig,fort-lee-new-jersey
https://www.ubereats.com/new-jersey/food-delivery/house-malaysian/8Wcg5X1gR5CHmblI3pNdDA,fort-lee-new-jersey
https://www.ubereats.com/new-jersey/food-delivery/coffeecol-arepa-bar-%26-grill/dKYvraSTRu6BKMph--zcSg,fort-lee-new-jersey
https://www.ubereats.com/new-jersey/food-delivery/obaltan-bbq-grill/JqtXXYhaRsS7hWf-c3xvPQ,fort-lee-new-jersey
https://www.ubereats.com/new-jersey/food-delivery/angry-archies/yTd54mDGQs6n16eiVoXBtQ,fort-lee-new-jersey
https://www.ubereats.com/new-jersey/food-delivery/king-hong-restaurant/PkAQWxrTTK-TPUWjaSZFlQ,fort-lee-new-jersey
https://www.ubereats.com/new-jersey/food-delivery/aumm-aumm-at-the-brownstone/rcuzkYEfSoeEyElEhSquQg,fort-lee-new-jersey
https://www.ubereats.com/new-jersey/food-delivery/picnic/YAx3T-8XRcKD1Qq_mscJqg,fort-lee-new-jersey
https://www.ubereats.com/new-jersey/food-delivery/szechuan-express/DET3lW_mQ_qZMHGc7taD0A,fort-lee-new-jersey
https://www.ubereats.com/new-jersey/food-delivery/grandmas-kitchen/yxMWZaSpSkmXO4pSPipM7w,fort-lee-new-jersey
https://www.ubereats.com/new-jersey/food-delivery/baumgarts-cafe-englewood/Tpi6mTDzQUu3-f0rvcTM-g,fort-lee-new-jersey
https://www.ubereats.com/new-jersey/food-delivery/masil-house/DTocBvGLSG-wgSWWGirYDA,fort-lee-new-jersey
https://www.ubereats.com/new-jersey/food-delivery/dunkin-738-anderson-ave/f_DYSeDkQAqbMbLF1Y_pqA,fort-lee-new-jersey
https://www.ubereats.com/new-jersey/food-delivery/danatonis-grill-%26-deli/mOWOteR3QRGOnCfPQUnpFA,fort-lee-new-jersey
https://www.ubereats.com/new-jersey/food-delivery/chipotle-mexican-grill-81-e-state-rt-4-ste-101/kEmyzAnbQXuDDHlsLfol3g,fort-lee-new-jersey
https://www.ubereats.com/new-jersey/food-delivery/kuba-restaurant/Mn3UI6lpTH-eP_PIdOxYeQ,fort-lee-new-jersey
https://www.ubereats.com/new-jersey/food-delivery/kaya/2Aw2GfetTGCnp4H0NsTe7g,fort-lee-new-jersey
https://www.ubereats.com/new-jersey/food-delivery/gyro-loco-%26-prince-chicken/VlAA_laARQ-HbWndq-eLoQ,fort-lee-new-jersey
https://www.ubereats.com/new-jersey/food-delivery/original-prestos/TpAs7LfPT8e2VVLs4jNm5w,fort-lee-new-jersey
https://www.ubereats.com/new-jersey/food-delivery/mcdonalds-little-ferry/pyJw7Kf5TJK7obcuFKYpcA,fort-lee-new-jersey
https://www.ubereats.com/new-jersey/food-delivery/estihana/laVAXahuSWa1hUs3nLQUVw,fort-lee-new-jersey
https://www.ubereats.com/new-jersey/food-delivery/poke-crew/CQhIARXERT6TAzJE2ZpACw,fort-lee-new-jersey
https://www.ubereats.com/new-jersey/food-delivery/white-castle-9271-kennedy-blvd/MLsOfWFtTv-wFvMPQMfFnA,fort-lee-new-jersey
https://www.ubereats.com/new-jersey/food-delivery/gayeon-restaurant/lielwQTEQTWuWDwOrsZ2Pw,fort-lee-new-jersey
https://www.ubereats.com/new-jersey/food-delivery/wok-bar/K0GFV034QxGLUuFXbFZGTA,fort-lee-new-jersey
https://www.ubereats.com/new-jersey/food-delivery/noches-de-colombia-fairview-ave-fairview-nj/0YQJv8ZnQ3qsJQfJc_crWA,fort-lee-new-jersey
https://www.ubereats.com/new-jersey/food-delivery/noches-de-colombia-fairview-nj/5VxSrRzTQf2QXaOha_naAw,fort-lee-new-jersey
https://www.ubereats.com/new-jersey/food-delivery/boom-boom-chicken-fort-lee/RlVKZqohRgWgS1qTN6CoLw,fort-lee-new-jersey
https://www.ubereats.com/new-jersey/food-delivery/dunkin-275-s-washington-ave/aShVcpflRlmQLW4a2iMNQQ,fort-lee-new-jersey
https://www.ubereats.com/new-jersey/food-delivery/linwood-pizza-fort-lee/NwW9saSSSrmJ1EQ62gDM0w,fort-lee-new-jersey
https://www.ubereats.com/new-jersey/food-delivery/don-julios-chicken-house-nj/7Wr-hpErSv28nZjUPRpMAA,fort-lee-new-jersey
https://www.ubereats.com/new-jersey/food-delivery/bareburger-78-the-promenade/Rgw3DmIRS-Sdl4aoyJGIOA,fort-lee-new-jersey
https://www.ubereats.com/new-jersey/food-delivery/blaze-pizza-5-teterboro-landing-drive/r4tdJJjCRD6ROqT-56yT0w,fort-lee-new-jersey
https://www.ubereats.com/new-jersey/food-delivery/taste-of-jamaica/qQIx5pTmSka2BTh0WCBObg,fort-lee-new-jersey
https://www.ubereats.com/new-jersey/food-delivery/restaurant-latino-hackensack/zNesqU_JQre6KlGiNyvZ6A,fort-lee-new-jersey
https://www.ubereats.com/new-jersey/food-delivery/taco-bell-3509-john-f-kennedy/r8yp1SoJRRW2yWmT3qM8CQ,fort-lee-new-jersey
https://www.ubereats.com/new-jersey/food-delivery/green-den/IaHk832oTeOTXcOdP1y3WA,fort-lee-new-jersey
https://www.ubereats.com/new-jersey/food-delivery/chillers-grill-catering-express/WTNPZrU-T7OTAfDkNkpASw,fort-lee-new-jersey
https://www.ubereats.com/new-jersey/food-delivery/havana-cuban-cafe-bistro/fizd4zeRTVOHBY77l-4wcA,fort-lee-new-jersey
https://www.ubereats.com/new-jersey/food-delivery/blackjack-mulligans/5QIl1ia4Q86EmAAXixwKlg,fort-lee-new-jersey
https://www.ubereats.com/new-jersey/food-delivery/eun-ha-soo-catering/3tCQ6__ORUmibB5gmBtLog,fort-lee-new-jersey
https://www.ubereats.com/new-jersey/food-delivery/so-kong-dong-restaurant/BjScad1iSJ--MVj_sb7Ibg,fort-lee-new-jersey
https://www.ubereats.com/new-jersey/food-delivery/kaname/bnf5I6HdT36qRgf52D8L2w,fort-lee-new-jersey
https://www.ubereats.com/new-jersey/food-delivery/angelos-greek-taverna/CWeScwWoTXuiu9JCdRp9fg,fort-lee-new-jersey
https://www.ubereats.com/new-jersey/food-delivery/wendys-296-east-route-4/ZsbMOcAcTFyu6R55akHTyQ,fort-lee-new-jersey
https://www.ubereats.com/new-jersey/food-delivery/sarku-japan/pEej4x6XSpacI6utVtoi1A,fort-lee-new-jersey
https://www.ubereats.com/new-jersey/food-delivery/the-ice-cream-shop/amKR9iefQbqfH6Gd5Dg9hA,fort-lee-new-jersey
https://www.ubereats.com/new-jersey/food-delivery/argonaut-diner/0q2gBAVvQIS2h2b0tZqkSQ,fort-lee-new-jersey
https://www.ubereats.com/new-jersey/food-delivery/red-mango-edgewater/J8gnQrqoQ3mZ9DrNHhyBvg,fort-lee-new-jersey
https://www.ubereats.com/new-jersey/food-delivery/sweets-%26-cortaditos/_x4J-vEwQ3WSaPXkMSpx5A,fort-lee-new-jersey
https://www.ubereats.com/new-jersey/food-delivery/burger-king-250-north-washington-avenue/HClEYA4hTi6H0di6vDC_ng,fort-lee-new-jersey
https://www.ubereats.com/new-jersey/food-delivery/brisas-englewood/xZb6To3BTty5GAFnrYx0vA,fort-lee-new-jersey
https://www.ubereats.com/new-jersey/food-delivery/chipotle-mexican-grill-450-hackensack-ave/cUPocu0uQe6KN6uwYzwJ-Q,fort-lee-new-jersey
https://www.ubereats.com/new-jersey/food-delivery/la-giraldilla-latin-cuisine/HH9YjOhnTzONFf4wUAk6pw,fort-lee-new-jersey
https://www.ubereats.com/new-jersey/food-delivery/tavlin/O9TqqjI4TxCT3ufLsYT8Ow,fort-lee-new-jersey
https://www.ubereats.com/new-jersey/food-delivery/the-picco-tavern/hfqJjmt_TS-3XmDhMDMG4w,fort-lee-new-jersey
https://www.ubereats.com/new-jersey/food-delivery/riviera-maya-mexican-cuisine/ILKFqPdCShqOGTO4pjuhbw,fort-lee-new-jersey
https://www.ubereats.com/new-jersey/food-delivery/dong-chun-hong/lSn1WNBpRYmHtty7pWsTrA,fort-lee-new-jersey
https://www.ubereats.com/new-jersey/food-delivery/angelos-pizza-%26-pasta-fairview/4LsDYdoiSPKWSu49Fy4DJQ,fort-lee-new-jersey
https://www.ubereats.com/new-jersey/food-delivery/jersey-mikes-subs-200-mill-creek-drive/0bk_aG2iQSmVfs4051qbkg,fort-lee-new-jersey
https://www.ubereats.com/new-jersey/food-delivery/jakumsung-%EC%9E%90%EA%B8%88%EC%84%B1/Pxpg88bcT7Gzl3vgCUw15g,fort-lee-new-jersey
https://www.ubereats.com/new-jersey/food-delivery/the-habit-burger-grill-3-teterboro-landing-drive/hqmURPhDSS-nC16s4gf8qA,fort-lee-new-jersey
https://www.ubereats.com/new-jersey/food-delivery/brazilian-churrasqueria/XW5fynZvRRuQqxJmyz1fag,fort-lee-new-jersey
https://www.ubereats.com/new-jersey/food-delivery/harrys-food-and-drink/3DhsjQ9vRoWo27u0zNKPWg,fort-lee-new-jersey
https://www.ubereats.com/new-jersey/food-delivery/coliseum-pizzeria/KqEQcMwCTrefTpHSGjYIdw,fort-lee-new-jersey
https://www.ubereats.com/new-jersey/food-delivery/hannosuke/xbUeYRIATrKoVxOEZ9Ri7A,fort-lee-new-jersey
https://www.ubereats.com/new-jersey/food-delivery/hunan-wok/vIQzsErrTXGHR7pWSh4oTw,fort-lee-new-jersey
https://www.ubereats.com/new-jersey/food-delivery/johns-fried-chicken-guttenberg/57wH3WxQSK-SvrwAlvAMkA,fort-lee-new-jersey
https://www.ubereats.com/new-jersey/food-delivery/jubilee-chocolate-cafe/VWB7tbxzSwSo9LJXQ7unXA,fort-lee-new-jersey
https://www.ubereats.com/new-jersey/food-delivery/simply-vietnamese/2l7HmoQNSfu1rFJbA8g-Jg,fort-lee-new-jersey
https://www.ubereats.com/new-jersey/food-delivery/chinese-restaurant-tokyo-hanten/iDvBGpucRAG1MboTowjGIQ,fort-lee-new-jersey
https://www.ubereats.com/new-jersey/food-delivery/batten-ramen/ldIi4QcuQ1CXCMHuQQe_zQ,fort-lee-new-jersey
https://www.ubereats.com/new-jersey/food-delivery/samdan/20pQO1YMTX6FyYDyU-r5XA,fort-lee-new-jersey
https://www.ubereats.com/new-jersey/food-delivery/cafe-trois/EeA4MRQHTFGzS-yXM8jgFQ,fort-lee-new-jersey
https://www.ubereats.com/new-jersey/food-delivery/panda-express-2100-88th-street/G3Mhi4jKSy-ZBrHfKVAVzQ,fort-lee-new-jersey
https://www.ubereats.com/new-jersey/food-delivery/reggae-kitchen/Nbi6d5TVTsm_s3MJneZb0Q,fort-lee-new-jersey
https://www.ubereats.com/new-jersey/food-delivery/saddle-brook-diner/4LLi18ESRrqEe5puuNqrEQ,fort-lee-new-jersey
https://www.ubereats.com/new-jersey/food-delivery/garden-deli-and-grill/Up3-02oAQvmJIhMAGohfsQ,fort-lee-new-jersey
https://www.ubereats.com/new-jersey/food-delivery/kings-village-food-inside-99-ranch-market/r3VL8TXSTheTCLVi_6WWiQ,fort-lee-new-jersey
https://www.ubereats.com/new-jersey/food-delivery/chillers-grill/KxTpA0V-QdCx5HdGK6YH2g,fort-lee-new-jersey
https://www.ubereats.com/new-jersey/food-delivery/outback-steakhouse-455-harmon-meadow-boulevard/unaoOZDzQ6e-lG31ZLGQkQ,fort-lee-new-jersey
https://www.ubereats.com/new-jersey/food-delivery/jade-lee-kitchen/jIy9mSjDSEuY4j1dwOOZvg,fort-lee-new-jersey
https://www.ubereats.com/new-jersey/food-delivery/royce-chocolate-edgewater/vXsi4nBCSkKt6_Gq7hHarA,fort-lee-new-jersey
https://www.ubereats.com/new-jersey/food-delivery/nonna-maria/UDhRtj7bRQeU3WH3tq05WA,fort-lee-new-jersey
https://www.ubereats.com/new-jersey/food-delivery/the-raw-squeeze/aaXoCb-3QxGpFMX06AZUWg,fort-lee-new-jersey
https://www.ubereats.com/new-jersey/food-delivery/vish/5K-fgmoNSaSSuGeu9btrPg,fort-lee-new-jersey
https://www.ubereats.com/new-jersey/food-delivery/bensi-hasbrouck-heights/xsb7RT1LQTq6Nwr0G-Og1A,fort-lee-new-jersey
https://www.ubereats.com/new-jersey/food-delivery/muk-eun-ji/b1mJP-q4TjiAoXsuinUOUg,fort-lee-new-jersey
https://www.ubereats.com/new-jersey/food-delivery/piccolos-gastronomia-italiana/L4BQ-gAyRUyfN8k97l1x7Q,fort-lee-new-jersey
https://www.ubereats.com/new-jersey/food-delivery/simply-juiced-fort-lee/cw-ZMrSGRrCZUH1fnX-Qfg,fort-lee-new-jersey
https://www.ubereats.com/new-jersey/food-delivery/sushi-cafe/JQ0LMqiiRIOq7S104uPbiw,fort-lee-new-jersey
https://www.ubereats.com/new-jersey/food-delivery/nutricentro-juice-bar/F2D7koWJThKTJfNK9bp_Jg,fort-lee-new-jersey
https://www.ubereats.com/new-jersey/food-delivery/mcdonalds-hackensack/tyzAhYpDQtC9TAaO1iiXNA,fort-lee-new-jersey
https://www.ubereats.com/new-jersey/food-delivery/the-green-spot-salad-bar/kiWtd2NjSmOuuVSCq4gEig,fort-lee-new-jersey
https://www.ubereats.com/new-jersey/food-delivery/hudson-pot/gWOd5AK8S5uZWIkoJH0UIQ,fort-lee-new-jersey
https://www.ubereats.com/new-jersey/food-delivery/ah-woo-rang/YIh_1GqwRN6zvjkBGHnQRw,fort-lee-new-jersey
https://www.ubereats.com/new-jersey/food-delivery/carvel-450-hackensack-avenue/dQ1qETOvTjiUfL-qIIi9Rw,fort-lee-new-jersey
https://www.ubereats.com/new-jersey/food-delivery/the-ice-cream-shop/_8ZYA_miRKCoiHVBPzbgIw,fort-lee-new-jersey
https://www.ubereats.com/new-jersey/food-delivery/t-swirl-crepe/xAQ8joc1R5WXmRtPPl-GpA,fort-lee-new-jersey
https://www.ubereats.com/new-jersey/food-delivery/palermo-ristorante-%26-pizzeria/dKOHsfoXSoybycOxmS4Pfg,fort-lee-new-jersey
https://www.ubereats.com/new-jersey/food-delivery/waffle-de-lys-chelsea/yvV2Tb2MTl-1ShkpRHO4nQ,fort-lee-new-jersey
https://www.ubereats.com/new-jersey/food-delivery/hidden-grounds-coffee/3nF4HbqtRUurOOyibqgIEA,fort-lee-new-jersey
https://www.ubereats.com/new-jersey/food-delivery/don-chicken/PV9URw3tRyGjDBart3hv1w,fort-lee-new-jersey
https://www.ubereats.com/new-jersey/food-delivery/nicks-deli/5i6jDAMbR0qC2MiLC33Oiw,fort-lee-new-jersey
https://www.ubereats.com/new-jersey/food-delivery/burger-king-811-palisade-ave/K281YJEEQT6M90spS12S-A,fort-lee-new-jersey
https://www.ubereats.com/new-jersey/food-delivery/firehouse-subs-hackensack/RGIzw6rhQo-mLDMzjzCB9Q,fort-lee-new-jersey
https://www.ubereats.com/new-jersey/food-delivery/charro-mexicano-restaurant-%26-bakery/HHti6ucVQ8SYo9TzQC3gKg,fort-lee-new-jersey
https://www.ubereats.com/new-jersey/food-delivery/mi-islita-restaurant/E1XljCQCRDGrqnwo4h2iGA,fort-lee-new-jersey
https://www.ubereats.com/new-jersey/food-delivery/johnnys-pizzeria/O5qtGAr9Tw68158XwlTzDg,fort-lee-new-jersey
https://www.ubereats.com/new-jersey/food-delivery/bbq-chicken-cliffside-park-nj/R3EQPRTYR3mXx7pqT660Fg,fort-lee-new-jersey
https://www.ubereats.com/new-jersey/food-delivery/yogart-frozen-yogurt-studio/zcPQru5VSRC6aD3oxW8lag,fort-lee-new-jersey
https://www.ubereats.com/new-jersey/food-delivery/istanblue-restaurant/nzgvT2SyRYuCZysXQRhhVg,fort-lee-new-jersey
https://www.ubereats.com/new-jersey/food-delivery/el-adobo-restaurante-mexican/kSQpF1ZUQ-mOo7rP9i6zSw,fort-lee-new-jersey
https://www.ubereats.com/new-jersey/food-delivery/chipotle-mexican-grill-9-teterboro-landing-dr/aL_zuBRlSJKXppEjdOT_Ew,fort-lee-new-jersey
https://www.ubereats.com/new-jersey/food-delivery/tang-two/PDAkmTVkRwiO175cjNY1YQ,fort-lee-new-jersey
https://www.ubereats.com/new-jersey/food-delivery/t-%26-thai-restaurant/-EEFDglxTE2iqwcDuKe3Gw,fort-lee-new-jersey
https://www.ubereats.com/new-jersey/food-delivery/starbucks-hasbrouck-heights/7IKxpYKfQsCXUZ6yuC6hjw,fort-lee-new-jersey
https://www.ubereats.com/new-jersey/food-delivery/georges-seafood/C3cvfCdsTfCRSWHPOUzi1w,fort-lee-new-jersey
https://www.ubereats.com/new-jersey/food-delivery/five-guys-nj-0173-450-hackensack-ave/GsgSJPgYTNyS-ugCeq_3NA,fort-lee-new-jersey
https://www.ubereats.com/new-jersey/food-delivery/thai-shack/l2HZh8rxRsugifRgomz3Rg,fort-lee-new-jersey
https://www.ubereats.com/new-jersey/food-delivery/the-jersey-market/YypjwFOkSku17QPIvtwL6Q,fort-lee-new-jersey
https://www.ubereats.com/new-jersey/food-delivery/latin-deli-%26-grocery/5rDmFz3tTn2P8A0qno22XA,fort-lee-new-jersey
https://www.ubereats.com/new-jersey/food-delivery/mi-otra-casita-bar-restaurant/TsIVbf85Sz2Xx_iz46BT6g,fort-lee-new-jersey
https://www.ubereats.com/new-jersey/food-delivery/dosa-and-biryani-house/Wp0u3jyCRhO6G3YOzDg5EQ,fort-lee-new-jersey
https://www.ubereats.com/new-jersey/food-delivery/hanam-korean-bbq-house-%ED%95%98%EB%82%A8-%EB%B0%94%EB%B2%A0%ED%81%90/VG5ZhUyNTVWJMu2labPAvg,fort-lee-new-jersey
https://www.ubereats.com/new-jersey/food-delivery/boom-boom-chicken-rutherford/zQfcTwiyQ8WqN1qNq242eQ,fort-lee-new-jersey
https://www.ubereats.com/new-jersey/food-delivery/sushizen-llc/RAYjwYBXQi2KAQ_CSjQe4g,fort-lee-new-jersey
https://www.ubereats.com/new-jersey/food-delivery/soles-pizza/b400NF-XRWmoMbk1gET9LA,fort-lee-new-jersey
https://www.ubereats.com/new-jersey/food-delivery/kung-fu-tea-fort-lee/B334YLzCRCWLM7zurtJnWw,fort-lee-new-jersey
https://www.ubereats.com/new-jersey/food-delivery/dantes-italian-restaurant/9KAf9sRkTzmAOJlu0tf4-A,fort-lee-new-jersey
https://www.ubereats.com/new-jersey/food-delivery/la-sorrentina/5-Sg4vWvTWWoNXo8DOUg_A,fort-lee-new-jersey
https://www.ubereats.com/new-jersey/food-delivery/kfc-hackensack/IswNp6h6RCWvvSD4VKuDnA,fort-lee-new-jersey
https://www.ubereats.com/new-jersey/food-delivery/its-greek-to-me-fort-lee/BnJQyVUiQniSTr6ufY5oDQ,fort-lee-new-jersey
https://www.ubereats.com/new-jersey/food-delivery/davant-bakery/j4A7SJbVTiqVQOnBKFbIgg,fort-lee-new-jersey
https://www.ubereats.com/new-jersey/food-delivery/sender-smokehouse/9QSMO5QiRJKlFcrOlBKwqQ,fort-lee-new-jersey
https://www.ubereats.com/new-jersey/food-delivery/baggios/ocZ6iECiSWKA-Bulj5h0TQ,fort-lee-new-jersey
https://www.ubereats.com/new-jersey/food-delivery/fairview-bbq-wny/2QPUsZ96RD2VYJXyKrr_5A,fort-lee-new-jersey
https://www.ubereats.com/new-jersey/food-delivery/the-happy-belly-cafe/MLDJh3IeS-KnvefWVhUJ3g,fort-lee-new-jersey
https://www.ubereats.com/new-jersey/food-delivery/veggie-%2B-englewood/Vz6ie-DbTQWqLneChJ0VWA,fort-lee-new-jersey
https://www.ubereats.com/new-jersey/food-delivery/halmae-noodle-%ED%95%A0%EB%A7%A4%EC%B9%BC%EA%B5%AD%EC%88%98/5maHtL69QUuNUIyHDHZbHQ,fort-lee-new-jersey
https://www.ubereats.com/new-jersey/food-delivery/bonchon-chicken-184-essex-st/aB62rhebR-CI58xDL41r9A,fort-lee-new-jersey
https://www.ubereats.com/new-jersey/food-delivery/el-tango-argentina-englewood/IVgwqCBBTvq7WS9FSGXoFg,fort-lee-new-jersey
https://www.ubereats.com/new-jersey/food-delivery/veggie-heaven/L3Zwjua5TbKj30KIQI5d5Q,fort-lee-new-jersey
https://www.ubereats.com/new-jersey/food-delivery/edgewater-sgd-tofu-%26-bbq-dba-so-gong-dong/Lhv_ZGNpT0aYy9gJ8xN8Ow,fort-lee-new-jersey
https://www.ubereats.com/new-jersey/food-delivery/gong-cha-1630-lemoine-ave/BUUGA136QU67JE3r7prwdg,fort-lee-new-jersey
https://www.ubereats.com/new-jersey/food-delivery/chipotle-mexican-grill-10-nathaniel-pl/JdqgPVxtSVCDfPjH6UJegg,fort-lee-new-jersey
https://www.ubereats.com/new-jersey/food-delivery/cavalinos/geNxDOWRSSKjNMmXrWkJ8g,fort-lee-new-jersey
https://www.ubereats.com/new-jersey/food-delivery/englewood-bagels-%26-cafe/vm1zZ52xT3yUBBSFQu4dSA,fort-lee-new-jersey
https://www.ubereats.com/new-jersey/food-delivery/father-%26-son-seafood-and-steak-n-take/pleJXasNSqGIf_YzvM38Zw,fort-lee-new-jersey
https://www.ubereats.com/new-jersey/food-delivery/menya-sandaime-bergen-blvd/ZytwQiO5QaqnxeOMZTrA5w,fort-lee-new-jersey
https://www.ubereats.com/new-jersey/food-delivery/oh-mammy-curry-factory/EiiCyzjAQtawDVy0vGYNfw,fort-lee-new-jersey
https://www.ubereats.com/new-jersey/food-delivery/nova-burger-grill-and-chinese/6uaqKarkQXeL52OjO0rDXw,fort-lee-new-jersey
https://www.ubereats.com/new-jersey/food-delivery/135-applebees-north-bergen/6H7rdMjET1OIvgve5IYqew,fort-lee-new-jersey
https://www.ubereats.com/new-jersey/food-delivery/don-chicken/BMDvm-VeRjGIvJ2GyDgoVw,fort-lee-new-jersey
https://www.ubereats.com/new-jersey/food-delivery/el-arca-pizzeria-%26-restaurant/odbowZNqRGiN5fSsjf4fFw,fort-lee-new-jersey
https://www.ubereats.com/new-jersey/food-delivery/boston-market-321-broad-ave/t91b6cXUSVuFPQ1zLOe5Hg,fort-lee-new-jersey
https://www.ubereats.com/new-jersey/food-delivery/el-primo/O_dmD2o-RZCQVotSt8hlSA,fort-lee-new-jersey
https://www.ubereats.com/new-jersey/food-delivery/beacon-diner/m3M46HrNQaa8e9pGQpNEew,fort-lee-new-jersey
https://www.ubereats.com/new-jersey/food-delivery/the-picco-market/YRhwJXPARXaxus_mdZ2lJg,fort-lee-new-jersey
https://www.ubereats.com/new-jersey/food-delivery/green-leaf-restaurant/GIMnlxwfTruUswiyaomxog,fort-lee-new-jersey
https://www.ubereats.com/new-jersey/food-delivery/cresskill-hot-bagels/NQVSeSwWTxmpklpVIj2cvQ,fort-lee-new-jersey
https://www.ubereats.com/new-jersey/food-delivery/gyro-king/khpxP4KTQN2WSG7XX-o2bQ,fort-lee-new-jersey
https://www.ubereats.com/new-jersey/food-delivery/dayinin-yeri/ElObg1PuTLeMUzgTCuOyMA,fort-lee-new-jersey
https://www.ubereats.com/new-jersey/food-delivery/la-havana-59/W2NyiOasS9m6wCYXx_86Nw,fort-lee-new-jersey
https://www.ubereats.com/new-jersey/food-delivery/rumba-cubana-guttenberg-nj/QP31mdEnSMqIWSXnl_1JfQ,fort-lee-new-jersey
https://www.ubereats.com/new-jersey/food-delivery/kaneda/2XuqJRRoTaiAHosbCOvGkw,fort-lee-new-jersey
https://www.ubereats.com/new-jersey/food-delivery/boom-boom-chicken-paramus/gkrWrhpsQBGFU_PsaXvuGw,fort-lee-new-jersey
https://www.ubereats.com/new-jersey/food-delivery/bartolomeo-deli-and-pizza/mr6rULaSREmBOZLA7fGRIA,fort-lee-new-jersey
https://www.ubereats.com/new-jersey/food-delivery/han-nam-food-court/4T_qEduRQW2lFPwiTyOewg,fort-lee-new-jersey
https://www.ubereats.com/new-jersey/food-delivery/simply-sushi-bergenfield/31hY4qx5QkaDfeVGlCOZUw,fort-lee-new-jersey
https://www.ubereats.com/new-jersey/food-delivery/bobaloca-bubble-tea-and-coffee-house/ZvpH-a2sRmi8g-gqeEZesQ,fort-lee-new-jersey
https://www.ubereats.com/new-jersey/food-delivery/dunkin-1406-teaneck-rd/F1hNzVblRAGajbFEwc2ezw,fort-lee-new-jersey
https://www.ubereats.com/new-jersey/food-delivery/soosanghanpocha/yEkMEzaFSgS_qtg1TPR0CQ,fort-lee-new-jersey
https://www.ubereats.com/new-jersey/food-delivery/maggies-southern-kitchen/ARmi3sceSp-_QkRJBTCqvg,fort-lee-new-jersey
https://www.ubereats.com/new-jersey/food-delivery/tjs-southern-gourmet/XMJCnFM8TN-tc3CDQ9qExQ,fort-lee-new-jersey
https://www.ubereats.com/new-jersey/food-delivery/asian-american-food-mart/QM-JrFJgTS6Eg6HrYMLytA,fort-lee-new-jersey
https://www.ubereats.com/new-jersey/food-delivery/menya-sandaime-parker-ave/w9EFezr5SvqdpYHSsYcBMQ,fort-lee-new-jersey
https://www.ubereats.com/new-jersey/food-delivery/cuban-eddies/5AFco4gqQOi-uY5_b6TGWA,fort-lee-new-jersey
https://www.ubereats.com/new-jersey/food-delivery/golmok-restaurant/zo9vOyNKTTS1hwmUOxMisA,fort-lee-new-jersey
https://www.ubereats.com/new-jersey/food-delivery/dunkin-179-route-46-w/YXH0wm7qRxaVTmk-sHBDkg,fort-lee-new-jersey
https://www.ubereats.com/new-jersey/food-delivery/dunkin-222-bergen-blvd/DXs6H7A7RXiE1m4n29pErA,fort-lee-new-jersey
https://www.ubereats.com/new-jersey/food-delivery/scardinos-pizzeria/2fH2KnbSSMqe_Nd3uuFNZA,fort-lee-new-jersey
https://www.ubereats.com/new-jersey/food-delivery/busan-gukbap/bfJe4OhdRv2vIyHcbgIklw,fort-lee-new-jersey
https://www.ubereats.com/new-jersey/food-delivery/the-ice-cream-shop/LprLSwhWQUyyVoE1asDkqw,fort-lee-new-jersey
https://www.ubereats.com/new-jersey/food-delivery/the-bagel-shoppe/N18k_SUOSAGiVM4szR6CCA,fort-lee-new-jersey
https://www.ubereats.com/new-jersey/food-delivery/yummy-treats-cafe/S_PjMFuUShiASd563TmgCA,fort-lee-new-jersey
https://www.ubereats.com/new-jersey/food-delivery/envigado-restaurant/e_j16O0HRP2IevHaTtNi2w,fort-lee-new-jersey
https://www.ubereats.com/new-jersey/food-delivery/mei-hibachi-steak-house/7WMDR0_XTHSKsmADaaOJFQ,fort-lee-new-jersey
https://www.ubereats.com/new-jersey/food-delivery/dong-bang-grill/iGsUS4UHT16JqxZjQO-6EQ,fort-lee-new-jersey
https://www.ubereats.com/new-jersey/food-delivery/halal-grillo/9hl6Xb9SS_Wa8aHlVKB7JQ,fort-lee-new-jersey
https://www.ubereats.com/new-jersey/food-delivery/market-eatery-badaya/Ngt6mmt3SzWx4uQVFCCXCQ,fort-lee-new-jersey
https://www.ubereats.com/new-jersey/food-delivery/pf-changs-10-port-imperial-blvd/BQfkCRO3Rdm6kIpqcO65DA,fort-lee-new-jersey
https://www.ubereats.com/new-jersey/food-delivery/teri-teri-japanese-restaurant-north-bergen/3-9H5gt8Szq0AAPFrIKRwQ,fort-lee-new-jersey
https://www.ubereats.com/new-jersey/food-delivery/fairview-bbq/kA6ZJO9_Tja8mQgxcC7b5w,fort-lee-new-jersey
https://www.ubereats.com/new-jersey/food-delivery/sababa-grill/0qe1htDTQn-JNDCrdvLNTQ,fort-lee-new-jersey
https://www.ubereats.com/new-jersey/food-delivery/cinco-de-mayo-mexican-grill/HLRQgieYTsSjhysQB94Z3g,fort-lee-new-jersey
https://www.ubereats.com/new-jersey/food-delivery/moge-tee-%E6%84%BF%E8%8C%B6-fort-lee/SOI4_v69QP6f10uexKylmg,fort-lee-new-jersey
https://www.ubereats.com/new-jersey/food-delivery/dunkin-343-state-rt-17/cAnEKppeTXew3leKpsZ5aQ,fort-lee-new-jersey
https://www.ubereats.com/new-jersey/food-delivery/marks-homemade-ice-cream-delights/HqUZd21BQLKhHTliahOCEg,fort-lee-new-jersey
https://www.ubereats.com/new-jersey/food-delivery/taco-bell-171-state-rt-17/B3OiNEaMSguY-DZ-AstvSw,fort-lee-new-jersey
https://www.ubereats.com/new-jersey/food-delivery/panera-26-the-promenade/dbgHm3bDTn2FC8x6lndYRg,fort-lee-new-jersey
https://www.ubereats.com/new-jersey/food-delivery/teri-teri-edgewater/sSN7mnUGSKKNmoWl6eihAg,fort-lee-new-jersey
https://www.ubereats.com/new-jersey/food-delivery/pasquallys-pizza-%26-wings-8101-tonelle-ave/nFaoY9TvSNa4zu9tdXTaig,fort-lee-new-jersey
https://www.ubereats.com/new-jersey/food-delivery/mamouns-falafel-east-rutherford/tLYaZVVPRN-gm9KxnOPbtg,fort-lee-new-jersey
https://www.ubereats.com/new-jersey/food-delivery/ponti-rossi/25s_QvpBQ06Lae4e8Lkyfw,fort-lee-new-jersey
https://www.ubereats.com/new-jersey/food-delivery/dunkin-1091-main-st/tSUMAlo0S_uWNPlM4mTsBw,fort-lee-new-jersey
https://www.ubereats.com/new-jersey/food-delivery/burger-king-5-washington-st/ZeJaHZWdSg2Nd2NRaYt_FA,fort-lee-new-jersey
https://www.ubereats.com/new-jersey/food-delivery/green-shell/jYI11UNPQ0SuiPGpwyR-lA,fort-lee-new-jersey
https://www.ubereats.com/new-jersey/food-delivery/just-platters/wBmHLbVNTuiLQ7rUBokUDA,fort-lee-new-jersey
https://www.ubereats.com/new-jersey/food-delivery/bbq-chicken-fort-lee-nj/POuIbb7OQNeGZC32HFFjqQ,fort-lee-new-jersey
https://www.ubereats.com/new-jersey/food-delivery/blue-42/LKsAdhJvQyqqE4TaSRhTLA,fort-lee-new-jersey
https://www.ubereats.com/new-jersey/food-delivery/shanghai-restaurant/h2bE1SibR26-vEYaBYlpag,fort-lee-new-jersey
https://www.ubereats.com/new-jersey/food-delivery/el-farolito/k5hg0TrESJCFAGpb3azIjQ,fort-lee-new-jersey
https://www.ubereats.com/new-jersey/food-delivery/mangos-cafe-restaurant-west-new-york-nj/J7tmB-oHRmuQFt_I6qEWmw,fort-lee-new-jersey
https://www.ubereats.com/new-jersey/food-delivery/my-ranch-taqueria/CkJu4XaERfGFSzJPfgDoIA,fort-lee-new-jersey
https://www.ubereats.com/new-jersey/food-delivery/bings-burger/r9tmqAVcRmeoSNDj-6uhAw,fort-lee-new-jersey
https://www.ubereats.com/new-jersey/food-delivery/empanada-mania/oHGs70DZSHKY4vZkveAvWw,fort-lee-new-jersey
https://www.ubereats.com/new-jersey/food-delivery/aura-thai-kitchen/7WDQ3b63T2mTCsd11gxqxA,fort-lee-new-jersey
https://www.ubereats.com/new-jersey/food-delivery/choripan-rodizio-parrillada-argentina/2ZP76z0QTxOd_g3F7Pw-OQ,fort-lee-new-jersey
https://www.ubereats.com/new-jersey/food-delivery/dairy-queen-treat-550-broad-ave/UPuFOKX-QneKV2GHegl0FA,fort-lee-new-jersey
https://www.ubereats.com/new-jersey/food-delivery/teriyaki-one/Z40kHL66QzWbq_mK26MjAw,fort-lee-new-jersey
https://www.ubereats.com/new-jersey/food-delivery/smashmouth-burgers/AGKvtyN7RbyflAkziSuSnw,fort-lee-new-jersey
https://www.ubereats.com/new-jersey/food-delivery/dunkin-209-main-st/QxqsdPxRQZCqXSKlsHntjA,fort-lee-new-jersey
https://www.ubereats.com/new-jersey/food-delivery/its-greek-to-me/yoWN0jupQ6yHctZq4Q1TFQ,fort-lee-new-jersey
https://www.ubereats.com/new-jersey/food-delivery/sonic-156-route-17-north/-gyV9-7pQqmNQSm330sGkg,fort-lee-new-jersey
https://www.ubereats.com/new-jersey/food-delivery/big-bowls-little-plates-rutherford/Bpe7MHV4TPC0kfwg2-3QxA,fort-lee-new-jersey
https://www.ubereats.com/new-jersey/food-delivery/vitales-restaurant/3sm_VFy8SPCE40dT-A9IiA,fort-lee-new-jersey
https://www.ubereats.com/new-jersey/food-delivery/smashburger-170-essex-st-ste-1/bQ3SqPN1Q9m1YvdH_cU41Q,fort-lee-new-jersey
https://www.ubereats.com/new-jersey/food-delivery/ben-and-jerrys-riverwalk/ty0owBWhQGOE7N1jt0gkxA,fort-lee-new-jersey
https://www.ubereats.com/new-jersey/food-delivery/victors-pizza/2jyZA0SlSmGaBUaQdSOoKQ,fort-lee-new-jersey
https://www.ubereats.com/new-jersey/food-delivery/panchos-burritos-new-milford/nqYEd5mIT9qdrFqYLUm21A,fort-lee-new-jersey
https://www.ubereats.com/new-jersey/food-delivery/mei-wei-east/cwVm0vxHRySQ1GRC77X8VQ,fort-lee-new-jersey
https://www.ubereats.com/new-jersey/food-delivery/antipasti-pizza-%26-wine-bar/hDCnDNwtSnuN9gS8ZYy9_w,fort-lee-new-jersey
https://www.ubereats.com/new-jersey/food-delivery/schnitzel-%2B-englewood/KAWYi2e0Qs-fswLcAI7uSg,fort-lee-new-jersey
https://www.ubereats.com/new-jersey/food-delivery/hummus-elite/4_zKsFDeSliYoH2KnwKpmg,fort-lee-new-jersey
https://www.ubereats.com/new-jersey/food-delivery/five-guys-nj-0432-54-route-17-north/2xzF9-HLSleBwa9Ve3qFEg,fort-lee-new-jersey
https://www.ubereats.com/new-jersey/food-delivery/yalla-2go/8z4U1Z9RSB2HQnxbawPvfQ,fort-lee-new-jersey
https://www.ubereats.com/new-jersey/food-delivery/emilys-deli-and-pizzeria/nEjB3-6ySDWSvwYx4fVzfg,fort-lee-new-jersey
https://www.ubereats.com/new-jersey/food-delivery/wendys-150-north-washington-ave/9ziMDlwISXKB55gvl7OD9Q,fort-lee-new-jersey
https://www.ubereats.com/new-jersey/food-delivery/pelicana-chicken-dumont/rQ9JNc0IQ5qsbiunA1dvTg,fort-lee-new-jersey
https://www.ubereats.com/new-jersey/food-delivery/cmc-deli/lyLw1egUSfKClVfc9EElVA,fort-lee-new-jersey
https://www.ubereats.com/new-jersey/food-delivery/subway-10-meadowlands-parkway/nz8lXcr7QVWjDgKgpGYfHQ,fort-lee-new-jersey
https://www.ubereats.com/new-jersey/food-delivery/pizza-party-time/xWVQpWHRQBOGY8jjDtrqfQ,fort-lee-new-jersey
https://www.ubereats.com/new-jersey/food-delivery/namhansansung/U1MnEv0pT0y7gfzjja9Z8g,fort-lee-new-jersey
https://www.ubereats.com/new-jersey/food-delivery/sabor-criollo/-nyk8ShVQlqFEe-wU-AX3g,fort-lee-new-jersey
https://www.ubereats.com/new-jersey/food-delivery/las-maravillas-de-tulcingo-3/BGN-j_kHSmG2aL9JcyDG1w,fort-lee-new-jersey
https://www.ubereats.com/new-jersey/food-delivery/hack%22n-shack-burger/lwTsy7QGQ0CdAnwMSGJP-Q,fort-lee-new-jersey
https://www.ubereats.com/new-jersey/food-delivery/banner-deli/z0FEr8PkRFm3y-waPPX7og,fort-lee-new-jersey
https://www.ubereats.com/new-jersey/food-delivery/jumong-restaurant/6JQijoHJQveNaHusRIcURA,fort-lee-new-jersey
https://www.ubereats.com/new-jersey/food-delivery/tcby/YX_tCvK1QDeyC-AFuB1gsQ,fort-lee-new-jersey
https://www.ubereats.com/new-jersey/food-delivery/dunkin-1196-anderson-ave/mXNipMEVSza3HEttBbLqvg,fort-lee-new-jersey
https://www.ubereats.com/new-jersey/food-delivery/the-taco-shop/H8fwNqCnTbiFTe7xoTmI-Q,fort-lee-new-jersey
https://www.ubereats.com/new-jersey/food-delivery/sushi-house/dfBUUmEwQ8Oxp8_nU3Ywsw,fort-lee-new-jersey
https://www.ubereats.com/new-jersey/food-delivery/burger-king-490-u-s-route-46/M1OSfsqfSSG07q4AV3No9g,fort-lee-new-jersey
https://www.ubereats.com/new-jersey/food-delivery/harolds-new-york-deli/bCZ4FjgLQCOmUVNHDdDn4w,fort-lee-new-jersey
https://www.ubereats.com/new-jersey/food-delivery/fuki-sushi/C9lcj0Y9RVe6AM-yggOZxQ,fort-lee-new-jersey
https://www.ubereats.com/new-jersey/food-delivery/mr-brunos-pizzeria/k-FlaONtST-G1l2OuWOk3Q,fort-lee-new-jersey
https://www.ubereats.com/new-jersey/food-delivery/taqueria-los-gueros-englewood-nj/0pMO2dVuRpq8MOWJMF1Hmg,fort-lee-new-jersey
https://www.ubereats.com/new-jersey/food-delivery/ajae-budae-korean-restaurant/QvFkgS8LRduQ8cY2DzsM9g,fort-lee-new-jersey
https://www.ubereats.com/new-jersey/food-delivery/dunkin-470-broad-ave/ZIoCpsDkRimHdyjPNSTLcw,fort-lee-new-jersey
https://www.ubereats.com/new-jersey/food-delivery/circle-pizza/czs4HunZRsqUGOOHaEYl5A,fort-lee-new-jersey
https://www.ubereats.com/new-jersey/food-delivery/the-breakfast-club/6Us8wRKbT_-gOyYuglLQIg,fort-lee-new-jersey
https://www.ubereats.com/new-jersey/food-delivery/golmok-restaurant/Ylefg8CaTj-cOPZzVYlldw,fort-lee-new-jersey
https://www.ubereats.com/new-jersey/food-delivery/just-platters/hGOctzdYTkuH3ZIxZk8Y0g,fort-lee-new-jersey
https://www.ubereats.com/new-jersey/food-delivery/sarku-japan/g6wXGrWnS8ax4PMHb7fvEw,fort-lee-new-jersey
https://www.ubereats.com/new-jersey/food-delivery/jinn-ice-cream-rolls/CWzoNdVgS567JX_5C0SrYg,fort-lee-new-jersey
https://www.ubereats.com/new-jersey/food-delivery/mortons-the-steakhouse-one-riverside-square/ZUTvGduaSX2DtZgUWcFBbw,fort-lee-new-jersey
https://www.ubereats.com/new-jersey/food-delivery/jjs-own-salad-bar/WI6rVjuXRla8F3iCvGbfrw,fort-lee-new-jersey
https://www.ubereats.com/new-jersey/food-delivery/five-twelve/DROmC6t0Qx-orfuGWcEJpQ,fort-lee-new-jersey
https://www.ubereats.com/new-jersey/food-delivery/food-train/fbnTXM8cT8Cj1ceEYBLqPA,fort-lee-new-jersey
https://www.ubereats.com/new-jersey/food-delivery/ventanas-restaurant-%26-lounge/AA7H1TPGRd6Qq2_WpvfZGA,fort-lee-new-jersey
https://www.ubereats.com/new-jersey/food-delivery/hong-kong-stir-fry/CXjIOn5zS4yrT0qmXbf9Bg,fort-lee-new-jersey
https://www.ubereats.com/new-jersey/food-delivery/blimpie/95hRNU4LRpOAcYND8H2LVQ,fort-lee-new-jersey
https://www.ubereats.com/new-jersey/food-delivery/djerdan-burek-factory/BAdL_kaGQaWnf8oTGUjTUA,fort-lee-new-jersey
https://www.ubereats.com/new-jersey/food-delivery/charcoal-grill-fushion/Cv_epedMQg2lxM3lbuQlVA,fort-lee-new-jersey
https://www.ubereats.com/new-jersey/food-delivery/rosa-mexicano-riverside-square/k4LY4KzpQ8WCQutu1I24Bw,fort-lee-new-jersey
https://www.ubereats.com/new-jersey/food-delivery/parisi-deli-%26-liquors/33rQLcKGRqqqZqCksZBXLQ,fort-lee-new-jersey
https://www.ubereats.com/new-jersey/food-delivery/mamas-moussaka/3G6kaxlyRCWSxpKbKcfwYg,fort-lee-new-jersey
https://www.ubereats.com/new-jersey/food-delivery/mi-rancho/QeDcJtw_SI2kmHIExVqXBQ,fort-lee-new-jersey
https://www.ubereats.com/new-jersey/food-delivery/bean-%26-bean-coffee-fort-lee/ZgoCkmJGSYGHMOdx7u1qqQ,fort-lee-new-jersey
https://www.ubereats.com/new-jersey/food-delivery/old-san-juan-express/sYH63rKsTpedXCv2-1Ca2A,fort-lee-new-jersey
https://www.ubereats.com/new-jersey/food-delivery/pho-thai-lao-kitchen/6079L_L9Q8SoKFoBN8IzoQ,fort-lee-new-jersey
https://www.ubereats.com/new-jersey/food-delivery/pasteles-y-algo-mas/JfmaputBQQeVCsxPtoKqHQ,fort-lee-new-jersey
https://www.ubereats.com/new-jersey/food-delivery/flemings-prime-steakhouse-%26-wine-bar-edgewater/HeE3I4XbT_egizH43p5bsg,fort-lee-new-jersey
https://www.ubereats.com/new-jersey/food-delivery/gogo-sushi/Kxg4-f53QeyYuzI60lvV1Q,fort-lee-new-jersey
https://www.ubereats.com/new-jersey/food-delivery/cupcakes-by-carousel/KSIdUURQRoOREM0Uvx1IZg,fort-lee-new-jersey
https://www.ubereats.com/new-jersey/food-delivery/patisserie-florentine/BF0Hs1lbQY2-DsZz-Ffk_Q,fort-lee-new-jersey
https://www.ubereats.com/new-jersey/food-delivery/hunan-express/kwBOpxwZR2iw_MyRPTJa_A,fort-lee-new-jersey
https://www.ubereats.com/new-jersey/food-delivery/mr-bagelsworth/0tOaXPM-SQyPs-YUpgDGoA,fort-lee-new-jersey
https://www.ubereats.com/new-jersey/food-delivery/dona-antonina-restaurant/oVns2h-4T0-BzmUFsL9I-g,fort-lee-new-jersey
https://www.ubereats.com/new-jersey/food-delivery/organicnaturebowls/O5cACjpCRkmYeYXpql80vA,fort-lee-new-jersey
https://www.ubereats.com/new-jersey/food-delivery/snap-stop/zhgDj7G3QLmFurbQWAZ9CA,fort-lee-new-jersey
https://www.ubereats.com/new-jersey/food-delivery/cafe-metro/hFSHRbKVSXq-z_0F6r7lvQ,fort-lee-new-jersey
https://www.ubereats.com/new-jersey/food-delivery/dumpling-den-fort-lee-nj/4n2OvlSNRi28-cew3Qr1Fw,fort-lee-new-jersey
https://www.ubereats.com/new-jersey/food-delivery/dong-fang-chuan-dian-bbq-restaurant/S1aE3NLdSAq2sg-MUgQvxw,fort-lee-new-jersey
https://www.ubereats.com/new-jersey/food-delivery/isla-bonita/_eq2A5cJRPOWQPJ8VcbMcA,fort-lee-new-jersey
https://www.ubereats.com/new-jersey/food-delivery/burgerim-477-s-washington-ave/NuJVL9DoSseNhCUPP9LN2g,fort-lee-new-jersey
https://www.ubereats.com/new-jersey/food-delivery/dunkin-440-veterans-blvd/d-hH8HQjRRqiNj2QnA6Ahg,fort-lee-new-jersey
https://www.ubereats.com/new-jersey/food-delivery/hong-kong-restaurant/1hrcKmgORleJieDgIhec3w,fort-lee-new-jersey
https://www.ubereats.com/new-jersey/food-delivery/little-italy-%40-grand-and-essex-market/Wz7PcH3pTZ2OMVv-imgWLA,fort-lee-new-jersey
https://www.ubereats.com/new-jersey/food-delivery/kouzina/7wybVdXLRn-rgzEUY6bB9Q,fort-lee-new-jersey
https://www.ubereats.com/new-jersey/food-delivery/trova-cuban-cafe/RZkuHvq3TxKcbqPYjoPOvw,fort-lee-new-jersey
https://www.ubereats.com/new-jersey/food-delivery/vitos-bakery-deli/93Fm0cZlTOWmX3C5ytM18w,fort-lee-new-jersey
https://www.ubereats.com/new-jersey/food-delivery/j-%26-g-deli-and-market/cOLLU_okQYyKFcSelUrqwA,fort-lee-new-jersey
https://www.ubereats.com/new-jersey/food-delivery/viva-margarita/yWeLgKTJTqGXlU6c8ieWaQ,fort-lee-new-jersey
https://www.ubereats.com/new-jersey/food-delivery/aj-sushi/VlpBFwBsS9uCbEtVFcgTSA,fort-lee-new-jersey
https://www.ubereats.com/new-jersey/food-delivery/bonchon-chicken-2467-lemoine-ave/f4G_SoFCQqGiHlae9NDoOw,fort-lee-new-jersey
https://www.ubereats.com/new-jersey/food-delivery/pintxo-y-tapas/KfExvVH3RjGAhVlMFvhvGg,fort-lee-new-jersey
https://www.ubereats.com/new-jersey/food-delivery/yasou-paros/EpLy0l4LSiapbWElBlbF-w,fort-lee-new-jersey
https://www.ubereats.com/new-jersey/food-delivery/a-taste-of-sicily/N9K9ygeJR9KwFTlGKbKrAQ,fort-lee-new-jersey
https://www.ubereats.com/new-jersey/food-delivery/crab-du-jour-north-bergen/ro3sKfA8SE-1OaWF7yLn2A,fort-lee-new-jersey
https://www.ubereats.com/new-jersey/food-delivery/popeyes-carlstadt/Xi14C2qtS82WwatnGDsZ7Q,fort-lee-new-jersey
https://www.ubereats.com/new-jersey/food-delivery/nihon-kai-japanese-restaurant/aUjDxmOhTaCUhFr5lrSgVQ,fort-lee-new-jersey
https://www.ubereats.com/new-jersey/food-delivery/wingstop-415-s-washington-ave/ubjqkXUiTO-TqoxHWBqQeA,fort-lee-new-jersey
https://www.ubereats.com/new-jersey/food-delivery/sumo-tao-sushi/UgiTUxqnTRKxKX0aFPdkQg,fort-lee-new-jersey
https://www.ubereats.com/new-jersey/food-delivery/q-tea-tapas/rqIcp7LrTv-bjYi9t6Rofw,fort-lee-new-jersey
https://www.ubereats.com/new-jersey/food-delivery/palermos-bakery-ridgefield-park/GND2qyKXQ2yKXaQdmagtUw,fort-lee-new-jersey
https://www.ubereats.com/new-jersey/food-delivery/pollo-supremo-west-new-york/UZG1me0eSyGSPT33s7GTaw,fort-lee-new-jersey
https://www.ubereats.com/new-jersey/food-delivery/14-parish-caribbean-kitchen/REF_T3dBTbyEciliojJE_A,fort-lee-new-jersey
https://www.ubereats.com/new-jersey/food-delivery/carvel-240-south-summit-avenue/FXIEjLl4RgqOJvcDuoKa3g,fort-lee-new-jersey
https://www.ubereats.com/new-jersey/food-delivery/the-ice-cream-shop/Xm2NCoZlTeqvXu_NwA2P-g,fort-lee-new-jersey
https://www.ubereats.com/new-jersey/food-delivery/dunkin-427-anderson-ave/X6JeKwluTo2b6lPNTsvrHA,fort-lee-new-jersey
https://www.ubereats.com/new-jersey/food-delivery/nikkis-bar-%26-grill/KQBUsK8NQLCrXdi4uqsaxw,fort-lee-new-jersey
https://www.ubereats.com/new-jersey/food-delivery/tenafly-classic-diner/mfxCSfpTQG-g3oqbXzkUhQ,fort-lee-new-jersey
https://www.ubereats.com/new-jersey/food-delivery/al-saidah-supermarket/f8cAi7-fQ_GGISxFRi2vFw,fort-lee-new-jersey
https://www.ubereats.com/new-jersey/food-delivery/cinar-turkish-restaurant-cliffside-park/YVzHxHtRTL--lkqaUplwNw,fort-lee-new-jersey
https://www.ubereats.com/new-jersey/food-delivery/sabor-a-veracruz-west-new-york/U5DFKFv9TBiiAn0bNFa4mQ,fort-lee-new-jersey
https://www.ubereats.com/new-jersey/food-delivery/la-mezza-restaurant/YfiyTs8HThSDLpu5w3g1bw,fort-lee-new-jersey
https://www.ubereats.com/new-jersey/food-delivery/bv-tuscany-italian-restaurant/24kLXsKTTj-3y7K2vzhmGw,fort-lee-new-jersey
https://www.ubereats.com/new-jersey/food-delivery/son-ja-jang-restaurant/Legt_psfQOmczxOEDWCSmw,fort-lee-new-jersey
https://www.ubereats.com/new-jersey/food-delivery/eggty8-cafe/sBBhiTOITp-V9YBFdxSs1Q,fort-lee-new-jersey
https://www.ubereats.com/new-jersey/food-delivery/kungfu-crab/BtFjQwDbTYeWmoKtgEctVw,fort-lee-new-jersey
https://www.ubereats.com/new-jersey/food-delivery/delicias-dominican-bakery/Rg6BcK46Q7CjBmqefCGPBw,fort-lee-new-jersey
https://www.ubereats.com/new-jersey/food-delivery/ma-mi-eatery/yiYO1-6gR9amxwFpougR5Q,fort-lee-new-jersey
https://www.ubereats.com/new-jersey/food-delivery/jade-gourmet/xpExGBwOSou7a50r0AgQBg,fort-lee-new-jersey
https://www.ubereats.com/new-jersey/food-delivery/poke-aloha/eqFIaPnbTkSy7_psbtfWow,fort-lee-new-jersey
https://www.ubereats.com/new-jersey/food-delivery/dunkin-758-paterson-plank-rd/qeqqykVZQHC2oE40oQUMjQ,fort-lee-new-jersey
https://www.ubereats.com/new-jersey/food-delivery/koko-loko-coffee/9v3yYM7nRVSlSoB03TRCdw,fort-lee-new-jersey
https://www.ubereats.com/new-jersey/food-delivery/dolce-%26-salato/GYnKpNJAQDiQ5nreidD37Q,fort-lee-new-jersey
https://www.ubereats.com/new-jersey/food-delivery/china-house-delivery/xk-3iX4UQz2TrCfWThsVcA,fort-lee-new-jersey
https://www.ubereats.com/new-jersey/food-delivery/dairy-queen-treat-272-liberty-ave/kQHP649SRmGWca-hXYTk5Q,fort-lee-new-jersey
https://www.ubereats.com/new-jersey/food-delivery/porto-wood-burning-pizza-%26-pasta/CiamGw--QzepLgDo9MrGjQ,fort-lee-new-jersey
https://www.ubereats.com/new-jersey/food-delivery/wendys-359-rt-17-south/achqwzI_S6uJp-kw70jk9g,fort-lee-new-jersey
https://www.ubereats.com/new-jersey/food-delivery/brazeiro-churrascaria/ozKUSkdpRdSvmVv1MwrElw,fort-lee-new-jersey
https://www.ubereats.com/new-jersey/food-delivery/dumpling-house/diRSIyj2S9WPNLx7HKnwWg,fort-lee-new-jersey
https://www.ubereats.com/new-jersey/food-delivery/takayama-sushi-steakhouse/GrAWhf9HQoiTyfuBKWfyxQ,fort-lee-new-jersey
https://www.ubereats.com/new-jersey/food-delivery/fitcook-meals/Uf1d3ay0RpGSaL2G2o2Lwg,fort-lee-new-jersey
https://www.ubereats.com/new-jersey/food-delivery/chock-full-o-nuts/8fU6DNFfR-aLzzQvWDREqQ,fort-lee-new-jersey
https://www.ubereats.com/new-jersey/food-delivery/you-chun/ypXwG-3CQF6NxoTkpWjqwA,fort-lee-new-jersey
https://www.ubereats.com/new-jersey/food-delivery/cafe-angelique/03DX5sCmSfOFik5zhVNxdA,fort-lee-new-jersey
https://www.ubereats.com/new-jersey/food-delivery/wings-and-burger-zone/lNbVygB3ROSpnyBy8rbJww,fort-lee-new-jersey
https://www.ubereats.com/new-jersey/food-delivery/donichi/WZA5MjZGRj6YlrwD7cmiMg,fort-lee-new-jersey
https://www.ubereats.com/new-jersey/food-delivery/burger-king-684-river-road/SPCNK3mqTLOpL0EunXYKBQ,fort-lee-new-jersey
https://www.ubereats.com/new-jersey/food-delivery/big-bowls-little-plates-h-mart-paramus/sA5u6YYrQfS8hA7zEuql3g,fort-lee-new-jersey
https://www.ubereats.com/new-jersey/food-delivery/dunkin-39-w-palisade-ave/sPM4k74ES_aejTxbO-jaTQ,fort-lee-new-jersey
https://www.ubereats.com/new-jersey/food-delivery/el-turco-grill/qOw_N8adQtaXy-Ex8wH9Iw,fort-lee-new-jersey
https://www.ubereats.com/new-jersey/food-delivery/hakki-baba-mediterranean-restaurant/Nz0qEM3CQEevrfC0GrjNyg,fort-lee-new-jersey
https://www.ubereats.com/new-jersey/food-delivery/on-the-border-paramus/4fB9AsHjQ16h1MjuDuG8ZQ,fort-lee-new-jersey
https://www.ubereats.com/new-jersey/food-delivery/starbucks-rte-46-w-little-ferry/U-aYge7DTx-8uVprWX5PfQ,fort-lee-new-jersey
https://www.ubereats.com/new-jersey/food-delivery/napoli-pizza-%26-restaurant/jru1CwgaTSmImO_wpCywTw,fort-lee-new-jersey
https://www.ubereats.com/new-jersey/food-delivery/el-carreton-de-ernesto/rJTLg3q7RfCxtCvenwAwkA,fort-lee-new-jersey
https://www.ubereats.com/new-jersey/food-delivery/avos-grill/RiQ9fpbQSIOm5mMThxCAdg,fort-lee-new-jersey
https://www.ubereats.com/new-jersey/food-delivery/sal-%26-pimienta-colombian-restaurant/R-iCfZkPT_q71zQKTlVcaw,fort-lee-new-jersey
https://www.ubereats.com/new-jersey/food-delivery/daisys-grill/oANXkc4IR4qzJ-Lz36XbTw,fort-lee-new-jersey
https://www.ubereats.com/new-jersey/food-delivery/pollos-mario/Un4ygGlOR3evtaCLXziNHQ,fort-lee-new-jersey
https://www.ubereats.com/new-jersey/food-delivery/yumyum-tex-mex-bagel-cafe/qW8dzjTnQZa_DfS88XtUYg,fort-lee-new-jersey
https://www.ubereats.com/new-jersey/food-delivery/subway-559-cedar-ln/GtwVltRoQA6HYbpinMHzpQ,fort-lee-new-jersey
https://www.ubereats.com/new-jersey/food-delivery/karma-kafe/GW4o_5QCQNSRPFLD2INMdA,fort-lee-new-jersey
https://www.ubereats.com/new-jersey/food-delivery/jersey-mikes-subs-rochelle-park/i-_hF59HRnCa0clEn_Fu7w,fort-lee-new-jersey
https://www.ubereats.com/new-jersey/food-delivery/chipotle-mexican-grill-14-the-promenade/Z8x1a7v-SNq9I10iVpPQ-g,fort-lee-new-jersey
https://www.ubereats.com/new-jersey/food-delivery/madang/mDOa48EKRcmb0YVvuIBmcw,fort-lee-new-jersey
https://www.ubereats.com/new-jersey/food-delivery/roast-cafe-%26-bistro/gRZDfI1JTtyJwNQXOweWzQ,fort-lee-new-jersey
https://www.ubereats.com/new-jersey/food-delivery/to-sok-chon/WKtvxq_nRee5F9Z8uKRZLw,fort-lee-new-jersey
https://www.ubereats.com/new-jersey/food-delivery/mcdonalds-river-edge-main/9qj0fJhlTjOrU0FoQ4VjPg,fort-lee-new-jersey
https://www.ubereats.com/new-jersey/food-delivery/panera-10-sterling-boulevard/nRSQbxClQLavEhTB7us4mA,fort-lee-new-jersey
https://www.ubereats.com/new-jersey/food-delivery/boston-market-1605-lemoine-avenue/4D5KzyjVShyzMOTtZ33ATg,fort-lee-new-jersey
https://www.ubereats.com/new-jersey/food-delivery/cocohodo-palisades-park/hCbcM6-xRQ2J1yMVlnVjCQ,fort-lee-new-jersey
https://www.ubereats.com/new-jersey/food-delivery/beyti/86unRLUoQP6eg16huFNDoA,fort-lee-new-jersey
https://www.ubereats.com/new-jersey/food-delivery/wendys-420-us-highway-46/GvwOpwLoQnWJpSD3yytFcQ,fort-lee-new-jersey
https://www.ubereats.com/new-jersey/food-delivery/gong-cha-palisades-park/pzRAFRD8TyKOKA-6Jn0p-Q,fort-lee-new-jersey
https://www.ubereats.com/new-jersey/food-delivery/wawa-8326-150-essex-street/scnlL5L8TZ2VjKXBMoIGwQ,fort-lee-new-jersey
https://www.ubereats.com/new-jersey/food-delivery/gamja-tang-tang/6TOJU3_6T4OQd8bpGBitew,fort-lee-new-jersey
https://www.ubereats.com/new-jersey/food-delivery/five-stars-thai-cuisine/hp9UMWBPSFasCFQDnJ_bqQ,fort-lee-new-jersey
https://www.ubereats.com/new-jersey/food-delivery/halal-boyz/d_CmrQPyS0-zGTmpxaYYnQ,fort-lee-new-jersey
https://www.ubereats.com/new-jersey/food-delivery/starbucks-fort-lee-route-4-e/UyKLe2RPTnOD8XLRjpaMSg,fort-lee-new-jersey
https://www.ubereats.com/new-jersey/food-delivery/romano-pizza/kyMTGJjjTC6we1VyENOM5w,fort-lee-new-jersey
https://www.ubereats.com/new-jersey/food-delivery/meatball-house/BbHz_YSvSDuXc2l0OyYi3Q,fort-lee-new-jersey
https://www.ubereats.com/new-jersey/food-delivery/cafe-mekan/uIZeP-C0TemwmsvPcM6qcw,fort-lee-new-jersey
https://www.ubereats.com/new-jersey/food-delivery/hudson-bread-cafe/-Z1X05uQRxmTXdmt3wJidQ,fort-lee-new-jersey
https://www.ubereats.com/new-jersey/food-delivery/el-piloncito/ovs_RXnIQaKW28PY1AgtVQ,fort-lee-new-jersey
https://www.ubereats.com/new-jersey/food-delivery/dunkin-220-state-rt-17/igjHnMgJRkmd0rWMVYtdCQ,fort-lee-new-jersey
https://www.ubereats.com/new-jersey/food-delivery/rebar-%26-kitchen/Q7cpolI6RamS2jVrX3JM4A,fort-lee-new-jersey
https://www.ubereats.com/new-jersey/food-delivery/food-avenue/AUc8Ytr7Qqi7-ZHoNqVGcw,fort-lee-new-jersey
https://www.ubereats.com/new-jersey/food-delivery/pf-changs-390-hackensack-ave-suite-50/N2P5QPT-S_6EKw68lC0m_w,fort-lee-new-jersey
https://www.ubereats.com/new-jersey/food-delivery/mr-franks-llc/xQ2GQwj0TmuSX5RTeEBi1A,fort-lee-new-jersey
https://www.ubereats.com/new-jersey/food-delivery/henrys-pizzeria-restaurant/vg2Z2QF7SZaXJh2PZgiBpQ,fort-lee-new-jersey
https://www.ubereats.com/new-jersey/food-delivery/dunkin-296-mclean-ave/I0P86aMlREi0CnkYsYRc7A,fort-lee-new-jersey
https://www.ubereats.com/new-jersey/food-delivery/torino-pizzeria-restaurant/y9Vm0W-SQyKVovTlJBPg1Q,fort-lee-new-jersey
https://www.ubereats.com/new-jersey/food-delivery/beyoglu-grill/GWb2DNagQieNCWhHDJaqBA,fort-lee-new-jersey
https://www.ubereats.com/new-jersey/food-delivery/soupdumplingplus/k4MQo-hIRWSFmLjjN-vO2g,fort-lee-new-jersey
https://www.ubereats.com/new-jersey/food-delivery/lians-kitchen/3YGW0K33Rn6_5ZheB1ULqg,fort-lee-new-jersey
https://www.ubereats.com/new-jersey/food-delivery/tomo/SK_aiM78TP6eTJOWli6Qbg,fort-lee-new-jersey
https://www.ubereats.com/new-jersey/food-delivery/dong-hae-susan-%EB%8F%99%ED%95%B4%EC%9D%BC%EC%8B%9D/vIEqD-OkQ-KXnqCSLL8k_A,fort-lee-new-jersey
https://www.ubereats.com/new-jersey/food-delivery/meadowlands-diner/BniRXyBnTQ6qXbSiTwcfkA,fort-lee-new-jersey
https://www.ubereats.com/new-jersey/food-delivery/el-malecon/FAvhHa6DQXuZ8rGDcNjUMg,fort-lee-new-jersey
https://www.ubereats.com/new-jersey/food-delivery/taco-bell-415-south-washington-ave/gZwrQTfjSSq1ucRDPt4fcQ,fort-lee-new-jersey
https://www.ubereats.com/new-jersey/food-delivery/metropolitan-cafe/2OHjljOCRICWGaNJ5WwwhQ,fort-lee-new-jersey
https://www.ubereats.com/new-jersey/food-delivery/charritos-restaurant/RSguIdWxQW6nKlL3T2wcbQ,fort-lee-new-jersey
https://www.ubereats.com/new-jersey/food-delivery/red-white-and-pasta/SBqw05zgRkqsv8P2Ox76hg,fort-lee-new-jersey
https://www.ubereats.com/new-jersey/food-delivery/carvel-6121-bergenline-ave/kYzDbhf5S5aQd3f366O0QQ,fort-lee-new-jersey
https://www.ubereats.com/new-jersey/food-delivery/kabob-on-the-cliff/tdVM1-uHSr29FaBbtYmgQg,fort-lee-new-jersey
https://www.ubereats.com/new-jersey/food-delivery/pizza-pros/M7cPHWX5QLu9Ymn9ZMxS2Q,fort-lee-new-jersey
https://www.ubereats.com/new-jersey/food-delivery/di-marias-deli/nG4Qn0NLRoaKN-NbDg0XRA,fort-lee-new-jersey
https://www.ubereats.com/new-jersey/food-delivery/rispoli-pastry-shop-ridgefield/XLIba83rTZu_rwnMIKQMcw,fort-lee-new-jersey
https://www.ubereats.com/new-jersey/food-delivery/jersey-mikes-subs-50-route-17-north/v3OY105vSeCutZvMqiu_eg,fort-lee-new-jersey
https://www.ubereats.com/new-jersey/food-delivery/bbq-chicken-palisades-park-nj/QknzzXoRTGixjkeTgsoORQ,fort-lee-new-jersey
https://www.ubereats.com/new-jersey/food-delivery/kudo-society-cafe/3FP57jaiQ_a-hmItHm5KOg,fort-lee-new-jersey
https://www.ubereats.com/new-jersey/food-delivery/cafe-luna/n0AloRdbTdesLxU3cudsog,fort-lee-new-jersey
https://www.ubereats.com/new-jersey/food-delivery/red-kettle-coffee-house/y2exhDBpSSGkIjE3qewgSQ,fort-lee-new-jersey
https://www.ubereats.com/new-jersey/food-delivery/blarney-station-irish-pub/dtnXKFQlQfqVwbpSDal53w,fort-lee-new-jersey
https://www.ubereats.com/new-jersey/food-delivery/chapala-grill/S7KyxWfGRRu_UidO3ra_Jw,fort-lee-new-jersey
https://www.ubereats.com/new-jersey/food-delivery/millers-bakery-cliffside-park/1KOjSUMCRPSeHEj5q3MI8Q,fort-lee-new-jersey
https://www.ubereats.com/new-jersey/food-delivery/starbucks-lemoine-ave/YK5p7p4YT7mVtAqLqnK88Q,fort-lee-new-jersey
https://www.ubereats.com/new-jersey/food-delivery/planted-eats/4sD1CSlwRtO3FsXZ1BAa5Q,fort-lee-new-jersey
https://www.ubereats.com/new-jersey/food-delivery/ihop-610-cedar-lane/g54wPrQnSce5lVpZ4sdE8w,fort-lee-new-jersey
https://www.ubereats.com/new-jersey/food-delivery/new-golden-city/orEwW6o7Rpmdk0rpXE7EUA,fort-lee-new-jersey
https://www.ubereats.com/new-jersey/food-delivery/dunkin-9001-bergenline-ave/xZFH57bORECfWG4GPq1tIA,fort-lee-new-jersey
https://www.ubereats.com/new-jersey/food-delivery/prestos-new-york-%231/I4oNF7Q6S5Oa8Un83xMt1g,fort-lee-new-jersey
https://www.ubereats.com/new-jersey/food-delivery/hunkar-turkish-mediterranean-kebab-house/eIbpy-EvS7ig-wfLHgoyrw,fort-lee-new-jersey
https://www.ubereats.com/new-jersey/food-delivery/dunkin-250-bergen-tpke/C805SYiAQmWsSsPWqAjqHg,fort-lee-new-jersey
https://www.ubereats.com/new-jersey/food-delivery/the-beer-spot-%26-grill/sgOFH_rUQj-Cb3NMsnST_Q,fort-lee-new-jersey
https://www.ubereats.com/new-jersey/food-delivery/la-casa-del-buen-sabor/-Qb0Twj1RDKR4Y5Jxd99-Q,fort-lee-new-jersey
https://www.ubereats.com/new-jersey/food-delivery/visentini-brothers/vJo_peRpQFqfjBrnoSZhRg,fort-lee-new-jersey
https://www.ubereats.com/new-jersey/food-delivery/chipotle-mexican-grill-134-linwood-plz/vE0ULbDyTbm_4d42lDpT8g,fort-lee-new-jersey
https://www.ubereats.com/new-jersey/food-delivery/just-wing-it/O7_KR2xyRjyt5qjx5CbC0Q,fort-lee-new-jersey
https://www.ubereats.com/new-jersey/food-delivery/same-burrito-9ine/L23Q0wysQoCwzUuYNhk9pA,fort-lee-new-jersey
https://www.ubereats.com/new-jersey/food-delivery/namaste-fusion/DfN9rptZRlyu8MUO7f4fFw,fort-lee-new-jersey
https://www.ubereats.com/new-jersey/food-delivery/dipped-doughnuts/hENwvv-ZRiSVb-LizVpkrw,fort-lee-new-jersey
https://www.ubereats.com/new-jersey/food-delivery/pier-115-bar-and-grill/M1QjYy1OSIC2e2BRUJYpTw,fort-lee-new-jersey
https://www.ubereats.com/new-jersey/food-delivery/philly-steak-house/WM_ZTSHsQQmkDhR0CLm7Cg,fort-lee-new-jersey
https://www.ubereats.com/new-jersey/food-delivery/big-papa-smokem-bbq/sGr76GXWTx6fLUlqYlEMxw,fort-lee-new-jersey
https://www.ubereats.com/new-jersey/food-delivery/j-maru-sushi/xoxcP8pzS8iXdOPksVIVVA,fort-lee-new-jersey
https://www.ubereats.com/new-jersey/food-delivery/lotus-thai-cuisine/6tuxrNc3SsSljJfFd5Wu9w,fort-lee-new-jersey
https://www.ubereats.com/new-jersey/food-delivery/lolitas-mexican-cantina/NBGJTgX6RxObAhlj6XKfyQ,fort-lee-new-jersey
https://www.ubereats.com/new-jersey/food-delivery/dunkin-1430-route-46-east/x2Z1Hn7iTnqE53UIfj-8LQ,fort-lee-new-jersey
https://www.ubereats.com/new-jersey/food-delivery/tabouli-pizza/6eQ4DCGDSHKtm-CNEVL4Bw,fort-lee-new-jersey
https://www.ubereats.com/new-jersey/food-delivery/snack-stop/fGDpuWlLQqS9TfBWREYotw,fort-lee-new-jersey
https://www.ubereats.com/new-jersey/food-delivery/villa-de-colombia/nOfcgMV4SDO-KxfbIYbEWA,fort-lee-new-jersey
https://www.ubereats.com/new-jersey/food-delivery/lets-go-healthy-with-platter-king/ewwl94HdRuyqtg0udOvwog,fort-lee-new-jersey
https://www.ubereats.com/new-jersey/food-delivery/piazza-di-pizza/rsIJbNhIQLu7qrE2EwD5qA,fort-lee-new-jersey
https://www.ubereats.com/new-jersey/food-delivery/sweet-berry-bowls-englewood/4JiJ-MzMQR6CBRN9pw6DOg,fort-lee-new-jersey
https://www.ubereats.com/new-jersey/food-delivery/merge-cafe/8FelxsevQLG4OFE25g4pcw,fort-lee-new-jersey
https://www.ubereats.com/new-jersey/food-delivery/jersey-mikes-2151-lemoine-avenue/Sk02MU6bTm2tM1gGj6l6bA,fort-lee-new-jersey
https://www.ubereats.com/new-jersey/food-delivery/five-guys-nj-1643-45-river-rd/zHxm2l4ATDqMOpyhzhbJQw,fort-lee-new-jersey
https://www.ubereats.com/new-jersey/food-delivery/china-palace/Nb-ITvj9TkSYm7Qs8_VDhA,fort-lee-new-jersey
https://www.ubereats.com/new-jersey/food-delivery/cafe-amore-caterers/MBQHEKatQcuGl0y0vagocQ,fort-lee-new-jersey
https://www.ubereats.com/new-jersey/food-delivery/baumgarts-cafe-edgewater/7_aK1kOfQky8Ebb2qS7ygg,fort-lee-new-jersey
https://www.ubereats.com/new-jersey/food-delivery/jade-garden/QIy5nIbBS6aXviWzZNteuA,fort-lee-new-jersey
https://www.ubereats.com/new-jersey/food-delivery/new-east-chinese-restaurant/0MLN_f_4SWyBkhP_SXgB1w,fort-lee-new-jersey
https://www.ubereats.com/new-jersey/food-delivery/jerkd-kitchen/AaSsLS4cTGeHo3AzmQRbSg,fort-lee-new-jersey
https://www.ubereats.com/new-jersey/food-delivery/blue-moon-mexican-cafe-englewood/p6EL9FfGSoKc3nqsYWIy0g,fort-lee-new-jersey
https://www.ubereats.com/new-jersey/food-delivery/bohemia-restaurant/b0vpnr-VRZSchh6ie9AArw,fort-lee-new-jersey
https://www.ubereats.com/new-jersey/food-delivery/starbucks-west-new-york/qFM9PwHRS0ijWO7-jfgM6w,fort-lee-new-jersey
https://www.ubereats.com/new-jersey/food-delivery/ridgefield-park-liquor-%26-deli/wVIe5mIYREWRFlf36d8Mmw,fort-lee-new-jersey
https://www.ubereats.com/new-jersey/food-delivery/dunkin-344-route-4-east/WK_R3v6nSSuUHiBZAz0iuw,fort-lee-new-jersey
https://www.ubereats.com/new-jersey/food-delivery/firehouse-subs-41-w-palisade-ave/rEERCXx1RAiCwnPTeu9MRQ,fort-lee-new-jersey
https://www.ubereats.com/new-jersey/food-delivery/natuream-pizza/HFNEPwKqR4em18vxWqPaSw,fort-lee-new-jersey
https://www.ubereats.com/new-jersey/food-delivery/family-grocery-%26-deli/K48F9rvlRhqNBW6DtDYt1A,fort-lee-new-jersey
https://www.ubereats.com/new-jersey/food-delivery/noches-de-colombia-south-hackensack-nj/uZTpbajzQF2IjPfdSq4n6w,fort-lee-new-jersey
https://www.ubereats.com/new-jersey/food-delivery/sals-pizzeria/A-qYm1czRJ6HYelwWu63Qg,fort-lee-new-jersey
https://www.ubereats.com/new-jersey/food-delivery/chicken-supreme-hackensack/f9VgnYFGR86u1wGWw8FXlg,fort-lee-new-jersey
https://www.ubereats.com/new-jersey/food-delivery/saigon-kitchen/MbGbzImSTLGKdoqG2dbF9g,fort-lee-new-jersey
https://www.ubereats.com/new-jersey/food-delivery/88-rice-shop/SXCM1jYtS4Wa2jVnHThHQA,fort-lee-new-jersey
https://www.ubereats.com/new-jersey/food-delivery/paulas-soul-food-cafe/u9xk9YMzQF2brzpQ-j_RKQ,fort-lee-new-jersey
https://www.ubereats.com/new-jersey/food-delivery/auntie-annes-north-bergen/62OmvegyQUivPH4Tkn9_Tw,fort-lee-new-jersey
https://www.ubereats.com/new-jersey/food-delivery/papa-johns-pizza-%233743/A5ianQmqTDyHB9YnLEeIdw,fort-lee-new-jersey
https://www.ubereats.com/new-jersey/food-delivery/jersey-meatball/YWQloHWLSX2gJwPpJn5GjA,fort-lee-new-jersey
https://www.ubereats.com/new-jersey/food-delivery/red-lobster-211-route-17-s/2ZIcvAbATDGb3uRJE9k9LA,fort-lee-new-jersey
https://www.ubereats.com/new-jersey/food-delivery/saray-cuisine/ZhO3ca20QgO5zV5JeEBiTA,fort-lee-new-jersey
https://www.ubereats.com/new-jersey/food-delivery/killer-wings/Gpsg8N0dSZOxyz3hdf2rjw,fort-lee-new-jersey
https://www.ubereats.com/new-jersey/food-delivery/good-eats-charcoal-grill/9IZyk5MITpyCNHgEXkKoxA,fort-lee-new-jersey
https://www.ubereats.com/new-jersey/food-delivery/donnagios/3DTdPKmgQeqvU5yKyI_JuA,fort-lee-new-jersey
https://www.ubereats.com/new-jersey/food-delivery/sweet-churros/cFmZKLl9TnKCOyF5Y1uCWw,fort-lee-new-jersey
https://www.ubereats.com/new-jersey/food-delivery/dinos-bar-and-grill/zPdnZ0MsS5-GLqEGzrat6g,fort-lee-new-jersey
https://www.ubereats.com/new-jersey/food-delivery/kfc-585-cedar-ln/6xa6Za4pSiaEFawG1cy8aw,fort-lee-new-jersey
https://www.ubereats.com/new-jersey/food-delivery/wayback-burger-302-rt-46/Wpv6Z1zgRmeNl5bfJShTXQ,fort-lee-new-jersey
https://www.ubereats.com/new-jersey/food-delivery/reginas-steakhouse-and-grill/EoeunHeyQo2F4SdT1zC_Cg,fort-lee-new-jersey
https://www.ubereats.com/new-jersey/food-delivery/popeyes-east-paramus/wERoxfTcSRaS30bjoxV5WA,fort-lee-new-jersey
https://www.ubereats.com/new-jersey/food-delivery/cuomo-%26-sons/NUnZxMCNSk2MDj9ZzWRn8g,fort-lee-new-jersey
https://www.ubereats.com/new-jersey/food-delivery/spring-tree-bagels/wZnq_Jf0Swet3HaaExS4nA,fort-lee-new-jersey
https://www.ubereats.com/new-jersey/food-delivery/sams-bagels-%26-cafe/qoB7aJncRRyFGatjIIsAjw,fort-lee-new-jersey
https://www.ubereats.com/new-jersey/food-delivery/the-oceanaire-seafood-room-175-riverside-square/ATepnwphSIqg6pV-AL71Hg,fort-lee-new-jersey
https://www.ubereats.com/new-jersey/food-delivery/great-wall-chinese-restaurant/Er7lKmV4QEWQwgtXPuPswQ,fort-lee-new-jersey
https://www.ubereats.com/new-jersey/food-delivery/bogota-chinese-kitchen-bogota/f0qny4mzTH20hAgKdQEQ4w,fort-lee-new-jersey
https://www.ubereats.com/new-jersey/food-delivery/millers-bakery/nF6x_Ze6RxyPeuc7AO_bdA,fort-lee-new-jersey
https://www.ubereats.com/new-jersey/food-delivery/hai-sing-chinese-restaurant/m2pWWr5ETdO-5mnxNi0Q5A,fort-lee-new-jersey
https://www.ubereats.com/new-jersey/food-delivery/port-of-call/lW-MUuZkSQ2P4KdZfx2UUQ,fort-lee-new-jersey
https://www.ubereats.com/new-jersey/food-delivery/doner-xpress/a9pNBcUnQIWPGKqtzZAXNw,fort-lee-new-jersey
https://www.ubereats.com/new-jersey/food-delivery/rudra-indian-bistro/Ku2-nHmUS5G7Sl5fIDW_nw,fort-lee-new-jersey
https://www.ubereats.com/new-jersey/food-delivery/jade-lee-kitchen/TFlrBWjuT-SwbpZB8-mslw,fort-lee-new-jersey
https://www.ubereats.com/new-jersey/food-delivery/splash-poke/Y_i5BrRDRn-MTCR5Ut0Sgw,fort-lee-new-jersey
https://www.ubereats.com/new-jersey/food-delivery/fuxingmei-sushi-house/MOK4iVUASYeHssY7GImcNQ,fort-lee-new-jersey
https://www.ubereats.com/new-jersey/food-delivery/gina-the-baker/2d8XUi6fRiyrui_vzVRklg,fort-lee-new-jersey
https://www.ubereats.com/new-jersey/food-delivery/juicy!-platters-halal-hackensack/dLu6heQWQMGSDMMyALuxiA,fort-lee-new-jersey
https://www.ubereats.com/new-jersey/food-delivery/punta-cana-restaurant/KPFrQwrKRsWVHOSn0zeorg,fort-lee-new-jersey
https://www.ubereats.com/new-jersey/food-delivery/lucky-roll-ice-cream-and-boba/_Kt7VhNKTeyytMf-Kq04Mg,fort-lee-new-jersey
https://www.ubereats.com/new-jersey/food-delivery/ihop-141-n-dean-st-englewood/49m0XkXHTK2QM4uS1Lh46g,fort-lee-new-jersey
https://www.ubereats.com/new-jersey/food-delivery/palma-kitchen/lzmawCJPTiuVNXKGshDWMg,fort-lee-new-jersey
https://www.ubereats.com/new-jersey/food-delivery/sgd-tofu-korean-bbq/ZwWBD38tQqmuN4CoP8VQfQ,fort-lee-new-jersey
https://www.ubereats.com/new-jersey/food-delivery/mcdonalds-289-bergen-blvd/bIqvFKFUSqel1xuLntebfQ,fort-lee-new-jersey
https://www.ubereats.com/new-jersey/food-delivery/art-of-spice/1wVH1EJ4TRCAWHkYwR98Gg,fort-lee-new-jersey
https://www.ubereats.com/new-jersey/food-delivery/its-greek-to-me-cliffside-park/Qo5t7TQyQp-NwyqcM5muFQ,fort-lee-new-jersey
https://www.ubereats.com/new-jersey/food-delivery/corner-cafe/U1TTygg5TKGGg43x-gw63w,fort-lee-new-jersey
https://www.ubereats.com/new-jersey/food-delivery/pollo-supremo-express/B0mb8J-aRxGnQ3TG-yMomQ,fort-lee-new-jersey
https://www.ubereats.com/new-jersey/food-delivery/ben-and-jerrys-palisade/DkrnnQWCRry_KDfyGNGpjg,fort-lee-new-jersey
https://www.ubereats.com/new-jersey/food-delivery/lez-bistro/TVAF2G6mTXGbqJm35cst4A,fort-lee-new-jersey
https://www.ubereats.com/new-jersey/food-delivery/fairview-chinese-restaurant/C9M0jsw6T4i8CU4My81h8A,fort-lee-new-jersey
https://www.ubereats.com/new-jersey/food-delivery/wok-18-chinese-kitchen/fRYQJulqRdG1Ba3ULPdsRA,fort-lee-new-jersey
https://www.ubereats.com/new-jersey/food-delivery/starbucks-englewood/pqjR9s9bRza4ZPO42JFGmw,fort-lee-new-jersey
https://www.ubereats.com/new-jersey/food-delivery/palermos-bakery/9cfGwd_XTjG8RnnPyS70Dw,fort-lee-new-jersey
https://www.ubereats.com/new-jersey/food-delivery/dunkin-353-broad-ave/DWlGqIzyRwyegnXi_iFmhA,fort-lee-new-jersey
https://www.ubereats.com/new-jersey/food-delivery/coney-islands/rnTxTaUQQJqoOZ7Ij1STag,fort-lee-new-jersey
https://www.ubereats.com/new-jersey/food-delivery/anntremet-cake/CAsdyG4_SLqVesSdNAsXaQ,fort-lee-new-jersey
https://www.ubereats.com/new-jersey/food-delivery/sanzaris-new-bridge-inn/VqwYc-FkS9eGUG5E4vPFVg,fort-lee-new-jersey
https://www.ubereats.com/new-jersey/food-delivery/yuki-hana-japanese-restaurant/x2CIiK5ESrOXdYNLpU4-WA,fort-lee-new-jersey
https://www.ubereats.com/new-jersey/food-delivery/bjs-restaurant-%26-brewhouse-21-teterboro-landing-drive/t4yUcz_JSk6fG5uFC4qNgA,fort-lee-new-jersey
https://www.ubereats.com/new-jersey/food-delivery/sayola-restaurant/o4-LP37rRzK5Oo-W4stLdA,fort-lee-new-jersey
https://www.ubereats.com/new-jersey/food-delivery/moes-southwest-grill-store-%23-1272-edgewater-nj/aFoGDf85QtC12vVOsZ6PXA,fort-lee-new-jersey
https://www.ubereats.com/new-jersey/food-delivery/bagel-express/NXn2msbISpihF9o7F1Kq1A,fort-lee-new-jersey
https://www.ubereats.com/new-jersey/food-delivery/son-cubano/_e8zIvKtRf6D1qM3j42pfA,fort-lee-new-jersey
https://www.ubereats.com/new-jersey/food-delivery/dunkin-31-liberty-st/FmuOrnghS82SGfMgtiSZMg,fort-lee-new-jersey
https://www.ubereats.com/new-jersey/food-delivery/eggwich/qPYrv6eNRRCoKLKNl8cJMQ,fort-lee-new-jersey
https://www.ubereats.com/new-jersey/food-delivery/urban-tomato/cDz3x2PKTIGBocG9yvc7vA,fort-lee-new-jersey
https://www.ubereats.com/new-jersey/food-delivery/seak/vRVwkoJLQoK0V-G89mXvCQ,fort-lee-new-jersey
https://www.ubereats.com/new-jersey/food-delivery/spice-garden/SwHCwQyrQL6sWt90Tem0CA,fort-lee-new-jersey
https://www.ubereats.com/new-jersey/food-delivery/meyhane/_MXRKipeTkO-0g56O6SghQ,fort-lee-new-jersey
https://www.ubereats.com/new-jersey/food-delivery/dunkin-32-piermont-rd/A7LXyTnRRsKbQn8Yrv2qgw,fort-lee-new-jersey
https://www.ubereats.com/new-jersey/food-delivery/i-fish/_Ip0GIjyQ6uswmNP-mYYLg,fort-lee-new-jersey
https://www.ubereats.com/new-jersey/food-delivery/hudson-fish-restaurant/Ol0AzMytQz-fyxUiqbUztA,fort-lee-new-jersey
https://www.ubereats.com/new-jersey/food-delivery/ckickuniver/qNPJG1xET4-XD2Mas4EZKQ,fort-lee-new-jersey
https://www.ubereats.com/new-jersey/food-delivery/popeyes-teaneck/XOJ5MigmQzSn0qGGGZiOYQ,fort-lee-new-jersey
https://www.ubereats.com/new-jersey/food-delivery/zula-mediterranean-eatery/OHFwtCnLQ3erCqXzI35tWw,fort-lee-new-jersey
https://www.ubereats.com/new-jersey/food-delivery/dunkin-332-cedar-ln/gT3NBY-XSQWCseHARS_EmA,fort-lee-new-jersey
https://www.ubereats.com/new-jersey/food-delivery/starbucks-hackensack/k2oIM8EwRkevnuSrkd_9Nw,fort-lee-new-jersey
https://www.ubereats.com/new-jersey/food-delivery/pollo-campero-west-new-york-bergenline-ave/n5uLp51lQoKISN-wL8SRFQ,fort-lee-new-jersey
https://www.ubereats.com/new-jersey/food-delivery/sizzlin-seafood/XOfFIJjsTXahNp4CcAQpWQ,fort-lee-new-jersey
https://www.ubereats.com/new-jersey/food-delivery/shakys-juice-bar-%26-cafe/rZ7GHjBlT-GYm1MsSEpyeQ,fort-lee-new-jersey
https://www.ubereats.com/new-jersey/food-delivery/riverview-diner/r6OkC4EtTt6G_DTbRLSkvA,fort-lee-new-jersey
https://www.ubereats.com/new-jersey/food-delivery/rebeccas/ANSH9U5QRaaMVmrac9uYfg,fort-lee-new-jersey
https://www.ubereats.com/new-jersey/food-delivery/cranberry-junction-ice-cream/9Rft4BKSTE2d5FDCyR5Npg,fort-lee-new-jersey
https://www.ubereats.com/new-jersey/food-delivery/giovannis-bicycle-club/ahDvvamuTEGaOu-CDEvDLQ,fort-lee-new-jersey
https://www.ubereats.com/new-jersey/food-delivery/dunkin-380-essex-st/qKFs2cFRRxyX_H4aoqUzyQ,fort-lee-new-jersey
https://www.ubereats.com/new-jersey/food-delivery/binghamton-bagel-%26-deli/_skucUG6Q6G7P-HV0OIfmQ,fort-lee-new-jersey
https://www.ubereats.com/new-jersey/food-delivery/francos-metro-restaurant/iFRiQ1SRSX-KtDZceFHfGQ,fort-lee-new-jersey
https://www.ubereats.com/new-jersey/food-delivery/yechun-restaurant/39cTf4yjT4-JVsh1wM4rsg,fort-lee-new-jersey
https://www.ubereats.com/new-jersey/food-delivery/thai-palace/3P398fY9TkmShxDbnXMtrw,fort-lee-new-jersey
https://www.ubereats.com/new-jersey/food-delivery/kfc-saddle-brook/qG1mIZNAQLilbrOpQTqyBg,fort-lee-new-jersey
https://www.ubereats.com/new-jersey/food-delivery/the-chicken-and-rib-crib/q0WPieJ8RLi4QkfI_zXs2Q,fort-lee-new-jersey
https://www.ubereats.com/new-jersey/food-delivery/chens-yummy-house/-smZd17XTw-2zMKN7NkVNA,fort-lee-new-jersey
https://www.ubereats.com/new-jersey/food-delivery/boston-market-180-hackensack-avenue/elqjTfKESteEzjzee7lumQ,fort-lee-new-jersey
https://www.ubereats.com/new-jersey/food-delivery/kyou-ramen/A458Abq5QjmPqdJYK8h8UA,fort-lee-new-jersey
https://www.ubereats.com/new-jersey/food-delivery/sebas-restaurant-and-bakery/FOTbVdI0QuqDS8XtbRztbQ,fort-lee-new-jersey
https://www.ubereats.com/new-jersey/food-delivery/kds-grill/95EHNAScQo2ARGIOYRixyA,fort-lee-new-jersey
https://www.ubereats.com/new-jersey/food-delivery/le-chateau/LMKN0fQPTQm014MnzXk4RQ,fort-lee-new-jersey
https://www.ubereats.com/new-jersey/food-delivery/mazaya-grillo/R_6LBU1JQC2wcu7mhbBPQw,fort-lee-new-jersey
https://www.ubereats.com/new-jersey/food-delivery/pompei-little-market/LSNyDc1SScesrEoCA-3J4g,fort-lee-new-jersey
https://www.ubereats.com/new-jersey/food-delivery/pio-pio-restaurant/EX8b2wBbQYqz2R8QePLx3g,fort-lee-new-jersey
https://www.ubereats.com/new-jersey/food-delivery/oriental/xGJvpqNTSo6TbsCC-lPQrQ,fort-lee-new-jersey
https://www.ubereats.com/new-jersey/food-delivery/avilas-taqueria-%26-restaurant-park-avenue/owqPTiBjT7SMeB4QGcTFXA,fort-lee-new-jersey
https://www.ubereats.com/new-jersey/food-delivery/poke-central/9QoIG4m3Ssq1tOHNQ3SUqg,fort-lee-new-jersey
https://www.ubereats.com/new-jersey/food-delivery/stray-cat-brew/fntmJHCOSm-u5Q7a7tBaMw,fort-lee-new-jersey
https://www.ubereats.com/new-jersey/food-delivery/berthas-cusine/Tk9I-NnVT6S5cO3jWuBIQg,fort-lee-new-jersey
https://www.ubereats.com/new-jersey/food-delivery/gulluoglu/x5WIpMqHTbCmze-R2R480g,fort-lee-new-jersey
https://www.ubereats.com/new-jersey/food-delivery/emma-bistro/oB3TWn0TTWSxG22GhR4lgQ,fort-lee-new-jersey
https://www.ubereats.com/new-jersey/food-delivery/noches-de-colombia-5709-bergenline-ave-west-new-york-nj/IqrpWQs_T8OFNdLOiPeZDQ,fort-lee-new-jersey
https://www.ubereats.com/new-jersey/food-delivery/platters-corner/-gljJ0gKRSaH1gaoAv-PVQ,fort-lee-new-jersey
https://www.ubereats.com/new-jersey/food-delivery/viva-margarita/w9dopc8sTCGSU4tTqzd07g,fort-lee-new-jersey
https://www.ubereats.com/new-jersey/food-delivery/dunkin-6903-kennedy-blvd/TVWiS1NCQi2gW8RKfGK1AA,fort-lee-new-jersey
https://www.ubereats.com/new-jersey/food-delivery/matsuyama/IwV0_pyxTJWNWy0QBQWfOw,fort-lee-new-jersey
https://www.ubereats.com/new-jersey/food-delivery/tous-les-jours-fort-lee/9SshxMhUQzCBJV4-J9Ligw,fort-lee-new-jersey
https://www.ubereats.com/new-jersey/food-delivery/crumble-cookie-bar/erWlDArtRPyAjY8Um68KLQ,fort-lee-new-jersey
https://www.ubereats.com/new-jersey/food-delivery/kaya-asian-fusion-bar/qnaMvV9vRYS0ADadYxRbog,fort-lee-new-jersey
https://www.ubereats.com/new-jersey/food-delivery/kfc-hasbrouck-heights/zbQ4YAFOT128u4dTjQCiXw,fort-lee-new-jersey
https://www.ubereats.com/new-jersey/food-delivery/gelatissimo-cafe/VACkQqgOSbKAOqovFDnGAw,fort-lee-new-jersey
https://www.ubereats.com/new-jersey/food-delivery/wawa-8338-505-s-river-st/ZejEMXlzS1qgk2EQDqDs8w,fort-lee-new-jersey
https://www.ubereats.com/new-jersey/food-delivery/pizza-nee/brjWEi5zQi-9hZm-ViGjxA,fort-lee-new-jersey
https://www.ubereats.com/new-jersey/food-delivery/la-casa-del-taco/7Eg36PKKQKq0dTEKy-RRsg,fort-lee-new-jersey
https://www.ubereats.com/new-jersey/food-delivery/dunkin-70-route-4/K4dMyN1JQlGgrgC0ZbONHg,fort-lee-new-jersey
https://www.ubereats.com/new-jersey/food-delivery/tutto-a-modo-mio/qMBELN0ET8KABiGR_e2zdQ,fort-lee-new-jersey
https://www.ubereats.com/new-jersey/food-delivery/sikgaek-gugu/dR-rRlCgQtK49gqRGocH9g,fort-lee-new-jersey
https://www.ubereats.com/new-jersey/food-delivery/the-halal-guys-4-teterboro-landing-drive-teterboro-nj/XDdWEinmQICwohN-N6xR5g,fort-lee-new-jersey
https://www.ubereats.com/new-jersey/food-delivery/red-mango-262-broad-ave/VwRSEiZBTjeMqwfg6b99lg,fort-lee-new-jersey
https://www.ubereats.com/new-jersey/food-delivery/classic-quiche-cafe/nEjrBWuxT6S5FGf8lKsqMA,fort-lee-new-jersey
https://www.ubereats.com/new-jersey/food-delivery/sheng-garden-chinese-restaurant/CYT7G3JYT4u8xtUN5CRkig,fort-lee-new-jersey
https://www.ubereats.com/new-jersey/food-delivery/cassies-restaurant/7M0GejexSQCwOwiHJScPyA,fort-lee-new-jersey
https://www.ubereats.com/new-jersey/food-delivery/house-of-que-weehawkin/2y9KRq6qSreMOjCjQU18FQ,fort-lee-new-jersey
https://www.ubereats.com/new-jersey/food-delivery/el-conuco-restaurante/K2hG0iFVRyup2Uh6sfqSZA,fort-lee-new-jersey
https://www.ubereats.com/new-jersey/food-delivery/la-pupusa-loca/8t4QNBEDTSaS-1zqudQliQ,fort-lee-new-jersey
https://www.ubereats.com/new-jersey/food-delivery/mamajuana-cafe-by-the-river/QjCp-x1ISFKvJL-QgidGPQ,fort-lee-new-jersey
https://www.ubereats.com/new-jersey/food-delivery/bergenfield-deli-and-grill/510ug1UDSKaikSx6xSykcw,fort-lee-new-jersey
https://www.ubereats.com/new-jersey/food-delivery/mr-wok-%26-sushi/7il9GBvjSYSjsEPQ4LH4vw,fort-lee-new-jersey
https://www.ubereats.com/new-jersey/food-delivery/mersyna-turkish-kebab-hause/irod3MmkRFSIhWmw3nYjJA,fort-lee-new-jersey
https://www.ubereats.com/new-jersey/food-delivery/market-eatery-ondubu/22jSf3eLR1G0Cn1zwwPcMg,fort-lee-new-jersey
https://www.ubereats.com/new-jersey/food-delivery/hot-fish/idYZF_l-TQCH5azM7eXoGQ,fort-lee-new-jersey
https://www.ubereats.com/new-jersey/food-delivery/bonjuk-%26-bibimbab/oeZt7Ae3RKOCdP7V0D2N8A,fort-lee-new-jersey
https://www.ubereats.com/new-jersey/food-delivery/taco-bell-630-main-street/ZzO4kEKtQdu2izptIC1hAg,fort-lee-new-jersey
https://www.ubereats.com/new-jersey/food-delivery/marmaris-cafe/hpbpvowjSHa4z_bxpdHdJA,fort-lee-new-jersey
https://www.ubereats.com/new-jersey/food-delivery/354-steakhouse/HGOx_zozQpGz7d0XoTG26w,fort-lee-new-jersey
https://www.ubereats.com/new-jersey/food-delivery/rose-restaurant/_BThb1JqQISMboGVAXVC7w,fort-lee-new-jersey
https://www.ubereats.com/new-jersey/food-delivery/mavis-pizza-and-pasta/SNSvAzxrR-61FzKWsxmJ5A,fort-lee-new-jersey
https://www.ubereats.com/new-jersey/food-delivery/coach-house-diner-and-restaurant/8_VSB3s9R-WwVN1D_n2nwg,fort-lee-new-jersey
https://www.ubereats.com/new-jersey/food-delivery/the-pit/oYcDxpSzQ5WUTJlspZKIbQ,fort-lee-new-jersey
https://www.ubereats.com/new-jersey/food-delivery/california-pizza-kitchen-1-garden-state-plaza-unit-2320/Kr6ya41nRymnblTWTm9GNQ,fort-lee-new-jersey
https://www.ubereats.com/new-jersey/food-delivery/wendys-2100-88th-street/UmE8jzHHQs27E87QbD91dA,fort-lee-new-jersey
https://www.ubereats.com/new-jersey/food-delivery/royal-warsaw/406c60SmS7KFLsq_-EW36A,fort-lee-new-jersey
https://www.ubereats.com/new-jersey/food-delivery/five-guys-nj-1009-2100-88th-st/rVmk92pxQzawhe5x9KyuWA,fort-lee-new-jersey
https://www.ubereats.com/new-jersey/food-delivery/ramen-azuma/eAm-H3LhQlm3YjtevMLVsQ,fort-lee-new-jersey
https://www.ubereats.com/new-jersey/food-delivery/dunkin-240-s-summit-ave/-tzkXVOAQreqkoLORulMHw,fort-lee-new-jersey
https://www.ubereats.com/new-jersey/food-delivery/silli-point-indian-fusion/ANMUjhXTRFah9Yf1h5XvOw,fort-lee-new-jersey
https://www.ubereats.com/new-jersey/food-delivery/150-applebees-paramus/QRuv9sN8Ty60m6qMT8Amxw,fort-lee-new-jersey
https://www.ubereats.com/new-jersey/food-delivery/nefista-vegan-kofteh/s7JA5h9TS_CSCC7Yg6CbqQ,fort-lee-new-jersey
https://www.ubereats.com/new-jersey/food-delivery/mcdonalds-326-s-washington-ave/dmCsu6LtTEeYN9-VHHHauQ,fort-lee-new-jersey
https://www.ubereats.com/new-jersey/food-delivery/dunkin-4108-tonnelle-ave/U7KtLBKrR82-uFFojmcbMQ,fort-lee-new-jersey
https://www.ubereats.com/new-jersey/food-delivery/americana-grill-and-cafe-union-city/GxEpzHDGTACtNfIWfCw49w,fort-lee-new-jersey
https://www.ubereats.com/new-jersey/food-delivery/subway-213-washington-ave/WDt7E_b8QKe6DuOElpFsAg,fort-lee-new-jersey
https://www.ubereats.com/new-jersey/food-delivery/noches-de-colombia-englewood-nj/NX7gGs0dRHmuRbgPilMwXA,fort-lee-new-jersey
https://www.ubereats.com/new-jersey/food-delivery/best-wok/TE0KofzsQSeoi-knU6G_1Q,fort-lee-new-jersey
https://www.ubereats.com/new-jersey/food-delivery/wendys-1435-bergen-boulevard/9bA7e0V1SNWDOoJmMpZzjQ,fort-lee-new-jersey
https://www.ubereats.com/new-jersey/food-delivery/cocina-de-gaby/NtwDmE5yRVikgISWdosQ6Q,fort-lee-new-jersey
https://www.ubereats.com/new-jersey/food-delivery/the-great-burrito/t1BtGrH7SKywosH3isL0TA,fort-lee-new-jersey
https://www.ubereats.com/new-jersey/food-delivery/samurai-sushi/xcObwMI3TEqgQWqIMwia0Q,fort-lee-new-jersey
https://www.ubereats.com/new-jersey/food-delivery/bistro-de-lys/COmVNYPxQFiAnEHjUHPNvw,fort-lee-new-jersey
https://www.ubereats.com/new-jersey/food-delivery/don-ichi/ocX4LJL9QQW5hX7yYbqkPQ,fort-lee-new-jersey
https://www.ubereats.com/new-jersey/food-delivery/jackson-hole-burgers/G5FBb6B2RuWO13QYsMGKIQ,fort-lee-new-jersey
https://www.ubereats.com/new-jersey/food-delivery/mcdonalds-hackensack-river/cM0c8mJmTJiQ7zncZFoVLw,fort-lee-new-jersey
https://www.ubereats.com/new-jersey/food-delivery/dunkin-489-grand-ave/odrIGmsTTji80yvVSXINBg,fort-lee-new-jersey
https://www.ubereats.com/new-jersey/food-delivery/veggie-%2B/aHxyeqxkQz2Gips3k3sVFQ,fort-lee-new-jersey
https://www.ubereats.com/new-jersey/food-delivery/pizza-bella/-touD2uLQGit96MSB7YHxQ,fort-lee-new-jersey
https://www.ubereats.com/new-jersey/food-delivery/mcdonalds-englewood-palis/hHkO72QhRi-Uhh38QJ29dA,fort-lee-new-jersey
https://www.ubereats.com/new-jersey/food-delivery/muscle-maker-grill-lodi/IHhtfPUbSImAAM1VRrITsw,fort-lee-new-jersey
https://www.ubereats.com/new-jersey/food-delivery/dunkin-150-passaic-st/XNmr_eK0S5SdPCSK8mFdrw,fort-lee-new-jersey
https://www.ubereats.com/new-jersey/food-delivery/jacks-lobster-shack%26oyster-bar/WFhBhgatRyuH0UKZmgck5Q,fort-lee-new-jersey
https://www.ubereats.com/new-jersey/food-delivery/saint-pita/1-0r67d0Tcek-54CGMYluQ,fort-lee-new-jersey
https://www.ubereats.com/new-jersey/food-delivery/popeyes-little-ferry/0euZ6CisTiyl3Bx0Zz1uGA,fort-lee-new-jersey
https://www.ubereats.com/new-jersey/food-delivery/pelicana-chicken-palisades-park/vumtVTj2R3-hK8hBFDOreA,fort-lee-new-jersey
https://www.ubereats.com/new-jersey/food-delivery/wich-one/a7QNzdRBR3SqVB9-hfKzqg,fort-lee-new-jersey
https://www.ubereats.com/new-jersey/food-delivery/tonys-deli/JNBmOqYWRvSN-tzHxZ-uFw,fort-lee-new-jersey
https://www.ubereats.com/new-jersey/food-delivery/koala-lounge/1-oLLAZ7TauFVUPmxPIORw,fort-lee-new-jersey
https://www.ubereats.com/new-jersey/food-delivery/dannys-restaurant/dhhJfvfyQ3WNzm-IBDY_gg,fort-lee-new-jersey
https://www.ubereats.com/new-jersey/food-delivery/sizzlin-seafood/Vx4j75bSTzCPuBAhA4o0Eg,fort-lee-new-jersey
https://www.ubereats.com/new-jersey/food-delivery/lolitas-mexican-cantina/X2Bl5S9CQ2eMoQGZJik4ww,fort-lee-new-jersey
https://www.ubereats.com/new-jersey/food-delivery/namaste-himalayan-cuisine-and-restaurant/aXg3XmB7RSKVKlEqrYw6Sw,fort-lee-new-jersey
https://www.ubereats.com/new-jersey/food-delivery/berrylicious-pizzalicious-kosher-brick-oven-pizza-and-frozen-yogurt/rdZqXwz0TwaueB5bSMAhlw,fort-lee-new-jersey
https://www.ubereats.com/new-jersey/food-delivery/cafe-gossip/_7NTYaydSG6qqIkctyC0ZA,fort-lee-new-jersey
https://www.ubereats.com/new-jersey/food-delivery/charcoal-grill-fusion/OqtDMQi7TMi4L5KcueHTOg,fort-lee-new-jersey
https://www.ubereats.com/new-jersey/food-delivery/zios-pizza/rgbc80pwQ3GxbCwZ1koG8g,fort-lee-new-jersey
https://www.ubereats.com/new-jersey/food-delivery/smashburger-390-hackensack-ave-space-169/mXi63XXuS5iaXvEvfjUs6A,fort-lee-new-jersey
https://www.ubereats.com/new-jersey/food-delivery/lulu-chef/_--oeE2kR2mEHw04uA3s4A,fort-lee-new-jersey
https://www.ubereats.com/new-jersey/food-delivery/bonchon-chicken-346-broad-ave/8E8jVf9JSU-_ZhYBN8HnIw,fort-lee-new-jersey
https://www.ubereats.com/new-jersey/food-delivery/minit-mart-deli-%26-grill/DtHmcVVISpGPzJnQ43i34g,fort-lee-new-jersey
https://www.ubereats.com/new-jersey/food-delivery/munchies-deli/GmjJk1mYS3qQ9p2WHq6aQA,fort-lee-new-jersey
https://www.ubereats.com/new-jersey/food-delivery/bonchon-chicken-450-hackensack-ave/c02Q9STfQt2_Ub1KbEhSoQ,fort-lee-new-jersey
https://www.ubereats.com/new-jersey/food-delivery/vegan-food-truck/khJjnJt6QVaTTN3lj8dk8w,fort-lee-new-jersey
https://www.ubereats.com/new-jersey/food-delivery/baci-gelato/r-ib4LmURhuE2RZpmS7znQ,fort-lee-new-jersey
https://www.ubereats.com/new-jersey/food-delivery/the-right-pizza/j9JS_aMbQKmu2Q2mRUvJdQ,fort-lee-new-jersey
https://www.ubereats.com/new-jersey/food-delivery/la-hueca-del-cangrejo/BFkI--bTT3ydMfiuGgCUNg,fort-lee-new-jersey
https://www.ubereats.com/new-jersey/food-delivery/food-for-life/VpTgbzg2QJiNFZgcCfsahg,fort-lee-new-jersey
https://www.ubereats.com/new-jersey/food-delivery/juice-journey-cafe/Etfjp1FpQCe0pBlHlick7w,fort-lee-new-jersey
https://www.ubereats.com/new-jersey/food-delivery/the-good-neighbor-juice-bar/t7ghqQ4HTXOzobT8xVGomA,fort-lee-new-jersey
https://www.ubereats.com/new-jersey/food-delivery/tgi-fridays-625-hackensack-nj/Ti0Fm16QSkOzsG1tjcZI8w,fort-lee-new-jersey
https://www.ubereats.com/new-jersey/food-delivery/charim/YsqY_M8VR7uPHBOHZLdsrA,fort-lee-new-jersey
https://www.ubereats.com/new-jersey/food-delivery/schnitzel-%2B/r2vsPi3fSWm0C3HBF9cfbg,fort-lee-new-jersey
https://www.ubereats.com/new-jersey/food-delivery/j%26ls-taco-loco/KW-oKO5YTtSGwTJPxqnDGA,fort-lee-new-jersey
https://www.ubereats.com/new-jersey/food-delivery/papa-johns-pizza-%233526/vQd_mkuZRwyxw3szMCSXwQ,fort-lee-new-jersey
https://www.ubereats.com/new-jersey/food-delivery/playa-bowls-rutherford/VgmGzu7UT-iQ6E7MurEK2g,fort-lee-new-jersey
https://www.ubereats.com/new-jersey/food-delivery/dunkin-25-hackensack-ave/r77kuMoqTaW6dHMLJyR5BA,fort-lee-new-jersey
https://www.ubereats.com/new-jersey/food-delivery/rock-n-roll-sushi-%26-noodle-bar/aS5UwEQUREKLazzUqyshjQ,fort-lee-new-jersey
https://www.ubereats.com/new-jersey/food-delivery/cava-bergen-town-center-route-4-east-%23e-3a/r8-DT38BSO6boY1NbiuEcA,fort-lee-new-jersey
https://www.ubereats.com/new-jersey/food-delivery/taco-bell-500-s-river-st/K6GF9V9OTvSoKvEMqlN0EA,fort-lee-new-jersey
https://www.ubereats.com/new-jersey/food-delivery/bowl-shake/1tOgyd8cTnOxKXjX8lgluA,fort-lee-new-jersey
https://www.ubereats.com/new-jersey/food-delivery/dunkin-429-us-highway-46/UviVha_4R_OJxMA82BKPPA,fort-lee-new-jersey
https://www.ubereats.com/new-jersey/food-delivery/bagel-shop/9yo2ruiaQaOnbP1076IWGw,fort-lee-new-jersey
https://www.ubereats.com/new-jersey/food-delivery/brazeiro-churrascaria/fMdBH2EuTLqGattDXfbE5g,fort-lee-new-jersey
https://www.ubereats.com/new-jersey/food-delivery/pho-saigon-296-main-st/1Dywq74gRmuQJ1t96DBrWA,fort-lee-new-jersey
https://www.ubereats.com/new-jersey/food-delivery/city-perch-kitchen-%2B-bar-nj/rf-mj1ZzT1GvjTezNgHCNw,fort-lee-new-jersey
https://www.ubereats.com/new-jersey/food-delivery/cemitas-poblanas-restaurant/s_Y8qZssR2GB7IuqNPav-Q,fort-lee-new-jersey
https://www.ubereats.com/new-jersey/food-delivery/taqueria-mexico-149/wr2n-f_rSLmrGtTH1ZIzZQ,fort-lee-new-jersey
https://www.ubereats.com/new-jersey/food-delivery/sofia/w7UFPv_1R4aogBCvN6CPnw,fort-lee-new-jersey
https://www.ubereats.com/new-jersey/food-delivery/red-lobster-700-plaza-drive/VWFTIUsMRvexeEPWkHyqyg,fort-lee-new-jersey
https://www.ubereats.com/new-jersey/food-delivery/bagels-and-more/UE1HuYTiTOSPJVnIhLKQ0g,fort-lee-new-jersey
https://www.ubereats.com/new-jersey/food-delivery/kennedy-fried-chicken/qU5ntxjCSRCuunyNrLhZKQ,fort-lee-new-jersey
https://www.ubereats.com/new-jersey/food-delivery/star-bistro/_wlZ9ZAoQcGRRb5zQrAeoA,fort-lee-new-jersey
https://www.ubereats.com/new-jersey/food-delivery/taco-bell-2020-tonnelle-avenue/3VCz-gyKQt2d-JtBY_Cn4w,fort-lee-new-jersey
https://www.ubereats.com/new-jersey/food-delivery/the-vegan-breakfast/jeLnvtWSRLSncTrPbIQUrA,fort-lee-new-jersey
https://www.ubereats.com/new-jersey/food-delivery/white-manna/y1h7BwNnSICyyKsi7cDCSA,fort-lee-new-jersey
https://www.ubereats.com/new-jersey/food-delivery/mis-raices/P14W6_mSQGifGQsO10yE1w,fort-lee-new-jersey
https://www.ubereats.com/new-jersey/food-delivery/nyc-style-gyro-bergen/CvoqntHzRkucEXTM-100sA,fort-lee-new-jersey
https://www.ubereats.com/new-jersey/food-delivery/casa-della-pasta/KtlU5cNiQeGUu3BctetJJQ,fort-lee-new-jersey
https://www.ubereats.com/new-jersey/food-delivery/the-market-place/YGhQ5bpESnKEnqJOzgW3zg,fort-lee-new-jersey
https://www.ubereats.com/new-jersey/food-delivery/burger-hut-at-honeybee/Mr41EnCgR3CWpszg0dJxWQ,fort-lee-new-jersey
https://www.ubereats.com/new-jersey/food-delivery/brownstone-pancake-factory/M6IlfocrT5-bq-aqPAWLpQ,fort-lee-new-jersey
https://www.ubereats.com/new-jersey/food-delivery/hansang-restaurant/gDzC2NbfTzOSFleYH0JM8A,fort-lee-new-jersey
https://www.ubereats.com/new-jersey/food-delivery/banana-king/bAiMBEmWR4SoEjcrUDdrzA,fort-lee-new-jersey
https://www.ubereats.com/new-jersey/food-delivery/la-grande-buffet/rW7hyR5NToGgix_v0qzR9w,fort-lee-new-jersey
https://www.ubereats.com/new-jersey/food-delivery/great-wall-chinese-and-japanese-cuisine-grant-ave/6zCZyObWQW6T2CeQxO2Aww,fort-lee-new-jersey
https://www.ubereats.com/new-jersey/food-delivery/bcd-tofu-house-fort-lee/c_gzEAATSZOBQK2AXmj5fw,fort-lee-new-jersey
https://www.ubereats.com/new-jersey/food-delivery/dos-marias-bar-%26-restaurant/9xa8frDgTMqTgOpRpPrSbg,fort-lee-new-jersey
https://www.ubereats.com/new-jersey/food-delivery/dunkin-435-boulevard/igYbZvVYQZiWCDaMA6dFfg,fort-lee-new-jersey
https://www.ubereats.com/new-jersey/food-delivery/sokong-dong/IVYl-Pf2TliykBLyNEAYCA,fort-lee-new-jersey
https://www.ubereats.com/new-jersey/food-delivery/outback-steakhouse-194-north-route-17/6XBcT6_HSQ-34eTiDaa36w,fort-lee-new-jersey
https://www.ubereats.com/new-jersey/food-delivery/angies-place-restaurant/4Tva-fz8SDuqRAbzE0anVQ,fort-lee-new-jersey
https://www.ubereats.com/new-jersey/food-delivery/carvel-639-mclean-ave/nUBetAMlQfexYtGMfmQ1ug,fort-lee-new-jersey
https://www.ubereats.com/new-jersey/food-delivery/mi-rancho/dgR8_z1oTeqCXu23TRJ02w,fort-lee-new-jersey
https://www.ubereats.com/new-jersey/food-delivery/mcdonalds-ft-lee/4sWuQ5j4TnOw6Fqq0OBxPA,fort-lee-new-jersey
https://www.ubereats.com/new-jersey/food-delivery/fontana-tritone/myz7pDIFRy-uXu_PMeALGw,fort-lee-new-jersey
https://www.ubereats.com/new-jersey/food-delivery/jingogae-catering/6Z3S4XJSTouehjIROOV0Bw,fort-lee-new-jersey
https://www.ubereats.com/new-jersey/food-delivery/tabouli/i96BxPchTuKPf768CWvb2g,fort-lee-new-jersey
https://www.ubereats.com/new-jersey/food-delivery/mamas-kitchen-eats/lSYYYtOPRGqG0NStM3Yx-w,fort-lee-new-jersey
https://www.ubereats.com/new-jersey/food-delivery/brownstone-pancake-factory/5IFSLNZeRSCge5ootH8BTg,fort-lee-new-jersey
https://www.ubereats.com/new-jersey/food-delivery/river-house-chinese-cuisine/2vhY9Qs9SVuchef32TgP-g,fort-lee-new-jersey
https://www.ubereats.com/new-jersey/food-delivery/mixtura-fast-food-%26-bakery/2Wj3WEmmRD2f6mHo_tBWrQ,fort-lee-new-jersey
https://www.ubereats.com/new-jersey/food-delivery/bens-bagel-barn/89ZskndDRS2EYZYrjjT2nQ,fort-lee-new-jersey
https://www.ubereats.com/new-jersey/food-delivery/pio-pio-restaurant/qpX4ad63R5-w5twQhMF7zg,fort-lee-new-jersey
https://www.ubereats.com/new-jersey/food-delivery/soba-noodle-azuma/-Exdo_siStOrWYJ79Zm_Jg,fort-lee-new-jersey
https://www.ubereats.com/new-jersey/food-delivery/in-napoli/lYCIMLLCQomiDKET-bEU5A,fort-lee-new-jersey
https://www.ubereats.com/new-jersey/food-delivery/lefkes/mD-eoJ52Sgi9Pj26h1u6Sw,fort-lee-new-jersey
https://www.ubereats.com/new-jersey/food-delivery/waffle-%26-bubble-63rd-st/aU_K7GCzQJeDdBEyCPlC8Q,fort-lee-new-jersey
https://www.ubereats.com/new-jersey/food-delivery/new-great-wall/ZABOo5jnQVeIVfgVm2PpUQ,fort-lee-new-jersey
https://www.ubereats.com/new-jersey/food-delivery/frontier-deli/irygl5RrSzeYAlkdSr9QGQ,fort-lee-new-jersey
https://www.ubereats.com/new-jersey/food-delivery/ritas-italian-ice-lodi/0XRHgcXNTpGXOr0SNGQFwA,fort-lee-new-jersey
https://www.ubereats.com/new-jersey/food-delivery/the-ice-cream-shop/M9jH-C1mS6-SdOZxFOMvfg,fort-lee-new-jersey
https://www.ubereats.com/new-jersey/food-delivery/josefa-restaurant/OgZKjLjRRn2jLd1Uzuxlkw,fort-lee-new-jersey
https://www.ubereats.com/new-jersey/food-delivery/mcdonalds-edgewater/Z7TdkPXLRKKWlASJ1veHuw,fort-lee-new-jersey
https://www.ubereats.com/new-jersey/food-delivery/the-churros-factory/LISDNr5hQeSgRifdN9ELlg,fort-lee-new-jersey
https://www.ubereats.com/new-jersey/food-delivery/vish/OrKG9e3HQGyr_E8JTl46TA,fort-lee-new-jersey
https://www.ubereats.com/new-jersey/food-delivery/casual-habana-cafe-hackensack/I2HnwoPLR0iyuhEvtmiUdQ,fort-lee-new-jersey
https://www.ubereats.com/new-jersey/food-delivery/emma-bistro/5f1A60G9QLOxE03e28UpiQ,fort-lee-new-jersey
https://www.ubereats.com/new-jersey/food-delivery/the-habit-burger-grill-1081-main-st/6tOcD5beQzmDryp6dxm41Q,fort-lee-new-jersey
https://www.ubereats.com/new-jersey/food-delivery/tropical-juice-bar-west-new-york/1k4amwlSTXeN4yfOBUb2Tw,fort-lee-new-jersey
https://www.ubereats.com/new-jersey/food-delivery/mocha-bar/1fkej51YRL-_CROXApRYtA,fort-lee-new-jersey
https://www.ubereats.com/new-jersey/food-delivery/mediterranean-to-go/M4_nhRhoSk6nIs8bay7WzA,fort-lee-new-jersey
https://www.ubereats.com/new-jersey/food-delivery/big-belly-deli/rEgOswV9Sf-jOsU5PldqpQ,fort-lee-new-jersey
https://www.ubereats.com/new-jersey/food-delivery/the-green-papaya/PEi03DrCTXihg4Jg0N-qsA,fort-lee-new-jersey
https://www.ubereats.com/new-jersey/food-delivery/bergen-brick-oven-bar-%26-grill/dmYBqFY0SdifP8Vpj3oVww,fort-lee-new-jersey
https://www.ubereats.com/new-jersey/food-delivery/empanada-central/zEYHRvcFQ2CTQyy_ntqu0g,fort-lee-new-jersey
https://www.ubereats.com/new-jersey/food-delivery/dunkin-86-110-s-river-st/Z1l6uSUzTJyJEPMAdyDlNA,fort-lee-new-jersey
https://www.ubereats.com/new-jersey/food-delivery/green-garden/sTg5OXDuTKSYT_b2qFS-Aw,fort-lee-new-jersey
https://www.ubereats.com/new-jersey/food-delivery/martys/pEzz3Z0rTwKrwFZSphnFYA,fort-lee-new-jersey
https://www.ubereats.com/new-jersey/food-delivery/mr-burger/ZeP3s0rpSJmdPtKG3wgohA,fort-lee-new-jersey
https://www.ubereats.com/new-jersey/food-delivery/the-chipper-truck-cafe-yonkers/gtKvMF4GQLy4VFweA4hTpQ,fort-lee-new-jersey
https://www.ubereats.com/new-jersey/food-delivery/olivella-restaurant/RerawG6aSK25bcfse0MzoA,fort-lee-new-jersey
https://www.ubereats.com/new-jersey/food-delivery/vesta-wood-fired/Q4_1Ug_ZQ2mKorgWWZ-dqQ,fort-lee-new-jersey
https://www.ubereats.com/new-jersey/food-delivery/ho-mei-kitchen/JU6dv6JnR6C4c7gxjrQNdg,fort-lee-new-jersey
https://www.ubereats.com/new-jersey/food-delivery/yasou-santorini/mWCAoY9tQm6bfVut8uZZCA,fort-lee-new-jersey
https://www.ubereats.com/new-jersey/food-delivery/steak-tsujita/A_as6Em3TLmBY7GnbVwNEg,fort-lee-new-jersey
https://www.ubereats.com/new-jersey/food-delivery/river-thai-food/bfHA-6BgSTS5AS785B-fJQ,fort-lee-new-jersey
https://www.ubereats.com/new-jersey/food-delivery/rustica-lounge-bar-%26-restaurant/MuAXYmyNRGufZAw6GziiPw,fort-lee-new-jersey
https://www.ubereats.com/new-jersey/food-delivery/starbucks-north-bergen-river-rd/XjQAdVaBTbSGBUk0lI41Sg,fort-lee-new-jersey
https://www.ubereats.com/new-jersey/food-delivery/teashop76/JFSSMmvlT3aKr10zoedNpA,fort-lee-new-jersey
https://www.ubereats.com/new-jersey/food-delivery/ml-mini-market-%26-deli-kitchen/0PDK4g4HQtiVir2KvRH9lw,fort-lee-new-jersey
https://www.ubereats.com/new-jersey/food-delivery/biddy-omalleys/XDnZGfdzSG-6iOquHhMagQ,fort-lee-new-jersey
https://www.ubereats.com/new-jersey/food-delivery/the-fire-pit-grill/hC8io4X-R7SIBgX4b0Xt0A,fort-lee-new-jersey
https://www.ubereats.com/new-jersey/food-delivery/zen-kitchen/B7ib9QONTHOec2ArNXhotQ,fort-lee-new-jersey
https://www.ubereats.com/new-jersey/food-delivery/blimpie-550-broad-ave/n7jh5k-UT4i_QgTT7ovo7A,fort-lee-new-jersey
https://www.ubereats.com/new-jersey/food-delivery/blue-city-grille/z8JQIg-pTqKBBkHNFjWaiQ,fort-lee-new-jersey
https://www.ubereats.com/new-jersey/food-delivery/sambong-naengmyun/Uhx5XdteQiqyZZMeGpUUWw,fort-lee-new-jersey
https://www.ubereats.com/new-jersey/food-delivery/kimchi-bros/nfq9pSxERGKKdTedPhOnJg,fort-lee-new-jersey
https://www.ubereats.com/new-jersey/food-delivery/noches-de-colombia-main-st-hackensack-nj/D0ViZV4dQGGZthZGNrbtww,fort-lee-new-jersey
https://www.ubereats.com/new-jersey/food-delivery/pollo-supremo-42nd-union-city/FJUlPIBsQfSA0Rkc-nvQCQ,fort-lee-new-jersey
https://www.ubereats.com/new-jersey/food-delivery/148-applebees-hackensack/D6xYFSqVTPeqz892OiafLw,fort-lee-new-jersey
https://www.ubereats.com/new-jersey/food-delivery/parkway-diner/s0w8wwPRRMW70A85S5ZtIA,fort-lee-new-jersey
https://www.ubereats.com/new-jersey/food-delivery/chef-davinci/aW5hbUbpRJCcfT-Bk3OvWQ,fort-lee-new-jersey
https://www.ubereats.com/new-jersey/food-delivery/roses-of-englewood/FzAM_x4eTk6iC24k740SiQ,fort-lee-new-jersey
https://www.ubereats.com/new-jersey/food-delivery/el-tango-argentina-grill/w0bqVSzcSnexJ5_N6_AuyQ,fort-lee-new-jersey
https://www.ubereats.com/new-jersey/food-delivery/hooters-hackensack/-wsObrRQT4yi2b4LyyHEtA,fort-lee-new-jersey
https://www.ubereats.com/new-jersey/food-delivery/%E5%AF%BB%E9%B1%BC%E7%A7%81%E7%83%A4-xun-yu-si-kao/8DxM7sc9T3KVyyGLteTd6A,fort-lee-new-jersey
https://www.ubereats.com/new-jersey/food-delivery/adrians-jersey-pizza-co/JUQzqb3tSwyt9xuymw8K3A,fort-lee-new-jersey
https://www.ubereats.com/new-jersey/food-delivery/subway-252-s-summit-ave/JQK1fY3mSkaAbDVlmy1DJQ,fort-lee-new-jersey
https://www.ubereats.com/new-jersey/food-delivery/vietnam-sandwich/279TjXm1QXyrA_8WPvmIMw,fort-lee-new-jersey
https://www.ubereats.com/new-jersey/food-delivery/bar-kitchen/ONaUeGZcRq2xUWvYSeXPCg,fort-lee-new-jersey
https://www.ubereats.com/new-jersey/food-delivery/gotham-city-diner/NgfzDtyzSuWox5ENlvfJFQ,fort-lee-new-jersey
https://www.ubereats.com/new-jersey/food-delivery/taan-thai/2zExucwTSs27hfH9TPs5ZA,fort-lee-new-jersey
https://www.ubereats.com/new-jersey/food-delivery/robertas-and-deans-brooklyn-pizza-factory/gYoFz9dbR1OAUR_AEWIM8Q,fort-lee-new-jersey
https://www.ubereats.com/new-jersey/food-delivery/the-cake-lounge/CHquiRqnQ5KLh0keX52eQg,fort-lee-new-jersey
https://www.ubereats.com/new-jersey/food-delivery/stevies-crepes-%26-waffles/OlkWysphTMOIC9wCQUm48g,fort-lee-new-jersey
https://www.ubereats.com/new-jersey/food-delivery/mcdonalds-w-nw-york-brgnln/lurF-fVQS_GRoZFaApZzdw,fort-lee-new-jersey
https://www.ubereats.com/new-jersey/food-delivery/burger-boss/eYG6lp2zTyuFrTRV-XxW7Q,fort-lee-new-jersey
https://www.ubereats.com/new-jersey/food-delivery/napoli-wood-fired-pizza-and-bakery/DyYbLfw2RdisdVW9DVHLZQ,fort-lee-new-jersey
https://www.ubereats.com/new-jersey/food-delivery/uncle-jimmys-cheesecakes/J-4yQxA7Q7WOubGh_E-85Q,fort-lee-new-jersey
https://www.ubereats.com/new-jersey/food-delivery/poppys-bagels-pizza-and-tcby/ZCDvyoVpTQaaUha_PhAuew,fort-lee-new-jersey
https://www.ubereats.com/new-jersey/food-delivery/taste1080/C074MPPeRQaLT_Kc3hPxLw,fort-lee-new-jersey
https://www.ubereats.com/new-jersey/food-delivery/tandoori-chef/VhFhD1qzTuGelYCAIbMaPg,fort-lee-new-jersey
https://www.ubereats.com/new-jersey/food-delivery/mcdonalds-hasbrk-hts-rt-17/zXew2aVwTHOTyAUnLtPJIA,fort-lee-new-jersey
https://www.ubereats.com/new-jersey/food-delivery/deli-licious-cafe/GvAhXHCRRQGyO5yFCTHVpQ,fort-lee-new-jersey
https://www.ubereats.com/new-jersey/food-delivery/golden-krust-teaneck-nj/0dAtvlc6SmKDSuMwPwrO0g,fort-lee-new-jersey
https://www.ubereats.com/new-jersey/food-delivery/l-orange-bleue/Fz6EmwvxTaqD2L0kqANEBg,fort-lee-new-jersey
https://www.ubereats.com/new-jersey/food-delivery/cm-chicken/GjCRz9wXRUuTu73OIj4A6g,fort-lee-new-jersey
https://www.ubereats.com/new-jersey/food-delivery/el-sombrero/cBtVxkgeRW6kDFKBzoFPZA,fort-lee-new-jersey
https://www.ubereats.com/new-jersey/food-delivery/phat-philly-cheesesteaks/SFUZ2zCbQPW0-CaSjhpuAQ,fort-lee-new-jersey
https://www.ubereats.com/new-jersey/food-delivery/hokkaido-ramen-santouka/9b6Jv0OaQXCAfKFyaMoDEQ,fort-lee-new-jersey
https://www.ubereats.com/new-jersey/food-delivery/mr-parish-seafood-trap/nk5F_6IEQyyHaYIrcSBasA,fort-lee-new-jersey
https://www.ubereats.com/new-jersey/food-delivery/lulas-latin-cuisine/AGlDhn57RhCBhI7EUAfsgw,fort-lee-new-jersey
https://www.ubereats.com/new-jersey/food-delivery/bonanza-colombian-delights/aITo3MUBR2qGQnfi468ilQ,fort-lee-new-jersey
https://www.ubereats.com/new-jersey/food-delivery/burger-king-195-moonachie-road/XAplYb7rRia0a6E6AVPDNg,fort-lee-new-jersey
https://www.ubereats.com/new-jersey/food-delivery/pa-de-thai-restaurant/X-tcXX7JRTWOhXPjMo8CLg,fort-lee-new-jersey
https://www.ubereats.com/new-jersey/food-delivery/daruma-japanese-restaurant/iGhD1gmZSDGS-PSLgba-aw,fort-lee-new-jersey
https://www.ubereats.com/new-jersey/food-delivery/senor-andy/k_eQEI6wRV2JkRFZH2Y7aw,fort-lee-new-jersey
https://www.ubereats.com/new-jersey/food-delivery/dunkin-7101-boulevard-e/PU-EtE6sRAKSwJy3z_8iqw,fort-lee-new-jersey
https://www.ubereats.com/new-jersey/food-delivery/coco-fresh-tea-%26-juice-hackensack-ave/XBPgFCW-Ti6j6yIBEBe9MA,fort-lee-new-jersey
https://www.ubereats.com/new-jersey/food-delivery/burger-king-38-hackensack-avenue/DM1UFf7SQdy4dn2i7Auhcg,fort-lee-new-jersey
https://www.ubereats.com/new-jersey/food-delivery/zais-dessertery-inc/t6VSHINZQ1-ttdKEOKoX8w,fort-lee-new-jersey
https://www.ubereats.com/new-jersey/food-delivery/subway-61-nathaniel-pl/gacs46loT9GOMmufTiqdPA,fort-lee-new-jersey
https://www.ubereats.com/new-jersey/food-delivery/syros-taverna/BVIroeP0QLyILc0Q0i2QCQ,fort-lee-new-jersey
https://www.ubereats.com/new-jersey/food-delivery/burger-boss/YRN8oUBZTty8uYG80ZQzsw,fort-lee-new-jersey
https://www.ubereats.com/new-jersey/food-delivery/so-gong-dong/e7O5aZuARmCDH4uOpZPIrg,fort-lee-new-jersey
https://www.ubereats.com/new-jersey/food-delivery/blackjack-mulligans-public-house/m1ZhplKUS1iXPsC2MDp8dA,fort-lee-new-jersey
https://www.ubereats.com/new-jersey/food-delivery/akai-lounge-englewood/w2l3iTR_S5OQiHB0z1PYig,fort-lee-new-jersey
https://www.ubereats.com/new-jersey/food-delivery/halal-gyroking/H1DbOkVJSxeqf21gLkL_sw,fort-lee-new-jersey
https://www.ubereats.com/new-jersey/food-delivery/las-americas-cafe-union-city-nj/MsCnDc54Tv-8ItkBwDKWcQ,fort-lee-new-jersey
https://www.ubereats.com/new-jersey/food-delivery/nova-pizza/0br2gTt0R22yqc7iLATncg,fort-lee-new-jersey
https://www.ubereats.com/new-jersey/food-delivery/bareburger-129-vervalen-st/lH0_vPcnTQKbuaDy-JFdJA,fort-lee-new-jersey
https://www.ubereats.com/new-jersey/food-delivery/fresh-bites-dosirak/k44lLlCXSgeN_CAL9GnqfA,fort-lee-new-jersey
https://www.ubereats.com/new-jersey/food-delivery/sambong-naengmyun/uFp8JrbyRsObRnjdmLSgVg,fort-lee-new-jersey
https://www.ubereats.com/new-jersey/food-delivery/uncle-louie-g-ices-and-ice-cream-maywood/E_b5pIkXSiWTHLTAs5fUwA,fort-lee-new-jersey
https://www.ubereats.com/new-jersey/food-delivery/patrona-fusion-restaurant/mLD_jPXZQC2S3sT3j2BS8Q,fort-lee-new-jersey
https://www.ubereats.com/new-jersey/food-delivery/essex-bagels/neHtPccVRre3BphjRU518g,fort-lee-new-jersey
https://www.ubereats.com/new-jersey/food-delivery/millers-ale-house-paramus/hKj_X3bGScq7HmNXZFMqQw,fort-lee-new-jersey
https://www.ubereats.com/new-jersey/food-delivery/playa-bowls-englewood/teoRU7SUQZKbgpQ8PS6Xdw,fort-lee-new-jersey
https://www.ubereats.com/new-jersey/food-delivery/bagel-box/ohzugnxTRjGa6Je6ctMr1g,fort-lee-new-jersey
https://www.ubereats.com/new-jersey/food-delivery/szechaun-mirchi/YMrTUtRdTKuzGqvJosgEdA,fort-lee-new-jersey
https://www.ubereats.com/new-jersey/food-delivery/crossroads-deli/y1VG0uAeQ6iwI8qnhSbjrw,fort-lee-new-jersey
https://www.ubereats.com/new-jersey/food-delivery/bar-one-public-house/v78j8_7sQZGpJLxQYYSdZg,fort-lee-new-jersey
