url,city
https://www.ubereats.com/dallas/food-delivery/papa-johns-5416-s-hulen-st/aAP30OD1TXqYUj41wxnNtQ,fort-worth-texas
https://www.ubereats.com/dallas/food-delivery/dannys-tacos-%26-grill/2l3eBGfwTFSN1azVDhHlFg,fort-worth-texas
https://www.ubereats.com/dallas/food-delivery/subway-8401-boat-club-rd/CiJYNAGVSSuAGqBX3OvQvA,fort-worth-texas
https://www.ubereats.com/dallas/food-delivery/dimassis-mediterranean-buffet-fort-worth/Gbn049x4R-6PdW0IaaAnew,fort-worth-texas
https://www.ubereats.com/dallas/food-delivery/piola-italian-restaurant/gFKaAtnmSbuy6AgimjsjsA,fort-worth-texas
https://www.ubereats.com/dallas/food-delivery/shinjuku-station/LweB6mfKRyWgvk7I_-Srzw,fort-worth-texas
https://www.ubereats.com/dallas/food-delivery/taco-bell-2808-denton-highway/XvYDMv36Q6uipL6JbTSyhA,fort-worth-texas
https://www.ubereats.com/dallas/food-delivery/pop-n-cream/yRBvO0kPQ1Wo127oFaZH7A,fort-worth-texas
https://www.ubereats.com/dallas/food-delivery/sonic-drive-in-1145-n-saginaw/x8ymgAzTRhO4jI3w5TLDsg,fort-worth-texas
https://www.ubereats.com/dallas/food-delivery/starbucks-hwy-199-and-charbonneau-lake/7XDQ78LfRaCoVRIWMRYZVQ,fort-worth-texas
https://www.ubereats.com/dallas/food-delivery/fuzzys-taco-shop-2917-w-berry-st/onRwIjWATDmPKepHe7HVcQ,fort-worth-texas
https://www.ubereats.com/dallas/food-delivery/hooties-burger-bar-150-throckmorton-suite-132/ZL0NJA-nQM2l6kow_cGddw,fort-worth-texas
https://www.ubereats.com/dallas/food-delivery/applebees-6301-lake-worth-blvd/MDgu4zSCTmCHqNZhOToETQ,fort-worth-texas
https://www.ubereats.com/dallas/food-delivery/taco-cabana-6552-lake-worth-blvd/TJnDZxLlTOClCnBxt3NVbA,fort-worth-texas
https://www.ubereats.com/dallas/food-delivery/chipotle-mexican-grill-6370-camp-bowie-blvd-ste-140/NWxDP96YTEyLR7U7NLzPIQ,fort-worth-texas
https://www.ubereats.com/dallas/food-delivery/captain-ds-8514-hwy-80-w/yVVLisQ8TbaNbZo0n_SYAg,fort-worth-texas
https://www.ubereats.com/dallas/food-delivery/bad-azz-burrito-blue-mound/k5xWPAfJRamcZRxX6j_X7g,fort-worth-texas
https://www.ubereats.com/dallas/food-delivery/dairy-queen-900-n-crowley-rd/jeJqG8AYQi-4tZyDKEvlbg,fort-worth-texas
https://www.ubereats.com/dallas/food-delivery/sunny-street-cafe-5000-western-center-blvd/gwQuPcCiQxy8rh8jFb2pcw,fort-worth-texas
https://www.ubereats.com/dallas/food-delivery/like-totally-sweet-and-savory-food-truck/yjbgEvWmSoy3W9et5VbEig,fort-worth-texas
https://www.ubereats.com/dallas/food-delivery/yogis-deli-and-grill/yuVRnWvbSsGmNHyInVGplA,fort-worth-texas
https://www.ubereats.com/dallas/food-delivery/taco-bueno-3189-fort-worth-%237/C-lmLsOJRY-0eFj9KyyKSQ,fort-worth-texas
https://www.ubereats.com/dallas/food-delivery/helados-la-azteca/qrQARFRARJmbyPDI71C_SA,fort-worth-texas
https://www.ubereats.com/dallas/food-delivery/yogurtland-3851-airport-fwy/JMvMS0xPQU2sWpktKriUEA,fort-worth-texas
https://www.ubereats.com/dallas/food-delivery/rule-the-roost/EAnvIrPIQnycDyBRQ7anoQ,fort-worth-texas
https://www.ubereats.com/dallas/food-delivery/popbar/Ik2fKDQ5TMOaHxtKWUhBcw,fort-worth-texas
https://www.ubereats.com/dallas/food-delivery/zenna-restaurant-fort-worth/MIyj_L7zSlKNA7xgQuvlag,fort-worth-texas
https://www.ubereats.com/dallas/food-delivery/charlestons-s-hulen-st/h6-5NF39RaSeEGRlPddnFw,fort-worth-texas
https://www.ubereats.com/dallas/food-delivery/seven-mile-cafeft-worth/LGngKonFQG-ejJGVzCgG1Q,fort-worth-texas
https://www.ubereats.com/dallas/food-delivery/bjs-restaurant-%26-brewhouse-9401-sage-meadow-trail/iPP4vUnOT9um0TKexL9w4A,fort-worth-texas
https://www.ubereats.com/dallas/food-delivery/jb-juniors/ZVI_9b-uSG-GnmidfkgpeA,fort-worth-texas
https://www.ubereats.com/dallas/food-delivery/nepali-chulo-%26-indian-cuisine/vLeWD5J5T16w2STporIhOg,fort-worth-texas
https://www.ubereats.com/dallas/food-delivery/cicis-1453-n-saginaw-blvd/Qu6HKQXUSVKMXHgztyRYcQ,fort-worth-texas
https://www.ubereats.com/dallas/food-delivery/vindolis-italian-and-pizzeria/QfBG_7dzQuivMjXQe8kjAA,fort-worth-texas
https://www.ubereats.com/dallas/food-delivery/mariscos-el-wero/K4ChxlnjSFKcLicVd3Rd9w,fort-worth-texas
https://www.ubereats.com/dallas/food-delivery/dales-donuts/_quscBnoSpuPqV14rjheLA,fort-worth-texas
https://www.ubereats.com/dallas/food-delivery/qdoba-mexican-eats-8924-tehama-ridge-pkwy/TH7nR4f7R-afavlFoSOCWw,fort-worth-texas
https://www.ubereats.com/dallas/food-delivery/stop-n-go-gyros-5142-rufe-snow/aU9mu9V_RruVur45Lc-OiA,fort-worth-texas
https://www.ubereats.com/dallas/food-delivery/krab-kingz-seafood/afmGayZkQ-ShxaMo99d_6Q,fort-worth-texas
https://www.ubereats.com/dallas/food-delivery/applebees-945-n-saginaw-blvd/8H2WNjEvQoKRZ73XSkUdMQ,fort-worth-texas
https://www.ubereats.com/dallas/food-delivery/wendys-2926-w-7th-ave/LIfiZLZsTZebMeOhFQMeAA,fort-worth-texas
https://www.ubereats.com/dallas/food-delivery/little-caesars-pizza-3869-maurice-ave/5J5ahvl8QBC6zPFwajCpEw,fort-worth-texas
https://www.ubereats.com/dallas/food-delivery/keller-donuts-%26-munchies/9WMIICnNRIiuvgwpOOfOEQ,fort-worth-texas
https://www.ubereats.com/dallas/food-delivery/amorino-gelato/TXodemt8QmWhQ_Yi2U7lPQ,fort-worth-texas
https://www.ubereats.com/dallas/food-delivery/taco-bell-1913-w-berry-st/mC0zShvoRvCQCIj_-gpjTw,fort-worth-texas
https://www.ubereats.com/dallas/food-delivery/starbucks-camp-bowie-%26-littlepage/xy6xEhLnTw2cppAvwHARMQ,fort-worth-texas
https://www.ubereats.com/dallas/food-delivery/acadia-parish-crawfish/uxadmZqZRQSw1m4UQdQeYA,fort-worth-texas
https://www.ubereats.com/dallas/food-delivery/auntie-annes-4800-s-hulen-str-spc-1640/RrUEk7MZREOn5eHzSe6i_A,fort-worth-texas
https://www.ubereats.com/dallas/food-delivery/cicis-pizza-2724-8th-ave/RjL5XXaNRUeByXrGlOrb2g,fort-worth-texas
https://www.ubereats.com/dallas/food-delivery/derek-allans-texas-bbq/ZADR7xhvQT-mbAStvcgAcw,fort-worth-texas
https://www.ubereats.com/dallas/food-delivery/mcdonalds-saginaw-blue-mnd/6nfqd7-YS8WZPic23MpuFw,fort-worth-texas
https://www.ubereats.com/dallas/food-delivery/potbelly-sandwich-shop-sundance-square-%7C-97/mNZ0tGG-Rb6MWoUiVoDs1A,fort-worth-texas
https://www.ubereats.com/dallas/food-delivery/firehouse-subs-alliance/bGUHOOazSZGdAKDklA3DYg,fort-worth-texas
https://www.ubereats.com/dallas/food-delivery/the-social-house-fort-worth/2SQGUX1QScC1atEM0ILHMQ,fort-worth-texas
https://www.ubereats.com/dallas/food-delivery/great-harvest-bread-co-1305-w-magnolia-ave/q3le1RNUQwWOMq5-Pl0w5w,fort-worth-texas
https://www.ubereats.com/dallas/food-delivery/sonic-2660-n-main-st/RMwy7TS7R7ucBkdSrlrz5g,fort-worth-texas
https://www.ubereats.com/dallas/food-delivery/little-caesars-pizza-3305b-n-main-st/25URC0JETOWpKMFck8JrSQ,fort-worth-texas
https://www.ubereats.com/dallas/food-delivery/muggle-shakes/ff1tjrjoR5K-xre8t9b2zA,fort-worth-texas
https://www.ubereats.com/dallas/food-delivery/arbys-3788-boat-club-dr/xFjle4FrQTCzcAYKwpjfXg,fort-worth-texas
https://www.ubereats.com/dallas/food-delivery/fiesta-mexican-restaurant/RlWW2D7eRQarsMErduDKkQ,fort-worth-texas
https://www.ubereats.com/dallas/food-delivery/kyushi-hibachi-%26-san/AGijL3EWQ8urRNxVYp4FZg,fort-worth-texas
https://www.ubereats.com/dallas/food-delivery/chalios-mexican-restaurant/P2MUTgzsT3C-7v1VtAGVuQ,fort-worth-texas
https://www.ubereats.com/dallas/food-delivery/pei-wei-5900-overton-ridge-blvd-suite-130/F5Ac7_mtRlWIEdv57gas3Q,fort-worth-texas
https://www.ubereats.com/dallas/food-delivery/creme-de-la-creme/LTCZZncLTFiLWd7JvQgNwA,fort-worth-texas
https://www.ubereats.com/dallas/food-delivery/donut-express/mf1A8hh5TLWUh4xuay-r7Q,fort-worth-texas
https://www.ubereats.com/dallas/food-delivery/flying-saucer-draught-emporium-fort-worth/LuGRKP1yQWSneMBl3I7-TQ,fort-worth-texas
https://www.ubereats.com/dallas/food-delivery/scotts-moms-cooking/eFAP4rvYSPqH3-7MvmejeQ,fort-worth-texas
https://www.ubereats.com/dallas/food-delivery/doc-bs-fresh-kitchen-fort-worth/3R4LQueHQlmkoztqDUyRlw,fort-worth-texas
https://www.ubereats.com/dallas/food-delivery/starbucks-5th-%26-university/uc5pPmTqQlCFLj4VGt2G_Q,fort-worth-texas
https://www.ubereats.com/dallas/food-delivery/taqueria-j-b-jr/ApBR5eazSfqETcNjC-keZg,fort-worth-texas
https://www.ubereats.com/dallas/food-delivery/funky-town-food-mart/xfUx64srT_KcNCV0Y6cm9A,fort-worth-texas
https://www.ubereats.com/dallas/food-delivery/guss-world-famous-fried-chicken-fort-worth/67lA7516TZmSVR0XnEIHfA,fort-worth-texas
https://www.ubereats.com/dallas/food-delivery/hurts-donut-fort-worth/ObDZRMtZRcO-6WWGp8fOHQ,fort-worth-texas
https://www.ubereats.com/dallas/food-delivery/pouring-glory/M9xCAaRiSbGg92WkBkVQvA,fort-worth-texas
https://www.ubereats.com/dallas/food-delivery/dwell-coffee-%26-biscuits-ft-worth/fXQmuib6TZap_f2L887log,fort-worth-texas
https://www.ubereats.com/dallas/food-delivery/mercury-chop-house/J9HPA9NmRpCx7Lu33tn1nw,fort-worth-texas
https://www.ubereats.com/dallas/food-delivery/starbucks-sundance-square-plaza/Fgt75x5GR92YRZP4sfEEhg,fort-worth-texas
https://www.ubereats.com/dallas/food-delivery/the-original-pancake-house-4646-sw-loop-820/XvKJRf4VR0OV9meBw4LNNw,fort-worth-texas
https://www.ubereats.com/dallas/food-delivery/sandys-real-chicken-fried-steaks-north-richland-hills/y5nOw9I-SP-CadgWPQ2ggA,fort-worth-texas
https://www.ubereats.com/dallas/food-delivery/5am-drip/1zZzby29SiW7pAq5Xvh6tQ,fort-worth-texas
https://www.ubereats.com/dallas/food-delivery/cancun-mexican-restaurant/9dtsrn6iS4CISMnf3fNF6A,fort-worth-texas
https://www.ubereats.com/dallas/food-delivery/wendys-2800-e-berry-st/d8PMKt1GQrmUwLcAAE-PPQ,fort-worth-texas
https://www.ubereats.com/dallas/food-delivery/tastebuds-live/dBjRq9waSYGMNxqsXoy5mg,fort-worth-texas
https://www.ubereats.com/dallas/food-delivery/taco-cabana-6551-n-beach-st/U-ysZVyzQ9Woi2YgspLfCw,fort-worth-texas
https://www.ubereats.com/dallas/food-delivery/mcdonalds-ft-worth-s-freeway-felix/eBdQlhUfT1y8Kg5-9CEGAg,fort-worth-texas
https://www.ubereats.com/dallas/food-delivery/sonic-100-n-nichols-st/fBZ8rAZMT22HpuC5-itBFA,fort-worth-texas
https://www.ubereats.com/dallas/food-delivery/outback-steakhouse-4608-bryant-irvin-road/RQvrpsxKSkiPRgBwYhuYNA,fort-worth-texas
https://www.ubereats.com/dallas/food-delivery/el-amigo-taqueria/1mWTL-LVRvKHdP4C-NkS3Q,fort-worth-texas
https://www.ubereats.com/dallas/food-delivery/natorious-eats/9DTapR2PTE6StjLXq6qbpw,fort-worth-texas
https://www.ubereats.com/dallas/food-delivery/burger-box-5609-crowley-rd-fort-worth/tDNBlI2_RVuRdltOK8yA8A,fort-worth-texas
https://www.ubereats.com/dallas/food-delivery/bottoms-up-sports-cabaret/RioItenUSnuIr4LPBkOixg,fort-worth-texas
https://www.ubereats.com/dallas/food-delivery/donut-palace/1gB3GH51RDOsBC2fcA8IKQ,fort-worth-texas
https://www.ubereats.com/dallas/food-delivery/wild-pitch/nIgruKfYSQu4nOvyDcSV-g,fort-worth-texas
https://www.ubereats.com/dallas/food-delivery/brewed/uZW3pkijQlma3VeD8GYyWA,fort-worth-texas
https://www.ubereats.com/dallas/food-delivery/starbucks-university-park-village/XfROtn5PRcKajYgb74qqsQ,fort-worth-texas
https://www.ubereats.com/dallas/food-delivery/jack-in-the-box-804-e-seminary-dr/LA2xl1OVSoCeKbqCpghMgg,fort-worth-texas
https://www.ubereats.com/dallas/food-delivery/wild-acre-brewing-co-camp-bowie/2fjPlnAuS4Kivbm1hS4miw,fort-worth-texas
https://www.ubereats.com/dallas/food-delivery/golden-chick-2820-e-berry-street/fCGcfn-hSPqM5rpj7xIOzg,fort-worth-texas
https://www.ubereats.com/dallas/food-delivery/pasquallys-pizza-%26-wings-9121-n-fwy-service-rd-e/ivwC76QaSX-KvJw2fFkCNA,fort-worth-texas
https://www.ubereats.com/dallas/food-delivery/papa-johns-2901-alta-mere/MlAQtZLITTasmZeBKsO35g,fort-worth-texas
https://www.ubereats.com/dallas/food-delivery/taco-cabana-6600-camp-bowie-blvd/WtZt7q_JTN-FYIsv5TWU_g,fort-worth-texas
https://www.ubereats.com/dallas/food-delivery/los-vaqueros-stockyards/DI-WgSE1Ro65cm4hVXKyFw,fort-worth-texas
https://www.ubereats.com/dallas/food-delivery/fuzzys-taco-shop-9180-north-fwy-ste-500/cO9VbLpJTv6WiH2NkWRSxg,fort-worth-texas
https://www.ubereats.com/dallas/food-delivery/pf-changs-400-throckmorton/rKLHkhjyTHSUrUUC0dziaA,fort-worth-texas
https://www.ubereats.com/dallas/food-delivery/pho-district/C7boSe95Qa6y_aF9XyXVmQ,fort-worth-texas
https://www.ubereats.com/dallas/food-delivery/sonic-6327-lake-worth-blvd/W5v5UAdqT4y3Ya6LsYet0g,fort-worth-texas
https://www.ubereats.com/dallas/food-delivery/jubes-smokehouse/I5pfaUsEThqS1BQFB1iCDw,fort-worth-texas
https://www.ubereats.com/dallas/food-delivery/mangos-grill-western-center-blvd/1wEkuJudRE6SQ_aUQA4Syw,fort-worth-texas
https://www.ubereats.com/dallas/food-delivery/sweet-treats-and-grill/RvXkcMsISU6PqxUxy717yw,fort-worth-texas
https://www.ubereats.com/dallas/food-delivery/dinos-pizza/Sv5WNb8rTf644lEnT8N9Qw,fort-worth-texas
https://www.ubereats.com/dallas/food-delivery/tjs-catfish-and-wings/ejzMqj29RGerDcrYMlijpw,fort-worth-texas
https://www.ubereats.com/dallas/food-delivery/mcdonalds-forest-hill-tx-wichita-st/-elbr-SoRnS5PW5_YVkSzg,fort-worth-texas
https://www.ubereats.com/dallas/food-delivery/blue-mesa-grill-fort-worth/bJ1ytOKyQdabrJwbv5mQBA,fort-worth-texas
https://www.ubereats.com/dallas/food-delivery/bosses-pizza-fort-worth/vqNZXJhQRxWqwPD7RcrtFA,fort-worth-texas
https://www.ubereats.com/dallas/food-delivery/taqueria-san-luis/jMDveD2wSlaF24kC7sWyew,fort-worth-texas
https://www.ubereats.com/dallas/food-delivery/taco-bell-5340-blue-mound-rd/uPnXj_FHQPyXmDTKnMZ4dg,fort-worth-texas
https://www.ubereats.com/dallas/food-delivery/lone-star-bbq/w9fUMFJyTtytuqxuebCU4w,fort-worth-texas
https://www.ubereats.com/dallas/food-delivery/pine-donuts/2mtxUbTEQ4ymnYR1ETkLkw,fort-worth-texas
https://www.ubereats.com/dallas/food-delivery/park-hill-cafe/fijI_f79Qg2EdbjAfczjYQ,fort-worth-texas
https://www.ubereats.com/dallas/food-delivery/ihop-3007-fort-worth/ZaZ3zkS_TtSI11Q2KEOBiw,fort-worth-texas
https://www.ubereats.com/dallas/food-delivery/foodies-den/1kflQbkCQiOsXxSoDFuVpg,fort-worth-texas
https://www.ubereats.com/dallas/food-delivery/zoes-kitchen-7300-denton-hwy/9CnFsdnLSfuV1GPTO0FK4g,fort-worth-texas
https://www.ubereats.com/dallas/food-delivery/spice-8/koHubseGSOKBWtvAqP6vwg,fort-worth-texas
https://www.ubereats.com/dallas/food-delivery/red-goose-saloon/iJF-FJNrTye-rRrWwjhgiQ,fort-worth-texas
https://www.ubereats.com/dallas/food-delivery/boopas-bagel-deli/HPZ0OVkGSduBUOJTIN6tEQ,fort-worth-texas
https://www.ubereats.com/dallas/food-delivery/frezko-taco-spot/PEO2D1EISK2qNuSGOop_Ig,fort-worth-texas
https://www.ubereats.com/dallas/food-delivery/popeyes-3021-western-center-blvd/VlkPKYAaRlS9VofDZ189Yw,fort-worth-texas
https://www.ubereats.com/dallas/food-delivery/first-watch-alliance/zMdOqzHIQXCLzp07siNddw,fort-worth-texas
https://www.ubereats.com/dallas/food-delivery/dennys-3543-jim-wright-frwy/3ieaikf5QmGMxmKJgE3mcA,fort-worth-texas
https://www.ubereats.com/dallas/food-delivery/the-thai-house/zNqPgU19TCydHOHrea_jqw,fort-worth-texas
https://www.ubereats.com/dallas/food-delivery/mcdonalds-ft-worth-central-market-s-hulen/EpLC_KDZR46BlVYZbySkYw,fort-worth-texas
https://www.ubereats.com/dallas/food-delivery/slice-city/dzjSsJ0xTU-QnJbpvoCyEA,fort-worth-texas
https://www.ubereats.com/dallas/food-delivery/taqueria-san-luis/eHeJhS2aQyeEakYRW2MynQ,fort-worth-texas
https://www.ubereats.com/dallas/food-delivery/hollywood-burger-keller/F7htwNfgRzWYmidiwW2mng,fort-worth-texas
https://www.ubereats.com/dallas/food-delivery/starbucks-montgomery-plaza-7th-%26-carrol/An7X2JVNR4CpSiN_dEGxJA,fort-worth-texas
https://www.ubereats.com/dallas/food-delivery/paul-donut-sub-gyros/q1n0wcf9TQ2BxkjF6M7BuQ,fort-worth-texas
https://www.ubereats.com/dallas/food-delivery/cuates-kitchen/GuQYp-3wQBiHuq8uj5-oJw,fort-worth-texas
https://www.ubereats.com/dallas/food-delivery/taco-bell-3801-valentine-st/mRjvApOXRd2VUIGvcd9HGg,fort-worth-texas
https://www.ubereats.com/dallas/food-delivery/arroyos-mexican-food/fmhT0kvASW-Jvq3SOJ3nDQ,fort-worth-texas
https://www.ubereats.com/dallas/food-delivery/mcalisters-deli-537-ft-worth-tcu-tx-1363/trSvcGOOSPy9ZrvEftBx-g,fort-worth-texas
https://www.ubereats.com/dallas/food-delivery/chicken-express-fort-worth-berry/rKFhTrJ6QL2lwVxF8S7PZQ,fort-worth-texas
https://www.ubereats.com/dallas/food-delivery/mcdonalds-ft-worth-tx-n-beach-western/mder5hbYRW-riyrUH3gurg,fort-worth-texas
https://www.ubereats.com/dallas/food-delivery/benbrook-cafe/heO-K3GcSIWAU_3YLBzgYQ,fort-worth-texas
https://www.ubereats.com/dallas/food-delivery/luigis-italian-restaurant/hxtWD4A2QPeLjuVw5CzO5g,fort-worth-texas
https://www.ubereats.com/dallas/food-delivery/papa-johns-e-berry-st/piiRyiYLQkK08mrOXHDPHg,fort-worth-texas
https://www.ubereats.com/dallas/food-delivery/jersey-mikes-subs-fort-worth-6318-camp-bowie-boulevard/wjRdBn4OTq-05wrHvveTfg,fort-worth-texas
https://www.ubereats.com/dallas/food-delivery/daybreak-cafe-%26-grill/K2qllfJqSVO7QRNRCdBc2Q,fort-worth-texas
https://www.ubereats.com/dallas/food-delivery/jersey-mikes-subs-1624-basswood-blvd/XkQmioTfSSWEnfMi9Z31Dw,fort-worth-texas
https://www.ubereats.com/dallas/food-delivery/taco-bell-5501-sycamore-school-rd/B6GKRsW0QtSjmNDK_dPCdw,fort-worth-texas
https://www.ubereats.com/dallas/food-delivery/jack-in-the-box-6352-lake-worth-blvd/BuTYH0W4Q1GWnZbVLV2yXg,fort-worth-texas
https://www.ubereats.com/dallas/food-delivery/grandys-1051-bridgewood-dr/vrSy_r69TRS1PIGHqN_atA,fort-worth-texas
https://www.ubereats.com/dallas/food-delivery/mi-casa-seafood-and-mexican-cuisine/N0NbsuvwRYesuYxzw1aT1w,fort-worth-texas
https://www.ubereats.com/dallas/food-delivery/cicis/Mr4jj56mSc2u5_AmRbTneg,fort-worth-texas
https://www.ubereats.com/dallas/food-delivery/mexican-inn-cafe-lancaster-ave/tGSkxMp6QQSXAwzMtXOd0Q,fort-worth-texas
https://www.ubereats.com/dallas/food-delivery/trio-pizza-%26-pasta/SwrjljG-QGaSm29S2UEhAQ,fort-worth-texas
https://www.ubereats.com/dallas/food-delivery/the-post-at-river-east/aPRHMtIwTg-4XLDUYx6OUA,fort-worth-texas
https://www.ubereats.com/dallas/food-delivery/sausage-shoppe/Pc-f_pbZRJWcdvT4xgnjgQ,fort-worth-texas
https://www.ubereats.com/dallas/food-delivery/ihop-1394-cherry-lane/VDlCuxnaTI6jU_etdFqw3A,fort-worth-texas
https://www.ubereats.com/dallas/food-delivery/birdiebop/heaCKFCMRqyjiKOE7u98hA,fort-worth-texas
https://www.ubereats.com/dallas/food-delivery/taco-bell-1117-north-saginaw-blvd/9f_A5pIlRKKTJelXxzJk0w,fort-worth-texas
https://www.ubereats.com/dallas/food-delivery/mamma-mia-belknap-st/bOkMrYkgRTC4Y_iOe1BapA,fort-worth-texas
https://www.ubereats.com/dallas/food-delivery/byblos-mediterranean-lebanese-restaurant/Z8boa1umQcyC_trJxd4NEw,fort-worth-texas
https://www.ubereats.com/dallas/food-delivery/macaroni-grill-university/ciIcuAHsSBqDQObjsZCUbw,fort-worth-texas
https://www.ubereats.com/dallas/food-delivery/j%26k-foodstore/6FmmxaIXR8SJkiqx51FksA,fort-worth-texas
https://www.ubereats.com/dallas/food-delivery/zoes-kitchen-5917-convair-dr-suite-309/J_27LwF_T3mdEVa-3yHfXQ,fort-worth-texas
https://www.ubereats.com/dallas/food-delivery/steel-city-pops-5924-convair-drive/sMUcRW95TfaLxLVek1A02g,fort-worth-texas
https://www.ubereats.com/dallas/food-delivery/terrys-donut/vWN1D_A_SSCR10c58E0LAg,fort-worth-texas
https://www.ubereats.com/dallas/food-delivery/first-watch-camp-bowie/mZFBg4aDQKSERd5wMbRsQw,fort-worth-texas
https://www.ubereats.com/dallas/food-delivery/genghis-grill-fossil-creek/nhQSeSqCSHuk02CLz3cTaQ,fort-worth-texas
https://www.ubereats.com/dallas/food-delivery/little-red-wasp/TFz0zs-LSTq6Y42gMJy8fA,fort-worth-texas
https://www.ubereats.com/dallas/food-delivery/365-tacos/vjJYZE0VS6CiQdRKILgAmg,fort-worth-texas
https://www.ubereats.com/dallas/food-delivery/ihop-1465/o_R3VX6hS2qfJZVyRLrDJA,fort-worth-texas
https://www.ubereats.com/dallas/food-delivery/chick-fil-a-3200-hulen-st/18hjdGW1S7KyWA88FbDWCg,fort-worth-texas
https://www.ubereats.com/dallas/food-delivery/nekter-juice-bar-fort-worth/MDLCvEoxTwKaIUoji46kkQ,fort-worth-texas
https://www.ubereats.com/dallas/food-delivery/jets-pizza-fort-worth/oRFpR6FMTIe4z_9-NFwqPg,fort-worth-texas
https://www.ubereats.com/dallas/food-delivery/joes-pasta-n-pizza/K_Qgaw2uSzm6fYdii4IQAg,fort-worth-texas
https://www.ubereats.com/dallas/food-delivery/sonic-7608-blvd-26/7ZOesVs-R2iUNqGb33A5Hw,fort-worth-texas
https://www.ubereats.com/dallas/food-delivery/jack-in-the-box-5031-e-lancaster/2Tlio4OfS_6hrXUr2a3RuA,fort-worth-texas
https://www.ubereats.com/dallas/food-delivery/cannon-chinese-kitchen/cvp1VeHwR0CqMH9sGseDmA,fort-worth-texas
https://www.ubereats.com/dallas/food-delivery/churchs-chicken-3900-ne-28th-street/ZoYwEQCSTlKtsAvIcXK85g,fort-worth-texas
https://www.ubereats.com/dallas/food-delivery/love-shack/2rNPKK6JRW60fTPlF175qA,fort-worth-texas
https://www.ubereats.com/dallas/food-delivery/chicken-express-3834-altamesa-blvd/tBGv_-E4SFephLXvydWZrg,fort-worth-texas
https://www.ubereats.com/dallas/food-delivery/taco-bell-5304-river-oaks-blvd/0BvURuyJTKCAqI-wH9rg_A,fort-worth-texas
https://www.ubereats.com/dallas/food-delivery/wizards-burgers-brews-and-more/C2sjmDpiRJ6Yq_s9W2R9XQ,fort-worth-texas
https://www.ubereats.com/dallas/food-delivery/mcdonalds-ft-worth-tx-camp-bowie-hil/PDs2lOd0S8SvgL6t9opfuQ,fort-worth-texas
https://www.ubereats.com/dallas/food-delivery/dutchs-hamburgers/d52MMZAHRPykhNHB8l72Pg,fort-worth-texas
https://www.ubereats.com/dallas/food-delivery/mcdonalds-ft-worth-alta-mesa/7fEbezPCSm6P8MFw1IwSdQ,fort-worth-texas
https://www.ubereats.com/dallas/food-delivery/jack-in-the-box-7065-ridgemar-meadow-rd/XEWLWkgiR22_ANTUmJYgBA,fort-worth-texas
https://www.ubereats.com/dallas/food-delivery/cane-rosso-fort-worth/RfTb3GU9SAOUsD5cdExGbQ,fort-worth-texas
https://www.ubereats.com/dallas/food-delivery/la-pasadita/dNZmjIz1S2y_ANbZLN8h3w,fort-worth-texas
https://www.ubereats.com/dallas/food-delivery/my-cafe-breakfast%26lunch/Y3TEuJ6kSmmx2LCDvy9bEw,fort-worth-texas
https://www.ubereats.com/dallas/food-delivery/sonic-7101-boat-club-rd/FbpzlzLzSaWXnAoH-0ih1Q,fort-worth-texas
https://www.ubereats.com/dallas/food-delivery/samwhichery/AiUwBLP9Tt6XhD2Iu17uVg,fort-worth-texas
https://www.ubereats.com/dallas/food-delivery/frida-texican-bistro/Gp6i1TSkT2aqNvOqUfXRsg,fort-worth-texas
https://www.ubereats.com/dallas/food-delivery/wow-house-chinese-restaurant/BrUm6USUTOy5t9gHySgDYA,fort-worth-texas
https://www.ubereats.com/dallas/food-delivery/oni-ramen-fort-worth/XffzeqCPS1a8KxeHACMPkg,fort-worth-texas
https://www.ubereats.com/dallas/food-delivery/sonic-drive-in-forest-hill/_isfuiwSS5y39UZrB3FMLg,fort-worth-texas
https://www.ubereats.com/dallas/food-delivery/cracker-barrel-old-country-store-4691-gemini-place/ZXkgaH4dSH2tfmkDAUvYuQ,fort-worth-texas
https://www.ubereats.com/dallas/food-delivery/chick-fil-a-6556-lake-worth-blvd/LpTn9ygNT4u_nu-A20mQ5w,fort-worth-texas
https://www.ubereats.com/dallas/food-delivery/sonic-4500-golden-triangle-blvd/84MIjkJ0QKGI6vOZ_Mb7GA,fort-worth-texas
https://www.ubereats.com/dallas/food-delivery/simply-thai-keller/3o7YHuGRTMKTl8-FdmK41Q,fort-worth-texas
https://www.ubereats.com/dallas/food-delivery/papa-johns-7832-crowley-rd/BjEWsb9JQWu9jlX4OZhNZw,fort-worth-texas
https://www.ubereats.com/dallas/food-delivery/jack-in-the-box-1001-south-fwy/4V9yk6xzQbSnE8XvcnySWA,fort-worth-texas
https://www.ubereats.com/dallas/food-delivery/mcdonalds-haltom-cty-belkn/C6Y9K6VTQ7iHw5lprDu7Hg,fort-worth-texas
https://www.ubereats.com/dallas/food-delivery/lubys-ne-loop-820/ezkVL65BT7yA_gr4YsxQ3A,fort-worth-texas
https://www.ubereats.com/dallas/food-delivery/fortuna-italian-resturant/U7fr2zo7S1q5xY00A9h7-w,fort-worth-texas
https://www.ubereats.com/dallas/food-delivery/olivellas-neo-pizza-napoletana/jOVZB80yTXKvXKp7nIO2FA,fort-worth-texas
https://www.ubereats.com/dallas/food-delivery/cicis-9324-clifford-st/WjxU9FYDTkmR-8jSxUyDUQ,fort-worth-texas
https://www.ubereats.com/dallas/food-delivery/jimmys-big-burger/2gobu0DEQqCsxLzLrXg41g,fort-worth-texas
https://www.ubereats.com/dallas/food-delivery/mcdonalds-ft-worth-tx-renaissance-square/dlXichqjS62K4jim5v5rpg,fort-worth-texas
https://www.ubereats.com/dallas/food-delivery/kfc-1000-n-beach-st/QYTVmPjtRSONpetrEeLaEg,fort-worth-texas
https://www.ubereats.com/dallas/food-delivery/pho-real/2MDS3yivRJaXz37CiiakZA,fort-worth-texas
https://www.ubereats.com/dallas/food-delivery/el-paisa-cocina-mexicana-1550-north-beach-st/tQeriSIBRe2NPop2FFjmvw,fort-worth-texas
https://www.ubereats.com/dallas/food-delivery/spring-creek-barbeque-6701-lake-worth-blvd/d-irfyDTROm12PbkJge-cg,fort-worth-texas
https://www.ubereats.com/dallas/food-delivery/thai-tinas-in-the-embassy-suites-hotel/pDwlPy3nQdi3Z31-ZpC2Gw,fort-worth-texas
https://www.ubereats.com/dallas/food-delivery/zs-cafe-fort-worth/LwiVNJKOQDuTHuio7KtWEw,fort-worth-texas
https://www.ubereats.com/dallas/food-delivery/chard-southeast-asian-kitchen-fort-worth/7VLhtgN2ToWJdTY4uRb-zQ,fort-worth-texas
https://www.ubereats.com/dallas/food-delivery/jack-in-the-box-2220-jacksboro-hwy/ddqv407qQC2vjtDAv_1f9w,fort-worth-texas
https://www.ubereats.com/dallas/food-delivery/tributary-cafe/lRwyiyI7QfOp9nV298WTLQ,fort-worth-texas
https://www.ubereats.com/dallas/food-delivery/subway-2917-alta-mere-dr/-E-VozsrRrm80ORtyZMS9w,fort-worth-texas
https://www.ubereats.com/dallas/food-delivery/dusty-biscuit-beignets/8PwDhbDsTbqgnjNWvrZ9Hw,fort-worth-texas
https://www.ubereats.com/dallas/food-delivery/posados-ft/k8ShBvDzQkO73I_L4LGkkg,fort-worth-texas
https://www.ubereats.com/dallas/food-delivery/freds-texas-cafe-original/jaNeLNVcS0eaAFg29c_MQQ,fort-worth-texas
https://www.ubereats.com/dallas/food-delivery/the-pizza-buffet/ZLvk69KUQSaSVA3Xh_cytA,fort-worth-texas
https://www.ubereats.com/dallas/food-delivery/mexican-inn-n-henderson/Dtyq3PyrQCeNYJ3ibubp_Q,fort-worth-texas
https://www.ubereats.com/dallas/food-delivery/grace-donut/Qi50vO7mSWmZACL2P3pOCQ,fort-worth-texas
https://www.ubereats.com/dallas/food-delivery/china-pagoda-restaurant/LXr3f9Z4Rae5yvXpT03tmg,fort-worth-texas
https://www.ubereats.com/dallas/food-delivery/toro-toro/vOYLfRdIRoCXb2qOQJnkqQ,fort-worth-texas
https://www.ubereats.com/dallas/food-delivery/toppers-pizza-fort-worth-tcu/Q7Fq35lmT-S3uuO3iZJy_A,fort-worth-texas
https://www.ubereats.com/dallas/food-delivery/taco-cabana-4313-s-freeway/FH9KStzwRgqZZZ9iN5rvwA,fort-worth-texas
https://www.ubereats.com/dallas/food-delivery/firehouse-subs-bryant-irvin/9-tcLiOkTACT_plnkV_TyA,fort-worth-texas
https://www.ubereats.com/dallas/food-delivery/steel-city-pops-908-currie-street/wxPjXwuLQHCyD9hOnNlK6w,fort-worth-texas
https://www.ubereats.com/dallas/food-delivery/route-66-indian-american-restaurant/DwZ5SdlaRGmjtjp17M3cGg,fort-worth-texas
https://www.ubereats.com/dallas/food-delivery/world-blend-brunch/qXeGcF5SRGOSFvwZJTS_rw,fort-worth-texas
https://www.ubereats.com/dallas/food-delivery/dairy-queen-6417-mccart-ave/9C9cO87XRQGeTyIwZoGYWA,fort-worth-texas
https://www.ubereats.com/dallas/food-delivery/potbelly-sandwich-shop-n-tarrant-parkway-%26-35-dt-%7C-387/tIly-ao9QyejUD0Edm-jWw,fort-worth-texas
https://www.ubereats.com/dallas/food-delivery/qdoba-6002-camp-bowie-blvd/7AuNvYUcTcmUy-uTgPBbwA,fort-worth-texas
https://www.ubereats.com/dallas/food-delivery/navajo-burgers/lO6IPgM-SEqCBi-JGiL60A,fort-worth-texas
https://www.ubereats.com/dallas/food-delivery/poke-stop/DUddg8OUSoi1-9spVas3Pw,fort-worth-texas
https://www.ubereats.com/dallas/food-delivery/zaritas-mexican-grill/XkkaYRuPQcu6E1MeSc4RYw,fort-worth-texas
https://www.ubereats.com/dallas/food-delivery/mr-bakery-donuts/Zpxatw24Sp6AXk86En5wcA,fort-worth-texas
https://www.ubereats.com/dallas/food-delivery/boun-bistro/0P0nZ0hlTJKSugunM0cdBw,fort-worth-texas
https://www.ubereats.com/dallas/food-delivery/cicis-pizza-6342-lake-worth-blvd/v0bb2Dk9SqOmfBI9H9J5FQ,fort-worth-texas
https://www.ubereats.com/dallas/food-delivery/starbucks-i-20-and-trail-lake/uRwCGzmBSaey6wnk5V98Mg,fort-worth-texas
https://www.ubereats.com/dallas/food-delivery/dairy-queen-5441-rufe-snow-dr/fJSzxn0KR0uYzxRkLfWEbg,fort-worth-texas
https://www.ubereats.com/dallas/food-delivery/italy-pasta-%26-pizza-fort-worth/0Fdrt6PbSlK8o85-7fL6xg,fort-worth-texas
https://www.ubereats.com/dallas/food-delivery/patriotic-pig-bbq/175UtQNZRBC8c6--cjndew,fort-worth-texas
https://www.ubereats.com/dallas/food-delivery/little-caesars-9521-white-settlement-rd/mXUadipbTzGHiOBl0sk9Bg,fort-worth-texas
https://www.ubereats.com/dallas/food-delivery/fruitealicious-bubble-tea-%26-smoothies-fort-worth/YamhVjYYQKGWQOvKYYG_LA,fort-worth-texas
https://www.ubereats.com/dallas/food-delivery/boston-market-4402-little-road/Nc0fX4jXSj64FPYIXJdPVg,fort-worth-texas
https://www.ubereats.com/dallas/food-delivery/krispy-kreme-westworth-blvd-%26-fairway-dr/jqWGUyxqTpqZADfqqtL60g,fort-worth-texas
https://www.ubereats.com/dallas/food-delivery/taco-bell-2824-n-main-st/kqiMqcfhT_CvZ5VNV-CqHg,fort-worth-texas
https://www.ubereats.com/dallas/food-delivery/opah-greek-favor/wLQrMibJQOCYJTfHOuSXiA,fort-worth-texas
https://www.ubereats.com/dallas/food-delivery/vals-cheesecakes/02jHc_0lS8GdMdbNtYf_Tw,fort-worth-texas
https://www.ubereats.com/dallas/food-delivery/hightower-deli-%26-cafe-cherry-st/mb6KcdHbSe-CTnwAKoS2fQ,fort-worth-texas
https://www.ubereats.com/dallas/food-delivery/pollo-maya/ND2WozbeQDyzcCGk8ClKfw,fort-worth-texas
https://www.ubereats.com/dallas/food-delivery/saikou-sushi-%26-ramen/qGl1D-tARDC6wdtLUojZPw,fort-worth-texas
https://www.ubereats.com/dallas/food-delivery/texas-de-brazil-fort-worth/gsvXxKVrT8Clti5f0J5T4g,fort-worth-texas
https://www.ubereats.com/dallas/food-delivery/uncle-julios-camp-bowie/HkP-QjSbTvi6pR6wxdzIjA,fort-worth-texas
https://www.ubereats.com/dallas/food-delivery/joy-donuts/bkk4LD0VSVidyq3_7E-amA,fort-worth-texas
https://www.ubereats.com/dallas/food-delivery/hanabi-hibachi-and-sushi/N_GjS-_UTJO4S66iM0qxkA,fort-worth-texas
https://www.ubereats.com/dallas/food-delivery/which-wich-superior-sandwiches-2908-texas-sage-trail/lrF9_X9GQ3-uOLLEUwRP9A,fort-worth-texas
https://www.ubereats.com/dallas/food-delivery/fat-shack-fort-worth/r1c-u_u8Q5KPwOUuNX6_qQ,fort-worth-texas
https://www.ubereats.com/dallas/food-delivery/mexican-inn-cafe-lake-worth/S73ZUyvDQBqVEgi5y33H0g,fort-worth-texas
https://www.ubereats.com/dallas/food-delivery/five-guys-tx-1402-9180-north-freeway/kVGl_5dzQAuu8270rsYNIg,fort-worth-texas
https://www.ubereats.com/dallas/food-delivery/los-taco-hs-cleburne-rd/c4VJZ2wDQKKSkpDTSYIEMw,fort-worth-texas
https://www.ubereats.com/dallas/food-delivery/glorias-latin-cuisine-2600-w-seventh-st/d13Yp-P9SDuErBb34eEFNg,fort-worth-texas
https://www.ubereats.com/dallas/food-delivery/duckys-taco-shop/L76rx2DqTOaHuO0pTA7TuQ,fort-worth-texas
https://www.ubereats.com/dallas/food-delivery/los-molcajetes-mexican-restaurant-fort-worth/qW94Y_raQSK__v9zg0cjXA,fort-worth-texas
https://www.ubereats.com/dallas/food-delivery/pei-wei-2901-heritage-trace-parkway-suite-105/SzTjf4YpR6Wrq7RIQP5eZg,fort-worth-texas
https://www.ubereats.com/dallas/food-delivery/on-the-border-lake-worth/iCGLNG_DTpSJ5MPP1z8udQ,fort-worth-texas
https://www.ubereats.com/dallas/food-delivery/chicken-express-river-oaks/9HgJhTYvSdqmYhgiNsORIg,fort-worth-texas
https://www.ubereats.com/dallas/food-delivery/arbys-1033-n-saginaw-blvd/wb68SRdcTA-tx9roiyXEyg,fort-worth-texas
https://www.ubereats.com/dallas/food-delivery/central-donuts-%26-bakery/K-P784yzQVaKow1cC7DQbA,fort-worth-texas
https://www.ubereats.com/dallas/food-delivery/papa-johns-4311-little-road/txpYPlpiRj-XR4UjZ04l5A,fort-worth-texas
https://www.ubereats.com/dallas/food-delivery/rise-and-shine/J1Y9wgGrRcOk7jsJkRie0g,fort-worth-texas
https://www.ubereats.com/dallas/food-delivery/del-friscos-double-812-main-st/zueevfiQTeKXFOShgeyCJQ,fort-worth-texas
https://www.ubereats.com/dallas/food-delivery/luna-grill-fort-worth/jQB4LorqSxKMPXW1QJ6Fvg,fort-worth-texas
https://www.ubereats.com/dallas/food-delivery/potbelly-sandwich-shop-hulen-%7C-82/Lw1LafhOQ1O_YijXcZ6YoA,fort-worth-texas
https://www.ubereats.com/dallas/food-delivery/hungry-eyes/bI0vVPxGR3ipci5ddf8qNQ,fort-worth-texas
https://www.ubereats.com/dallas/food-delivery/blue-tower-cafe/GDVZy1FSS1ChensQnA9XdQ,fort-worth-texas
https://www.ubereats.com/dallas/food-delivery/snappy-salads-camp-bowie-blvd/7CuJloolRFec8IfmtJl7PQ,fort-worth-texas
https://www.ubereats.com/dallas/food-delivery/wendys-1751-s-cherry-lane/2SvkyACLTbqqsvRA1KB_uA,fort-worth-texas
https://www.ubereats.com/dallas/food-delivery/dos-juanitos-mexican-food/iyrtxVPBSeaQwjqUUDq2bQ,fort-worth-texas
https://www.ubereats.com/dallas/food-delivery/taco-bell-6162-meadowbrook-dr/IgrrYVZPSkyNfcnKZ07mFw,fort-worth-texas
https://www.ubereats.com/dallas/food-delivery/wild-acre-brewing-co-camp-bowie/bCA92OhoR4yoOXZd28LKqw,fort-worth-texas
https://www.ubereats.com/dallas/food-delivery/a%26w-all-american-food-4561-western-center-blvd/xjwqW0ezRDWgjO96cGfgYA,fort-worth-texas
https://www.ubereats.com/dallas/food-delivery/evitas-mexican-restaurant/gni0mIo4RMWKBFwlN20UDw,fort-worth-texas
https://www.ubereats.com/dallas/food-delivery/papa-johns-8945-tehama-ridge-parkway/b11oYH7MRiWXFeIXkwlawA,fort-worth-texas
https://www.ubereats.com/dallas/food-delivery/goldfish-sushi/9zIqQ2RtQrqjNJ3Cxj1WhQ,fort-worth-texas
https://www.ubereats.com/dallas/food-delivery/palios-pizza-cafe-4855-bryant-irvin-rd/ZIBdLN_aQpKOvvR1IFvAeQ,fort-worth-texas
https://www.ubereats.com/dallas/food-delivery/taco-cabana-4360-little-rd/jHcUU3BWTaS0bR1DHkMAuw,fort-worth-texas
https://www.ubereats.com/dallas/food-delivery/michoacana-creamery/jRzVJ5_vSASUWv6t8wFrhw,fort-worth-texas
https://www.ubereats.com/dallas/food-delivery/happy-bowl-thai-restaurant/HCjALMLsRUWVVhH_ZZg8bg,fort-worth-texas
https://www.ubereats.com/dallas/food-delivery/shake-shack-122-e-exchange-ave/DGE18PNhRpmbKNaTRZzAxw,fort-worth-texas
https://www.ubereats.com/dallas/food-delivery/hoffbrau-steak-%26-grill-house-benbrook/NfyJL1opTCOzhapMS5JQKg,fort-worth-texas
https://www.ubereats.com/dallas/food-delivery/kfc-2251-jacksboro-highway/mKFmli0DQI6vRoLWUYtaOg,fort-worth-texas
https://www.ubereats.com/dallas/food-delivery/sonic-2000-alta-mesa-blvd/Jbphtd_gR32WxmFjoyjCMg,fort-worth-texas
https://www.ubereats.com/dallas/food-delivery/ederville-grill/c43OVVsAQ5ObN9almobT3A,fort-worth-texas
https://www.ubereats.com/dallas/food-delivery/papa-johns-8455-boat-club-rd-suite-ste180/bl19hN7LQxyRkU9CjvumwA,fort-worth-texas
https://www.ubereats.com/dallas/food-delivery/smoothie-king-8450-denton-hwy/_yYZQ0_3SsGnI0AauAzX7Q,fort-worth-texas
https://www.ubereats.com/dallas/food-delivery/starbucks-bryant-irvin-%26-overton/9yCf2bCLQiKAQzdEp7Y3iA,fort-worth-texas
https://www.ubereats.com/dallas/food-delivery/little-caesars-309-west-northside-dr/2wTqR78QSPq0yA8NoiqP6A,fort-worth-texas
https://www.ubereats.com/dallas/food-delivery/fort-worth-wings-2-go/NVo3sejSSImvXzbIP4uY0w,fort-worth-texas
https://www.ubereats.com/dallas/food-delivery/archies-donuts/JGznz4THTY6cQgt7uoQkZQ,fort-worth-texas
https://www.ubereats.com/dallas/food-delivery/chicken-salad-chick-fort-worth/b9JawLymSbCeWTBZQC4mVQ,fort-worth-texas
https://www.ubereats.com/dallas/food-delivery/my-lan-bistro/Vvde_53yQhup_jTPpnlUeg,fort-worth-texas
https://www.ubereats.com/dallas/food-delivery/america-gardens/xCmO-kOoQ3-GBHj_qkRgKg,fort-worth-texas
https://www.ubereats.com/dallas/food-delivery/italianos-restaurant/DRCjcG1mRuCk7Z0ruW9-Rw,fort-worth-texas
https://www.ubereats.com/dallas/food-delivery/sonic-6280-beach-st/Z0_7nEs4QsWOnkX8pECphg,fort-worth-texas
https://www.ubereats.com/dallas/food-delivery/el-pollo-loco-8817-n-freeway3864/NclWRTaJQeajFWMHkohdUQ,fort-worth-texas
https://www.ubereats.com/dallas/food-delivery/subway-616-w-rosedale-st/e1CnA0AlRZu-97hx4NjABQ,fort-worth-texas
https://www.ubereats.com/dallas/food-delivery/new-day-cafe-brunch-house/pH1xQxD7Tmu9C8KIwWNxeQ,fort-worth-texas
https://www.ubereats.com/dallas/food-delivery/papa-johns-haltom-city/gws05X-GQoykFx4wvnYorg,fort-worth-texas
https://www.ubereats.com/dallas/food-delivery/super-chix-fort-worth/8MSApJnXRMuKCP1_Q371Bw,fort-worth-texas
https://www.ubereats.com/dallas/food-delivery/chick-fil-a-549-carroll-st/A-HBto-tRjSvGrZv6lE3yg,fort-worth-texas
https://www.ubereats.com/dallas/food-delivery/cafe-acapulco/0kOrQZpTQ323vLPIfJN82w,fort-worth-texas
https://www.ubereats.com/dallas/food-delivery/chipotle-mexican-grill-2901-heritage-trace-pkwy-ste-101/26EfiACFQkC4whqRfombuw,fort-worth-texas
https://www.ubereats.com/dallas/food-delivery/beto-hernandez-foods/BU_hYxiYTg2TqMJiN2o_CQ,fort-worth-texas
https://www.ubereats.com/dallas/food-delivery/five-guys-tx-1437-313-houston-st/Zeeq8RtURkiYz3k8h3EYZQ,fort-worth-texas
https://www.ubereats.com/dallas/food-delivery/chadra-mezza-%26-grill/3S4IVnO0Rm-m0qK6HyGN4Q,fort-worth-texas
https://www.ubereats.com/dallas/food-delivery/hopdoddy-burger-bar-fort-worth/Ix2hvTPVQWeXzNAVqPSVYA,fort-worth-texas
https://www.ubereats.com/dallas/food-delivery/papawady-asian-restaurant/7owgFmP7T_6UKJd-L1WepQ,fort-worth-texas
https://www.ubereats.com/dallas/food-delivery/sonic-drive-in-berry/PpgWIJ2GRwms8gaysU_WAg,fort-worth-texas
https://www.ubereats.com/dallas/food-delivery/mesero-clearfork/n1I8eo-QSz-gD6WmbXwgCw,fort-worth-texas
https://www.ubereats.com/dallas/food-delivery/joes-pizza-n-pasta/4pMLyaM_TJ2SauU-J7FPyw,fort-worth-texas
https://www.ubereats.com/dallas/food-delivery/texs-star-grill/Cc9XydwNQf2JxKlYyMKeRQ,fort-worth-texas
https://www.ubereats.com/dallas/food-delivery/bangkok-house-thai-restaurant-s-cherry-ln/FmfricuQQWq6nKdu136P3g,fort-worth-texas
https://www.ubereats.com/dallas/food-delivery/hoberts-soul-food-canteen/hg6B-TU0SOqHNYVTGKtECw,fort-worth-texas
https://www.ubereats.com/dallas/food-delivery/texas-cheese-bean-burrito/SV8hS_TsRb-iBhUJfwxrQA,fort-worth-texas
https://www.ubereats.com/dallas/food-delivery/krispy-catfish/vKTnoSMESv-d0mJoMUHakA,fort-worth-texas
https://www.ubereats.com/dallas/food-delivery/starbucks-white-settlement-%26-820/jKbULr-HSCWKudKA5xPccA,fort-worth-texas
https://www.ubereats.com/dallas/food-delivery/fuel-city-the-original-fried-pie-shop-saginaw/WMlU2SjVREeT9mlNm_3Ktg,fort-worth-texas
https://www.ubereats.com/dallas/food-delivery/aloha-chicken-and-shrimp/_8XrKIjTRA2rrFr-4wd8mA,fort-worth-texas
https://www.ubereats.com/dallas/food-delivery/mcdonalds-ft-worth-tx-i-35-meacham/7KT1BPQ5Tbmxl21LYBVZhQ,fort-worth-texas
https://www.ubereats.com/dallas/food-delivery/hunt-brothers-pizza-rockys-drive-thru/ePSS-wSoQqa5Yn7zJS3AJg,fort-worth-texas
https://www.ubereats.com/dallas/food-delivery/paul%60s-seafood/El_elksrTfaezGWW_jfXeQ,fort-worth-texas
https://www.ubereats.com/dallas/food-delivery/abuelos-fort-worth-tx/zzaG9Vj2RiCDoXHWyuDYuQ,fort-worth-texas
https://www.ubereats.com/dallas/food-delivery/bosses-brickoven-pizza-lake-worth-blvd/M2y80IgUR6-krA6CWZMxnQ,fort-worth-texas
https://www.ubereats.com/dallas/food-delivery/fireside-pies-fort-worth/flemnxgOTLq4B_PU7tmRtg,fort-worth-texas
https://www.ubereats.com/dallas/food-delivery/sonic-drive-in-overton/p75Ml4BNRCmloIwsxUGWrg,fort-worth-texas
https://www.ubereats.com/dallas/food-delivery/zoes-kitchen-1601-s-university-drive/NTfRenyTTumsN-AB1YCJkA,fort-worth-texas
https://www.ubereats.com/dallas/food-delivery/taco-heads-montgomery-st/AT75svprQQyYHbsyctbBhw,fort-worth-texas
https://www.ubereats.com/dallas/food-delivery/joes-crab-shack-3040-western-center-blvd/ZpY_wSmXSg2ECNUYNT88Tg,fort-worth-texas
https://www.ubereats.com/dallas/food-delivery/mcdonalds-ft-worth-airport-freeway/76UqrOnuTuC1j-HN2M52PQ,fort-worth-texas
https://www.ubereats.com/dallas/food-delivery/glazed-dough/6BAjQ3kQTjixC9q3iIgbCQ,fort-worth-texas
https://www.ubereats.com/dallas/food-delivery/grandys-north-richland-hills/-XEE33vWQqKeLqkjeCLZXA,fort-worth-texas
https://www.ubereats.com/dallas/food-delivery/applebees-6600-west-freeway/fH3Ul2SbSTmOXu8ORoWgkg,fort-worth-texas
https://www.ubereats.com/dallas/food-delivery/the-blu-crab-seafood-house-%26-bar/oojPSUjpQWq54uiFi9clPQ,fort-worth-texas
https://www.ubereats.com/dallas/food-delivery/chicken-express-124-mcpherson-rd/ovAhGS2vTWGuTX9-OTk9Vg,fort-worth-texas
https://www.ubereats.com/dallas/food-delivery/subway-205-ne-28th-st/Rae_1wpqRqihDI6ij54HSQ,fort-worth-texas
https://www.ubereats.com/dallas/food-delivery/palios-on-tap-western-center/aB0ugcFcTdmpXsm3qXFhRA,fort-worth-texas
https://www.ubereats.com/dallas/food-delivery/burger-king-200-w-820-loop-north/me-REHsTTRC13sLi8R2bNw,fort-worth-texas
https://www.ubereats.com/dallas/food-delivery/mcdonalds-ftw-stockyard/uJwHzhLmQluhOhnid3Fx5A,fort-worth-texas
https://www.ubereats.com/dallas/food-delivery/chicken-express-8657-n-beach-st/PLIjlzD4RjOMgf3_gbEhbg,fort-worth-texas
https://www.ubereats.com/dallas/food-delivery/mcdonalds-ft-worth-w-settl/rWJJXkRkR0Wx3voAO7GtmQ,fort-worth-texas
https://www.ubereats.com/dallas/food-delivery/pizza-bar-none/SQ9ESV88QxWI9MEr4qDFbg,fort-worth-texas
https://www.ubereats.com/dallas/food-delivery/jack-in-the-box-3008-basswood-blvd/47iXw7iXQbK-ri7cL6fIcg,fort-worth-texas
https://www.ubereats.com/dallas/food-delivery/rodeo-goat-fort-worth/w-NTryJaQCCsQzllmz4oyg,fort-worth-texas
https://www.ubereats.com/dallas/food-delivery/wendys-6348-lake-worth-blvd/7JkM6v8vRY68Yn3xMsCKCQ,fort-worth-texas
https://www.ubereats.com/dallas/food-delivery/jonboys-bbq/tETZuzb5TbyYfjCAt43sog,fort-worth-texas
https://www.ubereats.com/dallas/food-delivery/firehouse-subs-western-center/U1xH3GB4QQqYpTzKFjgs9w,fort-worth-texas
https://www.ubereats.com/dallas/food-delivery/big-smoke-spuds/IaYDefJtR_iruUi6Hu73tA,fort-worth-texas
https://www.ubereats.com/dallas/food-delivery/mcdonalds-ft-worth-museum/JWxo79u1Qy-jBbMOg3xhmw,fort-worth-texas
https://www.ubereats.com/dallas/food-delivery/starbucks-hulen-%26-bellaire-ft-worth/0tg7KU4PR1ycrkMxezzY9Q,fort-worth-texas
https://www.ubereats.com/dallas/food-delivery/subway-1200-s-bluemound-rd/kzcBfUsEQlW7UEFO-ofLvA,fort-worth-texas
https://www.ubereats.com/dallas/food-delivery/malai-kitchen-fort-worth/gNdzAwzMS0aqbRnwtula_Q,fort-worth-texas
https://www.ubereats.com/dallas/food-delivery/on-the-border-bryant-irvin/y_D_l6q1TJ-72YCsrtEbSg,fort-worth-texas
https://www.ubereats.com/dallas/food-delivery/firehouse-subs-lake-worth/vXOncV0ISDOURzXNHJgvqg,fort-worth-texas
https://www.ubereats.com/dallas/food-delivery/fuel-city-burgers-saginaw/c6_1GCtPQ0KLo0sAlrYC1g,fort-worth-texas
https://www.ubereats.com/dallas/food-delivery/yolk-sundance-square/0uUDx1CITJ2MpmlAIEKg5w,fort-worth-texas
https://www.ubereats.com/dallas/food-delivery/mcdonalds-ft-worth-tx-westover-village/rrMKAAWaQxagOFYayBAwbQ,fort-worth-texas
https://www.ubereats.com/dallas/food-delivery/firehouse-subs-alta-mere/6weqCTF-SDen9i-8VSt-lA,fort-worth-texas
https://www.ubereats.com/dallas/food-delivery/cantina-laredo-fort-worth/xfw84rTbT2--FRYXPQGjGQ,fort-worth-texas
https://www.ubereats.com/dallas/food-delivery/velvet-taco-fort-worth/S1sD8QFZQA-AmKNfgpM9eA,fort-worth-texas
https://www.ubereats.com/dallas/food-delivery/momo-to-go/EQaXglijRxGg18J0g4NzzA,fort-worth-texas
https://www.ubereats.com/dallas/food-delivery/vaquero-coffee-company/4J74c3qxRyOLATzqvwtEeA,fort-worth-texas
https://www.ubereats.com/dallas/food-delivery/m-%26-k-mediterranean-grill/YAnnbrNGTgq87344VN1nbg,fort-worth-texas
https://www.ubereats.com/dallas/food-delivery/taco-bell-6331-lake-worth-blvd/rPU288ZfTTK4R8XWuP0Ycg,fort-worth-texas
https://www.ubereats.com/dallas/food-delivery/chuys-mexican-restaurant/gaqx5xR0TZqr1m8KS30hzA,fort-worth-texas
https://www.ubereats.com/dallas/food-delivery/mcdonalds-ft-worth-3012-w-berry-street-ds-598/p6OUqL09Sa2AcsBhTwDJDQ,fort-worth-texas
https://www.ubereats.com/dallas/food-delivery/cowtown-brewing/CrXPBiXGStuBJYk0jwtjUg,fort-worth-texas
https://www.ubereats.com/dallas/food-delivery/ibarras-tortilleria/HjyNUxZfRoexLCMu_tj7bQ,fort-worth-texas
https://www.ubereats.com/dallas/food-delivery/asiabowl-%26-grill/cGqRdpZKSjKRailMytDO6A,fort-worth-texas
https://www.ubereats.com/dallas/food-delivery/istanbul-grill-%26-bar/6Aw4I-e3SRCsf5lAr0jxBg,fort-worth-texas
https://www.ubereats.com/dallas/food-delivery/saginaw-donut-shop/iNCjU5cMRzKFXuMYVFsZFw,fort-worth-texas
https://www.ubereats.com/dallas/food-delivery/famous-georges-cafe/WH-TGoKXSJmhpcY82MRQ3w,fort-worth-texas
https://www.ubereats.com/dallas/food-delivery/razzoos-cajun-cafe-sundance/hT6jUv2bTGmWy8brqUCfhA,fort-worth-texas
https://www.ubereats.com/dallas/food-delivery/pollos-la-pullita/IBu9CovNR_W7QXrUKqN-zQ,fort-worth-texas
https://www.ubereats.com/dallas/food-delivery/joess-pasta-%26-pizza/xV2YNLGpQZWKIjWAEJXDqg,fort-worth-texas
https://www.ubereats.com/dallas/food-delivery/pinstripes-fort-worth/vEuznZI-SfqGsbV1mn2lsA,fort-worth-texas
https://www.ubereats.com/dallas/food-delivery/wendys-1317-n-saginaw-blvd/xALJzC1UQK6sXljMXB3Fnw,fort-worth-texas
https://www.ubereats.com/dallas/food-delivery/jack-in-the-box-101-n-saginaw-blvd/bUnRaa1YQ52L9GcSSU9EcA,fort-worth-texas
https://www.ubereats.com/dallas/food-delivery/frijoles-cafe-cantina/t8N8WIxNS8W7B9Rp0Lc9Ag,fort-worth-texas
https://www.ubereats.com/dallas/food-delivery/cicis-4400-little-rd/-Yp9ENa9Sr2O3NbeUSL8hQ,fort-worth-texas
https://www.ubereats.com/dallas/food-delivery/chicken-express-6765-lake-worth-blvd/m1H1HWjRRdeDxNYRTpPwxA,fort-worth-texas
https://www.ubereats.com/dallas/food-delivery/zolis-pizza-fort-worth/cXe1kdPjSVKGogFzl52_iw,fort-worth-texas
https://www.ubereats.com/dallas/food-delivery/mamas-pizza-berry-street/1tEcmL27TeK4Olf4JC0mtQ,fort-worth-texas
https://www.ubereats.com/dallas/food-delivery/sonic-10169-first-chapel-drive/mh1mpXLFSWylDcxekVRQQw,fort-worth-texas
https://www.ubereats.com/dallas/food-delivery/360-smoke-shack/od-z9Y4QRn2yP4TZ6opepQ,fort-worth-texas
https://www.ubereats.com/dallas/food-delivery/perrottis-pizza-and-subs/-dUvUQXvRC-VDzHjwSq-gw,fort-worth-texas
https://www.ubereats.com/dallas/food-delivery/dons-seafood/nz3DkvaGTpW-xV4m13C76w,fort-worth-texas
https://www.ubereats.com/dallas/food-delivery/al-dente-italian-trattoria/CK6WxwBlSImV8XUsKrHcYw,fort-worth-texas
https://www.ubereats.com/dallas/food-delivery/greek-house/kBm1B-TeTISs87O-Nx9NtQ,fort-worth-texas
https://www.ubereats.com/dallas/food-delivery/gia-phu-vietnamese-restaurant/ZtC-pCj-SrqWMuufywcvrA,fort-worth-texas
https://www.ubereats.com/dallas/food-delivery/elotes-fanny/cFyAGK2sRSC9R3BOTWblRQ,fort-worth-texas
https://www.ubereats.com/dallas/food-delivery/burger-street-camp-bowie/qKdrOpV7QeC-G_W0TWmGgw,fort-worth-texas
https://www.ubereats.com/dallas/food-delivery/wendys-221-w-seminary-drive/WZDGKvLqT0iwdOdWB47ZSg,fort-worth-texas
https://www.ubereats.com/dallas/food-delivery/pho-%26-grill/x_PqyDprRTCm40MXXxnOaQ,fort-worth-texas
https://www.ubereats.com/dallas/food-delivery/chop-house-burger-fort-worth/6dpOdmO1Rq2q4VF0X6VxbQ,fort-worth-texas
https://www.ubereats.com/dallas/food-delivery/great-american-cookie-marble-slab-creamery-2701-heritage-trace-pkwy/d3ZVKYmiSPK4AD7-vpCFNA,fort-worth-texas
https://www.ubereats.com/dallas/food-delivery/stone-pit-inc/h9ITc7XfRcSG0EPfbtMHig,fort-worth-texas
https://www.ubereats.com/dallas/food-delivery/kfc-4540-western-center-blvd/mc5-x7yiR4WG6do0JqsSOA,fort-worth-texas
https://www.ubereats.com/dallas/food-delivery/dutchs-burrito-bar/2ajTEOGvQsmtP6iTB9epcA,fort-worth-texas
https://www.ubereats.com/dallas/food-delivery/texas-style-chicken-%26-seafood/mukL02H-SEaZcwHnh5fTTQ,fort-worth-texas
https://www.ubereats.com/dallas/food-delivery/jack-in-the-box-3209-e-belknap/ZrmuE5yrTPGbxG0xtVQ0VA,fort-worth-texas
https://www.ubereats.com/dallas/food-delivery/the-rock-wood-fired-pizza-fort-worth/opto1ZbtQiCymZhIRU_UpA,fort-worth-texas
https://www.ubereats.com/dallas/food-delivery/loft22-cakes/gwmE5g6wSumHPzRtkw-r8g,fort-worth-texas
https://www.ubereats.com/dallas/food-delivery/buffalo-wild-wings-5908-quebec-st/WYIhJssfRKC4O8EcINKP0A,fort-worth-texas
https://www.ubereats.com/dallas/food-delivery/tropical-smoothie-cafe-fort-worth/pp8jx9kYQzW1MtolpIGp8g,fort-worth-texas
https://www.ubereats.com/dallas/food-delivery/zalat-pizza-ft-worth/BNz8OCgoTC21Q2uN6fR4yQ,fort-worth-texas
https://www.ubereats.com/dallas/food-delivery/dukes-bbq/89KrHDh-S2qz2xGWfXE8mQ,fort-worth-texas
https://www.ubereats.com/dallas/food-delivery/eagles-point-bar-%26-grill/6YqVlR9OQhGoMPFOeKgOLQ,fort-worth-texas
https://www.ubereats.com/dallas/food-delivery/bentleys/V7-9gZHkSreTLZkyUQcF9A,fort-worth-texas
https://www.ubereats.com/dallas/food-delivery/yogurtland-5925-convair-dr/7StbJakLSbmC4wPROY5phQ,fort-worth-texas
https://www.ubereats.com/dallas/food-delivery/potbelly-sandwich-shop-hulen-%26-i-30-%7C-260/92_cOEUGTKSfp_vZMWy28g,fort-worth-texas
https://www.ubereats.com/dallas/food-delivery/williams-fried-chicken-1701-mcclellan-ct/GdiXoYDuT5-DJ9NuWTJH3w,fort-worth-texas
https://www.ubereats.com/dallas/food-delivery/zezes-mart/3jfhSA17Tze71fy1B_sPGQ,fort-worth-texas
https://www.ubereats.com/dallas/food-delivery/auntie-annes-2192-green-oaks-rd/D1bn9rWmST63xXZAMqeTTA,fort-worth-texas
https://www.ubereats.com/dallas/food-delivery/taco-bell-6040-s-hulen-st/VAzUz2QLSyuUV85UxWC8Fg,fort-worth-texas
https://www.ubereats.com/dallas/food-delivery/orange-leaf-frozen-yogurt-6076-azle-avenue/hLnrtYHgTKCN01j13bXG4w,fort-worth-texas
https://www.ubereats.com/dallas/food-delivery/doshirock-sushi-%26-teriyaki-wok/9lKIE-LDTHC5hSIqIhhoEA,fort-worth-texas
https://www.ubereats.com/dallas/food-delivery/golden-buffet/3Lm-1CYKTwCd8fws4NePqw,fort-worth-texas
https://www.ubereats.com/dallas/food-delivery/burger-box/Uf8bzLJwSoiUyfcoOolHDA,fort-worth-texas
https://www.ubereats.com/dallas/food-delivery/taqueria-tepito-1104-miller-ave/0ZQJ40NzSG6x4Pu7COBGLA,fort-worth-texas
https://www.ubereats.com/dallas/food-delivery/tacos-del-norte/zxvGgQajSfaI5F24l33guw,fort-worth-texas
https://www.ubereats.com/dallas/food-delivery/jack-in-the-box-9133-north-fwyfar-north/gHHZVTvdRHyQG7Y4J9vN7w,fort-worth-texas
https://www.ubereats.com/dallas/food-delivery/ihop-1433-quebec/5-48MaXVQl6L_4Ujll5mZQ,fort-worth-texas
https://www.ubereats.com/dallas/food-delivery/mexican-inn-cafe-1625-8th-ave/3KDV_ricRxOJzIuDdetLCg,fort-worth-texas
https://www.ubereats.com/dallas/food-delivery/los-taco-hs-rosedale-st/m1d-h0FaR_WXkM7LYVR5iA,fort-worth-texas
https://www.ubereats.com/dallas/food-delivery/marble-slab-creamery-3000-s-hulen/yVHyzrVlSh-_D6_aTGeJUw,fort-worth-texas
https://www.ubereats.com/dallas/food-delivery/hibachi-grill-sushi-%26-buffet/ru8heDPPRnuXSQmE0EWjYQ,fort-worth-texas
https://www.ubereats.com/dallas/food-delivery/villa-fresh-italian-fort-worth/OLi_OG31TEKncawRjP0iCg,fort-worth-texas
https://www.ubereats.com/dallas/food-delivery/la-cocina/tlSo2fGFSWS0fU4-pMlRPA,fort-worth-texas
https://www.ubereats.com/dallas/food-delivery/sonic-1700-western-center-blvd/UXX8uPROTTqHsJzSJ0TUDg,fort-worth-texas
https://www.ubereats.com/dallas/food-delivery/papa-johns-6380-n-beach-st-suite-%23100/6tajzKlESsW_S1nA15dQcQ,fort-worth-texas
https://www.ubereats.com/dallas/food-delivery/thai-terrace-2/1dMDBHsbQnSAODBa2vmXIQ,fort-worth-texas
https://www.ubereats.com/dallas/food-delivery/burger-king-6960-blue-mound-rd/lMcWkVXwTTa5s2iFV2smRQ,fort-worth-texas
https://www.ubereats.com/dallas/food-delivery/boomerjacks-grill-%26-bar-western-center/yhSX1yriSYaf1bsJIDLRsQ,fort-worth-texas
https://www.ubereats.com/dallas/food-delivery/chicken-express-basswood-blvd/P26YlYv6SbywdkCQhjD1ZQ,fort-worth-texas
https://www.ubereats.com/dallas/food-delivery/pho-noodle-and-grill/wD3htVlNR5KcH6NBMzZkpQ,fort-worth-texas
https://www.ubereats.com/dallas/food-delivery/twin-peaks-6650-n-fwy-service-rd-e/GIJzq_B0RFGLS_OydoyVcg,fort-worth-texas
https://www.ubereats.com/dallas/food-delivery/chipotle-mexican-grill-1519-w-rosedale-st/-6EBP6ocTOCpEJ13gWfc1g,fort-worth-texas
https://www.ubereats.com/dallas/food-delivery/paleteria-la-super-fort-worth/TCkk145LSu6Bkma3c1P3cQ,fort-worth-texas
https://www.ubereats.com/dallas/food-delivery/el-fenix-ridglea/tBNm117PRqu31xRMcxdMXQ,fort-worth-texas
https://www.ubereats.com/dallas/food-delivery/jack-in-the-box-8700-w-freeway/Pz8VdDf4SXWjK6dxhXFbHg,fort-worth-texas
https://www.ubereats.com/dallas/food-delivery/taco-bell-900-west-weatherford-street/3vhlvV8rQ26Bs2icjLeiQA,fort-worth-texas
https://www.ubereats.com/dallas/food-delivery/sams-southern-eatery/vGg7tVSBR8O6USrpsRmlPQ,fort-worth-texas
https://www.ubereats.com/dallas/food-delivery/m-%26-o-station-grill/mLt92Vp4RZ24GbZvddOBlQ,fort-worth-texas
https://www.ubereats.com/dallas/food-delivery/toms-donuts/OgNXe9v6Qa6CkcH2AG9qGg,fort-worth-texas
https://www.ubereats.com/dallas/food-delivery/jack-in-the-box-5200-belknap-st/loOcYzYbQJCdlXWfmvP7YQ,fort-worth-texas
https://www.ubereats.com/dallas/food-delivery/papa-johns-meadowbrook/a_osRkkEQOy392PJ3vFr6Q,fort-worth-texas
https://www.ubereats.com/dallas/food-delivery/banks-house/TSEYF4opRje6aPOzc7RXIQ,fort-worth-texas
https://www.ubereats.com/dallas/food-delivery/taco-bell-4500-western-center-blvd/XzqpEX0ZSXOSzFYchYxG4g,fort-worth-texas
https://www.ubereats.com/dallas/food-delivery/asia-bowl-%26-grill/DoF1SHdNQ4-VeaoQb3rUEg,fort-worth-texas
https://www.ubereats.com/dallas/food-delivery/cafe-4/ciXqJBKaQNaNp6p0WC39gA,fort-worth-texas
https://www.ubereats.com/dallas/food-delivery/donut-palace-3300-western-center/bv_zSVrcTLKfefwlUTDQ2A,fort-worth-texas
https://www.ubereats.com/dallas/food-delivery/dairy-queen-6645-westworth-blvd/8TJcasHVRuOiecHbOrWTZQ,fort-worth-texas
https://www.ubereats.com/dallas/food-delivery/fuel-city-the-original-fried-pie-shop-haltom-city/8xQPMLyiQNOl0i2DVpnSaA,fort-worth-texas
https://www.ubereats.com/dallas/food-delivery/pressed-juicery-west-bend-fort-worth/w6M22YBORkm7Lsyzr1OJYg,fort-worth-texas
https://www.ubereats.com/dallas/food-delivery/little-caesars-pizza-6358-lake-worth-blvd-ste-a/HUC52qpLS3OxPZf9LOKtPQ,fort-worth-texas
https://www.ubereats.com/dallas/food-delivery/varsity-tavern-ft-worth/7n2USGrpSjuuqto0Q0AV0A,fort-worth-texas
https://www.ubereats.com/dallas/food-delivery/buffalo-wild-wings-5601-s-hulen-st/93vYVT08R4-qcqOd2oPooQ,fort-worth-texas
https://www.ubereats.com/dallas/food-delivery/taco-bell-9616-white-settlement-road/hmrVXdE0QXS8AnrUP5jjOA,fort-worth-texas
https://www.ubereats.com/dallas/food-delivery/shell-shack/talGzvoFTvaLZs9CmRmajQ,fort-worth-texas
https://www.ubereats.com/dallas/food-delivery/ashims-hibachi-grill/o6yWzIt_RaGp74Euc7ZxLw,fort-worth-texas
https://www.ubereats.com/dallas/food-delivery/kintaro/8g5XU8U_TBCcM7Hn8TpqSw,fort-worth-texas
https://www.ubereats.com/dallas/food-delivery/texas-republic/_nHmoxfsTbat9QLEG-ogHQ,fort-worth-texas
https://www.ubereats.com/dallas/food-delivery/subway-6336-lake-worth-blvd/rB0n-I1DTXqVnF0Vj-IJ-A,fort-worth-texas
https://www.ubereats.com/dallas/food-delivery/thai-terrace/9F2uGZHpRweh_CcbuhE4XA,fort-worth-texas
https://www.ubereats.com/dallas/food-delivery/red-robin-695-2501-presidio-vista-drive/NmxNuKtJQJq24t1-VdN5cA,fort-worth-texas
https://www.ubereats.com/dallas/food-delivery/the-beacon-cafe-on-the-beach/V-wMWt87RAyiYQyANhV8ag,fort-worth-texas
https://www.ubereats.com/dallas/food-delivery/sushi-nomi/C4N7NUILRVOdG4MOBYxnqA,fort-worth-texas
https://www.ubereats.com/dallas/food-delivery/jack-in-the-box-1500-s-university-dr/5Y-2uJ82SxmTYQ8TCX9Iow,fort-worth-texas
https://www.ubereats.com/dallas/food-delivery/schlotzskys-6360-north-beach/_ENMcQq-S4avkeepuFri6w,fort-worth-texas
https://www.ubereats.com/dallas/food-delivery/mamas-pizza-camp-bowie/nGOrzAW2T96fP1UfhLBZYA,fort-worth-texas
https://www.ubereats.com/dallas/food-delivery/chuyitos-texican-burgers-%26-cantina/oVHjVaK7T5uZkKsz4kdHVw,fort-worth-texas
https://www.ubereats.com/dallas/food-delivery/churchs-chicken-2120-w-seminary/nacCK_97Q122RZQ_oFKjGg,fort-worth-texas
https://www.ubereats.com/dallas/food-delivery/birrieria-los-chivos-de-oro/UHl6oyYoSSGs-kJhub8MrA,fort-worth-texas
https://www.ubereats.com/dallas/food-delivery/banh-mi-viet/Bk6JudasQLecFbxGaxyRtw,fort-worth-texas
https://www.ubereats.com/dallas/food-delivery/starbucks-hulen-%26-donnelly/y3iXgplzR_ekt54mONb3Mg,fort-worth-texas
https://www.ubereats.com/dallas/food-delivery/mcdonalds-ft-worth-jacksboro-ephiram/i4orUUO5Rc6J3ur855-XJA,fort-worth-texas
https://www.ubereats.com/dallas/food-delivery/taqueria-san-luis/BpIVlQQJT1KusbyCzxSGuA,fort-worth-texas
https://www.ubereats.com/dallas/food-delivery/wendys-5900-camp-bowie-blvd/Mm3eOWAOT7G-bcnoSzRMDA,fort-worth-texas
https://www.ubereats.com/dallas/food-delivery/chapps-burgers-southwest-plaza/e1ncqrXIRUeof1stzSTx_A,fort-worth-texas
https://www.ubereats.com/dallas/food-delivery/mcdonalds-e-berry/Joi9UKsbSXiCgSmzKjhopQ,fort-worth-texas
https://www.ubereats.com/dallas/food-delivery/mcdonalds-ft-worth-e-lncst/J3TRe1R0RnyS9ShHKN-5Iw,fort-worth-texas
https://www.ubereats.com/dallas/food-delivery/papa-murphys-tx058-1201-longhorn-road-suite-145/9Xw1RDNxRX6sF747-3rnVA,fort-worth-texas
https://www.ubereats.com/dallas/food-delivery/new-york-pizza-%26-pasta/vboKhCqjRlaL-bsV2t4yRw,fort-worth-texas
https://www.ubereats.com/dallas/food-delivery/starbucks-saginaw-287-and-bailey-boswe/Ym7Vk2hLSPKtoeXQ2F-uxQ,fort-worth-texas
https://www.ubereats.com/dallas/food-delivery/sonic-6555-park-oaks/tFgzImY5S0OWt9-hhGmy4w,fort-worth-texas
https://www.ubereats.com/dallas/food-delivery/burger-king-3905-ne-loop-820/EE4Rb4bMR4e0jkQl6_OVQQ,fort-worth-texas
https://www.ubereats.com/dallas/food-delivery/toasted-coffee-%2B-kitchen/FSIOHOpDQ4OvcdXd7j4KBw,fort-worth-texas
https://www.ubereats.com/dallas/food-delivery/taqueria-haltom/kgpWItDQSySRMQrazicGCA,fort-worth-texas
https://www.ubereats.com/dallas/food-delivery/phoenix-nutrition/yMZhW23PTQWssQBsW36fGA,fort-worth-texas
https://www.ubereats.com/dallas/food-delivery/hooters-grapevine-hwy-%26-ne-loop-820/U63lr31xRSW3ugmwQOxFJg,fort-worth-texas
https://www.ubereats.com/dallas/food-delivery/mrjimspizza-0031-1029-n-saginaw-blvd/jWHHHRF6T1qLJWvDzc2P-Q,fort-worth-texas
https://www.ubereats.com/dallas/food-delivery/go-wing-it/4GdfuQ8VTq69aSdQ-t2JHQ,fort-worth-texas
https://www.ubereats.com/dallas/food-delivery/jon-smith-subs-fort-worth/oaxXL-4hTg-hNhxMtlA__g,fort-worth-texas
https://www.ubereats.com/dallas/food-delivery/donut-delight/Nzv1DF__R0CM2Q4jvCM02w,fort-worth-texas
https://www.ubereats.com/dallas/food-delivery/subway-2828-s-hulen-st/mmXoP90QRluTqMhbSJhXxw,fort-worth-texas
https://www.ubereats.com/dallas/food-delivery/asiannights-lao-thai-cuisine-%26-bar/2_4HOSwTS6SdVOoI2YqiFw,fort-worth-texas
https://www.ubereats.com/dallas/food-delivery/bombay-grill-indian-restaurant/y_zW_yDCRaKpsWfmyN_K2g,fort-worth-texas
https://www.ubereats.com/dallas/food-delivery/freebirds-world-burrito-4965-overton-ridge-blvd-ste-300/TusmZ9sSR2e-7COqIQzRbw,fort-worth-texas
https://www.ubereats.com/dallas/food-delivery/tog-o/h8dEWywCR8uvFgFW4i9WsA,fort-worth-texas
https://www.ubereats.com/dallas/food-delivery/razzoos-cajun-cafe-city-view/QVVnQ4QFQVGsQeUbL1oW3g,fort-worth-texas
https://www.ubereats.com/dallas/food-delivery/saltgrass-5845-sandshell-drive/WmVhvw71RxWLEXI3rBl6-Q,fort-worth-texas
https://www.ubereats.com/dallas/food-delivery/down-home-southern-kitchen/-zeXe2KXRT-Q6czVetT-4g,fort-worth-texas
https://www.ubereats.com/dallas/food-delivery/taco-bell-1060-n-beach-st/fgNLOHEKRZuiRaA5DOZKLA,fort-worth-texas
https://www.ubereats.com/dallas/food-delivery/mexican-inn-cafe-camp-bowie/JCS-I1vERRGHrffILuCgrA,fort-worth-texas
https://www.ubereats.com/dallas/food-delivery/pizza-snob-fort-worth/E3AmkFb4QUq-Oy7WVmta-A,fort-worth-texas
https://www.ubereats.com/dallas/food-delivery/taqueria-el-toro/b_1HxO6HTBmLodc9_Qcz4A,fort-worth-texas
https://www.ubereats.com/dallas/food-delivery/starbucks-i-35-%26-western-center/Lthizi6XQ_iPR86_cIcjrw,fort-worth-texas
https://www.ubereats.com/dallas/food-delivery/freshii-354-w-5th-st/1HTBi9BETZmalW3Wm3hulA,fort-worth-texas
https://www.ubereats.com/dallas/food-delivery/sonic-3701-sycamore-school-road/1jqLKAnESwmVxD_Qp6r7dw,fort-worth-texas
https://www.ubereats.com/dallas/food-delivery/chipotle-mexican-grill-6547-lake-worth-blvd-ste-200/DAXzFLEWRKihB2HjAN6XnQ,fort-worth-texas
https://www.ubereats.com/dallas/food-delivery/honey-baked-ham-6034-alze-ave-suite-100/EMhy2v6cROeBhj1z8W8Oxw,fort-worth-texas
https://www.ubereats.com/dallas/food-delivery/gyros-and-greek-cafe/tkKqPBzuTOyCcE9MAC7hXg,fort-worth-texas
https://www.ubereats.com/dallas/food-delivery/planet-sub-fort-worth/Bz50c7kcTR6lGcOIi_ZHUw,fort-worth-texas
https://www.ubereats.com/dallas/food-delivery/blue-32-bar-%26-grill/VHdDm3dMQp2a7hbEGrQcFQ,fort-worth-texas
https://www.ubereats.com/dallas/food-delivery/long-john-silvers-6042-lake-worth-blvd/fvIcHpAgTwGBbiU-qo8YLA,fort-worth-texas
https://www.ubereats.com/dallas/food-delivery/blaze-pizza-5925-convair-drive-suite-521/cGriVRh2Tfi5wOxfJc5Mjg,fort-worth-texas
https://www.ubereats.com/dallas/food-delivery/yogurtland-2600-w-7th-st/XkwkRwc6SZWyuFq3T_ACXg,fort-worth-texas
https://www.ubereats.com/dallas/food-delivery/honey-baked-ham-2221-porter-creek-dr/QhgBg8VpSIG9typU7-UBaw,fort-worth-texas
https://www.ubereats.com/dallas/food-delivery/taqueria-tepito-1510-nw-28th-st/IUy7ap1RQ6SORlPUvvjH-g,fort-worth-texas
https://www.ubereats.com/dallas/food-delivery/chalio-mexican-restaurant/CRNdfhgKSoqGe-2whhf76w,fort-worth-texas
https://www.ubereats.com/dallas/food-delivery/ol-south-pancake-house/7nF-73uPTKKV14EMHsvq6Q,fort-worth-texas
https://www.ubereats.com/dallas/food-delivery/mod-pizza-saginaw/HtP3fjM_Q02TzBNtIPKLcw,fort-worth-texas
https://www.ubereats.com/dallas/food-delivery/burger-king-2605-jacksboro-hwy/6Jv1nmViTaiGjBrSoIblSQ,fort-worth-texas
https://www.ubereats.com/dallas/food-delivery/luna-grill-clearfork/hRqIMMrPQpyse0dE-rdLMQ,fort-worth-texas
https://www.ubereats.com/dallas/food-delivery/nestle-toll-house-cafe-by-chip-red-mango-124-e-4th-st/VtOAoB8ARemm3NGLltNbyQ,fort-worth-texas
https://www.ubereats.com/dallas/food-delivery/boulevard-scoops/oqY_dL4GTOCNozuuwbXRaQ,fort-worth-texas
https://www.ubereats.com/dallas/food-delivery/king-pho-sushi-bar/HqgGBUmyRce5B7Z5rUF4SQ,fort-worth-texas
https://www.ubereats.com/dallas/food-delivery/rio-mambo-fort-worth/U8zoJbKLRBSTsXcpQDM3bA,fort-worth-texas
https://www.ubereats.com/dallas/food-delivery/chicken-express/QAKDYLFdRsyFQ0pEBSdERg,fort-worth-texas
https://www.ubereats.com/dallas/food-delivery/sonic-3078-basswood-blvd/75UIAn9QS2aAeTmJaX6CjA,fort-worth-texas
https://www.ubereats.com/dallas/food-delivery/game-theory/G_CriNDmSPKWIGLycIZxnw,fort-worth-texas
https://www.ubereats.com/dallas/food-delivery/chicken-express-n-saginaw-blvd/KJH7uQrBRv2lDWEkNMoJvA,fort-worth-texas
https://www.ubereats.com/dallas/food-delivery/lubys-bridgewood-dr/E4IejDyhQNmRuh12QVEXfg,fort-worth-texas
https://www.ubereats.com/dallas/food-delivery/joes-pizza-%26-pasta/EDXDBzA3Qg6KYQo_vunRmw,fort-worth-texas
https://www.ubereats.com/dallas/food-delivery/east-hampton-sandwich-co-fort-worth/fM8h4b5qQi6A54FsH6xf5Q,fort-worth-texas
https://www.ubereats.com/dallas/food-delivery/joes-pizza-%26-pasta/ZbFSE6AkToSEmzZguWRDSw,fort-worth-texas
https://www.ubereats.com/dallas/food-delivery/mks-sushi/f6SKs70bSTmM7WJ7NGkGCw,fort-worth-texas
https://www.ubereats.com/dallas/food-delivery/mamas-pizza-bryant-irvin/RcU43CXBR1W-Vu_VWVSl-A,fort-worth-texas
https://www.ubereats.com/dallas/food-delivery/ze-ze-mart/_V0ZfZuURB6ytWJnsqEzlg,fort-worth-texas
https://www.ubereats.com/dallas/food-delivery/taqueria-el-mejor-taco/cqTzxfxeQ0arakhCoG6FtQ,fort-worth-texas
https://www.ubereats.com/dallas/food-delivery/fuel-city-tacos-saginaw/ybxgO-gHRkStSCZpTIimEw,fort-worth-texas
https://www.ubereats.com/dallas/food-delivery/burger-king-730-w-seminary-dr/DHjtLsYETUOpCKCxE9N5Ig,fort-worth-texas
https://www.ubereats.com/dallas/food-delivery/sonic-6640-westworth-blvd/f6JpI-HYRa2oxbqRMeqtQQ,fort-worth-texas
https://www.ubereats.com/dallas/food-delivery/jack-in-the-box-2802-n-main-st/JB7mihsnT3-e3w5oNlETHw,fort-worth-texas
https://www.ubereats.com/dallas/food-delivery/tangs-pacific-bistro/-WWKpUKMRemeGqOHmi96rw,fort-worth-texas
https://www.ubereats.com/dallas/food-delivery/starbucks-8th-%26-rosedale/O9X1Ssl8RWq33C7EII98gQ,fort-worth-texas
https://www.ubereats.com/dallas/food-delivery/kajunville-kitchen/x8EjCXpWT0aV9Y1IlIqW7g,fort-worth-texas
https://www.ubereats.com/dallas/food-delivery/tuk-tuk-thai/KKln0SOISRuGII5HPy-koA,fort-worth-texas
https://www.ubereats.com/dallas/food-delivery/blue-cajun/lZ0bdLHoSuWF81Gfw5xzUQ,fort-worth-texas
https://www.ubereats.com/dallas/food-delivery/jack-in-the-box-217-university-dr/BOvUs0JLSIurTtHTuJr9VA,fort-worth-texas
https://www.ubereats.com/dallas/food-delivery/chipotle-mexican-grill-3050-s-hulen-st-ste-c/aoIXtB83QoGpsjrXCZSygA,fort-worth-texas
https://www.ubereats.com/dallas/food-delivery/oc-burgers/CeE0r4NlTzOyFZiOvkZK1g,fort-worth-texas
https://www.ubereats.com/dallas/food-delivery/mod-pizza-alliance/3hxPyIcxSoSX6_5lR1FM0w,fort-worth-texas
https://www.ubereats.com/dallas/food-delivery/subway-900-n-bluemound-rd/JY6Rx2TbSyqASOPkJXRFfg,fort-worth-texas
https://www.ubereats.com/dallas/food-delivery/red-hot-%26-blue-fort-worth/Tm_GBG0eQ2exepKOAbXC2w,fort-worth-texas
https://www.ubereats.com/dallas/food-delivery/caffinis-cafe-%26-deli/Y7tfMU9jS-StuM4G7Ed-kA,fort-worth-texas
https://www.ubereats.com/dallas/food-delivery/am-donut-coffee/NkE0lb2HRDm70z58dLkKfw,fort-worth-texas
https://www.ubereats.com/dallas/food-delivery/stockyards-armadillo/Z_Rha6s8SuCTd_RTOe34VQ,fort-worth-texas
https://www.ubereats.com/dallas/food-delivery/mexico-real/8C2Vx0SGSdej0P5QyA2RXA,fort-worth-texas
https://www.ubereats.com/dallas/food-delivery/woodshed-smokehouse/sjuHa_eqR9K8ekAwX8J2gg,fort-worth-texas
https://www.ubereats.com/dallas/food-delivery/taco-bell-9180-camp-bowie-w/tctt5hysQbSFpWfXm5_-yw,fort-worth-texas
https://www.ubereats.com/dallas/food-delivery/maharaja-indian-restaurant-fort-worth/PNC41buNSo2d0iIkry0cZg,fort-worth-texas
https://www.ubereats.com/dallas/food-delivery/chipotle-mexican-grill-3000-w-7th-st-ste-110/TaEQnpj0TLaESWIxEOsVsQ,fort-worth-texas
https://www.ubereats.com/dallas/food-delivery/city-works-fort-worth/USWMc9cXQwib4-ezYjWbPw,fort-worth-texas
https://www.ubereats.com/dallas/food-delivery/los-cuando-best-burritos/9QQXzADDTK-lDcCLuLEGpg,fort-worth-texas
https://www.ubereats.com/dallas/food-delivery/taqueria-las-esmeraldas/a94DddZ1RN2f4Xmpr3NoMA,fort-worth-texas
https://www.ubereats.com/dallas/food-delivery/saffron-sky/qbONvPDbQzelGjaB_YPhRA,fort-worth-texas
https://www.ubereats.com/dallas/food-delivery/taco-bell-1701-california-parkway/12xCcpybRb2S0Kb3H9D4mQ,fort-worth-texas
https://www.ubereats.com/dallas/food-delivery/world-blend/tHK6wspMSpuCTc2aPciuZQ,fort-worth-texas
https://www.ubereats.com/dallas/food-delivery/lao-music-vdo/xi-41EWtSEmmNCAb_2FfTA,fort-worth-texas
https://www.ubereats.com/dallas/food-delivery/rivas-cafe/AqzaezjsRD2ED99Rx90dIQ,fort-worth-texas
https://www.ubereats.com/dallas/food-delivery/mariscos-la-marea-fort-worth/UrjEfZNXRbS3YrJRByR4Zw,fort-worth-texas
https://www.ubereats.com/dallas/food-delivery/pokey-os-tarrant-county/JsRTvW-RT_eWQ6SpQ-q_ZQ,fort-worth-texas
https://www.ubereats.com/dallas/food-delivery/taco-bell-3324-se-loop-820/EYeE2WDFSjimIyJIdx6KIw,fort-worth-texas
https://www.ubereats.com/dallas/food-delivery/rufus-bar-and-grill/kTetG7v9SMWMiLPJHdjTnw,fort-worth-texas
https://www.ubereats.com/dallas/food-delivery/creative-memories-the-sweet-spot-bakery/XorVSo-vSVqHq2_dHjCeEQ,fort-worth-texas
https://www.ubereats.com/dallas/food-delivery/long-john-silvers-4561-western-center-blvd/TRKn6zboTvad0bZtoVhw4A,fort-worth-texas
https://www.ubereats.com/dallas/food-delivery/new-york-pizza-and-pasta/vDOmw9_2TBuj_bHCtoeB6Q,fort-worth-texas
https://www.ubereats.com/dallas/food-delivery/ocean-seafood-market/GIVm9f7BSE22I1yx6ZJrWw,fort-worth-texas
https://www.ubereats.com/dallas/food-delivery/pupuseria-el-tamarindo/UIF19T5ISFa8S1yxJ_YM3w,fort-worth-texas
https://www.ubereats.com/dallas/food-delivery/chipotle-mexican-grill-7100-blue-mound-rd/_B4rTlsCQDCVNHrNkEnIWw,fort-worth-texas
https://www.ubereats.com/dallas/food-delivery/pho-little-saigon/TrUy-WykQkWlTZ-YHb-Xnw,fort-worth-texas
https://www.ubereats.com/dallas/food-delivery/cracker-barrel-old-country-store-8010-sw-loop-820/ZCqOl_SiQiGRsoGbMEoYXg,fort-worth-texas
https://www.ubereats.com/dallas/food-delivery/starbucks-i-35-%26-n-tarrant-pkwy/crK3gSMnREOSlU5eBjJWMw,fort-worth-texas
https://www.ubereats.com/dallas/food-delivery/nestle-toll-house-cafe-by-chip-140-e-exchange-ave/Br1RSmA0R8SuBtylBIHjeA,fort-worth-texas
https://www.ubereats.com/dallas/food-delivery/big-boyz-pit-smoked-bbq-%26-more/eFPfaa3BRKWcwQ-Om2mHlg,fort-worth-texas
https://www.ubereats.com/dallas/food-delivery/ems-kajun/rARSkEE5RkmIixGToB1R3Q,fort-worth-texas
https://www.ubereats.com/dallas/food-delivery/galligaskins-submarines/bincn3LZRjeRL-cXAPWFgg,fort-worth-texas
https://www.ubereats.com/dallas/food-delivery/tuscany-italian-bistro-lake-worth/gErQbZF6QOK5vtPzS_m2Hw,fort-worth-texas
https://www.ubereats.com/dallas/food-delivery/bahama-bucks-2600-w-7th-st-montgomery-plaza-suite-181/I-8URevGT8uLplb5Vl9DMw,fort-worth-texas
https://www.ubereats.com/dallas/food-delivery/cold-stone-creamery-2948-texas-sage-trail/64wLeuyYQqGFAF2I9t6XRg,fort-worth-texas
https://www.ubereats.com/dallas/food-delivery/sonic-8661-n-beach-street/9sMJVGUAQLWKDRyHzrq0ew,fort-worth-texas
https://www.ubereats.com/dallas/food-delivery/buffalo-west/EYNd1ZpWTiC5w-KUuzlBcg,fort-worth-texas
https://www.ubereats.com/dallas/food-delivery/donutopia/vGWR93DmQJWpZDAJcTsJZw,fort-worth-texas
https://www.ubereats.com/dallas/food-delivery/lula-vs-lounge/-2YG9-A2QhGIxuUrxyUvPA,fort-worth-texas
https://www.ubereats.com/dallas/food-delivery/steak-n-shake-5020-overton-ridge-blvd/nWkOXpEHQCq8NA--jvZlxg,fort-worth-texas
https://www.ubereats.com/dallas/food-delivery/churchs-chicken-3344-lackland-road/GfjHQ7qrRluVcIjdQhI1KQ,fort-worth-texas
https://www.ubereats.com/dallas/food-delivery/newks-eatery/LlnRG6AqQtS9z2-woxWQPg,fort-worth-texas
https://www.ubereats.com/dallas/food-delivery/buffet-palace/72p8GKbDQzahj1-6muTcTA,fort-worth-texas
https://www.ubereats.com/dallas/food-delivery/el-patron-tacos-y-tortas/uCFMZyHHSYCFrv8H9_gNKA,fort-worth-texas
https://www.ubereats.com/dallas/food-delivery/el-cangrejo/Spml-YcBQeGZeDGFEzlGgg,fort-worth-texas
https://www.ubereats.com/dallas/food-delivery/chick-fil-a-4500-w-bailey-boswell-rd/K_8arkpqTEKubGpsuRr9eQ,fort-worth-texas
https://www.ubereats.com/dallas/food-delivery/stop-n-go-gyros-6401-north-beach/6M9u9cWmRIq9UZkSi3PFCQ,fort-worth-texas
https://www.ubereats.com/dallas/food-delivery/the-biscuit-bar-fort-worth/KIggxFdLSSie_tKqmUn-7A,fort-worth-texas
https://www.ubereats.com/dallas/food-delivery/subway-1606-s-cherry-ln/kknR_jz9QXaE03DHErbNWg,fort-worth-texas
https://www.ubereats.com/dallas/food-delivery/mcdonalds-jacksboro-hwy-820/kJZlExEERcCxU5LXCSwiRQ,fort-worth-texas
https://www.ubereats.com/dallas/food-delivery/wendys-963-n-beach-st/G9Dd2jSMSiyRymBgNxaokw,fort-worth-texas
https://www.ubereats.com/dallas/food-delivery/djs-soul-food-sunday/ujgKOa8zSpSD8eHR6Rpj6g,fort-worth-texas
https://www.ubereats.com/dallas/food-delivery/chick-fil-a-2900-western-center-blvd/Ik-iuOpBTge2LqsIo8ZjuA,fort-worth-texas
https://www.ubereats.com/dallas/food-delivery/krispy-kreme-denton-hwy-%26-starnes-rd/KDMH6_KVSDaLSEygJAX1ww,fort-worth-texas
https://www.ubereats.com/dallas/food-delivery/landmark-bar-%26-kitchen-fort-worth/3Co5HcIpSy6HmJSTbOO75Q,fort-worth-texas
https://www.ubereats.com/dallas/food-delivery/grimaldis-5276-monahans-avenue-suite-j200/BQ6QPZj4STOcjLX83-7OdQ,fort-worth-texas
https://www.ubereats.com/dallas/food-delivery/pei-wei-2600-w-7th-st-suite-101/GAYoildMQ2GTuUW-Dt_Emg,fort-worth-texas
https://www.ubereats.com/dallas/food-delivery/starbucks-6115-camp-bowie/lFf8FgKbRqW9UuRa5_YIuA,fort-worth-texas
https://www.ubereats.com/dallas/food-delivery/chicken-express-bridgewood-drive/UuGBJAReToWUMaWmTuWOpA,fort-worth-texas
https://www.ubereats.com/dallas/food-delivery/genghis-grill-lake-worth/rh5PmhZjSlKVIFHQ_Ln0vg,fort-worth-texas
https://www.ubereats.com/dallas/food-delivery/burger-king-3112-e-berry-st/MX8d3yqjRCWpa7hTCbbVEA,fort-worth-texas
https://www.ubereats.com/dallas/food-delivery/wittens-grill-and-sport-cafe/eRVFgZbVTZa9XtrGkIAizw,fort-worth-texas
https://www.ubereats.com/dallas/food-delivery/mcdonalds-e-loops/7BLTm0XERY2FyuTc6I6NZw,fort-worth-texas
https://www.ubereats.com/dallas/food-delivery/mooyah-burgers-9604-old-denton-rd-suite-108/wk2iJ7WsRMGeLKIVKJTTOg,fort-worth-texas
https://www.ubereats.com/dallas/food-delivery/casablanca-greek-mediterranean-cuisine/H1su05ZjQuOnbJ7hMxeu6A,fort-worth-texas
https://www.ubereats.com/dallas/food-delivery/blue-sushi-sake-grill-fort-worth/GfQYd6SlRA6TofVZbw2z5Q,fort-worth-texas
https://www.ubereats.com/dallas/food-delivery/mcdonalds-ft-worth-txi-35-western-center/YCgF3DuaR4KqU2uzNJWQrA,fort-worth-texas
https://www.ubereats.com/dallas/food-delivery/schlotzskys-deli-3530-north-west-center-drive/TE3yRqAxTv6X5QI-GZUK3g,fort-worth-texas
https://www.ubereats.com/dallas/food-delivery/swad-indian/8Gdt5wSDROGRlAFu3fFlWw,fort-worth-texas
https://www.ubereats.com/dallas/food-delivery/saltgrass-4601-city-lake-blvd-w/8AgCt5C3Tp2R7LjvHouymw,fort-worth-texas
https://www.ubereats.com/dallas/food-delivery/taco-bueno-3122-haltom-city-%231/GFo9w5y7QoKeuGN_F1oMZQ,fort-worth-texas
https://www.ubereats.com/dallas/food-delivery/new-york-style-pizza-%26-gyros/c6T1nyYTQ_ecQaZ6mB_ROw,fort-worth-texas
https://www.ubereats.com/dallas/food-delivery/sweet-sammies/xU3d83FIRPecXQmhZwQ_AA,fort-worth-texas
https://www.ubereats.com/dallas/food-delivery/a-%26-h-dounts/SanqTkq2TCSFDykJHTkFqA,fort-worth-texas
https://www.ubereats.com/dallas/food-delivery/fuel-city-tacos-haltom-city/a0PZxWgdSLGd3JdJ5ganew,fort-worth-texas
https://www.ubereats.com/dallas/food-delivery/sonic-drive-in-6217-camp-bowie-rd/5vs0tkgpRKmmbolwMjZB3Q,fort-worth-texas
https://www.ubereats.com/dallas/food-delivery/mommas-donuts/4YCq297tQ6aEqpmEWFj5qw,fort-worth-texas
https://www.ubereats.com/dallas/food-delivery/chick-fil-a-southeast-corner-of-loop-820%26-clifford-street/Qz-Vv-ziSeaaGwH0RwSUCA,fort-worth-texas
https://www.ubereats.com/dallas/food-delivery/cinnaholic-fort-worth/Wa9tCwtnSESd4C9mFiktIg,fort-worth-texas
https://www.ubereats.com/dallas/food-delivery/flying-fish-fort-worth/vHIZ2fHJTpK3e0UGhoX6JA,fort-worth-texas
https://www.ubereats.com/dallas/food-delivery/papa-johns-3408-w-7th-st/GmSGwTHMRD-um4Mr-moCOg,fort-worth-texas
https://www.ubereats.com/dallas/food-delivery/fort-brewery-%26-pizza/jgddfRenQrKPCGzikp-0Fw,fort-worth-texas
https://www.ubereats.com/dallas/food-delivery/noodles-%40-boba-tea-house/Q1VnotEETdKv0Y858bNItg,fort-worth-texas
https://www.ubereats.com/dallas/food-delivery/hooked-on-sushi/zbembCWZQMu_gPQLG33biw,fort-worth-texas
https://www.ubereats.com/dallas/food-delivery/king-wok/d8S8_B9gQ7uNzr081rn_Gw,fort-worth-texas
https://www.ubereats.com/dallas/food-delivery/chuys-9120-boat-club-rd/xcoDYESeTX2z9rLNkEnvYg,fort-worth-texas
https://www.ubereats.com/dallas/food-delivery/freebirds-world-burrito-9501-sage-meadow-trail/_EMKg-w8QhGjilUPy1JEiA,fort-worth-texas
https://www.ubereats.com/dallas/food-delivery/burgerfi-fort-worth/p7GW75lbQX26-WDQDOOEvw,fort-worth-texas
https://www.ubereats.com/dallas/food-delivery/joes-italian-restaurant/fMUZJjLQQTSJ7MBqNh_e2g,fort-worth-texas
https://www.ubereats.com/dallas/food-delivery/sweet-%26-sawyer-ice-cream-%26-candy-shop/WwAnXPGLTNmuL4iNPXuLlw,fort-worth-texas
https://www.ubereats.com/dallas/food-delivery/burger-king-6625-lake-worth-blvd/h5qgSdKeTG-ydJPvUALOSw,fort-worth-texas
https://www.ubereats.com/dallas/food-delivery/pacos-mexican-cuisine/8H8Lb8AxS1GI5tdq5GOqkA,fort-worth-texas
https://www.ubereats.com/dallas/food-delivery/hooties-burger-bar-5821-west-i-20/_bRcT_wEQBi3tFMWJqQY8w,fort-worth-texas
https://www.ubereats.com/dallas/food-delivery/del-friscos-grille-154-east-3rd-st/zgu0WcG6SIazZ2DV2ZAzhQ,fort-worth-texas
https://www.ubereats.com/dallas/food-delivery/kings-of-wings/CMS-ydLmTS2BJstsslIhmA,fort-worth-texas
https://www.ubereats.com/dallas/food-delivery/moes-cafe/h7PEydj9TVKv7xbiXrfDdw,fort-worth-texas
https://www.ubereats.com/dallas/food-delivery/indian-kitchen-haltom-city/27mkv9G8TNy4jsEqdt1IRg,fort-worth-texas
https://www.ubereats.com/dallas/food-delivery/long-john-silvers-3535-altamesa-blvd/wyGN4Vs9Tn25by1y7TVQOA,fort-worth-texas
https://www.ubereats.com/dallas/food-delivery/sonic-301-university-drive/1CMSjA4ITTqBuRw7b7BSBA,fort-worth-texas
https://www.ubereats.com/dallas/food-delivery/dickeys-bbq-pit-blue-mound-rd-%26-ne-loop-service-rd/JucmOLUgRb-r4Hu8S_NQzQ,fort-worth-texas
https://www.ubereats.com/dallas/food-delivery/taqo-guy/rkFZlz6CTImsqLCJeKlqgA,fort-worth-texas
https://www.ubereats.com/dallas/food-delivery/gemelle/2m5d7_cnQ02iREERsJ1tZA,fort-worth-texas
https://www.ubereats.com/dallas/food-delivery/cafe-republic/jI6vctEiRx-HHWZWKpYWUA,fort-worth-texas
https://www.ubereats.com/dallas/food-delivery/mcdonalds-rchlnd-hls-hadle/cWp0DmqeQ4uZFRIZE9RtmQ,fort-worth-texas
https://www.ubereats.com/dallas/food-delivery/mellow-mushroom-3455-blue-bonnet-cir/KUX8UXWuR2CfISbyvdtwWQ,fort-worth-texas
https://www.ubereats.com/dallas/food-delivery/the-great-outdoors-sub-shop-fort-worth/X9CAyMicQ92GdnooUct__Q,fort-worth-texas
https://www.ubereats.com/dallas/food-delivery/on-the-border-fossil-creek/-oA8OK27SrW5Vao5PWEhZg,fort-worth-texas
https://www.ubereats.com/dallas/food-delivery/chipotle-mexican-grill-6706-westworth-blvd-ste-101/5QET4kYLR8Wpr_CqVtYYxA,fort-worth-texas
https://www.ubereats.com/dallas/food-delivery/taco-bueno-3045-lake-worth-%231/EtP5utOXSyaOZyw3s0Lpjw,fort-worth-texas
https://www.ubereats.com/dallas/food-delivery/djays-soul-food-sundays/0G_wz-hxRtuMhtGceQ-8Sg,fort-worth-texas
https://www.ubereats.com/dallas/food-delivery/chicken-express-s-blue-mound-rd/p7ffwnDQTK-i1OR0qaVgBw,fort-worth-texas
https://www.ubereats.com/dallas/food-delivery/bjs-restaurant-%26-brewhouse-4720-south-hulen-street/U2Qsyzt9SMSieNltxtA-fg,fort-worth-texas
https://www.ubereats.com/dallas/food-delivery/taqueria-la-abuela/9yljtkxCTMC8tC4R5rC82g,fort-worth-texas
https://www.ubereats.com/dallas/food-delivery/cristinas-fine-mexican-restaurant-fort-worth/jESH59dXR4qXDZ2bRATPqA,fort-worth-texas
https://www.ubereats.com/dallas/food-delivery/fuzzys-taco-shop-6010-azle-ave/Iktu4ZhnQ8eY8fiDBA3jqg,fort-worth-texas
https://www.ubereats.com/dallas/food-delivery/clean-juice-5233-marathon-avenue/lql2HfZNSh2ChDW870YkhQ,fort-worth-texas
https://www.ubereats.com/dallas/food-delivery/panaderia-la-fe-fort-worth/N0YR8F__TXGKBCOm1Zme2g,fort-worth-texas
https://www.ubereats.com/dallas/food-delivery/the-cookshack/GYZypBU-SPSmH8RyNU59ig,fort-worth-texas
https://www.ubereats.com/dallas/food-delivery/ihop-4600-w-baily-boswell-rd/7WaNxEweQmijsfpFUAfpdA,fort-worth-texas
https://www.ubereats.com/dallas/food-delivery/mariscos-la-marea/NBBfpHLAQ7mus967L-JPhA,fort-worth-texas
https://www.ubereats.com/dallas/food-delivery/boulevard-of-greens/kKvqzjXlRbyD0lfYeCxh_g,fort-worth-texas
https://www.ubereats.com/dallas/food-delivery/boomerjacks-grill-%26-bar-cityview/s5g37CCGQ8yXILDCnC49IQ,fort-worth-texas
https://www.ubereats.com/dallas/food-delivery/mexican-inn-hulen/NGTbG1SFSI6iSfJ92z6MTg,fort-worth-texas
https://www.ubereats.com/dallas/food-delivery/tropical-smoothie-cafe-southwest-fort-worth/W6eb58ppSmOaAQAorcpSPQ,fort-worth-texas
https://www.ubereats.com/dallas/food-delivery/shipleys-do-nuts/8lo1PCU4Tq2l1-eUl47EpQ,fort-worth-texas
https://www.ubereats.com/dallas/food-delivery/wild-sushi-%26-ramen/Q1K32tlXQD-tEqC1ccebew,fort-worth-texas
https://www.ubereats.com/dallas/food-delivery/rusty-taco-3206-winthrop-avenue/1YEaxAjASmmkBVN0R6hhhg,fort-worth-texas
https://www.ubereats.com/dallas/food-delivery/dunkin-donuts-fort-worth/uTMo3lCVRCSb7DQh_HzTkQ,fort-worth-texas
https://www.ubereats.com/dallas/food-delivery/churchs-chicken-1301-n-w-28th/mYYB1YLbSe-h_53lYqO2kA,fort-worth-texas
https://www.ubereats.com/dallas/food-delivery/sonic-4800-s-hulen-st-ste-2106/36E93D8ASp-dx47gn6UrWg,fort-worth-texas
https://www.ubereats.com/dallas/food-delivery/takara-japanese-steakhouse/KrnGeUa1QF2qPuu6GYrMvA,fort-worth-texas
https://www.ubereats.com/dallas/food-delivery/savor-patisserie-fort-worth/31nhra0ITky0rHZivAgsmg,fort-worth-texas
https://www.ubereats.com/dallas/food-delivery/taco-bell-1221-oakland-blvd/ytZlt5CzTR6DgVdpFd1TLQ,fort-worth-texas
https://www.ubereats.com/dallas/food-delivery/super-donuts/bRQ6P9-xQta571O5i5FBzw,fort-worth-texas
https://www.ubereats.com/dallas/food-delivery/hashi-japanese-kitchen/0tmWzhR5RgaPZdVP0afIpw,fort-worth-texas
https://www.ubereats.com/dallas/food-delivery/shady-oak-barbeque-%26-grill/w1Bi_H03SxyOsz0ln2RA0A,fort-worth-texas
https://www.ubereats.com/dallas/food-delivery/taqueria-acapulco/ri-hs2VsQ5GncZkT8IshQw,fort-worth-texas
https://www.ubereats.com/dallas/food-delivery/old-neighborhood-grill/QAZudZSKRg2kmN-rNcciuw,fort-worth-texas
https://www.ubereats.com/dallas/food-delivery/cotton-patch-cafe-8004-denton-hwy-hwy377/7gtwgI5TS0WyhmHActYo_w,fort-worth-texas
https://www.ubereats.com/dallas/food-delivery/popeyes-1747-s-cherry-ln/aFIqaHJ4SMiLoj_iog-oEg,fort-worth-texas
https://www.ubereats.com/dallas/food-delivery/cotton-patch-cafe-3940-nw-loop-820/WnRWZ5xAR2y4lAoTcDfojA,fort-worth-texas
https://www.ubereats.com/dallas/food-delivery/little-caesars-9076-camp-bowie-west/MT8p77yoSn-cS5VqIwwolQ,fort-worth-texas
https://www.ubereats.com/dallas/food-delivery/los-jimadores-tex-mex-tequila-factory-fort-worth/P7w3FBpuQ56SzHOl1fxcaA,fort-worth-texas
https://www.ubereats.com/dallas/food-delivery/jack-in-the-box-2105-seminary-dr/DstlkYrkT928FGqrCORpAg,fort-worth-texas
https://www.ubereats.com/dallas/food-delivery/arbys-601-alta-mere-dr/mWDPbRgyT2SllOcfpSwGhg,fort-worth-texas
https://www.ubereats.com/dallas/food-delivery/jack-in-the-box-2851-w-berry-st/Nb_SLP0cTnuKKAv8zsYSyQ,fort-worth-texas
https://www.ubereats.com/dallas/food-delivery/taco-bell-7200-n-freeway/Si6F6-oGS262VIAhQOEwFA,fort-worth-texas
https://www.ubereats.com/dallas/food-delivery/jack-in-the-box-515-s-henderson-st/yrKpEz6yTK-KTCo73VriwQ,fort-worth-texas
https://www.ubereats.com/dallas/food-delivery/bnb-burgers-n-beyond/vXwxc7l3TZm78G_OpyZMXg,fort-worth-texas
https://www.ubereats.com/dallas/food-delivery/boomerjacks-grill-and-bar-montgomery/_hI5psdMSDGwde_3QQd90g,fort-worth-texas
https://www.ubereats.com/dallas/food-delivery/perrottis-pizza-%40-tcu/ZHIBJwnMR12mXWnCYfMdlw,fort-worth-texas
https://www.ubereats.com/dallas/food-delivery/sonic-9628-tehama-ridge-parkway/gp8AAgQ1SCmoy5H5gtwphg,fort-worth-texas
https://www.ubereats.com/dallas/food-delivery/arbys-5370-n-beach-st/akTU8VwRSICoeydOb9HTww,fort-worth-texas
https://www.ubereats.com/dallas/food-delivery/tail-feathers-wing-wagon/sklOBG2WR6iY7OEbzQb25Q,fort-worth-texas
https://www.ubereats.com/dallas/food-delivery/hashi-japanese-kitchen/oPoY8AJESAaNWpFjjClE2g,fort-worth-texas
https://www.ubereats.com/dallas/food-delivery/chuys-mexican-restaurant/VMUGaNMzTk68Wai5LAeyZg,fort-worth-texas
https://www.ubereats.com/dallas/food-delivery/sushi-axiom-fort-worth/a7yFJbNyTK2okUw7yn0hYA,fort-worth-texas
https://www.ubereats.com/dallas/food-delivery/chipotle-mexican-grill-4484-bryant-irvin-rd-ste-101/FseVXLD-SceTeC9j8Sw7dA,fort-worth-texas
https://www.ubereats.com/dallas/food-delivery/uncle-julios-alliance/OyNNWC-VRH6EBGuUEyIlTA,fort-worth-texas
https://www.ubereats.com/dallas/food-delivery/freebirds-world-burrito-1301-w-pipeline-rd/lfDrSDCWTxWC8e_QIVt_hw,fort-worth-texas
https://www.ubereats.com/dallas/food-delivery/oc-breakfast/s16o3kgBT0-t-Urw8HHWqg,fort-worth-texas
https://www.ubereats.com/dallas/food-delivery/moons-donuts/sRUPNa_nR6qvV6n0AyYeaw,fort-worth-texas
https://www.ubereats.com/dallas/food-delivery/mcalisters-deli-550-lake-worth-tx-1437/-KoovmhcTSiKP3P3HLvVGA,fort-worth-texas
https://www.ubereats.com/dallas/food-delivery/the-yucatan-tequila-bar-and-grill/uctosly5T2SNAxjQzj4--Q,fort-worth-texas
https://www.ubereats.com/dallas/food-delivery/firehouse-subs-rosedale/18ka6TwDRTeGIXTWONE-dg,fort-worth-texas
https://www.ubereats.com/dallas/food-delivery/taco-cabana-801-n-beach-st/sl9lD4yvTRKan_rC_YFunw,fort-worth-texas
https://www.ubereats.com/dallas/food-delivery/kings-kitchen/ZpIFSHrJR-Cn2lPiw8Ef0g,fort-worth-texas
https://www.ubereats.com/dallas/food-delivery/western-donuts/mtmOIA0_QeyJoqgvVtt1rg,fort-worth-texas
https://www.ubereats.com/dallas/food-delivery/ihop-1457-beach/3uTZMzFCQsyRpY2Hi-y7Eg,fort-worth-texas
https://www.ubereats.com/dallas/food-delivery/subway-601-n-saginaw-blvd/wlPgdZ0SQBeJfhLu2ex-dw,fort-worth-texas
https://www.ubereats.com/dallas/food-delivery/billys-oak-acres-bbq/4As643D2Tuypp1qhDqU3rA,fort-worth-texas
https://www.ubereats.com/dallas/food-delivery/mariachis-dine-in/V9Qy-vEqQjKiUFA8cZfiFw,fort-worth-texas
https://www.ubereats.com/dallas/food-delivery/sonic-drive-in-school-road/If_BfuXlQrqpEGt9hq1m_A,fort-worth-texas
https://www.ubereats.com/dallas/food-delivery/cookies-by-design-fort-worth/bIVECISwR7aQWJz3PebAQg,fort-worth-texas
https://www.ubereats.com/dallas/food-delivery/terrys-donut/xEP6nRKFQl21CVUJ_uDbrQ,fort-worth-texas
https://www.ubereats.com/dallas/food-delivery/jerrys-italian-bistro/LkPHzZCwRbqUBGcrTMmU5A,fort-worth-texas
https://www.ubereats.com/dallas/food-delivery/nekter-juice-bar-chapel-hill/35LGXn1FSLC_hzPScuWQ3Q,fort-worth-texas
https://www.ubereats.com/dallas/food-delivery/popeyes-6601-lake-worth-blvd/ocQCshGDS52SFEicVfeWIg,fort-worth-texas
