url,city
https://www.ubereats.com/killeen/food-delivery/zaxbys-2150-s-clear-creek-rd/iJZl3Lr_TUKenF_YzIm8IA,fort-hood-texas
https://www.ubereats.com/killeen/food-delivery/philippine-pit-stop/DP95tcK3TLCx9SfKMD5RIw,fort-hood-texas
https://www.ubereats.com/killeen/food-delivery/popeyes-louisiana-kitchen-1001-w-central-texas-expy/3dkDlLSnRWKfXMSUezhlsA,fort-hood-texas
https://www.ubereats.com/killeen/food-delivery/subway-1200-lowes-blvd-ste-114/ExR-uBx1TnS-sjZ1KrMptw,fort-hood-texas
https://www.ubereats.com/killeen/food-delivery/dairy-queen-1220-s-fort-hood-st/yNR0UdZbQp6dnk-3W-CuwA,fort-hood-texas
https://www.ubereats.com/killeen/food-delivery/little-jamaica-restaurant-and-lounge/xtamGbNCQHq4AHvJkBYj9Q,fort-hood-texas
https://www.ubereats.com/killeen/food-delivery/taco-bell-1313-s-fort-hood/IPUPEz6cRJmx8eEZ9xcGbA,fort-hood-texas
https://www.ubereats.com/killeen/food-delivery/lilys-cakes-harker-heights/EYwMDRs-Szal4GRVj8I4AQ,fort-hood-texas
https://www.ubereats.com/killeen/food-delivery/burger-king-3809-e-stan-schlueter-loop/E8J5QZMWRRWQcYO0s32MqA,fort-hood-texas
https://www.ubereats.com/killeen/food-delivery/la-gondola/zLXoqSnpQiWWpcaJ2vOhAQ,fort-hood-texas
https://www.ubereats.com/killeen/food-delivery/taj-restaurant/1m7Thh-HR8maZe7lUFfPbw,fort-hood-texas
https://www.ubereats.com/killeen/food-delivery/long-john-silvers-1404-fort-hood-street/7q7e1mBrQb-yTycrC_SPsQ,fort-hood-texas
https://www.ubereats.com/killeen/food-delivery/papa-johns-106-fm-2410-suite-3/lOYITmVZTC2WOfyDRFapRA,fort-hood-texas
https://www.ubereats.com/killeen/food-delivery/marcos-pizza-4001-e-stan-schlueter-loop/WWTa3IbgSC-tYwE26ArDhw,fort-hood-texas
https://www.ubereats.com/killeen/food-delivery/wendys-2008-e-central-texas-expy/tYn0Vfg_RqWzgB4QQxMHcw,fort-hood-texas
https://www.ubereats.com/killeen/food-delivery/starbucks-us-190-%26-s-fort-hood-st/6L_6PYEkSLuBo_5aCPDmng,fort-hood-texas
https://www.ubereats.com/killeen/food-delivery/taco-bell-1318-w-stan-schlueter-loop/PUkBjYR0Rym_C3fncwvMjg,fort-hood-texas
https://www.ubereats.com/killeen/food-delivery/hangover-bar-%26-grill/SPNjGAz5Qvq8hBDj2IK_pQ,fort-hood-texas
https://www.ubereats.com/killeen/food-delivery/california-cravings/E6TQTYG_SqmTkD6BhwSpPg,fort-hood-texas
https://www.ubereats.com/killeen/food-delivery/chuck-e-cheese-2303-e-central-tx-exprsw/xKN8oQCUSSi4UPuR5gvqnA,fort-hood-texas
https://www.ubereats.com/killeen/food-delivery/outback-steakhouse-2701-east-central-tx-expressway/uz5VIe6FR6eu3vsBjmcJ4Q,fort-hood-texas
https://www.ubereats.com/killeen/food-delivery/ihop-170-east-central-texas-expressway/GoBOxZnoRuKDFiztlguZqQ,fort-hood-texas
https://www.ubereats.com/killeen/food-delivery/popeyes-louisiana-kitchen-73rd-%26-battalion/mi2KsW3-RuaneEtbJJjPJg,fort-hood-texas
https://www.ubereats.com/killeen/food-delivery/schlotzskys-902-west-central-texas-expressway-ste-f/n3MJnHpOQwuz7REDlvyk9A,fort-hood-texas
https://www.ubereats.com/killeen/food-delivery/starbucks-190-%26-clear-creek/2FKvhfWqSn2-0s3XduqICQ,fort-hood-texas
https://www.ubereats.com/killeen/food-delivery/papa-johns-2726-e-highway-190-ste-136/TplJsy_sQZy7qrqDGQt5Mg,fort-hood-texas
https://www.ubereats.com/killeen/food-delivery/freebirds-world-burrito-2511-trimmier-rd-ste-130/quKwlaF3T-SZuF3w6JLvqA,fort-hood-texas
https://www.ubereats.com/killeen/food-delivery/subway-2408-s-clear-creek-rd-ste-105/Ofsf77zEQcKu0GVBlAxWaw,fort-hood-texas
https://www.ubereats.com/killeen/food-delivery/graces-kitchen/GGW9vAVkTeq8uiAjtXJ1XQ,fort-hood-texas
https://www.ubereats.com/killeen/food-delivery/mexico-lindo/H4Z07Ab0TsKE_d4-dSG6og,fort-hood-texas
https://www.ubereats.com/killeen/food-delivery/dairy-queen-4012-e-stan-schlueter-loop/ocohPeYqTBaD9mekCEEMCg,fort-hood-texas
https://www.ubereats.com/killeen/food-delivery/just-cooking-bbq/BCRww_4FSWOENvO-INbiLg,fort-hood-texas
https://www.ubereats.com/killeen/food-delivery/cracker-barrel-old-country-store-201-e-central-tx-expy/iGtGTcd-Q4eGw2UO2UUufQ,fort-hood-texas
https://www.ubereats.com/killeen/food-delivery/schlotzskys-103-west-central-texas-expressway/6NK6BgI3SPOA4c3s9tdhUQ,fort-hood-texas
https://www.ubereats.com/killeen/food-delivery/subway-612-n-fort-hood-st/TjDCIISCQM60YWAqmargIg,fort-hood-texas
https://www.ubereats.com/killeen/food-delivery/chopstick/7f2erm1-S82FjtpVoikM4A,fort-hood-texas
https://www.ubereats.com/killeen/food-delivery/lets-eat-texas/SntsT_CpTo-tS5s3R-qxtQ,fort-hood-texas
https://www.ubereats.com/killeen/food-delivery/starbucks-stan-schlueter-%26-fort-hood/kk0i0AmLSxaShNFd8hgS5Q,fort-hood-texas
https://www.ubereats.com/killeen/food-delivery/cajun-boiling-crab/Ror5-I-rTb6xM2SwpnkljQ,fort-hood-texas
https://www.ubereats.com/killeen/food-delivery/palmeras-tex-mex-con-sabor/KNmx1ob-QNSOsuYDyQXDvg,fort-hood-texas
https://www.ubereats.com/killeen/food-delivery/dona-maria-dominican-cuisine/PHz_jNk9SQWhfKp1s9q7Ww,fort-hood-texas
https://www.ubereats.com/killeen/food-delivery/tillie-maries/eNXMRZ2uT-uS6DjN3auu2g,fort-hood-texas
https://www.ubereats.com/killeen/food-delivery/dennys-1108-s-fort-hood-rd/kRwcFZLJTWCIi3UFhH0ZbA,fort-hood-texas
https://www.ubereats.com/killeen/food-delivery/bones-cracked-rib-bbq/tuun7nUWT6qYYcSei7opYw,fort-hood-texas
https://www.ubereats.com/killeen/food-delivery/dunkin-2250-clear-creek-rd/0WeMXQvRR5y4rwfMr8RIbA,fort-hood-texas
https://www.ubereats.com/killeen/food-delivery/applebees-2700-east-central-texas-exp/lqVKlj8NSY-vKVinv2NyQw,fort-hood-texas
https://www.ubereats.com/killeen/food-delivery/jack-in-the-box-1100-e-central-tx-expy/MJoF_kwbRhiQRqiItR9OYA,fort-hood-texas
https://www.ubereats.com/killeen/food-delivery/buffalo-wild-wings-2401-e-central-texas-expy/gIXNmpIsQSa2lF1KqOg8ZQ,fort-hood-texas
https://www.ubereats.com/killeen/food-delivery/father-%26-sons-soulfood-llc/h8ONfeyCQbKpKHxQk_M2sg,fort-hood-texas
https://www.ubereats.com/killeen/food-delivery/mcdonalds-4300-central-texas-expy/RNmZPhdhTN62jp_fruWLIg,fort-hood-texas
https://www.ubereats.com/killeen/food-delivery/mod-pizza-killeen/9xovFE-1SWS2B2nM18xZow,fort-hood-texas
https://www.ubereats.com/killeen/food-delivery/blimpie-8101-s-clear-creek-road/L5aiVG2-Tmy4VLUzG_y7aQ,fort-hood-texas
https://www.ubereats.com/killeen/food-delivery/just-cooking-bbq/tDQlwvxHRIex1POXy6DAkA,fort-hood-texas
https://www.ubereats.com/killeen/food-delivery/wayback-burger-3404-w-stan-schlueter-loop/5QyHnqwQRGmyDBSeguD1GA,fort-hood-texas
https://www.ubereats.com/killeen/food-delivery/taco-bell-521-e-fm-2410/raOLECXDTyaA90eNYiNc7g,fort-hood-texas
https://www.ubereats.com/killeen/food-delivery/menos-mexican-grill/sZ-H1WarQsqRbYXnIpBB7g,fort-hood-texas
https://www.ubereats.com/killeen/food-delivery/masfajitas-mexican-restaurant/kdkAiP7rRc-2_4gtctTIaQ,fort-hood-texas
https://www.ubereats.com/killeen/food-delivery/wendys-2740-e-highway-190/fDzLkiwKROemHpPLcE-Nqg,fort-hood-texas
https://www.ubereats.com/killeen/food-delivery/mcdonalds-2102-business-hwy-190/I6-Ix9k7RF-AUD0csCq_CA,fort-hood-texas
https://www.ubereats.com/killeen/food-delivery/subway-3800-e-stan-schlueter-loop-ste-111/z8cgE0p1T1WPar5qYH8WNw,fort-hood-texas
https://www.ubereats.com/killeen/food-delivery/kebab-istan-grill/c0llPTpBSPeYbhVec_r8gA,fort-hood-texas
https://www.ubereats.com/killeen/food-delivery/laboom-tacos/aIx01De1S-mgcb945_zKkw,fort-hood-texas
https://www.ubereats.com/killeen/food-delivery/firehouse-subs-1000-lowes-blvd-b-400/MC19KwCJRsCAP5p8goUQVg,fort-hood-texas
https://www.ubereats.com/killeen/food-delivery/mama-fus-killeen/k6WrrrbzQu6aLI5hSFDTXA,fort-hood-texas
https://www.ubereats.com/killeen/food-delivery/ras-kitchen-young-dr/ZGQSVHorTVmVst98JY5VzQ,fort-hood-texas
https://www.ubereats.com/killeen/food-delivery/wendys-3816-s-clear-creek-road/drjIQ_bNSnua3clnX8ZheA,fort-hood-texas
https://www.ubereats.com/killeen/food-delivery/rincon-del-lechon/Yo91bDV7R66GziHRocxr9A,fort-hood-texas
https://www.ubereats.com/killeen/food-delivery/taco-bell-419-east-rancier/oX9BKQR1R2-QJ9Ai-xgD7g,fort-hood-texas
https://www.ubereats.com/killeen/food-delivery/tropical-smoothie-cafe-300-e-central-texas-expressway-suite-400/3eVSrwTjSC--mD-qejnD-A,fort-hood-texas
https://www.ubereats.com/killeen/food-delivery/subway-1100-s-fm-440/ePuCUYrOSqGq6tVhUElVLg,fort-hood-texas
https://www.ubereats.com/killeen/food-delivery/papa-johns-1103-west-stan-schlueter-loop/aWiB2Pn9Qiqo5ChkhpdYxQ,fort-hood-texas
https://www.ubereats.com/killeen/food-delivery/taco-bell-1807-s-w-s-young-dr/LtdAczirQHm2e2VbaSs6Lg,fort-hood-texas
https://www.ubereats.com/killeen/food-delivery/panera-1723-e-central-texas-expressway/Qf8LrvqqRzOOSE7K4aQ4dg,fort-hood-texas
https://www.ubereats.com/killeen/food-delivery/i-love-sushi-beef-bowl-one/cfHvFJEDRKq2ZUGH_xq9Jg,fort-hood-texas
https://www.ubereats.com/killeen/food-delivery/burger-king-505-east-rancier/ivZB5oE4T0GCLQazZr1H2Q,fort-hood-texas
https://www.ubereats.com/killeen/food-delivery/papa-johns-202-east-veterans-memorial-boulevard-suite-g/Oh49-fD8TFGe18N3N7dUZw,fort-hood-texas
https://www.ubereats.com/killeen/food-delivery/taco-bell-404-n-fort-hood-st/ZogG3G2ZRty-ln1NCIl_CQ,fort-hood-texas
https://www.ubereats.com/killeen/food-delivery/taqueria-mexico-%232/BswQ87F8TkunUayFIVn5tQ,fort-hood-texas
https://www.ubereats.com/killeen/food-delivery/zum-edelweiss/ZGKL3q14T3e4hFuyrr8R0w,fort-hood-texas
https://www.ubereats.com/killeen/food-delivery/marcos-pizza-5304-w-elms-road-%23103/tNdKcxWfRiiooSCei6986w,fort-hood-texas
https://www.ubereats.com/killeen/food-delivery/churchs-chicken-3807-w-stan-schlueter-loop-suite-200/_6qPRCcvSBy9xy63G-uDUw,fort-hood-texas
https://www.ubereats.com/killeen/food-delivery/avas-caribbean-restaurant/eRacMuyPSOKZ1JA49iThtg,fort-hood-texas
https://www.ubereats.com/killeen/food-delivery/kings-chicken/ICAxZh4bSMOsq-XeD6-ENQ,fort-hood-texas
https://www.ubereats.com/killeen/food-delivery/burger-king-2902-clear-creek-rd/0jhwPOeRTLaMnyVCumQkZg,fort-hood-texas
https://www.ubereats.com/killeen/food-delivery/king-noodle-and-bar/WMLPzdnjTWu4segaMw050g,fort-hood-texas
https://www.ubereats.com/killeen/food-delivery/jack-in-the-box-5301-w-stan-schlueter-loop/Cln_vdbsRs2BROp36baQ4w,fort-hood-texas
https://www.ubereats.com/killeen/food-delivery/mcdonalds-4622-s-fort-hood-street/gQHokBubTtKhQk2KQ4H3Ag,fort-hood-texas
https://www.ubereats.com/killeen/food-delivery/taco-bell-4400-s-clear-creek-rd/4GhNXiUPQgi10xs_ZIBsYw,fort-hood-texas
https://www.ubereats.com/killeen/food-delivery/kfc-1912-east-veterans-memorial-boulevard/mR8ESiCgQL66ymPu-GJaRg,fort-hood-texas
https://www.ubereats.com/killeen/food-delivery/masfajitas-express-killeen/yZBN80HHSP2uE3zYqw_17w,fort-hood-texas
https://www.ubereats.com/killeen/food-delivery/razzoos-cajun-cafe-harker-heights/9w0YIPNiQp2Q86DFTsGwxA,fort-hood-texas
https://www.ubereats.com/killeen/food-delivery/tgi-fridays-563-killeen-tx/1z4YY8sRTkiz95bW1Sp-Gw,fort-hood-texas
https://www.ubereats.com/killeen/food-delivery/best-donuts/6bQswWxMRp2nekWjRWT3OQ,fort-hood-texas
https://www.ubereats.com/killeen/food-delivery/red-lobster-1001-e-central-texas-expressway/bR7CKTo4TK6ykPiwAsRiHA,fort-hood-texas
https://www.ubereats.com/killeen/food-delivery/starbucks-hwy-190-%26-trimmier/nE96CuqXRlOp_wcpDsY_uA,fort-hood-texas
https://www.ubereats.com/killeen/food-delivery/island-spice-restaurant/adWzByGkTpSMKjIvdzFZzw,fort-hood-texas
https://www.ubereats.com/killeen/food-delivery/true-texas-bbq-killeen/61dnt7VXT82b5c-oCk5YKA,fort-hood-texas
https://www.ubereats.com/killeen/food-delivery/band-of-brothers-bbq/z_4Fyu3IRQabAx7IKNJCZg,fort-hood-texas
https://www.ubereats.com/killeen/food-delivery/bobby-bs-soul-food-kitchen-%26-more/NuZFUMBVQ6ivnDrR88TJSA,fort-hood-texas
https://www.ubereats.com/killeen/food-delivery/pho4u/WInBxQ0cTAubseJqiYepWg,fort-hood-texas
https://www.ubereats.com/killeen/food-delivery/tacos-penjamo/6TduD7jcSvS--_1iCqsJbA,fort-hood-texas
https://www.ubereats.com/killeen/food-delivery/wendys-1201-s-fort-hood-st/LaoifA79Q6Si0Xsf2rzFbQ,fort-hood-texas
https://www.ubereats.com/killeen/food-delivery/mcalisters-deli-517-killeen-tx-1162/JL_6LU32Qhi65MS2OluUDA,fort-hood-texas
https://www.ubereats.com/killeen/food-delivery/red-robin-263-2800-e-central-texas-expressway/EoSUS-u5RiuU3__MECIBEw,fort-hood-texas
https://www.ubereats.com/killeen/food-delivery/crooked-fork/FgZTiszmQsOZXyPSNDs68Q,fort-hood-texas
https://www.ubereats.com/killeen/food-delivery/churchs-chicken-670-e-knights-way/um7yndmfTCuwkXkwK6_tLw,fort-hood-texas
https://www.ubereats.com/killeen/food-delivery/dd-pho-authentic/yw4kaMnpQbi-3mlykGq0Dg,fort-hood-texas
https://www.ubereats.com/killeen/food-delivery/subway-3903-w-stan-schlueter-loop-bldg-a-ste-101/GqSvv_TrRkudn2wUz8pWXw,fort-hood-texas
https://www.ubereats.com/killeen/food-delivery/soulfull-delivery/7fw-dtukQh2z9EY61w_-TA,fort-hood-texas
https://www.ubereats.com/killeen/food-delivery/kfc-516-e-fm-2410-road/3a2WdWtdQmCjkPR3zuiK9w,fort-hood-texas
https://www.ubereats.com/killeen/food-delivery/mcdonalds-109-e-rancier-st/vy9c-4xORNS8KDM-btYvkg,fort-hood-texas
https://www.ubereats.com/killeen/food-delivery/the-catch-killeen/CUCAf-ZGS62-Ha0Twm925A,fort-hood-texas
https://www.ubereats.com/killeen/food-delivery/jimmys-egg/IdHspC8dTFmglD_9N9rD3g,fort-hood-texas
https://www.ubereats.com/killeen/food-delivery/sunugal-african-restaurant/CfQ3Ayr1QmCtovXcSn0xWA,fort-hood-texas
https://www.ubereats.com/killeen/food-delivery/mcdonalds-1105-s-fort-hood-st/GSp_irqnRZ-rYIMljcNAUg,fort-hood-texas
https://www.ubereats.com/killeen/food-delivery/cafe-baklava/vA_vFHP9SQiAcJXzz1vNcw,fort-hood-texas
https://www.ubereats.com/killeen/food-delivery/jersey-mikes-subs-3007-e-central-texas-expressway/IMgWSl9cTiOYsZR02t2FZA,fort-hood-texas
https://www.ubereats.com/killeen/food-delivery/subway-701-w-elms-rd-ste-360/4sccN73FRuqwxqCrOt4OPQ,fort-hood-texas
https://www.ubereats.com/killeen/food-delivery/jokers-icehouse-bar-%26-grill/HYiKUr4TQoSp-b84Vt_SUg,fort-hood-texas
https://www.ubereats.com/killeen/food-delivery/chiefs-sports-grill/19iqP-iwQ6azED4FjI-J7Q,fort-hood-texas
https://www.ubereats.com/killeen/food-delivery/arbys-3408-w-stan-schlueter-loop/91IXXYgKQomzmdEibf3kKQ,fort-hood-texas
https://www.ubereats.com/killeen/food-delivery/chipotle-mexican-grill-fort-hood-shopping-center/KGaklfyOSJO2JxPMJIuqaQ,fort-hood-texas
https://www.ubereats.com/killeen/food-delivery/chicago-cheap-eats/_MIH0ZOmQQ6joxNetF6Wng,fort-hood-texas
https://www.ubereats.com/killeen/food-delivery/kfc-3408-west-stan-schlueter-loop/WJ0OyHsmRlazY0sDbT7YJw,fort-hood-texas
https://www.ubereats.com/killeen/food-delivery/five-guys-tx-0416-201-east-central-texas-expres/On1Ng8U0So6sWJGN1KQqIg,fort-hood-texas
https://www.ubereats.com/killeen/food-delivery/rock-and-roll-ice-cream-parlor/oP3ePQHZR0-_vk3nMMOv0Q,fort-hood-texas
https://www.ubereats.com/killeen/food-delivery/panda-express-201-e-central-texas/YZbNc8wqT_Sc9iBbygMEIg,fort-hood-texas
https://www.ubereats.com/killeen/food-delivery/cafe-baklava-doner-kebab/c_TYFFD5SRWoBe5YhtPe5A,fort-hood-texas
https://www.ubereats.com/killeen/food-delivery/mcdonalds-3700-clear-creek-road/ElT5m5MxR8GF1mHbCSw6kg,fort-hood-texas
https://www.ubereats.com/killeen/food-delivery/colombia-express/pOQfTyDgSLmT4VMCYXCfqA,fort-hood-texas
https://www.ubereats.com/killeen/food-delivery/chipotle-mexican-grill-201-e-central-texas-expy-ste-1400/P2p6m0vPTQKqEdhaXIzKUw,fort-hood-texas
https://www.ubereats.com/killeen/food-delivery/mama-cjs-kitchen/9_6s0f87S9qfPIfp6oFxCA,fort-hood-texas
https://www.ubereats.com/killeen/food-delivery/chipotle-mexican-grill-3018-e-business-190-ste-300/d_YidhcUQeaIH4MFD-k8lA,fort-hood-texas
https://www.ubereats.com/killeen/food-delivery/pasquallys-pizza-%26-wings-2303-e-central-texas-expy/Es5SuRyxQYSTQGvcGlOD9w,fort-hood-texas
