url,city
https://www.ubereats.com/cincinnati/food-delivery/moes-southwest-grill-7426-beechmont-avenue/K_1J5qiOTq-ycmk6O7A83Q,fort-thomas-kentucky
https://www.ubereats.com/cincinnati/food-delivery/mcalisters-9343-3372-madison-road/dzzG10khRBK7Z5dvcaIDcw,fort-thomas-kentucky
https://www.ubereats.com/cincinnati/food-delivery/frischs-big-boy-7706-beechmont-ave/T_cZqqagTY6GznHwE4unew,fort-thomas-kentucky
https://www.ubereats.com/cincinnati/food-delivery/empress-chili/GMm77gheSgmEMAJqXL-5Cg,fort-thomas-kentucky
https://www.ubereats.com/cincinnati/food-delivery/servatii-pastry-shop-%26-deli-8-mile/jmrrMjkGSUOGqIcIQ2EUZw,fort-thomas-kentucky
https://www.ubereats.com/cincinnati/food-delivery/china-buffet/LrOV095ZTMikIs-5dy_5rg,fort-thomas-kentucky
https://www.ubereats.com/cincinnati/food-delivery/bambooz-bar-%26-grill/sZV5zCq8S8OBcbDCtrTNOw,fort-thomas-kentucky
https://www.ubereats.com/cincinnati/food-delivery/gold-star-chili-latonia/ev5lV2qTSYuU60OnHToorA,fort-thomas-kentucky
https://www.ubereats.com/cincinnati/food-delivery/auntie-annes-441-vine-street-unit-1-h/pcD1tsSDSvGR8_1TJiQf8w,fort-thomas-kentucky
https://www.ubereats.com/cincinnati/food-delivery/donatos-pizza-8142-beechmont-ave/906j2Qk6T5K6lIwUELdMyw,fort-thomas-kentucky
https://www.ubereats.com/cincinnati/food-delivery/starbucks-hyde-park-plaza/NwdNuJ2SR366ZkuMDsxYPA,fort-thomas-kentucky
https://www.ubereats.com/cincinnati/food-delivery/subway-205-calhoun-st/GhhGHBKJSA2GCazASxOZ0w,fort-thomas-kentucky
https://www.ubereats.com/cincinnati/food-delivery/the-red-balloon-cafe%2Bplay/XkTfZ96yRGGOOTzGlM_GYw,fort-thomas-kentucky
https://www.ubereats.com/cincinnati/food-delivery/arbys-5286/6v3vM_axSn6pVmEs6zTGZA,fort-thomas-kentucky
https://www.ubereats.com/cincinnati/food-delivery/el-jinete/vLNvIMHrR1qEn5hmF0mKsQ,fort-thomas-kentucky
https://www.ubereats.com/cincinnati/food-delivery/akash-india-restaurant/QmcQqCnlSh-9RAqzFWcNPg,fort-thomas-kentucky
https://www.ubereats.com/cincinnati/food-delivery/wild-ginger/dhGTGA9cRTyyITMSUYVHlQ,fort-thomas-kentucky
https://www.ubereats.com/cincinnati/food-delivery/servatii-pastry-shop/SrROeQadTi-gIyL6kch0sQ,fort-thomas-kentucky
https://www.ubereats.com/cincinnati/food-delivery/press-on-monmouth/6V9anX6oQK2iPiaoKMe7zw,fort-thomas-kentucky
https://www.ubereats.com/cincinnati/food-delivery/local-post/BhXVmmCrSOKx_9ky55SKEQ,fort-thomas-kentucky
https://www.ubereats.com/cincinnati/food-delivery/peking-restaurant/CCxTVxWISGm9ihJv8zS3fg,fort-thomas-kentucky
https://www.ubereats.com/cincinnati/food-delivery/macs-pizza-pub-mainstrasse/MxLe10j7TYmgJwgD02aPcw,fort-thomas-kentucky
https://www.ubereats.com/cincinnati/food-delivery/starbucks-university-square/6tLXKA7ZR-SDHskWof3G7Q,fort-thomas-kentucky
https://www.ubereats.com/cincinnati/food-delivery/che/kE9VFUIxQMuB-Bg8pm26bw,fort-thomas-kentucky
https://www.ubereats.com/cincinnati/food-delivery/jefferson-social/92cnPR2wRsC-FVbZ4o_xdQ,fort-thomas-kentucky
https://www.ubereats.com/cincinnati/food-delivery/jersey-mikes-3770-paxton-ave/KhiLodR8SGCeY7swnXVgIA,fort-thomas-kentucky
https://www.ubereats.com/cincinnati/food-delivery/first-watch-crestview/ts72K4RQS3qHCr12-0FYqw,fort-thomas-kentucky
https://www.ubereats.com/cincinnati/food-delivery/buffalo-wings-%26-rings-509-ohio-pike/nwp_kCsWQwWVRZzHOUZClQ,fort-thomas-kentucky
https://www.ubereats.com/cincinnati/food-delivery/popeyes-35-west-mitchell-avenue/0NkvV3yxQJSR92ND2GwLMQ,fort-thomas-kentucky
https://www.ubereats.com/cincinnati/food-delivery/baladi/M56tmotMSuSx-cOOYyfioQ,fort-thomas-kentucky
https://www.ubereats.com/cincinnati/food-delivery/frischs-big-boy-100-landmark-dr/eckkx6a5Qve0MnSO3IcUZg,fort-thomas-kentucky
https://www.ubereats.com/cincinnati/food-delivery/veracruz-mexican-grill/7qtVlstFTQq3XUGzqsRzrA,fort-thomas-kentucky
https://www.ubereats.com/cincinnati/food-delivery/mazunte-6216-madison-rd/aT3MRGmQQHqUNBVjEi2aVg,fort-thomas-kentucky
https://www.ubereats.com/cincinnati/food-delivery/mcdonalds-monmouth-%26-zott/fUr0WE2zScG09NnmByN1wg,fort-thomas-kentucky
https://www.ubereats.com/cincinnati/food-delivery/frischs-big-boy-494-orphanage-rd/fwGptz02R3mXpIdCFcyQ_A,fort-thomas-kentucky
https://www.ubereats.com/cincinnati/food-delivery/arbys-8511/J5qj0OGFRaSJGsEW8cAnqg,fort-thomas-kentucky
https://www.ubereats.com/cincinnati/food-delivery/bob-evans-292-489-orphanage-road/7d48REcdQfGlF5czpMSw3w,fort-thomas-kentucky
https://www.ubereats.com/cincinnati/food-delivery/elis-bbq/JeZmk0wqSKqZl4nkEJrzHg,fort-thomas-kentucky
https://www.ubereats.com/cincinnati/food-delivery/macaron-bar-otr/KQKTwPYzQjKxIz-brf3mIQ,fort-thomas-kentucky
https://www.ubereats.com/cincinnati/food-delivery/fortune-noodle-house/ObfJmiNkQTip5NjQ2ZGa7g,fort-thomas-kentucky
https://www.ubereats.com/cincinnati/food-delivery/chipotle-mexican-grill-1227-w-ohio-pike/0PuOtk1XRhiOaFHr_aaGgg,fort-thomas-kentucky
https://www.ubereats.com/cincinnati/food-delivery/royal-taj-indian-restaurant/innJflQBQ-u7n_2vZDg_jQ,fort-thomas-kentucky
https://www.ubereats.com/cincinnati/food-delivery/gutierrez-deli/CfMDfTkOQvmz7dynFr1Cug,fort-thomas-kentucky
https://www.ubereats.com/cincinnati/food-delivery/molly-malones-irish-pub-%26-restaurant/c8XatXK4QSqRCsbKU_u0gA,fort-thomas-kentucky
https://www.ubereats.com/cincinnati/food-delivery/dunkin-4765-alexandria-pike/g89dvMOpRVqmuYq7HAOuqQ,fort-thomas-kentucky
https://www.ubereats.com/cincinnati/food-delivery/izzys-main-%26-6th-st/NMcEXgDZSyqTaCZa8Lq5Uw,fort-thomas-kentucky
https://www.ubereats.com/cincinnati/food-delivery/dilly-bistro/9a8E0CiLQkCWVIwZPgzsow,fort-thomas-kentucky
https://www.ubereats.com/cincinnati/food-delivery/frischs-big-boy-alexandria-pike/Cwch1-M8RD2mYheWKCbyUg,fort-thomas-kentucky
https://www.ubereats.com/cincinnati/food-delivery/el-taco-veloz/1cKV_UUxQuO-3-PBZzSWFg,fort-thomas-kentucky
https://www.ubereats.com/cincinnati/food-delivery/fishbowl/3NSrLPf8SWGFaiR6wC84og,fort-thomas-kentucky
https://www.ubereats.com/cincinnati/food-delivery/rallys-3010-reading-road/R-LXCJosQj2CRC-GOrut4A,fort-thomas-kentucky
https://www.ubereats.com/cincinnati/food-delivery/burger-king-14-carothers-rd/uUm8YReoRbqvBil2IUHShw,fort-thomas-kentucky
https://www.ubereats.com/cincinnati/food-delivery/zoup!-291-martin-luther-king-dr-e/cWQKsbgFTEyT0Ry-iKkqTw,fort-thomas-kentucky
https://www.ubereats.com/cincinnati/food-delivery/white-castle-64-w-mitchell-ave/43_x0LHITb--qhNUyqjORQ,fort-thomas-kentucky
https://www.ubereats.com/cincinnati/food-delivery/e%2Bo-new-asian/Tqvb5OpDQTGs7Dk5EVypWw,fort-thomas-kentucky
https://www.ubereats.com/cincinnati/food-delivery/mikeys-late-night-slice-otr/1A21zPuNQNSozEG96z2DwA,fort-thomas-kentucky
https://www.ubereats.com/cincinnati/food-delivery/mcalisters-9301-7636-beechmont-ave-building-%231/2ZZyYTOdQRyzvdLOVbvRkg,fort-thomas-kentucky
https://www.ubereats.com/cincinnati/food-delivery/chipotle-mexican-grill-2527-wilson-rd/4_i5Mr_AQNuhy4hY31tD3A,fort-thomas-kentucky
https://www.ubereats.com/cincinnati/food-delivery/venice-on-vine/873zem7HQ0aH9VN94YQY5w,fort-thomas-kentucky
https://www.ubereats.com/cincinnati/food-delivery/kfc-3787-waterford-parkway/WogJsQnyQaCb6zz1vJusPA,fort-thomas-kentucky
https://www.ubereats.com/cincinnati/food-delivery/maverick-chocolate-co/NokZ5w5XRmm4yRCLUjkSyw,fort-thomas-kentucky
https://www.ubereats.com/cincinnati/food-delivery/eastern-burrito-company/qN-UrRehT1CteiR8TEW_1w,fort-thomas-kentucky
https://www.ubereats.com/cincinnati/food-delivery/dos-amigos-rivers-edge-%26-milford/4bdf8paMSPqqM0g4bAicXw,fort-thomas-kentucky
https://www.ubereats.com/cincinnati/food-delivery/taco-bell-2500-highland-avenue/Sw4zDbaUTam0pUqopE2AuA,fort-thomas-kentucky
https://www.ubereats.com/cincinnati/food-delivery/sacred-beast-diner/Nyv_r1DzQL6uVgqibM0rqQ,fort-thomas-kentucky
https://www.ubereats.com/cincinnati/food-delivery/catch-a-fire-pizza/0yyO5kJuRUCW8MsZPyzQGg,fort-thomas-kentucky
https://www.ubereats.com/cincinnati/food-delivery/subway-221-e-4th-st-ste-117/g4wdqGlqQYuKhzxxnKDjLg,fort-thomas-kentucky
https://www.ubereats.com/cincinnati/food-delivery/stone-bowl-korean/fULgDgReRyaf6mq1yupyRg,fort-thomas-kentucky
https://www.ubereats.com/cincinnati/food-delivery/nittha-siam-kitchen/Qe6dU-uiQQKY-qLX8v01zQ,fort-thomas-kentucky
https://www.ubereats.com/cincinnati/food-delivery/longnecks-sports-grill-wilder/XIKmsLYpQxicHhGFl63VKg,fort-thomas-kentucky
https://www.ubereats.com/cincinnati/food-delivery/subway-425-walnut-st/har7y4VwQ-e5MeDbglT9lA,fort-thomas-kentucky
https://www.ubereats.com/cincinnati/food-delivery/servatii-pastry-shop-%26-deli-western-hills/fD3j9aFTRPqNAf3fD8a14g,fort-thomas-kentucky
https://www.ubereats.com/cincinnati/food-delivery/hibachi-master/n9cJdGjZQGK_P0LwT4ofOA,fort-thomas-kentucky
https://www.ubereats.com/cincinnati/food-delivery/yummy-sushi/cDnw2t_gSZ6SASWRKUiyDg,fort-thomas-kentucky
https://www.ubereats.com/cincinnati/food-delivery/viande/rEX9GckmR_KqYtKyga5aHA,fort-thomas-kentucky
https://www.ubereats.com/cincinnati/food-delivery/graeters-ice-cream-hyde-park-square/tKckV0zZTQaoI2xB06GqNA,fort-thomas-kentucky
https://www.ubereats.com/cincinnati/food-delivery/bob-evans-21-510-ohio-pike/x3neVRe_Qa25584lR2GxOA,fort-thomas-kentucky
https://www.ubereats.com/cincinnati/food-delivery/babushka-pierogies/ItKmnWtEQAGGzE5hwYRXlg,fort-thomas-kentucky
https://www.ubereats.com/cincinnati/food-delivery/fort-thomas-deli-mart/h2yU-ZhPR22ZNvjXYzNPQw,fort-thomas-kentucky
https://www.ubereats.com/cincinnati/food-delivery/fusian-hyde-park/XHPaUEhGS1a9k_qBVbjseA,fort-thomas-kentucky
https://www.ubereats.com/cincinnati/food-delivery/wabi-sabi/K0_dy1x5TmKWyghPii3uoQ,fort-thomas-kentucky
https://www.ubereats.com/cincinnati/food-delivery/drunken-tacos/TQJ1gTuxSEuvgWnFniltDA,fort-thomas-kentucky
https://www.ubereats.com/cincinnati/food-delivery/gaslight-bar-%26-grill/U1-AVDr1QCur2nCi68QIXA,fort-thomas-kentucky
https://www.ubereats.com/cincinnati/food-delivery/quesadilla-station/W_1S3EAFTR6fLiK0k0pDvA,fort-thomas-kentucky
https://www.ubereats.com/cincinnati/food-delivery/buffalo-wild-wings-3441-valley-plaza-parkway-a/9Jb0ZaiUQ-S9jzGzyfmVbg,fort-thomas-kentucky
https://www.ubereats.com/cincinnati/food-delivery/buzzed-bull-creamery/SgP2oHoAR3OtptFO6T2xfw,fort-thomas-kentucky
https://www.ubereats.com/cincinnati/food-delivery/tropical-smoothie-cafe-3364-madison-road/flYPCTGkRneqDB1-weyHwQ,fort-thomas-kentucky
https://www.ubereats.com/cincinnati/food-delivery/taco-bell-14-martha-layne-collins-blvd/I44QUiz9R4qrZ6pldFY9oQ,fort-thomas-kentucky
https://www.ubereats.com/cincinnati/food-delivery/steak-n-shake-7485-foltz-drive/7G4wgNWwQyGbE7rqNOLNtQ,fort-thomas-kentucky
https://www.ubereats.com/cincinnati/food-delivery/parlor-on-seventh/uh4oTT4gRIejYjw0pRK6-w,fort-thomas-kentucky
https://www.ubereats.com/cincinnati/food-delivery/wendys-3708-alexandria-pike/nz0PPpP7Q5G6ocucOv4XIQ,fort-thomas-kentucky
https://www.ubereats.com/cincinnati/food-delivery/riverside-korean/aMQtQUbxTu24qerP9LUnhw,fort-thomas-kentucky
https://www.ubereats.com/cincinnati/food-delivery/five-stars-mediterranean-resturant/ubinW_-ISbCyF2v0C9ALug,fort-thomas-kentucky
https://www.ubereats.com/cincinnati/food-delivery/arbys-6219/SQxt4-YuRpySFhOAM9r6Xw,fort-thomas-kentucky
https://www.ubereats.com/cincinnati/food-delivery/tender-towne-beechmont/ryKbB2EDT1yNAxbZExhG4g,fort-thomas-kentucky
https://www.ubereats.com/cincinnati/food-delivery/velvet-smoke-bbq-crescent-springs/ODTDpjqzQaq8flTFH_45vQ,fort-thomas-kentucky
https://www.ubereats.com/cincinnati/food-delivery/simply-rolled-ice-cream/WAjGKjYiQrW4liN2YnIB_w,fort-thomas-kentucky
https://www.ubereats.com/cincinnati/food-delivery/tin-roof/bw4ZSH9ATcWOmB1xnOSDYQ,fort-thomas-kentucky
https://www.ubereats.com/cincinnati/food-delivery/bob-evans-162-4471-eastgate-boulevard/ZQl9eqsHQs2kzbj5uvYWdw,fort-thomas-kentucky
https://www.ubereats.com/cincinnati/food-delivery/wendys-3478-river-hills-drive/tWt8ScM7Qn-D-o43qh7AXw,fort-thomas-kentucky
https://www.ubereats.com/cincinnati/food-delivery/somm-wine-bar-and-kitchen/yKwTuPoRQq2uLHWQKDH19w,fort-thomas-kentucky
https://www.ubereats.com/cincinnati/food-delivery/ruths-chris-steak-house-100-e-freedom-way/Bs0S73Z_T7uLGdrLfoOlVA,fort-thomas-kentucky
https://www.ubereats.com/cincinnati/food-delivery/frischs-big-boy-20-kyles-ln/DsPkVlMPT92U4juoe5A4jg,fort-thomas-kentucky
https://www.ubereats.com/cincinnati/food-delivery/jets-pizza-1305-monmouth-st/K0o6E15bQla5DE4ynZwEIA,fort-thomas-kentucky
https://www.ubereats.com/cincinnati/food-delivery/dunkin-8000-beechmont-ave/VxVZYxzCTeO7osncAu3FDQ,fort-thomas-kentucky
https://www.ubereats.com/cincinnati/food-delivery/lydias-on-ludlow/l7ZoMJ2fSZKvRLEVcapXhQ,fort-thomas-kentucky
https://www.ubereats.com/cincinnati/food-delivery/wendys-2238-beechmont-ave/VoCa_aRoS_CUbPS3N0_1Rg,fort-thomas-kentucky
https://www.ubereats.com/cincinnati/food-delivery/long-john-silvers-3600-harrison-avenue/16foiqwPSSG_P2-jUzjgtw,fort-thomas-kentucky
https://www.ubereats.com/cincinnati/food-delivery/holtmans-donut-shop/bMV1kv0-THG6xYQLEGOYuw,fort-thomas-kentucky
https://www.ubereats.com/cincinnati/food-delivery/gaslight-gourmet-cookies/R04AYWw7QGuUj7nIVUGl4w,fort-thomas-kentucky
https://www.ubereats.com/cincinnati/food-delivery/fort-thomas-pizza-%26-tavern/C82M-S4xSfqsx-as864jlw,fort-thomas-kentucky
https://www.ubereats.com/cincinnati/food-delivery/hooters-riverboat-%26-park/oDzaxL1WTuKBo5jmdHW1Cg,fort-thomas-kentucky
https://www.ubereats.com/cincinnati/food-delivery/locoba-by-platform/auA8JBhbTqe4pRSGUU-ZJQ,fort-thomas-kentucky
https://www.ubereats.com/cincinnati/food-delivery/hot-head-burritos-newport/WvE6vaZGSaiPllT5a_piAQ,fort-thomas-kentucky
https://www.ubereats.com/cincinnati/food-delivery/kfc-3040-dixie-highway/7irgUdO9ToGx-b8vdO6uvA,fort-thomas-kentucky
https://www.ubereats.com/cincinnati/food-delivery/corinthian/vqWPn49JQ4ChmEjGFJ2uUw,fort-thomas-kentucky
https://www.ubereats.com/cincinnati/food-delivery/fish-express/K6--ipOrSVqslskJWkhmQg,fort-thomas-kentucky
https://www.ubereats.com/cincinnati/food-delivery/b%26a-street-kitchen/eg3_X1dmQB23MuOXoO3-UQ,fort-thomas-kentucky
https://www.ubereats.com/cincinnati/food-delivery/maki-express/Is3ogv6qTdiiQqftk7NEEg,fort-thomas-kentucky
https://www.ubereats.com/cincinnati/food-delivery/wendys-57-carothers-rd/03ICLVg5Q_6mHBN0CSEjtw,fort-thomas-kentucky
https://www.ubereats.com/cincinnati/food-delivery/kfc-taco-bell-4147-hamilton-ave/-rxp985TRymCEHJ6YRMx2w,fort-thomas-kentucky
https://www.ubereats.com/cincinnati/food-delivery/applebees-7383-turfway-road/wxYqNtjCReOsJN5kGhn4kw,fort-thomas-kentucky
https://www.ubereats.com/cincinnati/food-delivery/gyros-on-main/iIncHOPMTYi07NAUd2HNeQ,fort-thomas-kentucky
https://www.ubereats.com/cincinnati/food-delivery/gold-star-chili-mt-carmel/eZycl50XTsWEWaovRtHnHA,fort-thomas-kentucky
https://www.ubereats.com/cincinnati/food-delivery/arbys-5174/QF-q7GIqQ9itgmF2HKd5mg,fort-thomas-kentucky
https://www.ubereats.com/cincinnati/food-delivery/tickle-pickle-restaurant/tAXTBua7Qum4mW8WCPWAcg,fort-thomas-kentucky
https://www.ubereats.com/cincinnati/food-delivery/taco-bell-3911-red-bank-rd/un73NfBpSYyIVJtCFChS_w,fort-thomas-kentucky
https://www.ubereats.com/cincinnati/food-delivery/pipers-cafe/MBVboTOSS5WyjmZ7kItswg,fort-thomas-kentucky
https://www.ubereats.com/cincinnati/food-delivery/noodles-%26-company-193-pavilion-pkwy/qyYHm45cTciYhU1fI45fQg,fort-thomas-kentucky
https://www.ubereats.com/cincinnati/food-delivery/mcdonalds-old-taylor-mill-%26-pride/Nyi4k5i7Qei9khl21NpkBg,fort-thomas-kentucky
https://www.ubereats.com/cincinnati/food-delivery/kidd-coffee-macys-tower/xh9O7VsPSPCu-eyTaiYF4Q,fort-thomas-kentucky
https://www.ubereats.com/cincinnati/food-delivery/chipotle-mexican-grill-258-stetson-st/kf_uq1yBRfC9vg3c1bcX8A,fort-thomas-kentucky
https://www.ubereats.com/cincinnati/food-delivery/chipotle-mexican-grill-3725-paxton-ave/RmMdAYDmSXWcJC_GLRj-EA,fort-thomas-kentucky
https://www.ubereats.com/cincinnati/food-delivery/graeters-ice-cream-fort-thomas/iu9fB6FVQOq1sHMovpcCBw,fort-thomas-kentucky
https://www.ubereats.com/cincinnati/food-delivery/tom-%2B-chee-court-%26-coleman/jhHh1I20RjqQZXqLec0kdQ,fort-thomas-kentucky
https://www.ubereats.com/cincinnati/food-delivery/ihop-7400-beechmont-ave/B0AKaKiBTuqkrActsshe2w,fort-thomas-kentucky
https://www.ubereats.com/cincinnati/food-delivery/outback-steakhouse-7731-five-mile-road/roSYPcwJTeSXRO1x6-JRZA,fort-thomas-kentucky
https://www.ubereats.com/cincinnati/food-delivery/first-watch-hyde-park/V2fSsXZ2TmeQnpr22SOR7A,fort-thomas-kentucky
https://www.ubereats.com/cincinnati/food-delivery/gold-star-chili-montgomery-%26-cleneay/-QVppBUbQAey3jQM_7L-Ig,fort-thomas-kentucky
https://www.ubereats.com/cincinnati/food-delivery/arbys-934/UCoXME2SQ3umoQ1z05CQ0g,fort-thomas-kentucky
https://www.ubereats.com/cincinnati/food-delivery/mcdonalds-st-johns-%26-pooles-creek/we2Z5b6KShWzqczAKCVa2A,fort-thomas-kentucky
https://www.ubereats.com/cincinnati/food-delivery/currito-5th-st-%26-walnut/gh6GgxMvQuK8ToViEG34UQ,fort-thomas-kentucky
https://www.ubereats.com/cincinnati/food-delivery/donatos-pizza-rookwood/CB31ajHiRha0F7xIFn81EA,fort-thomas-kentucky
https://www.ubereats.com/cincinnati/food-delivery/akasan-japanese-street-eats-hyde-park/5LoGiUPPSD-DO2j73RHf2w,fort-thomas-kentucky
https://www.ubereats.com/cincinnati/food-delivery/kfc-850-eastgate-south-dr/B_poR426Rp2tF7Xz4eDBuA,fort-thomas-kentucky
https://www.ubereats.com/cincinnati/food-delivery/frischs-big-boy-1575-w-galbraith-rd/2qIumzbpT_qB8cG_s8SkVA,fort-thomas-kentucky
https://www.ubereats.com/cincinnati/food-delivery/kfc-3945-red-bank-rd/hNSDt8oHRF-nmV-VwZDlFg,fort-thomas-kentucky
https://www.ubereats.com/cincinnati/food-delivery/five-guys-oh-1056-2743-edmondson-rd/LmN0-mKARjyRE1DaTyAIsw,fort-thomas-kentucky
https://www.ubereats.com/cincinnati/food-delivery/yard-bird/XHSujk1sSuymrWp8s4ZGpA,fort-thomas-kentucky
https://www.ubereats.com/cincinnati/food-delivery/cafe-mediterranean/XMxwqsw8RnGGxyEL9rzEEw,fort-thomas-kentucky
https://www.ubereats.com/cincinnati/food-delivery/ihop-3222-geier-drive/JV7CuGDrRn2qhfLHj2d8sQ,fort-thomas-kentucky
https://www.ubereats.com/cincinnati/food-delivery/3501-seoul/0V1IOEVpQtCSXfCNP9iAqw,fort-thomas-kentucky
https://www.ubereats.com/cincinnati/food-delivery/brunch-time/7Uhg6t59TGSeI_2qDKw3kg,fort-thomas-kentucky
https://www.ubereats.com/cincinnati/food-delivery/dancing-roll/mIfSFKfHSXeNbvGoeByukg,fort-thomas-kentucky
https://www.ubereats.com/cincinnati/food-delivery/carabello-coffee/zO1dzHfXTUyKE7PcTuJ-gg,fort-thomas-kentucky
https://www.ubereats.com/cincinnati/food-delivery/taco-bell-30-carothers-rd/8O9p8czqS5-WMb3_yBFTag,fort-thomas-kentucky
https://www.ubereats.com/cincinnati/food-delivery/the-hi-mark/k3UZD_yBQYyfuNVoI8C9GA,fort-thomas-kentucky
https://www.ubereats.com/cincinnati/food-delivery/nation-kitchen-and-bar-pendleton/lmKlj3A-Q1qPcyKeoZ_9rA,fort-thomas-kentucky
https://www.ubereats.com/cincinnati/food-delivery/jack-in-the-box-6220-5234-ridge-ave/iZWV7dXrTka929uI-dAaXw,fort-thomas-kentucky
https://www.ubereats.com/cincinnati/food-delivery/ludlow-garage/61vF_IwJRUeafnFLrLCPrQ,fort-thomas-kentucky
https://www.ubereats.com/cincinnati/food-delivery/starbucks-beechmont-%26-hamblen/yL9ELcjQQ42fHn5Ps1JlYg,fort-thomas-kentucky
https://www.ubereats.com/cincinnati/food-delivery/fusian-kenwood/jsqcRYfGT72UiGIEbavfpQ,fort-thomas-kentucky
https://www.ubereats.com/cincinnati/food-delivery/kidd-coffee-carew-tower/57wdtGeKTSCOEO44Eh70TQ,fort-thomas-kentucky
https://www.ubereats.com/cincinnati/food-delivery/frischs-big-boy-520-w-5th-st/Ig7KlFrKSMu2k8VS1Y9OpA,fort-thomas-kentucky
https://www.ubereats.com/cincinnati/food-delivery/subway-1990-highland-pike/DGQva5EOQBCkaJLW1YtHcA,fort-thomas-kentucky
https://www.ubereats.com/cincinnati/food-delivery/trailhead-coffee/BrSGH00iSjK_ph_hkxlP-w,fort-thomas-kentucky
https://www.ubereats.com/cincinnati/food-delivery/cancun-mexican-bar-%26-grill/5SF25rnSRuaUf4zcTmD6eQ,fort-thomas-kentucky
https://www.ubereats.com/cincinnati/food-delivery/kfc-3003-reading-rd/d1s8V8LZQfOKF6Jms6X8vw,fort-thomas-kentucky
https://www.ubereats.com/cincinnati/food-delivery/the-pub-madison-rd/4hYOFXuIRS6UV18KdBK2DA,fort-thomas-kentucky
https://www.ubereats.com/cincinnati/food-delivery/chipotle-mexican-grill-501-w-fourth-st/WUXjNaETSS2XNp2vysu3xQ,fort-thomas-kentucky
https://www.ubereats.com/cincinnati/food-delivery/donatos-pizza-bellevue/ihWfMkWVQMuBGx2Zl3WgVw,fort-thomas-kentucky
https://www.ubereats.com/cincinnati/food-delivery/four-mile-pig/W_ADym9MRvyns1jiFqnJmw,fort-thomas-kentucky
https://www.ubereats.com/cincinnati/food-delivery/good-plates-eatery/Fh_03AXNS1SEEeuhEl41NA,fort-thomas-kentucky
https://www.ubereats.com/cincinnati/food-delivery/tgi-fridays-1814-cincinnati-turkeyfoot-ky/VtI2MGJ3QgGhQEn7kB9GxA,fort-thomas-kentucky
https://www.ubereats.com/cincinnati/food-delivery/red-feather/oW1ijHk6St-n5GWSs5H9IQ,fort-thomas-kentucky
https://www.ubereats.com/cincinnati/food-delivery/popeyes-2700-madison-road/jOUoA7kiTmKIso8_4ETM3Q,fort-thomas-kentucky
https://www.ubereats.com/cincinnati/food-delivery/dope!-asian-street-fare/7gvJSziMTame48dNEeyq9w,fort-thomas-kentucky
https://www.ubereats.com/cincinnati/food-delivery/gold-star-chili-newport/ng7QTigMTp-yJvHA3FEaBQ,fort-thomas-kentucky
https://www.ubereats.com/cincinnati/food-delivery/arbys-1193/D1d3D0ooSse9xhUZ-1xrxw,fort-thomas-kentucky
https://www.ubereats.com/cincinnati/food-delivery/taco-bell-8157-beechmont-ave/sBCBwOt_TEekr-7g3fM3lA,fort-thomas-kentucky
https://www.ubereats.com/cincinnati/food-delivery/arawan-thai-sushi/iG1GqdegRbqavL-raixu2g,fort-thomas-kentucky
https://www.ubereats.com/cincinnati/food-delivery/rancho-grande/eHDSnc-4TlS57G0jNLiVLg,fort-thomas-kentucky
https://www.ubereats.com/cincinnati/food-delivery/mod-pizza-oakley/M2xaGNQLTUCQq8ntcvefHg,fort-thomas-kentucky
https://www.ubereats.com/cincinnati/food-delivery/dixie-chili-covington/CYVu2zNVTDG-Q3sNyep1wA,fort-thomas-kentucky
https://www.ubereats.com/cincinnati/food-delivery/chipotle-mexican-grill-7630-beechmont-ave/hU7NlSLhSvKc8wwI9RvEUQ,fort-thomas-kentucky
https://www.ubereats.com/cincinnati/food-delivery/oriental-express-llc/r5EzYOx-RNyYzr3zsdVipA,fort-thomas-kentucky
https://www.ubereats.com/cincinnati/food-delivery/corner-bistro/IoeHLPugStWlTcRpcF_3gw,fort-thomas-kentucky
https://www.ubereats.com/cincinnati/food-delivery/graeters-ice-cream-fountain-square/BCR3j4ErRJWyVE7463ZUrw,fort-thomas-kentucky
https://www.ubereats.com/cincinnati/food-delivery/mcalisters-1192-2865-dixie-highway/d7izmhO_R42cojqM7HxKnQ,fort-thomas-kentucky
https://www.ubereats.com/cincinnati/food-delivery/roll-on-in-cincinnati/Qq-GgGoeTBCxSp68zuC9yQ,fort-thomas-kentucky
https://www.ubereats.com/cincinnati/food-delivery/cancun-mexican-bar-riverboat-row/tgi91310TdCBmkjeTKF8ww,fort-thomas-kentucky
https://www.ubereats.com/cincinnati/food-delivery/frischs-big-boy-4645-spring-grove-ave/o1SiOnGVSU2sWHz6999uMA,fort-thomas-kentucky
https://www.ubereats.com/cincinnati/food-delivery/trottas-steak-and-seafood/xabDnCgcTay5-CQmi_82Ww,fort-thomas-kentucky
https://www.ubereats.com/cincinnati/food-delivery/rapid-fired-pizza-4613-marburg-ave/cpqneGcITSia8wbJl-Ss1w,fort-thomas-kentucky
https://www.ubereats.com/cincinnati/food-delivery/wendys-855-william-howard-taft-road/ZDVbdmKoQhK-bEiZHGjLHw,fort-thomas-kentucky
https://www.ubereats.com/cincinnati/food-delivery/chipotle-mexican-grill-3459-valley-plaza-pkwy/3kjBvDRERwemcTEd40UMDQ,fort-thomas-kentucky
https://www.ubereats.com/cincinnati/food-delivery/elis-bbq-at-findlay-market/2llyxfkFTpe5DVDrYbv-Cw,fort-thomas-kentucky
https://www.ubereats.com/cincinnati/food-delivery/taco-bell-420-w-4th-street/pnTa9OkvQQGJiAacmiEWag,fort-thomas-kentucky
https://www.ubereats.com/cincinnati/food-delivery/dragon-city/dgIle-M1RVCY_hXZ3ECU-w,fort-thomas-kentucky
https://www.ubereats.com/cincinnati/food-delivery/green-farm-juicery-2727-erie-ave/6Xhs9o88RIWiqvkmVR2J-A,fort-thomas-kentucky
https://www.ubereats.com/cincinnati/food-delivery/kfc-1315-monmouth-street/gmDwA8_oSpSzNW8xeWlFqQ,fort-thomas-kentucky
https://www.ubereats.com/cincinnati/food-delivery/subway-38-martha-layne-collins-blvd/72yKUh-mTiWF6nBSiMgGyA,fort-thomas-kentucky
https://www.ubereats.com/cincinnati/food-delivery/chick-fil-a-95-carothers-rd/Pj-RI7BCSISA5w3uuq3lNA,fort-thomas-kentucky
https://www.ubereats.com/cincinnati/food-delivery/first-watch-anderson-township/I8wPRgqSRamSULVG9dC5ng,fort-thomas-kentucky
https://www.ubereats.com/cincinnati/food-delivery/pieology-pizzeria-128-w-mcmillan-st-ste-514-a/up67JcktQ4-cKJpI729QTA,fort-thomas-kentucky
https://www.ubereats.com/cincinnati/food-delivery/original-wok/eZpZ1udlRsGZR9-TZKEYMA,fort-thomas-kentucky
https://www.ubereats.com/cincinnati/food-delivery/papa-johns-7th-st-%26-elm/4HAGwBJuSaOP4BzDSdXdlQ,fort-thomas-kentucky
https://www.ubereats.com/cincinnati/food-delivery/rusconi-pizza/y9q4cc-oSjuPfOx3rVltfg,fort-thomas-kentucky
https://www.ubereats.com/cincinnati/food-delivery/mcdonalds-mcmillan-%26-victory/IgtMgli6TsW8qPcD8kLDFg,fort-thomas-kentucky
https://www.ubereats.com/cincinnati/food-delivery/subway-45-fairfield-ave/6zoJ-G91SH2-JLo8tvxpGw,fort-thomas-kentucky
https://www.ubereats.com/cincinnati/food-delivery/jersey-mikes-8138-beechmont-avenue/KlWODCJgQ8eXj8Ejb426Vw,fort-thomas-kentucky
https://www.ubereats.com/cincinnati/food-delivery/wendys-4385-winston-avenue/gEEk7nnfRh2JoM-TJFTjhw,fort-thomas-kentucky
https://www.ubereats.com/cincinnati/food-delivery/the-weekly-juicery/tFTdh74hSk6OwGSN5UDGUg,fort-thomas-kentucky
https://www.ubereats.com/cincinnati/food-delivery/pf-changs-2633-edmondson-rd/ElgMka57SJG2QXyHJVyU3Q,fort-thomas-kentucky
https://www.ubereats.com/cincinnati/food-delivery/bob-evans-342-6318-glenway-avenue/qh3LojUTR8GAqyXTHFTzRQ,fort-thomas-kentucky
https://www.ubereats.com/cincinnati/food-delivery/sitwells-coffeehouse/EEhTyFiVTgOUPeYxJ4hGyg,fort-thomas-kentucky
https://www.ubereats.com/cincinnati/food-delivery/ichiban-japanese-cuisine/TCvoUH9eQqegMxXLz_Xtxg,fort-thomas-kentucky
https://www.ubereats.com/cincinnati/food-delivery/mcdonalds-paxton-%26-oak-park/okQ_psn6TAOZ7ObqCuGwJQ,fort-thomas-kentucky
https://www.ubereats.com/cincinnati/food-delivery/simply-rolled-ice-cream-otr/fEu5HHo0SSKg6thQcCt2hA,fort-thomas-kentucky
https://www.ubereats.com/cincinnati/food-delivery/mcdonalds-hazelwood-%26-buttermilk/7gIzzRkoTDeFYHWo1-AXjg,fort-thomas-kentucky
https://www.ubereats.com/cincinnati/food-delivery/essen-kitchen/2OXvUMeHTqGF0l7l4Y2DXQ,fort-thomas-kentucky
https://www.ubereats.com/cincinnati/food-delivery/urbana-cafe/EJpAAMSUTOq5zppwFHjf2Q,fort-thomas-kentucky
https://www.ubereats.com/cincinnati/food-delivery/gold-star-chili-mt-washington/qk77lKpUTXGm5iXglTOwUg,fort-thomas-kentucky
https://www.ubereats.com/cincinnati/food-delivery/chipotle-mexican-grill-6213-wooster-pike/6ZMGs_gwTweGBY4MpbWjqA,fort-thomas-kentucky
https://www.ubereats.com/cincinnati/food-delivery/frischs-big-boy-4765-montgomery-rd/vuafsgp0Q--8fc9pZgUn-A,fort-thomas-kentucky
https://www.ubereats.com/cincinnati/food-delivery/bakersfield-vine-%26-12th-st/KPFHsb19RfmxgkRIVULKOA,fort-thomas-kentucky
https://www.ubereats.com/cincinnati/food-delivery/kidd-coffee-parent/c3QdaAX2QyOqRkaj8Z4NaA,fort-thomas-kentucky
https://www.ubereats.com/cincinnati/food-delivery/9601-bonefish-grill-2737-madison-rd/EEhp8MVRSnuM7GnUtd7htw,fort-thomas-kentucky
https://www.ubereats.com/cincinnati/food-delivery/outback-steakhouse-8240-montgomery-road/Ksc9FBQSQUS3X02ok7zgFA,fort-thomas-kentucky
https://www.ubereats.com/cincinnati/food-delivery/red-robin-97-45-rivers-edge-dr/CiZEuXPZTuCFsT2UovD-6A,fort-thomas-kentucky
https://www.ubereats.com/cincinnati/food-delivery/tuckers/bHbP-k3yS9CMjP3u9uSPMA,fort-thomas-kentucky
https://www.ubereats.com/cincinnati/food-delivery/wiedemann-brewery/klRAZpOxQnuhonho4Q7B9A,fort-thomas-kentucky
https://www.ubereats.com/cincinnati/food-delivery/bridges-nepali-cuisine/rGHowZCoTUubp6sCz29kng,fort-thomas-kentucky
https://www.ubereats.com/cincinnati/food-delivery/bagel-brothers/5AlBqyhpRQ2ktGue_3xbaQ,fort-thomas-kentucky
https://www.ubereats.com/cincinnati/food-delivery/prvlgd-sushi-bar/YGAa8zecQIaD4fRXi9Wwig,fort-thomas-kentucky
https://www.ubereats.com/cincinnati/food-delivery/mccormick-%26-schmicks-21-east-5th-street/FAKxj9MvQRmpEWDnRbrysw,fort-thomas-kentucky
https://www.ubereats.com/cincinnati/food-delivery/wendys-1015-gest-street/8PLT7XtbQ76iUfWck69IqA,fort-thomas-kentucky
https://www.ubereats.com/cincinnati/food-delivery/taste-of-belgium-the-banks/WA2mfFU-QjGwi8hXm4PumQ,fort-thomas-kentucky
https://www.ubereats.com/cincinnati/food-delivery/dunkin-425-walnut-st/4R4I1cVFSvekBtWfurLH2g,fort-thomas-kentucky
https://www.ubereats.com/cincinnati/food-delivery/dusmesh-indian-restaurant/w7Y_5bFRSaCJxWbgXpx2xQ,fort-thomas-kentucky
https://www.ubereats.com/cincinnati/food-delivery/sonic-4451-eastgate-boulevard/u8fLt37pT7KDq05-a4cq1w,fort-thomas-kentucky
https://www.ubereats.com/cincinnati/food-delivery/mom-n-em-coffee/IIVCS3KXQzyJuVdRnfokFA,fort-thomas-kentucky
https://www.ubereats.com/cincinnati/food-delivery/kfc-taco-bell-4478-montgomery-rd/nEzt3tZaQ3a3mRHuHBK8cA,fort-thomas-kentucky
https://www.ubereats.com/cincinnati/food-delivery/tiger-tiger-tacos/bpGLn6i4ScS0KMs_7cP0Vw,fort-thomas-kentucky
https://www.ubereats.com/cincinnati/food-delivery/drunken-hog-bbq/5IE2sJ_NT2SkHYv4QtT-mg,fort-thomas-kentucky
https://www.ubereats.com/cincinnati/food-delivery/cracker-barrel-old-country-store-4210-alexandria-pike/IZy9SupRTACkBhDUHmLhLg,fort-thomas-kentucky
https://www.ubereats.com/cincinnati/food-delivery/quaker-steak-and-lube-590-chamber-drive/6laDCmvHRXKP68xsI0Hgvw,fort-thomas-kentucky
https://www.ubereats.com/cincinnati/food-delivery/pendleton-parlor%3A-ice-cream-%26-cookie-dough/Ls2OBjbZSuiPsz0KQTlgZw,fort-thomas-kentucky
https://www.ubereats.com/cincinnati/food-delivery/nicholsons-tavern-and-pub/s8UgSKEJQnePA4ImKjZ73Q,fort-thomas-kentucky
https://www.ubereats.com/cincinnati/food-delivery/golden-city-chinese-restaurant/yFB82vdUTdCyETIzbkW7JQ,fort-thomas-kentucky
https://www.ubereats.com/cincinnati/food-delivery/the-dapper-doughnut/lKi7TUmjSwmQVVbuBO8LEA,fort-thomas-kentucky
https://www.ubereats.com/cincinnati/food-delivery/arbys-7964/gxKWa5cNTEKihKgDFRLY8Q,fort-thomas-kentucky
https://www.ubereats.com/cincinnati/food-delivery/panera-204919/m_BYEIltSjS-zCwaTmIUYA,fort-thomas-kentucky
https://www.ubereats.com/cincinnati/food-delivery/condado-tacos-the-banks/BcOa7PWOQFG95GzNfpXE4w,fort-thomas-kentucky
https://www.ubereats.com/cincinnati/food-delivery/frischs-big-boy-559-state-route-125/_metg7mURSqsP6tLBvmiPw,fort-thomas-kentucky
https://www.ubereats.com/cincinnati/food-delivery/buckhead-mountain-grill-bellevue-ky/woEGl4I7TiqaM05FcTA-QQ,fort-thomas-kentucky
https://www.ubereats.com/cincinnati/food-delivery/jersey-mikes-subs/bJm14HCSSZCA5itIg_x-Gg,fort-thomas-kentucky
https://www.ubereats.com/cincinnati/food-delivery/the-bonbonerie/8Ct5l39zQQGcXhhxowOoFg,fort-thomas-kentucky
https://www.ubereats.com/cincinnati/food-delivery/mazunte-centro/to6pDYjCT9mEkl93GWh8bQ,fort-thomas-kentucky
https://www.ubereats.com/cincinnati/food-delivery/don-rigo/g06fhSpqTEOx0bHqBjDUdg,fort-thomas-kentucky
https://www.ubereats.com/cincinnati/food-delivery/bow-tie-cafe/Jm1C28OVS_KucCD4RbUYUQ,fort-thomas-kentucky
https://www.ubereats.com/cincinnati/food-delivery/papa-johns-salem-ave/4WQEnnVsS8SNNI-rQth5hQ,fort-thomas-kentucky
https://www.ubereats.com/cincinnati/food-delivery/giminetti-baking-company/7iVPDH5BQHid8dxTx20blw,fort-thomas-kentucky
https://www.ubereats.com/cincinnati/food-delivery/the-dukesters-restaurant/BxlzSkA6TAO1W28vOiE3iw,fort-thomas-kentucky
https://www.ubereats.com/cincinnati/food-delivery/crzy-monk/SuvR2B-NRZOWL0qZMXKkcA,fort-thomas-kentucky
https://www.ubereats.com/cincinnati/food-delivery/zoup!-montgomery-rd/kpdieO-jTUKwhnXViu3cmw,fort-thomas-kentucky
https://www.ubereats.com/cincinnati/food-delivery/rubys-chocolates/RCpFR8Q9TxyJMUfy-9DzIQ,fort-thomas-kentucky
https://www.ubereats.com/cincinnati/food-delivery/lean-kitchen-company-cincinnati/6C9hDyPeR2yEyeepmZ5Olg,fort-thomas-kentucky
https://www.ubereats.com/cincinnati/food-delivery/currito-xavier-university/HJ4OrXM6T9aH0o5V51aoEQ,fort-thomas-kentucky
https://www.ubereats.com/cincinnati/food-delivery/china-house/9h-4Ul6gQF-zS4zRqQBP-A,fort-thomas-kentucky
https://www.ubereats.com/cincinnati/food-delivery/silver-ladle-walnut/wV3l-XuXQD-9LHzKKBtEQQ,fort-thomas-kentucky
https://www.ubereats.com/cincinnati/food-delivery/subway-8086-beechmont-ave/1gJY8GpeR1qKDGhnp0TD_w,fort-thomas-kentucky
https://www.ubereats.com/cincinnati/food-delivery/macaron-bar-hyde-park/DI9EU6t0Qpi9YkY1avavuw,fort-thomas-kentucky
https://www.ubereats.com/cincinnati/food-delivery/mellow-mushroom-1014-town-dr/zrYIdWEoQkeUP2qxlbD-yQ,fort-thomas-kentucky
https://www.ubereats.com/cincinnati/food-delivery/zoup!-eatery-690-eastgate-south-dr/g-XrXYsHRE2qoBGSpac6hw,fort-thomas-kentucky
https://www.ubereats.com/cincinnati/food-delivery/ravis-hyderabad-house/ex9FAvJJTWGZ_WijnxmKvw,fort-thomas-kentucky
https://www.ubereats.com/cincinnati/food-delivery/otr-chili-co/6c-QTkRyQlWXX7hjjvo32w,fort-thomas-kentucky
https://www.ubereats.com/cincinnati/food-delivery/bridges-nepali-cuisine-downtown/0tYpSDHxQXymUV9M_utdHA,fort-thomas-kentucky
https://www.ubereats.com/cincinnati/food-delivery/papa-johns-545-clough-pike/iXa4KwJ1TOiUAJ5Ld_uxNg,fort-thomas-kentucky
https://www.ubereats.com/cincinnati/food-delivery/mad-mikes-burgers-and-fries/GQlMB6ldR0Wq005gYv1hrw,fort-thomas-kentucky
https://www.ubereats.com/cincinnati/food-delivery/mardi-gras-on-madison-cincy/s5r4p_rjQH292ycNIFiDXA,fort-thomas-kentucky
https://www.ubereats.com/cincinnati/food-delivery/agave-%26-rye/WsB8e2AJQxSBJpbsrWVfWA,fort-thomas-kentucky
https://www.ubereats.com/cincinnati/food-delivery/ali-baba-mediterranean-grill-cincinnati/tnZt6AH9SoqNoMW6OhYE4w,fort-thomas-kentucky
https://www.ubereats.com/cincinnati/food-delivery/chipotle-mexican-grill-2507-w-clifton-ave/1APutck0TyyaoH_Cdj4mzg,fort-thomas-kentucky
https://www.ubereats.com/cincinnati/food-delivery/magic-wok/mGxdQAqVRQK_BODmiXf7jg,fort-thomas-kentucky
https://www.ubereats.com/cincinnati/food-delivery/ocharleys-100-cross-roads-blvd/2fRnb2y_RbGmeOIXvVCagA,fort-thomas-kentucky
https://www.ubereats.com/cincinnati/food-delivery/saundras-kitchen/8bGZDPq1QVqGO0fKHYEQEA,fort-thomas-kentucky
https://www.ubereats.com/cincinnati/food-delivery/amol-india-restaurant/X-xXLPVRSqSGAeNQmc5f8A,fort-thomas-kentucky
https://www.ubereats.com/cincinnati/food-delivery/maya-indian-restaurant/fmwANn7VTYWtsvj-LmjFow,fort-thomas-kentucky
https://www.ubereats.com/cincinnati/food-delivery/suzie-wongs-on-madison/_-3EKt1jQO6toB5k-1y9gQ,fort-thomas-kentucky
https://www.ubereats.com/cincinnati/food-delivery/mcdonalds-mlk-%26-vernon/oFbsL-UXT3e5Q9qJlae0CQ,fort-thomas-kentucky
https://www.ubereats.com/cincinnati/food-delivery/wodka-bar/pNPbRWjeSzqFfqBaBRDb3Q,fort-thomas-kentucky
https://www.ubereats.com/cincinnati/food-delivery/ocharleys-7414-turfway-rd/TdgxzoMDSbisVyrLeMkljw,fort-thomas-kentucky
https://www.ubereats.com/cincinnati/food-delivery/rapid-fired-pizza-200-chamber-dr/Pv3vXlbjRJSnfd0hsva_sA,fort-thomas-kentucky
https://www.ubereats.com/cincinnati/food-delivery/el-ocho-loco/pyQsJvoeSDmM4Vi2I2pPVA,fort-thomas-kentucky
https://www.ubereats.com/cincinnati/food-delivery/covington-chili/ilSi2ElARHKOf1nzHVNi4Q,fort-thomas-kentucky
https://www.ubereats.com/cincinnati/food-delivery/white-castle-4010-williams-dr/KlTUI9gjQ5WpC4Hu-jUcqA,fort-thomas-kentucky
https://www.ubereats.com/cincinnati/food-delivery/pastrami-%26-pickles/0sZMY_c-RqCr4cfVkzwMAQ,fort-thomas-kentucky
https://www.ubereats.com/cincinnati/food-delivery/mcdonalds-philadelphia-%26-3rd-st/KskArxKtRqqbwXlgqzJhzA,fort-thomas-kentucky
https://www.ubereats.com/cincinnati/food-delivery/smashburger-2517-wilson-ave/8izRnIHxQ3aQpzrgObXYTg,fort-thomas-kentucky
https://www.ubereats.com/cincinnati/food-delivery/sotto/Qssk1poGS_S7Y46KEcu1QA,fort-thomas-kentucky
https://www.ubereats.com/cincinnati/food-delivery/chart-house-405-riverboat-row/fMz8_qFBTqqT9qhogxoGEQ,fort-thomas-kentucky
https://www.ubereats.com/cincinnati/food-delivery/mcdonalds-winston-%26-38th-st/WfxmgZfhT3O8AWSuzd3Ang,fort-thomas-kentucky
https://www.ubereats.com/cincinnati/food-delivery/wendys-410-philadelphia-avenue/jGK23-I3T12E31BxnNiOMQ,fort-thomas-kentucky
https://www.ubereats.com/cincinnati/food-delivery/bubs-pizza-bar-mt-lookout/YGIlR-5pRpWgKKsqG4Mn6w,fort-thomas-kentucky
https://www.ubereats.com/cincinnati/food-delivery/cracker-barrel-old-country-store-7399-turfway-road/s-GsPLcZT2G-3QJQKh1caw,fort-thomas-kentucky
https://www.ubereats.com/cincinnati/food-delivery/center-hub-deli-%26-catering/OO-MfAUgSG6HThLsDt_Dbg,fort-thomas-kentucky
https://www.ubereats.com/cincinnati/food-delivery/chipotle-mexican-grill-5201-delhi-rd/00av7efDT5-DZBdQ1b8Mqg,fort-thomas-kentucky
https://www.ubereats.com/cincinnati/food-delivery/citybird-beechmont/rtuBS7j5TBCQd706dJ7Mlg,fort-thomas-kentucky
https://www.ubereats.com/cincinnati/food-delivery/blaze-cigar-lounge-and-bar/1SgBBe9iQbKZrQRXD_1ecg,fort-thomas-kentucky
https://www.ubereats.com/cincinnati/food-delivery/moes-southwest-grill-2881-dixie-hwy-suite-8060/I597BbGETcKxp8tzJ_YOnw,fort-thomas-kentucky
https://www.ubereats.com/cincinnati/food-delivery/buffalo-wild-wings-83-carothers-rd/Mk9tzPQVTyeX9gVmlWq8pA,fort-thomas-kentucky
https://www.ubereats.com/cincinnati/food-delivery/perkins-7108-hamilton-avenue/cdDOpKWYSTKyjNNv2WK4uw,fort-thomas-kentucky
https://www.ubereats.com/cincinnati/food-delivery/hot-head-burritos-3497-valley-plaza-k/JfucrNRwQnGvb6Nw63pBkw,fort-thomas-kentucky
https://www.ubereats.com/cincinnati/food-delivery/buffalo-wild-wings-2692-madison-rd-ste-a7/EeNEJXSXRTOJbN-o8O_S3g,fort-thomas-kentucky
https://www.ubereats.com/cincinnati/food-delivery/subway-3008-madison-rd/i-2PSyybRiWtik6qSa-Nsw,fort-thomas-kentucky
https://www.ubereats.com/cincinnati/food-delivery/siss-on-monmouth/QOZEgr4DSLGik-iE9ddheg,fort-thomas-kentucky
https://www.ubereats.com/cincinnati/food-delivery/dunkin-125-e-court-st/f8-Gx7jdRX6US0pjbjdfHQ,fort-thomas-kentucky
https://www.ubereats.com/cincinnati/food-delivery/buffalo-wings-%26-rings-8377-winton-rd/9X8PC3pdQniMaEvr6lEqEg,fort-thomas-kentucky
https://www.ubereats.com/cincinnati/food-delivery/aap-india/ds3pfxm4Q5qO_mgkzT3Ndg,fort-thomas-kentucky
https://www.ubereats.com/cincinnati/food-delivery/taj-indian/fMiowya-TnmtiDnITrqnig,fort-thomas-kentucky
https://www.ubereats.com/cincinnati/food-delivery/grove-park-grille/x7Pgcr2vSnquGvKTyiT1IQ,fort-thomas-kentucky
https://www.ubereats.com/cincinnati/food-delivery/currito-edwards-%26-wasson/R8pLgh_-TvuYJVGPvr8C3w,fort-thomas-kentucky
https://www.ubereats.com/cincinnati/food-delivery/mcks-chicks/OFSzIGBKQc-iQFBBLw87lQ,fort-thomas-kentucky
https://www.ubereats.com/cincinnati/food-delivery/elephant-walk-indian-ethiopian-bar-and-grill/nIeiwn7KTDmTAP1OhV_DPA,fort-thomas-kentucky
https://www.ubereats.com/cincinnati/food-delivery/fusabowl-cincinnati/frytlQgDRg2pbjcY3von1w,fort-thomas-kentucky
https://www.ubereats.com/cincinnati/food-delivery/alabama-que/i6aqoxoPQJyYTqD9UddGGg,fort-thomas-kentucky
https://www.ubereats.com/cincinnati/food-delivery/potbelly-sandwich-shop-fountain-square-%7C-179/o7Avvgt7QVmt3skAeL9Ccw,fort-thomas-kentucky
https://www.ubereats.com/cincinnati/food-delivery/brewdog-cincinnati/6EuXSyQAQlGLAakHRqnozw,fort-thomas-kentucky
https://www.ubereats.com/cincinnati/food-delivery/swad-indian-restaurant/1Y3q5747RC6SQZJTtrw_XA,fort-thomas-kentucky
https://www.ubereats.com/cincinnati/food-delivery/frischs-big-boy-5760-wooster-pike/KF-ZYfdEQbm8RpIhdFGtWQ,fort-thomas-kentucky
https://www.ubereats.com/cincinnati/food-delivery/lalo/r42JUgEbRZeVuP3RDM-cWA,fort-thomas-kentucky
https://www.ubereats.com/cincinnati/food-delivery/graeters-cherry-grove/5N6Juv2GSiuQk0FocG00vA,fort-thomas-kentucky
https://www.ubereats.com/cincinnati/food-delivery/mcdonalds-warsaw-%26-ross/DCyBtxE8QsC5gZ8qY0_cTg,fort-thomas-kentucky
https://www.ubereats.com/cincinnati/food-delivery/citybird/Rd-enRdcRZ6JbDIPapw-vQ,fort-thomas-kentucky
https://www.ubereats.com/cincinnati/food-delivery/island-frydays/DrhDVipCTjaZqpIBN6SpLQ,fort-thomas-kentucky
https://www.ubereats.com/cincinnati/food-delivery/hook-fish-and-chicken/IrHnWMhgTnq3JF7LKMlY9g,fort-thomas-kentucky
https://www.ubereats.com/cincinnati/food-delivery/citybird-crestview-hills/Q3hYRPcbThWjLKpCf5n7mw,fort-thomas-kentucky
https://www.ubereats.com/cincinnati/food-delivery/peppe-cucina/52DlZjvMSuiOf7NIoVAAdw,fort-thomas-kentucky
https://www.ubereats.com/cincinnati/food-delivery/white-castle-3940-ludlow-ave/4Qyryrz-Q6isiUgPuppM3A,fort-thomas-kentucky
https://www.ubereats.com/cincinnati/food-delivery/white-castle-864-eastgate-south-dr/YNUyP_gySFG6Zsl8UKvaZA,fort-thomas-kentucky
https://www.ubereats.com/cincinnati/food-delivery/bob-evans-44-5245-north-bend-road/323CUP-eSaKJPbX3IaHJXA,fort-thomas-kentucky
https://www.ubereats.com/cincinnati/food-delivery/izzys-elm-%26-garfield/ZYQ77Qk2Qx6RbmdY4d7eBA,fort-thomas-kentucky
https://www.ubereats.com/cincinnati/food-delivery/raffertys-restaurant-florence/3DWzDbTXSR-1AyhPWuJyRA,fort-thomas-kentucky
https://www.ubereats.com/cincinnati/food-delivery/applebees-4440-glen-este-withamsville-rd/TT_cO2r4R9ujHjRMqhePzA,fort-thomas-kentucky
https://www.ubereats.com/cincinnati/food-delivery/jets-pizza-8190-beechmont-ave/ZUa_MLWgSMqpxUKK-O7JGw,fort-thomas-kentucky
https://www.ubereats.com/cincinnati/food-delivery/martinos-on-vine/XlUtKbYGTOKBr_ZA9dNj8w,fort-thomas-kentucky
https://www.ubereats.com/cincinnati/food-delivery/tonys-mac-%26-more/IDXyv5QgTneZtrESnc9byQ,fort-thomas-kentucky
https://www.ubereats.com/cincinnati/food-delivery/bucks-bbq/fdOS5hLJTIumOcQpzRLzpA,fort-thomas-kentucky
https://www.ubereats.com/cincinnati/food-delivery/vegan-avenue/HSDisrD7RXKZsiuNRPm79A,fort-thomas-kentucky
https://www.ubereats.com/cincinnati/food-delivery/ambar-india-restaurant-ludlow/km6H4mrSRZOXIg_CnUTZHQ,fort-thomas-kentucky
https://www.ubereats.com/cincinnati/food-delivery/bucks-bbq-6th-ave-%26-berry/UJu6yMmVQZisX3Ry79ms7Q,fort-thomas-kentucky
https://www.ubereats.com/cincinnati/food-delivery/rooted-juicery/PKWOhwqBQhyUNFP3vrs32g,fort-thomas-kentucky
https://www.ubereats.com/cincinnati/food-delivery/dunkin-511-walnut-st/74T1r6fJRXut-p9PQV6Ldw,fort-thomas-kentucky
https://www.ubereats.com/cincinnati/food-delivery/brio-1-levee-way/Qrff3MS5RJimAJMoNej89Q,fort-thomas-kentucky
https://www.ubereats.com/cincinnati/food-delivery/j%26w-breakfast/tR_lYHL3SN2TDrY0_nLUNQ,fort-thomas-kentucky
https://www.ubereats.com/cincinnati/food-delivery/just-qin-bbq/cvzzBeLYTOKUTuj_Y7tCUQ,fort-thomas-kentucky
https://www.ubereats.com/cincinnati/food-delivery/frischs-big-boy-5351-north-bend-rd/l0NxsjgVRUScXfIUJPL_cQ,fort-thomas-kentucky
https://www.ubereats.com/cincinnati/food-delivery/pepper-pod-restaurant/ri-Ck3DXSMioZtpORWkGCg,fort-thomas-kentucky
https://www.ubereats.com/cincinnati/food-delivery/black-coffee-lounge/XMn38-eBR7iMLmdw5XBNow,fort-thomas-kentucky
https://www.ubereats.com/cincinnati/food-delivery/potbelly-sandwich-shop-florence-%7C-201/WNarNPlNSU2Hx-otHW74Ig,fort-thomas-kentucky
https://www.ubereats.com/cincinnati/food-delivery/bjs-restaurant-%26-brewhouse-2637-edmondson-road/8Hqel_9GTEOXjqeU3r8MgQ,fort-thomas-kentucky
https://www.ubereats.com/cincinnati/food-delivery/golden-dragon-white-oak/zFcL6ZuXSnqBX5J0k03XsQ,fort-thomas-kentucky
https://www.ubereats.com/cincinnati/food-delivery/full-circle-pies/gYQewjzIRcG7tlhJgbmuxg,fort-thomas-kentucky
https://www.ubereats.com/cincinnati/food-delivery/the-national-exemplar/9xzFJHLKSgir5W9B1ryP7Q,fort-thomas-kentucky
https://www.ubereats.com/cincinnati/food-delivery/outback-steakhouse-6168-glenway-avenue/S1tHUJaiSIekl8rOTRihOA,fort-thomas-kentucky
https://www.ubereats.com/cincinnati/food-delivery/buffalo-wild-wings-7741-beechmont-ave/UUoi7h18SiC0kdjIRy6c-g,fort-thomas-kentucky
https://www.ubereats.com/cincinnati/food-delivery/ravis-hyderabad-house/dKZFlrSMQtSInMLKCojX9w,fort-thomas-kentucky
https://www.ubereats.com/cincinnati/food-delivery/smooth-nitro-coffee/asQVSky7T7yOsiXv40EB1A,fort-thomas-kentucky
https://www.ubereats.com/cincinnati/food-delivery/commonwealth-bistro/ncY7FfbiR-GkC32RWWY_xA,fort-thomas-kentucky
https://www.ubereats.com/cincinnati/food-delivery/famous-daves-florence/ScFuxygOSkSFQk6mJbuOrg,fort-thomas-kentucky
https://www.ubereats.com/cincinnati/food-delivery/newport-sports-grill/V8HYLR3qS5G2ZXt74ktWvg,fort-thomas-kentucky
https://www.ubereats.com/cincinnati/food-delivery/dixie-chili-newport/Y9upEwFuQEafzbSFPRPY6w,fort-thomas-kentucky
https://www.ubereats.com/cincinnati/food-delivery/red-lobster-8220-montgomery-road/3mX0Q1xgTHqesVHAm7F7oQ,fort-thomas-kentucky
https://www.ubereats.com/cincinnati/food-delivery/drunken-bento/tklm0Zh5SNianxGIYFlZvQ,fort-thomas-kentucky
https://www.ubereats.com/cincinnati/food-delivery/gramma-debbies-kitchen/5pPcf78hTaasON9Zs_KBMA,fort-thomas-kentucky
https://www.ubereats.com/cincinnati/food-delivery/gastro-pub/gICxitRWRVSGJEU1hV-xHQ,fort-thomas-kentucky
https://www.ubereats.com/cincinnati/food-delivery/smashburger-450-oh-125/jj65gsu8SlSZ2XeVX40ocA,fort-thomas-kentucky
https://www.ubereats.com/cincinnati/food-delivery/singha-thai-and-sushi/kgsnknaoR0ChUTs1Ls29_Q,fort-thomas-kentucky
https://www.ubereats.com/cincinnati/food-delivery/tweedles-daylight-donuts/nhKz9UipQ2KrGNbLAzwZSg,fort-thomas-kentucky
https://www.ubereats.com/cincinnati/food-delivery/teak-thai-cuisine-and-sushi-bar/7JKUeiRYTrqED-XkuO4TYQ,fort-thomas-kentucky
https://www.ubereats.com/cincinnati/food-delivery/potbelly-sandwich-shop-rookwood-%7C-160/JHmz6hS8RGaJ26dJTICxDw,fort-thomas-kentucky
https://www.ubereats.com/cincinnati/food-delivery/mr-crab-house-3280-highland-ave/gDyM9_QbRDqHPhv4CyUTtA,fort-thomas-kentucky
https://www.ubereats.com/cincinnati/food-delivery/gold-star-chili-burnet-ave/3QV8huETTeeK5DtDQB1OXw,fort-thomas-kentucky
https://www.ubereats.com/cincinnati/food-delivery/dari-crest/f0qFvNfFTtedVehnDgTD5Q,fort-thomas-kentucky
https://www.ubereats.com/cincinnati/food-delivery/chipotle-mexican-grill-525-buttermilk-pike/RMgKauKiSP2Rgi3GqgFmFw,fort-thomas-kentucky
https://www.ubereats.com/cincinnati/food-delivery/frischs-big-boy-3226-central-pkwy/AOva4rNKRWOdMqdgG__KpA,fort-thomas-kentucky
https://www.ubereats.com/cincinnati/food-delivery/mcdonalds-reading-%26-seymour/aIiJ_HgHQ_aUSv51gV_4nA,fort-thomas-kentucky
https://www.ubereats.com/cincinnati/food-delivery/tea-n-bowl/stSxyXU_S5a9Bbv80i60Ug,fort-thomas-kentucky
https://www.ubereats.com/cincinnati/food-delivery/china-food/B5dhA0OJRcibD91jj9FVXA,fort-thomas-kentucky
https://www.ubereats.com/cincinnati/food-delivery/papa-johns-4505-1-2-west-8th-street/2y2fLTZBTiifDxyZ82qjyQ,fort-thomas-kentucky
https://www.ubereats.com/cincinnati/food-delivery/chipotle-mexican-grill-4397-glen-este-withamsville-rd/hUWaDUMgT5SbeipZJF3C-g,fort-thomas-kentucky
https://www.ubereats.com/cincinnati/food-delivery/taste-of-belgium-findlay-market/td3BhffeRNeB1Kix3tlgJQ,fort-thomas-kentucky
https://www.ubereats.com/cincinnati/food-delivery/sweet-petit-desserts/fOftXb6-TVuN-Dr6ODVCMA,fort-thomas-kentucky
https://www.ubereats.com/cincinnati/food-delivery/city-goat/WwA5gYASQsGtVhpfg0U3cg,fort-thomas-kentucky
https://www.ubereats.com/cincinnati/food-delivery/hangovereasy/aue8j4iGTF6jEj8D73Eqvw,fort-thomas-kentucky
https://www.ubereats.com/cincinnati/food-delivery/buca-di-beppo-norwood-edmondson-road/xXktCzdZSRaOFwTD-yuIow,fort-thomas-kentucky
https://www.ubereats.com/cincinnati/food-delivery/busken-bakery/jmF9LuY-SPyIjUVa2uDy-A,fort-thomas-kentucky
https://www.ubereats.com/cincinnati/food-delivery/pita-pit/BOOdDNOIQ4KRGKt0s_F2Ow,fort-thomas-kentucky
https://www.ubereats.com/cincinnati/food-delivery/burger-king-45-fairfield-avenue/dWBuLbriTBOJjw4bQLBKLw,fort-thomas-kentucky
https://www.ubereats.com/cincinnati/food-delivery/incline-public-house/UE43xHTlRaSZNtcklg7TVA,fort-thomas-kentucky
https://www.ubereats.com/cincinnati/food-delivery/habanero-latin-american/xQn3xN68TCOpuQiDI_0t5w,fort-thomas-kentucky
https://www.ubereats.com/cincinnati/food-delivery/hooties-burger-bar-301-riverboat-row/YIVSVmB0S62Q6GZhoI-vGg,fort-thomas-kentucky
https://www.ubereats.com/cincinnati/food-delivery/shans-jade-cafe/xOc8UtEETsW8OpHonkq3WA,fort-thomas-kentucky
https://www.ubereats.com/cincinnati/food-delivery/sake-bomb-sushi/mBHBI2dOQQOGB3A0xF6Pug,fort-thomas-kentucky
https://www.ubereats.com/cincinnati/food-delivery/pattys-old-fashioned-popcorn/IjBr2aCzRy-g7JxD0y0yLg,fort-thomas-kentucky
https://www.ubereats.com/cincinnati/food-delivery/pleasantry/yZCv5wjHRQGTFNciWsfGWg,fort-thomas-kentucky
https://www.ubereats.com/cincinnati/food-delivery/j%26w-bar-b-que/hmRLtVqqRg28oyQ_BsZmpQ,fort-thomas-kentucky
https://www.ubereats.com/cincinnati/food-delivery/mcdonalds-ridge-%26-highland/1jaMjuP7SpCDIVcnQ-7Apg,fort-thomas-kentucky
https://www.ubereats.com/cincinnati/food-delivery/big-jeffs-fish-%26-chicken/5-H6d-ojShmRaVmJLl0_jA,fort-thomas-kentucky
https://www.ubereats.com/cincinnati/food-delivery/cancun-mexican-bar-%26-grill/rk9UCNH2ROmFchXmdDL0AQ,fort-thomas-kentucky
https://www.ubereats.com/cincinnati/food-delivery/qdoba-mexican-eats-edmonson/VreV2eKzSrqZEjZxCoyjXw,fort-thomas-kentucky
https://www.ubereats.com/cincinnati/food-delivery/wendys-1246-hopple-street/muPxgrxKQgKMvNgbwoXRog,fort-thomas-kentucky
https://www.ubereats.com/cincinnati/food-delivery/wendys-4474-montgomery-road/7wuwLb5zS92OyQv2OmImgw,fort-thomas-kentucky
https://www.ubereats.com/cincinnati/food-delivery/the-arepa-place/7P4SOxGfSFS303aKaY-MWQ,fort-thomas-kentucky
https://www.ubereats.com/cincinnati/food-delivery/mios-clifton/Jt_3HWgiSR-F6tfSDXW3uw,fort-thomas-kentucky
https://www.ubereats.com/cincinnati/food-delivery/mikes-chili-and-gyros/6J8ewp0YRqmlv78x0XjLOA,fort-thomas-kentucky
https://www.ubereats.com/cincinnati/food-delivery/8th-and-english/S9ct0lE6QGSY8LHJR0sl8w,fort-thomas-kentucky
https://www.ubereats.com/cincinnati/food-delivery/wendys-3994-red-bank-road/HO9V9xYRRTO5ogSTe6DXug,fort-thomas-kentucky
https://www.ubereats.com/cincinnati/food-delivery/pza-rookwood-commons/0gqi1XdZSdKtnAlBUEt4IA,fort-thomas-kentucky
https://www.ubereats.com/cincinnati/food-delivery/kfc-4920-delhi-ave/QJRzNj8USt2E6xP57MHcTQ,fort-thomas-kentucky
https://www.ubereats.com/cincinnati/food-delivery/long-john-silvers-7203-alexandria-pike/LIla4UQvQ6mJCg6dzm6wLw,fort-thomas-kentucky
https://www.ubereats.com/cincinnati/food-delivery/subway-5301-ridge-rd/2CwGmpOfTdOx5U8ZLRcTsg,fort-thomas-kentucky
https://www.ubereats.com/cincinnati/food-delivery/rallys-801-lila-avenue/tHjb4tCpTuKZJuqL1qEAQQ,fort-thomas-kentucky
https://www.ubereats.com/cincinnati/food-delivery/buffalo-wild-wings/u2QuV801TtyA0KwZh5DvmA,fort-thomas-kentucky
https://www.ubereats.com/cincinnati/food-delivery/auntie-annes-4601-eastgate-blvd-unit-638/JAhFMajcQXC9SNPQqdHOHg,fort-thomas-kentucky
https://www.ubereats.com/cincinnati/food-delivery/chipotle-mexican-grill-4402-montgomery-rd/cz1colrGTW-B1d7bzL4ZXg,fort-thomas-kentucky
https://www.ubereats.com/cincinnati/food-delivery/brewriver-creole-kitchen/Z_omWvPBQGe1rdrdksGGCA,fort-thomas-kentucky
https://www.ubereats.com/cincinnati/food-delivery/silverglades-on-8th/mSAjRTp9TqGCgt9JXbSOFA,fort-thomas-kentucky
https://www.ubereats.com/cincinnati/food-delivery/pho-lang-thang/YSZ7jJ-ZQmyIpt5wnYa7qQ,fort-thomas-kentucky
https://www.ubereats.com/cincinnati/food-delivery/wendys-5330-ridge-ave/C7JfiNicQs2uHQdfNBqvfw,fort-thomas-kentucky
https://www.ubereats.com/cincinnati/food-delivery/fresh-eat-cincinnati/_-DCPFInRxOwio39iymkVw,fort-thomas-kentucky
https://www.ubereats.com/cincinnati/food-delivery/andys-mediterranean-grille/DJhToZbdRHaNy5r0wPYNtA,fort-thomas-kentucky
https://www.ubereats.com/cincinnati/food-delivery/rapid-fired-pizza-1-w-corry-st/v3QyS90NSIeZAlAj0UXE1A,fort-thomas-kentucky
https://www.ubereats.com/cincinnati/food-delivery/the-mercer-otr/RMa8sr-KSKODcCl3iAtDCg,fort-thomas-kentucky
https://www.ubereats.com/cincinnati/food-delivery/five-guys-ky-1509-1-levee-way/5H02xsilTzKTbEuJIeMFqA,fort-thomas-kentucky
https://www.ubereats.com/cincinnati/food-delivery/los-potrillos/WN1eZFJlQ7ylHCbQ6tR2Vw,fort-thomas-kentucky
https://www.ubereats.com/cincinnati/food-delivery/starbucks-newport-ft-thomas/QWQDj5bwSKC4z3kCIcdC9g,fort-thomas-kentucky
https://www.ubereats.com/cincinnati/food-delivery/buffalo-wild-wings-7714-montgomery-rd/6s9QxUY3TPWMAVfEMwGmkw,fort-thomas-kentucky
https://www.ubereats.com/cincinnati/food-delivery/papa-johns-1602-madison-ave/4Gmwqur_Q-W1YlnRcjRkbQ,fort-thomas-kentucky
https://www.ubereats.com/cincinnati/food-delivery/akasan-japanese-street-eats-downtown/GRwrA6hYRLqXuA_tFuQL0w,fort-thomas-kentucky
https://www.ubereats.com/cincinnati/food-delivery/don-pablos-5038/aZpgta3XTT-7G3KiuRxU2A,fort-thomas-kentucky
https://www.ubereats.com/cincinnati/food-delivery/long-john-silvers-5370-ridge-avenue/VJNIE8mQSEi21L9YsJM0wQ,fort-thomas-kentucky
https://www.ubereats.com/cincinnati/food-delivery/galactic-fried-chicken/UOBp5h1GTKWRX2av8xo9ug,fort-thomas-kentucky
https://www.ubereats.com/cincinnati/food-delivery/rj-cinema/1_B040lzQBWRI7SZ8ha5GQ,fort-thomas-kentucky
https://www.ubereats.com/cincinnati/food-delivery/bar-29-bar-%26-grill/TVDFW_YOQzqk_fvPeVblyw,fort-thomas-kentucky
https://www.ubereats.com/cincinnati/food-delivery/busken-bakery-highland-heights/ej-So1cHQ2ikS2G1Rbjujg,fort-thomas-kentucky
https://www.ubereats.com/cincinnati/food-delivery/papa-johns-2298-alexandria-pike/dCKstTyJR4ChO4qqXsAX8g,fort-thomas-kentucky
https://www.ubereats.com/cincinnati/food-delivery/richs-proper-food-%26-drink/W87fgFBbTP6CQkx6xglIfw,fort-thomas-kentucky
https://www.ubereats.com/cincinnati/food-delivery/jersey-mikes-subs-newport-86-b-carothers-rd/IIPBbPMLRiOBsrHm9H52HA,fort-thomas-kentucky
https://www.ubereats.com/cincinnati/food-delivery/subway-2196-dixie-hwy/ni1JkaUJTk29NP8OEFZlBA,fort-thomas-kentucky
https://www.ubereats.com/cincinnati/food-delivery/crown-republic-gastropub/QOvSEUtCTLefVjsOtHLBaQ,fort-thomas-kentucky
https://www.ubereats.com/cincinnati/food-delivery/cincy-ice-and-deli/vzhh-dNxSOmhQZHTb0Em9Q,fort-thomas-kentucky
https://www.ubereats.com/cincinnati/food-delivery/galactic-fried-chicken/a9hMJw7USOm5sArjCiaQ9Q,fort-thomas-kentucky
https://www.ubereats.com/cincinnati/food-delivery/marcos-pizza-carothers-rd-%26-pavilion-pkwy/b1UVBRdARh2RiedvkQ_w5Q,fort-thomas-kentucky
https://www.ubereats.com/cincinnati/food-delivery/mortons-the-steakhouse-441-vine-street-suite-1h/0fVch4zPQ1qgojnxV6Or4Q,fort-thomas-kentucky
https://www.ubereats.com/cincinnati/food-delivery/wurst-bar-in-the-square/7eXiJl4bTyuR349oCzgi6A,fort-thomas-kentucky
https://www.ubereats.com/cincinnati/food-delivery/plum-street-cafe/4CvQFy-cQ7-JZ7Li_c5irQ,fort-thomas-kentucky
https://www.ubereats.com/cincinnati/food-delivery/burgerfi-cincinnati/g7qCgMotQiKWim5LcjYLbA,fort-thomas-kentucky
https://www.ubereats.com/cincinnati/food-delivery/little-huit/akyxwmyjS9mThVifwr1eLQ,fort-thomas-kentucky
https://www.ubereats.com/cincinnati/food-delivery/kj-seafood/oQ3HN8cFRWCitmtRu2o7IA,fort-thomas-kentucky
https://www.ubereats.com/cincinnati/food-delivery/kfc-taco-bell-5067-sandman-dr/-nAKzVNTRqivc6gc5lD0XQ,fort-thomas-kentucky
https://www.ubereats.com/cincinnati/food-delivery/steak-n-shake-831-clepper-lane/PYtJp0TCSSmMaljqPj8lJA,fort-thomas-kentucky
https://www.ubereats.com/cincinnati/food-delivery/old-milford-parlor-%3A-ice-cream-%26-cookie-dough/hbG0rTFiRv6TnUjuIsowhw,fort-thomas-kentucky
https://www.ubereats.com/cincinnati/food-delivery/endzone-pizza/kYhhgjzuRsGE9qMwV32cTw,fort-thomas-kentucky
https://www.ubereats.com/cincinnati/food-delivery/currito-calhoun-%26-market/lu6uzKJgS_-YwptmPDItdw,fort-thomas-kentucky
https://www.ubereats.com/cincinnati/food-delivery/subway-34-e-7th-st/lY4RYl0VQVG4ND_-2iuepw,fort-thomas-kentucky
https://www.ubereats.com/cincinnati/food-delivery/13th-street-alley/egdYcRpyT9uNQqrdvzfung,fort-thomas-kentucky
https://www.ubereats.com/cincinnati/food-delivery/red-lobster-616-ohio-pike/AT8qA2TOQ0eafY5uawE6Sw,fort-thomas-kentucky
https://www.ubereats.com/cincinnati/food-delivery/pub-grub-deli/XYj8xWcnTimgvu1ijUaAlg,fort-thomas-kentucky
https://www.ubereats.com/cincinnati/food-delivery/cafe-de-paris/OBZw9X5NS4-L0W-VhywgJA,fort-thomas-kentucky
https://www.ubereats.com/cincinnati/food-delivery/cicis-792-eastgate-south-dr/c7-t8wFMTbqJEShoRIUYrQ,fort-thomas-kentucky
https://www.ubereats.com/cincinnati/food-delivery/tom-chee-3rd-st-%26-monmouth/2kttsmzUR5Ci30_rdPsCBw,fort-thomas-kentucky
https://www.ubereats.com/cincinnati/food-delivery/panera-204920/lNd6wQBTSj-canuDfY0Z_w,fort-thomas-kentucky
https://www.ubereats.com/cincinnati/food-delivery/krispy-kreme-beechmont-ave-%26-king-louie-ct/a5egUA7JRr28loA6HBO2qQ,fort-thomas-kentucky
https://www.ubereats.com/cincinnati/food-delivery/frischs-big-boy-4462-eastgate-blvd/oecKDi9sS8uXvBFpfmJ7IQ,fort-thomas-kentucky
https://www.ubereats.com/cincinnati/food-delivery/nada-cincinnati/7F5ri7BdQcaUG1XEvuD5EA,fort-thomas-kentucky
https://www.ubereats.com/cincinnati/food-delivery/applebees-2810-alexandria-pike/8WbJmykzQcSYI2zenyb3Fg,fort-thomas-kentucky
https://www.ubereats.com/cincinnati/food-delivery/cracker-barrel-old-country-store-475-rivers-edge-drive/boO-VwBOThmS9cOQmh-Tiw,fort-thomas-kentucky
https://www.ubereats.com/cincinnati/food-delivery/kfc-6444-glenway-ave/mqbNfDN7QF6qspPcZxNVrg,fort-thomas-kentucky
https://www.ubereats.com/cincinnati/food-delivery/fiery-hen/d5u8U3UwSfCaJsUyEButWA,fort-thomas-kentucky
https://www.ubereats.com/cincinnati/food-delivery/quan-hapa/E54MqqYlQoW1PZoftdEqCQ,fort-thomas-kentucky
https://www.ubereats.com/cincinnati/food-delivery/raya-lebanese/1W8nq3YSS2u5eMQzASD2Uw,fort-thomas-kentucky
https://www.ubereats.com/cincinnati/food-delivery/the-bagelry/fV7-cHk4SO-0ZVfCcB_ILw,fort-thomas-kentucky
https://www.ubereats.com/cincinnati/food-delivery/subway-901-w-8th-st/PaJdE3XgSL2DQmqyXk9zzA,fort-thomas-kentucky
https://www.ubereats.com/cincinnati/food-delivery/long-john-silvers-842-eastgate-south-drive/cUG9vnjWTNyLabq_g8tw-g,fort-thomas-kentucky
https://www.ubereats.com/cincinnati/food-delivery/young%22s-kitchen/3PWHx3t7RaOQv3Lza8FrdA,fort-thomas-kentucky
https://www.ubereats.com/cincinnati/food-delivery/burger-king-316-philadelphia-street/2dUTE0skTAi6j89epKehXg,fort-thomas-kentucky
https://www.ubereats.com/cincinnati/food-delivery/arbys-6181/djXv02iVQwSQASDemFEZEA,fort-thomas-kentucky
https://www.ubereats.com/cincinnati/food-delivery/plant-based/Gu7orEmCTIKELiutZsDNjw,fort-thomas-kentucky
https://www.ubereats.com/cincinnati/food-delivery/tom-%26-chee-anderson/j4MDCpEEQduu7bH3zMxylg,fort-thomas-kentucky
https://www.ubereats.com/cincinnati/food-delivery/symphony-hotel-and-restaurant/2wTB2ja2RMqOn5_gdLNgvg,fort-thomas-kentucky
https://www.ubereats.com/cincinnati/food-delivery/sago-eurasian-cuisine-%26-rotisserie/4pxZnyKUSuurT7oVzhHL_A,fort-thomas-kentucky
https://www.ubereats.com/cincinnati/food-delivery/kumo-asian-fusion/Ps4OFmjrRFqbIdOGVm53_w,fort-thomas-kentucky
https://www.ubereats.com/cincinnati/food-delivery/the-pretzel-place/DOiCjtVhT0W7klVp3c7nYw,fort-thomas-kentucky
https://www.ubereats.com/cincinnati/food-delivery/taj-mahal-indian-cuisine/IuRFNqB3S5msQJNgJ-2eBg,fort-thomas-kentucky
https://www.ubereats.com/cincinnati/food-delivery/oakley-pub-%26-grill/_KEgWsYXTkmHdKOV_eQC0w,fort-thomas-kentucky
https://www.ubereats.com/cincinnati/food-delivery/frischs-big-boy-5010-alexandria-pike/q6ldrc23TK2QM-agIpovsA,fort-thomas-kentucky
https://www.ubereats.com/cincinnati/food-delivery/kittys-sports-grill/CDkQHTVnSY6W3lPfAgVinA,fort-thomas-kentucky
https://www.ubereats.com/cincinnati/food-delivery/the-dog-house/ZkOixKtAQ7ehPzYZ_nalWA,fort-thomas-kentucky
https://www.ubereats.com/cincinnati/food-delivery/taco-bell-1003-gest-street/58lIydYTRXuqovjw0wsCvQ,fort-thomas-kentucky
https://www.ubereats.com/cincinnati/food-delivery/chicago-gyros-%26-dogs/4OsdIytgRN2H_BKCzLDCYg,fort-thomas-kentucky
https://www.ubereats.com/cincinnati/food-delivery/starbucks-rookwood-pavillion/FD6AQ7dtTb26CYniI_mBlg,fort-thomas-kentucky
https://www.ubereats.com/cincinnati/food-delivery/dibellas-old-fashioned-submarines-265-calhoun-st/Z7eiE06mT2mpRHUrUdnYlg,fort-thomas-kentucky
https://www.ubereats.com/cincinnati/food-delivery/tafts-ale-house-race-st/Zm7IDJP9S2e7mxmpBpP_JQ,fort-thomas-kentucky
https://www.ubereats.com/cincinnati/food-delivery/sorrentos-italian-joint/4wNKyP6oRGyRF3OH1xTx9Q,fort-thomas-kentucky
https://www.ubereats.com/cincinnati/food-delivery/lucius-q/sX6oFnvTTR2U-2jJqeds-Q,fort-thomas-kentucky
https://www.ubereats.com/cincinnati/food-delivery/sub-station-ii/U3WsjZ6pRhe9jXz3wrPtBw,fort-thomas-kentucky
https://www.ubereats.com/cincinnati/food-delivery/chipotle-mexican-grill-93-carothers-rd/iS3bAmRgSZeUE2_CLWi85w,fort-thomas-kentucky
https://www.ubereats.com/cincinnati/food-delivery/mt-washington-creamy-whip/zb_Xo3elRYmEDZdPDgbEoQ,fort-thomas-kentucky
https://www.ubereats.com/cincinnati/food-delivery/mcdonalds-beechmont-%26-asbury/_4YGK_UeS9aNldlxjwShRQ,fort-thomas-kentucky
https://www.ubereats.com/cincinnati/food-delivery/baba-india/488nuRD_RYeK_qngWtwFag,fort-thomas-kentucky
https://www.ubereats.com/cincinnati/food-delivery/butcher-and-barrel-700-race-st/WD2Uxn6cSiSnXz7BuBb-AA,fort-thomas-kentucky
https://www.ubereats.com/cincinnati/food-delivery/chipotle-mexican-grill-1-fountain-square-plz/L-d_m1FrRsy70ThJ30m6bQ,fort-thomas-kentucky
https://www.ubereats.com/cincinnati/food-delivery/hook-fish-%26-chicken/cnSssZ5nTS-iWcf1o5RFRg,fort-thomas-kentucky
https://www.ubereats.com/cincinnati/food-delivery/chipotle-mexican-grill-3100-dixie-hwy/LQZchH_CQBm9A1Fi7-eFxg,fort-thomas-kentucky
https://www.ubereats.com/cincinnati/food-delivery/gold-star-chili-covington/KgwX8VwjR5qkpXjrpc30XQ,fort-thomas-kentucky
https://www.ubereats.com/cincinnati/food-delivery/ocharleys-4531-eastgate-blvd/8j462a2oRD2OrFmIRyEvFA,fort-thomas-kentucky
https://www.ubereats.com/cincinnati/food-delivery/rooted-juicery-%2B-kitchen/IQOAOywPQrizUZ9CjESBqQ,fort-thomas-kentucky
https://www.ubereats.com/cincinnati/food-delivery/pieology-pizzeria-6785-houston-rd-suite-300/SizzrAcNTru6xTxierKSpQ,fort-thomas-kentucky
https://www.ubereats.com/cincinnati/food-delivery/long-john-silvers-1716-w-galbraith-road/sYolBtS1QzqaAs77SOBgxQ,fort-thomas-kentucky
https://www.ubereats.com/cincinnati/food-delivery/wing-squad-rookwood-commons/QQjtHgIYQ863vgMtRBeCPw,fort-thomas-kentucky
https://www.ubereats.com/cincinnati/food-delivery/asian-spice/tjmC9F12R7Ku-w2tE_euAA,fort-thomas-kentucky
https://www.ubereats.com/cincinnati/food-delivery/fusian-downtown/bYDUQ7MPRz62xS9quamGEw,fort-thomas-kentucky
https://www.ubereats.com/cincinnati/food-delivery/galla-park/HWNDx05SQJeqD-GNiZR5fg,fort-thomas-kentucky
https://www.ubereats.com/cincinnati/food-delivery/white-castle-1-w-5th-st/s5tO8BErRLWIm0GXdpm1Pg,fort-thomas-kentucky
https://www.ubereats.com/cincinnati/food-delivery/mama-lo-hizo/LqB5wn0RS7iZWC0Wd9kImg,fort-thomas-kentucky
https://www.ubereats.com/cincinnati/food-delivery/condado-tacos-oakley/TJijXKVWRx2i_ST-Oxe2BQ,fort-thomas-kentucky
https://www.ubereats.com/cincinnati/food-delivery/bob-evans-306-4000-alexandria-pike/osEsIAimTcyCITdOUSgY3Q,fort-thomas-kentucky
https://www.ubereats.com/cincinnati/food-delivery/shanghai-mamas/rw2II9e0RtOaTrCgYm3Uug,fort-thomas-kentucky
https://www.ubereats.com/cincinnati/food-delivery/subway-144-pavilion-pkwy/5bZYKvtMTMC9FQ67WiA3-Q,fort-thomas-kentucky
https://www.ubereats.com/cincinnati/food-delivery/arbys-5124/6mlyVSJXRrm_Fb7a2-rchA,fort-thomas-kentucky
https://www.ubereats.com/cincinnati/food-delivery/cactus-pear/sfYOvkTlQyqXq8a8rK7_vA,fort-thomas-kentucky
https://www.ubereats.com/cincinnati/food-delivery/graeters-taylor-mill/hHdWBocgTH-nnJJEP-xVkA,fort-thomas-kentucky
https://www.ubereats.com/cincinnati/food-delivery/i-love-juice-bar-anderson/Hh36UPLuR7OhWYE-ycwmhA,fort-thomas-kentucky
https://www.ubereats.com/cincinnati/food-delivery/popeyes-502-main-st/UBDdFzZjQHWa65XciKuM9A,fort-thomas-kentucky
https://www.ubereats.com/cincinnati/food-delivery/frischs-big-boy-1001-gest-st/McM0z_9dSRamJsZh16IvXw,fort-thomas-kentucky
https://www.ubereats.com/cincinnati/food-delivery/nick-and-tonys-double-decker-cafe/OJC88cmRRAuv77eYRD1Rig,fort-thomas-kentucky
https://www.ubereats.com/cincinnati/food-delivery/graeters-ice-cream-otr/AZWEtgCkQnejhOpTQrRSPQ,fort-thomas-kentucky
https://www.ubereats.com/cincinnati/food-delivery/bibibop-asian-grill-210-calhoun-street/StlkhJF4SQCZHNPICnpWXA,fort-thomas-kentucky
https://www.ubereats.com/cincinnati/food-delivery/carrabbas-2899-dixie-hwy/8NTGenSJTb66EO3bhavEoQ,fort-thomas-kentucky
https://www.ubereats.com/cincinnati/food-delivery/kung-fu-tea-%E5%8A%9F%E5%A4%AB%E8%8C%B6/Vm_tyQOlRfmojGie-06ZeQ,fort-thomas-kentucky
https://www.ubereats.com/cincinnati/food-delivery/ihop-pavilion-pkwy/xreTTVTRT8OBpibM8Bx9Yg,fort-thomas-kentucky
https://www.ubereats.com/cincinnati/food-delivery/churchills-fine-teas/1YtREt9JSS2dDpXLwpBtMQ,fort-thomas-kentucky
https://www.ubereats.com/cincinnati/food-delivery/mcdonalds-donnermeyer-%26-riviera/AdWcL3ZAQRWG-451QO_8OQ,fort-thomas-kentucky
https://www.ubereats.com/cincinnati/food-delivery/youngs-kitchen/2-GjvivHStaCZqXlMsZO1A,fort-thomas-kentucky
https://www.ubereats.com/cincinnati/food-delivery/maize-arepas-and-bar/g7NR-_Z4RWq4pmvZD1Akxw,fort-thomas-kentucky
https://www.ubereats.com/cincinnati/food-delivery/hot-head-burritos-3497-valley-plaza-pkwy/tImS5kh5Rf-Ua2dnHyrSLg,fort-thomas-kentucky
https://www.ubereats.com/cincinnati/food-delivery/paradise-restaurant-%26-cafe/aKpOIivNRuOwQn3o1gD9-w,fort-thomas-kentucky
https://www.ubereats.com/cincinnati/food-delivery/carrabbas-7500-beechmont-ave-suite-104/YG38hg6STQqVDxkmtRg0zg,fort-thomas-kentucky
https://www.ubereats.com/cincinnati/food-delivery/la-mandi/t8AW3oFBSq-4SxDNEugySQ,fort-thomas-kentucky
https://www.ubereats.com/cincinnati/food-delivery/el-toro-cincinnati/wuQbCegiSvGzMujFnqjEVA,fort-thomas-kentucky
https://www.ubereats.com/cincinnati/food-delivery/kidd-coffee-huntington-bank-tower/I0V3wZBGQ7WXesLDK0Mg2A,fort-thomas-kentucky
https://www.ubereats.com/cincinnati/food-delivery/papi-jochos/XTPQy7G1T7W5eLEvSDzagQ,fort-thomas-kentucky
https://www.ubereats.com/cincinnati/food-delivery/salvadores-pizzeria/qYKLbINXQlyMpxvNimDdFQ,fort-thomas-kentucky
https://www.ubereats.com/cincinnati/food-delivery/kidd-coffee-western-%26-southern-tower/VFB66XRpTXCOcV4jYP5G-Q,fort-thomas-kentucky
https://www.ubereats.com/cincinnati/food-delivery/chapter-mt-adams/GBBxCrzITvCkjeN4GiPqAw,fort-thomas-kentucky
