url,city
https://www.ubereats.com/richmond/food-delivery/taco-bell-628-southpark-blvd/3QUmiO1FRLS2bdEfCX-beg,fort-lee-virginia
https://www.ubereats.com/richmond/food-delivery/golden-skillet/iVV3BejhQxGa58A0wco84w,fort-lee-virginia
https://www.ubereats.com/richmond/food-delivery/trapezium-brewing-co/q-ZezLwnRDmPpqCT8qwSEQ,fort-lee-virginia
https://www.ubereats.com/richmond/food-delivery/great-steak-380-southpark-cir-unit-b-06/KEe2uopISuyaBfojvt1WPg,fort-lee-virginia
https://www.ubereats.com/richmond/food-delivery/mcdonalds-5214-oaklawn-blvd/LXcVm9PsT-is1gBVBcLw_w,fort-lee-virginia
https://www.ubereats.com/richmond/food-delivery/americas-best-wings-3330-s-crater-rd-suite-28/LkmL2urrQNOxQ1MlGhu-XQ,fort-lee-virginia
https://www.ubereats.com/richmond/food-delivery/hardees-2441-1865-s-crater-road/wI8DyhiTSWSfMvwSc1xv0w,fort-lee-virginia
https://www.ubereats.com/richmond/food-delivery/papa-johns-5113-oaklawn-blvd/uCfz57tFQke-8XwcPIg9zQ,fort-lee-virginia
https://www.ubereats.com/richmond/food-delivery/sgt-peppers-pizza/ssa0vXTwR8ePN2CxEDz5cw,fort-lee-virginia
https://www.ubereats.com/richmond/food-delivery/prince-george-family-bbq/wKCZbWeDRxSowK5eADB1JQ,fort-lee-virginia
https://www.ubereats.com/richmond/food-delivery/edible-arrangements-798-south-park-boulevard-suite-%2318/Afwng9vER5aKomUyvbaSAw,fort-lee-virginia
https://www.ubereats.com/richmond/food-delivery/ettrick-deli-petersburg/bOThxvWKSe2xnMkTtZDyxw,fort-lee-virginia
https://www.ubereats.com/richmond/food-delivery/ihop-12251-bermuda-crossroad-ln/Btk8LThjSTCv6iFTX4I5NQ,fort-lee-virginia
https://www.ubereats.com/richmond/food-delivery/wendys-5103-oaklawn-blvd/oPjEbX3nRB-Gt8-Yd-TI1Q,fort-lee-virginia
https://www.ubereats.com/richmond/food-delivery/outback-steakhouse-165-southpark-circle/Xs9H1k01Q5-LUL3Hn8Zmlw,fort-lee-virginia
https://www.ubereats.com/richmond/food-delivery/djs-rajun-cajun-and-steak-house/fPdi2YQgRuKDVUx02j_obQ,fort-lee-virginia
https://www.ubereats.com/richmond/food-delivery/muncheese/mmNlG6znSguKY_O4m4ewfA,fort-lee-virginia
https://www.ubereats.com/richmond/food-delivery/wendys-1859-s-crater-road/y34ulbPcTTOgd7OB_i0jNw,fort-lee-virginia
https://www.ubereats.com/richmond/food-delivery/andrades-international-restaurant/F_dY2bzQSvuOUFgQEpc5Mg,fort-lee-virginia
https://www.ubereats.com/richmond/food-delivery/firehouse-subs-334-southpark-circle/gbgm19cLR72C6knhmHA2Rg,fort-lee-virginia
https://www.ubereats.com/richmond/food-delivery/burger-king-3116-boulevard/dQ_pSXNCQACDUVpQSYEtGQ,fort-lee-virginia
https://www.ubereats.com/richmond/food-delivery/prince-george-family-barbecue/wK8Nu0M3TKeWO5sWzh4Gbg,fort-lee-virginia
https://www.ubereats.com/richmond/food-delivery/carinis-italian-restaurant/AEJyXLazS4OsUKYrrC-gtg,fort-lee-virginia
https://www.ubereats.com/richmond/food-delivery/the-patron-mexican-restaurant-and-cantina/6QgejPS-QBKXd0W2_CMyBQ,fort-lee-virginia
https://www.ubereats.com/richmond/food-delivery/kfc-3011-oaklawn-boulevard/5UWDOYBUSQWmy1paWs5QyQ,fort-lee-virginia
https://www.ubereats.com/richmond/food-delivery/los-bandidos/vH4fUWUiQyiSuk5ue0u2Cg,fort-lee-virginia
https://www.ubereats.com/richmond/food-delivery/saucys-barbq-257-e-bank-st/9kkOArXhTpigmTQgeJn01w,fort-lee-virginia
https://www.ubereats.com/richmond/food-delivery/wendys-13201-kingston-ave/P3TyeNBSS3e9tsxNRKEvFA,fort-lee-virginia
https://www.ubereats.com/richmond/food-delivery/plaza-mexico-bar-%26-grill/eFn06hvuStqQhqYLDPDwng,fort-lee-virginia
https://www.ubereats.com/richmond/food-delivery/hardees-2161-2915-oaklawn-blvd/VD98H4xwSZudWcNHZKqUwg,fort-lee-virginia
https://www.ubereats.com/richmond/food-delivery/kfc-1620-boulevard/7u2dwtNWSYqJL7rbPYi4XA,fort-lee-virginia
https://www.ubereats.com/richmond/food-delivery/no1-new-china/AblJB7yWQYKzmM_VWybZgQ,fort-lee-virginia
https://www.ubereats.com/richmond/food-delivery/taco-bell-12820-jefferson-davis-hwy/_ArPeqoYQSellw0fUcPZcg,fort-lee-virginia
https://www.ubereats.com/richmond/food-delivery/marias-old-town-21/o1E-4yC5Sc2YsQLzD-Q7BA,fort-lee-virginia
https://www.ubereats.com/richmond/food-delivery/flavors-jamaican-restaurant/Vcilx-udTOGi4zKtLUbHOg,fort-lee-virginia
https://www.ubereats.com/richmond/food-delivery/applebees-2611-hundred-road-west-%2382096/jvTAJDRXQ6mi-UaIB7EqQg,fort-lee-virginia
https://www.ubereats.com/richmond/food-delivery/burger-king-5203-oaklawn-boulevard/xAuffLQHR3uO2w1cqD9Umg,fort-lee-virginia
https://www.ubereats.com/richmond/food-delivery/cinnabon-baked-at-pilot-2126-ruffin-mill-road/ZyRAQLtFS1SRWmUWmFIUbg,fort-lee-virginia
https://www.ubereats.com/richmond/food-delivery/arbys-107-temple-lake-dr/6tZq_-UKTmu4YeXAYV302w,fort-lee-virginia
https://www.ubereats.com/richmond/food-delivery/sonic-457-charles-dimmock-parkway/aVori0J_Si277IOGK7LlZA,fort-lee-virginia
https://www.ubereats.com/richmond/food-delivery/hardees-2816-1850-boulevard/dZYOgouQR5CqepOIfH4gaQ,fort-lee-virginia
https://www.ubereats.com/richmond/food-delivery/local-vibe-cafe/aaBv5AaPQjSAD3JpB_eVzw,fort-lee-virginia
https://www.ubereats.com/richmond/food-delivery/the-boathouse-at-city-point/vMKjl2xISSSEKS_u-4nf6Q,fort-lee-virginia
https://www.ubereats.com/richmond/food-delivery/skrimp-shack-colonial-heights/ezS-aMqiQ12AkH1ZjUzZAQ,fort-lee-virginia
https://www.ubereats.com/richmond/food-delivery/applebees-449-south-park-circle-%2382098/r5kDyoRBQg6KsbcOYqZXrA,fort-lee-virginia
https://www.ubereats.com/richmond/food-delivery/luckys-pizza/JJCV620NS-O4gvrtDGfvKQ,fort-lee-virginia
https://www.ubereats.com/richmond/food-delivery/sedona-taphousecolonial-heights/hzOCxSkRQx6m5T4KT7MBKg,fort-lee-virginia
https://www.ubereats.com/richmond/food-delivery/tops-china/_q0-BFd5Rl2pXuMeIvdudQ,fort-lee-virginia
https://www.ubereats.com/richmond/food-delivery/the-captains-boil-5107-oaklawn-blvd/Ne7T-w4cRAqI-o91mpa1lA,fort-lee-virginia
https://www.ubereats.com/richmond/food-delivery/dunkin-153-wagner-rd/uhlh-NfaSKeJCmYT9AbtPg,fort-lee-virginia
https://www.ubereats.com/richmond/food-delivery/hardees-2621-310-w-randolph-road/wntT3jEpTlWAm0R2poefOw,fort-lee-virginia
https://www.ubereats.com/richmond/food-delivery/chanellos-pizza-hopewell/OI8TQLyyTvyEJKkjYjtO6w,fort-lee-virginia
https://www.ubereats.com/richmond/food-delivery/sbarro-pizza/xtuFxR5vQUey2aPRRYPFNQ,fort-lee-virginia
https://www.ubereats.com/richmond/food-delivery/roma-ristorante-italiano/qbjV0kOPTwCoZc8JwBmFog,fort-lee-virginia
https://www.ubereats.com/richmond/food-delivery/wnb-factory-richmond/6xSvJ_ANTqW2XOWqwocWGQ,fort-lee-virginia
https://www.ubereats.com/richmond/food-delivery/taco-bell-425-charles-h-dimmock-pwky/JSeYm2oGSUm0f_J9GjcjUQ,fort-lee-virginia
https://www.ubereats.com/richmond/food-delivery/starbucks-hopewell-va/GAtdpLN4RWiMXYX96C5zBg,fort-lee-virginia
https://www.ubereats.com/richmond/food-delivery/arbys-3300-s-crater-rd/1AiIwwfpS12PjNGHRdcwcQ,fort-lee-virginia
https://www.ubereats.com/richmond/food-delivery/wendys-2510-w-hundred-road/1RzMgs-IQmqU_cG7fl-Krw,fort-lee-virginia
https://www.ubereats.com/richmond/food-delivery/ruby-tuesday-5107-oaklawn-blvd/nv0MyZTZQs6VAxPoh4lKoQ,fort-lee-virginia
https://www.ubereats.com/richmond/food-delivery/kfc-3335a-s-crater-road/t3vZ4tHNR7yNzchRikpt1w,fort-lee-virginia
https://www.ubereats.com/richmond/food-delivery/dennys-5111-oaklawn-blvd/SAQhqbcgR4qBC-9cdNvMDQ,fort-lee-virginia
https://www.ubereats.com/richmond/food-delivery/dunkin-5113-oaklawn-blvd/0fSXSRPaRQu5LLQFzBJPJQ,fort-lee-virginia
https://www.ubereats.com/richmond/food-delivery/hardees-2971-801-temple-avenue/j2syScl9R26PZSp62JzxoA,fort-lee-virginia
https://www.ubereats.com/richmond/food-delivery/mcdonalds-411-southpark-cir/Vq-CqfaiR2WopYsITEQEsw,fort-lee-virginia
https://www.ubereats.com/richmond/food-delivery/sonic-12201-bermuda-crossroad-lane/OWSGW3IZS8GHZQWgV6sglQ,fort-lee-virginia
https://www.ubereats.com/richmond/food-delivery/tropical-smoothie-cafe-190-southgate-square/Lz0Qcv0nRGCSRXdAhhi4Ng,fort-lee-virginia
https://www.ubereats.com/richmond/food-delivery/taco-bell-3294-s-crater-road/fxh-s_OGRYm0lW-FXej3vg,fort-lee-virginia
https://www.ubereats.com/richmond/food-delivery/red-lobster-119-temple-lake-drive/_sPKBYZ7TdOtjzTOx6tMmw,fort-lee-virginia
https://www.ubereats.com/richmond/food-delivery/el-nopal-mexican-restaurant/hZQyFAB3RsenT5L2Z8OreA,fort-lee-virginia
https://www.ubereats.com/richmond/food-delivery/mcdonalds-1101-boulevard/0RE0BaHESlWAPiWA8_1F6g,fort-lee-virginia
https://www.ubereats.com/richmond/food-delivery/tilted-kilt-pub/7TIFm0roT6eOfxZ1W_-NIw,fort-lee-virginia
https://www.ubereats.com/richmond/food-delivery/golden-corral-2501-conduit-rd/RobQ0yMTShexpBYeNwlCMQ,fort-lee-virginia
https://www.ubereats.com/richmond/food-delivery/churchs-chicken-108-south-sycamore/GNB6AJQhTxO4wZ36eHMrsQ,fort-lee-virginia
https://www.ubereats.com/richmond/food-delivery/pj-fresh-4610-county-drive/gcEsBLoxTXGK7MDet8E64A,fort-lee-virginia
https://www.ubereats.com/richmond/food-delivery/charlottes-chicken-%26-waffles/DWcB5yFQTnCIfBsFjO-JUw,fort-lee-virginia
https://www.ubereats.com/richmond/food-delivery/kins-wok-restaurant/RZ_3jEvrQKu6Xx_0_oTi9Q,fort-lee-virginia
https://www.ubereats.com/richmond/food-delivery/burnettes-baked-goods/M4P6TbLIQ6WdP6p__0BEkw,fort-lee-virginia
https://www.ubereats.com/richmond/food-delivery/captain-ds-12541-jefferson-davis-highway/CVNLN2o3QLKa5lXsusvUjg,fort-lee-virginia
https://www.ubereats.com/richmond/food-delivery/skeeters/sOvCT-h5TxaV4PsuHptFQg,fort-lee-virginia
https://www.ubereats.com/richmond/food-delivery/wawa-698-907-colonial-corner-dr/MCxLhyrCTp6ODqgRAYRm8g,fort-lee-virginia
https://www.ubereats.com/richmond/food-delivery/jersey-mikes-subs-2011-boulevard/4Jv9wPB_SvqXe31p-rJRfg,fort-lee-virginia
https://www.ubereats.com/richmond/food-delivery/wawa-683-3199-south-crater-rd/fEFb01FXTECR3d8PwxjPbw,fort-lee-virginia
https://www.ubereats.com/richmond/food-delivery/hooties-burger-bar-2401-w-hundred-road/L9cc8XhCQGeCwd1H6yp5KQ,fort-lee-virginia
https://www.ubereats.com/richmond/food-delivery/el-caporal/YM6943keT7aVJRbcitOeMw,fort-lee-virginia
https://www.ubereats.com/richmond/food-delivery/demolition-coffee/0lcW4PgxR9iujpDsKQhQQw,fort-lee-virginia
https://www.ubereats.com/richmond/food-delivery/papa-johns-3635-b-boulevard/2fWTUT8YQPKKWydBQhWYTQ,fort-lee-virginia
https://www.ubereats.com/richmond/food-delivery/ihop-338-southpark-circle-suite-d/qmHvowC8QV6V_AHM4e1PUA,fort-lee-virginia
https://www.ubereats.com/richmond/food-delivery/ocharleys-12301-bermuda-cross-roads/10ckwdwATKiZkWAwURHCZg,fort-lee-virginia
https://www.ubereats.com/richmond/food-delivery/chipotle-mexican-grill-1901-southpark-blvd/WkfyAayMT5SL-jW3siYjPw,fort-lee-virginia
https://www.ubereats.com/richmond/food-delivery/dennys-801-south-ave/tmhossxjRe6b0mdHggQq4A,fort-lee-virginia
https://www.ubereats.com/richmond/food-delivery/auntie-annes-230-southpark-cir/eIxKZcFqReKYwmD2_LbmeQ,fort-lee-virginia
https://www.ubereats.com/richmond/food-delivery/traditionz-wings-%26-grill-sports-bar/oDpLG8HUQpuwwQGkip4AZw,fort-lee-virginia
https://www.ubereats.com/richmond/food-delivery/wendys-1709-boulevard/YhnMakv9SJiluZ1QjVP5TQ,fort-lee-virginia
https://www.ubereats.com/richmond/food-delivery/chipotle-mexican-grill-2423-w-hundred-rd/h-_1WAf-TB6DA1bG9YxJgw,fort-lee-virginia
https://www.ubereats.com/richmond/food-delivery/wabi-sabi/hiSvbmxmTgyQLP-x5wg5pA,fort-lee-virginia
https://www.ubereats.com/richmond/food-delivery/mcdonalds-3309-oaklawn-blvd/4unT1OS_S4u8U6kAyxsygw,fort-lee-virginia
https://www.ubereats.com/richmond/food-delivery/asian-american-restaurant/Pe7qKEYxRIS5uwbIuOAS-Q,fort-lee-virginia
https://www.ubereats.com/richmond/food-delivery/mos-market-deli/J-qNi7O6QEKc5yc-XeURgg,fort-lee-virginia
https://www.ubereats.com/richmond/food-delivery/hardees-2839-2135-county-drive/g0wtuiDSSgGXByP-7Y-Gjw,fort-lee-virginia
https://www.ubereats.com/richmond/food-delivery/captain-ds-3330-s-crater-rd/PDLTNZ-iRA-OoWscpzqD6g,fort-lee-virginia
https://www.ubereats.com/richmond/food-delivery/tilted-kilt-waterside-rd/23xXPl_RSMWTu7Yv9n68NQ,fort-lee-virginia
https://www.ubereats.com/richmond/food-delivery/captain-ds-3911-oaklawn-blvd/M4EV5ZOuTl-mEP4VTL79lg,fort-lee-virginia
https://www.ubereats.com/richmond/food-delivery/food-truck-the-apothecary-farmacy/P3qRVT_FQN2hGX1OtIn22w,fort-lee-virginia
https://www.ubereats.com/richmond/food-delivery/five-guys-va-0040-707-southpark-blvd/qdSbF7vOSU2eHcW3m9exWw,fort-lee-virginia
https://www.ubereats.com/richmond/food-delivery/wendys-680-southpark-blvd/Jaq4qKmiT-yBBNFbVd_CEQ,fort-lee-virginia
https://www.ubereats.com/richmond/food-delivery/marcos-pizza-1-dunlop-village/B4BSPGmJThS-ILmMhA91Bw,fort-lee-virginia
https://www.ubereats.com/richmond/food-delivery/simonas-pizzeria/5H9sRDN0QdCScSFSRKaFgg,fort-lee-virginia
https://www.ubereats.com/richmond/food-delivery/cracker-barrel-old-country-store-12401-red-water-creek-road/DcKPw-CSTT2j5PcQcxHZCA,fort-lee-virginia
https://www.ubereats.com/richmond/food-delivery/saucys-barbq-207-e-city-point-rd/v6IMD-6XSzqKt2XZ0_l9MA,fort-lee-virginia
https://www.ubereats.com/richmond/food-delivery/taco-bell-5322-oaklawn-blvd/kNPUbyHkSFeTzSmKnuqKqA,fort-lee-virginia
