url,city
https://www.ubereats.com/orlando/food-delivery/tropical-smoothie-cafe-davenport/JDTCXoxSRuyXRaGMQNdmwA,four-corners-florida
https://www.ubereats.com/orlando/food-delivery/dennys-5855-west-irlo-bronson/JXL7UgA4R76eQ0-akJlK-Q,four-corners-florida
https://www.ubereats.com/orlando/food-delivery/red-robin-227-8057-w-irlo-bronson-memorial-hwy/oRm4p1dlRIGroxfsgNJGSg,four-corners-florida
https://www.ubereats.com/orlando/food-delivery/chipotle-mexican-grill-8124-w-irlo-bronson-highway/jx37gZ-aRMqwKTczNKeHzQ,four-corners-florida
https://www.ubereats.com/orlando/food-delivery/tijuana-flats-orange-lake/Bmkaeox7R6GLtG4iF_7QVQ,four-corners-florida
https://www.ubereats.com/orlando/food-delivery/dunkin-8224-champions-gate-blvd/FdoBWjklTgKT18wipSLgsQ,four-corners-florida
https://www.ubereats.com/orlando/food-delivery/davenport-sashimi-fusion/SNRDlQWgR_Sr1b4TG7MOwg,four-corners-florida
https://www.ubereats.com/orlando/food-delivery/new-york-pizza-%26-wings/e78KxOiqQniE773MTbzj8g,four-corners-florida
https://www.ubereats.com/orlando/food-delivery/ihop-5184-w-irlo-bronson/hx9USwVgST2xQJrQyPQ6ZA,four-corners-florida
https://www.ubereats.com/orlando/food-delivery/flippers-pizzeria-old-town/FyOU3X7eS4ahxOeCHDfFeQ,four-corners-florida
https://www.ubereats.com/orlando/food-delivery/wendys-1575-berwick-dr/1lw-WwuoSPKqHM6sQosAUA,four-corners-florida
https://www.ubereats.com/orlando/food-delivery/buca-di-beppo-celebration/m9-H7NzzSS2poQLpMtzOiQ,four-corners-florida
https://www.ubereats.com/orlando/food-delivery/mcdonalds-8530-w-irlo-bronson-memorial-pky/ed75M4NnSxSyo32wYTk3Qg,four-corners-florida
https://www.ubereats.com/orlando/food-delivery/jersey-mikes-subs-8126-w-irlo-bronson-memorial-hwy/suutabXWTWiyRNxUxiNhdA,four-corners-florida
https://www.ubereats.com/orlando/food-delivery/little-greek-fresh-grill/ZcTGhjbUR6KMMMFMAbPKLQ,four-corners-florida
https://www.ubereats.com/orlando/food-delivery/red-lobster-4010-w-vine-street/kvPbr2ppT9C48nZ0ihVFfg,four-corners-florida
https://www.ubereats.com/orlando/food-delivery/thai-thani-restaurant/VszIXxbrS6K2sTfWgA0yQw,four-corners-florida
https://www.ubereats.com/orlando/food-delivery/jerusalem-restaurant-kissimmee/ycnxD8OsTWyy3jGQ2dPFcQ,four-corners-florida
https://www.ubereats.com/orlando/food-delivery/flippers-pizzeria-rolling-oaks/xebhOuseSHOxzYyDXknzLA,four-corners-florida
https://www.ubereats.com/orlando/food-delivery/capones-coal-fired-pizza/tyR6xN5URQGLI0iIY1j20A,four-corners-florida
https://www.ubereats.com/orlando/food-delivery/philly-steak-and-wings/DLg8S9ORSfmVGYQ4vWgX-A,four-corners-florida
https://www.ubereats.com/orlando/food-delivery/%2315234-subway-7856-irlo-bronson-memorial-hwy/Gct1He6dTOSJHLfUO_okSg,four-corners-florida
https://www.ubereats.com/orlando/food-delivery/tropical-smoothie-cafe-celebration/_MLDnJ2NSvG9_s1qWKr-7A,four-corners-florida
https://www.ubereats.com/orlando/food-delivery/planet-smoothie-8085-w-irlo-bronson-memorial-hwy/Z-icnS2nS0GtZtiTWIf2Ww,four-corners-florida
https://www.ubereats.com/orlando/food-delivery/golden-corral-6077-w-irlo-bronson-memorial/mMenovIvR7GNuydCcR1MXg,four-corners-florida
https://www.ubereats.com/orlando/food-delivery/red-lobster-7780-w-irlo-bronson-hwy/lFbfXutOSCuZX2NAHXqPzQ,four-corners-florida
https://www.ubereats.com/orlando/food-delivery/maharaja-indian-restaurant/foS6UkNdQ8259hRoF0w9Yg,four-corners-florida
https://www.ubereats.com/orlando/food-delivery/%2350697-subway-628-cagan-view-rd-ste-2/16fSOjUFQFGEOYEosvEfqw,four-corners-florida
https://www.ubereats.com/orlando/food-delivery/%2327620-subway-8687-w-irlo-bronson-memorial/G4dBFt2yTV-MXyH34WMyww,four-corners-florida
https://www.ubereats.com/orlando/food-delivery/ihop-12400-state-road-535/8OdFnYo_Qi6zklai_vn8bw,four-corners-florida
https://www.ubereats.com/orlando/food-delivery/taco-bell-2300-deer-creek-commerce/l8rGSAgmTC-hGs61suhwvg,four-corners-florida
https://www.ubereats.com/orlando/food-delivery/sr-tequila-mexican-grill/E95Ps1tBQLGEdhnZ7OOBBw,four-corners-florida
https://www.ubereats.com/orlando/food-delivery/moroccan-%26-middle-eastern-food/yvC8Kdt8SzuAF8mcUL16xQ,four-corners-florida
https://www.ubereats.com/orlando/food-delivery/buffalo-wild-wings-3099-formosa-gardens-blvd/AxYXONgsSlqinjjpTji2VQ,four-corners-florida
https://www.ubereats.com/orlando/food-delivery/wraps-%26-apps/XL00XTKwR3Om2vJ3FNTXAA,four-corners-florida
https://www.ubereats.com/orlando/food-delivery/jersey-mikes-8258-champions-gate-blvd/IMhpAymiQWKkzB8bMM9bGg,four-corners-florida
https://www.ubereats.com/orlando/food-delivery/the-sisters-grill/1eXHH1p1S5avlH7gAZ4KJA,four-corners-florida
https://www.ubereats.com/orlando/food-delivery/grand-china/xYPXTCsSS-ufAtErSIui4Q,four-corners-florida
https://www.ubereats.com/orlando/food-delivery/cicis-pizza-irlo-bronson/xjM8diJMSHOUcfbnLeNIrQ,four-corners-florida
https://www.ubereats.com/orlando/food-delivery/five-spice-jamaican-cuisine5805-w-irlo-bronson-memorial/nxPx54ddRv-9xJBWBA6HbA,four-corners-florida
https://www.ubereats.com/orlando/food-delivery/mi-amada-argentina/f66oJ3M0TGGIwhPt0WqIpg,four-corners-florida
https://www.ubereats.com/orlando/food-delivery/burgerfi-kissimmee-margaritaville/af33EfCSTVGxcx5zI8xjpQ,four-corners-florida
https://www.ubereats.com/orlando/food-delivery/box-on-the-road/t_bN2-WTSL-6--rOPuXNxw,four-corners-florida
https://www.ubereats.com/orlando/food-delivery/flippers-pizzeria-windermere/iw_0dBjRRgaCFL_DM4p3RQ,four-corners-florida
https://www.ubereats.com/orlando/food-delivery/starbucks-us-hwy-27-%26-cagan-crossings-blvd/6d4ekwdPSo6mRr1WkDyHGg,four-corners-florida
https://www.ubereats.com/orlando/food-delivery/pizza-hut-7557-osceola-polk-line-rd/dYJyxBU-TDu_i9Kcm0xcUw,four-corners-florida
https://www.ubereats.com/orlando/food-delivery/finns-restaurant/mWchwwNuSKqB4X6uzt0rVA,four-corners-florida
https://www.ubereats.com/orlando/food-delivery/pei-wei-6250-w-irlo-bronson-memorial-hwy/vhIKEJsNSDCGzTUgpaoibw,four-corners-florida
https://www.ubereats.com/orlando/food-delivery/cafe-davignon/qKX5ht0rSMad4ZpUgu41zA,four-corners-florida
https://www.ubereats.com/orlando/food-delivery/havana-kiss-cuban-cafe-restaurant/RaXPaznORt2QDtRNMfETMg,four-corners-florida
https://www.ubereats.com/orlando/food-delivery/mcdonalds-16832-corner-center-dr/n4i5rVTASVuQ-CVW3Fc05w,four-corners-florida
https://www.ubereats.com/orlando/food-delivery/pollo-tropical-7901-w-irlo-bronson-memorial-hwy/wMa4DznkQveWHUZljAVeBw,four-corners-florida
https://www.ubereats.com/orlando/food-delivery/auntie-annes-5770-w-irlo-bronson-memorial-highway/l6FYYKEBQ8aBzPk_C9jaMg,four-corners-florida
https://www.ubereats.com/orlando/food-delivery/el-punto-sandwich/njmZPZ6ZQ1Gzz6lNHC1JbQ,four-corners-florida
https://www.ubereats.com/orlando/food-delivery/fraziers-place/cgguTyZASFa1jIXEqRDDNg,four-corners-florida
https://www.ubereats.com/orlando/food-delivery/applebees-200-ambersweet-way/DyRvy4rvSgSMKfTTcvWCBw,four-corners-florida
https://www.ubereats.com/orlando/food-delivery/dunkin-511-us-highway-27/Lp4Tacu4T5ql9Muxitb-XQ,four-corners-florida
https://www.ubereats.com/orlando/food-delivery/macaroni-grill-lake-buena-vista/ih_ubftNSz-LAlsaNYV2kw,four-corners-florida
https://www.ubereats.com/orlando/food-delivery/sabor-brasil/lCL7ay2WR8ag9eyDqMBcmw,four-corners-florida
https://www.ubereats.com/orlando/food-delivery/dunkin-7571-osceola-polk-line-rd/ITUhlSm9QiK0IbBc5HMbWg,four-corners-florida
https://www.ubereats.com/orlando/food-delivery/wildside-bar-%26-grill/t46QbCkmReCc6CdkVtsUHg,four-corners-florida
https://www.ubereats.com/orlando/food-delivery/indigo-indian-cuisine/S0EdmWTpThqg8Xvnsoi5Cw,four-corners-florida
https://www.ubereats.com/orlando/food-delivery/long-shot-bar-and-billards/5bSO43eVQqmhPyhJ6R2dcQ,four-corners-florida
https://www.ubereats.com/orlando/food-delivery/ihop-7529-w-irlo-bronson-memorial-hwy/f2ZGpYXHSTGtQu5IipJCuQ,four-corners-florida
https://www.ubereats.com/orlando/food-delivery/five-guys-fl-1747-6240-w-irlo-bronson-memorial/kQivp3gETwCA1SWUrtoZ6A,four-corners-florida
https://www.ubereats.com/orlando/food-delivery/wayback-burgers-walmart-%235214-2855-n-old-lake-wilson-road/Ba7UEu0wTl-LBWbKTEdebw,four-corners-florida
https://www.ubereats.com/orlando/food-delivery/wendys-1409-sun-rise-plaza-drive/IHT0v2G2TjKjBtQGTntdFA,four-corners-florida
https://www.ubereats.com/orlando/food-delivery/buen-cafe/K3r-G5I-SHCpRTPipmPRcg,four-corners-florida
https://www.ubereats.com/orlando/food-delivery/jeremiahs-italian-ice-westside-shoppes/cK9rLjfWTs618-ydA1M7TA,four-corners-florida
https://www.ubereats.com/orlando/food-delivery/sizzler-7602-w-irlo-bronson-memorial-hwy/PAl-t-9uQtWElf2lO12hiw,four-corners-florida
https://www.ubereats.com/orlando/food-delivery/wendys-7765-irlo-bronson-memorial-hwy/53sL2jSbT4-nAgXK6G1rMw,four-corners-florida
https://www.ubereats.com/orlando/food-delivery/taco-bell-526-us-highway-27/HZoO_FfZRkqrDP6FpHluGg,four-corners-florida
https://www.ubereats.com/orlando/food-delivery/huey-magoos-chicken-tenders-championsgate/wjBkNJvfTjqTaap9Y5_0Eg,four-corners-florida
https://www.ubereats.com/orlando/food-delivery/auntie-annes-550-us-highway-27/fSrUXQ0yTsCI7IdtYL3Yvg,four-corners-florida
https://www.ubereats.com/orlando/food-delivery/planet-smoothie/_WrdcwW_R4ykxR7YK3G4rg,four-corners-florida
https://www.ubereats.com/orlando/food-delivery/el-jefe-tequilas-taco-cantina/TY_zE0dqT_C60EPYSGNCzA,four-corners-florida
https://www.ubereats.com/orlando/food-delivery/pizza-hut-8557-w-irlo-bronson-memorial-hwy/E6zBy16tRNCw_v-FR0vOGw,four-corners-florida
https://www.ubereats.com/orlando/food-delivery/krispy-kreme-w-irlo-bronson-memorial-hwy-%26-scott-blvd/8i9mo7xgSvC70GqttEofEw,four-corners-florida
https://www.ubereats.com/orlando/food-delivery/panda-express-7945-w-irlo-bronson-memorial-hwy/iKOwSFD6QZWJE6keexJ4OQ,four-corners-florida
https://www.ubereats.com/orlando/food-delivery/lighthouse-lobster-feast/MZ-x2a5VQqWZMIp3DIPtQg,four-corners-florida
https://www.ubereats.com/orlando/food-delivery/sakeba-sushi-grill-%26-sake-bar/x5vugii7TNuPigLEHJ3YzQ,four-corners-florida
https://www.ubereats.com/orlando/food-delivery/churromania-vineland/Ik4ZAz6dQ9SmW93Ol9NTow,four-corners-florida
https://www.ubereats.com/orlando/food-delivery/sofrito-latin-cafe/A0HwbG8NTdeYGFehlQzwQg,four-corners-florida
https://www.ubereats.com/orlando/food-delivery/ihop-100-ambersweet-way/B4GObN_6RbS-kr4bq2u-Xw,four-corners-florida
https://www.ubereats.com/orlando/food-delivery/antojitos-del-caribe/8mOgJvfnSsWA5vbK2qK5OA,four-corners-florida
https://www.ubereats.com/orlando/food-delivery/ihop-irlo-bronson/1VxJwELIQ4O2j4-75KUgIw,four-corners-florida
https://www.ubereats.com/orlando/food-delivery/rock-and-brews-kissimmee/PMX5Y5tTRVmOXatuWEoprw,four-corners-florida
https://www.ubereats.com/orlando/food-delivery/traditions-at-reunion-resort/TYmQm4o1SZ2vMSwK_iLthQ,four-corners-florida
https://www.ubereats.com/orlando/food-delivery/a%26w-restaurant-5770-w-irlo-bronson-memorial-hwy/A5jVVuQ3StSJMfcKdT67bA,four-corners-florida
https://www.ubereats.com/orlando/food-delivery/taco-bell-12555-state-rd-535/YOvm7KYkROSR_NN5_NcWjA,four-corners-florida
https://www.ubereats.com/orlando/food-delivery/tgi-fridays-2627-kissimmee-west-fl/r-qa9toFSAiHbL5cG-_vfg,four-corners-florida
https://www.ubereats.com/orlando/food-delivery/applebees-14990-east-orange-lake-blvd/IdEafUH5RjqRQl6MHi3LSg,four-corners-florida
https://www.ubereats.com/orlando/food-delivery/di-aromas/3upN9G03RSyu1kaeTwMFcA,four-corners-florida
https://www.ubereats.com/orlando/food-delivery/el-patron-restaurante-mexicano/UEGEe-E-SyiVbS3wYaSJ8Q,four-corners-florida
https://www.ubereats.com/orlando/food-delivery/burger-king-534-us-hwy-27/d_xDfHpsT82kiz_vpw4TUg,four-corners-florida
https://www.ubereats.com/orlando/food-delivery/360-american-bistro-%26-bar/_a25T3o2QMWQWWN73R15yw,four-corners-florida
https://www.ubereats.com/orlando/food-delivery/the-down-town-deli-kissimmee/apyxIkZeR729Tl_4DJ4d6Q,four-corners-florida
https://www.ubereats.com/orlando/food-delivery/china-sister/YzeYYW_iQXOmmNuMzHZUSA,four-corners-florida
https://www.ubereats.com/orlando/food-delivery/hurricane-grill-%26-wings-clermont/FUC1UIpSTYiG3GX0pn63nA,four-corners-florida
https://www.ubereats.com/orlando/food-delivery/pizzanos-pizza-%26-grinderz-davenport/V2EUzOFuTI6yAIzxixPs8Q,four-corners-florida
https://www.ubereats.com/orlando/food-delivery/china-star-kissimmee/NnELZ0-mScimWuJwGSz2zw,four-corners-florida
https://www.ubereats.com/orlando/food-delivery/eastern-pearl-kissimmee/0c9ZCnHaTn-ABO0fcqQ20Q,four-corners-florida
https://www.ubereats.com/orlando/food-delivery/bobbys-garage-bar/Ea_JZ2ewRIKnP7JSQ2ZoGQ,four-corners-florida
https://www.ubereats.com/orlando/food-delivery/via-capri-pizzeria/wJ8sCYf8RWqeZ8cOywStvQ,four-corners-florida
https://www.ubereats.com/orlando/food-delivery/toasted-windermere-fl/cPQLAGVsT_e-ft04-Ft98Q,four-corners-florida
https://www.ubereats.com/orlando/food-delivery/wheely-kosher-pizza/MVtOk-zFSR60AsX2CECkSA,four-corners-florida
https://www.ubereats.com/orlando/food-delivery/outback-steakhouse-8195-vineland-avenue/shlqB0X2QwWoovbn5T5MTQ,four-corners-florida
https://www.ubereats.com/orlando/food-delivery/cracker-barrel-old-country-store-111-dunson-lane/MRx_bUpdR8ufGE95vn9_WQ,four-corners-florida
https://www.ubereats.com/orlando/food-delivery/taco-bell-7480-osceola-polk-line-rd/h6GLUwf4R12kv5Chsr3PTQ,four-corners-florida
https://www.ubereats.com/orlando/food-delivery/dulcetto/KQK9cZoaSyiCQZqDICspcA,four-corners-florida
https://www.ubereats.com/orlando/food-delivery/qdoba-mexican-eats-lake-buena-vista/LIuI6le3SeuwB9dE1p-beA,four-corners-florida
https://www.ubereats.com/orlando/food-delivery/tijuana-flats-celebration/uAg0p-h5TRC9IVwvPteAsQ,four-corners-florida
https://www.ubereats.com/orlando/food-delivery/tropico-mofongo/5rrxeikwRqGrweqK1Qg3og,four-corners-florida
https://www.ubereats.com/orlando/food-delivery/bjs-restaurant-and-brewhouse-8761-vineland-ave/qQq1q_9PReugtFGL1DEslA,four-corners-florida
https://www.ubereats.com/orlando/food-delivery/benihana-international-drive/Rx3aBlSLS_2tr0Zu3H_ryg,four-corners-florida
https://www.ubereats.com/orlando/food-delivery/millers-ale-house-kissimmee/mCKEnU-ySh6-GGuwz8oA3Q,four-corners-florida
https://www.ubereats.com/orlando/food-delivery/mcdonalds-neq-i-4-%26-celebration-blvd/vjbBwCPLQJ66bIrgkdaPJw,four-corners-florida
https://www.ubereats.com/orlando/food-delivery/chipotle-mexican-grill-1091-posner-blvd/oqgU6jdERi-dYorbKts2qQ,four-corners-florida
https://www.ubereats.com/orlando/food-delivery/applebees-6290-w-irlo-bronson-mem-hwy/8yoCZ9CeQUWTe-IDS6iFeQ,four-corners-florida
https://www.ubereats.com/orlando/food-delivery/pizza-hut-5740-w-irlo-bronson-memorial-hwy/0a7QYrxeQ8SB1QTpGE8NSg,four-corners-florida
https://www.ubereats.com/orlando/food-delivery/saffron-indian-grill/CWf3z3ZXQ_WtP4E4gLDCYw,four-corners-florida
https://www.ubereats.com/orlando/food-delivery/burger-king-7757-irlo-bronson-memorial-hwy/U3RZL9mKSc6SwAfwVw7pcA,four-corners-florida
https://www.ubereats.com/orlando/food-delivery/wing-squad-celebration/Fe5vWqflSpqgO34IVJZuTg,four-corners-florida
https://www.ubereats.com/orlando/food-delivery/los-reyes-de-la-mofongopleta/dNPq3_AFTqmht-jbjm83AQ,four-corners-florida
https://www.ubereats.com/orlando/food-delivery/booka-latin-restaurant-and-lounge/UTBp6rj5SyCX8-0X2UHCEw,four-corners-florida
https://www.ubereats.com/orlando/food-delivery/wawa-5299-8103-lake-wilson-rd/6lVUrszjTkGo0aAfjhRnGA,four-corners-florida
https://www.ubereats.com/orlando/food-delivery/dennys-7631-west-irlo-bronson-hwy/xK0d92wfQjyElK6i1k-jlg,four-corners-florida
https://www.ubereats.com/orlando/food-delivery/first-watch-champions-gate/9CnysDWnTe62q5dr9DkjTA,four-corners-florida
https://www.ubereats.com/orlando/food-delivery/black-angus-steakhouse-7516-w-irlo-bronson-memorial-hwy/v2LbIJhLRsGhoZaHhHXA1Q,four-corners-florida
https://www.ubereats.com/orlando/food-delivery/ovation-bistro-%26-bar-davenport/jhLdNocaSzCpSd03udqMUw,four-corners-florida
https://www.ubereats.com/orlando/food-delivery/krispy-krunchy-chicken-%26-pizza/2zORQtATSWqyinAVg07rtA,four-corners-florida
https://www.ubereats.com/orlando/food-delivery/taste-of-china/-o2kysm9RjSyvT_30MIACQ,four-corners-florida
https://www.ubereats.com/orlando/food-delivery/fords-garage-kissimmee/PdzfYGSzRH-C_4DqaBWAGg,four-corners-florida
https://www.ubereats.com/orlando/food-delivery/dennys-12375-state-rd-535/IrVRvHHdQ1-53tp04LzJyg,four-corners-florida
https://www.ubereats.com/orlando/food-delivery/tacos-padrisimos/60UM4ecvRlakrj5TvPNOJQ,four-corners-florida
https://www.ubereats.com/orlando/food-delivery/hungry-howies-pizza-%233023-1215-sunrise-plaza-dr/JcR3emEXTmO9FmE7E8wgdA,four-corners-florida
https://www.ubereats.com/orlando/food-delivery/froggers-grill-%26-bar-kissimmee-old-town/Mux0SooVSoeCBnXatOh8OQ,four-corners-florida
https://www.ubereats.com/orlando/food-delivery/express-cafe/C_4lwTNpTye6xf2CdgWmjw,four-corners-florida
https://www.ubereats.com/orlando/food-delivery/blue-coast-asian-cuisine/PnUxIw1oRG-xPkHrIMmXTg,four-corners-florida
https://www.ubereats.com/orlando/food-delivery/osteria-italian-kitchen/JrDWfMjYS4KutnpQWWQ9pQ,four-corners-florida
https://www.ubereats.com/orlando/food-delivery/perkins-restaurant-disney-buena-vista/f4LqFcCPRIGiU8GArT1H2w,four-corners-florida
https://www.ubereats.com/orlando/food-delivery/marcos-pizza-7553-osceola-polk-line-rd/GmWi_lMTR6mPNS4jzfzHAw,four-corners-florida
https://www.ubereats.com/orlando/food-delivery/el-sandwichon/nzxYWFa1SJulKSLjurtqoA,four-corners-florida
https://www.ubereats.com/orlando/food-delivery/dunkin-7644-w-irlo-bronson-mem-hwy/qKv4-j9xQcijz9MIiuBCKQ,four-corners-florida
https://www.ubereats.com/orlando/food-delivery/chichos-fusion-cuisine-llc/AIdOnuj1R1el6eOaSDW6dA,four-corners-florida
https://www.ubereats.com/orlando/food-delivery/on-the-border-kissimmee/gJ6IfQaJSjey9FP5KQQptA,four-corners-florida
https://www.ubereats.com/orlando/food-delivery/outback-steakhouse-7804-west-irlo-bronson-highway/55kjQslOR8-TvJ7FnDOxjg,four-corners-florida
https://www.ubereats.com/orlando/food-delivery/salsa-queen-by-king-master-grill/PKrlJ8chRHGdCO5GAkdoQw,four-corners-florida
https://www.ubereats.com/orlando/food-delivery/forte-at-reunion-resorts/4gpd7ymsRvmWy5w60YvFWA,four-corners-florida
https://www.ubereats.com/orlando/food-delivery/pipers-clubhouse/MkIw-JvSQ4Sq7Fi3-o133g,four-corners-florida
https://www.ubereats.com/orlando/food-delivery/hooters-kissimmee-west/7wlIuR7DT_KuZhNClRfoVw,four-corners-florida
https://www.ubereats.com/orlando/food-delivery/china-taste-davenport/39p3n0bVSx6APDO-GXkgBg,four-corners-florida
https://www.ubereats.com/orlando/food-delivery/macaroni-grill-kissimee/g_jBJOWcRx2qd4hX6cR66w,four-corners-florida
https://www.ubereats.com/orlando/food-delivery/i-love-ice-cream/iXIRea9nSWScLI3ilexq6Q,four-corners-florida
https://www.ubereats.com/orlando/food-delivery/paradise-cove-grill-%26-seafood/xN3QSlcITRyPpc7ASrrSyQ,four-corners-florida
https://www.ubereats.com/orlando/food-delivery/royal-india/S8w7mDkpRPSjILrwFrNsww,four-corners-florida
https://www.ubereats.com/orlando/food-delivery/orlando-philly-steak-halal/iSfpZbWVToikCwRBAA7gSw,four-corners-florida
https://www.ubereats.com/orlando/food-delivery/halal-buns/ZhbaAxHNSz2dbihxkTJ-Qw,four-corners-florida
https://www.ubereats.com/orlando/food-delivery/villaggio-restaurant/fRv6ytMKQParZmJCEnrFxg,four-corners-florida
https://www.ubereats.com/orlando/food-delivery/leti-arepa-llc/TchRJapaR9K_QnIWFbxk0Q,four-corners-florida
https://www.ubereats.com/orlando/food-delivery/little-greek-fresh-grill/WvcuAh3jRuGsoKcUOQnnqA,four-corners-florida
https://www.ubereats.com/orlando/food-delivery/african-fusion-truck/h9N1ombIQ-6mwC9bUbsJkw,four-corners-florida
https://www.ubereats.com/orlando/food-delivery/cold-stone-creamery-3292-margaritaville-blvd/w76uW7GYTV6gpdKdYOLwAQ,four-corners-florida
https://www.ubereats.com/orlando/food-delivery/cold-stone-creamery-15-blake-blvd/-L3geHBUTbOfyrNUjhVBWg,four-corners-florida
https://www.ubereats.com/orlando/food-delivery/joes-crab-shack-10-blake-blvd/9HN1zQCqQWm9oBGZVEsHmQ,four-corners-florida
https://www.ubereats.com/orlando/food-delivery/wawa-5121-16126-greater-groves-blvd/i_pYgrN8TkSoKH7Cqpe7tg,four-corners-florida
https://www.ubereats.com/orlando/food-delivery/perkins-restaurant-kissimmee-ii-maingate/b8hWpaTbSfavWDHthLRgaQ,four-corners-florida
https://www.ubereats.com/orlando/food-delivery/retro-station/PrEbjG6LRAeHGYk8Z5GmGQ,four-corners-florida
https://www.ubereats.com/orlando/food-delivery/red-robin-687-8184-laura-lane/jQz87QJVSsm-3U3CQuLmwQ,four-corners-florida
https://www.ubereats.com/orlando/food-delivery/china-a-no-1-chinese/lGoovAFhTBq7T5QzSNTSww,four-corners-florida
https://www.ubereats.com/orlando/food-delivery/panera-204180/S8-atXtvS-euD1OeVHUDGQ,four-corners-florida
https://www.ubereats.com/orlando/food-delivery/kabab-house/_squ7S5FTsGadPZLzGhw6g,four-corners-florida
https://www.ubereats.com/orlando/food-delivery/dunkin-8898-w-bronson-memorial-hwy/1JAcAaZqSFWxGsM7uuuvOw,four-corners-florida
https://www.ubereats.com/orlando/food-delivery/china-gourmet/tQZcDLWwR-C0h8hLw0BXiQ,four-corners-florida
https://www.ubereats.com/orlando/food-delivery/menchies-frozen-yogurt-130-w-irlo-bronson-memorial-hwy/kox8YNQKR4yL1wFglmVqSg,four-corners-florida
https://www.ubereats.com/orlando/food-delivery/yeomans-cask-%26-lion/LE59FOW7TQarG3KiEfUXVQ,four-corners-florida
https://www.ubereats.com/orlando/food-delivery/joes-crab-shack-7903-irlo-bronson-memorial/tWMk7lMJTQWeV6vqblB-0Q,four-corners-florida
https://www.ubereats.com/orlando/food-delivery/king-master-grill/WZnl6mflSCeyPX88sm2DYA,four-corners-florida
https://www.ubereats.com/orlando/food-delivery/via-capri-pizzas-do-brasil/28EZqjtwR1OsMy36RAv8bA,four-corners-florida
https://www.ubereats.com/orlando/food-delivery/i-love-ny-pizza-clermont/z-6-k8WLTTK5p8YRDlxS3g,four-corners-florida
https://www.ubereats.com/orlando/food-delivery/boriken/GZlYUmc-SIytAIo5n5SQcA,four-corners-florida
https://www.ubereats.com/orlando/food-delivery/estefan-kitchen-orlando/Ve24JjydSDSU2sRwEXfkrg,four-corners-florida
https://www.ubereats.com/orlando/food-delivery/taco-bell-7784-w-irlo-bronson-mem-pkwy/j-N_ScMdTfO9V02MU9ZM-Q,four-corners-florida
https://www.ubereats.com/orlando/food-delivery/sakura-asian-fusion/DaUL908HQnufUX6-oGyZpg,four-corners-florida
https://www.ubereats.com/orlando/food-delivery/the-friar-atuck/rz4-SiqlTEKncoVYiaQLkA,four-corners-florida
https://www.ubereats.com/orlando/food-delivery/bento-asian-kitchen-%2B-sushi-kissimmee/yC_6vq-6QiyLJM4oqujIqw,four-corners-florida
https://www.ubereats.com/orlando/food-delivery/zen-asian-grill/UnuE1xc7SvazcWjDDJMK8g,four-corners-florida
https://www.ubereats.com/orlando/food-delivery/mr-sushi-express-kissimmee/13uNE3_mSpeWgFkspv1Zfg,four-corners-florida
https://www.ubereats.com/orlando/food-delivery/7051-bonefish-grill-7801-west-irlo-bronson-memoria/GyuU8CI8QxO582JQLeT1HA,four-corners-florida
https://www.ubereats.com/orlando/food-delivery/villa-bakery/jFGqza0lSI2TBzmosNbIYA,four-corners-florida
https://www.ubereats.com/orlando/food-delivery/retro-brazilian-pizza/FH3wR6n7RMG78PfkA4ADiA,four-corners-florida
https://www.ubereats.com/orlando/food-delivery/la-isla-del-frappe/Vo1VE0dpSDOlyeQvYpvjTg,four-corners-florida
https://www.ubereats.com/orlando/food-delivery/little-greek-celebration/Lf8yh_ZETziF6smERbYUFA,four-corners-florida
https://www.ubereats.com/orlando/food-delivery/planet-smoothie-winter-garden/XZJCLo2zTguHlHjex7CktA,four-corners-florida
https://www.ubereats.com/orlando/food-delivery/jimmys-burgers-%26-wings/vseZYFrmTTWUsBswZcEySQ,four-corners-florida
https://www.ubereats.com/orlando/food-delivery/the-crepe-company-mobile-creperie/OMAAQn0dQLmG97uBG0XmCQ,four-corners-florida
https://www.ubereats.com/orlando/food-delivery/cracker-barrel-old-country-store-7878-w-irlo-bronson-memorial/dcBAp0mFTCCCUDa9_xBD2A,four-corners-florida
https://www.ubereats.com/orlando/food-delivery/sabroso-bakery-and-coffee/p6lGNn1FR_6xknyYdW86qw,four-corners-florida
https://www.ubereats.com/orlando/food-delivery/salsa-y-lasagna/ltHBgygiQ0Cb7dunx9iO-Q,four-corners-florida
https://www.ubereats.com/orlando/food-delivery/arbys-7609-irlo-bronson-memorial-hwy/UysazYniTh2KmMooZiz_Lg,four-corners-florida
https://www.ubereats.com/orlando/food-delivery/punjab-kitchen/etHbsNxUSYa5IRIq7lTG5g,four-corners-florida
https://www.ubereats.com/orlando/food-delivery/celebration-tea-room/6z2mKiBgRsqk426ngD93kA,four-corners-florida
https://www.ubereats.com/orlando/food-delivery/pa-los-chinos/R_-oyXM1Sp6_LdVZDZt7hw,four-corners-florida
https://www.ubereats.com/orlando/food-delivery/bamboo-house/s7EqbcWCRZ6qVUAa_FHb1A,four-corners-florida
https://www.ubereats.com/orlando/food-delivery/carrabbas-7890-west-irlo-bronson-hwy/KfRD6B4tRmSh0xrjinBaUQ,four-corners-florida
https://www.ubereats.com/orlando/food-delivery/beef-o-bradys-45653-us-hwy-27/exFJPcMTSS-EjvSy8mGwPQ,four-corners-florida
https://www.ubereats.com/orlando/food-delivery/ari-sushi/5pjhXIv1RYC_69o_fMtgBA,four-corners-florida
https://www.ubereats.com/orlando/food-delivery/mi-parrillita/nGaGWCoeQG2pqxHmux6urg,four-corners-florida
https://www.ubereats.com/orlando/food-delivery/eleven-at-reunion-resorts/mYHeQxuLQ8WqVJiNdokVsw,four-corners-florida
https://www.ubereats.com/orlando/food-delivery/wonderland-cookie-dough-co/2cN_mZsdRPKoGU9tSlf2rg,four-corners-florida
https://www.ubereats.com/orlando/food-delivery/mulligans-pub/h9G7yObGSW27gfkDmAvZRw,four-corners-florida
https://www.ubereats.com/orlando/food-delivery/tijuana-flats-champions-gate/Abjf8bnrQJ2Ov8lXKG60QA,four-corners-florida
https://www.ubereats.com/orlando/food-delivery/sarahs-greek-cuisine-and-more/QgmasJSjSl6yhfZjLj4pRg,four-corners-florida
https://www.ubereats.com/orlando/food-delivery/marcos-pizza-9310-us-hwy-192-w/NBrh4XDuSECztO1oMNSC0g,four-corners-florida
https://www.ubereats.com/orlando/food-delivery/pita-pan/Kw-YkE_IRXi6KH0NfFaAbA,four-corners-florida
https://www.ubereats.com/orlando/food-delivery/city-works-disney-springs/4rMWtoimTZ2bNlhSYL_UKw,four-corners-florida
https://www.ubereats.com/orlando/food-delivery/empire-state-pizza-%26-wings/m4WkHc8oTh61q_XJjPt7YA,four-corners-florida
https://www.ubereats.com/orlando/food-delivery/le-china-kissimmee/o4DN0DmDQjW_DqBb4kci_g,four-corners-florida
https://www.ubereats.com/orlando/food-delivery/picaribe-food-truck-%233/RuawQ8q1QJ2PAAU9TMXE3A,four-corners-florida
https://www.ubereats.com/orlando/food-delivery/clay-oven-indian-cuisine/Uo8JAuYNSQytwOdn6HZeXA,four-corners-florida
https://www.ubereats.com/orlando/food-delivery/xurro-churro-factory/PkG314ClSDatb3wjC-W2yA,four-corners-florida
https://www.ubereats.com/orlando/food-delivery/maple-street-biscuit-company-celebration/cB9qJmBrTOGrFNOoa_XLow,four-corners-florida
https://www.ubereats.com/orlando/food-delivery/amber-indian-restaurant/7TSEQs2FT72i0o5r3KvYpA,four-corners-florida
https://www.ubereats.com/orlando/food-delivery/kfc-510-us-hwy-27/S2ReXUE6TFW2ZTBRzlgQQw,four-corners-florida
https://www.ubereats.com/orlando/food-delivery/spices-%2B-sprinklestm/ihd4vZ0qSyytLeU7ifElcA,four-corners-florida
https://www.ubereats.com/orlando/food-delivery/wolfgang-puck-bar-%26-grill-orlando/jMYetW5dQTWEXMZ83oqs8g,four-corners-florida
https://www.ubereats.com/orlando/food-delivery/popeyes-7541-w-irlo-bronson-memorial-hwy/7S-OYZF6Q6ucbZUEFiSpAQ,four-corners-florida
https://www.ubereats.com/orlando/food-delivery/china-3-biryani-house/-6uEFlmHRJeookopajnBxw,four-corners-florida
https://www.ubereats.com/orlando/food-delivery/tiki-pizza/lwScJvOaSU-1oI21KHsoAg,four-corners-florida
https://www.ubereats.com/orlando/food-delivery/dennys-25-town-center-blvd/7hL-iqnEQbaGemifpSzvwg,four-corners-florida
https://www.ubereats.com/orlando/food-delivery/smokey-bones-kissimmee/37B-xxk7Sc6BVPJ4GO7SAw,four-corners-florida
https://www.ubereats.com/orlando/food-delivery/pizzanos-pizza-%26-grinderz-clermont/0Dcfws4PTgi1LNbY8lqoLQ,four-corners-florida
https://www.ubereats.com/orlando/food-delivery/reunion-cafe/adgzQQKUTiqPr0sj6--ncA,four-corners-florida
https://www.ubereats.com/orlando/food-delivery/tropical-smoothie-cafe-rolling-oaks/pk2UIi7yTR67Vj6Zwo-kTw,four-corners-florida
https://www.ubereats.com/orlando/food-delivery/the-proper-pie-company/A34Z5QH5SkmHHsjP7X3Q5g,four-corners-florida
https://www.ubereats.com/orlando/food-delivery/el-sospechoso-usa/ZeRU4erTS7e3qld2osNHYg,four-corners-florida
https://www.ubereats.com/orlando/food-delivery/kobe-japanese-steakhouse-%26-sushi-bar-kissimmee/NxL3uK1pSESRxz5vRsosgA,four-corners-florida
https://www.ubereats.com/orlando/food-delivery/the-fish-and-chip-shop-%40-championsgate/FPTMu5eqTiyRJBEAZ6DdQA,four-corners-florida
https://www.ubereats.com/orlando/food-delivery/checkers-5780-w-irlo-bronsn-mmrl-hwy/WeEIF4uCSyi4iv0QmQqUxA,four-corners-florida
https://www.ubereats.com/orlando/food-delivery/panda-express-4789-w-irlo-bronson-hwy/ITBSfCmdQ4isV4EVhggCWA,four-corners-florida
https://www.ubereats.com/orlando/food-delivery/halal-food-express/pXOu_x9MQMi3chHtQGiOng,four-corners-florida
https://www.ubereats.com/orlando/food-delivery/la-criolla-food-truck/NrTsv__NRcKxvJhT80_Giw,four-corners-florida
