url,city
https://www.ubereats.com/new-jersey/food-delivery/playa-bowls-pompton-plains/u7d5nV2fQCiE0WEio8ULtA,franklin-lakes-new-jersey
https://www.ubereats.com/new-jersey/food-delivery/blu-alehouse/TMyDFfk6SQ2gxtBI3VhK3w,franklin-lakes-new-jersey
https://www.ubereats.com/new-jersey/food-delivery/gourmet-express-market/kvvWtE8XRf2_JAmKWYgCiw,franklin-lakes-new-jersey
https://www.ubereats.com/new-jersey/food-delivery/hot-bagelsa-franklin/fqp2KFA3T9Gk9020WSD8Uw,franklin-lakes-new-jersey
https://www.ubereats.com/new-jersey/food-delivery/tabla-fine-dine-indian/UPmJxTjrROewihQt4oIBVA,franklin-lakes-new-jersey
https://www.ubereats.com/new-jersey/food-delivery/land-%26-sea-diner/K12gye8yTrOA0QsXTTd1MA,franklin-lakes-new-jersey
https://www.ubereats.com/new-jersey/food-delivery/pearl-restaurant/GZrhgJHDRuyV42-tOYAg1g,franklin-lakes-new-jersey
https://www.ubereats.com/new-jersey/food-delivery/il-piatto-bistro/Ixk4qAEoT7urpVA4s2TARw,franklin-lakes-new-jersey
https://www.ubereats.com/new-jersey/food-delivery/chinatown-chinese-restaurant/EuEb4K8rRdSQNBRDKRWKnQ,franklin-lakes-new-jersey
https://www.ubereats.com/new-jersey/food-delivery/luckys-steak-plate/YwVDYM12RuWVpnJw7w36PA,franklin-lakes-new-jersey
https://www.ubereats.com/new-jersey/food-delivery/burger-king-55-godwin-avenue/3qdXlTOKR2iMO5hSxQZptw,franklin-lakes-new-jersey
https://www.ubereats.com/new-jersey/food-delivery/jersey-mikes-305-e-ridgewood-ave/ZYc6-rfGRp2mgRVZE1T8mA,franklin-lakes-new-jersey
https://www.ubereats.com/new-jersey/food-delivery/carvel-116-e-main-street/rNRJeHN6QzWxa7BxxdPu3A,franklin-lakes-new-jersey
https://www.ubereats.com/new-jersey/food-delivery/dunkin-775-state-rt-17-s/-d9_YiLLQ6eHxMCnY0sSYA,franklin-lakes-new-jersey
https://www.ubereats.com/new-jersey/food-delivery/tucanes/-bBVj3n5QCKh3QsrRlchnA,franklin-lakes-new-jersey
https://www.ubereats.com/new-jersey/food-delivery/boston-market-20-wyckoff-avenue/F8ceLKa2QwuE2L3xdJ0pig,franklin-lakes-new-jersey
https://www.ubereats.com/new-jersey/food-delivery/allendale-corner-cafe/OoCqylckSrq27lPzCHReZQ,franklin-lakes-new-jersey
https://www.ubereats.com/new-jersey/food-delivery/sushi-x/bjk3fMc4QpWjR-dbchTc6A,franklin-lakes-new-jersey
https://www.ubereats.com/new-jersey/food-delivery/dunkin-23-08-maple-ave/Et4usDwfQU6XU7OvqairMw,franklin-lakes-new-jersey
https://www.ubereats.com/new-jersey/food-delivery/burger-king-300a-union-avenue/7LqDRPDaQoSxQkzRp1yfjg,franklin-lakes-new-jersey
https://www.ubereats.com/new-jersey/food-delivery/elmers-country-store/RP3qrngkS-W6BiXq1--BWg,franklin-lakes-new-jersey
https://www.ubereats.com/new-jersey/food-delivery/toca-coffee/_UOeu-MeQG2qztuVfAyHYQ,franklin-lakes-new-jersey
https://www.ubereats.com/new-jersey/food-delivery/morning-dew-cafe/3ZaPL0Y4TeWe6joUiQxIIA,franklin-lakes-new-jersey
https://www.ubereats.com/new-jersey/food-delivery/mcdonalds-327-franklin-ave/IO8otihdSL-GMSvouHnNrA,franklin-lakes-new-jersey
https://www.ubereats.com/new-jersey/food-delivery/mr-moos-ice-cream-cafe-ridgewood-nj/SqJbJenpTvaNdtBRfpy9BA,franklin-lakes-new-jersey
https://www.ubereats.com/new-jersey/food-delivery/ridgewood-hot-bagels/7PtflTLSQsSHyak4p8GBkg,franklin-lakes-new-jersey
https://www.ubereats.com/new-jersey/food-delivery/orange-leaf-frozen-yogurt-171-e-ridgewood-avenue/17k2DN9eR-OIUSKhfagOrw,franklin-lakes-new-jersey
https://www.ubereats.com/new-jersey/food-delivery/miga-sushi/HnThpoLGS3GcxP8fbvn0IQ,franklin-lakes-new-jersey
https://www.ubereats.com/new-jersey/food-delivery/joes-grand-street-chinese-restaurant/h4NrSyIEREuKT3qGYRDIjQ,franklin-lakes-new-jersey
https://www.ubereats.com/new-jersey/food-delivery/lolitas-mexican-cantina/X2Bl5S9CQ2eMoQGZJik4ww,franklin-lakes-new-jersey
https://www.ubereats.com/new-jersey/food-delivery/bradys-at-the-station-w-main-st/zHsWqr5BQlOW12HFI7E6rg,franklin-lakes-new-jersey
https://www.ubereats.com/new-jersey/food-delivery/blue-42/LKsAdhJvQyqqE4TaSRhTLA,franklin-lakes-new-jersey
https://www.ubereats.com/new-jersey/food-delivery/jersey-mikes-subs-557-north-franklin-turnpike/MjeXqvXjTDakqPrG-q5Lzg,franklin-lakes-new-jersey
https://www.ubereats.com/new-jersey/food-delivery/dunkin-386-franklin-ave/tKzPOf6vREyzZaH6wKehcQ,franklin-lakes-new-jersey
https://www.ubereats.com/new-jersey/food-delivery/hawthorne-covenience-store/SigDv5l7Tvip83inq2cvaw,franklin-lakes-new-jersey
https://www.ubereats.com/new-jersey/food-delivery/sushi-lounge-totowa/G39nTbylSaO4cYYqt3lqQg,franklin-lakes-new-jersey
https://www.ubereats.com/new-jersey/food-delivery/zorba-greek-eatery/QEbN8OKfQzOQ-NaE8pXXmA,franklin-lakes-new-jersey
https://www.ubereats.com/new-jersey/food-delivery/outback-steakhouse-191-berdan-avenue/KOaRTd85T8SVk9k985rlNQ,franklin-lakes-new-jersey
https://www.ubereats.com/new-jersey/food-delivery/al-kumah-restaurant/x1h3C1txRRWDY_WlsTLqMw,franklin-lakes-new-jersey
https://www.ubereats.com/new-jersey/food-delivery/lee-garden/VJiJ1fYbRT2rAzQOfE5Wmw,franklin-lakes-new-jersey
https://www.ubereats.com/new-jersey/food-delivery/mei-sushi/lPSRdvYpTfqaUFKsfS98Dg,franklin-lakes-new-jersey
https://www.ubereats.com/new-jersey/food-delivery/no-1-sushi-midland-park/2iDBCF0pRU6X3dponxpJ2A,franklin-lakes-new-jersey
https://www.ubereats.com/new-jersey/food-delivery/dunkin-15-w-allendale-ave/OOZYWFCiTd-oKSPcGEbg5Q,franklin-lakes-new-jersey
https://www.ubereats.com/new-jersey/food-delivery/lakeside-restaurant-and-bar-lake-dr/pmsqUYC8TkqKV4A16BUeCw,franklin-lakes-new-jersey
https://www.ubereats.com/new-jersey/food-delivery/kfc-taco-bell-347-ramapo-valley-rd-ste-2/GkTIc-fVSYqLtOattappPg,franklin-lakes-new-jersey
https://www.ubereats.com/new-jersey/food-delivery/peshawri-grill/qEFaEbDPRuSksk_CloNjlQ,franklin-lakes-new-jersey
https://www.ubereats.com/new-jersey/food-delivery/italian-riviera/xixWGKM0T0aOcRFx9I1bMw,franklin-lakes-new-jersey
https://www.ubereats.com/new-jersey/food-delivery/raymonds-ridgewood/biK56cQiTM-fn1vjGlew5g,franklin-lakes-new-jersey
https://www.ubereats.com/new-jersey/food-delivery/el-rey-de-las-arepas/kf7dKeybTCaLsekSxxwfXA,franklin-lakes-new-jersey
https://www.ubereats.com/new-jersey/food-delivery/buona-sera/IDmaq6FuQoWgEiWfWyGiVA,franklin-lakes-new-jersey
https://www.ubereats.com/new-jersey/food-delivery/wilkes-deli/p07OFsLBTg6qdc4IjsECeQ,franklin-lakes-new-jersey
https://www.ubereats.com/new-jersey/food-delivery/maguro-sushi-house/i0WFlIHdQTWjSNs2mBOviQ,franklin-lakes-new-jersey
https://www.ubereats.com/new-jersey/food-delivery/organic-tofu-house/h9pB_3_MS-aatGgZY2HcIQ,franklin-lakes-new-jersey
https://www.ubereats.com/new-jersey/food-delivery/kravenz/eh8t7KqhRyeEDEtWmKQy8w,franklin-lakes-new-jersey
https://www.ubereats.com/new-jersey/food-delivery/steel-wheel-tavern/ACUEfoikRsqQYwCM0SPlXg,franklin-lakes-new-jersey
https://www.ubereats.com/new-jersey/food-delivery/mei-wei-east/cwVm0vxHRySQ1GRC77X8VQ,franklin-lakes-new-jersey
https://www.ubereats.com/new-jersey/food-delivery/taphouse-grille-wayne/-N5vF1pmRpiWTC2pDipbyg,franklin-lakes-new-jersey
https://www.ubereats.com/new-jersey/food-delivery/dunkin-13-n-broad-st/Xgk4BY-pRD2tPGXeidWNcQ,franklin-lakes-new-jersey
https://www.ubereats.com/new-jersey/food-delivery/the-front-porch/Sxlc_cWmRh2TwcTfuIyxSQ,franklin-lakes-new-jersey
https://www.ubereats.com/new-jersey/food-delivery/pho-binh-duong-iv/T7RMrBFbSMyw0tB6m-9OKg,franklin-lakes-new-jersey
https://www.ubereats.com/new-jersey/food-delivery/naru-sushi-hibachi/cq6Y1dHxSEa1IJfudYzeXA,franklin-lakes-new-jersey
https://www.ubereats.com/new-jersey/food-delivery/blu-sushi/jeNIDHldRbi7beTA0bkEig,franklin-lakes-new-jersey
https://www.ubereats.com/new-jersey/food-delivery/the-office-tavern-grill-ridgewood/22IpzqoqSRe7-XFgr1Mckg,franklin-lakes-new-jersey
https://www.ubereats.com/new-jersey/food-delivery/primohoagies-320-ridge-road/HaXzT8akThOLwmyO-GSHcQ,franklin-lakes-new-jersey
https://www.ubereats.com/new-jersey/food-delivery/playa-bowls-franklin-lakes/py_VzK_EQIGEkdSTtwdNXw,franklin-lakes-new-jersey
https://www.ubereats.com/new-jersey/food-delivery/pizza-hut-388-ramapo-valley-rd/kns_eVgqRca5ZZBQ3J_a4A,franklin-lakes-new-jersey
https://www.ubereats.com/new-jersey/food-delivery/gyro-grill/VmXtgkEBTW2ZcBF1TpaGyw,franklin-lakes-new-jersey
https://www.ubereats.com/new-jersey/food-delivery/bagel-nosh/7CUpSOk4TYKJP65xgzThxw,franklin-lakes-new-jersey
https://www.ubereats.com/new-jersey/food-delivery/anthonys-coal-fired-pizza-984-state-rt-17/if1RSgJWReG3iVpBFcDjqg,franklin-lakes-new-jersey
https://www.ubereats.com/new-jersey/food-delivery/kilwins-ridgewood/tuIcpBoUS-689QBAmNiFcg,franklin-lakes-new-jersey
https://www.ubereats.com/new-jersey/food-delivery/wilkes-deli-of-glen-rock/VAMxagUmSySg1pXh0kc7Dg,franklin-lakes-new-jersey
https://www.ubereats.com/new-jersey/food-delivery/china-king/AL0MfiBRSeG2LCeupWmcmQ,franklin-lakes-new-jersey
https://www.ubereats.com/new-jersey/food-delivery/prapaisri-thai-cuisine/9327OuexQ8a3IWAJTeW6nA,franklin-lakes-new-jersey
https://www.ubereats.com/new-jersey/food-delivery/burger-king-186-ramapo-valley-rd/njKxxdtJS4uqYkSgCOpC4Q,franklin-lakes-new-jersey
https://www.ubereats.com/new-jersey/food-delivery/midland-park-bagels-and-deli/yx8B44EDTSONFSqlvU4P1w,franklin-lakes-new-jersey
https://www.ubereats.com/new-jersey/food-delivery/seafood-king/cTW3UJpYTfOMAsexKzrBNw,franklin-lakes-new-jersey
https://www.ubereats.com/new-jersey/food-delivery/dunkin-1001-macarthur-blvd/q2sc2c1oSDW0xAhsNWedtA,franklin-lakes-new-jersey
https://www.ubereats.com/new-jersey/food-delivery/dunkin-84-goffle-rd/FQXXx-00QSaddKwIp_j8Cg,franklin-lakes-new-jersey
https://www.ubereats.com/new-jersey/food-delivery/popeyes-haledon/9zDTfeIERyauUy4_m69aBQ,franklin-lakes-new-jersey
https://www.ubereats.com/new-jersey/food-delivery/the-ice-cream-shop/5Z4wlOu3Rf2dcE_4zqA6ng,franklin-lakes-new-jersey
https://www.ubereats.com/new-jersey/food-delivery/starbucks-paterson-hamburg-tpke-wayne/8wi77S56SkOrF0hoYB2waQ,franklin-lakes-new-jersey
https://www.ubereats.com/new-jersey/food-delivery/red-lobster-211-route-17-s/2ZIcvAbATDGb3uRJE9k9LA,franklin-lakes-new-jersey
https://www.ubereats.com/new-jersey/food-delivery/sweetberry-bowls-pompton-lakes/EctQO0x2Qq2ZbInRbpf31g,franklin-lakes-new-jersey
https://www.ubereats.com/new-jersey/food-delivery/dunkin-794-franklin-ave/5E9mii-bSVu1c3ZbmzvLTA,franklin-lakes-new-jersey
https://www.ubereats.com/new-jersey/food-delivery/dim-sum-dynasty/4u7UEN0jTB6B0b95TPzIfg,franklin-lakes-new-jersey
https://www.ubereats.com/new-jersey/food-delivery/baumgarts-cafe-ridgewood/Pbuml-dkS3qHUHeS5Se0NQ,franklin-lakes-new-jersey
https://www.ubereats.com/new-jersey/food-delivery/catchy-cafe/H2meclGET8eVNlNGeYSxlw,franklin-lakes-new-jersey
https://www.ubereats.com/new-jersey/food-delivery/moes-southwest-grill-380-ridge-rd/5yoZEkGvTYKgrxNW7kKPPw,franklin-lakes-new-jersey
https://www.ubereats.com/new-jersey/food-delivery/popeyes-north-paramus/j0etEDHpQKOyFtqtiw_8nA,franklin-lakes-new-jersey
https://www.ubereats.com/new-jersey/food-delivery/pappys-juice-bar/IkCLdopBQieZD6sW3p6zjA,franklin-lakes-new-jersey
https://www.ubereats.com/new-jersey/food-delivery/toros-clifton/lQ65PFSoSqy_Jp1bLcblwA,franklin-lakes-new-jersey
https://www.ubereats.com/new-jersey/food-delivery/dunkin-572-valley-rd/yCEPOzMcQx2Egr7es9kojA,franklin-lakes-new-jersey
https://www.ubereats.com/new-jersey/food-delivery/dunkin-560-route-23/aNvAqlguS7-XzGFMUge8dA,franklin-lakes-new-jersey
https://www.ubereats.com/new-jersey/food-delivery/cafe-de-royal/0PGIxxFKTfqH7BH52weMuA,franklin-lakes-new-jersey
https://www.ubereats.com/new-jersey/food-delivery/sweet-berry-bowls-pompton-lakes/Upq9dYoARDqG77Ap3fe1mw,franklin-lakes-new-jersey
https://www.ubereats.com/new-jersey/food-delivery/nicky-gs-restaurant-%26-pizzeria/gI-cSyYfQqq9FZeSll7WmA,franklin-lakes-new-jersey
https://www.ubereats.com/new-jersey/food-delivery/chipotle-mexican-grill-1255-state-rt-17-unit-3/SZ8RMXvgSnWZj_LpA1F1Ug,franklin-lakes-new-jersey
https://www.ubereats.com/new-jersey/food-delivery/173-applebees-butler/syjQd3nAQ2OxOsxGHnrI9A,franklin-lakes-new-jersey
https://www.ubereats.com/new-jersey/food-delivery/novino/s7rr-b6jT5O7GaqedwPQOA,franklin-lakes-new-jersey
https://www.ubereats.com/new-jersey/food-delivery/bon-appetit/VsFB4LGeSBudnBzTJkdVhA,franklin-lakes-new-jersey
https://www.ubereats.com/new-jersey/food-delivery/lisas-mediterranean-cuisine/0--dCx2qSse9AlXHD_iONw,franklin-lakes-new-jersey
https://www.ubereats.com/new-jersey/food-delivery/starbucks-ramsey-train-station/LLWUgMEATh6ISPwilyEU_w,franklin-lakes-new-jersey
https://www.ubereats.com/new-jersey/food-delivery/dunkin-128-chestnut-ridge-rd/vcXT0k69RNK-UXT1UEo_DA,franklin-lakes-new-jersey
https://www.ubereats.com/new-jersey/food-delivery/bagel-connect/W_eKPB3EQoCoR_9RPYIkYA,franklin-lakes-new-jersey
https://www.ubereats.com/new-jersey/food-delivery/burger-king-41-franklin-turnpike/bilsZHZ4Stqm5uaMZt0ocw,franklin-lakes-new-jersey
https://www.ubereats.com/new-jersey/food-delivery/502-shannon-rose-ramsey-1200-route-17n/rgq9KZsJSqSmgEDrvjAL0A,franklin-lakes-new-jersey
https://www.ubereats.com/new-jersey/food-delivery/cravings-tapas-bistro/a87JGyEgTmqRGn-GXXKq6g,franklin-lakes-new-jersey
https://www.ubereats.com/new-jersey/food-delivery/sunrise-bagels-cafe/r850Clm0QEuxg2h9tRXHyg,franklin-lakes-new-jersey
https://www.ubereats.com/new-jersey/food-delivery/houlihans-ramsey/K5_1_by2RQOdsUwQif8I2A,franklin-lakes-new-jersey
https://www.ubereats.com/new-jersey/food-delivery/bgood-ridgewood/hUwTCNhmQGGgH-pbXINOUA,franklin-lakes-new-jersey
https://www.ubereats.com/new-jersey/food-delivery/dunkin-2387-hamburg-tpke/vkNGx-PFTc-gM41bXeiriw,franklin-lakes-new-jersey
https://www.ubereats.com/new-jersey/food-delivery/popeyes-1046-hamburg-tpke/6TYnOpogTpWmhJ0IdFvJsw,franklin-lakes-new-jersey
https://www.ubereats.com/new-jersey/food-delivery/green-fusion/EgRnUOJOTSC5uasjfpzkhA,franklin-lakes-new-jersey
https://www.ubereats.com/new-jersey/food-delivery/cinco-de-mayo/4YGiQZmjSbyeFXIZtIs_Iw,franklin-lakes-new-jersey
https://www.ubereats.com/new-jersey/food-delivery/the-iron-horse/PEEyAQVTQQy8uoMUH3buXQ,franklin-lakes-new-jersey
https://www.ubereats.com/new-jersey/food-delivery/bareburger-455-chestnut-ridge-rd/BkPCYrRLTLakPOLyfRkCAg,franklin-lakes-new-jersey
https://www.ubereats.com/new-jersey/food-delivery/dunkin-675-river-st/SUm42jUSSqqyHd8tqrpVrw,franklin-lakes-new-jersey
https://www.ubereats.com/new-jersey/food-delivery/the-village-grille/5HJ85RMXTlepp1ynORWMJA,franklin-lakes-new-jersey
https://www.ubereats.com/new-jersey/food-delivery/wendys-31-godwin-avenue/9Gk75VuNSGSJOdskRxDMZA,franklin-lakes-new-jersey
https://www.ubereats.com/new-jersey/food-delivery/the-habit-burger-grill-3101-promenade-bl/ClIYJzJuQFO9Mfea3r7VYA,franklin-lakes-new-jersey
https://www.ubereats.com/new-jersey/food-delivery/mannys-preakness-diner/iAaVyXCpSWqsBoLWV0sHuw,franklin-lakes-new-jersey
https://www.ubereats.com/new-jersey/food-delivery/majestic-diner/a0ZZwOazTT2t_ZgBVo74Pg,franklin-lakes-new-jersey
https://www.ubereats.com/new-jersey/food-delivery/bensi-wayne/xNc6yuyvTuW7w-IbAPVeLg,franklin-lakes-new-jersey
https://www.ubereats.com/new-jersey/food-delivery/stone-%26-rail/uY1MrqfJQbSGtQOavJzWnw,franklin-lakes-new-jersey
https://www.ubereats.com/new-jersey/food-delivery/dunkin-115-franklin-tpke/Y76qOH6-S8axLzEo6IdcRw,franklin-lakes-new-jersey
https://www.ubereats.com/new-jersey/food-delivery/chinatown-express-%E4%B8%AD%E5%9B%BD%E5%9F%8E%E9%A4%90%E5%8E%85/K3Cav9zxTsyu-OMNFfPgDg,franklin-lakes-new-jersey
https://www.ubereats.com/new-jersey/food-delivery/legend-burger-and-fried-chicken/vwQRmYDeQ4--ixL-_Gez_w,franklin-lakes-new-jersey
https://www.ubereats.com/new-jersey/food-delivery/pf-changs-1900-willowbrook-blvd/EDdJuEPMSkK61qx2GSkhFA,franklin-lakes-new-jersey
https://www.ubereats.com/new-jersey/food-delivery/dunkin-1957-route-23-s/NniurhdmTTWJvL2TmfhIMA,franklin-lakes-new-jersey
https://www.ubereats.com/new-jersey/food-delivery/jersey-mikes-subs-500-route-23/XH3THvykQlOEH_YmCGt82A,franklin-lakes-new-jersey
https://www.ubereats.com/new-jersey/food-delivery/six-happiness-fair-lawn/l9BpharoR2KzOiwmmYmijg,franklin-lakes-new-jersey
https://www.ubereats.com/new-jersey/food-delivery/dunkin-29-e-prospect-st/N_D2mbNVTLWaubI6BXWieg,franklin-lakes-new-jersey
https://www.ubereats.com/new-jersey/food-delivery/superjuice-nation/Ivjmc_-2Rqml9Q_EcDEEDA,franklin-lakes-new-jersey
https://www.ubereats.com/new-jersey/food-delivery/dunkin-1063-goffle-rd/LKdfdOy0QoqPlyLWxH1McQ,franklin-lakes-new-jersey
https://www.ubereats.com/new-jersey/food-delivery/brother-bruno-pizza/mqHEMH2HRxCxcg1P_VeNzQ,franklin-lakes-new-jersey
https://www.ubereats.com/new-jersey/food-delivery/nirvana-indian-kitchen/MYIrl7BFSlGpD9TjsMFRnA,franklin-lakes-new-jersey
https://www.ubereats.com/new-jersey/food-delivery/tony-lips-pizza-%26-pasta-corp/blBjC32SRMKER_3NzH5wXQ,franklin-lakes-new-jersey
https://www.ubereats.com/new-jersey/food-delivery/smashburger-984-rte-17-rd/0AD81Ol1T9CqD03cxUhf3Q,franklin-lakes-new-jersey
https://www.ubereats.com/new-jersey/food-delivery/pizza-man-family-restaurant-newark-pompton-tpke/TD351ihiQ7elZZO4yNGSZA,franklin-lakes-new-jersey
https://www.ubereats.com/new-jersey/food-delivery/the-rail-yard-tavern/cYJipr6RRpWv5k9WZ5MfFw,franklin-lakes-new-jersey
https://www.ubereats.com/new-jersey/food-delivery/dunkin-233-n-franklin-turnpike/TUPZpcIiQW6_tNQZ-qWevA,franklin-lakes-new-jersey
https://www.ubereats.com/new-jersey/food-delivery/ritas-italian-ice-glen-rock/kzlI3gv5S3-AHRkelaCnLw,franklin-lakes-new-jersey
https://www.ubereats.com/new-jersey/food-delivery/inserras-famous-pizza/sdkixgn3RXi3zGLMWrhe7w,franklin-lakes-new-jersey
https://www.ubereats.com/new-jersey/food-delivery/cucina-347/_8NXWxLCT2iAs3rZTI1YKw,franklin-lakes-new-jersey
https://www.ubereats.com/new-jersey/food-delivery/burger-king-1229-route-23-south/R7dbjH2YSleqkViTh0Wcow,franklin-lakes-new-jersey
https://www.ubereats.com/new-jersey/food-delivery/3-monkeys-restaurant/93RZPm0hRjqj4vb50drEcg,franklin-lakes-new-jersey
https://www.ubereats.com/new-jersey/food-delivery/burger-king-259-franklin-turnpike/xNqJ9gFFReaAleMqK4Q7KQ,franklin-lakes-new-jersey
https://www.ubereats.com/new-jersey/food-delivery/vinnis-pizzarama/6mihPUkTRTWhwnXH8qo5LA,franklin-lakes-new-jersey
https://www.ubereats.com/new-jersey/food-delivery/first-watch-38-farm-view/LeTmc9rGTQGH2Z128yi_nw,franklin-lakes-new-jersey
https://www.ubereats.com/new-jersey/food-delivery/pizzaiolo-by-brothers/CwRK28lJTCGElT5ez8rGRA,franklin-lakes-new-jersey
https://www.ubereats.com/new-jersey/food-delivery/little-chef/cN-oapkkSdSqJgQ7UxQtCw,franklin-lakes-new-jersey
https://www.ubereats.com/new-jersey/food-delivery/the-brownstone/riBw_7i6QN6uo6VNZGT2ZQ,franklin-lakes-new-jersey
https://www.ubereats.com/new-jersey/food-delivery/wilkes-deli-oakland/UXIAHyY6TEeWgQM7fqntEQ,franklin-lakes-new-jersey
https://www.ubereats.com/new-jersey/food-delivery/preakness-gourmet-deli/UlwDiu4lRqC5h3Wt1wmKxQ,franklin-lakes-new-jersey
https://www.ubereats.com/new-jersey/food-delivery/longfellows-coffee/xS1cdWS4Qna9bH7rSghUIQ,franklin-lakes-new-jersey
https://www.ubereats.com/new-jersey/food-delivery/longfellows-coffee-mahwah/x0yYkZgGQ8WlZMfk-_-m3A,franklin-lakes-new-jersey
https://www.ubereats.com/new-jersey/food-delivery/wendys-1204-route-23-north/YUn9eqdUSTSEDrm2lSNiJw,franklin-lakes-new-jersey
https://www.ubereats.com/new-jersey/food-delivery/bagel-express-hawthorne/gh08EKHeRW-poeC91fcd2Q,franklin-lakes-new-jersey
https://www.ubereats.com/new-jersey/food-delivery/tutti-amici/rnnf2a_MSAa0Is7VAe7_Sw,franklin-lakes-new-jersey
https://www.ubereats.com/new-jersey/food-delivery/dunkin-490-chamberlain-ave/nM_t2Iu4TWai26YydToyGw,franklin-lakes-new-jersey
https://www.ubereats.com/new-jersey/food-delivery/celtic-corner/-V__LsGNS9-MPqevf0oCPw,franklin-lakes-new-jersey
https://www.ubereats.com/new-jersey/food-delivery/limoncello-restaurant/nf29mff4SkmVq3cGfVWWvQ,franklin-lakes-new-jersey
https://www.ubereats.com/new-jersey/food-delivery/mcdonalds-846-rt-17-n/G7VhKS1lS6mAIZvk3RbjSg,franklin-lakes-new-jersey
https://www.ubereats.com/new-jersey/food-delivery/park-wayne-diner/hszVFy2ETKezCfnw7ABM7A,franklin-lakes-new-jersey
https://www.ubereats.com/new-jersey/food-delivery/ritas-italian-ice/s-CEAIBkSGyXHj-ElCHr4w,franklin-lakes-new-jersey
https://www.ubereats.com/new-jersey/food-delivery/new-wo-lee-restaurant/ow43D5u_SgiZtIypmu7Fxg,franklin-lakes-new-jersey
https://www.ubereats.com/new-jersey/food-delivery/namaste-india/GmABeC7NQHCGOJUOjCxTWQ,franklin-lakes-new-jersey
https://www.ubereats.com/new-jersey/food-delivery/kumo-japanese-cuisine/kka55U8PRt2t15V1kovXKQ,franklin-lakes-new-jersey
https://www.ubereats.com/new-jersey/food-delivery/burger-king-385-route-17-north/EMq1XbeSTMGZim8KhJ_nEg,franklin-lakes-new-jersey
https://www.ubereats.com/new-jersey/food-delivery/dunkin-490-haledon-ave/EXNPYYdXQOuH_l028gmqTw,franklin-lakes-new-jersey
https://www.ubereats.com/new-jersey/food-delivery/friendlys-441-hillsdale-ave/fekHDizwTQC4YqrMGUHSZQ,franklin-lakes-new-jersey
https://www.ubereats.com/new-jersey/food-delivery/delhi-accent%3A-innovative-indian-dining-by-khyber-grill-caterers/fsQ7IvxnRECqreKDjLzKlg,franklin-lakes-new-jersey
https://www.ubereats.com/new-jersey/food-delivery/el-gallo/7_EFH8AcRaCdx68-B3pHTg,franklin-lakes-new-jersey
https://www.ubereats.com/new-jersey/food-delivery/bagel-nosh-of-franklin-lakes/eAo-96lnRM6M3Jjk8MLyww,franklin-lakes-new-jersey
https://www.ubereats.com/new-jersey/food-delivery/moes-southwest-grill-500-state-route-23-suite-1/ojXQpuoMRw-2nUopIxDQlg,franklin-lakes-new-jersey
https://www.ubereats.com/new-jersey/food-delivery/firehouse-subs-1050-hamburg-tpke/Mw5Jaet_Q2mIsTvTLaEdvw,franklin-lakes-new-jersey
https://www.ubereats.com/new-jersey/food-delivery/koi-japanese-and-chinese-restaurant/Z6uGZN7-TvyGxMVdX1GdtQ,franklin-lakes-new-jersey
https://www.ubereats.com/new-jersey/food-delivery/poke-zone/EVsaG6p1RhGrm8ADdPOBMg,franklin-lakes-new-jersey
https://www.ubereats.com/new-jersey/food-delivery/dcarbon/4oUFFDYQRvCGQ878YoT1Ew,franklin-lakes-new-jersey
https://www.ubereats.com/new-jersey/food-delivery/the-latin-house/heK4tcX_SJW5jS9ZdFxaPw,franklin-lakes-new-jersey
https://www.ubereats.com/new-jersey/food-delivery/103-prime-at-valentinos/vCzgR5O0R0SNbL6fr3jxCw,franklin-lakes-new-jersey
https://www.ubereats.com/new-jersey/food-delivery/outback-steakhouse-1538-route-23/MnBts6QJSXecc8h3k3TrCA,franklin-lakes-new-jersey
https://www.ubereats.com/new-jersey/food-delivery/dominicks-pizza/dMmHk_p2QM-km25uzdQsNw,franklin-lakes-new-jersey
https://www.ubereats.com/new-jersey/food-delivery/lincoln-park-hot-bagel/LqMWMmn2TiqMVaTGS5EsFQ,franklin-lakes-new-jersey
https://www.ubereats.com/new-jersey/food-delivery/tiffs/t0gRZ_ZTR4iQEAL863wDYQ,franklin-lakes-new-jersey
https://www.ubereats.com/new-jersey/food-delivery/state-line-diner/svKXnj3lTSe5NMXe463Zkg,franklin-lakes-new-jersey
https://www.ubereats.com/new-jersey/food-delivery/kfc-saddle-brook/qG1mIZNAQLilbrOpQTqyBg,franklin-lakes-new-jersey
https://www.ubereats.com/new-jersey/food-delivery/caribbean-sazon/yVrUxGe6SFiB5m26IffiMg,franklin-lakes-new-jersey
https://www.ubereats.com/new-jersey/food-delivery/house-of-burrito-chicken-and-pizza/p_hJbixRS1a5VIDPP40fGg,franklin-lakes-new-jersey
https://www.ubereats.com/new-jersey/food-delivery/the-pizza-parlor/XFqMnNynSrWYMBqm2l9hkg,franklin-lakes-new-jersey
https://www.ubereats.com/new-jersey/food-delivery/the-goffle-grill/OVxqJ0x4SlSqiGFj9t2uKQ,franklin-lakes-new-jersey
https://www.ubereats.com/new-jersey/food-delivery/saffron-modern-indian-cuisine/VVtpswwwSXCNULDBjte_mw,franklin-lakes-new-jersey
https://www.ubereats.com/new-jersey/food-delivery/wendys-1560-route-23-north/-8x2Pln5S4WYTEV-11ZJnA,franklin-lakes-new-jersey
https://www.ubereats.com/new-jersey/food-delivery/poke-sushi-burrito-asian-restaurant/isTgdAiCTaW4aovWvM5PPw,franklin-lakes-new-jersey
https://www.ubereats.com/new-jersey/food-delivery/saladworks-waynechester/FN7yGPIORR-1g_x1FxdD5w,franklin-lakes-new-jersey
https://www.ubereats.com/new-jersey/food-delivery/blueberry-frozen-yogurt/LTZGJT9_RVG6Fjzyql8L-g,franklin-lakes-new-jersey
https://www.ubereats.com/new-jersey/food-delivery/pizza-love/D1z0iGECSZKoIuNz1KQDCQ,franklin-lakes-new-jersey
https://www.ubereats.com/new-jersey/food-delivery/park-west-tavern/-5VoR1whTfmU8YHyCdaQ8Q,franklin-lakes-new-jersey
https://www.ubereats.com/new-jersey/food-delivery/jersey-mikes-subs-300-godwin-avenue/p1M6lYNXRY6LZaGY3-NiDQ,franklin-lakes-new-jersey
https://www.ubereats.com/new-jersey/food-delivery/wayne-hills-diner/RyrjSthDSv-R5wyrw7JRkA,franklin-lakes-new-jersey
https://www.ubereats.com/new-jersey/food-delivery/parkway-diner/s0w8wwPRRMW70A85S5ZtIA,franklin-lakes-new-jersey
https://www.ubereats.com/new-jersey/food-delivery/bareburger-15-e-ridgewood-ave/0mRck9zZSYK8KnqGsMhSxw,franklin-lakes-new-jersey
https://www.ubereats.com/new-jersey/food-delivery/dosa-and-biryani-house/Wp0u3jyCRhO6G3YOzDg5EQ,franklin-lakes-new-jersey
https://www.ubereats.com/new-jersey/food-delivery/mezza-westwood/p1Z7_r0DT2ezmv4wmF1Tkw,franklin-lakes-new-jersey
https://www.ubereats.com/new-jersey/food-delivery/kfc-465-broadway/LrhsVGaXQPe1LoIZG1fgpg,franklin-lakes-new-jersey
https://www.ubereats.com/new-jersey/food-delivery/tiffs-soul-food/dPDP7zi7SdWgoD5O5U1d1A,franklin-lakes-new-jersey
https://www.ubereats.com/new-jersey/food-delivery/goody-chinese-%26-spanish-restaurant/9avgK7Z5SKGHL0ZQyMjMJg,franklin-lakes-new-jersey
https://www.ubereats.com/new-jersey/food-delivery/argentalia-restaurante/hUTbxQtPTaSs9yprKwwN3w,franklin-lakes-new-jersey
https://www.ubereats.com/new-jersey/food-delivery/the-village-inn-wayne/xGJdSbjNRwqSpwZX5s7paw,franklin-lakes-new-jersey
https://www.ubereats.com/new-jersey/food-delivery/dunkin-1050-hamburg-tpke/1GTxzN5_QlS86twOiF9oNw,franklin-lakes-new-jersey
https://www.ubereats.com/new-jersey/food-delivery/mason-jar/9491i1GPSFGw4MPAUQkBdw,franklin-lakes-new-jersey
https://www.ubereats.com/new-jersey/food-delivery/portobello-feasts/RBYULnoCREauPwCNWFF6FQ,franklin-lakes-new-jersey
https://www.ubereats.com/new-jersey/food-delivery/quicks/VeGuwwozSjeHzpxnErwAWw,franklin-lakes-new-jersey
https://www.ubereats.com/new-jersey/food-delivery/mr-cupcakes-hawthorne/KlH-kGHsQfWSS8EIOVaSLw,franklin-lakes-new-jersey
https://www.ubereats.com/new-jersey/food-delivery/kirkers-inn/DD5_hEg0QZGyn97-fNobog,franklin-lakes-new-jersey
https://www.ubereats.com/new-jersey/food-delivery/dunkin-525-cedar-hill-ave/JHroyAUTQeelAuygncr2Og,franklin-lakes-new-jersey
https://www.ubereats.com/new-jersey/food-delivery/belmont-grill/PL2ON0hQTB-_DCE77s039A,franklin-lakes-new-jersey
https://www.ubereats.com/new-jersey/food-delivery/subway-315-lafayette-ave/FTyT9W8USaumi8yca_gJkQ,franklin-lakes-new-jersey
https://www.ubereats.com/new-jersey/food-delivery/boston-market-395-route-17-north/smpTj5Y9Sz-mJhAM2L-Q3g,franklin-lakes-new-jersey
https://www.ubereats.com/new-jersey/food-delivery/on-the-border-paramus/4fB9AsHjQ16h1MjuDuG8ZQ,franklin-lakes-new-jersey
https://www.ubereats.com/new-jersey/food-delivery/pasquallys-pizza-%26-wings-1639-rt-23-south/sBhpxmafTv-A_cU0gGamLQ,franklin-lakes-new-jersey
https://www.ubereats.com/new-jersey/food-delivery/donnas-pizza/NHcI3Y5TSUKN07scpccOTA,franklin-lakes-new-jersey
https://www.ubereats.com/new-jersey/food-delivery/lotitos-deli-and-bakery/3dbEaCtMTmG4djJi4A5ryA,franklin-lakes-new-jersey
https://www.ubereats.com/new-jersey/food-delivery/five-guys-nj-1503-1300-rt-17-n/8wut-5kCRjCVstz402s9GQ,franklin-lakes-new-jersey
https://www.ubereats.com/new-jersey/food-delivery/blue-moon-mexican-cafe-wyckoff/9MQTkcNuQi6lXMWG5jL6IA,franklin-lakes-new-jersey
https://www.ubereats.com/new-jersey/food-delivery/trattoria-la-bocca/ZrLThl1oRAu5qXBmv92icg,franklin-lakes-new-jersey
https://www.ubereats.com/new-jersey/food-delivery/blended-bowls/HoXPmoTfQImpzbDUHqFZNQ,franklin-lakes-new-jersey
https://www.ubereats.com/new-jersey/food-delivery/noches-de-colombia-lincoln-park-nj/8AcmixxLRQe5JBTVI-uhRw,franklin-lakes-new-jersey
https://www.ubereats.com/new-jersey/food-delivery/lenape-valley-grill/sX0VkydtTUqRN2VXGxXYkA,franklin-lakes-new-jersey
https://www.ubereats.com/new-jersey/food-delivery/bonchon-chicken-17-central-ave/Ti0gcOUIR8-nQ5cSUfVFLg,franklin-lakes-new-jersey
https://www.ubereats.com/new-jersey/food-delivery/flaming-grill-%26-supreme-buffet-riverdale/Db6Fb_i7RgCxsaK0axCwBw,franklin-lakes-new-jersey
https://www.ubereats.com/new-jersey/food-delivery/bagel-nosh-of-wanaque/mpGxug1VQsGPQaxG2u514A,franklin-lakes-new-jersey
https://www.ubereats.com/new-jersey/food-delivery/brother-brunos-pizza-deli-%26-bagels/xSm4ChpoTsKjF5GNGj7ziA,franklin-lakes-new-jersey
https://www.ubereats.com/new-jersey/food-delivery/bagelicious/_0u4J9K1SC2cZYZzjg4VHg,franklin-lakes-new-jersey
https://www.ubereats.com/new-jersey/food-delivery/manjal-indian-cuisine/58w3Z2yVTCqwj471VDugxA,franklin-lakes-new-jersey
https://www.ubereats.com/new-jersey/food-delivery/bibillia/HEt0aUHJQsSAWE_D4eY-3w,franklin-lakes-new-jersey
https://www.ubereats.com/new-jersey/food-delivery/tabboule/1TcrQh-5TheTnkbpwICXww,franklin-lakes-new-jersey
https://www.ubereats.com/new-jersey/food-delivery/red-bowl/wcVgmIEAS_SxPLibroas2g,franklin-lakes-new-jersey
https://www.ubereats.com/new-jersey/food-delivery/jacks-lobster-rolls/NDzKjr9gQIiP8lYWPQ_F_w,franklin-lakes-new-jersey
https://www.ubereats.com/new-jersey/food-delivery/uncle-louie-g-ices-and-ice-cream-ramsey/yJBtjfCIQ1qgy0e9W-5AMw,franklin-lakes-new-jersey
https://www.ubereats.com/new-jersey/food-delivery/rosarios-trattoria/Gmw1cRW2Q7mCjFp5t5IghQ,franklin-lakes-new-jersey
https://www.ubereats.com/new-jersey/food-delivery/dunkin-926-state-rt-17-north/em5y1BQaSRCsbnKrY9G-pw,franklin-lakes-new-jersey
https://www.ubereats.com/new-jersey/food-delivery/the-empanada-times/pjSE1XHsTGOP8bkJhFJUEw,franklin-lakes-new-jersey
https://www.ubereats.com/new-jersey/food-delivery/starbucks-wyckoff/3wVyiAldSZSh9uCim12GRw,franklin-lakes-new-jersey
https://www.ubereats.com/new-jersey/food-delivery/palermos-bakery-wyckoff/Iq73pyeqSWqB48Pd0-Hw0A,franklin-lakes-new-jersey
https://www.ubereats.com/new-jersey/food-delivery/wendys-1358-route-17-north/i6qHi9dzSLCq63JfLMbUSQ,franklin-lakes-new-jersey
https://www.ubereats.com/new-jersey/food-delivery/johnny-%26-hanges/7H5EN6BERGaCsaoC9N_e6Q,franklin-lakes-new-jersey
https://www.ubereats.com/new-jersey/food-delivery/ny-pizza/xvXnCmmnS4ae0NLWCtvx0Q,franklin-lakes-new-jersey
https://www.ubereats.com/new-jersey/food-delivery/kimchi-mama/TxUedIkZSja-LYP7vJRzGA,franklin-lakes-new-jersey
https://www.ubereats.com/new-jersey/food-delivery/dunkin-80-godwin-ave/BBfFTPZuQQ2sAHPmpYjg_Q,franklin-lakes-new-jersey
https://www.ubereats.com/new-jersey/food-delivery/jyoti-exotic-indian-cuisine/n-tz-0rzQqOYsXEnorDHWQ,franklin-lakes-new-jersey
https://www.ubereats.com/new-jersey/food-delivery/le-bon-choix/0GNvTqpIRT-_zjDwG4eDSw,franklin-lakes-new-jersey
https://www.ubereats.com/new-jersey/food-delivery/dunkin-657-franklin-turnpike/nXLV0j2VSg-APvJp3tVqdA,franklin-lakes-new-jersey
https://www.ubereats.com/new-jersey/food-delivery/falafull/z7LOzJUiSw-BGPUTBa5nvA,franklin-lakes-new-jersey
https://www.ubereats.com/new-jersey/food-delivery/yuki-japanese-restaurant-ramapo-valley-rd/VjqjJojBSL-J2U0zw9NoNQ,franklin-lakes-new-jersey
https://www.ubereats.com/new-jersey/food-delivery/jersey-mikes-subs-1055-hamburg-turnpike/z1bgrkljSXuPOu0b29mQEQ,franklin-lakes-new-jersey
https://www.ubereats.com/new-jersey/food-delivery/aunt-delis-cafe-deli-eats-%26-treats/-7Tej46aT9OnCTTYg4g9zQ,franklin-lakes-new-jersey
https://www.ubereats.com/new-jersey/food-delivery/sweetberry-bowls-wayne/hCJVqvwQTY6TdfOuuRH7-A,franklin-lakes-new-jersey
https://www.ubereats.com/new-jersey/food-delivery/wild-%26-hearty-samba-bowls/TmNqEIwaSsiU8uHp4j6I7w,franklin-lakes-new-jersey
https://www.ubereats.com/new-jersey/food-delivery/hot-bagels-of-fair-lawn/fk3kis2JSe6pB-AcQgfBiA,franklin-lakes-new-jersey
https://www.ubereats.com/new-jersey/food-delivery/kfc-130-state-rt-23/Gp62XN9gTHWCColL1wTVPw,franklin-lakes-new-jersey
https://www.ubereats.com/new-jersey/food-delivery/hispana-restaurant/Kl6fJHuQQxG_o60xdhaK9w,franklin-lakes-new-jersey
https://www.ubereats.com/new-jersey/food-delivery/wendys-637-hamburg-turnpike/JfgnA1DcRPWf71uuIscMrA,franklin-lakes-new-jersey
https://www.ubereats.com/new-jersey/food-delivery/chuck-e-cheese-1639-rt-23-south/iUcZNqFxTJyY0vvfG0T7IA,franklin-lakes-new-jersey
https://www.ubereats.com/new-jersey/food-delivery/benares/Md--VRvdQeSMiudPLGJZAQ,franklin-lakes-new-jersey
https://www.ubereats.com/new-jersey/food-delivery/five-guys-nj-0353-1610-route-23/NXiwl2drQlaPKI1J2kCgrQ,franklin-lakes-new-jersey
https://www.ubereats.com/new-jersey/food-delivery/superjuice-nation/VZyFX1eYQ4eb_QEzzgKdJg,franklin-lakes-new-jersey
https://www.ubereats.com/new-jersey/food-delivery/starbucks-berdan-ave-%26-hamburg-turnpike/08iL0Ax9Ra-to4DfIl1XaA,franklin-lakes-new-jersey
https://www.ubereats.com/new-jersey/food-delivery/eons-greek-food-for-life-montvale/uCApu5HbQzGARQuXJ-Pv9A,franklin-lakes-new-jersey
https://www.ubereats.com/new-jersey/food-delivery/150-applebees-paramus/QRuv9sN8Ty60m6qMT8Amxw,franklin-lakes-new-jersey
https://www.ubereats.com/new-jersey/food-delivery/smashburger-500-nj-23/Pjawv1UkS3qIotVvRlIH9g,franklin-lakes-new-jersey
https://www.ubereats.com/new-jersey/food-delivery/taco-bell-1400-route-23-north/ZWKVgp6aTUqEAxqYdPVlzw,franklin-lakes-new-jersey
https://www.ubereats.com/new-jersey/food-delivery/straws-kitchen/GMWEoUYJT0GJu0js_OrKdw,franklin-lakes-new-jersey
https://www.ubereats.com/new-jersey/food-delivery/guan-long-restaurant/RElzOGP5TWWzIa-Vzj57Xg,franklin-lakes-new-jersey
https://www.ubereats.com/new-jersey/food-delivery/playa-bowls-ridgewood/0JiG-WzSRriAc5yfMDJrXg,franklin-lakes-new-jersey
https://www.ubereats.com/new-jersey/food-delivery/delicias-peruanas/AByLWTKfS6yO_WpGRbPgag,franklin-lakes-new-jersey
https://www.ubereats.com/new-jersey/food-delivery/poke-n-ramen-360/XnSvtw7DTkyjsCAjfxB-nw,franklin-lakes-new-jersey
https://www.ubereats.com/new-jersey/food-delivery/kfc-taco-bell-rt-17-n/AGvav3kqS0qJblZZ8DY2Dg,franklin-lakes-new-jersey
https://www.ubereats.com/new-jersey/food-delivery/axtons-by-chef-anton-testino/hfzDpViSR_2JSdn8Ymqmag,franklin-lakes-new-jersey
https://www.ubereats.com/new-jersey/food-delivery/starbucks-midland-park-shopping-center/hdcdJEjsRZWqtRF0M7Rb3g,franklin-lakes-new-jersey
https://www.ubereats.com/new-jersey/food-delivery/cosmo-bella-pizzeria-and-restaurant/UBeOauawSS-uUK9JCk58OA,franklin-lakes-new-jersey
https://www.ubereats.com/new-jersey/food-delivery/new-york-bagel-cafe/RgY2zLVsRMWdyAKP8c_zzQ,franklin-lakes-new-jersey
https://www.ubereats.com/new-jersey/food-delivery/wendys-19-wanaque-ave/_IAyL7szQ-GTrZGH7PFTfA,franklin-lakes-new-jersey
https://www.ubereats.com/new-jersey/food-delivery/taka-japanese/elUjPGBfSqiya8c77XQUDQ,franklin-lakes-new-jersey
https://www.ubereats.com/new-jersey/food-delivery/amano-restaurant/cC98kI7uQricuVsIIagzuQ,franklin-lakes-new-jersey
https://www.ubereats.com/new-jersey/food-delivery/macmurphys-godwin-ave/ePiaxEdlS--Q5L20E5t_aA,franklin-lakes-new-jersey
