url,city
https://www.ubereats.com/new-jersey/food-delivery/dunkin-511-soloman-way/xwZ_NoLrR8O7FLjevA7MYA,freehold-new-jersey
https://www.ubereats.com/new-jersey/food-delivery/forks-and-knives/2lotxNNrSaS1pS8Y5Y8LkA,freehold-new-jersey
https://www.ubereats.com/new-jersey/food-delivery/pizza-hut-4339-us-highway-9/18QJJh_yRDKoM24fqVnBiA,freehold-new-jersey
https://www.ubereats.com/new-jersey/food-delivery/nathans-famous-3710-route-9-south/v_5LycwaTt6iLxMRx_xXCA,freehold-new-jersey
https://www.ubereats.com/new-jersey/food-delivery/istanbul-kasap-house/Mc0A6LNRQnatCFktPZ4ojA,freehold-new-jersey
https://www.ubereats.com/new-jersey/food-delivery/woodys-roadhouse/V6PS0q7KSySMGVrMhWRSfw,freehold-new-jersey
https://www.ubereats.com/new-jersey/food-delivery/four-boys-ice-cream/ArylTOuFSrCLNgukAcn_uQ,freehold-new-jersey
https://www.ubereats.com/new-jersey/food-delivery/new-york-fried-chicken-%26-pizza/U9ko2NADRQ-qStQX0t3B2w,freehold-new-jersey
https://www.ubereats.com/new-jersey/food-delivery/dunkin-4199-route-9-n/orVzfUm3T0WCWdTcI4D18g,freehold-new-jersey
https://www.ubereats.com/new-jersey/food-delivery/subway-326-w-main-st/eER5F4UHQdWKVgEpAN8YAg,freehold-new-jersey
https://www.ubereats.com/new-jersey/food-delivery/pantry-1/Zx_AW6gnQi237bvOf_vdeg,freehold-new-jersey
https://www.ubereats.com/new-jersey/food-delivery/manhattan-bagel-freehold/sJfhh01pS8m5w4Cg19Xjzw,freehold-new-jersey
https://www.ubereats.com/new-jersey/food-delivery/tommys-tavern-%2B-tap-freehold/x9whdoJ0QIi7T2Cp1Q4ZPw,freehold-new-jersey
https://www.ubereats.com/new-jersey/food-delivery/6-12-food-store/l2Ch0DTcRaKnuJ56A0ylwg,freehold-new-jersey
https://www.ubereats.com/new-jersey/food-delivery/glatt-gourmet/YLJ9snsrQe2j3BxVFYbq4A,freehold-new-jersey
https://www.ubereats.com/new-jersey/food-delivery/qdoba-mexican-eats-3710-route-9/xMRTYbgeRb-A3MgQ6faRog,freehold-new-jersey
https://www.ubereats.com/new-jersey/food-delivery/caribbean-vibes/MibaqFQWT0qtvcsbv-m_iQ,freehold-new-jersey
https://www.ubereats.com/new-jersey/food-delivery/solo-bella/vvq2Vjr2QT6gb307AmXd8Q,freehold-new-jersey
https://www.ubereats.com/new-jersey/food-delivery/all-seasons-diner-2/pz25iR-EQjy2YrtM4QwkPA,freehold-new-jersey
https://www.ubereats.com/new-jersey/food-delivery/jersey-mikes-3950-route-9-%26-aldrich-road/X0CapEC0SaSzH2msN6Hyzg,freehold-new-jersey
https://www.ubereats.com/new-jersey/food-delivery/aiellos-of-brooklyn/z4VSqc5pSIKndt6mLx-0IA,freehold-new-jersey
https://www.ubereats.com/new-jersey/food-delivery/bangkok-bistro/Pgac-8XRTN28RoTw9h9h6w,freehold-new-jersey
https://www.ubereats.com/new-jersey/food-delivery/tandoor/X4DWAVZuSsuIAJeNORSRCg,freehold-new-jersey
https://www.ubereats.com/new-jersey/food-delivery/mrs-kumars-homestyle-indian-cuisine-%26-curry-point/S3yrWuBMS_6IkUBzw2Zztw,freehold-new-jersey
https://www.ubereats.com/new-jersey/food-delivery/panini-grill-freehold/_Ta1p496SN-fujGUjXG2Vg,freehold-new-jersey
https://www.ubereats.com/new-jersey/food-delivery/dunkin-460-county-rd-520/qdwHtSnySQWDbpSWzcQu_Q,freehold-new-jersey
https://www.ubereats.com/new-jersey/food-delivery/starbucks-route-537-freehold/-Ppx5PkvQR2LB42NUB5c4g,freehold-new-jersey
https://www.ubereats.com/new-jersey/food-delivery/turning-point-of-manalapan/1SJqJSPxSE2SZDaZOZOk4w,freehold-new-jersey
https://www.ubereats.com/new-jersey/food-delivery/joseph-and-david/VjJsV9J-RsW-N7MMRdrfUg,freehold-new-jersey
https://www.ubereats.com/new-jersey/food-delivery/charleys-philly-steaks-3710-us-hwy-no-9/a5vF_QkeRsyrE-VlXiYIuw,freehold-new-jersey
https://www.ubereats.com/new-jersey/food-delivery/anthonys-coal-fired-pizza-98-us-highway-9/xWS5PfjmQpq_8szoVwBSZA,freehold-new-jersey
https://www.ubereats.com/new-jersey/food-delivery/dairy-queen-treat-701-park-ave/BFsgpOVARd2dI79-14XJ5A,freehold-new-jersey
https://www.ubereats.com/new-jersey/food-delivery/new-city-food-market/0v6Jb2nWTveA2VTPO44lHQ,freehold-new-jersey
https://www.ubereats.com/new-jersey/food-delivery/carvel-460-county-road-520-e/Bnaus1VDShWZAdwZAjWk9A,freehold-new-jersey
https://www.ubereats.com/new-jersey/food-delivery/wendys-3647-route-9/uwOIVTa_RSmQAcNNOuoBvg,freehold-new-jersey
https://www.ubereats.com/new-jersey/food-delivery/marlboro-diner/Xvo5tHmfS5yflI5w7nciMA,freehold-new-jersey
https://www.ubereats.com/new-jersey/food-delivery/manalapan-diner/joLTne7jSmujyL_7cupNjA,freehold-new-jersey
https://www.ubereats.com/new-jersey/food-delivery/dunkin-2-ryan-road/GjdhbD4XSq-81tDXD3F1dg,freehold-new-jersey
https://www.ubereats.com/new-jersey/food-delivery/dunkin-1994-route-9/Ro0T3pMgRQWYU4krHLqnSA,freehold-new-jersey
https://www.ubereats.com/new-jersey/food-delivery/white-castle-2151-us-hwy-9/-R2sb36pSMar8mvD0AX2iQ,freehold-new-jersey
https://www.ubereats.com/new-jersey/food-delivery/auntie-annes-3710-route-9-space-f-200/jlR6bu0QRB2fPREqBsiq_g,freehold-new-jersey
https://www.ubereats.com/new-jersey/food-delivery/the-indian-snob/vUbn-2uDSZupsBofYSrl_w,freehold-new-jersey
https://www.ubereats.com/new-jersey/food-delivery/solo-trattoria/ZYzCKsO3SX2Oljsw7CMaUQ,freehold-new-jersey
https://www.ubereats.com/new-jersey/food-delivery/all-star-bagels/kvyMe0xkTkKBTIiR0MMoUg,freehold-new-jersey
https://www.ubereats.com/new-jersey/food-delivery/cold-stone-creamery-67-us-highway-9/eflhYF5DRN23mk26yLY88w,freehold-new-jersey
https://www.ubereats.com/new-jersey/food-delivery/zaytouna-mediterranean-grill/6ZltZU-MRFuAsIcV4PlQuw,freehold-new-jersey
https://www.ubereats.com/new-jersey/food-delivery/dunkin-14-wilson-ave/WwHTsRykSfaapr24QMXCwQ,freehold-new-jersey
https://www.ubereats.com/new-jersey/food-delivery/empanada-guy/OZHC6m0PT4CAGzGgnl84hA,freehold-new-jersey
https://www.ubereats.com/new-jersey/food-delivery/bagel-exchange/j3rDaO4BQ-KdPoe6CIew-g,freehold-new-jersey
https://www.ubereats.com/new-jersey/food-delivery/bagel-king/iifYYAMyRCquuYzbdrbEsg,freehold-new-jersey
https://www.ubereats.com/new-jersey/food-delivery/vincents-italian-restaurant/SgP3c7ngQNu4jn6vLLdvvQ,freehold-new-jersey
https://www.ubereats.com/new-jersey/food-delivery/moms-golden-griddle/JR0-zJWeRD2cDgFzcxg2EQ,freehold-new-jersey
https://www.ubereats.com/new-jersey/food-delivery/frutta-bowls-howell/2gqJdBvwSw6piX5AozMxvA,freehold-new-jersey
https://www.ubereats.com/new-jersey/food-delivery/starbucks-rte-9-marlboro/kdaO-1-AR164YnPsUSM1DQ,freehold-new-jersey
https://www.ubereats.com/new-jersey/food-delivery/the-ice-cream-shop/lJBNS30yQdGvS_yGJ0Gbvg,freehold-new-jersey
https://www.ubereats.com/new-jersey/food-delivery/edible-arrangements-edible-arrangements-3338-us-9-10-freehold/f7-eUp26Qg-dlF05gI84aw,freehold-new-jersey
https://www.ubereats.com/new-jersey/food-delivery/frutta-bowls/t4Jl1O0mQkargftxRnq76A,freehold-new-jersey
https://www.ubereats.com/new-jersey/food-delivery/persis-indian-grill-applegarth-rd/zgLQ6ksDTKeCwQY9tB5UHw,freehold-new-jersey
https://www.ubereats.com/new-jersey/food-delivery/sultan-wok-englishtown/fyRAM2dWQreOngSs9r7-Yg,freehold-new-jersey
https://www.ubereats.com/new-jersey/food-delivery/pokok-southeast-asian-thai-cusine/MvmDjoSuQeGDzOJYdz04Ew,freehold-new-jersey
https://www.ubereats.com/new-jersey/food-delivery/sals-gourmet-pizza-%26-pasta/eQJCtTU2Qh2lKMXxsBpEjw,freehold-new-jersey
https://www.ubereats.com/new-jersey/food-delivery/sbarro-3710-route-9/ajVBDI_5SwGhEiE0YemwSg,freehold-new-jersey
https://www.ubereats.com/new-jersey/food-delivery/mcdonalds-16-wilson-ave/PO-vTmJvTa2W9S28MNDudQ,freehold-new-jersey
https://www.ubereats.com/new-jersey/food-delivery/new-wine-restaurant/tdlceVBjTDSbeoTfiO-CtQ,freehold-new-jersey
https://www.ubereats.com/new-jersey/food-delivery/mcdonalds-3636-rt-9/W3eYg9POSwiDHaFR0eNLhw,freehold-new-jersey
https://www.ubereats.com/new-jersey/food-delivery/collingwood-sub-shop/5QCA5gigQqiyx4GZJzOduA,freehold-new-jersey
https://www.ubereats.com/new-jersey/food-delivery/perkins-family-restaurant/K3NUx4MbSy-KWcejuzGRLQ,freehold-new-jersey
https://www.ubereats.com/new-jersey/food-delivery/planet-of-the-crepes/U2v5UK0_QS6B6xxbzD_yMw,freehold-new-jersey
https://www.ubereats.com/new-jersey/food-delivery/christies-italian-seafood-grill/6woY9Bx2TR2YDmyc2Uam-Q,freehold-new-jersey
https://www.ubereats.com/new-jersey/food-delivery/yama-sushi/wBgd650TTXKnDS5QOoLgUg,freehold-new-jersey
https://www.ubereats.com/new-jersey/food-delivery/turicios-pizza/Q9Gjw3TuQ9alOjt8D4jSGA,freehold-new-jersey
https://www.ubereats.com/new-jersey/food-delivery/burger-boys/T71iWTMZTa-FMn5_gVlfmQ,freehold-new-jersey
https://www.ubereats.com/new-jersey/food-delivery/big-bobs-philly-cheesesteaks/AjbGSrA9TsCOvUywGSl3KA,freehold-new-jersey
https://www.ubereats.com/new-jersey/food-delivery/saladworks-341-w-main-street/_gOkhFq3Rw-FGsdbqyteJA,freehold-new-jersey
https://www.ubereats.com/new-jersey/food-delivery/taco-bell-3810-rt-9-s/TUoz3o_USB-gDdeFHhDqig,freehold-new-jersey
https://www.ubereats.com/new-jersey/food-delivery/pantry-1-deli-%26-grill/x3YfheixRWW8c1u7SVPwiA,freehold-new-jersey
https://www.ubereats.com/new-jersey/food-delivery/cuzzins-pizza-freehold/2LVFvb_SQtqy1w3_BMluXQ,freehold-new-jersey
https://www.ubereats.com/new-jersey/food-delivery/big-city-bagels-%26-nathans-famous/s4AQJaXRQV6_fa4hhEQBmA,freehold-new-jersey
https://www.ubereats.com/new-jersey/food-delivery/el-sombrero-mexican-restaurant/3HuGziL4TLi1vjbBnDrqog,freehold-new-jersey
https://www.ubereats.com/new-jersey/food-delivery/sawan-indian-cuisine/19jm-eztRLiM76I1rRu15Q,freehold-new-jersey
https://www.ubereats.com/new-jersey/food-delivery/yuzu-kitchen/KqlPxCl8R0ySb7VLEMLjgA,freehold-new-jersey
https://www.ubereats.com/new-jersey/food-delivery/checkers-1992-route-9-%26-west-farms-road/T3BfascERVmpAOFm0JpmkQ,freehold-new-jersey
https://www.ubereats.com/new-jersey/food-delivery/burger-king-3267-route-9-north/Y92bKLFMTXObkn1dptlMNQ,freehold-new-jersey
https://www.ubereats.com/new-jersey/food-delivery/pf-changs-3710-rt-9-suite-2817/WN4lvWejQ5CGJhLW4y_74Q,freehold-new-jersey
https://www.ubereats.com/new-jersey/food-delivery/playa-bowls-marlboro/phAhpBXFROeugbPCRBNEAw,freehold-new-jersey
https://www.ubereats.com/new-jersey/food-delivery/bubbakoos-burritos/QCfKI25ZT26nQgLSYHaMOw,freehold-new-jersey
https://www.ubereats.com/new-jersey/food-delivery/auntie-annes-326-w-main-st/4861TodNRfaWix2wtnIlYQ,freehold-new-jersey
https://www.ubereats.com/new-jersey/food-delivery/smokehouse-grille/5d6nb3I_RgyofqZIboSkZw,freehold-new-jersey
https://www.ubereats.com/new-jersey/food-delivery/buffalo-wild-wings-167-us-9-south/w-yabpd1R_iU_AaNmUJCQw,freehold-new-jersey
https://www.ubereats.com/new-jersey/food-delivery/wawa-784-455-country-rd-520-w/Sn5f-OooQc271qjOGm3TTg,freehold-new-jersey
https://www.ubereats.com/new-jersey/food-delivery/galata-turkish/RWPFsCxxTu-aOKNipTtKkg,freehold-new-jersey
https://www.ubereats.com/new-jersey/food-delivery/kim-all-deli/r4J5Bg-CR2S-lPAsdp7GwQ,freehold-new-jersey
https://www.ubereats.com/new-jersey/food-delivery/chipotle-mexican-grill-323-w-main-st/RucMwLZ2R02tSq471iE-Xw,freehold-new-jersey
https://www.ubereats.com/new-jersey/food-delivery/burger-king-highway-9-%26-schank-road/qWN2_CelQ3OpRl0YNjIz4g,freehold-new-jersey
https://www.ubereats.com/new-jersey/food-delivery/el-burro/4GWK9jq_Re6MaOJadJU-rQ,freehold-new-jersey
https://www.ubereats.com/new-jersey/food-delivery/chipotle-mexican-grill-4733-us-highway-9/EwIQKyugS86poneOJLXDXw,freehold-new-jersey
https://www.ubereats.com/new-jersey/food-delivery/panera-531-soloman-way/c5ZXPr9eShmEgPNuLIWzTg,freehold-new-jersey
https://www.ubereats.com/new-jersey/food-delivery/lobster-house/WCXPUySZS_226osFJ8ll1Q,freehold-new-jersey
https://www.ubereats.com/new-jersey/food-delivery/philly-pretzel-factory-4018-us-9/qm1yRTDhRyam-7AxKl4oMA,freehold-new-jersey
https://www.ubereats.com/new-jersey/food-delivery/barbaras-cookie-pies/uNJytRoJR-KiuXcofov4Pg,freehold-new-jersey
https://www.ubereats.com/new-jersey/food-delivery/haagen-dazs-shop-3710-route-9-shop-%23533/z7LEOQ2LSNybVE5nLDn7sQ,freehold-new-jersey
https://www.ubereats.com/new-jersey/food-delivery/chicken-holiday/PDfaAkF5RKCvOhXPDK-55A,freehold-new-jersey
https://www.ubereats.com/new-jersey/food-delivery/chick-fil-a-3710-us-highway-9-ste-2314/Xsk1L6TtSRKEZYD5ms1fwQ,freehold-new-jersey
https://www.ubereats.com/new-jersey/food-delivery/wawa-910-909-highway-33/dUWIja3PRMmx6JXHxf7NPQ,freehold-new-jersey
https://www.ubereats.com/new-jersey/food-delivery/estys-bestys-vegetarian-eatery/X5ePMmzHQ5axt0eaefrKkg,freehold-new-jersey
https://www.ubereats.com/new-jersey/food-delivery/wawa-993-146-woodward-rd/q295ckVrQbSlfj14dG-ziw,freehold-new-jersey
https://www.ubereats.com/new-jersey/food-delivery/china-1/jLvKhmMzQXmwS8nB3y0SQQ,freehold-new-jersey
https://www.ubereats.com/new-jersey/food-delivery/gloria-jeans-coffee-freehold-raceway-mall/4UIKObPVTNWhsvM3LUeabg,freehold-new-jersey
https://www.ubereats.com/new-jersey/food-delivery/moes-southwest-grill-84-route-9-rd%233/nSQ8WGpKTFyfIIFOgfoW_A,freehold-new-jersey
https://www.ubereats.com/new-jersey/food-delivery/playa-bowls-freehold-mall/obbPUkGlTjie3SoElgx0CQ,freehold-new-jersey
https://www.ubereats.com/new-jersey/food-delivery/9112-bonefish-grill-55-route-9/4gjHcIjHTVqKQouqYFxoXg,freehold-new-jersey
https://www.ubereats.com/new-jersey/food-delivery/that-sushi-spot/FlBqpiGaSX6YpA-HDj8lWg,freehold-new-jersey
https://www.ubereats.com/new-jersey/food-delivery/168-applebees-howell/abfF2c3MQLepQ7-9RqkS9w,freehold-new-jersey
https://www.ubereats.com/new-jersey/food-delivery/eat-a-pita-kosher-israeli-grill/Vrj1vINFRUe2Y8ouwMk29Q,freehold-new-jersey
https://www.ubereats.com/new-jersey/food-delivery/bagel-talk/ULVGxur9TGKGv-lYgYcaKg,freehold-new-jersey
https://www.ubereats.com/new-jersey/food-delivery/159-applebees-manalapan/QNDJ6jvDTxixcAgx5fLJkg,freehold-new-jersey
https://www.ubereats.com/new-jersey/food-delivery/bubbakoos-burritos/g5UR9lIJQuKF4Kw_f0fYvg,freehold-new-jersey
https://www.ubereats.com/new-jersey/food-delivery/jersey-mikes-subs-450-union-hill-road/1Sbuwij_ToiGLmbMBuUc5w,freehold-new-jersey
https://www.ubereats.com/new-jersey/food-delivery/the-oriental-pan-asian-restaurant-rt-9-n/RUOsZPTvQv-oOivMms9LGw,freehold-new-jersey
https://www.ubereats.com/new-jersey/food-delivery/jinli-sichuan-cuisine/dCFc-sm5RKOyI2ButTg45g,freehold-new-jersey
https://www.ubereats.com/new-jersey/food-delivery/frutta-bowls/I-Afr3btQg-UnJpPYBqu8A,freehold-new-jersey
https://www.ubereats.com/new-jersey/food-delivery/jersey-mikes-subs-3528-rt-9-south/det-B2q6R4yKgoV_2EkpCw,freehold-new-jersey
https://www.ubereats.com/new-jersey/food-delivery/taco-bell-3710-us-highway-9/rVtDo4xwQ3--Qlv-qH5oQA,freehold-new-jersey
https://www.ubereats.com/new-jersey/food-delivery/paneer-indian-grill/U2eDqh7hSda9O-7OsJlsLw,freehold-new-jersey
https://www.ubereats.com/new-jersey/food-delivery/dunkin-285-gordons-corner-rd/GVOMy2oxRK-xkGF6ePgODg,freehold-new-jersey
