url,city
https://www.ubereats.com/morgantown-wv/food-delivery/the-cupcakerie/UnU2CefeSyCBzZnAxMYdSQ,morgantown-wv
https://www.ubereats.com/morgantown-wv/food-delivery/scorers-sports-bar-and-restaurant/aYLgN2_VTX2lsh0dT1G6BQ,morgantown-wv
https://www.ubereats.com/morgantown-wv/food-delivery/bsb-house-of-wings-morgantown/-NySiTFiTYCLwqp_aBRW0g,morgantown-wv
https://www.ubereats.com/morgantown-wv/food-delivery/ihop-201-venture-road/Gi3Ar_S9S16T40KeL1Xt4g,morgantown-wv
https://www.ubereats.com/morgantown-wv/food-delivery/panda-express-100-sesame-drive/kUkcF-iYTzGC8xUtgSWTWg,morgantown-wv
https://www.ubereats.com/morgantown-wv/food-delivery/peace-love-and-little-donuts/Te1cMCQHQ-2M4wjAIfhr9w,morgantown-wv
https://www.ubereats.com/morgantown-wv/food-delivery/pies-%26-pints-morgantown/LjiShDPqRyalBO3jf3kP2Q,morgantown-wv
https://www.ubereats.com/morgantown-wv/food-delivery/outback-steakhouse-510-venture-drive/ZV8RVb1WQYSEtTN6xvuo5g,morgantown-wv
https://www.ubereats.com/morgantown-wv/food-delivery/dunkin-725-chestnut-ridge-rd/tfHJ_efHQx60gKEfH5gIMA,morgantown-wv
https://www.ubereats.com/morgantown-wv/food-delivery/qdoba-386-patteson-drive/VhrD-lbDR6-r-XEKUU7jRw,morgantown-wv
https://www.ubereats.com/morgantown-wv/food-delivery/papa-johns-51-donahue-drive-ste111/rlcumBTJTkudvsBWV35O6Q,morgantown-wv
https://www.ubereats.com/morgantown-wv/food-delivery/five-guys-wv-1431-1000-suncrest-town-center-dr/O8pkEvDkSXCYbvpG1ze4iw,morgantown-wv
https://www.ubereats.com/morgantown-wv/food-delivery/the-greeks/RlPJjeG8TMOmbm6nKicPxQ,morgantown-wv
https://www.ubereats.com/morgantown-wv/food-delivery/bubble-fish/PktSKEqdS6q-O0EfjfgLug,morgantown-wv
https://www.ubereats.com/morgantown-wv/food-delivery/boston-beanery/jq6dMV8MTcKCFjM3oRT6Wg,morgantown-wv
https://www.ubereats.com/morgantown-wv/food-delivery/mountain-mamas/1GiN1cp6TbGD_Shulge5_w,morgantown-wv
https://www.ubereats.com/morgantown-wv/food-delivery/colasante%60s-ristorante/aU7uGEP7StyjV24lOgh7tA,morgantown-wv
https://www.ubereats.com/morgantown-wv/food-delivery/taco-bell-347-patteson-dr/EJOkr6ndQb-8IuJDuC736g,morgantown-wv
https://www.ubereats.com/morgantown-wv/food-delivery/tks-fruits-produce-%26-bubble-tea/pVYnwPNYQUSVjJRF8BTzMQ,morgantown-wv
https://www.ubereats.com/morgantown-wv/food-delivery/baby-squirrel-saloon/6CM_0loKQo-sshMCstzdoA,morgantown-wv
https://www.ubereats.com/morgantown-wv/food-delivery/chipotle-mexican-grill-461-high-st/-IA3xxrUTVWIc7JTOF-xRQ,morgantown-wv
https://www.ubereats.com/morgantown-wv/food-delivery/pita-pit-387-high-st/gI1O4dV8SE27DGrvZe5T8w,morgantown-wv
https://www.ubereats.com/morgantown-wv/food-delivery/tim-hortons-1298-suncrest-town-centre-dr/sUWcFh0ISFq5j64k1-l2Rg,morgantown-wv
https://www.ubereats.com/morgantown-wv/food-delivery/saladworks-morgantown/j_AAJ1MYSj6uKyP8CMLPTg,morgantown-wv
https://www.ubereats.com/morgantown-wv/food-delivery/vocelli-1370-university-avenue/l_MhlSylTru8dWQDllxzRQ,morgantown-wv
https://www.ubereats.com/morgantown-wv/food-delivery/wendys-101-sesame-drive/t9KvmilETp-Du8wbZbZYmQ,morgantown-wv
https://www.ubereats.com/morgantown-wv/food-delivery/shake-%26-bake%3A-a-milkshake-%26-cookie-company/IUxxFVX1TuW1fjRJ7QGMyw,morgantown-wv
https://www.ubereats.com/morgantown-wv/food-delivery/starbucks-chestnut-ridge-rd-morgantown/YQ-6-EXOQjqXDCliYioIjQ,morgantown-wv
https://www.ubereats.com/morgantown-wv/food-delivery/dockside-grille/sPtvTySgT5yesfl1DhOfMA,morgantown-wv
https://www.ubereats.com/morgantown-wv/food-delivery/mcdonalds-1820-sturges-st/SrcnDrzlQpeUBMbI9ug83A,morgantown-wv
https://www.ubereats.com/morgantown-wv/food-delivery/the-greene-turtle-morgantown/3CIcJmrZSCWA2O_vvXj9vg,morgantown-wv
https://www.ubereats.com/morgantown-wv/food-delivery/great-american-cookies-morgantown-mall/UobsqVY5S5-Qb48BkV_5DQ,morgantown-wv
https://www.ubereats.com/morgantown-wv/food-delivery/cold-stone-creamery-356-high-street/AHU17XwsR1mULqVM26gw1g,morgantown-wv
https://www.ubereats.com/morgantown-wv/food-delivery/primanti-bros-morgantown/D8Dt2F4_S9ev7qX0MsRVEQ,morgantown-wv
https://www.ubereats.com/morgantown-wv/food-delivery/dairy-queen-grill-%26-chill-2000-memorial-church-dr/Smwr71YARu-SlrthXxzLYQ,morgantown-wv
https://www.ubereats.com/morgantown-wv/food-delivery/wingin-it/G_qOgeIgSNKbxYSEWCtoYg,morgantown-wv
https://www.ubereats.com/morgantown-wv/food-delivery/tropics/MLWBJaIET06-NzBlJzkDCw,morgantown-wv
https://www.ubereats.com/morgantown-wv/food-delivery/wendys-1505-earl-l-core-rd/S0AvXro-SkiRjJRR4EaPDQ,morgantown-wv
https://www.ubereats.com/morgantown-wv/food-delivery/the-pizza-place/9frOKU03Q5K5CE_KQZiGdA,morgantown-wv
https://www.ubereats.com/morgantown-wv/food-delivery/dairy-queen-grill-%26-chill-421-suncrest-town-centr/oX9jFyb-TEubSY4iPGQAMQ,morgantown-wv
https://www.ubereats.com/morgantown-wv/food-delivery/cheesesteak-confidential/yjaQW0MeRHC1fksk8akeog,morgantown-wv
https://www.ubereats.com/morgantown-wv/food-delivery/kfc-5-clear-mountain-way/YlmbrqTBTNaycfVyoPq1Yw,morgantown-wv
https://www.ubereats.com/morgantown-wv/food-delivery/casa-damici/H33mk6YTSQ6RvunHQE3CSw,morgantown-wv
https://www.ubereats.com/morgantown-wv/food-delivery/burger-king-2000-cranberry-square/cRdDaJbfTwitYXEJM0U5gQ,morgantown-wv
https://www.ubereats.com/morgantown-wv/food-delivery/dennys-258-retail-circle/SnCFkT2tQyGuAIaRzoD24w,morgantown-wv
https://www.ubereats.com/morgantown-wv/food-delivery/taco-bell-7-commerce-dr/4rHjczeUQv-VK7C8OGPSzA,morgantown-wv
https://www.ubereats.com/morgantown-wv/food-delivery/saffron-indian-cuisine/luIukIXSQuuBcPy4EEzTNA,morgantown-wv
https://www.ubereats.com/morgantown-wv/food-delivery/get-fit-juices-and-shakes/Bc2yXVJ6QhWq7ufapB04yQ,morgantown-wv
https://www.ubereats.com/morgantown-wv/food-delivery/dp-dough/RyvVTnIJRHGEoQR345CTtw,morgantown-wv
https://www.ubereats.com/morgantown-wv/food-delivery/taco-bell-302-cheat-road/ImBqaXB3T5yl5JPlgzpA6g,morgantown-wv
https://www.ubereats.com/morgantown-wv/food-delivery/dubv-corner-store/Xa9HAfNVRbSf11AkTBPAjQ,morgantown-wv
https://www.ubereats.com/morgantown-wv/food-delivery/panera-202341/D7noP3UMQim1S98t9byrkQ,morgantown-wv
https://www.ubereats.com/morgantown-wv/food-delivery/buffalo-wild-wings-1098-suncrest-town-center-dr/3Mo0FwoxSeS0kIiqPJwydA,morgantown-wv
https://www.ubereats.com/morgantown-wv/food-delivery/mcdonalds-2932-university-ave/4LCX3TqTRfqsmxmNwD2GXw,morgantown-wv
https://www.ubereats.com/morgantown-wv/food-delivery/chaang-thai-restaurant/2ZT9_0jwSfGYUDw7_ABDMQ,morgantown-wv
https://www.ubereats.com/morgantown-wv/food-delivery/tailpipes-restaurant/f-gSvWbARay-RRnOSAcJOA,morgantown-wv
https://www.ubereats.com/morgantown-wv/food-delivery/saffron-indian-grill/7gR-Py8fQjG13ja_smh9xw,morgantown-wv
https://www.ubereats.com/morgantown-wv/food-delivery/almost-heaven-bar-%26-grill/wScHyge4S42t7rjOXfxsQA,morgantown-wv
https://www.ubereats.com/morgantown-wv/food-delivery/wendys-351-patteson-drive/vzZOWyHBSeqnECXD5oVTUA,morgantown-wv
https://www.ubereats.com/morgantown-wv/food-delivery/papa-johns-229-beechurst-avenue/DG7y0YlqSkC7fN5FQALlhQ,morgantown-wv
https://www.ubereats.com/morgantown-wv/food-delivery/smokin-jacks/jeK0HDHPS2-TVDPdsv4r3w,morgantown-wv
https://www.ubereats.com/morgantown-wv/food-delivery/wendys-306-venture-drive/WOUu4uagSWO3AO16kC0AqQ,morgantown-wv
https://www.ubereats.com/morgantown-wv/food-delivery/ihop-475-oakland-street-ste-104/G9hsIDmcT3y7_kZVYg-xFw,morgantown-wv
https://www.ubereats.com/morgantown-wv/food-delivery/hardees-1503033/qtegT40bT8O2gw-f08Mkqw,morgantown-wv
https://www.ubereats.com/morgantown-wv/food-delivery/leftys-place/3TY0B_FAT3KY5skbiJjDYA,morgantown-wv
https://www.ubereats.com/morgantown-wv/food-delivery/high-street-canteen/pL-X9sbyRLS1ONRNcxoJKg,morgantown-wv
https://www.ubereats.com/morgantown-wv/food-delivery/blaze-pizza-525-granville-square-suite-127/jwsN9l6cQPuSihAQQIAmGg,morgantown-wv
https://www.ubereats.com/morgantown-wv/food-delivery/terra-cafe/rNAG06XLQsiQg63CLdfUaw,morgantown-wv
https://www.ubereats.com/morgantown-wv/food-delivery/citi-gyro/CPS3jCzRT06V3P9LyKIajg,morgantown-wv
https://www.ubereats.com/morgantown-wv/food-delivery/burgers-in-bed/u8mxgo3zQCSFx7F_b2l32A,morgantown-wv
https://www.ubereats.com/morgantown-wv/food-delivery/dunkin-1899-earl-l-core-rd/IjJjl2MFSYKbxpe6-el76A,morgantown-wv
https://www.ubereats.com/morgantown-wv/food-delivery/papa-allens-pizza-morgantown/29ASTybeR6qLpCN4p7yLgA,morgantown-wv
https://www.ubereats.com/morgantown-wv/food-delivery/firehouse-subs-1108-giant-street/gNcShTT3QbGGwIha8pIQmg,morgantown-wv
https://www.ubereats.com/morgantown-wv/food-delivery/garcias-grill-at-the-cue/O0j-5RpjSZ6czzQhHKFLVQ,morgantown-wv
https://www.ubereats.com/morgantown-wv/food-delivery/the-captains-boil-512-venture-drive/Dy3N0kcbSYePENul6TRpfg,morgantown-wv
https://www.ubereats.com/morgantown-wv/food-delivery/tudors-biscuit-world/2RK4qevETHy1LDLXolXwhg,morgantown-wv
https://www.ubereats.com/morgantown-wv/food-delivery/mcdonalds-351-suncrest-towne-center-road/F5ostPZxSdaasnP3rZt2pA,morgantown-wv
https://www.ubereats.com/morgantown-wv/food-delivery/roosters/3YcsGQ_EQl-KOT84Kl8xcA,morgantown-wv
https://www.ubereats.com/morgantown-wv/food-delivery/sandwich-university/ZS2U3L70Ro6nFKTG8i4pCA,morgantown-wv
https://www.ubereats.com/morgantown-wv/food-delivery/bob-evans-254-10-lawless-road/dxuoLJRuTJi3Ok2kQM36KQ,morgantown-wv
https://www.ubereats.com/morgantown-wv/food-delivery/jersey-mikes-subs/ImE5t_dbSaSd46IMAyjL3A,morgantown-wv
https://www.ubereats.com/morgantown-wv/food-delivery/rio-verde/GTKD3ohxTjGCFEJuLyGfFg,morgantown-wv
https://www.ubereats.com/morgantown-wv/food-delivery/applebees-1065-van-voorhis-road-%2393028/hlMTwwM7RKC1LKysBfbFkg,morgantown-wv
https://www.ubereats.com/morgantown-wv/food-delivery/cheese-louise/w1jvoVVxT5iKkw4LBBktUw,morgantown-wv
https://www.ubereats.com/morgantown-wv/food-delivery/ruby-tuesday-512-venture-drive/iYVPzCxMQp6Rty4L0ypE6g,morgantown-wv
https://www.ubereats.com/morgantown-wv/food-delivery/get-fit-juices-and-shakes/CTOOOxBNQauGDx5-6VE_7A,morgantown-wv
https://www.ubereats.com/morgantown-wv/food-delivery/crab-shack-caribba/6eHTxZMOQcG7esz2nfWkbg,morgantown-wv
https://www.ubereats.com/morgantown-wv/food-delivery/mcdonalds-100-foxtown-drive/2YusNipxTIqqA--XI48SgA,morgantown-wv
https://www.ubereats.com/morgantown-wv/food-delivery/gees-hot-chicken/AAISwwHTQhyOeW_hkbgxdQ,morgantown-wv
https://www.ubereats.com/morgantown-wv/food-delivery/greatwall/eSwH22wcSKa2EetSZX6BmQ,morgantown-wv
