url,city
https://www.ubereats.com/san-francisco/food-delivery/mountain-mikes-pizza-2130-columbus-pkwy/eaJgNttpQOy6xkHzqVIO2A,american-canyon-california
https://www.ubereats.com/san-francisco/food-delivery/taqueria-rosita/tJ6nq8IRSSilLbBWmCSn2Q,american-canyon-california
https://www.ubereats.com/san-francisco/food-delivery/house-of-soul-restaurant/zVWxqYOPT8e03iphAIP_rg,american-canyon-california
https://www.ubereats.com/san-francisco/food-delivery/cha-am-thai-restaurant/vXDwHfQ3TY-lIyr5ySGGOQ,american-canyon-california
https://www.ubereats.com/san-francisco/food-delivery/starbucks-lincoln-%26-benicia-vallejo/IEFrjC5HRIu04aY0zJZfhQ,american-canyon-california
https://www.ubereats.com/san-francisco/food-delivery/bounty-hunter-wine-bar-%26-smokin-bbq/jzgKJcUtQ8mGuPwsvK0sJQ,american-canyon-california
https://www.ubereats.com/san-francisco/food-delivery/krispy-krunchy-chicken-2180-springs-road/xr33RcBER-yI_M6zwS5Ehw,american-canyon-california
https://www.ubereats.com/san-francisco/food-delivery/red-lobster-1180-admiral-callaghan-lane/ZnHw3Q2sTYqVNMgTRIXUDg,american-canyon-california
https://www.ubereats.com/san-francisco/food-delivery/maggies/hAPiPKXrQH-K7eR_gWGoeg,american-canyon-california
https://www.ubereats.com/san-francisco/food-delivery/starbucks-i-80-%26-admiral-callaghan-vallejo/FscVTZlEQDOa4A3_q14lHQ,american-canyon-california
https://www.ubereats.com/san-francisco/food-delivery/five-star-burger-vallejo/8NJ2dbWxRiqhlGWwrosu3g,american-canyon-california
https://www.ubereats.com/san-francisco/food-delivery/subway-3417-broadway/bdW8fUk8Tg26TSOo8W6Hrw,american-canyon-california
https://www.ubereats.com/san-francisco/food-delivery/applebees-1041-admiral-callaghan-lane-%2376057/zCBW_c5nRrqH7QieFDnexw,american-canyon-california
https://www.ubereats.com/san-francisco/food-delivery/noonies-place/cF_p__fuS0ip9jHGoX1dvg,american-canyon-california
https://www.ubereats.com/san-francisco/food-delivery/mcdonalds-5200-sonoma-blvd/AJKEjV02QISnyRzNdSUMvA,american-canyon-california
https://www.ubereats.com/san-francisco/food-delivery/taj-grill/L33J_dMySfqmhAd-74nnxw,american-canyon-california
https://www.ubereats.com/san-francisco/food-delivery/kfc-295-soscol-ave/-57yraRGTom1GiZNiNvFvQ,american-canyon-california
https://www.ubereats.com/san-francisco/food-delivery/jack-in-the-box-35-admiral-callaghan-ln/wUVBnMOPRFyGRr8VZWvvxw,american-canyon-california
https://www.ubereats.com/san-francisco/food-delivery/black-bear-diner-980-admiral-callaghan-lane/d0Y5jjlBScygdX2Eq08GVQ,american-canyon-california
https://www.ubereats.com/san-francisco/food-delivery/la-selva-taqueria-vallejo/e0FzXHjATOKLm4XcOuX80Q,american-canyon-california
https://www.ubereats.com/san-francisco/food-delivery/stone-brewing-napa/qeABW6__RJ6kYEdQcyIQ2g,american-canyon-california
https://www.ubereats.com/san-francisco/food-delivery/kfc-2150-redwood-street/CfLa22HWQkipI2GFEL_kKw,american-canyon-california
https://www.ubereats.com/san-francisco/food-delivery/szechuan-chinese-cuisine/hmeIryfBRom3cqTLaVje_g,american-canyon-california
https://www.ubereats.com/san-francisco/food-delivery/dennys-250-fairgrounds-dr/su1FrcMiT6maT4ci6fnvaQ,american-canyon-california
https://www.ubereats.com/san-francisco/food-delivery/avow/w_IlgkCWRC685eg7Hf3wcw,american-canyon-california
https://www.ubereats.com/san-francisco/food-delivery/taco-bell-3177-jefferson-street/PIYQ7R5uTxSPdCdYbD_XDA,american-canyon-california
https://www.ubereats.com/san-francisco/food-delivery/sizzler/0b8ZfuoWTTufzxKsazXJ5A,american-canyon-california
https://www.ubereats.com/san-francisco/food-delivery/napa-palisades-saloon/P7VHmAcKRiSm9sc6a5anUQ,american-canyon-california
https://www.ubereats.com/san-francisco/food-delivery/panda-express-255-soscol-ave/Z4G9PM_rQ82h23HbveeS2g,american-canyon-california
https://www.ubereats.com/san-francisco/food-delivery/dragon-valley/dj-hluhQQ7CznHen0oTzsg,american-canyon-california
https://www.ubereats.com/san-francisco/food-delivery/da-bay-ou-shack/WUq6v0GdQbGXRUQUn5Cc6Q,american-canyon-california
https://www.ubereats.com/san-francisco/food-delivery/popeyes-4380-sonoma-blvd/Nkqxhh7KSPuV4Cl3aS3xJQ,american-canyon-california
https://www.ubereats.com/san-francisco/food-delivery/v-town-scoops/H0gMjxwrTiWmhMz0vNTC6w,american-canyon-california
https://www.ubereats.com/san-francisco/food-delivery/dunkin-410-napa-junction-rd-suite-100/2jlxyoJdR1Ka0Co9j8eMQg,american-canyon-california
https://www.ubereats.com/san-francisco/food-delivery/mcdonalds-902-admiral-callaghan-ln/LTUwwOm8QX2MtyK7QfkURg,american-canyon-california
https://www.ubereats.com/san-francisco/food-delivery/churchs-chicken-1920-solano-avenue/9n21yeV8S5CfeAaJ-q03hg,american-canyon-california
https://www.ubereats.com/san-francisco/food-delivery/pizzavsburrito/RKXhfwqiTGyZ5NgPUk9vRg,american-canyon-california
https://www.ubereats.com/san-francisco/food-delivery/mirchi-indian-grill/ivNOHEULQtmvwaB__ZgyzA,american-canyon-california
https://www.ubereats.com/san-francisco/food-delivery/dennys-4355-sonoma-blvd/F6J88fkBT0WlnSJuEChQXQ,american-canyon-california
https://www.ubereats.com/san-francisco/food-delivery/mcdonalds-sec-hwy-29-%26-napa-junction-wm-%231651/lShmaM5-SAaVwWlgjoCFkw,american-canyon-california
https://www.ubereats.com/san-francisco/food-delivery/philhouse/vwCNzSbNQiqCew-SUlVv_g,american-canyon-california
https://www.ubereats.com/san-francisco/food-delivery/coconut-grove/yorZPh2rTx6wWhHDStulgw,american-canyon-california
https://www.ubereats.com/san-francisco/food-delivery/grill-city-vallejo/i6oFV7guSPG_hQra-av5vA,american-canyon-california
https://www.ubereats.com/san-francisco/food-delivery/the-habit-burger-grill-118-plaza-dr/VxzkyQ8_RSWTqW0dB483PQ,american-canyon-california
https://www.ubereats.com/san-francisco/food-delivery/ikes-love-%26-sandwiches/1MmfMGTJSZyarWAPG1swgw,american-canyon-california
https://www.ubereats.com/san-francisco/food-delivery/taco-bell-408-napa-junction-rd/Aj9n4z1MRAC5CuhaEhWPDA,american-canyon-california
https://www.ubereats.com/san-francisco/food-delivery/starbucks-soscol-at-hwy-121-napa/eG5Y0CnCR8uknUzoqJqyLw,american-canyon-california
https://www.ubereats.com/san-francisco/food-delivery/elvias-sazon-mexican-street-food/BlOX1gytQTu7IUfJwVNDJw,american-canyon-california
https://www.ubereats.com/san-francisco/food-delivery/giant-new-york-pizza/XzKITs3FQsSmA_vwOZ6Xtg,american-canyon-california
https://www.ubereats.com/san-francisco/food-delivery/jamba-juice-6050-main-st/0PSkf1idQTWD3guGZuwLBg,american-canyon-california
https://www.ubereats.com/san-francisco/food-delivery/sonic-6055-main-street/UL4h5VW3Q_GhD14-8wem1Q,american-canyon-california
https://www.ubereats.com/san-francisco/food-delivery/jack-in-the-box-1610-lewis-brown-dr/JSyxL4uPRPiyIRDmJPWPVA,american-canyon-california
https://www.ubereats.com/san-francisco/food-delivery/chipotle-mexican-grill-304-soscol-ave-ste-f/Evese8iLTp666nhe0KoFmg,american-canyon-california
https://www.ubereats.com/san-francisco/food-delivery/ihop-114-plaza-dr/pwotY2g6TxuvmGMxBkgGCw,american-canyon-california
https://www.ubereats.com/san-francisco/food-delivery/panda-express-972-admiral-callaghan-lane/CdYrgahMTZyOJyjuxSWSVw,american-canyon-california
https://www.ubereats.com/san-francisco/food-delivery/cold-stone-creamery-173-plaza-dr/YaaLjHXaQ1ukQeD7fLlrpw,american-canyon-california
https://www.ubereats.com/san-francisco/food-delivery/mcdonalds-3289-sonoma-blvd/WOwjiFu_SpG0J472_QlN3g,american-canyon-california
https://www.ubereats.com/san-francisco/food-delivery/la-strada-cucina-italiana/09ro9IbbSQSznkdX4HxM1Q,american-canyon-california
https://www.ubereats.com/san-francisco/food-delivery/round-table-pizza-american-canyon/_rETlHmbT0O7Ps5Cdcuipw,american-canyon-california
https://www.ubereats.com/san-francisco/food-delivery/the-grind-cafe/Wl-FiPO8T9ieHF02Rr6t1Q,american-canyon-california
https://www.ubereats.com/san-francisco/food-delivery/midori-japanese-cuisine/wRvddA43RmSE464NkmYK4A,american-canyon-california
https://www.ubereats.com/san-francisco/food-delivery/dennys-1000-imola-ave/km_INMiJQ3CJoOPB9y3PfQ,american-canyon-california
https://www.ubereats.com/san-francisco/food-delivery/jujus-mediterranean-kitchen/UOgBGaXLQiKXBequwiId2A,american-canyon-california
https://www.ubereats.com/san-francisco/food-delivery/wendys-1001-redwood/N2xu1_ZSRROJWFOTA_cyBA,american-canyon-california
https://www.ubereats.com/san-francisco/food-delivery/subway-1780-tuolumne-st/ALime_d7RZOe_SbWdnEp4Q,american-canyon-california
https://www.ubereats.com/san-francisco/food-delivery/alibertos-jr-fresh-mexican-food/cjMkN1npS0m8mXbAOX5YRw,american-canyon-california
https://www.ubereats.com/san-francisco/food-delivery/jack-in-the-box-107-w-american-cyn-rd/HbYsQpYWRoyF46BXEMbaPw,american-canyon-california
https://www.ubereats.com/san-francisco/food-delivery/chevys-157-plaza-drive/zCZWGrRTTpyr3aUN2JSV_g,american-canyon-california
https://www.ubereats.com/san-francisco/food-delivery/mountain-mikes-pizza/-hNmgSWlT4uHZFEY6L0WzQ,american-canyon-california
https://www.ubereats.com/san-francisco/food-delivery/nations-giant-hamburgers-vallejo/LtNJhifATXmR62ia2_8yaQ,american-canyon-california
https://www.ubereats.com/san-francisco/food-delivery/popeyes-2631-springs-rd/d5IP-sKgRIqiIINK-cMamQ,american-canyon-california
https://www.ubereats.com/san-francisco/food-delivery/subway-879-redwood-st/cp7ItsMbQUeSERs4WXRC0g,american-canyon-california
https://www.ubereats.com/san-francisco/food-delivery/cincos-fresh-mex-grill/8zqVExJKTk6XL0k6XMvqaA,american-canyon-california
https://www.ubereats.com/san-francisco/food-delivery/tacos-jalisco/1HzI_dKPQAqIGPjhNhKvbA,american-canyon-california
https://www.ubereats.com/san-francisco/food-delivery/starbucks-napa-junction-%26-hwy-29/tZvYUPFOSDCIzbuhPcpmlw,american-canyon-california
https://www.ubereats.com/san-francisco/food-delivery/arbys-4445-central-place/-5tFGq7FSpaXb3p7UdoXhQ,american-canyon-california
https://www.ubereats.com/san-francisco/food-delivery/starbucks-american-canyon-%26-highway-29/X6Iv7xeLQWO_mKsAXbl07Q,american-canyon-california
https://www.ubereats.com/san-francisco/food-delivery/jack-in-the-box-400-broadway-st/BnzhhsAdR3ObRfFESoSTrQ,american-canyon-california
https://www.ubereats.com/san-francisco/food-delivery/mountain-mikes-pizza-972-admiral-callaghan-ln/m6aPejBzT7WMTnR_rbu55g,american-canyon-california
https://www.ubereats.com/san-francisco/food-delivery/nations-giant-hamburgers-napa/XH1RDd5jTyOQ5cq-S34gWQ,american-canyon-california
https://www.ubereats.com/san-francisco/food-delivery/dickeys-bbq-pit-1335-w-imola-ave/sPflip1TReuv9tk39XtQPw,american-canyon-california
https://www.ubereats.com/san-francisco/food-delivery/starbucks-i-80-%26-magazine-vallejo/4JQhSnh0SseR6rEX_ctyTg,american-canyon-california
https://www.ubereats.com/san-francisco/food-delivery/los-cantaros-taqueria-american-canyon-ca/VIGCz1bZR4iFUQhOw_NJ6w,american-canyon-california
https://www.ubereats.com/san-francisco/food-delivery/taco-bell-155-soscol-ave/Hts_M3ZcROa_7-HTQQE-5w,american-canyon-california
https://www.ubereats.com/san-francisco/food-delivery/pacifica-pizza-vallejo/y6cofeSqQlCGFxCozaiqiw,american-canyon-california
https://www.ubereats.com/san-francisco/food-delivery/heritage-eats/WXJdUo18R0KfBPPJiQnb8w,american-canyon-california
https://www.ubereats.com/san-francisco/food-delivery/south-villa-chinese-restaurant/5WQHI-VwTZiZNiSlkSpMog,american-canyon-california
https://www.ubereats.com/san-francisco/food-delivery/parrys-pizzaria-%26-restaurant/b8VGzUGSQc2V_ryAIFCV6g,american-canyon-california
https://www.ubereats.com/san-francisco/food-delivery/pho-lee-hoa-phat-2/GnmjPvOqS4CF6hGeUrg31A,american-canyon-california
https://www.ubereats.com/san-francisco/food-delivery/hummingbird-bakery-%26-dessert-bar/HI9UeS_lRQCa50nWmbkOjw,american-canyon-california
https://www.ubereats.com/san-francisco/food-delivery/krispy-krunchy-chicken-1655-tennessee/Dbm2UItIRNG5nzKpwkrsyQ,american-canyon-california
https://www.ubereats.com/san-francisco/food-delivery/panda-express-5075-main-street/r03HwPBqT7uq7mBdM8wvqA,american-canyon-california
https://www.ubereats.com/san-francisco/food-delivery/sushi-grill/C28CvFWIQ-SkSKqKnrkVBA,american-canyon-california
https://www.ubereats.com/san-francisco/food-delivery/la-cuchara/Z8N7ufM9Tz62_zujYTttJQ,american-canyon-california
https://www.ubereats.com/san-francisco/food-delivery/bangkok-island-thai-fusion/yMIn9BGYQPOo4T7SQHNJmg,american-canyon-california
https://www.ubereats.com/san-francisco/food-delivery/mod-pizza-napa-south/wtfsejzuSj-PkUWydoNEqw,american-canyon-california
https://www.ubereats.com/san-francisco/food-delivery/mountain-mikes-pizza-251-pittman-rd/cPm7mWjCTGqy46XYi4deoQ,american-canyon-california
https://www.ubereats.com/san-francisco/food-delivery/pizza-guys-napa/mXXcYGPlTB2shiuv6piYzg,american-canyon-california
https://www.ubereats.com/san-francisco/food-delivery/kfc-1300-georgia-street/UH9pF9mjSHeYWPP5x3IYfQ,american-canyon-california
https://www.ubereats.com/san-francisco/food-delivery/kfc-3246-jefferson-st/YORMBU2pSheiHxX9KQcHEQ,american-canyon-california
https://www.ubereats.com/san-francisco/food-delivery/sunshine-hawaiian-bbq-%26-ramen/2aKLe9MLTxig0ewb-mPCVA,american-canyon-california
https://www.ubereats.com/san-francisco/food-delivery/taqueria-la-costa-del-sol/OEEFmPZzSZixOERxKrIJmg,american-canyon-california
https://www.ubereats.com/san-francisco/food-delivery/mountain-mikes-pizza-4380-sonoma-blvd/9SRCqHXYSxuHCKT1O009ZQ,american-canyon-california
https://www.ubereats.com/san-francisco/food-delivery/kuriosity-kitchen/RZLhpT54Q9ydskDi6kV1Dg,american-canyon-california
https://www.ubereats.com/san-francisco/food-delivery/el-pollo-loco-287-soscol-ave3747/7IeNmlfrTBiIAr5dRAaZPQ,american-canyon-california
https://www.ubereats.com/san-francisco/food-delivery/mariscos-el-sinaloense/3oYsR7shSIGn1ECNdpTzjg,american-canyon-california
https://www.ubereats.com/san-francisco/food-delivery/chipotle-mexican-grill-1195-admiral-callaghan-ln/uNJJu6LmSEGb2xAPCGIWIw,american-canyon-california
https://www.ubereats.com/san-francisco/food-delivery/bag-o-crab/Eop0Dw58TPKDeLkbpWvhVg,american-canyon-california
https://www.ubereats.com/san-francisco/food-delivery/mod-pizza-vallejo/bpu_bQxbSgKLftS83lgGzQ,american-canyon-california
https://www.ubereats.com/san-francisco/food-delivery/mountain-mikes-pizza-410-napa-junction-road-suite-106/vftztC97SZaLLBjhA-BclQ,american-canyon-california
https://www.ubereats.com/san-francisco/food-delivery/chipotle-mexican-grill-1715-trancas-st-ste-d/w_xtXBZMSXOSWhH3Ex8PMQ,american-canyon-california
https://www.ubereats.com/san-francisco/food-delivery/subway-968-e-admiral-callaghan-ln/nGwTPzvaTjiAiUPAD0bJOQ,american-canyon-california
https://www.ubereats.com/san-francisco/food-delivery/extra-mile-3062/KvNf3k50Ski2nB9iUBx6xw,american-canyon-california
https://www.ubereats.com/san-francisco/food-delivery/wendys-4447-central-place/8c1k5MjuTgmJsoK4I4hZ7w,american-canyon-california
https://www.ubereats.com/san-francisco/food-delivery/jack-in-the-box-4362-850-w-imola-ave/BXesmp3qSK6nwtU-h8RqMw,american-canyon-california
