url,city
https://www.ubereats.com/bakersfield/food-delivery/baja-fresh-ming/8ydrhtU2S0WXWo1cMp5wDw,bakersfield
https://www.ubereats.com/bakersfield/food-delivery/spencers-cafe/lE0wuKFZQtGFfiTvHbkt7w,bakersfield
https://www.ubereats.com/bakersfield/food-delivery/tbaar-5438-stockdale-hwy-ca/QE74SKWMRm24YXUKgvNVvw,bakersfield
https://www.ubereats.com/bakersfield/food-delivery/bankshots/GDhdx992QHudZfwheBXzEw,bakersfield
https://www.ubereats.com/bakersfield/food-delivery/dunkin-1211-allen-rd-suite-300/ERuVjZCoRx2RkB64BW397Q,bakersfield
https://www.ubereats.com/bakersfield/food-delivery/mcdonalds-1000-real-rd/fJIDvUwlT7-Mp9RQXpvShw,bakersfield
https://www.ubereats.com/bakersfield/food-delivery/papa-johns-1525-columbus-street-%23300/yx3TsN_yQculAO-SfChB0w,bakersfield
https://www.ubereats.com/bakersfield/food-delivery/chipotle-mexican-grill-5321-gosford-rd/65E_SOlJSguj6KszmyoXBQ,bakersfield
https://www.ubereats.com/bakersfield/food-delivery/popeyes-louisiana-kitchen-9606-rosedale-hwy/ZFw9NotNSo2u4YtHq6Zp3Q,bakersfield
https://www.ubereats.com/bakersfield/food-delivery/brookside-market/4hER6Xu1QlSrDP1VEF7KLg,bakersfield
https://www.ubereats.com/bakersfield/food-delivery/cubbies-chicago-style-pizza/iTQQKwFSToCGtaAG3Bt5qg,bakersfield
https://www.ubereats.com/bakersfield/food-delivery/kfc-6320-white-ln/AXoS0g3cR6uptr8seyEeyg,bakersfield
https://www.ubereats.com/bakersfield/food-delivery/kfc-2674-mount-vernon-avenue/dMk70t-LQwKhHh9_izLPyg,bakersfield
https://www.ubereats.com/bakersfield/food-delivery/burger-king-2508-white-lane/RKN_3ShATiuWRPpfRzJZhw,bakersfield
https://www.ubereats.com/bakersfield/food-delivery/taj-mahal-cuisine-of-india/R52OwZSNQOKfVQEYnHgnGQ,bakersfield
https://www.ubereats.com/bakersfield/food-delivery/taco-bell-2433-n-chester-ave/dK46UxyHRVCj1kokaNvYWg,bakersfield
https://www.ubereats.com/bakersfield/food-delivery/mcdonalds-1607-panama-lane/Zq5F4NEeSh2SxFq4Fap8cw,bakersfield
https://www.ubereats.com/bakersfield/food-delivery/burgerim/XwFNhEsiRtqIsdo3hmQZ6g,bakersfield
https://www.ubereats.com/bakersfield/food-delivery/tacos-la-villa-mexican-grill-chester-ave/C2Ovi0e_TgmjXJttDpM-lg,bakersfield
https://www.ubereats.com/bakersfield/food-delivery/burger-king-3302-california-avenue/TPziKdIZRVS0byieTxMczA,bakersfield
https://www.ubereats.com/bakersfield/food-delivery/creamistry-bakersfield/CCUfxbo3QRSzFggT_-ibrQ,bakersfield
https://www.ubereats.com/bakersfield/food-delivery/mr-clamato/rNF_cbiOTlWtguqCHiyrog,bakersfield
https://www.ubereats.com/bakersfield/food-delivery/tacos-las-salsas-18th-street/ZayAf68TTPekTJsFguB3ug,bakersfield
https://www.ubereats.com/bakersfield/food-delivery/subway-4106-california-ave/VbOsO3GxSk2cffiGBMoB-Q,bakersfield
https://www.ubereats.com/bakersfield/food-delivery/hon-ramen/D69tgx5wTTmOxPrfNlCoJQ,bakersfield
https://www.ubereats.com/bakersfield/food-delivery/taco-bell-9640-hageman-rd/z2ZIHbmCSVORgPEgSRW7uQ,bakersfield
https://www.ubereats.com/bakersfield/food-delivery/black-bear-diner-4102-california-avenue/UEpmTueOSPugvO9bo7Y7bg,bakersfield
https://www.ubereats.com/bakersfield/food-delivery/jack-in-the-box-6815-stine-rd/ds8MCOrdTFKNjO52D0YqPA,bakersfield
https://www.ubereats.com/bakersfield/food-delivery/ruby-thai-kitchen/i4CiHEooT8eR0qxA5z9kcQ,bakersfield
https://www.ubereats.com/bakersfield/food-delivery/five-guys-ca-0687-2701-calloway-dr/-K_PiOGwTY6XfmxDe0O-5Q,bakersfield
https://www.ubereats.com/bakersfield/food-delivery/subway-3603-coffee-rd/RkzcAOPtR7iejNhMDPvK8w,bakersfield
https://www.ubereats.com/bakersfield/food-delivery/j%26ms-cafe-bar-%26-grill/P4pE2cc-RBaX9ppB_pZ2DA,bakersfield
https://www.ubereats.com/bakersfield/food-delivery/super-taco-1300-e-truxtun-ave/qWOVhj9BSPiJG2Xa0ahpMw,bakersfield
https://www.ubereats.com/bakersfield/food-delivery/yoshinoya-1519-white-lane/xrFPl43NTHG5nd1uGiwobw,bakersfield
https://www.ubereats.com/bakersfield/food-delivery/santiagos-grill-%26-seafood/twtO-VJpSSOBSVXC7CBnig,bakersfield
https://www.ubereats.com/bakersfield/food-delivery/toro-sushi/lB9WJaZ0Spuo9GBn4VLrqg,bakersfield
https://www.ubereats.com/bakersfield/food-delivery/india-bistro/6XUkJ77VQz2RkWrcgJ3v3Q,bakersfield
https://www.ubereats.com/bakersfield/food-delivery/jack-in-the-box-416-weedpatch-ln/R9OJB8mMSCKIwOiUGe-zZg,bakersfield
https://www.ubereats.com/bakersfield/food-delivery/wikis-wine-dive/N2x6OcocQHy7_EcCjFiwWA,bakersfield
https://www.ubereats.com/bakersfield/food-delivery/wok-on-fire/Zfk4ciktRPatApg6nAa2Tg,bakersfield
https://www.ubereats.com/bakersfield/food-delivery/el-chilito-bakersfield/Fd5UoOAzS6mlLmGde3k_aw,bakersfield
https://www.ubereats.com/bakersfield/food-delivery/mountain-mikes-pizza-brimhall/XWchTMqhRiWqrn6TN_sjhg,bakersfield
https://www.ubereats.com/bakersfield/food-delivery/dos-tacos/iKAwVqWPRUGhnFuGWIosDw,bakersfield
https://www.ubereats.com/bakersfield/food-delivery/pizzarev-gosford-village/_6rI8EfkTvqAwZJ3xLF58Q,bakersfield
https://www.ubereats.com/bakersfield/food-delivery/jersey-mikes-subs-5120-stockdale-highway/RfCxQ9EWQg69iIKA5kaPkQ,bakersfield
https://www.ubereats.com/bakersfield/food-delivery/wendys-2501-n-chester/ZTbBLddBTzq_fTWWKFxf8w,bakersfield
https://www.ubereats.com/bakersfield/food-delivery/popeyes-louisiana-kitchen-4360-gosford-rd/lZlm3QVAR-2SoPkr-vMhVA,bakersfield
https://www.ubereats.com/bakersfield/food-delivery/panda-express-2200-panama-lane/cDtOT1IyQqS37OqET_5G6Q,bakersfield
https://www.ubereats.com/bakersfield/food-delivery/mcdonalds-4601-coffee-rd/sQvm2KC0TlquadRjljnRKg,bakersfield
https://www.ubereats.com/bakersfield/food-delivery/barringtons-jamaican-kitchen/9jy_-CS6RYu60xZ43VGMnw,bakersfield
https://www.ubereats.com/bakersfield/food-delivery/the-18hundred/-wiQGh0YQfa3Cpic0wICEA,bakersfield
https://www.ubereats.com/bakersfield/food-delivery/birrieria-taco-rojo/qBjULjnAS9iNnSYgmg177g,bakersfield
https://www.ubereats.com/bakersfield/food-delivery/del-taco-8270-rosedale-hwy/VMaJa7PpTiee5Z3_GeKhRg,bakersfield
https://www.ubereats.com/bakersfield/food-delivery/subway-2200-white-lane/q83drkO-R1mVmvPxxzTayg,bakersfield
https://www.ubereats.com/bakersfield/food-delivery/el-pollo-loco-3701-california-ave3475/7HPP2zkWSyWlTGyEMqW8Ow,bakersfield
https://www.ubereats.com/bakersfield/food-delivery/fosters-freeze-3619-stockdale-hwy/IUQBzHUnQkG1XooWjRSk6Q,bakersfield
https://www.ubereats.com/bakersfield/food-delivery/kellys-tandoori-grill/TpaUERBgSWWRmfZchVY9sA,bakersfield
https://www.ubereats.com/bakersfield/food-delivery/pita-paradise-food-truck/MGJ1k87aT7qUUIi0PT00pg,bakersfield
https://www.ubereats.com/bakersfield/food-delivery/slice-of-italy/lewzUzjFTUq1JKoR2-tPrA,bakersfield
https://www.ubereats.com/bakersfield/food-delivery/sushi-kato-japanese-restaurant/C1xn-dkLSZqK5LdZ-otW9A,bakersfield
https://www.ubereats.com/bakersfield/food-delivery/rolls-and-grill/g67JDx-3S5GPzyAP3IR4OQ,bakersfield
https://www.ubereats.com/bakersfield/food-delivery/panda-express-2701-ming-ave/U6i51HCYS6GeNjD-CP5grw,bakersfield
https://www.ubereats.com/bakersfield/food-delivery/yogurtland-920-california-ave/_eQYWn7bSM695bYe-TRhQw,bakersfield
https://www.ubereats.com/bakersfield/food-delivery/la-mina-cantina/QiJ4NimWT9W73zCp6tlUBQ,bakersfield
https://www.ubereats.com/bakersfield/food-delivery/brazilian-muscle-bowls/SG3Z8lgPThW6jpoquOnIOg,bakersfield
https://www.ubereats.com/bakersfield/food-delivery/pizzarev-riverwalk/DW_OFr2hQb2738esJrc9GQ,bakersfield
https://www.ubereats.com/bakersfield/food-delivery/papa-hills-fish-grill/OKj1YKsSR7WkmFLILc1i5A,bakersfield
https://www.ubereats.com/bakersfield/food-delivery/sams-burger/ETRUChVzRYaTM0UQEOniKw,bakersfield
https://www.ubereats.com/bakersfield/food-delivery/tengu-ramen/L-aB2fz2Q6KeXbXo4_8nmw,bakersfield
https://www.ubereats.com/bakersfield/food-delivery/starbucks-3835-ming-ave/V5jSc5n2TQqdQSk5eE1DIg,bakersfield
https://www.ubereats.com/bakersfield/food-delivery/jamba-juice-5397-gosford-rd-bakersfield-ca-93313/S2LZUls4SaCqxj-xYJgKCA,bakersfield
https://www.ubereats.com/bakersfield/food-delivery/starbucks-5041-gosford-road-100/cI8j7I4LQcCHylXcshJr3g,bakersfield
https://www.ubereats.com/bakersfield/food-delivery/thai-house/UYEIct7EQ4CxlshStCeMhw,bakersfield
https://www.ubereats.com/bakersfield/food-delivery/bjs-restaurant-%26-brewhouse-10750-stockdale-hwy/paPqNdDqRqOv5axrUAjeMw,bakersfield
https://www.ubereats.com/bakersfield/food-delivery/sultans-mediterranean-grill/XNoTIk2XQbC5gWNpFwQ7fQ,bakersfield
https://www.ubereats.com/bakersfield/food-delivery/so-cal-tamal-%26-churro-co/YZzDIugDQwqSYqAXXP7HOw,bakersfield
https://www.ubereats.com/bakersfield/food-delivery/starbucks-4420-coffee-road-unit-b/-DbdwWLUR2SNhyLeOHCecQ,bakersfield
https://www.ubereats.com/bakersfield/food-delivery/subway-5153-ming-ave/k-zCfap_Rbi-HtWkFg1G1A,bakersfield
https://www.ubereats.com/bakersfield/food-delivery/frostees-burger-%26-ice-cream/AMg3i4DCQUuAc7qJEUSpRw,bakersfield
https://www.ubereats.com/bakersfield/food-delivery/del-taco-2518-white-lane/9UtDpFcdS8qjHb_ja5UmBw,bakersfield
https://www.ubereats.com/bakersfield/food-delivery/romanos-macaroni-grill-bakersfield/6pitUC5XRGinz-b4fEbh4w,bakersfield
https://www.ubereats.com/bakersfield/food-delivery/taco-bell-4675-ming-ave/LoXxLHkCSFSGYffg7TJjPA,bakersfield
https://www.ubereats.com/bakersfield/food-delivery/hot-pizza-and-wings/a5J7NpGCRV65t2tj6d4Apg,bakersfield
https://www.ubereats.com/bakersfield/food-delivery/monarca-ice-cream-and-crepes/WaQFwSZrRrml8qSY6xc9Mw,bakersfield
https://www.ubereats.com/bakersfield/food-delivery/mcdonalds-356-weedpatch-hwy/EPrFr2yqS0GXCUd4tkUMYQ,bakersfield
https://www.ubereats.com/bakersfield/food-delivery/prime-time-bbq-butcher-shop-%26-catering/aDwBXFFeSIq83-IGq_syrw,bakersfield
https://www.ubereats.com/bakersfield/food-delivery/checkers-3009-calloway-drive/OdRp9WZrQciVjl5bRM97xg,bakersfield
https://www.ubereats.com/bakersfield/food-delivery/starbucks-13133-rosedale-hwy/S-dWimKJSe2c9Lirjd2peQ,bakersfield
https://www.ubereats.com/bakersfield/food-delivery/reading-cinemas-valley-plaza/Aj9zEL7FQRG7E8Gu-nlovw,bakersfield
https://www.ubereats.com/bakersfield/food-delivery/dennys-8710-rosedale-hwy/CQ8Ff3N6TOmVD9sgPNB6Ew,bakersfield
https://www.ubereats.com/bakersfield/food-delivery/ihop-3252-riverside-dr/o1cDJPvASwK3OYVx8THJKQ,bakersfield
https://www.ubereats.com/bakersfield/food-delivery/chesters-chicken-2201-s-union-ave/L3NcQb6fQkqrssHbTuZlTg,bakersfield
https://www.ubereats.com/bakersfield/food-delivery/cataldos-pizzeria/mPupbOTZQ9WBWLTFHct5WA,bakersfield
https://www.ubereats.com/bakersfield/food-delivery/baskin-robbins-white-ln/SHAA55N6RZqgSCRpkEaomA,bakersfield
https://www.ubereats.com/bakersfield/food-delivery/starbucks-10610-stockdale-hwy-suite-200/mNCpdvIUSfqCxUGdBR-POA,bakersfield
https://www.ubereats.com/bakersfield/food-delivery/dickeys-barbecue-restaurants-inc-3505-coffee-road/60il3FZpRMKEAzif9BDS7Q,bakersfield
https://www.ubereats.com/bakersfield/food-delivery/rubios-9200-rosedale-hwy/ufBx5rKWRHKVkSuF8yJh2g,bakersfield
https://www.ubereats.com/bakersfield/food-delivery/cafe-crepes/6iM_WUMWSveaDkLvqouC5Q,bakersfield
https://www.ubereats.com/bakersfield/food-delivery/sequoia-sandwich-company-18th-st/YN835uOsRhiw1wA9i60w4Q,bakersfield
https://www.ubereats.com/bakersfield/food-delivery/garrisons-seafood-express/Z-nLcoisRCyRrgaycHfERA,bakersfield
https://www.ubereats.com/bakersfield/food-delivery/la-fonda-mexican-grill-%26-cantina/CcYDcMaUQ-O99TeM4yjo8w,bakersfield
https://www.ubereats.com/bakersfield/food-delivery/pops-drive-in-3200-niles/RZMI3hTOTBC6TjzDrp_urA,bakersfield
https://www.ubereats.com/bakersfield/food-delivery/taqueria-los-altos/1LCEHHbuRfuYPh1GeUaVFg,bakersfield
https://www.ubereats.com/bakersfield/food-delivery/rock-%26-wings/laOjIyl_TlGkY0lEGtFdug,bakersfield
https://www.ubereats.com/bakersfield/food-delivery/sushinola-coca-cola/QuNDT8WpReeQKgybv7CGDA,bakersfield
https://www.ubereats.com/bakersfield/food-delivery/del-taco-2315-eye-street/1TylrTIJTqeOhSVm-4mdLw,bakersfield
https://www.ubereats.com/bakersfield/food-delivery/cataldos-pizzeria-roberts-ln/Uj7-tFaTQbminvcCffdJvA,bakersfield
https://www.ubereats.com/bakersfield/food-delivery/rio-acai-bowls-gosford/RJi4t9iPQLm0XALY_8nJuw,bakersfield
https://www.ubereats.com/bakersfield/food-delivery/el-rinconcito-mexican-grill/PPuqRkwXT5uNTVYNdAqS-g,bakersfield
https://www.ubereats.com/bakersfield/food-delivery/happy-wings-bakersfield/7wHafB0_SdSOMR3knZdMTg,bakersfield
https://www.ubereats.com/bakersfield/food-delivery/jack-in-the-box-3002-ming-ave/-PnZsEs-RDSLasDjiqqY9w,bakersfield
https://www.ubereats.com/bakersfield/food-delivery/taco-bell-15-south-h-street/cee0GeVVRyaFc5a9iOlZ5g,bakersfield
https://www.ubereats.com/bakersfield/food-delivery/jin-sushi/aFbAQduFRROkegpkuvX5GQ,bakersfield
https://www.ubereats.com/bakersfield/food-delivery/los-molcajetes/sduaz9HYS9mtjqb5E5fbAg,bakersfield
https://www.ubereats.com/bakersfield/food-delivery/su-casita-bakersfield/Po8gbngAQM22PYu2zmvt5w,bakersfield
https://www.ubereats.com/bakersfield/food-delivery/coldstone-mt-vernon/GwlrsJYYTKmlI6XRABuHDw,bakersfield
https://www.ubereats.com/bakersfield/food-delivery/chick-fil-a-5260-stockdale-hwy/kbdThhSWTeCRJJylrvgvaQ,bakersfield
https://www.ubereats.com/bakersfield/food-delivery/del-taco-4250-ming-ave/AoTYbryBTrOK5ij9DZ4nGw,bakersfield
https://www.ubereats.com/bakersfield/food-delivery/jack-in-the-box-8320-rosedale-hwy/RTO9qdg9SbKLVWFn7r2jfw,bakersfield
https://www.ubereats.com/bakersfield/food-delivery/taco-bell-3707-coffee-rd/S-59HON8Tu28zcZh8QEI2g,bakersfield
https://www.ubereats.com/bakersfield/food-delivery/tacos-la-villa-mexican-grill-state-rd/hf1yWBgZRW-8PAH04bXcug,bakersfield
https://www.ubereats.com/bakersfield/food-delivery/si-senor-grill-bakersfield/RfmhglYbQTCvWRiChu5b_w,bakersfield
https://www.ubereats.com/bakersfield/food-delivery/the-broken-yolk-cafe-buena-vista-rd/NHHRWbKSQ_aIjWc7zdODhA,bakersfield
https://www.ubereats.com/bakersfield/food-delivery/ihop-9220-rosedale-hwy/MZ1QFLpFRsWliFGj6p5c8g,bakersfield
https://www.ubereats.com/bakersfield/food-delivery/viceroy-indian-cuisine-%26-bar/T4TiDWSTQ76nKc5Mj5YspA,bakersfield
https://www.ubereats.com/bakersfield/food-delivery/brazilian-muscle-bowls-olive/sMOyWyC6Rle7A-wdX1r9ew,bakersfield
https://www.ubereats.com/bakersfield/food-delivery/arbys-8290-rosedale-hwy/VFlqGbGhRRK2XfasLZEZsA,bakersfield
https://www.ubereats.com/bakersfield/food-delivery/burger-king-8200-stockdale-hwy/T-QlNio7QG2vybg1JpM5Bw,bakersfield
https://www.ubereats.com/bakersfield/food-delivery/fresco-mexican-grill-california-ave/Q88ZBmLuSMO6fMLU7rZx_A,bakersfield
https://www.ubereats.com/bakersfield/food-delivery/frosty-queen-express/p3Y_nA1KRZ6wgkY36FHnNw,bakersfield
https://www.ubereats.com/bakersfield/food-delivery/la-costa-mariscos/JLhcuLBTRHi-w064Oj1sbQ,bakersfield
https://www.ubereats.com/bakersfield/food-delivery/starbucks-9200-rosedale-hwy-northwest-promenade/sC2rPvXvSzC4dZnrRrsqNg,bakersfield
https://www.ubereats.com/bakersfield/food-delivery/caesars-deli/SoAcptuSSkeuf9t68OrvWg,bakersfield
https://www.ubereats.com/bakersfield/food-delivery/feng-lin-restaurant/8Fd9nWPWRdKD7tL6jDWQew,bakersfield
https://www.ubereats.com/bakersfield/food-delivery/la-cabana-restaurant/bQnwp_RVSZS56pyiV_EfzQ,bakersfield
https://www.ubereats.com/bakersfield/food-delivery/deli-delicious-panama-ln/tgJGb9HrQ2S2OCyH0-bizA,bakersfield
https://www.ubereats.com/bakersfield/food-delivery/the-habit-burger-grill-12900-brimhall-road-suite-300/j-6ItP0hSBe5jXvH6bxKtw,bakersfield
https://www.ubereats.com/bakersfield/food-delivery/new-taj-palace-indian-restaurant/Bh0AKKKXRg6txT08qiQu7Q,bakersfield
https://www.ubereats.com/bakersfield/food-delivery/el-pollo-loco-5030-gosford-road3780/rICGNA4GRzSkoDSif4FMKA,bakersfield
https://www.ubereats.com/bakersfield/food-delivery/taco-bell-6619-panama-lane/uzvbxCtCTOW4Zc-W6mCIBg,bakersfield
https://www.ubereats.com/bakersfield/food-delivery/dennys-4440-gosford-rd/68NWWeB7S9eq3Thxh0tV2w,bakersfield
https://www.ubereats.com/bakersfield/food-delivery/taco-bell-1877-white-lane/5xA2EmsSRh2xxKyycC5Bpw,bakersfield
https://www.ubereats.com/bakersfield/food-delivery/spencers-restaurant-rosedale-hwy/v9v0Bi_IQtCbQ0U3f-QLFw,bakersfield
https://www.ubereats.com/bakersfield/food-delivery/starbucks-420-a-weedpatch-hwy/1cbBtJfiTB-3XFvvjbftug,bakersfield
https://www.ubereats.com/bakersfield/food-delivery/scores-bar-and-grill/pt-ZZ2RjRJ2HfXsgcLJvbw,bakersfield
https://www.ubereats.com/bakersfield/food-delivery/brimstone-%26-farmacy-padre-hotel/deQZK2LTQE68RQ7fL48VeA,bakersfield
https://www.ubereats.com/bakersfield/food-delivery/mcdonalds-1812-n-union-ave/0IKmhF2tSPySY0gXs93iXg,bakersfield
https://www.ubereats.com/bakersfield/food-delivery/jack-in-the-box-3350-stine-rd/QSCG66qXTLubbQeZaAGM_Q,bakersfield
https://www.ubereats.com/bakersfield/food-delivery/flame-and-skewers-mediterranean-restaurant-california-ave/DUVyuf44RImnsbrYWTBb1w,bakersfield
https://www.ubereats.com/bakersfield/food-delivery/california-pizza-kitchen-10150-stockdale-hwy/MB8z0BapShazye_9UPM4mA,bakersfield
https://www.ubereats.com/bakersfield/food-delivery/la-fonda-grill-and-cantina/NidXwEkFT4K3x-WPlELkHA,bakersfield
https://www.ubereats.com/bakersfield/food-delivery/country-club-liquors-%26-delicatessen/7oRJtbDfQWulh2KOlNKQlA,bakersfield
https://www.ubereats.com/bakersfield/food-delivery/togos-5450-stockdale-hwy-bakersfield-ca/G01FzzgRTdi8120k7SsLWQ,bakersfield
https://www.ubereats.com/bakersfield/food-delivery/cafe-med-restaurant-%26-deli/J_ZiSJYJSyahCvsTMl5UlA,bakersfield
https://www.ubereats.com/bakersfield/food-delivery/just-wing-it-9000-ming-ave/yQ-opl60Q4ivsyFDRbJqXQ,bakersfield
https://www.ubereats.com/bakersfield/food-delivery/popeyes-louisiana-kitchen-1221-mount-vernon-ave/53a9xcFWQR2NWLuxt9XLGQ,bakersfield
https://www.ubereats.com/bakersfield/food-delivery/ikes-love-%26-sandwiches-bakersfield-market-place/YwUQ_BtPQtKUevdJb8LBUg,bakersfield
https://www.ubereats.com/bakersfield/food-delivery/jamba-juice-5180-stockdale-hwy-%23a%26b/-H5cj_O_QI-386oz4qc5ng,bakersfield
https://www.ubereats.com/bakersfield/food-delivery/dennys-8011-e-brundage-ln/8o0OnuZdTImuc9Z4gLaw_Q,bakersfield
https://www.ubereats.com/bakersfield/food-delivery/carls-jr-101-s-union-ave/nl15NNeSS36ZOb54GAU7LQ,bakersfield
https://www.ubereats.com/bakersfield/food-delivery/coldstone-rosedale/b5DQCdWcQFSE9lKGKBPb3w,bakersfield
https://www.ubereats.com/bakersfield/food-delivery/byrdies-bake-shop/i2Jlt3lqSDCNqSpwTFxstQ,bakersfield
https://www.ubereats.com/bakersfield/food-delivery/thai2eat/Uy7vLNF_TYumiKyUEs90EA,bakersfield
https://www.ubereats.com/bakersfield/food-delivery/jack-in-the-box-5656-california-ave/c6i1SJ4JSTakPTDR6zG3uA,bakersfield
https://www.ubereats.com/bakersfield/food-delivery/fuegos-taco-shack-and-grill/L5fEPO10QaS7lcdMRfLZ9w,bakersfield
https://www.ubereats.com/bakersfield/food-delivery/subway-1601-panama-lane/BytKWiJFRteajdH2IIOr2Q,bakersfield
https://www.ubereats.com/bakersfield/food-delivery/long-john-silvers/URAs0PaPR8W7OdYUJKwJIQ,bakersfield
https://www.ubereats.com/bakersfield/food-delivery/wendys-2608-oswell-st/fvH6LTPZSqK3XfBqJDRmsA,bakersfield
https://www.ubereats.com/bakersfield/food-delivery/bagels-and-blenderz/CSLlRneWQZih8MdERlNLHw,bakersfield
https://www.ubereats.com/bakersfield/food-delivery/tacos-la-villa-mexican-grill-1400-union-ave/IgkLrx4qQTqjcxzzzguEmQ,bakersfield
https://www.ubereats.com/bakersfield/food-delivery/mariscos-mi-puerto-vallarta/UrRKI9KvRxeK8lps6LwO6Q,bakersfield
https://www.ubereats.com/bakersfield/food-delivery/jack-in-the-box-2641-mount-vernon-ave/NgEjQiqnRrCsc3K-wjvS_g,bakersfield
https://www.ubereats.com/bakersfield/food-delivery/burger-king-35112-merle-haggard-drive/EC2S3C_ZSeuCt2K84djjHA,bakersfield
https://www.ubereats.com/bakersfield/food-delivery/flame-and-skewers-mediterranean-restaurant-coffee-rd/LDDo24CuRdSC2yWjt3fL3g,bakersfield
https://www.ubereats.com/bakersfield/food-delivery/el-pollo-loco-8200-stockdale-hwy3371/82y9-e8ASCGkGD_KQACv-g,bakersfield
https://www.ubereats.com/bakersfield/food-delivery/ocha-thai-restaurant/vcTr2Yh1SbqfBgdljfVjxA,bakersfield
https://www.ubereats.com/bakersfield/food-delivery/fosters-freeze-3701-wilson-road/4HF1iy6sQ0Ckp-YCOObpTA,bakersfield
https://www.ubereats.com/bakersfield/food-delivery/subway-2621-oswell-st/pZod9arPR76WmTLp1p-Sqw,bakersfield
https://www.ubereats.com/bakersfield/food-delivery/shogun-palace/_emFqm9BSRiEqs0vfkVcFg,bakersfield
https://www.ubereats.com/bakersfield/food-delivery/yogurtland-10930-stockdale-hwy/MhzqCkaNT_ql7pi1w-xbGg,bakersfield
https://www.ubereats.com/bakersfield/food-delivery/temblor-brewing/JTDAuUw3SM6aqNF0wLKXlQ,bakersfield
https://www.ubereats.com/bakersfield/food-delivery/spiceland-subzi-mandi/bu5pLUSaQHyQ_z16FbDU0w,bakersfield
https://www.ubereats.com/bakersfield/food-delivery/taco-bell-3300-panama-lane/rFc4gNwTRPubQW4ZJ7e4fw,bakersfield
https://www.ubereats.com/bakersfield/food-delivery/umi-sushi/1fO-4UZTTMylf1W_j7ZmfQ,bakersfield
https://www.ubereats.com/bakersfield/food-delivery/sonic-3701-mall-view-rd/zSknA2XgTea0668x7oRo8w,bakersfield
https://www.ubereats.com/bakersfield/food-delivery/black-angus-steakhouse-bakersfield/crYbSW3YQIqlrCvjhH7leA,bakersfield
https://www.ubereats.com/bakersfield/food-delivery/coconut-joes/0GXm4aE6S5uAvmam6sWNgQ,bakersfield
https://www.ubereats.com/bakersfield/food-delivery/tina-maries-cafe/BgRT7FR6QDiZ6q7tWfed7A,bakersfield
https://www.ubereats.com/bakersfield/food-delivery/sullys-kitchen-bakersfield/XndMj0wHTX20UM4BPPuGKg,bakersfield
https://www.ubereats.com/bakersfield/food-delivery/taco-bell-3300-buena-vista-rd/CqjOcD5YQTerPDOP491rWQ,bakersfield
https://www.ubereats.com/bakersfield/food-delivery/the-links-grill-at-riverlakes-ranch/GpXkncUfTc2TiBxOx7Nclw,bakersfield
https://www.ubereats.com/bakersfield/food-delivery/the-habit-burger-grill-5503-calloway-drive-suite-100/bU1sV8uyR0-H7-49iSnSOQ,bakersfield
https://www.ubereats.com/bakersfield/food-delivery/taco-bell-139-s-oswell-st/FKwgnZQDSYu6ZgqNjXglqw,bakersfield
https://www.ubereats.com/bakersfield/food-delivery/grill-%E2%80%98n-burgers/4IvAZ3YDQAyOkY_EPnRMNA,bakersfield
https://www.ubereats.com/bakersfield/food-delivery/boba-point/NhcMndGPQS-J7F59wgbMtA,bakersfield
https://www.ubereats.com/bakersfield/food-delivery/coldstone-ming/RgrbT0BfS0SjDbWzmJBG8Q,bakersfield
https://www.ubereats.com/bakersfield/food-delivery/juicy-burger-bakersfield/Hu2hkckJTSmr8mhZiCP9Pg,bakersfield
https://www.ubereats.com/bakersfield/food-delivery/dennys-2309-panama-lane/Nex-cpMQTS-XaNUGwpTeoQ,bakersfield
https://www.ubereats.com/bakersfield/food-delivery/starbucks-2701-oswell-street/BMyOeLhvQF6iWv9z3vOlHQ,bakersfield
https://www.ubereats.com/bakersfield/food-delivery/carls-jr-2400-white-lane/TwrBF0doQpuMs_XjgR--QQ,bakersfield
https://www.ubereats.com/bakersfield/food-delivery/subway-4725-panama-lane/IUQq0vr6R1GAelEubuw3EA,bakersfield
https://www.ubereats.com/bakersfield/food-delivery/sequoia-sandwich-company-buena-vista/ArEQPzVfSe6Ms3cLp8Mffw,bakersfield
https://www.ubereats.com/bakersfield/food-delivery/jamba-juice-9360-rosedale-hwy-ste-b/3oJPydmTTHWuW-YBMjwVEw,bakersfield
https://www.ubereats.com/bakersfield/food-delivery/panda-express-2659-mt-vernon-ave/n0_lPwhETTSUG1VDyxglCQ,bakersfield
https://www.ubereats.com/bakersfield/food-delivery/carls-jr-9000-ming-ave-ste-q/uWKrCatDTOumXhfrpbbE0w,bakersfield
https://www.ubereats.com/bakersfield/food-delivery/subway-1525-columbus/jXFz9FGDQdqo1dmdKSL-dg,bakersfield
https://www.ubereats.com/bakersfield/food-delivery/fosters-donuts/AHTSSGmHQUa6Xz2tr_M2FQ,bakersfield
https://www.ubereats.com/bakersfield/food-delivery/ikes-love-%26-sandwiches-bakersfield/AyhqBRtMQDm0ayAo9CTDoQ,bakersfield
https://www.ubereats.com/bakersfield/food-delivery/sno-shack/Wd3otZgySKe4s-tm_NWUdQ,bakersfield
https://www.ubereats.com/bakersfield/food-delivery/mayas-grill-and-beer/5XgEYG3-TL26C_-7e9VVUA,bakersfield
https://www.ubereats.com/bakersfield/food-delivery/carls-jr-2930-f-street/Lq3KXugbT1iVgoas60cYuA,bakersfield
https://www.ubereats.com/bakersfield/food-delivery/jack-in-the-box-147-s-oswell-st/fJJlvAMhQSO--Pt8x86pVw,bakersfield
https://www.ubereats.com/bakersfield/food-delivery/sequoia-sandwich-company-rosedale-hwy/f7Jss1acQnGdQpaAht_63Q,bakersfield
https://www.ubereats.com/bakersfield/food-delivery/mountain-mikes-pizza-5700-stine-rd/DGMx4E5UT7Cnq1XDIPPdlA,bakersfield
https://www.ubereats.com/bakersfield/food-delivery/famous-daves-7777-rosedale-highway/008a59bPS2-2Cocg2vg2FA,bakersfield
https://www.ubereats.com/bakersfield/food-delivery/better-bowls/-SIvHvUUQ02W96-0M15s8A,bakersfield
https://www.ubereats.com/bakersfield/food-delivery/fosters-donuts/tIS1gZeMRoGacEYsrhpClQ,bakersfield
https://www.ubereats.com/bakersfield/food-delivery/fresco-mexican-grill-columbus-st/GWpcnKjbQBi4JS5nxZ_nLg,bakersfield
https://www.ubereats.com/bakersfield/food-delivery/el-pollo-loco-2661-mt-vernon-ave3594/DQB-OVIlTYmhAUtDovWW1A,bakersfield
https://www.ubereats.com/bakersfield/food-delivery/flame-and-skewers-mediterranean-restaurant-24th-st/pt3UrQx4SBaS4_sn80EcLA,bakersfield
https://www.ubereats.com/bakersfield/food-delivery/el-asadero-taco-grill/bqOlnvxmQRWJ7_5EuBQX3Q,bakersfield
https://www.ubereats.com/bakersfield/food-delivery/sushi-n-grill/-ujf_3BfTMypVyHGcad2Qw,bakersfield
https://www.ubereats.com/bakersfield/food-delivery/taco-bell-5121-olive-drive/trZYSerjT0uhDi_ySbVP8Q,bakersfield
https://www.ubereats.com/bakersfield/food-delivery/deli-delicious-hageman-rd/5JYkwcPVRfC21UBk5-c0ag,bakersfield
https://www.ubereats.com/bakersfield/food-delivery/red-lobster-8180-rosedale-highway/a7CIPKTITamZFQ00Z-JyDw,bakersfield
https://www.ubereats.com/bakersfield/food-delivery/just-wing-it-2701-ming-ave-bakersfield/wkPQuoJnQnaiM-5Mo8FhRQ,bakersfield
https://www.ubereats.com/bakersfield/food-delivery/starbucks-2617-buck-owens-blvd/YtU59GgGQnGYqGnDkHPzPA,bakersfield
https://www.ubereats.com/bakersfield/food-delivery/jerrys-pizza-%26-pub/nRCm7R7YRMe12iH2ln9dAA,bakersfield
https://www.ubereats.com/bakersfield/food-delivery/carls-jr-4800-white-lane/hOFEDiF9RcmHf-aGpkl9UA,bakersfield
https://www.ubereats.com/bakersfield/food-delivery/carls-jr-3901-auburn-st/tp7UWzpiQfaHgh_NgpRxUw,bakersfield
https://www.ubereats.com/bakersfield/food-delivery/urbane-cafe-bakersfield/H0fj4m42Q82D1KIsPcKJBA,bakersfield
https://www.ubereats.com/bakersfield/food-delivery/la-michoacana-plus-bakersfield/C9yuNN6sTPmLDEdnE-AAHw,bakersfield
https://www.ubereats.com/bakersfield/food-delivery/the-habit-burger-grill-3900-california-ave-suite-100/sak-fXh2SciQWyazRBzKsw,bakersfield
https://www.ubereats.com/bakersfield/food-delivery/jack-in-the-box-2611-n-oswell-st/duYOly0ZTd2LFXZ08Mr2bA,bakersfield
https://www.ubereats.com/bakersfield/food-delivery/ichiban-sushi-2/94ffVtujRny21StYdRQLSw,bakersfield
https://www.ubereats.com/bakersfield/food-delivery/subway-6221-niles-st/ZvKVRtTRTRqUGBjHSJ8kZw,bakersfield
https://www.ubereats.com/bakersfield/food-delivery/bocados-sushi-bar/0lo1pwWCTqCNiWW8cQu4pA,bakersfield
https://www.ubereats.com/bakersfield/food-delivery/subway-1921-24th-st-ste-a/5zDy8mL0SQuvpI54qZq88g,bakersfield
https://www.ubereats.com/bakersfield/food-delivery/masala-grill/X0i99b4WT3C40VsvxK5WdQ,bakersfield
https://www.ubereats.com/bakersfield/food-delivery/love-sushi-usa/Yrd1JUpbStOUBRGb0baRMQ,bakersfield
https://www.ubereats.com/bakersfield/food-delivery/carls-jr-3520-rosedale-highway/eyytbi80RKm54Bb_oTb5ag,bakersfield
https://www.ubereats.com/bakersfield/food-delivery/pasquallys-pizza-%26-wings-3760-ming-ave/Yfy3UrfxRYOkMGRI2GiDYw,bakersfield
https://www.ubereats.com/bakersfield/food-delivery/mcdonalds-5363-olive-drive/RyBy9Vu1Sy6pwTRdaAPP7A,bakersfield
https://www.ubereats.com/bakersfield/food-delivery/mcdonalds-4600-ming-ave/S8dWAWolSgqyQ1h6DDx3bQ,bakersfield
https://www.ubereats.com/bakersfield/food-delivery/sorella-ristorante-italiano/KYdHcmkVS4qajPrqCE-trQ,bakersfield
https://www.ubereats.com/bakersfield/food-delivery/subway-1129-union-ave/6Skaa1gVTYuC8dYbPJQzig,bakersfield
https://www.ubereats.com/bakersfield/food-delivery/wienerschnitzel-4044-ming-ave/1U5bYAY5SIePiEBvFB3aRQ,bakersfield
https://www.ubereats.com/bakersfield/food-delivery/wendys-821-south-real-road/a9NHB_qWT2uAPXOCsyJdfA,bakersfield
https://www.ubereats.com/bakersfield/food-delivery/golden-ox-diner/AcCqC21WSNWu4fGtwyqJSQ,bakersfield
https://www.ubereats.com/bakersfield/food-delivery/so-cal-tamal-%26-churro-co/VYN4pQmFSDeFsjAWdKmsoA,bakersfield
https://www.ubereats.com/bakersfield/food-delivery/sweets4treats-bakersfield/tQvOKiBRSR-G_kqkTXswSw,bakersfield
https://www.ubereats.com/bakersfield/food-delivery/akira-japanese-restaurant/CkPSFtlkSeCqHJtSvuTxJw,bakersfield
https://www.ubereats.com/bakersfield/food-delivery/starbucks-2500-white-lane/hWSiWuehTMKx1eYVzX3bCQ,bakersfield
https://www.ubereats.com/bakersfield/food-delivery/subway-1400-brundage-lane/SlO2RQBPS8aM0gMBDxyV2A,bakersfield
https://www.ubereats.com/bakersfield/food-delivery/sub-station-stockdale/4AmUlDzxTy-9xryXgBSSgw,bakersfield
https://www.ubereats.com/bakersfield/food-delivery/los-tacos/W9Rzwp8aSnKz2suNfwFoNg,bakersfield
https://www.ubereats.com/bakersfield/food-delivery/brazilian-muscle-bowls-pacheco/6qPC0xJ4QRqdNViLSuY0EQ,bakersfield
https://www.ubereats.com/bakersfield/food-delivery/arbys-2610-buck-owens-blvd/s7VRgQDMRKeSs9kt9cZoyA,bakersfield
https://www.ubereats.com/bakersfield/food-delivery/happy-hour-bar-and-tapas/ihoStHx3SKitXNl8OwcS8A,bakersfield
https://www.ubereats.com/bakersfield/food-delivery/dennys-35175-7th-standard-rd/5QYYRcZkQM69UDr3lISEEQ,bakersfield
https://www.ubereats.com/bakersfield/food-delivery/subway-8200-stockdale-hwy/SM_ojoSsSMW7WO4r2G-N3w,bakersfield
https://www.ubereats.com/bakersfield/food-delivery/carls-jr-3501-panama-ln/soXhvlW0R8WbLNIQN91GUw,bakersfield
https://www.ubereats.com/bakersfield/food-delivery/mcdonalds-3037-niles-st/1YtWmrH5SKmzzVGGlK7ikw,bakersfield
https://www.ubereats.com/bakersfield/food-delivery/the-hens-roost/3J1Lzbe6R3OGoeKDRIKeEA,bakersfield
https://www.ubereats.com/bakersfield/food-delivery/sizzler-2650-mount-vernon-ave/VR-MH8N2THynhD4494uWRA,bakersfield
https://www.ubereats.com/bakersfield/food-delivery/flame-and-skewers-mediterranean-restaurant-gosford/CYPGUUk-TUusHvH-zy_2uQ,bakersfield
https://www.ubereats.com/bakersfield/food-delivery/super-taco-520-e-truxtun-ave/HDcEsN0tS_K5ebAgnt5yhA,bakersfield
https://www.ubereats.com/bakersfield/food-delivery/carls-jr-815-real-road/fkkuNNYiSj-N7C23QlTHgw,bakersfield
https://www.ubereats.com/bakersfield/food-delivery/jacalito-grill/6lewNxTuR22Ea1G71SdZCQ,bakersfield
https://www.ubereats.com/bakersfield/food-delivery/dennys-2627-buck-owens-blvd/d-nli-tMSiaidK_cl9VF0g,bakersfield
https://www.ubereats.com/bakersfield/food-delivery/jersey-mikes-subs-11350-ming-avenue/7pwMyNEdTKCNj7rm7d8jNA,bakersfield
https://www.ubereats.com/bakersfield/food-delivery/sequoia-sandwich-company-ming-ave/-C0FWYWsTEK7QWTkBbJz6w,bakersfield
https://www.ubereats.com/bakersfield/food-delivery/dennys-2851-white-lane/vUr9fxjuS2SGL_uUik9gMg,bakersfield
https://www.ubereats.com/bakersfield/food-delivery/jasmine-and-the-new-taste/KAHgpi9ISueqQU5ydVJgww,bakersfield
https://www.ubereats.com/bakersfield/food-delivery/zaika-indian-cuisine-o-bar/-FgoXfXwQdOKGc57H8k03w,bakersfield
https://www.ubereats.com/bakersfield/food-delivery/panda-express-9200-rosedale-highway-%23300/xGIDvnXhTbe9GJD66nNXVA,bakersfield
https://www.ubereats.com/bakersfield/food-delivery/crazy-bbq-%26-chicken/BP76NSvITq6sclaeOqJl6w,bakersfield
https://www.ubereats.com/bakersfield/food-delivery/tokyo-garden/c3LzqO3WSHGiUGS7osD3mg,bakersfield
https://www.ubereats.com/bakersfield/food-delivery/tea-bar-rosedale/dIThibM6Qk63MXL7499L_Q,bakersfield
https://www.ubereats.com/bakersfield/food-delivery/pizzaville-usa/ZUBjLQPZSayklazomlh7Jw,bakersfield
https://www.ubereats.com/bakersfield/food-delivery/haveli-indian-grill/RENua9wxQhSuJLY2fOOQWQ,bakersfield
https://www.ubereats.com/bakersfield/food-delivery/taco-bell-2676-mt-vernon-avenue/BgnUlp9hSTmvlfmstgYWWw,bakersfield
https://www.ubereats.com/bakersfield/food-delivery/el-pollo-loco-2000-white-lane3476/ydoBmhFXT6adWfBEZgaVXA,bakersfield
https://www.ubereats.com/bakersfield/food-delivery/starbucks-8200-stockdale-hwy-n/rQyWiseHRAyXjzTR2wfnVA,bakersfield
https://www.ubereats.com/bakersfield/food-delivery/singha-thai/JIzeAQQ_RDijsRWjTzoHfw,bakersfield
https://www.ubereats.com/bakersfield/food-delivery/fusion-teriyaki-bowl/KEnG3ABOQ4WfUKEC_JcPcA,bakersfield
https://www.ubereats.com/bakersfield/food-delivery/burger-king-6217-niles-street/St21Igg-QSWkW8B8hjJTHw,bakersfield
https://www.ubereats.com/bakersfield/food-delivery/ching-yen/zzuajGQqTfWXj8B0DUR0uQ,bakersfield
https://www.ubereats.com/bakersfield/food-delivery/the-ice-cream-shop/YlRh_nHuQfWWvxY3Kxiohw,bakersfield
https://www.ubereats.com/bakersfield/food-delivery/miyoshi-japanese-restaurant/0b4jpNDpSWCQkYONqRkLTA,bakersfield
https://www.ubereats.com/bakersfield/food-delivery/el-capitan-mexican-grill/GTvRoI9PQ5Or46HZ0TXoKg,bakersfield
https://www.ubereats.com/bakersfield/food-delivery/bangkok-street-food/Df2lYocjRY2aSRkJIJ1C9w,bakersfield
https://www.ubereats.com/bakersfield/food-delivery/wendys-9180-rosedale-hwy/EbgZsU4PT72vExbPck9dHg,bakersfield
https://www.ubereats.com/bakersfield/food-delivery/mariscos-el-efectibo-inc/TUVBbjXaRoOFZegnJuFPLQ,bakersfield
https://www.ubereats.com/bakersfield/food-delivery/wendys-4650-gosford-road/htCnH_7YRhe-m_iS5QQQBw,bakersfield
https://www.ubereats.com/bakersfield/food-delivery/la-cabana-mexican-restaurant-golden-state-ave/-IJrv-K9RQaFRVpPHeo7HQ,bakersfield
https://www.ubereats.com/bakersfield/food-delivery/bull-shed-bar-and-grill/956ZkgerRGa_xMW0jXXtjQ,bakersfield
https://www.ubereats.com/bakersfield/food-delivery/taco-la-villa-810-chester-ave/ntUrhl5PQA6Bei3ax-f_Rg,bakersfield
https://www.ubereats.com/bakersfield/food-delivery/charleys-philly-steaks-valley-plaza/J4barE5cQBGgPVasXbkG4Q,bakersfield
https://www.ubereats.com/bakersfield/food-delivery/popeyes-louisiana-kitchen-703-airport-dr/5go_cAoESoaISwazZ3V9Qg,bakersfield
https://www.ubereats.com/bakersfield/food-delivery/chicagos-pizza-with-a-twist-bakersfield/OcBGKVNhTpm3onN2iiz5Pg,bakersfield
https://www.ubereats.com/bakersfield/food-delivery/krush-bar-and-restaurant/Bf4pExlQRauGSTRPEZoeGg,bakersfield
https://www.ubereats.com/bakersfield/food-delivery/flame-and-skewer-allen/Nd50hUOrREK73K5JxOAObg,bakersfield
https://www.ubereats.com/bakersfield/food-delivery/mcdonalds-2701-white-ln/T-ceI6YvRm6cbgLCJ9E6rA,bakersfield
https://www.ubereats.com/bakersfield/food-delivery/del-taco-35145-merle-haggard-drive/5hmLjOkAQf6o3NgJdj794Q,bakersfield
https://www.ubereats.com/bakersfield/food-delivery/carls-jr-5555-gosford-rd/ez7DdBCOSgy4s-RMmyBCMw,bakersfield
https://www.ubereats.com/bakersfield/food-delivery/burger-king-3405-union-ave/NvFb-1Q4Smu-1IC4XI-mRA,bakersfield
https://www.ubereats.com/bakersfield/food-delivery/chipotle-mexican-grill-2630-mount-vernon-ave-ste-100/ki3KRDoKQ7SL_yWTLLlSXg,bakersfield
https://www.ubereats.com/bakersfield/food-delivery/jack-in-the-box-1200-oak-st/VqjDP8yrRVCe7TwAyGmxqg,bakersfield
https://www.ubereats.com/bakersfield/food-delivery/salt-water-poke-and-protein/ctCUOp1SQ6meyt85cTZg8w,bakersfield
https://www.ubereats.com/bakersfield/food-delivery/the-broken-yolk-cafe/clFGnQvwQyyEeRBxMQomuA,bakersfield
https://www.ubereats.com/bakersfield/food-delivery/taco-bell-551-weedpatch-hwy/rTq_s68oQ5SPOHa8UN0Spw,bakersfield
https://www.ubereats.com/bakersfield/food-delivery/mauricios-grill-and-cantina/zsOHF1hdQ1-r3wlJET3KeQ,bakersfield
https://www.ubereats.com/bakersfield/food-delivery/starbucks-35171-7th-standard-road/fOivbZZjSbO0IxTkUn2nzQ,bakersfield
https://www.ubereats.com/bakersfield/food-delivery/wienerschnitzel-6200-white-ln/qJdJaZxcS9qkMmhNtSzKBQ,bakersfield
https://www.ubereats.com/bakersfield/food-delivery/el-asadero-taco-grill/PFEhZOEFS2utX2o44zRM1g,bakersfield
https://www.ubereats.com/bakersfield/food-delivery/burger-king-7990-white-lane/ySv7nPKjQ86F8_X-BXNFDA,bakersfield
https://www.ubereats.com/bakersfield/food-delivery/substation-central/dvn5K4pzTH62BDIlh19aIA,bakersfield
https://www.ubereats.com/bakersfield/food-delivery/the-spot/JpBflGj9SyCL8PK4OzWjxg,bakersfield
https://www.ubereats.com/bakersfield/food-delivery/tahoe-joes-823/ZV29uLUoSEmdr1IDAywISw,bakersfield
https://www.ubereats.com/bakersfield/food-delivery/happy-wings/xEXhhd8NSbqmShn5Bt1Meg,bakersfield
https://www.ubereats.com/bakersfield/food-delivery/mcdonalds-11150-stockdale-hwy/3KouvCjRRmyAek0H0GsntQ,bakersfield
https://www.ubereats.com/bakersfield/food-delivery/taco-bell-7880-white-lane/6XFveH_mRdqCx5Hp32rm2w,bakersfield
https://www.ubereats.com/bakersfield/food-delivery/taqueria-mexican-grill/TFqOXnBiRbKxiyRHHfNTSQ,bakersfield
https://www.ubereats.com/bakersfield/food-delivery/carls-jr-2412-ming-ave/tUNHLqkxSQCvSZSbdzKfbQ,bakersfield
https://www.ubereats.com/bakersfield/food-delivery/deli-delicious-ming-ave/qe32AcuNT2Kh81ad7PJh5Q,bakersfield
https://www.ubereats.com/bakersfield/food-delivery/churchs-chicken-1300-brundage-lane/M1RKn-TPRYu6rHNjGj22sw,bakersfield
https://www.ubereats.com/bakersfield/food-delivery/china-bistro-bakersfield/GnQcyEjQRzidZtEosdaMNA,bakersfield
https://www.ubereats.com/bakersfield/food-delivery/the-old-hacienda/YKsB0J8BSz6aedm8MlbruA,bakersfield
https://www.ubereats.com/bakersfield/food-delivery/wienerschnitzel-2401-brundage-lane/sv2GzwkITq6QOLIQeS9KNg,bakersfield
https://www.ubereats.com/bakersfield/food-delivery/tacos-la-villa-mexican-grill-1801-union-ave/YS4cKnN9QJ2GPl8kCU-ypA,bakersfield
https://www.ubereats.com/bakersfield/food-delivery/jack-in-the-box-5320-olive-drive/hBP8D8iHRvib9kNRzvVhzQ,bakersfield
https://www.ubereats.com/bakersfield/food-delivery/logans-roadhouse-bakersfield/wWSb7rk4RG2755Fw-rDl5w,bakersfield
https://www.ubereats.com/bakersfield/food-delivery/del-taco-5211-gosford-road/AsAuCZVlQt2NF_OBWVyypA,bakersfield
https://www.ubereats.com/bakersfield/food-delivery/redzone-sports-bar-truxtun-ave/Gql8kx1_S9SOy0C3qgw-mg,bakersfield
https://www.ubereats.com/bakersfield/food-delivery/grandmas-tamales-restaurant/BE8oNkbrTs2j8Pl6-0nsvA,bakersfield
https://www.ubereats.com/bakersfield/food-delivery/cafe-express/q2iKr1jARySZjkdPHr4O3g,bakersfield
https://www.ubereats.com/bakersfield/food-delivery/tea-bar-white-lane/--oBdNKPS2K3VEy34OZ1qg,bakersfield
https://www.ubereats.com/bakersfield/food-delivery/cataldos-pizzeria-east-bakersfield/cu1vI6CXQ-uXw33vjgWYAg,bakersfield
https://www.ubereats.com/bakersfield/food-delivery/original-hacienda-grill/LL81gy2SQ1SpNWGjR_Cxkw,bakersfield
https://www.ubereats.com/bakersfield/food-delivery/panda-express-5041-gosford-rd/6bp-tx4QT_at9iqko7r1mg,bakersfield
https://www.ubereats.com/bakersfield/food-delivery/guapos-tacos/xQMYIBaeSgCQYT5OKFbNTQ,bakersfield
https://www.ubereats.com/bakersfield/food-delivery/panda-express-5120-stockdale-hwy-space-a/OQXNjRC2TsieHxht56mJSg,bakersfield
https://www.ubereats.com/bakersfield/food-delivery/subway-2302-s-union-ave-suite-e-7/qerEmej7RSOlnQQdAUfkJw,bakersfield
https://www.ubereats.com/bakersfield/food-delivery/panda-express-4925-e-brundage-ln/-2_J4RnPTIOH5XA1XzraSw,bakersfield
https://www.ubereats.com/bakersfield/food-delivery/mountain-mikes-pizza-5632-stockdale-hwy/JVTbaaKaTsOkEYC22gARrA,bakersfield
https://www.ubereats.com/bakersfield/food-delivery/bamboo-garden/mVcnSKMLS9GzQuMTi-fyGA,bakersfield
https://www.ubereats.com/bakersfield/food-delivery/burger-king-1949-columbus-avenue/z-3e7KsPQaye39i5vW7i4g,bakersfield
https://www.ubereats.com/bakersfield/food-delivery/buffalo-wild-wings-3316-coffee-road/c3sN4VXeRpCNN9-vkiT6qw,bakersfield
https://www.ubereats.com/bakersfield/food-delivery/starbucks-9000-ming-avenue-suite-0-1/lMgGSNpoT22LuNSVeDmHhA,bakersfield
https://www.ubereats.com/bakersfield/food-delivery/firehouse-subs-california-avenue/5SjuOvj1Sh-SA4l9zaTmpw,bakersfield
https://www.ubereats.com/bakersfield/food-delivery/flores-ice-cream-%26-deli/FPnGBGvLT7qNdmdrOeaoxg,bakersfield
https://www.ubereats.com/bakersfield/food-delivery/carls-jr-4520-coffee-road/5NfcFPV7RZiMiljYmV1jLQ,bakersfield
https://www.ubereats.com/bakersfield/food-delivery/dewars-candy-shop/TURRj9PxRni_D24Jquyu0w,bakersfield
https://www.ubereats.com/bakersfield/food-delivery/pappys-coffee-shop/gRKOxu4gRL6p9JveD7_IuQ,bakersfield
https://www.ubereats.com/bakersfield/food-delivery/taco-bell-1301-allen-rd/pX13oMB8T4OX11Q0EPhHcg,bakersfield
https://www.ubereats.com/bakersfield/food-delivery/krispy-kreme-9410-rosedale-highway/9cxt9zX1TOSf2eTeYvI1cA,bakersfield
https://www.ubereats.com/bakersfield/food-delivery/taqueria-los-reyes/6ci5zepPTg6KRF3xV4jNrA,bakersfield
https://www.ubereats.com/bakersfield/food-delivery/taco-bell-2300-h-street/xTxAmlRsTJ6TSyMI6gmDwA,bakersfield
https://www.ubereats.com/bakersfield/food-delivery/countryside-market-and-grill/SycvVGX_SQGD5t3xlUgP9A,bakersfield
https://www.ubereats.com/bakersfield/food-delivery/athenas-greek-cafe-%26-grill-downtown/Y5jnY4BUSY2a4i35r4qJWA,bakersfield
https://www.ubereats.com/bakersfield/food-delivery/tutti-frutti-stockdale-bakersfield/Ckhdxh6hSGWLzbjJBzNqWQ,bakersfield
https://www.ubereats.com/bakersfield/food-delivery/taco-bell-11108-olive-drive/0FZyfHSnTSqg_fLumuGXXw,bakersfield
https://www.ubereats.com/bakersfield/food-delivery/frostyking-auburn/tgfPM3uSSK-fXJ5cnIMprw,bakersfield
https://www.ubereats.com/bakersfield/food-delivery/popeyes-100-chester-ave/77Kyj9cwTECkhpB2mo-sGg,bakersfield
https://www.ubereats.com/bakersfield/food-delivery/yoshinoya-3901-niles-street/eeXwUOjrR5GcOGUsYJwBQg,bakersfield
https://www.ubereats.com/bakersfield/food-delivery/too-fat-sandwiches/KKBEXUL4R0OwCayeO_kFzA,bakersfield
https://www.ubereats.com/bakersfield/food-delivery/la-costa-mariscos-stockdale/SEVnEvtqTF204EpIxEjdqw,bakersfield
https://www.ubereats.com/bakersfield/food-delivery/pita-paradise-3901-wible-rd/jfUd3jKFTd2Fw6bNqyRGsw,bakersfield
https://www.ubereats.com/bakersfield/food-delivery/burger-king-5120-olive-drive/oAiddkLwQOGiintOmMmjRg,bakersfield
https://www.ubereats.com/bakersfield/food-delivery/el-puerto-seafood-%26-mexican/8gJYhXs5RJmKbv60WCEWTg,bakersfield
https://www.ubereats.com/bakersfield/food-delivery/auntie-annes-2701-ming-ave-spc-198/tlZj1CKiRzaE6AypG28rPw,bakersfield
https://www.ubereats.com/bakersfield/food-delivery/baskin-robbins-fashion-plaza/zonmMZ9-SIuVTEqwJUzVKQ,bakersfield
https://www.ubereats.com/bakersfield/food-delivery/popeyes-louisiana-kitchen-1449-white-ln/sx0rj-JcSKio-jB8UWBWDw,bakersfield
https://www.ubereats.com/bakersfield/food-delivery/maui-wowi-hawaiian-coffees-%26-smoothies/CQnmmDDARnKfEMn2-IFhuw,bakersfield
https://www.ubereats.com/bakersfield/food-delivery/panchitos-restaurant/p-1ZPOn7Q--SHMRtFxRG5Q,bakersfield
https://www.ubereats.com/bakersfield/food-delivery/wienerschnitzel-bakersfield/kka75vpFRfufmOjOmstkfA,bakersfield
https://www.ubereats.com/bakersfield/food-delivery/outback-steakhouse-5051-stockdale-hwy/AB5OkTOGRue0C_QpzK7pjQ,bakersfield
https://www.ubereats.com/bakersfield/food-delivery/pops-drive-in%232/zYiin5VPTICn-OnQrviwkQ,bakersfield
https://www.ubereats.com/bakersfield/food-delivery/lovesushiblue/jm3kXgpLSAC2rFZcDma__A,bakersfield
https://www.ubereats.com/bakersfield/food-delivery/mcdonalds-13003-rosedale-hwy/hwRSHcR_SLGUGTZq2E_m9Q,bakersfield
https://www.ubereats.com/bakersfield/food-delivery/sushi-time-bakersfield/8Nqayw93SIeiSprh7hwJAg,bakersfield
https://www.ubereats.com/bakersfield/food-delivery/jack-in-the-box-2221-panama-ln/II8lmWRQTqiYBTfKN_YwBg,bakersfield
https://www.ubereats.com/bakersfield/food-delivery/red-robin-244-2701-ming-ave-%23g15/KXpkCL1MTQ2-YJCnxV5T2A,bakersfield
https://www.ubereats.com/bakersfield/food-delivery/js-place/bMJ6S25UTeOGkMDaSdW38A,bakersfield
https://www.ubereats.com/bakersfield/food-delivery/valentinos-pizza/lZaiaBgRTmq9Irk6zFiaRQ,bakersfield
https://www.ubereats.com/bakersfield/food-delivery/tacos-la-villa-mexican-grill-ming-ave/s3c6mlGMS7WWR_E4norrDA,bakersfield
https://www.ubereats.com/bakersfield/food-delivery/habibi-mediterranean-cuisine/Y_JRW2i1QgihOC7o38x5Ew,bakersfield
https://www.ubereats.com/bakersfield/food-delivery/pf-changs-10700-stockdale-hwy/kAY8PBGjQJurUZ7KbG00oQ,bakersfield
https://www.ubereats.com/bakersfield/food-delivery/sushi-hanashi/8H9CdskXQ8q4_dDtWWjMLw,bakersfield
https://www.ubereats.com/bakersfield/food-delivery/taco-bell-6119-niles-street/8D-RrENkT2GAuNCDXoJFYQ,bakersfield
https://www.ubereats.com/bakersfield/food-delivery/slice-of-italy/qb85FwLmTIe4pdbaX3ImsA,bakersfield
https://www.ubereats.com/bakersfield/food-delivery/kfc-3011-brundage-ln/t_Rj-JriSUiLoEx_SpJi2w,bakersfield
https://www.ubereats.com/bakersfield/food-delivery/hungry-hunter-steakhouse/SBFNdg6-RyGPO6WTIZ41AA,bakersfield
https://www.ubereats.com/bakersfield/food-delivery/saltys-bbq-and-catering/wy0tRBiuSgKiSXz6spA7-Q,bakersfield
https://www.ubereats.com/bakersfield/food-delivery/jack-in-the-box-10-union-ave/rsuzQkcaQeSsz7b6uCnotw,bakersfield
https://www.ubereats.com/bakersfield/food-delivery/subway-6401-white-lane/4FtZpCjcQVqegcrOITJHKA,bakersfield
https://www.ubereats.com/bakersfield/food-delivery/applebees-9000-ming-avenue-suite-m-%2377088/3TaVDdWYTbWd35cS2afe2Q,bakersfield
https://www.ubereats.com/bakersfield/food-delivery/mcdonalds-6707-panama-lane/bIKjkKufR4SV86xzXXDFPA,bakersfield
https://www.ubereats.com/bakersfield/food-delivery/sizzler-900-real-rd/dpthhbt2QwCUcUFlHCbzHA,bakersfield
https://www.ubereats.com/bakersfield/food-delivery/subway-4500-gosford-rd/EG09TgO-SQKYS1jJJnsjRw,bakersfield
https://www.ubereats.com/bakersfield/food-delivery/urban-juice-bar/fmJcTuC7TniYew51wg8aMA,bakersfield
https://www.ubereats.com/bakersfield/food-delivery/super-king-express/WVBO98jrRQ6d751nhIYA_A,bakersfield
https://www.ubereats.com/bakersfield/food-delivery/buffalo-wild-wings-5677-gosford-rd/01om32lYSMyotiv9kYA2qw,bakersfield
https://www.ubereats.com/bakersfield/food-delivery/jamba-juice-9000-ming-ave-%234/bSYUanbDTwWCPFvIlAcREg,bakersfield
https://www.ubereats.com/bakersfield/food-delivery/los-tacos/F0My68oDQmWUsMr_uemvdg,bakersfield
https://www.ubereats.com/bakersfield/food-delivery/1933/ey5FiCFWSUW77EiN9ucPng,bakersfield
https://www.ubereats.com/bakersfield/food-delivery/chefs-noodle-specialties/vicTAGYdTSquoPxSdLBaWA,bakersfield
https://www.ubereats.com/bakersfield/food-delivery/blue-elephant/n0UyFKbwQlC-C6vI6MCB2g,bakersfield
https://www.ubereats.com/bakersfield/food-delivery/sandrinis/a3Fobt9MQ5eSh3f_K_-OFw,bakersfield
https://www.ubereats.com/bakersfield/food-delivery/panda-express-1400-brundage-lane/9Tx0n25oR-ixOWPloeytYA,bakersfield
https://www.ubereats.com/bakersfield/food-delivery/redzone-sports-bar/9wGC4n1xSpeVs2a9Xl4uaA,bakersfield
https://www.ubereats.com/bakersfield/food-delivery/athenas-greek-cafe-%26-bakery-rosedale/0bcDL0efR_2u_vNXhzyj6w,bakersfield
https://www.ubereats.com/bakersfield/food-delivery/chefs-choice-noodle-bar-bakersfield-ca/jO9ITcu5T06Shq9Qws8iyA,bakersfield
https://www.ubereats.com/bakersfield/food-delivery/taco-bell-3799-rosedale-highway/SJFNuBroQYWnxVHB3WB2hg,bakersfield
https://www.ubereats.com/bakersfield/food-delivery/dennys-2684-mt-vernon-ave/9xgzx1NiQ9-V8uzRsArbSw,bakersfield
https://www.ubereats.com/bakersfield/food-delivery/subway-6077-coffee-rd-ste-h/-AIbYFZJQOmpSgPn3PQysQ,bakersfield
https://www.ubereats.com/bakersfield/food-delivery/hot-pot-spot/83P2FTseQTKqqv01W-2THQ,bakersfield
https://www.ubereats.com/bakersfield/food-delivery/spencers-cafe/X4yUWrVlRvedJaAyt7N-QA,bakersfield
https://www.ubereats.com/bakersfield/food-delivery/miyoshi-market-place/srfFA0VbTjyUcWbK6-kOog,bakersfield
https://www.ubereats.com/bakersfield/food-delivery/saltys-bbq/neQ8ostfTACQiGKc7Dbw1A,bakersfield
https://www.ubereats.com/bakersfield/food-delivery/kks-cafe/2grcxEl9TTqT3_w_kc9-xg,bakersfield
https://www.ubereats.com/bakersfield/food-delivery/frosty-king-drive-in/yELmbD4aSEq83xu3ueBV2A,bakersfield
https://www.ubereats.com/bakersfield/food-delivery/china-bistro/kDeyuRehTnW81B5vDfEzYg,bakersfield
https://www.ubereats.com/bakersfield/food-delivery/panini-kabob-grill/ovudIro1TwCL7yCuxmL9kw,bakersfield
https://www.ubereats.com/bakersfield/food-delivery/the-fuchsian-pizza-sector/HHJa83-ZSRqFjos9XU-csg,bakersfield
https://www.ubereats.com/bakersfield/food-delivery/best-tasty-food/7JBFlr5MTWiUPbyJGGeOdQ,bakersfield
https://www.ubereats.com/bakersfield/food-delivery/mandarin-express/s4-LRhCLQfSZj3sJjZY83Q,bakersfield
https://www.ubereats.com/bakersfield/food-delivery/shake-n-buns/-3rRFKZ2S4qu2S15eRMZ9g,bakersfield
https://www.ubereats.com/bakersfield/food-delivery/mrs-fields-2701-ming-ave/WVkF4jr5TrWrhP06v_5YFw,bakersfield
https://www.ubereats.com/bakersfield/food-delivery/rancho-grande-mex-grill-coffee-rd/hUK3LcXRQPGR0zXx3l2MLg,bakersfield
https://www.ubereats.com/bakersfield/food-delivery/cowboy-chicken-bakersfield/DDCOyZJFSdO1qKSRcZ1ueg,bakersfield
https://www.ubereats.com/bakersfield/food-delivery/sultan/3TFPxphySJ2bIY2zkfuVZg,bakersfield
https://www.ubereats.com/bakersfield/food-delivery/chipotle-mexican-grill-4580-coffee-rd-ste-a/mdcwZEBaShC57xn8BwigGw,bakersfield
https://www.ubereats.com/bakersfield/food-delivery/mesa-grill-calloway/J8SWQaRNSFas447tWi9jCg,bakersfield
https://www.ubereats.com/bakersfield/food-delivery/jersey-mikes-subs-4715-coffee-road/6fz1YU6SRKmAmTWj2iYNZw,bakersfield
https://www.ubereats.com/bakersfield/food-delivery/taco-bell-3200-california-avenue/wbciSphuSESILrJBwzPGuw,bakersfield
https://www.ubereats.com/bakersfield/food-delivery/javis-supertortas/sAh1zZngTemQ7mvLN8FumQ,bakersfield
https://www.ubereats.com/bakersfield/food-delivery/bamboo-cafe-rosedale/ynEqc_U2T16D2_GJzkVPDQ,bakersfield
https://www.ubereats.com/bakersfield/food-delivery/el-pollo-loco-4000-coffee-rd3593/SXcUW-U2SQukBITq6EZOOg,bakersfield
https://www.ubereats.com/bakersfield/food-delivery/just-wing-it-4738-panama/IEMlPT6ZSbufiNGiXsr3cw,bakersfield
https://www.ubereats.com/bakersfield/food-delivery/los-cabos-the-pupusa-house-%231/Plrpg5lHRcCCGPdkyufZAw,bakersfield
https://www.ubereats.com/bakersfield/food-delivery/brazilian-acai-bowls/YZ3PE6hNQ7isTBAKLxKtgQ,bakersfield
https://www.ubereats.com/bakersfield/food-delivery/rockin-crawfish/O7k6fBkjSHi8Q5g-r5aqjg,bakersfield
https://www.ubereats.com/bakersfield/food-delivery/two-goats-%26-the-goose/g_m6V8w2RBalxnBbLSmhdA,bakersfield
https://www.ubereats.com/bakersfield/food-delivery/flameandskewers/i7QUn_zMQ_mU1dAZtEIzlA,bakersfield
https://www.ubereats.com/bakersfield/food-delivery/mcdonalds-5410-stockdale-hwy/AersdTxaTAO6LXsiKhYGXA,bakersfield
https://www.ubereats.com/bakersfield/food-delivery/mcdonalds-2699-mount-vernon-ave/aQFVgm69QaqIZ04wW0XoCQ,bakersfield
https://www.ubereats.com/bakersfield/food-delivery/taco-bros/kwVPdmjMQtSVFyGb2pySNg,bakersfield
https://www.ubereats.com/bakersfield/food-delivery/starbucks-3700-california-avenue-suite-%23400/hoI4R56TTeCFNi6Dy3OkvQ,bakersfield
https://www.ubereats.com/bakersfield/food-delivery/fatburger-2600-oswell-st-suite-f/IokR4MA-RBSyw7875iO2JQ,bakersfield
https://www.ubereats.com/bakersfield/food-delivery/angry-barnyard-bbq/7AvbDX2RSiWQYD60nO39YA,bakersfield
https://www.ubereats.com/bakersfield/food-delivery/starbucks-4701-white-lane-a/AU5H3IM1TuSBswaMZXBGhg,bakersfield
https://www.ubereats.com/bakersfield/food-delivery/starbucks-5101-stockdale-hwy/EL58JcpUQnODi8mEEUrDdA,bakersfield
https://www.ubereats.com/bakersfield/food-delivery/senor-taco-flame-grilled-tacos/XP94gNPvS3WM88XA4TjkCw,bakersfield
https://www.ubereats.com/bakersfield/food-delivery/frostyking/FRaKh7rWTfOlHriyNsKTsA,bakersfield
https://www.ubereats.com/bakersfield/food-delivery/mcdonalds-3360-panama-lane/TZSJAHXISIyG1-5l-koTKA,bakersfield
https://www.ubereats.com/bakersfield/food-delivery/tacos-la-villa-mexican-grill-1501-s-union-ave/mo7tCFP0RDW2CYvnWkVPag,bakersfield
https://www.ubereats.com/bakersfield/food-delivery/hot-dog-on-a-stick-2701-ming-ave/RVQZCtxYTiSwCm503N2YLg,bakersfield
https://www.ubereats.com/bakersfield/food-delivery/bootleggers-craft-pub-%26-eatery/tvDUkvZeStyITHFpR5wi2Q,bakersfield
https://www.ubereats.com/bakersfield/food-delivery/porkchop-and-bubbas-bbq/6zTJyCqSQz2FZw2595-rIQ,bakersfield
https://www.ubereats.com/bakersfield/food-delivery/hooters-bakersfield/w_9CIq6VQ4C1TJwzBXOIhA,bakersfield
https://www.ubereats.com/bakersfield/food-delivery/chipotle-mexican-grill-4950-stockdale-hwy/DsaAadGQRFKs3S4fLY6PUw,bakersfield
https://www.ubereats.com/bakersfield/food-delivery/honey-baked-ham-bakersfield/7o_RfzKuSj-g2B8jGTyeyg,bakersfield
https://www.ubereats.com/bakersfield/food-delivery/tacos-la-villa-mexican-grill-oswell-st/UmZyX6UfRmKzDVg3crNmyw,bakersfield
https://www.ubereats.com/bakersfield/food-delivery/siam-iyara-thai-%26-fusion/y4kiKU7YTL6fqUCvfcK3KQ,bakersfield
https://www.ubereats.com/bakersfield/food-delivery/panda-express-35093-merle-haggard-dr/BGVsh_Z5QBK6neehBdWRDg,bakersfield
https://www.ubereats.com/bakersfield/food-delivery/jack-in-the-box-2220-chester-ave/P8Ap34N_SVCq433P-v1jfg,bakersfield
https://www.ubereats.com/bakersfield/food-delivery/jersey-mikes-subs-1211-allen-road/vBQDcPzkQJefE5OkBovEJg,bakersfield
https://www.ubereats.com/bakersfield/food-delivery/mcdonalds-chester-%26-brundage/n3k596WYS6y9essVav5MIQ,bakersfield
https://www.ubereats.com/bakersfield/food-delivery/starbucks-1200-chester-avenue/_SQfu-iYRzChk545zZ69_g,bakersfield
https://www.ubereats.com/bakersfield/food-delivery/dunkin-1800-23rd-st/7FZAwK4CTTuwLi8fOTw6bQ,bakersfield
https://www.ubereats.com/bakersfield/food-delivery/caesars-ii-delicatessen/wSVZyDq5SXmOhnQnAR68Bg,bakersfield
https://www.ubereats.com/bakersfield/food-delivery/cubbies-chicago-style-pizza/cMZlnye0T1GX_57lH9bEkg,bakersfield
https://www.ubereats.com/bakersfield/food-delivery/starbucks-6600-colony-street/ejmotstCQYyykwqFeWOrZg,bakersfield
https://www.ubereats.com/bakersfield/food-delivery/mcdonalds-225-n-chester-avenue/eeqk2Mq6Rl6V_hZMb3t2kA,bakersfield
https://www.ubereats.com/bakersfield/food-delivery/subway-11120-stockdale-highway/2oR3lOpFTHWJwciiPBKHgg,bakersfield
https://www.ubereats.com/bakersfield/food-delivery/too-fat-sandwiches-%26-catering/isX0fhn7RCinb7oZumicng,bakersfield
https://www.ubereats.com/bakersfield/food-delivery/mcdonalds-2310-f-st/7TPYiXOATsekteGRfbJdeg,bakersfield
https://www.ubereats.com/bakersfield/food-delivery/subway-3006-a-ming-avenue/zRFKgIAjTT-2Oxq8S02L5w,bakersfield
https://www.ubereats.com/bakersfield/food-delivery/captain-gs-soul-food-kitchen/jg58Gh6EQlG1nLfe5xPQHA,bakersfield
https://www.ubereats.com/bakersfield/food-delivery/pyrenees-cafe/oF6qosFuTZiALbwx-Fuk6w,bakersfield
https://www.ubereats.com/bakersfield/food-delivery/subway-710-oak-st/JHXXBCiTR9uOjTqNOvYiwg,bakersfield
https://www.ubereats.com/bakersfield/food-delivery/eureka!-bakersfield/cVCcyuQmRRyys_gnS5OZSQ,bakersfield
https://www.ubereats.com/bakersfield/food-delivery/burgerim/wscSZg8DT5eTw5GWi4CTOA,bakersfield
https://www.ubereats.com/bakersfield/food-delivery/el-adobe-mexican-restaurant/rDP1Ai2JSuG_wjNvMa48mA,bakersfield
https://www.ubereats.com/bakersfield/food-delivery/captain-crawfish/NHAA9ERiSv-2Gr4j3BNKtA,bakersfield
https://www.ubereats.com/bakersfield/food-delivery/pizookie-place/853MTzm7QS6yxeau0T4RQA,bakersfield
https://www.ubereats.com/bakersfield/food-delivery/mcdonalds-7901-white-ln/Y4XFVO_xSp21det_2-i7VQ,bakersfield
https://www.ubereats.com/bakersfield/food-delivery/popeyes-louisiana-kitchen-2700-panama-ln/o3Meb4HzR4qjZVpbhd8aPg,bakersfield
https://www.ubereats.com/bakersfield/food-delivery/jack-in-the-box-4200-chester-ave/Mn5UsPg7TJu1Tv-Si-ZBbg,bakersfield
https://www.ubereats.com/bakersfield/food-delivery/china-bistro/q1QQHkcOSrO-41p-QOsulQ,bakersfield
https://www.ubereats.com/bakersfield/food-delivery/mi-peru/J_SehG1pSzimTezSUgmARQ,bakersfield
https://www.ubereats.com/bakersfield/food-delivery/goose-loonies-tavern-and-grill/0emYYBA1SI2gFGPqMbAcnQ,bakersfield
https://www.ubereats.com/bakersfield/food-delivery/fiesta-taqueria-and-bbq/Ku8ikn4tS0KK4i0-_z-HCw,bakersfield
https://www.ubereats.com/bakersfield/food-delivery/carls-jr-9500-brimhall-rd-ste-a/DaQHtA2BT9iH5jEaxsZm4Q,bakersfield
https://www.ubereats.com/bakersfield/food-delivery/zaddys-tacos/AYdkGhUzRGajDNs9zpdeKg,bakersfield
https://www.ubereats.com/bakersfield/food-delivery/chipotle-mexican-grill-10510-stockdale-hwy/PhtwkbzVSDykfxgvs9pwTg,bakersfield
https://www.ubereats.com/bakersfield/food-delivery/papa-johns-bakersfield/Bklc6oLbReyaGShGoWlZ-w,bakersfield
https://www.ubereats.com/bakersfield/food-delivery/rjs-bar-and-grill/_dU0g7ftR9um-rRkRwdEuw,bakersfield
https://www.ubereats.com/bakersfield/food-delivery/wafflejack-bakersfield/tVJ2sTH9RXKCsbYZwbcLKQ,bakersfield
https://www.ubereats.com/bakersfield/food-delivery/sbarro-2701-ming-ave-%23402/SlRnMzvwS_6IBvYhbzCM5Q,bakersfield
https://www.ubereats.com/bakersfield/food-delivery/la-mina-cantina/359laZNsThOetq8Xz4J1jg,bakersfield
https://www.ubereats.com/bakersfield/food-delivery/bullz-gourmet-food/cUDYkCCLQuiCe9HNo4OieQ,bakersfield
https://www.ubereats.com/bakersfield/food-delivery/subway-1215-olive-drive/U9Bjy1mPQnCKRPUBuOmwQw,bakersfield
https://www.ubereats.com/bakersfield/food-delivery/o-ramen/bJv30RXQQJiverjPLv7_rg,bakersfield
