url,city
https://www.ubereats.com/san-francisco/food-delivery/burritoville-cafe/3hzr99w5Rra6wzxEUYEbLw,belvedere-california
https://www.ubereats.com/san-francisco/food-delivery/red-boy-pizza-san-rafael/cD_TFg6CRSibzTd6158IQA,belvedere-california
https://www.ubereats.com/san-francisco/food-delivery/philz-coffee-403-corte-madera-town-center/gweVww0pS1aTPDtV7dtmEw,belvedere-california
https://www.ubereats.com/san-francisco/food-delivery/mini-market-store-inc/uyZJcVuKST-XhyugrOwKnw,belvedere-california
https://www.ubereats.com/san-francisco/food-delivery/mi-casa-cafe/HkC2epnmSG2L4dPIIu-uGA,belvedere-california
https://www.ubereats.com/san-francisco/food-delivery/burger-king-969-east-francisco-blvd/ZCCjJNOUTmmHY_VhrWwV0w,belvedere-california
https://www.ubereats.com/san-francisco/food-delivery/glyka-sweets/Yrw6BZoXQ9aYn-Iq45Hk3w,belvedere-california
https://www.ubereats.com/san-francisco/food-delivery/three-twins-ice-cream-larkspur/PB9Hn8ODTZ2DCKnaU3o8IA,belvedere-california
https://www.ubereats.com/san-francisco/food-delivery/revel-%26-roost-brick-oven-kitchen/RLeGFE_1SG2yJ4c5i8ON-w,belvedere-california
https://www.ubereats.com/san-francisco/food-delivery/roma-antica/pliaTyxnTei2R8vi-0DOOw,belvedere-california
https://www.ubereats.com/san-francisco/food-delivery/shiro-kuma-sushi/zmxpoUrGQ8qlkyMt2ZiYkA,belvedere-california
https://www.ubereats.com/san-francisco/food-delivery/halal-indian-cuisine/3b1AjkkWSAOXY9Rxk5V2Ig,belvedere-california
https://www.ubereats.com/san-francisco/food-delivery/belcampo-larkspur/IiahUIYBRQSGRlVSk6WaiQ,belvedere-california
https://www.ubereats.com/san-francisco/food-delivery/rio-rock-acai-cafe/Q51XXKWcSYq5gSWDuELi_Q,belvedere-california
https://www.ubereats.com/san-francisco/food-delivery/oyama-sushi-282-bon-air-center/kV6y3-7ZSHqtGxWBBJEbUg,belvedere-california
https://www.ubereats.com/san-francisco/food-delivery/lavier-latin-fusion/429FjI9KTL-Z_dnAQ1HMCQ,belvedere-california
https://www.ubereats.com/san-francisco/food-delivery/bombay-grill/MUVmG3IjQQGDUJydR8iHqQ,belvedere-california
https://www.ubereats.com/san-francisco/food-delivery/tam-commons/ehl5rK16RRacj7eJF5ZzSw,belvedere-california
https://www.ubereats.com/san-francisco/food-delivery/my-thai-restaurant/a3F8jAYOTvuLIuiiBcCnvQ,belvedere-california
https://www.ubereats.com/san-francisco/food-delivery/freddie-parkers-pasta-%2B-salad-shop-san-rafael/4rRVTsSzSgO4hhazQD48mQ,belvedere-california
https://www.ubereats.com/san-francisco/food-delivery/baja-fresh-205-corte-madera-town-ctr/BMYzVNAiTrOso8WuShOoQg,belvedere-california
https://www.ubereats.com/san-francisco/food-delivery/victoria-bakery-and-cafe/Nx5knsZoRLCAS8qX3s4x4w,belvedere-california
https://www.ubereats.com/san-francisco/food-delivery/pressed-juicery-marin-country-mart/IfVJ7-DlQ76EDEQv4J78lg,belvedere-california
https://www.ubereats.com/san-francisco/food-delivery/world-wrapps/2IleiCn5QXyEp8vH1nMFDg,belvedere-california
https://www.ubereats.com/san-francisco/food-delivery/uchiwa-ramen/KP499g8QSxqckE2ILr0OGQ,belvedere-california
https://www.ubereats.com/san-francisco/food-delivery/stefanos-pizza-corte-madera/AwEAO8T3T_i41bahDrFlUw,belvedere-california
https://www.ubereats.com/san-francisco/food-delivery/jack-in-the-box-461-1814-2nd-street/tV5HlJ-FTPSk8s4Hfvwxzw,belvedere-california
https://www.ubereats.com/san-francisco/food-delivery/falafel-hut/VXEZMzPCQH-qXSNSQE1hAA,belvedere-california
https://www.ubereats.com/san-francisco/food-delivery/shake-shack-1401-larkspur-landing-circle/WuHDmT0qQM-c8cCLspkhIQ,belvedere-california
https://www.ubereats.com/san-francisco/food-delivery/baja-fresh-mexican-grill-corte-madera/s8VNYx1bRhqxiN2-bg5JlQ,belvedere-california
https://www.ubereats.com/san-francisco/food-delivery/kfc-tb-555-second-street/uR8jp7SxQ96P0gq_6zdxyg,belvedere-california
https://www.ubereats.com/san-francisco/food-delivery/hulu-wa-cuisine/L24DNIHhQB6EQrbbzaymrw,belvedere-california
https://www.ubereats.com/san-francisco/food-delivery/marche-aux-fleurs/bRHFgrQgSN2QWHw_W_9o_g,belvedere-california
https://www.ubereats.com/san-francisco/food-delivery/crepevine-san-rafael/DgF7DVoQTEqdOTCRqbBCHw,belvedere-california
https://www.ubereats.com/san-francisco/food-delivery/victoria-bakery-and-cafe/WKNSPC4ES-mrNK7HRzxn8g,belvedere-california
https://www.ubereats.com/san-francisco/food-delivery/z-ignore-nj-training/M1Tx6sXVSXqsgYC-D-m8Nw,belvedere-california
https://www.ubereats.com/san-francisco/food-delivery/cafe-verde/ET88-5y8RpmbAf1oMtqmWg,belvedere-california
https://www.ubereats.com/san-francisco/food-delivery/arrivederci-cafe/nJ_02cjAQf27EHl02gAMOw,belvedere-california
https://www.ubereats.com/san-francisco/food-delivery/high-tech-burrito-san-anselmo/8lHHBblTQAWmOnv66vTsLw,belvedere-california
https://www.ubereats.com/san-francisco/food-delivery/subway-55-bellam-blvd/2_uqGFCaRaaDD0_G__Uumw,belvedere-california
https://www.ubereats.com/san-francisco/food-delivery/depot-garden-restaurant/cNFW5gjzR1WQC4hdh7zoKQ,belvedere-california
https://www.ubereats.com/san-francisco/food-delivery/caribbean-spices/MGgozqLkRPuJMNKn3YgxSg,belvedere-california
https://www.ubereats.com/san-francisco/food-delivery/iron-springs-public-house/LUfx4ZROShORAjAQd_kFPA,belvedere-california
https://www.ubereats.com/san-francisco/food-delivery/keto-to-go-by-belcampo-larkspur/_rVxRucNQwySdYC91WVEVA,belvedere-california
https://www.ubereats.com/san-francisco/food-delivery/tha-siam/8rQjyTTfRkatYMi-YgNEKg,belvedere-california
https://www.ubereats.com/san-francisco/food-delivery/amicis-east-coast-pizzeria-san-rafael/EkgCD9sQRt-nTSxAQOqUlA,belvedere-california
https://www.ubereats.com/san-francisco/food-delivery/julies-hummus-bar/Bx8CKz4VQAaG15I84D8AKg,belvedere-california
https://www.ubereats.com/san-francisco/food-delivery/boudin-corte-madera/t8o5LtSlS5C2Spvveavl_w,belvedere-california
https://www.ubereats.com/san-francisco/food-delivery/pings-mandarin-restaurant/gsVX7eA4QVihyD3Qwu_-iw,belvedere-california
https://www.ubereats.com/san-francisco/food-delivery/taj-of-marin/Iyl_Ep3GQuWsCk960Tq_Ww,belvedere-california
https://www.ubereats.com/san-francisco/food-delivery/bjs-restaurant-%26-brewhouse-5800-northgate-mall-suite-159/SHWcnvP7SvOBT2TRur-pJQ,belvedere-california
https://www.ubereats.com/san-francisco/food-delivery/el-palmar-restaurant-%26-market/y2QRC6eoSlOrIG3ZBTT7lA,belvedere-california
https://www.ubereats.com/san-francisco/food-delivery/starbucks-larkspur-landing-center-court/KbXwH31YTU61cp5w_dIXhg,belvedere-california
https://www.ubereats.com/san-francisco/food-delivery/patxis-pizza-marin/km4bH8D2TNuFDquFxAtcKQ,belvedere-california
https://www.ubereats.com/san-francisco/food-delivery/calgang-thai/L3pGOrQ_QZKa_w-DgtLINw,belvedere-california
https://www.ubereats.com/san-francisco/food-delivery/pink-owl-coffee/FHTZnvlSTqGg7tvO11Bo0w,belvedere-california
https://www.ubereats.com/san-francisco/food-delivery/tha-siam-express/AmmDvgl_TdWVCnh1g3f5cg,belvedere-california
https://www.ubereats.com/san-francisco/food-delivery/the-club-restaurant-at-mcinnis-park/nNuT5_OMRkeubUhSAZ6CfA,belvedere-california
https://www.ubereats.com/san-francisco/food-delivery/yuzu-ramen-and-taproom/7E9PtGTmRoiNQ25_G68Mcg,belvedere-california
https://www.ubereats.com/san-francisco/food-delivery/veggie-grill-corte-madera/s9hheveTRpukMJemEp1fOA,belvedere-california
https://www.ubereats.com/san-francisco/food-delivery/uncle-willies-wings-%26-things-san-rafael/u9gJTKpqQfCn3AoW8Gv3GA,belvedere-california
https://www.ubereats.com/san-francisco/food-delivery/stefanos-pizzeria-terra-linda/85dPruivSmGUWFk2TL63gg,belvedere-california
https://www.ubereats.com/san-francisco/food-delivery/panda-express-5800-northgate-mall/S0iNPRcySBiBlXVq7Z2AXQ,belvedere-california
https://www.ubereats.com/san-francisco/food-delivery/amber-kitchen/OXozV_e8TtOCQqW48mUCkw,belvedere-california
https://www.ubereats.com/san-francisco/food-delivery/creekside-pizza-%26-taproom/Ol7xGkA7RRi5u9T8LVdiqg,belvedere-california
https://www.ubereats.com/san-francisco/food-delivery/los-palillos-restaurant/GuAzmyRhSomwkEqME_mbQw,belvedere-california
https://www.ubereats.com/san-francisco/food-delivery/los-moles/4oArgFUNTqapWF3YdPOODw,belvedere-california
https://www.ubereats.com/san-francisco/food-delivery/el-pollo-loco-910-andersen-dr3853/a4dITwBrSwqgwqRk_r3FEQ,belvedere-california
https://www.ubereats.com/san-francisco/food-delivery/arigatou-japanese-food-to-go/VPpqk0TFS7etAuGHJbpYpA,belvedere-california
https://www.ubereats.com/san-francisco/food-delivery/andys-corte-madera-market/-Js5OR7eR5eBH1zil2DukQ,belvedere-california
https://www.ubereats.com/san-francisco/food-delivery/bangkok-thai-express/KsZTa2dTTVi9O4b2WJzrFg,belvedere-california
https://www.ubereats.com/san-francisco/food-delivery/sushi-to-dai-for/AbobTRtBRfivKIsPifwzgg,belvedere-california
https://www.ubereats.com/san-francisco/food-delivery/mr-pickles-sandwich-shop-san-rafael/vvZKRN2nTJecpIfOxeKhFA,belvedere-california
https://www.ubereats.com/san-francisco/food-delivery/easy-breezy-frozen-yogurt-%234/WjNMhF8MQmiXctnZPWwloQ,belvedere-california
https://www.ubereats.com/san-francisco/food-delivery/banh-mi-zon/C141WdSPT6Sh4hToEYxQHg,belvedere-california
https://www.ubereats.com/san-francisco/food-delivery/juice-shop/XP36_mdbQcaNaHwi_dOGEg,belvedere-california
https://www.ubereats.com/san-francisco/food-delivery/casa-manana-restaurant/MjBlF0epRhS1loQFaceHEg,belvedere-california
https://www.ubereats.com/san-francisco/food-delivery/mountain-mikes-pizza-2100-4th-st/TUou7duaQNOQIfKgfDuQDQ,belvedere-california
