url,city
https://www.ubereats.com/san-francisco/food-delivery/mountain-mikes-pizza-2130-columbus-pkwy/eaJgNttpQOy6xkHzqVIO2A,benicia-california
https://www.ubereats.com/san-francisco/food-delivery/lazy-dog-restaurant-%26-bar-concord/hNrg0HSNRXaL7a6jB9byBQ,benicia-california
https://www.ubereats.com/san-francisco/food-delivery/smooth-season/Rsvab765Qdub9iY7V09rSw,benicia-california
https://www.ubereats.com/san-francisco/food-delivery/house-of-soul-restaurant/zVWxqYOPT8e03iphAIP_rg,benicia-california
https://www.ubereats.com/san-francisco/food-delivery/chipotle-mexican-grill-1061-arnold-dr/gZHyPnKbQr-RO1IqSVm_cQ,benicia-california
https://www.ubereats.com/san-francisco/food-delivery/starbucks-lincoln-%26-benicia-vallejo/IEFrjC5HRIu04aY0zJZfhQ,benicia-california
https://www.ubereats.com/san-francisco/food-delivery/krispy-krunchy-chicken-2180-springs-road/xr33RcBER-yI_M6zwS5Ehw,benicia-california
https://www.ubereats.com/san-francisco/food-delivery/vons-chicken-concord/-wxvEQL5TQqSOCqOj-6uZw,benicia-california
https://www.ubereats.com/san-francisco/food-delivery/red-lobster-1180-admiral-callaghan-lane/ZnHw3Q2sTYqVNMgTRIXUDg,benicia-california
https://www.ubereats.com/san-francisco/food-delivery/anarkali/0wCFvOq4TZuvrQi8LhspKg,benicia-california
https://www.ubereats.com/san-francisco/food-delivery/maggies/hAPiPKXrQH-K7eR_gWGoeg,benicia-california
https://www.ubereats.com/san-francisco/food-delivery/starbucks-i-80-%26-admiral-callaghan-vallejo/FscVTZlEQDOa4A3_q14lHQ,benicia-california
https://www.ubereats.com/san-francisco/food-delivery/zacharys-chicago-pizza-pleasant-hill/BG557tiDSEW63xsT6w0fDw,benicia-california
https://www.ubereats.com/san-francisco/food-delivery/five-star-burger-vallejo/8NJ2dbWxRiqhlGWwrosu3g,benicia-california
https://www.ubereats.com/san-francisco/food-delivery/burger-king-1980-columbus-pky/bCDaAnoGTRKLRPzJ0bMbwA,benicia-california
https://www.ubereats.com/san-francisco/food-delivery/sichuan-fortune-house/_PQuqZrtROaU0TFisl2yow,benicia-california
https://www.ubereats.com/san-francisco/food-delivery/the-mediterranean/jHfJ9zGKSG6sZRGwR9h1TA,benicia-california
https://www.ubereats.com/san-francisco/food-delivery/noonies-place/cF_p__fuS0ip9jHGoX1dvg,benicia-california
https://www.ubereats.com/san-francisco/food-delivery/mcdonalds-5200-sonoma-blvd/AJKEjV02QISnyRzNdSUMvA,benicia-california
https://www.ubereats.com/san-francisco/food-delivery/taj-grill/L33J_dMySfqmhAd-74nnxw,benicia-california
https://www.ubereats.com/san-francisco/food-delivery/mountain-mikes-pizza-30-golf-club-rd-b/6e2CWEPZR5SAoQqxJYCMrw,benicia-california
https://www.ubereats.com/san-francisco/food-delivery/jack-in-the-box-35-admiral-callaghan-ln/wUVBnMOPRFyGRr8VZWvvxw,benicia-california
https://www.ubereats.com/san-francisco/food-delivery/black-bear-diner-980-admiral-callaghan-lane/d0Y5jjlBScygdX2Eq08GVQ,benicia-california
https://www.ubereats.com/san-francisco/food-delivery/mr-pickles-sandwich-shop-concord/MHGV08YgQlm_Z6q_AT87hA,benicia-california
https://www.ubereats.com/san-francisco/food-delivery/damo-sushi/9vn4ib55QVqIjxokwR5rQw,benicia-california
https://www.ubereats.com/san-francisco/food-delivery/kfc-2150-redwood-street/CfLa22HWQkipI2GFEL_kKw,benicia-california
https://www.ubereats.com/san-francisco/food-delivery/mcdonalds-1602-e-2nd-st/S9dddiOaT3KEiITx2KDyMA,benicia-california
https://www.ubereats.com/san-francisco/food-delivery/szechuan-chinese-cuisine/hmeIryfBRom3cqTLaVje_g,benicia-california
https://www.ubereats.com/san-francisco/food-delivery/dennys-250-fairgrounds-dr/su1FrcMiT6maT4ci6fnvaQ,benicia-california
https://www.ubereats.com/san-francisco/food-delivery/starbucks-benicia/rzqwxFEEReyvuwaH1gZt2Q,benicia-california
https://www.ubereats.com/san-francisco/food-delivery/nations-giant-hamburgers-tara-hills/ffHQvAKqS7mVvbj3r_C4ow,benicia-california
https://www.ubereats.com/san-francisco/food-delivery/pollo-pollo/PjqjGqb5TDq-uBtcpHdH5g,benicia-california
https://www.ubereats.com/san-francisco/food-delivery/new-york-pizza-and-pasta-pleasant-hill/B2tYil6cQOaMN3cM3OrFEQ,benicia-california
https://www.ubereats.com/san-francisco/food-delivery/mountain-mikes-pizza-1160-arnold-drive/Ka_I0wTxRASxLGevTuWoYg,benicia-california
https://www.ubereats.com/san-francisco/food-delivery/extreme-pizza-hercules/S0Me2JKtRXObvpuStIVG2Q,benicia-california
https://www.ubereats.com/san-francisco/food-delivery/da-bay-ou-shack/WUq6v0GdQbGXRUQUn5Cc6Q,benicia-california
https://www.ubereats.com/san-francisco/food-delivery/v-town-scoops/H0gMjxwrTiWmhMz0vNTC6w,benicia-california
https://www.ubereats.com/san-francisco/food-delivery/dunkin-410-napa-junction-rd-suite-100/2jlxyoJdR1Ka0Co9j8eMQg,benicia-california
https://www.ubereats.com/san-francisco/food-delivery/mcdonalds-902-admiral-callaghan-ln/LTUwwOm8QX2MtyK7QfkURg,benicia-california
https://www.ubereats.com/san-francisco/food-delivery/krispy-krunchy-chicken-pinole-2/S69qrIFoRFe1llqsxEpXLw,benicia-california
https://www.ubereats.com/san-francisco/food-delivery/churchs-chicken-1920-solano-avenue/9n21yeV8S5CfeAaJ-q03hg,benicia-california
https://www.ubereats.com/san-francisco/food-delivery/pizzavsburrito/RKXhfwqiTGyZ5NgPUk9vRg,benicia-california
https://www.ubereats.com/san-francisco/food-delivery/mcdonalds-416-e-lincoln-rd/t6PQ5WguSxesxC3T_wmycw,benicia-california
https://www.ubereats.com/san-francisco/food-delivery/panda-express-1473-fitzgerald-dr/oUARUPEsRhq5O2OVqBp6pA,benicia-california
https://www.ubereats.com/san-francisco/food-delivery/sizzler-1515-fitzgerald-dr/QmDCRXpgRr6DoYoycBJx4Q,benicia-california
https://www.ubereats.com/san-francisco/food-delivery/mirchi-indian-grill/ivNOHEULQtmvwaB__ZgyzA,benicia-california
https://www.ubereats.com/san-francisco/food-delivery/dennys-4355-sonoma-blvd/F6J88fkBT0WlnSJuEChQXQ,benicia-california
https://www.ubereats.com/san-francisco/food-delivery/subway-110-robles-dr/pXBGYlQ4QVmut63XHYAopg,benicia-california
https://www.ubereats.com/san-francisco/food-delivery/philhouse/vwCNzSbNQiqCew-SUlVv_g,benicia-california
https://www.ubereats.com/san-francisco/food-delivery/boston-market-2180-contra-costa-blvd/OPpbZMHGQDOnowMccK33kw,benicia-california
https://www.ubereats.com/san-francisco/food-delivery/coconut-grove/yorZPh2rTx6wWhHDStulgw,benicia-california
https://www.ubereats.com/san-francisco/food-delivery/grill-city-vallejo/i6oFV7guSPG_hQra-av5vA,benicia-california
https://www.ubereats.com/san-francisco/food-delivery/taqueria-y-carniceria-martinez/bKgVyJMJTDeXxCFXTW-DsQ,benicia-california
https://www.ubereats.com/san-francisco/food-delivery/ikes-love-%26-sandwiches/1MmfMGTJSZyarWAPG1swgw,benicia-california
https://www.ubereats.com/san-francisco/food-delivery/the-habit-burger-grill-118-plaza-dr/VxzkyQ8_RSWTqW0dB483PQ,benicia-california
https://www.ubereats.com/san-francisco/food-delivery/ihop-1190-arnold-dr/SLZN9aPlSF2fF_G--9h6_w,benicia-california
https://www.ubereats.com/san-francisco/food-delivery/elvias-sazon-mexican-street-food/BlOX1gytQTu7IUfJwVNDJw,benicia-california
https://www.ubereats.com/san-francisco/food-delivery/papa-murphys-1155-arnold-drive-suite-b/ZFYBuTQJRJ-nD7VrqU9Ieg,benicia-california
https://www.ubereats.com/san-francisco/food-delivery/krispy-krunchy-chicken/MRuMtb00TtyJiAeE3kHLeQ,benicia-california
https://www.ubereats.com/san-francisco/food-delivery/giant-new-york-pizza/XzKITs3FQsSmA_vwOZ6Xtg,benicia-california
https://www.ubereats.com/san-francisco/food-delivery/mcdonalds-hercules/LhSyPcS0TBG5ByEMqoSMpA,benicia-california
https://www.ubereats.com/san-francisco/food-delivery/perfect-brew-%26-juice/DZoyhze7QDmFjy_3njwt0Q,benicia-california
https://www.ubereats.com/san-francisco/food-delivery/sonic-6055-main-street/UL4h5VW3Q_GhD14-8wem1Q,benicia-california
https://www.ubereats.com/san-francisco/food-delivery/taqueria-morena/O0Hchsx5Scmv5I-oWURVwA,benicia-california
https://www.ubereats.com/san-francisco/food-delivery/jack-in-the-box-1610-lewis-brown-dr/JSyxL4uPRPiyIRDmJPWPVA,benicia-california
https://www.ubereats.com/san-francisco/food-delivery/mcdonalds-2110-columbus-parkway/ZkY53V5lRLCuBoAHMFariQ,benicia-california
https://www.ubereats.com/san-francisco/food-delivery/bear-claw-bakery/Y-7HTyX7Ssm-CLlkXngbcQ,benicia-california
https://www.ubereats.com/san-francisco/food-delivery/the-rellik-tavern/B2hdx023RLeWqtFqCoCmng,benicia-california
https://www.ubereats.com/san-francisco/food-delivery/jamba-juice-804a-southampton-rd/7pzT05TOTXWDe0-65rr_DA,benicia-california
https://www.ubereats.com/san-francisco/food-delivery/panda-express-972-admiral-callaghan-lane/CdYrgahMTZyOJyjuxSWSVw,benicia-california
https://www.ubereats.com/san-francisco/food-delivery/cold-stone-creamery-173-plaza-dr/YaaLjHXaQ1ukQeD7fLlrpw,benicia-california
https://www.ubereats.com/san-francisco/food-delivery/mcdonalds-3289-sonoma-blvd/WOwjiFu_SpG0J472_QlN3g,benicia-california
https://www.ubereats.com/san-francisco/food-delivery/taqueria-limon-2/OxOctZ2ZTEino58AJHI_zA,benicia-california
https://www.ubereats.com/san-francisco/food-delivery/burger-king-828-southampton-rd/BJKdss9iQB2m1VrQC5gj8w,benicia-california
https://www.ubereats.com/san-francisco/food-delivery/dragons-spring-restaurant/dIO9uZinTfuKgUwsX6Itkw,benicia-california
https://www.ubereats.com/san-francisco/food-delivery/the-grind-cafe/Wl-FiPO8T9ieHF02Rr6t1Q,benicia-california
https://www.ubereats.com/san-francisco/food-delivery/midori-japanese-cuisine/wRvddA43RmSE464NkmYK4A,benicia-california
https://www.ubereats.com/san-francisco/food-delivery/subway-1780-tuolumne-st/ALime_d7RZOe_SbWdnEp4Q,benicia-california
https://www.ubereats.com/san-francisco/food-delivery/alibertos-jr-fresh-mexican-food/cjMkN1npS0m8mXbAOX5YRw,benicia-california
https://www.ubereats.com/san-francisco/food-delivery/cinco-de-mayo-center/gFxecPImQFaqfBePyPyqCA,benicia-california
https://www.ubereats.com/san-francisco/food-delivery/chevys-157-plaza-drive/zCZWGrRTTpyr3aUN2JSV_g,benicia-california
https://www.ubereats.com/san-francisco/food-delivery/mountain-mikes-pizza-848-willow-ave-suite-c-d/WK1fxV_QRt-Hrftxc12nFw,benicia-california
https://www.ubereats.com/san-francisco/food-delivery/nations-giant-hamburgers-benicia/0zSyTu0vRTOovemBEeVdwA,benicia-california
https://www.ubereats.com/san-francisco/food-delivery/los-cerros-mexican-grill/gN9TLr4xTvGrKjhdmEkYjg,benicia-california
https://www.ubereats.com/san-francisco/food-delivery/chipotle-mexican-grill-2002-salvio-st-ste-a/NEzdBjqiQiihTj5BDVlGeg,benicia-california
https://www.ubereats.com/san-francisco/food-delivery/jack-in-the-box-3955-alhambra-ave/5YtYrgS3RkeTmjUd-bfYaw,benicia-california
https://www.ubereats.com/san-francisco/food-delivery/panda-express-1041-arnold-drive/7-NZAOl-QXiumdd_z3QgoQ,benicia-california
https://www.ubereats.com/san-francisco/food-delivery/nations-giant-hamburgers-vallejo/LtNJhifATXmR62ia2_8yaQ,benicia-california
https://www.ubereats.com/san-francisco/food-delivery/popeyes-2631-springs-rd/d5IP-sKgRIqiIINK-cMamQ,benicia-california
https://www.ubereats.com/san-francisco/food-delivery/hunan-villa/FtVYY2TWSTGC5NriMKOV1w,benicia-california
https://www.ubereats.com/san-francisco/food-delivery/buon-aroma-deli/r-14cLbOSueLo3_jQ5aTdg,benicia-california
https://www.ubereats.com/san-francisco/food-delivery/warrior-new-york-pizza/qLDQ7d9jST-JQ1Ru6QOkpw,benicia-california
https://www.ubereats.com/san-francisco/food-delivery/subway-879-redwood-st/cp7ItsMbQUeSERs4WXRC0g,benicia-california
https://www.ubereats.com/san-francisco/food-delivery/nations-giant-hamburgers-pleasant-hill/YK0clTihQbqBkNbTwm7qeQ,benicia-california
https://www.ubereats.com/san-francisco/food-delivery/tacos-jalisco/1HzI_dKPQAqIGPjhNhKvbA,benicia-california
https://www.ubereats.com/san-francisco/food-delivery/arbys-4445-central-place/-5tFGq7FSpaXb3p7UdoXhQ,benicia-california
https://www.ubereats.com/san-francisco/food-delivery/cookie-dough-parlor/dPcRYNlqR3WRN46rEmrHcA,benicia-california
https://www.ubereats.com/san-francisco/food-delivery/jack-in-the-box-400-broadway-st/BnzhhsAdR3ObRfFESoSTrQ,benicia-california
https://www.ubereats.com/san-francisco/food-delivery/mountain-mikes-pizza-972-admiral-callaghan-ln/m6aPejBzT7WMTnR_rbu55g,benicia-california
https://www.ubereats.com/san-francisco/food-delivery/starbucks-san-pablo-%26-sycamore-hercules/6VDVN8LWQc2k5mzF01Wgvw,benicia-california
https://www.ubereats.com/san-francisco/food-delivery/jack-in-the-box-6001-goodyear-road/nRjxia8FTWGz36Uu7SoKYw,benicia-california
https://www.ubereats.com/san-francisco/food-delivery/los-cantaros-taqueria-american-canyon-ca/VIGCz1bZR4iFUQhOw_NJ6w,benicia-california
https://www.ubereats.com/san-francisco/food-delivery/starbucks-i-80-%26-magazine-vallejo/4JQhSnh0SseR6rEX_ctyTg,benicia-california
https://www.ubereats.com/san-francisco/food-delivery/pacifica-pizza-vallejo/y6cofeSqQlCGFxCozaiqiw,benicia-california
https://www.ubereats.com/san-francisco/food-delivery/south-villa-chinese-restaurant/5WQHI-VwTZiZNiSlkSpMog,benicia-california
https://www.ubereats.com/san-francisco/food-delivery/la-primavera-restaurant/2AHsXFJtSjeEsVNFD03akw,benicia-california
https://www.ubereats.com/san-francisco/food-delivery/parrys-pizzaria-%26-restaurant/b8VGzUGSQc2V_ryAIFCV6g,benicia-california
https://www.ubereats.com/san-francisco/food-delivery/mcdonalds-arnold-dr/OeVhnSnJTzm3jk8Bvt0GJg,benicia-california
https://www.ubereats.com/san-francisco/food-delivery/pho-lee-hoa-phat-2/GnmjPvOqS4CF6hGeUrg31A,benicia-california
https://www.ubereats.com/san-francisco/food-delivery/hummingbird-bakery-%26-dessert-bar/HI9UeS_lRQCa50nWmbkOjw,benicia-california
https://www.ubereats.com/san-francisco/food-delivery/qs-halal-vallejo/RIh9iSaxQoi3hWMkfsIDVQ,benicia-california
https://www.ubereats.com/san-francisco/food-delivery/krispy-krunchy-chicken-1655-tennessee/Dbm2UItIRNG5nzKpwkrsyQ,benicia-california
https://www.ubereats.com/san-francisco/food-delivery/panda-express-5075-main-street/r03HwPBqT7uq7mBdM8wvqA,benicia-california
https://www.ubereats.com/san-francisco/food-delivery/sushi-grill/C28CvFWIQ-SkSKqKnrkVBA,benicia-california
https://www.ubereats.com/san-francisco/food-delivery/mollys-gourmet-market-%26-deli/SDa8HtqBRyyi6dfkvHQJWg,benicia-california
https://www.ubereats.com/san-francisco/food-delivery/starbucks-hwy-4-%26-center-ave/yC5xmStlSHKi-yrMaMjsww,benicia-california
https://www.ubereats.com/san-francisco/food-delivery/taco-bell-700-military-west/8kOaUX6HSpSQDpWQuuM_RA,benicia-california
https://www.ubereats.com/san-francisco/food-delivery/pizza-guys-concord/XjjkJWKbT6qfiySwRMr_xw,benicia-california
https://www.ubereats.com/san-francisco/food-delivery/la-cuchara/Z8N7ufM9Tz62_zujYTttJQ,benicia-california
https://www.ubereats.com/san-francisco/food-delivery/vinnies-pizzeria/CCundlKMRpuQrzRApZLSxQ,benicia-california
https://www.ubereats.com/san-francisco/food-delivery/bangkok-island-thai-fusion/yMIn9BGYQPOo4T7SQHNJmg,benicia-california
https://www.ubereats.com/san-francisco/food-delivery/mountain-mikes-pizza-1516-fitzgerald-dr/33mF2s_0Q2uyrE0N4SZxSw,benicia-california
https://www.ubereats.com/san-francisco/food-delivery/kfc-1300-georgia-street/UH9pF9mjSHeYWPP5x3IYfQ,benicia-california
https://www.ubereats.com/san-francisco/food-delivery/pho-hoa-pinole/QyE7x4mXQAi7qpsOf-6hBQ,benicia-california
https://www.ubereats.com/san-francisco/food-delivery/pho-craze/WQDdKP-xSBW6_8NRwkH9Gg,benicia-california
https://www.ubereats.com/san-francisco/food-delivery/naan-n-curry/E8h7cTEUQm-oZTp7NaPeRQ,benicia-california
https://www.ubereats.com/san-francisco/food-delivery/mod-pizza-pinole-valley/ZJOx71YsRNCU67c2Br_11g,benicia-california
https://www.ubereats.com/san-francisco/food-delivery/mingles-pizza/3vlIO_tjTfetcV-tee5WMg,benicia-california
https://www.ubereats.com/san-francisco/food-delivery/cinco-de-mayo-pacheco-blvd/aV3hdobzQ_CaxTYE7R35Hg,benicia-california
https://www.ubereats.com/san-francisco/food-delivery/sunshine-hawaiian-bbq-%26-ramen/2aKLe9MLTxig0ewb-mPCVA,benicia-california
https://www.ubereats.com/san-francisco/food-delivery/taqueria-la-costa-del-sol/OEEFmPZzSZixOERxKrIJmg,benicia-california
https://www.ubereats.com/san-francisco/food-delivery/mountain-mikes-pizza-4380-sonoma-blvd/9SRCqHXYSxuHCKT1O009ZQ,benicia-california
https://www.ubereats.com/san-francisco/food-delivery/pacifica-pizza-inc/5gkbbE1XS4C7RbG6YFJHcA,benicia-california
https://www.ubereats.com/san-francisco/food-delivery/panda-express-804-southampton-road/HQYDYW2TSgSCL0E7s83yyQ,benicia-california
https://www.ubereats.com/san-francisco/food-delivery/kuriosity-kitchen/RZLhpT54Q9ydskDi6kV1Dg,benicia-california
https://www.ubereats.com/san-francisco/food-delivery/noodles-%26-company-1110-concord-ave-ste-e/qsFPF5OLSfOmyrIV3xMiBQ,benicia-california
https://www.ubereats.com/san-francisco/food-delivery/zaiqa-indian-and-pakistani-cuisine/2k-0EXwIQ7eL3Rb4vUUBuA,benicia-california
https://www.ubereats.com/san-francisco/food-delivery/chipotle-mexican-grill-2696-pinole-valley-rd/A107R-hMTmGvvrzH12Q4SQ,benicia-california
https://www.ubereats.com/san-francisco/food-delivery/i-love-teriyaki-and-sushi/iLlCBoc4TuGLvBVInGABpA,benicia-california
https://www.ubereats.com/san-francisco/food-delivery/first-street-cafe/NjHJNoObT7WZ5RcN2OzyVg,benicia-california
https://www.ubereats.com/san-francisco/food-delivery/china-chef/jDd6wfMQRxmT3PQTjK8g0A,benicia-california
https://www.ubereats.com/san-francisco/food-delivery/mod-pizza-concord/2eV_RwqfQeKsDxONlujzuA,benicia-california
https://www.ubereats.com/san-francisco/food-delivery/mariscos-el-sinaloense/3oYsR7shSIGn1ECNdpTzjg,benicia-california
https://www.ubereats.com/san-francisco/food-delivery/chipotle-mexican-grill-1195-admiral-callaghan-ln/uNJJu6LmSEGb2xAPCGIWIw,benicia-california
https://www.ubereats.com/san-francisco/food-delivery/diannas-bakery-cafe-and-deli-1st-street/BD7MfK_FRiW5J0Eud4JqCA,benicia-california
https://www.ubereats.com/san-francisco/food-delivery/bag-o-crab/Eop0Dw58TPKDeLkbpWvhVg,benicia-california
https://www.ubereats.com/san-francisco/food-delivery/mod-pizza-vallejo/bpu_bQxbSgKLftS83lgGzQ,benicia-california
https://www.ubereats.com/san-francisco/food-delivery/pizza-my-way/V00kG3kxR7i0g8pCuLHISw,benicia-california
https://www.ubereats.com/san-francisco/food-delivery/pear-street-bistro/KUtLsnp4SDGf836FOkYrgQ,benicia-california
https://www.ubereats.com/san-francisco/food-delivery/tinas-place/Dm0CvxEHRiKZwjddhjlyyQ,benicia-california
https://www.ubereats.com/san-francisco/food-delivery/mcdonalds-170-lincoln-rd-e/o_5k2v3YRT2k6amFXsWsXA,benicia-california
https://www.ubereats.com/san-francisco/food-delivery/blaze-pizza-1110-concord-ave/cPyRtM5vQV2ZJAuot7uyHA,benicia-california
https://www.ubereats.com/san-francisco/food-delivery/subway-685-parker-ave/mv8FpADcTsOC8OQ_tI3iCQ,benicia-california
https://www.ubereats.com/san-francisco/food-delivery/cafe-oasis/c16ZQKwPTfCbySQWQxIaGw,benicia-california
https://www.ubereats.com/san-francisco/food-delivery/taco-bell-1130-arnold-dr/aw0Nz3Q0RTub3quqMPZx6w,benicia-california
https://www.ubereats.com/san-francisco/food-delivery/tjs-cafe/7bfkTumORsO4_pbRd3J2kA,benicia-california
https://www.ubereats.com/san-francisco/food-delivery/subway-732-main-st/dcPppqeMTHSC9HOMEEVGCw,benicia-california
https://www.ubereats.com/san-francisco/food-delivery/mr-pickles-sandwich-shop-martinez/uIOzq0vNR6uoyCCNGEw9OA,benicia-california
https://www.ubereats.com/san-francisco/food-delivery/ginger-thai-restaurant/gcZPeVrlS1quCmquS38tRw,benicia-california
