url,city
https://www.ubereats.com/san-francisco/food-delivery/maya-cafe-and-taqueria/SPBvGVrLSBG1QTYbA3dz-Q,berkeley-california
https://www.ubereats.com/san-francisco/food-delivery/katana-ya-ramen-restaurant/Rby4O9XSQaqFgTddjUfeJg,berkeley-california
https://www.ubereats.com/san-francisco/food-delivery/north-beach-pizza-berkeley/HQhHcHLvQ3O8SN2TiWCnkQ,berkeley-california
https://www.ubereats.com/san-francisco/food-delivery/guru-curry-house/MYU-FAU8QBaA6r-i2wD5ag,berkeley-california
https://www.ubereats.com/san-francisco/food-delivery/salvage-hausu/wPZRDs42QZqE8fRxBKybtw,berkeley-california
https://www.ubereats.com/san-francisco/food-delivery/rare-tea/dM_GtCGaRP-Jqaq3dFW-oQ,berkeley-california
https://www.ubereats.com/san-francisco/food-delivery/round-table-pizza-962-san-pablo-avenue/7Z09Vq4gQWKAwaBPXVXx7A,berkeley-california
https://www.ubereats.com/san-francisco/food-delivery/soul-provisions/pl_0KDu-RsK8zvjm6I-0iA,berkeley-california
https://www.ubereats.com/san-francisco/food-delivery/subway-900-san-pablo-ave/JxBxNEOQQAikGlqeGNq8yA,berkeley-california
https://www.ubereats.com/san-francisco/food-delivery/brasil-bistro/9-g6zpo3Q4-joeduA7d6Dw,berkeley-california
https://www.ubereats.com/san-francisco/food-delivery/yin-ji-chang-fen/TkxMXvQzRYCfFBYEiBe0iw,berkeley-california
https://www.ubereats.com/san-francisco/food-delivery/crogans/TR7gAqtSS7Kcta58Q2O03w,berkeley-california
https://www.ubereats.com/san-francisco/food-delivery/lakeshore-cafe/kf-Zi425StWjq4_BodgiLA,berkeley-california
https://www.ubereats.com/san-francisco/food-delivery/poki-time-berkeley/-Wv2Lwk2RwuKMyf-kky96g,berkeley-california
https://www.ubereats.com/san-francisco/food-delivery/homeroom-berkeley/Vq7wvGuhQ925AT7MyT7KOA,berkeley-california
https://www.ubereats.com/san-francisco/food-delivery/tender-greens-2071-university-ave/P-jHqO02RuG9N2eoMiCcgQ,berkeley-california
https://www.ubereats.com/san-francisco/food-delivery/skates-seawall-100-seawall-drive/3sD1OOECRPWDkb0EW8Z7Lw,berkeley-california
https://www.ubereats.com/san-francisco/food-delivery/flipside-burgers/EQuPP3kxQRyotGZkBSIidg,berkeley-california
https://www.ubereats.com/san-francisco/food-delivery/the-grilled-cheez-guy/Up2ml5qtSgCTMKwzCSl_7Q,berkeley-california
https://www.ubereats.com/san-francisco/food-delivery/your-way-pizza/CaKmNLbjTnSQyqSJmtbGyg,berkeley-california
https://www.ubereats.com/san-francisco/food-delivery/ikes-love-and-sandwiches-rockridge/Dz5_WQXARnuj_JMDM7NGVA,berkeley-california
https://www.ubereats.com/san-francisco/food-delivery/mountain-mikes-pizza-2042-mountain-blvd/qgfsNG6uQ9aOZPvAevTn1Q,berkeley-california
https://www.ubereats.com/san-francisco/food-delivery/chatte-tea-%26-desserts/OCHbzsjMRQe7MrTWjJAaHQ,berkeley-california
https://www.ubereats.com/san-francisco/food-delivery/himalayan-curry-house/RQSz0b5HTEGJb_N7h7YBhw,berkeley-california
https://www.ubereats.com/san-francisco/food-delivery/tacubaya/VKRO0QUeQOSf2C7fK3-yiw,berkeley-california
https://www.ubereats.com/san-francisco/food-delivery/artichoke-basilles-pizza-berkeley/q9MqBNdBS02VrIILGmWRIw,berkeley-california
https://www.ubereats.com/san-francisco/food-delivery/masa/fQQscBlsRRiCfQ3u0yT0TA,berkeley-california
https://www.ubereats.com/san-francisco/food-delivery/dona/OlwgCOOhTZGdNy2cP4pv1A,berkeley-california
https://www.ubereats.com/san-francisco/food-delivery/nations-giant-hamburgers-el-cerrito/BRfAcJJXRfyZoX_Y8HU0MQ,berkeley-california
https://www.ubereats.com/san-francisco/food-delivery/khana-peena-indian-cuisine/FeysVWASQOu43Bxe0KNK8Q,berkeley-california
https://www.ubereats.com/san-francisco/food-delivery/lois-the-pie-queen/-AuSKJtLQs-xex2LehpAyA,berkeley-california
https://www.ubereats.com/san-francisco/food-delivery/fentons-creamery-%26-restaurant-piedmont/_zBdYK17ROGrv4z8leS6xw,berkeley-california
https://www.ubereats.com/san-francisco/food-delivery/mistura-rotisserie/NzK587NqTEC2S9V9MK0xwQ,berkeley-california
https://www.ubereats.com/san-francisco/food-delivery/flippers-gourmet-burgers/U1kxKGHrQEmoc20ybNF7UQ,berkeley-california
https://www.ubereats.com/san-francisco/food-delivery/sugata-japanese-restaurant/-QXXVIARS4OQ-Fxzp5ncRQ,berkeley-california
https://www.ubereats.com/san-francisco/food-delivery/allstar-fast-foods/6cGGHzSoSxOCyYoqsDZzGg,berkeley-california
https://www.ubereats.com/san-francisco/food-delivery/lorenzos-of-new-york-pizza-oakland/KSLWpvZYTja-e5LlOuzq4A,berkeley-california
https://www.ubereats.com/san-francisco/food-delivery/barbarian-pizza-bar/jv24YVsMQi-pMsb3JdCghw,berkeley-california
https://www.ubereats.com/san-francisco/food-delivery/papa-johns-2222-shattuck-ave/eehna8nxTDeuBNhtGbo1pg,berkeley-california
https://www.ubereats.com/san-francisco/food-delivery/ajanta-restaurant/QZTtHy57TpGzS6mA7AbeYA,berkeley-california
https://www.ubereats.com/san-francisco/food-delivery/cancun-sabor-mexicano/x5IiVELrQ-qnd-amV1r21Q,berkeley-california
https://www.ubereats.com/san-francisco/food-delivery/starbucks-san-pablo-dam-%26-i-80/2CXwVUKFQuu0xbbLUjuJow,berkeley-california
https://www.ubereats.com/san-francisco/food-delivery/royaltea-usa/9zoySZGbSEaBeYF1UT3T2w,berkeley-california
https://www.ubereats.com/san-francisco/food-delivery/cornology-usa/5Z2sN2F8R1aiGkNGA_eS6g,berkeley-california
https://www.ubereats.com/san-francisco/food-delivery/top-dog/FiCdoQ73SDy2zCPBiEoT7w,berkeley-california
https://www.ubereats.com/san-francisco/food-delivery/daol-tofu/IsrDEXKhQlu52xuL79BN9g,berkeley-california
https://www.ubereats.com/san-francisco/food-delivery/cafe-m/eyCnAz-FRnGoK5wkmn27fg,berkeley-california
https://www.ubereats.com/san-francisco/food-delivery/abesha-ethiopian-cuisine/plv--xwARBmI5HXOus8Ufg,berkeley-california
https://www.ubereats.com/san-francisco/food-delivery/nations-giant-hamburgers-tara-hills/ffHQvAKqS7mVvbj3r_C4ow,berkeley-california
https://www.ubereats.com/san-francisco/food-delivery/the-sunny-side-cafe/KnIPdOHqTcqnpNl6o_qS-w,berkeley-california
https://www.ubereats.com/san-francisco/food-delivery/causwells-berkeley/_VCJZ_tAQhiOZ9lIR7SEsw,berkeley-california
https://www.ubereats.com/san-francisco/food-delivery/bangkok-thai-cuisine/PldKVpGORYej-4zwyO_-UQ,berkeley-california
https://www.ubereats.com/san-francisco/food-delivery/krispy-krunchy-chicken-6606-telegraph-ave/p8XslvjHTVeE2V0QCDA1QQ,berkeley-california
https://www.ubereats.com/san-francisco/food-delivery/rouxllc/aXvsZJeHTyyNvJMk4nE7Sg,berkeley-california
https://www.ubereats.com/san-francisco/food-delivery/extreme-pizza-hercules/S0Me2JKtRXObvpuStIVG2Q,berkeley-california
https://www.ubereats.com/san-francisco/food-delivery/mi-familia/dEYEh3oMSuqg7lN8e5-c3g,berkeley-california
https://www.ubereats.com/san-francisco/food-delivery/the-halal-bowl-berkeley/LydL7ULhTwWpK8jKQyy2oA,berkeley-california
https://www.ubereats.com/san-francisco/food-delivery/extreme-pizza/4ZAQ8qG6RTGxNPiVWCf1nQ,berkeley-california
https://www.ubereats.com/san-francisco/food-delivery/sierra-deli/ptFM7tBgSqeh6DqtqjtTYA,berkeley-california
https://www.ubereats.com/san-francisco/food-delivery/salam-halal-market/C7upnn1tTGyJgmgzVJWSpA,berkeley-california
https://www.ubereats.com/san-francisco/food-delivery/flavia/yRuZ_S2ASiiB4qZv7qmWqQ,berkeley-california
https://www.ubereats.com/san-francisco/food-delivery/samraj-sweets-n-chat-hut/FgtG8BbiR561TXNTuMwsxw,berkeley-california
https://www.ubereats.com/san-francisco/food-delivery/pasta-house/-STSu5lMTCKPkQ98ZcUtcg,berkeley-california
https://www.ubereats.com/san-francisco/food-delivery/macaroni-grill-el-cerrito/KG8b1rFZSfybQtcknFcuyQ,berkeley-california
https://www.ubereats.com/san-francisco/food-delivery/ippudo-berkeley/UibMbwPqRoGZRrgpYc4bgg,berkeley-california
https://www.ubereats.com/san-francisco/food-delivery/tako-sushi/0fxdzkt6TfK3U35zirZHDw,berkeley-california
https://www.ubereats.com/san-francisco/food-delivery/berkeley-thai-house/2VBkDTd7Tc6ZQuTtcuwN2g,berkeley-california
https://www.ubereats.com/san-francisco/food-delivery/city-cup-%26-coffee/X7Tp6p3MSkiDt9GGSsF1kQ,berkeley-california
https://www.ubereats.com/san-francisco/food-delivery/kfc-14400-san-pablo-avenue/N7E1iJLDTP688FvVH3P0jA,berkeley-california
https://www.ubereats.com/san-francisco/food-delivery/the-habit-burger-grill-1080-monroe-st-suite-100/XBm7ud1bQP-hZijrJ8O5nQ,berkeley-california
https://www.ubereats.com/san-francisco/food-delivery/boba-ninja/nJsOxEOERkuM7gVelM124g,berkeley-california
https://www.ubereats.com/san-francisco/food-delivery/kaliente-restaurant/4gtX5HE6QvCcBwSNgV2q7g,berkeley-california
https://www.ubereats.com/san-francisco/food-delivery/starbucks-san-pablo-ave-%26-monroe/q_kXg1QLQc-oSdV18vgGCg,berkeley-california
https://www.ubereats.com/san-francisco/food-delivery/la-estrella-food-truck/1S1RJ9zXQC23uwBxwtXR3A,berkeley-california
https://www.ubereats.com/san-francisco/food-delivery/blackberry-bistro/mGoEGVuuR8SPX15eMv6VOg,berkeley-california
https://www.ubereats.com/san-francisco/food-delivery/cafe-umami-uptown/Qtjo-I15SQWojogfngqSCQ,berkeley-california
https://www.ubereats.com/san-francisco/food-delivery/fusion-twist/jTyfrt58TaCItMHi0AK1tw,berkeley-california
https://www.ubereats.com/san-francisco/food-delivery/the-station-berkeley/PIwXuGuiRmeWeGtE9cNayA,berkeley-california
https://www.ubereats.com/san-francisco/food-delivery/jack-in-the-box-2197-san-pablo-ave/zKunsim5Q7a6fiXl2-IBPg,berkeley-california
https://www.ubereats.com/san-francisco/food-delivery/taiwan-bento-%26-bao/ROLAvZz4QkmOTHqYaD0JVA,berkeley-california
https://www.ubereats.com/san-francisco/food-delivery/east-bay-spice-co/EC00B4SOToG_55rOnaESTw,berkeley-california
https://www.ubereats.com/san-francisco/food-delivery/nannys-caribbean-eats/dnYYt1SSRUO8BQKB7eK__g,berkeley-california
https://www.ubereats.com/san-francisco/food-delivery/royal-ground-coffee-house/cPeio1ETRjW0FPLXN285PQ,berkeley-california
https://www.ubereats.com/san-francisco/food-delivery/city-center-pizzeria/HxEpIy-EQYqI7QgZ9TDi6w,berkeley-california
https://www.ubereats.com/san-francisco/food-delivery/j%26b-halal-foods/YmrkYrqjS62r6wpsK5QnKg,berkeley-california
https://www.ubereats.com/san-francisco/food-delivery/paradita-eatery/Yl-Qmm-WT6iTu_b-b3LTvw,berkeley-california
https://www.ubereats.com/san-francisco/food-delivery/friend-fries/o0xSYpuPQaaO9NLtHU2hqw,berkeley-california
https://www.ubereats.com/san-francisco/food-delivery/south-indian-hut/VfyFCKkZTAeA4G03wyuZOg,berkeley-california
https://www.ubereats.com/san-francisco/food-delivery/taqueria-morena/O0Hchsx5Scmv5I-oWURVwA,berkeley-california
https://www.ubereats.com/san-francisco/food-delivery/sushi-29/Ng2Pz752RuihacBpnztyNg,berkeley-california
https://www.ubereats.com/san-francisco/food-delivery/bear-claw-bakery/Y-7HTyX7Ssm-CLlkXngbcQ,berkeley-california
https://www.ubereats.com/san-francisco/food-delivery/ying-kee/g4yMCR5nTYexFwUsldMn7Q,berkeley-california
https://www.ubereats.com/san-francisco/food-delivery/pizza-nation-inc/4cm5fncjSjCvk5yycKh_Vg,berkeley-california
https://www.ubereats.com/san-francisco/food-delivery/revival/8g9Rb67SRZGj2HCRIeKv8Q,berkeley-california
https://www.ubereats.com/san-francisco/food-delivery/namaste-madras-indian-cuisine/IFI2yXVhQkqyKeOBnpR-Jg,berkeley-california
https://www.ubereats.com/san-francisco/food-delivery/patatas/NZLDUKJgS1akmGKv7wyOwg,berkeley-california
https://www.ubereats.com/san-francisco/food-delivery/bobby-gs-pizzeria/qPp8gQqMRgir6Dcvs2u3Pw,berkeley-california
https://www.ubereats.com/san-francisco/food-delivery/taqueria-el-cruzero/8Gtl27H8RzSxsLTVHV89nA,berkeley-california
https://www.ubereats.com/san-francisco/food-delivery/snapper-seafood/tqrlHsPcT8yAEle-x0Vkqw,berkeley-california
https://www.ubereats.com/san-francisco/food-delivery/quinns-lighthouse/5YVbEeNIQreWse4C1oK11A,berkeley-california
https://www.ubereats.com/san-francisco/food-delivery/oyama-sushi-3651-mt-diablo-blvd/ipgHrEtST4y6FA5v6bU9LQ,berkeley-california
https://www.ubereats.com/san-francisco/food-delivery/gallegos-mexican-food/cJQvZnLLRkKpGm6ezkSrnQ,berkeley-california
https://www.ubereats.com/san-francisco/food-delivery/umami-burger-oakland/8Q7S_3zNQ9qvkCQarNo28g,berkeley-california
https://www.ubereats.com/san-francisco/food-delivery/harbour-way-mart/tRA6ZwKcR3emwhu1uHUwEA,berkeley-california
https://www.ubereats.com/san-francisco/food-delivery/cinnaholic-berkeley/bIVi3aZ0R_6ksv_AQx7JCQ,berkeley-california
https://www.ubereats.com/san-francisco/food-delivery/purple-pepper-pizza/PIBihp8RTxWakcGQWMwovg,berkeley-california
https://www.ubereats.com/san-francisco/food-delivery/chile-jalapeno-taqueria/0NRq6TUTTxq0_EtsCf4QMA,berkeley-california
https://www.ubereats.com/san-francisco/food-delivery/cool!naria/_HcgUMGuR0SPMue3t1T-Gw,berkeley-california
https://www.ubereats.com/san-francisco/food-delivery/vitality-bowls-3454-mt-diablo-blvd/vNSGaxLzSGGmtaZGJxzcIw,berkeley-california
https://www.ubereats.com/san-francisco/food-delivery/humphry-slocombe-oakland/4ZUKqcIUSZGJ9cQJ_sadcQ,berkeley-california
https://www.ubereats.com/san-francisco/food-delivery/savory-kitchen/loNFwGqfS9WaCqsN94YTug,berkeley-california
https://www.ubereats.com/san-francisco/food-delivery/agave-uptown/oq6RbJbFQ5OpyiVN7RhvmA,berkeley-california
https://www.ubereats.com/san-francisco/food-delivery/three-twins-ice-cream-berkeley/BrDSSWaFQ3yGJF3XjQj5Wg,berkeley-california
https://www.ubereats.com/san-francisco/food-delivery/subway-6472-hollis-st/SB0q8mIqSpeULLP_D_wDsg,berkeley-california
https://www.ubereats.com/san-francisco/food-delivery/plant-nation-oakland/_UCmFN9ETAqn38tXeGG7PQ,berkeley-california
https://www.ubereats.com/san-francisco/food-delivery/sichuan-style-restaurant/u-Cb3e5xSH24URcKRh2zMw,berkeley-california
https://www.ubereats.com/san-francisco/food-delivery/victory-point-cafe/m465BQsvRriqG_cx88Vd1A,berkeley-california
https://www.ubereats.com/san-francisco/food-delivery/red-boy-pizza-oakland/pIKvvLxSSQ6cesKsQvAnjA,berkeley-california
https://www.ubereats.com/san-francisco/food-delivery/mountain-mikes-pizza-3340-san-pablo-dam-rd/Fv_b8r6eQBuzN4rjJ-fRKQ,berkeley-california
https://www.ubereats.com/san-francisco/food-delivery/brazil-fresh-squeeze-cafe/iWg2Lja-RpK38061UuEsrw,berkeley-california
https://www.ubereats.com/san-francisco/food-delivery/pho-le/YxbDv_mmSv6hhOwMvynRXw,berkeley-california
https://www.ubereats.com/san-francisco/food-delivery/trattoria-la-siciliana/8ih_Pwo6QAuDHDwGu_ty9A,berkeley-california
https://www.ubereats.com/san-francisco/food-delivery/montses-cafe/xOLo-5A7RyeUDp6meLFXtg,berkeley-california
https://www.ubereats.com/san-francisco/food-delivery/dozo-ramen/4lmQgTATQUqzLoGoZHNU5g,berkeley-california
https://www.ubereats.com/san-francisco/food-delivery/warrior-new-york-pizza/qLDQ7d9jST-JQ1Ru6QOkpw,berkeley-california
https://www.ubereats.com/san-francisco/food-delivery/raj-indian-cuisine/kgzVqjkrQX6IN6NRPUsS5g,berkeley-california
https://www.ubereats.com/san-francisco/food-delivery/homeroom-to-go/32drpQtyRNeTXI0jm6wP0A,berkeley-california
https://www.ubereats.com/san-francisco/food-delivery/peters-kettle-corn/KZ6Mt-vqRZml57BnDfpmaw,berkeley-california
https://www.ubereats.com/san-francisco/food-delivery/au-coquelet/qneoyfcPTnytiqg_X4mhig,berkeley-california
https://www.ubereats.com/san-francisco/food-delivery/the-bureau-510/ThtjfQD5SE2D16JNYQuiIA,berkeley-california
https://www.ubereats.com/san-francisco/food-delivery/kaze-ramen/f42rfWx6R5adRa7rc83D2Q,berkeley-california
https://www.ubereats.com/san-francisco/food-delivery/anthonys-cookies-berkley/etg1WtPeSkancrTH0ANxGg,berkeley-california
https://www.ubereats.com/san-francisco/food-delivery/barneys-gourmet-hamburgers-shattuck/2Y507jvYTL2wogqZljJKsA,berkeley-california
https://www.ubereats.com/san-francisco/food-delivery/tashidelek-cuisine/e_BIaZylSze3Lh7oGUow_Q,berkeley-california
https://www.ubereats.com/san-francisco/food-delivery/the-mini-mart/SC_iH7sRS5qJrwBMav664Q,berkeley-california
https://www.ubereats.com/san-francisco/food-delivery/farmhouse-kitchen-thai-cuisine-oakland/mYOyhe-8TCeCi-L-XmGPQA,berkeley-california
https://www.ubereats.com/san-francisco/food-delivery/mountain-mikes-pizza-4870-telegraph-ave/iSsrtDM9QkitjkyNNSUtkg,berkeley-california
https://www.ubereats.com/san-francisco/food-delivery/pizza-amigos/ir9k01i0QXKorPp0zhXxSw,berkeley-california
https://www.ubereats.com/san-francisco/food-delivery/chengdu-style-restaurant-berkeley/OzpxdadLTfetJmKr9WGoQw,berkeley-california
https://www.ubereats.com/san-francisco/food-delivery/chevys-1890-powell-street/4bviE2V7STy560U3X9ltRg,berkeley-california
https://www.ubereats.com/san-francisco/food-delivery/eureka!-berkeley/3y8qrlQITfGunTXURT3TxQ,berkeley-california
https://www.ubereats.com/san-francisco/food-delivery/la-vals-pizza-albany/wb7pa0AiTViogc4ejAVxkQ,berkeley-california
https://www.ubereats.com/san-francisco/food-delivery/venus-restaurant/6SxGGmAITyKbXFh_YTlsnQ,berkeley-california
https://www.ubereats.com/san-francisco/food-delivery/homemade-cafe/Tb9pNF_6QpquvMoBf66W7Q,berkeley-california
https://www.ubereats.com/san-francisco/food-delivery/abes-healthy-pizza-kitchen-berkeley/0HbxAIcQTnCVceJDL88dDQ,berkeley-california
https://www.ubereats.com/san-francisco/food-delivery/yo-sushi/EEldEzg5SZma7Qgc-kmkjA,berkeley-california
https://www.ubereats.com/san-francisco/food-delivery/ladle-%26-leaf/U648_up6TgaumdJzVovdVQ,berkeley-california
https://www.ubereats.com/san-francisco/food-delivery/nicos-hideaway/T_xmmErOT2a4qBUdPRkdfw,berkeley-california
https://www.ubereats.com/san-francisco/food-delivery/ikes-love-and-sandwiches-emeryville/y2OEu0VDSaK6R2R4YKTyvQ,berkeley-california
https://www.ubereats.com/san-francisco/food-delivery/crepevine-berkeley/lJh-ByxcSau_oWtdt4gW6w,berkeley-california
https://www.ubereats.com/san-francisco/food-delivery/el-pollo-loco-13139-san-pablo-ave3472/JEgS53wuTNCURI-PBfI8aA,berkeley-california
https://www.ubereats.com/san-francisco/food-delivery/tempero-goiano/sraqWTLGR_SfJ9fPn8HbmQ,berkeley-california
https://www.ubereats.com/san-francisco/food-delivery/annapurna-restaurant-%26-bar/Dh09IMMJQE-AbEqZ6j9IRg,berkeley-california
https://www.ubereats.com/san-francisco/food-delivery/the-ice-cream-shop/IJofX8KESDWzJd6MSd9vBA,berkeley-california
https://www.ubereats.com/san-francisco/food-delivery/docs-refresher/_VQhKAxvTvm6EM68lVmrzg,berkeley-california
https://www.ubereats.com/san-francisco/food-delivery/ob-town-chicken/eHdtOIynRASZ3BcaT5oTGA,berkeley-california
https://www.ubereats.com/san-francisco/food-delivery/tasty-pot-berkeley/qFSZKXu4SBOV8xIACtEQmg,berkeley-california
https://www.ubereats.com/san-francisco/food-delivery/subway-2315-cutting-blvd/cjz6eYS7QNWq8bebTHA9iQ,berkeley-california
https://www.ubereats.com/san-francisco/food-delivery/cafe-nostos/OTjGNFPBQ6WVz88ILHwC-w,berkeley-california
https://www.ubereats.com/san-francisco/food-delivery/aisle-5-oakland/X4y5o4v6S0mXcTW1yXf8jQ,berkeley-california
https://www.ubereats.com/san-francisco/food-delivery/qi-dumpling-lounge/gGcMJoOdRCSwYNKSZ2-k2w,berkeley-california
https://www.ubereats.com/san-francisco/food-delivery/lotus-house/3itYnlIRR8CxT915SYOYKw,berkeley-california
https://www.ubereats.com/san-francisco/food-delivery/wendys-12201-san-pablo-avenue/wJ2YLle0TL62AD2_8tHAVA,berkeley-california
https://www.ubereats.com/san-francisco/food-delivery/taj-express-ordermark/IibSHUGdSH-e6DbOag1-fA,berkeley-california
https://www.ubereats.com/san-francisco/food-delivery/taco-bell-40-san-pablo-towne-ctr/RBqJo-CKSYqqFPexA_GP6A,berkeley-california
https://www.ubereats.com/san-francisco/food-delivery/agrodolce-osteria/Bee_TW9jRqCvdJXyZfN4XA,berkeley-california
https://www.ubereats.com/san-francisco/food-delivery/pho-craze/WQDdKP-xSBW6_8NRwkH9Gg,berkeley-california
https://www.ubereats.com/san-francisco/food-delivery/mac-khai/o3iz0ir4Rc-cbXM7mbuaUw,berkeley-california
https://www.ubereats.com/san-francisco/food-delivery/cafe-durant/VU2IdxIwTVurwWbk3lVEiw,berkeley-california
https://www.ubereats.com/san-francisco/food-delivery/papalote-mexican-grill-berkeley/wui7BOw_RBCytS6Yvcn_Cg,berkeley-california
https://www.ubereats.com/san-francisco/food-delivery/helping-foods/mGNvoBZyRpufR_I6nRKDbQ,berkeley-california
https://www.ubereats.com/san-francisco/food-delivery/mod-pizza-pinole-valley/ZJOx71YsRNCU67c2Br_11g,berkeley-california
https://www.ubereats.com/san-francisco/food-delivery/endless-summer-sweets/O8RGByXGS4OvRwcWwwpJhA,berkeley-california
https://www.ubereats.com/san-francisco/food-delivery/carls-jr-green-burrito-871-marina-village-pkwy/Pbqt1Ac0RI6yQd0k8z2KDA,berkeley-california
https://www.ubereats.com/san-francisco/food-delivery/gordito-amigos/TtdOtAbxSvSDJeks7AXtgw,berkeley-california
https://www.ubereats.com/san-francisco/food-delivery/lemat-ethiopian-restaurant-and-cafe/N10fDmX8S0uTMT1fPUz3Gw,berkeley-california
https://www.ubereats.com/san-francisco/food-delivery/california-pizza-kitchen-5614-bay-st-suite-244/wE6SeQ5XQUOORsH3-q3bJw,berkeley-california
https://www.ubereats.com/san-francisco/food-delivery/popeyes-louisiana-kitchen-10-san-pablo-town-center/1WntpUi7RxmpwGabplQDSQ,berkeley-california
https://www.ubereats.com/san-francisco/food-delivery/yammy-sushi/qXm-CEFkQ8u7g1V3YhMdVA,berkeley-california
https://www.ubereats.com/san-francisco/food-delivery/miss-ollies-caribbean-restaurant/kdilaS_YQ5W1yj6mGsryLQ,berkeley-california
https://www.ubereats.com/san-francisco/food-delivery/humphry-slocombe-ice-cream-berkeley/SWGxo7jMSdyav3Nk9Rj6Hw,berkeley-california
https://www.ubereats.com/san-francisco/food-delivery/papa-johns-pizza-east-12th-street/-D5K2z2iTU27pFZ_VpkVPQ,berkeley-california
https://www.ubereats.com/san-francisco/food-delivery/cream-berkeley/uVtgD4cRQhipNGUFSx52iQ,berkeley-california
https://www.ubereats.com/san-francisco/food-delivery/bonchon-chicken-2050-berkeley-way/k6ctofn3T1WEXPc2J8i0Kg,berkeley-california
https://www.ubereats.com/san-francisco/food-delivery/humphry-slocombe/UwzxY2lBRTSzwC_S0lJ7gw,berkeley-california
https://www.ubereats.com/san-francisco/food-delivery/ahmad-kahala/pdYjHb3hT2e0gwayMIxhdQ,berkeley-california
https://www.ubereats.com/san-francisco/food-delivery/pizzaiolo/23edb3rzQa-bmArAvCS-Xw,berkeley-california
https://www.ubereats.com/san-francisco/food-delivery/alems-coffee/nTrtCx-8SE23ShTThfHQkA,berkeley-california
https://www.ubereats.com/san-francisco/food-delivery/the-italian-homemade-company-berkeley/gyYpWxeiSuGugUR3SAj_tg,berkeley-california
https://www.ubereats.com/san-francisco/food-delivery/cornerstone-craft-beer-%26-live-music/GLOeXIdETQax5MU3MAmtDQ,berkeley-california
https://www.ubereats.com/san-francisco/food-delivery/kfc-1544-fitzgerald-dr/CHyzZntDRficnhGRik2arA,berkeley-california
https://www.ubereats.com/san-francisco/food-delivery/in-the-wood/WVt0SVA4T0CLiWP7-wdfAw,berkeley-california
https://www.ubereats.com/san-francisco/food-delivery/biryani-tika-kabab/xuy2WvCaQ0ivJLxqwwB5Vg,berkeley-california
https://www.ubereats.com/san-francisco/food-delivery/starbucks-2059-mountain-blvd-oakland/E5CnMzxRQHi6vVX8a93HRg,berkeley-california
https://www.ubereats.com/san-francisco/food-delivery/the-horseshoe-lounge/HtK9spiDRdCHVxzWyYoisw,berkeley-california
https://www.ubereats.com/san-francisco/food-delivery/subway-5858-horton-st/N2kS7sF-SveRmsjkrhCHmg,berkeley-california
https://www.ubereats.com/san-francisco/food-delivery/kangnam/K3VliL1eSkWLo5mw8j7zug,berkeley-california
https://www.ubereats.com/san-francisco/food-delivery/poki-poke-berkeley/m4Vtzn7qTgWbhE0P_vtkNA,berkeley-california
https://www.ubereats.com/san-francisco/food-delivery/delegates/EDoKLVAURXG8zIQzlzj2QQ,berkeley-california
https://www.ubereats.com/san-francisco/food-delivery/best-coast-burritos-emeryville-ca/fHINarYaQ62tzY_h9yxm4g,berkeley-california
https://www.ubereats.com/san-francisco/food-delivery/miss-ollies/gWwGXPUmTimkDu7H-PKCiA,berkeley-california
https://www.ubereats.com/san-francisco/food-delivery/qs-halal-pizza/Xk42wjhRT-OWsWM7VwtAZQ,berkeley-california
https://www.ubereats.com/san-francisco/food-delivery/easy-creole/UXTlpAG1QfuTvo_IwqIYlA,berkeley-california
https://www.ubereats.com/san-francisco/food-delivery/himalayan-flavors/TJJq_GvwQGOARlojNUH1-w,berkeley-california
https://www.ubereats.com/san-francisco/food-delivery/taco-bell-2528-durant-ave/vCjAgSTmTNCp_iyO_eQ5_Q,berkeley-california
https://www.ubereats.com/san-francisco/food-delivery/pizza-guys-san-pablo/6i0uTflhSK6eWLihJKtrNw,berkeley-california
https://www.ubereats.com/san-francisco/food-delivery/mixt-oakland/Ypwl-PSVSPmOa8FLP0L6Fw,berkeley-california
https://www.ubereats.com/san-francisco/food-delivery/boochman-kombucha/ekDNckiSSeOmMdMirxBW4w,berkeley-california
https://www.ubereats.com/san-francisco/food-delivery/jules-thin-crust/oC7xwAtmQP6nYR71HtPgxQ,berkeley-california
https://www.ubereats.com/san-francisco/food-delivery/subway-10398-san-pablo-ave/IlGMfI1kQ32v8NBktLlxow,berkeley-california
https://www.ubereats.com/san-francisco/food-delivery/camburger/T46nqNF1RyKnr9Kikp5lKg,berkeley-california
https://www.ubereats.com/san-francisco/food-delivery/firehouse-subs-alameda/h5c8umDgT5SrdjpkNEuThQ,berkeley-california
https://www.ubereats.com/san-francisco/food-delivery/jotmahal/8eZbIQKvTtq-UHOew4s2kg,berkeley-california
https://www.ubereats.com/san-francisco/food-delivery/amausaan-uji-matcha-%E7%94%98%E5%85%8E%E5%BA%B5/L91BUX7HQgueFsEDvBpTbw,berkeley-california
https://www.ubereats.com/san-francisco/food-delivery/third-culture-bakery/nFsEe9HoRJCW26-I3J3-yw,berkeley-california
https://www.ubereats.com/san-francisco/food-delivery/cheese-steak-shop/qY1ugpFnQ1azDEm3dZtYCg,berkeley-california
https://www.ubereats.com/san-francisco/food-delivery/matiki-island-bbq-%26-brew/79nwCkTdS6-UTqLPBcOdzQ,berkeley-california
https://www.ubereats.com/san-francisco/food-delivery/taqueria-la-selva/9JTLC439T3G8wh-tVOz1qA,berkeley-california
https://www.ubereats.com/san-francisco/food-delivery/turkish-kitchen/4Pi1kOQvTH6bGelpqO2_9w,berkeley-california
https://www.ubereats.com/san-francisco/food-delivery/pretty-lady/dAygdPUVRa6IsW6SciYedQ,berkeley-california
https://www.ubereats.com/san-francisco/food-delivery/chipotle-mexican-grill-3017-broadway/7ZpHjH29RF2tbBGz6-wfBA,berkeley-california
https://www.ubereats.com/san-francisco/food-delivery/chipotle-mexican-grill-1050-gilman-st/6YrVVt66R1eh87ufLv9JbQ,berkeley-california
https://www.ubereats.com/san-francisco/food-delivery/sala-thai-richmond/YDf743bNR-Sv01hcJR0KfA,berkeley-california
https://www.ubereats.com/san-francisco/food-delivery/ihop-11511-san-pablo-ave/KJvNf2Q8TqqlHOoiafV_kg,berkeley-california
https://www.ubereats.com/san-francisco/food-delivery/homegrown-oakland/anXz1apLRxq0OQRNVKamSw,berkeley-california
https://www.ubereats.com/san-francisco/food-delivery/project-juice-berkeley/i_nDkFeoQ0673Ut1YnvYHA,berkeley-california
https://www.ubereats.com/san-francisco/food-delivery/subway-4250-macdonald-ave/BkZdg2zNQyqAXafq_4hR3Q,berkeley-california
https://www.ubereats.com/san-francisco/food-delivery/mellana-cafe/qKHYBasWRmyLXHM0PUCmDw,berkeley-california
https://www.ubereats.com/san-francisco/food-delivery/berkeley-sandwich-house/_lyDJ86pQxSNwV9MzlQw6g,berkeley-california
https://www.ubereats.com/san-francisco/food-delivery/paradigm-pizzas/nk-SymhNSwGCwqcHAFADAQ,berkeley-california
https://www.ubereats.com/san-francisco/food-delivery/ez-taqueria/gxMtrJM7RiW7Ge3AoUa59A,berkeley-california
https://www.ubereats.com/san-francisco/food-delivery/quickly/fsaT60ryRyKd8huM0uMnuw,berkeley-california
https://www.ubereats.com/san-francisco/food-delivery/chloe-cafe/G1ymyy19RaC08OmLon1xnA,berkeley-california
https://www.ubereats.com/san-francisco/food-delivery/burgerim-2300-el-portal-dr-unit-d/Mbi56Q_nQhSpKkaKjJHrFw,berkeley-california
https://www.ubereats.com/san-francisco/food-delivery/fortune-cookie/eHk6_C9_ShCOZwKP6MAxlQ,berkeley-california
https://www.ubereats.com/san-francisco/food-delivery/criollos-mexican-and-mediterranean-cuisine/mipzcFvcR52Y1WJe96Dl-A,berkeley-california
https://www.ubereats.com/san-francisco/food-delivery/genesis-mexican-restaurant/9lnw1tsPRnafGhA2tFlIYQ,berkeley-california
https://www.ubereats.com/san-francisco/food-delivery/bangkok-garden/77AqXeMjT0Ctb0Atu6u2pw,berkeley-california
https://www.ubereats.com/san-francisco/food-delivery/granny-pannies-pancakes/zwZ9xCFnRQaXAQAXdReIpw,berkeley-california
https://www.ubereats.com/san-francisco/food-delivery/great-wall-chinese-restaurant/VRT3otJqQyO5GnEHorgJUw,berkeley-california
https://www.ubereats.com/san-francisco/food-delivery/cream-5th-st/1KPeK6U7TwarYWZF-iynIQ,berkeley-california
https://www.ubereats.com/san-francisco/food-delivery/albany-taproom/cexrzI4mRme9ycT7LPF_Kw,berkeley-california
https://www.ubereats.com/san-francisco/food-delivery/quick-bite/Jsm39d1sTL289iOoxZA0-w,berkeley-california
https://www.ubereats.com/san-francisco/food-delivery/masabaga/4yRHri5_SLK_B71uSJVyZg,berkeley-california
https://www.ubereats.com/san-francisco/food-delivery/orchids-thai/YlgGP8pVTreLO2LgGq01Ww,berkeley-california
https://www.ubereats.com/san-francisco/food-delivery/truffle-and-cheese/mS7BJVhpSHqXLpPkysCV2Q,berkeley-california
https://www.ubereats.com/san-francisco/food-delivery/delhi-diner/c_LletboR1GcXq91MFKNYA,berkeley-california
https://www.ubereats.com/san-francisco/food-delivery/maison-bleue-cafe-bistro/XRWbdxpbQVe01RXMNI0SrA,berkeley-california
https://www.ubereats.com/san-francisco/food-delivery/dennys-1776-powell-street/mGFe2PG3TYSCvYw7OmYYow,berkeley-california
https://www.ubereats.com/san-francisco/food-delivery/little-star-pizza-albany/8Lc6_D3sQ--4edlUYt44IQ,berkeley-california
https://www.ubereats.com/san-francisco/food-delivery/krispy-krunchy-chicken-richmond-3/DxgHEdK1T2WKQKVBZi2wzA,berkeley-california
https://www.ubereats.com/san-francisco/food-delivery/brazil-cafe-berkeley-llc/69p5qY30R3q1RWhIow0rgA,berkeley-california
https://www.ubereats.com/san-francisco/food-delivery/southside-station/QWmsWbBNQ9qYeGzntp8_-A,berkeley-california
https://www.ubereats.com/san-francisco/food-delivery/philz-coffee-1313-9th-st-suite-110/WnZjjflOTJGp9Y2U_UxtyQ,berkeley-california
https://www.ubereats.com/san-francisco/food-delivery/east-ocean-seafood-restaurant/xsAVhH3WQPeh3Rtz9319Vw,berkeley-california
https://www.ubereats.com/san-francisco/food-delivery/barneys-gourmet-hamburgers-solano/lC0fyB8NRxiKFm82xo8Cfg,berkeley-california
https://www.ubereats.com/san-francisco/food-delivery/venus-solano/h6Q-D1JsR8eva4txkVmd8g,berkeley-california
https://www.ubereats.com/san-francisco/food-delivery/kebab-express/kVq504WKST-bZgUkj0HjxA,berkeley-california
https://www.ubereats.com/san-francisco/food-delivery/qq-express-chinese-food/SzUdGLhQTFWZd24AjPzHwg,berkeley-california
https://www.ubereats.com/san-francisco/food-delivery/rojbas-grill/FmLBebGASGemaBO5S_q4cA,berkeley-california
https://www.ubereats.com/san-francisco/food-delivery/panda-express-1473-fitzgerald-dr/oUARUPEsRhq5O2OVqBp6pA,berkeley-california
https://www.ubereats.com/san-francisco/food-delivery/cupcakin-bake-shop/W34BWeQoQFmq7Z9XAyBQNQ,berkeley-california
https://www.ubereats.com/san-francisco/food-delivery/mr-green-bubble-piedmont/4K8u_jiaS-WOiJDss2QQYw,berkeley-california
https://www.ubereats.com/san-francisco/food-delivery/sizzler-1515-fitzgerald-dr/QmDCRXpgRr6DoYoycBJx4Q,berkeley-california
https://www.ubereats.com/san-francisco/food-delivery/mehak-indian-cuisine/lblHxLTPQQWQbZxsgXo5OQ,berkeley-california
https://www.ubereats.com/san-francisco/food-delivery/lbs-barbaque/kuBIAXmbQfGFlQd44eWJmg,berkeley-california
https://www.ubereats.com/san-francisco/food-delivery/zut!-tavern/x_mrgbH4Q6OBZdFdfISQAw,berkeley-california
https://www.ubereats.com/san-francisco/food-delivery/bunbaocom-pleantea/INxfg4vVSHWGD2A4KliCtg,berkeley-california
https://www.ubereats.com/san-francisco/food-delivery/honey-baked-ham-oakland/18z_HNHLR9SfT3MDbQ4axQ,berkeley-california
https://www.ubereats.com/san-francisco/food-delivery/jack-in-the-box-6510-telegraph-ave/UR_IHwpUTEWo0ike1s3p_A,berkeley-california
https://www.ubereats.com/san-francisco/food-delivery/curry-up-now-oakland/vRVZnU7ORN6YXSTF_Nx8NQ,berkeley-california
https://www.ubereats.com/san-francisco/food-delivery/organic-meals-to-go/O8h4ezWlSBa2g2i-BDLpMA,berkeley-california
https://www.ubereats.com/san-francisco/food-delivery/atcha-thai-bistro/0z8r46gzTQaVcUAfoKqmbQ,berkeley-california
https://www.ubereats.com/san-francisco/food-delivery/wings-and-things-express/czk8sBxPRoKLS9SpVL7eTw,berkeley-california
https://www.ubereats.com/san-francisco/food-delivery/gilman-grill/sB2HAGAAToe98cGdb901_g,berkeley-california
https://www.ubereats.com/san-francisco/food-delivery/urbann-turbann/l66lfVh1SmeSduuzHRdGzQ,berkeley-california
https://www.ubereats.com/san-francisco/food-delivery/sams-crispy-chicken-oakland/CCjeHRPlS6O0f5DKa2wkOQ,berkeley-california
https://www.ubereats.com/san-francisco/food-delivery/assemble-restaurant/roPJL2WOSXWuqEiQkQUtWw,berkeley-california
https://www.ubereats.com/san-francisco/food-delivery/trap-kitchen-oakland/yrzrJ4SASzy5c_d6VDzPHw,berkeley-california
https://www.ubereats.com/san-francisco/food-delivery/cafe-buenos-aires/1RU5kxn3Ssux7B7ssrWO5Q,berkeley-california
https://www.ubereats.com/san-francisco/food-delivery/brazil-cafe-bistro/qKoDFF37R2Cap5pgBZY_iQ,berkeley-california
https://www.ubereats.com/san-francisco/food-delivery/tigerlily-berkeley/VhfrUUzJTKKID9M8p10BDw,berkeley-california
https://www.ubereats.com/san-francisco/food-delivery/little-gem-belgian-waffles/NudH10inQZ2Lq4Bif6GEEw,berkeley-california
https://www.ubereats.com/san-francisco/food-delivery/mashallah-halal-food-truck/yFBjNXXYQhGHnfkvW7VVVQ,berkeley-california
https://www.ubereats.com/san-francisco/food-delivery/pane-italiano-qualita/L5OgBVhMSuWlGHRJYlF4DA,berkeley-california
https://www.ubereats.com/san-francisco/food-delivery/jack-in-the-box-5920-cutting-blvd/0StmV46CS3utV50gPzk3Bg,berkeley-california
https://www.ubereats.com/san-francisco/food-delivery/tammys-chicken-in-waffle/YkcdssZ_Q6KEqjp8B3uLJQ,berkeley-california
https://www.ubereats.com/san-francisco/food-delivery/pho-k-%26-k/C7mFcjiQS7u6u_UbugTz4w,berkeley-california
https://www.ubereats.com/san-francisco/food-delivery/starbucks-fruitvale-%26-i-880/bOa3kvHFRra0A740iZa_BA,berkeley-california
https://www.ubereats.com/san-francisco/food-delivery/huangcheng-noodles/2Ka0_7q4Q6SHNQgo2FQFjA,berkeley-california
https://www.ubereats.com/san-francisco/food-delivery/taqueria-nueva-italia/beBh-UE5TEy-45Jlhf8ftA,berkeley-california
https://www.ubereats.com/san-francisco/food-delivery/mountain-mikes-pizza-10750-san-pablo-ave/s5FHDcLCRGic0RVvLWEq6Q,berkeley-california
https://www.ubereats.com/san-francisco/food-delivery/the-ice-cream-shop/uUYGmdFxQHqbZBJjxsRWng,berkeley-california
https://www.ubereats.com/san-francisco/food-delivery/phosho-dough/o1D2n0-ESY-az6mSyCiHdg,berkeley-california
https://www.ubereats.com/san-francisco/food-delivery/pupuseria-la-china/pBWlVb2YSpiNI0bx8vmzEQ,berkeley-california
https://www.ubereats.com/san-francisco/food-delivery/vegan-mob/ilO2qPkbSPiS1sNV7Jxw_g,berkeley-california
https://www.ubereats.com/san-francisco/food-delivery/flaming-burger/YJ5aBAdeQY-XonSMnXEOZQ,berkeley-california
https://www.ubereats.com/san-francisco/food-delivery/mcdonalds-shattuck-ave/qAIaWTpGSMa3smoTs66q4g,berkeley-california
https://www.ubereats.com/san-francisco/food-delivery/pollos-asados-don-rafa/OzF47HUhQ0yIhLq1Vjda-Q,berkeley-california
https://www.ubereats.com/san-francisco/food-delivery/almare-gelato-italiano/lBn4AIK7RLaju7zgg_BOkw,berkeley-california
https://www.ubereats.com/san-francisco/food-delivery/oriental-restaurant/M340iVEfQOqam_mD-6Lr7Q,berkeley-california
https://www.ubereats.com/san-francisco/food-delivery/barcote-ethiopian-restaurant/ur7diPGjQAalG0E1pGY7Zw,berkeley-california
https://www.ubereats.com/san-francisco/food-delivery/a16-rockridge/VVYdJNtySMidS_RTOTocmg,berkeley-california
https://www.ubereats.com/san-francisco/food-delivery/spicy-bite/_dFPSHEjRfyP_p1Z3VIodQ,berkeley-california
https://www.ubereats.com/san-francisco/food-delivery/mama-lamees/LbIQwHG_QOq5x8QeMsLaZA,berkeley-california
https://www.ubereats.com/san-francisco/food-delivery/antojitos-mexicanos-el-chiquilin/IfbLjb6ZR2CbpocdOKH3EQ,berkeley-california
https://www.ubereats.com/san-francisco/food-delivery/the-veg-hub/M145wZ8JR6eiUMZXhFvJFQ,berkeley-california
https://www.ubereats.com/san-francisco/food-delivery/boss-1187-solano-ave/xVEZy7zgR9eFN_gES8VSpQ,berkeley-california
https://www.ubereats.com/san-francisco/food-delivery/sushinista/inqFY9EuQN2CtywAPYj4qw,berkeley-california
https://www.ubereats.com/san-francisco/food-delivery/aburaya/IRRvg68-SOSfp1V__u6pSA,berkeley-california
https://www.ubereats.com/san-francisco/food-delivery/gios-pizza-and-bocce-berkeley/PKq88TXtSYyG8jbgUL48_g,berkeley-california
https://www.ubereats.com/san-francisco/food-delivery/sideshow-kitchen/ATYWRlbuSfezw7SqBj1Mwg,berkeley-california
https://www.ubereats.com/san-francisco/food-delivery/thai-delight-cuisine/bKgH0xKTTLqDeoRQh5pV_g,berkeley-california
https://www.ubereats.com/san-francisco/food-delivery/fry-me-a-river/zgQZ2Jf2RMSRZFrvtuwb8w,berkeley-california
https://www.ubereats.com/san-francisco/food-delivery/joy-cafe/9ToNFEpVTViooDzpzulLOw,berkeley-california
https://www.ubereats.com/san-francisco/food-delivery/monkey-thai/_GVpNOhfR5SQapVtVBH0qg,berkeley-california
https://www.ubereats.com/san-francisco/food-delivery/hunan-villa/FtVYY2TWSTGC5NriMKOV1w,berkeley-california
https://www.ubereats.com/san-francisco/food-delivery/the-rare-barrel/fv1KGTUwQuGd8qzS2MDtuw,berkeley-california
https://www.ubereats.com/san-francisco/food-delivery/proposition-chicken-oakland/uaTkjdh5RB6vHY_b_juiCA,berkeley-california
https://www.ubereats.com/san-francisco/food-delivery/menchies-frozen-yogurt-1862-euclid-ave/8YY7zu8oQl2GksMvPFVLCg,berkeley-california
https://www.ubereats.com/san-francisco/food-delivery/m-%26-s-kitchen/7cIf1m1wQzGUDoxumiJPmg,berkeley-california
https://www.ubereats.com/san-francisco/food-delivery/san-francisco-pizza-%26-restaurant/cncUrRVFSP-aJBX3N4bB7w,berkeley-california
https://www.ubereats.com/san-francisco/food-delivery/alice-street-bakery-cafe/Dyhq8ETTRFaBCeZRXzGZpw,berkeley-california
https://www.ubereats.com/san-francisco/food-delivery/moe-sushi-and-grill/heyq8m1ITIOyL4zR5UZ_DQ,berkeley-california
https://www.ubereats.com/san-francisco/food-delivery/kfc-15555-san-pablo-ave/W23HTqUzS5ONFuo6d2rv7Q,berkeley-california
https://www.ubereats.com/san-francisco/food-delivery/rubys-cafe/GUKUUJ2WR_Geuosv9VDIKg,berkeley-california
https://www.ubereats.com/san-francisco/food-delivery/beta-lounge/1jd19FulSa-cBnBY4Nw1pw,berkeley-california
https://www.ubereats.com/san-francisco/food-delivery/cafe-teatro/6eZH-BcTQoKWeg7HXlEWqg,berkeley-california
https://www.ubereats.com/san-francisco/food-delivery/clove-and-hoof/pBf1kfD3RYS7WMUvav2rAg,berkeley-california
https://www.ubereats.com/san-francisco/food-delivery/portumex/Z3BsMvBtRwi8TN6PF445WA,berkeley-california
https://www.ubereats.com/san-francisco/food-delivery/i-scream-donuts/veN3O7qURJ2Iy4MyzjejsA,berkeley-california
https://www.ubereats.com/san-francisco/food-delivery/carls-jr-3770-telegraph-ave/65IF872dQS-UEJE7_tRsGA,berkeley-california
https://www.ubereats.com/san-francisco/food-delivery/vanessas-bistro/6sc2FsX6Q3-tsQxIS5sNsA,berkeley-california
https://www.ubereats.com/san-francisco/food-delivery/between-the-bun/CqxW-LcqQhSyVIXiXKPOTA,berkeley-california
https://www.ubereats.com/san-francisco/food-delivery/the-fat-lady/bvxuNaMeTlyoB8t7G0twBg,berkeley-california
https://www.ubereats.com/san-francisco/food-delivery/cauliflower-pizza-kitchen/YOPB4GwIToCDtUl_CP2Qeg,berkeley-california
https://www.ubereats.com/san-francisco/food-delivery/bag-o-crab/S2wy2B-BTXaCIh4eScVqdA,berkeley-california
https://www.ubereats.com/san-francisco/food-delivery/475-cafe/aecX2LPmSmO4XpnP4gEF7Q,berkeley-california
https://www.ubereats.com/san-francisco/food-delivery/simply-bowl/9FSj02YSSVeibLLZvikhfA,berkeley-california
https://www.ubereats.com/san-francisco/food-delivery/ihop-1765/TrjiciuKQ8-clamaZUSSuQ,berkeley-california
https://www.ubereats.com/san-francisco/food-delivery/krispy-krunchy-chicken/rOLUe-t1TQOTyYervT7SFw,berkeley-california
https://www.ubereats.com/san-francisco/food-delivery/panda-express-1151-40th-st/5y0qZDF-S8WXCs1a5Yn5Bg,berkeley-california
https://www.ubereats.com/san-francisco/food-delivery/subway-1615-solano-ave/9YTX2QRoTimW4uHq8FNYIQ,berkeley-california
https://www.ubereats.com/san-francisco/food-delivery/fusionmediterranean/J_Owy05JTKyAJoLg6apbaw,berkeley-california
https://www.ubereats.com/san-francisco/food-delivery/black-bear-diner-5750-christie-avenue/rD7jjXzETHSns-s5ZhSrog,berkeley-california
https://www.ubereats.com/san-francisco/food-delivery/las-cabanas-mexican-grill-%26-taqueria/pyNGh6nyQe6NrG7rTS3Cmw,berkeley-california
https://www.ubereats.com/san-francisco/food-delivery/namaste-pizza-oakland/WpMeSyuHTd2NrkoKqix5IQ,berkeley-california
https://www.ubereats.com/san-francisco/food-delivery/the-flying-falafel-berkeley/HOlCQDKRQDKAWMvdQc1bDw,berkeley-california
https://www.ubereats.com/san-francisco/food-delivery/thai-basil-cuisine/XgcWB_3MQo-AFGxIRb-gvA,berkeley-california
https://www.ubereats.com/san-francisco/food-delivery/kathmandu-restaurant/oFr1AUhuT126hzt2YOtcJQ,berkeley-california
https://www.ubereats.com/san-francisco/food-delivery/sa-wad-dee-thai-restaurant/cRb4wDHeQfaW_hwC0w2Q3g,berkeley-california
https://www.ubereats.com/san-francisco/food-delivery/quickly/eFMxMkY9S8SS6-NFDoD6Xw,berkeley-california
https://www.ubereats.com/san-francisco/food-delivery/why-cook/4-Xb1f9qTMiM78rM1uea0g,berkeley-california
https://www.ubereats.com/san-francisco/food-delivery/americana-pizza-%26-taqueria/RTa99vt9SFK_68Rty0nd_A,berkeley-california
https://www.ubereats.com/san-francisco/food-delivery/nells-house/YjrZy5PARP-fkOHLhZZ-kg,berkeley-california
https://www.ubereats.com/san-francisco/food-delivery/roti-%26-pizza/-iLZkxBUStW_Kwm4G1AhQA,berkeley-california
https://www.ubereats.com/san-francisco/food-delivery/lucias-pizzeria/2owV-B1-SUaVrC_--indPg,berkeley-california
https://www.ubereats.com/san-francisco/food-delivery/happy-burrito-%232/0r9qXrLaRKirPciReAg6lw,berkeley-california
https://www.ubereats.com/san-francisco/food-delivery/baja-cali-taqueria-%26-grill/35tEau9tTNSQD0U0rboAwA,berkeley-california
https://www.ubereats.com/san-francisco/food-delivery/papa-cho/4TbOn7SvSMCAsV1axXYm3Q,berkeley-california
https://www.ubereats.com/san-francisco/food-delivery/the-ice-cream-shop/TzA_s33YRyGQ0ePgjb6CzQ,berkeley-california
https://www.ubereats.com/san-francisco/food-delivery/starbucks-christie-%26-shellmound-emeryville/7QDcD52gSWG6IOUtQb-d8Q,berkeley-california
https://www.ubereats.com/san-francisco/food-delivery/mun-cheese-pizza-and-grill/c7UVcsxSTCyZgOjqmlFqew,berkeley-california
https://www.ubereats.com/san-francisco/food-delivery/burger-king-1541-east-12th-street/D_JCN2JgS2q0xt5QZtwMiQ,berkeley-california
https://www.ubereats.com/san-francisco/food-delivery/al-maida-hot-food/a7OPezGHT-CznNl-uvjePg,berkeley-california
https://www.ubereats.com/san-francisco/food-delivery/pho-hoa-pinole/QyE7x4mXQAi7qpsOf-6hBQ,berkeley-california
https://www.ubereats.com/san-francisco/food-delivery/local-food-hall-berkeley/etVHhTdkRJSRyfOUfb_Xrg,berkeley-california
https://www.ubereats.com/san-francisco/food-delivery/dosirak-shop/j436TtljT2Sq4Ip1DfmURQ,berkeley-california
https://www.ubereats.com/san-francisco/food-delivery/organic-greens-oakland/5EiDoPFaRaqqHDKsa9guxQ,berkeley-california
https://www.ubereats.com/san-francisco/food-delivery/grocery-cafe/iJTDPWapSMGR-9HvzmM74Q,berkeley-california
https://www.ubereats.com/san-francisco/food-delivery/the-ice-cream-shop/3VEOWFwWTRyJxlfIHDpN_Q,berkeley-california
https://www.ubereats.com/san-francisco/food-delivery/koja-kitchen-emeryville/j9Q-exO4SyWaTTJMFqL9EQ,berkeley-california
https://www.ubereats.com/san-francisco/food-delivery/oasis-kitchen-oakland/enbHyzEuTQGHPMXndqmSUw,berkeley-california
https://www.ubereats.com/san-francisco/food-delivery/deli-belli/as4sgjeHSDe87s8XTzt_AA,berkeley-california
https://www.ubereats.com/san-francisco/food-delivery/hk-home-kitchen/vepMaf-UT_GvtYHmy08zEQ,berkeley-california
https://www.ubereats.com/san-francisco/food-delivery/falafel-boy/KiZtk-k-Toug7iHzzYScbA,berkeley-california
https://www.ubereats.com/san-francisco/food-delivery/starbucks-san-pablo-%26-wall-el-cerrito/fsIzUuGJTrC1o6tsdwICUw,berkeley-california
https://www.ubereats.com/san-francisco/food-delivery/vital-vittles-bakery/3LYVfYUkQQ-EvpgTq-1qQQ,berkeley-california
https://www.ubereats.com/san-francisco/food-delivery/amicis-east-coast-pizzeria-berkeley/oT1Hs-aASgK_QGz2TRaFSA,berkeley-california
https://www.ubereats.com/san-francisco/food-delivery/maya-thai-laos-restaurant/wUjG2Kl9RVOsv4ajDvIFyA,berkeley-california
https://www.ubereats.com/san-francisco/food-delivery/la-quetzalteca/E-E1iLrGRJaBKHhBJlylAQ,berkeley-california
https://www.ubereats.com/san-francisco/food-delivery/gabriellas-new-york-city-pizza-oakland/BWZNKz19SpiVW-D5o0DrCA,berkeley-california
https://www.ubereats.com/san-francisco/food-delivery/los-moles/KQ5Qmi56TC-sfgSzrTdtpg,berkeley-california
https://www.ubereats.com/san-francisco/food-delivery/churchs-chicken-11575-san-pablo-avenue/dICUiK2TTnGh_wWYKcIMww,berkeley-california
https://www.ubereats.com/san-francisco/food-delivery/daryoush/MnU_s2sKTi2Z8qV8L-sb7Q,berkeley-california
https://www.ubereats.com/san-francisco/food-delivery/dyar-mediterranean-cuisine/rQRbK7iDT1aIQsom4Ic5NQ,berkeley-california
https://www.ubereats.com/san-francisco/food-delivery/eat%40thai/2uf7P1mJTT67MNvuSh8Biw,berkeley-california
https://www.ubereats.com/san-francisco/food-delivery/oori-rice-triangles-college-ave/OYTiAF9SSRq-fTHimkQ_kQ,berkeley-california
https://www.ubereats.com/san-francisco/food-delivery/breads-of-india-inc/sSp8jmjkQyazjRcpUeyXtg,berkeley-california
https://www.ubereats.com/san-francisco/food-delivery/mcdonalds-telegraph-ave/nf_exyiKQEmtZ5X7RbsDOQ,berkeley-california
https://www.ubereats.com/san-francisco/food-delivery/bopshop/nujVjoYRRnyb_k2MBNV_WQ,berkeley-california
https://www.ubereats.com/san-francisco/food-delivery/cafe-dejena/pqHNFqIzSWSZq372Q0gluw,berkeley-california
https://www.ubereats.com/san-francisco/food-delivery/northside-cafe/EHY8SSfGRXOg9poDreGBaw,berkeley-california
https://www.ubereats.com/san-francisco/food-delivery/barneys-gourmet-hamburgers-oakland/jpeUqFPVRgux5TF1UQ2aMg,berkeley-california
https://www.ubereats.com/san-francisco/food-delivery/raymonds-pizzeria/g-QQ9fL5TM2qiFn6a_7T1g,berkeley-california
https://www.ubereats.com/san-francisco/food-delivery/easterly-berkeley/FLKNf2a4StyRDd8FEnX11A,berkeley-california
https://www.ubereats.com/san-francisco/food-delivery/mountain-mikes-pizza-504-center-st/7dHWccpcQbWwtfxyry-rwQ,berkeley-california
https://www.ubereats.com/san-francisco/food-delivery/jack-in-the-box-4425-telegraph-ave/0AFkTgs0TouL2zo1bxSY1Q,berkeley-california
https://www.ubereats.com/san-francisco/food-delivery/kfc-tb-6035-telegraph-road/YtiBXKLTTXG0SoU0WlRS5w,berkeley-california
https://www.ubereats.com/san-francisco/food-delivery/dara-thai-lao-cuisine/g5a5joOHSIWidtRsG8BBTw,berkeley-california
https://www.ubereats.com/san-francisco/food-delivery/the-well/LOtIrnBdQzutwv7mtIpE4Q,berkeley-california
https://www.ubereats.com/san-francisco/food-delivery/grammies-down-home-chicken-%26-seafood/JZDLRGr2SyS09ukUaTuUNQ,berkeley-california
https://www.ubereats.com/san-francisco/food-delivery/tamon-tea/mwkoz1J-TwKMghNs6DTL4A,berkeley-california
https://www.ubereats.com/san-francisco/food-delivery/barneys-gourmet-hamburgers-piedmont/PVqDdPtaRmqEr10Hu6adUQ,berkeley-california
https://www.ubereats.com/san-francisco/food-delivery/c-js-barbecue-%26-fish/iYn18GkoS_W0yMDVju8Y_A,berkeley-california
https://www.ubereats.com/san-francisco/food-delivery/chubby-pie-oakland/67I4ZNq4TMaWejMUTlNLOQ,berkeley-california
https://www.ubereats.com/san-francisco/food-delivery/jersey-mikes-subs-30-san-pablo-towne-ctr/bINUbxcJRuO-4ke6LHr9Gw,berkeley-california
https://www.ubereats.com/san-francisco/food-delivery/organic-greens/9ArvlLk2RyyumAgZ0Bh3DA,berkeley-california
https://www.ubereats.com/san-francisco/food-delivery/yaya-poki/KNnDbtGGTTmBPr4a-CqShA,berkeley-california
https://www.ubereats.com/san-francisco/food-delivery/el-agavero-restaurant/lexlylE6QHS7KCorKZ49rA,berkeley-california
https://www.ubereats.com/san-francisco/food-delivery/savemore-market-deli/shUdovsVT1O9iRWny6qz1A,berkeley-california
https://www.ubereats.com/san-francisco/food-delivery/panda-express-5108-broadwaysuite-k108/uSgxxZWKSzqGVCwpWtE1uw,berkeley-california
https://www.ubereats.com/san-francisco/food-delivery/seison/j638-zT4RBOzFJ7x34JvvQ,berkeley-california
https://www.ubereats.com/san-francisco/food-delivery/zing-cafe/ZCCIQoRERX6V-e9o_HQkwA,berkeley-california
https://www.ubereats.com/san-francisco/food-delivery/krispy-rice-oakland/bBfIsKAkTPmg3Kp36YD3Ow,berkeley-california
https://www.ubereats.com/san-francisco/food-delivery/kathmandu-market-%26-deli/2IEe7Ue9Tja0oQA1uUkyxg,berkeley-california
https://www.ubereats.com/san-francisco/food-delivery/the-pearl-house/HfsEFbDTStCTr-EmXf_wkw,berkeley-california
https://www.ubereats.com/san-francisco/food-delivery/burgerim-174-el-cerrito-plaza-suite-b/aQrbixmUSuq_1n_lt7mjkQ,berkeley-california
https://www.ubereats.com/san-francisco/food-delivery/poke-bar-berkeley/8FiMXcoSRny-MZ-w0KRbsg,berkeley-california
https://www.ubereats.com/san-francisco/food-delivery/the-noodle-company-famous-bao/LPFk5B7jTzChcAHZtbDLjw,berkeley-california
https://www.ubereats.com/san-francisco/food-delivery/the-artisan-kitchen/LAtWYs-AT8qrz7SnSfDEOw,berkeley-california
https://www.ubereats.com/san-francisco/food-delivery/marugame-udon-berkeley/W23wlsNRR82FbsmRlgxF7A,berkeley-california
https://www.ubereats.com/san-francisco/food-delivery/miss-saigon-oakland/bdQREgIFTLCcbtb571oW3Q,berkeley-california
https://www.ubereats.com/san-francisco/food-delivery/lake-chalet/sywBFpzyQ16x0j0SNnksFQ,berkeley-california
https://www.ubereats.com/san-francisco/food-delivery/dosa-by-dosa-emeryville/WXieoDUERmSQJ9FHIHU9Hg,berkeley-california
https://www.ubereats.com/san-francisco/food-delivery/jamba-juice-2514-bancroft-way/E9dukaVcSVaFF5gTPo7SbA,berkeley-california
https://www.ubereats.com/san-francisco/food-delivery/la-strada-italian-restaurant/870MivukRlqMhxZLYGrKpw,berkeley-california
https://www.ubereats.com/san-francisco/food-delivery/punjabi-kitchen/pnBESYqXRo6AT1CDXAg4qQ,berkeley-california
https://www.ubereats.com/san-francisco/food-delivery/organic-greens-solano/LRITO9nKStiVDEtUboUCPA,berkeley-california
https://www.ubereats.com/san-francisco/food-delivery/burger-king-1571-fitzgerald-drive/iM8cw5ddRluTU7QWZ6-JtA,berkeley-california
https://www.ubereats.com/san-francisco/food-delivery/krispy-krunchy-chicken/huNLEYmGTce1_qu4U8Cb3g,berkeley-california
https://www.ubereats.com/san-francisco/food-delivery/yummy-pizza-and-sandwiches/wnS7ddPcSm25tfqpDnvKtA,berkeley-california
https://www.ubereats.com/san-francisco/food-delivery/tuk-tuk-thai/AzxeZtG_S9CA8LpOTtfDuw,berkeley-california
https://www.ubereats.com/san-francisco/food-delivery/dalicias-taqueria/oPVsX0wxTLSkT5DyxTXTUQ,berkeley-california
https://www.ubereats.com/san-francisco/food-delivery/miyozen/5iQieYfGQsKViKZqBquZ1Q,berkeley-california
https://www.ubereats.com/san-francisco/food-delivery/mr-pickles-sandwich-shop-el-cerrito/QOYitDwhRt2EFpSLXO6yDw,berkeley-california
https://www.ubereats.com/san-francisco/food-delivery/king-pin-donuts/bMSm3ttiTGmvvQMTttcy5Q,berkeley-california
https://www.ubereats.com/san-francisco/food-delivery/paradise-park-cafe/JhXWnZART820QBPjCb64Wg,berkeley-california
https://www.ubereats.com/san-francisco/food-delivery/finas-pizza/YuTPqDeHQZKkuuY6phqDsQ,berkeley-california
https://www.ubereats.com/san-francisco/food-delivery/sasa-kitchen/2A_xCeajRL-2-1tz2Bs2FA,berkeley-california
https://www.ubereats.com/san-francisco/food-delivery/himalayan-cuisine/pakosprMQleWxbypWom5CA,berkeley-california
https://www.ubereats.com/san-francisco/food-delivery/razans-organic-kitchen/ojqCEhYaRqqlN0DEk6BDoA,berkeley-california
https://www.ubereats.com/san-francisco/food-delivery/the-noodle-house/2777gLwqTkeIKzL_gZSkXA,berkeley-california
https://www.ubereats.com/san-francisco/food-delivery/bunz/ySHjck9NTwGKz-Ni-6KTYw,berkeley-california
https://www.ubereats.com/san-francisco/food-delivery/krispy-krunchy-chicken-2237-shattuck-ave/eemz_LuSQ1aZG9wGJ29krw,berkeley-california
https://www.ubereats.com/san-francisco/food-delivery/berkeley-espresso/pMJRIrKnTlOkCTSvzoBFFA,berkeley-california
https://www.ubereats.com/san-francisco/food-delivery/udupi-palace-berkeley/8euPt_yVTFC4RS_rfV0yAA,berkeley-california
https://www.ubereats.com/san-francisco/food-delivery/ultimate-grounds-et-al-coffee-%26-tea/ht3_U8AZSpq2GDoYILyVgw,berkeley-california
https://www.ubereats.com/san-francisco/food-delivery/symas-mexican-grill/NaU9KiKHRw-Z7aReKBR9OQ,berkeley-california
https://www.ubereats.com/san-francisco/food-delivery/kims-cafe-%26-sandwiches/0Gd3rPXIRsGO-PxiffhqMg,berkeley-california
https://www.ubereats.com/san-francisco/food-delivery/passione-pizza/CpCP2ZyGSgKWo8AfqKRzuQ,berkeley-california
https://www.ubereats.com/san-francisco/food-delivery/zarris-delicatessan/dXMxvthyQIWRFVFOr5f-Nw,berkeley-california
https://www.ubereats.com/san-francisco/food-delivery/chai-thai-noodle/sWBCwLttSjK41D89beOrCA,berkeley-california
https://www.ubereats.com/san-francisco/food-delivery/holy-hummus/_KNKFMaHQCeV0BOpVMU97A,berkeley-california
https://www.ubereats.com/san-francisco/food-delivery/berkeley-burgers/KlhOarUOTSiOUfvliaCr3w,berkeley-california
https://www.ubereats.com/san-francisco/food-delivery/golden-peacock-restaurant/Y-XcOCBWQFO9eBNyev8Wjg,berkeley-california
https://www.ubereats.com/san-francisco/food-delivery/calibur-express-berkeley/Fc63VxjAQd-ZhcBqtLCWJQ,berkeley-california
https://www.ubereats.com/san-francisco/food-delivery/hana-japan-steak-%26-seafood/XOJokdv3R9uNJCsEoqCxKA,berkeley-california
https://www.ubereats.com/san-francisco/food-delivery/gangnam-tofu/GLHLBBAkS-60ccbWpeypMw,berkeley-california
https://www.ubereats.com/san-francisco/food-delivery/bears-country-grill/oJs3Op_TRaC-mFLCLWjpdg,berkeley-california
https://www.ubereats.com/san-francisco/food-delivery/kfc-12319-san-pablo-avenue/kz0lxb5EQiWAJ0LefHjOyQ,berkeley-california
https://www.ubereats.com/san-francisco/food-delivery/subway-92-shattuck-sq/Z7M_MEzmSlegPev--HgO_g,berkeley-california
https://www.ubereats.com/san-francisco/food-delivery/cafenated-coffee-co/2Ryv8q0FT1OU58u4dyS--A,berkeley-california
https://www.ubereats.com/san-francisco/food-delivery/fresco-mexican-grill/xn_qXxPjT96TgUAfL_lyRg,berkeley-california
https://www.ubereats.com/san-francisco/food-delivery/zacharys-chicago-pizza-berkeley/X04dr6KvRkKuiY6cyAsMuQ,berkeley-california
https://www.ubereats.com/san-francisco/food-delivery/blue-bottle-coffee-2001-franklin-street/zPvrIM6-TnOpD1eVjH2Q9A,berkeley-california
https://www.ubereats.com/san-francisco/food-delivery/ladle-%26-leaf-san-francisco-soup-company/10PTYKPUTGK7Zsto1Qt8JA,berkeley-california
https://www.ubereats.com/san-francisco/food-delivery/telegraph/AoOjtsInTYGGeLsxuYcGtw,berkeley-california
https://www.ubereats.com/san-francisco/food-delivery/kc-fusion-house/JU0M6f5yQ4ewe4qzwBr1iQ,berkeley-california
https://www.ubereats.com/san-francisco/food-delivery/plant-kitchen-power-bowls-oakland/VTPQKEJgR-K326n9oGKZ-w,berkeley-california
https://www.ubereats.com/san-francisco/food-delivery/yokee-milk-tea/-5cdyX3sTr28vl-aJfZGyA,berkeley-california
https://www.ubereats.com/san-francisco/food-delivery/a-taste-of-denmark/st-NWfmkSwqCEoqg3dcX7g,berkeley-california
https://www.ubereats.com/san-francisco/food-delivery/kimchi-garden/N6xOahNaQh6kA1d8tuSXoA,berkeley-california
https://www.ubereats.com/san-francisco/food-delivery/little-caesars-1109-university-ave/A8LtkmvhQSGPHSX8-Au-bQ,berkeley-california
https://www.ubereats.com/san-francisco/food-delivery/nations-giant-hamburgers-moraga/OIRisFU2RvyR294MovBVcA,berkeley-california
https://www.ubereats.com/san-francisco/food-delivery/sobo-ramen/pjWNGgqPQ7aEaM4JR9viXQ,berkeley-california
https://www.ubereats.com/san-francisco/food-delivery/raretea-teaone/OmH4dk-7Qqqi8nxeRfj0nA,berkeley-california
https://www.ubereats.com/san-francisco/food-delivery/krispy-krunchy-chicken/MRuMtb00TtyJiAeE3kHLeQ,berkeley-california
https://www.ubereats.com/san-francisco/food-delivery/ikes-love-and-sandwiches-shattuck/PBmhz2udTTqzGFj9DBJmSg,berkeley-california
https://www.ubereats.com/san-francisco/food-delivery/baiano-pizzeria-berkeley/er4URj75TDyQOF8XArDI-g,berkeley-california
https://www.ubereats.com/san-francisco/food-delivery/los-olivos-restaurant/ZGeinI8KQ-SnQC0-ma-vZw,berkeley-california
https://www.ubereats.com/san-francisco/food-delivery/sumo-japanese-restaurant/830khyn9Q7efpesY1G79uw,berkeley-california
https://www.ubereats.com/san-francisco/food-delivery/koryo-jajang/3Pl9oB7VT56vIDUgv0VPXQ,berkeley-california
https://www.ubereats.com/san-francisco/food-delivery/home-of-chicken-and-waffles/69N5WNgATQm0S2rWi8ugLQ,berkeley-california
https://www.ubereats.com/san-francisco/food-delivery/berkeley-social-club/RcmB2LdkS5WkGJl2z118XA,berkeley-california
https://www.ubereats.com/san-francisco/food-delivery/jack-in-the-box-10409-san-pablo-ave/_WfFRG62SIGl9vdSKKowUw,berkeley-california
https://www.ubereats.com/san-francisco/food-delivery/lumpia-n-desserts/7fgCEdALQsuuTIWBuPazJA,berkeley-california
https://www.ubereats.com/san-francisco/food-delivery/que-onda-tacobar/WHn2GaSWRDSBJTuZfvDGlg,berkeley-california
https://www.ubereats.com/san-francisco/food-delivery/blessed-garden/6gHapqyZSgGceMzYA8aisw,berkeley-california
https://www.ubereats.com/san-francisco/food-delivery/riceful-onigiri/g75zipcMSZKXejVKRgvPQg,berkeley-california
https://www.ubereats.com/san-francisco/food-delivery/papis-pizza-roma/GXXVp_GPTZauLKeaw6542A,berkeley-california
https://www.ubereats.com/san-francisco/food-delivery/koja-kitchen-berkeley/ZrouBODYQKymFAJIADEwmA,berkeley-california
https://www.ubereats.com/san-francisco/food-delivery/hometown-donuts/KirTrWSRRT2qu0KL9TyfHw,berkeley-california
https://www.ubereats.com/san-francisco/food-delivery/z-cafe-%26-bar/ytUW52eoRK-cuJxXmW8FfQ,berkeley-california
https://www.ubereats.com/san-francisco/food-delivery/james-and-the-giant-cupcake/Vg0ytgXKRcKLnDpbS-bMHg,berkeley-california
https://www.ubereats.com/san-francisco/food-delivery/albany-pizza-company/ci0L5GfKQraw0ScUeKh1Sw,berkeley-california
https://www.ubereats.com/san-francisco/food-delivery/lacajou-bakery/STuykOzhSWm1STpKRbClPQ,berkeley-california
https://www.ubereats.com/san-francisco/food-delivery/burma-superstar-oakland/xeA1AUSIQw-uxabQGWDlvg,berkeley-california
https://www.ubereats.com/san-francisco/food-delivery/himalayan-tandoori-%26-curry-house/J8wRqdnkTTWTT1LX2Ty5GQ,berkeley-california
https://www.ubereats.com/san-francisco/food-delivery/grazzy-burgers/Z0O5xcr9TSWz8xCprz_wRg,berkeley-california
https://www.ubereats.com/san-francisco/food-delivery/dee-spot/y8fcfexBTuWzRIoDx360Bg,berkeley-california
https://www.ubereats.com/san-francisco/food-delivery/cafe-umami/DjB_MqLjT1uD6Ujz1IkNtA,berkeley-california
https://www.ubereats.com/san-francisco/food-delivery/sushi-secrets/6au2fCYCRlW7RUB_KyLAdg,berkeley-california
https://www.ubereats.com/san-francisco/food-delivery/the-junket/gJz2Z4ixQZO7yRka4zev6g,berkeley-california
https://www.ubereats.com/san-francisco/food-delivery/house-of-curries/Xu9HpvmnTtCvsFvOaakI6w,berkeley-california
https://www.ubereats.com/san-francisco/food-delivery/taco-bell-1900-webster/8PrYpSRISK2ypmfatHzOsA,berkeley-california
https://www.ubereats.com/san-francisco/food-delivery/drakes-dealership/cJuhFz2RQtOr-quDcAN1Jg,berkeley-california
https://www.ubereats.com/san-francisco/food-delivery/panama-bay-coffee-co/9dzk1cIkTGqnxElXnAgFww,berkeley-california
https://www.ubereats.com/san-francisco/food-delivery/dominic-cafe/LTjGKB8-TMejrXQlK4KxHw,berkeley-california
https://www.ubereats.com/san-francisco/food-delivery/yi-fang-taiwan-fruit-tea/Hc_S-pE-QWGOOR5KuKZ53w,berkeley-california
https://www.ubereats.com/san-francisco/food-delivery/mcdonalds-richmond/5k3hQQIlSZGz-ZmEvz4qOQ,berkeley-california
https://www.ubereats.com/san-francisco/food-delivery/momo-masalas/gvv9hBFjQqW9-v937OsItQ,berkeley-california
https://www.ubereats.com/san-francisco/food-delivery/kips-bar-and-grill/N5VzZSoXRVSSBVvlcqkntg,berkeley-california
https://www.ubereats.com/san-francisco/food-delivery/swad-indian-cuisine/_nw6zkt7T8Sf0STNM-a3ZQ,berkeley-california
https://www.ubereats.com/san-francisco/food-delivery/pattys-%26-buns-burgers/o_o8MsJtT9e3t6VoeRxHNg,berkeley-california
https://www.ubereats.com/san-francisco/food-delivery/krispy-krunchy-chicken-richmond-2/CcjacVrWSTeVKmxjlL8Yxg,berkeley-california
https://www.ubereats.com/san-francisco/food-delivery/steves-korean-bbq/6JSZLa5PSgq2HA_eNcgBYg,berkeley-california
https://www.ubereats.com/san-francisco/food-delivery/mamas-royal-cafe/gywiQCmRQ66jN5cknTjHiQ,berkeley-california
https://www.ubereats.com/san-francisco/food-delivery/dream-fluff-donuts/3vCDzD2HRLCwwGBn3bK8Hw,berkeley-california
https://www.ubereats.com/san-francisco/food-delivery/finfine/nFL3CXojQf2ukURIznR10g,berkeley-california
https://www.ubereats.com/san-francisco/food-delivery/holy-land-restaurant/dfde2L_aRZ6cn8jKMk5UiA,berkeley-california
https://www.ubereats.com/san-francisco/food-delivery/la-burrita/qBRcvp4MT8648k81iHAi4A,berkeley-california
https://www.ubereats.com/san-francisco/food-delivery/mcdonalds-jackson-st/mqXdYXpERpG2iQVIdgBnEQ,berkeley-california
https://www.ubereats.com/san-francisco/food-delivery/subway-14350-laurie-ln/99YPDzt1SeWNcM3oIr1u-Q,berkeley-california
https://www.ubereats.com/san-francisco/food-delivery/los-cerros-mexican-grill/gN9TLr4xTvGrKjhdmEkYjg,berkeley-california
https://www.ubereats.com/san-francisco/food-delivery/milky-way-coffee/J1lvyMYRSyuQpP6WSwd_mg,berkeley-california
https://www.ubereats.com/san-francisco/food-delivery/mandarin-house/0uWlgbORS0qlMGRwSDbghQ,berkeley-california
https://www.ubereats.com/san-francisco/food-delivery/hawking-bird/UthXEUsrRUa-mLbE8wnbLA,berkeley-california
https://www.ubereats.com/san-francisco/food-delivery/cal-gyros-mediterranean-cuisine/RGEsZn5vSoW1-1AWHLfLig,berkeley-california
https://www.ubereats.com/san-francisco/food-delivery/top-up-exclusive/Z2_je8pTTrqnk9ITi7aroA,berkeley-california
https://www.ubereats.com/san-francisco/food-delivery/urban-turban/-QC84hFGRFus1xNWFKSWPQ,berkeley-california
https://www.ubereats.com/san-francisco/food-delivery/enedina-taqueria/Y0M1yDWKSea7k37i_86BSQ,berkeley-california
https://www.ubereats.com/san-francisco/food-delivery/cafe-milano/pjO7U3OFRcCfQV0EyaxhSw,berkeley-california
https://www.ubereats.com/san-francisco/food-delivery/bistro-burger-%26-grill/I38wFzu6R-u-QzWiaEuMcQ,berkeley-california
https://www.ubereats.com/san-francisco/food-delivery/mcdonalds-1198-san-pablo/tP8pQXuESrC4DI6BoV25uw,berkeley-california
https://www.ubereats.com/san-francisco/food-delivery/crave-subs/WLpa-ONxQKSvfVjzdvdogA,berkeley-california
https://www.ubereats.com/san-francisco/food-delivery/uc-dessert/-Yew1g3zTt6qtwi3qrCKYQ,berkeley-california
https://www.ubereats.com/san-francisco/food-delivery/teni-east-kitchen/oGRCPjTXTGOFkjHe4qs6gw,berkeley-california
https://www.ubereats.com/san-francisco/food-delivery/cookie-dough-parlor/dPcRYNlqR3WRN46rEmrHcA,berkeley-california
https://www.ubereats.com/san-francisco/food-delivery/shogun-japanese-sushi-%26-grill/YE2h_qK_R6GHF1t1VMZAvg,berkeley-california
https://www.ubereats.com/san-francisco/food-delivery/shrimp-falafel-mix/_jTZbZLyQ0yzt0hLYw0Xsg,berkeley-california
https://www.ubereats.com/san-francisco/food-delivery/cali-alley/TA5qFqimRpOnyye67oe9tA,berkeley-california
https://www.ubereats.com/san-francisco/food-delivery/happy-burrito/rrpqaYJUTEGDOebit8V-2A,berkeley-california
https://www.ubereats.com/san-francisco/food-delivery/la-vals/mF0kZE-LT3-QoCdOSG4kYg,berkeley-california
https://www.ubereats.com/san-francisco/food-delivery/la-mexican-burrita/OBauNxcjSnmzRaFx0Xb4kw,berkeley-california
https://www.ubereats.com/san-francisco/food-delivery/ethiopia-restaurant/S1SiWLzOTPm7ui2QXzjchA,berkeley-california
https://www.ubereats.com/san-francisco/food-delivery/rendez-vous-cafe-bistro/oWVqwKn7TPyJSPiSs3_diQ,berkeley-california
https://www.ubereats.com/san-francisco/food-delivery/kolobok-the-only-russian-food-truck-in-the-bay-area/Q9EFXGKKRoiO8Kl0ZERN6w,berkeley-california
https://www.ubereats.com/san-francisco/food-delivery/lox-stock-%26-bagel/75ZadqyjSQqM5402AHFUhg,berkeley-california
https://www.ubereats.com/san-francisco/food-delivery/honor-kitchen-%26-cocktails/uT13pknTQHuhwnsV4hI0CA,berkeley-california
https://www.ubereats.com/san-francisco/food-delivery/filippos/HMS39zgNTc-waLbrrPTX6w,berkeley-california
https://www.ubereats.com/san-francisco/food-delivery/wazwan-indian-cuisine/32FDFHSZSBy7qc6EMCo-DA,berkeley-california
https://www.ubereats.com/san-francisco/food-delivery/sweet-basil-thai-berkeley/tfyEx2reTfKHRo2YTMn0OQ,berkeley-california
https://www.ubereats.com/san-francisco/food-delivery/mien-tay-restaurant/Xj9hvSJ8S7C2_mh5UNgz9A,berkeley-california
https://www.ubereats.com/san-francisco/food-delivery/sheng-kee-bakery-richmond/fCn_BlLGSnGnIqdbBgV5YA,berkeley-california
https://www.ubereats.com/san-francisco/food-delivery/nations-giant-hamburgers-orinda/D9bkPmu7Q8257jRE71pzlA,berkeley-california
https://www.ubereats.com/san-francisco/food-delivery/halal-burger-boyz-berkeley/HKz2o2SjQQmyvUyW2tkz9A,berkeley-california
https://www.ubereats.com/san-francisco/food-delivery/nations-giant-hamburgers-berkeley/4FLnu0tcTF-u_Pc0ud9qtA,berkeley-california
https://www.ubereats.com/san-francisco/food-delivery/mexican-corner/ViuN3FHSR2O1ffAwT5UMSw,berkeley-california
https://www.ubereats.com/san-francisco/food-delivery/pinky-and-reds/ZLmiT9LfQuWw6j4CR0W-lw,berkeley-california
https://www.ubereats.com/san-francisco/food-delivery/sushi-island/Z3acgQsLRZWGkSzZE8IYLw,berkeley-california
https://www.ubereats.com/san-francisco/food-delivery/la-marcha-tapas-bar/5fBMavxvRKK0KW2mCFfeog,berkeley-california
https://www.ubereats.com/san-francisco/food-delivery/sweet-bar-bakery/yYwsgp7NSK6kKQ0qMArXiw,berkeley-california
https://www.ubereats.com/san-francisco/food-delivery/tacos-el-rulas/AVxJ3TJVSfmHf2dGUQQnUA,berkeley-california
https://www.ubereats.com/san-francisco/food-delivery/los-cantaros-taqueria-emeryville-ca/lhzVwWt1TjeQwVOSLn7RKg,berkeley-california
https://www.ubereats.com/san-francisco/food-delivery/ibs-berkeley/GnKN2sIuQy6fDSxGcPWglA,berkeley-california
https://www.ubereats.com/san-francisco/food-delivery/dosa-by-dosa-berkeley/iJNYyOwuQ1C45-1F0UM4Ng,berkeley-california
https://www.ubereats.com/san-francisco/food-delivery/wendys-5211-broadway/16E14EGDQa-Xt1M_8ISttw,berkeley-california
https://www.ubereats.com/san-francisco/food-delivery/mountain-mikes-pizza-1516-fitzgerald-dr/33mF2s_0Q2uyrE0N4SZxSw,berkeley-california
https://www.ubereats.com/san-francisco/food-delivery/philz-coffee-6310-college-ave/IAdZQevpTHKt2IoGZyO6Lw,berkeley-california
https://www.ubereats.com/san-francisco/food-delivery/ben-%26-jerrys-2130-center-street/eUaBW21gTKa53KTKUyBtiA,berkeley-california
https://www.ubereats.com/san-francisco/food-delivery/mels-melts/PZfMcsMnRQ6oVDfv1puCuQ,berkeley-california
https://www.ubereats.com/san-francisco/food-delivery/yimm/slEGXPlASNWcuebpO9AGsA,berkeley-california
https://www.ubereats.com/san-francisco/food-delivery/touch-of-soul/E1gREMImT3eMEuogrGqt-g,berkeley-california
https://www.ubereats.com/san-francisco/food-delivery/yang-chow-restaurant/qpzjU8z6Q1mJROC7n4rbtg,berkeley-california
https://www.ubereats.com/san-francisco/food-delivery/burger-king-12999-san-pablo-avenue/fch1LcaMSB2cW4DSLhnGdA,berkeley-california
https://www.ubereats.com/san-francisco/food-delivery/vegan-india/-uW-AlmhQOKubc7aLn-Zvw,berkeley-california
https://www.ubereats.com/san-francisco/food-delivery/sushi-go-go-alameda/_oQ3-ZSJSRm1Hgq69LIBpw,berkeley-california
https://www.ubereats.com/san-francisco/food-delivery/the-coffee-mill-%26-bakery/dZbRexEVSXCCfCbM3B29hQ,berkeley-california
https://www.ubereats.com/san-francisco/food-delivery/neecha-thai/TBGbjWCKSw-kdVgOkn2BpA,berkeley-california
https://www.ubereats.com/san-francisco/food-delivery/peoples-cafe/3y2wT8tXQry574ct7cL-Kg,berkeley-california
https://www.ubereats.com/san-francisco/food-delivery/cassave-restaurant-and-taqueria/gC_mb9_QStOlXcIaCyQoUw,berkeley-california
https://www.ubereats.com/san-francisco/food-delivery/bangkok-jam/C0MZdiqtQDanuOjfDoXRsw,berkeley-california
https://www.ubereats.com/san-francisco/food-delivery/burger-king-4424-broadway/kp8WQrf_QeyaMvuvRBeNPg,berkeley-california
https://www.ubereats.com/san-francisco/food-delivery/gran-milan/JeILTAUIS3SZaDqCUvu8NA,berkeley-california
https://www.ubereats.com/san-francisco/food-delivery/yalis-cafe/OOh6Gx9BRnyraKyMYcMimA,berkeley-california
https://www.ubereats.com/san-francisco/food-delivery/starbucks-san-pablo-%26-fairmount-el-cerrito/07KhzCwKQl2hxD2f5xRubQ,berkeley-california
https://www.ubereats.com/san-francisco/food-delivery/bongo-burger-center/oG9tsx0_Q5mk79yIKYJMuA,berkeley-california
https://www.ubereats.com/san-francisco/food-delivery/zomsa/1FYUmdHvTrKi85U74dDkDQ,berkeley-california
https://www.ubereats.com/san-francisco/food-delivery/mashallah-halal-food-indian-and-pakistani/CyIM-SyhQdyK2rfM84LFcA,berkeley-california
https://www.ubereats.com/san-francisco/food-delivery/chipotle-mexican-grill-2696-pinole-valley-rd/A107R-hMTmGvvrzH12Q4SQ,berkeley-california
https://www.ubereats.com/san-francisco/food-delivery/kyoto-ramen/-XryJ0n0TqOSqNrl5-etgQ,berkeley-california
https://www.ubereats.com/san-francisco/food-delivery/mcdonalds-11821-san-pablo/TyiUl9BlQimSC_yjc1tI7g,berkeley-california
https://www.ubereats.com/san-francisco/food-delivery/chipotle-mexican-grill-3271-lakeshore-ave/zIypd5XLSOq6pyOJFCLuSA,berkeley-california
https://www.ubereats.com/san-francisco/food-delivery/ihop-1714/L1vkbrqmR-mXpv3_U1nqJA,berkeley-california
https://www.ubereats.com/san-francisco/food-delivery/messob/c47Vf7wGQsiUEIctgoQ51g,berkeley-california
https://www.ubereats.com/san-francisco/food-delivery/ma-la-zui-tasty-bowl/aP7vgIVMQlOVzo0V4nxAqA,berkeley-california
https://www.ubereats.com/san-francisco/food-delivery/sheng-kee-bakery-berkley/VU0BBzYuSF2bf_M3IaoRdw,berkeley-california
https://www.ubereats.com/san-francisco/food-delivery/bollywood-cafe/O00imz8MSrGMjSGcaJATSg,berkeley-california
https://www.ubereats.com/san-francisco/food-delivery/cauliflower-%26-pizza/YNluYzXSQlSXtCH-mjuBUQ,berkeley-california
https://www.ubereats.com/san-francisco/food-delivery/taco-bell-3839-emery-street-%23700/Z1OFMDGqRTC3pZSY-pBe9Q,berkeley-california
https://www.ubereats.com/san-francisco/food-delivery/graffiti-pizza/D7ksbsgIQSKrlcpRuVyz5g,berkeley-california
https://www.ubereats.com/san-francisco/food-delivery/the-musical-offering-cafe/0g_UAleDRQeCjTTWrJjuqQ,berkeley-california
https://www.ubereats.com/san-francisco/food-delivery/bella-pasta/HbwzaPFCSzKreZ_67DHyYw,berkeley-california
https://www.ubereats.com/san-francisco/food-delivery/artichoke-basilles-pizza-oakland/ZOZsf1btTbe9xqWPr3CFeQ,berkeley-california
https://www.ubereats.com/san-francisco/food-delivery/smart-mart/_aygbPM4QpGGZ31u1fvIyw,berkeley-california
https://www.ubereats.com/san-francisco/food-delivery/churchs-chicken-4155-telegraph-avenue/lENYUP7sSO2_SJ9tbhY0OA,berkeley-california
https://www.ubereats.com/san-francisco/food-delivery/seniores-pub/xa-MdxR8SnGVtmUazy4WzQ,berkeley-california
https://www.ubereats.com/san-francisco/food-delivery/pear-street-bistro/KUtLsnp4SDGf836FOkYrgQ,berkeley-california
https://www.ubereats.com/san-francisco/food-delivery/pasta-pelican/fTpD-EjGTbamma-poYpdyQ,berkeley-california
https://www.ubereats.com/san-francisco/food-delivery/boston-market-5132-broadway/iRFlSkEtTIKuEdhT2NEObA,berkeley-california
https://www.ubereats.com/san-francisco/food-delivery/bualuang-thai-cuisine/K54fe40CTTe0l7BF8p2-CA,berkeley-california
https://www.ubereats.com/san-francisco/food-delivery/krispy-krunchy-chicken/ABkqQ4BNTr2OmUiLMBWJiw,berkeley-california
https://www.ubereats.com/san-francisco/food-delivery/el-mono-%7C-fresh-flavors-of-peru/n-67xP2nTd614gPiK0a4tw,berkeley-california
https://www.ubereats.com/san-francisco/food-delivery/subway-1105-university-ave/0vk4K2CMRrKEL7fzGWLo3w,berkeley-california
https://www.ubereats.com/san-francisco/food-delivery/delegates/nxVMxGNgRZuL0Tx6obUIQw,berkeley-california
https://www.ubereats.com/san-francisco/food-delivery/basil-pizzeria/OuvmV955SKSEFZS8FeNmdw,berkeley-california
https://www.ubereats.com/san-francisco/food-delivery/krispy-krunchy-chicken/Zqj8VvoFS_e7AV5t8iPnTg,berkeley-california
https://www.ubereats.com/san-francisco/food-delivery/starbucks-pinole-valley-rd-%26-i-80/rzHaDP8VSEqn0mDwTxPi_w,berkeley-california
https://www.ubereats.com/san-francisco/food-delivery/duo-grill-house/Aib92CB8QHCKmU_8xzc68Q,berkeley-california
https://www.ubereats.com/san-francisco/food-delivery/el-cuscatlan/M6BZuc4MSqSYVlyum2Q3BQ,berkeley-california
https://www.ubereats.com/san-francisco/food-delivery/main-squeeze-oakland/C5MHKfjGTMyzc6irEgW0rg,berkeley-california
https://www.ubereats.com/san-francisco/food-delivery/giin-thai-canteen/BoxKrh1vQa67AaPX4BXmlA,berkeley-california
https://www.ubereats.com/san-francisco/food-delivery/xyclo-restaurant/mg3EZySsSZ-h0wMi2uINNQ,berkeley-california
https://www.ubereats.com/san-francisco/food-delivery/cybelles-pizza-montclair/tVEL8FuMQl23fZWnLYWuIA,berkeley-california
https://www.ubereats.com/san-francisco/food-delivery/nothing-bundt-cakes/iq4tJCHeSyennjlM1uM4gw,berkeley-california
https://www.ubereats.com/san-francisco/food-delivery/toss-noodle-bar/NTIdlc1JT8WtEwFN1Dp9Kg,berkeley-california
https://www.ubereats.com/san-francisco/food-delivery/co-nam-oakland/ZG-4g87RRqeUnArlD1jSvQ,berkeley-california
https://www.ubereats.com/san-francisco/food-delivery/fish-%26-bird-sousaku-izakaya/jgiunOmST9WS8DjYFKENBg,berkeley-california
https://www.ubereats.com/san-francisco/food-delivery/chipotle-mexican-grill-3518-mt-diablo-blvd-ste-f/K5PdG5PpQUWd1oPUEZPKgQ,berkeley-california
https://www.ubereats.com/san-francisco/food-delivery/cafe-soleil/VvMBrlRNRg6x1he_LZ1PZQ,berkeley-california
https://www.ubereats.com/san-francisco/food-delivery/mcdonalds-6623-san-pablo-ave/MOLzwTElTXG6mS8-MZDhCA,berkeley-california
https://www.ubereats.com/san-francisco/food-delivery/popeyes-san-pablo-ave-%26-el-dorado-st/ewDtY1j3TZyLoarj0A4lLQ,berkeley-california
https://www.ubereats.com/san-francisco/food-delivery/sakura-bistro-tapas-and-sake-bar/9XUivN6DT0K8avWeDoQK5Q,berkeley-california
https://www.ubereats.com/san-francisco/food-delivery/jamba-juice-5030-el-cerrito-plaza-ste-e-1/F5XhZ5cfS-uLCP7o0-m8Mw,berkeley-california
https://www.ubereats.com/san-francisco/food-delivery/shewhat-cafe-%26-restaurant/xqe_fBT7TqKaIcxzNV3RHg,berkeley-california
https://www.ubereats.com/san-francisco/food-delivery/shelbys/SGkOZgcwRwGg-AGJiYEpZg,berkeley-california
https://www.ubereats.com/san-francisco/food-delivery/1951-coffee-company/OOVoiJzKTzWxrPUR6VV5gg,berkeley-california
https://www.ubereats.com/san-francisco/food-delivery/broadway-burrito/bF0NO4DOT-uIE_eFLz3guQ,berkeley-california
https://www.ubereats.com/san-francisco/food-delivery/streetside-by-dosa-berkeley/EMWTpUDdSQmqoUXAalGz4Q,berkeley-california
https://www.ubereats.com/san-francisco/food-delivery/feng-cha-teahouse/G-eUQsfPTuu9RXHqgpqUIQ,berkeley-california
https://www.ubereats.com/san-francisco/food-delivery/la-bonita-taqueria/SOCFdFlzRTqVMAnn2_hMmA,berkeley-california
https://www.ubereats.com/san-francisco/food-delivery/flavors-of-india-berkeley/ZFLuOrTUSg-fKlGStjI65Q,berkeley-california
https://www.ubereats.com/san-francisco/food-delivery/fusion-mediterranean/sx-9lEVFRpiLvgf0qdkAfw,berkeley-california
https://www.ubereats.com/san-francisco/food-delivery/immortal-juice-co/TaGXfAeARlW7iBFOH0tFkw,berkeley-california
https://www.ubereats.com/san-francisco/food-delivery/starbucks-broadway-%26-30th/psN_z3X-SvabFtZRct7avQ,berkeley-california
https://www.ubereats.com/san-francisco/food-delivery/petit-cafe/HsqlayinTQe-1bmgJX4DXg,berkeley-california
https://www.ubereats.com/san-francisco/food-delivery/the-ice-cream-shop/lzfyUo4OS3G0CQZ18iIBbw,berkeley-california
https://www.ubereats.com/san-francisco/food-delivery/the-saap-avenue/zUDUVDuWTaKrm6lmlQdikw,berkeley-california
https://www.ubereats.com/san-francisco/food-delivery/bears-country-deli/l6JTXcBGT-ChOMMreWA1hA,berkeley-california
https://www.ubereats.com/san-francisco/food-delivery/islice/gOzp1jYzQ-66flp9jDGWCA,berkeley-california
https://www.ubereats.com/san-francisco/food-delivery/kfc-950-market-street/pTbYPjHLQaaQ5Qav39P4xg,berkeley-california
https://www.ubereats.com/san-francisco/food-delivery/enssaro/2wFo7bp_Q5uKswHeG9y6ng,berkeley-california
https://www.ubereats.com/san-francisco/food-delivery/blue-bay-thai-cuisine-san-pablo-ave/NPPfpI0OTiSSpf5vhKHWAw,berkeley-california
https://www.ubereats.com/san-francisco/food-delivery/starbucks-broadway-%26-grand-oakland/Rje0p0U6RzS1xevt9NVyiQ,berkeley-california
https://www.ubereats.com/san-francisco/food-delivery/passione-caffe/w32DySh9T1ikxI8mJiU3PA,berkeley-california
https://www.ubereats.com/san-francisco/food-delivery/outback-steakhouse-1361-fitzgerald-drive/Uwbc8qhSQ5OZ4-ctqmP3KQ,berkeley-california
https://www.ubereats.com/san-francisco/food-delivery/u-dessert-story/soYpgThESIeaRSpgr7Lb6A,berkeley-california
https://www.ubereats.com/san-francisco/food-delivery/the-burrito-truck/ZJu303Y7SgqddjseKT1ddg,berkeley-california
https://www.ubereats.com/san-francisco/food-delivery/krispy-krunchy-chicken-pinole-2/S69qrIFoRFe1llqsxEpXLw,berkeley-california
https://www.ubereats.com/san-francisco/food-delivery/a%2B-burger/a5tzjktlQquBjOwzP86nPQ,berkeley-california
https://www.ubereats.com/san-francisco/food-delivery/quetzal-taqueria-and-antojitos/O2wcPNxwSKyAIBJZJN_TnA,berkeley-california
https://www.ubereats.com/san-francisco/food-delivery/lilly-thai-kitchen/Bb5BAeBNTaqXB5NJX4whiw,berkeley-california
https://www.ubereats.com/san-francisco/food-delivery/islice/KtX8Kc8TQCOrCQJk9JU2Rw,berkeley-california
https://www.ubereats.com/san-francisco/food-delivery/house-of-curries-albany/GMj_jX4nSYKj9ns0mT9ySQ,berkeley-california
https://www.ubereats.com/san-francisco/food-delivery/dennys-11344-san-pablo-ave/opZuDpw0QMa33i-8pv2jFw,berkeley-california
https://www.ubereats.com/san-francisco/food-delivery/hui-lau-shan/2P7ieApIQPG3Y6Wg5ycZLg,berkeley-california
https://www.ubereats.com/san-francisco/food-delivery/patxis-pizza-lafayette/UbfafvdYQBKLmAckMfycFA,berkeley-california
https://www.ubereats.com/san-francisco/food-delivery/asmara-restaurant-oakland/plX0njhUQTuRp3C9cuDy_w,berkeley-california
https://www.ubereats.com/san-francisco/food-delivery/tai-san-restaurant/GDu3f9e0QXypoY_rW93YOg,berkeley-california
https://www.ubereats.com/san-francisco/food-delivery/mount-everest-restaurant/b_UsfPQRSByM-C95G8Ihfg,berkeley-california
https://www.ubereats.com/san-francisco/food-delivery/bongo-burger-southside/V_XupUzASainwIBf1IHNEw,berkeley-california
https://www.ubereats.com/san-francisco/food-delivery/thai-table/xtqECmu0RVy2bhNem9Dh1g,berkeley-california
https://www.ubereats.com/san-francisco/food-delivery/bowld-acai-510-derby-ave/dO_TanOCQdGfqH1QR-pAKg,berkeley-california
https://www.ubereats.com/san-francisco/food-delivery/popeyes-1775-san-pablo-ave/EVK2IorBT1eWryHgH88GJg,berkeley-california
https://www.ubereats.com/san-francisco/food-delivery/el-burro-picante/4WydfGnXTf2-s0IOYo31og,berkeley-california
https://www.ubereats.com/san-francisco/food-delivery/sharetea-berkeley/7fd9dVBbQA-kuFC7GUJZMg,berkeley-california
https://www.ubereats.com/san-francisco/food-delivery/chipotle-mexican-grill-9901-san-pablo-ave/r4BkzzSNQQefeoeCQcUi8A,berkeley-california
https://www.ubereats.com/san-francisco/food-delivery/vietnam-grille/I2CtzQGLSfO3Zvz0Xe6UCA,berkeley-california
https://www.ubereats.com/san-francisco/food-delivery/uncle-wongs-restaurant/Ea0jqTfmS72Sz_6XxwJ1lQ,berkeley-california
https://www.ubereats.com/san-francisco/food-delivery/house-of-curries-college/Hyr5DND8TcuUrjddFxLgJQ,berkeley-california
https://www.ubereats.com/san-francisco/food-delivery/panda-express-5020-el-cerrito-plaza/FtrDIkSqRxuLWW83sc8eDQ,berkeley-california
https://www.ubereats.com/san-francisco/food-delivery/batch-%26-brine/Gr6MjMrwR3mF2GVyDFgNOw,berkeley-california
https://www.ubereats.com/san-francisco/food-delivery/van-leeuwen-ice-cream-berkeley/m7EnDjCjQneJ_ywNNqKFQA,berkeley-california
https://www.ubereats.com/san-francisco/food-delivery/tgi-oni-sushi/WjpipxMuRP-PZ_9a3n4KBA,berkeley-california
https://www.ubereats.com/san-francisco/food-delivery/lynn-and-lus-escapade-cafe/pOC1xOTeQkSPY90xxk9dRw,berkeley-california
https://www.ubereats.com/san-francisco/food-delivery/azit/4OpOk4ghT9O46JkrKPlT4g,berkeley-california
https://www.ubereats.com/san-francisco/food-delivery/smitten-ice-cream-rockridge/CU6q9wN0Qb2kX9Zkyuf_lg,berkeley-california
https://www.ubereats.com/san-francisco/food-delivery/level-13/ddwgbW5vTwS9kYqL3JyY8Q,berkeley-california
https://www.ubereats.com/san-francisco/food-delivery/oori-rice-triangles/2ggJ14ycTge_WnqNDSDCRg,berkeley-california
https://www.ubereats.com/san-francisco/food-delivery/silver-ocean-restaurant/v6o-neH5SOOoKljppgtCRA,berkeley-california
https://www.ubereats.com/san-francisco/food-delivery/tsing-tao/F1bMgKe8T9mY6MZQ512d_A,berkeley-california
https://www.ubereats.com/san-francisco/food-delivery/ole-ole-burrito-express-telegraph/4yTqDycARKO-8TUXdg8b2w,berkeley-california
https://www.ubereats.com/san-francisco/food-delivery/cafe-romanat/3cdOCOHHSNatpMoK1hhDOw,berkeley-california
https://www.ubereats.com/san-francisco/food-delivery/taco-bell-3535-35th-avenue/J8yXXj1BQUaoPe_czUUktA,berkeley-california
https://www.ubereats.com/san-francisco/food-delivery/happy-slice-pizza-oakland/AuembOf9RdOQnCKpepcrqg,berkeley-california
https://www.ubereats.com/san-francisco/food-delivery/burgermeister/m4M4aEfIT0uRuLv0V531hQ,berkeley-california
https://www.ubereats.com/san-francisco/food-delivery/park-mediterranean-grill-berkeley/snbmu-YfSHWPKS2KxONrjQ,berkeley-california
https://www.ubereats.com/san-francisco/food-delivery/plearn-thai/MXd2dbc8TS-w8Af1ePoa_g,berkeley-california
https://www.ubereats.com/san-francisco/food-delivery/roam-artisan-burgers-uptown/QkmqPQ9BSiW6qETl2Mu3vA,berkeley-california
https://www.ubereats.com/san-francisco/food-delivery/nash-cafe/O4TR8IxsTIGgCpwh-xyhpw,berkeley-california
https://www.ubereats.com/san-francisco/food-delivery/pizza-my-heart-emeryville/Tcb3JYI9R8Og58cTrt34JA,berkeley-california
https://www.ubereats.com/san-francisco/food-delivery/nations-giant-hamburgers-oakland/clvz3B86QsGxgv08p9nFTw,berkeley-california
https://www.ubereats.com/san-francisco/food-delivery/juans-place/P7ldpTloQrmx2hwdZzwucw,berkeley-california
https://www.ubereats.com/san-francisco/food-delivery/ikes-love-%26-sandwiches-broadway/SbtyvjuvQkGyOP15NXcJkw,berkeley-california
https://www.ubereats.com/san-francisco/food-delivery/crepevine-rockridge/sAQj47EfSbKZK-teSiJe4w,berkeley-california
https://www.ubereats.com/san-francisco/food-delivery/everest-kitchen/NIWGRlDaQH24bNmOgRzK3A,berkeley-california
https://www.ubereats.com/san-francisco/food-delivery/oasis-food-market/oMhM_aXUSreUO0j88Z1tpw,berkeley-california
https://www.ubereats.com/san-francisco/food-delivery/daimo-chinese-restaurant/fAzfiy1CQRmifZ8ldEJcqg,berkeley-california
https://www.ubereats.com/san-francisco/food-delivery/baan-thai-restaurant/44NNHDR_Sii-u54joUuAvg,berkeley-california
https://www.ubereats.com/san-francisco/food-delivery/taste-of-the-himalayas/44dZhmL7RweQe15UCfMg8w,berkeley-california
https://www.ubereats.com/san-francisco/food-delivery/brooklyns-finest-pizza/c7UNB8SIR3Oz_aL4FLvpag,berkeley-california
https://www.ubereats.com/san-francisco/food-delivery/cha-ya-vegetarian-japanese-restaurant/DUTwHlwkT2uzqQpVgOHEWQ,berkeley-california
https://www.ubereats.com/san-francisco/food-delivery/katsumi-sushi/JFdZTmljSQqOkNeZHLG1FA,berkeley-california
https://www.ubereats.com/san-francisco/food-delivery/ikaros-greek-restaurant/ZJ4HKiyWTAGK6cs9iJzSNQ,berkeley-california
https://www.ubereats.com/san-francisco/food-delivery/souley-vegan/S8HKUc4FRa6j1LmTBXh93w,berkeley-california
https://www.ubereats.com/san-francisco/food-delivery/the-fat-fish/20hK6WAVSJKZviCU8uV6wQ,berkeley-california
https://www.ubereats.com/san-francisco/food-delivery/the-noodle-company-famous-bao/wdiBsa4GQySxsB5VKqKxcw,berkeley-california
https://www.ubereats.com/san-francisco/food-delivery/aangan-indo-nepalese-cuisine/0xi36VDGSl-zo5VPVFY-7Q,berkeley-california
https://www.ubereats.com/san-francisco/food-delivery/fresh-and-best-cafe-2/SYrNr4HHRHyyC5B7m5B7jQ,berkeley-california
https://www.ubereats.com/san-francisco/food-delivery/le-pho/84DSCDmUSWWAOdsv5ci0qQ,berkeley-california
https://www.ubereats.com/san-francisco/food-delivery/cugini-restaurant/OIMgDSlLQD-xERwcYwiHhA,berkeley-california
https://www.ubereats.com/san-francisco/food-delivery/glaze-teriyaki-grill-berkeley/jTeSmCUUSn6amKhADu9jXA,berkeley-california
https://www.ubereats.com/san-francisco/food-delivery/nations-giant-hamburgers-san-pablo/MJRBTwoNSeaJAXZjMDlRLw,berkeley-california
https://www.ubereats.com/san-francisco/food-delivery/zacharys-chicago-pizza-oakland/jH38XumgTaSUc_NcUqsc_w,berkeley-california
https://www.ubereats.com/san-francisco/food-delivery/caravaggio-gelateria-italiana/dDz6MjccSXCgTFaLO_QFhA,berkeley-california
https://www.ubereats.com/san-francisco/food-delivery/bacheesos/mYBq243vSL2mgt_-ix6t7w,berkeley-california
https://www.ubereats.com/san-francisco/food-delivery/hancook/PzGX9ApgSaWrPg5C_5v55A,berkeley-california
https://www.ubereats.com/san-francisco/food-delivery/yuzu-ramen-%26-broffee/mSu6g_bwRL6f1rnbCRCw_w,berkeley-california
https://www.ubereats.com/san-francisco/food-delivery/mint-leaf-vietnamese-restaurant-2865-seventh-street/14Q1X-__TM-2v6BHrieWRw,berkeley-california
https://www.ubereats.com/san-francisco/food-delivery/sliver-pizzeria-oakland/HLzX0wPbQgSgwMzYYYU6tw,berkeley-california
https://www.ubereats.com/san-francisco/food-delivery/sliver-pizzeria-telegraph/erNp5lIfQEGC8cAzDlpDsw,berkeley-california
https://www.ubereats.com/san-francisco/food-delivery/mountain-mikes-pizza-848-willow-ave-suite-c-d/WK1fxV_QRt-Hrftxc12nFw,berkeley-california
https://www.ubereats.com/san-francisco/food-delivery/district-oakland/uRHVazc5TxasGTXocU3P8Q,berkeley-california
https://www.ubereats.com/san-francisco/food-delivery/mad-seoul/IxgR2t6NQzyIB6IL6AKGaA,berkeley-california
https://www.ubereats.com/san-francisco/food-delivery/happy-chin-eating/tQ3ayj1bSWe4jM7oqHTbvg,berkeley-california
https://www.ubereats.com/san-francisco/food-delivery/the-gastropig/ht8gJPC8QN2tQD_TyJVVuA,berkeley-california
https://www.ubereats.com/san-francisco/food-delivery/isshin-ramen-house/Jpz3JMoCQ1C-XXLksMr5Rg,berkeley-california
https://www.ubereats.com/san-francisco/food-delivery/the-star-on-grand/uSaF3fVcTWiyFststO72yw,berkeley-california
https://www.ubereats.com/san-francisco/food-delivery/ijo-izakaya/F8l3vAmaSwKhTRgiT1oWJg,berkeley-california
https://www.ubereats.com/san-francisco/food-delivery/himalayan-flavors-restaurant/uz-FI6kaT0egPsBF2oVCug,berkeley-california
https://www.ubereats.com/san-francisco/food-delivery/nori-roll/KFkrMCFlQ7y9fuF5QCANsA,berkeley-california
https://www.ubereats.com/san-francisco/food-delivery/chaat-house/4V67j2jSSbi0L5n6pFGJsA,berkeley-california
https://www.ubereats.com/san-francisco/food-delivery/bongo-burger-northside/o9Zs2WVeTEeeEeeqCbSZ5Q,berkeley-california
https://www.ubereats.com/san-francisco/food-delivery/tomate-cafe/OlLdKtfxS1emYGZdtlgf6Q,berkeley-california
https://www.ubereats.com/san-francisco/food-delivery/yammys-cafe/_vRc7knOTXi18yElnWMbCQ,berkeley-california
https://www.ubereats.com/san-francisco/food-delivery/chicagos-pizza-with-a-twist-el-sobrante/N4wPGlf-Q5eKBW80vLORew,berkeley-california
https://www.ubereats.com/san-francisco/food-delivery/vitality-bowls-1625-shattuck-ave/DcYWzw97RFS9mKpDnBIoWg,berkeley-california
https://www.ubereats.com/san-francisco/food-delivery/lavender-bakery-%26-cafe/pt7K8-hMQzCLOrEoh-XWyg,berkeley-california
https://www.ubereats.com/san-francisco/food-delivery/rincon-michoacano/x9dTmbpIQCiXsAy3lGl7lw,berkeley-california
https://www.ubereats.com/san-francisco/food-delivery/sams-log-cabin/Ojy03qvnRwmrxfX_dCOAqQ,berkeley-california
https://www.ubereats.com/san-francisco/food-delivery/burger-king-6021-central-avenue/7KzskkjGS1O5lQppCDIhMw,berkeley-california
https://www.ubereats.com/san-francisco/food-delivery/punjabi-dhaba/PUeByArwQBWnAF7ajD-dVw,berkeley-california
https://www.ubereats.com/san-francisco/food-delivery/the-ice-cream-shop/AiFaqrg9THeOYee6s22ebQ,berkeley-california
https://www.ubereats.com/san-francisco/food-delivery/the-posh-bagel/1ybJbWuYR06Ml0oSIt2aPQ,berkeley-california
https://www.ubereats.com/san-francisco/food-delivery/mountain-mikes-pizza-1610-san-pablo-ave/k0OFCZxfSSiMQ4sDqMhYwg,berkeley-california
https://www.ubereats.com/san-francisco/food-delivery/cheese-steak-shop-berkeley/vQ-Uu1GgTyeO1oOt2-pNSA,berkeley-california
https://www.ubereats.com/san-francisco/food-delivery/hot-wings-co/qc4ONWTMTTuikiR9RPUSSg,berkeley-california
https://www.ubereats.com/san-francisco/food-delivery/lama-beans-cafe/5MKcNTJUQLyRS5iRh6CeCw,berkeley-california
https://www.ubereats.com/san-francisco/food-delivery/the-golden-squirrel/IZX2QfJnSNKrjKU-CxcWDA,berkeley-california
https://www.ubereats.com/san-francisco/food-delivery/subway-11430-san-pablo-ave/H1AzA9JgR5ibL7Y5yCh-aQ,berkeley-california
https://www.ubereats.com/san-francisco/food-delivery/gai-barn-thai-soul-food/CMpiaQLKQCOMZr0X-m2FRA,berkeley-california
https://www.ubereats.com/san-francisco/food-delivery/we-sushi/4nHDHzpSShyFW8EQrZ7N1A,berkeley-california
https://www.ubereats.com/san-francisco/food-delivery/the-halal-guys-2126-center-st-berkeley-ca/yuUmh6wbSi2yEMlduHIXoQ,berkeley-california
https://www.ubereats.com/san-francisco/food-delivery/minnie-bells-soul-movement/zcxfjr-oTuCbxjD2H5WuXw,berkeley-california
https://www.ubereats.com/san-francisco/food-delivery/mrfivepercentmore/i5liwJYjT_6_7QhIyGMKMw,berkeley-california
https://www.ubereats.com/san-francisco/food-delivery/el-pollo-picante-pop-up/kb0juVtLSDKTMRWddeMrEQ,berkeley-california
https://www.ubereats.com/san-francisco/food-delivery/cool!naria/huKT0zX2Tma36DyWKyBKmg,berkeley-california
https://www.ubereats.com/san-francisco/food-delivery/chipotle-mexican-grill-2225-shattuck-ave/Hwc2AdLTSImAMYOqql2eCA,berkeley-california
https://www.ubereats.com/san-francisco/food-delivery/the-deli-and-grill/X3Ln8Gt3Tc-ZIrr8KOh9BQ,berkeley-california
https://www.ubereats.com/san-francisco/food-delivery/doyle-street-cafe/Ynh6YY-KRNeRf8NDDGhNYw,berkeley-california
https://www.ubereats.com/san-francisco/food-delivery/cafe-colucci/f2pmbVbPSpWgbqf3Oc9BXA,berkeley-california
https://www.ubereats.com/san-francisco/food-delivery/panera-1525-40th-street/DEJvGxcwScyFei1grrkpdg,berkeley-california
https://www.ubereats.com/san-francisco/food-delivery/pizzaoki-oakland/aVlrpv5CTiyidvhAXKoeaw,berkeley-california
https://www.ubereats.com/san-francisco/food-delivery/burger-king-5701-christie-avenue/ftELwc8hR0W8vNMWHK26qQ,berkeley-california
https://www.ubereats.com/san-francisco/food-delivery/subway-3999-san-pablo-ave/hNBJY6E0TSqhGUZ8S7kDnQ,berkeley-california
https://www.ubereats.com/san-francisco/food-delivery/sliver-pizzeria-shattuck/M8I_1YT0Qp2fvUx5p1LWKQ,berkeley-california
https://www.ubereats.com/san-francisco/food-delivery/julies-cafe/FcS5o5W3QgSFsRAHK-xjbA,berkeley-california
https://www.ubereats.com/san-francisco/food-delivery/pappys-grill-%26-sports-bar/thYq8oM1Qx-3way4eo2fVg,berkeley-california
https://www.ubereats.com/san-francisco/food-delivery/abes-pizza/-oPUcKLeSx65IpR7KtD9Rw,berkeley-california
https://www.ubereats.com/san-francisco/food-delivery/panda-express-4250-macdonald-ave/azrGzZgTQTOKrJ805cfjMg,berkeley-california
https://www.ubereats.com/san-francisco/food-delivery/starbucks-marina-bay-%26-580/Q2ignrw9QdqgGT1PPuUN8Q,berkeley-california
https://www.ubereats.com/san-francisco/food-delivery/panama-bay-coffee-co/tdcrZHZVQ_KUQKIw_aNzsg,berkeley-california
https://www.ubereats.com/san-francisco/food-delivery/freshroll-vietnamese-rolls-%26-bowls/DSwFZDZxSP-4us2EnEoK9g,berkeley-california
https://www.ubereats.com/san-francisco/food-delivery/3-seasons-thai-bistro/JwLXG6KlTdqqCDLIX9IX6w,berkeley-california
https://www.ubereats.com/san-francisco/food-delivery/red-tomato-pizza-house/0ZXRCzG6RIOvWifDvH5DJw,berkeley-california
https://www.ubereats.com/san-francisco/food-delivery/nikko-sushi/hBJ6A1XoTjC0yWqoqtXodA,berkeley-california
https://www.ubereats.com/san-francisco/food-delivery/la-burrita/kQwB-6HVSdOh5PYYi6MVXQ,berkeley-california
https://www.ubereats.com/san-francisco/food-delivery/mcdonalds-14480-san-pablo/u2OnLBunSVKw1v8ZF1M7OQ,berkeley-california
https://www.ubereats.com/san-francisco/food-delivery/thai-corner/mvttCuaQQ5q-LasSlTX5CA,berkeley-california
https://www.ubereats.com/san-francisco/food-delivery/gioia-pizzeria-berkeley/mZ-B27miS7abbZsQl7pYOw,berkeley-california
https://www.ubereats.com/san-francisco/food-delivery/poke-parlor/H_nZCq-TScWCdCVZgLe4Tw,berkeley-california
https://www.ubereats.com/san-francisco/food-delivery/ddc-cafe/I1tGMMcnSTCe6hXGgviaXg,berkeley-california
https://www.ubereats.com/san-francisco/food-delivery/blue-bottle-coffee-2118-university-avenue/u2r_pghFTxaD-DhUufktoQ,berkeley-california
https://www.ubereats.com/san-francisco/food-delivery/starbucks-3347-lakeshore-avenue/Ls-yIiW9Q8qCMPqPMWcClw,berkeley-california
https://www.ubereats.com/san-francisco/food-delivery/quiznos-meeker-avenue/YY-6hi-UT4OWd3l15vM2wA,berkeley-california
https://www.ubereats.com/san-francisco/food-delivery/zaiqa-indian-and-pakistani-cuisine/2k-0EXwIQ7eL3Rb4vUUBuA,berkeley-california
https://www.ubereats.com/san-francisco/food-delivery/lanesplitter-pizza-%26-pub-berkeley/T30HI44vT-ioDaq7uf8U_Q,berkeley-california
https://www.ubereats.com/san-francisco/food-delivery/champa-garden/H8WzSJiXQJePyzv1RQQJaw,berkeley-california
https://www.ubereats.com/san-francisco/food-delivery/kamdesh-afghan-kabob-house/2d8xGF3ySHG3RAEIniFX2A,berkeley-california
https://www.ubereats.com/san-francisco/food-delivery/kcs-bbq-llc/zAqBXGewQjmpNj0DYpPo8g,berkeley-california
https://www.ubereats.com/san-francisco/food-delivery/thick-n-tasty-pizza/srxd0a8dTDiYzPwvxF9AIQ,berkeley-california
https://www.ubereats.com/san-francisco/food-delivery/natures-hotline-soulfood-cafe/fI3ypA_5QD2gfaKrljG5hA,berkeley-california
https://www.ubereats.com/san-francisco/food-delivery/sabuy-sabuy2-thai-cuisine/LWT_O2hrRXGwxNoMCiAkBw,berkeley-california
https://www.ubereats.com/san-francisco/food-delivery/panda-express-3608-mt-diablo-blvd/Knnfjh4wTLumADv6jXs3jQ,berkeley-california
https://www.ubereats.com/san-francisco/food-delivery/alley-kitchens/D0hQ7zILRDKcCV8s7_J8Dw,berkeley-california
https://www.ubereats.com/san-francisco/food-delivery/cholita-linda-telegraph-ave/zfw20ZGiQX2ScKLbqodf1A,berkeley-california
https://www.ubereats.com/san-francisco/food-delivery/nicos-1508/XvniXP42SVOuz2znjHZwUA,berkeley-california
https://www.ubereats.com/san-francisco/food-delivery/hashtag-poki/f8NGKQzeRhixZw325foNqw,berkeley-california
https://www.ubereats.com/san-francisco/food-delivery/koryo-sushi/fXhdb3e4SxevWOqUYsUwLg,berkeley-california
https://www.ubereats.com/san-francisco/food-delivery/croqueta-burger/9HfRStN1Teih8ScKQS734Q,berkeley-california
https://www.ubereats.com/san-francisco/food-delivery/subway-6341-shattuck-ave/JMZ_j9U-QhqdAsz49PsiiA,berkeley-california
https://www.ubereats.com/san-francisco/food-delivery/jasmine-blossom-thai-cuisine/m916NTcrRuObEcmnC1gLtA,berkeley-california
https://www.ubereats.com/san-francisco/food-delivery/marufuku-ramen/ejgEClSCR8i0-CE0g9t4dA,berkeley-california
https://www.ubereats.com/san-francisco/food-delivery/mojoe-cafe-berkeley/CHSuitG_RN2ik13-7vvR7g,berkeley-california
https://www.ubereats.com/san-francisco/food-delivery/kfc-4501-san-pablo-avenue/vSP7SOufRWKW2QxKU1HahQ,berkeley-california
https://www.ubereats.com/san-francisco/food-delivery/halal-pizza-company/i2UqmocfQ2a4VdKw6JtFdQ,berkeley-california
https://www.ubereats.com/san-francisco/food-delivery/nicos-1508/t0EPD0bnTVu2Nr8yHBTYyw,berkeley-california
https://www.ubereats.com/san-francisco/food-delivery/cookiebar-creamery-oakland/NyQqzoeyQSiDgXvd3cNItA,berkeley-california
https://www.ubereats.com/san-francisco/food-delivery/best-coast-burritos-oakland-ca/Smsm7QL8TbSYkbOkq2W6rA,berkeley-california
https://www.ubereats.com/san-francisco/food-delivery/organic-greens/YKMf-QEdRsW2cFsZSwridw,berkeley-california
https://www.ubereats.com/san-francisco/food-delivery/tinas-place/Dm0CvxEHRiKZwjddhjlyyQ,berkeley-california
https://www.ubereats.com/san-francisco/food-delivery/seniores-pizza/VAfnh7_YTCuLIw9-YwFd8g,berkeley-california
https://www.ubereats.com/san-francisco/food-delivery/koi-sushi/TUyFDUjBQbCoDpdNYBhfAQ,berkeley-california
https://www.ubereats.com/san-francisco/food-delivery/e-z-stop-deli/bmVaAEAnSnO6Tkk4IY466Q,berkeley-california
https://www.ubereats.com/san-francisco/food-delivery/la-note-restaurant/7NAKf1M7Ssm0pKfNWdHj4A,berkeley-california
https://www.ubereats.com/san-francisco/food-delivery/taco-bell-2255-telegraph-avenue/6jtOSFsFQx-TwP7MLmcCvA,berkeley-california
https://www.ubereats.com/san-francisco/food-delivery/papa-johns-pizza-oakland/eRgHv7dQR4u8430fimKVrw,berkeley-california
https://www.ubereats.com/san-francisco/food-delivery/nabi-q/nHpevhsFQA6XN44HhAI2xw,berkeley-california
https://www.ubereats.com/san-francisco/food-delivery/nomad-cafe/w1K4fdjGQaW2yNl-Sa6qpw,berkeley-california
https://www.ubereats.com/san-francisco/food-delivery/hoza-pizzeria/Ii2v7WE6RB-cq8-v7WB5OA,berkeley-california
https://www.ubereats.com/san-francisco/food-delivery/judys-burger/UFhRarGFTWWinWk8zQ16DA,berkeley-california
https://www.ubereats.com/san-francisco/food-delivery/dumpling-express/aMIEojB0TACRhEvRcdgBUw,berkeley-california
https://www.ubereats.com/san-francisco/food-delivery/vault-cafe-%26-restaurant/oiBmaAf_Ta6nmv1xt2X7OA,berkeley-california
https://www.ubereats.com/san-francisco/food-delivery/chipotle-mexican-grill-2311-telegraph-ave/U-5172FwTsCwTfx2M8gRkg,berkeley-california
https://www.ubereats.com/san-francisco/food-delivery/famiglia-italian-restaurant/Wf_NxL4MTWuLQFZ1w5kINQ,berkeley-california
https://www.ubereats.com/san-francisco/food-delivery/kitchen-story-oakland/pOgct-JySwSijHr8NPthow,berkeley-california
https://www.ubereats.com/san-francisco/food-delivery/seasons-of-japan-berkeley/Ud6Os8mFRGSVjxAOfYXZuQ,berkeley-california
