url,city
https://www.ubereats.com/san-diego/food-delivery/maggies-cafe-barrio-logan/ZFPztDBJRnGZM_RCe6bJsw,bonita-california
https://www.ubereats.com/san-diego/food-delivery/mcdonalds-551-telegraph-canyon-road/tClwQV-4RoyFtreXhMznsQ,bonita-california
https://www.ubereats.com/san-diego/food-delivery/wienerschnitzel-1825-highland-ave/xvEfDqfMQoS2e793lYNaCw,bonita-california
https://www.ubereats.com/san-diego/food-delivery/kotija-taco-shop/iENSZxAeTsKJztkQ4P3OLw,bonita-california
https://www.ubereats.com/san-diego/food-delivery/adalbertos-mexican-food/aPTOWMgaQgqkmd1qrF3SVA,bonita-california
https://www.ubereats.com/san-diego/food-delivery/las-pinches-tortas/at1dNxBwRyOwmFkkUYPY-A,bonita-california
https://www.ubereats.com/san-diego/food-delivery/bosnian-grill-%26-mediterranean-cuisine/7a-tJnUQT0KVaDMrmqLY3w,bonita-california
https://www.ubereats.com/san-diego/food-delivery/sushi-%26-galbi/FYDnYeNSRHyoRKCNH1UqbQ,bonita-california
https://www.ubereats.com/san-diego/food-delivery/ny-pizzeria-chula-vista/ElIO8GUMQjyJn_fVZwhzVg,bonita-california
https://www.ubereats.com/san-diego/food-delivery/taqueria-los-famosos/xQHfyaxwT_2VrlmLJLxR8w,bonita-california
https://www.ubereats.com/san-diego/food-delivery/rambler-coffee-shop/2q1wU04wQmyqv_h-IdOPFA,bonita-california
https://www.ubereats.com/san-diego/food-delivery/the-ice-cream-shop/qP60NC7qQMebHNNTgSWgiA,bonita-california
https://www.ubereats.com/san-diego/food-delivery/burros-%26-fries-taco-shop-plaza-bonita-rd/AFYSLja5SFK9SKcuyInY4A,bonita-california
https://www.ubereats.com/san-diego/food-delivery/rubios-555-broadway-st/PBUUMN0gTJuPH6f4YJQw4w,bonita-california
https://www.ubereats.com/san-diego/food-delivery/holy-paleta/kOGYhxCDRwy56srxY2Nt7A,bonita-california
https://www.ubereats.com/san-diego/food-delivery/jamba-2275-otay-lakes-rd-%23117/GFlKZoV_QBuj0MPP17hemA,bonita-california
https://www.ubereats.com/san-diego/food-delivery/sbarro-3030-plaza-bonita-rd/X--XkoH9RlGN2kyD_Qsc9Q,bonita-california
https://www.ubereats.com/san-diego/food-delivery/tapioca-express-4366-bonita-rd/38mcM-SnTzKheI5nVPKjvg,bonita-california
https://www.ubereats.com/san-diego/food-delivery/taco-bell-3195-market-st/rz53il8EQzC_B-wL55JIIw,bonita-california
https://www.ubereats.com/san-diego/food-delivery/bff-burgers-fish-and-fries/mxBkLJ2kS0a6JTzWPkCTuw,bonita-california
https://www.ubereats.com/san-diego/food-delivery/blaze-pizza-2015-birch-rd/RhIzpDolQFCDleR_jhqndw,bonita-california
https://www.ubereats.com/san-diego/food-delivery/chipotle-mexican-grill-8005-fletcher-pkwy/b6m2nDYhSDKggFJcSYijow,bonita-california
https://www.ubereats.com/san-diego/food-delivery/iwok-chinese-restaurant/HPWot-iSQVGRKUu7TERC1w,bonita-california
https://www.ubereats.com/san-diego/food-delivery/big-thyme-sandwich-co/A8MqLrzPTL-bBib95PtYYQ,bonita-california
https://www.ubereats.com/san-diego/food-delivery/miss-donuts-lemon-grove/Olw5ywI3SvSvswwGTLcRKw,bonita-california
https://www.ubereats.com/san-diego/food-delivery/el-cilantro-mexican-grill-imperial-beach/EWgYs7PuRnq8eo9LW544oQ,bonita-california
https://www.ubereats.com/san-diego/food-delivery/penelopes-mexican-food/xTcFhgWSTiCI8iazLcz8WQ,bonita-california
https://www.ubereats.com/san-diego/food-delivery/bento-%26-noodles-terra-nova/UUPssBkjRtmOiymH3tTAnA,bonita-california
https://www.ubereats.com/san-diego/food-delivery/mcdonalds-2254-otay-lakes-rd/5EAfWQPFS_SKiwoBiYUs0w,bonita-california
https://www.ubereats.com/san-diego/food-delivery/rosaritos-mexican-food-%233-university-ave/0nLsryl8SSKITfLZzTTa8w,bonita-california
https://www.ubereats.com/san-diego/food-delivery/masala-cottage/nURYe5hrSuSu_qw7HMgfXg,bonita-california
https://www.ubereats.com/san-diego/food-delivery/aroma-thai/gkysfueaSvKVa1-Rx1mtUg,bonita-california
https://www.ubereats.com/san-diego/food-delivery/bambinos-pizza-chula-vista/2bKWju8NSXK7Ibpa2dXglw,bonita-california
https://www.ubereats.com/san-diego/food-delivery/ramaki/muES7_V_RjaQM82PENZLsw,bonita-california
https://www.ubereats.com/san-diego/food-delivery/jack-in-the-box-4751-el-cajon-blvd/9CR8U4paRxyE49wdI3pqTA,bonita-california
https://www.ubereats.com/san-diego/food-delivery/subway-925-e-plaza-blvd-ste-a/O7RcXcbLR3W1Cw8LLLSnLw,bonita-california
https://www.ubereats.com/san-diego/food-delivery/negro-durazo/zQxxLIYQRoWOYfhYYdoB7g,bonita-california
https://www.ubereats.com/san-diego/food-delivery/tabu-sushi-bar-%26-grill-rancho/gSe8aRRORuKO80XOiKvwvg,bonita-california
https://www.ubereats.com/san-diego/food-delivery/coyote-ugly-saloon/1LjK0DcYTKK5T-R4jXloOw,bonita-california
https://www.ubereats.com/san-diego/food-delivery/lily-maes-hot-chicken/qR6FKbSqSViBkIGMgLTqrQ,bonita-california
https://www.ubereats.com/san-diego/food-delivery/taqueria-revolucion-birch-rd/FaL9LRL6Tj-thKmL_LxDyA,bonita-california
https://www.ubereats.com/san-diego/food-delivery/santanas-mexican-grill-spring-valley/nG8TWPEDS_6kYKHB75KVsA,bonita-california
https://www.ubereats.com/san-diego/food-delivery/ma-noodle-house/dBuG3X76T3KVeeq7ZgZCrw,bonita-california
https://www.ubereats.com/san-diego/food-delivery/carnival-grill/q7GHigwgRl2K0jB_YcWgWA,bonita-california
https://www.ubereats.com/san-diego/food-delivery/sweet-escape-cafe/0xfbc7ArT_KQn503u0wJsg,bonita-california
https://www.ubereats.com/san-diego/food-delivery/guerrero-taco-shop-no-2/ThHxIqXRQd-viuaNWImCxg,bonita-california
https://www.ubereats.com/san-diego/food-delivery/la-carmela/NTveryjbSdCh1JwVys9kEQ,bonita-california
https://www.ubereats.com/san-diego/food-delivery/yi-sushi/QqYUwnRyTaWSISwASnCUZA,bonita-california
https://www.ubereats.com/san-diego/food-delivery/mortons-the-steakhouse-285-j-street/L7RFHFVwQvKyhwSsKUOr_w,bonita-california
https://www.ubereats.com/san-diego/food-delivery/aunt-emmas-pancakes-chula-vista/NYqWYV9hTZ2FBJKfq877-A,bonita-california
https://www.ubereats.com/san-diego/food-delivery/red-sea-restaurant/-fLPF2JRQz-rii4qPO7nFQ,bonita-california
https://www.ubereats.com/san-diego/food-delivery/panda-express-1115-highland-ave/828qnU1qR0mJ7ssscKVDOA,bonita-california
https://www.ubereats.com/san-diego/food-delivery/buffet-house/bfsLu8WiSj2k6xZfKFqEqA,bonita-california
https://www.ubereats.com/san-diego/food-delivery/cold-stone-creamery-6145-el-cajon-blvd/C8DJrlkQSCC47RBqbSiZ_w,bonita-california
https://www.ubereats.com/san-diego/food-delivery/don-roman-taco-shop/zSUMcBcySC6Qv9htwG-9Lw,bonita-california
https://www.ubereats.com/san-diego/food-delivery/organic-smoothie-bar/Db2syV5VROizwMeoE6ijBg,bonita-california
https://www.ubereats.com/san-diego/food-delivery/starbucks-670-palomar-st/j5xvyXU0QsWNJ9SUfMsP_g,bonita-california
https://www.ubereats.com/san-diego/food-delivery/el-papas-fritas-tacoshop/_6ZlqkswTGSt0TJPKdHf1A,bonita-california
https://www.ubereats.com/san-diego/food-delivery/luna-grill-eastlake/TBGy-iZJScWVio-5_6RBxg,bonita-california
https://www.ubereats.com/san-diego/food-delivery/big-thyme-sandwich-company/6MLhpmZuSY2KAAtzSKFFQw,bonita-california
https://www.ubereats.com/san-diego/food-delivery/pollos-don-pepe/sY5IXtpaSoaiU1gmvVDPQw,bonita-california
https://www.ubereats.com/san-diego/food-delivery/grants-market/lp4N1NNkRWShlfVVBhIXAg,bonita-california
https://www.ubereats.com/san-diego/food-delivery/the-kebab-shop-otay-ranch/FxUjQwnZSSSwuo9SZPbtLQ,bonita-california
https://www.ubereats.com/san-diego/food-delivery/mi-pana-latin-american-cuisine/YBCMJCLoQu6SLcsipn1oQw,bonita-california
https://www.ubereats.com/san-diego/food-delivery/finest-thai/c72gNhBKQAqCEC9N7m1zfQ,bonita-california
https://www.ubereats.com/san-diego/food-delivery/honey-baked-ham-chula-vista/uFUN6j4mQcCjnfOcgxRTNA,bonita-california
https://www.ubereats.com/san-diego/food-delivery/ihop-1206-broadway/EYuBEEKxRTC_cV4XClxtKg,bonita-california
https://www.ubereats.com/san-diego/food-delivery/pokedon/u-LMSVCNTqW25XdBwWY_yQ,bonita-california
https://www.ubereats.com/san-diego/food-delivery/burger-king-6135-el-cajon-boulevard/_X0ONIMqT2mqZLCCRfx8Xw,bonita-california
https://www.ubereats.com/san-diego/food-delivery/dileones-italian-restaurant/a_4aSGNJQhatFBNqWjW62g,bonita-california
https://www.ubereats.com/san-diego/food-delivery/thai-fresh/qy_-N6IXTx6yJ48USdL7cQ,bonita-california
https://www.ubereats.com/san-diego/food-delivery/mcdonalds-1630-highland-ave/glC1jXl4TpuzNYzcmukWCA,bonita-california
https://www.ubereats.com/san-diego/food-delivery/tacos-los-chuchys/geBict6tRESFxvtc8NHqKg,bonita-california
https://www.ubereats.com/san-diego/food-delivery/chicos-bakery-3rd-ave/Tfhbke2cR0u6FWSfkT69hw,bonita-california
https://www.ubereats.com/san-diego/food-delivery/cotijas-egger-highlands-san-diego-ca/L3ZU1143R7CsY6WwO5WjDw,bonita-california
https://www.ubereats.com/san-diego/food-delivery/wing-squad-san-diego/LqvqkZgmRz2hoEDdhsIrMQ,bonita-california
https://www.ubereats.com/san-diego/food-delivery/pho-olala/wni_n0IWRw2eZiUWNr3kDg,bonita-california
https://www.ubereats.com/san-diego/food-delivery/china-china/sBvv2UHLRTG1xTwzMbhqBA,bonita-california
https://www.ubereats.com/san-diego/food-delivery/arbys-325-n-2nd-street/JXyKX1H5Sn2IgYrn30GLPw,bonita-california
https://www.ubereats.com/san-diego/food-delivery/annas-the-family-restaurant/1PvxDzjFTOKuTpnZSzArqA,bonita-california
https://www.ubereats.com/san-diego/food-delivery/wendys-618-e-street/4MDJ_kR4S8yXAIqKqgySfg,bonita-california
https://www.ubereats.com/san-diego/food-delivery/taqueria-imperial/4pbRPG33RQS2ImkNPczVGw,bonita-california
https://www.ubereats.com/san-diego/food-delivery/trident-coffee-roasters/Hz3KY8ndQX-4kcUBOJYx9g,bonita-california
https://www.ubereats.com/san-diego/food-delivery/los-reyes-2496-broadway/Lq6O9bd-QGOgIfUmn4liPg,bonita-california
https://www.ubereats.com/san-diego/food-delivery/ochoas-mexican-food/zszLM9yASwmGg-xDU46nbA,bonita-california
https://www.ubereats.com/san-diego/food-delivery/kyoto-gift-%26-food/EXPY0X0qTby0j7V4tStNkw,bonita-california
https://www.ubereats.com/san-diego/food-delivery/fattoush-mediterranean-fine-cuisine/cJFora1UTymToy_lCo7ddg,bonita-california
https://www.ubereats.com/san-diego/food-delivery/citrina-berry-fresh/1K79F9zVTB602iCb2kQD8w,bonita-california
https://www.ubereats.com/san-diego/food-delivery/todo-pa-la-cruda/uJGEHlGPT5yJLblsHpxxsA,bonita-california
https://www.ubereats.com/san-diego/food-delivery/tajima-east-village/F7W0gz-ERe2tQP_T5LaWDA,bonita-california
https://www.ubereats.com/san-diego/food-delivery/burger-king-3030-plaza-bonita-rd-ste-2075/XZ3Ly75WRVudaGNVZ_JigA,bonita-california
https://www.ubereats.com/san-diego/food-delivery/boll-weevil/_TccO3vZSHSGUOjvCUgUwQ,bonita-california
https://www.ubereats.com/san-diego/food-delivery/sahara-taste-of-the-middle-east/-2BOLfIgSNeq5bFknEJrtA,bonita-california
https://www.ubereats.com/san-diego/food-delivery/miss-donut/XKcToVKlTLuxaVhK_YuQdA,bonita-california
https://www.ubereats.com/san-diego/food-delivery/starbucks-635-saturn-blvd-ste-b/BbkpXOTcQcibiTKmy3BtFA,bonita-california
https://www.ubereats.com/san-diego/food-delivery/wings-empire-h-st/9ejU7LMgSVSpFxviOEbwHg,bonita-california
https://www.ubereats.com/san-diego/food-delivery/karihan-filipino-food/3cC5lKNzSjWVAGYDCg2shg,bonita-california
https://www.ubereats.com/san-diego/food-delivery/culichi-dogs/QOQGluKJQDWvcA2hYgWCuw,bonita-california
https://www.ubereats.com/san-diego/food-delivery/panda-express-2015-birch-road/UQyScqYSRVGKlBMR3lPPXg,bonita-california
https://www.ubereats.com/san-diego/food-delivery/crispy-bird-san-diego/xWKbdDJJSFesy3TG6Ur2uQ,bonita-california
https://www.ubereats.com/san-diego/food-delivery/stk-san-diego/R_VoPQALSFeYCsXm2CXpHw,bonita-california
https://www.ubereats.com/san-diego/food-delivery/blue-poke/Qklg4iBRQ5W7B8erSRS3kA,bonita-california
https://www.ubereats.com/san-diego/food-delivery/applebees-610-palomar-st-%2377062/B_5oJmoBTxObYC0w4yE0MA,bonita-california
https://www.ubereats.com/san-diego/food-delivery/cotixan-mexican-food-terra-nova/IvaVI2a0SmSjo5YbJ3OGmQ,bonita-california
https://www.ubereats.com/san-diego/food-delivery/chipotle-mexican-grill-720-otay-lakes-rd/f93FSqUYR9uywUWVfRZ9rA,bonita-california
https://www.ubereats.com/san-diego/food-delivery/subway-2326-proctor-valley-rd/3BQQm6LaRTGue0A2VG_t6g,bonita-california
https://www.ubereats.com/san-diego/food-delivery/tj-tortas-y-tacos/VYcL-XrYR4GuEKLQ2z9SXg,bonita-california
https://www.ubereats.com/san-diego/food-delivery/adalbertos-mexican-food-market/yTDWclPLQ8ea-qyhwAz4GQ,bonita-california
https://www.ubereats.com/san-diego/food-delivery/tapioca-express-national-city-ca/TPLp9rNkQpqrC8oIWzxOTg,bonita-california
https://www.ubereats.com/san-diego/food-delivery/the-cake-pop-shop/i7zezPxaTpydCCQs44lnhg,bonita-california
https://www.ubereats.com/san-diego/food-delivery/cotijas-bonita-ca/qRiDQh5ITkW4bUrJknunAQ,bonita-california
https://www.ubereats.com/san-diego/food-delivery/la-enchilada/XCo2tzkGS42-SYEKpDBM5g,bonita-california
https://www.ubereats.com/san-diego/food-delivery/shake-%26-muddle/YZQjjXSiRnKwEQoBshdzLw,bonita-california
https://www.ubereats.com/san-diego/food-delivery/pasquallys-pizza-%26-wings-1143-highland-ave/a0Vb7ujVTBm6pWSEdv2PjQ,bonita-california
https://www.ubereats.com/san-diego/food-delivery/subway-1555-palm-ave-ste-g/7nQvMSeBRgGE8t8yOUPMSQ,bonita-california
https://www.ubereats.com/san-diego/food-delivery/asia-cafe/z_ZhRMWaQMeTZBGVVO0nwg,bonita-california
https://www.ubereats.com/san-diego/food-delivery/rubios-1480-elake-pkwy/anwno0STSliMzEQY4Y2GbA,bonita-california
https://www.ubereats.com/san-diego/food-delivery/papa-johns-688-hollister-st/U_RS3OETRASu2S5S2XhxwA,bonita-california
https://www.ubereats.com/san-diego/food-delivery/the-broken-yolk-cafe-eastlake/wkDQ54QjSa-j9LSrsy0wyA,bonita-california
https://www.ubereats.com/san-diego/food-delivery/wings-empire-logan-ave/UZYVoDNFT3yq6E3scIGArg,bonita-california
https://www.ubereats.com/san-diego/food-delivery/babycakes-hillcrest/0LE17RWRSxeyYkk2XRJNPg,bonita-california
https://www.ubereats.com/san-diego/food-delivery/el-pollo-grill-bonita/D-60ITDWR9GPsCE88pKnng,bonita-california
https://www.ubereats.com/san-diego/food-delivery/panda-express-2295-otay-lakes-rd/kqvKP4VbRrOSiP7LcwbUzw,bonita-california
https://www.ubereats.com/san-diego/food-delivery/la-patrona-mexican-grill/a41UMNWvSwemKOgWyRbPjg,bonita-california
https://www.ubereats.com/san-diego/food-delivery/crazy-lokos-snacks/8h5Df6lxTUOwXjnM1g2aUA,bonita-california
https://www.ubereats.com/san-diego/food-delivery/memos-bagel-cafe/jdAfGMsXTH-cKlWmcb-N_g,bonita-california
https://www.ubereats.com/san-diego/food-delivery/giant-pizza-king-%2317/qdYcLIysSjSgzkJ8QovNTg,bonita-california
https://www.ubereats.com/san-diego/food-delivery/china-super-buffet/l5oxtFu2TOqh2a7OscHiNg,bonita-california
https://www.ubereats.com/san-diego/food-delivery/all-american-sandwiches-n-pizza/dbiIfjkYT5CnJymZ8HSG_w,bonita-california
https://www.ubereats.com/san-diego/food-delivery/noodles-noodles/qM0d6dY4SOODUJ7MCSCKSQ,bonita-california
https://www.ubereats.com/san-diego/food-delivery/minilicious-donuts/_xpalrJjRKOdvspNhCzu_Q,bonita-california
https://www.ubereats.com/san-diego/food-delivery/novo-brazil/TGWNrELMRj-xwIpJnxyK6w,bonita-california
https://www.ubereats.com/san-diego/food-delivery/ib-thai-restaurant/Dkflb2wuTgK8DUm1aL5yYQ,bonita-california
https://www.ubereats.com/san-diego/food-delivery/pick-up-stix-rancho-san-diego/DoJXrp_PT9yOM-Bz_Cu6qg,bonita-california
https://www.ubereats.com/san-diego/food-delivery/taqueria-las-mulas/1dUcqufhQim2tcfdk59fGw,bonita-california
https://www.ubereats.com/san-diego/food-delivery/yoshinoya-1299-broadway/YxiZ6RtiT_-BPjUCrpdm2w,bonita-california
https://www.ubereats.com/san-diego/food-delivery/zad-mediterranean-cuisine/DQZ_Z68lSYi5fWhPm1-xFA,bonita-california
https://www.ubereats.com/san-diego/food-delivery/green-vine-delicatessen/62PuEKrHRb-HBpG0Jmxq2A,bonita-california
https://www.ubereats.com/san-diego/food-delivery/los-pollos-hermanos-san-diego/Oq2maW3YQC-HAIh4Et5ZxQ,bonita-california
https://www.ubereats.com/san-diego/food-delivery/jersey-mikes-subs-2015-birch-road/SFwY3z2oQZGJkaTrs4kcRA,bonita-california
https://www.ubereats.com/san-diego/food-delivery/broken-yolk-cafe-el-cajon/aU-qiJIWSvK11ARTtl--QQ,bonita-california
https://www.ubereats.com/san-diego/food-delivery/lorenzos-of-new-york-pizza/pZwkPvawSoeAk5jXgEbQVg,bonita-california
https://www.ubereats.com/san-diego/food-delivery/kfc-155-market-place-ave/vlXOJ0u3TNSvOrHBa1bClQ,bonita-california
https://www.ubereats.com/san-diego/food-delivery/machos-taco-shop/FOEsDCBYQsGG-aDOA4eP8w,bonita-california
https://www.ubereats.com/san-diego/food-delivery/el-pez-kitchen-%26-sushi/KfNJJRTxSMucliGQbUifEg,bonita-california
https://www.ubereats.com/san-diego/food-delivery/debs-cookie-jar/LwaPk6saQEi2Hn24TJmzKg,bonita-california
https://www.ubereats.com/san-diego/food-delivery/yi-sushi-2/4zG9O_vqSB2pEEFczKVPag,bonita-california
https://www.ubereats.com/san-diego/food-delivery/dennys-110-bonita-rd/e3zkQuAmQFmifWykEgFsDQ,bonita-california
https://www.ubereats.com/san-diego/food-delivery/rosaritos-taco-shop/gUdQhkk_Tp2w5QxohJwPZg,bonita-california
https://www.ubereats.com/san-diego/food-delivery/canada-steak-burger/pOf5yp-oQNmD_s_oJvShSw,bonita-california
https://www.ubereats.com/san-diego/food-delivery/koritas-mexican-tacos-and-sea-food/L4dXYGV9R-m5MsCQha3dgA,bonita-california
https://www.ubereats.com/san-diego/food-delivery/ranchwood-bbq-%26-catering/lxzNoOb7RQGXrWviQ1Etrg,bonita-california
https://www.ubereats.com/san-diego/food-delivery/mcdonalds-1135-palm-avenue/HYEWNn30REy0neT0HWfW9w,bonita-california
https://www.ubereats.com/san-diego/food-delivery/karinas-mexican-seafood/qhhNJDAoTuSssEcqBG8vsw,bonita-california
https://www.ubereats.com/san-diego/food-delivery/chubby-pie/3Y9xc_ohQiiv8MN7Ex4tIQ,bonita-california
https://www.ubereats.com/san-diego/food-delivery/dennys-4235-spring-st/RYv0rELySFiD1qIZl8IqqA,bonita-california
https://www.ubereats.com/san-diego/food-delivery/aladdin-hillcrest-cafe/yoCEywzoTDeu-_2ijj3F-Q,bonita-california
https://www.ubereats.com/san-diego/food-delivery/crafted-greens/e0njBB2OSAm74vXJqZzFVA,bonita-california
https://www.ubereats.com/san-diego/food-delivery/pavaraga-hawaiian-espresso-bar-2/lkYp3F5OSWWc4c5958iCqA,bonita-california
https://www.ubereats.com/san-diego/food-delivery/la-central-urban-grill/pIMMbTdsR9C41pFoe1GHnQ,bonita-california
https://www.ubereats.com/san-diego/food-delivery/rad-habits-juice-co/jVNktrayT2i2kY7IKFjVog,bonita-california
https://www.ubereats.com/san-diego/food-delivery/tajima-college-heights/EN9Grk51Qhe2m3-LeNJDPg,bonita-california
https://www.ubereats.com/san-diego/food-delivery/pcd-and-grill/PSYvN4McRFioouEDsocm0g,bonita-california
https://www.ubereats.com/san-diego/food-delivery/dragon-express/dorfZsSISYOavco9SI7eYw,bonita-california
https://www.ubereats.com/san-diego/food-delivery/liberty-giant-pizza/Bxg0yDURR2-bVVc-H4CSpw,bonita-california
https://www.ubereats.com/san-diego/food-delivery/dickeys-bbq-pit-jamacha-rd-%26-campo-rd/quENKf8PTSO3ag7LaY3RLw,bonita-california
https://www.ubereats.com/san-diego/food-delivery/the-nood-bar/scXoBf4LSTS0azbFoPLq1g,bonita-california
https://www.ubereats.com/san-diego/food-delivery/calypso-cafe/UV1lZB-7Tymoibf6gD6gGA,bonita-california
https://www.ubereats.com/san-diego/food-delivery/figaro-desserts/co6KrH67TvGcxcb3dbe69A,bonita-california
https://www.ubereats.com/san-diego/food-delivery/krispy-krunchy-chicken-la-mesa/0OIwIrCYSNKSObM-KyQqiQ,bonita-california
https://www.ubereats.com/san-diego/food-delivery/fresheria-chula-vista/Ou9ax4OBQyGEv4Yj4cwysQ,bonita-california
https://www.ubereats.com/san-diego/food-delivery/tacos-el-g/J0DS6yegQY-BK9NsbfnoIQ,bonita-california
https://www.ubereats.com/san-diego/food-delivery/philhouse-national-city/WdPWrtUhTNafSYLBzVpTvw,bonita-california
https://www.ubereats.com/san-diego/food-delivery/pizzerolo-sandwiches/DoHU-oAsT_SHjhnnD5tmLg,bonita-california
https://www.ubereats.com/san-diego/food-delivery/chefem-mariscos/T3iX8WqOQZCQymOah9-zsQ,bonita-california
https://www.ubereats.com/san-diego/food-delivery/wendys-960-eastlake-parkway/jpNbKheAQxab0XK53dPgmg,bonita-california
https://www.ubereats.com/san-diego/food-delivery/babaz-grill/NBMJ5pEdSL6s7krkUeXTGg,bonita-california
https://www.ubereats.com/san-diego/food-delivery/da-south-in-ya-mouth/FOsKH_XxT5m-cOEgtfV1KA,bonita-california
https://www.ubereats.com/san-diego/food-delivery/subway-1838-coronado-ave/GUp_NR7PTGm9upmd630V9Q,bonita-california
https://www.ubereats.com/san-diego/food-delivery/chula-tacos/kPdNkRVmSOq3ZtR_UGtMRA,bonita-california
https://www.ubereats.com/san-diego/food-delivery/starbucks-5030-bonita-rd-ste-a/Ghlh-iXuTCiHrLnBMx2E1g,bonita-california
https://www.ubereats.com/san-diego/food-delivery/mango-mango-fresh-and-healthy-national-city/1um98IbLRsai-Y2t2qswBA,bonita-california
https://www.ubereats.com/san-diego/food-delivery/don-cafeto/RT0ZxvEBT0uehXbpMP79lg,bonita-california
https://www.ubereats.com/san-diego/food-delivery/jaquin-mexican-grill/brWdIoh7T6WPD51sZnlOjg,bonita-california
https://www.ubereats.com/san-diego/food-delivery/atypical-waffle-30th-st/AZOU8ovOQbWljpyTQu-RWw,bonita-california
https://www.ubereats.com/san-diego/food-delivery/arbys-2244-otay-lakes-road/J36d4Y-WQ7WDqJ56dr5n1g,bonita-california
https://www.ubereats.com/san-diego/food-delivery/powerhouse-acai/vbxqJ3Q6TY2dhMkZwgxHQQ,bonita-california
https://www.ubereats.com/san-diego/food-delivery/burger-king-899-east-h-street/z-AtvLxxRDSX0h3gpyLWKQ,bonita-california
https://www.ubereats.com/san-diego/food-delivery/chicken-tender-heaven-san-diego/wq-QGhAhSqu-AogwX2XP0Q,bonita-california
https://www.ubereats.com/san-diego/food-delivery/mcdonalds-1670-millenia-avenue/916OaOQgTju6SMfja9otJA,bonita-california
https://www.ubereats.com/san-diego/food-delivery/kfc-1327-broadway/JYpfsChJRcykcuFBpkSPmw,bonita-california
https://www.ubereats.com/san-diego/food-delivery/subway-2850-national-ave-ste-b-103/X6-ug85DR2e0wYd8T3WgIA,bonita-california
https://www.ubereats.com/san-diego/food-delivery/jamba-555-broadway-ste-135/Sq2dPNt6SgqCVMftxLhbvA,bonita-california
https://www.ubereats.com/san-diego/food-delivery/subway-374-e-h-st-ste-1707/gJ0Yfex3Ru-IGSAl3lXo4Q,bonita-california
https://www.ubereats.com/san-diego/food-delivery/antojitos-tenampa/Jfk9fdkQSv2_4lXrCuaNqA,bonita-california
https://www.ubereats.com/san-diego/food-delivery/vitality-bowls-2015-birch-rd/-MAcywS2QoK_xYq-U_jRxw,bonita-california
https://www.ubereats.com/san-diego/food-delivery/korean-kitchen/1pTNMdpSSH2SrdcvjEDs6A,bonita-california
https://www.ubereats.com/san-diego/food-delivery/jack-in-the-box-2905-alta-view-dr/KxzGNlWOSn-uV5M3sedp0g,bonita-california
https://www.ubereats.com/san-diego/food-delivery/tapioca-express-chula-vista-1-ca/w7S-Sk9QTB2g249J_mnqXA,bonita-california
https://www.ubereats.com/san-diego/food-delivery/de-kotija-taco-shop/61BiFndmT-yHxL_bX2ZLaw,bonita-california
https://www.ubereats.com/san-diego/food-delivery/negro-durazo-restaurant/3xzQt-JNQTSZVZfsgWIxEw,bonita-california
https://www.ubereats.com/san-diego/food-delivery/tropi-frutas-national-city/PAZdAlaySpqqRaGY4pP53w,bonita-california
https://www.ubereats.com/san-diego/food-delivery/pure-lounge-%26-grill/cw89kVlyTrijDNFbnLFeIQ,bonita-california
https://www.ubereats.com/san-diego/food-delivery/jack-in-the-box-486-broadway/vc9UOPwrTvCEb7wxFgyAeg,bonita-california
https://www.ubereats.com/san-diego/food-delivery/dennys-692-e-street/OHCwP1kqSMiJ93o53pPtKw,bonita-california
https://www.ubereats.com/san-diego/food-delivery/pho-mai-cali-%26-grill/f_sFHYt5SjCS6hkvZoex9g,bonita-california
https://www.ubereats.com/san-diego/food-delivery/los-reyes/WuNbtJosQ8-Jvsu6GQB2eg,bonita-california
https://www.ubereats.com/san-diego/food-delivery/panchos-authentic-mexican-chula-vista-ii/6gQLa9_YTiuf9Gn6-la62Q,bonita-california
https://www.ubereats.com/san-diego/food-delivery/popeyes-louisiana-kitchen-2210-e-plaza-blvd/05R98FbFT2ise1s1GZQuFw,bonita-california
https://www.ubereats.com/san-diego/food-delivery/tuktan-thai-food/3O5fvJXOQqGdoV0LRPqnZA,bonita-california
https://www.ubereats.com/san-diego/food-delivery/kingshawarma/3LWa8pJ4Q7-YMajzQMcQJA,bonita-california
https://www.ubereats.com/san-diego/food-delivery/mcdonalds-1110-3rd-st/rZfmhJmpQoy33Em6ReHY8w,bonita-california
https://www.ubereats.com/san-diego/food-delivery/tin-roof-bar/WE6lvUZERO-XoJM8CQTQJw,bonita-california
https://www.ubereats.com/san-diego/food-delivery/la-mesa-bakery-and-bistro/jsvrYEZ-TeaPbNHk924L2g,bonita-california
https://www.ubereats.com/san-diego/food-delivery/asia-wok-marketplace-ave/D1D4rlv0Tsq3SQCiHjXKHw,bonita-california
https://www.ubereats.com/san-diego/food-delivery/jack-in-the-box-4011-bonita-rd/RiDoRsBcSEq-NqCbH8E7UQ,bonita-california
https://www.ubereats.com/san-diego/food-delivery/el-huevo-estrellado/ehjPpYI1Ta-AyL230-Br0Q,bonita-california
https://www.ubereats.com/san-diego/food-delivery/taqueria-revolucion-bonita-rd/hD5jFXTqTXWgH9gSEMI0zA,bonita-california
https://www.ubereats.com/san-diego/food-delivery/mcdonalds-1280-12th-st/RV3CagyxQ5iK5LAqG6yiqA,bonita-california
https://www.ubereats.com/san-diego/food-delivery/great-wall-express-%232/Z0Rn5-g5QiGs5MvP5Tk5fQ,bonita-california
https://www.ubereats.com/san-diego/food-delivery/los-titos-mexican-food-euclid/xTRgqdyoQEeJDjDtimC4tA,bonita-california
https://www.ubereats.com/san-diego/food-delivery/vaqueros-carne-asada-inc/4FtKPAg6R7KS-PQjz0BwZg,bonita-california
https://www.ubereats.com/san-diego/food-delivery/la-catrina-tapas-%26-cantina/la8RkWqPS3qKB3AeP571IA,bonita-california
https://www.ubereats.com/san-diego/food-delivery/pf-changs-2015-birch-rd-suite-1401/4jVqVRIlTVmRv0pKoCdFQQ,bonita-california
https://www.ubereats.com/san-diego/food-delivery/sunshine-pancake-house/eFYnAnb4T5SmPDUbohHHUg,bonita-california
https://www.ubereats.com/san-diego/food-delivery/mauricios-%233/glugIck_T6SEISnhknkI4Q,bonita-california
https://www.ubereats.com/san-diego/food-delivery/colimas-mexican-foods/dk-_vug2Q1OtX1oNEUC-gw,bonita-california
https://www.ubereats.com/san-diego/food-delivery/churchs-chicken-1005-third-avenue/aWb4D24kSmC5uZIZ4zT4eQ,bonita-california
https://www.ubereats.com/san-diego/food-delivery/subway-3001-bonita-rd-ste-200/fYXH8YsLRtGrKzZ8qe_H6w,bonita-california
https://www.ubereats.com/san-diego/food-delivery/mariscos-el-tiburon/jn5f9MlESgC1s2q0E-ej2w,bonita-california
https://www.ubereats.com/san-diego/food-delivery/kfc-4545-el-cajon-blvd/HdthzXyCTf-thCL4lPBLfg,bonita-california
https://www.ubereats.com/san-diego/food-delivery/natural-delights-juice-bar/7dYY8nMDTLO3o5p6uX1dmA,bonita-california
https://www.ubereats.com/san-diego/food-delivery/rubios-1016-tierra-del-rey/fQWPXl8MSTyB25VrYTHuvA,bonita-california
https://www.ubereats.com/san-diego/food-delivery/fruteria-copacabana/5Wj2zkK7R1-3oJlrozGngA,bonita-california
https://www.ubereats.com/san-diego/food-delivery/jack-in-the-box-10255-campo-rd/A2VBpsQuTNmCZopcVcWLMA,bonita-california
https://www.ubereats.com/san-diego/food-delivery/corbins-q/Mel7k9jgRwGQ-6EcIowh_g,bonita-california
https://www.ubereats.com/san-diego/food-delivery/panchos-breakfast/6ztPhSKXQM2sDPufyRHPVA,bonita-california
https://www.ubereats.com/san-diego/food-delivery/club-vida-y-salud/6K_UpyWoTrKhkXThTe1MgQ,bonita-california
https://www.ubereats.com/san-diego/food-delivery/el-pollo-loco-1710-highland-ave/2Jcijf_GSnez9S_eIPHRoQ,bonita-california
https://www.ubereats.com/san-diego/food-delivery/the-ice-cream-shop/Khy9JTXyT6eBRm9MandJCw,bonita-california
https://www.ubereats.com/san-diego/food-delivery/el-pollo-loco-2795-main-st/4UbUgu6XTCeOtLxpOjd4jg,bonita-california
https://www.ubereats.com/san-diego/food-delivery/juice-adventure/JsILCumZToiSHPAR_7SITQ,bonita-california
https://www.ubereats.com/san-diego/food-delivery/mcdonalds-4350-palm-ave/3nL7LsXERSqi29gaXliFhw,bonita-california
https://www.ubereats.com/san-diego/food-delivery/cotixas-mexican-grill-%26-seafood/FqCLvgbZTzW54b-0LWK1Yw,bonita-california
https://www.ubereats.com/san-diego/food-delivery/the-ice-cream-shop/V-6zt5SgRj24_fi8vd6JqQ,bonita-california
https://www.ubereats.com/san-diego/food-delivery/onos-cafe-sushi-and-asian-fusion-cuisine/gK8J8bEASQuxnOzFvYzt5A,bonita-california
https://www.ubereats.com/san-diego/food-delivery/zoes-place-tacos-%26-seafood/6EEYk8ZVRJavz2yDCvUVhg,bonita-california
https://www.ubereats.com/san-diego/food-delivery/the-dojo-to-go/5JYGTzvDQLyRIs-l3V3P7g,bonita-california
https://www.ubereats.com/san-diego/food-delivery/aunt-emmas-pancakes/NPdD9y87RoWDEYYzJZ88Kw,bonita-california
https://www.ubereats.com/san-diego/food-delivery/bad-ass-breakfast-burritos-san-diego/Xp_vg7QdRay0ZOF1nRMVnA,bonita-california
https://www.ubereats.com/san-diego/food-delivery/jersey-mikes-2315-otay-lakes-rd/dyW7-y2oSaK-e20OwW96uw,bonita-california
https://www.ubereats.com/san-diego/food-delivery/menchies-frozen-yogurt-2471-jamacha-road/uT3RlWELRwisJotpedCD5g,bonita-california
https://www.ubereats.com/san-diego/food-delivery/paleo-treats/YfVtHMz3QAqwJlB4zjYobA,bonita-california
https://www.ubereats.com/san-diego/food-delivery/islander-grill/yck9bIDxR8KBuZCrnXezYw,bonita-california
https://www.ubereats.com/san-diego/food-delivery/siam-imperial-thai-kitchen/ibuiHcOHQ0uATIhOxLDrLw,bonita-california
https://www.ubereats.com/san-diego/food-delivery/la-sinaloense-restaurant/UwShxoc1RQ-YVAQ8rdvaWA,bonita-california
https://www.ubereats.com/san-diego/food-delivery/alis-chicken-%26-waffles/sNXaZcOGTFOCMF4ZyuD6DQ,bonita-california
https://www.ubereats.com/san-diego/food-delivery/the-broken-yolk-cafe-plaza-bonita/bZ76z_2aT4-5RyMTO6NQ_g,bonita-california
https://www.ubereats.com/san-diego/food-delivery/fattes-pizza/yR2ZzZdhRqako3ztd_0AEw,bonita-california
https://www.ubereats.com/san-diego/food-delivery/crispy-fried-chicken/hwwqiFP_TOGaeumbo4jjzQ,bonita-california
https://www.ubereats.com/san-diego/food-delivery/marios-taco-shop/CZgbENxsQbmaQ9u7yTDs-A,bonita-california
https://www.ubereats.com/san-diego/food-delivery/disfrutalas/wJYx4zyrT8SnkvM886FhPA,bonita-california
https://www.ubereats.com/san-diego/food-delivery/el-pollo-loco-666-h-st3335/icM6VtdGRaOwGic2o77APw,bonita-california
https://www.ubereats.com/san-diego/food-delivery/mcdonalds-687-east-palomar/IjjoG7KNTCikUjEweG0wug,bonita-california
https://www.ubereats.com/san-diego/food-delivery/outback-steakhouse-2980-plaza-bonita/wLd8EnJqQCi3d6B-e2LkWw,bonita-california
https://www.ubereats.com/san-diego/food-delivery/tacos-el-gallo/jFuioKbySvCbnkH0fVu2ZA,bonita-california
https://www.ubereats.com/san-diego/food-delivery/los-burritos/59PmGaooTPiT_7SA2RPsHw,bonita-california
https://www.ubereats.com/san-diego/food-delivery/hooters-plaza-bonita-rd-%26-bonita-mesa-rd/-ZszQQReS9K9ADMkSDvkfg,bonita-california
https://www.ubereats.com/san-diego/food-delivery/ihop-1430-e-plaza-blvd/MbN4K3tKRBaTDp0x22Zo0Q,bonita-california
https://www.ubereats.com/san-diego/food-delivery/3n1-sports-bar-%26-grill/GsB_Ry6ZTcG407_nsUqcAw,bonita-california
https://www.ubereats.com/san-diego/food-delivery/circus-man-yummy-ice-cream/VD4cMiK-RmWQlfSf5k2fiQ,bonita-california
https://www.ubereats.com/san-diego/food-delivery/gabriellas-new-york-city-pizza/AKHE6x84TdetCYvfDsWeJw,bonita-california
https://www.ubereats.com/san-diego/food-delivery/buffalo-wild-wings-555-broadway-ste-116/tbp31jU9QRm68oqH7vRj3w,bonita-california
https://www.ubereats.com/san-diego/food-delivery/mi-mate/MijDyUBpSmKelxCvlNQ5Uw,bonita-california
https://www.ubereats.com/san-diego/food-delivery/peter-piper-pizza-3007-highland-blvd/vVHRZAnYS6G3JLi4IhWGuA,bonita-california
https://www.ubereats.com/san-diego/food-delivery/the-buffalo-spot-lemon-grove/V_LV6bDfRcSLZTS3QWOd2A,bonita-california
https://www.ubereats.com/san-diego/food-delivery/house-of-smoothies/VPgfBYKiQfiLajqcqcEsHg,bonita-california
https://www.ubereats.com/san-diego/food-delivery/rancho-giant-pizza/AF-rlRa0REGqmtrhyqXyuQ,bonita-california
https://www.ubereats.com/san-diego/food-delivery/happy-slice-pizza-san-diego/1UKCeN_UQxCQhe-_rix64g,bonita-california
https://www.ubereats.com/san-diego/food-delivery/leos-kitchen/BvhUcaM0T1GhK9zhHWdc9g,bonita-california
https://www.ubereats.com/san-diego/food-delivery/mystic-grill/6WnXNwONQ4KVZgk_6R7jNQ,bonita-california
https://www.ubereats.com/san-diego/food-delivery/la-morena-taco-shop/zkxzsXruSy6gDmIMSmWJTg,bonita-california
https://www.ubereats.com/san-diego/food-delivery/subway-689-sweetwater-rd/ZJIxb9zQQ8STYfYyGHHlXA,bonita-california
https://www.ubereats.com/san-diego/food-delivery/churchs-chicken-3040-east-8th-street/xQJBfLKbQaGy-w185xGDOg,bonita-california
https://www.ubereats.com/san-diego/food-delivery/antojitos-mexicanos-del-tepeyac/atQC4INwQKWBHxpF5pagDw,bonita-california
https://www.ubereats.com/san-diego/food-delivery/chriss-sushi/0PToXDq7TX2lYg16PvPLrw,bonita-california
https://www.ubereats.com/san-diego/food-delivery/subway-1455-e-h-st-ste-202/3-lcB-1QRCup2zLWKUZN3A,bonita-california
https://www.ubereats.com/san-diego/food-delivery/delifruits-chula-vista/JMQGFAVCQyGUJcWQc_QeVg,bonita-california
https://www.ubereats.com/san-diego/food-delivery/nitros-sd/P9s3OWsDQ2KzNGS5jnfR2Q,bonita-california
https://www.ubereats.com/san-diego/food-delivery/fatsos-bunker/aFq_oHXxSlu5NI5qIrf2pw,bonita-california
https://www.ubereats.com/san-diego/food-delivery/la-original-casa-del-taco/ulb8W0GZSA-p_B31GzF7KQ,bonita-california
https://www.ubereats.com/san-diego/food-delivery/popeyes-3295-palm-ave/Cokqay_yS-KqJWGhwkG8Kw,bonita-california
https://www.ubereats.com/san-diego/food-delivery/the-ice-cream-shop/sTsptCXsSRarfy3GUYbt4Q,bonita-california
https://www.ubereats.com/san-diego/food-delivery/popeyes-louisiana-kitchen-2100-highland-avenue/d9lLoj29RjiM2k6oCWDsNQ,bonita-california
https://www.ubereats.com/san-diego/food-delivery/frutas-100%25-natural-bonita/Qn6JPBqRRIyTen9cQBaYQw,bonita-california
https://www.ubereats.com/san-diego/food-delivery/stone-oven-gourmet-sandwiches-%26-salads-national-city/9s702ITuRQaAoZK5u7TLxw,bonita-california
https://www.ubereats.com/san-diego/food-delivery/el-sonorense-mexican-seafood/y-mimOvXRYO62qXxWTuwAg,bonita-california
https://www.ubereats.com/san-diego/food-delivery/laylahs-jamaican-food/Q12b1xEiSrmA-kc-Io74fw,bonita-california
https://www.ubereats.com/san-diego/food-delivery/tavern-at-the-vogue/elTQGJZ7QI6Zr2WTnXOtsw,bonita-california
https://www.ubereats.com/san-diego/food-delivery/mcdonalds-619-broadway/UoBzs-H6Q0y3-Z2g7pERfw,bonita-california
https://www.ubereats.com/san-diego/food-delivery/harborside-thai-lao-%26-sushi/l-px1QEQT9eRD2CaNzHR-w,bonita-california
https://www.ubereats.com/san-diego/food-delivery/yogurt-mill/7CMduA65SWKMhUj0MdDY9Q,bonita-california
https://www.ubereats.com/san-diego/food-delivery/marleez-koffee/bxQq7jWBRmeZUlZK2q_rzA,bonita-california
https://www.ubereats.com/san-diego/food-delivery/mjs-fusion-deli/N-Y8W4IxSEa80LDt039a_g,bonita-california
https://www.ubereats.com/san-diego/food-delivery/rallys-8667-jamacha-road/v2Re7hkpTxSeGrDQTlh32w,bonita-california
https://www.ubereats.com/san-diego/food-delivery/panda-chef/Drr9ECrmRwWhXMIBBlU3xw,bonita-california
https://www.ubereats.com/san-diego/food-delivery/the-ice-cream-shop/TiWdbmucQhGPoIjWDac6CA,bonita-california
https://www.ubereats.com/san-diego/food-delivery/chipotle-mexican-grill-569-h-st/0bvLxv29R1i4bwoIuuz86w,bonita-california
https://www.ubereats.com/san-diego/food-delivery/frutas-100%25-natural-national-city/-byi7CjXQ4KdsSyx32UNFw,bonita-california
https://www.ubereats.com/san-diego/food-delivery/papa-johns-pizza-1201-e-main-st/1atLZKBCSgOLvJ7MFQEJHg,bonita-california
https://www.ubereats.com/san-diego/food-delivery/jamba-6348-college-grove-way/_sxLt-qbQ_yDwwd13c3rfA,bonita-california
https://www.ubereats.com/san-diego/food-delivery/burger-king-97-bonita-road/jwQLB_O6R4m-ZpTPr6ehsQ,bonita-california
https://www.ubereats.com/san-diego/food-delivery/five-guys-ca-4007-555-broadway/skp1HrxCTGWcNwmHReZYbw,bonita-california
https://www.ubereats.com/san-diego/food-delivery/college-sub-shop/fiC4a9GyQyK-bh1cFWsh-A,bonita-california
https://www.ubereats.com/san-diego/food-delivery/happys-pizza-logan-ave/ecPK4rRfQEKvEIpEjiXKBQ,bonita-california
https://www.ubereats.com/san-diego/food-delivery/agave-coffee-%26-cafe/-eDkyJKwQAGKWE14ZBOx3A,bonita-california
https://www.ubereats.com/san-diego/food-delivery/jack-in-the-box-3138-e-plaza-blvd/cXIaY6zoRYaf4CQXFPdqjg,bonita-california
https://www.ubereats.com/san-diego/food-delivery/dennys-4365-university-ave/JOUnfWhTT0uHi5EiGeT7Uw,bonita-california
https://www.ubereats.com/san-diego/food-delivery/subway-2015-birch-rd/XWElLN5xSMC23JVL9F4ctw,bonita-california
https://www.ubereats.com/san-diego/food-delivery/the-ice-cream-shop/mRqj6OobS--4S7durQN3KQ,bonita-california
https://www.ubereats.com/san-diego/food-delivery/flip-kitchen/2MxfJU0kQ_W_8ByBJMDsVw,bonita-california
https://www.ubereats.com/san-diego/food-delivery/curryosity/77PSQCe6R1OJSsn9ddpMVQ,bonita-california
https://www.ubereats.com/san-diego/food-delivery/fresheria-logan/UgigePk7QXOP7HzXcnUi-g,bonita-california
https://www.ubereats.com/san-diego/food-delivery/d-wings-%26-ribs-national-city/LkfhpJ7rQ_eVLwAb0hVmVg,bonita-california
https://www.ubereats.com/san-diego/food-delivery/panda-express-3030-plaza-bonita-fc-4/JvI8hQ51T22gbz1RnXYCAA,bonita-california
https://www.ubereats.com/san-diego/food-delivery/sohos-new-york-pizza/Ddu5U-JOTMKDay23V5TH_g,bonita-california
https://www.ubereats.com/san-diego/food-delivery/tambayan-filipino-bbq-%26-grill/f2QxplLcSCinevTjTz3wjg,bonita-california
https://www.ubereats.com/san-diego/food-delivery/antojo-loko-sd/0uELRtcORTi1bY1ApjLBZQ,bonita-california
https://www.ubereats.com/san-diego/food-delivery/stella-jeans-ice-cream/N8jsRY9_RBSfiCM--UdQkg,bonita-california
https://www.ubereats.com/san-diego/food-delivery/pho-bo/HutpwZ-aSbu8Rg7xgMy3Hw,bonita-california
https://www.ubereats.com/san-diego/food-delivery/asi-es-jalisco-birrieria-chula-vista/yLInOeQRS6iCTWuaMWp1wQ,bonita-california
https://www.ubereats.com/san-diego/food-delivery/dunkin-2139-e-plaza-blvd/MIl_F6twTmW74K5eAvMAbw,bonita-california
https://www.ubereats.com/san-diego/food-delivery/swamis-cafe-north-park/9_CYuSiVSIGhM71gtD_Mlg,bonita-california
https://www.ubereats.com/san-diego/food-delivery/d-volada-cafe-%26-smoothies/x7jIujCtTC2h2Htu1VIywg,bonita-california
https://www.ubereats.com/san-diego/food-delivery/himalayan-cuisine/Ii7EMUQdRke0am6iBTq16A,bonita-california
https://www.ubereats.com/san-diego/food-delivery/manna-heaven-bbq-chula-vista/PeIOwj4qQDm6ICGr7EanVA,bonita-california
https://www.ubereats.com/san-diego/food-delivery/san-diego-poke-co-adams-ave/wRmfANIVR-KLD0g0X7cDHQ,bonita-california
https://www.ubereats.com/san-diego/food-delivery/swamis-cafe-la-mesa/KdC5lGYMSbSXI-3kR3Bbig,bonita-california
https://www.ubereats.com/san-diego/food-delivery/cali-comfort-bbq/ORMpW_5UTAiBJ-FFG5cf8g,bonita-california
https://www.ubereats.com/san-diego/food-delivery/coconut-%26-co/6v-RIFBzTS-q41GMZ1w2_Q,bonita-california
https://www.ubereats.com/san-diego/food-delivery/jack-in-the-box-802-3rd-ave/1hhwJbErSuWX0gdTFwPX5w,bonita-california
https://www.ubereats.com/san-diego/food-delivery/casa-don-diego/yeRThaHTT4y8_bqRskAm9Q,bonita-california
https://www.ubereats.com/san-diego/food-delivery/starbucks-8299-otay-mesa-rd-ste-d/Eb1I-KyZQkOp5qf_tgl86A,bonita-california
https://www.ubereats.com/san-diego/food-delivery/zappy-pizza/ZTLpopc6Tom7qJuA17ff5w,bonita-california
https://www.ubereats.com/san-diego/food-delivery/mariscos-el-valedor/ARCs5rdzRTuzB-0FsVEFiA,bonita-california
https://www.ubereats.com/san-diego/food-delivery/applebees-3030-plaza-bonita-road-%2379046/RYWeIIGwQgCem367uioWsQ,bonita-california
https://www.ubereats.com/san-diego/food-delivery/culichi-dogs/KhskS89NSRmm3Z6Io5BqIA,bonita-california
https://www.ubereats.com/san-diego/food-delivery/harvest-ranch-el-cajon/6YmHjRbmSJGSbgylYybxCw,bonita-california
https://www.ubereats.com/san-diego/food-delivery/taco-lounge/YKk-ORyiRkK1DbwufwpEKw,bonita-california
https://www.ubereats.com/san-diego/food-delivery/thai-fresh-2/R3hpqCVmRBOh9S1ONzXuPg,bonita-california
https://www.ubereats.com/san-diego/food-delivery/jack-in-the-box-5-n-4th-ave/hJ2-omYiSfCcSaxLYhvoYQ,bonita-california
https://www.ubereats.com/san-diego/food-delivery/elite-buffet/9ocM9-d9RISuk3Ly2uop8A,bonita-california
https://www.ubereats.com/san-diego/food-delivery/dennys-2642-jamacha-rd/US7mnBLoTn6vBQXGUb-e3g,bonita-california
https://www.ubereats.com/san-diego/food-delivery/bento-%26-noodles-east-lake/kf_Up1eATUOq9XnxgOoOJQ,bonita-california
https://www.ubereats.com/san-diego/food-delivery/eat-your-heart-out/Zr4_hRqPQN2mFggyrCoU7A,bonita-california
https://www.ubereats.com/san-diego/food-delivery/jersey-mikes-801-palm-avenue/kEd_xgpFTzeQpTI7rN5mMQ,bonita-california
https://www.ubereats.com/san-diego/food-delivery/rabanitos-mexican-food/BsAWHIECSPiULdgMoWMrwg,bonita-california
https://www.ubereats.com/san-diego/food-delivery/applebees-2508-jamacha-%2379045/fSmH0raeQCyfWbgwK24h2A,bonita-california
https://www.ubereats.com/san-diego/food-delivery/united-pizza-%231-chula-vista/8qW7PO5sT56gMX0b_fDKwA,bonita-california
https://www.ubereats.com/san-diego/food-delivery/salad-style/MUX8nJqURRivzdQMCH_MhQ,bonita-california
https://www.ubereats.com/san-diego/food-delivery/la-finca-de-adobe/7jPJhxsuRvyeJyKx0DGKow,bonita-california
https://www.ubereats.com/san-diego/food-delivery/jack-in-the-box-890-palm-ave/nNPfMRy8SVat_xPeRmkA9w,bonita-california
https://www.ubereats.com/san-diego/food-delivery/buckaroo-foot-long-tortas/w_U-SR7fTruFWOLr-RYdaA,bonita-california
https://www.ubereats.com/san-diego/food-delivery/streetcar-merchants-of-fried-chicken-waffles-%26-pie/no-xfXcPQXCmVCa54Q3IZA,bonita-california
https://www.ubereats.com/san-diego/food-delivery/joes-wings-n-fries/5PFmwgACTn29B5eohBHNkw,bonita-california
https://www.ubereats.com/san-diego/food-delivery/mcdonalds-2796-main-st/vkAhdKVURKqpUYCKCO9nQg,bonita-california
https://www.ubereats.com/san-diego/food-delivery/sizzler-4445-imperial-ave/u3o41RvgRuymYNEH9CyscA,bonita-california
https://www.ubereats.com/san-diego/food-delivery/mi-tierra-super-taco/IzLgFeGgSjCcQkGh_NXkAA,bonita-california
https://www.ubereats.com/san-diego/food-delivery/taqueria-el-poblano/6gwkSbA_T1yBXfmTgYXEUQ,bonita-california
https://www.ubereats.com/san-diego/food-delivery/chris-ono-grinds-island-grill/O4yCtaSVSRmkAhTbqTGdWA,bonita-california
https://www.ubereats.com/san-diego/food-delivery/big-kahunas/RVmall5WTsiQQGQSRB4DjA,bonita-california
https://www.ubereats.com/san-diego/food-delivery/pho-superbowl/dwBugR_bQU2tW2jX6n2SBg,bonita-california
https://www.ubereats.com/san-diego/food-delivery/tamales-el-mexicano/bHvF4seeT7K8TJd86hiKdA,bonita-california
https://www.ubereats.com/san-diego/food-delivery/slappys-burgers-%26-brews/ZSHh8nXPQhe-TmhYVFOe7w,bonita-california
https://www.ubereats.com/san-diego/food-delivery/tandoori-hut/JYu1Um2nThGm9NP8S1H9-g,bonita-california
https://www.ubereats.com/san-diego/food-delivery/d-k-che-chula-vista/wm6Jt8-GR3e1yC7bEULozw,bonita-california
https://www.ubereats.com/san-diego/food-delivery/godfathers-pizza-685-sweetwater-rd/jETEGrR7QWmqEYL_5jsCUg,bonita-california
https://www.ubereats.com/san-diego/food-delivery/the-ice-cream-shop/m85NGLZJQVWkhbNtdW4ANg,bonita-california
https://www.ubereats.com/san-diego/food-delivery/esmeralda-fruits/MMDFxYLXSj6Rouc3uRxv9Q,bonita-california
https://www.ubereats.com/san-diego/food-delivery/burger-king-1220-south-28th-street/Pn8enUJHTdCCjiBBxIP5zg,bonita-california
https://www.ubereats.com/san-diego/food-delivery/jamba-3030-plaza-bonita-rd-ste-fc-12/T5DtHGyeR0Oqn1kpNQPejA,bonita-california
https://www.ubereats.com/san-diego/food-delivery/san-diego-protein-company/ongkerfCRuGVflCWfa8MGA,bonita-california
https://www.ubereats.com/san-diego/food-delivery/panda-express-4450-bonita-rd/vd5Rer8ZQ6yeI4aSyxFlSg,bonita-california
https://www.ubereats.com/san-diego/food-delivery/el-toro-grill-taqueria/1RaWDbn2RrqwXqu4HWVhVA,bonita-california
https://www.ubereats.com/san-diego/food-delivery/light-bulb-coffee/j-rWJGIvSiSu32gShTpTKQ,bonita-california
https://www.ubereats.com/san-diego/food-delivery/captain-sams-fish-%26-chicken/gjGNHMV4RrO2bqnc-UN2ug,bonita-california
https://www.ubereats.com/san-diego/food-delivery/bubbas-smokehouse-bbq/Xpfw5Z9bTLCoPE-ZMEE4oA,bonita-california
https://www.ubereats.com/san-diego/food-delivery/wings-empire-el-cajon/FonqWc3DRleFcbq0TShyGQ,bonita-california
https://www.ubereats.com/san-diego/food-delivery/subway-4378-bonita-rd/KCp2moU3Sw-3akGGikK4zQ,bonita-california
https://www.ubereats.com/san-diego/food-delivery/santanas-carrito/ylh8juMoQUe0V_Bjun_yGw,bonita-california
https://www.ubereats.com/san-diego/food-delivery/el-tapatio-restaurant/9u_MlDCvQBifxuV70ik3ng,bonita-california
https://www.ubereats.com/san-diego/food-delivery/jack-in-the-box-947-otay-lake-rd/YPpSvunhSFOsIIpDHuqdEQ,bonita-california
https://www.ubereats.com/san-diego/food-delivery/da-chicken-coop/pIa79e7AQqOQ81BJYHkw2g,bonita-california
https://www.ubereats.com/san-diego/food-delivery/kfc-7012-broadway/0LgIUNJZQ6KR174uFrwMCw,bonita-california
https://www.ubereats.com/san-diego/food-delivery/bay-city-brewery/vKAFU0dCTSqea5I0dF3cZQ,bonita-california
https://www.ubereats.com/san-diego/food-delivery/i-sushi/L2Vfm3JJRdW3xaDnP0OEKw,bonita-california
https://www.ubereats.com/san-diego/food-delivery/the-ice-cream-shop/WIH-31ufSNq4pGLWlumpQg,bonita-california
https://www.ubereats.com/san-diego/food-delivery/teresitas-fruiteria/W-RaFo7WQRq39sa5hO_ZzA,bonita-california
https://www.ubereats.com/san-diego/food-delivery/pavaraga-hawaiian-espresso-bar/0GB0urTVSBq0S_DDnGMdXA,bonita-california
https://www.ubereats.com/san-diego/food-delivery/kfc-taco-bell-8330-paradise-valley-rd/xrZl5YLYTXOzGtfbAeGlJw,bonita-california
https://www.ubereats.com/san-diego/food-delivery/buffalo-wild-wings-2015-birch-rd-ste-715/dVzl32AvQOOWxDmyBQS4Gw,bonita-california
https://www.ubereats.com/san-diego/food-delivery/subway-2220-e-plaza-blvd-ste-a-1/Oco1yYWgRdmFmjEXA4278w,bonita-california
https://www.ubereats.com/san-diego/food-delivery/papa-johns-1130-e-plaza-blvd/URu1PlfqT2iiWHu4IonqRw,bonita-california
https://www.ubereats.com/san-diego/food-delivery/ohana-hawaiian-bbq-national-city/ClxPNbzhQDutnmfwCLG66Q,bonita-california
https://www.ubereats.com/san-diego/food-delivery/hectors-mariscos-eastlake/WMpevlFbR22kjMwSBCHXjA,bonita-california
https://www.ubereats.com/san-diego/food-delivery/mcdonalds-725-e-st/Z3cFqMQ5RbmQnWMUa-CD0g,bonita-california
https://www.ubereats.com/san-diego/food-delivery/starbucks-3047-bonita-road-108/VV5Yo0I-RI-4Z2DW_5wd-w,bonita-california
https://www.ubereats.com/san-diego/food-delivery/lemon-grove-deli-%26-grill/bNLoJC9gTb6LsXRFA4NUKQ,bonita-california
https://www.ubereats.com/san-diego/food-delivery/starbucks-2828-national-ave-ste-100/MCjOZaFaSu23SKPQ5rhaFA,bonita-california
https://www.ubereats.com/san-diego/food-delivery/eibertos-taco-shop/a_wsm0LGTL2f1lm0uQSJzQ,bonita-california
https://www.ubereats.com/san-diego/food-delivery/citrina-berry-fresh/ByOdomW3T4W_mt_159MRlg,bonita-california
https://www.ubereats.com/san-diego/food-delivery/attitude-brewing-company-inc/h5jrpn7uQMCdDzU3zaSIPg,bonita-california
https://www.ubereats.com/san-diego/food-delivery/cold-stone-creamery-2963-jamacha-rd/limyYbKhQre-iRo7jDLLQA,bonita-california
https://www.ubereats.com/san-diego/food-delivery/ika-sushi/ipQ8qikIS--OBOHYMfOa5Q,bonita-california
https://www.ubereats.com/san-diego/food-delivery/el-cilantro-mexican-grill/JSpyfrpWR9mho9_TFWuTiQ,bonita-california
https://www.ubereats.com/san-diego/food-delivery/el-sabor-de-la-baja-2/HDdudAy7Rna6JjCt3Eojog,bonita-california
https://www.ubereats.com/san-diego/food-delivery/el-paisa-tacos/OT5zi1UnQP-HfKPWqiTyjw,bonita-california
https://www.ubereats.com/san-diego/food-delivery/panchos-breakfast/emIS6AlPRbCm4Ohs4My9BA,bonita-california
https://www.ubereats.com/san-diego/food-delivery/adelitas-mexican-food/VkrqaVwRRzOKFFnczaaBtw,bonita-california
https://www.ubereats.com/san-diego/food-delivery/papagayos-grill-%26-cantina/O1AlW4U-SwSnVuP-tDHxyg,bonita-california
https://www.ubereats.com/san-diego/food-delivery/alforon-el-cajon-blvd/mkyNJxrpSAOvP_qfwX45gg,bonita-california
https://www.ubereats.com/san-diego/food-delivery/el-sonorense-mexican-food/3fvSMwXqQxCpuv-Qw3cg5A,bonita-california
https://www.ubereats.com/san-diego/food-delivery/wongs-golden-palace/hVzSmjOVRnaNKPtJwKnfnQ,bonita-california
https://www.ubereats.com/san-diego/food-delivery/el-paisano-victors-market-la-familia/vkm9H2uBT7a5pog1jAbw3w,bonita-california
https://www.ubereats.com/san-diego/food-delivery/grains/MtubLjOsSCaFFzeebCSMAA,bonita-california
https://www.ubereats.com/san-diego/food-delivery/ljs-southern-fried-chicken/vjQpFwOhR46t36CsX6_qZw,bonita-california
https://www.ubereats.com/san-diego/food-delivery/bjs-restaurant-%26-brewhouse-555-broadway-suite-1019/SvkArp7wRC67xo8gFell9g,bonita-california
https://www.ubereats.com/san-diego/food-delivery/healthy-wiches-%26-wraps-and-roll/2AJHHvivQg6aGaad8oHRiw,bonita-california
https://www.ubereats.com/san-diego/food-delivery/vega-caffe-chula-vista/GlYB72qdScykElatj77CyQ,bonita-california
https://www.ubereats.com/san-diego/food-delivery/karinas-mexican-seafood/Gk9LSND1RxyCFDOTJLu-2A,bonita-california
https://www.ubereats.com/san-diego/food-delivery/tuna-sushi/Tnv4wqrfR7mmguh0QMzpAQ,bonita-california
https://www.ubereats.com/san-diego/food-delivery/mangia-italiano/KhhGbSBQQsaL_Xjj-nUcGA,bonita-california
https://www.ubereats.com/san-diego/food-delivery/oggis-pizza-%26-brewing-co/ZiGUCmN2SqSiPGgDRdT5Kg,bonita-california
https://www.ubereats.com/san-diego/food-delivery/kfc-4380-palm-ave/yGNNs5UWR9y5YtT2pc8GzQ,bonita-california
https://www.ubereats.com/san-diego/food-delivery/cotijas-eastlake-pkwy-chula-vista-ca/vRq5JIHQTam3b34uJVElgg,bonita-california
https://www.ubereats.com/san-diego/food-delivery/hodads-downtown/58SAIlQOTiCL2zZ8lBYPcA,bonita-california
https://www.ubereats.com/san-diego/food-delivery/burger-king-599-broadway/qKcr8eqIR8edweNKZne8pQ,bonita-california
https://www.ubereats.com/san-diego/food-delivery/siamo-napoli/gZzM3fluQ5KIS_b6tlf87Q,bonita-california
https://www.ubereats.com/san-diego/food-delivery/dlish-california-cuisine/f4qmDILrRQy1ojXJ85wn-w,bonita-california
https://www.ubereats.com/san-diego/food-delivery/bad-mutha-clucka-san-diego/ZBJREc8BQ82JYiefHgZAvg,bonita-california
https://www.ubereats.com/san-diego/food-delivery/papa-johns-1020-tierra-del-rey/5yrz7YgKSgyRHAfkZstKGw,bonita-california
https://www.ubereats.com/san-diego/food-delivery/rallys-1545-palm-avenue/OePj_vJWSgOUC8yMqCBrNg,bonita-california
https://www.ubereats.com/san-diego/food-delivery/casa-nori/Dqsqpn_GQiiUFxqTymwhdA,bonita-california
https://www.ubereats.com/san-diego/food-delivery/starbucks-9809-campo-road/0g6D3DAiTau60QiP1RofWw,bonita-california
https://www.ubereats.com/san-diego/food-delivery/bambinos-pizza/dGljb4Z6QVaVoYaU0Fw67A,bonita-california
https://www.ubereats.com/san-diego/food-delivery/shotcaller-street-soul-food/qSMIp8_rSgqdWb4pR8nhJg,bonita-california
https://www.ubereats.com/san-diego/food-delivery/red-house-kitchen/_Dxny82aSOSVX-gdkK-AmA,bonita-california
https://www.ubereats.com/san-diego/food-delivery/suckerfree-southern-plate-%26-bar/8kDzrzz8SBeIRZdI7Ad3hA,bonita-california
https://www.ubereats.com/san-diego/food-delivery/jamba-1451-east-h-st/mfhCoOwOSN6PQ_w4gU6ITg,bonita-california
https://www.ubereats.com/san-diego/food-delivery/pasquallys-pizza-%26-wings-3414-college-ave/mix2M-MSSBaIZfGp8GOUPw,bonita-california
https://www.ubereats.com/san-diego/food-delivery/tamarind-thai-restaurant/O97m1D7hRV21EmPg1WPKyA,bonita-california
https://www.ubereats.com/san-diego/food-delivery/the-dojo-cafe/jlqQSj1DSoeQV1vgLS7bJg,bonita-california
https://www.ubereats.com/san-diego/food-delivery/tacos-y-tortas-ahogadas-el-tio-pepe/lGnlr4y6TjO8sdPLp9bbyw,bonita-california
https://www.ubereats.com/san-diego/food-delivery/kfc-5080-bonita-rd/vQWvJ3xDRbm-SpneR2DilQ,bonita-california
https://www.ubereats.com/san-diego/food-delivery/red-lobster-598-h-street/WhLSBghNSFu2GfwMBWYRfw,bonita-california
https://www.ubereats.com/san-diego/food-delivery/more-life-liquid-juice-bar/QRCq2W7CTnSrQM2WGs5A3w,bonita-california
https://www.ubereats.com/san-diego/food-delivery/el-prieto-mariscos-y-birria/HDxsHxNWReSwEB93Vhahqg,bonita-california
https://www.ubereats.com/san-diego/food-delivery/brians-24/4d3aEYQSR5SH4R7CIXh9Ug,bonita-california
https://www.ubereats.com/san-diego/food-delivery/pho-mai-cali-%26-grill/HPQx4bplSsWZoXoTGqwvzA,bonita-california
https://www.ubereats.com/san-diego/food-delivery/the-ice-cream-shop/klKRGEqmQ26-UQSpKhPkfg,bonita-california
https://www.ubereats.com/san-diego/food-delivery/kfc-1361-medical-center-dr/lHznYnc9QMKbRcThGP2hcw,bonita-california
https://www.ubereats.com/san-diego/food-delivery/kiki-sushi/TwLKSuB5QbSw8g0xouzD4A,bonita-california
https://www.ubereats.com/san-diego/food-delivery/daphnes-california-greek-chula-vista/jfDlD-rqQYK2aM9CmHgRlQ,bonita-california
https://www.ubereats.com/san-diego/food-delivery/taco-mex/j4uMYEiDRZCvsaImIRjIYA,bonita-california
https://www.ubereats.com/san-diego/food-delivery/aqui-es-texcoco-520-broadway/Wv2-YgkqRfe5pFJp947Izw,bonita-california
https://www.ubereats.com/san-diego/food-delivery/arigato-japanese-restaurant/z-vFauyDSHmqiA_D3LHj6w,bonita-california
https://www.ubereats.com/san-diego/food-delivery/papa-johns-1085-3rd-ave/977vFZdWRa6crPYOs6fSrQ,bonita-california
https://www.ubereats.com/san-diego/food-delivery/l%26l-hawaiian-bbq-2260-otay-lakes-rd-ste-105/GkuiVzaTQAKunNOQWygxqw,bonita-california
https://www.ubereats.com/san-diego/food-delivery/dennys-2222-coronado-ave/R62Lx53GQ5e7-6NAWW4ylA,bonita-california
https://www.ubereats.com/san-diego/food-delivery/izakaya-naruto/GBbfbWZsT-GpBgw9iKg2Sw,bonita-california
https://www.ubereats.com/san-diego/food-delivery/sushi-factory/ap-OI6-uS9eZ2UWr1-JOnw,bonita-california
https://www.ubereats.com/san-diego/food-delivery/krispy-kreme-otay-lakes-rd-%26-eastlake-pkwy/IOD0ArLdRc2dfW7xOE1_og,bonita-california
https://www.ubereats.com/san-diego/food-delivery/burger-king-6960-broadway/r2pHZjIcTR2ZTDVmhuAdTw,bonita-california
https://www.ubereats.com/san-diego/food-delivery/old-gallery-cafe/wgbznaIxSDOtWZgEYD7Ubg,bonita-california
https://www.ubereats.com/san-diego/food-delivery/mcdonalds-8730-jamacha-blvd/b23DNwENQgqsHPzt74xPVA,bonita-california
https://www.ubereats.com/san-diego/food-delivery/california-pizza-kitchen-2015-birch-road-ste-725/7L6O4Mf3RkWQT9WKxFEvQg,bonita-california
https://www.ubereats.com/san-diego/food-delivery/papa-johns-6925-el-cajon-blvd/xwrSS3DMR9a7b0rbPsR-ng,bonita-california
https://www.ubereats.com/san-diego/food-delivery/d-k-che-san-diego/XwLD2yh4SS6oEtQQk9vodg,bonita-california
https://www.ubereats.com/san-diego/food-delivery/starbucks-3320-palm-ave/LKPczWwERcOFhr4cxcdmnw,bonita-california
https://www.ubereats.com/san-diego/food-delivery/10-barrel-san-diego/T_W-tU8TT6GEdtL4y7dnIQ,bonita-california
https://www.ubereats.com/san-diego/food-delivery/jack-in-the-box-370-e-h-st/3NZnECTTT4epVKpUCtiMxg,bonita-california
https://www.ubereats.com/san-diego/food-delivery/valley-foods/1GAwr0L0SVeoBnd_8jkD0g,bonita-california
https://www.ubereats.com/san-diego/food-delivery/panchos-breakfast-chula-vista/paS0oW8YRIO0yb5pVN9xmg,bonita-california
https://www.ubereats.com/san-diego/food-delivery/ihop-2258-otay-lakes-rd/OmJLg95QTTWcRC5gbC1xuw,bonita-california
https://www.ubereats.com/san-diego/food-delivery/de-cabeza/I_JXNHh-QQ6Z3QxNoeBsXA,bonita-california
https://www.ubereats.com/san-diego/food-delivery/wings-empire-spring-valley/ZtbVrAjjSnaMf5ER3R4teA,bonita-california
https://www.ubereats.com/san-diego/food-delivery/cold-stone-creamery-2295-otay-lakes/sBTX_23vROiylhsZNArfGg,bonita-california
https://www.ubereats.com/san-diego/food-delivery/los-reyes/Wx-drHwfR5SXnU5rzJwEhw,bonita-california
https://www.ubereats.com/san-diego/food-delivery/pozoleria-dona-maria/Mg5L7vLlQhKixQZtIjGiJQ,bonita-california
https://www.ubereats.com/san-diego/food-delivery/farm-fresh-market/d8K49f7bTX66WDKZ68BzQg,bonita-california
https://www.ubereats.com/san-diego/food-delivery/carnival-supermarket/bbVHQsq7Sa2EPjoTX5cc7w,bonita-california
https://www.ubereats.com/san-diego/food-delivery/patrons-wings-%26-ribs/MJ2b5yFaQBCJFKCIPyyHgA,bonita-california
https://www.ubereats.com/san-diego/food-delivery/negro-durazo/sDNp9hzhR0eFnerwSYkptw,bonita-california
https://www.ubereats.com/san-diego/food-delivery/frutiza/CIVZ5z42RBeuvY5z1wRMJg,bonita-california
https://www.ubereats.com/san-diego/food-delivery/cafe-virtuoso/YfOR98f_SXyWUypZpz8mFg,bonita-california
https://www.ubereats.com/san-diego/food-delivery/bullchicks/ixSIGBjXS0eBib3mfLlNtg,bonita-california
https://www.ubereats.com/san-diego/food-delivery/jamba-1690-millennia-ave-ste-101/40l24E8jT9m7QFWOKNgPUA,bonita-california
https://www.ubereats.com/san-diego/food-delivery/jamba-3807-fairmount-ave-ste-300a/WZ2IaqXuRTiimFpqhvXmAA,bonita-california
https://www.ubereats.com/san-diego/food-delivery/jamba-12098-fury-lane/_9jv0H-hS2elfAiI11cvDQ,bonita-california
https://www.ubereats.com/san-diego/food-delivery/otay-sushi-and-crab/Xf0q3PC2SeKrYOqMbq5Ocg,bonita-california
https://www.ubereats.com/san-diego/food-delivery/la-crepe-de-bretagne/AyyLIN7EQLCDpzuiPTb00A,bonita-california
https://www.ubereats.com/san-diego/food-delivery/jersey-mikes-subs-1299-east-main-street/wbRqUUHDRXe3YTNPc9CYIA,bonita-california
https://www.ubereats.com/san-diego/food-delivery/mangos-grill/8gbnYJyWQ1qepHEAG79RwQ,bonita-california
https://www.ubereats.com/san-diego/food-delivery/alexanders-on-30th/Zvz9JeKDS7CALtK21_NZIw,bonita-california
https://www.ubereats.com/san-diego/food-delivery/los-titos-mexican-food-national-ave/BsrniKaHSYeO6o4HBDJ6nQ,bonita-california
https://www.ubereats.com/san-diego/food-delivery/zorbas-greek-restaurant/PywqUtrPROm1okQ900la7Q,bonita-california
https://www.ubereats.com/san-diego/food-delivery/sayulitas-mexican-food-south-43rd-st/gFIT4Rj8Q-ygVAsetZCEqQ,bonita-california
https://www.ubereats.com/san-diego/food-delivery/luna-grill-rancho-san-diego/5jLyYnt9SPGaNRurPDOOgA,bonita-california
https://www.ubereats.com/san-diego/food-delivery/jersey-mikes-subs-404-mile-of-cars-way/Yh0gdjeOTtiYg4tRGRGZ5g,bonita-california
https://www.ubereats.com/san-diego/food-delivery/panda-house-spring-valley/jhGIj9qwSS-inewuZjx_4w,bonita-california
https://www.ubereats.com/san-diego/food-delivery/mikes-new-york-giant-pizza-picador/TGYdzl-_TLSyxyW_11_GtA,bonita-california
https://www.ubereats.com/san-diego/food-delivery/deli-belly/UI9fUGD4TLKOzj0HciR47Q,bonita-california
https://www.ubereats.com/san-diego/food-delivery/kaiyo-sushi/BIXIxcG8RNuy-IeGgoJ6oA,bonita-california
https://www.ubereats.com/san-diego/food-delivery/panchos-authentic-mexican-chula-vista/3-kNfiIKSdafKmBecreeJw,bonita-california
https://www.ubereats.com/san-diego/food-delivery/crest-cafe-san-diego/wgdjAMupSLW-Gqy1yR2iGg,bonita-california
https://www.ubereats.com/san-diego/food-delivery/jamba-225-jamacha-rd-ste-102/oYTzmVodRE-Z23de-rFNtw,bonita-california
https://www.ubereats.com/san-diego/food-delivery/tokyo-grill/oFgIT4f5Qwm-LHvuLnKvKA,bonita-california
https://www.ubereats.com/san-diego/food-delivery/tapioca-express-chula-vista/35BrHK1oQXSo9KR5g7JTlw,bonita-california
https://www.ubereats.com/san-diego/food-delivery/the-ice-cream-shop/WNTTt_8FS7S5vqLAW2HyVQ,bonita-california
https://www.ubereats.com/san-diego/food-delivery/extraordinary-fruits-spring-valley/ZgRBnSfAQVmM3NOmMWGW1w,bonita-california
https://www.ubereats.com/san-diego/food-delivery/hollywood-market-and-pizza/v900_uraT-OIL5UkUF-5tQ,bonita-california
https://www.ubereats.com/san-diego/food-delivery/asi-es-jalisco-birrieria/c-VrC9DmSOqRZ-uSEY1VoQ,bonita-california
https://www.ubereats.com/san-diego/food-delivery/fat-belly-deli-%26-cafe/pQtBqywQRwOqWcjhLXDhjA,bonita-california
https://www.ubereats.com/san-diego/food-delivery/rallys-1004-3rd-avenue/qVx1fcx_Rq-N-uUVx2C63g,bonita-california
https://www.ubereats.com/san-diego/food-delivery/el-original-mariscos/i4ahTry_RNGgK9MQydMSDw,bonita-california
https://www.ubereats.com/san-diego/food-delivery/chipotle-mexican-grill-2290-otay-lakes-rd/CTRQdlsPT6SZkkKMfUopFA,bonita-california
https://www.ubereats.com/san-diego/food-delivery/jack-in-the-box-700-roosevelt-ave/0j-jK6THQteXePRMNRlDGQ,bonita-california
https://www.ubereats.com/san-diego/food-delivery/the-roost-republic/kjVEKoJkSyC4XPBckYcKbg,bonita-california
https://www.ubereats.com/san-diego/food-delivery/starbucks-2326-proctor-valley-rd-ste-109/IVGU9yGTQ-S7_QGNR5qxiA,bonita-california
https://www.ubereats.com/san-diego/food-delivery/rock-steady-jamaican-food/DGoOqMq5T4qUhEDCCNFKSQ,bonita-california
https://www.ubereats.com/san-diego/food-delivery/seafood-la-57/KOKhv8aFRqeHZzPMuG1GHw,bonita-california
https://www.ubereats.com/san-diego/food-delivery/wonder-wings/ldO7HU8AS-CaTbsxMuHjYw,bonita-california
https://www.ubereats.com/san-diego/food-delivery/los-rios-taco-shop/2Wu5ppDcREiurym2WSeJhg,bonita-california
https://www.ubereats.com/san-diego/food-delivery/jack-in-the-box-925-eastlake-parkway/CeyqL9jLTkSq9cshOrXnEg,bonita-california
https://www.ubereats.com/san-diego/food-delivery/el-toro-mexican-grill/fSe1rimTSPyMtw-w-_uXLA,bonita-california
https://www.ubereats.com/san-diego/food-delivery/frutas-100%25-natural-broadway-parent/_eeARRo7Rw-VPC5BZN_evA,bonita-california
https://www.ubereats.com/san-diego/food-delivery/dennys-424-west-mile-of-cars/gRKF4plbRieOcvlQBAEOMg,bonita-california
https://www.ubereats.com/san-diego/food-delivery/funky-fries/zrKgpPL9RQugHhm_P6JXCg,bonita-california
https://www.ubereats.com/san-diego/food-delivery/mcdonalds-4340-bonita-rd/kA-qCYIeRpiqt4KkiQMR6w,bonita-california
https://www.ubereats.com/san-diego/food-delivery/fruteria-y-neveria-la-dulce-vida/uN2OV9stSVuwLPdxOhB_7A,bonita-california
https://www.ubereats.com/san-diego/food-delivery/plant-b-san-diego/5gpBtROYTZCPEV0JHGWfjQ,bonita-california
https://www.ubereats.com/san-diego/food-delivery/los-chilaquiles/P4X1fdcrRuCiLJXQhLSZaQ,bonita-california
https://www.ubereats.com/san-diego/food-delivery/burros-%26-fries-chula-vista/tVhO1VfBS1KeZAqcysnsHA,bonita-california
https://www.ubereats.com/san-diego/food-delivery/lemon-grove-thai-food/4OL_WW5VRZqtGy-2uorK9g,bonita-california
https://www.ubereats.com/san-diego/food-delivery/donut-bar/wgx6nGXfRBafR6MHcdGxiQ,bonita-california
https://www.ubereats.com/san-diego/food-delivery/dennys-1904-sweetwater-rd/6P7d2StDSuSFZtGU4sLJrg,bonita-california
https://www.ubereats.com/san-diego/food-delivery/sonic-3005-highland-ave/zQox_GzeSdeeH1whazzCJQ,bonita-california
https://www.ubereats.com/san-diego/food-delivery/san-diego-poke-co/0XURC6f1QC2zCEA_VsBMTg,bonita-california
https://www.ubereats.com/san-diego/food-delivery/ying-li-restaurant-chula-vista/PE-Sm69dS_Kfcpk1ZgJbZQ,bonita-california
https://www.ubereats.com/san-diego/food-delivery/bonchon-1420-east-plaza-boulevard-d4/Ne0unJVOT5yxf8HxlTSuUQ,bonita-california
https://www.ubereats.com/san-diego/food-delivery/tropical-oasis-san-diego/EYWmt_stQIel8pl1OMeI1w,bonita-california
https://www.ubereats.com/san-diego/food-delivery/cookies-n-creamery/9a9HTxaAS8ewzu1F_c4gZg,bonita-california
https://www.ubereats.com/san-diego/food-delivery/delicias-mexican-restaurant/CZUQfp1MQoWXo7f9KWxfkQ,bonita-california
https://www.ubereats.com/san-diego/food-delivery/lai-thai-national-city/fIPKke9ORD6dgMapEWW22w,bonita-california
https://www.ubereats.com/san-diego/food-delivery/taco-man/N2OcOU-eR_WSAcTF_dLFvg,bonita-california
https://www.ubereats.com/san-diego/food-delivery/ackee-tree-the-real-jamaican-cuisine/UXEGYG6PRl2WhRJQrH8Wcw,bonita-california
https://www.ubereats.com/san-diego/food-delivery/el-pollo-grill/ljhLF_ssQ4me7obL-HZX7Q,bonita-california
https://www.ubereats.com/san-diego/food-delivery/fresheria-bonita/qZTyYE9ARUCKz4HBfPoXmw,bonita-california
https://www.ubereats.com/san-diego/food-delivery/colimas-mexican-food-chula-vista/C5l4fSkaSyuWO7zKZOHgxA,bonita-california
https://www.ubereats.com/san-diego/food-delivery/mcdonalds-5824-montezuma-road/kIgLC3tLTXKW-tAyYJimVA,bonita-california
https://www.ubereats.com/san-diego/food-delivery/the-ice-cream-shop/T0BL2XYOSSyU3UagisT4EQ,bonita-california
https://www.ubereats.com/san-diego/food-delivery/wings-empire-federal-blvd/iIkErDMmSjq2KFTP0c-1qw,bonita-california
https://www.ubereats.com/san-diego/food-delivery/the-ice-cream-shop/7hHvVRehQBm9xXX-mALEiQ,bonita-california
https://www.ubereats.com/san-diego/food-delivery/brothers-mexican-restaurant/5uDhdqBQRnuUZw1puKbMuQ,bonita-california
https://www.ubereats.com/san-diego/food-delivery/cocina-35/ywwTT5rLTnm_zxnSGIFXVg,bonita-california
https://www.ubereats.com/san-diego/food-delivery/yummy-spoon/C1Yes-UtS4KCsP84nxrhXw,bonita-california
https://www.ubereats.com/san-diego/food-delivery/pho-bo/qXxJqjN7TFOmrv-JscKy2w,bonita-california
https://www.ubereats.com/san-diego/food-delivery/kanpai/MnJUGKEGRJmsFC9DzilaJw,bonita-california
https://www.ubereats.com/san-diego/food-delivery/55-thai-kitchen/EL8PL-0OQ8Kzn_LRV2mqsQ,bonita-california
https://www.ubereats.com/san-diego/food-delivery/la-central-urban-grill-main-st/HypTodJjSEuieKOfXwqRJg,bonita-california
https://www.ubereats.com/san-diego/food-delivery/fatumas/kwqtvtyKQHqPW5LORA_I5Q,bonita-california
https://www.ubereats.com/san-diego/food-delivery/goodies-bar-%26-grill/99lgCTiSRRCwFEhS_GWd1A,bonita-california
https://www.ubereats.com/san-diego/food-delivery/yo-yos-frozen-yogurt/kR999yZRTO-j30rrUqUEQA,bonita-california
https://www.ubereats.com/san-diego/food-delivery/legendary-mcdinis/LIdrkjbuS4edhJj8dSBZYQ,bonita-california
https://www.ubereats.com/san-diego/food-delivery/sabores-colombianos/N4CI4LpCRgOirSThrEZgwA,bonita-california
https://www.ubereats.com/san-diego/food-delivery/marleys-cafe/oG9OD_w6QBSG6Wt2TZgcBA,bonita-california
https://www.ubereats.com/san-diego/food-delivery/senor-pancho/aXSaLvEZR66G85S5LGXswg,bonita-california
https://www.ubereats.com/san-diego/food-delivery/santanas-mexican-food/3EDedYV1Sae36oF5X91xVw,bonita-california
https://www.ubereats.com/san-diego/food-delivery/pizzaoki/lPtPKDrkSk2Q_TU6_GPqpA,bonita-california
https://www.ubereats.com/san-diego/food-delivery/starbucks-3001-highland-avenue/WFMEx4-3TUmRdpDiTEhYjg,bonita-california
https://www.ubereats.com/san-diego/food-delivery/himalayan-yak-%26-yeti/CxTu4b85SVqHbrgkq-4StQ,bonita-california
https://www.ubereats.com/san-diego/food-delivery/grubz-takeout/Ibf2tgLtTGmjwsSbpmKKBQ,bonita-california
https://www.ubereats.com/san-diego/food-delivery/la-taqueria-tijuana/xsoOW8uFS-6BuHERBdZBHA,bonita-california
https://www.ubereats.com/san-diego/food-delivery/mcdonalds-2140-plaza-blvd/zN2dvqS2T4CHhXkZ3AA1Iw,bonita-california
https://www.ubereats.com/san-diego/food-delivery/just-wing-it-san-diego/8yfsIjdwRHiZ-eIUu8iOKQ,bonita-california
https://www.ubereats.com/san-diego/food-delivery/tacos-el-paisa-jr/-w4ONbiNR_69Sw8Yi_CRsw,bonita-california
https://www.ubereats.com/san-diego/food-delivery/la-lomita-mexican-grill/K1KIZ8L7SkqlWVJUQdYPBQ,bonita-california
https://www.ubereats.com/san-diego/food-delivery/himalayan-house-restaurant/iuicxsnBR66J2bYy-kywkw,bonita-california
https://www.ubereats.com/san-diego/food-delivery/flavors-of-east-africa/qoUXyNclR9uexWS-yb0z5w,bonita-california
https://www.ubereats.com/san-diego/food-delivery/sabor/Z27Nz7amQVeZkG4cTveFpg,bonita-california
https://www.ubereats.com/san-diego/food-delivery/subway-640-dennery-rd-ste-102/EwvtA_nyQH2cM0Xl5yEmBA,bonita-california
https://www.ubereats.com/san-diego/food-delivery/khanya-ramen-%26-sushi/ayDVyIwJTKSZSqmtSk7d1w,bonita-california
https://www.ubereats.com/san-diego/food-delivery/tapioca-express-san-diego-4-ca/g0XCJq9qTtqbn1cVOmsSxg,bonita-california
https://www.ubereats.com/san-diego/food-delivery/chipotle-mexican-grill-404-mile-of-cars-way/H4SLAg0xRn2X-XkEY5341A,bonita-california
https://www.ubereats.com/san-diego/food-delivery/karinas-mexican-seafood/izjQdblzQ_6gIQcthRa2Qw,bonita-california
https://www.ubereats.com/san-diego/food-delivery/grill-city-chula-vista/UfwrgVyRQWKF8Fd3USMlLQ,bonita-california
https://www.ubereats.com/san-diego/food-delivery/all-better-products/zcaPrBY2TSmwMYvB24dSzw,bonita-california
https://www.ubereats.com/san-diego/food-delivery/asi-es-jalisco-birrieria/hkAsbgd5Q7yKf-vI1VzNfA,bonita-california
https://www.ubereats.com/san-diego/food-delivery/el-peladito/hw7RNuNtQTCfxJXspEn6HQ,bonita-california
https://www.ubereats.com/san-diego/food-delivery/jack-in-the-box-1745-highland-ave/TvGg3mKkRJ6NCBd2VWQ7sw,bonita-california
https://www.ubereats.com/san-diego/food-delivery/tapioca-express-chula-vista-2-ca/tJi8KwkNTJuDJD7Cz4INiw,bonita-california
https://www.ubereats.com/san-diego/food-delivery/popeyes-louisiana-kitchen-1561-euclid-ave/msxg2-emQg-IGxZ3thEkJA,bonita-california
https://www.ubereats.com/san-diego/food-delivery/burger-king-1265-third-avenue/_HvVAVVdQbyU61HXQex4Yg,bonita-california
https://www.ubereats.com/san-diego/food-delivery/kfc-461-3rd-ave/hA7BSs4dRc-4GzzLUmfP9w,bonita-california
https://www.ubereats.com/san-diego/food-delivery/totos-grill/_jnoqOufTPSg8MY2Sozlog,bonita-california
https://www.ubereats.com/san-diego/food-delivery/tacos-el-trompo-a-mexican-tradition/1qciBcGbTXCCgOtHoMOxHA,bonita-california
https://www.ubereats.com/san-diego/food-delivery/burros-%26-fries-plaza-blvd/B0KiQwW3RMmcNe9LGVBUqA,bonita-california
https://www.ubereats.com/san-diego/food-delivery/panda-express-1820-main-court/bigMHkuDQtyzV2j_JUxT1w,bonita-california
https://www.ubereats.com/san-diego/food-delivery/smittys-taste-of-the-bayou/f3we0ZusRG2v3A_wSvBnnA,bonita-california
https://www.ubereats.com/san-diego/food-delivery/mikes-ny-giant-pizza/9s_oCA_2QcS6QfpZap4odg,bonita-california
https://www.ubereats.com/san-diego/food-delivery/tortas-oasis/Guv-XwdfTl-Zyo7id9DhyQ,bonita-california
https://www.ubereats.com/san-diego/food-delivery/the-living-room-cafe-sdsu/KIhRQTMrRtyAtDmQw7OOgw,bonita-california
https://www.ubereats.com/san-diego/food-delivery/giant-pizza-king-spring-valley/auvOcNwMRA6fc8xebBv-8w,bonita-california
https://www.ubereats.com/san-diego/food-delivery/el-pollo-loco-5415-el-cajon-blvd3850/g95PJmlXS-2JFuln9h5R_w,bonita-california
https://www.ubereats.com/san-diego/food-delivery/tu-taco-taco-shop/MxKexLXXT9u-1l8cFxVjBw,bonita-california
https://www.ubereats.com/san-diego/food-delivery/starbucks-4270-main-street/qNiUwXhDQMuLAHtyGdCCqA,bonita-california
https://www.ubereats.com/san-diego/food-delivery/taste-of-the-himalayas-hillcrest/AT163f0uQK-mz-8eI2Z-Lg,bonita-california
https://www.ubereats.com/san-diego/food-delivery/tastea-grill/ygujO11yTaeiMiNOAB-PUw,bonita-california
https://www.ubereats.com/san-diego/food-delivery/board-%26-brew-east-lake/KBSI4Ek1QK6Iqsll-4EOLA,bonita-california
https://www.ubereats.com/san-diego/food-delivery/sadaf/v_wWpfGFSpOp_OYO7t-MKg,bonita-california
https://www.ubereats.com/san-diego/food-delivery/the-ice-cream-shop/Ya_8znUJQOWtz3XqCpEicw,bonita-california
https://www.ubereats.com/san-diego/food-delivery/don-vargas-birrieria-y-menuderia/7rf2psVzQb6nb-cuwBckKA,bonita-california
https://www.ubereats.com/san-diego/food-delivery/big-boyz-tacos/MJ7sVO8HQPmcKM_UxTLZ7g,bonita-california
https://www.ubereats.com/san-diego/food-delivery/el-pollo-loco-7087-broadway/GksiuEntQJKIDqnbMwQfdA,bonita-california
https://www.ubereats.com/san-diego/food-delivery/jalisco-cafe-bonita/tOssqocJQo-3oeleabglKA,bonita-california
https://www.ubereats.com/san-diego/food-delivery/don-john-market-oives-kabob%26tacos/-h3iyI6DTy6wh2LEgLXcQA,bonita-california
https://www.ubereats.com/san-diego/food-delivery/oi-asian-fusion/krS6H-JERyOTRR0XDI5vJQ,bonita-california
https://www.ubereats.com/san-diego/food-delivery/the-greens-on-palm/vXB13J9bSNqtOTsjSY4UzA,bonita-california
https://www.ubereats.com/san-diego/food-delivery/happy-hour-pizza/OuIQKGN0RGuF-_FbYVy9Yg,bonita-california
https://www.ubereats.com/san-diego/food-delivery/subway-559-telegraph-canyon-rd/uxZb-22xSrKel9rzTtlccQ,bonita-california
https://www.ubereats.com/san-diego/food-delivery/southcali-steak-burger/vvqIZyQvS0SmkXecavjPhA,bonita-california
https://www.ubereats.com/san-diego/food-delivery/cold-stone-creamery-374-east-h-st/RUEt4xG8TqK7BIFl40jlWA,bonita-california
https://www.ubereats.com/san-diego/food-delivery/dennys-2110-birch-rd/qQb41zYlS5WskdguVazofw,bonita-california
https://www.ubereats.com/san-diego/food-delivery/el-pollo-loco-1305-third-ave3802/ox57L9PASj2xufXWykxwEw,bonita-california
https://www.ubereats.com/san-diego/food-delivery/asti-ristorante/rhZKeedQSjKAITCJ-JNJRg,bonita-california
https://www.ubereats.com/san-diego/food-delivery/funky-fries-%26-burgers-jamacha-rd/IoKYNsATRc2xepXj6v9njA,bonita-california
https://www.ubereats.com/san-diego/food-delivery/pho-ca-dao-grill/Zu_0-RMNRrubOc60r-FhmQ,bonita-california
https://www.ubereats.com/san-diego/food-delivery/sinatras-pizza/5TDP8etoTzO6Hds1GPIoEg,bonita-california
https://www.ubereats.com/san-diego/food-delivery/toritos-mexican-grill/rtYCnN4HQv2-nkrVTegtyQ,bonita-california
https://www.ubereats.com/san-diego/food-delivery/gk-grill-mongolian-taste/csWAgtArRSKnztrin_hmxQ,bonita-california
https://www.ubereats.com/san-diego/food-delivery/frutas-100%25-natural-palomar-chula-vista/qoXTIsa_SJub51uo5v1FaA,bonita-california
https://www.ubereats.com/san-diego/food-delivery/firehouse-subs-national-city/KpmY8JokRpa0j8t0ksdiTg,bonita-california
https://www.ubereats.com/san-diego/food-delivery/el-zarape-mexican-eatery/s7ApQOOtTdulg1TQWym9RA,bonita-california
https://www.ubereats.com/san-diego/food-delivery/don-mauro/SE01oPipTBekenrdr-ExGw,bonita-california
https://www.ubereats.com/san-diego/food-delivery/pizzeria-el-jefe/C-G8IGHnSIiOPzidVwfsNg,bonita-california
https://www.ubereats.com/san-diego/food-delivery/the-ice-cream-shop/LAAXWK7vQyKl6BlvtDLXng,bonita-california
https://www.ubereats.com/san-diego/food-delivery/mariscos-la-cacho-chula-vista/PZdGnHpNTtOsVS8LUJKz3Q,bonita-california
https://www.ubereats.com/san-diego/food-delivery/red-robin-676-3030-plaza-bonita-rd-%232520/ZisS5F6qTkqYG6VKAoHiTA,bonita-california
https://www.ubereats.com/san-diego/food-delivery/panda-express-1120-broadway/aPd4IIjCToSli8coC3IGDQ,bonita-california
https://www.ubereats.com/san-diego/food-delivery/wienerschnitzel-4530-el-cajon-blvd/ENdWb1pTQjWJ5rHq1EH_Xw,bonita-california
https://www.ubereats.com/san-diego/food-delivery/saranya/oTfNIomLR_G3Noig1UMDdA,bonita-california
https://www.ubereats.com/san-diego/food-delivery/savoie-italian-eatery/1ZNz8l61S6qDvheJUk1y1Q,bonita-california
https://www.ubereats.com/san-diego/food-delivery/baja-lounge/rKbLs0sZSkuphTPkAVDvDg,bonita-california
https://www.ubereats.com/san-diego/food-delivery/romesco-mexiterranean-bistro/ozFRNaegTdCbrugAlNOq_A,bonita-california
https://www.ubereats.com/san-diego/food-delivery/cotijas-3rd-ave-chula-vista-ca/CSpHCzShQAqeso9Cxyuegg,bonita-california
https://www.ubereats.com/san-diego/food-delivery/all-stars-sports-bar-and-grill/GfHQO3oLTyizdRyQ0OwinA,bonita-california
https://www.ubereats.com/san-diego/food-delivery/mcdonalds-6925-paradise-valley-rd/V5Fzdw69QK6VlPBtzYM8HQ,bonita-california
https://www.ubereats.com/san-diego/food-delivery/hectors-mariscos-broadway/8wGCHdoOTN-EHMJqNwuYeg,bonita-california
https://www.ubereats.com/san-diego/food-delivery/chriss-kitchen/H4cOaoQjTFC2Z8HRGr4ANg,bonita-california
https://www.ubereats.com/san-diego/food-delivery/boll-weevil/2exRE_UHQQWh1oR_a-_CPA,bonita-california
https://www.ubereats.com/san-diego/food-delivery/mariscos-del-frank/KO_59vrySwOfeFwoGf8uSA,bonita-california
https://www.ubereats.com/san-diego/food-delivery/buckboards-barbecue-%26-brew/1EUJX_jMSMasfz0tYMmxKA,bonita-california
https://www.ubereats.com/san-diego/food-delivery/chamango-mango-deli/eDFURUHbSFiBJj09QiJ8ng,bonita-california
https://www.ubereats.com/san-diego/food-delivery/the-buffalo-spot-national-city/0HCsYKFyT-q-RvWdcJ8g9Q,bonita-california
https://www.ubereats.com/san-diego/food-delivery/subway-609-broadway-ste-a/-Od41b7QSPCunGKm5_KDIA,bonita-california
https://www.ubereats.com/san-diego/food-delivery/el-super-national-city/FLY7CfSZTgGM1Bfh30h7Xg,bonita-california
https://www.ubereats.com/san-diego/food-delivery/burger-king-3676-market-street/BZYL6SMxRACEH1KRUK_9fw,bonita-california
https://www.ubereats.com/san-diego/food-delivery/starbucks-1610-millenia-ave-101/QaxMcUdtQ4ednfFGN4PKsQ,bonita-california
https://www.ubereats.com/san-diego/food-delivery/dennys-2445-el-cajon-blvd/udU8GDQhRvGrzCMGH52sug,bonita-california
https://www.ubereats.com/san-diego/food-delivery/asia-wok-euclid-ave/hOkgMNFZRx-UL0YM3z1H4g,bonita-california
https://www.ubereats.com/san-diego/food-delivery/bamboo-fresh-thai-cuisine/Zf-p_nAvQcyJKGI07o52xQ,bonita-california
https://www.ubereats.com/san-diego/food-delivery/baja-giant-pizza/sRf8F_fqRsWRrdQHg25lNg,bonita-california
https://www.ubereats.com/san-diego/food-delivery/bowlegged-bbq/B6d2qI3ITe-bIiVerjntTg,bonita-california
https://www.ubereats.com/san-diego/food-delivery/subway-6915-paradise-valley-rd/ftoPl7AjQuqiNCb_4aH-AQ,bonita-california
https://www.ubereats.com/san-diego/food-delivery/mango-mango-fresh-and-healthy/k0kg4LNiSeicGKuhk3PJ5g,bonita-california
https://www.ubereats.com/san-diego/food-delivery/flemings-prime-steakhouse-%26-wine-bar-san-diego/mvGEzMk8RWW9K6DOuF21zw,bonita-california
https://www.ubereats.com/san-diego/food-delivery/los-primos-san-miguel-ranch-%2322/KvOiPJI4Qxil533xBrFQpw,bonita-california
