url,city
https://www.ubereats.com/san-francisco/food-delivery/mr-pickles-sandwich-shop-oakley/hrUooi5VR4WJ-YFZwsgj7w,brentwood-california
https://www.ubereats.com/san-francisco/food-delivery/empress-garden-chinese-restaurant/VaVXYmBRRBm1G19zgApGAA,brentwood-california
https://www.ubereats.com/san-francisco/food-delivery/straw-hat-pizza/yxEbyaj6Sje4bg8K4IXsiQ,brentwood-california
https://www.ubereats.com/san-francisco/food-delivery/los-caporales-taqueria-antioch/3LWxJyMGSUSi_MBCR2vWUg,brentwood-california
https://www.ubereats.com/san-francisco/food-delivery/dennys-4823-lone-tree-way/kyuWiJ0IRaas_VVQ6adQKw,brentwood-california
https://www.ubereats.com/san-francisco/food-delivery/dickeys-barbecue-restaurants-inc-2500-sand-creek-road/pq4z20HTTU252ushfZqnlg,brentwood-california
https://www.ubereats.com/san-francisco/food-delivery/burger-king-2505-main-street/ZAUwjtReR6uBVRltI353ng,brentwood-california
https://www.ubereats.com/san-francisco/food-delivery/pizza-guys/M4qSkyPRTd6XPrRuQrOPCw,brentwood-california
https://www.ubereats.com/san-francisco/food-delivery/india-4-u/fKEhHB2bQr6SZJq6m-KVNg,brentwood-california
https://www.ubereats.com/san-francisco/food-delivery/jamba-juice-8630-brentwood-blvd/slw-8nmkTC2SMmceyqbn2Q,brentwood-california
https://www.ubereats.com/san-francisco/food-delivery/yum-squared/K-TwdznbTHOY6Txy3FWY8Q,brentwood-california
https://www.ubereats.com/san-francisco/food-delivery/bluefin/Cgb7le7UT2eSaXi5Om0EzA,brentwood-california
https://www.ubereats.com/san-francisco/food-delivery/popeyes-101-carol-lane/ncf0NOtpQImKBu0oEmV3mA,brentwood-california
https://www.ubereats.com/san-francisco/food-delivery/taco-bell-4346-lone-tree-way/H0gPx81YTO6E-1NJcoSxtA,brentwood-california
https://www.ubereats.com/san-francisco/food-delivery/chipotle-mexican-grill-5401-lone-tree-way-ste-100/7tRz3gh4TpWNP1Tk9JLSLA,brentwood-california
https://www.ubereats.com/san-francisco/food-delivery/mcdonalds-7455-brentwood-blvd/Tyy_UX6zTNCBrXsiS3Z2Zg,brentwood-california
https://www.ubereats.com/san-francisco/food-delivery/mountain-mikes-pizza-5005-lone-tree-way/u8JQmWyxTdSQGpqp07vF8A,brentwood-california
https://www.ubereats.com/san-francisco/food-delivery/kfc-7810-brentwood-boulevard/Hk-aa-KGToS7soKeJ36C_w,brentwood-california
https://www.ubereats.com/san-francisco/food-delivery/the-habit-burger-grill-5829-lone-tree-way-suite-j/uKPk86uKStO4v8haxp2c8Q,brentwood-california
https://www.ubereats.com/san-francisco/food-delivery/chuck-e-cheese-6061-lone-tree-way/BbJeXD88SlK5FuqWb1dsPw,brentwood-california
https://www.ubereats.com/san-francisco/food-delivery/mesa-bar-%26-grill/rppBCjkWSpCAgwQYD5I_Yg,brentwood-california
https://www.ubereats.com/san-francisco/food-delivery/charleys-philly-steaks-lone-tree-center/xlomTKvsS-qDYGuv8SQsQQ,brentwood-california
https://www.ubereats.com/san-francisco/food-delivery/the-red-caboose/wQMteg3IT7q9mofNQqBjeA,brentwood-california
https://www.ubereats.com/san-francisco/food-delivery/celias-mexican-restaurant-antioch/3UhPCzzWSfq9vhf846r0MQ,brentwood-california
https://www.ubereats.com/san-francisco/food-delivery/genki-house/4kV6DmQdQeKyeyZ77uYmfw,brentwood-california
https://www.ubereats.com/san-francisco/food-delivery/jamba-juice-5779-lone-tree-way/-aAriOR-RNa4WpatDIA_iQ,brentwood-california
https://www.ubereats.com/san-francisco/food-delivery/jack-in-the-box-3491-4801-lone-tree-way/bPUzF-3UQ2-P46wLjpWnRA,brentwood-california
https://www.ubereats.com/san-francisco/food-delivery/salad-makers/bzzHyn3AR7emSQHxZftmEQ,brentwood-california
https://www.ubereats.com/san-francisco/food-delivery/starbucks-main-st-%26-carol/6yXwQJqLRN-o8s-eT3BZ9w,brentwood-california
https://www.ubereats.com/san-francisco/food-delivery/kfc-6371-lone-tree-way/1HvXVhNnTYK4xJo0HH6_6Q,brentwood-california
https://www.ubereats.com/san-francisco/food-delivery/mcdonalds-2351-balfour-rd/4Ejss_gIS1ulmXwRu2T08g,brentwood-california
https://www.ubereats.com/san-francisco/food-delivery/red-robin-590-2385-sand-creek-rd/UHn05hjsS5KKBUefeyoEMQ,brentwood-california
https://www.ubereats.com/san-francisco/food-delivery/el-pollo-loco-4444-century-blvd3727/2QhWxJB4S0aQSi4LojSn0Q,brentwood-california
https://www.ubereats.com/san-francisco/food-delivery/taco-bell-1706-a-st/dzbeXBkKQhuluqmWJGQ-Rw,brentwood-california
https://www.ubereats.com/san-francisco/food-delivery/mod-pizza-brentwood/8P3dOrowQcSEaWaYrpD6YA,brentwood-california
https://www.ubereats.com/san-francisco/food-delivery/hillcrest-restaurant-and-taphouse/DF2d-vulS5CjhqhAZt-wmA,brentwood-california
https://www.ubereats.com/san-francisco/food-delivery/panda-express-3140-balfour-rd/3i59xSkYRoSUxHL4EvZaZg,brentwood-california
https://www.ubereats.com/san-francisco/food-delivery/wienerschnitzel-200-e-18th-st/j3Ym-V5bT2a7vlLQQNJvqA,brentwood-california
https://www.ubereats.com/san-francisco/food-delivery/antioch-buffet/EB4YCkWaSTOghNI7K_tRtA,brentwood-california
https://www.ubereats.com/san-francisco/food-delivery/jack-in-the-box-4399-3191-balfour-road/urDRszfRQhKgmCnFUcKTcw,brentwood-california
https://www.ubereats.com/san-francisco/food-delivery/mr-pickles-sandwich-shop-brentwood/5rTU7GIiSY6dUUDE4y0ESQ,brentwood-california
https://www.ubereats.com/san-francisco/food-delivery/panera-5897-lone-tree-way/zqH428T5SPKRuAi2FdLfTw,brentwood-california
https://www.ubereats.com/san-francisco/food-delivery/jack-in-the-box-4340-2705-hillcrest-ave/ogRvs9y3TriX_FC0CVpsfA,brentwood-california
https://www.ubereats.com/san-francisco/food-delivery/buffalo-wild-wings-6051-lone-tree-way/2xIcn_2ATmaQwwgFz6_OZg,brentwood-california
https://www.ubereats.com/san-francisco/food-delivery/chiantis/XHAe9OdgQcm47WsVfqdgIw,brentwood-california
https://www.ubereats.com/san-francisco/food-delivery/panda-express-1953-auto-center-dr/mNWGclDGRaahuzq6fcTkew,brentwood-california
https://www.ubereats.com/san-francisco/food-delivery/burger-king-1105-2nd-street/zO0VrFgcTemEezUTUJg5ZQ,brentwood-california
https://www.ubereats.com/san-francisco/food-delivery/taco-bell-7814-brentwood-blvd/C76F0V6lSC6D3x1pBabNWQ,brentwood-california
https://www.ubereats.com/san-francisco/food-delivery/bjs-restaurant-%26-brewhouse-2365-sand-creek-road/DhCqGm8IQZWCBwfeclcYMw,brentwood-california
https://www.ubereats.com/san-francisco/food-delivery/muscle-maker-grill-antioch/5avYkjSuRHKojL6BPQuCjQ,brentwood-california
https://www.ubereats.com/san-francisco/food-delivery/aladinos-pizza/XnJLzZ7QSi6-NYcDzghOJg,brentwood-california
https://www.ubereats.com/san-francisco/food-delivery/los-tres-reyes-mexican-restaurant/ANPOnwEBSh-doltUw-WWkw,brentwood-california
https://www.ubereats.com/san-francisco/food-delivery/papa-murphys-1145-2nd-street/K_PTtas9Q1SuN1uYgpUeHA,brentwood-california
https://www.ubereats.com/san-francisco/food-delivery/mcdonalds-4440-lone-tree-way/X6NMDbNQTYiOH0_7ZStedg,brentwood-california
https://www.ubereats.com/san-francisco/food-delivery/pasquallys-pizza-%26-wings-6061-lone-tree-way/HoM0lT4zTcCw-ypkM2vlLQ,brentwood-california
https://www.ubereats.com/san-francisco/food-delivery/wongs-restaurant/hpnOzLm3QsKmcNwQJVXyow,brentwood-california
https://www.ubereats.com/san-francisco/food-delivery/chicagos-pizza-with-a-twist-brentwood/pH1XERpuTnSJt0aRdxSYnA,brentwood-california
https://www.ubereats.com/san-francisco/food-delivery/southern-cafe/zlKJwYwVS6eG4otX-rkHeA,brentwood-california
https://www.ubereats.com/san-francisco/food-delivery/black-bear-diner-3201-main-street/zUl2pjp2S5y3wxYaEzxgGg,brentwood-california
https://www.ubereats.com/san-francisco/food-delivery/pizza-guys-8610-brentwood-blvdsuite-h/pCiNlEs3QEGLGHaAeNKRXA,brentwood-california
https://www.ubereats.com/san-francisco/food-delivery/taco-bell-2015-main-st/Pb7ND539StaL03C-6p3XfA,brentwood-california
https://www.ubereats.com/san-francisco/food-delivery/rice-bowl-antioch/ePvnvwKvQ8WQj4IW-S0rdQ,brentwood-california
https://www.ubereats.com/san-francisco/food-delivery/mountain-mikes-pizza-1555-riverlake-rd/o8ozO70YQbOBoO7casTcTg,brentwood-california
https://www.ubereats.com/san-francisco/food-delivery/chapala-mexican-restaurant/n3sHCDVHQRSaMhGude0cLQ,brentwood-california
https://www.ubereats.com/san-francisco/food-delivery/port-of-subs-7760-brentwood-blvd/ABv8K_2SQ-S7NvYHsFRndw,brentwood-california
https://www.ubereats.com/san-francisco/food-delivery/jack-in-the-box-60-technology-way/fWE40cugThC5piu9_pEaxQ,brentwood-california
https://www.ubereats.com/san-francisco/food-delivery/port-of-subs-7760-brentwood-blvd-suite-d/XsBFQ-zcQOG7BMAyCumI7A,brentwood-california
https://www.ubereats.com/san-francisco/food-delivery/birdie-saigon-bistro/iFuBBTd_Roq0vH8zv9bPZg,brentwood-california
https://www.ubereats.com/san-francisco/food-delivery/five-guys-ca-1466-6660-lone-tree-way/TeidsuB8QgOXk8Usmcj4dQ,brentwood-california
https://www.ubereats.com/san-francisco/food-delivery/carls-jr-915-main-st/otBYWIhdRKO5q0E_ShaJwA,brentwood-california
https://www.ubereats.com/san-francisco/food-delivery/red-lobster-4095-century-blvd/3qYQ5yuoSHqt9dqxqMryzQ,brentwood-california
https://www.ubereats.com/san-francisco/food-delivery/starbucks-lone-tree-%26-deer-valley/PjUS3bwPT8e-wxXx2chYVg,brentwood-california
https://www.ubereats.com/san-francisco/food-delivery/freddy-bs-bbq/89U5II-9S-SmXMzV2vMzcA,brentwood-california
https://www.ubereats.com/san-francisco/food-delivery/power-market-3046/AbONXBVOSHW0oDSh4l5iyQ,brentwood-california
https://www.ubereats.com/san-francisco/food-delivery/jack-in-the-box-578-2185-main-st/48KVgyV9Quq5AQVqZu3fsQ,brentwood-california
https://www.ubereats.com/san-francisco/food-delivery/tonys-beer-garden/PLIaatcCRcOQcpCAgDImFw,brentwood-california
https://www.ubereats.com/san-francisco/food-delivery/wendys-6021-lone-tree-way/XpEUZQ7bRzKDcGULkx4TQg,brentwood-california
https://www.ubereats.com/san-francisco/food-delivery/panda-express-5789-lone-tree-way-space-b/HgTQ9b-KTImTw4BAJgUurw,brentwood-california
https://www.ubereats.com/san-francisco/food-delivery/subway-4431-balfour-rd/PqnpAul0SNKxmwnVkhnmzQ,brentwood-california
https://www.ubereats.com/san-francisco/food-delivery/chaman-kabob-restaurant/gUeWuKgvQmS4BfwMLexSnw,brentwood-california
https://www.ubereats.com/san-francisco/food-delivery/the-adventure-bowl/zBIFde_ZToya6XHeqvX0pw,brentwood-california
https://www.ubereats.com/san-francisco/food-delivery/boba-wings/_SoPG81-RgumEXmDqHm4hg,brentwood-california
https://www.ubereats.com/san-francisco/food-delivery/the-habit-burger-grill-2430-mahogany-way/O1Gn5f6wR7uFu4I3jDbYHQ,brentwood-california
https://www.ubereats.com/san-francisco/food-delivery/krispy-kreme-2530-sand-creek-road/GjlGIoFKQeWSN6CSGtpstw,brentwood-california
https://www.ubereats.com/san-francisco/food-delivery/mountain-mikes-pizza-390-el-camino-real/9qpFbqJKTZmR_yV8DdwT-g,brentwood-california
https://www.ubereats.com/san-francisco/food-delivery/pasta-with-a-twist-brentwood/w4OMU2g_S_SS6WEYRQRgLw,brentwood-california
https://www.ubereats.com/san-francisco/food-delivery/moc-crawfish/sQXecRqTSgq1ywW_mlGCrA,brentwood-california
https://www.ubereats.com/san-francisco/food-delivery/starbucks-balfour-rd-%26-brentwood-blvd/xXOsCteFQj6o20rOh0KfVQ,brentwood-california
https://www.ubereats.com/san-francisco/food-delivery/l%26l-hawaiian-barbecue-5035-lone-tree-way-ste-a/NSGK-yRRSKO1CZec9dD4pw,brentwood-california
https://www.ubereats.com/san-francisco/food-delivery/nations-giant-hamburgers-brentwood/MO_gdaAvRLG7UDHDpph9dQ,brentwood-california
https://www.ubereats.com/san-francisco/food-delivery/kfc-2751-hillcrest-avenue/6pLpSoi8RPOca7lTI8L9hA,brentwood-california
https://www.ubereats.com/san-francisco/food-delivery/papa-murphys-3345-deer-valley-road/XFWHYXEASiOfNLtyjPrCJw,brentwood-california
https://www.ubereats.com/san-francisco/food-delivery/tako-bar-catering/M8Q_p_PcR3ej_V9kvWWhDg,brentwood-california
https://www.ubereats.com/san-francisco/food-delivery/the-original-mels-diner-4827-lone-tree-way-antioch/zTLsqzP2T_O--2erPalD_Q,brentwood-california
https://www.ubereats.com/san-francisco/food-delivery/carls-jr-6291-lone-tree-way/C3QAnaZwT7W_JBMzfm27nw,brentwood-california
https://www.ubereats.com/san-francisco/food-delivery/subway-2261-balfour-rd/Xgkzwnk7Ra-r1MQz0BBewQ,brentwood-california
https://www.ubereats.com/san-francisco/food-delivery/teazentea/bpXJhv9QSaa1LLw4I8QaLA,brentwood-california
https://www.ubereats.com/san-francisco/food-delivery/bertos/fntlaqGUSmiL3n_oiT8jHg,brentwood-california
https://www.ubereats.com/san-francisco/food-delivery/taco-bell-3445-deer-valley-rd/5vMyhPGITSSNMdb9Q9YpfQ,brentwood-california
https://www.ubereats.com/san-francisco/food-delivery/starbucks-sand-creek-%26-hwy-4/5rjf3qZ_QFOaD_dfLPCElg,brentwood-california
https://www.ubereats.com/san-francisco/food-delivery/e-tea/qG7Uh0UvSpqt67Z-6dzGFw,brentwood-california
https://www.ubereats.com/san-francisco/food-delivery/willys-bagels/6R_J-K2LTP2xN0P1V2OqQw,brentwood-california
https://www.ubereats.com/san-francisco/food-delivery/subway-2455-sandcreek-rd/-VUfQCJTReWFQEpYAu_W-A,brentwood-california
https://www.ubereats.com/san-francisco/food-delivery/mountain-mikes-pizza-1185-2nd-st/c7f_ojoeReCw-dCI9gJC-Q,brentwood-california
https://www.ubereats.com/san-francisco/food-delivery/mcdonalds-3450-deer-valley-rd/KBLYLHdaTxeZ_dpDf2-k0g,brentwood-california
https://www.ubereats.com/san-francisco/food-delivery/port-of-subs-4431-balfour-rd/QMvLJLiCSmG7yoEqfS6K0w,brentwood-california
https://www.ubereats.com/san-francisco/food-delivery/guanatos-ice-cream/ryjOVAV0SO-RZAXwlskhTQ,brentwood-california
https://www.ubereats.com/san-francisco/food-delivery/skipolinis-pizza-antioch/buUUMgxsQLaqz5NjvxMYQQ,brentwood-california
https://www.ubereats.com/san-francisco/food-delivery/samurai-japanese-restaurant/eMNswhotQ8q3tzaGyY3aSw,brentwood-california
https://www.ubereats.com/san-francisco/food-delivery/dore-bakery/4skAmx22RWe9LyA6wQJCXQ,brentwood-california
https://www.ubereats.com/san-francisco/food-delivery/pizza-guys-antioch/wNE5YI3_Rr6kbcGf8E_5Kg,brentwood-california
https://www.ubereats.com/san-francisco/food-delivery/mr-pickles-sandwich-shop-antioch/0kUbb925RB6XtY1NgqgctQ,brentwood-california
https://www.ubereats.com/san-francisco/food-delivery/freddy-bs-bbq/fuM0N1v9Ttmmnf_1jMciQw,brentwood-california
https://www.ubereats.com/san-francisco/food-delivery/bagel-street-cafe-brentwood/wH11yEgbRRaD66O-eJq3CA,brentwood-california
https://www.ubereats.com/san-francisco/food-delivery/popeyes-5019-lone-tree-way/SdtTrO52QeS4gvKGhGdcpQ,brentwood-california
https://www.ubereats.com/san-francisco/food-delivery/subway-5819-lone-tree-way/BYutrbFcT5Khi9pR86DV0Q,brentwood-california
https://www.ubereats.com/san-francisco/food-delivery/vitality-bowls-2375-sandcreek-rd/3qrSzGjcRdOUVZ7BCRGzHA,brentwood-california
