url,city
https://www.ubereats.com/flagstaff/food-delivery/taverna-mediterranean-kitchen/XIFynt9JQHuvMid4TzhVWA,flagstaff
https://www.ubereats.com/flagstaff/food-delivery/dunkin-1020-s-milton-rd/ZdNrCwbFTx2UOJeWw8pDXw,flagstaff
https://www.ubereats.com/flagstaff/food-delivery/del-taco-2201-s-milton-rd/QEIBhOKiQvSR4Hs5OWIztQ,flagstaff
https://www.ubereats.com/flagstaff/food-delivery/lotus-lounge-at-hotel-monte-vista/9fImBHAoRDmzXhLH21twrA,flagstaff
https://www.ubereats.com/flagstaff/food-delivery/ihop-2725-s-woodlands-village-blvd/tBGgORN_Q9ui4s-PZlFMxQ,flagstaff
https://www.ubereats.com/flagstaff/food-delivery/ahipoki-bowl-flagstaff/sdNvk00YRXerxdT1sGMAWg,flagstaff
https://www.ubereats.com/flagstaff/food-delivery/red-lobster-2500-s-beulah-blvd/h7-TXTBkTbG9cmVBnvAE-g,flagstaff
https://www.ubereats.com/flagstaff/food-delivery/shift/UCkn8_9WQi-A19i3vfQECg,flagstaff
https://www.ubereats.com/flagstaff/food-delivery/india-palace/cN08bCBwQRKidn5_LAwAzw,flagstaff
https://www.ubereats.com/flagstaff/food-delivery/majerles-sports-grill/0_kIZw49S0Czp8awDJSSsg,flagstaff
https://www.ubereats.com/flagstaff/food-delivery/golden-dragon/WWpwKseLRLmjd1MOq_1YIw,flagstaff
https://www.ubereats.com/flagstaff/food-delivery/mcdonalds-1940-e-butler/Lp05NnZ-SvqdDjcfqnDZBw,flagstaff
https://www.ubereats.com/flagstaff/food-delivery/himalayan-grill/ubhUo3E6QcmHuCNnhN3Law,flagstaff
https://www.ubereats.com/flagstaff/food-delivery/sonic-1327-e-butler-avenue/JcXTN1kLTIaBvLabJBAiGA,flagstaff
https://www.ubereats.com/flagstaff/food-delivery/burger-king-3520-east-route-66/_g-1vWd-Q7-CHkwr9_U7cQ,flagstaff
https://www.ubereats.com/flagstaff/food-delivery/alpine-pizza/RzN_jSSqRS2x1M77jefkXA,flagstaff
https://www.ubereats.com/flagstaff/food-delivery/bandera-craft-tacos/ZfmVgrUDRQO2jYF-fSd-3g,flagstaff
https://www.ubereats.com/flagstaff/food-delivery/market-bar-%26-kitchen/KEYu8805QjCcLEUiOTD7MQ,flagstaff
https://www.ubereats.com/flagstaff/food-delivery/wildflower-bread-company-530-e-piccadilly-dr/e545bnZQQnSE0Tu9ZpQi9g,flagstaff
https://www.ubereats.com/flagstaff/food-delivery/chix-n-mex/i2Izg9mPSzGiikk8Ujn6vQ,flagstaff
https://www.ubereats.com/flagstaff/food-delivery/taco-bell-3460-e-route-66/SiP83e8SQPeaGiVTDUx6ng,flagstaff
https://www.ubereats.com/flagstaff/food-delivery/ihop-2654-e-route-66/9G47b78STmmI05QL19nJfw,flagstaff
https://www.ubereats.com/flagstaff/food-delivery/five-guys-az-1410/3vRf66TfQCa1UifZEEwvRw,flagstaff
https://www.ubereats.com/flagstaff/food-delivery/the-oakmont/K6mGNuJxSYCSLUSeIIkKjQ,flagstaff
https://www.ubereats.com/flagstaff/food-delivery/rilibertos-fresh-mexican-food-flagstaff/5YxDjwkFRkmrOZZSyWvJ4g,flagstaff
https://www.ubereats.com/flagstaff/food-delivery/papa-murphys-2700-south-woodlands-village-boulevard-suite-400/Nyt7UlpfSvS1Z0OdFTbU2g,flagstaff
https://www.ubereats.com/flagstaff/food-delivery/subway-2018-e-butler-ave/VByzEMneS4CcjcNlsleQZQ,flagstaff
https://www.ubereats.com/flagstaff/food-delivery/wendys-1601-s-milton-road/_EJqk9R2RN6DOcFJaZYAgA,flagstaff
https://www.ubereats.com/flagstaff/food-delivery/over-easy-flagstaff/JGOJP8uNQLuSgYeiHdczqw,flagstaff
https://www.ubereats.com/flagstaff/food-delivery/dara-thai/oBuaRa11TcKCaPVY2ltWug,flagstaff
https://www.ubereats.com/flagstaff/food-delivery/pita-pit-23-e-aspen-ave/AlVZVzOKSpOkRFcIVsDu3A,flagstaff
https://www.ubereats.com/flagstaff/food-delivery/burger-king-1651-south-milton/QD4yj1i1TT6Jj9RYJKFc4Q,flagstaff
https://www.ubereats.com/flagstaff/food-delivery/southside-tavern/w9io2vSkR3C47d1TKRKE3g,flagstaff
https://www.ubereats.com/flagstaff/food-delivery/the-habit-burger-grill-1400-s-milton-rd/BP6f1DjTSq2e7lmxWVjGnQ,flagstaff
https://www.ubereats.com/flagstaff/food-delivery/los-gordos-mexican-food/r0x0mkK2Qo-sAoRBWuQz0Q,flagstaff
https://www.ubereats.com/flagstaff/food-delivery/outback-steakhouse-2600-east-lucky-lane/Ck7tdt4QRbquY8OFrxIr1w,flagstaff
https://www.ubereats.com/flagstaff/food-delivery/cracker-barrel-old-country-store-2560-e-lucky-lane/kQsfSDy8RoGu5okLry_Brw,flagstaff
https://www.ubereats.com/flagstaff/food-delivery/sonic-2626-n-4th-st/k6sNCRO6TOqYxdBlLU89eg,flagstaff
https://www.ubereats.com/flagstaff/food-delivery/taco-bell-1255-s-milton-rd/T4fIsQrAQCKeKQ-qSPmoRw,flagstaff
https://www.ubereats.com/flagstaff/food-delivery/whisk-and-whiskey/je-G-BJhTlq3Azog7a42mQ,flagstaff
https://www.ubereats.com/flagstaff/food-delivery/smashburger-1020-south-milton-rd-ste-102/K2PDI9UKRyq6aJFkEuEYFg,flagstaff
https://www.ubereats.com/flagstaff/food-delivery/huhot-mongolian-grill-601-e-piccadilly-dr/Xg-hSGa4RXGSGPMbMNK7xg,flagstaff
https://www.ubereats.com/flagstaff/food-delivery/grimaldis-aspen-place/5xhg12sUSL2U-9zFo2FXbg,flagstaff
https://www.ubereats.com/flagstaff/food-delivery/teppan-fuji/KsnIVzfYSjKG9z49tSNI-w,flagstaff
https://www.ubereats.com/flagstaff/food-delivery/burger-king-2275-east-butler-avenue/_7JQn0BBQSGYlKMBsNGAsg,flagstaff
https://www.ubereats.com/flagstaff/food-delivery/panda-express-1111-s-plaza-wy-%232/y-D4cRtzTHi6X8oZybdwpw,flagstaff
https://www.ubereats.com/flagstaff/food-delivery/primos-deli/m9cyfOxwTIOKkta1PdRxeQ,flagstaff
https://www.ubereats.com/flagstaff/food-delivery/wendys-4507-north-highway-89/lftcpQcnTgKaGe4sJi9Y5w,flagstaff
https://www.ubereats.com/flagstaff/food-delivery/mama-johns-pizza/-khk8KZwSPGJD11p4Z3QFw,flagstaff
https://www.ubereats.com/flagstaff/food-delivery/go-sushi/2BMqDX8nSCuRwCgg54_Fag,flagstaff
https://www.ubereats.com/flagstaff/food-delivery/chick-fil-a-1000-s-milton-rd/Fsq2dRqTQ02VQ8xYQEP7sA,flagstaff
https://www.ubereats.com/flagstaff/food-delivery/pita-jungle-flagstaff/pWjsqVDhQlGp8a_Af6dcmg,flagstaff
https://www.ubereats.com/flagstaff/food-delivery/flagstaff-tea-company/gfcZaoTNS965DTtpht4X_Q,flagstaff
https://www.ubereats.com/flagstaff/food-delivery/mcdonalds-1401-s-milton-rd/SqWNU0RsRNm0jBZJltZL7A,flagstaff
https://www.ubereats.com/flagstaff/food-delivery/pizza-guy/KxWWFAIxSxSYOU9m21eWkA,flagstaff
https://www.ubereats.com/flagstaff/food-delivery/arbys-1800-s-milton-%23200/DHs6Q6HASS-7VUATKktaYQ,flagstaff
https://www.ubereats.com/flagstaff/food-delivery/papa-johns-105-s-milton-rd/f1wB7Qr6QQClTR2DodlXjw,flagstaff
https://www.ubereats.com/flagstaff/food-delivery/peter-piper-pizza-1550-s-riordan-ranch-road/ZibvlEUFQDyqarqDoWdD9A,flagstaff
https://www.ubereats.com/flagstaff/food-delivery/dennys-2306-e-lucky-lane/tlbyzX1xR0miBdcW3Cv0YA,flagstaff
https://www.ubereats.com/flagstaff/food-delivery/starbucks-1307-s-milton-road/UA3LaXpkSPG9_B_gPWczCQ,flagstaff
https://www.ubereats.com/flagstaff/food-delivery/hot-wok-express/tOiT896yRdW8EKFoWRksoA,flagstaff
https://www.ubereats.com/flagstaff/food-delivery/chipotle-mexican-grill-1111-s-plaza-way/mXDS3YIGSKuOrCFi0gGoCg,flagstaff
https://www.ubereats.com/flagstaff/food-delivery/the-northern-pines-restaurant/rYbQP2fmRPS0XNbQ7J9qXA,flagstaff
https://www.ubereats.com/flagstaff/food-delivery/dennys-2122-s-milton-rd/XBt4kIT_QoeFCi5NYS0d6A,flagstaff
https://www.ubereats.com/flagstaff/food-delivery/taco-bell-1801-e-butler-ave/8ebSYEOVSDS1RArNk6M7Xw,flagstaff
https://www.ubereats.com/flagstaff/food-delivery/the-ice-cream-shop/ycGGzDjjSrWXuatbp63BnA,flagstaff
https://www.ubereats.com/flagstaff/food-delivery/cold-stone-creamery-2080-s-milton-rd/IWTaQ5SxTcG-AaaHuZI-Hw,flagstaff
https://www.ubereats.com/flagstaff/food-delivery/del-taco-4705-n-us-highway-89/5f3sRED9SO2mNGAgjPfgwQ,flagstaff
https://www.ubereats.com/flagstaff/food-delivery/collins-irish-pub-%26-grill/eTzTZMwdRemVC0EBtaTfZA,flagstaff
https://www.ubereats.com/flagstaff/food-delivery/the-flame-broiler/2SKvCgUBSaS0CkZL19bNZQ,flagstaff
https://www.ubereats.com/flagstaff/food-delivery/starbucks-1688-east-route-66/wwz1Cnb7RqSFOEO7nZnHCA,flagstaff
https://www.ubereats.com/flagstaff/food-delivery/fat-mans-smokehouse/fpIVIW_KS-SPdfaMkg-o_w,flagstaff
