url,city
https://www.ubereats.com/little-rock/food-delivery/tortas-mexico-north-little-rock/70HQouhvSWWj_g3Z339xIA,north-little-rock-arkansas
https://www.ubereats.com/little-rock/food-delivery/star-of-india-restaurant-shackleford-rd/ZlDolvSBTEmybWZfvjDa4w,north-little-rock-arkansas
https://www.ubereats.com/little-rock/food-delivery/kfc-8220-geyer-springs-road/6qeHl3HJT769-EArxjCYLg,north-little-rock-arkansas
https://www.ubereats.com/little-rock/food-delivery/mickeys-cakes-%26-sweets/Xl7g_9gIRk6oqQAncZrZ_w,north-little-rock-arkansas
https://www.ubereats.com/little-rock/food-delivery/red-lobster-3707-mccain-blvd/-dC1OgoiQsSBdlBcv0J1VQ,north-little-rock-arkansas
https://www.ubereats.com/little-rock/food-delivery/rallys-4550-e-mccain-blvd/RONR4H0hQpm9WnKIUXScBQ,north-little-rock-arkansas
https://www.ubereats.com/little-rock/food-delivery/mamas-house-of-burgers/vDAedKqXS0WxdZcpuuJoEw,north-little-rock-arkansas
https://www.ubereats.com/little-rock/food-delivery/subway-1003-martin-luther-king-dr/Vyjxd9NvStWwIFUx1OXOtA,north-little-rock-arkansas
https://www.ubereats.com/little-rock/food-delivery/kfc-100-markham-park-drive/93-9AuyCQfyZo5RoWkP7Hg,north-little-rock-arkansas
https://www.ubereats.com/little-rock/food-delivery/arbys-8423/9gmEwiu6S5qsHxp_tElaJQ,north-little-rock-arkansas
https://www.ubereats.com/little-rock/food-delivery/tropical-smoothie-140-john-hardin-drive-%2329/oGZcuF1gRyOMlNARjVBf7g,north-little-rock-arkansas
https://www.ubereats.com/little-rock/food-delivery/burger-king-403-east-broadway-street/Brm6XoulSnaOHdEJ90lRCg,north-little-rock-arkansas
https://www.ubereats.com/little-rock/food-delivery/newks-eatery-314-s-university-ave-suite-180/dpgkShoYSmGQCLI7-swYWQ,north-little-rock-arkansas
https://www.ubereats.com/little-rock/food-delivery/saltgrass-6040-warden-rd/WV7_A8DdT1WciZENz0TwQQ,north-little-rock-arkansas
https://www.ubereats.com/little-rock/food-delivery/tropical-smoothie-cafe-park-avenue-shopping-center/S--kkgoFTqufShwUHBelCw,north-little-rock-arkansas
https://www.ubereats.com/little-rock/food-delivery/lakewood-fish-and-seafood-lounge/OHjfHA6gSZ2n4ZD61EEzKQ,north-little-rock-arkansas
https://www.ubereats.com/little-rock/food-delivery/red-lobster-8407-w-markham-street/PbHMJHOKQ6ySGMLiqg6uug,north-little-rock-arkansas
https://www.ubereats.com/little-rock/food-delivery/tropical-smoothie-cafe-5504-jfk-blvd/a2gKW2SrQw2Tef92IFkxAw,north-little-rock-arkansas
https://www.ubereats.com/little-rock/food-delivery/cicis-2815-lakewood-village-dr/1AQ09eUvQRSwF2Gqy0jltA,north-little-rock-arkansas
https://www.ubereats.com/little-rock/food-delivery/sharks-fish-%26-chicken-8722-colonel-glenn-rd/gcLtPgR5T2260RgVuLw48w,north-little-rock-arkansas
https://www.ubereats.com/little-rock/food-delivery/captain-ds-5320-jfk-boulevard/Cag6ObjHSymjVITjSFRqWQ,north-little-rock-arkansas
https://www.ubereats.com/little-rock/food-delivery/starbucks-7129-jfk-blvd/6NLajwlcRzWBnMtTHovjRQ,north-little-rock-arkansas
https://www.ubereats.com/little-rock/food-delivery/tgi-fridays-2577-little-rock-ar/YvSWIeb1QL2xcHon9dkbFg,north-little-rock-arkansas
https://www.ubereats.com/little-rock/food-delivery/mcdonalds-7200-w-12th-st/xI8ToWbbTI-q5j2hbSKSJQ,north-little-rock-arkansas
https://www.ubereats.com/little-rock/food-delivery/the-mighty-crab-north-little-rock/xxd5rkRlQEmODv2i6EvwRw,north-little-rock-arkansas
https://www.ubereats.com/little-rock/food-delivery/cold-stone-creamery-12800-chenal-pkwy-ste-8/e0cIE9YZTTqLDNOWuKkJsQ,north-little-rock-arkansas
https://www.ubereats.com/little-rock/food-delivery/taqueria-la-picosa/44FaaD7FTiS_rxWtuR04OQ,north-little-rock-arkansas
https://www.ubereats.com/little-rock/food-delivery/hooters-north-little-rock/YVtf9ir1Q1ig0F6vnpaiIQ,north-little-rock-arkansas
https://www.ubereats.com/little-rock/food-delivery/taj-mahal/SyrrM1d6QdGXZp994kUNfw,north-little-rock-arkansas
https://www.ubereats.com/little-rock/food-delivery/taco-bell-9600-n-rodney-parham-rd/h3B9hbrqRN-h6B1Kqr0ArQ,north-little-rock-arkansas
https://www.ubereats.com/little-rock/food-delivery/taco-bell-2531-highway-161/C20h58-4TR6U44AEgtftxg,north-little-rock-arkansas
https://www.ubereats.com/little-rock/food-delivery/capitol-bistro/wdbPR0BGTz6x5holewU6Dw,north-little-rock-arkansas
https://www.ubereats.com/little-rock/food-delivery/pho-68/khy5nkS7RveugAu2Hk7xEg,north-little-rock-arkansas
https://www.ubereats.com/little-rock/food-delivery/popeyes-824-s-broadway-street/myd42YyITzqyW1i1-ySyrA,north-little-rock-arkansas
https://www.ubereats.com/little-rock/food-delivery/sharks-fish/JLQ4X4H6Q0KlBhYXkqCmXQ,north-little-rock-arkansas
https://www.ubereats.com/little-rock/food-delivery/chuck-e-cheese-4120-landers-rd/47Ibl20dQ5uvYRJdM3U7DA,north-little-rock-arkansas
https://www.ubereats.com/little-rock/food-delivery/the-so-full-cafe/i140BNERQNOB_ibuy6xaVw,north-little-rock-arkansas
https://www.ubereats.com/little-rock/food-delivery/las-palmas/OPfedL05RBeQYrnVGSy2aQ,north-little-rock-arkansas
https://www.ubereats.com/little-rock/food-delivery/great-american-cookies-6000-w-markham-st/59AzId-lRrOnrQero_ZzaA,north-little-rock-arkansas
https://www.ubereats.com/little-rock/food-delivery/wendys-3934-mccain-blvd/DsCYqoVHSbq9VCifh0HaDw,north-little-rock-arkansas
https://www.ubereats.com/little-rock/food-delivery/long-john-silvers-4101-s-university/9gJppvimT5m9hBtrHJVIgw,north-little-rock-arkansas
https://www.ubereats.com/little-rock/food-delivery/five-guys-ar-1115/RvAG3uY4QquOqmkAvaBeow,north-little-rock-arkansas
https://www.ubereats.com/little-rock/food-delivery/taco-bell-3900-mccain-blvd/v0mGzs-2R_acfFlnSnlPuw,north-little-rock-arkansas
https://www.ubereats.com/little-rock/food-delivery/subway-4450-e-mccain-blvd/0PwZZuNYRWeJiK_mzaVyGw,north-little-rock-arkansas
https://www.ubereats.com/little-rock/food-delivery/papa-johns-911-west-main/qamK60B8QGG4PWvUc4J27w,north-little-rock-arkansas
https://www.ubereats.com/little-rock/food-delivery/cracker-barrel-old-country-store-2618-s-shackleford-road/zDXCXkGWQ3GtFv4nKT3C4g,north-little-rock-arkansas
https://www.ubereats.com/little-rock/food-delivery/lindseys-hospitality-house/GM3PLNiNQsqK6Oj2YarcVg,north-little-rock-arkansas
https://www.ubereats.com/little-rock/food-delivery/popeyes-200-e-kiehl-ave/HmZprJAtQ5asD4GLITuSvg,north-little-rock-arkansas
https://www.ubereats.com/little-rock/food-delivery/papa-johns-13224-crystal-hill-rd/-R8NSlAVSDmE5SiVWQHrog,north-little-rock-arkansas
https://www.ubereats.com/little-rock/food-delivery/taco-bell-4424-markham-road/VicxGjnHQu25hgjqnuq4Eg,north-little-rock-arkansas
https://www.ubereats.com/little-rock/food-delivery/loblolly-creamery/mmsXafHvTkyvzVABwSgG6w,north-little-rock-arkansas
https://www.ubereats.com/little-rock/food-delivery/mcalisters-deli-4842-north-hills-boulevard/I5Q947g0TMahgPgg0el7jg,north-little-rock-arkansas
https://www.ubereats.com/little-rock/food-delivery/jacobs-wings-%26-grill/nfcy3vKJQAy7Y5KBu0GsaQ,north-little-rock-arkansas
https://www.ubereats.com/little-rock/food-delivery/rallys-712-broadway/tUR-p7NvTgmTI2Vz_PZysw,north-little-rock-arkansas
https://www.ubereats.com/little-rock/food-delivery/burger-king-4500-east-mccain-blvd/Ogc51JmOSVab3V9EOVcu_g,north-little-rock-arkansas
https://www.ubereats.com/little-rock/food-delivery/indian-kitchen/V0uO9uftTKCRHxXemZToow,north-little-rock-arkansas
https://www.ubereats.com/little-rock/food-delivery/papa-johns-5024-club-road-suite-b/hs6I-SlkQnamBFepkRaR6Q,north-little-rock-arkansas
https://www.ubereats.com/little-rock/food-delivery/starbucks-2815-cantrell-road/DBDBcbVDT_iMg9-L-3YClA,north-little-rock-arkansas
https://www.ubereats.com/little-rock/food-delivery/wasabi-sushi-bar-grill/Md_iEEMITjaBXBbacrm_2w,north-little-rock-arkansas
https://www.ubereats.com/little-rock/food-delivery/mcdonalds-4422-camp-robinson-rd/y8sVkw9tQAOjzRtKrREDLA,north-little-rock-arkansas
https://www.ubereats.com/little-rock/food-delivery/moes-southwest-grill-12312-chenal-parkway/pUPI1k6TS9ChLbjXgMhO8Q,north-little-rock-arkansas
https://www.ubereats.com/little-rock/food-delivery/el-paisano/jDoMnvKfRMaHc_pbUwVPTA,north-little-rock-arkansas
https://www.ubereats.com/little-rock/food-delivery/popeyes-716-e-broadway-st/KBP3KLLbTx6eS6bI7Us6SA,north-little-rock-arkansas
https://www.ubereats.com/little-rock/food-delivery/papa-johns-4612-jfk-blvd-suite-6/YLboCZOiR3Waas8XaolBBw,north-little-rock-arkansas
https://www.ubereats.com/little-rock/food-delivery/five-guys-ar-0492/UG2iIIQvQ_CLmtvjAoJHQA,north-little-rock-arkansas
https://www.ubereats.com/little-rock/food-delivery/burger-king-4227-camp-robinson-road/AlKGli0lST2kqtkhfbHDJg,north-little-rock-arkansas
https://www.ubereats.com/little-rock/food-delivery/zaxbys-10601-kanis-road/ywY987COSvmZyfxoNkd6UQ,north-little-rock-arkansas
https://www.ubereats.com/little-rock/food-delivery/pasquallys-pizza-%26-wings-4120-landers-rd/0g5ltdlZRV-Eq-JKNkgcxA,north-little-rock-arkansas
https://www.ubereats.com/little-rock/food-delivery/taco-bell-901-e-broadway/a0ikM4KeRUuHA82yA2avzA,north-little-rock-arkansas
https://www.ubereats.com/little-rock/food-delivery/popeyes-louisiana-kitchen-4704-camp-robinson-rd/g6VLa9rqSBa31Y6m884Qhg,north-little-rock-arkansas
https://www.ubereats.com/little-rock/food-delivery/newks-eatery-11610-pleasant-ridge-rd-suite-100/iCTjugH5RzKxCur1NBwb3A,north-little-rock-arkansas
https://www.ubereats.com/little-rock/food-delivery/the-indian-feast/DyzcvfLxSimSo2b8QxZGCg,north-little-rock-arkansas
https://www.ubereats.com/little-rock/food-delivery/whimsy-cookie-company/itRUXzgXT7OMRsV1PAx3Lw,north-little-rock-arkansas
https://www.ubereats.com/little-rock/food-delivery/bar-louie-north-little-rock/FXHR4cICS9SygexLphaVjA,north-little-rock-arkansas
https://www.ubereats.com/little-rock/food-delivery/flying-saucer-little-rock/sKxN1GEqTJe3yem6__uyXw,north-little-rock-arkansas
https://www.ubereats.com/little-rock/food-delivery/marcos-pizza-5007-john-f-kennedy-blvd/TrrAf52RS_ycncurTb8vIg,north-little-rock-arkansas
https://www.ubereats.com/little-rock/food-delivery/papa-johns-2000-s-university-ave-ste-c/rN0_YmnbS66IJDalKkWFIA,north-little-rock-arkansas
https://www.ubereats.com/little-rock/food-delivery/dairy-queen-grill-%26-chill-1550-country-club-rd/uksKHCHMTuqKaaOKRyBJ3Q,north-little-rock-arkansas
https://www.ubereats.com/little-rock/food-delivery/skinny-js-argenta/BMdqGBYsS_a_4d514QVguA,north-little-rock-arkansas
https://www.ubereats.com/little-rock/food-delivery/mcdonalds-2400-old-jacksonville-hwy/AGgjFa_KRnO-98CSuchoVA,north-little-rock-arkansas
https://www.ubereats.com/little-rock/food-delivery/three-amigos-restaurante/BnNtnr7_TP-_OqGWHyVYTA,north-little-rock-arkansas
https://www.ubereats.com/little-rock/food-delivery/krispy-krunchy-chicken-5219-west-65th-street/xhKl05LlTU6aqmWDIQrjug,north-little-rock-arkansas
https://www.ubereats.com/little-rock/food-delivery/krispy-krunchy-chicken-4616-springer-blvd/p1_U3E2tSUqYbqfCnEQd9Q,north-little-rock-arkansas
https://www.ubereats.com/little-rock/food-delivery/sharks-fish-%26-chicken-john-barrow-rd-%26-markham/juoXGtyxQMiRfl3LK4rIwQ,north-little-rock-arkansas
https://www.ubereats.com/little-rock/food-delivery/krispy-kreme-1315-south-shackleford-road/dE9pL0M4T66H7jaFdM03DQ,north-little-rock-arkansas
https://www.ubereats.com/little-rock/food-delivery/wendys-905-s-broadway/Qzh_h7qfREWoKYuYceTJ6w,north-little-rock-arkansas
https://www.ubereats.com/little-rock/food-delivery/tropical-smoothie-cafe-cantrell-rd/Oz1jM0fJTvWWJx7itZjRKQ,north-little-rock-arkansas
https://www.ubereats.com/little-rock/food-delivery/taco-bell-7201-jfk-blvd/55pJrCa0T86Teb_ghIBjlw,north-little-rock-arkansas
https://www.ubereats.com/little-rock/food-delivery/cracker-barrel-old-country-store-3101-springhill-drive/LTrKK7mmQoyGWTCAk3E3Ag,north-little-rock-arkansas
https://www.ubereats.com/little-rock/food-delivery/el-alamo-mexican-grill/A3b8IJ97RAKFCcib0d8ClA,north-little-rock-arkansas
https://www.ubereats.com/little-rock/food-delivery/arbys-963/Ptdrro0WR6GQhnraLbEC-Q,north-little-rock-arkansas
https://www.ubereats.com/little-rock/food-delivery/gusanos-chicago-style-pizzeria/44UB-F7ZQfKzxlJaqGrs6A,north-little-rock-arkansas
https://www.ubereats.com/little-rock/food-delivery/arbys-7746/rKoEzdyTQXevEYEb6OxH7g,north-little-rock-arkansas
https://www.ubereats.com/little-rock/food-delivery/hawgz-blues-cafe/Aqv-OqS2TDCdeJYQDMLe1g,north-little-rock-arkansas
https://www.ubereats.com/little-rock/food-delivery/mugs-cafe/EtQv1zW2R6myDpTbb6kPOw,north-little-rock-arkansas
https://www.ubereats.com/little-rock/food-delivery/starbucks-4824-jfk/8VKLaJswQCu9i8iTpVFMoQ,north-little-rock-arkansas
https://www.ubereats.com/little-rock/food-delivery/taco-bell-11525-maumelle-blvd/HAZIcARSTPGMAMwaTQrxzw,north-little-rock-arkansas
https://www.ubereats.com/little-rock/food-delivery/la-cabanita-taqueria-y-mariscos/LaQ4i18vRjCWINYL2c_cEg,north-little-rock-arkansas
https://www.ubereats.com/little-rock/food-delivery/burger-king-4015-west-markham-street/CHXcB6NPQxWybhAcNvfR6g,north-little-rock-arkansas
https://www.ubereats.com/little-rock/food-delivery/slim-chickens-4500-w-markham-st/rIQE1DNCTEyHnFkD-4GeuA,north-little-rock-arkansas
https://www.ubereats.com/little-rock/food-delivery/churchs-chicken-1401-dr-martin-luther-king-dr/xPjc3EpRSpeURHvL8vJBNg,north-little-rock-arkansas
https://www.ubereats.com/little-rock/food-delivery/churchs-chicken-5423-w-12th-street/OODLbhR7TVyyw-r62RsO-g,north-little-rock-arkansas
https://www.ubereats.com/little-rock/food-delivery/memes-twisted-potato-and-more-llc/vCEpnhogRpOPXWvcO3GteQ,north-little-rock-arkansas
https://www.ubereats.com/little-rock/food-delivery/bjs-restaurant-%26-brewhouse-3941-mccain-blvd/1gGzU6h2SGS-pOKBNzOFzA,north-little-rock-arkansas
https://www.ubereats.com/little-rock/food-delivery/kfc-4400-camp-robinson/aI9_keIVRMKMKJyRBdhIYA,north-little-rock-arkansas
https://www.ubereats.com/little-rock/food-delivery/tropical-smoothie-cafe-12007-maumelle-blvd/Ue1XZGrMQZyuq49XTNDoEQ,north-little-rock-arkansas
https://www.ubereats.com/little-rock/food-delivery/churchs-chicken-2511-mccain-blvd/DfaqJ0l5SQmS9MtV9nWqAw,north-little-rock-arkansas
https://www.ubereats.com/little-rock/food-delivery/6402-bonefish-grill-11525-cantrell-rd/p12qH-3oS42PlWB0Sm53OQ,north-little-rock-arkansas
https://www.ubereats.com/little-rock/food-delivery/hooties-burger-bar-4110-landers-road/Hc7Brs0XRwe6Qzh8ZDaJVw,north-little-rock-arkansas
https://www.ubereats.com/little-rock/food-delivery/platnum-bbq-little-rock/tCvRtmWKSquYlFyW6zjKAg,north-little-rock-arkansas
https://www.ubereats.com/little-rock/food-delivery/mcdonalds-7101-john-f-kennedy-blvd/U555R-vIQsq4YDtyvmKl-w,north-little-rock-arkansas
https://www.ubereats.com/little-rock/food-delivery/outback-steakhouse-105-markham-park-drive/hZtrT4vFTNChtc44cieRPw,north-little-rock-arkansas
https://www.ubereats.com/little-rock/food-delivery/orlandos/AU5DXkNcR6i0R3q3P5ikWg,north-little-rock-arkansas
https://www.ubereats.com/little-rock/food-delivery/great-american-cookies-3929-mccain-blvd/Ux9aKgucRQCCqhKQ70UKSw,north-little-rock-arkansas
https://www.ubereats.com/little-rock/food-delivery/santo-coyote-11610-pleasant-ridge-rd/wSIXHWzSRcuIw_6cGkUh5g,north-little-rock-arkansas
https://www.ubereats.com/little-rock/food-delivery/taco-bell-8350-warden-road/cwPn6VUfSAursIg-GpKfdg,north-little-rock-arkansas
https://www.ubereats.com/little-rock/food-delivery/aji-ramen-bar/YpqNDC62TsaK5XkLTTOUkQ,north-little-rock-arkansas
https://www.ubereats.com/little-rock/food-delivery/sharks-fish-%26-chicken-highway-161/zFb2EiY9SmGuEWexZ0hGGg,north-little-rock-arkansas
https://www.ubereats.com/little-rock/food-delivery/mcdonalds-600-e-broadway/zsOU-c9TQnSA1nksi8YbdA,north-little-rock-arkansas
https://www.ubereats.com/little-rock/food-delivery/american-pie-pizza-north-little-rock/yYr-eheDSAO5nkfSw7Xhhw,north-little-rock-arkansas
https://www.ubereats.com/little-rock/food-delivery/chuck-e-cheese-2706-s-shackleford-rd/w5saMd1USwi_eCXmEYbWsg,north-little-rock-arkansas
https://www.ubereats.com/little-rock/food-delivery/blacksmiths-bistro/5P2n1J9IQOOEnx0fDbaOUQ,north-little-rock-arkansas
https://www.ubereats.com/little-rock/food-delivery/slim-chickens-7514-cantrell-rd/UkKQjkyRTgel8WSRehD26A,north-little-rock-arkansas
https://www.ubereats.com/little-rock/food-delivery/tropical-smoothie-cafe-2600-main-street/kFsuOLYjQLa24un0AXhojw,north-little-rock-arkansas
https://www.ubereats.com/little-rock/food-delivery/allsopp-%26-chapple/mTHP-9N2RyaPrtNI7BbVhQ,north-little-rock-arkansas
https://www.ubereats.com/little-rock/food-delivery/arbys-7653/mS1LmgTHTw6QTMdBPyu1fw,north-little-rock-arkansas
https://www.ubereats.com/little-rock/food-delivery/mcdonalds-4008-mccain-boulevard/uD2C2SaDSjKwujKd1u64Fw,north-little-rock-arkansas
https://www.ubereats.com/little-rock/food-delivery/arbys-8363/T9VqHJFHQMODagXNDwW_1A,north-little-rock-arkansas
https://www.ubereats.com/little-rock/food-delivery/mcdonalds-515-w-6th-st/_ds4VzdXSrOE2Wyp6lM8aw,north-little-rock-arkansas
https://www.ubereats.com/little-rock/food-delivery/rallys-5921-base-line/4jA4tcjcSZ-q_2OlwOYNwQ,north-little-rock-arkansas
https://www.ubereats.com/little-rock/food-delivery/mugs-cafe-heights/hzrkbA99Q9CcE-zq9eDirQ,north-little-rock-arkansas
https://www.ubereats.com/little-rock/food-delivery/pizza-d-action/RpJKOug_SbueyqRCU_Kp0g,north-little-rock-arkansas
https://www.ubereats.com/little-rock/food-delivery/dickeys-barbecue-pit-9401-n-rodney-parham/uDcOgxrUSwGE2jsLHl60Fw,north-little-rock-arkansas
https://www.ubereats.com/little-rock/food-delivery/capitol-smokehouse-and-grill/X_RkBKKlRYuU0bLU9ibELA,north-little-rock-arkansas
https://www.ubereats.com/little-rock/food-delivery/bar-louie-little-rock/ZC5lMDmuTDeY2oeXC3yoqg,north-little-rock-arkansas
https://www.ubereats.com/little-rock/food-delivery/mr-chens-authentic-chinese-cooking/l8ulX0L4STmwyA---CsPvQ,north-little-rock-arkansas
https://www.ubereats.com/little-rock/food-delivery/dennys-310-s-shackleford-dr/HEhDJYFXTq2Nc4zFuNQlgw,north-little-rock-arkansas
https://www.ubereats.com/little-rock/food-delivery/damgoode-pies-rivermarket/Uxg-IklMRKyFJBqNgA1sTw,north-little-rock-arkansas
https://www.ubereats.com/little-rock/food-delivery/churchs-chicken-1500-john-barrow-rd/QIGURGvvScKEfeWL7ye2Hg,north-little-rock-arkansas
https://www.ubereats.com/little-rock/food-delivery/homers-east/4J0RaAswR_OFeDly-mbsfQ,north-little-rock-arkansas
https://www.ubereats.com/little-rock/food-delivery/potbelly-sandwich-shop-401-w-capitol-ave/7E-pZ6PuSQijQaMAX166bA,north-little-rock-arkansas
https://www.ubereats.com/little-rock/food-delivery/starbucks-917-s-broadway/QS7jDCRuTWWldo9VF8jQww,north-little-rock-arkansas
https://www.ubereats.com/little-rock/food-delivery/bostons-restaurant-%26-sports-bar-3201-bankhead-dr/IPDsbH0mR62qykciz2_LAw,north-little-rock-arkansas
https://www.ubereats.com/little-rock/food-delivery/ohia-poke-beechwood/3sTGpjehQSaLUxJLwGl_Gg,north-little-rock-arkansas
https://www.ubereats.com/little-rock/food-delivery/monkey-burger/3HMlvCYeQ2enoLSSyiyCVg,north-little-rock-arkansas
https://www.ubereats.com/little-rock/food-delivery/rallys-5400-west-12th-street/Y4H1ZOABRWe0953q5Hs7GQ,north-little-rock-arkansas
https://www.ubereats.com/little-rock/food-delivery/gus-world-famous-fried-chicken-little-rock/uVntyUl7RTmnr2WEmbcbCg,north-little-rock-arkansas
https://www.ubereats.com/little-rock/food-delivery/taco-bell-719-south-broadway/BKGo04yLSH20RsAAopQ0wQ,north-little-rock-arkansas
https://www.ubereats.com/little-rock/food-delivery/flying-fish-little-rock/6WYRETmBQFGNVdIyu8AvlQ,north-little-rock-arkansas
https://www.ubereats.com/little-rock/food-delivery/captain-ds-1109-west-main-street/Cv_cwZs7T8WDPT8GgkXFBQ,north-little-rock-arkansas
https://www.ubereats.com/little-rock/food-delivery/pei-wei-205-n-university-ave/GxV1_EmERTqJFibTJTTOBA,north-little-rock-arkansas
https://www.ubereats.com/little-rock/food-delivery/mcalisters-deli-12019-westhaven-drive/QKSZUPrBRaeGmPTAdYPeWw,north-little-rock-arkansas
https://www.ubereats.com/little-rock/food-delivery/kirin-garden/yfIQP1SCTnq7ckkpHec0bQ,north-little-rock-arkansas
https://www.ubereats.com/little-rock/food-delivery/dairy-queen-grill-%26-chill-6100-w-12th-st/yocH4rtDRuGXQ0qt85v3Kg,north-little-rock-arkansas
https://www.ubereats.com/little-rock/food-delivery/refined-ale-catering/Vo9rSJocSd6ZUjcxrz7oFA,north-little-rock-arkansas
https://www.ubereats.com/little-rock/food-delivery/too-sweet-bar-%26-grill/4LvZVZ0uTCuIMI0t7QCjqQ,north-little-rock-arkansas
https://www.ubereats.com/little-rock/food-delivery/subway-4507-fairway-ave/HRXWDL8VSTeRlwwcwhHFNA,north-little-rock-arkansas
https://www.ubereats.com/little-rock/food-delivery/zaxbys-208-brookswood-road/IujWlhmESYeNNBpAJzGfVw,north-little-rock-arkansas
https://www.ubereats.com/little-rock/food-delivery/saffron-indian-cuisine-little-rock-ar/j1ViYCG9RC6VoA8y_UXNlg,north-little-rock-arkansas
https://www.ubereats.com/little-rock/food-delivery/roberts-sports-bar-and-grill/11v0gum1QOap59g5UpE6ng,north-little-rock-arkansas
https://www.ubereats.com/little-rock/food-delivery/diablos-tacos-%26-mezcaleria/ps6I157YS9aYUxdyHJygzQ,north-little-rock-arkansas
https://www.ubereats.com/little-rock/food-delivery/panera-2812-lakewood-village-drive/GbGRIeasQra-fSxQ1a1jMg,north-little-rock-arkansas
https://www.ubereats.com/little-rock/food-delivery/black-bear-diner-2724-lakewood-village-drive/QaJX6BAnThq0v7wgWbcdJQ,north-little-rock-arkansas
https://www.ubereats.com/little-rock/food-delivery/arbys-1008/-y9lWp1cS0Okekjmrjx75g,north-little-rock-arkansas
https://www.ubereats.com/little-rock/food-delivery/mylo-coffee-co/bHXjDYU5SOa-aE9S254sSQ,north-little-rock-arkansas
https://www.ubereats.com/little-rock/food-delivery/gingers-handlebar-grill-basecamp/xE_TcmfaTj6ATqiZnKIceQ,north-little-rock-arkansas
https://www.ubereats.com/little-rock/food-delivery/bjs-restaurant-%26-brewhouse-2624-s-shackleford-rd/q3slaW1MQM2UBtJs7C1IkA,north-little-rock-arkansas
https://www.ubereats.com/little-rock/food-delivery/burger-king-2505-highway-161/ZtDxC5rLRtKRHQsUsafNnw,north-little-rock-arkansas
https://www.ubereats.com/little-rock/food-delivery/honeybaked-ham-2733-lakewood-village-dr/ZtAjUnxNRF-i8Q_a70oZug,north-little-rock-arkansas
https://www.ubereats.com/little-rock/food-delivery/kebab-house-little-rock/2lcC2nZQQl6eXKudFDJLuA,north-little-rock-arkansas
https://www.ubereats.com/little-rock/food-delivery/2twenty1/ScAc4g4CR5q--aF20Rt2gw,north-little-rock-arkansas
https://www.ubereats.com/little-rock/food-delivery/popeyes-4415-e-mccain-blvd/vo0pvnTdSUqtXdYVk1KCgw,north-little-rock-arkansas
https://www.ubereats.com/little-rock/food-delivery/arbys-1401/o6iYQCAvTR-uD7S_gYK_eQ,north-little-rock-arkansas
https://www.ubereats.com/little-rock/food-delivery/american-pie-pizza-maumelle/_C0Yb2tRSgiaVBaySuNvLg,north-little-rock-arkansas
https://www.ubereats.com/little-rock/food-delivery/hardees-restaurants-4901-john-f-kennedy-blvd/bm9ek8j0R8mspd_PRWIHyQ,north-little-rock-arkansas
https://www.ubereats.com/little-rock/food-delivery/taco-bell-1300-john-barrow-rd/M8_6g0xcTHWl_0eqf78-DQ,north-little-rock-arkansas
https://www.ubereats.com/little-rock/food-delivery/burger-king-3300-south-university-avenue/bE_HsMB_QOaJYiv6LIbHdQ,north-little-rock-arkansas
https://www.ubereats.com/little-rock/food-delivery/mcdonalds-7721-cantrell-rd/aKNcMomxRnGikNQ3xSrD3A,north-little-rock-arkansas
https://www.ubereats.com/little-rock/food-delivery/buffalo-wild-wings-4600-silver-creek-dr/70ERcYpkTZKBW2IGCOiyHQ,north-little-rock-arkansas
https://www.ubereats.com/little-rock/food-delivery/santo-coyote-mexican-food-%26-tequila-bar/5f0XKf6-S1u5wpAj0Ns-Lg,north-little-rock-arkansas
https://www.ubereats.com/little-rock/food-delivery/tropical-smoothie-cafe-10221-n-rodney-parham-rd/WpZLXghLQMyyYLBpSa8gRQ,north-little-rock-arkansas
https://www.ubereats.com/little-rock/food-delivery/newks-eatery-4317-warden-rd/VEVSD95ZRUCvRgCou9ecYA,north-little-rock-arkansas
https://www.ubereats.com/little-rock/food-delivery/wendys-604-east-broadway-st/bFAYzcZwRS26NQmu_6sPfQ,north-little-rock-arkansas
https://www.ubereats.com/little-rock/food-delivery/tropical-smoothie-cafe-broadway-avenue/p9OZU90YQAWR-qQTsk6oNA,north-little-rock-arkansas
https://www.ubereats.com/little-rock/food-delivery/chipotle-mexican-grill-100-s-university-ave/MF8tMV3NRc2GSBvcbr2z5A,north-little-rock-arkansas
https://www.ubereats.com/little-rock/food-delivery/sharks/-Zp7jcyhTC6GRJHJNttpDQ,north-little-rock-arkansas
https://www.ubereats.com/little-rock/food-delivery/guss-world-famous-president-clinton-ave/YqVwQo76Q6OKNyHUioPvZQ,north-little-rock-arkansas
https://www.ubereats.com/little-rock/food-delivery/chicken-wangs/Z-0FSKXsQJOH5cDokXYvJQ,north-little-rock-arkansas
https://www.ubereats.com/little-rock/food-delivery/chipotle-mexican-grill-11525-cantrell-rd-ste-1000/5lw7pYdoQFG9wagBDa7Nlw,north-little-rock-arkansas
https://www.ubereats.com/little-rock/food-delivery/buttas-bar-and-grill/DKp1Fk4aSyCdLjffhl6mvA,north-little-rock-arkansas
https://www.ubereats.com/little-rock/food-delivery/wendys-8500-highway-107/-FJCxhW7Sp2KM7sb0loYFw,north-little-rock-arkansas
https://www.ubereats.com/little-rock/food-delivery/back-yard-burgers-n-shackleford-rd/ZmXCCEfnSkiTVcTxykfLyw,north-little-rock-arkansas
https://www.ubereats.com/little-rock/food-delivery/saladworks-little-rock/rpwfF-kpRfausH5Cbv08Ww,north-little-rock-arkansas
https://www.ubereats.com/little-rock/food-delivery/red-snapper/MlssB4dfRZGfoEDLacZMog,north-little-rock-arkansas
https://www.ubereats.com/little-rock/food-delivery/outback-steakhouse-4401-warden-road/b7eUvrBTSZO71tv1j81DqQ,north-little-rock-arkansas
https://www.ubereats.com/little-rock/food-delivery/wendys-4920-w-markham/4e4hvhpqTQ-cjmiIcCQ2tw,north-little-rock-arkansas
https://www.ubereats.com/little-rock/food-delivery/wendys-3923-s-university/SCmM412kRsSoMj8IbCIPWw,north-little-rock-arkansas
https://www.ubereats.com/little-rock/food-delivery/sharks-fish-%26-chicken-roosevelt-rd/IBDj5j3aSDmUGiFpKjX2yw,north-little-rock-arkansas
https://www.ubereats.com/little-rock/food-delivery/burger-king-100-south-rodney-parham/KfbcUbVrRgK5TOCDqie-YA,north-little-rock-arkansas
https://www.ubereats.com/little-rock/food-delivery/ohia-poke-6th-street/VIDdPhNjQvO7uk4jAS54rA,north-little-rock-arkansas
https://www.ubereats.com/little-rock/food-delivery/potbelly-sandwich-shop-314-s-university-ave/lAcT2qJ1Qq-LTCluPSZb4A,north-little-rock-arkansas
https://www.ubereats.com/little-rock/food-delivery/slim-chickens-301-n-shackleford-rd/dMQuXweXQ6a6rkKija3hlA,north-little-rock-arkansas
https://www.ubereats.com/little-rock/food-delivery/arbys-972/efU2l0nHRdyJlAnpMKQKiQ,north-little-rock-arkansas
https://www.ubereats.com/little-rock/food-delivery/the-dacqshak/DblR2z9gTge9Ev3BN4QMvA,north-little-rock-arkansas
https://www.ubereats.com/little-rock/food-delivery/taco-bell-6233-colonel-glenn-rd/DEtwVMGLRJ6Znw5pIvuBHw,north-little-rock-arkansas
https://www.ubereats.com/little-rock/food-delivery/moes-southwest-grill-4834-north-hills-blvd/MXSxMVepTuakwjX5yn2LjA,north-little-rock-arkansas
https://www.ubereats.com/little-rock/food-delivery/pop-pop-shoppe-university-ave/6RPfANOzSe2WooeOJVaE6g,north-little-rock-arkansas
https://www.ubereats.com/little-rock/food-delivery/tropical-smoothie-cafe-rebsamen-road/kq4oJEOMSUmBmYNUuqvRlA,north-little-rock-arkansas
https://www.ubereats.com/little-rock/food-delivery/mugs-cafe-argenta/30SrUsxETpagGNmF2mDH1Q,north-little-rock-arkansas
