url,city
https://www.ubereats.com/tucson/food-delivery/chengs-beijing-restaurant/WuduZt5LSWKPVAy1akz6OQ,oro-valley-arizona
https://www.ubereats.com/tucson/food-delivery/los-betos-n-1st-ave/AhkwWPGRSoyw-Z8_syFaKQ,oro-valley-arizona
https://www.ubereats.com/tucson/food-delivery/subway-10325-n-lacanada-dr/ZfooXcxiQdCyl7iybADFvw,oro-valley-arizona
https://www.ubereats.com/tucson/food-delivery/ihop-cerius-stra-%26-cortaro-farms/VDVop5vXRHCiNkkoqw71AA,oro-valley-arizona
https://www.ubereats.com/tucson/food-delivery/roadrunner-coffee-co/tyNHg4wGRGiF4roXki3EMg,oro-valley-arizona
https://www.ubereats.com/tucson/food-delivery/kwench-juice-cafe/Nn8reVCnTeKTUyJa9LHx3w,oro-valley-arizona
https://www.ubereats.com/tucson/food-delivery/flemings-prime-steakhouse-%26-wine-bar-tucson/O9Aw7hG5RJK6XsOgNyXA6Q,oro-valley-arizona
https://www.ubereats.com/tucson/food-delivery/craft-republic-7625-n-lacholla-blvd/BEtXE9xOTIirdyppt6Sx4Q,oro-valley-arizona
https://www.ubereats.com/tucson/food-delivery/carls-jr-3790-w-ina-road/X04dhHZoRkupjp6H-cBMHg,oro-valley-arizona
https://www.ubereats.com/tucson/food-delivery/ramen-sensei-2905-e-skyline-drive-suite-289/FwJwaZp4TyagG801n9okHg,oro-valley-arizona
https://www.ubereats.com/tucson/food-delivery/pita-jungle-oracle-%26-ina/m1qG7-pYQ5GshUrsOOtHZA,oro-valley-arizona
https://www.ubereats.com/tucson/food-delivery/tavolino-ristorante/ws_EjzlzTwGcFHV9fS3DNA,oro-valley-arizona
https://www.ubereats.com/tucson/food-delivery/taco-bell-10815-n-oracle-rd/KapbwDDjR8qSTq3qiqSHDw,oro-valley-arizona
https://www.ubereats.com/tucson/food-delivery/el-pollo-loco-3781-w-ina-rd3839/HRD9GtZCTgSry_uukVm-VA,oro-valley-arizona
https://www.ubereats.com/tucson/food-delivery/kfc-8270-n-cortaro-road/vfY1nFa9QsKyZYT4AhTWdA,oro-valley-arizona
https://www.ubereats.com/tucson/food-delivery/crying-onion-cafe/CA34Z1bIRJmXxn4gOC8dug,oro-valley-arizona
https://www.ubereats.com/tucson/food-delivery/chipotle-mexican-grill-7555-n-la-cholla-blvd-ste-155/Wg4GiDQBT2qMP82m017xOg,oro-valley-arizona
https://www.ubereats.com/tucson/food-delivery/dennys-555-n-freeway/sNJNi9oKS1mFxMXRK5c_vw,oro-valley-arizona
https://www.ubereats.com/tucson/food-delivery/chipotle-mexican-grill-5940-w-arizona-pavillions-dr/8kvr1rkXTvOu2gchSBA8lg,oro-valley-arizona
https://www.ubereats.com/tucson/food-delivery/red-lobster-5061-north-oracle-road/FkafjCopTPCcZetWdrmLkg,oro-valley-arizona
https://www.ubereats.com/tucson/food-delivery/viva-burrito-river-rd/sgn8TGCNRIW-GMrkhcvDWA,oro-valley-arizona
https://www.ubereats.com/tucson/food-delivery/firebirds-wood-fired-grill-2985-e-skyline-dr/Qj6x5Q6rRuGlAgSyBGeNqA,oro-valley-arizona
https://www.ubereats.com/tucson/food-delivery/dennys-4920-w-ina-rd/3rIhfSaCQGajQyFVlT5SKw,oro-valley-arizona
https://www.ubereats.com/tucson/food-delivery/red-lobster-11695-n-oracle-road/5PMtePCdSeG6f8QAJfx89w,oro-valley-arizona
https://www.ubereats.com/tucson/food-delivery/blue-42-sports-bar-%26-grill/lkH4H5lyT1mxhjrvBT2iWw,oro-valley-arizona
https://www.ubereats.com/tucson/food-delivery/five-guys-az-1531-7077-n-thornydale-rd/HClFoo3DTxKsenXuunJPAA,oro-valley-arizona
https://www.ubereats.com/tucson/food-delivery/jack-in-the-box-4450-n-1st-ave/bkGa5GYCQBSvcUuQKLGdNw,oro-valley-arizona
https://www.ubereats.com/tucson/food-delivery/bostons-restaurant-5825-w-arizona-pavilions-dr/UejE7NnoRceJE1MpouIkCw,oro-valley-arizona
https://www.ubereats.com/tucson/food-delivery/mian-sichuan/lkrTZ2wgRRS8O5G3qGXi4g,oro-valley-arizona
https://www.ubereats.com/tucson/food-delivery/crepe-n-dip/-eST7ASuS3Olar2DBJoaYw,oro-valley-arizona
https://www.ubereats.com/tucson/food-delivery/filibertos-mexican-food/9WKEEZ1vSx6tFKEp2WulHg,oro-valley-arizona
https://www.ubereats.com/tucson/food-delivery/burger-king-1960-w-river-rd/SvIboVUIStiqaXaqM2yxog,oro-valley-arizona
https://www.ubereats.com/tucson/food-delivery/the-blacktop-grill/UZLPcu5dQimScloOrpQPaw,oro-valley-arizona
https://www.ubereats.com/tucson/food-delivery/jersey-mikes-subs-oracle-%26-1st-ave/E9r4fkRkSv6fi5nOKzZ6SA,oro-valley-arizona
https://www.ubereats.com/tucson/food-delivery/high-5-grille/kR1n00PCRuKcY7JpIxp60g,oro-valley-arizona
https://www.ubereats.com/tucson/food-delivery/sullivans-eatery-and-creamery/qK4YM7QsQh-9D-bPSO8Ppw,oro-valley-arizona
https://www.ubereats.com/tucson/food-delivery/gema-raspados-%26-delights/sOzfnsSBSUuSfn87cZxWbg,oro-valley-arizona
https://www.ubereats.com/tucson/food-delivery/nekter-juice-bar-2905-e-skyline-dr-ste-167/srexh3I6R1a86zgIdhDYOw,oro-valley-arizona
https://www.ubereats.com/tucson/food-delivery/ihop-4187-n-oracle-rd/iaTMT72vSgGB5wl5mpEdOw,oro-valley-arizona
https://www.ubereats.com/tucson/food-delivery/mod-pizza-marana/Zh6fJz1xRr64xuWHX5W0oA,oro-valley-arizona
https://www.ubereats.com/tucson/food-delivery/saffron-indian-bistro/0qDcpxa-QEetof1xvA83XA,oro-valley-arizona
https://www.ubereats.com/tucson/food-delivery/flavor-of-india/7WSkTHQLSG-jbASGRnqNDQ,oro-valley-arizona
https://www.ubereats.com/tucson/food-delivery/mod-pizza-oro-valley/UZLR55KYSbqLL_6QyL-m5w,oro-valley-arizona
https://www.ubereats.com/tucson/food-delivery/u-like-oriental-buffet/D9H-ck57S4qZnDu8NhLbjg,oro-valley-arizona
https://www.ubereats.com/tucson/food-delivery/pei-wei-633-w-ina-rd/RuehiwuMTC6GFiwA5cX7yA,oro-valley-arizona
https://www.ubereats.com/tucson/food-delivery/ra-sushi-2905-e-skyline-dr-suite-289/MqccA416Q4CC2ODjgGiJLg,oro-valley-arizona
https://www.ubereats.com/tucson/food-delivery/carls-jr-3707-n-oracle-rd/KuWETl3bTeiPj1ee32Hlvw,oro-valley-arizona
https://www.ubereats.com/tucson/food-delivery/mcdonalds-oracle-%26-wetmore/-BppSkhARqevKbzDuSqk9Q,oro-valley-arizona
https://www.ubereats.com/tucson/food-delivery/dairy-queen-treat-5960-n-oracle-rd/n36uKtqDQAGXJek5tvatYQ,oro-valley-arizona
https://www.ubereats.com/tucson/food-delivery/outback-steakhouse-2240-west-ina-road/o25L2HGLQlaWBhx12GHPIA,oro-valley-arizona
https://www.ubereats.com/tucson/food-delivery/jerry-bobs/YoiDrvaiS0a9GD-kmL0AFQ,oro-valley-arizona
https://www.ubereats.com/tucson/food-delivery/iou-sushi-iv/7PATsYbuQxCP4iy0kUqFow,oro-valley-arizona
https://www.ubereats.com/tucson/food-delivery/eat-fresh-mexican-food-raspados/SWh2g1v8RKK_E-1E-GluqQ,oro-valley-arizona
https://www.ubereats.com/tucson/food-delivery/pf-changs-1805-e-river-rd-suite-100/9J0DzjRCSrK65mGm4dshRw,oro-valley-arizona
https://www.ubereats.com/tucson/food-delivery/smashburger-7625-n-oracle-rd/W50VBm6YTzS3DrQl6GMaNQ,oro-valley-arizona
https://www.ubereats.com/tucson/food-delivery/jack-in-the-box-4949-n-oracle-rd/DA0WBRtlRUeHoXkI7zcJfg,oro-valley-arizona
https://www.ubereats.com/tucson/food-delivery/wienerschnitzel-6346-n-oracle-rd/VaqpvyMJQOGGHq5dn3FgEQ,oro-valley-arizona
https://www.ubereats.com/tucson/food-delivery/guadalajara-original-grill-n-oracle/-FWpa27NRIibyM7Smn0uGw,oro-valley-arizona
https://www.ubereats.com/tucson/food-delivery/egg-connection/ZO61ElAzQMWHLEqvIuphQg,oro-valley-arizona
https://www.ubereats.com/tucson/food-delivery/la-parrilla-suiza-ina-%26-oldfather/pCa0SfZ-Qs6rLBci0kkolQ,oro-valley-arizona
https://www.ubereats.com/tucson/food-delivery/mcdonalds-ina-%26-thornydale/J_37iMvuS0uEPvwWGc1zZg,oro-valley-arizona
https://www.ubereats.com/tucson/food-delivery/finis-landing/kgQIVAXRRSuD9b0dBlwk_w,oro-valley-arizona
https://www.ubereats.com/tucson/food-delivery/mcdonalds-oracle-%26-1st-ave/tBarREP9TbW8htEX_gieag,oro-valley-arizona
https://www.ubereats.com/tucson/food-delivery/pinkberry-3820-w-river-rd/laVfzm-vSpuT5ST_M1Gx0g,oro-valley-arizona
https://www.ubereats.com/tucson/food-delivery/carrabbas-7635-n-oracle-rd/ShXpx7mjRqS_11gJz8WJRQ,oro-valley-arizona
https://www.ubereats.com/tucson/food-delivery/mod-pizza-oracle-wetmore/4Dnc7ItZShuVYw4tCukRaw,oro-valley-arizona
https://www.ubereats.com/tucson/food-delivery/grandma-tonys-pizza-oro-valley/VMLmHBHEQLW3YO-etN_PGA,oro-valley-arizona
https://www.ubereats.com/tucson/food-delivery/panda-express-cortaro-%26-i-10/uaOf6GPiT3uPcMg4hmhD1A,oro-valley-arizona
https://www.ubereats.com/tucson/food-delivery/posto-sano/1UuWeKh-QLayA9UTUpjb1w,oro-valley-arizona
https://www.ubereats.com/tucson/food-delivery/jimmys-pita-%26-poke/YcnSR_18RRqB9_eWDqBscw,oro-valley-arizona
https://www.ubereats.com/tucson/food-delivery/bottega-michelangelo/j1MWttw8SIeZcu8qw2aHRw,oro-valley-arizona
https://www.ubereats.com/tucson/food-delivery/panda-express-4500-n-oracle-rd/vmo7CBf6QUKfjrIk5twqOw,oro-valley-arizona
https://www.ubereats.com/tucson/food-delivery/bjs-restaurant-%26-brewhouse-4270-north-oracle-road/4EpPsiLzQhOMPkh0X8rJJg,oro-valley-arizona
https://www.ubereats.com/tucson/food-delivery/wendys-7675-n-la-cholla-blvd/Pr3M3K0QTyKn6cjL6XHRkQ,oro-valley-arizona
https://www.ubereats.com/tucson/food-delivery/starbucks-3951-w-ina-road-%23101/rg9brSESRiSfVj-Cp_Wc0Q,oro-valley-arizona
https://www.ubereats.com/tucson/food-delivery/la-hacienda-family-mexican-restaurant-tucson-az/btzHuYFrT46-2GWpKeMi9g,oro-valley-arizona
https://www.ubereats.com/tucson/food-delivery/wok-%26-roll-buffet/UgQX8zBNRX2UsX7RjcYuLQ,oro-valley-arizona
https://www.ubereats.com/tucson/food-delivery/papa-murphys-pizza-az038-la-canada-%26-lambert/mcDaMfPURGG1pdZLRkRj5g,oro-valley-arizona
https://www.ubereats.com/tucson/food-delivery/sbarro-6401-w-marana-center/ibpJj_FwTtSqVouGu3-UJg,oro-valley-arizona
https://www.ubereats.com/tucson/food-delivery/benihana-2905-east-skyline-drive-unit-289/1HourhClSICBln7lvQdpRQ,oro-valley-arizona
https://www.ubereats.com/tucson/food-delivery/mcdonalds-river-%26-la-cholla/MWyxL29FTyyAdDfN4BsUaQ,oro-valley-arizona
https://www.ubereats.com/tucson/food-delivery/cinnabon-4500-n-oracle-road-%23-126/xjt54lx1SnOuSyIic1GkdQ,oro-valley-arizona
https://www.ubereats.com/tucson/food-delivery/filibertos-mexican-food-oro-valley/FK8L_QxaR-qbIA5wlfsKbw,oro-valley-arizona
https://www.ubereats.com/tucson/food-delivery/dunkin-7805-n-oracle-rd/UBgNxx9rRFGfis0FfBLEFg,oro-valley-arizona
https://www.ubereats.com/tucson/food-delivery/applebees-ina-%26-la-cholla/J3hFqVBBRUWwVc5G-d_ipA,oro-valley-arizona
https://www.ubereats.com/tucson/food-delivery/starbucks-7555-n-la-cholla-blvd/sQXp1PRlTNmAxHXn1PBbfQ,oro-valley-arizona
https://www.ubereats.com/tucson/food-delivery/papa-johns-thornydale-%26-ina/0qgD_SRwTY6gORQ39o3L-w,oro-valley-arizona
https://www.ubereats.com/tucson/food-delivery/kebab-king-tucson/bO5K7vuRRuO_akwc37P83w,oro-valley-arizona
https://www.ubereats.com/tucson/food-delivery/kfc-7901-n-oracle-hwy/vcpPFyCjQveAuL1VWQLGkA,oro-valley-arizona
https://www.ubereats.com/tucson/food-delivery/rubios-oracle-%26-pusch-view/jPZ3HdzmTimipwXekA6Jfw,oro-valley-arizona
https://www.ubereats.com/tucson/food-delivery/mcdonalds-magee-%26-oracle/WHdPzcFpRP6dAXq4kOnzIg,oro-valley-arizona
https://www.ubereats.com/tucson/food-delivery/buffalo-wild-wings-4329-n-oracle-rd-ste-135/41r97nDQRUCIK2mTyx6qjQ,oro-valley-arizona
https://www.ubereats.com/tucson/food-delivery/firehouse-subs-river-%26-orange-grove/0ufat6R_RUS2mpihvfEcIw,oro-valley-arizona
https://www.ubereats.com/tucson/food-delivery/sullivans-1785-e-river-road/vr5d_gs9Qu2nZ1GA-6da7A,oro-valley-arizona
https://www.ubereats.com/tucson/food-delivery/papa-johns-la-canada-%26-river/O_EN9Vw-SiWDy5omXyPPIg,oro-valley-arizona
https://www.ubereats.com/tucson/food-delivery/chipotle-mexican-grill-10604-n-oracle-rd/05GNZK_SQ2-qfPNd_M1ZJg,oro-valley-arizona
https://www.ubereats.com/tucson/food-delivery/subway-11901-n-first-ave/mW2p-SHySUiPZ4pWGCoaTA,oro-valley-arizona
https://www.ubereats.com/tucson/food-delivery/first-watch-rooney-ranch/E8aK6qtYTOKCoyOAXPzRDw,oro-valley-arizona
https://www.ubereats.com/tucson/food-delivery/baggins-gourmet-sandwiches-oracle-%26-1st-ave/guXrIwNWQn2ayCgdHy9ipA,oro-valley-arizona
https://www.ubereats.com/tucson/food-delivery/la-carreta-del-rorro/0hy52_yERAWpoursHpP3rA,oro-valley-arizona
https://www.ubereats.com/tucson/food-delivery/panda-express-oracle-%26-magee/Q_qYPD0TQeGxvALAit8wvQ,oro-valley-arizona
https://www.ubereats.com/tucson/food-delivery/papa-johns-10785-n-oracle/RcxIlrTxRN-IguHVVj_C7Q,oro-valley-arizona
https://www.ubereats.com/tucson/food-delivery/sonic-drive-in-thornydale-road/QIoDJY2dS_2c55Kyz7IN2A,oro-valley-arizona
https://www.ubereats.com/tucson/food-delivery/starbucks-10615-north-oracle-road/5bKVJ6k7TPeTPCbZxuAOuw,oro-valley-arizona
https://www.ubereats.com/tucson/food-delivery/wendys-5639-w-cortaro-farms-road/2JdSaWKORj6QxRmtPJSsbA,oro-valley-arizona
https://www.ubereats.com/tucson/food-delivery/truland-burgers-%26-greens-tucson/YC99nPZuRp2VVFH_7dm4Lw,oro-valley-arizona
https://www.ubereats.com/tucson/food-delivery/cracker-barrel-old-country-store-8400-n-cracker-barrel-rd/GNbSvrAFSPG7JLGQPK20tQ,oro-valley-arizona
https://www.ubereats.com/tucson/food-delivery/tamarind/Tzz46hFsROWi0w43gCtZRA,oro-valley-arizona
https://www.ubereats.com/tucson/food-delivery/native-grill-%26-wings-i-10-%26-cortaro/Z6GQ5ouiSaCrszxKSrZVIA,oro-valley-arizona
https://www.ubereats.com/tucson/food-delivery/michoacan-taqueria-raspados-inc/YM8epyrkSZ2MAShTIqehmw,oro-valley-arizona
https://www.ubereats.com/tucson/food-delivery/sauce-pizza-%26-wine-n-oracle/z-RALiiQQIaaDixPfbke-w,oro-valley-arizona
https://www.ubereats.com/tucson/food-delivery/baggins-gourmet-sandwiches-oracle-%26-orange-grove/Fekdtle5QxWiWnMYFXH_GQ,oro-valley-arizona
https://www.ubereats.com/tucson/food-delivery/kneaders-bakery-%26-cafe-oro-valley/zmaXXXspSRSw-ai0DWp0TQ,oro-valley-arizona
https://www.ubereats.com/tucson/food-delivery/taco-bell-7915-n-oracle-rd/bRT-HZFoQwifFkiZnpbC2g,oro-valley-arizona
