url,city
https://www.ubereats.com/phoenix/food-delivery/santanas-mexican-food/dbH7Ld0nQX-kd9gu1CWhBg,phoenix
https://www.ubereats.com/phoenix/food-delivery/ajs-pizza-and-wings/Z2z21Ay3TjqmM48JR8tANg,phoenix
https://www.ubereats.com/phoenix/food-delivery/applebees-5210-w-baseline-rd/4z-kqAzKQVusbwYfpvY9Lw,phoenix
https://www.ubereats.com/phoenix/food-delivery/filibertos-mexican-food-7th-ave/1nHpRSs1SyeZfq68O55-9g,phoenix
https://www.ubereats.com/phoenix/food-delivery/chipotle-mexican-grill-100-e-camelback-rd-ste-196/MqmZGi3wTbGwlHpFQW9qFA,phoenix
https://www.ubereats.com/phoenix/food-delivery/jack-in-the-box-1902-w-buckeye-rd/5-wYB7AOTXaGcPCwn66Tvg,phoenix
https://www.ubereats.com/phoenix/food-delivery/island-sensation-cuisine/reCdMBsUStOIXaNkczSeIw,phoenix
https://www.ubereats.com/phoenix/food-delivery/tocaya-organica-biltmore/RMKJnNr6SC2ue9XZs_9U8Q,phoenix
https://www.ubereats.com/phoenix/food-delivery/dennys-1994-w-baseline-rd/O7d6bUuuRL2y8LhwoH6rog,phoenix
https://www.ubereats.com/phoenix/food-delivery/el-mitote-raspados/sd7nBpsETK-M0aqzZEhd5A,phoenix
https://www.ubereats.com/phoenix/food-delivery/water-n-ice/V_g-XAXKSj2XoEdtUvFAug,phoenix
https://www.ubereats.com/phoenix/food-delivery/tru-burger-co/wLty_8buQqqdPr5oOdPXUg,phoenix
https://www.ubereats.com/phoenix/food-delivery/pork-on-a-fork/Gtc4ikWFQm2htZv-Gv2VOg,phoenix
https://www.ubereats.com/phoenix/food-delivery/gayossos-mexican-foods/Rn09hERrQ92Vba8jr2mqYQ,phoenix
https://www.ubereats.com/phoenix/food-delivery/the-ice-cream-shop/UNBzdO3bRy-sZGuwq3_uIg,phoenix
https://www.ubereats.com/phoenix/food-delivery/jack-in-the-box-3150-e-washington-st/UJAwRPAzSyO1o-WSzPNL4A,phoenix
https://www.ubereats.com/phoenix/food-delivery/honey-bears-bbq-n-central-ave/up0-82WSTLq3gN7XGRrFiw,phoenix
https://www.ubereats.com/phoenix/food-delivery/amelios-pizza-and-grill/jU_B2fdpQm2e6YeRH0gXWQ,phoenix
https://www.ubereats.com/phoenix/food-delivery/kahu-hawaiian-bbq/zwswuctJQc-xx8WfOS_TzQ,phoenix
https://www.ubereats.com/phoenix/food-delivery/27th-avenue-bar-%26-grill/W39n1FMqSaWv5d2rc7CzFA,phoenix
https://www.ubereats.com/phoenix/food-delivery/uncle-biffs-california-killer-cookies/J-rqma5aSxyD6mTOb-_kdQ,phoenix
https://www.ubereats.com/phoenix/food-delivery/jewels-bakery-%26-cafe-gluten-free/UVYO4k-7QZ6KRYblJg-XEA,phoenix
https://www.ubereats.com/phoenix/food-delivery/five-guys-az-0543-50-w-jefferson-st/2qO87piZQjax7ssQdAoNEQ,phoenix
https://www.ubereats.com/phoenix/food-delivery/taco-bell-29844-n-cave-creek-rd/3kH8CiP1TyOv8eTRPF7M4g,phoenix
https://www.ubereats.com/phoenix/food-delivery/grabbagreen-jefferson/00-K7rS0QjmRjS4UEUkEAw,phoenix
https://www.ubereats.com/phoenix/food-delivery/kfc-tb-3626-w-pinnacle-peak-rd/wmFRyXiqSMSAy8lCCQateA,phoenix
https://www.ubereats.com/phoenix/food-delivery/taco-bell-301-east-mcdowell-road/z82BBYfHSdWlXQ6YHGShMA,phoenix
https://www.ubereats.com/phoenix/food-delivery/park-one-cafe/R9mk5gmjQryAGAhVmUnw8A,phoenix
https://www.ubereats.com/phoenix/food-delivery/tacos-mexico-phoenix-az/tiP5dVTDQSqMXOhVszDyzg,phoenix
https://www.ubereats.com/phoenix/food-delivery/sonic-happy-valley/AQ79kUv7TJem06tBtaYDDg,phoenix
https://www.ubereats.com/phoenix/food-delivery/helping-cafe/o93lRv_SR5uY_KrBChFYbA,phoenix
https://www.ubereats.com/phoenix/food-delivery/mod-pizza-laveen/46L6-9eaSO25JFbn61Gufg,phoenix
https://www.ubereats.com/phoenix/food-delivery/trapp-haus-bbq/qFfUIRKKTpSeQMuxVQ861g,phoenix
https://www.ubereats.com/phoenix/food-delivery/xl-california-charbroiled-burger-company/JwJcqHFbTzexZccODluamA,phoenix
https://www.ubereats.com/phoenix/food-delivery/mcdonalds-mcdowell-%26-7th-st/05GIIX64Ske0Ml8p80MzPQ,phoenix
https://www.ubereats.com/phoenix/food-delivery/burger-king-709-east-broadway-r/rPms8lXiTX-G4Ft3rS1XIQ,phoenix
https://www.ubereats.com/phoenix/food-delivery/long-wongs-hot-wings-4344-west-indian-school-road/-kIzSdk8S9W4u_iYux6OkA,phoenix
https://www.ubereats.com/phoenix/food-delivery/pita-jungle-arcadia/SIWJ-DEzSv20h_pSnSwhWg,phoenix
https://www.ubereats.com/phoenix/food-delivery/jack-in-the-box-3502-w-buckeye-rd/xqbjbG_FRk61MK9EGSZQyQ,phoenix
https://www.ubereats.com/phoenix/food-delivery/jack-in-the-box-4119-n-7th-st/XgcdbNvHRcm7eSHuEkr76w,phoenix
https://www.ubereats.com/phoenix/food-delivery/shanes-rib-shack-2501-west-happy-valley-rd/kEfLmqYAS8mtbankBvcq2g,phoenix
https://www.ubereats.com/phoenix/food-delivery/hooties-burger-bar-az-center/9HSWNoB2Rd-mWCB0Y6MqRQ,phoenix
https://www.ubereats.com/phoenix/food-delivery/dimas-tacos/2A53X6sgS7SH1CNjZpN2gw,phoenix
https://www.ubereats.com/phoenix/food-delivery/speedy-street-tacos/xJzxhnYFS2iuJEqaw-UKjg,phoenix
https://www.ubereats.com/phoenix/food-delivery/buffalo-wild-wings-2510-w-happy-valley-rd/wzg8HsktQpuGbBKqGeMRQg,phoenix
https://www.ubereats.com/phoenix/food-delivery/arizona-wilderness-dtphx/Ji3R0RX8TXW-mEppKpTJKg,phoenix
https://www.ubereats.com/phoenix/food-delivery/nashs-hot-chicken-tender-and-sandwiches/c6pjMd3iSPy91UktCU_fhg,phoenix
https://www.ubereats.com/phoenix/food-delivery/crepe-house-cafe/sZrf7KQASiiRgqfAN9zhEQ,phoenix
https://www.ubereats.com/phoenix/food-delivery/yama-sushi-house-phoenix/KiT5nngwS5urVk2KOz3Png,phoenix
https://www.ubereats.com/phoenix/food-delivery/samurai-sams-4801-e-washington-st/TzFj-iwOSausH9ifg12f7Q,phoenix
https://www.ubereats.com/phoenix/food-delivery/pita-bistro-central-%26-osborn/Gwm9pEltQvyQ4pIDaSRXng,phoenix
https://www.ubereats.com/phoenix/food-delivery/bosa-donuts23rd-ave-%26-camelback-rd/TLGej7vTR5q2O_GialaWIA,phoenix
https://www.ubereats.com/phoenix/food-delivery/federicos-mexican-food-3433-w-camelback/xsUYivsuTt67RQJrQqa1sA,phoenix
https://www.ubereats.com/phoenix/food-delivery/jack-in-the-box-2330-e-baseline-rd/baAY1XWkQqOtGUGWaNmeAA,phoenix
https://www.ubereats.com/phoenix/food-delivery/barbeskews/gGBUTguUR8uaWJtIL10IAA,phoenix
https://www.ubereats.com/phoenix/food-delivery/lins-grand-buffet-mcdowell-rd/OERrwJDlQva7tAYH-1-53A,phoenix
https://www.ubereats.com/phoenix/food-delivery/la-pasadita-hot-dogs-camelback-rd/4skg_7P-Q8-qtd99U3Svnw,phoenix
https://www.ubereats.com/phoenix/food-delivery/the-hot-italian/xNQrqhYqSgKT53DRoH7-ag,phoenix
https://www.ubereats.com/phoenix/food-delivery/healthy-roots-cafe/DiBDGpm-TW6K4YMczS6qYw,phoenix
https://www.ubereats.com/phoenix/food-delivery/cold-stone-creamery-2170-e-baseline-rd/JDUNe_YJQEuJH64wXXO1Ew,phoenix
https://www.ubereats.com/phoenix/food-delivery/jack-in-the-box-39526-n-gavilan-peak-pkwy/JidH8Ia_SDal5IKwG5s66w,phoenix
https://www.ubereats.com/phoenix/food-delivery/mr-mesquite-taqueria-north-phoenix/7P2iszDgTbu9__r69H6b1w,phoenix
https://www.ubereats.com/phoenix/food-delivery/mcdonalds-51st-ave-%26-mcdowell/_h_tPHRAR0aiaWVdoFi_Vw,phoenix
https://www.ubereats.com/phoenix/food-delivery/the-ice-cream-shop/IRkRyYnKRTO-zN3ZQwhipg,phoenix
https://www.ubereats.com/phoenix/food-delivery/centrico/Yqp4R-MPQD-YaK_Nh6AZFQ,phoenix
https://www.ubereats.com/phoenix/food-delivery/pita-jungle-norterra/QpMnPLlgQ6-eawAipDgVgQ,phoenix
https://www.ubereats.com/phoenix/food-delivery/mcdonalds-carefree-%26-i-17/3zhhA0_GR5qt225u6m5LDg,phoenix
https://www.ubereats.com/phoenix/food-delivery/just-tacos-and-more/HdshDWjBQyKcCee-2dCnQg,phoenix
https://www.ubereats.com/phoenix/food-delivery/la-tortilla-spot-factory-%26-grill/NcUAvF-eQTKlHKpxEBTJJg,phoenix
https://www.ubereats.com/phoenix/food-delivery/cracker-barrel-old-country-store-21611-n-26th-avenue/kq5_6z1BTCeBxAVM7WmG2A,phoenix
https://www.ubereats.com/phoenix/food-delivery/mcdonalds-broadway-%26-32nd-st/13h4zOjZQAGwFv6zF7Bjkg,phoenix
https://www.ubereats.com/phoenix/food-delivery/jack-in-the-box-1921-w-broadway-rd/_YfBwTxLTTmgY10jGjzP_Q,phoenix
https://www.ubereats.com/phoenix/food-delivery/carniceria-castillo/5Wp0LbSpTW2RVLucvWQxvA,phoenix
https://www.ubereats.com/phoenix/food-delivery/ristorante-portar-via/xgW64IBnTnCaYWAlSr7IeQ,phoenix
https://www.ubereats.com/phoenix/food-delivery/carls-jr-2342-e-thomas-rd/LlXLVQR9T6GdKwqw7q9mKw,phoenix
https://www.ubereats.com/phoenix/food-delivery/jackalope-gastropub/kVilRFTMTVKfZvfg0JfOqg,phoenix
https://www.ubereats.com/phoenix/food-delivery/burger-king-5102-west-mcdowell-road/8Fdct24IQH2aKf8albRfHQ,phoenix
https://www.ubereats.com/phoenix/food-delivery/coyote-bar-%26-grill/t2oSKk_kSMqtjHVPJuES2Q,phoenix
https://www.ubereats.com/phoenix/food-delivery/los-pilares/syCMjLvtRBGbZZcwsL24Ug,phoenix
https://www.ubereats.com/phoenix/food-delivery/touch-of-thai/G8d0MiPKQO6kkmPaCpEpVQ,phoenix
https://www.ubereats.com/phoenix/food-delivery/krispy-kreme-indian-school-%26-31st-ave/EtV98A4USue2MsdfTzbLtA,phoenix
https://www.ubereats.com/phoenix/food-delivery/cranberry-hills/HGOE7imTQ828NcVwoW5Lqg,phoenix
https://www.ubereats.com/phoenix/food-delivery/applebees-central-%26-camelback/6svzZRoVREKOT4Pl5Dgaww,phoenix
https://www.ubereats.com/phoenix/food-delivery/fuego-bistro/MHmFIWRXR-S61ynaYu_lAw,phoenix
https://www.ubereats.com/phoenix/food-delivery/az-pops-7th-st/7q1OoSuZRVyXab1K_BbLsg,phoenix
https://www.ubereats.com/phoenix/food-delivery/elevate-coffee-company/opnAsqa5S4iCRPeMe4ofJg,phoenix
https://www.ubereats.com/phoenix/food-delivery/deli-belli/DvJnDB3dTy2eFhbN1wGAeQ,phoenix
https://www.ubereats.com/phoenix/food-delivery/tacos-a-100/jGX99XATTvmBmyVXkrO0Qw,phoenix
https://www.ubereats.com/phoenix/food-delivery/mr-mesquite-taqueria-phoenix/CfFv6zt_TFy_HD1Ag_z0Lg,phoenix
https://www.ubereats.com/phoenix/food-delivery/mama-elsas-world-famous-chicken-enchilada-pie/akwXHldjRBWxnpdHVZ2DXw,phoenix
https://www.ubereats.com/phoenix/food-delivery/jack-in-the-box-3215-n-central-ave/GbG7mnovRgW7SP3NNU-yLw,phoenix
https://www.ubereats.com/phoenix/food-delivery/trails-end-grill/YXwhK5NDQryrVjNmTH1fmg,phoenix
https://www.ubereats.com/phoenix/food-delivery/neptunes-waters/EqQT2BvfSwaT81F07p7IvA,phoenix
https://www.ubereats.com/phoenix/food-delivery/the-ice-cream-shop/hFKw_O5DQMWl_K6nlWc-Rw,phoenix
https://www.ubereats.com/phoenix/food-delivery/taco-bell-34906-n-valley-parkway/ujd7ybfRTkKRQdQArlN5rA,phoenix
https://www.ubereats.com/phoenix/food-delivery/bosa-donuts-indian-school/Ocokm9aiTH-bJTmZHxjd7w,phoenix
https://www.ubereats.com/phoenix/food-delivery/bosa-donuts-central-ave/rEUt51dVTnuEgyMziH6b9g,phoenix
https://www.ubereats.com/phoenix/food-delivery/panda-express-happy-valley-%26-23rd-ave/gnCieZJ7QDeRBuPcyxjMqA,phoenix
https://www.ubereats.com/phoenix/food-delivery/taco-bell-2465-e-baseline-rd/7R7GjAh2RliJWe84agw4zQ,phoenix
https://www.ubereats.com/phoenix/food-delivery/trans-am-cafe/qZg0Wd28SSywUNU9VrJqfg,phoenix
https://www.ubereats.com/phoenix/food-delivery/the-ice-cream-shop/o6Elps6URPC8137KSNki0A,phoenix
https://www.ubereats.com/phoenix/food-delivery/burger-shoppe-27th-ave-%26-van-buren/zpOdWpF_QkKDXXE6-temJA,phoenix
https://www.ubereats.com/phoenix/food-delivery/scramble-biltmore/iv8txrVaShGq2Jh7Au8hdg,phoenix
https://www.ubereats.com/phoenix/food-delivery/lennys-burger-indian-school-%26-27th-ave/w2iOL-gESMuFEIir6ZfDGA,phoenix
https://www.ubereats.com/phoenix/food-delivery/sonic-51st-ave/gwz6FuubS0aTrDOiLIxStg,phoenix
https://www.ubereats.com/phoenix/food-delivery/the-counter-50-n-central-ave/HYY5LriDTl-38raIp9zb7Q,phoenix
https://www.ubereats.com/phoenix/food-delivery/robert-emmets-food-%26-spirits/e_X7696KSHCwtBnBvGCYRw,phoenix
https://www.ubereats.com/phoenix/food-delivery/lychee-kitchen-chinese-%26-sushi-%E8%8D%94%E8%8B%91/WRkpzO8bTHqs5Y-OREyZQQ,phoenix
https://www.ubereats.com/phoenix/food-delivery/basilic-vietnamese-kitchen/euqsuqK_SSuAIHkCNAQoIw,phoenix
https://www.ubereats.com/phoenix/food-delivery/potbelly-sandwich-shop-camelback-%7C-269/I-4-OJIpSu2NMxbJ4G0jDQ,phoenix
https://www.ubereats.com/phoenix/food-delivery/haps-pit-barbecue/9QPskhQfTACIf7YXVxl7OA,phoenix
https://www.ubereats.com/phoenix/food-delivery/neveria-chayos/Zpek3w3XRduFasVy5zKkKw,phoenix
https://www.ubereats.com/phoenix/food-delivery/burger-king-4102-north-19th-ave/PGVpFPUjRQiZTYIRIoY-bA,phoenix
https://www.ubereats.com/phoenix/food-delivery/breakfast-club-cityscape/3JosuIMGS5-1lYdFSP0eTg,phoenix
https://www.ubereats.com/phoenix/food-delivery/nypd-pizza-w-mcdowell/UpZunngfSoWFJMpDyqRpqg,phoenix
https://www.ubereats.com/phoenix/food-delivery/la-pasadita-hot-dogs/ex6TndvwTTy9T-EUcL-Clw,phoenix
https://www.ubereats.com/phoenix/food-delivery/crescent-ballroom-cocina-10/29bXPbcLRlOef8tYIM6BEg,phoenix
https://www.ubereats.com/phoenix/food-delivery/kwan-%26-wok/pdMSejvDTxepU68ro5IqAg,phoenix
https://www.ubereats.com/phoenix/food-delivery/sweet-republic-16th-st-%26-bethany-home/HU7vh2GkQOCI62mMmCNz-A,phoenix
https://www.ubereats.com/phoenix/food-delivery/creamistry-camelback-%26-central/vJu7TLAkQ2G4Hot-hPthvA,phoenix
https://www.ubereats.com/phoenix/food-delivery/los-sombreros/ihDiQujiQnGXJOJh7USGjA,phoenix
https://www.ubereats.com/phoenix/food-delivery/federicos-mexican-food-van-buren/Ez0YaxOJRfeYCcy2IWdr1Q,phoenix
https://www.ubereats.com/phoenix/food-delivery/bowl-of-greens/fsWWvNcsQYmhYdlxNIsSWA,phoenix
https://www.ubereats.com/phoenix/food-delivery/samurai-sams-4801-e-washington-st/qrfAyD0IS3eiM1S8S7Ouyg,phoenix
https://www.ubereats.com/phoenix/food-delivery/taco-bell-7440-s-7th-st/fv-0-WshQBukVSIzi_XKig,phoenix
https://www.ubereats.com/phoenix/food-delivery/applebees-baseline-%26-24th-st/4O04WhU9R3W1BezFJrmz2w,phoenix
https://www.ubereats.com/phoenix/food-delivery/la-piazza-2nd-st-%26-washington/i2iJmxxkRGeIAZnptMx-Sw,phoenix
https://www.ubereats.com/phoenix/food-delivery/blu-burger-grille/St2m4UW2QvyQ9HDw0iiSJQ,phoenix
https://www.ubereats.com/phoenix/food-delivery/the-buffalo-spot-phoenix-camelback/9MWqlzS_QeSVj43W7mXZbQ,phoenix
https://www.ubereats.com/phoenix/food-delivery/la-mexicana-super-carniceria/hF0T3pi0RtelaZg9jzHqDA,phoenix
https://www.ubereats.com/phoenix/food-delivery/marylns-fish-and-chips/842pvsJDQ2ambZiPX1e7gQ,phoenix
https://www.ubereats.com/phoenix/food-delivery/milk-bar/aPAiHtdzTC6nsKKypXJHXQ,phoenix
https://www.ubereats.com/phoenix/food-delivery/tacos-huicho/e15PGYFRTvWntj_pe-MF7g,phoenix
https://www.ubereats.com/phoenix/food-delivery/wendys-301-e-indian-school-rd/OuDHxIh9RjKoB2bJg8M9iQ,phoenix
https://www.ubereats.com/phoenix/food-delivery/starbucks-2501-w-happy-valley-rd/va1lkjzhRAmcGhL4t2YA2Q,phoenix
https://www.ubereats.com/phoenix/food-delivery/vaqueros-carne-asada-inc/4XuAHmOyRaytO8jJAkdQ3w,phoenix
https://www.ubereats.com/phoenix/food-delivery/original-chopshop-arcadia/-bhzpcOWSmWpTPTGbvIU8Q,phoenix
https://www.ubereats.com/phoenix/food-delivery/port-of-subs-1075-n-51st-ave-suite-%23101/sW2WeOW8RmKaDpRYExpT5Q,phoenix
https://www.ubereats.com/phoenix/food-delivery/dennys-3160-w-carefree/Xe4sxJoYQ1yjI_Ku-EYkgQ,phoenix
https://www.ubereats.com/phoenix/food-delivery/ranch-house-grille/XWAAfKSVSLGVQfbgBMV_FA,phoenix
https://www.ubereats.com/phoenix/food-delivery/burger-king-1901-w-buckeye-rd/rB7CyZN2SpW_bUE6LpGN9w,phoenix
https://www.ubereats.com/phoenix/food-delivery/mcdonalds-24th-st-%26-van-buren/MHzp-SnaQkqHr4SfpF4tSg,phoenix
https://www.ubereats.com/phoenix/food-delivery/jack-in-the-box-2440-w-thomas-rd/n4I-wlXrQ666sZj3irgfAw,phoenix
https://www.ubereats.com/phoenix/food-delivery/sonic-3330-e-thomas-road/WceY0-CQQtW4SiIhCZ05ZQ,phoenix
https://www.ubereats.com/phoenix/food-delivery/the-food-shop/EGEQNaX-T36TC-qwVPKcWg,phoenix
https://www.ubereats.com/phoenix/food-delivery/scooptopia/umkkVLxDSki3hjkrkD32LQ,phoenix
https://www.ubereats.com/phoenix/food-delivery/hello-vietnam-pho-%26-roll/0dWSotATRmeXbpdDJMtGbA,phoenix
https://www.ubereats.com/phoenix/food-delivery/mancusos-restaurant/DWH52c_ERreEhhjjbW10sA,phoenix
https://www.ubereats.com/phoenix/food-delivery/taco-bell-1909-west-deer-valley-rd/jHalSIkPSxubc7yiUe9cjg,phoenix
https://www.ubereats.com/phoenix/food-delivery/burger-king-1611-east-thomas-road/Fi6f1wsITo-8Sn5jP7N2sQ,phoenix
https://www.ubereats.com/phoenix/food-delivery/chestnut-fine-foods-%26-provisions/tSEFvtQQTd-Xf4gSWmU6xA,phoenix
https://www.ubereats.com/phoenix/food-delivery/matts-big-breakfast-biltmore/cZbdLaxHRbycM5Os1giqsg,phoenix
https://www.ubereats.com/phoenix/food-delivery/mijana-grill/ykz1I5JgTr6ZXY4lDa-IAA,phoenix
https://www.ubereats.com/phoenix/food-delivery/wildflower-4290-e-indian-school-rd/JjVqvSyjStW49GWkzZ48aA,phoenix
https://www.ubereats.com/phoenix/food-delivery/mcdonalds-indian-school-%26-33rd-ave/F3Y15treSkCXstbZT8owSg,phoenix
https://www.ubereats.com/phoenix/food-delivery/ruta-15-mexican-grill/xT7mzix8Rr237b3Xvgr4Rg,phoenix
https://www.ubereats.com/phoenix/food-delivery/burger-king-3840-w-happy-valley-rd/eaSfZZbmTvS4GECqdjTNtg,phoenix
https://www.ubereats.com/phoenix/food-delivery/wendys-2375-e-baseline-rd/C7MUzqNVQxuIXcN-IoZ2ig,phoenix
https://www.ubereats.com/phoenix/food-delivery/taqueria-obregon/IuFr1gRoSjK9eiIFjbznXg,phoenix
https://www.ubereats.com/phoenix/food-delivery/marisas-mexican-seafood-cocina/HZbmzX4GSYWGMI_nnszCGQ,phoenix
https://www.ubereats.com/phoenix/food-delivery/federicos-mexican-food-happy-valley-rd/Mi5CtvteTHGXhrRwFmbMjg,phoenix
https://www.ubereats.com/phoenix/food-delivery/buffalos-express-cave-creek/BAg1L0qwTY2qO9_J8QdFqg,phoenix
https://www.ubereats.com/phoenix/food-delivery/sonic-1919-w-deer-valley-rd/rHvDlFKsQFOcZBZToOIHlw,phoenix
https://www.ubereats.com/phoenix/food-delivery/provecho/xcMG7kYeSqGeL85nWaGtnQ,phoenix
https://www.ubereats.com/phoenix/food-delivery/wendys-2024-east-camelback-road/8b9bEJt6S5aAZU2d6yUNSw,phoenix
https://www.ubereats.com/phoenix/food-delivery/urban-bricks-pizza/zbqPbmbZSuWkYEJonebxoQ,phoenix
https://www.ubereats.com/phoenix/food-delivery/arigatos-sashimi-bowl/5mEFD2yuTd6ekJq6AZUTUg,phoenix
https://www.ubereats.com/phoenix/food-delivery/papa-johns-231-w-thomas-rd/FVI1XzUsT3GLGIrUNCntqw,phoenix
https://www.ubereats.com/phoenix/food-delivery/neveria-chayos/k1vDPL5wS3Odffn8CR49gg,phoenix
https://www.ubereats.com/phoenix/food-delivery/federicos-mexican-food/a4N3l5t9S7-b5nJsIG2eOw,phoenix
https://www.ubereats.com/phoenix/food-delivery/chipotle-mexican-grill-4423-e-thomas-road/56FyX7KRRxuWyc7E670dEg,phoenix
https://www.ubereats.com/phoenix/food-delivery/chipotle-mexican-grill-1818-w-bethany-home-rd/ZkOCq0trR_eVuj5FZr6yNg,phoenix
https://www.ubereats.com/phoenix/food-delivery/plant-b-phoenix/fhZQFDwFSLa0XwLyklyWOg,phoenix
https://www.ubereats.com/phoenix/food-delivery/sonic-5021-w-mcdowell-road/MjpjyfHKTleeNhEEaoFN6w,phoenix
https://www.ubereats.com/phoenix/food-delivery/burger-king-2207-w-happy-valley-rd/pdxwaPJYS0Sn-z6fc69Glw,phoenix
https://www.ubereats.com/phoenix/food-delivery/hong-kong-asian-cuisine/qR2NEh9vQo-MBXdGQymRhw,phoenix
https://www.ubereats.com/phoenix/food-delivery/love-acai-bowls/7QQIHrcARPKMrsBbvcMpcg,phoenix
https://www.ubereats.com/phoenix/food-delivery/mcdonalds-baseline-%26-51st-ave/A2WkWj95TDuk5YTyWrSEUw,phoenix
https://www.ubereats.com/phoenix/food-delivery/persian-garden-cafe/6uzZAHOQRjaFCbJV7YAQMA,phoenix
https://www.ubereats.com/phoenix/food-delivery/mod-pizza-midtown/qa7cBCCTTXGuEGufDzPAPw,phoenix
https://www.ubereats.com/phoenix/food-delivery/artbar-%2B-bistro/5IBFmohMQEyQTMdSSiLFgQ,phoenix
https://www.ubereats.com/phoenix/food-delivery/rosatis-pizza-thomas-%26-40th-st/q-V8YtVQTB6mJ3zxR7aRzA,phoenix
https://www.ubereats.com/phoenix/food-delivery/sonic-3310-w-bethany-home/kYzJFkRtRVyxs-DPpNrhLw,phoenix
https://www.ubereats.com/phoenix/food-delivery/mcdonalds-central-%26-southern/tQkl3k8PQ9qOeoiMLTusUw,phoenix
https://www.ubereats.com/phoenix/food-delivery/commander-hamburger/x0o51OmySy2YOjW_5dgSSw,phoenix
https://www.ubereats.com/phoenix/food-delivery/burger-king-1970-w-baseline-rd/6We28FogRwuQwg8H5yb5hA,phoenix
https://www.ubereats.com/phoenix/food-delivery/brothers-pizza-happy-valley-%26-67th-ave/pUpdpXGASR-X-nuPgKAWlA,phoenix
https://www.ubereats.com/phoenix/food-delivery/taco-bell-3101-e-thomas-rd/Bo0bUfBKSm-p4WtKKHUatA,phoenix
https://www.ubereats.com/phoenix/food-delivery/dunkin-102-n-central-ave/TjTsdPFvRmWmQhoRQEhvCA,phoenix
https://www.ubereats.com/phoenix/food-delivery/jack-in-the-box-2113-w-happy-valley-rd/7CiCyXjOQbmoEnUteezTmA,phoenix
https://www.ubereats.com/phoenix/food-delivery/bosa-donuts-455-north-3rd-street/64ePloRwSIKqP4O0mSgiVA,phoenix
https://www.ubereats.com/phoenix/food-delivery/la-bamba-mexican-grill/jXcIInSWTwGfvevModTUCw,phoenix
https://www.ubereats.com/phoenix/food-delivery/bosa-donuts-4th-st-%26-jackson/yt6I03doQJ668kdqNIsD0g,phoenix
https://www.ubereats.com/phoenix/food-delivery/shake-shack-100-e-camelback-rd/heH4MhoyQ5WtMO1EWT9RZw,phoenix
https://www.ubereats.com/phoenix/food-delivery/jamba-juice-3350-n-7th-ave-%23100/x6fzxQYyQOuiCaZbBV0AGg,phoenix
https://www.ubereats.com/phoenix/food-delivery/thai-lotus-restaurant-north-19th-ave/q_T9MwkiTKmHhZEOk1TZ9Q,phoenix
https://www.ubereats.com/phoenix/food-delivery/postino-central-%26-colter/jV0Ab3seRwKsjg5mtcQsAQ,phoenix
https://www.ubereats.com/phoenix/food-delivery/juliobertos-e-indian-school-rd/KpDXHMaJRqqape-gvYNshw,phoenix
https://www.ubereats.com/phoenix/food-delivery/the-park-street-food-bar/degdIcmEQiyZAAmyyuw8vA,phoenix
https://www.ubereats.com/phoenix/food-delivery/switch-restaurant-and-wine-bar/za610gI8RJ-NrAq-ZnHV2A,phoenix
https://www.ubereats.com/phoenix/food-delivery/rosie-mccaffreys-irish-pub/w6b0wVvXQMKNQzyq1VvLIQ,phoenix
https://www.ubereats.com/phoenix/food-delivery/salsitas/kgG-6QDtSZCgnQFdyCHzBQ,phoenix
https://www.ubereats.com/phoenix/food-delivery/masterpiece-donuts-and-coffee%2B/9yNlL6aOQ4m3AlezukDmNw,phoenix
https://www.ubereats.com/phoenix/food-delivery/federicos-mexican-food-s-central-ave/ZCeiacoSQwSEtFyP1zaYqw,phoenix
https://www.ubereats.com/phoenix/food-delivery/arbys-119-east-baseline/TSA_QaLNRCG8s_FKgE0v8Q,phoenix
https://www.ubereats.com/phoenix/food-delivery/jack-in-the-box-1001-n-24th-st/lQdmyDlvSB2GPmdCgbGt0g,phoenix
https://www.ubereats.com/phoenix/food-delivery/dairy-queen-grill-%26-chill-3308-e-baseline-rd/4GD-V3VaStKd4NdZBZGn4g,phoenix
https://www.ubereats.com/phoenix/food-delivery/taco-bell-2601-north-44th-street/Q5UdxBklRd2SU2d00gqLTQ,phoenix
https://www.ubereats.com/phoenix/food-delivery/filibertos-mexican-food-35th-ave-%26-southern/7LtOGkPZTAeXrpKf5yTlQg,phoenix
https://www.ubereats.com/phoenix/food-delivery/the-human-bean-20055-n-19th-ave/JrgRmNL-SXKHQwWp0EmHhg,phoenix
https://www.ubereats.com/phoenix/food-delivery/the-vig-fillmore-4th-ave/C2n2o2ARQOeGVW3x8Houtg,phoenix
https://www.ubereats.com/phoenix/food-delivery/smashburger-2470-w-happy-valley-rd-ste-1195/kEV6NYABT8G_EdD27zZuNQ,phoenix
https://www.ubereats.com/phoenix/food-delivery/potbelly-sandwich-shop-cityscape-%7C-285/FFbQKLVvTpCLFgjb5BcUGA,phoenix
https://www.ubereats.com/phoenix/food-delivery/fired-pie-washington-%26-2nd-st/bWt93AssQQiYB8LGXkBjqQ,phoenix
https://www.ubereats.com/phoenix/food-delivery/tacos-%26-hot-dogs-sonora/GQDB3GwHTqapsa6iXrUZzg,phoenix
https://www.ubereats.com/phoenix/food-delivery/roosevelt-diner/WnTMnUkcTjaqPcH3213LDA,phoenix
https://www.ubereats.com/phoenix/food-delivery/pita-jungle-downtown-phoenix/OfFWhiB5SwicQGTBghq5QA,phoenix
https://www.ubereats.com/phoenix/food-delivery/merchant-logo-sazerac-phx/rJowkh0XSPKwaABjlgvrlg,phoenix
https://www.ubereats.com/phoenix/food-delivery/jack-in-the-box-620-e-buckeye-rd/sogMharAQX2Ej40AF9ZWmg,phoenix
https://www.ubereats.com/phoenix/food-delivery/phoenix-public-market-cafe/ipgdoAieTVOu_0QflVcxmQ,phoenix
https://www.ubereats.com/phoenix/food-delivery/rinaldis-deli-phoenix/K-DgP2FSQIeyw1of1UrzQg,phoenix
https://www.ubereats.com/phoenix/food-delivery/mcdonalds-indian-school-%26-32nd-st/pTK8N5rNTT-4Gq0OpC22CQ,phoenix
https://www.ubereats.com/phoenix/food-delivery/la-pinita-loca/jdujGE5yTdiAXM4MnzMuaw,phoenix
https://www.ubereats.com/phoenix/food-delivery/arbys-2220-w-deer-valley-rd/IF4nE4o5T0yEp5IE4lKJeA,phoenix
https://www.ubereats.com/phoenix/food-delivery/samurai-sams-5340-w-buckeye-rd/i6A7BFw4Qb6sgUgIY_Uzlw,phoenix
https://www.ubereats.com/phoenix/food-delivery/la-carreta-de-lily-19th-ave/ItUd1K7tRAuhtPMs4-_3Nw,phoenix
https://www.ubereats.com/phoenix/food-delivery/feelgoods-good-foods/1Yb0Z82SQP6wqQZ9Knei5g,phoenix
https://www.ubereats.com/phoenix/food-delivery/mcdonalds-bethany-home-%26-35th-ave/RR9cFvuaTryWtoN3XiZxjQ,phoenix
https://www.ubereats.com/phoenix/food-delivery/wendys-3201-e-wood-st/vOKgV0NKTKiP7GsoSBld_Q,phoenix
https://www.ubereats.com/phoenix/food-delivery/chino-mex/CBODRrCdSoaOFFb11eprvw,phoenix
https://www.ubereats.com/phoenix/food-delivery/samurai-sams-2316-w-bethany-home-rd/_kjY480NR_yKXDpCbI3Ivw,phoenix
https://www.ubereats.com/phoenix/food-delivery/carls-jr-5040-w-baseline-rd/RU5vH7IHQderE_luzVabkw,phoenix
https://www.ubereats.com/phoenix/food-delivery/hilal-grill/oMsvCgMXQ3qrYCEesAd7XA,phoenix
https://www.ubereats.com/phoenix/food-delivery/welcome-diner-east-pierce/Q1XLfnTLRQe7IUXxXXalxA,phoenix
https://www.ubereats.com/phoenix/food-delivery/edible-arrangements-5501-n-7th-avenue-suite-%23104/BH_RJn0lSreqdho0lrDg0Q,phoenix
https://www.ubereats.com/phoenix/food-delivery/mcdonalds-35th-ave-%26-van-buren/NsNNvgF1QvqowFRiuy6N5w,phoenix
https://www.ubereats.com/phoenix/food-delivery/yama-sushi-house-phoenix/qhqIOGxqSFSHyKDlFqt6Gw,phoenix
https://www.ubereats.com/phoenix/food-delivery/mcdonalds-baseline-%26-19th-ave/u8R2PYM7RRegkgVaKWm9LQ,phoenix
https://www.ubereats.com/phoenix/food-delivery/first-watch-tramonto/Q6QbQgDdSG2Epd2lVvftSQ,phoenix
https://www.ubereats.com/phoenix/food-delivery/hob-nobs/rU0jVdJvRXCq3O7uksV0Fw,phoenix
https://www.ubereats.com/phoenix/food-delivery/la-pinata-mexican-restaurant/R1eskiBYTGiYFTpi5Pdowg,phoenix
https://www.ubereats.com/phoenix/food-delivery/scoopwells-dough-bar/ZkysCs74Q3Wk1XJdaMXF-g,phoenix
https://www.ubereats.com/phoenix/food-delivery/the-adobe-restaurant/7XSlHwGbRw-QxEG_9mULAQ,phoenix
https://www.ubereats.com/phoenix/food-delivery/burger-theory-phoenix/wiq3_wjnQemnoVi0ku9_Mw,phoenix
https://www.ubereats.com/phoenix/food-delivery/carls-jr-1753-w-bethanyhome-rd/zFbM-10ZTGyArbI6Gj1-GQ,phoenix
https://www.ubereats.com/phoenix/food-delivery/el-super-w-camelback-rd/-Qolx3F-TYCoiCKB2lRnxw,phoenix
https://www.ubereats.com/phoenix/food-delivery/casa-corazon/iZ7RNGjFTryaIkJMWSezIg,phoenix
https://www.ubereats.com/phoenix/food-delivery/yogis-grill-happy-valley/Ov58pE--T_uzJ932LrLzIA,phoenix
https://www.ubereats.com/phoenix/food-delivery/chipotle-mexican-grill-1515-n-7th-ave-ste-120/Gm70N-EvQgWackoi90MM8g,phoenix
https://www.ubereats.com/phoenix/food-delivery/black-bear-diner-3530-w-baseline-rd/zbGiDr7CSGyfJRjry_Rgkg,phoenix
https://www.ubereats.com/phoenix/food-delivery/dairy-queen-grill-%26-chill-4140-e-thomas-rd/Wxd1lqXHREeNU5CuJBjVWQ,phoenix
https://www.ubereats.com/phoenix/food-delivery/dunkin-2322-e-thomas-rd/iOAP_nbLRwe2qEK1rJPFxA,phoenix
https://www.ubereats.com/phoenix/food-delivery/taco-bell-201-w-washington-suite-105/cQSMQgndQmyOVuHDW6PxRw,phoenix
https://www.ubereats.com/phoenix/food-delivery/burritos-locos-biltmore/Kx8GC8kjQ0CYXsF-WEW9tg,phoenix
https://www.ubereats.com/phoenix/food-delivery/mcdonalds-indian-school-%26-10th-st/A4T98YeASP6FqeMSPfi_IQ,phoenix
https://www.ubereats.com/phoenix/food-delivery/taco-bell-6645-w-happy-valley-rd/7b9VozGjQ4eeuF_zgVVoSQ,phoenix
https://www.ubereats.com/phoenix/food-delivery/tryst-cafe/DVVXYcBWQ8OCXAqFbtqx0Q,phoenix
https://www.ubereats.com/phoenix/food-delivery/sonic-7440-s-jesse-owens-pkwy/LghlAWHaT02YmYC9lilZ5Q,phoenix
https://www.ubereats.com/phoenix/food-delivery/chipotle-mexican-grill-3009-w-agua-fria-fwy/1CAkITVIS0Wsw6grqng63A,phoenix
https://www.ubereats.com/phoenix/food-delivery/taco-guild/dy0muNyGScGvJC8UxwA7IQ,phoenix
https://www.ubereats.com/phoenix/food-delivery/taco-bell-3517-w-glendale-ave/ecPr5PkSTkSd6tYVxsj0tQ,phoenix
https://www.ubereats.com/phoenix/food-delivery/mcdonalds-camelback-%26-16th-st/NDPYYf9zQG2637mv8hu0zQ,phoenix
https://www.ubereats.com/phoenix/food-delivery/los-armandos-mexican-food-mcdowell-%26-59th-ave/t2e4QgkDRRaiNX0B87XpZw,phoenix
https://www.ubereats.com/phoenix/food-delivery/first-watch-happy-valley/OyOkpolhQrKCZy8udFKntg,phoenix
https://www.ubereats.com/phoenix/food-delivery/mcdonalds-indian-school-%26-7th-ave/vdlzETLTTYmqO_eLNifaXA,phoenix
https://www.ubereats.com/phoenix/food-delivery/del-taco-4115-w-anthem-way/KE3cXZPjTsWd6ZBZRbbX6g,phoenix
https://www.ubereats.com/phoenix/food-delivery/burger-king-4002-east-broadway/2kKNcUUrSIW_tGweG7REOw,phoenix
https://www.ubereats.com/phoenix/food-delivery/el-pollo-loco-4102-e-thomas-rd3760/baCTGUawTY-BO_3IYxZqSQ,phoenix
https://www.ubereats.com/phoenix/food-delivery/mod-pizza-cave-creek/KG0WR8dmR46-VaZmqymG1g,phoenix
https://www.ubereats.com/phoenix/food-delivery/buster-georges-donuts/GFemzlPWTTO5kW1dYGsljg,phoenix
https://www.ubereats.com/phoenix/food-delivery/jack-in-the-box-1601-e-van-buren-st/zexjU_bNRJ2liMVcspT4JQ,phoenix
https://www.ubereats.com/phoenix/food-delivery/dunkin-4130-e-thomas-rd/3BGEmipFQsiKJdthylEPCQ,phoenix
https://www.ubereats.com/phoenix/food-delivery/ice-house-tavern/2Vss7R8ZTPq84v_NVD50ww,phoenix
https://www.ubereats.com/phoenix/food-delivery/neveria-chayos/6W-N9cD3Qtu7J83yqCzmAA,phoenix
https://www.ubereats.com/phoenix/food-delivery/pei-wei-32607-n-scottsdale-rd-suite-107/UW6k_eWuS821o4eEJlAobQ,phoenix
https://www.ubereats.com/phoenix/food-delivery/wendys-3520-w-baseline-road/YhXaUxbHRAqrpIplx0s8Vg,phoenix
https://www.ubereats.com/phoenix/food-delivery/taco-bell-1747-w-bethany-home-rd/S8jUHMqkSrWIU2fu1jSnEw,phoenix
https://www.ubereats.com/phoenix/food-delivery/international-house-of-food/5of02u0fQEunWuBHU1RjcQ,phoenix
https://www.ubereats.com/phoenix/food-delivery/taco-bell-1004-n-24th-st/C3XIK4a8T6mCQPTLhbRJGA,phoenix
https://www.ubereats.com/phoenix/food-delivery/the-ice-cream-shop/0caPnDjKSvaAt0VWMgWpdg,phoenix
https://www.ubereats.com/phoenix/food-delivery/rancho-la-candelaria-mexican-%26-oaxacan-food/ROE5wugyTSCsk9qWG4MlQg,phoenix
https://www.ubereats.com/phoenix/food-delivery/the-grand-avenue-mexican-grill/B3TAW_EaTO-4EoZl-r39BQ,phoenix
https://www.ubereats.com/phoenix/food-delivery/los-portales/a_WHks4HQsCSRK5LFo00Uw,phoenix
https://www.ubereats.com/phoenix/food-delivery/chipotle-mexican-grill-1660-e-camelback-rd-ste-185/uw3iWfzJSNSLIuhkQ09vTA,phoenix
https://www.ubereats.com/phoenix/food-delivery/wtf-burgers/w-b7ZIreQDaTUu9k1T2iTw,phoenix
https://www.ubereats.com/phoenix/food-delivery/churchs-chicken-4245-s-central-ave/7mBk5MYQQe6sCi0KHEMmTA,phoenix
https://www.ubereats.com/phoenix/food-delivery/mariscos-acapulco/l_TQ_u4xQWqeqn5XbvMmpw,phoenix
https://www.ubereats.com/phoenix/food-delivery/vaqueros-carne-asada/Pk9BidjKQWmWRdMb8qjg4g,phoenix
https://www.ubereats.com/phoenix/food-delivery/sauce-pizza-%26-wine-25-e-camelback/-7Q7oIQAQ6aeIh3ofv6btg,phoenix
https://www.ubereats.com/phoenix/food-delivery/armandos-mexican-food/hsiOQlIdTRi_Xa0CKj8exw,phoenix
https://www.ubereats.com/phoenix/food-delivery/pescaderia-mi-lindo-guaymas/qauRy3H7QnaGxZ8Jet-r7g,phoenix
https://www.ubereats.com/phoenix/food-delivery/starbucks-3860-w-happy-valley-road/D44eJIWmT3O-G4a5BKODPw,phoenix
https://www.ubereats.com/phoenix/food-delivery/arbys-2402-w-thomas-road/6e38danfTyq0WzvViC2kVg,phoenix
https://www.ubereats.com/phoenix/food-delivery/filibertos-mexican-food-23450-north-19th/rRGvKjB0Tg6stvF9Uc58hQ,phoenix
https://www.ubereats.com/phoenix/food-delivery/bambinos-sports-grill/buU6aMN5TEu-NhMDWatQaQ,phoenix
https://www.ubereats.com/phoenix/food-delivery/jack-in-the-box-2141-w-deer-valley-rd/LX6J5GiZR-ixFl-e49YN1A,phoenix
https://www.ubereats.com/phoenix/food-delivery/karsons/BnG3ptjgTvCCtZhd5qNQMQ,phoenix
https://www.ubereats.com/phoenix/food-delivery/jack-in-the-box-2645-w-carefree-hwy/G9PAr3ITT6KJrAw7fPoGxA,phoenix
https://www.ubereats.com/phoenix/food-delivery/lez-get-baked/XwfR56USQRejxA_95LEV4g,phoenix
https://www.ubereats.com/phoenix/food-delivery/cold-stone-creamery-1949-e-camelback-rd-ste-162/vKdXPDOeSKi270T8Qb7Rfw,phoenix
https://www.ubereats.com/phoenix/food-delivery/ihop-1743-e-camelback-rd/kJufA88jQd2eAA8caSwlLg,phoenix
https://www.ubereats.com/phoenix/food-delivery/the-corner-deli/QoanG0YSTkSOh-EjFbWjNQ,phoenix
https://www.ubereats.com/phoenix/food-delivery/hilltop-q-co/CToCE7JtSDO8zcM49eBNLw,phoenix
https://www.ubereats.com/phoenix/food-delivery/top-that-frozen-yogurt/Bkjf19HvRkWZUa68LwzBnQ,phoenix
https://www.ubereats.com/phoenix/food-delivery/baja-fresh-1615-e-camelback-rd/MK0yDrZKRk6LSfpwLWdSjQ,phoenix
https://www.ubereats.com/phoenix/food-delivery/pita-bistro-48th-st-%26-broadway/fdH2Vmg-QCSN2PwVSfin0A,phoenix
https://www.ubereats.com/phoenix/food-delivery/vintage-one-boutique-%26-cafe/hUA9R6_QSu6acWor5FT3yA,phoenix
https://www.ubereats.com/phoenix/food-delivery/firehouse-subs-cave-creek-%26-carefree/mtc59Z24TcS_Cabc5PlZOw,phoenix
https://www.ubereats.com/phoenix/food-delivery/giving-tree-cafe/a8_Fw5AUSRq9qFNseoy8ZQ,phoenix
https://www.ubereats.com/phoenix/food-delivery/port-of-subs-21001-north-tatum-blvd-suite-%2378-1600/8NLYmY96TNKu8zW7HGMdkg,phoenix
https://www.ubereats.com/phoenix/food-delivery/original-genos/QM3Kpkv0TxmOr0cLW42N_w,phoenix
https://www.ubereats.com/phoenix/food-delivery/potbelly-sandwich-shop-7th-and-mcdowell-%7C-282/-gamgqNXQ9OPw-UJiOmYoQ,phoenix
https://www.ubereats.com/phoenix/food-delivery/rubios-32415-north-scottsdale-road-suite-c/Z7C-lWDKSZqjWDeZ4bEBSw,phoenix
https://www.ubereats.com/phoenix/food-delivery/jack-in-the-box-5814-s-central-ave/NjfpTliMSEmBCh6PSGA-6A,phoenix
https://www.ubereats.com/phoenix/food-delivery/taco-bell-1501-e-bethany-home-rd/KL2MFZPsQxqiHz_pqwqCkQ,phoenix
https://www.ubereats.com/phoenix/food-delivery/tropical-smoothie-cafe-camelback-center/S3N_EGKaRH24k2Vqne3xcA,phoenix
https://www.ubereats.com/phoenix/food-delivery/cafe-zupas-1935-e-camelback-rd/c8vJs1kvTS6n9t2hYwj6tA,phoenix
https://www.ubereats.com/phoenix/food-delivery/burger-king-665-e-baseline-rd/CPQfqmG7Tti1wYOp6Qj0fQ,phoenix
https://www.ubereats.com/phoenix/food-delivery/ingallinas-box-lunch/tfh6l00tRk28HUW8Qb5eyA,phoenix
https://www.ubereats.com/phoenix/food-delivery/don-chuys-mexican-grill/W-Ey7-VuTF2Yi5NtzM9ARQ,phoenix
https://www.ubereats.com/phoenix/food-delivery/cucara-macara/HDrvpLjfStSz-Ie0HaTzaw,phoenix
https://www.ubereats.com/phoenix/food-delivery/jack-in-the-box-2202-e-indian-school-rd/Cik0PdOYTNCTUlREVLmRZw,phoenix
https://www.ubereats.com/phoenix/food-delivery/paradise-hawaiian-bbq/eXpm1NCzQTmTprRiZZFOvQ,phoenix
https://www.ubereats.com/phoenix/food-delivery/a-simple-bowl/hh3YOJXvSzGPIwjtE3OkAg,phoenix
https://www.ubereats.com/phoenix/food-delivery/pita-jungle-uptown/Pg3PdVzvQJ-WuR-8dMpsgQ,phoenix
https://www.ubereats.com/phoenix/food-delivery/dunkin-2420-w-bethany-home-rd/LwlluybSTy2JHXW_W3jrBQ,phoenix
https://www.ubereats.com/phoenix/food-delivery/el-tiburon-tacos-y-mariscos/dr8R3fstQb2AfzASOwhJWw,phoenix
https://www.ubereats.com/phoenix/food-delivery/the-drag-taco/aGRZ_RhPTlKPYWf_xTm9wA,phoenix
https://www.ubereats.com/phoenix/food-delivery/quiznos-cave-creek-%26-rose-garden/i_RDUiNgQbiZBvBX7wcN2w,phoenix
https://www.ubereats.com/phoenix/food-delivery/el-pollo-loco-5009-w-mcdowell-road3755/T80gZBTwTeO7HyCA9OA9Cg,phoenix
https://www.ubereats.com/phoenix/food-delivery/bevvy-uptown/to35xqsLQhKo9mAdKmXlPg,phoenix
https://www.ubereats.com/phoenix/food-delivery/nook-kitchen/hEjY0aYtRfmRd6OEX_EuDQ,phoenix
https://www.ubereats.com/phoenix/food-delivery/rallys-1345-west-camelback-rd/_jM7uJX-SnG1EV7PN3iSDg,phoenix
https://www.ubereats.com/phoenix/food-delivery/mcdonalds-pinnacle-peak-%26-39th-ave/0V3lLjWKTJ-ko6uNSfey1g,phoenix
https://www.ubereats.com/phoenix/food-delivery/la-consentida/5ZU_YIlcR4WT_7z0m6UA3w,phoenix
https://www.ubereats.com/phoenix/food-delivery/break-room-bar-and-grill/mew5wpVHRquSn7gcQXlU0A,phoenix
https://www.ubereats.com/phoenix/food-delivery/south-mountain-cafe/C7fALpQPTHaoRefYsWFgIQ,phoenix
https://www.ubereats.com/phoenix/food-delivery/the-ice-cream-shop/a4hrvhemROKz77-0rDZdsg,phoenix
https://www.ubereats.com/phoenix/food-delivery/federal-pizza/-up_5DckQHKV2y0wG7paow,phoenix
https://www.ubereats.com/phoenix/food-delivery/jack-in-the-box-6120-s-35th-ave/xnKkHGnES2qb4_7W1URQuA,phoenix
https://www.ubereats.com/phoenix/food-delivery/mcdonalds-24th-st-%26-osborn/Hs2W2-zARdKbpDZLY6XDww,phoenix
https://www.ubereats.com/phoenix/food-delivery/del-taco-1628-n-44th-st/ws16j_fMQ9qMTLGwBzXIoQ,phoenix
https://www.ubereats.com/phoenix/food-delivery/pt-noodles/WPHWB5RYTv2gjgVDao_okQ,phoenix
https://www.ubereats.com/phoenix/food-delivery/the-liberty-kitchen/Obhqp6VNQ8akn-E7W4tCIw,phoenix
https://www.ubereats.com/phoenix/food-delivery/papa-johns-4501-e-thomas/xV_hYKBPTWybaZJpntCWCg,phoenix
https://www.ubereats.com/phoenix/food-delivery/miracle-mile-deli/BtUr8cUiTbCVsdLBqtL-Ww,phoenix
https://www.ubereats.com/phoenix/food-delivery/streets-of-new-york-pizza/SyjUHuDATeaDUh3CU80M6w,phoenix
https://www.ubereats.com/phoenix/food-delivery/burger-king-33100-n-north-valley-pkwy/xmGIOFFrRaKXWM5-fs5wBA,phoenix
https://www.ubereats.com/phoenix/food-delivery/postino-arcadia/x-dizEohRwqKLByBPX8gGw,phoenix
https://www.ubereats.com/phoenix/food-delivery/the-ice-cream-shop/gpwWhSKWS46BSVNY2AdHMg,phoenix
https://www.ubereats.com/phoenix/food-delivery/chipotle-mexican-grill-2415-e-baseline-rd-ste-111/ON-V1AGMTU2V7FdUin81jA,phoenix
https://www.ubereats.com/phoenix/food-delivery/jack-in-the-box-5959-west-baseline-rd/wL1nqa7cT9mq_cF0hYkdew,phoenix
https://www.ubereats.com/phoenix/food-delivery/churchs-chicken-7444-s-central-ave/tS6vLzNpTG6rN6UY7QYo2Q,phoenix
https://www.ubereats.com/phoenix/food-delivery/baiz-market/OrQktJwuRKGCS8NMipDa8w,phoenix
https://www.ubereats.com/phoenix/food-delivery/mcdonalds-bethany-home-%26-23rd-ave/XoCZ2IyjT4qucHvl38kJTg,phoenix
https://www.ubereats.com/phoenix/food-delivery/stacys-off-da-hook-bbq-and-soul-food/XcJeKOUcQ265hdWWsiKwxw,phoenix
https://www.ubereats.com/phoenix/food-delivery/subway-3120-w-carefree-hwy/rPzoXovFSHupGnY2TiM6xg,phoenix
https://www.ubereats.com/phoenix/food-delivery/the-porch/naECj_3jSSy0W7xbAD2c1g,phoenix
https://www.ubereats.com/phoenix/food-delivery/fatburger-%26-buffalos-express-28255-n-tatum-blvd/eFIHiBlrQBy1VCdqkiY2mg,phoenix
https://www.ubereats.com/phoenix/food-delivery/taco-bell-1220-north-51st-ave/-c6rVQDCT8C_RnuUJVuIeg,phoenix
https://www.ubereats.com/phoenix/food-delivery/yogis-grill-s-59th/qlBCj6qAQrW-MRYPsflBJA,phoenix
https://www.ubereats.com/phoenix/food-delivery/dennys-4121-w-anthem-way/KMnOS-BATtSDtQrWfBZAbg,phoenix
https://www.ubereats.com/phoenix/food-delivery/the-kettle-black-kitchen-%26-pub/jl7Ua-d6T6qqUreTeyB1HQ,phoenix
https://www.ubereats.com/phoenix/food-delivery/mcdonalds-48th-st-%26-southern/jD4_mrlBTTaCtRPE0ySe5w,phoenix
https://www.ubereats.com/phoenix/food-delivery/comoncy-phoenix/VInSgn78QEKm4CBQMKLIHA,phoenix
https://www.ubereats.com/phoenix/food-delivery/la-pasadita-hot-dogs-46-ave/9AGhTUk7S4aiIER_0ZOj-Q,phoenix
https://www.ubereats.com/phoenix/food-delivery/samurai-sams/eUhnmc4bTtSRFv_NZYUtEg,phoenix
https://www.ubereats.com/phoenix/food-delivery/carls-jr-2501-w-happy-valley-%2347/CAEIqyMERRagKO4qhzts2A,phoenix
https://www.ubereats.com/phoenix/food-delivery/sonic-4740-e-baseline-road/Uj7qgt59QuGAAT6F8xURZQ,phoenix
https://www.ubereats.com/phoenix/food-delivery/summit-diner/kwtv1JAEQ9C-6L6MoZKKvw,phoenix
https://www.ubereats.com/phoenix/food-delivery/sams-diner-to-go/ojNn0B6xSv-unmq9BBgL9Q,phoenix
https://www.ubereats.com/phoenix/food-delivery/central-baking-company/pm-ozFiSSgWXFkmv7zXD0w,phoenix
https://www.ubereats.com/phoenix/food-delivery/the-lope-house/yR24LLUDR_2R7p8C2a6GDA,phoenix
https://www.ubereats.com/phoenix/food-delivery/5-%26-diner-16th-st-%26-colter/t_Qd4sauS6S1k70yorVn9g,phoenix
https://www.ubereats.com/phoenix/food-delivery/taco-bell-1802-south-7th-street/xXzk_VW0QMeeEWCAGfayNg,phoenix
https://www.ubereats.com/phoenix/food-delivery/five-guys-az-0629-2340-east-baseline-rd/new_hO8ZSla_WaaSZhLR5g,phoenix
https://www.ubereats.com/phoenix/food-delivery/lennys-burger-central-%26-thomas/lvEiYsUXTpKA7fOD0xeObw,phoenix
https://www.ubereats.com/phoenix/food-delivery/wendys-2225-w-camelback-rd/9T9amFaTRGKsf2nj9ri5pg,phoenix
https://www.ubereats.com/phoenix/food-delivery/windsor/nQhQkQcjR5qL4qCw5VgHkg,phoenix
https://www.ubereats.com/phoenix/food-delivery/filibertos-mexican-food-6030-n-35th-ave/o2WKL9eNRwSxyY9gG_Bzow,phoenix
https://www.ubereats.com/phoenix/food-delivery/imperio-667/NC4h5bNRTtWw3AnN7ypfAQ,phoenix
https://www.ubereats.com/phoenix/food-delivery/dunkin-1909-w-baseline-rd/smjqntzvSHGl6ZZtMuNrIA,phoenix
https://www.ubereats.com/phoenix/food-delivery/jack-in-the-box-3545-e-thomas-rd/R02MDLP7QU6U8ers33bKyg,phoenix
https://www.ubereats.com/phoenix/food-delivery/carls-jr-1202-n-51st-ave/qEWBpjGYQ2e6kQr8jgbCag,phoenix
https://www.ubereats.com/phoenix/food-delivery/taqueria-la-korita/Nkz4y9eDRf2jselDWmhqKQ,phoenix
https://www.ubereats.com/phoenix/food-delivery/laveen-water-n-ice/77ug_df-T7e0Z9QVnd6ooA,phoenix
https://www.ubereats.com/phoenix/food-delivery/mod-pizza-44th-%26-indian/TQL8oykBSYylKYUCgjVu7Q,phoenix
https://www.ubereats.com/phoenix/food-delivery/crazy-jims-15th-avenue/-hf6XUvcQ4u7zYqnZffvAA,phoenix
https://www.ubereats.com/phoenix/food-delivery/stock-%26-stable/sNtsUkiSQ6GsHdsPi2nkfw,phoenix
https://www.ubereats.com/phoenix/food-delivery/over-easy-camelback-%26-24th/vgOdFGCAQKeZX0IgfjpEaQ,phoenix
https://www.ubereats.com/phoenix/food-delivery/pf-changs-2420-w-happy-valley-rd/BVXmjM_HSE6MRrDA5hnFmg,phoenix
https://www.ubereats.com/phoenix/food-delivery/culichitown/H-xkB5cLSXSJftZDVh_QzQ,phoenix
https://www.ubereats.com/phoenix/food-delivery/taco-bell-3502-w-van-buren/jN7msKHgSfW8fc3BgwrtWA,phoenix
https://www.ubereats.com/phoenix/food-delivery/thai-chili-2-go-camelback/idJRVrs5RFi9ndBaj1Kn7Q,phoenix
https://www.ubereats.com/phoenix/food-delivery/del-taco-305-e-thomas-rd/6na7jSzySTSnEIyLp7-iig,phoenix
https://www.ubereats.com/phoenix/food-delivery/mellow-mushroom-2490-w-happy-valley-rd/TGtG2q2jTHKojTTwAFSuaA,phoenix
https://www.ubereats.com/phoenix/food-delivery/bad-ass-breakfast-burritos-downtown-phoenix/GNcHff2sT-OBD4zFylZwbw,phoenix
https://www.ubereats.com/phoenix/food-delivery/bosa-donuts-35th-ave-%26-southern/PuIuvsOYSBGy3f0oP3RDpA,phoenix
https://www.ubereats.com/phoenix/food-delivery/tasty-chicken-wings/6bVw3BIlRAee7o6qG3nRjw,phoenix
https://www.ubereats.com/phoenix/food-delivery/el-centro-cocina-callejera/RjwQfKIkQDOkw-CzfD8AxQ,phoenix
https://www.ubereats.com/phoenix/food-delivery/the-edgemont/2rInKFqASf6Ekzx_Zbq4Ow,phoenix
https://www.ubereats.com/phoenix/food-delivery/red-robin-394-2501-w-happy-valley-rd/-DZngQv9TyuxqzSAucT_uA,phoenix
https://www.ubereats.com/phoenix/food-delivery/red-devil-italian-restaurant-central-phoenix/CaEo3qSiRPuyAAiFY9AUFA,phoenix
https://www.ubereats.com/phoenix/food-delivery/evans-on-van-buren/C5qUIPrtSrSe1Z7JvkolKA,phoenix
https://www.ubereats.com/phoenix/food-delivery/arbys-6850-n-35th-avenue/bNnR8Rh5Q2mTt4wXaYhOmg,phoenix
https://www.ubereats.com/phoenix/food-delivery/chavelas-water-%26-ice-cream-eatery/R-zqNJhXT2izWGWunGRl6Q,phoenix
https://www.ubereats.com/phoenix/food-delivery/tuck-shop-kitchen-%26-bar/G8PRiZB0Q_Cfb57Nj-Ejng,phoenix
https://www.ubereats.com/phoenix/food-delivery/sonic-drive-in-mcdowell/d47RFcD3TvCdJx16U7N-Dg,phoenix
https://www.ubereats.com/phoenix/food-delivery/stacys-at-melrose/2_7rtzdzQAekAOBJEg649w,phoenix
https://www.ubereats.com/phoenix/food-delivery/charlie-maes-soul-food/NShZVAxpQ4-II8yuY37SLw,phoenix
https://www.ubereats.com/phoenix/food-delivery/los-mexican-friends/dtB95TgzRHi4BByXBk6qSg,phoenix
https://www.ubereats.com/phoenix/food-delivery/limon-tacos-and-tequila/qehgbBbvQrmkN23DQkmhXA,phoenix
https://www.ubereats.com/phoenix/food-delivery/state-48-brewery-dtphx/Rey9dlmKRpi_U_Q1syBV7A,phoenix
https://www.ubereats.com/phoenix/food-delivery/jack-in-the-box-3455-w-mcdowell-rd/hfxV2NDaQyeRx290GptS7A,phoenix
https://www.ubereats.com/phoenix/food-delivery/breakfast-club-biltmore-phoenix/qoyIe9ahSWyjl-PopYQ3zg,phoenix
https://www.ubereats.com/phoenix/food-delivery/chipotle-mexican-grill-5355-e-carefree-hwy-bldg-e/Osuu11zWQuaQ2izrjOzecA,phoenix
https://www.ubereats.com/phoenix/food-delivery/sinbads/KRRhxxCJTwmgYfbmp0KabA,phoenix
https://www.ubereats.com/phoenix/food-delivery/smoothie-run-51st-ave-%26-southern/Ai0X1-5kTt-MoeYg_nvurw,phoenix
https://www.ubereats.com/phoenix/food-delivery/la-abuelita-mexican-food/X-MT9polREaF_248lQPO_A,phoenix
https://www.ubereats.com/phoenix/food-delivery/enchanted-cupcakes-and-more/o6hKnLGUR866cJeS9Eq9LQ,phoenix
https://www.ubereats.com/phoenix/food-delivery/chipotle-mexican-grill-3125-e-indian-school-rd-ste-101/vVYZZ7v1R9ujBXrauSX7_w,phoenix
https://www.ubereats.com/phoenix/food-delivery/churchs-chicken-2242-east-broadway/LfIt_6YRTLCkQweg_U6LLg,phoenix
https://www.ubereats.com/phoenix/food-delivery/taco-mich-%26-bar/NXOUCWHCQU6J3JiHKJxaXQ,phoenix
https://www.ubereats.com/phoenix/food-delivery/babbo-italian-eatery/POAEQAbKSvuV6H6Sa_2igg,phoenix
https://www.ubereats.com/phoenix/food-delivery/taco-chelo/ie1sQznqQpmh7WkaGN8vPQ,phoenix
https://www.ubereats.com/phoenix/food-delivery/lost-the-kettle-black-kitchen-%26-pub/0cpR2YfvSduWwZlW7CnUGg,phoenix
https://www.ubereats.com/phoenix/food-delivery/taco-bell-2450-e-indian-school-rd/F6GwOK4AShOJgtzz0WtcfA,phoenix
https://www.ubereats.com/phoenix/food-delivery/native-grill-%26-wings-baseline-%26-51st/jgTooWaqRiu6ErqEbuVZ3w,phoenix
https://www.ubereats.com/phoenix/food-delivery/dennys-1401-n-75th-ave/es8MOHkAREabJx3rIqMspw,phoenix
https://www.ubereats.com/phoenix/food-delivery/spicy!-chinese-yum!-yum!/9hVU-jzIQgSKHuKlYWEMTA,phoenix
https://www.ubereats.com/phoenix/food-delivery/desert-donuts/g7Ts7g5aQxG0xiIef2Vm1A,phoenix
https://www.ubereats.com/phoenix/food-delivery/arizona-sandwich-company-24th-street/gSFmQyZcQfi-AsP2oR_Ybg,phoenix
https://www.ubereats.com/phoenix/food-delivery/honey-bears-bbq-van-buren/v2KuiSCzQ8yxnbwUP7n7Ag,phoenix
https://www.ubereats.com/phoenix/food-delivery/stockyards-restaurant/nw0GN9udTSeQY7ncTu56iQ,phoenix
https://www.ubereats.com/phoenix/food-delivery/nekter-juice-bar-2730-w-dove-valley-road-suite-110/lOm-QNGyS1-f52HoGZcEHw,phoenix
https://www.ubereats.com/phoenix/food-delivery/no-glutes-about-it/K1M0VeMfStOZW5aYlan_3Q,phoenix
https://www.ubereats.com/phoenix/food-delivery/burger-king-1545-east-buckeye/eS6_Ns_xQ2a9UJCwFezl0g,phoenix
https://www.ubereats.com/phoenix/food-delivery/gyros-pita/omXkIm1dRFyEbDZK4Pfjfw,phoenix
https://www.ubereats.com/phoenix/food-delivery/mariscos-playa-hermosa/r02-vNBwSleYtuZWPyHcyg,phoenix
https://www.ubereats.com/phoenix/food-delivery/the-creek-patio-grill/NGRCwBsTSmmBXU09iQi50Q,phoenix
https://www.ubereats.com/phoenix/food-delivery/chipotle-mexican-grill-11-w-washington-st-ste-140/9Eb6E_EXRaSmP2aXfDkU8w,phoenix
https://www.ubereats.com/phoenix/food-delivery/burger-king-5055-west-southern-ave/vK6OysYjSjCzr635WG0clA,phoenix
https://www.ubereats.com/phoenix/food-delivery/sunup-brewing-company/lhZNxbV-QBCTiCvxjLaLhw,phoenix
https://www.ubereats.com/phoenix/food-delivery/froth-coffee-and-taphouse/qX8cXhplRiODLEpva2Ffew,phoenix
https://www.ubereats.com/phoenix/food-delivery/dunkin-2345-w-thomas-rd/JlCXHGw7ROSAQlKOms7BrA,phoenix
https://www.ubereats.com/phoenix/food-delivery/tasty-tangerine-food-truck/9d-q8kmrRiW_KN3fWs8RXA,phoenix
https://www.ubereats.com/phoenix/food-delivery/friends-gourmet-burgers-beer-and-wine/fIbBD3suT7marikFc7ix_g,phoenix
https://www.ubereats.com/phoenix/food-delivery/carls-jr-2750-w-thomas-road/ocouZoAuTtm-txnLSjgTcg,phoenix
https://www.ubereats.com/phoenix/food-delivery/casita-del-mar/CjChCQqpT92CNCyrE7dcww,phoenix
https://www.ubereats.com/phoenix/food-delivery/2601-on-central/vCabgpClQee0D3qn1bFvhw,phoenix
https://www.ubereats.com/phoenix/food-delivery/totally-baked-cookie-co-13th-ave-and-roosevelt-rd/XH5PHt0nQ-KatjI8_Ofabg,phoenix
https://www.ubereats.com/phoenix/food-delivery/ahipoki-bowl-phoenix/7SN1rEXJRTyHGQs827zP7w,phoenix
https://www.ubereats.com/phoenix/food-delivery/streets-of-new-york-6740-w-deer-valley-rd/7rJWG8mVRa2zrhxUHg8xTg,phoenix
https://www.ubereats.com/phoenix/food-delivery/churchs-chicken-1546-e-roosevelt/WqFNLXC2Tx22XZlcTzukzg,phoenix
https://www.ubereats.com/phoenix/food-delivery/paz-cantina-y-taqueira/kV0xe9e_Sx60_H59wC8AyA,phoenix
https://www.ubereats.com/phoenix/food-delivery/five-guys-az-0568-1515-north-7th-ave/RQxvo2pwRaKfnTCCP6ZYjg,phoenix
https://www.ubereats.com/phoenix/food-delivery/cool-vybz-jamaican-restaurant/b7fnqsCcShuyeMR4qmtp2A,phoenix
https://www.ubereats.com/phoenix/food-delivery/port-of-subs-635-e-indian-school-rd-suite-102/jEN4l3SlSlGGzSyX-IowFA,phoenix
https://www.ubereats.com/phoenix/food-delivery/tks-desert-dog/v1lpeXUORumNtQi1bnbzZg,phoenix
https://www.ubereats.com/phoenix/food-delivery/kiss-pollos-estilo-sinaloa/vlQfjkl4Sxu5rIRFio9uWw,phoenix
https://www.ubereats.com/phoenix/food-delivery/dairy-queen-treat-north-canyon-village-34455-n-27t/fens8yEPQAemA48Q1rqAhQ,phoenix
https://www.ubereats.com/phoenix/food-delivery/mcdonalds-thomas-%26-24th-ave/qZs63eo-Rm-07jL2NtEyuQ,phoenix
https://www.ubereats.com/phoenix/food-delivery/smashburger-2415-e-baseline-rd/XrqBKWffSFiExAf2UDkkHw,phoenix
https://www.ubereats.com/phoenix/food-delivery/boba-donuts/_CFdUsoySIKUOTygoqJLDg,phoenix
https://www.ubereats.com/phoenix/food-delivery/smashburger-1949-e-camelback-rd-%23164/N7mUrawfTcKyIjW07IPcWg,phoenix
https://www.ubereats.com/phoenix/food-delivery/auntie-annes-4250-anthem-way-f90/UYhRpPdcQxuXSToWisJysQ,phoenix
https://www.ubereats.com/phoenix/food-delivery/ahipoki-bowl-7th-ave/_3kQC1jFTCqj1RDMJ0HQtw,phoenix
https://www.ubereats.com/phoenix/food-delivery/wendys-2346-e-mcdowell/PedQg1yTQhirQYhtb02cuw,phoenix
https://www.ubereats.com/phoenix/food-delivery/scooptacular/MnMul1cESbGRL5o8_uCP5w,phoenix
https://www.ubereats.com/phoenix/food-delivery/taco-bell-4035-n-7th-ave/rV7THkOfTuWlreY2LmVcWA,phoenix
https://www.ubereats.com/phoenix/food-delivery/the-original-wineburger/oSW33Ug7TDCd5Tb-QV-G3w,phoenix
https://www.ubereats.com/phoenix/food-delivery/cafe-zupas-2510-w-happy-valley-rd/Odoc7RPZQHGz52qjsGYhOA,phoenix
https://www.ubereats.com/phoenix/food-delivery/pop-n-tea-bar/Hn0rObh5RSG4UqU5ryXe9Q,phoenix
https://www.ubereats.com/phoenix/food-delivery/honeys-southern-fried-catfish/-RIZn4RqSyq7q69uxpzWXw,phoenix
https://www.ubereats.com/phoenix/food-delivery/pita-jungle-desert-ridge/DmmmiK6TQXOpdc9UNcTOfw,phoenix
https://www.ubereats.com/phoenix/food-delivery/neveria-chayos/AoU0YP2ASaSuK5UrRpSY6w,phoenix
https://www.ubereats.com/phoenix/food-delivery/birrieria-obregon/3FcQkQr7TKaXza9COvHp7A,phoenix
https://www.ubereats.com/phoenix/food-delivery/tacos-frescos/2xv3Q46PSteZ94pnDOE4Aw,phoenix
https://www.ubereats.com/phoenix/food-delivery/thai-chili-2-go-north-phoenix/36QrbhmtRCyW_Tjs2sRAwg,phoenix
https://www.ubereats.com/phoenix/food-delivery/sports-grill/7hINmwaGTsKAeYm3joQ58w,phoenix
https://www.ubereats.com/phoenix/food-delivery/ihop-2103-w-happy-valley-rd/DEdM7GfNQBWW59wfHNLqXg,phoenix
https://www.ubereats.com/phoenix/food-delivery/rubios-540-w-mcdowell-rd/JMlYHfKKQj-MiBawAIfv5A,phoenix
https://www.ubereats.com/phoenix/food-delivery/az-deli-co/UAZoUwODSuS9Gy8mVSUYfA,phoenix
https://www.ubereats.com/phoenix/food-delivery/taco-head/4g-BMiwWQTybKH3oSOoRng,phoenix
https://www.ubereats.com/phoenix/food-delivery/the-habit-burger-grill-530-w-mcdowell-road/fhGNY15RT-2QlNWOo5NhiA,phoenix
https://www.ubereats.com/phoenix/food-delivery/milola/X9kHlSJIQlOwpAobDZG24A,phoenix
https://www.ubereats.com/phoenix/food-delivery/dennys-bethany-home-%26-35th-ave/xcOGKIrWQaKpK5nPT6qRHA,phoenix
https://www.ubereats.com/phoenix/food-delivery/hopdoddy-burger-bar-camelback/JtmnkDC0TH6v_AVuaYuqlg,phoenix
https://www.ubereats.com/phoenix/food-delivery/the-vig-arcadia-40th-st/VlZLUEz3SB2bLj-NylusOg,phoenix
https://www.ubereats.com/phoenix/food-delivery/rollover-doughnuts/k_qzdoFKS822TDOUbfO22g,phoenix
https://www.ubereats.com/phoenix/food-delivery/bumboyds-pizza-company/kzt-1GWUTfS5DmEgQ6VfGA,phoenix
https://www.ubereats.com/phoenix/food-delivery/taco-bell-725-w-southern-avenue/ZFrrddeaREOL458rXlJXfw,phoenix
https://www.ubereats.com/phoenix/food-delivery/mcdonalds-7th-ave-%26-van-buren/6OYVrFA4TEuOKNz0QhlQ7w,phoenix
https://www.ubereats.com/phoenix/food-delivery/tortas-paquime-26th-st-%26-mcdowell/XHKMyuj9SkiZqTNuNACJEw,phoenix
https://www.ubereats.com/phoenix/food-delivery/arbys-3826-e-thomas-rd/eUe813RXTCCsFiibtb9cAg,phoenix
https://www.ubereats.com/phoenix/food-delivery/capri-market-%26-deli-dba-the-ice-cream-shop/aecQPtbhTMCxyk6UixYp1w,phoenix
https://www.ubereats.com/phoenix/food-delivery/corner-bakery-cafe-455-n-3rd-st/qCWALlnbT6CQ_ovBzWL6Zw,phoenix
https://www.ubereats.com/phoenix/food-delivery/dillons-kc-bbq-59th-ave-%26-101/l975i60MTAG0x6LNuORJGA,phoenix
https://www.ubereats.com/phoenix/food-delivery/dennys-camelback-%26-7th-st/hQmE4IBIT7e5oB5lHo97lQ,phoenix
https://www.ubereats.com/phoenix/food-delivery/milk-run/HukEb3THT2idyGggG361IQ,phoenix
https://www.ubereats.com/phoenix/food-delivery/taqueria-el-vaporcito/hxqdUyZ9RNmFe4WoHPiK-w,phoenix
https://www.ubereats.com/phoenix/food-delivery/hooters-75th-ave-%26-thomas/SPGvnXG4RweYty4F9jMSJA,phoenix
https://www.ubereats.com/phoenix/food-delivery/papa-murphys-29455-north-cave-creek-road-suite-142/NHyBID-pTn-ekcnTQ7v0sQ,phoenix
https://www.ubereats.com/phoenix/food-delivery/federicos-mexican-food/bjqOKIsNRt-6nKTPiDKafA,phoenix
https://www.ubereats.com/phoenix/food-delivery/the-ice-cream-shop/qQgJJxRvTP-mCm8LnKQCfg,phoenix
https://www.ubereats.com/phoenix/food-delivery/churchs-chicken-3350-w-van-buren/TvWDAgf6R02Bly_oFqWZsA,phoenix
https://www.ubereats.com/phoenix/food-delivery/tom-cen-cafe/Wc90QCZJTCWAYrV-E0mwLQ,phoenix
https://www.ubereats.com/phoenix/food-delivery/jamba-juice-4811-n-16th-st-%23102/75RJDoXiS1u6M5CKDsnIJw,phoenix
https://www.ubereats.com/phoenix/food-delivery/jamba-juice-2370-happy-valley-rd-ste-1065/hIxBBrhRSC2GOEK2sEOZQA,phoenix
https://www.ubereats.com/phoenix/food-delivery/salsita-w-southern/18nQ6VkQTqW4FbU1LKAU6Q,phoenix
https://www.ubereats.com/phoenix/food-delivery/federicos-mexican-food-2240-w-indian/o5qhPa0RRLKqo13VTWluLw,phoenix
https://www.ubereats.com/phoenix/food-delivery/urban-phoenix/bx3zAf4VQWOiyqWmEOgWHg,phoenix
https://www.ubereats.com/phoenix/food-delivery/smashburger-5215-w-baseline-rd/LlU6rMrVRsSgQ_LIs7DlVg,phoenix
https://www.ubereats.com/phoenix/food-delivery/taco-boy/87-DbKnCTE6uL5rPRJmLvQ,phoenix
https://www.ubereats.com/phoenix/food-delivery/taco-bell-7233-s-51st-avenue/jqGG9W_xT8-4NMWSGN18LQ,phoenix
https://www.ubereats.com/phoenix/food-delivery/mels-melts/EwinocxqSmWUNYJ9BQlI1Q,phoenix
https://www.ubereats.com/phoenix/food-delivery/california-pizza-kitchen-2400-e-camelback-rd-ste-112/3cIBj93yS2ObmBDKewJ4yw,phoenix
https://www.ubereats.com/phoenix/food-delivery/rilibertos-tempe/ZUZsl11QT2G-cc9W9XmxEA,phoenix
https://www.ubereats.com/phoenix/food-delivery/figami-asian-fresh/xIpJxJFwSXCwP8xcMu8g2w,phoenix
https://www.ubereats.com/phoenix/food-delivery/rubios-2320-e-baseline-rd/yy0efeT5SNyYpGBNLenmvA,phoenix
https://www.ubereats.com/phoenix/food-delivery/short-leash-hot-dogs-camelback-%26-24th-st/ppcLJORDQ1ajkhHx__6zwQ,phoenix
https://www.ubereats.com/phoenix/food-delivery/mad-greens-phoenix-7th-ave-mcdowell/WfNFJ7e9TbyduIwXrV2V0Q,phoenix
https://www.ubereats.com/phoenix/food-delivery/the-dressing-room/QUgLuejTQP6FbnZV2YRqHQ,phoenix
https://www.ubereats.com/phoenix/food-delivery/mcdonalds-7th-st-%26-i-17/nd1F46pZSUKZ2LVpJnzbdg,phoenix
https://www.ubereats.com/phoenix/food-delivery/the-ice-cream-shop/DPjlZf0ERuWTLOAq_aXQPA,phoenix
https://www.ubereats.com/phoenix/food-delivery/huss-brewing-co-taproom-at-uptown-plaza/ry39wXRYSRqK9ymeXrUOkw,phoenix
https://www.ubereats.com/phoenix/food-delivery/sauce-pizza-%26-wine-w-happy-valley/MrntTj1TTOalsqLG2V5XLA,phoenix
https://www.ubereats.com/phoenix/food-delivery/smoakie-kitchen/YyBOS-TjRt-tE9_lRGuX_Q,phoenix
https://www.ubereats.com/phoenix/food-delivery/bosa-donuts-101-north-1st-avenue/0BiTTjahTPScxnTf5qzZug,phoenix
https://www.ubereats.com/phoenix/food-delivery/chipotle-mexican-grill-5130-w-baseline-rd-ste-105/rfZv8Us9Q--5i7RjgeBgZg,phoenix
https://www.ubereats.com/phoenix/food-delivery/tortas-paquime-31st-ave-%26-van-buren/8cMbS6wSRvWvW1EYqOxbLw,phoenix
https://www.ubereats.com/phoenix/food-delivery/the-ice-cream-shop/KoAVSqxwTh63lVo7iCWobw,phoenix
https://www.ubereats.com/phoenix/food-delivery/sauce-pizza-%26-wine-e-glendale/CHobcoj-TJyEl8tTIIXSBw,phoenix
https://www.ubereats.com/phoenix/food-delivery/the-duce/Y-dPwG1rTqulvFyo9HUXIw,phoenix
https://www.ubereats.com/phoenix/food-delivery/arizona-tender-and-tots/DuOd9EQjQnWMVxUQiHnyXA,phoenix
https://www.ubereats.com/phoenix/food-delivery/macaroni-grill-deer-valley-beardsley-%26-27th-ave/NzzHr98RQ7W3xKqUhHiV0Q,phoenix
https://www.ubereats.com/phoenix/food-delivery/omg-salad/IdEj8456SQyBkI19EBGWcA,phoenix
https://www.ubereats.com/phoenix/food-delivery/seamus-mccaffreys/rGQL-LM8QgKKdkXmTe99iQ,phoenix
https://www.ubereats.com/phoenix/food-delivery/jersey-mikes-subs-phoenix-2501-west-happy-valley-road/ZeFxWOxNRNSHV3t3XDIZVw,phoenix
https://www.ubereats.com/phoenix/food-delivery/burger-depot/EfsCkB1rTSO0kNiLUjj_mQ,phoenix
https://www.ubereats.com/phoenix/food-delivery/thai-recipe-bistro/kzDFhagCRfekMb0smTWbTw,phoenix
https://www.ubereats.com/phoenix/food-delivery/phat-philly-cheesesteaks/1ZlPgha0RqGQWQXYJKU4YA,phoenix
https://www.ubereats.com/phoenix/food-delivery/dennys-2525-w-deer-valley-rd/U_n7Dz9pRq27XyKB8zLgbQ,phoenix
https://www.ubereats.com/phoenix/food-delivery/charleys-philly-steaks-4250-w-anthem-way/5iznKULNQy68gVED6URwBA,phoenix
https://www.ubereats.com/phoenix/food-delivery/taco-bell-5825-s-35th-ave/67DsAx5NRHm0Gdr2ZuchTA,phoenix
https://www.ubereats.com/phoenix/food-delivery/chipotle-mexican-grill-2470-w-happy-valley-rd-ste-1181/y9HoRV6JQA2qbZF0kaU8jQ,phoenix
https://www.ubereats.com/phoenix/food-delivery/kneaders-bakery-%26-cafe-indian-school/WbdoV2DdRyStHaSDgDM8jQ,phoenix
https://www.ubereats.com/phoenix/food-delivery/taco-bell-3659-w-anthem-way/rq0H159HTPSYWOCJGXH2dA,phoenix
https://www.ubereats.com/phoenix/food-delivery/yogis-grill-1st-st-%26-washington/hhTrv27wT7av_k-mlNsSSw,phoenix
https://www.ubereats.com/phoenix/food-delivery/joyride-taco-house-central-%26-colter/SjjmZUDvS4S1rQp8sCeB8Q,phoenix
https://www.ubereats.com/phoenix/food-delivery/dunkin-2131-e-camelback-rd/UfQzMQdFRIm7zwnxdELRxQ,phoenix
https://www.ubereats.com/phoenix/food-delivery/pizza-people-pub/_arDAOeyRI-hnxDt2lARkA,phoenix
https://www.ubereats.com/phoenix/food-delivery/hard-rock-cafe-3-s-2nd-st/QLT0DZMbQBWLWYkBh6yNHg,phoenix
https://www.ubereats.com/phoenix/food-delivery/churchs-chicken-714-northwest-grand-avenue/9VL7E4rqQqylbH9MLdqiNg,phoenix
https://www.ubereats.com/phoenix/food-delivery/jack-in-the-box-132-w-mcdowell-rd/MOicHno2QEmGkJFjgi5i0Q,phoenix
https://www.ubereats.com/phoenix/food-delivery/mcdonalds-camelback-%26-27th-ave/l6_nkCwORQO7x_TQQPv4Yg,phoenix
https://www.ubereats.com/phoenix/food-delivery/urban-boba-tea-house/Vzz9eI8wTA6YcCMxmnl4Vw,phoenix
https://www.ubereats.com/phoenix/food-delivery/saint-nicks-tavern/T6l-5BIGT36eSqjeX5WJiw,phoenix
https://www.ubereats.com/phoenix/food-delivery/mcdonalds-baseline-%26-24th-st/w3cjy7HySLasM3M0AeO24g,phoenix
https://www.ubereats.com/phoenix/food-delivery/wendys-3422-west-anthem-way/FyrJMTiESpSp8fM3BMPM_A,phoenix
https://www.ubereats.com/phoenix/food-delivery/el-super-rancho/yeuw1b4FScqQl7HbhwcWFg,phoenix
https://www.ubereats.com/phoenix/food-delivery/jack-in-the-box-1833-w-van-buren-st/0XJUQADmR0-2qPmcM6seRw,phoenix
https://www.ubereats.com/phoenix/food-delivery/fresh-bite-foods/x4mbR9ptQb2ZGEt58_Sj5A,phoenix
https://www.ubereats.com/phoenix/food-delivery/bad-mutha-clucka-phoenix/8Ac-KQC9St2LwiUztdi4bQ,phoenix
https://www.ubereats.com/phoenix/food-delivery/dennys-latham-st-%26-67th-ave/F3IH860HS_q2C_Boxro2Bg,phoenix
https://www.ubereats.com/phoenix/food-delivery/filibertos-mexican-food-51st-ave-roosevelt/GOt29jMiSEmUwOHuT7K_bA,phoenix
https://www.ubereats.com/phoenix/food-delivery/noodles-%26-company-2805-wt-agua-fria-fwy-unit-8/JZl_dQvmSTGQaHEoLvkfwQ,phoenix
https://www.ubereats.com/phoenix/food-delivery/ammos-mediterranean-grill/V_rlHzM-RL6GXKx2r6wtAQ,phoenix
https://www.ubereats.com/phoenix/food-delivery/the-ice-cream-shop/-0Ohe16zR_-MURjLkXheeA,phoenix
https://www.ubereats.com/phoenix/food-delivery/bahama-bucks-7450-s-35th-ave/nUQS5hefQQ6pr0QCmbh5ig,phoenix
https://www.ubereats.com/phoenix/food-delivery/sip-coffee-and-beer-garage/pRSQp0BySXmuubdGwgLYQQ,phoenix
https://www.ubereats.com/phoenix/food-delivery/flint-by-baltaire/rcSTpUMnTJiS058pe8AG9g,phoenix
https://www.ubereats.com/phoenix/food-delivery/applebees-2547-n-44th-street/XyHl30hbQRy1PXxqAq5ZEQ,phoenix
https://www.ubereats.com/phoenix/food-delivery/dairy-queen-grill-%26-chill-7770-s-51st-ave/mVjo0RTjT5WXDvPFJX0LSA,phoenix
https://www.ubereats.com/phoenix/food-delivery/aldos-hot-wings/0xLXY4s7QIeY94vByM9njw,phoenix
https://www.ubereats.com/phoenix/food-delivery/dennys-2801-no-black-canyon/xEpPve2KSIeUk-ZiEmDtrg,phoenix
https://www.ubereats.com/phoenix/food-delivery/jersey-mikes-24920-north-lake-pleasant-parkway/WbeV-oKARlegpZqKujjpKw,phoenix
https://www.ubereats.com/phoenix/food-delivery/oscars-taco-shop-phoenix/sHJ5OWU9QwuJ8vS0n3FGyA,phoenix
https://www.ubereats.com/phoenix/food-delivery/the-old-spaghetti-factory-phoenix/M_gi4Q2HQcqVMmT2MzCmmg,phoenix
https://www.ubereats.com/phoenix/food-delivery/biscuits-cafe-67th/qAjZBrS9RKWdfjYDjT06_g,phoenix
https://www.ubereats.com/phoenix/food-delivery/taco-bell-4304-w-indian-school-rd/Mlek32AoQN-FHt4K55gl9g,phoenix
