url,city
https://www.ubereats.com/phoenix/food-delivery/the-breakfast-stand/bDQRil1BS4iy86kAWruSjA,scottsdale-arizona
https://www.ubereats.com/phoenix/food-delivery/shawarma-corner/75FPUNo4Sc2eMPjgMrL0KQ,scottsdale-arizona
https://www.ubereats.com/phoenix/food-delivery/original-chopshop-north-scottsdale/ftK4wKCpQTGykuCG68xLxQ,scottsdale-arizona
https://www.ubereats.com/phoenix/food-delivery/carls-jr-2002-n-country-club/2rrnP_IkSiaO-lu1mTuSRA,scottsdale-arizona
https://www.ubereats.com/phoenix/food-delivery/the-habit-burger-grill-16495-n-scottsdale-rd-suite-5b-1/p158MVW8QMixNYwokQgT7g,scottsdale-arizona
https://www.ubereats.com/phoenix/food-delivery/mcdonalds-pima-%26-union-hills/Rk5W-AJlQi6w8yPcBbzQVw,scottsdale-arizona
https://www.ubereats.com/phoenix/food-delivery/california-pizza-kitchen-10100-scottsdale-rd/eDi0jH-TSVGjSxrwULckfA,scottsdale-arizona
https://www.ubereats.com/phoenix/food-delivery/sophias-kitchen/tziWzYA7Q72rNr6CDurA8A,scottsdale-arizona
https://www.ubereats.com/phoenix/food-delivery/tocaya-organica-biltmore/RMKJnNr6SC2ue9XZs_9U8Q,scottsdale-arizona
https://www.ubereats.com/phoenix/food-delivery/spokes-on-southern/z22zzvHLTKyz_ZJK65caew,scottsdale-arizona
https://www.ubereats.com/phoenix/food-delivery/dennys-1994-w-baseline-rd/O7d6bUuuRL2y8LhwoH6rog,scottsdale-arizona
https://www.ubereats.com/phoenix/food-delivery/water-n-ice/V_g-XAXKSj2XoEdtUvFAug,scottsdale-arizona
https://www.ubereats.com/phoenix/food-delivery/gayossos-mexican-foods/Rn09hERrQ92Vba8jr2mqYQ,scottsdale-arizona
https://www.ubereats.com/phoenix/food-delivery/udupi-vegetarian-%26-vegan-restaurant/E9ZpbjcrRLiSAeBJtKQCEQ,scottsdale-arizona
https://www.ubereats.com/phoenix/food-delivery/the-loaded-bowl/y6N11IblTJ2g9TJJ-bWuKw,scottsdale-arizona
https://www.ubereats.com/phoenix/food-delivery/pita-jungle-frank-lloyd-wright/udlcr9rpSoqP-BdCisOQfA,scottsdale-arizona
https://www.ubereats.com/phoenix/food-delivery/press-coffee-roasters-scottsdale-quarter/NxQa09B_SEiSkrfXvPb4Tw,scottsdale-arizona
https://www.ubereats.com/phoenix/food-delivery/dairy-queen-treat-11219-e-via-linda/8S4fLOydRcunPM6iC0xo6g,scottsdale-arizona
https://www.ubereats.com/phoenix/food-delivery/zk-grill-greenway-%26-tatum/mw5es3LuRI2Jol6vyjidFA,scottsdale-arizona
https://www.ubereats.com/phoenix/food-delivery/jack-in-the-box-3150-e-washington-st/UJAwRPAzSyO1o-WSzPNL4A,scottsdale-arizona
https://www.ubereats.com/phoenix/food-delivery/az-kabob-house/9RjfhuK4RR22SbLqYYU2Qw,scottsdale-arizona
https://www.ubereats.com/phoenix/food-delivery/taco-bell-7847-e-mc-dowell-rd/3VapUelVTBOqkwRqulzYWQ,scottsdale-arizona
https://www.ubereats.com/phoenix/food-delivery/mcdonalds-indian-school-%26-hayden/DpNmBQlURn6SwaaZsxXwiA,scottsdale-arizona
https://www.ubereats.com/phoenix/food-delivery/jewels-bakery-%26-cafe-gluten-free/UVYO4k-7QZ6KRYblJg-XEA,scottsdale-arizona
https://www.ubereats.com/phoenix/food-delivery/fatburger-681-e-apache-blvd-%23103/9jiseP5WQXG8It9xeVHdrA,scottsdale-arizona
https://www.ubereats.com/phoenix/food-delivery/its-seoul-good/R80tDCVpQm6EPh5Pq6yEdA,scottsdale-arizona
https://www.ubereats.com/phoenix/food-delivery/taco-bell-29844-n-cave-creek-rd/3kH8CiP1TyOv8eTRPF7M4g,scottsdale-arizona
https://www.ubereats.com/phoenix/food-delivery/oscars-taco-shop-scottsdale/-0vCGpcGRR-3z1YKJ-pafQ,scottsdale-arizona
https://www.ubereats.com/phoenix/food-delivery/smashburger-21001-n-tatum-blvd/UAvQ7s2ESnm-FAbDmuVdMw,scottsdale-arizona
https://www.ubereats.com/phoenix/food-delivery/hooties-burger-bar-8909-talking-stick-way/-p0JRqFxSmunqttS9s2MEA,scottsdale-arizona
https://www.ubereats.com/phoenix/food-delivery/park-one-cafe/R9mk5gmjQryAGAhVmUnw8A,scottsdale-arizona
https://www.ubereats.com/phoenix/food-delivery/taco-bell-9059-e-indian-bend-rd/hlj33ZOzSNuNpe2F9vo24w,scottsdale-arizona
https://www.ubereats.com/phoenix/food-delivery/maskadores-taco-shop-scottsdale/5bDUE24PQweuCfNs-cikbQ,scottsdale-arizona
https://www.ubereats.com/phoenix/food-delivery/helping-cafe/o93lRv_SR5uY_KrBChFYbA,scottsdale-arizona
https://www.ubereats.com/phoenix/food-delivery/croque-famous-sandwiches/JPNp3BBDQ1yyNWXHRGyU1A,scottsdale-arizona
https://www.ubereats.com/phoenix/food-delivery/phoenix-pizza-co/ftMovFa5RTuZumhXiEdTQw,scottsdale-arizona
https://www.ubereats.com/phoenix/food-delivery/original-chopshop-tempe/jSZqNjLrR7OtHx-7IxzFfQ,scottsdale-arizona
https://www.ubereats.com/phoenix/food-delivery/taco-bell-1215-e-mckellips-rd/kb6EF0QDRFOrutDH0wigqw,scottsdale-arizona
https://www.ubereats.com/phoenix/food-delivery/waba-grill-505-n-scottsdale-tempe/dUWyR1u_Tq-gKqHiDI9Qug,scottsdale-arizona
https://www.ubereats.com/phoenix/food-delivery/nori-sushi-%26-asian-dining/P_r_lSC4RnGukcxtpjoLjQ,scottsdale-arizona
https://www.ubereats.com/phoenix/food-delivery/doobie-musubi/WgKHiSRCQlSnosGPIqPL9g,scottsdale-arizona
https://www.ubereats.com/phoenix/food-delivery/pita-jungle-arcadia/SIWJ-DEzSv20h_pSnSwhWg,scottsdale-arizona
https://www.ubereats.com/phoenix/food-delivery/pita-university/pjRTB06TQPuFi4gzotrn0g,scottsdale-arizona
https://www.ubereats.com/phoenix/food-delivery/medfresh-grill/4NI19KnNQkSMMJPN7eNTiQ,scottsdale-arizona
https://www.ubereats.com/phoenix/food-delivery/pitadale/n5eiNRbmQeSntBkKkhYokQ,scottsdale-arizona
https://www.ubereats.com/phoenix/food-delivery/dimas-tacos/2A53X6sgS7SH1CNjZpN2gw,scottsdale-arizona
https://www.ubereats.com/phoenix/food-delivery/speedy-street-tacos/xJzxhnYFS2iuJEqaw-UKjg,scottsdale-arizona
https://www.ubereats.com/phoenix/food-delivery/docktails-tacos-%26-cocktails/TlOegGAUQIutBKRVmuTy0w,scottsdale-arizona
https://www.ubereats.com/phoenix/food-delivery/amici-mrketplace/mBbFLcvGR9ejDj5_Mj-fTA,scottsdale-arizona
https://www.ubereats.com/phoenix/food-delivery/rinaldis-italian-deli-scottsdale/wsJvE1ehROWUi6DqsrIfJQ,scottsdale-arizona
https://www.ubereats.com/phoenix/food-delivery/nashs-hot-chicken-tender-and-sandwiches/c6pjMd3iSPy91UktCU_fhg,scottsdale-arizona
https://www.ubereats.com/phoenix/food-delivery/thai-basil-signature-pinnacle-peak-%26-miller/LhXQ_6s8S0mXAAkt6xmUTA,scottsdale-arizona
https://www.ubereats.com/phoenix/food-delivery/nirvana-indian-cuisine/ATlSbgjtSniQmAcLt_Lepg,scottsdale-arizona
https://www.ubereats.com/phoenix/food-delivery/eat-by-stacey-weber/cpuFku1CQB2PJIzgg-LHHA,scottsdale-arizona
https://www.ubereats.com/phoenix/food-delivery/city-market-deli-dobson-%26-talking-stick/D2sjm2HYT1Kakj62FRy5FA,scottsdale-arizona
https://www.ubereats.com/phoenix/food-delivery/samurai-sams-4801-e-washington-st/TzFj-iwOSausH9ifg12f7Q,scottsdale-arizona
https://www.ubereats.com/phoenix/food-delivery/subway-20553-north-hayden-rd/MLV5Ztj4RA-HakNFKJsHgg,scottsdale-arizona
https://www.ubereats.com/phoenix/food-delivery/copper-mule-kitchen-%26-bar/mlpvkg_rSNuW9XSb74jIjQ,scottsdale-arizona
https://www.ubereats.com/phoenix/food-delivery/pasto-di-forno/juztAtmHRsC0H7B0Taiaaw,scottsdale-arizona
https://www.ubereats.com/phoenix/food-delivery/bawarchi-indian-cuisine/TP6H5sACSIKjmUbrkmLvGw,scottsdale-arizona
https://www.ubereats.com/phoenix/food-delivery/nakedq-scottsdale/EK66qhYOSVuk0W2w17Jjng,scottsdale-arizona
https://www.ubereats.com/phoenix/food-delivery/berdenas/KDzczamDSW65OJ_t8mMQVw,scottsdale-arizona
https://www.ubereats.com/phoenix/food-delivery/zinque-scottsdale/aZJizcwsQd-IH7CIGLxDlA,scottsdale-arizona
https://www.ubereats.com/phoenix/food-delivery/detroit-coney-grill-broadway-%26-hardy/oY1CzOQ4SyGNTch1jVSlSg,scottsdale-arizona
https://www.ubereats.com/phoenix/food-delivery/burrito-express/ZLn3lqfDQ2-GF-aOhNNdvQ,scottsdale-arizona
https://www.ubereats.com/phoenix/food-delivery/dominicks-steakhouse/l05ubVE7RkeZ1MEKcH0bdw,scottsdale-arizona
https://www.ubereats.com/phoenix/food-delivery/burrito-express/ZYfPDCr6RwKcK-fzxa7euw,scottsdale-arizona
https://www.ubereats.com/phoenix/food-delivery/saigon-jade-restaurant/r-9RkBGuTB6s8FPLvozong,scottsdale-arizona
https://www.ubereats.com/phoenix/food-delivery/pita-jungle-scottsdale-shea/aXL01FBVTCCtaaVuD_wkrA,scottsdale-arizona
https://www.ubereats.com/phoenix/food-delivery/smashburger-2000-e-rio-salado-pkwy-ste-1155/GZf6Pie-RoC49a0usbn0-g,scottsdale-arizona
https://www.ubereats.com/phoenix/food-delivery/sel-restaurant/HPpmTCseSqyJ_9TN0cB3bw,scottsdale-arizona
https://www.ubereats.com/phoenix/food-delivery/arizona-bbq-shack/Lo5TW3WMTXqQ8DGt5np5Vw,scottsdale-arizona
https://www.ubereats.com/phoenix/food-delivery/farm-%26-craft/-ZxyBeB0SUGla4n10Gm5lA,scottsdale-arizona
https://www.ubereats.com/phoenix/food-delivery/blacklabel-wings/lMkwyoEsR5Og4z3PnM11VA,scottsdale-arizona
https://www.ubereats.com/phoenix/food-delivery/papa-johns-7001-n-scottsdale/R9MDLRK8Qyylj7BhX8PtYA,scottsdale-arizona
https://www.ubereats.com/phoenix/food-delivery/chipotle-mexican-grill-1038-s-mill-ave/NhwgjcwjQYqWUJdpIi_crA,scottsdale-arizona
https://www.ubereats.com/phoenix/food-delivery/sip-coffee-and-beer-house/b-nCHYzWQSSGd-NgshTUug,scottsdale-arizona
https://www.ubereats.com/phoenix/food-delivery/pokeworks-4747-e-bell-rd/M7-t-hwRRVm1d-GxU2oEgA,scottsdale-arizona
https://www.ubereats.com/phoenix/food-delivery/blimpie-9120-e-talking-stick-way-ste-e5-6/qrkNwORbS8itIutATDb5Hg,scottsdale-arizona
https://www.ubereats.com/phoenix/food-delivery/just-tacos-and-more/HdshDWjBQyKcCee-2dCnQg,scottsdale-arizona
https://www.ubereats.com/phoenix/food-delivery/the-muffin-girl/O18xVPHWT2aO9hwy60npZA,scottsdale-arizona
https://www.ubereats.com/phoenix/food-delivery/taco-bell-11072-no-frank-lloyd-wright/VyxrIILmRQqUrKcPtM1JGA,scottsdale-arizona
https://www.ubereats.com/phoenix/food-delivery/village-tavern-scottsdale/io5pGX6jRZ6UXupjhSdTew,scottsdale-arizona
https://www.ubereats.com/phoenix/food-delivery/el-paisano-restaurant-at-the-rise/V8_ru3YIS0-0fJjws5zImA,scottsdale-arizona
https://www.ubereats.com/phoenix/food-delivery/subway-7000-e-mayo-blvd/YZti6MOcSrmUOkxwut1r8w,scottsdale-arizona
https://www.ubereats.com/phoenix/food-delivery/thirsty-dog-2-go-tempe/JkWloN34R9GKJaWmJ7Q9Vg,scottsdale-arizona
https://www.ubereats.com/phoenix/food-delivery/board-%26-brew-tempe/2cM17UQpTs6rHEhl2SKKCg,scottsdale-arizona
https://www.ubereats.com/phoenix/food-delivery/food-n-things-deli-and-more/6ci2GCU9TZqXokGac4ZPcw,scottsdale-arizona
https://www.ubereats.com/phoenix/food-delivery/ristorante-portar-via/xgW64IBnTnCaYWAlSr7IeQ,scottsdale-arizona
https://www.ubereats.com/phoenix/food-delivery/carls-jr-2342-e-thomas-rd/LlXLVQR9T6GdKwqw7q9mKw,scottsdale-arizona
https://www.ubereats.com/phoenix/food-delivery/first-watch-hayden-peak/Z4KUDPtLQkqEOZiJarsWUA,scottsdale-arizona
https://www.ubereats.com/phoenix/food-delivery/taco-bell-855-w-baseline/0MBjx_uHRlmziW4NTt0N0Q,scottsdale-arizona
https://www.ubereats.com/phoenix/food-delivery/hand-cut-burgers-%26-chophouse-scottsdale/-qYuqv9FRO6ED4b8PwqCow,scottsdale-arizona
https://www.ubereats.com/phoenix/food-delivery/taco-bell-917-n-dobson-rd/zMpHlA40S-qBaptw4x7f4A,scottsdale-arizona
https://www.ubereats.com/phoenix/food-delivery/the-hot-italian/Hzw8DnZaTMmiPR3RoTVH7w,scottsdale-arizona
https://www.ubereats.com/phoenix/food-delivery/ajo-als-mexican-cafe-1900-east-5th-st/B-bkGZILR0mYV4eusCzV4g,scottsdale-arizona
https://www.ubereats.com/phoenix/food-delivery/krispy-kreme-bell-%26-36th-st/oZpjdTtqQbyH2nCoTg1ddw,scottsdale-arizona
https://www.ubereats.com/phoenix/food-delivery/starbucks-8912-e-pinnacle-peak-rd/kAwDgvOFQ-KP-ryA_vjSWA,scottsdale-arizona
https://www.ubereats.com/phoenix/food-delivery/china-jade/5lpPDnpWQUCfksFV2gdqeQ,scottsdale-arizona
https://www.ubereats.com/phoenix/food-delivery/jack-in-the-box-2145-e-university-dr/pUz5bg2CSk-aa47ZM7YPDg,scottsdale-arizona
https://www.ubereats.com/phoenix/food-delivery/charleys-philly-steaks-scottsdale-fashion-square/AaGxmwvWQW6GqgbU0EI_yw,scottsdale-arizona
https://www.ubereats.com/phoenix/food-delivery/squarz-bakery-%26-cafe/zJF7aY2GQsmHQw8qSG4GNg,scottsdale-arizona
https://www.ubereats.com/phoenix/food-delivery/taco-bell-10130-north-90th-street/woq4SscfTyWmYEY26WYZhA,scottsdale-arizona
https://www.ubereats.com/phoenix/food-delivery/poke-bar-7000-e-mayo-blvd/-eJmU1V7TRi5wgLVxl0j9A,scottsdale-arizona
https://www.ubereats.com/phoenix/food-delivery/carne-asada/w7dlEDjKR-SbVbl5MJVFIg,scottsdale-arizona
https://www.ubereats.com/phoenix/food-delivery/mastros-steakhouse-8852-east-pinnacle-peak/e-X75opuSVWWvSc_KVUsZQ,scottsdale-arizona
https://www.ubereats.com/phoenix/food-delivery/los-armandos-mexican-food-thomas-%26-48th-st/7cxjJ6ZsTu6oElTH3D6hfQ,scottsdale-arizona
https://www.ubereats.com/phoenix/food-delivery/outback-steakhouse-7000-east-mayo-boulevard-%2324/SFLqPROQTjGNgm7O3WdKWQ,scottsdale-arizona
https://www.ubereats.com/phoenix/food-delivery/potbelly-sandwich-shop-scottsdale-%7C-296/cx8ZASt8RFilEDjlYonqEA,scottsdale-arizona
https://www.ubereats.com/phoenix/food-delivery/tikka-shack-phoenix/KtMeqyZyQCCZFe6-EtILtw,scottsdale-arizona
https://www.ubereats.com/phoenix/food-delivery/citizen-public-house/YYaC-SoPTgiYclRVC2ZfeA,scottsdale-arizona
https://www.ubereats.com/phoenix/food-delivery/four-peaks-brewing-co-hayden-%26-frank-lloyd-wright/2T6LODa-SGilSVzvTF6uRQ,scottsdale-arizona
https://www.ubereats.com/phoenix/food-delivery/mr-mesquite-taqueria-phoenix/CfFv6zt_TFy_HD1Ag_z0Lg,scottsdale-arizona
https://www.ubereats.com/phoenix/food-delivery/dickeys-bbq-pit-521-s-college-avenue-suite-9/eEmu8wMfQweBU9lEWsiWDA,scottsdale-arizona
https://www.ubereats.com/phoenix/food-delivery/white-castle-%40-kitchen-united-mix-7127-east-shea-blvd/gmdTLXgCROy6r09mo9XcVg,scottsdale-arizona
https://www.ubereats.com/phoenix/food-delivery/the-tasty-touch-flavors-of-india/TBdv71WoS6i8oIekW0BCKg,scottsdale-arizona
https://www.ubereats.com/phoenix/food-delivery/chipotle-mexican-grill-4622-e-cactus-rd/xkzIthG5QUa3lZE6EI0HIQ,scottsdale-arizona
https://www.ubereats.com/phoenix/food-delivery/mr-mesquite-street-tacos-shoeman-%26-wells-fargo/7UdHfB3ZRIqMN6oiisq7jg,scottsdale-arizona
https://www.ubereats.com/phoenix/food-delivery/the-living-room-wine-cafe-%26-lounge-scottsdale-gainey-village/3huVHVN3TOO8n6Q0_eELTQ,scottsdale-arizona
https://www.ubereats.com/phoenix/food-delivery/jojo-coffeehouse/27YIryKPTDWwLF8YRnIoAQ,scottsdale-arizona
https://www.ubereats.com/phoenix/food-delivery/ahipoki-bowl-tempe/x_4dESF4RRC-wsrpR8BPng,scottsdale-arizona
https://www.ubereats.com/phoenix/food-delivery/grayhawk-beer-co/Jq8krq6SQpewjFFbwGtzrw,scottsdale-arizona
https://www.ubereats.com/phoenix/food-delivery/bosa-donuts-indian-school/Ocokm9aiTH-bJTmZHxjd7w,scottsdale-arizona
https://www.ubereats.com/phoenix/food-delivery/city-market-deli-dobson-rd/MnvuaOIxQOWYO35NkJLsGA,scottsdale-arizona
https://www.ubereats.com/phoenix/food-delivery/scapegoat-beer-and-wine/PxitQwvTSc6OR9nNLpdiTw,scottsdale-arizona
https://www.ubereats.com/phoenix/food-delivery/creamistry-camelback-%26-scottsdale/FuVZxzBSS3mPEJ0j1H4MVg,scottsdale-arizona
https://www.ubereats.com/phoenix/food-delivery/arbys-7350-e-mcdowell-road/6IaO6WHeRv6HVCxvCerhjw,scottsdale-arizona
https://www.ubereats.com/phoenix/food-delivery/alien-donuts/slfk8_USTbSB2xTBvvc4Rg,scottsdale-arizona
https://www.ubereats.com/phoenix/food-delivery/chipotle-mexican-grill-4705-e-broadway-rd/wzNgPyHoTAaPvobFnXDsZA,scottsdale-arizona
https://www.ubereats.com/phoenix/food-delivery/grabbagreen-north-phoenix/C1QgFqiBQQm0I1wJlfotvg,scottsdale-arizona
https://www.ubereats.com/phoenix/food-delivery/b*tch-dont-grill-my-cheese/nLq08YqbSPKE6MXWx7WFhg,scottsdale-arizona
https://www.ubereats.com/phoenix/food-delivery/tocaya-organica-scottsdale-fashion-square/stxcTd1lSg6EAMERBNapzw,scottsdale-arizona
https://www.ubereats.com/phoenix/food-delivery/burger-town/AMwrt1XoQcCkCcsKcg8h0Q,scottsdale-arizona
https://www.ubereats.com/phoenix/food-delivery/federicos-mexican-food-n-cave-creek/H5T-rvMlR-i7yiBXbDFPsA,scottsdale-arizona
https://www.ubereats.com/phoenix/food-delivery/haps-pit-barbecue/9QPskhQfTACIf7YXVxl7OA,scottsdale-arizona
https://www.ubereats.com/phoenix/food-delivery/potbelly-sandwich-shop-camelback-%7C-269/I-4-OJIpSu2NMxbJ4G0jDQ,scottsdale-arizona
https://www.ubereats.com/phoenix/food-delivery/the-greens-machine-salads-%26-wraps/pgSR4X3SQMKxkpgyH5w2gA,scottsdale-arizona
https://www.ubereats.com/phoenix/food-delivery/chipotle-mexican-grill-15035-n-thompson-peak-pkwy-ste-e101/LeXRHMBKTG2rpYn-gvi-9w,scottsdale-arizona
https://www.ubereats.com/phoenix/food-delivery/hooters-talking-stick-%26-pima/bdcyAR9FSfOMUVo9wsuRFw,scottsdale-arizona
https://www.ubereats.com/phoenix/food-delivery/stacked-up-grill/UxtSeFauSGSs-uaHJHTl4g,scottsdale-arizona
https://www.ubereats.com/phoenix/food-delivery/unbaked-edible-cookie-dough/LiiBuGuoTA6hpR_tcqpasA,scottsdale-arizona
https://www.ubereats.com/phoenix/food-delivery/ruths-chris-steak-house-7001-n-scottsdale-rd/eFrSEdFUTUq0igCiKEN9ZQ,scottsdale-arizona
https://www.ubereats.com/phoenix/food-delivery/blue-agave-mexican-cantina/gcWvqD0jR9Sx9lKZ93PCPA,scottsdale-arizona
https://www.ubereats.com/phoenix/food-delivery/grimaldis-scottsdale-quarter-type/HR-GaPiqTfWCRUyd0dOesg,scottsdale-arizona
https://www.ubereats.com/phoenix/food-delivery/panda-express-tatum-%26-deer-valley/IJGkLsYQRciMGL3x6QQDWA,scottsdale-arizona
https://www.ubereats.com/phoenix/food-delivery/bubble-bee/mAPfDp0CQou89_O5H-DtAQ,scottsdale-arizona
https://www.ubereats.com/phoenix/food-delivery/rnr-gastropub/T-XMrOmMS76rLcR88Rnmhw,scottsdale-arizona
https://www.ubereats.com/phoenix/food-delivery/burger-king-6737-east-thomas-road/OKnac9E9QUS4pDCo2-puIw,scottsdale-arizona
https://www.ubereats.com/phoenix/food-delivery/dlite-healthy-on-the-go-7337-e-shea-blvd/VvBQEhxFTh-yOy4-FxOvPg,scottsdale-arizona
https://www.ubereats.com/phoenix/food-delivery/bad-mutha-clucka-15257-n-scottsdale-rd/hMiVV8WQQi6m15WSPCKayw,scottsdale-arizona
https://www.ubereats.com/phoenix/food-delivery/original-chopshop-scottsdale/fXFJXqIIQxmDjn0FiVZcrw,scottsdale-arizona
https://www.ubereats.com/phoenix/food-delivery/forefathers/Zd8JOVH9RpOi6IoFLYUjIQ,scottsdale-arizona
https://www.ubereats.com/phoenix/food-delivery/taco-bell-352-e-brown-rd/_GVEmQN5TgmMkq5Qv3vxHg,scottsdale-arizona
https://www.ubereats.com/phoenix/food-delivery/carolines-country-fried-cafe/5atVFryORUKyRjh5bvMCVQ,scottsdale-arizona
https://www.ubereats.com/phoenix/food-delivery/pita-cafe-scottsdale-%26-pinnacle-peak/hUv2HUGlR5q8C_7pZIy62Q,scottsdale-arizona
https://www.ubereats.com/phoenix/food-delivery/stacys-off-da-hook/DcYmn5NSRO2B8KWI_2a_LA,scottsdale-arizona
https://www.ubereats.com/phoenix/food-delivery/rubios-4747-e-bell-rd/CRI0sERTSZWKFM4aJfdt1Q,scottsdale-arizona
https://www.ubereats.com/phoenix/food-delivery/smashburger-15801-n-frank-lloyd-wright-blvd-ste-100/Ujk4Z88vQsyk6UeOlb7JDw,scottsdale-arizona
https://www.ubereats.com/phoenix/food-delivery/mantra-indian-cuisine/CajIPc6FTPuq6Grixx3jhA,scottsdale-arizona
https://www.ubereats.com/phoenix/food-delivery/donut-parlor/Mr2bGni_SeqLR0N_o4QcSQ,scottsdale-arizona
https://www.ubereats.com/phoenix/food-delivery/caribbean-palm-restaurant-scottsdale-%26-mcdowell/b-qSRKy3TH6FENOi9nbRcA,scottsdale-arizona
https://www.ubereats.com/phoenix/food-delivery/pita-house/SHWhQGPVRhyvJHvoLRmqEQ,scottsdale-arizona
https://www.ubereats.com/phoenix/food-delivery/ahipoki-bowl-scottsdale-e-shea-blvd/1SzNryA_QWWjfqSbj76nbA,scottsdale-arizona
https://www.ubereats.com/phoenix/food-delivery/mad-greens-flw-%26-thompson-peak/umgm5wwqRxK02jXkQVPJ1Q,scottsdale-arizona
https://www.ubereats.com/phoenix/food-delivery/phat-philly-cheesesteaks/ll5xOIhaSXmQePuybfk1Hg,scottsdale-arizona
https://www.ubereats.com/phoenix/food-delivery/samurai-sams-4801-e-washington-st/qrfAyD0IS3eiM1S8S7Ouyg,scottsdale-arizona
https://www.ubereats.com/phoenix/food-delivery/ahipoki-bowl-scottsdale-rd/lhiDYdovTVCfwJny9zGAdQ,scottsdale-arizona
https://www.ubereats.com/phoenix/food-delivery/mcdonalds-hayden-%26-mcdowell/zBqifOxGR8GaFhJumspfag,scottsdale-arizona
https://www.ubereats.com/phoenix/food-delivery/super-burrito/cUykBCcaRKeuSZis0_wH9g,scottsdale-arizona
https://www.ubereats.com/phoenix/food-delivery/original-chopshop-paradise-valley/hcAKkykMSQGcYipFUMT69w,scottsdale-arizona
https://www.ubereats.com/phoenix/food-delivery/streets-of-new-york-frank-lloyd-wright-%26-pima/3_XXNYP0RbqBFJDP6Q0uLg,scottsdale-arizona
https://www.ubereats.com/phoenix/food-delivery/the-herb-box-stetson-%26-6th-ave/rUq8f-DKQ4WsJiaQBmLWHA,scottsdale-arizona
https://www.ubereats.com/phoenix/food-delivery/just-wing-it/UorC-8RMSNa6KxS0T7KRpw,scottsdale-arizona
https://www.ubereats.com/phoenix/food-delivery/qwik-chinese-restaurant-hayden-%26-mccormick/hvVfndBvQIu0Gkjbq6DBjQ,scottsdale-arizona
https://www.ubereats.com/phoenix/food-delivery/blu-burger-grille/St2m4UW2QvyQ9HDw0iiSJQ,scottsdale-arizona
https://www.ubereats.com/phoenix/food-delivery/chipotle-mexican-grill-9010-e-talking-stick-way/i0nr1D-RSvCahL9dnlCuyw,scottsdale-arizona
https://www.ubereats.com/phoenix/food-delivery/scramble-scottsdale-%26-indian-bend/NghcfzDkT2Cn7zlZy_cNZw,scottsdale-arizona
https://www.ubereats.com/phoenix/food-delivery/the-buffalo-spot-phoenix-camelback/9MWqlzS_QeSVj43W7mXZbQ,scottsdale-arizona
https://www.ubereats.com/phoenix/food-delivery/twisted-curry/hkNWDDsXSyOnRF2ZLJMFzg,scottsdale-arizona
https://www.ubereats.com/phoenix/food-delivery/al-hamra/Tm4b---1QO283tRBDFUBKg,scottsdale-arizona
https://www.ubereats.com/phoenix/food-delivery/bjs-restaurant-%26-brewhouse-21001-north-tatum-blvd/KyQ7YwuSSh-y5AIQSg_u9g,scottsdale-arizona
https://www.ubereats.com/phoenix/food-delivery/el-tlacoyo/eoqSu3Z8SwK_pwOM07cPUA,scottsdale-arizona
https://www.ubereats.com/phoenix/food-delivery/rinaldis-italian-deli-scottsdale/Z6zdIj7nQd6QlnZCjvD6vw,scottsdale-arizona
https://www.ubereats.com/phoenix/food-delivery/haciendas-mexican-grill-10155-e-via-linda-rd/tOb5g1MsRkGniFFc5xhAsw,scottsdale-arizona
https://www.ubereats.com/phoenix/food-delivery/pei-wei-20851-n-scottsdale-rd-suite-105/H3Rzh_P4Ri-5exIQurE0lw,scottsdale-arizona
https://www.ubereats.com/phoenix/food-delivery/tacos-huicho/e15PGYFRTvWntj_pe-MF7g,scottsdale-arizona
https://www.ubereats.com/phoenix/food-delivery/mastros-city-hall-steakhouse-6991-east-camelback-road/V8I-6VVGQiKkQPVwuP-q1w,scottsdale-arizona
https://www.ubereats.com/phoenix/food-delivery/jack-in-the-box-721-s-mill-ave/pM4tL6sfQZWknGtNCNR48A,scottsdale-arizona
https://www.ubereats.com/phoenix/food-delivery/carlsbad-tavern/NUAswsO-QVa3DINJZ0c2mA,scottsdale-arizona
https://www.ubereats.com/phoenix/food-delivery/riptide-poke/lC_1qm5_TT-fmnPWVqF3Bw,scottsdale-arizona
https://www.ubereats.com/phoenix/food-delivery/taco-bell-15776-n-frank-lloyd-wright-blv/zCRm_aTtQiSU0N8ETUlmCQ,scottsdale-arizona
https://www.ubereats.com/phoenix/food-delivery/original-chopshop-arcadia/-bhzpcOWSmWpTPTGbvIU8Q,scottsdale-arizona
https://www.ubereats.com/phoenix/food-delivery/fired-pie-northsight-%26-raintree/DymLSgsOQZqIgN2gLmh4Vw,scottsdale-arizona
https://www.ubereats.com/phoenix/food-delivery/the-ice-cream-shop/9q6_Dd_qQn2qSZi8RGQ5kQ,scottsdale-arizona
https://www.ubereats.com/phoenix/food-delivery/los-reyes-de-la-torta-e-southern-ave/DG4uqKReSJCTcAfMRvU34A,scottsdale-arizona
https://www.ubereats.com/phoenix/food-delivery/chicken-tender-kitchen-scottsdale/CHBw3CKLRj2pUh_MIKMhPQ,scottsdale-arizona
https://www.ubereats.com/phoenix/food-delivery/postino-kierland/_TjsI5EzT_i3_-Oe72KaDg,scottsdale-arizona
https://www.ubereats.com/phoenix/food-delivery/pastries-n-chaat-bell-%26-40th-st/Yj_qFu8BTPWqbrkZe8P4Qg,scottsdale-arizona
https://www.ubereats.com/phoenix/food-delivery/starters-sports-bar-and-grill/f0JEkzqWRNmrcKOFz2VnGg,scottsdale-arizona
https://www.ubereats.com/phoenix/food-delivery/ranch-house-grille/XWAAfKSVSLGVQfbgBMV_FA,scottsdale-arizona
https://www.ubereats.com/phoenix/food-delivery/super-burrito/u5MZf-8sSfCLXymr-X0aRw,scottsdale-arizona
https://www.ubereats.com/phoenix/food-delivery/burrito-university/R0nOHDs2Qlm5Pex8XtyclA,scottsdale-arizona
https://www.ubereats.com/phoenix/food-delivery/the-normal-restaurant-%26-bar/Op0JqOylTPyTs3G6xW-sJg,scottsdale-arizona
https://www.ubereats.com/phoenix/food-delivery/postino-highland/T-8jMIqoS6-xxvbj2veplg,scottsdale-arizona
https://www.ubereats.com/phoenix/food-delivery/sonic-3330-e-thomas-road/WceY0-CQQtW4SiIhCZ05ZQ,scottsdale-arizona
https://www.ubereats.com/phoenix/food-delivery/the-creek-cookies-and-cream/8H24E5E6SZOk2YUptBPTjQ,scottsdale-arizona
https://www.ubereats.com/phoenix/food-delivery/blast%26brew/xQ6NVuhXSe-yntsh09BsTA,scottsdale-arizona
https://www.ubereats.com/phoenix/food-delivery/el-pollo-loco-15255-n-64th-street3857/L3YrWqcHSA6Qflzwi61pJg,scottsdale-arizona
https://www.ubereats.com/phoenix/food-delivery/plant-b-15257-n-scottsdale-rd/Hif3MKLFRK2xShCfN_R10w,scottsdale-arizona
https://www.ubereats.com/phoenix/food-delivery/crave-grounds/6W4a753KRviYWfShRIZ4vw,scottsdale-arizona
https://www.ubereats.com/phoenix/food-delivery/daily-jam-tempe/j3VMO5qXTh-tlPvQPp4ROA,scottsdale-arizona
https://www.ubereats.com/phoenix/food-delivery/%C2%A1oh-sushi-burrito!/MojPAnkKSjSzF9DLUVnT8A,scottsdale-arizona
https://www.ubereats.com/phoenix/food-delivery/arrivederci/14AQAe9FS12u8aJMuNQozw,scottsdale-arizona
https://www.ubereats.com/phoenix/food-delivery/chestnut-fine-foods-%26-provisions/tSEFvtQQTd-Xf4gSWmU6xA,scottsdale-arizona
https://www.ubereats.com/phoenix/food-delivery/matts-big-breakfast-biltmore/cZbdLaxHRbycM5Os1giqsg,scottsdale-arizona
https://www.ubereats.com/phoenix/food-delivery/thirsty-lion-gastropub-%26-grill-desert-ridge/Qj8A3-W9Qq252BKyNjsveg,scottsdale-arizona
https://www.ubereats.com/phoenix/food-delivery/little-szechuan-tempe/bgDvaFAXQY2kJNNN4FaFdA,scottsdale-arizona
https://www.ubereats.com/phoenix/food-delivery/senor-taco-15223-n-87-st/pbXe9eLTSpmpXKZkElz28w,scottsdale-arizona
https://www.ubereats.com/phoenix/food-delivery/mijana-grill/ykz1I5JgTr6ZXY4lDa-IAA,scottsdale-arizona
https://www.ubereats.com/phoenix/food-delivery/sky-harbor-cafe/ztT4ziDpScWqoS766vJvCg,scottsdale-arizona
https://www.ubereats.com/phoenix/food-delivery/wildflower-4290-e-indian-school-rd/JjVqvSyjStW49GWkzZ48aA,scottsdale-arizona
https://www.ubereats.com/phoenix/food-delivery/bed-%26-breakfast-burrito-co/0HQnigGhRNyE4p6ldKjV5A,scottsdale-arizona
https://www.ubereats.com/phoenix/food-delivery/barts-burger-bar/3nvODBAlTGeNv2lsYCXuKA,scottsdale-arizona
https://www.ubereats.com/phoenix/food-delivery/the-ice-cream-shop/DdPPgDkISAO2uIhyrFcKHw,scottsdale-arizona
https://www.ubereats.com/phoenix/food-delivery/la-chacha-argentina/m4AsgkNnSkeCmTjurmF36w,scottsdale-arizona
https://www.ubereats.com/phoenix/food-delivery/ruta-15-mexican-grill/xT7mzix8Rr237b3Xvgr4Rg,scottsdale-arizona
https://www.ubereats.com/phoenix/food-delivery/fry-me-a-river/nknSklBpS_yKMDqK5afcIw,scottsdale-arizona
https://www.ubereats.com/phoenix/food-delivery/itea/58jPB_T3QcOxFebGsrciww,scottsdale-arizona
https://www.ubereats.com/phoenix/food-delivery/schlotzskys-deli-thomas-%26-44th-st/oRxMduqXQ7e7nwSbtnD46w,scottsdale-arizona
https://www.ubereats.com/phoenix/food-delivery/charlestons-restaurant-scottsdale/AjiDMGT-TUy7gp-MMvV6DQ,scottsdale-arizona
https://www.ubereats.com/phoenix/food-delivery/the-counter-7127-e-shea-blvd/fNrJCxpyRGegb5DCPfaSlQ,scottsdale-arizona
https://www.ubereats.com/phoenix/food-delivery/uncorked-wine-lounge-and-eatery/Yz1g6hHiT2qtYo7qChYEjA,scottsdale-arizona
https://www.ubereats.com/phoenix/food-delivery/hopdoddy-burger-bar-scottsdale/IGYIrQ7hTCqF7ePCc13Elw,scottsdale-arizona
https://www.ubereats.com/phoenix/food-delivery/parma-italian-roots/32jhaBzeSGOUewE_0bMfjA,scottsdale-arizona
https://www.ubereats.com/phoenix/food-delivery/filibertos-mexican-food-mcdowell-%26-hayden/5-8KaKWTQpCUiUYRHLWXTg,scottsdale-arizona
https://www.ubereats.com/phoenix/food-delivery/dennys-7605-e-mcdowell-rd/-m2AZRhCSu2E0pUTf3WRQA,scottsdale-arizona
https://www.ubereats.com/phoenix/food-delivery/bad-ass-breakfast-burritos-15257-n-scottsdale-rd/E9hBc0AXQcyfpewJ0NVWug,scottsdale-arizona
https://www.ubereats.com/phoenix/food-delivery/buffalos-express-cave-creek/BAg1L0qwTY2qO9_J8QdFqg,scottsdale-arizona
https://www.ubereats.com/phoenix/food-delivery/churroholic-tempe/cSxDZhMZR5CxqatHka7uZQ,scottsdale-arizona
https://www.ubereats.com/phoenix/food-delivery/dat-pizza-dough/HUCsvIV-SWmrEVOTh8AtCQ,scottsdale-arizona
https://www.ubereats.com/phoenix/food-delivery/superfarm-supertruck/lMWwnxNeR-6lo4vHOY5vqw,scottsdale-arizona
https://www.ubereats.com/phoenix/food-delivery/urban-bricks-pizza/zbqPbmbZSuWkYEJonebxoQ,scottsdale-arizona
https://www.ubereats.com/phoenix/food-delivery/arigatos-sashimi-bowl/5mEFD2yuTd6ekJq6AZUTUg,scottsdale-arizona
https://www.ubereats.com/phoenix/food-delivery/dunkin-1811-n-scottsdale-rd/poeQOk1nSr6xBmIsLPM08g,scottsdale-arizona
https://www.ubereats.com/phoenix/food-delivery/osha-thai-cafe/IGSgMGA6S5ugEDSF7KRj3g,scottsdale-arizona
https://www.ubereats.com/phoenix/food-delivery/chipotle-mexican-grill-4423-e-thomas-road/56FyX7KRRxuWyc7E670dEg,scottsdale-arizona
https://www.ubereats.com/phoenix/food-delivery/humble-pie-via-de-ventura-%26-101/Io_c5fW2RwWSWzySROvRtQ,scottsdale-arizona
https://www.ubereats.com/phoenix/food-delivery/subway-23535-n-scottsdale-rd/l7Kf7UmjQ5i5NQLYPH4Kmw,scottsdale-arizona
https://www.ubereats.com/phoenix/food-delivery/burger-mansion/rK13FKxWQ22kHMzTm7DfUg,scottsdale-arizona
https://www.ubereats.com/phoenix/food-delivery/92nd-street-cafe/6ecqU2NxRcW13KXaXgte2g,scottsdale-arizona
https://www.ubereats.com/phoenix/food-delivery/hb-wellness-scottsdale/hEO6RypKTaGIzaNLnMKBRA,scottsdale-arizona
https://www.ubereats.com/phoenix/food-delivery/tocaya-organica-kierland-commons/zOpPTAmeRqGvrF4lnUS71A,scottsdale-arizona
https://www.ubereats.com/phoenix/food-delivery/the-house-brasserie/XXL6JUp_R4W8N4ixuoIKLw,scottsdale-arizona
https://www.ubereats.com/phoenix/food-delivery/majerles-sports-grill-tatum-%26-deer-valley/E52BAjiSRh-ug4qHnDmQFw,scottsdale-arizona
https://www.ubereats.com/phoenix/food-delivery/sacks-sandwiches-hardy/BKfUTgqdSS-snrke2An_Mw,scottsdale-arizona
https://www.ubereats.com/phoenix/food-delivery/cold-stone-creamery-14858-n-frank-lloyd-wright-blvd/qrNKMgkiT5Sckc38NeV7WA,scottsdale-arizona
https://www.ubereats.com/phoenix/food-delivery/pastries-n-chaat-northsight-%26-hayden/aQkGkRirS966EP-HfjRXBw,scottsdale-arizona
https://www.ubereats.com/phoenix/food-delivery/hint-of-soul/YXuHQneDSRyjMAksNO4fuQ,scottsdale-arizona
https://www.ubereats.com/phoenix/food-delivery/saffron-indian-grocery-n-kitchen/3mzv5OMGRRu35hvqbvAe7Q,scottsdale-arizona
https://www.ubereats.com/phoenix/food-delivery/maskadores-taco-shop-%2314/Qw5Ph9gnREy_go6x3LZOTg,scottsdale-arizona
https://www.ubereats.com/phoenix/food-delivery/rosatis-pizza-thomas-%26-40th-st/q-V8YtVQTB6mJ3zxR7aRzA,scottsdale-arizona
https://www.ubereats.com/phoenix/food-delivery/detroit-coney-grill-scottsdale/Kt3_xIF_Tvq1Z88gyCMrjg,scottsdale-arizona
https://www.ubereats.com/phoenix/food-delivery/potbelly-sandwich-shop-rural-%26-broadway-asu-%7C-315/mrdTfsPZTvKbTopQfVC_5g,scottsdale-arizona
https://www.ubereats.com/phoenix/food-delivery/cha-boba-tea-house/4oKVO2aCScq5l8ShOJ3dYg,scottsdale-arizona
https://www.ubereats.com/phoenix/food-delivery/hash-kitchen-scottsdale-horizon/QZwhQk7VQbqePDGtjIs0-w,scottsdale-arizona
https://www.ubereats.com/phoenix/food-delivery/first-watch-carefree/KCC5qsk9Sd2UkTCdpJ33gg,scottsdale-arizona
https://www.ubereats.com/phoenix/food-delivery/sonic-2870-n-hayden-road/mLoctZEHStaIa83KJXW4XA,scottsdale-arizona
https://www.ubereats.com/phoenix/food-delivery/lemongrass-thai-cafe/8jCeDAJ0RMuwe83wxyquVA,scottsdale-arizona
https://www.ubereats.com/phoenix/food-delivery/my-three-girls-bakery/WhDqZr98R3-LrMn0jO2Y6g,scottsdale-arizona
https://www.ubereats.com/phoenix/food-delivery/mod-pizza-tempe-marketplace/qercVjLwTluAk-bOnou9Dw,scottsdale-arizona
https://www.ubereats.com/phoenix/food-delivery/taco-bell-3101-e-thomas-rd/Bo0bUfBKSm-p4WtKKHUatA,scottsdale-arizona
https://www.ubereats.com/phoenix/food-delivery/opa-life-greek-cafe-via-de-ventura-%26-202/CoOOpH5jSR2p643UB3PPNg,scottsdale-arizona
https://www.ubereats.com/phoenix/food-delivery/the-crepe-club-fashion-square/-rbM7-wGQX6xTVT2wv-oBw,scottsdale-arizona
https://www.ubereats.com/phoenix/food-delivery/rubios-4340-e-indian-school/4bc7PXYsTCqnNIxcWYtnrw,scottsdale-arizona
https://www.ubereats.com/phoenix/food-delivery/core-kitchen/8XwSN4HwQKOuB41sPtMaIQ,scottsdale-arizona
https://www.ubereats.com/phoenix/food-delivery/panda-express-mayo-%26-scottsdale/pFpNQMIKSt6XLCIf0XRURw,scottsdale-arizona
https://www.ubereats.com/phoenix/food-delivery/dunkin-1335-w-university-dr/Xoyqb9otQvOUqx_vQWDOiw,scottsdale-arizona
https://www.ubereats.com/phoenix/food-delivery/dunkin-7919-e-thomas-rd/Ghh69CUjTw24AAcYHaL3-A,scottsdale-arizona
https://www.ubereats.com/phoenix/food-delivery/sams-grill/ZcDKJNPGSf69u9sNGtZGdA,scottsdale-arizona
https://www.ubereats.com/phoenix/food-delivery/lorenzos-pizza-and-pasta/ngt4IocVTDiOar27amdc8w,scottsdale-arizona
https://www.ubereats.com/phoenix/food-delivery/chipotle-mexican-grill-8320-n-hayden-rd-ste-108/RgVLxsveTK-eIMzjBlVcwQ,scottsdale-arizona
https://www.ubereats.com/phoenix/food-delivery/wildflower-7001-n-scottsdale-rd/vBql4kJ0RAe5FeV96QgeJw,scottsdale-arizona
https://www.ubereats.com/phoenix/food-delivery/taco-bell-310-w-main-street/zXYiZlO1QpWsRQAWVsYVbg,scottsdale-arizona
https://www.ubereats.com/phoenix/food-delivery/backyards/53re1cY7Q3KcA2rOUCeJ-g,scottsdale-arizona
https://www.ubereats.com/phoenix/food-delivery/boston-market-15784-north-frank-lloyd-wright-blvd/1V-qJOMPQcmNzWPulZRRIQ,scottsdale-arizona
https://www.ubereats.com/phoenix/food-delivery/cuisine-by-celine/ID86B6JMQ_6VU34PfmiTVg,scottsdale-arizona
https://www.ubereats.com/phoenix/food-delivery/taco-bell-912-e-apache-blvd/xMOEH8ufThi4EDzOUc_qhA,scottsdale-arizona
https://www.ubereats.com/phoenix/food-delivery/dave-%26-busters-tempe/SnRgiIDXTTybXRmhn_3X8A,scottsdale-arizona
https://www.ubereats.com/phoenix/food-delivery/the-habit-burger-grill-4575-e-cactus-rd-%23150/M8mrxiMkQh-3c7AimCn_TQ,scottsdale-arizona
https://www.ubereats.com/phoenix/food-delivery/gyros-plus/iG3ViCWQS8G2fU6xnCsDYQ,scottsdale-arizona
https://www.ubereats.com/phoenix/food-delivery/sonic-647-e-mckellips-road/yrrZ0J1nT5qCtRpLH5yomQ,scottsdale-arizona
https://www.ubereats.com/phoenix/food-delivery/the-burrito-stand/qyR7EKo9Sv2ov-si9jMaKw,scottsdale-arizona
https://www.ubereats.com/phoenix/food-delivery/kitchen-west-restaurant/tbtYn_RkTL2xyGJbQLW9MQ,scottsdale-arizona
https://www.ubereats.com/phoenix/food-delivery/burritos-locos-sfs-vr/PBiDqtBlQWmawLitKqoVcQ,scottsdale-arizona
https://www.ubereats.com/phoenix/food-delivery/firehouse-subs-northsight-%26-raintree/sb3gejvMRHGy8JUYwLl0Fg,scottsdale-arizona
https://www.ubereats.com/phoenix/food-delivery/masterpiece-donuts-and-coffee%2B/9yNlL6aOQ4m3AlezukDmNw,scottsdale-arizona
https://www.ubereats.com/phoenix/food-delivery/barrio-queen-tempe/N2gsnFZWRiqSslZjWfLDIw,scottsdale-arizona
https://www.ubereats.com/phoenix/food-delivery/haagen-dazs-old-scottsdale-road/2w5yPW7sR6OONketVFxffQ,scottsdale-arizona
https://www.ubereats.com/phoenix/food-delivery/killa-dillas/tWb7u1yXQDSX5dFYOAZYpg,scottsdale-arizona
https://www.ubereats.com/phoenix/food-delivery/dennys-4403-s-rural-rd/QhiVgVNSSW2EU-2_QgKBvg,scottsdale-arizona
https://www.ubereats.com/phoenix/food-delivery/bar-louie-tempe/oRYayxAzSVW5QY_6zeCQrg,scottsdale-arizona
https://www.ubereats.com/phoenix/food-delivery/scottsdale-burger-bar/Y1jzKlunQyisHSiOv8nX6A,scottsdale-arizona
https://www.ubereats.com/phoenix/food-delivery/bottled-blonde-phoenix/HEZyfi7dSsOI6a4XKkhTeg,scottsdale-arizona
https://www.ubereats.com/phoenix/food-delivery/dairy-queen-grill-%26-chill-3308-e-baseline-rd/4GD-V3VaStKd4NdZBZGn4g,scottsdale-arizona
https://www.ubereats.com/phoenix/food-delivery/busters-american-kitchen-tempe/4MrmtHt5Q9C25sP8Sm1R6w,scottsdale-arizona
https://www.ubereats.com/phoenix/food-delivery/taco-bell-2601-north-44th-street/Q5UdxBklRd2SU2d00gqLTQ,scottsdale-arizona
https://www.ubereats.com/phoenix/food-delivery/koibito-poke-waterfront/kWfBf4vTRhGfF7BeIBngIQ,scottsdale-arizona
https://www.ubereats.com/phoenix/food-delivery/ocean-44/E5aT-D2PTCe5zEIWRfbsCQ,scottsdale-arizona
https://www.ubereats.com/phoenix/food-delivery/at-oasis-coffee-and-tea-shop/z9jtKkhPQxGhrGRVLS7vhQ,scottsdale-arizona
https://www.ubereats.com/phoenix/food-delivery/pokys-cocina/PyzHDp_DTnGxjT7OSiazNA,scottsdale-arizona
https://www.ubereats.com/phoenix/food-delivery/modern-market-north-scottsdale/AuGc-hCDQC-IV9wp5yTZZw,scottsdale-arizona
https://www.ubereats.com/phoenix/food-delivery/southwest-grillers-e-5th-st/w-4DlqlPTderv9xFnn1f8g,scottsdale-arizona
https://www.ubereats.com/phoenix/food-delivery/breakfast-joynt-bell-%26-thompson-peak/apdemU7eRyuRDV5E8UqWsA,scottsdale-arizona
https://www.ubereats.com/phoenix/food-delivery/streets-of-new-york-44th-st-%26-camelback/YLnSTO6ySserAhy2iDVtrg,scottsdale-arizona
https://www.ubereats.com/phoenix/food-delivery/tom-yum-thai-north/poLE7XAPS1ezOft8zCSJQg,scottsdale-arizona
https://www.ubereats.com/phoenix/food-delivery/denos-pita/UDDP6_NMTQy381zRNPN2nA,scottsdale-arizona
https://www.ubereats.com/phoenix/food-delivery/red-robin-523-19-s-mcclintock-dr/M-we-zTPSM-7ykYJWblJ2g,scottsdale-arizona
https://www.ubereats.com/phoenix/food-delivery/sweet-republic-shea-%26-92nd-st/uHs_Nt66RIKNX_r8mY4mxg,scottsdale-arizona
https://www.ubereats.com/phoenix/food-delivery/peter-piper-pizza-15745-n-hayden-rd/hvWTttiAT4eeCueDvd-knQ,scottsdale-arizona
https://www.ubereats.com/phoenix/food-delivery/break-scottsdale/ReKCSA2kQxqjU6fjKTTxig,scottsdale-arizona
https://www.ubereats.com/phoenix/food-delivery/the-ice-cream-shop/1ND28dLLSSe3gI8ljQBDoA,scottsdale-arizona
https://www.ubereats.com/phoenix/food-delivery/churchs-chicken-7538-e-mcdowell/Nqt8VIQGRZq1166IZaFPWA,scottsdale-arizona
https://www.ubereats.com/phoenix/food-delivery/phillys-sports-bar-%26-grill-n-scottsdale-rd/1JiQoBDHQxyWzADuuz0POw,scottsdale-arizona
https://www.ubereats.com/phoenix/food-delivery/yogurt-time-high-st-hangout/dM_Ttd2YS4WyoDLsEYOyNw,scottsdale-arizona
https://www.ubereats.com/phoenix/food-delivery/blue-chip-bar-%26-grill/jBg5W-MsQqOWaGJSM79Riw,scottsdale-arizona
https://www.ubereats.com/phoenix/food-delivery/baja-fresh-7127-east-shea-boulevard/4jdKUpoaSfmbA44DixUkqw,scottsdale-arizona
https://www.ubereats.com/phoenix/food-delivery/the-ice-cream-shop/oB-pRUidR2ezjI3k3JRUHw,scottsdale-arizona
https://www.ubereats.com/phoenix/food-delivery/nekter-juice-bar-14676-n-frank-lloyd-wright-%23131/kfBs5iqIQ7WbqA9eFaPlzQ,scottsdale-arizona
https://www.ubereats.com/phoenix/food-delivery/cold-stone-creamery-2000-e-rio-salado-pkwy-ste-1211/VTZ3_HUaTNSgEBm9FSmOtg,scottsdale-arizona
https://www.ubereats.com/phoenix/food-delivery/la-cafe/b8JAxzh_RHOGRCOqMblX-g,scottsdale-arizona
https://www.ubereats.com/phoenix/food-delivery/guss-new-york-pizza-rural-%26-8th-st/U6sMbgQoQAeONqun6PJFgw,scottsdale-arizona
https://www.ubereats.com/phoenix/food-delivery/mr-mesquite-street-tacos-mayo-%26-scottsdale/wDoz1IO8QiWDY1Y2HDiKHg,scottsdale-arizona
https://www.ubereats.com/phoenix/food-delivery/feelgoods-good-foods/1Yb0Z82SQP6wqQZ9Knei5g,scottsdale-arizona
https://www.ubereats.com/phoenix/food-delivery/chipotle-mexican-grill-11015-n-scottsdale-rd-ste-100/-SmPeC2hT1uZ1lIWRyTqww,scottsdale-arizona
https://www.ubereats.com/phoenix/food-delivery/munch-a-lunch/9y6c8csQT6qSVP7maSb_SA,scottsdale-arizona
https://www.ubereats.com/phoenix/food-delivery/steak-44-phoenix/6YWWMVc6RjGNzpXBR0kKDw,scottsdale-arizona
https://www.ubereats.com/phoenix/food-delivery/barrio-queen-tequileria-stetson/z1mNjrJyTMezXioNFaGenA,scottsdale-arizona
https://www.ubereats.com/phoenix/food-delivery/grimaldis-dc-ranch/LJHMEdWUTS6UbIksD1pcCQ,scottsdale-arizona
https://www.ubereats.com/phoenix/food-delivery/totties-asian-kitchen/PoNSoGgFTPyqyvHD0fpKVQ,scottsdale-arizona
https://www.ubereats.com/phoenix/food-delivery/hilal-grill/oMsvCgMXQ3qrYCEesAd7XA,scottsdale-arizona
https://www.ubereats.com/phoenix/food-delivery/5-%26-diner-indian-bend-%26-101/ggKzXSXhSxmuXpcLqZPlxQ,scottsdale-arizona
https://www.ubereats.com/phoenix/food-delivery/love-and-cake/7x3Fuo2IQlitsjZkgF8iXQ,scottsdale-arizona
https://www.ubereats.com/phoenix/food-delivery/blimpie-10645-n-tatum-blvd-ste-400/pEzSNi3yRHucMABJuDSMlQ,scottsdale-arizona
https://www.ubereats.com/phoenix/food-delivery/stl-wings-%26-things/hFx7lKtvQpCc3LVP4FYVBA,scottsdale-arizona
https://www.ubereats.com/phoenix/food-delivery/jack-in-the-box-13610-n-scottsdale-rd-ste-31/2fFvxC24Sf-3gVMW8HPOZQ,scottsdale-arizona
https://www.ubereats.com/phoenix/food-delivery/tea-swirl/7ko_lAOATVOl-1Kg-PntYg,scottsdale-arizona
https://www.ubereats.com/phoenix/food-delivery/master-taco/mFv3SKq2SgGavoKdMy0KJg,scottsdale-arizona
https://www.ubereats.com/phoenix/food-delivery/the-adobe-restaurant/7XSlHwGbRw-QxEG_9mULAQ,scottsdale-arizona
https://www.ubereats.com/phoenix/food-delivery/subway-15560-n-frank-lloyd-wright-blv/6HGrzFmvQt2RrNeczGCgYw,scottsdale-arizona
https://www.ubereats.com/phoenix/food-delivery/burger-theory-phoenix/wiq3_wjnQemnoVi0ku9_Mw,scottsdale-arizona
https://www.ubereats.com/phoenix/food-delivery/bosa-donuts-bell-road/wPXOEeYHSMGi9MreRkthDw,scottsdale-arizona
https://www.ubereats.com/phoenix/food-delivery/subway-10101-e-bell-rd/EtBCqp1tTSCJN6BVsnHaKw,scottsdale-arizona
https://www.ubereats.com/phoenix/food-delivery/bunti-gs-ny-pizza-lounge/LhsaFUFZRm6VQAa6zwl5fg,scottsdale-arizona
https://www.ubereats.com/phoenix/food-delivery/sharetea-desert-ridge/NNvZoPpaRS257j-FdMXDQg,scottsdale-arizona
https://www.ubereats.com/phoenix/food-delivery/hana-hawaiian-grill/sV0-YAQ0TWmWpJ3SVTYIkg,scottsdale-arizona
https://www.ubereats.com/phoenix/food-delivery/long-wongs/a6-Z_sChTZSit4w5b_pDHQ,scottsdale-arizona
https://www.ubereats.com/phoenix/food-delivery/maskadores-taco-shop-%2316/11fYJFYGSDCir_0fm-ph3w,scottsdale-arizona
https://www.ubereats.com/phoenix/food-delivery/phillys-sports-bar-%26-grill-s-priest-dr/OYarBlP0S8ayPkg1ywBt4g,scottsdale-arizona
https://www.ubereats.com/phoenix/food-delivery/dairy-queen-grill-%26-chill-4140-e-thomas-rd/Wxd1lqXHREeNU5CuJBjVWQ,scottsdale-arizona
https://www.ubereats.com/phoenix/food-delivery/taco-bell-4430-south-48th-street/jXJwirtvRMexSs1mjhL9Zg,scottsdale-arizona
https://www.ubereats.com/phoenix/food-delivery/bevvy-oldtown/GBonXECTRsSqaEKrohc_PA,scottsdale-arizona
https://www.ubereats.com/phoenix/food-delivery/rays-pizza/zSYs0fX8Sz2ydeOUgEUcfg,scottsdale-arizona
https://www.ubereats.com/phoenix/food-delivery/breakfast-kitchen-bar/edhsQnXOQISX7MiT6GPecw,scottsdale-arizona
https://www.ubereats.com/phoenix/food-delivery/burritos-locos-biltmore/Kx8GC8kjQ0CYXsF-WEW9tg,scottsdale-arizona
https://www.ubereats.com/phoenix/food-delivery/shawarma-paradise/8EHuvxrzTZmUJC9w5JgjJw,scottsdale-arizona
https://www.ubereats.com/phoenix/food-delivery/bubbleology/9kCvzQvQSeuomQZEYw75FA,scottsdale-arizona
https://www.ubereats.com/phoenix/food-delivery/chipotle-mexican-grill-2000-e-rio-salado-pkwy-ste-1226/p_NIttVRQyO9BQ03eZN13g,scottsdale-arizona
https://www.ubereats.com/phoenix/food-delivery/dunkin-8847-e-talking-stick-way/v27cFrP_RKmuTYvLO8m6Tw,scottsdale-arizona
https://www.ubereats.com/phoenix/food-delivery/tryst-cafe/DVVXYcBWQ8OCXAqFbtqx0Q,scottsdale-arizona
https://www.ubereats.com/phoenix/food-delivery/kazimierz/VJjBi6WPTEKYMAB5CkcODw,scottsdale-arizona
https://www.ubereats.com/phoenix/food-delivery/taco-taco-burrito-burrito/vp9WRgfOTWWpGi9plSKT-g,scottsdale-arizona
https://www.ubereats.com/phoenix/food-delivery/mastros-ocean-club-15045-north-kierland-blvd/vfpDR4D5RE-IvsWadZTe2g,scottsdale-arizona
https://www.ubereats.com/phoenix/food-delivery/slickables-ice-cream-sandwich-mill-%26-7th-st/EUjt8XJmSeC7eus25P-Gjg,scottsdale-arizona
https://www.ubereats.com/phoenix/food-delivery/shake-shack-15205-n-kierland-blvd-unit-150/NkJUoLIlQBKqLnaD5oG1GQ,scottsdale-arizona
https://www.ubereats.com/phoenix/food-delivery/thai-basil/dpWymIjiQ0ekmb2QKOPSJA,scottsdale-arizona
https://www.ubereats.com/phoenix/food-delivery/cold-stone-creamery-12625-n-tatum-blvd/OYwFrzAgTOm5XqI7ehGOCg,scottsdale-arizona
https://www.ubereats.com/phoenix/food-delivery/dragon-flame-chinese-grill/jCDuknW2QqKAzDwnC0R-PA,scottsdale-arizona
https://www.ubereats.com/phoenix/food-delivery/smashburger-2805-n-scottsdale-rd/f8ANhAeMRlmn8TaveJqKtg,scottsdale-arizona
https://www.ubereats.com/phoenix/food-delivery/pita-valley/N-8AUL7rQRW36X1p_sogmQ,scottsdale-arizona
https://www.ubereats.com/phoenix/food-delivery/ztejas-tatum-%26-shea/7E_xyLAlRUe8T-K-tLNPHA,scottsdale-arizona
https://www.ubereats.com/phoenix/food-delivery/benihana-north-scottsdale/N0UHfxErRz-ZR66vRH_7fQ,scottsdale-arizona
https://www.ubereats.com/phoenix/food-delivery/el-pollo-loco-4102-e-thomas-rd3760/baCTGUawTY-BO_3IYxZqSQ,scottsdale-arizona
https://www.ubereats.com/phoenix/food-delivery/first-watch-thunderbird/7p8R0mJ5SrOpW8J8czLCcQ,scottsdale-arizona
https://www.ubereats.com/phoenix/food-delivery/mod-pizza-cave-creek/KG0WR8dmR46-VaZmqymG1g,scottsdale-arizona
https://www.ubereats.com/phoenix/food-delivery/dennys-phoenix/h_hySyVxTxWwLpx13r848w,scottsdale-arizona
https://www.ubereats.com/phoenix/food-delivery/bambox-produce/7m2kg6ZvQ0e3AJKKrVugZw,scottsdale-arizona
https://www.ubereats.com/phoenix/food-delivery/fuel-to-fit/eFN0MMv8TUSIkDhB5RTUBA,scottsdale-arizona
https://www.ubereats.com/phoenix/food-delivery/choon-burritos/NpVE0WFVS4mGCEZ19qKBFA,scottsdale-arizona
https://www.ubereats.com/phoenix/food-delivery/eastwind-sushi-%26-grill-phoenix/SwZdqPBnTWmEk5bpGVsWFg,scottsdale-arizona
https://www.ubereats.com/phoenix/food-delivery/dunkin-4130-e-thomas-rd/3BGEmipFQsiKJdthylEPCQ,scottsdale-arizona
https://www.ubereats.com/phoenix/food-delivery/tokyo-bowl/hpWanVwXQGuCHvFBtsONog,scottsdale-arizona
https://www.ubereats.com/phoenix/food-delivery/ice-house-tavern/2Vss7R8ZTPq84v_NVD50ww,scottsdale-arizona
https://www.ubereats.com/phoenix/food-delivery/pei-wei-32607-n-scottsdale-rd-suite-107/UW6k_eWuS821o4eEJlAobQ,scottsdale-arizona
https://www.ubereats.com/phoenix/food-delivery/mesa-drummer-bar-%26-grill/ditziPzeTQqseMroPOtqpQ,scottsdale-arizona
https://www.ubereats.com/phoenix/food-delivery/damn-fine-breakfast-burritos/H9YQ1lbaQQODUW4s4QC_ng,scottsdale-arizona
https://www.ubereats.com/phoenix/food-delivery/latelier-macaron/YaGFD65YSa-MBQMb3E1QsA,scottsdale-arizona
https://www.ubereats.com/phoenix/food-delivery/shakes-%26-cones/630j5g7aTAe_QhdnK5eOXQ,scottsdale-arizona
https://www.ubereats.com/phoenix/food-delivery/the-buffalo-spot-phoenix/hMDK-_f9TX6vMU5qbpvXTg,scottsdale-arizona
https://www.ubereats.com/phoenix/food-delivery/kovo-modern-mediterranean/NuVrETxJQgWBh2n94jEPhg,scottsdale-arizona
https://www.ubereats.com/phoenix/food-delivery/socal-breakfast-burritos/6RvNYBNoR8CgUw5WT7Oqbg,scottsdale-arizona
https://www.ubereats.com/phoenix/food-delivery/brooklyn-calzone/0LPLhmUOQU-nuJQyvpdbOQ,scottsdale-arizona
https://www.ubereats.com/phoenix/food-delivery/b-bob/cokBLVitQpiR7ymazhSa_w,scottsdale-arizona
https://www.ubereats.com/phoenix/food-delivery/taco-bell-1004-n-24th-st/C3XIK4a8T6mCQPTLhbRJGA,scottsdale-arizona
https://www.ubereats.com/phoenix/food-delivery/chipotle-mexican-grill-4513-n-scottsdale-rd-ste-108/LColFP9MTlugeyrEobQ4gg,scottsdale-arizona
https://www.ubereats.com/phoenix/food-delivery/chompies-tempe/htE_dTRpSIGcGwjilOmMKw,scottsdale-arizona
https://www.ubereats.com/phoenix/food-delivery/ramen-sensei-13802-n-scottsdale-rd-suite-176/DLrs_oGPQ0a71OkWZuTPhQ,scottsdale-arizona
https://www.ubereats.com/phoenix/food-delivery/cinnaswirl-tempe/6qA6ScSHRp6HwE1sN0XxTA,scottsdale-arizona
https://www.ubereats.com/phoenix/food-delivery/chipotle-mexican-grill-1660-e-camelback-rd-ste-185/uw3iWfzJSNSLIuhkQ09vTA,scottsdale-arizona
https://www.ubereats.com/phoenix/food-delivery/arbys-953-n-dobsonon-bass-pro-dr/v8Rx1GgKSFa8QqTSPg_EkA,scottsdale-arizona
https://www.ubereats.com/phoenix/food-delivery/varsity-tavern-tempe/fB0yTrdfRSG3JnVPjNpi9w,scottsdale-arizona
https://www.ubereats.com/phoenix/food-delivery/la-cucina-bistro-%26-wine-bar/J3SACaJwSrGNUlPysdTs-A,scottsdale-arizona
https://www.ubereats.com/phoenix/food-delivery/social-tap-scottsdale/5OLTrctITc2EJCWhxYo7HQ,scottsdale-arizona
https://www.ubereats.com/phoenix/food-delivery/mariscos-acapulco/l_TQ_u4xQWqeqn5XbvMmpw,scottsdale-arizona
https://www.ubereats.com/phoenix/food-delivery/famous-daves-dobson-%26-rio-salado/2Y5DwXH2TiivZky9PctIUQ,scottsdale-arizona
https://www.ubereats.com/phoenix/food-delivery/slim-thick-cafe/zWv5G4_SQ66p1zRZ2cNiRw,scottsdale-arizona
https://www.ubereats.com/phoenix/food-delivery/costa-vida-fresh-mexican-grill-1324-s-rural-rd/o0ZeWFptRMCj7xqmMj_C2Q,scottsdale-arizona
https://www.ubereats.com/phoenix/food-delivery/dp-dough/-np0JsO9QPGR2n2SWKjg_A,scottsdale-arizona
https://www.ubereats.com/phoenix/food-delivery/the-porch/r0M76w07SaiQQt33IoNOZg,scottsdale-arizona
https://www.ubereats.com/phoenix/food-delivery/hurts-donuts/JLh7313-TqurHSXQrIfvSg,scottsdale-arizona
https://www.ubereats.com/phoenix/food-delivery/pho-fresh-alley-and-boba-tea/dWT2wa82R0iRrijvhAZcuA,scottsdale-arizona
https://www.ubereats.com/phoenix/food-delivery/bibs-bbq/tKhIK_SfR-67xfQlrEySDw,scottsdale-arizona
https://www.ubereats.com/phoenix/food-delivery/the-ice-cream-shop/Qj1PEtLDREagrnrSgE-XGQ,scottsdale-arizona
https://www.ubereats.com/phoenix/food-delivery/cold-stone-creamery-1949-e-camelback-rd-ste-162/vKdXPDOeSKi270T8Qb7Rfw,scottsdale-arizona
https://www.ubereats.com/phoenix/food-delivery/the-corner-deli/QoanG0YSTkSOh-EjFbWjNQ,scottsdale-arizona
https://www.ubereats.com/phoenix/food-delivery/socal-vibrations/sIKtWFWeSlalgzPkpvHspA,scottsdale-arizona
https://www.ubereats.com/phoenix/food-delivery/jamba-juice-15686-n-frank-lloyd-wright-blvd-%23e-2/_EOnbYMoTjGl-mqeIViEZw,scottsdale-arizona
https://www.ubereats.com/phoenix/food-delivery/pita-inn-cafe-scottsdale-%26-frank-lloyd-wright/eKexw2yXRbypkXLXc1cjjw,scottsdale-arizona
https://www.ubereats.com/phoenix/food-delivery/azusa-ramen/5egIjr86SYy1xYJHj_Mbdw,scottsdale-arizona
https://www.ubereats.com/phoenix/food-delivery/firehouse-subs-scottsdale-%26-pinnacle-peak/toqN9mcASWC_DN_x5dv31A,scottsdale-arizona
https://www.ubereats.com/phoenix/food-delivery/lush-burger/a3-ZLxVjTeCg-VC2FFrqUw,scottsdale-arizona
https://www.ubereats.com/phoenix/food-delivery/nicks-italian-pima-%26-pinnacle-peak/VlJQ7fbXSGefQRUlCLBMJQ,scottsdale-arizona
https://www.ubereats.com/phoenix/food-delivery/dennys-tempe/g9GlKkDSQ0WS3d00WkbKgA,scottsdale-arizona
https://www.ubereats.com/phoenix/food-delivery/firehouse-subs-cave-creek-%26-carefree/mtc59Z24TcS_Cabc5PlZOw,scottsdale-arizona
https://www.ubereats.com/phoenix/food-delivery/dickeys-bbq-pit-pima-%26-raintree/5WOsiS5TRsKuWSrlfa05fA,scottsdale-arizona
https://www.ubereats.com/phoenix/food-delivery/ohya-sushi-korean-grill-%26-bar/tjQVxrR_TfS27JmTpxllfQ,scottsdale-arizona
https://www.ubereats.com/phoenix/food-delivery/breakfast-joynt-bell-%26-64th-st/yvWyJ5a3Qtu2iC-ERaitng,scottsdale-arizona
https://www.ubereats.com/phoenix/food-delivery/port-of-subs-21001-north-tatum-blvd-suite-%2378-1600/8NLYmY96TNKu8zW7HGMdkg,scottsdale-arizona
https://www.ubereats.com/phoenix/food-delivery/sweet-magic/FS0tTTmqQ5K_vL58-i7slw,scottsdale-arizona
https://www.ubereats.com/phoenix/food-delivery/paradise-juice/luGSasKhSSKkcmnI4TzV9g,scottsdale-arizona
https://www.ubereats.com/phoenix/food-delivery/johnnys-burgers-and-dogs/0U0B1povRAabf5UuKqfKCw,scottsdale-arizona
https://www.ubereats.com/phoenix/food-delivery/rubios-32415-north-scottsdale-road-suite-c/Z7C-lWDKSZqjWDeZ4bEBSw,scottsdale-arizona
https://www.ubereats.com/phoenix/food-delivery/the-gelato-spot-3rd-ave-%26-scottsdale/I0A4GLT4QE-DF9mvcl_L-w,scottsdale-arizona
https://www.ubereats.com/phoenix/food-delivery/taco-bell-1501-e-bethany-home-rd/KL2MFZPsQxqiHz_pqwqCkQ,scottsdale-arizona
https://www.ubereats.com/phoenix/food-delivery/tropical-smoothie-cafe-camelback-center/S3N_EGKaRH24k2Vqne3xcA,scottsdale-arizona
https://www.ubereats.com/phoenix/food-delivery/cafe-zupas-1935-e-camelback-rd/c8vJs1kvTS6n9t2hYwj6tA,scottsdale-arizona
https://www.ubereats.com/phoenix/food-delivery/corleones-northsight-%26-butherus/aHkuEqjyQSCEZn57nX6b5g,scottsdale-arizona
https://www.ubereats.com/phoenix/food-delivery/ingallinas-box-lunch/tfh6l00tRk28HUW8Qb5eyA,scottsdale-arizona
https://www.ubereats.com/phoenix/food-delivery/cucara-macara/HDrvpLjfStSz-Ie0HaTzaw,scottsdale-arizona
https://www.ubereats.com/phoenix/food-delivery/postino-annex/CC5dKsS2TYK9latEMPwj7A,scottsdale-arizona
https://www.ubereats.com/phoenix/food-delivery/yo-paulys-ny-pizza-co/LAiVt4SgTm6Dk5PcpVJ7Rg,scottsdale-arizona
https://www.ubereats.com/phoenix/food-delivery/a-simple-bowl/hh3YOJXvSzGPIwjtE3OkAg,scottsdale-arizona
https://www.ubereats.com/phoenix/food-delivery/basics-kitchen/KsC9CgsqSgePAJPPBrXARw,scottsdale-arizona
https://www.ubereats.com/phoenix/food-delivery/hello-vietnam-pho%26roll/RMqMqKPHRvWGw2mKOMeN7A,scottsdale-arizona
https://www.ubereats.com/phoenix/food-delivery/french-me/t-fVlF2vTA-_qwHvUiDNFw,scottsdale-arizona
https://www.ubereats.com/phoenix/food-delivery/quiznos-cave-creek-%26-rose-garden/i_RDUiNgQbiZBvBX7wcN2w,scottsdale-arizona
https://www.ubereats.com/phoenix/food-delivery/five-guys-az-0542-7014-590-east-camelback-rd/d4VUGxBVQ8245LeebQ0d3A,scottsdale-arizona
https://www.ubereats.com/phoenix/food-delivery/city-market-deli-scottsdale/LQzHIH97SqS1h-CUA9k3_w,scottsdale-arizona
https://www.ubereats.com/phoenix/food-delivery/dominicks-deli/qM_LjdQMSMyCnMyXvn9zJA,scottsdale-arizona
https://www.ubereats.com/phoenix/food-delivery/nook-kitchen/hEjY0aYtRfmRd6OEX_EuDQ,scottsdale-arizona
https://www.ubereats.com/phoenix/food-delivery/chipotle-mexican-grill-15425-n-scottsdale-rd/p7enGf-ZQmm6cvL_RvAJIA,scottsdale-arizona
https://www.ubereats.com/phoenix/food-delivery/taco-bell-1125-s-dobson-rd/EK2G0z9ZTymrMrE9AyCP3Q,scottsdale-arizona
https://www.ubereats.com/phoenix/food-delivery/break-room-bar-and-grill/mew5wpVHRquSn7gcQXlU0A,scottsdale-arizona
https://www.ubereats.com/phoenix/food-delivery/back-in-thyme-hot-sandwiches/8L-j3ce5R8a9GY7rl2ARjw,scottsdale-arizona
https://www.ubereats.com/phoenix/food-delivery/arcadia-pollos/sMFI-2wATjWAkNc1GoiB_A,scottsdale-arizona
https://www.ubereats.com/phoenix/food-delivery/starbucks-15029-n-thompson-peak-pkwy/XauKFuY8Q6azPfuBLgqJww,scottsdale-arizona
https://www.ubereats.com/phoenix/food-delivery/good-wood-tavern/TN4D1WAWTiCaXmBXYUvaVw,scottsdale-arizona
https://www.ubereats.com/phoenix/food-delivery/cheekys-cheesesteaks/CGyvnU_xTrKCTYY2bVDG4g,scottsdale-arizona
https://www.ubereats.com/phoenix/food-delivery/el-pollo-loco-949-n-dobson-road3584/WLREEiAmQ_qPLq13Qkv4MQ,scottsdale-arizona
https://www.ubereats.com/phoenix/food-delivery/subway-20910-north-tatum-blvd/0un5RctTT6-tL22PWACztw,scottsdale-arizona
https://www.ubereats.com/phoenix/food-delivery/taco-bell-4751-e-shea-blvd/h48EpYzVRDKg7H1y4HkdgQ,scottsdale-arizona
https://www.ubereats.com/phoenix/food-delivery/grimaldis-pizzeria-scottsdale-%26-1st-ave/jm8FRIeaSDK3MHek8YitNA,scottsdale-arizona
https://www.ubereats.com/phoenix/food-delivery/rocky-mountain-chocolate-factory-9500-e-via-de-ventura/FmRuWcJWRduOPqzJAbmnnw,scottsdale-arizona
https://www.ubereats.com/phoenix/food-delivery/federal-pizza/-up_5DckQHKV2y0wG7paow,scottsdale-arizona
https://www.ubereats.com/phoenix/food-delivery/red-robin-122-7000-e-mayo-blvd/IlV3FSsPTcCe9MVdAvY_dw,scottsdale-arizona
https://www.ubereats.com/phoenix/food-delivery/boston-market-7127-east-shea-blvd/0Hz7A68wToa5moLcscBoaw,scottsdale-arizona
https://www.ubereats.com/phoenix/food-delivery/wendys-15416-n-pima-road/iNG171DzQ8ekM63xTJYbjw,scottsdale-arizona
https://www.ubereats.com/phoenix/food-delivery/del-taco-1628-n-44th-st/ws16j_fMQ9qMTLGwBzXIoQ,scottsdale-arizona
https://www.ubereats.com/phoenix/food-delivery/samurai-sams-4731-e-greenway-rd/_gp1SODGSgGpgsoffJ12hw,scottsdale-arizona
https://www.ubereats.com/phoenix/food-delivery/papa-johns-4501-e-thomas/xV_hYKBPTWybaZJpntCWCg,scottsdale-arizona
https://www.ubereats.com/phoenix/food-delivery/big-city-bagels-%26-deli/zfjLRs-sTYG0PvF9gM_1LA,scottsdale-arizona
https://www.ubereats.com/phoenix/food-delivery/miracle-mile-deli/BtUr8cUiTbCVsdLBqtL-Ww,scottsdale-arizona
https://www.ubereats.com/phoenix/food-delivery/boston-market-2712-n-scottsdale-road/Q_LdlsoORX6jT-euOc9sOw,scottsdale-arizona
https://www.ubereats.com/phoenix/food-delivery/slanted-rice-vietnamese-bistro/7L8EEURgRWedWGNWfkWl0Q,scottsdale-arizona
https://www.ubereats.com/phoenix/food-delivery/the-ice-cream-shop/YfhKh1dnQAiRRassKBLtgA,scottsdale-arizona
https://www.ubereats.com/phoenix/food-delivery/postino-arcadia/x-dizEohRwqKLByBPX8gGw,scottsdale-arizona
https://www.ubereats.com/phoenix/food-delivery/roys-desert-ridge/VPvBOX5-T2yW1RUOUsZGeQ,scottsdale-arizona
https://www.ubereats.com/phoenix/food-delivery/the-white-chocolate-grill-scottsdale/iltXIvBKTE-iIKMR6xzy5g,scottsdale-arizona
https://www.ubereats.com/phoenix/food-delivery/the-wing-man/YKLyr9u3Sfi7qtnchIKUNQ,scottsdale-arizona
https://www.ubereats.com/phoenix/food-delivery/baiz-market/OrQktJwuRKGCS8NMipDa8w,scottsdale-arizona
https://www.ubereats.com/phoenix/food-delivery/burritos-locos-kierland-commons-2/dS7UvZqBTWi6Hk0F_2HOLg,scottsdale-arizona
https://www.ubereats.com/phoenix/food-delivery/capriottis-sandwich-shop-scottsdale-%26-1st-ave/kKErs34RSSyX5JDNjqJd1Q,scottsdale-arizona
https://www.ubereats.com/phoenix/food-delivery/wing-station/hDAQ_rvlTtC0pGcTJcshpw,scottsdale-arizona
https://www.ubereats.com/phoenix/food-delivery/umami-bbq-%26-sushi/hfGH4P4oQny9dJOx82mniQ,scottsdale-arizona
https://www.ubereats.com/phoenix/food-delivery/sprinkles-scottsdale/BCLoNnymTmWGJPmr9P2K1w,scottsdale-arizona
https://www.ubereats.com/phoenix/food-delivery/nee-house-chinese-restaurant/nxqjFnFhSH6-I07hJYMZag,scottsdale-arizona
https://www.ubereats.com/phoenix/food-delivery/yummy-yummy-chinese-food/3X0gPCMNSOaxFkZ3JUTL6w,scottsdale-arizona
https://www.ubereats.com/phoenix/food-delivery/brooklyn-mikes-subs/acnDYSN8RmKTK9agcyPBvg,scottsdale-arizona
https://www.ubereats.com/phoenix/food-delivery/portillos-hot-dogs-10574-n-90th-street/7KclGPHDRG2zWaPg3QH0pg,scottsdale-arizona
https://www.ubereats.com/phoenix/food-delivery/creamistry-indian-school-%26-44th-st/zC1jU2m0Tk6WZbN5gvOQaw,scottsdale-arizona
https://www.ubereats.com/phoenix/food-delivery/taj-mahal/8lIPbCV8QLW5RsLzJxpN_w,scottsdale-arizona
https://www.ubereats.com/phoenix/food-delivery/the-porch/naECj_3jSSy0W7xbAD2c1g,scottsdale-arizona
https://www.ubereats.com/phoenix/food-delivery/chipotle-mexican-grill-9301-e-shea-blvd-ste-102/FEnv_TIgRiW6bSlsk3uAxw,scottsdale-arizona
https://www.ubereats.com/phoenix/food-delivery/maple-%26-ash-scottsdale/7d1kYZhvSpygMhVZpyv8sQ,scottsdale-arizona
https://www.ubereats.com/phoenix/food-delivery/ktreats/VE1ITKgoSlS7LzpHyXG6pA,scottsdale-arizona
https://www.ubereats.com/phoenix/food-delivery/fatburger-%26-buffalos-express-28255-n-tatum-blvd/eFIHiBlrQBy1VCdqkiY2mg,scottsdale-arizona
https://www.ubereats.com/phoenix/food-delivery/dennys-phoenix/hC2LlVSsSJag4E7KP4ajvg,scottsdale-arizona
https://www.ubereats.com/phoenix/food-delivery/tea-moment/JXs0KUK6SOGnapzL1_X5Ww,scottsdale-arizona
https://www.ubereats.com/phoenix/food-delivery/carls-jr-3380-n-hayden-road/ks138vlRQhW2khjxrI2Dkg,scottsdale-arizona
https://www.ubereats.com/phoenix/food-delivery/auntie-annes-7014-e-camelback-rd-space-%232032/T6UQRSYMRhqDRV4Ax0m_Yg,scottsdale-arizona
https://www.ubereats.com/phoenix/food-delivery/sonic-4740-e-baseline-road/Uj7qgt59QuGAAT6F8xURZQ,scottsdale-arizona
https://www.ubereats.com/phoenix/food-delivery/wildflower-15640-n-hayden-rd/HI9VPda8SGilUARtq7_Oyw,scottsdale-arizona
https://www.ubereats.com/phoenix/food-delivery/jakes-shakes/36mbKHZ2Tzee2DhTckpe2Q,scottsdale-arizona
https://www.ubereats.com/phoenix/food-delivery/socal-burger-boys/RVJByuTSSlCqqWbmx5ThAA,scottsdale-arizona
https://www.ubereats.com/phoenix/food-delivery/arizona-bread-company/RLAlmYT9SWKf98QktL46Sw,scottsdale-arizona
https://www.ubereats.com/phoenix/food-delivery/nicks-italian-restaurants-tatum-%26-shea/O91nelt4SrScZEGeUOuT9Q,scottsdale-arizona
https://www.ubereats.com/phoenix/food-delivery/mcdonalds-pima-%26-frank-lloyd-wright/_jYIwUi3SpWj2a8ZB4o1xA,scottsdale-arizona
https://www.ubereats.com/phoenix/food-delivery/pita-kitchen-tempe/Z0xgBN5ERumup-8GLULqNQ,scottsdale-arizona
https://www.ubereats.com/phoenix/food-delivery/barrio-queen-n-tatum-blvd/VZHiamrBRxquxNQ-zFwaPw,scottsdale-arizona
https://www.ubereats.com/phoenix/food-delivery/windsor/nQhQkQcjR5qL4qCw5VgHkg,scottsdale-arizona
https://www.ubereats.com/phoenix/food-delivery/davids-hamburgers-and-mexican-food/BNW3u9SCSZG9_T1FgGloaA,scottsdale-arizona
https://www.ubereats.com/phoenix/food-delivery/imperio-667/NC4h5bNRTtWw3AnN7ypfAQ,scottsdale-arizona
https://www.ubereats.com/phoenix/food-delivery/crust-bell-%26-tatum/H5Syd5OwSHyqgg3BB_XpKw,scottsdale-arizona
https://www.ubereats.com/phoenix/food-delivery/los-betos-mexican-food/FTU5xraERWKDsrfe97SUkA,scottsdale-arizona
https://www.ubereats.com/phoenix/food-delivery/rubios-15705-n-hayden-rd/w8u9u4xSQVOvMrQAccJulg,scottsdale-arizona
https://www.ubereats.com/phoenix/food-delivery/jack-in-the-box-3545-e-thomas-rd/R02MDLP7QU6U8ers33bKyg,scottsdale-arizona
https://www.ubereats.com/phoenix/food-delivery/arbys-525-w-broadway-road/FA1wXTwXTdyIbwuyX9uLrw,scottsdale-arizona
https://www.ubereats.com/phoenix/food-delivery/papa-murphys-20343-n-hayden-road-suite-110/asbaOIlsQ0C2qybZ_RzEXw,scottsdale-arizona
https://www.ubereats.com/phoenix/food-delivery/outta-bronx/WirhEvqHQbeDw6AIMUjLOQ,scottsdale-arizona
https://www.ubereats.com/phoenix/food-delivery/cactus-flats-roadhouse/L1zA_bfTTIuVU8gvdP6LBg,scottsdale-arizona
https://www.ubereats.com/phoenix/food-delivery/sy-nergy-cafe-and-nutrition/9i7Wa67wSq6kyYxwHVsYFg,scottsdale-arizona
https://www.ubereats.com/phoenix/food-delivery/flemings-prime-steakhouse-%26-wine-bar-scottsdale/NfnDGuxLRpyiA65BP7Gjaw,scottsdale-arizona
https://www.ubereats.com/phoenix/food-delivery/wandering-donkey/6fXEkuzeSEm0BVvQ8_dPbQ,scottsdale-arizona
https://www.ubereats.com/phoenix/food-delivery/waba-grill-16635-n-tatum-blvd-phoenix/y_TMqEw_Sxa1F-FBBGgDMg,scottsdale-arizona
https://www.ubereats.com/phoenix/food-delivery/weft-%26-warp-art-bar-%2B-kitchen/m9W9bsUHS3aq4nPTYhV06Q,scottsdale-arizona
https://www.ubereats.com/phoenix/food-delivery/panera-7145-e-indian-school-road/ZPoOLGAYSAmuKdMIe9vlQg,scottsdale-arizona
https://www.ubereats.com/phoenix/food-delivery/mod-pizza-44th-%26-indian/TQL8oykBSYylKYUCgjVu7Q,scottsdale-arizona
https://www.ubereats.com/phoenix/food-delivery/buffalo-wild-wings-7401-e-frank-lloyd-wright-blvd/rKMfL5IoSUyldb1FMvGDow,scottsdale-arizona
https://www.ubereats.com/phoenix/food-delivery/comoncy-coffee/Z8ccPIjBQvCZP_bS_4vyVg,scottsdale-arizona
https://www.ubereats.com/phoenix/food-delivery/my-louisiana/kmfanVhDRPeaLZGuucqSJg,scottsdale-arizona
https://www.ubereats.com/phoenix/food-delivery/convenient-corner-market/858jXsq8TtCnDJWLV9zL_Q,scottsdale-arizona
https://www.ubereats.com/phoenix/food-delivery/jack-in-the-box-4741-e-mcdowell-rd/mF2jevgDTnODIRH6DJElKQ,scottsdale-arizona
https://www.ubereats.com/phoenix/food-delivery/taco-bell-423-s-mill-ave/IYAIiUpMRTuiI4S1eqlLOg,scottsdale-arizona
https://www.ubereats.com/phoenix/food-delivery/candy-addict/R0VyFXAgQJ-bkbp_JW-_Nw,scottsdale-arizona
https://www.ubereats.com/phoenix/food-delivery/benihana-16403-n-scottsdale-road/9dAvIliCQZClQpd1mzWgCQ,scottsdale-arizona
https://www.ubereats.com/phoenix/food-delivery/mothership-pizza/p91TKcTDSk2vdw2K7kM82A,scottsdale-arizona
https://www.ubereats.com/phoenix/food-delivery/rtosullivans/4LWka_1pR8-77gygxOW0PA,scottsdale-arizona
https://www.ubereats.com/phoenix/food-delivery/mixt-scottsdale/34zbfQIpRA262Ktak5F92w,scottsdale-arizona
https://www.ubereats.com/phoenix/food-delivery/tiffys-desserts-dba-smallcakes-scottsdale/Ke-VoEGfRJSTVcD3wH4VRQ,scottsdale-arizona
https://www.ubereats.com/phoenix/food-delivery/filibertos-mexican-food-14884-pima-rd/kGj67soMRuiqXsTVqtubHg,scottsdale-arizona
https://www.ubereats.com/phoenix/food-delivery/pita-jungle-fashion-square/2nuuQx86QLG2utN3gOx_Ww,scottsdale-arizona
https://www.ubereats.com/phoenix/food-delivery/tasty-chicken-wings/6bVw3BIlRAee7o6qG3nRjw,scottsdale-arizona
https://www.ubereats.com/phoenix/food-delivery/power-lunch-salads/bPeKJCZgTvaMfnyTjy18cA,scottsdale-arizona
https://www.ubereats.com/phoenix/food-delivery/la-carreta-hot-dogs/J-TlPlbsR6u8cgNs1uOEKg,scottsdale-arizona
https://www.ubereats.com/phoenix/food-delivery/asian-island-chinese-cuisine/oU_gnbZ_T8S5eZcTm5A1VA,scottsdale-arizona
https://www.ubereats.com/phoenix/food-delivery/wich-please/567LIbGATaaV79K1XE0g4g,scottsdale-arizona
https://www.ubereats.com/phoenix/food-delivery/upper-crust-pizza/G7V2NHewQAOON43kJ8fe-A,scottsdale-arizona
https://www.ubereats.com/phoenix/food-delivery/five-guys-az-0536-15435-n-scottsdale-rd/VNo4lB5tRuKoJQRfKeqNUA,scottsdale-arizona
https://www.ubereats.com/phoenix/food-delivery/taco-bell-1674-e-southern-ave/rYChFitmR0m0yvBUw8Qq5Q,scottsdale-arizona
https://www.ubereats.com/phoenix/food-delivery/red-devil-italian-restaurant-central-phoenix/CaEo3qSiRPuyAAiFY9AUFA,scottsdale-arizona
https://www.ubereats.com/phoenix/food-delivery/delicious-factory/MI1bBUaBTEuv2ce8e_TTIQ,scottsdale-arizona
https://www.ubereats.com/phoenix/food-delivery/jack-in-the-box-7412-e-mcdowell-rd/kxlIQU4lT164vClLUAxeYg,scottsdale-arizona
https://www.ubereats.com/phoenix/food-delivery/arrivederci/LAHIB2gYSoO9EHm5-NWb9w,scottsdale-arizona
https://www.ubereats.com/phoenix/food-delivery/bunti-gs-street-tacos/oefHf__5TJ6bK7hwGbIwRQ,scottsdale-arizona
https://www.ubereats.com/phoenix/food-delivery/subway-23359-n-pima-rd/4XhZQkqDT8KOVeSm6zUlEg,scottsdale-arizona
https://www.ubereats.com/phoenix/food-delivery/lemonshark-poke-tempe/gAlvWMLJSui9kJKmn7ig6Q,scottsdale-arizona
https://www.ubereats.com/phoenix/food-delivery/stufrageous-stuffed-burgers/dgN3S1D8Smqfta-IX9iS2g,scottsdale-arizona
https://www.ubereats.com/phoenix/food-delivery/california-pizza-kitchen-21001-n-tatum-blvd-ste-40-1370/YHKE587rQ5eiCWzDJSUHiQ,scottsdale-arizona
https://www.ubereats.com/phoenix/food-delivery/breakfast-kitchen-bar/qlFYVwZrSJWpXGyw-rI00A,scottsdale-arizona
https://www.ubereats.com/phoenix/food-delivery/arena-sports-grill/Odt4fz2rTcmpGFFjcMR6cg,scottsdale-arizona
https://www.ubereats.com/phoenix/food-delivery/taco-bell-14002-n-scottsdale/j9CeLMnaSRKM2OK26gWjmA,scottsdale-arizona
https://www.ubereats.com/phoenix/food-delivery/yama-sushi-%26-asian-cuisine/gMcRDv2xTg-K9PFzJO_8bw,scottsdale-arizona
https://www.ubereats.com/phoenix/food-delivery/the-americano/v1CrDYTkS56EsPZDQvpGSQ,scottsdale-arizona
https://www.ubereats.com/phoenix/food-delivery/joes-new-york-pizza/FerT7AfmRCiOfM2MGdwaYQ,scottsdale-arizona
https://www.ubereats.com/phoenix/food-delivery/phat-philly-cheesesteaks/OhpsdG4OQ6SPAPH_S8vJSw,scottsdale-arizona
https://www.ubereats.com/phoenix/food-delivery/wingspot-az/3Yy9kBFvRpeN-hgiA4-u_w,scottsdale-arizona
https://www.ubereats.com/phoenix/food-delivery/chipotle-mexican-grill-5355-e-carefree-hwy-bldg-e/Osuu11zWQuaQ2izrjOzecA,scottsdale-arizona
https://www.ubereats.com/phoenix/food-delivery/fellow-osteria/CEMVJL3FQsiXHEIEllT4Jw,scottsdale-arizona
https://www.ubereats.com/phoenix/food-delivery/krispy-kreme-main-%26-dobson/k5KSirrVTOy7s1dEfEPQpQ,scottsdale-arizona
https://www.ubereats.com/phoenix/food-delivery/morning-squeeze-scottsdale/zmK-dvBmRZmR7GWBtoxtDw,scottsdale-arizona
https://www.ubereats.com/phoenix/food-delivery/the-sandwich-stand/kqsBi7HyRLOICoPukIX4EQ,scottsdale-arizona
https://www.ubereats.com/phoenix/food-delivery/fired-pie-hayden-%26-mountain-view/kMwoBssrSmiunvH-t3TzFg,scottsdale-arizona
https://www.ubereats.com/phoenix/food-delivery/chipotle-mexican-grill-3125-e-indian-school-rd-ste-101/vVYZZ7v1R9ujBXrauSX7_w,scottsdale-arizona
https://www.ubereats.com/phoenix/food-delivery/babbo-italian-eatery/POAEQAbKSvuV6H6Sa_2igg,scottsdale-arizona
https://www.ubereats.com/phoenix/food-delivery/wanna-waffle/9Ran3mChTxSv7nCmEOgU6Q,scottsdale-arizona
https://www.ubereats.com/phoenix/food-delivery/arbys-9049-e-talking-stick-way/bpebkuHmTMOgGgNKyJZQ5A,scottsdale-arizona
https://www.ubereats.com/phoenix/food-delivery/dennys-scottsdale-%26-drinkwater/M5Z-sbUpR8mqWJ4G6x5R-Q,scottsdale-arizona
https://www.ubereats.com/phoenix/food-delivery/dog-haus-15257-n-scottsdale-rd/1qqBVn7ER2yc5d6Syff1dQ,scottsdale-arizona
https://www.ubereats.com/phoenix/food-delivery/taco-bell-2450-e-indian-school-rd/F6GwOK4AShOJgtzz0WtcfA,scottsdale-arizona
https://www.ubereats.com/phoenix/food-delivery/taco-bell-7153-e-thomas-rd/GE3Aei6BSX-3sz4ryggrrg,scottsdale-arizona
https://www.ubereats.com/phoenix/food-delivery/pei-wei-asian-diner-8787-n-scottsdale-rd/V4nVkUUdTsaRAufrFya0qg,scottsdale-arizona
https://www.ubereats.com/phoenix/food-delivery/tea-moment/tkitGo-dRvuG8yzkQ8OP8w,scottsdale-arizona
https://www.ubereats.com/phoenix/food-delivery/carls-jr-1015-n-dobson-rd/tMdXt8bnRomooUsqikysnA,scottsdale-arizona
https://www.ubereats.com/phoenix/food-delivery/a-burrito/S6xH6y3XTU-0mGHbNBWVdQ,scottsdale-arizona
https://www.ubereats.com/phoenix/food-delivery/mcdonalds-shea-%26-92nd-st/Xj05g23qSK6oTO6YaGmGIg,scottsdale-arizona
https://www.ubereats.com/phoenix/food-delivery/rosatis-pizza-e-bell-rd-%26-n-40th-st/RvpeT_D5QDKJUuso4HA_8A,scottsdale-arizona
https://www.ubereats.com/phoenix/food-delivery/wendys-3014-n-scottsdale-rd/-ldBxqCpTMa2h9j3JEKGlA,scottsdale-arizona
https://www.ubereats.com/phoenix/food-delivery/el-pollo-loco-15540-n-hayden-rd3855/WZIzMKV4TeWFQeS507zP7g,scottsdale-arizona
https://www.ubereats.com/phoenix/food-delivery/starlite-bbq/JfaQK2qBQIGqleZcTH8_aQ,scottsdale-arizona
https://www.ubereats.com/phoenix/food-delivery/saladworks-7127-e-shea-boulevard/ocp3BtkfQ56QrQLA3YziTg,scottsdale-arizona
https://www.ubereats.com/phoenix/food-delivery/spicy!-chinese-yum!-yum!/9hVU-jzIQgSKHuKlYWEMTA,scottsdale-arizona
https://www.ubereats.com/phoenix/food-delivery/red-robin-115-8970-e-shea-blvd/xCi8GQr4TaahibO7mCqIwQ,scottsdale-arizona
https://www.ubereats.com/phoenix/food-delivery/taco-bell-4854-east-bell-road/CmIuPT4gSk6LMka0LsGUMg,scottsdale-arizona
https://www.ubereats.com/phoenix/food-delivery/jamba-juice-2765-n-scottsdale-rd-ste-102/NxME1nXSQs-k8ZVc8kq7-Q,scottsdale-arizona
https://www.ubereats.com/phoenix/food-delivery/lucilles-smokehouse-bar-b-que-tempe/cpYWORQRROWM_VO-nIam3A,scottsdale-arizona
https://www.ubereats.com/phoenix/food-delivery/chipotle-mexican-grill-16635-n-tatum-blvd-ste-100/JbL8jffOQtutG3NKENUguQ,scottsdale-arizona
https://www.ubereats.com/phoenix/food-delivery/portillos-hot-dogs-65-s-mcclintock-dr/X60CLkW_RnuD-ZH7_US9Fw,scottsdale-arizona
https://www.ubereats.com/phoenix/food-delivery/honey-bears-bbq-van-buren/v2KuiSCzQ8yxnbwUP7n7Ag,scottsdale-arizona
https://www.ubereats.com/phoenix/food-delivery/cafe-pranzo/M3ETV4vWTVSwQAXe7i4qTw,scottsdale-arizona
https://www.ubereats.com/phoenix/food-delivery/the-herb-box-pima-%26-90th-pl/0-W1jSodTquHyaDdJuE6lg,scottsdale-arizona
https://www.ubereats.com/phoenix/food-delivery/brunch-cafe-scottsdale/Q8moRoO3TKuZ2ZSG93eXUQ,scottsdale-arizona
https://www.ubereats.com/phoenix/food-delivery/ramen-hood/FIYNmm_CRnOL_A7VJWmrpw,scottsdale-arizona
https://www.ubereats.com/phoenix/food-delivery/stockyards-restaurant/nw0GN9udTSeQY7ncTu56iQ,scottsdale-arizona
https://www.ubereats.com/phoenix/food-delivery/pacos-tacos/hhRa3zUeSAaD22uKRVhcRQ,scottsdale-arizona
https://www.ubereats.com/phoenix/food-delivery/clancys-pizza-%26-pub/L3M_MnWATRG8p8EphS0jjA,scottsdale-arizona
https://www.ubereats.com/phoenix/food-delivery/chez-vous/0nnEZYzaRxGg5McSdHNp4Q,scottsdale-arizona
https://www.ubereats.com/phoenix/food-delivery/inner-circle-cafe/HJTjP73yRWyMtBtd2p06vQ,scottsdale-arizona
https://www.ubereats.com/phoenix/food-delivery/taco-bell-1336-w-university-drive/9qsiMwNCR-O91aoIiOASqQ,scottsdale-arizona
https://www.ubereats.com/phoenix/food-delivery/jack-in-the-box-901-e-curry-rd/olcYfQdZSCedmTfvkOrM5Q,scottsdale-arizona
https://www.ubereats.com/phoenix/food-delivery/citi-market-deli-%40-scottsdale-landing/Vdce_zBtQySnRBL1N8slFw,scottsdale-arizona
https://www.ubereats.com/phoenix/food-delivery/the-creek-patio-grill/NGRCwBsTSmmBXU09iQi50Q,scottsdale-arizona
https://www.ubereats.com/phoenix/food-delivery/angry-spud/o3V1wb_mQV6MONRJ0sS4pw,scottsdale-arizona
https://www.ubereats.com/phoenix/food-delivery/el-jefe-tacos/Cq4OQJMHSWiDbXrIv553lw,scottsdale-arizona
https://www.ubereats.com/phoenix/food-delivery/inchins-bamboo-garden-phoenix/fqXtP5AAR4iOC-KXPJVdNw,scottsdale-arizona
https://www.ubereats.com/phoenix/food-delivery/miss-dessert/pnZR6UE7R86_bi3fkB9yrQ,scottsdale-arizona
https://www.ubereats.com/phoenix/food-delivery/mcdonalds-scottsdale-%26-thomas/2o28aYG8SIyj5pInz_uezA,scottsdale-arizona
https://www.ubereats.com/phoenix/food-delivery/arcadia-tavern/iajmBH18RhyusJY_LsK4RQ,scottsdale-arizona
https://www.ubereats.com/phoenix/food-delivery/krispy-kreme-shea-%26-71st-st/uc15pQhpRxG6I8pINNHwAQ,scottsdale-arizona
https://www.ubereats.com/phoenix/food-delivery/arbys-17031-north-tatum-blvd/NuD93Z-7SR6JJHurSWMZzQ,scottsdale-arizona
https://www.ubereats.com/phoenix/food-delivery/froth-coffee-and-taphouse/qX8cXhplRiODLEpva2Ffew,scottsdale-arizona
https://www.ubereats.com/phoenix/food-delivery/island-loco/oD9W0kSBSyOf6lIfwAQPVw,scottsdale-arizona
https://www.ubereats.com/phoenix/food-delivery/cold-stone-creamery-21001-n-tatum-blvd-ste-36-1180/oIBk4uHERMqNkwupYi8LWQ,scottsdale-arizona
https://www.ubereats.com/phoenix/food-delivery/susies-az-kitchen/qQIrYe9xT7CHHn9aHQr22g,scottsdale-arizona
https://www.ubereats.com/phoenix/food-delivery/oeb-breakfast-scottsdale/3zv7k6rcT4qQKFr0lZnERQ,scottsdale-arizona
https://www.ubereats.com/phoenix/food-delivery/tara-thai/SlDpWR76R-qdGTKqrDubNA,scottsdale-arizona
https://www.ubereats.com/phoenix/food-delivery/chow-44/POBBb2tsQmGWDNH4aXQU8A,scottsdale-arizona
https://www.ubereats.com/phoenix/food-delivery/pita-jungle-tempe/RDLa-iAISduzczJNTXFJSw,scottsdale-arizona
https://www.ubereats.com/phoenix/food-delivery/thirsty-lion-gastropub-%26-grill-2000-e-rio-salado-pkwy/GDlmhriGTu2HO1KOAQy_sw,scottsdale-arizona
https://www.ubereats.com/phoenix/food-delivery/the-sicilian-butcher-phoenix/mlKLUZFgTqyOiq-b1kUyVQ,scottsdale-arizona
https://www.ubereats.com/phoenix/food-delivery/pasta-pirozzi/Wb2AHsMoSf2NEnDR3NgR8A,scottsdale-arizona
https://www.ubereats.com/phoenix/food-delivery/senor-taco/PLgFLlIaR8Kr7BvwW_UJIw,scottsdale-arizona
https://www.ubereats.com/phoenix/food-delivery/cracker-barrel-old-country-store-1007-n-dobson-rd/0wLRaPYfRWqCmMIUJjNwkw,scottsdale-arizona
https://www.ubereats.com/phoenix/food-delivery/las-thai-cuisine/dO2DLR4qQMm3vAp_N33yFg,scottsdale-arizona
https://www.ubereats.com/phoenix/food-delivery/cien-agaves-tacos-%26-tequila-mayo-%26-scottsdale/1bLlYtXTQ8aj8x3y7wnf1A,scottsdale-arizona
https://www.ubereats.com/phoenix/food-delivery/boston-market-3435-s-mcclintock-dr/Mc6GZBnoQW2Krg5kIWL2tg,scottsdale-arizona
https://www.ubereats.com/phoenix/food-delivery/stampede-sports-bar/HNpx2yLHTb-Kt_Kvpgj0Vg,scottsdale-arizona
https://www.ubereats.com/phoenix/food-delivery/cafe-paris/Iq66Do9wQeWkL1d7hq2yvA,scottsdale-arizona
https://www.ubereats.com/phoenix/food-delivery/auntie-annes-5000-arizona-mills-circle-spc-120/UQAH4FtlR8iTCrriOeB_fQ,scottsdale-arizona
https://www.ubereats.com/phoenix/food-delivery/jersey-mikes-subs-scottsdale-15807-e-frank-lloyd-wright/W1tzGj9gTZqIoxObeqRd7Q,scottsdale-arizona
https://www.ubereats.com/phoenix/food-delivery/matts-big-breakfast-scottsdale/6PejKi9ITNKZWs6aF4IDRg,scottsdale-arizona
https://www.ubereats.com/phoenix/food-delivery/chick-fil-a-4105-n-44th-st/BF40J-srQ9yXJvd4c1hUYw,scottsdale-arizona
https://www.ubereats.com/phoenix/food-delivery/hyderabad-house-arizona/2obkKi5EQkOn-myBexTPqA,scottsdale-arizona
https://www.ubereats.com/phoenix/food-delivery/chipotle-mexican-grill-815-e-baseline-rd-ste-118/Mj0Rfqc7R9y3dxUwQL3hDw,scottsdale-arizona
https://www.ubereats.com/phoenix/food-delivery/urban-boba-tea-house/v2W7xuFxQ3W-fYhC9507ag,scottsdale-arizona
https://www.ubereats.com/phoenix/food-delivery/ra-sushi-13802-n-scottsdale-road-suite-176/EJJdPzSsQmWMSXfPUEbeoA,scottsdale-arizona
https://www.ubereats.com/phoenix/food-delivery/the-ice-cream-shop/9c-3B80mQrCFzmo0Xto93g,scottsdale-arizona
https://www.ubereats.com/phoenix/food-delivery/mcdonalds-granite-reef-%26-mcdonald/LUlPNGrrRs6WNRzqtuGsqg,scottsdale-arizona
https://www.ubereats.com/phoenix/food-delivery/po-chicken/Q_vcGTOiSgC6ntBw0XjZXg,scottsdale-arizona
https://www.ubereats.com/phoenix/food-delivery/chipotle-mexican-grill-2805-n-scottsdale-rd-ste-105/2PBy2vHxQJKOgAzHSh1apg,scottsdale-arizona
https://www.ubereats.com/phoenix/food-delivery/schlotzskys-deli-90th-st-%26-mountain-view/L2wJT5VvTS20eaDcWbTHMA,scottsdale-arizona
https://www.ubereats.com/phoenix/food-delivery/yogis-grill-tempe-marketplace/vdrguX6NTDmjG6-cJCDVLQ,scottsdale-arizona
https://www.ubereats.com/phoenix/food-delivery/five-guys-az-0567-2641-n-44th-st/FrhkuWXNQBCl82JWrqG3Fw,scottsdale-arizona
https://www.ubereats.com/phoenix/food-delivery/burger-king-15355-n-northsight-blvd/MEvywbIuRCS3OcJq1KfRkA,scottsdale-arizona
https://www.ubereats.com/phoenix/food-delivery/paul-martins-american-grill-scottsdale/qW81YYIkSLG810aAGN1I8A,scottsdale-arizona
https://www.ubereats.com/phoenix/food-delivery/gelato-cimmino/f1yqmHCwTT64TvnmRtOfDg,scottsdale-arizona
https://www.ubereats.com/phoenix/food-delivery/pita-jungle-desert-ridge/DmmmiK6TQXOpdc9UNcTOfw,scottsdale-arizona
https://www.ubereats.com/phoenix/food-delivery/wendys-4815-n-pima-road/iQaqubqmRValPYvn4IylUQ,scottsdale-arizona
https://www.ubereats.com/phoenix/food-delivery/cartel-coffee-lab/GrKg-gWTQPyFEX0c3U-qUg,scottsdale-arizona
https://www.ubereats.com/phoenix/food-delivery/tacos-frescos/2xv3Q46PSteZ94pnDOE4Aw,scottsdale-arizona
https://www.ubereats.com/phoenix/food-delivery/blaze-pizza-16201-n-scottsdale-rd-suite-105/GD1AJlu_T4iZvtovthM2jQ,scottsdale-arizona
https://www.ubereats.com/phoenix/food-delivery/pinnacle-peak-general-store/-qKTGrxuR9eGV3MFNPEs2Q,scottsdale-arizona
https://www.ubereats.com/phoenix/food-delivery/bosa-donuts-east-southern-ave/LKEf3ROLR2-mzJQyej5inw,scottsdale-arizona
https://www.ubereats.com/phoenix/food-delivery/the-vig-arcadia-40th-st/VlZLUEz3SB2bLj-NylusOg,scottsdale-arizona
https://www.ubereats.com/phoenix/food-delivery/state-48-lager-house-scottsdale/7YzcoXdZTF-PAsS6u5Tfvg,scottsdale-arizona
https://www.ubereats.com/phoenix/food-delivery/thai-chili-2-go-north-scottsdale/uX-8583FTE-Km0Am84B7KA,scottsdale-arizona
https://www.ubereats.com/phoenix/food-delivery/metropolis/EcpdEatkTnyKA5dDD-E8mg,scottsdale-arizona
https://www.ubereats.com/phoenix/food-delivery/sharetea/xQ0-pfo_QLuiPzqYWfLOzA,scottsdale-arizona
https://www.ubereats.com/phoenix/food-delivery/jack-in-the-box-14842-n-frank-lloyd-wright-blvd/qR_H45WNTg6ADkfIcUTRsg,scottsdale-arizona
https://www.ubereats.com/phoenix/food-delivery/starbucks-21050-n-tatum-blvd-suite-100/6nL1kfn2SlmYaWtAR3Xyug,scottsdale-arizona
https://www.ubereats.com/phoenix/food-delivery/sorso-wine-room/xx4UJEHmShWxiI4CPh22Bg,scottsdale-arizona
https://www.ubereats.com/phoenix/food-delivery/the-thumb/c_dzr7nXQuS2aT0CyWWklQ,scottsdale-arizona
https://www.ubereats.com/phoenix/food-delivery/arbys-3826-e-thomas-rd/eUe813RXTCCsFiibtb9cAg,scottsdale-arizona
https://www.ubereats.com/phoenix/food-delivery/bunch-of-munchies/tGs5I63HQj2EGl8lLooCwg,scottsdale-arizona
https://www.ubereats.com/phoenix/food-delivery/rallys-1410-west-university/KndaiGmCT_WFH5b2c8LF8Q,scottsdale-arizona
https://www.ubereats.com/phoenix/food-delivery/pokitrition-sushi-burritos-%26-poke/XspZwVhSRY22C6LRRaO0rg,scottsdale-arizona
https://www.ubereats.com/phoenix/food-delivery/wing-squad-scottsdale/zM19dPYVQv2XPvKg77mIfw,scottsdale-arizona
https://www.ubereats.com/phoenix/food-delivery/capri-market-%26-deli-dba-the-ice-cream-shop/aecQPtbhTMCxyk6UixYp1w,scottsdale-arizona
https://www.ubereats.com/phoenix/food-delivery/nypd-pizza-raintree-%26-101/FN5mklW1S9CtISc_LTRHKw,scottsdale-arizona
https://www.ubereats.com/phoenix/food-delivery/nomaste-baking-co/4vJVv-h3Qai9d6P_tDBIMw,scottsdale-arizona
https://www.ubereats.com/phoenix/food-delivery/otto-pizza-%26-pastry/Ul2xtHqESlmTkxAN5jm8yg,scottsdale-arizona
https://www.ubereats.com/phoenix/food-delivery/chipotle-mexican-grill-21001-n-tatum-blvd/mcYivJGrRYq5ZYsnyfsBag,scottsdale-arizona
https://www.ubereats.com/phoenix/food-delivery/papa-murphys-29455-north-cave-creek-road-suite-142/NHyBID-pTn-ekcnTQ7v0sQ,scottsdale-arizona
https://www.ubereats.com/phoenix/food-delivery/slices-rio-salado-%26-mcclintock/s5a5fcUVRrSl5eHSvsLAOQ,scottsdale-arizona
https://www.ubereats.com/phoenix/food-delivery/trap-food-xpress-chicken-wings-%26-soul-food/ltmkPjo7RK-Ls_TFn1Vzbg,scottsdale-arizona
https://www.ubereats.com/phoenix/food-delivery/mad-greens-rio-salado-%26-mcclintock/1AzEjkGqRBuqbQWSR2c-Mw,scottsdale-arizona
https://www.ubereats.com/phoenix/food-delivery/ranch-wings/uiElzUlXTq2-mJZJ3ZNEeQ,scottsdale-arizona
https://www.ubereats.com/phoenix/food-delivery/jamba-juice-4811-n-16th-st-%23102/75RJDoXiS1u6M5CKDsnIJw,scottsdale-arizona
https://www.ubereats.com/phoenix/food-delivery/batched-meals-mesa/2ZQwdyABS36Wc2m6SAF0sA,scottsdale-arizona
https://www.ubereats.com/phoenix/food-delivery/friend-fries/LwA94aGpSDulni1mu2Lhaw,scottsdale-arizona
https://www.ubereats.com/phoenix/food-delivery/pinnacle-grille/6RyBuZTxSuG-NMYVPqHrIA,scottsdale-arizona
https://www.ubereats.com/phoenix/food-delivery/drive-santa-maria-style-bbq/e0IRgdmeQBuPnlu3RzUEEQ,scottsdale-arizona
https://www.ubereats.com/phoenix/food-delivery/kabuki-japanese-restaurant-tempe/8Iq5u7DKSJKW7r6HstflZw,scottsdale-arizona
https://www.ubereats.com/phoenix/food-delivery/the-bodhi/MJmzrHkKRnCOqXTpIu60jQ,scottsdale-arizona
https://www.ubereats.com/phoenix/food-delivery/pf-changs-7132-e-greenway-pkwy/JwzsxtQQQLas99d2pVbzjQ,scottsdale-arizona
https://www.ubereats.com/phoenix/food-delivery/urban-phoenix/bx3zAf4VQWOiyqWmEOgWHg,scottsdale-arizona
https://www.ubereats.com/phoenix/food-delivery/hooters-mesa-fiesta-mall/0bC8DXVQTBamxSMUDmV7oQ,scottsdale-arizona
https://www.ubereats.com/phoenix/food-delivery/sports-burger/JfDyk91mTvC9aaVg_o0_6g,scottsdale-arizona
https://www.ubereats.com/phoenix/food-delivery/sauce-pizza-%26-wine-n-scottsdale-rd/2qRF0gENRNymNuZ4w3igBw,scottsdale-arizona
https://www.ubereats.com/phoenix/food-delivery/potbelly-sandwich-shop-sonora-village-%7C-324/rjJQKeeORWGZYZ-SnYxFkQ,scottsdale-arizona
https://www.ubereats.com/phoenix/food-delivery/native-grill-%26-wings-broadway-%26-dorsey/lmZuAkhlQim7w51bOJAjEg,scottsdale-arizona
https://www.ubereats.com/phoenix/food-delivery/johnny-rockets-9500-east-via-de-ventura-c-200/oVSBTJknTIuId0dyRt0ohA,scottsdale-arizona
https://www.ubereats.com/phoenix/food-delivery/california-pizza-kitchen-2400-e-camelback-rd-ste-112/3cIBj93yS2ObmBDKewJ4yw,scottsdale-arizona
https://www.ubereats.com/phoenix/food-delivery/az-chimney-cakes/ZFJmpg0JT4WsOYXLllqnnQ,scottsdale-arizona
https://www.ubereats.com/phoenix/food-delivery/rilibertos-tempe/ZUZsl11QT2G-cc9W9XmxEA,scottsdale-arizona
https://www.ubereats.com/phoenix/food-delivery/basil-and-garlic-bistro/5sZyo5yHTYatfLJWOJ8ccg,scottsdale-arizona
https://www.ubereats.com/phoenix/food-delivery/the-ice-cream-shop/oNaaV15VQ4mMPmtj3VHpaQ,scottsdale-arizona
https://www.ubereats.com/phoenix/food-delivery/sweet-dees-bakeshop/406nfELpRfq-oxrhNmdQcA,scottsdale-arizona
https://www.ubereats.com/phoenix/food-delivery/short-leash-hot-dogs-camelback-%26-24th-st/ppcLJORDQ1ajkhHx__6zwQ,scottsdale-arizona
https://www.ubereats.com/phoenix/food-delivery/the-vig-mcdowell-mountain-ranch/YQz8uuyPTmac7MdejforQQ,scottsdale-arizona
https://www.ubereats.com/phoenix/food-delivery/the-tipsy-coyote-bar-%26-grill/KdUly9qtRM6MngFaoOHzUw,scottsdale-arizona
https://www.ubereats.com/phoenix/food-delivery/yume-sushi-grill/DOnUg_e0RJ2A5yT6z9GuMA,scottsdale-arizona
https://www.ubereats.com/phoenix/food-delivery/mcdonalds-bell-%26-tatum/ra1zWcb0QzGyvwTTWuMF8Q,scottsdale-arizona
https://www.ubereats.com/phoenix/food-delivery/ritas-italian-ice-arcadia-%26-indian-school/_v5FJDUiQFao2Hwqm1YvTA,scottsdale-arizona
https://www.ubereats.com/phoenix/food-delivery/first-watch-promenade/-QAZ-5mEQ_uA5rmOwXIhYg,scottsdale-arizona
https://www.ubereats.com/phoenix/food-delivery/loco-patron-mexican-brewery/RMznjoh_RISAAOBfI6MuOw,scottsdale-arizona
https://www.ubereats.com/phoenix/food-delivery/the-ice-cream-shop/KoAVSqxwTh63lVo7iCWobw,scottsdale-arizona
https://www.ubereats.com/phoenix/food-delivery/cheese-shell-tacos-by-the-seashore/NthpBgjjQMm8gE3kUqbxsw,scottsdale-arizona
https://www.ubereats.com/phoenix/food-delivery/flemings-prime-steakhouse-%26-wine-bar-dc-ranch/49A-HptjSJKyoztNdEn2RA,scottsdale-arizona
https://www.ubereats.com/phoenix/food-delivery/carrabbas-17007-n-scottsdale-rd/FEqr9d5OSLeOvWmHBX9m9g,scottsdale-arizona
https://www.ubereats.com/phoenix/food-delivery/buffalo-wild-wings-8870-e-talking-stick-way/ErWj-Sv5TCSEx0QrpzaCkA,scottsdale-arizona
https://www.ubereats.com/phoenix/food-delivery/the-duce/Y-dPwG1rTqulvFyo9HUXIw,scottsdale-arizona
https://www.ubereats.com/phoenix/food-delivery/shake-shack-7014-e-camelback-rd/sEWuQOCaTymXBDTTM7vcMQ,scottsdale-arizona
https://www.ubereats.com/phoenix/food-delivery/arizona-tender-and-tots/DuOd9EQjQnWMVxUQiHnyXA,scottsdale-arizona
https://www.ubereats.com/phoenix/food-delivery/federicos-mexican-food-n-100th-st/PY4wMB_gTZut_2sRKh0KGA,scottsdale-arizona
https://www.ubereats.com/phoenix/food-delivery/fired-pie-scottsdale-%26-greenway-hayden/AtA080gyTtawobZD5ZhB6A,scottsdale-arizona
https://www.ubereats.com/phoenix/food-delivery/panda-express-frank-lloyd-wright-%26-thompson-peak/bCIo8ox1RweYKzRR6UAYFA,scottsdale-arizona
https://www.ubereats.com/phoenix/food-delivery/johnny-rockets-camelback-%26-scottsdale/BbMf6MmhR3Kvtna070rDkQ,scottsdale-arizona
https://www.ubereats.com/phoenix/food-delivery/burger-depot/EfsCkB1rTSO0kNiLUjj_mQ,scottsdale-arizona
https://www.ubereats.com/phoenix/food-delivery/bobby-q-camelback-rd/6NZQZlMSRQyqd6m_ofYb6Q,scottsdale-arizona
https://www.ubereats.com/phoenix/food-delivery/phx-beer-cohayden-st/ygkJZsdXS3CeNiRtgxcn3Q,scottsdale-arizona
https://www.ubereats.com/phoenix/food-delivery/the-root-and-soul/Uko5nXGHT1GVTsAVgP7I9A,scottsdale-arizona
https://www.ubereats.com/phoenix/food-delivery/kneaders-bakery-%26-cafe-indian-school/WbdoV2DdRyStHaSDgDM8jQ,scottsdale-arizona
https://www.ubereats.com/phoenix/food-delivery/biryani-and-bites/N3I-cDfPQtuJwacX_qhF_w,scottsdale-arizona
https://www.ubereats.com/phoenix/food-delivery/keto-kitchen/uyINvCfaRIaI1Rkm3idxDA,scottsdale-arizona
https://www.ubereats.com/phoenix/food-delivery/long-wongs-dobson/QWrfWlAqTXKgCJHrImxcHQ,scottsdale-arizona
https://www.ubereats.com/phoenix/food-delivery/black-rock-coffee-10108-e-bell-rd/lXn7NI9yQf-7lMY5zSj1BQ,scottsdale-arizona
https://www.ubereats.com/phoenix/food-delivery/los-dos-molinos/2-84AmokRdSkA8nx2jLqJw,scottsdale-arizona
https://www.ubereats.com/phoenix/food-delivery/buca-di-beppo-scottsdale/I46-eLQeTNCLKqQbF5hCYA,scottsdale-arizona
https://www.ubereats.com/phoenix/food-delivery/california-pizza-kitchen-2000-e-rio-salado-pkwy-%231253/zHyTQG2JRwaT1tuW3shWDw,scottsdale-arizona
https://www.ubereats.com/phoenix/food-delivery/que-boba/5hUDbCxQQ9a6e6HQTNAYUQ,scottsdale-arizona
https://www.ubereats.com/phoenix/food-delivery/burgerfi-tempe/riKNpOJ_R7e5tMXfUgbXjw,scottsdale-arizona
https://www.ubereats.com/phoenix/food-delivery/hyderabad-rasoi/axAVTB8oT5aRu2UzFq-XiA,scottsdale-arizona
https://www.ubereats.com/phoenix/food-delivery/queen-bee-gourmet-tacos-and-frybread/jox4XXDiSwSHjI8wq1OzBA,scottsdale-arizona
https://www.ubereats.com/phoenix/food-delivery/pza-scottsdale/OMuVbIl8RjKw5hAFE5VxWg,scottsdale-arizona
https://www.ubereats.com/phoenix/food-delivery/the-village-coffee-%26-creperie-shop/RI2gCv50Q9KuI9NVUKqFbQ,scottsdale-arizona
https://www.ubereats.com/phoenix/food-delivery/mellow-mushroom-5350-e-high-st/ZUjn9lfsTaSi4oJEp-tMsg,scottsdale-arizona
https://www.ubereats.com/phoenix/food-delivery/kneaders-bakery-%26-cafe-scottsdale/D1YsltQHQPyMhTLydPIrRg,scottsdale-arizona
https://www.ubereats.com/phoenix/food-delivery/mochi-fresh/Zv8zo3_AQku4vzUZbWXNlA,scottsdale-arizona
https://www.ubereats.com/phoenix/food-delivery/sip-coffee-and-beer-garage/pRSQp0BySXmuubdGwgLYQQ,scottsdale-arizona
https://www.ubereats.com/phoenix/food-delivery/thirsty-lion-gastropub-%26-grill-fashion-square/6n7zPRuITnO9pV0SRMlmLg,scottsdale-arizona
https://www.ubereats.com/phoenix/food-delivery/mvpita-express/Nx1An8d6T1ig3QaUKnpPIA,scottsdale-arizona
https://www.ubereats.com/phoenix/food-delivery/the-sandwich-stand/qS0lasjtSeWueH1F437rPQ,scottsdale-arizona
https://www.ubereats.com/phoenix/food-delivery/wessen-intl-kitchen/aCbU62IzSESz67T5wdlOvw,scottsdale-arizona
https://www.ubereats.com/phoenix/food-delivery/applebees-2547-n-44th-street/XyHl30hbQRy1PXxqAq5ZEQ,scottsdale-arizona
https://www.ubereats.com/phoenix/food-delivery/zoes-kitchen-14601-n-scottsdale-road-suite-701/lIuwnEgTTb-pD04yes4qfQ,scottsdale-arizona
https://www.ubereats.com/phoenix/food-delivery/boba-day/tkyMj4RmQoKOwn6ir2s-Eg,scottsdale-arizona
https://www.ubereats.com/phoenix/food-delivery/carls-jr-1210-n-scottsdale-road/OGi-II-XTd2Xtqg5P_2L6Q,scottsdale-arizona
https://www.ubereats.com/phoenix/food-delivery/rallys-343-west-mckellips-road/IEr6r3MlSvOELsVQ65vEmg,scottsdale-arizona
https://www.ubereats.com/phoenix/food-delivery/samurai-sams-teriyaki-grill/EKixlu9lRxKfNcXl4x4IUA,scottsdale-arizona
https://www.ubereats.com/phoenix/food-delivery/cafe-lalibela-ethiopian-cuisine/zqVn5BkvSD2Nn7snXOtLOA,scottsdale-arizona
https://www.ubereats.com/phoenix/food-delivery/chipotle-mexican-grill-20851-n-scottsdale-rd-ste-101/xWXKaYy6Q4moF0hc_9MZXw,scottsdale-arizona
https://www.ubereats.com/phoenix/food-delivery/dairy-queen-treat-1805-e-southern-ave/Udk5cgNpT5WaJo4G-7t6_A,scottsdale-arizona
https://www.ubereats.com/phoenix/food-delivery/mod-pizza-scottsdale-%26-shea/T8S_6yT0RAyIjt_AyITx4g,scottsdale-arizona
https://www.ubereats.com/phoenix/food-delivery/teriyaki-madness-14884-north-pima-road-suite-101/AvHHD31XRKqoO3zXGlj0tA,scottsdale-arizona
https://www.ubereats.com/phoenix/food-delivery/pedal-haus-brewery-tempe/mzkLBOAESnuxD8TEXNak-w,scottsdale-arizona
https://www.ubereats.com/phoenix/food-delivery/jack-in-the-box-20385-n-hayden-rd/d642j3FdRN6e1me5J3EQ7Q,scottsdale-arizona
https://www.ubereats.com/phoenix/food-delivery/mortons-the-steakhouse-15233-n-kierland-blvd/5Yl5hLHmSGSWwTD6-ZaMKw,scottsdale-arizona
https://www.ubereats.com/phoenix/food-delivery/burger-with-a-chance-of-fries/W7ZqUmtOQge3NJTVdoy_Lg,scottsdale-arizona
https://www.ubereats.com/phoenix/food-delivery/tapas-papa-frita/CNgtegRRTS-e6V07VOOD0Q,scottsdale-arizona
https://www.ubereats.com/phoenix/food-delivery/mac-to-the-future/pxqltChIRNaz1iulqypF8A,scottsdale-arizona
https://www.ubereats.com/phoenix/food-delivery/terrys-burgers/h7J63S0vRb2GkzWnWmbZkg,scottsdale-arizona
https://www.ubereats.com/phoenix/food-delivery/chipotle-mexican-grill-7014-e-camelback-rd-ste-580/WIgC7RTWQAWMqTWKfloiIg,scottsdale-arizona
