url,city
https://www.ubereats.com/tucson/food-delivery/boston-market-6960-e-22nd-st/auQt-UtLSAWJJnH3Vod2LQ,tucson
https://www.ubereats.com/tucson/food-delivery/chengs-beijing-restaurant/WuduZt5LSWKPVAy1akz6OQ,tucson
https://www.ubereats.com/tucson/food-delivery/burger-king-2402-north-alvernon-way/FT6sT_OFSPClQ3-4-evLIQ,tucson
https://www.ubereats.com/tucson/food-delivery/panda-express-river-%26-la-cholla/duS_MTHdS-a45CUAl-qPjg,tucson
https://www.ubereats.com/tucson/food-delivery/flemings-prime-steakhouse-%26-wine-bar-tucson/O9Aw7hG5RJK6XsOgNyXA6Q,tucson
https://www.ubereats.com/tucson/food-delivery/carls-jr-615-w-congress/huqM8PCUTnOvie6VZhnq7g,tucson
https://www.ubereats.com/tucson/food-delivery/filibertos-mexican-food-5010-s-campbell-ave/OEnt3hrPSxm2mBEIIo8OGA,tucson
https://www.ubereats.com/tucson/food-delivery/pita-jungle-oracle-%26-ina/m1qG7-pYQ5GshUrsOOtHZA,tucson
https://www.ubereats.com/tucson/food-delivery/five-guys-az-1226-5566-e-broadway-blvd/ZL8gnWxOQ7ObBCTEH88hRw,tucson
https://www.ubereats.com/tucson/food-delivery/fuku-sushi/xe_841v_RgCu56rsGCNSOw,tucson
https://www.ubereats.com/tucson/food-delivery/broadway-pizza-cafe/z-L_rcJ-QZy6zsxKJpB10w,tucson
https://www.ubereats.com/tucson/food-delivery/native-grill-%26-wings-speedway-%26-country-club/Q1w1ZYp3RheSKQ2O6SsbzA,tucson
https://www.ubereats.com/tucson/food-delivery/subway-405-e-wetmore-rd/Yv4YuBQiRSycF4oB0urgnQ,tucson
https://www.ubereats.com/tucson/food-delivery/kfc-8270-n-cortaro-road/vfY1nFa9QsKyZYT4AhTWdA,tucson
https://www.ubereats.com/tucson/food-delivery/nates-burger/psrFCZysSr2dmWJMPeQUcg,tucson
https://www.ubereats.com/tucson/food-delivery/chipotle-mexican-grill-5940-w-arizona-pavillions-dr/8kvr1rkXTvOu2gchSBA8lg,tucson
https://www.ubereats.com/tucson/food-delivery/chipotle-mexican-grill-235-w-wetmore-rd-ste-101/u-NX_wpWTWSRCoUdvauuAQ,tucson
https://www.ubereats.com/tucson/food-delivery/baggins-gourmet-sandwiches-valencia-%26-country-club/yQEAXsGGSF2K4vjwpPPK8g,tucson
https://www.ubereats.com/tucson/food-delivery/kettle-restaurant/nImZ63sIRvm1qentTkA0Ug,tucson
https://www.ubereats.com/tucson/food-delivery/prest-coffee-drive-thru/S5hui2FrQeSaSqXx8u_qUQ,tucson
https://www.ubereats.com/tucson/food-delivery/la-fresita/XiMrVHoNThG9kNtFUp1Hfw,tucson
https://www.ubereats.com/tucson/food-delivery/mcdonalds-6th-ave-%26-29th-st/6DvUfgUuSsiPZfp-dAiE1A,tucson
https://www.ubereats.com/tucson/food-delivery/fatman-kitchen-%E5%B7%9D%E5%91%B3%E9%A6%99%E9%9D%A2%E9%A6%86/szlaGQalSxy19j7oqj2CJQ,tucson
https://www.ubereats.com/tucson/food-delivery/delicias-de-michoacan/y-kH00_ZTt2n3zzmcuKuHA,tucson
https://www.ubereats.com/tucson/food-delivery/burger-king-454-west-grant/HkosjdEoT4GBCoiQMS_6tw,tucson
https://www.ubereats.com/tucson/food-delivery/prep-%26-pastry/LkESybLGRTOgqTG8Dn4I6w,tucson
https://www.ubereats.com/tucson/food-delivery/burger-king-1960-w-river-rd/SvIboVUIStiqaXaqM2yxog,tucson
https://www.ubereats.com/tucson/food-delivery/churchs-chicken-3869-e-grant-rd/HxsjZ9e5STKYJ1Utd5iZMg,tucson
https://www.ubereats.com/tucson/food-delivery/high-5-grille/kR1n00PCRuKcY7JpIxp60g,tucson
https://www.ubereats.com/tucson/food-delivery/panda-express-broadway-%26-alvernon/4JhrnQykSKm6Oq1RPkge1w,tucson
https://www.ubereats.com/tucson/food-delivery/lins-grand-buffet-tucson/rGdGxM_vS2aRCCizhz633A,tucson
https://www.ubereats.com/tucson/food-delivery/sullivans-eatery-and-creamery/qK4YM7QsQh-9D-bPSO8Ppw,tucson
https://www.ubereats.com/tucson/food-delivery/gema-raspados-%26-delights/sOzfnsSBSUuSfn87cZxWbg,tucson
https://www.ubereats.com/tucson/food-delivery/starbucks-3421-e-broadway-blvd-%23191/c1MTRsOtS0eAHUBRcqex3A,tucson
https://www.ubereats.com/tucson/food-delivery/cold-stone-creamery-475-w-wetmore-rd/H5wIDfiNTVWvYViRcr6sag,tucson
https://www.ubereats.com/tucson/food-delivery/red-lobster-5315-south-calle-santa-cruz/F5BVtW9hTKuOdWAq0u1B3A,tucson
https://www.ubereats.com/tucson/food-delivery/nekter-juice-bar-2905-e-skyline-dr-ste-167/srexh3I6R1a86zgIdhDYOw,tucson
https://www.ubereats.com/tucson/food-delivery/saffron-indian-bistro/0qDcpxa-QEetof1xvA83XA,tucson
https://www.ubereats.com/tucson/food-delivery/tacomiendo/iulFsgR2R6iq4DbRhiuyCA,tucson
https://www.ubereats.com/tucson/food-delivery/ra-sushi-2905-e-skyline-dr-suite-289/MqccA416Q4CC2ODjgGiJLg,tucson
https://www.ubereats.com/tucson/food-delivery/del-taco-840-e-broadway-blvd/yKOf_h6gSyyBF1mp1dpCJw,tucson
https://www.ubereats.com/tucson/food-delivery/scordatos-pizzeria/XFWkgID-RqWyHplvUHaovQ,tucson
https://www.ubereats.com/tucson/food-delivery/chipotle-mexican-grill-1202-w-irvington-rd/4WeDh_04S9iRzXaYjxkfrw,tucson
https://www.ubereats.com/tucson/food-delivery/carls-jr-3707-n-oracle-rd/KuWETl3bTeiPj1ee32Hlvw,tucson
https://www.ubereats.com/tucson/food-delivery/gentle-bens-brewing-company/mmzHSsNVR36XREjQSAEBkg,tucson
https://www.ubereats.com/tucson/food-delivery/carls-jr-7805-broadway-east/1xDLbuLdTpa3rZOQdCtJiw,tucson
https://www.ubereats.com/tucson/food-delivery/jackson-bar-%2B-eatery-tanque-verde-road/FKvrUMP1QfeS3elsRPyI-g,tucson
https://www.ubereats.com/tucson/food-delivery/dairy-queen-treat-5960-n-oracle-rd/n36uKtqDQAGXJek5tvatYQ,tucson
https://www.ubereats.com/tucson/food-delivery/nates-metro-deli/UomeYpuISY-4q4T5qLez7A,tucson
https://www.ubereats.com/tucson/food-delivery/ds-island-grill-ja/HaCU7S9cQwy74qQkRjWsVA,tucson
https://www.ubereats.com/tucson/food-delivery/off-the-press-otp-juicery/zWHN-lD3RnWRkRu26eu9DA,tucson
https://www.ubereats.com/tucson/food-delivery/kfc-2970-w-valencia-rd/LwvPvVw3RMmCiZukq1Lkmg,tucson
https://www.ubereats.com/tucson/food-delivery/baggins-gourmet-sandwiches-grant-%26-swan/LiP1EWopRzen4yOcGmAzqA,tucson
https://www.ubereats.com/tucson/food-delivery/wendys-3171-e-valencia/AQ6O0GPWQy2dK9wuhZ5Rhw,tucson
https://www.ubereats.com/tucson/food-delivery/carls-jr-6301-e-grant/ixi4O5t6QTeoDEIhPJpsgA,tucson
https://www.ubereats.com/tucson/food-delivery/popeyes-louisiana-kitchen-3060-north-campbell-avenue/Wrk0maGlQ4aKQfGv9RKKqQ,tucson
https://www.ubereats.com/tucson/food-delivery/la-parrilla-suiza-ina-%26-oldfather/pCa0SfZ-Qs6rLBci0kkolQ,tucson
https://www.ubereats.com/tucson/food-delivery/mcdonalds-ina-%26-thornydale/J_37iMvuS0uEPvwWGc1zZg,tucson
https://www.ubereats.com/tucson/food-delivery/wienerschnitzel-2155-s-6th-avenue/kWiaXrIwSWu94lPjyh1QEg,tucson
https://www.ubereats.com/tucson/food-delivery/burger-king-7880-east-speedway/oAGuincFSD-oHy6CxO0SVA,tucson
https://www.ubereats.com/tucson/food-delivery/krispy-krunchy-chicken-1999-e-ajo-way/kiJhwsYASQqVFASyNKSTEQ,tucson
https://www.ubereats.com/tucson/food-delivery/pinkberry-3820-w-river-rd/laVfzm-vSpuT5ST_M1Gx0g,tucson
https://www.ubereats.com/tucson/food-delivery/wendys-6961-east-broadway/H3MkJVMmRX-tu1tvUKhWTA,tucson
https://www.ubereats.com/tucson/food-delivery/mod-pizza-oracle-wetmore/4Dnc7ItZShuVYw4tCukRaw,tucson
https://www.ubereats.com/tucson/food-delivery/med-cuisine/G5P0ZOnYRymyiNhaOZ6peQ,tucson
https://www.ubereats.com/tucson/food-delivery/red-robin-739-4605-s-landing-way/aw8oNGdlSYqZOUzkxDlJKg,tucson
https://www.ubereats.com/tucson/food-delivery/sushi-kito/Xnmut1NRS4GL4b2KfsHZSw,tucson
https://www.ubereats.com/tucson/food-delivery/filibertos-mexican-food/rksALWInQs6pz6fDArZT3w,tucson
https://www.ubereats.com/tucson/food-delivery/starbucks-1209-w-irvington-road-westpoint-crossing-%23150/vn1E91a_RwmpZT_qlRbaLg,tucson
https://www.ubereats.com/tucson/food-delivery/pure-love-juice/1SIJJVGlSj2PUd8Z_xFmTw,tucson
https://www.ubereats.com/tucson/food-delivery/casa-molina/pHpOo2SkSaezzVXTifqLUg,tucson
https://www.ubereats.com/tucson/food-delivery/black-bear-diner-6095-e-broadway-blvd/bQsESp2lR1-71rOhNJq2QQ,tucson
https://www.ubereats.com/tucson/food-delivery/raspados-el-paraiso/MM_Vz7FURZuTkXNHncoSLA,tucson
https://www.ubereats.com/tucson/food-delivery/wendys-1602-west-st-marys-road/ZGAus26tQf2VFS-nugQ4cQ,tucson
https://www.ubereats.com/tucson/food-delivery/bjs-restaurant-%26-brewhouse-4270-north-oracle-road/4EpPsiLzQhOMPkh0X8rJJg,tucson
https://www.ubereats.com/tucson/food-delivery/viva-burrito-irvington/1i2cMRaCRT20LFjsLrP3Qw,tucson
https://www.ubereats.com/tucson/food-delivery/los-bertos/NCeAodOJTpitUAqITD7rBg,tucson
https://www.ubereats.com/tucson/food-delivery/jack-in-the-box-5000-e-valencia-rd/ENHDgDLSRn-v4KscT99FMg,tucson
https://www.ubereats.com/tucson/food-delivery/roadhouse-cinemas/1RyghyGHT7a1gQD_cmbjFw,tucson
https://www.ubereats.com/tucson/food-delivery/panda-express-campbell-%26-glenn/0HSnFBcVQzKkZggSpOznRQ,tucson
https://www.ubereats.com/tucson/food-delivery/benihana-2905-east-skyline-drive-unit-289/1HourhClSICBln7lvQdpRQ,tucson
https://www.ubereats.com/tucson/food-delivery/brothers-noodle/ikqUVCGdRzSjnGutay01OQ,tucson
https://www.ubereats.com/tucson/food-delivery/mcdonalds-river-%26-la-cholla/MWyxL29FTyyAdDfN4BsUaQ,tucson
https://www.ubereats.com/tucson/food-delivery/graze-premium-burgers-broadway-%26-leonora/mu_V2z6SSuuKX9BtILjJzg,tucson
https://www.ubereats.com/tucson/food-delivery/dim-sum-house/iQ--vSryQraCBLHeCPrGeA,tucson
https://www.ubereats.com/tucson/food-delivery/ramiros-mexican-food/kbPQeXRMStuY2PRXvuZOKg,tucson
https://www.ubereats.com/tucson/food-delivery/jack-in-the-box-7910-e-speedway-blvd/U8pjkKxKSjeUijYthPspIA,tucson
https://www.ubereats.com/tucson/food-delivery/bbq-rush-restaurant-llc/qM-LJpxMRbSR-sYu9qBPsw,tucson
https://www.ubereats.com/tucson/food-delivery/cold-stone-creamery-1927-e-speedway-blvd/nJ3jenZhQUyNQzcBjSobyw,tucson
https://www.ubereats.com/tucson/food-delivery/cinnabon-4500-n-oracle-road-%23-126/xjt54lx1SnOuSyIic1GkdQ,tucson
https://www.ubereats.com/tucson/food-delivery/applebees-ina-%26-la-cholla/J3hFqVBBRUWwVc5G-d_ipA,tucson
https://www.ubereats.com/tucson/food-delivery/selenas-salvadorian-restaurant/204DWmvdS6u5czg1cP8l6Q,tucson
https://www.ubereats.com/tucson/food-delivery/papa-murphys-7245-e-tanque-verde-road-suite-155/eTpsK2kUQhuTVTmVOfJKLA,tucson
https://www.ubereats.com/tucson/food-delivery/burger-king-4303-e-22nd-st/m2rcSzmKR6izoqIjDWOQ8g,tucson
https://www.ubereats.com/tucson/food-delivery/postino-grant/BrgrxI3iRKecQoYvZ-p8dg,tucson
https://www.ubereats.com/tucson/food-delivery/kfc-7901-n-oracle-hwy/vcpPFyCjQveAuL1VWQLGkA,tucson
https://www.ubereats.com/tucson/food-delivery/mcdonalds-grant-%26-1st-ave/tzRocHRhS-OH4oxColUzwQ,tucson
https://www.ubereats.com/tucson/food-delivery/subway-515-e-grant-rd/xC1A76TeRtiNvw3muyGh3A,tucson
https://www.ubereats.com/tucson/food-delivery/firehouse-subs-river-%26-orange-grove/0ufat6R_RUS2mpihvfEcIw,tucson
https://www.ubereats.com/tucson/food-delivery/maru-japanese-noodle-shop/Ib20UOGeQ5eQ35Zuc-2pvA,tucson
https://www.ubereats.com/tucson/food-delivery/boston-market-6610-east-grant-rd/e1gGHmQMTPaZO6rh9usAJg,tucson
https://www.ubereats.com/tucson/food-delivery/chipotle-mexican-grill-10604-n-oracle-rd/05GNZK_SQ2-qfPNd_M1ZJg,tucson
https://www.ubereats.com/tucson/food-delivery/el-chilito-fish-%26-chips/-EwGx37jQKaHrVBEpp2wwQ,tucson
https://www.ubereats.com/tucson/food-delivery/churchs-chicken-7980-east-broadway-blvd/Ri25ha6aTMy27PAx6rPSFg,tucson
https://www.ubereats.com/tucson/food-delivery/goodness-juice-bar-%26-fresh-food/XHl7ZZN7TwaAwR3mtrgpKQ,tucson
https://www.ubereats.com/tucson/food-delivery/dunkin-9485-e-broadway-blvd/222hklkmSKKLA0pieIgoGw,tucson
https://www.ubereats.com/tucson/food-delivery/angrycrabshack-%26-bbq/jR5y6Wy9Th2r1A1OyEu93w,tucson
https://www.ubereats.com/tucson/food-delivery/eegees-store-5-oracle-%26-roger/_BirC_XHSRuvVAuixd9C_g,tucson
https://www.ubereats.com/tucson/food-delivery/taco-bell-1720-w-speedway-blvd/_5NMLSJqSyCOdcMwZ-LN9g,tucson
https://www.ubereats.com/tucson/food-delivery/la-carreta-del-rorro/0hy52_yERAWpoursHpP3rA,tucson
https://www.ubereats.com/tucson/food-delivery/baggins-gourmet-sandwiches-stone-%26-pennington/Vh3h51PsTd6KQMzu7dKRXw,tucson
https://www.ubereats.com/tucson/food-delivery/scented-leaf-tea/L8NJKpFQTI-3C3QZEcpZ9w,tucson
https://www.ubereats.com/tucson/food-delivery/smashburger-3837-w-broadway-blvd/P80ouSGGSyG2LCc2OjmqIg,tucson
https://www.ubereats.com/tucson/food-delivery/eegees-store-42-grant-%26-silverbell/nMhxLLOJROSahSF30Ac3Jg,tucson
https://www.ubereats.com/tucson/food-delivery/the-blind-tiger/Efwy-XI2Sfe50w8AvU4G-A,tucson
https://www.ubereats.com/tucson/food-delivery/truland-burgers-%26-greens-tucson/YC99nPZuRp2VVFH_7dm4Lw,tucson
https://www.ubereats.com/tucson/food-delivery/cracker-barrel-old-country-store-8400-n-cracker-barrel-rd/GNbSvrAFSPG7JLGQPK20tQ,tucson
https://www.ubereats.com/tucson/food-delivery/native-grill-%26-wings-i-10-%26-cortaro/Z6GQ5ouiSaCrszxKSrZVIA,tucson
https://www.ubereats.com/tucson/food-delivery/beaut-burger/lSX8BuarQNW6NhXGzrCkHg,tucson
https://www.ubereats.com/tucson/food-delivery/panda-express-1303-e-university-blvd/E3Gpc5yHR4moDFF9qb0q7Q,tucson
https://www.ubereats.com/tucson/food-delivery/jack-in-the-box-1302-s-kolb-rd/5Ar-n9RATviQi20VLrSUlQ,tucson
https://www.ubereats.com/tucson/food-delivery/baggins-gourmet-sandwiches-oracle-%26-orange-grove/Fekdtle5QxWiWnMYFXH_GQ,tucson
https://www.ubereats.com/tucson/food-delivery/pionic-pizza-%26-pasta/9H-4Oz35SAithHcCUs02lw,tucson
https://www.ubereats.com/tucson/food-delivery/la-ostra-y-yo/v5AhJcWlRs21GQGVeyZmrQ,tucson
https://www.ubereats.com/tucson/food-delivery/panda-express-6th-ave-%26-i-10/tczpxec4RyOK2BUeN5ZEAQ,tucson
https://www.ubereats.com/tucson/food-delivery/taqueria-beef-master/XOB6xLeVTZWc0ghny31DqQ,tucson
https://www.ubereats.com/tucson/food-delivery/los-bertos/8zFCjukLRXSpi6MojDkKVQ,tucson
https://www.ubereats.com/tucson/food-delivery/nook/cyCkmbzRR6GNeWYQt3NryQ,tucson
https://www.ubereats.com/tucson/food-delivery/ramen-sensei-2905-e-skyline-drive-suite-289/FwJwaZp4TyagG801n9okHg,tucson
https://www.ubereats.com/tucson/food-delivery/jack-in-the-box-3121-n-campbell-ave/7W0E2Kw3TjmaQM_r5IwFng,tucson
https://www.ubereats.com/tucson/food-delivery/burger-king-3002-south-6th-ave/WzvZt6YpRiSSVDW6YhZG_w,tucson
https://www.ubereats.com/tucson/food-delivery/tavolino-ristorante/ws_EjzlzTwGcFHV9fS3DNA,tucson
https://www.ubereats.com/tucson/food-delivery/wing-addict/hhNs2iPYSfKjUCChe5MDXg,tucson
https://www.ubereats.com/tucson/food-delivery/jack-in-the-box-6380-e-golf-links-rd/pUJfKFOrSKeM-f5iOoerZw,tucson
https://www.ubereats.com/tucson/food-delivery/outback-steakhouse-4871-east-grant-road/h-miwgbLSVKqOMEplCs9JQ,tucson
https://www.ubereats.com/tucson/food-delivery/crying-onion-cafe/CA34Z1bIRJmXxn4gOC8dug,tucson
https://www.ubereats.com/tucson/food-delivery/taco-bell-1818-e-speedway-blvd/Ft-I4KABTNSLSPDBA5f5BA,tucson
https://www.ubereats.com/tucson/food-delivery/carls-jr-1880-e-broadway-blvd/TKqjMTb7R6yWT9nU5DqM_A,tucson
https://www.ubereats.com/tucson/food-delivery/hamburger-stand-625-w-ajo-way/EKH8XM5cTISFWvPYmHNxdQ,tucson
https://www.ubereats.com/tucson/food-delivery/red-lobster-5061-north-oracle-road/FkafjCopTPCcZetWdrmLkg,tucson
https://www.ubereats.com/tucson/food-delivery/mcdonalds-speedway-%26-campbell/NO0gIVxkSQ-yUbOYGUTb2Q,tucson
https://www.ubereats.com/tucson/food-delivery/dennys-2630-e-valencia-rd/-WQZlOxWSwqKsZefmcPcOQ,tucson
https://www.ubereats.com/tucson/food-delivery/blue-42-sports-bar-%26-grill/lkH4H5lyT1mxhjrvBT2iWw,tucson
https://www.ubereats.com/tucson/food-delivery/first-watch-fiesta/hHVZjmldRCOXDbZo3S-RRw,tucson
https://www.ubereats.com/tucson/food-delivery/little-anthonys-diner/zPNfPWBjQQyQIOrofMufRA,tucson
https://www.ubereats.com/tucson/food-delivery/mian-sichuan/lkrTZ2wgRRS8O5G3qGXi4g,tucson
https://www.ubereats.com/tucson/food-delivery/filibertos-mexican-food-grant-%26-sycamore/2xH_dbTqR1yNgmuThwdrwQ,tucson
https://www.ubereats.com/tucson/food-delivery/asian-sofrito/ANFQ1hayRG-KhdrcBwifaA,tucson
https://www.ubereats.com/tucson/food-delivery/jack-in-the-box-1202-w-st-marys-rd/NzUpRegBQIGJMg-D1wJRZw,tucson
https://www.ubereats.com/tucson/food-delivery/slice-%26-ice/5ano-3vOSU2pgVAZT7knaQ,tucson
https://www.ubereats.com/tucson/food-delivery/percheron-mexican-grill-238-n-4th-ave/gsLBso87Q5yC_31qP0EOLA,tucson
https://www.ubereats.com/tucson/food-delivery/calle-tepa/BSkgjCEhTqiQyHRwY3uptQ,tucson
https://www.ubereats.com/tucson/food-delivery/bahama-bucks-8585-e-broadway-blvd/TTVCbIVtSqKX4tnbV2UkIw,tucson
https://www.ubereats.com/tucson/food-delivery/la-parrilla-suiza-oracle-%26-glenn/-KP_icO-S6iyT0DI-249Og,tucson
https://www.ubereats.com/tucson/food-delivery/taco-bell-3455-e-grant-rd/NKZeH5AlRWGZs-XriwPG0A,tucson
https://www.ubereats.com/tucson/food-delivery/mod-pizza-marana/Zh6fJz1xRr64xuWHX5W0oA,tucson
https://www.ubereats.com/tucson/food-delivery/wienerschnitzel-1481-s-alvernon-way/stYTSfQKT3eRB5sMlmPbmg,tucson
https://www.ubereats.com/tucson/food-delivery/mod-pizza-oro-valley/UZLR55KYSbqLL_6QyL-m5w,tucson
https://www.ubereats.com/tucson/food-delivery/dennys-irvington-%26-alvernon/ZmiNQvUVS_O1LyYcrHZPJA,tucson
https://www.ubereats.com/tucson/food-delivery/dantes-fire/B2Nn9W8CT8yqnlxIKVUAgQ,tucson
https://www.ubereats.com/tucson/food-delivery/popeyes-louisiana-kitchen-1058-east-tucson-marketplace-blvd/Pa2Ed9TKRjSNTdN1_DQxOQ,tucson
https://www.ubereats.com/tucson/food-delivery/mcdonalds-oracle-%26-wetmore/-BppSkhARqevKbzDuSqk9Q,tucson
https://www.ubereats.com/tucson/food-delivery/buffalo-wild-wings-68-n-harrison-rd/pEb7nErVSwGcL9u_lysQ_w,tucson
https://www.ubereats.com/tucson/food-delivery/la-bella-china/78DAxH5bRDyzj8RXpJsARA,tucson
https://www.ubereats.com/tucson/food-delivery/papa-johns-1610-w-valencia-rd/NXujIsqZSuS2fxZIv2T9BQ,tucson
https://www.ubereats.com/tucson/food-delivery/papa-johns-6462-e-22nd-st/COCc1RrrSz-LZstSd6qY_g,tucson
https://www.ubereats.com/tucson/food-delivery/mcdonalds-palo-verde-%26-irvington/QWAoco0hQtS1vUP_wO0rTw,tucson
https://www.ubereats.com/tucson/food-delivery/choice-greens/EZq9c_jETO-SO_ijEWuLBg,tucson
https://www.ubereats.com/tucson/food-delivery/the-panda-house/cvXbSEwuRRSEk3gu3HjBZg,tucson
https://www.ubereats.com/tucson/food-delivery/maru-japanese-noodleshop/3kDIM_FZR9yHFfGNyiyhwQ,tucson
https://www.ubereats.com/tucson/food-delivery/eat-fresh-mexican-food-raspados/SWh2g1v8RKK_E-1E-GluqQ,tucson
https://www.ubereats.com/tucson/food-delivery/chickenuevo-st-marys-%26-silverbell/57Z9UPK7R4GJZodRmvID9g,tucson
https://www.ubereats.com/tucson/food-delivery/smashburger-7625-n-oracle-rd/W50VBm6YTzS3DrQl6GMaNQ,tucson
https://www.ubereats.com/tucson/food-delivery/mcdonalds-valencia-%26-12th-ave/zjfepiAGTpCR0UFL3nV2Sw,tucson
https://www.ubereats.com/tucson/food-delivery/eegees-store-24-campbell-ave-grant-rd/XhDoMDToS4abwe0tG47Wsg,tucson
https://www.ubereats.com/tucson/food-delivery/mama-careys-kitchen-%26catering/adRo_ZCtTVy4dbHTyA1Gig,tucson
https://www.ubereats.com/tucson/food-delivery/eegees-store-29-broadway-blvd-sarnoff-rd/2mv7iluWRKSu_eVT7LIllQ,tucson
https://www.ubereats.com/tucson/food-delivery/wendys-3643-n-campbell/mcdG5r9AS2SrYcGyejqSyQ,tucson
https://www.ubereats.com/tucson/food-delivery/guadalajara-original-grill-n-oracle/-FWpa27NRIibyM7Smn0uGw,tucson
https://www.ubereats.com/tucson/food-delivery/yoshimatsu-japanese-eatery/Sgr93dI3QtOJzUmwpRU8NQ,tucson
https://www.ubereats.com/tucson/food-delivery/eegees-store-27-st-marys-%26-grande/smihdAg2T8WN77j6z4pVBA,tucson
https://www.ubereats.com/tucson/food-delivery/burger-king-2040-east-irvington-road/p54oVRmiQ0iD09arufbYPw,tucson
https://www.ubereats.com/tucson/food-delivery/cold-stone-creamery-7113-e-tanque-verde-rd-suite-115/KReANldlQJ2ntfjZN5Yk5Q,tucson
https://www.ubereats.com/tucson/food-delivery/subway-1503-w-saint-marys-rd/waGjm5UOQ6Wgy6Up91AN7Q,tucson
https://www.ubereats.com/tucson/food-delivery/frankies-south-philly-cheesesteaks/tWB0xrQfQjG1Y3mXMRV0jQ,tucson
https://www.ubereats.com/tucson/food-delivery/chickenuevo-ina-%26-camino-de-oeste/Rp8fRPgERl6j1j40ob2RVw,tucson
https://www.ubereats.com/tucson/food-delivery/taco-giro-restaurant/KCGdH4hPQ8Smx75n7leDMg,tucson
https://www.ubereats.com/tucson/food-delivery/carrabbas-7635-n-oracle-rd/ShXpx7mjRqS_11gJz8WJRQ,tucson
https://www.ubereats.com/tucson/food-delivery/cafe-botanica/TmHwbCuVRaC0kMhaChhOwg,tucson
https://www.ubereats.com/tucson/food-delivery/chipotle-mexican-grill-905-e-university-blvd-ste-149/W8dNI1YgTGWiGVFAHms_oA,tucson
https://www.ubereats.com/tucson/food-delivery/cashew-cow/WrNiwlytRSSSXLH4xyCIzw,tucson
https://www.ubereats.com/tucson/food-delivery/rilibertos-tuscon/vo9A1vY_T-Kfk_QRNTxtLg,tucson
https://www.ubereats.com/tucson/food-delivery/panda-express-cortaro-%26-i-10/uaOf6GPiT3uPcMg4hmhD1A,tucson
https://www.ubereats.com/tucson/food-delivery/los-betos-mexican-food-golf-links/aP0AIXxtQ1qWWpxto7QjVA,tucson
https://www.ubereats.com/tucson/food-delivery/the-4th-avenue-delicatessen/KMNidonHQ_uloxDoEOCa7g,tucson
https://www.ubereats.com/tucson/food-delivery/jimmys-pita-%26-poke/YcnSR_18RRqB9_eWDqBscw,tucson
https://www.ubereats.com/tucson/food-delivery/jack-in-the-box-3749-s-mission-rd/mzduIdIDRzK75rZ8yCuf3w,tucson
https://www.ubereats.com/tucson/food-delivery/mcdonalds-22nd-st-%26-kolb/6ED5y8rzQ-yONONf6JePUQ,tucson
https://www.ubereats.com/tucson/food-delivery/el-burrito-borracho/znadaAekR7W15LYSXMFpXQ,tucson
https://www.ubereats.com/tucson/food-delivery/alexandrias-pearl/Y8IMw-2DR8ioq6g1fptvuQ,tucson
https://www.ubereats.com/tucson/food-delivery/jack-in-the-box-3397-s-6th-ave/lMvtYpPTQna-ZeuL0J6foA,tucson
https://www.ubereats.com/tucson/food-delivery/haus-of-brats/BipL8m9LS-6IvAHB2KhJUg,tucson
https://www.ubereats.com/tucson/food-delivery/wok-%26-roll-buffet/UgQX8zBNRX2UsX7RjcYuLQ,tucson
https://www.ubereats.com/tucson/food-delivery/cold-stone-creamery-9565-e-22nd-st/OXsfcqKWR3q-dvT7ubSkHw,tucson
https://www.ubereats.com/tucson/food-delivery/daisy-maes-steakhouse/pFI6C7SVTMyi9YhT_UEnkQ,tucson
https://www.ubereats.com/tucson/food-delivery/sbarro-6401-w-marana-center/ibpJj_FwTtSqVouGu3-UJg,tucson
https://www.ubereats.com/tucson/food-delivery/the-buffalo-spot-tucson/tP1e3HZnSC-vN7jiNe29Bg,tucson
https://www.ubereats.com/tucson/food-delivery/mandarin-grill/uTqd1rCDRCCIcbx78OgoxQ,tucson
https://www.ubereats.com/tucson/food-delivery/burger-king-3485-east-ajo-way-%239644/3VtQkzBBTt2ZF8WIBFzXNw,tucson
https://www.ubereats.com/tucson/food-delivery/carls-jr-green-burrito-1691-w-valencia-rd/QHJI0JkYQPWVwlKmHtBK_w,tucson
https://www.ubereats.com/tucson/food-delivery/suspiros-cakes-broadway/lU-5mBVmTzSADiSSuCnjIQ,tucson
https://www.ubereats.com/tucson/food-delivery/starbucks-7555-n-la-cholla-blvd/sQXp1PRlTNmAxHXn1PBbfQ,tucson
https://www.ubereats.com/tucson/food-delivery/papa-johns-thornydale-%26-ina/0qgD_SRwTY6gORQ39o3L-w,tucson
https://www.ubereats.com/tucson/food-delivery/kebab-king-tucson/bO5K7vuRRuO_akwc37P83w,tucson
https://www.ubereats.com/tucson/food-delivery/sonic-grant-%26-flowing-wells/C2L4H0VzR9eZwSsWUWbLvA,tucson
https://www.ubereats.com/tucson/food-delivery/wendys-4301-n-oracle-rd/AZwUIMckSQCdBd1BdlfnBA,tucson
https://www.ubereats.com/tucson/food-delivery/jack-in-the-box-9530-e-22nd-st/NKe7eVUGTG-u1rU6GnYS6g,tucson
https://www.ubereats.com/tucson/food-delivery/garretts-family-steakhouse/e7EaBEayQ_Gt3VEkcmZ8VA,tucson
https://www.ubereats.com/tucson/food-delivery/epic-cafe/ABQ8WTnATTGrDBNX9D0Qvg,tucson
https://www.ubereats.com/tucson/food-delivery/alibaba-mediterranean/APXzzeaXRuutna7YDnR2Bw,tucson
https://www.ubereats.com/tucson/food-delivery/guadalajara-fiesta-grill/-eVE8-r9SYSriJRxqq5eFA,tucson
https://www.ubereats.com/tucson/food-delivery/charleys-philly-steaks-4500-n-oracle-rd-%23fc-11/BR483yzhSr6zJ1BvL4x5jA,tucson
https://www.ubereats.com/tucson/food-delivery/starbucks-715-e-wetmore-road/OeNq_ypzQ7ucSL03ek4ysQ,tucson
https://www.ubereats.com/tucson/food-delivery/bjs-restaurant-%26-brewhouse-5510-east-broadway-blvd/VcB21HGTTpSXRNpjyX-y-w,tucson
https://www.ubereats.com/tucson/food-delivery/jack-in-the-box-3326-e-grant-rd/1-Z8szLJRJW1AtN-0-Sfnw,tucson
https://www.ubereats.com/tucson/food-delivery/cold-stone-creamery-5435-s-calle-santa-cruz/NA8scRSjRKGJ1ci7MoOgDA,tucson
https://www.ubereats.com/tucson/food-delivery/taco-bell-495-e-wetmore-rd/7maunQR2SmuhKqbZfsSGrw,tucson
https://www.ubereats.com/tucson/food-delivery/brooklyn-pizza-company/_vLd9XrVRQyCr0lCCk3A6Q,tucson
https://www.ubereats.com/tucson/food-delivery/sonic-broadway-%26-plumer/7FkLfkgoRLSon8gzELkv3w,tucson
https://www.ubereats.com/tucson/food-delivery/midtown-tavern/OBaxmPk6SK2aBZfwTdtf8g,tucson
https://www.ubereats.com/tucson/food-delivery/baggins-gourmet-sandwiches-speedway-%26-treat/m96jcRPXTrOQRJYtSrgb_A,tucson
https://www.ubereats.com/tucson/food-delivery/kneaders-bakery-%26-cafe-135-south-wilmot-rd/0AGrWCpVTf-Rlkmjoj4IDw,tucson
https://www.ubereats.com/tucson/food-delivery/starbucks-1580-e-tucson-marketplace-blvd-%23100/9etoy0c-R7aLOR7wZe7vDg,tucson
https://www.ubereats.com/tucson/food-delivery/sauce-pizza-%26-wine-n-campbell/ZfRy8V9URCmJVgd0_-5s3Q,tucson
https://www.ubereats.com/tucson/food-delivery/mcdonalds-valencia-%26-country-club/xWXd3XoPQs2RN2XeDXuKYQ,tucson
https://www.ubereats.com/tucson/food-delivery/panda-express-silverbell-%26-speedway/hT6L05sLRUqmpaqU9almIw,tucson
https://www.ubereats.com/tucson/food-delivery/krispy-kreme-broadway-%26-leonora/QyyCmhznS26xpYXJ2gXOSg,tucson
https://www.ubereats.com/tucson/food-delivery/applebees-broadway-%26-park-pl/Rx__r33fR0yj9cBb8CAO8w,tucson
https://www.ubereats.com/tucson/food-delivery/churchs-chicken-7090-e-golf-links/ZB9r1GbxQQOQvE7tCe9SEA,tucson
https://www.ubereats.com/tucson/food-delivery/taco-taco-burrito-burrito/l3kg7NaURTaf5-zhsXQcjA,tucson
https://www.ubereats.com/tucson/food-delivery/baggins-gourmet-sandwiches-ft-lowell-%26-campbell/zTufmwaYTTOKJvq03N52jw,tucson
https://www.ubereats.com/tucson/food-delivery/sauce-pizza-%26-wine-e-grant-rd/acebiPSESD6WTW9jLuNm5Q,tucson
https://www.ubereats.com/tucson/food-delivery/downtownr/soqFZxdvSHGnMuvxWz56Eg,tucson
https://www.ubereats.com/tucson/food-delivery/famous-daves-3007-e-speedway-blvd/4NeZhZQ9SDmvZmLE7oXRmg,tucson
https://www.ubereats.com/tucson/food-delivery/jack-in-the-box-305-w-grant-rd/kvdKEDrSSlmgyzk4zaIGAQ,tucson
https://www.ubereats.com/tucson/food-delivery/mr-lokko-snack-%26-raspado-bar/0z6AxCPRTJGvdpFu_R8U_A,tucson
https://www.ubereats.com/tucson/food-delivery/greek-house/h2khVL5mSJyGOt_ATZQSJA,tucson
https://www.ubereats.com/tucson/food-delivery/chipotle-mexican-grill-7555-n-la-cholla-blvd-ste-155/Wg4GiDQBT2qMP82m017xOg,tucson
https://www.ubereats.com/tucson/food-delivery/dennys-555-n-freeway/sNJNi9oKS1mFxMXRK5c_vw,tucson
https://www.ubereats.com/tucson/food-delivery/ikes-coffee-%26-tea/2KvdLGRvRxe42UvLoeDwcg,tucson
https://www.ubereats.com/tucson/food-delivery/los-betos-mexican-food/GNqCGBXUQy61emXXcHWg0g,tucson
https://www.ubereats.com/tucson/food-delivery/sonic-valencia-%26-fiesta/vJ1EvuVaTSuZGHUyr96ReQ,tucson
https://www.ubereats.com/tucson/food-delivery/firebirds-wood-fired-grill-2985-e-skyline-dr/Qj6x5Q6rRuGlAgSyBGeNqA,tucson
https://www.ubereats.com/tucson/food-delivery/five-guys-az-1531-7077-n-thornydale-rd/HClFoo3DTxKsenXuunJPAA,tucson
https://www.ubereats.com/tucson/food-delivery/lemonshark-poke/BbpDiEdhSfifzo_Db-sfbw,tucson
https://www.ubereats.com/tucson/food-delivery/wendys-6441-e-22nd-st/hiR_e19STQiIKn4YY1PUGw,tucson
https://www.ubereats.com/tucson/food-delivery/crepe-n-dip/-eST7ASuS3Olar2DBJoaYw,tucson
https://www.ubereats.com/tucson/food-delivery/rigos-mexican-restaurant/J8zd0OBqRQGcHLPj04aX4Q,tucson
https://www.ubereats.com/tucson/food-delivery/burger-king-7006-east-golf-links-road/oJtZztjHSTKyloY1nFRK6A,tucson
https://www.ubereats.com/tucson/food-delivery/schlotzskys-deli-valencia-%26-lisa-frank/E5vhW0DgRMe8BHciLQ8cAA,tucson
https://www.ubereats.com/tucson/food-delivery/papa-johns-2545-e-speedway-blvd/kfbxPansQLKnSBKZrky4og,tucson
https://www.ubereats.com/tucson/food-delivery/filibertos-mexican-food/9WKEEZ1vSx6tFKEp2WulHg,tucson
https://www.ubereats.com/tucson/food-delivery/golden-corral-6385-s-midvale-park-rd/BKTRWKLHQD-p8IqrJiFAUQ,tucson
https://www.ubereats.com/tucson/food-delivery/dennys-1510-w-valencia-rd/-rKgPIjbQwuVLU4ySM9t5Q,tucson
https://www.ubereats.com/tucson/food-delivery/ihop-4187-n-oracle-rd/iaTMT72vSgGB5wl5mpEdOw,tucson
https://www.ubereats.com/tucson/food-delivery/u-like-oriental-buffet/D9H-ck57S4qZnDu8NhLbjg,tucson
https://www.ubereats.com/tucson/food-delivery/guadalajara-mexican-grill/C6anaW2PRFKaZuJYMxmFow,tucson
https://www.ubereats.com/tucson/food-delivery/wienerschnitzel-5765-e-broadway-blvd/VI_EWd3lRDaLvMUkqkC5sA,tucson
https://www.ubereats.com/tucson/food-delivery/la-fufi-caffe-milano/fKYzNBtNTFmOpuvWozGs3Q,tucson
https://www.ubereats.com/tucson/food-delivery/cold-stone-creamery-5870-e-broadway-blvd/E0aLEoRbRBawPunB_FGl2Q,tucson
https://www.ubereats.com/tucson/food-delivery/pho-can-tho/btcgXM57QouRntHNhHB4uQ,tucson
https://www.ubereats.com/tucson/food-delivery/red-lobster-5870-e-broadway-blvd/P5yiq7sYQcCn_d3TdD9z0Q,tucson
https://www.ubereats.com/tucson/food-delivery/jack-in-the-box-4455-e-broadway-blvd/X4iIPQkaRh6-96PkhAiCMw,tucson
https://www.ubereats.com/tucson/food-delivery/outback-steakhouse-2240-west-ina-road/o25L2HGLQlaWBhx12GHPIA,tucson
https://www.ubereats.com/tucson/food-delivery/mcdonalds-broadway-%26-camino-seco/nXs1X0rQRFmr-k7JDYdsMA,tucson
https://www.ubereats.com/tucson/food-delivery/frozen-delight/fpNxWYaVSIaxigmtPqTUgA,tucson
https://www.ubereats.com/tucson/food-delivery/burger-king-2520-east-valencia-road/y-JFfK85Riam3qWEZ2s9TA,tucson
https://www.ubereats.com/tucson/food-delivery/dunkin-5346-e-22nd-st/RWYkDLB-S8WhCNqflMh2Lg,tucson
https://www.ubereats.com/tucson/food-delivery/dunkin-1066-w-grant-rd/r0zi0-NMQpqAd2U9hrCKow,tucson
https://www.ubereats.com/tucson/food-delivery/the-habit-burger-grill-4874-s-landing-way-ste-110/i2sdysgZTCaKhG6uJPXIqw,tucson
https://www.ubereats.com/tucson/food-delivery/pokezone/NZbOojeFTRmG4V-aKTWrOA,tucson
https://www.ubereats.com/tucson/food-delivery/wendys-5391-e-speedway/R2KcTyDjSb2k0aacrWtM-Q,tucson
https://www.ubereats.com/tucson/food-delivery/jack-in-the-box-4949-n-oracle-rd/DA0WBRtlRUeHoXkI7zcJfg,tucson
https://www.ubereats.com/tucson/food-delivery/papa-murphys-pizza-az085-1st-ave-%26-roger/OI7dyg_DTT-HzuQibpA69A,tucson
https://www.ubereats.com/tucson/food-delivery/tumamoc-nutrition-bar/AqVRic9uR4qGGj-cVFRhPA,tucson
https://www.ubereats.com/tucson/food-delivery/eegees-store-41-stone-%26-drachman/nUjyLpI0RHurF-wntNqCfw,tucson
https://www.ubereats.com/tucson/food-delivery/dolce-vita-bistro/dsCCqPciQROjDmHy1339EA,tucson
https://www.ubereats.com/tucson/food-delivery/papa-johns-9505-e-broadway/OQ8LHxntSu27BYjb_ESEtg,tucson
https://www.ubereats.com/tucson/food-delivery/native-grill-%26-wings-calle-santa-cruz-%26-drexel/kqCHpSIiS12ooB11_FGdkg,tucson
https://www.ubereats.com/tucson/food-delivery/five-guys-az-1134-2802-n-campbell-ave/pok7EnSXRU-4x5F_P6C-NA,tucson
https://www.ubereats.com/tucson/food-delivery/filibertos-4110-e-22nd-st/VjRCkpOmRXiAUKMsgQu_MA,tucson
https://www.ubereats.com/tucson/food-delivery/ihop-w-valencia-rd/mU3kn7uaRdCst4ckPuk0yA,tucson
https://www.ubereats.com/tucson/food-delivery/finis-landing/kgQIVAXRRSuD9b0dBlwk_w,tucson
https://www.ubereats.com/tucson/food-delivery/five-guys-az-1280-4362-n-oracle-rd/hg677zKATu2BISp8KyQ3XA,tucson
https://www.ubereats.com/tucson/food-delivery/cinnabon-baked-at-pilot-5570-e-travel-plaza-way/aG8pCiAhRMqX4OV1BAIFqQ,tucson
https://www.ubereats.com/tucson/food-delivery/bacio-italiano/t_Hh-UcKR2em_ZeelYDHCw,tucson
https://www.ubereats.com/tucson/food-delivery/starbucks-203-east-speedway-blvd/dycKq6LoQsGecdpGYvDm2A,tucson
https://www.ubereats.com/tucson/food-delivery/los-betos-mexican-food/wCDqfeXkReCOqZELwn06Ew,tucson
https://www.ubereats.com/tucson/food-delivery/wendys-3535-e-irvington-road/39A_go3oSbeJ6hEuxi41AQ,tucson
https://www.ubereats.com/tucson/food-delivery/carls-jr-3289-e-valencia-rd/X76RVJKrQeyDHCaYNmbAlQ,tucson
https://www.ubereats.com/tucson/food-delivery/cafe-desta/rA2vhkUBSTOso47PdRIH2g,tucson
https://www.ubereats.com/tucson/food-delivery/posto-sano/1UuWeKh-QLayA9UTUpjb1w,tucson
https://www.ubereats.com/tucson/food-delivery/sauce-pizza-%26-wine-e-broadway/BMP1t5CpRfeObp1o77nV4g,tucson
https://www.ubereats.com/tucson/food-delivery/hi-fi-kitchen-%26-cocktails-tucson/czDVwokOR0Op3T5yjPDMPA,tucson
https://www.ubereats.com/tucson/food-delivery/panda-express-4500-n-oracle-rd/vmo7CBf6QUKfjrIk5twqOw,tucson
https://www.ubereats.com/tucson/food-delivery/heemee-coffee-%2B-bakery/RJ5_y0C6QD2S206orfB9Bg,tucson
https://www.ubereats.com/tucson/food-delivery/mod-pizza-wilmot-plaza/HqXPJoIgQfGjKM34BNduyw,tucson
https://www.ubereats.com/tucson/food-delivery/pei-wei-5285-e-broadway-blvd-suite-151/OAdYRHlMQmmpBzYTQ3sLLg,tucson
https://www.ubereats.com/tucson/food-delivery/sher-e-punjab/m4FAFqu_SXyn1o9_VqpGdA,tucson
https://www.ubereats.com/tucson/food-delivery/dunkin-2553-n-campbell-ave/vnG-xRy9RvyEWFTA6Qiedg,tucson
https://www.ubereats.com/tucson/food-delivery/starbucks-3951-w-ina-road-%23101/rg9brSESRiSfVj-Cp_Wc0Q,tucson
https://www.ubereats.com/tucson/food-delivery/teaholic/QoatPQbDT7Gw7jOpBxnWew,tucson
https://www.ubereats.com/tucson/food-delivery/polish-cottage/3kPfLfATTjKJ_Y8vTogrvA,tucson
https://www.ubereats.com/tucson/food-delivery/the-glowbal-restaurant-and-bar/MQEAF-zwRFaHY3aNEKOsuA,tucson
https://www.ubereats.com/tucson/food-delivery/rubios-broadway-%26-randolph/9Y500-k6Re-_rouFx6J0TQ,tucson
https://www.ubereats.com/tucson/food-delivery/los-betos-grant-rd/Sr7B3dC2S2S4nFR888HkfQ,tucson
https://www.ubereats.com/tucson/food-delivery/zinmans-food-shop-4th-st/1EBuaB4IT3S00Gntlt9v9Q,tucson
https://www.ubereats.com/tucson/food-delivery/smashburger-4821-e-grant-rd/6D--TBooSbexLIqLq862-w,tucson
https://www.ubereats.com/tucson/food-delivery/august-rhodes-market/kvFfyt9cSMqWMvdWUXR6zA,tucson
https://www.ubereats.com/tucson/food-delivery/chipotle-mexican-grill-6501-e-grant-rd-%23-141/zK_9uIQ-TtmpqVEZVV4kLw,tucson
https://www.ubereats.com/tucson/food-delivery/firehouse-subs-wetmore-%26-oracle/k30pEPQFRF6prKAbYK_Q6Q,tucson
https://www.ubereats.com/tucson/food-delivery/churchs-chicken-402-w-valencia/66qW4XMsQg-pg1_BgOCXnw,tucson
https://www.ubereats.com/tucson/food-delivery/mcdonalds-speedway-%26-alvernon/aUj4-ID_Q1ms_ywykwdEOA,tucson
https://www.ubereats.com/tucson/food-delivery/mcdonalds-swan-%26-camp-lowell/Mb_9XPwTQyCbSmOIBMP4TQ,tucson
https://www.ubereats.com/tucson/food-delivery/five-guys-az-1617-9484-e-22nd-st/H9aaPSWIRFm0o7ulFQxYWg,tucson
https://www.ubereats.com/tucson/food-delivery/urban-pita/fNfP4_g9TIuyH9Lnt1gL-A,tucson
https://www.ubereats.com/tucson/food-delivery/famous-sams-golf-links-%26-kolb/W-3pUeYQRHWXoZiLIf6V-w,tucson
https://www.ubereats.com/tucson/food-delivery/mod-pizza-the-landing/3XZ23IE4QLqQGMMJdQbbNA,tucson
https://www.ubereats.com/tucson/food-delivery/the-original-hideout/c_dVPj1bSoKd8UjvGqUnKA,tucson
https://www.ubereats.com/tucson/food-delivery/the-horseshoe-grill/w8shitQ_QaqrSIL6jT3aFw,tucson
https://www.ubereats.com/tucson/food-delivery/sunny-%26-fines-breakfast-burritos/Q8Aq7DgRSzSorti2aQK12g,tucson
https://www.ubereats.com/tucson/food-delivery/dc-jumbie/umPhsQPZSSGJS-I8DSi3uw,tucson
https://www.ubereats.com/tucson/food-delivery/fermented-tea-company/Bkqh09xsTDe7TvCRMdMRSw,tucson
https://www.ubereats.com/tucson/food-delivery/the-habit-burger-grill-5721-east-broadway-blvd/k35nR5ciSTOtEr5oFMHNZA,tucson
https://www.ubereats.com/tucson/food-delivery/sonic-1st-ave-%26-pastime/DQluseebTc6EscReUm5fzw,tucson
https://www.ubereats.com/tucson/food-delivery/churchs-chicken-3602-south-6th-avenue/Nj0rAK7kR7y1l2x5WuCnEQ,tucson
https://www.ubereats.com/tucson/food-delivery/burger-king-871-w-saint-marys-road/N7amIsDFRPibS8ZBRjCoJQ,tucson
https://www.ubereats.com/tucson/food-delivery/potbelly-sandwich-shop-broadway-%26-craycroft-%7C-350/CspSR-CVQuWDsoca8-Icgg,tucson
https://www.ubereats.com/tucson/food-delivery/graze-premium-burgers-speedway-%26-treat/YPUOTwVZTKOHujSV5mdFBg,tucson
https://www.ubereats.com/tucson/food-delivery/baggins-gourmet-sandwiches-broadway-%26-craycroft/QNZyObt7Q2O-mN3q6WN0Tw,tucson
https://www.ubereats.com/tucson/food-delivery/mcdonalds-tanque-verde-%26-grant/55GZ-1QYRayCdsbt3BBfFw,tucson
https://www.ubereats.com/tucson/food-delivery/hooties-burger-bar-7280-e-broadway/EVTawOHLSmala4eKyPxDoA,tucson
https://www.ubereats.com/tucson/food-delivery/mcdonalds-ajo-%26-mission/Himu3396Qh-NVGZHJIdMIw,tucson
https://www.ubereats.com/tucson/food-delivery/wendys-3780-w-orange-grove-rd/_QRpTW-UQ06BKyTMqIkv4g,tucson
https://www.ubereats.com/tucson/food-delivery/taco-bell-3930-east-22nd-street/WCQF5Y8YRvePbu_3a6t0Kw,tucson
https://www.ubereats.com/tucson/food-delivery/michoacan-taqueria-raspados-inc/YM8epyrkSZ2MAShTIqehmw,tucson
https://www.ubereats.com/tucson/food-delivery/sauce-pizza-%26-wine-n-oracle/z-RALiiQQIaaDixPfbke-w,tucson
https://www.ubereats.com/tucson/food-delivery/subway-3966-n-oracle-rd/dvnP_QF2SrqyWSHrvXyvcA,tucson
https://www.ubereats.com/tucson/food-delivery/tucson-cookie-co/Oe-itXKESJy5MdR-2CYhoQ,tucson
https://www.ubereats.com/tucson/food-delivery/mcdonalds-park-ave-%26-i-10/41F098CxRw-RTKCGFwRdfA,tucson
https://www.ubereats.com/tucson/food-delivery/taco-bell-7915-n-oracle-rd/bRT-HZFoQwifFkiZnpbC2g,tucson
https://www.ubereats.com/tucson/food-delivery/starbucks-6363-n-la-cholla/BGH7S0IwRJqh4T9r77MftQ,tucson
https://www.ubereats.com/tucson/food-delivery/just-noodles/K4TLOY-WRAyHuuPQxusAKg,tucson
https://www.ubereats.com/tucson/food-delivery/suspiros-cakes-west-apple/xlRxpgGvTomeI7St58SF5g,tucson
https://www.ubereats.com/tucson/food-delivery/los-betos-n-1st-ave/AhkwWPGRSoyw-Z8_syFaKQ,tucson
https://www.ubereats.com/tucson/food-delivery/ihop-cerius-stra-%26-cortaro-farms/VDVop5vXRHCiNkkoqw71AA,tucson
https://www.ubereats.com/tucson/food-delivery/kwench-juice-cafe/Nn8reVCnTeKTUyJa9LHx3w,tucson
https://www.ubereats.com/tucson/food-delivery/craft-republic-7625-n-lacholla-blvd/BEtXE9xOTIirdyppt6Sx4Q,tucson
https://www.ubereats.com/tucson/food-delivery/carls-jr-3790-w-ina-road/X04dhHZoRkupjp6H-cBMHg,tucson
https://www.ubereats.com/tucson/food-delivery/chipotle-mexican-grill-4774-e-grant-rd/sYqpvLnbRFKbgbm3Wo2KLw,tucson
https://www.ubereats.com/tucson/food-delivery/henrys-fresh-chinese-bistro/kGzouufqSVaGyZjocLFFHQ,tucson
https://www.ubereats.com/tucson/food-delivery/mandarin-grill/54HCxSr3SJuumT7rlCOd2w,tucson
https://www.ubereats.com/tucson/food-delivery/shishkebab-house/nQMb6klBRWmJAZx8g8wFXg,tucson
https://www.ubereats.com/tucson/food-delivery/taco-bell-2150-w-river-rd/hVdSkrDPR_2_qCgSfMls9Q,tucson
https://www.ubereats.com/tucson/food-delivery/viva-burrito-st-marys/114YmqB8QK6gn1XJrxgPIg,tucson
https://www.ubereats.com/tucson/food-delivery/el-pollo-loco-3781-w-ina-rd3839/HRD9GtZCTgSry_uukVm-VA,tucson
https://www.ubereats.com/tucson/food-delivery/suspiros-cakes-broadway/j3P_1OlkQFSMggcqC7_AXA,tucson
https://www.ubereats.com/tucson/food-delivery/hamburger-stand-1710-w-valencia-rd/TUnqMxj8Q2i5P0Q88bxvaQ,tucson
https://www.ubereats.com/tucson/food-delivery/viva-burrito-river-rd/sgn8TGCNRIW-GMrkhcvDWA,tucson
https://www.ubereats.com/tucson/food-delivery/variety-h2o-%2B-ice-cream/xAJRiLYfQ0yko9AhVejCgA,tucson
https://www.ubereats.com/tucson/food-delivery/mr-cookmans-bbq/d6CmA4BVRRy7GYB5kRI26g,tucson
https://www.ubereats.com/tucson/food-delivery/popeyes-3814-west-river-rd/pYzfujbuTPCAHqZuRQrLpQ,tucson
https://www.ubereats.com/tucson/food-delivery/guadalajara-original-grill-e-prince/YZqbcA5qRye0hlBwv3t1hw,tucson
https://www.ubereats.com/tucson/food-delivery/jack-in-the-box-1195-s-craycroft-rd/jchVM0naTwC02qWFYoi82Q,tucson
https://www.ubereats.com/tucson/food-delivery/hana-hawaiian-grill/vM6epKpaQAaR6fFiqJ19Nw,tucson
https://www.ubereats.com/tucson/food-delivery/dennys-4920-w-ina-rd/3rIhfSaCQGajQyFVlT5SKw,tucson
https://www.ubereats.com/tucson/food-delivery/jps-seafood/mnHiw8osSni0FZuyh4yuOQ,tucson
https://www.ubereats.com/tucson/food-delivery/jack-in-the-box-4450-n-1st-ave/bkGa5GYCQBSvcUuQKLGdNw,tucson
https://www.ubereats.com/tucson/food-delivery/firehouse-subs-5435-s-calle-santa-cruz-ste-105g/7LJtv7RQQ0ybIcvXGBPlXQ,tucson
https://www.ubereats.com/tucson/food-delivery/dennys-22nd-st-%26-alvernon/0ey9-RXOT9KOyrS8YybZyw,tucson
https://www.ubereats.com/tucson/food-delivery/bostons-restaurant-5825-w-arizona-pavilions-dr/UejE7NnoRceJE1MpouIkCw,tucson
https://www.ubereats.com/tucson/food-delivery/jack-in-the-box-550-w-valencia-rd/QqCNBxC4SmC48nlDG6NN4w,tucson
https://www.ubereats.com/tucson/food-delivery/kon-tiki/5rpCR_F7TduiNo91dINnBA,tucson
https://www.ubereats.com/tucson/food-delivery/jimmys-pita-%26-poke-bowl/TYkBHD0xTKKfUFg_GblEAw,tucson
https://www.ubereats.com/tucson/food-delivery/mcdonalds-campbell-%26-fort-lowell/eiKJZLu6TOyrYFjt5bGOGQ,tucson
https://www.ubereats.com/tucson/food-delivery/el-gorditos-tacos-y-cocina/rZ_nX9YTSHCLZLirguL-nQ,tucson
https://www.ubereats.com/tucson/food-delivery/cinnabon-5870-e-broadway-blvd/_LLbvADHRLKPInB5CFeM4w,tucson
https://www.ubereats.com/tucson/food-delivery/five-guys-az-1667-5331-s-calle-santa-cruz/IljtuHI2TmOhtkskXYQB9g,tucson
https://www.ubereats.com/tucson/food-delivery/the-blind-pig/_1blyr8UQ5KU_0Ce7ZkDdg,tucson
https://www.ubereats.com/tucson/food-delivery/pei-wei-633-w-ina-rd/RuehiwuMTC6GFiwA5cX7yA,tucson
https://www.ubereats.com/tucson/food-delivery/the-ice-cream-shop/BkkhzAJhQZqS4W-JW2j0jw,tucson
https://www.ubereats.com/tucson/food-delivery/rubios-campbell-%26-glenn/OGbSgTjuRhq6A8j3BDHjNA,tucson
https://www.ubereats.com/tucson/food-delivery/eegees-store-14-speedway-%26-jefferson/Tcbjf-Z-ToKzYuGvVq3kOA,tucson
https://www.ubereats.com/tucson/food-delivery/southwest-grillers/_GlzwbSpQK-L3AhELW2Mbw,tucson
https://www.ubereats.com/tucson/food-delivery/mcdonalds-22nd-st-%26-alvernon/TGQ5UDTARaGP4-dBuJAZLw,tucson
https://www.ubereats.com/tucson/food-delivery/iou-sushi-iv/7PATsYbuQxCP4iy0kUqFow,tucson
https://www.ubereats.com/tucson/food-delivery/eegees-store-33-valencia-%26-lisa-frank/My2buAViRiekPXw6_dKfrw,tucson
https://www.ubereats.com/tucson/food-delivery/fired-pie-congress-%26-broadway/6RfvOP0sR8C67lx-T8FB5Q,tucson
https://www.ubereats.com/tucson/food-delivery/pf-changs-1805-e-river-rd-suite-100/9J0DzjRCSrK65mGm4dshRw,tucson
https://www.ubereats.com/tucson/food-delivery/jack-in-the-box-2985-w-valencia-rd/CtuS4-W6S_GAF6keygvz_g,tucson
https://www.ubereats.com/tucson/food-delivery/sushi-cho-restaurant/EXhC3z0SQHOYSnNadhc2MQ,tucson
https://www.ubereats.com/tucson/food-delivery/wienerschnitzel-6346-n-oracle-rd/VaqpvyMJQOGGHq5dn3FgEQ,tucson
https://www.ubereats.com/tucson/food-delivery/nekter-juice-bar-2501-e-grant-rd/1_wnh_d1RgGtCWRtbv1aZw,tucson
https://www.ubereats.com/tucson/food-delivery/egg-connection/ZO61ElAzQMWHLEqvIuphQg,tucson
https://www.ubereats.com/tucson/food-delivery/jerry-bobs/_6SGIl-fRImxQFi7lVXxhA,tucson
https://www.ubereats.com/tucson/food-delivery/viva-burrito-valencia/n6E3aW2gQWyW6K9a2iOBpw,tucson
https://www.ubereats.com/tucson/food-delivery/wendys-1540-w-valencia-rd/KpgrwpPcSraWxyjFpSNDUA,tucson
https://www.ubereats.com/tucson/food-delivery/mariscos-chihuahua/lSoIXJfSSYy0A8GfNKaJwA,tucson
https://www.ubereats.com/tucson/food-delivery/all-american-burger/EU3GoSorSVmdTPzZL0K26A,tucson
https://www.ubereats.com/tucson/food-delivery/fish-wok/sg_7ZmYTShGwcYN4QcadFg,tucson
https://www.ubereats.com/tucson/food-delivery/panda-express-irvington-%26-i-19/NV6XtJWlShyb0WG69q_7mg,tucson
https://www.ubereats.com/tucson/food-delivery/hana-tokyo/5QWviDyBTOiB7g9kkE3SBA,tucson
https://www.ubereats.com/tucson/food-delivery/dunkin-7073-e-tanque-verde-rd/GpnY1yACSJypOnK3iot9DA,tucson
https://www.ubereats.com/tucson/food-delivery/taco-bell-1210-w-irvington-rd/Rv-4CjSqQbqo2rP2dEZ1pg,tucson
https://www.ubereats.com/tucson/food-delivery/chick-fil-a-3605-e-broadway-blvd/51rsMe_-RFySVJ3ZDgobBA,tucson
https://www.ubereats.com/tucson/food-delivery/el-pollo-loco-5601-e-broadway-blvd3838/fE1bZ4G9Sdq-SOr8H_2kuA,tucson
https://www.ubereats.com/tucson/food-delivery/ihop-grant-%26-dragoon/VMBLuYMITHSVzH7qmIA9RQ,tucson
https://www.ubereats.com/tucson/food-delivery/sinbads-restaurant/FqrUsatGTTqFVlOMw0EEEA,tucson
https://www.ubereats.com/tucson/food-delivery/pho-can-tho-by-1/rYTKHM4dQWOQT1Uco5y2jQ,tucson
https://www.ubereats.com/tucson/food-delivery/wendys-1005-n-campbell-ave/qNp7mqGjRi-tpHSltxYS5A,tucson
https://www.ubereats.com/tucson/food-delivery/pei-wei-845-e-university-blvd-suite-135/QMV_X8f5RsGVWdzpxVidsw,tucson
https://www.ubereats.com/tucson/food-delivery/subway-1927-e-speedway-blvd-ste-111/gHWlW2_MSLuhWVHHx2h5eg,tucson
https://www.ubereats.com/tucson/food-delivery/island-grill/L1ACCjMbSRaZ6Xscr7u_Uw,tucson
https://www.ubereats.com/tucson/food-delivery/panda-express-5870-east-broadway-boulevard/on2VL8VaTDetMsVg_awzeA,tucson
https://www.ubereats.com/tucson/food-delivery/churchs-chicken-1704-w-ajo-way/k4FFx9SQS0ecbwMFnlQ__g,tucson
https://www.ubereats.com/tucson/food-delivery/the-dutch-eatery-%26-refuge/NW1yopKFTHKLUZDZDQv9Bw,tucson
https://www.ubereats.com/tucson/food-delivery/rush-bowls-tucson/SlRhStSPRwqhzLgT2OiCRw,tucson
https://www.ubereats.com/tucson/food-delivery/mcdonalds-ironwood-hills-%26-silverbell/9uiHSm5oRq-AUN9FEjMeyQ,tucson
https://www.ubereats.com/tucson/food-delivery/original-cuisine/1077saFzQTuo3npv1xT7OA,tucson
https://www.ubereats.com/tucson/food-delivery/chipotle-mexican-grill-5870-e-broadway-blvd-ste-3002/xsT5rIrTQG24uCSMuEWg8A,tucson
https://www.ubereats.com/tucson/food-delivery/popeyes-louisiana-kitchen-1110-north-stone-ave/21oR4VCBSDeTAgo4Z89rSA,tucson
https://www.ubereats.com/tucson/food-delivery/el-chapo-restaurant/NluIXvjPTq-E-P2Apl18kg,tucson
https://www.ubereats.com/tucson/food-delivery/chipotle-mexican-grill-9484-e-22nd-st-ste-130/cpw83NnWQm-kKHJYnVCqpQ,tucson
https://www.ubereats.com/tucson/food-delivery/eegees-store-38-oracle-orange-grove/7l40KoVuTCW9wWVVJui31w,tucson
https://www.ubereats.com/tucson/food-delivery/buffalo-wild-wings-4329-n-oracle-rd-ste-135/41r97nDQRUCIK2mTyx6qjQ,tucson
https://www.ubereats.com/tucson/food-delivery/sullivans-1785-e-river-road/vr5d_gs9Qu2nZ1GA-6da7A,tucson
https://www.ubereats.com/tucson/food-delivery/subway-2110-w-grant-rd/IUPKbAGHQk2sIWMvDDlfOQ,tucson
https://www.ubereats.com/tucson/food-delivery/papa-johns-la-canada-%26-river/O_EN9Vw-SiWDy5omXyPPIg,tucson
https://www.ubereats.com/tucson/food-delivery/sonic-golf-links-%26-pantano/4CWXcb9sQWe43DOq6bsA_Q,tucson
https://www.ubereats.com/tucson/food-delivery/espresso-art-cafe/8c7ova0cQTuqsW-4TU6k6w,tucson
https://www.ubereats.com/tucson/food-delivery/suspiros-cakes/yXDUBwizTD621jhjMw56WA,tucson
https://www.ubereats.com/tucson/food-delivery/panda-express-valencia-%26-i-19/p-FbXdJLQ8KoK0S9xrpsEA,tucson
https://www.ubereats.com/tucson/food-delivery/the-ice-cream-shop/nKmFECdcSV-EIF2aWaHNmQ,tucson
https://www.ubereats.com/tucson/food-delivery/carls-jr-1070-e-ajo-way/B38G6_WaQC2_AUseBwsHTg,tucson
https://www.ubereats.com/tucson/food-delivery/mcdonalds-craycroft-%26-golf-links/0DYFcyFMQVCta4D4PGNR3g,tucson
https://www.ubereats.com/tucson/food-delivery/china-olive-super-buffet/Q8ayw8ksQ9uEsdopjHOF6w,tucson
https://www.ubereats.com/tucson/food-delivery/buffalo-wild-wings-1390-w-irvington-rd/emO7JLzpSp-52k3YsMck7g,tucson
https://www.ubereats.com/tucson/food-delivery/la-botana-taco-and-grill/Y5QHeOoSQzmjOmI-wv_Rxw,tucson
https://www.ubereats.com/tucson/food-delivery/mcdonalds-speedway-%26-craycroft/vFjS9aPPQa2XIDuyq4AbVw,tucson
https://www.ubereats.com/tucson/food-delivery/percheron-mexican-grill-4860-s-12th-ave/iJLQB2QATkS70Htf0GksmA,tucson
https://www.ubereats.com/tucson/food-delivery/chipotle-mexican-grill-3055-n-campbell-ave-ste-183/yi0_PluwS2-fS5TrAiDI2Q,tucson
https://www.ubereats.com/tucson/food-delivery/churchs-chicken-3970-east-22nd-street/CCdJFAr0Tpi9usPwP7Lbdg,tucson
