url,city
https://www.ubereats.com/phoenix/food-delivery/wendys-2056-s-ellsworth-rd/OuMOUyiQTyiRE1E6RiTDmg,apache-junction-arizona
https://www.ubereats.com/phoenix/food-delivery/rubios-1804-s-signal-butte/oRb_ePYZRnWH6TTXkJ_4jQ,apache-junction-arizona
https://www.ubereats.com/phoenix/food-delivery/mr-mesquite-taqueria-crimson-rd/BEzuJW0bStuj5ILRCX88Fg,apache-junction-arizona
https://www.ubereats.com/phoenix/food-delivery/frios-gourmet-pops-east-valley/NzgewmrCQ-y9aUZcn6fttQ,apache-junction-arizona
https://www.ubereats.com/phoenix/food-delivery/mobilemarinaracom/7-FyAAjDSlCbCD0oaOfAAw,apache-junction-arizona
https://www.ubereats.com/phoenix/food-delivery/steves-krazy-sub/a8VHWPSYTTyEBuAV4IuADw,apache-junction-arizona
https://www.ubereats.com/phoenix/food-delivery/chipotle-mexican-grill-1955-s-signal-butte-rd-ste-101/rrCTxlQFTpeWDtXP0q1sKQ,apache-junction-arizona
https://www.ubereats.com/phoenix/food-delivery/krispy-kreme-superstition-springs-%26-power/pJ3griiyRtqC6wiIBCM4MQ,apache-junction-arizona
https://www.ubereats.com/phoenix/food-delivery/the-handlebar-pub-%26-grill/jJafe8oiSDGLjG7-pQYsYQ,apache-junction-arizona
https://www.ubereats.com/phoenix/food-delivery/rosatis-pizza/kfHYKnP5QjS4EpicK5lIBA,apache-junction-arizona
https://www.ubereats.com/phoenix/food-delivery/carls-jr-2933-s-tomahawk-rd/V4AxCwcZTSSiDKUrMJE0Lw,apache-junction-arizona
https://www.ubereats.com/phoenix/food-delivery/ihop-10662-e-southern-ave/yZ6pt8NsTS6GS8cSQd1deg,apache-junction-arizona
https://www.ubereats.com/phoenix/food-delivery/charleys-philly-steaks-superstition-springs-mall/fmpl8y50QM2vz5fCNBtlpA,apache-junction-arizona
https://www.ubereats.com/phoenix/food-delivery/burger-king-10726-e-guadalupe-rd/9HN-SLGnQDyIcqHWW1HtpA,apache-junction-arizona
https://www.ubereats.com/phoenix/food-delivery/dunkin-1116-s-crismon-rd/Ay6v5kRVQ3ab6367nvkU8Q,apache-junction-arizona
https://www.ubereats.com/phoenix/food-delivery/arbys-6740-e-main-street/MOe5oYEiTy2EqPdJARfW4Q,apache-junction-arizona
https://www.ubereats.com/phoenix/food-delivery/el-pollo-loco-1715-s-power-rd3757/m0ccyE2TRU6510olueGYJA,apache-junction-arizona
https://www.ubereats.com/phoenix/food-delivery/mod-pizza-mesa-signal-butte/LujFjG0HT0WMcuqefydg7A,apache-junction-arizona
https://www.ubereats.com/phoenix/food-delivery/uncle-bears-grill-%26-tap-baseline-%26-ellsworth/4JZ3h_FLQiaW5kFgX5dLqw,apache-junction-arizona
https://www.ubereats.com/phoenix/food-delivery/panda-express-power-%26-mckellips/AVEfbezkScmNGAcDqhloEA,apache-junction-arizona
https://www.ubereats.com/phoenix/food-delivery/babbo-italian-eatery-e-southern-ave/l3qgPPcOTlSS8Lr0C1jCBw,apache-junction-arizona
https://www.ubereats.com/phoenix/food-delivery/papa-murphys-2748-s-signal-butte-rd/EL03lo9NS0SrUcUoPrd5Pw,apache-junction-arizona
https://www.ubereats.com/phoenix/food-delivery/papa-murphys-8257-e-guadalupe-rd/ajJYOkfxRr65YbQKYn6nKQ,apache-junction-arizona
https://www.ubereats.com/phoenix/food-delivery/the-ice-cream-shop/qICZ60aiSp6o9f4Ol8SVjA,apache-junction-arizona
https://www.ubereats.com/phoenix/food-delivery/subway-95-s-idaho-rd/ryXqAo-TQJqM2RlfA9CsDw,apache-junction-arizona
https://www.ubereats.com/phoenix/food-delivery/mcdonalds-ellsworth-%26-baseline/7aAZYqMyR2WmnFIBxLVTeg,apache-junction-arizona
https://www.ubereats.com/phoenix/food-delivery/luna-street-food-truck/P5HHR-wxSLuV5K-oNawS2g,apache-junction-arizona
https://www.ubereats.com/phoenix/food-delivery/tropical-smoothie-cafe-mesa/kFBLbjfYRuit6hAAi7ANDQ,apache-junction-arizona
https://www.ubereats.com/phoenix/food-delivery/chicagoland-hotdogs-%26-more/xGhwS6LgSdCiROan0nJwvQ,apache-junction-arizona
https://www.ubereats.com/phoenix/food-delivery/el-autentico-1010/dkr6eLXGTcuMTXdTArWQZg,apache-junction-arizona
https://www.ubereats.com/phoenix/food-delivery/dairy-queen-grill-%26-chill-5936-e-mckellips-rd/MaJRldWnRe6ctgUT_-j-Qg,apache-junction-arizona
https://www.ubereats.com/phoenix/food-delivery/chipotle-mexican-grill-1411-s-power-rd-ste-103/PYSeTQnzTHOjg9kqkv1UmQ,apache-junction-arizona
https://www.ubereats.com/phoenix/food-delivery/burger-king-10025-e-southern-ave/-qZ90APqTgKOaz_yguw_RA,apache-junction-arizona
https://www.ubereats.com/phoenix/food-delivery/dennys-1330-s-power-rd/9Xtr17-YSZ-XbbZ2nO2Gxg,apache-junction-arizona
https://www.ubereats.com/phoenix/food-delivery/starbucks-1923-s-signal-butte-rd/st2iPXyLRc-xHRJyE8JLoQ,apache-junction-arizona
https://www.ubereats.com/phoenix/food-delivery/top-fuel-espresso/c45ah4mLQlOpCh14SI-k5Q,apache-junction-arizona
https://www.ubereats.com/phoenix/food-delivery/mcdonalds-2715-s-signal-butte-rd/XKQmkWK3QISWUx2MZIdV0g,apache-junction-arizona
https://www.ubereats.com/phoenix/food-delivery/fuddruckers-southern-%26-power/EK6-vu5ASDKJuIw6wYWw0w,apache-junction-arizona
https://www.ubereats.com/phoenix/food-delivery/kfc-10720-e-baseline-road/amw6nnH-TqqRNE-D8tLopQ,apache-junction-arizona
https://www.ubereats.com/phoenix/food-delivery/chipotle-mexican-grill-2849-n-power-rd-ste-101/jadCC-vqSr2nZLb5Qb-XEw,apache-junction-arizona
https://www.ubereats.com/phoenix/food-delivery/mickey-ds-cafe/beukYvYbT_mF9haGNHKcVA,apache-junction-arizona
https://www.ubereats.com/phoenix/food-delivery/panda-express-signal-butte-%26-baseline/Oyyy0Si5SVSwVzGLPSrEhg,apache-junction-arizona
https://www.ubereats.com/phoenix/food-delivery/kneaders-bakery-%26-cafe-signal-butte/3uFEDCLsSRSLBN7N_fhMZA,apache-junction-arizona
https://www.ubereats.com/phoenix/food-delivery/kfc-3051-w-apache-trail/U5LmCSjBSxmltqJbaW8WQA,apache-junction-arizona
https://www.ubereats.com/phoenix/food-delivery/firehouse-subs-power-%26-mckellips/CKjN1MHPRbCNDyMFiib_dw,apache-junction-arizona
https://www.ubereats.com/phoenix/food-delivery/subway-439-south-ellsworth-rd/ZrfVYtpfSaqcx8Ok01DBzQ,apache-junction-arizona
https://www.ubereats.com/phoenix/food-delivery/cozy-corner-cafe/yfBAh6O5Q3eEzRBwdZwqGw,apache-junction-arizona
https://www.ubereats.com/phoenix/food-delivery/maskadores-taco-shop-s-power-rd/gu7iqQ_HQym5ibsV1dqYZQ,apache-junction-arizona
https://www.ubereats.com/phoenix/food-delivery/dennys-10623-e-main-st/7FwChpWQTjSEVKde81eUKA,apache-junction-arizona
https://www.ubereats.com/phoenix/food-delivery/old-school-grub/1QiAGTfATbSxhMSTZ-X58w,apache-junction-arizona
https://www.ubereats.com/phoenix/food-delivery/j-j-madisons/m1YxubZGSTis9uxMAV45SA,apache-junction-arizona
https://www.ubereats.com/phoenix/food-delivery/sushi-kee/aBEp_1OpT0adLLrysrfAdw,apache-junction-arizona
https://www.ubereats.com/phoenix/food-delivery/papa-johns-10745-e-apache/VhTNgnsjTaaD8Lr6fMx5BA,apache-junction-arizona
https://www.ubereats.com/phoenix/food-delivery/kokobelli-bagel-cafe/OkjYIJTWQna03-6N1ojcmg,apache-junction-arizona
https://www.ubereats.com/phoenix/food-delivery/venezias-pizzeria-2721-south-ellsworth-road/qqVMG5YJTiqIgMWR1OXUHQ,apache-junction-arizona
https://www.ubereats.com/phoenix/food-delivery/teriyaki-madness-mesa-az/OMbyS4Q2RuKhL1G_hTpZ5w,apache-junction-arizona
https://www.ubereats.com/phoenix/food-delivery/dickeys-bbq-pit-ellsworth-%26-southern/BE_gHULZR8mPIY1GD7rwzQ,apache-junction-arizona
https://www.ubereats.com/phoenix/food-delivery/starbucks-2043-s-ellsworth-rd/O0nybg9_Sp2vmcJwGNXCAg,apache-junction-arizona
https://www.ubereats.com/phoenix/food-delivery/papa-murphys-2114-west-apache-trail/VeMDTJqWQmivOrbqriFkxg,apache-junction-arizona
https://www.ubereats.com/phoenix/food-delivery/popeyes-louisiana-kitchen-1431-south-crimson-road/wlaVkwWlSrOhO1_J4hZ76A,apache-junction-arizona
https://www.ubereats.com/phoenix/food-delivery/erikbertos/TPZrVtQUQCu7jGP6AGFhoA,apache-junction-arizona
https://www.ubereats.com/phoenix/food-delivery/the-subslingers/KH1GGzO6TmSluNR8HvsxWA,apache-junction-arizona
https://www.ubereats.com/phoenix/food-delivery/subway-1923-s-signal-butte-rd/cZ7AMxJCRNyDlXg0DwoSDg,apache-junction-arizona
https://www.ubereats.com/phoenix/food-delivery/sonic-6935-east-baseline-road/vcOLKaH2SaiLLqA0hVr4sg,apache-junction-arizona
https://www.ubereats.com/phoenix/food-delivery/taco-bell-97-west-apache-trail/R4mm6WeGQQmWJdocAdJmKg,apache-junction-arizona
https://www.ubereats.com/phoenix/food-delivery/bahama-bucks-1959-s-signal-butte-rd-suite-103/pW56LXvXQX-_0gTki55wHw,apache-junction-arizona
https://www.ubereats.com/phoenix/food-delivery/panda-express-165-s-idaho-rd/TALDSL3lQRCNr-BcwuSDcA,apache-junction-arizona
https://www.ubereats.com/phoenix/food-delivery/yogurt-kingdom/GGp74-IBSN2-lMmWrBxNbw,apache-junction-arizona
https://www.ubereats.com/phoenix/food-delivery/the-meat-slicer-deli-sandwiches/W8hhTelkTnibA5JlVuvBwQ,apache-junction-arizona
https://www.ubereats.com/phoenix/food-delivery/jack-in-the-box-1403-s-crismon-rd/gFnN8o2tQ2uidO5NwoVXYA,apache-junction-arizona
https://www.ubereats.com/phoenix/food-delivery/taco-bell-9315-e-baseline-road/MvEdPTA-Sli1jLkuSaplxg,apache-junction-arizona
https://www.ubereats.com/phoenix/food-delivery/bass-addict-tackle-%26-coffee-shop/S--3bQhNSIits_P_n3iIzw,apache-junction-arizona
https://www.ubereats.com/phoenix/food-delivery/native-grill-%26-wings-signal-butte/PymmxTKTSACmwD9MIlRugA,apache-junction-arizona
https://www.ubereats.com/phoenix/food-delivery/empire-asian-bistro/pbsF-HWyRpCso9nksyYSCQ,apache-junction-arizona
https://www.ubereats.com/phoenix/food-delivery/arbys-2323-w-apache-trail/oEPDwpHTQ0uGTV-JWIAE2w,apache-junction-arizona
https://www.ubereats.com/phoenix/food-delivery/subway-21-south-signal-butte-rd/DNgvcgHxR2KZ9mZE0e28UQ,apache-junction-arizona
https://www.ubereats.com/phoenix/food-delivery/the-ice-cream-shop/svDfEizYQUSSBUV712njcw,apache-junction-arizona
https://www.ubereats.com/phoenix/food-delivery/mvpita/m3_nYfi5SEifJJknoHYTHg,apache-junction-arizona
https://www.ubereats.com/phoenix/food-delivery/taco-bell-2028-north-power-road/zcCoENaGRbeXAGSKE809lw,apache-junction-arizona
https://www.ubereats.com/phoenix/food-delivery/filibertos-mexican-food-crismon-rd/CvrqnM7nSiuljSFfPs0ipQ,apache-junction-arizona
https://www.ubereats.com/phoenix/food-delivery/sonic-2847-s-ellsworth-road/fBakz6BsTJuXDeMKGXwKTg,apache-junction-arizona
https://www.ubereats.com/phoenix/food-delivery/dinos-italian-deli-%26-sandwiches/jJYsS25ZQAOHGSjar3VPsQ,apache-junction-arizona
https://www.ubereats.com/phoenix/food-delivery/streets-of-new-york-1959-s-signal-butte-rd/KFnpkc8MT9qGJXiijcBcSw,apache-junction-arizona
https://www.ubereats.com/phoenix/food-delivery/sonic-875-west-apache-trail/eJfHNV6JR4Kg3aCjavWoaQ,apache-junction-arizona
https://www.ubereats.com/phoenix/food-delivery/serranos-mexican-food-power-%26-southern/FsDNby8kS1S3c2Pqtkt6kQ,apache-junction-arizona
https://www.ubereats.com/phoenix/food-delivery/cold-stone-creamery-1752-s-signal-butte-rd/jFxuymkATBaQG-x11tAdYg,apache-junction-arizona
https://www.ubereats.com/phoenix/food-delivery/yogis-grill-2043-south-ellsworth-road/VKEgLDoWSN2jvYcRoWxLlA,apache-junction-arizona
https://www.ubereats.com/phoenix/food-delivery/rudys-mexican-grill/JSwBG3TsSuOrmC6m1MCwQQ,apache-junction-arizona
https://www.ubereats.com/phoenix/food-delivery/illimitato-pizza/uRtXa-Y0SZO2vTK8BtzllQ,apache-junction-arizona
https://www.ubereats.com/phoenix/food-delivery/az-taste-buds-e-apache/P-M_Ye5lRia5jxt7sDgKZg,apache-junction-arizona
https://www.ubereats.com/phoenix/food-delivery/black-rock-coffee-1839-s-crismon-rd/CF4eY-qTQcqrTYYwYG-oLw,apache-junction-arizona
https://www.ubereats.com/phoenix/food-delivery/sol-azteca/ocyIar2TTziB5685pUhJVQ,apache-junction-arizona
https://www.ubereats.com/phoenix/food-delivery/sonsons-pasty-company/VP3KoY0MTsuFrDSMOmDjVA,apache-junction-arizona
https://www.ubereats.com/phoenix/food-delivery/jersey-mikes-subs-queen-creek-20715-e-rittenhouse-rd/l0Bg2PDYTn2eJSr_Tw8h0A,apache-junction-arizona
https://www.ubereats.com/phoenix/food-delivery/wendys-10714-e-southern-avenue/nYI8sSu-Sn2DuZ6pKBbi0Q,apache-junction-arizona
https://www.ubereats.com/phoenix/food-delivery/subway-2555-w-apache-trl/wuA5EDU1Tyup-ed7-HZCiQ,apache-junction-arizona
https://www.ubereats.com/phoenix/food-delivery/golden-corral-1868-n-power-road/LCCIWaxLSoevSGBMuWfXOQ,apache-junction-arizona
https://www.ubereats.com/phoenix/food-delivery/burger-king-530-west-apache-trail/wqjufJfkRDiy4KmtssUtVg,apache-junction-arizona
https://www.ubereats.com/phoenix/food-delivery/over-easy-southern-%26-power/lE9sDuMNSgGV3jvremLh-g,apache-junction-arizona
https://www.ubereats.com/phoenix/food-delivery/bosa-donuts/bnunb3IpR6K3fRWIuBTxZw,apache-junction-arizona
https://www.ubereats.com/phoenix/food-delivery/wendys-180-e-old-west-hwy/PJAQ11rCSOi3Tp9sAufsdQ,apache-junction-arizona
https://www.ubereats.com/phoenix/food-delivery/steves-krazy-submarine/pE77o4M7QvmjXyqCKmGZdw,apache-junction-arizona
https://www.ubereats.com/phoenix/food-delivery/applebees-6259-e-southern-avenue/VtzpwH4tQMyV1u3qWNniwg,apache-junction-arizona
https://www.ubereats.com/phoenix/food-delivery/taco-bell-50-west-ocotillo-road/C_JRI1N-Tuyy-BrVxsOgLw,apache-junction-arizona
https://www.ubereats.com/phoenix/food-delivery/the-ice-cream-shop/EjOVt1q-RPC9FQJ7xf-DAQ,apache-junction-arizona
https://www.ubereats.com/phoenix/food-delivery/superfarm-supertruck/cClEv_cWR7KShy0AZjCZFg,apache-junction-arizona
https://www.ubereats.com/phoenix/food-delivery/5-r-cha-thai-bistro/TyORnHMhRVCF7nrCHfwFiA,apache-junction-arizona
https://www.ubereats.com/phoenix/food-delivery/mcdonalds-apache-%26-ellsworth/p5VrpZccRyCqhIEU4IVEMA,apache-junction-arizona
https://www.ubereats.com/phoenix/food-delivery/papa-kelseys-pizza-and-subs/pBhd_fMKQ9C4j8hbr8l3zg,apache-junction-arizona
https://www.ubereats.com/phoenix/food-delivery/sonic-10060-east-southern-avenue/Sl7ptVEoRKCeyk-v2j0B5A,apache-junction-arizona
https://www.ubereats.com/phoenix/food-delivery/red-robin-417-6632-0e-superstition-springs-blvd/CMMQix-FSWWeFNYt6p6dqw,apache-junction-arizona
https://www.ubereats.com/phoenix/food-delivery/dogs-fur-dogs/2b13U8GfQXe4jcR-iKp4fw,apache-junction-arizona
https://www.ubereats.com/phoenix/food-delivery/firehouse-subs-southern-%26-signal-butte/mL9FnFsIQMatO2P6LtWv-Q,apache-junction-arizona
https://www.ubereats.com/phoenix/food-delivery/starbucks-2580-w-apache-trl/nJhYubRhTLONF_SwBaq9xQ,apache-junction-arizona
https://www.ubereats.com/phoenix/food-delivery/burger-king-9154-e-main-st/NFWR_0jmTuGsDNDHL56quw,apache-junction-arizona
https://www.ubereats.com/phoenix/food-delivery/jamba-juice-1804-s-signal-butte-rd-ste-104/jEezSQQwTUG4lXN7R9HdXA,apache-junction-arizona
https://www.ubereats.com/phoenix/food-delivery/sonic-1229-n-power-road/H_2qgNi7TYmfDqySyHQbDA,apache-junction-arizona
https://www.ubereats.com/phoenix/food-delivery/the-ice-cream-shop/tXEjHc4jRoS7nBxoZ3xg3w,apache-junction-arizona
https://www.ubereats.com/phoenix/food-delivery/mcdonalds-apache-%26-delaware/F9yfKF9_Qo-3cgtJsJeELg,apache-junction-arizona
https://www.ubereats.com/phoenix/food-delivery/waffle-love-arizona-food-truck/7pgKxqeLRhi7Bkmg8Wdw4Q,apache-junction-arizona
https://www.ubereats.com/phoenix/food-delivery/jack-in-the-box-2600-w-apache-tri/O9rvcu1sTnCoBgOYZ9nrDg,apache-junction-arizona
https://www.ubereats.com/phoenix/food-delivery/smashburger-2837-n-power-rd-ste-102/8v6Fq9UNRWiMr0ROB6BCaQ,apache-junction-arizona
https://www.ubereats.com/phoenix/food-delivery/jersey-mikes-subs-10861-e-baseline-rd-ste-107/uuyqzJC3TYu8asMKqmDgGQ,apache-junction-arizona
https://www.ubereats.com/phoenix/food-delivery/jack-in-the-box-9147-e-broadway-rd/mF_OVgy6RKO-ZZP0e2yQcg,apache-junction-arizona
https://www.ubereats.com/phoenix/food-delivery/octane-cafe/z2ajJwHVTDiZLY_UqXbwww,apache-junction-arizona
https://www.ubereats.com/phoenix/food-delivery/jersey-mikes-2119-n-power-road/3zInUR-mSTChmLqioeGTDA,apache-junction-arizona
https://www.ubereats.com/phoenix/food-delivery/village-inn-1863-south-signal-butte-road/EWdCZJcZTcWaYncd4beaQg,apache-junction-arizona
https://www.ubereats.com/phoenix/food-delivery/zushi-restaurant/uVjmNataTkqYO0f52qNzUw,apache-junction-arizona
https://www.ubereats.com/phoenix/food-delivery/the-buffalo-spot-mesa/UHFIbwB_SCmcVMhpIp2BoQ,apache-junction-arizona
