url,city
https://www.ubereats.com/phoenix/food-delivery/honmachi-sushi-%26-teppanyaki/64691LuVSE-_a49c9NK6zA,chandler-arizona
https://www.ubereats.com/phoenix/food-delivery/johnnys-greek/w0OKC5A3Qvy8cTTL5XFd5g,chandler-arizona
https://www.ubereats.com/phoenix/food-delivery/dairy-queen-grill-%26-chill-437-n-gilbert-rd/Bd-kL17OT_CcvWMYU4yKLw,chandler-arizona
https://www.ubereats.com/phoenix/food-delivery/elbows-mac-n-cheese-gilbert/uch0PdkOTz2voNYEjxg2Bg,chandler-arizona
https://www.ubereats.com/phoenix/food-delivery/murphys-law/1wYOSSb6R8uR4yVBFLgVvA,chandler-arizona
https://www.ubereats.com/phoenix/food-delivery/mod-pizza-paseo-lindo/5ELiKIQ9Sp-huB8v8WlHyA,chandler-arizona
https://www.ubereats.com/phoenix/food-delivery/backyard-taco-stapley/kx_XKEDJS0yZjs3i2ZaBaQ,chandler-arizona
https://www.ubereats.com/phoenix/food-delivery/el-pollo-loco-5130-south-mcclintock3566/gIPaxM3zRQuRceB-iy-3Rw,chandler-arizona
https://www.ubereats.com/phoenix/food-delivery/burger-king-2024-east-southern-avenue/RJIs5GAKTQ2mpdlcC5ibsw,chandler-arizona
https://www.ubereats.com/phoenix/food-delivery/tropical-smoothie-cafe-1155-w-ocotilla-road/KRxcERXxQA6yjZijdwYfyA,chandler-arizona
https://www.ubereats.com/phoenix/food-delivery/mod-pizza-gilbert/SuAeZOaDQzKhCd_Hnp1tNg,chandler-arizona
https://www.ubereats.com/phoenix/food-delivery/skip-%26-jans-sports-grill-billiards/RSBFcy-rQR-L8Li77JeOig,chandler-arizona
https://www.ubereats.com/phoenix/food-delivery/si-senor-restaurant-chandler/U_Jwz-ImTyGnsBBGD5MLgw,chandler-arizona
https://www.ubereats.com/phoenix/food-delivery/vegan-eats-%26-drinks/VCV4V9FOTB2pMG52h-0Fdw,chandler-arizona
https://www.ubereats.com/phoenix/food-delivery/the-broken-yolk-cafe-chandler/OdS-rV-BTbmpAfdkKZ7ENw,chandler-arizona
https://www.ubereats.com/phoenix/food-delivery/cafe-zupas-3305-w-chandler-blvd/auU4d-jYS6WjC4amWnwFZQ,chandler-arizona
https://www.ubereats.com/phoenix/food-delivery/chennai-fusion-grill/c4DZGjwNRwSgmYSa1zHNsA,chandler-arizona
https://www.ubereats.com/phoenix/food-delivery/chili-rush/wNp7sVKkRIe5Q2GVoBjDqQ,chandler-arizona
https://www.ubereats.com/phoenix/food-delivery/shake-shack-2024-e-williams-field-road/uPvtZPP6SdqUT2tztcGG8A,chandler-arizona
https://www.ubereats.com/phoenix/food-delivery/bourbon-jacks-bar-%26-grill/OeRc0gheSQaZrvRrGsyxtg,chandler-arizona
https://www.ubereats.com/phoenix/food-delivery/bibio-modern-korean-kitchen-chandler/A8VQQGuDSIOndzgHiT_o0A,chandler-arizona
https://www.ubereats.com/phoenix/food-delivery/proteinhouse/PprqpocFTbqaXJf1qVrvBg,chandler-arizona
https://www.ubereats.com/phoenix/food-delivery/salazar-bros-mexican-food/bpX7tdwbQkGNA20SYXWn-A,chandler-arizona
https://www.ubereats.com/phoenix/food-delivery/hon-machi-sushi/kKzUlCpBSGK9Sw8Zb3fKng,chandler-arizona
https://www.ubereats.com/phoenix/food-delivery/babbo-italian-eatery/MK_r09tFT_-zshbHA4gHIw,chandler-arizona
https://www.ubereats.com/phoenix/food-delivery/subway-3757-s-gilbert-rd/NkFy7P81ScWNGD1-Br4jJw,chandler-arizona
https://www.ubereats.com/phoenix/food-delivery/benihana-3025-w-chandler-blvd/fnx9wkOnTcejPZrph83L8g,chandler-arizona
https://www.ubereats.com/phoenix/food-delivery/top-fuel-espresso-gilbert/1b-gJhqTTfyqHLXBhXFh2A,chandler-arizona
https://www.ubereats.com/phoenix/food-delivery/sizzle-mongolian-grill/g8u77l7oQPiUfzU0h95aQA,chandler-arizona
https://www.ubereats.com/phoenix/food-delivery/wendys-3893-s-arizona-ave/dn0xZiIHRXaIDChAkfo_qQ,chandler-arizona
https://www.ubereats.com/phoenix/food-delivery/garcias-mexican-restaurant-chandler/5nI9G7orRoSJ32aEsjJmdQ,chandler-arizona
https://www.ubereats.com/phoenix/food-delivery/la-famiglia-pizza-%26-pasta/auqqm52wS9S6yPzDe-jNtA,chandler-arizona
https://www.ubereats.com/phoenix/food-delivery/serranos-mexican-food-arizona-%26-frye/RyZ4yclAT_iLNDxCZSKMKA,chandler-arizona
https://www.ubereats.com/phoenix/food-delivery/burger-king-1990-west-ray-road/MTo67tARQ6O_kesuyfVSDg,chandler-arizona
https://www.ubereats.com/phoenix/food-delivery/chaat-house/VVN8Q_1XQc2mJk6kgLRicA,chandler-arizona
https://www.ubereats.com/phoenix/food-delivery/nypd-pizza-s-market-st/miMZGwxmTa6NQFfy5LLB7A,chandler-arizona
https://www.ubereats.com/phoenix/food-delivery/jamba-juice-2811-s-market-street/2yvSQIajTdm8mX640ZBZqw,chandler-arizona
https://www.ubereats.com/phoenix/food-delivery/dairy-queen-grill-%26-chill-2770-s-santan-village-pkwy/pMUYbqIgR2ikwqaB8DpxFQ,chandler-arizona
https://www.ubereats.com/phoenix/food-delivery/rock-lobster/x9OrcdTATP2na_A0sVvnng,chandler-arizona
https://www.ubereats.com/phoenix/food-delivery/black-bear-diner-1809-e-baseline-road/2w69i3KZTVusXgnR1hjqOw,chandler-arizona
https://www.ubereats.com/phoenix/food-delivery/swirl-it-self-serve-froyo/Yvu9EHN_QBaCcAIVIJ2wFA,chandler-arizona
https://www.ubereats.com/phoenix/food-delivery/burger-king-450-n-gilbert-road/-5Tl07ONS9WvffAMfpBjHA,chandler-arizona
https://www.ubereats.com/phoenix/food-delivery/jack-in-the-box-900-n-cooper-rd/bQYENMQLRaiCcrF2Ue5T3g,chandler-arizona
https://www.ubereats.com/phoenix/food-delivery/jalapenos/YpzyBjjRS3mhYXRkFe_Lbg,chandler-arizona
https://www.ubereats.com/phoenix/food-delivery/muesliikon-green-cafe/ppsh2skXRCCziktBKhnRLg,chandler-arizona
https://www.ubereats.com/phoenix/food-delivery/mcdonalds-alma-school-%26-chandler-heights/v6wTGJHES7OgzWku8ViuWg,chandler-arizona
https://www.ubereats.com/phoenix/food-delivery/cyprus-grill/P97w6I2-QJaYlRu9LjbNDQ,chandler-arizona
https://www.ubereats.com/phoenix/food-delivery/smashburger-2925-s-alma-school-rd-ste-8/seWjJSukSlaCugs_PxOIyQ,chandler-arizona
https://www.ubereats.com/phoenix/food-delivery/red-robin-84-3420-w-chandler-blvd/3xKjafwtRiygH-_u-8379A,chandler-arizona
https://www.ubereats.com/phoenix/food-delivery/trattoria-damico/ujcCMqs-QmaK62tuqW1NBw,chandler-arizona
https://www.ubereats.com/phoenix/food-delivery/noodles-%26-company-4901-e-ray-rd-unit-poo60/vuzyFflBSnGJh0utmNV8wA,chandler-arizona
https://www.ubereats.com/phoenix/food-delivery/firebirds-wood-fired-grill-1930-east-williams-field-rd/vYtn9qWjQnuFNe5FKh4QLg,chandler-arizona
https://www.ubereats.com/phoenix/food-delivery/grubstak-chandler/RqdiyTNlSd6A5yuPQQZL2A,chandler-arizona
https://www.ubereats.com/phoenix/food-delivery/eggstasy-gilbert-rd/vCaRO1yEQX-VCh5LDvyvPw,chandler-arizona
https://www.ubereats.com/phoenix/food-delivery/haiku-tokyo/AZBfGERHQfOVXw0eHbHVYw,chandler-arizona
https://www.ubereats.com/phoenix/food-delivery/yogis-grill-e-rivulon-blvd/hm-08A8XSAGMizVSFhdkWg,chandler-arizona
https://www.ubereats.com/phoenix/food-delivery/thai-chili-2-go-tempe/ZtusDPGAS-uCdmkxyyRDhg,chandler-arizona
https://www.ubereats.com/phoenix/food-delivery/chipotle-mexican-grill-1546-n-cooper-rd/PEgUnOcDSy-mL2KziJ0v1w,chandler-arizona
https://www.ubereats.com/phoenix/food-delivery/red-lobster-7240-west-ray-rd/WV1hDHV9TWKmwypAvTwYjA,chandler-arizona
https://www.ubereats.com/phoenix/food-delivery/az-bread-co/TcPwGkTWQXO9DkyiM6Xotg,chandler-arizona
https://www.ubereats.com/phoenix/food-delivery/kood-tea-bar-%26-cafe/lMu6he_TRxO15ERa3iKfdw,chandler-arizona
https://www.ubereats.com/phoenix/food-delivery/toms-bbq-country-club-dr/yObmC4F5QOCwTjEd6OC89Q,chandler-arizona
https://www.ubereats.com/phoenix/food-delivery/rosatis-pizza-2040-s-alma-school-rd/nBy9t9IPQ9a3zDUf_Ze_Ng,chandler-arizona
https://www.ubereats.com/phoenix/food-delivery/burrito-express/y9pmbj5eTCalvnwlxEhWVg,chandler-arizona
https://www.ubereats.com/phoenix/food-delivery/dunkin-990-e-riggs-rd/mRKyAp6IS-GKqLtGZvLmpA,chandler-arizona
https://www.ubereats.com/phoenix/food-delivery/maskadores-taco-shop/UYfXsXNARsOBChOWKe38mA,chandler-arizona
https://www.ubereats.com/phoenix/food-delivery/chick-fil-a-3871-s-arizona-ave/ey_pm70-ScydPDbFy3UaWA,chandler-arizona
https://www.ubereats.com/phoenix/food-delivery/tacos-n-more-mexican-grill-chandler/jJiDDrbVQqaWA0zB3kD2tw,chandler-arizona
https://www.ubereats.com/phoenix/food-delivery/saigon-jade-restaurant/r-9RkBGuTB6s8FPLvozong,chandler-arizona
https://www.ubereats.com/phoenix/food-delivery/haagen-dazs-san-tan-village/Nij6FuntRxu4_DDXfIK6dg,chandler-arizona
https://www.ubereats.com/phoenix/food-delivery/elviras-belizean-cafe/NAU4fkGiSKuMuK6WM614Ig,chandler-arizona
https://www.ubereats.com/phoenix/food-delivery/shimogamo/Lsl4JV5gQUSZ_4REruZ4JA,chandler-arizona
https://www.ubereats.com/phoenix/food-delivery/peter-piper-pizza-127-e-williams-field-rd/X6AEhc5xT02yd3zU-lQo3g,chandler-arizona
https://www.ubereats.com/phoenix/food-delivery/native-grill-%26-wings-gilbert-%26-germann/BZnDNVAnQ7Kokb4ibjqbFw,chandler-arizona
https://www.ubereats.com/phoenix/food-delivery/nelly-catering/EQE05PLARNCINTF7K2fSKw,chandler-arizona
https://www.ubereats.com/phoenix/food-delivery/chipotle-mexican-grill-2020-e-elliot-rd-ste-102/1U7vjXNISe-wPnF4ZJOzJg,chandler-arizona
https://www.ubereats.com/phoenix/food-delivery/mayflower-chinese-restaurant/UBYXQ5m7SL-y3F2KqnfGCQ,chandler-arizona
https://www.ubereats.com/phoenix/food-delivery/helluva-brewing-company/e6l0COn9RBSqrKtavzD93A,chandler-arizona
https://www.ubereats.com/phoenix/food-delivery/rubios-1649-s-stapley-dr/wWpbkLjoQdqiR3j5FxkqQg,chandler-arizona
https://www.ubereats.com/phoenix/food-delivery/firehouse-subs-ray-%26-price/eedIvOdTR3WaF1rmgV6Ghg,chandler-arizona
https://www.ubereats.com/phoenix/food-delivery/buffalo-wild-wings-3163-w-chandler-blvd/6QFKFDp-QYC9jqTKKKorzw,chandler-arizona
https://www.ubereats.com/phoenix/food-delivery/over-easy-chandler/Hzy_XbDoTYOZUJBAqqtWdw,chandler-arizona
https://www.ubereats.com/phoenix/food-delivery/mcdonalds-warner-%26-dobson/qQ36ePkGQeCUmJMoOSVymA,chandler-arizona
https://www.ubereats.com/phoenix/food-delivery/the-habit-burger-grill-2975-s-market-street-suite-101/qZ_6daGnQyCEhKkHcy5Phg,chandler-arizona
https://www.ubereats.com/phoenix/food-delivery/tacos-n-more-mexican-grill-2/9zusclMmQGKbaVCdBwFYbg,chandler-arizona
https://www.ubereats.com/phoenix/food-delivery/filibertos-mexican-food-6185-chandler/0ptu3p0JQKSmlCL5gR9ObQ,chandler-arizona
https://www.ubereats.com/phoenix/food-delivery/the-living-room-49th-st-%26-ray/5tglP9EWQk2xG3DddXY23Q,chandler-arizona
https://www.ubereats.com/phoenix/food-delivery/firebirds-wood-fired-grill-3435-w-chandler-blvd/QY_biwbORE6XMWMDCzTjxg,chandler-arizona
https://www.ubereats.com/phoenix/food-delivery/the-old-spaghetti-factory-chandler/4E0jfYNdS1SA36fOtQ7XTA,chandler-arizona
https://www.ubereats.com/phoenix/food-delivery/indo-mexican-bistro/tAAyyRlbSkK1ONDd-BVM5A,chandler-arizona
https://www.ubereats.com/phoenix/food-delivery/burgerfi-mesa/yk3MvAmFS42UP4el6BK56w,chandler-arizona
https://www.ubereats.com/phoenix/food-delivery/rosatis-pizza-val-vista-%26-elliot/I-v1q8rYQ9i_8zEJx1MXJw,chandler-arizona
https://www.ubereats.com/phoenix/food-delivery/arizona-bikers-bakery/UUskhGGgS2WjcETgbpeQTw,chandler-arizona
https://www.ubereats.com/phoenix/food-delivery/panera-3991-s-arizona-ave/npXUVwf-QSuSmooQGso5AA,chandler-arizona
https://www.ubereats.com/phoenix/food-delivery/red-robin-303-1375-w-elliott/Bb4O1IrQRjanD_CF_3Czew,chandler-arizona
https://www.ubereats.com/phoenix/food-delivery/sonic-2935-south-dobson-road/rcgKt3lGSSSWPZIXNTotVw,chandler-arizona
https://www.ubereats.com/phoenix/food-delivery/the-brickyard-downtown/rpJatwwFSBaQ6UvPl7Y-1w,chandler-arizona
https://www.ubereats.com/phoenix/food-delivery/taco-bell-2160-baseline-rd/1s5H9_2IQXq2HKYVP_rzeQ,chandler-arizona
https://www.ubereats.com/phoenix/food-delivery/tumi-peruvian-restaurant/rVmFD2OhTGuZTBocM0jzkw,chandler-arizona
https://www.ubereats.com/phoenix/food-delivery/forefathers-gourmet-cheesesteaks-%26-fries/vocOO8L9QYqeSjUasmzvSQ,chandler-arizona
https://www.ubereats.com/phoenix/food-delivery/wok-with-ming/fvZ6n66nRXyTV-V0r1897A,chandler-arizona
https://www.ubereats.com/phoenix/food-delivery/ztejas-ray-%26-54th-st/dZ3ngmTXRkWv9L6oHB_tTw,chandler-arizona
https://www.ubereats.com/phoenix/food-delivery/the-drowning-taco/bKKmam_pRrerZOvACmq_VQ,chandler-arizona
https://www.ubereats.com/phoenix/food-delivery/mcdonalds-chandler-%26-101/ZikaLlobQXeYbJ7_3QQYKw,chandler-arizona
https://www.ubereats.com/phoenix/food-delivery/grimaldis-san-tan/0dBuh7DRTya2tyWfrHBueQ,chandler-arizona
https://www.ubereats.com/phoenix/food-delivery/kabab-grill/gUzAqmHXTOu7MDxYdE6Twg,chandler-arizona
https://www.ubereats.com/phoenix/food-delivery/potbelly-sandwich-shop-chandler-mall-dt-%7C-484/WJZAxGu8TA6UOuDRfSaMsg,chandler-arizona
https://www.ubereats.com/phoenix/food-delivery/arbys-2110-n-arizona-ave/AE3OsHaEQlWevq1GMhbNDQ,chandler-arizona
https://www.ubereats.com/phoenix/food-delivery/dairy-queen-grill-%26-chill-7510-s-rural-rd/Y10cJKsjQeiVykttB4R8lw,chandler-arizona
https://www.ubereats.com/phoenix/food-delivery/jimmy-%26-joes-pizzeria-ray-%26-mcclintock/TyspS_jXQ9Wk4_UAph1qtQ,chandler-arizona
https://www.ubereats.com/phoenix/food-delivery/smashburger-2904-s-santan-village-pkwy-ste-104/jrMIMdtFQcq-4jUhoxwwLg,chandler-arizona
https://www.ubereats.com/phoenix/food-delivery/port-of-subs-2005-w-frye-road-%231/2bkl8Wi_RBK4fJ_NBwvqmw,chandler-arizona
https://www.ubereats.com/phoenix/food-delivery/mcdonalds-elliot-%26-mcclintock/o-igAK8rRtidhDH8FK28Ug,chandler-arizona
https://www.ubereats.com/phoenix/food-delivery/panda-express-gilbert-%26-warner/7Jgikcy-SSS1O-ZoDZkDgw,chandler-arizona
https://www.ubereats.com/phoenix/food-delivery/lomi-poki/fjGBqBm1QB6N1OpJE4zV1g,chandler-arizona
https://www.ubereats.com/phoenix/food-delivery/bobby-q-stapley-dr/xMGBzw0SSfSEh7xXW8Yd5Q,chandler-arizona
https://www.ubereats.com/phoenix/food-delivery/fired-pie-santan-village/eBvHSv8DR5-IMt8j1WqIpQ,chandler-arizona
https://www.ubereats.com/phoenix/food-delivery/taco-bell-2030-north-alma-school-rd/1P3JlF0rSTO47q3bWhMgKw,chandler-arizona
https://www.ubereats.com/phoenix/food-delivery/paradise-biryani-chandler/VfSv1JSER7uco7HqxWweMQ,chandler-arizona
https://www.ubereats.com/phoenix/food-delivery/wendys-816-w-warner/CpOPVwX8RXe26x1Folk8AA,chandler-arizona
https://www.ubereats.com/phoenix/food-delivery/fresh-fast-smoothie/GFnIqNxPT7a_C3H7zMIPyw,chandler-arizona
https://www.ubereats.com/phoenix/food-delivery/betillos-mexican-food/r2SSUL1IQxOTBSBnsk_nUg,chandler-arizona
https://www.ubereats.com/phoenix/food-delivery/delicieux-juice-bar/qHm_PRpfQNGs1VTBPMoMMA,chandler-arizona
https://www.ubereats.com/phoenix/food-delivery/cogburns-val-vista-%26-queen-creek/dakVWMNrQR6sH0Vj-1utYg,chandler-arizona
https://www.ubereats.com/phoenix/food-delivery/pokiluv/NlofskQsRV-f2dX-Q7oKcQ,chandler-arizona
https://www.ubereats.com/phoenix/food-delivery/dunkin-980-e-pecos-rd/ETdvhGIUSg-ozchAlOYtrQ,chandler-arizona
https://www.ubereats.com/phoenix/food-delivery/boston-market-1010-n-alma-school-road/9LotNQQIQ--Srly9ZfR66w,chandler-arizona
https://www.ubereats.com/phoenix/food-delivery/bkds-backyard-joint/hgBQIzksQx2FDRnGVaRL0w,chandler-arizona
https://www.ubereats.com/phoenix/food-delivery/amici-pizza/eE8C67EoQQ--2C6Wm1QMew,chandler-arizona
https://www.ubereats.com/phoenix/food-delivery/paradise-kitchen/O7vPiSHFTq2r0SDWTAiGLA,chandler-arizona
https://www.ubereats.com/phoenix/food-delivery/all-pierogi-euro-kitchen-%26-euro-market/ImB2VWJiRMCcyc-Yo_EZig,chandler-arizona
https://www.ubereats.com/phoenix/food-delivery/dunkin-2051-w-chandler-blvd/bvoUO54ZSJuvsqRJiP0Ewg,chandler-arizona
https://www.ubereats.com/phoenix/food-delivery/mcdonalds-riggs-%26-arizona/It0dkckyRwG_srD2RyfqnA,chandler-arizona
https://www.ubereats.com/phoenix/food-delivery/chick-fil-a-2550-w-chandler-blvd/KCl2nD9jQf6Fs1K2eb7PRw,chandler-arizona
https://www.ubereats.com/phoenix/food-delivery/toscanys-coal-oven-pizza/MeyHaXoNRgaejTkwQ_3z4w,chandler-arizona
https://www.ubereats.com/phoenix/food-delivery/wendys-727-south-cooper-road/ODXWDD8VSeCG8OOs4d_jLA,chandler-arizona
https://www.ubereats.com/phoenix/food-delivery/karma-apple-juicery/u9KgxF_xTcyE1_POKzpGbA,chandler-arizona
https://www.ubereats.com/phoenix/food-delivery/panda-express-gilbert-%26-202/TY4VeNJcSVCkQfLAJ8nbOg,chandler-arizona
https://www.ubereats.com/phoenix/food-delivery/tropical-smoothie-cafe-the-shops-at-warner-village/cxXbGGTFSTyZxGPO9m0VLw,chandler-arizona
https://www.ubereats.com/phoenix/food-delivery/zorbas-greek-cafe/dvmIcaq8SbuBiOSYmDoYyQ,chandler-arizona
https://www.ubereats.com/phoenix/food-delivery/donut-parlor/Mr2bGni_SeqLR0N_o4QcSQ,chandler-arizona
https://www.ubereats.com/phoenix/food-delivery/nekter-juice-bar-1085-w-queen-creek-rd-ste-8/ngT-0gnlRKqtCm0Y2UuGeg,chandler-arizona
https://www.ubereats.com/phoenix/food-delivery/taco-bell-2881-s-market-st/cujqWv88SUWiatqcux0YKA,chandler-arizona
https://www.ubereats.com/phoenix/food-delivery/dunkin-2105-s-alma-school-rd/Y_kcLpjxRlyRM2uUsHnyEw,chandler-arizona
https://www.ubereats.com/phoenix/food-delivery/sauce-pizza-%26-wine-e-rivulon/a-wLcQ27Q0e0vPfGX2Q5Kw,chandler-arizona
https://www.ubereats.com/phoenix/food-delivery/teakwoods-tavern-%26-grill-gilbert/uaZia7mIS5qwPhS0YH5WBA,chandler-arizona
https://www.ubereats.com/phoenix/food-delivery/the-ice-cream-shop/57hiQU3XRryaA6aSIRqIJw,chandler-arizona
https://www.ubereats.com/phoenix/food-delivery/taco-bell-3104-e-chandler-heights-road/F777xesQTDucnvxzFJxsBA,chandler-arizona
https://www.ubereats.com/phoenix/food-delivery/wild-elk-den/57QbYcGaSti98pz_2jpdGA,chandler-arizona
https://www.ubereats.com/phoenix/food-delivery/pho-mai/dp41ZP2kQPO2XIeD0Q6W8w,chandler-arizona
https://www.ubereats.com/phoenix/food-delivery/del-taco-900-s-val-vista-dr/JFyGyc3lTf2jrn4DnitR2Q,chandler-arizona
https://www.ubereats.com/phoenix/food-delivery/yogurtland-3355-w-chandler-blvd/nALI5xenQay5ebXUSkxF0g,chandler-arizona
https://www.ubereats.com/phoenix/food-delivery/subway-611-north-arizona-ave/jqUO2xoBS8i_QLmitleVOw,chandler-arizona
https://www.ubereats.com/phoenix/food-delivery/st-amand-kitchen-%26-cocktails/QjG9HofDT9WYPBpKsQEqkg,chandler-arizona
https://www.ubereats.com/phoenix/food-delivery/mesa-frozen-yogurt/51Xdzub6QaSo5xr-7PiCsA,chandler-arizona
https://www.ubereats.com/phoenix/food-delivery/the-reef/R86UJVNERH2P8e7ihah85g,chandler-arizona
https://www.ubereats.com/phoenix/food-delivery/la-calabria-ristorante/xqrlhUsJRQCVN-0XpySYSw,chandler-arizona
https://www.ubereats.com/phoenix/food-delivery/pita-heaven/_qTPWIpxQb2uLHo9KbAkQw,chandler-arizona
https://www.ubereats.com/phoenix/food-delivery/costa-vida-fresh-mexican-grill-3067-s-market-st/_xZh6fIEQHOP2M4WN1eU7g,chandler-arizona
https://www.ubereats.com/phoenix/food-delivery/subway-1900-w-chandler-blvd/KmA7-GABQ5SbGUvOsuywTg,chandler-arizona
https://www.ubereats.com/phoenix/food-delivery/chipotle-mexican-grill-1655-w-elliot-rd/WiZVKzFHRHOoVYWFAzw3xA,chandler-arizona
https://www.ubereats.com/phoenix/food-delivery/abuelos-chandler-az/DzpUnu7PTmSayuzU8huCkw,chandler-arizona
https://www.ubereats.com/phoenix/food-delivery/civic-market/xgee14snRai-t9FMWPO2ag,chandler-arizona
https://www.ubereats.com/phoenix/food-delivery/starbucks-2882-south-san-tan-village/j-HzP2GuRIyf6yGvpN3jZA,chandler-arizona
https://www.ubereats.com/phoenix/food-delivery/pizza-%26-wings-express-chandler/frcraeEKTUa_lLhoqzEeZA,chandler-arizona
https://www.ubereats.com/phoenix/food-delivery/sizzler-country-club-%26-southern/fOiPKR3-TpWdciKGjQh2gw,chandler-arizona
https://www.ubereats.com/phoenix/food-delivery/california-pizza-kitchen-3163-w-chandler-blvd-ste-4/dIcE6gMDTfS1JnUkXvVPmQ,chandler-arizona
https://www.ubereats.com/phoenix/food-delivery/kaval/qjWaipWvTMagKkUANRWH4w,chandler-arizona
https://www.ubereats.com/phoenix/food-delivery/kneaders-bakery-%26-cafe-gilbert-san-tan/nvknJNaLSkGX8Q9DBGis6Q,chandler-arizona
https://www.ubereats.com/phoenix/food-delivery/duck-donuts/xMyx9ozXScmT80jOnD49bg,chandler-arizona
https://www.ubereats.com/phoenix/food-delivery/thai-chili-2-go-gilbert-santan/nCpAdeR6TQGenfxmiEcrrQ,chandler-arizona
https://www.ubereats.com/phoenix/food-delivery/creme-and-chocolats-chandler/2H-Y-5qjTkGxcnZCX1Cxmg,chandler-arizona
https://www.ubereats.com/phoenix/food-delivery/churchs-chicken-817-n-arizona-avenue/d6kCpoqVTV-IdocQwG7sSw,chandler-arizona
https://www.ubereats.com/phoenix/food-delivery/sushiya-sushi/G5aVKKraR76sQ29IxZFJgA,chandler-arizona
https://www.ubereats.com/phoenix/food-delivery/panda-express-riggs-%26-mcqueen/4L4DJIoUQTGUBDka9pxdZQ,chandler-arizona
https://www.ubereats.com/phoenix/food-delivery/papa-murphys-ray-%26-mcqueen/xQrjzBEDSUeoPSd1NvMtPA,chandler-arizona
https://www.ubereats.com/phoenix/food-delivery/filibertos-mexican-food-882-s-greenfield/kbVJ-83gRZG3BgIXPEikSQ,chandler-arizona
https://www.ubereats.com/phoenix/food-delivery/papa-johns-4980-west-ray/oR1PzLZLQxGpfC8vL-6Bfg,chandler-arizona
https://www.ubereats.com/phoenix/food-delivery/rewind%E2%80%93-ice-cream-%2B-tea-bar/eJP5C1OTRh2azP-CVE2woA,chandler-arizona
https://www.ubereats.com/phoenix/food-delivery/the-ivy/BSlPOx6SSFCcRRYd8acOzA,chandler-arizona
https://www.ubereats.com/phoenix/food-delivery/ahipoki-bowl-chandler/IZbWdk-nQ7mlWmVMJpUOFA,chandler-arizona
https://www.ubereats.com/phoenix/food-delivery/jamba-juice-3765-s-gilbert-rd-ste-104/t-ksdGSdRIWFG64lElo0og,chandler-arizona
https://www.ubereats.com/phoenix/food-delivery/dragon-wok-fine-chinese-restaurant/NMzTIqdpRgiY3k_upnAyPQ,chandler-arizona
https://www.ubereats.com/phoenix/food-delivery/chases-diner/WboZ7vuzS1SxNLUzeGKU5Q,chandler-arizona
https://www.ubereats.com/phoenix/food-delivery/hash-kitchen-raintree-ranch/Ppojpcj5SvWbUGKv6ppzVw,chandler-arizona
https://www.ubereats.com/phoenix/food-delivery/el-pollo-loco-2520-chandler-blvd3860/9KXshAYPQHiwQm3yQ2UlDg,chandler-arizona
https://www.ubereats.com/phoenix/food-delivery/taco-bell-2760-south-alma-school/3IIiIK6kSPCdqTaKlPllMQ,chandler-arizona
https://www.ubereats.com/phoenix/food-delivery/gosan-poke-%26-roll/Z_vSIsw-R_afyu8oOaw26g,chandler-arizona
https://www.ubereats.com/phoenix/food-delivery/cogburns-val-vista-%26-elliot/2ZBwtkUSRa2CMjnfoSWmbw,chandler-arizona
https://www.ubereats.com/phoenix/food-delivery/asian-bowls/n7bdTjvOQz6wiojlTiAmsA,chandler-arizona
https://www.ubereats.com/phoenix/food-delivery/casa-blanca-bistro/57vxi7E8QuStXBRcEZK4aw,chandler-arizona
https://www.ubereats.com/phoenix/food-delivery/french-me/Kc7ErooYRJquAopJrrsItg,chandler-arizona
https://www.ubereats.com/phoenix/food-delivery/phoenicia-cafe-gilbert/nU7yk2YkT6mL3xfJWJttMg,chandler-arizona
https://www.ubereats.com/phoenix/food-delivery/mingle-%2B-graze/PeBrH2NhSY-_36GcCiVFhw,chandler-arizona
https://www.ubereats.com/phoenix/food-delivery/taco-bell-885-west-warner-road/AZnjdx-WSZuFpB1JG5KutQ,chandler-arizona
https://www.ubereats.com/phoenix/food-delivery/subway-1020-east-pecos-rd/cn_IbnWGT-qyWQ0tgVV3ZA,chandler-arizona
https://www.ubereats.com/phoenix/food-delivery/chipotle-mexican-grill-2224-e-williams-field-rd-ste-109/t5BSl1R7TrC8dlo6ErFElA,chandler-arizona
https://www.ubereats.com/phoenix/food-delivery/biryani-and-bites-chandler/OBEumfteSF27Ixi9ezn9Lg,chandler-arizona
https://www.ubereats.com/phoenix/food-delivery/ikes-love-%26-sandwiches-rural-rd-and-elliot-rd/OlwV6JoiTvKgso25Ro8xNA,chandler-arizona
https://www.ubereats.com/phoenix/food-delivery/el-pollo-loco-2253-e-baseline-rd3763/NdfN_E4iRXi1k0niavNw-g,chandler-arizona
https://www.ubereats.com/phoenix/food-delivery/the-beignet-and-coffee-shack/aOsg87c5QG2lnKtV1qaroQ,chandler-arizona
https://www.ubereats.com/phoenix/food-delivery/rubios-1712-e-guadalupe-rd/VcYaVvT7RKmUlQ77Yi2KfQ,chandler-arizona
https://www.ubereats.com/phoenix/food-delivery/pei-wei-1084-s-gilbert-suite-601/y0QNPdseRHG9Ms0ei8mkdg,chandler-arizona
https://www.ubereats.com/phoenix/food-delivery/over-easy-warner-%26-gilbert/g9nx7EvZS9e0VKRErl7WiQ,chandler-arizona
https://www.ubereats.com/phoenix/food-delivery/zamzam-restaurant/2H2gjEs3SiCEUTEJLYe7MQ,chandler-arizona
https://www.ubereats.com/phoenix/food-delivery/subway-1929-east-ray-rd/tO8dIMgrTfCFsjbU7Zi22Q,chandler-arizona
https://www.ubereats.com/phoenix/food-delivery/filibertos-mexican-food-chandler-%26-alma-school/vaKeL-v-SJKV38YldXBKqQ,chandler-arizona
https://www.ubereats.com/phoenix/food-delivery/wing-squad-chandler/3mVBp5wPThefa5UlzNiwzw,chandler-arizona
https://www.ubereats.com/phoenix/food-delivery/streets-of-new-york-az-chandler/CEhkHE1GQ7yHGabEJeQUmg,chandler-arizona
https://www.ubereats.com/phoenix/food-delivery/new-asian-fusion-best-chinese-food/PNoBBh0TTHW57jmFWLA95g,chandler-arizona
https://www.ubereats.com/phoenix/food-delivery/dennys-1150-south-country-club/oFLYvEJcTMuQRabZRlJnNA,chandler-arizona
https://www.ubereats.com/phoenix/food-delivery/frost-gelato/q_qiQPbURuGf-Ya64hdmxw,chandler-arizona
https://www.ubereats.com/phoenix/food-delivery/mod-pizza-santan/mRVUb7DjQSSZNm4xxMF7Ow,chandler-arizona
https://www.ubereats.com/phoenix/food-delivery/kfc-2453-south-gilbert-road/nJEWQhmEQrab-O_YdAEReA,chandler-arizona
https://www.ubereats.com/phoenix/food-delivery/jersey-mikes-subs-gilbert-75-e-rivulon-blvd/E51chB-WT5qlDCEEhcH0XA,chandler-arizona
https://www.ubereats.com/phoenix/food-delivery/five-guys-az-0576-3395-w-chandler-blvd/fgo1mQiXQjahQEC6zeLfUA,chandler-arizona
https://www.ubereats.com/phoenix/food-delivery/firehouse-subs-2100-s-gilbert-rd-ste-11/CdSUUmq6RzKRR-rhVm9feg,chandler-arizona
https://www.ubereats.com/phoenix/food-delivery/dennys-4403-s-rural-rd/QhiVgVNSSW2EU-2_QgKBvg,chandler-arizona
https://www.ubereats.com/phoenix/food-delivery/jersey-mikes-subs-1887-e-williams-field-rd/QVdL_qEjTX6rH6VSsRgn-Q,chandler-arizona
https://www.ubereats.com/phoenix/food-delivery/crust-simply-italian-chandler/yFbhKt8ZS4aC66fVgtcfFA,chandler-arizona
https://www.ubereats.com/phoenix/food-delivery/keegans-grill-queen-creek-%26-alma-school/ylCUH-zBRR-tS9tnVUWj4A,chandler-arizona
https://www.ubereats.com/phoenix/food-delivery/pastries-n-chaat-chandler-%26-price/Y0DeTs_5Tp2arM2ayNEBlg,chandler-arizona
https://www.ubereats.com/phoenix/food-delivery/morenos-mexican-grill-arizona-%26-galveston/WKNUWySeSzGdns1PGEZv3g,chandler-arizona
https://www.ubereats.com/phoenix/food-delivery/black-rock-coffee-4050-s-alma-school-rd/MyRRikD_QSyGhLgD72hGBQ,chandler-arizona
https://www.ubereats.com/phoenix/food-delivery/taco-bell-2930-south-alma-school-road/hCfiUBbUSsmFwSINmzfdrA,chandler-arizona
https://www.ubereats.com/phoenix/food-delivery/mcdonalds-germann-%26-gilbert/p5votQ_VQpWbiN7vMJE14w,chandler-arizona
https://www.ubereats.com/phoenix/food-delivery/arbys-715-n-gilbert-rd/SHT7i0AoQhqFgLUIeHknUw,chandler-arizona
https://www.ubereats.com/phoenix/food-delivery/thaibasil-signature/xYOI5PZcRY6_u_IJ0JM31Q,chandler-arizona
https://www.ubereats.com/phoenix/food-delivery/taco-bell-9960-south-rural-road/GQvg2H_mSYK9hqqlVE4GoQ,chandler-arizona
https://www.ubereats.com/phoenix/food-delivery/wendys-5965-w-chandler-blvd/WJOsLVeIQ-uXTzw2dZpzNA,chandler-arizona
https://www.ubereats.com/phoenix/food-delivery/pita-jungle-chandler/97Vvr4NCRB-0RpiEaKk52A,chandler-arizona
https://www.ubereats.com/phoenix/food-delivery/little-caesars-pizza-rural-%26-ray/SKk0c2d9QC-OifqU7lYRkg,chandler-arizona
https://www.ubereats.com/phoenix/food-delivery/wendys-1175-w-chandler-blvd/K3d_aROnTCqAS9kPrQgwvw,chandler-arizona
https://www.ubereats.com/phoenix/food-delivery/inhale-lounge/2HFRMbCPRiKpK9tPOfwJgw,chandler-arizona
https://www.ubereats.com/phoenix/food-delivery/dennys-7400-w-chandler-blvd/OijvjsdkSVGvbcKCqWVMFg,chandler-arizona
https://www.ubereats.com/phoenix/food-delivery/chicagos-pizza-with-a-twist-chandler/-I-2lw1qTOuuE3yTwDCFLg,chandler-arizona
https://www.ubereats.com/phoenix/food-delivery/thai-delight/ceFgoTmVRGWL0sjIUA_vcA,chandler-arizona
https://www.ubereats.com/phoenix/food-delivery/ahipoki-bowl-gilbert/UnjD7kY6TayhkmRYtDvkaQ,chandler-arizona
https://www.ubereats.com/phoenix/food-delivery/chipotle-mexican-grill-3440-e-baseline-rd-ste-104/TD42Ps50TlezzliJiv4a6Q,chandler-arizona
https://www.ubereats.com/phoenix/food-delivery/jack-in-the-box-4900-w-ray-rd/vjCOvL8NR8S3PMut9Lfu0Q,chandler-arizona
https://www.ubereats.com/phoenix/food-delivery/morenos-mexican-grill-arizona-ave-%26-chandler-heights/ihHXVTT_Q_i0bbWpsUyW_Q,chandler-arizona
https://www.ubereats.com/phoenix/food-delivery/rio-rico/O8aMEIH3Qzmj3lM6MQ3Gkw,chandler-arizona
https://www.ubereats.com/phoenix/food-delivery/del-taco-2510-e-germann-road/1W-7qCFNRO2R_gQPLRNa4Q,chandler-arizona
https://www.ubereats.com/phoenix/food-delivery/tropical-smoothie-cafe-891-east-baseline-road-suite-106/6VbxKK29SP2hp8HkTTCPOw,chandler-arizona
https://www.ubereats.com/phoenix/food-delivery/ramen-sensei-4921-east-ray-road-suite-b-1/iQpdJT9dRHqVaSrkQ-X6Og,chandler-arizona
https://www.ubereats.com/phoenix/food-delivery/bosa-donuts-4015-s-arizona-ave-%231/sO6bQj8OQ623PFkdKiXarQ,chandler-arizona
https://www.ubereats.com/phoenix/food-delivery/mcdonalds-val-vista-%26-pecos/8LXisaijREKJDP4zd53EQA,chandler-arizona
https://www.ubereats.com/phoenix/food-delivery/ginban-sushi/-IyuGX6kRrS1DdU8gzOIUg,chandler-arizona
https://www.ubereats.com/phoenix/food-delivery/buon-padre-pizza/7cG4IRVzSOGvYzS92lK-GA,chandler-arizona
https://www.ubereats.com/phoenix/food-delivery/amici-pizza/-OdMY4r3Tr2ufEz0UAlvEQ,chandler-arizona
https://www.ubereats.com/phoenix/food-delivery/pei-wei-7131-w-ray-rd-bldg-1-suite-3/G_zEVKwcQdqmvxSqvVshJQ,chandler-arizona
https://www.ubereats.com/phoenix/food-delivery/dirty-kitchen-keto/TU51VBOdSj-KH4lDE5Nwlg,chandler-arizona
https://www.ubereats.com/phoenix/food-delivery/carls-jr-1850-s-country-club/b8Hh_rrtT6uIRVkl1j0aag,chandler-arizona
https://www.ubereats.com/phoenix/food-delivery/first-watch-gilbert/aJ8C47anS_qR47Dlnwzrtw,chandler-arizona
https://www.ubereats.com/phoenix/food-delivery/el-pollo-loco-4728-e-ray-rd3856/y2mPLGEdQtuKvhRfow2hyA,chandler-arizona
https://www.ubereats.com/phoenix/food-delivery/crepe-bar/gzfCMtxMRGekQMD5hQSj4Q,chandler-arizona
https://www.ubereats.com/phoenix/food-delivery/port-of-subs-3570-s-val-vista-dr-suite-111/LbqN22EbRAOlU4sbZRZ58A,chandler-arizona
https://www.ubereats.com/phoenix/food-delivery/tortas-sinai-chandler/Gsbi42lGTkCeiaeveYkxVQ,chandler-arizona
https://www.ubereats.com/phoenix/food-delivery/wendys-1045-s-arizona-ave/zB3d8IMXRq6QWsgCEyGDgA,chandler-arizona
https://www.ubereats.com/phoenix/food-delivery/panda-express-pecos-%26-mcqueen/ZIUVT1OUQwmirZKUWklEBA,chandler-arizona
https://www.ubereats.com/phoenix/food-delivery/mucho-taco/4WgGcDykSTiVjKRF4V2NaQ,chandler-arizona
https://www.ubereats.com/phoenix/food-delivery/brio-2150-e-williams-field-rd-%23118/-9aNJX3kSk2Tf_H6uxz5Mg,chandler-arizona
https://www.ubereats.com/phoenix/food-delivery/kneaders-bakery-%26-cafe-chandler/y5vp0V4EQueX1Xhdj1hiFw,chandler-arizona
https://www.ubereats.com/phoenix/food-delivery/chipotle-mexican-grill-890-n-54th-st-ste-5/cWVFfVGjSZ-P7oE5Gb3E7A,chandler-arizona
https://www.ubereats.com/phoenix/food-delivery/punjab-grill/F6E45TZsTMKNBRZSCHRB_Q,chandler-arizona
https://www.ubereats.com/phoenix/food-delivery/cold-stone-creamery-1649-s-stapley-dr-ste-102/DgXvyrUdT16KdCwYz2yAbw,chandler-arizona
https://www.ubereats.com/phoenix/food-delivery/dunkin-857-e-warner-rd/QXe2MnN3R3KiIVfd57vhXw,chandler-arizona
https://www.ubereats.com/phoenix/food-delivery/jack-in-the-box-1585-e-warner-rd/uc-x1IMIQeKSHu-vRXk18g,chandler-arizona
https://www.ubereats.com/phoenix/food-delivery/ruchi-vegetarian-indian-cuisine/z0Il88TkTW2DNlcv-9CDHA,chandler-arizona
https://www.ubereats.com/phoenix/food-delivery/jamba-juice-1827-e-guadalupe-rd/v-CtJnPeTxi0EVWIRKK2Bg,chandler-arizona
https://www.ubereats.com/phoenix/food-delivery/thai-chili-2-go-chandler/VAYtt7fkRYiCmijARk5ikQ,chandler-arizona
https://www.ubereats.com/phoenix/food-delivery/west-alley-bbq-chandler/Hv0alUMbSXyN7-_KwZMftg,chandler-arizona
https://www.ubereats.com/phoenix/food-delivery/thirsty-lion-gastropub-%26-grill-chandler/L9RQs8dhSJyChmWJZxpxCA,chandler-arizona
https://www.ubereats.com/phoenix/food-delivery/jersey-mikes-subs-queen-creek-20715-e-rittenhouse-rd/l0Bg2PDYTn2eJSr_Tw8h0A,chandler-arizona
https://www.ubereats.com/phoenix/food-delivery/cracker-barrel-old-country-store-5022-e-chandler-blvd/vxLunDerSQKvIRYnQruEIw,chandler-arizona
https://www.ubereats.com/phoenix/food-delivery/taste-of-peru/Ggicg5F3Sg68khoz1upRNA,chandler-arizona
https://www.ubereats.com/phoenix/food-delivery/the-broken-yolk/5TOF8zY4R4yqvHwYcc9GXA,chandler-arizona
https://www.ubereats.com/phoenix/food-delivery/dennys-1750-w-chandler-blvd/FPU6wc_RRv2ednJDmc5VQg,chandler-arizona
https://www.ubereats.com/phoenix/food-delivery/taco-bell-1801-east-guadalupe/ksrdsNlvQ92wLH_InP939Q,chandler-arizona
https://www.ubereats.com/phoenix/food-delivery/garcias-mexican-restaurant-tempe-warner/x1ZNwe_qSyGN7-EIu7XaIg,chandler-arizona
https://www.ubereats.com/phoenix/food-delivery/baja-fresh-4979-west-ray-road/V9v142nZQimHGTC_VCj0kQ,chandler-arizona
https://www.ubereats.com/phoenix/food-delivery/lahoris-dhaba/c-rStF8rT5u8I2b-z3mViA,chandler-arizona
https://www.ubereats.com/phoenix/food-delivery/beijing-chandler-restaurant/fQlMzL0CSfSowI5Shyj5aQ,chandler-arizona
https://www.ubereats.com/phoenix/food-delivery/pf-changs-3255-w-chandler-blvd/eDwg5Sd2QNK8HGShcH7KUg,chandler-arizona
https://www.ubereats.com/phoenix/food-delivery/bella-gusto-urban-pizzeria/V88KJhWBT56I8RctV9AC3A,chandler-arizona
https://www.ubereats.com/phoenix/food-delivery/chipotle-mexican-grill-4111-e-chandler-blvd/ReyJNLuCRJGaEYkgLrvqpg,chandler-arizona
https://www.ubereats.com/phoenix/food-delivery/sonic-444-west-ray-road/D5z1M_xER3eDwOANDa2qtg,chandler-arizona
https://www.ubereats.com/phoenix/food-delivery/wildflower-bread-company-75-e-rivulon-blvd/kmtiZ4PdSgWYTTkvirdVXQ,chandler-arizona
https://www.ubereats.com/phoenix/food-delivery/caketini-williams-field-%26-202/f405Zt2xTcCp84Wae5pMvA,chandler-arizona
https://www.ubereats.com/phoenix/food-delivery/slice-of-chicago/JQkdgHXpSp22PJM0CXIsaQ,chandler-arizona
https://www.ubereats.com/phoenix/food-delivery/port-of-subs-1435-east-warner-rd-%23b102/YcVVk0_gSNOy9r84T8qGgw,chandler-arizona
https://www.ubereats.com/phoenix/food-delivery/swadist-cafe/HdD7BkIYQWejILvg18Ct1g,chandler-arizona
https://www.ubereats.com/phoenix/food-delivery/midnight-taco/QtGHshWMT2KOPrIXMskJsQ,chandler-arizona
https://www.ubereats.com/phoenix/food-delivery/pza-chandler/bYdLyVVKTzyw3aojUNSgqg,chandler-arizona
https://www.ubereats.com/phoenix/food-delivery/saucy-lew/ll8olWyjThyXwPOS8uSmYQ,chandler-arizona
https://www.ubereats.com/phoenix/food-delivery/rubios-3111-w-chandler-blvd/Th2EQB-5QfykaAiMGYpz6g,chandler-arizona
https://www.ubereats.com/phoenix/food-delivery/original-chopshop-i-10-%26-warner/XKhTU58STl2N1v3hOUMExQ,chandler-arizona
https://www.ubereats.com/phoenix/food-delivery/the-sicilian-butcher-chandler/vCu65mWsR5-CnD7nAE9l9g,chandler-arizona
https://www.ubereats.com/phoenix/food-delivery/charm-thai-cuisine/6ovIGNc9T-GSU0Jv9Rftdw,chandler-arizona
https://www.ubereats.com/phoenix/food-delivery/cold-stone-2970-east-germann-road/GW1NsaWqQMuGj48lE3sWwA,chandler-arizona
https://www.ubereats.com/phoenix/food-delivery/midnight-taco/pOmtuTtBTKyWX-t51davMg,chandler-arizona
https://www.ubereats.com/phoenix/food-delivery/yogis-grill-1245-w-chandler-blvd/qY9F0N1RSEWPM1n1vEGPag,chandler-arizona
https://www.ubereats.com/phoenix/food-delivery/kerala-spice/x8rSlvsfQcyUjpb9Eu7ZSg,chandler-arizona
https://www.ubereats.com/phoenix/food-delivery/burger-king-222-n-cooper-rd/RQBKPy5eR4ecnPCvAElyvQ,chandler-arizona
https://www.ubereats.com/phoenix/food-delivery/hooties-burger-bar-mesa-fiesta-mall/qsW-ySaJROWek_3aYMWHdg,chandler-arizona
https://www.ubereats.com/phoenix/food-delivery/ihop-920-s-gilbert-rd/AMrOZGPrRZuh1jqH4owbUQ,chandler-arizona
https://www.ubereats.com/phoenix/food-delivery/mcdonalds-mcqueen-%26-elliot/gXBKSTIrRHGNrSbJUd-16A,chandler-arizona
https://www.ubereats.com/phoenix/food-delivery/dairy-queen-grill-%26-chill-2754-s-alma-school-rd/RgIn70jiTkCoB0rnupYvgw,chandler-arizona
https://www.ubereats.com/phoenix/food-delivery/starbucks-1817-e-guadalupe-rd/VBjudKLlSzGt0vRK8TFCTA,chandler-arizona
https://www.ubereats.com/phoenix/food-delivery/new-india-gate/J7PGW0aWRSCKBO9-BaW0BQ,chandler-arizona
https://www.ubereats.com/phoenix/food-delivery/panda-express-ray-%26-101/RaP3VfPdQaaWO7FHS6a9ow,chandler-arizona
https://www.ubereats.com/phoenix/food-delivery/truland-burgers-%26-greens-chandler/Ny_jEifNQcOdVUrPSdPXTA,chandler-arizona
https://www.ubereats.com/phoenix/food-delivery/chipotle-mexican-grill-3757-s-gilbert-rd-ste-110/XnYTYfh0TgqHGVcdaP2Xfw,chandler-arizona
https://www.ubereats.com/phoenix/food-delivery/morenos-mexican-grill-gilbert-%26-germann/KwNPDgwuQ_eDgpLFCqq6GA,chandler-arizona
https://www.ubereats.com/phoenix/food-delivery/slim-chickens-2800-e-germann-rd/BneHfYkDQaqgSESsXioJoQ,chandler-arizona
https://www.ubereats.com/phoenix/food-delivery/ihop-s-arizona-ave/mgG1J0GxQ6SjaJW36giqpg,chandler-arizona
https://www.ubereats.com/phoenix/food-delivery/b-bob/cokBLVitQpiR7ymazhSa_w,chandler-arizona
https://www.ubereats.com/phoenix/food-delivery/rubios-884-w-warner-rd/GMHgwIQ5TI6yehBAmTvjzw,chandler-arizona
https://www.ubereats.com/phoenix/food-delivery/salvadoreno-restaurant-southern-%26-mesa/1cW8Z0hiRq6i4oI81NvLIA,chandler-arizona
https://www.ubereats.com/phoenix/food-delivery/taco-bell-1256-south-country-club-dr/WFHiZOKRQu-IRunI8l6duA,chandler-arizona
https://www.ubereats.com/phoenix/food-delivery/happy-joes-pizza-and-ice-cream/_6OO2ifCQMORGhp2IVJ8uA,chandler-arizona
https://www.ubereats.com/phoenix/food-delivery/awesomesauce-bowls/8MeX8LtpTiCj9xePVk4pow,chandler-arizona
https://www.ubereats.com/phoenix/food-delivery/hyderabad-house-arizona/dJ41zJeQSy2GVU9v9rtqEw,chandler-arizona
https://www.ubereats.com/phoenix/food-delivery/jack-in-the-box-4910-s-val-vista-dr/69zs9c1PSzm2XSSVkDEarQ,chandler-arizona
https://www.ubereats.com/phoenix/food-delivery/dairy-queen-grill-%26-chill-4911-s-arizona-ave/8p4zvIycTkq7XgaZoIyNxw,chandler-arizona
https://www.ubereats.com/phoenix/food-delivery/carls-jr-85-e-germann-rd/srKhpybBTw2QsYmNrw1_Lg,chandler-arizona
https://www.ubereats.com/phoenix/food-delivery/planet-sub-val-vista-%26-williams-field/Bmc1Z132Tu-32K8-I7-ZSQ,chandler-arizona
https://www.ubereats.com/phoenix/food-delivery/sandbar-mexican-grill-gilbert/6z8rdP0KS9escC458RCG7Q,chandler-arizona
https://www.ubereats.com/phoenix/food-delivery/panda-garden/IysUqiSVQs61nKyjnjCejg,chandler-arizona
https://www.ubereats.com/phoenix/food-delivery/famous-daves-frye-%26-101/uMJKj6YaRg2wiUjZorZ7ZQ,chandler-arizona
https://www.ubereats.com/phoenix/food-delivery/rubios-2970-e-germann-rd/yMeapCqFR6Og4_-xcLo86A,chandler-arizona
https://www.ubereats.com/phoenix/food-delivery/yuphas-thai-kitchen/gR4JEO6CSK6o1my2eEBmrQ,chandler-arizona
https://www.ubereats.com/phoenix/food-delivery/carrabbas-2709-s-market-st/p2EMFLD_R_2Z7qufgOA0pQ,chandler-arizona
https://www.ubereats.com/phoenix/food-delivery/pedal-haus-brewery-chandler/fZEkzVeaSf2GoCLYLM5E5Q,chandler-arizona
https://www.ubereats.com/phoenix/food-delivery/burrito-express/xLQ-2IRWTTGHa0PC0vboIA,chandler-arizona
https://www.ubereats.com/phoenix/food-delivery/krispy-kreme-superstition-springs-%26-power/pJ3griiyRtqC6wiIBCM4MQ,chandler-arizona
https://www.ubereats.com/phoenix/food-delivery/mcdonalds-baseline-%26-gilbert/d03kVWj0SmuiHWPcC33JEQ,chandler-arizona
https://www.ubereats.com/phoenix/food-delivery/postino-east/55mi4Es5SOW8ggQPX_ySyQ,chandler-arizona
https://www.ubereats.com/phoenix/food-delivery/famous-daves-dobson-%26-rio-salado/2Y5DwXH2TiivZky9PctIUQ,chandler-arizona
https://www.ubereats.com/phoenix/food-delivery/intentional-foods/e_0Q__aRRD6u7bNPBIYOzg,chandler-arizona
https://www.ubereats.com/phoenix/food-delivery/halal-naan-%26-curry/36P6c6w4ShivFvnhnAIpsA,chandler-arizona
https://www.ubereats.com/phoenix/food-delivery/pei-wei-1085-w-queen-creek-rd-suite-1/NhzdN3eMSAyLqGIGU_GGow,chandler-arizona
https://www.ubereats.com/phoenix/food-delivery/eastwind-sushi-and-grill-chandler/W2JJ250GQIC7jBG8RjmiDg,chandler-arizona
https://www.ubereats.com/phoenix/food-delivery/village-inn-2780-e-germann-rd/Mq9oiTNwTc66uWWHbH-lCQ,chandler-arizona
https://www.ubereats.com/phoenix/food-delivery/the-porch/r0M76w07SaiQQt33IoNOZg,chandler-arizona
https://www.ubereats.com/phoenix/food-delivery/bosa-donuts-arizona-ave-%26-galveston-st/JGKQViY7S9qEUXYi2bx5ZA,chandler-arizona
https://www.ubereats.com/phoenix/food-delivery/five-guys-az-0597-3705-south-arizona-ave/L6WVAjvCQFqQH2x5JPH_LQ,chandler-arizona
https://www.ubereats.com/phoenix/food-delivery/smashburger-2010-e-elliot-rd/YZ6-2hbIQR243XLevYk35g,chandler-arizona
https://www.ubereats.com/phoenix/food-delivery/wildflower-bread-company-3111-w-chandler-boulevard/N6MGWoatT_eHIwmG4bKVYg,chandler-arizona
https://www.ubereats.com/phoenix/food-delivery/the-buffalo-spot-gilbert/HR5ZYrTjSNyWtMoINGkC_g,chandler-arizona
https://www.ubereats.com/phoenix/food-delivery/dierks-bentleys-whiskey-row-gilbert/soqQyn3BQNGOa633t_IrMg,chandler-arizona
https://www.ubereats.com/phoenix/food-delivery/jersey-mikes-subs-arizona-%26-ocotillo/qWaI0tX9QtGs7MTYVBS6NA,chandler-arizona
https://www.ubereats.com/phoenix/food-delivery/mezquites-cafe/S7HhsQn6Sd-djf-3A1Nm4g,chandler-arizona
https://www.ubereats.com/phoenix/food-delivery/cactus-dogs-%26-lemonade/u32z1XthThGOPfLglgJzaQ,chandler-arizona
https://www.ubereats.com/phoenix/food-delivery/dunkin-1830-e-warner-rd/_GO8d3V5R6O7dQ8tEIAJ8A,chandler-arizona
https://www.ubereats.com/phoenix/food-delivery/dairy-queen-grill-%26-chill-4021-s-gilbert-rd/Vp-8M6zmS06Cm4hoLpm-oQ,chandler-arizona
https://www.ubereats.com/phoenix/food-delivery/worth-takeaway/UikVmzidQ_2PSDkwThP5Zg,chandler-arizona
https://www.ubereats.com/phoenix/food-delivery/wienerschnitzel-2100-north-mcqueen-road/xl6si0-2SryRjrkQqQq4Iw,chandler-arizona
https://www.ubereats.com/phoenix/food-delivery/black-bear-diner-2805-s-alma-school-rd/Pz_vzDa1SfCKPxAKQcixwQ,chandler-arizona
https://www.ubereats.com/phoenix/food-delivery/biscuits-cafe-alma-school/SjhuCtFzTsiGWSERBfgw7Q,chandler-arizona
https://www.ubereats.com/phoenix/food-delivery/taco-bell-1550-e-warner-rd/4c8MzeC1QkyizccFBpsoDw,chandler-arizona
https://www.ubereats.com/phoenix/food-delivery/rosatis-pizza-gilbert-%26-queen-creek/i0AW46W2S2GzRMzjp2C1GA,chandler-arizona
https://www.ubereats.com/phoenix/food-delivery/kfc-2760-west-chandler-boulevard/WYjfdz67QtqSCNcQ5_MtLA,chandler-arizona
https://www.ubereats.com/phoenix/food-delivery/jack-in-the-box-850-e-guadalupe-rd/mYeLgu0qQHaSREFvfluk2g,chandler-arizona
https://www.ubereats.com/phoenix/food-delivery/subway-3460-w-chandler-blvd/FMtIvIq1QP64NdGYuXv7Mg,chandler-arizona
https://www.ubereats.com/phoenix/food-delivery/mcdonalds-alma-school-%26-guadalupe/72HGrVEKTs6LCa-GQeGHdQ,chandler-arizona
https://www.ubereats.com/phoenix/food-delivery/chef-chiang/IFdOzkbxT4mX_WRdEvPryA,chandler-arizona
https://www.ubereats.com/phoenix/food-delivery/kneaders-bakery-%26-cafe-tempe/Gx_LD5XBT6C0hmra87pbpw,chandler-arizona
https://www.ubereats.com/phoenix/food-delivery/mcdonalds-arizona-%26-ray/PFwyg91hRNqnoXYtUwPXdg,chandler-arizona
https://www.ubereats.com/phoenix/food-delivery/katsu/_aXI1FnnRQe0dMX_UFdVzg,chandler-arizona
https://www.ubereats.com/phoenix/food-delivery/mandarin-house/MJ8t1ZipQqa4c2DSM3Ml0A,chandler-arizona
https://www.ubereats.com/phoenix/food-delivery/the-ice-cream-shop/bwunXYpVRd2guGDRSFHyfA,chandler-arizona
https://www.ubereats.com/phoenix/food-delivery/chipotle-mexican-grill-4984-s-power-rd-ste-107/Km7saWZARXewpBRcpMee4Q,chandler-arizona
https://www.ubereats.com/phoenix/food-delivery/la-sala-queen-creek-%26-dobson/N4tdaGWbQXK8CppB6alCmQ,chandler-arizona
https://www.ubereats.com/phoenix/food-delivery/main-event-gilbert/B6_qpguBTXeJx-fQCb4juQ,chandler-arizona
https://www.ubereats.com/phoenix/food-delivery/antojitos-lindamar/ecr4mH1wTbKaEzbXZFjQgQ,chandler-arizona
https://www.ubereats.com/phoenix/food-delivery/brooklyn-mikes-subs/1WKMEPElTQq3v34NkhpQSA,chandler-arizona
https://www.ubereats.com/phoenix/food-delivery/starbucks-1085-w-queen-creek-rd/RaIAsPo4QjqRAdfJvHzO5w,chandler-arizona
https://www.ubereats.com/phoenix/food-delivery/hot-bamboo/_cBgcLC8QCCsfJU98sXqig,chandler-arizona
https://www.ubereats.com/phoenix/food-delivery/pour-jo-coffee/QgY4Efo5RJe6bxeoeRvxXg,chandler-arizona
https://www.ubereats.com/phoenix/food-delivery/native-grill-%26-wings-gilbert-%26-60/O5YzSdECSIaxalzE6ziSgQ,chandler-arizona
https://www.ubereats.com/phoenix/food-delivery/buffalo-wild-wings-970-s-gilbert-rd/IV4EQ9XLRuii0u-85sEkZQ,chandler-arizona
https://www.ubereats.com/phoenix/food-delivery/the-habit-burger-grill-960-n-54th-st/6SRKG3JnRVuygsUT-I9z5Q,chandler-arizona
https://www.ubereats.com/phoenix/food-delivery/mcdonalds-country-club-%26-southern/v4DK4VBUT8y40RCaZrKiyA,chandler-arizona
https://www.ubereats.com/phoenix/food-delivery/the-brass-tap-313-n-gilbert-rd/A-nR66bfQk6WGCuZ0sc2Fw,chandler-arizona
https://www.ubereats.com/phoenix/food-delivery/taco-bell-1125-s-dobson-rd/EK2G0z9ZTymrMrE9AyCP3Q,chandler-arizona
https://www.ubereats.com/phoenix/food-delivery/del-taco-1035-s-arizona-avenue/Ahv8QWTfSPSSRa6zUBUZnQ,chandler-arizona
https://www.ubereats.com/phoenix/food-delivery/taco-bell-1131-s-stapley-dr/2bhtMtpBSciz1773oZjhvA,chandler-arizona
https://www.ubereats.com/phoenix/food-delivery/burger-king-1945-south-alma-school-road/PHIUkws0TYCmIXJYIO8m5Q,chandler-arizona
https://www.ubereats.com/phoenix/food-delivery/mcdonalds-val-vista-%26-warner/fQQFCWiYQnqvnX0BQFwuUg,chandler-arizona
https://www.ubereats.com/phoenix/food-delivery/burgerim-gilbert/1hBmbneBSr2HZ8RVdxUDhQ,chandler-arizona
https://www.ubereats.com/phoenix/food-delivery/floridinos-pizza-%26-pasta/rUrw3ULhT-mMIN7-JvZreA,chandler-arizona
https://www.ubereats.com/phoenix/food-delivery/tacos-chiwas-chandler/LYYenFg6TC6ZMRVNFc4Dyw,chandler-arizona
https://www.ubereats.com/phoenix/food-delivery/greeks-grill-chandler/yQakQhXoQmCd2vMk122C9A,chandler-arizona
https://www.ubereats.com/phoenix/food-delivery/fiesta-mexicana/CLyS9sz9QbyugnLoi4eJ4w,chandler-arizona
https://www.ubereats.com/phoenix/food-delivery/golden-hawaiian-bbq-chandler-%26-dobson/FtgzVxwORuOKx7FiFOt8Qg,chandler-arizona
https://www.ubereats.com/phoenix/food-delivery/kfc-1950-w-baseline-rd/oSPFQaSQRw2CUp688treUw,chandler-arizona
https://www.ubereats.com/phoenix/food-delivery/ryu-sushi-and-teppanyaki/c2YsQszrTYeQusz9wUxEVw,chandler-arizona
https://www.ubereats.com/phoenix/food-delivery/teriyaki-madness-gilbert/DcobwkaORLaX_0enOiYz5w,chandler-arizona
https://www.ubereats.com/phoenix/food-delivery/chous-kitchen/ejxQkOiERJ-ofSmteTUkDg,chandler-arizona
https://www.ubereats.com/phoenix/food-delivery/cafe-de-bangkok/vjUmu5P0QgSf6Lcm6WjnUw,chandler-arizona
https://www.ubereats.com/phoenix/food-delivery/caffe-boa/9U0_KDD2ScCF1wXkA71K4g,chandler-arizona
https://www.ubereats.com/phoenix/food-delivery/ycs-mongolian-grill-gilbert-rd-%26-germann/K314eIJtQi-cMt1tL-5CRw,chandler-arizona
https://www.ubereats.com/phoenix/food-delivery/grimaldis-casa-paloma/_WgU-NX-Q_GvEfNUA7YSDg,chandler-arizona
https://www.ubereats.com/phoenix/food-delivery/chipotle-mexican-grill-3395-w-chandler-blvd-ste-1/9OCZJVe6QWCQpvRuzrTVfw,chandler-arizona
https://www.ubereats.com/phoenix/food-delivery/popeyes-louisiana-kitchen-1999-east-pecos-road/pMzGrh8JSCqvDGhzpxnyCQ,chandler-arizona
https://www.ubereats.com/phoenix/food-delivery/ihop-935-w-elliot-rd/B5HXzQmrQ9q-f46MnAS79A,chandler-arizona
https://www.ubereats.com/phoenix/food-delivery/el-pollo-loco-4091-s-gilbert-rd3578/WU-8epPrTGa_vilzjZzlZQ,chandler-arizona
https://www.ubereats.com/phoenix/food-delivery/zombie-bones/BNf9iCHgSD6f5oHAXda2IA,chandler-arizona
https://www.ubereats.com/phoenix/food-delivery/french-fry-addict/E4I3Wk6NSwGxb7_ZNRa-sg,chandler-arizona
https://www.ubereats.com/phoenix/food-delivery/china-way-restaurant/8vQI3OuDTw6vi7_fPt4mew,chandler-arizona
https://www.ubereats.com/phoenix/food-delivery/sweetest-season-artisan-eatery/Zm4DMMGBT-SZHpUiYpCK9Q,chandler-arizona
https://www.ubereats.com/phoenix/food-delivery/sonic-drive-in-arizona-%26-germann/EcUEMmg0Q6OhYfHPdpyWMA,chandler-arizona
https://www.ubereats.com/phoenix/food-delivery/pei-wei-1825-guadalupe-suite-f-112/u-PFUt-IT1WjJ4lNnWTBRg,chandler-arizona
https://www.ubereats.com/phoenix/food-delivery/wei-wok-chinese-bistro/UIOW2_4bRbGwkJrRjyEq7A,chandler-arizona
https://www.ubereats.com/phoenix/food-delivery/morenos-mexican-grill-higley-%26-chandler-heights/bVfchpHuShKFXCcQ3o9R5A,chandler-arizona
https://www.ubereats.com/phoenix/food-delivery/jets-pizza-arizona-%26-ocotillo/aJVozVtXSZKoEZcbHzVVHQ,chandler-arizona
https://www.ubereats.com/phoenix/food-delivery/brooklyn-vs-pizza/jLXiR2OcSCC1fWl3ozdJwg,chandler-arizona
https://www.ubereats.com/phoenix/food-delivery/smokin-hot-bbq/QKQGqpUfSnK9E3j5yyEUTA,chandler-arizona
https://www.ubereats.com/phoenix/food-delivery/chipotle-mexican-grill-1084-s-gilbert-rd-ste-104/hMW5b-WVSjC5M7Y2avHmXw,chandler-arizona
https://www.ubereats.com/phoenix/food-delivery/squarz-bakery-%26-cafe/Ttu9GgfTTWKM6o2_wnDD6Q,chandler-arizona
https://www.ubereats.com/phoenix/food-delivery/paletas-betty-mill-%26-5th-st/CD6kZ9juQAKhxzysZGXXcQ,chandler-arizona
https://www.ubereats.com/phoenix/food-delivery/dunkin-4225-s-gilbert-rd/Jsk5u_WLQiGv8iku0Jnhyg,chandler-arizona
https://www.ubereats.com/phoenix/food-delivery/pokitrition-sushi-burritos-%26-poke/fn9ATm3VSra6LdRgSofo-A,chandler-arizona
https://www.ubereats.com/phoenix/food-delivery/mcdonalds-southern-%26-san-jose/ODrfe7-WTKqNyYV_OrYEvw,chandler-arizona
https://www.ubereats.com/phoenix/food-delivery/wok-sticks/HxQCuq3vQBWraYi9eEunSw,chandler-arizona
https://www.ubereats.com/phoenix/food-delivery/papa-murphys-23706-south-power-road-suite-108/0M20GusrTaanNVN5iYRDuA,chandler-arizona
https://www.ubereats.com/phoenix/food-delivery/bushs-chicken-val-vista-%26-williams-field/riub--kvRmWNKyMXlryu0g,chandler-arizona
https://www.ubereats.com/phoenix/food-delivery/crisp-greens/RpJAz-ibRjqYrz2Z5zToMQ,chandler-arizona
https://www.ubereats.com/phoenix/food-delivery/maskadores-taco-shop-%2315/iGSsnqInSAK8VNdU_sLSSQ,chandler-arizona
https://www.ubereats.com/phoenix/food-delivery/la-hacienda-mexican-restaurant-phoenix-az/Rv2qo8IXQwy9I-kMQVQmdA,chandler-arizona
https://www.ubereats.com/phoenix/food-delivery/yogis-teriyaki-and-grill-3235-west-ray-road/c6Q0gMFCTveSEJvgfQIwAQ,chandler-arizona
https://www.ubereats.com/phoenix/food-delivery/sonic-1654-e-williams-field-road/IO1ksYIgRkSo-uc-okjQsw,chandler-arizona
https://www.ubereats.com/phoenix/food-delivery/ogs/5uhbSVYYTAKH1fqBjkqNZg,chandler-arizona
https://www.ubereats.com/phoenix/food-delivery/black-bear-diner-7700-s-priest-drive/9dooHtLYT5SDtzIi3tzwog,chandler-arizona
https://www.ubereats.com/phoenix/food-delivery/phillys-sports-grill-e-elliot-rd/f4snRKnARuy1LkBdNdSJug,chandler-arizona
https://www.ubereats.com/phoenix/food-delivery/farmboy-market-meats-sandwiches/8kG552F0QVmEeNbuiQFsSg,chandler-arizona
https://www.ubereats.com/phoenix/food-delivery/coffee-talk/843GjKwjQB6tDdNyLXm0og,chandler-arizona
https://www.ubereats.com/phoenix/food-delivery/applebees-2053-s-alma-school-road/kCrYPEgKTg-f3EVGgxoyTg,chandler-arizona
https://www.ubereats.com/phoenix/food-delivery/max-saigon/Flh0Gla-RcO_5PUDi7SJPg,chandler-arizona
https://www.ubereats.com/phoenix/food-delivery/first-watch-ray/MS2wWkjjTfKsrGPRNOfzOw,chandler-arizona
https://www.ubereats.com/phoenix/food-delivery/filibertos-mexican-food-arizona-ave/mWNuJDY5TOCKtfumJrkJ1A,chandler-arizona
https://www.ubereats.com/phoenix/food-delivery/tryst-cafe-chandler/KW_DHNXrRzOV6VFRGxZ6FA,chandler-arizona
https://www.ubereats.com/phoenix/food-delivery/bld-restaurant/lcGiYXLRQm2NLx0K_T0cGw,chandler-arizona
https://www.ubereats.com/phoenix/food-delivery/healing-cafe/EVfNd9DZRKeYJFBf_bpv8w,chandler-arizona
https://www.ubereats.com/phoenix/food-delivery/dickeys-bbq-pit-alma-school-%26-guadalupe/K-lz6NZmQBeP5jcvI6noYg,chandler-arizona
https://www.ubereats.com/phoenix/food-delivery/cantstopsmokin-bbq/IAhw9hyFTXCrSLmgqSkkAg,chandler-arizona
https://www.ubereats.com/phoenix/food-delivery/jack-in-the-box-2070-n-dobson-rd/TLElZw9zSFGlejIQiOdoEg,chandler-arizona
https://www.ubereats.com/phoenix/food-delivery/closed-zoes-kitchen-2985-s-alma-school-rd/JreI5DUFSwmnEcPw24aMxQ,chandler-arizona
https://www.ubereats.com/phoenix/food-delivery/dunkin-1970-w-elliot-rd/ruBbxsx6QXmT_9IDZEo8RA,chandler-arizona
https://www.ubereats.com/phoenix/food-delivery/burger-king-2972-north-alma-school/9z2bHkk7R_2SQNLmabnOkA,chandler-arizona
https://www.ubereats.com/phoenix/food-delivery/ethiopian-cuisine/9Kw398mJSZC4sxX_a5OdQQ,chandler-arizona
https://www.ubereats.com/phoenix/food-delivery/cinnabon-3011-w-chandler/BOaSuObFSQSC0zvWYD8NvQ,chandler-arizona
https://www.ubereats.com/phoenix/food-delivery/ra-sushi-3025-west-chandler-blvd/rTGwd6-sSoOLecZy5W6J-w,chandler-arizona
https://www.ubereats.com/phoenix/food-delivery/popeyes-louisiana-kitchen-2850-south-alma-school-road/4UzjGl4YSleKy_I8xkEKBg,chandler-arizona
https://www.ubereats.com/phoenix/food-delivery/sonic-689-n-arizona-avenue/XFy47tqQRhmxt62wtgjZ3w,chandler-arizona
https://www.ubereats.com/phoenix/food-delivery/hg-roastery-%26-cafe/-TGb4S-BQ8Gg1FxU1KycVw,chandler-arizona
https://www.ubereats.com/phoenix/food-delivery/papa-johns-4302-e-ray/Pgr7jHvSTZmtu2E81n9BOQ,chandler-arizona
https://www.ubereats.com/phoenix/food-delivery/mamas-rican-kitchen/SHjp1NpzREupX0iyeDi7sA,chandler-arizona
https://www.ubereats.com/phoenix/food-delivery/craft-64-chandler/Vz7eXhcrRge5B8fT0LMAsg,chandler-arizona
https://www.ubereats.com/phoenix/food-delivery/haagen-dazs-chandler/YHW7vrwPRzWxkJqT7PqAnw,chandler-arizona
https://www.ubereats.com/phoenix/food-delivery/carls-jr-1352-s-gilbert/9z5mG5ZVS9yXiTzW6ADHNw,chandler-arizona
https://www.ubereats.com/phoenix/food-delivery/five-guys-az-4011-1877-e-williams-field-rd/f42Th2jLRYacKy9yE8xBLA,chandler-arizona
https://www.ubereats.com/phoenix/food-delivery/dog-haus-biergarten-santan-village/SrK8w1Y9QDy2-CHeHGyy0g,chandler-arizona
https://www.ubereats.com/phoenix/food-delivery/mcdonalds-alma-school-%26-queen-creek/VqIqe5KwTfCOwgvWD8zaXw,chandler-arizona
https://www.ubereats.com/phoenix/food-delivery/el-pollo-loco-1036-s-country-club-dr3761/cXIRM9IQTUShlBoFro8BAw,chandler-arizona
https://www.ubereats.com/phoenix/food-delivery/bosa-donuts-3305-williams-field-rd-%26-higley-rd/i0S4hFWARy2KkMdGIIhhSw,chandler-arizona
https://www.ubereats.com/phoenix/food-delivery/my-grannys-banana-pudding-company/Ud6ullV5STOdNCh9TaaR5g,chandler-arizona
https://www.ubereats.com/phoenix/food-delivery/the-hidden-house/ZnRa7EtlQT6dVg39k7i7Kg,chandler-arizona
https://www.ubereats.com/phoenix/food-delivery/my-pie-gilbert-%26-202/Ioir-SslRs2QGZHcBUa83w,chandler-arizona
https://www.ubereats.com/phoenix/food-delivery/bosa-donuts-155-east-williams-field/6XYUEmpgQ5GJnFeLY831CA,chandler-arizona
https://www.ubereats.com/phoenix/food-delivery/hyderabad-biryani-pot/r3LNyOVZS1eKN1ZS63y-gw,chandler-arizona
https://www.ubereats.com/phoenix/food-delivery/papa-murphys-1075-e-riggs-rd/ZZNctfKBQpab7f5q2WbmLA,chandler-arizona
https://www.ubereats.com/phoenix/food-delivery/cobys/HO-1Ci_rSxertjHI7gYf1g,chandler-arizona
https://www.ubereats.com/phoenix/food-delivery/sharetea-overstreet-chandler/tgm95HqpS-mPh7vjMBzyWg,chandler-arizona
https://www.ubereats.com/phoenix/food-delivery/mesa-wings-vr/1OWgBQL7TVeTUQXmFU6BtQ,chandler-arizona
https://www.ubereats.com/phoenix/food-delivery/yogis-teriyaki-and-grill-chandler-kyrene/p6BmASQyRYeFSn_Mj-9v0A,chandler-arizona
https://www.ubereats.com/phoenix/food-delivery/makutus-island/pCEb797qSRqVYgCBA-8MCA,chandler-arizona
https://www.ubereats.com/phoenix/food-delivery/dickeys-barbeque-1005-south-arizona-ave-suite-13/tOo-UVPrSGa3jde_p30rEw,chandler-arizona
https://www.ubereats.com/phoenix/food-delivery/nypd-pizza-w-chandler-blvd/lcipqcpPQdGTTRsqWiEVAQ,chandler-arizona
https://www.ubereats.com/phoenix/food-delivery/burger-king-1440-s-country-club-drive/jKEtsypDQmikMQ6qZLjbOg,chandler-arizona
https://www.ubereats.com/phoenix/food-delivery/ginger-monkey/LF2qJy5XToKm3AqEcYnwow,chandler-arizona
https://www.ubereats.com/phoenix/food-delivery/jack-in-the-box-1790-w-chandler-blvd/A_1OWDV8TjypzXrjS_1UDQ,chandler-arizona
https://www.ubereats.com/phoenix/food-delivery/grill-n-chop/YfFVYYP8QliMxuceoBST5g,chandler-arizona
https://www.ubereats.com/phoenix/food-delivery/pho-dam/H2uJmnGjSnasN6kCFh9CQg,chandler-arizona
https://www.ubereats.com/phoenix/food-delivery/dickeys-bbq-pit-williams-field-%26-san-tan-village/zvavr5FoSfWWjXCfBtqbVw,chandler-arizona
https://www.ubereats.com/phoenix/food-delivery/stone-%26-vine-urban-italian/cWpQKOkISNqbPg80KzIFLg,chandler-arizona
https://www.ubereats.com/phoenix/food-delivery/senor-taco-chandler/65p1deu7RVKqQ6PFY--Byw,chandler-arizona
https://www.ubereats.com/phoenix/food-delivery/stufrageous-stuffed-burgers/dgN3S1D8Smqfta-IX9iS2g,chandler-arizona
https://www.ubereats.com/phoenix/food-delivery/benihana-ahwatukee/cl2FXD0IRYKZeY0adbxkcA,chandler-arizona
https://www.ubereats.com/phoenix/food-delivery/togos-1520-w-guadalupe-rd-ste-101/sTz_x32bRBemv9Kvxuc0JA,chandler-arizona
https://www.ubereats.com/phoenix/food-delivery/tumi-peruvian-restaurant/dNWx8vnfRCeT2OB1D_RuuQ,chandler-arizona
https://www.ubereats.com/phoenix/food-delivery/starbucks-1515-south-price-road/jgPFstbkRy2FJAGcrXognQ,chandler-arizona
https://www.ubereats.com/phoenix/food-delivery/floridemas-pizza-and-pasta/P97VUlZ-QSm43CKO7AJ9Og,chandler-arizona
https://www.ubereats.com/phoenix/food-delivery/pakwan-indian-bistro/10olejx5RHCSUG-Krf4Vlw,chandler-arizona
https://www.ubereats.com/phoenix/food-delivery/sunnys-breakfast-%26-lunch-chandler-%26-alma-school/gU9TgarhRTiKap2SLV57yQ,chandler-arizona
https://www.ubereats.com/phoenix/food-delivery/shinme-sushi-ordermark/63KfnzT0SjakbVz6hEyedA,chandler-arizona
https://www.ubereats.com/phoenix/food-delivery/mama-thai-kitchen/n9hTeUOxSU2kv5RjR50rTQ,chandler-arizona
https://www.ubereats.com/phoenix/food-delivery/red-lobster-3845-s-gilbert-road/eicfTtGbRz-doo53nFVQlA,chandler-arizona
https://www.ubereats.com/phoenix/food-delivery/old-chicago-2950-e-germann-rd/JOiKMRG8RoSSe0uCDlXaAQ,chandler-arizona
https://www.ubereats.com/phoenix/food-delivery/yama-sushi-house-chandler/8XQ43xHGSmmwjOV3KObrmA,chandler-arizona
https://www.ubereats.com/phoenix/food-delivery/red-robin-524-2235-s-santan-village-pkwy/XYDcQHW-S_ivwbzViWFdzA,chandler-arizona
https://www.ubereats.com/phoenix/food-delivery/tokyo-house/JggMYwx_R2SVgw6Lh5Vagw,chandler-arizona
https://www.ubereats.com/phoenix/food-delivery/santan-brewing-company/IWoRINgWQgWuw4kJ8OAcRw,chandler-arizona
https://www.ubereats.com/phoenix/food-delivery/chipotle-mexican-grill-2895-s-alma-school-rd-ste-1/PSVFR1e5T_OnV3J4pN_b7Q,chandler-arizona
https://www.ubereats.com/phoenix/food-delivery/maskadores-taco-shop-gilbert/9jkCM85LQ262c4hxGn_Rqw,chandler-arizona
https://www.ubereats.com/phoenix/food-delivery/green-corner-restaurant-chandler/OhJOKQAmQo-ftoqIZDC4qw,chandler-arizona
https://www.ubereats.com/phoenix/food-delivery/gyoza-bar/5ApkJTBuT5yWP4jcTuJfAQ,chandler-arizona
https://www.ubereats.com/phoenix/food-delivery/krispy-kreme-main-%26-dobson/k5KSirrVTOy7s1dEfEPQpQ,chandler-arizona
https://www.ubereats.com/phoenix/food-delivery/michaels-pizza/m3Zuh-0lTzmI1hQjHG9FGA,chandler-arizona
https://www.ubereats.com/phoenix/food-delivery/mcdonalds-chandler-%26-kyrene/7w_vCBuaS2u4brzaM1sTQQ,chandler-arizona
https://www.ubereats.com/phoenix/food-delivery/rangoli-ice-cream-desserts-%26-drinks-vr/625GFD7HRe6PxvNYlqQG1Q,chandler-arizona
https://www.ubereats.com/phoenix/food-delivery/sushi-driver/8la8sCjXQnqYiZWK3GPmXg,chandler-arizona
https://www.ubereats.com/phoenix/food-delivery/poke-wave/cVlOyTtKQ9a6nu_FuTVDaQ,chandler-arizona
https://www.ubereats.com/phoenix/food-delivery/arbys-2889-s-market-st/PhH5tPWJSveql6VfAeufbQ,chandler-arizona
https://www.ubereats.com/phoenix/food-delivery/killer-wings/gnE8a7vVSrWuVqzIYZjTRw,chandler-arizona
https://www.ubereats.com/phoenix/food-delivery/planet-sub-germann-%26-dobson/RHwdtVcrSgKH0szPWefnQw,chandler-arizona
https://www.ubereats.com/phoenix/food-delivery/curry-bowl/7KMv0d-0RXK2dapJCau-kg,chandler-arizona
https://www.ubereats.com/phoenix/food-delivery/yogis-grill-arizona-ave-%26-ocotillo/_zjWHRKxTWCKZR2A1qQ-9A,chandler-arizona
https://www.ubereats.com/phoenix/food-delivery/subway-4200-s-arizona-ave/vloMib9EQNqKKNGmPhr3Rg,chandler-arizona
https://www.ubereats.com/phoenix/food-delivery/dennys-1661-e-warner-rd/Zk1b5ObwSj-hxaQ_9WWOPg,chandler-arizona
https://www.ubereats.com/phoenix/food-delivery/maskadores-taco-shop-%2313/1_eUBTiYQFmzDhRmwey6yA,chandler-arizona
https://www.ubereats.com/phoenix/food-delivery/intentional-foods/QOs4sVwHS72wVU8I69TMzw,chandler-arizona
https://www.ubereats.com/phoenix/food-delivery/buca-di-beppo-chandler/LIo9nVwpTWemAKqWhuLlGA,chandler-arizona
https://www.ubereats.com/phoenix/food-delivery/sandbar-mexican-grill-chandler/AdSrZCpgQfewnKsUHBbwGQ,chandler-arizona
https://www.ubereats.com/phoenix/food-delivery/dunkin-2001-n-arizona-ave/xDJ--KfvTiO157BKaXktQQ,chandler-arizona
https://www.ubereats.com/phoenix/food-delivery/cafe-zupas-3420-e-baseline-rd/lHh5MwQcQyK3p3ExyWIc_g,chandler-arizona
https://www.ubereats.com/phoenix/food-delivery/burger-king-1001-north-arizona-avenue/6gemPAjrSqWTi5xzo19rTA,chandler-arizona
https://www.ubereats.com/phoenix/food-delivery/lennys-burger-southern-%26-stapley/o7Qbx2TnTUydh4Zfc3Oeaw,chandler-arizona
https://www.ubereats.com/phoenix/food-delivery/applebees-baseline-%26-gilbert/qppy9br8S6mxeavc6TScMQ,chandler-arizona
https://www.ubereats.com/phoenix/food-delivery/pita-jungle-gilbert/yCc4_T3LQfO3zbyBFWEbCg,chandler-arizona
https://www.ubereats.com/phoenix/food-delivery/papa-johns-1100-n-alma-school/B8q2MY5bQq66alBcp4tpkQ,chandler-arizona
https://www.ubereats.com/phoenix/food-delivery/teriyaki-madness-chandler/-wY3wy-SRhiUlWfwUVuq-g,chandler-arizona
https://www.ubereats.com/phoenix/food-delivery/sashas-kitchen-and-cocktails/0s8Yz8stTaqgpuJckiJXMg,chandler-arizona
https://www.ubereats.com/phoenix/food-delivery/french-me-llc/xuLwAl6URPu5EsR_fr1TmQ,chandler-arizona
https://www.ubereats.com/phoenix/food-delivery/dunkin-1230-e-baseline-rd/0THtrVLQTAKS87Gt5XT2aQ,chandler-arizona
https://www.ubereats.com/phoenix/food-delivery/hot-duck/Zk71ogqZT6Wft2D9iUEg8w,chandler-arizona
https://www.ubereats.com/phoenix/food-delivery/voodoo-daddys-steam-kitchen/7TBwlJL4SlCtRlU4Uk4eMw,chandler-arizona
https://www.ubereats.com/phoenix/food-delivery/taco-bell-4080-s-gilbert-rd/AxmzM_CTSFe5Fr9QfFzu0A,chandler-arizona
https://www.ubereats.com/phoenix/food-delivery/bagel-nosh/LgAb6uzCRZGrD3iNxGW3SA,chandler-arizona
https://www.ubereats.com/phoenix/food-delivery/venezias-pizzeria-744-west-ray-road/FVtpP2BxSP29E7dkSJwQNA,chandler-arizona
https://www.ubereats.com/phoenix/food-delivery/del-taco-1864-s-country-club-dr/XQAkjHKPTzmjZ_qONR4Wnw,chandler-arizona
https://www.ubereats.com/phoenix/food-delivery/carls-jr-4916-e-chandler-blvd/mB24S6GeQ568zQn5pohblg,chandler-arizona
https://www.ubereats.com/phoenix/food-delivery/koibito-poke-the-plant/_voGrWm9T3CWy6rcq_vZHA,chandler-arizona
https://www.ubereats.com/phoenix/food-delivery/sonic-4075-south-higley/XjULpsU4RmqJjpNocp5I4A,chandler-arizona
https://www.ubereats.com/phoenix/food-delivery/starbucks-995-w-elliot-road/OCeASMn7Rw2SrHGXahwBHg,chandler-arizona
https://www.ubereats.com/phoenix/food-delivery/tara-thai/SlDpWR76R-qdGTKqrDubNA,chandler-arizona
https://www.ubereats.com/phoenix/food-delivery/buckeys/d-ETD7jRRL-pQXm7L-XliA,chandler-arizona
https://www.ubereats.com/phoenix/food-delivery/yanagi-sushi/93rUlDgPRbKVVt_ws_Cg5w,chandler-arizona
https://www.ubereats.com/phoenix/food-delivery/dennys-1330-s-power-rd/9Xtr17-YSZ-XbbZ2nO2Gxg,chandler-arizona
https://www.ubereats.com/phoenix/food-delivery/cafe-de-bangkok/GE5f02afSCCy4XpNZOgLVQ,chandler-arizona
https://www.ubereats.com/phoenix/food-delivery/mod-pizza-ahwatukee/he3krgvbRfC2hTkijOCPYA,chandler-arizona
https://www.ubereats.com/phoenix/food-delivery/zellas-pizza-%26-cheesesteaks-williams-field-%26-val-vista/av24JOmaRyOE_92pacFzOw,chandler-arizona
https://www.ubereats.com/phoenix/food-delivery/mcdonalds-priest-%26-ray/zzA18UmhRZ6dmLYUSRez4A,chandler-arizona
https://www.ubereats.com/phoenix/food-delivery/bjs-restaurant-%26-brewhouse-3155-west-chandler-boulevard/g6I8IbTuQ2Wwro-E7KZpmQ,chandler-arizona
https://www.ubereats.com/phoenix/food-delivery/mandarin-chef/UCNgwxlMRT-3nVadU71R4Q,chandler-arizona
https://www.ubereats.com/phoenix/food-delivery/curryandscoop/bDg4CgIFSTWvmbnQW8oamA,chandler-arizona
https://www.ubereats.com/phoenix/food-delivery/chompies-w-frye-rd-chandler/VRb7edBgRoi0utC2Yk4jaw,chandler-arizona
https://www.ubereats.com/phoenix/food-delivery/orient-sushi-grill/q_qLxavYQxOKwv2-6VQ1tA,chandler-arizona
https://www.ubereats.com/phoenix/food-delivery/panda-express-3111-west-chandler-blvd/4ff3gxX0Sw-IPd5102SG7g,chandler-arizona
https://www.ubereats.com/phoenix/food-delivery/chipotle-mexican-grill-815-e-baseline-rd-ste-118/Mj0Rfqc7R9y3dxUwQL3hDw,chandler-arizona
https://www.ubereats.com/phoenix/food-delivery/jersey-mikes-subs-chandler-2780-w-chandler-blvd/sq-irevlSJuy_NlOcWt7DQ,chandler-arizona
https://www.ubereats.com/phoenix/food-delivery/popeyes-louisiana-kitchen-1299-north-arizona-avenue/yfnpE0PvSyybr3FPLzzPRw,chandler-arizona
https://www.ubereats.com/phoenix/food-delivery/ahi-revolving-sushi/iJGajd1_QcmmALLWVJwHog,chandler-arizona
https://www.ubereats.com/phoenix/food-delivery/burger-king-2865-e-ocotillo-rd/Q1a5ZfTtSgmUv8CZy1cVpg,chandler-arizona
https://www.ubereats.com/phoenix/food-delivery/taste-of-qin-%E7%A7%A6%E5%91%B3/SgJu6bERRjqO3qphpoMKIQ,chandler-arizona
https://www.ubereats.com/phoenix/food-delivery/subway-2487-s-gilbert-rd/z4QPbYxTQPi4eSezoh0DnQ,chandler-arizona
https://www.ubereats.com/phoenix/food-delivery/bubble-bee/QEpxIv3UTBeZ7szvTypG0g,chandler-arizona
https://www.ubereats.com/phoenix/food-delivery/biryani-pot/5bcj9oyWQp-XaSgpCs0ayg,chandler-arizona
https://www.ubereats.com/phoenix/food-delivery/macayos-mexican-food-ahwautukee/cuo1HfTlTT6ZeP6eak4Rmw,chandler-arizona
https://www.ubereats.com/phoenix/food-delivery/shanes-pizza-on-87/IJtieKCAQ4atykcmsa9IPw,chandler-arizona
https://www.ubereats.com/phoenix/food-delivery/the-habit-burger-grill-1817-e-guadalupe-rd-%23102/LnMsjmc2QxKekShu2iKJ9w,chandler-arizona
https://www.ubereats.com/phoenix/food-delivery/moon-china-bistro/vL9yXKgLQOie8YpRkJ7jdw,chandler-arizona
https://www.ubereats.com/phoenix/food-delivery/jack-in-the-box-2090-n-arizona-ave/X-lKryGURseZ2BXLco63Fg,chandler-arizona
https://www.ubereats.com/phoenix/food-delivery/sonic-618-west-southern-avenue/ieoz4zPaSUO7F-K9vF6eVg,chandler-arizona
https://www.ubereats.com/phoenix/food-delivery/burger-king-4979-west-ray-road/NXpW2GlrQ5C5I95UjONXdQ,chandler-arizona
https://www.ubereats.com/phoenix/food-delivery/mod-pizza-discovery-business/glxoVVKlTJePCM0DLXNh9g,chandler-arizona
https://www.ubereats.com/phoenix/food-delivery/thai-express-3111-w-chandler-blvd/f2ugUn3dQImmg-DZVESVDg,chandler-arizona
https://www.ubereats.com/phoenix/food-delivery/green-lotus-vegan/xdV5F6seRxWjfY2lkYzY9Q,chandler-arizona
https://www.ubereats.com/phoenix/food-delivery/original-chopshop-chandler/QwS9T-i_RuSuAPTkVLysYA,chandler-arizona
https://www.ubereats.com/phoenix/food-delivery/wendys-929-n-arizona-avenue/42RZRNVxQRa3z_Sy2pTraQ,chandler-arizona
https://www.ubereats.com/phoenix/food-delivery/la-morena-mexican-food-gilbert/WVHYvtzoTFqJHJFngWwOaw,chandler-arizona
https://www.ubereats.com/phoenix/food-delivery/jeremiahs-italian-ice-chandler/RRto2rQ1SuiLU7E9O5fcEQ,chandler-arizona
https://www.ubereats.com/phoenix/food-delivery/taco-bell-18510-e-rittenhouse-rd/MWQiDHxLQk2ikyFxcABSfQ,chandler-arizona
https://www.ubereats.com/phoenix/food-delivery/starbucks-4095-s-gilbert-road-suite-1/zwJb3iY4Ryew_kfB-QtvGA,chandler-arizona
https://www.ubereats.com/phoenix/food-delivery/doughnuttery-chandler-fashion-center/865Vo0LyTFepAc9ff_d8IQ,chandler-arizona
https://www.ubereats.com/phoenix/food-delivery/sugarloaf-lane-bakery/ymq58EjXQRuxkAnhPFxxcQ,chandler-arizona
https://www.ubereats.com/phoenix/food-delivery/arbys-2900-s-alma-school-road/NabWpOiTTvqOF_itMBnxQw,chandler-arizona
https://www.ubereats.com/phoenix/food-delivery/cold-stone-creamery-1877-e-williams-field-rd/HhVeiEqGREaUmCJtymvChA,chandler-arizona
https://www.ubereats.com/phoenix/food-delivery/uniques-bbq/F06G8r-bTtipaEqT3kuSag,chandler-arizona
https://www.ubereats.com/phoenix/food-delivery/az-wings/jdy2LVsiQ9uio-Md3YIZfg,chandler-arizona
https://www.ubereats.com/phoenix/food-delivery/millies-cafe/w2wDlNGDRROVLbng-IoFSA,chandler-arizona
https://www.ubereats.com/phoenix/food-delivery/thai-chili-2-go-south-gilbert/pqii4KLuQ7SniYd33cpmwQ,chandler-arizona
https://www.ubereats.com/phoenix/food-delivery/yummies-yogurt/DWKQAR5AQHGRx4OEjiZYgA,chandler-arizona
https://www.ubereats.com/phoenix/food-delivery/wokee-express-745-north-gilbert-road/Q6lGCk2QTPmYiRDXoAl-JA,chandler-arizona
https://www.ubereats.com/phoenix/food-delivery/fired-pie-ocotillo-%26-alma-school/DrRi5HFqQuSWzT5OeYh98A,chandler-arizona
https://www.ubereats.com/phoenix/food-delivery/mcdonalds-pecos-%26-mcqueen/mqLmzZ3gRMi2aB4ravH0YA,chandler-arizona
https://www.ubereats.com/phoenix/food-delivery/fresh-millions-gilbert-%26-baseline/mf06-hv6Qt63_X8XQxSO4Q,chandler-arizona
https://www.ubereats.com/phoenix/food-delivery/wendys-2867-s-san-tan-village-pkwy/WanRuUhVSpuHLFWytIJ7Pw,chandler-arizona
https://www.ubereats.com/phoenix/food-delivery/bosa-donuts-val-vista-dr/B-nOtdavQ5K-KM2hxoNQpg,chandler-arizona
https://www.ubereats.com/phoenix/food-delivery/ninja-japanese-restaurant/8G_UjUmMQsiZY-U_4GrfUg,chandler-arizona
https://www.ubereats.com/phoenix/food-delivery/pho-lotus/6EwcB39lSnWvrZd7IYEbEg,chandler-arizona
https://www.ubereats.com/phoenix/food-delivery/native-grill-%26-wings-guadalupe-%26-dobson/NhyJTb8pSGm_uBdvr_ywLA,chandler-arizona
https://www.ubereats.com/phoenix/food-delivery/hooters-mesa-fiesta-mall/0bC8DXVQTBamxSMUDmV7oQ,chandler-arizona
https://www.ubereats.com/phoenix/food-delivery/taco-bell-3601-east-baseline-road/LovWG3K_RnGEpltr0aa0Fg,chandler-arizona
https://www.ubereats.com/phoenix/food-delivery/panda-express-arizona-%26-ocotillo/PTn20lxZSmGBhdcpD-hcVA,chandler-arizona
https://www.ubereats.com/phoenix/food-delivery/jin-shabu/Wbu2j4_ITTeALYqTSp5zhQ,chandler-arizona
https://www.ubereats.com/phoenix/food-delivery/arbys-3535-e-baseline-road/r_P0pSXySuid9Ga2mRGESw,chandler-arizona
https://www.ubereats.com/phoenix/food-delivery/rubios-3885-s-arizona-ave/SOyzz0u1TBmQwSUvwGW9Xw,chandler-arizona
https://www.ubereats.com/phoenix/food-delivery/poke-fuzion-e-baseline-rd/fqnUjOu9T3iUQd6FzJJwHg,chandler-arizona
https://www.ubereats.com/phoenix/food-delivery/mcdonalds-warner-%26-cooper/Ks4XCc8ITQKaWbvAKspUMA,chandler-arizona
https://www.ubereats.com/phoenix/food-delivery/green-lotus-vegan/vZpFUDdIS0iTaKA19Ax7EQ,chandler-arizona
https://www.ubereats.com/phoenix/food-delivery/jack-in-the-box-955-e-riggs-rd/NZ5Y-GB1TI2N0iAhBSzhGg,chandler-arizona
https://www.ubereats.com/phoenix/food-delivery/sidelines-grill/Ix2qFW9lSaK9ynJy4Wf2_g,chandler-arizona
https://www.ubereats.com/phoenix/food-delivery/papa-johns-4980-s-alma-school/tdxEpcawQaufgeJovmwJPQ,chandler-arizona
https://www.ubereats.com/phoenix/food-delivery/tempe-public-market-cafe/WTbnOmQZSu6sGeKQkqkAPw,chandler-arizona
https://www.ubereats.com/phoenix/food-delivery/ghett-yo-taco-burritos-%26-sliders/QSFlKdeqT96mH1x1HMWN2w,chandler-arizona
https://www.ubereats.com/phoenix/food-delivery/rudys-mexican-grill/JSwBG3TsSuOrmC6m1MCwQQ,chandler-arizona
https://www.ubereats.com/phoenix/food-delivery/starbucks-830-w-warner-rd/vB3QT4BySGanBJD0HZq_Fw,chandler-arizona
https://www.ubereats.com/phoenix/food-delivery/peixoto-coffee/Ajixv-RJS-ekBulTQEbJaQ,chandler-arizona
https://www.ubereats.com/phoenix/food-delivery/palette-collective-coffee-gilbert-rd/1dwuo0-9TASce5Q_U5Krjg,chandler-arizona
https://www.ubereats.com/phoenix/food-delivery/shamy-market-and-bakery/wqYPL6UUSWqFqU9kfIfXKQ,chandler-arizona
https://www.ubereats.com/phoenix/food-delivery/jack-in-the-box-141-n-arizona-ave/VS00kZnMRtmflSXc0_3aOw,chandler-arizona
https://www.ubereats.com/phoenix/food-delivery/tilted-kilt-tempe/DnhSuRYaSq2bJLX7tmXRNg,chandler-arizona
https://www.ubereats.com/phoenix/food-delivery/peter-piper-pizza-1880-w-chandler-blvd/QaqXv6TeTAaypqHfsvypsw,chandler-arizona
https://www.ubereats.com/phoenix/food-delivery/firehouse-subs-santan-village-%26-202/3eQ-cH6ZRI2zLJ8ZIa2uEA,chandler-arizona
https://www.ubereats.com/phoenix/food-delivery/the-draft-sports-grill/6QsPTD3aTK-oyHOaqRsKjg,chandler-arizona
https://www.ubereats.com/phoenix/food-delivery/bubble-bee/NNmV2QKyTH60UfwMUcK0HA,chandler-arizona
https://www.ubereats.com/phoenix/food-delivery/pcroissant/itTaKuR8T7SOP6Qkl4AV5A,chandler-arizona
https://www.ubereats.com/phoenix/food-delivery/papa-murphys-alma-school-%26-queen-creek/no9QbzYlQ3u3p0TqjvFoQg,chandler-arizona
https://www.ubereats.com/phoenix/food-delivery/cogburns-cooper-%26-warner/62cZqCYETvG7sUGczIo7AQ,chandler-arizona
https://www.ubereats.com/phoenix/food-delivery/pieology-pizzeria-chandler-%26-101/Nr6CNTI-Tl-XEEnJU4OpXw,chandler-arizona
https://www.ubereats.com/phoenix/food-delivery/palette-coffee-chandler-village-dr/GhNQrg9xSrCjte6fpHKZgA,chandler-arizona
https://www.ubereats.com/phoenix/food-delivery/subway-3125-s-alma-school-rd/oMW1ZP_BQumQ4P3PyYXjXA,chandler-arizona
https://www.ubereats.com/phoenix/food-delivery/bece-kitchen/TrQ3hIy2QAyjWDkldc31-w,chandler-arizona
https://www.ubereats.com/phoenix/food-delivery/ocean-blue-caribbean-restaurant-and-bar/MMnU31iUShSR7LXfUG2_dQ,chandler-arizona
https://www.ubereats.com/phoenix/food-delivery/claudias-cafe/73gX5K4qS8qxOhhy1sTPuw,chandler-arizona
https://www.ubereats.com/phoenix/food-delivery/mcdonalds-southern-and-longmore/ol0eMSveTQqUigqX7wXGqA,chandler-arizona
https://www.ubereats.com/phoenix/food-delivery/barrio-queen-gilbert/BYxXaZrATrO2s06rKf2o6w,chandler-arizona
https://www.ubereats.com/phoenix/food-delivery/cyclo-vietnamese-cuisine/6w36QElpTge4Rcuy0X4_uA,chandler-arizona
https://www.ubereats.com/phoenix/food-delivery/yogis-teriyaki-%26-grill-w-grove-ave/QayGu3vFRASloNyryPKEYA,chandler-arizona
https://www.ubereats.com/phoenix/food-delivery/hong-kong-bistro/Gs2Gj3P7QDqOuHAeYVI1Ng,chandler-arizona
https://www.ubereats.com/phoenix/food-delivery/noodles-%26-company-2975-sh-market-st-ste-101/TRfAJI_hSiqFOj8GiENGlQ,chandler-arizona
https://www.ubereats.com/phoenix/food-delivery/dairy-queen-grill-%26-chill-4751-e-warner-rd/FZkjS854R7mgm9XfUik7oQ,chandler-arizona
https://www.ubereats.com/phoenix/food-delivery/cinnaholic-gilbert/XVIR71YvST2rc1zPY53ASw,chandler-arizona
https://www.ubereats.com/phoenix/food-delivery/nishikawa-ramen/ih0HJVsCTKiHeBYvkJ8xYA,chandler-arizona
https://www.ubereats.com/phoenix/food-delivery/royyim-thai-cuisine-greenfield-%26-baseline/1dfvCsukRq6JxUReXkvv9Q,chandler-arizona
https://www.ubereats.com/phoenix/food-delivery/gyros-express-chandler-%26-dobson/43teFEfqSDKzWkDicv6m6g,chandler-arizona
https://www.ubereats.com/phoenix/food-delivery/arbys-1060-s-country-club-drive/BgqQ_bTXTHOnZZDspR946g,chandler-arizona
https://www.ubereats.com/phoenix/food-delivery/taco-bell-4815-east-warner/Ny47VJ3AQLaRkXrz3L1MSA,chandler-arizona
https://www.ubereats.com/phoenix/food-delivery/saigon-boyz-sandwiches/1HQ7o-UARPyA9HbLjy2V5w,chandler-arizona
https://www.ubereats.com/phoenix/food-delivery/jimmy-%26-joes-pizzeria-baseline-%26-dobson/7L0iRTzgQd-6UZsFxvnGsQ,chandler-arizona
https://www.ubereats.com/phoenix/food-delivery/ebs-delites/5D9l7uONSeK9Ac0sjq34YQ,chandler-arizona
https://www.ubereats.com/phoenix/food-delivery/clean-juice-2224-e-williams-field-road/VksYdbVyQE6OW8N1_SsUpQ,chandler-arizona
https://www.ubereats.com/phoenix/food-delivery/bosa-donuts-n-dobson-rd/eb3NVfY8QoCyN5V1xTSzYg,chandler-arizona
https://www.ubereats.com/phoenix/food-delivery/kona-grill-gilbert/NlwbnBg3RM-d8R3SRIpJvg,chandler-arizona
https://www.ubereats.com/phoenix/food-delivery/flemings-prime-steakhouse-%26-wine-bar-chandler/MraLB0rxQk6UPAhB4R6Zgw,chandler-arizona
https://www.ubereats.com/phoenix/food-delivery/va-bene-italian-restaurant/bwJwZkCiT7mR4Ms_MkyN_w,chandler-arizona
https://www.ubereats.com/phoenix/food-delivery/smokin-hot-bbq/vSeuMuc3RyOZozEumopwnw,chandler-arizona
https://www.ubereats.com/phoenix/food-delivery/yogis-grill-s-val-vista-dr/q77hD85nR4SCTrswIkIbww,chandler-arizona
https://www.ubereats.com/phoenix/food-delivery/indo-chinese-bistro/rLGbzU-GRFe-34pLaU4kzQ,chandler-arizona
https://www.ubereats.com/phoenix/food-delivery/chicken-wing-kitchen/5-XGyNWETYCEWOmjyuASTQ,chandler-arizona
https://www.ubereats.com/phoenix/food-delivery/chipotle-mexican-grill-1335-s-alma-school-rd-ste-105/G5eMY_0LRQCLuHZPCNilaA,chandler-arizona
https://www.ubereats.com/phoenix/food-delivery/rubios-4770-e-ray-road-gilbert/sK_jyWMbR-u_YvcwcH3aeQ,chandler-arizona
https://www.ubereats.com/phoenix/food-delivery/rositas-fine-mexican-food-mesa/Aw_JPApWSM-W5blmcYz7Tg,chandler-arizona
https://www.ubereats.com/phoenix/food-delivery/keegans-grill-ray-rd-%26-48th-st/S_Pk6BMESmyoUy_-bG7TCQ,chandler-arizona
https://www.ubereats.com/phoenix/food-delivery/dairy-queen-grill-%26-chill-1696-n-higley-rd/Cn3acGi8QMSRTtlw6DjRZg,chandler-arizona
https://www.ubereats.com/phoenix/food-delivery/wendys-875-s-val-vista/yUlek8o7SS-UZPL8pUmPHQ,chandler-arizona
https://www.ubereats.com/phoenix/food-delivery/el-autentico-latin-american-food/cAmmKOzEQKCkYpZfiW_8wA,chandler-arizona
https://www.ubereats.com/phoenix/food-delivery/fired-pie-ray-%26-coronado/bxxDtkeyTj63jp5jKkuI_A,chandler-arizona
https://www.ubereats.com/phoenix/food-delivery/first-watch-fulton-ranch/5iGRZ3YlRdizLfwOJdwCCA,chandler-arizona
https://www.ubereats.com/phoenix/food-delivery/cactus-mexican-restaurant/Agyn8fLeTd-g5AKvCoPT5w,chandler-arizona
https://www.ubereats.com/phoenix/food-delivery/dairy-queen-treat-541-e-southern-ave/6n__qN-2RnSyF_8OSMevxg,chandler-arizona
https://www.ubereats.com/phoenix/food-delivery/culture-clash-greek-yogurt/MDpxgAuFR8Si2gQR0C6RoA,chandler-arizona
https://www.ubereats.com/phoenix/food-delivery/jack-in-the-box-4250-s-arizona-ave/TrlNgXw6TLmrUGWWtcx19Q,chandler-arizona
https://www.ubereats.com/phoenix/food-delivery/the-ice-cream-shop/s9HJVYdmSLeQjBH-SRGXaA,chandler-arizona
https://www.ubereats.com/phoenix/food-delivery/dennys-3971-south-gilbert-rd/E-Th4p5dSZqi8LCnYU4Kew,chandler-arizona
https://www.ubereats.com/phoenix/food-delivery/com-tam-thuan-kieu/WnWY_r02TpasGqjHLWn4vg,chandler-arizona
