url,city
https://www.ubereats.com/phoenix/food-delivery/the-ice-cream-shop/8lvxL3LAQp2e4q_fGwptMA,litchfield-park-arizona
https://www.ubereats.com/phoenix/food-delivery/subway-8877-n-107th-ave-%23308/d00aEiAGQSC5tW8EwD-M3w,litchfield-park-arizona
https://www.ubereats.com/phoenix/food-delivery/pita-palms/rkibAb5_TwOKOr5bczRBVg,litchfield-park-arizona
https://www.ubereats.com/phoenix/food-delivery/sipping-sisters-cafe/FO60ntKLQUK1E1-9MYgJ1Q,litchfield-park-arizona
https://www.ubereats.com/phoenix/food-delivery/amaja-raspados/evIXRROrTvOwOFr7XV12Cw,litchfield-park-arizona
https://www.ubereats.com/phoenix/food-delivery/pei-wei-14155-w-bell-rd-suite-113/jWoxXJYkTDq29SNXkoycTA,litchfield-park-arizona
https://www.ubereats.com/phoenix/food-delivery/sugar-n-spice/QphIYaicTmWwirh8XNtvmw,litchfield-park-arizona
https://www.ubereats.com/phoenix/food-delivery/wienerschnitzel-9370-w-northern-ave/Re-UYMDgS66kHINTC_Pp5A,litchfield-park-arizona
https://www.ubereats.com/phoenix/food-delivery/popeyes-louisiana-kitchen-9915-west-lower-buckeye-road/QrsHbzbURyKYha-9h0D8Pw,litchfield-park-arizona
https://www.ubereats.com/phoenix/food-delivery/koibito-poke-park-west/_wFDWbziQli5D1bsIw3sHw,litchfield-park-arizona
https://www.ubereats.com/phoenix/food-delivery/subway-12958-w-indian-school-rd/vpPZZfecTuSm9yU9-kSHoA,litchfield-park-arizona
https://www.ubereats.com/phoenix/food-delivery/arbys-8282-west-camelback-road/AMIB7inwTWaimihMD6bEMA,litchfield-park-arizona
https://www.ubereats.com/phoenix/food-delivery/taco-bell-9850-w-lower-buckeye-rd/vdLHpOdoQCGQVsHWZKjEPw,litchfield-park-arizona
https://www.ubereats.com/phoenix/food-delivery/salsitas-mexican-food/JUvVP8jPSJSCT2NBPZBrcg,litchfield-park-arizona
https://www.ubereats.com/phoenix/food-delivery/pt-noodles-goodyear/fJjL2l-dQV2hzDubivOtYw,litchfield-park-arizona
https://www.ubereats.com/phoenix/food-delivery/flemings-prime-steakhouse-%26-wine-bar-peoria/dicNPYTVSUGORMaYH_UTbA,litchfield-park-arizona
https://www.ubereats.com/phoenix/food-delivery/chipotle-mexican-grill-9410-w-hanna-ln-ste-a101/hdrIozlQS9-yVOi5raQY3A,litchfield-park-arizona
https://www.ubereats.com/phoenix/food-delivery/kahu-hawaiian-bbq/zwswuctJQc-xx8WfOS_TzQ,litchfield-park-arizona
https://www.ubereats.com/phoenix/food-delivery/senor-taco-goodyear/r8_TdPoHQZCWknbgK1lxXw,litchfield-park-arizona
https://www.ubereats.com/phoenix/food-delivery/carls-jr-1083-s-cotton-lane/LLrz5XuuQT-wTVIwLtX7UQ,litchfield-park-arizona
https://www.ubereats.com/phoenix/food-delivery/mcfaddens-restaurant-%26-saloon/8nS4WRDPTNSY11kHvRRa2Q,litchfield-park-arizona
https://www.ubereats.com/phoenix/food-delivery/barbeque-barrel/6jKN5yUmSeyTbPpeDQeYpA,litchfield-park-arizona
https://www.ubereats.com/phoenix/food-delivery/taco-redempcion/RPEyFNmYTRioSkj-K1LxZg,litchfield-park-arizona
https://www.ubereats.com/phoenix/food-delivery/burger-king-16364-w-yuma-rd/VT8pgh7JRc-MKkfT9h3oeA,litchfield-park-arizona
https://www.ubereats.com/phoenix/food-delivery/bjs-restaurant-%26-brewhouse-9748-west-northern-ave/KxIvZgytSPWie06BWU6xvg,litchfield-park-arizona
https://www.ubereats.com/phoenix/food-delivery/chipotle-mexican-grill-1560-n-litchfield-rd/DcDAeQinQICtn1Ve4B-74A,litchfield-park-arizona
https://www.ubereats.com/phoenix/food-delivery/tom-yum-thai-restaurant/Kpl401HpQdGc1QHKcN5ADQ,litchfield-park-arizona
https://www.ubereats.com/phoenix/food-delivery/taco-bell-7449-w-indian-school-rd/lvS4FbtlQhqN2k_qZQjbDA,litchfield-park-arizona
https://www.ubereats.com/phoenix/food-delivery/ground-control-litchfield-park/fLSn6zPYRumf3QmK9gqhiQ,litchfield-park-arizona
https://www.ubereats.com/phoenix/food-delivery/la-pasadita-hot-dogs-107-ave-%26-indian-school/crpSFb-ERmC2QYMrkLCJfw,litchfield-park-arizona
https://www.ubereats.com/phoenix/food-delivery/jamba-juice-15479-w-mcdowell-rd-%23103/cvMV4oOPTMupYXnnqaH8NQ,litchfield-park-arizona
https://www.ubereats.com/phoenix/food-delivery/johnny-rockets-91st-ave-%26-glendale/fVBU7jZrRsqAHEjeHEE4ag,litchfield-park-arizona
https://www.ubereats.com/phoenix/food-delivery/taco-head/JBZWyikuRzyhMAArOQmULA,litchfield-park-arizona
https://www.ubereats.com/phoenix/food-delivery/buffalo-wild-wings-13882-w-bell-rd/CnIMjKUvQ0WhCQWJMxJXOQ,litchfield-park-arizona
https://www.ubereats.com/phoenix/food-delivery/jamburritos-cajun-grille-express/UQAO1BaSSzS9sScSCuVBvw,litchfield-park-arizona
https://www.ubereats.com/phoenix/food-delivery/la-carreta-de-lily/87mSvW09Rpq_7U6W549Mxg,litchfield-park-arizona
https://www.ubereats.com/phoenix/food-delivery/china-red-cafe/jAtt1VRcSCGlox1LscR9Cg,litchfield-park-arizona
https://www.ubereats.com/phoenix/food-delivery/federicos-mexican-food-nw-grand-ave/PAzIaeMKQeadtks5qaEFDQ,litchfield-park-arizona
https://www.ubereats.com/phoenix/food-delivery/song-lynn-vietnamese-cuisine/OVDOT_HQTDKuYMzcGIGdEw,litchfield-park-arizona
https://www.ubereats.com/phoenix/food-delivery/lins-grand-buffet-mcdowell-rd/OERrwJDlQva7tAYH-1-53A,litchfield-park-arizona
https://www.ubereats.com/phoenix/food-delivery/mcdonalds-mcdowell-%26-litchfield/jLV528zTSqCMtjwgzpektA,litchfield-park-arizona
https://www.ubereats.com/phoenix/food-delivery/burger-king-394-n-litchfield-road/DKCdXbX_Ty6bHlyV-kN7og,litchfield-park-arizona
https://www.ubereats.com/phoenix/food-delivery/ihop-bell-%26-litchfield/YOa8iEATRPmYxao9b5p3tA,litchfield-park-arizona
https://www.ubereats.com/phoenix/food-delivery/tacos-tijuana/8eS5lHZJR4ahNmke_D8ErQ,litchfield-park-arizona
https://www.ubereats.com/phoenix/food-delivery/la-tortilla-spot-factory-%26-grill/NcUAvF-eQTKlHKpxEBTJJg,litchfield-park-arizona
https://www.ubereats.com/phoenix/food-delivery/churroholic-peoria/DccDK8a0QZW00tv4xAUUFA,litchfield-park-arizona
https://www.ubereats.com/phoenix/food-delivery/dennys-8737-nw-grand-ave/ZHPrtcmSQTSGYLKWZLuYFA,litchfield-park-arizona
https://www.ubereats.com/phoenix/food-delivery/az-taste-buds/v65XA7QnTa2VA1i6XrFiBQ,litchfield-park-arizona
https://www.ubereats.com/phoenix/food-delivery/rubios-15479-w-mcdowell-rd/MM8y66z4RgWCYlysg3h47w,litchfield-park-arizona
https://www.ubereats.com/phoenix/food-delivery/mucho-burrito-14345-w-bell-rd/HnQwgOzgRhaBMB5mw9_TUg,litchfield-park-arizona
https://www.ubereats.com/phoenix/food-delivery/tropical-smoothie-cafe-palm-valley-cornerstone/ZkU1KYEeRyKCjNA8SXsVgg,litchfield-park-arizona
https://www.ubereats.com/phoenix/food-delivery/jamba-juice-13732-w-bell-rd-ste-6/oc3kNIqYTzufY9nxO5Acmg,litchfield-park-arizona
https://www.ubereats.com/phoenix/food-delivery/red-robin-525-14551-w-mcdowell-rd/q41DfdYvSRCuYuuRiN-YvQ,litchfield-park-arizona
https://www.ubereats.com/phoenix/food-delivery/taco-bell-9380-w-northern-avenue/jUJviSeOSzKaZvTAXqIKmg,litchfield-park-arizona
https://www.ubereats.com/phoenix/food-delivery/jack-in-the-box-10307-west-mcdowell-rd/JXx2tZHqSUagWimvwWTtGw,litchfield-park-arizona
https://www.ubereats.com/phoenix/food-delivery/kfc-7634-w-indian-school-rd/9TAPR_C-QJ6we7p5OmGJPw,litchfield-park-arizona
https://www.ubereats.com/phoenix/food-delivery/subway-13954-w-waddell-rd-ste-15/bxxzLOkhTnqpi_xbXwPyXg,litchfield-park-arizona
https://www.ubereats.com/phoenix/food-delivery/sals-tuscan-grill/mD5XxzT3TBafFvPJ9mjDng,litchfield-park-arizona
https://www.ubereats.com/phoenix/food-delivery/the-ice-cream-shop/o6Elps6URPC8137KSNki0A,litchfield-park-arizona
https://www.ubereats.com/phoenix/food-delivery/macayos-mexican-food-goodyear/Xrn3AmQZSi-pMhpb-FrntA,litchfield-park-arizona
https://www.ubereats.com/phoenix/food-delivery/taco-bell-13752-w-waddell-road/Hp2_qh2PTlOhFZNtlZDOQQ,litchfield-park-arizona
https://www.ubereats.com/phoenix/food-delivery/rosatis-gluten-free-pizza/1va7AngDQCOPg9jWhtRXOw,litchfield-park-arizona
https://www.ubereats.com/phoenix/food-delivery/fired-pie-rancho-santa-fe-%26-dysart/h9Wjncq-Ru2tfiyvQZOpLg,litchfield-park-arizona
https://www.ubereats.com/phoenix/food-delivery/dairy-queen-grill-%26-chill-13365-w-mcdowell-rd/0FXOvlTFS3WGxy7YWw8ARw,litchfield-park-arizona
https://www.ubereats.com/phoenix/food-delivery/sonic-9552-w-van-buren-avenue/ExCl7PbJQtCBb8bb9NcBHw,litchfield-park-arizona
https://www.ubereats.com/phoenix/food-delivery/authenticos-mesquite-grille/NQA-QpyZTwKFus7ScOmPFA,litchfield-park-arizona
https://www.ubereats.com/phoenix/food-delivery/jack-in-the-box-16900-w-yuma-rd/MlJvOHEIQzaczs0Kc9cpBQ,litchfield-park-arizona
https://www.ubereats.com/phoenix/food-delivery/del-taco-1483-n-dysart-rd/UrrLu0FKQRGR8R4z5epjZg,litchfield-park-arizona
https://www.ubereats.com/phoenix/food-delivery/buffalo-wild-wings-13311-w-mcdowell-rd/JwBjcrbsSUqJunkfouL0rg,litchfield-park-arizona
https://www.ubereats.com/phoenix/food-delivery/arbys-13607-camino-del-sol/N4f80LvfTh2bFuKrAwlEcw,litchfield-park-arizona
https://www.ubereats.com/phoenix/food-delivery/portillos-hot-dogs-10331-w-mcdowell-rd/ST61nk3IRL2oTH_k9JILIA,litchfield-park-arizona
https://www.ubereats.com/phoenix/food-delivery/yayas-mexican-bar-grill/OEkQ-29iQ9-O8u-BbHK3Ag,litchfield-park-arizona
https://www.ubereats.com/phoenix/food-delivery/the-ice-cream-shop/CoBW1hPmT96VgMYNyrCZZw,litchfield-park-arizona
https://www.ubereats.com/phoenix/food-delivery/papa-johns-pizza-2403-n-pebble-creek/ZMBGUCkYRNqY2Nya8zze6Q,litchfield-park-arizona
https://www.ubereats.com/phoenix/food-delivery/federicos-mexican-food-n-dysart-rd/YF_j7rlbTaGgr6Q8Va-WIQ,litchfield-park-arizona
https://www.ubereats.com/phoenix/food-delivery/reds-bar-and-grill/w0jMnmE1SLWtX8kDmqUK3Q,litchfield-park-arizona
https://www.ubereats.com/phoenix/food-delivery/tokyo-joes-10285-w-mcdowell-rd-suite-102/-zml39T-SAezBhdU3r1R7Q,litchfield-park-arizona
https://www.ubereats.com/phoenix/food-delivery/the-buffalo-spot-tolleson/ssmA-v3GQK-2RoMDqnZ4Dg,litchfield-park-arizona
https://www.ubereats.com/phoenix/food-delivery/subway-1380-n-litchfield-rd/fo4nPrhLT5OHYZ8hnT2XCw,litchfield-park-arizona
https://www.ubereats.com/phoenix/food-delivery/aguilas-hidaway/EjXNiqlOTnqSEZsX1Ha0Zg,litchfield-park-arizona
https://www.ubereats.com/phoenix/food-delivery/mama-ginas-pizzeria/jb5SsP-ZQa6-wZEBBfB5qg,litchfield-park-arizona
https://www.ubereats.com/phoenix/food-delivery/jack-in-the-box-15333-w-waddell-rd/6Kj7rBKqQte3RCrf5J4N7A,litchfield-park-arizona
https://www.ubereats.com/phoenix/food-delivery/eribertos-mexican-food/BfxSgIVQQTSyElmkGwbO-Q,litchfield-park-arizona
https://www.ubereats.com/phoenix/food-delivery/carrabbas-14043-w-bell-rd/PT3eRLd9QeWe_jIYu4_HzQ,litchfield-park-arizona
https://www.ubereats.com/phoenix/food-delivery/el-pollo-loco-13233-w-mcdowell-rd3854/cpJyfT7hQxSDa7DILKyQrA,litchfield-park-arizona
https://www.ubereats.com/phoenix/food-delivery/taco-bell-251-north-litchfield-road/TTZJiRRLRzuEYGgmlW0M1g,litchfield-park-arizona
https://www.ubereats.com/phoenix/food-delivery/churchs-chicken-13554-w-van-buren-street/vSdShc3tRryEMk4KZitRSg,litchfield-park-arizona
https://www.ubereats.com/phoenix/food-delivery/carrabbas-9920-w-mcdowell-rd/Ej2nXGZoS-6Uty3knorYtQ,litchfield-park-arizona
https://www.ubereats.com/phoenix/food-delivery/ahipoki-bowl-avondale/xpSLxrZ8Ra60g9Kf4nuxvw,litchfield-park-arizona
https://www.ubereats.com/phoenix/food-delivery/starbucks-5104-n-dysart-rd/WYKonQQ3Rh2hz8yX416phw,litchfield-park-arizona
https://www.ubereats.com/phoenix/food-delivery/the-lola/wDsW2U9vQFOudGaJjUkjbg,litchfield-park-arizona
https://www.ubereats.com/phoenix/food-delivery/mcdonalds-indian-school-%26-dysart/gOAWN1IfSj6Fmn7rL0yEhQ,litchfield-park-arizona
https://www.ubereats.com/phoenix/food-delivery/dinos-greek-and-italian-grill/srmpZ1usQ3q6FyX8TvzGpA,litchfield-park-arizona
https://www.ubereats.com/phoenix/food-delivery/firehouse-subs-5122-n-dysart-rd-ste-100/yoYAXh6pQNifnc1Rp_-hMQ,litchfield-park-arizona
https://www.ubereats.com/phoenix/food-delivery/krispy-kreme-dysart-%26-i-10/2_aB37NhT16bXbL1UgpBnA,litchfield-park-arizona
https://www.ubereats.com/phoenix/food-delivery/babbo-italian-eatery/YRxuvBPvSeiXCCNzJvGXUQ,litchfield-park-arizona
https://www.ubereats.com/phoenix/food-delivery/subway-11435-w-buckeye-rd/sAZIFgEpRoGAFWxziyBQ8A,litchfield-park-arizona
https://www.ubereats.com/phoenix/food-delivery/panda-express-van-buren-%26-avondale/Pm1LdO4FQ6eaAnsxcLHj3g,litchfield-park-arizona
https://www.ubereats.com/phoenix/food-delivery/amaja-raspados/1Q-8l2yzRGe7vhppKiMcVw,litchfield-park-arizona
https://www.ubereats.com/phoenix/food-delivery/village-inn-2700-north-litchfield-road/1icGXQhCT_aoWw8IjrTNsA,litchfield-park-arizona
https://www.ubereats.com/phoenix/food-delivery/tortas-ahogadas-george/Jq6f2rGCR7SvHLt2Ln6gbg,litchfield-park-arizona
https://www.ubereats.com/phoenix/food-delivery/maskadores-taco-shop/RdO_qamqTMSJEbN-Sr3mIw,litchfield-park-arizona
https://www.ubereats.com/phoenix/food-delivery/the-halal-guys-avondale/I3jBmgTISRy0n-7p1b84AQ,litchfield-park-arizona
https://www.ubereats.com/phoenix/food-delivery/streets-of-new-york-13736-w-bell-rd/N3p1enYmTy2togWgeHhxkA,litchfield-park-arizona
https://www.ubereats.com/phoenix/food-delivery/manna-bbq-westgate/TN7SulLTSxmZhu5Un5fJ8A,litchfield-park-arizona
https://www.ubereats.com/phoenix/food-delivery/unos-tacos/VvgZh2KYTS6eZu6wtn7lMQ,litchfield-park-arizona
https://www.ubereats.com/phoenix/food-delivery/federicos-mexican-food/a4N3l5t9S7-b5nJsIG2eOw,litchfield-park-arizona
https://www.ubereats.com/phoenix/food-delivery/pt-noodles-avondale/jeFoOEVUTsqPvqMHZ2SHMw,litchfield-park-arizona
https://www.ubereats.com/phoenix/food-delivery/jersey-mikes-subs-9455-w-glendale-ave/GOc5q3EJRaqFubt6Y3x0Wg,litchfield-park-arizona
https://www.ubereats.com/phoenix/food-delivery/dairy-queen-grill-%26-chill-8889-w-peoria-ave/rJwHApGkSQaamv93CVFfZw,litchfield-park-arizona
https://www.ubereats.com/phoenix/food-delivery/colados-coffee-and-crepes/nTcCTb7-QEmRe2PhUHXXSQ,litchfield-park-arizona
https://www.ubereats.com/phoenix/food-delivery/applebees-13756-w-bell-road/PZ18r_zMSaOWJh_qaSQ9_A,litchfield-park-arizona
https://www.ubereats.com/phoenix/food-delivery/antojos-your-way/du6nZ0G3QWyi5yaym89hyg,litchfield-park-arizona
https://www.ubereats.com/phoenix/food-delivery/arbys-442-n-litchfield-road/_rIQsIV6Tk2tgVia54qdjw,litchfield-park-arizona
https://www.ubereats.com/phoenix/food-delivery/five-guys-az-0569-13714-west-bell-rd/_NYB9h8DT_2xc96zkG32gA,litchfield-park-arizona
https://www.ubereats.com/phoenix/food-delivery/outback-steakhouse-14225-west-grand-avenue/WsLGmNA8Qea8EKP3z0vyHA,litchfield-park-arizona
https://www.ubereats.com/phoenix/food-delivery/the-cake-art-studio/iulDmzbcSw2Ucmh6xnIsmA,litchfield-park-arizona
https://www.ubereats.com/phoenix/food-delivery/pita-kitchen-avondale/3p4BFttwQ7yTraMeK5G-mA,litchfield-park-arizona
https://www.ubereats.com/phoenix/food-delivery/mcdonalds-107th-ave-%26-indian-school/m6hUN1xyTAC2HhW18xTAWQ,litchfield-park-arizona
https://www.ubereats.com/phoenix/food-delivery/under-review-pizza-%26-wings/vIeCWbODRsWfOlOFEDbmYA,litchfield-park-arizona
https://www.ubereats.com/phoenix/food-delivery/dapper-%26-stout-coffee-company/bnpOl0isQhO4Y_uZTcY3CA,litchfield-park-arizona
https://www.ubereats.com/phoenix/food-delivery/dairy-queen-grill-%26-chill-10799-grand-ave/7aQqdxFiSQCeKQHCByWalw,litchfield-park-arizona
https://www.ubereats.com/phoenix/food-delivery/destination-france/Z5jnvTIITzKAnHjZg8sMHQ,litchfield-park-arizona
https://www.ubereats.com/phoenix/food-delivery/jack-in-the-box-250-n-avondale/AEM0NXxpQRqd_O7tbCndLw,litchfield-park-arizona
https://www.ubereats.com/phoenix/food-delivery/bella-luna/JA4PRQPVSa-USacwWto7BQ,litchfield-park-arizona
https://www.ubereats.com/phoenix/food-delivery/jack-in-the-box-9050-w-thomas-rd/-qKg6gpaTp-p47AFBoeM1g,litchfield-park-arizona
https://www.ubereats.com/phoenix/food-delivery/taco-bell-1560-n-verrado-way/M5nGtsG9TkOxR9GO-tX-9g,litchfield-park-arizona
https://www.ubereats.com/phoenix/food-delivery/mcdonalds-litchfield-%26-waddell/ODDNM50QRhugGJ14MoMY0g,litchfield-park-arizona
https://www.ubereats.com/phoenix/food-delivery/jersey-mikes-14071-west-bell-road/fzhw60-QTieFiGoO2QyVJg,litchfield-park-arizona
https://www.ubereats.com/phoenix/food-delivery/starbucks-11435-w-buckeye-rd/sfPslIg6R_WXFDC7GwmqoQ,litchfield-park-arizona
https://www.ubereats.com/phoenix/food-delivery/tokyo-joes-14345-w-bell-rd-ste-106/Po6QWJMRQnaTEMhVQ7asvQ,litchfield-park-arizona
https://www.ubereats.com/phoenix/food-delivery/popeyes-louisiana-kitchen-6904-n-dysart-rd/YHJoObwxR-CEMUufvK0UQg,litchfield-park-arizona
https://www.ubereats.com/phoenix/food-delivery/la-carreta-de-lily/injLpiAtSp-xGuRQ-NztzQ,litchfield-park-arizona
https://www.ubereats.com/phoenix/food-delivery/la-pasadita-hot-dogs/hgbxbUFAQF-wEXRNys_ccw,litchfield-park-arizona
https://www.ubereats.com/phoenix/food-delivery/hot-dogs-la-yaquesita/hIATFZI0Rz61GD-cXBWM6g,litchfield-park-arizona
https://www.ubereats.com/phoenix/food-delivery/del-taco-9672-west-camelback-rd/A6PFS1KQTOahNEYE30Ii4A,litchfield-park-arizona
https://www.ubereats.com/phoenix/food-delivery/taco-bell-10711-w-indian-school-rd/3bqcY-2SSmSLBr_zEglaTg,litchfield-park-arizona
https://www.ubereats.com/phoenix/food-delivery/vogue-bistro/LkpAjOCCTEuRSuzQHqlaxQ,litchfield-park-arizona
https://www.ubereats.com/phoenix/food-delivery/shanes-rib-shack-9404-west-westgate-blvd/8mXHul3zTTyAwuwzV_nNDg,litchfield-park-arizona
https://www.ubereats.com/phoenix/food-delivery/chipotle-mexican-grill-9925-w-mcdowell-rd-ste-101/Rpxer8GFQHaZUjq7e4GpuA,litchfield-park-arizona
https://www.ubereats.com/phoenix/food-delivery/taco-bell-11325-w-buckeye-road/NtWP-kgRQe6uHg0Ecsyj8w,litchfield-park-arizona
https://www.ubereats.com/phoenix/food-delivery/jersey-mikes-10321-west-mcdowell-rd/d4OH-kkyTe68bFGli-E-fA,litchfield-park-arizona
https://www.ubereats.com/phoenix/food-delivery/starbucks-1375-n-litchfield-rd/dzNU8tEJRXCEdtixmykjOA,litchfield-park-arizona
https://www.ubereats.com/phoenix/food-delivery/fractured-prune-doughnuts-91st-ave-%26-glendale/umBkr2n3S5y7vZ6wyvKinw,litchfield-park-arizona
https://www.ubereats.com/phoenix/food-delivery/carters-cookin-%26-smokin-barq/hGqABSF0SrGbh1WdrS1wqw,litchfield-park-arizona
https://www.ubereats.com/phoenix/food-delivery/bosa-donuts-glendale-%26-litchfield/XVIOzWfNQbuUzUl2W9GDYA,litchfield-park-arizona
https://www.ubereats.com/phoenix/food-delivery/five-guys-az-0588-1507-n-litchfield-rd/Ika40p6oTLanzBqNSMJ_kg,litchfield-park-arizona
https://www.ubereats.com/phoenix/food-delivery/dennys-camelback-%26-99th-ave/DOh6SFKSS9uwMs-XKrPgBA,litchfield-park-arizona
https://www.ubereats.com/phoenix/food-delivery/rubys-food-truck/mM4C4IocQ9SpDjVdE3N_uA,litchfield-park-arizona
https://www.ubereats.com/phoenix/food-delivery/bibianos-mexican-restaurant/Uod24miTRp-OryLrpENwhw,litchfield-park-arizona
https://www.ubereats.com/phoenix/food-delivery/carls-jr-6706-n-95th-ave/oV0cq718RQWA9TY3bmiLpg,litchfield-park-arizona
https://www.ubereats.com/phoenix/food-delivery/menchies-frozen-yogurt-9925-w-mcdowell-rd/DnjJzg4rT5CSWqIxRDWFyA,litchfield-park-arizona
https://www.ubereats.com/phoenix/food-delivery/taco-bell-6901-north-litchfield-road/mnlTcKhpTke9wJuF8OENYg,litchfield-park-arizona
https://www.ubereats.com/phoenix/food-delivery/panda-express-dysart-%26-mcdowell/ZMCigudbR6SdcroXrII8qw,litchfield-park-arizona
https://www.ubereats.com/phoenix/food-delivery/pt-pho-express-s-83rd/mJY7nCuUT6GJYkgoasBoew,litchfield-park-arizona
https://www.ubereats.com/phoenix/food-delivery/burger-king-9920-w-van-buren/rQHGhA01ReumYYHXy_-BMg,litchfield-park-arizona
https://www.ubereats.com/phoenix/food-delivery/yogis-grill-teriyaki-%26-roll-mcdowell-%26-103rd-ave/Jq0RKaOJQ2q9pcxjWjFhUg,litchfield-park-arizona
https://www.ubereats.com/phoenix/food-delivery/rosatis-pizza-dysart-%26-mcdowell/5iLVPHHcQoiol6_mixxVmg,litchfield-park-arizona
https://www.ubereats.com/phoenix/food-delivery/applebees-2651-n-75th-ave/Kvj_XUBbTeixePuDM5jpCw,litchfield-park-arizona
https://www.ubereats.com/phoenix/food-delivery/village-inn-9490-west-northern-avenue/UB1lTbvVQCKjykXXLQXdOQ,litchfield-park-arizona
https://www.ubereats.com/phoenix/food-delivery/subway-10685-w-indian-school-rd/D2RdBONYR-ax9Ndm0zvovA,litchfield-park-arizona
https://www.ubereats.com/phoenix/food-delivery/tortas-paquime-indian-school-%26-westwind/_Q0NZi2ETRGHDy3ieZ2Nig,litchfield-park-arizona
https://www.ubereats.com/phoenix/food-delivery/jamba-juice-2837-n-75th-ave-ste-f-4/Pc8HAVcFTjO8q1_xV0yUtQ,litchfield-park-arizona
https://www.ubereats.com/phoenix/food-delivery/black-bear-diner-980-n-dysart-road/rpRRdWt6S1-DSFY-Fe47fg,litchfield-park-arizona
https://www.ubereats.com/phoenix/food-delivery/mandys-fish-%26-chips-central-%26-loma-linda/Nr2mFZhbSvatmagMSUjToA,litchfield-park-arizona
https://www.ubereats.com/phoenix/food-delivery/jack-in-the-box-11101-nw-grand-ave/vX-scmjNSPS5AXDrQH5lmQ,litchfield-park-arizona
https://www.ubereats.com/phoenix/food-delivery/orange-leaf-frozen-yogurt-21084-w-main-st-suite-102/AChrz7aCSCyQ3ATZdGdCaQ,litchfield-park-arizona
https://www.ubereats.com/phoenix/food-delivery/mcdonalds-dysart-%26-i-10/CmD_mEGdR7eQRPktHzss1A,litchfield-park-arizona
https://www.ubereats.com/phoenix/food-delivery/ihop-10603-w-olive-ave/nTwLGgYQSNyklhlNjMyEuw,litchfield-park-arizona
https://www.ubereats.com/phoenix/food-delivery/the-pasta-factory/2q4JykqcQeG2YFt3pUHxCw,litchfield-park-arizona
https://www.ubereats.com/phoenix/food-delivery/red-lobster-13709-west-bell-road/Jcf7qD8WRqG1tSsLupgcQQ,litchfield-park-arizona
https://www.ubereats.com/phoenix/food-delivery/dickeys-bbq-pit-lower-buckeye-%26-99th-ave/mPlJTuX4Rb-PKyrlsbe8QQ,litchfield-park-arizona
https://www.ubereats.com/phoenix/food-delivery/az-taste-buds-litchfield/UpkeBX_VQcmhTcoa3MnOrA,litchfield-park-arizona
https://www.ubereats.com/phoenix/food-delivery/wildflower-1380-n-litchfield-rd/XMUqwub7RBO4A8sSorLqtQ,litchfield-park-arizona
https://www.ubereats.com/phoenix/food-delivery/wow-wow-hawaiian-lemonade-westgate/CJDVEfTxSiK70It7qYtrSQ,litchfield-park-arizona
https://www.ubereats.com/phoenix/food-delivery/glendale-sala-thai-restaurant/3UR1afWlQTO22y3R80Po9g,litchfield-park-arizona
https://www.ubereats.com/phoenix/food-delivery/black-rock-coffee-3015-dysart-rd-avondale-az-85392/KO9vK7adRaeTaCCdldci7g,litchfield-park-arizona
https://www.ubereats.com/phoenix/food-delivery/state-48-brewery-suprise/2B40mv3MT36K-2feHJakTg,litchfield-park-arizona
https://www.ubereats.com/phoenix/food-delivery/taco-bell-1529-n-dysart-rd/2jslL09LT1mGsYeLT3h5pg,litchfield-park-arizona
https://www.ubereats.com/phoenix/food-delivery/wendys-9905-w-camelback-rd/h_c90MOWRvq2vQDa0STfog,litchfield-park-arizona
https://www.ubereats.com/phoenix/food-delivery/taco-bell-9940-w-mcdowell-rd/PvyEfrTHSo2e3cb-9Th7Ag,litchfield-park-arizona
https://www.ubereats.com/phoenix/food-delivery/cracker-barrel-old-country-store-9312-w-glendale-ave/AIdenOChStyzfCYMh7epbQ,litchfield-park-arizona
https://www.ubereats.com/phoenix/food-delivery/filibertos-mexican-food-avondale/Aw_8UpI-RK-5BFMl19GNvQ,litchfield-park-arizona
https://www.ubereats.com/phoenix/food-delivery/gyros-and-more/SgaRgCRVTlmJXD6TqOpoCw,litchfield-park-arizona
https://www.ubereats.com/phoenix/food-delivery/dickeys-bbq-pit-10005-w-mcdowell-rd/Z35HkBFAQg-AgxxPdlZPWw,litchfield-park-arizona
https://www.ubereats.com/phoenix/food-delivery/jack-in-the-box-13088-w-rancho-santa-fe-blvd/nrzpXg0ZSoG0xRCiAMeAUw,litchfield-park-arizona
https://www.ubereats.com/phoenix/food-delivery/marcos-pizza-15530-w-roosevelt-st-suite-d104/YgTOh2TCTJmzcHRzFq2BFw,litchfield-park-arizona
https://www.ubereats.com/phoenix/food-delivery/bar-louie-westgate/S7M6JSQIQTmrLVvvVUBWBg,litchfield-park-arizona
https://www.ubereats.com/phoenix/food-delivery/papa-johns-8987-w-olive/8oL2dYnOSyeNNOY3ERRgkg,litchfield-park-arizona
https://www.ubereats.com/phoenix/food-delivery/edible-arrangements-1729-north-dysart-road-suite-b104/v9rX7WpqSBGXo93Ut1iHRg,litchfield-park-arizona
https://www.ubereats.com/phoenix/food-delivery/chipotle-mexican-grill-13869-w-bell-rd-ste-107/hLDGV54YRCein2TpBezPiA,litchfield-park-arizona
https://www.ubereats.com/phoenix/food-delivery/pieology-pizzeria-14345-w-bell-rd-ste-100/fv_7JiWRQSumEMVK0HK77g,litchfield-park-arizona
https://www.ubereats.com/phoenix/food-delivery/native-grill-%26-wings-waddell-%26-litchfield/1qhS7dHeQVyesYhA5hfQwA,litchfield-park-arizona
https://www.ubereats.com/phoenix/food-delivery/panda-express-waddell-%26-303/A-c5qJB3SD6_mwGMSieGMA,litchfield-park-arizona
https://www.ubereats.com/phoenix/food-delivery/casa-de-plata/yojNGXzURi2RtuLfftqVxA,litchfield-park-arizona
https://www.ubereats.com/phoenix/food-delivery/99-pub-and-grill/ZwzkFv3yRamNBf8qOK8Nww,litchfield-park-arizona
https://www.ubereats.com/phoenix/food-delivery/native-grill-%26-wings-95th-ave-%26-cabela/2l6p_GNyRUOcHqVQpFjeaw,litchfield-park-arizona
https://www.ubereats.com/phoenix/food-delivery/mod-pizza-goodyear/U-8mmz-wS-656il465ZILA,litchfield-park-arizona
https://www.ubereats.com/phoenix/food-delivery/burger-king-9680-w-camelback-road/bUV1i8c_TbywvNHlIJ1lqg,litchfield-park-arizona
https://www.ubereats.com/phoenix/food-delivery/wendys-15389-w-cactus/2vQR_2jGTse3dDfumWfE5Q,litchfield-park-arizona
https://www.ubereats.com/phoenix/food-delivery/senor-taco-litchfield/tZqggLpbRnSv6iDoNrLelA,litchfield-park-arizona
https://www.ubereats.com/phoenix/food-delivery/sandwich-masterz/JywyZ8c4TK2ppqd6c7UkdA,litchfield-park-arizona
https://www.ubereats.com/phoenix/food-delivery/panera-1452-n-pebble-creek-pkwy/T24OaRecTAmDtVTOrSdzXw,litchfield-park-arizona
https://www.ubereats.com/phoenix/food-delivery/rolibertos-mexican-food-grand-%26-greenway/HH3cc8dJSqupM4D2G3sh0A,litchfield-park-arizona
https://www.ubereats.com/phoenix/food-delivery/ihop-1491-n-dysart-rd/D7XTwVYMScme3gzH7ipEhw,litchfield-park-arizona
https://www.ubereats.com/phoenix/food-delivery/edible-arrangements-8877-n-107th-ave-%23307/zsJjApChTjimrcMUMYvTsQ,litchfield-park-arizona
https://www.ubereats.com/phoenix/food-delivery/sonic-bell/yj0cFBW4Tx2BqUNY5sDN5g,litchfield-park-arizona
https://www.ubereats.com/phoenix/food-delivery/biscuits-cafe-surprise/SuzuABKqSwG5VRRhXwjpTw,litchfield-park-arizona
https://www.ubereats.com/phoenix/food-delivery/picossitos/0o2HNv53SHqz3jHgLlXTOA,litchfield-park-arizona
https://www.ubereats.com/phoenix/food-delivery/red-robin-125-10240-w-mcdowell-rd/Am6IP8o-QkSLdJ1_ZHXTkw,litchfield-park-arizona
https://www.ubereats.com/phoenix/food-delivery/sonic-10210-west-indian-school-road/OU24XJ8-R4KcbPP-hFsjnA,litchfield-park-arizona
https://www.ubereats.com/phoenix/food-delivery/filibertos-mexican-food-107th-ave-%26-indian-school/3qeOlTZrQYm9-mGKW48wJA,litchfield-park-arizona
https://www.ubereats.com/phoenix/food-delivery/carls-jr-13335-w-grand-ave/Fs7queO6SuCHRJpjC7mT3Q,litchfield-park-arizona
https://www.ubereats.com/phoenix/food-delivery/papa-murphys-15570-west-van-buren-street-suite-104/iEqtIvbcSAG9h5cDaKZJnw,litchfield-park-arizona
https://www.ubereats.com/phoenix/food-delivery/purple-elephant-cakes/DkcMmhfCRmyfczzXduZNjg,litchfield-park-arizona
https://www.ubereats.com/phoenix/food-delivery/starbucks-10585-w-indian-school-rd/Ou3pROU4S0qR626yLT91rQ,litchfield-park-arizona
https://www.ubereats.com/phoenix/food-delivery/peoria-cafe/E_xfrPfbRWSfjE6-0LEm-A,litchfield-park-arizona
https://www.ubereats.com/phoenix/food-delivery/peter-piper-pizza-12851-w-bell-rd/iYTHvLGDSb6B80mz7wKBZQ,litchfield-park-arizona
https://www.ubereats.com/phoenix/food-delivery/az-taste-buds-91st/0QpGSa-_TjybCr3qVSFEJQ,litchfield-park-arizona
https://www.ubereats.com/phoenix/food-delivery/mcdonalds-glendale-%26-83rd-ave/tThOIMVxSFOqIxU6kUIWGA,litchfield-park-arizona
https://www.ubereats.com/phoenix/food-delivery/claim-jumper-10125-w-mcdowell-rd/aSb_X1zrS1mqOpmM1vMkTg,litchfield-park-arizona
https://www.ubereats.com/phoenix/food-delivery/buffalo-wild-wings-9404-w-westgate-blvd/yeUSSEFvRY64oK3v190U6Q,litchfield-park-arizona
https://www.ubereats.com/phoenix/food-delivery/churchs-chicken-15697-n-reems-rd/sX8uVRlBTMqHZxADJuf2-g,litchfield-park-arizona
https://www.ubereats.com/phoenix/food-delivery/pita-jungle-park-west/5KV2TbUVRNy7ef5f0MwaSw,litchfield-park-arizona
https://www.ubereats.com/phoenix/food-delivery/mcdonalds-litchfield-%26-glendale/m2k1J-URRsuViBclrvfbUw,litchfield-park-arizona
https://www.ubereats.com/phoenix/food-delivery/akaihana-sushi-%26-grill/mmslnd_1T0mvC8BD0rrQWA,litchfield-park-arizona
https://www.ubereats.com/phoenix/food-delivery/motor-city-coney/_k04SGgtSx-HXCFLv41pdA,litchfield-park-arizona
https://www.ubereats.com/phoenix/food-delivery/papa-johns-pizza-16860-w-waddell-rd/p8TvfDX9QD-8O2jb8hVA8w,litchfield-park-arizona
https://www.ubereats.com/phoenix/food-delivery/firehouse-subs-9897-w-mcdowell-road/zmRj3b7sR-yxqBuadjRgRg,litchfield-park-arizona
https://www.ubereats.com/phoenix/food-delivery/tacos-y-mariscos-don-pancho/O0g3bBsyT6C0NRLfCox8gw,litchfield-park-arizona
https://www.ubereats.com/phoenix/food-delivery/jack-in-the-box-520-n-estrella-pkwy/pj4X9c3kQCaMm-ODtbLMwA,litchfield-park-arizona
https://www.ubereats.com/phoenix/food-delivery/kneaders-bakery-%26-cafe/l0_BRk3eSrqbvj1O6RNw0A,litchfield-park-arizona
https://www.ubereats.com/phoenix/food-delivery/burger-king-12337-w-camelback-rd/tl2Xpx8hTvOMymgsjtoBug,litchfield-park-arizona
https://www.ubereats.com/phoenix/food-delivery/jack-in-the-box-16760-w-bell-rd/buK9nGvZRuWaprO1UMKeTw,litchfield-park-arizona
https://www.ubereats.com/phoenix/food-delivery/peter-piper-pizza-10170-w-mcdowell-rd/6fRWp7YuS5md53ry_63XSg,litchfield-park-arizona
https://www.ubereats.com/phoenix/food-delivery/dickeys-bbq-pit-bell-%26-164th-ave/tFCbhorZRFGPJw83xf_QcA,litchfield-park-arizona
https://www.ubereats.com/phoenix/food-delivery/panda-express-estrella-%26-van-buren/MyxB4pkDQ8quUv53hCSNNg,litchfield-park-arizona
https://www.ubereats.com/phoenix/food-delivery/pieology-pizzeria-mcdowell-%26-99th-ave/TpimBvjzRcupzCxG6QmnOw,litchfield-park-arizona
https://www.ubereats.com/phoenix/food-delivery/dream-swirls-frozen-yogurt/lazwNTGQS2u13greccNgbw,litchfield-park-arizona
https://www.ubereats.com/phoenix/food-delivery/papa-johns-17150-w-elliot-rd/gSOK8dM-QDiZEgOZd9HgDg,litchfield-park-arizona
https://www.ubereats.com/phoenix/food-delivery/subway-525-n-estrella-pkwy/wphxeg1DRYaN1ULomulOzg,litchfield-park-arizona
https://www.ubereats.com/phoenix/food-delivery/popeyes-louisiana-kitchen-1860-north-pebble-creek-parkway/1_Si5Q0HTY63cXeLpuPQaw,litchfield-park-arizona
https://www.ubereats.com/phoenix/food-delivery/cinnabon-7611-w-thomas-rd/VBFPKQxxT2euJ9oGyYA4cg,litchfield-park-arizona
https://www.ubereats.com/phoenix/food-delivery/subway-960-south-sarival-ave/OO3vq7DaTeS1is2XoKlH9Q,litchfield-park-arizona
https://www.ubereats.com/phoenix/food-delivery/applebees-mcdowell-%26-litchfield/8CS54nXiRKenhYfQFIHDSw,litchfield-park-arizona
https://www.ubereats.com/phoenix/food-delivery/el-tri-mexican-food/-CDoLo53QPGwf4WuSBNgxQ,litchfield-park-arizona
https://www.ubereats.com/phoenix/food-delivery/taco-bell-1740-n-pebble-creek-pa/CMaujkERQ7apJeyTuEXQFQ,litchfield-park-arizona
https://www.ubereats.com/phoenix/food-delivery/panda-express-camelback-%26-101/aetID0Q5RBytm6v7CebKwg,litchfield-park-arizona
https://www.ubereats.com/phoenix/food-delivery/jack-in-the-box-13738-w-bell-road/kGUFaUEJQQimuoGZlBfhMA,litchfield-park-arizona
https://www.ubereats.com/phoenix/food-delivery/haldi-indian-cuisine-surprise/gS2OsUJhTBC6iWu1W9JAXA,litchfield-park-arizona
https://www.ubereats.com/phoenix/food-delivery/brothers-pizza-indian-school-%26-107th-ave/9g_Yp-WITQynzNZ2txtYQw,litchfield-park-arizona
https://www.ubereats.com/phoenix/food-delivery/sonic-10750-w-lower-buckeye-road/6NNOISwOR4-x3FaBp0dZmg,litchfield-park-arizona
https://www.ubereats.com/phoenix/food-delivery/jersey-mikes-subs-goodyear-1550-north-dysart-road/Ar6UZyIRQIGKShl8q1zkLQ,litchfield-park-arizona
https://www.ubereats.com/phoenix/food-delivery/subway-1453-n-dysart/y9y_kUEsQkmcArRTXUkx7Q,litchfield-park-arizona
https://www.ubereats.com/phoenix/food-delivery/the-ice-cream-shop/ZNjM4ma1Ry64fsx7v0gD7w,litchfield-park-arizona
https://www.ubereats.com/phoenix/food-delivery/cold-stone-creamery-9380-w-westgate-blvd/eRn_nBqOQYKShGG03VVRpg,litchfield-park-arizona
https://www.ubereats.com/phoenix/food-delivery/burger-king-11445-w-buckeye-rd/3LE9rqHgTqG5EuvMmS4QtA,litchfield-park-arizona
https://www.ubereats.com/phoenix/food-delivery/federicos-mexican-food/zwbKVdQ4T52-nD0npNWyTA,litchfield-park-arizona
https://www.ubereats.com/phoenix/food-delivery/love-hawaiian-bbq/bHqnmdLUQNGIocHXHmEGuQ,litchfield-park-arizona
https://www.ubereats.com/phoenix/food-delivery/pt-seafood-peoria/MXBB5jPBSUymgbcYUInl_w,litchfield-park-arizona
https://www.ubereats.com/phoenix/food-delivery/red-lobster-2810-north-75th-ave/ze5IPNpIQdmvUy-i76z_VA,litchfield-park-arizona
https://www.ubereats.com/phoenix/food-delivery/burger-king-13775-n-dysart-rd/pGSsHoIITZqpf18HWC_UfQ,litchfield-park-arizona
https://www.ubereats.com/phoenix/food-delivery/taco-bell-4850-n-99th-ave/38CFujfXS4iihTgImM4nAg,litchfield-park-arizona
https://www.ubereats.com/phoenix/food-delivery/caramba-mexican-food-westgate/MUBJFulBT7eN6Z5UTdcpeA,litchfield-park-arizona
https://www.ubereats.com/phoenix/food-delivery/red-lobster-15311-w-mcdowell-road/_sVg3MS4RUy2JLFsLIgvnA,litchfield-park-arizona
https://www.ubereats.com/phoenix/food-delivery/firehouse-subs-15525-w-roosevelt-st-ste-110/7_4Vs0k2Qp63HlNI-PVsfg,litchfield-park-arizona
https://www.ubereats.com/phoenix/food-delivery/papa-murphys-1809-north-dysart-road/mzzN7JeeRa6Xx66a6bLJkw,litchfield-park-arizona
https://www.ubereats.com/phoenix/food-delivery/tastea-glendale/6gxnqCt0S92--30_C-HFDQ,litchfield-park-arizona
https://www.ubereats.com/phoenix/food-delivery/federicos-mexican-food-olive-ave/FQCPKmhaS_6XqpYkqK4d8A,litchfield-park-arizona
https://www.ubereats.com/phoenix/food-delivery/dennys-1401-n-75th-ave/es8MOHkAREabJx3rIqMspw,litchfield-park-arizona
https://www.ubereats.com/phoenix/food-delivery/rubios-10321-w-mcdowell-rd/WcYfnowtRNKxAaZEiHSGKg,litchfield-park-arizona
https://www.ubereats.com/phoenix/food-delivery/federicos-mexican-food-cotton-greenway/CdHNSd2-TxOOoKEKrYs2jw,litchfield-park-arizona
https://www.ubereats.com/phoenix/food-delivery/schlotzskys-deli-litchfield-%26-van-buren/Oa-69gTtRQueIoBmlZLK2A,litchfield-park-arizona
https://www.ubereats.com/phoenix/food-delivery/subway-14175-w-indian-school-rd/j83_WYtTQVebpLOmSfJy9w,litchfield-park-arizona
https://www.ubereats.com/phoenix/food-delivery/mcdonalds-thomas-%26-91st-ave/tu3KrYIHSuyy2rzmr0puEw,litchfield-park-arizona
https://www.ubereats.com/phoenix/food-delivery/fresh-healthy-cafe/jnEQlDElSGyCos0WFfRjdQ,litchfield-park-arizona
https://www.ubereats.com/phoenix/food-delivery/starbucks-2815-n-91st-ave/GGPS2CEjRrGiENnJz4ku2A,litchfield-park-arizona
https://www.ubereats.com/phoenix/food-delivery/sonic-601-n-central/3rWpgh2JQ1atoFzmVPIbIA,litchfield-park-arizona
https://www.ubereats.com/phoenix/food-delivery/yogis-grill-estrella-pkwy/aQ_NBX0MSO61H9MshkTtJA,litchfield-park-arizona
https://www.ubereats.com/phoenix/food-delivery/panda-express-camelback-%26-litchfield/z9O7gvlGTK-p2BGXfxy-nQ,litchfield-park-arizona
https://www.ubereats.com/phoenix/food-delivery/pei-wei-1619-north-dysart-rd-suite-101/gM4943G6QIu7pCRyIiwQ7A,litchfield-park-arizona
https://www.ubereats.com/phoenix/food-delivery/sonic-13924-n-litchfield-rd/KbCaP_zRRfO3Y2oOZI5MKg,litchfield-park-arizona
https://www.ubereats.com/phoenix/food-delivery/applebees-9330-w-northern-ave/HY6ZotdURMer1URLNP2sTQ,litchfield-park-arizona
https://www.ubereats.com/phoenix/food-delivery/panda-express-northern-%26-91st-ave/cCUQPxx-S0mqeGL2s20TYg,litchfield-park-arizona
https://www.ubereats.com/phoenix/food-delivery/burger-king-15250-w-mcdowell-rd/mvdAiZXLQEu5GmoYY6ENbw,litchfield-park-arizona
https://www.ubereats.com/phoenix/food-delivery/don-lenchos-mexican-%26-seafood-restaurant/EZvRfayJQ4W2r4sR7g-hhg,litchfield-park-arizona
https://www.ubereats.com/phoenix/food-delivery/tropical-smoothie-cafe-the-boulevard-surprise-pointe/efNI3dLWRjivNTYLsfjetQ,litchfield-park-arizona
https://www.ubereats.com/phoenix/food-delivery/cold-stone-creamery-13681-n-litchfield-rd/TJUT1VfnQEG1MiyUZkKD2A,litchfield-park-arizona
https://www.ubereats.com/phoenix/food-delivery/nypd-pizza-n-dysart/rl_Qnva2RQOh5NqPiCuR4g,litchfield-park-arizona
https://www.ubereats.com/phoenix/food-delivery/tasty-street-tacos/Pr1zyx4uSNWUBtDfwNpM-g,litchfield-park-arizona
https://www.ubereats.com/phoenix/food-delivery/cracker-barrel-old-country-store-1209-n-litchfield-rd/36mspFzfQK21ohIR-pG0rg,litchfield-park-arizona
https://www.ubereats.com/phoenix/food-delivery/yogis-grill-litchfield-park/H5oa-NcsTyuVN93vxhXt6A,litchfield-park-arizona
https://www.ubereats.com/phoenix/food-delivery/jamba-juice-10110-w-mcdowell-rd-ste-120/xGVwe9L8Rt652RgTyL_zAw,litchfield-park-arizona
https://www.ubereats.com/phoenix/food-delivery/zetas-grill/w9rb5QVyRBW6BSwkn_nDeA,litchfield-park-arizona
https://www.ubereats.com/phoenix/food-delivery/baked-chemistry/x7BprKuXQJyjwNFxIaC9hw,litchfield-park-arizona
https://www.ubereats.com/phoenix/food-delivery/dairy-queen-grill-%26-chill-13623-w-camino-del-sol/GF-chRCUSGCV6qt2izvf-Q,litchfield-park-arizona
https://www.ubereats.com/phoenix/food-delivery/jack-in-the-box-13860-west-camelback-road/jFkmlltLTx2p2RthfYCThQ,litchfield-park-arizona
https://www.ubereats.com/phoenix/food-delivery/mi-cocina/4Eup39A8QIyzNZfFnbQgJQ,litchfield-park-arizona
https://www.ubereats.com/phoenix/food-delivery/wicked-city-kitchen/5VDVWEW2SQKIlXg3kloogg,litchfield-park-arizona
https://www.ubereats.com/phoenix/food-delivery/new-asian-star/WTgQRCFoTxCam0SbTir5Cw,litchfield-park-arizona
https://www.ubereats.com/phoenix/food-delivery/el-alboroto-mariscos-%26-chavelas/K-nUCCBnQya1AifN3pUdsw,litchfield-park-arizona
https://www.ubereats.com/phoenix/food-delivery/dickeys-bbq-pit-roosevelt-%26-estrella/QgMJC15OSRyhTVb_vqCFqA,litchfield-park-arizona
https://www.ubereats.com/phoenix/food-delivery/opa-life-greek-cafe-glendale-%26-91st-ave/UWng5Ma8TZeEYInLkA2QQA,litchfield-park-arizona
https://www.ubereats.com/phoenix/food-delivery/kfc-13006-w-indian-school-road/FhRFBwGMTc6lPEHvWz7W8w,litchfield-park-arizona
https://www.ubereats.com/phoenix/food-delivery/the-haymaker-restaurant-goodyear/pPFOrB_sS6u6Y6eZd78CTw,litchfield-park-arizona
https://www.ubereats.com/phoenix/food-delivery/papa-johns-pizza-944-s-watson/lm7o8lcDRRiehPQosp2z9A,litchfield-park-arizona
https://www.ubereats.com/phoenix/food-delivery/the-habit-burger-grill-10155-w-mcdowell-road/z-IfFXksSNOEfEDjmStKnw,litchfield-park-arizona
https://www.ubereats.com/phoenix/food-delivery/chef-ben/vvIdwCiQQM2dOXSJ24L1Jw,litchfield-park-arizona
https://www.ubereats.com/phoenix/food-delivery/del-taco-1901-pebble-creek-parkway/8mrQTQ4pQeG16H8FZbr80g,litchfield-park-arizona
https://www.ubereats.com/phoenix/food-delivery/carniceria-castillo-w-greenway/E7R-37xAQ-SMnqViW6-iSg,litchfield-park-arizona
https://www.ubereats.com/phoenix/food-delivery/starbucks-13840-w-camelback-rd/p8hIsQNzSjedAQzg3APgOw,litchfield-park-arizona
https://www.ubereats.com/phoenix/food-delivery/colados-coffee-%26-crepes/nTVUTvx0RRGovQLBsm5phw,litchfield-park-arizona
https://www.ubereats.com/phoenix/food-delivery/kfc-1470-n-8th-st/f8-HpwiDSoK7eg9DaIUa5w,litchfield-park-arizona
https://www.ubereats.com/phoenix/food-delivery/la-pasadita-hot-dogs-75-ave/ioziLA6gSymo1rpBpGiIbA,litchfield-park-arizona
https://www.ubereats.com/phoenix/food-delivery/panda-express-bell-%26-grand/5lzIJPzrTS6RYIpAeaK8Wg,litchfield-park-arizona
https://www.ubereats.com/phoenix/food-delivery/taco-bell-16950-yuma-road/TiKZamQRR8mUmVtY1qsVXg,litchfield-park-arizona
https://www.ubereats.com/phoenix/food-delivery/the-ice-cream-shop/PTsMjd5iSeWDuK7bOzWAjg,litchfield-park-arizona
https://www.ubereats.com/phoenix/food-delivery/taco-bell-16655-w-bell-road/xPs1YiBQR0eHdkITik_BBw,litchfield-park-arizona
https://www.ubereats.com/phoenix/food-delivery/low-key-piano-bar/WEQOIjenQ3iu7xA3D6vtpQ,litchfield-park-arizona
https://www.ubereats.com/phoenix/food-delivery/smashburger-9915-w-mcdowell-rd-ste-101/qLysy6BUS3OosxDGp-cP8g,litchfield-park-arizona
https://www.ubereats.com/phoenix/food-delivery/po-boys-grill-arizona/F0lwhhFFTHavYp2PWPEwnA,litchfield-park-arizona
https://www.ubereats.com/phoenix/food-delivery/burger-king-14719-w-cactus-rd/2dRCrajQTVSJMRsmK64jOA,litchfield-park-arizona
https://www.ubereats.com/phoenix/food-delivery/wingz-and-thingz/IEqATmXYStW7iJ9J5LuRKA,litchfield-park-arizona
https://www.ubereats.com/phoenix/food-delivery/dennys-16487-w-bell-rd/YRUtvhI7SyORyZmFhgvtXA,litchfield-park-arizona
https://www.ubereats.com/phoenix/food-delivery/sonic-13751-west-glendale-ave/iEk2M0uIRIuTeW8_VN_Gew,litchfield-park-arizona
https://www.ubereats.com/phoenix/food-delivery/hooters-75th-ave-%26-thomas/SPGvnXG4RweYty4F9jMSJA,litchfield-park-arizona
https://www.ubereats.com/phoenix/food-delivery/village-inn-10010-w-mcdowell-rd/O7flBaS5QkKm48ny2n9DlA,litchfield-park-arizona
https://www.ubereats.com/phoenix/food-delivery/rice-garden-dysart-%26-camelback/9WomxCM-QFWjQFAhX1XXxw,litchfield-park-arizona
https://www.ubereats.com/phoenix/food-delivery/og-quesarito/yX3lA9jxTY60b_Ewt89ZBQ,litchfield-park-arizona
https://www.ubereats.com/phoenix/food-delivery/burger-king-3490-north-litchfield-road/mgbCJQ14QhiKjZRZgjqmqA,litchfield-park-arizona
https://www.ubereats.com/phoenix/food-delivery/thai-gourmet-restaurant/jAWNHFXERKCRX8XkWFXEww,litchfield-park-arizona
https://www.ubereats.com/phoenix/food-delivery/la-bona-pasta-llc/3qySuLvOTEOgYVz60FIIkw,litchfield-park-arizona
https://www.ubereats.com/phoenix/food-delivery/dairy-queen-treat-3905-n-107th-ave/7KyHf7xHTsGamGFJ_8tGmA,litchfield-park-arizona
https://www.ubereats.com/phoenix/food-delivery/papa-johns-pizza-13370-w-van-buren/EdTRCDbwQiO7QaBpnhadwg,litchfield-park-arizona
https://www.ubereats.com/phoenix/food-delivery/wendys-1178-n-litchfield-rd/a_8W0r-pSOyGezmZ5uMLCA,litchfield-park-arizona
https://www.ubereats.com/phoenix/food-delivery/sonic-17181-w-greenway/lDW9ng_2TmaCrHd2j6HDdg,litchfield-park-arizona
https://www.ubereats.com/phoenix/food-delivery/starbucks-9925-w-camelback-road/cjIOiaUHT_GyahCg6vp_6g,litchfield-park-arizona
https://www.ubereats.com/phoenix/food-delivery/carls-jr-9360-w-northern-ave/-tC62NquQNaXoxNUrJ2VEg,litchfield-park-arizona
https://www.ubereats.com/phoenix/food-delivery/rosatis-pizza/e5lpCqAVShiUMxcp_Fr1ow,litchfield-park-arizona
https://www.ubereats.com/phoenix/food-delivery/mastertaco/M4ERNV2bTAOg7cbLN410uA,litchfield-park-arizona
https://www.ubereats.com/phoenix/food-delivery/bosa-donuts/SaLWNg4lTP65KjjBgQHbGA,litchfield-park-arizona
https://www.ubereats.com/phoenix/food-delivery/boba-craze-inc/I91lVENqR9iKzFMUNCUnFg,litchfield-park-arizona
https://www.ubereats.com/phoenix/food-delivery/subway-13070-w-rancho-sante-fe/hcCs71HsQ_WoCkfmaQ9jbA,litchfield-park-arizona
https://www.ubereats.com/phoenix/food-delivery/el-pollo-loco-10135-w-mcdowell-rd3859/qTWWjSpORPu0p9430PLCKQ,litchfield-park-arizona
https://www.ubereats.com/phoenix/food-delivery/dennys-1218-n-litchfield-rd/goPGAwi3Ra2b35u_RvE4-g,litchfield-park-arizona
https://www.ubereats.com/phoenix/food-delivery/kfc-tb-10661-grand-avenue/ymQw_0EZRFSleUT-sE-sBg,litchfield-park-arizona
https://www.ubereats.com/phoenix/food-delivery/state-48-brewery-funk-house/v3c-YVS2RrWOmr9mjt2Pjg,litchfield-park-arizona
https://www.ubereats.com/phoenix/food-delivery/churchs-chicken-13144-w-camelback-road/2uZd-6MdSzCY9_Sv9Ap2eQ,litchfield-park-arizona
https://www.ubereats.com/phoenix/food-delivery/saddle-ranch-chop-house-glendale/8aSygY37STagCfg8EKAOqg,litchfield-park-arizona
https://www.ubereats.com/phoenix/food-delivery/subway-5115-n-dysart-rd/N08oQyMdSpOsFpTkeD_oNg,litchfield-park-arizona
https://www.ubereats.com/phoenix/food-delivery/cafe-zupas-10265-w-mcdowell-rd/NslM5NblQyOabFcHsEum2Q,litchfield-park-arizona
https://www.ubereats.com/phoenix/food-delivery/muscle-maker-grill-peoria/GOzdUc4tQ1Kjw6Uq9SHfqg,litchfield-park-arizona
https://www.ubereats.com/phoenix/food-delivery/calico-jacks-cantina/NO6gY76bTpaffL-irYhLrg,litchfield-park-arizona
https://www.ubereats.com/phoenix/food-delivery/mariscos-camaron-pelao/XBba3cOqSH6siNfoXc7LSg,litchfield-park-arizona
https://www.ubereats.com/phoenix/food-delivery/taco-bell-13726-w-bell-rd/gNKD1mBBTLiHl8jCrAbT8g,litchfield-park-arizona
https://www.ubereats.com/phoenix/food-delivery/the-buffalo-spot-goodyear/biYWvUo5SDuCT9no7P6cMA,litchfield-park-arizona
https://www.ubereats.com/phoenix/food-delivery/federicos-mexican-food/WbkiGONuSROi7dRx8TVQRA,litchfield-park-arizona
https://www.ubereats.com/phoenix/food-delivery/cold-stone-creamery-10210-w-mcdowell-rd-ste-160/lAvmzGaASg-orVHU8k8uuw,litchfield-park-arizona
https://www.ubereats.com/phoenix/food-delivery/filibertos-mexican-food-roosevelt-%26-estrella/4wtLdDFiQ_6RDmxaQmSAsw,litchfield-park-arizona
https://www.ubereats.com/phoenix/food-delivery/filibertos-mexican-food-tolleson/_t7brsVwRlWmQ5Yn21mLvw,litchfield-park-arizona
https://www.ubereats.com/phoenix/food-delivery/filibertos-mexican-food-glendale-%26-litchfield/cHhY4yx4ScWIjQu6qIYBVA,litchfield-park-arizona
https://www.ubereats.com/phoenix/food-delivery/dairy-queen-grill-%26-chill-4809-n-75th-ave/Fk4-hgGGS1-FXYzxpureNA,litchfield-park-arizona
https://www.ubereats.com/phoenix/food-delivery/fiesta-mexican-avondale/DSDUoAO_SIqoQLI1AAkedA,litchfield-park-arizona
https://www.ubereats.com/phoenix/food-delivery/pf-changs-14681-w-mcdowell-rd/NmO1sGQ4RS-jC_CFVMTQuw,litchfield-park-arizona
https://www.ubereats.com/phoenix/food-delivery/bitesize-treats/CemEP2XOT8aOKuKogXghpg,litchfield-park-arizona
https://www.ubereats.com/phoenix/food-delivery/blaze-pizza-10155-w-mcdowell-road-%23103/rqdm88CJST23GDi3_z3SkQ,litchfield-park-arizona
https://www.ubereats.com/phoenix/food-delivery/mcdonalds-estrella-%26-van-buren/FN_NoA6NSc-UfxmZUf43QQ,litchfield-park-arizona
https://www.ubereats.com/phoenix/food-delivery/firehouse-subs-bell-%26-litchfield/ShxKq0wtQQOTVnGcklEoIg,litchfield-park-arizona
https://www.ubereats.com/phoenix/food-delivery/culichitown/H-xkB5cLSXSJftZDVh_QzQ,litchfield-park-arizona
