url,city
https://www.ubereats.com/cheyenne/food-delivery/subway-111-w-carlson-st/ghGbk5rkQcuElPsb2u4gJg,cheyenne
https://www.ubereats.com/cheyenne/food-delivery/taco-johns-101-s-greeley-highway/jP9E1Ma0TJa6H5GL82J2zA,cheyenne
https://www.ubereats.com/cheyenne/food-delivery/bad-ass-breakfast-burritos-cheyenne/4o3R4ZPFSBaBCI130K-U_Q,cheyenne
https://www.ubereats.com/cheyenne/food-delivery/kfc-2414-e-lincolnway/opKeRuc3QF6sYUub9q3Q_A,cheyenne
https://www.ubereats.com/cheyenne/food-delivery/taco-johns-5421-n-yellowstone-road/yJ7pS0WvSbW7JF5POgjRtA,cheyenne
https://www.ubereats.com/cheyenne/food-delivery/starbucks-yellowstone-and-storey-cheye/X8Zrw9nkT7yINBsRoRlujw,cheyenne
https://www.ubereats.com/cheyenne/food-delivery/taco-johns-3407-e-pershing-blvd/FsQEefUZTrefXBthHpUTmQ,cheyenne
https://www.ubereats.com/cheyenne/food-delivery/carls-jr-1101730/CuFnTS9xSiWPeDHPLAKt7w,cheyenne
https://www.ubereats.com/cheyenne/food-delivery/arbys-883/SyqgPOE0SH6DcGcrvan1EA,cheyenne
https://www.ubereats.com/cheyenne/food-delivery/cold-stone-creamery-2316-dell-range-blvd/w33aXI3FT0-0PWlLGsOnaw,cheyenne
https://www.ubereats.com/cheyenne/food-delivery/wendys-1830-dell-range-blvd/XwukSuABTOOQhAd8gtWo8w,cheyenne
https://www.ubereats.com/cheyenne/food-delivery/dog-haus-%26-biergarten/GXbeuf3lSIyF4UfE_jsRSA,cheyenne
https://www.ubereats.com/cheyenne/food-delivery/taco-johns-3308-dell-range-blvd/EOM8jwd9SKOGHWQI5iTbQA,cheyenne
https://www.ubereats.com/cheyenne/food-delivery/red-lobster-1923-dell-range-blvd/VtLtsM1mTfaSeFw8_5we3g,cheyenne
https://www.ubereats.com/cheyenne/food-delivery/panda-express-2044-dell-range-boulevard/9wDODHzhS8ituGz7ONnyJw,cheyenne
https://www.ubereats.com/cheyenne/food-delivery/little-caesars-800-s-greeley-highway/fjoJf1s2SsG7HpROUVSNdQ,cheyenne
https://www.ubereats.com/cheyenne/food-delivery/chick-fil-a-1400-dell-range-blvd-spc-89/tq9jCO0VQx2F-sXd8P1ClQ,cheyenne
https://www.ubereats.com/cheyenne/food-delivery/mcdonalds-5701-n-yellowstone-rd/5oZvRrUFRLK9164yoQ26ew,cheyenne
https://www.ubereats.com/cheyenne/food-delivery/chick-fil-a-4435-windmill-rd/7InvKnCASMy9Z6p4zQ1f4Q,cheyenne
https://www.ubereats.com/cheyenne/food-delivery/pj-fresh-2250-etchepare-drive/XEOqDeceS7e8b-16PmQM5w,cheyenne
https://www.ubereats.com/cheyenne/food-delivery/taco-bell-1729-dell-range-blvd/whJI8_ZERx-QGt567lWL2w,cheyenne
https://www.ubereats.com/cheyenne/food-delivery/taco-bell-2500-e-lincoln-way/zXHS_0nxRO-GiowzaWMU8g,cheyenne
https://www.ubereats.com/cheyenne/food-delivery/subway-3920-e-12th-st/_Qx5xHMqR-ipzzUjJ-tEkQ,cheyenne
https://www.ubereats.com/cheyenne/food-delivery/wasabi-japanese-grill-%26-bar/Nt9slDnGQEKmmOEDNwaV6A,cheyenne
https://www.ubereats.com/cheyenne/food-delivery/panera-2440-dell-range-blvd/b84GeRdOQR20oray1awWog,cheyenne
https://www.ubereats.com/cheyenne/food-delivery/chipotle-mexican-grill-1508-dell-range-blvd/pk3TQ7gmQ9uQ4kmyG-Jo6Q,cheyenne
https://www.ubereats.com/cheyenne/food-delivery/pj-fresh-8020-campstool-road/hDFjsiIMTKmty6bbBCmQXw,cheyenne
https://www.ubereats.com/cheyenne/food-delivery/plant-b-cheyenne-vr/HhotL7-LSRuVaGnDujCeIw,cheyenne
https://www.ubereats.com/cheyenne/food-delivery/five-guys-wy-1626/m3Rmak1PSJ29TKTP3vrLUQ,cheyenne
https://www.ubereats.com/cheyenne/food-delivery/burger-king-2345-east-lincolnway/u4o-Rh0DRQ6tkVj6lDHPoA,cheyenne
https://www.ubereats.com/cheyenne/food-delivery/starbucks-21st-%26-central-avenue-cheyenne/TWzqB2T5RPCfQuT5R_2VGw,cheyenne
https://www.ubereats.com/cheyenne/food-delivery/village-inn/cKrD85pPQ46bQE96fGFPPw,cheyenne
https://www.ubereats.com/cheyenne/food-delivery/old-chicago-74-1734-meadowland-dr/hTtB2CTST4anP1zPbMZNuA,cheyenne
https://www.ubereats.com/cheyenne/food-delivery/wendys-2520-e-lincoln-way/yHLzf-DaQPqp1K-OMkqqhQ,cheyenne
https://www.ubereats.com/cheyenne/food-delivery/arbys-3228-w-college-dr/VsAl6RUxQTqMoN0B8tC3RQ,cheyenne
https://www.ubereats.com/cheyenne/food-delivery/mcdonalds-2032-dell-range-blvd/BcSfDIT_RbKlUfF_qK69-g,cheyenne
https://www.ubereats.com/cheyenne/food-delivery/applebees-1401-dell-range-blvd/HbAQ9_xOTrucmnTTKlkRwA,cheyenne
https://www.ubereats.com/cheyenne/food-delivery/burger-king-205-north-greeley-highway/s2NPnz4dQM6RUZOCGGyJ1A,cheyenne
https://www.ubereats.com/cheyenne/food-delivery/bad-mutha-clucka-cheyenne/Hq0ZjqnBQHeFkBfdmuHoZw,cheyenne
https://www.ubereats.com/cheyenne/food-delivery/subway-1821-dell-range-blvd/7uk9gs2eTjqyxk9w9Oit5A,cheyenne
https://www.ubereats.com/cheyenne/food-delivery/inta-juice/ABDZZac4TgOOIGvZ5pzLHw,cheyenne
https://www.ubereats.com/cheyenne/food-delivery/mcdonalds-2535-e-lincolnway/sQjHbDRpQCGPjBRQKE2JpQ,cheyenne
https://www.ubereats.com/cheyenne/food-delivery/dennys-2250-etchepare-dr/loLhH3bbSTabBYaLb2-ywg,cheyenne
https://www.ubereats.com/cheyenne/food-delivery/wendys-3305-w-college-dr/wOsqI5UEShqorpXkFVUb4w,cheyenne
https://www.ubereats.com/cheyenne/food-delivery/buffalo-wild-wings-1740-prairie-avenue/gZkdmloARTe0PX1XJ539ow,cheyenne
https://www.ubereats.com/cheyenne/food-delivery/starbucks-dell-range-and-windmill-rd/mxqi662uQG66qu7Av02F3A,cheyenne
https://www.ubereats.com/cheyenne/food-delivery/outback-steakhouse-1626-fleischli-pkwy/hGJnH-jDQY6RWlE6B9UE0g,cheyenne
https://www.ubereats.com/cheyenne/food-delivery/taco-johns-2220-carey-avenue/OHby0cfOTdixB7DKJfqoIQ,cheyenne
https://www.ubereats.com/cheyenne/food-delivery/mcdonalds-3410-dell-range-rd/3PsgEssSSWGpl1vMG4Ze1w,cheyenne
https://www.ubereats.com/cheyenne/food-delivery/cinnabon-baked-at-flying-j-2250-etchepare-drive/dRPKhH7HQdqrz6OPAI_cgQ,cheyenne
