url,city
https://www.ubereats.com/salem/food-delivery/casamigos-mexican-restaurant-%26-cantina/YKtYDaRFRsyDVv7O5glEpA,salem
https://www.ubereats.com/salem/food-delivery/popeyes-2595-lancaster-drive-ne/3JYvE9B4QGCZigq6Iu6Frw,salem
https://www.ubereats.com/salem/food-delivery/chuck-e-cheese-3240-lancaster-dr-ne/mFsLRmITTgmaornX8u5lsw,salem
https://www.ubereats.com/salem/food-delivery/starbucks-keizer-station-keizer/MLyN0k9yRvOE32adu_eCXA,salem
https://www.ubereats.com/salem/food-delivery/carls-jr-1135-lancaster-drive-se/EuC759xOQSWLyhcUHeFVUw,salem
https://www.ubereats.com/salem/food-delivery/figaros-pizza-north-salem/p_HZbzBETcKGBUtTL-uImA,salem
https://www.ubereats.com/salem/food-delivery/taco-bell-565-lancaster-dr-se/7rsixvPAT86w1nIfLYOsnA,salem
https://www.ubereats.com/salem/food-delivery/kfc-3702-commercial-st-se/18OcI5OORYaEgGtTaCGX-A,salem
https://www.ubereats.com/salem/food-delivery/503-sushi-bar/lnf5Z9CmTp2Ym-usP8G_NA,salem
https://www.ubereats.com/salem/food-delivery/la-bonita-mexican-bakery/si6FAaeuTcOsc-Qsr0mW6g,salem
https://www.ubereats.com/salem/food-delivery/johnny-cs-hot-chicken/P9_PT6mcRYS-K05xGC73SA,salem
https://www.ubereats.com/salem/food-delivery/street-sweets/bvX6Bhj6RF20beZB_BAJew,salem
https://www.ubereats.com/salem/food-delivery/burger-king-3615-north-river-road/QITrig5MRYyg6Rzs-YAhCg,salem
https://www.ubereats.com/salem/food-delivery/taco-bell-2093-lancaster-dr-ne/xkVdCRFKSI2mW_IyX0L5Bg,salem
https://www.ubereats.com/salem/food-delivery/nachos-locos-mobile/B_tnzhVzTZii-tdwUB_OuA,salem
https://www.ubereats.com/salem/food-delivery/nancy-jos-burgers-%26-fries-west-salem/Xncv4yjRQFeR-FoHVRFUOw,salem
https://www.ubereats.com/salem/food-delivery/bobablastic-state-st/XMRAyv-cSmKpUzPpv7Y5bg,salem
https://www.ubereats.com/salem/food-delivery/nancy-jos-burgers-%26-fries-east-salem/A6Z9JrazRSu5id6kBBw4BA,salem
https://www.ubereats.com/salem/food-delivery/chickpea/S6QuFxg9RcivD1Y_-AvYUA,salem
https://www.ubereats.com/salem/food-delivery/los-dos-amigos-hacienda-salem/jM_VOZYCRGa8xvOWUfZ0XA,salem
https://www.ubereats.com/salem/food-delivery/jamba-juice-3096-ne-lancaster-dr/MfpsLNJsR0is9r9thuy8pQ,salem
https://www.ubereats.com/salem/food-delivery/mcdonalds-6025-keizer-station-blvd-ne/n-oQrI8YQbm0o9sDzvR_Ow,salem
https://www.ubereats.com/salem/food-delivery/mill-creek-station/EZehbHKkR7iM6FxC8zmiQg,salem
https://www.ubereats.com/salem/food-delivery/odd-moes-pizza-4815-commercial-st-se/rwCZeB2hT_-Tj6YU_FAB5Q,salem
https://www.ubereats.com/salem/food-delivery/popeyes-1238-23rd-st-se/5CNffKrfS_6IcNl5J2d_IQ,salem
https://www.ubereats.com/salem/food-delivery/mcdonalds-2830-broadway-st-ne/NUFm33jmQ2yLDW40oorIgQ,salem
https://www.ubereats.com/salem/food-delivery/dairy-queen-grill-%26-chill-761-lockhaven-dr-ne/VdQ0ZoimQ-a6d0acDRuDjQ,salem
https://www.ubereats.com/salem/food-delivery/subway-edgewater/8r5KoxY1SW-RAmRgf0SmUA,salem
https://www.ubereats.com/salem/food-delivery/panda-express-2675-jorie-lane-ne/T0RZT5RwRHOs9Bz2ny8POw,salem
https://www.ubereats.com/salem/food-delivery/bobablastic-south-salem/mB9Hpv6qQn2MLU_F1gKIzg,salem
https://www.ubereats.com/salem/food-delivery/bustami/MDlWBnZHSay6TQBCgbnErQ,salem
https://www.ubereats.com/salem/food-delivery/dairy-queen-treat-4023-commercial-ave/QhpThmdtRi-WLNf4qbq1wQ,salem
https://www.ubereats.com/salem/food-delivery/chipotle-mexican-grill-6198-ulali-dr-ne/w37UF7XPTwuk6FDIuSLGUg,salem
https://www.ubereats.com/salem/food-delivery/oriental-chinese-%26-sushi/ffIOyQUoSXiP4vuCm7CnfQ,salem
https://www.ubereats.com/salem/food-delivery/the-ice-cream-shop/OU91u99fQhaMPkLgaKgFNg,salem
https://www.ubereats.com/salem/food-delivery/los-lagos-restaurant/5AJVDrRFQ6ehKCLiR7cvyw,salem
https://www.ubereats.com/salem/food-delivery/happy-bibimbap/TAv57bufSySBakTGqs5kKA,salem
https://www.ubereats.com/salem/food-delivery/la-vida-catrina/0VqGTBXFRve_Sdqlbat3Lg,salem
https://www.ubereats.com/salem/food-delivery/pho-keizer/RtaJ2qP5Qomg_kOE9XzcZQ,salem
https://www.ubereats.com/salem/food-delivery/applebees-5070-commercial-st-se-%2385001/ptHw_NkVSy6jzyh_x34isQ,salem
https://www.ubereats.com/salem/food-delivery/angels-share-barrel-house/_qKsOn83S9ai2gEqXXyI7w,salem
https://www.ubereats.com/salem/food-delivery/nancy-jos-burgers-%26-fries-south-salem/Y5oGhQq2SAO4NdqEilgVfQ,salem
https://www.ubereats.com/salem/food-delivery/starbucks-salem-parkway-salem/-JpbOBbCQ-eOg--QThGhLg,salem
https://www.ubereats.com/salem/food-delivery/tripp-dog-coffee/m09dpFbzRxyMxgvRBLUpFg,salem
https://www.ubereats.com/salem/food-delivery/dennys-3680-market-st-ne/YD2LrLQSTJqOBZtQdishmw,salem
https://www.ubereats.com/salem/food-delivery/the-human-bean-4651-commercial-st/3-REhiQuQIOty7kamjpLGQ,salem
https://www.ubereats.com/salem/food-delivery/panda-express-1910-turner-road/d4AY_CkBR1G-rXjSj_u2Jg,salem
https://www.ubereats.com/salem/food-delivery/22-below/HPM4P1ZwSNGErFukwrmDtw,salem
https://www.ubereats.com/salem/food-delivery/mcdonalds-3990-devonshire-ave/V2jg8gxcSV2mJohD9bcScQ,salem
https://www.ubereats.com/salem/food-delivery/taco-bell-3455-commercial-st-se/Tg0hiesZTvO6htBNVnBwBA,salem
https://www.ubereats.com/salem/food-delivery/503sushibar/LKX9OfroQnGC0nWrXkBwtQ,salem
https://www.ubereats.com/salem/food-delivery/india-palace/Z_LaEpI6TEmA4HB8JxefnQ,salem
https://www.ubereats.com/salem/food-delivery/subway-4511-liberty-rd-s/42lEibyVTRagYbA5G9eqNQ,salem
https://www.ubereats.com/salem/food-delivery/subway-2914-commercial-st-se/qf5IEhB5SDy3vcSKA1Cq-Q,salem
https://www.ubereats.com/salem/food-delivery/bentleys-coffee-keizer/5MtMrg0mSOGVgimQiUjJmA,salem
https://www.ubereats.com/salem/food-delivery/mcdonalds-4880-ne-river-rd/jfw3WtR4RbWfNfQ0D3krug,salem
https://www.ubereats.com/salem/food-delivery/burger-king-5145-commercial-street/B41PIBwvRjeiwfcf_6o3jw,salem
https://www.ubereats.com/salem/food-delivery/chiras-restaurant-%26-catering/qZDZ5T0PRo-Hq93XsTcf7g,salem
https://www.ubereats.com/salem/food-delivery/toast-%26-jam/yk8IAbQoQxKHtqTj5jS7MA,salem
https://www.ubereats.com/salem/food-delivery/mcdonalds-4706-portland-rd-ne/EEozdNCiQOCKPIiEEoeWhQ,salem
https://www.ubereats.com/salem/food-delivery/papa-johns-pizza-center-street/8qQGz9NOT7y61aHzKa67EQ,salem
https://www.ubereats.com/salem/food-delivery/cinnabon-baked-at-pilot-4220-brooklake-road-ne/Yt4G8YGXTqizbJmP1VWMZw,salem
https://www.ubereats.com/salem/food-delivery/lucky-garden-chinese-restaurant/QCxg7MnJTv-44uG5_w_EMQ,salem
https://www.ubereats.com/salem/food-delivery/wendys-641-lancaster-dr-ne/m5TW3a0LSmWDWyVbKaewjg,salem
https://www.ubereats.com/salem/food-delivery/jack-in-the-box-2801-broadway-st-ne/pdSvjFuLSEKlAkW3fMFQAg,salem
https://www.ubereats.com/salem/food-delivery/loa-temos-taqueria/sxk5x2Y-TCS_S975e7GqYg,salem
https://www.ubereats.com/salem/food-delivery/sonic-3775-river-road-north/7l8JGLqaT4CkVTC7IgA7vw,salem
https://www.ubereats.com/salem/food-delivery/minas-cafe/vH1sXyMaTJ2TWy6H_G14IA,salem
https://www.ubereats.com/salem/food-delivery/subway-1127-broadway-st-ne/aLZnYKvdT2ugHo6GipCV9g,salem
https://www.ubereats.com/salem/food-delivery/starbucks-1134-lancaster-dr-salem/X3l_ZN3bSRmTkJR-0leoMg,salem
https://www.ubereats.com/salem/food-delivery/thai-vegetarian-cuisine/qhGNNy5AQU6mJ-ylHKFp-Q,salem
https://www.ubereats.com/salem/food-delivery/pita-pit/t0xbIT3YTx-2RfzIpCWkHw,salem
https://www.ubereats.com/salem/food-delivery/capital-cantina/ab5YpZxQSf-SGyuGbGdkhg,salem
https://www.ubereats.com/salem/food-delivery/northblock-coffee/RKsLq1vVRz6zFbEUKc4roA,salem
https://www.ubereats.com/salem/food-delivery/breakfast-and-burgers/oXOAKbreT_eCPQ-oLB7gJA,salem
https://www.ubereats.com/salem/food-delivery/taco-bell-4690-river-road-n/FIS92eyEQkiXNrqYgLXWzw,salem
https://www.ubereats.com/salem/food-delivery/shotskis-venue-and-eats/VVHUmO40T3eAdKz22ocWZQ,salem
https://www.ubereats.com/salem/food-delivery/muchas-gracias-3861-river-rd-n/cEBovRVdS4WUmOx0LjgYqQ,salem
https://www.ubereats.com/salem/food-delivery/subway-5765-commercial-st/_GJSb6akR1-85P8rzJviXw,salem
https://www.ubereats.com/salem/food-delivery/muchas-gracias-state-st/I-BhpGOqRhW7X73wTZPYTw,salem
https://www.ubereats.com/salem/food-delivery/don-pedro-mayor/3cnM1aUBRMy1jTqRAmvnAg,salem
https://www.ubereats.com/salem/food-delivery/victoricos-mexican-food-portland-rd/2sGC_6huSEuetOQVWTc77w,salem
https://www.ubereats.com/salem/food-delivery/burger-king-3530-commercial-street-s-e/F2qqSnaGRPSguZi8vexinw,salem
https://www.ubereats.com/salem/food-delivery/bangkok-thai-bistro/xlOYGmazSTSaizqhy57iRA,salem
https://www.ubereats.com/salem/food-delivery/figaros-pizza-keizer/LphPUO4GRbqAyDWc9znJ5w,salem
https://www.ubereats.com/salem/food-delivery/panda-express-3883-commercial-st-se-suite-101/gyssdz2fTHagk8LKrzGOZg,salem
https://www.ubereats.com/salem/food-delivery/garlic-jims-famous-gourmet-pizza/zCtPPPKlStqlSTgl3cuNfQ,salem
https://www.ubereats.com/salem/food-delivery/papa-murphys-1124-wallace-road-nw-suite-120/AfHuIOQ2T7OEtbvE0hJH9w,salem
https://www.ubereats.com/salem/food-delivery/burger-king-2655-jorie-lane-northeast/8p9ZwudHRxKFkxKTDii1ZA,salem
https://www.ubereats.com/salem/food-delivery/masonry-grill/Qp5niIM1TEKPmWmgjh4ejQ,salem
https://www.ubereats.com/salem/food-delivery/five-guys-or-1082-2323-lancaster-dr-ne/lduDdhKBQxOJWlVtCisrSQ,salem
https://www.ubereats.com/salem/food-delivery/mcdonalds-570-wallace-rd-nw/Wiu4HiOxQ6GpzjuyPHLvNg,salem
https://www.ubereats.com/salem/food-delivery/hong-thai-cuisine/O_BeQS44QYulmTZEAc7Uwg,salem
https://www.ubereats.com/salem/food-delivery/jamba-juice-2555-jorie-lane/dJw65z-iS1OePvWHJbcv-w,salem
https://www.ubereats.com/salem/food-delivery/better-than-mamas/NLcmy7SgRHKm8HDrRQ4mDA,salem
https://www.ubereats.com/salem/food-delivery/subway-5250-commercial-st-se/Fcc85fVkQeKnKi96KNg0mw,salem
https://www.ubereats.com/salem/food-delivery/fresh-elements/jip_ps9UQhyrqzW7eHZP4Q,salem
https://www.ubereats.com/salem/food-delivery/ventis-cafe-%2B-basement-bar/25U5lYY5QseoJZmnrFyWrQ,salem
https://www.ubereats.com/salem/food-delivery/mcdonalds-4020-commercial-st-se/9bilCwV3QyWy4UFRAQ7nug,salem
https://www.ubereats.com/salem/food-delivery/burger-king-1280-lancaster-drive-s-e/fV9GA9QAQL-VpfT22TwCyA,salem
https://www.ubereats.com/salem/food-delivery/shawerma-owok/Vq_p-FxJSZ2-lNBO5Rondw,salem
https://www.ubereats.com/salem/food-delivery/french-press/T8EtNV9mRBi1SiB61jX3YA,salem
https://www.ubereats.com/salem/food-delivery/the-dough-hook/pkix-A80TEuIECxf49XrOg,salem
https://www.ubereats.com/salem/food-delivery/love-love-teriyaki-lancaster/BE3-tO2MRd6aZeNJjGcU5Q,salem
https://www.ubereats.com/salem/food-delivery/baja-fresh-salem/6k975gdIRk61cv_RBmR0qQ,salem
https://www.ubereats.com/salem/food-delivery/thai-cuisine-of-salem/ipegmNl-RtaklCwcCdubBA,salem
https://www.ubereats.com/salem/food-delivery/red-ginger/E7UavLsaRvmOutLRoTJqIw,salem
https://www.ubereats.com/salem/food-delivery/js-teriyaki/KxbQ9fsVQQed-gTc4qOJZg,salem
https://www.ubereats.com/salem/food-delivery/tonys-tacos/DJLSwVoVRau2ZNbeA8DFYw,salem
https://www.ubereats.com/salem/food-delivery/chipotle-mexican-grill-3883-commercial-st-se/zw-u9ydzTHqDBp2RJ-bnXA,salem
https://www.ubereats.com/salem/food-delivery/ventis-cafe-%2B-taphouse/Vi8-dGeFRSuuOWKQmVLTLA,salem
https://www.ubereats.com/salem/food-delivery/cafe-yumm!-keizer-station/bpoHCiNiRIWKS7C8tHpM1w,salem
https://www.ubereats.com/salem/food-delivery/taco-bell-450-wallace-rd-nw/JwJWRaYqR6-nuUDWNlpcaQ,salem
https://www.ubereats.com/salem/food-delivery/subway-1310-state-st/iPPwleDUQkSvJmZzC3BoDA,salem
https://www.ubereats.com/salem/food-delivery/subway-3834-river-rd-n/WCl3boyLQoi-5-qkEqVfjg,salem
https://www.ubereats.com/salem/food-delivery/bai-bua-thai-kitchen/2QWbhMqUTTK2SlxWmuF7HQ,salem
https://www.ubereats.com/salem/food-delivery/little-india/Mpj26aINRuCHw61RYt18NA,salem
https://www.ubereats.com/salem/food-delivery/flight-deck-restaurant-and-lounge/6iWkYEVRQ2-3OuBPWM-d2g,salem
https://www.ubereats.com/salem/food-delivery/cuisine-india/9VLYLJBUTwyCadlQ_jYLHw,salem
https://www.ubereats.com/salem/food-delivery/the-ice-cream-shop/NXdstP3vTEuQIgVbxchv2g,salem
https://www.ubereats.com/salem/food-delivery/the-ice-cream-shop/gaeT4wKFQu2M4sOF_hpPig,salem
https://www.ubereats.com/salem/food-delivery/jersey-mikes-555-edgewater-st-nw/o6JM5R-MRCOYo3ylTa6E8Q,salem
https://www.ubereats.com/salem/food-delivery/mcdonalds-1110-center-st-ne/hQvBl50qSYij1bq83kCc9g,salem
https://www.ubereats.com/salem/food-delivery/starbucks-205-church-st-salem/8-8IsBAfSUeR6dsdXqcijg,salem
https://www.ubereats.com/salem/food-delivery/subway-lancaster/uiLbuPeNSMeu13HuDUK5UA,salem
https://www.ubereats.com/salem/food-delivery/gyro-stop-keizer/2QJPFk47SeSgR33EOoWHeA,salem
https://www.ubereats.com/salem/food-delivery/bulletproof-meals/U8gMY3WiQ2G397J00TfqCw,salem
https://www.ubereats.com/salem/food-delivery/thai-orchid-restaurant/OaM-L5AUR5eq3ssoglOHuQ,salem
https://www.ubereats.com/salem/food-delivery/carls-jr-1501-lancaster-dr-ne/99xjgEWsRKK1a4QGksZ2FA,salem
https://www.ubereats.com/salem/food-delivery/jamba-juice-515-taggart-dr-nw-ste-110/MxTTD5lDRjCnwlfq9wWqQg,salem
https://www.ubereats.com/salem/food-delivery/sonic-220-lancaster-drive-se/rJOECbxrSZy84kiMyNOLjw,salem
https://www.ubereats.com/salem/food-delivery/the-ice-cream-shop/2qkn4ZlmRVyi4mCT-NWWUw,salem
https://www.ubereats.com/salem/food-delivery/the-ice-cream-shop/dKMBPlCeRpuPQc_JBtuPbw,salem
https://www.ubereats.com/salem/food-delivery/mcdonalds-5090-commercial-st-se/EqlZUCW9SFmbE_UKXzKCvA,salem
https://www.ubereats.com/salem/food-delivery/wendys-2375-s-commercial-st/miLZA82eQoiFgfPLIKKThA,salem
https://www.ubereats.com/salem/food-delivery/red-lobster-521-lancaster-drive-ne/YhslePzSTnmnCbVmRFSypQ,salem
https://www.ubereats.com/salem/food-delivery/subway-hawthorne/22th0aULTdS0wGRgslAlTQ,salem
https://www.ubereats.com/salem/food-delivery/bari-restaurant/hJP_jn3ZQTiFwoy-EPI-gA,salem
https://www.ubereats.com/salem/food-delivery/kfc-3739-devonshire-ave-ne/mWjCNDj_TFGz4TqRoxpLWA,salem
https://www.ubereats.com/salem/food-delivery/chens-family-dish/1EloLBR2TdGKAIcP9ix0QA,salem
https://www.ubereats.com/salem/food-delivery/ez-freezy-keizer/vkogatO1Qz2H9K0NWL9xeg,salem
https://www.ubereats.com/salem/food-delivery/carls-jr-1450-baxter-road-se/nlfcds07TECcpfrAYVTQvg,salem
https://www.ubereats.com/salem/food-delivery/ajs-hideaway-bar-%26-grill/435vKifITVuKl5F1nFR3BQ,salem
https://www.ubereats.com/salem/food-delivery/foodology/Y0_MmxfGQvunbJJZIrSBYw,salem
https://www.ubereats.com/salem/food-delivery/dairy-queen-treat-398-lancaster-drive-ne/7zxb6_IDSU2cD41AKuXhug,salem
https://www.ubereats.com/salem/food-delivery/kfc-3133-broadway-st-ne/8xxbALWCRxaXYHxCRNQDog,salem
https://www.ubereats.com/salem/food-delivery/starbucks-commercial-%26-oakhill-salem/kHnhxBOhR5aGygtS5rV5TA,salem
https://www.ubereats.com/salem/food-delivery/half-time-bar-%26-grill/Oy3EyzB1T9yuiSiDhErjwQ,salem
https://www.ubereats.com/salem/food-delivery/starbucks-commercial-st-and-liberty-rd/-pk65ys9SQS38rOjvi-gcw,salem
https://www.ubereats.com/salem/food-delivery/buffalo-wild-wings-3892-center-st/LbGHCXWsSOuZLayIIMIKDA,salem
https://www.ubereats.com/salem/food-delivery/the-ice-cream-shop/COTtvXIXTlSQxEG845u6Og,salem
https://www.ubereats.com/salem/food-delivery/abbys-legendary-pizza-keizer/hHcKj1SYRKC1y2ziGdoYkQ,salem
https://www.ubereats.com/salem/food-delivery/izzys-pizza-bar-%26-buffet-eugene/sBMxrZjRQmSIBwN_gYYGnw,salem
https://www.ubereats.com/salem/food-delivery/burger-king-1120-wallace-road-n-w/AuGGZZDRQqai9I5hPDoxug,salem
https://www.ubereats.com/salem/food-delivery/jersey-mikes-4425-commercial-st-se/t-s9GDKxRLea2PmOPwzpow,salem
https://www.ubereats.com/salem/food-delivery/papa-murphys-4985-commercial-street-se/Dvh2T2qUS7aFoowMi8OCEA,salem
https://www.ubereats.com/salem/food-delivery/nachos-locos-mexican-food/9IqtciekQPmha8Yp2Tk0IA,salem
https://www.ubereats.com/salem/food-delivery/ibendoo-ramen/gy_uIhrsT4G9rSd9kDHPOQ,salem
https://www.ubereats.com/salem/food-delivery/hawaiian-time/7tgvuyLvRN-_TbLU8W_C8g,salem
https://www.ubereats.com/salem/food-delivery/the-ice-cream-shop/TLPHURR_TUm2dZkwoExxWA,salem
https://www.ubereats.com/salem/food-delivery/taste-of-southeast-asia/yMnUtjEZRrqCiX_nFrT-mw,salem
https://www.ubereats.com/salem/food-delivery/panera-2825-commercial-street-se/NS99MJSzQSCSXGCknXL0hQ,salem
https://www.ubereats.com/salem/food-delivery/starbucks-wallace-%26-glen-creek-salem/XUKrBhw6QVyz-dA6DDPd6Q,salem
https://www.ubereats.com/salem/food-delivery/subway-1940-turner-rd-se/h_Iwj3cgS5yIypq4s3xPwg,salem
https://www.ubereats.com/salem/food-delivery/rudys-steakhouse/0I-ns_D2SmKTU_foYaMAwQ,salem
https://www.ubereats.com/salem/food-delivery/smooth/sWnYNIt-TgSX8b4TynFdKA,salem
https://www.ubereats.com/salem/food-delivery/the-ice-cream-shop/fdlK5qPXRoewL9cwES4-xQ,salem
https://www.ubereats.com/salem/food-delivery/carls-jr-1236-23rd-st-se/hmXWFIl2QFyb8j72z6dpGQ,salem
https://www.ubereats.com/salem/food-delivery/hawaiian-time/8qgDbXlPRi-yiY3yikD16A,salem
https://www.ubereats.com/salem/food-delivery/gold-dragon-restaurant/78VglUecTqCH1WmdP0Q5qQ,salem
https://www.ubereats.com/salem/food-delivery/archive-coffee-%26-bar/3qJ1mmEiQdGPz3ypbqTINg,salem
https://www.ubereats.com/salem/food-delivery/izzys-pizza-bar-%26-buffet-salem/_-nOjTO8SKK56RSP-b0hHg,salem
https://www.ubereats.com/salem/food-delivery/habaneros-mexican-food/gSraNX1vTTy-aZiWWezT5g,salem
https://www.ubereats.com/salem/food-delivery/jamba-juice-2910-commercial-st-se/Qq7M3639QzmtChFjyj5oUg,salem
https://www.ubereats.com/salem/food-delivery/sparkys-brewing-co/Jy3Wvs7nS9y0DOTSKO86ng,salem
https://www.ubereats.com/salem/food-delivery/sabor-real/LIGriqFlSdiGxaJhrmITBA,salem
https://www.ubereats.com/salem/food-delivery/tup-tim-thai-cuisine/HZCXpRFNSEW8mz8_FPyr1g,salem
https://www.ubereats.com/salem/food-delivery/ram-restaurant-%26-brewery-salem-or/kL1RzwLVQ_WkAnt9r6Qm8g,salem
https://www.ubereats.com/salem/food-delivery/firehouse-subs-5920-ulali-drive-ne/zZdbWhr7RjCW1Zhz0gsuEA,salem
https://www.ubereats.com/salem/food-delivery/las-gorditas-ricas/Br1A5rngSgelEwBZZ0gvJA,salem
https://www.ubereats.com/salem/food-delivery/kim-huong/V25np1FXT5q4qHS4Kic9_Q,salem
https://www.ubereats.com/salem/food-delivery/keizer-mart/KkRi4N7DSKaVAWMHVFJxYQ,salem
https://www.ubereats.com/salem/food-delivery/applebees-747-lancaster-drive-ne-%2384060/1rt60xV7RYK80MgDfS8feQ,salem
https://www.ubereats.com/salem/food-delivery/loncheria-y-antojitos-el-perico/LpdyhU4NSc-92CKtOjfqNQ,salem
https://www.ubereats.com/salem/food-delivery/round-table-pizza-6055-ulali-drive-ne/qEnLj_JySiSMw42iebogAw,salem
https://www.ubereats.com/salem/food-delivery/browns-towne-lounge/iH0AmRJgR2iNBqb-FcHbhg,salem
https://www.ubereats.com/salem/food-delivery/the-ice-cream-shop/bG8Z0A17TI23pX7-P6Wi3A,salem
https://www.ubereats.com/salem/food-delivery/jack-in-the-box-4770-commercial-st-se/nVsb38yBQCW2ZoQTvsnXtQ,salem
https://www.ubereats.com/salem/food-delivery/fiesta-pizza/LfuHRo5YRf-61tfSwEZWzA,salem
https://www.ubereats.com/salem/food-delivery/half-court-sports-bar-%26-taproom/PD0fO-AeQhuN2o2FbY2CEA,salem
https://www.ubereats.com/salem/food-delivery/charleys-philly-steaks-salem-center/aKZAGBH2R1WR0qCpPoQyxA,salem
https://www.ubereats.com/salem/food-delivery/burger-king-2859-lancaster-drive-n-e/rtTYuVeOR4SXK9OjgSBEwA,salem
https://www.ubereats.com/salem/food-delivery/subway-jorie-lane-keizer-station/c235eXDYTtmsUmdZGjahJw,salem
https://www.ubereats.com/salem/food-delivery/brotherhood-coffee/L8ltUYrVQf-w34LbGkM0iw,salem
https://www.ubereats.com/salem/food-delivery/subway-1122-lancaster-dr-se/N18IVvNQTG2T8dCzlX5ZAQ,salem
https://www.ubereats.com/salem/food-delivery/ihop-407-lancaster-dr-ne/SSiNglDDR9Ga6pxHvhsrdg,salem
https://www.ubereats.com/salem/food-delivery/rickys-tacos-truck/o0raxIv0RmaumLbNAqHSkA,salem
https://www.ubereats.com/salem/food-delivery/oishi-asian-cafe/XGtqFqZkRIWW9koSYIgZ2Q,salem
https://www.ubereats.com/salem/food-delivery/spicee-bite/s7fAyNpRSvO5_vlTGHYLSw,salem
https://www.ubereats.com/salem/food-delivery/mcdonalds-3995-rickey-st-se/ZYn0WDA_RC2lWom3-uDHDA,salem
https://www.ubereats.com/salem/food-delivery/teriyaki-bento/vKb5SbvmQVSCHEzd7eD5bg,salem
https://www.ubereats.com/salem/food-delivery/mod-pizza-firehouse-crossing/l7LVNVfeQWS13hz_jbmOwA,salem
https://www.ubereats.com/salem/food-delivery/the-human-bean-5007-river-rd-n/hmx4OyfdRgK2jCiftQoIog,salem
https://www.ubereats.com/salem/food-delivery/taco-bell-5795-commercial-st-se/g3bvxeZgRzaFUniIL_UHRg,salem
https://www.ubereats.com/salem/food-delivery/victoricos-mexican-food/-hMU1jGsT8eJF8b86PkuRw,salem
https://www.ubereats.com/salem/food-delivery/nancy-jos-burgers-%26-fries-keizer/a2fg4uJXRfSSxTaK0N8mtg,salem
https://www.ubereats.com/salem/food-delivery/subway-portland-rd-ne/KzlTALTITpCnIV5lxaHkdw,salem
https://www.ubereats.com/salem/food-delivery/love-love-teriyaki-ii-keizer-station/Muxc_gC1T6u2xIwHx6AB-g,salem
https://www.ubereats.com/salem/food-delivery/almost-home-restaurant/C6qJk8SWRh6kdASoe0KTlQ,salem
https://www.ubereats.com/salem/food-delivery/ks-teriyaki/IcMka_vvQR-255dQlViGzA,salem
https://www.ubereats.com/salem/food-delivery/las-palomas-mexican-restaurant/PmyuCrL8QByzXBplle4dJA,salem
https://www.ubereats.com/salem/food-delivery/taco-bell-2635-jorie-lane-ne/oMK5IqUqRYyK4BCJIQLdRQ,salem
https://www.ubereats.com/salem/food-delivery/mcdonalds-1011-lancaster-drive-ne/0Nmt7swrRBejSsmd2A5AcA,salem
https://www.ubereats.com/salem/food-delivery/tacos-el-pelon/612Hv1geS06aQ5g1px4amg,salem
https://www.ubereats.com/salem/food-delivery/sassy-onion/sNf3T34JRAq-V52IGB0hwg,salem
https://www.ubereats.com/salem/food-delivery/sweet-spot/iiEGrmv7QX2HjsucKrjk6A,salem
https://www.ubereats.com/salem/food-delivery/red-robin-51-831-lancaster-drive-ne-%23101/iu2ZbpScTt26Ke77opKg-Q,salem
https://www.ubereats.com/salem/food-delivery/outback-steakhouse-6260-keizer-station-blvd-ne/SGHuAszKTSCUgOY_e3CcCA,salem
https://www.ubereats.com/salem/food-delivery/love-love-teriyaki-broadway/CM3O9srLQ-ihGnjwLXr9Mg,salem
https://www.ubereats.com/salem/food-delivery/nancy-jos-burgers-%26-fries-north-salem/m8i27sB3T8SIZqyhgjKM3A,salem
https://www.ubereats.com/salem/food-delivery/don-bigote/xCo1EJzRT6ShaM0nb5LGHg,salem
https://www.ubereats.com/salem/food-delivery/mcdonalds-1598-hawthorne-ave/hEp12DdMS_OzlFjTYCQAFQ,salem
https://www.ubereats.com/salem/food-delivery/jack-in-the-box-1940-lancaster-dr-ne/EhTjaC9_SqGzYA-ZeBoUpg,salem
https://www.ubereats.com/salem/food-delivery/jersey-mikes-5001-river-road-n/NfJI5l4zRqG1qEhNIZApfA,salem
https://www.ubereats.com/salem/food-delivery/five-guys-or-1332-2990-commercial-st-se/xFnSRZ48Tg6dW6veYRsrkQ,salem
https://www.ubereats.com/salem/food-delivery/burger-king-802-lancaster-drive-ne/3lM0HNJ0Q86UZH0LquRNwg,salem
https://www.ubereats.com/salem/food-delivery/shotskis/NYKp1j3-Ra26KYElvECaZw,salem
https://www.ubereats.com/salem/food-delivery/amilys-taqueria/ZZJv01nSRNeEKDIASmqz_g,salem
https://www.ubereats.com/salem/food-delivery/donatellos-pizza/uPYBCH3cQg2YrUUhZpZUCg,salem
https://www.ubereats.com/salem/food-delivery/cafe-yumm!-salem/QcOkdoBwQD-tbvMjLP1x1w,salem
https://www.ubereats.com/salem/food-delivery/subway-155-liberty-st-ne/rCnwlnD8R0GQ_HGxo9s6oQ,salem
https://www.ubereats.com/salem/food-delivery/del-taco-583-lancaster-dr-ne/OUGHGddcR0G_nBooSG6DfQ,salem
https://www.ubereats.com/salem/food-delivery/carls-jr-555-edgewater-st-nw-%23150/g6-QeEBfTKGJHIK8f_zovQ,salem
https://www.ubereats.com/salem/food-delivery/frosted-spheres-ice-cream/UG54z7a4SkeXCsXhFmL_ow,salem
https://www.ubereats.com/salem/food-delivery/carls-jr-5130-river-road-north/UFBDfhETSdmzuy9M0T3SlA,salem
https://www.ubereats.com/salem/food-delivery/el-cordobes/1vlG0RFZSmCjeYXVL74x_g,salem
https://www.ubereats.com/salem/food-delivery/fruitbox-and-snack-bar-inc/H6RGjhj9R3ac4JsQLQj8tA,salem
https://www.ubereats.com/salem/food-delivery/chipotle-mexican-grill-890-lancaster-dr-ne/i9oaI-YjTSKyvmc8g4TU1A,salem
https://www.ubereats.com/salem/food-delivery/subway-5462-river-rd-n/8hdI3_AKTgGYK957eYGCAA,salem
https://www.ubereats.com/salem/food-delivery/papa-murphys-5093-river-rd-n/NNEJ-sXuSdKWqh6UIiAhUw,salem
https://www.ubereats.com/salem/food-delivery/qdoba/Wl4FkL_sTkSCpRenlQgCKw,salem
https://www.ubereats.com/salem/food-delivery/thai-lotus/FXjw3j-rTOily4ZZo8771w,salem
https://www.ubereats.com/salem/food-delivery/applebees-2625-liberty-street-ne-%2384086/7C9sFl6nQGqrZ1iBsX_xxg,salem
https://www.ubereats.com/salem/food-delivery/jack-in-the-box-2480-mission-st-se/wX-zNWH9S62s0zXafVACOQ,salem
https://www.ubereats.com/salem/food-delivery/golden-grill/ChhPcBDUQpSBK9H9LRxJhA,salem
https://www.ubereats.com/salem/food-delivery/changos-tacos/wroxiDd0SBOwW6Sy-70VAw,salem
https://www.ubereats.com/salem/food-delivery/coffee-in-motion/1OUqsqJeQDOzma_6VOISdA,salem
https://www.ubereats.com/salem/food-delivery/thai-beer-restaurant/prwvymjVQImnh_IvYXOugw,salem
https://www.ubereats.com/salem/food-delivery/sichuan-giants-restaurant/GDv6kUq0RASYWr_GbztWdg,salem
https://www.ubereats.com/salem/food-delivery/cadillac-grille/yZ9kWWm3R6afmi_uBkh-yQ,salem
https://www.ubereats.com/salem/food-delivery/heroes-tap-house/RWKr_KmwTDSJMSFUOIyJAQ,salem
https://www.ubereats.com/salem/food-delivery/panda-express-505-taggart-drive-nw/zRdhWJrHRbur_w9JZTZtQA,salem
https://www.ubereats.com/salem/food-delivery/kfc-902-lancaster-dr-ne/9uzwrbrNRbiu36t-47st5g,salem
https://www.ubereats.com/salem/food-delivery/subway-3912-center-st/6d0--VU4S_GHuxZFO62g9g,salem
