url,city
https://www.ubereats.com/madison/food-delivery/the-globe/GEmjSc4USvuYqzcCBALg8A,verona-wisconsin
https://www.ubereats.com/madison/food-delivery/quiznos-mckee-rd/12QqLy9xQhKI-KCctLNVsw,verona-wisconsin
https://www.ubereats.com/madison/food-delivery/chipotle-mexican-grill-4000-university-ave/pee4hFS3RGy5pqzPTXt3DA,verona-wisconsin
https://www.ubereats.com/madison/food-delivery/mad-chicken/1zR92ZE0TdugS3Igdm-jUw,verona-wisconsin
https://www.ubereats.com/madison/food-delivery/toppers-pizza-fitchburg/Z0IJIoHTTJ6NBGVQYmItUQ,verona-wisconsin
https://www.ubereats.com/madison/food-delivery/arbys-1609-s-park-st/fnsvJshPTvu-pdU4KtwGgQ,verona-wisconsin
https://www.ubereats.com/madison/food-delivery/dunkin-739-s-gammon-rd/J9DDGTVmT0WPjydM_qrq5w,verona-wisconsin
https://www.ubereats.com/madison/food-delivery/burger-king-719-w-badger-road/Zz5O4StLQVKjYHuzlCsB0A,verona-wisconsin
https://www.ubereats.com/madison/food-delivery/el-rancho-mexican-grill/73Ma0eGVTJesIOY8wYOfGQ,verona-wisconsin
https://www.ubereats.com/madison/food-delivery/chang-jiang/0iCQK4TqQBGsKkRq5OEG8A,verona-wisconsin
https://www.ubereats.com/madison/food-delivery/taco-bell-6275-mckee-road/SvUj77ZbTgGpviM26YPd8Q,verona-wisconsin
https://www.ubereats.com/madison/food-delivery/buffalo-wild-wings-789-university-ave/Bxs7sCizRG6wFO1HtXfQbw,verona-wisconsin
https://www.ubereats.com/madison/food-delivery/taco-bell-698-s-whitney-way/AAYHTLFtT7GrDoNyRBkmCg,verona-wisconsin
https://www.ubereats.com/madison/food-delivery/taiwan-little-eats/Koy-s4DkSuuouh-p07MuvA,verona-wisconsin
https://www.ubereats.com/madison/food-delivery/dubai-mediterranean-restaurant-and-bar/1p5eIVfbRuyVEccmATszcQ,verona-wisconsin
https://www.ubereats.com/madison/food-delivery/noodles-%26-company-2981-triverton-pike-dr/-_KLkSUWSS-iM84X4QjL6w,verona-wisconsin
https://www.ubereats.com/madison/food-delivery/mad-seafood-boiler-and-sushi/VoKs2uZmTECYCeVECDm78A,verona-wisconsin
https://www.ubereats.com/madison/food-delivery/burger-king-6909-odana-road/4qcLhtQTQLaIkceD9FIhyw,verona-wisconsin
https://www.ubereats.com/madison/food-delivery/buraka/_Bk2W8mARbKolZc1_083ZQ,verona-wisconsin
https://www.ubereats.com/madison/food-delivery/gyros-express/LMI1H3Y2Q0O3gwJ7AXkulg,verona-wisconsin
https://www.ubereats.com/madison/food-delivery/noodles-%26-company-7050-mineral-pt/_1DdwVTSSHaJfzvjUKIlXg,verona-wisconsin
https://www.ubereats.com/madison/food-delivery/zoup!-8391-greenway-boulevard/rjkxVQ9uQziodIwtc-uTXg,verona-wisconsin
https://www.ubereats.com/madison/food-delivery/wings-over-madison/7QtbfKlQS7yEF3Ol39Y2nw,verona-wisconsin
https://www.ubereats.com/madison/food-delivery/thai-noodles/U7_hAi-vQgK8mXsF2Do15w,verona-wisconsin
https://www.ubereats.com/madison/food-delivery/adamah-neighborhood-table/mK4Cn5SXQIOK687hwkvR4w,verona-wisconsin
https://www.ubereats.com/madison/food-delivery/world-of-beer-8225-greenway-blvd/9QIxzyyPRse0n8Fj3ii3CQ,verona-wisconsin
https://www.ubereats.com/madison/food-delivery/parkway-restaurant/OHnE7fJ2SjGyC5D2B_cTfQ,verona-wisconsin
https://www.ubereats.com/madison/food-delivery/dairy-queen-treat-2856-university-ave/huP0_2K5RPu6y3PgDjcCTw,verona-wisconsin
https://www.ubereats.com/madison/food-delivery/pancake-cafe/ePiKqweBTWqUeT2bDPVWuA,verona-wisconsin
https://www.ubereats.com/madison/food-delivery/taco-bell-421-commerce-drive/cFRPPsfrTQaO3fOnZBFLMg,verona-wisconsin
https://www.ubereats.com/madison/food-delivery/dynasty-ll-chinese-restaurant-beltline-hwy/-RYMSSi5TiuaS0jcaFNw8g,verona-wisconsin
https://www.ubereats.com/madison/food-delivery/edo-garden/VQ9O3ir3RbCOOWldQKIOfw,verona-wisconsin
https://www.ubereats.com/madison/food-delivery/davids-jamaican-cuisine/leLUIQfVTPyen56yZ4WC-Q,verona-wisconsin
https://www.ubereats.com/madison/food-delivery/oriental-wok/hth2V-2vRy-dHVCeoK-DuA,verona-wisconsin
https://www.ubereats.com/madison/food-delivery/takara-88/IJbb_FpERoyz5-ra4Wpv6g,verona-wisconsin
https://www.ubereats.com/madison/food-delivery/qdoba-5401-caddis-bend/wq0mH3Y5Q5qHLv4XYjfG5A,verona-wisconsin
https://www.ubereats.com/madison/food-delivery/dunkin-801-s-park-st/MTehcZgWQnCKRscLg-gBlA,verona-wisconsin
https://www.ubereats.com/madison/food-delivery/noodles-%26-company-3600-university-ave/MzDWWprkQ-2yl5oB_wYjnQ,verona-wisconsin
https://www.ubereats.com/madison/food-delivery/pancheros-mexican-grill-402-s-gammon-rd/GSZAbTCMRheR533ab12HDA,verona-wisconsin
https://www.ubereats.com/madison/food-delivery/dairy-queen-treat-7860-mineral-point-rd/rbg21bSuSYKxuSlbjM63qw,verona-wisconsin
https://www.ubereats.com/madison/food-delivery/cafe-maya/nIt6mmXDTw-PlEXKDl9peQ,verona-wisconsin
https://www.ubereats.com/madison/food-delivery/mod-pizza-west-madison/5qRcWVHZTNm0o5z4WW4HEw,verona-wisconsin
https://www.ubereats.com/madison/food-delivery/soho-gourmet-cuisines/hSHhM_5RS0mb2MUtk5L8Sg,verona-wisconsin
https://www.ubereats.com/madison/food-delivery/mcdonalds-107-horizon-dr/ed4oUmlxT9mSgTD1aPKKTg,verona-wisconsin
https://www.ubereats.com/madison/food-delivery/la-penca-mexican-restaurant/7_J1I7F3Si6CYZVGSbNjPg,verona-wisconsin
https://www.ubereats.com/madison/food-delivery/stellas-bakery/czvO8-6pQ-WIwHbpYiUOhw,verona-wisconsin
https://www.ubereats.com/madison/food-delivery/mcdonalds-odana-%26-gammon/35Au-ShwSWu5tBVr-rrN9g,verona-wisconsin
https://www.ubereats.com/madison/food-delivery/1202-bonefish-grill-7345-mineral-point-rd/J3Ds1qkbRrmIFWSCqR8CxA,verona-wisconsin
https://www.ubereats.com/madison/food-delivery/subway-500-w-verona-ave/lDBuJr4zSTqfWHODI7Rm5A,verona-wisconsin
https://www.ubereats.com/madison/food-delivery/mr-brews-taphouse/uiUf7norQ_CzebyffUvq9A,verona-wisconsin
https://www.ubereats.com/madison/food-delivery/me-%26-julio-madison/VEpRsOTBTW6S76knHAsBiA,verona-wisconsin
https://www.ubereats.com/madison/food-delivery/marcos-pizza-3154-maple-grove-dr/rA5Yn-qzTTexFgAWUwZnTg,verona-wisconsin
https://www.ubereats.com/madison/food-delivery/world-buffet-madison/EpYpb7-TRdKHKAHy5FmOeg,verona-wisconsin
https://www.ubereats.com/madison/food-delivery/mr-brews-taphouse/LxUp1Au5TKSRPJVuR1budA,verona-wisconsin
https://www.ubereats.com/madison/food-delivery/copper-top-restaurant/xAMcbgG4TCWAAjUua3d8OA,verona-wisconsin
https://www.ubereats.com/madison/food-delivery/chipotle-mexican-grill-7066-sligo-dr/ExT9MZjMQCaFG94wXF5XRQ,verona-wisconsin
https://www.ubereats.com/madison/food-delivery/kfc-7501-mineral-point-road/mpYhF74hQj-ZtezVfzXgPw,verona-wisconsin
https://www.ubereats.com/madison/food-delivery/nitty-gritty-middleton/fwNYFdUFSoWDmnbV2P5_yQ,verona-wisconsin
https://www.ubereats.com/madison/food-delivery/amber-indian-cuisine/WIhHeVzATiKbY9NwI1bkcg,verona-wisconsin
https://www.ubereats.com/madison/food-delivery/buffalo-wild-wings/mGttnh_WRWqbGAoph9_MSA,verona-wisconsin
https://www.ubereats.com/madison/food-delivery/perkins-restaurant-madison-ii-damon-rd/MLFRi7veS_ClAUSZosCf5Q,verona-wisconsin
https://www.ubereats.com/madison/food-delivery/pasquallys-pizza-%26-wings-438-grand-canyon-dr/jCuK2B54TxGKM_VBlmWrVA,verona-wisconsin
https://www.ubereats.com/madison/food-delivery/mooyah-burgers-fitchburg/1zxdWsfoR5-OJIR5dVr-Gg,verona-wisconsin
https://www.ubereats.com/madison/food-delivery/dairy-queen-grill-%26-chill-3030-fish-hatchery-rd/ojg9z90mQ5C8a3AoQWciOw,verona-wisconsin
https://www.ubereats.com/madison/food-delivery/king-of-falafel/rYyerCFiQjaLWNkcW8zLoQ,verona-wisconsin
https://www.ubereats.com/madison/food-delivery/pancheros-mexican-grill-6309-mckee-rd/2xX5g8jIRt-32CvxHHyOQg,verona-wisconsin
https://www.ubereats.com/madison/food-delivery/glorias-mexican-restaurant/MlknQoG-Tpm7Y0ksjShzxQ,verona-wisconsin
https://www.ubereats.com/madison/food-delivery/kfc-1516-greenway-cross/mjcGtGgGTq-xVwtc93DRtA,verona-wisconsin
https://www.ubereats.com/madison/food-delivery/pancake-cafe-nesbitt/YBhCJyHOTYWOLurRbsnP-Q,verona-wisconsin
https://www.ubereats.com/madison/food-delivery/pancake-cafe-s-gammon/qOwghdUlSXOKhPeePXA-Vg,verona-wisconsin
https://www.ubereats.com/madison/food-delivery/cafe-zupas-8310-greenway-blvd/XWJyvGJbT1qoh6vZQWmTuQ,verona-wisconsin
https://www.ubereats.com/madison/food-delivery/subway-5957-mckee-rd/58tUwEfzQ_iFAcEM5hXYmQ,verona-wisconsin
https://www.ubereats.com/madison/food-delivery/edo-japanese-restaurant/LQVcb4rrTUWgoLFRhveF_A,verona-wisconsin
https://www.ubereats.com/madison/food-delivery/buffalo-wild-wings-6227-mckee-rd-ste-f/mPq9IfdgRAuOHsxZIqtuqw,verona-wisconsin
https://www.ubereats.com/madison/food-delivery/mod-pizza-fitchburg/3mgAbjGqQiqA0c-LswuPoA,verona-wisconsin
https://www.ubereats.com/madison/food-delivery/tanners-bar-and-grill/hhPrH-yVS6Wzfd6oU6voIg,verona-wisconsin
https://www.ubereats.com/madison/food-delivery/asian-noodle/PUPlelEjR-295EP5zUMInw,verona-wisconsin
https://www.ubereats.com/madison/food-delivery/outback-steakhouse-279-junction-road/XXgNHTdXRvubaaZo6EJd4g,verona-wisconsin
https://www.ubereats.com/madison/food-delivery/helbachs-coffee-house-madison/1AHuVaCSQp2A-nNO3Yvl8w,verona-wisconsin
https://www.ubereats.com/madison/food-delivery/caspian-grill/NbuzqMSTSbCxkuh5LjxBSA,verona-wisconsin
https://www.ubereats.com/madison/food-delivery/yume-sushi/vbdJ1lncT5KnL5KsU7F3hQ,verona-wisconsin
https://www.ubereats.com/madison/food-delivery/arbys-631-hometown-circle/Fj_LHo77TJ-P66f0rUfWdQ,verona-wisconsin
https://www.ubereats.com/madison/food-delivery/chaat-cafe/iEd86-hPQAOeUYSIuVfl-w,verona-wisconsin
https://www.ubereats.com/madison/food-delivery/village-pizza/rEckJgkhS-ibtEsSNomsDw,verona-wisconsin
https://www.ubereats.com/madison/food-delivery/bistro-525/aLU7xAHiQz6L8x7_p-NI3A,verona-wisconsin
https://www.ubereats.com/madison/food-delivery/la-bamba-madison-wi/sU9Zt5-zQxyKlYWvAoQLdg,verona-wisconsin
https://www.ubereats.com/madison/food-delivery/mcdonalds-greenway-%26-john-q-hammons/ffWEVuOSQWmB_aY7H39c5A,verona-wisconsin
https://www.ubereats.com/madison/food-delivery/starbucks-south-gammon-%26-mineral-point/vQDPNmEHSKGYGOTW2_FDMA,verona-wisconsin
https://www.ubereats.com/madison/food-delivery/maharani-restaurant/iZWHkd3iRXKABdNZjKiUGw,verona-wisconsin
https://www.ubereats.com/madison/food-delivery/conrads-grill-madison/vajVjn0PT4SCFKcaTHUHUQ,verona-wisconsin
https://www.ubereats.com/madison/food-delivery/el-pastor/R5K03P6CQKSnXxQ232Djbw,verona-wisconsin
https://www.ubereats.com/madison/food-delivery/taco-bell-671-hometown-circle/iIRU9COnTDKdyr3g4ESDdw,verona-wisconsin
https://www.ubereats.com/madison/food-delivery/milios-sandwiches-462-commerce-drive/9uw8OBBWQVaVtk_ZHc6KBA,verona-wisconsin
https://www.ubereats.com/madison/food-delivery/mooyah-burgers-madison-state-street/mC5ma1npS-CHI2ryE90cfQ,verona-wisconsin
https://www.ubereats.com/madison/food-delivery/blended/obpWIgIzRzuw6GjZcJ_0pA,verona-wisconsin
https://www.ubereats.com/madison/food-delivery/naples-15/z3qf-vqUSaWLNONOA6MBig,verona-wisconsin
https://www.ubereats.com/madison/food-delivery/mcdonalds-state-st-near-alpine/nsR6kPcWRtGOjYfrmtK3vg,verona-wisconsin
https://www.ubereats.com/madison/food-delivery/nitty-gritty-madison/pCfH3QX6QwujNFWz6BlwUA,verona-wisconsin
https://www.ubereats.com/madison/food-delivery/mcdonalds-university-%26-maple/hQ_6pIcfSKuomHb1yPgouQ,verona-wisconsin
https://www.ubereats.com/madison/food-delivery/taqueria-guadalajara/RirSZLheQg-W7NbvjM4oXg,verona-wisconsin
https://www.ubereats.com/madison/food-delivery/steak-escape-118w-towne-mall/kdgQPTH6QK-l_TQSTbL-Jw,verona-wisconsin
https://www.ubereats.com/madison/food-delivery/dunkin-1401-emil-st/QDZaQEIlTwiUo3ctmYwVtQ,verona-wisconsin
https://www.ubereats.com/madison/food-delivery/papa-johns-mckee/-Z1OpFQHTMiARyUdu93tOg,verona-wisconsin
https://www.ubereats.com/madison/food-delivery/sliced-deli/5cgh8wpzS4iLeJ2laxRRbA,verona-wisconsin
https://www.ubereats.com/madison/food-delivery/papa-murphys-1021-north-edge-trail/ZuVfn4phSkOEuCI5nOBzsA,verona-wisconsin
https://www.ubereats.com/madison/food-delivery/firehouse-subs-emil-st/hNprALJtQhKaT2xVdkPboQ,verona-wisconsin
https://www.ubereats.com/madison/food-delivery/sa-bai-thong-thai-cuisine/mEHfNcE4SpuiabpZs-yYeA,verona-wisconsin
https://www.ubereats.com/madison/food-delivery/arbys-8321-murphy-drive/0KweHJ6ERaSrFRsv3hS85w,verona-wisconsin
https://www.ubereats.com/madison/food-delivery/dennys-433-s-gammon-rd/BaGvtjvBSWyrPU2aQg8eyQ,verona-wisconsin
https://www.ubereats.com/madison/food-delivery/qdoba-6650-mineral-point-road/lLLlb5eSTKWvW0UoNqBGcg,verona-wisconsin
https://www.ubereats.com/madison/food-delivery/royal-indian-cuisine/ymsupPl1QSKsM9Wb0GMjBg,verona-wisconsin
https://www.ubereats.com/madison/food-delivery/qdoba-2-n-park-street/QrOSjqhyTnWXSnUb7cnOTQ,verona-wisconsin
https://www.ubereats.com/madison/food-delivery/sunny-pho/_aNuCojJRiumxUff5F83SQ,verona-wisconsin
https://www.ubereats.com/madison/food-delivery/chipotle-mexican-grill-8422-old-sauk-rd/YcDk1KIYSYSc81jKeMFO_A,verona-wisconsin
https://www.ubereats.com/madison/food-delivery/auntie-annes-9-west-towne-mall/suxgtGt1QtytihWr_zCtqA,verona-wisconsin
https://www.ubereats.com/madison/food-delivery/arbys-4-collins-ct/45AzEB0QQwCx0SDlwHvW1A,verona-wisconsin
