url,city
https://www.ubereats.com/cincinnati/food-delivery/tonys-mac-%26-more/IDXyv5QgTneZtrESnc9byQ,villa-hills-kentucky
https://www.ubereats.com/cincinnati/food-delivery/tin-roof/bw4ZSH9ATcWOmB1xnOSDYQ,villa-hills-kentucky
https://www.ubereats.com/cincinnati/food-delivery/locoba-by-platform/auA8JBhbTqe4pRSGUU-ZJQ,villa-hills-kentucky
https://www.ubereats.com/cincinnati/food-delivery/gold-star-chili-erlanger/SuWI09NiSWu3FhWdXLTQ0g,villa-hills-kentucky
https://www.ubereats.com/cincinnati/food-delivery/hot-head-burritos-newport/WvE6vaZGSaiPllT5a_piAQ,villa-hills-kentucky
https://www.ubereats.com/cincinnati/food-delivery/wishbone-tavern/CKSlXes0QLy2LY0-8zS6Bg,villa-hills-kentucky
https://www.ubereats.com/cincinnati/food-delivery/subway-2196-dixie-hwy/ni1JkaUJTk29NP8OEFZlBA,villa-hills-kentucky
https://www.ubereats.com/cincinnati/food-delivery/veracruz-mexican-grill/7qtVlstFTQq3XUGzqsRzrA,villa-hills-kentucky
https://www.ubereats.com/cincinnati/food-delivery/lucius-q/sX6oFnvTTR2U-2jJqeds-Q,villa-hills-kentucky
https://www.ubereats.com/cincinnati/food-delivery/famous-daves-florence/ScFuxygOSkSFQk6mJbuOrg,villa-hills-kentucky
https://www.ubereats.com/cincinnati/food-delivery/akasan-japanese-street-eats-downtown/GRwrA6hYRLqXuA_tFuQL0w,villa-hills-kentucky
https://www.ubereats.com/cincinnati/food-delivery/simply-rolled-ice-cream/WAjGKjYiQrW4liN2YnIB_w,villa-hills-kentucky
https://www.ubereats.com/cincinnati/food-delivery/arbys-91/CzXOdeK2StWsVxsJ8vntNQ,villa-hills-kentucky
https://www.ubereats.com/cincinnati/food-delivery/zeus-mediterranean-grill/lZuzIVoMSo6T9vzWlYhF7A,villa-hills-kentucky
https://www.ubereats.com/cincinnati/food-delivery/chipotle-mexican-grill-258-stetson-st/kf_uq1yBRfC9vg3c1bcX8A,villa-hills-kentucky
https://www.ubereats.com/cincinnati/food-delivery/burger-king-45-fairfield-avenue/dWBuLbriTBOJjw4bQLBKLw,villa-hills-kentucky
https://www.ubereats.com/cincinnati/food-delivery/maka-mia-pizza/ggq8lhJqTqusFXmxM78rKw,villa-hills-kentucky
https://www.ubereats.com/cincinnati/food-delivery/hot-head-burritos-3497-valley-plaza-pkwy/tImS5kh5Rf-Ua2dnHyrSLg,villa-hills-kentucky
https://www.ubereats.com/cincinnati/food-delivery/burger-king-316-philadelphia-street/2dUTE0skTAi6j89epKehXg,villa-hills-kentucky
https://www.ubereats.com/cincinnati/food-delivery/pendleton-parlor%3A-ice-cream-%26-cookie-dough/Ls2OBjbZSuiPsz0KQTlgZw,villa-hills-kentucky
https://www.ubereats.com/cincinnati/food-delivery/taco-bell-3400-madison-pike/Iqz_1P6TQianBvlQpoTIWw,villa-hills-kentucky
https://www.ubereats.com/cincinnati/food-delivery/bob-evans-44-5245-north-bend-road/323CUP-eSaKJPbX3IaHJXA,villa-hills-kentucky
https://www.ubereats.com/cincinnati/food-delivery/kfc-3003-reading-rd/d1s8V8LZQfOKF6Jms6X8vw,villa-hills-kentucky
https://www.ubereats.com/cincinnati/food-delivery/subway-2522-hazelwood-dr/CqSu53TMRQWkFfWLqHSAtQ,villa-hills-kentucky
https://www.ubereats.com/cincinnati/food-delivery/parlor-on-seventh/uh4oTT4gRIejYjw0pRK6-w,villa-hills-kentucky
https://www.ubereats.com/cincinnati/food-delivery/nick-%26-toms/fN4iqxrzRgisUEUl591RIw,villa-hills-kentucky
https://www.ubereats.com/cincinnati/food-delivery/donatos-pizza-3044-dixie-highway/pRP_xwynScCtmfOfpu7eng,villa-hills-kentucky
https://www.ubereats.com/cincinnati/food-delivery/drunken-tacos/TQJ1gTuxSEuvgWnFniltDA,villa-hills-kentucky
https://www.ubereats.com/cincinnati/food-delivery/hot-head-burritos-mt-zion/Ho-n9xGnTImI85jnegxYHQ,villa-hills-kentucky
https://www.ubereats.com/cincinnati/food-delivery/pleasantry/yZCv5wjHRQGTFNciWsfGWg,villa-hills-kentucky
https://www.ubereats.com/cincinnati/food-delivery/amol-india-restaurant/X-xXLPVRSqSGAeNQmc5f8A,villa-hills-kentucky
https://www.ubereats.com/cincinnati/food-delivery/dixie-chili-covington/CYVu2zNVTDG-Q3sNyep1wA,villa-hills-kentucky
https://www.ubereats.com/cincinnati/food-delivery/maverick-chocolate-co/NokZ5w5XRmm4yRCLUjkSyw,villa-hills-kentucky
https://www.ubereats.com/cincinnati/food-delivery/taste-of-belgium-crestview/1YgTgIo4S8S8W6P7EMmW7A,villa-hills-kentucky
https://www.ubereats.com/cincinnati/food-delivery/asian-spice/tjmC9F12R7Ku-w2tE_euAA,villa-hills-kentucky
https://www.ubereats.com/cincinnati/food-delivery/chipotle-mexican-grill-5555-glenway-ave-ste-700/QUyX10k6S7CJoI-ihqM1iA,villa-hills-kentucky
https://www.ubereats.com/cincinnati/food-delivery/kidd-coffee-huntington-bank-tower/I0V3wZBGQ7WXesLDK0Mg2A,villa-hills-kentucky
https://www.ubereats.com/cincinnati/food-delivery/dunkin-425-walnut-st/4R4I1cVFSvekBtWfurLH2g,villa-hills-kentucky
https://www.ubereats.com/cincinnati/food-delivery/hooters-riverboat-%26-park/oDzaxL1WTuKBo5jmdHW1Cg,villa-hills-kentucky
https://www.ubereats.com/cincinnati/food-delivery/peking-restaurant/CCxTVxWISGm9ihJv8zS3fg,villa-hills-kentucky
https://www.ubereats.com/cincinnati/food-delivery/fortune-noodle-house/ObfJmiNkQTip5NjQ2ZGa7g,villa-hills-kentucky
https://www.ubereats.com/cincinnati/food-delivery/incline-smoke-shack-cincinnati/fJVXeEmBTmqFIB0upv0YDA,villa-hills-kentucky
https://www.ubereats.com/cincinnati/food-delivery/fish-express/K6--ipOrSVqslskJWkhmQg,villa-hills-kentucky
https://www.ubereats.com/cincinnati/food-delivery/izzys-florence/qk3CfXsfS1iusGUvD98Obw,villa-hills-kentucky
https://www.ubereats.com/cincinnati/food-delivery/covington-chili/ilSi2ElARHKOf1nzHVNi4Q,villa-hills-kentucky
https://www.ubereats.com/cincinnati/food-delivery/el-nopal/LGcjdE2HR7mB2gViOm92Ww,villa-hills-kentucky
https://www.ubereats.com/cincinnati/food-delivery/graeters-ice-cream-fort-mitchell/AlZ4NdvxT8CRmRR13kvAJw,villa-hills-kentucky
https://www.ubereats.com/cincinnati/food-delivery/graeters-western-hills/b_3FSGIZTpmEYH-Qhsr-8Q,villa-hills-kentucky
https://www.ubereats.com/cincinnati/food-delivery/mcdonalds-warsaw-%26-ross/DCyBtxE8QsC5gZ8qY0_cTg,villa-hills-kentucky
https://www.ubereats.com/cincinnati/food-delivery/chick-fil-a-3436-madison-pike-route-17/LcOT-bhrTluHOiw2wtFKXg,villa-hills-kentucky
https://www.ubereats.com/cincinnati/food-delivery/starbucks-mall-%26-plaza/DfNWu27sT62L0WWmjT3XNQ,villa-hills-kentucky
https://www.ubereats.com/cincinnati/food-delivery/mcdonalds-monmouth-%26-zott/fUr0WE2zScG09NnmByN1wg,villa-hills-kentucky
https://www.ubereats.com/cincinnati/food-delivery/bucks-bbq/fdOS5hLJTIumOcQpzRLzpA,villa-hills-kentucky
https://www.ubereats.com/cincinnati/food-delivery/burger-king-6452-glenway-avenue/uwlcWeorSnSJPIlgqo3zuw,villa-hills-kentucky
https://www.ubereats.com/cincinnati/food-delivery/jets-pizza-1305-monmouth-st/K0o6E15bQla5DE4ynZwEIA,villa-hills-kentucky
https://www.ubereats.com/cincinnati/food-delivery/gaslight-bar-%26-grill/U1-AVDr1QCur2nCi68QIXA,villa-hills-kentucky
https://www.ubereats.com/cincinnati/food-delivery/elephant-walk-indian-ethiopian-bar-and-grill/nIeiwn7KTDmTAP1OhV_DPA,villa-hills-kentucky
https://www.ubereats.com/cincinnati/food-delivery/firehouse-subs-3065-north-bend-rd/VR072C68QASIgKmoC-QQqA,villa-hills-kentucky
https://www.ubereats.com/cincinnati/food-delivery/sahara-restaurant/eVlumCJERy2iRfGO8JfwEg,villa-hills-kentucky
https://www.ubereats.com/cincinnati/food-delivery/gigis-cupcakes-7753-mall-rd/d0pJetM7RKmKP4FuPBhEKA,villa-hills-kentucky
https://www.ubereats.com/cincinnati/food-delivery/silver-ladle-walnut/wV3l-XuXQD-9LHzKKBtEQQ,villa-hills-kentucky
https://www.ubereats.com/cincinnati/food-delivery/e%2Bo-new-asian/Tqvb5OpDQTGs7Dk5EVypWw,villa-hills-kentucky
https://www.ubereats.com/cincinnati/food-delivery/babushka-pierogies/ItKmnWtEQAGGzE5hwYRXlg,villa-hills-kentucky
https://www.ubereats.com/cincinnati/food-delivery/wendys-7434-turfway-rd/0j2U2C5TRQut5YUz_iEE_A,villa-hills-kentucky
https://www.ubereats.com/cincinnati/food-delivery/just-qin-bbq/cvzzBeLYTOKUTuj_Y7tCUQ,villa-hills-kentucky
https://www.ubereats.com/cincinnati/food-delivery/papa-johns-7th-st-%26-elm/4HAGwBJuSaOP4BzDSdXdlQ,villa-hills-kentucky
https://www.ubereats.com/cincinnati/food-delivery/papa-johns-4505-1-2-west-8th-street/2y2fLTZBTiifDxyZ82qjyQ,villa-hills-kentucky
https://www.ubereats.com/cincinnati/food-delivery/saundras-kitchen/8bGZDPq1QVqGO0fKHYEQEA,villa-hills-kentucky
https://www.ubereats.com/cincinnati/food-delivery/bucks-bbq/v35FD3BdQ761aG1GpZNMEw,villa-hills-kentucky
https://www.ubereats.com/cincinnati/food-delivery/first-watch-crestview/ts72K4RQS3qHCr12-0FYqw,villa-hills-kentucky
https://www.ubereats.com/cincinnati/food-delivery/rooted-juicery/PKWOhwqBQhyUNFP3vrs32g,villa-hills-kentucky
https://www.ubereats.com/cincinnati/food-delivery/oriental-express-llc/r5EzYOx-RNyYzr3zsdVipA,villa-hills-kentucky
https://www.ubereats.com/cincinnati/food-delivery/buddha-barn/ZMMgxbVMRn2Fd1U9hsfvPQ,villa-hills-kentucky
https://www.ubereats.com/cincinnati/food-delivery/kidd-coffee-parent/c3QdaAX2QyOqRkaj8Z4NaA,villa-hills-kentucky
https://www.ubereats.com/cincinnati/food-delivery/the-mercer-otr/RMa8sr-KSKODcCl3iAtDCg,villa-hills-kentucky
https://www.ubereats.com/cincinnati/food-delivery/kidd-coffee-carew-tower/57wdtGeKTSCOEO44Eh70TQ,villa-hills-kentucky
https://www.ubereats.com/cincinnati/food-delivery/center-hub-deli-%26-catering/OO-MfAUgSG6HThLsDt_Dbg,villa-hills-kentucky
https://www.ubereats.com/cincinnati/food-delivery/ravis-hyderabad-house/dKZFlrSMQtSInMLKCojX9w,villa-hills-kentucky
https://www.ubereats.com/cincinnati/food-delivery/acapulco-turfway/mA4me8HqRNaEPEYTluI3DA,villa-hills-kentucky
https://www.ubereats.com/cincinnati/food-delivery/fusabowl-cincinnati/frytlQgDRg2pbjcY3von1w,villa-hills-kentucky
https://www.ubereats.com/cincinnati/food-delivery/the-arepa-place/7P4SOxGfSFS303aKaY-MWQ,villa-hills-kentucky
https://www.ubereats.com/cincinnati/food-delivery/mikes-chili-and-gyros/6J8ewp0YRqmlv78x0XjLOA,villa-hills-kentucky
https://www.ubereats.com/cincinnati/food-delivery/all-in-one-occasions/nUgVstpZToWErnoNo0XgIg,villa-hills-kentucky
https://www.ubereats.com/cincinnati/food-delivery/panda-express-6805-houston-road/U4TUsYDQQ-2Vr8HDSXOZtA,villa-hills-kentucky
https://www.ubereats.com/cincinnati/food-delivery/crzy-monk/SuvR2B-NRZOWL0qZMXKkcA,villa-hills-kentucky
https://www.ubereats.com/cincinnati/food-delivery/raffertys-restaurant-florence/3DWzDbTXSR-1AyhPWuJyRA,villa-hills-kentucky
https://www.ubereats.com/cincinnati/food-delivery/kfc-6444-glenway-ave/mqbNfDN7QF6qspPcZxNVrg,villa-hills-kentucky
https://www.ubereats.com/cincinnati/food-delivery/el-ocho-loco/pyQsJvoeSDmM4Vi2I2pPVA,villa-hills-kentucky
https://www.ubereats.com/cincinnati/food-delivery/hooties-burger-bar-7200-houston-road/YkD_GGNAQ_eDiHBC4FoaNw,villa-hills-kentucky
https://www.ubereats.com/cincinnati/food-delivery/sugarfire-smoke-house/taGo-sCtQDKF-Cn6KfLvtw,villa-hills-kentucky
https://www.ubereats.com/cincinnati/food-delivery/chipotle-mexican-grill-1803-patrick-dr/LRFYnc3sQme5u7BOaDuR6A,villa-hills-kentucky
https://www.ubereats.com/cincinnati/food-delivery/gyros-on-main/iIncHOPMTYi07NAUd2HNeQ,villa-hills-kentucky
https://www.ubereats.com/cincinnati/food-delivery/mccormick-%26-schmicks-21-east-5th-street/FAKxj9MvQRmpEWDnRbrysw,villa-hills-kentucky
https://www.ubereats.com/cincinnati/food-delivery/kj-seafood/oQ3HN8cFRWCitmtRu2o7IA,villa-hills-kentucky
https://www.ubereats.com/cincinnati/food-delivery/white-castle-8101-us-42/Hjm_YDzGSg2xIuP8PFzJ-Q,villa-hills-kentucky
https://www.ubereats.com/cincinnati/food-delivery/fresh-eat-cincinnati/_-DCPFInRxOwio39iymkVw,villa-hills-kentucky
https://www.ubereats.com/cincinnati/food-delivery/fiery-hen/d5u8U3UwSfCaJsUyEButWA,villa-hills-kentucky
https://www.ubereats.com/cincinnati/food-delivery/dunkin-5991-glenway-ave/QWkFCYL3Qq2Gp1gCFsSvMA,villa-hills-kentucky
https://www.ubereats.com/cincinnati/food-delivery/the-bagelry/fV7-cHk4SO-0ZVfCcB_ILw,villa-hills-kentucky
https://www.ubereats.com/cincinnati/food-delivery/arbys-934/UCoXME2SQ3umoQ1z05CQ0g,villa-hills-kentucky
https://www.ubereats.com/cincinnati/food-delivery/buffalo-wild-wings-8840-bankers-st/kZUZx5oXQVmmdonJpUFhnQ,villa-hills-kentucky
https://www.ubereats.com/cincinnati/food-delivery/wendys-4385-winston-avenue/gEEk7nnfRh2JoM-TJFTjhw,villa-hills-kentucky
https://www.ubereats.com/cincinnati/food-delivery/sake-bomb-sushi/mBHBI2dOQQOGB3A0xF6Pug,villa-hills-kentucky
https://www.ubereats.com/cincinnati/food-delivery/the-dapper-doughnut/lKi7TUmjSwmQVVbuBO8LEA,villa-hills-kentucky
https://www.ubereats.com/cincinnati/food-delivery/dunkin-1085-burlington-pike/jt2PeNKATkaiqiYl7_Urag,villa-hills-kentucky
https://www.ubereats.com/cincinnati/food-delivery/dope!-asian-street-fare/7gvJSziMTame48dNEeyq9w,villa-hills-kentucky
https://www.ubereats.com/cincinnati/food-delivery/mcdonalds-glenway-%26-lawrence/itfBwz4vSzq0BXTiqvWPyw,villa-hills-kentucky
https://www.ubereats.com/cincinnati/food-delivery/wendys-6243-glenway-ave/BMXPqE1OQXWQURx4gSlDNA,villa-hills-kentucky
https://www.ubereats.com/cincinnati/food-delivery/fazolis-5990-fuller-street/WnhDYLZCRE6gp_Ld0XU5UQ,villa-hills-kentucky
https://www.ubereats.com/cincinnati/food-delivery/mcdonalds-old-taylor-mill-%26-pride/Nyi4k5i7Qei9khl21NpkBg,villa-hills-kentucky
https://www.ubereats.com/cincinnati/food-delivery/galla-park/HWNDx05SQJeqD-GNiZR5fg,villa-hills-kentucky
https://www.ubereats.com/cincinnati/food-delivery/cincy-seafood/0Jd3ycmlRY-3bjJ7D1c6RQ,villa-hills-kentucky
https://www.ubereats.com/cincinnati/food-delivery/wendys-1246-hopple-street/muPxgrxKQgKMvNgbwoXRog,villa-hills-kentucky
https://www.ubereats.com/cincinnati/food-delivery/jets-pizza/xpK1-lptQl-RZ8fvouvVmA,villa-hills-kentucky
https://www.ubereats.com/cincinnati/food-delivery/firehouse-subs-6805-houston-rd-suite-700/SN3jy04ZQVW0aupAtd1rOg,villa-hills-kentucky
https://www.ubereats.com/cincinnati/food-delivery/buckhead-mountain-grill-bellevue-ky/woEGl4I7TiqaM05FcTA-QQ,villa-hills-kentucky
https://www.ubereats.com/cincinnati/food-delivery/graeters-harrison-greene/CFYwO_3vRra_lxLsrIdsNg,villa-hills-kentucky
https://www.ubereats.com/cincinnati/food-delivery/price-hill-chili/cyFZDJS0QT6ReNY0s4CYWw,villa-hills-kentucky
https://www.ubereats.com/cincinnati/food-delivery/molly-malones-irish-pub-%26-restaurant/c8XatXK4QSqRCsbKU_u0gA,villa-hills-kentucky
https://www.ubereats.com/cincinnati/food-delivery/steak-n-shake-7485-foltz-drive/7G4wgNWwQyGbE7rqNOLNtQ,villa-hills-kentucky
https://www.ubereats.com/cincinnati/food-delivery/brio-1-levee-way/Qrff3MS5RJimAJMoNej89Q,villa-hills-kentucky
https://www.ubereats.com/cincinnati/food-delivery/fishbowl/3NSrLPf8SWGFaiR6wC84og,villa-hills-kentucky
https://www.ubereats.com/cincinnati/food-delivery/rusconi-pizza/y9q4cc-oSjuPfOx3rVltfg,villa-hills-kentucky
https://www.ubereats.com/cincinnati/food-delivery/papa-johns-chelsea-drive/mrsMkHNRSDqvyN3dTh_12w,villa-hills-kentucky
https://www.ubereats.com/cincinnati/food-delivery/nada-cincinnati/7F5ri7BdQcaUG1XEvuD5EA,villa-hills-kentucky
https://www.ubereats.com/cincinnati/food-delivery/dunkin-511-walnut-st/74T1r6fJRXut-p9PQV6Ldw,villa-hills-kentucky
https://www.ubereats.com/cincinnati/food-delivery/maya-indian-restaurant/fmwANn7VTYWtsvj-LmjFow,villa-hills-kentucky
https://www.ubereats.com/cincinnati/food-delivery/mcdonalds-dixie-%26-turfway/CgpQiignQgOj6wvPadBjPQ,villa-hills-kentucky
https://www.ubereats.com/cincinnati/food-delivery/subway-1990-highland-pike/DGQva5EOQBCkaJLW1YtHcA,villa-hills-kentucky
https://www.ubereats.com/cincinnati/food-delivery/chipotle-mexican-grill-525-buttermilk-pike/RMgKauKiSP2Rgi3GqgFmFw,villa-hills-kentucky
https://www.ubereats.com/cincinnati/food-delivery/kfc-1315-monmouth-street/gmDwA8_oSpSzNW8xeWlFqQ,villa-hills-kentucky
https://www.ubereats.com/cincinnati/food-delivery/elis-bbq-at-findlay-market/2llyxfkFTpe5DVDrYbv-Cw,villa-hills-kentucky
https://www.ubereats.com/cincinnati/food-delivery/kfc-3040-dixie-highway/7irgUdO9ToGx-b8vdO6uvA,villa-hills-kentucky
https://www.ubereats.com/cincinnati/food-delivery/taco-bell-609-emily-drive/4MA3R37HTvyYBZD77-ILxQ,villa-hills-kentucky
https://www.ubereats.com/cincinnati/food-delivery/arbys-5124/6mlyVSJXRrm_Fb7a2-rchA,villa-hills-kentucky
https://www.ubereats.com/cincinnati/food-delivery/chipotle-mexican-grill-3459-valley-plaza-pkwy/3kjBvDRERwemcTEd40UMDQ,villa-hills-kentucky
https://www.ubereats.com/cincinnati/food-delivery/shanghai-mamas/rw2II9e0RtOaTrCgYm3Uug,villa-hills-kentucky
https://www.ubereats.com/cincinnati/food-delivery/dunkin-2410-high-st/GLGZr8qrT42Nx-M4gibg3A,villa-hills-kentucky
https://www.ubereats.com/cincinnati/food-delivery/chipotle-mexican-grill-9039-us-highway-42-ste-a/YffVdYpfTMqkMUTSkqyEjw,villa-hills-kentucky
https://www.ubereats.com/cincinnati/food-delivery/starbucks-western-hills-glenway-ave/W_8GGBqUSRC8Sbwg2OCRXA,villa-hills-kentucky
https://www.ubereats.com/cincinnati/food-delivery/tea-n-bowl/stSxyXU_S5a9Bbv80i60Ug,villa-hills-kentucky
https://www.ubereats.com/cincinnati/food-delivery/7850-bonefish-grill-588-buttermilk-pike/HI5VXfr0SPWDq3mrsyXV2g,villa-hills-kentucky
https://www.ubereats.com/cincinnati/food-delivery/trailhead-coffee/BrSGH00iSjK_ph_hkxlP-w,villa-hills-kentucky
https://www.ubereats.com/cincinnati/food-delivery/fort-thomas-deli-mart/h2yU-ZhPR22ZNvjXYzNPQw,villa-hills-kentucky
https://www.ubereats.com/cincinnati/food-delivery/servatii-pastry-shop-%26-deli-western-hills/fD3j9aFTRPqNAf3fD8a14g,villa-hills-kentucky
https://www.ubereats.com/cincinnati/food-delivery/cottage-breakfast/7fhkDU6qSauHvsxeTV9wxA,villa-hills-kentucky
https://www.ubereats.com/cincinnati/food-delivery/mcdonalds-philadelphia-%26-3rd-st/KskArxKtRqqbwXlgqzJhzA,villa-hills-kentucky
https://www.ubereats.com/cincinnati/food-delivery/quesadilla-station/W_1S3EAFTR6fLiK0k0pDvA,villa-hills-kentucky
https://www.ubereats.com/cincinnati/food-delivery/ihop-6885-houston-road/XdtK1skmTjObvOclxlniMw,villa-hills-kentucky
https://www.ubereats.com/cincinnati/food-delivery/maize-arepas-and-bar/g7NR-_Z4RWq4pmvZD1Akxw,villa-hills-kentucky
https://www.ubereats.com/cincinnati/food-delivery/hot-head-burritos-3497-valley-plaza-k/JfucrNRwQnGvb6Nw63pBkw,villa-hills-kentucky
https://www.ubereats.com/cincinnati/food-delivery/auntie-annes-florence-mall-space-2092-2092-florence-mall/Gay-w3jzRZGxjfhKuWptlg,villa-hills-kentucky
https://www.ubereats.com/cincinnati/food-delivery/kfc-taco-bell-5067-sandman-dr/-nAKzVNTRqivc6gc5lD0XQ,villa-hills-kentucky
https://www.ubereats.com/cincinnati/food-delivery/guru-india-restaurant/JmlTPr9IR_6xnw6Wd4WP-w,villa-hills-kentucky
https://www.ubereats.com/cincinnati/food-delivery/sweet-petit-desserts/fOftXb6-TVuN-Dr6ODVCMA,villa-hills-kentucky
https://www.ubereats.com/cincinnati/food-delivery/somm-wine-bar-and-kitchen/yKwTuPoRQq2uLHWQKDH19w,villa-hills-kentucky
https://www.ubereats.com/cincinnati/food-delivery/arbys-885/edHdhlFLQYuWNUg7-CgsqA,villa-hills-kentucky
https://www.ubereats.com/cincinnati/food-delivery/dixie-chili-erlanger/RqFiLeW_QM6eShZLWwJCMw,villa-hills-kentucky
https://www.ubereats.com/cincinnati/food-delivery/starbucks-crestview-hills/o2DRTpyxQOWaj0PYCyTqdw,villa-hills-kentucky
https://www.ubereats.com/cincinnati/food-delivery/macs-pizza-pub-mainstrasse/MxLe10j7TYmgJwgD02aPcw,villa-hills-kentucky
https://www.ubereats.com/cincinnati/food-delivery/raya-lebanese/1W8nq3YSS2u5eMQzASD2Uw,villa-hills-kentucky
https://www.ubereats.com/cincinnati/food-delivery/simply-rolled-ice-cream-otr/fEu5HHo0SSKg6thQcCt2hA,villa-hills-kentucky
https://www.ubereats.com/cincinnati/food-delivery/white-castle-5301-delhi-rd/Rc4TkY5_QiK8aatwrF344A,villa-hills-kentucky
https://www.ubereats.com/cincinnati/food-delivery/kidd-coffee-macys-tower/xh9O7VsPSPCu-eyTaiYF4Q,villa-hills-kentucky
https://www.ubereats.com/cincinnati/food-delivery/jersey-mikes-subs/bJm14HCSSZCA5itIg_x-Gg,villa-hills-kentucky
https://www.ubereats.com/cincinnati/food-delivery/long-john-silvers-3600-harrison-avenue/16foiqwPSSG_P2-jUzjgtw,villa-hills-kentucky
https://www.ubereats.com/cincinnati/food-delivery/holtmans-donut-shop/bMV1kv0-THG6xYQLEGOYuw,villa-hills-kentucky
https://www.ubereats.com/cincinnati/food-delivery/teak-thai-cuisine-and-sushi-bar/7JKUeiRYTrqED-XkuO4TYQ,villa-hills-kentucky
https://www.ubereats.com/cincinnati/food-delivery/big-jeffs-fish-%26-chicken/5-H6d-ojShmRaVmJLl0_jA,villa-hills-kentucky
https://www.ubereats.com/cincinnati/food-delivery/buffalo-wild-wings-83-carothers-rd/Mk9tzPQVTyeX9gVmlWq8pA,villa-hills-kentucky
https://www.ubereats.com/cincinnati/food-delivery/mcdonalds-dream-%26-us-42/wuCY_euYR-KE-aVlZ7W7AA,villa-hills-kentucky
https://www.ubereats.com/cincinnati/food-delivery/full-circle-pies/gYQewjzIRcG7tlhJgbmuxg,villa-hills-kentucky
https://www.ubereats.com/cincinnati/food-delivery/chic-fil-a/eqFGLpaORMePaC89Gul9eQ,villa-hills-kentucky
https://www.ubereats.com/cincinnati/food-delivery/sotto/Qssk1poGS_S7Y46KEcu1QA,villa-hills-kentucky
https://www.ubereats.com/cincinnati/food-delivery/chipotle-mexican-grill-6440-harrison-ave/FPZn-OWiRie2FgcKJ620MQ,villa-hills-kentucky
https://www.ubereats.com/cincinnati/food-delivery/buffalo-wild-wings-3441-valley-plaza-parkway-a/9Jb0ZaiUQ-S9jzGzyfmVbg,villa-hills-kentucky
https://www.ubereats.com/cincinnati/food-delivery/gold-star-chili-latonia/ev5lV2qTSYuU60OnHToorA,villa-hills-kentucky
https://www.ubereats.com/cincinnati/food-delivery/drunken-bento/tklm0Zh5SNianxGIYFlZvQ,villa-hills-kentucky
https://www.ubereats.com/cincinnati/food-delivery/dusmesh-indian-restaurant/w7Y_5bFRSaCJxWbgXpx2xQ,villa-hills-kentucky
https://www.ubereats.com/cincinnati/food-delivery/mama-lo-hizo/LqB5wn0RS7iZWC0Wd9kImg,villa-hills-kentucky
https://www.ubereats.com/cincinnati/food-delivery/hook-fish-%26-chicken/cnSssZ5nTS-iWcf1o5RFRg,villa-hills-kentucky
https://www.ubereats.com/cincinnati/food-delivery/gold-star-chili-covington/KgwX8VwjR5qkpXjrpc30XQ,villa-hills-kentucky
https://www.ubereats.com/cincinnati/food-delivery/dunkin-508-commonwealth-ave/1xDeCZDTRz24IYW1hubJ4g,villa-hills-kentucky
https://www.ubereats.com/cincinnati/food-delivery/wendys-3069-dixie-hwy/g3x3Oqr_QZKX9BN67c2JEw,villa-hills-kentucky
https://www.ubereats.com/cincinnati/food-delivery/plum-street-cafe/4CvQFy-cQ7-JZ7Li_c5irQ,villa-hills-kentucky
https://www.ubereats.com/cincinnati/food-delivery/gutierrez-deli/CfMDfTkOQvmz7dynFr1Cug,villa-hills-kentucky
https://www.ubereats.com/cincinnati/food-delivery/trottas-steak-and-seafood/xabDnCgcTay5-CQmi_82Ww,villa-hills-kentucky
https://www.ubereats.com/cincinnati/food-delivery/prvlgd-sushi-bar/YGAa8zecQIaD4fRXi9Wwig,villa-hills-kentucky
https://www.ubereats.com/cincinnati/food-delivery/kfc-8055-us-42/VKTO24IpRWq4KOlL3u95dw,villa-hills-kentucky
https://www.ubereats.com/cincinnati/food-delivery/mcalisters-1192-2865-dixie-highway/d7izmhO_R42cojqM7HxKnQ,villa-hills-kentucky
https://www.ubereats.com/cincinnati/food-delivery/grammas-pizza/1O_Aj7yeQVSiLs4jnoGSaA,villa-hills-kentucky
https://www.ubereats.com/cincinnati/food-delivery/pipers-cafe/MBVboTOSS5WyjmZ7kItswg,villa-hills-kentucky
https://www.ubereats.com/cincinnati/food-delivery/buffalo-wild-wings/u2QuV801TtyA0KwZh5DvmA,villa-hills-kentucky
https://www.ubereats.com/cincinnati/food-delivery/panera-204927/lJclFPejSAyc5kFVNTS6yg,villa-hills-kentucky
https://www.ubereats.com/cincinnati/food-delivery/chipotle-mexican-grill-6455-glenway-ave/0-4B7pf8T-m64egPld12FA,villa-hills-kentucky
https://www.ubereats.com/cincinnati/food-delivery/hooties-burger-bar-301-riverboat-row/YIVSVmB0S62Q6GZhoI-vGg,villa-hills-kentucky
https://www.ubereats.com/cincinnati/food-delivery/chipotle-mexican-grill-3100-dixie-hwy/LQZchH_CQBm9A1Fi7-eFxg,villa-hills-kentucky
https://www.ubereats.com/cincinnati/food-delivery/bob-evans-342-6318-glenway-avenue/qh3LojUTR8GAqyXTHFTzRQ,villa-hills-kentucky
https://www.ubereats.com/cincinnati/food-delivery/noodles-%26-company-193-pavilion-pkwy/qyYHm45cTciYhU1fI45fQg,villa-hills-kentucky
https://www.ubereats.com/cincinnati/food-delivery/buffalo-bobs-family-restaurant/MoH_qrypTVurKE5ztFBQ3A,villa-hills-kentucky
https://www.ubereats.com/cincinnati/food-delivery/gold-star-chili-western-hills/7QjhIAlFRNqXdWOt2BN2GA,villa-hills-kentucky
https://www.ubereats.com/cincinnati/food-delivery/taco-bell-1003-gest-street/58lIydYTRXuqovjw0wsCvQ,villa-hills-kentucky
https://www.ubereats.com/cincinnati/food-delivery/gold-star-chili-7649-mall-road/YHIwRNoLTRqsR2ej_tdi3g,villa-hills-kentucky
https://www.ubereats.com/cincinnati/food-delivery/bob-evans-292-489-orphanage-road/7d48REcdQfGlF5czpMSw3w,villa-hills-kentucky
https://www.ubereats.com/cincinnati/food-delivery/subway-1055-hansel-ave/D9RiNfPoRsivXIAzUV4RcA,villa-hills-kentucky
https://www.ubereats.com/cincinnati/food-delivery/bambooz-bar-%26-grill/sZV5zCq8S8OBcbDCtrTNOw,villa-hills-kentucky
https://www.ubereats.com/cincinnati/food-delivery/the-burger-experience-7848-mall-road/vIq8tEbSRQq-wu1K9Mg2KQ,villa-hills-kentucky
https://www.ubereats.com/cincinnati/food-delivery/yalla-yallaa/xBYhh5SYQl-9aR0uP08pvw,villa-hills-kentucky
https://www.ubereats.com/cincinnati/food-delivery/cicis-pizza-4989-houston-rd/Pne19ju4TYCxX_BTnLt2Jw,villa-hills-kentucky
https://www.ubereats.com/cincinnati/food-delivery/golden-dragon-white-oak/zFcL6ZuXSnqBX5J0k03XsQ,villa-hills-kentucky
https://www.ubereats.com/cincinnati/food-delivery/corner-bistro/IoeHLPugStWlTcRpcF_3gw,villa-hills-kentucky
https://www.ubereats.com/cincinnati/food-delivery/papi-jochos/XTPQy7G1T7W5eLEvSDzagQ,villa-hills-kentucky
https://www.ubereats.com/cincinnati/food-delivery/potbelly-sandwich-shop-florence-%7C-201/WNarNPlNSU2Hx-otHW74Ig,villa-hills-kentucky
https://www.ubereats.com/cincinnati/food-delivery/burger-king-4868-houston-road/mWML5XY0Ql24cZwArS_bEg,villa-hills-kentucky
https://www.ubereats.com/cincinnati/food-delivery/subway-8001-dream-st/EjHXUxdlTqiBe5I2bXQDIg,villa-hills-kentucky
https://www.ubereats.com/cincinnati/food-delivery/gold-star-chili-kenwood-mall/njXn2whxT4GeSuv0UQklUQ,villa-hills-kentucky
https://www.ubereats.com/cincinnati/food-delivery/red-lobster-7921-dream-street/-Wwd9l9-Sr6fTJoSuJ210A,villa-hills-kentucky
https://www.ubereats.com/cincinnati/food-delivery/chipotle-mexican-grill-93-carothers-rd/iS3bAmRgSZeUE2_CLWi85w,villa-hills-kentucky
https://www.ubereats.com/cincinnati/food-delivery/hot-head-burritos-erlanger/vKy7aau3Tje182rcX8gC8Q,villa-hills-kentucky
https://www.ubereats.com/cincinnati/food-delivery/buzzed-bull-creamery/SgP2oHoAR3OtptFO6T2xfw,villa-hills-kentucky
https://www.ubereats.com/cincinnati/food-delivery/graeters-taylor-mill/hHdWBocgTH-nnJJEP-xVkA,villa-hills-kentucky
https://www.ubereats.com/cincinnati/food-delivery/subway-144-pavilion-pkwy/5bZYKvtMTMC9FQ67WiA3-Q,villa-hills-kentucky
https://www.ubereats.com/cincinnati/food-delivery/papa-johns-2010-north-bend-rd/FH67sZtUSVCjHeqF0ZdIGw,villa-hills-kentucky
https://www.ubereats.com/cincinnati/food-delivery/popeyes-502-main-st/UBDdFzZjQHWa65XciKuM9A,villa-hills-kentucky
https://www.ubereats.com/cincinnati/food-delivery/arbys-8486/MZnzTtzHR8KYDkPW8QjfTA,villa-hills-kentucky
https://www.ubereats.com/cincinnati/food-delivery/sacred-beast-diner/Nyv_r1DzQL6uVgqibM0rqQ,villa-hills-kentucky
https://www.ubereats.com/cincinnati/food-delivery/subway-7129-turfway-rd/1CGskPTnQxOmNl6rS3vT8Q,villa-hills-kentucky
https://www.ubereats.com/cincinnati/food-delivery/subway-3450-valley-plaza-pkwy/aCdAPi0tRuy18e5jr52iRw,villa-hills-kentucky
https://www.ubereats.com/cincinnati/food-delivery/ihop-6475-glenway-avenue/EG1RjDsIT9uu_4zJuaU0TQ,villa-hills-kentucky
https://www.ubereats.com/cincinnati/food-delivery/riverside-korean/aMQtQUbxTu24qerP9LUnhw,villa-hills-kentucky
https://www.ubereats.com/cincinnati/food-delivery/tropical-smoothie-cafe-6785-houston-road/l9SyfKZTQWGQaCCiVV5cEw,villa-hills-kentucky
https://www.ubereats.com/cincinnati/food-delivery/arbys-7341/WvcTlYYwTdK8CYIQhGL9Lw,villa-hills-kentucky
https://www.ubereats.com/cincinnati/food-delivery/mcdonalds-hazelwood-%26-buttermilk/7gIzzRkoTDeFYHWo1-AXjg,villa-hills-kentucky
https://www.ubereats.com/cincinnati/food-delivery/taste-of-belgium-findlay-market/td3BhffeRNeB1Kix3tlgJQ,villa-hills-kentucky
https://www.ubereats.com/cincinnati/food-delivery/vegan-avenue/HSDisrD7RXKZsiuNRPm79A,villa-hills-kentucky
https://www.ubereats.com/cincinnati/food-delivery/citybird-crestview-hills/Q3hYRPcbThWjLKpCf5n7mw,villa-hills-kentucky
https://www.ubereats.com/cincinnati/food-delivery/colonial-cottage/G4SziaJ5SYaVdCVDFM5E6g,villa-hills-kentucky
https://www.ubereats.com/cincinnati/food-delivery/chipotle-mexican-grill-2527-wilson-rd/4_i5Mr_AQNuhy4hY31tD3A,villa-hills-kentucky
https://www.ubereats.com/cincinnati/food-delivery/chart-house-405-riverboat-row/fMz8_qFBTqqT9qhogxoGEQ,villa-hills-kentucky
https://www.ubereats.com/cincinnati/food-delivery/akash-india-restaurant/QmcQqCnlSh-9RAqzFWcNPg,villa-hills-kentucky
https://www.ubereats.com/cincinnati/food-delivery/fort-thomas-pizza-%26-tavern/C82M-S4xSfqsx-as864jlw,villa-hills-kentucky
https://www.ubereats.com/cincinnati/food-delivery/suzie-wongs-on-madison/_-3EKt1jQO6toB5k-1y9gQ,villa-hills-kentucky
https://www.ubereats.com/cincinnati/food-delivery/velvet-smoke-bbq-crescent-springs/ODTDpjqzQaq8flTFH_45vQ,villa-hills-kentucky
https://www.ubereats.com/cincinnati/food-delivery/arbys-1193/D1d3D0ooSse9xhUZ-1xrxw,villa-hills-kentucky
https://www.ubereats.com/cincinnati/food-delivery/yummy-sushi/cDnw2t_gSZ6SASWRKUiyDg,villa-hills-kentucky
https://www.ubereats.com/cincinnati/food-delivery/bob-evans-306-4000-alexandria-pike/osEsIAimTcyCITdOUSgY3Q,villa-hills-kentucky
https://www.ubereats.com/cincinnati/food-delivery/gold-star-chili-2355-burlington-pk-st-rt-18/pQ2URwcRQmabrp7xKJbnew,villa-hills-kentucky
https://www.ubereats.com/cincinnati/food-delivery/pieology-pizzeria-6785-houston-rd-suite-300/SizzrAcNTru6xTxierKSpQ,villa-hills-kentucky
https://www.ubereats.com/cincinnati/food-delivery/burger-king-337-terry-lane/B-bxaFeURvSwPF1Yf1bQWQ,villa-hills-kentucky
https://www.ubereats.com/cincinnati/food-delivery/rallys-4115-glenway-ave/OghBGLIlRMao45PXn2GyiA,villa-hills-kentucky
https://www.ubereats.com/cincinnati/food-delivery/mcks-chicks/OFSzIGBKQc-iQFBBLw87lQ,villa-hills-kentucky
https://www.ubereats.com/cincinnati/food-delivery/black-coffee-lounge/XMn38-eBR7iMLmdw5XBNow,villa-hills-kentucky
https://www.ubereats.com/cincinnati/food-delivery/smooth-nitro-coffee/asQVSky7T7yOsiXv40EB1A,villa-hills-kentucky
https://www.ubereats.com/cincinnati/food-delivery/arbys-5286/6v3vM_axSn6pVmEs6zTGZA,villa-hills-kentucky
https://www.ubereats.com/cincinnati/food-delivery/outback-steakhouse-6168-glenway-avenue/S1tHUJaiSIekl8rOTRihOA,villa-hills-kentucky
https://www.ubereats.com/cincinnati/food-delivery/subway-45-fairfield-ave/6zoJ-G91SH2-JLo8tvxpGw,villa-hills-kentucky
https://www.ubereats.com/cincinnati/food-delivery/original-wok/eZpZ1udlRsGZR9-TZKEYMA,villa-hills-kentucky
https://www.ubereats.com/cincinnati/food-delivery/chipotle-mexican-grill-7915-dream-st/Uua-vJiCTuqXzA_Q7rrorQ,villa-hills-kentucky
https://www.ubereats.com/cincinnati/food-delivery/miami-style-tacos/O6VaBtv6RJe6bRvE4uh-PA,villa-hills-kentucky
https://www.ubereats.com/cincinnati/food-delivery/corinthian/vqWPn49JQ4ChmEjGFJ2uUw,villa-hills-kentucky
https://www.ubereats.com/cincinnati/food-delivery/mortons-the-steakhouse-441-vine-street-suite-1h/0fVch4zPQ1qgojnxV6Or4Q,villa-hills-kentucky
https://www.ubereats.com/cincinnati/food-delivery/butcher-and-barrel-700-race-st/WD2Uxn6cSiSnXz7BuBb-AA,villa-hills-kentucky
https://www.ubereats.com/cincinnati/food-delivery/dunkin-3163-dixie-hwy/McRD37GPT0S97rXO5OVonQ,villa-hills-kentucky
https://www.ubereats.com/cincinnati/food-delivery/auntie-annes-441-vine-street-unit-1-h/pcD1tsSDSvGR8_1TJiQf8w,villa-hills-kentucky
https://www.ubereats.com/cincinnati/food-delivery/viande/rEX9GckmR_KqYtKyga5aHA,villa-hills-kentucky
https://www.ubereats.com/cincinnati/food-delivery/bridges-nepali-cuisine/rGHowZCoTUubp6sCz29kng,villa-hills-kentucky
https://www.ubereats.com/cincinnati/food-delivery/subway-5960-centennial-cir/dto8IXlnTUmxOFCABja5Dg,villa-hills-kentucky
https://www.ubereats.com/cincinnati/food-delivery/white-castle-3150-dixie-hwy/Tu_uRDidSI-rrkZnpEIEjA,villa-hills-kentucky
https://www.ubereats.com/cincinnati/food-delivery/arbys-6218/ynAg6YEXQfiGVslriO0Rvg,villa-hills-kentucky
https://www.ubereats.com/cincinnati/food-delivery/burger-king-3049-dixie-highway/0I9E1QgNTNK368xbRdYXFg,villa-hills-kentucky
https://www.ubereats.com/cincinnati/food-delivery/great-american-cookies-2028-florence-mall/bnDkqHI8Tu2rkskaZTYUww,villa-hills-kentucky
https://www.ubereats.com/cincinnati/food-delivery/qdoba-mexican-eats-mall-road/6vgDZZ2PQmummGYB-kls-g,villa-hills-kentucky
https://www.ubereats.com/cincinnati/food-delivery/taco-bell-5060-delhi-ave/m3pwGD0dS8aZQHsYoqWoIg,villa-hills-kentucky
https://www.ubereats.com/cincinnati/food-delivery/papa-johns-6133-glenway-ave/4vypu8g_QGOP8y4UAbPsiw,villa-hills-kentucky
https://www.ubereats.com/cincinnati/food-delivery/quaker-steak-%26-lube-8025-action-blvd/uR-9qN-USu6rPnLNAmA2ew,villa-hills-kentucky
https://www.ubereats.com/cincinnati/food-delivery/papa-johns-2298-alexandria-pike/dCKstTyJR4ChO4qqXsAX8g,villa-hills-kentucky
https://www.ubereats.com/cincinnati/food-delivery/bjs-restaurant-%26-brewhouse-7852-mall-road/H8R7bPDsRtOQLZ7iL3iw3w,villa-hills-kentucky
https://www.ubereats.com/cincinnati/food-delivery/sub-station-ii/U3WsjZ6pRhe9jXz3wrPtBw,villa-hills-kentucky
https://www.ubereats.com/cincinnati/food-delivery/china-city-buffet/D_AbufzBQSO0ZN6cpwfU9w,villa-hills-kentucky
https://www.ubereats.com/cincinnati/food-delivery/zoup!-eatery-7753-mall-road-suite-a/s-wK_AgzSzaBIOUT64Z1Tg,villa-hills-kentucky
https://www.ubereats.com/cincinnati/food-delivery/empire-buffet/JX-8CEqPSfKIBCEILieTbA,villa-hills-kentucky
https://www.ubereats.com/cincinnati/food-delivery/fusian-downtown/bYDUQ7MPRz62xS9quamGEw,villa-hills-kentucky
https://www.ubereats.com/cincinnati/food-delivery/potbelly-sandwich-shop-fountain-square-%7C-179/o7Avvgt7QVmt3skAeL9Ccw,villa-hills-kentucky
https://www.ubereats.com/cincinnati/food-delivery/wodka-bar/pNPbRWjeSzqFfqBaBRDb3Q,villa-hills-kentucky
https://www.ubereats.com/cincinnati/food-delivery/mcdonalds-us-42-%26-harvey-quast/SN_GwU-ATWOjbAsiaoYanA,villa-hills-kentucky
https://www.ubereats.com/cincinnati/food-delivery/pieology-pizzeria-128-w-mcmillan-st-ste-514-a/up67JcktQ4-cKJpI729QTA,villa-hills-kentucky
https://www.ubereats.com/cincinnati/food-delivery/quan-hapa/E54MqqYlQoW1PZoftdEqCQ,villa-hills-kentucky
https://www.ubereats.com/cincinnati/food-delivery/chapter-mt-adams/GBBxCrzITvCkjeN4GiPqAw,villa-hills-kentucky
https://www.ubereats.com/cincinnati/food-delivery/mom-n-em-coffee/IIVCS3KXQzyJuVdRnfokFA,villa-hills-kentucky
https://www.ubereats.com/cincinnati/food-delivery/bakersfield-vine-%26-12th-st/KPFHsb19RfmxgkRIVULKOA,villa-hills-kentucky
https://www.ubereats.com/cincinnati/food-delivery/bibibop-asian-grill-210-calhoun-street/StlkhJF4SQCZHNPICnpWXA,villa-hills-kentucky
https://www.ubereats.com/cincinnati/food-delivery/pho-lang-thang/YSZ7jJ-ZQmyIpt5wnYa7qQ,villa-hills-kentucky
https://www.ubereats.com/cincinnati/food-delivery/starbucks-newport-ft-thomas/QWQDj5bwSKC4z3kCIcdC9g,villa-hills-kentucky
https://www.ubereats.com/cincinnati/food-delivery/bow-tie-cafe/Jm1C28OVS_KucCD4RbUYUQ,villa-hills-kentucky
https://www.ubereats.com/cincinnati/food-delivery/arbys-6219/SQxt4-YuRpySFhOAM9r6Xw,villa-hills-kentucky
https://www.ubereats.com/cincinnati/food-delivery/dunkin-125-e-court-st/f8-Gx7jdRX6US0pjbjdfHQ,villa-hills-kentucky
https://www.ubereats.com/cincinnati/food-delivery/che/kE9VFUIxQMuB-Bg8pm26bw,villa-hills-kentucky
https://www.ubereats.com/cincinnati/food-delivery/ravis-hyderabad-house/ex9FAvJJTWGZ_WijnxmKvw,villa-hills-kentucky
https://www.ubereats.com/cincinnati/food-delivery/agave-%26-rye/WsB8e2AJQxSBJpbsrWVfWA,villa-hills-kentucky
https://www.ubereats.com/cincinnati/food-delivery/b%26a-street-kitchen/eg3_X1dmQB23MuOXoO3-UQ,villa-hills-kentucky
https://www.ubereats.com/cincinnati/food-delivery/salvadores-pizzeria/qYKLbINXQlyMpxvNimDdFQ,villa-hills-kentucky
https://www.ubereats.com/cincinnati/food-delivery/drunken-hog-bbq/5IE2sJ_NT2SkHYv4QtT-mg,villa-hills-kentucky
https://www.ubereats.com/cincinnati/food-delivery/cancun-mexican-bar-riverboat-row/tgi91310TdCBmkjeTKF8ww,villa-hills-kentucky
https://www.ubereats.com/cincinnati/food-delivery/wendys-1015-gest-street/8PLT7XtbQ76iUfWck69IqA,villa-hills-kentucky
https://www.ubereats.com/cincinnati/food-delivery/arbys-7267/9gw1M8bsR_G8FftOhpy_uQ,villa-hills-kentucky
https://www.ubereats.com/cincinnati/food-delivery/chipotle-mexican-grill-1-fountain-square-plz/L-d_m1FrRsy70ThJ30m6bQ,villa-hills-kentucky
https://www.ubereats.com/cincinnati/food-delivery/carrabbas-2899-dixie-hwy/8NTGenSJTb66EO3bhavEoQ,villa-hills-kentucky
https://www.ubereats.com/cincinnati/food-delivery/zoup!-291-martin-luther-king-dr-e/cWQKsbgFTEyT0Ry-iKkqTw,villa-hills-kentucky
https://www.ubereats.com/cincinnati/food-delivery/mcdonalds-sperti-%26-dudley/xhJ0fcz3THecktSMDiRkzQ,villa-hills-kentucky
https://www.ubereats.com/cincinnati/food-delivery/kung-fu-tea-%E5%8A%9F%E5%A4%AB%E8%8C%B6/Vm_tyQOlRfmojGie-06ZeQ,villa-hills-kentucky
https://www.ubereats.com/cincinnati/food-delivery/incline-public-house/UE43xHTlRaSZNtcklg7TVA,villa-hills-kentucky
https://www.ubereats.com/cincinnati/food-delivery/gold-star-chili-mt-zion/bi4LlR_VTdquz_EGy6Ekfw,villa-hills-kentucky
https://www.ubereats.com/cincinnati/food-delivery/el-taco-veloz/1cKV_UUxQuO-3-PBZzSWFg,villa-hills-kentucky
https://www.ubereats.com/cincinnati/food-delivery/burger-king-3432-madison-pike/0TMUmQaYT0ul3aMysWrh5g,villa-hills-kentucky
https://www.ubereats.com/cincinnati/food-delivery/mazunte-centro/to6pDYjCT9mEkl93GWh8bQ,villa-hills-kentucky
https://www.ubereats.com/cincinnati/food-delivery/golden-city-chinese-restaurant/yFB82vdUTdCyETIzbkW7JQ,villa-hills-kentucky
https://www.ubereats.com/cincinnati/food-delivery/burger-king-5015-glenway-avenue/rh9Au7pjSYy2LbADXSa6YA,villa-hills-kentucky
https://www.ubereats.com/cincinnati/food-delivery/13th-street-alley/egdYcRpyT9uNQqrdvzfung,villa-hills-kentucky
https://www.ubereats.com/cincinnati/food-delivery/gramma-debbies-kitchen/5pPcf78hTaasON9Zs_KBMA,villa-hills-kentucky
https://www.ubereats.com/cincinnati/food-delivery/kfc-4920-delhi-ave/QJRzNj8USt2E6xP57MHcTQ,villa-hills-kentucky
https://www.ubereats.com/cincinnati/food-delivery/carabello-coffee/zO1dzHfXTUyKE7PcTuJ-gg,villa-hills-kentucky
https://www.ubereats.com/cincinnati/food-delivery/outback-steakhouse-8030-mall-rd/Jt60LkryTUm3gTjCC7_56g,villa-hills-kentucky
https://www.ubereats.com/cincinnati/food-delivery/yamato-steak-house-and-sushi/bLUc3j6vRX67wns1PcsuBA,villa-hills-kentucky
https://www.ubereats.com/cincinnati/food-delivery/marcos-pizza-598-clock-tower-way/u0P1yur6QAGy0Go73_YUeQ,villa-hills-kentucky
https://www.ubereats.com/cincinnati/food-delivery/andys-mediterranean-grille/DJhToZbdRHaNy5r0wPYNtA,villa-hills-kentucky
https://www.ubereats.com/cincinnati/food-delivery/subway-5061-delhi-ave/vAj9eyaxRoSigpDbOCYdFQ,villa-hills-kentucky
https://www.ubereats.com/cincinnati/food-delivery/the-original-pizza-boss/fGSswJONTve2fkemWczQyQ,villa-hills-kentucky
https://www.ubereats.com/cincinnati/food-delivery/commonwealth-bistro/ncY7FfbiR-GkC32RWWY_xA,villa-hills-kentucky
https://www.ubereats.com/cincinnati/food-delivery/the-wing-experience-7848-mall-road/TSiv7J0TSWWAtxC5wFHNSw,villa-hills-kentucky
https://www.ubereats.com/cincinnati/food-delivery/chipotle-mexican-grill-5201-delhi-rd/00av7efDT5-DZBdQ1b8Mqg,villa-hills-kentucky
https://www.ubereats.com/cincinnati/food-delivery/cancun-mexican-bar-%26-grill/rk9UCNH2ROmFchXmdDL0AQ,villa-hills-kentucky
https://www.ubereats.com/cincinnati/food-delivery/taco-bell-6579-glenway-ave/J8SYhte2SCCnQlDRlsq2eQ,villa-hills-kentucky
https://www.ubereats.com/cincinnati/food-delivery/shans-jade-cafe/xOc8UtEETsW8OpHonkq3WA,villa-hills-kentucky
https://www.ubereats.com/cincinnati/food-delivery/tweedles-daylight-donuts/nhKz9UipQ2KrGNbLAzwZSg,villa-hills-kentucky
https://www.ubereats.com/cincinnati/food-delivery/smokey-bones-florence/JfhWG1pzTVyB6gZ_wzku4Q,villa-hills-kentucky
https://www.ubereats.com/cincinnati/food-delivery/chipotle-mexican-grill-2507-w-clifton-ave/1APutck0TyyaoH_Cdj4mzg,villa-hills-kentucky
https://www.ubereats.com/cincinnati/food-delivery/ruths-chris-steak-house-100-e-freedom-way/Bs0S73Z_T7uLGdrLfoOlVA,villa-hills-kentucky
https://www.ubereats.com/cincinnati/food-delivery/burger-king-5120-delhi-pike/djTZ8LsZS8Cj6y7ClvIbPQ,villa-hills-kentucky
https://www.ubereats.com/cincinnati/food-delivery/bagel-brothers/5AlBqyhpRQ2ktGue_3xbaQ,villa-hills-kentucky
https://www.ubereats.com/cincinnati/food-delivery/wendys-410-philadelphia-avenue/jGK23-I3T12E31BxnNiOMQ,villa-hills-kentucky
https://www.ubereats.com/cincinnati/food-delivery/silverglades-on-8th/mSAjRTp9TqGCgt9JXbSOFA,villa-hills-kentucky
https://www.ubereats.com/cincinnati/food-delivery/papa-johns-6725-dixie-hwy-ste-a/yyFirA9UTtGVzXWenEXYkg,villa-hills-kentucky
https://www.ubereats.com/cincinnati/food-delivery/essen-kitchen/2OXvUMeHTqGF0l7l4Y2DXQ,villa-hills-kentucky
https://www.ubereats.com/cincinnati/food-delivery/endzone-pizza/kYhhgjzuRsGE9qMwV32cTw,villa-hills-kentucky
https://www.ubereats.com/cincinnati/food-delivery/mcdonalds-delhi-%26-delhi-park/JWCJcmydTjG61OIlVv3Xlw,villa-hills-kentucky
https://www.ubereats.com/cincinnati/food-delivery/dixie-chili-newport/Y9upEwFuQEafzbSFPRPY6w,villa-hills-kentucky
https://www.ubereats.com/cincinnati/food-delivery/aap-india/ds3pfxm4Q5qO_mgkzT3Ndg,villa-hills-kentucky
https://www.ubereats.com/cincinnati/food-delivery/chipotle-mexican-grill-7516-mall-rd/J_w4EtTySomwSZLCSKkP4A,villa-hills-kentucky
https://www.ubereats.com/cincinnati/food-delivery/taco-bell-3098-s-dixie-hwy/B3X9SWTcRPuN9BCDwr1xfQ,villa-hills-kentucky
https://www.ubereats.com/cincinnati/food-delivery/grammas-pizza/Ke5PteVvTouKNUc_iwRA5Q,villa-hills-kentucky
https://www.ubereats.com/cincinnati/food-delivery/bridges-nepali-cuisine-downtown/0tYpSDHxQXymUV9M_utdHA,villa-hills-kentucky
https://www.ubereats.com/cincinnati/food-delivery/mcdonalds-donnermeyer-%26-riviera/AdWcL3ZAQRWG-451QO_8OQ,villa-hills-kentucky
https://www.ubereats.com/cincinnati/food-delivery/donatos-pizza-880-us-rt-42/6VwPkThIQUujlgDc1E-lLA,villa-hills-kentucky
https://www.ubereats.com/cincinnati/food-delivery/rancho-grande/eHDSnc-4TlS57G0jNLiVLg,villa-hills-kentucky
https://www.ubereats.com/cincinnati/food-delivery/hooters-houston-rd-%26-banker-st/X1lDS4dlSeWewP0Xf0x_Lg,villa-hills-kentucky
https://www.ubereats.com/cincinnati/food-delivery/crepeguys/l9ZMuSdST_y-50xCJL9JBw,villa-hills-kentucky
https://www.ubereats.com/cincinnati/food-delivery/wabi-sabi/K0_dy1x5TmKWyghPii3uoQ,villa-hills-kentucky
https://www.ubereats.com/cincinnati/food-delivery/condado-tacos-the-banks/BcOa7PWOQFG95GzNfpXE4w,villa-hills-kentucky
https://www.ubereats.com/cincinnati/food-delivery/donatos-pizza-180-patrick-drive/sameUNNwQUKnX4KOroJymg,villa-hills-kentucky
https://www.ubereats.com/cincinnati/food-delivery/mcdonalds-dixie-%26-kenton-lands/LEUq1C8YQkaEmujS3dbiYQ,villa-hills-kentucky
https://www.ubereats.com/cincinnati/food-delivery/wendys-5066-delhi-pike/lo_uS8meTQKVVSRHLTPioA,villa-hills-kentucky
https://www.ubereats.com/cincinnati/food-delivery/moes-southwest-grill-2881-dixie-hwy-suite-8060/I597BbGETcKxp8tzJ_YOnw,villa-hills-kentucky
https://www.ubereats.com/cincinnati/food-delivery/chipotle-mexican-grill-2100-medical-arts-dr/qFICHLlhRzeAxbODnrprxA,villa-hills-kentucky
https://www.ubereats.com/cincinnati/food-delivery/chipotle-mexican-grill-501-w-fourth-st/WUXjNaETSS2XNp2vysu3xQ,villa-hills-kentucky
https://www.ubereats.com/cincinnati/food-delivery/subway-901-w-8th-st/PaJdE3XgSL2DQmqyXk9zzA,villa-hills-kentucky
https://www.ubereats.com/cincinnati/food-delivery/mcdonalds-mlk-%26-vernon/oFbsL-UXT3e5Q9qJlae0CQ,villa-hills-kentucky
https://www.ubereats.com/cincinnati/food-delivery/gastro-pub/gICxitRWRVSGJEU1hV-xHQ,villa-hills-kentucky
https://www.ubereats.com/cincinnati/food-delivery/white-castle-482-orphanage-rd/lKsU1t4eSg2T1zvxTVwttw,villa-hills-kentucky
https://www.ubereats.com/cincinnati/food-delivery/press-on-monmouth/6V9anX6oQK2iPiaoKMe7zw,villa-hills-kentucky
https://www.ubereats.com/cincinnati/food-delivery/city-goat/WwA5gYASQsGtVhpfg0U3cg,villa-hills-kentucky
https://www.ubereats.com/cincinnati/food-delivery/blaze-cigar-lounge-and-bar/1SgBBe9iQbKZrQRXD_1ecg,villa-hills-kentucky
https://www.ubereats.com/cincinnati/food-delivery/papa-johns-1602-madison-ave/4Gmwqur_Q-W1YlnRcjRkbQ,villa-hills-kentucky
https://www.ubereats.com/cincinnati/food-delivery/bob-evans-14-8020-us-42/q_6F4bg1R76pzr_MPohomw,villa-hills-kentucky
https://www.ubereats.com/cincinnati/food-delivery/papa-johns-8402-us-highway-42/W2FIyyTDQDSdS7gXM3Ww2g,villa-hills-kentucky
https://www.ubereats.com/cincinnati/food-delivery/kumo-asian-fusion/Ps4OFmjrRFqbIdOGVm53_w,villa-hills-kentucky
https://www.ubereats.com/cincinnati/food-delivery/burgerfi-cincinnati/g7qCgMotQiKWim5LcjYLbA,villa-hills-kentucky
https://www.ubereats.com/cincinnati/food-delivery/kidd-coffee-western-%26-southern-tower/VFB66XRpTXCOcV4jYP5G-Q,villa-hills-kentucky
https://www.ubereats.com/cincinnati/food-delivery/kfc-5975-centennial-circle/oE4_8b3rTFazVG7y4dhmZA,villa-hills-kentucky
https://www.ubereats.com/cincinnati/food-delivery/rapid-fired-pizza-1-w-corry-st/v3QyS90NSIeZAlAj0UXE1A,villa-hills-kentucky
https://www.ubereats.com/cincinnati/food-delivery/tuckers/bHbP-k3yS9CMjP3u9uSPMA,villa-hills-kentucky
https://www.ubereats.com/cincinnati/food-delivery/subway-221-e-4th-st-ste-117/g4wdqGlqQYuKhzxxnKDjLg,villa-hills-kentucky
https://www.ubereats.com/cincinnati/food-delivery/macaron-bar-otr/KQKTwPYzQjKxIz-brf3mIQ,villa-hills-kentucky
https://www.ubereats.com/cincinnati/food-delivery/gold-star-chili-crescent-springs/snme8JzFSaKWPVlaBiC5Cg,villa-hills-kentucky
