url,city
https://www.ubereats.com/new-jersey/food-delivery/sonic-drive-in-2162-n-2nd-st/0SnXLM_tSO6XK5gU3bt8lA,vineland-new-jersey
https://www.ubereats.com/new-jersey/food-delivery/panda-express-1169-w-landis-ave/RJV-qqHTQI-unNIIkfQ8ww,vineland-new-jersey
https://www.ubereats.com/new-jersey/food-delivery/the-best-of-southern-cooking/C-rvEZ9LRvSmrg_RE1fyhQ,vineland-new-jersey
https://www.ubereats.com/new-jersey/food-delivery/crown-chicken-%26-pizza/WgfEDXK7SGy9QraPzb2Ovg,vineland-new-jersey
https://www.ubereats.com/new-jersey/food-delivery/kfc-1907-north-high-st/UIYIAxuGQ7-M6Ww-DrASvw,vineland-new-jersey
https://www.ubereats.com/new-jersey/food-delivery/little-caesars-175-north-delsea-drive/Rs9ZfK7zRiyvRTdJ8Sp6Ww,vineland-new-jersey
https://www.ubereats.com/new-jersey/food-delivery/stewarts-drive-in/2PQowILJSZK3uhC8OPUdHg,vineland-new-jersey
https://www.ubereats.com/new-jersey/food-delivery/dennys-1001-w-landis-ave/8u8sImG_T4Oi6T6Kp8YCsA,vineland-new-jersey
https://www.ubereats.com/new-jersey/food-delivery/michelles-kitchen-%26catering-llc/EIdlngglSt6lVWyUnHr1fA,vineland-new-jersey
https://www.ubereats.com/new-jersey/food-delivery/wendys-190-s-main-road/0JBWsxyvQbSXa41NFF6siQ,vineland-new-jersey
https://www.ubereats.com/new-jersey/food-delivery/applebees-3849-south-delsea-drive-%2393095/arNJ87biSuy0R2jmt6n_0A,vineland-new-jersey
https://www.ubereats.com/new-jersey/food-delivery/dunkin-512-delsea-dr/8Xm3N-xdSKWIBxHJePS0nQ,vineland-new-jersey
https://www.ubereats.com/new-jersey/food-delivery/dakota-prime-steak-house-and-sushi-bar/MeFR5z2VQk6x3sIindA2aw,vineland-new-jersey
https://www.ubereats.com/new-jersey/food-delivery/wendys-122-s-delsea/A2yymSeCT7OpY9cq59ciSw,vineland-new-jersey
https://www.ubereats.com/new-jersey/food-delivery/indian-villa/IZ69AEZ0T4OUdYUdj2HFhQ,vineland-new-jersey
https://www.ubereats.com/new-jersey/food-delivery/chick-fil-a-3849-s-delsea-dr-ste-1000/2R7Ca875RDCOkLFvs8L2uw,vineland-new-jersey
https://www.ubereats.com/new-jersey/food-delivery/burger-king-395-south-main-road/JrBN9Fv5SrOSnXWfVriX3g,vineland-new-jersey
https://www.ubereats.com/new-jersey/food-delivery/mcdonalds-833-n-main-rd/RgQJyNc4TEuzMr-HHt0OAA,vineland-new-jersey
https://www.ubereats.com/new-jersey/food-delivery/krispy-krunchy-chicken-1715-wheat-road/ij0dx_RcRdu3qTTs1-LIow,vineland-new-jersey
https://www.ubereats.com/new-jersey/food-delivery/ihop-2216-w-landis-ave/bI6shZ6HT-ub6qD7UrNr0A,vineland-new-jersey
https://www.ubereats.com/new-jersey/food-delivery/dolce-vita-restaurant-%26-pizzeria-llc/h2-i3AYfTTyrlc_m8rf6LA,vineland-new-jersey
https://www.ubereats.com/new-jersey/food-delivery/the-ice-cream-shop/PBlwZ7yrSFqlWRKTbkVwlg,vineland-new-jersey
https://www.ubereats.com/new-jersey/food-delivery/taco-bell-3920-s-delsea-dr/6W6KINKHRGC_bdGBBpsxIA,vineland-new-jersey
https://www.ubereats.com/new-jersey/food-delivery/bagel-university/apMGnSaoRZePWkyiiPKK_Q,vineland-new-jersey
https://www.ubereats.com/new-jersey/food-delivery/wendys-1101-high-street/4izIRFiYSSiiPRVUsaLbwg,vineland-new-jersey
https://www.ubereats.com/new-jersey/food-delivery/papa-johns-106-w-landis-ave-unit-8/mU8r-X64Q-mDFS-NlSB7iQ,vineland-new-jersey
https://www.ubereats.com/new-jersey/food-delivery/b-j-roasters/aDdlOQkLSceiXl3WTCp2yQ,vineland-new-jersey
https://www.ubereats.com/new-jersey/food-delivery/dunkin-360-n-delsea-dr/TOahP8HBRZW7jqzE0mVlyg,vineland-new-jersey
https://www.ubereats.com/new-jersey/food-delivery/chows-garden-restaurant/OGkdB1XWTYyW02HmjUfDIg,vineland-new-jersey
https://www.ubereats.com/new-jersey/food-delivery/burger-king-1600-high-st-n-unit-k/R8-lwTM2RlizM_8yrOW-jQ,vineland-new-jersey
https://www.ubereats.com/new-jersey/food-delivery/julios-on-main/bZ7Sl63FR4eCeZGQU9g9FA,vineland-new-jersey
https://www.ubereats.com/new-jersey/food-delivery/taco-bell-1294-west-landis-ave/C9QgfcqWSxyOehp0yir3gg,vineland-new-jersey
https://www.ubereats.com/new-jersey/food-delivery/mcdonalds-1027-n-high-st/y19ivZAATVu6rV8vtBz_9A,vineland-new-jersey
https://www.ubereats.com/new-jersey/food-delivery/red-robin-371-3849-south-delsea-drive-suite-out-f/yVPbGUkhQAuQLHZgwpMIaA,vineland-new-jersey
https://www.ubereats.com/new-jersey/food-delivery/taste-buds/xpQamBhBSBWtXhm_uV03ug,vineland-new-jersey
https://www.ubereats.com/new-jersey/food-delivery/krispy-krunchy-chicken-1502-central-avenue/YUdMXD3QQ8CYbC66uTwlxw,vineland-new-jersey
https://www.ubereats.com/new-jersey/food-delivery/moes-southwest-grill-2188-north-2nd-street/sAYM-6yiQHaXO7aeGd7juw,vineland-new-jersey
https://www.ubereats.com/new-jersey/food-delivery/sams-fish%26chick/WyS5fUkvTGSKog9ek6YgOA,vineland-new-jersey
https://www.ubereats.com/new-jersey/food-delivery/krispy-krunchy-chicken-67-east-oak-road/p5vYGmvCTAGq8Nt-SDQwUQ,vineland-new-jersey
https://www.ubereats.com/new-jersey/food-delivery/criollos-latin-cuisine/kEavwr5OTUqvdivZt1yhQQ,vineland-new-jersey
https://www.ubereats.com/new-jersey/food-delivery/buffalo-wild-wings-2164-n-2nd-st/gmSLcWOQSMSDGNbZuDmg_w,vineland-new-jersey
https://www.ubereats.com/new-jersey/food-delivery/the-cracked-egg-cafe/ay6zyR1oSO2r3W5Zqw2RFQ,vineland-new-jersey
https://www.ubereats.com/new-jersey/food-delivery/dennys-2297-n-2nd-street/XGibT9OQS2KGirpt9qHN8w,vineland-new-jersey
https://www.ubereats.com/new-jersey/food-delivery/arts-cafe/pYL8-iCCQsOqU1HI4SoSmA,vineland-new-jersey
https://www.ubereats.com/new-jersey/food-delivery/bennigans-2196-landis-ave/98RtdId3TAK-xcEaQgJcSQ,vineland-new-jersey
https://www.ubereats.com/new-jersey/food-delivery/red-lobster-3849-south-delsea-drive/W9LhsTRuQF2mWwJcOWEEsw,vineland-new-jersey
https://www.ubereats.com/new-jersey/food-delivery/millville-queen-diner/_Nqiym19TTO9W-CTfVcfAQ,vineland-new-jersey
https://www.ubereats.com/new-jersey/food-delivery/dunkin-744-s-harding-hwy/A1C9l542Rj2AxCGalSwlhg,vineland-new-jersey
https://www.ubereats.com/new-jersey/food-delivery/subway-1070-w-landis-ave/Z3sEl2nRS3GyaLyEyo64RA,vineland-new-jersey
https://www.ubereats.com/new-jersey/food-delivery/vegans-are-us/Bc_0VcPwQNCvO6GGdgSgyg,vineland-new-jersey
https://www.ubereats.com/new-jersey/food-delivery/pizza-hut-301-s-main-rd/Zdbdvjd5QtaKYSm07t49qA,vineland-new-jersey
https://www.ubereats.com/new-jersey/food-delivery/vitos-pizza/65Dg_nWMRGytKgMlHES8Vg,vineland-new-jersey
https://www.ubereats.com/new-jersey/food-delivery/kfc-94-n-delsea-dr/RsGVgSUTS6ecCWl0q7GSWQ,vineland-new-jersey
https://www.ubereats.com/new-jersey/food-delivery/romeos-pizza-%26-ristorante/jIZicKjZQbaTXyWRIQJrjA,vineland-new-jersey
https://www.ubereats.com/new-jersey/food-delivery/auntie-annes-3849-s-delsea-dr/WFflNMaCQgiYvDKSwtxyww,vineland-new-jersey
https://www.ubereats.com/new-jersey/food-delivery/wawa-0942-501-n-delsea-drive/ZRMaFkIrRFaPdFZ6OrQ_BA,vineland-new-jersey
https://www.ubereats.com/new-jersey/food-delivery/taste-buds-smoothies/w0wW9OXfSyWbmLXb0JxkHw,vineland-new-jersey
https://www.ubereats.com/new-jersey/food-delivery/popeyes-275-n-delsea-dr/ChG5VFNJQY-5TxwZUQPtzA,vineland-new-jersey
https://www.ubereats.com/new-jersey/food-delivery/krispy-krunchy-chicken-2778-south-main-road/IP8dh-qQSPuAanVGObE39A,vineland-new-jersey
https://www.ubereats.com/new-jersey/food-delivery/golden-palace-diner/oJat7IeaQT6P191QALYwrw,vineland-new-jersey
https://www.ubereats.com/new-jersey/food-delivery/cilantro-mexican-restaurant/xYS2EXLAT-KdI8W8mHlSYA,vineland-new-jersey
https://www.ubereats.com/new-jersey/food-delivery/little-caesars-700-north-high-st/FKBZcNM8RHOAadDOpUDU3Q,vineland-new-jersey
https://www.ubereats.com/new-jersey/food-delivery/boston-market-301-s-main-rd/LurCyq65TpGRnWM5Fh2lhA,vineland-new-jersey
https://www.ubereats.com/new-jersey/food-delivery/bagel-university%3A-west-campus/92MoirzTRrajbgwmLUlyRQ,vineland-new-jersey
https://www.ubereats.com/new-jersey/food-delivery/mcdonalds-306-n-delsea-dr/-lrqRDMyT-yQz7QaknZ1ow,vineland-new-jersey
https://www.ubereats.com/new-jersey/food-delivery/arbys-3880-s-delsea-drive/VPcmxKLoTh69MwLMtAygLA,vineland-new-jersey
https://www.ubereats.com/new-jersey/food-delivery/wawa-944-624-w-main-st/ATAK9ojqQcmW1KTkkOiI3A,vineland-new-jersey
