url,city
https://www.ubereats.com/san-diego/food-delivery/perks-coffee-house/swnC1LURTJ2f6XQQWKxi6w,vista-california
https://www.ubereats.com/san-diego/food-delivery/macaroni-grill-oceanside/6TN5ZtyER_KXxCmpLP-W1A,vista-california
https://www.ubereats.com/san-diego/food-delivery/jersey-mikes-subs-1350-east-vista-way/A7tWC8IGR9KQ6ZRYgxjETw,vista-california
https://www.ubereats.com/san-diego/food-delivery/kfc-tb-745-carlsbad-village-drive/HSeHMf3cTc-wT1ls97QQHw,vista-california
https://www.ubereats.com/san-diego/food-delivery/swamis-cafe-oceanside/X1m_0fFLQhyzAkf6ialElg,vista-california
https://www.ubereats.com/san-diego/food-delivery/alfredos-mexican-food/1bdFo-MyQViRTI5tlJAI6w,vista-california
https://www.ubereats.com/san-diego/food-delivery/shanes-pizza-and-pints/jk665o2iQk-vIYKFsKtxxg,vista-california
https://www.ubereats.com/san-diego/food-delivery/cream-of-the-crop/Ru4Zn0U0R96iSfpL3WH66g,vista-california
https://www.ubereats.com/san-diego/food-delivery/chipotle-mexican-grill-575-grand-ave/bapizasGR1yGipUiKdCiYQ,vista-california
https://www.ubereats.com/san-diego/food-delivery/mcdonalds-3794-plaza/C7pXWGhdTuuyvtNN7ixQqQ,vista-california
https://www.ubereats.com/san-diego/food-delivery/cicciottis-trattoria/5vm04d-zQCGJUORs4koOgA,vista-california
https://www.ubereats.com/san-diego/food-delivery/mcdonalds-487-college-blvd/taquo-H9QVKaABGBwyg8ww,vista-california
https://www.ubereats.com/san-diego/food-delivery/grants-fried-chicken/nFbCJnDHQuiETUtGZSiKAA,vista-california
https://www.ubereats.com/san-diego/food-delivery/jersey-mikes-subs-oceanside-4904-n-river-road/YDGX4lJCQn6jhGeDZfoWxw,vista-california
https://www.ubereats.com/san-diego/food-delivery/pit-stop-diner/ZPRLkZ1NT_mJIw6PtufCcw,vista-california
https://www.ubereats.com/san-diego/food-delivery/blended-osider/YdRCycd2SnOHDBMk_N_DvA,vista-california
https://www.ubereats.com/san-diego/food-delivery/los-cabos-mexican-and-seafood/UFN5wDTOT5uXooPM40CaxQ,vista-california
https://www.ubereats.com/san-diego/food-delivery/mikko-sushi/i2BqhJmySbq5iOnC8TgaQQ,vista-california
https://www.ubereats.com/san-diego/food-delivery/hello-deli/Fr6-y57rTGmwXKueVKyr6w,vista-california
https://www.ubereats.com/san-diego/food-delivery/subway-4160-oceanside-blvd-ste-173/Xl8VgXKbR827PpEwBafajQ,vista-california
https://www.ubereats.com/san-diego/food-delivery/thai-society/h-b_ghAKQRGKqlSxChGKHA,vista-california
https://www.ubereats.com/san-diego/food-delivery/swamis-cafe-vista/5TA00xoESW6gK2HBDFKySA,vista-california
https://www.ubereats.com/san-diego/food-delivery/starbucks-emerald-drive-%26-west/XqK0LJnCRhyskIr8H_kj8w,vista-california
https://www.ubereats.com/san-diego/food-delivery/kfc-840-e-vista-way/iHnbWDB1SQuBsHy3D7Zz5g,vista-california
https://www.ubereats.com/san-diego/food-delivery/sushi-on-the-edge/r8UlL0rTRFqzNZbsSrh-Vw,vista-california
https://www.ubereats.com/san-diego/food-delivery/romas-pizza/8PNeSeDSSKe0DTY_-oxyMA,vista-california
https://www.ubereats.com/san-diego/food-delivery/ocean-thai-cuisine-2455-vista-way/aOAFu2pDQSat4lqmWc3s8A,vista-california
https://www.ubereats.com/san-diego/food-delivery/el-puerto-mexican-and-seafood/lC2JZZiTTl6iqRqUUMWv6Q,vista-california
https://www.ubereats.com/san-diego/food-delivery/krispy-kreme-2325-vista-way/HYXj7g3CTMy-qz2ikDNA1Q,vista-california
https://www.ubereats.com/san-diego/food-delivery/kfc-tb-4100-oceanside-blvd/-WFsbK2oTqSDMgIuIaDS1w,vista-california
https://www.ubereats.com/san-diego/food-delivery/el-bronco/H-S9I6eUR7KWIQsIRsuqJw,vista-california
https://www.ubereats.com/san-diego/food-delivery/chef-v/IFSU3K7oQu-U4HTJMLwO0g,vista-california
https://www.ubereats.com/san-diego/food-delivery/panda-express-5630-paseo-del-norte/4_HnSnFtS_eGt-PSbEx6ow,vista-california
https://www.ubereats.com/san-diego/food-delivery/pier-view-coffee-company/EpPoomDxRzyM9sSE6BbVVA,vista-california
https://www.ubereats.com/san-diego/food-delivery/los-primos-carlsbad-%2320/TKkiD2GATfOsUFDBIgQkSg,vista-california
https://www.ubereats.com/san-diego/food-delivery/corner-grill/dko2jaPzTtCm_dflv8nl0g,vista-california
https://www.ubereats.com/san-diego/food-delivery/french-corner-carlsbad/_zp1eexnQQSuMeR5e-_19g,vista-california
https://www.ubereats.com/san-diego/food-delivery/marietas-mexican-restaurant-vandegrift-blvd/W7ifFUkSQYK_HVRGJcEzdQ,vista-california
https://www.ubereats.com/san-diego/food-delivery/papa-johns-4225-oceanside-boulevard/hrZTpCeWRWWiSkYFpigTPg,vista-california
https://www.ubereats.com/san-diego/food-delivery/del-taco-2269-s-el-camino-real/6CX3AyXeQYC0JfZOGu62xw,vista-california
https://www.ubereats.com/san-diego/food-delivery/san-luis-mexican-restaurant/Tt5VSsMZTV6l3GKde8w4ww,vista-california
https://www.ubereats.com/san-diego/food-delivery/cusimanos-pizzeria/jLrS2Hm6SlqrBh2WMZy1Yg,vista-california
https://www.ubereats.com/san-diego/food-delivery/black-rock-coffee-823-e-vista-way/vXxSj4nyQLiTXPXpwYjGvw,vista-california
https://www.ubereats.com/san-diego/food-delivery/jack-in-the-box-901-carlsbad-village-dr/uk7kGSamQsy4cecLMG6_Fg,vista-california
https://www.ubereats.com/san-diego/food-delivery/rosewood-kitchen/Vztdd3d9TjaoasM4HakYaA,vista-california
https://www.ubereats.com/san-diego/food-delivery/veggie-grill-carlsbad/-Tsl3OquQBm3FLKKuM1qAw,vista-california
https://www.ubereats.com/san-diego/food-delivery/kampai-sushi/iyjAItLcTA2AeLok9QvU5A,vista-california
https://www.ubereats.com/san-diego/food-delivery/its-tabu-sushi-bar-%26-grill-san-marcos/22kgIni_RIuDnka9iboZ9w,vista-california
https://www.ubereats.com/san-diego/food-delivery/wienerschnitzel-960-e-valley-parkway/gvLtD2-xT4GUYKopfqr-Uw,vista-california
https://www.ubereats.com/san-diego/food-delivery/mountain-mikes-pizza-455-college-blvd/VLpAmVefQuuVJC-MXMrH8Q,vista-california
https://www.ubereats.com/san-diego/food-delivery/starbucks-las-posas-drive-and-grand/r_wpLStFTiaLRVd73vsdIQ,vista-california
https://www.ubereats.com/san-diego/food-delivery/philly-franks-steaks/SZ1PeiPMT_iXAm7yBWTq1Q,vista-california
https://www.ubereats.com/san-diego/food-delivery/nuccis-italian-cafe-%26-pizza/K0FpOuhqRYya0ADOSIA7vg,vista-california
https://www.ubereats.com/san-diego/food-delivery/lemonshark-poke-%26-tap-house/rGTtHOtDQ6Ohv1Ht67QVkw,vista-california
https://www.ubereats.com/san-diego/food-delivery/sushi-yama-escondido/X0jC0or2RC2tGpmTVJZO5w,vista-california
https://www.ubereats.com/san-diego/food-delivery/aguacates-mexican-food/hQk_ygoXT4aNra0Gn1iQXQ,vista-california
https://www.ubereats.com/san-diego/food-delivery/the-whet-noodle/5xla-O3nTZOg43Ks8a0Scg,vista-california
https://www.ubereats.com/san-diego/food-delivery/sun-hing-buffet/ehtYD6iJScati76JLsVoYA,vista-california
https://www.ubereats.com/san-diego/food-delivery/starbucks-university-drive-%26-sycamore/ArL0le30SP6LPKVMrfmeiA,vista-california
https://www.ubereats.com/san-diego/food-delivery/little-cakes-cupcake-kitchen-vista/OyioRbGpSdeyQai-qqkBWA,vista-california
https://www.ubereats.com/san-diego/food-delivery/big-bowl-now/8qMgOj7FSF68Qf5DH8VJEw,vista-california
https://www.ubereats.com/san-diego/food-delivery/slaters-5050/IvgweFNcTPuxgyXsJYQLCQ,vista-california
https://www.ubereats.com/san-diego/food-delivery/banh-mi-san-marcos/Fs7wIozLRNqiaDxWGUAeEw,vista-california
https://www.ubereats.com/san-diego/food-delivery/chins-szechwan-escondido/2kb3OoiDTm-AXLooBNnXfQ,vista-california
https://www.ubereats.com/san-diego/food-delivery/sizzler-3805-plaza-drive/GEMY2_lCTRy6eWU0bWmRBw,vista-california
https://www.ubereats.com/san-diego/food-delivery/liv-kafe/ReT9q9DqSpWMD23GDyIF_w,vista-california
https://www.ubereats.com/san-diego/food-delivery/the-pita-guys-san-marcos/xqZd1dTqTw29M1wFNOUfyQ,vista-california
https://www.ubereats.com/san-diego/food-delivery/jack-in-the-box-1004-s-santa-fe-ave/AYus1ybxQmqjNr-1a8Tseg,vista-california
https://www.ubereats.com/san-diego/food-delivery/pure-burger-carlsbad/Rx_-MYbGSpa84ra_pQOvFg,vista-california
https://www.ubereats.com/san-diego/food-delivery/dickeys-bbq-pit-s-twing-oaks-valley-rd-%26-discovery-st/Qii_WmoxSMyzbSHrXhzXRQ,vista-california
https://www.ubereats.com/san-diego/food-delivery/lebanese-grill-mediterranean/o841zv6rQDWUkJ1Vx-BIAw,vista-california
https://www.ubereats.com/san-diego/food-delivery/pho-guys/NSRPW8DiRnCAiqcQ-im8DQ,vista-california
https://www.ubereats.com/san-diego/food-delivery/the-old-spaghetti-factory-san-marcos/YDu-dmiuSwW0M4kNTxxNXg,vista-california
https://www.ubereats.com/san-diego/food-delivery/del-taco-1037-e-bobier-dr/xMoxz433TTWevyBSd45xGw,vista-california
https://www.ubereats.com/san-diego/food-delivery/la-perla-tapatia/t3smv3nGTnWlKzGnTGRByw,vista-california
https://www.ubereats.com/san-diego/food-delivery/panda-express-333-south-twin-oaks-valley-road/pZs9Z7KERQC2dCzulPmG8Q,vista-california
https://www.ubereats.com/san-diego/food-delivery/landons-tikka-pizza/Vj19A9DjSS21Wukcvth-9w,vista-california
https://www.ubereats.com/san-diego/food-delivery/swamis-cafe-carlsbad/sWfYn9R9Qh21ISzKyL6anw,vista-california
https://www.ubereats.com/san-diego/food-delivery/kokage/F8Awvfe1QI2961k00wje0A,vista-california
https://www.ubereats.com/san-diego/food-delivery/rubios-2604-a-el-camino-real/mT-XLlBbSVSQ0fsPzN6u9w,vista-california
https://www.ubereats.com/san-diego/food-delivery/ichiban-ramen-and-sushi-vista/ywNk9UNzT9OKY4tQ0Awj5g,vista-california
https://www.ubereats.com/san-diego/food-delivery/101-bagels-and-subs/-gNAOzGlQbi27Dpb9dQZgQ,vista-california
https://www.ubereats.com/san-diego/food-delivery/subway-1461-n-santa-fe-ave-unit-101/opkPv1hASLy6NqTKY8fVzA,vista-california
https://www.ubereats.com/san-diego/food-delivery/dennys-2273-el-camino-real/wM2mT44fT3GurmYtuXbdtw,vista-california
https://www.ubereats.com/san-diego/food-delivery/mcdonalds-3517-cannon-road/mUKqTRWcRzu-EgPap_F_lw,vista-california
https://www.ubereats.com/san-diego/food-delivery/del-taco-1970-college-blvd/cUMA_FXKRMW09jKXmTRHBQ,vista-california
https://www.ubereats.com/san-diego/food-delivery/panda-express-47-douglas-drive/CwqBt167T--RyomwVx5qxg,vista-california
https://www.ubereats.com/san-diego/food-delivery/ihop-632-sycamore-ave/8VNwattsTmidcnk_z88AIQ,vista-california
https://www.ubereats.com/san-diego/food-delivery/fatburger-314-w-valley-pkwy/EzDcxejwSQKrP1C5H3XIZQ,vista-california
https://www.ubereats.com/san-diego/food-delivery/the-ice-cream-shop/K3gj8MjsQp2USGWyK-6PiQ,vista-california
https://www.ubereats.com/san-diego/food-delivery/harney-sushi-oceanside/UblOuZepSwGdlfyOHNTqpQ,vista-california
https://www.ubereats.com/san-diego/food-delivery/curry-craft/KbWE1sjORRy0TAzOiuitfA,vista-california
https://www.ubereats.com/san-diego/food-delivery/luna-grill-bressi-ranch/-jaRosp7R-Chm4BtKJKTaQ,vista-california
https://www.ubereats.com/san-diego/food-delivery/pizza-xpress/Z7S1QTe4QhaltbyuaIiGNg,vista-california
https://www.ubereats.com/san-diego/food-delivery/the-cheesesteak-grill/mmBxO-iDRWSjGriDBIGIgg,vista-california
https://www.ubereats.com/san-diego/food-delivery/albertacos-mexican-food-vista/BMnPirLkRByuQ_8YdWWh6Q,vista-california
https://www.ubereats.com/san-diego/food-delivery/subway-510-hacienda-dr-ste-101a/cMxlqM1AT0WXxA-YnBkhug,vista-california
https://www.ubereats.com/san-diego/food-delivery/pick-up-stix-oceanside/VblkwT5rSQifmdkQ9nXwVA,vista-california
https://www.ubereats.com/san-diego/food-delivery/farmer-boys-%E2%80%93-w-mission-ave/eXdU23U3R36wMLzG3--Bnw,vista-california
https://www.ubereats.com/san-diego/food-delivery/chipotle-mexican-grill-30-main-st-ste-100/watuvltPSKmOvCLJ8mFAzA,vista-california
https://www.ubereats.com/san-diego/food-delivery/el-chapin-restaurant-bakery-%26-store-oceanside/rPWGQ0mMQC-iPjssmZ5Wcw,vista-california
https://www.ubereats.com/san-diego/food-delivery/sushi-yama-carlsbad/ECmc1h76SgiCVS5Ejjv53w,vista-california
https://www.ubereats.com/san-diego/food-delivery/landons/dC9p0taaQV27maz6yqZbZg,vista-california
https://www.ubereats.com/san-diego/food-delivery/disfruta/u4nvubj6T7i_JCXs1wM13A,vista-california
https://www.ubereats.com/san-diego/food-delivery/pasquallys-pizza-%26-wings-2481-vista-way/mF8IrRMbQiSdF4SseCjAsQ,vista-california
https://www.ubereats.com/san-diego/food-delivery/landons-soy-%26-spice/C_P81bgtQKeErAElSLQa-Q,vista-california
https://www.ubereats.com/san-diego/food-delivery/landons-fusion-house/6DxTpsR2SD6ee4EHq0YvUQ,vista-california
https://www.ubereats.com/san-diego/food-delivery/lucha-libre-taco-shop-carlsbad/VVEiTuDISnKneen3gs-1JQ,vista-california
https://www.ubereats.com/san-diego/food-delivery/dennys-605-college-blvd/nrzgD1MTQW2ZAWk43XAoUQ,vista-california
https://www.ubereats.com/san-diego/food-delivery/panda-express-4121-oceanside-blvd/BytuSw0VQ36ucZyhTteLjQ,vista-california
https://www.ubereats.com/san-diego/food-delivery/water-shack/qanGGw9HS72vIYPlIUUDEw,vista-california
https://www.ubereats.com/san-diego/food-delivery/pho-ph-ha/e5vGHSthRXeik2b6busOPw,vista-california
https://www.ubereats.com/san-diego/food-delivery/luna-grill-el-camino-real/gENFmVKTReabRJnmLvMK2A,vista-california
https://www.ubereats.com/san-diego/food-delivery/umai-sushi-%26-yakitori/962AfYRRQaKRnJOqQ9xbTQ,vista-california
https://www.ubereats.com/san-diego/food-delivery/hooters-center-dr-%26-nordahl-rd/LvDdtqRwQU6HPkmj3VIY4Q,vista-california
https://www.ubereats.com/san-diego/food-delivery/eve-oceanside/oIRTsBLTStO6cjuT9_nHug,vista-california
https://www.ubereats.com/san-diego/food-delivery/lupillozz-pizza/ndq8xnPWQQi9iSl0k3FdLA,vista-california
https://www.ubereats.com/san-diego/food-delivery/burger-king-728-west-san-marcos-boulevard/3ebANGeLRNGdHkWOIhLoLA,vista-california
https://www.ubereats.com/san-diego/food-delivery/mother-earth-tap-house/EgixpedXQ9m2kTyfL9JYXw,vista-california
https://www.ubereats.com/san-diego/food-delivery/kinaly-thai/RWbK5_7dQCGNO_jITq27Tw,vista-california
https://www.ubereats.com/san-diego/food-delivery/jack-in-the-box-3808-plaza-dr/9h9Aa9g0R92yc0VKdbhejg,vista-california
https://www.ubereats.com/san-diego/food-delivery/red-lobster-2471-vista-way/uB--CbxlS1-fcBtWSLrI4w,vista-california
https://www.ubereats.com/san-diego/food-delivery/jersey-mikes-subs/T4iWjXvNTSWbcMMlZU57oA,vista-california
https://www.ubereats.com/san-diego/food-delivery/miramar-fish-tacos-%26-beer/oqllvhnbT6iiqOStuL-d3A,vista-california
https://www.ubereats.com/san-diego/food-delivery/starbucks-el-camino-real-%26-e-vista-way/__qs7JT4RweBEdANsATBaw,vista-california
https://www.ubereats.com/san-diego/food-delivery/subway-6994-el-camino-real-ste-100/skvb6Bt3RSGk-mL6sdCBRg,vista-california
https://www.ubereats.com/san-diego/food-delivery/kabob-lounge-carlsbad/zZjQjimSTFWUXgIT6896bg,vista-california
https://www.ubereats.com/san-diego/food-delivery/mcdonalds-827-south-santa-fe-avenue/do3UleOJRVKTap7TXhVHfg,vista-california
https://www.ubereats.com/san-diego/food-delivery/subway-950-e-vista-way-ste-f/PVwF4ZEsTnaIjtskSTOMFg,vista-california
https://www.ubereats.com/san-diego/food-delivery/papa-johns-407-n-twin-oaks-valley-rd-ste-100/UVTb6qRSTZmfB0RQKD9mWw,vista-california
https://www.ubereats.com/san-diego/food-delivery/birrias-el-padrino/H4fm-oioRw2Lj5gZDRRt-A,vista-california
https://www.ubereats.com/san-diego/food-delivery/pollos-maria/xghMdD_dReqGLUXCo911ig,vista-california
https://www.ubereats.com/san-diego/food-delivery/rubios-4201-oceanside-blvd/uoAW7o_nQ_Oq0pKnrPWYiQ,vista-california
https://www.ubereats.com/san-diego/food-delivery/corner-bakery-carlsbad/kDxUCog9QyCTHUfVS3B8kQ,vista-california
https://www.ubereats.com/san-diego/food-delivery/subway-137-s-las-posas-rd-ste-150/9BJB0Q4BQ824hZWTb-MZEQ,vista-california
https://www.ubereats.com/san-diego/food-delivery/pho-ever-vista/NE8j6-FsQ8iGk4iQGjIRGQ,vista-california
https://www.ubereats.com/san-diego/food-delivery/blackstone-pizza/mTEE-G3yTlm64Jgj_Bexaw,vista-california
https://www.ubereats.com/san-diego/food-delivery/fruit-fresh-superfood-delights/Y0wouwM0S7yQCr6VAOEJ4w,vista-california
https://www.ubereats.com/san-diego/food-delivery/urban-tadka/mq4KauNITn-oMKkRQPv3zg,vista-california
https://www.ubereats.com/san-diego/food-delivery/jack-in-the-box-740-sycamore-rd/s3BX0tMXQSW5IS939WhUuA,vista-california
https://www.ubereats.com/san-diego/food-delivery/tasty-pizza-escondido/L78vylt7QoO5XFTqjqa5yQ,vista-california
https://www.ubereats.com/san-diego/food-delivery/rubios-620-hacienda-dr/Sy7c65IoSuOpAzRVz_sN-g,vista-california
https://www.ubereats.com/san-diego/food-delivery/legato-pizza/hJY7hMOuTz6QByKZBGyqqQ,vista-california
https://www.ubereats.com/san-diego/food-delivery/jamba-juice-591-grand-ave-ste-100/k0Ea9SKET7OzQgTqveaqtQ,vista-california
https://www.ubereats.com/san-diego/food-delivery/el-pollo-loco-483-college-blvd3781/cQU9JtXdQZ-Sc2zDEbclmg,vista-california
https://www.ubereats.com/san-diego/food-delivery/starbucks-melrose-%26-sycamore-vista/iwvN-yDKQiSUV1sLD_6SLA,vista-california
https://www.ubereats.com/san-diego/food-delivery/spicy-king/P3aR5cYHQsm_E-DeXzqylg,vista-california
https://www.ubereats.com/san-diego/food-delivery/partake-gastropub/zNy87ZHfQoyY42lU1bqccA,vista-california
https://www.ubereats.com/san-diego/food-delivery/disfruta/jR7e7bZBQ6mfYnCNgH0s3g,vista-california
https://www.ubereats.com/san-diego/food-delivery/bad-mutha-clucka-vista/ZLU4Aeg5SP-tl9URITMk2g,vista-california
https://www.ubereats.com/san-diego/food-delivery/apocalypse-taco/fqx95FK7QY2eCBRAnXfJKw,vista-california
https://www.ubereats.com/san-diego/food-delivery/hungry-bear-deli/V9TUzG5zR1aXvBgma4gQ9Q,vista-california
https://www.ubereats.com/san-diego/food-delivery/when-pigs-fly-bbq-vista-foothill/4-reUl6ISJqwpj1jtGqC6w,vista-california
https://www.ubereats.com/san-diego/food-delivery/su-pan-bakery/mksIDFcRRtS8WyGckr7LSg,vista-california
https://www.ubereats.com/san-diego/food-delivery/thai-pasta/n8Q-omMAR0WkcpZuEdyuNA,vista-california
https://www.ubereats.com/san-diego/food-delivery/albertacos-mexican-food-san-marcos/7tEbXDt_SP6fTopewBeYGw,vista-california
https://www.ubereats.com/san-diego/food-delivery/chuck-e-cheese-1861-university-drive/pYAep8HiR-G8FpjyOjNrlw,vista-california
https://www.ubereats.com/san-diego/food-delivery/the-ice-cream-shop/X-OJa5MPRjaRxZw0ZYyKIQ,vista-california
https://www.ubereats.com/san-diego/food-delivery/l%26l-hawaiian-barbecue/8qm0oG3dRomTW8K1DYz0dg,vista-california
https://www.ubereats.com/san-diego/food-delivery/giaola-italian-kitchen/ebWaN_PsSGuaLurEd4OSww,vista-california
https://www.ubereats.com/san-diego/food-delivery/sammys-woodfired-pizza-%26-grill-san-marcos/ySmLuadfR5GGquUheAiR7Q,vista-california
https://www.ubereats.com/san-diego/food-delivery/la-hacienda-restaurant/1w55pvh1TDie31HQa_lb9Q,vista-california
https://www.ubereats.com/san-diego/food-delivery/panera-401-vista-village-drive/EtP31_98TAGvoNpLOVe6Fw,vista-california
https://www.ubereats.com/san-diego/food-delivery/manhattan-giant-pizza/fLd6KsINQPesefQpmfH79w,vista-california
https://www.ubereats.com/san-diego/food-delivery/oggis-sports-i-brewhouse-i-pizza-vista/vCZAjAZKSTuKE9vYeOGqeA,vista-california
https://www.ubereats.com/san-diego/food-delivery/onnys-thai-restaurant/1wnvf5xvTImmvxWAFey-qw,vista-california
https://www.ubereats.com/san-diego/food-delivery/outback-steakhouse-2485-vista-way/V0I1uxf_TzShFWDgyH348g,vista-california
https://www.ubereats.com/san-diego/food-delivery/anitas-mexican-restaurant-%26-cantina/S2DBFPPKTW--TQcmFiiFww,vista-california
https://www.ubereats.com/san-diego/food-delivery/texas-de-brazil-carlsbad/rMssgoajSsifEvVCn84rsw,vista-california
https://www.ubereats.com/san-diego/food-delivery/san-marcos-deli/SbXpXJ36Tla27cDNR4SCTQ,vista-california
https://www.ubereats.com/san-diego/food-delivery/hooked-on-sushi/ad5u-L-fTmiqmXtpLO53lQ,vista-california
https://www.ubereats.com/san-diego/food-delivery/swiss-grill-inc/jJEmB07RRI2zKjBOMtPwQw,vista-california
https://www.ubereats.com/san-diego/food-delivery/el-pollo-loco-3500-college-blvd3731/fF2-KXIySX6Lc6po1P5Wsw,vista-california
https://www.ubereats.com/san-diego/food-delivery/toms-famous-family-restaurant-%2322/vTvrCTFOQly0vaWRhM3HYg,vista-california
https://www.ubereats.com/san-diego/food-delivery/los-amigos-mexican-food/o8_fd4_lSTKPGzq4XYmXWg,vista-california
https://www.ubereats.com/san-diego/food-delivery/big-jims-395/L9d0QkQsQOKWrHi9GNFMNQ,vista-california
https://www.ubereats.com/san-diego/food-delivery/mama-n-papas-pizza-grotto/EsEZKfaRQumrtL-pJlKg2w,vista-california
https://www.ubereats.com/san-diego/food-delivery/clara-carlsbad/B36NgTzZTJaPfzUuVwtodg,vista-california
https://www.ubereats.com/san-diego/food-delivery/culichi-town-vista/ItkRmTAKQ3iLN4YHOrnrTQ,vista-california
https://www.ubereats.com/san-diego/food-delivery/bjs-restaurant-%26-brewhouse-5613-paseo-del-norte/GgL4g_4IQpmvWHmGigovkw,vista-california
https://www.ubereats.com/san-diego/food-delivery/the-market-at-hidden-meadows/OMQhteonT3muW7_jEUJC9w,vista-california
https://www.ubereats.com/san-diego/food-delivery/the-cravory-cookies-carlsbad/ZXKyMxQMQtGNLc4ufWkhSw,vista-california
https://www.ubereats.com/san-diego/food-delivery/dukes-hawaiian-coffee-and-cafe/MlDxC_9oQSaMFJK_56BNhg,vista-california
https://www.ubereats.com/san-diego/food-delivery/board-%26-brew-oceanside/fElwxUVcS1Kz8X6BCZPPFw,vista-california
https://www.ubereats.com/san-diego/food-delivery/umi-japanese-grill-%26-cafe/jFbGspSUR3qVH-wu-1mWAQ,vista-california
https://www.ubereats.com/san-diego/food-delivery/los-tacos-vista-way/Wr3iDbJyRxm4KDOb3WRxyg,vista-california
https://www.ubereats.com/san-diego/food-delivery/264-fresco/VK8j2GGvTEKfW65_nGhxQw,vista-california
https://www.ubereats.com/san-diego/food-delivery/wildwood-crossing-%26-cantina/lhko7vQ-R-u4x4gM-0KwHQ,vista-california
https://www.ubereats.com/san-diego/food-delivery/crafted-tea-bar-%26-boba/0ICx3MVeQSWmoFqz1SLbFQ,vista-california
https://www.ubereats.com/san-diego/food-delivery/copa-vida/K092PuyYQcuT-bbO1cpSAw,vista-california
https://www.ubereats.com/san-diego/food-delivery/the-ice-cream-shop/AqusEKlsTqadL65ff00AXw,vista-california
https://www.ubereats.com/san-diego/food-delivery/tin-leaf-fresh-kitchen/PiSvEkJHTcKHRFLkErsICg,vista-california
https://www.ubereats.com/san-diego/food-delivery/submarina/9E-0-NI4QqiQ9zs2LMNKkQ,vista-california
https://www.ubereats.com/san-diego/food-delivery/sushi4reel/UXjhlTMmTfme5CnaoXEXaA,vista-california
https://www.ubereats.com/san-diego/food-delivery/wendys-3705-plaza-drive/v8bEgncSRdCHzh3dFnuiYA,vista-california
https://www.ubereats.com/san-diego/food-delivery/subway-hacienda-dr/4s9zzs9cRE68Hmt8U1dQIg,vista-california
https://www.ubereats.com/san-diego/food-delivery/enzos-bbq-%26-alehouse/T75Z5F1UQ8y_norHDiqAhA,vista-california
https://www.ubereats.com/san-diego/food-delivery/del-taco-736-s-rancho-santa-fe/RXxDfAatR2W3Znw5TmMDaA,vista-california
https://www.ubereats.com/san-diego/food-delivery/north-park-produce-vista/_g-poK8cTMecCDdmst25dA,vista-california
https://www.ubereats.com/san-diego/food-delivery/casero-taqueria/22sYHEteQSm-gGRVeF5jOg,vista-california
https://www.ubereats.com/san-diego/food-delivery/poki-poki/182Ucb0rQ62d_tYs8RKT0g,vista-california
https://www.ubereats.com/san-diego/food-delivery/inland-tavern/k6eu-v94T7-0L2Zzm9dHIw,vista-california
https://www.ubereats.com/san-diego/food-delivery/the-ice-cream-shop/-VzTnKAPQhS9dhvdzQftdQ,vista-california
https://www.ubereats.com/san-diego/food-delivery/cafe-de-thai-%26-sushi/c0Pe6aLuQKqrQbHbHJ9sfA,vista-california
https://www.ubereats.com/san-diego/food-delivery/debbies-restaurant-and-pie-shoppe/IEP13U9eTaq-USYtV_PYDg,vista-california
https://www.ubereats.com/san-diego/food-delivery/chins-szechwan-cuisine-vista-ca/ynS1mcVRRdaW6BsHFQIImg,vista-california
https://www.ubereats.com/san-diego/food-delivery/chipotle-mexican-grill-2611-vista-way-ste-a/wXTFfnVpTYu1KCwaKPo2OQ,vista-california
https://www.ubereats.com/san-diego/food-delivery/erikas-mexican-food-%26-seafood/XIPvyGjWSeWlwStRmi4LMQ,vista-california
https://www.ubereats.com/san-diego/food-delivery/rock-n-jennys-italian-subs/lyh06bkYSJSWqmSUoB40Xg,vista-california
https://www.ubereats.com/san-diego/food-delivery/sonic-101-main-street/gYGz-kgaRHy-cC93PnqyLw,vista-california
https://www.ubereats.com/san-diego/food-delivery/cejas-mexican-diner-%26-grill/H_jH_pi8SfGoKCQzshpDSA,vista-california
https://www.ubereats.com/san-diego/food-delivery/pizza-on-tap/ERS6nnnhS2CGh77jkguxFw,vista-california
https://www.ubereats.com/san-diego/food-delivery/getn-go-donuts/Zlpsq-AZSmaphi7Bu3aMLQ,vista-california
https://www.ubereats.com/san-diego/food-delivery/the-ice-cream-shop/XSuyv54pQziFVOKcomyaVw,vista-california
https://www.ubereats.com/san-diego/food-delivery/buffalo-wild-wings-2685-vista-way/hMT2zSyzRoWN954tRXG5ag,vista-california
https://www.ubereats.com/san-diego/food-delivery/tabu-sushi-bar-%26-grill-vista/_ug4YL5hRLmX8m7IqkQ_Wg,vista-california
https://www.ubereats.com/san-diego/food-delivery/jersey-mikes-subs-vista-620-hacienda-drive/Is5Anf0NSqi869nlgSbyKw,vista-california
https://www.ubereats.com/san-diego/food-delivery/tasty-pizza-vista/XcZDYgJZQmCBGV3SgdbuiA,vista-california
https://www.ubereats.com/san-diego/food-delivery/board-%26-brew-carlsbad-village/skzQCoi2Tdiwa97Jw681tQ,vista-california
https://www.ubereats.com/san-diego/food-delivery/flippin-pizza-2440-south-melrose-dr/iHhYw5S9TZGsKEC-Sd5bxw,vista-california
https://www.ubereats.com/san-diego/food-delivery/dog-haus-biergarten-vista/6I6tEB9BSYiCmB1-LMbfZQ,vista-california
https://www.ubereats.com/san-diego/food-delivery/the-ice-cream-shop/SZZt_9lRRASwCP7NPGuImg,vista-california
https://www.ubereats.com/san-diego/food-delivery/mikes-bagels/N1_ES2VNS_-XRCaLOzJBgQ,vista-california
https://www.ubereats.com/san-diego/food-delivery/los-primos-san-marcos-%2335/cAVidIyTTBOJrSv9TnqSwQ,vista-california
https://www.ubereats.com/san-diego/food-delivery/colimas-mexican-restaurant-oceanside/XAJUUwlmSQejYlkH1PDYtg,vista-california
https://www.ubereats.com/san-diego/food-delivery/dennys-510-w-mission-ave/Emjz75LOQBO_MwaouYXPww,vista-california
https://www.ubereats.com/san-diego/food-delivery/al-toque/nIiN54pgQB62X6pzj3Mlgg,vista-california
https://www.ubereats.com/san-diego/food-delivery/lourdes-mexican-restaurant/Ah8V1kgUS62vfdn7tUwWUg,vista-california
https://www.ubereats.com/san-diego/food-delivery/mcdonalds-2185-vista-way/vGL5Tny5SiSO5_qJakIZPA,vista-california
https://www.ubereats.com/san-diego/food-delivery/starbucks-old-grove-%26-mission-oceanside/UII5rgLrRNi6qxKi5SfPuA,vista-california
https://www.ubereats.com/san-diego/food-delivery/yamariki-sushi/tdM_iWmXRGmkxQoYwi_Nng,vista-california
https://www.ubereats.com/san-diego/food-delivery/carmelitas-snack/i4Wenl3RTIOvT2wteAq38g,vista-california
https://www.ubereats.com/san-diego/food-delivery/jersey-mikes-subs-oceanside-302-mission-ave/BW5HVNPiTVygvSy825uwCQ,vista-california
https://www.ubereats.com/san-diego/food-delivery/blaze-pizza-5620-paseo-del-norte-%23126/npYCONoBS06sqN8mzuogvA,vista-california
https://www.ubereats.com/san-diego/food-delivery/haagen-dazs-5620-paseo-de-norte-%23120c/yc7t_x_lRnymvN8oI0TU8A,vista-california
https://www.ubereats.com/san-diego/food-delivery/lindas-yogurt-and-deli/63Gm9LWLRG6ZlcJNCpj4SA,vista-california
https://www.ubereats.com/san-diego/food-delivery/bologna-gourmet/nbtzmS_WQNOzPw2mZJisWg,vista-california
https://www.ubereats.com/san-diego/food-delivery/pinsarella-italia/INETQSjkS8eWu484rwSjbA,vista-california
https://www.ubereats.com/san-diego/food-delivery/el-pollo-loco-7120-avenida-encinas-%231043820/pB5vqNuxQ8S-G_-9kkLGrQ,vista-california
https://www.ubereats.com/san-diego/food-delivery/panda-express-20-main-st/9nayHrgbQuuVeUaNnB8r4w,vista-california
https://www.ubereats.com/san-diego/food-delivery/primo-foods-oceanside/_6bSi0EKSZKDoYk7fswZsw,vista-california
https://www.ubereats.com/san-diego/food-delivery/board-%26-brew-carlsbad-bressi-ranch/mrJzVA0hRYGvsSfK2sDb1g,vista-california
https://www.ubereats.com/san-diego/food-delivery/taste-of-the-himalayas-carlsbad/MDslI1IMS-a-cfuAkwqYDw,vista-california
https://www.ubereats.com/san-diego/food-delivery/applebees-2146-vista-way-%2379047/EV2u6D36Qpyzl1INqDbKmA,vista-california
https://www.ubereats.com/san-diego/food-delivery/ebullition-brew-works-%26-gastronomy/GZ3HgJd2Q6uPyLTtWIG7cQ,vista-california
https://www.ubereats.com/san-diego/food-delivery/jamba-juice-2505-palomar-airport-rd-ste-101/arsVeXRJQ9qnv-GMEvnr1A,vista-california
https://www.ubereats.com/san-diego/food-delivery/jack-in-the-box-550-w-mission-ave/ikx-Hoy2R_2DNI9Y6-tCqg,vista-california
https://www.ubereats.com/san-diego/food-delivery/broken-yolk-cafe-oceanside/4OLdBg_mRsaBVg1gq8xC4Q,vista-california
https://www.ubereats.com/san-diego/food-delivery/poki-poki-oceanside/5NYsRARDQR6QZbOSeVQAHg,vista-california
https://www.ubereats.com/san-diego/food-delivery/jack-in-the-box-4211-oceanside-blvd/NwPJHBzPReGsHloXRcSHFA,vista-california
https://www.ubereats.com/san-diego/food-delivery/shaks-mediterranean-bistro/Pp4zFnkgR9-Lj5LDSNTRUA,vista-california
https://www.ubereats.com/san-diego/food-delivery/mariscos-ensenada/xd0lPO51S8GIG6aVbEHxlQ,vista-california
https://www.ubereats.com/san-diego/food-delivery/johnnys-rutherford-cafe/BDXGCtmrS4O6ENOPh4fTqA,vista-california
https://www.ubereats.com/san-diego/food-delivery/taco-bell-6017-paseo-del-norte/dZLy5Bc7TGip7_eXyfoTLg,vista-california
https://www.ubereats.com/san-diego/food-delivery/serranos-mexican-food/VYxzWWQASl6cg47eabTlnA,vista-california
https://www.ubereats.com/san-diego/food-delivery/las-brisas-mexican-cuisine/KgHq9rOtTxScNG7TnTE8aQ,vista-california
https://www.ubereats.com/san-diego/food-delivery/chipotle-mexican-grill-2505-palomar-airport-rd-ste-100/k3TqgKorTX-1HCJnv867Nw,vista-california
https://www.ubereats.com/san-diego/food-delivery/panda-express-600-west-mission-ave/t-VAqfopT_6u9SlwF10ilw,vista-california
https://www.ubereats.com/san-diego/food-delivery/rafaelas-restaurant/pFmpFKl1Tn65nfX7WT81pg,vista-california
https://www.ubereats.com/san-diego/food-delivery/pick-up-stix-san-marcos/Kc-gfne0SBKgPliLmT_RRQ,vista-california
https://www.ubereats.com/san-diego/food-delivery/jays-gourmet-seafoof-%26-pizza/3_FA_tLqQziblpaHxs_Ayg,vista-california
https://www.ubereats.com/san-diego/food-delivery/macchiato/jxxA2s4PQvKGdscfVGJ3WQ,vista-california
https://www.ubereats.com/san-diego/food-delivery/sabai-sabai-thai-kitchen/0JJxrt-GT1Keus5DdjBW-A,vista-california
https://www.ubereats.com/san-diego/food-delivery/stratford-at-the-harbor/70gdPsLsTVGeicJL204lMQ,vista-california
https://www.ubereats.com/san-diego/food-delivery/rockin-baja-lobster-oceanside/jKWr-XGYR4OGL3JR8tHSVQ,vista-california
https://www.ubereats.com/san-diego/food-delivery/grill-house/VeJkNxBOS9ycP8d4UN0pJw,vista-california
https://www.ubereats.com/san-diego/food-delivery/brooklyn-boyz-pizza-e-vista-way/tb-zF3AeQjWnC1WTL-Bq1A,vista-california
https://www.ubereats.com/san-diego/food-delivery/outback-steakhouse-177-san-marcos-blvd/qddCobcYTuWFZvXRPZR-rg,vista-california
https://www.ubereats.com/san-diego/food-delivery/bacon-swinery-inc/rO9S4YlVQryLFT5R7C7dYA,vista-california
https://www.ubereats.com/san-diego/food-delivery/starbucks-pacific-coast-plaza-oceanside/O0LsmahvQZCH9VKNyjxvqg,vista-california
https://www.ubereats.com/san-diego/food-delivery/dennys-487-harbor-dr/zbQfVLtqQ7yqOza5Zcq1yg,vista-california
https://www.ubereats.com/san-diego/food-delivery/senor-pancho-mexican-grill/JzHEbe_7RaaZrL9mJJiZEw,vista-california
https://www.ubereats.com/san-diego/food-delivery/beshock-ramen/wBami52zQiGg87LNbG2H8w,vista-california
https://www.ubereats.com/san-diego/food-delivery/mcdonalds-1470-n-santa-fe/s5mePz6PRgmVKuXw8GZDvA,vista-california
https://www.ubereats.com/san-diego/food-delivery/mariscos-huatulco/1L9ogK0OTo-HBWL_SUv1-g,vista-california
https://www.ubereats.com/san-diego/food-delivery/chins-szechwan-cuisine-oceanside-ca/fk_NYGMYQYez1eJbGTus5g,vista-california
https://www.ubereats.com/san-diego/food-delivery/panda-express-1068-mission-ave/drwXEoiPTeeZXmogn-HD8w,vista-california
https://www.ubereats.com/san-diego/food-delivery/leucadia-pizzeria-vista/ojfhoRrGTHCeMfMYX34gew,vista-california
https://www.ubereats.com/san-diego/food-delivery/pho-house/4oRPH-neQgSt3uYnxqCQYA,vista-california
https://www.ubereats.com/san-diego/food-delivery/tempo-kitchen/y1PInjXUSE-obWMVf5KANw,vista-california
https://www.ubereats.com/san-diego/food-delivery/king-and-i-of-san-marcos/eU7VrmzYSeCacOe31AT5mw,vista-california
https://www.ubereats.com/san-diego/food-delivery/papa-johns-245-w-el-norte-pkwy/pDz-M_VnSh6uUPi7zDeq2g,vista-california
https://www.ubereats.com/san-diego/food-delivery/leucadia-pizzeria-carlsbad/X4ETYxtYTUSJp0tEdaCXvA,vista-california
https://www.ubereats.com/san-diego/food-delivery/colimas-mexican-food-vista/Wf6gevNgQLW2spLx1Ns6aA,vista-california
https://www.ubereats.com/san-diego/food-delivery/blade-1936/v_h4zW7fQIOjGjB6UeUk9Q,vista-california
https://www.ubereats.com/san-diego/food-delivery/giant-new-york-pizza-vista/EXwa_AsGRgCsNxR9cGwaPA,vista-california
https://www.ubereats.com/san-diego/food-delivery/burger-king-377-vista-village-drive/9SPPIb3NS1a06c5YNRGcLA,vista-california
https://www.ubereats.com/san-diego/food-delivery/five-guys-ca-0596-2519-palomar-airport-rd/N_gJDcHdQ86LRXJD150KDg,vista-california
https://www.ubereats.com/san-diego/food-delivery/wulan-ramen-tap-house/kNtxGZZHSKeDhWBEeUb2wQ,vista-california
https://www.ubereats.com/san-diego/food-delivery/top-choice-fish/eImFSDUTRymxZJ2se3cvHg,vista-california
https://www.ubereats.com/san-diego/food-delivery/kfc-3747-mission-avenue/dKIfDEcSS7itfZQupIU0CA,vista-california
https://www.ubereats.com/san-diego/food-delivery/rookies-sports-bar/9Sy7aBvTRaOm7QX2FsrEMQ,vista-california
https://www.ubereats.com/san-diego/food-delivery/hooked-on-poke/FeCz_fLmS2y65lx8Khjguw,vista-california
https://www.ubereats.com/san-diego/food-delivery/green-dragon-tavern-%26-museum/VgJhViY8TTK6Q9TeCLUQnQ,vista-california
https://www.ubereats.com/san-diego/food-delivery/sublime-ale-house-san-marcos/aUgd8lbeRNO-9odb5Cz6Wg,vista-california
https://www.ubereats.com/san-diego/food-delivery/manna-heaven-bbq-san-marcos/xuh-u50wRHe3zhFJGGM1Mg,vista-california
https://www.ubereats.com/san-diego/food-delivery/curry-and-more-indian-bistro-san-marcos/KL_X2Kw2QiWNk9GHznnBJQ,vista-california
https://www.ubereats.com/san-diego/food-delivery/big-market/KMWkOUFZSm6eQAb3HdrL-g,vista-california
https://www.ubereats.com/san-diego/food-delivery/mendocino-farms/6D8fvmtHRlKVCAdvb3qpeQ,vista-california
https://www.ubereats.com/san-diego/food-delivery/los-tacos/uLZr5D3nRCSeUECj0nlCyw,vista-california
https://www.ubereats.com/san-diego/food-delivery/jersey-mikes-subs-carlsbad-2521-palomar-airport-road/eMRvoDD0Tx2M3erQLqsirw,vista-california
https://www.ubereats.com/san-diego/food-delivery/carlsbad-pizza-by-the-slice/JObfpevmQ0CJISInMNTtoA,vista-california
https://www.ubereats.com/san-diego/food-delivery/notorious-burgers/p2Aqq5ulSDykFWEhrlnbGg,vista-california
https://www.ubereats.com/san-diego/food-delivery/fratellis-italian-kitchen/LgRTbnw9SMG9BxklQPw9VQ,vista-california
https://www.ubereats.com/san-diego/food-delivery/when-pigs-fly-bbq-multi-location/IlgwzqjfQgqLm7XJfEBEvQ,vista-california
https://www.ubereats.com/san-diego/food-delivery/jamba-juice-3480-marron-rd-ste-3b103/UK7SyKl3S0GqtQbfdbR5Tw,vista-california
https://www.ubereats.com/san-diego/food-delivery/buffalo-wild-wings-1010-w-san-marcos-blvd/lLjtJhRHTQSh-8c2tkOasQ,vista-california
https://www.ubereats.com/san-diego/food-delivery/the-ice-cream-shop/yTNTDXKcTM-PwvXGyULwRQ,vista-california
https://www.ubereats.com/san-diego/food-delivery/farmer-boys-%E2%80%93-e-valley-pkwy/-EBgKt9xRamGbJLxGMYIlQ,vista-california
https://www.ubereats.com/san-diego/food-delivery/super-sushi/01KtDEI_S9qAA1j6dQT08Q,vista-california
https://www.ubereats.com/san-diego/food-delivery/el-pollo-loco-1004-mission-ave/2DjEaGUDTmywAykINh2yeA,vista-california
https://www.ubereats.com/san-diego/food-delivery/dennys-540-w-vista-way/koHms9_PTCuW67MZTj0epg,vista-california
https://www.ubereats.com/san-diego/food-delivery/chins-la-costa/R0uAI6loTSuXZXgVWzU62Q,vista-california
https://www.ubereats.com/san-diego/food-delivery/wendys-1002-mission-avenue/RVou0F-KTPWyUXqG3G-pCA,vista-california
https://www.ubereats.com/san-diego/food-delivery/noodles-%26-company-2267-s-el-camino-real/I3m9m7yYQmS5LxavFTEFhA,vista-california
https://www.ubereats.com/san-diego/food-delivery/fairways-kitchen-%26-bar/I9tlr8alR1OLAJSyqeseVw,vista-california
https://www.ubereats.com/san-diego/food-delivery/rubios-1158-w-san-marcos-blvd/zxO0-9C6ScOyacDzF3gd2g,vista-california
https://www.ubereats.com/san-diego/food-delivery/vitality-bowls-6943-el-camino-real/0lA1COc1QEWbGkmIZW_D3Q,vista-california
https://www.ubereats.com/san-diego/food-delivery/mikko-sushi/i73FpF3NRtu6FpDKA1xDow,vista-california
https://www.ubereats.com/san-diego/food-delivery/eureka!-carlsbad/mzmCuI01TUy7XGOPbzNA8g,vista-california
https://www.ubereats.com/san-diego/food-delivery/toms-famous-family-restaurant-%2324/fnV0kluqS-elSDrL_Rebsg,vista-california
https://www.ubereats.com/san-diego/food-delivery/mcdonalds-137-canyon-dr/4c6GcnYuS2GuAlTruOfvpw,vista-california
https://www.ubereats.com/san-diego/food-delivery/the-habit-burger-grill-727-w-san-marcos-bl-%23100/JXmR9xMuQUuGTQdhJNylcw,vista-california
https://www.ubereats.com/san-diego/food-delivery/chipotle-mexican-grill-495-college-blvd-ste-a/beVPTxktSQmDkvtPazyV3A,vista-california
https://www.ubereats.com/san-diego/food-delivery/the-juicy-bar/WzEQlHgDSBCsZjZUavU3cw,vista-california
https://www.ubereats.com/san-diego/food-delivery/rubios-1485-e-valley-pkwy/_wm7d9n1SDOD-zzc6R15RA,vista-california
https://www.ubereats.com/san-diego/food-delivery/bad-ass-breakfast-burritos-vista/yMMzbH6VQ_GLx0Wxb7hBdw,vista-california
https://www.ubereats.com/san-diego/food-delivery/tonys-sports-bar-and-grill/pRwJSFapTfiZzP4TqMEViQ,vista-california
https://www.ubereats.com/san-diego/food-delivery/chipotle-mexican-grill-4111-oceanside-blvd-ste-103/0djIXrdNRze99M7kNc-ffg,vista-california
https://www.ubereats.com/san-diego/food-delivery/mcdonalds-3720-misson-blvd/O-SAsCd2TjOQJBVTZ3Kthw,vista-california
https://www.ubereats.com/san-diego/food-delivery/la-carnitas/KAmb8iOfQLWzoQrSm5cMrA,vista-california
https://www.ubereats.com/san-diego/food-delivery/als-cafe-in-the-village/1cOOPVwGSAa8tmOlM3nAqg,vista-california
https://www.ubereats.com/san-diego/food-delivery/mangia-e-bevi/oiwdcD1_S_2epH8GVs-V1w,vista-california
https://www.ubereats.com/san-diego/food-delivery/banana-dang-coffee/0cDe_aX0ThiLwmX2mGMMvA,vista-california
https://www.ubereats.com/san-diego/food-delivery/la-casa-de-los-alambres/cP-yhPp6RzaTuCU5GChFuw,vista-california
https://www.ubereats.com/san-diego/food-delivery/cest-la-vie/G126agUpSbyKx3xq721U-A,vista-california
https://www.ubereats.com/san-diego/food-delivery/kung-fu-tea-14-creekside-dr/iDLpa3kzTo6yeHPT4lV7HQ,vista-california
https://www.ubereats.com/san-diego/food-delivery/sourdough-%26-co-carlsbad/lsrJ85TvSZGwBaqHOiFEEw,vista-california
https://www.ubereats.com/san-diego/food-delivery/boudin-san-marcos/Xkt5RiB6RTio3NuiJMMJHg,vista-california
https://www.ubereats.com/san-diego/food-delivery/dairy-queen-grill-%26-chill-310-w-el-norte-pkwy/fASjdg3IRdK5Hu2trr7XTQ,vista-california
https://www.ubereats.com/san-diego/food-delivery/starbucks-vista-%26-foothill-vista/Ndk1sY4lT46z4Do3jnWM9g,vista-california
https://www.ubereats.com/san-diego/food-delivery/the-draft-restaurant-%26-sports-bar/xShaU--aTLqnl9QRn4o54Q,vista-california
https://www.ubereats.com/san-diego/food-delivery/beach-plum-kitchen/HcCnEoICQ7WWvhfc_6jlRw,vista-california
https://www.ubereats.com/san-diego/food-delivery/local-tap-house/4lLbqVODSfyRMhoXAtJR_Q,vista-california
https://www.ubereats.com/san-diego/food-delivery/mariscos-el-pacifico/fsCmuLoCQgq0FLIzOqIewA,vista-california
https://www.ubereats.com/san-diego/food-delivery/cafe-ground-up/k4Bado_rSP2AmzxhlMpsZw,vista-california
https://www.ubereats.com/san-diego/food-delivery/old-california-coffee-house-%26-eatery/4chK_FcOQyWeOFlYfVr4wA,vista-california
https://www.ubereats.com/san-diego/food-delivery/ocean-thai-cuisine-3846-mission-ave/LcTWSdpQREKzaK6IZ2Dd6Q,vista-california
https://www.ubereats.com/san-diego/food-delivery/perfectsubs/_ZUH9P4zQyyndBcCuY9OSg,vista-california
https://www.ubereats.com/san-diego/food-delivery/pick-up-stix-bressi-ranch/GcjZ_u4tQ9aKB2sIsdncEw,vista-california
https://www.ubereats.com/san-diego/food-delivery/ihop-4253-oceanside-blvd/oEjLHX-XRiiiWwQ9M_aesQ,vista-california
https://www.ubereats.com/san-diego/food-delivery/oggis-sports-i-brewhouse-i-pizza/lG2yy2zqREyVIYETzfh85Q,vista-california
https://www.ubereats.com/san-diego/food-delivery/mcdonalds-4151-oceanside-blvd/utRjYpr_R0qwNJbx3C1PIg,vista-california
https://www.ubereats.com/san-diego/food-delivery/pho-time/4YreNO_MRYuShAqz5vromQ,vista-california
https://www.ubereats.com/san-diego/food-delivery/mcdonalds-185-old-grove-rd/ZZN0sx7wQ6eXvUZWCykNfA,vista-california
https://www.ubereats.com/san-diego/food-delivery/mariscos-la-baja/0mj8JfyXR42hwL_fp1gGwA,vista-california
https://www.ubereats.com/san-diego/food-delivery/carlsbad-ranch-market-vista/H6_4oyTCSf60vdo0DEcQLA,vista-california
https://www.ubereats.com/san-diego/food-delivery/muay-thai-kitchen/XTwygTQlRqeFscyBGG9cXw,vista-california
https://www.ubereats.com/san-diego/food-delivery/tinas-deli/N-5z-FY5Te2z8hpwRqgvEQ,vista-california
https://www.ubereats.com/san-diego/food-delivery/pollos-maria/A-s9TJlSQnO-SnuA_bM7Dg,vista-california
https://www.ubereats.com/san-diego/food-delivery/papa-johns-1710-oceanside-blvd/yawHXu9KQ16oh915G0rgZA,vista-california
https://www.ubereats.com/san-diego/food-delivery/san-marcos-brewery-and-grill/_grD_lUXSVeuIVwp6mC5Aw,vista-california
https://www.ubereats.com/san-diego/food-delivery/froglanders-crepe-%26-yogurt/V4v5qhQsQdqs3-IpeUEM4g,vista-california
https://www.ubereats.com/san-diego/food-delivery/lo-fi-pie/5Ctn6vzVSqigKgY5Gb84Hg,vista-california
https://www.ubereats.com/san-diego/food-delivery/mcdonalds-120-south-rancho-santa-fe/Yob6tNIWRha_6qRxhsUwNA,vista-california
https://www.ubereats.com/san-diego/food-delivery/filibertos-mexican-food-vista/p85ho9orRUaaZoiu50I-iw,vista-california
https://www.ubereats.com/san-diego/food-delivery/brooklyn-boyz-pizza/qgx589lyRyK-cyGC3HdIVQ,vista-california
https://www.ubereats.com/san-diego/food-delivery/rosewood-kitchen/AGPzb6oOQBChQUwg2tUKtw,vista-california
https://www.ubereats.com/san-diego/food-delivery/primo-foods-vista/OjCPqoLkSDeuMuNBXN7Ltw,vista-california
https://www.ubereats.com/san-diego/food-delivery/lamppost-pizza-vista/3oEgApBfRfWNzZiOgoczbg,vista-california
https://www.ubereats.com/san-diego/food-delivery/sams-donut-shop/kxeQ5FeAQZiY5hELx3hEPQ,vista-california
https://www.ubereats.com/san-diego/food-delivery/mariscos-las-palmas/05W88srESZ6iPpwvubzdng,vista-california
https://www.ubereats.com/san-diego/food-delivery/vigiluccis-cucina-italiana/mD7g7imRQ92JzVdRU-eyBA,vista-california
https://www.ubereats.com/san-diego/food-delivery/naan-n-curry/F8ANUlWyQZCJip6C1yZQkw,vista-california
https://www.ubereats.com/san-diego/food-delivery/el-pollo-loco-495-s-melrose-dr3492/pcx_XpjsQdCxdTb9aoPt6A,vista-california
https://www.ubereats.com/san-diego/food-delivery/karl-strauss-brewing-company-carlsbad/nGn160FFQky13E12Wh58ag,vista-california
https://www.ubereats.com/san-diego/food-delivery/panda-wok/BEO7t_NkRWaKEd5YSPPajQ,vista-california
https://www.ubereats.com/san-diego/food-delivery/burger-king-3746-mission-avenue/SaW5cVqDTJyZrdYt-WEzTw,vista-california
https://www.ubereats.com/san-diego/food-delivery/pick-up-stix-vista/KUUcQ1uLQr-R8SmIBxVYUw,vista-california
https://www.ubereats.com/san-diego/food-delivery/os-american-kitchen-san-marcos/5MKYLBH3R0u2Xeb_b81SRQ,vista-california
https://www.ubereats.com/san-diego/food-delivery/jack-in-the-box-2474-vista-way/z9tmu-BMSSiHeeUYyYPwBw,vista-california
https://www.ubereats.com/san-diego/food-delivery/top-of-the-bagel/3wJRXKwJRky6Iej-4WJ9dQ,vista-california
https://www.ubereats.com/san-diego/food-delivery/rubios-751-ctr-dr/i10UGyf3RUuPflXagdr9AA,vista-california
https://www.ubereats.com/san-diego/food-delivery/hacienda-de-vega-carlsbad/3UXO9r5BSjOy42ybJKtD-Q,vista-california
https://www.ubereats.com/san-diego/food-delivery/subway-790-sycamore-ave-ste-b/NjtuZzFgTg6J8qLJtQKcqg,vista-california
https://www.ubereats.com/san-diego/food-delivery/el-rinconcito-mexican-sea-food-restaurant/7vxfQvWKSgaCGunN3_cuEg,vista-california
https://www.ubereats.com/san-diego/food-delivery/el-pollo-loco-692-w-san-marcos-blvd3517/zHLhwMNqQjqLMIzakU430w,vista-california
https://www.ubereats.com/san-diego/food-delivery/dona-elena-pozoleria/9M6U332TQoiW77tjv303Aw,vista-california
https://www.ubereats.com/san-diego/food-delivery/pita-king/RLc0JIljQQaaXXPV7m01Sg,vista-california
https://www.ubereats.com/san-diego/food-delivery/deltaco-1252/6AhCPFOPS3qmdFW-W35z-w,vista-california
https://www.ubereats.com/san-diego/food-delivery/grazianos-pizza-oceanside/-Vkuvd5lSguLXlZ0QWABqA,vista-california
https://www.ubereats.com/san-diego/food-delivery/panda-wok/Tu-1go8VTJOqd5VTuBGm5Q,vista-california
https://www.ubereats.com/san-diego/food-delivery/pho-lucky-sycamore-avenue/NLB8LNTNSCelsqr0nd8uhA,vista-california
https://www.ubereats.com/san-diego/food-delivery/angelos-burgers-south/tIgspX_DSWSjlIV6gKSUIg,vista-california
https://www.ubereats.com/san-diego/food-delivery/sayulitas-mexican-food-san-marcos/hK_10GN3SSCQYD5Wxk3lYA,vista-california
https://www.ubereats.com/san-diego/food-delivery/kfc-201-s-rancho-santa-fe-road/bYSakzXRQBK3qJtVjRCE6Q,vista-california
https://www.ubereats.com/san-diego/food-delivery/plant-b-vista/4OrviSOmTbShpq8Kynp8CA,vista-california
https://www.ubereats.com/san-diego/food-delivery/the-food-dood/NZNtrCL4Sjqx1vp4VIWh2A,vista-california
https://www.ubereats.com/san-diego/food-delivery/jack-in-the-box-1471-n-santa-fe-ave/5vefCQvgTnePuDSUHUKhnw,vista-california
https://www.ubereats.com/san-diego/food-delivery/panda-express-670-w-san-marcos-blvd/kYkPVSmDRmeUfNgVu0baPw,vista-california
https://www.ubereats.com/san-diego/food-delivery/sushi-yukiya/LAM_59dTQG6z2P6rc7YuuA,vista-california
https://www.ubereats.com/san-diego/food-delivery/jack-in-the-box-260-s-melrose-dr/DS9oBTI_QUiW8sJRr1El_g,vista-california
https://www.ubereats.com/san-diego/food-delivery/la-perla-tapatia/k78VH_ygTV2CxGRoR-iYjQ,vista-california
https://www.ubereats.com/san-diego/food-delivery/i-love-bagels-vista-way/IC2W8CAcT7-6bR7LFk6OfQ,vista-california
https://www.ubereats.com/san-diego/food-delivery/fish-district-carlsbad/S84ZIa19S2yvnGKA6TelPw,vista-california
https://www.ubereats.com/san-diego/food-delivery/jilbertos-taco-shop/1aMSJXXLRvqJ0WI72477wg,vista-california
https://www.ubereats.com/san-diego/food-delivery/maans-mediterranean-grill/zkchsgvNQR2t9rOGgU2tdQ,vista-california
https://www.ubereats.com/san-diego/food-delivery/grubbys-poke-%26-fish-market/wn9HGzbAQnSXEsxdGhdAIQ,vista-california
https://www.ubereats.com/san-diego/food-delivery/tapatapa-bar-and-kitchen/sGNr-45AThmYoEOpp8x7Tg,vista-california
https://www.ubereats.com/san-diego/food-delivery/ali-baba-mediterranean-cuisine/QShF8s9ITTCXCGcmCwkiQA,vista-california
https://www.ubereats.com/san-diego/food-delivery/greek-corner-cafe/2xi7jxQ7QjaIuRwt27Csag,vista-california
https://www.ubereats.com/san-diego/food-delivery/darunee-thai-cuisine/5bjq5EasQt6unZXW6A1Rjw,vista-california
https://www.ubereats.com/san-diego/food-delivery/jersey-mikes-730-nordahl-road/OskGVGlbSfGfaREBE-uWbw,vista-california
https://www.ubereats.com/san-diego/food-delivery/quick-korner-market-%26-deli/fQLXuLN0T8KWATAKbckT6A,vista-california
https://www.ubereats.com/san-diego/food-delivery/mariscos-el-pulpo-loko/iSof-l-lSDWGk7wIhbml8Q,vista-california
https://www.ubereats.com/san-diego/food-delivery/jack-in-the-box-815-e-vista-way/ZWhCVOH7RVytABva_G6q5g,vista-california
https://www.ubereats.com/san-diego/food-delivery/gogo-japan-sushi-%26-bento/4Na_zSFyQheJQAxqDWEX5w,vista-california
https://www.ubereats.com/san-diego/food-delivery/pho-house-grill/eGu9WNCATCulVKEqCJ0eKQ,vista-california
https://www.ubereats.com/san-diego/food-delivery/giannis-pizza/Qe7-3Tl8SDKIpTsiDED34Q,vista-california
https://www.ubereats.com/san-diego/food-delivery/pitas-mediterranean-grill-center-dr/EjT9TaIXTgCxyv4jvGySkg,vista-california
https://www.ubereats.com/san-diego/food-delivery/san-luis-rey-restaurant-and-bakery/zh8K45pjT1iuIFNkQQ8iMA,vista-california
https://www.ubereats.com/san-diego/food-delivery/chins-szechwan-restaurant-encinitas-ca/xiGfp7QNQsadDy2sB2accQ,vista-california
https://www.ubereats.com/san-diego/food-delivery/del-taco-1650-south-melrose-drive/zign8VwARZCkh59uKeS24w,vista-california
https://www.ubereats.com/san-diego/food-delivery/el-pollo-loco-350-w-el-norte-pkwy3814/FdH1kLIARdKiuRgB-hob1Q,vista-california
https://www.ubereats.com/san-diego/food-delivery/panini-kabob-grill-carlsbad/sJrZn5eBQiKMthNYeB53nA,vista-california
https://www.ubereats.com/san-diego/food-delivery/sonic-1215-grand-ave/Gvg__iNJRZGUiMa58aAr3g,vista-california
https://www.ubereats.com/san-diego/food-delivery/felix/YTuexcV1TD6Xf0KCTeYUPg,vista-california
https://www.ubereats.com/san-diego/food-delivery/ramen-factory/fO_-N-4cSvOWQGNSDaJiyg,vista-california
https://www.ubereats.com/san-diego/food-delivery/fat-bbq-shack/nPlQfHcGThKiCb6Zi1lvXQ,vista-california
https://www.ubereats.com/san-diego/food-delivery/benihana-755-raintree-drive-suite-100/1nGkTiDtTeaSBq6O0yjo0Q,vista-california
https://www.ubereats.com/san-diego/food-delivery/wasabi-japanese-cuisine/y7apNU0iTfaoGIMXuCfNYg,vista-california
https://www.ubereats.com/san-diego/food-delivery/ihop-1020-w-san-marcos-blvd-%23160/43E6AKDSQ62JIU3DN2OYLQ,vista-california
https://www.ubereats.com/san-diego/food-delivery/the-habit-burger-grill-2267-sel-camino-real-suite-e/2x_LvN3gSR6SLADHAE7DNg,vista-california
https://www.ubereats.com/san-diego/food-delivery/wokcano-carlsbad/iy29764pR_qU0RRwX1vyvw,vista-california
https://www.ubereats.com/san-diego/food-delivery/nachos-taco-shop-%26-seafood/oPhtWW97Qv-y_7aUEpksDw,vista-california
https://www.ubereats.com/san-diego/food-delivery/five-guys-ca-0573-40-main-st/nvx__Ht9R0yGU2-Du9asrQ,vista-california
https://www.ubereats.com/san-diego/food-delivery/waraii-sushi/A2zi_n76RaWUVr4rrqFXXQ,vista-california
https://www.ubereats.com/san-diego/food-delivery/joes-crab-shack-314-harbor-dr/wPgfKZ5QS3CJzpvyWuT2JA,vista-california
https://www.ubereats.com/san-diego/food-delivery/toast-gastrobrunch/fOEE0e2KSS-avPXfF1m2zg,vista-california
https://www.ubereats.com/san-diego/food-delivery/dennys-731-w-san-marcos-blvd/MZ8YXCb4R2SQV5CUpMX_qA,vista-california
https://www.ubereats.com/san-diego/food-delivery/taco-bar/EQ-r3ubUSImATjsp_7ea8w,vista-california
https://www.ubereats.com/san-diego/food-delivery/pf-changs-5621-paseo-del-norte/kcwOG4owR5SKWlnxPzjCoA,vista-california
https://www.ubereats.com/san-diego/food-delivery/dairy-queen-grill-%26-chill-620-mission-ave/T9vZE_mjRa-EL9db1vuIUw,vista-california
https://www.ubereats.com/san-diego/food-delivery/cold-stone-creamery-30-main-st-ste-120/h5y-sEZuRiWVl_Ailhyr6A,vista-california
https://www.ubereats.com/san-diego/food-delivery/el-pollo-loco-1408-e-valley-pkwy3703/GqJ0CmJlQwWbd6oY9AmbEg,vista-california
https://www.ubereats.com/san-diego/food-delivery/tomoyama-sushi/f5-8wrShRP26NplFbJYi3g,vista-california
https://www.ubereats.com/san-diego/food-delivery/panda-express-316-sycamore-ave/rsWmCgT8STGIGsm-390Rfg,vista-california
https://www.ubereats.com/san-diego/food-delivery/jamba-juice-2619-vista-way-ste-b-2/IdQknnlPQBWGh1oEs9kHRg,vista-california
https://www.ubereats.com/san-diego/food-delivery/the-broken-yolk-cafe-san-marcos/djWqkepqTCGr43iaCuvAxA,vista-california
https://www.ubereats.com/san-diego/food-delivery/starbucks-college-%26-north-river/OsoVvoZVSGexLumiidH_EQ,vista-california
https://www.ubereats.com/san-diego/food-delivery/bushfire-kitchen-la-costa/AslZNhoRS86qXLsHu_ti0g,vista-california
https://www.ubereats.com/san-diego/food-delivery/bagel-101/biQpj5n3TIC4def7Hiz-3w,vista-california
https://www.ubereats.com/san-diego/food-delivery/rubys-diner-carlsbad/1D7hjCZLRjOg63SSB2DO_A,vista-california
https://www.ubereats.com/san-diego/food-delivery/the-plot-restaurant/28_XBrjsRUWfs-q9HRGvyg,vista-california
https://www.ubereats.com/san-diego/food-delivery/popeyes-louisiana-kitchen-1817-w-vista-way/pfcj153ZTRamSNZ3R9W9cg,vista-california
https://www.ubereats.com/san-diego/food-delivery/yummy-pho/e6K9kwrwQvK7C65YU-F2MA,vista-california
https://www.ubereats.com/san-diego/food-delivery/roccos-pizza-%26-deli/h7F5dEysRiW3M5jYQzaceg,vista-california
https://www.ubereats.com/san-diego/food-delivery/belching-beaver-tavern-and-grill/sGSwNYw6Qzu9Wo8R2Z-Nhg,vista-california
https://www.ubereats.com/san-diego/food-delivery/el-torito-foods/78sEQhhJQKyanw6_H-dzGg,vista-california
https://www.ubereats.com/san-diego/food-delivery/mangia-mangia-mobile/705RCPLeSk6cul9stwbk4g,vista-california
https://www.ubereats.com/san-diego/food-delivery/wendys-567-w-vista-way/AX4xXiBpSFaXJ1J6KDCV7A,vista-california
https://www.ubereats.com/san-diego/food-delivery/kfc-771-center-drive/49Ogq-WtQfaecR8jo5LRwA,vista-california
https://www.ubereats.com/san-diego/food-delivery/togos-6943-el-camino-real-carlsbad-ca/8f_fqp_gRlGJLJQ5wwqvRg,vista-california
https://www.ubereats.com/san-diego/food-delivery/taverna-mediterranean-cuisine/ae85nB-VTC6GQVUg7ELUyw,vista-california
https://www.ubereats.com/san-diego/food-delivery/the-ice-cream-shop/ewovjutSQFadjbyoGIaVvA,vista-california
https://www.ubereats.com/san-diego/food-delivery/rubios-1711-university-dr/53KR6O78SqObtivlzbkrzA,vista-california
https://www.ubereats.com/san-diego/food-delivery/kfc-2007-mission-ave/K6IP57sJQdaqrm7OLI9Xrw,vista-california
https://www.ubereats.com/san-diego/food-delivery/dunkin-1310-e-vista-way/VJegvJqrQGmXrzpkyzyc9A,vista-california
https://www.ubereats.com/san-diego/food-delivery/flavor-of-himalaya/241SjKfLS6KlkfLlsFmFeA,vista-california
https://www.ubereats.com/san-diego/food-delivery/thai-style/4awABfNlSLC02djh9gFPyw,vista-california
