url,city
https://www.ubereats.com/new-jersey/food-delivery/wendys-1140-route-73/dfn8-JawSTGC_T6FmR65Vw,voorhees-township-new-jersey
https://www.ubereats.com/new-jersey/food-delivery/subway-265-n-route-73/5WMHY5IgQl2k5HZW1OnfWg,voorhees-township-new-jersey
https://www.ubereats.com/new-jersey/food-delivery/marlton-diner/2UeW0RHySpG3g0M59f222A,voorhees-township-new-jersey
https://www.ubereats.com/new-jersey/food-delivery/wayback-burger-152-state-route-73/MJTJ8962TU-zL9LZrKVOAQ,voorhees-township-new-jersey
https://www.ubereats.com/new-jersey/food-delivery/dunkin-1550-kings-hwy-n/UwYqdpuESDCGpUt1nTFaWg,voorhees-township-new-jersey
https://www.ubereats.com/new-jersey/food-delivery/saladworks-1692-clements-bridge-road/Gb7mmXblSA2kvjQ2SFGrpg,voorhees-township-new-jersey
https://www.ubereats.com/new-jersey/food-delivery/krispy-krunchy-chicken-2100-mount-empraim-ave/ycmX-dXFQKa3vLG9urg47g,voorhees-township-new-jersey
https://www.ubereats.com/new-jersey/food-delivery/eden-korean-restaurant/P-82ZdsOTPK8sEXZgCNEFw,voorhees-township-new-jersey
https://www.ubereats.com/new-jersey/food-delivery/cocina-azteca/Xtk_5BR3QGmuGBFPLmsgPw,voorhees-township-new-jersey
https://www.ubereats.com/new-jersey/food-delivery/dunkin-235-route-73-north/Ny61Pu3rT92N-ueEOH5JTQ,voorhees-township-new-jersey
https://www.ubereats.com/new-jersey/food-delivery/royal-buffet-sushi-%26-hibachi/j8ROYk0wT0GQzd1Lfveixw,voorhees-township-new-jersey
https://www.ubereats.com/new-jersey/food-delivery/taco-bell-1110-hurffville-rd/Xw9GaRsJQWC6_OowtIKqhg,voorhees-township-new-jersey
https://www.ubereats.com/new-jersey/food-delivery/wendys-69-route-73/_DlknpQkQaW7Uhbu320mQA,voorhees-township-new-jersey
https://www.ubereats.com/new-jersey/food-delivery/dunkin-100-church-rd/QUzw8Ja5Sxqu9JcOIk_kLQ,voorhees-township-new-jersey
https://www.ubereats.com/new-jersey/food-delivery/dairy-queen-treat-4840-route-42/8eCAOHE-RDSkAM_HqVXTgw,voorhees-township-new-jersey
https://www.ubereats.com/new-jersey/food-delivery/starbucks-rt-38-%26-lenola-rd/daHtxST3TAWC2-7hJLT9WQ,voorhees-township-new-jersey
https://www.ubereats.com/new-jersey/food-delivery/wild-wing-cafe-barrington/2j9Zdry7SnyfWyuzqILkVg,voorhees-township-new-jersey
https://www.ubereats.com/new-jersey/food-delivery/don-tequila/6YFumgVCTYWL2ljBfhq1kg,voorhees-township-new-jersey
https://www.ubereats.com/new-jersey/food-delivery/kfc-taco-bell-110-n-black-horse-pike/gNGEtFczRbO6eg20lVXtGA,voorhees-township-new-jersey
https://www.ubereats.com/new-jersey/food-delivery/burger-king-175-north-black-horse-pike/NdrmsKZcRniXrkOEWivAkg,voorhees-township-new-jersey
https://www.ubereats.com/new-jersey/food-delivery/mare-monte/PFArDLdMQ5GVeN5wEdm4Ag,voorhees-township-new-jersey
https://www.ubereats.com/new-jersey/food-delivery/the-ice-cream-shop/9LI2i-jaTpSwZVkE6yTCQg,voorhees-township-new-jersey
https://www.ubereats.com/new-jersey/food-delivery/boujee-burgers/6uF2KMNnTu6KJz5tqPhC7A,voorhees-township-new-jersey
https://www.ubereats.com/new-jersey/food-delivery/popeyes-188-n-route-73/-OgMQI7iT5aSJ_dXnI-Lzg,voorhees-township-new-jersey
https://www.ubereats.com/new-jersey/food-delivery/pancheros-mexican-grill-221-greentree-rd/gHHgkuA3TrqZDS_lD7KDFw,voorhees-township-new-jersey
https://www.ubereats.com/new-jersey/food-delivery/turning-point-of-moorestown/k8JXL6dQT5uyev_QbDIi8Q,voorhees-township-new-jersey
https://www.ubereats.com/new-jersey/food-delivery/pho-asia/DSuPwxItRqG2_1wwwOmv8A,voorhees-township-new-jersey
https://www.ubereats.com/new-jersey/food-delivery/mcdonalds-1108-route-73/jlM77ThqTdiJX-aXFLFFUg,voorhees-township-new-jersey
https://www.ubereats.com/new-jersey/food-delivery/the-laughing-fox-tavern/hSHdbPN3TVOPSoOoof3hXg,voorhees-township-new-jersey
https://www.ubereats.com/new-jersey/food-delivery/outback-steakhouse-1709-deptford-center-road/WW3M9T1DT9-Q2n97cIh93Q,voorhees-township-new-jersey
https://www.ubereats.com/new-jersey/food-delivery/tgi-fridays-1408-turnersville-nj/vlG0J7JeSrmS1qVH_WJ1-Q,voorhees-township-new-jersey
https://www.ubereats.com/new-jersey/food-delivery/honeygrow-323-west-route-70/1L0mDDe7S1-Gqqm47ymk6A,voorhees-township-new-jersey
https://www.ubereats.com/new-jersey/food-delivery/applebees-711-evesham-rd-%2377005/y4cfY4vmQ62olZHKv62k7g,voorhees-township-new-jersey
https://www.ubereats.com/new-jersey/food-delivery/smashburger-490-s-lenola-rd/phbNbYs0RJOn75FALaDkCg,voorhees-township-new-jersey
https://www.ubereats.com/new-jersey/food-delivery/rodizio-grill-voorhees/hRGKU969T2Kg6IF2QjbzGw,voorhees-township-new-jersey
https://www.ubereats.com/new-jersey/food-delivery/firehouse-subs-1203-nixon-drive/8F7EAMmlRDOYCXkdZin-ew,voorhees-township-new-jersey
https://www.ubereats.com/new-jersey/food-delivery/saladworks-sicklerville/QZ6-_lklSjGvI1bEZdm7fg,voorhees-township-new-jersey
https://www.ubereats.com/new-jersey/food-delivery/dunkin-2060-springdale-rd/-1n1P_SsRMKmRxRUB9DDRA,voorhees-township-new-jersey
https://www.ubereats.com/new-jersey/food-delivery/roma-pizza-840-s-route-73/Wv0bqFXWQl6GuFx8bMa5SA,voorhees-township-new-jersey
https://www.ubereats.com/new-jersey/food-delivery/pizza-hut-201-s-white-horse-pike/ax3CsuXiTS-Cp1_ommKn6w,voorhees-township-new-jersey
https://www.ubereats.com/new-jersey/food-delivery/nicks-pizza-voorhees/j5zhz8e_TNubyDMEF3-3iQ,voorhees-township-new-jersey
https://www.ubereats.com/new-jersey/food-delivery/healthy-garden-and-gourmet-pizza-voorhees/rkvSenZqRhWQmLQIE7Bo4g,voorhees-township-new-jersey
https://www.ubereats.com/new-jersey/food-delivery/bertuccis-gloucester/GZTpgLZwSnGRo6cnmCNhug,voorhees-township-new-jersey
https://www.ubereats.com/new-jersey/food-delivery/eagle-diner/svM7f9-NTkSf36TqajSKAQ,voorhees-township-new-jersey
https://www.ubereats.com/new-jersey/food-delivery/flemings-prime-steakhouse-%26-wine-bar-marlton/hDM0sDGsSZa5B9xa1r1zEw,voorhees-township-new-jersey
https://www.ubereats.com/new-jersey/food-delivery/iron-hill-brewery-%26-restaurant-maple-shade/RK8hgLa1ThqhLlWxGbtICg,voorhees-township-new-jersey
https://www.ubereats.com/new-jersey/food-delivery/schileens-pub/Belr6gt4Rky1OcCWe08jUA,voorhees-township-new-jersey
https://www.ubereats.com/new-jersey/food-delivery/bob-evans-271-601-fellowship-road/-_Wj6QoDTlCKuS1PLeBt6g,voorhees-township-new-jersey
https://www.ubereats.com/new-jersey/food-delivery/peachwave-of-mount-laurel/FD0ZnwTZQt2EO2UFvYBSLA,voorhees-township-new-jersey
https://www.ubereats.com/new-jersey/food-delivery/new-chinatown-restaurant/p8qaCV9ZTvqnK5AN7ToWpw,voorhees-township-new-jersey
https://www.ubereats.com/new-jersey/food-delivery/black-horse-diner-%26-restaurant/SI_v395TQriDYO7g1SqBkA,voorhees-township-new-jersey
https://www.ubereats.com/new-jersey/food-delivery/racks-pub-and-grill-atco/gEm-ghR3Qpe8wp0KHemlsA,voorhees-township-new-jersey
https://www.ubereats.com/new-jersey/food-delivery/chipotle-mexican-grill-10-centerton-rd/Nzyy4jykQqy2AqJSbHur4Q,voorhees-township-new-jersey
https://www.ubereats.com/new-jersey/food-delivery/jamrock-reggae-soul/hQR9HlamRXezdMVe7eicbQ,voorhees-township-new-jersey
https://www.ubereats.com/new-jersey/food-delivery/friendlys-647-cross-keys-rd/wUl5q4qkTeOxYN3go07o2A,voorhees-township-new-jersey
https://www.ubereats.com/new-jersey/food-delivery/chipotle-mexican-grill-700-haddonfield-berlin-rd-ste-40c/HvYNCN19QMigtObLlnot-g,voorhees-township-new-jersey
https://www.ubereats.com/new-jersey/food-delivery/caribbean-paradise-jerk-center/QJK_Qd8lSfaqK5aZWx_HSw,voorhees-township-new-jersey
https://www.ubereats.com/new-jersey/food-delivery/redhouse-bagels/wlNrruyUR1-Di_VFV0S2tQ,voorhees-township-new-jersey
https://www.ubereats.com/new-jersey/food-delivery/california-tortilla-sicklerville/Jf5cQZN-S0C_dB70qN_viA,voorhees-township-new-jersey
https://www.ubereats.com/new-jersey/food-delivery/arbys-804-white-horse-pike/sJpW47NgRH-9D7hXVFuB-A,voorhees-township-new-jersey
https://www.ubereats.com/new-jersey/food-delivery/tgi-fridays-632-marlton-evesham-nj/-n_5WG0UQRuAH0lnYuEYCg,voorhees-township-new-jersey
https://www.ubereats.com/new-jersey/food-delivery/arbys-5600-rte-42/QpaYlopZSxKb2jl4B8zW4w,voorhees-township-new-jersey
https://www.ubereats.com/new-jersey/food-delivery/chipotle-mexican-grill-629-cross-keys-rd-ste-c/7i_X9q73R36__aaVLk5SgA,voorhees-township-new-jersey
https://www.ubereats.com/new-jersey/food-delivery/ristorante-al-fresco/G94dRJHSSZiOe30fL7MqBw,voorhees-township-new-jersey
https://www.ubereats.com/new-jersey/food-delivery/dunkin-807-route-73/nUiMFfR8RkWSsFQGR1emiQ,voorhees-township-new-jersey
https://www.ubereats.com/new-jersey/food-delivery/select-pizza-%7C-grill-marlton/hsoK2Is7RuuXUxqcdCOg4A,voorhees-township-new-jersey
https://www.ubereats.com/new-jersey/food-delivery/mirabella-ristorante-italiano/0O7J-FsKSEG3esSVlUqsNg,voorhees-township-new-jersey
https://www.ubereats.com/new-jersey/food-delivery/wing-squad-mount-laurel/WUUyoKFYSji59ij48Vnbdw,voorhees-township-new-jersey
https://www.ubereats.com/new-jersey/food-delivery/chipotle-mexican-grill-1600-nixon-dr/GKtZUIU7RzigbocCVFrA7w,voorhees-township-new-jersey
https://www.ubereats.com/new-jersey/food-delivery/mi-ranchito-mexican-food-store/Ht44frU6R12EDJjfhGDiAQ,voorhees-township-new-jersey
https://www.ubereats.com/new-jersey/food-delivery/9106-bonefish-grill-500-route-73-north/HCKoYrRCQiS4mvleUsKLZQ,voorhees-township-new-jersey
https://www.ubereats.com/new-jersey/food-delivery/kfc-1516-route-38/WJUB6xLZSOCdUXLRMKEB_w,voorhees-township-new-jersey
https://www.ubereats.com/new-jersey/food-delivery/cracker-barrel-old-country-store-1240-route-73/n3hjbhGCSJSYz0x6e4FiBQ,voorhees-township-new-jersey
https://www.ubereats.com/new-jersey/food-delivery/pikpon-thai/5m9-e75kTJ-PceI5WrBtYA,voorhees-township-new-jersey
https://www.ubereats.com/new-jersey/food-delivery/heart-beet-kitchen/5LCYb_CBTAGT0xQtvfDg-w,voorhees-township-new-jersey
https://www.ubereats.com/new-jersey/food-delivery/indian-villa-curry-n-cakes/Js4H3btJQia_PkIeqka3oA,voorhees-township-new-jersey
https://www.ubereats.com/new-jersey/food-delivery/the-bean-street-cafe/o4X0O9AqSsePWnPt-k8NyA,voorhees-township-new-jersey
https://www.ubereats.com/new-jersey/food-delivery/ammas-south-indian-cuisine/xvQZiYB2RBqJhJiKfijoog,voorhees-township-new-jersey
https://www.ubereats.com/new-jersey/food-delivery/you-cha-cafe/HQ18CdlzRx2VnoW9TaNQeg,voorhees-township-new-jersey
https://www.ubereats.com/new-jersey/food-delivery/clean-plate-meal-prep/cqWyLghkSxGamU7tZBdpeg,voorhees-township-new-jersey
https://www.ubereats.com/new-jersey/food-delivery/hibachi-grill-%26-supreme-buffet/_o4islssTQ6K-3xihg_g8Q,voorhees-township-new-jersey
https://www.ubereats.com/new-jersey/food-delivery/club-diner/QNCg82upTQWrsMY77K7y2g,voorhees-township-new-jersey
https://www.ubereats.com/new-jersey/food-delivery/marias-restaurante/-tg4Vw1mTh6zkIPXFkvoxg,voorhees-township-new-jersey
https://www.ubereats.com/new-jersey/food-delivery/wendys-310-whitehorse-pike-n/7-h-vwOoQ4OqvKantsMvXA,voorhees-township-new-jersey
https://www.ubereats.com/new-jersey/food-delivery/casa-nostra/8lmek-o1SA29LsDPyg4gaA,voorhees-township-new-jersey
https://www.ubereats.com/new-jersey/food-delivery/philly-pretzel-factory/Bp_hjrPZRAaqCPEAn1f3Eg,voorhees-township-new-jersey
https://www.ubereats.com/new-jersey/food-delivery/nimit-indian-kitchen-voorhees/FWTZH5WPRau9VEock0lhnw,voorhees-township-new-jersey
https://www.ubereats.com/new-jersey/food-delivery/krispy-krunchy-chicken-123-south-white-horse-pike/4fE4xplTTam2EPUGm1Sr3Q,voorhees-township-new-jersey
https://www.ubereats.com/new-jersey/food-delivery/ming-garden-chinese-restaurant/0iN8Lxc8Tp6-d8_gIl4ofA,voorhees-township-new-jersey
https://www.ubereats.com/new-jersey/food-delivery/rochesters-barbeque-%26-grill-llc/TsVoBMtRTFKR68cQ1PadzA,voorhees-township-new-jersey
https://www.ubereats.com/new-jersey/food-delivery/starbucks-1490-blackwood-clementon-road/wg8U0L8tQVK6IQuhQOox7w,voorhees-township-new-jersey
https://www.ubereats.com/new-jersey/food-delivery/mcdonalds-517-white-horse-pike/rTVOC0yeScG1bcOH_YETBQ,voorhees-township-new-jersey
https://www.ubereats.com/new-jersey/food-delivery/applebees-1102-route-73/7chw4TjsTzi6yvZrnVZnSg,voorhees-township-new-jersey
https://www.ubereats.com/new-jersey/food-delivery/foursason-chinese-restaurant/o0QCW7z_Rg2dVBrvxtAv4A,voorhees-township-new-jersey
https://www.ubereats.com/new-jersey/food-delivery/graces-bistro/Pi7c9mbLRfmOv_pPlOD4IQ,voorhees-township-new-jersey
https://www.ubereats.com/new-jersey/food-delivery/outback-steakhouse-4600-route-42/9KCW7UWeSIm0jGYIR-qGmQ,voorhees-township-new-jersey
https://www.ubereats.com/new-jersey/food-delivery/dunkin-111-cross-keys-rd/D3qVz0OpRvC0_svxb1fFHA,voorhees-township-new-jersey
https://www.ubereats.com/new-jersey/food-delivery/pizza-hut-1488-blackwood-clementon-rd/CnsC28WNQsS9ttSOoLvSvQ,voorhees-township-new-jersey
https://www.ubereats.com/new-jersey/food-delivery/jalapenos-grill-2-oaklyn/KZQP5-zlQhiJ60JkHc42Rw,voorhees-township-new-jersey
https://www.ubereats.com/new-jersey/food-delivery/sweet-charlies-haddonfield/KM8Ks5PwSS-u5MIHRkOdHg,voorhees-township-new-jersey
https://www.ubereats.com/new-jersey/food-delivery/taste-of-szechuan/RmQ552iSS7qla3n8HwGm9g,voorhees-township-new-jersey
https://www.ubereats.com/new-jersey/food-delivery/wendys-1001-whitehorse-road/lJGq8lIbS_OfTEAIJOypOg,voorhees-township-new-jersey
https://www.ubereats.com/new-jersey/food-delivery/nicky-bs-pizza/ZNorpdgwQ_6WCsBsAcfhpg,voorhees-township-new-jersey
https://www.ubereats.com/new-jersey/food-delivery/chipotle-mexican-grill-500-route-73-s/fgIhY954SA6OnH1ZrkUrfQ,voorhees-township-new-jersey
https://www.ubereats.com/new-jersey/food-delivery/popeyes-16-white-horse-pike-n/sXnpyPrtSsSuHY-Ke4vCzw,voorhees-township-new-jersey
https://www.ubereats.com/new-jersey/food-delivery/dunkin-1-s-lakeview-dr/v8WWcUtfSa6ljkQ5SOJefA,voorhees-township-new-jersey
https://www.ubereats.com/new-jersey/food-delivery/el-mariachi-san-lucas/L9OMtxJ7TkiakKdWefWG0A,voorhees-township-new-jersey
https://www.ubereats.com/new-jersey/food-delivery/dunkin-900-route-73-s/7GRVt_yJSa6Q95T1hk8b7A,voorhees-township-new-jersey
https://www.ubereats.com/new-jersey/food-delivery/tony-sopranos-pizza-%26-ristorante-somerdale/aijlFYNGRhe8Zw5-F7KE_Q,voorhees-township-new-jersey
https://www.ubereats.com/new-jersey/food-delivery/volcano-steak-and-sushi-berlin-township/6Do7P0yLTbmV-S5FZ2xPYw,voorhees-township-new-jersey
https://www.ubereats.com/new-jersey/food-delivery/saladworks-241-s-route-73/kz4SlcH3Rfa_eNOZCbiepA,voorhees-township-new-jersey
https://www.ubereats.com/new-jersey/food-delivery/scarpinatos-cucina-%26-catering/FfeMQ-CkRwO9TzKtFXLlng,voorhees-township-new-jersey
https://www.ubereats.com/new-jersey/food-delivery/joes-crab-shack-2000-clements-bridge-rd/Jgt9RWN7RWCV7kmGsEqOiA,voorhees-township-new-jersey
https://www.ubereats.com/new-jersey/food-delivery/femmina-italian-grill/wH3zpFoMQo2hBV7pOEgcYQ,voorhees-township-new-jersey
https://www.ubereats.com/new-jersey/food-delivery/reytas-filipino-cuisine/d347dT_DRNWZctTE2dclxw,voorhees-township-new-jersey
https://www.ubereats.com/new-jersey/food-delivery/mod-pizza-cherry-hill/U1qzT-FCRoWYZMmD9mylLw,voorhees-township-new-jersey
https://www.ubereats.com/new-jersey/food-delivery/jersey-mikes-1624-nixon-drive/9X1TFZGeRgGi2jKdP4zJ4g,voorhees-township-new-jersey
https://www.ubereats.com/new-jersey/food-delivery/good-taste-chinese-restaurant/rxRUdbg_QcSBAQwZ6a2QKg,voorhees-township-new-jersey
https://www.ubereats.com/new-jersey/food-delivery/the-ice-cream-shop/pF6H6x-HTuCzTaLlmDWkZQ,voorhees-township-new-jersey
https://www.ubereats.com/new-jersey/food-delivery/kiwi-yogurt/v1x80CgbSV6gxggPVZEOrQ,voorhees-township-new-jersey
https://www.ubereats.com/new-jersey/food-delivery/wawa-956-409-n-route-73-n/4aRAboz8Qtqcmx_qGQVzPg,voorhees-township-new-jersey
https://www.ubereats.com/new-jersey/food-delivery/dunkin-220-s-black-horse-pike/NXy2J_QlRqSZAKZMwfbFyw,voorhees-township-new-jersey
https://www.ubereats.com/new-jersey/food-delivery/carrabbas-4650-route-42/jklfArURRe6i06PSpfhA9w,voorhees-township-new-jersey
https://www.ubereats.com/new-jersey/food-delivery/zoes-kitchen-1205-nixon-drive/neLWlN_BQYyLLBDYQYi8yA,voorhees-township-new-jersey
https://www.ubereats.com/new-jersey/food-delivery/saladworks-116-walker-avenue-space-7f/ELEd4952SKm5mY2TSqgJ3A,voorhees-township-new-jersey
https://www.ubereats.com/new-jersey/food-delivery/mssweeteas-comfort-food-cafe/2n3SZzyATnWEFafeB0e2PQ,voorhees-township-new-jersey
https://www.ubereats.com/new-jersey/food-delivery/dunkin-1120-white-horse-rd/atsIzcOaSAe8oWUz49D-5w,voorhees-township-new-jersey
https://www.ubereats.com/new-jersey/food-delivery/marcellos-ristorante-%26-pizzeria/fAFyrrJqRKa26wWRRt-qHg,voorhees-township-new-jersey
https://www.ubereats.com/new-jersey/food-delivery/the-ice-cream-shop/HRBPJwOTQ2WQpqJcqddn8Q,voorhees-township-new-jersey
https://www.ubereats.com/new-jersey/food-delivery/dolsot-house-korean-restaurant/BYSoRv25QFycR6ZdBqN2-w,voorhees-township-new-jersey
https://www.ubereats.com/new-jersey/food-delivery/saladworks-914-n-route-73/zphrWa6eQxKiN6hCxCiw7g,voorhees-township-new-jersey
https://www.ubereats.com/new-jersey/food-delivery/little-caesars-1265-blackwood-clementon-rd/LjTSWAmRQp-l86gcuDzyhA,voorhees-township-new-jersey
https://www.ubereats.com/new-jersey/food-delivery/taco-bell-401-s-whitehorse-pike/v7TWR0-CSdaIxRspRygq1A,voorhees-township-new-jersey
https://www.ubereats.com/new-jersey/food-delivery/papa-johns-617-stokes-road-suite-5/ReMwm72cRSSdKHFjIn4V7A,voorhees-township-new-jersey
https://www.ubereats.com/new-jersey/food-delivery/ruby-tuesday-4011-dearborn-circle/52gHrFlGSUuFH_13Ir7acQ,voorhees-township-new-jersey
https://www.ubereats.com/new-jersey/food-delivery/papa-marios-pizzeria/8nSNTpuNTpqtoXGBW3j6sQ,voorhees-township-new-jersey
https://www.ubereats.com/new-jersey/food-delivery/voorhees-diner/c3U4CQxtQfK8lQnxAyoxJg,voorhees-township-new-jersey
https://www.ubereats.com/new-jersey/food-delivery/taco-bell-1515-blackwood-clementon-rd/aEy08RduRMCCGZjO8Q1k_A,voorhees-township-new-jersey
https://www.ubereats.com/new-jersey/food-delivery/dunkin-106-white-horse-pike/Ui_p34DyQiS8xvSSCxJDtQ,voorhees-township-new-jersey
https://www.ubereats.com/new-jersey/food-delivery/kfc-1140-blackwood-clementon-rd/TzlpW136ROS-iCeL1QjU1A,voorhees-township-new-jersey
https://www.ubereats.com/new-jersey/food-delivery/black-olive/DshcqGaGRgKdCD6-lGn4-g,voorhees-township-new-jersey
https://www.ubereats.com/new-jersey/food-delivery/organico-pizza/rYp_Eq_IRCyFyEzs1Ao0Fw,voorhees-township-new-jersey
https://www.ubereats.com/new-jersey/food-delivery/jersey-mikes-subs-910-haddonfield-berlin-rd/aUT6aYo8T3umgoE312hCyg,voorhees-township-new-jersey
https://www.ubereats.com/new-jersey/food-delivery/dunkin-201-marleton-pike-e/5tNsFbYVQ8CM4UKuIZ0ETg,voorhees-township-new-jersey
https://www.ubereats.com/new-jersey/food-delivery/dunkin-1901-deptford-center-rd/vavTg2iFSs2ZfoS5kmNwow,voorhees-township-new-jersey
https://www.ubereats.com/new-jersey/food-delivery/outback-steakhouse-901-route-73-south/X9H9hrXWQiCz5ZRUwPi3eQ,voorhees-township-new-jersey
https://www.ubereats.com/new-jersey/food-delivery/ginos-pizzeria/-XMUTNRNSOGKnLSa9nt4sA,voorhees-township-new-jersey
https://www.ubereats.com/new-jersey/food-delivery/shake-shack-321-w-rte-70/9fU7mS7JRti_JJeYgNRr9A,voorhees-township-new-jersey
https://www.ubereats.com/new-jersey/food-delivery/dunkin-901-old-marlton-pike-west/J_aGJmyeQXOJND67gSY2LA,voorhees-township-new-jersey
https://www.ubereats.com/new-jersey/food-delivery/mcdonalds-700-white-hourse-pike-north/RF1wTMAoSnqEzSqL4xPXKQ,voorhees-township-new-jersey
https://www.ubereats.com/new-jersey/food-delivery/crawfish-and-pho/pcnUB2DCRYahR1YV20gogw,voorhees-township-new-jersey
https://www.ubereats.com/new-jersey/food-delivery/arbys-299-route-73-n/1X0rfCsMTDWxPSvyV-WOIA,voorhees-township-new-jersey
https://www.ubereats.com/new-jersey/food-delivery/papa-marios-pizza/VrlR7BgRREOTmSv9DbS6iQ,voorhees-township-new-jersey
https://www.ubereats.com/new-jersey/food-delivery/kaminskis-sports-bar-and-grill/wKSILQlKQb2tXY8HlPgSZQ,voorhees-township-new-jersey
https://www.ubereats.com/new-jersey/food-delivery/playa-bowls-cherry-hill/WwWjJUx8S7i7bpJJd3cXew,voorhees-township-new-jersey
https://www.ubereats.com/new-jersey/food-delivery/prospectors-steakhouse-%26-saloon/Fay6ge2TQOe-rY1g4my3tQ,voorhees-township-new-jersey
https://www.ubereats.com/new-jersey/food-delivery/chickies-%26-petes-marlton/SP9UTLvoTmuUZlGwsm3TkQ,voorhees-township-new-jersey
https://www.ubereats.com/new-jersey/food-delivery/dads-deli-%26-catering/3DrFxvN7SN6kosHb7CB56A,voorhees-township-new-jersey
https://www.ubereats.com/new-jersey/food-delivery/amici-ristorante/oCrlOS7AQ4GfcPdJTBaxgA,voorhees-township-new-jersey
https://www.ubereats.com/new-jersey/food-delivery/bobby-chez-cherry-hill/HPqmT2M4SomxNJ2HaaQJRw,voorhees-township-new-jersey
https://www.ubereats.com/new-jersey/food-delivery/outback-steakhouse-230-lake-drive-east/jfTRyQMoRwKDGDNMSfatIw,voorhees-township-new-jersey
https://www.ubereats.com/new-jersey/food-delivery/famous-daves-104-route-70-west/EMvo0j1YSD2x2hz1kxfu5A,voorhees-township-new-jersey
https://www.ubereats.com/new-jersey/food-delivery/kibitz-room/1r1Q46rMTzGt1j9qciGtIA,voorhees-township-new-jersey
https://www.ubereats.com/new-jersey/food-delivery/taco-bell-198-n-route-73/PeE02fFeS6yfQPX_LKwLfw,voorhees-township-new-jersey
https://www.ubereats.com/new-jersey/food-delivery/taco-bell-512-haddonfield-road/7vBh-Eh9QievSI4T94mgVg,voorhees-township-new-jersey
https://www.ubereats.com/new-jersey/food-delivery/dunkin-1399-north-delsea-drive/qyLtoC8kRBilJTSioCWsaA,voorhees-township-new-jersey
https://www.ubereats.com/new-jersey/food-delivery/mod-pizza-marlton-square/VT9jlf8YQzqXSw3QyFc6WQ,voorhees-township-new-jersey
https://www.ubereats.com/new-jersey/food-delivery/dunkin-1031-route-73-n/JDIFKRFWRTakWFybB9eiYQ,voorhees-township-new-jersey
https://www.ubereats.com/new-jersey/food-delivery/cousins-deli-grill-%26-catering-llc/p81yo8nKQeCK0Qr1CKpoRQ,voorhees-township-new-jersey
https://www.ubereats.com/new-jersey/food-delivery/jzs-fishwing/aT3opLu_QoCE_2cAgch3wQ,voorhees-township-new-jersey
https://www.ubereats.com/new-jersey/food-delivery/wok-n-roll/IavzVmKIThexZPeKb-Aucg,voorhees-township-new-jersey
https://www.ubereats.com/new-jersey/food-delivery/viet-pho/-EgOa2YIQC6BC7Xthd9-kg,voorhees-township-new-jersey
https://www.ubereats.com/new-jersey/food-delivery/auntie-annes-400-route-38-spc-1080/CGBtbdRLRPWYT9covt4B0w,voorhees-township-new-jersey
https://www.ubereats.com/new-jersey/food-delivery/dooneys-pub-voorhees/jshlTfLCTtWDDnRLvgfmlA,voorhees-township-new-jersey
https://www.ubereats.com/new-jersey/food-delivery/taco-bell-710-n-black-horse-pike/G4Koail6Tsaqo0oWhCP8Lg,voorhees-township-new-jersey
https://www.ubereats.com/new-jersey/food-delivery/friendlys-route-70-west/gwTvQFE0TPOefyUjobXF-Q,voorhees-township-new-jersey
https://www.ubereats.com/new-jersey/food-delivery/wing-squad-gloucester/xgNNfbLoSs2Snn5ebNBgWQ,voorhees-township-new-jersey
https://www.ubereats.com/new-jersey/food-delivery/primohoagies-3111-state-hwy-no-38-w/DORqGcdBQ1-p26x2fNutIg,voorhees-township-new-jersey
https://www.ubereats.com/new-jersey/food-delivery/subway-1-coopertowne-blvd/p9pAQiebRQaIGw8a6LG0fw,voorhees-township-new-jersey
https://www.ubereats.com/new-jersey/food-delivery/ihop-285-route-73-north/hAX6aZkDQ36ZStFGoQ6V1A,voorhees-township-new-jersey
https://www.ubereats.com/new-jersey/food-delivery/il-villaggio/OG97dIu_TfCi-BCXSPAAXQ,voorhees-township-new-jersey
https://www.ubereats.com/new-jersey/food-delivery/tullias/UYzSh84GQe6BpzbnX6uKrg,voorhees-township-new-jersey
https://www.ubereats.com/new-jersey/food-delivery/wawa-392-2-somersdale-rd/rH34j8mCQ1GBV5KREHMacw,voorhees-township-new-jersey
https://www.ubereats.com/new-jersey/food-delivery/maryanns-pizza/eRMLXlnCRQqRn910GMVTjg,voorhees-township-new-jersey
https://www.ubereats.com/new-jersey/food-delivery/dunkin-1215-sr-73/lkCHURq4Q16xLKODwlimXg,voorhees-township-new-jersey
https://www.ubereats.com/new-jersey/food-delivery/five-guys-nj-0260-493-berlin-cross-keys-rd/WvKf0uqRTIqQHk5mEsuzIA,voorhees-township-new-jersey
https://www.ubereats.com/new-jersey/food-delivery/ollie-gators-pub/zdFYe1qbTl6xuMd6BD3kPA,voorhees-township-new-jersey
https://www.ubereats.com/new-jersey/food-delivery/papa-johns-479-route-38-west/lidsGbo2SFyDOLhX9fetxQ,voorhees-township-new-jersey
https://www.ubereats.com/new-jersey/food-delivery/amici-restaurant/tWfpXDV3SN6AU8WBMHODoQ,voorhees-township-new-jersey
https://www.ubereats.com/new-jersey/food-delivery/wendys-1381-blackwood-clementon-road/r4YVDmbRR8WCEpg5Qm0JqA,voorhees-township-new-jersey
https://www.ubereats.com/new-jersey/food-delivery/han-dynasty-cherry-hill/1Q_mHDbHRwOkH_GB5-Kt6g,voorhees-township-new-jersey
https://www.ubereats.com/new-jersey/food-delivery/brio-500-route-73-south/Ja_cK9qmSjKtUL6PAX_tlQ,voorhees-township-new-jersey
https://www.ubereats.com/new-jersey/food-delivery/uno-pizzeria-%26-grill-1162-hurffville-road/H6iRdC3nSZSOBE6RO_1Fzg,voorhees-township-new-jersey
https://www.ubereats.com/new-jersey/food-delivery/9103-bonefish-grill-1709-deptford-center-rd/P4yYPsuvSFKCsGWipKsPig,voorhees-township-new-jersey
https://www.ubereats.com/new-jersey/food-delivery/chipotle-mexican-grill-882-route-73-n-ste-a/GByu5N8BQIen7Qg88nQSmQ,voorhees-township-new-jersey
https://www.ubereats.com/new-jersey/food-delivery/pancheros-mexican-grill-4325-dearborn-circle/PtkA8G_wS_eubmZs15CBUw,voorhees-township-new-jersey
https://www.ubereats.com/new-jersey/food-delivery/rexys/Gh3K7kvjR2CdY5NP2AjgBw,voorhees-township-new-jersey
https://www.ubereats.com/new-jersey/food-delivery/red-lobster-301-i-north-almonesson-road/C7wjYT3BQIiRNKqkL-Tyow,voorhees-township-new-jersey
https://www.ubereats.com/new-jersey/food-delivery/jersey-mikes-908-route-73-north/Wn-S_Dl5TsCbypno-FgYIQ,voorhees-township-new-jersey
https://www.ubereats.com/new-jersey/food-delivery/singapore-restaurant-and-sushi-bar/blZgH2_6TrKmIIfS-msn6Q,voorhees-township-new-jersey
https://www.ubereats.com/new-jersey/food-delivery/sonic-112-black-horse-pike/mRfC0uPeRHOEBmBsBpGSlw,voorhees-township-new-jersey
https://www.ubereats.com/new-jersey/food-delivery/canton-express/1mOuiGoOSimQDYkMC72zZw,voorhees-township-new-jersey
https://www.ubereats.com/new-jersey/food-delivery/hash-house-a-go-go-moorestown/fAQWSnnsT-2DFGTduTBosg,voorhees-township-new-jersey
https://www.ubereats.com/new-jersey/food-delivery/loco-burgers/CRCIGMlURQKbmMXApQadjQ,voorhees-township-new-jersey
https://www.ubereats.com/new-jersey/food-delivery/pita-pocket/6fFv33btRZyuWpoXaoBu_A,voorhees-township-new-jersey
https://www.ubereats.com/new-jersey/food-delivery/pancheros-mexican-grill-910-haddonfield-berlin-rd/a4A5kazCTCGsJwxlrqIOrg,voorhees-township-new-jersey
https://www.ubereats.com/new-jersey/food-delivery/villaris-lakeside-restaurant/JXCihHznRryayoX1QtRDTQ,voorhees-township-new-jersey
https://www.ubereats.com/new-jersey/food-delivery/ritas-italian-ice-511-erial-rd/2lG5de0cSoGaTMvjVg9oEw,voorhees-township-new-jersey
https://www.ubereats.com/new-jersey/food-delivery/hen-vietnamese-eatery/3MUx1JTwSa-aMoUJ82K5eQ,voorhees-township-new-jersey
https://www.ubereats.com/new-jersey/food-delivery/turning-point-of-marlton/FXq5kC3jRQK5MIGHFH-hqA,voorhees-township-new-jersey
https://www.ubereats.com/new-jersey/food-delivery/panera-500-route-73-s/eIATz3jpRsmOCuzLyG6sjw,voorhees-township-new-jersey
https://www.ubereats.com/new-jersey/food-delivery/arbys-100-black-horse-pike/eGMRCfeYR4y1nJj8Ejgehg,voorhees-township-new-jersey
https://www.ubereats.com/new-jersey/food-delivery/la-polpetta/KStZnGSXSwmIRHf6PBVj8A,voorhees-township-new-jersey
https://www.ubereats.com/new-jersey/food-delivery/pizza-hut-930-w-route-70/deB2ctXQRXS_QkclElO4RA,voorhees-township-new-jersey
https://www.ubereats.com/new-jersey/food-delivery/millers-ale-house-mt-laurel/8ZiTX6ZcQyS-OL0AwANhPA,voorhees-township-new-jersey
https://www.ubereats.com/new-jersey/food-delivery/mr-sushi/vrSVNglDThaOLv8fX0G60Q,voorhees-township-new-jersey
https://www.ubereats.com/new-jersey/food-delivery/di-nics-oven-roasted-beef/pji_XtrFTEiUakQRF3lo5g,voorhees-township-new-jersey
https://www.ubereats.com/new-jersey/food-delivery/china-house/0u0hNclkSRqVhMj1Y7E6BQ,voorhees-township-new-jersey
https://www.ubereats.com/new-jersey/food-delivery/red-robin-661-1750-deptford-center-rd/9uioeuXGQKWHUJiMjwWA2A,voorhees-township-new-jersey
https://www.ubereats.com/new-jersey/food-delivery/wawa-374-100-springdale-road/dpUgHLqdRRKhBD6yM-SySw,voorhees-township-new-jersey
https://www.ubereats.com/new-jersey/food-delivery/blue-fig-cafe/tC9_RpxHSu29_OIgNrtgYw,voorhees-township-new-jersey
https://www.ubereats.com/new-jersey/food-delivery/zoes-kitchen-500-route-73-south-ste-b-7/4IyjaisKT_690YSV0H_C5Q,voorhees-township-new-jersey
https://www.ubereats.com/new-jersey/food-delivery/popeyes-2788-route-73-n/dkGs260QTP-du5mAiHuBmw,voorhees-township-new-jersey
https://www.ubereats.com/new-jersey/food-delivery/dunkin-1238-chews-landing-rd/3M3h0yG7QTaAJ90OGTObyg,voorhees-township-new-jersey
https://www.ubereats.com/new-jersey/food-delivery/ihop-334-berlin-cross-keys-road/9dLHiSOYTUeIoEQU-znPsg,voorhees-township-new-jersey
https://www.ubereats.com/new-jersey/food-delivery/caribbean-paradise-washington-township/r67Bxj94S4qooW_5LGteFQ,voorhees-township-new-jersey
https://www.ubereats.com/new-jersey/food-delivery/corinnes-place/034lYz1kTC6IvbfDnTkRQA,voorhees-township-new-jersey
https://www.ubereats.com/new-jersey/food-delivery/arbys-1335-hurffville-rd/w68pxwpnRMSEmqJjVtnqjA,voorhees-township-new-jersey
https://www.ubereats.com/new-jersey/food-delivery/five-guys-nj-1269-161-rt-73-south/d3eV2sBIRgiWxGJGH-Qecw,voorhees-township-new-jersey
https://www.ubereats.com/new-jersey/food-delivery/pancheros-mexican-grill-115-n-route-73/op657EpjQfKgDgxBKNylAA,voorhees-township-new-jersey
https://www.ubereats.com/new-jersey/food-delivery/select-pizza-%7C-grill-cherry-hill/7O6KEib_SiWfbXyzrnhRTQ,voorhees-township-new-jersey
https://www.ubereats.com/new-jersey/food-delivery/new-berlin-diner/kDs11VO_QpCyATuHjEhnag,voorhees-township-new-jersey
https://www.ubereats.com/new-jersey/food-delivery/tuccis-mini-hoagies/WDeOpIHYTcSEHeva9-4b0A,voorhees-township-new-jersey
https://www.ubereats.com/new-jersey/food-delivery/sushi-king/_hZXRcWSTveYS-FHkFcd8g,voorhees-township-new-jersey
https://www.ubereats.com/new-jersey/food-delivery/olgas-diner/ptRKdYDnQVi4v9rZRZa5GA,voorhees-township-new-jersey
https://www.ubereats.com/new-jersey/food-delivery/johnny-longhots-deptford/hEuCjamdTXGm8SV3R9VmlA,voorhees-township-new-jersey
https://www.ubereats.com/new-jersey/food-delivery/burger-king-1725-marlton-pike-east/wp9LggG3RgO2R-vKs5GoEQ,voorhees-township-new-jersey
https://www.ubereats.com/new-jersey/food-delivery/iron-hill-brewery-%26-restaurant-voorhees/FCsXkwJJRLGyN_rIrgHbaw,voorhees-township-new-jersey
https://www.ubereats.com/new-jersey/food-delivery/dunkin-501-erial-rd/7j70h01UQ_qSVcTBRVHryA,voorhees-township-new-jersey
https://www.ubereats.com/new-jersey/food-delivery/honeygrow-1586-kings-highway-n/gRM18vSbT5e_LHJvcxEfGg,voorhees-township-new-jersey
https://www.ubereats.com/new-jersey/food-delivery/duck-donuts-101-south-route-73-suite-141/u0bwuSDiQDa8e6Qd2xV65g,voorhees-township-new-jersey
https://www.ubereats.com/new-jersey/food-delivery/nicks-pizza/7VMvpqHATQmaQ-nIBY7gjw,voorhees-township-new-jersey
https://www.ubereats.com/new-jersey/food-delivery/popeyes-1223-blackwood-clementon-rd/I3ojvTHZTkKKT8h3pE2xQg,voorhees-township-new-jersey
https://www.ubereats.com/new-jersey/food-delivery/chipotle-mexican-grill-2000-clements-bridge-road/z-FB90lTSOa1iI4gpmnJTg,voorhees-township-new-jersey
https://www.ubereats.com/new-jersey/food-delivery/on-the-border-mt-laurel/IKjntLWgSaKeuRfFdRftnQ,voorhees-township-new-jersey
https://www.ubereats.com/new-jersey/food-delivery/mount-masala/T0yGF6sbSJWCFrTSsePKnA,voorhees-township-new-jersey
https://www.ubereats.com/new-jersey/food-delivery/munsalwa/G-1UvG1bQqee899sxNdzQg,voorhees-township-new-jersey
https://www.ubereats.com/new-jersey/food-delivery/megu-haddonfield/_xhWS-wiRMS7_vs-gwpcEw,voorhees-township-new-jersey
https://www.ubereats.com/new-jersey/food-delivery/carrabbas-500-route-nj-38-e/ml5ZvhsQSASN2QAxLB1Tpg,voorhees-township-new-jersey
https://www.ubereats.com/new-jersey/food-delivery/local-links-market-cafe/oCywBIscR8utqWpPbJClBg,voorhees-township-new-jersey
https://www.ubereats.com/new-jersey/food-delivery/treesys-soul-food-cafe/-iUte3hVQeiLETIA6khQ3g,voorhees-township-new-jersey
https://www.ubereats.com/new-jersey/food-delivery/tao-yuan-bistro/izZ_V-emT1SQtP_MDtFGKA,voorhees-township-new-jersey
https://www.ubereats.com/new-jersey/food-delivery/t-swirl-crepe/K3IFwUpASt6iB_seQkjwww,voorhees-township-new-jersey
https://www.ubereats.com/new-jersey/food-delivery/kfc-rt-130-%26-browning-road/5VFv7kzgSfiCjdrql5TD3Q,voorhees-township-new-jersey
https://www.ubereats.com/new-jersey/food-delivery/sushi-kingdom/-LXHuErVQb-fv-9G-kvcCg,voorhees-township-new-jersey
https://www.ubereats.com/new-jersey/food-delivery/frutta-bowls/ENUVPziFQuui1Ui79kL_ZA,voorhees-township-new-jersey
https://www.ubereats.com/new-jersey/food-delivery/subway-150-e-route-70/OKh3jph1QAydYyR8SfHJeQ,voorhees-township-new-jersey
https://www.ubereats.com/new-jersey/food-delivery/cold-stone-creamery-4270-dearborn-circle/6LEv4jqAQZG3OHDKzfC17w,voorhees-township-new-jersey
https://www.ubereats.com/new-jersey/food-delivery/mama-nuccios-pizzeria/3DCP5oznQFiCYXNVmzSxGQ,voorhees-township-new-jersey
https://www.ubereats.com/new-jersey/food-delivery/mcdonalds-702-2-berlin-rd/X8wcjr3LQa6Fq8eEOiXrSw,voorhees-township-new-jersey
https://www.ubereats.com/new-jersey/food-delivery/wing-squad-marlton/4MV_weVCQiOaYKiU9gZOpA,voorhees-township-new-jersey
https://www.ubereats.com/new-jersey/food-delivery/mcdonalds-760-w-route-70/Ko1gduvmR-CRZqG3bGwfKw,voorhees-township-new-jersey
https://www.ubereats.com/new-jersey/food-delivery/friendlys-9103-town-center-blvd/g4LnTZJ-QEeWswddsUqNOA,voorhees-township-new-jersey
https://www.ubereats.com/new-jersey/food-delivery/dunkin-1860-marlton-pike-e/aeIkqP8vRS6LDHt809CsAA,voorhees-township-new-jersey
https://www.ubereats.com/new-jersey/food-delivery/ten-asian-food-hall-cherry-hill-nj/cvl-KFlZQDCQEXJxx0-3JA,voorhees-township-new-jersey
https://www.ubereats.com/new-jersey/food-delivery/carlos-bakery-marlton/aLb-mbV8SwGPXZm57Rq0yA,voorhees-township-new-jersey
https://www.ubereats.com/new-jersey/food-delivery/kfc-taco-bell-2821-route-73-south/JclI10pZSwOOSd3fwsN4-Q,voorhees-township-new-jersey
https://www.ubereats.com/new-jersey/food-delivery/smashburger-698-delsea-dr-n/lag6jmSBTlmz2WBGO5TdoQ,voorhees-township-new-jersey
https://www.ubereats.com/new-jersey/food-delivery/primohoagies-604-haddon-avenue/ipEyavduRlqbHAv3tbAJqQ,voorhees-township-new-jersey
https://www.ubereats.com/new-jersey/food-delivery/moes-southwest-grill-1692-clements-bridge-road/YZ0PuPZtR_GcTRcbtaa2Cw,voorhees-township-new-jersey
https://www.ubereats.com/new-jersey/food-delivery/bertuccis-515-north-route-73/CQdnou4vRwmg4o7vGWw7cw,voorhees-township-new-jersey
https://www.ubereats.com/new-jersey/food-delivery/angelos-pizza-union-mill/gX94DNtYQzGHMQrpWtVLpA,voorhees-township-new-jersey
https://www.ubereats.com/new-jersey/food-delivery/panera-1200-white-horse-road/gwFg5292RoK7XrfAqdFilw,voorhees-township-new-jersey
https://www.ubereats.com/new-jersey/food-delivery/starbucks-haddonfield/8oMIDzUxS3GooAPfZBitAw,voorhees-township-new-jersey
https://www.ubereats.com/new-jersey/food-delivery/arbys-220-n-maple-ave/Y4nRhzOKTSOXxUOJbg33Og,voorhees-township-new-jersey
https://www.ubereats.com/new-jersey/food-delivery/starbucks-marlton/Hn0V6t2BS-yJzyEEaj6jpQ,voorhees-township-new-jersey
https://www.ubereats.com/new-jersey/food-delivery/grilly-cheese-new-jersey/Y3TEPss2ReuTSWZh6K9NIg,voorhees-township-new-jersey
https://www.ubereats.com/new-jersey/food-delivery/boiling-house/rTefHyOQRaS29YvGzM7hjA,voorhees-township-new-jersey
https://www.ubereats.com/new-jersey/food-delivery/auntie-annes-150-route-70-east/2XFYwiYaQ3aubLDTHa8TqA,voorhees-township-new-jersey
https://www.ubereats.com/new-jersey/food-delivery/lai-thai-cuisine/2UDrHBoZQ5Wm5Qf6dOuhjA,voorhees-township-new-jersey
https://www.ubereats.com/new-jersey/food-delivery/burger-king-593-route-73-north/F8vp0BOJQGaYASiYMod36g,voorhees-township-new-jersey
https://www.ubereats.com/new-jersey/food-delivery/the-ice-cream-shop/tByE48tcS0qpwUllQqpfxA,voorhees-township-new-jersey
https://www.ubereats.com/new-jersey/food-delivery/cicontes-italia-pizzeria/th_c1yJ5QTivAe-k_V6c2A,voorhees-township-new-jersey
https://www.ubereats.com/new-jersey/food-delivery/dunkin-651-college-drive/1o-6EPVWRvaOgMrz6ZP4sQ,voorhees-township-new-jersey
https://www.ubereats.com/new-jersey/food-delivery/bertuccis-mount-laurel/nlDkKIzxSKqQwVGkZun9wA,voorhees-township-new-jersey
https://www.ubereats.com/new-jersey/food-delivery/papa-johns-1000-cooper-street/zo_6IbTERkqGzyKHFuVJVw,voorhees-township-new-jersey
https://www.ubereats.com/new-jersey/food-delivery/maryanns-pizza/aLqZsQa0Sxywm6gAVJl72g,voorhees-township-new-jersey
https://www.ubereats.com/new-jersey/food-delivery/charleys-philly-steaks-cherry-hill-mall/5pEi75glQrO9VaQGilatUA,voorhees-township-new-jersey
https://www.ubereats.com/new-jersey/food-delivery/pizza-bolis-lindenwold/Ev_iyYUoRPenl0I4gVZznQ,voorhees-township-new-jersey
https://www.ubereats.com/new-jersey/food-delivery/sho-gun-japanese-cuisine/q9AeDhyGRxquNhB3RtVE8Q,voorhees-township-new-jersey
https://www.ubereats.com/new-jersey/food-delivery/dunkin-434-n-warwick-rd/rwG9sHDpQl2rdL-0-9MQzg,voorhees-township-new-jersey
https://www.ubereats.com/new-jersey/food-delivery/papa-johns-1200-church-street-ste-111/sOnEZTaIT_CN5afJ7ZKh6g,voorhees-township-new-jersey
https://www.ubereats.com/new-jersey/food-delivery/tejas-grill/Aq8C86eEQ3u8e2kDsxxvIg,voorhees-township-new-jersey
https://www.ubereats.com/new-jersey/food-delivery/taco-bell-845-williamstown-erial-road/fYi3njjlRSGpJ47aIL6zOg,voorhees-township-new-jersey
https://www.ubereats.com/new-jersey/food-delivery/applebees-880-berlin-road-%2392039/jMfyxMxSTAS6f346ho0MxQ,voorhees-township-new-jersey
https://www.ubereats.com/new-jersey/food-delivery/nimit-indian-kitchen/MtL7SEiSQ3-IZZVJVYcpEg,voorhees-township-new-jersey
https://www.ubereats.com/new-jersey/food-delivery/acai-cafe/2dCr0oxsTiSJuJwx4MR2Dw,voorhees-township-new-jersey
https://www.ubereats.com/new-jersey/food-delivery/tandoori-kabab/r3VZv2N5QUme2sUxMZL3QQ,voorhees-township-new-jersey
https://www.ubereats.com/new-jersey/food-delivery/buffalo-wild-wings-627-cross-keys-rd/z2butmXST_alDcC5EhVxyA,voorhees-township-new-jersey
https://www.ubereats.com/new-jersey/food-delivery/fuwa-teriyaki-grill/_AzmDLAOQdOZ_BmUPoTs9g,voorhees-township-new-jersey
https://www.ubereats.com/new-jersey/food-delivery/not-just-pizza/CUvW8zbvQOW0dRNpv_NY4w,voorhees-township-new-jersey
https://www.ubereats.com/new-jersey/food-delivery/gaetanos/K52Z_pznS9WaHSZWr823XA,voorhees-township-new-jersey
https://www.ubereats.com/new-jersey/food-delivery/firebirds-wood-fired-grill-400-nj-route-38/FXFJNpL5SUSfVLJQC2RIrg,voorhees-township-new-jersey
https://www.ubereats.com/new-jersey/food-delivery/thai-basil/3vqTOFJtRNKAidOCY5HtMw,voorhees-township-new-jersey
https://www.ubereats.com/new-jersey/food-delivery/seasons-pizza-stratford/cHkbg7BWRc-Dm0tKnQzVHA,voorhees-township-new-jersey
https://www.ubereats.com/new-jersey/food-delivery/dunkin-320-s-black-horse-pike/PGLr4xlQSoeSztBAwvOwsA,voorhees-township-new-jersey
https://www.ubereats.com/new-jersey/food-delivery/crust-n-fire/qzkjy6lsRPO6FrDgnSDzbQ,voorhees-township-new-jersey
https://www.ubereats.com/new-jersey/food-delivery/dunkin-263-white-horse-pike-n/gdWp8eqLTaCFoRCb44eHpw,voorhees-township-new-jersey
https://www.ubereats.com/new-jersey/food-delivery/chick-fil-a-1170-white-horse-rd/Lyxmpw4xTtW_tMlRAOhhyw,voorhees-township-new-jersey
https://www.ubereats.com/new-jersey/food-delivery/primohoagies-151-s-black-horse-pike/nIRXy5qjRNqPtBugTvlIjg,voorhees-township-new-jersey
https://www.ubereats.com/new-jersey/food-delivery/haitian-american-cuisine/WlL8JX4GS9utNZWT8WNwcg,voorhees-township-new-jersey
https://www.ubereats.com/new-jersey/food-delivery/dunkin-150-s-white-horse-pike/uSogCdm1SRWDi82eZmC1PQ,voorhees-township-new-jersey
https://www.ubereats.com/new-jersey/food-delivery/primohoagies-581-berlin-crosskeys-rd/WFj_bxXETVeliywnFyZpcg,voorhees-township-new-jersey
https://www.ubereats.com/new-jersey/food-delivery/dunkin-101-route-70-e/xVELmTkKQom-JmYztztZVQ,voorhees-township-new-jersey
https://www.ubereats.com/new-jersey/food-delivery/cold-stone-creamery-304-greentree-road/4GVJW27rRL-Fj6ACpsQrgQ,voorhees-township-new-jersey
https://www.ubereats.com/new-jersey/food-delivery/fatburger-%26-buffalos-express-2000-new-jersey-38/dzmhqVMOTwO6IS3Bk4o9zA,voorhees-township-new-jersey
https://www.ubereats.com/new-jersey/food-delivery/harvest-seasonal-grill-%26-wine-bar-moorestown/979EUG7USAe1rJOkYTh_BQ,voorhees-township-new-jersey
https://www.ubereats.com/new-jersey/food-delivery/no-1-china-chinese-restaurant/lyyaljKAR_eeftO_kD_k8A,voorhees-township-new-jersey
https://www.ubereats.com/new-jersey/food-delivery/buffalo-wild-wings-1598-nixon-dr/TPN3FhvVQG6r8tZDkIhHrg,voorhees-township-new-jersey
https://www.ubereats.com/new-jersey/food-delivery/b-good-500-route-73-s/p7PEr6aPQz6oHLmbW0eZyQ,voorhees-township-new-jersey
https://www.ubereats.com/new-jersey/food-delivery/saladworks-404-e-route-70/5MCNfdQRSRebX4BZoFHZjg,voorhees-township-new-jersey
https://www.ubereats.com/new-jersey/food-delivery/tgi-fridays-636-mt-laurel/lB9c8j2mRd6FIQoat3D_mg,voorhees-township-new-jersey
https://www.ubereats.com/new-jersey/food-delivery/nene-italian-market/FURCcHxcSxWugwAhOHGYPQ,voorhees-township-new-jersey
