url,city
https://www.ubereats.com/waco/food-delivery/falafel-n-load/RkmU_ZR3TuyUaWFiWv1r9w,waco
https://www.ubereats.com/waco/food-delivery/logans-roadhouse-418-2806-west-loop-340/nGy0i1L2Tp2Ro6E-vcrAAg,waco
https://www.ubereats.com/waco/food-delivery/jack-in-the-box-1525-interstate-35-n/BBx5IOp4Siu5-1TgrYZVAg,waco
https://www.ubereats.com/waco/food-delivery/el-mexicano-grill-%2315/JXAsbHKSQm289BEozzUbWQ,waco
https://www.ubereats.com/waco/food-delivery/rustic-grill/fQvb_ZBxTx20NjHhH9AhlA,waco
https://www.ubereats.com/waco/food-delivery/griffs-restaurant/yYerUlhfSvycLtBd8z7Q8w,waco
https://www.ubereats.com/waco/food-delivery/ihop-1705-interstate-35/0hWxmW_0QA2boy8RJ8bAcQ,waco
https://www.ubereats.com/waco/food-delivery/baked-bliss-bakery/OmM3RwVWQd259E7NPxmACA,waco
https://www.ubereats.com/waco/food-delivery/junction-cafe-%26-hookah-lounge/nb2rID63RjO7C9G8rYF3Lg,waco
https://www.ubereats.com/waco/food-delivery/olive-branch-bakery-%26-cafe/V1ZjMEzdQnqPjPLb2BWLsA,waco
https://www.ubereats.com/waco/food-delivery/oh-my-juice/IbY-cBO8TViuOMy0cO7XTw,waco
https://www.ubereats.com/waco/food-delivery/churchs-chicken-1325-e-waco-drive/KboSHsz6S5qUd5FDdB4XNg,waco
https://www.ubereats.com/waco/food-delivery/cathay-house/I-6C6jZyT262Up--XAhIiA,waco
https://www.ubereats.com/waco/food-delivery/mcalisters-deli-521-waco-drive-tx-1262/6SZgGpviTGeR859_cInXVg,waco
https://www.ubereats.com/waco/food-delivery/jersey-mikes-subs-1515-hewitt-drive/P8w7qfSWQ8yKXr11IN15Jw,waco
https://www.ubereats.com/waco/food-delivery/dairy-queen-4021-n-19th-st/BIGA78lVR4G2e6DxfHfBVg,waco
https://www.ubereats.com/waco/food-delivery/schlotzskys-1605-hewitt-drive/nK1H377cS7OZgg0UmcVxXw,waco
https://www.ubereats.com/waco/food-delivery/papa-johns-911-n-hewitt-drive-ste-913/YEMM_VEhTO6f_vS5rmcSmw,waco
https://www.ubereats.com/waco/food-delivery/oakleys-texas-bar-and-grill/K-necx1OQZ6keXoDmFLqfw,waco
https://www.ubereats.com/waco/food-delivery/panera-2516-west-loop-340/Lgbu5T1KTemFt3LrSrC3GQ,waco
https://www.ubereats.com/waco/food-delivery/mcdonalds-4503-n-i-35/uNxa6iVjTDS2LmKTqGj0QQ,waco
https://www.ubereats.com/waco/food-delivery/dickeys-barbecue-restaurants-5900-bosque-blvd/gNFRDMPBRRy22c6ZVuzmPg,waco
https://www.ubereats.com/waco/food-delivery/mcdonalds-1225-n-valley-mills-dr/UNcAHitEQ4qZq9QvT4r6_A,waco
https://www.ubereats.com/waco/food-delivery/taco-bell-500-cleveland/0C-L5_RVQbWzOzi52MvEhA,waco
https://www.ubereats.com/waco/food-delivery/kams-eatery/iXUgVGq0Tfyuj6O9YHmANQ,waco
https://www.ubereats.com/waco/food-delivery/krab-kingz-waco/RHJVWNuETQKoGWe3NBpUNA,waco
https://www.ubereats.com/waco/food-delivery/starbucks-i-35-%26-valley-mills/e28BDTP8SMme4bFKCSm7Wg,waco
https://www.ubereats.com/waco/food-delivery/taco-bell-4513-n-ih-35/S-tB64w8SiCEOgnQHIgHxA,waco
https://www.ubereats.com/waco/food-delivery/auntie-annes-6001-w-waco-dr-suite-220/mzGJ6ZFJRZCvjtKSYISA3Q,waco
https://www.ubereats.com/waco/food-delivery/wings-of-waco/wAN7svUFQYSSpJMcYJ5Njw,waco
https://www.ubereats.com/waco/food-delivery/cracker-barrel-old-country-store-221-enterprise-blvd/8D_PaIgsQDy-IClvcBnxsw,waco
https://www.ubereats.com/waco/food-delivery/dunkin-1200-n-valley-mills-dr/j40yIhlmQ_WuGeq9Z1j9bA,waco
https://www.ubereats.com/waco/food-delivery/hooters-waco/wG5hHZDLT7OBhXzGtTsuOQ,waco
https://www.ubereats.com/waco/food-delivery/taco-bell-120-north-valley-mills-drive/xuzL0qkKRuSOfS45_gKQhQ,waco
https://www.ubereats.com/waco/food-delivery/newks-eatery-2716-w-loop-340/L2SCU8cUT7-D4VBAp1RS1A,waco
https://www.ubereats.com/waco/food-delivery/jack-in-the-box-201-hewitt-dr/O_wV61pHTeWbphGatMAJlQ,waco
https://www.ubereats.com/waco/food-delivery/papa-johns-700-south-7th-street/gcrhaQgXQAWijrfABqxgUA,waco
https://www.ubereats.com/waco/food-delivery/clicks-billiards/tWajtBdaQs6IZ-VOjTL3gg,waco
https://www.ubereats.com/waco/food-delivery/on-the-border-waco/XGE-8kT7Spivm-opOqQUSg,waco
https://www.ubereats.com/waco/food-delivery/outback-steakhouse-4500-franklin-avenue/XYmbWmLPSh2GTA4Gl5akHw,waco
https://www.ubereats.com/waco/food-delivery/wendys-8055-s-ih-35/ScOXJXEXQAWF2nOIu8dywA,waco
https://www.ubereats.com/waco/food-delivery/long-john-silvers-901-south-6th-street/0gr_JQ62RFi439mxu2IKsQ,waco
https://www.ubereats.com/waco/food-delivery/freebirds-world-burrito-120-n-new-road/ZlR8hMT7TneF8Pbe4CGPJA,waco
https://www.ubereats.com/waco/food-delivery/popeyes-louisiana-kitchen-420-n-valley-mills-road/hX6cA29RTXC_ZHRIj69kag,waco
https://www.ubereats.com/waco/food-delivery/taco-bell-1101-hewitt-drive/CNkPGMTVSfeTAIgYuhW1OQ,waco
https://www.ubereats.com/waco/food-delivery/starbucks-bosque-%26-wooded-acres/MOVikM2-TOSnfb74_Q2puw,waco
https://www.ubereats.com/waco/food-delivery/burger-king-1500-interstate-35-s/gkaLZVXGSM61jtBso4Q5RA,waco
https://www.ubereats.com/waco/food-delivery/walk-ons-sports-bistreaux-waco/XSQNtqUySyiOjVgRZxYY0A,waco
https://www.ubereats.com/waco/food-delivery/the-catch/N9-n9ICAQHizCrISzWSBbw,waco
https://www.ubereats.com/waco/food-delivery/cafe-homestead/TuV25tZyR7yWE0uROUvFWA,waco
https://www.ubereats.com/waco/food-delivery/burger-king-1210-north-valley-mills-dr/w8MJaUETSnmqkof2xds7LA,waco
https://www.ubereats.com/waco/food-delivery/fazolis-5201-w-waco-drive/rnOqp7l6SYSVKQQh_9R5iw,waco
https://www.ubereats.com/waco/food-delivery/taco-bell-1515-n-valley-mills-drive/X70-DCxkQ5-ywiWzWJwgew,waco
https://www.ubereats.com/waco/food-delivery/ihop-4109-south-jack-kultgen-expressway/ry8VnIQrTM6aXMpyOCcmkA,waco
https://www.ubereats.com/waco/food-delivery/wendys-811-south-5th/sxRKTlm3Qb-AJ92FjK8S8A,waco
https://www.ubereats.com/waco/food-delivery/mod-pizza-waco/ify8jDvNSWGYZ2oJ-57jTA,waco
https://www.ubereats.com/waco/food-delivery/zoes-kitchen-1810-south-valley-mills-drive/Y7ntubpBSTiIqp1spZiPKA,waco
https://www.ubereats.com/waco/food-delivery/subway-4001-n-19th-st/2_R-_k_9QpaIAgh3Yta7zA,waco
https://www.ubereats.com/waco/food-delivery/subway-903-n-ih-35-suite-117/3c2DSqHBR2SNHSd2lw1vxg,waco
https://www.ubereats.com/waco/food-delivery/sonic-drive-in-1400-n-valley-mills-dr/3KE3fj-nS7S6YPq3dinmlw,waco
https://www.ubereats.com/waco/food-delivery/ceviche-del-mar/RqUzTAkRT-K3I1y-O96-7Q,waco
https://www.ubereats.com/waco/food-delivery/chuck-e-cheese-5106-w-waco-dr/iEKWyXrbQoS4QDx0ck1Sxg,waco
https://www.ubereats.com/waco/food-delivery/dairy-queen-200-legacy-dr/Zxwg7eFMRQakB9xqXnu1mg,waco
https://www.ubereats.com/waco/food-delivery/dennys-2409-south-new-road/XdKDOmf_TUGzoO8y4tL3hw,waco
https://www.ubereats.com/waco/food-delivery/firehouse-subs-4215-franklin-ave/DJBNm401TJmcKJe81IVxlg,waco
https://www.ubereats.com/waco/food-delivery/golden-corral-618-n-valley-mills-drive/aaq3ODYHSGqPQ4if5pIhKA,waco
https://www.ubereats.com/waco/food-delivery/pf-changs-5511-crosslake-parkway/20stoTL7Qp2oiRPztH432A,waco
https://www.ubereats.com/waco/food-delivery/mcalisters-deli-514-waco-baylor-tx-1091/a6p_--lSTDKZZTkIWBX5IA,waco
https://www.ubereats.com/waco/food-delivery/tru-jamaica/FiXrlHikSdqOMnwyzLaqfw,waco
https://www.ubereats.com/waco/food-delivery/taqueria-mexicano-grill-%2316/F_EGk0wNQAK0iaiTwzyktQ,waco
https://www.ubereats.com/waco/food-delivery/fazolis-919-s-6th-st/jDooUvyDSyKN_JOTtqt1iA,waco
https://www.ubereats.com/waco/food-delivery/mamaka-bowls/Ygo0kficRqiYZLLAS-Pk0g,waco
https://www.ubereats.com/waco/food-delivery/tru-jamaica-restaraunt/pIJq9WyGRA-Zzu6j1VrnqA,waco
https://www.ubereats.com/waco/food-delivery/chipotle-mexican-grill-721-s-4th-st-ste-100/ThBrv0ESQuaFXR8l0ppyaQ,waco
https://www.ubereats.com/waco/food-delivery/wendys-2724-west-loop-340/u2AaCgO8Ra65bcezi6JJ1Q,waco
https://www.ubereats.com/waco/food-delivery/burger-king-2401-s-new-rd/stSeYSNXSiKbzCqjWOtUfg,waco
https://www.ubereats.com/waco/food-delivery/churchs-chicken-1515-s-valley-mills-drive/A34Pi1PQSqS-7-bXe8yLQA,waco
https://www.ubereats.com/waco/food-delivery/bushs-chicken/QKsyOXJrQryKqnDMOZPZXQ,waco
https://www.ubereats.com/waco/food-delivery/mi-jalisco-grill/OieMMKEuQnurlVRuCqbIwQ,waco
https://www.ubereats.com/waco/food-delivery/brown-house-cafe/A94eDQWeR4uWMd8BVlX3Lw,waco
https://www.ubereats.com/waco/food-delivery/southern-roots-brewing-company/AJEB-QRDTrmDQA4RTfz4HQ,waco
https://www.ubereats.com/waco/food-delivery/mcdonalds-913-hewitt-dr/c7OFo_hdSuCyr64_S6Hymg,waco
https://www.ubereats.com/waco/food-delivery/pj-fresh-8055-south-i-35/jG1Tm1JJRZGoa-CuyWxItA,waco
https://www.ubereats.com/waco/food-delivery/panda-express-2448-west-loop-340/D0aVWsukTbK3QRNjt3I2kg,waco
https://www.ubereats.com/waco/food-delivery/hooties-burger-bar-3921-s-jack-kultgen-freeway/ok6ZXWTGRx2NdeUWwDiv_Q,waco
https://www.ubereats.com/waco/food-delivery/boardwalk-on-elm/PbiDyB_nSqG4z5lZfqF4mw,waco
https://www.ubereats.com/waco/food-delivery/papa-johns-408-a-north-valley-mills-drive/QpbFhk72QCuRcSlIYEu6WQ,waco
https://www.ubereats.com/waco/food-delivery/wendys-1417-hewitt-drive/9BWa9SabToGXeRaFD8ZT5w,waco
https://www.ubereats.com/waco/food-delivery/taco-bueno-waco-%231/M2mtgUGrTje6kTKgE5FY6g,waco
https://www.ubereats.com/waco/food-delivery/mcdonalds-906-s-6th-st/zYBvbrcTSWCuNSgJDr-PRQ,waco
https://www.ubereats.com/waco/food-delivery/subway-600-n-loop-340-ste-c/CNKduZoySzWaeGk2pDi3Lw,waco
https://www.ubereats.com/waco/food-delivery/la-fiesta-restaurant/Zcp-8o3wSh-mAAnvdEH1UQ,waco
https://www.ubereats.com/waco/food-delivery/mama-%26-pappa-bs-bar-b-q/MHl-whcYSMCUWG5jfEq31Q,waco
https://www.ubereats.com/waco/food-delivery/butter-my-biscuit/P123_84KRkGVV9fwUQUF6A,waco
https://www.ubereats.com/waco/food-delivery/pie-peddlers/4NaQbGt_QJ6ibq7jM51hCg,waco
https://www.ubereats.com/waco/food-delivery/fuego-tortilla-grill/wmoEKMWcTZ2EBSHps2ddcA,waco
https://www.ubereats.com/waco/food-delivery/los-cucos-mexican-cafe-waco/nU47loVnTPqwoLOeeZ0M3A,waco
https://www.ubereats.com/waco/food-delivery/chipotle-mexican-grill-1115-n-valley-mills-dr-ste-a/XobV8ouUQmunFK0Nii3Gmw,waco
https://www.ubereats.com/waco/food-delivery/pasquallys-pizza-%26-wings-5106-w-waco-dr/EQCgajcMS0eaazCFr8g4yA,waco
https://www.ubereats.com/waco/food-delivery/kfc-1030-n-valley-mills-road/Jq3hND7XRBuHgebvbNmmYw,waco
https://www.ubereats.com/waco/food-delivery/louisiana-crab-shack-waco/cwaFG1XKSpy98lmCPuyzCg,waco
https://www.ubereats.com/waco/food-delivery/taco-bell-9520-china-springs-road/Tk0sa1krRwu-vuXzWzS2qA,waco
https://www.ubereats.com/waco/food-delivery/long-john-silvers-1801-n-valley-mills-drive/qQDaY7KeQzyMv8fSvwYwnw,waco
https://www.ubereats.com/waco/food-delivery/cotton-patch-cafe-5501-bosque-blvd/9Ib3pk5SSG6SmF8Md3e4Pw,waco
https://www.ubereats.com/waco/food-delivery/churchs-chicken-3903-n-19th/8RkUDO3XSsqYmFffxmc2lQ,waco
https://www.ubereats.com/waco/food-delivery/hat-creek-burger-co-woodway/_raOMLa7TKqhZ6Y3Z_q87g,waco
https://www.ubereats.com/waco/food-delivery/taqueria-el-mexicano-grill/X0uLkCvxTzOCI2CjoJGQ0g,waco
https://www.ubereats.com/waco/food-delivery/burger-king-103-east-loop-340/6cEqj_V5SW-FLdVVXCp_Bw,waco
https://www.ubereats.com/waco/food-delivery/mis-3-santos/qbb3l1XoR6CSSbm-wP6arQ,waco
https://www.ubereats.com/waco/food-delivery/casa-ole-725-north-loop-340/7bfXKfYuTgCPtH2WAMdVRA,waco
https://www.ubereats.com/waco/food-delivery/dunkin-1701-hewitt-dr/Pr3j9blCRYuWRzVec4T8Ag,waco
https://www.ubereats.com/waco/food-delivery/sonic-1515-n-i35/v7RgzBNFTMCjzD425DwDnw,waco
https://www.ubereats.com/waco/food-delivery/jack-in-the-box-5125-bosque-blvd/iSuHffF0TlC-MsSDr0Yp1w,waco
https://www.ubereats.com/waco/food-delivery/dairy-queen-3501-bellmead-dr/UohjCs4tSPijw3T8oEuSnQ,waco
https://www.ubereats.com/waco/food-delivery/double-daves-pizzaworks/QOVQ3q7wQRSUitRtba8--A,waco
https://www.ubereats.com/waco/food-delivery/mijos/PIZBhClVTaaGGqj76xAzUg,waco
https://www.ubereats.com/waco/food-delivery/wendys-1004-north-loop-340/R4-mKWIVRrWg8Ud-Q0nyOQ,waco
https://www.ubereats.com/waco/food-delivery/buffalo-wild-wings-2312-w-loop-340/FGAiAJpcRPaVVW-yJZLz9Q,waco
https://www.ubereats.com/waco/food-delivery/press-waffle-co/fNUk2EBCRI6-w7FwZzm2cw,waco
https://www.ubereats.com/waco/food-delivery/mcalisters-deli-512-waco-hewitt-1065/_Q5UtM4GQLyeVJQ1Z7Im7w,waco
https://www.ubereats.com/waco/food-delivery/stone-hearth-indian-cafe/EkDoxKIGQfCAnKCCD1R53w,waco
https://www.ubereats.com/waco/food-delivery/subway-5530-bosque-blvd/UNZ0cLdwREWDy9EJ85sVew,waco
https://www.ubereats.com/waco/food-delivery/subway-24-la-salle-ave-ste-2b/h5a7XM1XQXS9OBjaJpDKLg,waco
https://www.ubereats.com/waco/food-delivery/taqueria-el-mexicano-grill-%238/jQ98cCJ_QmSE-d4eRh9SuA,waco
https://www.ubereats.com/waco/food-delivery/moroso-pizzeria/c0ygS4h4TJqo9CDX7cbpKQ,waco
https://www.ubereats.com/waco/food-delivery/dairy-queen-4620-w-waco-dr/iyB_M5stTb2rJvUpbo7YEw,waco
https://www.ubereats.com/waco/food-delivery/helados-la-azteca/W0vg9-NrTTW-I4l9h2VsoQ,waco
https://www.ubereats.com/waco/food-delivery/popeyes-louisiana-kitchen-1523-i-35-n/8d6TcvNhSeiGRYsTSc9fOA,waco
https://www.ubereats.com/waco/food-delivery/simply-delicious/gA7RTA-bSxueWmP7nuulAw,waco
https://www.ubereats.com/waco/food-delivery/red-lobster-5925-w-waco-drive/ejKSczaWRuSB7xirOn2gGA,waco
https://www.ubereats.com/waco/food-delivery/christis-hamburgers/jDgNDZlnSBek7TPxRER6rw,waco
https://www.ubereats.com/waco/food-delivery/tropical-smoothie-cafe-922-s-10th-st-suite-200/njqBI6hSRcSsQxC4Ek2w9Q,waco
https://www.ubereats.com/waco/food-delivery/dennys-709-n-i-35/9WJ4MgKvTfCBj3ZcN69moA,waco
https://www.ubereats.com/waco/food-delivery/helados-la-azteca-%232/qMt0BpndRfuvQ2lNzMTGqA,waco
https://www.ubereats.com/waco/food-delivery/u-swirl-frozen-yogurt-100-n-new-rd/WWYswIaiSyGCMj3ERIycuQ,waco
https://www.ubereats.com/waco/food-delivery/bjs-restaurant-%26-brewhouse-5929-west-waco-drive/gu2hsmZrSpqSpN6cfjoxag,waco
https://www.ubereats.com/waco/food-delivery/huaco-eatery/yjbLqpZERMatYhME4HXBEg,waco
https://www.ubereats.com/waco/food-delivery/save-point/6XdXsJoARkyvFmufnYGY9g,waco
https://www.ubereats.com/waco/food-delivery/dairy-queen-1424-new-rd/a564SfpaRwWu5Ioc0CziBg,waco
https://www.ubereats.com/waco/food-delivery/kfc-1133-north-loop-e340/t0Fp19cgQRGPFkbulAoZGw,waco
https://www.ubereats.com/waco/food-delivery/po-boy-place/spOOQrk6S3a98qteIIY0Gw,waco
https://www.ubereats.com/waco/food-delivery/wendys-1015-n-valley-mills-dr/vOqOeibzQM-PPpSaYRobNQ,waco
https://www.ubereats.com/waco/food-delivery/pj-fresh-2409-so-new-road/aek0wHz0SBqT-RIrdOyDtA,waco
https://www.ubereats.com/waco/food-delivery/bake-n-load/JpTFi1x8Soi1989qQZAPdw,waco
https://www.ubereats.com/waco/food-delivery/mcdonalds-3733-n-19th-st/LwKt4mifTtiEeIOtgqtv6g,waco
https://www.ubereats.com/waco/food-delivery/schlotzskys-deli-621-north-valley-mills-drive/HVKS4MjmT5K6fRmq8HywIw,waco
https://www.ubereats.com/waco/food-delivery/schlotzskys-deli-1508-ih-35/tSx4yzu6Q4yKc7S6MrYovw,waco
https://www.ubereats.com/waco/food-delivery/bella-luna-italian-bistro/woaGxS93RTqHvByrzdMR6w,waco
https://www.ubereats.com/waco/food-delivery/panda-express-5401-bosque-blvd-suite-%23100/dXmykutGT_uibxLneOa5LA,waco
https://www.ubereats.com/waco/food-delivery/sonic-drive-in-647-n-robinson-dr/o0Flq0iLR_KTB71gkklWuw,waco
https://www.ubereats.com/waco/food-delivery/kfc-615-n-hewitt-dr-%26-panther-way/e70BjbcwRdeaVxWenQYI-Q,waco
https://www.ubereats.com/waco/food-delivery/waco-farms-salads/RT5oVbYXQcm7veTZmFJq0w,waco
https://www.ubereats.com/waco/food-delivery/saltgrass-5600-legend-lake-pkwy/6hUFsm4VT_mDdFI_neXhQg,waco
