url,city
https://www.ubereats.com/chicago/food-delivery/subway-3014-belvidere-rd/9BNAdPCcRdacoNSuH3oQiA,wadsworth-illinois
https://www.ubereats.com/chicago/food-delivery/sunrise-sandwich-co/zWvb6JXZS1aipnwugq8wxA,wadsworth-illinois
https://www.ubereats.com/chicago/food-delivery/riviera-nayarit/Az8aWgI5RM66nBGP6B7-IA,wadsworth-illinois
https://www.ubereats.com/chicago/food-delivery/eggspress-cafe/p2YfJnrbRwKtHgg3Axql0Q,wadsworth-illinois
https://www.ubereats.com/chicago/food-delivery/ikigai-sushi/i5Ud4MToQhm07qLVHnE1qA,wadsworth-illinois
https://www.ubereats.com/chicago/food-delivery/bonnie-brook-golf-course/v7b08vUQT-e5yea94jtYOA,wadsworth-illinois
https://www.ubereats.com/chicago/food-delivery/potbelly-sandwich-shop-gurnee-west-%7C-99/Yh0du551RNCAWnbJrFHweA,wadsworth-illinois
https://www.ubereats.com/chicago/food-delivery/papa-johns-1321-north-green-bay-road/-HwfZRp9TzmKPrvS4lBZMg,wadsworth-illinois
https://www.ubereats.com/chicago/food-delivery/dunkin-1800-n-lewis-ave/egw9lBGHQQWD0T01BwEORw,wadsworth-illinois
https://www.ubereats.com/chicago/food-delivery/french-toastery/3K5q3LRRTwu-Ajqpgbovmg,wadsworth-illinois
https://www.ubereats.com/chicago/food-delivery/los-perez-breakfast/p4EGTwB6Stq0JJ3aoWm8sg,wadsworth-illinois
https://www.ubereats.com/chicago/food-delivery/wendys-210-east-rollins-road/xgVKN8F8SVyG2xSdFTeQzA,wadsworth-illinois
https://www.ubereats.com/chicago/food-delivery/arbys-776-e-rollins-rd/FMfEbBEkTf60Sh8aKRoPSA,wadsworth-illinois
https://www.ubereats.com/chicago/food-delivery/patty-melt-co/jMOHibA3Ru-rHdO3hqLN1w,wadsworth-illinois
https://www.ubereats.com/chicago/food-delivery/mcdonalds-grand-%26-gurnee-mills/FTL_GlvgTsa-H5Mvxe4__Q,wadsworth-illinois
https://www.ubereats.com/chicago/food-delivery/mimas-pizzeria/Z-VwONPYRbuTodlBURJSQg,wadsworth-illinois
https://www.ubereats.com/chicago/food-delivery/dunkin-3200-w-sand-lake-rd/2vuZZNhpSLeYburpwcPKqw,wadsworth-illinois
https://www.ubereats.com/chicago/food-delivery/big-norms/Bf9sAc_oRdCv635st6OADg,wadsworth-illinois
https://www.ubereats.com/chicago/food-delivery/kfc-2359-sheridan-road/pF2Xap8SS0eoT1rJufexIA,wadsworth-illinois
https://www.ubereats.com/chicago/food-delivery/grilled-cheesin/kmcALrWCSSa8I_nxECYEvg,wadsworth-illinois
https://www.ubereats.com/chicago/food-delivery/taco-bell-2780-belvidere-rd/osLSmI89R_Oxb51NFIeCyg,wadsworth-illinois
https://www.ubereats.com/chicago/food-delivery/starbucks-grand-%26-dillys-gurnee/wiVibl0BRkGA1hTcYKxMBg,wadsworth-illinois
https://www.ubereats.com/chicago/food-delivery/mcalisters-6557-grand-ave/2r3TOkLtTdO5CTcOjMQUAA,wadsworth-illinois
https://www.ubereats.com/chicago/food-delivery/dunkin-3925-fountain-square-place/wk3m5OpBRDeEzmYXUbv2YQ,wadsworth-illinois
https://www.ubereats.com/chicago/food-delivery/french-toastery/C5CW4lfjT5u2F52B9BVTqw,wadsworth-illinois
https://www.ubereats.com/chicago/food-delivery/asian-harbor-antioch/ZP9tgPAKRDSgRr7mE_GJiQ,wadsworth-illinois
https://www.ubereats.com/chicago/food-delivery/jalisco-mexican-restaurant/eQSpyx3rQsaie_uB4Ff0uw,wadsworth-illinois
https://www.ubereats.com/chicago/food-delivery/honey-bays-bbq/QWGrDgpMTVipRXCTElkaCA,wadsworth-illinois
https://www.ubereats.com/chicago/food-delivery/double-d-pizza/3ZS9vjT1SyWTY9EvKwdYnQ,wadsworth-illinois
https://www.ubereats.com/chicago/food-delivery/grayslake-italian-ovens/0NPk73-XTiK1vJyzg8UtpQ,wadsworth-illinois
https://www.ubereats.com/chicago/food-delivery/taco-bell-3200-n-lewis-ave/NdJOu-UrQdyeiugKpBQymQ,wadsworth-illinois
https://www.ubereats.com/chicago/food-delivery/jersey-mikes-subs-6310-grand-ave/fsRQpOVAR3iXLleJyd0jIQ,wadsworth-illinois
https://www.ubereats.com/chicago/food-delivery/juans-chuck-wagon-restaurant/GRox6D7QRsmq-UZlJzr3kA,wadsworth-illinois
https://www.ubereats.com/chicago/food-delivery/the-fogcutter/TWcmMNtsT_ioeBOotVI79Q,wadsworth-illinois
https://www.ubereats.com/chicago/food-delivery/sunrise-sandwich-co/uaqHMYFBSaSut7kThokD0w,wadsworth-illinois
https://www.ubereats.com/chicago/food-delivery/kfc-1504-nations-drive/mIxXj7K3SPCvo3lpxS6S0Q,wadsworth-illinois
https://www.ubereats.com/chicago/food-delivery/tacos-el-norte-gurnee/hhh2wVT_S6uia0Oj7PZ5zQ,wadsworth-illinois
https://www.ubereats.com/chicago/food-delivery/andys-house/mb8XMUOaR7mvWAiQjCRILw,wadsworth-illinois
https://www.ubereats.com/chicago/food-delivery/pupusita-express/eD4Dhko4T7aqIdDQCjHtAA,wadsworth-illinois
https://www.ubereats.com/chicago/food-delivery/starbucks-grand-%26-green-bay-rd-waukegan/3YLfW0VlSEiaz8WbdLGHJA,wadsworth-illinois
https://www.ubereats.com/chicago/food-delivery/dunkin-83-w-belvidere-rd/d4fmIEt4QQOJVqYcjod76Q,wadsworth-illinois
https://www.ubereats.com/chicago/food-delivery/antojitos-guerrero/BEnIpPd1RCizndeOOrMfiw,wadsworth-illinois
https://www.ubereats.com/chicago/food-delivery/dunkin-2101-sheridan-rd/qgBcxCS2QQ6ekOr8wqGUcA,wadsworth-illinois
https://www.ubereats.com/chicago/food-delivery/uptown-burgers/1AMgPQfjRvuXBElZbqADRQ,wadsworth-illinois
https://www.ubereats.com/chicago/food-delivery/el-azteca/b0slWcZ3TRKSUtubXp5-Jw,wadsworth-illinois
https://www.ubereats.com/chicago/food-delivery/patty-melt-co/NzrndjTbQIapTNv251bTyA,wadsworth-illinois
https://www.ubereats.com/chicago/food-delivery/wendys-3101-belvedere/KFGB7P4MQp2aK-eTTIRyfQ,wadsworth-illinois
https://www.ubereats.com/chicago/food-delivery/rosatis-pizza-gurnee/9HZyHdMqQYyD02-it2ejXA,wadsworth-illinois
https://www.ubereats.com/chicago/food-delivery/mcdonalds-skokie-%26-wadsworth/2shSdwS_RiWC27IbiYqL0A,wadsworth-illinois
https://www.ubereats.com/chicago/food-delivery/marcus-theatre-gurnee/JBdNkCWSSFK-zCiqL1tOIQ,wadsworth-illinois
https://www.ubereats.com/chicago/food-delivery/jamba-juice-6170-grand-ave/k7CSI88vT9uKhSdM-vB6KQ,wadsworth-illinois
https://www.ubereats.com/chicago/food-delivery/ihop-2662-belvidere-rd/lWU7BEk2QaSHpm-kauCPbA,wadsworth-illinois
https://www.ubereats.com/chicago/food-delivery/charleys-philly-steaks-gurnee-mills-ii/DUVf_RwzSa2X3S6Lj9Xr7Q,wadsworth-illinois
https://www.ubereats.com/chicago/food-delivery/taco-bell-2081-east-grand-avenue/EzJtiNtBRoaJnJWODdVVgQ,wadsworth-illinois
https://www.ubereats.com/chicago/food-delivery/subway-5350-grand-ave/OaKlDYrTQnWkOivqFlJR3Q,wadsworth-illinois
https://www.ubereats.com/chicago/food-delivery/tgi-fridays-2669-gurnee-il/8YSyG41iSz24zzdT_k8vBw,wadsworth-illinois
https://www.ubereats.com/chicago/food-delivery/buffalo-wild-wings-3961-fountain-square-pl/0NbgxuRFQT-tufibbPpsWw,wadsworth-illinois
https://www.ubereats.com/chicago/food-delivery/subway-1415-lewis-ave/xoSm9KLPTt-Mu0pK_TM5LQ,wadsworth-illinois
https://www.ubereats.com/chicago/food-delivery/subway-4527-il-rt-173/joFAOSAGTkeduv-nAUjS6g,wadsworth-illinois
https://www.ubereats.com/chicago/food-delivery/jesse-oaks/8kbMxotdRvm0yCauBrc9dA,wadsworth-illinois
https://www.ubereats.com/chicago/food-delivery/captain-porkys/RG1QRK6SSfy10OrAxB9TbA,wadsworth-illinois
https://www.ubereats.com/chicago/food-delivery/jersey-mikes-subs-waukegan-%26-lakehurst/sx3OfZ7uQxuhLU7asMJA1w,wadsworth-illinois
https://www.ubereats.com/chicago/food-delivery/papa-johns-1276-north-illinois-route-83/l4isnWuGS32Tf6PGSIU4Rw,wadsworth-illinois
https://www.ubereats.com/chicago/food-delivery/hells-chicken/wMX9RChNQpa5gbMRP2WnZw,wadsworth-illinois
https://www.ubereats.com/chicago/food-delivery/dunkin-21-s-greenbay-rd/k87LPTJDTvGd3dP2O3gltA,wadsworth-illinois
https://www.ubereats.com/chicago/food-delivery/georges-gyros-waukegan/DxbNSKv8SRuZ4M3uyig5KA,wadsworth-illinois
https://www.ubereats.com/chicago/food-delivery/taqueria-los-comales-mcaree-%26-grand/78ih5pq2T1m_F014ZROa7Q,wadsworth-illinois
https://www.ubereats.com/chicago/food-delivery/dunkin-1609-grand-ave/2IzeSmSpSc-s7crUo376EA,wadsworth-illinois
https://www.ubereats.com/chicago/food-delivery/zogos-sports-grill/xNciUsoyTIKpwSmbZSv5QQ,wadsworth-illinois
https://www.ubereats.com/chicago/food-delivery/subway-4000-route-%23173/d7HaPFw2RcadW1xbS9Bn3g,wadsworth-illinois
https://www.ubereats.com/chicago/food-delivery/mcdonalds-sheridan-%26-grand/Pw8u5cZPSq-6J-k3ZcjS-Q,wadsworth-illinois
https://www.ubereats.com/chicago/food-delivery/panda-express-rollins-%26-east-end/R6OwMLtNS7O1H2EEQTt3bA,wadsworth-illinois
https://www.ubereats.com/chicago/food-delivery/qus-place/0ZPrTJ0OTE63Etx5hw2slg,wadsworth-illinois
https://www.ubereats.com/chicago/food-delivery/rockys-bites/244dwW3ZSe6BUjIosgKQiQ,wadsworth-illinois
https://www.ubereats.com/chicago/food-delivery/fatman-pizza-pub/vAkscULSTYiC8Yfbl8m9RA,wadsworth-illinois
https://www.ubereats.com/chicago/food-delivery/emilys-pancake-house-waukegan/-z_Wes_sR3GMNPfu3wwuGw,wadsworth-illinois
https://www.ubereats.com/chicago/food-delivery/burger-king-5300-grand-avenue/EJMrKfloQpu8QEtnLvJSEg,wadsworth-illinois
https://www.ubereats.com/chicago/food-delivery/hells-chicken/bG3mIHyXRC241hKuX7fWTA,wadsworth-illinois
https://www.ubereats.com/chicago/food-delivery/mcdonalds-grand-%26-dilleys/e4GhbWjoREW-gw4IGMzxbA,wadsworth-illinois
https://www.ubereats.com/chicago/food-delivery/emilys-pancake-house-lindenhurst/uRk9S5lMRKiZpCD97CYomQ,wadsworth-illinois
https://www.ubereats.com/chicago/food-delivery/la-poblanita-bakery-inc/fphW6t72TN6aEk_wzDneJw,wadsworth-illinois
https://www.ubereats.com/chicago/food-delivery/burger-king-1510-north-lewis-avenue/fj2bG5qAQ8Kc6JnhnRLsKw,wadsworth-illinois
https://www.ubereats.com/chicago/food-delivery/kristofs-grill/8Be5fLNjQJi8vYCIGJoHmQ,wadsworth-illinois
https://www.ubereats.com/chicago/food-delivery/golosinas-el-encanto/mcY18hapSGeuKeQcVltApQ,wadsworth-illinois
https://www.ubereats.com/chicago/food-delivery/emilys-pancake-house-beach-park/PRD0fV3qSFuvTVAQAe2phg,wadsworth-illinois
https://www.ubereats.com/chicago/food-delivery/ostioneria-briza-azul/EVX7EDuKSDOPy8LMKrecOA,wadsworth-illinois
https://www.ubereats.com/chicago/food-delivery/mama-ks-pizza-%26-grille/N0XGfGRMTl6HiEDDz0H50A,wadsworth-illinois
https://www.ubereats.com/chicago/food-delivery/outback-steakhouse-6210-grand-ave/JCz_BdmdTpGm6q0nKmD3tw,wadsworth-illinois
https://www.ubereats.com/chicago/food-delivery/uhmazing-blts/aIZjWSxzQsu-6AcFCeyDHg,wadsworth-illinois
https://www.ubereats.com/chicago/food-delivery/dunkin-39090-n-us-highway-41-unit-c/lMquokpTTsCn7d4e7cEgeg,wadsworth-illinois
https://www.ubereats.com/chicago/food-delivery/royalthai/48vuGNxQSl-I_0ipunQkbA,wadsworth-illinois
https://www.ubereats.com/chicago/food-delivery/quonset-pizza/4KEnBnBqRWaN7STA3xcezA,wadsworth-illinois
https://www.ubereats.com/chicago/food-delivery/taqueria-guadalajara/ZBPqQLPfS6uNl8SWJvwpow,wadsworth-illinois
https://www.ubereats.com/chicago/food-delivery/foss-park-cuisine/l2vlZ_d-SFe9rB3Tv1RZfQ,wadsworth-illinois
https://www.ubereats.com/chicago/food-delivery/jj-fish-and-chicken/u0RbiyCUTRGkNDAs0ACjgA,wadsworth-illinois
https://www.ubereats.com/chicago/food-delivery/bbq-chicken-waukegan-il/HhnbFl1fTYaKOKcnEMQQwA,wadsworth-illinois
https://www.ubereats.com/chicago/food-delivery/burger-king-2213-sheridan-road/J1XAX5_iTeafRrm92obPNg,wadsworth-illinois
https://www.ubereats.com/chicago/food-delivery/green-town-tavern/iBJuGjdJTgq_CiDL68OOPA,wadsworth-illinois
https://www.ubereats.com/chicago/food-delivery/uptown-burgers/de42msdETJeXL0l-dW2oow,wadsworth-illinois
https://www.ubereats.com/chicago/food-delivery/wing-society/dlqzC20VQO--gukzP1GSwA,wadsworth-illinois
https://www.ubereats.com/chicago/food-delivery/jacks-pizzeria-%26-burgers/y96cGpv0T8mq309w43CBoA,wadsworth-illinois
https://www.ubereats.com/chicago/food-delivery/lucky-penny-lindenhurst/xNreOTt2S4uBLf2Z4Lihdg,wadsworth-illinois
https://www.ubereats.com/chicago/food-delivery/dunkin-34484-n-us-highway-45/v8OllicMTPSwsntEFQ7ZjQ,wadsworth-illinois
https://www.ubereats.com/chicago/food-delivery/subway-5101-washington-st/UkQnk8r9TkOc4-WmkxN7ew,wadsworth-illinois
https://www.ubereats.com/chicago/food-delivery/dennys-grand-%26-hunt-club/rvTF1Yf_QvWvd2F8P8Lghg,wadsworth-illinois
https://www.ubereats.com/chicago/food-delivery/firenza-pizza-lindenhurst/exPGNEgGSIWP_97-hY0e4g,wadsworth-illinois
https://www.ubereats.com/chicago/food-delivery/mcdonalds-sheridan-%26-barnhart/twlGosFtSr2MHUr-1Nd8vg,wadsworth-illinois
https://www.ubereats.com/chicago/food-delivery/the-burger-pit/Vwvk8DVLQESgICs2WG6WRQ,wadsworth-illinois
https://www.ubereats.com/chicago/food-delivery/primo-italian-american-cuisine/ITkCRM4UR_6x_wTxk--7RA,wadsworth-illinois
https://www.ubereats.com/chicago/food-delivery/subway-6590-grand-ave/2_Mx1T08RISgfUbhr_T1KA,wadsworth-illinois
https://www.ubereats.com/chicago/food-delivery/arbys-2539-greenbay-rd/vW6U2jPMS_WO4iGgKFa_aA,wadsworth-illinois
https://www.ubereats.com/chicago/food-delivery/jj-fish-%26-chicken-1327-s-lewis-ave/TzgFQhIbQIqgxJg0iLSwPg,wadsworth-illinois
https://www.ubereats.com/chicago/food-delivery/dennys-16452-w-russell-rd/UqGrg03mSBSvLvgj3O0xJw,wadsworth-illinois
https://www.ubereats.com/chicago/food-delivery/french-toastery/0fO89wgNS9GimnTmesT6ZA,wadsworth-illinois
https://www.ubereats.com/chicago/food-delivery/taqueria-los-comales-rollins-%26-woodridge/nKilhfkCRTyy5ksqhMBLUg,wadsworth-illinois
https://www.ubereats.com/chicago/food-delivery/pepes-waukegan-il/VEqYA55pTSae_8J3X3pjpw,wadsworth-illinois
https://www.ubereats.com/chicago/food-delivery/hooters-northridge-%26-plaza/oFOvhUY3SaiVxe8cBaYyrA,wadsworth-illinois
https://www.ubereats.com/chicago/food-delivery/golden-corral-1455-dilleys-road/V7rJPKsjQLi4uCnt7kyHog,wadsworth-illinois
https://www.ubereats.com/chicago/food-delivery/wing-society/D9PJqnOuSm-Qg4EUVMapyg,wadsworth-illinois
https://www.ubereats.com/chicago/food-delivery/cracker-barrel-old-country-store-5706-northridge-drive/ybO0XR2lT1SJQ2BTTfQI4Q,wadsworth-illinois
https://www.ubereats.com/chicago/food-delivery/potestas-pizza-pasta/gyHWRY_LTTe2A00zVLvDCA,wadsworth-illinois
https://www.ubereats.com/chicago/food-delivery/sarpinos-pizzeria-34484-us-45/skv2DhwaR9yv65yV_xW4aA,wadsworth-illinois
https://www.ubereats.com/chicago/food-delivery/anastasias-restaurant-%26-sports-lounge/KvO8UoFBQwi2wCJpBkMYgw,wadsworth-illinois
https://www.ubereats.com/chicago/food-delivery/grilled-cheesin/X_e0I8xLSmerP9Idu5Qfzw,wadsworth-illinois
https://www.ubereats.com/chicago/food-delivery/china-chef/t5q_VB9iRt2H8ao3CcSlsg,wadsworth-illinois
https://www.ubereats.com/chicago/food-delivery/botanas-bar-%26-grill/kdCXRyGbSQ-HMxRLli0C6g,wadsworth-illinois
https://www.ubereats.com/chicago/food-delivery/grilled-cheesin/OjoD4SdESFyOBRlOSungfQ,wadsworth-illinois
https://www.ubereats.com/chicago/food-delivery/wendys-4150-grove-avenue/Uw_cT-i-Q4uSpHTdDjXlhg,wadsworth-illinois
https://www.ubereats.com/chicago/food-delivery/mcdonalds-sheridan-%26-wadsworth/HSxQdidMRSCnEe4b599Vbg,wadsworth-illinois
https://www.ubereats.com/chicago/food-delivery/dennys-3890-n-point-boulevard/JQ98Q47vQLyG9jQ1lbhP4A,wadsworth-illinois
https://www.ubereats.com/chicago/food-delivery/ajua-mexican-restaurant/rFjjweJWRaCG-tQOFxp0xg,wadsworth-illinois
https://www.ubereats.com/chicago/food-delivery/chuck-e-cheese-1512-nations-drive/WY4vLHH8RuOHfs1JwtHnuQ,wadsworth-illinois
https://www.ubereats.com/chicago/food-delivery/arbys-1874-belvidere-rd/45TEk6XoTOiRPsxdLSKHAQ,wadsworth-illinois
https://www.ubereats.com/chicago/food-delivery/dunkin-5414-grand-ave/_t9DYeH-RjqDgfw5WDGXPA,wadsworth-illinois
https://www.ubereats.com/chicago/food-delivery/kobies-hot-dogs-%26-pizzeria/fZb_91_xSZuTC-SsisK75g,wadsworth-illinois
https://www.ubereats.com/chicago/food-delivery/jersey-mikes-536-e-rollins-rd/MErj4rbXTayT7X8YJOJlOg,wadsworth-illinois
https://www.ubereats.com/chicago/food-delivery/leos-chicago-grill-gurnee/a7XsNhQWQpeSK4qg3qT6Pg,wadsworth-illinois
https://www.ubereats.com/chicago/food-delivery/dunkin-350-n-hunt-club-rd/4pd1E6X7QNW-uRMt9dzNEg,wadsworth-illinois
https://www.ubereats.com/chicago/food-delivery/mcdonalds-belvidere-%26-knight/Eo0yItJcQtKzNYlgy_eq7A,wadsworth-illinois
https://www.ubereats.com/chicago/food-delivery/red-lobster-6230-grand-ave/lEi_SZ20SbqVi415B5aL6w,wadsworth-illinois
https://www.ubereats.com/chicago/food-delivery/bakers-square-6340-grand-avenue/sxyLa6qMTNWLIPDdG1hlCQ,wadsworth-illinois
https://www.ubereats.com/chicago/food-delivery/caribana/yNuV-KVqTLmm7K4qgORU_Q,wadsworth-illinois
https://www.ubereats.com/chicago/food-delivery/steak-n-shake-6070-gurnee-mills-circle-e/M-v62OARSMCVszcC30XDAg,wadsworth-illinois
https://www.ubereats.com/chicago/food-delivery/wendys-6585-grand-ave/B1A5OVRbSVmQ8IIeMtuMdQ,wadsworth-illinois
https://www.ubereats.com/chicago/food-delivery/lucky-penny-third-lake/HyK0PMb-RqWo__0FZYA_iA,wadsworth-illinois
https://www.ubereats.com/chicago/food-delivery/buffalo-wild-wings-6130-route-132/wCD-1TpjTpa3BX7vQr5EtA,wadsworth-illinois
https://www.ubereats.com/chicago/food-delivery/the-authentic-cheese-bread-co/kHrZqQiMTKOPDDSMHsVYuA,wadsworth-illinois
https://www.ubereats.com/chicago/food-delivery/popeyes-1300-n-lewis-ave/IISzqYoISmCD5w0i1K3ouQ,wadsworth-illinois
https://www.ubereats.com/chicago/food-delivery/la-michoacana-special/hT79fug8Qf6g3gf6DaKbkQ,wadsworth-illinois
https://www.ubereats.com/chicago/food-delivery/main-street-social/LC4QGKQdQrGDUCtcXFGlhw,wadsworth-illinois
https://www.ubereats.com/chicago/food-delivery/timothy-otooles-pub-lake-villa/H84PKdJQRE2iP96A6m3CHQ,wadsworth-illinois
https://www.ubereats.com/chicago/food-delivery/white-castle-6290-grand-ave/g93aNHe2SJ6xZ03V_qBF6w,wadsworth-illinois
https://www.ubereats.com/chicago/food-delivery/grilled-cheesin/A1Z0Y560TWqObKIs4kzdVQ,wadsworth-illinois
https://www.ubereats.com/chicago/food-delivery/aha-sushi/VmD3tbRATs-THSkHlzRidQ,wadsworth-illinois
https://www.ubereats.com/chicago/food-delivery/la-casa-de-samuel/oZdoX8eeRPmF7UkpuoZ69w,wadsworth-illinois
https://www.ubereats.com/chicago/food-delivery/dunkin-369-e-rollins-rd/mS2SsE47TmqGR6eq2fwhAQ,wadsworth-illinois
https://www.ubereats.com/chicago/food-delivery/hells-chicken/lXWSNfRFQJyCpjrCYAXsVw,wadsworth-illinois
https://www.ubereats.com/chicago/food-delivery/port-of-peri-peri/kozXIjneRFOVA_MX7lfDdQ,wadsworth-illinois
https://www.ubereats.com/chicago/food-delivery/dunkin-442-orchard-st/SApkOrf0QA60v2GHJvoxPg,wadsworth-illinois
https://www.ubereats.com/chicago/food-delivery/uptown-burgers/Wg4CNgEOSamL98QQEkcK_g,wadsworth-illinois
https://www.ubereats.com/chicago/food-delivery/sbarro-6170-w-grand-ave-%23721/Er8iuN59SCu6Q7CM5rQ60g,wadsworth-illinois
https://www.ubereats.com/chicago/food-delivery/grande-jakes-fresh-mexican-grill-lindenhurst/_O_VRLSDSXu8RTO4ehZAMQ,wadsworth-illinois
https://www.ubereats.com/chicago/food-delivery/da-das-soul/pDsKihq1RmmwhEybsGk00g,wadsworth-illinois
https://www.ubereats.com/chicago/food-delivery/the-armory-pizzeria-%26-grill/SkTs8IurQSS_re_EU69DDQ,wadsworth-illinois
https://www.ubereats.com/chicago/food-delivery/sunrise-sandwich-co/z61AeMH2TBqCzA_9hA7d8Q,wadsworth-illinois
https://www.ubereats.com/chicago/food-delivery/jjs-fish-%26-chicken-4200-illinois-173/BX60fMw5TbeWRsTSh7bnrQ,wadsworth-illinois
https://www.ubereats.com/chicago/food-delivery/uhmazing-blts/bWgr9kw1RJeFDHBY8YhvkA,wadsworth-illinois
https://www.ubereats.com/chicago/food-delivery/wendys-370-s-us-highway-45/CIthlp8sTXqrx1u0C8TMGA,wadsworth-illinois
https://www.ubereats.com/chicago/food-delivery/dunkin-422-washington-st/5g8eVR6XR3a16oFNZZQK1w,wadsworth-illinois
https://www.ubereats.com/chicago/food-delivery/chipotle-mexican-grill-6040-gurnee-mills-cir-e/TF1zGBOkQ9-vOPD9UG20Nw,wadsworth-illinois
https://www.ubereats.com/chicago/food-delivery/pasquallys-pizza-%26-wings-1512-nations-drive/FNkoV55iS4GIV7V6VnBRvQ,wadsworth-illinois
https://www.ubereats.com/chicago/food-delivery/taco-bell-6360-grand-ave/1qU_TthZRA6nwnfj31F38Q,wadsworth-illinois
https://www.ubereats.com/chicago/food-delivery/burger-king-3125-north-lewis/V6u_PZX2RWq2Vt9vYvBQMQ,wadsworth-illinois
https://www.ubereats.com/chicago/food-delivery/burger-king-850-north-green-bay-avenue/a5VD0WxZRF6L8jqde8EHtA,wadsworth-illinois
https://www.ubereats.com/chicago/food-delivery/julias-pizzeria-%26-restaurant/iMdB3v23QfiH-HlyMWputQ,wadsworth-illinois
https://www.ubereats.com/chicago/food-delivery/chicago-woodfire-pizza-co/UQo4rMpURHG6SAqL8KWaOA,wadsworth-illinois
https://www.ubereats.com/chicago/food-delivery/timothy-otooles-pub-gurnee/8Uqrl5UlSuKEvAuXqW9FuA,wadsworth-illinois
https://www.ubereats.com/chicago/food-delivery/mod-pizza-waukegan/nOaJBpBNTUSKLtpLVnxEjQ,wadsworth-illinois
https://www.ubereats.com/chicago/food-delivery/cold-stone-creamery-7105-grand-ave/iKuT_VYrRbyPf6IyVzwEYw,wadsworth-illinois
https://www.ubereats.com/chicago/food-delivery/arbys-501-east-route-173/nwb21GpgQWyZaez0yuTkxA,wadsworth-illinois
https://www.ubereats.com/chicago/food-delivery/dunkin-4551-illinois-route-173-unit-b/xjYNUGyMQX-uYlaWTxlA5A,wadsworth-illinois
https://www.ubereats.com/chicago/food-delivery/rockys-pizzeria-waukegan/kZCRPMthQoKmxeDiB-Ufig,wadsworth-illinois
https://www.ubereats.com/chicago/food-delivery/patty-melt-co/-X1W3BXjSwmhf1fj_3n86g,wadsworth-illinois
https://www.ubereats.com/chicago/food-delivery/himalayan-restaurant-gurnee/9-mHTYyIRcytcnuplYtSLw,wadsworth-illinois
https://www.ubereats.com/chicago/food-delivery/buffalo-wild-wings-500-e-rollins-rd/IJ5nCaU4ScOS05KSkmzAMQ,wadsworth-illinois
https://www.ubereats.com/chicago/food-delivery/chipotle-mexican-grill-1936-il-route-83/sDZq-P-eQ1qIFSkrgochrg,wadsworth-illinois
https://www.ubereats.com/chicago/food-delivery/starbucks-waukegan-%26-lakehurst-waukegan/MmzQNl4EQlK16mbuodZnpA,wadsworth-illinois
https://www.ubereats.com/chicago/food-delivery/hunan-hibachi-buffet/Wg1jQNsPQkGvphBlIscgGg,wadsworth-illinois
https://www.ubereats.com/chicago/food-delivery/panda-express-7105-grand-ave/oLruQPI-RS2as4Pr-ZAnYA,wadsworth-illinois
https://www.ubereats.com/chicago/food-delivery/chipotle-mexican-grill-940-s-waukegan-rd/QEVdyPa6R8-OBHutiLH1IA,wadsworth-illinois
https://www.ubereats.com/chicago/food-delivery/shawarma-king-%231/57MSfhSfQ6inBcPmXk61LQ,wadsworth-illinois
https://www.ubereats.com/chicago/food-delivery/kfc-1400-n-lewis-ave/LJq0InD0S0GvE0J_ThF8Zg,wadsworth-illinois
https://www.ubereats.com/chicago/food-delivery/17-north-bar-%26-grill/YES9xfirQjSaTfJQXQhzig,wadsworth-illinois
https://www.ubereats.com/chicago/food-delivery/wing-society/XNP4hue-Rpq3Dsn_CtXnBw,wadsworth-illinois
https://www.ubereats.com/chicago/food-delivery/mr-gs/22_js8DkTdauOR4Uwx-xbg,wadsworth-illinois
https://www.ubereats.com/chicago/food-delivery/mod-pizza-gurnee/-0PBd5zYSo2TeMEITukNag,wadsworth-illinois
https://www.ubereats.com/chicago/food-delivery/mcdonalds-delany-%26-skokie/dSKO_5trTW23zlPLt8EBKA,wadsworth-illinois
https://www.ubereats.com/chicago/food-delivery/red-robin-518-6420-grand-ave/lrSGYDSYRqOArpvpF43Yyw,wadsworth-illinois
https://www.ubereats.com/chicago/food-delivery/georges-gyros/zX5XulfKTp-S9NNOQ6vL-w,wadsworth-illinois
https://www.ubereats.com/chicago/food-delivery/portillos-hot-dogs-6102-w-grand-avenue/phn8uJP-SdG9T-e8V4xJhQ,wadsworth-illinois
https://www.ubereats.com/chicago/food-delivery/jojos-bar-%26-grill/sRC6DfN9SUiGB_1uKO-Ryw,wadsworth-illinois
https://www.ubereats.com/chicago/food-delivery/mcdonalds-grand-%26-green-bay/rQCugr4sSQufN4cYDdkL9g,wadsworth-illinois
https://www.ubereats.com/chicago/food-delivery/dunkin-16145-w-highway-173/4eElOhLcRIyLSaKrqF7zhA,wadsworth-illinois
https://www.ubereats.com/chicago/food-delivery/taco-bell-1913-sheridan-rd/5DebFLvXQvyAZPaq4X2ZYQ,wadsworth-illinois
https://www.ubereats.com/chicago/food-delivery/five-guys-il-0526-6310-grand-ave/b0Q0TrlxSYqZG6At1hzXGw,wadsworth-illinois
https://www.ubereats.com/chicago/food-delivery/bada-bing-beef-co/jYDKSID7QSueMJVPEuJxlA,wadsworth-illinois
https://www.ubereats.com/chicago/food-delivery/dunkin-2900-belvidere-rd/bSori5ZuSPqtO5oeYvxF8g,wadsworth-illinois
https://www.ubereats.com/chicago/food-delivery/honey-baked-ham-co-%26-cafe-grand-ave/Xfx5B0r6TCWns9uv1A5dnw,wadsworth-illinois
https://www.ubereats.com/chicago/food-delivery/bills-pizza-%26-pub-north/umOdiJsiT-q7yYXsBhruSQ,wadsworth-illinois
https://www.ubereats.com/chicago/food-delivery/the-latte-cafe-%26-bakery/AvY5ryENSfyzjqXFyDoeFQ,wadsworth-illinois
https://www.ubereats.com/chicago/food-delivery/the-taproom/Q7QF_SviSSOZPBlKH6n9AA,wadsworth-illinois
https://www.ubereats.com/chicago/food-delivery/uhmazing-blts/ZdmWRS1tQIW7L2N_65uwmg,wadsworth-illinois
https://www.ubereats.com/chicago/food-delivery/gojos-cafe-%26-pancake-house/8H5owm_rSr6EdP6eEI6g5w,wadsworth-illinois
https://www.ubereats.com/chicago/food-delivery/starbucks-7105-grand-ave-gurnee/PUWjcKIQRreq1FoRrVEfpw,wadsworth-illinois
https://www.ubereats.com/chicago/food-delivery/biryani-pointe/XwxWslfcTFeF9ScUjayVIw,wadsworth-illinois
https://www.ubereats.com/chicago/food-delivery/mcdonalds-lewis-%26-sunset/krlQyXU1Q7-Lt5cpXTjBCQ,wadsworth-illinois
