url,city
https://www.ubereats.com/new-jersey/food-delivery/johns-bagels-montvale/yAQUVEZrRFubrYPfo0mTvQ,waldwick-new-jersey
https://www.ubereats.com/new-jersey/food-delivery/nonnas-pizza-%26-ristorante/ZCbnP9XeRv-Kzbo-KwOunA,waldwick-new-jersey
https://www.ubereats.com/new-jersey/food-delivery/prapaisri-thai-cuisine/9327OuexQ8a3IWAJTeW6nA,waldwick-new-jersey
https://www.ubereats.com/new-jersey/food-delivery/manhattan-burger-co/ciE2IOR0RaeEHoQflJqo3w,waldwick-new-jersey
https://www.ubereats.com/new-jersey/food-delivery/dosa-and-biryani-house/Wp0u3jyCRhO6G3YOzDg5EQ,waldwick-new-jersey
https://www.ubereats.com/new-jersey/food-delivery/cuban-eddies-morlot-ave/aHLk_IOpTcOff5Q4LJutGg,waldwick-new-jersey
https://www.ubereats.com/new-jersey/food-delivery/baumgarts-cafe-ridgewood/Pbuml-dkS3qHUHeS5Se0NQ,waldwick-new-jersey
https://www.ubereats.com/new-jersey/food-delivery/johns-famous-bagels-woodcliff/1pmV8C47SqKupj9OWWl4Zg,waldwick-new-jersey
https://www.ubereats.com/new-jersey/food-delivery/peshawri-grill/qEFaEbDPRuSksk_CloNjlQ,waldwick-new-jersey
https://www.ubereats.com/new-jersey/food-delivery/outback-steakhouse-194-north-route-17/6XBcT6_HSQ-34eTiDaa36w,waldwick-new-jersey
https://www.ubereats.com/new-jersey/food-delivery/china-king/AL0MfiBRSeG2LCeupWmcmQ,waldwick-new-jersey
https://www.ubereats.com/new-jersey/food-delivery/orange-leaf-frozen-yogurt-171-e-ridgewood-avenue/17k2DN9eR-OIUSKhfagOrw,waldwick-new-jersey
https://www.ubereats.com/new-jersey/food-delivery/eons-greek-food-for-life/x1UdztucQAGBpBR2_aH0Pw,waldwick-new-jersey
https://www.ubereats.com/new-jersey/food-delivery/hawthorne-covenience-store/SigDv5l7Tvip83inq2cvaw,waldwick-new-jersey
https://www.ubereats.com/new-jersey/food-delivery/burger-king-385-route-17-north/EMq1XbeSTMGZim8KhJ_nEg,waldwick-new-jersey
https://www.ubereats.com/new-jersey/food-delivery/dunkin-386-franklin-ave/tKzPOf6vREyzZaH6wKehcQ,waldwick-new-jersey
https://www.ubereats.com/new-jersey/food-delivery/3-monkeys-restaurant/93RZPm0hRjqj4vb50drEcg,waldwick-new-jersey
https://www.ubereats.com/new-jersey/food-delivery/lotitos-deli-and-bakery/3dbEaCtMTmG4djJi4A5ryA,waldwick-new-jersey
https://www.ubereats.com/new-jersey/food-delivery/johnny-rollhouse-sushi/DE4fkrrCQSyXSFEkUh4HAg,waldwick-new-jersey
https://www.ubereats.com/new-jersey/food-delivery/gery-deli/mK3ERVyxRHeaWurPVF5a0Q,waldwick-new-jersey
https://www.ubereats.com/new-jersey/food-delivery/dunkin-669-route-17-south/bRlps5Q0R7ik3KOyCGMs-A,waldwick-new-jersey
https://www.ubereats.com/new-jersey/food-delivery/poppys-bagels-pizza-and-tcby/ZCDvyoVpTQaaUha_PhAuew,waldwick-new-jersey
https://www.ubereats.com/new-jersey/food-delivery/aunt-delis-cafe-deli-eats-%26-treats/-7Tej46aT9OnCTTYg4g9zQ,waldwick-new-jersey
https://www.ubereats.com/new-jersey/food-delivery/148-applebees-hackensack/D6xYFSqVTPeqz892OiafLw,waldwick-new-jersey
https://www.ubereats.com/new-jersey/food-delivery/kumo-japanese-cuisine/kka55U8PRt2t15V1kovXKQ,waldwick-new-jersey
https://www.ubereats.com/new-jersey/food-delivery/on-the-border-paramus/4fB9AsHjQ16h1MjuDuG8ZQ,waldwick-new-jersey
https://www.ubereats.com/new-jersey/food-delivery/maguro-sushi-house/i0WFlIHdQTWjSNs2mBOviQ,waldwick-new-jersey
https://www.ubereats.com/new-jersey/food-delivery/five-guys-nj-1503-1300-rt-17-n/8wut-5kCRjCVstz402s9GQ,waldwick-new-jersey
https://www.ubereats.com/new-jersey/food-delivery/naru-sushi-hibachi/cq6Y1dHxSEa1IJfudYzeXA,waldwick-new-jersey
https://www.ubereats.com/new-jersey/food-delivery/dunkin-184-kinderkamack-rd-unit-d/s0mXPYqBTQy3wFV27mkD6A,waldwick-new-jersey
https://www.ubereats.com/new-jersey/food-delivery/mr-moos-ice-cream-cafe-ridgewood-nj/SqJbJenpTvaNdtBRfpy9BA,waldwick-new-jersey
https://www.ubereats.com/new-jersey/food-delivery/dunkin-636-westwood-ave/LNMps51rQsqwMs_F3eSa5Q,waldwick-new-jersey
https://www.ubereats.com/new-jersey/food-delivery/starbucks-midland-park-shopping-center/hdcdJEjsRZWqtRF0M7Rb3g,waldwick-new-jersey
https://www.ubereats.com/new-jersey/food-delivery/superjuice-nation/VZyFX1eYQ4eb_QEzzgKdJg,waldwick-new-jersey
https://www.ubereats.com/new-jersey/food-delivery/market-eatery-badaya/Ngt6mmt3SzWx4uQVFCCXCQ,waldwick-new-jersey
https://www.ubereats.com/new-jersey/food-delivery/land-%26-sea-diner/K12gye8yTrOA0QsXTTd1MA,waldwick-new-jersey
https://www.ubereats.com/new-jersey/food-delivery/lilis-bistro/Yjc_9IQFSBmuIRRTB7XLfQ,waldwick-new-jersey
https://www.ubereats.com/new-jersey/food-delivery/roses-place/aC8dfPhtSRCWzpodFbzrOA,waldwick-new-jersey
https://www.ubereats.com/new-jersey/food-delivery/blended-bowls/HoXPmoTfQImpzbDUHqFZNQ,waldwick-new-jersey
https://www.ubereats.com/new-jersey/food-delivery/chapala-grill/S7KyxWfGRRu_UidO3ra_Jw,waldwick-new-jersey
https://www.ubereats.com/new-jersey/food-delivery/m%26m-bagels-and-cafe/hd_1aHQkS_i9fgFRg5XlvQ,waldwick-new-jersey
https://www.ubereats.com/new-jersey/food-delivery/dunkin-441-old-hook-rd/Jgvp5fAeSv-UizXPYQCdfA,waldwick-new-jersey
https://www.ubereats.com/new-jersey/food-delivery/burger-king-259-franklin-turnpike/xNqJ9gFFReaAleMqK4Q7KQ,waldwick-new-jersey
https://www.ubereats.com/new-jersey/food-delivery/everything-bagel/01MeE_FFTiOr73p1PZXfTw,waldwick-new-jersey
https://www.ubereats.com/new-jersey/food-delivery/wendys-1358-route-17-north/i6qHi9dzSLCq63JfLMbUSQ,waldwick-new-jersey
https://www.ubereats.com/new-jersey/food-delivery/mcdonalds-846-rt-17-n/G7VhKS1lS6mAIZvk3RbjSg,waldwick-new-jersey
https://www.ubereats.com/new-jersey/food-delivery/primohoagies-320-ridge-road/HaXzT8akThOLwmyO-GSHcQ,waldwick-new-jersey
https://www.ubereats.com/new-jersey/food-delivery/tabla-fine-dine-indian/UPmJxTjrROewihQt4oIBVA,waldwick-new-jersey
https://www.ubereats.com/new-jersey/food-delivery/jersey-mikes-subs-rochelle-park/i-_hF59HRnCa0clEn_Fu7w,waldwick-new-jersey
https://www.ubereats.com/new-jersey/food-delivery/superjuice-nation/Ivjmc_-2Rqml9Q_EcDEEDA,waldwick-new-jersey
https://www.ubereats.com/new-jersey/food-delivery/marco-polo-chinese-restaurant/mM268sgXSJCQKqdZbYnrXQ,waldwick-new-jersey
https://www.ubereats.com/new-jersey/food-delivery/allendale-corner-cafe/OoCqylckSrq27lPzCHReZQ,waldwick-new-jersey
https://www.ubereats.com/new-jersey/food-delivery/9154-bonefish-grill-601-from-road/66qoX6xyTlOdsb1fnqCCog,waldwick-new-jersey
https://www.ubereats.com/new-jersey/food-delivery/pelicana-chicken-dumont/rQ9JNc0IQ5qsbiunA1dvTg,waldwick-new-jersey
https://www.ubereats.com/new-jersey/food-delivery/cold-stone-creamery-441-broadway/LlYxQic1T9OHQEOprBK76w,waldwick-new-jersey
https://www.ubereats.com/new-jersey/food-delivery/wild-%26-hearty-samba-bowls/TmNqEIwaSsiU8uHp4j6I7w,waldwick-new-jersey
https://www.ubereats.com/new-jersey/food-delivery/kfc-saddle-brook/qG1mIZNAQLilbrOpQTqyBg,waldwick-new-jersey
https://www.ubereats.com/new-jersey/food-delivery/mr-cupcakes-hawthorne/KlH-kGHsQfWSS8EIOVaSLw,waldwick-new-jersey
https://www.ubereats.com/new-jersey/food-delivery/red-lobster-211-route-17-s/2ZIcvAbATDGb3uRJE9k9LA,waldwick-new-jersey
https://www.ubereats.com/new-jersey/food-delivery/macmurphys-godwin-ave/ePiaxEdlS--Q5L20E5t_aA,waldwick-new-jersey
https://www.ubereats.com/new-jersey/food-delivery/dunkin-29-e-prospect-st/N_D2mbNVTLWaubI6BXWieg,waldwick-new-jersey
https://www.ubereats.com/new-jersey/food-delivery/lets-meat-stekhouse/7iq8yQqpQa2hkwTetkJGug,waldwick-new-jersey
https://www.ubereats.com/new-jersey/food-delivery/the-fireplace/y7hq8LFCTt6ulM-K1b2pGA,waldwick-new-jersey
https://www.ubereats.com/new-jersey/food-delivery/dunkin-886-prospect-st/U2-q-IInSiOg6c1kCuQTUw,waldwick-new-jersey
https://www.ubereats.com/new-jersey/food-delivery/houlihans-ramsey/K5_1_by2RQOdsUwQif8I2A,waldwick-new-jersey
https://www.ubereats.com/new-jersey/food-delivery/hispana-restaurant/Kl6fJHuQQxG_o60xdhaK9w,waldwick-new-jersey
https://www.ubereats.com/new-jersey/food-delivery/bop-n-sushi/z24R9GlxQVCysqFqnq40hA,waldwick-new-jersey
https://www.ubereats.com/new-jersey/food-delivery/lisas-mediterranean-cuisine/0--dCx2qSse9AlXHD_iONw,waldwick-new-jersey
https://www.ubereats.com/new-jersey/food-delivery/hot-bagelsa-franklin/fqp2KFA3T9Gk9020WSD8Uw,waldwick-new-jersey
https://www.ubereats.com/new-jersey/food-delivery/the-rail-yard-tavern/cYJipr6RRpWv5k9WZ5MfFw,waldwick-new-jersey
https://www.ubereats.com/new-jersey/food-delivery/eons-greek-food-for-life-montvale/uCApu5HbQzGARQuXJ-Pv9A,waldwick-new-jersey
https://www.ubereats.com/new-jersey/food-delivery/tom-sawyer-diner/MA1MZBniSaSIMmOSO-Uidg,waldwick-new-jersey
https://www.ubereats.com/new-jersey/food-delivery/wendys-657-n-route-17/o8je-YE_ShySKKk9m33iEg,waldwick-new-jersey
https://www.ubereats.com/new-jersey/food-delivery/the-office-tavern-grill-ridgewood/22IpzqoqSRe7-XFgr1Mckg,waldwick-new-jersey
https://www.ubereats.com/new-jersey/food-delivery/johnny-%26-hanges/7H5EN6BERGaCsaoC9N_e6Q,waldwick-new-jersey
https://www.ubereats.com/new-jersey/food-delivery/mikes-delicatessen/Uvf6SOSaTZiyPcgvkzT1DA,waldwick-new-jersey
https://www.ubereats.com/new-jersey/food-delivery/taka-japanese/elUjPGBfSqiya8c77XQUDQ,waldwick-new-jersey
https://www.ubereats.com/new-jersey/food-delivery/502-shannon-rose-ramsey-1200-route-17n/rgq9KZsJSqSmgEDrvjAL0A,waldwick-new-jersey
https://www.ubereats.com/new-jersey/food-delivery/pappys-juice-bar/IkCLdopBQieZD6sW3p6zjA,waldwick-new-jersey
https://www.ubereats.com/new-jersey/food-delivery/delicias-peruanas/AByLWTKfS6yO_WpGRbPgag,waldwick-new-jersey
https://www.ubereats.com/new-jersey/food-delivery/oceanos-restaurant/59b5jkEhQTSyaq8NNBOvRg,waldwick-new-jersey
https://www.ubereats.com/new-jersey/food-delivery/amano-restaurant/cC98kI7uQricuVsIIagzuQ,waldwick-new-jersey
https://www.ubereats.com/new-jersey/food-delivery/delhi-accent%3A-innovative-indian-dining-by-khyber-grill-caterers/fsQ7IvxnRECqreKDjLzKlg,waldwick-new-jersey
https://www.ubereats.com/new-jersey/food-delivery/dunkin-233-n-franklin-turnpike/TUPZpcIiQW6_tNQZ-qWevA,waldwick-new-jersey
https://www.ubereats.com/new-jersey/food-delivery/jersey-mikes-305-e-ridgewood-ave/ZYc6-rfGRp2mgRVZE1T8mA,waldwick-new-jersey
https://www.ubereats.com/new-jersey/food-delivery/nirvana-indian-kitchen/MYIrl7BFSlGpD9TjsMFRnA,waldwick-new-jersey
https://www.ubereats.com/new-jersey/food-delivery/raymonds-ridgewood/biK56cQiTM-fn1vjGlew5g,waldwick-new-jersey
https://www.ubereats.com/new-jersey/food-delivery/bagel-os/kaIoSNVtTKK85aCX9U0aLg,waldwick-new-jersey
https://www.ubereats.com/new-jersey/food-delivery/shumi-japanese-cuisine/sJlz7BJ_QIakenhnO_QVtQ,waldwick-new-jersey
https://www.ubereats.com/new-jersey/food-delivery/the-iron-horse/PEEyAQVTQQy8uoMUH3buXQ,waldwick-new-jersey
https://www.ubereats.com/new-jersey/food-delivery/two-guys-pizza-%26-grill/gRJ_bSaBRISw8ks7Mm64-w,waldwick-new-jersey
https://www.ubereats.com/new-jersey/food-delivery/majestic-diner/a0ZZwOazTT2t_ZgBVo74Pg,waldwick-new-jersey
https://www.ubereats.com/new-jersey/food-delivery/paramus-food-center/hO0Vo8gHQzeTGk3IAql9Ug,waldwick-new-jersey
https://www.ubereats.com/new-jersey/food-delivery/playa-bowls-franklin-lakes/py_VzK_EQIGEkdSTtwdNXw,waldwick-new-jersey
https://www.ubereats.com/new-jersey/food-delivery/dunkin-657-franklin-turnpike/nXLV0j2VSg-APvJp3tVqdA,waldwick-new-jersey
https://www.ubereats.com/new-jersey/food-delivery/first-watch-38-farm-view/LeTmc9rGTQGH2Z128yi_nw,waldwick-new-jersey
https://www.ubereats.com/new-jersey/food-delivery/dunkin-130-kinderkamack-rd/jiIAtIWtSCywgAILeYfYZg,waldwick-new-jersey
https://www.ubereats.com/new-jersey/food-delivery/little-italy-%40-grand-and-essex-market/Wz7PcH3pTZ2OMVv-imgWLA,waldwick-new-jersey
https://www.ubereats.com/new-jersey/food-delivery/tutti-amici/rnnf2a_MSAa0Is7VAe7_Sw,waldwick-new-jersey
https://www.ubereats.com/new-jersey/food-delivery/bareburger-15-e-ridgewood-ave/0mRck9zZSYK8KnqGsMhSxw,waldwick-new-jersey
https://www.ubereats.com/new-jersey/food-delivery/mangiamo-restaurant-%26-pizza/Ivdysi6RRCOwBUrhnLABiw,waldwick-new-jersey
https://www.ubereats.com/new-jersey/food-delivery/off-the-rails/Mz6cz5GqSOqA1VmOj0cAuQ,waldwick-new-jersey
https://www.ubereats.com/new-jersey/food-delivery/taco-bell-27-s-kinderkamack-rd/fjRlney8Qrel7knZAgDrOw,waldwick-new-jersey
https://www.ubereats.com/new-jersey/food-delivery/dunkin-525-cedar-hill-ave/JHroyAUTQeelAuygncr2Og,waldwick-new-jersey
https://www.ubereats.com/new-jersey/food-delivery/stone-%26-rail/uY1MrqfJQbSGtQOavJzWnw,waldwick-new-jersey
https://www.ubereats.com/new-jersey/food-delivery/zais-dessertery-inc/t6VSHINZQ1-ttdKEOKoX8w,waldwick-new-jersey
https://www.ubereats.com/new-jersey/food-delivery/the-ridge-diner/HXFyNMIkQnCHYwbTysby-w,waldwick-new-jersey
https://www.ubereats.com/new-jersey/food-delivery/dunkin-84-goffle-rd/FQXXx-00QSaddKwIp_j8Cg,waldwick-new-jersey
https://www.ubereats.com/new-jersey/food-delivery/carvel-116-e-main-street/rNRJeHN6QzWxa7BxxdPu3A,waldwick-new-jersey
https://www.ubereats.com/new-jersey/food-delivery/starbucks-westwood-avenue/WJr1qbsCSdWU0pN34kne6Q,waldwick-new-jersey
https://www.ubereats.com/new-jersey/food-delivery/farmhouse-cafe-and-eatery-westwood/2HsrfxNgRViV58cZ5_zgjw,waldwick-new-jersey
https://www.ubereats.com/new-jersey/food-delivery/gotham-city-diner/imGJIaWnT-auopv2CU9POw,waldwick-new-jersey
https://www.ubereats.com/new-jersey/food-delivery/starbucks-ramsey-train-station/LLWUgMEATh6ISPwilyEU_w,waldwick-new-jersey
https://www.ubereats.com/new-jersey/food-delivery/dunkin-12-18-river-rd/oNDLg54JQOmLbAoRQXBGrg,waldwick-new-jersey
https://www.ubereats.com/new-jersey/food-delivery/organic-tofu-house/h9pB_3_MS-aatGgZY2HcIQ,waldwick-new-jersey
https://www.ubereats.com/new-jersey/food-delivery/the-cornerstone-restaurant-and-bar/5zBoAqjrRESsHyu5QFepuQ,waldwick-new-jersey
https://www.ubereats.com/new-jersey/food-delivery/luckys-steak-plate/YwVDYM12RuWVpnJw7w36PA,waldwick-new-jersey
https://www.ubereats.com/new-jersey/food-delivery/best-of-everything/QShYSAOtRKOwUHUtmMFfuA,waldwick-new-jersey
https://www.ubereats.com/new-jersey/food-delivery/five-guys-nj-0353-1610-route-23/NXiwl2drQlaPKI1J2kCgrQ,waldwick-new-jersey
https://www.ubereats.com/new-jersey/food-delivery/the-kebabci-west/fWMe9Nn6TWakjzIEu7pQyw,waldwick-new-jersey
https://www.ubereats.com/new-jersey/food-delivery/poke-time/ChLWCOS1Rs-ILOb0JGDKJw,waldwick-new-jersey
https://www.ubereats.com/new-jersey/food-delivery/italian-riviera/xixWGKM0T0aOcRFx9I1bMw,waldwick-new-jersey
https://www.ubereats.com/new-jersey/food-delivery/the-habit-burger-grill-3101-promenade-bl/ClIYJzJuQFO9Mfea3r7VYA,waldwick-new-jersey
https://www.ubereats.com/new-jersey/food-delivery/the-raw-squeeze/QVBKrzptQc-eJlywy8UHNA,waldwick-new-jersey
https://www.ubereats.com/new-jersey/food-delivery/boston-market-395-route-17-north/smpTj5Y9Sz-mJhAM2L-Q3g,waldwick-new-jersey
https://www.ubereats.com/new-jersey/food-delivery/daily-treat/Dg2cQFhwQtib6wwXptTr5Q,waldwick-new-jersey
https://www.ubereats.com/new-jersey/food-delivery/sushi-village/DE3Biv1-TGmZcvnB7UXVlA,waldwick-new-jersey
https://www.ubereats.com/new-jersey/food-delivery/pops-breakfast-and-lunch-stop/v7PmyBD-SO6ypedQUAbsbQ,waldwick-new-jersey
https://www.ubereats.com/new-jersey/food-delivery/bareburger-129-vervalen-st/lH0_vPcnTQKbuaDy-JFdJA,waldwick-new-jersey
https://www.ubereats.com/new-jersey/food-delivery/shake-shack-479-route-17-n/qpZnXxWCTAaorYaI3jzD0w,waldwick-new-jersey
https://www.ubereats.com/new-jersey/food-delivery/tabboule/1TcrQh-5TheTnkbpwICXww,waldwick-new-jersey
https://www.ubereats.com/new-jersey/food-delivery/cinco-de-mayo/4YGiQZmjSbyeFXIZtIs_Iw,waldwick-new-jersey
https://www.ubereats.com/new-jersey/food-delivery/pearl-restaurant/GZrhgJHDRuyV42-tOYAg1g,waldwick-new-jersey
https://www.ubereats.com/new-jersey/food-delivery/bon-appetit/VsFB4LGeSBudnBzTJkdVhA,waldwick-new-jersey
https://www.ubereats.com/new-jersey/food-delivery/wendys-190-e-state-rt-4/UK9JMFQqSRWpdx4SP-UAdQ,waldwick-new-jersey
https://www.ubereats.com/new-jersey/food-delivery/the-kebabci-west/G7FUmFwFSuqJpOmtefzzyA,waldwick-new-jersey
https://www.ubereats.com/new-jersey/food-delivery/blue-42/LKsAdhJvQyqqE4TaSRhTLA,waldwick-new-jersey
https://www.ubereats.com/new-jersey/food-delivery/ossobuco-grill/zDqgboJ7Q8Ohl9uMqmVzdw,waldwick-new-jersey
https://www.ubereats.com/new-jersey/food-delivery/the-brownstone/riBw_7i6QN6uo6VNZGT2ZQ,waldwick-new-jersey
https://www.ubereats.com/new-jersey/food-delivery/shake-shack-1-garden-state-plaza/VtrDRk5LSai95-F_F_fyVQ,waldwick-new-jersey
https://www.ubereats.com/new-jersey/food-delivery/california-pizza-kitchen-1-garden-state-plaza-unit-2320/Kr6ya41nRymnblTWTm9GNQ,waldwick-new-jersey
https://www.ubereats.com/new-jersey/food-delivery/mcdonalds-186-194-3rd-avenue/BPjRO0qATpOhR6fAUSLjFg,waldwick-new-jersey
https://www.ubereats.com/new-jersey/food-delivery/new-wo-lee-restaurant/ow43D5u_SgiZtIypmu7Fxg,waldwick-new-jersey
https://www.ubereats.com/new-jersey/food-delivery/burger-king-55-godwin-avenue/3qdXlTOKR2iMO5hSxQZptw,waldwick-new-jersey
https://www.ubereats.com/new-jersey/food-delivery/sanzaris-new-bridge-inn/VqwYc-FkS9eGUG5E4vPFVg,waldwick-new-jersey
https://www.ubereats.com/new-jersey/food-delivery/celtic-corner/-V__LsGNS9-MPqevf0oCPw,waldwick-new-jersey
https://www.ubereats.com/new-jersey/food-delivery/zevys-pizza/c9UmshEHTCC9pgQKqPenag,waldwick-new-jersey
https://www.ubereats.com/new-jersey/food-delivery/dunkin-14-00-state-highway-208/bzGuK9_vShS_cvRAhn23yQ,waldwick-new-jersey
https://www.ubereats.com/new-jersey/food-delivery/no-1-sushi-midland-park/2iDBCF0pRU6X3dponxpJ2A,waldwick-new-jersey
https://www.ubereats.com/new-jersey/food-delivery/armandos-tuscan-grill-westwood-ave/B1su73svQWKS5iNH1XZGcA,waldwick-new-jersey
https://www.ubereats.com/new-jersey/food-delivery/macmurphys/oFeAxS5AT2u0DWJ3iOLbEw,waldwick-new-jersey
https://www.ubereats.com/new-jersey/food-delivery/made-in-italy/DvzOZ3_-SXyLVnSpw5AXFQ,waldwick-new-jersey
https://www.ubereats.com/new-jersey/food-delivery/finca-the-estate-of-small-plates/jf_WUNn2TRSA9rxDfJHhqw,waldwick-new-jersey
https://www.ubereats.com/new-jersey/food-delivery/kfc-taco-bell-rt-17-n/AGvav3kqS0qJblZZ8DY2Dg,waldwick-new-jersey
https://www.ubereats.com/new-jersey/food-delivery/playa-bowls-99-westwood-ave/91lC8TjzSW2IUSey7HFLXw,waldwick-new-jersey
https://www.ubereats.com/new-jersey/food-delivery/bonchon-chicken-17-central-ave/Ti0gcOUIR8-nQ5cSUfVFLg,waldwick-new-jersey
https://www.ubereats.com/new-jersey/food-delivery/palermos-bakery-wyckoff/Iq73pyeqSWqB48Pd0-Hw0A,waldwick-new-jersey
https://www.ubereats.com/new-jersey/food-delivery/chipotle-mexican-grill-18-farm-vw/aD2Iu_o5QP22oWU_1kTGRA,waldwick-new-jersey
https://www.ubereats.com/new-jersey/food-delivery/inserras-famous-pizza/sdkixgn3RXi3zGLMWrhe7w,waldwick-new-jersey
https://www.ubereats.com/new-jersey/food-delivery/smashburger-556-rte-17-north/Dcy3u8H5QvyIATUnxCCw8g,waldwick-new-jersey
https://www.ubereats.com/new-jersey/food-delivery/starbucks-emerson-kinderkamack/b-VAvOhiTPS4OzyxcrDioA,waldwick-new-jersey
https://www.ubereats.com/new-jersey/food-delivery/bbq-chicken-old-tappan-nj/jQNfb6moRHOZOuHpEHvhGQ,waldwick-new-jersey
https://www.ubereats.com/new-jersey/food-delivery/burger-king-162-kinderkamack-road/EgikNQLOSWygzM5rhiT96g,waldwick-new-jersey
https://www.ubereats.com/new-jersey/food-delivery/starbucks-rt-17-south-paramus/GtHC47EOSEO6RmgaNl_GsQ,waldwick-new-jersey
https://www.ubereats.com/new-jersey/food-delivery/popeyes-north-paramus/j0etEDHpQKOyFtqtiw_8nA,waldwick-new-jersey
https://www.ubereats.com/new-jersey/food-delivery/lee-garden/VJiJ1fYbRT2rAzQOfE5Wmw,waldwick-new-jersey
https://www.ubereats.com/new-jersey/food-delivery/midland-park-food-mart/3EYQ-A7BSICgNwgzookujg,waldwick-new-jersey
https://www.ubereats.com/new-jersey/food-delivery/bricklane-curry-house/QMNDBNc2Q3K6hh1rdNxRxQ,waldwick-new-jersey
https://www.ubereats.com/new-jersey/food-delivery/the-cookie-connect/Sj0bRjBQS6iBPoCNw7q4Rw,waldwick-new-jersey
https://www.ubereats.com/new-jersey/food-delivery/baci-gelato/r-ib4LmURhuE2RZpmS7znQ,waldwick-new-jersey
https://www.ubereats.com/new-jersey/food-delivery/asian-cuisine/OthRHEq0S4u2BfanJn7Ygw,waldwick-new-jersey
https://www.ubereats.com/new-jersey/food-delivery/straws-kitchen/GMWEoUYJT0GJu0js_OrKdw,waldwick-new-jersey
https://www.ubereats.com/new-jersey/food-delivery/playa-bowls-pompton-plains/u7d5nV2fQCiE0WEio8ULtA,waldwick-new-jersey
https://www.ubereats.com/new-jersey/food-delivery/big-bowls-little-plates-h-mart-paramus/sA5u6YYrQfS8hA7zEuql3g,waldwick-new-jersey
https://www.ubereats.com/new-jersey/food-delivery/juicy!-platters-halal-fair-lawn/sOod3RYASMCO-R-7DZbSsQ,waldwick-new-jersey
https://www.ubereats.com/new-jersey/food-delivery/ritas-italian-ice/s-CEAIBkSGyXHj-ElCHr4w,waldwick-new-jersey
https://www.ubereats.com/new-jersey/food-delivery/sushigo/GF7YmP9LRc2P3IVqRwEbrw,waldwick-new-jersey
https://www.ubereats.com/new-jersey/food-delivery/dunkin-80-godwin-ave/BBfFTPZuQQ2sAHPmpYjg_Q,waldwick-new-jersey
https://www.ubereats.com/new-jersey/food-delivery/market-eatery-ondubu/22jSf3eLR1G0Cn1zwwPcMg,waldwick-new-jersey
https://www.ubereats.com/new-jersey/food-delivery/mcdonalds-327-franklin-ave/IO8otihdSL-GMSvouHnNrA,waldwick-new-jersey
https://www.ubereats.com/new-jersey/food-delivery/hook-%26-reel-elmwood-park/RLHs9F2jTym5--uyNqNB1Q,waldwick-new-jersey
https://www.ubereats.com/new-jersey/food-delivery/broadway-pizzeria-restaurant/MzE_Q_KrToaTJiQdSVDccQ,waldwick-new-jersey
https://www.ubereats.com/new-jersey/food-delivery/rosarios-trattoria/Gmw1cRW2Q7mCjFp5t5IghQ,waldwick-new-jersey
https://www.ubereats.com/new-jersey/food-delivery/catchy-cafe/H2meclGET8eVNlNGeYSxlw,waldwick-new-jersey
https://www.ubereats.com/new-jersey/food-delivery/esty-street-spring-valley-rd/qryXnXexT12DW3tsDWeL2g,waldwick-new-jersey
https://www.ubereats.com/new-jersey/food-delivery/toasty-gourmet-eatery-%26-cafe/Z5qQNJ07RNuNBthtOF-C3w,waldwick-new-jersey
https://www.ubereats.com/new-jersey/food-delivery/little-chef/cN-oapkkSdSqJgQ7UxQtCw,waldwick-new-jersey
https://www.ubereats.com/new-jersey/food-delivery/suburban-diner/CjThc2ehRSeO2XI9giVj2Q,waldwick-new-jersey
https://www.ubereats.com/new-jersey/food-delivery/blue-moon-mexican-cafe-wyckoff/9MQTkcNuQi6lXMWG5jL6IA,waldwick-new-jersey
https://www.ubereats.com/new-jersey/food-delivery/tonys-bagel-%26-deli/LPJuVzAsQ8eAOrWWXi1PLw,waldwick-new-jersey
https://www.ubereats.com/new-jersey/food-delivery/manjal-indian-fusion/kJEpdsa8S46HRBUYZAom0w,waldwick-new-jersey
https://www.ubereats.com/new-jersey/food-delivery/anthonys-coal-fired-pizza-984-state-rt-17/if1RSgJWReG3iVpBFcDjqg,waldwick-new-jersey
https://www.ubereats.com/new-jersey/food-delivery/pizza-love/D1z0iGECSZKoIuNz1KQDCQ,waldwick-new-jersey
https://www.ubereats.com/new-jersey/food-delivery/mommas-kitchen/U8Dngo21RRa4yERaMNlDUw,waldwick-new-jersey
https://www.ubereats.com/new-jersey/food-delivery/six-happiness-fair-lawn/l9BpharoR2KzOiwmmYmijg,waldwick-new-jersey
https://www.ubereats.com/new-jersey/food-delivery/103-prime-at-valentinos/vCzgR5O0R0SNbL6fr3jxCw,waldwick-new-jersey
https://www.ubereats.com/new-jersey/food-delivery/chipotle-mexican-grill-545-route-17-south/4WmEZWeoSQ6gIzTbz_uAdA,waldwick-new-jersey
https://www.ubereats.com/new-jersey/food-delivery/ny-pizza/xvXnCmmnS4ae0NLWCtvx0Q,waldwick-new-jersey
https://www.ubereats.com/new-jersey/food-delivery/dim-sum-dynasty/4u7UEN0jTB6B0b95TPzIfg,waldwick-new-jersey
https://www.ubereats.com/new-jersey/food-delivery/le-bon-choix/0GNvTqpIRT-_zjDwG4eDSw,waldwick-new-jersey
https://www.ubereats.com/new-jersey/food-delivery/state-line-diner/svKXnj3lTSe5NMXe463Zkg,waldwick-new-jersey
https://www.ubereats.com/new-jersey/food-delivery/friendlys-441-hillsdale-ave/fekHDizwTQC4YqrMGUHSZQ,waldwick-new-jersey
https://www.ubereats.com/new-jersey/food-delivery/roma-pizza-restaurant/_RLSQe5ETBOT5YqwyWq-OA,waldwick-new-jersey
https://www.ubereats.com/new-jersey/food-delivery/piccolo-bistro/q2KPf6F9TtCt9gcYyspEfA,waldwick-new-jersey
https://www.ubereats.com/new-jersey/food-delivery/pho-binh-duong-iv/T7RMrBFbSMyw0tB6m-9OKg,waldwick-new-jersey
https://www.ubereats.com/new-jersey/food-delivery/its-greek-to-me/Qrmo7KKhRLu1AVZqkZSDhg,waldwick-new-jersey
https://www.ubereats.com/new-jersey/food-delivery/steel-wheel-tavern/ACUEfoikRsqQYwCM0SPlXg,waldwick-new-jersey
https://www.ubereats.com/new-jersey/food-delivery/charleys-philly-steaks-700-paramus-park/t1VBSr11SIasAnsMDdNHSA,waldwick-new-jersey
https://www.ubereats.com/new-jersey/food-delivery/cravings-tapas-bistro/a87JGyEgTmqRGn-GXXKq6g,waldwick-new-jersey
https://www.ubereats.com/new-jersey/food-delivery/el-grecco-pizza/D3JWxIhBREqRGKSzNDqghg,waldwick-new-jersey
https://www.ubereats.com/new-jersey/food-delivery/jersey-mikes-subs-185-south-kinderkamack-road/IDSSqKSjQMKap0Bl_8Ll6A,waldwick-new-jersey
https://www.ubereats.com/new-jersey/food-delivery/benares/Md--VRvdQeSMiudPLGJZAQ,waldwick-new-jersey
https://www.ubereats.com/new-jersey/food-delivery/dunkin-22-20-fair-lawn-ave/JZWPC_XiQv2YOxUxyqaRAw,waldwick-new-jersey
https://www.ubereats.com/new-jersey/food-delivery/saffron-modern-indian-cuisine/VVtpswwwSXCNULDBjte_mw,waldwick-new-jersey
https://www.ubereats.com/new-jersey/food-delivery/mcdonalds-828-rt-17-n/-mJBE90KRyeCbOhi0976uw,waldwick-new-jersey
https://www.ubereats.com/new-jersey/food-delivery/jacks-lobster-rolls/NDzKjr9gQIiP8lYWPQ_F_w,waldwick-new-jersey
https://www.ubereats.com/new-jersey/food-delivery/mezza-westwood/p1Z7_r0DT2ezmv4wmF1Tkw,waldwick-new-jersey
https://www.ubereats.com/new-jersey/food-delivery/parkway-diner/s0w8wwPRRMW70A85S5ZtIA,waldwick-new-jersey
https://www.ubereats.com/new-jersey/food-delivery/conrads-confectionery/8DcJEogrRw6bIV6_yv92YA,waldwick-new-jersey
https://www.ubereats.com/new-jersey/food-delivery/the-goffle-grill/OVxqJ0x4SlSqiGFj9t2uKQ,waldwick-new-jersey
https://www.ubereats.com/new-jersey/food-delivery/wilkes-deli-oakland/UXIAHyY6TEeWgQM7fqntEQ,waldwick-new-jersey
https://www.ubereats.com/new-jersey/food-delivery/seafood-king/cTW3UJpYTfOMAsexKzrBNw,waldwick-new-jersey
https://www.ubereats.com/new-jersey/food-delivery/panera-770-route-17-north/nNEU-VYaSM2fOoei5Q4dKQ,waldwick-new-jersey
https://www.ubereats.com/new-jersey/food-delivery/bagel-culture/E8YYqxmJTI-dloPVblc9DQ,waldwick-new-jersey
https://www.ubereats.com/new-jersey/food-delivery/poke-sushi-burrito-asian-restaurant/isTgdAiCTaW4aovWvM5PPw,waldwick-new-jersey
https://www.ubereats.com/new-jersey/food-delivery/jersey-mikes-subs-300-godwin-avenue/p1M6lYNXRY6LZaGY3-NiDQ,waldwick-new-jersey
https://www.ubereats.com/new-jersey/food-delivery/blimpie-paramus/T7o7GjHZRCi8xMFRNnhq0g,waldwick-new-jersey
https://www.ubereats.com/new-jersey/food-delivery/jersey-mikes-subs-305-route-17-s/43J-FNlETx63yV9R6dqG1g,waldwick-new-jersey
https://www.ubereats.com/new-jersey/food-delivery/morning-dew-cafe/3ZaPL0Y4TeWe6joUiQxIIA,waldwick-new-jersey
https://www.ubereats.com/new-jersey/food-delivery/wendys-31-godwin-avenue/9Gk75VuNSGSJOdskRxDMZA,waldwick-new-jersey
https://www.ubereats.com/new-jersey/food-delivery/dunkin-794-franklin-ave/5E9mii-bSVu1c3ZbmzvLTA,waldwick-new-jersey
https://www.ubereats.com/new-jersey/food-delivery/the-latin-house/heK4tcX_SJW5jS9ZdFxaPw,waldwick-new-jersey
https://www.ubereats.com/new-jersey/food-delivery/the-village-grille/5HJ85RMXTlepp1ynORWMJA,waldwick-new-jersey
https://www.ubereats.com/new-jersey/food-delivery/mr-cupcakes-700-paramus-park/tM6GOHTIS0Sl6W33_bul0A,waldwick-new-jersey
https://www.ubereats.com/new-jersey/food-delivery/bagelicious/_0u4J9K1SC2cZYZzjg4VHg,waldwick-new-jersey
https://www.ubereats.com/new-jersey/food-delivery/royal-warsaw/406c60SmS7KFLsq_-EW36A,waldwick-new-jersey
https://www.ubereats.com/new-jersey/food-delivery/taco-bell-paramus-park/e5dhAwGXSbiEalbtuygkuw,waldwick-new-jersey
https://www.ubereats.com/new-jersey/food-delivery/alt-eats-cafe/m_-QWNOEQ7uaZ3B6W3H08w,waldwick-new-jersey
https://www.ubereats.com/new-jersey/food-delivery/mindys-munchies/i3f4tTJfSUGnJ30XpgIJQA,waldwick-new-jersey
https://www.ubereats.com/new-jersey/food-delivery/the-raw-squeeze/aaXoCb-3QxGpFMX06AZUWg,waldwick-new-jersey
https://www.ubereats.com/new-jersey/food-delivery/park-west-tavern/-5VoR1whTfmU8YHyCdaQ8Q,waldwick-new-jersey
https://www.ubereats.com/new-jersey/food-delivery/el-gallo/7_EFH8AcRaCdx68-B3pHTg,waldwick-new-jersey
https://www.ubereats.com/new-jersey/food-delivery/coffeecol-arepa-bar-%26-grill/dKYvraSTRu6BKMph--zcSg,waldwick-new-jersey
https://www.ubereats.com/new-jersey/food-delivery/midland-park-bagels-and-deli/yx8B44EDTSONFSqlvU4P1w,waldwick-new-jersey
https://www.ubereats.com/new-jersey/food-delivery/goldbergs-original-bagels/BV_JWj3sTJm3uPxKyIypbA,waldwick-new-jersey
https://www.ubereats.com/new-jersey/food-delivery/blueberry-frozen-yogurt/LTZGJT9_RVG6Fjzyql8L-g,waldwick-new-jersey
https://www.ubereats.com/new-jersey/food-delivery/red-bowl/wcVgmIEAS_SxPLibroas2g,waldwick-new-jersey
https://www.ubereats.com/new-jersey/food-delivery/the-ice-cream-shop/jYDyVHm4RpyZGmQCYPbWaw,waldwick-new-jersey
https://www.ubereats.com/new-jersey/food-delivery/rockin-roots/BZGibeUwSiOWJC5aNujfxA,waldwick-new-jersey
https://www.ubereats.com/new-jersey/food-delivery/manjal-indian-cuisine/58w3Z2yVTCqwj471VDugxA,waldwick-new-jersey
https://www.ubereats.com/new-jersey/food-delivery/kimchi-mama/TxUedIkZSja-LYP7vJRzGA,waldwick-new-jersey
https://www.ubereats.com/new-jersey/food-delivery/novino/s7rr-b6jT5O7GaqedwPQOA,waldwick-new-jersey
https://www.ubereats.com/new-jersey/food-delivery/lakeside-restaurant-and-bar-lake-dr/pmsqUYC8TkqKV4A16BUeCw,waldwick-new-jersey
https://www.ubereats.com/new-jersey/food-delivery/mei-sushi/lPSRdvYpTfqaUFKsfS98Dg,waldwick-new-jersey
https://www.ubereats.com/new-jersey/food-delivery/starbucks-mahwah-rt-17/EtWVySgrSOiQbVeFwxyyCw,waldwick-new-jersey
https://www.ubereats.com/new-jersey/food-delivery/stack-creamery/3qbMmP3TSxW2FP_WxfsWPA,waldwick-new-jersey
https://www.ubereats.com/new-jersey/food-delivery/sunny-wok/v_CogpSESs2jiMsZsW9pJQ,waldwick-new-jersey
https://www.ubereats.com/new-jersey/food-delivery/poke-zone/EVsaG6p1RhGrm8ADdPOBMg,waldwick-new-jersey
https://www.ubereats.com/new-jersey/food-delivery/bagel-express-hawthorne/gh08EKHeRW-poeC91fcd2Q,waldwick-new-jersey
https://www.ubereats.com/new-jersey/food-delivery/limoncello-restaurant/nf29mff4SkmVq3cGfVWWvQ,waldwick-new-jersey
https://www.ubereats.com/new-jersey/food-delivery/sweetberry-bowls-wayne/hCJVqvwQTY6TdfOuuRH7-A,waldwick-new-jersey
https://www.ubereats.com/new-jersey/food-delivery/dunkin-440-a-forest-ave/NmJid_c7S5e_hZW0Ti_qjg,waldwick-new-jersey
https://www.ubereats.com/new-jersey/food-delivery/outback-steakhouse-191-berdan-avenue/KOaRTd85T8SVk9k985rlNQ,waldwick-new-jersey
https://www.ubereats.com/new-jersey/food-delivery/boom-boom-chicken-paramus/gkrWrhpsQBGFU_PsaXvuGw,waldwick-new-jersey
https://www.ubereats.com/new-jersey/food-delivery/patrizias-old-tappan/KDxEJEDuS62nhdrSoRovSQ,waldwick-new-jersey
https://www.ubereats.com/new-jersey/food-delivery/smashburger-984-rte-17-rd/0AD81Ol1T9CqD03cxUhf3Q,waldwick-new-jersey
https://www.ubereats.com/new-jersey/food-delivery/stray-cat-brew/fntmJHCOSm-u5Q7a7tBaMw,waldwick-new-jersey
https://www.ubereats.com/new-jersey/food-delivery/dunkin-1063-goffle-rd/LKdfdOy0QoqPlyLWxH1McQ,waldwick-new-jersey
https://www.ubereats.com/new-jersey/food-delivery/wilkes-deli-of-glen-rock/VAMxagUmSySg1pXh0kc7Dg,waldwick-new-jersey
https://www.ubereats.com/new-jersey/food-delivery/elmers-country-store/RP3qrngkS-W6BiXq1--BWg,waldwick-new-jersey
https://www.ubereats.com/new-jersey/food-delivery/subway-295-pascack-rd/SBseQzrqSQmecfBhmdIHhg,waldwick-new-jersey
https://www.ubereats.com/new-jersey/food-delivery/pf-changs-1900-willowbrook-blvd/EDdJuEPMSkK61qx2GSkhFA,waldwick-new-jersey
https://www.ubereats.com/new-jersey/food-delivery/pizza-hut-388-ramapo-valley-rd/kns_eVgqRca5ZZBQ3J_a4A,waldwick-new-jersey
https://www.ubereats.com/new-jersey/food-delivery/kirkers-inn/DD5_hEg0QZGyn97-fNobog,waldwick-new-jersey
https://www.ubereats.com/new-jersey/food-delivery/uncle-louie-g-ices-and-ice-cream-ramsey/yJBtjfCIQ1qgy0e9W-5AMw,waldwick-new-jersey
https://www.ubereats.com/new-jersey/food-delivery/lenape-valley-grill/sX0VkydtTUqRN2VXGxXYkA,waldwick-new-jersey
https://www.ubereats.com/new-jersey/food-delivery/subway-315-lafayette-ave/FTyT9W8USaumi8yca_gJkQ,waldwick-new-jersey
https://www.ubereats.com/new-jersey/food-delivery/rose-restaurant/_BThb1JqQISMboGVAXVC7w,waldwick-new-jersey
https://www.ubereats.com/new-jersey/food-delivery/dunkin-675-river-st/SUm42jUSSqqyHd8tqrpVrw,waldwick-new-jersey
https://www.ubereats.com/new-jersey/food-delivery/good-taste-chinese-restaurant/7PwrnjblQhaiR_YPd0_zLw,waldwick-new-jersey
https://www.ubereats.com/new-jersey/food-delivery/mamouns-falafel-paramus/BXeRLIRiTVWSyBAooAaDBA,waldwick-new-jersey
https://www.ubereats.com/new-jersey/food-delivery/burger-teriyaki-sushi/M8Agni87R32yfa4usXgm7w,waldwick-new-jersey
https://www.ubereats.com/new-jersey/food-delivery/wendys-411-hillsdale-ave/wFGLwERkQiCroxiiAWV05w,waldwick-new-jersey
https://www.ubereats.com/new-jersey/food-delivery/the-pizza-parlor/XFqMnNynSrWYMBqm2l9hkg,waldwick-new-jersey
https://www.ubereats.com/new-jersey/food-delivery/koi-japanese-and-chinese-restaurant/Z6uGZN7-TvyGxMVdX1GdtQ,waldwick-new-jersey
https://www.ubereats.com/new-jersey/food-delivery/longfellows-coffee-mahwah/x0yYkZgGQ8WlZMfk-_-m3A,waldwick-new-jersey
https://www.ubereats.com/new-jersey/food-delivery/zorba-greek-eatery/QEbN8OKfQzOQ-NaE8pXXmA,waldwick-new-jersey
https://www.ubereats.com/new-jersey/food-delivery/bradys-at-the-station-w-main-st/zHsWqr5BQlOW12HFI7E6rg,waldwick-new-jersey
https://www.ubereats.com/new-jersey/food-delivery/the-habit-burger-grill-22-farm-view/t1VI3IGYRjSP_casqaYFHw,waldwick-new-jersey
https://www.ubereats.com/new-jersey/food-delivery/tony-lips-pizza-%26-pasta-corp/blBjC32SRMKER_3NzH5wXQ,waldwick-new-jersey
https://www.ubereats.com/new-jersey/food-delivery/boston-market-20-wyckoff-avenue/F8ceLKa2QwuE2L3xdJ0pig,waldwick-new-jersey
https://www.ubereats.com/new-jersey/food-delivery/green-fusion/EgRnUOJOTSC5uasjfpzkhA,waldwick-new-jersey
https://www.ubereats.com/new-jersey/food-delivery/gourmet-express-market/kvvWtE8XRf2_JAmKWYgCiw,waldwick-new-jersey
https://www.ubereats.com/new-jersey/food-delivery/mr-wok-%26-sushi/7il9GBvjSYSjsEPQ4LH4vw,waldwick-new-jersey
https://www.ubereats.com/new-jersey/food-delivery/dcarbon/4oUFFDYQRvCGQ878YoT1Ew,waldwick-new-jersey
https://www.ubereats.com/new-jersey/food-delivery/il-piatto-bistro/Ixk4qAEoT7urpVA4s2TARw,waldwick-new-jersey
https://www.ubereats.com/new-jersey/food-delivery/150-applebees-paramus/QRuv9sN8Ty60m6qMT8Amxw,waldwick-new-jersey
https://www.ubereats.com/new-jersey/food-delivery/ritas-italian-ice-glen-rock/kzlI3gv5S3-AHRkelaCnLw,waldwick-new-jersey
https://www.ubereats.com/new-jersey/food-delivery/pizzaiolo-by-brothers/CwRK28lJTCGElT5ez8rGRA,waldwick-new-jersey
https://www.ubereats.com/new-jersey/food-delivery/uncle-giuseppes-marketplace/v7Rdas8yTXeybh8Go6ciYA,waldwick-new-jersey
https://www.ubereats.com/new-jersey/food-delivery/kurumi/ax_0ANtYQk6ed8_w1coGog,waldwick-new-jersey
https://www.ubereats.com/new-jersey/food-delivery/marinade/QclfPd9lTG-44-L1CAuFtg,waldwick-new-jersey
https://www.ubereats.com/new-jersey/food-delivery/mommas-kitchen/bbjvEJRGSSu-2GWs9XPsiw,waldwick-new-jersey
https://www.ubereats.com/new-jersey/food-delivery/starbucks-wyckoff/3wVyiAldSZSh9uCim12GRw,waldwick-new-jersey
https://www.ubereats.com/new-jersey/food-delivery/jersey-mikes-subs-557-north-franklin-turnpike/MjeXqvXjTDakqPrG-q5Lzg,waldwick-new-jersey
https://www.ubereats.com/new-jersey/food-delivery/quicks/VeGuwwozSjeHzpxnErwAWw,waldwick-new-jersey
https://www.ubereats.com/new-jersey/food-delivery/wendys-637-hamburg-turnpike/JfgnA1DcRPWf71uuIscMrA,waldwick-new-jersey
https://www.ubereats.com/new-jersey/food-delivery/the-front-porch/Sxlc_cWmRh2TwcTfuIyxSQ,waldwick-new-jersey
https://www.ubereats.com/new-jersey/food-delivery/smashburger-500-nj-23/Pjawv1UkS3qIotVvRlIH9g,waldwick-new-jersey
https://www.ubereats.com/new-jersey/food-delivery/kfc-130-state-rt-23/Gp62XN9gTHWCColL1wTVPw,waldwick-new-jersey
https://www.ubereats.com/new-jersey/food-delivery/dunkin-1001-macarthur-blvd/q2sc2c1oSDW0xAhsNWedtA,waldwick-new-jersey
https://www.ubereats.com/new-jersey/food-delivery/chinatown-chinese-restaurant/EuEb4K8rRdSQNBRDKRWKnQ,waldwick-new-jersey
https://www.ubereats.com/new-jersey/food-delivery/ada-mediterranean-grill/AgxkIFK3Rtu_UgtyBC78QQ,waldwick-new-jersey
https://www.ubereats.com/new-jersey/food-delivery/cuban-eddies/3PW_1VmkQ-yxJ5apxpfY3g,waldwick-new-jersey
https://www.ubereats.com/new-jersey/food-delivery/burger-king-186-ramapo-valley-rd/njKxxdtJS4uqYkSgCOpC4Q,waldwick-new-jersey
https://www.ubereats.com/new-jersey/food-delivery/taco-bell-1400-route-23-north/ZWKVgp6aTUqEAxqYdPVlzw,waldwick-new-jersey
https://www.ubereats.com/new-jersey/food-delivery/fuki-sushi/C9lcj0Y9RVe6AM-yggOZxQ,waldwick-new-jersey
https://www.ubereats.com/new-jersey/food-delivery/dunkin-115-franklin-tpke/Y76qOH6-S8axLzEo6IdcRw,waldwick-new-jersey
https://www.ubereats.com/new-jersey/food-delivery/namaste-india/GmABeC7NQHCGOJUOjCxTWQ,waldwick-new-jersey
https://www.ubereats.com/new-jersey/food-delivery/the-ice-cream-shop/5Z4wlOu3Rf2dcE_4zqA6ng,waldwick-new-jersey
https://www.ubereats.com/new-jersey/food-delivery/mei-wei-east/cwVm0vxHRySQ1GRC77X8VQ,waldwick-new-jersey
https://www.ubereats.com/new-jersey/food-delivery/starbucks-fair-lawn-promanade/U1HvOqFIRma-HdYbBc1neg,waldwick-new-jersey
https://www.ubereats.com/new-jersey/food-delivery/blu-sushi/jeNIDHldRbi7beTA0bkEig,waldwick-new-jersey
https://www.ubereats.com/new-jersey/food-delivery/larte-della-pasticceria/dCpV362eQUW2lCmKDp3qmg,waldwick-new-jersey
https://www.ubereats.com/new-jersey/food-delivery/jj-great-tea/LRRUUqupQMO7HVbrFgKrhQ,waldwick-new-jersey
https://www.ubereats.com/new-jersey/food-delivery/village-pizza-%26-pasta/Zwr3yFlVQHqDL5GDhz3y8Q,waldwick-new-jersey
https://www.ubereats.com/new-jersey/food-delivery/the-sicilian-sun/1iDUAv3-QqytEHCCBcIfPQ,waldwick-new-jersey
https://www.ubereats.com/new-jersey/food-delivery/bareburger-455-chestnut-ridge-rd/BkPCYrRLTLakPOLyfRkCAg,waldwick-new-jersey
https://www.ubereats.com/new-jersey/food-delivery/mason-jar/9491i1GPSFGw4MPAUQkBdw,waldwick-new-jersey
https://www.ubereats.com/new-jersey/food-delivery/falafull/z7LOzJUiSw-BGPUTBa5nvA,waldwick-new-jersey
https://www.ubereats.com/new-jersey/food-delivery/noches-de-colombia-lincoln-park-nj/8AcmixxLRQe5JBTVI-uhRw,waldwick-new-jersey
https://www.ubereats.com/new-jersey/food-delivery/espos-pizza-at-the-fireplace/AdbipNEPTuGg54c37yQgtg,waldwick-new-jersey
https://www.ubereats.com/new-jersey/food-delivery/sweetberry-bowls-glen-rock/NrSLsSV_Tm6UkOYruG1elw,waldwick-new-jersey
https://www.ubereats.com/new-jersey/food-delivery/hot-bagels-of-fair-lawn/fk3kis2JSe6pB-AcQgfBiA,waldwick-new-jersey
https://www.ubereats.com/new-jersey/food-delivery/callahans/OXnUGKgPS9afIILZuNIJXg,waldwick-new-jersey
https://www.ubereats.com/new-jersey/food-delivery/jerk-shack-grill/6bN0VVaaR8G1Vl3CsmsioQ,waldwick-new-jersey
https://www.ubereats.com/new-jersey/food-delivery/hold-my-knots/udPr0LjsQLWE3ydq72E_Xg,waldwick-new-jersey
https://www.ubereats.com/new-jersey/food-delivery/panera-445-chestnut-ridge-road/UfZvOHLuQLiZrcvLCCn1kA,waldwick-new-jersey
https://www.ubereats.com/new-jersey/food-delivery/dunkin-303b-pascack-rd/07KncoOeTu-H6eIFzvYFjw,waldwick-new-jersey
https://www.ubereats.com/new-jersey/food-delivery/toros-clifton/lQ65PFSoSqy_Jp1bLcblwA,waldwick-new-jersey
https://www.ubereats.com/new-jersey/food-delivery/los-fuertes-de-loreto/3rxCuQ03RrCB19OZVzDkoQ,waldwick-new-jersey
https://www.ubereats.com/new-jersey/food-delivery/chipotle-mexican-grill-1255-state-rt-17-unit-3/SZ8RMXvgSnWZj_LpA1F1Ug,waldwick-new-jersey
https://www.ubereats.com/new-jersey/food-delivery/subway-85-godwin-ave/J5cUO7kXQiea7hisQ0cGhA,waldwick-new-jersey
https://www.ubereats.com/new-jersey/food-delivery/man-hing-chinese-restaurant/9OX7TfCzT9aPhR8dgZ4q8Q,waldwick-new-jersey
https://www.ubereats.com/new-jersey/food-delivery/dunkin-13-n-broad-st/Xgk4BY-pRD2tPGXeidWNcQ,waldwick-new-jersey
https://www.ubereats.com/new-jersey/food-delivery/white-maple-cafe/AZ7OVj2iQhqAP9ssbx_UVQ,waldwick-new-jersey
https://www.ubereats.com/new-jersey/food-delivery/moes-southwest-grill-380-ridge-rd/5yoZEkGvTYKgrxNW7kKPPw,waldwick-new-jersey
https://www.ubereats.com/new-jersey/food-delivery/chipotle-mexican-grill-81-e-state-rt-4-ste-101/kEmyzAnbQXuDDHlsLfol3g,waldwick-new-jersey
https://www.ubereats.com/new-jersey/food-delivery/playa-bowls-ridgewood/0JiG-WzSRriAc5yfMDJrXg,waldwick-new-jersey
https://www.ubereats.com/new-jersey/food-delivery/the-mindful-cafe/QRzeyToESXaGtNC1OI_0Uw,waldwick-new-jersey
https://www.ubereats.com/new-jersey/food-delivery/trattoria-la-bocca/ZrLThl1oRAu5qXBmv92icg,waldwick-new-jersey
https://www.ubereats.com/new-jersey/food-delivery/dunkin-60-broadway/A2DcyqVTSIif5X6kCiitBw,waldwick-new-jersey
https://www.ubereats.com/new-jersey/food-delivery/wilkes-deli/p07OFsLBTg6qdc4IjsECeQ,waldwick-new-jersey
https://www.ubereats.com/new-jersey/food-delivery/ho-ho-kus-sushi-cafe/kiomitN3S2-Tori_h0C-1w,waldwick-new-jersey
https://www.ubereats.com/new-jersey/food-delivery/ronnies-hot-bagels/2ETMEvQjQQaYrpD7i7e0ww,waldwick-new-jersey
https://www.ubereats.com/new-jersey/food-delivery/sushi-lounge-totowa/G39nTbylSaO4cYYqt3lqQg,waldwick-new-jersey
https://www.ubereats.com/new-jersey/food-delivery/the-taco-shop/H8fwNqCnTbiFTe7xoTmI-Q,waldwick-new-jersey
https://www.ubereats.com/new-jersey/food-delivery/dunkin-15-w-allendale-ave/OOZYWFCiTd-oKSPcGEbg5Q,waldwick-new-jersey
https://www.ubereats.com/new-jersey/food-delivery/cucina-347/_8NXWxLCT2iAs3rZTI1YKw,waldwick-new-jersey
https://www.ubereats.com/new-jersey/food-delivery/dunkin-23-08-maple-ave/Et4usDwfQU6XU7OvqairMw,waldwick-new-jersey
https://www.ubereats.com/new-jersey/food-delivery/francos-pizza/2WG3DxCpRw6Tyk0jDSDoVw,waldwick-new-jersey
https://www.ubereats.com/new-jersey/food-delivery/wendys-19-wanaque-ave/_IAyL7szQ-GTrZGH7PFTfA,waldwick-new-jersey
https://www.ubereats.com/new-jersey/food-delivery/bgood-ridgewood/hUwTCNhmQGGgH-pbXINOUA,waldwick-new-jersey
https://www.ubereats.com/new-jersey/food-delivery/bagel-nosh-of-franklin-lakes/eAo-96lnRM6M3Jjk8MLyww,waldwick-new-jersey
https://www.ubereats.com/new-jersey/food-delivery/house-of-burrito-chicken-and-pizza/p_hJbixRS1a5VIDPP40fGg,waldwick-new-jersey
https://www.ubereats.com/new-jersey/food-delivery/kfc-465-broadway/LrhsVGaXQPe1LoIZG1fgpg,waldwick-new-jersey
https://www.ubereats.com/new-jersey/food-delivery/ma-mi-eatery/yiYO1-6gR9amxwFpougR5Q,waldwick-new-jersey
https://www.ubereats.com/new-jersey/food-delivery/tgi-fridays-625-hackensack-nj/Ti0Fm16QSkOzsG1tjcZI8w,waldwick-new-jersey
https://www.ubereats.com/new-jersey/food-delivery/dunkin-926-state-rt-17-north/em5y1BQaSRCsbnKrY9G-pw,waldwick-new-jersey
https://www.ubereats.com/new-jersey/food-delivery/paramus-bagels-%26-deli/YdTu-wS7RaS8odOmKK4dxA,waldwick-new-jersey
https://www.ubereats.com/new-jersey/food-delivery/hoshitori/LXP2pqIoSNO6DthBb3Gm3w,waldwick-new-jersey
https://www.ubereats.com/new-jersey/food-delivery/burger-king-41-franklin-turnpike/bilsZHZ4Stqm5uaMZt0ocw,waldwick-new-jersey
https://www.ubereats.com/new-jersey/food-delivery/dunkin-494-n-state-rt-17/wdGpXq-pS0KIXkNQoaEm0g,waldwick-new-jersey
https://www.ubereats.com/new-jersey/food-delivery/paolos-gourmet/uFd9FxvuT5OoTouNia0YWw,waldwick-new-jersey
https://www.ubereats.com/new-jersey/food-delivery/sushi-x/bjk3fMc4QpWjR-dbchTc6A,waldwick-new-jersey
https://www.ubereats.com/new-jersey/food-delivery/goody-chinese-%26-spanish-restaurant/9avgK7Z5SKGHL0ZQyMjMJg,waldwick-new-jersey
https://www.ubereats.com/new-jersey/food-delivery/starfish-cafe/SJcuJxnyTFO4NIn-PQh7Og,waldwick-new-jersey
https://www.ubereats.com/new-jersey/food-delivery/kilwins-ridgewood/tuIcpBoUS-689QBAmNiFcg,waldwick-new-jersey
https://www.ubereats.com/new-jersey/food-delivery/ihop-475-route-17-south/SN7bQuopQM6mfFbw8Y_QyA,waldwick-new-jersey
https://www.ubereats.com/new-jersey/food-delivery/cafe-de-royal/0PGIxxFKTfqH7BH52weMuA,waldwick-new-jersey
https://www.ubereats.com/new-jersey/food-delivery/midland-deli-%26-grill/YHqOCEClQnSYuIYqjGItKA,waldwick-new-jersey
https://www.ubereats.com/new-jersey/food-delivery/dunkin-128-chestnut-ridge-rd/vcXT0k69RNK-UXT1UEo_DA,waldwick-new-jersey
https://www.ubereats.com/new-jersey/food-delivery/panchos-burritos-new-milford/nqYEd5mIT9qdrFqYLUm21A,waldwick-new-jersey
https://www.ubereats.com/new-jersey/food-delivery/lolitas-mexican-cantina/X2Bl5S9CQ2eMoQGZJik4ww,waldwick-new-jersey
https://www.ubereats.com/new-jersey/food-delivery/ridgewood-hot-bagels/7PtflTLSQsSHyak4p8GBkg,waldwick-new-jersey
https://www.ubereats.com/new-jersey/food-delivery/subway-94-e-main-st/FJdDmYRBRDqKZASSihErkg,waldwick-new-jersey
https://www.ubereats.com/new-jersey/food-delivery/bibillia/HEt0aUHJQsSAWE_D4eY-3w,waldwick-new-jersey
https://www.ubereats.com/new-jersey/food-delivery/bagel-for-life-%26-gourmet-deli/vWvt50nASdGm_45EbGbZxg,waldwick-new-jersey
https://www.ubereats.com/new-jersey/food-delivery/dunkin-775-state-rt-17-s/-d9_YiLLQ6eHxMCnY0sSYA,waldwick-new-jersey
