url,city
https://www.ubereats.com/philadelphia/food-delivery/la-cannelle-cafe/0TLyAnokS8ubSQqT67FB9g,wallingford-pennsylvania
https://www.ubereats.com/philadelphia/food-delivery/chick-fil-a-405-macdade-blvd/04_Pk8YZQ1K6B__XAGIdqg,wallingford-pennsylvania
https://www.ubereats.com/philadelphia/food-delivery/a-%26-js-american-and-african-food/uNwmbWdOQ1OCNN5UH9FCbw,wallingford-pennsylvania
https://www.ubereats.com/philadelphia/food-delivery/caribbean-way/tFEwVWjyQiuzcTqD5pq_XQ,wallingford-pennsylvania
https://www.ubereats.com/philadelphia/food-delivery/bertuccis-501-byers-drive/mFNC15JwSaSxz5hF4D3wOA,wallingford-pennsylvania
https://www.ubereats.com/philadelphia/food-delivery/sciarrinos-pizzeria/e6QdCnjtQbysXpr5cr4oXQ,wallingford-pennsylvania
https://www.ubereats.com/philadelphia/food-delivery/swiss-farms-brookhaven/iOznb2PHQ_60CVTNVAnfjg,wallingford-pennsylvania
https://www.ubereats.com/philadelphia/food-delivery/saladworks-4127-concord-pike/6thim6WASsSCzxgT91TW3g,wallingford-pennsylvania
https://www.ubereats.com/philadelphia/food-delivery/santinos-tap-%26-table/vtro_sxxQYCm1HvmweJe7A,wallingford-pennsylvania
https://www.ubereats.com/philadelphia/food-delivery/tgi-fridays-301-rocky-run-pkwy/XADUnz-YSsKGZNXuqYVV3g,wallingford-pennsylvania
https://www.ubereats.com/philadelphia/food-delivery/chick-fil-a-4700-edgmont-ave/tB5zg3X8QIaYwLZkWA-8dQ,wallingford-pennsylvania
https://www.ubereats.com/philadelphia/food-delivery/chester-burger/qTFECRtKTqGXONW93g5OAw,wallingford-pennsylvania
https://www.ubereats.com/philadelphia/food-delivery/mama-mia-pizza/qYRICRRFRkO_SLqdaR3eFw,wallingford-pennsylvania
https://www.ubereats.com/philadelphia/food-delivery/folcroft-diner/u6bddjv3SXK_Puy92eAYrQ,wallingford-pennsylvania
https://www.ubereats.com/philadelphia/food-delivery/saladworks-lawrence-park/UX1RBHuCQzKuqsBhiiTChQ,wallingford-pennsylvania
https://www.ubereats.com/philadelphia/food-delivery/the-captains-boil-8680-bartram-ave/8zDXnXe4T6y4F9Di2mzRDw,wallingford-pennsylvania
https://www.ubereats.com/philadelphia/food-delivery/dunkin-921-lincoln-ave/t86W1eZ-QpCidXnznvyfpw,wallingford-pennsylvania
https://www.ubereats.com/philadelphia/food-delivery/ocean-house/JiTNBwvZSgCcgxNfjOfwnw,wallingford-pennsylvania
https://www.ubereats.com/philadelphia/food-delivery/philly-pretzel-factory-broomall/iIA9fBxYT0qkusNEg49qYw,wallingford-pennsylvania
https://www.ubereats.com/philadelphia/food-delivery/wawa-269-36-baltimore-pike/IiPpFZr5SA63T_QV7GQQPQ,wallingford-pennsylvania
https://www.ubereats.com/philadelphia/food-delivery/appetitos-pizza/xYm4DeOMQfyLRZILQ16nOQ,wallingford-pennsylvania
https://www.ubereats.com/philadelphia/food-delivery/renato-pizza/oeRCu6K5R0aV_kKiDRcSoA,wallingford-pennsylvania
https://www.ubereats.com/philadelphia/food-delivery/just-pizza/CNsAeQ5sQsS2JHJ1joecWw,wallingford-pennsylvania
https://www.ubereats.com/philadelphia/food-delivery/family-style-pizza-2/ouU8tx_RR9u1LZ9vR4li1w,wallingford-pennsylvania
https://www.ubereats.com/philadelphia/food-delivery/sterling-pig/wsNKnZP_SE6kbv1trfx1UQ,wallingford-pennsylvania
https://www.ubereats.com/philadelphia/food-delivery/1st-indian-kitchen/enkoUq0lThaFtJ8kop8y5A,wallingford-pennsylvania
https://www.ubereats.com/philadelphia/food-delivery/mcdonalds-island-avenue/eIyUFLuyThGKyFDlWxBqqg,wallingford-pennsylvania
https://www.ubereats.com/philadelphia/food-delivery/mikes-burgers-and-shakes/WzB4M9VdRaCvjiW2ZWF90w,wallingford-pennsylvania
https://www.ubereats.com/philadelphia/food-delivery/da-chen-chinese-restaurant/raiJB-IHRDqmy93DlAAzBA,wallingford-pennsylvania
https://www.ubereats.com/philadelphia/food-delivery/bamboo-bistro-philly/wBK6Z6TqRFmLluBgfYRpWg,wallingford-pennsylvania
https://www.ubereats.com/philadelphia/food-delivery/shere-e-punjab-indian-cuisine/RPwu0PrHSg2I-xi4tg4_Qg,wallingford-pennsylvania
https://www.ubereats.com/philadelphia/food-delivery/station-tap/JZNstNL3S1ihPvjkJGFC9w,wallingford-pennsylvania
https://www.ubereats.com/philadelphia/food-delivery/zacs-hamburgers/zXS9bDupS8OqO3a82kb9nA,wallingford-pennsylvania
https://www.ubereats.com/philadelphia/food-delivery/carrabbas-1250-baltimore-pike-springfield-mall/VfcjGuFuRYeoru52_vB3ZA,wallingford-pennsylvania
https://www.ubereats.com/philadelphia/food-delivery/smashburger-4828-edgmont-ave/OJ9p8TMTQ3Grwwyeq9lOmw,wallingford-pennsylvania
https://www.ubereats.com/philadelphia/food-delivery/chester-jamaican-kitchen/Nti5PqKSSBSzCc5ADBg4GA,wallingford-pennsylvania
https://www.ubereats.com/philadelphia/food-delivery/diegos-cantina-and-tequila-bar/yKuNisYwQRmPpy8KM5NUVw,wallingford-pennsylvania
https://www.ubereats.com/philadelphia/food-delivery/dunkin-2343-chichester-ave/CLLTJ61YQ0mnyJfPyqeD-g,wallingford-pennsylvania
https://www.ubereats.com/philadelphia/food-delivery/saxers-pub/x83hdof7TPqITi3lfFVaVA,wallingford-pennsylvania
https://www.ubereats.com/philadelphia/food-delivery/the-hot-dog-stand/J2dTIY8XSay6PLlCIUFN7g,wallingford-pennsylvania
https://www.ubereats.com/philadelphia/food-delivery/shere-e-punjab-drexel-hills/5uQ7GbPoTSqy_Jhbkdylyw,wallingford-pennsylvania
https://www.ubereats.com/philadelphia/food-delivery/dunkin-1100-chester-pike/628rUvCdS1SVx8OWrLoY1A,wallingford-pennsylvania
https://www.ubereats.com/philadelphia/food-delivery/popeyes-1991-sproul-rd/Abxdokv6QUiUxxPfE3Z76g,wallingford-pennsylvania
https://www.ubereats.com/philadelphia/food-delivery/mcdonalds-prospect-park/NLRw7I-LTW2S8O_lLxc8uQ,wallingford-pennsylvania
https://www.ubereats.com/philadelphia/food-delivery/dunkin-23-e-baltimore-ave/sER20JlPTgSR3XhhiqYqJw,wallingford-pennsylvania
https://www.ubereats.com/philadelphia/food-delivery/popeyes-411-baltimore-pike/CMR4xy9IRA-pDR_rxuMzIw,wallingford-pennsylvania
https://www.ubereats.com/philadelphia/food-delivery/iron-hill-brewery-%26-restaurant-media/cAm8TR1JSjCErp3MkoqJKw,wallingford-pennsylvania
https://www.ubereats.com/philadelphia/food-delivery/spice-indian-thai-bistro/48llgQFoRhSzQiLu5HzL9Q,wallingford-pennsylvania
https://www.ubereats.com/philadelphia/food-delivery/szechuan-hill/w9ieh2y_RsWxHHfVkFzR3Q,wallingford-pennsylvania
https://www.ubereats.com/philadelphia/food-delivery/ny-halal-food-truck-%23-2/-XcKHPAER56Jb7jJ5VO3Ag,wallingford-pennsylvania
https://www.ubereats.com/philadelphia/food-delivery/the-tattooed-pig/bFJpIPH3RhuhZckMIPZzTQ,wallingford-pennsylvania
https://www.ubereats.com/philadelphia/food-delivery/systahs/9v2qHxdiQLye3OIdoFb1Rw,wallingford-pennsylvania
https://www.ubereats.com/philadelphia/food-delivery/mazagan-moroccan-mediterranean-cuisines/3709yXvVT0GepptJlF5w1Q,wallingford-pennsylvania
https://www.ubereats.com/philadelphia/food-delivery/wendys-800-reed-rd/l96hf5_ITguFcqcORHD8nQ,wallingford-pennsylvania
https://www.ubereats.com/philadelphia/food-delivery/we-yone-african-restaurant/2svYdpJySYWjeSnB51OxoQ,wallingford-pennsylvania
https://www.ubereats.com/philadelphia/food-delivery/smashburger-400-s-state-rd/TGSpzqg7S0KxAJv1gescLg,wallingford-pennsylvania
https://www.ubereats.com/philadelphia/food-delivery/tumble-inn/eT15Mt2wR3eaTK8HliM_xw,wallingford-pennsylvania
https://www.ubereats.com/philadelphia/food-delivery/aston-diner/pbGBo0tYQIGM9owPKHayHA,wallingford-pennsylvania
https://www.ubereats.com/philadelphia/food-delivery/chipotle-mexican-grill-801-baltimore-pike/f3n_hYxlTDChm71Wh4glSg,wallingford-pennsylvania
https://www.ubereats.com/philadelphia/food-delivery/friendlys-1250-baltimore-pike-%23-l30/bGQgIQOAQz2HpBm7qrEoTQ,wallingford-pennsylvania
https://www.ubereats.com/philadelphia/food-delivery/phaby-patties/7riPyUZiScGh2l964PIO_g,wallingford-pennsylvania
https://www.ubereats.com/philadelphia/food-delivery/taco-bell-659-conchester-highway/rTqDNyDoRp6wxXoPkF7zLw,wallingford-pennsylvania
https://www.ubereats.com/philadelphia/food-delivery/nooddi-thai-chef/377E-ZJYQHWkYb278sTVuw,wallingford-pennsylvania
https://www.ubereats.com/philadelphia/food-delivery/trieste-italian-restaurant/EE32h2TFT4yh8MdHVLgPsA,wallingford-pennsylvania
https://www.ubereats.com/philadelphia/food-delivery/emma-liberian-kitchen/lxs2bYw9R_mnacMyMEjLXA,wallingford-pennsylvania
https://www.ubereats.com/philadelphia/food-delivery/taza-tarka/56yAt2Y2SK2Kam0BJmQe4w,wallingford-pennsylvania
https://www.ubereats.com/philadelphia/food-delivery/primohoagies-1304-west-chester-pike/r1JDguItSkWjywPHsA2lPQ,wallingford-pennsylvania
https://www.ubereats.com/philadelphia/food-delivery/crown-chicken-%26-grill-edgmont-ave/j52wHL6YSFyd8eo7OUjelQ,wallingford-pennsylvania
https://www.ubereats.com/philadelphia/food-delivery/red-fire-american-grill-clarion-hotel/fNBL3b5bSt6LVJVP0r0JhA,wallingford-pennsylvania
https://www.ubereats.com/philadelphia/food-delivery/toms-dim-sum-ii-media/bO3JImvOSqmf0HKcZ8es3A,wallingford-pennsylvania
https://www.ubereats.com/philadelphia/food-delivery/chill-out-chocolate-therapy/98ySfjyrT6itdEtj4QSzCw,wallingford-pennsylvania
https://www.ubereats.com/philadelphia/food-delivery/dunkin-146-n-macdade-blvd/xMTYk1Y2TruyuVSqMe8dIg,wallingford-pennsylvania
https://www.ubereats.com/philadelphia/food-delivery/k-%26-y-beer-and-wings/0rfoMDzDRwG2lOEppiMQAw,wallingford-pennsylvania
https://www.ubereats.com/philadelphia/food-delivery/china-wok-iii/1idHguBAQfezOc7WW7HutA,wallingford-pennsylvania
https://www.ubereats.com/philadelphia/food-delivery/laxmis-indian-grille-broomall/m2xHMC8GRUOk61fYnrcc3g,wallingford-pennsylvania
https://www.ubereats.com/philadelphia/food-delivery/burger-king-5012-pennell-rd/XfBckxt0QdO0m4mSxTpC_A,wallingford-pennsylvania
https://www.ubereats.com/philadelphia/food-delivery/saladworks-shop-rite-island-ave/SqsOXHIURtqf8uES5sK3JQ,wallingford-pennsylvania
https://www.ubereats.com/philadelphia/food-delivery/wing-squad-springfield-square/uE6JY4hKTCGOiLZY8Mx9UQ,wallingford-pennsylvania
https://www.ubereats.com/philadelphia/food-delivery/red-lobster-1-baltimore-pike/Gj0RkZ4SQd26NtnuwopAuQ,wallingford-pennsylvania
https://www.ubereats.com/philadelphia/food-delivery/antonias-family-restaurant/oQOW_VamTUSjTT44EedoNQ,wallingford-pennsylvania
https://www.ubereats.com/philadelphia/food-delivery/poke-bros-glen-mills/I5XPZkjBSY2MAGmk6KJjKQ,wallingford-pennsylvania
https://www.ubereats.com/philadelphia/food-delivery/ny-bagel-cafe/e5-SYdfjTEO317E2_zWD-A,wallingford-pennsylvania
https://www.ubereats.com/philadelphia/food-delivery/table-11/1W6-SmMpS46pKrLwRP8aaw,wallingford-pennsylvania
https://www.ubereats.com/philadelphia/food-delivery/chipotle-mexican-grill-400-s-state-rd/ov1pQyEORaSrJEh8f0dizA,wallingford-pennsylvania
https://www.ubereats.com/philadelphia/food-delivery/meximac-mexican-food-pa/gmFKpUWMQJmI8glk_wID0w,wallingford-pennsylvania
https://www.ubereats.com/philadelphia/food-delivery/emma-liberian-kitchen-2/CdwyXDtrQpuy9dW5TMTt5w,wallingford-pennsylvania
https://www.ubereats.com/philadelphia/food-delivery/yangtze-inn/H-ad8AxxQuapKrqX49QNoQ,wallingford-pennsylvania
https://www.ubereats.com/philadelphia/food-delivery/mcdonalds-havertwn-westche/h3pkIXuQS7uV8ZYYyDVUSQ,wallingford-pennsylvania
https://www.ubereats.com/philadelphia/food-delivery/manhattan-bagel-havertown/CiCyto9wTzybSbqs_aPRNg,wallingford-pennsylvania
https://www.ubereats.com/philadelphia/food-delivery/kung-fu-tea-media/N6J0VRpoTSShnhPXEYHfCg,wallingford-pennsylvania
https://www.ubereats.com/philadelphia/food-delivery/carrabbas-102-painters-crossing-painters-crossing-shopping-mall/4PASIsWUT7yl-MyMtRmvDA,wallingford-pennsylvania
https://www.ubereats.com/philadelphia/food-delivery/sciarrinos-pizza-springfield/ctPhW6ecRXGjwKvi4qKtzA,wallingford-pennsylvania
https://www.ubereats.com/philadelphia/food-delivery/tom-jones-family-restaurant/0RaJbJQsRT23M-AeAgKSYw,wallingford-pennsylvania
https://www.ubereats.com/philadelphia/food-delivery/stingers-waterfront/ZzZhl5XeTpW2uJof1_Wqhw,wallingford-pennsylvania
https://www.ubereats.com/philadelphia/food-delivery/primohoagies-132-e-baltimore-ave/WiQk0SKoSIS6i58uIqZ-KA,wallingford-pennsylvania
https://www.ubereats.com/philadelphia/food-delivery/visions-restaurant/SJ2OJKKjT9GvFVKERmp7OQ,wallingford-pennsylvania
https://www.ubereats.com/philadelphia/food-delivery/thai-fusion-kitchen/QMj2VvqpQl-9uv7D4Tzweg,wallingford-pennsylvania
https://www.ubereats.com/philadelphia/food-delivery/duletts-jamaica-wings/5vzwfuvSSNae7kbuCJorZg,wallingford-pennsylvania
https://www.ubereats.com/philadelphia/food-delivery/little-basil/NWCBmQ0iRQm2_cC84CbhLw,wallingford-pennsylvania
https://www.ubereats.com/philadelphia/food-delivery/stingers-restaurant-and-bar/2e6C3nwsQBu6mxofhWajrw,wallingford-pennsylvania
https://www.ubereats.com/philadelphia/food-delivery/kfc-taco-bell-835-west-sproul-rd/mdYYmTi2TBm76iP5pWUn9Q,wallingford-pennsylvania
https://www.ubereats.com/philadelphia/food-delivery/wendys-3521-edgemont-avenue/b2J6CfgdShmmjTUD-qKnNA,wallingford-pennsylvania
https://www.ubereats.com/philadelphia/food-delivery/kfc-taco-bell3515-edgmont-ave/tFOOxLNaQp6Qxgdr5A8p0g,wallingford-pennsylvania
https://www.ubereats.com/philadelphia/food-delivery/uno-pizzeria-%26-grill-1516-providence-ave/dNU-ngzSQ-CoDANnKhMRUQ,wallingford-pennsylvania
https://www.ubereats.com/philadelphia/food-delivery/ruby-tuesday-8680-bartram-ave/DShbhIRmRMyOS0bbrB520g,wallingford-pennsylvania
https://www.ubereats.com/philadelphia/food-delivery/applebees-320-macdade-blvd/XsjEpOd6R0mg3yJHTId_Gw,wallingford-pennsylvania
https://www.ubereats.com/philadelphia/food-delivery/llanerch-diner/aqTA56hKQKy1g4Jy3jaA_g,wallingford-pennsylvania
https://www.ubereats.com/philadelphia/food-delivery/capriottis-sandwich-shop-301-byers-drive/CEM4VWlLSGWCRy379fpSwg,wallingford-pennsylvania
https://www.ubereats.com/philadelphia/food-delivery/napoca-pizzeria/HN56Dv9cRMi-8R06843Qng,wallingford-pennsylvania
https://www.ubereats.com/philadelphia/food-delivery/late-night-munch-%26-crunch/FjpjQ6u6QqSQaqO_HxV90g,wallingford-pennsylvania
https://www.ubereats.com/philadelphia/food-delivery/popeyes-eddystone/i_hXEKmsSoG7HYqUUBFTCg,wallingford-pennsylvania
https://www.ubereats.com/philadelphia/food-delivery/frankies-on-fairview-by-chef-reeky/L_MxSXCWQD6t1tnxyZICfQ,wallingford-pennsylvania
https://www.ubereats.com/philadelphia/food-delivery/pearl-chinese-and-japanese-cuisine/XCrT3YHUSDeqqZ5nIeYgxQ,wallingford-pennsylvania
https://www.ubereats.com/philadelphia/food-delivery/320-market-cafe-swarthmore/h5OAlbhrQeWemDo_GjriLg,wallingford-pennsylvania
https://www.ubereats.com/philadelphia/food-delivery/jd-mcgillicuddys/8cfLn2zpRGqjWSdUiGZpCw,wallingford-pennsylvania
https://www.ubereats.com/philadelphia/food-delivery/cracker-barrel-old-country-store-125-s-stewart-ave/9RVk7ptaSR-XxCC0hKJRNw,wallingford-pennsylvania
https://www.ubereats.com/philadelphia/food-delivery/wawa-293-5337-baltimore-pike/jSep3jwqSh-KBpzEeOyzIQ,wallingford-pennsylvania
https://www.ubereats.com/philadelphia/food-delivery/napoletano-brothers/2k8Muq6rQkWL75ELaqQTDg,wallingford-pennsylvania
https://www.ubereats.com/philadelphia/food-delivery/turning-point-of-media/beDWd9sJRx2UUWBuWx_FHg,wallingford-pennsylvania
https://www.ubereats.com/philadelphia/food-delivery/primohoagies-504-baltimore-pike/IVJS6SGhS7eE9U_bngGrFQ,wallingford-pennsylvania
https://www.ubereats.com/philadelphia/food-delivery/mcdonalds-eddystone/mVGFnkfMTY2sv1sQOjhr8w,wallingford-pennsylvania
https://www.ubereats.com/philadelphia/food-delivery/sonic-2610-east-macdade-boulevard/cIDCgxw7TPadjRdzpV23Ww,wallingford-pennsylvania
https://www.ubereats.com/philadelphia/food-delivery/ruby-tuesday-2650-macdade-blvd/_5yX93tJQo-9X-mTmPssag,wallingford-pennsylvania
https://www.ubereats.com/philadelphia/food-delivery/roma-deli/cNgsWZH6RZCWV5GIn9GoPA,wallingford-pennsylvania
https://www.ubereats.com/philadelphia/food-delivery/alfredos-pizza/GJv1LiPkQfqeZhVpEC9H5A,wallingford-pennsylvania
https://www.ubereats.com/philadelphia/food-delivery/gateway-diner/1qkftb31ShmfRZNbtcMqNA,wallingford-pennsylvania
https://www.ubereats.com/philadelphia/food-delivery/mcdonalds-woodlyn-mac-dade/3ilayAguTE6y2jLK35IIcg,wallingford-pennsylvania
https://www.ubereats.com/philadelphia/food-delivery/chickies-%26-petes-drexel-hill/M8SCsX4mScqBOwBCuzm1OQ,wallingford-pennsylvania
https://www.ubereats.com/philadelphia/food-delivery/bubble-shack/jN5XhSP4RD6ieViZiFG64g,wallingford-pennsylvania
https://www.ubereats.com/philadelphia/food-delivery/zacs-hamburgers-aston/IMU3hKPBQ3OAegSCeehiGw,wallingford-pennsylvania
https://www.ubereats.com/philadelphia/food-delivery/outback-steakhouse-701-byers-drive/mBB59NNTQUeq5fySbzzDAA,wallingford-pennsylvania
https://www.ubereats.com/philadelphia/food-delivery/jaco-juice-%26-taco-bar/RHk9C3JASgG5nx8qjgQjBw,wallingford-pennsylvania
https://www.ubereats.com/philadelphia/food-delivery/dunkin-2705-edgmont-ave/YeC0w0ZNQJOv9G3JK6yB4A,wallingford-pennsylvania
https://www.ubereats.com/philadelphia/food-delivery/mcdonalds-darby/CizD9E_TQmWMGc16cMVgcA,wallingford-pennsylvania
https://www.ubereats.com/philadelphia/food-delivery/wendys-132-north-macdade/7XwBXyDOQT-nkmeg3l794A,wallingford-pennsylvania
https://www.ubereats.com/philadelphia/food-delivery/swiss-farms-milmont-park/-QT8PgNQRCCTcJ27W1Zqvw,wallingford-pennsylvania
https://www.ubereats.com/philadelphia/food-delivery/dunkin-5101-pennell-rd/EKVyl1JIS-243DCdmD2dLw,wallingford-pennsylvania
https://www.ubereats.com/philadelphia/food-delivery/kaywayjuice-juice-bar-%26-plant-based-cafe/T4qVHb8iQTueK7Rryq5vmA,wallingford-pennsylvania
https://www.ubereats.com/philadelphia/food-delivery/trieste-restaurant/hL2cuVVZS8OMyGl2qrtwxw,wallingford-pennsylvania
https://www.ubereats.com/philadelphia/food-delivery/coccos-pizza-folsom/6x81KcsURsedoRKSNlbLyA,wallingford-pennsylvania
https://www.ubereats.com/philadelphia/food-delivery/cedar-craft-%26-kitchen/XVHddHnlTvuvQkYWJNBWFA,wallingford-pennsylvania
https://www.ubereats.com/philadelphia/food-delivery/mcdonalds-holmes/KI74TgjzS2C0BOQdrOnHoQ,wallingford-pennsylvania
https://www.ubereats.com/philadelphia/food-delivery/mcdonalds-pilgrim-gardens-pa/dcr44NqfTRGCL3JdIwYabw,wallingford-pennsylvania
https://www.ubereats.com/philadelphia/food-delivery/moes-southwest-grill-drexel-hill/7nNW1FdlTxu2YO59YrvggA,wallingford-pennsylvania
https://www.ubereats.com/philadelphia/food-delivery/wawa-8048-111-morton-ave/yah5M1YJSwe8vxzPpgSa_A,wallingford-pennsylvania
https://www.ubereats.com/philadelphia/food-delivery/house-restaurant/cxkbSS9pTPGUjECWzUyCvQ,wallingford-pennsylvania
https://www.ubereats.com/philadelphia/food-delivery/car-miras-deli/Vidht_TuQimzyjQeHhA2eQ,wallingford-pennsylvania
https://www.ubereats.com/philadelphia/food-delivery/desert-rose-mediterranean-cuisine/xSO8IFV7SaqjN41tF-XLGA,wallingford-pennsylvania
https://www.ubereats.com/philadelphia/food-delivery/mcdonalds-broomall-pa/KttcJK8_Ro2sQMD-7NNlFg,wallingford-pennsylvania
https://www.ubereats.com/philadelphia/food-delivery/wing-hut/sHU0MFtUQBC6sMMg4HPa6A,wallingford-pennsylvania
https://www.ubereats.com/philadelphia/food-delivery/tashas-takeout/VtcqrYdpSjK9NJg79NZz4w,wallingford-pennsylvania
https://www.ubereats.com/philadelphia/food-delivery/philly-pretzel-factory-folsom/BAwmtZJxRimNUFNE2WSF8g,wallingford-pennsylvania
https://www.ubereats.com/philadelphia/food-delivery/seafood-from-the-soul/5TqyFjPzSF--8x2ofgyxNA,wallingford-pennsylvania
https://www.ubereats.com/philadelphia/food-delivery/ocean-crab/6LuFVIFvSnCIX-A0likJeQ,wallingford-pennsylvania
https://www.ubereats.com/philadelphia/food-delivery/dunkin-1165-w-baltimore-pike/Vgx594nBR_KLMtL4QTa8BA,wallingford-pennsylvania
https://www.ubereats.com/philadelphia/food-delivery/nifty-fiftys-ridely-township/rszaH3wlRsKzZb00SJJ3Rw,wallingford-pennsylvania
https://www.ubereats.com/philadelphia/food-delivery/starbucks-havertown/9l082uWGQU-t89dOx-DL_A,wallingford-pennsylvania
https://www.ubereats.com/philadelphia/food-delivery/infinite-diner/Bo1tbVgdT9qzaNx3O_-HOw,wallingford-pennsylvania
https://www.ubereats.com/philadelphia/food-delivery/qdoba-mexican-grill-1054-baltimore-pike/oxzZFhxrRgKgyGU5mqoQ5A,wallingford-pennsylvania
https://www.ubereats.com/philadelphia/food-delivery/pf-changs-983-baltimore-pike/I3EEgbmyS4Go_z2qJ_SANQ,wallingford-pennsylvania
https://www.ubereats.com/philadelphia/food-delivery/dunkin-600-chester-pike/q5xgDP7PT1iiJ60uKxzP9Q,wallingford-pennsylvania
https://www.ubereats.com/philadelphia/food-delivery/sbarro-1250-baltimore-pike-space-%2314l/pOk5LaurQxycftmU-rbsmQ,wallingford-pennsylvania
https://www.ubereats.com/philadelphia/food-delivery/old-state-tavern/kBbmBt-NTMqbIqejHAm4wQ,wallingford-pennsylvania
https://www.ubereats.com/philadelphia/food-delivery/five-guys-pa-1873-1075-w-baltimore-pike/BD1TqI7oQEKyAEUf9uEXPQ,wallingford-pennsylvania
https://www.ubereats.com/philadelphia/food-delivery/ny-bagel-%26-sandwich-shop/KKujwXaESbuc2w9UxSicDA,wallingford-pennsylvania
https://www.ubereats.com/philadelphia/food-delivery/anthonys-ristorante/5EALL-PIQAGkQM7pNrQnmw,wallingford-pennsylvania
https://www.ubereats.com/philadelphia/food-delivery/ariano/7OpCAkXMSdi9WXwH4Mw1BA,wallingford-pennsylvania
https://www.ubereats.com/philadelphia/food-delivery/buddys-burger-w-state/jj7ciIy6Q-GYB4N7eR9xRQ,wallingford-pennsylvania
https://www.ubereats.com/philadelphia/food-delivery/bertuccis-springfield-square/oXL1fQhfQFK5SsR_1gI3HQ,wallingford-pennsylvania
https://www.ubereats.com/philadelphia/food-delivery/little-caesars-pizza-1936-macdade-blvd/PEPjjTvNTV23vjo6jEwMEQ,wallingford-pennsylvania
https://www.ubereats.com/philadelphia/food-delivery/springfield-diner/7iheqqo1R-iHHOa-_gk68w,wallingford-pennsylvania
https://www.ubereats.com/philadelphia/food-delivery/ginza/F-8T9IoSTYOjuXEEicVxBQ,wallingford-pennsylvania
https://www.ubereats.com/philadelphia/food-delivery/arbys-618-chester-pike/NvHZoHKMQ6aFjcDVQEKPdQ,wallingford-pennsylvania
https://www.ubereats.com/philadelphia/food-delivery/the-fainting-goat/UZACUBkWQee-2M6PQzJLHg,wallingford-pennsylvania
https://www.ubereats.com/philadelphia/food-delivery/five-guys-pa-0251-2053-sproul-rd/Vu-ssF_vSRKXvkn2De1wog,wallingford-pennsylvania
https://www.ubereats.com/philadelphia/food-delivery/wendys-310-macdade-blvd/ntcLvE7NQLaekHkWTCtO2g,wallingford-pennsylvania
https://www.ubereats.com/philadelphia/food-delivery/capriottis-sandwich-shop-springfield/-SAbiHU8RTenaJc_ERsiDA,wallingford-pennsylvania
https://www.ubereats.com/philadelphia/food-delivery/oscar-pizza/VqUd-0ykTcaJ7fZBJ3yw8Q,wallingford-pennsylvania
https://www.ubereats.com/philadelphia/food-delivery/philly-diner/Mbrt70rFQtWIUGpCO85tXQ,wallingford-pennsylvania
https://www.ubereats.com/philadelphia/food-delivery/sciarrino/Nbtg8P3mTyineaOd_hyi6w,wallingford-pennsylvania
https://www.ubereats.com/philadelphia/food-delivery/starbucks-media-baltimore-pike/pS7Z-ZX5QM6RAL9YSk7kvQ,wallingford-pennsylvania
https://www.ubereats.com/philadelphia/food-delivery/6804-bonefish-grill-4737-concord-pike/4Qe_iYyCTcyKGBeNYDowlg,wallingford-pennsylvania
https://www.ubereats.com/philadelphia/food-delivery/little-anthonys/wpF7WZGBSduz-ha_q02T6A,wallingford-pennsylvania
https://www.ubereats.com/philadelphia/food-delivery/burger-king-4701-edgmont-ave/rC_j6MsnRQORapZQeWlmYA,wallingford-pennsylvania
https://www.ubereats.com/philadelphia/food-delivery/illusions/PaYcQPnjSJqmHlGvu5VpSA,wallingford-pennsylvania
https://www.ubereats.com/philadelphia/food-delivery/millers-ale-house-media/dUu_2iMVSaGElNt5YhlVAg,wallingford-pennsylvania
https://www.ubereats.com/philadelphia/food-delivery/boston-market-3603-philadelphia-pk/_uMGWNWmTp2kCCFwUxveAQ,wallingford-pennsylvania
https://www.ubereats.com/philadelphia/food-delivery/wendys-5150-pennell-road/LrCCT1fcRsqoHmmdXsuOyg,wallingford-pennsylvania
https://www.ubereats.com/philadelphia/food-delivery/taco-bell-121-n-mcdade-blvd/tOhIPlCgTPOST2xSFnnypw,wallingford-pennsylvania
https://www.ubereats.com/philadelphia/food-delivery/primohoagies-3474-concord-rd/GiMM7818Q8WPAjlEdZSR_A,wallingford-pennsylvania
https://www.ubereats.com/philadelphia/food-delivery/media-bean-company/jkUD1bj7TFiCfjLLFnqOQA,wallingford-pennsylvania
https://www.ubereats.com/philadelphia/food-delivery/bbq-chicken-%26-tiken-tea-upper-darby-pa/GhQaOlkDQ9SBy1VyQgUodQ,wallingford-pennsylvania
https://www.ubereats.com/philadelphia/food-delivery/chipotle-mexican-grill-1075-w-baltimore-pike-ste-l/DsS1LhRhT4a83lNf8ENFvQ,wallingford-pennsylvania
https://www.ubereats.com/philadelphia/food-delivery/wawa-8027-5008-pennell-road/ynxRn7g0SMmtfttsZuVT0w,wallingford-pennsylvania
https://www.ubereats.com/philadelphia/food-delivery/jamaica-finga-licking-kitchen/7ZnP5IklR06PdnqcngMjKQ,wallingford-pennsylvania
https://www.ubereats.com/philadelphia/food-delivery/lariele-wood-fired-square-pie/d2JAPYp4TIyx-dXtJlCgpA,wallingford-pennsylvania
https://www.ubereats.com/philadelphia/food-delivery/dunkin-608-conchester-hwy/2BtH-nlARwyDQRxjSdGXtw,wallingford-pennsylvania
https://www.ubereats.com/philadelphia/food-delivery/bogarts-bar-and-grille/jgJ4yNJ8QxSmb3gmziKJmQ,wallingford-pennsylvania
https://www.ubereats.com/philadelphia/food-delivery/n-y-fried-chicken/Pe8OCdLERYuC2HrEkDZGJA,wallingford-pennsylvania
https://www.ubereats.com/philadelphia/food-delivery/subway-2400-market-st/6pQDoAo1T2q8bwyp6nidew,wallingford-pennsylvania
https://www.ubereats.com/philadelphia/food-delivery/sofies-steaks/34j1uGuuQMS0L473ib9UuQ,wallingford-pennsylvania
https://www.ubereats.com/philadelphia/food-delivery/popeyes-pennell-road/uR7uChRURMyhJXJu9eQ4ig,wallingford-pennsylvania
https://www.ubereats.com/philadelphia/food-delivery/la-tolteca/brQgGsc1RFmemUvPPki6NA,wallingford-pennsylvania
https://www.ubereats.com/philadelphia/food-delivery/imperial-house/qbTERSzlQ-ylnUUBEsDtbw,wallingford-pennsylvania
https://www.ubereats.com/philadelphia/food-delivery/cascata-caffe/XODUpjGBSGWXGqn3hFqJrA,wallingford-pennsylvania
https://www.ubereats.com/philadelphia/food-delivery/boston-market-5200-baltimore-pk/jbqi9bFWT7yHjyJtwDMZrg,wallingford-pennsylvania
https://www.ubereats.com/philadelphia/food-delivery/not-just-wings/jgoo-iuASnO9RqsswtRXjQ,wallingford-pennsylvania
https://www.ubereats.com/philadelphia/food-delivery/brothers-pizza-and-restaurant/zTI2mcx0TdawldPQzl7Pag,wallingford-pennsylvania
https://www.ubereats.com/philadelphia/food-delivery/john-mortons-tavern/nolyayVmQR-mOIfNutxObw,wallingford-pennsylvania
https://www.ubereats.com/philadelphia/food-delivery/auntie-annes-50-n-mcdade-blvd/ARB1PVUdRMqBMwCOanyf4w,wallingford-pennsylvania
https://www.ubereats.com/philadelphia/food-delivery/anthonys-at-paxon-hollow/kKFP4lqnTgKoTh7GUDgSpA,wallingford-pennsylvania
https://www.ubereats.com/philadelphia/food-delivery/kfc-taco-bell-5311-w-baltimore-avenue/gMQHZQXRRwWcACqH25K83g,wallingford-pennsylvania
https://www.ubereats.com/philadelphia/food-delivery/dunkin-1601-macdade-blvd/8tts5Y9rSqSFCq8CkHF-tg,wallingford-pennsylvania
https://www.ubereats.com/philadelphia/food-delivery/italian-delight-inc/iSxFFSETQZiWrTvTjfKr4A,wallingford-pennsylvania
https://www.ubereats.com/philadelphia/food-delivery/crab-shack/gLFry-C1SZSfx3qerUtV7g,wallingford-pennsylvania
https://www.ubereats.com/philadelphia/food-delivery/swiss-farms-clifton-heights/SGiUSWWnQ1qIaeoDvIiIcQ,wallingford-pennsylvania
https://www.ubereats.com/philadelphia/food-delivery/le-mandingue/nnZfbz5XTPC48nDVOLTJ2Q,wallingford-pennsylvania
https://www.ubereats.com/philadelphia/food-delivery/pizzeria/Dpezw_SOTnKaBA8g88cgdQ,wallingford-pennsylvania
https://www.ubereats.com/philadelphia/food-delivery/phillys-taste/_S9CToKaRl6x7skYE7gXCA,wallingford-pennsylvania
https://www.ubereats.com/philadelphia/food-delivery/manhattan-bagel-%23-0469/F3bwbpqqQcC89Lywkpc24Q,wallingford-pennsylvania
https://www.ubereats.com/philadelphia/food-delivery/starbucks-shoppes-at-brookhaven/D_Q-t95vRSqMgMYjDYfpMg,wallingford-pennsylvania
https://www.ubereats.com/philadelphia/food-delivery/el-sazon-de-donna-eva/GOFtt0GsSv2ORpbY5CKRKg,wallingford-pennsylvania
https://www.ubereats.com/philadelphia/food-delivery/pancheros-mexican-grill-503-e-baltimore-pike/efr5buqySAa6TrrItmqpYw,wallingford-pennsylvania
https://www.ubereats.com/philadelphia/food-delivery/mrs-marys-kitchen/wUpIlkapQUSgKAVhQUamOQ,wallingford-pennsylvania
https://www.ubereats.com/philadelphia/food-delivery/shugar-shack-soulfood-catering/i0Ed0mDZQh2ytksxWSd-Mg,wallingford-pennsylvania
https://www.ubereats.com/philadelphia/food-delivery/chipotle-mexican-grill-1751-wilmington-pike-ste-c-3/GKEFTcJXR-Kn0RzVOGLv4w,wallingford-pennsylvania
https://www.ubereats.com/philadelphia/food-delivery/mcdonalds-lansdown-%26-state/KpTF8nfLSRqdRJei3BJzHA,wallingford-pennsylvania
https://www.ubereats.com/philadelphia/food-delivery/famous-crab-cakes-prospect-park/NUzAZfp1RHGhTCPZPYL4Eg,wallingford-pennsylvania
https://www.ubereats.com/philadelphia/food-delivery/upland-diner/ymttNv2YQAu8Rr9jGu58vQ,wallingford-pennsylvania
https://www.ubereats.com/philadelphia/food-delivery/yuki-sushi/icVyMyjfTkyZjlPAToKnow,wallingford-pennsylvania
https://www.ubereats.com/philadelphia/food-delivery/springfield-pizza/qMPeVIxbSiqOOPhvupVHPg,wallingford-pennsylvania
https://www.ubereats.com/philadelphia/food-delivery/taco-bell-1252-macdade-blvd/oTC8jl2qTkW82W1fUwhTyA,wallingford-pennsylvania
https://www.ubereats.com/philadelphia/food-delivery/pasta-hut/Hrb4snA8SeiB4CeJKj-Bdg,wallingford-pennsylvania
https://www.ubereats.com/philadelphia/food-delivery/country-squire-diner-restaurant-%26-bakery/YyfWIsUdSmaFZbY_NJj7ig,wallingford-pennsylvania
https://www.ubereats.com/philadelphia/food-delivery/pretzel-boys/-xJFnpPkRwOjdQnLtKCkoQ,wallingford-pennsylvania
https://www.ubereats.com/philadelphia/food-delivery/elbas-deli-%26-restaurant/a8cxewBZTRCb-NWcIlYerA,wallingford-pennsylvania
https://www.ubereats.com/philadelphia/food-delivery/primohoagies-3501-philadelphia-pike-suite-1/gnV15AU-T2yEm_33WCm_jQ,wallingford-pennsylvania
https://www.ubereats.com/philadelphia/food-delivery/difabios-market-and-tap/8xd0edAFQMOwz9pZTi9_hg,wallingford-pennsylvania
https://www.ubereats.com/philadelphia/food-delivery/tacos-mexigo/tNw4yLzJQTOx8xa6pjWsCw,wallingford-pennsylvania
https://www.ubereats.com/philadelphia/food-delivery/cold-stone-creamery-springfield/Qs9DeFn3Rjyx3hnButO2OQ,wallingford-pennsylvania
https://www.ubereats.com/philadelphia/food-delivery/wendys-3100-chichester-avenue/Tr2r2sBUTsaI2xRdgIDu8Q,wallingford-pennsylvania
https://www.ubereats.com/philadelphia/food-delivery/la-taco-bistro/psakLSMNR-6tvaqR7Lui6Q,wallingford-pennsylvania
https://www.ubereats.com/philadelphia/food-delivery/dunkin-1158-baltimore-pike/BZLESWqHQc-MkVvkGrMWhg,wallingford-pennsylvania
https://www.ubereats.com/philadelphia/food-delivery/demarcos-restaurant-%26-bar/PdUU81ZuTHWrafohFU9TKw,wallingford-pennsylvania
https://www.ubereats.com/philadelphia/food-delivery/jk-mini-market/OnnPK1xXSBODJFr85RYtug,wallingford-pennsylvania
https://www.ubereats.com/philadelphia/food-delivery/the-captains-boil-2650-macdade-blvd/eZtGv3q_QsOBbQ0j4vlozg,wallingford-pennsylvania
https://www.ubereats.com/philadelphia/food-delivery/kellys-corner/ZgA-HpqnTkGzi4RldFTBag,wallingford-pennsylvania
https://www.ubereats.com/philadelphia/food-delivery/dim-sum-mania-%E4%B8%8A%E6%B5%B7%E4%BD%AC/ClcXpBS2QOuxcKnqgrG2hw,wallingford-pennsylvania
https://www.ubereats.com/philadelphia/food-delivery/taj-mahal-restaurant/Br7a4ip1RHS3IzoTfSBJeQ,wallingford-pennsylvania
https://www.ubereats.com/philadelphia/food-delivery/pei-wei-950-baltimore-pike/vmET3LY6RqiS6tnh2xOMYA,wallingford-pennsylvania
https://www.ubereats.com/philadelphia/food-delivery/la-na-thai-french-cuisine/YVFoI0ghQ3y7Oeljo34Zeg,wallingford-pennsylvania
https://www.ubereats.com/philadelphia/food-delivery/thunderbird-ii-springfield/wvi1SSGET52dfXgNTQz1EA,wallingford-pennsylvania
https://www.ubereats.com/philadelphia/food-delivery/kings-deli/XLkf_ncOQ7CJw7AGPH2dDA,wallingford-pennsylvania
https://www.ubereats.com/philadelphia/food-delivery/mcdonalds-clftn-hts-balt/clyYG4h5TK66jfIdZc9jHQ,wallingford-pennsylvania
https://www.ubereats.com/philadelphia/food-delivery/ashleys-restaurant/gOBmHF-CQ8iSwyn3gST1bw,wallingford-pennsylvania
https://www.ubereats.com/philadelphia/food-delivery/dennys-47-industrial-hwy/Cuf7S6OASCyhXMi_3r-uYA,wallingford-pennsylvania
https://www.ubereats.com/philadelphia/food-delivery/arbys-523-w-baltimore-pike/j6h4XWUJRVu41oOrlko-_A,wallingford-pennsylvania
https://www.ubereats.com/philadelphia/food-delivery/el-buen-sazon/PRNryIkDSQe7knon5MZfsg,wallingford-pennsylvania
https://www.ubereats.com/philadelphia/food-delivery/millers-diner/LTAz8BlRSm-M6Kc7_5kUEQ,wallingford-pennsylvania
https://www.ubereats.com/philadelphia/food-delivery/the-juice-merchant/iAxLxU7LTWST3wJvIRNo7A,wallingford-pennsylvania
https://www.ubereats.com/philadelphia/food-delivery/tee-and-company-convenience/PXTUBPy0T8e3szGGziIcdA,wallingford-pennsylvania
https://www.ubereats.com/philadelphia/food-delivery/dunkin-100-baltimore-pike/AKIThDdyS3i98R2_WmO07w,wallingford-pennsylvania
https://www.ubereats.com/philadelphia/food-delivery/thai-aroy-dee/4rbfHKinS-OFo_adDvQD8Q,wallingford-pennsylvania
https://www.ubereats.com/philadelphia/food-delivery/famous-daves-barbecue-baltimore-pike/yWFLzrbuSveLW_MmJmOUiQ,wallingford-pennsylvania
https://www.ubereats.com/philadelphia/food-delivery/femis-pizza/SZBvhy34QfqyG1Ep3rZsJQ,wallingford-pennsylvania
https://www.ubereats.com/philadelphia/food-delivery/caseys-saloon-and-restaurant-ridley-park/iyVF-Y-tS_CjVmaNfmRGqw,wallingford-pennsylvania
https://www.ubereats.com/philadelphia/food-delivery/arbys-601-conchester-hwy/1RjuEWiNTxmLRn7ux0s1Zg,wallingford-pennsylvania
https://www.ubereats.com/philadelphia/food-delivery/perkins-restaurant-%26-bakery-drexel-hill/lwp0WALQT3inzfgd35UOaQ,wallingford-pennsylvania
https://www.ubereats.com/philadelphia/food-delivery/i-got-the-juice-cafe/SJwIkJ8NSFiAm-skibyphw,wallingford-pennsylvania
https://www.ubereats.com/philadelphia/food-delivery/dunkin-1876-delmar-dr/r5CkTTRYSf-fSe9g4pH6Xg,wallingford-pennsylvania
https://www.ubereats.com/philadelphia/food-delivery/dunkin-1-s-chester-rd/RB7geg4uTtOe7kPv-Dl3pg,wallingford-pennsylvania
https://www.ubereats.com/philadelphia/food-delivery/stephens-on-state/zWKW2kMiT7q22r56KLnw9g,wallingford-pennsylvania
https://www.ubereats.com/philadelphia/food-delivery/ginos-pizza-store/_XGMRc9zTeCPk4Pv0icgMQ,wallingford-pennsylvania
https://www.ubereats.com/philadelphia/food-delivery/seafood-hut/DKDXRvnxS9CLD--DjXytJQ,wallingford-pennsylvania
https://www.ubereats.com/philadelphia/food-delivery/state-street-sandwiches/90C2xCRYSG2I4YQ3gedMsA,wallingford-pennsylvania
https://www.ubereats.com/philadelphia/food-delivery/hunts-wing-hut/eM1O5f4FQDCwT6cw3cixLA,wallingford-pennsylvania
https://www.ubereats.com/philadelphia/food-delivery/wendys-115-stewart-avenue/9K7WgcJRRiGlY6IxWvkniw,wallingford-pennsylvania
https://www.ubereats.com/philadelphia/food-delivery/shugar-shack-soulfood/WVmPrginSPKa-zuq7S0Tmg,wallingford-pennsylvania
https://www.ubereats.com/philadelphia/food-delivery/chill-out-ice-cream-and-water-ice/7xJ5FCnyTBGd2DE4_mlAhQ,wallingford-pennsylvania
https://www.ubereats.com/philadelphia/food-delivery/desert-rose-bowls/_HrTAgC3QBKWLqa_If7sHw,wallingford-pennsylvania
https://www.ubereats.com/philadelphia/food-delivery/wendys-294-e-baltimore-pike/UeaxMRUXSQeWdSvarFN-jQ,wallingford-pennsylvania
https://www.ubereats.com/philadelphia/food-delivery/popeyes-macdade-blvd/IMUXivIUSdWUFVtzEcpm7w,wallingford-pennsylvania
https://www.ubereats.com/philadelphia/food-delivery/auntie-annes-1570-chester-pike/j5KSzr_xS5KwYEdLm1P4sQ,wallingford-pennsylvania
https://www.ubereats.com/philadelphia/food-delivery/mcdonalds-brookhaven/5V4bcH6bSAKon8sFZB6D8A,wallingford-pennsylvania
https://www.ubereats.com/philadelphia/food-delivery/aria-mediterranean-cuisine/2d-Cow8MRUSfkm00Kf_X9Q,wallingford-pennsylvania
https://www.ubereats.com/philadelphia/food-delivery/hometown-breakfast-cafe/ezhSjmMvRlqdfC1RGQNbFA,wallingford-pennsylvania
https://www.ubereats.com/philadelphia/food-delivery/train-stop/CEaY4KbdSx2oE58OAEFhbQ,wallingford-pennsylvania
https://www.ubereats.com/philadelphia/food-delivery/tony-lukes/gQE-0NBnQki8HL1i-yTuIA,wallingford-pennsylvania
https://www.ubereats.com/philadelphia/food-delivery/new-tiny-hoagie-shop/H5OwSybaQdWcUp6AfygzRA,wallingford-pennsylvania
https://www.ubereats.com/philadelphia/food-delivery/kfc-taco-bell-609-naamans-rd/Ld4f0DnQQbO2sXudB773VQ,wallingford-pennsylvania
https://www.ubereats.com/philadelphia/food-delivery/dunkin-819-wsproul-rd/IUgJsze8SdCuTy2QjMBQsA,wallingford-pennsylvania
https://www.ubereats.com/philadelphia/food-delivery/dunkin-5060-township-line-rd/E0CRqLqcS2SlUH8TAHQYBg,wallingford-pennsylvania
https://www.ubereats.com/philadelphia/food-delivery/chuck-e-cheese-371-baltimore-pike/ofDz5-khQKua0yzT5swgMQ,wallingford-pennsylvania
https://www.ubereats.com/philadelphia/food-delivery/apollo-pizza/y9U4l2D7TRiQ3IwB-33nyg,wallingford-pennsylvania
https://www.ubereats.com/philadelphia/food-delivery/1010-pizza-%26-grill/FwacCsdfQlmNmKnTN9tcTw,wallingford-pennsylvania
https://www.ubereats.com/philadelphia/food-delivery/mod-pizza-brandywine-mills/Y5v12o-ISqux7VFB3yyDZA,wallingford-pennsylvania
https://www.ubereats.com/philadelphia/food-delivery/pizzaz-pizza/hJhcuZ59T0aslGBCpHKIcw,wallingford-pennsylvania
https://www.ubereats.com/philadelphia/food-delivery/shotz-bar-and-grill/_cV89VUWTQGOuTK0Q2s5sA,wallingford-pennsylvania
https://www.ubereats.com/philadelphia/food-delivery/liberty-bell-chester-diner/pX5CM2IFQ_6jkHGBViyu6g,wallingford-pennsylvania
https://www.ubereats.com/philadelphia/food-delivery/applebees-4301-pennell-road/zjOzMSIATZiPt3Gy1jaBSQ,wallingford-pennsylvania
https://www.ubereats.com/philadelphia/food-delivery/the-munchy-machine/Iowr39BtQ66BancoyVq8hA,wallingford-pennsylvania
https://www.ubereats.com/philadelphia/food-delivery/checkers/hW-INtbXSEKHQEp4QBSORQ,wallingford-pennsylvania
https://www.ubereats.com/philadelphia/food-delivery/buenos-nachos/MZI5m3EQTwmH_uayBRTwVA,wallingford-pennsylvania
https://www.ubereats.com/philadelphia/food-delivery/double-dipper-ice-cream-parlor/LgBzcFpxRCekxi2gVX0_5A,wallingford-pennsylvania
https://www.ubereats.com/philadelphia/food-delivery/auntie-annes-1250-baltimore-pike-spc-23a/mV9JUqBnRBO-sK8UjVf3Sg,wallingford-pennsylvania
https://www.ubereats.com/philadelphia/food-delivery/dunkin-1300-macdade-blvd/QvBoar3sRt-g6SSgGjlYOg,wallingford-pennsylvania
https://www.ubereats.com/philadelphia/food-delivery/from-the-roots-natural-smoothie-bar/DomrxrLjRe6e30TWK9-jRw,wallingford-pennsylvania
https://www.ubereats.com/philadelphia/food-delivery/philly-pretzel-factory-springfield/YUV_DxK3T_y8Hc_c4SDgfg,wallingford-pennsylvania
https://www.ubereats.com/philadelphia/food-delivery/outback-steakhouse-1162-baltimore-pike/uaaFOwIDRT6AcA2uZIMGUw,wallingford-pennsylvania
https://www.ubereats.com/philadelphia/food-delivery/hanarhans-irish-pub/8m6_7RJ9SCGJv7bQwP3DcQ,wallingford-pennsylvania
https://www.ubereats.com/philadelphia/food-delivery/terrys-too/GzBMmU7FTnmfrsoPbuKNaQ,wallingford-pennsylvania
https://www.ubereats.com/philadelphia/food-delivery/qdoba-mexican-eats-1991-sproul-rd/ug7chB8sStaBTUnQxDVQpg,wallingford-pennsylvania
https://www.ubereats.com/philadelphia/food-delivery/dos-gringos-mexican-kitchen/uYAtNWJGRRCOjJ_7BBEVig,wallingford-pennsylvania
https://www.ubereats.com/philadelphia/food-delivery/the-coffee-station-morton/KzQYMP4CSM-kvLHE1DfRuQ,wallingford-pennsylvania
https://www.ubereats.com/philadelphia/food-delivery/crave-creamery/k74qcg24RKWuW5aUZ0MixQ,wallingford-pennsylvania
https://www.ubereats.com/philadelphia/food-delivery/rasa-indian-cuisine/Su8r_d_VRd-gu0DjiHqawA,wallingford-pennsylvania
https://www.ubereats.com/philadelphia/food-delivery/red-iron-pub-%26-fine-indian-cuisine/HE9O2j0lSY2-ZPMu28w6Ag,wallingford-pennsylvania
https://www.ubereats.com/philadelphia/food-delivery/subway-1570-chester-pike/SHV_Xyb4QIm0q2uu4xqc-Q,wallingford-pennsylvania
https://www.ubereats.com/philadelphia/food-delivery/krispy-krunchy-fried-chicken-pizza-grill/McZ_s6suRDiSxtbXijCxwg,wallingford-pennsylvania
https://www.ubereats.com/philadelphia/food-delivery/starbucks-springfield-baltimore-pike/PhSlzOu4TEGVNOLgLqfEpg,wallingford-pennsylvania
https://www.ubereats.com/philadelphia/food-delivery/ny-halal-food-truck-%231/QxOMj1aJRsSCmxA0mp0RkA,wallingford-pennsylvania
https://www.ubereats.com/philadelphia/food-delivery/pho-street-springfield/Li6tyWpdQs-VcYuUHUl_rA,wallingford-pennsylvania
https://www.ubereats.com/philadelphia/food-delivery/wimpys-original/aijXOuNMTV2o9VM1YIz3bg,wallingford-pennsylvania
https://www.ubereats.com/philadelphia/food-delivery/hibernian-coffee-shop/2V07c0r7RnCyDAc8lpgSBg,wallingford-pennsylvania
https://www.ubereats.com/philadelphia/food-delivery/dunkin-400-e-baltimore-pike/W6F9xGPlTr2W7JeX-V1QHA,wallingford-pennsylvania
https://www.ubereats.com/philadelphia/food-delivery/burger-king-501-macdade-blvd/D6UAZUVFRrSzXSveL9WK1g,wallingford-pennsylvania
https://www.ubereats.com/philadelphia/food-delivery/panera-1022-baltimore-pike/kJStt89DSX28Vn7dbBg6rg,wallingford-pennsylvania
https://www.ubereats.com/philadelphia/food-delivery/wawa-8082-435-e-baltimore-pk/52bf2QNlQkec03NTWdHkeA,wallingford-pennsylvania
https://www.ubereats.com/philadelphia/food-delivery/shere-e-punjab-indian-cuisine/UDy_ropqTq2lFlURmZuRZw,wallingford-pennsylvania
