url,city
https://www.ubereats.com/new-jersey/food-delivery/tacoholics-point-pleasant/miqPwr7LRsGh-GPbf1y10w,wall-township-new-jersey
https://www.ubereats.com/new-jersey/food-delivery/dunkin-1007-route-70/CCYPj4zRQqG__kE3YsXZNg,wall-township-new-jersey
https://www.ubereats.com/new-jersey/food-delivery/homegrown/DE5zUtenQtq2KufvW0g4tw,wall-township-new-jersey
https://www.ubereats.com/new-jersey/food-delivery/asbury-festhalle-%26-biergarten/wKrZuzsBTrSYs615b0Orpg,wall-township-new-jersey
https://www.ubereats.com/new-jersey/food-delivery/frutta-bowls-wall/qvjFrrX3ROGa1bQ9GBTyGg,wall-township-new-jersey
https://www.ubereats.com/new-jersey/food-delivery/asbury-ale-house/4EJZHV90RlCWbYERKY7s-g,wall-township-new-jersey
https://www.ubereats.com/new-jersey/food-delivery/caribbean-soul/r90ZW2-zRZSgySL9s7qRdg,wall-township-new-jersey
https://www.ubereats.com/new-jersey/food-delivery/nathans-famous-1-premium-outlet-way/M3Xy5NxaQmqefBYDkSw12g,wall-township-new-jersey
https://www.ubereats.com/new-jersey/food-delivery/vics-italian-restaurant/d09WqTULS-mPpX93K7TuhQ,wall-township-new-jersey
https://www.ubereats.com/new-jersey/food-delivery/aji-asian-grill-japanese-cuisine/9pjNGdwSRhuSyhh1a4uqxQ,wall-township-new-jersey
https://www.ubereats.com/new-jersey/food-delivery/playa-bowls-belmar/G42DPCifS2icPcB_uusYug,wall-township-new-jersey
https://www.ubereats.com/new-jersey/food-delivery/mariners-cove-restaurant/ZMVPT1twTDeBuZyTjUxfdA,wall-township-new-jersey
https://www.ubereats.com/new-jersey/food-delivery/simply-southern-belmar-plz/qALOnfMmQp6K4vN9w19c0Q,wall-township-new-jersey
https://www.ubereats.com/new-jersey/food-delivery/jersey-mikes-2085-route-88/oT6Fwk1-SiSRG8pOAejcHQ,wall-township-new-jersey
https://www.ubereats.com/new-jersey/food-delivery/ming-ying-restaurant/yY4PsFC_Rw-O-idluZYhAA,wall-township-new-jersey
https://www.ubereats.com/new-jersey/food-delivery/dunkin-3701-route-33/ym1pcuWfTSmPnwjKMnOo3w,wall-township-new-jersey
https://www.ubereats.com/new-jersey/food-delivery/spring-house/OSMSmFM4TCu1WUN1xapxqQ,wall-township-new-jersey
https://www.ubereats.com/new-jersey/food-delivery/playa-bowls-manasquan/TottptzbTAO_hAR3ic5xGQ,wall-township-new-jersey
https://www.ubereats.com/new-jersey/food-delivery/hoagie-jos/vh7jLzAWQiOgMxrWGgjQlQ,wall-township-new-jersey
https://www.ubereats.com/new-jersey/food-delivery/the-country-kitchen/luOBVXGlQaW50RJuG5iJMw,wall-township-new-jersey
https://www.ubereats.com/new-jersey/food-delivery/simonas-bakery/Yh9m_08LTIScWHJ-ZkBHaw,wall-township-new-jersey
https://www.ubereats.com/new-jersey/food-delivery/joes-bagel-%26-grill-belmar/-heOnzA7TmOSvuQqfrJrAw,wall-township-new-jersey
https://www.ubereats.com/new-jersey/food-delivery/pks-on-the-ocean/cw6XhDvzQBO2xoJQczekqQ,wall-township-new-jersey
https://www.ubereats.com/new-jersey/food-delivery/dairy-queen-treat-97-atlantic-ave/KtyZIIfOQKaWQm8Mo4fuww,wall-township-new-jersey
https://www.ubereats.com/new-jersey/food-delivery/dunkin-1732-state-route-35/ssees9f5SayBh7GY7cEw9w,wall-township-new-jersey
https://www.ubereats.com/new-jersey/food-delivery/dare-to-be-different-community-center/cOqrkD6mRkeBNNTSnZSxmw,wall-township-new-jersey
https://www.ubereats.com/new-jersey/food-delivery/im-a-local-beach-house-cafe/fdKmet_DSt6QBFkiM9N5PA,wall-township-new-jersey
https://www.ubereats.com/new-jersey/food-delivery/playa-bowls-410-ocean-ave/JbopccbMQdaMyOSzJ6JHtg,wall-township-new-jersey
https://www.ubereats.com/new-jersey/food-delivery/iron-whale/tfpot0QYTBOpleR10JMCRA,wall-township-new-jersey
https://www.ubereats.com/new-jersey/food-delivery/marks-place/HvKFgUHYRoqyxyNs0Zuorg,wall-township-new-jersey
https://www.ubereats.com/new-jersey/food-delivery/pancheros-mexican-grill-1919-route-35/_ub5KSNfRSalYvFfIsVgKw,wall-township-new-jersey
https://www.ubereats.com/new-jersey/food-delivery/amici-gelato-caffe/rLDn84r-RQCz3aLLKrWyaQ,wall-township-new-jersey
https://www.ubereats.com/new-jersey/food-delivery/mon-ja-2-go/Pag_R8HfSo28TtQ9CcF2-w,wall-township-new-jersey
https://www.ubereats.com/new-jersey/food-delivery/manhattan-bagel-wall-township/wnYlz7zbQRmZxZ5JdDZ8zQ,wall-township-new-jersey
https://www.ubereats.com/new-jersey/food-delivery/wendys-1600-richmond-ave/IciLX2XsSgKo6ExhNkqVOw,wall-township-new-jersey
https://www.ubereats.com/new-jersey/food-delivery/dunkin-state-highway-35/99trbr06Q2S51T1ipLaBsg,wall-township-new-jersey
https://www.ubereats.com/new-jersey/food-delivery/hinck-turkey-farm/XyNcBKMvQoGT_eUhAQSR9g,wall-township-new-jersey
https://www.ubereats.com/new-jersey/food-delivery/asbury-lanes-diner/3kEZey0rTEOnoVHt4ZA-_Q,wall-township-new-jersey
https://www.ubereats.com/new-jersey/food-delivery/tjs-pizza/7iH9sDjRTFCXGA_9x1mWEw,wall-township-new-jersey
https://www.ubereats.com/new-jersey/food-delivery/bubbakoos-burritos/UN98k4p6RfWIVGR_-5HkEA,wall-township-new-jersey
https://www.ubereats.com/new-jersey/food-delivery/river-cafe/EEpqtU1OQcSEO3l3jNSeMA,wall-township-new-jersey
https://www.ubereats.com/new-jersey/food-delivery/peking-house/NEDr2ETRQc21shGL1l_E9Q,wall-township-new-jersey
https://www.ubereats.com/new-jersey/food-delivery/outback-steakhouse-2770-hooper-avenue/lJiCjZluSsW4qKeIQjA8Dw,wall-township-new-jersey
https://www.ubereats.com/new-jersey/food-delivery/pasquales-pizzeria/ALwYe14nSGeomI5kdSiYuA,wall-township-new-jersey
https://www.ubereats.com/new-jersey/food-delivery/qua-pizza/DNzFuc2BS7ezTcbFK56WVw,wall-township-new-jersey
https://www.ubereats.com/new-jersey/food-delivery/welsh-farms-%26-nj-halal-bowls/zXa3n3EhR2q-UrYgNLHETA,wall-township-new-jersey
https://www.ubereats.com/new-jersey/food-delivery/pats-little-deli/JWoskj4YRkezY9LOeds_mQ,wall-township-new-jersey
https://www.ubereats.com/new-jersey/food-delivery/dunkin-4060a-asbury-ave/hCHqlZ-MTFm4-O7Pm4cunQ,wall-township-new-jersey
https://www.ubereats.com/new-jersey/food-delivery/soon-c-deli/z87Re8fLQRuG47gQxjJUng,wall-township-new-jersey
https://www.ubereats.com/new-jersey/food-delivery/starbucks-wall-nj/gdh8LlokR02StcHB2cYOdA,wall-township-new-jersey
https://www.ubereats.com/new-jersey/food-delivery/chamos-bagel-%26-grill/W-zaiGZcSX2uB8BFIeOMlA,wall-township-new-jersey
https://www.ubereats.com/new-jersey/food-delivery/wendys-1502-route-35-south/q7Be3IebSjKbWSE5cG2IBw,wall-township-new-jersey
https://www.ubereats.com/new-jersey/food-delivery/tgi-fridays-663-eatontown-nj/PJoMBxfUSuqfloc4dpw7iQ,wall-township-new-jersey
https://www.ubereats.com/new-jersey/food-delivery/kim-maries-eat-n-drink-away/8GRo40fwRKio0aT7zTmDGQ,wall-township-new-jersey
https://www.ubereats.com/new-jersey/food-delivery/jersey-mikes-1933-highway-35-%26-allaire-road/-eJVm54HRQmPP4CIWo1cow,wall-township-new-jersey
https://www.ubereats.com/new-jersey/food-delivery/caribbean-vibes/MibaqFQWT0qtvcsbv-m_iQ,wall-township-new-jersey
https://www.ubereats.com/new-jersey/food-delivery/philly-pretzel-factory-4018-us-9/qm1yRTDhRyam-7AxKl4oMA,wall-township-new-jersey
https://www.ubereats.com/new-jersey/food-delivery/the-ice-cream-shop/PPOhE3kWTgOpHOC1kMw0ag,wall-township-new-jersey
https://www.ubereats.com/new-jersey/food-delivery/joes-bagel-%26-grill-point-pleasant/QwOjju6cQw20d36lGUZabg,wall-township-new-jersey
https://www.ubereats.com/new-jersey/food-delivery/el-burro/4GWK9jq_Re6MaOJadJU-rQ,wall-township-new-jersey
https://www.ubereats.com/new-jersey/food-delivery/smokehouse-grille/5d6nb3I_RgyofqZIboSkZw,wall-township-new-jersey
https://www.ubereats.com/new-jersey/food-delivery/the-robinson-ale-house-ocean-ave/RSL4dt-fRNqu6sPWu59wJA,wall-township-new-jersey
https://www.ubereats.com/new-jersey/food-delivery/steak-stand/-nh6E56WQsiCyhDnxtyGMQ,wall-township-new-jersey
https://www.ubereats.com/new-jersey/food-delivery/luigis-restaurant-%26-pizza/cKG2Vf7STkSUrJwuiGaAHg,wall-township-new-jersey
https://www.ubereats.com/new-jersey/food-delivery/ave-p-appetizer/Uuie0ixxSq-52x7p_8uRrA,wall-township-new-jersey
https://www.ubereats.com/new-jersey/food-delivery/the-domesticated-dad/-dhXm23tQoqZDkcV68f17A,wall-township-new-jersey
https://www.ubereats.com/new-jersey/food-delivery/surf-taco-wall/JFCX-A1pQ8KcLuTEC79l1Q,wall-township-new-jersey
https://www.ubereats.com/new-jersey/food-delivery/chat-and-nibble/XP2vn2uWSuizL_URrs0vwg,wall-township-new-jersey
https://www.ubereats.com/new-jersey/food-delivery/panera-2007-route-35/Aw5kx_Q_SO6yBezr1ny1Zw,wall-township-new-jersey
https://www.ubereats.com/new-jersey/food-delivery/tandoor-e-india/dSox7h6CQI-RsW3t7zWLkA,wall-township-new-jersey
https://www.ubereats.com/new-jersey/food-delivery/cafotteria/H68PlARFTdOL5ETC5BkOkQ,wall-township-new-jersey
https://www.ubereats.com/new-jersey/food-delivery/dunkin-1007-main-st/6DzrWG4zT4u0lIcmnAAkrA,wall-township-new-jersey
https://www.ubereats.com/new-jersey/food-delivery/spring-lake-manor/6akqO8CYSUuX5uscn5aKmA,wall-township-new-jersey
https://www.ubereats.com/new-jersey/food-delivery/jersey-mikes-subs-500-main-st/TYtCQWmPSKKYri-ArlOQDw,wall-township-new-jersey
https://www.ubereats.com/new-jersey/food-delivery/mazza-%26-more-nj/w44Qx9_nTpaR2u1jLg81yw,wall-township-new-jersey
https://www.ubereats.com/new-jersey/food-delivery/crown-chicken-%26-pizza/sTBYOOtPQQq7TBbk5A_w9Q,wall-township-new-jersey
https://www.ubereats.com/new-jersey/food-delivery/the-porch-ocean-grove/GfAs4GjdTd21QMaeDHLSmw,wall-township-new-jersey
https://www.ubereats.com/new-jersey/food-delivery/popeyes-323-state-route-35-n-neptune/e7v3bI0EQiuuKAxLALCugw,wall-township-new-jersey
https://www.ubereats.com/new-jersey/food-delivery/nicks-pizza-and-grill-restaurant/Ir-bhypfQU2s1XaChT32og,wall-township-new-jersey
https://www.ubereats.com/new-jersey/food-delivery/stop-drop-%26-egg-roll/VeWyi-rLSqGb-pgh-ACzcg,wall-township-new-jersey
https://www.ubereats.com/new-jersey/food-delivery/delicieuse-%CB%88pets%C9%99/mH_38fWjQ8-DUgOw96MqwQ,wall-township-new-jersey
https://www.ubereats.com/new-jersey/food-delivery/blubes/mElvUVR1RcqvC5uhYh-w_A,wall-township-new-jersey
https://www.ubereats.com/new-jersey/food-delivery/freddys-on-monmouth-inc/R-f-vj-FQsmhETo509uSsA,wall-township-new-jersey
https://www.ubereats.com/new-jersey/food-delivery/cluck-and-moo-kitchen/Ffqr4IQHTIycwv4mtwXQiw,wall-township-new-jersey
https://www.ubereats.com/new-jersey/food-delivery/cutting-edge-catering/b0N2ShEnRnaUqHdn5tIMfQ,wall-township-new-jersey
https://www.ubereats.com/new-jersey/food-delivery/mamouns-falafel-wall-township/Xr_ZWYrdSPGCof4vpr_b0w,wall-township-new-jersey
https://www.ubereats.com/new-jersey/food-delivery/windmill-hot-dogs-belmar/wmYcoSz8RiKWTkbKDcBpUA,wall-township-new-jersey
https://www.ubereats.com/new-jersey/food-delivery/e-street-bagels/_IPDqSICTTCxqHELvjCJKg,wall-township-new-jersey
https://www.ubereats.com/new-jersey/food-delivery/brooklyn-sandwich-co-new-jersey/BZuIgOZ4THWLqHu_rx7TKw,wall-township-new-jersey
https://www.ubereats.com/new-jersey/food-delivery/bubbakoos-burritos-neptune/DQB4kzucTUGaJLUCH-zGkQ,wall-township-new-jersey
https://www.ubereats.com/new-jersey/food-delivery/dunkin-1039-route-88/1dqKWPIdQEe0HYaVpMAbiA,wall-township-new-jersey
https://www.ubereats.com/new-jersey/food-delivery/starbucks-sea-girt/c732iiIISO6MwYyBK8j7Mg,wall-township-new-jersey
https://www.ubereats.com/new-jersey/food-delivery/kennedy-fried-chicken-%26-pizza/Wu_oqxHqQlafidgbnWkviw,wall-township-new-jersey
https://www.ubereats.com/new-jersey/food-delivery/ob-diner-point-pleasant/JResqktAQKiTEPfLICNZkw,wall-township-new-jersey
https://www.ubereats.com/new-jersey/food-delivery/china-lucky/BsbctdHuTdWceT8EtSOnYA,wall-township-new-jersey
https://www.ubereats.com/new-jersey/food-delivery/turning-point-of-sea-girt/eKZS1xSXRXOH-V6DC6fVZg,wall-township-new-jersey
https://www.ubereats.com/new-jersey/food-delivery/windmill-hot-dogs-west-end-long-branch/Vx32H9VJQqabQ2KfAbjrlg,wall-township-new-jersey
https://www.ubereats.com/new-jersey/food-delivery/arbys-3585-route-66/4AMl6ukfQcSG7QSah39glQ,wall-township-new-jersey
https://www.ubereats.com/new-jersey/food-delivery/new-gold-lee/n_vHTZp_T5arRirAwzgEvA,wall-township-new-jersey
https://www.ubereats.com/new-jersey/food-delivery/cuban-cafe/UhUQGYVbTAKaekhPsIzxnw,wall-township-new-jersey
https://www.ubereats.com/new-jersey/food-delivery/doolans-shore-club/0Yyq2fd3S06cLOE3RWQaNg,wall-township-new-jersey
https://www.ubereats.com/new-jersey/food-delivery/taco-bell-1102-highway-35/ulBe22wtQ6qcYvkDOq84pw,wall-township-new-jersey
https://www.ubereats.com/new-jersey/food-delivery/papa-johns-neptune/0ONRGfJCTSmmVmiL06G84Q,wall-township-new-jersey
https://www.ubereats.com/new-jersey/food-delivery/down-to-earth/v2k7fTWQRyS-BdEbUHvlzA,wall-township-new-jersey
https://www.ubereats.com/new-jersey/food-delivery/ultimate-burgers-and-dogs-new-jersey/3WepE1veRLG07-3FnH_JvA,wall-township-new-jersey
https://www.ubereats.com/new-jersey/food-delivery/dunkin-3351-route-66/ZItYgXkQQjqwNPrFPx8afw,wall-township-new-jersey
https://www.ubereats.com/new-jersey/food-delivery/deans-natural-food-market-ocean-township/58VQm5WcSIy5c9_XPGzc4w,wall-township-new-jersey
https://www.ubereats.com/new-jersey/food-delivery/frutta-bowls-howell/2gqJdBvwSw6piX5AozMxvA,wall-township-new-jersey
https://www.ubereats.com/new-jersey/food-delivery/jersey-roll-point-pleasant/5D5Mz1qJQdiWQDsC-d0cJw,wall-township-new-jersey
https://www.ubereats.com/new-jersey/food-delivery/dunkin-7-state-route-71/96n7etMDSqqYNzIhgMFE3Q,wall-township-new-jersey
https://www.ubereats.com/new-jersey/food-delivery/bay-leaf-deli/2RzmTmTCQdqw2goPcPLFDw,wall-township-new-jersey
https://www.ubereats.com/new-jersey/food-delivery/burger-king-25-south-main-street/SFIkkZhLQPGe8l3Ol9FFFw,wall-township-new-jersey
https://www.ubereats.com/new-jersey/food-delivery/luigis-famous-pizza/9m-zemR_T0GFcJdqMB4BEA,wall-township-new-jersey
https://www.ubereats.com/new-jersey/food-delivery/all-star-bagels/8ayybgvETzGbVnO1Iyrkkg,wall-township-new-jersey
https://www.ubereats.com/new-jersey/food-delivery/mothership-pizza/M5CQhswgQCyaX_eZMePiyg,wall-township-new-jersey
https://www.ubereats.com/new-jersey/food-delivery/luna-verde-vegan-mexican-restaurant/06H52mpHRfGdwQhJ9cvFPw,wall-township-new-jersey
https://www.ubereats.com/new-jersey/food-delivery/naples-pizzeria/XSYk05IYRumwhXUwcAW02g,wall-township-new-jersey
https://www.ubereats.com/new-jersey/food-delivery/jersey-shore-deli/oGEHv9tJTKibegq_kys7UA,wall-township-new-jersey
https://www.ubereats.com/new-jersey/food-delivery/doughboys-authentic-wood-fired-pizza/ONUFwTeOSiGlD6VvSmN1AA,wall-township-new-jersey
https://www.ubereats.com/new-jersey/food-delivery/jersey-mikes-2100-hwy-35/fRxrjf5uQSGIgDnhPO1-Kw,wall-township-new-jersey
https://www.ubereats.com/new-jersey/food-delivery/taco-bell-2407-nj-35/dfCB6DOuTn2OcC_kTcHRgQ,wall-township-new-jersey
https://www.ubereats.com/new-jersey/food-delivery/bagel-exchange/sEQyLZkERvGWSAVkr9bcGw,wall-township-new-jersey
https://www.ubereats.com/new-jersey/food-delivery/local-smoke-bbq-neptune-city/O_q_ZoC-RCyxtZ0f0VqPoA,wall-township-new-jersey
https://www.ubereats.com/new-jersey/food-delivery/brewtons-restaurant/6E_4XO6fT0WTBMYt2yfmzQ,wall-township-new-jersey
https://www.ubereats.com/new-jersey/food-delivery/dunkin-1401-main-st/y3kqbxokTpuR5Y5WaLOvgA,wall-township-new-jersey
https://www.ubereats.com/new-jersey/food-delivery/blimpie-neptune/lA9ePe4mQXCM_UIZAKVQWA,wall-township-new-jersey
https://www.ubereats.com/new-jersey/food-delivery/the-juice-theory-long-branch/_kEfMTl4QXC_rGwgrCANIQ,wall-township-new-jersey
https://www.ubereats.com/new-jersey/food-delivery/azteca-restaurant/3A9LC8w2QLe5QC9tLvyodg,wall-township-new-jersey
https://www.ubereats.com/new-jersey/food-delivery/nj-poke/cHTi9227Rqi88YwJ2nHcDw,wall-township-new-jersey
https://www.ubereats.com/new-jersey/food-delivery/playa-bowls-asbury-cookman/zCUhssz7So6zWoF7tt8znQ,wall-township-new-jersey
https://www.ubereats.com/new-jersey/food-delivery/brick-diner/dDrsxAO6Tzq7m1O9dGQTKg,wall-township-new-jersey
https://www.ubereats.com/new-jersey/food-delivery/offshore-bbq/f6hl1W2GTNquYi-4xkEniQ,wall-township-new-jersey
https://www.ubereats.com/new-jersey/food-delivery/joseph-and-david/VjJsV9J-RsW-N7MMRdrfUg,wall-township-new-jersey
https://www.ubereats.com/new-jersey/food-delivery/playa-bowls-oakhurst/NHPw7N3rSViX4GBug_VmvA,wall-township-new-jersey
https://www.ubereats.com/new-jersey/food-delivery/five-guys-nj-1893-1902-rt-35/bPPj23rqSM2MOMu7lFT8dg,wall-township-new-jersey
https://www.ubereats.com/new-jersey/food-delivery/tacoholics-brick/LTRCXjq9QIyO9bFyl83zRg,wall-township-new-jersey
https://www.ubereats.com/new-jersey/food-delivery/blue-swan-diner/CAz8NhCLT96bQpb9TllxKQ,wall-township-new-jersey
https://www.ubereats.com/new-jersey/food-delivery/the-beanery/yg_JtMehR8a5JCl82i_Udg,wall-township-new-jersey
https://www.ubereats.com/new-jersey/food-delivery/chipotle-mexican-grill-4733-us-highway-9/EwIQKyugS86poneOJLXDXw,wall-township-new-jersey
https://www.ubereats.com/new-jersey/food-delivery/playa-bowls-sea-girt/jSIGg8Y1TwCULNmfyJbUAw,wall-township-new-jersey
https://www.ubereats.com/new-jersey/food-delivery/bagel-station/teg0v8gaRiS-95rI1ztxew,wall-township-new-jersey
https://www.ubereats.com/new-jersey/food-delivery/mcdonalds-1501-main-st/OmIabyVcRDuDj97g12pMpw,wall-township-new-jersey
https://www.ubereats.com/new-jersey/food-delivery/the-kitchen-%40-35/V8tfKyJ2Q2eEjwThM_UurQ,wall-township-new-jersey
https://www.ubereats.com/new-jersey/food-delivery/del-pontes-coal-fired-pizza-main-st/m8ZiUKkmQQuNbWv2jUdUig,wall-township-new-jersey
https://www.ubereats.com/new-jersey/food-delivery/mcdonalds-2428-rt-35/rVKKnVKnQBWntLDu_jvNRA,wall-township-new-jersey
https://www.ubereats.com/new-jersey/food-delivery/big-city-bagels-%26-nathans-famous/s4AQJaXRQV6_fa4hhEQBmA,wall-township-new-jersey
https://www.ubereats.com/new-jersey/food-delivery/ihop-2027-state-route-35/BAQtMt3NS0mWAehI_Bg0VQ,wall-township-new-jersey
https://www.ubereats.com/new-jersey/food-delivery/taco-bell-3810-rt-9-s/TUoz3o_USB-gDdeFHhDqig,wall-township-new-jersey
https://www.ubereats.com/new-jersey/food-delivery/bubbakoos-burritos/FROs-gMxTPu3U_OWihhYKg,wall-township-new-jersey
https://www.ubereats.com/new-jersey/food-delivery/mikes-subs-belmar/0FhPmR4PT62C6ZZCinVT-Q,wall-township-new-jersey
https://www.ubereats.com/new-jersey/food-delivery/dunkin-1400-corlies-ave/292ilKvXQUSKSkcpEu-EgA,wall-township-new-jersey
https://www.ubereats.com/new-jersey/food-delivery/170-applebees-ocean/JjyeNAT-Qq-CccPxVaSX4g,wall-township-new-jersey
https://www.ubereats.com/new-jersey/food-delivery/all-star-bagels/kvyMe0xkTkKBTIiR0MMoUg,wall-township-new-jersey
https://www.ubereats.com/new-jersey/food-delivery/pizza-plus-chicken/7IrbHSE0RQSCLD5n2qAKhg,wall-township-new-jersey
https://www.ubereats.com/new-jersey/food-delivery/wawa-8329-1344-corlies-ave/Vhm6FylGRqCTaU85hO0b4g,wall-township-new-jersey
https://www.ubereats.com/new-jersey/food-delivery/lexylicious-ice-cream/nar2M-EOSAyK8UPcaAr97Q,wall-township-new-jersey
https://www.ubereats.com/new-jersey/food-delivery/a-soulful-creation/Rh9YZFPJS-q7I2ohp4F36g,wall-township-new-jersey
https://www.ubereats.com/new-jersey/food-delivery/arugula/QZLxvjWFTfaxcPWf_SUFWA,wall-township-new-jersey
https://www.ubereats.com/new-jersey/food-delivery/dougies-bbq/FVyd9wG5QgumYk_rOHPjlw,wall-township-new-jersey
https://www.ubereats.com/new-jersey/food-delivery/cluck-u-chicken-wall/0sftDspSQYiollNfQbid-A,wall-township-new-jersey
https://www.ubereats.com/new-jersey/food-delivery/joes-bagel-%26-grill-sea-grit/dQ3vXTn-RSKAefbewLFUkw,wall-township-new-jersey
https://www.ubereats.com/new-jersey/food-delivery/the-morenita-restaurant/4yiPHT0cRTmHSO9qyALFkA,wall-township-new-jersey
https://www.ubereats.com/new-jersey/food-delivery/via-roma-3/5BULBH3CTA6JueeI_KpS3w,wall-township-new-jersey
https://www.ubereats.com/new-jersey/food-delivery/kumo-sushi-hibachi-restaurant/Gc0bPUu9TMyUnaQrRyLgEg,wall-township-new-jersey
https://www.ubereats.com/new-jersey/food-delivery/ihop-neptune/sUaKdEb7R3inXQWoVQJn1g,wall-township-new-jersey
https://www.ubereats.com/new-jersey/food-delivery/the-ice-cream-shop/c2XaXK9-SmmmUe3tQDIwug,wall-township-new-jersey
https://www.ubereats.com/new-jersey/food-delivery/tung-hing-kitchen/UryqJoOsRJSrsMGUNdIxSA,wall-township-new-jersey
https://www.ubereats.com/new-jersey/food-delivery/mr-spot-pizza/H-o7UH7xRgaj87YQnpXnVw,wall-township-new-jersey
https://www.ubereats.com/new-jersey/food-delivery/dunkin-20-main-st/CoXitThUS56YRraBUomRSA,wall-township-new-jersey
https://www.ubereats.com/new-jersey/food-delivery/aloha-kafe-foods/rJANMphbQo-tNbzkChG3Kw,wall-township-new-jersey
https://www.ubereats.com/new-jersey/food-delivery/lava-pit/2WSFtC8aQFOvcK5Iosh8ww,wall-township-new-jersey
https://www.ubereats.com/new-jersey/food-delivery/bagel-exchange/j3rDaO4BQ-KdPoe6CIew-g,wall-township-new-jersey
https://www.ubereats.com/new-jersey/food-delivery/point-pizza-by-pudgy/QzlzgeEwRG2_nQDTvEZ9gw,wall-township-new-jersey
https://www.ubereats.com/new-jersey/food-delivery/rivers-edge-cafe/G-QE34RDQ42Xewg5Q4VQPw,wall-township-new-jersey
https://www.ubereats.com/new-jersey/food-delivery/main-street-bar-and-grill/PReukIs8Tam459r_qekhkw,wall-township-new-jersey
https://www.ubereats.com/new-jersey/food-delivery/johns-cracker-barrel/Gd1EmVSMS2y7XLXOnjMQyQ,wall-township-new-jersey
https://www.ubereats.com/new-jersey/food-delivery/jus-to-go-allenhurst/hKh4KowTRP-2EpYSFmZvbw,wall-township-new-jersey
https://www.ubereats.com/new-jersey/food-delivery/kfc-3139-lakewood-road/0VM5PWx6Qomu3pFToH9X8g,wall-township-new-jersey
https://www.ubereats.com/new-jersey/food-delivery/the-ice-cream-shop/lJBNS30yQdGvS_yGJ0Gbvg,wall-township-new-jersey
https://www.ubereats.com/new-jersey/food-delivery/tijos-kreyol-kitchen/nzcHjE3ETj6zphC2SnHtJg,wall-township-new-jersey
https://www.ubereats.com/new-jersey/food-delivery/gerards-prime-13/2GtMaK9CSnaDA7asz-MZWw,wall-township-new-jersey
https://www.ubereats.com/new-jersey/food-delivery/wings-and-more-new-jersey/aoyBHkJyTTWuNNl66m6MqQ,wall-township-new-jersey
https://www.ubereats.com/new-jersey/food-delivery/crispy-grill/fTlNBVh6Qq2O1eJm8Sohtg,wall-township-new-jersey
https://www.ubereats.com/new-jersey/food-delivery/wawa-917-2432-highway-%2335/MmqmB7pOQWO68lX1o2t6yQ,wall-township-new-jersey
https://www.ubereats.com/new-jersey/food-delivery/fine-health-kombucha/_-QelyxRTNmgnG_hPEBYEQ,wall-township-new-jersey
https://www.ubereats.com/new-jersey/food-delivery/ruffinos-pizza-%26-italian-restaurant/D0xpk6JiQUa1cO0t-MnjAQ,wall-township-new-jersey
https://www.ubereats.com/new-jersey/food-delivery/dunkin-216-rt-35-south/dhzfIRAjT1eYoKYTEhyV8g,wall-township-new-jersey
https://www.ubereats.com/new-jersey/food-delivery/mcdonalds-3542-rt-66-east/e6LJuP1TSyOAl0dmgxDykA,wall-township-new-jersey
https://www.ubereats.com/new-jersey/food-delivery/mizu-36-asian-cuisine/88N1Uey_S0ajjbx9K4chSw,wall-township-new-jersey
https://www.ubereats.com/new-jersey/food-delivery/brick-house-3655-route-66/vZhopSQjRiuiJjXBImp4aw,wall-township-new-jersey
https://www.ubereats.com/new-jersey/food-delivery/anthonys-pizza/lKByGEsYR2yacBK4ZGJy0A,wall-township-new-jersey
https://www.ubereats.com/new-jersey/food-delivery/chocolate-soda/lp5_s_2gQEeE43mYcUG7dg,wall-township-new-jersey
https://www.ubereats.com/new-jersey/food-delivery/glatt-gourmet/YLJ9snsrQe2j3BxVFYbq4A,wall-township-new-jersey
https://www.ubereats.com/new-jersey/food-delivery/beach-diner/jtoFg1FGTny_iWxTApYzfQ,wall-township-new-jersey
https://www.ubereats.com/new-jersey/food-delivery/the-cove/vO2ZxFrrQ02ibWJjsY25YA,wall-township-new-jersey
https://www.ubereats.com/new-jersey/food-delivery/dunkin-1015-rt-35/FLGheWO0Q5Gg0D0y-PNwDQ,wall-township-new-jersey
https://www.ubereats.com/new-jersey/food-delivery/beckmans-deli/c-bvNPg0SWSTVDZTFn9WKg,wall-township-new-jersey
https://www.ubereats.com/new-jersey/food-delivery/boca-loca/JZmQMc2NQCyoCiSuMk4RMQ,wall-township-new-jersey
https://www.ubereats.com/new-jersey/food-delivery/fresh-kitchen/_HyaIzs9QEiGuBFNCQNFvg,wall-township-new-jersey
https://www.ubereats.com/new-jersey/food-delivery/samurai-sushi-new-jersey/pWT4__iwQwaqT4rpwPOCeA,wall-township-new-jersey
https://www.ubereats.com/new-jersey/food-delivery/cruz-bay-cafe/rgho7UVwRtWIbEbdOpesVw,wall-township-new-jersey
https://www.ubereats.com/new-jersey/food-delivery/168-applebees-howell/abfF2c3MQLepQ7-9RqkS9w,wall-township-new-jersey
https://www.ubereats.com/new-jersey/food-delivery/chocolate-carousel/dpB12SWRRSyihdA73e10_g,wall-township-new-jersey
https://www.ubereats.com/new-jersey/food-delivery/playa-bowls-asbury-park-boardwalk/dMLOWzyyRBOXzjX29i73Cw,wall-township-new-jersey
https://www.ubereats.com/new-jersey/food-delivery/that-sushi-spot/FlBqpiGaSX6YpA-HDj8lWg,wall-township-new-jersey
https://www.ubereats.com/new-jersey/food-delivery/collingwood-sub-shop/5QCA5gigQqiyx4GZJzOduA,wall-township-new-jersey
https://www.ubereats.com/new-jersey/food-delivery/subway-2305-rt-66/fzrgVH-3QLuYhXxj7ioSIQ,wall-township-new-jersey
https://www.ubereats.com/new-jersey/food-delivery/osaka-japanese-restaurant/kdnXG_TuQ_-M1TkOqw6gYQ,wall-township-new-jersey
https://www.ubereats.com/new-jersey/food-delivery/dunkin-50-union-ave/SLsIqT_MQH-0IwW9cjGjag,wall-township-new-jersey
https://www.ubereats.com/new-jersey/food-delivery/surf-taco-manasquan/qkCsmz-3Qwy04s6bFzT8lA,wall-township-new-jersey
https://www.ubereats.com/new-jersey/food-delivery/paganos-uva-restaurant/RffBzVW6TK-pFfuZLKD_Xg,wall-township-new-jersey
https://www.ubereats.com/new-jersey/food-delivery/eat-a-pita-kosher-israeli-grill/Vrj1vINFRUe2Y8ouwMk29Q,wall-township-new-jersey
https://www.ubereats.com/new-jersey/food-delivery/flame-kabob-house/c05CQXxfSfiGRbKco0yzhw,wall-township-new-jersey
https://www.ubereats.com/new-jersey/food-delivery/wings-eats-%26-sweets/6Wv_q5fdQVm8ZDs880aqOg,wall-township-new-jersey
https://www.ubereats.com/new-jersey/food-delivery/jerusalem-pizza-of-deal/q36moqVvSC6l2a8sy-IYmQ,wall-township-new-jersey
https://www.ubereats.com/new-jersey/food-delivery/starbucks-rt-66-%26-s-seaview-square-drive/ScBwfwgiRLqq-zJRLX1QIQ,wall-township-new-jersey
https://www.ubereats.com/new-jersey/food-delivery/bagel-basket-cafe/A2oMpAGeQESPfD7MqH1lVA,wall-township-new-jersey
https://www.ubereats.com/new-jersey/food-delivery/five-guys-nj-0381-2301-route-66/tVuNUF7vQy-qasW6H-eDEA,wall-township-new-jersey
https://www.ubereats.com/new-jersey/food-delivery/raw-poke-bar/tk73mt3qS_qR6fjPbNl0lQ,wall-township-new-jersey
https://www.ubereats.com/new-jersey/food-delivery/maurizios-pizzeria/jxcGfT73SWKV0qrWb89JFg,wall-township-new-jersey
https://www.ubereats.com/new-jersey/food-delivery/mcdonalds-1831-rt-35-s/rLF_4FfSTvC0D3YC2pykCg,wall-township-new-jersey
https://www.ubereats.com/new-jersey/food-delivery/diet-gourmet/U-P0rm1PRKy8Oowm3EZPbg,wall-township-new-jersey
https://www.ubereats.com/new-jersey/food-delivery/bubbakoos-burritos/C7Knf7O0QJqqDzRpq4JTgA,wall-township-new-jersey
https://www.ubereats.com/new-jersey/food-delivery/kleins-fish-market/R3AVxE-TSVWeZrAN8jmzrA,wall-township-new-jersey
https://www.ubereats.com/new-jersey/food-delivery/stay-gold-cafe-%26-lounge/f8dOR9aqSTizWBw58RgIZA,wall-township-new-jersey
https://www.ubereats.com/new-jersey/food-delivery/el-oaxaqueno-restaurante-%26-panaderia/gMHuz9DTRRKopbjJ5LO-Fg,wall-township-new-jersey
https://www.ubereats.com/new-jersey/food-delivery/yummy-yummy/369MYoAdSYWtxj6J8T265w,wall-township-new-jersey
https://www.ubereats.com/new-jersey/food-delivery/jersey-mikes-2627-highway-70/JCvnLCf8Tnm9qFiV_V5rQA,wall-township-new-jersey
https://www.ubereats.com/new-jersey/food-delivery/playa-bowls-bay-head/ray-XLqbRZa8RxfN69ArIw,wall-township-new-jersey
https://www.ubereats.com/new-jersey/food-delivery/bing-deli/UqqqTTpQRg-6j6k-gEFrEg,wall-township-new-jersey
https://www.ubereats.com/new-jersey/food-delivery/171-applebees-wall/kQSybH07SfWleUWoE-e_MQ,wall-township-new-jersey
https://www.ubereats.com/new-jersey/food-delivery/jamagrille/gomIAxbsT3K7reWjo49JCw,wall-township-new-jersey
https://www.ubereats.com/new-jersey/food-delivery/round-dough-with-a-hole/_PocHakHTNiuZNj8-y5H5g,wall-township-new-jersey
https://www.ubereats.com/new-jersey/food-delivery/stay-gold-cafe-%26-lounge-howell/Db5Fx_4zQ5On7WpMichZFw,wall-township-new-jersey
https://www.ubereats.com/new-jersey/food-delivery/woodys-roadhouse/V6PS0q7KSySMGVrMhWRSfw,wall-township-new-jersey
https://www.ubereats.com/new-jersey/food-delivery/mcdonalds-rt-33-%26-35/3KBslMYeQnmXygqVrrzWYA,wall-township-new-jersey
https://www.ubereats.com/new-jersey/food-delivery/verybestdeli/RWJD9uU6TnCWdb8SRhxiCQ,wall-township-new-jersey
https://www.ubereats.com/new-jersey/food-delivery/chipotle-mexican-grill-2150-route-35/r3CeihTTSJOVcyZKq56kSA,wall-township-new-jersey
https://www.ubereats.com/new-jersey/food-delivery/the-shore-house-bar-and-grill/2x-N93ngS_mxZ8rj7LITQg,wall-township-new-jersey
https://www.ubereats.com/new-jersey/food-delivery/mogo-korean-fusion-tacos/tys0bmeUSIyry4cVt9qj4w,wall-township-new-jersey
https://www.ubereats.com/new-jersey/food-delivery/taco-bell-8-highway-35-n/qRuQ-1sbRK6QMQOdLJvNqQ,wall-township-new-jersey
https://www.ubereats.com/new-jersey/food-delivery/chinatown-kitchen/zVoA2CZ9Rbys4v6vgQw_KA,wall-township-new-jersey
https://www.ubereats.com/new-jersey/food-delivery/burger-king-1735-route-35-%26-18th-avenue/F-AVyPmfTqizysrwiCy0Cg,wall-township-new-jersey
https://www.ubereats.com/new-jersey/food-delivery/dunkin-2-brighton-ave/TDNu-gVdThWz0hCoKDHwYA,wall-township-new-jersey
https://www.ubereats.com/new-jersey/food-delivery/teriteri/RDEpJSFgQgSjEJwc6vZQ1A,wall-township-new-jersey
https://www.ubereats.com/new-jersey/food-delivery/mr-pizza-and-fried-chicken/OPW_yon1Rsi8V7zEn1YVJA,wall-township-new-jersey
https://www.ubereats.com/new-jersey/food-delivery/panchos-and-juanchos/_2hLQYYBSHappmMuEVxRAQ,wall-township-new-jersey
https://www.ubereats.com/new-jersey/food-delivery/playa-poke-lil-belmar/s1-G-Le1QsC4nXxB3SiEiQ,wall-township-new-jersey
https://www.ubereats.com/new-jersey/food-delivery/smashburger-2100-route-66/3tQ7QX3_R4e8VT9Byzw55A,wall-township-new-jersey
https://www.ubereats.com/new-jersey/food-delivery/theresas-south/5sN93ayOQnm0w4QPHHPrEQ,wall-township-new-jersey
https://www.ubereats.com/new-jersey/food-delivery/panini-cafe/NObvv_ZzRt2AhVDRaZ5Brw,wall-township-new-jersey
https://www.ubereats.com/new-jersey/food-delivery/surf-taco-belmar/HTLEJwAMSLWi6KBnCfT2fw,wall-township-new-jersey
https://www.ubereats.com/new-jersey/food-delivery/samis-streetfood/BJEbB8wGTw69HJMh1Ldh7g,wall-township-new-jersey
https://www.ubereats.com/new-jersey/food-delivery/pasta-volo/Utrt2TShTNW2U3qjHXDfbA,wall-township-new-jersey
https://www.ubereats.com/new-jersey/food-delivery/tuscany-by-the-sea/ouKuiD2LQzS49c240ZS9hQ,wall-township-new-jersey
https://www.ubereats.com/new-jersey/food-delivery/shore-good-eats-n-treats/Y59ex8wNRba4mq-aXf1WlQ,wall-township-new-jersey
https://www.ubereats.com/new-jersey/food-delivery/barelis-by-the-sea-ocean-ave/HUY8ujKcRxK7tjpD_C__YA,wall-township-new-jersey
https://www.ubereats.com/new-jersey/food-delivery/the-ice-cream-shop/tgMdUeAPQIiuFvN5J6PXLA,wall-township-new-jersey
https://www.ubereats.com/new-jersey/food-delivery/wendys-1407-allaire-rd/kwXy4aGVQ6K9OEhHERfG0A,wall-township-new-jersey
https://www.ubereats.com/new-jersey/food-delivery/dunkin-469-herbertsville-rd/oMc90sGQS4uoaTMXGjVOig,wall-township-new-jersey
https://www.ubereats.com/new-jersey/food-delivery/meemoms-wall/Ze783lBLQcaSQSpAXgT_HQ,wall-township-new-jersey
