url,city
https://www.ubereats.com/connecticut/food-delivery/texiko-tequila-bar/d6ZyPYnFQZqI30V-zlLD_w,wallingford-connecticut
https://www.ubereats.com/connecticut/food-delivery/dunkin-319-washington-ave/JH_4z4nfRlmxl9R3W40EPQ,wallingford-connecticut
https://www.ubereats.com/connecticut/food-delivery/kfc-451-foxon-boulevard/ki2hL2iTQbmf2gQVnDTa1w,wallingford-connecticut
https://www.ubereats.com/connecticut/food-delivery/burger-king-888-north-colony-road/H4no6YI0QXyRLxlb8iWzlw,wallingford-connecticut
https://www.ubereats.com/connecticut/food-delivery/liberty-pizza/u2vuiK52ROKHFEr8lRYKRw,wallingford-connecticut
https://www.ubereats.com/connecticut/food-delivery/bomb-wings-%26-rice-bar/kFjj0u61Qd2E2BmzeOAF3Q,wallingford-connecticut
https://www.ubereats.com/connecticut/food-delivery/starbucks-meriden-s-broad-st/ohY48lZWTRKtWETdVkDs-Q,wallingford-connecticut
https://www.ubereats.com/connecticut/food-delivery/five-guys-ct-0658-533-south-broad-st/GdoLE5thRta_ZW2B6HrrQw,wallingford-connecticut
https://www.ubereats.com/connecticut/food-delivery/shah-dil-deli/JmoCtb0RREWEE0Cy3ghIrg,wallingford-connecticut
https://www.ubereats.com/connecticut/food-delivery/pokemoto-hamden/6q1ednyjTuyqdqu--K_J7w,wallingford-connecticut
https://www.ubereats.com/connecticut/food-delivery/burger-king-825-east-main-street/Oak9ng8ISIesZESsZBnGjg,wallingford-connecticut
https://www.ubereats.com/connecticut/food-delivery/sonic-1033-north-colony-road/WGdbOaONQBOQdulY3dzp4Q,wallingford-connecticut
https://www.ubereats.com/connecticut/food-delivery/downtown-freezy-freezes/lbezUAl7QKaaviFACpUZtA,wallingford-connecticut
https://www.ubereats.com/connecticut/food-delivery/kiwi-spoon-frozen-yogurt/YHDJV3N0TlGLZNoQhF2quQ,wallingford-connecticut
https://www.ubereats.com/connecticut/food-delivery/luigis-apizza/1gckmrvFQh-m8iurbSKDRA,wallingford-connecticut
https://www.ubereats.com/connecticut/food-delivery/popeyes-louisiana-kitchen-n-colony-rd/fSqMol01Rmymj4EZQ7mkAw,wallingford-connecticut
https://www.ubereats.com/connecticut/food-delivery/nardellis-grinder-shoppe-n-colony/8U8s5NqpR--IVcrifpD7xw,wallingford-connecticut
https://www.ubereats.com/connecticut/food-delivery/mcdonalds-412-w-main-st/qReOQTywRcmqNd-4tG3Cvg,wallingford-connecticut
https://www.ubereats.com/connecticut/food-delivery/mcdonalds-no-haven-washngn/6yW8HlttSyGZ_ckS8T-9RA,wallingford-connecticut
https://www.ubereats.com/connecticut/food-delivery/dog-house-grill-and-ice-cream-parlor/QYQ0X1W4RQSuXCNSoI-eGw,wallingford-connecticut
https://www.ubereats.com/connecticut/food-delivery/dunkin-893-e-main-st/NXvbudepQNaOGtSx5yEjKQ,wallingford-connecticut
https://www.ubereats.com/connecticut/food-delivery/the-everyday-gourmet/1I18XHeUTiu4lOpjX3mz2A,wallingford-connecticut
https://www.ubereats.com/connecticut/food-delivery/marco-polo-pizza-and-italian/rcoG7zzIRN26kCTVMyQBdA,wallingford-connecticut
https://www.ubereats.com/connecticut/food-delivery/vinnys-deli/LLnkDBBsQa--UHsop5BITA,wallingford-connecticut
https://www.ubereats.com/connecticut/food-delivery/chipotle-mexican-grill-808-washington-st/m-SwVQfVQRO6ZFrHOK3MAg,wallingford-connecticut
https://www.ubereats.com/connecticut/food-delivery/friendlys-140-universal-dr-n/P2YIsK9cQ7aUb1xmePtvUA,wallingford-connecticut
https://www.ubereats.com/connecticut/food-delivery/dunkin-16-banton-st/G1wjkE4kRcycELWv7x8p4w,wallingford-connecticut
https://www.ubereats.com/connecticut/food-delivery/nardellis-grinder-shopmeridien/NPDVff2MSwaY9Hg6P9azcA,wallingford-connecticut
https://www.ubereats.com/connecticut/food-delivery/casa-mia-at-the-hawthorne/LIqEP-IARdK9e7DbjDvjXQ,wallingford-connecticut
https://www.ubereats.com/connecticut/food-delivery/starbucks-wallingford-ct/aSqbPhJ5RBqbSbFOvjONEg,wallingford-connecticut
https://www.ubereats.com/connecticut/food-delivery/ray-and-mikes-dairy-%26-deli/Mzs6HpcdQRulDUYrb2kaeg,wallingford-connecticut
https://www.ubereats.com/connecticut/food-delivery/downtown-coffee-shop/1KZmUUjySMC6SC9GcMeGDA,wallingford-connecticut
https://www.ubereats.com/connecticut/food-delivery/nardellis-grinder-shopmiddletown/d1jQ04ziT1OdGEkHX3YejQ,wallingford-connecticut
https://www.ubereats.com/connecticut/food-delivery/ali-babas-fusion-new-haven/jU7h3DTtSce4HonBXwDgZA,wallingford-connecticut
https://www.ubereats.com/connecticut/food-delivery/serafinos-ristorante/5iso1zShQDWIRRC88L62aQ,wallingford-connecticut
https://www.ubereats.com/connecticut/food-delivery/spuds-your-way-and-more/rHXTmGzeTj-cztjEA2JNRA,wallingford-connecticut
https://www.ubereats.com/connecticut/food-delivery/uncle-willies-bbq-893-east-main-street/75w_n05_RtSm_z42U63F4w,wallingford-connecticut
https://www.ubereats.com/connecticut/food-delivery/zaika-indian-cuisine/N2HvJU6nTHSPEjznxGtVHQ,wallingford-connecticut
https://www.ubereats.com/connecticut/food-delivery/dunkin-530-washington-ave/0DYOOnllQZqUmMG_I01_kg,wallingford-connecticut
https://www.ubereats.com/connecticut/food-delivery/punjabi-kadhai/qg63m9m9QvSscfPBLwAMPQ,wallingford-connecticut
https://www.ubereats.com/connecticut/food-delivery/avventura-bakery-%26-deli/KhkSbuW-TQO8Y9Xl6BA_7Q,wallingford-connecticut
https://www.ubereats.com/connecticut/food-delivery/nardellis-grinder-shoppe-waterbury-1/RLl1IDaURGOCX9t4c-TOhA,wallingford-connecticut
https://www.ubereats.com/connecticut/food-delivery/wallingford-pizza-house/m2avV7SfSgSZX9FSAmZsUQ,wallingford-connecticut
https://www.ubereats.com/connecticut/food-delivery/roti-boti-restaurant/iALciAaUR4O03oRSWR5Syw,wallingford-connecticut
https://www.ubereats.com/connecticut/food-delivery/americansoul-kitchen-%26-bar/Xf4GllUJRI6C7nfMNcvyeg,wallingford-connecticut
https://www.ubereats.com/connecticut/food-delivery/krauszers/1unwnXV1SFeD5w3BxAba4Q,wallingford-connecticut
https://www.ubereats.com/connecticut/food-delivery/bangkok-blvd/a1iqW0QlQOuG6_JjPTsc-A,wallingford-connecticut
https://www.ubereats.com/connecticut/food-delivery/wendys-865-east-main-street/gc2PBvEESpi5bcB7jmDJgw,wallingford-connecticut
https://www.ubereats.com/connecticut/food-delivery/lumi-bento/70LNqWvMTQWxPcVuZMA2aw,wallingford-connecticut
https://www.ubereats.com/connecticut/food-delivery/dunkin-144-meriden-rd/EtJed9mzRbGOAP2GrzBe2A,wallingford-connecticut
https://www.ubereats.com/connecticut/food-delivery/teds-restaurant/6MWttkZ7Q_KJktFMkqgyfg,wallingford-connecticut
https://www.ubereats.com/connecticut/food-delivery/giovannis-pizzeria-%26-ristorante/cYk0zdanQIWCPS3pqF8NYQ,wallingford-connecticut
https://www.ubereats.com/connecticut/food-delivery/arbys-267-washington-ave/aMBLSXUjRLyyB7uRVNT-4Q,wallingford-connecticut
https://www.ubereats.com/connecticut/food-delivery/hard-hat-cafe-wallingford/C7mloQbNS56U0SnfzlA8Mw,wallingford-connecticut
https://www.ubereats.com/connecticut/food-delivery/dunkin-255-e-main-st/0YOeIr0IRXmgH5W5QLV6Hw,wallingford-connecticut
https://www.ubereats.com/connecticut/food-delivery/wood-n-tap-wallingford/dRbsKtl_RAa2B92BXFBLrQ,wallingford-connecticut
https://www.ubereats.com/connecticut/food-delivery/wendys-160-universal-drive-north/_NRFVjo7SRynZ49L9gNBEA,wallingford-connecticut
https://www.ubereats.com/connecticut/food-delivery/sirinans-thai%26japanese-restaurant/64IOpAhARxqzgeXRoTZOlw,wallingford-connecticut
https://www.ubereats.com/connecticut/food-delivery/fresh-greens-%26-proteins/V1LUGHNcTUypWfAAkZN9yA,wallingford-connecticut
https://www.ubereats.com/connecticut/food-delivery/china-king/0-atUbfaT4WKDzal71D1eg,wallingford-connecticut
https://www.ubereats.com/connecticut/food-delivery/roodle-rice-%26-noodle-bar-s-broad-st/Q73PQ_ymT1KcQajeOjzNeA,wallingford-connecticut
https://www.ubereats.com/connecticut/food-delivery/dunkin-57-s-broad-st/24CBPm5PSDueyR7UdISV-A,wallingford-connecticut
https://www.ubereats.com/connecticut/food-delivery/arbys-867-meriden-waterbury-tpke/P4UjYf6VT0SN7_iF3FTyIQ,wallingford-connecticut
https://www.ubereats.com/connecticut/food-delivery/pacific-buffet-%26-grill/hNI4xtyLQnGLppRoa3y7nQ,wallingford-connecticut
https://www.ubereats.com/connecticut/food-delivery/three-brothers-diner-hamden-ct/sW1XteNyTk-csbNlp7gDYA,wallingford-connecticut
https://www.ubereats.com/connecticut/food-delivery/crabtown/DIFLHVUUQyCQLwdrdNqIAQ,wallingford-connecticut
https://www.ubereats.com/connecticut/food-delivery/gagliardis/UCY-aCmdQ3u7_pTmkR9vFw,wallingford-connecticut
https://www.ubereats.com/connecticut/food-delivery/subway-817-821-east-center-st/jFSwGuveSyGrNPHTe5wJMg,wallingford-connecticut
https://www.ubereats.com/connecticut/food-delivery/sliders-grill-wallingford/aRTBC8EIQKa-ohYjnoH_yA,wallingford-connecticut
https://www.ubereats.com/connecticut/food-delivery/mcdonalds-783-east-main-street/5pAJnrGtQ5yATASeF8hfFw,wallingford-connecticut
https://www.ubereats.com/connecticut/food-delivery/jersey-mikes-subs-533-south-broad-st/MkB56B5CSSqIcKPFEj1FKw,wallingford-connecticut
https://www.ubereats.com/connecticut/food-delivery/sliders-grill-middletown/YbQ0BJvFQHGsbJo9JzMdOg,wallingford-connecticut
https://www.ubereats.com/connecticut/food-delivery/family-pizza-restaurant/kbT4tQhzQgWKzh0dW1L2sg,wallingford-connecticut
https://www.ubereats.com/connecticut/food-delivery/chipotle-mexican-grill-1094-n-colony-rd-ste-20/phzDarn6Tl6ZqhdvLBMqcA,wallingford-connecticut
https://www.ubereats.com/connecticut/food-delivery/j-christians/YxLWQ85HRTeNO7hpvy2Txg,wallingford-connecticut
https://www.ubereats.com/connecticut/food-delivery/taco-bell-760-e-main-st/J1QdfDJ8Rha714WlnWPE4A,wallingford-connecticut
https://www.ubereats.com/connecticut/food-delivery/dunkin-136-washington-ave/yCLuNEXBSvO5vq5BOLyffA,wallingford-connecticut
https://www.ubereats.com/connecticut/food-delivery/dunkin-847-forest-rd/e2tGS-zBTGKHZYaSdYLBJg,wallingford-connecticut
https://www.ubereats.com/connecticut/food-delivery/panera-1094-north-colony-road/56jF5BORQ_CxXw5geZ0LAw,wallingford-connecticut
https://www.ubereats.com/connecticut/food-delivery/pho-%26-spice/4i_Q2UkJQEmZdlcWtC1L8Q,wallingford-connecticut
https://www.ubereats.com/connecticut/food-delivery/ruby-tuesday-470-lewis-avenue/Zm9rfQJqTf6LZiG7iakCtw,wallingford-connecticut
https://www.ubereats.com/connecticut/food-delivery/burger-king-159-washington-avenue/fpMm2kniRAiRuJny0nI0ew,wallingford-connecticut
https://www.ubereats.com/connecticut/food-delivery/wild-orchid/c0nM0wd8Q1KPm8z5gx8w-g,wallingford-connecticut
https://www.ubereats.com/connecticut/food-delivery/starbucks-north-haven/LWUYER83TQeCqgnF7SLi5A,wallingford-connecticut
https://www.ubereats.com/connecticut/food-delivery/donde-el-paisa-restaurant/3s_9dfyNR6i9Ws22BP2e1A,wallingford-connecticut
https://www.ubereats.com/connecticut/food-delivery/john-and-marias-pizzeria/KGe5YoMuSvOoc9gcSj7iXg,wallingford-connecticut
https://www.ubereats.com/connecticut/food-delivery/pig-rig-bbq/7ZyVQCI_RvuA2ckw2o5yEg,wallingford-connecticut
https://www.ubereats.com/connecticut/food-delivery/mcdonalds-wallingford-clny/YtdCEoijRNu45W0uf5LagA,wallingford-connecticut
https://www.ubereats.com/connecticut/food-delivery/roost/mGT5H95jR5OuJgU-8rMIeQ,wallingford-connecticut
https://www.ubereats.com/connecticut/food-delivery/chuck-wagon/a0IB9CUNRgu03QdLCLQDYg,wallingford-connecticut
https://www.ubereats.com/connecticut/food-delivery/boost-bowls/t9K2ByddQ9qhqmrEiEFuLQ,wallingford-connecticut
https://www.ubereats.com/connecticut/food-delivery/dunkin-wilbur-cross-pkwy-s-ct-tpke/LiOlBlOTQpiRJcg4RMLZCg,wallingford-connecticut
https://www.ubereats.com/connecticut/food-delivery/sam-the-clams/ccRdnrtjTQG2PoHorsabAQ,wallingford-connecticut
https://www.ubereats.com/connecticut/food-delivery/the-hook-and-ladder/c-4qYrwDT9qbXAV6Lf6BHw,wallingford-connecticut
https://www.ubereats.com/connecticut/food-delivery/dunkin-490-528-west-main-st/aBoieBNZTjilYpEtGHS93Q,wallingford-connecticut
https://www.ubereats.com/connecticut/food-delivery/south-side-thai-restaurant/Ur4EqNd9RU6KQf4ugJu3Og,wallingford-connecticut
https://www.ubereats.com/connecticut/food-delivery/crab-shack-king-a-touch-of-soul/G0NoVeAnTxuNZSVOCMTOUA,wallingford-connecticut
https://www.ubereats.com/connecticut/food-delivery/tokyo-sushi-2/gHmvy1ZcT_6GFqltzmhTJQ,wallingford-connecticut
https://www.ubereats.com/connecticut/food-delivery/zzaam/r7jRUS6QR0CCjy--zroY-Q,wallingford-connecticut
https://www.ubereats.com/connecticut/food-delivery/subway-329-church-st/864groNfRk2pcIqwVTHJFw,wallingford-connecticut
https://www.ubereats.com/connecticut/food-delivery/popeyes-louisiana-kitchen-washington-ave/WK_Sotl-S3e3ovgNFfonWQ,wallingford-connecticut
https://www.ubereats.com/connecticut/food-delivery/cositas-ricas/sVCm8LWrSHeubdEohoWZNw,wallingford-connecticut
https://www.ubereats.com/connecticut/food-delivery/krispy-krunchy-chicken-%26-ny-deli/JZTnv1hISzaXLfvR8z1AYQ,wallingford-connecticut
https://www.ubereats.com/connecticut/food-delivery/krispy-krunchy-chicken-560-south-main-street/eP32Y0hNTk2FClKHhEz9CQ,wallingford-connecticut
https://www.ubereats.com/connecticut/food-delivery/taco-yeah/1puz9sRRSamiS2iFDzkUVA,wallingford-connecticut
https://www.ubereats.com/connecticut/food-delivery/wayback-burgers-893-east-main-street/tDIHjhkPRwOBG2kFEX0j6g,wallingford-connecticut
https://www.ubereats.com/connecticut/food-delivery/taco-bell-467-w-main-st/oVJ6tgyaSAC8aHX4ipTJ8g,wallingford-connecticut
https://www.ubereats.com/connecticut/food-delivery/funju-noodle-bar/0vi4HEymRcSQRx2FNeIxCg,wallingford-connecticut
https://www.ubereats.com/connecticut/food-delivery/dinos-seafood/QvLc5gRpQ4a1qf95kiM5aQ,wallingford-connecticut
https://www.ubereats.com/connecticut/food-delivery/taco-bell-932-n-colony-road/5GAmdnrLRDaOJs8akzqEIA,wallingford-connecticut
https://www.ubereats.com/connecticut/food-delivery/taco-bell-851-washington-st/3bW3ibQMTria7PEIu9ZPrg,wallingford-connecticut
https://www.ubereats.com/connecticut/food-delivery/fat-wedge-u/DdKdEiWpS0GY12-L2V6hcg,wallingford-connecticut
https://www.ubereats.com/connecticut/food-delivery/hot-pot/KeCTro0jRcSXaQYp2tcshA,wallingford-connecticut
https://www.ubereats.com/connecticut/food-delivery/tatas-restaurant/sJ5mP2xuQ0eUSMTVB_ilYw,wallingford-connecticut
https://www.ubereats.com/connecticut/food-delivery/dunkin-944-broad-st/7KmM4IKDTleCVKanOKre7Q,wallingford-connecticut
https://www.ubereats.com/connecticut/food-delivery/ihop-1040-north-colony-road/I0dNyNkfTxWi8OQP4QM1ZQ,wallingford-connecticut
https://www.ubereats.com/connecticut/food-delivery/annas-deli-italian-food/2oWFxvgpTWyL7Sygr4znqw,wallingford-connecticut
https://www.ubereats.com/connecticut/food-delivery/burgers-%26-wings/FFQTXOMJTFaIU_cWKyFpUA,wallingford-connecticut
https://www.ubereats.com/connecticut/food-delivery/thai-smile-restaurant/GoDp2ZNNRaG1ZpprNuG2IA,wallingford-connecticut
https://www.ubereats.com/connecticut/food-delivery/number-one-chinese-restaurant/MtYZy_cqQ3qkVsE1boYaFQ,wallingford-connecticut
https://www.ubereats.com/connecticut/food-delivery/amici-tavern/T3gshXh2SrKVgzgApcWo9w,wallingford-connecticut
https://www.ubereats.com/connecticut/food-delivery/ibiza-restaurant-hamden/EKcNr9DbQkyq22TztqvR3A,wallingford-connecticut
https://www.ubereats.com/connecticut/food-delivery/krispy-krunchy-chicken-978-broad-street/AJZ52-FvS5qsTcLsYpu5iw,wallingford-connecticut
https://www.ubereats.com/connecticut/food-delivery/little-italy/SxXaZ5l7TneURh311F1vrg,wallingford-connecticut
https://www.ubereats.com/connecticut/food-delivery/outback-steakhouse-345-washington-street-big-y-plaza/tBKJFEj2QG2A9rgMBX7iwQ,wallingford-connecticut
https://www.ubereats.com/connecticut/food-delivery/fries-delivered/GtH7M702Q0SPBYvOcvFlyw,wallingford-connecticut
https://www.ubereats.com/connecticut/food-delivery/freskos/LTgrM5pLSnq53hVN2GSvZg,wallingford-connecticut
https://www.ubereats.com/connecticut/food-delivery/tgi-fridays-691-hamden-ct/L2lWmxt4TiqZAW4cb-COfA,wallingford-connecticut
https://www.ubereats.com/connecticut/food-delivery/fresco-market/c2tivZzzTgi0YYkc6fwtQw,wallingford-connecticut
https://www.ubereats.com/connecticut/food-delivery/stella-pizza/nprg_jqmQEuMsb3PLy3VAw,wallingford-connecticut
https://www.ubereats.com/connecticut/food-delivery/amore-apizza/wuaCNA91TRG7_2yM58j-5A,wallingford-connecticut
https://www.ubereats.com/connecticut/food-delivery/tanpopo/2UB0W-suQIG8GLpUOSVNjQ,wallingford-connecticut
https://www.ubereats.com/connecticut/food-delivery/sprinkles-ice-cream-shoppe/GdXUN3BUR7S1wXHPvE5Jdw,wallingford-connecticut
https://www.ubereats.com/connecticut/food-delivery/cold-stone-creamery-490-s-broad-st-%233/xl2EQyxqQviVT_AdWNDx9w,wallingford-connecticut
https://www.ubereats.com/connecticut/food-delivery/lumi-asian-fusion/A589BYDdQ4qH7MpXQnmdqA,wallingford-connecticut
https://www.ubereats.com/connecticut/food-delivery/mr-ds/B1iGGqO4Rc6_vUN4dFoP_w,wallingford-connecticut
https://www.ubereats.com/connecticut/food-delivery/dunkin-3300-whitney-ave/KclcEBv5SjeGG8LDVGKVVQ,wallingford-connecticut
https://www.ubereats.com/connecticut/food-delivery/mcdonalds-850-s-main-st/zs4pD3zpTaWuXKN1IgvjAA,wallingford-connecticut
https://www.ubereats.com/connecticut/food-delivery/ricks-on-5/akZ1cGtuTr6gR-KM8mxUSQ,wallingford-connecticut
https://www.ubereats.com/connecticut/food-delivery/athena-diner-ii/znDl4FeORdK9_Epbjge9bA,wallingford-connecticut
https://www.ubereats.com/connecticut/food-delivery/wood-n-tap-hamden/087RdS7HRTK96cWUNRLowA,wallingford-connecticut
https://www.ubereats.com/connecticut/food-delivery/buffalo-wild-wings-350-universal-dr-n/BY4lVgwWQlyHlkRhPoiIKA,wallingford-connecticut
https://www.ubereats.com/connecticut/food-delivery/kfc-382-south-main-street/zPuWnDPgSuW5edp8UQOocQ,wallingford-connecticut
https://www.ubereats.com/connecticut/food-delivery/kellys-cone-connection/trqGcY1SSAS7KMVs5d0LXA,wallingford-connecticut
https://www.ubereats.com/connecticut/food-delivery/sun-rise-house/sp_pX_xiTLm3DC4cA4XZHQ,wallingford-connecticut
https://www.ubereats.com/connecticut/food-delivery/cafe-amici/ER4VgdlwQQ2fZVj1WfqdzQ,wallingford-connecticut
https://www.ubereats.com/connecticut/food-delivery/subway-75-washington-ave/SrOqoBikTNGb6nBhRyGbYA,wallingford-connecticut
https://www.ubereats.com/connecticut/food-delivery/dragon-phoenix-chinese-restaurant/w_YWHnHbSZik84xHH9b6yQ,wallingford-connecticut
https://www.ubereats.com/connecticut/food-delivery/duchess-restaurant-wallingford/__ojae2VTme_zFduVLj3oQ,wallingford-connecticut
https://www.ubereats.com/connecticut/food-delivery/colony-diner/jWdvqKcaRYCO9WyOYns4dA,wallingford-connecticut
https://www.ubereats.com/connecticut/food-delivery/wayback-burgers-hamden/e9RqW1PiSwaZSa-Ri3cHbg,wallingford-connecticut
https://www.ubereats.com/connecticut/food-delivery/capotortos-apizza-center/2UpvPnSUSsGbFo10LSILnQ,wallingford-connecticut
https://www.ubereats.com/connecticut/food-delivery/dads-restaurant/YgSQ0OcsTQWbAwg8k8HsZg,wallingford-connecticut
https://www.ubereats.com/connecticut/food-delivery/krispy-krunchy-chicken-291-hanover-street/OruiPybcQKqXDXVqnjb5vQ,wallingford-connecticut
https://www.ubereats.com/connecticut/food-delivery/bella-luna-pizza/rBAHfp7EQCGYhrjw5JeN8g,wallingford-connecticut
https://www.ubereats.com/connecticut/food-delivery/red-lobster-320-universal-drive-north/EcIrD-pxSzSlaFlLK4aapQ,wallingford-connecticut
https://www.ubereats.com/connecticut/food-delivery/cafe-ra/i8l88kcgQsaSId_9iGNqbg,wallingford-connecticut
https://www.ubereats.com/connecticut/food-delivery/2-pagoda-chinese-restaurant/mKiZakCsQ1mnjMNITrwCew,wallingford-connecticut
https://www.ubereats.com/connecticut/food-delivery/subway-218-north-colony-rd/CttVq97cSVeA8eBMfS619Q,wallingford-connecticut
https://www.ubereats.com/connecticut/food-delivery/subway-844-n-colony-rd/2qQFzoWWRRS_6Mdf-2P3Qg,wallingford-connecticut
https://www.ubereats.com/connecticut/food-delivery/green-olive-diner/dBelMwsSRtSq0MfgFfE1ug,wallingford-connecticut
https://www.ubereats.com/connecticut/food-delivery/claypot-chef/eAKeb3k8Soa5zd0DunmyHA,wallingford-connecticut
https://www.ubereats.com/connecticut/food-delivery/ixtapa-grill-family-mexican-restaurant/tqpvx1GbRO6VsrbRy_tifw,wallingford-connecticut
https://www.ubereats.com/connecticut/food-delivery/pancheros-mexican-grill-893-n-colony-rd/c52hlcyYQvW50m_fOcsgpw,wallingford-connecticut
https://www.ubereats.com/connecticut/food-delivery/taco-bell-355-foxon-blvd/aJ7WOl58RMynUqWRwmsWIw,wallingford-connecticut
https://www.ubereats.com/connecticut/food-delivery/boston-market-755-east-main-st/sz_P_nq8TWKY5XQQmwUWEg,wallingford-connecticut
https://www.ubereats.com/connecticut/food-delivery/moonrise-cafe/Lp3pu2tQSUeQYbqufzGpCQ,wallingford-connecticut
https://www.ubereats.com/connecticut/food-delivery/kfc-722-e-main-st/qeHkUx46SVeMqyU59Jb93w,wallingford-connecticut
https://www.ubereats.com/connecticut/food-delivery/grand-apizza-north/Heth6M23TuCF9G2D7koHpQ,wallingford-connecticut
https://www.ubereats.com/connecticut/food-delivery/ola-wallingford/W_PivAGITtytfNKynscuHw,wallingford-connecticut
https://www.ubereats.com/connecticut/food-delivery/burgers-%26-more/JzXXd5KOTG-HGmkZ_XngKQ,wallingford-connecticut
https://www.ubereats.com/connecticut/food-delivery/moon-rocks-gourmet-cookies/AI6DRDTeTZGkaAZOJUVQVw,wallingford-connecticut
https://www.ubereats.com/connecticut/food-delivery/gaetanos-tavern-on-main/48gKalCHQbixmRErZYlAPg,wallingford-connecticut
https://www.ubereats.com/connecticut/food-delivery/tabaq-masala-restaurant/0Z2fXQraRgyTmJhHST3L4A,wallingford-connecticut
https://www.ubereats.com/connecticut/food-delivery/the-asian-invasion-llc/Q99wE2UOTVCfqzUFXMZ3Sg,wallingford-connecticut
https://www.ubereats.com/connecticut/food-delivery/cheeks-chicken-wallingford/s1MUbgk8SWmJ6sEd_34BVg,wallingford-connecticut
https://www.ubereats.com/connecticut/food-delivery/momoko-fresh-cut-poke/Gotea2kmTzagVX_CnlJUGg,wallingford-connecticut
https://www.ubereats.com/connecticut/food-delivery/1-stop-wings-68-n-turnpike-rd/_nKNOFUzRIa1IBbio3Dzow,wallingford-connecticut
https://www.ubereats.com/connecticut/food-delivery/spoonshoppe-brooke-deli/8GltcSomSki35wKC63BznA,wallingford-connecticut
https://www.ubereats.com/connecticut/food-delivery/wendys-674-n-colony-rd/WtFWMVc9Rhiean-NeTznvg,wallingford-connecticut
https://www.ubereats.com/connecticut/food-delivery/dunkin-1041-south-main-st/1c72KbtST_u0-GRYeJxN-A,wallingford-connecticut
https://www.ubereats.com/connecticut/food-delivery/moes-southwest-grill-970-north-colony-rd/5AZM8HCoSDCoLtHNub8K3g,wallingford-connecticut
