url,city
https://www.ubereats.com/boston/food-delivery/commonwealth-bbq/klYu9oeHTiyoJ7vOKPo3LA,walpole-massachusetts
https://www.ubereats.com/boston/food-delivery/bertuccis-canton/0xSviJlbTLqvmnhUjof6IQ,walpole-massachusetts
https://www.ubereats.com/boston/food-delivery/taco-bell-124-providence-highway/GmOcUv9oQXaUkKxuzX4aBg,walpole-massachusetts
https://www.ubereats.com/boston/food-delivery/cracker-barrel-old-country-store-1048-south-street-suite-40/2ppmZQguTziyHti0o7xv3g,walpole-massachusetts
https://www.ubereats.com/boston/food-delivery/casabella-pizza-brick-oven-pizza-%26-more/Nk2g6SsWRaCBgt6FzzM_7w,walpole-massachusetts
https://www.ubereats.com/boston/food-delivery/menchies-frozen-yogurt-268-patriot-pl/i_vH0OMZTYCXXu6sCoJSuQ,walpole-massachusetts
https://www.ubereats.com/boston/food-delivery/papa-ginos-8-commercial-st/0gS4B-EdSKyg4KYSB4Wb6A,walpole-massachusetts
https://www.ubereats.com/boston/food-delivery/five-guys-ma-0374-269-patriot-pl/d7NZif6pSpmo6rszxo6v_g,walpole-massachusetts
https://www.ubereats.com/boston/food-delivery/dunkin-1425-main-st/uFuAHgdQThuYYnTVaaVEyA,walpole-massachusetts
https://www.ubereats.com/boston/food-delivery/norwood-center-pizza-%26-grille/RqfqMtm1TMqhuLEGZLYZjQ,walpole-massachusetts
https://www.ubereats.com/boston/food-delivery/the-juice-bar/rTks5IsMTdKhaM5ciMTqEA,walpole-massachusetts
https://www.ubereats.com/boston/food-delivery/cbs-sporting-club/RtB57IpXS4SHVhH5X1risQ,walpole-massachusetts
https://www.ubereats.com/boston/food-delivery/shino/BQljs-9HRtyINYN4agXjwg,walpole-massachusetts
https://www.ubereats.com/boston/food-delivery/wing-squad-canton/9YGo3nDDRQuM8wtBdE8kmg,walpole-massachusetts
https://www.ubereats.com/boston/food-delivery/gg-pizza-company/By6yziNBRQWkTJJofZ14Tg,walpole-massachusetts
https://www.ubereats.com/boston/food-delivery/old-country-pizzeria/6BTZljCYSL6_QnjCj9KPfQ,walpole-massachusetts
https://www.ubereats.com/boston/food-delivery/slices/lBo3EFy8SYuPFiHExqkLSA,walpole-massachusetts
https://www.ubereats.com/boston/food-delivery/panda-express-106-boston-providence-hwy/3tPty3LGS1GRMYPcl0QZxA,walpole-massachusetts
https://www.ubereats.com/boston/food-delivery/yamato-hibachi-%26-sushi-bar/jk8ZGcSTQuy7jcG1pbC3Zg,walpole-massachusetts
https://www.ubereats.com/boston/food-delivery/bertuccis-280-school-st/FGf951fAREeCXjUuQgDldw,walpole-massachusetts
https://www.ubereats.com/boston/food-delivery/mick-morgans-irish-pub-%26-restaurant/eXirmHuASGK7RTn8xoD-QQ,walpole-massachusetts
https://www.ubereats.com/boston/food-delivery/pf-changs-410-legacy-place/guJUSd3sTJuSFEUNSN02ZQ,walpole-massachusetts
https://www.ubereats.com/boston/food-delivery/bar-louie-foxborough/QovStQ2fQpSuYA7A7T53_w,walpole-massachusetts
https://www.ubereats.com/boston/food-delivery/buffalo-wild-wings-321-school-st/b7AJ-UShRA6l3balJ-7lxg,walpole-massachusetts
https://www.ubereats.com/boston/food-delivery/school-street-sweets%E2%80%94foxboro/65cIU3-IS3KNp6vBM66PFQ,walpole-massachusetts
https://www.ubereats.com/boston/food-delivery/papa-ginos-10-c-north-meadows-road/2VSF0JPVQ2mYYS9U7FSFlA,walpole-massachusetts
https://www.ubereats.com/boston/food-delivery/jake-n-joes-sports-grille-%E2%80%93-foxboro/0o_mYTnpRQ2fv20nxYSPPQ,walpole-massachusetts
https://www.ubereats.com/boston/food-delivery/uno-pizzeria-%26-grill-%23246/eA-28s9EQSu1efx7AqzDEg,walpole-massachusetts
https://www.ubereats.com/boston/food-delivery/friendlys-1469-providence-highway/rfoDlDRrSTiSRMpPjtDMTA,walpole-massachusetts
https://www.ubereats.com/boston/food-delivery/napper-tandys/YcjXdFisSVqJjZ2rAgrW6w,walpole-massachusetts
https://www.ubereats.com/boston/food-delivery/cyber-cafe/U4MDnuRdRTqGiE3tX11vHQ,walpole-massachusetts
https://www.ubereats.com/boston/food-delivery/subway-111-lenox-st/-ptPB1EPS22qL04dVfrvxg,walpole-massachusetts
https://www.ubereats.com/boston/food-delivery/gyro-and-kebab-house/j_cHxahkQ22g8l708CUakw,walpole-massachusetts
https://www.ubereats.com/boston/food-delivery/mcdonalds-32-broadway/oxHZ4xU4Svq9V3l4hNzw6g,walpole-massachusetts
https://www.ubereats.com/boston/food-delivery/wendys-1412-boston-providence-turnpike/KdxGCh-GSJCfLxK6gS_l2g,walpole-massachusetts
https://www.ubereats.com/boston/food-delivery/dunkin-995-old-post-rd/bvDB_gBgTzy1ddKf0ILsTw,walpole-massachusetts
https://www.ubereats.com/boston/food-delivery/cava-680-legacy-pl-suite-724/3o8eo5UkQjadh7wbMbRIqg,walpole-massachusetts
https://www.ubereats.com/boston/food-delivery/chilacates-westwood/I1OLe9LJR2m98teyAUcVcQ,walpole-massachusetts
https://www.ubereats.com/boston/food-delivery/mcdonalds-1600-providence-hwy/hEwFRI6VSyS5xIu0h7_7rg,walpole-massachusetts
https://www.ubereats.com/boston/food-delivery/dunkin-21-providence-hwy/c-rGppI7TjC9j8GM5J6l3w,walpole-massachusetts
https://www.ubereats.com/boston/food-delivery/fishermans-restaurant/_dv0H03cSoKJjCjKgevxrw,walpole-massachusetts
https://www.ubereats.com/boston/food-delivery/chipotle-mexican-grill-5-franklin-village-dr/N_QWU6BBTPi7Rop2A9KJIA,walpole-massachusetts
https://www.ubereats.com/boston/food-delivery/panda-gold/zsxA1zfUSqKPo2qFJIuSgw,walpole-massachusetts
https://www.ubereats.com/boston/food-delivery/wing-squad-norwood/d-Xf_J6fSm-BYRa2AhJJBw,walpole-massachusetts
https://www.ubereats.com/boston/food-delivery/kihei-dynasty-restaurant/GPsjdO_nQgakrc9m2_pp9g,walpole-massachusetts
https://www.ubereats.com/boston/food-delivery/ihop-1378-boston-providence-highway/44SpStgtRiW5OCF4XSnoJw,walpole-massachusetts
https://www.ubereats.com/boston/food-delivery/dunkin-915-high-st/zSsWsV8ZRHu4BMsnzO8FgQ,walpole-massachusetts
https://www.ubereats.com/boston/food-delivery/q-sabor-latino/Nmsj9ywdQ4-E9cZJ_GfS8Q,walpole-massachusetts
https://www.ubereats.com/boston/food-delivery/dunkin-22-washington-st/0VdDctbMQ622esFIUGKvYQ,walpole-massachusetts
https://www.ubereats.com/boston/food-delivery/subway-36-vanderbilt-ave/8dVUHOHBRKW3FN-9ihNn0w,walpole-massachusetts
https://www.ubereats.com/boston/food-delivery/papa-ginos-211-north-st/7wYMwzjbR_aoq23Nb5pOSQ,walpole-massachusetts
https://www.ubereats.com/boston/food-delivery/sonic-drive-in-630-washington-st/azGm20tARYSxC-cygJ_55g,walpole-massachusetts
https://www.ubereats.com/boston/food-delivery/thyme/NlRz2aEBRAi70TgBm9OUIA,walpole-massachusetts
https://www.ubereats.com/boston/food-delivery/hooters-dedham/Fenubr5JQdCpKgBOOZ4VyA,walpole-massachusetts
https://www.ubereats.com/boston/food-delivery/dangelo-grilled-sandwiches-211-north-street/FPwmnaI_Rca8hPpactfE2w,walpole-massachusetts
https://www.ubereats.com/boston/food-delivery/bapu-gs-gourmet-kebabs-and-sandwiches/x1vKYhEKSPK_kQMCcuJe0Q,walpole-massachusetts
https://www.ubereats.com/boston/food-delivery/canton-center-pizza/cha2mBoIQNahbpjwSw-1YA,walpole-massachusetts
https://www.ubereats.com/boston/food-delivery/giovannis-home-of-pizza/Rm_4Jip-SJeoChc3yGw1YQ,walpole-massachusetts
https://www.ubereats.com/boston/food-delivery/kfc-tb-265-washington-street/YvbxXDDVSPqU9X2wv5xcNQ,walpole-massachusetts
https://www.ubereats.com/boston/food-delivery/epic-pastas/tBvGgduZTdmg2KsRdzQ3rA,walpole-massachusetts
https://www.ubereats.com/boston/food-delivery/piperi/YNNXzMCSRqCVBnIeEyB41Q,walpole-massachusetts
https://www.ubereats.com/boston/food-delivery/the-feisty-greek/mIZ_--3qTEiE9kmlYHRT5A,walpole-massachusetts
https://www.ubereats.com/boston/food-delivery/pizza-licious/AvP4jKOtTaabhiJJFrDmlg,walpole-massachusetts
https://www.ubereats.com/boston/food-delivery/panera-130-providence-highway/Uk3vftwqTHCzU6zS3JO1uw,walpole-massachusetts
https://www.ubereats.com/boston/food-delivery/scorpion-bar/2-GWAjJqT-Cph2XpswlJGQ,walpole-massachusetts
https://www.ubereats.com/boston/food-delivery/starbucks-walpole-rt-1/WtUdqt-fR8uBpiVFf2lPSw,walpole-massachusetts
https://www.ubereats.com/boston/food-delivery/spot!/RyzxFHmUTryq06e9cuwGNw,walpole-massachusetts
https://www.ubereats.com/boston/food-delivery/saga-hibachi-steakhouse/FErOSEM2Sj6HbPiHrgQswQ,walpole-massachusetts
https://www.ubereats.com/boston/food-delivery/five-guys-ma-0498-104-providence-hwy/GYCQ6gI8ReywqJY0IqkxFQ,walpole-massachusetts
https://www.ubereats.com/boston/food-delivery/bertuccis-norwood/ERryRlPjSCKeUgwsmyyUvw,walpole-massachusetts
https://www.ubereats.com/boston/food-delivery/starbucks-norwood-rte-1-north/uiWEQTi7TDGmwT1nl0Ab4g,walpole-massachusetts
https://www.ubereats.com/boston/food-delivery/subway-31-washington-st/IJjRSehJRY6NspWPqHcUog,walpole-massachusetts
https://www.ubereats.com/boston/food-delivery/jalapenos-grill/QDZWzj9GSBebcQyIHT_vAw,walpole-massachusetts
https://www.ubereats.com/boston/food-delivery/five-guys-ma-1132-95-washington-st/MXbDBiGBT8SV5MmxrDNE_Q,walpole-massachusetts
https://www.ubereats.com/boston/food-delivery/amelias/FqA-NYupRgKlHC7adABryQ,walpole-massachusetts
https://www.ubereats.com/boston/food-delivery/chipotle-mexican-grill-217-university-ave/ccbnOXlBQCyjQ0c0igLclQ,walpole-massachusetts
https://www.ubereats.com/boston/food-delivery/red-robin-483-201-patriot-place/Bvqu_IQKTI6PEcROYNMxCA,walpole-massachusetts
https://www.ubereats.com/boston/food-delivery/1a-pizza/95oQwKk1Qw2mEazbIFQmbQ,walpole-massachusetts
https://www.ubereats.com/boston/food-delivery/the-ice-cream-shop/6BrW9LzzSLejcwa5OAjk_A,walpole-massachusetts
https://www.ubereats.com/boston/food-delivery/wired-cafe/Gz8rQ7UrTJyDbAtJlbmurw,walpole-massachusetts
https://www.ubereats.com/boston/food-delivery/yummy-house-brockton/xMJ-JyemS7ih8jO9Fw6_mA,walpole-massachusetts
https://www.ubereats.com/boston/food-delivery/chateau-restaurant-franklin/um400Gr0TzGOCWUQH-FWDQ,walpole-massachusetts
https://www.ubereats.com/boston/food-delivery/dunkin-438-washington-st/lxjKZ8FQT7mog_omKUgxkA,walpole-massachusetts
https://www.ubereats.com/boston/food-delivery/blue-hills-grille/A-VdzMbTQoag97oitrCKhw,walpole-massachusetts
https://www.ubereats.com/boston/food-delivery/taco-bell-420-w-central-st/po8L10UaSjmHK62e0leh7g,walpole-massachusetts
https://www.ubereats.com/boston/food-delivery/to-beirut/EJ8n8cI8RO6Y87OR5YYNcg,walpole-massachusetts
https://www.ubereats.com/boston/food-delivery/chateau-restaurant-%E2%80%93-stoughton/QVK9nlyOSleIY2y0zYWaKg,walpole-massachusetts
https://www.ubereats.com/boston/food-delivery/50s-diner/NNySqQqhSXyJi6YJxFLqdA,walpole-massachusetts
https://www.ubereats.com/boston/food-delivery/avocados-mexican-rest/H7RKWzh-QEmlJxmTZ_e48Q,walpole-massachusetts
https://www.ubereats.com/boston/food-delivery/ginjo-restaurant/sU-v7HwkSb6YI1HHuHREQA,walpole-massachusetts
https://www.ubereats.com/boston/food-delivery/temazcal-tequila-cantina-dedham/t-g01jD5SBKTFbtSdc-5RQ,walpole-massachusetts
https://www.ubereats.com/boston/food-delivery/buffalo-wild-wings-500-westgate-dr/5--OUSjcRpqdfowtGnrWEQ,walpole-massachusetts
https://www.ubereats.com/boston/food-delivery/deags-local-diner/la7BWgHoRQSd5iIlh4BfaQ,walpole-massachusetts
https://www.ubereats.com/boston/food-delivery/hooties-burger-bar-dedham/7iCPuYOvTqiEGDlVY_8wpQ,walpole-massachusetts
https://www.ubereats.com/boston/food-delivery/dunkin-1202-providence-highway/sFoczAPKTGyBB5zrwCuzvQ,walpole-massachusetts
https://www.ubereats.com/boston/food-delivery/shake-shack-226-legacy-place/xu-k69WQT0CklTHUB_FH7g,walpole-massachusetts
https://www.ubereats.com/boston/food-delivery/chateau-restaurant-%E2%80%93-norwood/AflBHthoSRi6zPC2c6olWA,walpole-massachusetts
https://www.ubereats.com/boston/food-delivery/china-rama/j-3rQbGBTsGN2ivsVMXpGw,walpole-massachusetts
https://www.ubereats.com/boston/food-delivery/orange-leaf-frozen-yogurt-38-vanderbilt-ave/BEHpxn-wS3as-bK0E2jN3Q,walpole-massachusetts
https://www.ubereats.com/boston/food-delivery/maxies-delicatessen/8DH3hFhRR164V45m62Atxg,walpole-massachusetts
https://www.ubereats.com/boston/food-delivery/byblos-restaurant/iDW-fuUWTcC09fGwcDC9zg,walpole-massachusetts
https://www.ubereats.com/boston/food-delivery/fit-fuel-cafe/BsaUk4VjRju-aaCFCOCFvg,walpole-massachusetts
https://www.ubereats.com/boston/food-delivery/jake-n-joes-sports-grille-norwood/ZZ8M6ZAxSj-pvwXBJupknQ,walpole-massachusetts
https://www.ubereats.com/boston/food-delivery/wendys-64-copeland-drive/hKlbiKShQ_eBtg0wiTzLSA,walpole-massachusetts
https://www.ubereats.com/boston/food-delivery/miranda-bread-stoughton/KxyL75IMTI6hU-R41HXIvQ,walpole-massachusetts
https://www.ubereats.com/boston/food-delivery/mug-n-muffin-restaurant/-EsqTd4kQAKVKpOWumD69w,walpole-massachusetts
https://www.ubereats.com/boston/food-delivery/anthonys-coal-fired-pizza-westwood/6Nrk4YroRwCY6_mQw_79oA,walpole-massachusetts
https://www.ubereats.com/boston/food-delivery/dunkin-541-w-central-st/n4H5gc2STEGW26ldTcO7FA,walpole-massachusetts
https://www.ubereats.com/boston/food-delivery/tgi-fridays-658-dedham-ma/2tIPoMtXTfSKgLUue0l8uw,walpole-massachusetts
https://www.ubereats.com/boston/food-delivery/starbucks-canton-cobbs-corner/XqnkQBXCTJGMpK_mG2cBog,walpole-massachusetts
https://www.ubereats.com/boston/food-delivery/honey-dew-donuts-285-morse-st/LcPgrFizTnCQMNzTvYRfzg,walpole-massachusetts
https://www.ubereats.com/boston/food-delivery/stashs-pizza-norwood/GN0gyKoMQXOgO9zOtHj0xw,walpole-massachusetts
https://www.ubereats.com/boston/food-delivery/chipotle-mexican-grill-287-school-st/yFhaCHrgS1CKOZDFD8_s8A,walpole-massachusetts
https://www.ubereats.com/boston/food-delivery/bgood-708-legacy-pl/rLTFhUaIRvO-RV_L5GAHxA,walpole-massachusetts
https://www.ubereats.com/boston/food-delivery/victory-bar-and-grille/479xmWJZSRugwLbkKoHjUA,walpole-massachusetts
https://www.ubereats.com/boston/food-delivery/tambos-kitchen/ZuM620eeTvivowdi_qpsVg,walpole-massachusetts
https://www.ubereats.com/boston/food-delivery/chipotle-mexican-grill-1415-boston-providence-highway/C1JHwRbzRlOk-S5QhzC0zQ,walpole-massachusetts
https://www.ubereats.com/boston/food-delivery/fresh-catch/qpdxEKz8Qh6HzX1OG-FoJQ,walpole-massachusetts
https://www.ubereats.com/boston/food-delivery/crisp/_mil9gdiSaWnp1qtfRxmDg,walpole-massachusetts
https://www.ubereats.com/boston/food-delivery/piezonis-walpole/3dmbglN2Qiy-P0cinPLMKQ,walpole-massachusetts
https://www.ubereats.com/boston/food-delivery/burger-king-41-providence-highway/fFOCBs-xR1yaM6p5Uog_Sw,walpole-massachusetts
https://www.ubereats.com/boston/food-delivery/qdoba-280-school-st/LnduQ0bwSROQg1qCSKdCfw,walpole-massachusetts
https://www.ubereats.com/boston/food-delivery/dunkin-700-depot-st/fqyDkSsuSwOpCoCy-bB0_g,walpole-massachusetts
https://www.ubereats.com/boston/food-delivery/honey-dew-donuts-375-neponset-street/EzV-Q5FGTkuhcprdE1GF0g,walpole-massachusetts
https://www.ubereats.com/boston/food-delivery/sweetgreen-legacy-place/l8ONHS54RCKUuOwHhxzlTQ,walpole-massachusetts
https://www.ubereats.com/boston/food-delivery/fitzys-pub/KXZflEzgT-ayN4_9F2uVeg,walpole-massachusetts
https://www.ubereats.com/boston/food-delivery/royal-pizza-of-norwood/Q7UbuoSnQYmAITcSxlQHJA,walpole-massachusetts
https://www.ubereats.com/boston/food-delivery/cloud-cafe/leBw4BCERDmjHnESYvVUOg,walpole-massachusetts
https://www.ubereats.com/boston/food-delivery/nosh-%26-grog-provisions/6Es2OfliSv2DKD0nm8x_vQ,walpole-massachusetts
https://www.ubereats.com/boston/food-delivery/salem-food-market/pX3Fi_woRcaPfvpV55k-xw,walpole-massachusetts
https://www.ubereats.com/boston/food-delivery/thai-food-theory/ZHuLmmksRoOPzxkSGyR7JQ,walpole-massachusetts
https://www.ubereats.com/boston/food-delivery/del-friscos-grille-60-university-ave/wrlti0avTf-g7eIDk3ujuQ,walpole-massachusetts
https://www.ubereats.com/boston/food-delivery/kyoto-japanese-steak-house-%26-bar/GgBkNAuvQ5WBLpNktOdgmQ,walpole-massachusetts
https://www.ubereats.com/boston/food-delivery/genki-ya-dedham/SEFaXivSQAuAoXTg3bzGtQ,walpole-massachusetts
https://www.ubereats.com/boston/food-delivery/smashburger-203-university-ave/NVIXBwhtSV6dw5ZFrKZMww,walpole-massachusetts
https://www.ubereats.com/boston/food-delivery/dairy-queen-grill-%26-chill-389-n-washington-s/lce4Jd3XTNOFjcpO1svsNg,walpole-massachusetts
https://www.ubereats.com/boston/food-delivery/patriot-tavern/8RF7uHIzS3K-pal6xizUqA,walpole-massachusetts
https://www.ubereats.com/boston/food-delivery/toast-office-westwood/sci12XXMR5e8KW1sH54Hqg,walpole-massachusetts
https://www.ubereats.com/boston/food-delivery/dunkin-30-commercial-st-dunkin-job-lot-plaza/LpI3gqM9Spymhlc5luo_QQ,walpole-massachusetts
https://www.ubereats.com/boston/food-delivery/the-ice-cream-shop/RYjB82gXSvi7-saU57UdIA,walpole-massachusetts
https://www.ubereats.com/boston/food-delivery/extreme-burgers/VrvF1tiaRP-JzqlRl3xGCw,walpole-massachusetts
https://www.ubereats.com/boston/food-delivery/applebees-990-providence-hwy-%2381076/fmtWzj9rTYyjDCXPvpdI9Q,walpole-massachusetts
https://www.ubereats.com/boston/food-delivery/dunkin-703-main-st/_wvZgrKoR4mjWdbrngHaQw,walpole-massachusetts
https://www.ubereats.com/boston/food-delivery/dunkin-50-east-central-st/EE768FztQ6agyeqPHjxe1Q,walpole-massachusetts
https://www.ubereats.com/boston/food-delivery/dunkin-506-high-plain-st/CG-1AihvSCeN55Jt7SzIjg,walpole-massachusetts
https://www.ubereats.com/boston/food-delivery/stoneforge-grill/fQlPIZlmSiuoeL2Bf5qwjw,walpole-massachusetts
https://www.ubereats.com/boston/food-delivery/lunch-box-deli/0q71IWvuSj-PUudWL3aelA,walpole-massachusetts
https://www.ubereats.com/boston/food-delivery/school-street-sweets-norwood/ZF0lkN7XQqOwjCoH0HJ4Gg,walpole-massachusetts
https://www.ubereats.com/boston/food-delivery/capriottis-267-patriot-place/4cephPDURtaPRLIxCQCjBQ,walpole-massachusetts
https://www.ubereats.com/boston/food-delivery/mcdonalds-595-main-st/HFZSb0alSNaFyAzvMTkGSw,walpole-massachusetts
https://www.ubereats.com/boston/food-delivery/dunkin-400-washington-st/Mocz5iraTPq428bFbQfiOA,walpole-massachusetts
