url,city
https://www.ubereats.com/nyc-suburbs/food-delivery/deja-brew/-s4dBzrgT8SreSoAZP8NGQ,wantagh-new-york
https://www.ubereats.com/nyc-suburbs/food-delivery/one-eye-jacks/X-xmfDyZQciaH7dDz5dnwA,wantagh-new-york
https://www.ubereats.com/nyc-suburbs/food-delivery/3-brothers-pizza-cafe/f9cihAnAS8W05L1EgJeuYg,wantagh-new-york
https://www.ubereats.com/nyc-suburbs/food-delivery/junos-pizza-new-york-city/UsF_-mrMS4CXDVEAnXc43w,wantagh-new-york
https://www.ubereats.com/nyc-suburbs/food-delivery/checkers-461-fulton-ave/5hn0yte6TvOzwMdwLUlQgQ,wantagh-new-york
https://www.ubereats.com/nyc-suburbs/food-delivery/plainview-diner/mxg--bLTRRK8epEjZJu14w,wantagh-new-york
https://www.ubereats.com/nyc-suburbs/food-delivery/dunkin-389-atlantic-ave/fUzWhxXzTGmb09QO6zEtog,wantagh-new-york
https://www.ubereats.com/nyc-suburbs/food-delivery/melts-wing-shop-roosevelt-field-mall/9lrRftaOQZqtnPzR8qFSfQ,wantagh-new-york
https://www.ubereats.com/nyc-suburbs/food-delivery/street-mexican/D-LhFgACSdK6aazowv95dg,wantagh-new-york
https://www.ubereats.com/nyc-suburbs/food-delivery/golden-pine-deli/aS7sfPqTS1ekNSEEN5Y_-A,wantagh-new-york
https://www.ubereats.com/nyc-suburbs/food-delivery/the-bird-house/RlkLVQx6S7ORXfKRLH4Hbw,wantagh-new-york
https://www.ubereats.com/nyc-suburbs/food-delivery/subway-1874-front-st/hr-5Z7UHQYi5N6USaIk8qA,wantagh-new-york
https://www.ubereats.com/nyc-suburbs/food-delivery/chipotle-mexican-grill-3629-hempstead-tpke/HVjI8waZS9Kh6N-hyTqwmg,wantagh-new-york
https://www.ubereats.com/nyc-suburbs/food-delivery/american-beauty-bistro/Z7wrteMdTviMNnVYDT8WVw,wantagh-new-york
https://www.ubereats.com/nyc-suburbs/food-delivery/churrasqueria-genesis-restaurant/D1LD_fosTVamXnMPWE9yxQ,wantagh-new-york
https://www.ubereats.com/nyc-suburbs/food-delivery/francescos-pizzeria/WQh4bIemRjmI_GtD8vku_g,wantagh-new-york
https://www.ubereats.com/nyc-suburbs/food-delivery/marios-pizzeria-seaford/72l4liEHQjG1R_LTQc3PjA,wantagh-new-york
https://www.ubereats.com/nyc-suburbs/food-delivery/the-energy-bar-of-long-island/4TF2rbegSAeNOZp1s6I2tA,wantagh-new-york
https://www.ubereats.com/nyc-suburbs/food-delivery/dunkin-1041-hicksville-rd/2Su1zkMlTuaHMnpdwEht7A,wantagh-new-york
https://www.ubereats.com/nyc-suburbs/food-delivery/atlantic-ave-deli/JvL2mEu1QzSklsHuXa93_A,wantagh-new-york
https://www.ubereats.com/nyc-suburbs/food-delivery/dunkin-56-e-sunrise-hwy/sOE-MGMnTxqn2h6OvDTlXA,wantagh-new-york
https://www.ubereats.com/nyc-suburbs/food-delivery/friendlys-4812-sunrise-hwy/XFqxysE1RVuFnspIfkCEBQ,wantagh-new-york
https://www.ubereats.com/nyc-suburbs/food-delivery/dark-horse-tavern/6Iztg-RYTNS02JH2bccItw,wantagh-new-york
https://www.ubereats.com/nyc-suburbs/food-delivery/mcdonalds-hicksville-route-107/MCA5sgJkQZORC_-Il6kpxg,wantagh-new-york
https://www.ubereats.com/nyc-suburbs/food-delivery/mile-on-the-water/TUzrkZK4Qcu8uqVAhHWyhA,wantagh-new-york
https://www.ubereats.com/nyc-suburbs/food-delivery/mama-ginas-italian-restaurant-%26-pizzeria/ki7NDWmdT2aoUESVsgPjxQ,wantagh-new-york
https://www.ubereats.com/nyc-suburbs/food-delivery/mamas-italian-catering/N3lUy1i2SZKbh4-UVE4kFw,wantagh-new-york
https://www.ubereats.com/nyc-suburbs/food-delivery/mcdonalds-westbury-old-country-rd/Nc85ENPPSfu65oDBXm88Mg,wantagh-new-york
https://www.ubereats.com/nyc-suburbs/food-delivery/chipotle-mexican-grill-1194-wantagh-ave/q7ZOWXztSXiadj_uSzcnBg,wantagh-new-york
https://www.ubereats.com/nyc-suburbs/food-delivery/tony-mac-bakery%26restaurant/OLDWzPYiTsKiwjqdx5vx1g,wantagh-new-york
https://www.ubereats.com/nyc-suburbs/food-delivery/ohayo-japanese-cuisine/p5zB0VN1TdOAuDMNnMtB2g,wantagh-new-york
https://www.ubereats.com/nyc-suburbs/food-delivery/patrizias-of-long-island-massapequa-park/vuvQZOrJQ16GFb14GyZ3DA,wantagh-new-york
https://www.ubereats.com/nyc-suburbs/food-delivery/bagel-cafe-%26-eatery/E72adJ_QQ92-XSyvqmEZnw,wantagh-new-york
https://www.ubereats.com/nyc-suburbs/food-delivery/fukee/ZCXNNT9KSmirRE3_lJ3SFg,wantagh-new-york
https://www.ubereats.com/nyc-suburbs/food-delivery/the-dawg-pound-bar-and-restaurant/JQzL1fQXTti_HXqm6E77tg,wantagh-new-york
https://www.ubereats.com/nyc-suburbs/food-delivery/alfredos-pizza/JEwhucBVRJ-qhjwEgiI_VA,wantagh-new-york
https://www.ubereats.com/nyc-suburbs/food-delivery/smashburger-180-old-country-rd/77OFzPQtQLyXd0CunxCAlA,wantagh-new-york
https://www.ubereats.com/nyc-suburbs/food-delivery/chipotle-mexican-grill-1166-hempstead-tpke/0GPh1cTWTDOl0155A0BPAQ,wantagh-new-york
https://www.ubereats.com/nyc-suburbs/food-delivery/rubys-cajun/tJ_QEvDUTSiGYtyP75YzJw,wantagh-new-york
https://www.ubereats.com/nyc-suburbs/food-delivery/calabria-pizzeria-north-bellmore/JlZHRKYTTrey2gkg6Vvg4g,wantagh-new-york
https://www.ubereats.com/nyc-suburbs/food-delivery/ichiban/tJo4Xl0OSKKnW1wCvIjlHw,wantagh-new-york
https://www.ubereats.com/nyc-suburbs/food-delivery/dunkin-545-uniondale-ave/QEniagX9R6C1L6K7z_bDVA,wantagh-new-york
https://www.ubereats.com/nyc-suburbs/food-delivery/sushi-ko/_kpdsSoRSNi9ValFK6bTDg,wantagh-new-york
https://www.ubereats.com/nyc-suburbs/food-delivery/kfc-amityville/4iUEXbfATvuOJe9fDTxKGQ,wantagh-new-york
https://www.ubereats.com/nyc-suburbs/food-delivery/jamaican-dutch-pot/vtGwBV2KSkiA-nOW-g7HIw,wantagh-new-york
https://www.ubereats.com/nyc-suburbs/food-delivery/the-pie-shoppe/-d-uctUhTQO7GgaDircTRQ,wantagh-new-york
https://www.ubereats.com/nyc-suburbs/food-delivery/taco-bell-1709-merrick-rd/wYbF8NpoQHO1H9EnP2mrDQ,wantagh-new-york
https://www.ubereats.com/nyc-suburbs/food-delivery/nazs-halal-food-1171-deer-park-ave/BHad6_lGS9SU8PjrbtaFpQ,wantagh-new-york
https://www.ubereats.com/nyc-suburbs/food-delivery/don-juan/U8qfDm3cSF6Cb65NiSsv7A,wantagh-new-york
https://www.ubereats.com/nyc-suburbs/food-delivery/long-island-smoothie-cafe/XbeXQrl1Tgig2ohVVnGfMg,wantagh-new-york
https://www.ubereats.com/nyc-suburbs/food-delivery/everest-himalayan-cuisine-bellmore/Pm8H3_cmSwm0Uq6NyGnb8g,wantagh-new-york
https://www.ubereats.com/nyc-suburbs/food-delivery/moes-southwest-grill-2701-merrick-road/LhcGxXLvQmaQDJPmQ-Aauw,wantagh-new-york
https://www.ubereats.com/nyc-suburbs/food-delivery/outback-steakhouse-2124-merrick-mall/VmGQBN1KRPSxAot9DMp-Gw,wantagh-new-york
https://www.ubereats.com/nyc-suburbs/food-delivery/burger-king-700-farmingdale-road/LyaEUsAxT0Sp00dRcm2MJg,wantagh-new-york
https://www.ubereats.com/nyc-suburbs/food-delivery/fortune-happy-wok-inc/WF3Fb1LYTW68qK_1-CWNHg,wantagh-new-york
https://www.ubereats.com/nyc-suburbs/food-delivery/sobol-east-meadow/PlX6f-xgSU-CwE1OZv7l-Q,wantagh-new-york
https://www.ubereats.com/nyc-suburbs/food-delivery/dambiance-bar-and-louge/8G9SNaRKSduKzAhKTHaSoQ,wantagh-new-york
https://www.ubereats.com/nyc-suburbs/food-delivery/kreyol-taste-restaurant/nId6ZlCAQWWrcTYLkdVH3g,wantagh-new-york
https://www.ubereats.com/nyc-suburbs/food-delivery/fat-boys-burrito/ToQQIuCjR5yKSrP3g5VIPQ,wantagh-new-york
https://www.ubereats.com/nyc-suburbs/food-delivery/big-city-salad-bethpage/-olB3KElQZSUWe9EusKy-Q,wantagh-new-york
https://www.ubereats.com/nyc-suburbs/food-delivery/curry-corner/u1-WHbDfSNuLfunBmwBX0A,wantagh-new-york
https://www.ubereats.com/nyc-suburbs/food-delivery/mcdonalds-baldwin-grand-ave/eUCUUiAgTR2lG6hEwRidNA,wantagh-new-york
https://www.ubereats.com/nyc-suburbs/food-delivery/wendys-220-route-109/kq77pCziQim-p7k2CAx9Fg,wantagh-new-york
https://www.ubereats.com/nyc-suburbs/food-delivery/chevere-pollos-a-la-brasa/nuRMgmp-TyadIyQn-FG3ig,wantagh-new-york
https://www.ubereats.com/nyc-suburbs/food-delivery/obsession-banquet-hall/B1ROC7oNTBuvzvvE5QLUDA,wantagh-new-york
https://www.ubereats.com/nyc-suburbs/food-delivery/dhoom/mMqvJAv4SeKmNh2j07axjg,wantagh-new-york
https://www.ubereats.com/nyc-suburbs/food-delivery/gyro-boys/0gbHv8dxTVCvI-12x5rXlw,wantagh-new-york
https://www.ubereats.com/nyc-suburbs/food-delivery/knot-of-this-world-pretzels/JyiBaYnSQY-KGHGvitNe0w,wantagh-new-york
https://www.ubereats.com/nyc-suburbs/food-delivery/margaritas-cafe-wantagh/1SRztycQSHuDHJf3xyQXug,wantagh-new-york
https://www.ubereats.com/nyc-suburbs/food-delivery/dominican-restaurant/V3r3dJL2TLWsqRic_yaikg,wantagh-new-york
https://www.ubereats.com/nyc-suburbs/food-delivery/yogurt-%26-such-cafe-west-babylon/fGEsyV-GScW14CJTv4K4jg,wantagh-new-york
https://www.ubereats.com/nyc-suburbs/food-delivery/that-meetball-place-farmingdale/CKXSnNu_SFCHmD1Pv1VLxw,wantagh-new-york
https://www.ubereats.com/nyc-suburbs/food-delivery/chipotle-mexican-grill-901-broadhollow-rd/vkcDw-BOR8OZ2dt1cb8Prw,wantagh-new-york
https://www.ubereats.com/nyc-suburbs/food-delivery/lindys-deli/SvsuZweYSMqB6rswkBwghw,wantagh-new-york
https://www.ubereats.com/nyc-suburbs/food-delivery/gateway-bagels-%26-deli/G5-8YyuIQsebYmsxb0O7Lw,wantagh-new-york
https://www.ubereats.com/nyc-suburbs/food-delivery/town-bagel-wantagh/KZxB269-TzizjoI8PajNyQ,wantagh-new-york
https://www.ubereats.com/nyc-suburbs/food-delivery/the-ice-cream-shop/F1DsOF7vQBKZfKI59sca2w,wantagh-new-york
https://www.ubereats.com/nyc-suburbs/food-delivery/vincenzos-pizzeria-of-levittown/TG3oIaQzQem8w2Sj1jKgJw,wantagh-new-york
https://www.ubereats.com/nyc-suburbs/food-delivery/bougatfa-halal-food/AFjItcpRSeiaqZXNjDEOOw,wantagh-new-york
https://www.ubereats.com/nyc-suburbs/food-delivery/hibachi-and-noodle-japan/M81L99L8Rv2_DJHrPXQvow,wantagh-new-york
https://www.ubereats.com/nyc-suburbs/food-delivery/bubble-hut/T0hpfNKRTyiaCZr0OZlB0w,wantagh-new-york
https://www.ubereats.com/nyc-suburbs/food-delivery/pipeline-coffee-company/GRFx2ezTT3GswmyEiTbgdw,wantagh-new-york
https://www.ubereats.com/nyc-suburbs/food-delivery/tim-hortons-4030-merrick-road/GVU17MuUTiqNJnXnuHvnqg,wantagh-new-york
https://www.ubereats.com/nyc-suburbs/food-delivery/choopan-grill/xnJCaLmOTvOkLYjwEOiRNQ,wantagh-new-york
https://www.ubereats.com/nyc-suburbs/food-delivery/sushi-village/-Sje99_sSOyKB3NbPlBWiw,wantagh-new-york
https://www.ubereats.com/nyc-suburbs/food-delivery/213-applebees-lindenhurst/KHS_RBOFTj-7rGK47P5GPQ,wantagh-new-york
https://www.ubereats.com/nyc-suburbs/food-delivery/pickle-me-pete/jxiZZNwrShaYgiNMSBp1SQ,wantagh-new-york
https://www.ubereats.com/nyc-suburbs/food-delivery/singas-pizza/CxNVxp6zTFmJWiMBBKor3A,wantagh-new-york
https://www.ubereats.com/nyc-suburbs/food-delivery/martins-coffee-cafe/S8a4Z8OHQCyM0iN4TCWFAw,wantagh-new-york
https://www.ubereats.com/nyc-suburbs/food-delivery/outback-steakhouse-1067-old-country-road/BeGL2O35Q8qON71YbZbOeA,wantagh-new-york
https://www.ubereats.com/nyc-suburbs/food-delivery/currikitch/qyc5U6a-QMWm8H0d6O0qmw,wantagh-new-york
https://www.ubereats.com/nyc-suburbs/food-delivery/pinots-palette-east-meadow/SGMoLGdQRqqu-M6_jSe-Vw,wantagh-new-york
https://www.ubereats.com/nyc-suburbs/food-delivery/on-the-border-hicksville/3zN_eDYwQeOiLnt16e9ilA,wantagh-new-york
https://www.ubereats.com/nyc-suburbs/food-delivery/mcdonalds-merrick-1813-merrick/6Uhoq5RbRXuc6PVkvyXN3Q,wantagh-new-york
https://www.ubereats.com/nyc-suburbs/food-delivery/wendys-3595-hempstead-turnpike/WKgtYgXdSj60zsAfP0ookw,wantagh-new-york
https://www.ubereats.com/nyc-suburbs/food-delivery/bayview-kitchen/P7btCsmBSxCL2Wc4RnvD1g,wantagh-new-york
https://www.ubereats.com/nyc-suburbs/food-delivery/burger-king-1201-sunrise-highway-ny-11726/dZuHYTHwRv6JdXKZXOKmmg,wantagh-new-york
https://www.ubereats.com/nyc-suburbs/food-delivery/levittown-halal-chinese-food/GpUH-4d7TxiRF4IDygkk_Q,wantagh-new-york
https://www.ubereats.com/nyc-suburbs/food-delivery/dunkin-24-newbridge-rd/Ju0FKxenTsSMpnqBv195gw,wantagh-new-york
https://www.ubereats.com/nyc-suburbs/food-delivery/mango-indian-cuisine/sPSEPy0VQtiMiCtDGd7Qxw,wantagh-new-york
https://www.ubereats.com/nyc-suburbs/food-delivery/famous-daves-carle-place-corporate-dr/5fV4bk3-QLm_bGQsKZCvEQ,wantagh-new-york
https://www.ubereats.com/nyc-suburbs/food-delivery/piccola-bussola-ristorante/OIR6RiHNT9W3j2Vm5xymSw,wantagh-new-york
https://www.ubereats.com/nyc-suburbs/food-delivery/wendys-3882-sunrise-hwy/jYHmJXRySm6THKI620rn1A,wantagh-new-york
https://www.ubereats.com/nyc-suburbs/food-delivery/shake-%26-burger-new-york-fried-chicken/S3j7kjqtS0q4HsgGcOTNEg,wantagh-new-york
https://www.ubereats.com/nyc-suburbs/food-delivery/la-mesa/Aqp1ryzbQH6eA43HYs2EEA,wantagh-new-york
https://www.ubereats.com/nyc-suburbs/food-delivery/dunkin-4886-sunrise-hwy/WdEM1FOiRJmm9IKZquNX3w,wantagh-new-york
https://www.ubereats.com/nyc-suburbs/food-delivery/little-kitchen/-eIOwSVYRJeQsBOcE1yovA,wantagh-new-york
https://www.ubereats.com/nyc-suburbs/food-delivery/wings-over-farmindale/MaOodkoUSVG0tpSq8dahbg,wantagh-new-york
https://www.ubereats.com/nyc-suburbs/food-delivery/casa-di-fratelli/c40LyebKRjudFrkz43Juhw,wantagh-new-york
https://www.ubereats.com/nyc-suburbs/food-delivery/the-halal-guys-2565-hempstead-turnpike/95o-TbcNQoCYqqLAYcKs9Q,wantagh-new-york
https://www.ubereats.com/nyc-suburbs/food-delivery/mediterranean-diner/dDspZzm4QQi1l0f290gxWw,wantagh-new-york
https://www.ubereats.com/nyc-suburbs/food-delivery/stuff-a-bagel-massapequa/f6PqVxjwSbSaeAlN-jk9kQ,wantagh-new-york
https://www.ubereats.com/nyc-suburbs/food-delivery/vibes-jamaican-restaurant/MRgWpEenQEuSEOBZPP_aEQ,wantagh-new-york
https://www.ubereats.com/nyc-suburbs/food-delivery/thai-green-leaf/djzV6a7ZQrWXrdjH0-JF-A,wantagh-new-york
https://www.ubereats.com/nyc-suburbs/food-delivery/starbucks-wantagh/tEOTp9VlSYuy6FXyYMw0Tg,wantagh-new-york
https://www.ubereats.com/nyc-suburbs/food-delivery/wendys-1350-wantagh-ave/bpNpV1ucSNO2xlQTRmPElw,wantagh-new-york
https://www.ubereats.com/nyc-suburbs/food-delivery/holy-smoke-grill/46y2536oQam7oTn67TaKhg,wantagh-new-york
https://www.ubereats.com/nyc-suburbs/food-delivery/dunkin-2800-merrick-rd/IRJ2NwvARV-qNwZUX1RkQA,wantagh-new-york
https://www.ubereats.com/nyc-suburbs/food-delivery/bagel-boss/Px0rmZFfQOGw6JMQ2_p7QQ,wantagh-new-york
https://www.ubereats.com/nyc-suburbs/food-delivery/the-crazy-bagel/QBno-HyLSyC7x4aU3XKpzg,wantagh-new-york
https://www.ubereats.com/nyc-suburbs/food-delivery/all-nationalities-deli/9WRedPUcRzKIq5wp9Rn02w,wantagh-new-york
https://www.ubereats.com/nyc-suburbs/food-delivery/main-street-pizza-company/11E91qe0RC6m3UT03evv_g,wantagh-new-york
https://www.ubereats.com/nyc-suburbs/food-delivery/dunkin-100-north-broadway/mNbxY2aJSNS6p0Yc2FO4Pw,wantagh-new-york
https://www.ubereats.com/nyc-suburbs/food-delivery/dunns-river-lounge/TZR0Dm5qQ5a1oYz1bC_OHw,wantagh-new-york
https://www.ubereats.com/nyc-suburbs/food-delivery/602-spuntino-westbury/Mx8FjCVvTFenV9OwVQcYpw,wantagh-new-york
https://www.ubereats.com/nyc-suburbs/food-delivery/calda-pizzeria-%26-restaurant/xx4vHppQSxmdEPN0xdk2ew,wantagh-new-york
https://www.ubereats.com/nyc-suburbs/food-delivery/cena-081/_l-kSSatSlCDU_By329Gaw,wantagh-new-york
https://www.ubereats.com/nyc-suburbs/food-delivery/noodles-%26-company-996-old-country-road/hJSXI7pERhCq4G--3i3aCg,wantagh-new-york
https://www.ubereats.com/nyc-suburbs/food-delivery/waterzooi-belgian-bistro-%26-oyster-bar/-H4xKyNDQaK3P64jrt_z9g,wantagh-new-york
https://www.ubereats.com/nyc-suburbs/food-delivery/chiddys-cheesesteaks/ZCaHOBcbRfaB4Hfo0U6IaQ,wantagh-new-york
https://www.ubereats.com/nyc-suburbs/food-delivery/epicure-bistro/05d5octvTImh_HgcqNKFLw,wantagh-new-york
https://www.ubereats.com/nyc-suburbs/food-delivery/ginos-pasta-%26-pizza/-VfofDPMSRusJsJjT2Mu3Q,wantagh-new-york
https://www.ubereats.com/nyc-suburbs/food-delivery/gyros-and-heros/D4Y2gPU8RtWKGWtKgmBoAQ,wantagh-new-york
https://www.ubereats.com/nyc-suburbs/food-delivery/sbarro-479-sunrise-mall/_iu-YDtVQYWjyG0qZS8jYA,wantagh-new-york
https://www.ubereats.com/nyc-suburbs/food-delivery/mediterranean-kebab-house/CyHpYizLSHW2MSZwXNRELQ,wantagh-new-york
https://www.ubereats.com/nyc-suburbs/food-delivery/frankies-east-side-gourmet-restaurant/CvA13tE4S_C5q0IBzvYzNg,wantagh-new-york
https://www.ubereats.com/nyc-suburbs/food-delivery/belaire-common-delicatessen/VQG34XYDTFWikDZ1XGprYA,wantagh-new-york
https://www.ubereats.com/nyc-suburbs/food-delivery/empire-halal-grill/sUjIOcTGQFqNuSEZ_iULZQ,wantagh-new-york
https://www.ubereats.com/nyc-suburbs/food-delivery/vintage-sports-bar-and-lounge/kzFr3gaGT0S7PDXJddAZpg,wantagh-new-york
https://www.ubereats.com/nyc-suburbs/food-delivery/cancun-mexican-grill/aFGtpb4pRWe8mfab5oAz6g,wantagh-new-york
https://www.ubereats.com/nyc-suburbs/food-delivery/the-patty-wagon/q2YCGxScSVyMVAMlOUv0Zg,wantagh-new-york
https://www.ubereats.com/nyc-suburbs/food-delivery/yeas-kitchen/cLErE4heTLGI8_592QZV2w,wantagh-new-york
https://www.ubereats.com/nyc-suburbs/food-delivery/dough-me-a-flavor-nassau/2RMpXi4MQ0aUIh_yXyf3rw,wantagh-new-york
https://www.ubereats.com/nyc-suburbs/food-delivery/tropical-smoothie-cafe-massapequa-park/ha474w6mSF6zjeHSfxnP3g,wantagh-new-york
https://www.ubereats.com/nyc-suburbs/food-delivery/subway-52-west-john-st/BYv7MbwcSQGARwRnsr2rog,wantagh-new-york
https://www.ubereats.com/nyc-suburbs/food-delivery/dunkin-1399-hicksville-rd/dO-mDCFbR_C3H52ba7MNcg,wantagh-new-york
https://www.ubereats.com/nyc-suburbs/food-delivery/cabo/jlRlzTW1QA-NnFsFWBEy7A,wantagh-new-york
https://www.ubereats.com/nyc-suburbs/food-delivery/checkers-2430-hempstead-turnpike/wKQwFgr8T0if3HbULV6-yQ,wantagh-new-york
https://www.ubereats.com/nyc-suburbs/food-delivery/el-sabor-dominicano/dnPa675eTjyFczjTNpEe4A,wantagh-new-york
https://www.ubereats.com/nyc-suburbs/food-delivery/chipotle-mexican-grill-2312-hempstead-tpke/2YK5NciNRfOzS237eqDPvw,wantagh-new-york
https://www.ubereats.com/nyc-suburbs/food-delivery/cornucopias-noshery/fHk7rRDSSPyly2XbhWd19g,wantagh-new-york
https://www.ubereats.com/nyc-suburbs/food-delivery/tomato-%26-basil-pizzeria/1gs1dwuOSyKOlGoGh0wcSA,wantagh-new-york
https://www.ubereats.com/nyc-suburbs/food-delivery/haagen-dazs-358b-broadway-kiosk-%2323/Z0F76Ym0QaKEWILqng9rog,wantagh-new-york
https://www.ubereats.com/nyc-suburbs/food-delivery/dunkin-2813-jerusalem-ave/rOUczlwzQVWP1j1l4v4GHg,wantagh-new-york
https://www.ubereats.com/nyc-suburbs/food-delivery/burger-king-4201-hempstead-turnpike/nwogdWuARH2TmHxWnsWzHA,wantagh-new-york
https://www.ubereats.com/nyc-suburbs/food-delivery/burger-king-1104-sunrise-hwy/x6tiP2vmSD-l_2-NuX0YSw,wantagh-new-york
https://www.ubereats.com/nyc-suburbs/food-delivery/colony-diner/httZSmu2Q1yksp5C_cCelg,wantagh-new-york
https://www.ubereats.com/nyc-suburbs/food-delivery/dunkin-1148-wantagh-ave/uAjCDTeoRLunOp2Ntm78EQ,wantagh-new-york
https://www.ubereats.com/nyc-suburbs/food-delivery/friendlys-1826-hempstead-tpke/nVamVvXBSgiCnxU4uotzVA,wantagh-new-york
https://www.ubereats.com/nyc-suburbs/food-delivery/3-brothers-vegan-cafe/LcB0bR2NRIGwHVc1uaJp6Q,wantagh-new-york
https://www.ubereats.com/nyc-suburbs/food-delivery/the-big-cheese/IgHDlKijTymDM7sFmLwz4A,wantagh-new-york
https://www.ubereats.com/nyc-suburbs/food-delivery/kawa-sushi/LZptUc2fSsWuXSIdmNm97w,wantagh-new-york
https://www.ubereats.com/nyc-suburbs/food-delivery/cinco-de-mayo-taqueria/vIjaEXnmT1WDjeq2SsNVHw,wantagh-new-york
https://www.ubereats.com/nyc-suburbs/food-delivery/mcdonalds-massapequa-sunrise-hwy/Fi3RWVNAQTWbiVso1MhTCQ,wantagh-new-york
https://www.ubereats.com/nyc-suburbs/food-delivery/kountry-flavors/ea24vR3STq6xjKh3Lkh4Fw,wantagh-new-york
https://www.ubereats.com/nyc-suburbs/food-delivery/taco-joes-westbury/jmPoNAZXSnOfT3cxG2IChA,wantagh-new-york
https://www.ubereats.com/nyc-suburbs/food-delivery/carvel-2241-jerusalem-avenue/R7x1d7FlTg-wUW7NkJ6lgQ,wantagh-new-york
https://www.ubereats.com/nyc-suburbs/food-delivery/dunkin-329-merrick-ave/ZwwGYO7QRkmAQ1vMT_AeHw,wantagh-new-york
https://www.ubereats.com/nyc-suburbs/food-delivery/spiga-bakery/WFK4onQ7S5mMRb488O5XZA,wantagh-new-york
https://www.ubereats.com/nyc-suburbs/food-delivery/swirlz-world-merrick/WVrfYRu5RBKdqtBkJWAAwQ,wantagh-new-york
https://www.ubereats.com/nyc-suburbs/food-delivery/rachels-waterside-grill/4KZzqN9HQ8mcResoVAl68g,wantagh-new-york
https://www.ubereats.com/nyc-suburbs/food-delivery/johnny-mcgoreys-pub/6gmWo6VpSY2IyN47-2A0qw,wantagh-new-york
https://www.ubereats.com/nyc-suburbs/food-delivery/yannibels-greek-cuisine/ONbUOEY4SLa3O89-Yb4XnA,wantagh-new-york
https://www.ubereats.com/nyc-suburbs/food-delivery/brooklyn-dip-and-burger/63nD0VA7RfSXrZx8gL4rpg,wantagh-new-york
https://www.ubereats.com/nyc-suburbs/food-delivery/mizuno-sushi/yGiZ9mFtTymA-KvS_QATKA,wantagh-new-york
https://www.ubereats.com/nyc-suburbs/food-delivery/the-dark-horse-tavern/0nv7CswZQpe0QdyBg3BQ6g,wantagh-new-york
https://www.ubereats.com/nyc-suburbs/food-delivery/la-fuente-restaurante/oXspwOi_QoWllOIpB5_ypQ,wantagh-new-york
https://www.ubereats.com/nyc-suburbs/food-delivery/molto-bene/9Au-ICWiQXCAH3sGklc9jg,wantagh-new-york
https://www.ubereats.com/nyc-suburbs/food-delivery/starbucks-north-merrick/-0iu5-1kT9SB7zV97Ajb5g,wantagh-new-york
https://www.ubereats.com/nyc-suburbs/food-delivery/hurricane-grill-%26-wings-levittown/Zobo2cHoQx-vmODapdZGTw,wantagh-new-york
https://www.ubereats.com/nyc-suburbs/food-delivery/the-rolling-spring-roll-farmindale/fgfZ96oXR-uEhu4uhx8uhg,wantagh-new-york
https://www.ubereats.com/nyc-suburbs/food-delivery/curbside-mexican-grill/91frFKnVSPCAgsdPhaWG7Q,wantagh-new-york
https://www.ubereats.com/nyc-suburbs/food-delivery/rancho-jubilee/G6P27elGR9aKAAKlkyY7YA,wantagh-new-york
https://www.ubereats.com/nyc-suburbs/food-delivery/starbucks-levittown-hempstead-tpke/_q0gHqdKTrqcYI7goY6Ofg,wantagh-new-york
https://www.ubereats.com/nyc-suburbs/food-delivery/wing-zone-bellmore/IsZHf3J6Rf2mCnd7wwRgRw,wantagh-new-york
https://www.ubereats.com/nyc-suburbs/food-delivery/burger-king-3960-sunrise-highway/ZiSlbxDzS9GnPWFO8eBhUQ,wantagh-new-york
https://www.ubereats.com/nyc-suburbs/food-delivery/akbar-restaurant/rVymSLIPSKi5lq58ruUb2Q,wantagh-new-york
https://www.ubereats.com/nyc-suburbs/food-delivery/garden-social-beer-garden-and-kitchen/slMCiL8IRjuzV2CAnIO92A,wantagh-new-york
https://www.ubereats.com/nyc-suburbs/food-delivery/the-burger-man-merrick/ZtRkVDZtQRSj9xFv5iQxGg,wantagh-new-york
https://www.ubereats.com/nyc-suburbs/food-delivery/treasure-island-desserts-east-meadow/P0guT1OmQnON0I3SxEIocw,wantagh-new-york
https://www.ubereats.com/nyc-suburbs/food-delivery/dunkin-705-old-country-rd/GLcV4AXbTnSXcPgs8Kkr_g,wantagh-new-york
https://www.ubereats.com/nyc-suburbs/food-delivery/the-tap-room-massapequa/L4AbuA1uTqaYThavJ34F8Q,wantagh-new-york
https://www.ubereats.com/nyc-suburbs/food-delivery/phils-pizzeria-%26-restaurant-ordermark/zcKE3PokQBuaQwKsEqjSRw,wantagh-new-york
https://www.ubereats.com/nyc-suburbs/food-delivery/wendys-1730-hempstead-turnpike/IShJK9QsRoKuPbxmOh2nHQ,wantagh-new-york
https://www.ubereats.com/nyc-suburbs/food-delivery/checkers-635-old-country-road/O8wUBVjpSzCIljpNoRmW-Q,wantagh-new-york
https://www.ubereats.com/nyc-suburbs/food-delivery/dunkin-432-jerusalem-ave/zMjXffkXSVWOtYRRVhZXow,wantagh-new-york
https://www.ubereats.com/nyc-suburbs/food-delivery/cafe-bethel/gL4IVl-FTpm7KeYCJgew9Q,wantagh-new-york
https://www.ubereats.com/nyc-suburbs/food-delivery/taco-tuesdays/c_jGpXzRQsyJuYh_RGfpIw,wantagh-new-york
https://www.ubereats.com/nyc-suburbs/food-delivery/ariana-kabab-%26-gyro/LL5NHAX4QQmYBwL2CvmY9w,wantagh-new-york
https://www.ubereats.com/nyc-suburbs/food-delivery/carolyns-cuisine-inc/7mgaKbhHTICvOdpMTnxnaw,wantagh-new-york
https://www.ubereats.com/nyc-suburbs/food-delivery/the-homestead/b467ixtBTHSXPS508Am-yw,wantagh-new-york
https://www.ubereats.com/nyc-suburbs/food-delivery/dunkin-840-carman-ave/ORGy1_MLR0G6GSvzys0LTQ,wantagh-new-york
https://www.ubereats.com/nyc-suburbs/food-delivery/jamaican-paradise-restaurant/kQuF-kw7RTKsUJY_tEpSDA,wantagh-new-york
https://www.ubereats.com/nyc-suburbs/food-delivery/chocolate-works/hjsmyCtHSjCHOQ9gY-3ZeA,wantagh-new-york
https://www.ubereats.com/nyc-suburbs/food-delivery/morrisons/DZaiXApjTNKtfVrOv5mDPg,wantagh-new-york
https://www.ubereats.com/nyc-suburbs/food-delivery/raimos-pizza-%26-restaurant/voscTpCQQraj2X7OsENoJg,wantagh-new-york
https://www.ubereats.com/nyc-suburbs/food-delivery/tong-kwong-kitchen/_59LIXW5R5qR9VIEvxg0Sw,wantagh-new-york
https://www.ubereats.com/nyc-suburbs/food-delivery/ihop-201-airport-plaza-boulevard/cAE5QyMiSHWLOfnVJB7tLA,wantagh-new-york
https://www.ubereats.com/nyc-suburbs/food-delivery/the-turning-point-restaurant-%26-bar-farmingdale/2bvHJRZfT4uc7WKpPXVeCQ,wantagh-new-york
https://www.ubereats.com/nyc-suburbs/food-delivery/bgf-bobby-qs/q9I4EAQNRWqPS-PTNF0bYw,wantagh-new-york
https://www.ubereats.com/nyc-suburbs/food-delivery/everest-spicy-kitchen-dba-nagasaki-japanese-restaurant/yCNTyzRPTQySPcCmb6quzg,wantagh-new-york
https://www.ubereats.com/nyc-suburbs/food-delivery/dunkin-5477-5515-merrick-road/toC3QK1nREmrIeE1JLao4Q,wantagh-new-york
https://www.ubereats.com/nyc-suburbs/food-delivery/tim-hortons-2-old-country-road/SKX9AxU5Tj-gDYKJBEy2qA,wantagh-new-york
https://www.ubereats.com/nyc-suburbs/food-delivery/sonic-1724-hempstead-turnpike/Xg5c6PYbTdmSTs6R7cQ_nA,wantagh-new-york
https://www.ubereats.com/nyc-suburbs/food-delivery/winnies/MTMbbgxeTGybqgaL3zeHMw,wantagh-new-york
https://www.ubereats.com/nyc-suburbs/food-delivery/matteos-of-bellmore-bellmore/OBIhRk-AS9KA4Jsji_13-Q,wantagh-new-york
https://www.ubereats.com/nyc-suburbs/food-delivery/fredos-pizza-%26-pasta/GUGjkZnRRRWt5emSgRneGA,wantagh-new-york
https://www.ubereats.com/nyc-suburbs/food-delivery/dunkin-4007-merrick-rd/v8OGH_JcTHKwBs26lo7U2w,wantagh-new-york
https://www.ubereats.com/nyc-suburbs/food-delivery/mamey-mexican-taqueria/AxqlAIegRyuFDnLXdhDBbg,wantagh-new-york
https://www.ubereats.com/nyc-suburbs/food-delivery/tai-show-hibachi/G9QhBoLiQ7GH7x1mlMoZVw,wantagh-new-york
https://www.ubereats.com/nyc-suburbs/food-delivery/ciros-pizzeria-%26-restaurant/H2-XsDP2TfeUm98VvcFomA,wantagh-new-york
https://www.ubereats.com/nyc-suburbs/food-delivery/the-yogurt-place/FT1Hr27uSFmLllZmHamObw,wantagh-new-york
https://www.ubereats.com/nyc-suburbs/food-delivery/za-pizzeria-seaford/QXaStoTjSjyRjKJqcHdtoA,wantagh-new-york
https://www.ubereats.com/nyc-suburbs/food-delivery/atomic-wings-freeport/b2sOM2bYQnK3tk3V4FiHsQ,wantagh-new-york
https://www.ubereats.com/nyc-suburbs/food-delivery/sammys-original-pizza-inferno/5OJ47RYLRb2um7Lllawj8w,wantagh-new-york
https://www.ubereats.com/nyc-suburbs/food-delivery/apollo-diner/tk8OYvx6Qyi_vyrp8Dcomw,wantagh-new-york
https://www.ubereats.com/nyc-suburbs/food-delivery/wendys-5001-hempstead-turnpike/SvRaB17PQE6vBQAFKedKlA,wantagh-new-york
https://www.ubereats.com/nyc-suburbs/food-delivery/subway-47-3-boundary-ave/byRXEW_CSTqyTNSTxWkkhA,wantagh-new-york
https://www.ubereats.com/nyc-suburbs/food-delivery/black-pepper/1lrqRW6dRb-DqhrvxL6NVQ,wantagh-new-york
https://www.ubereats.com/nyc-suburbs/food-delivery/buffalos-cafe-levittown/mTiDw2LXQYKROWn2IrU4eg,wantagh-new-york
https://www.ubereats.com/nyc-suburbs/food-delivery/taco-joes-massapequa/vbEJVQJRS3ikH4RTFTvpwg,wantagh-new-york
https://www.ubereats.com/nyc-suburbs/food-delivery/the-ice-cream-shop/7bTmjUJDQJevV5hPiMTJ2g,wantagh-new-york
https://www.ubereats.com/nyc-suburbs/food-delivery/five-guys-ny-1063-2099-merrick-rd/63XRYISrR_6htM3lrh0RFw,wantagh-new-york
https://www.ubereats.com/nyc-suburbs/food-delivery/chipotle-mexican-grill-1996-merrick-rd/cP_IwSHOQn2KlO5x12DvSg,wantagh-new-york
https://www.ubereats.com/nyc-suburbs/food-delivery/jam/PFkaNsZzTdqbsJiexHjkZA,wantagh-new-york
https://www.ubereats.com/nyc-suburbs/food-delivery/cara-mia/7XljcGfJQHiznfNx2GEnbA,wantagh-new-york
https://www.ubereats.com/nyc-suburbs/food-delivery/gusto-latino-bar-and-restaurant/zYf_iF63SJGnCZ2kXkg2lQ,wantagh-new-york
https://www.ubereats.com/nyc-suburbs/food-delivery/amias-delicatessen/HXm5WikXSjqYZDR67bDtdA,wantagh-new-york
https://www.ubereats.com/nyc-suburbs/food-delivery/gregorios-pizzeria/jMr50pynT8u4-wmpT3nAxQ,wantagh-new-york
https://www.ubereats.com/nyc-suburbs/food-delivery/la-piazzetta-cafe-ii/UM1iTBnHQlGKimG0IOfPlw,wantagh-new-york
https://www.ubereats.com/nyc-suburbs/food-delivery/mcdonalds-hempstead-hempstead-village-commons-at-peninsula-blvd/-kWh3D8TS4mpfkS_ggDr6w,wantagh-new-york
https://www.ubereats.com/nyc-suburbs/food-delivery/bango-bowls-massapequa-park/p3CwPu8OQ4Gj0f8T1Macug,wantagh-new-york
https://www.ubereats.com/nyc-suburbs/food-delivery/kfc-levittown/ZRthNfmTTGOnCIFQi-n6Eg,wantagh-new-york
https://www.ubereats.com/nyc-suburbs/food-delivery/mama-ginas-jerusalem-ave/4kH0YP-QS1y-Sgg1K2OP8A,wantagh-new-york
https://www.ubereats.com/nyc-suburbs/food-delivery/dunkin-355-broadway/xZtOWhQFQr-WyaDSXvwJeg,wantagh-new-york
https://www.ubereats.com/nyc-suburbs/food-delivery/nathans-famous-3341-beltagh-ave/tUm5wbyaR2yjsuvSV74QJA,wantagh-new-york
https://www.ubereats.com/nyc-suburbs/food-delivery/five-guys-ny-0165-3497-hempstead-turnpike/D7kQShBTSsGCkmjaFX89Gw,wantagh-new-york
https://www.ubereats.com/nyc-suburbs/food-delivery/mcdonalds-garden-city-637-stewart/zHb7nv9xTniupX9AC5hyOA,wantagh-new-york
https://www.ubereats.com/nyc-suburbs/food-delivery/taco-bell-490-peninsula-blvd/yLZ1GF5CTZOW_2AtYYj48Q,wantagh-new-york
https://www.ubereats.com/nyc-suburbs/food-delivery/rangsit-11-thai-kitchen/l6BdBqXvSZuc5kYMnrMPsQ,wantagh-new-york
https://www.ubereats.com/nyc-suburbs/food-delivery/kfc-wantagh/N-uKBq2sTJaigGoszMQg9A,wantagh-new-york
https://www.ubereats.com/nyc-suburbs/food-delivery/il-vizio-ristorante/Or31eLbnSSetQVLjOVBwTQ,wantagh-new-york
https://www.ubereats.com/nyc-suburbs/food-delivery/the-cuban-garden-city/nd8lVk4qRQ2vZopSjtnVYw,wantagh-new-york
https://www.ubereats.com/nyc-suburbs/food-delivery/arbys-100-sunrise-highway/ot_fgVEISYWexkYZC62_5g,wantagh-new-york
https://www.ubereats.com/nyc-suburbs/food-delivery/sobol-wantagh/9pIMlwVSSG6nuOsL6ha1DQ,wantagh-new-york
https://www.ubereats.com/nyc-suburbs/food-delivery/carvel-38-northwest-drive/ejqqpN3iRXGPrGXm0YKc4w,wantagh-new-york
https://www.ubereats.com/nyc-suburbs/food-delivery/halal-gs/8YB_1gItR3mGsS_JUX4Zww,wantagh-new-york
https://www.ubereats.com/nyc-suburbs/food-delivery/lets-roll!/8pfKaQUKSTuJvK9lD90mJg,wantagh-new-york
https://www.ubereats.com/nyc-suburbs/food-delivery/flux-coffee/YdEPo4k-SwSQuSiTKnzpdQ,wantagh-new-york
https://www.ubereats.com/nyc-suburbs/food-delivery/starbucks-merrick/0NQxat5wS0eRAYcyZyxe8Q,wantagh-new-york
https://www.ubereats.com/nyc-suburbs/food-delivery/salvatore-italian-bites/Q8Pxdm5CTNO8wesgCIjMLA,wantagh-new-york
https://www.ubereats.com/nyc-suburbs/food-delivery/poketo/ItK4L3gYSC-d6yoC_uV4RA,wantagh-new-york
https://www.ubereats.com/nyc-suburbs/food-delivery/harrys-health/wx3_TjIqS7yHcxmWlsQS8Q,wantagh-new-york
https://www.ubereats.com/nyc-suburbs/food-delivery/bolla-gourmet-delis/8r0AolVVRHy1occvSDBmHg,wantagh-new-york
https://www.ubereats.com/nyc-suburbs/food-delivery/don-miguel/xqldEPUkTvW53itgDv9Pqg,wantagh-new-york
https://www.ubereats.com/nyc-suburbs/food-delivery/ridgewood-station/_2-jWX8JSGqHgW6-F3mjtg,wantagh-new-york
https://www.ubereats.com/nyc-suburbs/food-delivery/zens-chinese-food/0nfrRtDtR6uy6TZs6z4yZQ,wantagh-new-york
https://www.ubereats.com/nyc-suburbs/food-delivery/the-one-sushi/qNKDRyjwQi2nyF2-Q2w39Q,wantagh-new-york
https://www.ubereats.com/nyc-suburbs/food-delivery/mcdonalds-farmingdale-fulton/2l1l7zCQQCe8T-udr55tdg,wantagh-new-york
https://www.ubereats.com/nyc-suburbs/food-delivery/the-village-pub/q12Q2zZOTaCi1xPniCTY-Q,wantagh-new-york
https://www.ubereats.com/nyc-suburbs/food-delivery/el-paso-taco-grill/iDgaNNGeRNipXYIwIT6vtQ,wantagh-new-york
https://www.ubereats.com/nyc-suburbs/food-delivery/taka-asian-fusion/rEUHHQVVRMmkvBM0ldeXDA,wantagh-new-york
https://www.ubereats.com/nyc-suburbs/food-delivery/shahs-halal-food-east-meadow/6kNTp6I4TBSMeRqKmJOGmw,wantagh-new-york
https://www.ubereats.com/nyc-suburbs/food-delivery/new-york-beanery/Jqj7i27XQ3G_oSg9WU9Dqw,wantagh-new-york
https://www.ubereats.com/nyc-suburbs/food-delivery/mama-theresas-pizzeria-%26-restaurant/ouM4-a7ISQW3EBGAinVdnA,wantagh-new-york
https://www.ubereats.com/nyc-suburbs/food-delivery/burger-queen/x-v06hK4QA2IzXtjrYVb-w,wantagh-new-york
https://www.ubereats.com/nyc-suburbs/food-delivery/pdq-1004-broadhollow-road/n3-FFSl7SHGgbrMsQsi1vQ,wantagh-new-york
https://www.ubereats.com/nyc-suburbs/food-delivery/bare-naked-bowl/DJVgNC4CRhCZmxeAUtEOpg,wantagh-new-york
https://www.ubereats.com/nyc-suburbs/food-delivery/paradise-caribbean-restaurant-west-babylon/sG8IA5jSSxaCTrCM1iCE5A,wantagh-new-york
https://www.ubereats.com/nyc-suburbs/food-delivery/p-mothers-family/g6D1St6JSSKHNjThrCOsJA,wantagh-new-york
https://www.ubereats.com/nyc-suburbs/food-delivery/thai-basil/ZfXYcALdQh21SvanaXEBjw,wantagh-new-york
https://www.ubereats.com/nyc-suburbs/food-delivery/pulcinella-pizza/PuTeVhx0QBizkW6PDTZ7hA,wantagh-new-york
https://www.ubereats.com/nyc-suburbs/food-delivery/cold-stone-creamery-levittown/TLTJg5YOSFaHR32FIw9eOA,wantagh-new-york
https://www.ubereats.com/nyc-suburbs/food-delivery/dunkin-3497-hempstead-tpke/jddcb6BHRmSehz8hRCNfjQ,wantagh-new-york
https://www.ubereats.com/nyc-suburbs/food-delivery/gios-paninis-and-wraps/_jFv3v93Tsy0a3O2igphIg,wantagh-new-york
https://www.ubereats.com/nyc-suburbs/food-delivery/carvel-2144-merrick-mall/_hCM-nQ9SuerJHORwZpNrA,wantagh-new-york
https://www.ubereats.com/nyc-suburbs/food-delivery/dunkin-1526-newbridge-rd/lIL8MDR5QXiC3-KdN0DCFg,wantagh-new-york
https://www.ubereats.com/nyc-suburbs/food-delivery/hurricane-grill-%26-wings-lindenhurst/m-xEvOCyQZisimyRrxxbtA,wantagh-new-york
https://www.ubereats.com/nyc-suburbs/food-delivery/mercato-kitchen-and-cocktails/UgcCgeJ8REurKGayXvLVyg,wantagh-new-york
https://www.ubereats.com/nyc-suburbs/food-delivery/mount-everest-deli-and-cafe/IcDkAfplTp2JE-Hvz-91VQ,wantagh-new-york
https://www.ubereats.com/nyc-suburbs/food-delivery/house-of-lu/Bkf2rUEETtSTVJxbqbtZFw,wantagh-new-york
https://www.ubereats.com/nyc-suburbs/food-delivery/dunkin-194-merritts-rd/-8dqphWiQv2tmcs-K_n0Og,wantagh-new-york
https://www.ubereats.com/nyc-suburbs/food-delivery/taco-bell-511-old-country-rd/HiuqAIXwSkmxNrWQKa2M9A,wantagh-new-york
https://www.ubereats.com/nyc-suburbs/food-delivery/brownstones-coffee-amitville/9H_ZMsN_RrG1qxzWtzDdTw,wantagh-new-york
https://www.ubereats.com/nyc-suburbs/food-delivery/dominican-restaurant/TdzNPSEURSWGWTIv9DHBPw,wantagh-new-york
https://www.ubereats.com/nyc-suburbs/food-delivery/shiro-of-japan-carle-place/AqxiS90-TAqmpPQJJEv1fw,wantagh-new-york
https://www.ubereats.com/nyc-suburbs/food-delivery/good-food-%26-shake/m5Uq_jhDQQGIZKuoVa5vpA,wantagh-new-york
https://www.ubereats.com/nyc-suburbs/food-delivery/the-halal-house/y3Qh3XDLQtufRGNyKEW6KA,wantagh-new-york
https://www.ubereats.com/nyc-suburbs/food-delivery/hicksville-diner/kkyeR_20Ska0uzMwGl3vww,wantagh-new-york
https://www.ubereats.com/nyc-suburbs/food-delivery/anamelis-bakery-empanadas/YcNH8sYxTeGkUXnhY5apIQ,wantagh-new-york
https://www.ubereats.com/nyc-suburbs/food-delivery/carvel-massapequa-998-hicksville-rd/QyblbWdxTeKdxExddV6DSQ,wantagh-new-york
https://www.ubereats.com/nyc-suburbs/food-delivery/the-captains-boil-1226-old-country-road/FielB2uTQtKdMh60E8lYZg,wantagh-new-york
https://www.ubereats.com/nyc-suburbs/food-delivery/caribbean-cove/1s0nWlAnSC2bOpw4JFGRPg,wantagh-new-york
https://www.ubereats.com/nyc-suburbs/food-delivery/vincenzos-pizza/Xqe3YkkoQ7yCGeSK_zq8Sw,wantagh-new-york
https://www.ubereats.com/nyc-suburbs/food-delivery/bagel-chalet-merrick-rd/7wlPNfO6Q2C7WPXTVBR1Dw,wantagh-new-york
https://www.ubereats.com/nyc-suburbs/food-delivery/burger-barn/T0eokVwCSQKUEFBbjX3HuA,wantagh-new-york
https://www.ubereats.com/nyc-suburbs/food-delivery/core-life-eatery/FgTGqhltS66UdfDTfVxP5Q,wantagh-new-york
https://www.ubereats.com/nyc-suburbs/food-delivery/bengali-sweet-shop/hE0Prrg6SB6KJE4mqDQP6g,wantagh-new-york
https://www.ubereats.com/nyc-suburbs/food-delivery/tropical-smoothie-cafe-naussau-mall/2-bzIHjFREKCObDcK2bNsA,wantagh-new-york
https://www.ubereats.com/nyc-suburbs/food-delivery/galleria-pizza-%26-ristorante-merrick/K1ppbwXiR7WK8XSkGm6lyw,wantagh-new-york
https://www.ubereats.com/nyc-suburbs/food-delivery/miyako-hibachi/ynJA314jSkqEiLJAHg4xgQ,wantagh-new-york
https://www.ubereats.com/nyc-suburbs/food-delivery/basil-leaf-grill/uWELEg-ORgeuFhFezpBt7g,wantagh-new-york
https://www.ubereats.com/nyc-suburbs/food-delivery/woodcleft-crabshack/7ewcib1xRymNXpxrUMOUxw,wantagh-new-york
https://www.ubereats.com/nyc-suburbs/food-delivery/texas-taco/iBIylANLTcmpVfwDBfGMEA,wantagh-new-york
https://www.ubereats.com/nyc-suburbs/food-delivery/burger-king-501-old-country-road/_J8elb0xT2ykSFBhhbhyXw,wantagh-new-york
https://www.ubereats.com/nyc-suburbs/food-delivery/365-noodle-bar-and-grill-%E9%9D%A2%E9%9D%A2%E8%81%9A%E9%81%93/82oq59DTQkOVrDd-u_w37g,wantagh-new-york
https://www.ubereats.com/nyc-suburbs/food-delivery/five-guys-ny-0413-35-merrick-rd/rvvv2wi6TSS5-JZcnyB7zA,wantagh-new-york
https://www.ubereats.com/nyc-suburbs/food-delivery/auntie-annes-35-sunrise-mall/Eo_rD4wgS-e8TFFZ2lRCtg,wantagh-new-york
https://www.ubereats.com/nyc-suburbs/food-delivery/starbucks-amityville-broadway/OcRg5Lk3QB6fNSDRipJ4AA,wantagh-new-york
https://www.ubereats.com/nyc-suburbs/food-delivery/chens-express-kitchen-front-st/pYqiZIn6SxWPopMhlEbWsg,wantagh-new-york
https://www.ubereats.com/nyc-suburbs/food-delivery/kabuki-japanese-cuisine/V2azzkZwQM2sSo3KFM6QeA,wantagh-new-york
https://www.ubereats.com/nyc-suburbs/food-delivery/mint/P8Hh1yedTx-77XiLfWadvA,wantagh-new-york
https://www.ubereats.com/nyc-suburbs/food-delivery/ny-cupcakery/WM9JOF1_TRW4PP4i0NyYMQ,wantagh-new-york
https://www.ubereats.com/nyc-suburbs/food-delivery/el-nopal-i/l5hNFLmWQ5aGLLSsKutaSA,wantagh-new-york
https://www.ubereats.com/nyc-suburbs/food-delivery/wendys-1728-merrick-rd/3SVXnCdXT12ujgbkKsIK5A,wantagh-new-york
https://www.ubereats.com/nyc-suburbs/food-delivery/sidelines-cafe/cUe8xQiDRd6Bhr_h-XyF1A,wantagh-new-york
https://www.ubereats.com/nyc-suburbs/food-delivery/mistas-takeout/NFvkqTS5Q-aLy8H3QeT6kQ,wantagh-new-york
https://www.ubereats.com/nyc-suburbs/food-delivery/mama-theresas-pizzeria-%26-restaurant/dl2vfGwZQ1mFBkoRMIenSg,wantagh-new-york
https://www.ubereats.com/nyc-suburbs/food-delivery/massapequa-diner/fyWGv-NjTESuAbxbdTAWsA,wantagh-new-york
https://www.ubereats.com/nyc-suburbs/food-delivery/taco-bell-85-e-sunrise-hwy/R4N2fH2MTcy1wt5B4egLBA,wantagh-new-york
https://www.ubereats.com/nyc-suburbs/food-delivery/burger-king-21-east-merrick-rd/2uOR94yIRVa8H-t-635wCQ,wantagh-new-york
https://www.ubereats.com/nyc-suburbs/food-delivery/porto-fino/F0baTwJHTseNcsLd7WZD0g,wantagh-new-york
https://www.ubereats.com/nyc-suburbs/food-delivery/millers-ale-house-levittown/EmtSB7f1QD-H03ktA1DKtA,wantagh-new-york
https://www.ubereats.com/nyc-suburbs/food-delivery/365-dim-sum-%E8%8C%B6%E9%A4%90%E5%8E%85/T0fCuddLTkeL7EU-BhB3dA,wantagh-new-york
https://www.ubereats.com/nyc-suburbs/food-delivery/villa-maria-pizza/hAXqnf2PTq612Ix-XAh5nw,wantagh-new-york
https://www.ubereats.com/nyc-suburbs/food-delivery/zahras-chinese-kitchen/7Dw0wtQcRAqaWsQ7NaFxuA,wantagh-new-york
https://www.ubereats.com/nyc-suburbs/food-delivery/simply-greekalicious/vSJPGvzxSCKlk7yHjhqQ5w,wantagh-new-york
https://www.ubereats.com/nyc-suburbs/food-delivery/new-happy-family-garden/rwpQ--koTlamJLDB03zoSg,wantagh-new-york
https://www.ubereats.com/nyc-suburbs/food-delivery/burgritos-bethpage/VM7c0u0jSl2JKL84uMwbKg,wantagh-new-york
https://www.ubereats.com/nyc-suburbs/food-delivery/sango-sushi/oLzcSpfwQxWKHTqP4s5gHg,wantagh-new-york
https://www.ubereats.com/nyc-suburbs/food-delivery/boba-n-bites/zpEtKRK9QCeKuHyRLsAntw,wantagh-new-york
https://www.ubereats.com/nyc-suburbs/food-delivery/tavolo-kitchen-%2B-pizza/jsRhk7bXRC-ZKseik7M3Gg,wantagh-new-york
https://www.ubereats.com/nyc-suburbs/food-delivery/calzone-corner-seaford/fDHf7VD9R9mPnnlXvFFTDw,wantagh-new-york
https://www.ubereats.com/nyc-suburbs/food-delivery/taco-hut-sunrise-hwy/ocYMvophTu-9DDysXNAz1Q,wantagh-new-york
https://www.ubereats.com/nyc-suburbs/food-delivery/201-applebees-bethpage/7sf1l1bQQtSXAbNb-9PvSA,wantagh-new-york
https://www.ubereats.com/nyc-suburbs/food-delivery/the-grill-at-ultra-lanes-massapequa/wpcjTFxTQ0udscymufMplQ,wantagh-new-york
https://www.ubereats.com/nyc-suburbs/food-delivery/new-china-restaurant-bethpage/2E65suuFSoOx0UzIFlvrJA,wantagh-new-york
https://www.ubereats.com/nyc-suburbs/food-delivery/rc-dugans/70o5QEJRQa-5i2XPiFj9Vg,wantagh-new-york
https://www.ubereats.com/nyc-suburbs/food-delivery/203-applebees-bellmore/ek1T3ha1RRKzm34ACctuDg,wantagh-new-york
https://www.ubereats.com/nyc-suburbs/food-delivery/great-american-eats/m441Ab5kRHKmnwMutcEcDw,wantagh-new-york
https://www.ubereats.com/nyc-suburbs/food-delivery/margaritas-cafe-merrick/jdFUYT3URr-6iPXAQeX_wQ,wantagh-new-york
https://www.ubereats.com/nyc-suburbs/food-delivery/taco-bell-810-broadway/rg8IIHG7SUaXA1TJ1HO1Cg,wantagh-new-york
https://www.ubereats.com/nyc-suburbs/food-delivery/tang-asian-fusion/lEG9NgGjTsWN9qt_-zB30g,wantagh-new-york
https://www.ubereats.com/nyc-suburbs/food-delivery/carvel-bethpage-4246-hicksville-road/WNlTmQz8SM2n474517d3VA,wantagh-new-york
https://www.ubereats.com/nyc-suburbs/food-delivery/popeis-bethpage/2r7PQjobTey7fimg7ut8ow,wantagh-new-york
https://www.ubereats.com/nyc-suburbs/food-delivery/mcdonalds-221-e-sunrise-hwy/A6iyI22RRBaCq51khibmDg,wantagh-new-york
https://www.ubereats.com/nyc-suburbs/food-delivery/crostini-pizza-on-broadway/2z3f4cdRQG-0a-56tqXh1g,wantagh-new-york
https://www.ubereats.com/nyc-suburbs/food-delivery/town-bagel-massapequa-park/ZiN7xS50Td6GpxOMlTXiOQ,wantagh-new-york
https://www.ubereats.com/nyc-suburbs/food-delivery/the-greene-turtle-east-meadow/3B7V3DcZSvS3gVB8ns5OVw,wantagh-new-york
https://www.ubereats.com/nyc-suburbs/food-delivery/taco-bell-263-s-broadway/DVvnYF4lR5W-hYI0nOftKQ,wantagh-new-york
https://www.ubereats.com/nyc-suburbs/food-delivery/juno-pizza-pasta-%26-algo-mas/bWxImV-MSoWP4evxNVLYaA,wantagh-new-york
https://www.ubereats.com/nyc-suburbs/food-delivery/revel-restaurant-%26-bar/usR93mu9QuWVM75XKa8dHw,wantagh-new-york
https://www.ubereats.com/nyc-suburbs/food-delivery/kenko-asian-cuisine/mTPcExgSSF6Pq3dBftlZCg,wantagh-new-york
https://www.ubereats.com/nyc-suburbs/food-delivery/sak-pase-creole-restaurant-and-grill/f4ZYrxddTnizBf4yJUUUsQ,wantagh-new-york
https://www.ubereats.com/nyc-suburbs/food-delivery/wayback-burger-2306-hempstead-turnpike/wqTEpkEfQXKu31ClHJiWbQ,wantagh-new-york
https://www.ubereats.com/nyc-suburbs/food-delivery/raimos-of-amityville/33U6TIl9Qi6mYwAbvuiHNw,wantagh-new-york
https://www.ubereats.com/nyc-suburbs/food-delivery/subway-2741-jerusalem-ave/ioRl3-u3TRKwrN03wU-AJg,wantagh-new-york
https://www.ubereats.com/nyc-suburbs/food-delivery/pastrami-express-kosher-style-deli/sD4rSo_IRk-0IWmtdHjvsg,wantagh-new-york
https://www.ubereats.com/nyc-suburbs/food-delivery/%E2%80%9Ceat%E2%80%9D-%40-the-living-room/VV0hXI23Rbq-aHwEKWTs8A,wantagh-new-york
https://www.ubereats.com/nyc-suburbs/food-delivery/seaford-deli/OrmU64iHSdSaOi4iBZgN3w,wantagh-new-york
https://www.ubereats.com/nyc-suburbs/food-delivery/mcdonalds-freeport-merrick-rd/cuoSy6TaTYSi_KcZTGIbVA,wantagh-new-york
https://www.ubereats.com/nyc-suburbs/food-delivery/jersey-mikes-5050-sunrise-highway/BBcSOcEERdO-2KuqZNUYRA,wantagh-new-york
https://www.ubereats.com/nyc-suburbs/food-delivery/rich-in-health516/MMZUGdRgRQOkcTXB6frgrA,wantagh-new-york
https://www.ubereats.com/nyc-suburbs/food-delivery/kfc-deer-park/v0hI4ZmsS16E3dRLB5mzQQ,wantagh-new-york
https://www.ubereats.com/nyc-suburbs/food-delivery/coliseum-tacos/5ZzPL9siRAin_qcJJp_jhw,wantagh-new-york
https://www.ubereats.com/nyc-suburbs/food-delivery/kandahar-grill/jw8gyLDdSAioxdgDgbuj_g,wantagh-new-york
https://www.ubereats.com/nyc-suburbs/food-delivery/wingin-it/6WuuMmexTRuQ7aW_5wYJHQ,wantagh-new-york
https://www.ubereats.com/nyc-suburbs/food-delivery/sopranos-deli-and-bagel/KamwE3DOQRCtuYDOm9HJSQ,wantagh-new-york
https://www.ubereats.com/nyc-suburbs/food-delivery/3-brothers-of-rvc/udXLfxBvSKikrhxnZP88AQ,wantagh-new-york
https://www.ubereats.com/nyc-suburbs/food-delivery/dunkin-2944-hempstead-tpke/YzpPuIsZRX2GqxhHqRFidw,wantagh-new-york
https://www.ubereats.com/nyc-suburbs/food-delivery/dunkin-34-hempstead-tpke/cswJyDKDRg-QOxkDrsHiEQ,wantagh-new-york
https://www.ubereats.com/nyc-suburbs/food-delivery/surf-city-squeeze-52-willow-park-ctr-%23d/X54mewJ9QaWADCYZkpn7gA,wantagh-new-york
https://www.ubereats.com/nyc-suburbs/food-delivery/mcdonalds-wantagh-1946-wantagh/1snAQVNYQ3Wmhoq83DthFw,wantagh-new-york
https://www.ubereats.com/nyc-suburbs/food-delivery/tomato-basil-salads-and-wraps/rkcp0I9vQt6WSch14hy32g,wantagh-new-york
https://www.ubereats.com/nyc-suburbs/food-delivery/all-stars-deli/LV5NsO8tR46d7MDDC4Y7tA,wantagh-new-york
https://www.ubereats.com/nyc-suburbs/food-delivery/mcdonalds-amityville-rt-110/1xK3pB81TSOIYjQwKHHkuA,wantagh-new-york
https://www.ubereats.com/nyc-suburbs/food-delivery/kawa-poke-bowls/GZtLUj0eRSaEnj_U7lh1gg,wantagh-new-york
https://www.ubereats.com/nyc-suburbs/food-delivery/radigans-pub-%26-casual-dining/v9I5RV6rQ7yExXbxTnBRuQ,wantagh-new-york
https://www.ubereats.com/nyc-suburbs/food-delivery/carvel-1027-park-boulevard/joCiveHtQZiUVItlCfHQbA,wantagh-new-york
https://www.ubereats.com/nyc-suburbs/food-delivery/organic-living-llc/-4F8nU-wQP69TC-7kbQKiw,wantagh-new-york
https://www.ubereats.com/nyc-suburbs/food-delivery/the-3rd-rail/nxjT_DTnSaGu0xUy1I_lJA,wantagh-new-york
https://www.ubereats.com/nyc-suburbs/food-delivery/jessies-on-the-water/4JPqwGWgQE2o6dXL-6vVfQ,wantagh-new-york
https://www.ubereats.com/nyc-suburbs/food-delivery/just-like-mamas/tr0avka9Q_qxrXkoiuGoCA,wantagh-new-york
https://www.ubereats.com/nyc-suburbs/food-delivery/deli-restaurant-punta-cana-iii/L6zbx5TsRNWqyGMt658Q4g,wantagh-new-york
https://www.ubereats.com/nyc-suburbs/food-delivery/dunkin-2675-north-jerusalem-rd/Gn3wAAdVS5Wqaw8dcZqTXw,wantagh-new-york
https://www.ubereats.com/nyc-suburbs/food-delivery/coalhouse-grill/zwxLO824QPCZsJQhTMvFfg,wantagh-new-york
https://www.ubereats.com/nyc-suburbs/food-delivery/the-pit-stop/HyUs504eTmWzCH_tF-e0mg,wantagh-new-york
https://www.ubereats.com/nyc-suburbs/food-delivery/trento/Uxu_Et88QwO4VuZX4itxQw,wantagh-new-york
https://www.ubereats.com/nyc-suburbs/food-delivery/mcdonalds-jericho-jericho-tpke/FM2fW3FITyG8JT1yUGUYkQ,wantagh-new-york
https://www.ubereats.com/nyc-suburbs/food-delivery/taquitos-grill/WyG_A2f8T7emkggu0tqiJA,wantagh-new-york
https://www.ubereats.com/nyc-suburbs/food-delivery/burger-king-1131-wantagh-avenue/YPsBvcY-RUaHb1jnYPWESg,wantagh-new-york
https://www.ubereats.com/nyc-suburbs/food-delivery/yogurt-%26-such-cafe-massapequa/SUARfx99QyW-hJIzlJYMoQ,wantagh-new-york
https://www.ubereats.com/nyc-suburbs/food-delivery/ginos-of-lindenhurst-pizzeria-%26-restaurant/2noBPedOTb6ozODPXt35Ww,wantagh-new-york
https://www.ubereats.com/nyc-suburbs/food-delivery/seaqua-deli-%26-catering/PUg0ic-fTBelMsDKCEPseA,wantagh-new-york
https://www.ubereats.com/nyc-suburbs/food-delivery/hicksville-foods-inc-circle-k/hpWBGWS6QvqliAXQmc8o2g,wantagh-new-york
https://www.ubereats.com/nyc-suburbs/food-delivery/bageltown-of-levittown/Ni3PP6adQ8yOm6V-N48heQ,wantagh-new-york
https://www.ubereats.com/nyc-suburbs/food-delivery/pizza-cucina-of-north-merrick/RbEHKtXpS06gQFJane7U6Q,wantagh-new-york
https://www.ubereats.com/nyc-suburbs/food-delivery/gourmet-surf-cafe-wantagh/ia2mDzt3Q2SAyIZFYfYACg,wantagh-new-york
https://www.ubereats.com/nyc-suburbs/food-delivery/chickens-road/kTuTsmeHQrOFf7mPhPUVNg,wantagh-new-york
https://www.ubereats.com/nyc-suburbs/food-delivery/bagel-hut/vu3kpPS9RjSrgn-K19dIFA,wantagh-new-york
https://www.ubereats.com/nyc-suburbs/food-delivery/pinatas-mexican-grill-massapequa/HPaVe0PDTE24Zk8DZ1kwsg,wantagh-new-york
https://www.ubereats.com/nyc-suburbs/food-delivery/lucky-fortune-i/lMsNWc4-RCGGctjpftyz8w,wantagh-new-york
https://www.ubereats.com/nyc-suburbs/food-delivery/souvlaki-stop/w4b54MuPShSHtgnarKjiGw,wantagh-new-york
https://www.ubereats.com/nyc-suburbs/food-delivery/bonomos-pizzeria/6_98CcanQdGVb_HUd2GJmw,wantagh-new-york
https://www.ubereats.com/nyc-suburbs/food-delivery/taqueria-el-sabor-poblano/1zghO2zlTwyAlKOTIwG_Yg,wantagh-new-york
https://www.ubereats.com/nyc-suburbs/food-delivery/town-bagel-bellmore/bOF7UPWBS8-HcehJO9QX5w,wantagh-new-york
https://www.ubereats.com/nyc-suburbs/food-delivery/taco-joes-levittown/VaZZyIZ8RYC7Rxo7YdtuKw,wantagh-new-york
https://www.ubereats.com/nyc-suburbs/food-delivery/apple-trees-restaurant/TcdUmB7WQoufafRYCh28KQ,wantagh-new-york
https://www.ubereats.com/nyc-suburbs/food-delivery/di-carlos-pizzeria/NAHIS1xcRnWsY8JCgFidAg,wantagh-new-york
https://www.ubereats.com/nyc-suburbs/food-delivery/uncle-giuseppes-marketplace-massapequa/aXC1QZ6DQEm5WCSFnM-jHQ,wantagh-new-york
https://www.ubereats.com/nyc-suburbs/food-delivery/library-cafe/CU63EF9fSfq49xCAfrVonA,wantagh-new-york
https://www.ubereats.com/nyc-suburbs/food-delivery/rock-a-taco-rockville-centre/Dhgks4wNRHmegG9WPlGzkw,wantagh-new-york
https://www.ubereats.com/nyc-suburbs/food-delivery/bakuto/RIhMpVmlTa2b5qLtTaabhg,wantagh-new-york
https://www.ubereats.com/nyc-suburbs/food-delivery/swirls-and-twirls-massapequa-park/4_4bsmiYRbS3aFXfItYniA,wantagh-new-york
https://www.ubereats.com/nyc-suburbs/food-delivery/east-eats/tGKFv3o9R2ugzglfTxzgRQ,wantagh-new-york
https://www.ubereats.com/nyc-suburbs/food-delivery/suzi-soup-%26-salad/Rxdp9thRQdGG8x7hgvqraQ,wantagh-new-york
https://www.ubereats.com/nyc-suburbs/food-delivery/vip-lounge-and-grill/lqd0v7czTO29UGIotRtlpQ,wantagh-new-york
https://www.ubereats.com/nyc-suburbs/food-delivery/the-green-island-cafe/RL5gTN4nQImKfibmybH3sg,wantagh-new-york
https://www.ubereats.com/nyc-suburbs/food-delivery/dunkin-35-37-e-sunrise-hwy/wTYBdJneR2aNZPCSk8WDPA,wantagh-new-york
https://www.ubereats.com/nyc-suburbs/food-delivery/bunker-hill-american-taproom/E1-qyd8oSI6c51r9inn5cw,wantagh-new-york
https://www.ubereats.com/nyc-suburbs/food-delivery/healthy-boy-grill/iTl0nfuOTxSwuxbQ9gliow,wantagh-new-york
https://www.ubereats.com/nyc-suburbs/food-delivery/bareburger-399-s-oyster-bay-rd/sqj1cOo4Q9ytTDuohk3Lew,wantagh-new-york
https://www.ubereats.com/nyc-suburbs/food-delivery/carvel-280-n-wellwood-avenue/Hxb1wDe9ShePxR9FaSgSlQ,wantagh-new-york
https://www.ubereats.com/nyc-suburbs/food-delivery/yogurt-%26-such-cafe-westbury/MbJ6aisVS1OOHxfqEwzNjQ,wantagh-new-york
https://www.ubereats.com/nyc-suburbs/food-delivery/sky/jBcKoBeqQm-n22iUrMUj7g,wantagh-new-york
https://www.ubereats.com/nyc-suburbs/food-delivery/dunkin-203-broadhollow-rd/ujr2uIEKTuqXTL1tTH9XhA,wantagh-new-york
https://www.ubereats.com/nyc-suburbs/food-delivery/thom-thom-steak-and-seafood/T5stWwmGSK-1ipFKBSgXMA,wantagh-new-york
https://www.ubereats.com/nyc-suburbs/food-delivery/hi-bagel-deli-%26-grocery/aNeVrQzJQKe-oD68ZbAXSA,wantagh-new-york
https://www.ubereats.com/nyc-suburbs/food-delivery/corner-deli-and-cafe/ncfDOOXDQaqw75Kx0wvAqw,wantagh-new-york
https://www.ubereats.com/nyc-suburbs/food-delivery/marinos-pizza/5j7ijtLASZ2NCdKyBkuv5g,wantagh-new-york
https://www.ubereats.com/nyc-suburbs/food-delivery/mcdonalds-rockville-centre-sunrise-hwy/-cCzxkt1QFuC7dyZCBBr4Q,wantagh-new-york
https://www.ubereats.com/nyc-suburbs/food-delivery/the-republic-pub/RQbW-XRASiGIBCkxta6hSw,wantagh-new-york
https://www.ubereats.com/nyc-suburbs/food-delivery/grand-stage-diner/dKGhnuQZQ22mxyZgIOH4ig,wantagh-new-york
https://www.ubereats.com/nyc-suburbs/food-delivery/6-elements-asian-cuisine-and-bar/4r3OYGmoTdO90fVBL2AzZw,wantagh-new-york
https://www.ubereats.com/nyc-suburbs/food-delivery/taste-kitchen-%26-cocktails/vDvfEAJIQuixh2g1jPS1jw,wantagh-new-york
https://www.ubereats.com/nyc-suburbs/food-delivery/lindenhurst-diner/3JgLAvjKSaWknLR49Itf9g,wantagh-new-york
https://www.ubereats.com/nyc-suburbs/food-delivery/the-good-life/ax4K_iOQSwi65z-pmN6Wsw,wantagh-new-york
https://www.ubereats.com/nyc-suburbs/food-delivery/nathans-famous-1226-old-country-road/nvqkCMsaT_mKgASUc8VJdQ,wantagh-new-york
https://www.ubereats.com/nyc-suburbs/food-delivery/santorini-greek-restaurant/tM12UUFYQb6p3FupLJNMHA,wantagh-new-york
https://www.ubereats.com/nyc-suburbs/food-delivery/john-moores-deli-and-catering/HxTyXPs2Tz-XZjqxSzZrFA,wantagh-new-york
https://www.ubereats.com/nyc-suburbs/food-delivery/bens-crab/fBYdta8fSkOyF7L7Q3GSag,wantagh-new-york
https://www.ubereats.com/nyc-suburbs/food-delivery/el-paso-tacqueria-grill-ii-corp/IzRQ0fYYT0GZ3EVXmOhhkQ,wantagh-new-york
https://www.ubereats.com/nyc-suburbs/food-delivery/bens-crab/l3zYuhyaSV62kuKCRSYgHg,wantagh-new-york
https://www.ubereats.com/nyc-suburbs/food-delivery/teriyaki-express/h7U4vY2GTOCZoRmSVLlddQ,wantagh-new-york
https://www.ubereats.com/nyc-suburbs/food-delivery/burger-king-865-carman-ave/1FUoCPLVTgy5-mjtbfbDRg,wantagh-new-york
https://www.ubereats.com/nyc-suburbs/food-delivery/broadway-gourmet/bR3_gwfKSQuqF0Nvw1-OQw,wantagh-new-york
https://www.ubereats.com/nyc-suburbs/food-delivery/golden-city-1/QhKoBHQcS4ur9kJxSouacg,wantagh-new-york
https://www.ubereats.com/nyc-suburbs/food-delivery/burger-king-500-fulton-avenue/xSmZXErsRxOAQpGFb9Dy_A,wantagh-new-york
https://www.ubereats.com/nyc-suburbs/food-delivery/lazzat-restaurant/vPR1eGUmQ2SP_x6yjOSOnw,wantagh-new-york
https://www.ubereats.com/nyc-suburbs/food-delivery/jersey-mikes-subs-4025-hempstead-turnpike-suite-3/VE4XTu3lQ-SVfU7zmObiOg,wantagh-new-york
https://www.ubereats.com/nyc-suburbs/food-delivery/carnitas-deli/nH4NhN9LRAyP0Y7AsXRJcA,wantagh-new-york
https://www.ubereats.com/nyc-suburbs/food-delivery/gourmet-express/3qkoB2Z1TD-Ri5PiVhvW9g,wantagh-new-york
https://www.ubereats.com/nyc-suburbs/food-delivery/the-one-juicy-cajun-seafood/8QvXjrsGSLK3g1HDiIo66Q,wantagh-new-york
https://www.ubereats.com/nyc-suburbs/food-delivery/subway-914-carmans-rd/skQxhTDwSIaE_issgTb8Tg,wantagh-new-york
https://www.ubereats.com/nyc-suburbs/food-delivery/tropical-smoothie-cafe-merrick-shopping-center/4UZDt6kdRoC7ZXaxP1IxzA,wantagh-new-york
https://www.ubereats.com/nyc-suburbs/food-delivery/dunkin-597-hicksville-rd/XT4u-b5SR8ulQPQIIH_J6w,wantagh-new-york
https://www.ubereats.com/nyc-suburbs/food-delivery/dunkin-2050-hempstead-tpke/oZjBsXXET8WdVRV5yZiraQ,wantagh-new-york
https://www.ubereats.com/nyc-suburbs/food-delivery/gallifood/4AcymWhQTu2Wk2NruIBcoQ,wantagh-new-york
https://www.ubereats.com/nyc-suburbs/food-delivery/xaga-sushi-merrick/IgGLZ6EwQvWSwUPPITUCUA,wantagh-new-york
https://www.ubereats.com/nyc-suburbs/food-delivery/pasquallys-pizza-%26-wings-11-15-hanover-place/OqTs6aWQQcuCnWBUSCCLmA,wantagh-new-york
https://www.ubereats.com/nyc-suburbs/food-delivery/365-spicy-mala-town-%E9%BA%BB%E8%BE%A3%E9%A6%99%E9%94%85/0Dp9XLUdQ46yHwAYAtc1fQ,wantagh-new-york
https://www.ubereats.com/nyc-suburbs/food-delivery/anthonys-coal-fired-pizza-wantagh/26_lsyEzS1qbnX9iEJPuSQ,wantagh-new-york
https://www.ubereats.com/nyc-suburbs/food-delivery/the-burger-man-bethpage/34IbdX-gR-Ct24v4Mi93aQ,wantagh-new-york
https://www.ubereats.com/nyc-suburbs/food-delivery/sushi-560-inc/fNfuDT4MRk-JkF2QsQrXdg,wantagh-new-york
https://www.ubereats.com/nyc-suburbs/food-delivery/red-lobster-801-sunrise-highway/lumucHxLRs-LmnezQx7iUA,wantagh-new-york
https://www.ubereats.com/nyc-suburbs/food-delivery/burger-king-409-old-country-road/JpVY0dHwQcyKuHc7r8KrMg,wantagh-new-york
https://www.ubereats.com/nyc-suburbs/food-delivery/burger-king-2125-grand-ave/uAnfHaSGTguw0RIYezHG1g,wantagh-new-york
https://www.ubereats.com/nyc-suburbs/food-delivery/petes-deli/zBXDRAp3Rjys9v0vfAez5A,wantagh-new-york
https://www.ubereats.com/nyc-suburbs/food-delivery/ali-baba-halal/dw4Y1R7SRMOfVK_6vzS7Jw,wantagh-new-york
https://www.ubereats.com/nyc-suburbs/food-delivery/sweet-surrender-bake-house/jPQVVCHRS0iXk57dHwRX-g,wantagh-new-york
https://www.ubereats.com/nyc-suburbs/food-delivery/dunkin-764-sunrise-hwy/m26mmgxtQFC0fgozJ-l2zw,wantagh-new-york
https://www.ubereats.com/nyc-suburbs/food-delivery/burger-king-96-route-110/wDC8aMO0Tae1-vRCmiPs0w,wantagh-new-york
https://www.ubereats.com/nyc-suburbs/food-delivery/the-meadow/TNMSIffFRyyaJaE0xK8fFw,wantagh-new-york
https://www.ubereats.com/nyc-suburbs/food-delivery/long-island-bagel-cafe-bellmore-bagel-gourmet/FehPiumNSNaJ8OCY_rFKvw,wantagh-new-york
https://www.ubereats.com/nyc-suburbs/food-delivery/arbys-2080-hempstead-turnpike/wkN-tGJPTrmeF3mxAfWwbA,wantagh-new-york
https://www.ubereats.com/nyc-suburbs/food-delivery/dunkin-247-greenwich-st/jli6JSMrSPylQ_AMetc1hg,wantagh-new-york
https://www.ubereats.com/nyc-suburbs/food-delivery/charleys-philly-steaks-westfield-sunrise-mall/B2J9gBTRT9yby4LG342tDg,wantagh-new-york
https://www.ubereats.com/nyc-suburbs/food-delivery/dominican-restaurant-4/hbKLlgitRkS50knilLzPjg,wantagh-new-york
https://www.ubereats.com/nyc-suburbs/food-delivery/mimis-kitchen/57OElt_2Q9-DX8QHnJYfng,wantagh-new-york
https://www.ubereats.com/nyc-suburbs/food-delivery/subway-739-wantagh-ave/BRInHRB4Tj-EWaermhToCw,wantagh-new-york
https://www.ubereats.com/nyc-suburbs/food-delivery/mulcahys-pub-and-concert-hall/FGhzshFtQsigBhF7CG1sLw,wantagh-new-york
https://www.ubereats.com/nyc-suburbs/food-delivery/bagel-wagon/4Gv-wQsLTuS7BqORAEO36Q,wantagh-new-york
https://www.ubereats.com/nyc-suburbs/food-delivery/quickbites/xJZ5t7YzSTmbb4IWUxFcqw,wantagh-new-york
https://www.ubereats.com/nyc-suburbs/food-delivery/china-king-ii/MskdzysmSRKQEny37e_L1w,wantagh-new-york
https://www.ubereats.com/nyc-suburbs/food-delivery/9310-bonefish-grill-340-sunrise-highway/RBVXR9UJRzWbKnj7HXWalw,wantagh-new-york
https://www.ubereats.com/nyc-suburbs/food-delivery/jersey-mikes-subs-bellmore/v7CFcKohTkmGYqQL7WvAPQ,wantagh-new-york
https://www.ubereats.com/nyc-suburbs/food-delivery/dunkin-420-newbridge-rd/MzJCYO67SdmTXQypOhER8Q,wantagh-new-york
https://www.ubereats.com/nyc-suburbs/food-delivery/manninos-bagel-bakery-freeport/tuZJ55VHS0-VH0EHRJ2p6g,wantagh-new-york
https://www.ubereats.com/nyc-suburbs/food-delivery/roma-pizza-merrick/RKQeBjmXR8qIt2O4gdJ2hA,wantagh-new-york
https://www.ubereats.com/nyc-suburbs/food-delivery/bagel-house/2hT-8NVgQnOWtqsSB7kMDQ,wantagh-new-york
https://www.ubereats.com/nyc-suburbs/food-delivery/starbucks-westbury-old-country-rd/tqR-_3iKRpSYt2MRBAY-VA,wantagh-new-york
https://www.ubereats.com/nyc-suburbs/food-delivery/mcdonalds-plainview-old-country-rd/fYmtPKbXRq2HVG8ONGJyMg,wantagh-new-york
https://www.ubereats.com/nyc-suburbs/food-delivery/roppongi-sushi/VfA-ppu9R4mO5A2kJuMVpg,wantagh-new-york
https://www.ubereats.com/nyc-suburbs/food-delivery/hong-kong-asian-fusion-hempstead-tpke/Ux8P7qGzQ0CIy88Y5SUw4Q,wantagh-new-york
https://www.ubereats.com/nyc-suburbs/food-delivery/energy-fuel/5v0D-q0qQni8x34C2gzzqg,wantagh-new-york
https://www.ubereats.com/nyc-suburbs/food-delivery/sufiyas-grill-merrick/JgI_YbOnThOku1g4AYJdkQ,wantagh-new-york
https://www.ubereats.com/nyc-suburbs/food-delivery/toms-2-kitchen/ufhoOjscQEGPwSdCgkb3_g,wantagh-new-york
https://www.ubereats.com/nyc-suburbs/food-delivery/mcdonalds-east-meadow-hempstead-tpke/prPQd7Y4TtiAJ8QbuIFbtg,wantagh-new-york
https://www.ubereats.com/nyc-suburbs/food-delivery/suki-japan-restaurant/2Ew_sV_dToOSOkJZ_L9H0g,wantagh-new-york
https://www.ubereats.com/nyc-suburbs/food-delivery/backyard-barbeque/SU18ltT9QJKyKZjCR-2nUw,wantagh-new-york
https://www.ubereats.com/nyc-suburbs/food-delivery/michaelangelos-wine-bar/zuFvcZuqQlWEmcceujV_uA,wantagh-new-york
https://www.ubereats.com/nyc-suburbs/food-delivery/shahs-halal-food-wantagh/QRRXresNR0eXuWiZUsnGYg,wantagh-new-york
https://www.ubereats.com/nyc-suburbs/food-delivery/dunkin-1766-merrick-ave-n/9XgAcb2yS9-mCnoFpIOd1w,wantagh-new-york
https://www.ubereats.com/nyc-suburbs/food-delivery/outback-steakhouse-612-wellwood-avenue/vAS-Fp9mR_6SYVec8ELdYg,wantagh-new-york
https://www.ubereats.com/nyc-suburbs/food-delivery/la-piazza-merrick/da5-0DIjQL2KvHZpD6Y7eQ,wantagh-new-york
https://www.ubereats.com/nyc-suburbs/food-delivery/copiague-bagel-%26-deli/sEG0IU7CQbG0B2fGmgaPCw,wantagh-new-york
https://www.ubereats.com/nyc-suburbs/food-delivery/homemade-taqueria-fulton-ave/D-S_CbOtSlmHBXhIb-rIgA,wantagh-new-york
https://www.ubereats.com/nyc-suburbs/food-delivery/marios-pizza-%26-restaurant/QerNvoDIQeem8H37edenuA,wantagh-new-york
https://www.ubereats.com/nyc-suburbs/food-delivery/mcdonalds-levittown-hempstead/YCqJAbI1Svu4wnUh3GoNVA,wantagh-new-york
https://www.ubereats.com/nyc-suburbs/food-delivery/qdoba-2160-hempstead-tpke/v7h7cg4gTyi2wWi9LB5jgw,wantagh-new-york
https://www.ubereats.com/nyc-suburbs/food-delivery/komo-asian-cuisine/kcTyq2M4QmOwG9LP48iFJQ,wantagh-new-york
https://www.ubereats.com/nyc-suburbs/food-delivery/posing-kitchen/cvUkQJqARCSU_pnvcyo6vg,wantagh-new-york
https://www.ubereats.com/nyc-suburbs/food-delivery/johnny-rockets-630-old-country-rd/79to_vgxQv6vWWVnGavzfQ,wantagh-new-york
https://www.ubereats.com/nyc-suburbs/food-delivery/bbq-nite-east-meadows/g6i4jJLKRXKJs9Ithfcajg,wantagh-new-york
https://www.ubereats.com/nyc-suburbs/food-delivery/ciao-baby/FiEcOy6kQVuBoxRIFzXahg,wantagh-new-york
https://www.ubereats.com/nyc-suburbs/food-delivery/madisons-smoothie-cafe/HdJceLr0QCa-DFwOCQ2EKA,wantagh-new-york
https://www.ubereats.com/nyc-suburbs/food-delivery/la-finca-restaurant/EUhIaR80QB6520qkiWVi4g,wantagh-new-york
https://www.ubereats.com/nyc-suburbs/food-delivery/all-sea-seafood-eatery/wIWoVy_dSpa-Lt9hBa_UMQ,wantagh-new-york
https://www.ubereats.com/nyc-suburbs/food-delivery/moes-southwest-grill-5288-sunrise-hwy/EcSsadLOR8OKrMrf-ziKgw,wantagh-new-york
https://www.ubereats.com/nyc-suburbs/food-delivery/boston-market-3962-hempstead-tpke/CDZrWVj0TkqJrIh0hb3qPg,wantagh-new-york
https://www.ubereats.com/nyc-suburbs/food-delivery/sawasdee-thai-elevated/r-hv0jRvTBqBTUCmpSJB9w,wantagh-new-york
https://www.ubereats.com/nyc-suburbs/food-delivery/cancun/JwDRHHRZR-W4vMEmWldnDQ,wantagh-new-york
https://www.ubereats.com/nyc-suburbs/food-delivery/tipico-sazon-uniondale/zcaTOTVTSqq13FnCmg44Fw,wantagh-new-york
https://www.ubereats.com/nyc-suburbs/food-delivery/gold-%26-meyers-gourmet-deli-%26-bagelry/ZpQPsYdMSXGvhbPEnesb2w,wantagh-new-york
https://www.ubereats.com/nyc-suburbs/food-delivery/tengs-restaurant/F9PKoTEvREOAINALjxqGCQ,wantagh-new-york
https://www.ubereats.com/nyc-suburbs/food-delivery/la-candela/FhVmqeUgQTGknMXLaZrYwA,wantagh-new-york
https://www.ubereats.com/nyc-suburbs/food-delivery/ginos-pizza-428-uniondale-ave/zHT-xHJBSz-4BpDohXwyQw,wantagh-new-york
https://www.ubereats.com/nyc-suburbs/food-delivery/rancho-jubilee/O6saGGR0TcWCL-EBD-viug,wantagh-new-york
https://www.ubereats.com/nyc-suburbs/food-delivery/peters-diner/yA6SCSCiSlyOHB2DNceLfA,wantagh-new-york
https://www.ubereats.com/nyc-suburbs/food-delivery/croxleys-ale-house-farmingdale/yjG0RYXbQdC8vIxcuM4pXA,wantagh-new-york
https://www.ubereats.com/nyc-suburbs/food-delivery/tgi-fridays-790-massapequa-ny/Qh9hcCd3QmOq6blCRTatSw,wantagh-new-york
https://www.ubereats.com/nyc-suburbs/food-delivery/madina-kabab-house/7_lzyNtyRjuWfbe23-2SGQ,wantagh-new-york
https://www.ubereats.com/nyc-suburbs/food-delivery/ninas-deli/ihU8FkMJQCCqzPNfn0icNA,wantagh-new-york
https://www.ubereats.com/nyc-suburbs/food-delivery/farmingdale-diner-ordermark/NZgzGUeWRM2jrtw9z4tMqA,wantagh-new-york
https://www.ubereats.com/nyc-suburbs/food-delivery/azerbaijan-grill/LllJwzJ0RyuPcVRaid2Lfg,wantagh-new-york
https://www.ubereats.com/nyc-suburbs/food-delivery/meta-osteria/1hIyslGJT7iRzbMh6aAmlg,wantagh-new-york
https://www.ubereats.com/nyc-suburbs/food-delivery/taco-bell-570-sunrise-highway/z0PzOztzQAO7Cdb9HaT1dQ,wantagh-new-york
https://www.ubereats.com/nyc-suburbs/food-delivery/european-republic-freeport/6wkwLVO9SjSGy0-pQu85CQ,wantagh-new-york
https://www.ubereats.com/nyc-suburbs/food-delivery/tgi-fridays-539-levittown-ny/TrHXNSxhRNiQjaEu54l38w,wantagh-new-york
https://www.ubereats.com/nyc-suburbs/food-delivery/kabayan-grill/Wmn8wkxfTdysttnr3uCnKA,wantagh-new-york
https://www.ubereats.com/nyc-suburbs/food-delivery/diwan-indian-restaurant-%26-bar/VpVkre50SLiNE3z2jt3v2Q,wantagh-new-york
https://www.ubereats.com/nyc-suburbs/food-delivery/chipotle-mexican-grill-215-n-broadway/JcfYfUH6RLSn61ZKEayLww,wantagh-new-york
https://www.ubereats.com/nyc-suburbs/food-delivery/franks-pizza-%26-pasta/Ta7vcwOjS0e7ZZ3p0hIkMg,wantagh-new-york
https://www.ubereats.com/nyc-suburbs/food-delivery/thanaree-thai-kitchen/ogMPVlsDR-W_ncu8CAV16Q,wantagh-new-york
https://www.ubereats.com/nyc-suburbs/food-delivery/halal-express-kabab-house/-7NVv3beRMCnpir_Y_qmGA,wantagh-new-york
https://www.ubereats.com/nyc-suburbs/food-delivery/avli-the-little-greek-kitchen/3BHHYjqmSfSmV1Gr7v4ZZg,wantagh-new-york
https://www.ubereats.com/nyc-suburbs/food-delivery/the-better-bagel/0cG1OtNyS-O7bW4bgyFoIg,wantagh-new-york
https://www.ubereats.com/nyc-suburbs/food-delivery/chef-elvis-caribbean-cuisine-freeport/vVT8f3F1S9y0u1kp8WZjUw,wantagh-new-york
https://www.ubereats.com/nyc-suburbs/food-delivery/royal-reyes-deli-%26-grill/Pbh1d_ebTLOzQeWeUKWKQA,wantagh-new-york
https://www.ubereats.com/nyc-suburbs/food-delivery/tai-show-fusion/bBXrR1EmSQ-56P8R7JRSgA,wantagh-new-york
https://www.ubereats.com/nyc-suburbs/food-delivery/shahs-hv-inc-500-rte-109/U5_gOj0VQ7WNHcq0Xp-64A,wantagh-new-york
https://www.ubereats.com/nyc-suburbs/food-delivery/jin-fu-garden/YrtSuxymROKLZ0M35wgBfA,wantagh-new-york
https://www.ubereats.com/nyc-suburbs/food-delivery/uncle-louie-g-ices-and-ice-cream-lindenhurst/n_3Ta10-S1aeT4K6fPZQuA,wantagh-new-york
https://www.ubereats.com/nyc-suburbs/food-delivery/caffe-catania/QmD79xI7TKuHPMUvtgUbFw,wantagh-new-york
https://www.ubereats.com/nyc-suburbs/food-delivery/taco-bell-3950-sunrise-hwy/2vipBxT2T6i4CNOZh_WVyw,wantagh-new-york
https://www.ubereats.com/nyc-suburbs/food-delivery/the-bowery/hGvW5gGpSvSmyg8ql1qDpA,wantagh-new-york
https://www.ubereats.com/nyc-suburbs/food-delivery/shake-house/3Jubo84iTSGt3Lh0YtMm8g,wantagh-new-york
https://www.ubereats.com/nyc-suburbs/food-delivery/greek-cove/JG4FzSYBSK6vnymmxMcG2A,wantagh-new-york
https://www.ubereats.com/nyc-suburbs/food-delivery/san-remo-rockville-centre/lWrG1I2HRfGE_UPfQVma6g,wantagh-new-york
https://www.ubereats.com/nyc-suburbs/food-delivery/jn-deli-%26-convenience/qVOfa6CITzSgrObgqpVaJA,wantagh-new-york
https://www.ubereats.com/nyc-suburbs/food-delivery/the-bagel-place-caterers/7uXuBuKORlW8yPr0TlZrgQ,wantagh-new-york
https://www.ubereats.com/nyc-suburbs/food-delivery/sobol-massapequa-park/zFShVVo1SN2WWPhHaPmNpA,wantagh-new-york
https://www.ubereats.com/nyc-suburbs/food-delivery/meadow-deli/YLTbDzllSOyKvrCXOFBWKg,wantagh-new-york
https://www.ubereats.com/nyc-suburbs/food-delivery/villa-deli/qQqpLg1PQrW3goDngqzJ9A,wantagh-new-york
https://www.ubereats.com/nyc-suburbs/food-delivery/greek-street/rDN2VRr2TyeNANmwt_VqJw,wantagh-new-york
https://www.ubereats.com/nyc-suburbs/food-delivery/mcdonalds-uniondale-1110-hempstead/Gf6rkQSiRqqCXf_v3pOU0g,wantagh-new-york
https://www.ubereats.com/nyc-suburbs/food-delivery/mcdonalds-roosevelt/Hi5Ik9tWTBmWLrk4riBnuw,wantagh-new-york
https://www.ubereats.com/nyc-suburbs/food-delivery/bedford-burger-bar-ny/GLTwwwt_Qx-dHl6nWnMO2A,wantagh-new-york
https://www.ubereats.com/nyc-suburbs/food-delivery/taco-bell-3946-hempstead-turnpike/-Kz4bJNIQfe_rD99daNVkg,wantagh-new-york
https://www.ubereats.com/nyc-suburbs/food-delivery/nutriwolf-farmingdale/IE6eU39CRTi1Ch4sN7OuUA,wantagh-new-york
https://www.ubereats.com/nyc-suburbs/food-delivery/homemade-burrito-fulton-ave/DB-mOiVXRjeLq1fuV8284w,wantagh-new-york
https://www.ubereats.com/nyc-suburbs/food-delivery/mcdonalds-uniondale-1050-front/UcKgKCyoQyi_dc2zBv-H0g,wantagh-new-york
https://www.ubereats.com/nyc-suburbs/food-delivery/kabanos-polish-deli/3baJFVO7RfWjTjLM1MmCMg,wantagh-new-york
https://www.ubereats.com/nyc-suburbs/food-delivery/escorzas-mexican-restaurant/FQrSzI3nTB2Hmd1OIlnHmA,wantagh-new-york
https://www.ubereats.com/nyc-suburbs/food-delivery/a%26s-fine-foods-merrick-merrick-rd/7NmIuUU-QGWTF7p1AQQhOg,wantagh-new-york
https://www.ubereats.com/nyc-suburbs/food-delivery/ginos-of-seaford/IQ0lpjVVQb2sFSHVD1Qmyg,wantagh-new-york
https://www.ubereats.com/nyc-suburbs/food-delivery/velt-deli-%26-grocery/xXE3Jk06TzOTclRaHi_l7w,wantagh-new-york
https://www.ubereats.com/nyc-suburbs/food-delivery/arbys-409-e-sunrise-hwy/d0XT2lOqRIu-kOMB0JEljA,wantagh-new-york
https://www.ubereats.com/nyc-suburbs/food-delivery/west-babylon-bagels-and-deli/JD428uhmRpyf3Xhwa2Qzvw,wantagh-new-york
https://www.ubereats.com/nyc-suburbs/food-delivery/exotic-bowls/qJ2_Q2ntTNyW_XSVUCGsrw,wantagh-new-york
https://www.ubereats.com/nyc-suburbs/food-delivery/red-lobster-211-217-old-country-rd/zMaUpQnzTcu0ClyyEDYTeA,wantagh-new-york
https://www.ubereats.com/nyc-suburbs/food-delivery/wingstop-129-w-sunrise-hwy/lPn3051qRA2Wtuqn7oE52Q,wantagh-new-york
https://www.ubereats.com/nyc-suburbs/food-delivery/monsoon/CuzzskgtQriOtECTZmvcRg,wantagh-new-york
https://www.ubereats.com/nyc-suburbs/food-delivery/lemonshark-poke/kHTyPoj_R9Kif-3867lF6A,wantagh-new-york
https://www.ubereats.com/nyc-suburbs/food-delivery/piccolo-ristorante/HplBvpUgSZq9GVGT2OP9rQ,wantagh-new-york
https://www.ubereats.com/nyc-suburbs/food-delivery/gusto-divino-trattoria/b9MOzhpKTBSv_YmjLMz9Uw,wantagh-new-york
https://www.ubereats.com/nyc-suburbs/food-delivery/neighbors-deli/BtFirY68SWStJWuMh5_WHQ,wantagh-new-york
https://www.ubereats.com/nyc-suburbs/food-delivery/bright-star-restaurant-inc/eMiPyNfzSE2EJobpkZ3n3w,wantagh-new-york
https://www.ubereats.com/nyc-suburbs/food-delivery/honest-hicksville/rOgzhSt7RVulGxq53F0TGg,wantagh-new-york
https://www.ubereats.com/nyc-suburbs/food-delivery/dunkin-4025b-hempstead-tpke/eeZaDtQ3Slay7sR-Q-TqQw,wantagh-new-york
https://www.ubereats.com/nyc-suburbs/food-delivery/leaf-house/M6TK4UzNQAmdPkTkowWdvw,wantagh-new-york
https://www.ubereats.com/nyc-suburbs/food-delivery/djs-clam-shack/oIlivP0cRrquVizOQf6glQ,wantagh-new-york
https://www.ubereats.com/nyc-suburbs/food-delivery/east-bay-diner/lk2wlEsjTAySUmWbpj7fNw,wantagh-new-york
https://www.ubereats.com/nyc-suburbs/food-delivery/sweet-garden/asuMpSoESAu7TBhyrFRvBg,wantagh-new-york
https://www.ubereats.com/nyc-suburbs/food-delivery/chinese-house/OkjQL3miTnumtdUe56oU-Q,wantagh-new-york
https://www.ubereats.com/nyc-suburbs/food-delivery/pinatas-mexican-grill-bethpage/dB62yQNzQ1GiQ4fJpJSQXQ,wantagh-new-york
https://www.ubereats.com/nyc-suburbs/food-delivery/dunkin-1000-carmans-rd/t8akXNBZT3Sn22baEkC2XQ,wantagh-new-york
https://www.ubereats.com/nyc-suburbs/food-delivery/sobol-merrick/UwAY9aYKS0azaYkseYZbaw,wantagh-new-york
https://www.ubereats.com/nyc-suburbs/food-delivery/authentic-thai-cuisine/KJ8E9a0YQ_SbHhlIRKHLsw,wantagh-new-york
https://www.ubereats.com/nyc-suburbs/food-delivery/town-deli/FcALhZ1vSnuQCgQeQsP3RA,wantagh-new-york
https://www.ubereats.com/nyc-suburbs/food-delivery/ruby-tuesday-1226-old-country-road/T1FAiDwYS5eKDWneeKvF2w,wantagh-new-york
https://www.ubereats.com/nyc-suburbs/food-delivery/mango-indian-cuisine/dqkoXetCRi-eobSEX3PH5Q,wantagh-new-york
https://www.ubereats.com/nyc-suburbs/food-delivery/blimpie-52-d-willow-park/of6t-DvrR7KWUE03RyG2AA,wantagh-new-york
https://www.ubereats.com/nyc-suburbs/food-delivery/naz-halal-food-4125-hempstead-turnpike/M6k3mgh_TOed3NNB9E7n_w,wantagh-new-york
https://www.ubereats.com/nyc-suburbs/food-delivery/nellys-taqueria/DqTDce1HTx--w037jTjkgw,wantagh-new-york
https://www.ubereats.com/nyc-suburbs/food-delivery/sobol-farmingdale/Dl_GPo-qStGxDjrkMnt4UA,wantagh-new-york
https://www.ubereats.com/nyc-suburbs/food-delivery/wing-zone-1860-front-st/FUb1YMpEQIek_b1qaaXiMQ,wantagh-new-york
https://www.ubereats.com/nyc-suburbs/food-delivery/nellys-taqueria-farmingdale/wEXdJlN2TwGdVd_ia0Bcbg,wantagh-new-york
https://www.ubereats.com/nyc-suburbs/food-delivery/dunkin-1680-grand-ave/M-FfSKtbS_6HQKWhjmt4IA,wantagh-new-york
https://www.ubereats.com/nyc-suburbs/food-delivery/gold-%26-meyers-deli/iM-Vj7n3QSG7sJxHymLp-g,wantagh-new-york
https://www.ubereats.com/nyc-suburbs/food-delivery/whiskey-down-diner/vQOb8G6wSlGGxxcG-EhbiQ,wantagh-new-york
https://www.ubereats.com/nyc-suburbs/food-delivery/sotto-sopra-pizza/GP7AaX_4Syq2JgDsUJpgUQ,wantagh-new-york
https://www.ubereats.com/nyc-suburbs/food-delivery/mr-cajun/VBs85ByxQxWFPLO7_iPHDQ,wantagh-new-york
https://www.ubereats.com/nyc-suburbs/food-delivery/lighthouse-diner/pJDJh8YEQwm2b3SlRxiKBg,wantagh-new-york
https://www.ubereats.com/nyc-suburbs/food-delivery/street-to-table/pklJoWYWTeq4VnlXmQMpaQ,wantagh-new-york
https://www.ubereats.com/nyc-suburbs/food-delivery/supremes-pizzeria-%26-ristorante/dptbBSeuRWiOe-N6q9Vs9w,wantagh-new-york
https://www.ubereats.com/nyc-suburbs/food-delivery/houlihans-farmingdale/0tpMkdZiQTSo1-j8MQV2cw,wantagh-new-york
https://www.ubereats.com/nyc-suburbs/food-delivery/subway-573-uniondale-ave/HgWBGctaRryfY1fAxtPBDQ,wantagh-new-york
https://www.ubereats.com/nyc-suburbs/food-delivery/gators/NMWNbf_tTP-qeRmGT1Jn3g,wantagh-new-york
https://www.ubereats.com/nyc-suburbs/food-delivery/ginos-of-tuscany-bellmore/ckAqSMz1SF2qCI705AaNOQ,wantagh-new-york
https://www.ubereats.com/nyc-suburbs/food-delivery/flaming-grill-%26-supreme-buffet-baldwin/SWs-HwQxSYajE9sTJSMsCw,wantagh-new-york
https://www.ubereats.com/nyc-suburbs/food-delivery/buffalo-wild-wings-1080-broadhollow-rd/gvEx-h9OS9KRkgnZAbqGQA,wantagh-new-york
https://www.ubereats.com/nyc-suburbs/food-delivery/burger-king-1727-merrick-road/Z-VNfGsKR2aRBth7jWA-Iw,wantagh-new-york
https://www.ubereats.com/nyc-suburbs/food-delivery/pokeworks-8285-jericho-turnpike/XJzASb1bSpaz4_TsHN3NDA,wantagh-new-york
https://www.ubereats.com/nyc-suburbs/food-delivery/nazs-halal-food-3270-hempstead-turnpike/7a3eWLCnTUWVJG-axeNXMg,wantagh-new-york
https://www.ubereats.com/nyc-suburbs/food-delivery/brick-%26-cork/XxT3bXawSZylb-JRatLVyA,wantagh-new-york
https://www.ubereats.com/nyc-suburbs/food-delivery/island-poke-massapequa/ncC-JST_QoiUzf1zN1zggQ,wantagh-new-york
https://www.ubereats.com/nyc-suburbs/food-delivery/levittown-halal-chinese/6GFuu856TomjnH8GHp63Fw,wantagh-new-york
https://www.ubereats.com/nyc-suburbs/food-delivery/dairy-queen-grill-%26-chill-5366-sunrise-hwy/0PEeYqFzRZaiO_IXcypFIQ,wantagh-new-york
https://www.ubereats.com/nyc-suburbs/food-delivery/cruzitas-resturant/YKzHHArRS5C0Y3qG4lirwA,wantagh-new-york
https://www.ubereats.com/nyc-suburbs/food-delivery/michelles-110-diner/ciCZcVl1RBqTbFTPouzozg,wantagh-new-york
https://www.ubereats.com/nyc-suburbs/food-delivery/toyo-japanese-restaurant/vWV1j5pVS7i2EDzTXwFPpg,wantagh-new-york
https://www.ubereats.com/nyc-suburbs/food-delivery/causeway-delicatessen/yZdIZOkVSpO555HDluXPHA,wantagh-new-york
https://www.ubereats.com/nyc-suburbs/food-delivery/a%26a-italian-deli-%26-pizza/VZqpPAnASQisEOE8lQNd3A,wantagh-new-york
https://www.ubereats.com/nyc-suburbs/food-delivery/la-cabana-catracha/ae0T5TqeQiG3AJ4QBNwXbg,wantagh-new-york
https://www.ubereats.com/nyc-suburbs/food-delivery/zorns/RiVN6XlTT3e7FlT-dJDz3g,wantagh-new-york
https://www.ubereats.com/nyc-suburbs/food-delivery/roast-sandwich-house-hicksville/IwXqhl2LT6in07jqBidJ3A,wantagh-new-york
https://www.ubereats.com/nyc-suburbs/food-delivery/great-wall-restaurant/1kQthu1CSwq2k0oaY3KEsw,wantagh-new-york
https://www.ubereats.com/nyc-suburbs/food-delivery/taj-indian-fusion-nassau-county/LWApNW8YTcuqO5I4P71CFA,wantagh-new-york
https://www.ubereats.com/nyc-suburbs/food-delivery/hug-thai-cuisine/djY-JNa-TyClkW7wA1gIsA,wantagh-new-york
https://www.ubereats.com/nyc-suburbs/food-delivery/dunkin-388-w-john-st/wOwd_XA3TByEKAyxp1K7kw,wantagh-new-york
https://www.ubereats.com/nyc-suburbs/food-delivery/sushi-house/xUo7tOv6QZO2z1g18KBHNA,wantagh-new-york
https://www.ubereats.com/nyc-suburbs/food-delivery/the-little-beet-long-island/r3aZMySdQ0-Ds3nlz6AsdA,wantagh-new-york
https://www.ubereats.com/nyc-suburbs/food-delivery/fuel-your-body-cafe/ldFIueWWSqOuTUF0KqBNOg,wantagh-new-york
https://www.ubereats.com/nyc-suburbs/food-delivery/lasdelicias-latinas/2l1X4DjZTmyfQV5CF8F7dA,wantagh-new-york
https://www.ubereats.com/nyc-suburbs/food-delivery/kashi-bellmore/3ZJczKH8TCCgGrUzSbs38w,wantagh-new-york
https://www.ubereats.com/nyc-suburbs/food-delivery/lucky-food-cart-ii/xqFqQz_cR0C-CE9ICi9Zbw,wantagh-new-york
https://www.ubereats.com/nyc-suburbs/food-delivery/del-fuego-babylon/dsCA8UWxTMOC-1h0AZI_lw,wantagh-new-york
https://www.ubereats.com/nyc-suburbs/food-delivery/dunkin-575-fulton-st/45yTZqUpQEGyoI4rF02mug,wantagh-new-york
https://www.ubereats.com/nyc-suburbs/food-delivery/franciscos-vegan-pizzeria/0xVUMAmnReO8r32rmtjCbA,wantagh-new-york
https://www.ubereats.com/nyc-suburbs/food-delivery/kaze-japanese-sushi-%26-hibachi/tlG10XaRRSyeQjT6w52_LA,wantagh-new-york
https://www.ubereats.com/nyc-suburbs/food-delivery/carvel-392-a-n-wantagh-ave/Ds-UaiGMSAmbF782AY2Ngg,wantagh-new-york
https://www.ubereats.com/nyc-suburbs/food-delivery/shahs-halal-lindenhurst/SYXz3cobTJeN47vzn-06iw,wantagh-new-york
https://www.ubereats.com/nyc-suburbs/food-delivery/kababjees/2YxKVSsRTZ23W8nQKmBBFA,wantagh-new-york
https://www.ubereats.com/nyc-suburbs/food-delivery/dunkin-587-old-country-rd/vGL4KWpATe2f9dQuzHeicw,wantagh-new-york
https://www.ubereats.com/nyc-suburbs/food-delivery/dairy-queen-grill-%26-chill-3095-hempstead-tpke/MXQzj44jT6Ci-EJaHM1LvQ,wantagh-new-york
https://www.ubereats.com/nyc-suburbs/food-delivery/frantonis-pizzeria-%26-ristorante-east-meadow/itc4N0PbT5KnR7TeVLT3IQ,wantagh-new-york
https://www.ubereats.com/nyc-suburbs/food-delivery/taco-bell-1180-grand-avenue/QPIEzJl4SXyeqOeGT33yTQ,wantagh-new-york
https://www.ubereats.com/nyc-suburbs/food-delivery/imperial-diner/A43Y1PYtQ06tBqNLISPwCQ,wantagh-new-york
https://www.ubereats.com/nyc-suburbs/food-delivery/bellagio-pizzeria/ZWWQBMBtQFyL51v65HQExg,wantagh-new-york
https://www.ubereats.com/nyc-suburbs/food-delivery/burger-king-2450-hempstead-turnpike/iqJ3PtnNSnSC5bA3OC06XQ,wantagh-new-york
https://www.ubereats.com/nyc-suburbs/food-delivery/shake-shack-860-old-country-road/6Wl5yl7SR4m7xsx_ledWXg,wantagh-new-york
https://www.ubereats.com/nyc-suburbs/food-delivery/okinii-japanese-restaurant/tRePf4G9R4m3YS9ow_XP9g,wantagh-new-york
https://www.ubereats.com/nyc-suburbs/food-delivery/elisas-restaurant/M8HW21NmRneXSrE8D43YKA,wantagh-new-york
https://www.ubereats.com/nyc-suburbs/food-delivery/checkers-136-sunrise-hwy/O8EimLreTvml1txQZG9puw,wantagh-new-york
https://www.ubereats.com/nyc-suburbs/food-delivery/pecosa-bakery/FrrXU_lYRu2fQpu89Hn42A,wantagh-new-york
https://www.ubereats.com/nyc-suburbs/food-delivery/la-famiglia-plainview/cnuV8Dd_Q42G5Qa7JrQ8VA,wantagh-new-york
https://www.ubereats.com/nyc-suburbs/food-delivery/the-wild-feast-cafe/UksHxgqMQ9y0lnce2djQjg,wantagh-new-york
https://www.ubereats.com/nyc-suburbs/food-delivery/dunkin-2295-hempstead-tpke/DVBPEJDfS0eLwF4sBYnsBw,wantagh-new-york
https://www.ubereats.com/nyc-suburbs/food-delivery/taco-bell-215-w-merrick-rd/smsxr3D7TiuDcIcznWBbrA,wantagh-new-york
https://www.ubereats.com/nyc-suburbs/food-delivery/jersey-mikes-subs-uniondale-988-hempstead-turnpike/Nh-6I_YJSAu6Vdyc0zDpTA,wantagh-new-york
https://www.ubereats.com/nyc-suburbs/food-delivery/lazzat-indian-restaurant-nassau/KKgbdQLWQvOndKV1XeKWmg,wantagh-new-york
https://www.ubereats.com/nyc-suburbs/food-delivery/panera-2375-merrick-road/gEbE04QyTFitYi3_PIU-0A,wantagh-new-york
https://www.ubereats.com/nyc-suburbs/food-delivery/empire-nutrition/UqPHhiX_TBe-OCil-Vki6w,wantagh-new-york
https://www.ubereats.com/nyc-suburbs/food-delivery/dunkin-538-s-broadway/PQjOPOGgT9SbDj0FFqqDjA,wantagh-new-york
https://www.ubereats.com/nyc-suburbs/food-delivery/sabor-a-colombia/S2-RYZlmSoO4Y6cJS_wCLw,wantagh-new-york
https://www.ubereats.com/nyc-suburbs/food-delivery/brothers-cafe-in-copaigue/fmSVMendTZ-DQlrskY_ZmA,wantagh-new-york
https://www.ubereats.com/nyc-suburbs/food-delivery/j%26gs-delicatessen-hicksville-rd/2a-_kqUkQjKkfkuSdgOrRw,wantagh-new-york
https://www.ubereats.com/nyc-suburbs/food-delivery/moes-2565-hempstead-turnpike/pva06pjaSOyuwNxwgWtNoQ,wantagh-new-york
https://www.ubereats.com/nyc-suburbs/food-delivery/checkers-800-broadway/nphI7Pi0Rwq9E7XY-ynfhw,wantagh-new-york
https://www.ubereats.com/nyc-suburbs/food-delivery/kebab-house/Uln50HtmStue0RQGM3qjIg,wantagh-new-york
https://www.ubereats.com/nyc-suburbs/food-delivery/317-main-street/VxAljB9nQk2aDh2wPS164g,wantagh-new-york
https://www.ubereats.com/nyc-suburbs/food-delivery/vinoco-east/q1RYSeDmRliag2lCD_5jog,wantagh-new-york
https://www.ubereats.com/nyc-suburbs/food-delivery/cafe-boccellis/E9Au2J2VToWvuoPSc22HPA,wantagh-new-york
https://www.ubereats.com/nyc-suburbs/food-delivery/shahs-halal-food-bellmore/3xyo-pZaQ9iDHtHsbhW0RA,wantagh-new-york
https://www.ubereats.com/nyc-suburbs/food-delivery/kabul-grill/LCRgOjOgQF2hzz7wr-HGbQ,wantagh-new-york
https://www.ubereats.com/nyc-suburbs/food-delivery/bourbon-%26-brews/vRz2InI7Rm6g8Hq0UtOvMA,wantagh-new-york
https://www.ubereats.com/nyc-suburbs/food-delivery/subway-1028-montauk-hwy/F5e07yIrRYW3B6ZeKwHzYA,wantagh-new-york
https://www.ubereats.com/nyc-suburbs/food-delivery/smoke-barn/9nx2qGuAS12WeqXsvuGnQg,wantagh-new-york
https://www.ubereats.com/nyc-suburbs/food-delivery/cream-espresso-bar-%26-bakery/RYJH0ygSSlqNYXo1J1btwA,wantagh-new-york
https://www.ubereats.com/nyc-suburbs/food-delivery/little-gyro-kitchen/2KMm4M1dRnGiI1CuiUFf7Q,wantagh-new-york
https://www.ubereats.com/nyc-suburbs/food-delivery/tocolo-cantina/5Bjc4WYmT8WILZFXGqsqLw,wantagh-new-york
https://www.ubereats.com/nyc-suburbs/food-delivery/panda-restaurant/QqhbKa7wQfyGe8sauuKmJw,wantagh-new-york
https://www.ubereats.com/nyc-suburbs/food-delivery/margaritas-cafe/t_aC7BOiSH6WfWhRIa67_g,wantagh-new-york
https://www.ubereats.com/nyc-suburbs/food-delivery/the-flour-shoppe-cafe/1dBG19WAT4CPEb_-6G76fQ,wantagh-new-york
https://www.ubereats.com/nyc-suburbs/food-delivery/dream-street-on-the-go/RVwHafz-QlqbT_Fx0ECKiw,wantagh-new-york
https://www.ubereats.com/nyc-suburbs/food-delivery/qdoba-mexican-grill-1024-broadhollow-road/4ZSxjyxZQFaLVIKxkCM7lA,wantagh-new-york
https://www.ubereats.com/nyc-suburbs/food-delivery/smashburger-1223-wantagh-ave/5adc8UWzRSSc-W34g-UuSA,wantagh-new-york
https://www.ubereats.com/nyc-suburbs/food-delivery/rositas-bakery-%26restaurant/BdPnjWG6TSG6-22MQHmtCA,wantagh-new-york
https://www.ubereats.com/nyc-suburbs/food-delivery/mei-ho-kitchen/QbVA81FbQnyxC81T7zJp-A,wantagh-new-york
https://www.ubereats.com/nyc-suburbs/food-delivery/209-applebees-farmingdale/0Q8X4pkLT9OEvxN7shiL5Q,wantagh-new-york
https://www.ubereats.com/nyc-suburbs/food-delivery/la-azulita-cafe/FjCp-89UR2y8N94aH6R7OA,wantagh-new-york
https://www.ubereats.com/nyc-suburbs/food-delivery/dunkin-490-w-old-country-rd/kimJ_pdtR6WEJH8bCPiYiA,wantagh-new-york
https://www.ubereats.com/nyc-suburbs/food-delivery/yogurt-%26-such-cafe-levittown/uhn3e6asQs2zmSZa2wk27w,wantagh-new-york
https://www.ubereats.com/nyc-suburbs/food-delivery/subway-1341-jerusalem-ave/uQ0aMKz6QBSgZ9xxCLAQzg,wantagh-new-york
https://www.ubereats.com/nyc-suburbs/food-delivery/super-pizza/rxVwv2nsS_2VLJyW501diA,wantagh-new-york
https://www.ubereats.com/nyc-suburbs/food-delivery/pats-pizza/d6hFiXgaSwmNp-_OGek-BA,wantagh-new-york
https://www.ubereats.com/nyc-suburbs/food-delivery/la-la-bistro-soup-salad-%26-sandwich-bar/dkz9EHxARIGIcrSgjIzJaw,wantagh-new-york
https://www.ubereats.com/nyc-suburbs/food-delivery/lotus-asian-fusion/Yq0wDO_ASj-lVMyXIhyoWg,wantagh-new-york
https://www.ubereats.com/nyc-suburbs/food-delivery/empanada-shoppe/9H3rpAbWQlKw3rHVqXo7Ww,wantagh-new-york
https://www.ubereats.com/nyc-suburbs/food-delivery/taco-bell-1939-hempstead-turnpike/PKCYaLmYRmKUSC26IHm15g,wantagh-new-york
https://www.ubereats.com/nyc-suburbs/food-delivery/burger-city-east-meadow/RWfeJtvATvK0JzRRVWyxUg,wantagh-new-york
https://www.ubereats.com/nyc-suburbs/food-delivery/effin-beauty/9wbeukuARtGk7fKBSezz1Q,wantagh-new-york
https://www.ubereats.com/nyc-suburbs/food-delivery/sj-lucky/sLswo1RZQfKQq2kS2P1s0w,wantagh-new-york
https://www.ubereats.com/nyc-suburbs/food-delivery/station-market/08ALSOTGQY-i0DF1UgJg-A,wantagh-new-york
https://www.ubereats.com/nyc-suburbs/food-delivery/taco-bell-1260-wantagh-avenue/zh-9kBGFRDyHBnrwuz2Y_A,wantagh-new-york
https://www.ubereats.com/nyc-suburbs/food-delivery/halal-on-wheels-amityville/d_KTV6VmQTmMfRzTS5WEUg,wantagh-new-york
https://www.ubereats.com/nyc-suburbs/food-delivery/margaritas-cafefreeport/sO0EnSaVT8CA7azGbXTwXw,wantagh-new-york
https://www.ubereats.com/nyc-suburbs/food-delivery/red-lobster-1-nevada-street/4if42XTCQnyl1J0sjHmpOA,wantagh-new-york
https://www.ubereats.com/nyc-suburbs/food-delivery/fried-chicken-haven/euGX9e15QBm70Op9AXNIyA,wantagh-new-york
https://www.ubereats.com/nyc-suburbs/food-delivery/big-daddys/6mwzkpGsRMGRuBZ6fIsQcg,wantagh-new-york
https://www.ubereats.com/nyc-suburbs/food-delivery/lisbon-cafe/e6v-2WZmTf6N8P3XCbuZmA,wantagh-new-york
https://www.ubereats.com/nyc-suburbs/food-delivery/dunkin-1731-merrick-rd/8ePQWUkyTxOkOkFcckv7Sw,wantagh-new-york
https://www.ubereats.com/nyc-suburbs/food-delivery/taco-bell-638-s-oyster-bay-rd/8pdMvBAUTmyP4HLP-u-56g,wantagh-new-york
https://www.ubereats.com/nyc-suburbs/food-delivery/himalayan-vegetarian-cuisine/1-gmzG55R7eOD0JMmFhF6Q,wantagh-new-york
https://www.ubereats.com/nyc-suburbs/food-delivery/new-york-burger-bar-massapequa/CyE4TxSIQemK-C4KNYfzRA,wantagh-new-york
https://www.ubereats.com/nyc-suburbs/food-delivery/la-piazza/FMTlk8HFTuyVkTflMPbs8w,wantagh-new-york
https://www.ubereats.com/nyc-suburbs/food-delivery/dunkin-20-broadway/CuFUiZGTRGKZBXhqgFyBeg,wantagh-new-york
https://www.ubereats.com/nyc-suburbs/food-delivery/burger-king-1200-ny-109/L-FBR0JlTiaiE4Z1-OKswQ,wantagh-new-york
