url,city
https://www.ubereats.com/philadelphia/food-delivery/alessios-seafood-grille/vcrO4D_OQ_afMVNAHLvZDQ,warminster-pennsylvania
https://www.ubereats.com/philadelphia/food-delivery/red-robin-442-281-easton-road/tP_1qFSdRfWsKxC3qV-sGg,warminster-pennsylvania
https://www.ubereats.com/philadelphia/food-delivery/new-wild-ginger/ZlgebK2KQdGhqXpElxf8cg,warminster-pennsylvania
https://www.ubereats.com/philadelphia/food-delivery/wendys-415-easton-rd/LLrqbSiTTYSzv9pMAT9q3g,warminster-pennsylvania
https://www.ubereats.com/philadelphia/food-delivery/china-dragon/PkEXoAb4SLuuZQ0ka_FYlw,warminster-pennsylvania
https://www.ubereats.com/philadelphia/food-delivery/chipotle-mexican-grill-2618-w-moreland-rd/ywcW8PUcSEK7wJlKkdUDBw,warminster-pennsylvania
https://www.ubereats.com/philadelphia/food-delivery/applebees-1281-knapp-road/w2LzmWFLRYWqwIaH2meVHQ,warminster-pennsylvania
https://www.ubereats.com/philadelphia/food-delivery/harrigans-pub/XCRjcoTrRNCR25BmKMapSQ,warminster-pennsylvania
https://www.ubereats.com/philadelphia/food-delivery/red-robin-336-3605-horizon-blvd/yJVwzyiLTLSyvD4l9Ekj-w,warminster-pennsylvania
https://www.ubereats.com/philadelphia/food-delivery/provecho-mexican-grill/y7pvHWh2QNmqzZh_8yJyMw,warminster-pennsylvania
https://www.ubereats.com/philadelphia/food-delivery/dim-sum-factory/CW2mdtRTQOaC3vFliIRHQg,warminster-pennsylvania
https://www.ubereats.com/philadelphia/food-delivery/oki-sushi/vBF6veuQQbaZVCeNLTLeUA,warminster-pennsylvania
https://www.ubereats.com/philadelphia/food-delivery/from-the-boot-ambler/8sdJFHbjQ5SvXldh5BeyrA,warminster-pennsylvania
https://www.ubereats.com/philadelphia/food-delivery/primohoagies-1650-limekiln-pike/bTLVohTOQkiK5HM-5igxrQ,warminster-pennsylvania
https://www.ubereats.com/philadelphia/food-delivery/mcdonalds-dresher/wLA2WUJ5RE6CXoQaLJwPQA,warminster-pennsylvania
https://www.ubereats.com/philadelphia/food-delivery/quinoa-mexican-%26-peruvian-restaurant/2kQ5ucXTTk627V1Jm26iKA,warminster-pennsylvania
https://www.ubereats.com/philadelphia/food-delivery/grove-stove/K-d3M9y_Sy61Tu3BIOOVLw,warminster-pennsylvania
https://www.ubereats.com/philadelphia/food-delivery/panda-express-3570-horizon-blvd/NeCLEoySSWuwlBTU95pylw,warminster-pennsylvania
https://www.ubereats.com/philadelphia/food-delivery/amys-family-pizzeria/epz6uwXKSHiuQnodvFbXQA,warminster-pennsylvania
https://www.ubereats.com/philadelphia/food-delivery/smokey-bandit-barbecue/fv8edljYS9KZQhVpDNpf5Q,warminster-pennsylvania
https://www.ubereats.com/philadelphia/food-delivery/dunkin-11725-bustleton-ave/PkkVmuXnSyG_Dk-7iYxgog,warminster-pennsylvania
https://www.ubereats.com/philadelphia/food-delivery/burgerim-711-easton/nWZA5qQ0Q7691xqsm-kozg,warminster-pennsylvania
https://www.ubereats.com/philadelphia/food-delivery/starbucks-270-easton-road-warrington/agId1ivPQ8Shv3fqBEBmTg,warminster-pennsylvania
https://www.ubereats.com/philadelphia/food-delivery/primohoagies-542-andrews-rd/AptiwUdjQvuU42-yrpPKuQ,warminster-pennsylvania
https://www.ubereats.com/philadelphia/food-delivery/chipotle-mexican-grill-30-airport-sq/EyGkStWfRJ25_pGT31uOCw,warminster-pennsylvania
https://www.ubereats.com/philadelphia/food-delivery/dunkin-3608-welsh-rd/lnUB26QERa25BvaIYYKl5Q,warminster-pennsylvania
https://www.ubereats.com/philadelphia/food-delivery/tgi-fridays-659-willow-grove-pa/wzFCt7YFQL6Nhnyce4yhsQ,warminster-pennsylvania
https://www.ubereats.com/philadelphia/food-delivery/georgian-bread-%26-cuisine/FEU0qyirTcirw6oZ-iZ1cg,warminster-pennsylvania
https://www.ubereats.com/philadelphia/food-delivery/lees-hoagie-house/hB5u4VZ_QgOAVSe6x5gDNA,warminster-pennsylvania
https://www.ubereats.com/philadelphia/food-delivery/giuseppe-pizza-and-family-restaurant/Bxuoo-iPRXyx4SsQnm96Iw,warminster-pennsylvania
https://www.ubereats.com/philadelphia/food-delivery/starbucks-dresher/ZXJnZpv7RnCZIN2xLrOXQA,warminster-pennsylvania
https://www.ubereats.com/philadelphia/food-delivery/fuji-asian/abZHpa0KSL21HQ1pgGdlBg,warminster-pennsylvania
https://www.ubereats.com/philadelphia/food-delivery/zara-halal-food/thkXWCY5TIuTOji7TjmZFw,warminster-pennsylvania
https://www.ubereats.com/philadelphia/food-delivery/mcdonalds-horsham-easton/-_OeDtrjRDOKyivPCnyQyQ,warminster-pennsylvania
https://www.ubereats.com/philadelphia/food-delivery/wendys-620-easton-road/H5QUYFWHQqCwqbCvCanClQ,warminster-pennsylvania
https://www.ubereats.com/philadelphia/food-delivery/bacon-egg-%26-please/YEd7fzvFR0WwP_fl5Qh47g,warminster-pennsylvania
https://www.ubereats.com/philadelphia/food-delivery/rangoli/ADU4PGLmQJOyj7YRw1zWZQ,warminster-pennsylvania
https://www.ubereats.com/philadelphia/food-delivery/slacks-hoagie-shack-warrington/kkSZAk27R6eXWQJO7EebxQ,warminster-pennsylvania
https://www.ubereats.com/philadelphia/food-delivery/taco-bell-265-east-street-road/qGjXFv0pTZmd67ydXVsaww,warminster-pennsylvania
https://www.ubereats.com/philadelphia/food-delivery/sunny-asian-warminster/MtKLMOOITPSM81xEbCiQsQ,warminster-pennsylvania
https://www.ubereats.com/philadelphia/food-delivery/taco-bell-931-n-wales-rd/SI3aSwNgSEOEWyjVMqE3jA,warminster-pennsylvania
https://www.ubereats.com/philadelphia/food-delivery/mcdonalds-hatboro-old-yk/FGuPFIj8TT-fJpJthmoWnw,warminster-pennsylvania
https://www.ubereats.com/philadelphia/food-delivery/wing-squad-huntingdon-valley/UrdqnPkyTEeeWiDuDaEMzQ,warminster-pennsylvania
https://www.ubereats.com/philadelphia/food-delivery/turning-point-of-newtown/hfSN4EiGQB26DfWgqmN5CA,warminster-pennsylvania
https://www.ubereats.com/philadelphia/food-delivery/el-rey-del-oro/E47DOpK8QDuouIK3cVAcJg,warminster-pennsylvania
https://www.ubereats.com/philadelphia/food-delivery/kyoto-sushi-%26-japanese-steakhouse/XjMaUQyHQZqj_svGuVkgmw,warminster-pennsylvania
https://www.ubereats.com/philadelphia/food-delivery/subway-880-jacksonville-rd/tWUaR53pQJmNUeUuUm5HLg,warminster-pennsylvania
https://www.ubereats.com/philadelphia/food-delivery/freddys-street-food/rlCEJckuTuqH4ocNFcnh7g,warminster-pennsylvania
https://www.ubereats.com/philadelphia/food-delivery/flip-city-shakes/CtlB9oxRR0O4-ePaaQVamw,warminster-pennsylvania
https://www.ubereats.com/philadelphia/food-delivery/papa-johns-york-rd/AJRgB76WToaH60ZI7vD7Xg,warminster-pennsylvania
https://www.ubereats.com/philadelphia/food-delivery/bruno-s-pizza/kCcyL_LAQy64h20VwnwYcg,warminster-pennsylvania
https://www.ubereats.com/philadelphia/food-delivery/izumi/QyQ9DO4UTsOAs95mb6si8w,warminster-pennsylvania
https://www.ubereats.com/philadelphia/food-delivery/manhattan-bagel/6cccHpu8Q4uhn3yosdGhdA,warminster-pennsylvania
https://www.ubereats.com/philadelphia/food-delivery/mod-pizza-warrington/h17_IiXAS96yp5CxQ8AzkA,warminster-pennsylvania
https://www.ubereats.com/philadelphia/food-delivery/utsav-indian-cuisine/LW06j_caQFe2w92U_OttAg,warminster-pennsylvania
https://www.ubereats.com/philadelphia/food-delivery/hanas-kitchen-%26-pizzeria/eaNO1v9nQKyEBaEumUUu9g,warminster-pennsylvania
https://www.ubereats.com/philadelphia/food-delivery/palz-tap-house/BhzyLdm7Ss6Qkw4o9hwCyQ,warminster-pennsylvania
https://www.ubereats.com/philadelphia/food-delivery/namaste-indian-bistro/o_j8QX8iTDqLDUn0zjnquQ,warminster-pennsylvania
https://www.ubereats.com/philadelphia/food-delivery/red-lobster-640-cowpath-road/3M1_sAxCQSKzfhPrqX-shg,warminster-pennsylvania
https://www.ubereats.com/philadelphia/food-delivery/elevation-burger-willow-grove/YCrE5hqLQVGjs2KyZH1S5A,warminster-pennsylvania
https://www.ubereats.com/philadelphia/food-delivery/ritas-italian-ice/iThdVm_8QmOP6MJN9Gs5YQ,warminster-pennsylvania
https://www.ubereats.com/philadelphia/food-delivery/outback-steakhouse-411-doylestown-road/BkDXIUuATe2QUfkQbFftqw,warminster-pennsylvania
https://www.ubereats.com/philadelphia/food-delivery/philly-pretzel-factory-abington/q50vJtk5SPa4yBHzTUTL_A,warminster-pennsylvania
https://www.ubereats.com/philadelphia/food-delivery/the-ice-cream-shop/GDQJKZyNQdGPcGxiruLv4Q,warminster-pennsylvania
https://www.ubereats.com/philadelphia/food-delivery/philomena-santuccis-square-pizza-warminster/1lo8VM0FTn-TMsI_jwjMug,warminster-pennsylvania
https://www.ubereats.com/philadelphia/food-delivery/country-house-diner/nt8UsHbxSx2lbbiLO_ePaA,warminster-pennsylvania
https://www.ubereats.com/philadelphia/food-delivery/dunkin-1055-york-rd/8sboEEj4RF-1_42KUPX6Nw,warminster-pennsylvania
https://www.ubereats.com/philadelphia/food-delivery/mcdonalds-richboro-second/u4O3_UcWTiSov5L3cBlDDw,warminster-pennsylvania
https://www.ubereats.com/philadelphia/food-delivery/buffalo-wild-wings-201-easton-rd-ste-118/do7W6UQwRNmBu0eNXGaOAA,warminster-pennsylvania
https://www.ubereats.com/philadelphia/food-delivery/stewarts-willow-grove/8sqDgDU8S3qbG7-tHibBPg,warminster-pennsylvania
https://www.ubereats.com/philadelphia/food-delivery/station-pizza-ll/NuPYbVFvSCuz7iLkZPti8A,warminster-pennsylvania
https://www.ubereats.com/philadelphia/food-delivery/sopranos-pizzeria/Bdq1s8EzRe28skHEjQTNOQ,warminster-pennsylvania
https://www.ubereats.com/philadelphia/food-delivery/south-sea-thai-kitchen/SjLvaKabS7u5oXimrDYt9w,warminster-pennsylvania
https://www.ubereats.com/philadelphia/food-delivery/richmans-ice-cream-%26-burger-co/RUh_pCtCRL6jMOM9Jy5c5Q,warminster-pennsylvania
https://www.ubereats.com/philadelphia/food-delivery/aji-sushi-take-out/C85D4ZeSReieIjjSKeDLTQ,warminster-pennsylvania
https://www.ubereats.com/philadelphia/food-delivery/the-general/LHNdBKGgQ7Cax5hv7FLTAw,warminster-pennsylvania
https://www.ubereats.com/philadelphia/food-delivery/pizza-plaza-of-warminster/pky_4WZKSPyHQdWkWtfPGQ,warminster-pennsylvania
https://www.ubereats.com/philadelphia/food-delivery/maggios/P-C4D4RjTUSID-WN6uIp_Q,warminster-pennsylvania
https://www.ubereats.com/philadelphia/food-delivery/chickies-%26-petes-warrington/1jbEoqrSRB6zG3pGBPyzYg,warminster-pennsylvania
https://www.ubereats.com/philadelphia/food-delivery/friendlys-168-easton-rd/GyyhfoWcRpqPQrN3bZu2sA,warminster-pennsylvania
https://www.ubereats.com/philadelphia/food-delivery/main-street-pizzeria-and-grille-horsham/tDkxT7ZfROOyZcOX7x5IQA,warminster-pennsylvania
https://www.ubereats.com/philadelphia/food-delivery/lees-hoagie-house/YkrfvFGWR_yRtZVF6q-mEQ,warminster-pennsylvania
https://www.ubereats.com/philadelphia/food-delivery/la-casa-di-lucia/bnc4Uo9VRcuVNCc1dGUF6Q,warminster-pennsylvania
https://www.ubereats.com/philadelphia/food-delivery/the-persian-grille-hatboro/Y9A41pllTc6XS2_e5dAZvQ,warminster-pennsylvania
https://www.ubereats.com/philadelphia/food-delivery/mod-pizza-willow-grove/KHxIV_XlSs-4XOBzBnVZLA,warminster-pennsylvania
https://www.ubereats.com/philadelphia/food-delivery/outback-steakhouse-2520-york-road/b7Mfejk4R3mx21okJISO6w,warminster-pennsylvania
https://www.ubereats.com/philadelphia/food-delivery/tj-smiths/lwbfX3q3SXmQSLFzeGf7cg,warminster-pennsylvania
https://www.ubereats.com/philadelphia/food-delivery/baja-fresh-feasterville-trevose/hEl0A53aQuKTacVEQXFwWg,warminster-pennsylvania
https://www.ubereats.com/philadelphia/food-delivery/ottos-brauhaus/qen-QdMQRWSXa5PGvvIw0Q,warminster-pennsylvania
https://www.ubereats.com/philadelphia/food-delivery/manhattan-bagel-feasterville/CSjb79Y2SVGoQXjtQd_NbQ,warminster-pennsylvania
https://www.ubereats.com/philadelphia/food-delivery/dim-sum-factory/RcD-8TshRYqmfuwpg8p4KA,warminster-pennsylvania
https://www.ubereats.com/philadelphia/food-delivery/ritas-of-limekiln-pike-3322-limekiln-pike/f7wXcrklT3Gvz49tDk9A_w,warminster-pennsylvania
https://www.ubereats.com/philadelphia/food-delivery/dunkin-1425-w-street-rd/NEB_zUaCSuC9pDNbcf2VBQ,warminster-pennsylvania
https://www.ubereats.com/philadelphia/food-delivery/m%26d-philly-cheesesteaks-%26-wings/gYvY4IovRJWdMjQvs3K5kw,warminster-pennsylvania
https://www.ubereats.com/philadelphia/food-delivery/applebees-2-west-road/evcrlUaESw6cT1a5IS0t7Q,warminster-pennsylvania
https://www.ubereats.com/philadelphia/food-delivery/stewarts-all-american/7W_vVz0tR-qzACXiKBsdcg,warminster-pennsylvania
https://www.ubereats.com/philadelphia/food-delivery/mcdonalds-feasterville/6ksOGSCgQ6aNyuj0o56qmQ,warminster-pennsylvania
https://www.ubereats.com/philadelphia/food-delivery/five-guys-pa-0243-864-west-street-rd/NRibMokwRbaZAvnwQmRJCQ,warminster-pennsylvania
https://www.ubereats.com/philadelphia/food-delivery/lemon-grass/UVqIRFDMSPq7pTGm97n2tA,warminster-pennsylvania
https://www.ubereats.com/philadelphia/food-delivery/steak-and-hoagie-factory-richboro/UkeJr7OARmiYeHrIGldA5A,warminster-pennsylvania
https://www.ubereats.com/philadelphia/food-delivery/bradys-american-pub/Vc-LF4a4To2hkJdMqQPVHg,warminster-pennsylvania
https://www.ubereats.com/philadelphia/food-delivery/tonellis-pizza-pub/bbqcp6wgTseVPSfEE9KyOQ,warminster-pennsylvania
https://www.ubereats.com/philadelphia/food-delivery/301-bonefish-grill-1015-easton-rd/Fbl-vaOuRkWPY4Pyv1TJXw,warminster-pennsylvania
https://www.ubereats.com/philadelphia/food-delivery/taqueria-aguila/G0w9DFcQQIyImnhqtaW5RA,warminster-pennsylvania
https://www.ubereats.com/philadelphia/food-delivery/applebees-1745-easton-road/4OGaD4EuQ8-YjnlT9MeT9g,warminster-pennsylvania
https://www.ubereats.com/philadelphia/food-delivery/uno-pizzeria-warrington/VTRE60_ERIWiQgUwxVEkpw,warminster-pennsylvania
https://www.ubereats.com/philadelphia/food-delivery/tin-pan-alley-tavern/d0gpn3f9Q3yGg5k-V_kv1w,warminster-pennsylvania
https://www.ubereats.com/philadelphia/food-delivery/sals-pizza-of-warrington/Ie8UcMeURt2N7SFlsyScog,warminster-pennsylvania
https://www.ubereats.com/philadelphia/food-delivery/wawa-128-236-holland-st/nmafO24gQn2ChFMA-i8p6Q,warminster-pennsylvania
https://www.ubereats.com/philadelphia/food-delivery/perkins-restaurant-%26-bakery-warminster/2oY_DR_iTai-SPFcmv3amQ,warminster-pennsylvania
https://www.ubereats.com/philadelphia/food-delivery/qdoba-mexican-eats-100-welsh-rd/ijN1srTrSG2GTZM0NDCb6Q,warminster-pennsylvania
https://www.ubereats.com/philadelphia/food-delivery/manhattan-bagel-warrington/rpsEKQOPTRyNRoxjZEq9Gw,warminster-pennsylvania
https://www.ubereats.com/philadelphia/food-delivery/ritas-of-ambler-100-e-butler-ave/GiCdCsnrQHCxYstIlkUaJQ,warminster-pennsylvania
https://www.ubereats.com/philadelphia/food-delivery/iron-hill-brewery-%26-restaurant-north-wales/jdjg4rcdTNaTnB8HIkVbwA,warminster-pennsylvania
https://www.ubereats.com/philadelphia/food-delivery/mamma-mia-trattoria/oaM08RfxQiaZJ6eIB0nN5A,warminster-pennsylvania
https://www.ubereats.com/philadelphia/food-delivery/perkins-restaurant-%26-bakery-grant-ave/B-0_MA2iSQmYj8-EGw4BMA,warminster-pennsylvania
https://www.ubereats.com/philadelphia/food-delivery/hibachi-grill-and-buffet/FKsMnSavSiS1jibA4Q6-7A,warminster-pennsylvania
https://www.ubereats.com/philadelphia/food-delivery/water-wheel-tavern/PPNwqEpVTLan2kArFOHyGw,warminster-pennsylvania
https://www.ubereats.com/philadelphia/food-delivery/west-avenue-grille-jenkintown-restaurant-%26-catering/5PJCDgP4T9OROd0LDXxoKw,warminster-pennsylvania
https://www.ubereats.com/philadelphia/food-delivery/fountainside/T9MbHx3jT3auQPTCLB4OVQ,warminster-pennsylvania
https://www.ubereats.com/philadelphia/food-delivery/ritas-italian-ice-161-byberry-rd/mwW5_4bUQsSeUlqGSrEm8w,warminster-pennsylvania
https://www.ubereats.com/philadelphia/food-delivery/primohoagies-313-north-york-road/wIXy6PUfQLudVR7UbFRxWA,warminster-pennsylvania
https://www.ubereats.com/philadelphia/food-delivery/ban-ban-asian-bistro/UT3d03oeRt2gFR9n_yQzEg,warminster-pennsylvania
https://www.ubereats.com/philadelphia/food-delivery/the-pizza-pasta-house-ii/1hNTVjjXTKmwgHjzpfGi5A,warminster-pennsylvania
https://www.ubereats.com/philadelphia/food-delivery/teng-da-asian-fusion/KycXdGETRBKlJP51-Mmw7A,warminster-pennsylvania
https://www.ubereats.com/philadelphia/food-delivery/mcdonalds-southampton/z6Yhfs7OQq6Avuj9mKOiUg,warminster-pennsylvania
https://www.ubereats.com/philadelphia/food-delivery/manhattan-bagel-willow-grove-200-york-rd/vvd4PV8aSFqzRzLtTLmXmg,warminster-pennsylvania
https://www.ubereats.com/philadelphia/food-delivery/dunkin-1866-brownsville-rd/wEvPFa1FQYyWiN13VQwhrQ,warminster-pennsylvania
https://www.ubereats.com/philadelphia/food-delivery/bertuccis-860-bethlehem-pike/MwpQQuxfSfWbSyuDqY-JSw,warminster-pennsylvania
https://www.ubereats.com/philadelphia/food-delivery/wawa-8063-201-york-rd/_1-45jVdTWeygltbybStgg,warminster-pennsylvania
https://www.ubereats.com/philadelphia/food-delivery/dairy-queen-treat-622-welsh-rd/ra-VM1yzTl6D9A0V_fGVqQ,warminster-pennsylvania
https://www.ubereats.com/philadelphia/food-delivery/jersey-mikes-subs-182-w-street-rd/65bCSm7aR0C3U_3LdQJTtw,warminster-pennsylvania
https://www.ubereats.com/philadelphia/food-delivery/brick-house-tavern-%2B-tap-2402-easton-road/TOsDeLInRZ6uHAri3ENRuA,warminster-pennsylvania
https://www.ubereats.com/philadelphia/food-delivery/fiddlers-green-tavern/a2ev58AZTauunUPKl59jpQ,warminster-pennsylvania
https://www.ubereats.com/philadelphia/food-delivery/chipotle-mexican-grill-1437-old-york-rd/wMoF5J6BRlmC_cVatZjO4A,warminster-pennsylvania
https://www.ubereats.com/philadelphia/food-delivery/slacks-hoagie-shack/YuynbPUxRKyops56TA28Lw,warminster-pennsylvania
https://www.ubereats.com/philadelphia/food-delivery/turning-point-of-north-wales/UQW3LyJISviGz9t46lgdZg,warminster-pennsylvania
https://www.ubereats.com/philadelphia/food-delivery/dunkin-628-w-maple-ave/4CbtP7ufTZ6CXyGq8b9d9g,warminster-pennsylvania
https://www.ubereats.com/philadelphia/food-delivery/moes-southwest-grill-648-easton-rd/HXsanlCpToC5R5mKjryuyA,warminster-pennsylvania
https://www.ubereats.com/philadelphia/food-delivery/ritas-water-ice-warrington/zMRag_tHQ2ut5kp9zYLxKg,warminster-pennsylvania
https://www.ubereats.com/philadelphia/food-delivery/the-union-tap/8sMlCu9lSHunyx_SVCIJ-Q,warminster-pennsylvania
https://www.ubereats.com/philadelphia/food-delivery/the-lucky-well/BcmMn0UqT3Sh-g4hh-j6dg,warminster-pennsylvania
https://www.ubereats.com/philadelphia/food-delivery/lucky-7-fried-chicken/Q6kq7689TBe3W-BoqjRhBA,warminster-pennsylvania
https://www.ubereats.com/philadelphia/food-delivery/starbucks-170-w-street-road-feasterville/YMvk0e1LQi6K7A_ZYqvVvg,warminster-pennsylvania
https://www.ubereats.com/philadelphia/food-delivery/metro-diner-bensalem/-cbGUv7QSbOD5MKCIv0-tA,warminster-pennsylvania
https://www.ubereats.com/philadelphia/food-delivery/lees-hoagie-house-southampton/_YYPmJXeTCmty1MsA7pxQg,warminster-pennsylvania
https://www.ubereats.com/philadelphia/food-delivery/chipotle-mexican-grill-1673-limekiln-pike/LEBDp9VpSIKU3EY4Nbehzw,warminster-pennsylvania
https://www.ubereats.com/philadelphia/food-delivery/dunkin-1715-s-easton-rd/A2NLC3EfRTC9j9tVTEo7Dw,warminster-pennsylvania
https://www.ubereats.com/philadelphia/food-delivery/osteria-saporino/74stAe7uRp-9o_PMBEcfvA,warminster-pennsylvania
https://www.ubereats.com/philadelphia/food-delivery/lees-hoagie-house/Uk9K-t_mQxixZf6FpU9Syw,warminster-pennsylvania
https://www.ubereats.com/philadelphia/food-delivery/poke-bros-warrington/kKzpuVmGQhu2RJKCm4N1TA,warminster-pennsylvania
https://www.ubereats.com/philadelphia/food-delivery/mcdonalds-warrington-pa-metro-drive/JX-mp1-GRfelZ1X9zxmu2Q,warminster-pennsylvania
https://www.ubereats.com/philadelphia/food-delivery/osaki/sHdX5bX_StiZNFCutESjOw,warminster-pennsylvania
https://www.ubereats.com/philadelphia/food-delivery/taco-bell-1700-n-broad-st/6kt9oUhxQ7yJR2WYTVXmOw,warminster-pennsylvania
https://www.ubereats.com/philadelphia/food-delivery/wendys-1710-limekiln-pike/SJg5fj6-QYG9OPHQAFbyxw,warminster-pennsylvania
https://www.ubereats.com/philadelphia/food-delivery/philly-pretzel-factory-glenside/NsF67kMFQEmyc5rCsJ5z0Q,warminster-pennsylvania
https://www.ubereats.com/philadelphia/food-delivery/ritas-of-chalfont/giJRT4W-RrqXNVe2h95riA,warminster-pennsylvania
https://www.ubereats.com/philadelphia/food-delivery/benny-the-bums/c8iEvhtxQM6BuBwAYMD9SQ,warminster-pennsylvania
https://www.ubereats.com/philadelphia/food-delivery/krispy-krunchy-chicken-easton-road/-VW71Nt5QK28EesZ_EZzWw,warminster-pennsylvania
https://www.ubereats.com/philadelphia/food-delivery/vic-sushi-%26-thai-cuisine/ZdN3xrcuRqaDBTfoipzhNg,warminster-pennsylvania
https://www.ubereats.com/philadelphia/food-delivery/auntie-annes-2500-w-moreland-rd-ste-fc1/Q7GJjUg9Qp-9JEMZeqQdTQ,warminster-pennsylvania
https://www.ubereats.com/philadelphia/food-delivery/saladworks-feasterville/naVeV9rcRlqU_Jn-Hc0eBw,warminster-pennsylvania
https://www.ubereats.com/philadelphia/food-delivery/rice-and-curry/wG7xX15XT1-4nZ9337sglg,warminster-pennsylvania
https://www.ubereats.com/philadelphia/food-delivery/state-street-kitchen/uVydSHVfRLCHNpeMnfFlgA,warminster-pennsylvania
https://www.ubereats.com/philadelphia/food-delivery/red-lion-diner-%26-cafe-llc/M4hMDldsSM-NVFIcREytvw,warminster-pennsylvania
https://www.ubereats.com/philadelphia/food-delivery/ristorante-saporino/MqqNGPT-TgqYR2qI0XvtOQ,warminster-pennsylvania
https://www.ubereats.com/philadelphia/food-delivery/la-strada-italian-restaurant-byo/jiBexhVbQW6g-VW4VlFO8A,warminster-pennsylvania
https://www.ubereats.com/philadelphia/food-delivery/dunkin-618-welsh-rd/thBRf6BTRb6bDY6mso7X-A,warminster-pennsylvania
https://www.ubereats.com/philadelphia/food-delivery/dunkin-110-e-street-rd/2YdUxuGTRA2afGY1y0NmZQ,warminster-pennsylvania
https://www.ubereats.com/philadelphia/food-delivery/hg-warrington-pizza/mB-BvlT0TbegppjfGU7EkQ,warminster-pennsylvania
https://www.ubereats.com/philadelphia/food-delivery/buutchiis-grille-llc/NX-aB4KtS4mVIkjogTI0_w,warminster-pennsylvania
https://www.ubereats.com/philadelphia/food-delivery/panera-1521-main-street/gmJSTt0dQJSFib5glVq_eA,warminster-pennsylvania
https://www.ubereats.com/philadelphia/food-delivery/judah-mediterranean-grill/QBDHDS9lSTW42C87UByTHA,warminster-pennsylvania
https://www.ubereats.com/philadelphia/food-delivery/dunkin-334-easton-rd/HYanuPGGQfKMuCh3uhznnw,warminster-pennsylvania
https://www.ubereats.com/philadelphia/food-delivery/carrabbas-2575-maryland-road/7gTahVdOTxmskc3kcod0XQ,warminster-pennsylvania
https://www.ubereats.com/philadelphia/food-delivery/palermos-pizza/RV0rUW1jRJOsi0pihxumsA,warminster-pennsylvania
https://www.ubereats.com/philadelphia/food-delivery/la-corita-taco-shop/7eO4vQt5SH2N6vzJiPyjeQ,warminster-pennsylvania
https://www.ubereats.com/philadelphia/food-delivery/las-margaritas-southampton/7p7ef25kRderuUH5XAcvLA,warminster-pennsylvania
https://www.ubereats.com/philadelphia/food-delivery/station-wing-house/1XiwqYnLR8iGSdkuXBsGtQ,warminster-pennsylvania
https://www.ubereats.com/philadelphia/food-delivery/manhattan-bagel-north-wales/IlAxHuFqT2qowRka9Lf8FA,warminster-pennsylvania
https://www.ubereats.com/philadelphia/food-delivery/subway-100-e-street-rd/N_OG3iSAS2CplVllJmtX6g,warminster-pennsylvania
https://www.ubereats.com/philadelphia/food-delivery/chipotle-mexican-grill-25-w-street-rd/Tx1JzzLpTL665TyPvHgg1g,warminster-pennsylvania
https://www.ubereats.com/philadelphia/food-delivery/wawa-8055-549-w-street-rd/8DKaIS5eT0GjV0gejYTGTQ,warminster-pennsylvania
https://www.ubereats.com/philadelphia/food-delivery/dunkin-2618-easton-rd/u-5ZB3LuRBupOUZmHzpa1w,warminster-pennsylvania
https://www.ubereats.com/philadelphia/food-delivery/smokey-bones-north-wales/oTRtp416TGawdZJIHDUK1Q,warminster-pennsylvania
https://www.ubereats.com/philadelphia/food-delivery/dairy-queen-grill-%26-chill-922-2nd-street-pike/AGEboOydTRSZbFfHDloNrA,warminster-pennsylvania
https://www.ubereats.com/philadelphia/food-delivery/subway-willow-grove/fTlnEm3dRPKEKN3g3hS5Hg,warminster-pennsylvania
https://www.ubereats.com/philadelphia/food-delivery/dunkin-1625-kendarbren-dr/gIJbhzFUTT2w9ZN2qJAHjg,warminster-pennsylvania
https://www.ubereats.com/philadelphia/food-delivery/dunkin-1035-easton-rd/C2jH4b_nTAaWx5Gn8FQlaw,warminster-pennsylvania
https://www.ubereats.com/philadelphia/food-delivery/palace-of-asia-pa/Uhlq9fxeQOmt1Pt9OwdDUQ,warminster-pennsylvania
https://www.ubereats.com/philadelphia/food-delivery/dunkin-810-welsh-rd/SBtMWpfQT6qjq9ZpRAKuJQ,warminster-pennsylvania
https://www.ubereats.com/philadelphia/food-delivery/wing-spot/dljF6ceORyad0Gh3C1ONkw,warminster-pennsylvania
https://www.ubereats.com/philadelphia/food-delivery/jersey-mikes-subs-horsham-rd-%26-norristown-rd/murYTp0oTTmVKhE2F7wnSQ,warminster-pennsylvania
https://www.ubereats.com/philadelphia/food-delivery/the-greene-turtle-north-wales/gyTDHyfpTGaU1FoPR_C0Gw,warminster-pennsylvania
https://www.ubereats.com/philadelphia/food-delivery/wit-or-witout/6_gXFBQVQdqGVZwgd3r-nQ,warminster-pennsylvania
https://www.ubereats.com/philadelphia/food-delivery/kitchen-bar/cSUewXVIRGqYvdNExNvhNQ,warminster-pennsylvania
https://www.ubereats.com/philadelphia/food-delivery/ben-%26-irvs-delicatessen/Oj1nR5KFQfKqBtbr9SAKZw,warminster-pennsylvania
https://www.ubereats.com/philadelphia/food-delivery/dunkin-15-bustleton-pike/DGFw-dEVSEymWNPNQjIxzw,warminster-pennsylvania
https://www.ubereats.com/philadelphia/food-delivery/five-guys-pa-1146-125-e-street-rd/0BgNIPl5TYe3qR4YIqIq7g,warminster-pennsylvania
https://www.ubereats.com/philadelphia/food-delivery/chick-fil-a-160-easton-rd/hKuts3PDQLKfFKuVHy4TDw,warminster-pennsylvania
https://www.ubereats.com/philadelphia/food-delivery/lees-hoagie-house/bOJd182sSlmsC_DrCzRp9Q,warminster-pennsylvania
https://www.ubereats.com/philadelphia/food-delivery/royal-ashoka-regional-cuisine-of-india/JiDFkPesRW--e1ICGVBy7w,warminster-pennsylvania
https://www.ubereats.com/philadelphia/food-delivery/sams-pizza-and-bistro/_zXd-6UlRlqmhu0deZ7Brg,warminster-pennsylvania
https://www.ubereats.com/philadelphia/food-delivery/mama-thai/mB386RwoRnmo_eHBL26ONg,warminster-pennsylvania
https://www.ubereats.com/philadelphia/food-delivery/cj-custom-american-grille/aohoMTwjTK64ZreKa-50eQ,warminster-pennsylvania
https://www.ubereats.com/philadelphia/food-delivery/lepore-ba-q/p4HaJz_iR3-jUOfoP8-fFA,warminster-pennsylvania
https://www.ubereats.com/philadelphia/food-delivery/outback-steakhouse-610-old-york-road/afo0PHPqStybgteLv_nqPQ,warminster-pennsylvania
https://www.ubereats.com/philadelphia/food-delivery/andale-latino-grill/Cm5jtUriRrerjbcJHhVKvA,warminster-pennsylvania
https://www.ubereats.com/philadelphia/food-delivery/cafe-cabana/TSXwaq5ZTF-1w4EZgOfypQ,warminster-pennsylvania
https://www.ubereats.com/philadelphia/food-delivery/ihop-150-easton-rd/4JIwy0PfTCSWxhXz_fKleA,warminster-pennsylvania
https://www.ubereats.com/philadelphia/food-delivery/sopranos-pizzeria/5fUgX381RpKtcry4crRyyQ,warminster-pennsylvania
https://www.ubereats.com/philadelphia/food-delivery/kfc-32-airport-square/Uy5-r6EoSJqybsNrzucgWQ,warminster-pennsylvania
https://www.ubereats.com/philadelphia/food-delivery/poke-bros-feasterville/x-boowCITN-kqneIOM7LsQ,warminster-pennsylvania
https://www.ubereats.com/philadelphia/food-delivery/manhattan-bagel-hatboro/NRVTeaarTDix0p9BRa1NGA,warminster-pennsylvania
https://www.ubereats.com/philadelphia/food-delivery/jamba-juice-willow-grove/lY6ijJQ5S0OwfmNeHuWTfQ,warminster-pennsylvania
https://www.ubereats.com/philadelphia/food-delivery/ritas-italian-ice-790-edison-furlong-rd/W2i1av9GQJCuUcq-CX6Haw,warminster-pennsylvania
https://www.ubereats.com/philadelphia/food-delivery/saladworks-willow-grove/UmO3JvURQGi0OwI3RUJ-yw,warminster-pennsylvania
https://www.ubereats.com/philadelphia/food-delivery/white-elephant-restaurant/Dwe1MhU3RqSQwVFYYQc-Cg,warminster-pennsylvania
https://www.ubereats.com/philadelphia/food-delivery/zoes-kitchen-151-york-road/kmO6K3fMQyWZGf6PEpQmVQ,warminster-pennsylvania
https://www.ubereats.com/philadelphia/food-delivery/bethel-cafe/h6KpVFk5T4K4BwXnCnpueg,warminster-pennsylvania
https://www.ubereats.com/philadelphia/food-delivery/kurinji-indian-cuisine/eyGJ2ILVTRehyi08hZPGqA,warminster-pennsylvania
https://www.ubereats.com/philadelphia/food-delivery/krispy-krunchy-chicken-808-south-york-road/B7TLdQ2nQy-QOeDvHZCbYw,warminster-pennsylvania
https://www.ubereats.com/philadelphia/food-delivery/chipotle-mexican-grill-1513-main-st-bldg-500a/M8Ntzkl0QquYt5a32kQ1AA,warminster-pennsylvania
https://www.ubereats.com/philadelphia/food-delivery/asian-cafe/iiAlY_NORNe_f2YDXloOhg,warminster-pennsylvania
https://www.ubereats.com/philadelphia/food-delivery/mizu-sushi-%26-hibachi/tOuVtarpSUuDeKGJQu2n6Q,warminster-pennsylvania
https://www.ubereats.com/philadelphia/food-delivery/dunkin-191-e-butler-ave/VoV2JoirS8O8qVrhVEUFQQ,warminster-pennsylvania
https://www.ubereats.com/philadelphia/food-delivery/first-watch-abington/tMwBvhuvSX2V3PsEw6oC-g,warminster-pennsylvania
https://www.ubereats.com/philadelphia/food-delivery/coachs-steak-and-hoagie-house/G4oxqX8vQbCrs7HqWAGE2w,warminster-pennsylvania
https://www.ubereats.com/philadelphia/food-delivery/primohoagies-210-pennbrook-parkway/g-Znah3nR_S_u31cPBKYvw,warminster-pennsylvania
https://www.ubereats.com/philadelphia/food-delivery/millers-ale-house-willow-grove/KErX-VGgTUaUwzSpkyCUkw,warminster-pennsylvania
https://www.ubereats.com/philadelphia/food-delivery/308-bonefish-grill-27-airport-square/76ljJcjKTDCO6vPr001v1Q,warminster-pennsylvania
https://www.ubereats.com/philadelphia/food-delivery/mcdonalds-warwick/5RpnvRTORIKhr7UOJLA0Tw,warminster-pennsylvania
https://www.ubereats.com/philadelphia/food-delivery/bbq-chicken-north-wales-pa/Z7OFHedfTOieA1qkJnhowg,warminster-pennsylvania
https://www.ubereats.com/philadelphia/food-delivery/playa-bowls-doylestown/e9YDnycDT3qubChNaCHY9Q,warminster-pennsylvania
https://www.ubereats.com/philadelphia/food-delivery/the-ice-cream-shop/nOS9xjjvQAGHCcJtWDcU_A,warminster-pennsylvania
https://www.ubereats.com/philadelphia/food-delivery/306-bonefish-grill-500-oxford-valley-road/rxT27hEkRjiN6Y3LOcg0AQ,warminster-pennsylvania
https://www.ubereats.com/philadelphia/food-delivery/the-market-at-village-shires/6KND3k36SXmIpqZkyGA37A,warminster-pennsylvania
https://www.ubereats.com/philadelphia/food-delivery/gallo-tropical/KSLDaLhPQKOUWSkJrVQLRw,warminster-pennsylvania
https://www.ubereats.com/philadelphia/food-delivery/rakkii-ramen-doylestown/FtOOtrC8RT2jJ4TLv9Xfzg,warminster-pennsylvania
https://www.ubereats.com/philadelphia/food-delivery/ritas-italian-ice/Axe3HGfrQy6xtlIKwcCZMg,warminster-pennsylvania
https://www.ubereats.com/philadelphia/food-delivery/masala-zone/QPirlIvRR5WdXHT9UZi5QA,warminster-pennsylvania
https://www.ubereats.com/philadelphia/food-delivery/sum-pig/c7dmYB3IRUON76H2ntM0Rw,warminster-pennsylvania
https://www.ubereats.com/philadelphia/food-delivery/boston-market-1776-old-york-road/0whafL0hRwGH6o4TQTB1Gw,warminster-pennsylvania
https://www.ubereats.com/philadelphia/food-delivery/chipotle-mexican-grill-569-n-main-st/2KsOLCifSXusmgCP_Zxk1Q,warminster-pennsylvania
https://www.ubereats.com/philadelphia/food-delivery/2nd-street-bagels/rra-NcKxTZqbcGIIAoekXA,warminster-pennsylvania
https://www.ubereats.com/philadelphia/food-delivery/manhattan-bagel-philadelphia/IGP9uerXTK6zq5vi848CXg,warminster-pennsylvania
https://www.ubereats.com/philadelphia/food-delivery/macaronis/yAsbPvhDR2O8M2m8m2wadg,warminster-pennsylvania
https://www.ubereats.com/philadelphia/food-delivery/papa-johns-easton-road/KNOoOdgIR5eXapJ8urY3Yw,warminster-pennsylvania
https://www.ubereats.com/philadelphia/food-delivery/costa-burger-bar/UZcx0LQ0QNyf9dBQYO-v6w,warminster-pennsylvania
https://www.ubereats.com/philadelphia/food-delivery/tonys-place-bar-%26-grille/9GeVnXAvRherjP4ZRiAysA,warminster-pennsylvania
https://www.ubereats.com/philadelphia/food-delivery/robbys-wraps/21JGAaX3RdaPOwB_tDQRCQ,warminster-pennsylvania
https://www.ubereats.com/philadelphia/food-delivery/kfc-1865-easton-rd/XP-pI0CrSg-Y3ap6tXSsPA,warminster-pennsylvania
https://www.ubereats.com/philadelphia/food-delivery/saladworks-314-horsham-road/mGwEdvhpTGCd4Nq417UJ2Q,warminster-pennsylvania
https://www.ubereats.com/philadelphia/food-delivery/chipotle-mexican-grill-2940-s-eagle-rd/HN0tv6GuTiWFGFLCObdkkA,warminster-pennsylvania
https://www.ubereats.com/philadelphia/food-delivery/mythai-kitchen/A-96meu8QOOJ2DCHq9qNuA,warminster-pennsylvania
https://www.ubereats.com/philadelphia/food-delivery/ritas-italian-ice-29-31-easton-rd/2JY_yGYYQdOH530M0V03zA,warminster-pennsylvania
https://www.ubereats.com/philadelphia/food-delivery/dunkin-1250-easton-rd/SVQ5JeCNSjuPI7NOexdN8A,warminster-pennsylvania
https://www.ubereats.com/philadelphia/food-delivery/enigma-mediterranean-turkish-cuisine/DoEkuO3PSVuhK5ka4SqqfQ,warminster-pennsylvania
https://www.ubereats.com/philadelphia/food-delivery/perkins-4319-swamp-road/nQoALszAQWyE-5xkz_SCZg,warminster-pennsylvania
https://www.ubereats.com/philadelphia/food-delivery/woks-cooking/SB95yaRATnK7goED0IKbYA,warminster-pennsylvania
https://www.ubereats.com/philadelphia/food-delivery/dunkin-1109-bethlehem-pike/kn9h8Q3qTi-MxCaQOqDuGw,warminster-pennsylvania
https://www.ubereats.com/philadelphia/food-delivery/playa-bowls-newtown/OwWmcHsXTvm_MpXNc2FlwA,warminster-pennsylvania
https://www.ubereats.com/philadelphia/food-delivery/grandmas-grotto/BUMl_KDjRWKibvfTXd8PNQ,warminster-pennsylvania
https://www.ubereats.com/philadelphia/food-delivery/oreland-pizza/gKL1wmVtRAmaxn1jodnWHA,warminster-pennsylvania
https://www.ubereats.com/philadelphia/food-delivery/ritas-of-lansdale/JYDfVzEsTDuFBlG1Q-ebLA,warminster-pennsylvania
https://www.ubereats.com/philadelphia/food-delivery/brusters-real-ice-cream-1502-brownsville-rd/lBn9Oz3mTzqYuPaaiYp4qw,warminster-pennsylvania
https://www.ubereats.com/philadelphia/food-delivery/sonic-2405-easton-road/feWaXx51Qw-B6mavrS006w,warminster-pennsylvania
https://www.ubereats.com/philadelphia/food-delivery/mcdonalds-philly-bustleton/83WVPuKlTjewEOM3CYsfyg,warminster-pennsylvania
https://www.ubereats.com/philadelphia/food-delivery/moose-%26-goose-barbecue/NJedSYZKTmCxNIpI5HhSLg,warminster-pennsylvania
https://www.ubereats.com/philadelphia/food-delivery/pancheros-mexican-grill-1105-n-bethlehem-pike/XTJ_u42pQSCspdEnm_mTnA,warminster-pennsylvania
https://www.ubereats.com/philadelphia/food-delivery/pizza-slob/_Iv90bpJS5qBNS2A2hZXkQ,warminster-pennsylvania
https://www.ubereats.com/philadelphia/food-delivery/dunkin-1713-limekiln-pike/664dXKWvQ3SecJo2owJ9bg,warminster-pennsylvania
https://www.ubereats.com/philadelphia/food-delivery/mister-ricks/qzcbNcZiREW3tkSDhEtmUg,warminster-pennsylvania
https://www.ubereats.com/philadelphia/food-delivery/philly-pretzel-factory-southampton/pdk9jyCDSv-_vhC4P8yC5Q,warminster-pennsylvania
https://www.ubereats.com/philadelphia/food-delivery/the-sweet-taco-willow-grove/-3Hmbuu1TvW6wB-MGCcmyA,warminster-pennsylvania
https://www.ubereats.com/philadelphia/food-delivery/bocellis-restaurant/On9iqgxrQheIFq3QumoWxA,warminster-pennsylvania
https://www.ubereats.com/philadelphia/food-delivery/sushi-x/yQjnGNvoRZ2ftArHUvgcUA,warminster-pennsylvania
https://www.ubereats.com/philadelphia/food-delivery/sol-luna-tea-room-and-hookah-lounge/RmlCYIHKQO2G5BS7ZLohEA,warminster-pennsylvania
https://www.ubereats.com/philadelphia/food-delivery/starbucks-upper-southampton/ClBHErSCSjmyV72Icm9stw,warminster-pennsylvania
https://www.ubereats.com/philadelphia/food-delivery/wawa-8047-10901-bustleton-pike/1NbadWBSRBy7KNBz4aeztg,warminster-pennsylvania
https://www.ubereats.com/philadelphia/food-delivery/taco-bell-430-york-rd/_mik6oYzToik9YXDmtRYxQ,warminster-pennsylvania
https://www.ubereats.com/philadelphia/food-delivery/bertuccis-huntingdon-valley/MWTeYsGrSVKEGx7GxAzCJQ,warminster-pennsylvania
https://www.ubereats.com/philadelphia/food-delivery/the-burger-experience-252-montgomery-mall/WZCy14O1RO-8ApKhCVyNjg,warminster-pennsylvania
https://www.ubereats.com/philadelphia/food-delivery/wendys-813-east-county-line-road/iaoJpuEmRf2Osgbfd1dsMQ,warminster-pennsylvania
https://www.ubereats.com/philadelphia/food-delivery/logans-gourmet-pizzeria-%26-grill/shhSAYWjTM2sZQA7X6GW3w,warminster-pennsylvania
https://www.ubereats.com/philadelphia/food-delivery/manhattan-bagel-5-e-butler-ave/y-_malKARYaPDybfmD2KYQ,warminster-pennsylvania
https://www.ubereats.com/philadelphia/food-delivery/applebees-1063-east-street-road/Df2IWcC6QJyI2OX1iBKgWg,warminster-pennsylvania
https://www.ubereats.com/philadelphia/food-delivery/pops-bagels/x8i0R4z9R6uS4vHx-7_Uhg,warminster-pennsylvania
https://www.ubereats.com/philadelphia/food-delivery/dunkin-937-easton-rd/edDwKCu9SQm-z_jVVW55JA,warminster-pennsylvania
https://www.ubereats.com/philadelphia/food-delivery/wing-squad-montgomeryville/NoOPSNzxQzyOAWU8sVEEfw,warminster-pennsylvania
https://www.ubereats.com/philadelphia/food-delivery/saladworks-warminster/HfeNSm-zQ22lcgSmguUwDw,warminster-pennsylvania
https://www.ubereats.com/philadelphia/food-delivery/starbucks-warminster/07pkSIg2SiabxVB7tTeduQ,warminster-pennsylvania
https://www.ubereats.com/philadelphia/food-delivery/outback-steakhouse-3240-tillman-drive/gJrkToqPRiyh5HMGFvc4_w,warminster-pennsylvania
https://www.ubereats.com/philadelphia/food-delivery/costa-steaks/nrK1pymiS6KcR-1GVBpLUQ,warminster-pennsylvania
https://www.ubereats.com/philadelphia/food-delivery/2nd-street-pike-grill/O5mF--2rRse6F4iwLYwYSQ,warminster-pennsylvania
https://www.ubereats.com/philadelphia/food-delivery/kumo-asian-bistro-1460-bethlehem-pike/4-nDjwh_QXy2o_ZngIApDw,warminster-pennsylvania
https://www.ubereats.com/philadelphia/food-delivery/manhattan-bagel-401-south-broad-street/7-3XIqXESUa-ZhuG-Ut4ng,warminster-pennsylvania
https://www.ubereats.com/philadelphia/food-delivery/ritas-italian-ice-14-swamp-rd/lvmcpzWnSd-SOCQxjU8uew,warminster-pennsylvania
https://www.ubereats.com/philadelphia/food-delivery/don-chile-mexican-restaurant/dVwpKsuKQKGcx7I3FPJIBg,warminster-pennsylvania
https://www.ubereats.com/philadelphia/food-delivery/montys-sandwich-shop/dDm-Jb46T2GTx5wE_XzWMw,warminster-pennsylvania
https://www.ubereats.com/philadelphia/food-delivery/wayback-burgers-butler-ave/sSi59lElQuSoq9XMMbVTBw,warminster-pennsylvania
https://www.ubereats.com/philadelphia/food-delivery/turning-point-of-warrington/llGjNc5ERFi7sbaXqT6NlQ,warminster-pennsylvania
https://www.ubereats.com/philadelphia/food-delivery/corner-bakery-cafe-100-welsh-rd/XbFtpIakSx6gucYxJCHs9w,warminster-pennsylvania
https://www.ubereats.com/philadelphia/food-delivery/luhv-vegan-bistro/u7jw7j4kSS-W3rcTz-_Qpw,warminster-pennsylvania
https://www.ubereats.com/philadelphia/food-delivery/gabbys-banh-mi-shop/jFfaUmmMQVqf_2Drapn2Pw,warminster-pennsylvania
https://www.ubereats.com/philadelphia/food-delivery/dreams-ice-cream-at-glenside/YZwsm367TxqpcI9O_7cfkA,warminster-pennsylvania
https://www.ubereats.com/philadelphia/food-delivery/warminster-west-diner-%26-restaurant/18r0Bh7zSc-K7am4gEf69w,warminster-pennsylvania
https://www.ubereats.com/philadelphia/food-delivery/krispy-krunchy-chicken/TAVKDc4XT_C7ZEeVnvs2DQ,warminster-pennsylvania
https://www.ubereats.com/philadelphia/food-delivery/taco-bell-909-2nd-street-pike/5O40jaP3TNaKkRkV_poKKw,warminster-pennsylvania
https://www.ubereats.com/philadelphia/food-delivery/joe-%26-tinas-pizzeria-iii/gwnxxRgjQsOyGXVqw_ziTA,warminster-pennsylvania
https://www.ubereats.com/philadelphia/food-delivery/pf-changs-721-easton-rd/F2qADMHmRxa5mM4wbBnPXg,warminster-pennsylvania
https://www.ubereats.com/philadelphia/food-delivery/little-istanbul-restaurant/A1xwfjbFRe6EU96KYgBndw,warminster-pennsylvania
https://www.ubereats.com/philadelphia/food-delivery/lees-hoagie-house/h4DQXGTwQ1-VCT8ivHJ7OA,warminster-pennsylvania
https://www.ubereats.com/philadelphia/food-delivery/mt-fuji-japanese-food-%26-steak/NFakDObITJS367rGC4Ox3A,warminster-pennsylvania
https://www.ubereats.com/philadelphia/food-delivery/mt-fuji-hibachi-%26-asian-bistro/UkwJ0MKTQoerMikRDmPY6A,warminster-pennsylvania
https://www.ubereats.com/philadelphia/food-delivery/bonnet-lane/3Ve7qjwfT_Sh93XYzbBvJw,warminster-pennsylvania
https://www.ubereats.com/philadelphia/food-delivery/chick-fil-a-45-w-street-rd/EPUJtkiqTx6mQOHFo23KSg,warminster-pennsylvania
https://www.ubereats.com/philadelphia/food-delivery/nutz-about-popcorn/QtGwJAC-RkGbYjOYMPbKDA,warminster-pennsylvania
https://www.ubereats.com/philadelphia/food-delivery/firebirds-wood-fired-grill-1220-bethlehem-pike/ewt5vtziSFibdJiyNmc9EA,warminster-pennsylvania
https://www.ubereats.com/philadelphia/food-delivery/c-%26-d-deli/xLcrnpXaQRKX_bEhIGb5YA,warminster-pennsylvania
https://www.ubereats.com/philadelphia/food-delivery/cold-stone-4013-welsh-road/VrsxcxfAT12GBVtCpa4gyA,warminster-pennsylvania
https://www.ubereats.com/philadelphia/food-delivery/saladworks-valley-square/zyprl7awSPuERa_5OK0R8w,warminster-pennsylvania
https://www.ubereats.com/philadelphia/food-delivery/dunkin-2112-county-line-rd/yRek9q1JRGqZZcnTkhrW4g,warminster-pennsylvania
https://www.ubereats.com/philadelphia/food-delivery/pats-select-pizza-%7C-grill-warrington/bOVOxFwrQJiKKQAmXYGl8Q,warminster-pennsylvania
https://www.ubereats.com/philadelphia/food-delivery/cafe-ole-in-the-valley/KcLtzcOAQU-PEu3KPv0VNQ,warminster-pennsylvania
https://www.ubereats.com/philadelphia/food-delivery/asia-mix-restaurant/-q8_g01zTt6buxJlijKW0w,warminster-pennsylvania
https://www.ubereats.com/philadelphia/food-delivery/uva/P7mA8PSsSZGdGqHE5uSGIg,warminster-pennsylvania
https://www.ubereats.com/philadelphia/food-delivery/vic-sushi-%26-thai-cuisine/l0n8ZfeNQL2EfLN8mFFdFQ,warminster-pennsylvania
