url,city
https://www.ubereats.com/macon/food-delivery/mcdonalds-1879-watson-blvd/pQL_ywwBQ4a7d1bXW-COEw,warner-robins-georgia
https://www.ubereats.com/macon/food-delivery/moes-southwest-grill-2628-watson-blvd-suite-a-b/dyiIjf8NQQa3nhCQL44Aig,warner-robins-georgia
https://www.ubereats.com/macon/food-delivery/ruby-tuesday-101-rigby-dr/ghdYRm8tSCS79K3j9ZtAPQ,warner-robins-georgia
https://www.ubereats.com/macon/food-delivery/mcdonalds-3133-watson-blvd/yi7uHzR7SSmrLfGrcH5i1Q,warner-robins-georgia
https://www.ubereats.com/macon/food-delivery/atlanta-bread-2624-a-watson-blvd-ste-a/4AR3C7nhSUOS0KuzrApEXw,warner-robins-georgia
https://www.ubereats.com/macon/food-delivery/arbys-2061-watson-blvd/hOYBKJRZQ_6-iaWYXBqrrg,warner-robins-georgia
https://www.ubereats.com/macon/food-delivery/which-wich-superior-sandwiches-670-lake-joy-rd-%23150/rH2QdNQtSEOfX_0QSvm8Ng,warner-robins-georgia
https://www.ubereats.com/macon/food-delivery/sno-biz-russell-pkwy/PO3b8bPqR7aoO2lur1_GGg,warner-robins-georgia
https://www.ubereats.com/macon/food-delivery/greek-village/Lg63SKJ9TxqY6ZEm-twdFQ,warner-robins-georgia
https://www.ubereats.com/macon/food-delivery/shanes-rib-shack-2907-watson-blvd-stcc/nhcyH-PRTgSuAW2aC-uUzA,warner-robins-georgia
https://www.ubereats.com/macon/food-delivery/mcdonalds-123-russell-pky/EHc_q8mrS06bDfKNtq8V3w,warner-robins-georgia
https://www.ubereats.com/macon/food-delivery/logans-roadhouse-410-2701-watson-boulevard/BP-MCY0QTdqp4ml3reXZQw,warner-robins-georgia
https://www.ubereats.com/macon/food-delivery/mcdonalds-793-e-hwy-96/2TvoSryPQTuEeGduc05VAA,warner-robins-georgia
https://www.ubereats.com/macon/food-delivery/hardees-1501985/iFsPoHXZRbGGYudOwdaK0Q,warner-robins-georgia
https://www.ubereats.com/macon/food-delivery/tap-and-pour/zsXGlxrBRbaxJlZ88UJO0w,warner-robins-georgia
https://www.ubereats.com/macon/food-delivery/zaxbys-401-n-davis-dr/Bnm3pbAzQcC89ZjrVVC0KA,warner-robins-georgia
https://www.ubereats.com/macon/food-delivery/taco-bell-829-russell-pkwy/GgSn3zrLTTuInuYVFkfATg,warner-robins-georgia
https://www.ubereats.com/macon/food-delivery/papa-johns-100-north-houston-lake-boulevard-ste-h/NvMKRjjPT4qu3wgAuWmg0w,warner-robins-georgia
https://www.ubereats.com/macon/food-delivery/cracker-barrel-old-country-store-2700-watson-blvd/trCRpNnqS2WGVujUJ7Xhcw,warner-robins-georgia
https://www.ubereats.com/macon/food-delivery/menchies-frozen-yogurt-3030-watson-blvd/_qwjwHmRQoKk_TRFiubTXw,warner-robins-georgia
https://www.ubereats.com/macon/food-delivery/sonic-112-russell-parkway/_9P3DivyRRSob-Rze4tAlw,warner-robins-georgia
https://www.ubereats.com/macon/food-delivery/my-grandmas-empanadas/nyL2_SIjRmCvXA6MdYu-7Q,warner-robins-georgia
https://www.ubereats.com/macon/food-delivery/wendys-2925-watson-road/RxFOhEFlQqyeDu-gvsceFg,warner-robins-georgia
https://www.ubereats.com/macon/food-delivery/decadent-coffee-and-dessert-bar/lhEAHpF0QMyig6AmcpS2jA,warner-robins-georgia
https://www.ubereats.com/macon/food-delivery/taco-bell-419-n-davis-dr/9OrM8musR2GRXrcrnhUkmQ,warner-robins-georgia
https://www.ubereats.com/macon/food-delivery/hardees-1500380/UNcLGqf6Tq2zxN0u1kV5CA,warner-robins-georgia
https://www.ubereats.com/macon/food-delivery/choice-pizzeria/ma7VqiICQ3qYHYo-vmrzkQ,warner-robins-georgia
https://www.ubereats.com/macon/food-delivery/shanghai-chinese-restaurant-watson-blvd/y6vxGl8tR_--aRSXBPRm7A,warner-robins-georgia
https://www.ubereats.com/macon/food-delivery/dunkin-866-ga-hwy-96-suite-101/swysuQ2GQu2R0p2YIFk_xw,warner-robins-georgia
https://www.ubereats.com/macon/food-delivery/applebees-314-russell-parkway-%2384043/bkq3MOs2TvS62npDMPUINQ,warner-robins-georgia
https://www.ubereats.com/macon/food-delivery/pita-mediterranean-street-food-warner-robins/zEplXAcEQkuhDxpFYQu45g,warner-robins-georgia
https://www.ubereats.com/macon/food-delivery/wendys-2105-moody-road/078B-x0zT_2oRziP2Fvztw,warner-robins-georgia
https://www.ubereats.com/macon/food-delivery/captain-ds-513-n-davis-dr/P94vXRB2SfmOaLg1aAV5VA,warner-robins-georgia
https://www.ubereats.com/macon/food-delivery/long-john-silvers-2000-watson-blvd/fJNXnFKTTmqZukkukqsOhA,warner-robins-georgia
https://www.ubereats.com/macon/food-delivery/meakan-japanese-sushi-and-steak-house/FQ03OV63TGi0-pN9r2fhIg,warner-robins-georgia
https://www.ubereats.com/macon/food-delivery/sonnys-bbq-811-russell-parkway/7vyA71MiRnGIRWwQS3wBYg,warner-robins-georgia
https://www.ubereats.com/macon/food-delivery/panera-2971-watson-blvd/00UEl59LTyOARWjnFRx9sw,warner-robins-georgia
https://www.ubereats.com/macon/food-delivery/del-taco-2766-watson-blvd/dlt0R2TDSkuLOKFMNZIEAQ,warner-robins-georgia
https://www.ubereats.com/macon/food-delivery/ocharleys-2990-watson-blvd/Ha45kvo5TcaOBUMpNT6hXA,warner-robins-georgia
https://www.ubereats.com/macon/food-delivery/sharks-fish-and-chicken/Ihk-rh1ZTlmHGwiGWIkuwg,warner-robins-georgia
https://www.ubereats.com/macon/food-delivery/fazolis-762-highway-96/SPEvLZ1OQdWMsfEnsv-z5Q,warner-robins-georgia
https://www.ubereats.com/macon/food-delivery/krystal-300-georgia-highway-49-n/tfiAzHCcSYS_usM1tZ3NuA,warner-robins-georgia
https://www.ubereats.com/macon/food-delivery/dunkin-825-russell-pkwy/SeNrW22vRpudh8YCXznT4A,warner-robins-georgia
https://www.ubereats.com/macon/food-delivery/zaxbys-2931-watson-blvd/ywpCw-j5Qq6a30Iv9PPogQ,warner-robins-georgia
https://www.ubereats.com/macon/food-delivery/tropical-smoothie-cafe-2764-watson-blvd/84bhGf_EQYiX7_2hg5Q6eg,warner-robins-georgia
https://www.ubereats.com/macon/food-delivery/mcdonalds-3000-russell-parkway/p0yCRcJwRemJIOxNIfEc9w,warner-robins-georgia
https://www.ubereats.com/macon/food-delivery/taco-bell-2719-watson-blvd/QIHCb0jqQiWbwhOc8ITr6A,warner-robins-georgia
https://www.ubereats.com/macon/food-delivery/five-guys-ga-0623-133-margie-dr/TF7sOvvKQoqPONtCy0Bx0Q,warner-robins-georgia
https://www.ubereats.com/macon/food-delivery/sonic-805-highway-96/5wenZ2uKTJW0dRUDiffguw,warner-robins-georgia
https://www.ubereats.com/macon/food-delivery/hardees-1506246/5TLFxzDZSC2ag5j6Qxvqug,warner-robins-georgia
https://www.ubereats.com/macon/food-delivery/firehouse-subs-206-russell-pkwy-ste-100/0b3cg8IiS56dmcGOlivDIQ,warner-robins-georgia
https://www.ubereats.com/macon/food-delivery/bojangles-famous-chicken-%26-biscuits-1287-850-ga-96/AWTVj99TTGyyUeEQdx3J8g,warner-robins-georgia
https://www.ubereats.com/macon/food-delivery/taco-bell-715-lake-joy-rd/YuCZSerFQI-SQ6XhvgMBFA,warner-robins-georgia
https://www.ubereats.com/macon/food-delivery/wendys-1295-south-houston-lake-rd/yM-W7QqKQSuQ0c1W2ac3BQ,warner-robins-georgia
https://www.ubereats.com/macon/food-delivery/food-company-qtime-barbeque/dVUpYcWaRCGb2lAmvFVS8g,warner-robins-georgia
https://www.ubereats.com/macon/food-delivery/popeyes-744-russell-pkwy/QqDKIgG9TeuGLgbt1n2RUg,warner-robins-georgia
https://www.ubereats.com/macon/food-delivery/curry-mantra-watson-blvd/hcDaJv-oSiSYxIpU1Et5lg,warner-robins-georgia
https://www.ubereats.com/macon/food-delivery/cold-stone-creamery-2628-watson-blvd/Gk-ZWgeUQ6W5WFw_pRydzg,warner-robins-georgia
https://www.ubereats.com/macon/food-delivery/popeyes-32000-watson-blvd/TmM1aaybRPKgy60xRDNCCw,warner-robins-georgia
https://www.ubereats.com/macon/food-delivery/kfc-409-n-davis-drive/8X0TmUvUQNKRjRHin4Bn5A,warner-robins-georgia
https://www.ubereats.com/macon/food-delivery/dairy-queen-grill-%26-chill-713-lake-joy-rd/JqSkehYmRNa1geZGiD2u8A,warner-robins-georgia
https://www.ubereats.com/macon/food-delivery/everyday-wings-n-things/pux5KXBFQra9WUZh83qKLQ,warner-robins-georgia
https://www.ubereats.com/macon/food-delivery/shells-seafood-express/lQT9sVAWRJWnVRsATjTdnA,warner-robins-georgia
https://www.ubereats.com/macon/food-delivery/krispy-kreme-2706-watson-blvd-ste-a/WHZp8aYqRlGl55gCiklhiw,warner-robins-georgia
https://www.ubereats.com/macon/food-delivery/panda-express-2743-watson-blvd/e2_E2vyTSB-_Hv9cIl04kA,warner-robins-georgia
https://www.ubereats.com/macon/food-delivery/buffalo-wild-wings-2926-watson-blvd/p9buJQicT_efU2Up2Dh1OA,warner-robins-georgia
https://www.ubereats.com/macon/food-delivery/popeyes-716-lake-joy-rd/4ototXz8Sc6s8FaVQSFuzQ,warner-robins-georgia
https://www.ubereats.com/macon/food-delivery/dairy-queen-grill-%26-chill-1214-watson-blvd/UetpE-cCS62txHj465_8dw,warner-robins-georgia
https://www.ubereats.com/macon/food-delivery/smallcakes-206-russell-pkwy/eH851NL5TaGhA6dxtPcjSw,warner-robins-georgia
https://www.ubereats.com/macon/food-delivery/shanes-rib-shack-670-lake-joy-rd/VYWuc_Y9R0mTQo0YpjbK1Q,warner-robins-georgia
https://www.ubereats.com/macon/food-delivery/qtime-barbecue-food-company/qCrT1E5CTva3CrSTmhu9zg,warner-robins-georgia
https://www.ubereats.com/macon/food-delivery/the-captains-boil-101-rigby-dr/u_woXnXOTFOCN1seUzs9lA,warner-robins-georgia
https://www.ubereats.com/macon/food-delivery/luis-mexican-food-grill/M97UvQ80QuCo-0BXTUKYwg,warner-robins-georgia
https://www.ubereats.com/macon/food-delivery/sonic-131-margie-drive/D9ROj9plR5GaKHILletKhA,warner-robins-georgia
https://www.ubereats.com/macon/food-delivery/churchs-chicken-1801-watson-blvd/dh9ryXF2RVqq4w3PrG8rxA,warner-robins-georgia
https://www.ubereats.com/macon/food-delivery/steak-n-shake-2999-watson-blvd/xD-D3LFJS0GxbNZcqvtbyA,warner-robins-georgia
https://www.ubereats.com/macon/food-delivery/china-buffet-russell-pkwy/6KGJqN63SyqcdtPuy5UHbg,warner-robins-georgia
https://www.ubereats.com/macon/food-delivery/shells-seafood-restaurant-russell-pkwy/BvKjT8gHSYmo-Su3tKrguA,warner-robins-georgia
https://www.ubereats.com/macon/food-delivery/chipotle-mexican-grill-133-margie-dr-ste-500/V7ZPycrHSJeAHlbhidqayw,warner-robins-georgia
https://www.ubereats.com/macon/food-delivery/krystal-1071-ga-hwy-96/gW-ZaVjLQoqixTDKN5wPQQ,warner-robins-georgia
https://www.ubereats.com/macon/food-delivery/cinnaholic-warner-robins/tN19uH2eS9mZT8Namliv-Q,warner-robins-georgia
https://www.ubereats.com/macon/food-delivery/margaritas-mexican-grill-warner-robins/r5SXryOzSJ2r17Aum5mPXQ,warner-robins-georgia
https://www.ubereats.com/macon/food-delivery/arbys-103-russell-pkwy/sI8lBTu4TQ2O3kQE4pdZlg,warner-robins-georgia
https://www.ubereats.com/macon/food-delivery/firehouse-subs-4025-watson-blvd-ste-100/qjkQRZBQQfGOPBbcHVH9eg,warner-robins-georgia
https://www.ubereats.com/macon/food-delivery/starbucks-watson-blvd-%26-carl-vinson-pkwy/JHFX-4_nTSW6F_3q-Ts55g,warner-robins-georgia
https://www.ubereats.com/macon/food-delivery/fresh-pie-pizza/ufSEVr61QYmcesfmsnPCqQ,warner-robins-georgia
https://www.ubereats.com/macon/food-delivery/outback-steakhouse-3088-watson-boulevard/fvd_qG9zQHGuZF7jVv5sPg,warner-robins-georgia
https://www.ubereats.com/macon/food-delivery/margaritas-mexican-grill-hwy-96/63nCN3gzRBO2Y7MvpfCtPA,warner-robins-georgia
https://www.ubereats.com/macon/food-delivery/jersey-mikes-subs-ga-96-%26-s-houston-lake-rd/2KhYMF2DRlqZ8m3QKn3Gig,warner-robins-georgia
https://www.ubereats.com/macon/food-delivery/subway-600-russell-pkwy/3i7FVFEwTkaV-ettNG7ZJw,warner-robins-georgia
https://www.ubereats.com/macon/food-delivery/firehouse-subs-678-lake-joy-rd-ste-100/s1anfsOhTAypwZDQrUkz-A,warner-robins-georgia
https://www.ubereats.com/macon/food-delivery/checkers-120-n-houston-road/-PHDy2O2ROagZgeLLMTr1A,warner-robins-georgia
https://www.ubereats.com/macon/food-delivery/ihop-2710-watson-blvd/ci5hejkBSCa-xIkgRdzFJw,warner-robins-georgia
https://www.ubereats.com/macon/food-delivery/krystal-1638-watson-blvd/yQbX6TjATnm575wNt5Z1Gw,warner-robins-georgia
https://www.ubereats.com/macon/food-delivery/marcos-pizza-4993-russell-parkway/gfNx9EgESGGQiU7OcVIcyg,warner-robins-georgia
https://www.ubereats.com/macon/food-delivery/zaxbys-861-warren-drive/V-oqPC5FT8uqumYjoEaWMg,warner-robins-georgia
https://www.ubereats.com/macon/food-delivery/stoners-pizza-joint-warner-robins/bUHl2zp8Rj2rqbBxtxcgqQ,warner-robins-georgia
https://www.ubereats.com/macon/food-delivery/larrys-giant-subs-ga-hwy-96/iaDxu8tmTrCzWdYEnVJPyA,warner-robins-georgia
https://www.ubereats.com/macon/food-delivery/dunkin-3111-watson-blvd/-aQp5LcLRHCatT9Xz-knAQ,warner-robins-georgia
