url,city
https://www.ubereats.com/pittsburgh/food-delivery/buffalo-wild-wings-500-grandview-crossing-dr-ste-90/olJlyYbWR1-ixPicOK1YjA,warrendale-pennsylvania
https://www.ubereats.com/pittsburgh/food-delivery/subway-9805-mcknight-rd/d88GBa-ASBePS_S4UBMcEw,warrendale-pennsylvania
https://www.ubereats.com/pittsburgh/food-delivery/bob-evans-69-932-sheraton-drive/MTrtnG0bTY6zC6Yo9DTXpQ,warrendale-pennsylvania
https://www.ubereats.com/pittsburgh/food-delivery/chipotle-mexican-grill-20024-route-19/CR8j06TUSK-1lLgGN78oQg,warrendale-pennsylvania
https://www.ubereats.com/pittsburgh/food-delivery/chipotle-mexican-grill-8870-covenant-ave/6G5L0ZX8SO-QOhQBmmMURA,warrendale-pennsylvania
https://www.ubereats.com/pittsburgh/food-delivery/anthonys-coal-fired-pizza-cranberry/_2eQrzo9TzWTZ761dt1Fhw,warrendale-pennsylvania
https://www.ubereats.com/pittsburgh/food-delivery/big-shot-bobs-house-of-wings-cranberry/JRKy9J7GTOODfmUraehviA,warrendale-pennsylvania
https://www.ubereats.com/pittsburgh/food-delivery/taco-bell-10955-perry-highway/DBWHGblZSnCc0ciRw1JWGA,warrendale-pennsylvania
https://www.ubereats.com/pittsburgh/food-delivery/philly-pretzel-factory-of-cranberry/IqT48DzSS2ykusVdas6wmQ,warrendale-pennsylvania
https://www.ubereats.com/pittsburgh/food-delivery/bravo-20001-route-%2319/0piIUDWPR22W5BdLS7IU2A,warrendale-pennsylvania
https://www.ubereats.com/pittsburgh/food-delivery/wahlburgers-pittsburgh-northway/OavoXDGRSyiuhsvkklLCGg,warrendale-pennsylvania
https://www.ubereats.com/pittsburgh/food-delivery/aladdins-eatery-cranberry-township/7AfLuCTOSQ-wVVsIzDtsTg,warrendale-pennsylvania
https://www.ubereats.com/pittsburgh/food-delivery/firebirds-wood-fired-grill-7300-cranberry-springs-dr/4iq_xHohRMyKaRiOM67opw,warrendale-pennsylvania
https://www.ubereats.com/pittsburgh/food-delivery/panda-express-7223-mcknight-rd/paU1KVPITGuXSeAK6-QPYg,warrendale-pennsylvania
https://www.ubereats.com/pittsburgh/food-delivery/tick-tock-bar-%26-cafe/awNMtzxvTH2C4lN_y_j2eg,warrendale-pennsylvania
https://www.ubereats.com/pittsburgh/food-delivery/patron-mexican-grill-wexford/9GJ8TtKkROCAOmG4xI_9fw,warrendale-pennsylvania
https://www.ubereats.com/pittsburgh/food-delivery/carmodys-grille/pOm7DbiBQ0yvnE_Rj7W3Ew,warrendale-pennsylvania
https://www.ubereats.com/pittsburgh/food-delivery/rupes-roadhouse/XEywJeD_RC-tQtr-SPCS6Q,warrendale-pennsylvania
https://www.ubereats.com/pittsburgh/food-delivery/starbucks-franklin-park-105-vip-drive/Wad9goZNT_yQIhr-cWHHUg,warrendale-pennsylvania
https://www.ubereats.com/pittsburgh/food-delivery/arbys-5030-william-flynn-hwy/Po4OlDAfRe-1koR7GWu6yQ,warrendale-pennsylvania
https://www.ubereats.com/pittsburgh/food-delivery/mad-mex-cranberry/KAij0YV4R1uGc22RpvEfrA,warrendale-pennsylvania
https://www.ubereats.com/pittsburgh/food-delivery/blaze-pizza-8011-b-mcknight-rd/vUbATTnwSWqA84AOQYzt1g,warrendale-pennsylvania
https://www.ubereats.com/pittsburgh/food-delivery/avor-thai/odHb0FW9TDyDeuRN4OW4qg,warrendale-pennsylvania
https://www.ubereats.com/pittsburgh/food-delivery/applebees-1685-route-228-%2396071/yIRHCtyEQLKVcjrEo2g1JA,warrendale-pennsylvania
https://www.ubereats.com/pittsburgh/food-delivery/breakfast-shoppe/PLf_XCNkQ3GZ0sYqjfZk4w,warrendale-pennsylvania
https://www.ubereats.com/pittsburgh/food-delivery/dunkin-11175-perry-hwy/KKUWh0TRSTSNGvKKlkd3Dw,warrendale-pennsylvania
https://www.ubereats.com/pittsburgh/food-delivery/burgatory-cranberry-township/-L09qr8BT56VV5rvLaRNAA,warrendale-pennsylvania
https://www.ubereats.com/pittsburgh/food-delivery/piada-northway/8eQkeVQzScSP4f3lLtpC0A,warrendale-pennsylvania
https://www.ubereats.com/pittsburgh/food-delivery/burgatory-mccandless/QhWMxtMUTuyW9dRzhxhwYA,warrendale-pennsylvania
https://www.ubereats.com/pittsburgh/food-delivery/arbys-19075-perry-hwy/KPHzXBxkQBuk1ZGyK1VLPQ,warrendale-pennsylvania
https://www.ubereats.com/pittsburgh/food-delivery/barrel-junction/1KPn9QBsTHSzHCjFbLy2Dw,warrendale-pennsylvania
https://www.ubereats.com/pittsburgh/food-delivery/subway-1667-rte-228/UTijkSN8TymxuL5P7BXyiA,warrendale-pennsylvania
https://www.ubereats.com/pittsburgh/food-delivery/starbucks-cranberry-commons-drive/9aRrDIKrQFeMQWdLClvruw,warrendale-pennsylvania
https://www.ubereats.com/pittsburgh/food-delivery/jailhouse-saloon/952VLUycTQOPIorcYJDPlA,warrendale-pennsylvania
https://www.ubereats.com/pittsburgh/food-delivery/red-robin-460-1678-route-228/JE5WJE8GR0OfrNsiSeepow,warrendale-pennsylvania
https://www.ubereats.com/pittsburgh/food-delivery/house-of-1000-beers/KmoHePRuSWKiG-iL18Htjw,warrendale-pennsylvania
https://www.ubereats.com/pittsburgh/food-delivery/sushi-tomo/MtwuGJ6gSi2unSM9vXoOGg,warrendale-pennsylvania
https://www.ubereats.com/pittsburgh/food-delivery/boston-market-20290-route-19/-C0SseJvQOOHVzgMLyGYsw,warrendale-pennsylvania
https://www.ubereats.com/pittsburgh/food-delivery/annie-lees-southern-kitchen/lFfhZcRuSD6yKCYdABQ6QQ,warrendale-pennsylvania
https://www.ubereats.com/pittsburgh/food-delivery/walnut-grill-wexford/Hs4CFvlSRd2C2ag1Qbre0Q,warrendale-pennsylvania
https://www.ubereats.com/pittsburgh/food-delivery/papa-johns-pizza-babcock-blvd/VjxUdxZjTZSZBqzaeegbhg,warrendale-pennsylvania
https://www.ubereats.com/pittsburgh/food-delivery/outback-steakhouse-9395-mcknight-road/kQSDJK9ZQwCIApDRrCzoUA,warrendale-pennsylvania
https://www.ubereats.com/pittsburgh/food-delivery/bjs-restaurant-%26-brewhouse-8970-covenant-ave/bOlxUOb6TOOi59xxrRx9hQ,warrendale-pennsylvania
https://www.ubereats.com/pittsburgh/food-delivery/kfc-taco-bell-85-blazier-drive/JfukzK6NQOq3i4QaQNd2Ow,warrendale-pennsylvania
https://www.ubereats.com/pittsburgh/food-delivery/dairy-queen-grill-%26-chill-20660-rte-19/ufOKvbOySKuoDkNBL6ejXw,warrendale-pennsylvania
https://www.ubereats.com/pittsburgh/food-delivery/primanti-bros-4679-william-fllinn-hwy/N7zlkZurRJeKUSyoviBC-Q,warrendale-pennsylvania
https://www.ubereats.com/pittsburgh/food-delivery/real-thai-cuisine/fTlo-UVEQI2M-ZVMsBrEew,warrendale-pennsylvania
https://www.ubereats.com/pittsburgh/food-delivery/blaze-pizza-20111-route-19-ste-103/Lqr4gWcMS3e1rru-gvZnpQ,warrendale-pennsylvania
https://www.ubereats.com/pittsburgh/food-delivery/bob-evans-141-7412-mcknight-road/iTh1QqzWRoqXa3TE6Nsz3Q,warrendale-pennsylvania
https://www.ubereats.com/pittsburgh/food-delivery/cafe-tu-y-yo/9X4XRN4VTAes-CoLHWU2lA,warrendale-pennsylvania
https://www.ubereats.com/pittsburgh/food-delivery/zuppas-delicatessen-wexford/OxkC9Yv_Qs-V2xJpW8rH1A,warrendale-pennsylvania
https://www.ubereats.com/pittsburgh/food-delivery/pulp-juice-and-smoothie-bar/YZsbNDxQQveINRHSHwybPA,warrendale-pennsylvania
https://www.ubereats.com/pittsburgh/food-delivery/chipotle-mexican-grill-11359-perry-hwy/Gb2Rt6pBQTihG-nkCoZkOA,warrendale-pennsylvania
https://www.ubereats.com/pittsburgh/food-delivery/panda-express-20111-route-19/_MFtrbKfSzygb44vt_1mUg,warrendale-pennsylvania
https://www.ubereats.com/pittsburgh/food-delivery/el-campesino-mcnight/_odQfshPTDWxN_uRU3bLbQ,warrendale-pennsylvania
https://www.ubereats.com/pittsburgh/food-delivery/firehouse-subs-20436-us-hwy-19-suite-600/QxTTk2n6TISGjbaU5tC2gg,warrendale-pennsylvania
https://www.ubereats.com/pittsburgh/food-delivery/gigis-cupcakes-761-providence-blvd/T5ZHiN6pT32TG9RuT3n8mg,warrendale-pennsylvania
https://www.ubereats.com/pittsburgh/food-delivery/emilianos-mexican-restaurant-%26-bar-cranberry/ZkG7hZDpSpySyKenlSbmvQ,warrendale-pennsylvania
https://www.ubereats.com/pittsburgh/food-delivery/dibellas-old-fashioned-subs-saint-simon-way/Ghp-p-E7Q6KZUPjuKkF9nQ,warrendale-pennsylvania
https://www.ubereats.com/pittsburgh/food-delivery/kfc-4673-william-flynn-highway/4YilQIBARNKf2iDGJVLK8g,warrendale-pennsylvania
https://www.ubereats.com/pittsburgh/food-delivery/noodles-%26-company-2030-mackenzie-way-ste-100/wrNVCAHrRUGr5qqJyoTxAA,warrendale-pennsylvania
https://www.ubereats.com/pittsburgh/food-delivery/naturoll-creamery/QV1KpLbBTaWF0ctc44JBXQ,warrendale-pennsylvania
https://www.ubereats.com/pittsburgh/food-delivery/sincerely-yogurt-1183-freedom-road/1JVjxHewRLm_aGs4ndf3pg,warrendale-pennsylvania
https://www.ubereats.com/pittsburgh/food-delivery/taj-mahal-pitt/AiZa-NE2SymQ4aanPMVF7g,warrendale-pennsylvania
https://www.ubereats.com/pittsburgh/food-delivery/subway-11978-perry-hwy/0K5HHXE_T6Kj1MND093aKQ,warrendale-pennsylvania
https://www.ubereats.com/pittsburgh/food-delivery/the-flame-bbq/TVlAOo0eQ0WmmnaZQcvlZQ,warrendale-pennsylvania
https://www.ubereats.com/pittsburgh/food-delivery/chipotle-mexican-grill-4960-william-flynn-hwy/FryTc0RIRCqMi52g6aQCpA,warrendale-pennsylvania
https://www.ubereats.com/pittsburgh/food-delivery/burger-king-1002-emeryville-drive/4rja3vUORHK6n8JwOliooA,warrendale-pennsylvania
https://www.ubereats.com/pittsburgh/food-delivery/chipotle-mexican-grill-2080-mackenzie-way-ste-b100/EQgO9eY-RuG5p1_9lP-Dkw,warrendale-pennsylvania
https://www.ubereats.com/pittsburgh/food-delivery/dairy-queen-treat-1039-perry-hwy/S85LnUJjR3mjAUgdqBKHyw,warrendale-pennsylvania
https://www.ubereats.com/pittsburgh/food-delivery/clean-juice-1500-village-run-road/Y_dwSB05Q1u7hcyH0mcRtA,warrendale-pennsylvania
https://www.ubereats.com/pittsburgh/food-delivery/mcdonalds-warrendale/7DcuMjnwQS6U8A7AyMmuUw,warrendale-pennsylvania
https://www.ubereats.com/pittsburgh/food-delivery/pgh-ghost-one-take-out-delivery/AsHNlTykRlqW5rdOC1cbKw,warrendale-pennsylvania
https://www.ubereats.com/pittsburgh/food-delivery/vocelli-20120-perry-highway/NWrEi845SFi_hV-JOXPBsw,warrendale-pennsylvania
https://www.ubereats.com/pittsburgh/food-delivery/dive-bar-%26-grille-wexford/TP5GrTHnS0uJB4nrIWaeyw,warrendale-pennsylvania
https://www.ubereats.com/pittsburgh/food-delivery/jersey-mikes-subs-20300-route-19/hdfK5fX5Rn2wdTB9qIR_NQ,warrendale-pennsylvania
https://www.ubereats.com/pittsburgh/food-delivery/dunkin-20411-route-19/_3MUqu23RG-Xw0cH5vemaQ,warrendale-pennsylvania
https://www.ubereats.com/pittsburgh/food-delivery/stackd-burgers-perry-hwy/ep6E1kX9THCS0HfDMcQyAg,warrendale-pennsylvania
https://www.ubereats.com/pittsburgh/food-delivery/chikn-pop-up-perry-hwy/8QhRE_eAREKvmIn_byGRlw,warrendale-pennsylvania
https://www.ubereats.com/pittsburgh/food-delivery/real-thai-cuisine/MysBLO7TS8yTA0V4RJU_0Q,warrendale-pennsylvania
https://www.ubereats.com/pittsburgh/food-delivery/nakama-japanese-steak-house-perry-highway/wagq06cfS0qwQ9kd-ir0Wg,warrendale-pennsylvania
https://www.ubereats.com/pittsburgh/food-delivery/wendys-10810-perry-highway/lPncRWBXTi-V-8ZS9EXVJw,warrendale-pennsylvania
https://www.ubereats.com/pittsburgh/food-delivery/j-gumbos/01eLSj6XS-6jn86YJhZAUQ,warrendale-pennsylvania
https://www.ubereats.com/pittsburgh/food-delivery/smokey-bones-cranberry-twp/O8hrmoNQS5Ob4TbtZ2DSKQ,warrendale-pennsylvania
https://www.ubereats.com/pittsburgh/food-delivery/le-thai-cafe/04V_Tf_gT_eX0KgDZHvl0A,warrendale-pennsylvania
https://www.ubereats.com/pittsburgh/food-delivery/first-watch-cranberry/qr2OJproST2S6-98d4X_Ug,warrendale-pennsylvania
https://www.ubereats.com/pittsburgh/food-delivery/tamarind-savoring-india-cranberry/lvf8UK7PTHmtRgeye6tgmg,warrendale-pennsylvania
https://www.ubereats.com/pittsburgh/food-delivery/pizza-forever/F-5yAW0vTrawFL2k-KCy2w,warrendale-pennsylvania
https://www.ubereats.com/pittsburgh/food-delivery/caliente-pizza-%26-draft-house-allison-park/SGd8dqPxT2KbbcGKEU__0A,warrendale-pennsylvania
https://www.ubereats.com/pittsburgh/food-delivery/dairy-queen-grill-%26-chill-449-adams-st/7UGb_yLsQCuwnqiElrx9mg,warrendale-pennsylvania
https://www.ubereats.com/pittsburgh/food-delivery/rajbhog-indian-market-and-cafe/aNAWEfx6Q1uZSa7jCryxCw,warrendale-pennsylvania
https://www.ubereats.com/pittsburgh/food-delivery/einstein-bros-bagels-20263-route-19/1dCiDOJZTTuQhPR8DghwrQ,warrendale-pennsylvania
https://www.ubereats.com/pittsburgh/food-delivery/five-guys-pa-1061-20002-route-%2319/3hzXgPvTTiOcOzTsy80t1Q,warrendale-pennsylvania
https://www.ubereats.com/pittsburgh/food-delivery/329-bonefish-grill-8950-covenant-ave/0V0tIT3ZRkuempw-DH8W-g,warrendale-pennsylvania
https://www.ubereats.com/pittsburgh/food-delivery/starbucks-freedom-road/sclyVjFcTvCf36S5yLh-Gg,warrendale-pennsylvania
https://www.ubereats.com/pittsburgh/food-delivery/ihop-9036-st-simon-way/k1UhSg0cQSKVb7o0B7gPEg,warrendale-pennsylvania
https://www.ubereats.com/pittsburgh/food-delivery/zuppas-delicatessen-cranberry/U-1HRoToSSCVQwd3jIFM2Q,warrendale-pennsylvania
https://www.ubereats.com/pittsburgh/food-delivery/jersey-mikes-subs-pittsburgh-7390-mcknight-road/HyGQ5VNbRHmLh6APbj3thQ,warrendale-pennsylvania
https://www.ubereats.com/pittsburgh/food-delivery/patron-mexican-grill-cranberry/zbgpm2EhRaKdIh2Mk0aJ9Q,warrendale-pennsylvania
https://www.ubereats.com/pittsburgh/food-delivery/houlihans-cranberry/RIFxfUCKRPiQer3XRaYP7A,warrendale-pennsylvania
https://www.ubereats.com/pittsburgh/food-delivery/emilianos-mexican-restaurant-%26-bar-gibsonia/eD-3DiVWS-ex-hNqpu7INQ,warrendale-pennsylvania
https://www.ubereats.com/pittsburgh/food-delivery/the-gyro-shop/rKxPgiQBQ5GyloyG8NqupA,warrendale-pennsylvania
https://www.ubereats.com/pittsburgh/food-delivery/moes-southwest-grill-1686-pennsylvania-228/2YhU6jKAQ6q0YA3b-DfFAQ,warrendale-pennsylvania
https://www.ubereats.com/pittsburgh/food-delivery/emilianos-mexican-restaurant-%26-bar-mccandless/wSyK7UJHQza7ceuRQ7Wb0A,warrendale-pennsylvania
https://www.ubereats.com/pittsburgh/food-delivery/cracker-barrel-old-country-store-1740-route-228/QhuQF-V8TkSZENZZTH3nyA,warrendale-pennsylvania
https://www.ubereats.com/pittsburgh/food-delivery/p-dubs-sports-bar-%26-grille/h8Sb_CCJRZW-wkyDAA3YQQ,warrendale-pennsylvania
https://www.ubereats.com/pittsburgh/food-delivery/buffalo-wild-wings-20215-route-19/9u-60krJRmqZg9kSixCayQ,warrendale-pennsylvania
https://www.ubereats.com/pittsburgh/food-delivery/freedom-pizza-%26-deli/AnU01KuLQ2CD3ybjBRBf6Q,warrendale-pennsylvania
https://www.ubereats.com/pittsburgh/food-delivery/sheetz-2000-ehrman-road-521/nd4hn_2zRLil1m3giUOtKw,warrendale-pennsylvania
https://www.ubereats.com/pittsburgh/food-delivery/panera-202301/uSf99d0qSiKWM62D4173NA,warrendale-pennsylvania
https://www.ubereats.com/pittsburgh/food-delivery/dibellas-subs-1694-route-228-suite-101/dLFmMuKxTAWtAhIhiNBP2Q,warrendale-pennsylvania
https://www.ubereats.com/pittsburgh/food-delivery/primanti-brothers-200-executive-dr/yWAhvWPOTy2885AQSJnILQ,warrendale-pennsylvania
https://www.ubereats.com/pittsburgh/food-delivery/chick-fil-a-12101-perry-hwy/79KgC7gmQHKWbViJdOP3Sg,warrendale-pennsylvania
https://www.ubereats.com/pittsburgh/food-delivery/freshii-1713-route-228/K_m_kCUSQdq5ApDMzYZsRA,warrendale-pennsylvania
https://www.ubereats.com/pittsburgh/food-delivery/kfc-20245-route-19/BiZDt3gRQ-SY3yTwSEtBlQ,warrendale-pennsylvania
https://www.ubereats.com/pittsburgh/food-delivery/dairy-queen-grill-%26-chill-200-adams-shoppes/Fc3M0q1vTIC2jBG_tdiRRg,warrendale-pennsylvania
https://www.ubereats.com/pittsburgh/food-delivery/panera-202305/aWSNmDLzTIGrMuUWC9AK2w,warrendale-pennsylvania
