url,city
https://www.ubereats.com/cleveland/food-delivery/murray-hill-market/5LCQ8XZcSuKjgDzhkfoRdw,warrensville-heights-ohio
https://www.ubereats.com/cleveland/food-delivery/subway-20150-van-aken-blvd/a-rjid7aTFel4NdSFw5j9w,warrensville-heights-ohio
https://www.ubereats.com/cleveland/food-delivery/la-breakfast-club/D71mmIf-RuOctYMrb0RMTw,warrensville-heights-ohio
https://www.ubereats.com/cleveland/food-delivery/sbarro-26300-cedar-road/f_i3L95GSHqeGiBw0q8raA,warrensville-heights-ohio
https://www.ubereats.com/cleveland/food-delivery/anatolia-cafe/a42_3oARRg2yI9K2gSo36w,warrensville-heights-ohio
https://www.ubereats.com/cleveland/food-delivery/benihana-chargin-%26-green/Ij1iu9WtQ5alWU4SJT7Ajg,warrensville-heights-ohio
https://www.ubereats.com/cleveland/food-delivery/the-carter-pub-%26-grill/odYZVy-lRPu2Xy-Wh-pPng,warrensville-heights-ohio
https://www.ubereats.com/cleveland/food-delivery/taco-bell-4660-northfield-rd/Y1G2_bd2RJKzKIwisLvFTA,warrensville-heights-ohio
https://www.ubereats.com/cleveland/food-delivery/ben-%26-jerrys-john-carroll-%26-fairmount/8J96WU9vSU2F5v828ENxnw,warrensville-heights-ohio
https://www.ubereats.com/cleveland/food-delivery/papa-johns-pizza-5707-mayfield-rd/pXn7vH5pQDa8PSKEvy8kxg,warrensville-heights-ohio
https://www.ubereats.com/cleveland/food-delivery/paladar-latin-kitchen-%26-rum-bar/JrIEehGXSkiUeyzIM1z5xg,warrensville-heights-ohio
https://www.ubereats.com/cleveland/food-delivery/mcdonalds-mayfield-%26-green/SI3usFl0RYuOliJL3UU2DA,warrensville-heights-ohio
https://www.ubereats.com/cleveland/food-delivery/starbucks-mayfield-road-cleveland-heights/ngKGf3NfSlOFA5e8aXXOyQ,warrensville-heights-ohio
https://www.ubereats.com/cleveland/food-delivery/arbys-5445-northfield-rd/pdRTCnlBTamJChKHdAP3IA,warrensville-heights-ohio
https://www.ubereats.com/cleveland/food-delivery/papa-johns-pizza-6058-broadview-rd/cSjJTHwlQ666UonP3JB1Xg,warrensville-heights-ohio
https://www.ubereats.com/cleveland/food-delivery/bomba-tacos/E1C8_aTQRM-L4DftSu-d1g,warrensville-heights-ohio
https://www.ubereats.com/cleveland/food-delivery/bds-mongolian-grill-coventry-%26-euclid-heights/szf9aNNjR5ScoxGauQfSKQ,warrensville-heights-ohio
https://www.ubereats.com/cleveland/food-delivery/sicileys-pizza/Lr8F_7-BSICqfYkc30oZyQ,warrensville-heights-ohio
https://www.ubereats.com/cleveland/food-delivery/christophers-pub/KVgG7VvdThybdwUijyzKFQ,warrensville-heights-ohio
https://www.ubereats.com/cleveland/food-delivery/hammonds-soul-deli/09jP4FCwRFWXuhW0Nrr9DA,warrensville-heights-ohio
https://www.ubereats.com/cleveland/food-delivery/dunkin-5095-northfield-rd/lH_410uqT7Cf02TS-H9KpQ,warrensville-heights-ohio
https://www.ubereats.com/cleveland/food-delivery/pacific-east-japanese-restaurant/I4Ca0-35QtG29329pJkraQ,warrensville-heights-ohio
https://www.ubereats.com/cleveland/food-delivery/the-dessert-aisle/W-euTnx_R76j3pwpxiWf0Q,warrensville-heights-ohio
https://www.ubereats.com/cleveland/food-delivery/buffalo-wild-wings-12459-cedar-rd/WBiRQIMISfyJizD6SEWWkQ,warrensville-heights-ohio
https://www.ubereats.com/cleveland/food-delivery/the-dog-house-broadway-ave/_TSM8R_ARGGkULMvwIHqBg,warrensville-heights-ohio
https://www.ubereats.com/cleveland/food-delivery/mcdonalds-warrensville-%26-bushnell/TjzouEH3T_aenMnz4v71dA,warrensville-heights-ohio
https://www.ubereats.com/cleveland/food-delivery/famous-gyro-george-maple-heights/ARakZm8AQROkT1zXsfAvyg,warrensville-heights-ohio
https://www.ubereats.com/cleveland/food-delivery/jacks-deli-%26-restaurant/M1iCS2crQS6A92eudmSqcg,warrensville-heights-ohio
https://www.ubereats.com/cleveland/food-delivery/tropical-smoothie-cafe-11322-euclid-avenue/PERwL8eJR_CmP_5aRf1zgw,warrensville-heights-ohio
https://www.ubereats.com/cleveland/food-delivery/ella-maes-soulfood/K4oLsP7ISVWEu7sfmb0dcg,warrensville-heights-ohio
https://www.ubereats.com/cleveland/food-delivery/taste-of-kerala/ncbn1pgiQbGcCubZnSXhpw,warrensville-heights-ohio
https://www.ubereats.com/cleveland/food-delivery/guys-pizza-co-bedford/IB-o6WrdQqm5vH5by0OgcQ,warrensville-heights-ohio
https://www.ubereats.com/cleveland/food-delivery/urban-kitchen/c37pmfMISzeveon9YWg_9A,warrensville-heights-ohio
https://www.ubereats.com/cleveland/food-delivery/bonkers-cafe/FAfW0UPuT4-XZO9Ka4o3Aw,warrensville-heights-ohio
https://www.ubereats.com/cleveland/food-delivery/jims-open-kitchen/riI_Gl8WSz-jhdYwA-gsGA,warrensville-heights-ohio
https://www.ubereats.com/cleveland/food-delivery/bob-evans-146-266-highland-road-e/RWz8Xf7sQwGz_c3JNPkoGQ,warrensville-heights-ohio
https://www.ubereats.com/cleveland/food-delivery/daves-cosmic-subs-macedonia/6D8fZ6VPR8-WP-Ew2EB8jA,warrensville-heights-ohio
https://www.ubereats.com/cleveland/food-delivery/graeters-ice-cream-pinecrest/DlDEFfDoTeiUsPdR6DYeLg,warrensville-heights-ohio
https://www.ubereats.com/cleveland/food-delivery/subway-17203-broadway-ave/gjNBByw6Sv2g39cyDUxhDA,warrensville-heights-ohio
https://www.ubereats.com/cleveland/food-delivery/moes-southwest-grill-5920-mayfield-road/8s2ck-k6TtekhPFzUVoO0g,warrensville-heights-ohio
https://www.ubereats.com/cleveland/food-delivery/a-taste-of-tashia/q0huVe3TRcyyqzbOE9boLQ,warrensville-heights-ohio
https://www.ubereats.com/cleveland/food-delivery/taco-bell-4110-lee-road/xR_2mCNXQcCr10s_K1_RfA,warrensville-heights-ohio
https://www.ubereats.com/cleveland/food-delivery/jersey-mikes-7037-n-aurora-rd/kEFjPAuRQaafdXVQliIg5A,warrensville-heights-ohio
https://www.ubereats.com/cleveland/food-delivery/cafe-avalaun/9CVyynK4SFa_-zPBc3NL3g,warrensville-heights-ohio
https://www.ubereats.com/cleveland/food-delivery/rallys-14110-kinsman-avenue/khqAOgR1TqeNhNjFn0_o6g,warrensville-heights-ohio
https://www.ubereats.com/cleveland/food-delivery/arbys-683-e-aurora-rd/FLEtKHRmThOum_kkwJ8q4A,warrensville-heights-ohio
https://www.ubereats.com/cleveland/food-delivery/starbucks-lyndhurst-cedar-road/FDflJ1yuQcSnPb9EAlmixA,warrensville-heights-ohio
https://www.ubereats.com/cleveland/food-delivery/the-rib-cage-smokehouse-bar-%26-grill-ohio-city/16sj1rxqT163Pns7gpkpcA,warrensville-heights-ohio
https://www.ubereats.com/cleveland/food-delivery/lonnies-boy/dEFi75cESjSGGpV0odB-yA,warrensville-heights-ohio
https://www.ubereats.com/cleveland/food-delivery/burntwood-tavern-chagrin-falls/8B7BZtjgSAqzYaHoFzP-DA,warrensville-heights-ohio
https://www.ubereats.com/cleveland/food-delivery/3-aprons-bakery-%26-cafe/K8uNB_eWTZGZ2fbSUAMQ6g,warrensville-heights-ohio
https://www.ubereats.com/cleveland/food-delivery/jersey-mikes-8210-macedonia-commons-blvd/jLAKe7IzR360a2mBH2hgrw,warrensville-heights-ohio
https://www.ubereats.com/cleveland/food-delivery/pats-wing-queens/4hYbtQ6XRhu-rkXCPf7S0Q,warrensville-heights-ohio
https://www.ubereats.com/cleveland/food-delivery/red-robin-217-6750-rockside-rd/_wKItEYRQDq_WbVb3C4uvw,warrensville-heights-ohio
https://www.ubereats.com/cleveland/food-delivery/taco-bell-5855-mayfield-road/hZwgIXBTQ4m02EzKXyzQYQ,warrensville-heights-ohio
https://www.ubereats.com/cleveland/food-delivery/fried-rice-hibachi-2-go/DXsbovfPSXS3BH1WhnOBfg,warrensville-heights-ohio
https://www.ubereats.com/cleveland/food-delivery/dennys-6207-wilson-mills-rd/9hvJMC5YSwenFLDE69RBWw,warrensville-heights-ohio
https://www.ubereats.com/cleveland/food-delivery/corbos-pasta-and-pizza-house/YiTuhTCCQtmXKR9UpXVtoA,warrensville-heights-ohio
https://www.ubereats.com/cleveland/food-delivery/four-js-carryout/_Bdedn2FT0aEJQNfVMQR4g,warrensville-heights-ohio
https://www.ubereats.com/cleveland/food-delivery/burger-king-4625-northfield-road/hDQWdXiUQOGqP737GQdrJA,warrensville-heights-ohio
https://www.ubereats.com/cleveland/food-delivery/mcdonalds-mayfield-%26-genesee/8KU-csSwQhOFjMnuvaZ8wA,warrensville-heights-ohio
https://www.ubereats.com/cleveland/food-delivery/mish-mosh/1915rC9cSb6eiJ_F2XctIA,warrensville-heights-ohio
https://www.ubereats.com/cleveland/food-delivery/duck-donuts-200-park-ave-suite-140/Ui9X2brVSVC-vFJEecVA2w,warrensville-heights-ohio
https://www.ubereats.com/cleveland/food-delivery/sunoco-harvard-daily/WA0BynvbTEqS_YDx0BAp7Q,warrensville-heights-ohio
https://www.ubereats.com/cleveland/food-delivery/dennys-6100-rockside-rd/-wKGbWdtSHi7DoxmiLyWkA,warrensville-heights-ohio
https://www.ubereats.com/cleveland/food-delivery/jade-chinese-kitchen/5cetvdFnRG-lf3LSdWZy0A,warrensville-heights-ohio
https://www.ubereats.com/cleveland/food-delivery/jenis-cleveland-chagrin-falls/S5vKzjNqSIG4G4fA2CPubg,warrensville-heights-ohio
https://www.ubereats.com/cleveland/food-delivery/mcdonalds-rockside-%26-turney/twQDFKBnR_aCU_IvPzOtRw,warrensville-heights-ohio
https://www.ubereats.com/cleveland/food-delivery/stancatos-italian-restaurant/l2K1oYJ1TeWEor3aSt7fRA,warrensville-heights-ohio
https://www.ubereats.com/cleveland/food-delivery/popeyes-4645-northfield-road/2_yhV1uoSWCdmjXFbc1YfQ,warrensville-heights-ohio
https://www.ubereats.com/cleveland/food-delivery/cucina-rustica/waOvA7T_S--SYfO4rKyKZQ,warrensville-heights-ohio
https://www.ubereats.com/cleveland/food-delivery/boston-market-34295-aurora-road/ci-4HBb7TruP-bwJedn2rg,warrensville-heights-ohio
https://www.ubereats.com/cleveland/food-delivery/jersey-mikes-subs-wilson-mills/ihHagAqJQ32swrX02uvmJQ,warrensville-heights-ohio
https://www.ubereats.com/cleveland/food-delivery/hashtag-soul-food/IEt54fOFRtm7nmse33XN9Q,warrensville-heights-ohio
https://www.ubereats.com/cleveland/food-delivery/teriyaki-express-warrensville-center/gjLVaiS0SRyuqlxAgF4CNA,warrensville-heights-ohio
https://www.ubereats.com/cleveland/food-delivery/arbys-5993-mayfield-rd/87MSBnGdTjWOx5TUPt2_cQ,warrensville-heights-ohio
https://www.ubereats.com/cleveland/food-delivery/jets-pizza-lyndhurst/hrGNpDS8Swu2xtxAJ8pkCg,warrensville-heights-ohio
https://www.ubereats.com/cleveland/food-delivery/papa-johns-16981-chagrin-blvd/UM_sX3ToQX6cmUw9xMIHvQ,warrensville-heights-ohio
https://www.ubereats.com/cleveland/food-delivery/chipotle-mexican-grill-24651-cedar-rd/FBav6b7DQ4uJxgqqX9LQ4Q,warrensville-heights-ohio
https://www.ubereats.com/cleveland/food-delivery/michaels-diner/KmCa3JbqSXOjYmx2HyZFGQ,warrensville-heights-ohio
https://www.ubereats.com/cleveland/food-delivery/burntwood-tavern-lyndhurst/P7CHGDkpS8CdJxJDErJ45w,warrensville-heights-ohio
https://www.ubereats.com/cleveland/food-delivery/georgios-oven-fresh-pizza-maple-heights/aOXSfI60TaaGoNtCJSHrAg,warrensville-heights-ohio
https://www.ubereats.com/cleveland/food-delivery/ml-tavern/ZKnxVEIERl6iwSCjjfy5vQ,warrensville-heights-ohio
https://www.ubereats.com/cleveland/food-delivery/cracker-barrel-old-country-store-2371-east-aurora-road/8Hw1UupIQCGNFy_sk5jHbQ,warrensville-heights-ohio
https://www.ubereats.com/cleveland/food-delivery/dunkin-5790-mayfield-rd/UJDQxM8KRfiPBco6akLBmQ,warrensville-heights-ohio
https://www.ubereats.com/cleveland/food-delivery/yours-truly-restaurant-rockside/BPlJnZsrTbyR2dxlhRvsqQ,warrensville-heights-ohio
https://www.ubereats.com/cleveland/food-delivery/mcdonalds-broadway-%26-ackley/dTq4NF8YS8yLqqkohQOMrQ,warrensville-heights-ohio
https://www.ubereats.com/cleveland/food-delivery/village-martini-%26-wine-bar/A2b5tnL-Rk2nreQLO5nrwg,warrensville-heights-ohio
https://www.ubereats.com/cleveland/food-delivery/subcity/bNcZ8mdQT9C_ElwQ__ih-g,warrensville-heights-ohio
https://www.ubereats.com/cleveland/food-delivery/zanzibar-soul-fusion/YpF6DhTyRXyq6D75UWIqzA,warrensville-heights-ohio
https://www.ubereats.com/cleveland/food-delivery/pulp-juice-and-smoothie-bar/MVaaY7UIRQOTPvV67y5DJA,warrensville-heights-ohio
https://www.ubereats.com/cleveland/food-delivery/quaker-steak-%26-lube-5935-canal-road/CPAOCGPETy2Z7O98poxCNg,warrensville-heights-ohio
https://www.ubereats.com/cleveland/food-delivery/happys-pizza-4908-a-turney-rd/s0PIuH7uRhONnteuO2dc8Q,warrensville-heights-ohio
https://www.ubereats.com/cleveland/food-delivery/panda-express-2100-warrensville-center-rd/huX6b3vETdKsTyxulb98gQ,warrensville-heights-ohio
https://www.ubereats.com/cleveland/food-delivery/qdoba-mexican-eats-shaker-plaza/H3KSrYLyRjG-i5ZiJ6uhyg,warrensville-heights-ohio
https://www.ubereats.com/cleveland/food-delivery/on-the-rise-artisan-bread-%26-pastries/31heu6PASza6nbNtAH5eDA,warrensville-heights-ohio
https://www.ubereats.com/cleveland/food-delivery/applebees-7159-macedonia-commons-blvd-%2389068/gJODci6tR6ib2LK9Zdg3pw,warrensville-heights-ohio
https://www.ubereats.com/cleveland/food-delivery/southern-cafe-east/P1o4noUrR5ug-vpSggD5nQ,warrensville-heights-ohio
https://www.ubereats.com/cleveland/food-delivery/buffalo-wild-wings-26200-harvard-rd/NJsvFt4nRNGm6nsIgX6kzw,warrensville-heights-ohio
https://www.ubereats.com/cleveland/food-delivery/qs-cafe/6OK6wR1PRDG77pyN98jX1w,warrensville-heights-ohio
https://www.ubereats.com/cleveland/food-delivery/kfc-22855-emery-road/nQIZsbjuQ1i5kcv1GdkUrw,warrensville-heights-ohio
https://www.ubereats.com/cleveland/food-delivery/ty-fun-thai-bistro/w5HMIeOkR22MoZ9JS9x2ug,warrensville-heights-ohio
https://www.ubereats.com/cleveland/food-delivery/yours-truly-restaurant-beachwood/K47k1DpURGSEXPeB6M8poQ,warrensville-heights-ohio
https://www.ubereats.com/cleveland/food-delivery/red-walter-bar-b-q/HMX-OPJzQiGqyWgn99QGSA,warrensville-heights-ohio
https://www.ubereats.com/cleveland/food-delivery/burger-king-25201-rockside-road/SKGwMdH1Qfe22AIWgepknQ,warrensville-heights-ohio
https://www.ubereats.com/cleveland/food-delivery/big-boy-7800-granger-rd/A2rU1PNHT_6n6rPYhM7nuw,warrensville-heights-ohio
https://www.ubereats.com/cleveland/food-delivery/wingkee/fPjoz7XSQKKFBBalicHJdw,warrensville-heights-ohio
https://www.ubereats.com/cleveland/food-delivery/subway-4542-east-131st-st/tNt5tVF6QBqCw7pNvc1AQg,warrensville-heights-ohio
https://www.ubereats.com/cleveland/food-delivery/chipotle-mexican-grill-4015-richmond-rd/HbAbV1q8QyqR8NtC64B2mw,warrensville-heights-ohio
https://www.ubereats.com/cleveland/food-delivery/zoup!-aurora-rd/IGPG2s99RXy5f4yr0OBRaQ,warrensville-heights-ohio
https://www.ubereats.com/cleveland/food-delivery/the-sauce-boiling-seafood-express/1VWxlgbRTf2h9wdb0_PXow,warrensville-heights-ohio
https://www.ubereats.com/cleveland/food-delivery/chipotle-mexican-grill-33599-aurora-rd/8wnJ1vrNQb2CsECCdPydVg,warrensville-heights-ohio
https://www.ubereats.com/cleveland/food-delivery/best-gyros-mayfield-heights/xZ2IKL39SGmvFj8Q8gZY-w,warrensville-heights-ohio
https://www.ubereats.com/cleveland/food-delivery/mcdonalds-turney-%26-elmwood/RAbb5wStRAGuO0EvE_m4Ng,warrensville-heights-ohio
https://www.ubereats.com/cleveland/food-delivery/mitchells-fish-market-28601-chagrin-blvd/z_wx93dSQ0if4ciG-QE8eQ,warrensville-heights-ohio
https://www.ubereats.com/cleveland/food-delivery/pulp-juice-and-smoothie-bar/mWwHV6ybTXy-KV2PKvn-NQ,warrensville-heights-ohio
https://www.ubereats.com/cleveland/food-delivery/mr-hero-taylor-rd/ekS406RtR8WeyXhMvnby9A,warrensville-heights-ohio
https://www.ubereats.com/cleveland/food-delivery/mr-hero-broadway-%26-lee/h71xFdDdRZaODb_YNHQd8g,warrensville-heights-ohio
https://www.ubereats.com/cleveland/food-delivery/mr-hero-10434-northfield-rd/ype4TLzSQ5Ofp3xRGK1RUg,warrensville-heights-ohio
https://www.ubereats.com/cleveland/food-delivery/papa-johns-pizza-33411-aurora-rd/C3rs8ASgQaS_bPzLQr18zQ,warrensville-heights-ohio
https://www.ubereats.com/cleveland/food-delivery/goodfellasbbq/RAbp80yISm22NPCBMVl_tA,warrensville-heights-ohio
https://www.ubereats.com/cleveland/food-delivery/catering-affordable/tu4Z5M0HRSiZJcJm879p3Q,warrensville-heights-ohio
https://www.ubereats.com/cleveland/food-delivery/wendys-13246-cedar-road/6iKm8MS-QgiWWeQD0kufGA,warrensville-heights-ohio
https://www.ubereats.com/cleveland/food-delivery/mr-hero-north-randall/4L3NGN8-RSCjTMRR838n7w,warrensville-heights-ohio
https://www.ubereats.com/cleveland/food-delivery/paradise-biryani-pointe/NF_KrjObRQq8B8ED5isi2g,warrensville-heights-ohio
https://www.ubereats.com/cleveland/food-delivery/floods-urban-seafood/YOtjgRaCTyq1jKlcGfdpug,warrensville-heights-ohio
https://www.ubereats.com/cleveland/food-delivery/the-rustic-grill-at-stonewater/KyBNym12Rqmp_CTbiKjA2g,warrensville-heights-ohio
https://www.ubereats.com/cleveland/food-delivery/bar-sushi-cleveland/xVKsroSPQSS6HpTlR9dlkQ,warrensville-heights-ohio
https://www.ubereats.com/cleveland/food-delivery/harry-buffalo-highland/ZD19ic3eTNeuFtvI9Hzo9g,warrensville-heights-ohio
https://www.ubereats.com/cleveland/food-delivery/plaza-agave/QWdxAWvOT86Mw5_fjV5Y6w,warrensville-heights-ohio
https://www.ubereats.com/cleveland/food-delivery/1st-class-wellness-%26-healthy-eats/n5beyJNLQ4amJg0xnifmIg,warrensville-heights-ohio
https://www.ubereats.com/cleveland/food-delivery/papa-johns-14404-cedar-rd/ovC5vvBqQHy_pkQgPERzGg,warrensville-heights-ohio
https://www.ubereats.com/cleveland/food-delivery/wendys-3516-warrensville-center-road/_b3QL9F0TwaNUyKLRLhAWA,warrensville-heights-ohio
https://www.ubereats.com/cleveland/food-delivery/bob-evans-509-3700-orange-place/nPD0lXaATjqlm-Ww82vx5Q,warrensville-heights-ohio
https://www.ubereats.com/cleveland/food-delivery/twisted-tomato-pizzeria-bedford/yQyWtjX2S6-5RVB_VSCPKQ,warrensville-heights-ohio
https://www.ubereats.com/cleveland/food-delivery/boston-market-2184-warrensville-center-rd/21pXP12AShWycDiE-6ea0A,warrensville-heights-ohio
https://www.ubereats.com/cleveland/food-delivery/chick-fil-a-4001-richmond-rd/XSLBUg-mTeCgKodInQG8fg,warrensville-heights-ohio
https://www.ubereats.com/cleveland/food-delivery/golden-dragon-restaurant-woks-%26-roll/oQv3osWHQMOpkPS-dgBGWw,warrensville-heights-ohio
https://www.ubereats.com/cleveland/food-delivery/chipotle-mexican-grill-8195-golden-link-blvd/ZbiMSO1XRl2h660_UvRcgA,warrensville-heights-ohio
https://www.ubereats.com/cleveland/food-delivery/wendys-1374-som-center/6uw1waw6TP-xJL0gRjV9Sg,warrensville-heights-ohio
https://www.ubereats.com/cleveland/food-delivery/slymans-tavern-orange/5-sbnm9MSkO5y1Y-q_uyzg,warrensville-heights-ohio
https://www.ubereats.com/cleveland/food-delivery/cafe-premier/wIMKDF1PSSyXzVC6ZQZR_A,warrensville-heights-ohio
https://www.ubereats.com/cleveland/food-delivery/ajs-krispy-krunch-chicken/wsZSs8V1T02UEW8PeBqdRA,warrensville-heights-ohio
https://www.ubereats.com/cleveland/food-delivery/saffron-patch/nhCKp3h7R4KL0kFqe0h_Ew,warrensville-heights-ohio
https://www.ubereats.com/cleveland/food-delivery/ginko/zP26WGiKRFebYE2U0rfOJw,warrensville-heights-ohio
https://www.ubereats.com/cleveland/food-delivery/first-watch-pinecrest/YpHU9uM6RKqRU1D6zNkubQ,warrensville-heights-ohio
https://www.ubereats.com/cleveland/food-delivery/krispy-krunchy-chicken-turney/-ziikYzrTwuEFUrFCrm_kA,warrensville-heights-ohio
https://www.ubereats.com/cleveland/food-delivery/mcdonalds-northfield-%26-franklin/jrC6HK8IRA2L8WXj7I-m-w,warrensville-heights-ohio
https://www.ubereats.com/cleveland/food-delivery/fox-%26-hound-1479-som-center-road/cLC2rJeTS1KN5cpDYYXAIA,warrensville-heights-ohio
https://www.ubereats.com/cleveland/food-delivery/auntie-annes-26300-cedar-rd/mMcWlXgqSJmJG7jaq3LmXA,warrensville-heights-ohio
https://www.ubereats.com/cleveland/food-delivery/luckys-cafe/k4Pt61iRQoGHwiT4uR-hnQ,warrensville-heights-ohio
https://www.ubereats.com/cleveland/food-delivery/jersey-mikes-subs-8440-e-washington-st/q6425xc5RDydnPUK8JWMlA,warrensville-heights-ohio
https://www.ubereats.com/cleveland/food-delivery/szechuan-gourmet/KEId9ff9QbajzS7o1-arOA,warrensville-heights-ohio
https://www.ubereats.com/cleveland/food-delivery/papa-johns-5358-turney-rd/JOv4gSLBStq1QCnNsOclZA,warrensville-heights-ohio
https://www.ubereats.com/cleveland/food-delivery/mr-hero-garfield-heights/trTLixTRTAmCyWYNfw2PSw,warrensville-heights-ohio
https://www.ubereats.com/cleveland/food-delivery/the-cleveland-bagel-co-carnegie-ave/UKTNO_YPTpiYj-pm-ePYrQ,warrensville-heights-ohio
https://www.ubereats.com/cleveland/food-delivery/bar-louie-lyndhurst/xnEGGEUXRLergKPcu3mVxA,warrensville-heights-ohio
https://www.ubereats.com/cleveland/food-delivery/first-watch-solon/Glkcqzv-TP-uqjV7Jerlzg,warrensville-heights-ohio
https://www.ubereats.com/cleveland/food-delivery/chipotle-mexican-grill-6901-rockside-rd-ste-13/brUQ8BjzQhmqCBQq9g99ig,warrensville-heights-ohio
https://www.ubereats.com/cleveland/food-delivery/kings-tandoor-and-bar/DIrEkrU7RQmYgoyS8PQV4A,warrensville-heights-ohio
https://www.ubereats.com/cleveland/food-delivery/subway-5408-northfield-rd/pTH3S6uWTci8H-UyQt22PA,warrensville-heights-ohio
https://www.ubereats.com/cleveland/food-delivery/taste/CSC0z2ifR7ePcDKxpuf3bQ,warrensville-heights-ohio
https://www.ubereats.com/cleveland/food-delivery/mcdonalds-lee-%26-judson/YXqbLxbtSxGENNsvbP9mHQ,warrensville-heights-ohio
https://www.ubereats.com/cleveland/food-delivery/wendys-23050-broadway/uYEI3houRNqztQ6dUSglcw,warrensville-heights-ohio
https://www.ubereats.com/cleveland/food-delivery/luna-bakery-cafe/AzXJcq9pTTewcVztq4bmwA,warrensville-heights-ohio
https://www.ubereats.com/cleveland/food-delivery/the-pearl-asian-kitchen/XoxCZkHjT-OXexVAJejwfg,warrensville-heights-ohio
https://www.ubereats.com/cleveland/food-delivery/first-watch-mayfield-heights/ZSTkF0ABRbSqyBgEfSsnLA,warrensville-heights-ohio
https://www.ubereats.com/cleveland/food-delivery/la-mexicana-cantina-and-grill/Btnahkk2RM-HnSktosklyA,warrensville-heights-ohio
https://www.ubereats.com/cleveland/food-delivery/broadway-pizza/PqfMUb3MQPa8RenL81fwWw,warrensville-heights-ohio
https://www.ubereats.com/cleveland/food-delivery/incrediblefoodz/mSOnI9owQFaInYgmOJDjww,warrensville-heights-ohio
https://www.ubereats.com/cleveland/food-delivery/five-guys-oh-0396-1237-som-center-rd/QXQqhDBISvOs7SCWRKmViQ,warrensville-heights-ohio
https://www.ubereats.com/cleveland/food-delivery/tres-potrillos/OdHkCflUSfaqUyn4D_fNpA,warrensville-heights-ohio
https://www.ubereats.com/cleveland/food-delivery/best-gyros-lee-rd/iR_pb4s2RiSrFrrRDzFCSA,warrensville-heights-ohio
https://www.ubereats.com/cleveland/food-delivery/burger-king-16511-harvard-road/E3MeKx1xRKCf-VPOLRlUcA,warrensville-heights-ohio
https://www.ubereats.com/cleveland/food-delivery/cilantro-taqueria/uT2lr9aATdafcgK41UWZHw,warrensville-heights-ohio
https://www.ubereats.com/cleveland/food-delivery/south-east-gears-%26-cheers/IrLAgkh2TNWNG4LTdXylew,warrensville-heights-ohio
https://www.ubereats.com/cleveland/food-delivery/medos-sub-city/l529daK_RNCvOVnmWEH2HA,warrensville-heights-ohio
https://www.ubereats.com/cleveland/food-delivery/kevantes-restaurant-%26-lounge/NT7Nb7kRSbSjGQoPeAbJYA,warrensville-heights-ohio
https://www.ubereats.com/cleveland/food-delivery/yours-truly-restaurant-solon/SzCdvlF7RLGoeIHVVt8wiQ,warrensville-heights-ohio
https://www.ubereats.com/cleveland/food-delivery/texas-de-brazil-woodmere/SSsviRT-SAeoJ01hmPnNOg,warrensville-heights-ohio
https://www.ubereats.com/cleveland/food-delivery/hibachi-steakhouse/wv5V61yoTwaKrvbDCBkQWg,warrensville-heights-ohio
https://www.ubereats.com/cleveland/food-delivery/the-rice-shop/kZV6aP5KRH-pN60_0C4OZQ,warrensville-heights-ohio
https://www.ubereats.com/cleveland/food-delivery/taco-bell-5591-warrensville-ctr-rd/QTUX7nd7SsSQo145OxoDgQ,warrensville-heights-ohio
https://www.ubereats.com/cleveland/food-delivery/ra-sushi-bar-23611-chargin-blvd/8hFMfxYKR1eS3tBbs3ij2w,warrensville-heights-ohio
https://www.ubereats.com/cleveland/food-delivery/shoga-%7C-japanese-teriyaki-express/pBYQPL6XTQ2tEjkDals_CA,warrensville-heights-ohio
https://www.ubereats.com/cleveland/food-delivery/michaels-genuine-food-%26-drink-shaker-heights/1QHw9ETxRra1PYFOvFJKNQ,warrensville-heights-ohio
https://www.ubereats.com/cleveland/food-delivery/scorchers/Wu7StSRkTgewQdidWUaWSA,warrensville-heights-ohio
https://www.ubereats.com/cleveland/food-delivery/popeyes-3855-lee-road/kK0Jp_ikQUWqVkmLyXTMwA,warrensville-heights-ohio
https://www.ubereats.com/cleveland/food-delivery/wendys-5360-warrensville-center-road/8kSDzzYYQQe_cENr1_0DTw,warrensville-heights-ohio
https://www.ubereats.com/cleveland/food-delivery/nighttown/DoygMSwxR-OEvkOvkU1Atw,warrensville-heights-ohio
https://www.ubereats.com/cleveland/food-delivery/burgerim-11419-euclid-ave/W82W7MOcSIWkshToU-lbxw,warrensville-heights-ohio
https://www.ubereats.com/cleveland/food-delivery/mr-hero-bedford/RvhVNQbkSLyBDsqdvRj_jQ,warrensville-heights-ohio
https://www.ubereats.com/cleveland/food-delivery/applebees-4191-rockside-rd-%2397063/DGA7SXN-TamWnjXj37TkCw,warrensville-heights-ohio
https://www.ubereats.com/cleveland/food-delivery/abos-grill/3MlpKK-jQPW7JJpUfpJs9g,warrensville-heights-ohio
https://www.ubereats.com/cleveland/food-delivery/chipotle-mexican-grill-13937-cedar-rd/sCDus7g1S_-PBOzp2MzJ6Q,warrensville-heights-ohio
https://www.ubereats.com/cleveland/food-delivery/hyde-park-prime-steakhouse-beachwood/UUd9-WRNRsmalPLRp5Wt9A,warrensville-heights-ohio
https://www.ubereats.com/cleveland/food-delivery/kfc-taco-bell-6030-enterprise-drive/qIaNtPPoQ5KBqtmu95pXBA,warrensville-heights-ohio
https://www.ubereats.com/cleveland/food-delivery/bob-evans-438-7105-north-aurora-road/lDMgmqb1QWG5fmF9tfI12w,warrensville-heights-ohio
https://www.ubereats.com/cleveland/food-delivery/juice-up-cold-press/cz3pgpVLRwWtgY58mcCsgg,warrensville-heights-ohio
https://www.ubereats.com/cleveland/food-delivery/yours-truly-restaurant-mayfield-village/GXDNEfArRhu1lslp6FcROA,warrensville-heights-ohio
https://www.ubereats.com/cleveland/food-delivery/cle-wing-co-parma/THxT193bTaK1m80BtrOVVw,warrensville-heights-ohio
https://www.ubereats.com/cleveland/food-delivery/black-box-fix/m8kwDTCxSfCgcriwIFOwOw,warrensville-heights-ohio
https://www.ubereats.com/cleveland/food-delivery/chipotle-mexican-grill-28077-chagrin-blvd/Zc9KLrqpRd23AFslgKoeFA,warrensville-heights-ohio
https://www.ubereats.com/cleveland/food-delivery/pacific-grill/sNBlXGIuSO-5CcyoFeNOnA,warrensville-heights-ohio
https://www.ubereats.com/cleveland/food-delivery/scalpers-bar-grille-and-sharpys-subs/zfBX4HlITnS_As1XBJkYgQ,warrensville-heights-ohio
https://www.ubereats.com/cleveland/food-delivery/zoup!-13955-cedar-road/kzaMlqYETDmfSaI5Omer9Q,warrensville-heights-ohio
https://www.ubereats.com/cleveland/food-delivery/nujoy/AKacqxv_S0GQbouSNP4Mnw,warrensville-heights-ohio
https://www.ubereats.com/cleveland/food-delivery/rascal-house-pizza-maple-heights/unvth132TViXlQJwB7zMTw,warrensville-heights-ohio
https://www.ubereats.com/cleveland/food-delivery/obtainable-elegance-express/2kgADfoOSNSjEm7kKbszFw,warrensville-heights-ohio
https://www.ubereats.com/cleveland/food-delivery/ellie-mays-famous-cookies/vvqwfgwOSTWXXFZ4LAZQJQ,warrensville-heights-ohio
https://www.ubereats.com/cleveland/food-delivery/georgios-oven-fresh-pizza/_AfkDga2StKGvmGeVoXQ4w,warrensville-heights-ohio
https://www.ubereats.com/cleveland/food-delivery/go-nuts-donuts/zMNpBU3-QQu3PVq1DVg4Og,warrensville-heights-ohio
https://www.ubereats.com/cleveland/food-delivery/subway-16687-chagrin-blvd/48VoDt63SxCMK25hNn--rQ,warrensville-heights-ohio
https://www.ubereats.com/cleveland/food-delivery/qdoba-mexican-eats-highland-heights/E34R3MDJSja34dVir7Idhg,warrensville-heights-ohio
https://www.ubereats.com/cleveland/food-delivery/famous-gyro-george-lee-road/5oC-SgykQQiTTOL1Z__p-g,warrensville-heights-ohio
https://www.ubereats.com/cleveland/food-delivery/sipt-cafe/bIdpLVgURYShOwYARgoGDg,warrensville-heights-ohio
https://www.ubereats.com/cleveland/food-delivery/pf-changs-26001-chagrin-blvd/sT2p1SBiS3WCQpYXll3b4w,warrensville-heights-ohio
https://www.ubereats.com/cleveland/food-delivery/tandul-indian-restaurant/1cZ4tggRS7aewAuNdlRisA,warrensville-heights-ohio
https://www.ubereats.com/cleveland/food-delivery/paninis-bar-and-grill/VHB4T9x0SrGdvhNZjBo86Q,warrensville-heights-ohio
https://www.ubereats.com/cleveland/food-delivery/georgio-oven-fresh-pizza/DZGIHn1fQNaCB2iu7_AhVw,warrensville-heights-ohio
https://www.ubereats.com/cleveland/food-delivery/rascal-house-pizza-university-heights/6Jq05x6uSLmwoSSuUwMOpw,warrensville-heights-ohio
https://www.ubereats.com/cleveland/food-delivery/thick-chick/TfFsepb1TxycZr6D-fW6_g,warrensville-heights-ohio
https://www.ubereats.com/cleveland/food-delivery/burger-king-14101-cedar-road/mS-EPCaJQFOJXygHAgVQDA,warrensville-heights-ohio
https://www.ubereats.com/cleveland/food-delivery/kfc-5516-warrensville-center-road/k9QVNtEHSK6n1nQSarijMA,warrensville-heights-ohio
https://www.ubereats.com/cleveland/food-delivery/sunny-asian-food/GK4iUfrgTlqTW5mcBrSMsQ,warrensville-heights-ohio
https://www.ubereats.com/cleveland/food-delivery/mcdonalds-buckeye-%26-115th-st/Rgv6Sy38T6Chnm4QMiHwLQ,warrensville-heights-ohio
https://www.ubereats.com/cleveland/food-delivery/subway-12598-rockside-rd/pyuHjGvaQre1TbqDl_BiLQ,warrensville-heights-ohio
https://www.ubereats.com/cleveland/food-delivery/zoup!-6901-rockside-road/W-8qciGNSl2Vuih2Eg76Hg,warrensville-heights-ohio
https://www.ubereats.com/cleveland/food-delivery/chipotle-mexican-grill-3471-steelyard-dr/Nf5PHltKRI2t33Ct5C0acg,warrensville-heights-ohio
https://www.ubereats.com/cleveland/food-delivery/subway-25705-chagrin-blvd/wujGk4fFQ06nBoTq08K8aw,warrensville-heights-ohio
https://www.ubereats.com/cleveland/food-delivery/little-caesars-16882-harvard-ave/fsFscPYZT_yH1f0X_bxEWA,warrensville-heights-ohio
https://www.ubereats.com/cleveland/food-delivery/auntie-annes-1868-warrensville-ctr-rd/9PEgChk0TMKf88GU5B-UWA,warrensville-heights-ohio
https://www.ubereats.com/cleveland/food-delivery/annie-ps/0u1Rk8rHRE659OJiSa48Gg,warrensville-heights-ohio
https://www.ubereats.com/cleveland/food-delivery/panera-204625/dv6rxnxtTPyUu24-WMDYTw,warrensville-heights-ohio
https://www.ubereats.com/cleveland/food-delivery/cinnabon-26300-cedar-rd-%235540/IzK6ORuxQZuTePZtriekcA,warrensville-heights-ohio
https://www.ubereats.com/cleveland/food-delivery/m-italian/q4LikLjfQaePaDlsjhKyUw,warrensville-heights-ohio
https://www.ubereats.com/cleveland/food-delivery/fishstix/xMFbY6lcQYq8jF_HybPY7A,warrensville-heights-ohio
https://www.ubereats.com/cleveland/food-delivery/corleones-ristorante-%26-bar/94ysWUdwQL6IB1QcJGxqzA,warrensville-heights-ohio
https://www.ubereats.com/cleveland/food-delivery/the-oak-barrel/fOgucMSWRoSO-mw9hTpOBg,warrensville-heights-ohio
https://www.ubereats.com/cleveland/food-delivery/starbucks-cedar-road-cleveland-heights/wDsGhoMdTXKCb_pyJvOWOA,warrensville-heights-ohio
https://www.ubereats.com/cleveland/food-delivery/dos-coronas/EO8dUilwR4qoqW1YLam8gg,warrensville-heights-ohio
https://www.ubereats.com/cleveland/food-delivery/rotasu-hibachi-carry-out-broadway-ave/I_CPmnBmTRackywtkp8NsA,warrensville-heights-ohio
https://www.ubereats.com/cleveland/food-delivery/aura-bistro/WHLb8xWmTg6jR8JeonD0cw,warrensville-heights-ohio
https://www.ubereats.com/cleveland/food-delivery/arbys-12763-rockside-rd/AG_Z9rGQQyG-3pPlpGqHDw,warrensville-heights-ohio
https://www.ubereats.com/cleveland/food-delivery/chipotle-mexican-grill-2640-creekside-dr/AQGbhXtrRqOlyS1dehj0zA,warrensville-heights-ohio
https://www.ubereats.com/cleveland/food-delivery/mcdonalds-broadway-%26-libby/QteiIMU3TLyFxSjCmiSDjQ,warrensville-heights-ohio
https://www.ubereats.com/cleveland/food-delivery/phat-boyz-bbq/AoBQ_xloRE-bdi6jYc1D_A,warrensville-heights-ohio
https://www.ubereats.com/cleveland/food-delivery/harvard-wine-%26-grill/5HFmnWsPRsuA9igUGtW53A,warrensville-heights-ohio
https://www.ubereats.com/cleveland/food-delivery/pizza-express-cleveland/QgE8ewtORZyWcw73dLcqYg,warrensville-heights-ohio
https://www.ubereats.com/cleveland/food-delivery/wendys-4602-northfield-road/9V81vWPaT4SM3dkdNOeBew,warrensville-heights-ohio
https://www.ubereats.com/cleveland/food-delivery/firebirds-wood-fired-grill-211-park-ave/NW_Sx9EVSQi7PmFzMtoR5Q,warrensville-heights-ohio
https://www.ubereats.com/cleveland/food-delivery/hanini-subs/rJ4BTNgLQPGkurviCLpDKQ,warrensville-heights-ohio
https://www.ubereats.com/cleveland/food-delivery/bibibop-asian-grill-511-park-avenue-suite-149/ExaxcIQoSfqV2KtWu_oJ5Q,warrensville-heights-ohio
https://www.ubereats.com/cleveland/food-delivery/muncheez/xiCdoanDRyCx1zNkky-JGA,warrensville-heights-ohio
https://www.ubereats.com/cleveland/food-delivery/sam-sylk-chicken-and-fish-shaker-heights-2/F0dDsHEKRyWxd8v1j9zQHA,warrensville-heights-ohio
https://www.ubereats.com/cleveland/food-delivery/subway-23051-emery-rd/3Ler9DsWSgi_FSLlVY2flQ,warrensville-heights-ohio
https://www.ubereats.com/cleveland/food-delivery/cafe-tandoor/TfB6HaPmQvKIea3pumcIcQ,warrensville-heights-ohio
https://www.ubereats.com/cleveland/food-delivery/unbar-cafe/wY-lFAnwRpKRS0F6bBSICg,warrensville-heights-ohio
https://www.ubereats.com/cleveland/food-delivery/chipotle-mexican-grill-6717-eastgate-dr/uG8RfajTTHSYVc3fWpRxwA,warrensville-heights-ohio
https://www.ubereats.com/cleveland/food-delivery/boaz-fresh-lebanese/k6jI59zTQsK91UYZlvYM3g,warrensville-heights-ohio
https://www.ubereats.com/cleveland/food-delivery/corky-%26-lennys/6S5tRSAHS7uaQmQNmPwNPQ,warrensville-heights-ohio
https://www.ubereats.com/cleveland/food-delivery/b-%26-m-bbq/i8j5AIdzT8OceayGNzg7wQ,warrensville-heights-ohio
https://www.ubereats.com/cleveland/food-delivery/natures-oasis/kSrDWrm9QQ-oCjNSE9Ou6w,warrensville-heights-ohio
https://www.ubereats.com/cleveland/food-delivery/happys-pizza/3ITiKeFkSQmDNEaGXKCMTA,warrensville-heights-ohio
https://www.ubereats.com/cleveland/food-delivery/subway-6107-mayfield-rd/KbMmh2oxTUWFdMPdKU_q4A,warrensville-heights-ohio
https://www.ubereats.com/cleveland/food-delivery/subway-13113-shaker-blvd/lvlkz6G0TmKyFKdwWMnrGg,warrensville-heights-ohio
https://www.ubereats.com/cleveland/food-delivery/rallys-4154-lee-road/vB6CoJVXRRShLTfdKO4pmw,warrensville-heights-ohio
https://www.ubereats.com/cleveland/food-delivery/boston-market-5096-mayfield-road/f_7bvbz6SayNH2yuxPHssA,warrensville-heights-ohio
https://www.ubereats.com/cleveland/food-delivery/mr-wonderfuls-chicken-%26-waffles/Xb3Q5FHaR7SFZVnds7_nCw,warrensville-heights-ohio
https://www.ubereats.com/cleveland/food-delivery/7-to-7-eatery-mediterranean/XckF2aBqQvKEpcuYTSibyA,warrensville-heights-ohio
https://www.ubereats.com/cleveland/food-delivery/five-guys-oh-1530-13971-cedar-rd/mqAOTmIOR3WueUWBpr3TAA,warrensville-heights-ohio
https://www.ubereats.com/cleveland/food-delivery/bedford-falls-cafe/fg1GR_m9RQy280036wBnpA,warrensville-heights-ohio
https://www.ubereats.com/cleveland/food-delivery/the-vegan-pizza-company/q6JyAlfPSJe_yZOoDmBFBg,warrensville-heights-ohio
https://www.ubereats.com/cleveland/food-delivery/burntwood-tavern-solon/M_ifc22uTRSEtqtmhkNOHw,warrensville-heights-ohio
https://www.ubereats.com/cleveland/food-delivery/blu-the-restaurant/pzaSVo6iR7ON9cGUYJWNQA,warrensville-heights-ohio
https://www.ubereats.com/cleveland/food-delivery/pyramid-soul-food-%26-grill/kBtM855xQ4C9q2oRE_G91Q,warrensville-heights-ohio
https://www.ubereats.com/cleveland/food-delivery/otani-noodle/cGGPZOEnSfm-kIUVdR7Jjw,warrensville-heights-ohio
https://www.ubereats.com/cleveland/food-delivery/sonic-5836-mayfield-road/TTjUG9PtQUGM009MlJ67Lg,warrensville-heights-ohio
https://www.ubereats.com/cleveland/food-delivery/taco-bell-5185-turney-rd/xLOBCXPaQ2mzh45PcaREXw,warrensville-heights-ohio
https://www.ubereats.com/cleveland/food-delivery/otani-japanese-restaurant/gDENbH6QRFCBsh_8KwBlHA,warrensville-heights-ohio
https://www.ubereats.com/cleveland/food-delivery/subway-4771-northfield-rd/crHX-z5QTLaLBiiarxPM_g,warrensville-heights-ohio
https://www.ubereats.com/cleveland/food-delivery/chipotle-mexican-grill-6267-wilson-mills-rd-unit-a/RYPZ6IcqTGC0IQhPPa3l5A,warrensville-heights-ohio
https://www.ubereats.com/cleveland/food-delivery/exclusive-deli/qTxZEgQvRKii8JXsvulgIQ,warrensville-heights-ohio
https://www.ubereats.com/cleveland/food-delivery/mr-hero-valley-view/OkcrMxlWSAKYQbsa2EHENQ,warrensville-heights-ohio
https://www.ubereats.com/cleveland/food-delivery/happys-pizza-4908-turney-rd/3-gsTRYDSUSyJjyupqXwPg,warrensville-heights-ohio
https://www.ubereats.com/cleveland/food-delivery/kfc-4001-mayfield/ALAcFLwtT--qTTr9e42iOQ,warrensville-heights-ohio
https://www.ubereats.com/cleveland/food-delivery/davis-bakery-and-delicatessen/fde-QkayRQSH0kEal1kxAw,warrensville-heights-ohio
https://www.ubereats.com/cleveland/food-delivery/munch-a-simple-kitchen/IsmwakcnQL25YaI92x3LSg,warrensville-heights-ohio
https://www.ubereats.com/cleveland/food-delivery/arbys-6375-som-center-rd/61765cIWT-qLn6hEin43gg,warrensville-heights-ohio
https://www.ubereats.com/cleveland/food-delivery/souper-market-carnegie-main/l92mWcj3SQG4rBwhIBkDSg,warrensville-heights-ohio
https://www.ubereats.com/cleveland/food-delivery/jersey-mikes-subs-8870-darrow-rd/l_sxpdisTM-yc8xsU8uL-g,warrensville-heights-ohio
https://www.ubereats.com/cleveland/food-delivery/potbelly-sandwich-shop-independence-%7C-299/OnyWLKVDQASyfdiCAbGtmA,warrensville-heights-ohio
https://www.ubereats.com/cleveland/food-delivery/outback-steakhouse-8250-macedonia-commons/Vz8yF5k_Q8OoACsgEspnsA,warrensville-heights-ohio
https://www.ubereats.com/cleveland/food-delivery/fahrenheit/RSqy0_AYQaSnEgk68XdRpw,warrensville-heights-ohio
https://www.ubereats.com/cleveland/food-delivery/burger-king-4-warrensville-rd/_act52qYRGqxQeBcrbOHmQ,warrensville-heights-ohio
https://www.ubereats.com/cleveland/food-delivery/five-guys-oh-0452-4025-richmond-rd/P_l9nmq6RM-2_HVFsynk9A,warrensville-heights-ohio
https://www.ubereats.com/cleveland/food-delivery/potbelly-sandwich-shop-uptown-%7C-327/YppVsip-Q0yMU26dJ6ph2Q,warrensville-heights-ohio
https://www.ubereats.com/cleveland/food-delivery/buffalo-wild-wings-18865-giles-rd/yrOGe3CMQbO6se2x7VaRng,warrensville-heights-ohio
https://www.ubereats.com/cleveland/food-delivery/qdoba-broadview-rd/jlDqriHTTVm1g1aj2Z7tTQ,warrensville-heights-ohio
https://www.ubereats.com/cleveland/food-delivery/jersey-mikes-subs-28450-chagrin-blvd/q7RUv1_KScKc9VFZO2QF6Q,warrensville-heights-ohio
https://www.ubereats.com/cleveland/food-delivery/edwins-butcher-shop/_3PDHU1OQvuwhkGL5gXaEg,warrensville-heights-ohio
https://www.ubereats.com/cleveland/food-delivery/starbucks-garfield-heights/nBa44qLGRdmiH6C-bEi8dg,warrensville-heights-ohio
https://www.ubereats.com/cleveland/food-delivery/just-wing-it/GkgBS-ZgSp2v33F8T084Dg,warrensville-heights-ohio
https://www.ubereats.com/cleveland/food-delivery/taco-bell-8906-darrow-road/4tciPkmVQ6KXkqPC-urN1w,warrensville-heights-ohio
https://www.ubereats.com/cleveland/food-delivery/pulp-juice-and-smoothie-bar-rockside-rd/-lTn5B8CRHWypm6Bl6V5vA,warrensville-heights-ohio
https://www.ubereats.com/cleveland/food-delivery/off-the-grill-%26-seafood/qUxzurGSSqKNWIBJfRKqBA,warrensville-heights-ohio
https://www.ubereats.com/cleveland/food-delivery/oven-fresh-55th-st/__NDx8DdQ9yPm48lo2ztag,warrensville-heights-ohio
https://www.ubereats.com/cleveland/food-delivery/pie-o-mine-greens/6smj0IzxTRCV_lrbUmB-NQ,warrensville-heights-ohio
https://www.ubereats.com/cleveland/food-delivery/adm/PmA5qPaWScqdSokqCGpstg,warrensville-heights-ohio
https://www.ubereats.com/cleveland/food-delivery/rollhouse-entertainment/u6bs0twIQFumQ8-GVNNbtw,warrensville-heights-ohio
https://www.ubereats.com/cleveland/food-delivery/fix-bistro/WeAqmV9LRb6zWTKTnEEpLg,warrensville-heights-ohio
https://www.ubereats.com/cleveland/food-delivery/sunshine-cafe/Zb6GVBA8SryXjm8j43nsyQ,warrensville-heights-ohio
https://www.ubereats.com/cleveland/food-delivery/hibachi-steakhouse-rockside-rd/ZUqS1VUKRcW25KIeZzSryA,warrensville-heights-ohio
https://www.ubereats.com/cleveland/food-delivery/zoup!-richmond-road/v8NqSjGFQdKjlm5G-SSF7A,warrensville-heights-ohio
https://www.ubereats.com/cleveland/food-delivery/cilantro-taqueria/jruxBLw2RMCUhI5TsJyEig,warrensville-heights-ohio
https://www.ubereats.com/cleveland/food-delivery/campbells-sweet-factory-ohio-city/WtE5_X-UQFa8YKVjI0_G_Q,warrensville-heights-ohio
https://www.ubereats.com/cleveland/food-delivery/daves-cosmic-subs-university-heights/A6VtPDFESUWxvzpNCf5s9Q,warrensville-heights-ohio
https://www.ubereats.com/cleveland/food-delivery/sam-sylk-chicken-and-fish-shaker-heights/Y61EJR2oSzyplRxif734IA,warrensville-heights-ohio
https://www.ubereats.com/cleveland/food-delivery/papa-johns-5328-warrensville-center-rd/RdDHs18bTPGLH4aatulHvQ,warrensville-heights-ohio
https://www.ubereats.com/cleveland/food-delivery/quisqueya-latin-cuisine/CBNIlPsUT42uRhGmKQajIg,warrensville-heights-ohio
https://www.ubereats.com/cleveland/food-delivery/dunkin-5126-turney-rd/ZX7IK5KJTaOfURqd26hvDw,warrensville-heights-ohio
https://www.ubereats.com/cleveland/food-delivery/ihop-rockside/FFtxYItrTmeWAAfoPE7C8w,warrensville-heights-ohio
https://www.ubereats.com/cleveland/food-delivery/pinstripes-cleveland/tYlyNgWTTqCVomglYLDtZg,warrensville-heights-ohio
https://www.ubereats.com/cleveland/food-delivery/arova/pjw5My6IRF-WT5e2ydYgUg,warrensville-heights-ohio
https://www.ubereats.com/cleveland/food-delivery/taco-bell-13660-euclid-avenue/9giSgaCPQ--JG-FBJok2dw,warrensville-heights-ohio
https://www.ubereats.com/cleveland/food-delivery/ts-place/Mi7nuA54Qh2r5Gh-RHix8w,warrensville-heights-ohio
https://www.ubereats.com/cleveland/food-delivery/angies-soul-cafe-emery-rd/UuqHGf6-TuadiGZjnzADNw,warrensville-heights-ohio
https://www.ubereats.com/cleveland/food-delivery/whitmores-bar-b-q20209-harvard-ave/XXWxdydEQq-uGCQ2EiHqAw,warrensville-heights-ohio
https://www.ubereats.com/cleveland/food-delivery/j-pistone-market-%26-gathering-place/U-3tthqfTZqLurpL5XYLDg,warrensville-heights-ohio
https://www.ubereats.com/cleveland/food-delivery/zeppes-pizzeria320-broadway-ave/YBG2xQHhSai0HDbaimYM9Q,warrensville-heights-ohio
https://www.ubereats.com/cleveland/food-delivery/choolaah-indian-bbq-orange-village/yS4GSfHyQsmIeXXBpenUdw,warrensville-heights-ohio
https://www.ubereats.com/cleveland/food-delivery/automile-inn-bar-and-grill/Vct1f6P5R3yWk39-Qm9VFw,warrensville-heights-ohio
https://www.ubereats.com/cleveland/food-delivery/starbucks-independence-oh/w0aHUGl3T--MFLPeg0hMRw,warrensville-heights-ohio
https://www.ubereats.com/cleveland/food-delivery/rich-caribbean-cuisine/YDMFUDqGSxeM2sJaj0H6Bg,warrensville-heights-ohio
https://www.ubereats.com/cleveland/food-delivery/kfc-307-highland-road-east/Yeq1FPotRvWpKPyDaPrVXA,warrensville-heights-ohio
https://www.ubereats.com/cleveland/food-delivery/lees-seafood-boil-cleveland/kjCb8OpCQYakVphihgfj8w,warrensville-heights-ohio
https://www.ubereats.com/cleveland/food-delivery/ihop-steelyard/H6m0H3F4TbSn8pEa5f52nA,warrensville-heights-ohio
https://www.ubereats.com/cleveland/food-delivery/fresh-and-meaty-burgers/JWGHND2QSFShHkB2oxs9FQ,warrensville-heights-ohio
https://www.ubereats.com/cleveland/food-delivery/sub-city/CsF8RxC6QNC3-LjoBP4RuA,warrensville-heights-ohio
https://www.ubereats.com/cleveland/food-delivery/number-one-express-chinese-restaurant/BXfdCEcMS96B4mn3iPH61Q,warrensville-heights-ohio
https://www.ubereats.com/cleveland/food-delivery/rallys-5501-warrensville-center-road/k5Rk1-VCSJSBqz2MiBp_gg,warrensville-heights-ohio
https://www.ubereats.com/cleveland/food-delivery/ruchi-indian-cuisine/kSoER8BCRsyynekwAxc9sw,warrensville-heights-ohio
https://www.ubereats.com/cleveland/food-delivery/pita-potle/HXxNQOuuTPi_xomDlS0Hnw,warrensville-heights-ohio
https://www.ubereats.com/cleveland/food-delivery/gyro-guys/DKZxUve9QmaurWhpCtcutg,warrensville-heights-ohio
https://www.ubereats.com/cleveland/food-delivery/jordans-eatery/l4NcNzBUSMGfX_TKwmkNdA,warrensville-heights-ohio
https://www.ubereats.com/cleveland/food-delivery/harvard-express/1cb94WkUTI2yAeGVMwt6-Q,warrensville-heights-ohio
https://www.ubereats.com/cleveland/food-delivery/speedys-grub-shack-northfield/cvcZBjeuTfqtUhwH7baYbA,warrensville-heights-ohio
https://www.ubereats.com/cleveland/food-delivery/skeets-bar-%26-grill/-0rapt2DQcCZC11_N7hC3w,warrensville-heights-ohio
https://www.ubereats.com/cleveland/food-delivery/starbucks-woodmere-center/0T5QLwkyRre1wDXwclIe6Q,warrensville-heights-ohio
https://www.ubereats.com/cleveland/food-delivery/boston-market-16773-chagrin-blvd/5NpgOsVzTESBs8eL8o9hlA,warrensville-heights-ohio
https://www.ubereats.com/cleveland/food-delivery/burgers-2-beer-solon/EXQ7HRvHRFWT98lKgCfoVg,warrensville-heights-ohio
https://www.ubereats.com/cleveland/food-delivery/the-kitchen/UNYQch7URgmudZJBDqXkuA,warrensville-heights-ohio
https://www.ubereats.com/cleveland/food-delivery/the-rib-cage-smokehouse/g_iE3x_QT2aeAQF7vJoTXw,warrensville-heights-ohio
https://www.ubereats.com/cleveland/food-delivery/charleys-philly-steaks-%26-wings-som-center/EzDg-NdJQj6YFNT_3cGoiA,warrensville-heights-ohio
https://www.ubereats.com/cleveland/food-delivery/shake-shack-311-park-avenue/W5K_d6XES56WrNksLe72Pw,warrensville-heights-ohio
https://www.ubereats.com/cleveland/food-delivery/dunkin-4959-richmond-rd/vZzsnUf8Q4KtDwHaNXTGxQ,warrensville-heights-ohio
https://www.ubereats.com/cleveland/food-delivery/subway-25575-aurora-rd/IiKxiezETwmf47hRlcfnvw,warrensville-heights-ohio
https://www.ubereats.com/cleveland/food-delivery/hunan/EKE6fqL4SvqqSzAsuGIFXA,warrensville-heights-ohio
https://www.ubereats.com/cleveland/food-delivery/hanini-sub/g3xeP-b8TnqnG-hxJr-Dqw,warrensville-heights-ohio
https://www.ubereats.com/cleveland/food-delivery/ds-its-a-wrap-restaurant/wRQ_Ie-MTceJzWZONHe-vQ,warrensville-heights-ohio
https://www.ubereats.com/cleveland/food-delivery/mr-hero-warrensville-heights/7EQGE4soSlC_xfJ899cWYg,warrensville-heights-ohio
https://www.ubereats.com/cleveland/food-delivery/the-sweet-fix-bakery/VwpK0a66SYGt617VB00SdA,warrensville-heights-ohio
https://www.ubereats.com/cleveland/food-delivery/pizzazz-on-the-circle/DNG6_uDWS2OjNDaLZH6kiQ,warrensville-heights-ohio
https://www.ubereats.com/cleveland/food-delivery/ming-home/15S5k2kZQqiKvrHPf4uR7A,warrensville-heights-ohio
https://www.ubereats.com/cleveland/food-delivery/popeyes-5581-warrensville-center-road/hHN-rwkGRhqZn_wKmF4kDw,warrensville-heights-ohio
https://www.ubereats.com/cleveland/food-delivery/the-fairmount/5pOAxsI_Q9ig_IKl-KF8XA,warrensville-heights-ohio
https://www.ubereats.com/cleveland/food-delivery/si-senor-mexican-restaurant/ZI_FsBDQSwmUQAec9svONA,warrensville-heights-ohio
https://www.ubereats.com/cleveland/food-delivery/melt-bar-%26-grilled-independence/jSDq4dloTM68LTYHJz3Xzg,warrensville-heights-ohio
https://www.ubereats.com/cleveland/food-delivery/rascal-house-pizza-university-circle/1Fopfw1URwmxiY5Ooz0CSQ,warrensville-heights-ohio
https://www.ubereats.com/cleveland/food-delivery/rascal-house-pizza-university-circle/PdiaPWE9Q5WfKAcdoCwf1w,warrensville-heights-ohio
https://www.ubereats.com/cleveland/food-delivery/taco-bell-4537-mayfield-road/kBL6el_nQri5Q1W3Pop_XA,warrensville-heights-ohio
https://www.ubereats.com/cleveland/food-delivery/best-gyros-northfield/JqOGlFl7SMOQywnRHNWqdg,warrensville-heights-ohio
https://www.ubereats.com/cleveland/food-delivery/chipotle-mexican-grill-9761-vista-way/YHtyJFjxTcaQ7_wLSyQ8og,warrensville-heights-ohio
https://www.ubereats.com/cleveland/food-delivery/wendys-34165-aurora-road/6-yVKwq9Q8OAh3frBPMARQ,warrensville-heights-ohio
https://www.ubereats.com/cleveland/food-delivery/starbucks-chagrin-road-and-green-blvd/dpTP8hHtRFiu0tuJ0qClbg,warrensville-heights-ohio
https://www.ubereats.com/cleveland/food-delivery/davis-bakery-and-delicatessen-warrensville-heights/V_kpivYCQdqgMICjFrxCzw,warrensville-heights-ohio
https://www.ubereats.com/cleveland/food-delivery/dairy-queen-treat-5713-mayfield-rd/ajzkfni7T6SFnykKdxJ-og,warrensville-heights-ohio
https://www.ubereats.com/cleveland/food-delivery/pats-wing-queens/Skn45iPkRkij7tOx9ATXDQ,warrensville-heights-ohio
https://www.ubereats.com/cleveland/food-delivery/alfredos-at-the-inn-italian-restaurant/kTrJU8oZR6aBeZjoYp2Fsg,warrensville-heights-ohio
https://www.ubereats.com/cleveland/food-delivery/subway-4071-lee-rd/n16z6ANFSAS0ELvjW-PNCg,warrensville-heights-ohio
https://www.ubereats.com/cleveland/food-delivery/angelos-nido-italia/kNA1UmTsTuiO0qoygDOwVg,warrensville-heights-ohio
https://www.ubereats.com/cleveland/food-delivery/the-boiler-65-south-euclid/IViTwDnKRaKyXQdX_um5vg,warrensville-heights-ohio
https://www.ubereats.com/cleveland/food-delivery/yours-truly-restaurant-chagrin-falls/pz-5EMc8SL21Eu7zaQheEA,warrensville-heights-ohio
https://www.ubereats.com/cleveland/food-delivery/a-taste-above/LbRtlRnfQqST9cdkvPBu5g,warrensville-heights-ohio
https://www.ubereats.com/cleveland/food-delivery/the-original-pancake-house-28700-chagrin-blvd/-soWtPn1RYmnRai6I-L1hA,warrensville-heights-ohio
https://www.ubereats.com/cleveland/food-delivery/angelas-family-restaurant/pOzfcK6iTcOfB4yKtCz1dA,warrensville-heights-ohio
https://www.ubereats.com/cleveland/food-delivery/first-watch-cedar-center/oGYhIYfITpi6Z1LoGis7Sw,warrensville-heights-ohio
https://www.ubereats.com/cleveland/food-delivery/paninis-bar-and-grill-coventry/YF10ByTJSI2d53Qg27RYwg,warrensville-heights-ohio
https://www.ubereats.com/cleveland/food-delivery/fresh-healthy-cafe-beachwood-place-mall/F_s7Knl-RmeHXjSOlmQ1xw,warrensville-heights-ohio
https://www.ubereats.com/cleveland/food-delivery/new-orleans-seafood/2ogFvDK3RVqJFhfzPnn7Wg,warrensville-heights-ohio
https://www.ubereats.com/cleveland/food-delivery/dunkin-4233-mayfield-rd/kSeaShPpSlOfYaS5Vr0nXg,warrensville-heights-ohio
https://www.ubereats.com/cleveland/food-delivery/georgios-oven-fresh-pizza-co/GrA0FOFjQzezDmfD3yXx3w,warrensville-heights-ohio
https://www.ubereats.com/cleveland/food-delivery/roly-poly/iC1yo6SJTvWxfpbTV7cVfQ,warrensville-heights-ohio
https://www.ubereats.com/cleveland/food-delivery/outback-steakhouse-6100-rockside-place/l9mNFptaRkaJR69wkX99Nw,warrensville-heights-ohio
https://www.ubereats.com/cleveland/food-delivery/bibibop-asian-grill-13934-cedar-road/JnCciIc_SruQ9eH2ZZZdUg,warrensville-heights-ohio
https://www.ubereats.com/cleveland/food-delivery/clean-eating/uvxe6uJzQRaVyfGiXtfNfQ,warrensville-heights-ohio
https://www.ubereats.com/cleveland/food-delivery/teriyaki-express-superior/ACl4BwnyR6unpVj-j22aRQ,warrensville-heights-ohio
https://www.ubereats.com/cleveland/food-delivery/charleys-philly-steaks-26300-cedar-rd/CKCj697uSRSdaxB8_YhGEA,warrensville-heights-ohio
https://www.ubereats.com/cleveland/food-delivery/donatos-pizza-shaker-heights/O489KVrRRb-f7TsDplO39A,warrensville-heights-ohio
https://www.ubereats.com/cleveland/food-delivery/pastativo/AoxePX2hRnCx1iGBF2-t4g,warrensville-heights-ohio
https://www.ubereats.com/cleveland/food-delivery/sides-to-go-bbq!-macedonia/m2KoRRrXTgS5wkqYgvkYcA,warrensville-heights-ohio
https://www.ubereats.com/cleveland/food-delivery/starbucks-11302-euclid-avenue/4reFe6IOS42Vl6YOtI-QfA,warrensville-heights-ohio
https://www.ubereats.com/cleveland/food-delivery/moes-southwest-grill-1916-warrensville-center-road-building-f/dhupzoAORBy7Ts0ugdlieA,warrensville-heights-ohio
https://www.ubereats.com/cleveland/food-delivery/first-watch-macedonia/waO61-qiSwOmJG5U3mz2Ew,warrensville-heights-ohio
https://www.ubereats.com/cleveland/food-delivery/senorita-bonitas-mexican-grill-%26-cantina/1ZlrUHd9SyGbbe3DUyo4pA,warrensville-heights-ohio
https://www.ubereats.com/cleveland/food-delivery/killer-wings/zcdxaoppR66UGZiW7W2-7g,warrensville-heights-ohio
https://www.ubereats.com/cleveland/food-delivery/mcdonalds-miles-%26-richmond/mOA5DszZQbyPGEWKXKsT_A,warrensville-heights-ohio
https://www.ubereats.com/cleveland/food-delivery/dunkin-13880-cedar-rd/KK8xt1kRReeuRPBgsFMAzg,warrensville-heights-ohio
https://www.ubereats.com/cleveland/food-delivery/wendys-5251-turney-road/v9mHg7XBQlqPjZtoF8pPNg,warrensville-heights-ohio
https://www.ubereats.com/cleveland/food-delivery/the-original-steaks-and-hogies/cXXG5RkFRX61XqIqVg1Mjg,warrensville-heights-ohio
https://www.ubereats.com/cleveland/food-delivery/the-fresh-fix-of-heights/F2Qw_ofWQ8KsrVi4ZHA7YA,warrensville-heights-ohio
https://www.ubereats.com/cleveland/food-delivery/pin-pin-kitchen-5/zpXhM9q4TDq_4jaE1U54lA,warrensville-heights-ohio
https://www.ubereats.com/cleveland/food-delivery/wendys-27400-chagrin-blvd/kq18r2OtS_2-xanSKKikPg,warrensville-heights-ohio
https://www.ubereats.com/cleveland/food-delivery/georgios-oven-fresh-pizza/vWHO04XER1OkruZ8f6cqfg,warrensville-heights-ohio
https://www.ubereats.com/cleveland/food-delivery/hammonds-soul-deli-breakfast/n-CZU8jOTfWJZRYOCdDlcg,warrensville-heights-ohio
https://www.ubereats.com/cleveland/food-delivery/red-lobster-3655-orange-place/1L1ngzU_TDWzKFERAKi-PQ,warrensville-heights-ohio
https://www.ubereats.com/cleveland/food-delivery/corner-11-bowl-%26-wrap/eAYkhF7wTF-0SBHp3Y1XBw,warrensville-heights-ohio
https://www.ubereats.com/cleveland/food-delivery/e71st-donuts/Jx4s60OwRIC1Xxu-AP-M6w,warrensville-heights-ohio
https://www.ubereats.com/cleveland/food-delivery/dunkin-6353-som-center-rd/kOvCaSciQDGg4iFCU-w3KA,warrensville-heights-ohio
https://www.ubereats.com/cleveland/food-delivery/politics-kitchen-and-lounge-warrensville/9P6wwt1WQS-l97yFKoE3Nw,warrensville-heights-ohio
https://www.ubereats.com/cleveland/food-delivery/condado-tacos-pinecrest/Fa4Xt1clQ5O2KUAZSffz2A,warrensville-heights-ohio
https://www.ubereats.com/cleveland/food-delivery/best-steak-and-gyros/Sde3f4WNQvSm7zy9UbwwlQ,warrensville-heights-ohio
https://www.ubereats.com/cleveland/food-delivery/bonchon-chicken-7581-broadview-rd/X2X5rIKqRpq6zdGcW0xsHQ,warrensville-heights-ohio
https://www.ubereats.com/cleveland/food-delivery/macaron-paris-cafe/s2BROMVpQEG-Ot4nLkhA8A,warrensville-heights-ohio
https://www.ubereats.com/cleveland/food-delivery/swerve-grille/vQgqDPJQRy-JVAnsR_L5CQ,warrensville-heights-ohio
https://www.ubereats.com/cleveland/food-delivery/mr-hero-warrensville-center-rd/4KmBRfCbQZuYDvAoVB_NhQ,warrensville-heights-ohio
https://www.ubereats.com/cleveland/food-delivery/best-thing-smokin-bbq/jzFOXxCyRC2T4o5la8kOMA,warrensville-heights-ohio
https://www.ubereats.com/cleveland/food-delivery/teresas-pizza2165-s-taylor-rd/HETPRKKrQmibEg6FQvrOxQ,warrensville-heights-ohio
https://www.ubereats.com/cleveland/food-delivery/greedys/RKMMgVAXTM6lrFGl3kxyQQ,warrensville-heights-ohio
