url,city
https://www.ubereats.com/oklahoma-city/food-delivery/buffalo-wild-wings-6910-sw-3rd-st/ZUgljxj6RV6VsEJoIZbBng,warr-acres-oklahoma
https://www.ubereats.com/oklahoma-city/food-delivery/kfc-2903-sw-29th-st/5QpKUcdHS9eBP3CZNLK2tw,warr-acres-oklahoma
https://www.ubereats.com/oklahoma-city/food-delivery/charm-thai-cuisine/dpzZfopST461zlJXqFvkNQ,warr-acres-oklahoma
https://www.ubereats.com/oklahoma-city/food-delivery/jamba-juice-8-east-33rd-street-%23a/tWc_PTLwSQahQWnsCD6aTA,warr-acres-oklahoma
https://www.ubereats.com/oklahoma-city/food-delivery/uncle-julios-oklahoma-city/v7bbUAbQTe2ULq6Efe3sDw,warr-acres-oklahoma
https://www.ubereats.com/oklahoma-city/food-delivery/sams-southern-eatery/UohOo6X1QyaeMKIdWtOUxw,warr-acres-oklahoma
https://www.ubereats.com/oklahoma-city/food-delivery/mcdonalds-12216-n-pennsylvania/R024VYmxSSGNnHsFh7SxCA,warr-acres-oklahoma
https://www.ubereats.com/oklahoma-city/food-delivery/medio-tiempo/jjFv_QGUQJ6lrljrQ1i2cw,warr-acres-oklahoma
https://www.ubereats.com/oklahoma-city/food-delivery/abuelos-oklahoma-city-memorial/S1g3uxydQkeIz3L73KBWYg,warr-acres-oklahoma
https://www.ubereats.com/oklahoma-city/food-delivery/huddle-house-701-s-morgan-rd/XTGtA06eSJa0ZjMW_5FIcQ,warr-acres-oklahoma
https://www.ubereats.com/oklahoma-city/food-delivery/mcdonalds-5812-northwest-expy/_0EmzEq2ToSOorfu57hlbQ,warr-acres-oklahoma
https://www.ubereats.com/oklahoma-city/food-delivery/pappys-bbq/XwNHeCkhRQSRddTDRj46Dw,warr-acres-oklahoma
https://www.ubereats.com/oklahoma-city/food-delivery/outback-steakhouse-2219-southwest-74th/OLL2vLBURzCfTb2pCjpJAg,warr-acres-oklahoma
https://www.ubereats.com/oklahoma-city/food-delivery/beverlys-pancake-house/9NzzL4E-RxCuMog49r47jg,warr-acres-oklahoma
https://www.ubereats.com/oklahoma-city/food-delivery/ranch-house-cafe/C7E7JTkuSNih3QHOHFR3Yg,warr-acres-oklahoma
https://www.ubereats.com/oklahoma-city/food-delivery/panda-express-500-south-macarthur/G5xnXIi5Q7Way1RHZ47pTg,warr-acres-oklahoma
https://www.ubereats.com/oklahoma-city/food-delivery/pj-fresh-701-south-morgan-road/t1hl8Ek6QPaLNdtf6PdOqg,warr-acres-oklahoma
https://www.ubereats.com/oklahoma-city/food-delivery/arbys-7424/uvBJMiXTSpCJ6eOPdQt_cQ,warr-acres-oklahoma
https://www.ubereats.com/oklahoma-city/food-delivery/starbucks-63rd-%26-grand/FN1f30BwRJyKcLoZ4h7GrQ,warr-acres-oklahoma
https://www.ubereats.com/oklahoma-city/food-delivery/long-john-silvers-2101-nw-122nd/PquXrmZlTsy0cKlBG2ZNKg,warr-acres-oklahoma
https://www.ubereats.com/oklahoma-city/food-delivery/mama-z%60s-african-restaurant/ssUIn6DUTAKRYLrjejXZzg,warr-acres-oklahoma
https://www.ubereats.com/oklahoma-city/food-delivery/cafe-nebu/g-JWwpN8TvWm6iokO3r0lw,warr-acres-oklahoma
https://www.ubereats.com/oklahoma-city/food-delivery/upper-crust-wood-fired-pizza-nw-178th-st/0FPLUMTaSUWYvQERPYyGSQ,warr-acres-oklahoma
https://www.ubereats.com/oklahoma-city/food-delivery/charlestons-240-service-rd/b8Tvnn-7RJWBG268w6nocQ,warr-acres-oklahoma
https://www.ubereats.com/oklahoma-city/food-delivery/kfc-7120-nw-expressway/hSoILQAcToG8rJxoxRBQZg,warr-acres-oklahoma
https://www.ubereats.com/oklahoma-city/food-delivery/naan-cuisine-of-india/Q8bg7zhERIuyVewTFkcLCw,warr-acres-oklahoma
https://www.ubereats.com/oklahoma-city/food-delivery/jack-in-the-box-540-s-macarthur-blvd/qbHUbsUaTuydFgT571Shrw,warr-acres-oklahoma
https://www.ubereats.com/oklahoma-city/food-delivery/mahogany-prime-steakhouse-w-sheridan/wP3ZeABpQ22W4FDENS_3cQ,warr-acres-oklahoma
https://www.ubereats.com/oklahoma-city/food-delivery/rock-%26-brews-oklahoma-city/B_fW_EZkTY6gnYFBBut1Mw,warr-acres-oklahoma
https://www.ubereats.com/oklahoma-city/food-delivery/cajun-king/_wV0IaCARz2IcQrOxntHTw,warr-acres-oklahoma
https://www.ubereats.com/oklahoma-city/food-delivery/arbys-1492/thbVmbEhQiGn0XvwMqJ-lQ,warr-acres-oklahoma
https://www.ubereats.com/oklahoma-city/food-delivery/taco-bell-2850-nw-23rd-street/s_TI0jvrSsylEhB5272ohQ,warr-acres-oklahoma
https://www.ubereats.com/oklahoma-city/food-delivery/charleys-philly-steaks-penn-square-mall/IVyJJu3AQ5-CpvtS4wsK-g,warr-acres-oklahoma
https://www.ubereats.com/oklahoma-city/food-delivery/golden-chick-oklahoma-23rd-st/JzFQ39-PQui2H_0-fI_zjw,warr-acres-oklahoma
https://www.ubereats.com/oklahoma-city/food-delivery/saii-asian-bistro-and-sushi-bar/eQiWtNjHQD2f-l4jf59M9w,warr-acres-oklahoma
https://www.ubereats.com/oklahoma-city/food-delivery/sonic-8116-nw-expressway/xMwUniyqRlOOuB1ju3L8FQ,warr-acres-oklahoma
https://www.ubereats.com/oklahoma-city/food-delivery/wendys-705-s-macarthur-blvd/scabeCVxQ7OSsxt44KAmeg,warr-acres-oklahoma
https://www.ubereats.com/oklahoma-city/food-delivery/margaritas-mexican-restaurant/Of5449ifRBCHDqqPVtKyuQ,warr-acres-oklahoma
https://www.ubereats.com/oklahoma-city/food-delivery/metro-diner-oklahoma-city/f29G0VFYT0q1X2lNl9B8cw,warr-acres-oklahoma
https://www.ubereats.com/oklahoma-city/food-delivery/yuzo-sushi-tapas-broadway-ave/4COWkGq-S_yHj4dx0qy1tA,warr-acres-oklahoma
https://www.ubereats.com/oklahoma-city/food-delivery/arbys-8506/9pAtj-WQTLGXrf9GqdDiRw,warr-acres-oklahoma
https://www.ubereats.com/oklahoma-city/food-delivery/billy-sims-bbq/1nL9ky0nSDyMU3bGvI3kgA,warr-acres-oklahoma
https://www.ubereats.com/oklahoma-city/food-delivery/taco-bell-10830-n-rockwell-ave/lNpsM-sSSDml8zGB2FQ8XA,warr-acres-oklahoma
https://www.ubereats.com/oklahoma-city/food-delivery/mcdonalds-130-w-britton-rd/STwuYGRWQ3mc0luXyMdhPA,warr-acres-oklahoma
https://www.ubereats.com/oklahoma-city/food-delivery/firehouse-subs-5924-sw-3rd-st/UXIW_m73Tgu5YcUP2YoJnw,warr-acres-oklahoma
https://www.ubereats.com/oklahoma-city/food-delivery/kfc-12330-n-pennsylvania-ave/HdGojq8VQVOxgF5gsjM7vQ,warr-acres-oklahoma
https://www.ubereats.com/oklahoma-city/food-delivery/taco-nuevo-okc/ZstH4yjVQ_iPAk--yL_wew,warr-acres-oklahoma
https://www.ubereats.com/oklahoma-city/food-delivery/core-fresh/n3kDuT6VRq-z2OP-pAKPww,warr-acres-oklahoma
https://www.ubereats.com/oklahoma-city/food-delivery/sandwich-world/Gmw0O8pXRJ-ai6bP8kroeA,warr-acres-oklahoma
https://www.ubereats.com/oklahoma-city/food-delivery/nestle-toll-house-cafe-by-chip-1901-northwest-expressway/eoCtgD50R5CF7-c0TB64Cw,warr-acres-oklahoma
https://www.ubereats.com/oklahoma-city/food-delivery/sonic-7640-n-may-ave/FWQ6SQfSQ7ChlyzAd6jtyQ,warr-acres-oklahoma
https://www.ubereats.com/oklahoma-city/food-delivery/chipotle-mexican-grill-14221-n-pennsylvania-ave-ste-a/WEPxO00aRLOiLwifrQlg7w,warr-acres-oklahoma
https://www.ubereats.com/oklahoma-city/food-delivery/teds-cafe-escondido-west-okc/8hMC2FqxSbuojdPYDwoGkg,warr-acres-oklahoma
https://www.ubereats.com/oklahoma-city/food-delivery/basil-mediterranean-cafe/BXdoNVFgQoyR7U6-0pFRWA,warr-acres-oklahoma
https://www.ubereats.com/oklahoma-city/food-delivery/qdoba-6432-sw-3rd-st/OQ0L6iZHRICFIASyFyxgMg,warr-acres-oklahoma
https://www.ubereats.com/oklahoma-city/food-delivery/nhinja-sushi-%26-wok-rockwell/PoRbf1IARu6OJRCkRFbDJg,warr-acres-oklahoma
https://www.ubereats.com/oklahoma-city/food-delivery/mcalisters-deli-731-okc-nw-expy-101036/MIWKHjBdQ_C00IQi-DrNIg,warr-acres-oklahoma
https://www.ubereats.com/oklahoma-city/food-delivery/flint/CLioCXKtRaOHY_xeK9ntAw,warr-acres-oklahoma
https://www.ubereats.com/oklahoma-city/food-delivery/burger-king-9401-north-council-road/xzQRqGR-SceWxSqyagvaLQ,warr-acres-oklahoma
https://www.ubereats.com/oklahoma-city/food-delivery/wendys-3701-n-may-ave/ZcaMpqUmTbKj-Hm-kI7xqA,warr-acres-oklahoma
https://www.ubereats.com/oklahoma-city/food-delivery/arbys-8629/YN-pJJ0RR3-C2gAZbWxMCA,warr-acres-oklahoma
https://www.ubereats.com/oklahoma-city/food-delivery/krispy-krunchy-chicken-6301-n-kelley-ave/Ssk9QePbSlaYOj-3R2Y7Tg,warr-acres-oklahoma
https://www.ubereats.com/oklahoma-city/food-delivery/mcalisters-deli-722-okc-memorial-ok-1324/_NJT7GeWTNeVIGBjA-b5mQ,warr-acres-oklahoma
https://www.ubereats.com/oklahoma-city/food-delivery/sonic-5625-n-western-ave/wsq0MXbjT9urcoYZ-VWAoA,warr-acres-oklahoma
https://www.ubereats.com/oklahoma-city/food-delivery/jerkycom-midtown-okc/fGs44z0cTYeCSobvGsVeHw,warr-acres-oklahoma
https://www.ubereats.com/oklahoma-city/food-delivery/mahogany-prime-steakhouse-w-memorial/xZRjBIBeQquvifYxttP_Ow,warr-acres-oklahoma
https://www.ubereats.com/oklahoma-city/food-delivery/sonic-901-north-cemetery-road/TiBU1VCZT0eIprSnATYa4A,warr-acres-oklahoma
https://www.ubereats.com/oklahoma-city/food-delivery/hooters-oklahoma-city-penn-ave/ORea09WYQjOYqObsVVmP7Q,warr-acres-oklahoma
https://www.ubereats.com/oklahoma-city/food-delivery/ihop-11312-westmark-dr/rOChOEy8Rz6NLTtAR9sUeA,warr-acres-oklahoma
https://www.ubereats.com/oklahoma-city/food-delivery/red-rock-canyon-grill-okc/0XODwAUVS1SBJ00CBE-HCw,warr-acres-oklahoma
https://www.ubereats.com/oklahoma-city/food-delivery/taco-bueno-3219-mustang-%231/C86GLfSKS--3xf2WV0jpuw,warr-acres-oklahoma
https://www.ubereats.com/oklahoma-city/food-delivery/mcdonalds-2901-s-may/OZqPY6tLRyWa3xVGXfwg9A,warr-acres-oklahoma
https://www.ubereats.com/oklahoma-city/food-delivery/pizza-zone/HmuqA3S_SwOfPZ8V_Z5Nrg,warr-acres-oklahoma
https://www.ubereats.com/oklahoma-city/food-delivery/panera-7101-northwest-expressway-street/eubgnwUDRAWrDSTqEhsEBQ,warr-acres-oklahoma
https://www.ubereats.com/oklahoma-city/food-delivery/pei-wei-4401-w-memorial-road-suite-104/ee0Kn70rRcecdmUGiRBm3Q,warr-acres-oklahoma
https://www.ubereats.com/oklahoma-city/food-delivery/mcdonalds-11000-n-rockwell/n-mQxmt2S1eYXyQssfLMcQ,warr-acres-oklahoma
https://www.ubereats.com/oklahoma-city/food-delivery/sonic-2828-sw-89th-street/x_ESqRgOTRy-szkanFGreg,warr-acres-oklahoma
https://www.ubereats.com/oklahoma-city/food-delivery/carls-jr-3264-s-broadway/77L3-j7nTlG5o2tIejUzMQ,warr-acres-oklahoma
https://www.ubereats.com/oklahoma-city/food-delivery/tgi-fridays-1492-oklahoma-city-ok/pI1wCfYMQryNcquQuI6BIQ,warr-acres-oklahoma
https://www.ubereats.com/oklahoma-city/food-delivery/sweis-greek-cafe/pRCdHSCoRsmvciqiOWWxCA,warr-acres-oklahoma
https://www.ubereats.com/oklahoma-city/food-delivery/pizziniz-pizza/ZBAWAJloSR-HvFYifMv2ag,warr-acres-oklahoma
https://www.ubereats.com/oklahoma-city/food-delivery/taco-bell-4839-nw-39th-street/iu7M3GiPS-e7Kh5aSGyMZA,warr-acres-oklahoma
https://www.ubereats.com/oklahoma-city/food-delivery/hooters-yukon/KjUdCJmdRf-z6ErWgLOvqw,warr-acres-oklahoma
https://www.ubereats.com/oklahoma-city/food-delivery/jersey-mikes-subs-6815-sw-3rd-street/uYAenX6BROGn_BDNQyHELw,warr-acres-oklahoma
https://www.ubereats.com/oklahoma-city/food-delivery/pizza-inn-9101-n-council-rd/CmKQjKZbQgOamMEkMMTtmw,warr-acres-oklahoma
https://www.ubereats.com/oklahoma-city/food-delivery/casa-perico-mexican-grille-63rd-st/sUAAPNSDTISt9oVpicqxgA,warr-acres-oklahoma
https://www.ubereats.com/oklahoma-city/food-delivery/dunkin-9705-n-may-ave/PLHKh1OYRXq8KRVoIpv5dw,warr-acres-oklahoma
https://www.ubereats.com/oklahoma-city/food-delivery/arbys-8310/jht0sMsQRGWqXO1bAfNGMQ,warr-acres-oklahoma
https://www.ubereats.com/oklahoma-city/food-delivery/twin-peaks-restaurant-6500-sw-3rd-st/0c41lHIKSoSGArNEu_33Gg,warr-acres-oklahoma
https://www.ubereats.com/oklahoma-city/food-delivery/jeffs-cafe/hVzqYxo2S5qmXsXJqHYaCA,warr-acres-oklahoma
https://www.ubereats.com/oklahoma-city/food-delivery/jersey-mikes-subs-3604-n-may-ave/PDYL-7j3QRC0jZHBidGpig,warr-acres-oklahoma
https://www.ubereats.com/oklahoma-city/food-delivery/fazolis-6821-nw-expressway/1qrSrotHRiGosZYqVljbTA,warr-acres-oklahoma
https://www.ubereats.com/oklahoma-city/food-delivery/yaquis-mexican-restaurant/upYRnyWAReK33Cpr2At-eg,warr-acres-oklahoma
https://www.ubereats.com/oklahoma-city/food-delivery/sapporo-sushi-bar-yukon/QUYdH1WuQsCZX6oalTnBTQ,warr-acres-oklahoma
https://www.ubereats.com/oklahoma-city/food-delivery/charlestons-nw-expressway/pNh0DdbfRgOQD_XOVM5KRg,warr-acres-oklahoma
https://www.ubereats.com/oklahoma-city/food-delivery/mother-clucker/vUSMOxerSgyEYtEwFZJkNQ,warr-acres-oklahoma
https://www.ubereats.com/oklahoma-city/food-delivery/oozie-mediterranean-restaurant/jrXsu8S_QSa_k8s1tIzRNw,warr-acres-oklahoma
https://www.ubereats.com/oklahoma-city/food-delivery/captn-regan/6fuzozsjRHOA2KbDL8kBQQ,warr-acres-oklahoma
https://www.ubereats.com/oklahoma-city/food-delivery/sams-southern-eatery/aqLSv3eSQHW9m9Jpt2EbPA,warr-acres-oklahoma
https://www.ubereats.com/oklahoma-city/food-delivery/cajun-cafe/BDF4PLV3SyqMeZZoaCnEYA,warr-acres-oklahoma
https://www.ubereats.com/oklahoma-city/food-delivery/hopscotch-bar-and-grill/-sPjo0OcTfqaWPMn-g74aw,warr-acres-oklahoma
https://www.ubereats.com/oklahoma-city/food-delivery/charlestons-w-memorial/zIQ4mS9IS-S7xj4hXQ_nzA,warr-acres-oklahoma
https://www.ubereats.com/oklahoma-city/food-delivery/johnnies-charcoal-broiler-w-britton-rd/eIEUWsCRQrWbrHrI4lQxQg,warr-acres-oklahoma
https://www.ubereats.com/oklahoma-city/food-delivery/jersey-mikes-subs-1600-garth-brooks-blvd/u1v8SqSVTZK9fXqaaHRk7w,warr-acres-oklahoma
https://www.ubereats.com/oklahoma-city/food-delivery/cracker-barrel-old-country-store-700-cornell-parkway/bRI6iClCQAq5aG5w4oCY4g,warr-acres-oklahoma
https://www.ubereats.com/oklahoma-city/food-delivery/firehouse-subs-5959-nw-expressway/ILo2T07HQOeNI5qd_GRjEw,warr-acres-oklahoma
https://www.ubereats.com/oklahoma-city/food-delivery/jiro-sushi/jRo0A_0dRK6MFqbLHdgXYg,warr-acres-oklahoma
https://www.ubereats.com/oklahoma-city/food-delivery/mcdonalds-8001-nw-hwy/nuOlZ7AdR8KJMDj22SeL1Q,warr-acres-oklahoma
https://www.ubereats.com/oklahoma-city/food-delivery/sonic-2820-e-memorial-rd/GGEVJpcLSOqyP_g_81Q-Wg,warr-acres-oklahoma
https://www.ubereats.com/oklahoma-city/food-delivery/jack-in-the-box-1301-se-44th-st/WbcJqQxQTvKKwGC2BKUjqw,warr-acres-oklahoma
https://www.ubereats.com/oklahoma-city/food-delivery/grannys-kitchen-west-memorial/5sqGSPSDTGaOxnNotCTPjQ,warr-acres-oklahoma
https://www.ubereats.com/oklahoma-city/food-delivery/wendys-3834-n-lincoln/HlQczpWxRTOqWzfnP3No8A,warr-acres-oklahoma
https://www.ubereats.com/oklahoma-city/food-delivery/chick-n-beer/yoWXmJOEQVCVdvH9cgmN_Q,warr-acres-oklahoma
https://www.ubereats.com/oklahoma-city/food-delivery/hefner-grill/f9HCp7IMQqqXtul-6TDqrw,warr-acres-oklahoma
https://www.ubereats.com/oklahoma-city/food-delivery/grilled-cheese-society/o6e0Lh0WTcC5nOHzYtYznQ,warr-acres-oklahoma
https://www.ubereats.com/oklahoma-city/food-delivery/naylamp-peruvian-restaurant-north/VPKSRi9qRQqnZbwC0g6amA,warr-acres-oklahoma
https://www.ubereats.com/oklahoma-city/food-delivery/grandys-7704-south-western-avenue/Qwmtv1wtSUGgFITUVqUQ0w,warr-acres-oklahoma
https://www.ubereats.com/oklahoma-city/food-delivery/lakesideseafood/7au0c5-HSK2yZ_Xnb9obqA,warr-acres-oklahoma
https://www.ubereats.com/oklahoma-city/food-delivery/mcdonalds-1004-w-sheridan/Fpuc1hkuRXKCBHywuPomgg,warr-acres-oklahoma
https://www.ubereats.com/oklahoma-city/food-delivery/johnnies-charcoal-broiler-yukon/JQvnY504QD6iFKPSzi4U1A,warr-acres-oklahoma
https://www.ubereats.com/oklahoma-city/food-delivery/roll-%26-rock-sushi-station/aVK368FgRzSNRHvZypGbKA,warr-acres-oklahoma
https://www.ubereats.com/oklahoma-city/food-delivery/texas-de-brazil-oklahoma-city/DzTfm2T2SdOloARRAsIr9Q,warr-acres-oklahoma
https://www.ubereats.com/oklahoma-city/food-delivery/mcdonalds-401-s-macarthur-blvd/fEPu9RHSScydDFEjXAgmGg,warr-acres-oklahoma
https://www.ubereats.com/oklahoma-city/food-delivery/burger-king-4525-n-w-23-street/YltTs1YySEyoOEnHwqN7XQ,warr-acres-oklahoma
https://www.ubereats.com/oklahoma-city/food-delivery/mcdonalds-2101-nw-23rd-st/y36IkVR1Q_y1L-vWQHalgQ,warr-acres-oklahoma
https://www.ubereats.com/oklahoma-city/food-delivery/black-bear-diner-3015-w-memorial-road/PRJ5BoVpRrm4n9TyflXmkA,warr-acres-oklahoma
https://www.ubereats.com/oklahoma-city/food-delivery/burritos-el-tin-tan/8plB4awjTzSC8grkun2lQA,warr-acres-oklahoma
https://www.ubereats.com/oklahoma-city/food-delivery/mothership-pizza/BKkN0RMJSquCzMvQHO4J3A,warr-acres-oklahoma
https://www.ubereats.com/oklahoma-city/food-delivery/kfc-6000-n-may-avenue/_T1bMVOKRtmIgmXYedhQsg,warr-acres-oklahoma
https://www.ubereats.com/oklahoma-city/food-delivery/ms-shirleys-soul-food/o3wbEnxtRLeNwqiP9mi6Tw,warr-acres-oklahoma
https://www.ubereats.com/oklahoma-city/food-delivery/tikka-craze/LIE0dh_BTzK8okaLoi58WQ,warr-acres-oklahoma
https://www.ubereats.com/oklahoma-city/food-delivery/starbucks-rockwell-%26-northwest-hwy/94LQ3yo-RJGxGlU_AAeHIA,warr-acres-oklahoma
https://www.ubereats.com/oklahoma-city/food-delivery/wendys-4501-nw-23rd-st/Mb_vpGJqRdmKcas5SFOWBg,warr-acres-oklahoma
https://www.ubereats.com/oklahoma-city/food-delivery/chick-fil-a-7004-nw-expressway/fxXW7i6lQNm9ESsvIX2dBQ,warr-acres-oklahoma
https://www.ubereats.com/oklahoma-city/food-delivery/jersey-mikes-subs-1630-nw-23rd-street/GIHqS1twRMuB2q_NAP_H1A,warr-acres-oklahoma
https://www.ubereats.com/oklahoma-city/food-delivery/subway-7101-nw-expressway/z3esSIQVSk6puY3UCmClbw,warr-acres-oklahoma
https://www.ubereats.com/oklahoma-city/food-delivery/ice-event-center-and-grill/y7LQpZG4THmihXKtyw6Z7Q,warr-acres-oklahoma
https://www.ubereats.com/oklahoma-city/food-delivery/cafe-do-brasil/XM_bxI9lRrCmkN2Pbifvxg,warr-acres-oklahoma
https://www.ubereats.com/oklahoma-city/food-delivery/405-pizza-company/uA4V_OJiSWetf2rM60FR0A,warr-acres-oklahoma
https://www.ubereats.com/oklahoma-city/food-delivery/chuck-e-cheese-6817-nw-expressway/gFdGiyCYTgisGpLGXjvzJg,warr-acres-oklahoma
https://www.ubereats.com/oklahoma-city/food-delivery/belle-kitchen/lqiLpN5JTSe69McVTWRdDg,warr-acres-oklahoma
https://www.ubereats.com/oklahoma-city/food-delivery/city-street-grill/fut1PIOsTqq5lR1xeui1Yw,warr-acres-oklahoma
https://www.ubereats.com/oklahoma-city/food-delivery/bjs-restaurant-%26-brewhouse-325-outlet-shoppes-drive/9w2iF1ssQUCtAmyOkShQ7g,warr-acres-oklahoma
https://www.ubereats.com/oklahoma-city/food-delivery/ihop-1484/kMzjyoQaTEOxD44zMHHQ9w,warr-acres-oklahoma
https://www.ubereats.com/oklahoma-city/food-delivery/chick-fil-a-6201-n-may-ave/Ayt2xzM-TJiMmfe6OFFKaw,warr-acres-oklahoma
https://www.ubereats.com/oklahoma-city/food-delivery/press-waffle-co-oklahoma-city/FF6g6S9EQQqc77ovu24whg,warr-acres-oklahoma
https://www.ubereats.com/oklahoma-city/food-delivery/gogi-go!/TjLokIVITamsVeKzFPB63A,warr-acres-oklahoma
https://www.ubereats.com/oklahoma-city/food-delivery/sonic-2800-s-may-ave/ZEi3lkWxSUSpeUufD1ZpwQ,warr-acres-oklahoma
https://www.ubereats.com/oklahoma-city/food-delivery/the-hot-italian-hilal/V-xU1iMWSDOQr7HA_INKvA,warr-acres-oklahoma
https://www.ubereats.com/oklahoma-city/food-delivery/sonic-1011-s-morgan-road/--DB1J0zT8uulgytoj_IXA,warr-acres-oklahoma
https://www.ubereats.com/oklahoma-city/food-delivery/cicis-7341-s-western-ave/w8thPrupSbiyYvIbLrtjnw,warr-acres-oklahoma
https://www.ubereats.com/oklahoma-city/food-delivery/pizza-house/9Z2expdeSsij7zNhVEkRUg,warr-acres-oklahoma
https://www.ubereats.com/oklahoma-city/food-delivery/dunkin-4400-nw-39th-st/91mwI7uJQEyxu7pwZHYMrQ,warr-acres-oklahoma
https://www.ubereats.com/oklahoma-city/food-delivery/marcos-pizza-5801-nw-50th-st/0szpI_3NTlSfza62tlsA9Q,warr-acres-oklahoma
https://www.ubereats.com/oklahoma-city/food-delivery/arbys-6523/RLEXrzCRRb6570uQpLrNMw,warr-acres-oklahoma
https://www.ubereats.com/oklahoma-city/food-delivery/panda-express-7700-nw-expressway/rdkopMLAQWWtTnGOp596RA,warr-acres-oklahoma
https://www.ubereats.com/oklahoma-city/food-delivery/thalad/noLjJrmvTSKiOfWaSSYkOg,warr-acres-oklahoma
https://www.ubereats.com/oklahoma-city/food-delivery/neds-starlite-lounge/WWTR2EOQT4KnPC_wIVBBBA,warr-acres-oklahoma
https://www.ubereats.com/oklahoma-city/food-delivery/mcalisters-deli-730-westgate-okc-101035/g06I6L12Ry2e4fsJBim6ig,warr-acres-oklahoma
https://www.ubereats.com/oklahoma-city/food-delivery/krispy-krunchy-chicken-2503-w-reno-ave/kO3ALrALTHKXHN8dAZP71w,warr-acres-oklahoma
https://www.ubereats.com/oklahoma-city/food-delivery/charlestons-s-meridian/PKRNvgwLRNqK2G6u_DqlrA,warr-acres-oklahoma
https://www.ubereats.com/oklahoma-city/food-delivery/arbys-6887/HHG-bSsZT8aINlcFE0P08g,warr-acres-oklahoma
https://www.ubereats.com/oklahoma-city/food-delivery/meridian-pizza/2MNKJjK8SKyKm4AxfRVhGA,warr-acres-oklahoma
https://www.ubereats.com/oklahoma-city/food-delivery/zamzam-mediterranean-grill/qL9MzZ72Sc2TvrLXZKyDtg,warr-acres-oklahoma
https://www.ubereats.com/oklahoma-city/food-delivery/red-robin-462-13800-n-pennsylvania-ave/oaPsYcRPTLe3rfmHNOZmgw,warr-acres-oklahoma
https://www.ubereats.com/oklahoma-city/food-delivery/panda-express-2201-nw-23rd-st/iE3nC0D5SDiFY3QYeWglEw,warr-acres-oklahoma
https://www.ubereats.com/oklahoma-city/food-delivery/pei-wei-1841-belle-isle-blvd/8Pnpr99OTQ2QU5rXWdbUJg,warr-acres-oklahoma
https://www.ubereats.com/oklahoma-city/food-delivery/the-garage-britton/-KqvKLfZQ8GZyBzAVK4eeg,warr-acres-oklahoma
https://www.ubereats.com/oklahoma-city/food-delivery/saltgrass-2747-west-memorial-dr/KqLJsYS0SrKpZ153wi4sVA,warr-acres-oklahoma
https://www.ubereats.com/oklahoma-city/food-delivery/churchs-chicken-5590-nw-expressway/QIufXl_QT9OOVBn3ZBs_DA,warr-acres-oklahoma
https://www.ubereats.com/oklahoma-city/food-delivery/sonic-9300-n-rockwell/ejg25CQETT6wu5IGr-Serw,warr-acres-oklahoma
https://www.ubereats.com/oklahoma-city/food-delivery/san-marcos-3/qaKYQlu_RnuikHWJx6AqiA,warr-acres-oklahoma
https://www.ubereats.com/oklahoma-city/food-delivery/qdoba-mexican-grill-7002-northwest-expressway/qgx78h_HSlOVvpsd9x8BXA,warr-acres-oklahoma
https://www.ubereats.com/oklahoma-city/food-delivery/saki-sushi-bar/KLCS4qmDSo2zwY4K5RYGEA,warr-acres-oklahoma
https://www.ubereats.com/oklahoma-city/food-delivery/taco-bell-11303-westmark-drive/PrFXgqrfTTeJnu4kILJh0Q,warr-acres-oklahoma
https://www.ubereats.com/oklahoma-city/food-delivery/taco-bell-975-s-cornwell-dr/yEb0Pj9rTKaXgTwMNzcP-w,warr-acres-oklahoma
https://www.ubereats.com/oklahoma-city/food-delivery/papa-johns-10908-b-n-may/ilZgEmh4RtqEczrWuMmbuw,warr-acres-oklahoma
https://www.ubereats.com/oklahoma-city/food-delivery/beth-lyons-black-cat/E7E9P7NARqKJHJ1vacrj_Q,warr-acres-oklahoma
https://www.ubereats.com/oklahoma-city/food-delivery/sweis-gyros-and-potatoes/z7nwV_V9QNKnk9YHNRSLvA,warr-acres-oklahoma
https://www.ubereats.com/oklahoma-city/food-delivery/saltgrass-1445-west-i-240-service-road/avU1_2kQQOi8MmVTF9JCpw,warr-acres-oklahoma
https://www.ubereats.com/oklahoma-city/food-delivery/kfc-2401-n-martin-luther-king-jr-ave/hxpHwfvoQhWwpNKwGl6ulA,warr-acres-oklahoma
https://www.ubereats.com/oklahoma-city/food-delivery/ninas-family-restaurant/_tHFxO3QRumgrAYwfYxKQw,warr-acres-oklahoma
https://www.ubereats.com/oklahoma-city/food-delivery/subway-8022-nw-39th-expressway/UbiM7FJVSrG8PQ2BX-ozoA,warr-acres-oklahoma
https://www.ubereats.com/oklahoma-city/food-delivery/casa-perico-mexican-grille-pennsylvania/UUpjY6wpRpqAcKgB_CpLZA,warr-acres-oklahoma
https://www.ubereats.com/oklahoma-city/food-delivery/chicken-express-580-e-state-hwy-152/GxaKQIQDTZC_yEw9lwa9PQ,warr-acres-oklahoma
https://www.ubereats.com/oklahoma-city/food-delivery/sapporo-sushi-bar/-d9RYwhoSxCW1aKwjn8mFg,warr-acres-oklahoma
https://www.ubereats.com/oklahoma-city/food-delivery/may-food-mart/x4wsYkWXQVGh1cNTFULKNA,warr-acres-oklahoma
https://www.ubereats.com/oklahoma-city/food-delivery/subway-7136-nw-23rd-st/PjBbrCf4QF-zHcBuV74jJw,warr-acres-oklahoma
https://www.ubereats.com/oklahoma-city/food-delivery/teds-cafe-escondido-north-okc/YOj_tOcrR8-b7XPPZmwvTQ,warr-acres-oklahoma
https://www.ubereats.com/oklahoma-city/food-delivery/carls-jr-112-nw-23rd-st/8WXEkmQRSSOxClGzCLElPQ,warr-acres-oklahoma
https://www.ubereats.com/oklahoma-city/food-delivery/dairy-queen-grill-%26-chill-900-n-cemetery/X4Q6SyPKSxSgn5VyaKwU6Q,warr-acres-oklahoma
https://www.ubereats.com/oklahoma-city/food-delivery/ichiban-sushi-bar-%26-poke/4JJEckgxQ7SXTk5H9QQLxA,warr-acres-oklahoma
https://www.ubereats.com/oklahoma-city/food-delivery/zios-italian-kitchen-603/IwPtrZ-0Rl6AoA09wT94iw,warr-acres-oklahoma
https://www.ubereats.com/oklahoma-city/food-delivery/chicken-express-12900-nw-10th-st/N_WnJcfPST24kbrM0Li59A,warr-acres-oklahoma
https://www.ubereats.com/oklahoma-city/food-delivery/nhinja-sushi-%26-wok-may/B-nnP_g8Q8aG8mABzo0uWA,warr-acres-oklahoma
https://www.ubereats.com/oklahoma-city/food-delivery/chipotle-mexican-grill-3315-nw-expressway-ste-a/L3v7voPgQqqdgnqxh_D0ww,warr-acres-oklahoma
https://www.ubereats.com/oklahoma-city/food-delivery/taco-bell-6801-n-may-ave/-vdWL4dpQsmxbGOFzBUUpg,warr-acres-oklahoma
https://www.ubereats.com/oklahoma-city/food-delivery/hooties-burger-bar-12320-nw-10th-st/bR5cz2KORbyF59opbkmu1Q,warr-acres-oklahoma
https://www.ubereats.com/oklahoma-city/food-delivery/mother-clucker/0f15b0U5TISS1WnQJevrmw,warr-acres-oklahoma
https://www.ubereats.com/oklahoma-city/food-delivery/popeyes-louisiana-kitchen-4529-nw-23rd-st/k3fbuP0hQlKTP-pCxpMtVw,warr-acres-oklahoma
https://www.ubereats.com/oklahoma-city/food-delivery/jersey-mikes-subs-6719-north-may-avenue/QvEkXkzFTOO5cBfcT7RrIA,warr-acres-oklahoma
https://www.ubereats.com/oklahoma-city/food-delivery/syrup-oklahoma-city/Qy4NaCV0SyyHCyqMjGtPAA,warr-acres-oklahoma
https://www.ubereats.com/oklahoma-city/food-delivery/san-marcos-5/MKzcLtHaTV6_mDX81Pf7gA,warr-acres-oklahoma
https://www.ubereats.com/oklahoma-city/food-delivery/mcdonalds-3722-nw-39th-st/bwlqHx4KSXOTgUYhpUqI9w,warr-acres-oklahoma
https://www.ubereats.com/oklahoma-city/food-delivery/sonic-3342-nw-23rd-street/8C0ZyCafSCqILmf8-HNMMw,warr-acres-oklahoma
https://www.ubereats.com/oklahoma-city/food-delivery/on-the-border-edmond/4XhsAZDnQmGCmkm6wcFMrQ,warr-acres-oklahoma
https://www.ubereats.com/oklahoma-city/food-delivery/southern-cuisine/I00hS4xmSIWd1UvSqcU-nA,warr-acres-oklahoma
https://www.ubereats.com/oklahoma-city/food-delivery/phat-philly-cheesesteaks-halal/smHNu3xYSLmT2r6T_cS-dg,warr-acres-oklahoma
https://www.ubereats.com/oklahoma-city/food-delivery/riviere-modern-banh-mi/b5L7Fz6lSRaGYNw1PoYKKA,warr-acres-oklahoma
https://www.ubereats.com/oklahoma-city/food-delivery/johnnies-charcoal-broiler-express-n-may-ave/y4P6Q1_6Sxud0b_v1ME8jg,warr-acres-oklahoma
https://www.ubereats.com/oklahoma-city/food-delivery/red-lobster-4243-nw-expressway-street/7anNTEWGTQmNIjowV38UvA,warr-acres-oklahoma
https://www.ubereats.com/oklahoma-city/food-delivery/red-rooster/Wop1JC5cRra_Ly7bKwGsTQ,warr-acres-oklahoma
https://www.ubereats.com/oklahoma-city/food-delivery/fazolis-13600-n-pennsylvania-ave/86AcEXuXQSu6Y5R2M605gQ,warr-acres-oklahoma
https://www.ubereats.com/oklahoma-city/food-delivery/lets-do-greek/FmWGUsPxThCa0hRuPjy4RQ,warr-acres-oklahoma
https://www.ubereats.com/oklahoma-city/food-delivery/starbucks-memorial-%26-macarthur/ff5KJK-UThux_b8SCelHgw,warr-acres-oklahoma
https://www.ubereats.com/oklahoma-city/food-delivery/red-lobster-2625-w-memorial-rd/0e_fKKhAQfKrHB9sGnlOMQ,warr-acres-oklahoma
https://www.ubereats.com/oklahoma-city/food-delivery/taqueria-durango/h8PkuToHTsen_GX28TZ4uA,warr-acres-oklahoma
https://www.ubereats.com/oklahoma-city/food-delivery/mcdonalds-6700-n-may/PgnwsViWQI-0JnQCYFV2DA,warr-acres-oklahoma
https://www.ubereats.com/oklahoma-city/food-delivery/mcdonalds-113-nw-23rd-st/J6aPPGYRQtq44GicQ2i1tQ,warr-acres-oklahoma
https://www.ubereats.com/oklahoma-city/food-delivery/schlotzskys-deli-w-memorial-rd/-vkscTlUR8u66ZYGDRIQjg,warr-acres-oklahoma
https://www.ubereats.com/oklahoma-city/food-delivery/rosario-cantina-mexican-grill/ea5jMi9lTKu_saH--uN1Bw,warr-acres-oklahoma
https://www.ubereats.com/oklahoma-city/food-delivery/papa-murphys-3248-south-broadway-suite-180/EaiitAgtRz2PhprfuG0RMA,warr-acres-oklahoma
https://www.ubereats.com/oklahoma-city/food-delivery/five-guys-ok-1841-6304-sw-3rd-st/jdCkgCbvSLu_P0v04MSzWA,warr-acres-oklahoma
https://www.ubereats.com/oklahoma-city/food-delivery/chelinos-mexican-restaurant/OkCUTLMHSTqlEDNjb3gnzQ,warr-acres-oklahoma
https://www.ubereats.com/oklahoma-city/food-delivery/social-capital/F1PJnSCWQb2NFLcbOAlrrQ,warr-acres-oklahoma
https://www.ubereats.com/oklahoma-city/food-delivery/taco-bell-980-e-state-highway-152/KqJ1ESUITRePqwOLGXwhYg,warr-acres-oklahoma
https://www.ubereats.com/oklahoma-city/food-delivery/mcdonalds-5850-nw-39th-expy/8WtnNmBsQgOj9Cfr_6mBkg,warr-acres-oklahoma
https://www.ubereats.com/oklahoma-city/food-delivery/jersey-mikes-subs-1724-s-broadway/rmDfzBq-S8OceME6yyb0Ig,warr-acres-oklahoma
https://www.ubereats.com/oklahoma-city/food-delivery/arbys-1337/nlSBa6EtSpmA8e4GIQrf6w,warr-acres-oklahoma
https://www.ubereats.com/oklahoma-city/food-delivery/legends-secret-bar-%26-grill/CHL711JISLKDE-iFrZRX-A,warr-acres-oklahoma
https://www.ubereats.com/oklahoma-city/food-delivery/pho-hieu/JW3woDc6R0e30xLpLiRQbQ,warr-acres-oklahoma
https://www.ubereats.com/oklahoma-city/food-delivery/arbys-1591/vrrQ8kudSuyyvbdWJCo01g,warr-acres-oklahoma
https://www.ubereats.com/oklahoma-city/food-delivery/tims-drive-inn5037-north-macarthur-boulevard/eGT30JapRqePZESDugOMfg,warr-acres-oklahoma
https://www.ubereats.com/oklahoma-city/food-delivery/starbucks-36th-%26-may/Pp72xtReQPuHMDkEk0yqRg,warr-acres-oklahoma
https://www.ubereats.com/oklahoma-city/food-delivery/schlotzskys-3314-s-broadway-ave/ZWJr613uTt2kWMrutV36og,warr-acres-oklahoma
https://www.ubereats.com/oklahoma-city/food-delivery/china-river/WLpMSdc6RbKcH8uwc5nt3A,warr-acres-oklahoma
https://www.ubereats.com/oklahoma-city/food-delivery/johnnies-charcoal-broiler-nw-expressway/XTB0oVRERpmjpXNtau2lzQ,warr-acres-oklahoma
https://www.ubereats.com/oklahoma-city/food-delivery/sonic-4417-nw-63rd-street/Mmfc4REYSTq9xaMeuEEzLQ,warr-acres-oklahoma
https://www.ubereats.com/oklahoma-city/food-delivery/dickeys-bbq-pit-7800-n-may-ave/H9DyMqjMTpOV_kWEB61_uw,warr-acres-oklahoma
https://www.ubereats.com/oklahoma-city/food-delivery/bistro-38/Q4Lw1UqSTzaGOHyZDXeE_w,warr-acres-oklahoma
https://www.ubereats.com/oklahoma-city/food-delivery/taco-bell-220-nw-23rd-st/nqehlBtsT1SkgKbzYtxTUQ,warr-acres-oklahoma
https://www.ubereats.com/oklahoma-city/food-delivery/flavor-wings-%26-fries/RVSmhBl6SPO9n1Pb4i91dQ,warr-acres-oklahoma
https://www.ubereats.com/oklahoma-city/food-delivery/hooters-3025-n-w-expressway/gZM0-n2LTRGKLA6NsMV_9A,warr-acres-oklahoma
https://www.ubereats.com/oklahoma-city/food-delivery/kfc-5917-s-shields-blvd/KmZvelzuSaaQirufCqVAPQ,warr-acres-oklahoma
https://www.ubereats.com/oklahoma-city/food-delivery/qdoba-13720-n-pennsylvania-ave/wPYD54ayTF-Za0-eD1vOoQ,warr-acres-oklahoma
https://www.ubereats.com/oklahoma-city/food-delivery/ihop-1907/1fCRFiNfRKmu3H6lG8l7ZA,warr-acres-oklahoma
https://www.ubereats.com/oklahoma-city/food-delivery/dairy-queen-grill-%26-chill-14430-n-pennsylvania/3TqUVoIESIiNz4HSknKSMg,warr-acres-oklahoma
https://www.ubereats.com/oklahoma-city/food-delivery/tropical-smoothie-cafe-memorial/LTck61h2RIqXJMwsl7fs1g,warr-acres-oklahoma
https://www.ubereats.com/oklahoma-city/food-delivery/taco-bell-5704-nw-expressway/iyVlSNT4TrKhSmbhhf5QqQ,warr-acres-oklahoma
https://www.ubereats.com/oklahoma-city/food-delivery/en-croute/sLjNPVSERhSLtxQ0vKpl-w,warr-acres-oklahoma
https://www.ubereats.com/oklahoma-city/food-delivery/panda-express-14040-n-may-ave/UExLfT11Q522yO2GEmwy1Q,warr-acres-oklahoma
https://www.ubereats.com/oklahoma-city/food-delivery/jersey-mikes-subs-2522-w-memorial-rd/bazHYiUvTjeGhkc8UyvbDg,warr-acres-oklahoma
https://www.ubereats.com/oklahoma-city/food-delivery/pizza-milano/KVgg-9FHRXWPK5D-r3FUQA,warr-acres-oklahoma
https://www.ubereats.com/oklahoma-city/food-delivery/taco-bell-2608-s-i-35-service-rd/IoIz46C1TtqL9rdW_63I2Q,warr-acres-oklahoma
https://www.ubereats.com/oklahoma-city/food-delivery/papa-johns-2129-nw-23rd/F3j7KQtvQEO1tPHLyxzzrQ,warr-acres-oklahoma
https://www.ubereats.com/oklahoma-city/food-delivery/magasin-table/bshzo2I-S5eRxNHYymJKow,warr-acres-oklahoma
https://www.ubereats.com/oklahoma-city/food-delivery/hooties-burger-bar-3025-nw-expressway/5WBLEcPLRCaRgI06MoXUvg,warr-acres-oklahoma
https://www.ubereats.com/oklahoma-city/food-delivery/arbys-6970/KGk_a2mhRjWvRtDF49nwbw,warr-acres-oklahoma
https://www.ubereats.com/oklahoma-city/food-delivery/pasta-2-go/l0D03Q7MT2ulG5cXydGw0w,warr-acres-oklahoma
https://www.ubereats.com/oklahoma-city/food-delivery/arbys-8441/IiaZzbzaQMa2AFW80rjfOg,warr-acres-oklahoma
https://www.ubereats.com/oklahoma-city/food-delivery/the-baked-bear-yukon/pzFOuHsYTsCu5rzTCvWQWg,warr-acres-oklahoma
https://www.ubereats.com/oklahoma-city/food-delivery/qdoba-2145-sw-104th-st/uY1eypTXRrOEYtMGLy1A0g,warr-acres-oklahoma
https://www.ubereats.com/oklahoma-city/food-delivery/mcdonalds-10809-n-may/88qClKiNRVyBldCobDuwqA,warr-acres-oklahoma
https://www.ubereats.com/oklahoma-city/food-delivery/schlotzskys-19417-n-portland/vTsWbDQbSi2eAMQwdbCAtw,warr-acres-oklahoma
https://www.ubereats.com/oklahoma-city/food-delivery/twin-peaks-restaurant-3109-w-memorial/QbAhjT8VR26jC25Xu3b4XQ,warr-acres-oklahoma
https://www.ubereats.com/oklahoma-city/food-delivery/papa-murphys-7755-west-hefner-road-suite-a/MapWOiYZQHGhHaG5pb2Srw,warr-acres-oklahoma
https://www.ubereats.com/oklahoma-city/food-delivery/churchs-chicken-3610-nw-23rd-street/y31ugmEmTGCIp-fU-bq8xQ,warr-acres-oklahoma
https://www.ubereats.com/oklahoma-city/food-delivery/buffalo-wild-wings-1765-shedeck-pkwy/4R29jDbtQL6_lne76R8Shw,warr-acres-oklahoma
https://www.ubereats.com/oklahoma-city/food-delivery/kitchen-at-commonplace-books/HPCUBUpNQ2WDJjrAdJCogw,warr-acres-oklahoma
https://www.ubereats.com/oklahoma-city/food-delivery/sonic-2109-nw-122nd-street/KYcPXfN7SA-4kvvul3XHOQ,warr-acres-oklahoma
https://www.ubereats.com/oklahoma-city/food-delivery/mcdonalds-7010-nw-23rd-st/091oKtR3Sfik3Dx9Dy2qxg,warr-acres-oklahoma
https://www.ubereats.com/oklahoma-city/food-delivery/chicken-express-15040-n-pennsylvania-ave/pxWNPxnGRD6M7TlBBCeuGw,warr-acres-oklahoma
https://www.ubereats.com/oklahoma-city/food-delivery/upper-crust-wood-fired-pizza-okc/8TpjvxJ_SKeKfd_aasSqPA,warr-acres-oklahoma
https://www.ubereats.com/oklahoma-city/food-delivery/mama-roja-mexican-kitchen/WZVUYDEZRpCJztx2TeeiGg,warr-acres-oklahoma
https://www.ubereats.com/oklahoma-city/food-delivery/red-lobster-1000-sw-74th-street/d_y_MpMuRF-lnvrGhRz7QA,warr-acres-oklahoma
https://www.ubereats.com/oklahoma-city/food-delivery/five-guys-ok-1548-2300-w-memorial-rd/FZMYznYaQdSanwt60qaBfg,warr-acres-oklahoma
https://www.ubereats.com/oklahoma-city/food-delivery/on-the-border-meridian/Obl_-uFzQh-6TjwG51mtNg,warr-acres-oklahoma
https://www.ubereats.com/oklahoma-city/food-delivery/starbucks-northwest-%26-independence/87aVxpUtTtujZdnhFDsdWw,warr-acres-oklahoma
https://www.ubereats.com/oklahoma-city/food-delivery/dennys-3030-south-i-35-service-rd/e68lO7XKTxG3i2iKKkn5EA,warr-acres-oklahoma
https://www.ubereats.com/oklahoma-city/food-delivery/panda-express-1521-garth-brooks-blvd/yJIYS1ZiTpSLCenvPF4C_A,warr-acres-oklahoma
https://www.ubereats.com/oklahoma-city/food-delivery/sweis-gyros-and-pita/0cg1BI9NTWqT3PhnwayrmQ,warr-acres-oklahoma
https://www.ubereats.com/oklahoma-city/food-delivery/yummy-yummy-chinese/--1jjt5GRe2wRhMyUvZ-SA,warr-acres-oklahoma
https://www.ubereats.com/oklahoma-city/food-delivery/sonic-3015-nw-expressway/fWF9ujCQS662EhVrM39o4A,warr-acres-oklahoma
https://www.ubereats.com/oklahoma-city/food-delivery/kfc-7617-s-western-ave/7UCyjp22TWe_4dOmRZrStg,warr-acres-oklahoma
https://www.ubereats.com/oklahoma-city/food-delivery/charleys-philly-steaks-2501-w-memorial-rd/ea4v590OTdGSMZM9w7ar5Q,warr-acres-oklahoma
https://www.ubereats.com/oklahoma-city/food-delivery/baba-g-grill/lsA9BwRrTuCJoZdl6CMWEQ,warr-acres-oklahoma
https://www.ubereats.com/oklahoma-city/food-delivery/babalu!-cuban-latin-cuisine/yvEa4ah6TAK9obKbazBCEA,warr-acres-oklahoma
https://www.ubereats.com/oklahoma-city/food-delivery/red-pepper-pizza/3bETLYPBTAqXUVX8I3Bh4A,warr-acres-oklahoma
https://www.ubereats.com/oklahoma-city/food-delivery/tropical-smoothie-cafe-may-avenue/TKY5C4XKQWGWd6YMfH4jgA,warr-acres-oklahoma
https://www.ubereats.com/oklahoma-city/food-delivery/schlotzskys-deli-12860-nw-10th-st/zWlLS6xuQQiv0KunCO7hUA,warr-acres-oklahoma
https://www.ubereats.com/oklahoma-city/food-delivery/carls-jr-13424-n-mac-arthur-blvd/zqx6f27yTG-7wzItWFBN_Q,warr-acres-oklahoma
https://www.ubereats.com/oklahoma-city/food-delivery/slim-chickens-5841-nw-expressway/hUPcRoPvQB2jo-aKhjTENw,warr-acres-oklahoma
https://www.ubereats.com/oklahoma-city/food-delivery/pizza-planet-okc/-QcpG64eQvS496m0OGd1jA,warr-acres-oklahoma
https://www.ubereats.com/oklahoma-city/food-delivery/zoes-kitchen-14110-n-pennsylvania-avenue-4/lUAqYo0iRXeGzFPvBqg6hg,warr-acres-oklahoma
https://www.ubereats.com/oklahoma-city/food-delivery/ganache-patisserie/4TOn_SC7Qry88CbsIReOuw,warr-acres-oklahoma
https://www.ubereats.com/oklahoma-city/food-delivery/zaxbys-5859-nw-expressway/8Slq3D-NQGGs8tLwJUSCqQ,warr-acres-oklahoma
https://www.ubereats.com/oklahoma-city/food-delivery/on-the-border-oklahoma-city/gQBNASaKRWSpy48PqTstnw,warr-acres-oklahoma
https://www.ubereats.com/oklahoma-city/food-delivery/couscous-cafe/3-2cpK94Q9qbQtYxvmAtSw,warr-acres-oklahoma
https://www.ubereats.com/oklahoma-city/food-delivery/del-taco-5845-w-reno-avenue/ObO6haZQRNa6oEqQD3Qo-w,warr-acres-oklahoma
https://www.ubereats.com/oklahoma-city/food-delivery/teriyaki-madness-15124-lleytons-court/YcNX6QMkSx2BEBtOlS77ng,warr-acres-oklahoma
https://www.ubereats.com/oklahoma-city/food-delivery/olde-orchard-restaurant/37xkYowTTHyOR-45vmGDyg,warr-acres-oklahoma
https://www.ubereats.com/oklahoma-city/food-delivery/chelinos-mexican-restaurant-n-meridian/-jy7yZIWSjqt3-Tae31dbQ,warr-acres-oklahoma
https://www.ubereats.com/oklahoma-city/food-delivery/teds-cafe-escondido-south-okc/Q2F0QyybTZGpWgqhMOD6Og,warr-acres-oklahoma
https://www.ubereats.com/oklahoma-city/food-delivery/osteria/MNkuRjbeReWuvy0G82qJHA,warr-acres-oklahoma
https://www.ubereats.com/oklahoma-city/food-delivery/tropical-smoothie-cafe-warr-acres/e9m7VtMtStqKxHI_2cRq0w,warr-acres-oklahoma
https://www.ubereats.com/oklahoma-city/food-delivery/kfc-4621-nw-39th-street/tITgmOBBRZKj0Xd1zpWP6Q,warr-acres-oklahoma
https://www.ubereats.com/oklahoma-city/food-delivery/falcones-pizzeria-%26-deli/ibh3Dbk9RK6WfmcNknoA-A,warr-acres-oklahoma
https://www.ubereats.com/oklahoma-city/food-delivery/kfc-2231-nw-23rd-st/_tbmg3D2TqS2vWhywUbbnQ,warr-acres-oklahoma
https://www.ubereats.com/oklahoma-city/food-delivery/firebirds-wood-fired-grill-1320-w-memorial-rd/gGWaHJ32Slq03Qma_iOYPw,warr-acres-oklahoma
https://www.ubereats.com/oklahoma-city/food-delivery/schlotzskys-deli-n-rockwell-ave/N42vYKwyS2ycKqw3WzOmTQ,warr-acres-oklahoma
https://www.ubereats.com/oklahoma-city/food-delivery/papa-murphys-618-west-vandament-avenue-suite-102/StXfdjxhTfaojbktDlU0aQ,warr-acres-oklahoma
https://www.ubereats.com/oklahoma-city/food-delivery/papa-johns-3627-n-macarthur/O1UM0J3yQTScPh3ZeJBhkg,warr-acres-oklahoma
https://www.ubereats.com/oklahoma-city/food-delivery/nunus-mediterranean-cafe-%26-market/pmF9JdznSGqSbfN6XZlXhg,warr-acres-oklahoma
https://www.ubereats.com/oklahoma-city/food-delivery/greek-and-seafood/zhkjbwVATLGyNTFRoGm6QQ,warr-acres-oklahoma
https://www.ubereats.com/oklahoma-city/food-delivery/carls-jr-4001-n-portland-ave/pl_DKze9Rp6xhHa47ria0A,warr-acres-oklahoma
https://www.ubereats.com/oklahoma-city/food-delivery/phonomenal/FAF2CQ2jSmuhk7825zZJiA,warr-acres-oklahoma
https://www.ubereats.com/oklahoma-city/food-delivery/hooties-burger-bar-2019-west-i-240/wbdN7tfBQF26E0nuYE39Ww,warr-acres-oklahoma
https://www.ubereats.com/oklahoma-city/food-delivery/del-taco-6645-nw-expressway/rbZy8vSgQNqsPtQgPIJyZg,warr-acres-oklahoma
https://www.ubereats.com/oklahoma-city/food-delivery/arbys-1848/ZMRdyvwjSFu5u2Oru8cGIg,warr-acres-oklahoma
https://www.ubereats.com/oklahoma-city/food-delivery/sonic-19205-north-western/OEnIbx7oQIG2l78-iVR0NA,warr-acres-oklahoma
https://www.ubereats.com/oklahoma-city/food-delivery/hurts-donut-company-oklahoma-city/Krzhl-JpQTeqRfocZMoqyg,warr-acres-oklahoma
https://www.ubereats.com/oklahoma-city/food-delivery/jack-in-the-box-5301-n-may-ave/ec7LmXX_Sd-4dQrhWXKbgQ,warr-acres-oklahoma
https://www.ubereats.com/oklahoma-city/food-delivery/corner-bakery-cafe/bd1u20HsR3OlTC1RyN6BAg,warr-acres-oklahoma
https://www.ubereats.com/oklahoma-city/food-delivery/taco-bell-8390-nw-expressway-st/ZueemwMARYKHILuvdlJQCg,warr-acres-oklahoma
https://www.ubereats.com/oklahoma-city/food-delivery/zuroona-mediterranean-cafe/WtIeJsmkQjuPVM7rGceOvA,warr-acres-oklahoma
https://www.ubereats.com/oklahoma-city/food-delivery/oklasoul-cafe/klRPEg7MRhO-ECEG_4i7mg,warr-acres-oklahoma
https://www.ubereats.com/oklahoma-city/food-delivery/mcdonalds-201-s-council/jhU4VuqBQZiI_AN-lSIrfA,warr-acres-oklahoma
https://www.ubereats.com/oklahoma-city/food-delivery/ihop-1917/rUKxALN8RE-YOErXr5ptjg,warr-acres-oklahoma
https://www.ubereats.com/oklahoma-city/food-delivery/the-garage-council/Ob8t9MLmTDm1S4BkfogWTA,warr-acres-oklahoma
https://www.ubereats.com/oklahoma-city/food-delivery/grilled-cheese-society/pAO4yGQnQ7imT0B801_PgA,warr-acres-oklahoma
https://www.ubereats.com/oklahoma-city/food-delivery/first-watch-2328-w-memorial-rd/cpUYcQA1RB613Brl-OMPyg,warr-acres-oklahoma
https://www.ubereats.com/oklahoma-city/food-delivery/cicis-2630-sw-29th-st/IWZTIvYVSjWhFzevMAJTlw,warr-acres-oklahoma
https://www.ubereats.com/oklahoma-city/food-delivery/pizza-palace/OEEostKLQU2X9D2d7fNFDg,warr-acres-oklahoma
https://www.ubereats.com/oklahoma-city/food-delivery/cowboy-chicken-pennsylvania-ave/bjGL6pAvRY-OrCWoP52B8g,warr-acres-oklahoma
https://www.ubereats.com/oklahoma-city/food-delivery/subway-6900-n-may/7FY0jWLaSx6a7FfEyIP00g,warr-acres-oklahoma
https://www.ubereats.com/oklahoma-city/food-delivery/aloha-shave-ice-%26-coffee-shoppe/Qbd1Wb4UQgGHqkJmX_yNPg,warr-acres-oklahoma
https://www.ubereats.com/oklahoma-city/food-delivery/jacks-bbq/FqqeYIeTT-2a0JzZNAV6cw,warr-acres-oklahoma
https://www.ubereats.com/oklahoma-city/food-delivery/best-donuts/30ku5bSrRDKHtW24tq-i7A,warr-acres-oklahoma
https://www.ubereats.com/oklahoma-city/food-delivery/auntie-annes-1901-nw-expy-ste-1073-room-d5a/JrWPoJBvRLGqQnmp3KXSqA,warr-acres-oklahoma
https://www.ubereats.com/oklahoma-city/food-delivery/five-guys-ok-1505-6900-nw-expressway-st/D-LVVlp4SVqIP6Xrso2NBg,warr-acres-oklahoma
https://www.ubereats.com/oklahoma-city/food-delivery/outback-steakhouse-2402-w-memorial-road/QIYAy7TJQkWkbPDnXAfeSw,warr-acres-oklahoma
https://www.ubereats.com/oklahoma-city/food-delivery/freshens-cafe/U5FV3NVRQ-i1KA9wIjEqpA,warr-acres-oklahoma
https://www.ubereats.com/oklahoma-city/food-delivery/pasquallys-pizza-%26-wings-6817-nw-expressway/_-sNCnoHR8qAtmQljPVonA,warr-acres-oklahoma
https://www.ubereats.com/oklahoma-city/food-delivery/sonic-8420-s-western/tFNGrKiwRWuwTTNBw2QMDA,warr-acres-oklahoma
https://www.ubereats.com/oklahoma-city/food-delivery/menchies-frozen-yogurt-13230-pawnee-dr/X3eh2_WSRMWRuE-8uEDsFw,warr-acres-oklahoma
https://www.ubereats.com/oklahoma-city/food-delivery/yokozuna-okc/DfNZSZmXQ_GDoTxd2pt50Q,warr-acres-oklahoma
https://www.ubereats.com/oklahoma-city/food-delivery/taco-bueno-3035-okc-%236/_K4QQpn2SDWQ-FxAju0nUA,warr-acres-oklahoma
https://www.ubereats.com/oklahoma-city/food-delivery/royal-crab/ESG2ITW4R0S5hFdTnG_2Yg,warr-acres-oklahoma
https://www.ubereats.com/oklahoma-city/food-delivery/del-taco-6161-n-may/SxLUq9GASfufm7UQbzmqcA,warr-acres-oklahoma
https://www.ubereats.com/oklahoma-city/food-delivery/razzoos-cajun-cafe-oklahoma-city/drQPNmFZQQ6IF09ldtsTlg,warr-acres-oklahoma
https://www.ubereats.com/oklahoma-city/food-delivery/kfc-1301-garth-brooks-blvd/00IUzq_wS0eOeh8IPzk5tg,warr-acres-oklahoma
https://www.ubereats.com/oklahoma-city/food-delivery/panda-express-1901-nw-expressway/sWsAfGuUT2uoka1W3aJ5dw,warr-acres-oklahoma
https://www.ubereats.com/oklahoma-city/food-delivery/pf-changs-13700-n-pennsylvania-ave/pnPX-kLLSI6rFoKFTNMuAQ,warr-acres-oklahoma
https://www.ubereats.com/oklahoma-city/food-delivery/gyros-etc/cffypWBMS_KXYZo-TIO2rg,warr-acres-oklahoma
https://www.ubereats.com/oklahoma-city/food-delivery/taco-bueno-3046-okc-%239/nb5C4xdhRIiEyxVisjSiJQ,warr-acres-oklahoma
https://www.ubereats.com/oklahoma-city/food-delivery/alfredos-mexican-cafe/6L1KlGnPQKKpRa5gEHqcAA,warr-acres-oklahoma
https://www.ubereats.com/oklahoma-city/food-delivery/popeyes-louisiana-kitchen-5200-n-may-ave/Ksuw7SXPSle7ci0ahb8RbQ,warr-acres-oklahoma
https://www.ubereats.com/oklahoma-city/food-delivery/sonic-125-s-mustang-road/T9ma-L4vRqGO0UXeJAcQSg,warr-acres-oklahoma
https://www.ubereats.com/oklahoma-city/food-delivery/charlestons-johnny-bench-dr/qyp7oAgPRtC1f7CnaOdi6A,warr-acres-oklahoma
https://www.ubereats.com/oklahoma-city/food-delivery/whiskey-cake-kitchen-%26-bar-oklahoma-city/0275SQFKR9esxfbKsl8sMQ,warr-acres-oklahoma
https://www.ubereats.com/oklahoma-city/food-delivery/sonic-1900-s-meridian/7Ik2Xv7_TLKLfRdh189DYg,warr-acres-oklahoma
https://www.ubereats.com/oklahoma-city/food-delivery/teds-cafe-escondido-150th-north-and-penn/0LtTeyQDTmKzhbg4Af96Wg,warr-acres-oklahoma
https://www.ubereats.com/oklahoma-city/food-delivery/wings-house/YC-YNofSQ4KpbRo_No_Tlg,warr-acres-oklahoma
https://www.ubereats.com/oklahoma-city/food-delivery/roros-pizzaria/Ot4uPoUFRRSTtNl9QPIXKg,warr-acres-oklahoma
https://www.ubereats.com/oklahoma-city/food-delivery/mcdonalds-312-s-meridian-ave/7PLidIwOSSSZ5MzbzEwQSA,warr-acres-oklahoma
https://www.ubereats.com/oklahoma-city/food-delivery/polar-donuts/kG4S0_0DQ-K-JsHyRbzt6w,warr-acres-oklahoma
https://www.ubereats.com/oklahoma-city/food-delivery/kfc-5901-sw-4th-terrace/11beNTKxScmdnCVMRfvzZg,warr-acres-oklahoma
https://www.ubereats.com/oklahoma-city/food-delivery/mcalisters-deli-726-yukon-ok-1406/zjpmCQ27S4CU5ky_1DGemQ,warr-acres-oklahoma
https://www.ubereats.com/oklahoma-city/food-delivery/clean-juice-5810-n-classen-blvd/ks2w81IcQpieZeDk5VxcrQ,warr-acres-oklahoma
https://www.ubereats.com/oklahoma-city/food-delivery/mcdonalds-13501-n-macarthur/RlTnSQY8SGKEdcisEvF6hQ,warr-acres-oklahoma
https://www.ubereats.com/oklahoma-city/food-delivery/big-buffalo-grill/vjt15jbHQ7adJdGu9eM7Sg,warr-acres-oklahoma
https://www.ubereats.com/oklahoma-city/food-delivery/italian-dream/EtT3fPVPSym2wwTtZnOcbw,warr-acres-oklahoma
https://www.ubereats.com/oklahoma-city/food-delivery/sonic-4216-nw-39th-street/kNoS2khyQ_OIO8cTYxPl5g,warr-acres-oklahoma
https://www.ubereats.com/oklahoma-city/food-delivery/hooters-2109-sw-74th-street/QX_7EIFRRdOPPkbP-tsD0Q,warr-acres-oklahoma
https://www.ubereats.com/oklahoma-city/food-delivery/sonic-13200-n-may-avenue/O3kZJ8YHQxWCvGm_s4Zn8Q,warr-acres-oklahoma
https://www.ubereats.com/oklahoma-city/food-delivery/tropical-smoothie-cafe-west-end-pointe/aHvO1MypRSGa7M24IDp9Bw,warr-acres-oklahoma
https://www.ubereats.com/oklahoma-city/food-delivery/pizza-house/kQsSVOvoRzyzT5ITaUTqDQ,warr-acres-oklahoma
https://www.ubereats.com/oklahoma-city/food-delivery/auntie-annes-7642-w-reno-ave-ste-d-482/mS241OJBQx-IVbdAoTKeQg,warr-acres-oklahoma
https://www.ubereats.com/oklahoma-city/food-delivery/sonic-3701-s-council/oi0QQAEgRfuSNhxADcLmQA,warr-acres-oklahoma
https://www.ubereats.com/oklahoma-city/food-delivery/subway-2122-s-meridian-ave/8tMPWWAgSMaLAxh7cKg87g,warr-acres-oklahoma
https://www.ubereats.com/oklahoma-city/food-delivery/sala-thai-restaurant/LD7hQvcOSy2mpZzRbr7ZKA,warr-acres-oklahoma
https://www.ubereats.com/oklahoma-city/food-delivery/billy-sims-bbq-nw-expressway/PRynRmv0RRC3MxnBT5n8qQ,warr-acres-oklahoma
https://www.ubereats.com/oklahoma-city/food-delivery/hooties-burger-bar-13320-n-pennsylvania-ave/Sci2ZLBnRRuPu_ArFWTWTA,warr-acres-oklahoma
https://www.ubereats.com/oklahoma-city/food-delivery/kao-mun-gai/0qnUzyOSSvqeFsdl2XuPyg,warr-acres-oklahoma
https://www.ubereats.com/oklahoma-city/food-delivery/sonic-729-w-main-st/iyczwQZCTrCShVh1yxsSrQ,warr-acres-oklahoma
https://www.ubereats.com/oklahoma-city/food-delivery/all-about-cha-edmond-broadway/sEAm1I-3SBaogGcOKo1kgA,warr-acres-oklahoma
https://www.ubereats.com/oklahoma-city/food-delivery/bjs-restaurant-%26-brewhouse-2425-w-memorial-road/5F9SL8oITAWGzhd97Pzm2g,warr-acres-oklahoma
https://www.ubereats.com/oklahoma-city/food-delivery/wendys-1170-garth-brooks-blvd/tD2O8nPmSiGNbvjRXM_ueg,warr-acres-oklahoma
https://www.ubereats.com/oklahoma-city/food-delivery/dunkin-3612-n-may-ave/5MHJoujPS0aHDqomD3R3wA,warr-acres-oklahoma
https://www.ubereats.com/oklahoma-city/food-delivery/sams-southern-eatery-bethany/Tz-LY6YcSrmEb6xP5ktWrA,warr-acres-oklahoma
https://www.ubereats.com/oklahoma-city/food-delivery/zoes-kitchen-6150-c-nw-grand-blvd/tNGAMwf5SiSn4FGF-H0pgA,warr-acres-oklahoma
https://www.ubereats.com/oklahoma-city/food-delivery/whiskey-cake-kitchen-%26-bar-woodlands/EjIrRGrhTuu3Phv__sS-Vg,warr-acres-oklahoma
https://www.ubereats.com/oklahoma-city/food-delivery/wendys-7716-northwest-expressway/B661bJ95SviFSsLqL3ZbdA,warr-acres-oklahoma
https://www.ubereats.com/oklahoma-city/food-delivery/the-garage-rockwell/FssscyGoRKCqmpovrAapIA,warr-acres-oklahoma
https://www.ubereats.com/oklahoma-city/food-delivery/shipley-do-nuts/KceXra3cRdmaDLB-pHR_PQ,warr-acres-oklahoma
https://www.ubereats.com/oklahoma-city/food-delivery/papa-johns-7011-nw-expy/8uXPLYJ9R2SetjoD7GcGbw,warr-acres-oklahoma
https://www.ubereats.com/oklahoma-city/food-delivery/popeyes-louisiana-kitchen-6233-nw-expressway/fE1RM8PmTTKtGSTJno5HBA,warr-acres-oklahoma
https://www.ubereats.com/oklahoma-city/food-delivery/taco-bueno-3010-okc-%234/nWGlUxDaQRSRRVIaz8CxUQ,warr-acres-oklahoma
https://www.ubereats.com/oklahoma-city/food-delivery/fresh-donuts/QEz2a73QTTmNZeyjcA7c7w,warr-acres-oklahoma
https://www.ubereats.com/oklahoma-city/food-delivery/jolas-kitchen/sb6TYBrVROKN9vBwL-SSug,warr-acres-oklahoma
https://www.ubereats.com/oklahoma-city/food-delivery/taco-bell-936-w-sheridan/5pekTpS3SrKqeQwkBIW4lg,warr-acres-oklahoma
https://www.ubereats.com/oklahoma-city/food-delivery/arbys-5365/EVVMXoR7TG-aC2LZ9I6ODA,warr-acres-oklahoma
https://www.ubereats.com/oklahoma-city/food-delivery/pizza-land-nw-16th/6i2z09G4RumjB00tRn-AnA,warr-acres-oklahoma
https://www.ubereats.com/oklahoma-city/food-delivery/jeffs-country-cafe/Fh_GBcFQQqeN9S3rvqeqRQ,warr-acres-oklahoma
https://www.ubereats.com/oklahoma-city/food-delivery/subway-14908/uOxXFY8FRHuE1IukfQGZjw,warr-acres-oklahoma
https://www.ubereats.com/oklahoma-city/food-delivery/arbys-1605/FhMSp056Q_W3nAqJDiygbQ,warr-acres-oklahoma
https://www.ubereats.com/oklahoma-city/food-delivery/lotus-thai-restaurant/l79M5GIEQYWoRU-lbWTDJg,warr-acres-oklahoma
https://www.ubereats.com/oklahoma-city/food-delivery/the-garage-i-240/NV0wMAOQQ86Pl6XD91onAg,warr-acres-oklahoma
https://www.ubereats.com/oklahoma-city/food-delivery/red-river-pizza/Wo59H4dNSXKJj-qsKD8aRA,warr-acres-oklahoma
https://www.ubereats.com/oklahoma-city/food-delivery/outback-steakhouse-4144-northwest-expressway/O3MrvJotQmKNV2OaOi344g,warr-acres-oklahoma
https://www.ubereats.com/oklahoma-city/food-delivery/schlotzskys-deli-nw-expressway/BbgAcpfSTMuQc7ki_Lbdhw,warr-acres-oklahoma
https://www.ubereats.com/oklahoma-city/food-delivery/hummus-mediterranean-cafe/pQmtOao0QnWEM4RqPfPS1A,warr-acres-oklahoma
