url,city
https://www.ubereats.com/dallas/food-delivery/taqueria-haltom/kgpWItDQSySRMQrazicGCA,watauga-texas
https://www.ubereats.com/dallas/food-delivery/roll-n-bowl/grhmH1d6SvqUzBS9bhu5XA,watauga-texas
https://www.ubereats.com/dallas/food-delivery/jack-in-the-box-8601-bedford-euless-rd/wdgTq8tjRPyjMygQ20-S4w,watauga-texas
https://www.ubereats.com/dallas/food-delivery/snootypig-cafe/9bElGqkjRpyepCD-nSpL1A,watauga-texas
https://www.ubereats.com/dallas/food-delivery/hooties-burger-bar-7669-grapevine-hwy/u2WIlf-9T1Ox0qQ-yvPoJQ,watauga-texas
https://www.ubereats.com/dallas/food-delivery/los-cuando-best-burritos/9QQXzADDTK-lDcCLuLEGpg,watauga-texas
https://www.ubereats.com/dallas/food-delivery/chef-point/2Rj8t2UkQguuX27YdH01dg,watauga-texas
https://www.ubereats.com/dallas/food-delivery/nestle-toll-house-cafe-by-chip-242-rufe-snow-dr/jtBVCKLpTM6foRfC8WCRgA,watauga-texas
https://www.ubereats.com/dallas/food-delivery/tio-carlos-mexican-latin-grill-colleyville/jUpYbq3hT8-PtSRE0jfRcw,watauga-texas
https://www.ubereats.com/dallas/food-delivery/ze-ze-mart/_V0ZfZuURB6ytWJnsqEzlg,watauga-texas
https://www.ubereats.com/dallas/food-delivery/zaxbys-701-keller-parkway/nrryFQW1R--c0-SMwpt_sA,watauga-texas
https://www.ubereats.com/dallas/food-delivery/rice-pot-colleyville/9lCIJXenRRm6JjapBspZOw,watauga-texas
https://www.ubereats.com/dallas/food-delivery/sunny-street-cafe/1iIYH8rESFK4RcIEbHpkjA,watauga-texas
https://www.ubereats.com/dallas/food-delivery/berry-best-bbq-ii/fD4a-KdyQoKjplPVFwLAuA,watauga-texas
https://www.ubereats.com/dallas/food-delivery/on-the-border-fossil-creek/-oA8OK27SrW5Vao5PWEhZg,watauga-texas
https://www.ubereats.com/dallas/food-delivery/subway-8561-n-beach/cKotSMz_T82hFsc6tweWiQ,watauga-texas
https://www.ubereats.com/dallas/food-delivery/subway-9101-n-tarrant-pkwy/UKh8_dCSRFaub9sFqnW5Nw,watauga-texas
https://www.ubereats.com/dallas/food-delivery/la-bistro-italian-restaurant/aTnHO_cpTMiFOh7-tXOqCw,watauga-texas
https://www.ubereats.com/dallas/food-delivery/joes-pizza-n-pasta-keller/2uPd6PT1RFapcRzmHAH3EQ,watauga-texas
https://www.ubereats.com/dallas/food-delivery/tuscany-italian-bistro-lake-worth/gErQbZF6QOK5vtPzS_m2Hw,watauga-texas
https://www.ubereats.com/dallas/food-delivery/papa-johns-6317-rufe-snow-drive/k3awT54STUegWO57EiH4Qg,watauga-texas
https://www.ubereats.com/dallas/food-delivery/dinos-pizzeria-harwood-rd/unYU0YQCQOGgL4X863ie9g,watauga-texas
https://www.ubereats.com/dallas/food-delivery/crown-mexican-food-truck/3YhbYLxnTjShxIJ81x_AwQ,watauga-texas
https://www.ubereats.com/dallas/food-delivery/joes-pizza-pasta-%26-subs-southlake/Kdh28ak7RIiwEkRyGYHTJA,watauga-texas
https://www.ubereats.com/dallas/food-delivery/native-coffee-%2B-kitchen/VXQaQ649Q9e8b8jkTvKxDA,watauga-texas
https://www.ubereats.com/dallas/food-delivery/buffalo-wild-wings-1933-airport-fwy/60SpaTjhRFq244-4lPIryQ,watauga-texas
https://www.ubereats.com/dallas/food-delivery/poke-stop/DUddg8OUSoi1-9spVas3Pw,watauga-texas
https://www.ubereats.com/dallas/food-delivery/bird/3fUQt1WfRJqBolbCef8cnw,watauga-texas
https://www.ubereats.com/dallas/food-delivery/saffron-sky/qbONvPDbQzelGjaB_YPhRA,watauga-texas
https://www.ubereats.com/dallas/food-delivery/saikou-sushi-%26-ramen/qGl1D-tARDC6wdtLUojZPw,watauga-texas
https://www.ubereats.com/dallas/food-delivery/five-guys-tx-1402-9180-north-freeway/kVGl_5dzQAuu8270rsYNIg,watauga-texas
https://www.ubereats.com/dallas/food-delivery/del-friscos-grille-154-east-3rd-st/zgu0WcG6SIazZ2DV2ZAzhQ,watauga-texas
https://www.ubereats.com/dallas/food-delivery/chick-fil-a-2870-heritage-trace-pkwy/7jcVBhwYQNqnq9YB5y66fg,watauga-texas
https://www.ubereats.com/dallas/food-delivery/ihop-4600-w-baily-boswell-rd/7WaNxEweQmijsfpFUAfpdA,watauga-texas
https://www.ubereats.com/dallas/food-delivery/bedford-ice-house/8Sz3Q_1_Q2egsc3C5S0Kkw,watauga-texas
https://www.ubereats.com/dallas/food-delivery/sonic-9628-tehama-ridge-parkway/gp8AAgQ1SCmoy5H5gtwphg,watauga-texas
https://www.ubereats.com/dallas/food-delivery/golden-chick-2600-west-euless-blvd/Nfcq--p2T2q-F8CBVg_NnA,watauga-texas
https://www.ubereats.com/dallas/food-delivery/jersey-mikes-subs-4712-colleyville-blvd/nRtNTpKjQiCrZ8MQPh17CA,watauga-texas
https://www.ubereats.com/dallas/food-delivery/chick-fil-a-2900-western-center-blvd/Ik-iuOpBTge2LqsIo8ZjuA,watauga-texas
https://www.ubereats.com/dallas/food-delivery/the-healthy-hawaiian/zxkSo9JNQY-d6GQuPhndoA,watauga-texas
https://www.ubereats.com/dallas/food-delivery/popeyes-1100-airport-highway/9De6BCxiQ5uEZLeU6pGeuQ,watauga-texas
https://www.ubereats.com/dallas/food-delivery/the-post-at-river-east/aPRHMtIwTg-4XLDUYx6OUA,watauga-texas
https://www.ubereats.com/dallas/food-delivery/best-donut/PlAIa0qcR8epSSbAByFdcQ,watauga-texas
https://www.ubereats.com/dallas/food-delivery/genghis-grill-fossil-creek/nhQSeSqCSHuk02CLz3cTaQ,watauga-texas
https://www.ubereats.com/dallas/food-delivery/sushi-street/herLfk10SziXwnrOHBFTAA,watauga-texas
https://www.ubereats.com/dallas/food-delivery/paul%60s-seafood/El_elksrTfaezGWW_jfXeQ,watauga-texas
https://www.ubereats.com/dallas/food-delivery/pie-five-pizza-alliance/-Vob-jw3T5KTGI7ZqYIb1Q,watauga-texas
https://www.ubereats.com/dallas/food-delivery/jersey-mikes-subs-1431-keller-parkway/0hE0HIbCQVyk4GKKfIRzsg,watauga-texas
https://www.ubereats.com/dallas/food-delivery/zoes-kitchen-2175-e-southlake-blvd/IHnAghJMTZq9292wRzfShw,watauga-texas
https://www.ubereats.com/dallas/food-delivery/krab-kingz-seafood/afmGayZkQ-ShxaMo99d_6Q,watauga-texas
https://www.ubereats.com/dallas/food-delivery/joes-crab-shack-3040-western-center-blvd/ZpY_wSmXSg2ECNUYNT88Tg,watauga-texas
https://www.ubereats.com/dallas/food-delivery/wild-sushi-%26-ramen/Q1K32tlXQD-tEqC1ccebew,watauga-texas
https://www.ubereats.com/dallas/food-delivery/my-cafe-breakfast%26lunch/Y3TEuJ6kSmmx2LCDvy9bEw,watauga-texas
https://www.ubereats.com/dallas/food-delivery/kfc-1000-n-beach-st/QYTVmPjtRSONpetrEeLaEg,watauga-texas
https://www.ubereats.com/dallas/food-delivery/shady-oak-barbeque-%26-grill/w1Bi_H03SxyOsz0ln2RA0A,watauga-texas
https://www.ubereats.com/dallas/food-delivery/frezko-taco-spot/PEO2D1EISK2qNuSGOop_Ig,watauga-texas
https://www.ubereats.com/dallas/food-delivery/mi-pueblo-%231-north-richland-hills/qCu8T-UKTvic9kucwcGiYA,watauga-texas
https://www.ubereats.com/dallas/food-delivery/pepes-pizza/y7aH7iwxRSWG3jlIbALIWA,watauga-texas
https://www.ubereats.com/dallas/food-delivery/toasted-coffee-%2B-kitchen/FSIOHOpDQ4OvcdXd7j4KBw,watauga-texas
https://www.ubereats.com/dallas/food-delivery/papa-johns-8455-boat-club-rd-suite-ste180/bl19hN7LQxyRkU9CjvumwA,watauga-texas
https://www.ubereats.com/dallas/food-delivery/chipotle-mexican-grill-2310-w-southlake-blvd-ste-180/0DOJx-5OS-eBrMXjHL_RsA,watauga-texas
https://www.ubereats.com/dallas/food-delivery/taverna-rossa-southlake/cNYNv99CRpSPToHj6AGVow,watauga-texas
https://www.ubereats.com/dallas/food-delivery/oliva-italian-eatery/HtvYKTIgSxOFDvcpRL64cA,watauga-texas
https://www.ubereats.com/dallas/food-delivery/jimmys-big-burger/2gobu0DEQqCsxLzLrXg41g,watauga-texas
https://www.ubereats.com/dallas/food-delivery/villa-fresh-italian-kitchen-hurst/Qtose4R9SJu0HeD5FLDI8Q,watauga-texas
https://www.ubereats.com/dallas/food-delivery/hermanos-taqueria/_WKdCkauQb2HOvk9VRE5Sw,watauga-texas
https://www.ubereats.com/dallas/food-delivery/churchs-chicken-3605-western-center-blvd/VBnl_So8SketAA36duf34w,watauga-texas
https://www.ubereats.com/dallas/food-delivery/indian-kitchen-haltom-city/27mkv9G8TNy4jsEqdt1IRg,watauga-texas
https://www.ubereats.com/dallas/food-delivery/super-donuts/bRQ6P9-xQta571O5i5FBzw,watauga-texas
https://www.ubereats.com/dallas/food-delivery/blue-32-bar-%26-grill/VHdDm3dMQp2a7hbEGrQcFQ,watauga-texas
https://www.ubereats.com/dallas/food-delivery/fuel-city-the-original-fried-pie-shop-haltom-city/8xQPMLyiQNOl0i2DVpnSaA,watauga-texas
https://www.ubereats.com/dallas/food-delivery/burgerim-5000-st-hwy-114-ste-100/bYkgZH8EQJuX9T2MmzEaJQ,watauga-texas
https://www.ubereats.com/dallas/food-delivery/wendys-2801-n-tarrant-pkwy/dpGr64iaSLebs9TOKyceUw,watauga-texas
https://www.ubereats.com/dallas/food-delivery/pizza-garden/iQoyChEWS6Os0ElTRaBtQw,watauga-texas
https://www.ubereats.com/dallas/food-delivery/mcdonalds-ft-worth-txi-35-western-center/YCgF3DuaR4KqU2uzNJWQrA,watauga-texas
https://www.ubereats.com/dallas/food-delivery/boopas-bagel-deli/HPZ0OVkGSduBUOJTIN6tEQ,watauga-texas
https://www.ubereats.com/dallas/food-delivery/elotes-fanny/cFyAGK2sRSC9R3BOTWblRQ,watauga-texas
https://www.ubereats.com/dallas/food-delivery/fusion-asian-kitchen/Aq70NkfeTdqodswWnN2bMQ,watauga-texas
https://www.ubereats.com/dallas/food-delivery/kfc-777-ne-loop-820/lyLGYYjuR3mKh-dxOSLq6g,watauga-texas
https://www.ubereats.com/dallas/food-delivery/taco-bell-6331-lake-worth-blvd/rPU288ZfTTK4R8XWuP0Ycg,watauga-texas
https://www.ubereats.com/dallas/food-delivery/wendys-9140-n-tarrant-pkwy/1qP6tgzNQIi3K-ukLM9BaA,watauga-texas
https://www.ubereats.com/dallas/food-delivery/slim-chickens-1420-precinct-line-rd/EBiLIAthTlazYqLx9gMAIg,watauga-texas
https://www.ubereats.com/dallas/food-delivery/luna-grill-colleyville/I529XhxsSG2I2oq-RO_nYA,watauga-texas
https://www.ubereats.com/dallas/food-delivery/mcdonalds-rchlnd-hls-hadle/cWp0DmqeQ4uZFRIZE9RtmQ,watauga-texas
https://www.ubereats.com/dallas/food-delivery/the-thai-house/zNqPgU19TCydHOHrea_jqw,watauga-texas
https://www.ubereats.com/dallas/food-delivery/freshii-354-w-5th-st/1HTBi9BETZmalW3Wm3hulA,watauga-texas
https://www.ubereats.com/dallas/food-delivery/roscoes-smokehouse-keller/GJK9drzHTl-CoBEAL4RdqQ,watauga-texas
https://www.ubereats.com/dallas/food-delivery/caffinis-cafe-%26-deli/Y7tfMU9jS-StuM4G7Ed-kA,watauga-texas
https://www.ubereats.com/dallas/food-delivery/subway-6421-n-beach-st/lXGF4_MXSXygzvJo1Ci_DA,watauga-texas
https://www.ubereats.com/dallas/food-delivery/taco-bell-4650-n-tarrant-pkwy/2dRclB-vQeGcTdNb5Bae_Q,watauga-texas
https://www.ubereats.com/dallas/food-delivery/utopia-food-%26-fitness/vR4WVPWmS2K4ZtLC6zdOYw,watauga-texas
https://www.ubereats.com/dallas/food-delivery/shell-shack/talGzvoFTvaLZs9CmRmajQ,watauga-texas
https://www.ubereats.com/dallas/food-delivery/papa-johns-2140-east-southlake-boulevard-suite-w/WOhqhtTmTaWMjyhrJx-x-A,watauga-texas
https://www.ubereats.com/dallas/food-delivery/chipotle-mexican-grill-1312-w-pipeline-rd/ZhO7v6OkRb-XlWU6KbOLVg,watauga-texas
https://www.ubereats.com/dallas/food-delivery/black-walnut-cafe-colleyville/0AUTO1iURE65rlTURMoewQ,watauga-texas
https://www.ubereats.com/dallas/food-delivery/korean-bowl/qzZwbSZETMyG2eb7j9X3Wg,watauga-texas
https://www.ubereats.com/dallas/food-delivery/fuzzys-taco-shop-480-w-southlake-blvd/zCavS6_TSFC55QPOhCJ3wQ,watauga-texas
https://www.ubereats.com/dallas/food-delivery/mcdonalds-ftw-stockyard/uJwHzhLmQluhOhnid3Fx5A,watauga-texas
https://www.ubereats.com/dallas/food-delivery/burger-king-3101-golden-triangle-blvd/VlGJiElJRLa00QaU3f8hYQ,watauga-texas
https://www.ubereats.com/dallas/food-delivery/two-sisters-restaurant-hurst/jJ_t_ipPRUmuRFIUML9lGQ,watauga-texas
https://www.ubereats.com/dallas/food-delivery/mcdonalds-ft-worth-tx-park-vista/Y856PQf4QiqvsK3jN4x_EQ,watauga-texas
https://www.ubereats.com/dallas/food-delivery/grandys-1051-bridgewood-dr/vrSy_r69TRS1PIGHqN_atA,watauga-texas
https://www.ubereats.com/dallas/food-delivery/hot-n-creamy-donuts/qdLoltMRRpCDhzGjs8UuxQ,watauga-texas
https://www.ubereats.com/dallas/food-delivery/boston-market-6000-rufe-snow-dr/0H3dgtvkSNCBDpXW9uO68Q,watauga-texas
https://www.ubereats.com/dallas/food-delivery/royals-fried-chicken/8IGvRLPQStuFFGP9Zg1W2Q,watauga-texas
https://www.ubereats.com/dallas/food-delivery/hat-creek-burger-co-fort-worth/akOc3vgjRASg8FPgAFnzgA,watauga-texas
https://www.ubereats.com/dallas/food-delivery/buttermilk-sky-pie-shop/lndEyISKSreZYTVJxoXhxA,watauga-texas
https://www.ubereats.com/dallas/food-delivery/bellissimo/Y-1e9MeNSN6p_bEAxFslyg,watauga-texas
https://www.ubereats.com/dallas/food-delivery/hollywood-burger-keller/F7htwNfgRzWYmidiwW2mng,watauga-texas
https://www.ubereats.com/dallas/food-delivery/little-caesars-7247-boulevard-26/kKkzpy_LRmKYHaUvPltQDw,watauga-texas
https://www.ubereats.com/dallas/food-delivery/mcdonalds-ft-worth-tx-shops-at-timberland/TUHHXFaUQBSQgNYs_xRaBA,watauga-texas
https://www.ubereats.com/dallas/food-delivery/jack-in-the-box-6241-rufe-snow-dr/swxHVZJPRa6VhvqyQSVfKQ,watauga-texas
https://www.ubereats.com/dallas/food-delivery/sushi-soho/QQYtXBqxQ9WHYy4arJK81A,watauga-texas
https://www.ubereats.com/dallas/food-delivery/pei-wei-1460-precinct-line-road/kDo-a_nyTeOiaj_Hhpuecg,watauga-texas
https://www.ubereats.com/dallas/food-delivery/little-caesars-pizza-3305b-n-main-st/25URC0JETOWpKMFck8JrSQ,watauga-texas
https://www.ubereats.com/dallas/food-delivery/firehouse-subs-n-richland-hills/qswNUVILS-iiFRbtkDjYwg,watauga-texas
https://www.ubereats.com/dallas/food-delivery/starbucks-pipeline-%26-hwy-820/eGP7HRadRMWMSJJx_6BmLA,watauga-texas
https://www.ubereats.com/dallas/food-delivery/thai-chili/SdHUA51lSom-THf_WES-iA,watauga-texas
https://www.ubereats.com/dallas/food-delivery/i-donuts/RGpxg3DKRKevdVBfwgeP2Q,watauga-texas
https://www.ubereats.com/dallas/food-delivery/great-american-cookie-marble-slab-creamery-2701-heritage-trace-pkwy/d3ZVKYmiSPK4AD7-vpCFNA,watauga-texas
https://www.ubereats.com/dallas/food-delivery/dickeys-bbq-pit-6721-bridge-st/btJdTDxgQdutuEA9rlmwyw,watauga-texas
https://www.ubereats.com/dallas/food-delivery/drunken-crab-restaurant/lmtKtWE3QX2r3ETCNvcbFQ,watauga-texas
https://www.ubereats.com/dallas/food-delivery/golden-chick-hurst/4rN19elyT2S4PPZjCfrMsQ,watauga-texas
https://www.ubereats.com/dallas/food-delivery/carrabbas-1101-melbourne-rd-suite-6200/6eCWq4GoR6GultmEoBBs9A,watauga-texas
https://www.ubereats.com/dallas/food-delivery/alwadi-cafe/GIIwLdQYRqqmGKCz2mwpMA,watauga-texas
https://www.ubereats.com/dallas/food-delivery/jets-pizza-north-richland-hills/Tq-Sruh1TrWakAOpb5fNTw,watauga-texas
https://www.ubereats.com/dallas/food-delivery/zena-sushi/WA2jtzgETlmPdDZR3B8Afg,watauga-texas
https://www.ubereats.com/dallas/food-delivery/fuzzys-taco-shop-5710-rufe-snow-dr/PwhnQew8SMGhGsA4cDQV8A,watauga-texas
https://www.ubereats.com/dallas/food-delivery/swad-indian/8Gdt5wSDROGRlAFu3fFlWw,watauga-texas
https://www.ubereats.com/dallas/food-delivery/taco-bell-4725-golden-triangle-blvd/s4D77MNpS_6hf0luZKpDWA,watauga-texas
https://www.ubereats.com/dallas/food-delivery/arbys-1101-south-main-st/vjOM7QXASrelt2Kd_WBPbA,watauga-texas
https://www.ubereats.com/dallas/food-delivery/sonic-1202-n-hwy-377/Cahrw9d4RGy23sZHsY5zNg,watauga-texas
https://www.ubereats.com/dallas/food-delivery/mercury-chop-house/J9HPA9NmRpCx7Lu33tn1nw,watauga-texas
https://www.ubereats.com/dallas/food-delivery/mod-pizza-saginaw/HtP3fjM_Q02TzBNtIPKLcw,watauga-texas
https://www.ubereats.com/dallas/food-delivery/burger-king-1200-airport-freeway/McfV3AW4R3Sp3UdH4p9T5A,watauga-texas
https://www.ubereats.com/dallas/food-delivery/burger-king-8012-denton-highway/Hak84XIEQ329T_qs4NGYSg,watauga-texas
https://www.ubereats.com/dallas/food-delivery/krispy-kreme-denton-hwy-%26-starnes-rd/KDMH6_KVSDaLSEygJAX1ww,watauga-texas
https://www.ubereats.com/dallas/food-delivery/wendys-963-n-beach-st/G9Dd2jSMSiyRymBgNxaokw,watauga-texas
https://www.ubereats.com/dallas/food-delivery/hibachi-grill-sushi-%26-buffet/ru8heDPPRnuXSQmE0EWjYQ,watauga-texas
https://www.ubereats.com/dallas/food-delivery/guss-world-famous-fried-chicken-fort-worth/67lA7516TZmSVR0XnEIHfA,watauga-texas
https://www.ubereats.com/dallas/food-delivery/seven-mile-cafeft-worth/LGngKonFQG-ejJGVzCgG1Q,watauga-texas
https://www.ubereats.com/dallas/food-delivery/sonic-6327-lake-worth-blvd/W5v5UAdqT4y3Ya6LsYet0g,watauga-texas
https://www.ubereats.com/dallas/food-delivery/don-taco-fort-worth/0hU7eNoGS4GzxKNs1KF5iA,watauga-texas
https://www.ubereats.com/dallas/food-delivery/djays-soul-food-sundays/0G_wz-hxRtuMhtGceQ-8Sg,watauga-texas
https://www.ubereats.com/dallas/food-delivery/taco-bell-5340-blue-mound-rd/uPnXj_FHQPyXmDTKnMZ4dg,watauga-texas
https://www.ubereats.com/dallas/food-delivery/popeyes-3021-western-center-blvd/VlkPKYAaRlS9VofDZ189Yw,watauga-texas
https://www.ubereats.com/dallas/food-delivery/sonic-13211-raceway-dr/uJ8HKXx9TACdwxGlf0oUzA,watauga-texas
https://www.ubereats.com/dallas/food-delivery/buca-di-beppo-southlake-tx-114/vGvfolzYRN2NNhkthurmew,watauga-texas
https://www.ubereats.com/dallas/food-delivery/yori/3NmSoTPfTxO0TVPYPFUbhA,watauga-texas
https://www.ubereats.com/dallas/food-delivery/takara-japanese-steakhouse/KrnGeUa1QF2qPuu6GYrMvA,watauga-texas
https://www.ubereats.com/dallas/food-delivery/arbys-7640-grapevine-hwy/7TCwCZBqS02UREMd5OklXA,watauga-texas
https://www.ubereats.com/dallas/food-delivery/fuzzys-taco-shop-9180-north-fwy-ste-500/cO9VbLpJTv6WiH2NkWRSxg,watauga-texas
https://www.ubereats.com/dallas/food-delivery/del-friscos-double-812-main-st/zueevfiQTeKXFOShgeyCJQ,watauga-texas
https://www.ubereats.com/dallas/food-delivery/la-conchita/V9E6j9FNSQm5ZQGvJ9k5lw,watauga-texas
https://www.ubereats.com/dallas/food-delivery/our-brunch-spot/CR7JZi0ZTsmAerVqrbWGYw,watauga-texas
https://www.ubereats.com/dallas/food-delivery/first-watch-north-richland-hill/1BFdRSkvTXu-AtdaMnQAcg,watauga-texas
https://www.ubereats.com/dallas/food-delivery/mandu-dumpling-house-nrh/oG-7G0_FSHuM8keH0X0BaA,watauga-texas
https://www.ubereats.com/dallas/food-delivery/chipotle-mexican-grill-9127-grapevine-hwy/uLtnxb9cTECHJUuJp8Phiw,watauga-texas
https://www.ubereats.com/dallas/food-delivery/bosses-pizza-fort-worth/vqNZXJhQRxWqwPD7RcrtFA,watauga-texas
https://www.ubereats.com/dallas/food-delivery/subway-5800-n-tarrant-pkwy/H2a5C9KbRy-jDJZVYtEudg,watauga-texas
https://www.ubereats.com/dallas/food-delivery/mcalisters-deli-544-heritage-trace-tx-1399/-NG4CVHGRGSkRcT49HalgQ,watauga-texas
https://www.ubereats.com/dallas/food-delivery/tio-carlos-mexican-latin-grill/71wQ3qmMRLmwevdTz7__Xw,watauga-texas
https://www.ubereats.com/dallas/food-delivery/panda-express-2252-central-dr/k3o24ig-QICsn8xKzAh05g,watauga-texas
https://www.ubereats.com/dallas/food-delivery/pho-one-restaurant/mJuh5F6uQTKSESLo9tUufg,watauga-texas
https://www.ubereats.com/dallas/food-delivery/egg-haven-cafe/13G5qu7mSx2bZs_4XS4RFg,watauga-texas
https://www.ubereats.com/dallas/food-delivery/zuper-elote/BnVICPJlS3mzzpR6uu2R0A,watauga-texas
https://www.ubereats.com/dallas/food-delivery/del-campo-empanadas/LyOaJ1p8T2mJtqCcQF4LIA,watauga-texas
https://www.ubereats.com/dallas/food-delivery/dickeys-bbq-pit-5209-rufe-snow-dr/6yWb4_whRXeI2Xz2nN8eKw,watauga-texas
https://www.ubereats.com/dallas/food-delivery/pho-bae/RdYoWOf2T3aOa9gTYKhmog,watauga-texas
https://www.ubereats.com/dallas/food-delivery/chick-fil-a-460-grapevine-hwy/ji0MlweCQIm3b8k-fqFqoQ,watauga-texas
https://www.ubereats.com/dallas/food-delivery/european-in-texas/lv3KKnrGRTGm5Vjvfqjr3w,watauga-texas
https://www.ubereats.com/dallas/food-delivery/wendys-1317-n-saginaw-blvd/xALJzC1UQK6sXljMXB3Fnw,watauga-texas
https://www.ubereats.com/dallas/food-delivery/blue-cajun/lZ0bdLHoSuWF81Gfw5xzUQ,watauga-texas
https://www.ubereats.com/dallas/food-delivery/burgerim-5615-colleyville-blvd/eezsCWGEQUGueSTV8q6X8w,watauga-texas
https://www.ubereats.com/dallas/food-delivery/jack-in-the-box-103-n-main/poCUO9YmSJK_kuS509rpYg,watauga-texas
https://www.ubereats.com/dallas/food-delivery/big-shots-sports-cafe/h8wASv-_QK272t28Efj4oQ,watauga-texas
https://www.ubereats.com/dallas/food-delivery/mrjimspizza-0031-1029-n-saginaw-blvd/jWHHHRF6T1qLJWvDzc2P-Q,watauga-texas
https://www.ubereats.com/dallas/food-delivery/tropical-smoothie-cafe-2700-presidio-vista-drivesuite-120/nqv2qrmVTeCb0k8Ef9o_BQ,watauga-texas
https://www.ubereats.com/dallas/food-delivery/applebees-945-n-saginaw-blvd/8H2WNjEvQoKRZ73XSkUdMQ,watauga-texas
https://www.ubereats.com/dallas/food-delivery/outback-steakhouse-2601-state-highway-121/Gw5Z02pWSemURXxbh4s4Fg,watauga-texas
https://www.ubereats.com/dallas/food-delivery/tropical-smoothie-cafe-fort-worth/pp8jx9kYQzW1MtolpIGp8g,watauga-texas
https://www.ubereats.com/dallas/food-delivery/casablanca-greek-mediterranean-cuisine/H1su05ZjQuOnbJ7hMxeu6A,watauga-texas
https://www.ubereats.com/dallas/food-delivery/main-event-fort-worth-north/wE4VvXjhTV6j-ieeAW-D9w,watauga-texas
https://www.ubereats.com/dallas/food-delivery/sushi-sam/-1sFp88YTDKwO_oM6WX75Q,watauga-texas
https://www.ubereats.com/dallas/food-delivery/here-asian-sushi-%26-bar/WfRgnL3zQx65jCX9xXsf4w,watauga-texas
https://www.ubereats.com/dallas/food-delivery/shipleys-do-nuts/8lo1PCU4Tq2l1-eUl47EpQ,watauga-texas
https://www.ubereats.com/dallas/food-delivery/deli-dun-right/9Xebn_V0QFKsTsvmB-AM_w,watauga-texas
https://www.ubereats.com/dallas/food-delivery/mexican-inn-bedford/IGCqXUWxSRi6nPKxbr8rxQ,watauga-texas
https://www.ubereats.com/dallas/food-delivery/ozeki-ramen-%26-sushi-izakaya/LH6PsBPCRBGV9bh9UEGdQA,watauga-texas
https://www.ubereats.com/dallas/food-delivery/subway-3088-basswood-blvd/62zMrbuxTOW0P-0zCOzoQw,watauga-texas
https://www.ubereats.com/dallas/food-delivery/jack-in-the-box-9133-north-fwyfar-north/gHHZVTvdRHyQG7Y4J9vN7w,watauga-texas
https://www.ubereats.com/dallas/food-delivery/buffet-palace/72p8GKbDQzahj1-6muTcTA,watauga-texas
https://www.ubereats.com/dallas/food-delivery/which-wich-superior-sandwiches-2908-texas-sage-trail/lrF9_X9GQ3-uOLLEUwRP9A,watauga-texas
https://www.ubereats.com/dallas/food-delivery/starbucks-377-%26-bursey/GERBGLOiRh6xByzHJBAwWg,watauga-texas
https://www.ubereats.com/dallas/food-delivery/el-chico/Pg1dx7knTY2hXnrjT2qbtA,watauga-texas
https://www.ubereats.com/dallas/food-delivery/romas-italian-pizza-north-richland/o59mltIwSKGKiQECmk22nw,watauga-texas
https://www.ubereats.com/dallas/food-delivery/buffalo-wild-wings-2017-s-main-st/Wub6mtB_S46suLU9mZjLMw,watauga-texas
https://www.ubereats.com/dallas/food-delivery/creative-memories-the-sweet-spot-bakery/XorVSo-vSVqHq2_dHjCeEQ,watauga-texas
https://www.ubereats.com/dallas/food-delivery/taco-cabana-6552-lake-worth-blvd/TJnDZxLlTOClCnBxt3NVbA,watauga-texas
https://www.ubereats.com/dallas/food-delivery/argentinas-sweet-%26-salty/b_r2ymLTQZS42LxJF5I41w,watauga-texas
https://www.ubereats.com/dallas/food-delivery/ihop-1433-quebec/5-48MaXVQl6L_4Ujll5mZQ,watauga-texas
https://www.ubereats.com/dallas/food-delivery/hungry-eyes/bI0vVPxGR3ipci5ddf8qNQ,watauga-texas
https://www.ubereats.com/dallas/food-delivery/my-lan-vietnamese-kitchen/HIHPhmVdQ36yUud6RAqoQQ,watauga-texas
https://www.ubereats.com/dallas/food-delivery/el-pollo-loco-1900-central-dr3804/kU8Wvo5vTNmxAwk4FLGLOw,watauga-texas
https://www.ubereats.com/dallas/food-delivery/the-londoner-colleyville/_iW5EvJYSRi82j-0vIwXoA,watauga-texas
https://www.ubereats.com/dallas/food-delivery/fuel-city-tacos-haltom-city/a0PZxWgdSLGd3JdJ5ganew,watauga-texas
https://www.ubereats.com/dallas/food-delivery/mcdonalds-colleyville-tx-colleyville-blvd/MQLqbe-ORe2SzY86tqlLEg,watauga-texas
https://www.ubereats.com/dallas/food-delivery/fireside-pies-fort-worth/flemnxgOTLq4B_PU7tmRtg,watauga-texas
https://www.ubereats.com/dallas/food-delivery/asian-king-buffet/AUeir91sRoqVqVspalskWA,watauga-texas
https://www.ubereats.com/dallas/food-delivery/chuys-mexican-restaurant/VMUGaNMzTk68Wai5LAeyZg,watauga-texas
https://www.ubereats.com/dallas/food-delivery/cafe-republic/jI6vctEiRx-HHWZWKpYWUA,watauga-texas
https://www.ubereats.com/dallas/food-delivery/honey-baked-ham-6034-alze-ave-suite-100/EMhy2v6cROeBhj1z8W8Oxw,watauga-texas
https://www.ubereats.com/dallas/food-delivery/outback-steakhouse-813-airport-freeway/kAd5R2FARP6zhTWIVbwccQ,watauga-texas
https://www.ubereats.com/dallas/food-delivery/duckys-taco-shop/L76rx2DqTOaHuO0pTA7TuQ,watauga-texas
https://www.ubereats.com/dallas/food-delivery/slim-chickens-5528-n-tarrant-pkwy/ZoUoGHcrRiSkwTGScUcykw,watauga-texas
https://www.ubereats.com/dallas/food-delivery/mount-top-cafe-hot-n-spicy/6v2b1LC5S5W1QPQHuKaxCw,watauga-texas
https://www.ubereats.com/dallas/food-delivery/mcdonalds-keller-jt-otting/H5pHcbImThyCofDvb0OGXQ,watauga-texas
https://www.ubereats.com/dallas/food-delivery/taco-bell-1221-oakland-blvd/ytZlt5CzTR6DgVdpFd1TLQ,watauga-texas
https://www.ubereats.com/dallas/food-delivery/neighborhood-cafe/kxvYYDyERuWHPOOyCmZZjA,watauga-texas
https://www.ubereats.com/dallas/food-delivery/rodeo-wings/LZFnJesTQuuU9c2Vdf6pGw,watauga-texas
https://www.ubereats.com/dallas/food-delivery/sonic-6280-beach-st/Z0_7nEs4QsWOnkX8pECphg,watauga-texas
https://www.ubereats.com/dallas/food-delivery/fng-eats/bDAukcj9QLuV11EUzrM7TQ,watauga-texas
https://www.ubereats.com/dallas/food-delivery/glorias-latin-cuisine-1121-e-southlake-blvd/_UIhkIXiSMiwYeyeZaV9Mw,watauga-texas
https://www.ubereats.com/dallas/food-delivery/omg-bbq/VRKlSlSOQzO8qRsYZ5iWtw,watauga-texas
https://www.ubereats.com/dallas/food-delivery/my-lan-bistro/Vvde_53yQhup_jTPpnlUeg,watauga-texas
https://www.ubereats.com/dallas/food-delivery/phoenix-nutrition/yMZhW23PTQWssQBsW36fGA,watauga-texas
https://www.ubereats.com/dallas/food-delivery/southern-classic-daiquiri-factory/2mcahS_ISmOJndxhzrejNw,watauga-texas
https://www.ubereats.com/dallas/food-delivery/starbucks-beach-%26-western/X8yOgsX8T9m_E5sDtxCwpw,watauga-texas
https://www.ubereats.com/dallas/food-delivery/famous-georges-cafe/WH-TGoKXSJmhpcY82MRQ3w,watauga-texas
https://www.ubereats.com/dallas/food-delivery/chef-point-collyville/ziNwcvDlRfe0ywoslo7FwA,watauga-texas
https://www.ubereats.com/dallas/food-delivery/el-patron-tacos-y-tortas/uCFMZyHHSYCFrv8H9_gNKA,watauga-texas
https://www.ubereats.com/dallas/food-delivery/burger-box/Uf8bzLJwSoiUyfcoOolHDA,watauga-texas
https://www.ubereats.com/dallas/food-delivery/nepali-chulo-%26-indian-cuisine/vLeWD5J5T16w2STporIhOg,watauga-texas
https://www.ubereats.com/dallas/food-delivery/little-caesars-3205-denton-hwy/PxLBv2_eTRuno2-6Wa8D8Q,watauga-texas
https://www.ubereats.com/dallas/food-delivery/orange-leaf-frozen-yogurt-6076-azle-avenue/hLnrtYHgTKCN01j13bXG4w,watauga-texas
https://www.ubereats.com/dallas/food-delivery/genghis-grill-hurst/Np___fOVQdaQyvfXAZNfMg,watauga-texas
https://www.ubereats.com/dallas/food-delivery/taco-bell-7200-n-freeway/Si6F6-oGS262VIAhQOEwFA,watauga-texas
https://www.ubereats.com/dallas/food-delivery/nyc-bagel-and-sandwich-shop/3178EKffSCiqcUEq-fF8EQ,watauga-texas
https://www.ubereats.com/dallas/food-delivery/wendys-1509-brown-trail/7H-4lBJ5SbWgoZf7Rnkhmg,watauga-texas
https://www.ubereats.com/dallas/food-delivery/luna-grill-fort-worth/jQB4LorqSxKMPXW1QJ6Fvg,watauga-texas
https://www.ubereats.com/dallas/food-delivery/freebirds-world-burrito-9501-sage-meadow-trail/_EMKg-w8QhGjilUPy1JEiA,watauga-texas
https://www.ubereats.com/dallas/food-delivery/starwood-cafe-north-richland-hills/pRgNHJekRn6Zlsot8o_IRA,watauga-texas
https://www.ubereats.com/dallas/food-delivery/snappy-salads-southlake-blvd/phst6QmiSXO8H5ykHxKpTQ,watauga-texas
https://www.ubereats.com/dallas/food-delivery/seven-day-donuts/a2drZuwzRViay4NfX52PjA,watauga-texas
https://www.ubereats.com/dallas/food-delivery/menchies-frozen-yogurt-4709-colleyville-blvd/aTr8W24iS4qgmTfODdJmBQ,watauga-texas
https://www.ubereats.com/dallas/food-delivery/famous-fatsos-burgers/hXeGkzanQ7GLV5WbKWESpg,watauga-texas
https://www.ubereats.com/dallas/food-delivery/dickeys-bbq-pit-precinct-line-rd-%26-tcc-rd/I5DEzr0-SIKwuEfMxIhn_A,watauga-texas
https://www.ubereats.com/dallas/food-delivery/muggle-shakes/ff1tjrjoR5K-xre8t9b2zA,watauga-texas
https://www.ubereats.com/dallas/food-delivery/papa-johns-e-berry-st/piiRyiYLQkK08mrOXHDPHg,watauga-texas
https://www.ubereats.com/dallas/food-delivery/campfire-grill-texas-kitchen/3crVnLg5QjCUpnZoBCjqMQ,watauga-texas
https://www.ubereats.com/dallas/food-delivery/applebees-6645-ne-loop-820/n4d8V1f1Rcy7Z0DDJqCdRA,watauga-texas
https://www.ubereats.com/dallas/food-delivery/taco-bueno-3128-alliance-%231/3Rlj0tQaQvSWX0gnIIQA3Q,watauga-texas
https://www.ubereats.com/dallas/food-delivery/oc-breakfast/s16o3kgBT0-t-Urw8HHWqg,watauga-texas
https://www.ubereats.com/dallas/food-delivery/cristinas-fine-mexican-restaurant-n-richland-hills/Z4zbNdaxQuKXp8aY32FBpQ,watauga-texas
https://www.ubereats.com/dallas/food-delivery/taco-bueno-3044-nrh-%232/2WNIyxM-TBGgST9acRHTXQ,watauga-texas
https://www.ubereats.com/dallas/food-delivery/king-wok/phhl9KwoSaKj3hEg6Q7w-Q,watauga-texas
https://www.ubereats.com/dallas/food-delivery/pitstop-bar-and-grill/c81nTc68RyCbOf7FeBI_SA,watauga-texas
https://www.ubereats.com/dallas/food-delivery/subway-6850-denton-hwy/dOxEJFG4RlebjPt3je9gyA,watauga-texas
https://www.ubereats.com/dallas/food-delivery/potbelly-sandwich-shop-hurst-183-%26-precinct-%7C-297/jUQhyKogSR-HUq353_g8eQ,watauga-texas
https://www.ubereats.com/dallas/food-delivery/pei-wei-2901-heritage-trace-parkway-suite-105/SzTjf4YpR6Wrq7RIQP5eZg,watauga-texas
https://www.ubereats.com/dallas/food-delivery/savor-patisserie-fort-worth/31nhra0ITky0rHZivAgsmg,watauga-texas
https://www.ubereats.com/dallas/food-delivery/los-cuando-best-burritos/ht_z6YrTTGGv--BltIM83A,watauga-texas
https://www.ubereats.com/dallas/food-delivery/long-john-silvers-4561-western-center-blvd/TRKn6zboTvad0bZtoVhw4A,watauga-texas
https://www.ubereats.com/dallas/food-delivery/hightower-deli-%26-cafe-cherry-st/mb6KcdHbSe-CTnwAKoS2fQ,watauga-texas
https://www.ubereats.com/dallas/food-delivery/mcdonalds-bedford-tx-central-drive/sa1lg-dSRzalMQ9LtbzunQ,watauga-texas
https://www.ubereats.com/dallas/food-delivery/guanataco/Xus6knRKR_atOK5XphlWwg,watauga-texas
https://www.ubereats.com/dallas/food-delivery/tamtam-zings-cafe/ygmyULskRfedBbQcxcRmoA,watauga-texas
https://www.ubereats.com/dallas/food-delivery/big-smoke-spuds/IaYDefJtR_iruUi6Hu73tA,watauga-texas
https://www.ubereats.com/dallas/food-delivery/ozeki-sushi-%26-ramen/fYftehmhRmSD9w6PDyEaGQ,watauga-texas
https://www.ubereats.com/dallas/food-delivery/f2-fusion-flavors/M_uPDSkDRzCrYddzDv6jsA,watauga-texas
https://www.ubereats.com/dallas/food-delivery/keller-donuts-%26-munchies/9WMIICnNRIiuvgwpOOfOEQ,watauga-texas
https://www.ubereats.com/dallas/food-delivery/papa-murphys-8536-davis-boulevard-suite-200/_1LNXMpKT4CGe0JV-CmaBQ,watauga-texas
https://www.ubereats.com/dallas/food-delivery/easy-freshly/HN88NmfUQbeN_-hjH1cFxw,watauga-texas
https://www.ubereats.com/dallas/food-delivery/abuelos-hurst-tx/nJBt0NmtSs-RaOOpiAEnSQ,watauga-texas
https://www.ubereats.com/dallas/food-delivery/stop-n-go-gyros-6401-north-beach/6M9u9cWmRIq9UZkSi3PFCQ,watauga-texas
https://www.ubereats.com/dallas/food-delivery/new-wok-asian-kitchen/du9m45nBTKupVeEbi2DZWw,watauga-texas
https://www.ubereats.com/dallas/food-delivery/simply-thai-keller/3o7YHuGRTMKTl8-FdmK41Q,watauga-texas
https://www.ubereats.com/dallas/food-delivery/mooyah-burgers-9604-old-denton-rd-suite-108/wk2iJ7WsRMGeLKIVKJTTOg,watauga-texas
https://www.ubereats.com/dallas/food-delivery/ihop-1946-mid-cities/nBp5R4xPQfiFKmyB7ArLYQ,watauga-texas
https://www.ubereats.com/dallas/food-delivery/fuel-city-burgers-saginaw/c6_1GCtPQ0KLo0sAlrYC1g,watauga-texas
https://www.ubereats.com/dallas/food-delivery/williams-fried-chicken-1701-mcclellan-ct/GdiXoYDuT5-DJ9NuWTJH3w,watauga-texas
https://www.ubereats.com/dallas/food-delivery/starbucks-hwy-377-%26-watauga/ccA1gC2VSvS1lEIaY9txnw,watauga-texas
https://www.ubereats.com/dallas/food-delivery/mcalisters-deli-522-n-richland-hills-tx-1243/Vg0EXl1zRJOvoZ0Q6Vlpsg,watauga-texas
https://www.ubereats.com/dallas/food-delivery/mcdonalds-watauga-denton/6AcPPFjAQEeejoJEzv6wig,watauga-texas
https://www.ubereats.com/dallas/food-delivery/lubys-1200-bridgewood-drive/xR9f6mS0RJSeAc5kFF0rNA,watauga-texas
https://www.ubereats.com/dallas/food-delivery/fosters/nSrb9W7DT8OcgGWiZmqzFQ,watauga-texas
https://www.ubereats.com/dallas/food-delivery/mexican-inn-cafe-keller/ZZIE_P9qRBW_5gU37mU3Ag,watauga-texas
https://www.ubereats.com/dallas/food-delivery/chipotle-mexican-grill-5100-rufe-snow-dr/4B1ebvZQShKK_-TnTTXIqg,watauga-texas
https://www.ubereats.com/dallas/food-delivery/boomerjacks-grill-%26-bar-western-center/yhSX1yriSYaf1bsJIDLRsQ,watauga-texas
https://www.ubereats.com/dallas/food-delivery/yogurtland-3851-airport-fwy/JMvMS0xPQU2sWpktKriUEA,watauga-texas
https://www.ubereats.com/dallas/food-delivery/bennys-cafe-breakfast-and-lunch/3TaNP7mxSZu5rAJ0LHZPgw,watauga-texas
https://www.ubereats.com/dallas/food-delivery/panda-express-5340-n-beach-st/W6HpOBM_Tyq0AJCKGmC0_A,watauga-texas
https://www.ubereats.com/dallas/food-delivery/tazikis-mediterranean-cafe-southlake/HMZhEPiqTq-Hp63kzL3SyA,watauga-texas
https://www.ubereats.com/dallas/food-delivery/ocean-seafood-market/GIVm9f7BSE22I1yx6ZJrWw,watauga-texas
https://www.ubereats.com/dallas/food-delivery/fatburger-6039-precinct-line-rd/OFqfbzDDQMKTrukGTS1-9Q,watauga-texas
https://www.ubereats.com/dallas/food-delivery/italiannis-restaurant/hk3Jw2DERz6bp9ySNDyUig,watauga-texas
https://www.ubereats.com/dallas/food-delivery/sonic-8875-grapevine-hwy/TkHr3MD8RWGY7WKxmncThw,watauga-texas
https://www.ubereats.com/dallas/food-delivery/dickeys-bbq-pit-blue-mound-rd-%26-ne-loop-service-rd/JucmOLUgRb-r4Hu8S_NQzQ,watauga-texas
https://www.ubereats.com/dallas/food-delivery/posados-ft/k8ShBvDzQkO73I_L4LGkkg,watauga-texas
https://www.ubereats.com/dallas/food-delivery/lava-asian-grill/cA0PD9AVR6-5Y2z66wUpTA,watauga-texas
https://www.ubereats.com/dallas/food-delivery/starbucks-i-35-%26-western-center/Lthizi6XQ_iPR86_cIcjrw,watauga-texas
https://www.ubereats.com/dallas/food-delivery/papa-johns-6380-n-beach-st-suite-%23100/6tajzKlESsW_S1nA15dQcQ,watauga-texas
https://www.ubereats.com/dallas/food-delivery/ra-sushi-southlake/Ybh2v9oRR_SsdRG9hd-QZw,watauga-texas
https://www.ubereats.com/dallas/food-delivery/boston-market-494-grapevine-hwy/LfY8nHdsSZC6Tws1g5Tuww,watauga-texas
https://www.ubereats.com/dallas/food-delivery/howard-wangs-china-grill-southlake-blvd/ILgl5WsvS7CkMyP-x7e9ug,watauga-texas
https://www.ubereats.com/dallas/food-delivery/starbucks-davis-%26-precinct-line/bIrRD7E1S8SxrBvKrXlbCQ,watauga-texas
https://www.ubereats.com/dallas/food-delivery/burgerfi-fort-worth/p7GW75lbQX26-WDQDOOEvw,watauga-texas
https://www.ubereats.com/dallas/food-delivery/thai-papaya-garden/rKa6ESUeQw-8OgCAUq5boA,watauga-texas
https://www.ubereats.com/dallas/food-delivery/el-paisa-cocina-mexicana-1550-north-beach-st/tQeriSIBRe2NPop2FFjmvw,watauga-texas
https://www.ubereats.com/dallas/food-delivery/chicken-express-5100-davis-blvd/F2KYJszKQBGHarN7dxjz1g,watauga-texas
https://www.ubereats.com/dallas/food-delivery/pressed-juicery-southlake-market-place/4l6eiFw5TViiobzNQ8k0-w,watauga-texas
https://www.ubereats.com/dallas/food-delivery/nestle-toll-house-cafe-by-chip-140-e-exchange-ave/Br1RSmA0R8SuBtylBIHjeA,watauga-texas
https://www.ubereats.com/dallas/food-delivery/little-caesars-pizza-3869-maurice-ave/5J5ahvl8QBC6zPFwajCpEw,watauga-texas
https://www.ubereats.com/dallas/food-delivery/stop-%26-get-one/2VIFcn0HTny8b_ep7_zJEQ,watauga-texas
https://www.ubereats.com/dallas/food-delivery/subway-12404-timberland-blvd/z3XrOS9UTCyK0w0qr3kDJA,watauga-texas
https://www.ubereats.com/dallas/food-delivery/chicken-express-keller/ObIA6lyJTS-emXlX2rAJcw,watauga-texas
https://www.ubereats.com/dallas/food-delivery/ny-pizzeria/xVDXTOHOSTu_Xn0bKJvC-Q,watauga-texas
https://www.ubereats.com/dallas/food-delivery/jack-in-the-box-8416-davis-blvd/AGWGlxDZTau5-DiAXYVHwg,watauga-texas
https://www.ubereats.com/dallas/food-delivery/donut-delight/Nzv1DF__R0CM2Q4jvCM02w,watauga-texas
https://www.ubereats.com/dallas/food-delivery/momo-to-go/EQaXglijRxGg18J0g4NzzA,watauga-texas
https://www.ubereats.com/dallas/food-delivery/papa-johns-132-west-pipeline-road/ENitYMZAQpSb5sWt_I_HcA,watauga-texas
https://www.ubereats.com/dallas/food-delivery/tangs-pacific-bistro/-WWKpUKMRemeGqOHmi96rw,watauga-texas
https://www.ubereats.com/dallas/food-delivery/pei-wei-asian-diner-1582-e-southlake-blvd/692PxBNxSIeM-zts1XsHcg,watauga-texas
https://www.ubereats.com/dallas/food-delivery/loveria-caffe/RkfDs8pwScCFQu2PKT81oQ,watauga-texas
https://www.ubereats.com/dallas/food-delivery/starbucks-1709-%26-rufe-snow-drive/QWCWThShRrSrUygGkao9uA,watauga-texas
https://www.ubereats.com/dallas/food-delivery/starbucks-davis-%26-1709/O46seqB9S7Oxnpc34ncQcw,watauga-texas
https://www.ubereats.com/dallas/food-delivery/jersey-mikes-subs-2212-central-dr/3EOVboZVRU6wcZiVD_-f2w,watauga-texas
https://www.ubereats.com/dallas/food-delivery/amano-italian-bistro/yA0wpQaqT-O2kQehbcYKNw,watauga-texas
https://www.ubereats.com/dallas/food-delivery/whats-poppin-texas/fe4nlbahQHC-8RQRsOTXEg,watauga-texas
https://www.ubereats.com/dallas/food-delivery/hibachi-teppanyaki-and-sushi-bar/p_3tl3_GRIKu7G_1D4uaiQ,watauga-texas
https://www.ubereats.com/dallas/food-delivery/jack-in-the-box-3008-basswood-blvd/47iXw7iXQbK-ri7cL6fIcg,watauga-texas
https://www.ubereats.com/dallas/food-delivery/wing-squad-dallas-southlake/nuaprzmPSSup5j0oRzMPmQ,watauga-texas
https://www.ubereats.com/dallas/food-delivery/craft-%26-vine/XcXX2TXLRzuWtF51W_9aJQ,watauga-texas
https://www.ubereats.com/dallas/food-delivery/subway-151-ridgepoint-pkwy/_f_G38iaQgid2kGPSr88vQ,watauga-texas
https://www.ubereats.com/dallas/food-delivery/chipotle-mexican-grill-2901-heritage-trace-pkwy-ste-101/26EfiACFQkC4whqRfombuw,watauga-texas
https://www.ubereats.com/dallas/food-delivery/mcdonalds-saginaw-blue-mnd/6nfqd7-YS8WZPic23MpuFw,watauga-texas
https://www.ubereats.com/dallas/food-delivery/pink-beet-cafe/WE1UDQ_FQd6CpgYeFxCY6Q,watauga-texas
https://www.ubereats.com/dallas/food-delivery/soulbird-chkn-shack-%26-wing-bar/QLb2cfAYSli_WsKRbzcGhQ,watauga-texas
https://www.ubereats.com/dallas/food-delivery/delucca-gaucho-pizza-%26-wine/KK8WW5GqQeqlzCvQLOfV8w,watauga-texas
https://www.ubereats.com/dallas/food-delivery/54th-street-restaurant-%26-drafthouse-fort-worth/iO5hY-U-S7udg-HGfFNROA,watauga-texas
https://www.ubereats.com/dallas/food-delivery/wendys-2420-westport-pkwy/rpjHHzUGS--iw_Fzv-z37w,watauga-texas
https://www.ubereats.com/dallas/food-delivery/papa-murphys-pizza-tx048-12345-alta-vista-road/gbmrQZdfQteLpsz8DFBqlA,watauga-texas
https://www.ubereats.com/dallas/food-delivery/dks-twisted-smokers-bbq-and-grill/PfUdwGIuSWq84vLVdJVlBg,watauga-texas
https://www.ubereats.com/dallas/food-delivery/burritos-locos-%232/VEDPY3I2QK6-w3IHslTJkw,watauga-texas
https://www.ubereats.com/dallas/food-delivery/doubledaves-keller/ztoxkz3zSRugNwr-CFY61Q,watauga-texas
https://www.ubereats.com/dallas/food-delivery/hoangs-noodle-house/QuI33aH1TVmwE0eNm3WqDA,watauga-texas
https://www.ubereats.com/dallas/food-delivery/noodles-%40-boba-tea-house/Q1VnotEETdKv0Y858bNItg,watauga-texas
https://www.ubereats.com/dallas/food-delivery/mcdonalds-ft-worth-tx-heritage-trace-pky/_sTWsbxwTa2mEIidp8dfYA,watauga-texas
https://www.ubereats.com/dallas/food-delivery/pho-vieng/5aQw2TbFRLy38DNJw2Xt0A,watauga-texas
https://www.ubereats.com/dallas/food-delivery/stop-n-go-gyros-8401-boulevard/3MapOE1qS0OdhTFQ8oY0rw,watauga-texas
https://www.ubereats.com/dallas/food-delivery/sonic-7608-blvd-26/7ZOesVs-R2iUNqGb33A5Hw,watauga-texas
https://www.ubereats.com/dallas/food-delivery/papa-johns-haltom-city/gws05X-GQoykFx4wvnYorg,watauga-texas
https://www.ubereats.com/dallas/food-delivery/sonic-4500-golden-triangle-blvd/84MIjkJ0QKGI6vOZ_Mb7GA,watauga-texas
https://www.ubereats.com/dallas/food-delivery/yogurtland-1251-e-southlake-blvd/Vkf30mAoTHqza4O7rX6lQQ,watauga-texas
https://www.ubereats.com/dallas/food-delivery/burger-street-roanoke/hnVaHFjgQmmrq-hf0oOgnw,watauga-texas
https://www.ubereats.com/dallas/food-delivery/nestle-toll-house-cafe-by-chip-red-mango-124-e-4th-st/VtOAoB8ARemm3NGLltNbyQ,watauga-texas
https://www.ubereats.com/dallas/food-delivery/jack-in-the-box-1491-precint-line/A4OdSMHoQOW2jsNRnAPptQ,watauga-texas
https://www.ubereats.com/dallas/food-delivery/del-friscos-grille-1200-e-southlake-blvd/bFOQvuHGTWmk1ZlXPixylA,watauga-texas
https://www.ubereats.com/dallas/food-delivery/bosses-pizza/YP2r5YGrRd24af0ybxiUAQ,watauga-texas
https://www.ubereats.com/dallas/food-delivery/tokyo-sushi-asian-food-and-bar/pmh8b9iWTyWD3FcMJxE9RQ,watauga-texas
https://www.ubereats.com/dallas/food-delivery/djs-soul-food-sunday/ujgKOa8zSpSD8eHR6Rpj6g,watauga-texas
https://www.ubereats.com/dallas/food-delivery/namoo-korean-restaurant-nrh/7mbQC1oYSKKrxk9iwny9sA,watauga-texas
https://www.ubereats.com/dallas/food-delivery/patriotic-pig-bbq/175UtQNZRBC8c6--cjndew,watauga-texas
https://www.ubereats.com/dallas/food-delivery/cristinas-fine-mexican-restaurant-trophy-club/MW3Zi_BMTkmj9ATcs_tz9Q,watauga-texas
https://www.ubereats.com/dallas/food-delivery/taqueria-tepito-1510-nw-28th-st/IUy7ap1RQ6SORlPUvvjH-g,watauga-texas
https://www.ubereats.com/dallas/food-delivery/el-pollo-loco-8817-n-freeway3864/NclWRTaJQeajFWMHkohdUQ,watauga-texas
https://www.ubereats.com/dallas/food-delivery/starbucks-hwy-26-%26-church/Zek8iBmcQoWhafI5affbMQ,watauga-texas
https://www.ubereats.com/dallas/food-delivery/the-original-pancake-house-1505-william-d-tate-ave/TZoounYHS4Os0Gnv1C_WKQ,watauga-texas
https://www.ubereats.com/dallas/food-delivery/dennys-6480-north-fwy/sAq1LfSqThm6ZVSSjuBSCw,watauga-texas
https://www.ubereats.com/dallas/food-delivery/red-robin-502-820-north-east-mall-blvd/smDbQqfYQQ-iAsjJ7-CcGA,watauga-texas
https://www.ubereats.com/dallas/food-delivery/western-donuts/mtmOIA0_QeyJoqgvVtt1rg,watauga-texas
https://www.ubereats.com/dallas/food-delivery/chicken-express-n-saginaw-blvd/KJH7uQrBRv2lDWEkNMoJvA,watauga-texas
https://www.ubereats.com/dallas/food-delivery/stop-n-go-gyros-5142-rufe-snow/aU9mu9V_RruVur45Lc-OiA,watauga-texas
https://www.ubereats.com/dallas/food-delivery/samwhichery/AiUwBLP9Tt6XhD2Iu17uVg,watauga-texas
https://www.ubereats.com/dallas/food-delivery/mrjimspizza-0010-5310-rufe-snow-dr/SipDVmqLQqOfVN4qnTd-Ew,watauga-texas
https://www.ubereats.com/dallas/food-delivery/the-station-patio-icehouse/VQMgCnJHRT-v9YZhSPOLxg,watauga-texas
https://www.ubereats.com/dallas/food-delivery/chick-fil-a-5131-rufe-snow-dr/9zMhzRI9QHmgTvoRWCPxfQ,watauga-texas
https://www.ubereats.com/dallas/food-delivery/soul-bird-wings/xo4Zj5N8QO6MZeKYxmzYbg,watauga-texas
https://www.ubereats.com/dallas/food-delivery/dlites-shoppe/btXqtirATHCtlk81wLh4Iw,watauga-texas
https://www.ubereats.com/dallas/food-delivery/scotts-moms-cooking/eFAP4rvYSPqH3-7MvmejeQ,watauga-texas
https://www.ubereats.com/dallas/food-delivery/terrys-donut/xEP6nRKFQl21CVUJ_uDbrQ,watauga-texas
https://www.ubereats.com/dallas/food-delivery/mcdonalds-ft-worth-tx-i-35-meacham/7KT1BPQ5Tbmxl21LYBVZhQ,watauga-texas
https://www.ubereats.com/dallas/food-delivery/evergreen-super-buffet/Rmw-0hyiSo2j3kd8tzNI8Q,watauga-texas
https://www.ubereats.com/dallas/food-delivery/yogurtland-1251-e-southlake-blvd/749TwfhkQvKeu08uTSCrsg,watauga-texas
https://www.ubereats.com/dallas/food-delivery/chard-southeast-asian-kitchen-fort-worth/7VLhtgN2ToWJdTY4uRb-zQ,watauga-texas
https://www.ubereats.com/dallas/food-delivery/starbucks-loop-820-%26-rufe-snow/loObazfQTS-z53Xg3LGSjQ,watauga-texas
https://www.ubereats.com/dallas/food-delivery/crazy-cowboy/vcaF4nLtT4ivnsPG8MM9Bw,watauga-texas
https://www.ubereats.com/dallas/food-delivery/subway-7901-mid-sities-blvd/V6L5nT3rTxCq7uPKC5i0jQ,watauga-texas
https://www.ubereats.com/dallas/food-delivery/wild-blueberries-frozen-yogurt-gelato-boba-tea-and-coffees/eXQHa-L9Rm6uX29sTZENRA,watauga-texas
https://www.ubereats.com/dallas/food-delivery/red-hot-%26-blue-n-richland-hills/NgX7vEVCSpWMrZhbSN9trw,watauga-texas
https://www.ubereats.com/dallas/food-delivery/phils-philly-grill-northeast-mall/1pzM7yGdScORFpZihDnzMA,watauga-texas
https://www.ubereats.com/dallas/food-delivery/popeyes-1125-s-main-street/XpGJdp8MRUOIhP1mtGJjbw,watauga-texas
https://www.ubereats.com/dallas/food-delivery/the-beacon-cafe-on-the-beach/V-wMWt87RAyiYQyANhV8ag,watauga-texas
https://www.ubereats.com/dallas/food-delivery/hooters-grapevine-hwy-%26-ne-loop-820/U63lr31xRSW3ugmwQOxFJg,watauga-texas
https://www.ubereats.com/dallas/food-delivery/mariscos-la-marea/NBBfpHLAQ7mus967L-JPhA,watauga-texas
https://www.ubereats.com/dallas/food-delivery/whats-cook-n-chef/dGGSeFH2Qr6D_p9JUYn-1g,watauga-texas
https://www.ubereats.com/dallas/food-delivery/twin-peaks-6650-n-fwy-service-rd-e/GIJzq_B0RFGLS_OydoyVcg,watauga-texas
https://www.ubereats.com/dallas/food-delivery/asiannights-lao-thai-cuisine-%26-bar/2_4HOSwTS6SdVOoI2YqiFw,watauga-texas
https://www.ubereats.com/dallas/food-delivery/fusion-grill-%26-bar/vK90fv0RQUOZhi4spjwsZw,watauga-texas
https://www.ubereats.com/dallas/food-delivery/lubys-ne-loop-820/ezkVL65BT7yA_gr4YsxQ3A,watauga-texas
https://www.ubereats.com/dallas/food-delivery/taco-bell-2808-denton-highway/XvYDMv36Q6uipL6JbTSyhA,watauga-texas
https://www.ubereats.com/dallas/food-delivery/spice-8/koHubseGSOKBWtvAqP6vwg,watauga-texas
https://www.ubereats.com/dallas/food-delivery/rush-bowls-keller/vSeoHrj2QjGSoRwozeb8wQ,watauga-texas
https://www.ubereats.com/dallas/food-delivery/sonic-2660-n-main-st/RMwy7TS7R7ucBkdSrlrz5g,watauga-texas
https://www.ubereats.com/dallas/food-delivery/the-hot-potato/oSpA1N1yQDOZvRJtzbPriQ,watauga-texas
https://www.ubereats.com/dallas/food-delivery/taco-bell-756-w-pipeline-rd/6X4QTpq8Rhq4HgT_Ktbqsg,watauga-texas
https://www.ubereats.com/dallas/food-delivery/frijoles-cafe-cantina/t8N8WIxNS8W7B9Rp0Lc9Ag,watauga-texas
https://www.ubereats.com/dallas/food-delivery/pasquallys-pizza-%26-wings-7935-boulevard-26/OLOtz8YnSAGzC9Kz2z_Yxg,watauga-texas
https://www.ubereats.com/dallas/food-delivery/honeylove-cakery/YK--emIBRZOd44S2IGbrxQ,watauga-texas
https://www.ubereats.com/dallas/food-delivery/china-town-restaurant/jHdrURWvSo2Qorm51vcYeQ,watauga-texas
https://www.ubereats.com/dallas/food-delivery/papa-johns-940-keller-parkway-suite-280/jbgENO9kRDSgpf-fS_sJBQ,watauga-texas
https://www.ubereats.com/dallas/food-delivery/panda-express-6260-precinct-line-rd/JnWmsDglSbOdISOep1A4vA,watauga-texas
https://www.ubereats.com/dallas/food-delivery/volcanos-sports-bar-and-grill/YB_FHxNNRkiC3hPSVTz0Eg,watauga-texas
https://www.ubereats.com/dallas/food-delivery/king-wok/d8S8_B9gQ7uNzr081rn_Gw,watauga-texas
https://www.ubereats.com/dallas/food-delivery/schlotzskys-6360-north-beach/_ENMcQq-S4avkeepuFri6w,watauga-texas
https://www.ubereats.com/dallas/food-delivery/pho-in-the-box-keller/GD4P9KrSRLKXxHtqitNvBA,watauga-texas
https://www.ubereats.com/dallas/food-delivery/first-watch-alliance/zMdOqzHIQXCLzp07siNddw,watauga-texas
https://www.ubereats.com/dallas/food-delivery/taco-bell-8170-precinct-line-road/VKtKjfFSS7-GlSF5UcDecA,watauga-texas
https://www.ubereats.com/dallas/food-delivery/sonic-2000-north-central-drive/NW5B8LhYQNKOZUYdl7uCmA,watauga-texas
https://www.ubereats.com/dallas/food-delivery/miguelitos-mexican-restaurant/syj2Sj3zR5ePl2Y51C_OKQ,watauga-texas
https://www.ubereats.com/dallas/food-delivery/chicken-express-basswood-blvd/P26YlYv6SbywdkCQhjD1ZQ,watauga-texas
https://www.ubereats.com/dallas/food-delivery/sunny-street-cafe-roanoke/xpZjZTibQGmIdWtpUDkByg,watauga-texas
https://www.ubereats.com/dallas/food-delivery/popeyes-8393-boulevard-26/VunL28AnRleIvzPIQfzq_w,watauga-texas
https://www.ubereats.com/dallas/food-delivery/bad-azz-burrito-blue-mound/k5xWPAfJRamcZRxX6j_X7g,watauga-texas
https://www.ubereats.com/dallas/food-delivery/mcdonalds-hurst-long-boone/SNuodxQxRaa1BQijsiEn6g,watauga-texas
https://www.ubereats.com/dallas/food-delivery/sweetfrog-8825-tehama-ridge-parkway-suite-311/BW_HcwqEQiC2vc06Uz9oQA,watauga-texas
https://www.ubereats.com/dallas/food-delivery/yum-yum-kabob/Li3RjI1rQfWWbMjrB1JMzA,watauga-texas
https://www.ubereats.com/dallas/food-delivery/palios-pizza-cafe-keller/C987vNdgQDaO4vb03QDXjw,watauga-texas
https://www.ubereats.com/dallas/food-delivery/chicken-salad-chick-hurst/7FtpQ4OOTLalg8YTEJ3xTA,watauga-texas
https://www.ubereats.com/dallas/food-delivery/chuyitos-texican-burgers-%26-cantina/oVHjVaK7T5uZkKsz4kdHVw,watauga-texas
https://www.ubereats.com/dallas/food-delivery/chuck-e-cheese-7935-boulevard-26/nv6D_I3AQOGHcQ7FbI3Suw,watauga-texas
https://www.ubereats.com/dallas/food-delivery/jets-pizza-fort-worth/oRFpR6FMTIe4z_9-NFwqPg,watauga-texas
https://www.ubereats.com/dallas/food-delivery/busy-bs-bakery/TG0aeJV_QliYWDzOfZjEIw,watauga-texas
https://www.ubereats.com/dallas/food-delivery/subway-2041-rufe-snow-dr/bX0z-TQ8QUGbge4n2QwPGg,watauga-texas
https://www.ubereats.com/dallas/food-delivery/terrys-donut/vWN1D_A_SSCR10c58E0LAg,watauga-texas
https://www.ubereats.com/dallas/food-delivery/panda-express-1149-n-saginaw-blvd/FloixPPPRe6P_1EkUQW2Pw,watauga-texas
https://www.ubereats.com/dallas/food-delivery/oc-burgers/CeE0r4NlTzOyFZiOvkZK1g,watauga-texas
https://www.ubereats.com/dallas/food-delivery/asian-buffet/hPV_knaeQ9-OcuR2BvWelw,watauga-texas
https://www.ubereats.com/dallas/food-delivery/acadia-parish-crawfish/uxadmZqZRQSw1m4UQdQeYA,watauga-texas
https://www.ubereats.com/dallas/food-delivery/vaquero-coffee-company/4J74c3qxRyOLATzqvwtEeA,watauga-texas
https://www.ubereats.com/dallas/food-delivery/luna-grill-southlake/86lgkb7ER1O5dMHB3M0wjw,watauga-texas
https://www.ubereats.com/dallas/food-delivery/los-molcajetes-mexican-restaurant-fort-worth/qW94Y_raQSK__v9zg0cjXA,watauga-texas
https://www.ubereats.com/dallas/food-delivery/jack-in-the-box-101-n-saginaw-blvd/bUnRaa1YQ52L9GcSSU9EcA,watauga-texas
https://www.ubereats.com/dallas/food-delivery/sonic-771-keller-parkway/6tEZEepNR_WBYgcZZHn6hA,watauga-texas
https://www.ubereats.com/dallas/food-delivery/dinos-pizza/Sv5WNb8rTf644lEnT8N9Qw,watauga-texas
https://www.ubereats.com/dallas/food-delivery/papa-johns-4718-colleyville-blvd/9ZZktW-3RrCYURi4-z9qdw,watauga-texas
https://www.ubereats.com/dallas/food-delivery/sonic-7101-boat-club-rd/FbpzlzLzSaWXnAoH-0ih1Q,watauga-texas
https://www.ubereats.com/dallas/food-delivery/buffalos-express-6039-precinct-line-road/EYU7pw7lR8OfIFQ6IFbkKA,watauga-texas
https://www.ubereats.com/dallas/food-delivery/like-totally-sweet-and-savory-food-truck/yjbgEvWmSoy3W9et5VbEig,watauga-texas
https://www.ubereats.com/dallas/food-delivery/honey-baked-ham-2221-porter-creek-dr/QhgBg8VpSIG9typU7-UBaw,watauga-texas
https://www.ubereats.com/dallas/food-delivery/corner-bakery-cafe-100-state-st/IiBlz2IRRNqqaSyiphV73Q,watauga-texas
https://www.ubereats.com/dallas/food-delivery/lao-music-vdo/xi-41EWtSEmmNCAb_2FfTA,watauga-texas
https://www.ubereats.com/dallas/food-delivery/panda-express-8440-denton-hwy/T8ph0XFTRcitZYOKTA_Oww,watauga-texas
https://www.ubereats.com/dallas/food-delivery/a%26w-all-american-food-4561-western-center-blvd/xjwqW0ezRDWgjO96cGfgYA,watauga-texas
https://www.ubereats.com/dallas/food-delivery/pure-cafe/Ys7VZ0StTn-dgIecdUhWZA,watauga-texas
https://www.ubereats.com/dallas/food-delivery/aladdin-mediterranean-cafe/N7c_sYS_R7eM5GCAHC78SQ,watauga-texas
https://www.ubereats.com/dallas/food-delivery/tributary-cafe/lRwyiyI7QfOp9nV298WTLQ,watauga-texas
https://www.ubereats.com/dallas/food-delivery/pasquallys-pizza-%26-wings-9121-n-fwy-service-rd-e/ivwC76QaSX-KvJw2fFkCNA,watauga-texas
https://www.ubereats.com/dallas/food-delivery/starbucks-hwy-377-and-fm1709/CBqA70hXTiyHcMCnPoqUZg,watauga-texas
https://www.ubereats.com/dallas/food-delivery/bobaddiction/KBjhfxzVTU2vUhmBLqeT9A,watauga-texas
https://www.ubereats.com/dallas/food-delivery/papa-johns-8945-tehama-ridge-parkway/b11oYH7MRiWXFeIXkwlawA,watauga-texas
https://www.ubereats.com/dallas/food-delivery/inzo-italian-kitchen/LbHdoyOzT-SjYNuQvmOOyg,watauga-texas
https://www.ubereats.com/dallas/food-delivery/juicy-cuties-boba/ZIfWFeriScOGawolKSgYvA,watauga-texas
https://www.ubereats.com/dallas/food-delivery/luigis-italian-restaurant/hxtWD4A2QPeLjuVw5CzO5g,watauga-texas
https://www.ubereats.com/dallas/food-delivery/five-guys-tx-1230-1304-w-pipeline-rd/DKdgAXDkT6-_4QQMa9odiQ,watauga-texas
https://www.ubereats.com/dallas/food-delivery/ihop-1457-beach/3uTZMzFCQsyRpY2Hi-y7Eg,watauga-texas
https://www.ubereats.com/dallas/food-delivery/king-pho-sushi-bar/HqgGBUmyRce5B7Z5rUF4SQ,watauga-texas
https://www.ubereats.com/dallas/food-delivery/luxor-mediterranean-restaurant-and-bar/nCjlEDQRQ9C8jFHviFIQXQ,watauga-texas
https://www.ubereats.com/dallas/food-delivery/panda-express-9013-north-freeway/GWFZx043TCiCe8BY9unHnA,watauga-texas
https://www.ubereats.com/dallas/food-delivery/freebirds-world-burrito-1301-w-pipeline-rd/lfDrSDCWTxWC8e_QIVt_hw,watauga-texas
https://www.ubereats.com/dallas/food-delivery/ibarras-tortilleria/HjyNUxZfRoexLCMu_tj7bQ,watauga-texas
https://www.ubereats.com/dallas/food-delivery/365-tacos/vjJYZE0VS6CiQdRKILgAmg,watauga-texas
https://www.ubereats.com/dallas/food-delivery/mcdonalds-hurst-tx-airport-frwy-precinct-line/gqx6W0hBT32X4bhlJxARWA,watauga-texas
https://www.ubereats.com/dallas/food-delivery/mamma-mia-belknap-st/bOkMrYkgRTC4Y_iOe1BapA,watauga-texas
https://www.ubereats.com/dallas/food-delivery/funnel-cakes-%26-gelato-hurst/dbNiBtOqQ1S1HJIMrf4nqA,watauga-texas
https://www.ubereats.com/dallas/food-delivery/jjs-taco-shop/DPSVRT67RDqrpvXjd12ZkQ,watauga-texas
https://www.ubereats.com/dallas/food-delivery/wendys-5161-rufe-snow-dr/tPCodpyoTmexPc-dXqLbsg,watauga-texas
https://www.ubereats.com/dallas/food-delivery/red-lobster-7800-bedford-euless-road/tK9B1vg9TeW3EUS5dGe1JA,watauga-texas
https://www.ubereats.com/dallas/food-delivery/3-ninas/w7M0UUVvSDGTOjb4kcmdRA,watauga-texas
https://www.ubereats.com/dallas/food-delivery/starbucks-heritage-trace-%26-i-35/xAUEllZESqOxj99ABbwX4w,watauga-texas
https://www.ubereats.com/dallas/food-delivery/thai-rice-n-noodle-keller/-JATKV6MSZu2vNRXmZxNrQ,watauga-texas
https://www.ubereats.com/dallas/food-delivery/the-rock-wood-fired-pizza-fort-worth/opto1ZbtQiCymZhIRU_UpA,watauga-texas
https://www.ubereats.com/dallas/food-delivery/donut-hole/hBXOrkGPQZypaDPWKrdJgA,watauga-texas
https://www.ubereats.com/dallas/food-delivery/sana-indian-restaurant/uWsI3nA8QA2CeZ5FAYy3Rg,watauga-texas
https://www.ubereats.com/dallas/food-delivery/burger-king-7047-boulevard-26/5GU1zfZtSEqOtAXwUXdOkA,watauga-texas
https://www.ubereats.com/dallas/food-delivery/cowtown-brewing/CrXPBiXGStuBJYk0jwtjUg,watauga-texas
https://www.ubereats.com/dallas/food-delivery/kyushi-hibachi-%26-san/AGijL3EWQ8urRNxVYp4FZg,watauga-texas
https://www.ubereats.com/dallas/food-delivery/aloha-chicken-and-shrimp/_8XrKIjTRA2rrFr-4wd8mA,watauga-texas
https://www.ubereats.com/dallas/food-delivery/classic-bjs-cafe/N_DxnPd1QaCIf8NAHxTjMQ,watauga-texas
https://www.ubereats.com/dallas/food-delivery/el-cangrejo/Spml-YcBQeGZeDGFEzlGgg,watauga-texas
https://www.ubereats.com/dallas/food-delivery/cold-stone-creamery-2948-texas-sage-trail/64wLeuyYQqGFAF2I9t6XRg,watauga-texas
https://www.ubereats.com/dallas/food-delivery/thai-hut/XnwLx64qQ_G0D8PEPo2Qbg,watauga-texas
https://www.ubereats.com/dallas/food-delivery/taco-cabana-6551-n-beach-st/U-ysZVyzQ9Woi2YgspLfCw,watauga-texas
https://www.ubereats.com/dallas/food-delivery/palios-on-tap-western-center/aB0ugcFcTdmpXsm3qXFhRA,watauga-texas
https://www.ubereats.com/dallas/food-delivery/chicken-salad-chick-fort-worth/b9JawLymSbCeWTBZQC4mVQ,watauga-texas
https://www.ubereats.com/dallas/food-delivery/burning-rice-hurst/3zVgrNd8RPOvk-Bj1pKTKA,watauga-texas
https://www.ubereats.com/dallas/food-delivery/hashi-japanese-kitchen/0tmWzhR5RgaPZdVP0afIpw,watauga-texas
https://www.ubereats.com/dallas/food-delivery/jack-in-the-box-5200-belknap-st/loOcYzYbQJCdlXWfmvP7YQ,watauga-texas
https://www.ubereats.com/dallas/food-delivery/taco-bell-1117-north-saginaw-blvd/9f_A5pIlRKKTJelXxzJk0w,watauga-texas
https://www.ubereats.com/dallas/food-delivery/applebees-6301-lake-worth-blvd/MDgu4zSCTmCHqNZhOToETQ,watauga-texas
https://www.ubereats.com/dallas/food-delivery/ems-kajun/rARSkEE5RkmIixGToB1R3Q,watauga-texas
https://www.ubereats.com/dallas/food-delivery/fuel-city-the-original-fried-pie-shop-saginaw/WMlU2SjVREeT9mlNm_3Ktg,watauga-texas
https://www.ubereats.com/dallas/food-delivery/papa-murphys-tx058-1201-longhorn-road-suite-145/9Xw1RDNxRX6sF747-3rnVA,watauga-texas
https://www.ubereats.com/dallas/food-delivery/no-frills-grill-keller/o7-zqtQwQkKXAEULqzxW5g,watauga-texas
https://www.ubereats.com/dallas/food-delivery/grandpas-popcorn/hlyZRbZLSduI6e_01SqkFQ,watauga-texas
https://www.ubereats.com/dallas/food-delivery/schlotzskys-deli-3530-north-west-center-drive/TE3yRqAxTv6X5QI-GZUK3g,watauga-texas
https://www.ubereats.com/dallas/food-delivery/mks-sushi/WzdA_QsLQ_W_90DsedjfEw,watauga-texas
https://www.ubereats.com/dallas/food-delivery/banh-mi-viet/Bk6JudasQLecFbxGaxyRtw,watauga-texas
https://www.ubereats.com/dallas/food-delivery/creamistry-southlake/FngPgpFjQnmkoqIt5bDXGQ,watauga-texas
https://www.ubereats.com/dallas/food-delivery/taco-bell-2824-n-main-st/kqiMqcfhT_CvZ5VNV-CqHg,watauga-texas
https://www.ubereats.com/dallas/food-delivery/panda-express-3540-highway-114/jv4CqMyATOm3nBdg3PSTXQ,watauga-texas
https://www.ubereats.com/dallas/food-delivery/mcdonalds-haltom-cty-belkn/C6Y9K6VTQ7iHw5lprDu7Hg,watauga-texas
https://www.ubereats.com/dallas/food-delivery/first-watch-tarrant/D2-8cpWkQte_GyAdYFXKkw,watauga-texas
https://www.ubereats.com/dallas/food-delivery/pf-changs-650-hwy-114/ayZGC-aaRqeQSMuhlTgY8A,watauga-texas
https://www.ubereats.com/dallas/food-delivery/rejuv-juice/-RgNvaGjQWqCqXRIE-yE3A,watauga-texas
https://www.ubereats.com/dallas/food-delivery/benjamins-pizza-kitchen/tNofwLaVQ4mgt9wOk4oc7w,watauga-texas
https://www.ubereats.com/dallas/food-delivery/lone-star-bbq/w9fUMFJyTtytuqxuebCU4w,watauga-texas
https://www.ubereats.com/dallas/food-delivery/world-blend/tHK6wspMSpuCTc2aPciuZQ,watauga-texas
https://www.ubereats.com/dallas/food-delivery/sonic-drive-in-1145-n-saginaw/x8ymgAzTRhO4jI3w5TLDsg,watauga-texas
https://www.ubereats.com/dallas/food-delivery/donut-palace-3300-western-center/bv_zSVrcTLKfefwlUTDQ2A,watauga-texas
https://www.ubereats.com/dallas/food-delivery/laotino-eats/cIDQvrbgR_e4KqLAaj6KgA,watauga-texas
https://www.ubereats.com/dallas/food-delivery/evitas-mexican-restaurant/gni0mIo4RMWKBFwlN20UDw,watauga-texas
https://www.ubereats.com/dallas/food-delivery/big-shots-sports-cafe/mlTf9gr9Rr2p_dq5PU4mwA,watauga-texas
https://www.ubereats.com/dallas/food-delivery/razzoos-cajun-cafe-alliance-center/QCUkNMFuT-SQ0nBwTdFO4A,watauga-texas
https://www.ubereats.com/dallas/food-delivery/sonic-100-n-nichols-st/fBZ8rAZMT22HpuC5-itBFA,watauga-texas
https://www.ubereats.com/dallas/food-delivery/panera-8416-denton-highway/M4HIqyTGQxyJcZxe1AC1vg,watauga-texas
https://www.ubereats.com/dallas/food-delivery/muggle-shakes-frozen-yogurt/3EdaJeaxR1CGneT7jw6Nyg,watauga-texas
https://www.ubereats.com/dallas/food-delivery/chapps-burgers-blvd-26/aOIASX6WRWGzweal9P_tZg,watauga-texas
https://www.ubereats.com/dallas/food-delivery/doshirock-sushi-%26-teriyaki-wok/9lKIE-LDTHC5hSIqIhhoEA,watauga-texas
https://www.ubereats.com/dallas/food-delivery/fuel-city-tacos-saginaw/ybxgO-gHRkStSCZpTIimEw,watauga-texas
https://www.ubereats.com/dallas/food-delivery/phillys-togo/Xaf9bGB5QIWKNfcWZXeR_g,watauga-texas
https://www.ubereats.com/dallas/food-delivery/mod-pizza-alliance/3hxPyIcxSoSX6_5lR1FM0w,watauga-texas
https://www.ubereats.com/dallas/food-delivery/taco-bell-8389-grapevine-hwy/310dV90gTgKAuAH4K7xHLQ,watauga-texas
https://www.ubereats.com/dallas/food-delivery/glorias-latin-cuisine-5611-colleyville-blvd-%23300/ahzq0LOyQ5OtwJrO2QDvVQ,watauga-texas
https://www.ubereats.com/dallas/food-delivery/dragon-house/s3LBjdwjQAya6tkr5TmOuA,watauga-texas
https://www.ubereats.com/dallas/food-delivery/coolgreens-southlake/e99UqatyRhS91fRKx_R_zg,watauga-texas
https://www.ubereats.com/dallas/food-delivery/helados-la-azteca/qrQARFRARJmbyPDI71C_SA,watauga-texas
https://www.ubereats.com/dallas/food-delivery/tokyo-samurai-hibachi-sushi/3RG1-sRrTKaJL9S8hiOQEQ,watauga-texas
https://www.ubereats.com/dallas/food-delivery/thai-monkey/efJh71MaQw-J8OBY1_aWNQ,watauga-texas
https://www.ubereats.com/dallas/food-delivery/tropical-smoothie-cafe-hurst/9hoo-k4eQeiEl5CK43kDlA,watauga-texas
https://www.ubereats.com/dallas/food-delivery/dairy-queen-5441-rufe-snow-dr/fJSzxn0KR0uYzxRkLfWEbg,watauga-texas
https://www.ubereats.com/dallas/food-delivery/joes-pizza-%26-pasta/ZbFSE6AkToSEmzZguWRDSw,watauga-texas
https://www.ubereats.com/dallas/food-delivery/ny-pizza-%26-pasta/gSLgYSjrSmmhTbkyiXmS1A,watauga-texas
https://www.ubereats.com/dallas/food-delivery/napols-pizza/bJWpL3VKQii20Kn4XOj6cA,watauga-texas
https://www.ubereats.com/dallas/food-delivery/pineapple-grill-texas/J67mvK_sTq-71QbiVQguPw,watauga-texas
https://www.ubereats.com/dallas/food-delivery/istanbul-grill-%26-bar/6Aw4I-e3SRCsf5lAr0jxBg,watauga-texas
https://www.ubereats.com/dallas/food-delivery/italian-bistro/T6xBuvDmQui_sf-im_W4Vg,watauga-texas
https://www.ubereats.com/dallas/food-delivery/taqueria-tepito-1104-miller-ave/0ZQJ40NzSG6x4Pu7COBGLA,watauga-texas
https://www.ubereats.com/dallas/food-delivery/mangos-grill-western-center-blvd/1wEkuJudRE6SQ_aUQA4Syw,watauga-texas
https://www.ubereats.com/dallas/food-delivery/holey-boba-%26-donuts/6fwaM95JSF2BOcKO0J0TzQ,watauga-texas
https://www.ubereats.com/dallas/food-delivery/lava-10/fMWZvxbIQVGDbKptKvj68A,watauga-texas
https://www.ubereats.com/dallas/food-delivery/starwood-cafe-north-richland-hills/61eadjGHTgu2qkvsCLTlPw,watauga-texas
https://www.ubereats.com/dallas/food-delivery/sushi-nomi/C4N7NUILRVOdG4MOBYxnqA,watauga-texas
https://www.ubereats.com/dallas/food-delivery/fuzzys-taco-shop-6010-azle-ave/Iktu4ZhnQ8eY8fiDBA3jqg,watauga-texas
https://www.ubereats.com/dallas/food-delivery/papa-johns-3101-harwood-road/hYObGvsxRYiZNFVwOZPdPw,watauga-texas
https://www.ubereats.com/dallas/food-delivery/euros-gyros/YOL6S8_FTuKLvPohFMnRJg,watauga-texas
https://www.ubereats.com/dallas/food-delivery/donutopia/vGWR93DmQJWpZDAJcTsJZw,watauga-texas
https://www.ubereats.com/dallas/food-delivery/mid-cities-cafe/rkbN83GcTey2tAuesY1yiQ,watauga-texas
https://www.ubereats.com/dallas/food-delivery/j%26k-foodstore/6FmmxaIXR8SJkiqx51FksA,watauga-texas
https://www.ubereats.com/dallas/food-delivery/cicis-1453-n-saginaw-blvd/Qu6HKQXUSVKMXHgztyRYcQ,watauga-texas
https://www.ubereats.com/dallas/food-delivery/los-molcajetes-mexican-restaurant-roanoke/DreE3IOnSIKPZHnnd6fh0Q,watauga-texas
https://www.ubereats.com/dallas/food-delivery/a-wok-that-rocks/XYG5BSJjT5Ojpp3xDk20LQ,watauga-texas
https://www.ubereats.com/dallas/food-delivery/kfc-4540-western-center-blvd/mc5-x7yiR4WG6do0JqsSOA,watauga-texas
https://www.ubereats.com/dallas/food-delivery/mitras-tearoom/0MSA3Xx_TOuAvrOsDHGR5Q,watauga-texas
https://www.ubereats.com/dallas/food-delivery/flying-saucer-draught-emporium-fort-worth/LuGRKP1yQWSneMBl3I7-TQ,watauga-texas
https://www.ubereats.com/dallas/food-delivery/burger-street-pipeline-road/XvMYffSETxKmzy3QZubVcA,watauga-texas
https://www.ubereats.com/dallas/food-delivery/m-%26-k-mediterranean-grill/YAnnbrNGTgq87344VN1nbg,watauga-texas
https://www.ubereats.com/dallas/food-delivery/sabai-sabai-southeast-asian-kitchen/cl1GrYsiQjii3ygR-5RBJg,watauga-texas
https://www.ubereats.com/dallas/food-delivery/have-a-donut-day/vsMvlOhcTTyICto46fb6wg,watauga-texas
https://www.ubereats.com/dallas/food-delivery/panda-express-1345-hwy-377/PKmPYtUORDWl4anqGmg4Gw,watauga-texas
https://www.ubereats.com/dallas/food-delivery/golden-thai-cuisine/4pU6DlQEQUKGGqtt0tV3xg,watauga-texas
https://www.ubereats.com/dallas/food-delivery/mks-sushi/f6SKs70bSTmM7WJ7NGkGCw,watauga-texas
https://www.ubereats.com/dallas/food-delivery/taco-bueno-3154-nrh-%233/wjRvxBObSBmE495uD-VnFA,watauga-texas
https://www.ubereats.com/dallas/food-delivery/chick-fil-a-8016-denton-hwy/RYeLegHMQse6X0LBY4GhKw,watauga-texas
https://www.ubereats.com/dallas/food-delivery/mcdonalds-ft-worth-tx-n-beach-western/mder5hbYRW-riyrUH3gurg,watauga-texas
https://www.ubereats.com/dallas/food-delivery/coal-vines-pizza-southlake/ISCMb4r1TQSCpQM-zsw1iA,watauga-texas
https://www.ubereats.com/dallas/food-delivery/bahama-bucks-4605-colleyville-blvd/DSxb-z6sS-q7QLzo4Law0w,watauga-texas
https://www.ubereats.com/dallas/food-delivery/taco-bell-6261-rufe-snow-drive/QXJjolXzSMiMsUBmDD7Omw,watauga-texas
https://www.ubereats.com/dallas/food-delivery/uncle-julios-alliance/OyNNWC-VRH6EBGuUEyIlTA,watauga-texas
https://www.ubereats.com/dallas/food-delivery/central-drive-cafe/fjt54ftHTNqactRCheLdXA,watauga-texas
https://www.ubereats.com/dallas/food-delivery/poke-station-n-richland-hills/DVJzytZ9S7i0zQz5bQ3XoQ,watauga-texas
https://www.ubereats.com/dallas/food-delivery/tacos-y-mas-hurst/UhoTvS4vTXavwsbDqhcvOw,watauga-texas
https://www.ubereats.com/dallas/food-delivery/chipotle-mexican-grill-7604-denton-hwy-ste-200/Fha76mc0Qc2lLB7sbKX2CA,watauga-texas
https://www.ubereats.com/dallas/food-delivery/benihana-1131-east-southlake-blvd/QO5Xl0kAQbu87i-lsf7ayQ,watauga-texas
https://www.ubereats.com/dallas/food-delivery/chapps-burgers-keller-pkwy/XMd6wF0pQKqgdaEhwRALLQ,watauga-texas
https://www.ubereats.com/dallas/food-delivery/chicken-express-bridgewood-drive/UuGBJAReToWUMaWmTuWOpA,watauga-texas
https://www.ubereats.com/dallas/food-delivery/jersey-mikes-subs-1308-w-pipeline-rd/NFTfXgN6T8qGOtTvcFOkKg,watauga-texas
https://www.ubereats.com/dallas/food-delivery/saltgrass-5845-sandshell-drive/WmVhvw71RxWLEXI3rBl6-Q,watauga-texas
https://www.ubereats.com/dallas/food-delivery/sonic-180-davis-blvd/W4flcCS6RzKb8bNzN32W6g,watauga-texas
https://www.ubereats.com/dallas/food-delivery/firehouse-subs-western-center/U1xH3GB4QQqYpTzKFjgs9w,watauga-texas
https://www.ubereats.com/dallas/food-delivery/schlotzskys-1085-s-main-st/6yM9biaSSqGQ05Dhirl8lw,watauga-texas
https://www.ubereats.com/dallas/food-delivery/jersey-mikes-subs-1624-basswood-blvd/XkQmioTfSSWEnfMi9Z31Dw,watauga-texas
https://www.ubereats.com/dallas/food-delivery/chick-fil-a-1002-keller-pkwy/aT-xDXA8TdGCJkhdPrLhNA,watauga-texas
https://www.ubereats.com/dallas/food-delivery/jack-in-the-box-6501-blvd-26/4qk_07D5S92TqUuVzYsWfQ,watauga-texas
https://www.ubereats.com/dallas/food-delivery/sonic-5647-rufe-snow-drive/z_eP0pwaQ3msH1LO9z0RQQ,watauga-texas
https://www.ubereats.com/dallas/food-delivery/manna-donut/RVgx496yShKQ4MUYe-SY4Q,watauga-texas
https://www.ubereats.com/dallas/food-delivery/creme-de-la-creme/LTCZZncLTFiLWd7JvQgNwA,watauga-texas
https://www.ubereats.com/dallas/food-delivery/schlotzskys-6237-rufe-snow/v8DdkFR4RdiUggWK6A2yUQ,watauga-texas
https://www.ubereats.com/dallas/food-delivery/elote-mexican-kitchen/0Y69t6tdTg2-nIkqbBeLGw,watauga-texas
https://www.ubereats.com/dallas/food-delivery/mi-pueblo-%23-2/RcRVTY3XQX6KW7XpWr1xxg,watauga-texas
https://www.ubereats.com/dallas/food-delivery/papa-johns-208-east-tx-highway-114/09rUPaWdRjqfAg5iKaj1CQ,watauga-texas
https://www.ubereats.com/dallas/food-delivery/sonic-8425-davis-blvd/D43GlKaoRxWmVrqJA7ZKlQ,watauga-texas
https://www.ubereats.com/dallas/food-delivery/firehouse-subs-1411-keller-pkwy/NkaQ3GQ8SS6uSrcaCZTCAQ,watauga-texas
https://www.ubereats.com/dallas/food-delivery/rockfish-seafood-%26-grill-southlake/jyF5_80DRryZEdfYjKlVRQ,watauga-texas
https://www.ubereats.com/dallas/food-delivery/breakfast-burritos-hurst/8sOt4QlIQnCWjJ6H1Z1Ohg,watauga-texas
https://www.ubereats.com/dallas/food-delivery/chicken-express-southlake/If799by2S6y-lCXAsqPp2A,watauga-texas
https://www.ubereats.com/dallas/food-delivery/duffs-famous-wings/MpO09LtAQK6PleNN4jUmDA,watauga-texas
https://www.ubereats.com/dallas/food-delivery/crown-x-press-pizza-%26-tacos/i0qxTR5aSLOKo-VR7Ugo0Q,watauga-texas
https://www.ubereats.com/dallas/food-delivery/burger-street-rufe-snow-drive/S86i-ppdSSeoqhU4Ba9DJQ,watauga-texas
https://www.ubereats.com/dallas/food-delivery/zaritas-mexican-grill/XkkaYRuPQcu6E1MeSc4RYw,watauga-texas
https://www.ubereats.com/dallas/food-delivery/sushiyaa-north-richland-hills/X1fG0W82Tpaz7qfagxCXLQ,watauga-texas
https://www.ubereats.com/dallas/food-delivery/taco-cabana-101-s-industrial-blvd/A_hhn1ILQw6Irv32CoAw7Q,watauga-texas
https://www.ubereats.com/dallas/food-delivery/sonic-3078-basswood-blvd/75UIAn9QS2aAeTmJaX6CjA,watauga-texas
https://www.ubereats.com/dallas/food-delivery/burger-king-3905-ne-loop-820/EE4Rb4bMR4e0jkQl6_OVQQ,watauga-texas
https://www.ubereats.com/dallas/food-delivery/steel-city-pops-1141-e-southlake-blvd/8mcUGVwQSYi6e6y0U7UYaw,watauga-texas
https://www.ubereats.com/dallas/food-delivery/mcdonalds-ft-worth-airport-freeway/76UqrOnuTuC1j-HN2M52PQ,watauga-texas
https://www.ubereats.com/dallas/food-delivery/nikis-italian-bistro/2xhi1K5iT4SlTmvFv4RILA,watauga-texas
https://www.ubereats.com/dallas/food-delivery/goldfish-sushi/9zIqQ2RtQrqjNJ3Cxj1WhQ,watauga-texas
https://www.ubereats.com/dallas/food-delivery/red-robin-695-2501-presidio-vista-drive/NmxNuKtJQJq24t1-VdN5cA,watauga-texas
https://www.ubereats.com/dallas/food-delivery/chicken-express-8657-n-beach-st/PLIjlzD4RjOMgf3_gbEhbg,watauga-texas
https://www.ubereats.com/dallas/food-delivery/sweet-%26-sawyer-ice-cream-%26-candy-shop/WwAnXPGLTNmuL4iNPXuLlw,watauga-texas
https://www.ubereats.com/dallas/food-delivery/malai-kitchen-southlake/vhHn_tf-S6aH3LRrP9Iixw,watauga-texas
https://www.ubereats.com/dallas/food-delivery/seven-mile-cafekeller/PEtFCN4jRoOzGMYkhMdQMA,watauga-texas
https://www.ubereats.com/dallas/food-delivery/chicken-express-s-blue-mound-rd/p7ffwnDQTK-i1OR0qaVgBw,watauga-texas
https://www.ubereats.com/dallas/food-delivery/new-york-style-pizza-%26-gyros/c6T1nyYTQ_ecQaZ6mB_ROw,watauga-texas
https://www.ubereats.com/dallas/food-delivery/newks-eatery/LlnRG6AqQtS9z2-woxWQPg,watauga-texas
https://www.ubereats.com/dallas/food-delivery/donnas-donuts/-GfEWqgbT96UHd3g0rdWJQ,watauga-texas
https://www.ubereats.com/dallas/food-delivery/eagles-point-bar-%26-grill/6YqVlR9OQhGoMPFOeKgOLQ,watauga-texas
https://www.ubereats.com/dallas/food-delivery/central-donuts-%26-bakery/K-P784yzQVaKow1cC7DQbA,watauga-texas
https://www.ubereats.com/dallas/food-delivery/taco-bell-1060-n-beach-st/fgNLOHEKRZuiRaA5DOZKLA,watauga-texas
https://www.ubereats.com/dallas/food-delivery/pie-five-pizza-keller/_Hi6x3EmSdu6-cKeb0p9VA,watauga-texas
https://www.ubereats.com/dallas/food-delivery/krispy-kreme-grapevine/luwt6nIVRe6vDm2SMZe2ag,watauga-texas
https://www.ubereats.com/dallas/food-delivery/chipotle-mexican-grill-2100-airport-fwy-ste-100/vvNRCpRAQIGVrzxZiDUUdw,watauga-texas
https://www.ubereats.com/dallas/food-delivery/thai-tinas-in-the-embassy-suites-hotel/pDwlPy3nQdi3Z31-ZpC2Gw,watauga-texas
https://www.ubereats.com/dallas/food-delivery/saltgrass-1813-hwy-121/1wrYz7SkSKyxwJR_PvCymA,watauga-texas
https://www.ubereats.com/dallas/food-delivery/broncos-sports-grill/fg1DEFI-QimYMtqPhCt7xA,watauga-texas
https://www.ubereats.com/dallas/food-delivery/riverbend-cafe-and-catering/igXhlD65QYKLwFdtlUrZ9w,watauga-texas
https://www.ubereats.com/dallas/food-delivery/glazed-dough/6BAjQ3kQTjixC9q3iIgbCQ,watauga-texas
https://www.ubereats.com/dallas/food-delivery/bread-zeppelin-salads-southlake/Aj1XZ58GSdaGgHgnMkahZw,watauga-texas
https://www.ubereats.com/dallas/food-delivery/bahama-bucks-5636-n-tarrant-pkwy-suite-100/DI4x6UVjR8GMhwLNwsuBug,watauga-texas
https://www.ubereats.com/dallas/food-delivery/taco-bueno-3122-haltom-city-%231/GFo9w5y7QoKeuGN_F1oMZQ,watauga-texas
https://www.ubereats.com/dallas/food-delivery/schlotzskys-320-grapevine-highway/FymA2KhqQdutTXHYiK_MRA,watauga-texas
https://www.ubereats.com/dallas/food-delivery/yum-yum-kabob/uh1dROzoSJymPWrnPF1sJg,watauga-texas
https://www.ubereats.com/dallas/food-delivery/pho-real/2MDS3yivRJaXz37CiiakZA,watauga-texas
https://www.ubereats.com/dallas/food-delivery/sweeties-cheesecakes/Pa_3ch_CSCW8l4US7Y7t2g,watauga-texas
https://www.ubereats.com/dallas/food-delivery/churchills-fish-and-chips/Vea9bxUDQvqNSsKA_Mk8ng,watauga-texas
https://www.ubereats.com/dallas/food-delivery/not-just-pho/UgkoGtpvSZ6bkvyunbsqjA,watauga-texas
https://www.ubereats.com/dallas/food-delivery/sunny-street-cafe-5000-western-center-blvd/gwQuPcCiQxy8rh8jFb2pcw,watauga-texas
https://www.ubereats.com/dallas/food-delivery/new-york-pizza-%26-pasta/vboKhCqjRlaL-bsV2t4yRw,watauga-texas
https://www.ubereats.com/dallas/food-delivery/mamas-pizza-north-richland/8IXMBOb9Ttmtdt4b_lllsQ,watauga-texas
https://www.ubereats.com/dallas/food-delivery/horizon-76/wgeudM-sTzyuXUVemuQkyA,watauga-texas
https://www.ubereats.com/dallas/food-delivery/taqueria-el-toro/b_1HxO6HTBmLodc9_Qcz4A,watauga-texas
https://www.ubereats.com/dallas/food-delivery/kfc-tb-1505-brown-trail/SjOi_k-wQzGnHXZKsUKWvw,watauga-texas
https://www.ubereats.com/dallas/food-delivery/grandys-north-richland-hills/-XEE33vWQqKeLqkjeCLZXA,watauga-texas
https://www.ubereats.com/dallas/food-delivery/la-burger-keller-pkwy/xjpFzLXQSOawkBxv1dRong,watauga-texas
https://www.ubereats.com/dallas/food-delivery/vitality-bowls-2750-e-southlake-blvd-suite-110/1xMIJBNiTiyH00WRn6WEUg,watauga-texas
https://www.ubereats.com/dallas/food-delivery/sonic-1700-western-center-blvd/UXX8uPROTTqHsJzSJ0TUDg,watauga-texas
https://www.ubereats.com/dallas/food-delivery/arbys-5370-n-beach-st/akTU8VwRSICoeydOb9HTww,watauga-texas
https://www.ubereats.com/dallas/food-delivery/jimadores-mexican-cuisine/wOW34P-wRVe-IEJ1A4kYMw,watauga-texas
https://www.ubereats.com/dallas/food-delivery/moes-gyro/fsDDaXp4QeeVXi_HzLrGsg,watauga-texas
https://www.ubereats.com/dallas/food-delivery/texas-de-brazil-fort-worth/gsvXxKVrT8Clti5f0J5T4g,watauga-texas
https://www.ubereats.com/dallas/food-delivery/hurts-donut-fort-worth/ObDZRMtZRcO-6WWGp8fOHQ,watauga-texas
https://www.ubereats.com/dallas/food-delivery/subway-3529-heritage-trace-parkway/DZYdSiPsSXqqDNFsFV3LyA,watauga-texas
https://www.ubereats.com/dallas/food-delivery/taco-cabana-801-n-beach-st/sl9lD4yvTRKan_rC_YFunw,watauga-texas
https://www.ubereats.com/dallas/food-delivery/el-paisa-cocina-mexicana-4001-colleyville-blvd/w2abOYA6TDqg2xuelPMFgA,watauga-texas
https://www.ubereats.com/dallas/food-delivery/starbucks-southlake-blvd-and-white-chape/c84HSkT4S3qGgycQqSDLVg,watauga-texas
https://www.ubereats.com/dallas/food-delivery/tastebuds-live/dBjRq9waSYGMNxqsXoy5mg,watauga-texas
https://www.ubereats.com/dallas/food-delivery/dapper-cafe/O1I-a6oxRz-Wb751xFMYUw,watauga-texas
https://www.ubereats.com/dallas/food-delivery/papa-murphys-pizza-tx251-2816-central-dr/iXILqg6GTLuInGHiAWfRqg,watauga-texas
https://www.ubereats.com/dallas/food-delivery/am-donut-coffee/NkE0lb2HRDm70z58dLkKfw,watauga-texas
https://www.ubereats.com/dallas/food-delivery/hanabi-hibachi-and-sushi/N_GjS-_UTJO4S66iM0qxkA,watauga-texas
https://www.ubereats.com/dallas/food-delivery/subway-845-keller-parkway/KuV8ltb-Sv6tQcwyBAqSVw,watauga-texas
https://www.ubereats.com/dallas/food-delivery/rice-to-meet-you-cup/Nrh1ox5yShqYm_hGX-R_7A,watauga-texas
https://www.ubereats.com/dallas/food-delivery/red-brick-pizza-colleyville/Hf-EzvzeSQOsIr2Aa24KiQ,watauga-texas
https://www.ubereats.com/dallas/food-delivery/boomerjacks-grill-and-bar-bedford/clZV8pQPTZqmcHFZEpI8jg,watauga-texas
https://www.ubereats.com/dallas/food-delivery/jersey-mikes-3400-texas-sage-trail/WwMbGgr2RqaQc9L87JMMPA,watauga-texas
https://www.ubereats.com/dallas/food-delivery/hg-sply-co-trophy-club/fF5mit_4RbukzMp8j2MqFQ,watauga-texas
https://www.ubereats.com/dallas/food-delivery/subway-6245-rufe-snow-dr/4ZZF51p5TD6UCknSjCoAOQ,watauga-texas
https://www.ubereats.com/dallas/food-delivery/smoothie-king-775-grapevine-highway/rU1pGUTZQlu8RpTEkbHeew,watauga-texas
https://www.ubereats.com/dallas/food-delivery/sandys-real-chicken-fried-steaks-north-richland-hills/y5nOw9I-SP-CadgWPQ2ggA,watauga-texas
https://www.ubereats.com/dallas/food-delivery/nekter-juice-bar-colleyville/z1GSBmzKRp2YzFKUyOs58A,watauga-texas
https://www.ubereats.com/dallas/food-delivery/sara-donuts/Vsovje4NQzKiuHn3NWBnMA,watauga-texas
https://www.ubereats.com/dallas/food-delivery/jersey-mikes-subs-watauga-7608-denton-hwy/viotJ50lSnSp3j2z6_Porw,watauga-texas
https://www.ubereats.com/dallas/food-delivery/mcdonalds-hurst-pipeline/H-Mlw1kIS0qUz0_ZmKGEyw,watauga-texas
https://www.ubereats.com/dallas/food-delivery/donut-time/dPHjCHpbR3u83iel0K9ANg,watauga-texas
https://www.ubereats.com/dallas/food-delivery/spring-creek-barbeque-660-s-main/ninJTgp-Rlm5C23xMNQaXg,watauga-texas
https://www.ubereats.com/dallas/food-delivery/long-john-silvers-5540-rufe-snow-dr/kjgJgDtsROGd6LCGZY-gdw,watauga-texas
https://www.ubereats.com/dallas/food-delivery/bjs-restaurant-%26-brewhouse-952-north-east-loop-820/51ITi2cOTC6QOQ95cYU_RQ,watauga-texas
https://www.ubereats.com/dallas/food-delivery/hechizera-tortas/2xFZO8ieTxW-5s_wbI00tw,watauga-texas
https://www.ubereats.com/dallas/food-delivery/the-salad-bowl-610-e-byron-nelson-boulevard/3NX5flb2Rfq_3Pt2hthpuw,watauga-texas
https://www.ubereats.com/dallas/food-delivery/potbelly-sandwich-shop-n-tarrant-parkway-%26-35-dt-%7C-387/tIly-ao9QyejUD0Edm-jWw,watauga-texas
https://www.ubereats.com/dallas/food-delivery/donut-haven/9LWaT3O1Qm6b_hdPw0-MOg,watauga-texas
https://www.ubereats.com/dallas/food-delivery/boun-bistro/0P0nZ0hlTJKSugunM0cdBw,watauga-texas
https://www.ubereats.com/dallas/food-delivery/auntie-annes-1101-melbourne-rd-suite-1000-spc-122/JMiY5dyrSCuzQHxOk35vOQ,watauga-texas
https://www.ubereats.com/dallas/food-delivery/ahoyama/mg6ZR9WHSIemSR8-sv06mA,watauga-texas
https://www.ubereats.com/dallas/food-delivery/jersey-mikes-subs-9120-north-tarrant-parkway/nmlSUi97RaiY7GyIgezyoQ,watauga-texas
https://www.ubereats.com/dallas/food-delivery/zoes-kitchen-4717-colleyville-blvd-suite-100/SXcgp67TSQmnDsKLwstPhA,watauga-texas
https://www.ubereats.com/dallas/food-delivery/zs-wok-watauga/tQww7ztZRXWRoj6SOrLPxA,watauga-texas
https://www.ubereats.com/dallas/food-delivery/dickeys-bbq-pit-us-377-%26-northwest-pkwy/Bmi1OPItQ5auhyjZTE-DcA,watauga-texas
https://www.ubereats.com/dallas/food-delivery/starbucks-i-35-%26-n-tarrant-pkwy/crK3gSMnREOSlU5eBjJWMw,watauga-texas
https://www.ubereats.com/dallas/food-delivery/pupuseria-el-tamarindo/UIF19T5ISFa8S1yxJ_YM3w,watauga-texas
https://www.ubereats.com/dallas/food-delivery/chicken-express-roanoke/DfyCs6eASLqIgtTRkDRztg,watauga-texas
https://www.ubereats.com/dallas/food-delivery/zoes-kitchen-7300-denton-hwy/9CnFsdnLSfuV1GPTO0FK4g,watauga-texas
https://www.ubereats.com/dallas/food-delivery/soulbird-chkn/9E8DXmNyTFKMTjqFU6u1Fg,watauga-texas
https://www.ubereats.com/dallas/food-delivery/chick-fil-a-1475-w-pipeline-rd/pDfeI3wCRCicKjfU24LDAQ,watauga-texas
https://www.ubereats.com/dallas/food-delivery/kfc-5651-rufe-snow-dr/nZiQDf-MRhitgblai-bhWQ,watauga-texas
https://www.ubereats.com/dallas/food-delivery/chicken-express-12620-timberland/iZOnzghwQv6duJ8wf-f_Kw,watauga-texas
https://www.ubereats.com/dallas/food-delivery/sonic-6724-davis-boulevard/ixiPivUwSM6qLfyGdfwJRw,watauga-texas
https://www.ubereats.com/dallas/food-delivery/cicis-5300-rufe-snow-dr/7XaHUktUTZ2uteiOyr3e-A,watauga-texas
https://www.ubereats.com/dallas/food-delivery/el-amigo-taqueria/1mWTL-LVRvKHdP4C-NkS3Q,watauga-texas
https://www.ubereats.com/dallas/food-delivery/texs-star-grill/Cc9XydwNQf2JxKlYyMKeRQ,watauga-texas
https://www.ubereats.com/dallas/food-delivery/starbucks-hwy-183-%26-precinct/VPl09rWvSmaIxAvaxtxwTA,watauga-texas
https://www.ubereats.com/dallas/food-delivery/bjs-restaurant-%26-brewhouse-9401-sage-meadow-trail/iPP4vUnOT9um0TKexL9w4A,watauga-texas
https://www.ubereats.com/dallas/food-delivery/subway-5354-rufe-snow-dr/Jw8941RqS2uVnQHrUgJCSg,watauga-texas
https://www.ubereats.com/dallas/food-delivery/kindred-coffee-co/H9P0WKyTQYCjqE1Zv70Bgg,watauga-texas
https://www.ubereats.com/dallas/food-delivery/cotton-patch-cafe-3940-nw-loop-820/WnRWZ5xAR2y4lAoTcDfojA,watauga-texas
https://www.ubereats.com/dallas/food-delivery/tacos-del-norte/zxvGgQajSfaI5F24l33guw,watauga-texas
https://www.ubereats.com/dallas/food-delivery/italy-pasta-%26-pizza-fort-worth/0Fdrt6PbSlK8o85-7fL6xg,watauga-texas
https://www.ubereats.com/dallas/food-delivery/saginaw-donut-shop/iNCjU5cMRzKFXuMYVFsZFw,watauga-texas
https://www.ubereats.com/dallas/food-delivery/cotton-patch-cafe-8528-davis-blvd/xe0Hwjq9TiWElCZszdvskQ,watauga-texas
https://www.ubereats.com/dallas/food-delivery/cristinas-fine-mexican-restaurant-fort-worth/jESH59dXR4qXDZ2bRATPqA,watauga-texas
https://www.ubereats.com/dallas/food-delivery/moonlight-cakes/BM84D7aXTlCO2miO2aFaJw,watauga-texas
https://www.ubereats.com/dallas/food-delivery/wendys-8424-denton-hwy/Gjk6BQqPTVm_rfIoAzX3aQ,watauga-texas
https://www.ubereats.com/dallas/food-delivery/mcdonalds-no-richland-hills-rufe-snow/DTFOEVFRTWi3ZiW9rRGJIQ,watauga-texas
https://www.ubereats.com/dallas/food-delivery/sonic-2009-s-main-st/1ioPeM3QS_ieWxvUS5kMFA,watauga-texas
https://www.ubereats.com/dallas/food-delivery/mcdonalds-keller-tx-rufe-snow-n-tarrant-pkwy/RHEnj7iJSX6uWQtpi4qBvA,watauga-texas
https://www.ubereats.com/dallas/food-delivery/kfc-taco-bell-1941-s-main-st/MhlgzMguS7GwuqugUSQiGQ,watauga-texas
https://www.ubereats.com/dallas/food-delivery/goodys-food-market/3i6QdfXgSxa_GKvhgyD3uw,watauga-texas
https://www.ubereats.com/dallas/food-delivery/posados-bedford/LO-xAnH7Q4ewieIB72Occg,watauga-texas
https://www.ubereats.com/dallas/food-delivery/natorious-eats/9DTapR2PTE6StjLXq6qbpw,watauga-texas
https://www.ubereats.com/dallas/food-delivery/yogurtville/Eusj5T1jRNuFwldvaFsSmQ,watauga-texas
https://www.ubereats.com/dallas/food-delivery/taqo-guy/rkFZlz6CTImsqLCJeKlqgA,watauga-texas
https://www.ubereats.com/dallas/food-delivery/sphere-boba-tea/1RwhKeMeQUqaFj7nR8eq2Q,watauga-texas
https://www.ubereats.com/dallas/food-delivery/archies-donuts/JGznz4THTY6cQgt7uoQkZQ,watauga-texas
https://www.ubereats.com/dallas/food-delivery/mariachis-dine-in/V9Qy-vEqQjKiUFA8cZfiFw,watauga-texas
https://www.ubereats.com/dallas/food-delivery/sayuri-hibachi-express/O86gh6pFTzyN-HTDwlILoA,watauga-texas
https://www.ubereats.com/dallas/food-delivery/fishtail-harwood-rd/OV6IYULcTK-fIRiIDtLB3A,watauga-texas
https://www.ubereats.com/dallas/food-delivery/k-pop-burger-keller/yJKAXevOQFW1EMqv1e7BDg,watauga-texas
https://www.ubereats.com/dallas/food-delivery/churchs-chicken-3900-ne-28th-street/ZoYwEQCSTlKtsAvIcXK85g,watauga-texas
https://www.ubereats.com/dallas/food-delivery/honey-baked-ham-728-grapevine-hwy/EA69_TEbSJyrfTJOeBrjlg,watauga-texas
https://www.ubereats.com/dallas/food-delivery/crunchii-asian-boneless-chicken/zkeFvH0lRFy4fX-ke6Rq4Q,watauga-texas
https://www.ubereats.com/dallas/food-delivery/stone-pit-inc/h9ITc7XfRcSG0EPfbtMHig,watauga-texas
https://www.ubereats.com/dallas/food-delivery/cafe-italia-ristorante-ira-e/EUeMoP43Q1-XyYdOyO4lEw,watauga-texas
https://www.ubereats.com/dallas/food-delivery/jon-smith-subs/A5oTgK-tRy-_8NA5TEWO3g,watauga-texas
https://www.ubereats.com/dallas/food-delivery/chipotle-mexican-grill-7100-blue-mound-rd/_B4rTlsCQDCVNHrNkEnIWw,watauga-texas
https://www.ubereats.com/dallas/food-delivery/giovannis-pizza-n-pasta/eHg6ZiTUSJerpDNqbEt-XQ,watauga-texas
https://www.ubereats.com/dallas/food-delivery/smoothie-king-8450-denton-hwy/_yYZQ0_3SsGnI0AauAzX7Q,watauga-texas
https://www.ubereats.com/dallas/food-delivery/chick-fil-a-9130-n-tarrant-pkwy/vpym8XZkT6qiMRFVYJdKvA,watauga-texas
https://www.ubereats.com/dallas/food-delivery/nyki-foods/vX3H65RoS32CQ3mn50375w,watauga-texas
https://www.ubereats.com/dallas/food-delivery/reno-reds-frontier-cooking/lpJmOg-8TiGpM0_IBMdWaQ,watauga-texas
https://www.ubereats.com/dallas/food-delivery/donut-place/l2Slr75AR06VbwuK4eRrHg,watauga-texas
https://www.ubereats.com/dallas/food-delivery/cotton-patch-cafe-8004-denton-hwy-hwy377/7gtwgI5TS0WyhmHActYo_w,watauga-texas
https://www.ubereats.com/dallas/food-delivery/jerrys-italian-bistro/LkPHzZCwRbqUBGcrTMmU5A,watauga-texas
https://www.ubereats.com/dallas/food-delivery/salvadoreno-latin-cuisine/LpPj_isbRNqAUwD21y_tDg,watauga-texas
https://www.ubereats.com/dallas/food-delivery/taco-bell-4500-western-center-blvd/XzqpEX0ZSXOSzFYchYxG4g,watauga-texas
https://www.ubereats.com/dallas/food-delivery/mooyah-burgers-southlake/nbcO_FsiTxOFFh2ag_lzHA,watauga-texas
https://www.ubereats.com/dallas/food-delivery/ramen-sensei-1131-east-southlake-blvd/9dFzR2G4SFqyDgQznkSfMg,watauga-texas
https://www.ubereats.com/dallas/food-delivery/firehouse-subs-alliance/bGUHOOazSZGdAKDklA3DYg,watauga-texas
https://www.ubereats.com/dallas/food-delivery/marcos-pizza-5250-n-tarrant-pkwy/2rNhwKCfSmy_rKc8pNKRMw,watauga-texas
https://www.ubereats.com/dallas/food-delivery/el-pollo-loco-1245-w-pipeline-rd3800/DXQhYgCBTTyJRbrKuUAD3g,watauga-texas
https://www.ubereats.com/dallas/food-delivery/joess-pasta-%26-pizza/xV2YNLGpQZWKIjWAEJXDqg,watauga-texas
https://www.ubereats.com/dallas/food-delivery/vault-coffee/u0ofeemSRLueplfahGBYGw,watauga-texas
https://www.ubereats.com/dallas/food-delivery/mcdonalds-nrh-davis-blvd-%26-precinct-line/jaH-VQVxSDSPpCpA0mApGw,watauga-texas
https://www.ubereats.com/dallas/food-delivery/takara-japanese-steakhouse/godTs5zDQAKiFnvRg_EhKQ,watauga-texas
https://www.ubereats.com/dallas/food-delivery/cracker-barrel-old-country-store-4691-gemini-place/ZXkgaH4dSH2tfmkDAUvYuQ,watauga-texas
https://www.ubereats.com/dallas/food-delivery/donuts-house/A2cVCpglSge7hEQtSSAW3A,watauga-texas
https://www.ubereats.com/dallas/food-delivery/lubys-bridgewood-dr/E4IejDyhQNmRuh12QVEXfg,watauga-texas
https://www.ubereats.com/dallas/food-delivery/sonic-8661-n-beach-street/9sMJVGUAQLWKDRyHzrq0ew,watauga-texas
https://www.ubereats.com/dallas/food-delivery/bosses-brickoven-pizza-lake-worth-blvd/M2y80IgUR6-krA6CWZMxnQ,watauga-texas
https://www.ubereats.com/dallas/food-delivery/cicis-5701-n-tarrant-parkway-suite-117/cWvhPhQ4TfWjzlmg7rZO1A,watauga-texas
https://www.ubereats.com/dallas/food-delivery/mcdonalds-davis-blvd/co6AaY6bTrqM0Ug8WLwGjA,watauga-texas
https://www.ubereats.com/dallas/food-delivery/chipotle-mexican-grill-4609-colleyville-blvd/3dP_tn16Q0Gvc9Qc_RhwrA,watauga-texas
https://www.ubereats.com/dallas/food-delivery/904-bonefish-grill-1201-e-southlake-blvd/wkwRq2cmQi6eoDcx58UgYw,watauga-texas
https://www.ubereats.com/dallas/food-delivery/logans-roadhouse-362-948-north-east-loop-820/UYQUDQM6Tr6gSbKqmdRA-g,watauga-texas
https://www.ubereats.com/dallas/food-delivery/wittens-grill-and-sport-cafe/eRVFgZbVTZa9XtrGkIAizw,watauga-texas
https://www.ubereats.com/dallas/food-delivery/world-blend-brunch/qXeGcF5SRGOSFvwZJTS_rw,watauga-texas
https://www.ubereats.com/dallas/food-delivery/ihop-3007-fort-worth/ZaZ3zkS_TtSI11Q2KEOBiw,watauga-texas
https://www.ubereats.com/dallas/food-delivery/foodies-den/1kflQbkCQiOsXxSoDFuVpg,watauga-texas
https://www.ubereats.com/dallas/food-delivery/qdoba-mexican-eats-8924-tehama-ridge-pkwy/TH7nR4f7R-afavlFoSOCWw,watauga-texas
