url,city
https://www.ubereats.com/detroit/food-delivery/captain-crust-pizza/M4kHnbk-T1iePzWBaPEQwg,waterford-twp-michigan
https://www.ubereats.com/detroit/food-delivery/liberty-bar-and-poutinerie/uu02zixeQQWFne14k1kOOg,waterford-twp-michigan
https://www.ubereats.com/detroit/food-delivery/punjab-indian-cuisine/6IjCsD0yT82d5LsmhYcMhA,waterford-twp-michigan
https://www.ubereats.com/detroit/food-delivery/beyond-juicery-%2B-eatery-rochester-hills/GEZrPzN0T8OvHIXAVbtJjA,waterford-twp-michigan
https://www.ubereats.com/detroit/food-delivery/jersey-mikes-subs-6756-dixie-hwy/VlRKUUjqQRGXb4ciQdOAqA,waterford-twp-michigan
https://www.ubereats.com/detroit/food-delivery/olgas-kitchen-2075-s-telegraph-rd/tc4y-7AgT-aBOG4nxIlEPg,waterford-twp-michigan
https://www.ubereats.com/detroit/food-delivery/dickeys-bbq-pit-4825-carroll-lake-road/Z9SX4UMfSjKO4bEsi8T-Iw,waterford-twp-michigan
https://www.ubereats.com/detroit/food-delivery/the-ice-cream-shop/_30srmg_SnadTKfSLY54aA,waterford-twp-michigan
https://www.ubereats.com/detroit/food-delivery/dunkin-4775-dixie-hwy/IJkiFWW_Q3yOcb3h07bE0w,waterford-twp-michigan
https://www.ubereats.com/detroit/food-delivery/red-lobster-479-telegraph-road/XMNc0TV2Tq22f5xK0_-5Pg,waterford-twp-michigan
https://www.ubereats.com/detroit/food-delivery/jersey-mikes-subs-4403-highland-road/hEkjevDQQtq2pG_P0isATA,waterford-twp-michigan
https://www.ubereats.com/detroit/food-delivery/jersey-mikes-subs-606-n-lapeer-rd/cAl90Rq4S02P6LFtIVDqRw,waterford-twp-michigan
https://www.ubereats.com/detroit/food-delivery/burger-king-7320-highland-road/igL_RiPbTOOIlExMTFCS-Q,waterford-twp-michigan
https://www.ubereats.com/detroit/food-delivery/mcdonalds-5625-sashabaw-rd/UgQnPtOwSCqoVzhghLshXA,waterford-twp-michigan
https://www.ubereats.com/detroit/food-delivery/planet-sub-6315-sashabaw/Uc8WGsCoRY-oZD-_HDeXnQ,waterford-twp-michigan
https://www.ubereats.com/detroit/food-delivery/kfc-1361-n-opdyke-road/o7wr7x_GTGWrQGLa_udDEg,waterford-twp-michigan
https://www.ubereats.com/detroit/food-delivery/wendys-5546-sashabaw-road/7DNHp4NSSUiJxrnD6wVJgw,waterford-twp-michigan
https://www.ubereats.com/detroit/food-delivery/potbelly-sandwich-shop-orion-township-dt-%7C-385/QFR-KvHJRWC_qqc-m3BWZA,waterford-twp-michigan
https://www.ubereats.com/detroit/food-delivery/chipotle-mexican-grill-84-n-adams-rd/ElqHy4M6RomJh6MnMIv_zQ,waterford-twp-michigan
https://www.ubereats.com/detroit/food-delivery/pf-changs-122-north-adams-road/uFA57PuxRhWtAAsBGga2Mg,waterford-twp-michigan
https://www.ubereats.com/detroit/food-delivery/outback-steakhouse-6435-dixie-highway/1uO0vKvJSoKNN5YXHCrYsQ,waterford-twp-michigan
https://www.ubereats.com/detroit/food-delivery/wendys-130-brown-road/vNKvR5n7TCO3HSwX3huaHA,waterford-twp-michigan
https://www.ubereats.com/detroit/food-delivery/marcos-pizza-5570-cooley-lake-rd/ZQpZhfVXRBGNWFQBH50nNg,waterford-twp-michigan
https://www.ubereats.com/detroit/food-delivery/the-ice-cream-shop/aoltPnP5SEWiWKvJfB02kQ,waterford-twp-michigan
https://www.ubereats.com/detroit/food-delivery/arbys-5911-highland-rd/iBXVzeTISnKsifhA1hvw8g,waterford-twp-michigan
https://www.ubereats.com/detroit/food-delivery/leftys-cheesesteaks/BjetDHcHT7CNbbLZMZRKNQ,waterford-twp-michigan
https://www.ubereats.com/detroit/food-delivery/five-guys-mi-1353-3975-baldwin-rd/GTBMnpo4QQSV2UOmPv2ZGA,waterford-twp-michigan
https://www.ubereats.com/detroit/food-delivery/taqueria-san-jose/oG46m1BoRzCzssyUYwBOFQ,waterford-twp-michigan
https://www.ubereats.com/detroit/food-delivery/arbys-6970-sashabaw-rd/IS_B_GY8S1mE9i3srYNxpw,waterford-twp-michigan
https://www.ubereats.com/detroit/food-delivery/better-health-cafe-bloomfield-hills-mi/6o3z1RQwQluOQtPFjmeYZw,waterford-twp-michigan
https://www.ubereats.com/detroit/food-delivery/panda-express-900-brown-rd/fuRsPaArQLKeQjTXYZrl4Q,waterford-twp-michigan
https://www.ubereats.com/detroit/food-delivery/arbys-1808-e-w-maple-rd/t2sIB9GzRrmo2B__9esq_Q,waterford-twp-michigan
https://www.ubereats.com/detroit/food-delivery/jalapenos-pontiac/TGeUojjEQ9a5GCcczq4gjg,waterford-twp-michigan
https://www.ubereats.com/detroit/food-delivery/wendys-2720-union-lake-road/u2KuBOa2RBKwuUcAxVcNeA,waterford-twp-michigan
https://www.ubereats.com/detroit/food-delivery/taco-bell-6584-dixie-hwy/rmqfvyIZSlaVN2IdKhMyFQ,waterford-twp-michigan
https://www.ubereats.com/detroit/food-delivery/panda-express-4420-baldwin-rd/71Eyn17ySGGEXNlGL6-aNA,waterford-twp-michigan
https://www.ubereats.com/detroit/food-delivery/white-castle-335-martin-luther-king-blvd/XFH_YsJaRIeWy-1yEDrYkw,waterford-twp-michigan
https://www.ubereats.com/detroit/food-delivery/blaze-pizza-2065-n-squirrel-rd/gDlcnrEASSOVhwwUNDLYSw,waterford-twp-michigan
https://www.ubereats.com/detroit/food-delivery/kfc-4820-highland-road/VmxYcnGJSmWwaf6TCMa_7w,waterford-twp-michigan
https://www.ubereats.com/detroit/food-delivery/tim-hortons-9-n-telegraph-rd/xRGQ2d0zQwCr7ydkcjYQjw,waterford-twp-michigan
https://www.ubereats.com/detroit/food-delivery/tgi-fridays-2707-auburn-hills-mi/ao7SRrf3TgO4im53w6cCmA,waterford-twp-michigan
https://www.ubereats.com/detroit/food-delivery/new-york-minute-chinese-restaurant/D74lz7zQRM27N0PWDgMTjg,waterford-twp-michigan
https://www.ubereats.com/detroit/food-delivery/firehouse-subs-1085-s-lapeer-rd/n6z8Z86kTSClu5fekHeK2A,waterford-twp-michigan
https://www.ubereats.com/detroit/food-delivery/2941-mediterranean-street-food-auburn-hills/3Xr3gD6RTY2v51JrYArAgw,waterford-twp-michigan
https://www.ubereats.com/detroit/food-delivery/taco-bell-119-north-telegraph-road/39LWPJo_QV-vGU33vUCU8g,waterford-twp-michigan
https://www.ubereats.com/detroit/food-delivery/twins-brunch/U-xYcHMtTQiWSXleUpYM_g,waterford-twp-michigan
https://www.ubereats.com/detroit/food-delivery/highland-grille/YHnep7_yRTWZAbDkJnbbXA,waterford-twp-michigan
https://www.ubereats.com/detroit/food-delivery/starbucks-waterford-highland-%26-crescent-lk/jqj2hg2TSquYKmeLUo_F2Q,waterford-twp-michigan
https://www.ubereats.com/detroit/food-delivery/the-highland-grille/7G6CsKmQQiuaBte5LvDB2Q,waterford-twp-michigan
https://www.ubereats.com/detroit/food-delivery/willsons-pub-n-grill/CtTLBndNS4S1ONRYf4KKMw,waterford-twp-michigan
https://www.ubereats.com/detroit/food-delivery/shish-co-xpress/0VfYzF_-R4iD-J1j_U-GaQ,waterford-twp-michigan
https://www.ubereats.com/detroit/food-delivery/dollys-pizza/WZqR2fa6TZ2IjyLDD62BFw,waterford-twp-michigan
https://www.ubereats.com/detroit/food-delivery/mcdonalds-5854-highland-rd/qksfQQSxRUy4wBx9i94xqA,waterford-twp-michigan
https://www.ubereats.com/detroit/food-delivery/irish-tavern/R_SPMZ7wRMexTxV2AtE-rg,waterford-twp-michigan
https://www.ubereats.com/detroit/food-delivery/sonic-3270-pontiac-trail/EqSRaRD6RTi6-ifYjFohqQ,waterford-twp-michigan
https://www.ubereats.com/detroit/food-delivery/arbys-49-n-telegraph-rd/sbqSFSzJQlSogY9CLn22Ow,waterford-twp-michigan
https://www.ubereats.com/detroit/food-delivery/tropical-smoothie-cafe-5385-highland-rd-ste-100/nSMuII6LQB-IPEgE8zgNVw,waterford-twp-michigan
https://www.ubereats.com/detroit/food-delivery/cold-stone-creamery-1741-haggerty-rd/hX0lnv5GSBaLHlaFZuRdOw,waterford-twp-michigan
https://www.ubereats.com/detroit/food-delivery/leos-coney-island-2650-orchard-lake-rd/_r8WGhuGSfao7K6n3N6UUg,waterford-twp-michigan
https://www.ubereats.com/detroit/food-delivery/tubbys-grilled-submarines-976-n-pontiac-trl-walled-lake/vNwlIlWATL6zoFEqLlJGuQ,waterford-twp-michigan
https://www.ubereats.com/detroit/food-delivery/boston-market-5160-highland-road/TGu1rMuKSN6V66221NAGow,waterford-twp-michigan
https://www.ubereats.com/detroit/food-delivery/the-ice-cream-shop/ebBBhUTLSRaUQdx_xHAYwA,waterford-twp-michigan
https://www.ubereats.com/detroit/food-delivery/pita-way-white-lake/W1fhro5zT1WDNuANat6JNg,waterford-twp-michigan
https://www.ubereats.com/detroit/food-delivery/krispy-krunchy-chicken-45054-woodward-ave/HZFmv8PTTlqe5MCpRRsMAQ,waterford-twp-michigan
https://www.ubereats.com/detroit/food-delivery/als-fresh-fish-%26-chicken-baldwin/-IsUE6lNTbCMzggrrff2FQ,waterford-twp-michigan
https://www.ubereats.com/detroit/food-delivery/starbucks-dixie-hwy-%26-maybee/LUz72cWXRqSp6TlXBQr7wg,waterford-twp-michigan
https://www.ubereats.com/detroit/food-delivery/pita-way-clarkston/27_yTiicTCmzvd4Cyi15Yw,waterford-twp-michigan
https://www.ubereats.com/detroit/food-delivery/lellis-inn/BI39aIzqRe-LkTf6o_rkcA,waterford-twp-michigan
https://www.ubereats.com/detroit/food-delivery/leos-coney-island-haggerty-rd/PklANCL0RbyWavOitV0L-g,waterford-twp-michigan
https://www.ubereats.com/detroit/food-delivery/auntie-annes-at-great-lakes-crossing-4614-baldwin-rd-spc-935/09-J3WHeT1SDBgb22GVjdQ,waterford-twp-michigan
https://www.ubereats.com/detroit/food-delivery/taco-bell-2210-orchard-lake-rd/1T4pzkf0TlShex1t45Uhdg,waterford-twp-michigan
https://www.ubereats.com/detroit/food-delivery/rangoli-indian-cuisine/JdgSx_DxTCaRFAwujxIJ2g,waterford-twp-michigan
https://www.ubereats.com/detroit/food-delivery/sweet-dreams-orchard-lake/XAtvL-vVTdGrfwX1nJdhdA,waterford-twp-michigan
https://www.ubereats.com/detroit/food-delivery/the-captains-table/TBzahJdIRzWmkPRZdQg5ug,waterford-twp-michigan
https://www.ubereats.com/detroit/food-delivery/chipotle-mexican-grill-4921-s-baldwin-rd/kXWVI_jcRS22Us2VRNWrzw,waterford-twp-michigan
https://www.ubereats.com/detroit/food-delivery/pine-knob-pizzeria-%26-catering/nhyckTJjSSKqPhbbTOc8PQ,waterford-twp-michigan
https://www.ubereats.com/detroit/food-delivery/anaams-palate/LvdSBp5KRyy-yR5gSc8Usg,waterford-twp-michigan
https://www.ubereats.com/detroit/food-delivery/chinatown/UP2isVnjSN2gKhPEGzNROA,waterford-twp-michigan
https://www.ubereats.com/detroit/food-delivery/firehouse-subs-5832-highland-rd/PO0B3fhcSZSXeJ9CYszmuw,waterford-twp-michigan
https://www.ubereats.com/detroit/food-delivery/arbys-2614-union-lake-rd/CmkpuuzhR9y1AD4m9Fbdkw,waterford-twp-michigan
https://www.ubereats.com/detroit/food-delivery/fourth-dimension-coffee-company/DRaxiYdXTz2T4_8U1ZT0Pw,waterford-twp-michigan
https://www.ubereats.com/detroit/food-delivery/shish-palace-auburn-hills/2GnxBsOJTticKAxcd-RcbQ,waterford-twp-michigan
https://www.ubereats.com/detroit/food-delivery/taco-bell-1341-n-opdyke-rd/8OumgcY5T5CkwriGPI5lAA,waterford-twp-michigan
https://www.ubereats.com/detroit/food-delivery/the-ice-cream-shop/0iY8KCDaSIS0_UdJskz1AA,waterford-twp-michigan
https://www.ubereats.com/detroit/food-delivery/la-fonda-mexican-kitchen/OgsIco11STWPB16_Rvfhzg,waterford-twp-michigan
https://www.ubereats.com/detroit/food-delivery/johnny-blacks-public-house-orion-charter-township/9NsFFpWNSgirLryC5gwA6g,waterford-twp-michigan
https://www.ubereats.com/detroit/food-delivery/klever-kreation/_fOpCsKcQjCD7T2_-hnORg,waterford-twp-michigan
https://www.ubereats.com/detroit/food-delivery/olgas-kitchen-2580-n-squirrel-rd/291RkN_RSVW3S5zQERFoMA,waterford-twp-michigan
https://www.ubereats.com/detroit/food-delivery/wendys-5660-highland-road/a3KI-i5ARKuT_gLAdEmIIw,waterford-twp-michigan
https://www.ubereats.com/detroit/food-delivery/golden-buffet/yEh249uaSQKpCb3LoXz0Vw,waterford-twp-michigan
https://www.ubereats.com/detroit/food-delivery/j-bird-smoked-meats/XAu7R05RT3S19CEacdo5PA,waterford-twp-michigan
https://www.ubereats.com/detroit/food-delivery/arbys-1350-e-walton-blvd/meH2lhteTX2Dj51JLQhurw,waterford-twp-michigan
https://www.ubereats.com/detroit/food-delivery/happys-pizza-savvy-sliders/0UzSNA4aSzW2LTG3XPCcqg,waterford-twp-michigan
https://www.ubereats.com/detroit/food-delivery/alfoccino-restaurant-auburn-hills/atM8LUmZReC2td94_11q6w,waterford-twp-michigan
https://www.ubereats.com/detroit/food-delivery/ruby-tuesday-6898-sashabaw-rd/lTMvqKr1TXa3AWZ9FEfqQQ,waterford-twp-michigan
https://www.ubereats.com/detroit/food-delivery/kfc-4790-dixie-hwy/1SU-m3zCT52DsEQOi3ZrEg,waterford-twp-michigan
https://www.ubereats.com/detroit/food-delivery/arbys-4825-dixie-hwy/QiCdfDMyQnK9pfIe0NnucA,waterford-twp-michigan
https://www.ubereats.com/detroit/food-delivery/taco-bell-5350-highland-road/_Kuei8cCS3qXU4PZsmEBww,waterford-twp-michigan
https://www.ubereats.com/detroit/food-delivery/haagen-dazs-4344-baldwin-rd/T6sZeQmLT0m6Jsfj9YRZKw,waterford-twp-michigan
https://www.ubereats.com/detroit/food-delivery/checkers-4349-highland-rd/vWlcTkBVTWaFEreGKVbdSA,waterford-twp-michigan
https://www.ubereats.com/detroit/food-delivery/beyond-juicery-%2B-eatery-clarkston/0UVdcDXjRdaMfmP74EwBDg,waterford-twp-michigan
https://www.ubereats.com/detroit/food-delivery/fork-n-pint/ZxyI5copRSG_Wq0zXkL-7g,waterford-twp-michigan
https://www.ubereats.com/detroit/food-delivery/dunkin-6365-sashabaw-rd/N6t4snhsR0iJ6uQ7Sa3PEw,waterford-twp-michigan
https://www.ubereats.com/detroit/food-delivery/tim-hortons-8198-cooley-lake-road/tfaV63b-QY-wSZC33p7WmA,waterford-twp-michigan
https://www.ubereats.com/detroit/food-delivery/leftys-cheesesteak/uGACbWqdQfqh9McjJyE7EA,waterford-twp-michigan
https://www.ubereats.com/detroit/food-delivery/on-the-border-3930-baldwin-road/qW1zojITQAOvubhfM-fx0Q,waterford-twp-michigan
https://www.ubereats.com/detroit/food-delivery/mcdonalds-4772-dixie-hwy/H-lGCOciTdeqRw-Qg2ZHEg,waterford-twp-michigan
https://www.ubereats.com/detroit/food-delivery/bar-louie-auburn-hills/l1_ym002Spub5a3I5fK3rw,waterford-twp-michigan
https://www.ubereats.com/detroit/food-delivery/freshii-orchard-lake/ff1JwqC3R2qtx8gCuH6zag,waterford-twp-michigan
https://www.ubereats.com/detroit/food-delivery/kfc-7750-cooley-lake-road/0RNY22MLRM6EyxQkgV69Cw,waterford-twp-michigan
https://www.ubereats.com/detroit/food-delivery/checkers-780-n-perry-st/4j6T9zQZQP6cFwyWmKTW-w,waterford-twp-michigan
https://www.ubereats.com/detroit/food-delivery/dunkin-10580-highland-rd/bNAjI3ahTCaCyM88OxY5lg,waterford-twp-michigan
https://www.ubereats.com/detroit/food-delivery/qdoba-mexican-grill-3945-baldwin-rd/coueKXoMQROv2LgVEA_ntQ,waterford-twp-michigan
https://www.ubereats.com/detroit/food-delivery/panera-5175-highland-road/a9_vgXOKRSaplzgSl_k6Sw,waterford-twp-michigan
https://www.ubereats.com/detroit/food-delivery/noodles-%26-company-184-n-adams-rd-space-e184/bRkhSlr4QT-8gxh-hUJqwA,waterford-twp-michigan
https://www.ubereats.com/detroit/food-delivery/tim-hortons-2201-haggerty-hwy/qJE3VOKkR6uWeajCc07Hng,waterford-twp-michigan
https://www.ubereats.com/detroit/food-delivery/tai-fai-waterford/PLhOswS9R5CYH0lNYxyQpg,waterford-twp-michigan
https://www.ubereats.com/detroit/food-delivery/alberts-coney-grill/V3K9OrMhQCiN_Kn65XoNPw,waterford-twp-michigan
https://www.ubereats.com/detroit/food-delivery/johnny-blacks-public-house-waterford/iOb6TX_MSAa3OujPbbaXLg,waterford-twp-michigan
https://www.ubereats.com/detroit/food-delivery/tropical-smoothie-cafe-dixie-highway/a-2dsQqOSvOJ5RgOLxvsgg,waterford-twp-michigan
https://www.ubereats.com/detroit/food-delivery/oceania-inn-inc/fLndtvrWTsOHNo5DX0EI5Q,waterford-twp-michigan
https://www.ubereats.com/detroit/food-delivery/jalapenos-clarkston/qdDieQ1EQ_mb6_OEF1qAxQ,waterford-twp-michigan
https://www.ubereats.com/detroit/food-delivery/qdoba-mexican-grill-42967-woodward-ave/jpM1FcVnRYGaCs-1wdhnRw,waterford-twp-michigan
https://www.ubereats.com/detroit/food-delivery/taco-bell-4743-dixie-highway/0Iuv0VaOQxCUwHnc4OS6Sw,waterford-twp-michigan
https://www.ubereats.com/detroit/food-delivery/steak-n-shake-3892-baldwin-road/txoPS-w9QIOTMnGrfwoXmQ,waterford-twp-michigan
https://www.ubereats.com/detroit/food-delivery/taco-bell-9044-highland-road/8UMGJBeUTXOdwA3wAz8Flg,waterford-twp-michigan
https://www.ubereats.com/detroit/food-delivery/jets-pizza/j6tWH6DBRiWRdBk6D_nAyQ,waterford-twp-michigan
https://www.ubereats.com/detroit/food-delivery/qdoba-mexican-grill-6461-dixie-hwy/Cq5wIjA9RiqSiuU12k6gZg,waterford-twp-michigan
https://www.ubereats.com/detroit/food-delivery/tropical-smoothie-cafe-7150-sashabaw-road/vpGlYu-vQLOD9uxuHFPoWw,waterford-twp-michigan
https://www.ubereats.com/detroit/food-delivery/guidos-premium-pizza-2510-airport-rd/f9jCtmykRtKFD1FJfbY3Vw,waterford-twp-michigan
https://www.ubereats.com/detroit/food-delivery/mcdonalds-6695-dixie-hwy/t4z_ZcZASDm1hfoOM9JvSA,waterford-twp-michigan
https://www.ubereats.com/detroit/food-delivery/china-express/aR9AloS5R-yzR4Sv5BktvA,waterford-twp-michigan
https://www.ubereats.com/detroit/food-delivery/village-place-family-restaurant/T68ti3ZIQqaRzSFS0TTC7Q,waterford-twp-michigan
https://www.ubereats.com/detroit/food-delivery/tubbys-grilled-submarines-%26-just-baked-cupcakes-highland-rd/4t2yrSsdRL6-JmklXB8Jig,waterford-twp-michigan
https://www.ubereats.com/detroit/food-delivery/cold-stone-creamery-3026-walton-blvd/eNvlxhTCRbCIto4OPOEvWg,waterford-twp-michigan
https://www.ubereats.com/detroit/food-delivery/flavors-of-jamaica/z7c0i65oSjGmXQldwuZGRQ,waterford-twp-michigan
https://www.ubereats.com/detroit/food-delivery/menchies-frozen-yogurt-6315-sashabaw-rd/_EEr4WedTxyvt9tkKSTW4g,waterford-twp-michigan
https://www.ubereats.com/detroit/food-delivery/hong-kong-chinese-restaurant/VFWtgMuNTzy3WSg4ezKyTQ,waterford-twp-michigan
https://www.ubereats.com/detroit/food-delivery/applebees-9100-highland-road/Nnv3IZ4kQ-iL9E8E2Eh1pA,waterford-twp-michigan
https://www.ubereats.com/detroit/food-delivery/buffalo-wild-wings-5223-highland-rd/IpKk1j72RUeqTgybReh0IQ,waterford-twp-michigan
https://www.ubereats.com/detroit/food-delivery/dairy-queen-treat-2886-orchard-lake-rd/RGBRTKtwSpap8-otCJCByg,waterford-twp-michigan
https://www.ubereats.com/detroit/food-delivery/sweet-soul-kitchen/suXgPydeRyOOYfPI6WlSpw,waterford-twp-michigan
https://www.ubereats.com/detroit/food-delivery/tropical-smoothie-cafe-white-lake/8C1gmou6SzmZ_rX3KPTJ9A,waterford-twp-michigan
https://www.ubereats.com/detroit/food-delivery/wendys-7149-dixie-hwy/A8nfeDPuRbCIPh5Nj_UaWQ,waterford-twp-michigan
https://www.ubereats.com/detroit/food-delivery/arbys-160-brown-rd/wvRrNtnGSdKft5t1xiMsVA,waterford-twp-michigan
https://www.ubereats.com/detroit/food-delivery/tim-hortons-617-e-walton-blvd/4Fa1-FkcTOKQqSXtMNYILQ,waterford-twp-michigan
https://www.ubereats.com/detroit/food-delivery/essence-on-main/XHkn2MqpT829Tn54YIzDBQ,waterford-twp-michigan
https://www.ubereats.com/detroit/food-delivery/jersey-mikes-subs-3208-walton-blvd/nxPyNY5XSpys5EEFpf69PA,waterford-twp-michigan
https://www.ubereats.com/detroit/food-delivery/subway-5034-dixie-hwy/o5wFqyBaSGSeqdv9pwH3rw,waterford-twp-michigan
https://www.ubereats.com/detroit/food-delivery/wendys-3170-elizabeth-lake/M2Saf_r6TqavO6z329ECFA,waterford-twp-michigan
