url,city
https://www.ubereats.com/upstate-ny/food-delivery/skewed-brewing/qv9wfwmaRJalZFCox_15xg,watertown-new-york
https://www.ubereats.com/upstate-ny/food-delivery/chipotle-mexican-grill-1290-arsenal-st-ste-7/4C2zxH02QrCV_pYMBReVFw,watertown-new-york
https://www.ubereats.com/upstate-ny/food-delivery/moes-southwest-grill-1222-arsenal-street/Kzg5_w1pRfiaqhmOfvpdzA,watertown-new-york
https://www.ubereats.com/upstate-ny/food-delivery/cracker-barrel-old-country-store-1289-coffeen-street/V8MZ_oWIS1mKoFzJo0HVgw,watertown-new-york
https://www.ubereats.com/upstate-ny/food-delivery/ihop-1290-arsenal-street/7NQ_9_GJSU27uDQQRt5eUg,watertown-new-york
https://www.ubereats.com/upstate-ny/food-delivery/kfc-26720-us-route-11/Q6a-XQyEQ3-H5MxslvbNsg,watertown-new-york
https://www.ubereats.com/upstate-ny/food-delivery/kfc-1004-arsenal-st/8V5Lpx7yRFWK0BpXp2y4KA,watertown-new-york
https://www.ubereats.com/upstate-ny/food-delivery/shulers-restaurant/lx1hKR4ASA6sg50b2UHuZQ,watertown-new-york
https://www.ubereats.com/upstate-ny/food-delivery/1025-ruyi-japanese-steak-house/ahVAQRJ9RPKi0sAX38CHug,watertown-new-york
https://www.ubereats.com/upstate-ny/food-delivery/taco-bell-945-arsenal-st/TGsm6Eq3R3CoJr9v-Bnahw,watertown-new-york
https://www.ubereats.com/upstate-ny/food-delivery/mcdonalds-924-arsenal-st/e10e-kAsQ4evvMna15nE6A,watertown-new-york
https://www.ubereats.com/upstate-ny/food-delivery/the-tarot-cafe/L-FI6NrvQCWlqt2uVGacog,watertown-new-york
https://www.ubereats.com/upstate-ny/food-delivery/buffalo-wild-wings-1290-arsenal-st/5E0M9vMARReAlNQsNvf9mw,watertown-new-york
https://www.ubereats.com/upstate-ny/food-delivery/celest-jamaican-cuisine/flU1B50ZRK6fQdftDqrlXw,watertown-new-york
https://www.ubereats.com/upstate-ny/food-delivery/starbucks-watertown-ny/0DmDtj6rSXuhicOTXD9B1A,watertown-new-york
https://www.ubereats.com/upstate-ny/food-delivery/applebees-1283-arsenal-street/sLxne3jyR8O1KBMgT3dxKQ,watertown-new-york
https://www.ubereats.com/upstate-ny/food-delivery/burger-king-339-state-street/esq_QZdJQK2mnYTl7J9_RQ,watertown-new-york
https://www.ubereats.com/upstate-ny/food-delivery/mustard-seed-natural-foods-supplements/mvo1oDYVQESTNEIEpscF5Q,watertown-new-york
https://www.ubereats.com/upstate-ny/food-delivery/sonic-121-western-boulevard/-OV4Rf4NTRmxEU09qcHqjQ,watertown-new-york
https://www.ubereats.com/upstate-ny/food-delivery/arbys-957-arsenal-st/fXkt6FLCQ3qCKCvJNo09dQ,watertown-new-york
https://www.ubereats.com/upstate-ny/food-delivery/panera-21872-towne-center-drive/gOSpsUIHSw-1A7s7EmZajA,watertown-new-york
https://www.ubereats.com/upstate-ny/food-delivery/pita-hut/lc7xzEkJQS25z9T-C8bPQw,watertown-new-york
https://www.ubereats.com/upstate-ny/food-delivery/arbys-25495-us-rte-11/QwkJTciiTsO5nu3TX4qIuw,watertown-new-york
https://www.ubereats.com/upstate-ny/food-delivery/the-broken-string/n6TlwF8-SniGZwHMdBk-HQ,watertown-new-york
https://www.ubereats.com/upstate-ny/food-delivery/original-italian-pizza/a5TAz0YhS3670l4CvbAN3w,watertown-new-york
https://www.ubereats.com/upstate-ny/food-delivery/maggies-on-the-river-500-newell-st/yT2-D6PIT6uyk57RnpEQ7A,watertown-new-york
https://www.ubereats.com/upstate-ny/food-delivery/burger-king-1081-arsenal-street/wDD3ccfHRmGX_PhBU_1Oqw,watertown-new-york
https://www.ubereats.com/upstate-ny/food-delivery/mcdonalds-7952-route-11/Kn5gqoI9RCu9F2nEM-yDvQ,watertown-new-york
https://www.ubereats.com/upstate-ny/food-delivery/red-lobster-20831-state-route-3/dIgIPr_GTLivHLSHHGmILQ,watertown-new-york
https://www.ubereats.com/upstate-ny/food-delivery/papa-johns-26000-us-route-11-ste-8/noAbr_Z7Rp-1uS5pU9TLsQ,watertown-new-york
https://www.ubereats.com/upstate-ny/food-delivery/subway-144-eastern-blvd/82a8d9jdRIOo7W4YT2jiUA,watertown-new-york
https://www.ubereats.com/upstate-ny/food-delivery/five-guys-ny-1398-1290-arsenal-rd/Fy3L40jYSwOzYjfxdXuQiA,watertown-new-york
https://www.ubereats.com/upstate-ny/food-delivery/wendys-419-state-street/FyRb2rdLTZul4BfBEDO9lw,watertown-new-york
https://www.ubereats.com/upstate-ny/food-delivery/dairy-queen-grill-%26-chill-26475-johnson-rd/ECdvKiiiQImh5sYwIizv1A,watertown-new-york
https://www.ubereats.com/upstate-ny/food-delivery/dairy-queen-treat-salmon-run-mall-21182-salmon/3AQd8gTXRE-qGSGlQKLjSg,watertown-new-york
https://www.ubereats.com/upstate-ny/food-delivery/taco-bell/k1n98GQJRJqVPVFW5GooHQ,watertown-new-york
https://www.ubereats.com/upstate-ny/food-delivery/all-out-pizza-and-more/HP4OlvWtSwqH_iIP1mxS6g,watertown-new-york
https://www.ubereats.com/upstate-ny/food-delivery/mcdonalds-1809-state-st/8-VtTd4eRgWAzTeBYeFu_A,watertown-new-york
https://www.ubereats.com/upstate-ny/food-delivery/red-robin-747-21220-pioneer-plaza-dr-mall/4zlVdtpoQmGuG-9pd9bklQ,watertown-new-york
