url,city
https://www.ubereats.com/chicago/food-delivery/subway-3014-belvidere-rd/9BNAdPCcRdacoNSuH3oQiA,waukegan-illinois
https://www.ubereats.com/chicago/food-delivery/sunrise-sandwich-co/zWvb6JXZS1aipnwugq8wxA,waukegan-illinois
https://www.ubereats.com/chicago/food-delivery/riviera-nayarit/Az8aWgI5RM66nBGP6B7-IA,waukegan-illinois
https://www.ubereats.com/chicago/food-delivery/ikigai-sushi/i5Ud4MToQhm07qLVHnE1qA,waukegan-illinois
https://www.ubereats.com/chicago/food-delivery/bonnie-brook-golf-course/v7b08vUQT-e5yea94jtYOA,waukegan-illinois
https://www.ubereats.com/chicago/food-delivery/potbelly-sandwich-shop-gurnee-west-%7C-99/Yh0du551RNCAWnbJrFHweA,waukegan-illinois
https://www.ubereats.com/chicago/food-delivery/papa-johns-1321-north-green-bay-road/-HwfZRp9TzmKPrvS4lBZMg,waukegan-illinois
https://www.ubereats.com/chicago/food-delivery/dunkin-1800-n-lewis-ave/egw9lBGHQQWD0T01BwEORw,waukegan-illinois
https://www.ubereats.com/chicago/food-delivery/subway-2302-n-green-bay-rd/NJXPTTPnTIili5i6Vso6Lw,waukegan-illinois
https://www.ubereats.com/chicago/food-delivery/french-toastery/3K5q3LRRTwu-Ajqpgbovmg,waukegan-illinois
https://www.ubereats.com/chicago/food-delivery/los-perez-breakfast/p4EGTwB6Stq0JJ3aoWm8sg,waukegan-illinois
https://www.ubereats.com/chicago/food-delivery/arbys-776-e-rollins-rd/FMfEbBEkTf60Sh8aKRoPSA,waukegan-illinois
https://www.ubereats.com/chicago/food-delivery/patty-melt-co/jMOHibA3Ru-rHdO3hqLN1w,waukegan-illinois
https://www.ubereats.com/chicago/food-delivery/mimas-pizzeria/Z-VwONPYRbuTodlBURJSQg,waukegan-illinois
https://www.ubereats.com/chicago/food-delivery/dunkin-3200-w-sand-lake-rd/2vuZZNhpSLeYburpwcPKqw,waukegan-illinois
https://www.ubereats.com/chicago/food-delivery/big-norms/Bf9sAc_oRdCv635st6OADg,waukegan-illinois
https://www.ubereats.com/chicago/food-delivery/kfc-2359-sheridan-road/pF2Xap8SS0eoT1rJufexIA,waukegan-illinois
https://www.ubereats.com/chicago/food-delivery/grilled-cheesin/kmcALrWCSSa8I_nxECYEvg,waukegan-illinois
https://www.ubereats.com/chicago/food-delivery/taco-bell-2780-belvidere-rd/osLSmI89R_Oxb51NFIeCyg,waukegan-illinois
https://www.ubereats.com/chicago/food-delivery/mcdonalds-green-bay-%26-mlk/gOTcsp0kSXu_odKcr5Yj8w,waukegan-illinois
https://www.ubereats.com/chicago/food-delivery/mcalisters-6557-grand-ave/2r3TOkLtTdO5CTcOjMQUAA,waukegan-illinois
https://www.ubereats.com/chicago/food-delivery/starbucks-grand-%26-dillys-gurnee/wiVibl0BRkGA1hTcYKxMBg,waukegan-illinois
https://www.ubereats.com/chicago/food-delivery/dunkin-3925-fountain-square-place/wk3m5OpBRDeEzmYXUbv2YQ,waukegan-illinois
https://www.ubereats.com/chicago/food-delivery/french-toastery/C5CW4lfjT5u2F52B9BVTqw,waukegan-illinois
https://www.ubereats.com/chicago/food-delivery/jalisco-mexican-restaurant/eQSpyx3rQsaie_uB4Ff0uw,waukegan-illinois
https://www.ubereats.com/chicago/food-delivery/burger-king-2320-green-bay-road/_CmwNqKAQNiUocC6CPJkFw,waukegan-illinois
https://www.ubereats.com/chicago/food-delivery/chipotle-mexican-grill-945-rockland-rd-ste-a/P1zHovmPRbi4-mIMAb5Aaw,waukegan-illinois
https://www.ubereats.com/chicago/food-delivery/honey-bays-bbq/QWGrDgpMTVipRXCTElkaCA,waukegan-illinois
https://www.ubereats.com/chicago/food-delivery/taco-bell-2222-green-bay-rd/f-HzmDVTQuOxkCFhK4m5pg,waukegan-illinois
https://www.ubereats.com/chicago/food-delivery/double-d-pizza/3ZS9vjT1SyWTY9EvKwdYnQ,waukegan-illinois
https://www.ubereats.com/chicago/food-delivery/grayslake-italian-ovens/0NPk73-XTiK1vJyzg8UtpQ,waukegan-illinois
https://www.ubereats.com/chicago/food-delivery/taco-bell-3200-n-lewis-ave/NdJOu-UrQdyeiugKpBQymQ,waukegan-illinois
https://www.ubereats.com/chicago/food-delivery/taco-bell-1308-n-milwaukee-ave/YUAYL2dsQRO13YVYBIke9Q,waukegan-illinois
https://www.ubereats.com/chicago/food-delivery/jersey-mikes-subs-6310-grand-ave/fsRQpOVAR3iXLleJyd0jIQ,waukegan-illinois
https://www.ubereats.com/chicago/food-delivery/madras-kafe/QloEJDmITRuLudoZDbVWew,waukegan-illinois
https://www.ubereats.com/chicago/food-delivery/juans-chuck-wagon-restaurant/GRox6D7QRsmq-UZlJzr3kA,waukegan-illinois
https://www.ubereats.com/chicago/food-delivery/the-fogcutter/TWcmMNtsT_ioeBOotVI79Q,waukegan-illinois
https://www.ubereats.com/chicago/food-delivery/sunrise-sandwich-co/uaqHMYFBSaSut7kThokD0w,waukegan-illinois
https://www.ubereats.com/chicago/food-delivery/kfc-1504-nations-drive/mIxXj7K3SPCvo3lpxS6S0Q,waukegan-illinois
https://www.ubereats.com/chicago/food-delivery/tacos-el-norte-gurnee/hhh2wVT_S6uia0Oj7PZ5zQ,waukegan-illinois
https://www.ubereats.com/chicago/food-delivery/andys-house/mb8XMUOaR7mvWAiQjCRILw,waukegan-illinois
https://www.ubereats.com/chicago/food-delivery/burger-king-159-us-highway-45/_kBWJCiwQ7a410pafp76Ww,waukegan-illinois
https://www.ubereats.com/chicago/food-delivery/starbucks-grand-%26-green-bay-rd-waukegan/3YLfW0VlSEiaz8WbdLGHJA,waukegan-illinois
https://www.ubereats.com/chicago/food-delivery/dunkin-83-w-belvidere-rd/d4fmIEt4QQOJVqYcjod76Q,waukegan-illinois
https://www.ubereats.com/chicago/food-delivery/antojitos-guerrero/BEnIpPd1RCizndeOOrMfiw,waukegan-illinois
https://www.ubereats.com/chicago/food-delivery/dunkin-2101-sheridan-rd/qgBcxCS2QQ6ekOr8wqGUcA,waukegan-illinois
https://www.ubereats.com/chicago/food-delivery/mcdonalds-rt-45-%26-belvidere/xOrtR7xFS1uDRKZyrWbp-Q,waukegan-illinois
https://www.ubereats.com/chicago/food-delivery/subway-1167-n-green-bay-rd/wAl2DY8UQNmFt45VWA0VRw,waukegan-illinois
https://www.ubereats.com/chicago/food-delivery/subway-1333-n-delany-rd-%23200/Rl1lFcH0QzC1EExlXXPXnQ,waukegan-illinois
https://www.ubereats.com/chicago/food-delivery/uptown-burgers/1AMgPQfjRvuXBElZbqADRQ,waukegan-illinois
https://www.ubereats.com/chicago/food-delivery/el-azteca/b0slWcZ3TRKSUtubXp5-Jw,waukegan-illinois
https://www.ubereats.com/chicago/food-delivery/patty-melt-co/NzrndjTbQIapTNv251bTyA,waukegan-illinois
https://www.ubereats.com/chicago/food-delivery/wendys-3101-belvedere/KFGB7P4MQp2aK-eTTIRyfQ,waukegan-illinois
https://www.ubereats.com/chicago/food-delivery/rosatis-pizza-gurnee/9HZyHdMqQYyD02-it2ejXA,waukegan-illinois
https://www.ubereats.com/chicago/food-delivery/marcus-theatre-gurnee/JBdNkCWSSFK-zCiqL1tOIQ,waukegan-illinois
https://www.ubereats.com/chicago/food-delivery/jamba-juice-6170-grand-ave/k7CSI88vT9uKhSdM-vB6KQ,waukegan-illinois
https://www.ubereats.com/chicago/food-delivery/ihop-2662-belvidere-rd/lWU7BEk2QaSHpm-kauCPbA,waukegan-illinois
https://www.ubereats.com/chicago/food-delivery/charleys-philly-steaks-gurnee-mills-ii/DUVf_RwzSa2X3S6Lj9Xr7Q,waukegan-illinois
https://www.ubereats.com/chicago/food-delivery/taco-bell-2081-east-grand-avenue/EzJtiNtBRoaJnJWODdVVgQ,waukegan-illinois
https://www.ubereats.com/chicago/food-delivery/dunkin-210-peterson-rd/z_lxmj_8SHm1ma60qr9q8Q,waukegan-illinois
https://www.ubereats.com/chicago/food-delivery/subway-5350-grand-ave/OaKlDYrTQnWkOivqFlJR3Q,waukegan-illinois
https://www.ubereats.com/chicago/food-delivery/kfc-2200-green-bay-road/qo9kAMGiQMqGDFmZRzKgxg,waukegan-illinois
https://www.ubereats.com/chicago/food-delivery/tgi-fridays-2669-gurnee-il/8YSyG41iSz24zzdT_k8vBw,waukegan-illinois
https://www.ubereats.com/chicago/food-delivery/subway-1415-lewis-ave/xoSm9KLPTt-Mu0pK_TM5LQ,waukegan-illinois
https://www.ubereats.com/chicago/food-delivery/bills-pizza-%26-pub/ndGpeUKCRua0vWCYji0CNw,waukegan-illinois
https://www.ubereats.com/chicago/food-delivery/jesse-oaks/8kbMxotdRvm0yCauBrc9dA,waukegan-illinois
https://www.ubereats.com/chicago/food-delivery/subway-4527-il-rt-173/joFAOSAGTkeduv-nAUjS6g,waukegan-illinois
https://www.ubereats.com/chicago/food-delivery/captain-porkys/RG1QRK6SSfy10OrAxB9TbA,waukegan-illinois
https://www.ubereats.com/chicago/food-delivery/buffalo-wild-wings-3961-fountain-square-pl/0NbgxuRFQT-tufibbPpsWw,waukegan-illinois
https://www.ubereats.com/chicago/food-delivery/jersey-mikes-subs-waukegan-%26-lakehurst/sx3OfZ7uQxuhLU7asMJA1w,waukegan-illinois
https://www.ubereats.com/chicago/food-delivery/papa-johns-1276-north-illinois-route-83/l4isnWuGS32Tf6PGSIU4Rw,waukegan-illinois
https://www.ubereats.com/chicago/food-delivery/mcdonalds-waukegan-%26-lakehurst/vxXdI2DWTGu7cVrHRoAeHg,waukegan-illinois
https://www.ubereats.com/chicago/food-delivery/hells-chicken/wMX9RChNQpa5gbMRP2WnZw,waukegan-illinois
https://www.ubereats.com/chicago/food-delivery/dunkin-21-s-greenbay-rd/k87LPTJDTvGd3dP2O3gltA,waukegan-illinois
https://www.ubereats.com/chicago/food-delivery/taqueria-los-comales-mcaree-%26-grand/78ih5pq2T1m_F014ZROa7Q,waukegan-illinois
https://www.ubereats.com/chicago/food-delivery/dunkin-1609-grand-ave/2IzeSmSpSc-s7crUo376EA,waukegan-illinois
https://www.ubereats.com/chicago/food-delivery/zogos-sports-grill/xNciUsoyTIKpwSmbZSv5QQ,waukegan-illinois
https://www.ubereats.com/chicago/food-delivery/georges-gyros-waukegan/DxbNSKv8SRuZ4M3uyig5KA,waukegan-illinois
https://www.ubereats.com/chicago/food-delivery/subway-4000-route-%23173/d7HaPFw2RcadW1xbS9Bn3g,waukegan-illinois
https://www.ubereats.com/chicago/food-delivery/mcdonalds-sheridan-%26-grand/Pw8u5cZPSq-6J-k3ZcjS-Q,waukegan-illinois
https://www.ubereats.com/chicago/food-delivery/panda-express-rollins-%26-east-end/R6OwMLtNS7O1H2EEQTt3bA,waukegan-illinois
https://www.ubereats.com/chicago/food-delivery/qus-place/0ZPrTJ0OTE63Etx5hw2slg,waukegan-illinois
https://www.ubereats.com/chicago/food-delivery/rockys-bites/244dwW3ZSe6BUjIosgKQiQ,waukegan-illinois
https://www.ubereats.com/chicago/food-delivery/fatman-pizza-pub/vAkscULSTYiC8Yfbl8m9RA,waukegan-illinois
https://www.ubereats.com/chicago/food-delivery/meatheads-lake-bluff/6WxfuKMiTsW05lhQcYSezA,waukegan-illinois
https://www.ubereats.com/chicago/food-delivery/emilys-pancake-house-waukegan/-z_Wes_sR3GMNPfu3wwuGw,waukegan-illinois
https://www.ubereats.com/chicago/food-delivery/burger-king-5300-grand-avenue/EJMrKfloQpu8QEtnLvJSEg,waukegan-illinois
https://www.ubereats.com/chicago/food-delivery/hells-chicken/bG3mIHyXRC241hKuX7fWTA,waukegan-illinois
https://www.ubereats.com/chicago/food-delivery/mcdonalds-grand-%26-dilleys/e4GhbWjoREW-gw4IGMzxbA,waukegan-illinois
https://www.ubereats.com/chicago/food-delivery/emilys-pancake-house-lindenhurst/uRk9S5lMRKiZpCD97CYomQ,waukegan-illinois
https://www.ubereats.com/chicago/food-delivery/mikes-pizza/8FOmPQ7SR7iJir_QEJTLGQ,waukegan-illinois
https://www.ubereats.com/chicago/food-delivery/la-poblanita-bakery-inc/fphW6t72TN6aEk_wzDneJw,waukegan-illinois
https://www.ubereats.com/chicago/food-delivery/burger-king-1510-north-lewis-avenue/fj2bG5qAQ8Kc6JnhnRLsKw,waukegan-illinois
https://www.ubereats.com/chicago/food-delivery/panda-express-waukegan-%26-fountain-square/BvYJPzCqRKu7Ge7KVLYxnw,waukegan-illinois
https://www.ubereats.com/chicago/food-delivery/starbucks-milwaukee-%26-rte-137-libertyville/_r00kRC7TpKU7bdyq8aQrQ,waukegan-illinois
https://www.ubereats.com/chicago/food-delivery/golosinas-el-encanto/mcY18hapSGeuKeQcVltApQ,waukegan-illinois
https://www.ubereats.com/chicago/food-delivery/emilys-pancake-house-beach-park/PRD0fV3qSFuvTVAQAe2phg,waukegan-illinois
https://www.ubereats.com/chicago/food-delivery/ostioneria-briza-azul/EVX7EDuKSDOPy8LMKrecOA,waukegan-illinois
https://www.ubereats.com/chicago/food-delivery/momcorn/UYIXM7ihQrOwEMzbDIxHEw,waukegan-illinois
https://www.ubereats.com/chicago/food-delivery/tacos-el-norte/9cIhyxEGTziBkMNKC8nkEg,waukegan-illinois
https://www.ubereats.com/chicago/food-delivery/mama-ks-pizza-%26-grille/N0XGfGRMTl6HiEDDz0H50A,waukegan-illinois
https://www.ubereats.com/chicago/food-delivery/outback-steakhouse-6210-grand-ave/JCz_BdmdTpGm6q0nKmD3tw,waukegan-illinois
https://www.ubereats.com/chicago/food-delivery/uhmazing-blts/aIZjWSxzQsu-6AcFCeyDHg,waukegan-illinois
https://www.ubereats.com/chicago/food-delivery/dunkin-39090-n-us-highway-41-unit-c/lMquokpTTsCn7d4e7cEgeg,waukegan-illinois
https://www.ubereats.com/chicago/food-delivery/royalthai/48vuGNxQSl-I_0ipunQkbA,waukegan-illinois
https://www.ubereats.com/chicago/food-delivery/quonset-pizza/4KEnBnBqRWaN7STA3xcezA,waukegan-illinois
https://www.ubereats.com/chicago/food-delivery/suzys-swirl/40cqnF0RSSqenMkG8249cw,waukegan-illinois
https://www.ubereats.com/chicago/food-delivery/taqueria-guadalajara/ZBPqQLPfS6uNl8SWJvwpow,waukegan-illinois
https://www.ubereats.com/chicago/food-delivery/foss-park-cuisine/l2vlZ_d-SFe9rB3Tv1RZfQ,waukegan-illinois
https://www.ubereats.com/chicago/food-delivery/tacos-el-norte/KMouIDnfTqmGPr0hhtCqAg,waukegan-illinois
https://www.ubereats.com/chicago/food-delivery/jj-fish-and-chicken/u0RbiyCUTRGkNDAs0ACjgA,waukegan-illinois
https://www.ubereats.com/chicago/food-delivery/bbq-chicken-waukegan-il/HhnbFl1fTYaKOKcnEMQQwA,waukegan-illinois
https://www.ubereats.com/chicago/food-delivery/burger-king-2213-sheridan-road/J1XAX5_iTeafRrm92obPNg,waukegan-illinois
https://www.ubereats.com/chicago/food-delivery/green-town-tavern/iBJuGjdJTgq_CiDL68OOPA,waukegan-illinois
https://www.ubereats.com/chicago/food-delivery/uptown-burgers/de42msdETJeXL0l-dW2oow,waukegan-illinois
https://www.ubereats.com/chicago/food-delivery/wing-society/dlqzC20VQO--gukzP1GSwA,waukegan-illinois
https://www.ubereats.com/chicago/food-delivery/jacks-pizzeria-%26-burgers/y96cGpv0T8mq309w43CBoA,waukegan-illinois
https://www.ubereats.com/chicago/food-delivery/dunkin-34484-n-us-highway-45/v8OllicMTPSwsntEFQ7ZjQ,waukegan-illinois
https://www.ubereats.com/chicago/food-delivery/lukes-of-lake-bluff/cTaz_4sTQRGZLUnZK41zIQ,waukegan-illinois
https://www.ubereats.com/chicago/food-delivery/knighthawk-burger-bistro/-9Z-V3S7Qc2_8CoetHky_g,waukegan-illinois
https://www.ubereats.com/chicago/food-delivery/subway-5101-washington-st/UkQnk8r9TkOc4-WmkxN7ew,waukegan-illinois
https://www.ubereats.com/chicago/food-delivery/milwalky-taco/Ono7GRlLSPytMela-8CLmg,waukegan-illinois
https://www.ubereats.com/chicago/food-delivery/dennys-grand-%26-hunt-club/rvTF1Yf_QvWvd2F8P8Lghg,waukegan-illinois
https://www.ubereats.com/chicago/food-delivery/firenza-pizza-lindenhurst/exPGNEgGSIWP_97-hY0e4g,waukegan-illinois
https://www.ubereats.com/chicago/food-delivery/mcdonalds-sheridan-%26-barnhart/twlGosFtSr2MHUr-1Nd8vg,waukegan-illinois
https://www.ubereats.com/chicago/food-delivery/jj-fish-%26-chicken-1327-s-lewis-ave/TzgFQhIbQIqgxJg0iLSwPg,waukegan-illinois
https://www.ubereats.com/chicago/food-delivery/primo-italian-american-cuisine/ITkCRM4UR_6x_wTxk--7RA,waukegan-illinois
https://www.ubereats.com/chicago/food-delivery/subway-6590-grand-ave/2_Mx1T08RISgfUbhr_T1KA,waukegan-illinois
https://www.ubereats.com/chicago/food-delivery/arbys-2539-greenbay-rd/vW6U2jPMS_WO4iGgKFa_aA,waukegan-illinois
https://www.ubereats.com/chicago/food-delivery/french-toastery/0fO89wgNS9GimnTmesT6ZA,waukegan-illinois
https://www.ubereats.com/chicago/food-delivery/pepes-waukegan-il/VEqYA55pTSae_8J3X3pjpw,waukegan-illinois
https://www.ubereats.com/chicago/food-delivery/hooters-northridge-%26-plaza/oFOvhUY3SaiVxe8cBaYyrA,waukegan-illinois
https://www.ubereats.com/chicago/food-delivery/golden-corral-1455-dilleys-road/V7rJPKsjQLi4uCnt7kyHog,waukegan-illinois
https://www.ubereats.com/chicago/food-delivery/wing-society/D9PJqnOuSm-Qg4EUVMapyg,waukegan-illinois
https://www.ubereats.com/chicago/food-delivery/cracker-barrel-old-country-store-5706-northridge-drive/ybO0XR2lT1SJQ2BTTfQI4Q,waukegan-illinois
https://www.ubereats.com/chicago/food-delivery/dangelas-dumplings/dzwUMp8lS0G1RZh0XgBb2Q,waukegan-illinois
https://www.ubereats.com/chicago/food-delivery/the-claim-company-of-vernon-hills/XgRjDch6T9Wq1DWZboJODg,waukegan-illinois
https://www.ubereats.com/chicago/food-delivery/sarpinos-pizzeria-34484-us-45/skv2DhwaR9yv65yV_xW4aA,waukegan-illinois
https://www.ubereats.com/chicago/food-delivery/anastasias-restaurant-%26-sports-lounge/KvO8UoFBQwi2wCJpBkMYgw,waukegan-illinois
https://www.ubereats.com/chicago/food-delivery/grilled-cheesin/X_e0I8xLSmerP9Idu5Qfzw,waukegan-illinois
https://www.ubereats.com/chicago/food-delivery/china-chef/t5q_VB9iRt2H8ao3CcSlsg,waukegan-illinois
https://www.ubereats.com/chicago/food-delivery/botanas-bar-%26-grill/kdCXRyGbSQ-HMxRLli0C6g,waukegan-illinois
https://www.ubereats.com/chicago/food-delivery/grilled-cheesin/OjoD4SdESFyOBRlOSungfQ,waukegan-illinois
https://www.ubereats.com/chicago/food-delivery/wendys-4150-grove-avenue/Uw_cT-i-Q4uSpHTdDjXlhg,waukegan-illinois
https://www.ubereats.com/chicago/food-delivery/otooles-of-libertyville/H-UnFsveT8mOHznqsPu_7A,waukegan-illinois
https://www.ubereats.com/chicago/food-delivery/mcdonalds-sheridan-%26-wadsworth/HSxQdidMRSCnEe4b599Vbg,waukegan-illinois
https://www.ubereats.com/chicago/food-delivery/dennys-3890-n-point-boulevard/JQ98Q47vQLyG9jQ1lbhP4A,waukegan-illinois
https://www.ubereats.com/chicago/food-delivery/ajua-mexican-restaurant/rFjjweJWRaCG-tQOFxp0xg,waukegan-illinois
https://www.ubereats.com/chicago/food-delivery/chuck-e-cheese-1512-nations-drive/WY4vLHH8RuOHfs1JwtHnuQ,waukegan-illinois
https://www.ubereats.com/chicago/food-delivery/arbys-1874-belvidere-rd/45TEk6XoTOiRPsxdLSKHAQ,waukegan-illinois
https://www.ubereats.com/chicago/food-delivery/maxs-dawg-house/rHJzCbIEQOSv0Bz0YPdT-Q,waukegan-illinois
https://www.ubereats.com/chicago/food-delivery/kobies-hot-dogs-%26-pizzeria/fZb_91_xSZuTC-SsisK75g,waukegan-illinois
https://www.ubereats.com/chicago/food-delivery/dunkin-5414-grand-ave/_t9DYeH-RjqDgfw5WDGXPA,waukegan-illinois
https://www.ubereats.com/chicago/food-delivery/foodhaul-libertyville/TwBZVPCMTB-vf9gLK4933A,waukegan-illinois
https://www.ubereats.com/chicago/food-delivery/chicago-wings-%26-things/LCRh_RcJRDO8SNzBH8kvbQ,waukegan-illinois
https://www.ubereats.com/chicago/food-delivery/osaka-sushi-mundelein/Kyh8NeuKTdqD-KkmyqTV9Q,waukegan-illinois
https://www.ubereats.com/chicago/food-delivery/dunkin-3092-n-skokie-highway/svTdkGydQTakdEKTMbaBqg,waukegan-illinois
https://www.ubereats.com/chicago/food-delivery/jersey-mikes-536-e-rollins-rd/MErj4rbXTayT7X8YJOJlOg,waukegan-illinois
https://www.ubereats.com/chicago/food-delivery/rosatis-pizza-101-e-townline-rd/yu7eLl0VQFaQdqM71KuMew,waukegan-illinois
https://www.ubereats.com/chicago/food-delivery/leos-chicago-grill-gurnee/a7XsNhQWQpeSK4qg3qT6Pg,waukegan-illinois
https://www.ubereats.com/chicago/food-delivery/dunkin-350-n-hunt-club-rd/4pd1E6X7QNW-uRMt9dzNEg,waukegan-illinois
https://www.ubereats.com/chicago/food-delivery/francescas-intimo/2Mz8Ed5VSY-ad7QGQEVQfQ,waukegan-illinois
https://www.ubereats.com/chicago/food-delivery/mcdonalds-belvidere-%26-knight/Eo0yItJcQtKzNYlgy_eq7A,waukegan-illinois
https://www.ubereats.com/chicago/food-delivery/checkers-3035-belvidere-rd/qjG6h1itRJuD7fhDdBmhSg,waukegan-illinois
https://www.ubereats.com/chicago/food-delivery/red-lobster-6230-grand-ave/lEi_SZ20SbqVi415B5aL6w,waukegan-illinois
https://www.ubereats.com/chicago/food-delivery/steak-n-shake-6070-gurnee-mills-circle-e/M-v62OARSMCVszcC30XDAg,waukegan-illinois
https://www.ubereats.com/chicago/food-delivery/wendys-6585-grand-ave/B1A5OVRbSVmQ8IIeMtuMdQ,waukegan-illinois
https://www.ubereats.com/chicago/food-delivery/bakers-square-6340-grand-avenue/sxyLa6qMTNWLIPDdG1hlCQ,waukegan-illinois
https://www.ubereats.com/chicago/food-delivery/lucky-penny-third-lake/HyK0PMb-RqWo__0FZYA_iA,waukegan-illinois
https://www.ubereats.com/chicago/food-delivery/sunset-foods-libertyville/DlEXnxdMRLq0f4rNAF-2Lw,waukegan-illinois
https://www.ubereats.com/chicago/food-delivery/buffalo-wild-wings-6130-route-132/wCD-1TpjTpa3BX7vQr5EtA,waukegan-illinois
https://www.ubereats.com/chicago/food-delivery/the-authentic-cheese-bread-co/kHrZqQiMTKOPDDSMHsVYuA,waukegan-illinois
https://www.ubereats.com/chicago/food-delivery/popeyes-1300-n-lewis-ave/IISzqYoISmCD5w0i1K3ouQ,waukegan-illinois
https://www.ubereats.com/chicago/food-delivery/main-street-social/LC4QGKQdQrGDUCtcXFGlhw,waukegan-illinois
https://www.ubereats.com/chicago/food-delivery/timothy-otooles-pub-lake-villa/H84PKdJQRE2iP96A6m3CHQ,waukegan-illinois
https://www.ubereats.com/chicago/food-delivery/white-castle-6290-grand-ave/g93aNHe2SJ6xZ03V_qBF6w,waukegan-illinois
https://www.ubereats.com/chicago/food-delivery/grilled-cheesin/A1Z0Y560TWqObKIs4kzdVQ,waukegan-illinois
https://www.ubereats.com/chicago/food-delivery/jersey-mikes-subs-milwaukee-%26-greggs/Rd2jxwmnSWG962Q0ZyWzEg,waukegan-illinois
https://www.ubereats.com/chicago/food-delivery/aha-sushi/VmD3tbRATs-THSkHlzRidQ,waukegan-illinois
https://www.ubereats.com/chicago/food-delivery/la-casa-de-samuel/oZdoX8eeRPmF7UkpuoZ69w,waukegan-illinois
https://www.ubereats.com/chicago/food-delivery/dunkin-369-e-rollins-rd/mS2SsE47TmqGR6eq2fwhAQ,waukegan-illinois
https://www.ubereats.com/chicago/food-delivery/hells-chicken/lXWSNfRFQJyCpjrCYAXsVw,waukegan-illinois
https://www.ubereats.com/chicago/food-delivery/port-of-peri-peri/kozXIjneRFOVA_MX7lfDdQ,waukegan-illinois
https://www.ubereats.com/chicago/food-delivery/uptown-burgers/Wg4CNgEOSamL98QQEkcK_g,waukegan-illinois
https://www.ubereats.com/chicago/food-delivery/sbarro-6170-w-grand-ave-%23721/Er8iuN59SCu6Q7CM5rQ60g,waukegan-illinois
https://www.ubereats.com/chicago/food-delivery/grande-jakes-fresh-mexican-grill-lindenhurst/_O_VRLSDSXu8RTO4ehZAMQ,waukegan-illinois
https://www.ubereats.com/chicago/food-delivery/the-armory-pizzeria-%26-grill/SkTs8IurQSS_re_EU69DDQ,waukegan-illinois
https://www.ubereats.com/chicago/food-delivery/sunrise-sandwich-co/z61AeMH2TBqCzA_9hA7d8Q,waukegan-illinois
https://www.ubereats.com/chicago/food-delivery/potbelly-sandwich-shop-lake-bluff-dt-%7C-381/Bw2fAwLCQOW3DSBDURJtNg,waukegan-illinois
https://www.ubereats.com/chicago/food-delivery/uhmazing-blts/bWgr9kw1RJeFDHBY8YhvkA,waukegan-illinois
https://www.ubereats.com/chicago/food-delivery/wendys-370-s-us-highway-45/CIthlp8sTXqrx1u0C8TMGA,waukegan-illinois
https://www.ubereats.com/chicago/food-delivery/dunkin-422-washington-st/5g8eVR6XR3a16oFNZZQK1w,waukegan-illinois
https://www.ubereats.com/chicago/food-delivery/chipotle-mexican-grill-6040-gurnee-mills-cir-e/TF1zGBOkQ9-vOPD9UG20Nw,waukegan-illinois
https://www.ubereats.com/chicago/food-delivery/pasquallys-pizza-%26-wings-1512-nations-drive/FNkoV55iS4GIV7V6VnBRvQ,waukegan-illinois
https://www.ubereats.com/chicago/food-delivery/taco-bell-6360-grand-ave/1qU_TthZRA6nwnfj31F38Q,waukegan-illinois
https://www.ubereats.com/chicago/food-delivery/burger-king-3125-north-lewis/V6u_PZX2RWq2Vt9vYvBQMQ,waukegan-illinois
https://www.ubereats.com/chicago/food-delivery/burger-king-850-north-green-bay-avenue/a5VD0WxZRF6L8jqde8EHtA,waukegan-illinois
https://www.ubereats.com/chicago/food-delivery/popeyes-green-bay-%26-mlk/x0AiCEN2SGyw5YFAypW55g,waukegan-illinois
https://www.ubereats.com/chicago/food-delivery/julias-pizzeria-%26-restaurant/iMdB3v23QfiH-HlyMWputQ,waukegan-illinois
https://www.ubereats.com/chicago/food-delivery/chicago-woodfire-pizza-co/UQo4rMpURHG6SAqL8KWaOA,waukegan-illinois
https://www.ubereats.com/chicago/food-delivery/timothy-otooles-pub-gurnee/8Uqrl5UlSuKEvAuXqW9FuA,waukegan-illinois
https://www.ubereats.com/chicago/food-delivery/mod-pizza-waukegan/nOaJBpBNTUSKLtpLVnxEjQ,waukegan-illinois
https://www.ubereats.com/chicago/food-delivery/cold-stone-creamery-7105-grand-ave/iKuT_VYrRbyPf6IyVzwEYw,waukegan-illinois
https://www.ubereats.com/chicago/food-delivery/dunkin-707-rockland-rd/z7_o8PoOTK6dH_Pbk1Jmgw,waukegan-illinois
https://www.ubereats.com/chicago/food-delivery/dunkin-4551-illinois-route-173-unit-b/xjYNUGyMQX-uYlaWTxlA5A,waukegan-illinois
https://www.ubereats.com/chicago/food-delivery/rockys-pizzeria-waukegan/kZCRPMthQoKmxeDiB-Ufig,waukegan-illinois
https://www.ubereats.com/chicago/food-delivery/patty-melt-co/-X1W3BXjSwmhf1fj_3n86g,waukegan-illinois
https://www.ubereats.com/chicago/food-delivery/dunkin-2829-22nd-st/jc3uLP9XQ3W0iJInfXiMRw,waukegan-illinois
https://www.ubereats.com/chicago/food-delivery/burger-king-3140-belvidere-road/ubu0V085SBuue0qGpF8PoA,waukegan-illinois
https://www.ubereats.com/chicago/food-delivery/subway-11-north-genesse-st/bNpBRE9LRYO6JJa6hvYzmA,waukegan-illinois
https://www.ubereats.com/chicago/food-delivery/chans-chinese-restaurant/XldjuZQBT6OuduSfIUXXhg,waukegan-illinois
https://www.ubereats.com/chicago/food-delivery/la-michoacana-p-waukegan-1801-belvidere-rd/sLvwD1b0SK2tizy7fHRUUA,waukegan-illinois
https://www.ubereats.com/chicago/food-delivery/himalayan-restaurant-gurnee/9-mHTYyIRcytcnuplYtSLw,waukegan-illinois
https://www.ubereats.com/chicago/food-delivery/buffalo-wild-wings-500-e-rollins-rd/IJ5nCaU4ScOS05KSkmzAMQ,waukegan-illinois
https://www.ubereats.com/chicago/food-delivery/chipotle-mexican-grill-1936-il-route-83/sDZq-P-eQ1qIFSkrgochrg,waukegan-illinois
https://www.ubereats.com/chicago/food-delivery/starbucks-waukegan-%26-lakehurst-waukegan/MmzQNl4EQlK16mbuodZnpA,waukegan-illinois
https://www.ubereats.com/chicago/food-delivery/hunan-hibachi-buffet/Wg1jQNsPQkGvphBlIscgGg,waukegan-illinois
https://www.ubereats.com/chicago/food-delivery/panda-express-7105-grand-ave/oLruQPI-RS2as4Pr-ZAnYA,waukegan-illinois
https://www.ubereats.com/chicago/food-delivery/chipotle-mexican-grill-940-s-waukegan-rd/QEVdyPa6R8-OBHutiLH1IA,waukegan-illinois
https://www.ubereats.com/chicago/food-delivery/shawarma-king-%231/57MSfhSfQ6inBcPmXk61LQ,waukegan-illinois
https://www.ubereats.com/chicago/food-delivery/kfc-1400-n-lewis-ave/LJq0InD0S0GvE0J_ThF8Zg,waukegan-illinois
https://www.ubereats.com/chicago/food-delivery/17-north-bar-%26-grill/YES9xfirQjSaTfJQXQhzig,waukegan-illinois
https://www.ubereats.com/chicago/food-delivery/wing-society/XNP4hue-Rpq3Dsn_CtXnBw,waukegan-illinois
https://www.ubereats.com/chicago/food-delivery/rosatis-pizza-belvidere-rd/T5lmGl3vTUaTnn6nV6ScMA,waukegan-illinois
https://www.ubereats.com/chicago/food-delivery/mod-pizza-gurnee/-0PBd5zYSo2TeMEITukNag,waukegan-illinois
https://www.ubereats.com/chicago/food-delivery/mcdonalds-delany-%26-skokie/dSKO_5trTW23zlPLt8EBKA,waukegan-illinois
https://www.ubereats.com/chicago/food-delivery/red-robin-518-6420-grand-ave/lrSGYDSYRqOArpvpF43Yyw,waukegan-illinois
https://www.ubereats.com/chicago/food-delivery/georges-gyros/zX5XulfKTp-S9NNOQ6vL-w,waukegan-illinois
https://www.ubereats.com/chicago/food-delivery/portillos-hot-dogs-6102-w-grand-avenue/phn8uJP-SdG9T-e8V4xJhQ,waukegan-illinois
https://www.ubereats.com/chicago/food-delivery/forest-greens-juice-bar/PDFt4YncSUOAXZG6Z0pmvA,waukegan-illinois
https://www.ubereats.com/chicago/food-delivery/potestas-pizza-pasta/UPFZc4EySFSMKaSyJsgIuw,waukegan-illinois
https://www.ubereats.com/chicago/food-delivery/jojos-bar-%26-grill/sRC6DfN9SUiGB_1uKO-Ryw,waukegan-illinois
https://www.ubereats.com/chicago/food-delivery/mickey-finns-brewery/MM1MO1_ZQ--8BV8g7da2uQ,waukegan-illinois
https://www.ubereats.com/chicago/food-delivery/mcdonalds-grand-%26-green-bay/rQCugr4sSQufN4cYDdkL9g,waukegan-illinois
https://www.ubereats.com/chicago/food-delivery/subway-2662-washington-st/BJvVbJYxRMmCEjbDxFODkw,waukegan-illinois
https://www.ubereats.com/chicago/food-delivery/dunkin-16145-w-highway-173/4eElOhLcRIyLSaKrqF7zhA,waukegan-illinois
https://www.ubereats.com/chicago/food-delivery/taco-bell-1913-sheridan-rd/5DebFLvXQvyAZPaq4X2ZYQ,waukegan-illinois
https://www.ubereats.com/chicago/food-delivery/five-guys-il-0526-6310-grand-ave/b0Q0TrlxSYqZG6At1hzXGw,waukegan-illinois
https://www.ubereats.com/chicago/food-delivery/bada-bing-beef-co/jYDKSID7QSueMJVPEuJxlA,waukegan-illinois
https://www.ubereats.com/chicago/food-delivery/rockys-pizzeria-north-chicago/tsh6RrkKQAG4TB4X_Y6vyg,waukegan-illinois
https://www.ubereats.com/chicago/food-delivery/dunkin-2900-belvidere-rd/bSori5ZuSPqtO5oeYvxF8g,waukegan-illinois
https://www.ubereats.com/chicago/food-delivery/honey-baked-ham-co-%26-cafe-grand-ave/Xfx5B0r6TCWns9uv1A5dnw,waukegan-illinois
https://www.ubereats.com/chicago/food-delivery/bills-pizza-%26-pub-north/umOdiJsiT-q7yYXsBhruSQ,waukegan-illinois
https://www.ubereats.com/chicago/food-delivery/the-taproom/Q7QF_SviSSOZPBlKH6n9AA,waukegan-illinois
https://www.ubereats.com/chicago/food-delivery/uhmazing-blts/ZdmWRS1tQIW7L2N_65uwmg,waukegan-illinois
https://www.ubereats.com/chicago/food-delivery/gojos-cafe-%26-pancake-house/8H5owm_rSr6EdP6eEI6g5w,waukegan-illinois
https://www.ubereats.com/chicago/food-delivery/mcdonalds-skokie-%26-bittersweet/RhihKUuQSwWzLTdzC6tqoA,waukegan-illinois
https://www.ubereats.com/chicago/food-delivery/starbucks-7105-grand-ave-gurnee/PUWjcKIQRreq1FoRrVEfpw,waukegan-illinois
https://www.ubereats.com/chicago/food-delivery/biryani-pointe/XwxWslfcTFeF9ScUjayVIw,waukegan-illinois
https://www.ubereats.com/chicago/food-delivery/mcdonalds-lewis-%26-sunset/krlQyXU1Q7-Lt5cpXTjBCQ,waukegan-illinois
