url,city
https://www.ubereats.com/detroit/food-delivery/happys-pizza-721-s-wayne-rd/ketutx5vRrOd3kNWkyhyYw,wayne-michigan
https://www.ubereats.com/detroit/food-delivery/sapporo-hibachi-steakhouse-%26-sushi-bar/Gxd8_V8FRDKyU2AYgS3gTQ,wayne-michigan
https://www.ubereats.com/detroit/food-delivery/saya-sushi/cMi5bhG0SuaSq-fxDi1ZtQ,wayne-michigan
https://www.ubereats.com/detroit/food-delivery/bob-evans-50-41190-ford-road/idR2hH1gS4S3IZVk5KJfaA,wayne-michigan
https://www.ubereats.com/detroit/food-delivery/motor-city-meats/gz5own1aTsO1vw4f5_8OXQ,wayne-michigan
https://www.ubereats.com/detroit/food-delivery/jimmys-pizza/RBMfEqC4TsCZFcARpVgyUw,wayne-michigan
https://www.ubereats.com/detroit/food-delivery/burger-king-120-south-merriman/PBv45Je1TWeeSv04M_jjQg,wayne-michigan
https://www.ubereats.com/detroit/food-delivery/bds-mongolian-grill-dearborn/FIxc0K1WScm9S04KNMf6jQ,wayne-michigan
https://www.ubereats.com/detroit/food-delivery/papa-johns-2221-s-wayne-rd/QqmG-YrsQau6Ii-DCUhoOQ,wayne-michigan
https://www.ubereats.com/detroit/food-delivery/checkers-4850-s-telegraph-road/efByQh_NT9ijN2D_XqRiWQ,wayne-michigan
https://www.ubereats.com/detroit/food-delivery/mcdonalds-33921-ford-rd/86tyBpcWQC6RfRspq1TW5g,wayne-michigan
https://www.ubereats.com/detroit/food-delivery/qdoba-mexican-grill-41420-ford-rd/3bMILbWZSEOI55xBm18w1g,wayne-michigan
https://www.ubereats.com/detroit/food-delivery/jersey-mikes-subs-9877-telegraph-rd/YrFqqeegSEWb4D6-GU999w,wayne-michigan
https://www.ubereats.com/detroit/food-delivery/bob-evans-114-23729-michigan-avenue/GFish2gORg62flst3cb_zQ,wayne-michigan
https://www.ubereats.com/detroit/food-delivery/applebees-%237797-13301-middlebelt-road/21iKWw1KS5GZ1sN5rOO82g,wayne-michigan
https://www.ubereats.com/detroit/food-delivery/arbys-18767-northline-rd/OQ7YycXsRQOofJSIsyKCgw,wayne-michigan
https://www.ubereats.com/detroit/food-delivery/tropical-smoothie-cafe-7700-telegraph-road/RdX09g_SSVSS4Zohf-_XRQ,wayne-michigan
https://www.ubereats.com/detroit/food-delivery/the-ice-cream-shop/tYqxwFZTRzOwLzWKQWyQ7Q,wayne-michigan
https://www.ubereats.com/detroit/food-delivery/zaghloul-subs/Pnm-YHwTR0-ENTTSW0c6hw,wayne-michigan
https://www.ubereats.com/detroit/food-delivery/get-and-go-pizza-and-subs/Pe3xldquRoCpIzBrdY1ULg,wayne-michigan
https://www.ubereats.com/detroit/food-delivery/chipotle-mexican-grill-42404-ford-road/XMrK3mZlSXCQwB_sDFpgTw,wayne-michigan
https://www.ubereats.com/detroit/food-delivery/three-brothers-restaurant/a_qo7kxjTTq-ARsteiKtRg,wayne-michigan
https://www.ubereats.com/detroit/food-delivery/genova-pizzeria/kADdP2oEQ4GsEa_skOQiCw,wayne-michigan
https://www.ubereats.com/detroit/food-delivery/wendys-439-s-wayne-rd/z0GggSoJQAOUENnDbt3SYg,wayne-michigan
https://www.ubereats.com/detroit/food-delivery/quiznos-39345-michigan-ave/S1ROw57mTbW8MThPh0H-hQ,wayne-michigan
https://www.ubereats.com/detroit/food-delivery/sweetwaters-coffee-%26-tea%3A-canton/6Tj-bFDLRLKCl8kX7_1Jbw,wayne-michigan
https://www.ubereats.com/detroit/food-delivery/black-label-tavern/1YJbzB9dQfOwok-6SnOqaQ,wayne-michigan
https://www.ubereats.com/detroit/food-delivery/al-jawad-meats/uphVH2dYQxyANjb_aFee8w,wayne-michigan
https://www.ubereats.com/detroit/food-delivery/pho-house/0nvC8gMfQ4aQ0NWXxFyYpg,wayne-michigan
https://www.ubereats.com/detroit/food-delivery/tim-hortons-24921-ford-road/69wDJAjISje75kqiFyq-qg,wayne-michigan
https://www.ubereats.com/detroit/food-delivery/tim-hortons-33500-plymouth-rd/B9pAr6JvQ7u1wXG4jMxZew,wayne-michigan
https://www.ubereats.com/detroit/food-delivery/bella-pizza/FynN-esqQOa2ABPB8QZ1ZA,wayne-michigan
https://www.ubereats.com/detroit/food-delivery/five-guys-mi-1245-42489-ford-rd/2VK2mFYrQwOb3kE4CSm4pA,wayne-michigan
https://www.ubereats.com/detroit/food-delivery/outback-steakhouse-42871-ford-road/RXq85olrRqiZ2PkZIWJnXA,wayne-michigan
https://www.ubereats.com/detroit/food-delivery/checkers-2220-south-wayne-road/YrujvPKUQXa7tl-f1lIOyg,wayne-michigan
https://www.ubereats.com/detroit/food-delivery/joes-deli-and-catering/XJKjOPwgQeCEdT7M7Gkjkg,wayne-michigan
https://www.ubereats.com/detroit/food-delivery/starbucks-central-city-pkwy-%26-warren-rd/O9yOHoDSS7ig0dp_LPuqcA,wayne-michigan
https://www.ubereats.com/detroit/food-delivery/dynasty-restaurant/PHPCBslOQa6tGDmNqUrfDw,wayne-michigan
https://www.ubereats.com/detroit/food-delivery/tim-hortons-7126-north-wayne-rd/wYyxQDrJSOu1H8T7iDH4Ww,wayne-michigan
https://www.ubereats.com/detroit/food-delivery/boston-market-43450-ford-rd/ZKodkHExQ0Wnvj0TqO1Gow,wayne-michigan
https://www.ubereats.com/detroit/food-delivery/biggby-coffee-westland/nQ5yBpHwQgqQNWNDZdS-cg,wayne-michigan
https://www.ubereats.com/detroit/food-delivery/taco-bell-11707-merriman-rd/v0yuux0JRbOn682VRi3Siw,wayne-michigan
https://www.ubereats.com/detroit/food-delivery/mcdonalds-40241-michigan-ave/mOTi4ypKQcCF2-x6yjHa6A,wayne-michigan
https://www.ubereats.com/detroit/food-delivery/timas-kitchen/aF33NwTaR0egkNmpZS_8Bw,wayne-michigan
https://www.ubereats.com/detroit/food-delivery/billis-shawarma/5BGX28y0QLKk5GyLZFB2Sg,wayne-michigan
https://www.ubereats.com/detroit/food-delivery/wendys-123-inkster-rd/n59zwPxoRrqycQ_CSAubog,wayne-michigan
https://www.ubereats.com/detroit/food-delivery/tropical-smoothie-cafe-22905-michigan-avenue/qX0MD4bnQFuhqeSSTgFGFg,wayne-michigan
https://www.ubereats.com/detroit/food-delivery/arbys-8068-n-wayne-rd/EFIXfiFkTZ6Y6S-1wbmJ9g,wayne-michigan
https://www.ubereats.com/detroit/food-delivery/peepos-subs/XAOHlrUaQ-e18U8V49jd4Q,wayne-michigan
https://www.ubereats.com/detroit/food-delivery/gateaux/szz3YCHkQ7KZCiikz50j0w,wayne-michigan
https://www.ubereats.com/detroit/food-delivery/taco-bell-10060-telegraph-rd/-sJO4Z5GTaG6Z_rtCOxGUw,wayne-michigan
https://www.ubereats.com/detroit/food-delivery/bob-evans-31-20465-eureka-road/d8Zfag5DR8Ojxym9Yfkr3w,wayne-michigan
https://www.ubereats.com/detroit/food-delivery/dunkin-1625-s-wayne-rd/d662gA0KT5mwdg-noptDQQ,wayne-michigan
https://www.ubereats.com/detroit/food-delivery/bartz-bakery/L3EspdDiQQafgy9XVnF-rA,wayne-michigan
https://www.ubereats.com/detroit/food-delivery/waynes-red-apple-restaurant-%26-inn/M3Ao6zLyQUq6KA0OuRJpNQ,wayne-michigan
https://www.ubereats.com/detroit/food-delivery/bob-evans-147-46080-michigan-avenue/trWdSUo-Qxy30R0VVJkh2w,wayne-michigan
https://www.ubereats.com/detroit/food-delivery/ananas-cafe-ford-%26-beech-daly/FlyP4pcRTgqos8aj04ig_A,wayne-michigan
https://www.ubereats.com/detroit/food-delivery/tropical-smoothie-cafe-26931-ford-road/sfY0Tf-7RguNIu0xg-9ZVg,wayne-michigan
https://www.ubereats.com/detroit/food-delivery/krispy-krunchy-chicken-8284-wayne-road/mGtjf5WXQAmmbYfEtrdIqA,wayne-michigan
https://www.ubereats.com/detroit/food-delivery/what-the-pho/5pciOedFRX24wF0ArM1bcQ,wayne-michigan
https://www.ubereats.com/detroit/food-delivery/arbys-44040-ford-rd/yQbzOMmoReCjGtKPwzsR8Q,wayne-michigan
https://www.ubereats.com/detroit/food-delivery/on-the-border-westland/K1MEEIMvSn6ggEPnW97ArA,wayne-michigan
https://www.ubereats.com/detroit/food-delivery/noodles-%26-company-29459-plymouth-road-space-d150/L5SWqMaSREObeVMkDbNrVw,wayne-michigan
https://www.ubereats.com/detroit/food-delivery/buffalo-wild-wings-41980-ford-rd/jG2FST7CTmCWhRPSVYqPMw,wayne-michigan
https://www.ubereats.com/detroit/food-delivery/aqua/6HguhQgSTyqFi2XsxUyw-A,wayne-michigan
https://www.ubereats.com/detroit/food-delivery/cottage-inn-pizza-8303-n-wayne-rd/xjhG3DQLSR2j_UxSJPqoBQ,wayne-michigan
https://www.ubereats.com/detroit/food-delivery/arbys-40210-michigan-ave/3o-xmS-OT-GpeQv_97k8XQ,wayne-michigan
https://www.ubereats.com/detroit/food-delivery/malek-al-kabob-taylor/EIy0YY21QJWJzME7Q063xg,wayne-michigan
https://www.ubereats.com/detroit/food-delivery/carrabbas-1900-north-haggerty-road/Q_bemHx1SgmZKKY0d5-PhQ,wayne-michigan
https://www.ubereats.com/detroit/food-delivery/tim-hortons-45515-michigan-ave/W-jWLfnMTfWPHGGCzye48Q,wayne-michigan
https://www.ubereats.com/detroit/food-delivery/tropical-smoothie-cafe-plymouth/zioGgF7yRiiRQxF6DEkbYg,wayne-michigan
https://www.ubereats.com/detroit/food-delivery/balaji-pure-veg-pure-fun/SqXwEpLYRjuiDbt9GNVVTg,wayne-michigan
https://www.ubereats.com/detroit/food-delivery/arbys-34475-michigan-ave/mveukDjWQUC-i5Dmx0GNWw,wayne-michigan
https://www.ubereats.com/detroit/food-delivery/happys-pizza-27200-cherry-hill-rd/y4pc3CpRRnua7Z2L6aBAuQ,wayne-michigan
https://www.ubereats.com/detroit/food-delivery/burger-king-237-north-wayne-road/0kFd0HUsQ2WbZa4zUqzE1g,wayne-michigan
https://www.ubereats.com/detroit/food-delivery/hooters-taylor/7i2LG7RpRnK2--py9nofYg,wayne-michigan
https://www.ubereats.com/detroit/food-delivery/tim-hortons-23780-michigan-avenue/dARSpGRtSvGEz9glUl3mRg,wayne-michigan
https://www.ubereats.com/detroit/food-delivery/mod-pizza-canton/H78X42pvSq-e2e-hjSd8CQ,wayne-michigan
https://www.ubereats.com/detroit/food-delivery/shawarma-palace/TFeEenUCQMuPm55_i7OUjQ,wayne-michigan
https://www.ubereats.com/detroit/food-delivery/leos-coney-island-9624-belleville-rd/w3pvKJTQRq-VI9nqQedQVA,wayne-michigan
https://www.ubereats.com/detroit/food-delivery/tim-hortons-25000-michigan-ave/s1c8fGoAQlmQiXlvPxo2kg,wayne-michigan
https://www.ubereats.com/detroit/food-delivery/arbys-575-ann-arbor-rd-w/nyr9YtUiTXObQ2F3a3qffg,wayne-michigan
https://www.ubereats.com/detroit/food-delivery/wendys-40450-michigan-avenue/725LW0bsQSumX7Dz__ehOw,wayne-michigan
https://www.ubereats.com/detroit/food-delivery/chuck-e-cheese-42001-ford-rd/03lwBblrRQaNhwbAJJ3_Gw,wayne-michigan
https://www.ubereats.com/detroit/food-delivery/subway-7630-merriman-rd/1SZUJssvQICOijvBTBHjiA,wayne-michigan
https://www.ubereats.com/detroit/food-delivery/taco-bell-2307-s-wayne-rd/uN-SmtRkQLSTg9iqmDVbaA,wayne-michigan
https://www.ubereats.com/detroit/food-delivery/optimal-water-station/UU-IBXigQQezW2XJSt-Q4w,wayne-michigan
https://www.ubereats.com/detroit/food-delivery/captain-jays-fish-%26-chicken-1121-middlebelt-rd/Vs3PA8ZARxyE7SdLxgA87w,wayne-michigan
https://www.ubereats.com/detroit/food-delivery/arbys-47192-michigan-ave/JlMP12gGRl2lAxphhZ_Xfw,wayne-michigan
https://www.ubereats.com/detroit/food-delivery/la-tiendita/Oe4ZH0krTGmTSL0ZLf8kXA,wayne-michigan
https://www.ubereats.com/detroit/food-delivery/kekos-coney-islands/4h1zu-lsS56zW8eBhJKeyw,wayne-michigan
https://www.ubereats.com/detroit/food-delivery/starbucks-canton-ford-rd/b3GedN_XQRGr56YAN7r7tA,wayne-michigan
https://www.ubereats.com/detroit/food-delivery/taco-bell-37500-ford-road/hvoYBCI5SqSmNi1xwPEOVQ,wayne-michigan
https://www.ubereats.com/detroit/food-delivery/taco-bell-409-n-main-st/low78UhLRCeXOwBKow0xMg,wayne-michigan
https://www.ubereats.com/detroit/food-delivery/buffalo-wild-wings-6677-n-wayne-rd/h7ZVL7vEQNmi6Nxa5inxvw,wayne-michigan
https://www.ubereats.com/detroit/food-delivery/mama-mia-livonia/Ip3bDVRLSlOccj3Osl5ZOg,wayne-michigan
https://www.ubereats.com/detroit/food-delivery/gabriels-cheesesteak-hoagies/iT-cziGKQPKfkX6OhzE6IA,wayne-michigan
https://www.ubereats.com/detroit/food-delivery/arbys-10500-telegraph-rd/RMvRM2NTSOiI424-R1YnIg,wayne-michigan
https://www.ubereats.com/detroit/food-delivery/edible-arrangements-26430-ford-road/K7p_fc-SSqiXavLkyxgNkA,wayne-michigan
https://www.ubereats.com/detroit/food-delivery/golden-corral-14691-huron-street/SUFtHlj1QEqMhHXyDQrt8A,wayne-michigan
https://www.ubereats.com/detroit/food-delivery/sammys-pizza-westland/9lw6-f9QTf608KpKLyEX2A,wayne-michigan
https://www.ubereats.com/detroit/food-delivery/arbys-27277-eureka-rd/2uoA3RZrRgSDQG7d67YMuw,wayne-michigan
https://www.ubereats.com/detroit/food-delivery/mcdonalds-38418-ford-rd/eadYyrX6QGGiosFU9vI1Dw,wayne-michigan
https://www.ubereats.com/detroit/food-delivery/kfc-13485-farmington-rd/E8zJJwmRRXizohD7J89uDA,wayne-michigan
https://www.ubereats.com/detroit/food-delivery/kfc-2169-rawsonville-road/m5LmjfOSRhuxa7nvU_4wHA,wayne-michigan
https://www.ubereats.com/detroit/food-delivery/mr-pit-master-barbeque/cgEvqxTdRdq8BbuMopp8dQ,wayne-michigan
https://www.ubereats.com/detroit/food-delivery/the-heights-meat-market-%26-grill/HC98meAsTWyFsOnfmkXF1w,wayne-michigan
https://www.ubereats.com/detroit/food-delivery/taco-bell-205-ann-arbor-rd/0A6qFDqXTpuIZi0Lzed8IQ,wayne-michigan
https://www.ubereats.com/detroit/food-delivery/soo-fraiche-grill/WwZaME_oTeutGspcHGi9vg,wayne-michigan
https://www.ubereats.com/detroit/food-delivery/starbucks-fordview-plaza-ford-rd/K6uMH9-4RB-5aZ9oNZqrxw,wayne-michigan
https://www.ubereats.com/detroit/food-delivery/tasty-kabob/iluKws0gSquqTV0NRolyIQ,wayne-michigan
https://www.ubereats.com/detroit/food-delivery/carieras/N6l2cn9sQ-SQi34V29LlCw,wayne-michigan
https://www.ubereats.com/detroit/food-delivery/carrabbas-14805-dix-toledo-road/2O_dSXR2R5u2eKGaArFJRQ,wayne-michigan
https://www.ubereats.com/detroit/food-delivery/olgas-kitchen-41725-ford-rd/zHGhivFRTbKSWesJgsuzQg,wayne-michigan
https://www.ubereats.com/detroit/food-delivery/famous-daves-23811-eureka-road/kCiUV4qIQqiyY-ldzmns4g,wayne-michigan
https://www.ubereats.com/detroit/food-delivery/mod-pizza-livonia/Mic9VRoZRNOivwi_MVsL3Q,wayne-michigan
https://www.ubereats.com/detroit/food-delivery/taco-bell-25120-michigan/UHR9SZNqSTypbi-S8keGrQ,wayne-michigan
https://www.ubereats.com/detroit/food-delivery/qdoba-mexican-grill-29515-plymouth-rd-suite-d210/2JHhhNKSRQO0BOum7K49Yw,wayne-michigan
https://www.ubereats.com/detroit/food-delivery/benihana-hubbard-%26-northwood/1gogWo2NQlukBR6VEw3rpg,wayne-michigan
https://www.ubereats.com/detroit/food-delivery/fattoush-village-cafe-%26-grill/lr6p4lVITwWg_-Rrf70P0w,wayne-michigan
https://www.ubereats.com/detroit/food-delivery/canton-pita/U43McI5AS_ub23XMUol5bw,wayne-michigan
https://www.ubereats.com/detroit/food-delivery/wendys-41465-ford-rd/8ECJ_xR0Q7qelybjixoRpg,wayne-michigan
https://www.ubereats.com/detroit/food-delivery/armanis-pizza/97n2-GJnTo2Y_zHzHhBZug,wayne-michigan
https://www.ubereats.com/detroit/food-delivery/applebees-43500-ford-road/hKy4NC73RG-mpEfdvo0t7A,wayne-michigan
https://www.ubereats.com/detroit/food-delivery/red-robin-377-36350-warren-rd/SLxOa9Y9SSCv43UzyKpr1w,wayne-michigan
https://www.ubereats.com/detroit/food-delivery/dennys-20565-eureka-road/shVEkQ1tSKOm4AKWYtU_iw,wayne-michigan
https://www.ubereats.com/detroit/food-delivery/grand-traverse-pie-company-plymouth/Vb6SrGtGQ66Rk9fhmayRrA,wayne-michigan
https://www.ubereats.com/detroit/food-delivery/raj-palace-indian-cuisine/oOu38ozpS1W4nY7Ed_Z0aA,wayne-michigan
https://www.ubereats.com/detroit/food-delivery/red-robin-378-15777-eureka-blvd/0Xxhm5cuRhCZkm3DxXoTnA,wayne-michigan
https://www.ubereats.com/detroit/food-delivery/jersey-mikes-subs-42448-ford-road/jr2kRitNTEqgZXtlBACFpQ,wayne-michigan
https://www.ubereats.com/detroit/food-delivery/mcdonalds-wayne-%26-michelle/YhYMQky3TQuF8wo36Vsj2w,wayne-michigan
https://www.ubereats.com/detroit/food-delivery/brays-hamburgers/x_053MG5QROUMKu1xLDqVg,wayne-michigan
https://www.ubereats.com/detroit/food-delivery/the-himalayan-flames/WDKvhQUcSbeyZNHpC0xGgg,wayne-michigan
https://www.ubereats.com/detroit/food-delivery/bjs-restaurant-%26-brewhouse-23002-eureka-rd/nR5Tka3pTWikw0nzGeQgXQ,wayne-michigan
https://www.ubereats.com/detroit/food-delivery/firehouse-subs-35579-warren-road/RHM17GZeTiSICtoqQdgo9A,wayne-michigan
https://www.ubereats.com/detroit/food-delivery/zinos-subs-and-pizza/K6DTMdy1QNmsPtKTnI_phQ,wayne-michigan
https://www.ubereats.com/detroit/food-delivery/mexican-fiesta-ii/9LJeRHk1TDmV7VPeZouxVQ,wayne-michigan
https://www.ubereats.com/detroit/food-delivery/food-asia-restaurant/3iYtKdHuSym7YA8cP8bURg,wayne-michigan
https://www.ubereats.com/detroit/food-delivery/checkers-11610-inkster-road/jY5CwB5FR7aOwRJJJJhvtw,wayne-michigan
https://www.ubereats.com/detroit/food-delivery/pita-way-plymouth-rd/DEmtQDZTSCqzADwE51u3nQ,wayne-michigan
https://www.ubereats.com/detroit/food-delivery/little-caesars-22359-goddard-rd/bl0T9V0_QKiU9JXVArisEQ,wayne-michigan
https://www.ubereats.com/detroit/food-delivery/guss-world-famous-fried-chicken-ford-rd/NZoihHJ_QIWLfCmEJeDXew,wayne-michigan
https://www.ubereats.com/detroit/food-delivery/mancinos-pizza-and-grinders/YqPGHlVpS86nLwmrNmraAg,wayne-michigan
https://www.ubereats.com/detroit/food-delivery/leftys-taylor/14OJXikiQ-SCfPhi4A5f1Q,wayne-michigan
https://www.ubereats.com/detroit/food-delivery/d-dees-corned-beef/S6FWFsLVS5a1IPYo3S6yWw,wayne-michigan
https://www.ubereats.com/detroit/food-delivery/starbucks-canton-ford-%26-lotz/RmgoXAoPRmyXgphsDoLZ8w,wayne-michigan
https://www.ubereats.com/detroit/food-delivery/shawarmas-house/PDRABohzRtGLhSdN1f3pgg,wayne-michigan
https://www.ubereats.com/detroit/food-delivery/kfc-ford-rd/JL3GoBhPSoGTc0M1wDUwQg,wayne-michigan
https://www.ubereats.com/detroit/food-delivery/kfc-10130-telegraph-rd/HcvYDi1VSsGaZlm0Y5e2Qw,wayne-michigan
https://www.ubereats.com/detroit/food-delivery/zs-bubble-tea-%26-bingsu/afkIYN9YQsSK9CiMOZiVMA,wayne-michigan
https://www.ubereats.com/detroit/food-delivery/dos-hermanos-market/sducprieSdevjUf5v022TA,wayne-michigan
https://www.ubereats.com/detroit/food-delivery/eddys-family-dining/8sRGbueJQ-6pLdUt1kgovg,wayne-michigan
https://www.ubereats.com/detroit/food-delivery/wendys-29317-joy-road/vWFokpuYR_25dl3upflyvQ,wayne-michigan
https://www.ubereats.com/detroit/food-delivery/mcdonalds-44900-ford-rd/5L55yrWDSgybryI525Gu4A,wayne-michigan
https://www.ubereats.com/detroit/food-delivery/mcdonalds-merriman-%26-smith/UFifffLFQD6gP5MxgAOcZg,wayne-michigan
https://www.ubereats.com/detroit/food-delivery/qdoba-mexican-grill-16971-newburgh-rd/VPfEKloeR5iIgJK90SsYMg,wayne-michigan
https://www.ubereats.com/detroit/food-delivery/jons-goodtime-bar-and-grill/npWeBhN4Qr6aW-UpdsFzyg,wayne-michigan
https://www.ubereats.com/detroit/food-delivery/jersey-mikes-15005-sheldon-rd/aY88ki3bRrKH5JBSh6M6ag,wayne-michigan
https://www.ubereats.com/detroit/food-delivery/kfc-41670-ford-rd/72cRakwHTSSx10S2IbPW8g,wayne-michigan
https://www.ubereats.com/detroit/food-delivery/taco-bell-10640-belleville-rd/TC7xbpyQSTm81h1qbXXA1g,wayne-michigan
https://www.ubereats.com/detroit/food-delivery/taco-bell-45132-ford-road/kwv0wMuIT2mYtZN2kTffZQ,wayne-michigan
https://www.ubereats.com/detroit/food-delivery/wendys-9859-middlebelt-road/V6PJ9Y_kQwKA2PkMnxEHhA,wayne-michigan
https://www.ubereats.com/detroit/food-delivery/burger-king-28333-ford-road/4coYL7yeR1CENk7h0OkhGQ,wayne-michigan
https://www.ubereats.com/detroit/food-delivery/zinos/g5rhrS3US8eZvziB-cpbcw,wayne-michigan
https://www.ubereats.com/detroit/food-delivery/famous-daves-36601-warren-road/iC3bFzuWQNCUrrOphvrS9g,wayne-michigan
https://www.ubereats.com/detroit/food-delivery/al-ameer-restaurant/tIGcEAQWT-mtl-L7z2KUlw,wayne-michigan
https://www.ubereats.com/detroit/food-delivery/red-lobster-5774-north-wayne-road/v7YEzgsWRm2ZdZgmKHgxeQ,wayne-michigan
https://www.ubereats.com/detroit/food-delivery/bob-evans-205-30987-flynn-drive/ejLUIMIzQG-MTxhZq4rvNg,wayne-michigan
https://www.ubereats.com/detroit/food-delivery/taco-bell-9920-wayne-rd/WFvskI56T2CFZiA4sPs-2Q,wayne-michigan
https://www.ubereats.com/detroit/food-delivery/beity-kitchen/N6wG3WDJRzGH7sFIWpNa6w,wayne-michigan
https://www.ubereats.com/detroit/food-delivery/websters-bbq/1w_YcO_qTkqq036E2Y1JqA,wayne-michigan
https://www.ubereats.com/detroit/food-delivery/subway-35520-van-born-rd/29-Bu4I1TMCVVnnFZa4hsA,wayne-michigan
https://www.ubereats.com/detroit/food-delivery/bierkeller-tavern-%26-eatery/LnAg87vHRtOvTiTnHV2vXw,wayne-michigan
https://www.ubereats.com/detroit/food-delivery/beirock-wraps/dY_Hn2-FTsKKJdY5_B5few,wayne-michigan
https://www.ubereats.com/detroit/food-delivery/levant-kitchen/k9Cgojv7Q4qejzlhBEcCJQ,wayne-michigan
https://www.ubereats.com/detroit/food-delivery/little-caesars-1171-s-wayne-road/hQ6Ge_c8R6Sgkq8mMjMhGw,wayne-michigan
https://www.ubereats.com/detroit/food-delivery/halal-tacos/ctIEdPJ2RXalGgzVSduR0g,wayne-michigan
https://www.ubereats.com/detroit/food-delivery/olgas-kitchen-ford-rd/tyRHs9paSHm45REXlQpbjw,wayne-michigan
https://www.ubereats.com/detroit/food-delivery/wendys-45145-ford-road/RkyWpBBGRaiR9nh7gbMsbw,wayne-michigan
https://www.ubereats.com/detroit/food-delivery/urban-steak/coEMND7rR-uTcJxRPUJEbg,wayne-michigan
https://www.ubereats.com/detroit/food-delivery/outback-steakhouse-15765-eureka-road/8gv1Lfr-StuKWDV5ATS5aQ,wayne-michigan
https://www.ubereats.com/detroit/food-delivery/applewood-coney-island/exhjZ1rASKKC2HcwN3N7qA,wayne-michigan
https://www.ubereats.com/detroit/food-delivery/alandalus-manaeesh/Atvt7C0UQhiims4fIFNl6Q,wayne-michigan
https://www.ubereats.com/detroit/food-delivery/papas-pizza-%26-bbq/6eC-ONegStqch3hO2i9mXQ,wayne-michigan
https://www.ubereats.com/detroit/food-delivery/qdoba-mexican-grill-10889-belleville-rd/lk-N8ERQT5SicoIZ8tvukw,wayne-michigan
https://www.ubereats.com/detroit/food-delivery/shish-factory/_1alPLHoT7-87QwlH6mucA,wayne-michigan
https://www.ubereats.com/detroit/food-delivery/white-castle-32925-michigan-ave/lAScE4MVRt6kIj-HHpXyLQ,wayne-michigan
https://www.ubereats.com/detroit/food-delivery/arbys-12090-inkster-rd/wgvr4dciTM2sRaPIX-S4pA,wayne-michigan
https://www.ubereats.com/detroit/food-delivery/tropical-smoothie-cafe-35131-e-michigan-ave/yBZ6dlYVSVSUzAf9AF9nIA,wayne-michigan
https://www.ubereats.com/detroit/food-delivery/andiamo-michigan-%26-elm/t1KU9cBIS0GXBNAR1rHovQ,wayne-michigan
https://www.ubereats.com/detroit/food-delivery/olgas-kitchen-35000-warren-rd/tSPmEa_iQcqKa1PCrA5sWw,wayne-michigan
https://www.ubereats.com/detroit/food-delivery/chipotle-mexican-grill-23111-eureka-rd/WlrxrDUoSUa9bH0QRpt30w,wayne-michigan
https://www.ubereats.com/detroit/food-delivery/panda-express-13701-middlebelt-road/l87WWQTqRxGJT2DoT1t4ow,wayne-michigan
https://www.ubereats.com/detroit/food-delivery/crazy-pizza/Oar1wH3dSyWh0jTAeg20Mw,wayne-michigan
https://www.ubereats.com/detroit/food-delivery/pf-changs-18900-michigan-ave-space-r-101/VlGvZYqMTCGrL-P21-6BpQ,wayne-michigan
https://www.ubereats.com/detroit/food-delivery/wendys-32967-michigan-avenue/MIcOVDaLSDyHu95ry0sG9Q,wayne-michigan
https://www.ubereats.com/detroit/food-delivery/outback-steakhouse-13010-middle-belt-road/r_Ff63cmSvCJn702EX5YwA,wayne-michigan
https://www.ubereats.com/detroit/food-delivery/tgi-fridays-2710-canton-mi/kBPMPsoXTQS5l_0kdzS0_w,wayne-michigan
https://www.ubereats.com/detroit/food-delivery/taco-bell-14839-telegraph-rd/DdT4yfk_Tqm0aWfM5hIAXw,wayne-michigan
https://www.ubereats.com/detroit/food-delivery/primanti-bros-eureka/dxU48abVTQyGq1rP-NO0Lw,wayne-michigan
https://www.ubereats.com/detroit/food-delivery/las-cazuelas-grill-melvindale/3Pu9_B3sRnSpQRWq8ZY0Zg,wayne-michigan
https://www.ubereats.com/detroit/food-delivery/cupcake-station-plymouth/SIEmQfNdT265j7Q3ngIa2A,wayne-michigan
https://www.ubereats.com/detroit/food-delivery/tubbys-grilled-submarines-33995-ford-rd-westland-michigan/VXpHzg97S8C2TXL7_fE9Kg,wayne-michigan
https://www.ubereats.com/detroit/food-delivery/dunkin-39600-e-ann-arbor-rd/irbrFyX9TsyYw7pnphbW6g,wayne-michigan
https://www.ubereats.com/detroit/food-delivery/little-caesars-38960-cherry-hill-rd/pQ-Y0OJNSOujYt38kanehA,wayne-michigan
https://www.ubereats.com/detroit/food-delivery/ihop-24140-ford-rd/HjLZdfRAQvyi5Dv7vlRWyg,wayne-michigan
https://www.ubereats.com/detroit/food-delivery/kfc-29060-plymouth-rd/hZn9xWBHRZaGuwtEAYtAjw,wayne-michigan
https://www.ubereats.com/detroit/food-delivery/better-health-cafe-southgate-mi/Qz4BG8yHTpCrhkNLmAGzng,wayne-michigan
https://www.ubereats.com/detroit/food-delivery/taco-bell-28993-ford-road/mZF9rtVoQVWWRU_48JiT3A,wayne-michigan
https://www.ubereats.com/detroit/food-delivery/taco-bell-201-s-merriman-road/yUrERPrSS86wLGCeM9ARBA,wayne-michigan
https://www.ubereats.com/detroit/food-delivery/arbys-30049-ford-rd/q0Zoib8xTBOjRYV-W9odeQ,wayne-michigan
https://www.ubereats.com/detroit/food-delivery/tim-hortons-4035-south-telegraph/MxAoNA2IT2-098Zubb7txA,wayne-michigan
https://www.ubereats.com/detroit/food-delivery/jonny-cakes-cafe-canton/hnHTpR9nTAGtGDvMG5Aekg,wayne-michigan
https://www.ubereats.com/detroit/food-delivery/tim-hortons-45135-ford-rd/3d7oiOlKT6q-_t1AZMwBtg,wayne-michigan
https://www.ubereats.com/detroit/food-delivery/beirut-la-pita/K4xb7YgPRPuF7VzAOHUBYA,wayne-michigan
https://www.ubereats.com/detroit/food-delivery/hooties-burger-bar-21250-eureka-road/OBw5gIfGQn-OBLd-XDcJag,wayne-michigan
https://www.ubereats.com/detroit/food-delivery/white-castle-41205-ford-rd/g0b3T6vmQRGXapjRsKc0oA,wayne-michigan
https://www.ubereats.com/detroit/food-delivery/taza-fresh-grill/9wMLRvQNRzGjp_f7Wm8LBQ,wayne-michigan
https://www.ubereats.com/detroit/food-delivery/qdoba-mexican-grill-22040-eureka-rd-unit-a/uhIz4AKfTYmb2vfFP7hUtg,wayne-michigan
https://www.ubereats.com/detroit/food-delivery/tubbys-grilled-submarines-4429-s-wayne-rd-mi/AevZ0EKrTsKwzTn93J6dSg,wayne-michigan
https://www.ubereats.com/detroit/food-delivery/taylor-kabob/62Rhfr6hSjKx3HTnWBmbHQ,wayne-michigan
https://www.ubereats.com/detroit/food-delivery/chuck-e-cheese-15200-toledo-rd/K6b8lSJoRuyvg-jin3Sa5Q,wayne-michigan
https://www.ubereats.com/detroit/food-delivery/taco-bell-4539-s-telegraph-rd/1_SxyE7ESImthELwG-jzEg,wayne-michigan
https://www.ubereats.com/detroit/food-delivery/hibachi-%26-buffet/pwT71cm3RJarPMOgfNloaQ,wayne-michigan
https://www.ubereats.com/detroit/food-delivery/lebon-sweets-ford/VGkqIAxaRx2m_S-9n_RF-A,wayne-michigan
https://www.ubereats.com/detroit/food-delivery/basha-grill/o8eTIoXKSE6OKc8Ls3U4Bg,wayne-michigan
https://www.ubereats.com/detroit/food-delivery/maharaja-grill/leQISwvQSdOytrETJxOL4g,wayne-michigan
https://www.ubereats.com/detroit/food-delivery/famous-shawarmas/yS4DOw-KSQCYRu6eUgEPow,wayne-michigan
https://www.ubereats.com/detroit/food-delivery/big-apple-bagels-ford-rd/wM7ZNB7HThCy6f5I9_74nQ,wayne-michigan
https://www.ubereats.com/detroit/food-delivery/applebees-36475-warren-road/2bTFA56XRZWAnrP4wVQ32A,wayne-michigan
https://www.ubereats.com/detroit/food-delivery/subway-2735-s-wayne-rd/cc_Mvd4GTOSXXECLx-U35w,wayne-michigan
https://www.ubereats.com/detroit/food-delivery/kfc-34015-ford-rd/0OfnBbaoQLSfHN02HP7H3w,wayne-michigan
https://www.ubereats.com/detroit/food-delivery/taco-bell-32940-michigan-ave/ftqoK9xGSiWq8zG9rHUhyA,wayne-michigan
https://www.ubereats.com/detroit/food-delivery/mcdonalds-michigan-%26-wayne/H6_7nnskSTit0jqeui0zxA,wayne-michigan
https://www.ubereats.com/detroit/food-delivery/omelette-%26-waffle-cafe/x_rcyGgeQsqm25vmQIGM5Q,wayne-michigan
https://www.ubereats.com/detroit/food-delivery/vegorama/qs10IAsLRqimUPSjD-ldZw,wayne-michigan
https://www.ubereats.com/detroit/food-delivery/hollywood-bar-and-grill/oZVbQuDPSIWVWAqOC4pWyg,wayne-michigan
https://www.ubereats.com/detroit/food-delivery/somoon-bowl-%26-sushi/rJXdpLN4RVKB-7zrfgmZcQ,wayne-michigan
https://www.ubereats.com/detroit/food-delivery/ihop-5946-n-sheldon-road/mZ85zsjIT1GnobA5s91jNg,wayne-michigan
https://www.ubereats.com/detroit/food-delivery/tim-hortons-41276-ford-rd/D4hO5Le1TSGQLlzrlMTPsw,wayne-michigan
https://www.ubereats.com/detroit/food-delivery/menchies-frozen-yogurt-29619-plymouth-rd/mv1qrosMR6OPU07zZN2ZmQ,wayne-michigan
https://www.ubereats.com/detroit/food-delivery/los-amigos-n-wayne/w3Uc2rM_SaOljxgeFiR2Qg,wayne-michigan
https://www.ubereats.com/detroit/food-delivery/gracies-pastaria/XZN4qTp4So-QN64_lJTGdQ,wayne-michigan
https://www.ubereats.com/detroit/food-delivery/subway-42476-cherry-hill-rd/ynwCSnM4QcSQhymt2ev3Yg,wayne-michigan
https://www.ubereats.com/detroit/food-delivery/dairy-queen-treat-3007-wayne-rd-s/ygOoQa7MTbWB2TRX9GfByw,wayne-michigan
https://www.ubereats.com/detroit/food-delivery/bds-mongolian-grill-canton/ajK0l9tuRhGZD2LvkDe8hw,wayne-michigan
https://www.ubereats.com/detroit/food-delivery/dunkin-41511-ford-rd/Fc2hgU5XRJ2unP2Y1K6JEQ,wayne-michigan
https://www.ubereats.com/detroit/food-delivery/taco-bell-2235-rawsonville-road/_geChOXRQ_StXoamzO_2sQ,wayne-michigan
https://www.ubereats.com/detroit/food-delivery/taco-bell-6925-n-wayne-rd/q35C4UUKSs2pJWkr4Qy7FA,wayne-michigan
https://www.ubereats.com/detroit/food-delivery/albasha-subs-ford-%26-john-daly/KD07JEb6R0CkRxT1plM_vQ,wayne-michigan
https://www.ubereats.com/detroit/food-delivery/mcdonalds-1675-s-wayne-rd/Fxu2d4Q-TD2xCfi7tPJkQQ,wayne-michigan
https://www.ubereats.com/detroit/food-delivery/bella-pizza/tI0MYOyYR0SWyS3nTdWxGw,wayne-michigan
https://www.ubereats.com/detroit/food-delivery/olgas-kitchen-eureka-rd/qjXaVwnRR72XwKY-WO8hdA,wayne-michigan
https://www.ubereats.com/detroit/food-delivery/steak-and-cheese-market/ukvfYCzvRj66XWo7oTxQvw,wayne-michigan
https://www.ubereats.com/detroit/food-delivery/beirut-by-night-restaurant/Q4kJBFcZQASNQzFsuhCHDw,wayne-michigan
https://www.ubereats.com/detroit/food-delivery/checkers-9247-middlebelt-road/qE4N-0DbS4uYnNzUjLD3qQ,wayne-michigan
https://www.ubereats.com/detroit/food-delivery/newburgh-grill/wFQ7Ifm1R72gtB2vPiVL_A,wayne-michigan
https://www.ubereats.com/detroit/food-delivery/the-custard-company/_UycxR2fTWCoPMiFdT8btg,wayne-michigan
https://www.ubereats.com/detroit/food-delivery/basement-burger-bar-42452-ford-rd/SRqxV0RqQ0OrN5W7iUJVng,wayne-michigan
https://www.ubereats.com/detroit/food-delivery/bar-louie-dearborn-mi/LIXkFLsrTq-FQ8ClFhIZSA,wayne-michigan
https://www.ubereats.com/detroit/food-delivery/livonia-breakfast-club/dJp78PqVTb2Q_gLgCLo4Ew,wayne-michigan
https://www.ubereats.com/detroit/food-delivery/arbys-2431-s-telegraph-rd/ATNbbvXqSFyUlTcC6l27jQ,wayne-michigan
https://www.ubereats.com/detroit/food-delivery/golden-corral-37101-warren-rd/onvx-wvOQaC6DdA-xjtEiw,wayne-michigan
https://www.ubereats.com/detroit/food-delivery/dennys-2033-rawsonville-road/mPKJnW2iQKqQpuPjYTtP6Q,wayne-michigan
https://www.ubereats.com/detroit/food-delivery/westland-family-diner/_LftpCqYSt6WhDwtxKA6Yw,wayne-michigan
https://www.ubereats.com/detroit/food-delivery/annas-house-newburgh-%26-warren/C_uROhhHQ422akC8uZea-Q,wayne-michigan
https://www.ubereats.com/detroit/food-delivery/honeybaked-ham-23143-eureka-rd/auvT-DxAT76FvIC1uNIGKw,wayne-michigan
https://www.ubereats.com/detroit/food-delivery/carlos-mexican-restaurant/4Zg2o0u0RTuNwbi4WszNiA,wayne-michigan
https://www.ubereats.com/detroit/food-delivery/taco-bell-44570-michigan-avenue/wRDC5jehQ8muCxIq8OxTUw,wayne-michigan
https://www.ubereats.com/detroit/food-delivery/arbys-10940-belleville-rd/4VRjC6C4TMu493JFqC26BA,wayne-michigan
https://www.ubereats.com/detroit/food-delivery/tropical-smoothie-cafe-west-ridge-shopping-center/5LqfhL6TTrOMJtoKCUTJGg,wayne-michigan
https://www.ubereats.com/detroit/food-delivery/shawarma-bash/gSr72PWlSzCKgvgq9unjzw,wayne-michigan
https://www.ubereats.com/detroit/food-delivery/tropical-smoothie-cafe-eureka-road/5TLMLUyEQfKyFrTm2eLtvQ,wayne-michigan
https://www.ubereats.com/detroit/food-delivery/frida-mexican-cuisine/B7H2IYDHQKmZKT144dQdoQ,wayne-michigan
https://www.ubereats.com/detroit/food-delivery/tim-hortons-150-plymouth-rd/4lQKRWxdTrGDBUX4HtnrgA,wayne-michigan
https://www.ubereats.com/detroit/food-delivery/taco-bell-21700-ecorse-rd/IWJLDKV_TsGwUXMuLmCSHg,wayne-michigan
https://www.ubereats.com/detroit/food-delivery/subway-40341-michigan-ave/WuPYhYZ5Q8CHvJCcdYgEpQ,wayne-michigan
https://www.ubereats.com/detroit/food-delivery/potbelly-sandwich-shop-canton-ford-lilley-dt-%7C-219/f_zBjtYMRm-N0DKJn-YlIA,wayne-michigan
https://www.ubereats.com/detroit/food-delivery/applebees-10526-belleville-road/COZf1bn0S2-OZNemqbCkdA,wayne-michigan
https://www.ubereats.com/detroit/food-delivery/china-lucky-star/oREK19grRqG3qu_lZZZPDQ,wayne-michigan
https://www.ubereats.com/detroit/food-delivery/gus-world-famous-fried-chicken-ford-rd/2mMrPzZRS129jLloZ_fBRA,wayne-michigan
https://www.ubereats.com/detroit/food-delivery/namaste-flavours-canton/1KK0NKZYSRC5gkkmrP8yVA,wayne-michigan
https://www.ubereats.com/detroit/food-delivery/tim-hortons-7205-north-telegraph/mV2PsohKQqelViEBu-kAEw,wayne-michigan
https://www.ubereats.com/detroit/food-delivery/oasis-mediterranean-cuisine-plymouth-rd/x9bptZr8SRG1x4rCWjy0kw,wayne-michigan
https://www.ubereats.com/detroit/food-delivery/qdoba-mexican-grill-36575-warren-rd/SR1raN1NTHqReHAR_RveLg,wayne-michigan
https://www.ubereats.com/detroit/food-delivery/sammys-pizza-canton/6Kza_BneSMW-1iIppEWRag,wayne-michigan
https://www.ubereats.com/detroit/food-delivery/senate-coney-island/aFU2MM54QaSzxHbTYnMMrA,wayne-michigan
https://www.ubereats.com/detroit/food-delivery/wendys-46110-michigan-avenue/vHDsFV1vSAmtXgy11-Wa8w,wayne-michigan
https://www.ubereats.com/detroit/food-delivery/big-boy-8210-merriman-rd/EB32fpaFSgm0Ul4yeQnQyA,wayne-michigan
https://www.ubereats.com/detroit/food-delivery/shish-factory/dvvHBb6_TVKGjnlcvJy6-w,wayne-michigan
https://www.ubereats.com/detroit/food-delivery/kekos-coney-island/c3f0PpwCRkKpd9Cy3K2NLQ,wayne-michigan
