url,city
https://www.ubereats.com/boston/food-delivery/mr-sushi/6Jpui5ohSmKwpie_YFxA8g,west-newton-massachusetts
https://www.ubereats.com/boston/food-delivery/luigis-italian-kitchen/HRTCIDjOSLeg2FtFjZC6aQ,west-newton-massachusetts
https://www.ubereats.com/boston/food-delivery/bgood-82-mall-rd/fjoSEmUDQyWEwlOSsVd-Ng,west-newton-massachusetts
https://www.ubereats.com/boston/food-delivery/starbucks-brighton-soldiers-field/j7IId3dYRM6Ctk5Bablilg,west-newton-massachusetts
https://www.ubereats.com/boston/food-delivery/newtonville-pizza/q6X41chiSSO-NUHBKN9GHw,west-newton-massachusetts
https://www.ubereats.com/boston/food-delivery/grapeleaf-a-meditterrean-grille/kIz5RraBT0-JAagCmsKLVg,west-newton-massachusetts
https://www.ubereats.com/boston/food-delivery/gerrys-italian-kitchen/HO4F_s4sQQ6egZNWHZihWw,west-newton-massachusetts
https://www.ubereats.com/boston/food-delivery/starbucks-needham-heights/aKoa-oo9Rs2Q0bYqExhF6A,west-newton-massachusetts
https://www.ubereats.com/boston/food-delivery/garlic-and-lemons/G_b-mcP0QM-XhgW83dmk8A,west-newton-massachusetts
https://www.ubereats.com/boston/food-delivery/west-newton-pizza-%26-grill/kGGCYh_xQ7-7zBp2XvbCoA,west-newton-massachusetts
https://www.ubereats.com/boston/food-delivery/martins-coffee-shop/LrY4up-TTQeESEYDwO5jqQ,west-newton-massachusetts
https://www.ubereats.com/boston/food-delivery/go-fish-sushi-watertown/el_PIthHTSm4H_ggtN9Yyw,west-newton-massachusetts
https://www.ubereats.com/boston/food-delivery/fratellos-pizzeria-and-shawarma/l7cf00-pTvi0g1I2p53Q7A,west-newton-massachusetts
https://www.ubereats.com/boston/food-delivery/flaming-pit/7ViWlDcnRCqT9qcqm7Yxug,west-newton-massachusetts
https://www.ubereats.com/boston/food-delivery/demos/dGJiV0KlTIenAr4EVQXnug,west-newton-massachusetts
https://www.ubereats.com/boston/food-delivery/bertuccis-framingham/FtP6iDlQQDCYaj1H0_aoSQ,west-newton-massachusetts
https://www.ubereats.com/boston/food-delivery/express-gourmet/sJ5eFaA6QgCWeDg9IgWk0g,west-newton-massachusetts
https://www.ubereats.com/boston/food-delivery/chipotle-mexican-grill-1110-lexington-st/McE_aRxZSi6yxBekQy4j-g,west-newton-massachusetts
https://www.ubereats.com/boston/food-delivery/gyro-city/bxXrEdwIS8yIIJ7_tHnqLA,west-newton-massachusetts
https://www.ubereats.com/boston/food-delivery/tempura-king/CurVbD-pR8eh_2U3eYMWWQ,west-newton-massachusetts
https://www.ubereats.com/boston/food-delivery/kabab-and-tandoor/Q_h27o95TgmAmsNw0xapmg,west-newton-massachusetts
https://www.ubereats.com/boston/food-delivery/singhs-cafe/EtA78ZSeTYyyaLv9gy2RHw,west-newton-massachusetts
https://www.ubereats.com/boston/food-delivery/crazydough-pizza/hTMZxWOeRWqM-QT3CtYdEQ,west-newton-massachusetts
https://www.ubereats.com/boston/food-delivery/the-ninja-burger-factory/sD3nnj1tTC2aCSWescmJQQ,west-newton-massachusetts
https://www.ubereats.com/boston/food-delivery/citra-a-fresh-cafe-boylston/ja4Dv4kiQDioP3mSR2y9jA,west-newton-massachusetts
https://www.ubereats.com/boston/food-delivery/mcdonalds-kenmore-sq/XA99vXEWS7qNPuRLhEnp0Q,west-newton-massachusetts
https://www.ubereats.com/boston/food-delivery/moes-831-main-street/54C7Y6UiT6WsJqUEsZxr3g,west-newton-massachusetts
https://www.ubereats.com/boston/food-delivery/angelinas-pizzeria/xNm96dFdTfSupccgjwS1RA,west-newton-massachusetts
https://www.ubereats.com/boston/food-delivery/xi%E2%80%98an-rougamo-%E5%A7%91%E5%A8%98%E6%89%8B%E8%A5%BF%E5%AE%89%E8%82%89%E5%A4%B9%E9%A6%8D%E4%B8%89%E5%BA%97cambridgema/q7-g4De-T-Ck16hC1XPJag,west-newton-massachusetts
https://www.ubereats.com/boston/food-delivery/brickhouse-cafe-dedham/QVMj7qiSSNq1YqVfyv3o5w,west-newton-massachusetts
https://www.ubereats.com/boston/food-delivery/hoshi-ya-sushi/HgTqv5UjQ4ao7_v7u3WdFA,west-newton-massachusetts
https://www.ubereats.com/boston/food-delivery/dunkin-117-w-central-st-unit-a/iMofRn4tSNeZZ7Q7hdLFzA,west-newton-massachusetts
https://www.ubereats.com/boston/food-delivery/los-pinos-mexican-grill-iv/MaYNCDFUSuSS1wDfiLFMtQ,west-newton-massachusetts
https://www.ubereats.com/boston/food-delivery/k-town-chicken/XZi2EDdxRuSlt6mWFS00AQ,west-newton-massachusetts
https://www.ubereats.com/boston/food-delivery/dunkin-209-n-harvard-st/1bS8vHB7Sa201Mlh_Xgbvg,west-newton-massachusetts
https://www.ubereats.com/boston/food-delivery/ny-pie/VmAZKhxjQMiknMjh6nyizw,west-newton-massachusetts
https://www.ubereats.com/boston/food-delivery/prelude-bakery/Py08F0N8QqynzJAmygQyLA,west-newton-massachusetts
https://www.ubereats.com/boston/food-delivery/dunkin-915-waltham-st-shell-oil/HhISaL41Sp-U1xeI0QXdpA,west-newton-massachusetts
https://www.ubereats.com/boston/food-delivery/twelve-hours/ngJAxCLFS5uoIaIqxPCRyg,west-newton-massachusetts
https://www.ubereats.com/boston/food-delivery/gyro-and-kebab-house-needham/95bKAW-YRJ23SH3TGbJHpg,west-newton-massachusetts
https://www.ubereats.com/boston/food-delivery/dunkin-353-trapelo-rd/FTt_sBRhT-ytY1hsPIQGBw,west-newton-massachusetts
https://www.ubereats.com/boston/food-delivery/union-street-restaurant-and-bar/FPOmMFbyQw6nKvEDulQ0cA,west-newton-massachusetts
https://www.ubereats.com/boston/food-delivery/school-street-sweets-waltham/qjZjOe02T6q7m1Hp9SvuLA,west-newton-massachusetts
https://www.ubereats.com/boston/food-delivery/uno-pizzeria-%26-grill-%23203/rRkVa7yMQyeTN4fgYRVqpw,west-newton-massachusetts
https://www.ubereats.com/boston/food-delivery/anatolia-buffet-kebab-house/6OfGIP-bTGCJAoyh0fSBog,west-newton-massachusetts
https://www.ubereats.com/boston/food-delivery/lees-burger-place/pKbJHtIQTlmSi4FDcqlDhQ,west-newton-massachusetts
https://www.ubereats.com/boston/food-delivery/dunkin-350-pleasant-st/cwAFgi7ZQi2UIqIXp1kM3A,west-newton-massachusetts
https://www.ubereats.com/boston/food-delivery/dates-and-olives/FbEfpItSTRy4pVXVd6PrkQ,west-newton-massachusetts
https://www.ubereats.com/boston/food-delivery/hey!-bread-bakery/HvJ1ca3jRjWDRzKKVu1yCg,west-newton-massachusetts
https://www.ubereats.com/boston/food-delivery/union-square-donuts-409-harvard-st/W8VyufZtRyWfvDbuxRPN6A,west-newton-massachusetts
https://www.ubereats.com/boston/food-delivery/shiraz-persian-cuisine/DOSHlGfTR728BecxElHn5w,west-newton-massachusetts
https://www.ubereats.com/boston/food-delivery/dunkin-1203-highland-ave/8nQYwczFRu6k5hEmf-_jKg,west-newton-massachusetts
https://www.ubereats.com/boston/food-delivery/avenue-delicatessen/ffUHlThYTd2e1H30N8DRHA,west-newton-massachusetts
https://www.ubereats.com/boston/food-delivery/starbucks-allston-continuum/LDN9fGNPTU-mOsbRKX9eyA,west-newton-massachusetts
https://www.ubereats.com/boston/food-delivery/pho-and-thai/Z50wQfu5RAC7LmecUcFOEg,west-newton-massachusetts
https://www.ubereats.com/boston/food-delivery/pavement-coffee-house-parent/VSYmNbLiRUmGD62vIQPYkA,west-newton-massachusetts
https://www.ubereats.com/boston/food-delivery/aztec-restaurant/H2rZSyQBQjCaEjgQUyHdgw,west-newton-massachusetts
https://www.ubereats.com/boston/food-delivery/vaisakhi-indian-kitchen/YQRAGedVTceuJVzZQYnCFw,west-newton-massachusetts
https://www.ubereats.com/boston/food-delivery/bbq-chicken-boston-ma/F6g7nQDPRsylN8ymykWWRg,west-newton-massachusetts
https://www.ubereats.com/boston/food-delivery/ruths-chris-steak-house-500-totten-pond-rd/MhTkUWo7R-GKDjFNqbURcA,west-newton-massachusetts
https://www.ubereats.com/boston/food-delivery/starbucks-newton-upper-falls/8hWmD4m4SwCm2saHuXak2g,west-newton-massachusetts
https://www.ubereats.com/boston/food-delivery/ixtapa-mexican-grill-%26-cantina/34naPsiSRSifG3Iee98Iew,west-newton-massachusetts
https://www.ubereats.com/boston/food-delivery/south-of-the-clouds/rZ4pjldXSrmoXMA5p4cvEA,west-newton-massachusetts
https://www.ubereats.com/boston/food-delivery/spikes-junkyard-dogs/5nUX10FjTO6C7okzo00OOg,west-newton-massachusetts
https://www.ubereats.com/boston/food-delivery/dunkin-2096-commonwealth-ave/f90-uf8tSKGEh090g21pqg,west-newton-massachusetts
https://www.ubereats.com/boston/food-delivery/china-rose-llc/-GUleVcrQEio5cOzhu_MKQ,west-newton-massachusetts
https://www.ubereats.com/boston/food-delivery/great-harvest-bread-co/RMEZ_OkKTO-Z5srQuMvmVA,west-newton-massachusetts
https://www.ubereats.com/boston/food-delivery/bon-me-alewife/klQ3DiyVQAOBJEK92OZTwQ,west-newton-massachusetts
https://www.ubereats.com/boston/food-delivery/alexs-kitchen/ZP1pWLrmTaGE9jW6Lkh45w,west-newton-massachusetts
https://www.ubereats.com/boston/food-delivery/dangelo-grilled-sandwiches-49-river-st/EvKfW7AsTu2CibPgmCfQ5A,west-newton-massachusetts
https://www.ubereats.com/boston/food-delivery/dunkin-876a-lexington-st/Mrkv036uRLOgKjwWLys6IQ,west-newton-massachusetts
https://www.ubereats.com/boston/food-delivery/the-diner-at-11-north-beacon/ELXG7XEvQhOHTn-FCCXIjg,west-newton-massachusetts
https://www.ubereats.com/boston/food-delivery/mediterranean-grill/NlaetDGqSoOoaFYOmTAvkQ,west-newton-massachusetts
https://www.ubereats.com/boston/food-delivery/daniels-bakery/z92_GJIZQV6WGUOtL5nTUw,west-newton-massachusetts
https://www.ubereats.com/boston/food-delivery/scola-la-pasta/JDrVFB8MREG38uA9RbBtbg,west-newton-massachusetts
https://www.ubereats.com/boston/food-delivery/dunkin-130-lexington-st/k8aAKRDvRCmAnnWNBQmbxg,west-newton-massachusetts
https://www.ubereats.com/boston/food-delivery/gunpowder-cafe/siSeIYaqQt6d_B3cxSnbpw,west-newton-massachusetts
https://www.ubereats.com/boston/food-delivery/dunkin-210-harvard-ave/umurtGSKR3yOCbDD87QcyA,west-newton-massachusetts
https://www.ubereats.com/boston/food-delivery/papa-johns-pizza-brighton/d6l2CUpERU6Y4xRSUkXPIg,west-newton-massachusetts
https://www.ubereats.com/boston/food-delivery/new-york-deli-pizzeria/vhxw0e6NTdWw1k4oEv9d8Q,west-newton-massachusetts
https://www.ubereats.com/boston/food-delivery/chateau-restaurant-%E2%80%93-waltham/Tsfe-6xYSeWoiOA38FJKeg,west-newton-massachusetts
https://www.ubereats.com/boston/food-delivery/jalapeno-appetizers/ot6-CY15QhWr6ReFMhO5ig,west-newton-massachusetts
https://www.ubereats.com/boston/food-delivery/wild-over-wings-watertown/4yb4H0y7QkeDEIdrygXOeA,west-newton-massachusetts
https://www.ubereats.com/boston/food-delivery/annas-pizza-house/Tz0M9V1TQ7a4FAY922fwuA,west-newton-massachusetts
https://www.ubereats.com/boston/food-delivery/sol-azteca/BB9nr0RURUWmNqDDukBTPQ,west-newton-massachusetts
https://www.ubereats.com/boston/food-delivery/oddfellows-ice-cream-co-chestnut-hill/yRLdWdmlSP6dKupGrtVoKA,west-newton-massachusetts
https://www.ubereats.com/boston/food-delivery/blackbird-cafe/5zRXvwWPT16NqpO-6ZChYw,west-newton-massachusetts
https://www.ubereats.com/boston/food-delivery/judiths-kitchen/Eywy886USceiwL3oDjcAqQ,west-newton-massachusetts
https://www.ubereats.com/boston/food-delivery/hearty-teriyaki/oXwX9WilQgCF0p0ScoUeYw,west-newton-massachusetts
https://www.ubereats.com/boston/food-delivery/solea-restaurant-%26-tapas-bar/gKD34TbuQ52NxsErBWAedA,west-newton-massachusetts
https://www.ubereats.com/boston/food-delivery/azama-grill/LOW2KnyoSeOuLVNz_eHKmw,west-newton-massachusetts
https://www.ubereats.com/boston/food-delivery/cafe-landwer-chestnut-hill/4femTSetT_KfiarwzAsHEg,west-newton-massachusetts
https://www.ubereats.com/boston/food-delivery/sweetgreen-chestnut-hill/0vptgmoaTWyvIc4CsGms7Q,west-newton-massachusetts
https://www.ubereats.com/boston/food-delivery/punjab-indian-restaurant/cQLDxp3GT4OO7xZlJeWCfw,west-newton-massachusetts
https://www.ubereats.com/boston/food-delivery/crazy-pasta-kitchen/eOJlCl7ASrKRBqtM7rauKw,west-newton-massachusetts
https://www.ubereats.com/boston/food-delivery/house-of-tandoor/6P2MDJP-Tt2TS2FFCOMaRQ,west-newton-massachusetts
https://www.ubereats.com/boston/food-delivery/bgood-55-needham-st/MDYguCleSn6fcei3CXG6UA,west-newton-massachusetts
https://www.ubereats.com/boston/food-delivery/taqueria-mexico/K0g_xQnVR5ehZiQFU13Ysg,west-newton-massachusetts
https://www.ubereats.com/boston/food-delivery/ramis/UjZPzzdJTUSmFdsEMl71Ww,west-newton-massachusetts
https://www.ubereats.com/boston/food-delivery/annas-taqueria-newton-highlands/aszEUYLqTZqOC1-nlMt-vg,west-newton-massachusetts
https://www.ubereats.com/boston/food-delivery/chipotle-mexican-grill-300-needham-st/UMkkS9JNSJiGBoSGee6-UA,west-newton-massachusetts
https://www.ubereats.com/boston/food-delivery/bertuccis-waltham/et_OpwiZRKqQjcTt1paLIg,west-newton-massachusetts
https://www.ubereats.com/boston/food-delivery/olitoki/nzHWaePZRkaNRGDGjF2Obg,west-newton-massachusetts
https://www.ubereats.com/boston/food-delivery/city-works-eatery-and-pour-house-watertown/tEMBItYhRAWE2VcmWG_bug,west-newton-massachusetts
https://www.ubereats.com/boston/food-delivery/veggie-crust/H3ez1Vz9Ti62XAifutDxKg,west-newton-massachusetts
https://www.ubereats.com/boston/food-delivery/subway-90-b-river-st/F_TTozg5RFCJNcMDl1I4PA,west-newton-massachusetts
https://www.ubereats.com/boston/food-delivery/salem-food-market/pX3Fi_woRcaPfvpV55k-xw,west-newton-massachusetts
https://www.ubereats.com/boston/food-delivery/dunkin-591-moody-st-7-eleven/jvT9hdkRTFONdmG2BSxoPw,west-newton-massachusetts
https://www.ubereats.com/boston/food-delivery/coach-grill/f5wOdUfCTYKnwT7O3JYJ-w,west-newton-massachusetts
https://www.ubereats.com/boston/food-delivery/kfc-tb-149-cochituate-rd/GOd9HY4oS8KQdmUJXTpOAg,west-newton-massachusetts
https://www.ubereats.com/boston/food-delivery/kupels-bakery/TBFssueKTnWaHqwvdpdSCw,west-newton-massachusetts
https://www.ubereats.com/boston/food-delivery/panera-1030-main-street/fWiLB4WGQYqWmphZoM8wSA,west-newton-massachusetts
https://www.ubereats.com/boston/food-delivery/andaman-thai-cuisine/pCvAN5wcSkukCDKpR-Mj7g,west-newton-massachusetts
https://www.ubereats.com/boston/food-delivery/a%40time/Z06OLXrJSNSnppi7bGwe5w,west-newton-massachusetts
https://www.ubereats.com/boston/food-delivery/subway-869-871-main-st/V1wsiC3cRtSNIqsSdSd9KQ,west-newton-massachusetts
https://www.ubereats.com/boston/food-delivery/craft-food-hall-project/umARazsLTuqMT6IkjyLF9w,west-newton-massachusetts
https://www.ubereats.com/boston/food-delivery/qdoba-185-linden-st/iHiYEzBrRDCQwHecOzn8Cw,west-newton-massachusetts
https://www.ubereats.com/boston/food-delivery/dunkin-50-east-central-st/EE768FztQ6agyeqPHjxe1Q,west-newton-massachusetts
https://www.ubereats.com/boston/food-delivery/sandwich-works/Yu9X6QYsRdGH0CDq9XvQUg,west-newton-massachusetts
https://www.ubereats.com/boston/food-delivery/biryani-pot-framingham/RYrR_EiBTvyo3Zx8Bv_dZQ,west-newton-massachusetts
https://www.ubereats.com/boston/food-delivery/shaking-express/54Q5h99QRjW77UJoSHDc9w,west-newton-massachusetts
https://www.ubereats.com/boston/food-delivery/gyu-kaku-japanese-bbq-harvard-square/KLE_PyB9T62xR3mRzYy0FQ,west-newton-massachusetts
https://www.ubereats.com/boston/food-delivery/bottega-fiorentina/smqTnv7GQROhLCr4Xqo8bw,west-newton-massachusetts
https://www.ubereats.com/boston/food-delivery/myungdong/7yA1RJ8HR_e57KPF4E580g,west-newton-massachusetts
https://www.ubereats.com/boston/food-delivery/dunkin-598-washington-st/NVtaAMQ3SByDus32PCNjcg,west-newton-massachusetts
https://www.ubereats.com/boston/food-delivery/lisas-family-restaurant/Tgba3uYhSpWVtNwixH74eQ,west-newton-massachusetts
https://www.ubereats.com/boston/food-delivery/zaftigs-delicatessen-natick/LRcla9ZhQvKQwyIWzx2Rig,west-newton-massachusetts
https://www.ubereats.com/boston/food-delivery/paris-creperie/IMBHA9-eS3Wgoq8-n_sR1w,west-newton-massachusetts
https://www.ubereats.com/boston/food-delivery/soup-shack/fIF4cFAiTlCPBh9YGh_Pew,west-newton-massachusetts
https://www.ubereats.com/boston/food-delivery/fiorellas-express-belmont/7JbqTxnETSeks0ikoRyMvQ,west-newton-massachusetts
https://www.ubereats.com/boston/food-delivery/spice-delight/Aq8B1kgKS0CH5cusQhpPMg,west-newton-massachusetts
https://www.ubereats.com/boston/food-delivery/kung-fu-tea-waltham/mQ60WV_9SlOdParNFvp11A,west-newton-massachusetts
https://www.ubereats.com/boston/food-delivery/jumbo-seafood-restaurant/CzJvLWw1QxKSx2VEWxYduw,west-newton-massachusetts
https://www.ubereats.com/boston/food-delivery/qing-asian-fusion/jdUNfHkGQBWtACnr4VtICg,west-newton-massachusetts
https://www.ubereats.com/boston/food-delivery/jake-n-joes-sports-grille-waltham/3CJWkHA7S1ewvA88g89AgA,west-newton-massachusetts
https://www.ubereats.com/boston/food-delivery/cafe-sol-azteca/YAf-QX79R6iqa3eleL4Fsg,west-newton-massachusetts
https://www.ubereats.com/boston/food-delivery/city-streets-restaurant/m4JtPnsCSKiKiIs6V2f5FQ,west-newton-massachusetts
https://www.ubereats.com/boston/food-delivery/ixtapa-mexican-restaurant-%26-cantina/ihguRc2FSxCq_9cIYaboXA,west-newton-massachusetts
https://www.ubereats.com/boston/food-delivery/wing-squad-needham/5DjDyPFEToycFgyCieReJg,west-newton-massachusetts
https://www.ubereats.com/boston/food-delivery/sushi-momento-restaurant/KWIGgVCrRh6ZdeKtwDrJbA,west-newton-massachusetts
https://www.ubereats.com/boston/food-delivery/smashburger-1298-worcester-st/Z7A8e1RvRbmt7MUq-TOHvA,west-newton-massachusetts
https://www.ubereats.com/boston/food-delivery/wing-squad-waltham/xlePgBvLTXCW0-WQxgYVzw,west-newton-massachusetts
https://www.ubereats.com/boston/food-delivery/dunkin-88-boston-post-rd-mobil-gas-station/-ts9ObTwQdqz2_mOEnCKBQ,west-newton-massachusetts
https://www.ubereats.com/boston/food-delivery/dragon-chef/fn5YgEnJQxC1CRVX64fLXQ,west-newton-massachusetts
https://www.ubereats.com/boston/food-delivery/savinos-grill449-common-st/m3H5yjkhT_u6o7wqfnqH2g,west-newton-massachusetts
https://www.ubereats.com/boston/food-delivery/first-bite/N8XPntiCT9CFbQYLxgzNCg,west-newton-massachusetts
https://www.ubereats.com/boston/food-delivery/kamiza-chicken-house/TnxcRKMQRkynfuBCcbsAvw,west-newton-massachusetts
https://www.ubereats.com/boston/food-delivery/yassou/cDN_9_KaSmujGiMcEq39Vw,west-newton-massachusetts
https://www.ubereats.com/boston/food-delivery/spoodles-soup-factory/JzyD4PloQjal2Sb880hpsw,west-newton-massachusetts
https://www.ubereats.com/boston/food-delivery/minuteman-diner/2xiiawhcQNqBBWkI5IVTrg,west-newton-massachusetts
https://www.ubereats.com/boston/food-delivery/dolce-vita-cafe/vwVYugdZTY2Tdwflj0Xvsw,west-newton-massachusetts
https://www.ubereats.com/boston/food-delivery/cooks-window-pizza/Z7Cync4ETrKjuN5okvLhuA,west-newton-massachusetts
https://www.ubereats.com/boston/food-delivery/mango-thai/USH6BR4ETQ6CX5NiIlS6zQ,west-newton-massachusetts
https://www.ubereats.com/boston/food-delivery/yamato-japanese-cuisine/LRAYha5OSvCAozZMefXbMg,west-newton-massachusetts
https://www.ubereats.com/boston/food-delivery/shines-fresh-asian-%E4%B9%A1%E5%8E%A8%E9%B2%9C/QxooZHDGQQKb-TZoegafEw,west-newton-massachusetts
https://www.ubereats.com/boston/food-delivery/el-centro-belmont/KeXzI0bOT1iWM096sOKwNQ,west-newton-massachusetts
https://www.ubereats.com/boston/food-delivery/wendys-806-main-street/vGgnEzykQPCJNfjwQUvbMg,west-newton-massachusetts
https://www.ubereats.com/boston/food-delivery/shaking-crab-newton/YWNHgiCsR72RX9cVPBEbQw,west-newton-massachusetts
https://www.ubereats.com/boston/food-delivery/pho-and-spice/KFTN1M5-SrqbG1qM6ysiHg,west-newton-massachusetts
https://www.ubereats.com/boston/food-delivery/dunkin-915-high-st/zSsWsV8ZRHu4BMsnzO8FgQ,west-newton-massachusetts
https://www.ubereats.com/boston/food-delivery/margaritas-mexican-restaurant-framingham/32Mgg_roTy69Q89j55NEXQ,west-newton-massachusetts
https://www.ubereats.com/boston/food-delivery/india-kitchen/M3K6s1yWTyO-LVwZMZbf_A,west-newton-massachusetts
https://www.ubereats.com/boston/food-delivery/chateau-restaurant-%E2%80%93-burlington/hAgifuTfQWeCO2ytV7HsGA,west-newton-massachusetts
https://www.ubereats.com/boston/food-delivery/correas-alimental-system/OOqY4QsES6qW5FKBf-MAVA,west-newton-massachusetts
https://www.ubereats.com/boston/food-delivery/wu-er-by-wow-barbecue/Ur3L78leQQ2NiZ9yhk6QoQ,west-newton-massachusetts
https://www.ubereats.com/boston/food-delivery/kfc-5318-washington-st/P7OtBEvWSUyNsZ4vpn-v0g,west-newton-massachusetts
https://www.ubereats.com/boston/food-delivery/pizza-peddler-deli/AEhwVX96TAGcnazBwaLkKQ,west-newton-massachusetts
https://www.ubereats.com/boston/food-delivery/ginger-exchange-watertown/QPXt054PQni1U72UPdLLPQ,west-newton-massachusetts
https://www.ubereats.com/boston/food-delivery/cityside-wing-king/Wy13SsvmQZKePpe1Ct9fNg,west-newton-massachusetts
https://www.ubereats.com/boston/food-delivery/wok-n-talk-brighton/iBWEV8HzS-KnJKHduij7vA,west-newton-massachusetts
https://www.ubereats.com/boston/food-delivery/dunkin-179-brighton-ave/7-nh1aklQGSkHy1RK0RJVQ,west-newton-massachusetts
https://www.ubereats.com/boston/food-delivery/antojitos-cafe/X1g8Fg_uTz23e1unm6lZbQ,west-newton-massachusetts
https://www.ubereats.com/boston/food-delivery/cookyez/An12m0hARUiibZMy0HvH1Q,west-newton-massachusetts
https://www.ubereats.com/boston/food-delivery/delicious-yogurt/04bgGg8QRxuvrtjfI5bg0w,west-newton-massachusetts
https://www.ubereats.com/boston/food-delivery/pho-1-brighton/toGuoUhQSKGFTm5GcjoQtA,west-newton-massachusetts
https://www.ubereats.com/boston/food-delivery/starbucks-waltham-market-place-drive/Y5Y4Q18jSWWxOPBxu2zCDQ,west-newton-massachusetts
https://www.ubereats.com/boston/food-delivery/boston-crust-oak-square/6lQPhVtAS_ywMP5TJ5elpQ,west-newton-massachusetts
https://www.ubereats.com/boston/food-delivery/subway-419-washington-st/lWf1LeXNTTSSSy_RcnsoaQ,west-newton-massachusetts
https://www.ubereats.com/boston/food-delivery/zaftigs-delicatessen-brookline/GvTVT_VtQjCzGjUclmmO0Q,west-newton-massachusetts
https://www.ubereats.com/boston/food-delivery/fordees-falafel-%26-deli/xt3gn0lpR-WtuQo4ueaCTA,west-newton-massachusetts
https://www.ubereats.com/boston/food-delivery/bab-korean-bistro/5wW_vj5eR9azCG45m9lymg,west-newton-massachusetts
https://www.ubereats.com/boston/food-delivery/marinos-market-%26-deli/HCX3EO5BRm65eW49EKfL_w,west-newton-massachusetts
https://www.ubereats.com/boston/food-delivery/miranda-bread-framingham/XLfmOFk-SOCRkPTmG6QY-w,west-newton-massachusetts
https://www.ubereats.com/boston/food-delivery/dunkin-430-franklin-st/BOfA6cVAQymL4GJ_IEio4Q,west-newton-massachusetts
https://www.ubereats.com/boston/food-delivery/kefis-kitchen-and-coffee/hizWG5A7QTiQtFUaSTHApw,west-newton-massachusetts
https://www.ubereats.com/boston/food-delivery/dunkin-53-linden-st/ZpQa0YcwSxWD3DHfeqpwOA,west-newton-massachusetts
https://www.ubereats.com/boston/food-delivery/royaltea-brookline/3x1Eas3sTBapPVLOe2_y4Q,west-newton-massachusetts
https://www.ubereats.com/boston/food-delivery/alta-strada-wellesley-ma/ZmlMtJpfSLGLMCJTqw-tHQ,west-newton-massachusetts
https://www.ubereats.com/boston/food-delivery/the-ice-cream-shop/Fzfv6PO2Snm9KnZAxt6X9Q,west-newton-massachusetts
https://www.ubereats.com/boston/food-delivery/vivi-bubble-tea-brighton/GFwrFDFGRgOsOC91CH2eGA,west-newton-massachusetts
https://www.ubereats.com/boston/food-delivery/pho-o-sha-thai-vietnamese-restaurant/_Ydz8HgzSwiS--2iRa1ciQ,west-newton-massachusetts
https://www.ubereats.com/boston/food-delivery/new-ginza/Kv07d_WPT_is-y2FK_3_yA,west-newton-massachusetts
https://www.ubereats.com/boston/food-delivery/dunkin-52-church-st/jRcBHGBLTZuICZnboW-enA,west-newton-massachusetts
https://www.ubereats.com/boston/food-delivery/joe-sent-me-waltham/UIppC06jQcWKjvllEm4uwQ,west-newton-massachusetts
https://www.ubereats.com/boston/food-delivery/farmacy-newton/cLjx1J97RwKRXEMqmEtl_g,west-newton-massachusetts
https://www.ubereats.com/boston/food-delivery/rosenfeld-bagel-company/5jiqWLGOTiu-szXOV0kDEA,west-newton-massachusetts
https://www.ubereats.com/boston/food-delivery/jmp-fine-indian-cuisine/E4dSQkgoSneqc0dhJtyKUQ,west-newton-massachusetts
https://www.ubereats.com/boston/food-delivery/zhu-pan-asian-vegan-cuisine/t1lcZm1YQ6aupJ_WMyyL8w,west-newton-massachusetts
https://www.ubereats.com/boston/food-delivery/cityside-burger-co/2VV_Y1-SSI-LdejrSiC9Ng,west-newton-massachusetts
https://www.ubereats.com/boston/food-delivery/roots-to-rise-third-ave/BpP9w_QBQ7m3mphMtL4chg,west-newton-massachusetts
https://www.ubereats.com/boston/food-delivery/avenue-deli/pZ1wxUagRTiGIRRS6Cy-Wg,west-newton-massachusetts
https://www.ubereats.com/boston/food-delivery/jacks-abby-brewing/MnKHP7cATi6brV0GIoD_Nw,west-newton-massachusetts
https://www.ubereats.com/boston/food-delivery/el-pelon-taqueria-commonwealth/ue7t_NiGShCBFbYAsvuMgQ,west-newton-massachusetts
https://www.ubereats.com/boston/food-delivery/tous-les-jours-natick/MEtJ4MVzRjWCiKDbFT7I_A,west-newton-massachusetts
https://www.ubereats.com/boston/food-delivery/true-foods-asian-inspired-bowls-watertown/gd5IL6MzQsqS5ov9nYvmbg,west-newton-massachusetts
https://www.ubereats.com/boston/food-delivery/the-breakfast-club/lzG7XzPdQmuBDkX7UP01OA,west-newton-massachusetts
https://www.ubereats.com/boston/food-delivery/molana-restaurant/DQeyWNZ3Sh6lyfc1fStqUg,west-newton-massachusetts
https://www.ubereats.com/boston/food-delivery/the-common-cafe-and-kitchen/uEmT6zaHSp2ay6XDG5D8mA,west-newton-massachusetts
https://www.ubereats.com/boston/food-delivery/rays-new-garden/nqTdgBNhTCmR7FNn7luiPg,west-newton-massachusetts
https://www.ubereats.com/boston/food-delivery/landana-grill/Rq6uVB3pR3q3aQoT7QHaGg,west-newton-massachusetts
https://www.ubereats.com/boston/food-delivery/gregs-restaurant/SQPnataqSreYtGg47GJFHg,west-newton-massachusetts
https://www.ubereats.com/boston/food-delivery/josephs-two-restaurant/cM-sdQ_mQtiXSZQFA-VXBw,west-newton-massachusetts
https://www.ubereats.com/boston/food-delivery/annie-mays-sweet-cafe/l4_8nuD_RG25dicBnqiIVA,west-newton-massachusetts
https://www.ubereats.com/boston/food-delivery/nekos-of-new-york/6lfAYArRRpCHQgcR3gkcpg,west-newton-massachusetts
https://www.ubereats.com/boston/food-delivery/mcdonalds-egleston-sq/vi26ur9lRhqmIyyI3dGRuQ,west-newton-massachusetts
https://www.ubereats.com/boston/food-delivery/las-palmas-restaurant/JPHCczXOQ_iL8oxjpiFTjQ,west-newton-massachusetts
https://www.ubereats.com/boston/food-delivery/baramor/HV5AxceBT0ml8opuN4Sh-A,west-newton-massachusetts
https://www.ubereats.com/boston/food-delivery/stacys-juicebar/0ShwGdtcRqeVhzBzQSk-5w,west-newton-massachusetts
https://www.ubereats.com/boston/food-delivery/hungry-coyote/2cwcQ9_8TX6_IIN2wxOwxg,west-newton-massachusetts
https://www.ubereats.com/boston/food-delivery/mcdonalds-789-main-st/vHXvqoUOTDqVPs5gjhk0UQ,west-newton-massachusetts
https://www.ubereats.com/boston/food-delivery/sichuan-cuisine/byanZkAvS4-jixBCOj9v_Q,west-newton-massachusetts
https://www.ubereats.com/boston/food-delivery/kouzina-estiatorio/QP5b-TICR6e3-hXLYz1uJw,west-newton-massachusetts
https://www.ubereats.com/boston/food-delivery/misono-grill/5ji2GnJ4Rjy6fFDeCw-TgQ,west-newton-massachusetts
https://www.ubereats.com/boston/food-delivery/newton-pizza-house/voIw5HvURkq1TAa_xaqAuQ,west-newton-massachusetts
https://www.ubereats.com/boston/food-delivery/brown-sugar-cafe/GJbImlzYTh2DVWvzAUSpjw,west-newton-massachusetts
https://www.ubereats.com/boston/food-delivery/dunkin-635-mount-auburn-st/u-MDM-kGS1-pMOut6znMDQ,west-newton-massachusetts
https://www.ubereats.com/boston/food-delivery/mels-commonwealth-cafe/LveNYTNQQtOh5iJQtjnsrw,west-newton-massachusetts
https://www.ubereats.com/boston/food-delivery/tampopo/qU6bsCvTTkuQmcwT6UMfmQ,west-newton-massachusetts
https://www.ubereats.com/boston/food-delivery/starbucks-newton-corner/pL6cC8SySPqIqL5NYXs_HQ,west-newton-massachusetts
https://www.ubereats.com/boston/food-delivery/teresa-market/J7qi0AtBTyCsJuhE3KwUBA,west-newton-massachusetts
https://www.ubereats.com/boston/food-delivery/toast-office-westwood/sci12XXMR5e8KW1sH54Hqg,west-newton-massachusetts
https://www.ubereats.com/boston/food-delivery/oliveiras-express-brighton/WBX1NHLMSSaxsydEBmQyqg,west-newton-massachusetts
https://www.ubereats.com/boston/food-delivery/bits-%26-bites-cafe/aVbyMiEQSL-1jcPijdntTw,west-newton-massachusetts
https://www.ubereats.com/boston/food-delivery/jana-grill-and-bakery/_LOhTNkNRCKjG3e_RQq4cQ,west-newton-massachusetts
https://www.ubereats.com/boston/food-delivery/ledu-thai-eatery/G50odeGIRb24fU_NK37tNQ,west-newton-massachusetts
https://www.ubereats.com/boston/food-delivery/the-biltmore-bar-%26-grille/EFwNu0guTa-R3z6_RH3ShQ,west-newton-massachusetts
https://www.ubereats.com/boston/food-delivery/fruity/R6O6rdv6RFSybVR3X2Uuuw,west-newton-massachusetts
https://www.ubereats.com/boston/food-delivery/bertuccis-lexington/_g27jstRQDq5JIgfeW993A,west-newton-massachusetts
https://www.ubereats.com/boston/food-delivery/dunkin-49-mount-auburn-st/BXK-8EvxQl6B5ZpBWRlOUQ,west-newton-massachusetts
https://www.ubereats.com/boston/food-delivery/tango-mango/cB0VUeOQSrGanYr9S-J77w,west-newton-massachusetts
https://www.ubereats.com/boston/food-delivery/finagle-a-bagel-auburndale/somVCDMFRyae9L-mCdfW_Q,west-newton-massachusetts
https://www.ubereats.com/boston/food-delivery/guanachapis-bar-and-grill/eCY3xM9WT7qRjl_LuwXl0A,west-newton-massachusetts
https://www.ubereats.com/boston/food-delivery/pinis-pizzeria/8fxBPJgbS8y_TEBHvQCpBA,west-newton-massachusetts
https://www.ubereats.com/boston/food-delivery/bertuccis-newton/TY41M7cCQa6Nq-k5oFY4WA,west-newton-massachusetts
https://www.ubereats.com/boston/food-delivery/ole-mexican-grill/0nWHYfeYQSivqIXDrYluhw,west-newton-massachusetts
https://www.ubereats.com/boston/food-delivery/starbucks-south-brookline/J7fp41gwSYiYtueOaxJnJA,west-newton-massachusetts
https://www.ubereats.com/boston/food-delivery/the-prime-deli/hknNmR1vSeWUcHIQLCiU3A,west-newton-massachusetts
https://www.ubereats.com/boston/food-delivery/bertuccis-needham/Id5jKp4IS0-tQ7rFiKZKCQ,west-newton-massachusetts
https://www.ubereats.com/boston/food-delivery/chipotle-mexican-grill-1030-main-st-ste-5/0eqjSk9cSd-LnrLxylqrew,west-newton-massachusetts
https://www.ubereats.com/boston/food-delivery/coconut-cafe-newton/y63oPfnlQkWbDUCI3uhr-Q,west-newton-massachusetts
https://www.ubereats.com/boston/food-delivery/green-papaya/0Y5xynd-QvGjXD8DyGHjnA,west-newton-massachusetts
https://www.ubereats.com/boston/food-delivery/thai-amarin/xWnFGX5MSm2aMfnArhntww,west-newton-massachusetts
https://www.ubereats.com/boston/food-delivery/hakata-ramen-%26-sushi-bar/WwkolYIeSTiMjRtobASnLA,west-newton-massachusetts
https://www.ubereats.com/boston/food-delivery/subway-1185-centre-st/GwMBHPMYTa2UFiJnkVsDxg,west-newton-massachusetts
https://www.ubereats.com/boston/food-delivery/the-maharaja/z2qi3MgCTqSUrX2bf5bYZw,west-newton-massachusetts
https://www.ubereats.com/boston/food-delivery/edamame-steakhouse/s3dVPwedQPqsCU1HcPYXJw,west-newton-massachusetts
https://www.ubereats.com/boston/food-delivery/raviolis-pizza/pu6zSD7GSDuMe9GllvpqTg,west-newton-massachusetts
https://www.ubereats.com/boston/food-delivery/acai-smoothie-bowls-by-livion-brighton/zYyJDH7MQtKwD9U5AHHGYg,west-newton-massachusetts
https://www.ubereats.com/boston/food-delivery/old-school-italian-pizzaria/AQi2LOI5TSO36tEK08ywXQ,west-newton-massachusetts
https://www.ubereats.com/boston/food-delivery/five-guys-ma-1629-1030-main-st/PDskGHpGTGyecxwoXnoAag,west-newton-massachusetts
https://www.ubereats.com/boston/food-delivery/dunkin-401-watertown-st/dwr_q5-oSFiJuWjlfox5Qg,west-newton-massachusetts
https://www.ubereats.com/boston/food-delivery/pure-cold-press/YFzPMleXQfWOK-UFRdPC-Q,west-newton-massachusetts
https://www.ubereats.com/boston/food-delivery/spiga-ristorante/7-GKds_CTrKXWlIjOg7elA,west-newton-massachusetts
https://www.ubereats.com/boston/food-delivery/pavement-coffee-house-allston/NoVA5GwIRI20XdGRfhTmUQ,west-newton-massachusetts
https://www.ubereats.com/boston/food-delivery/kimchipapi-kitchen/c4ejBu20SeOn8ykamz8fkw,west-newton-massachusetts
https://www.ubereats.com/boston/food-delivery/seoul-jangteo/e7MTV_drTE-DORpwIWrPkg,west-newton-massachusetts
https://www.ubereats.com/boston/food-delivery/acitron-cocina-mexicana/O8NxgMtHTdS75hAZjV9qAg,west-newton-massachusetts
https://www.ubereats.com/boston/food-delivery/dunkin-37-s-huntington-ave/kPb3p7uYSKS2UzCvOUdPhg,west-newton-massachusetts
https://www.ubereats.com/boston/food-delivery/fomu-allston/76Y2aSFYSSG1VUDZAcKq8A,west-newton-massachusetts
https://www.ubereats.com/boston/food-delivery/noodle-market/fNCWPnwiTtKyeEGC_Rlp7w,west-newton-massachusetts
https://www.ubereats.com/boston/food-delivery/vittorios-grill-%26-kitchen/Hegboo-bS7mgwUxP2I6baQ,west-newton-massachusetts
https://www.ubereats.com/boston/food-delivery/china-delight/_dckM9dvTRCsq_4Q2QU6yA,west-newton-massachusetts
https://www.ubereats.com/boston/food-delivery/mcdonalds-western-ave-brighton/cE6q376SS-2Dksb_TY9GJQ,west-newton-massachusetts
https://www.ubereats.com/boston/food-delivery/lulus-allston/HIQQXByuRKePn2kmdxVo7g,west-newton-massachusetts
https://www.ubereats.com/boston/food-delivery/dunkin-214-n-beacon-st/hh4rF_JtQEijWdS6IO8NvQ,west-newton-massachusetts
https://www.ubereats.com/boston/food-delivery/guanachapis-restaurant/QZXLEC0YT42wfesJVaTiIw,west-newton-massachusetts
https://www.ubereats.com/boston/food-delivery/b-d-chilipa-restaurant-%E9%9C%B8%E9%81%93%E9%BA%BB%E8%BE%A3%E9%A6%99%E9%94%85/vEWa6SGESqGv2dz4MVLNQg,west-newton-massachusetts
https://www.ubereats.com/boston/food-delivery/dunkin-1170-worcester-rd/QqRIRBGDQe2ep6rN8d8whw,west-newton-massachusetts
https://www.ubereats.com/boston/food-delivery/la-tate-mexican-restaurant/QM90wvZQR7Krcluu1Apwdg,west-newton-massachusetts
https://www.ubereats.com/boston/food-delivery/zheng-garden-chinese-restaurant/i6DT02USQF-_0HwaOBs6HA,west-newton-massachusetts
https://www.ubereats.com/boston/food-delivery/playa-bowls-boston/qFlw6-04QYCnoVVYQE5E0Q,west-newton-massachusetts
https://www.ubereats.com/boston/food-delivery/crazywings-%26-subs/aWR6BR1oRFu3J7FGsc5ibw,west-newton-massachusetts
https://www.ubereats.com/boston/food-delivery/dunkin-859-main-st/_ouiG2o5TSq0XZ_xm31CQg,west-newton-massachusetts
https://www.ubereats.com/boston/food-delivery/jims-deli-%26-restaurant/ZYykHC64RFKDDzDp1qNXSg,west-newton-massachusetts
https://www.ubereats.com/boston/food-delivery/fairouz/_omt8U8ASEWhnwhCL4vK2Q,west-newton-massachusetts
https://www.ubereats.com/boston/food-delivery/tree-top-thai-cuisine/kbPXErCCTWGkdckCb-QrIw,west-newton-massachusetts
https://www.ubereats.com/boston/food-delivery/wing-squad-lexington/oIxBJtuGTLyxT2alt1wQLw,west-newton-massachusetts
https://www.ubereats.com/boston/food-delivery/michaels-pizza/I8_ZxI_6SZWm6uy_Nm3Ndw,west-newton-massachusetts
https://www.ubereats.com/boston/food-delivery/oath-pizza-chestnut-hill/J2lWwGlRS8KTMNfMu_xdPQ,west-newton-massachusetts
https://www.ubereats.com/boston/food-delivery/seoul-soulongtang/ku9cAP7nQLC9qhBwPTtxYg,west-newton-massachusetts
https://www.ubereats.com/boston/food-delivery/tokyo/eo6TbbsBS02gxeG8OsUUDw,west-newton-massachusetts
https://www.ubereats.com/boston/food-delivery/pho-lemongrass/AHJxVQ-NTMeJJiR5Or7pRw,west-newton-massachusetts
https://www.ubereats.com/boston/food-delivery/masala-art/L5_YAn35ShSJH2-GqQ4z1Q,west-newton-massachusetts
https://www.ubereats.com/boston/food-delivery/giovannis-home-of-pizza/Rm_4Jip-SJeoChc3yGw1YQ,west-newton-massachusetts
https://www.ubereats.com/boston/food-delivery/peppinos-dosa/PZd1MvdUSCm7zyTchFCsEg,west-newton-massachusetts
https://www.ubereats.com/boston/food-delivery/chulo-restaurant-%26-bar/Om5DuZGLQ76mW9EGfik3yA,west-newton-massachusetts
https://www.ubereats.com/boston/food-delivery/asia-wok/sFjIasAVRUSMG-D6-JxU8w,west-newton-massachusetts
https://www.ubereats.com/boston/food-delivery/miyuki-sushi/Fe7iycSoQ-OqX90wiTliKA,west-newton-massachusetts
https://www.ubereats.com/boston/food-delivery/walnut-grille/I9JAdxpqSEK4EHIXTZODxQ,west-newton-massachusetts
https://www.ubereats.com/boston/food-delivery/mcdonalds-197-california-st/VJmdOvEKR1eSj30R0R3LEA,west-newton-massachusetts
https://www.ubereats.com/boston/food-delivery/eagles-deli-beacon-st/So8-JsKeQeqZux-pFZNprQ,west-newton-massachusetts
https://www.ubereats.com/boston/food-delivery/our-zone-%E7%AC%AC%E4%BA%94%E7%A9%BA%E9%97%B4/Mqf34aJeT3agt9H_n2FdhQ,west-newton-massachusetts
https://www.ubereats.com/boston/food-delivery/imperial-kitchen/4C4Xw7XrRVG0KLp3AUlyRg,west-newton-massachusetts
https://www.ubereats.com/boston/food-delivery/starbucks-cleveland-circle/NV8WMcCoSmaU4l9BZoZcRA,west-newton-massachusetts
https://www.ubereats.com/boston/food-delivery/taqueria-de-la-suerte/IaGi1qrmRk6Vh2x4CqSuTA,west-newton-massachusetts
https://www.ubereats.com/boston/food-delivery/kebab-bites/GfIkbPNcQnGq1KcJuQeIhw,west-newton-massachusetts
https://www.ubereats.com/boston/food-delivery/the-scoop-n-scootery/17GP0GOrRsW38Cbv-os4mA,west-newton-massachusetts
https://www.ubereats.com/boston/food-delivery/11%3A11-health-bar/GUv3-IQ2RzCSGCISKphBlg,west-newton-massachusetts
https://www.ubereats.com/boston/food-delivery/mcdonalds-soldiers-field-rd-brighton/1Zgu7ZRmSlajdshqGaFyWg,west-newton-massachusetts
https://www.ubereats.com/boston/food-delivery/leos-place-diner/7078vh0WSkOx3Zhsw3XXMA,west-newton-massachusetts
https://www.ubereats.com/boston/food-delivery/mexicali-mexican-grill-natick/OT_S99pZS6GjVs4fliCG6w,west-newton-massachusetts
https://www.ubereats.com/boston/food-delivery/3-fortunes-chinese-restaurant/dzLeePwdTAOVziwmmZTXpg,west-newton-massachusetts
https://www.ubereats.com/boston/food-delivery/falafel-newton/8Lx5azcFT4e8GFz3ikm7dA,west-newton-massachusetts
https://www.ubereats.com/boston/food-delivery/red-lentil/3hSQnxCZRoyjkfynP253CA,west-newton-massachusetts
https://www.ubereats.com/boston/food-delivery/lemon-thai-cuisine/qc_8XcgvRFefClgvKVaf4w,west-newton-massachusetts
https://www.ubereats.com/boston/food-delivery/comellas-natick/oX7hV6e3RNe3m594MxC2MQ,west-newton-massachusetts
https://www.ubereats.com/boston/food-delivery/starbucks-trapelo-%26-lexington/hlGwvpRySEWCBL13jRTavQ,west-newton-massachusetts
https://www.ubereats.com/boston/food-delivery/the-treasury%3A-indian-kitchen/ZLwbJxrnTxGEXtyB_J0y7Q,west-newton-massachusetts
https://www.ubereats.com/boston/food-delivery/jp-licks-langley/9a9Rk5gNRTeJk6AHSvte9g,west-newton-massachusetts
https://www.ubereats.com/boston/food-delivery/dunkin-350-washington-st/yaF9RS61Ria32LP6fyZdrA,west-newton-massachusetts
https://www.ubereats.com/boston/food-delivery/starbucks-lexington-bedford-rd/jis9PA6ISYesid2wC12DoA,west-newton-massachusetts
https://www.ubereats.com/boston/food-delivery/pf-changs-1245-worcester-st-suite-4008/SODSh4VXTFWqKW-x7Dp38w,west-newton-massachusetts
https://www.ubereats.com/boston/food-delivery/6am-health/neFlHnwzTpCS0cCeu741JA,west-newton-massachusetts
https://www.ubereats.com/boston/food-delivery/little-india-restaurant/vsJpR5HgS_GYqxEfd430tg,west-newton-massachusetts
https://www.ubereats.com/boston/food-delivery/captn-loui/Y9NzJnE3RgOq2PT3glK9Sg,west-newton-massachusetts
https://www.ubereats.com/boston/food-delivery/pho-1-waltham/Yd0YdbLwRgybXHY5JMo17w,west-newton-massachusetts
https://www.ubereats.com/boston/food-delivery/shoppers-cafe/azYPjItjQTSd88knPwwVFw,west-newton-massachusetts
https://www.ubereats.com/boston/food-delivery/ye-olde-cottage/XE1xkIwYTV2_7KoAIgXwxQ,west-newton-massachusetts
https://www.ubereats.com/boston/food-delivery/marsalas-italian-kitchen/mbA4dMC5QpauuvykNnrrbw,west-newton-massachusetts
https://www.ubereats.com/boston/food-delivery/the-local-west-newton/SXpTOMd4TMq-02K843Uh5Q,west-newton-massachusetts
https://www.ubereats.com/boston/food-delivery/four-spoons/lGuRPmLvT86Rz8a33k8lJA,west-newton-massachusetts
https://www.ubereats.com/boston/food-delivery/five-guys-ma-1691-215-needham-st/NEbAkAvvS4eCTceYIBuDug,west-newton-massachusetts
https://www.ubereats.com/boston/food-delivery/bonito-taqueria/_XgrjXpgRfGAG1H2gbpQqA,west-newton-massachusetts
https://www.ubereats.com/boston/food-delivery/rice-noodle-thai-eatery/dPjyYfjrRUC64wxvqmp4nw,west-newton-massachusetts
https://www.ubereats.com/boston/food-delivery/chilacates-chestnut-hill/I36VgX7bTrulgSCfRJXlFA,west-newton-massachusetts
https://www.ubereats.com/boston/food-delivery/kfc-30-n-beacon-street/Y0zKn2STTy66d8TZlgt2rw,west-newton-massachusetts
https://www.ubereats.com/boston/food-delivery/dunkin-978-worcester-st-route-9-east/JYhDO8xgRnSGkAj8z24Kcg,west-newton-massachusetts
https://www.ubereats.com/boston/food-delivery/kiwaz-caribbean-spice/FJxetWaGRYia7jG6H2v6sQ,west-newton-massachusetts
https://www.ubereats.com/boston/food-delivery/annas-taqueria-coolidge-corner/xo_xTuRUQ5G78Vetvw4IJA,west-newton-massachusetts
https://www.ubereats.com/boston/food-delivery/fuji-steak-house-needham/JJgu25nOQRixveQPuBBuWA,west-newton-massachusetts
https://www.ubereats.com/boston/food-delivery/south-street-cafe/pxVydOKVRbWhfwZh1NLRkg,west-newton-massachusetts
https://www.ubereats.com/boston/food-delivery/anthonys-coal-fired-pizza-219-north-main-street/BVQQZP4ZQRO-snd-yHxynQ,west-newton-massachusetts
https://www.ubereats.com/boston/food-delivery/mcdonalds-111-needham-st/YzP1iqaTR1-509M1deHcrA,west-newton-massachusetts
https://www.ubereats.com/boston/food-delivery/shake-shack-49-boylston-street/JVrk-SzlQq6m40n4hnIbKA,west-newton-massachusetts
https://www.ubereats.com/boston/food-delivery/aquitaine-chesnut-hill/_DT7jkU_SCGk-reD63RZQw,west-newton-massachusetts
https://www.ubereats.com/boston/food-delivery/coconut-cafe/GOnJP8uGTWuIJOB7jdXJ1Q,west-newton-massachusetts
https://www.ubereats.com/boston/food-delivery/dunkin-448-main-st/_Pwot737RxioZc197_UIMg,west-newton-massachusetts
https://www.ubereats.com/boston/food-delivery/pizza-etc/nPpu60tPQNeka88LKWbLfg,west-newton-massachusetts
https://www.ubereats.com/boston/food-delivery/comellas-newton/Lx9L31RESbSfM39gyyttxA,west-newton-massachusetts
https://www.ubereats.com/boston/food-delivery/charles-river-coffee-house/BU1PlxbPSqOktpLJ62APSQ,west-newton-massachusetts
https://www.ubereats.com/boston/food-delivery/s-%26-i-togo/Y1Zi8S3YTRG886kuZfW8DA,west-newton-massachusetts
https://www.ubereats.com/boston/food-delivery/starbucks-auburndale-commonwealth-ave/Oe2zVl9iQEGgkxq-T_Yzhg,west-newton-massachusetts
https://www.ubereats.com/boston/food-delivery/korean-asian-kitchen-watertown/N-1lPXUAT_uqsGUJQwE-lA,west-newton-massachusetts
https://www.ubereats.com/boston/food-delivery/thai-place/-CZA7gvaT_yleTZJm-aC0Q,west-newton-massachusetts
https://www.ubereats.com/boston/food-delivery/village-pizza-house/Ov8J-6W6QomjJs5GNlJzdw,west-newton-massachusetts
https://www.ubereats.com/boston/food-delivery/five-guys-ma-1074-821-worcester-rd/JEE3B9fMT322cV3qgkpz2Q,west-newton-massachusetts
https://www.ubereats.com/boston/food-delivery/campolongo-cookie-company/Z-erebJFTuqh5a0i7UZv6A,west-newton-massachusetts
https://www.ubereats.com/boston/food-delivery/nirvana-taste-of-india/4QqC2q2GRA6q7XRJ0e4vRQ,west-newton-massachusetts
https://www.ubereats.com/boston/food-delivery/five-guys-ma-1451-43-middlesex-turnpike/CRnIrAAYQ-ilxYmdl2MYPg,west-newton-massachusetts
https://www.ubereats.com/boston/food-delivery/chicken-cottage/Gs9Ilq_1SgWwEdqO_ffWJQ,west-newton-massachusetts
https://www.ubereats.com/boston/food-delivery/los-amigos-taqueria-newtonville/BqtkNRXtSn6gOn9nlIA9Gw,west-newton-massachusetts
https://www.ubereats.com/boston/food-delivery/bgood-102-central-st/9kWSvPOTS8StZmths8LVnA,west-newton-massachusetts
https://www.ubereats.com/boston/food-delivery/the-circle-pizza/qYO4HvGQS3WxEmRGdKL_gQ,west-newton-massachusetts
https://www.ubereats.com/boston/food-delivery/theos-house-of-pizza/aFX9jR8ZQ_2Wu3nJCdUZ5Q,west-newton-massachusetts
https://www.ubereats.com/boston/food-delivery/comellas-needham/J-Q2ptqMQKa3hlETxoiB2g,west-newton-massachusetts
https://www.ubereats.com/boston/food-delivery/john-brewers-tavern-waltham/zYia547pSKO4sjez2N6fFQ,west-newton-massachusetts
https://www.ubereats.com/boston/food-delivery/somtum-modern-thai-cuisine/WK6caiV2TnyHxiRWBVgSoA,west-newton-massachusetts
https://www.ubereats.com/boston/food-delivery/dunkin-509-cambridge-st/ROhwVoH9SBKyMWibffQZwg,west-newton-massachusetts
https://www.ubereats.com/boston/food-delivery/wing-squad-west-roxbury/T9iWPDRLSj2FXbUIWOPDgA,west-newton-massachusetts
https://www.ubereats.com/boston/food-delivery/starbucks-newtonville/1Bb3u08tRyybwhwtc59tcQ,west-newton-massachusetts
https://www.ubereats.com/boston/food-delivery/sakanaya-boston/BohAipl8RWayFKakuj0Tbg,west-newton-massachusetts
https://www.ubereats.com/boston/food-delivery/farmstead-table/oCUNvRhnRxOqS5YUMC_fvw,west-newton-massachusetts
https://www.ubereats.com/boston/food-delivery/lisa-marias-taqueria/jTvf8uHHTw2D_IYerNbG5Q,west-newton-massachusetts
https://www.ubereats.com/boston/food-delivery/greek-village-gyros-%26-grill/LWy_RrnBQ22gphWYQ019cA,west-newton-massachusetts
https://www.ubereats.com/boston/food-delivery/wing-squad-newton/4uGRAUFYS7eV0At8eEH5fg,west-newton-massachusetts
https://www.ubereats.com/boston/food-delivery/fiorellas-express-wellesley/SVYSGSOhRnC9B2bCcemR8A,west-newton-massachusetts
https://www.ubereats.com/boston/food-delivery/starbucks-brighton-village/jGo8b5OHRTi0tzluZd2D_w,west-newton-massachusetts
https://www.ubereats.com/boston/food-delivery/subway-1077-lexington-st/XFVFFiUAQ6qmRuq_8mk3hA,west-newton-massachusetts
https://www.ubereats.com/boston/food-delivery/laroma-cafe-%26-bakery/HkdwmckxTz6v6O0JjDK2UQ,west-newton-massachusetts
https://www.ubereats.com/boston/food-delivery/kfc-501-main-st/RCYZyStvS22HRl-VRvGarg,west-newton-massachusetts
https://www.ubereats.com/boston/food-delivery/absolutely-asia-restaurant/BpFszFI3SnKI9QMqbS-cNg,west-newton-massachusetts
https://www.ubereats.com/boston/food-delivery/gong-cha-allston/wb6dqE8rSru5hJyTn918ug,west-newton-massachusetts
https://www.ubereats.com/boston/food-delivery/feng-shui-kitchen/5bIz6xBfQVu5S_YRxIeWtw,west-newton-massachusetts
https://www.ubereats.com/boston/food-delivery/froyo-world/ysZUlQNeQp-HohXBbx34QA,west-newton-massachusetts
https://www.ubereats.com/boston/food-delivery/donohues-bar-and-grill/abnLSJDcTgaGvs4s4qdv3w,west-newton-massachusetts
https://www.ubereats.com/boston/food-delivery/mcdonalds-comm-ave-allston/gxYCXvK3QD6L3wqU4GNAlQ,west-newton-massachusetts
https://www.ubereats.com/boston/food-delivery/neillios-gourmet-kitchen/Ugn2vwQMQjGeycEV1QinDg,west-newton-massachusetts
https://www.ubereats.com/boston/food-delivery/andalus-pizza-and-cafe/3_pRwea1RSeh0j6l9b1eow,west-newton-massachusetts
https://www.ubereats.com/boston/food-delivery/farm-grill-rotisserie/KO0rWd0mTy6bNwCnR4xgsQ,west-newton-massachusetts
https://www.ubereats.com/boston/food-delivery/california-pizza-kitchen-1245-worcester-st-ste-1092/aJ1DjTweQeKsoMBDVfqJdQ,west-newton-massachusetts
https://www.ubereats.com/boston/food-delivery/chillbox/-d5vKIbbTQeOjVUmNXIV0g,west-newton-massachusetts
https://www.ubereats.com/boston/food-delivery/woops!-bakeshop-newton/5RoVjgX4S5K4_pMEYp7wfg,west-newton-massachusetts
https://www.ubereats.com/boston/food-delivery/the-ice-cream-shop/2Moq3FDcQ5Slow22EiXA7Q,west-newton-massachusetts
https://www.ubereats.com/boston/food-delivery/subway-59-mount-auburn-st/xiWSzkx-T4uUh0Q6GY7lRw,west-newton-massachusetts
https://www.ubereats.com/boston/food-delivery/dunkin-1020-commonwealth-ave/9pr0SciqSpmNJ-tGlcndQQ,west-newton-massachusetts
https://www.ubereats.com/boston/food-delivery/brewers-coalition/TpXdQ5XeSYu6MPPkeQaBRg,west-newton-massachusetts
https://www.ubereats.com/boston/food-delivery/village-cafe/nYUYSjosRUmoIX3S7LYn0g,west-newton-massachusetts
https://www.ubereats.com/boston/food-delivery/waltham-pizza/cJViBERbT6at78Mar85vgQ,west-newton-massachusetts
https://www.ubereats.com/boston/food-delivery/panera-1241-centre-street/xdLVfMv1Rou5JAtVI9u4VQ,west-newton-massachusetts
https://www.ubereats.com/boston/food-delivery/boston-market-1099-lexington-street/b0tgqdwOSbSaa5XNS_MZpA,west-newton-massachusetts
https://www.ubereats.com/boston/food-delivery/la-voile-brookline/0rCQID40QuuoP1FiK-88KA,west-newton-massachusetts
https://www.ubereats.com/boston/food-delivery/totto-ramenallston/MJnQ1UUQQUy5nNpuZuBNDw,west-newton-massachusetts
https://www.ubereats.com/boston/food-delivery/bertuccis-west-roxbury/mhYestsRTWydBFQ2iXN9WA,west-newton-massachusetts
https://www.ubereats.com/boston/food-delivery/georges-pizza/KdcAe43vRwCO11i6XiqIhA,west-newton-massachusetts
https://www.ubereats.com/boston/food-delivery/4-corners-pizza/UvuHWEdOQ6u39lg74jXLXA,west-newton-massachusetts
https://www.ubereats.com/boston/food-delivery/my-happy-hunan-kitchen-%E7%AD%B7%E4%B9%90%E6%B9%98%E8%81%9A/Q0bGPsCTQBOEvqBFKnYIyw,west-newton-massachusetts
https://www.ubereats.com/boston/food-delivery/domenics/6FfSA67VRHS2nlfwBh5FBA,west-newton-massachusetts
https://www.ubereats.com/boston/food-delivery/rhinolounge/mjHAxKKdThmheXQLCkUFYQ,west-newton-massachusetts
https://www.ubereats.com/boston/food-delivery/energize/RdOZBc2FQhCVWOvUiXPPng,west-newton-massachusetts
https://www.ubereats.com/boston/food-delivery/the-savage-wiener/_1sujG9eQWqovVGf-lhWFg,west-newton-massachusetts
https://www.ubereats.com/boston/food-delivery/tamarind-thai/fzV3jsYWQ3ePMHUpRTRs5g,west-newton-massachusetts
https://www.ubereats.com/boston/food-delivery/lucky-dragon/UWeISxkuR0mIKv0uJ3vnjA,west-newton-massachusetts
https://www.ubereats.com/boston/food-delivery/thai-north-restaurant/iiQ5TyIuSTGHY-evlgeAEA,west-newton-massachusetts
https://www.ubereats.com/boston/food-delivery/joes-variety-deli-and-sub-shop/QzBgNpqeTCeIJzCPTO4TIw,west-newton-massachusetts
https://www.ubereats.com/boston/food-delivery/starbucks-watertown-mt-auburn/lHNeiqEqToS9_2FHhQSQGQ,west-newton-massachusetts
https://www.ubereats.com/boston/food-delivery/thai-spice/cMm5f5TzTAqUYCrfH2FeIA,west-newton-massachusetts
https://www.ubereats.com/boston/food-delivery/starbucks-newton-lower-falls/gZshmlugQG-9ZJjilXWOhw,west-newton-massachusetts
https://www.ubereats.com/boston/food-delivery/clay-oven-indian-kitchen/hUPLCg7vTnOJ6kXUsRwA4Q,west-newton-massachusetts
https://www.ubereats.com/boston/food-delivery/brickhouse-pizza-and-grille/b-3Xs9M7SUKGH9p5AzCohA,west-newton-massachusetts
https://www.ubereats.com/boston/food-delivery/california-pizza-kitchen-183-linden-st/LXulZ5gQSbG5pRVnYtUqJg,west-newton-massachusetts
https://www.ubereats.com/boston/food-delivery/the-original-brooklyn-water-bagel-co/wLcW1luuQjOyjhoa2sOLpw,west-newton-massachusetts
https://www.ubereats.com/boston/food-delivery/pressed-juicery-wellesley/rp4_N36jSO-I1oYjeOlhig,west-newton-massachusetts
https://www.ubereats.com/boston/food-delivery/the-red-eyed-pig/QEjUij6KSjyMHPMcZ0NVow,west-newton-massachusetts
https://www.ubereats.com/boston/food-delivery/brightons-best-pizza/AO97YneuSUye7O-f9ZnIOQ,west-newton-massachusetts
https://www.ubereats.com/boston/food-delivery/subway-2195-commonwealth-avenue/zhzGbf-DTE62NgrgTg2n9w,west-newton-massachusetts
https://www.ubereats.com/boston/food-delivery/dunkin-517-concord-ave/eOprY7gjTySf9dsz9E7e3Q,west-newton-massachusetts
https://www.ubereats.com/boston/food-delivery/fulcinitis-market/Eti5ZzwSTRmsLYxNjOqvkQ,west-newton-massachusetts
https://www.ubereats.com/boston/food-delivery/jocos-bar-%26-kitchen/Y0_JkgLKRj263Lkhjb2fyw,west-newton-massachusetts
https://www.ubereats.com/boston/food-delivery/chipotle-mexican-grill-110-mall-rd/oqiVZd0WRxysYRFLerFO-w,west-newton-massachusetts
https://www.ubereats.com/boston/food-delivery/corner-cafe/GM3ARu_4SZKmfwCPuQ8uYw,west-newton-massachusetts
https://www.ubereats.com/boston/food-delivery/darbar/AFxCOK1RReWVaogi2tnAwg,west-newton-massachusetts
https://www.ubereats.com/boston/food-delivery/kens-ny-deli-%26-brick-oven-pizzeria/YLPs5Z7bRcqTWf0NNcYmow,west-newton-massachusetts
https://www.ubereats.com/boston/food-delivery/margaritas-mexican-restaurant-waltham/sLL6wOepRAGkrLmFednXSQ,west-newton-massachusetts
https://www.ubereats.com/boston/food-delivery/tasca-tapas-restaurant/pp9OkyhYR1m_ovhYVxU3kQ,west-newton-massachusetts
https://www.ubereats.com/boston/food-delivery/noodlestix/8ILGpg0PSH6z9B84rBVFQg,west-newton-massachusetts
https://www.ubereats.com/boston/food-delivery/qdoba-46-bedford-st/PQq7EQqrTqqWkruSXwzSVQ,west-newton-massachusetts
https://www.ubereats.com/boston/food-delivery/riceburg/y39EFHlGQiCeIjMz8-abGw,west-newton-massachusetts
https://www.ubereats.com/boston/food-delivery/sweetgreen-wellesley/V2DYlselQ2Sg_qttUlEhcQ,west-newton-massachusetts
https://www.ubereats.com/boston/food-delivery/comellas-wellesley-hills/-pUognl2Tq-i0wpFjVt9tQ,west-newton-massachusetts
https://www.ubereats.com/boston/food-delivery/the-local-waltham/wyT-8XZQSAOLK4Kw3AbVAw,west-newton-massachusetts
https://www.ubereats.com/boston/food-delivery/easy-cheesy-grilled-cheese-factory/AzaxtHohTl2XkVOpQY1LIA,west-newton-massachusetts
https://www.ubereats.com/boston/food-delivery/dunkin-808-memorial-dr/Jmb8G_TlSuWIBBXMHJV8Mw,west-newton-massachusetts
https://www.ubereats.com/boston/food-delivery/shinmio-tea/3HGGp4QYRguhBpHBZbaU9g,west-newton-massachusetts
https://www.ubereats.com/boston/food-delivery/dunkin-260-chestnut-st/GMsPHDaGR0Otggki0pPPfg,west-newton-massachusetts
https://www.ubereats.com/boston/food-delivery/amarin-of-thailand/nSew6-awScm151ctEzKRlg,west-newton-massachusetts
https://www.ubereats.com/boston/food-delivery/new-hong-kong-restaurant/ZnpU1Uw-Rie3DZ34gyxBTA,west-newton-massachusetts
https://www.ubereats.com/boston/food-delivery/the-rice-barn/zHMsh3XNTkez0KigsCyOrA,west-newton-massachusetts
https://www.ubereats.com/boston/food-delivery/burger-king-881-moody-street/4pkyuTv0R76KuaLeUfydSQ,west-newton-massachusetts
https://www.ubereats.com/boston/food-delivery/tara-restaurant-pizza-%26-more/d8ZHyLgtR2aIuIduEQUdIw,west-newton-massachusetts
https://www.ubereats.com/boston/food-delivery/cafe-brazil-bakery/hcMApl1xRaq8uBO-XMBJ_w,west-newton-massachusetts
https://www.ubereats.com/boston/food-delivery/bonchon-chicken-329-moody-street/mvasqfajSDOA0PHfIlbLLA,west-newton-massachusetts
https://www.ubereats.com/boston/food-delivery/the-local-wellesley/dNSYs-mdQRyS5tmlKUDlyA,west-newton-massachusetts
https://www.ubereats.com/boston/food-delivery/dunkin-49-river-st/KcSA3pRsRAaW8_DcdX2gTw,west-newton-massachusetts
https://www.ubereats.com/boston/food-delivery/coreanos/78GlX5TGS0ipuzlOaPGrFg,west-newton-massachusetts
https://www.ubereats.com/boston/food-delivery/super-sushi-%26-poke/FCNTrhqxR6OkdIdohMQenQ,west-newton-massachusetts
https://www.ubereats.com/boston/food-delivery/yoma/MFhAGkn8TKO3Ila2MfSQZg,west-newton-massachusetts
https://www.ubereats.com/boston/food-delivery/west-newton-pizza-market/mVySlSi_R-iU5U3uMeimhQ,west-newton-massachusetts
https://www.ubereats.com/boston/food-delivery/fiorellas-express-brighton/kk25ZGLqTdW5LY62t8dSWw,west-newton-massachusetts
https://www.ubereats.com/boston/food-delivery/bamboo-thai/s46mRPpWQ56uYIYGxPRm6Q,west-newton-massachusetts
https://www.ubereats.com/boston/food-delivery/tropical-diner/FMjm68R3RhSOZcgKEVeMhw,west-newton-massachusetts
https://www.ubereats.com/boston/food-delivery/crepeberry/xDVRzmPjSW6Jqs3gVv3kTA,west-newton-massachusetts
https://www.ubereats.com/boston/food-delivery/pinos-pizza/TDYZRYPzScq2zn7B64Axfw,west-newton-massachusetts
https://www.ubereats.com/boston/food-delivery/cappella/U7UJI6fdQj6ubLWMfreGLg,west-newton-massachusetts
https://www.ubereats.com/boston/food-delivery/d-%26-a-house-of-pizza/-rMwM3OYQkq3gas_QMPFMw,west-newton-massachusetts
https://www.ubereats.com/boston/food-delivery/jp-licks-wellesley/B-3EefArSsm-665YI3dV4w,west-newton-massachusetts
https://www.ubereats.com/boston/food-delivery/tandoor-and-curry-on-wheels/js5u7e41RAS6UOi6eoxjlQ,west-newton-massachusetts
https://www.ubereats.com/boston/food-delivery/aks-waltham/Li_e9MVHRSmHTM7vtx4_Jw,west-newton-massachusetts
https://www.ubereats.com/boston/food-delivery/holi-indian-restaurant/0j2BNKNFSk2LeZ8qokP2Ew,west-newton-massachusetts
https://www.ubereats.com/boston/food-delivery/chipotle-mexican-grill-455-arsenal-st/4uv6YQNaQoukKTYpRJHdnA,west-newton-massachusetts
https://www.ubereats.com/boston/food-delivery/greenhouse-kitchen/QiD8PbePQL6aFvwTsiU2Ow,west-newton-massachusetts
https://www.ubereats.com/boston/food-delivery/tea-diner/IjxQg2uMS7GCH8yLl-kChg,west-newton-massachusetts
https://www.ubereats.com/boston/food-delivery/dunkin-369-mass-ave/nqCREafwTzygrUgLGcYsvg,west-newton-massachusetts
https://www.ubereats.com/boston/food-delivery/lpks-italian-kitchen/ikfy5o24QNyyo88iG-n9ug,west-newton-massachusetts
https://www.ubereats.com/boston/food-delivery/bawarchi-biryanis/jTMBdxK1RbyqehZWxscGUg,west-newton-massachusetts
https://www.ubereats.com/boston/food-delivery/chipotle-mexican-grill-1-worcester-rd-ste-5/PNCKc9OsRsmr1Pd_zD_9QA,west-newton-massachusetts
https://www.ubereats.com/boston/food-delivery/dunkin-345-washington-st/fzOF5oF0TfWZq7HFFn84eA,west-newton-massachusetts
https://www.ubereats.com/boston/food-delivery/fins-sushi-%26-grill-chestnut-hill/sq5KIf3fS2eMGO3Rz0S01w,west-newton-massachusetts
https://www.ubereats.com/boston/food-delivery/marao-burgers-framingham/EzWN9wJETDyaZUMX91JzOA,west-newton-massachusetts
https://www.ubereats.com/boston/food-delivery/nicks-place11/pdvvOm1GTYSVEhI5nimNHQ,west-newton-massachusetts
https://www.ubereats.com/boston/food-delivery/feng-shui/B4PdQEEFRWOITV98IN82bw,west-newton-massachusetts
https://www.ubereats.com/boston/food-delivery/livite/9HxqotstR9aSgj1dB_-ZQQ,west-newton-massachusetts
https://www.ubereats.com/boston/food-delivery/burger-king-822-lexington-street/9RTr_QWeQhapW7xOkYpuKQ,west-newton-massachusetts
https://www.ubereats.com/boston/food-delivery/papa-ginos-1018-lexington-street/umBRv9cjTE6XKlhey8sbeg,west-newton-massachusetts
https://www.ubereats.com/boston/food-delivery/cocobeet-wellesley/obYquReFQx2IModcvXIl0Q,west-newton-massachusetts
https://www.ubereats.com/boston/food-delivery/dunkin-399-great-plain-ave/1FFU2f82R2m8FJidjcad6A,west-newton-massachusetts
https://www.ubereats.com/boston/food-delivery/blue-on-highland/79wVzJiXQjSBVhlP-1C1WQ,west-newton-massachusetts
