url,city
https://www.ubereats.com/sacramento/food-delivery/lucianos-scoop%3A-gelato-%26-sorbet/sH4k9EOWS7SboCl1D2leqg,west-sacramento-california
https://www.ubereats.com/sacramento/food-delivery/tealicious/A8kjcSqdRAKyYE8eCkt3dQ,west-sacramento-california
https://www.ubereats.com/sacramento/food-delivery/ches-urban-eats/Dn2rlli8S8SkKgPY7op2rQ,west-sacramento-california
https://www.ubereats.com/sacramento/food-delivery/capitol-garage/WY9MkKnkSZ-qowheTPGnoQ,west-sacramento-california
https://www.ubereats.com/sacramento/food-delivery/super-taco-franklin/ylwVmhLoTPmW1mrqTrfOcw,west-sacramento-california
https://www.ubereats.com/sacramento/food-delivery/oishii-teriyaki/30ZwweylRkaYYg1tSCViAg,west-sacramento-california
https://www.ubereats.com/sacramento/food-delivery/california-fish-grill-arden/6RS4NLCXRC6oqRlMkpud0g,west-sacramento-california
https://www.ubereats.com/sacramento/food-delivery/chipotle-mexican-grill-775-ikea-ct-ste-100/l2YaTyOwSlmW7hGptJgL2Q,west-sacramento-california
https://www.ubereats.com/sacramento/food-delivery/kabab-corner/-OMrdK0qSPuOcURmzZaFng,west-sacramento-california
https://www.ubereats.com/sacramento/food-delivery/new-station-restaurant/eoLeqtzkSZmmNSLMTDJqbg,west-sacramento-california
https://www.ubereats.com/sacramento/food-delivery/mcdonalds-fair-oaks-%26-howe/fR9fbTMSQ2C4WH91bim8Wg,west-sacramento-california
https://www.ubereats.com/sacramento/food-delivery/poke-kings/81RDqoiGTCahAUK4a66fuQ,west-sacramento-california
https://www.ubereats.com/sacramento/food-delivery/de-veres-irish-pub/mzF4S4AzQi-qNw9oncNthQ,west-sacramento-california
https://www.ubereats.com/sacramento/food-delivery/starbucks-1601-p-street-sacramento/htQTwVOYRFWevGe1RF9NNA,west-sacramento-california
https://www.ubereats.com/sacramento/food-delivery/ricos-pizza-sacramento/4xk3zjigRW6-DZVenexCFw,west-sacramento-california
https://www.ubereats.com/sacramento/food-delivery/dickeys-bbq-pit-5110-laguna-blvd/pffnZ_rFR9CG8DscLjqsVA,west-sacramento-california
https://www.ubereats.com/sacramento/food-delivery/kikis-chicken-place-power-inn/hAc9nORSSXS-_nU3iJ6PYw,west-sacramento-california
https://www.ubereats.com/sacramento/food-delivery/carls-jr-854-harbor-blvd/vNEdoMntQhqthX1LN-rewg,west-sacramento-california
https://www.ubereats.com/sacramento/food-delivery/aloha-poke-%26-ramen/KJKURy95Sjm8XMEecM0tKQ,west-sacramento-california
https://www.ubereats.com/sacramento/food-delivery/la-terraza-mexican-restaurant/JjNlskutR5yhJW86fGgibg,west-sacramento-california
https://www.ubereats.com/sacramento/food-delivery/five-guys-ca-1559-768-ikea-court/6fhebs0VR0qt1t4484_pkA,west-sacramento-california
https://www.ubereats.com/sacramento/food-delivery/cookies-and-milk/_dQLz75gSBqAQggETafipw,west-sacramento-california
https://www.ubereats.com/sacramento/food-delivery/lighthouse-market-%26-deli/SBZ8_HztROORx6bi8fFTYw,west-sacramento-california
https://www.ubereats.com/sacramento/food-delivery/starbucks-duckhorn-%26-arena-sacramento/NgpC_5ZHSZyPfOtf1YiY-A,west-sacramento-california
https://www.ubereats.com/sacramento/food-delivery/mangos-burger-bar/y4Ia-uTaRoyPp-F0Ui-C7g,west-sacramento-california
https://www.ubereats.com/sacramento/food-delivery/916-mexican-restaurant-%26-sports-bar/8OrcIrS5S42LeLYCveFJdA,west-sacramento-california
https://www.ubereats.com/sacramento/food-delivery/big-salad/ndcaDDUUTkaTYukMxJYb0Q,west-sacramento-california
https://www.ubereats.com/sacramento/food-delivery/la-cosecha-by-mayahuel/Mb8awZFkT_WXznRZ_zxRSA,west-sacramento-california
https://www.ubereats.com/sacramento/food-delivery/bjs-restaurant-%26-brewhouse-3531-n-freeway-blvd/nDEzccoDS6qjOsdvGUH2Pw,west-sacramento-california
https://www.ubereats.com/sacramento/food-delivery/joes-crab-shack-1210-front-st/oATWRwdBRuiH6kGGfRVedg,west-sacramento-california
https://www.ubereats.com/sacramento/food-delivery/miso-japanese-cuisine/w_9mLuBQSECnpRZcfkrsww,west-sacramento-california
https://www.ubereats.com/sacramento/food-delivery/dennys-300-bercut-drive/8ghMumWoSzaDaaZ9buF3vA,west-sacramento-california
https://www.ubereats.com/sacramento/food-delivery/carls-jr-7151-franklin-blvd/Rj0gbXx6TXC34OBV9adWcw,west-sacramento-california
https://www.ubereats.com/sacramento/food-delivery/kfc-1617-research-park-dr/FhFHPDj_RJ2asVKe0SUCTg,west-sacramento-california
https://www.ubereats.com/sacramento/food-delivery/black-bear-diner-2700-el-centro-road/GXkuCl41SOK-LbE-RIMUHg,west-sacramento-california
https://www.ubereats.com/sacramento/food-delivery/subway-el-camino-ave/pv9ubf63QYOT8DFuea51zA,west-sacramento-california
https://www.ubereats.com/sacramento/food-delivery/university-of-beer/7ycJyFnDSVSsy747obE48g,west-sacramento-california
https://www.ubereats.com/sacramento/food-delivery/mimosa-house/CLnOs-3wTNWaZzk6Wynung,west-sacramento-california
https://www.ubereats.com/sacramento/food-delivery/boon-boon-cafe/slnhDwYxSjaW2wWHgHepyQ,west-sacramento-california
https://www.ubereats.com/sacramento/food-delivery/tea-cup-house/V7_djgVUSrOZICOf0m-gkQ,west-sacramento-california
https://www.ubereats.com/sacramento/food-delivery/edible-arrangements-3230-arena-blvd-suite-240-market-west-shopping-center/fCpbqkRwQ9uoMyt1sTQZPA,west-sacramento-california
https://www.ubereats.com/sacramento/food-delivery/the-buzz-coffee/15rl3FUmRLOBTgObN5PJiQ,west-sacramento-california
https://www.ubereats.com/sacramento/food-delivery/icing-on-the-cupcake/Zy4t-W3-RXu5fbsuoxCWIQ,west-sacramento-california
https://www.ubereats.com/sacramento/food-delivery/gai-%E2%80%98n-rice/H5siEHuPQBe2I1yRBiPfLQ,west-sacramento-california
https://www.ubereats.com/sacramento/food-delivery/carls-jr-2615-broadway/F8wvB93aTfumi5onyK4A9g,west-sacramento-california
https://www.ubereats.com/sacramento/food-delivery/starbucks-el-camino-%26-truxel-natomas/sChH6-JAQdaNKjFV3ynsYw,west-sacramento-california
https://www.ubereats.com/sacramento/food-delivery/taco-bell-2921-advantage-ln/XoAXBzMcSuuHM7o13q663Q,west-sacramento-california
https://www.ubereats.com/sacramento/food-delivery/sampinos-towne-foods/PlKppYqtQO6jLueY2baejg,west-sacramento-california
https://www.ubereats.com/sacramento/food-delivery/crawdads-on-the-river/6B39JKARQnK3Eexzz0npQQ,west-sacramento-california
https://www.ubereats.com/sacramento/food-delivery/the-ice-cream-shop/I-ud33qISA2XOjwQS3nmQA,west-sacramento-california
https://www.ubereats.com/sacramento/food-delivery/ikes-love-%26-sandwiches/p7K4Ukt4RkCCZAcDgGzHwg,west-sacramento-california
https://www.ubereats.com/sacramento/food-delivery/mcdonalds-fruitridge-%26-power-inn/eDc1iaaTT5i0lNYdBkkdkw,west-sacramento-california
https://www.ubereats.com/sacramento/food-delivery/vibe-health-bar-broadway/tc3iHd8HQoeo_bfInEwIiw,west-sacramento-california
https://www.ubereats.com/sacramento/food-delivery/wendys-4180-northgate-blvd/tBiU7beQS3qCfahx2Nyyrg,west-sacramento-california
https://www.ubereats.com/sacramento/food-delivery/ma-sarap-food-truck/_EgmMtIOTHWWAlJxu1DpsQ,west-sacramento-california
https://www.ubereats.com/sacramento/food-delivery/wings%2B%2B/vuBmuNdRQzW7Vyvr7j3pZg,west-sacramento-california
https://www.ubereats.com/sacramento/food-delivery/pizza-guys-w-el-camino-ave/iCXPg90pR4yx4UTsgsOzWg,west-sacramento-california
https://www.ubereats.com/sacramento/food-delivery/vela-cafe/2Xu-1AutTl2BkmKIBAMaXg,west-sacramento-california
https://www.ubereats.com/sacramento/food-delivery/taco-bell-900-k-street/1wrsKcLKSCiwOZlX544kvw,west-sacramento-california
https://www.ubereats.com/sacramento/food-delivery/quickly-3291-truxel-road/9tjQinWCQX2kj-TARG699g,west-sacramento-california
https://www.ubereats.com/sacramento/food-delivery/mendocino-farms-midtown/-Sy2u2xlTlij5_LgyStU9w,west-sacramento-california
https://www.ubereats.com/sacramento/food-delivery/highwater/XZukm_ApTHGfUwJo7C7f3Q,west-sacramento-california
https://www.ubereats.com/sacramento/food-delivery/cornerstone-cafe-%26-bar-1617-sacramento-ave/U5bFxq9NSWeWe6_3oEK6pw,west-sacramento-california
https://www.ubereats.com/sacramento/food-delivery/kobasics-candies/S6KhjMpdSdmDpZwY_YAarg,west-sacramento-california
https://www.ubereats.com/sacramento/food-delivery/carls-jr-5501-freeport-ave/kE1vhTc_T4KFeRIGPl1o2Q,west-sacramento-california
https://www.ubereats.com/sacramento/food-delivery/mcdonalds-broadway/8j1CNx-QRNS1tllpsqBh2Q,west-sacramento-california
https://www.ubereats.com/sacramento/food-delivery/azul-mexican-food-and-tequila-bar/h2aGpBMMTQWRgOF5nCg7og,west-sacramento-california
https://www.ubereats.com/sacramento/food-delivery/good-friend-restaurant-chinese/6uhtu1GAQuKGwvDUjXX74A,west-sacramento-california
https://www.ubereats.com/sacramento/food-delivery/vampire-penguin-sacramento/X9SUU5D-Touue2JPWmoVlg,west-sacramento-california
https://www.ubereats.com/sacramento/food-delivery/romas-pizzeria/Jn7CbYmdQz-V984JDt8XJQ,west-sacramento-california
https://www.ubereats.com/sacramento/food-delivery/mcdonalds-freeport-blvd/VHAItgYRSia98xG4Ffs-1g,west-sacramento-california
https://www.ubereats.com/sacramento/food-delivery/subway-731-j-st/BNz62hNQT86HQV0qfadWxg,west-sacramento-california
https://www.ubereats.com/sacramento/food-delivery/taco-bell-2431-broadway/kiNFFgSmSpuVqKTjU7rwoQ,west-sacramento-california
https://www.ubereats.com/sacramento/food-delivery/burger-king-5150-stockton-blvd/o4t1qnYOTMmyh0yatFIcMQ,west-sacramento-california
https://www.ubereats.com/sacramento/food-delivery/t4-south-sac/C8SEzTVeTPe4Se0sUzkyDQ,west-sacramento-california
https://www.ubereats.com/sacramento/food-delivery/bjs-restaurant-%26-brewhouse-1689-arden-way/0fWf1qO7Rg6i_miy0wy-_w,west-sacramento-california
https://www.ubereats.com/sacramento/food-delivery/the-original-mels-2057-arena-blvd-sacramento/SjOk55rCRWyU-DrtQ-UVuw,west-sacramento-california
https://www.ubereats.com/sacramento/food-delivery/carls-jr-2460-w-el-camino-avenue/Sg8ZFjbVSjK1ZL7qy_gcBQ,west-sacramento-california
https://www.ubereats.com/sacramento/food-delivery/shoki-ramen-house/DG_nlHPNTG2ZhGcefDyOWg,west-sacramento-california
https://www.ubereats.com/sacramento/food-delivery/jack-in-the-box-2750-del-paso-rd/-R0nDHynRgiAWECHTOS0cw,west-sacramento-california
https://www.ubereats.com/sacramento/food-delivery/chicken-n-waffles/F8TNHxR6RJ2fwM2s3ALasA,west-sacramento-california
https://www.ubereats.com/sacramento/food-delivery/taco-bell-850-harbor-blvd/VeJrD9lIQBmxayyW-1l_mw,west-sacramento-california
https://www.ubereats.com/sacramento/food-delivery/the-rind/Us92HIyURZaAqw7By576Nw,west-sacramento-california
https://www.ubereats.com/sacramento/food-delivery/applebees-3601-truxel-rd-%2376064/kau4bDeGSP-QpAqMYulc6A,west-sacramento-california
https://www.ubereats.com/sacramento/food-delivery/blue-cue/M37DIowESk-WqnU0XRMkZQ,west-sacramento-california
https://www.ubereats.com/sacramento/food-delivery/thai-princess/TBXcBsdTRH2RZzKWxNOHYA,west-sacramento-california
https://www.ubereats.com/sacramento/food-delivery/papa-murphys-1288-west-capitol-avenue/bYzHDo-1QSGXaHYe6k2qWQ,west-sacramento-california
https://www.ubereats.com/sacramento/food-delivery/t-and-r-bbq/8Y4CYrkCQbaC7W4xF4cLcw,west-sacramento-california
https://www.ubereats.com/sacramento/food-delivery/tacobell-776-ikea-ct/i-zQUt3dQF60fz6yPWl7wA,west-sacramento-california
https://www.ubereats.com/sacramento/food-delivery/mcdonalds-pocket-rd/4G4rgfUPQqOeCDmAEmuFQQ,west-sacramento-california
https://www.ubereats.com/sacramento/food-delivery/shanghai-cuisine/VFX4UAemQiiUR7358CX3rQ,west-sacramento-california
https://www.ubereats.com/sacramento/food-delivery/the-flame-cafe/fhA1HMjaT6myzs7mNAXe_Q,west-sacramento-california
https://www.ubereats.com/sacramento/food-delivery/las-cachanillas-raspaderia-y-restaurante/d31IydpbQXqxsSxXH-ryVQ,west-sacramento-california
https://www.ubereats.com/sacramento/food-delivery/chada-thai/I_1K3ZC7TR67QrUkU9woUg,west-sacramento-california
https://www.ubereats.com/sacramento/food-delivery/lucianos-scoop%3A-gelato-italian-ice-cream/nY8LZcHFQTKGrbnoJMWO9A,west-sacramento-california
https://www.ubereats.com/sacramento/food-delivery/odd-cookie/UqZZ78HbQRyd-FfporYfRQ,west-sacramento-california
https://www.ubereats.com/sacramento/food-delivery/el-pollo-loco-1212-howe-ave6104/e8_36ZtTSk-7V4KAttanLg,west-sacramento-california
https://www.ubereats.com/sacramento/food-delivery/mr-pickles-sandwich-shop-arena-blvd-sacramento/lCqVjI3SRTOc4jwmuTD4ng,west-sacramento-california
https://www.ubereats.com/sacramento/food-delivery/india-oven/OEvbLcWMQaSH0XArGglhgg,west-sacramento-california
https://www.ubereats.com/sacramento/food-delivery/gaspachos/8TA5UmIyT52PJkIbPSztNA,west-sacramento-california
https://www.ubereats.com/sacramento/food-delivery/spice-of-life/xecU-TeoQI6yJ53YHOlryg,west-sacramento-california
https://www.ubereats.com/sacramento/food-delivery/cheesesteaks/CkhtCUw5S8Km6ee22hZ0fQ,west-sacramento-california
https://www.ubereats.com/sacramento/food-delivery/falafel-corner-sacramento/Sw0XnIn1R2m325D2IreRyQ,west-sacramento-california
https://www.ubereats.com/sacramento/food-delivery/el-santo-cantina/bjiPXqYxT2O6-fSbOieHdQ,west-sacramento-california
https://www.ubereats.com/sacramento/food-delivery/pressed-juicery-sacramento-commons/qfzhrRfCRoGqMDklIketuA,west-sacramento-california
https://www.ubereats.com/sacramento/food-delivery/azukar-sushi/ZT3V1cXgSImbo7macckZYg,west-sacramento-california
https://www.ubereats.com/sacramento/food-delivery/pho-bac-hoa-viet-stockton-blvd/smZCbdPwTbCqSLVo24787Q,west-sacramento-california
https://www.ubereats.com/sacramento/food-delivery/chipotle-mexican-grill-615-david-j-stern-walk-ste-130/t_q5w9zuQqyuFXUaNBpR_Q,west-sacramento-california
https://www.ubereats.com/sacramento/food-delivery/kfc-2920-del-paso-road/PE-2PO5aRQSOGykl1kTZXg,west-sacramento-california
https://www.ubereats.com/sacramento/food-delivery/a%26w-2920-del-paso-road/a0ZKP5ySR2OXq23YPjWh9w,west-sacramento-california
https://www.ubereats.com/sacramento/food-delivery/kfc-1601-del-paso-boulevard/wt_Ix6OEQiq1XCoC6hy_PQ,west-sacramento-california
https://www.ubereats.com/sacramento/food-delivery/petra-greek/9nRrL3Y7R6Sb4LGwneDEwQ,west-sacramento-california
https://www.ubereats.com/sacramento/food-delivery/naija-cuisine-authentic-west-african-food/FXSGmJAqQHShqUtvqmt86Q,west-sacramento-california
https://www.ubereats.com/sacramento/food-delivery/the-ice-cream-shop/n-rXJyeQRnu1P4T2dwzNYw,west-sacramento-california
https://www.ubereats.com/sacramento/food-delivery/l%26l-hawaiian-bbq-1030-florin-rd/0SFpHi1ETNiDbot-yZwWaw,west-sacramento-california
https://www.ubereats.com/sacramento/food-delivery/chitas/H974vvg_TP2Bn-xj5GIPfQ,west-sacramento-california
https://www.ubereats.com/sacramento/food-delivery/midici-the-neapolitan-pizza-company-sacramento/6Lq6g93gRsWjVF4EVIi78A,west-sacramento-california
https://www.ubereats.com/sacramento/food-delivery/anthonys-italian-cuisine/TrwYQTf2SouwBFNqg7lQ2g,west-sacramento-california
https://www.ubereats.com/sacramento/food-delivery/jack-in-the-box-566-5420-stockton-blvd/CHR2myNZRh2fGF1LaTXe9A,west-sacramento-california
https://www.ubereats.com/sacramento/food-delivery/starbucks-florin-%26-freeport/qnv7snxUQjCKu0Qx3mTBmw,west-sacramento-california
https://www.ubereats.com/sacramento/food-delivery/la-michoacana-plus/Q39p3AvpQ8ORKplJgtuoRA,west-sacramento-california
https://www.ubereats.com/sacramento/food-delivery/urban-roots-brewing-%26-smokehouse/4y713JyXSYSPr8CsbeR6iA,west-sacramento-california
https://www.ubereats.com/sacramento/food-delivery/togos-2101-natomas-crossing-dr/icivP05GSNSJRxbAwmOcAA,west-sacramento-california
https://www.ubereats.com/sacramento/food-delivery/taste-of-india-w-capital-ave/VQDzWQe8RaWCWqzTyxKUxA,west-sacramento-california
https://www.ubereats.com/sacramento/food-delivery/starbucks-mace-%26-hwy-80-davis/y3OQyy9SQBqV6FCUEnyK2A,west-sacramento-california
https://www.ubereats.com/sacramento/food-delivery/the-old-spaghetti-factory-sacramento-on-watt-avenue/q2fF_iPbTAGpmOls24ch-w,west-sacramento-california
https://www.ubereats.com/sacramento/food-delivery/carls-jr-3776-northgate-blvd/Qabf3bnOSU66kQqnCdsE-g,west-sacramento-california
https://www.ubereats.com/sacramento/food-delivery/panda-express-2220-lake-washington-blvd/elYxFO8HQnGTYFaDlxlLmA,west-sacramento-california
https://www.ubereats.com/sacramento/food-delivery/chicagos-pizza-with-a-twist/UnS4kpVMTUyY7osLVzUacg,west-sacramento-california
https://www.ubereats.com/sacramento/food-delivery/starbucks-i-80-%26-truxel-sacramento/K8rxyLXFRYer3W-aAtqECA,west-sacramento-california
https://www.ubereats.com/sacramento/food-delivery/raku-sushi-west-sacramento/L8_gU0DkRBmn6_0DpGcusA,west-sacramento-california
https://www.ubereats.com/sacramento/food-delivery/kikis-chicken-place-j-st/M85c1d1yTAufRpH5Ui3eUQ,west-sacramento-california
https://www.ubereats.com/sacramento/food-delivery/celestins-gumbo-%26-grill-inc/rCx2Yr0iT5-wcP1CMB-uBw,west-sacramento-california
https://www.ubereats.com/sacramento/food-delivery/el-pollo-loco-3500-northgate-blvd3513/Qi8zPDXJRWSHmehdx02QBQ,west-sacramento-california
https://www.ubereats.com/sacramento/food-delivery/hot-off-the-griddle/Mv8ALJqgRGekiSX2OcK99w,west-sacramento-california
https://www.ubereats.com/sacramento/food-delivery/california-burrito-6/FCY7VNuAQF-DMBGNwQAdhA,west-sacramento-california
https://www.ubereats.com/sacramento/food-delivery/pf-changs-1530-j-st-suite-100/WCAgdpTJTcahJaqKuDsA1A,west-sacramento-california
https://www.ubereats.com/sacramento/food-delivery/t4-natomas/6QeiZxk4S3S-8f5wHDYXMg,west-sacramento-california
https://www.ubereats.com/sacramento/food-delivery/carls-jr-899-el-camino-ave/cH5F_g1qT-mDY5zOW5y8cQ,west-sacramento-california
https://www.ubereats.com/sacramento/food-delivery/crepeville-sacramento/akvGhe9rSvmRtGbuR3yZPQ,west-sacramento-california
https://www.ubereats.com/sacramento/food-delivery/black-bear-diner-255-second-street/_KK0zie3RFWUIpFi8kOeqA,west-sacramento-california
https://www.ubereats.com/sacramento/food-delivery/el-burrito-taqueria-natomas/s4mpa-GdSI-nPiI5ZJQEzQ,west-sacramento-california
https://www.ubereats.com/sacramento/food-delivery/maydoon-restaurant/aKufL-vZSFKu1Ip8XmygkA,west-sacramento-california
https://www.ubereats.com/sacramento/food-delivery/bombay-bar-%26-grill/cCWxsN5oSlG89oCe30Ms6w,west-sacramento-california
https://www.ubereats.com/sacramento/food-delivery/ihop-w-sacramento/pU4TwLN0Se-hN3QJW9zQ_g,west-sacramento-california
https://www.ubereats.com/sacramento/food-delivery/carls-jr-1315-florin-road/3Pet-ZeRRv2OMe12nUluNQ,west-sacramento-california
https://www.ubereats.com/sacramento/food-delivery/seans-shakes/YI8wwoLGS66BZaqNszWoMw,west-sacramento-california
https://www.ubereats.com/sacramento/food-delivery/brazilian-center-for-cultural-exchange-of-sacramento/mvMXVH8rRB2nFxWYut7Ozw,west-sacramento-california
https://www.ubereats.com/sacramento/food-delivery/three-sisters/7pag8Rt5Q-KYXisC-7qLHQ,west-sacramento-california
https://www.ubereats.com/sacramento/food-delivery/sushi-cafe-land-park/6SZ73zHkQZKGxOkmW_bikw,west-sacramento-california
https://www.ubereats.com/sacramento/food-delivery/charleys-philly-steaks-arden-fair-mall/mzllNPXxQtuuf35UheSOKQ,west-sacramento-california
https://www.ubereats.com/sacramento/food-delivery/mamma-susannas-ristorante-italiano/f3oDYD97R8elAWTK_RDkxw,west-sacramento-california
https://www.ubereats.com/sacramento/food-delivery/taco-bell-4244-florin-rd/PeGvoSJDT2uaoXNJj_HSFg,west-sacramento-california
https://www.ubereats.com/sacramento/food-delivery/taco-bell-776-ikea-court/fDBMX-n8S_y3S7n9M2Aqwg,west-sacramento-california
https://www.ubereats.com/sacramento/food-delivery/ricks-hacienda-restaurant/SXQxMAtuRSKItsDQzlGV0w,west-sacramento-california
https://www.ubereats.com/sacramento/food-delivery/mcdonalds-howe-%26-arden/f8o4yT98TfCCkYdaaeqV0A,west-sacramento-california
https://www.ubereats.com/sacramento/food-delivery/panda-express-3571-n-freeway-blvd/uh3f6xpdS4-onh6fVTrFtw,west-sacramento-california
https://www.ubereats.com/sacramento/food-delivery/jack-in-the-box-6300-power-inn-rd/80588kumSI6Lq_fztxqKSA,west-sacramento-california
https://www.ubereats.com/sacramento/food-delivery/masaya-yakiniku-don/H3vOjob1QnCIUTU-Xo7USA,west-sacramento-california
https://www.ubereats.com/sacramento/food-delivery/el-pollo-loco-7820-folsom-blvd6153/jrvB6PiDRcGnnn3J2drFrg,west-sacramento-california
https://www.ubereats.com/sacramento/food-delivery/jamba-juice-1429-broadway-%23b/Fo_49sgtTrqD3ECYg-PS-w,west-sacramento-california
https://www.ubereats.com/sacramento/food-delivery/papa-johns-pizza-on-arena-blvd/s0MrZp9_Rf6SeunFoVBh5Q,west-sacramento-california
https://www.ubereats.com/sacramento/food-delivery/chipotle-mexican-grill-1601-broadway-ste-300/_Fbrr2wnRSy5uPVoRmmP0A,west-sacramento-california
https://www.ubereats.com/sacramento/food-delivery/the-old-spaghetti-factory-sacramento-on-j-street/mJP8yi4HQoGPuWhA8T0mEA,west-sacramento-california
https://www.ubereats.com/sacramento/food-delivery/a%26w-1601-del-paso-boulevard/VZLqA99ORiqEoSXjLmt_MQ,west-sacramento-california
https://www.ubereats.com/sacramento/food-delivery/jack-in-the-box-3421-8750-lariviera-dr/znINpgm6QzSywbriNtP3PA,west-sacramento-california
https://www.ubereats.com/sacramento/food-delivery/kabab-%26-grill/ucWALQdISwK1z7f6ckpKug,west-sacramento-california
https://www.ubereats.com/sacramento/food-delivery/casa-jalisco/KRUoI2Q_TfueE00GJ5dBZQ,west-sacramento-california
https://www.ubereats.com/sacramento/food-delivery/el-cora-birria/WlaZ1S1LQumxlr9uldLdQg,west-sacramento-california
https://www.ubereats.com/sacramento/food-delivery/panda-express-3640-crocker-drive-suite-140/rhtQIsxeR1-R8Ht_LGHYyQ,west-sacramento-california
https://www.ubereats.com/sacramento/food-delivery/the-sandwich-spot-land-park/AOJAHIsQRjCtVpkA3zonKA,west-sacramento-california
https://www.ubereats.com/sacramento/food-delivery/chipotle-mexican-grill-3830-truxel-rd-ste-300/AXIbdXonTnK_-83jF7w9vQ,west-sacramento-california
https://www.ubereats.com/sacramento/food-delivery/five-guys-ca-1908-crocker-village/fo1RIrIoTCCHZCaz5MOhTw,west-sacramento-california
https://www.ubereats.com/sacramento/food-delivery/betos-taqueria-480-el-camino-real/4fbFiNquRpyGSwNDPROAaA,west-sacramento-california
https://www.ubereats.com/sacramento/food-delivery/burger-king-1915-arden-way/bMo0g-Q7R3mN6HSHid4NqA,west-sacramento-california
https://www.ubereats.com/sacramento/food-delivery/taco-bell-5625-folsom-blvd/nAQSe0sBQMO1OxBqPQy_GA,west-sacramento-california
https://www.ubereats.com/sacramento/food-delivery/starbucks-lake-%26-enterprise/CqK8LcnrT86Qe3YLjysA0A,west-sacramento-california
https://www.ubereats.com/sacramento/food-delivery/pizza-guys-harbor/nWm1fKUPS0Gdki5XDDbXUw,west-sacramento-california
https://www.ubereats.com/sacramento/food-delivery/wienerschnitzel-750-harbor-blvd/PfO79LrwQ1iqhzyXIRKRCw,west-sacramento-california
https://www.ubereats.com/sacramento/food-delivery/la-bou/cXudyDgxTP2LoEiGIaygJw,west-sacramento-california
https://www.ubereats.com/sacramento/food-delivery/oba-japanese-kitchen/t5gx3UPbQByES3UORMGO9Q,west-sacramento-california
https://www.ubereats.com/sacramento/food-delivery/ihop-2035-arden-way/UN9g0liVQ36jVw4711pNdQ,west-sacramento-california
https://www.ubereats.com/sacramento/food-delivery/creekside-cafe/6or0BX1CSza5L6Ls1rMfsA,west-sacramento-california
https://www.ubereats.com/sacramento/food-delivery/nekter-juice-bar-3700-crocker-drive/emTMA109RmacsrWg1F7q-w,west-sacramento-california
https://www.ubereats.com/sacramento/food-delivery/coffeebay-west-sac/mbhZzxc9RxGp1O-evidWpg,west-sacramento-california
https://www.ubereats.com/sacramento/food-delivery/starbucks-h-st-%26-56th-sacramento/PC54a2eoQlCKrIyi37YbWQ,west-sacramento-california
https://www.ubereats.com/sacramento/food-delivery/mcdonalds-fulton-%26-marconi/TTGZdxzsTBOCJswqjUM3Ww,west-sacramento-california
https://www.ubereats.com/sacramento/food-delivery/the-original-mels-3000-j-st-sacramento/hPFS2vvgTSuGYXUixRULWw,west-sacramento-california
https://www.ubereats.com/sacramento/food-delivery/jack-in-the-box-492-5800-freeport-blvd/dV6CM449TJua4oNL4IxbYA,west-sacramento-california
https://www.ubereats.com/sacramento/food-delivery/jack-in-the-box-3480-1001-howe-ave/7NZDOe_fQ3uYAovBQPv0Sw,west-sacramento-california
https://www.ubereats.com/sacramento/food-delivery/sizzler-6009-florin-road/YCLSn0WtRVicY9xZOrURdQ,west-sacramento-california
https://www.ubereats.com/sacramento/food-delivery/the-red-rabbit-kitchen-%26-bar/8F8zltM5T4uYFUXo52jhUQ,west-sacramento-california
https://www.ubereats.com/sacramento/food-delivery/dos-coyotes-border-cafe/-QNpBhmjRRqGBowNKqDmAA,west-sacramento-california
https://www.ubereats.com/sacramento/food-delivery/jack-in-the-box-4305-4601-broadway/dGFqHS03Re6cLDmd9F91dA,west-sacramento-california
https://www.ubereats.com/sacramento/food-delivery/a-taste-above/FnPl0SxtTXKxe64W8DTZ2Q,west-sacramento-california
https://www.ubereats.com/sacramento/food-delivery/mcdonalds-riverpoint-drive/yD9tGoVaTD6dl26GB_YxfQ,west-sacramento-california
https://www.ubereats.com/sacramento/food-delivery/jamba-juice-2600-gateway-oaks-dr-%23300/Zb1P8lqeTga2FtZiZyYVyA,west-sacramento-california
https://www.ubereats.com/sacramento/food-delivery/molcajetes-apatzingan/8aMRP36YSLmpHPCWELl4Vw,west-sacramento-california
https://www.ubereats.com/sacramento/food-delivery/pizza-guys-del-paso-rd/rbFxtK4nT2yaF-PMOOI78A,west-sacramento-california
https://www.ubereats.com/sacramento/food-delivery/panda-express-6000-j-street/n1xSXLaYSXynWZ5tQRgkDA,west-sacramento-california
https://www.ubereats.com/sacramento/food-delivery/midtown-taqueria/m9EpA-ojSaqtRZC27UdlWw,west-sacramento-california
https://www.ubereats.com/sacramento/food-delivery/hong-kong-cafe/PTo5FZssSeO6Zpdh6eqa_A,west-sacramento-california
https://www.ubereats.com/sacramento/food-delivery/koshi-ramen-bar/zx9Xp78WSdi4NwabXZ58AA,west-sacramento-california
https://www.ubereats.com/sacramento/food-delivery/jack-in-the-box-593-2560-w-el-camino-ave/AUmNuw8gQve3H2PoTQ3l3g,west-sacramento-california
https://www.ubereats.com/sacramento/food-delivery/burgess-brothers/h2yXP5qeRoCHxkbj-HWkIw,west-sacramento-california
https://www.ubereats.com/sacramento/food-delivery/jack-in-the-box-594-7795-stockton-blvd/IrYyVigfQFeH0xYPn2CeBw,west-sacramento-california
https://www.ubereats.com/sacramento/food-delivery/hawaiian-poke/hS5goCUOQh2FR-2qToxMRA,west-sacramento-california
https://www.ubereats.com/sacramento/food-delivery/poke-ichii/QNxIfKqMSmmVpvK6Xk57IA,west-sacramento-california
https://www.ubereats.com/sacramento/food-delivery/subway-2550-w-el-camino-ave/izBLpIj2QfehJtxeS1bdcA,west-sacramento-california
https://www.ubereats.com/sacramento/food-delivery/philz-coffee-1725-r-st/XpRhcw_LTzWNZy62uSQ29A,west-sacramento-california
https://www.ubereats.com/sacramento/food-delivery/takumi-izakaya/5sYuCHhqQ4OoXqlGC1aMKQ,west-sacramento-california
https://www.ubereats.com/sacramento/food-delivery/lindas-taqueria-mexican-food/TsdzyHlCQU2KOYBLk7AVJQ,west-sacramento-california
https://www.ubereats.com/sacramento/food-delivery/togos-2455-w-capitol-ave-%23100/DAlTuINmQuu-Y7zyoEnQgw,west-sacramento-california
https://www.ubereats.com/sacramento/food-delivery/caps-bar-%26-grill/MnkTiTscQAK19lGGmF_h-w,west-sacramento-california
https://www.ubereats.com/sacramento/food-delivery/taco-bell-1689-arden-way/GOYymVtPSNGpD7obzWVJGw,west-sacramento-california
https://www.ubereats.com/sacramento/food-delivery/l-n-l-grill/hXPOlm2rQyO-3kB2d4O0Ew,west-sacramento-california
https://www.ubereats.com/sacramento/food-delivery/saigon-alley-kitchen-%26-bar/BDv5ioPBQwy55WVxxM9Haw,west-sacramento-california
https://www.ubereats.com/sacramento/food-delivery/taco-bell-2246-lake-washington-blvd/9mpG7Kb-R86YSawz_C11Jg,west-sacramento-california
https://www.ubereats.com/sacramento/food-delivery/pressed-juicery-ice-blocks/S5aA2FxVTXKzUsl02Q0u4w,west-sacramento-california
https://www.ubereats.com/sacramento/food-delivery/subway-817-harbour-blvd/0OPTpRYQR3uvpragjnyBfg,west-sacramento-california
https://www.ubereats.com/sacramento/food-delivery/sourdough-%26-co/wpJ5-kRRQk6Djd0giI4DPA,west-sacramento-california
https://www.ubereats.com/sacramento/food-delivery/mcdonalds-k-street/-cG4dRLPRtyEXBjq05bEyw,west-sacramento-california
https://www.ubereats.com/sacramento/food-delivery/thai-canteen/F2OZh9UwTUaiKU3BTQYxOw,west-sacramento-california
https://www.ubereats.com/sacramento/food-delivery/darna-mediterranean-kitchen/TiBKa47NQby3G8emxHQH1A,west-sacramento-california
https://www.ubereats.com/sacramento/food-delivery/kfc-3030-capitol-avenue/2ChOn3vCTaWne5bSO8qFqg,west-sacramento-california
https://www.ubereats.com/sacramento/food-delivery/chipotle-mexican-grill-8124-delta-shores-cir-s/rgZ8PDQ0ROGZLn92SX1jZQ,west-sacramento-california
https://www.ubereats.com/sacramento/food-delivery/koja-kitchen-sacramento/mwc-hhbETBG_PIks3kQicw,west-sacramento-california
https://www.ubereats.com/sacramento/food-delivery/sourdough-%26-co/YeoydRd5Qbu4Fg-iMqK4QA,west-sacramento-california
https://www.ubereats.com/sacramento/food-delivery/vampire-penguin-natomas/2tAHs_ktQ1ulMD4E9L5G1w,west-sacramento-california
https://www.ubereats.com/sacramento/food-delivery/ihop-2941-advantage-lane/kYwubFNSR-eRPXQ4LWuJGQ,west-sacramento-california
https://www.ubereats.com/sacramento/food-delivery/the-porch-restaurant-and-bar/2EMFcI1KQouzDkideH5mbw,west-sacramento-california
https://www.ubereats.com/sacramento/food-delivery/la-garnacha/JKN37-tqR3WmN51PqUE7TQ,west-sacramento-california
https://www.ubereats.com/sacramento/food-delivery/buckhorn-grill-sacramento-midtown/u5uVOR-6R0OykNI71YO-wA,west-sacramento-california
https://www.ubereats.com/sacramento/food-delivery/adalbertos-mexican-food-north-highlands-ca/2YcC4Q9HQJWloWu1I6TYfQ,west-sacramento-california
https://www.ubereats.com/sacramento/food-delivery/the-real-american-roadhouse-sacramento/lx7Vh98MQeaKmyg9ZNnDSw,west-sacramento-california
https://www.ubereats.com/sacramento/food-delivery/kathmandu-kitchen/L_jIgaFlR9yLqqf9ByICnQ,west-sacramento-california
https://www.ubereats.com/sacramento/food-delivery/cornerstone/s4QixzxIS2iM7z-c0n4pvg,west-sacramento-california
https://www.ubereats.com/sacramento/food-delivery/california-pizza-kitchen-1735-arden-way-suite-220/fIJT1mqhQr2DdGxi0meZYA,west-sacramento-california
https://www.ubereats.com/sacramento/food-delivery/crest-cafe/rUAANf3mRV6-_JpBmt2GgQ,west-sacramento-california
https://www.ubereats.com/sacramento/food-delivery/the-habit-burger-grill-8124-delta-shores-circle-suite-100/jk-nZ5tEQMSFBFsTO19CQQ,west-sacramento-california
https://www.ubereats.com/sacramento/food-delivery/thai-the-house-of-authentic-ingredients/q41I4UdZSBCinjrxLR56iA,west-sacramento-california
https://www.ubereats.com/sacramento/food-delivery/chicagos-pizza-south-sac/uKy_cNjkTbSONubY9I9H-w,west-sacramento-california
https://www.ubereats.com/sacramento/food-delivery/good-friends-restaurant-japanese/YJF-hPSNTumND8BhK-Ii-g,west-sacramento-california
https://www.ubereats.com/sacramento/food-delivery/manaao-thai-cuisine/r5FPI7CdSXO87gRMLmOVTA,west-sacramento-california
https://www.ubereats.com/sacramento/food-delivery/championz-pizza/9BUerL-eTJSRfRr_K3k1Xw,west-sacramento-california
https://www.ubereats.com/sacramento/food-delivery/mortons-the-steakhouse-621-capitol-mall/1cmpkyyDSVOCDBJzL3gBlQ,west-sacramento-california
https://www.ubereats.com/sacramento/food-delivery/chipotle-mexican-grill-2800-del-paso-road-suite-100/nShETcPaTO2xt1r20e4IWg,west-sacramento-california
https://www.ubereats.com/sacramento/food-delivery/kfc-3580-northgate-boulevard/u9cWMEybQSKklAcEtQxZVQ,west-sacramento-california
https://www.ubereats.com/sacramento/food-delivery/ginger-elizabeth-chocolates/CyAcONkqRv6dYQkv-jgs7g,west-sacramento-california
https://www.ubereats.com/sacramento/food-delivery/mod-pizza-howe-bout-arden/4WqtPelIRz-fbXYJY24JFQ,west-sacramento-california
https://www.ubereats.com/sacramento/food-delivery/giovannis-old-world-new-york-pizzeria-folsom-blvd/z4ZC5DCFQ4ibgqPT2bh2wg,west-sacramento-california
https://www.ubereats.com/sacramento/food-delivery/pancake-circus/id6VoIvZQFuJMJ20NWGWnw,west-sacramento-california
https://www.ubereats.com/sacramento/food-delivery/zinfandel-grille/oRmCrkZDR12Rxrf_htRMQA,west-sacramento-california
https://www.ubereats.com/sacramento/food-delivery/co-mais-kitchen/9cuQLaMPSFeqTHOvSfxsQQ,west-sacramento-california
https://www.ubereats.com/sacramento/food-delivery/pork-belly-grub-shack/45uDuDjDT5OIYxQ796V0-Q,west-sacramento-california
https://www.ubereats.com/sacramento/food-delivery/petes-7/L4OhtUkJTv6qtJy0_fIP3A,west-sacramento-california
https://www.ubereats.com/sacramento/food-delivery/haagen-dazs-shop-615-david-j-stern-walk-suite-%23110/7f0sJ2sWSICpYjmSpnoW5w,west-sacramento-california
https://www.ubereats.com/sacramento/food-delivery/la-fiesta-taqueria/iRTSJfMMS2GFtdJdpp1VUQ,west-sacramento-california
https://www.ubereats.com/sacramento/food-delivery/bangkok-city-thai-cuisine/-MsaoQDqQzKRy6NuspxiUg,west-sacramento-california
https://www.ubereats.com/sacramento/food-delivery/los-reyes-mexican-food/DXShPuoYR_GdfquIdpsTow,west-sacramento-california
https://www.ubereats.com/sacramento/food-delivery/del-taco-3531-truxel-rd/K6yfTM1BTIC1bKZj7aCFEQ,west-sacramento-california
https://www.ubereats.com/sacramento/food-delivery/ramen-101-midtown/ZXFcDlBKRriAUTRJTqtw6Q,west-sacramento-california
https://www.ubereats.com/sacramento/food-delivery/buffalo-pizza-%26-ice-cream-co/1rJn5kDAT0y0g63GXS_dwA,west-sacramento-california
https://www.ubereats.com/sacramento/food-delivery/main-street-bagel-cafe/XhWBc1leQQmo7tEn9rwGyw,west-sacramento-california
https://www.ubereats.com/sacramento/food-delivery/burger-king-7225-greenhaven-drive/57eD36TgR8ysfkkshU4w5w,west-sacramento-california
https://www.ubereats.com/sacramento/food-delivery/i-love-teriyaki/SE1SXunKQZGJ16MQ3ax9NQ,west-sacramento-california
https://www.ubereats.com/sacramento/food-delivery/mini-alpha-burger/sif-qekyTcSLVpAeqgguoQ,west-sacramento-california
https://www.ubereats.com/sacramento/food-delivery/sizzler-2901-advantage-way/wiaL_UsoQjOOHVWHTV0BpA,west-sacramento-california
https://www.ubereats.com/sacramento/food-delivery/kfc-2128-sutterville-road/0hBjynDSSva9fS_gTQTs7A,west-sacramento-california
https://www.ubereats.com/sacramento/food-delivery/chipotle-mexican-grill-1831-capitol-ave/QwyoKjHOTJyQC_RsApOBkw,west-sacramento-california
https://www.ubereats.com/sacramento/food-delivery/mcdonalds-truxel-%26-arena/6k-F-xaOTDGSDs2Ede7rww,west-sacramento-california
https://www.ubereats.com/sacramento/food-delivery/los-primoz/0h0w5GLKTcGkVA5Cz9tcHA,west-sacramento-california
https://www.ubereats.com/sacramento/food-delivery/chipotle-mexican-grill-4001-freeport-blvd-ste-102/_4J2Xlw4RGmSn8w_JIKjTA,west-sacramento-california
https://www.ubereats.com/sacramento/food-delivery/mountain-mikes-pizza-1900-s-st/NWGlOCYgTUuwBHQCV45Mnw,west-sacramento-california
https://www.ubereats.com/sacramento/food-delivery/del-taco-841-harbor-blvd/TPU3OnIwQ5uTlrgYK5KTkQ,west-sacramento-california
https://www.ubereats.com/sacramento/food-delivery/chargins-bar-%26-grill-j-st/FAMYW1M9TDWwE9bG6vGpBA,west-sacramento-california
https://www.ubereats.com/sacramento/food-delivery/burgerim-1735-arden-way/lMuJoa9SRsu7uu9tPiO8oA,west-sacramento-california
https://www.ubereats.com/sacramento/food-delivery/mod-pizza-west-sacramento/M8VfqfOKQ1aervdRhsWYqg,west-sacramento-california
https://www.ubereats.com/sacramento/food-delivery/noodles-%26-company-8148-delta-shores-circle-south-ste-100/Hl7Zr8YgTP2J1lKz4X8FyA,west-sacramento-california
https://www.ubereats.com/sacramento/food-delivery/carmazzi-caramel-corn/nlN-8ljNQJeUcgUccz33yA,west-sacramento-california
https://www.ubereats.com/sacramento/food-delivery/wing-squad-sacramento/UWdD0Z-kQl6c_Q0lj4ImtQ,west-sacramento-california
https://www.ubereats.com/sacramento/food-delivery/sacville-hot-chicken/8j8-wawKSi6bqOmBhdI7ig,west-sacramento-california
https://www.ubereats.com/sacramento/food-delivery/shalimar-restaurant-sacramento/M2TrYkJ8RaSvqS6vOBLyMA,west-sacramento-california
https://www.ubereats.com/sacramento/food-delivery/o-toro-sushi-%26-shabu/_PRIscL1Sg-G9g5VAfznPQ,west-sacramento-california
https://www.ubereats.com/sacramento/food-delivery/slice-of-old-sacramento/x0wkVJ_zQa62_eWccCGZsA,west-sacramento-california
https://www.ubereats.com/sacramento/food-delivery/luigis-pizza-parlor/SVNwBb0cQ6CjHO8RmeKAsw,west-sacramento-california
https://www.ubereats.com/sacramento/food-delivery/buffalo-wild-wings-3600-n-freeway-blvd-ste-100/A0dtH8k_SZm0XamNBbS-AA,west-sacramento-california
https://www.ubereats.com/sacramento/food-delivery/manchurian-indian-cuisine/IFMVoxF6TveBM_Bi_J3fiA,west-sacramento-california
https://www.ubereats.com/sacramento/food-delivery/sampinos-kitchen-at-joe-martys/Zc8fSKsDT4S8setCEZTFFg,west-sacramento-california
https://www.ubereats.com/sacramento/food-delivery/burger-king-763-ikea-ct-%23120/fMoHDG1TQfeCRE5tTZYz7w,west-sacramento-california
https://www.ubereats.com/sacramento/food-delivery/golden-dragon-chinese-restaurant-sacramento/pLaB4WwYQ8KDMZotZdCDzw,west-sacramento-california
https://www.ubereats.com/sacramento/food-delivery/jersey-mikes-8124-delta-shores-circle-south/irjZeZM7SP6WbA3GOnmmnA,west-sacramento-california
https://www.ubereats.com/sacramento/food-delivery/cecils-taste-food-truck/NNRE3as4QxSw133EY0MEtw,west-sacramento-california
https://www.ubereats.com/sacramento/food-delivery/a%26w-2312-arden-way/dOEAlJthRPK2U6Y92mzfTw,west-sacramento-california
https://www.ubereats.com/sacramento/food-delivery/drakes%3A-the-barn/Cqg5dzQlSHu5CTpxpvaS5g,west-sacramento-california
https://www.ubereats.com/sacramento/food-delivery/the-boiling-crab-k-st/XLBotv6uRWes1Y9c5HP_mw,west-sacramento-california
https://www.ubereats.com/sacramento/food-delivery/togos-4421-freeport-blvd/xy5Wg4V5S_CD5ouc_a4udA,west-sacramento-california
https://www.ubereats.com/sacramento/food-delivery/gyro-2-go/IV9xubdRRdOa8Gcx7djHzQ,west-sacramento-california
https://www.ubereats.com/sacramento/food-delivery/quickly/J6igvfSnQo-wqaKj-cF-Mw,west-sacramento-california
https://www.ubereats.com/sacramento/food-delivery/five-guys-ca-1100-4630-natomas-blvd/dOeZM5GBT9iZdbT-p3sWyw,west-sacramento-california
https://www.ubereats.com/sacramento/food-delivery/taco-bell-356-florin-rd/NdBwEy6uSw2VGjmOkYz_yw,west-sacramento-california
https://www.ubereats.com/sacramento/food-delivery/la-favorita-taqueria-w-sac/0Z_2hIEzTy2TRda9PItEOw,west-sacramento-california
https://www.ubereats.com/sacramento/food-delivery/suga-babes/JyBidcLdS2-zMVYYeu7qWw,west-sacramento-california
https://www.ubereats.com/sacramento/food-delivery/nations-giant-hamburgers-sacramento/l0PQCAyzQ8iMmigRzGP1eQ,west-sacramento-california
https://www.ubereats.com/sacramento/food-delivery/pieology-pizzeria-1020-16th-st/N-uRVtEYSA6r2CPbIqo1OQ,west-sacramento-california
https://www.ubereats.com/sacramento/food-delivery/firehouse-subs-truxel-rd-sacramento/Y0858toNSAC4lsBWURqiZg,west-sacramento-california
https://www.ubereats.com/sacramento/food-delivery/tiger-food-hall/qGBzu-AWSDSmcjIxQIaYNw,west-sacramento-california
https://www.ubereats.com/sacramento/food-delivery/chevys-1369-garden-highway/WMSz_IcnRTKvCKYW8nwDyg,west-sacramento-california
https://www.ubereats.com/sacramento/food-delivery/togos-1441-meadowview-rd-ste-114/nDnUuxsAQp-g7xHetmHqsw,west-sacramento-california
https://www.ubereats.com/sacramento/food-delivery/banzai-sushi/YdetQTLkTwehGi1mapLviw,west-sacramento-california
https://www.ubereats.com/sacramento/food-delivery/folie-douce/d41CePK-SyCEVHeBIHHhaA,west-sacramento-california
https://www.ubereats.com/sacramento/food-delivery/aria-afghan-restaurant/3FsgUWcbQiG6WmDX5pBxHA,west-sacramento-california
https://www.ubereats.com/sacramento/food-delivery/long-john-silvers-3298-northgate-blvd/updk0Q3xR1KFhwRf6rPQmw,west-sacramento-california
https://www.ubereats.com/sacramento/food-delivery/dumpling-%26-tea-house/gSYTmwPJQfSI-FiWu1LrUA,west-sacramento-california
https://www.ubereats.com/sacramento/food-delivery/burgers-and-brew-r-st/DVDjIWDhS8-XIRyZJt0A8Q,west-sacramento-california
https://www.ubereats.com/sacramento/food-delivery/tamashii-ramen/0mqkrh6oQtKkkBaH3H_H3A,west-sacramento-california
https://www.ubereats.com/sacramento/food-delivery/carls-jr-1616-covell-blvd/mqncr3ZUQNmQETgY2J25iA,west-sacramento-california
https://www.ubereats.com/sacramento/food-delivery/taco-bell-1580-w-el-camino-avenue-suite-a-1/U9R_uPO-RGS-hUPBbP1RkA,west-sacramento-california
https://www.ubereats.com/sacramento/food-delivery/falafel-corner/kPoCtrejRJSHtH7NRYxSlw,west-sacramento-california
https://www.ubereats.com/sacramento/food-delivery/starbucks-980-9th-sacramento/yYXqs-vWTCiu0uP89zookA,west-sacramento-california
https://www.ubereats.com/sacramento/food-delivery/madar%3A-afghan-fusion-street-food/hdDe5cJzQJiJzYbIOUZOkg,west-sacramento-california
https://www.ubereats.com/sacramento/food-delivery/giovannis-old-world-new-york-pizzeria/RLb2GYlgS826GR2j_ZVkvQ,west-sacramento-california
https://www.ubereats.com/sacramento/food-delivery/panda-garden/3iqZwCaPQjyr4P9F0U92Gw,west-sacramento-california
https://www.ubereats.com/sacramento/food-delivery/mr-pickles-sandwich-shop-folsom-blvd-sacramento/uf_zmaYoRuyVEE9NZu-vqQ,west-sacramento-california
https://www.ubereats.com/sacramento/food-delivery/power-market-deli-3041/JktQCUXvQSKeibIy25U-ag,west-sacramento-california
https://www.ubereats.com/sacramento/food-delivery/michoacalli/OdggHXkYTKiDqR6d8Fe1qA,west-sacramento-california
https://www.ubereats.com/sacramento/food-delivery/chipotle-mexican-grill-1729-howe-ave/sZtnT-8jRYK4qgIE3jwM2w,west-sacramento-california
https://www.ubereats.com/sacramento/food-delivery/mcdonalds-2244-lake-washington-blvd/VVCBNHqWRlqTY8DzRjlhWg,west-sacramento-california
https://www.ubereats.com/sacramento/food-delivery/panchos-cocina-mexicana-%26-grill/SACJdwvwQZKdiaeNJMURGg,west-sacramento-california
https://www.ubereats.com/sacramento/food-delivery/burger-king-2714-el-centro-road/CvFy5QBbQ0uwidP0FTdhHQ,west-sacramento-california
https://www.ubereats.com/sacramento/food-delivery/kfc-2330-longport-court/_fxMT4_PQGCFATknPfAqKw,west-sacramento-california
https://www.ubereats.com/sacramento/food-delivery/sacramento-cafe-%26-brew/9JYlJhepQ3Ka5_oosD3Y5A,west-sacramento-california
https://www.ubereats.com/sacramento/food-delivery/mcdonalds-2729-w-capitol-ave/tPz-WC6ZSoOZxqGwOe4vUQ,west-sacramento-california
https://www.ubereats.com/sacramento/food-delivery/subway-705-harbor-pointe-pl-ste-b/rjWb8PGDQBWzt5oqMgQPQA,west-sacramento-california
https://www.ubereats.com/sacramento/food-delivery/t-and-r-bbq/S2l5__zXRY6NhfZiNjDzdw,west-sacramento-california
https://www.ubereats.com/sacramento/food-delivery/raretea/FzzIH48MQiiJd4UJVXOz3Q,west-sacramento-california
https://www.ubereats.com/sacramento/food-delivery/jack-in-the-box-3456-775-harbor-pointe-pl/4gu0Q7MLQMKQjsypnmd70w,west-sacramento-california
https://www.ubereats.com/sacramento/food-delivery/pizza-rock-sacramento/t5JEeJmzQyiW00wKKaWLYg,west-sacramento-california
https://www.ubereats.com/sacramento/food-delivery/la-crosta-pizza-bar/dh2x2xqxSuCdJrWr1sEvMA,west-sacramento-california
https://www.ubereats.com/sacramento/food-delivery/popeyes-1500-w-el-camino-ave/GpafLavQTge8jspu2LzZsw,west-sacramento-california
https://www.ubereats.com/sacramento/food-delivery/robertas-cocina-mexicana/qtZ38ZRWS4O0h2sJqpfJ1g,west-sacramento-california
https://www.ubereats.com/sacramento/food-delivery/la-fiesta-taqueria-citrus-heights/KSLavbzcRs-qgm6WEO6eNw,west-sacramento-california
https://www.ubereats.com/sacramento/food-delivery/preethi-indian-cuisine/ZbVtDSSxTfeI-gi3zijbgQ,west-sacramento-california
https://www.ubereats.com/sacramento/food-delivery/oba-japanese-kitchen/xchr5i_PQUSHB5SRevcr8w,west-sacramento-california
https://www.ubereats.com/sacramento/food-delivery/broderick-roadhouse-west-sac/lvTIX51oRUiFk26UJB4O9A,west-sacramento-california
https://www.ubereats.com/sacramento/food-delivery/ruths-chris-steak-house-501-pavilions-lane/ZlNp0qtSTIuMCHwTG1DrFw,west-sacramento-california
https://www.ubereats.com/sacramento/food-delivery/kabab-corner/8CWbN-l_QK-fAPvgVH3gjg,west-sacramento-california
https://www.ubereats.com/sacramento/food-delivery/togos-2620-gateway-oaks-dr-ste-110/IOkCqDz5QXCDMc-kKc5ABQ,west-sacramento-california
https://www.ubereats.com/sacramento/food-delivery/orchid-thai-restaurant-%26-bar/KiP1gm_9QHuY8wigMNwTVg,west-sacramento-california
https://www.ubereats.com/sacramento/food-delivery/jamba-juice-1127-alhambra-blvd/mTQB_AZ5Q2ij3FHLAy5SUw,west-sacramento-california
https://www.ubereats.com/sacramento/food-delivery/skips-fish-%26-chicken/iTnXuQHFRnGvAZAw1LKh4g,west-sacramento-california
https://www.ubereats.com/sacramento/food-delivery/mi-gusto-es/4L409MCyTq-zZKhTmMnkYg,west-sacramento-california
https://www.ubereats.com/sacramento/food-delivery/oishii-sushi/TjDIkEXTQZakvARj07jfQQ,west-sacramento-california
https://www.ubereats.com/sacramento/food-delivery/subway-1036-west-capitol-ave/aKIS2-PSTRi0ZEp2Jf8_QQ,west-sacramento-california
https://www.ubereats.com/sacramento/food-delivery/el-pollo-loco-8244-delta-shores-cir6150/hShAUzd6Qu2CG46NG2w0JQ,west-sacramento-california
https://www.ubereats.com/sacramento/food-delivery/masa-guiseria/BwwHKgjASBykxTVbueRSjw,west-sacramento-california
https://www.ubereats.com/sacramento/food-delivery/mcdonalds-folsom-%26-56th/PRrkCT49Qtqu8yORo5ph7Q,west-sacramento-california
https://www.ubereats.com/sacramento/food-delivery/a%26w-812-westacre-road/bSPOo7VWQ5mga0JsZ21hhQ,west-sacramento-california
https://www.ubereats.com/sacramento/food-delivery/california-burrito-w-capitol/iJT3N3iUR5OBmWOC-M-fwQ,west-sacramento-california
https://www.ubereats.com/sacramento/food-delivery/dennys-4441-e-commerce-way/dKPwHf54TN2nYLNeiQ97yw,west-sacramento-california
https://www.ubereats.com/sacramento/food-delivery/falafel-corner-n-freeway-blvd/kz_S8QgNTNGRM-XoyWDLLw,west-sacramento-california
https://www.ubereats.com/sacramento/food-delivery/papa-murphys-2455-jefferson-boulevard-suite-110/AvTZDqTZQB2nu5tP21lkmQ,west-sacramento-california
https://www.ubereats.com/sacramento/food-delivery/kabab-corner/hvuExMfyTYmX7AGgVfgXrA,west-sacramento-california
https://www.ubereats.com/sacramento/food-delivery/binchoyaki-izakaya-dining/I_RlUKaBT26gj-I3U9RNdA,west-sacramento-california
https://www.ubereats.com/sacramento/food-delivery/ahipoki-bowl-sacramento/djYbGX90Tg-0Qt6bsvayYQ,west-sacramento-california
https://www.ubereats.com/sacramento/food-delivery/jamba-juice-2155-town-center-plaza-ste-%23140/GL_r1JpTS6-opMsTy44fpw,west-sacramento-california
https://www.ubereats.com/sacramento/food-delivery/starbucks-alhambra-%26-n/FCIzFtxcQZmSI0KHShoFog,west-sacramento-california
https://www.ubereats.com/sacramento/food-delivery/mobetta-finger-foods-southern-cuisine/rFcN5Qj1S6-ddjaVl-SP_A,west-sacramento-california
https://www.ubereats.com/sacramento/food-delivery/revolution-winery-%26-kitchen/MtoFGO4DSy6soza6niebYg,west-sacramento-california
https://www.ubereats.com/sacramento/food-delivery/mountain-mikes-pizza-gateway-oaks-dr/hc0cXH-HSMq8IebC1JHcjA,west-sacramento-california
https://www.ubereats.com/sacramento/food-delivery/sai-varee/OYLuBUH-Sr26aqy9B_PSYg,west-sacramento-california
https://www.ubereats.com/sacramento/food-delivery/bento-box/6K5-AX6bQ92nGkUdF2e23g,west-sacramento-california
https://www.ubereats.com/sacramento/food-delivery/cinnabon-1689-arden-way-space-%232002/nqwSjI6_QmGXpSavCrbRKg,west-sacramento-california
https://www.ubereats.com/sacramento/food-delivery/kfc-6099-stockton-boulevard/LgkWBnW9QZedgKvtWQEiWA,west-sacramento-california
https://www.ubereats.com/sacramento/food-delivery/kickn-mule/Ux_j6KYLTXeOoZaxkBDnEQ,west-sacramento-california
https://www.ubereats.com/sacramento/food-delivery/mcdonalds-richards-blvd/jNYGurTfTb2_J4aWoXli3Q,west-sacramento-california
https://www.ubereats.com/sacramento/food-delivery/shake-shack-ice-blocks/lgcj1NezSoyoTi1VeMUt4g,west-sacramento-california
https://www.ubereats.com/sacramento/food-delivery/flakos-takos/XA0b75dzTI-yHRPPuR-NMQ,west-sacramento-california
https://www.ubereats.com/sacramento/food-delivery/sourdough-%26-co-sacramento-broadway/BwigF-6-Q2CqhKNH7RkYxg,west-sacramento-california
https://www.ubereats.com/sacramento/food-delivery/mcdonalds-1700-w-capitol-ave/pbe45UTCQ2qGvgkCghzvSQ,west-sacramento-california
https://www.ubereats.com/sacramento/food-delivery/le-croissant-deli/zXTdTWKLS0mFa-2ClqgnGQ,west-sacramento-california
https://www.ubereats.com/sacramento/food-delivery/ihop-1421-meadowview-rd/ovzXGXT-QW-nmxDifc14wQ,west-sacramento-california
https://www.ubereats.com/sacramento/food-delivery/panda-express-2940-del-paso-road/s-ozmkSRTl6DsJ1aC7SV4g,west-sacramento-california
https://www.ubereats.com/sacramento/food-delivery/lotus-fusion/GyBPSsPxR5W_5AGN-Ls0Sg,west-sacramento-california
https://www.ubereats.com/sacramento/food-delivery/subway-4160-northgate-blvd/7CMDauY2TF2OZWNhtnjvHg,west-sacramento-california
https://www.ubereats.com/sacramento/food-delivery/solomons-delicatessen/dw42ji51Ty6_HS4X6LHUUg,west-sacramento-california
https://www.ubereats.com/sacramento/food-delivery/bonchon-chicken-4740-natomas-blvd/OzIy_rVMSC6uwp8_EPxBJg,west-sacramento-california
https://www.ubereats.com/sacramento/food-delivery/the-collective/oSr9iqhVQFOQznnEV40bxA,west-sacramento-california
https://www.ubereats.com/sacramento/food-delivery/mcdonalds-northgate-%26-80/W2zKJiISThK95b_7TLVmbQ,west-sacramento-california
https://www.ubereats.com/sacramento/food-delivery/bruchis-cheesesteak-%26-subs/KLpgciknS9aRvu23AclQKg,west-sacramento-california
https://www.ubereats.com/sacramento/food-delivery/giant-pizza/lnYSMhWmSHiwkwaysTu2fQ,west-sacramento-california
https://www.ubereats.com/sacramento/food-delivery/panda-express-405-k-st/l3hHZp2SQNCTrg21goh7wA,west-sacramento-california
https://www.ubereats.com/sacramento/food-delivery/ricks-hacienda-mexican-restaurant/DgiGPlHHTKSDGNhV3Eac3w,west-sacramento-california
https://www.ubereats.com/sacramento/food-delivery/kikis-chicken-place-northgate/LEPBbQeCSaSUfTCWdBgPJg,west-sacramento-california
https://www.ubereats.com/sacramento/food-delivery/taqueria-garibaldi-howe-ave/1ZD47RvZSy6oaPwmzuVmUA,west-sacramento-california
https://www.ubereats.com/sacramento/food-delivery/panda-express-1802-19th-street/fBkS1u5SSOySpb-9acvqOg,west-sacramento-california
https://www.ubereats.com/sacramento/food-delivery/ny-gyros-%26-phillys/3OBFoacESz6sSyGOYc6j2A,west-sacramento-california
https://www.ubereats.com/sacramento/food-delivery/a%26w-3030-capitol-ave/AYKTDvqNT8Wa_Va8qIkb3Q,west-sacramento-california
https://www.ubereats.com/sacramento/food-delivery/arbys-2238-arden-way/tQlwm8jLQBKc69c25N1B3Q,west-sacramento-california
https://www.ubereats.com/sacramento/food-delivery/logans-roadhouse-sacramento/oMF76QofRpumkc0mI1mIiA,west-sacramento-california
https://www.ubereats.com/sacramento/food-delivery/ihop-3001-n-street/5dib75GSRDWMKxrLpH026A,west-sacramento-california
https://www.ubereats.com/sacramento/food-delivery/mcdonalds-del-paso-blvd/-5pTl4wCRzWzhSyWWqzLtQ,west-sacramento-california
https://www.ubereats.com/sacramento/food-delivery/popeyes-901-el-camino-ave/_qXQhp5BQxyuWFx0AnNGZg,west-sacramento-california
https://www.ubereats.com/sacramento/food-delivery/pho-viet-2/cS9P1E36TKiJ6hKyjHZ3kA,west-sacramento-california
https://www.ubereats.com/sacramento/food-delivery/del-taco-3027-k-st/q049rxOTSxixPL1dyQwWIg,west-sacramento-california
https://www.ubereats.com/sacramento/food-delivery/burgerim-5801-folsom-blvd/IqAN8q4TRKmoIfTSyP4zZw,west-sacramento-california
https://www.ubereats.com/sacramento/food-delivery/cilantros-mexican-restaurant/H8EonRrkSRuLEfiU_BV73w,west-sacramento-california
https://www.ubereats.com/sacramento/food-delivery/carls-jr-2241-del-paso-rd/yyJLBqtSRw2lpLaaG_iXUQ,west-sacramento-california
https://www.ubereats.com/sacramento/food-delivery/dos-coyotes-border-cafe-natomas/LOy-J9WkSMuk6KtQtL-Vzg,west-sacramento-california
https://www.ubereats.com/sacramento/food-delivery/jack-in-the-box-4128-norwood-ave/YiVYzSVkSjG2VMKgP5Yg2g,west-sacramento-california
https://www.ubereats.com/sacramento/food-delivery/papa-murphys-3291-truxel-rd-29/jGqvR_xdR2iIrgjHeItl-w,west-sacramento-california
https://www.ubereats.com/sacramento/food-delivery/fogo-de-minas-brazilian-steakhouse/lzDkpgplRgWJoyMcotbBoQ,west-sacramento-california
https://www.ubereats.com/sacramento/food-delivery/taco-bell-3820-northgate-blvd/JSYW51IhQ6ezG-n4xWos0Q,west-sacramento-california
https://www.ubereats.com/sacramento/food-delivery/sals-tacos/KqBkX51ETaaAlBlUrazTaQ,west-sacramento-california
https://www.ubereats.com/sacramento/food-delivery/starbucks-freeport-%26-sutterville/lx9UbL9oSoanGHw5c6K4Jw,west-sacramento-california
https://www.ubereats.com/sacramento/food-delivery/cindys/x7HPtT5vQQ-omj2iInuwBA,west-sacramento-california
https://www.ubereats.com/sacramento/food-delivery/the-habit-burger-grill-1431-howe-avenue-%23300/lvU__qRGQZyRI7T8YW0TyA,west-sacramento-california
https://www.ubereats.com/sacramento/food-delivery/purple-pig-eats/7lfd8i7rT4ihXg4lZvI2kg,west-sacramento-california
https://www.ubereats.com/sacramento/food-delivery/curry-up-now-sacramento/k6S_ejdZQAGD0X4lsN9Cog,west-sacramento-california
https://www.ubereats.com/sacramento/food-delivery/panda-express-735-harbor-point-place/-hCbhfISS_CRofyXnPdznA,west-sacramento-california
https://www.ubereats.com/sacramento/food-delivery/kfc-1501-meadowview-road/3QlSN1cgRRCp5C_ZFgSTOQ,west-sacramento-california
https://www.ubereats.com/sacramento/food-delivery/cuatro-amigos/mNeN347ZR-u6W0ez4Ohlpg,west-sacramento-california
https://www.ubereats.com/sacramento/food-delivery/ruchi-indian-cuisine/GRc8AYCSRgaCNGEgytfPHA,west-sacramento-california
https://www.ubereats.com/sacramento/food-delivery/luis-jrs-mexican-food/f8XDGiKnQ-WVf1fhRKd1rQ,west-sacramento-california
https://www.ubereats.com/sacramento/food-delivery/applebees-2024-arden-way-%2376065/gf9yWPIsQQCo09Y0r3KVOA,west-sacramento-california
https://www.ubereats.com/sacramento/food-delivery/midtown-sushi/qEqol-pPQKCGhG2BB9zu_w,west-sacramento-california
https://www.ubereats.com/sacramento/food-delivery/falafel-and-shawarma-planet/1Le1KKonSz6euoGD5fySjQ,west-sacramento-california
https://www.ubereats.com/sacramento/food-delivery/wienerschnitzel-2501-broadway/QIxzMyMbRVeyf7CJKtkxhg,west-sacramento-california
https://www.ubereats.com/sacramento/food-delivery/mizu/_-tNBrB6To6AglAuXoSx3A,west-sacramento-california
https://www.ubereats.com/sacramento/food-delivery/kathmandu-kitchen/r4fa-yq7SM2UeqvERhjbBQ,west-sacramento-california
https://www.ubereats.com/sacramento/food-delivery/papa-murphys-7832-gerber-road/xm7z-ulbQPSSVVJ7IkfOJg,west-sacramento-california
https://www.ubereats.com/sacramento/food-delivery/broderick-roadhouse-midtown/JuS9Nc_JSo6yEe_r4_2geQ,west-sacramento-california
https://www.ubereats.com/sacramento/food-delivery/pizzeria-urbano/SVrrG63LR1inw5YvPNITIQ,west-sacramento-california
https://www.ubereats.com/sacramento/food-delivery/kfc-812-westacre-road/ZqRXfOl-QHO8zNkmF027IA,west-sacramento-california
https://www.ubereats.com/sacramento/food-delivery/dennys-1235-harbor-blvd/IbIMOMQ-QFOxs_TTGfRRGQ,west-sacramento-california
https://www.ubereats.com/sacramento/food-delivery/taqueria-mayas/6b5IvE8LQEO_jAR1pwXL_Q,west-sacramento-california
https://www.ubereats.com/sacramento/food-delivery/vallejos-restaurant/ks_WGhX-TyadEuOOJqovmA,west-sacramento-california
https://www.ubereats.com/sacramento/food-delivery/dos-coyotes-border-cafe-sacramento-arden-way/rXUOq8wURCiedTsA8sy2fw,west-sacramento-california
https://www.ubereats.com/sacramento/food-delivery/ihop-3800-northgate-blvd/CGtxWHn2RCan9Moz8Ak2dg,west-sacramento-california
https://www.ubereats.com/sacramento/food-delivery/panda-house/1mq_OmW7QGyegcydUoFhfg,west-sacramento-california
https://www.ubereats.com/sacramento/food-delivery/blue-prynt-restaurant-%26-bar/XcTXj2uvQxWanS4YI_cjdQ,west-sacramento-california
https://www.ubereats.com/sacramento/food-delivery/cajun-feast/hfukp1wiReWW6CAl6xsyFA,west-sacramento-california
