url,city
https://www.ubereats.com/salt-lake-city/food-delivery/hamachi/5XZKyDymRA-pYMhDrqwT6Q,west-bountiful-utah
https://www.ubereats.com/salt-lake-city/food-delivery/pf-changs-905-w-west-promontory/yYtm1ErTSmiGGUJZ4OGY1g,west-bountiful-utah
https://www.ubereats.com/salt-lake-city/food-delivery/jersey-mikes-subs-618-w-2600-s/xbXkHsZwSBqYyT_0axb6Vg,west-bountiful-utah
https://www.ubereats.com/salt-lake-city/food-delivery/black-bear-diner-2474-s-575-w/jBkWsVf9SoCB1U9kU0HbdQ,west-bountiful-utah
https://www.ubereats.com/salt-lake-city/food-delivery/the-habit-burger-grill-260-n-union-ave-%23115/Q1ssr5VdQE2v7IrD7NiknA,west-bountiful-utah
https://www.ubereats.com/salt-lake-city/food-delivery/ihop-1737/0FtZn0YNS9mXqXAz4A7a6g,west-bountiful-utah
https://www.ubereats.com/salt-lake-city/food-delivery/noodles-%26-company-1032-w-park-ln-bldg-w/-LHDzQhTTlG5mn-YhFFeEg,west-bountiful-utah
https://www.ubereats.com/salt-lake-city/food-delivery/kfc-555-east-400-south/JFmcHQgeRhWO_twKdQn0ew,west-bountiful-utah
https://www.ubereats.com/salt-lake-city/food-delivery/bountiful-greek-cafe/LP1MgOX_T8mVRrlMmiw4bg,west-bountiful-utah
https://www.ubereats.com/salt-lake-city/food-delivery/ra-sushi-bar-165-sw-temple-building%231/BLWm1QeFQNmA0LkzrAErOw,west-bountiful-utah
https://www.ubereats.com/salt-lake-city/food-delivery/avenues-proper/Kiq3MFlCSdagnbElHhWz5Q,west-bountiful-utah
https://www.ubereats.com/salt-lake-city/food-delivery/pizza-pie-cafe-bountiful/wCJhotUkQm-IPvooTpyjPg,west-bountiful-utah
https://www.ubereats.com/salt-lake-city/food-delivery/wendys-210-west-500-south/LWmuRGoITtapZ12m6VWvRA,west-bountiful-utah
https://www.ubereats.com/salt-lake-city/food-delivery/papa-murphys-1645-west-700-north-suite-l/xNBX7eiuT8u04tsleoHUpQ,west-bountiful-utah
https://www.ubereats.com/salt-lake-city/food-delivery/papa-murphys-1298-north-us-89/CMSlKD6FQZ-0597YG7TyKA,west-bountiful-utah
https://www.ubereats.com/salt-lake-city/food-delivery/arbys-420-e-400-s/5YakgjG6TRKrj5xp2kvchA,west-bountiful-utah
https://www.ubereats.com/salt-lake-city/food-delivery/johnny-rockets-station-park/3XAj3l6gRUKat724MW1eVQ,west-bountiful-utah
https://www.ubereats.com/salt-lake-city/food-delivery/mikado/Govea5BOQbSHs4RUB01O1Q,west-bountiful-utah
https://www.ubereats.com/salt-lake-city/food-delivery/subway-588-west-2600-south/auZ_yJHjRMSaV8Unu3Lkrg,west-bountiful-utah
https://www.ubereats.com/salt-lake-city/food-delivery/hungry-hawaiian/LuNSN714QJ2Q9FL7Hr5nKQ,west-bountiful-utah
https://www.ubereats.com/salt-lake-city/food-delivery/sizzler-w-500-south/bk_LtcOQTpeVi4R28YgoaA,west-bountiful-utah
https://www.ubereats.com/salt-lake-city/food-delivery/kung-fu-tea-464-600-e-suite-a/SglHLYxISEur7uW_5CsDsw,west-bountiful-utah
https://www.ubereats.com/salt-lake-city/food-delivery/the-wings-guru/ikwNvhyBQYqmWdOUx1q-UQ,west-bountiful-utah
https://www.ubereats.com/salt-lake-city/food-delivery/kneaders-bakery-%26-cafe-bountiful-north-salt-lake-city/Hq9E0EVZSlKAcxuWSwpUiw,west-bountiful-utah
https://www.ubereats.com/salt-lake-city/food-delivery/kathmandu-grill/ktBVcIf6QDelcZW0oBMcLw,west-bountiful-utah
https://www.ubereats.com/salt-lake-city/food-delivery/pj-fresh-885-west-north-point-circle/xRfRbmx3T1Gv47A-__c2vA,west-bountiful-utah
https://www.ubereats.com/salt-lake-city/food-delivery/flemings-prime-steakhouse-%26-wine-bar-salt-lake-city/_RDDpCI4S9Okm1LWg3Dvpg,west-bountiful-utah
https://www.ubereats.com/salt-lake-city/food-delivery/mod-pizza-woods-cross/FHmoCHadReqi4rUIRqZs_g,west-bountiful-utah
https://www.ubereats.com/salt-lake-city/food-delivery/fiiz-drinks-bountiful/uiv3KBjeT1Sx7pyrADD6ow,west-bountiful-utah
https://www.ubereats.com/salt-lake-city/food-delivery/papa-johns-124-east-900-south/uEe2_Pr6SB6giTMfsyVYMA,west-bountiful-utah
https://www.ubereats.com/salt-lake-city/food-delivery/golden-pearl/juZe4dZwSbG2GB9mc8ByVg,west-bountiful-utah
https://www.ubereats.com/salt-lake-city/food-delivery/foodie-and-sweetie-dmarket/QfbxYXrdToCR44MddEDhQA,west-bountiful-utah
https://www.ubereats.com/salt-lake-city/food-delivery/firehouse-subs-490-east-1100-n/6GwSaukERjKdi8N4p5ACOA,west-bountiful-utah
https://www.ubereats.com/salt-lake-city/food-delivery/honest-eatery-regent-street/UggtL9XNTN2aJ6GOz3jKuA,west-bountiful-utah
https://www.ubereats.com/salt-lake-city/food-delivery/chile-amor/WN-D3p38ToaEAMVAhIZ5Xw,west-bountiful-utah
https://www.ubereats.com/salt-lake-city/food-delivery/blue-lemon-farmington/eO-YH8Q5TwuUUpzjwL6Pxw,west-bountiful-utah
https://www.ubereats.com/salt-lake-city/food-delivery/ihop-3533/TnrscYguTQSi8xGJdxyAfg,west-bountiful-utah
https://www.ubereats.com/salt-lake-city/food-delivery/cafe-zupas-2577-s-wild-cat-way/qwrw7ATWTPm9KDYt_eWHhQ,west-bountiful-utah
https://www.ubereats.com/salt-lake-city/food-delivery/kfc-495-south-500-west/2I17fFBXQhWz-FpdMJq5dg,west-bountiful-utah
https://www.ubereats.com/salt-lake-city/food-delivery/del-taco-585-n-redwood-road/rNNkrZyOQ5KQtMfiNVMOsA,west-bountiful-utah
https://www.ubereats.com/salt-lake-city/food-delivery/indochine/ftdIV9kxT4qrHHGUmcip2g,west-bountiful-utah
https://www.ubereats.com/salt-lake-city/food-delivery/chungas/EbRznCKURPOpBEHD6HDCgw,west-bountiful-utah
https://www.ubereats.com/salt-lake-city/food-delivery/jersey-mikes-sub-1060-w-park-lane/6yc9mUGQRy6iLvDgIv41pg,west-bountiful-utah
https://www.ubereats.com/salt-lake-city/food-delivery/taco-bell-311-north-frontage-road/Xrw3De7KT6OKYGTWza6Qwg,west-bountiful-utah
https://www.ubereats.com/salt-lake-city/food-delivery/tonyburgers-100-w-%26-parrish-ln/872jsIRRT1uPpawJ_IbSDA,west-bountiful-utah
https://www.ubereats.com/salt-lake-city/food-delivery/papa-johns-1322-n-highway-89/fTpVN3cIRSiUAbJtNrQdjQ,west-bountiful-utah
https://www.ubereats.com/salt-lake-city/food-delivery/chick-fil-a-540-n-800-w/3xQnVw5sR5eXAysWEz2jdA,west-bountiful-utah
https://www.ubereats.com/salt-lake-city/food-delivery/benihana-165-s-west-temple-bdlg%231/Oa4xz7GxSDuAsK37G06gQg,west-bountiful-utah
https://www.ubereats.com/salt-lake-city/food-delivery/star-of-india/sBL7ZNRDSQ-4X5Any-BAYQ,west-bountiful-utah
https://www.ubereats.com/salt-lake-city/food-delivery/maize-tacos/7v7m0Jf4QwGnrYWus7Bdfw,west-bountiful-utah
https://www.ubereats.com/salt-lake-city/food-delivery/wendys-363-north-market-place-drive/isko_W8pSGq0dw08t5z5tg,west-bountiful-utah
https://www.ubereats.com/salt-lake-city/food-delivery/caffe-torino/437OZmWQT8ed1-SmQPxdsg,west-bountiful-utah
https://www.ubereats.com/salt-lake-city/food-delivery/spitz-salt-lake-city/iLVIgDxITwSBatAGZ_lrcQ,west-bountiful-utah
https://www.ubereats.com/salt-lake-city/food-delivery/wendys-1005-n-500-east/4Bv7mIGYQu2vqjqZLBLY7w,west-bountiful-utah
https://www.ubereats.com/salt-lake-city/food-delivery/papa-murphys-388-north-main-street/HERqCxM3R_-CEcg8g6pVSQ,west-bountiful-utah
https://www.ubereats.com/salt-lake-city/food-delivery/taco-bell-509-west-500-south/9IUXbVcKSWuQdmVzZJfwPQ,west-bountiful-utah
https://www.ubereats.com/salt-lake-city/food-delivery/noodles-%26-company-358-s-700-e-ste-a/0oxn6Qi0Rd-hsHVz5t-sJQ,west-bountiful-utah
https://www.ubereats.com/salt-lake-city/food-delivery/del-taco-196-west-500-south/QRCwVxcCSa-XBxS_FeZmGQ,west-bountiful-utah
https://www.ubereats.com/salt-lake-city/food-delivery/papa-johns-1230-w-600-north/QXEORou4RdiGSSdgKk5mug,west-bountiful-utah
https://www.ubereats.com/salt-lake-city/food-delivery/mcdonalds-529-n-700-w/schgjgoFRZWC1FdUyhtDSQ,west-bountiful-utah
https://www.ubereats.com/salt-lake-city/food-delivery/fried-rice-express-gourmet/0tf12WLoRNqNKo-fmjefdg,west-bountiful-utah
https://www.ubereats.com/salt-lake-city/food-delivery/panda-express-350-n-central-ave/7poVlhPNQVWygh_Lj-WoSA,west-bountiful-utah
https://www.ubereats.com/salt-lake-city/food-delivery/papa-johns-755-n-hiway-89/o1Zfe4uIRVC6MZSnfoodLQ,west-bountiful-utah
https://www.ubereats.com/salt-lake-city/food-delivery/richs-burgers-n-grub/9irWCm9mQweFua_bV0MwtQ,west-bountiful-utah
https://www.ubereats.com/salt-lake-city/food-delivery/arbys-355-north-800-west/9j2mneK_Q4qm8r1S7HWGTA,west-bountiful-utah
https://www.ubereats.com/salt-lake-city/food-delivery/devils-pit-barbecue/tGqIEW_TQ5eJAyiq2DOTGQ,west-bountiful-utah
https://www.ubereats.com/salt-lake-city/food-delivery/corner-bakery-cafe-175-w-500-s/mkcDb4CuQuKfAH1eArE-GA,west-bountiful-utah
https://www.ubereats.com/salt-lake-city/food-delivery/subway-282-w-parrish-ln/MHmoDbk_RNKnOmUOvn74kw,west-bountiful-utah
https://www.ubereats.com/salt-lake-city/food-delivery/panda-express-245-west-500-south-space-b/prR2PIuYRlGGW5ajCyOn_Q,west-bountiful-utah
https://www.ubereats.com/salt-lake-city/food-delivery/blaze-pizza-260-n-university-drive/vl81F-yBT62eRpWb-_f_iA,west-bountiful-utah
https://www.ubereats.com/salt-lake-city/food-delivery/mcdonalds-500-south/C3IYkBduSM6bRrtp1YYk6w,west-bountiful-utah
https://www.ubereats.com/salt-lake-city/food-delivery/diversion-social-eatery/W8MthpWhRIKne1o2VRzNqw,west-bountiful-utah
https://www.ubereats.com/salt-lake-city/food-delivery/mcdonalds-610-w-2600-s/M2N0R6WgRjm5o43p1ORv7Q,west-bountiful-utah
https://www.ubereats.com/salt-lake-city/food-delivery/cold-stone-creamery-273-w-500-s/_aRAwCa2QzWle4GcWW0JoQ,west-bountiful-utah
https://www.ubereats.com/salt-lake-city/food-delivery/megaplex-theaters-centerville/m8ji1GiCT4qNBFG0K-grzA,west-bountiful-utah
https://www.ubereats.com/salt-lake-city/food-delivery/cool-bros-pizza/HnG-ZukpRryvSFOXWhLKWg,west-bountiful-utah
https://www.ubereats.com/salt-lake-city/food-delivery/burger-king-639-north-redwood-road/EG2fDxk0TgujcB4rzTUxDw,west-bountiful-utah
https://www.ubereats.com/salt-lake-city/food-delivery/chipotle-mexican-grill-135-n-500-w-ste-a/7yB0BQ6XTummP-kxZFx3cA,west-bountiful-utah
https://www.ubereats.com/salt-lake-city/food-delivery/barbacoa-mexican-grill-bountiful/-MMfFyKpT4ykDWNtLVwOsw,west-bountiful-utah
https://www.ubereats.com/salt-lake-city/food-delivery/wendys-n-1100-w-block-park-lane/M7VtUJKfTkWYIhNPRt4CXw,west-bountiful-utah
https://www.ubereats.com/salt-lake-city/food-delivery/doki-doki/F_mCzcUXQWy5lY8LJ1iu0A,west-bountiful-utah
https://www.ubereats.com/salt-lake-city/food-delivery/wok-lin-restaurant/6Kq9A6VjQ7KIpGLRyU8akQ,west-bountiful-utah
https://www.ubereats.com/salt-lake-city/food-delivery/freshfin-poke/_ya6Q-HwRRSZjU62EJ-Gsw,west-bountiful-utah
https://www.ubereats.com/salt-lake-city/food-delivery/the-salad-guru-vr/szyKhpb9RI6NI-ia1urSEw,west-bountiful-utah
https://www.ubereats.com/salt-lake-city/food-delivery/donut-kabobs/yFTTwPSKQMW4bYnFvsKrfA,west-bountiful-utah
https://www.ubereats.com/salt-lake-city/food-delivery/five-guys-ut-0409-255-north-500-west/YlBfBSxETxC-SWAJ0KjbbA,west-bountiful-utah
https://www.ubereats.com/salt-lake-city/food-delivery/kfc-132-north-redwood-road/36TG1DvtTdKyYyIsY59gxA,west-bountiful-utah
https://www.ubereats.com/salt-lake-city/food-delivery/starbucks-woods-cross-2600-s-and-i-15/T0wrrmJiS8apZJ9YZC_ttA,west-bountiful-utah
https://www.ubereats.com/salt-lake-city/food-delivery/twigs-bistro-and-martini-bar-155-e-promontory/6P38Ye38TImZeyYZRiTWEg,west-bountiful-utah
https://www.ubereats.com/salt-lake-city/food-delivery/papa-murphys-91-west-500-south/H6dzYF-aTpyAng0ATlpmUw,west-bountiful-utah
https://www.ubereats.com/salt-lake-city/food-delivery/cafe-zupas-262-n-central-ave/kbX6ZpuKQsaEIkzS5Yq1wg,west-bountiful-utah
https://www.ubereats.com/salt-lake-city/food-delivery/greek-souvlaki-downtown/7LU_zWqCTd2dVn7cT9G29g,west-bountiful-utah
https://www.ubereats.com/salt-lake-city/food-delivery/pizzeria-limone-bountiful/TcdY8CEjSoabhkhDhldIXQ,west-bountiful-utah
https://www.ubereats.com/salt-lake-city/food-delivery/megaplex-theaters-gateway/EX7dBIuZQhmEVuETJyLmiw,west-bountiful-utah
https://www.ubereats.com/salt-lake-city/food-delivery/starbucks-centerville-starbucks/xxRPP2RBSouiugnIdx4Srg,west-bountiful-utah
