url,city
https://www.ubereats.com/connecticut/food-delivery/quiznos-sub/LIwiIF1hRXG0CiORnM5VrQ,west-haven-connecticut
https://www.ubereats.com/connecticut/food-delivery/meal52/ptl0wEFSR5q4sJRxAqDfRQ,west-haven-connecticut
https://www.ubereats.com/connecticut/food-delivery/liberty-pizza/u2vuiK52ROKHFEr8lRYKRw,west-haven-connecticut
https://www.ubereats.com/springfield-ma/food-delivery/bridgeport-flyer-diner/xmrQkAMmR6m1wQYge1pfYw,west-haven-connecticut
https://www.ubereats.com/connecticut/food-delivery/tikkaway-fresh-indian-grill/7Le9JZ0mSKaoGmh3u2Fqrw,west-haven-connecticut
https://www.ubereats.com/connecticut/food-delivery/ten-second-yunnan-rice-noodle/9BI_mCnISMWqr72_lUlxlQ,west-haven-connecticut
https://www.ubereats.com/connecticut/food-delivery/guacamoles-mexican-cuisine/qR7NIW1NR3ShT-fz6RznWQ,west-haven-connecticut
https://www.ubereats.com/connecticut/food-delivery/vasija-de-barro/5oxI8yifSau3-j5reDPbfg,west-haven-connecticut
https://www.ubereats.com/connecticut/food-delivery/the-halal-guys-906-chapel-st/_IYZ5yGaSdSCOckM0g5DFg,west-haven-connecticut
https://www.ubereats.com/connecticut/food-delivery/oar-%26-oak/apxv-WqsR5ihduFGHivWkg,west-haven-connecticut
https://www.ubereats.com/connecticut/food-delivery/moes-southwest-grill-derby/QnPC5ZpFRC2EczjNWeHVuQ,west-haven-connecticut
https://www.ubereats.com/connecticut/food-delivery/dog-house-grill-and-ice-cream-parlor/QYQ0X1W4RQSuXCNSoI-eGw,west-haven-connecticut
https://www.ubereats.com/connecticut/food-delivery/starbucks-new-haven-church-street/-rQQpWJzT_mfknE4T_shuQ,west-haven-connecticut
https://www.ubereats.com/springfield-ma/food-delivery/andes-international-gourmet-deli/uIArCi5zSCeDk0svObPvIg,west-haven-connecticut
https://www.ubereats.com/springfield-ma/food-delivery/sonic-1365-old-boston-post-road/_foNSSo-SYy_EOB6X6wjIQ,west-haven-connecticut
https://www.ubereats.com/springfield-ma/food-delivery/dunkin-200-sargent-dr/F4Wrt3GATJuxHarYuK3oGA,west-haven-connecticut
https://www.ubereats.com/connecticut/food-delivery/still-river-bar-%26-grill/1HIjAMjgRpC9ro_aas8z8w,west-haven-connecticut
https://www.ubereats.com/connecticut/food-delivery/poke-cape/_z__81CBTwi1C47nPQDC2A,west-haven-connecticut
https://www.ubereats.com/connecticut/food-delivery/wayback-burger-185-boston-post-road/pffAyCt1T6OEH2XrRoRSKw,west-haven-connecticut
https://www.ubereats.com/connecticut/food-delivery/maison-mathis/Ke14YWXYSiqIGdyovXMvhA,west-haven-connecticut
https://www.ubereats.com/connecticut/food-delivery/popeyes-orange/unCm8MOZR9O6MpSvpfQ0qw,west-haven-connecticut
https://www.ubereats.com/connecticut/food-delivery/michaelangelo-pizza-%26-subs-restaurant/7Wh4c7cDRWGjWfwRWbT2uA,west-haven-connecticut
https://www.ubereats.com/connecticut/food-delivery/sbc-restaurant-%26-beer-bar-milford/fu12lPnOT4mt9MA8VU78cQ,west-haven-connecticut
https://www.ubereats.com/connecticut/food-delivery/the-hub-pizza-bar/I8yba4paQbCqtLYtsG2p3A,west-haven-connecticut
https://www.ubereats.com/connecticut/food-delivery/cajun-boiled-seafood-ct/FrBY_A9JQMizwkVt97qSJQ,west-haven-connecticut
https://www.ubereats.com/connecticut/food-delivery/swimmers-grill/Bu2D4pWiQf6erYXz-bBTZw,west-haven-connecticut
https://www.ubereats.com/connecticut/food-delivery/stop-%26-go-deli-branford/fzubvAWQRjub9pFsew1r-g,west-haven-connecticut
https://www.ubereats.com/connecticut/food-delivery/crown-fried-chicken-derby/9Cob4hdjQHC7yzFoag9OHg,west-haven-connecticut
https://www.ubereats.com/connecticut/food-delivery/dunkin-1179-chapel-st/nfr6SVcISXqEah2UE0-w3Q,west-haven-connecticut
https://www.ubereats.com/springfield-ma/food-delivery/amoys-cajun-creole-restaurant/axHm0GwrR0yyK55S3J3mBg,west-haven-connecticut
https://www.ubereats.com/connecticut/food-delivery/tavern-on-point/Qbp2ocVnQ_28hlpL4gIbfg,west-haven-connecticut
https://www.ubereats.com/connecticut/food-delivery/west-rock-deli/VKlgpb2yRXSRbBoFqWfhvQ,west-haven-connecticut
https://www.ubereats.com/connecticut/food-delivery/tollis-apizza-%26-restaurant/1SexBO0WSvSRqnLgjys0Tg,west-haven-connecticut
https://www.ubereats.com/connecticut/food-delivery/greens-and-grains/_RIJ-R2eSzm9TXokr18WYQ,west-haven-connecticut
https://www.ubereats.com/connecticut/food-delivery/starbucks-derby-new-haven-ave/qSB735_URAKalgpZ0UaYwA,west-haven-connecticut
https://www.ubereats.com/connecticut/food-delivery/salsa-fresca-mexican-grill-new-haven/SG4KGRCPRneBsDM0TS6Mvw,west-haven-connecticut
https://www.ubereats.com/connecticut/food-delivery/krauszers/1unwnXV1SFeD5w3BxAba4Q,west-haven-connecticut
https://www.ubereats.com/springfield-ma/food-delivery/starbucks-milford-shoprite-plaza/6t4Y-gNATZWG6Z0kLzC6Ig,west-haven-connecticut
https://www.ubereats.com/connecticut/food-delivery/orange-shanghai-gourmet/NUzMJXqXTma5jpZL3sSwcQ,west-haven-connecticut
https://www.ubereats.com/connecticut/food-delivery/fuji-chinese-%26-japanese-restaurant/cxaRV5wxTneAbSvc8uTwHg,west-haven-connecticut
https://www.ubereats.com/connecticut/food-delivery/misimi/hCeMvHwaSvmRs8iS1WhyEw,west-haven-connecticut
https://www.ubereats.com/springfield-ma/food-delivery/dunkin-889-state-st/G7edU_D7QL6Ylqz3sZr6Yw,west-haven-connecticut
https://www.ubereats.com/connecticut/food-delivery/new-haven-salad-shop/C2fB-5IESpqBJSXx09-UCA,west-haven-connecticut
https://www.ubereats.com/connecticut/food-delivery/basil-restaurant/IMlVyEC3SACQOiKYXkFVRw,west-haven-connecticut
https://www.ubereats.com/connecticut/food-delivery/caliente-deli-restaurant/tD1vvlzgQfuFT2TShPWNSA,west-haven-connecticut
https://www.ubereats.com/springfield-ma/food-delivery/stop-%26-go-deli-branford/fzubvAWQRjub9pFsew1r-g,west-haven-connecticut
https://www.ubereats.com/connecticut/food-delivery/dunkin-interstate-95-northbound/twxK0FR9Q7-RHE3Ij82Gfg,west-haven-connecticut
https://www.ubereats.com/connecticut/food-delivery/anaya-sushi-%26-ramen/JbMINEJXRAaIyMsoHX3tWQ,west-haven-connecticut
https://www.ubereats.com/connecticut/food-delivery/wayback-burgers-54-pershing-drive/V9BzB6-1SPW3YYyDtyLUJA,west-haven-connecticut
https://www.ubereats.com/connecticut/food-delivery/paradise-thai-cuisine/j1csS-k8T2WIucPvKm0qsg,west-haven-connecticut
https://www.ubereats.com/connecticut/food-delivery/paolo-ristorante/pM3QFiojRsuIXyRTFt_qXw,west-haven-connecticut
https://www.ubereats.com/connecticut/food-delivery/andes-international-gourmet-deli/uIArCi5zSCeDk0svObPvIg,west-haven-connecticut
https://www.ubereats.com/connecticut/food-delivery/mcdonalds-west-haven-campb/s0x0lnnwTBiFNoaW-eUbpQ,west-haven-connecticut
https://www.ubereats.com/connecticut/food-delivery/jersey-mikes-subs-branford-845-west-main-street/o7WBZr-UR6uhSAwtSE8A2g,west-haven-connecticut
https://www.ubereats.com/connecticut/food-delivery/bd-food-%26-deli/Cy-QPYwmTdeeGAMGnDMDIQ,west-haven-connecticut
https://www.ubereats.com/connecticut/food-delivery/ihop-486-boston-post-road/rQRQvxFNQwupDbDTZITUFQ,west-haven-connecticut
https://www.ubereats.com/connecticut/food-delivery/elm-city-social/Tw4WpU_7R6Kee4AnJ0W8LA,west-haven-connecticut
https://www.ubereats.com/springfield-ma/food-delivery/dunkin-293-elm-st/6vBbRvj_Q8GcaRHxOnxziw,west-haven-connecticut
https://www.ubereats.com/connecticut/food-delivery/cold-stone-creamery-297-boston-post-road/wwSxEIHOTDGlcM6yBrnd0A,west-haven-connecticut
https://www.ubereats.com/connecticut/food-delivery/main-port-fish-west-haven/po6fJibUTmG7XZOB3DGzrA,west-haven-connecticut
https://www.ubereats.com/springfield-ma/food-delivery/mikes-italian-deli-%26-grill/KQuS5TK0R1aCNyP_It4jFg,west-haven-connecticut
https://www.ubereats.com/connecticut/food-delivery/mcdonalds-new-haven-kimber/VkFSBRwYRXq69OeLgr-W5w,west-haven-connecticut
https://www.ubereats.com/connecticut/food-delivery/mexico-tipico-authentic-mexican-cuisine/Ju6Eax9LTbKjiV4KxMX3-g,west-haven-connecticut
https://www.ubereats.com/connecticut/food-delivery/the-whale-tea/InbR9W5DT2-NnY-Kr6agJw,west-haven-connecticut
https://www.ubereats.com/connecticut/food-delivery/t-swirl-crepe/1Y40x8IyRGKGYRFgvVnlPw,west-haven-connecticut
https://www.ubereats.com/connecticut/food-delivery/cinnabon-baked-at-pilot-433-old-gate-lane/q2dWgqWHQaSWIBel3HHXSw,west-haven-connecticut
https://www.ubereats.com/connecticut/food-delivery/gippers-restaurant-%26-ale-house/FNyh0zeKRViur_W3uFaIyg,west-haven-connecticut
https://www.ubereats.com/connecticut/food-delivery/chopsticks-kitchen/fMxqiBwoR0a3-7WAkxJysQ,west-haven-connecticut
https://www.ubereats.com/springfield-ma/food-delivery/stop-and-go-deli/sFfojGnfSfmtJVI9AmJ7Nw,west-haven-connecticut
https://www.ubereats.com/springfield-ma/food-delivery/duchess-restaurant-milford/SN8_0FKrTZyR2f7bf-mR0w,west-haven-connecticut
https://www.ubereats.com/springfield-ma/food-delivery/p-%26-m-fine-foods/zqmUItlCQdWrlGtW110Tog,west-haven-connecticut
https://www.ubereats.com/connecticut/food-delivery/kfc-1499-dixwell-avenue/hMEaER5aQy-fTHwt-RvcPw,west-haven-connecticut
https://www.ubereats.com/connecticut/food-delivery/noodle-house/hkTCTvVyQOmfWEpADfLlmQ,west-haven-connecticut
https://www.ubereats.com/connecticut/food-delivery/outback-steakhouse-698-bridgeport-avenue/8X4dZRcURt6THrMKHpubqg,west-haven-connecticut
https://www.ubereats.com/connecticut/food-delivery/el-fogon/IfcJ3cpVTQW2-xwAZPXThA,west-haven-connecticut
https://www.ubereats.com/springfield-ma/food-delivery/dunkin-2-connecticut-tpke-w/NXnyet6HQDayaWY9ytG10g,west-haven-connecticut
https://www.ubereats.com/connecticut/food-delivery/paradise-pizza/3jcPpgyBT7O2ahwYABfoXQ,west-haven-connecticut
https://www.ubereats.com/springfield-ma/food-delivery/chaps-grille/rH1-dHbtTdydSrpIiHcrzQ,west-haven-connecticut
https://www.ubereats.com/connecticut/food-delivery/dunkin-200-sargent-dr/F4Wrt3GATJuxHarYuK3oGA,west-haven-connecticut
https://www.ubereats.com/springfield-ma/food-delivery/bbq-chicken-new-haven-ct/Fvj-QhFuRwmx8OgJGjxQiw,west-haven-connecticut
https://www.ubereats.com/connecticut/food-delivery/p-%26-m-fine-foods/zqmUItlCQdWrlGtW110Tog,west-haven-connecticut
https://www.ubereats.com/connecticut/food-delivery/donde-el-paisa-restaurant/3s_9dfyNR6i9Ws22BP2e1A,west-haven-connecticut
https://www.ubereats.com/springfield-ma/food-delivery/popeyes-louisiana-kitchen-329-old-gate-lane/rYB5HcKiR4aTD5cBmZNp0g,west-haven-connecticut
https://www.ubereats.com/connecticut/food-delivery/torals-restaurant/WevTugqDQGClmeF_2al-tA,west-haven-connecticut
https://www.ubereats.com/connecticut/food-delivery/baingan/aQh1fi-WRKexI90EXaKfvg,west-haven-connecticut
https://www.ubereats.com/connecticut/food-delivery/on-the-border-orange/zTE49t1ZQF6OsX6EozKcZQ,west-haven-connecticut
https://www.ubereats.com/springfield-ma/food-delivery/mary-ellens-grocery-and-deli/4uRGzNQMQaqR5wBlJoVNZg,west-haven-connecticut
https://www.ubereats.com/connecticut/food-delivery/west-haven-pizza-and-deli/LrUHDQWLRGW_nWXsUrJlBA,west-haven-connecticut
https://www.ubereats.com/connecticut/food-delivery/kfc-650-east-main-street/zlvYpQAtQ3GjP29Vfgvr4g,west-haven-connecticut
https://www.ubereats.com/connecticut/food-delivery/dunkin-323-whalley-ave/QIYHmDexSB2ejDZD73W11w,west-haven-connecticut
https://www.ubereats.com/connecticut/food-delivery/tokyo-sushi-2/gHmvy1ZcT_6GFqltzmhTJQ,west-haven-connecticut
https://www.ubereats.com/springfield-ma/food-delivery/dunkin-294-foxon-blvd/ASazvFEtTWKlk638ctU6iA,west-haven-connecticut
https://www.ubereats.com/connecticut/food-delivery/new-haven-pizza-place/S9Oj1u89RzOV3AVnUTv-Tg,west-haven-connecticut
https://www.ubereats.com/connecticut/food-delivery/five-guys-ct-0612-845-west-main-st/LpeZFMl0QRSQWWQ5Y-OuxA,west-haven-connecticut
https://www.ubereats.com/connecticut/food-delivery/boiling-soho/ho8BxWLYQmWlUDUYagctsQ,west-haven-connecticut
https://www.ubereats.com/connecticut/food-delivery/rice-pot-thai-cuisine/ekUsek22QgCRhyeJSIO2Gg,west-haven-connecticut
https://www.ubereats.com/springfield-ma/food-delivery/duchess-restaurant-ansonia/R7o3IOyRSm6opPjGofafAg,west-haven-connecticut
https://www.ubereats.com/connecticut/food-delivery/center-street-social/sVEoTEAVTU-sJUMNKQaCzQ,west-haven-connecticut
https://www.ubereats.com/springfield-ma/food-delivery/sweetcookiebakery/bu7RSWrATb-97x-FGCmMsg,west-haven-connecticut
https://www.ubereats.com/connecticut/food-delivery/jamba-juice-263-boston-post-rd/Ygek966TTVCZVUbW_qohOg,west-haven-connecticut
https://www.ubereats.com/connecticut/food-delivery/hook-%26-reel-orange/bJv1jM2aRg2Y45RRsGKRvg,west-haven-connecticut
https://www.ubereats.com/connecticut/food-delivery/star-pizza-%26-cudas-seafood-restaurant/540-ej73TwufKSR11_M4IA,west-haven-connecticut
https://www.ubereats.com/connecticut/food-delivery/shanghai-chinese-restaurant/c5EjvzE1SeWmzEdp1vqUGA,west-haven-connecticut
https://www.ubereats.com/connecticut/food-delivery/mighty-munchies/QYi4whGSSfW0I8rvBvyo9g,west-haven-connecticut
https://www.ubereats.com/connecticut/food-delivery/salad-shop/Kz3ySe73RCGSRxVRe3zvqA,west-haven-connecticut
https://www.ubereats.com/connecticut/food-delivery/wing-madness-new-haven/-idTibxESdO9I7bf9y-grQ,west-haven-connecticut
https://www.ubereats.com/connecticut/food-delivery/dayton-street-apizza/qozOujFpS4SRtcN9ojccvg,west-haven-connecticut
https://www.ubereats.com/connecticut/food-delivery/sakuras-teriyaki-express/MEuXGuwDT_m8vDgxnQ9BZw,west-haven-connecticut
https://www.ubereats.com/connecticut/food-delivery/shell-%26-bones-restaurant/Tk1NR4rESfmkT9j3Rr0_MQ,west-haven-connecticut
https://www.ubereats.com/connecticut/food-delivery/the-sitting-room/rktALmVMQQSJ7BXizkNFbw,west-haven-connecticut
https://www.ubereats.com/springfield-ma/food-delivery/home/Ckbh5JHxSNumE4kcyPohGQ,west-haven-connecticut
https://www.ubereats.com/connecticut/food-delivery/five-guys-ct-0274-75-amity-rd/7qSi30dIRaudk0ZY9W0TfA,west-haven-connecticut
https://www.ubereats.com/connecticut/food-delivery/jordans-hot-dogs-%26-mac/d4JWWlXATYec8IUyeQ6NDA,west-haven-connecticut
https://www.ubereats.com/connecticut/food-delivery/mexcalli-black-truck/3QCNqNWkSreXNE68HbyS7w,west-haven-connecticut
https://www.ubereats.com/connecticut/food-delivery/kathys-famous-cookies/CjGze23qQZukgaMoMza0Yw,west-haven-connecticut
https://www.ubereats.com/springfield-ma/food-delivery/dunkin-189-forbes-rd/SjvZ_2m6RRi3Bv0ln7QffQ,west-haven-connecticut
https://www.ubereats.com/connecticut/food-delivery/chifrijo/4yb64zDpRYCTXg8jjD1HIw,west-haven-connecticut
https://www.ubereats.com/connecticut/food-delivery/dunkin-15-hemmingway-ave/RhzJkVTgQ-CLY9TRX9Kj9g,west-haven-connecticut
https://www.ubereats.com/connecticut/food-delivery/dennys-487-sawmill-rd/l_117GgGS4-mZcIboYlmQw,west-haven-connecticut
https://www.ubereats.com/connecticut/food-delivery/la-esquina-del-mofongo/5uVr3pKETGaHAbaLbNtoVw,west-haven-connecticut
https://www.ubereats.com/springfield-ma/food-delivery/three-brothers-diner-hamden-ct/sW1XteNyTk-csbNlp7gDYA,west-haven-connecticut
https://www.ubereats.com/connecticut/food-delivery/burger-king-880-west-main/0U23rVxLTgmjxEpR4zdmdQ,west-haven-connecticut
https://www.ubereats.com/connecticut/food-delivery/cast-iron-chef-chop-house-%26-oyster-bar/u9e5rXGbRIC-GqeWQ18vrg,west-haven-connecticut
https://www.ubereats.com/connecticut/food-delivery/number-one-chinese-restaurant/MtYZy_cqQ3qkVsE1boYaFQ,west-haven-connecticut
https://www.ubereats.com/connecticut/food-delivery/b-natural-97-orange-st/QNB6JE11TueiGO30GEMZog,west-haven-connecticut
https://www.ubereats.com/connecticut/food-delivery/sapori-ditalia/jfPkgtckQYWhehXtDTAH8w,west-haven-connecticut
https://www.ubereats.com/springfield-ma/food-delivery/devines-bagels/YpmX0i0CSiKakmXkDvjWwA,west-haven-connecticut
https://www.ubereats.com/connecticut/food-delivery/main-garden-chinese-restaurant/PKaWOH_BTNGNbnu0BYN9hg,west-haven-connecticut
https://www.ubereats.com/connecticut/food-delivery/aladdin-crown-pizza/w8CGEpt6SXmIHkAH0qs5Rw,west-haven-connecticut
https://www.ubereats.com/connecticut/food-delivery/garden-catering-new-haven/DF3tKXhsRwKmKIFaIccyEg,west-haven-connecticut
https://www.ubereats.com/connecticut/food-delivery/off-the-hook-seafood-%26-wings/DcHQptqgTgaWMDi3B1M-0g,west-haven-connecticut
https://www.ubereats.com/connecticut/food-delivery/suibian/PDCM72pkTem-XR780-RAFQ,west-haven-connecticut
https://www.ubereats.com/connecticut/food-delivery/sweetcookiebakery/bu7RSWrATb-97x-FGCmMsg,west-haven-connecticut
https://www.ubereats.com/connecticut/food-delivery/drewbaq/VfCW1Q7DT1SMUhu75gq_5g,west-haven-connecticut
https://www.ubereats.com/springfield-ma/food-delivery/dunkin-528-main-st/A5KmKHfiSKqQGZ3GZ9tNSQ,west-haven-connecticut
https://www.ubereats.com/springfield-ma/food-delivery/garden-catering-new-haven/DF3tKXhsRwKmKIFaIccyEg,west-haven-connecticut
https://www.ubereats.com/springfield-ma/food-delivery/nicks-luncheonette/w7HCziLJSImbzEM3xXHxow,west-haven-connecticut
https://www.ubereats.com/connecticut/food-delivery/new-havens-steamed/uj6DuImhSBqR0-Jhe2FBBg,west-haven-connecticut
https://www.ubereats.com/springfield-ma/food-delivery/noodle-shack/BPZkN4VlTzmCaR-VhktyxQ,west-haven-connecticut
https://www.ubereats.com/connecticut/food-delivery/the-greek-spot/vENfutGfS5igPpApnQba4A,west-haven-connecticut
https://www.ubereats.com/connecticut/food-delivery/dunkin-291-ferry-st/a_wtkKfVSk-izmBQoK9mHQ,west-haven-connecticut
https://www.ubereats.com/connecticut/food-delivery/sun-rise-house/sp_pX_xiTLm3DC4cA4XZHQ,west-haven-connecticut
https://www.ubereats.com/connecticut/food-delivery/cafe-amici/ER4VgdlwQQ2fZVj1WfqdzQ,west-haven-connecticut
https://www.ubereats.com/connecticut/food-delivery/burger-king-140-boston-post-road/waL0mVAsRGea6sCs6rrfCQ,west-haven-connecticut
https://www.ubereats.com/connecticut/food-delivery/subway-1367-new-haven-ave/0WPDqKeYQoa5gjvKlOXD5g,west-haven-connecticut
https://www.ubereats.com/connecticut/food-delivery/pj-fresh-433-old-gate-lane/aj0yoDMuTi6RzBh4g2FA2A,west-haven-connecticut
https://www.ubereats.com/connecticut/food-delivery/alpha-delta-special-cuisine/R4DXLPuATR-LfuUpXrRi9w,west-haven-connecticut
https://www.ubereats.com/connecticut/food-delivery/capotortos-apizza-center/2UpvPnSUSsGbFo10LSILnQ,west-haven-connecticut
https://www.ubereats.com/springfield-ma/food-delivery/vasija-de-barro/5oxI8yifSau3-j5reDPbfg,west-haven-connecticut
https://www.ubereats.com/springfield-ma/food-delivery/starbucks-west-haven-saw-mill-road/fntAMLi1SLyvPL99aCwTlQ,west-haven-connecticut
https://www.ubereats.com/connecticut/food-delivery/india-palace-restaurant/PDmYVEoQT5qgn2aRgIWQwg,west-haven-connecticut
https://www.ubereats.com/connecticut/food-delivery/hersoul-restaurant-and-bar/lOGKEVgUR6mjPqBMtVeGxw,west-haven-connecticut
https://www.ubereats.com/connecticut/food-delivery/mama-marys-soul-food/gQu3TzSITEOYJm_o2wo8Xw,west-haven-connecticut
https://www.ubereats.com/connecticut/food-delivery/pokemoto-chapel-st-new-haven-ct/Fzv6eERkRqOVIlwUp5Z04Q,west-haven-connecticut
https://www.ubereats.com/connecticut/food-delivery/pan-del-cielo-2/hI_Oa1IqQqO8uLUzVNPYpQ,west-haven-connecticut
https://www.ubereats.com/connecticut/food-delivery/anthonys-ocean-view/WE8UB5faQryN57dkJ0OOmw,west-haven-connecticut
https://www.ubereats.com/connecticut/food-delivery/costa-pizza/LuvlwQXwTze628aPqDk84A,west-haven-connecticut
https://www.ubereats.com/connecticut/food-delivery/barbarossa/cr4cKX5vS7W9MlXsIkwGGA,west-haven-connecticut
https://www.ubereats.com/springfield-ma/food-delivery/iishin-ramen-bar/hbFLqGMGQoSBIUaumrSZcg,west-haven-connecticut
https://www.ubereats.com/connecticut/food-delivery/barcode/t3x-xT5lST-Y2d5l7aLWCQ,west-haven-connecticut
https://www.ubereats.com/connecticut/food-delivery/sherkaan-indian-street-food/oq8_W5HjRjmvEKZ8DTmhxw,west-haven-connecticut
https://www.ubereats.com/connecticut/food-delivery/moon-rocks-gourmet-cookies/AI6DRDTeTZGkaAZOJUVQVw,west-haven-connecticut
https://www.ubereats.com/connecticut/food-delivery/elis-branford/C9jlAaf7TH2MQxrEIQQBXA,west-haven-connecticut
https://www.ubereats.com/connecticut/food-delivery/rosa-mina-ansonia/mnZRUXdySAWA3W4DOzbB3w,west-haven-connecticut
https://www.ubereats.com/connecticut/food-delivery/mcdonalds-orange-boston/h7eO4Wv8RoqUe9CVlRnWRQ,west-haven-connecticut
https://www.ubereats.com/connecticut/food-delivery/three-bridges-coffeehouse/rofa3k2uSUOm8RwABh_vYw,west-haven-connecticut
https://www.ubereats.com/connecticut/food-delivery/barracuda-bistro-%26-bar/wSwdmElnTWCu4GOeXPNvKw,west-haven-connecticut
https://www.ubereats.com/connecticut/food-delivery/nutrition-203/gZTZGYOTQQaONJsM7ZMGYQ,west-haven-connecticut
https://www.ubereats.com/springfield-ma/food-delivery/starbucks-derby-new-haven-ave/qSB735_URAKalgpZ0UaYwA,west-haven-connecticut
https://www.ubereats.com/connecticut/food-delivery/dunkin-320-main-st/19j7gV9zR4m8Rho7N16sBA,west-haven-connecticut
https://www.ubereats.com/springfield-ma/food-delivery/donut-crazy-shelton/tQ8n0oRaTSS8bolyWgokpQ,west-haven-connecticut
https://www.ubereats.com/connecticut/food-delivery/turkish-kebab-house/_KXlFuBiTMC8TjYJqhy9tA,west-haven-connecticut
https://www.ubereats.com/connecticut/food-delivery/hook-line-and-sinker/AHbzf4LhS_-Udk57JibFjw,west-haven-connecticut
https://www.ubereats.com/springfield-ma/food-delivery/milford-diner/zBOHiZx4QTi3L7MAxCCo1Q,west-haven-connecticut
https://www.ubereats.com/connecticut/food-delivery/sabor-peru/rxlOwQn4TMOLkBHs5v6nzQ,west-haven-connecticut
https://www.ubereats.com/connecticut/food-delivery/cilantro-fresh-mexican-grill/Hbw2iDVKRsSy5YIlCcitag,west-haven-connecticut
https://www.ubereats.com/connecticut/food-delivery/goodies-of-milford/VW-a5ydmSmWslmIdNZeVtQ,west-haven-connecticut
https://www.ubereats.com/connecticut/food-delivery/amity-brick-oven-pizza/Qf_kuhaBQra5BGIhVB68hg,west-haven-connecticut
https://www.ubereats.com/connecticut/food-delivery/nardellis-grinder-shoppeoxford/E-87F8fXRkmKSVHslrwPZw,west-haven-connecticut
https://www.ubereats.com/connecticut/food-delivery/the-greeks/UvIAq4y1RJKwOMx6-M8Uag,west-haven-connecticut
https://www.ubereats.com/connecticut/food-delivery/kfc-451-foxon-boulevard/ki2hL2iTQbmf2gQVnDTa1w,west-haven-connecticut
https://www.ubereats.com/connecticut/food-delivery/bomb-wings-%26-rice-bar/kFjj0u61Qd2E2BmzeOAF3Q,west-haven-connecticut
https://www.ubereats.com/connecticut/food-delivery/carmines-ristorante-italiano/Fx4iY-M0TvScRpzj5Q-RZA,west-haven-connecticut
https://www.ubereats.com/connecticut/food-delivery/dunkin-704-foxon-rd/hphr-b9jQm24DdDEk7h3VA,west-haven-connecticut
https://www.ubereats.com/connecticut/food-delivery/ninth-square-market-caribbean-style/rOSeMa8PQNyKrCALAvqm-A,west-haven-connecticut
https://www.ubereats.com/connecticut/food-delivery/pokemoto-hamden/6q1ednyjTuyqdqu--K_J7w,west-haven-connecticut
https://www.ubereats.com/connecticut/food-delivery/chuck-e-cheese-82-boston-post-road/u6ruX2zZQOe3msnybaSNaA,west-haven-connecticut
https://www.ubereats.com/connecticut/food-delivery/luigis-apizza/1gckmrvFQh-m8iurbSKDRA,west-haven-connecticut
https://www.ubereats.com/connecticut/food-delivery/zois-new-haven/3ScIVwOjQna1G8eVgj8e5g,west-haven-connecticut
https://www.ubereats.com/connecticut/food-delivery/boston-market-96-frontage-rd/wRBDXFiNSV2mRz3u2Q5qgw,west-haven-connecticut
https://www.ubereats.com/connecticut/food-delivery/unico-latino-grill/0EbweOrOQcSxccbTWoX0-w,west-haven-connecticut
https://www.ubereats.com/connecticut/food-delivery/elm-diner-west-haven-ct/aAq4IXM6Ql--86uMOJlhuA,west-haven-connecticut
https://www.ubereats.com/connecticut/food-delivery/addeos-fire-%26-ice/OqjOBPPfTZu0rwuylPBIUg,west-haven-connecticut
https://www.ubereats.com/connecticut/food-delivery/pizza-plus-shelton-ave/ZgY-vaUqTyuQoptiWAC_Ow,west-haven-connecticut
https://www.ubereats.com/connecticut/food-delivery/honey-baked-ham-1270-boston-post-road/CYUP5RcyQBqXrP2KLkmlBQ,west-haven-connecticut
https://www.ubereats.com/springfield-ma/food-delivery/krispy-krunchy-chicken-122-wilmot-rd/gwRCevw_QvCZ7hV3q45nuA,west-haven-connecticut
https://www.ubereats.com/connecticut/food-delivery/usa-1-pizza/qrQiz6lxSlmOtzeEOnQXrQ,west-haven-connecticut
https://www.ubereats.com/connecticut/food-delivery/the-corner-restaurant/Q7KYjprsRCy1MVDGzhTbYA,west-haven-connecticut
https://www.ubereats.com/connecticut/food-delivery/subway-515-saw-mill-rd/E6zEwI3mQ8GmwSSkuQUUYA,west-haven-connecticut
https://www.ubereats.com/connecticut/food-delivery/home/Ckbh5JHxSNumE4kcyPohGQ,west-haven-connecticut
https://www.ubereats.com/connecticut/food-delivery/hansik/hxMAqHFwQgO64-Ei7ATNsg,west-haven-connecticut
https://www.ubereats.com/connecticut/food-delivery/taste-of-china/iLwq2jriQd2atwxkJFPbug,west-haven-connecticut
https://www.ubereats.com/springfield-ma/food-delivery/bellas-napoli-pizza/C4tHPwroQHGYQnCk0YXHMA,west-haven-connecticut
https://www.ubereats.com/connecticut/food-delivery/friendlys-140-universal-dr-n/P2YIsK9cQ7aUb1xmePtvUA,west-haven-connecticut
https://www.ubereats.com/connecticut/food-delivery/mikes-italian-deli-%26-grill/KQuS5TK0R1aCNyP_It4jFg,west-haven-connecticut
https://www.ubereats.com/connecticut/food-delivery/highwood-bar/VG_OP3G2QWuqkvdoXKhsqg,west-haven-connecticut
https://www.ubereats.com/connecticut/food-delivery/brazzas-and-grill/pMk1YweERz2Vjfq6D4QKYw,west-haven-connecticut
https://www.ubereats.com/connecticut/food-delivery/grand-and-atwater-deli/7YZbyTAzQEiLNuX9_61ukg,west-haven-connecticut
https://www.ubereats.com/connecticut/food-delivery/salsas-authentic-mexican-restaurant/mxaWi9cIR6evxiM908olqw,west-haven-connecticut
https://www.ubereats.com/connecticut/food-delivery/lucky-kitchen/GaLceGNvT9iv70QLttncyQ,west-haven-connecticut
https://www.ubereats.com/connecticut/food-delivery/rosso-vino-shore-dr/WNhP6XlGQOSbGzQzNIG_iw,west-haven-connecticut
https://www.ubereats.com/springfield-ma/food-delivery/boston-market-96-frontage-rd/wRBDXFiNSV2mRz3u2Q5qgw,west-haven-connecticut
https://www.ubereats.com/connecticut/food-delivery/jasa-asian-cuisine/uBliIY23QjiDJ5o1nrXBbw,west-haven-connecticut
https://www.ubereats.com/connecticut/food-delivery/wild-kanji/mVaA4ayhTumGfWwhBC_hAg,west-haven-connecticut
https://www.ubereats.com/connecticut/food-delivery/popeyes-louisiana-kitchen-new-haven/4sGvIjfURf2bE_Apy0qxPA,west-haven-connecticut
https://www.ubereats.com/connecticut/food-delivery/dunkin-2-connecticut-tpke-w/NXnyet6HQDayaWY9ytG10g,west-haven-connecticut
https://www.ubereats.com/springfield-ma/food-delivery/mad-mikes-cheesesteaks-%26-salads/Gdzy8J-3RQCRuJns_1pSPA,west-haven-connecticut
https://www.ubereats.com/connecticut/food-delivery/chipotle-mexican-grill-910-chapel-st/ZfPGQZEERZGn5Bj27CslHw,west-haven-connecticut
https://www.ubereats.com/connecticut/food-delivery/lumi-bento/70LNqWvMTQWxPcVuZMA2aw,west-haven-connecticut
https://www.ubereats.com/springfield-ma/food-delivery/sabor-latino-deli-ct/JIavlZaDSD2jTpbYOnnhFw,west-haven-connecticut
https://www.ubereats.com/springfield-ma/food-delivery/sapori-ditalia/jfPkgtckQYWhehXtDTAH8w,west-haven-connecticut
https://www.ubereats.com/connecticut/food-delivery/el-poblano-mexican-food/0zQ5I-2eTCmFB0jNfBow-g,west-haven-connecticut
https://www.ubereats.com/connecticut/food-delivery/chips-family-restaurant-orange/x5rCWeqzT7-NCRtV09eJSQ,west-haven-connecticut
https://www.ubereats.com/springfield-ma/food-delivery/donut-crazy-branford/fIatF6DmSaOr7fgnU9Re5g,west-haven-connecticut
https://www.ubereats.com/springfield-ma/food-delivery/duchess-restaurant-orange/DH9JaUbGSEi6duGnSvzs4A,west-haven-connecticut
https://www.ubereats.com/springfield-ma/food-delivery/dunkin-12-boston-post-rd/RVOQcF58QPeTqVKrbaVNSw,west-haven-connecticut
https://www.ubereats.com/connecticut/food-delivery/dunkin-294-foxon-blvd/ASazvFEtTWKlk638ctU6iA,west-haven-connecticut
https://www.ubereats.com/connecticut/food-delivery/south-bay-new-haven/u4iC43pzT2qJ2KCyqs39Vg,west-haven-connecticut
https://www.ubereats.com/springfield-ma/food-delivery/zois-new-haven/3ScIVwOjQna1G8eVgj8e5g,west-haven-connecticut
https://www.ubereats.com/connecticut/food-delivery/milkcraft-new-haven/LlOfXh6sTe-74bdyhawl-g,west-haven-connecticut
https://www.ubereats.com/connecticut/food-delivery/the-halal-guys-906-chapel-st-new-haven-ct/9d-C-UOKSB-hplNi8NXApg,west-haven-connecticut
https://www.ubereats.com/connecticut/food-delivery/krispy-krunchy-chicken-west-haven-6/9q7jut1VTc2r8B05cVGUuw,west-haven-connecticut
https://www.ubereats.com/connecticut/food-delivery/olmo-restaurant/sIEx7qaKTCmlcV8axDI5Uw,west-haven-connecticut
https://www.ubereats.com/springfield-ma/food-delivery/elm-diner-west-haven-ct/aAq4IXM6Ql--86uMOJlhuA,west-haven-connecticut
https://www.ubereats.com/connecticut/food-delivery/la-fortuna/OMueDAigTUagWti21NCGlw,west-haven-connecticut
https://www.ubereats.com/connecticut/food-delivery/order-of-fries/EI0ZaIM7S-eTZ5ON2wJncA,west-haven-connecticut
https://www.ubereats.com/connecticut/food-delivery/original-famiglia-pizza-%26-grill/yOWoOrR1TiqonYeAM1o8VA,west-haven-connecticut
https://www.ubereats.com/connecticut/food-delivery/five-guys-ct-0090-440-boston-post-rd/iIptlym1RFa2D57j53bfKA,west-haven-connecticut
https://www.ubereats.com/connecticut/food-delivery/barcade-new-haven/_4RORsdUSGu-1PhZ46CdhQ,west-haven-connecticut
https://www.ubereats.com/connecticut/food-delivery/sri-thai-restaurant/jL4XH7Z_TlalyGSWEt2Yow,west-haven-connecticut
https://www.ubereats.com/connecticut/food-delivery/pitorro-restaurant-west-haven/Xb2H8U2XTG-nHeT338EXPQ,west-haven-connecticut
https://www.ubereats.com/connecticut/food-delivery/sushi-palace/snOLOZPLQTyjWgk9SyhXzw,west-haven-connecticut
https://www.ubereats.com/springfield-ma/food-delivery/gw-carsons/hgEDz087Sl2V4BTtTP8JsQ,west-haven-connecticut
https://www.ubereats.com/connecticut/food-delivery/crabtown/DIFLHVUUQyCQLwdrdNqIAQ,west-haven-connecticut
https://www.ubereats.com/connecticut/food-delivery/temple-grill/hVEN6yB6SaewFBCLxQa8eg,west-haven-connecticut
https://www.ubereats.com/connecticut/food-delivery/new-york-pizza/CQp2mxi3RXCSaMU4bqKfOg,west-haven-connecticut
https://www.ubereats.com/connecticut/food-delivery/wah-chun-chinese-restaurant/ip2Ajp-iTkaErBOqARnFvg,west-haven-connecticut
https://www.ubereats.com/connecticut/food-delivery/doughlicious/dJHxaqtmSNi9qCmf2mjk-A,west-haven-connecticut
https://www.ubereats.com/connecticut/food-delivery/sbarro-pizza-50-union-ave/qIylJ3ACQIOVFZ4mP-VbPA,west-haven-connecticut
https://www.ubereats.com/connecticut/food-delivery/116-crown/X5GjCcQuReG_6SxT5w01uQ,west-haven-connecticut
https://www.ubereats.com/connecticut/food-delivery/palma-restaurant/DagizrO8SGW8fKcxSmm6uA,west-haven-connecticut
https://www.ubereats.com/connecticut/food-delivery/sushi-%26-wok/yXvWwyCFR3yBhJZJaUtUgA,west-haven-connecticut
https://www.ubereats.com/springfield-ma/food-delivery/ihop-486-boston-post-road/rQRQvxFNQwupDbDTZITUFQ,west-haven-connecticut
https://www.ubereats.com/springfield-ma/food-delivery/elm-city-social/Tw4WpU_7R6Kee4AnJ0W8LA,west-haven-connecticut
https://www.ubereats.com/springfield-ma/food-delivery/island-vybz-caribbean-restaurant-lounge/Pc6m5E_DR2Sd8JmZpVgYXw,west-haven-connecticut
https://www.ubereats.com/connecticut/food-delivery/gioves-pizza/gkUT-7pMSuO7f7jPhTNE7Q,west-haven-connecticut
https://www.ubereats.com/springfield-ma/food-delivery/amity-diner/8aoW86LVS-KE71GaKQ31aw,west-haven-connecticut
https://www.ubereats.com/connecticut/food-delivery/crown-fried-chicken-%26-fish/evRCIlylTtazJen8954vwQ,west-haven-connecticut
https://www.ubereats.com/connecticut/food-delivery/dunkin-295-blake-st/zNpg6wr5QGuBEBzO1267qw,west-haven-connecticut
https://www.ubereats.com/connecticut/food-delivery/wendys-75-whalley-ave/1sFVefQlTTe2K4pZGn-wkg,west-haven-connecticut
https://www.ubereats.com/connecticut/food-delivery/sandwich-shop/ARyDeoeHSiCY_n5t8UPsZg,west-haven-connecticut
https://www.ubereats.com/connecticut/food-delivery/jersey-mikes-subs-1599-boston-post-rd/6VbqFv1QSguCjeEMiAJddw,west-haven-connecticut
https://www.ubereats.com/connecticut/food-delivery/milford-sports-pub-%26-grill/zY5RKXQcRz6t5r7w7-rzBg,west-haven-connecticut
https://www.ubereats.com/connecticut/food-delivery/casa-bianca-pizza-restaurant/DdndEOlxT8-S4Wk2EiSZBQ,west-haven-connecticut
https://www.ubereats.com/connecticut/food-delivery/700-degrees-pizzeria/L-w0XwRCQFGPchkNT4-JrA,west-haven-connecticut
https://www.ubereats.com/connecticut/food-delivery/noodle-shack/BPZkN4VlTzmCaR-VhktyxQ,west-haven-connecticut
https://www.ubereats.com/connecticut/food-delivery/144-temple/Urlc6SsDSPeM9IEoTa8-0A,west-haven-connecticut
https://www.ubereats.com/connecticut/food-delivery/vivi-bubble-tea-new-haven/8uvYUBWbSfSB0zEcTHvMCw,west-haven-connecticut
https://www.ubereats.com/connecticut/food-delivery/take-away-market-llc/plzpmwkzSBCWdkXRpjO_Fg,west-haven-connecticut
https://www.ubereats.com/connecticut/food-delivery/sing-wah/WEgQ2KaJT4q2pm3ShE9MSA,west-haven-connecticut
https://www.ubereats.com/springfield-ma/food-delivery/wayback-burgers-54-pershing-drive/V9BzB6-1SPW3YYyDtyLUJA,west-haven-connecticut
https://www.ubereats.com/connecticut/food-delivery/chuan-du-hot-pot/6MV18RMMSgGZqjlmm_JKOg,west-haven-connecticut
https://www.ubereats.com/connecticut/food-delivery/la-chalupa-mexican-food/mZepwdRzTFyhtPbDrltjrw,west-haven-connecticut
https://www.ubereats.com/connecticut/food-delivery/b-natural-cafe/nOiPemhmQpSYMWTQtKHuQg,west-haven-connecticut
https://www.ubereats.com/springfield-ma/food-delivery/guacamoles-mexican-cuisine/qR7NIW1NR3ShT-fz6RznWQ,west-haven-connecticut
https://www.ubereats.com/connecticut/food-delivery/gutiz-restaurant-and-bakery-east-haven/ZRTLueEeQreYsLBXRP426g,west-haven-connecticut
https://www.ubereats.com/springfield-ma/food-delivery/starbucks-orange/Z5g12xcXRD-ohNQ24CmKLQ,west-haven-connecticut
https://www.ubereats.com/springfield-ma/food-delivery/dunkin-967-first-ave/Jj5usKQWShqSSiZWGUFkUg,west-haven-connecticut
https://www.ubereats.com/connecticut/food-delivery/chicky-nuggs/q7JgNGarSlOquz6je9l7xQ,west-haven-connecticut
https://www.ubereats.com/springfield-ma/food-delivery/village-bistro-at-beach-house/0vVRNL8tRzud7MepsPb72w,west-haven-connecticut
https://www.ubereats.com/springfield-ma/food-delivery/mac-%26-potato/THl2UpSBQ4iPplYKxt6Uow,west-haven-connecticut
https://www.ubereats.com/connecticut/food-delivery/hot-tamale-mexican-grill/z9pOdYnfQ1qOQXCzBMr9ow,west-haven-connecticut
https://www.ubereats.com/connecticut/food-delivery/chipotle-mexican-grill-2165-dixwell-ave-ste-2/oqv6xU2XS2GsOVfiOL8QUQ,west-haven-connecticut
https://www.ubereats.com/connecticut/food-delivery/the-regal-beagle/2L5JCwl2QkCv69g6R5Shww,west-haven-connecticut
https://www.ubereats.com/connecticut/food-delivery/chabaso-bakery/aWMZdiODTmmal3Za2_b8mg,west-haven-connecticut
https://www.ubereats.com/connecticut/food-delivery/atelier-florian/tR7XgBfATL2p6756WM7CjA,west-haven-connecticut
https://www.ubereats.com/connecticut/food-delivery/mariscos-mexican-restaurant/FBXAfPQ_TAWaGcfGixYUSQ,west-haven-connecticut
https://www.ubereats.com/connecticut/food-delivery/allegras-cafe/jO6eSJzpTZWOkYBvKPpHGg,west-haven-connecticut
https://www.ubereats.com/connecticut/food-delivery/outback-steakhouse-132-marsh-hill-road/rj38WMw3RvOhtzys-vM3vw,west-haven-connecticut
https://www.ubereats.com/connecticut/food-delivery/chaps-grille/rH1-dHbtTdydSrpIiHcrzQ,west-haven-connecticut
https://www.ubereats.com/connecticut/food-delivery/harvest-wine-bar/NO7j0fd7TCaowlqrJxq4RA,west-haven-connecticut
https://www.ubereats.com/connecticut/food-delivery/ola-restaurant/0sPSz6LBTea6qVnSgpkY9g,west-haven-connecticut
https://www.ubereats.com/connecticut/food-delivery/taste-of-thai/k1xewLxsTqOtPhk1c8B_dA,west-haven-connecticut
https://www.ubereats.com/connecticut/food-delivery/kimberly-restaurant/MNCOwgTZRl2qgPhYfP77GQ,west-haven-connecticut
https://www.ubereats.com/connecticut/food-delivery/taco-bell-89-boston-post-rd/DBweJXDASyW0n2Rvu6FM4w,west-haven-connecticut
https://www.ubereats.com/connecticut/food-delivery/mama-teresas-italian-restaurant/lcpZ6HCwQl6NFoOuXT2YXw,west-haven-connecticut
https://www.ubereats.com/springfield-ma/food-delivery/kruaszers-food-store/XDYZvCxmQRSu5TLbXmYfaw,west-haven-connecticut
https://www.ubereats.com/connecticut/food-delivery/3ds-jamaican-international-cuisine/qemxhDAuSFOu7Gk9G5IHmw,west-haven-connecticut
https://www.ubereats.com/springfield-ma/food-delivery/moxie-breakfast/-r47r5CYSDSAq-7e3TDffw,west-haven-connecticut
https://www.ubereats.com/connecticut/food-delivery/the-beer-collective/sDdHB9maToOfbkFUERMrXg,west-haven-connecticut
https://www.ubereats.com/springfield-ma/food-delivery/1640-wine-bar-%26-kitchen/7r-4Q_sEQcmiMYv8ZMD3UA,west-haven-connecticut
https://www.ubereats.com/connecticut/food-delivery/aribella/-U4CTCCOToGOlK3IwB9tFA,west-haven-connecticut
https://www.ubereats.com/connecticut/food-delivery/berts-deli/cjG7dmQdStuq1Z9b9c7DlQ,west-haven-connecticut
https://www.ubereats.com/connecticut/food-delivery/sabor-express/vzqMG2rsQAirPaP4SxFGUQ,west-haven-connecticut
https://www.ubereats.com/connecticut/food-delivery/freskos/LTgrM5pLSnq53hVN2GSvZg,west-haven-connecticut
https://www.ubereats.com/connecticut/food-delivery/iishin-ramen-bar/hbFLqGMGQoSBIUaumrSZcg,west-haven-connecticut
https://www.ubereats.com/connecticut/food-delivery/p-%26-m-orange-street-market/LzAnd9KpQimLePfLjfy5og,west-haven-connecticut
https://www.ubereats.com/springfield-ma/food-delivery/kfc-311-whalley-avenue/mg2KA3UkR7OEukkEnbn4hw,west-haven-connecticut
https://www.ubereats.com/connecticut/food-delivery/charleys-philly-steaks-1201-boston-post-rd-space-fc-12/a4BJPLlHTUus94V9h5Gzgg,west-haven-connecticut
https://www.ubereats.com/connecticut/food-delivery/bullseye-billiards-and-bar/KB-CVCaQTDCHrGPh7fFwPQ,west-haven-connecticut
https://www.ubereats.com/connecticut/food-delivery/donut-crazy-branford/fIatF6DmSaOr7fgnU9Re5g,west-haven-connecticut
https://www.ubereats.com/springfield-ma/food-delivery/astudillo-s-place/XYmojxo5R6GmnvVPEfCrfA,west-haven-connecticut
https://www.ubereats.com/connecticut/food-delivery/g-cafe-bakery/9BcIlrNPSLODe0nbP2264w,west-haven-connecticut
https://www.ubereats.com/connecticut/food-delivery/subway-1315-dixwell-ave/TfZhRS0pSomzSGRTQw0Lrw,west-haven-connecticut
https://www.ubereats.com/connecticut/food-delivery/katalinas-bakery/EuPBkf4wSZmrdU3kG3qPlg,west-haven-connecticut
https://www.ubereats.com/connecticut/food-delivery/sunrise-deli/LrFxdkgdTUKGsOtn-DJYpQ,west-haven-connecticut
https://www.ubereats.com/connecticut/food-delivery/starbucks-milford-shoprite-plaza/6t4Y-gNATZWG6Z0kLzC6Ig,west-haven-connecticut
https://www.ubereats.com/springfield-ma/food-delivery/dunkin-500-foxon-rd/yLaNbjUkSC2NvkqhzQ-uYw,west-haven-connecticut
https://www.ubereats.com/connecticut/food-delivery/sprinkles-ice-cream-shoppe/GdXUN3BUR7S1wXHPvE5Jdw,west-haven-connecticut
https://www.ubereats.com/connecticut/food-delivery/daiko-japanese-restaurant-%26-jerry-sans-sushi-bar/tJqIViyeTbWonDtLAvfn0w,west-haven-connecticut
https://www.ubereats.com/connecticut/food-delivery/taco-los-michoacons/-w7Y5CGKTGmUeXLImBQLAQ,west-haven-connecticut
https://www.ubereats.com/connecticut/food-delivery/krauszers-food-store/ZfnuHySYS9OxkQf3gijKuw,west-haven-connecticut
https://www.ubereats.com/connecticut/food-delivery/la-luna-ristorante/0eOCbBNZTsyUQN9yhTtjvQ,west-haven-connecticut
https://www.ubereats.com/connecticut/food-delivery/lumi-asian-fusion/A589BYDdQ4qH7MpXQnmdqA,west-haven-connecticut
https://www.ubereats.com/connecticut/food-delivery/bin-100-restaurant/NJivACkJSpSi7GAEeG2TQA,west-haven-connecticut
https://www.ubereats.com/connecticut/food-delivery/annex-pizza/zf76Wv1rTfiQigtT5_Lpug,west-haven-connecticut
https://www.ubereats.com/connecticut/food-delivery/prime-16-orange/h3C6r8XGRCGKWd9cGo7cpA,west-haven-connecticut
https://www.ubereats.com/connecticut/food-delivery/taco-santa-ines/edh3gnnbRmO4QGMtGfCYxw,west-haven-connecticut
https://www.ubereats.com/connecticut/food-delivery/wood-n-tap-hamden/087RdS7HRTK96cWUNRLowA,west-haven-connecticut
https://www.ubereats.com/connecticut/food-delivery/buffalo-wild-wings-350-universal-dr-n/BY4lVgwWQlyHlkRhPoiIKA,west-haven-connecticut
https://www.ubereats.com/connecticut/food-delivery/duchess-restaurant-ansonia/R7o3IOyRSm6opPjGofafAg,west-haven-connecticut
https://www.ubereats.com/connecticut/food-delivery/da-carmines/OlI0LpQESeCK9FbraOiduw,west-haven-connecticut
https://www.ubereats.com/connecticut/food-delivery/fratellis/ZDmHPgm1Q_-VSk_UckFNtw,west-haven-connecticut
https://www.ubereats.com/connecticut/food-delivery/burger-king-390-foxon-boulevard/kL_ijzXCQ3KuhSFRxd2uHA,west-haven-connecticut
https://www.ubereats.com/connecticut/food-delivery/downtown-pizza-new-haven/UwpkGvZBSnGG1mgmTObyJA,west-haven-connecticut
https://www.ubereats.com/connecticut/food-delivery/rawa/dGLw6KpdR5WWLVWRO4zfcw,west-haven-connecticut
https://www.ubereats.com/connecticut/food-delivery/cracker-barrel-old-country-store-30-research-drive/eG0Gkgb2QtOIKDOWhqBw-w,west-haven-connecticut
https://www.ubereats.com/connecticut/food-delivery/tomatillo-taco-joint-new-haven/4ObIhXrZRDSpLR_agD6hMg,west-haven-connecticut
https://www.ubereats.com/connecticut/food-delivery/wayback-burgers-hamden/e9RqW1PiSwaZSa-Ri3cHbg,west-haven-connecticut
https://www.ubereats.com/connecticut/food-delivery/mcdonalds-branford-w-main/cDRA6LI-SmyrM1v0p8F-oQ,west-haven-connecticut
https://www.ubereats.com/connecticut/food-delivery/taco-bell-956-chapel-st/vmbHFZqfRgauf1HzogkkNA,west-haven-connecticut
https://www.ubereats.com/springfield-ma/food-delivery/tropical-smoothie-cafe-new-haven/ekeq6Bn0QCCB0p9iEAicmw,west-haven-connecticut
https://www.ubereats.com/connecticut/food-delivery/2-pagoda-chinese-restaurant/mKiZakCsQ1mnjMNITrwCew,west-haven-connecticut
https://www.ubereats.com/connecticut/food-delivery/brother-jimmys-bbq-new-haven/sDGYF_eLQ0qiCrj3YklFkA,west-haven-connecticut
https://www.ubereats.com/connecticut/food-delivery/sabor-latino-deli-ct/JIavlZaDSD2jTpbYOnnhFw,west-haven-connecticut
https://www.ubereats.com/connecticut/food-delivery/taco-bell-355-foxon-blvd/aJ7WOl58RMynUqWRwmsWIw,west-haven-connecticut
https://www.ubereats.com/springfield-ma/food-delivery/codys-diner/KhDo2zq0Slq8VQQkJqD3yQ,west-haven-connecticut
https://www.ubereats.com/springfield-ma/food-delivery/dunkin-51-york-st/j9RwIAL0RoakLFTJPn-VMA,west-haven-connecticut
https://www.ubereats.com/connecticut/food-delivery/krispy-krunchy-chicken-660-howard-st/iWRQ4nfhSkmIGZVqhYkPIg,west-haven-connecticut
https://www.ubereats.com/connecticut/food-delivery/jersey-mikes-subs-derby-50-pershing-dr/KCtiX6QpS8qq7qS21iCOYA,west-haven-connecticut
https://www.ubereats.com/connecticut/food-delivery/devines-bagels/YpmX0i0CSiKakmXkDvjWwA,west-haven-connecticut
https://www.ubereats.com/connecticut/food-delivery/king-chef-chinese/mYvAJnMEQz25Nvi7xz4cIQ,west-haven-connecticut
https://www.ubereats.com/connecticut/food-delivery/pokemoto-audubon-st-new-haven-ct/1xXUqsapQv2SuKKcDtPnbQ,west-haven-connecticut
https://www.ubereats.com/springfield-ma/food-delivery/scarpellinos-restaurant/jkUXZr1KQn-bUrpFn9lQZQ,west-haven-connecticut
https://www.ubereats.com/connecticut/food-delivery/1640-wine-bar-%26-kitchen/7r-4Q_sEQcmiMYv8ZMD3UA,west-haven-connecticut
https://www.ubereats.com/connecticut/food-delivery/taco-bell-543-bridgeport-ave/g2pF_K3WTcOY00YHq8HwQg,west-haven-connecticut
https://www.ubereats.com/connecticut/food-delivery/pizza-king-and-kebab/jVTdjRBqRUiOUcN1XH2puA,west-haven-connecticut
https://www.ubereats.com/connecticut/food-delivery/tandoor/BeflsxOuRSySsdJfppKfXQ,west-haven-connecticut
https://www.ubereats.com/connecticut/food-delivery/house-of-pho/CRsSYRvrSdyQz-6wNobm9A,west-haven-connecticut
https://www.ubereats.com/connecticut/food-delivery/dunkin-502-saw-mill-rd/tan9YMTpQ4OF8YyXwy0C8g,west-haven-connecticut
https://www.ubereats.com/connecticut/food-delivery/goodies-of-orange-west-haven/zlpC4iVGSxiBiLgR2DTczA,west-haven-connecticut
https://www.ubereats.com/springfield-ma/food-delivery/buffalo-wild-wings-350-universal-dr-n/BY4lVgwWQlyHlkRhPoiIKA,west-haven-connecticut
https://www.ubereats.com/connecticut/food-delivery/texiko-tequila-bar/d6ZyPYnFQZqI30V-zlLD_w,west-haven-connecticut
https://www.ubereats.com/connecticut/food-delivery/mooyah-burgers-1-atwood-place/s_vRQf5XQgiHI8alJ_ijMA,west-haven-connecticut
https://www.ubereats.com/springfield-ma/food-delivery/kimberly-restaurant/MNCOwgTZRl2qgPhYfP77GQ,west-haven-connecticut
https://www.ubereats.com/connecticut/food-delivery/pad-thai-restaurant/8R5Awa7DTzemiAZNT_IQqQ,west-haven-connecticut
https://www.ubereats.com/springfield-ma/food-delivery/chips-family-restaurant-orange/x5rCWeqzT7-NCRtV09eJSQ,west-haven-connecticut
https://www.ubereats.com/connecticut/food-delivery/rubamba/vmMsNwrqQLu2pEsnWvNvLw,west-haven-connecticut
https://www.ubereats.com/springfield-ma/food-delivery/dunkin-1-connecticut-tpke-e/hKF3AsU3RnGCOGT8tnvJGQ,west-haven-connecticut
https://www.ubereats.com/springfield-ma/food-delivery/barcade-new-haven/_4RORsdUSGu-1PhZ46CdhQ,west-haven-connecticut
https://www.ubereats.com/connecticut/food-delivery/pitaziki-mediterranean-grill/rzt6gbg-QPmSe2Yu0GYV0w,west-haven-connecticut
https://www.ubereats.com/springfield-ma/food-delivery/dunkin-226-boston-post-rd/gs1Q_1UkQYCex42XnjS_1A,west-haven-connecticut
https://www.ubereats.com/connecticut/food-delivery/noodle-house/7DTlB-bDQaGZzeAECL4EdA,west-haven-connecticut
https://www.ubereats.com/connecticut/food-delivery/taco-bell-960-w-main-st/bzJ7m9v1RFaM2EkbLDNdGA,west-haven-connecticut
https://www.ubereats.com/springfield-ma/food-delivery/casa-bianca-pizza-new-haven/lzaOlCLnRxyDVzfk-lKRKQ,west-haven-connecticut
https://www.ubereats.com/springfield-ma/food-delivery/crafted-by-hand-cafe/bqmLY7NxT22Ww2x2-YJ7RQ,west-haven-connecticut
https://www.ubereats.com/connecticut/food-delivery/west-haven-duchess-dineraunt/0em7504ETXqHdNWEOOvEWg,west-haven-connecticut
https://www.ubereats.com/connecticut/food-delivery/dunkin-377-boston-post-rd/qvP5O5wSQvW4C9Q-Ugy_6g,west-haven-connecticut
https://www.ubereats.com/connecticut/food-delivery/c-%26j-carribean-delights/jDEf7xOKR6yGO9cIhJxwlw,west-haven-connecticut
https://www.ubereats.com/connecticut/food-delivery/frankies-of-west-haven/nO2DZ0IKSQy0xpyYdXasfw,west-haven-connecticut
https://www.ubereats.com/connecticut/food-delivery/liberty-rock-tavern/tOuogvEUShq84xJjVE_mVA,west-haven-connecticut
https://www.ubereats.com/connecticut/food-delivery/kuro-shiro/eNoIKZiOR-iQoGD_x-RYaA,west-haven-connecticut
https://www.ubereats.com/connecticut/food-delivery/avelinos-pizza-restaurant/o0vQNLnfRJK6JL43xqxUrg,west-haven-connecticut
https://www.ubereats.com/springfield-ma/food-delivery/temple-grill/hVEN6yB6SaewFBCLxQa8eg,west-haven-connecticut
https://www.ubereats.com/connecticut/food-delivery/havenly-treats/p0eeEipcSiKLHKLrSaG5sg,west-haven-connecticut
https://www.ubereats.com/connecticut/food-delivery/michelinas-apizza-%26-restaurant/FnLuVAIlRS67GHtX7kn7ZQ,west-haven-connecticut
https://www.ubereats.com/springfield-ma/food-delivery/dunkin-1350-whalley-ave/x1dLebanRVuV_ZUjZGsZ5A,west-haven-connecticut
https://www.ubereats.com/connecticut/food-delivery/ray-and-mikes-dairy-%26-deli/Mzs6HpcdQRulDUYrb2kaeg,west-haven-connecticut
https://www.ubereats.com/connecticut/food-delivery/pizza-plus-hamilton-st/ZAz4m3rGQO-GUfpenrz2rQ,west-haven-connecticut
https://www.ubereats.com/connecticut/food-delivery/doner-cafe/q7zXK4TBQduXUBemHT_AMQ,west-haven-connecticut
https://www.ubereats.com/connecticut/food-delivery/five-guys-ct-0619-91-church-st/p4YKrrDtR8q3M9Wxu-wxqg,west-haven-connecticut
https://www.ubereats.com/connecticut/food-delivery/punjabi-kadhai/qg63m9m9QvSscfPBLwAMPQ,west-haven-connecticut
https://www.ubereats.com/connecticut/food-delivery/pasta-eataliana/sE6mwj8TSIy6Hf0z2bIgRQ,west-haven-connecticut
https://www.ubereats.com/connecticut/food-delivery/j%26j-restaurant-new-haven/nbW3dxpNT6CHzjYd7p85Vg,west-haven-connecticut
https://www.ubereats.com/connecticut/food-delivery/wasabi-orange/6btXWtjXSpW943RbbhQQmQ,west-haven-connecticut
https://www.ubereats.com/connecticut/food-delivery/hunan-house/-WdR9MszSe-befM7ZGSn2w,west-haven-connecticut
https://www.ubereats.com/connecticut/food-delivery/nardellis-grinder-shoppe-milford/E_jxwL1ZRmKat_AFOTBiQQ,west-haven-connecticut
https://www.ubereats.com/connecticut/food-delivery/dunkin-1350-whalley-ave/x1dLebanRVuV_ZUjZGsZ5A,west-haven-connecticut
https://www.ubereats.com/connecticut/food-delivery/brindavan/s2XFEr4SQk-jJ78aFFSRzA,west-haven-connecticut
https://www.ubereats.com/connecticut/food-delivery/international-taste-buds/OGtq6U_LRfeG0FX_fLP0Aw,west-haven-connecticut
https://www.ubereats.com/connecticut/food-delivery/burger-king-1329-whalley-avenue/hlieO6K4QzSlqJRkIisx6A,west-haven-connecticut
https://www.ubereats.com/connecticut/food-delivery/moxie-breakfast/-r47r5CYSDSAq-7e3TDffw,west-haven-connecticut
https://www.ubereats.com/connecticut/food-delivery/arbys-267-washington-ave/aMBLSXUjRLyyB7uRVNT-4Q,west-haven-connecticut
https://www.ubereats.com/connecticut/food-delivery/five-guys-ct-0600-823-bridgeport-ave/3SZ0MG9vSZKkbzD8hsPDWg,west-haven-connecticut
https://www.ubereats.com/connecticut/food-delivery/bar/DBHpr2lXQO2jztCA4QyyXA,west-haven-connecticut
https://www.ubereats.com/connecticut/food-delivery/caffe-bravo/OgM4htRGRoarWiA2zHmtOg,west-haven-connecticut
https://www.ubereats.com/springfield-ma/food-delivery/anthonys-ocean-view/WE8UB5faQryN57dkJ0OOmw,west-haven-connecticut
https://www.ubereats.com/connecticut/food-delivery/hooties-burger-bar-milford/LOQjOmThQV-xj7c3yn_Fow,west-haven-connecticut
https://www.ubereats.com/connecticut/food-delivery/g-cafe-bakery/3SluiGbwQmiB1sW5YlS6cw,west-haven-connecticut
https://www.ubereats.com/connecticut/food-delivery/krispy-krunchy-chicken-122-wilmot-rd/gwRCevw_QvCZ7hV3q45nuA,west-haven-connecticut
https://www.ubereats.com/connecticut/food-delivery/sesame-falafel/UAH2bMbdSQuzRKkZH_CQ8w,west-haven-connecticut
https://www.ubereats.com/connecticut/food-delivery/subway-39-elm-st/5CvYOHp0S1aXPRbATwAUeA,west-haven-connecticut
https://www.ubereats.com/connecticut/food-delivery/miyas-sushi/7YzplnqGSrq0skg8mInUkQ,west-haven-connecticut
https://www.ubereats.com/springfield-ma/food-delivery/corner-deli/cpiGJnQfR8aqzEP_rhtFrg,west-haven-connecticut
https://www.ubereats.com/connecticut/food-delivery/mac-%26-potato/THl2UpSBQ4iPplYKxt6Uow,west-haven-connecticut
https://www.ubereats.com/connecticut/food-delivery/mai-thai-restaurant/KWR0qm7ETtC2sCZx7t-RJw,west-haven-connecticut
https://www.ubereats.com/connecticut/food-delivery/papas-wings-%26-seafood/cc-ao3TvTPKeDgSJWrOA8Q,west-haven-connecticut
https://www.ubereats.com/connecticut/food-delivery/tgi-fridays-690-orange-ct/U32ShMloTpS_lKiipdLxKg,west-haven-connecticut
https://www.ubereats.com/connecticut/food-delivery/mad-mikes-cheesesteaks-%26-salads/4Z_r4xNATgKcdr8d0TjxNQ,west-haven-connecticut
https://www.ubereats.com/connecticut/food-delivery/tavern-on-state/6Xr33ZKjSlWqJKlYFsodyA,west-haven-connecticut
https://www.ubereats.com/connecticut/food-delivery/fresh-taco/TifnFBs3QDqpBCHqmYjUEg,west-haven-connecticut
https://www.ubereats.com/connecticut/food-delivery/tropical-breeze-jamaican-take-out/SP5fXitAS4yOan5yKBLg1Q,west-haven-connecticut
https://www.ubereats.com/connecticut/food-delivery/dough-dough-bird/D--atX8gQL6HXVj9JO-PHA,west-haven-connecticut
https://www.ubereats.com/springfield-ma/food-delivery/boston-market-1454-boston-post-road/-dU2piT1QEufFfRwIYpJNQ,west-haven-connecticut
https://www.ubereats.com/springfield-ma/food-delivery/walnut-beach-creamery/DHpt6JUKQcWhpxGsrsU3Qw,west-haven-connecticut
https://www.ubereats.com/connecticut/food-delivery/dunkin-528-main-st/A5KmKHfiSKqQGZ3GZ9tNSQ,west-haven-connecticut
https://www.ubereats.com/connecticut/food-delivery/elm-city-market/K1JFHUMlTiWb6wUHX-SZsg,west-haven-connecticut
https://www.ubereats.com/connecticut/food-delivery/chipotle-mexican-grill-1319-boston-post-rd-spc-4b/6gqLWi_ET8mrR1mv4wSjrA,west-haven-connecticut
https://www.ubereats.com/connecticut/food-delivery/mcdonalds-e-haven-main/eQFng7UkTeia-p6-Ww0AMg,west-haven-connecticut
https://www.ubereats.com/springfield-ma/food-delivery/kfc-1499-dixwell-avenue/hMEaER5aQy-fTHwt-RvcPw,west-haven-connecticut
https://www.ubereats.com/connecticut/food-delivery/jeera-thai/TZMBcdE0RpiWDbMULr1iTg,west-haven-connecticut
https://www.ubereats.com/connecticut/food-delivery/pine-rock-grocery/cH3HxnXXSwi93lJ-8u9gOg,west-haven-connecticut
https://www.ubereats.com/springfield-ma/food-delivery/dunkin-261-saw-mill-rd/aE4zCkguRBmQqpKJ__4x5g,west-haven-connecticut
https://www.ubereats.com/connecticut/food-delivery/casa-bianca-pizza-new-haven/lzaOlCLnRxyDVzfk-lKRKQ,west-haven-connecticut
https://www.ubereats.com/connecticut/food-delivery/coromandel-cuisine-of-india-orange/ahQNeOfSRKuWuwJ9rkB9sw,west-haven-connecticut
https://www.ubereats.com/connecticut/food-delivery/stormys-bull-%26-barley/bHOY1YZ9QHG-CknBwoQ3cg,west-haven-connecticut
https://www.ubereats.com/connecticut/food-delivery/the-ice-cream-shop/N6XXzibSTYWcBMKe0APdag,west-haven-connecticut
https://www.ubereats.com/connecticut/food-delivery/roaa-lebanese-cuisine/Cn4nv39PTxKRhbAylKwvUg,west-haven-connecticut
https://www.ubereats.com/springfield-ma/food-delivery/dunkin-377-boston-post-rd/qvP5O5wSQvW4C9Q-Ugy_6g,west-haven-connecticut
https://www.ubereats.com/connecticut/food-delivery/roost/mGT5H95jR5OuJgU-8rMIeQ,west-haven-connecticut
https://www.ubereats.com/connecticut/food-delivery/the-juice-box/HJJXk_8-TDKe9hOkpIxxoQ,west-haven-connecticut
https://www.ubereats.com/connecticut/food-delivery/wendys-15-boston-post-road/ZkE3kQQFSS2yQ3T3jqqurg,west-haven-connecticut
https://www.ubereats.com/connecticut/food-delivery/taco-bell-205-division-street/n83eULQlQASUCOhx-xWJ7g,west-haven-connecticut
https://www.ubereats.com/connecticut/food-delivery/alpha-delta-pizza/VHPvzS3aQsGw715WZdO9Ig,west-haven-connecticut
https://www.ubereats.com/connecticut/food-delivery/jacks-bar-and-steakhouse/tC3ZMm-JSdK8eGo5H3eOyg,west-haven-connecticut
https://www.ubereats.com/connecticut/food-delivery/duchess-restaurant-orange/DH9JaUbGSEi6duGnSvzs4A,west-haven-connecticut
https://www.ubereats.com/connecticut/food-delivery/parthenon-diner-restaurant/QQRdm9fmSvSpYwvYOfAkPQ,west-haven-connecticut
https://www.ubereats.com/springfield-ma/food-delivery/ibiza-restaurant-hamden/EKcNr9DbQkyq22TztqvR3A,west-haven-connecticut
https://www.ubereats.com/connecticut/food-delivery/gw-carsons/hgEDz087Sl2V4BTtTP8JsQ,west-haven-connecticut
https://www.ubereats.com/springfield-ma/food-delivery/palma-restaurant/DagizrO8SGW8fKcxSmm6uA,west-haven-connecticut
https://www.ubereats.com/connecticut/food-delivery/el-toro-authentic-mexican/aB6lIV1oRqm4f6Ggx9sxHw,west-haven-connecticut
https://www.ubereats.com/springfield-ma/food-delivery/el-toro-authentic-mexican/aB6lIV1oRqm4f6Ggx9sxHw,west-haven-connecticut
https://www.ubereats.com/connecticut/food-delivery/nicks-luncheonette/w7HCziLJSImbzEM3xXHxow,west-haven-connecticut
https://www.ubereats.com/connecticut/food-delivery/panda-express-2-connecticut-turnpike-west-service-plaza/FAjGwRkCRsimjfFHIU6ZRA,west-haven-connecticut
https://www.ubereats.com/connecticut/food-delivery/hing-wah-authentic-chinese-restaurant/P2NknzFmRQ6lH-VrWWR-Eg,west-haven-connecticut
https://www.ubereats.com/connecticut/food-delivery/balkana-european-market-%26-eatery/Du4xZSC9QpeygKFNjlxwBA,west-haven-connecticut
https://www.ubereats.com/connecticut/food-delivery/the-supreme-grill/f-brNZbpTqSbW72I2SNQvA,west-haven-connecticut
https://www.ubereats.com/connecticut/food-delivery/donut-crazy-shelton/tQ8n0oRaTSS8bolyWgokpQ,west-haven-connecticut
https://www.ubereats.com/springfield-ma/food-delivery/buns-n-dumplings/7QL07wbXT3yb1uLTVQ9Jvw,west-haven-connecticut
https://www.ubereats.com/connecticut/food-delivery/pizza-plus-grand-ave/RGoQU4L5QrG-u757qUstKQ,west-haven-connecticut
https://www.ubereats.com/connecticut/food-delivery/greens-and-grains/8VT4Ac9JTGeMeqeURBd37w,west-haven-connecticut
https://www.ubereats.com/connecticut/food-delivery/pacifico/4XeDutxWQ_ORaSewATEuIQ,west-haven-connecticut
https://www.ubereats.com/connecticut/food-delivery/capt-cajun/B93ebodrQiKtXEF9dWxTgw,west-haven-connecticut
https://www.ubereats.com/connecticut/food-delivery/koi/7DCg_EoqQgGeQd7-wUxKjg,west-haven-connecticut
https://www.ubereats.com/connecticut/food-delivery/lenas-cafe-and-confections/sNDSMUjbTzqiZmwnsneq0g,west-haven-connecticut
https://www.ubereats.com/connecticut/food-delivery/amity-diner/8aoW86LVS-KE71GaKQ31aw,west-haven-connecticut
https://www.ubereats.com/connecticut/food-delivery/westville-seafood/rb0Cnv7VR5e3PC409QVgdA,west-haven-connecticut
https://www.ubereats.com/connecticut/food-delivery/bellas-napoli-pizza/C4tHPwroQHGYQnCk0YXHMA,west-haven-connecticut
https://www.ubereats.com/connecticut/food-delivery/dunkin-12-boston-post-rd/RVOQcF58QPeTqVKrbaVNSw,west-haven-connecticut
https://www.ubereats.com/connecticut/food-delivery/koon-thai/Xe3LWOHXTQy6gNiUKLAFhA,west-haven-connecticut
https://www.ubereats.com/connecticut/food-delivery/bonfire-grille/culGINDeR2ObqbKqdk9dIQ,west-haven-connecticut
https://www.ubereats.com/connecticut/food-delivery/burgers-%26-wings/FFQTXOMJTFaIU_cWKyFpUA,west-haven-connecticut
https://www.ubereats.com/connecticut/food-delivery/thai-smile-restaurant/GoDp2ZNNRaG1ZpprNuG2IA,west-haven-connecticut
https://www.ubereats.com/springfield-ma/food-delivery/cajun-boiled-seafood-ct/FrBY_A9JQMizwkVt97qSJQ,west-haven-connecticut
https://www.ubereats.com/connecticut/food-delivery/junzi-kitchen-new-haven/cay3nN0uQ1qqnUxxQwgc-Q,west-haven-connecticut
https://www.ubereats.com/connecticut/food-delivery/saray-turkish-restaurant/JBG3FFeKQf-d1_msxKe_Ug,west-haven-connecticut
https://www.ubereats.com/connecticut/food-delivery/donut-crazy-stratford/5N66ZjSXRa2NnH1oygDKpQ,west-haven-connecticut
https://www.ubereats.com/connecticut/food-delivery/dunkin-1950-state-st/TugCx4zpR8KxsGam5hvCfA,west-haven-connecticut
https://www.ubereats.com/connecticut/food-delivery/taco-bell-1463-boston-post-rd/56TIKN7iTyygOXD8H-5Lrg,west-haven-connecticut
https://www.ubereats.com/connecticut/food-delivery/amici-tavern/T3gshXh2SrKVgzgApcWo9w,west-haven-connecticut
https://www.ubereats.com/connecticut/food-delivery/slice-of-new-haven/vaaOEWnFS0m_NGlTh40z_g,west-haven-connecticut
https://www.ubereats.com/connecticut/food-delivery/my-country-latin-restaurant/d77dAxZBThKnnIewrZj1Ng,west-haven-connecticut
https://www.ubereats.com/connecticut/food-delivery/outback-steakhouse-345-washington-street-big-y-plaza/tBKJFEj2QG2A9rgMBX7iwQ,west-haven-connecticut
https://www.ubereats.com/connecticut/food-delivery/joeys-wraps-and-salads-vr/o8tgfQKLQPKK5lTBlhBhTQ,west-haven-connecticut
https://www.ubereats.com/connecticut/food-delivery/sitar-indian-restaurant-new-haven/xvgFTBfXQiem0f-pu1ClSw,west-haven-connecticut
https://www.ubereats.com/connecticut/food-delivery/cedarhurst-cafe/N8YBgsh5SlGh0rqpP_m1zw,west-haven-connecticut
https://www.ubereats.com/connecticut/food-delivery/uncle-jimmies/sViGlUuZSHmeEwTRAVzqyQ,west-haven-connecticut
https://www.ubereats.com/connecticut/food-delivery/scarpellinos-restaurant/jkUXZr1KQn-bUrpFn9lQZQ,west-haven-connecticut
https://www.ubereats.com/connecticut/food-delivery/burgers-%26-wings/_7AUEBaqTVWID81yj_scyA,west-haven-connecticut
https://www.ubereats.com/connecticut/food-delivery/orchid-cafe/cn6upVJUSTyn_ObiP9hUDg,west-haven-connecticut
https://www.ubereats.com/connecticut/food-delivery/ming-feng-chinese/Nxd5MY56Q4GQxzK-GXCGFw,west-haven-connecticut
https://www.ubereats.com/connecticut/food-delivery/fatty-patty-shelton/dpIflaDrSTmRZPJisnuWuA,west-haven-connecticut
https://www.ubereats.com/connecticut/food-delivery/buca-trattoria/kdzRb22SS7eDLBWdzrI3Iw,west-haven-connecticut
https://www.ubereats.com/connecticut/food-delivery/pho-thai/Tl75bje0TxSzlPvtQ76xgQ,west-haven-connecticut
https://www.ubereats.com/connecticut/food-delivery/chipotle-mexican-grill-354-saw-mill-rd/qPuQiBJfSQ6a1t1Ht5sBPA,west-haven-connecticut
https://www.ubereats.com/connecticut/food-delivery/paradise-indian-cuisine/WNXgJ0fuRMy3jCR9as8aoQ,west-haven-connecticut
https://www.ubereats.com/connecticut/food-delivery/geronimo-southwest-grill-new-haven/NjHrOtTAQ06ICzZuexzdkg,west-haven-connecticut
https://www.ubereats.com/springfield-ma/food-delivery/starbucks-hamden/AnXXQE1zSVackbmaUg0Amg,west-haven-connecticut
https://www.ubereats.com/springfield-ma/food-delivery/costa-pizza/LuvlwQXwTze628aPqDk84A,west-haven-connecticut
https://www.ubereats.com/connecticut/food-delivery/popeyes-louisiana-kitchen-329-old-gate-lane/rYB5HcKiR4aTD5cBmZNp0g,west-haven-connecticut
https://www.ubereats.com/springfield-ma/food-delivery/b-natural-cafe/nOiPemhmQpSYMWTQtKHuQg,west-haven-connecticut
https://www.ubereats.com/springfield-ma/food-delivery/tacocat/r9-GQQZ_QkusAVKx0KbU7g,west-haven-connecticut
https://www.ubereats.com/connecticut/food-delivery/g-zen/CmmAp66xTBynn_swpfgkOQ,west-haven-connecticut
https://www.ubereats.com/connecticut/food-delivery/dunkin-200-captain-thomas-blvd/ZowEryzHQsCVv8MxElxIug,west-haven-connecticut
https://www.ubereats.com/connecticut/food-delivery/dunkin-864-whalley-ave/z44TxZcHRQa-LNkhkciu5Q,west-haven-connecticut
https://www.ubereats.com/connecticut/food-delivery/haven-hot-chicken/PJDd8oBUR6qjn7juVTKHGA,west-haven-connecticut
https://www.ubereats.com/connecticut/food-delivery/sonic-1365-old-boston-post-road/_foNSSo-SYy_EOB6X6wjIQ,west-haven-connecticut
https://www.ubereats.com/springfield-ma/food-delivery/tarry-lodge/QiZo9q4zSxu27VRrgKNhDA,west-haven-connecticut
https://www.ubereats.com/connecticut/food-delivery/ixtapa-grill-family-mexican-restaurant/tqpvx1GbRO6VsrbRy_tifw,west-haven-connecticut
https://www.ubereats.com/connecticut/food-delivery/los-cabos/43nZsqf7SRGEtDy9MEs_zg,west-haven-connecticut
https://www.ubereats.com/connecticut/food-delivery/dunkin-293-elm-st/6vBbRvj_Q8GcaRHxOnxziw,west-haven-connecticut
https://www.ubereats.com/connecticut/food-delivery/orange-ale-house/4O9NqlppQy6rI6h2NQ6C2A,west-haven-connecticut
https://www.ubereats.com/connecticut/food-delivery/tacos-la-patrona/wqd7fdMNRRWCb4VVcu6DTg,west-haven-connecticut
https://www.ubereats.com/connecticut/food-delivery/sonobana-japanese-restaurant/Zf0_9sljRcCnMvFkzsAEPA,west-haven-connecticut
https://www.ubereats.com/connecticut/food-delivery/hunan-pan/dyUMU7FsTLS_uDOxzj_sog,west-haven-connecticut
https://www.ubereats.com/connecticut/food-delivery/zaroka-bar-and-restaurant/mhmyDT1KSEWm_vd0lgmx7Q,west-haven-connecticut
https://www.ubereats.com/springfield-ma/food-delivery/milkcraft-new-haven/LlOfXh6sTe-74bdyhawl-g,west-haven-connecticut
https://www.ubereats.com/springfield-ma/food-delivery/popeyes-orange/unCm8MOZR9O6MpSvpfQ0qw,west-haven-connecticut
https://www.ubereats.com/connecticut/food-delivery/september-in-bangkok/zT_y-RLAQHyGbS1-3j5OVg,west-haven-connecticut
https://www.ubereats.com/connecticut/food-delivery/krauszers/_lB1T1n4QEOzp9vI_DXeXw,west-haven-connecticut
https://www.ubereats.com/connecticut/food-delivery/ben-%26-jerrys-new-haven/SauuNzY0Qiu6G5W9-NjGjQ,west-haven-connecticut
https://www.ubereats.com/connecticut/food-delivery/pho-ketkeo/onMNl-CBRyCzotIYREAJpg,west-haven-connecticut
https://www.ubereats.com/connecticut/food-delivery/yamasaki-teriyaki/-hjyjiZ-T3miLdjm0cKVVg,west-haven-connecticut
https://www.ubereats.com/connecticut/food-delivery/miso-japanese-restaurant/D4x92ALmQM6o7o-2w-agWw,west-haven-connecticut
https://www.ubereats.com/connecticut/food-delivery/subway-926-chapel-street/BZdJsLsTSeewXQTxJFXuEw,west-haven-connecticut
https://www.ubereats.com/connecticut/food-delivery/pompeos-restaurant/94bHoX0zTK-GQA2_39qVYQ,west-haven-connecticut
https://www.ubereats.com/connecticut/food-delivery/fonda-la-paloma/k1_6j_G8RnuXPgNbqsvXfQ,west-haven-connecticut
https://www.ubereats.com/connecticut/food-delivery/johnny-salamis-worldclass-sandwiches/9j2FeQmaQl2EUzMKrHFLBw,west-haven-connecticut
https://www.ubereats.com/connecticut/food-delivery/dunkin-interstate-95-southbound/Vy8ob5AFTO6r2e41EpMHdw,west-haven-connecticut
https://www.ubereats.com/connecticut/food-delivery/blessings-ii-go/O-E8CEDGRNyd_0dqQ8DuTA,west-haven-connecticut
https://www.ubereats.com/connecticut/food-delivery/bangkok-blvd/a1iqW0QlQOuG6_JjPTsc-A,west-haven-connecticut
https://www.ubereats.com/connecticut/food-delivery/elis-tavern/ye7FfuhfQoilbJ_fkWemkw,west-haven-connecticut
https://www.ubereats.com/springfield-ma/food-delivery/popeyes-35-whalley-ave/gnk8g-yESFOieihYyZ1afg,west-haven-connecticut
https://www.ubereats.com/connecticut/food-delivery/bella-villa-pizza/K-yr_xKKROCugg0jpQ58pg,west-haven-connecticut
https://www.ubereats.com/connecticut/food-delivery/pattys-caribbean-cuisine/thdRA1HjQf2HH0YiYqH90Q,west-haven-connecticut
https://www.ubereats.com/connecticut/food-delivery/the-original-jerrys-apizza/uQ50KAU0Sf6LRaamsTV4Kg,west-haven-connecticut
https://www.ubereats.com/springfield-ma/food-delivery/krauszers-food-store/eIYuJPM0QvSR29UkmgiblA,west-haven-connecticut
https://www.ubereats.com/connecticut/food-delivery/mecha-noodle-bar-new-haven/MxjHApodRPaBOUOS0lbbwA,west-haven-connecticut
https://www.ubereats.com/connecticut/food-delivery/amoys-cajun-creole-restaurant/axHm0GwrR0yyK55S3J3mBg,west-haven-connecticut
https://www.ubereats.com/connecticut/food-delivery/buffalo-wild-wings-1201-boston-post-rd/fVIaX8jES5Kkkgp7Z2Ch7Q,west-haven-connecticut
https://www.ubereats.com/connecticut/food-delivery/sobol-new-haven/ezh8IASKQ76T7gMCTJ7_NA,west-haven-connecticut
https://www.ubereats.com/springfield-ma/food-delivery/dunkin-255-kimberly-ave/lh1kDk6cTcqi_6be_qIitQ,west-haven-connecticut
https://www.ubereats.com/connecticut/food-delivery/dunkin-96-frontage-rd/DAuvi2igSoaYYO1tpRKXUw,west-haven-connecticut
https://www.ubereats.com/connecticut/food-delivery/sushi-x/WW9YXghTQg-dTL5u_9TKrA,west-haven-connecticut
https://www.ubereats.com/connecticut/food-delivery/hooters-boston-post-rd-%26-forest-rd/MHsGltLVQI-rVxdmwWAwMA,west-haven-connecticut
https://www.ubereats.com/connecticut/food-delivery/shoreline-prime-meats-%26-deli/Gme7_G6DQqi0Q_R3OxJZvA,west-haven-connecticut
https://www.ubereats.com/connecticut/food-delivery/crafted-by-hand-cafe/bqmLY7NxT22Ww2x2-YJ7RQ,west-haven-connecticut
https://www.ubereats.com/connecticut/food-delivery/bbq-chicken-new-haven-ct/Fvj-QhFuRwmx8OgJGjxQiw,west-haven-connecticut
https://www.ubereats.com/connecticut/food-delivery/dunkin-940-dixwell-ave/ZIkh1JZbSG24ZGDTN6bxuQ,west-haven-connecticut
https://www.ubereats.com/connecticut/food-delivery/state-garden-chinese-2/vL0WMhi0TJ6z2E8lQrD8kA,west-haven-connecticut
https://www.ubereats.com/connecticut/food-delivery/mezza-bar-%26-grill-lebanese-mediterranean-cuisine/RZUH4SyxSmi8Fa-LbZXxeg,west-haven-connecticut
https://www.ubereats.com/connecticut/food-delivery/woodys-wings/ugQxlyCvTz2LSy6RtNuQFA,west-haven-connecticut
https://www.ubereats.com/springfield-ma/food-delivery/dunkin-200-captain-thomas-blvd/ZowEryzHQsCVv8MxElxIug,west-haven-connecticut
https://www.ubereats.com/connecticut/food-delivery/lenny-%26-joes-fish-tale-new-haven/FiKpPXozQmqCB13uyhVxjA,west-haven-connecticut
https://www.ubereats.com/springfield-ma/food-delivery/krispy-krunchy-chicken-660-howard-st/iWRQ4nfhSkmIGZVqhYkPIg,west-haven-connecticut
https://www.ubereats.com/springfield-ma/food-delivery/crabtown/DIFLHVUUQyCQLwdrdNqIAQ,west-haven-connecticut
https://www.ubereats.com/connecticut/food-delivery/dunkin-967-first-ave/Jj5usKQWShqSSiZWGUFkUg,west-haven-connecticut
https://www.ubereats.com/connecticut/food-delivery/shelton-pizza-palace/K-nULPF3Sq613GUKkSpIaw,west-haven-connecticut
https://www.ubereats.com/connecticut/food-delivery/ali-babas-fusion-new-haven/jU7h3DTtSce4HonBXwDgZA,west-haven-connecticut
https://www.ubereats.com/connecticut/food-delivery/parker-shelton/d56uHgUdQvim5TCfqAAEug,west-haven-connecticut
https://www.ubereats.com/connecticut/food-delivery/midpoint-istanbul-fine-dining/b4efGWQYRZmWab7yTHEnAA,west-haven-connecticut
https://www.ubereats.com/connecticut/food-delivery/the-ice-cream-shop/2rJ7PPkgSAKDaD_6EyeI2w,west-haven-connecticut
https://www.ubereats.com/connecticut/food-delivery/the-village-bar-and-grill/Zr1Ve0wFSxWThmdo8g-xbw,west-haven-connecticut
https://www.ubereats.com/connecticut/food-delivery/krauszers-food-store/BuvQAa-0SlS7SMYhcHJLFw,west-haven-connecticut
https://www.ubereats.com/connecticut/food-delivery/lalibela-ethiopian-restaurant/urCTZY58RpOsyvB1NbUI8w,west-haven-connecticut
https://www.ubereats.com/connecticut/food-delivery/bears-smokehouse-new-haven/PSgs16w1TQGtIuU75oF59A,west-haven-connecticut
https://www.ubereats.com/connecticut/food-delivery/charcoal-chicken-restaurant/zOPLs-j_Rq2o9axQBlMJjw,west-haven-connecticut
https://www.ubereats.com/connecticut/food-delivery/tropical-smoothie-cafe-new-haven/ekeq6Bn0QCCB0p9iEAicmw,west-haven-connecticut
https://www.ubereats.com/springfield-ma/food-delivery/dunkin-323-whalley-ave/QIYHmDexSB2ejDZD73W11w,west-haven-connecticut
https://www.ubereats.com/connecticut/food-delivery/dunkin-261-saw-mill-rd/aE4zCkguRBmQqpKJ__4x5g,west-haven-connecticut
https://www.ubereats.com/connecticut/food-delivery/el-rincon-peruano/TEGXrzGQTqav5U6PO4Nl8g,west-haven-connecticut
https://www.ubereats.com/connecticut/food-delivery/starbucks-orange/Z5g12xcXRD-ohNQ24CmKLQ,west-haven-connecticut
https://www.ubereats.com/connecticut/food-delivery/jcs-sports-bar-%26-grill/y5o2WGjaQ1eIXc5fYcMJcQ,west-haven-connecticut
https://www.ubereats.com/springfield-ma/food-delivery/bella-villa-pizza/K-yr_xKKROCugg0jpQ58pg,west-haven-connecticut
https://www.ubereats.com/connecticut/food-delivery/the-rib-house-restaurant/rWAqEmQzS2q_XDlNn_C82Q,west-haven-connecticut
https://www.ubereats.com/connecticut/food-delivery/christys-irish-pub/Ad_f8YdtSn-AZIfKRHxbuQ,west-haven-connecticut
https://www.ubereats.com/springfield-ma/food-delivery/dpervs-top-bbq/EdCmV-1ARj-Z1sIysQX9UA,west-haven-connecticut
https://www.ubereats.com/connecticut/food-delivery/victor-junior-subs/Uu_GQEV-SBOWLIV_K6WiGA,west-haven-connecticut
https://www.ubereats.com/connecticut/food-delivery/west-haven-halal-restaurant/g2nqJ3-vQq2pmQvu9SQ0SA,west-haven-connecticut
https://www.ubereats.com/connecticut/food-delivery/ricky-ds-rib-shack/hZaxWOPPS8-T0yj5x03Fsg,west-haven-connecticut
https://www.ubereats.com/connecticut/food-delivery/taqueria-santa-ines/EGyMD0W-REmTel22PdIc2w,west-haven-connecticut
https://www.ubereats.com/connecticut/food-delivery/subway-867-jones-hill-rd/nyrq3fkpSZmOxOwUIxQzOg,west-haven-connecticut
https://www.ubereats.com/springfield-ma/food-delivery/papas-wings-%26-seafood/cc-ao3TvTPKeDgSJWrOA8Q,west-haven-connecticut
https://www.ubereats.com/connecticut/food-delivery/mad-mikes-cheesesteaks-%26-salads/Gdzy8J-3RQCRuJns_1pSPA,west-haven-connecticut
https://www.ubereats.com/connecticut/food-delivery/krauszers-food-store/eIYuJPM0QvSR29UkmgiblA,west-haven-connecticut
https://www.ubereats.com/connecticut/food-delivery/prime-16/cNsJ_S-nSAyJ04IxcIPx2Q,west-haven-connecticut
https://www.ubereats.com/connecticut/food-delivery/sallys-apizza/20oil3GHSJOuj8rBYTTPig,west-haven-connecticut
https://www.ubereats.com/springfield-ma/food-delivery/the-corner-restaurant/Q7KYjprsRCy1MVDGzhTbYA,west-haven-connecticut
https://www.ubereats.com/springfield-ma/food-delivery/kfc-451-foxon-boulevard/ki2hL2iTQbmf2gQVnDTa1w,west-haven-connecticut
https://www.ubereats.com/connecticut/food-delivery/mcdonalds-w-haven-saw-mill-rd/syrEXHRvTlasy6C-fqQK4Q,west-haven-connecticut
https://www.ubereats.com/connecticut/food-delivery/corner-deli/cpiGJnQfR8aqzEP_rhtFrg,west-haven-connecticut
https://www.ubereats.com/connecticut/food-delivery/three-brothers-diner-hamden-ct/sW1XteNyTk-csbNlp7gDYA,west-haven-connecticut
https://www.ubereats.com/connecticut/food-delivery/family-mediterranean-pizza/SQAe16KvRo6UfuQb9ryIBw,west-haven-connecticut
https://www.ubereats.com/connecticut/food-delivery/donovans-reef-restaurant-%26-catering-main-st/2cvphHZcTYeI5mmezqLtyw,west-haven-connecticut
https://www.ubereats.com/connecticut/food-delivery/tarry-lodge/QiZo9q4zSxu27VRrgKNhDA,west-haven-connecticut
https://www.ubereats.com/connecticut/food-delivery/kentucky-fried-chicken-boston-post-rd/l93II5CCSbC7-uSiY8zYgw,west-haven-connecticut
https://www.ubereats.com/connecticut/food-delivery/dunkin-1399-dixwell-ave/i4-onFTNTHuerKNkcfQV6Q,west-haven-connecticut
https://www.ubereats.com/springfield-ma/food-delivery/barbarossa/cr4cKX5vS7W9MlXsIkwGGA,west-haven-connecticut
https://www.ubereats.com/springfield-ma/food-delivery/starbucks-new-haven-church-street/-rQQpWJzT_mfknE4T_shuQ,west-haven-connecticut
https://www.ubereats.com/connecticut/food-delivery/fireside/jpZIo9rTSeqlHADsBJYoYA,west-haven-connecticut
https://www.ubereats.com/connecticut/food-delivery/ivy-wok/q8yloK9mQrC1a1XXfM_woA,west-haven-connecticut
https://www.ubereats.com/connecticut/food-delivery/dunkin-889-state-st/G7edU_D7QL6Ylqz3sZr6Yw,west-haven-connecticut
https://www.ubereats.com/connecticut/food-delivery/dunkin-985-boston-post-rd/CyT1U3XAQG-lQbvYqtiREg,west-haven-connecticut
https://www.ubereats.com/springfield-ma/food-delivery/g-cafe-bakery/9BcIlrNPSLODe0nbP2264w,west-haven-connecticut
https://www.ubereats.com/connecticut/food-delivery/marco-polo-pizza-%26-italian/-XTETUXeR-mtGLouGHeBBw,west-haven-connecticut
https://www.ubereats.com/connecticut/food-delivery/john-and-marias-pizzeria/KGe5YoMuSvOoc9gcSj7iXg,west-haven-connecticut
https://www.ubereats.com/connecticut/food-delivery/main-hing/bbXiUz42TsmMje6VGD39Bw,west-haven-connecticut
https://www.ubereats.com/connecticut/food-delivery/codys-diner/KhDo2zq0Slq8VQQkJqD3yQ,west-haven-connecticut
https://www.ubereats.com/springfield-ma/food-delivery/popeyes-louisiana-kitchen-new-haven/4sGvIjfURf2bE_Apy0qxPA,west-haven-connecticut
https://www.ubereats.com/connecticut/food-delivery/starbucks-hamden/AnXXQE1zSVackbmaUg0Amg,west-haven-connecticut
https://www.ubereats.com/connecticut/food-delivery/zzaam/r7jRUS6QR0CCjy--zroY-Q,west-haven-connecticut
https://www.ubereats.com/connecticut/food-delivery/copper-city-bar-%26-grill/wxNhw81aTGicrO5CzDB7Mw,west-haven-connecticut
https://www.ubereats.com/connecticut/food-delivery/corner-stop-deli/ZxYG6RmpSICG7KjYtvn8Nw,west-haven-connecticut
https://www.ubereats.com/connecticut/food-delivery/dunkin-500-foxon-rd/yLaNbjUkSC2NvkqhzQ-uYw,west-haven-connecticut
https://www.ubereats.com/connecticut/food-delivery/te-amo-tequila-bar-%26-tacos/PAZyyzQIQViP2JISdUPH6w,west-haven-connecticut
https://www.ubereats.com/connecticut/food-delivery/house-of-naan/GRqb8exvTlWW0cBiHPnArw,west-haven-connecticut
https://www.ubereats.com/connecticut/food-delivery/milford-diner/zBOHiZx4QTi3L7MAxCCo1Q,west-haven-connecticut
https://www.ubereats.com/springfield-ma/food-delivery/the-greek-spot/vENfutGfS5igPpApnQba4A,west-haven-connecticut
https://www.ubereats.com/connecticut/food-delivery/sushimizu/TIpZkctlRMW_t6gH3wUmhg,west-haven-connecticut
https://www.ubereats.com/connecticut/food-delivery/california-grocery/R5rDbOcqQLa72VsQxClSaw,west-haven-connecticut
https://www.ubereats.com/connecticut/food-delivery/guacamoles-mexican-cuisine/GC3_Njf3Rs2hpJcUsF-6Bg,west-haven-connecticut
https://www.ubereats.com/connecticut/food-delivery/chipotle-mexican-grill-2-commercial-pkwy/eyw6iHo9T4mduEiNs_N_Fg,west-haven-connecticut
https://www.ubereats.com/connecticut/food-delivery/kruaszers-food-store/XDYZvCxmQRSu5TLbXmYfaw,west-haven-connecticut
https://www.ubereats.com/connecticut/food-delivery/shake-shack-986-chapel-street/AeuBJ09kThav7u0p9wVnaQ,west-haven-connecticut
https://www.ubereats.com/connecticut/food-delivery/bridgeport-flyer-diner/xmrQkAMmR6m1wQYge1pfYw,west-haven-connecticut
https://www.ubereats.com/connecticut/food-delivery/olives-%26-oil/zxEYhWG4S5Oh9xLtVBDAQA,west-haven-connecticut
https://www.ubereats.com/connecticut/food-delivery/christopher-martins-restaurant/aiZ6svZPRiyJaP0mcZ51nQ,west-haven-connecticut
https://www.ubereats.com/connecticut/food-delivery/kfc-311-whalley-avenue/mg2KA3UkR7OEukkEnbn4hw,west-haven-connecticut
https://www.ubereats.com/springfield-ma/food-delivery/the-greeks/UvIAq4y1RJKwOMx6-M8Uag,west-haven-connecticut
https://www.ubereats.com/connecticut/food-delivery/hornets-nest-deli/YT5ZhMfFTEu6wTMeqGFJaA,west-haven-connecticut
https://www.ubereats.com/connecticut/food-delivery/wakelee-market/cnOSsSoYTkG3zMrs5dfWrw,west-haven-connecticut
https://www.ubereats.com/connecticut/food-delivery/harolds-restaurant/zqyK3gbqS_2HBAt_4xjCDg,west-haven-connecticut
https://www.ubereats.com/connecticut/food-delivery/dunkin-226-boston-post-rd/gs1Q_1UkQYCex42XnjS_1A,west-haven-connecticut
https://www.ubereats.com/connecticut/food-delivery/taco-bell-130-amity-road/w3aFCU2vS5GX25ZLcTgLGA,west-haven-connecticut
https://www.ubereats.com/connecticut/food-delivery/shelton-kitchen/qliF8zU4QhOxAlRC5RBjww,west-haven-connecticut
https://www.ubereats.com/connecticut/food-delivery/mediterranea/1I0XgumeSGuZZb40oyVBHA,west-haven-connecticut
https://www.ubereats.com/connecticut/food-delivery/bnatural-kitchen/L5TwhnicSv-w3OdYfRQKVg,west-haven-connecticut
https://www.ubereats.com/connecticut/food-delivery/starbucks-west-haven-saw-mill-road/fntAMLi1SLyvPL99aCwTlQ,west-haven-connecticut
https://www.ubereats.com/connecticut/food-delivery/somos-handcrafted-arepas/9T3LBX2YQgym3gPzgxPTLw,west-haven-connecticut
https://www.ubereats.com/connecticut/food-delivery/meat-%26-co/SugbxxexSQuPMSSUQL5i3A,west-haven-connecticut
https://www.ubereats.com/connecticut/food-delivery/taco-town/kxoPlNx5RqOAA9_AbYjh9Q,west-haven-connecticut
https://www.ubereats.com/springfield-ma/food-delivery/addeos-fire-%26-ice/OqjOBPPfTZu0rwuylPBIUg,west-haven-connecticut
https://www.ubereats.com/connecticut/food-delivery/the-bagelry-%40-olmo/4wSXijzsQuq6Zl6G0amNgA,west-haven-connecticut
https://www.ubereats.com/connecticut/food-delivery/astudillo-s-place/XYmojxo5R6GmnvVPEfCrfA,west-haven-connecticut
https://www.ubereats.com/connecticut/food-delivery/york-street-noodle-house/nRfk7KCQTMKpisrP6RrxLw,west-haven-connecticut
https://www.ubereats.com/springfield-ma/food-delivery/lenas-cafe-and-confections/sNDSMUjbTzqiZmwnsneq0g,west-haven-connecticut
https://www.ubereats.com/springfield-ma/food-delivery/international-taste-buds/OGtq6U_LRfeG0FX_fLP0Aw,west-haven-connecticut
https://www.ubereats.com/connecticut/food-delivery/tgi-fridays-691-hamden-ct/L2lWmxt4TiqZAW4cb-COfA,west-haven-connecticut
https://www.ubereats.com/springfield-ma/food-delivery/dunkin-985-boston-post-rd/CyT1U3XAQG-lQbvYqtiREg,west-haven-connecticut
https://www.ubereats.com/connecticut/food-delivery/hungry-panda/r3F4Et7RRU-rbJKLPgcstg,west-haven-connecticut
https://www.ubereats.com/connecticut/food-delivery/buns-n-dumplings/7QL07wbXT3yb1uLTVQ9Jvw,west-haven-connecticut
https://www.ubereats.com/connecticut/food-delivery/duchess-restaurant-milford/SN8_0FKrTZyR2f7bf-mR0w,west-haven-connecticut
https://www.ubereats.com/connecticut/food-delivery/dunkin-91-frontage-rd/bnjAI8CwRbaMcbakfB8IBA,west-haven-connecticut
https://www.ubereats.com/connecticut/food-delivery/kellys-cone-connection/trqGcY1SSAS7KMVs5d0LXA,west-haven-connecticut
https://www.ubereats.com/connecticut/food-delivery/dpervs-top-bbq/EdCmV-1ARj-Z1sIysQX9UA,west-haven-connecticut
https://www.ubereats.com/springfield-ma/food-delivery/dunkin-502-saw-mill-rd/tan9YMTpQ4OF8YyXwy0C8g,west-haven-connecticut
https://www.ubereats.com/connecticut/food-delivery/honeyspot-pizza3-llc/TyfQOtCaRjy2BqKOCASGow,west-haven-connecticut
https://www.ubereats.com/springfield-ma/food-delivery/kfc-650-east-main-street/zlvYpQAtQ3GjP29Vfgvr4g,west-haven-connecticut
https://www.ubereats.com/connecticut/food-delivery/papa-johns-125-whalley-ave/9ACEEbodRdSr_vASVJ0FTA,west-haven-connecticut
https://www.ubereats.com/springfield-ma/food-delivery/california-grocery/R5rDbOcqQLa72VsQxClSaw,west-haven-connecticut
https://www.ubereats.com/connecticut/food-delivery/gotmeals/p4Xi14nSS4uI_m4SQWqlrg,west-haven-connecticut
https://www.ubereats.com/connecticut/food-delivery/tacocat/r9-GQQZ_QkusAVKx0KbU7g,west-haven-connecticut
https://www.ubereats.com/connecticut/food-delivery/boston-market-1454-boston-post-road/-dU2piT1QEufFfRwIYpJNQ,west-haven-connecticut
https://www.ubereats.com/connecticut/food-delivery/tacomida/Ewf9xTh0QcS9WVsgT-1sCA,west-haven-connecticut
https://www.ubereats.com/connecticut/food-delivery/stop-and-go-deli/sFfojGnfSfmtJVI9AmJ7Nw,west-haven-connecticut
https://www.ubereats.com/connecticut/food-delivery/red-lobster-320-universal-drive-north/EcIrD-pxSzSlaFlLK4aapQ,west-haven-connecticut
https://www.ubereats.com/springfield-ma/food-delivery/slice-of-new-haven/vaaOEWnFS0m_NGlTh40z_g,west-haven-connecticut
https://www.ubereats.com/connecticut/food-delivery/charcoal-chicken-restaurant/Ul_3KU9vTLWO62QS8I9hHg,west-haven-connecticut
https://www.ubereats.com/springfield-ma/food-delivery/dunkin-1179-chapel-st/nfr6SVcISXqEah2UE0-w3Q,west-haven-connecticut
https://www.ubereats.com/connecticut/food-delivery/grimaldis-of-woodbridge/LyeJIL1PSE6WTCZhQFgYbg,west-haven-connecticut
https://www.ubereats.com/connecticut/food-delivery/popeyes-35-whalley-ave/gnk8g-yESFOieihYyZ1afg,west-haven-connecticut
https://www.ubereats.com/springfield-ma/food-delivery/dennys-487-sawmill-rd/l_117GgGS4-mZcIboYlmQw,west-haven-connecticut
https://www.ubereats.com/connecticut/food-delivery/cappettas-pizza-and-deli/EfMrP7WJQzKTNYi1XPWNDA,west-haven-connecticut
https://www.ubereats.com/connecticut/food-delivery/dunkin-255-kimberly-ave/lh1kDk6cTcqi_6be_qIitQ,west-haven-connecticut
https://www.ubereats.com/connecticut/food-delivery/bonchon-chicken-170-college-st/5dFmXrtqQqSgG5gSVSAugQ,west-haven-connecticut
https://www.ubereats.com/connecticut/food-delivery/dunkin-1-connecticut-tpke-e/hKF3AsU3RnGCOGT8tnvJGQ,west-haven-connecticut
https://www.ubereats.com/connecticut/food-delivery/subway-502-saw-mill-rd/98AQRA3lRTW0JhhddLyydg,west-haven-connecticut
https://www.ubereats.com/connecticut/food-delivery/mamouns-falafel-new-haven/qkZHcT8XSHa3PTsBsCmOXw,west-haven-connecticut
https://www.ubereats.com/connecticut/food-delivery/riverdale-diner/dTVOmBN7Q0GQrV_TQiBf4A,west-haven-connecticut
https://www.ubereats.com/connecticut/food-delivery/starbucks-branford/QuYvNThTTsehU1ID8Ru0pw,west-haven-connecticut
https://www.ubereats.com/connecticut/food-delivery/ramen-kuro-shiro/RogvGDb1SMmPMDAImmVBCQ,west-haven-connecticut
https://www.ubereats.com/connecticut/food-delivery/burger-king-644-campbell-avenue/J7PGTGsxSqWrpTpTGIBm7g,west-haven-connecticut
https://www.ubereats.com/connecticut/food-delivery/donut-crazy-new-haven/TOQa5R7PRjaj6XSXXmtyuQ,west-haven-connecticut
https://www.ubereats.com/connecticut/food-delivery/dunkin-189-forbes-rd/SjvZ_2m6RRi3Bv0ln7QffQ,west-haven-connecticut
https://www.ubereats.com/connecticut/food-delivery/est-est-est-pizza/aBLpDm75TkC_sGDn38FHSQ,west-haven-connecticut
https://www.ubereats.com/springfield-ma/food-delivery/elm-city-market/K1JFHUMlTiWb6wUHX-SZsg,west-haven-connecticut
https://www.ubereats.com/connecticut/food-delivery/legend-pizza/6vFFX05pQHuJiPk_QLk82g,west-haven-connecticut
https://www.ubereats.com/connecticut/food-delivery/elis-orange/aXYTwsdlRkCEZT5AmtFZBQ,west-haven-connecticut
https://www.ubereats.com/springfield-ma/food-delivery/frankies-of-west-haven/nO2DZ0IKSQy0xpyYdXasfw,west-haven-connecticut
https://www.ubereats.com/connecticut/food-delivery/twisted-vine-restaurant/-Mea3eYdStuemU3TWlin3g,west-haven-connecticut
https://www.ubereats.com/connecticut/food-delivery/mary-ellens-grocery-and-deli/4uRGzNQMQaqR5wBlJoVNZg,west-haven-connecticut
https://www.ubereats.com/connecticut/food-delivery/empanadas/MFNmyA0SQBm98jEhmFu0-A,west-haven-connecticut
https://www.ubereats.com/connecticut/food-delivery/china-pavilion/orNlHnk1R1CuFAGLOlSEyg,west-haven-connecticut
https://www.ubereats.com/connecticut/food-delivery/momoko-fresh-cut-poke/Gotea2kmTzagVX_CnlJUGg,west-haven-connecticut
https://www.ubereats.com/springfield-ma/food-delivery/order-of-fries/EI0ZaIM7S-eTZ5ON2wJncA,west-haven-connecticut
https://www.ubereats.com/connecticut/food-delivery/dunkin-51-york-st/j9RwIAL0RoakLFTJPn-VMA,west-haven-connecticut
https://www.ubereats.com/connecticut/food-delivery/bab-al-salam/oNYdhq6ER0iWdLt2qTDEjg,west-haven-connecticut
