url,city
https://www.ubereats.com/chicago/food-delivery/buona-glen-ellyn/od8okmqMR8CIC5lx9uQZnw,westmont-illinois
https://www.ubereats.com/chicago/food-delivery/jersey-mikes-subs-naperville-%26-butterfield/kpMimAiqRvyrLoGBKYM_NA,westmont-illinois
https://www.ubereats.com/chicago/food-delivery/browns-chicken-downers-grove/yBR2xHQcT4mK-c_ZQFc8CQ,westmont-illinois
https://www.ubereats.com/chicago/food-delivery/cozzi-corner-hot-dogs-beef-%26-catering/W8daFSo-S36_JRtLXBZHOA,westmont-illinois
https://www.ubereats.com/chicago/food-delivery/between-the-buns-oakbrook-terrace/WGBztpyzREGBym1qMje0Aw,westmont-illinois
https://www.ubereats.com/chicago/food-delivery/honey-fluff-donuts/DVdKZWwLTmmiDRmUMqa1kA,westmont-illinois
https://www.ubereats.com/chicago/food-delivery/tasty-deli/SQdxptDLTLWBPhN5yeTPdg,westmont-illinois
https://www.ubereats.com/chicago/food-delivery/kabob-q/JRxi0jOjTIS1N4YMp1pvxg,westmont-illinois
https://www.ubereats.com/chicago/food-delivery/los-sombreros-taqueria/VhrolDbXTb2npCR-QgYa8A,westmont-illinois
https://www.ubereats.com/chicago/food-delivery/rosatis-pizza-woodridge/sePZvq94TViGMvPBP8JYGQ,westmont-illinois
https://www.ubereats.com/chicago/food-delivery/five-guys-il-0575-340-ogden-ave/B7oICECzTi6QiCTbiRFTVA,westmont-illinois
https://www.ubereats.com/chicago/food-delivery/brick-house-1461-butterfield-rd/KF4Imx0HTAC5z-VXgjoa9Q,westmont-illinois
https://www.ubereats.com/chicago/food-delivery/dunkin-6310-woodward-ave/xLi-69bwRfOQ7sHQxLptDQ,westmont-illinois
https://www.ubereats.com/chicago/food-delivery/taste-indian-chinese-cuisine/F9z4mgIGQiCJKGqHqlJ1MA,westmont-illinois
https://www.ubereats.com/chicago/food-delivery/blueberry-hill-breakfast-cafe-oak-brook/vZgWOmnKQs6hgLw7gwWLZw,westmont-illinois
https://www.ubereats.com/chicago/food-delivery/chipotle-mexican-grill-811-butterfield-rd-ste-101/1yT7XkpmRk25SXw3dgrqeA,westmont-illinois
https://www.ubereats.com/chicago/food-delivery/my-way-ristorante/NVdHbJemR8OGFz0WM6peww,westmont-illinois
https://www.ubereats.com/chicago/food-delivery/noodles-%26-company-207-s-washington/VG96v7LvRX68HPNY0gFlTw,westmont-illinois
https://www.ubereats.com/chicago/food-delivery/mac-daddys-highland/FEp3MK0_QRipGXK98kQ06w,westmont-illinois
https://www.ubereats.com/chicago/food-delivery/cassanos-pizzeria/_ohiU9AbQ_qaIV8tGZtd3Q,westmont-illinois
https://www.ubereats.com/chicago/food-delivery/nay-restaurant/c_tH8H8_Rf-BkB9CWIW-FA,westmont-illinois
https://www.ubereats.com/chicago/food-delivery/dunkin-4300-lincoln-ave-unit-a/PrmqDUjxT0apyGVG1WbaFg,westmont-illinois
https://www.ubereats.com/chicago/food-delivery/joeys-pizza/WGpsHfz6SNKzBm312STpbg,westmont-illinois
https://www.ubereats.com/chicago/food-delivery/lawrences-fish-%26-shrimp-lombard/e9NG0u4iTx6q9OysZah1JA,westmont-illinois
https://www.ubereats.com/chicago/food-delivery/the-fremont-bar-and-grill/xubDDutZQEygTKmRibMw8Q,westmont-illinois
https://www.ubereats.com/chicago/food-delivery/rosatis-pizza-406-w-5th-ave/GC9HrM18Ryu8fxrnQqqRbw,westmont-illinois
https://www.ubereats.com/chicago/food-delivery/wendys-320-e-ogden/Y1S2uYGATJ-S24rplV-4sg,westmont-illinois
https://www.ubereats.com/chicago/food-delivery/tacos-n-tarka-tnt/vaU8kEFGTh-O9EKsgIT6-A,westmont-illinois
https://www.ubereats.com/chicago/food-delivery/taco-bell-5611-s-la-grange-rd/O_3piasVRdOquV6giGMLvQ,westmont-illinois
https://www.ubereats.com/chicago/food-delivery/taqueria-los-comales-roosevelt-%26-westmore-meyers/yVagsUvASyaAt0MLBsQ7dQ,westmont-illinois
https://www.ubereats.com/chicago/food-delivery/cali-girl-cakes/Igls1pTzS5S87tc5xzvIYg,westmont-illinois
https://www.ubereats.com/chicago/food-delivery/taco-bell-444-n-bolingbrook-dr/9qpJyWAPSH6VAx3-5A_qZg,westmont-illinois
https://www.ubereats.com/chicago/food-delivery/the-port-of-peri-peri-villa-park/6m6tAxofRSWFrxMkkKhPAA,westmont-illinois
https://www.ubereats.com/chicago/food-delivery/noodles-%26-company-342-yorktown-shopping-center/AA_y_miUSFmAQGUYnO-H_Q,westmont-illinois
https://www.ubereats.com/chicago/food-delivery/las-palmas-of-naperville-inc/M1fcFqe3SumcDBNR0SAuRA,westmont-illinois
https://www.ubereats.com/chicago/food-delivery/los-burritos-tapatios-westmont/MD8ruDZAQaCT4V7PF_TpGQ,westmont-illinois
https://www.ubereats.com/chicago/food-delivery/el-famous-burrito-lombard/8nV9-LeaRBK4vJKhe8fRzw,westmont-illinois
https://www.ubereats.com/chicago/food-delivery/dunkin-donuts-75th-st/GdZ_imXeQIqijBRAyNySzg,westmont-illinois
https://www.ubereats.com/chicago/food-delivery/mollys-cupcakes/H1rbGgzqTo2bUafhQDozqg,westmont-illinois
https://www.ubereats.com/chicago/food-delivery/casa-margarita-bolingbrook/hJNglfZ0TKWztFs3zBN8CQ,westmont-illinois
https://www.ubereats.com/chicago/food-delivery/chipotle-mexican-grill-1516-n-naper-blvd-ste-104/ljoAlmviR4-6NOr-25HjzA,westmont-illinois
https://www.ubereats.com/chicago/food-delivery/pepes-woodridge-il/Y6RW-R26SkeahKpUSyeQOg,westmont-illinois
https://www.ubereats.com/chicago/food-delivery/dunkin-121-w-ogden-ave/ajUIrtrtS2u4O5j_LWzBbw,westmont-illinois
https://www.ubereats.com/chicago/food-delivery/mcdonalds-9101-s-kingery-highway/cxnI-_zRTCmE5aZh0nlxFg,westmont-illinois
https://www.ubereats.com/chicago/food-delivery/los-burritos-mexicanos-%231/ClzpkDX4QEabuLbdrUd4fA,westmont-illinois
https://www.ubereats.com/chicago/food-delivery/chucks-southern-comforts-cafe/4RVPrC7NQKSECrLySEZhGg,westmont-illinois
https://www.ubereats.com/chicago/food-delivery/taco-bell-7451-lemont-rd/4OBSDfhTQdi7h06r1TAWHA,westmont-illinois
https://www.ubereats.com/chicago/food-delivery/zazas/47-v5gu2S1uP3BSsCgDkYQ,westmont-illinois
https://www.ubereats.com/chicago/food-delivery/fuller-house-bar/u00FtmlHSkON3RCnVkuHnQ,westmont-illinois
https://www.ubereats.com/chicago/food-delivery/buona-darien/HvuE4zjIS1CCW_IfLxCVZw,westmont-illinois
https://www.ubereats.com/chicago/food-delivery/evviva!-bar-%26-eatery/kZFOloCrS2-c36HK02Odvw,westmont-illinois
https://www.ubereats.com/chicago/food-delivery/maries/0ROEHBY5TeuHsnFsZbuoyA,westmont-illinois
https://www.ubereats.com/chicago/food-delivery/sarpinos-pizzeria-922-roosevelt-rd/W74llbs0Sgm31ljKbr8uUw,westmont-illinois
https://www.ubereats.com/chicago/food-delivery/wendys-1-south-576-midwest-road/MsCPEvSSQLCWU5e1dNSDkg,westmont-illinois
https://www.ubereats.com/chicago/food-delivery/were-nuts/FbLHjhcjSZKeh-VKDYPsNw,westmont-illinois
https://www.ubereats.com/chicago/food-delivery/bds-mongolian-grill-washington-%26-jackson/RWnaYBy0RCSXMJPOKxzaxw,westmont-illinois
https://www.ubereats.com/chicago/food-delivery/zoup!-1001-west-75th-street/vu36tcizR0a0d6R1rPbQCA,westmont-illinois
https://www.ubereats.com/chicago/food-delivery/nandos-peri-peri-523-oakbrook-center/CL1_9NfwQyuZhtZdhyIk2Q,westmont-illinois
https://www.ubereats.com/chicago/food-delivery/noodles-%26-company-2019-s-naperville-rd/zTaAXSuzSp2HMFqNxmVO5g,westmont-illinois
https://www.ubereats.com/chicago/food-delivery/mcdonalds-yorktown-center-%26-highland/h7LZGAMtS8Ox6eQf2Upmzw,westmont-illinois
https://www.ubereats.com/chicago/food-delivery/dennys-bolingbrook/I6QsCqO5SFSWTFp65vJm9w,westmont-illinois
https://www.ubereats.com/chicago/food-delivery/subway-357-w-ogden-ave/3DmLgKQwQhK0KS86ghxulQ,westmont-illinois
https://www.ubereats.com/chicago/food-delivery/tgi-fridays-2670-darien-il/ehOv0IQtQReUgT3WafeO8A,westmont-illinois
https://www.ubereats.com/chicago/food-delivery/mcdonalds-butterfield-%26-york/ao9c96NNTd6L48bv1IWLhQ,westmont-illinois
https://www.ubereats.com/chicago/food-delivery/salt-and-pepper-cajun-kitchen/UTI-h4m0RUaDousraZecYg,westmont-illinois
https://www.ubereats.com/chicago/food-delivery/california-pizza-kitchen-551-oakbrook-center/pBTR76ksS_GkLJuimGtfAg,westmont-illinois
https://www.ubereats.com/chicago/food-delivery/wendys-7100-kingery-rd/u_piKav7TEWouLaSaD32qQ,westmont-illinois
https://www.ubereats.com/chicago/food-delivery/del-carmen-restaurant-chicago/ecc0cbKDQ3magfTpWgHjMg,westmont-illinois
https://www.ubereats.com/chicago/food-delivery/egg-jam-highland-ave/Srko6eGKRVW_CZJbpUJCvQ,westmont-illinois
https://www.ubereats.com/chicago/food-delivery/mcdonalds-roosevelt-%26-main/wE7PeS6GSPGApQCJEqLmeQ,westmont-illinois
https://www.ubereats.com/chicago/food-delivery/chiba-japanese/za-rCerER_6WRi_8jZ5SfQ,westmont-illinois
https://www.ubereats.com/chicago/food-delivery/aurelios-pizza-la-grange-%26-calendar/0_6Ks9D0Q_i_vQOju68jUw,westmont-illinois
https://www.ubereats.com/chicago/food-delivery/chicks-n-salsa/DUSuaWwaSlitgeP5AGz-mw,westmont-illinois
https://www.ubereats.com/chicago/food-delivery/la-michoacana-classic/RstW0hMsQk6ZKTW7RW0OUQ,westmont-illinois
https://www.ubereats.com/chicago/food-delivery/francescas-at-the-promenade/Y-sKbw5YSCW68yRGUoTZxQ,westmont-illinois
https://www.ubereats.com/chicago/food-delivery/sha-poppin-gourmet-popcorn-shoppe/Rb1tL2j_QoGHfOQZPC0kBQ,westmont-illinois
https://www.ubereats.com/chicago/food-delivery/starbucks-butterfield-%26-finley/aITvNFG7QQeLtwDwLIJd2g,westmont-illinois
https://www.ubereats.com/chicago/food-delivery/lucky-dragon/SbcGz6s_S6eRT3hm1kmJvw,westmont-illinois
https://www.ubereats.com/chicago/food-delivery/red-lobster-209-south-weber-road/6_XjRBuETUaf8ZvPKkj9JQ,westmont-illinois
https://www.ubereats.com/chicago/food-delivery/burger-city/DNrM5QFHRXGyiyq60pREyQ,westmont-illinois
https://www.ubereats.com/chicago/food-delivery/downers-delight-restaurant/bVueER1FS4SAID5dG_HxRg,westmont-illinois
https://www.ubereats.com/chicago/food-delivery/jj-bistro/M5iLU-N9RTuj03xl7bQEAA,westmont-illinois
https://www.ubereats.com/chicago/food-delivery/panda-express-781-e-boughton-rd/b_xpnqPFRniSy5Zt0DXEgA,westmont-illinois
https://www.ubereats.com/chicago/food-delivery/salernos-pizzeria-and-sports-bar-hodgkins/D5YwWsctSjGWteD-FIIqhA,westmont-illinois
https://www.ubereats.com/chicago/food-delivery/taste-greek-street-food/gx3n7xJ7T4-HFYp7bsrQlg,westmont-illinois
https://www.ubereats.com/chicago/food-delivery/old-town-pour-house-oak-brook/BGZTNaroQwukePwE0w3iCw,westmont-illinois
https://www.ubereats.com/chicago/food-delivery/starbucks-roosevelt-%26-summit/vQck3ZmKTtWZQxZ513M_xA,westmont-illinois
https://www.ubereats.com/chicago/food-delivery/babas-famous-steak-%26-lemonade-schmidt-%26-boughton/WiLkIpRWSQKsJVr0gu71Yg,westmont-illinois
https://www.ubereats.com/chicago/food-delivery/scrumptious-by-hira/4oLvCSElStW6lvS9KAjXsQ,westmont-illinois
https://www.ubereats.com/chicago/food-delivery/subway-chicago-%26-naper/MLBs7eZYRmWYO3YQ78YrtQ,westmont-illinois
https://www.ubereats.com/chicago/food-delivery/which-wich-superior-sandwiches-22nd-st-%26-midwest/o-yhXR1hR9C7iWJf_rGfZg,westmont-illinois
https://www.ubereats.com/chicago/food-delivery/kogii-kogii-express/k89o09tbT9au5y-dcn2trQ,westmont-illinois
https://www.ubereats.com/chicago/food-delivery/barrel-house-social/JXB_0b9QQsKkfmJ06c7obA,westmont-illinois
https://www.ubereats.com/chicago/food-delivery/taco-bell-125-w-roosevelt-rd/pRs07qGgTcalgLlkN-eLfg,westmont-illinois
https://www.ubereats.com/chicago/food-delivery/saffron-of-westmont/CwmZag9iQ9Od-RoOO-JQJw,westmont-illinois
https://www.ubereats.com/chicago/food-delivery/papa-johns-pizza-westchester/Ttt4SZuDROeuXXdnadG5Ow,westmont-illinois
https://www.ubereats.com/chicago/food-delivery/wendys-1925-boughton-road/InLQs2YtSaKfDvppqLYBIg,westmont-illinois
https://www.ubereats.com/chicago/food-delivery/brothers-mexican-grill-4824-butterfield-rd/pL7fIH9KSxGzF01fo7tUEQ,westmont-illinois
https://www.ubereats.com/chicago/food-delivery/jersey-mikes-subs-lisle-1032-maple-avenue/C3QYURJeTc6ZntggX97oAw,westmont-illinois
https://www.ubereats.com/chicago/food-delivery/dairy-queen-treat-841-e-roosevelt-rd/bArWbmwpQ0Wju9y143Mw2Q,westmont-illinois
https://www.ubereats.com/chicago/food-delivery/halal-guys-la-grange-rd/yphU_NoUSFuu2a_-j-ue8Q,westmont-illinois
https://www.ubereats.com/chicago/food-delivery/dmk-burger-bar/48JlvIrIQ5-qYMoSJTreRA,westmont-illinois
https://www.ubereats.com/chicago/food-delivery/panda-express-5800-tri-state-tollway/VKh-m8C8Tv2sH2Uk-O1unw,westmont-illinois
https://www.ubereats.com/chicago/food-delivery/taco-bell-3063-s-wolf-rd/PZw9dJxGQLCRC1_u44aXLA,westmont-illinois
https://www.ubereats.com/chicago/food-delivery/starbucks-willowbrook-rte-83-%26-plainfield/UlO45HaKQoKMwgTQPT7T6Q,westmont-illinois
https://www.ubereats.com/chicago/food-delivery/noodles-%26-company-18-w-64-w-22nd-st/pUMZqVK5SrC4yAlfl47FcA,westmont-illinois
https://www.ubereats.com/chicago/food-delivery/potbelly-sandwich-shop-bolingbrook-%7C-122/aYsPS9KHRaakul1c7azkLA,westmont-illinois
https://www.ubereats.com/chicago/food-delivery/the-indian-harvest/KMOJLBZWSsW_Cd5RSGZJvQ,westmont-illinois
https://www.ubereats.com/chicago/food-delivery/jackies-subs-salads-%26-gyros/Bm2cBoTKSeewWYsZMgSttA,westmont-illinois
https://www.ubereats.com/chicago/food-delivery/brothers-mexican-grill-1014-south-la-grange-road/L81PIbecR92t0brgHMPGbw,westmont-illinois
https://www.ubereats.com/chicago/food-delivery/chipotle-mexican-grill-300-e-ogden-ave/YdE3pdLGR3iPOSsrsUUQoA,westmont-illinois
https://www.ubereats.com/chicago/food-delivery/friacos-mexican-grill-and-cantina-lisle/deGxlrmcRNuWYzv9ZR0Tew,westmont-illinois
https://www.ubereats.com/chicago/food-delivery/casa-margarita-downers-grove/2NKwK1NJREChDBPK46DnKg,westmont-illinois
https://www.ubereats.com/chicago/food-delivery/clique-sports-bar/ulitmKlyR2C6EfmpfRHpbw,westmont-illinois
https://www.ubereats.com/chicago/food-delivery/panda-express-75th-st-%26-lyman/tlWgd43wTpek7tDfXPGmeA,westmont-illinois
https://www.ubereats.com/chicago/food-delivery/so-cheesy/udXRrJUURhaVlXRQt5rnig,westmont-illinois
https://www.ubereats.com/chicago/food-delivery/subway-8266-janes-ave/pK3BrwGwQvmWjhNoGQ6UXw,westmont-illinois
https://www.ubereats.com/chicago/food-delivery/eriks-deli-lisle/RNTVEtTuScyVCt_o87QRtA,westmont-illinois
https://www.ubereats.com/chicago/food-delivery/the-hen-house-of-wheaton/IJliFIRuQVOm_qk9QJKeMQ,westmont-illinois
https://www.ubereats.com/chicago/food-delivery/elliotts-off-broadway-deli/EAwgA9cpSVagRPaH90jAsA,westmont-illinois
https://www.ubereats.com/chicago/food-delivery/raffertys-irish-pub/v5JL4b_JTDO4hkl0EzEfTQ,westmont-illinois
https://www.ubereats.com/chicago/food-delivery/q-bar-darien/F8CTpLb3Qge3M6zAWT9b5Q,westmont-illinois
https://www.ubereats.com/chicago/food-delivery/north-side-sports-bar/EmJRvhrnQ6-Sz9vOwZjr2g,westmont-illinois
https://www.ubereats.com/chicago/food-delivery/kfc-lombard/JZEwvbBZSiuKaLAjo8OJNg,westmont-illinois
https://www.ubereats.com/chicago/food-delivery/taco-grill-%26-salsa-bar/syPSEZIDTYiYzr4fboYt2w,westmont-illinois
https://www.ubereats.com/chicago/food-delivery/yerbabuena/YDKD1jCXQUCf_C3jxdJ9Xw,westmont-illinois
https://www.ubereats.com/chicago/food-delivery/deccan-spice/fZswNb53TLSMKB182uXRfQ,westmont-illinois
https://www.ubereats.com/chicago/food-delivery/lao-sze-chuan-restaurant-downers-grove/-QAszjVaTo62s4dTvawpZw,westmont-illinois
https://www.ubereats.com/chicago/food-delivery/mama-ds/xLGiB5mqS32BZiEXxnbw9Q,westmont-illinois
https://www.ubereats.com/chicago/food-delivery/wayback-burgers-17w420-422-22nd-street/27xl5imzTf-JxSgFVA45BQ,westmont-illinois
https://www.ubereats.com/chicago/food-delivery/dunkin-5500-s-la-grange-rd/DDCGkFXIQX2D_rQHuBSLYA,westmont-illinois
https://www.ubereats.com/chicago/food-delivery/super-crown-wings/U3IgVVIuQCmWPgfJjlLwMA,westmont-illinois
https://www.ubereats.com/chicago/food-delivery/pizza-track/Fk2KhVk7StGHyeLoYRyn-A,westmont-illinois
https://www.ubereats.com/chicago/food-delivery/dunkin-651-roosevelt-rd/yi5BKwdWQrK79fE962fiSA,westmont-illinois
https://www.ubereats.com/chicago/food-delivery/subway-1920-87th-st/ScqQLk9oSYW03PfuKx_OqA,westmont-illinois
https://www.ubereats.com/chicago/food-delivery/dunkin-7516-s-cass-ave/R9x4GcCPSgKUmQtBmblDvg,westmont-illinois
https://www.ubereats.com/chicago/food-delivery/wing-squad-lombard/GEDYVBPZRh2VwUYqTn9sGQ,westmont-illinois
https://www.ubereats.com/chicago/food-delivery/auntie-annes-203-yorktown/IQm1lztHRIa5b3Py1i4NLQ,westmont-illinois
https://www.ubereats.com/chicago/food-delivery/portillos-hot-dogs-1500-butterfield-rd/MR-_rmoqT_ud7vA6yisOog,westmont-illinois
https://www.ubereats.com/chicago/food-delivery/starbucks-799-butterfield/BXFVoObURRill8_5RUlung,westmont-illinois
https://www.ubereats.com/chicago/food-delivery/woodgrain-neapolitan-pizzeria-bolingbrook/ffawJsDSTVKEqbPLLk95Iw,westmont-illinois
https://www.ubereats.com/chicago/food-delivery/potbelly-sandwich-shop-glen-ellyn-dt-%7C-167/Zpr9MlcMQy664nIqh6K6tA,westmont-illinois
https://www.ubereats.com/chicago/food-delivery/burger-king-1540-butterfield-road/HjJIRM9MQRKQ7RYMLmJO-Q,westmont-illinois
https://www.ubereats.com/chicago/food-delivery/senor-jalapeno/VGou0MdzRO2v2dyGqgQxqg,westmont-illinois
https://www.ubereats.com/chicago/food-delivery/juicy-o-pancake-house-downers-grove/R-imWBd3TiSHtLrYDAJRIQ,westmont-illinois
https://www.ubereats.com/chicago/food-delivery/buffalo-wild-wings-207-e-roosevelt-rd/bJvEaz3rQwSXKcD0Zaxl1g,westmont-illinois
https://www.ubereats.com/chicago/food-delivery/fajitas-mexican-restaurant-countryside/xCVJb2T3QvWi6mxz0oDLWQ,westmont-illinois
https://www.ubereats.com/chicago/food-delivery/weber-grill-restaurant-lombard/5wAyp2tPRIu3XS6Rnnr8yw,westmont-illinois
https://www.ubereats.com/chicago/food-delivery/mapo-restaurant/otABfe8jRcyOooacU_s9dA,westmont-illinois
https://www.ubereats.com/chicago/food-delivery/poke-bros-oakbrook-terrace/M31T1yrWRtaTI-Xri7qE1g,westmont-illinois
https://www.ubereats.com/chicago/food-delivery/burgerim/XxnzFkeBTzyyxT1i2FSOGQ,westmont-illinois
https://www.ubereats.com/chicago/food-delivery/uncle-julios-naperville/Y3QRVkP2Qu-IV5z8T875Uw,westmont-illinois
https://www.ubereats.com/chicago/food-delivery/jj-fish-%26-chicken-w-boughton/DVp7w5rcSPiNkZdCxMoRsg,westmont-illinois
https://www.ubereats.com/chicago/food-delivery/warrens-ale-house/iwKkC6FWRyacBvUNKJoEbQ,westmont-illinois
https://www.ubereats.com/chicago/food-delivery/urban-counter-hinsdale/BBIbekYfSRSxQVBdtWgTIg,westmont-illinois
https://www.ubereats.com/chicago/food-delivery/mod-pizza-bolingbrook/FSpFipMdREa7m-ag8Q6uhA,westmont-illinois
https://www.ubereats.com/chicago/food-delivery/starbucks-75th-%26-cass/T3jalagzSJ2AxTo3zMSfmw,westmont-illinois
https://www.ubereats.com/chicago/food-delivery/potbelly-sandwich-shop-lombard-%7C-33/9MwkQbjLT2SKrw5Bd5IPPw,westmont-illinois
https://www.ubereats.com/chicago/food-delivery/chipotle-mexican-grill-1556-butterfield-rd-ste-a/-JFjkroZReWScmEWNY_NSA,westmont-illinois
https://www.ubereats.com/chicago/food-delivery/taco-bell-345-rice-lake-square/4vp9WrBZSmqCzIecHhILxg,westmont-illinois
https://www.ubereats.com/chicago/food-delivery/portillos-hot-dogs-134-e-boughton-rd/erRio82uSHSkV3Hxi5rgJw,westmont-illinois
https://www.ubereats.com/chicago/food-delivery/capri-of-downers-grove/XVCsZSVZSkmAoS19VXowkg,westmont-illinois
https://www.ubereats.com/chicago/food-delivery/honey-jam-cafe/7GRbxmojSGyICleSe0cdkw,westmont-illinois
https://www.ubereats.com/chicago/food-delivery/fulfula/voAkCtdxQ5GNlsA6YJZJcg,westmont-illinois
https://www.ubereats.com/chicago/food-delivery/chipotle-mexican-grill-18w050-22nd-st/mULYWmgsSUmIRE5Z9rXpZQ,westmont-illinois
https://www.ubereats.com/chicago/food-delivery/pasquallys-pizza-%26-wings-7409-cass-ave/3xyjZpnDTm2wVSUtRUoOvA,westmont-illinois
https://www.ubereats.com/chicago/food-delivery/sarpinos-pizzeria-5107-fairview-ave/6w1QwAINTnio5PtcdCJfHw,westmont-illinois
https://www.ubereats.com/chicago/food-delivery/mcdonalds-63rd-st-%26-cass/TkuqzkRRQP6k9L91Bwsj-g,westmont-illinois
https://www.ubereats.com/chicago/food-delivery/protein-bar-%26-kitchen-york-%26-22nd-st/Zg68NwEqRGelfKiIYzYh_w,westmont-illinois
https://www.ubereats.com/chicago/food-delivery/biryani-pointe/0Rrn7fW3Q2-frt-WkQaumg,westmont-illinois
https://www.ubereats.com/chicago/food-delivery/young-prince/oh6yLZY-QzSVwpaaA34yFA,westmont-illinois
https://www.ubereats.com/chicago/food-delivery/gloria-jeans-coffees/vncLxulkSmaFccj0Dfvtvg,westmont-illinois
https://www.ubereats.com/chicago/food-delivery/en-fuego-mexican-grille/MwBtuevkQZq8B0K3TQkacQ,westmont-illinois
https://www.ubereats.com/chicago/food-delivery/blissful-nachos/F_BHCcH6SUuKvDyUOsLFyw,westmont-illinois
https://www.ubereats.com/chicago/food-delivery/buffalo-wild-wings-6450-route-53/r7-ure1xTgSm9-RpsDH3Og,westmont-illinois
https://www.ubereats.com/chicago/food-delivery/mcdonalds-naper-%26-ogden/Iowf3v7QS0W5VLcP6fxBng,westmont-illinois
https://www.ubereats.com/chicago/food-delivery/mcdonalds-roosevelt-%26-mannheim/oQb8rlVRTmS6Htf5Rfc0Kw,westmont-illinois
https://www.ubereats.com/chicago/food-delivery/china-chef/mh5sHXAzQsao24KGFkRwZA,westmont-illinois
https://www.ubereats.com/chicago/food-delivery/tap-house-grill-lemont/O9OZ9DoVRz-KlLmL2NcGqg,westmont-illinois
https://www.ubereats.com/chicago/food-delivery/mcdonalds-maple-%26-lenox/BH66NZOeQAiflIZRb7_PgQ,westmont-illinois
https://www.ubereats.com/chicago/food-delivery/shanahans/JZEDfOD1TXeQJjMJJlMiXg,westmont-illinois
https://www.ubereats.com/chicago/food-delivery/margies-beef-%26-gyros/CXuh9arhSf6n-KUl8lKuGw,westmont-illinois
https://www.ubereats.com/chicago/food-delivery/cafe-de-jeanola/Zcx55h2BTeeY-mqqt9wxXg,westmont-illinois
https://www.ubereats.com/chicago/food-delivery/food-street-restaurant/kxAN_GrESSGjrb2hki9XPw,westmont-illinois
https://www.ubereats.com/chicago/food-delivery/mcdonalds-75th-st-%26-janes/UmG49TFfS3iMQjVmPYE_oQ,westmont-illinois
https://www.ubereats.com/chicago/food-delivery/el-gran-agave/GetuOcb5RhWMLs2fW4HsSQ,westmont-illinois
https://www.ubereats.com/chicago/food-delivery/masala/0M4NqGkiRzSEfZTrS80VGw,westmont-illinois
https://www.ubereats.com/chicago/food-delivery/jamba-juice-17w426-22nd-street/3GclvrhpTM2FdBcUbWcEiA,westmont-illinois
https://www.ubereats.com/chicago/food-delivery/arbys-1950-w-75-st/wVDY1op-ToyFQGFmd7i6WQ,westmont-illinois
https://www.ubereats.com/chicago/food-delivery/popeyes-5711-s-la-grange-rd/DHb-AdewS8avQuXRRUIkeA,westmont-illinois
https://www.ubereats.com/chicago/food-delivery/mediterranean-oasis/ZT3wBdY0TxWfpT_dfwvh7g,westmont-illinois
https://www.ubereats.com/chicago/food-delivery/nandos-peri-peri-6-w-jefferson-ave/WuV-Xa68RhWviNGfsQsNRw,westmont-illinois
https://www.ubereats.com/chicago/food-delivery/benihana-747-e-butterfield-road/1k-eTCC0TSC6Q8rgrbZq1Q,westmont-illinois
https://www.ubereats.com/chicago/food-delivery/chipotle-mexican-grill-2103-clearwater-dr/RT1o67j5Sc6puZjTf7dmgA,westmont-illinois
https://www.ubereats.com/chicago/food-delivery/olive-theory-pizzeria/ks_qINiPQdqgm_QmXoHAgg,westmont-illinois
https://www.ubereats.com/chicago/food-delivery/q-pub-and-grill/xxwMY7hSSfGll3lEjFr_eA,westmont-illinois
https://www.ubereats.com/chicago/food-delivery/mcdonalds-ogden-%26-cross/f2stPNYjTRGSYQ9bxsWfBA,westmont-illinois
https://www.ubereats.com/chicago/food-delivery/los-burritos-tapatios-bolingbrook/_gd_PLnmT42mqGD518-t0A,westmont-illinois
https://www.ubereats.com/chicago/food-delivery/panera-160-ogden-avenue/5H5BrFGYTPujr2M_Ft_nmA,westmont-illinois
https://www.ubereats.com/chicago/food-delivery/two-pints-lounge/p_BtzBNVRwqcds1VfRXnUg,westmont-illinois
https://www.ubereats.com/chicago/food-delivery/burger-king-4-west-63rd-street/NXyMBwfWRCSwoAjxowpfOg,westmont-illinois
https://www.ubereats.com/chicago/food-delivery/illinois-bar-%26-grill/ew3ZWBsFR2WpzxRtRQEHag,westmont-illinois
https://www.ubereats.com/chicago/food-delivery/next-mex/YRrPZ6x3Rm-m_xIIznj-FA,westmont-illinois
https://www.ubereats.com/chicago/food-delivery/mcdonalds-63rd-st-%26-i-355/8AuIH9RKTfWLZhWKLAIBWw,westmont-illinois
https://www.ubereats.com/chicago/food-delivery/the-sweet-and-savory-spot/8R8-WikwTAKBQ2vmPiBCrg,westmont-illinois
https://www.ubereats.com/chicago/food-delivery/wok-n-fire/QykBeLtlRtGjLwHdnM0CcA,westmont-illinois
https://www.ubereats.com/chicago/food-delivery/uncle-julios-lombard/g_ZR2k_URiOGAN4CQmwrHQ,westmont-illinois
https://www.ubereats.com/chicago/food-delivery/mai-thai-restaurant/EC_K5MrtQDigsV8TOfJmWw,westmont-illinois
https://www.ubereats.com/chicago/food-delivery/jersey-mikes-subs-62-ogden-avenue/Luz05me4RVqcNfj3l8R-mA,westmont-illinois
https://www.ubereats.com/chicago/food-delivery/nwb-the-next-whiskey-bar/mdE-yqqJR3Crtae0VtrtdQ,westmont-illinois
https://www.ubereats.com/chicago/food-delivery/cedar-grill/5joC8iroTEqXY1j0WrF_4Q,westmont-illinois
https://www.ubereats.com/chicago/food-delivery/wasabi-restaurant-%26-bar/z3FMoXmBQvaXq2SypwcZPg,westmont-illinois
https://www.ubereats.com/chicago/food-delivery/another-round-bar-and-grill/74EGOKNkQRSd2c9HF-sEWg,westmont-illinois
https://www.ubereats.com/chicago/food-delivery/shree-indian-restaurant-westmont/-ksJRGsfQb6WU4VfG4XtYA,westmont-illinois
https://www.ubereats.com/chicago/food-delivery/dmk-burger-bar-fountain-square-%26-butterfield/vktJb-cRRhusbMGJgzcrtA,westmont-illinois
https://www.ubereats.com/chicago/food-delivery/aodake/vMIpF9nvQkyuO5PFGiEENA,westmont-illinois
https://www.ubereats.com/chicago/food-delivery/skippys-gyros-oak-brook/OmShFz9LSga2purV0BKkfg,westmont-illinois
https://www.ubereats.com/chicago/food-delivery/popeyes-844-e-roosevelt-rd/rvbCMmGPRcWhITpeShwg2Q,westmont-illinois
https://www.ubereats.com/chicago/food-delivery/red-lobster-3001-finley-road/UAaFRnwET62O8Ugk-EiN5w,westmont-illinois
https://www.ubereats.com/chicago/food-delivery/owl-and-lark/mnzW0GcHRzGWDQ0Cm5fYkw,westmont-illinois
https://www.ubereats.com/chicago/food-delivery/bar-louie-oakbrook/dPVzbUPDROqy9zPUWGdIaw,westmont-illinois
https://www.ubereats.com/chicago/food-delivery/j-%26-j-fish-and-chicken/48nlEDCRRLmujOyRAzkPyw,westmont-illinois
https://www.ubereats.com/chicago/food-delivery/mcdonalds-plainfield-%26-75th-st/tHY4Bjk0ShO5oH0e_bk_Sg,westmont-illinois
https://www.ubereats.com/chicago/food-delivery/china-king-restaurant/qxC0xa_6TUm_Jz96ezMtRQ,westmont-illinois
https://www.ubereats.com/chicago/food-delivery/tavern-on-lagrange/Z0LokXGhSWaMB7357b3ijA,westmont-illinois
https://www.ubereats.com/chicago/food-delivery/johnnys-philly-steaks/ORCG0H6pTWe73SPQMjQrww,westmont-illinois
https://www.ubereats.com/chicago/food-delivery/oaked-highland-ave/kmxEWk7XSTifTU8_-OdPCA,westmont-illinois
https://www.ubereats.com/chicago/food-delivery/white-castle-1204-75th-st/1aloQPMkTxaMlqZT88NHPQ,westmont-illinois
https://www.ubereats.com/chicago/food-delivery/arbys-2910-s-finley-rd/aBFygoVZTFO5hIHieo8Zcg,westmont-illinois
https://www.ubereats.com/chicago/food-delivery/mcdonalds-naperville-%26-loop/Hn5ciIZ4SCq2NTE6NqoOgw,westmont-illinois
https://www.ubereats.com/chicago/food-delivery/jens-guesthouse/cxqnxn8zRFqs6Eu92ylDxw,westmont-illinois
https://www.ubereats.com/chicago/food-delivery/cuisine-of-india-naperville/vWcLRi8AQx2QAWtwL-RRSg,westmont-illinois
https://www.ubereats.com/chicago/food-delivery/subway-112-burr-ridge-pkwy/pOX9gVApQuazewZOu8PzNw,westmont-illinois
https://www.ubereats.com/chicago/food-delivery/ichiban-asian-bistro/zAuTzZRJTei5BmbuIC7qDg,westmont-illinois
https://www.ubereats.com/chicago/food-delivery/shawarma-express/ugMgQq8VTr6nLQImkk4EiA,westmont-illinois
https://www.ubereats.com/chicago/food-delivery/dennys-17-w-660-22nd-st/SX_3AFZgTvSSdcjGeQNvvA,westmont-illinois
https://www.ubereats.com/chicago/food-delivery/burger-king-7301-lemont-road/3khZn5gZTSOhRVzt2KjYhA,westmont-illinois
https://www.ubereats.com/chicago/food-delivery/on-the-fly-%E2%80%A2-wings-%26-things/E69i2nrKQ6qL8scpcRSBaw,westmont-illinois
https://www.ubereats.com/chicago/food-delivery/steak-n-shake-1520-ogden-ave/UBRHFtT8TDi8xd7VlKWr7g,westmont-illinois
https://www.ubereats.com/chicago/food-delivery/dhaba-express/ShgBcGiRQ5e3nKB1UOHKHQ,westmont-illinois
https://www.ubereats.com/chicago/food-delivery/rosatis-pizza-darien/vJIbeXsQTt-O1SQmenj9sQ,westmont-illinois
https://www.ubereats.com/chicago/food-delivery/dairy-queen-treat-1817-wehrli-rd/Q12L4cOeQCqk33qFa-sUWQ,westmont-illinois
https://www.ubereats.com/chicago/food-delivery/blueberry-hill-breakfast-cafe/jqoqOstYQU6PeLc2K87REQ,westmont-illinois
https://www.ubereats.com/chicago/food-delivery/la-michoacana-of-countryside/JBWnkgdCQsCO6dOpZFkrcg,westmont-illinois
https://www.ubereats.com/chicago/food-delivery/pub-revival/bKZURs2xQXaJQZO6ep4aFQ,westmont-illinois
https://www.ubereats.com/chicago/food-delivery/casa-margarita-hinsdale/t_WrWQbqS4OYn7Hl-Ol6eQ,westmont-illinois
https://www.ubereats.com/chicago/food-delivery/chick-fil-a-7101-kingery-hwy/Wo9xxtcCSjCmKd5O9l_zWw,westmont-illinois
https://www.ubereats.com/chicago/food-delivery/subway-6394-s-cass-ave/EDee0HJSQbmp3JMtzl_iWw,westmont-illinois
https://www.ubereats.com/chicago/food-delivery/new-korea-garden/3Pz-8KKCTHGnqn8sLnCyQQ,westmont-illinois
https://www.ubereats.com/chicago/food-delivery/palmers-burger-bar/GtwmzsScTVakw09_SxL4YA,westmont-illinois
https://www.ubereats.com/chicago/food-delivery/alfies-inn/32loHaXWSE2y4bY1rxq12g,westmont-illinois
https://www.ubereats.com/chicago/food-delivery/kona-grill-oak-brook/MJYX9AY6SkGgRha8JHX8hA,westmont-illinois
https://www.ubereats.com/chicago/food-delivery/starbucks-22nd-%26-tower/cB73AKpYR8SAi_rJ61aEMg,westmont-illinois
https://www.ubereats.com/chicago/food-delivery/skinnysweet-frozen-yogurt/LD_wNNkhSEuCpvtDQ3FlRw,westmont-illinois
https://www.ubereats.com/chicago/food-delivery/burrito-paradise/fmtfnyDWQE-9tLBrYOnu7g,westmont-illinois
https://www.ubereats.com/chicago/food-delivery/popeyes-ogden-%26-old-tavern/14lg5clgTeSZ90NNAjt7oA,westmont-illinois
https://www.ubereats.com/chicago/food-delivery/argo-tea-oakbrook-center/nQf-KBGTRcCIAkV5LW_CTw,westmont-illinois
https://www.ubereats.com/chicago/food-delivery/red-mango-81-south-la-grange-road/6q4lKdZBSxuFMtEWG93vRQ,westmont-illinois
https://www.ubereats.com/chicago/food-delivery/juicy-o-pancake-house-naperville/wVHLhe81R7aUBXz8c0xS2g,westmont-illinois
https://www.ubereats.com/chicago/food-delivery/subway-2247-maple-ave/4UQ8qeFqQZaKgcLuqRuqMQ,westmont-illinois
https://www.ubereats.com/chicago/food-delivery/stans-donuts-%26-coffee-oakbrook-terrace/175n6xccTIOvK41VguFNaA,westmont-illinois
https://www.ubereats.com/chicago/food-delivery/firehouse-chicago-style-westmont/l2ooHKOBT9urcnF_kRa3Vg,westmont-illinois
https://www.ubereats.com/chicago/food-delivery/butterfields-naperville/03eGGyvDRBuzJpba2mmR6g,westmont-illinois
https://www.ubereats.com/chicago/food-delivery/hooters-downers-grove-%26-butterfield/zMy8wxVrSMu4HFAZpGSsbw,westmont-illinois
https://www.ubereats.com/chicago/food-delivery/baldinelli-pizza/TRRx_Ef3TEy18jWrCDNxDg,westmont-illinois
https://www.ubereats.com/chicago/food-delivery/los-burritos-tapatios-glen-ellyn/rGIHtZ1NS1WNsEUiiBOxYQ,westmont-illinois
https://www.ubereats.com/chicago/food-delivery/sgd-dubu-oakbrook-terrace/wFRFvxqkSdis-l2bSNkQHA,westmont-illinois
https://www.ubereats.com/chicago/food-delivery/suparossa-restaurant/qwdXJUynSv2Sybgm31IZRA,westmont-illinois
https://www.ubereats.com/chicago/food-delivery/noodles-%26-company-1-e-burlington-ave/YDR5A9XHRIeVF0kcGX9NXQ,westmont-illinois
https://www.ubereats.com/chicago/food-delivery/pf-changs-2361-fountain-square-dr/TDptF9MWRdeCA7XfhqDfEg,westmont-illinois
https://www.ubereats.com/chicago/food-delivery/wing-society/JH4xfMtZSQeaSh5xXmDM4A,westmont-illinois
https://www.ubereats.com/chicago/food-delivery/bowl-o-biryani/onP86-wYRNOuAwTf4txSTA,westmont-illinois
https://www.ubereats.com/chicago/food-delivery/subway-17w627-roosevelt-rd/gHaxosrAT0-YahKz1NqrFg,westmont-illinois
https://www.ubereats.com/chicago/food-delivery/tanaka-ramen/REQ74mIaS2eToMYBgc-bpA,westmont-illinois
https://www.ubereats.com/chicago/food-delivery/portillos-hot-dogs-7195-n-kingery-highway/80_d1LPxRPioe7chox-Lvg,westmont-illinois
https://www.ubereats.com/chicago/food-delivery/papa-johns-pizza-wheaton/mEOnPq1MQWmsXBe8B-tkYg,westmont-illinois
https://www.ubereats.com/chicago/food-delivery/jets-pizza-darien/7yTrAm-TSKyOFRdDeT155Q,westmont-illinois
https://www.ubereats.com/chicago/food-delivery/capri-ristorante-woodridge/A_M89Kw1TqibqXnbQMT2Ww,westmont-illinois
https://www.ubereats.com/chicago/food-delivery/francescas-amici/gXE_LL_pTCuaWRJksyCHJw,westmont-illinois
https://www.ubereats.com/chicago/food-delivery/pinstripes-oak-brook/7OazfKNNRHq0y2yIIxQacA,westmont-illinois
https://www.ubereats.com/chicago/food-delivery/halsted-street-deli/2XVoMCRuRgiz-dUE5xVnQQ,westmont-illinois
https://www.ubereats.com/chicago/food-delivery/groundlevel-105/M-IuOsd7QbOG8b5Tnb9-YA,westmont-illinois
https://www.ubereats.com/chicago/food-delivery/dunkin-19-w-63rd-st/OoUDx8FAS_urGXEV6PEfXw,westmont-illinois
https://www.ubereats.com/chicago/food-delivery/chipotle-mexican-grill-7173-s-kingery-hwy/ufUeqbd4RmGfeSD2Emlz9A,westmont-illinois
https://www.ubereats.com/chicago/food-delivery/mcdonalds-st-charles-%26-villa/GMvCkzRJTNO8elYSiLs61w,westmont-illinois
https://www.ubereats.com/chicago/food-delivery/wendys-1420-s-75th-street/nag3RMRXT6yIzqawtIovxA,westmont-illinois
https://www.ubereats.com/chicago/food-delivery/las-delicias-de-michoacan/SqZpHJASSjiTEZXHysN6oQ,westmont-illinois
https://www.ubereats.com/chicago/food-delivery/chuck-e-cheese-7409-cass-ave/j_w-AHruS5mnR-BN5zg6bg,westmont-illinois
https://www.ubereats.com/chicago/food-delivery/gelsosomos-pizzeria-and-pub/mYPRICYSSwSv9oAh7_xqBA,westmont-illinois
https://www.ubereats.com/chicago/food-delivery/all-aboard-diner/NfK_BursSAOPOUuHe6Vcfg,westmont-illinois
https://www.ubereats.com/chicago/food-delivery/johnnys-burgers-bowls-%26-bbq/XtGlsoP6QXaYLn5ahx87RA,westmont-illinois
https://www.ubereats.com/chicago/food-delivery/los-burritos-tapatios-lisle/wer65CvIRTq7dmniV5IdaA,westmont-illinois
https://www.ubereats.com/chicago/food-delivery/mr-burger-inc/jvGEi5K6QiOgQsZCGqLLiw,westmont-illinois
https://www.ubereats.com/chicago/food-delivery/midnight-kitchen/nKCLpWxsSDWqwbXNL1SB1Q,westmont-illinois
https://www.ubereats.com/chicago/food-delivery/the-country-house-lisle/00jueaTNREqL9guRViaVXw,westmont-illinois
https://www.ubereats.com/chicago/food-delivery/davanti-enoteca-western-springs/zYrem14PSHWcO4DBNOAtwQ,westmont-illinois
https://www.ubereats.com/chicago/food-delivery/mcwethys-sports-bar/6KCFj4f1RamMfI5lMcYcpw,westmont-illinois
https://www.ubereats.com/chicago/food-delivery/sushi-house-downers-grove/C3iF91X_S6uhbWIj_jxlMw,westmont-illinois
https://www.ubereats.com/chicago/food-delivery/meatheads-willowbrook/z9QKaouIS0uBDHnUCSbM0g,westmont-illinois
https://www.ubereats.com/chicago/food-delivery/subway-2303-w-63rd-st/ojwN9_OKSWe2iXF-TIcXyQ,westmont-illinois
https://www.ubereats.com/chicago/food-delivery/russells-barbecue/s4fcbyd0RZKsf2pVVTKAbg,westmont-illinois
https://www.ubereats.com/chicago/food-delivery/kama-bistro/z4d-sN_6SiepFvpCGA2lhw,westmont-illinois
https://www.ubereats.com/chicago/food-delivery/wild-monk/8Lal3qAZS8evoQFOB90F1A,westmont-illinois
https://www.ubereats.com/chicago/food-delivery/beatrix-oakbrook/zRC8HUN5QsaPayDjY-WoPA,westmont-illinois
https://www.ubereats.com/chicago/food-delivery/fitzs-bulldog/_HoNm30NQZ-BB6t7WrhISA,westmont-illinois
https://www.ubereats.com/chicago/food-delivery/the-grill-effect/Vq0scVwJR5aSCUzt1d62pw,westmont-illinois
https://www.ubereats.com/chicago/food-delivery/between-the-buns-naperville/3_yCLeIuT--I8MIMkyfzog,westmont-illinois
https://www.ubereats.com/chicago/food-delivery/subway-2958-s-finley-rd/4x_tqDoNSjyChowK5CiEwQ,westmont-illinois
https://www.ubereats.com/chicago/food-delivery/burrito-parrilla-mexicana-lisle/dlOeuS4BS1Sl3oZxKP3U5w,westmont-illinois
https://www.ubereats.com/chicago/food-delivery/eagle-restaurant/CFxLrEQlT4iFuydSFRRw4g,westmont-illinois
https://www.ubereats.com/chicago/food-delivery/el-burrito-loco-woodridge/dXrFN5lTQ-KbZ6GoBuSwbw,westmont-illinois
https://www.ubereats.com/chicago/food-delivery/pita-pita-mediterranean-grill-lombard/UO7jLyN2TfS4HoHOMcP8IA,westmont-illinois
https://www.ubereats.com/chicago/food-delivery/harolds-shrimp-chicken-and-pizzeria/_AZMlI2PQOqTZgMaufFqdA,westmont-illinois
https://www.ubereats.com/chicago/food-delivery/chipotle-mexican-grill-353-s-il-route-83/JXt1ABmiRhaTySzHlvqz1A,westmont-illinois
https://www.ubereats.com/chicago/food-delivery/teriyaki-madness-795-e-butterfield-rd-lombard/Y87f9IPwT4aAdorTzW1wVw,westmont-illinois
https://www.ubereats.com/chicago/food-delivery/barones-pizza/rrqOPJ47S5C8hMQ0q799Ew,westmont-illinois
https://www.ubereats.com/chicago/food-delivery/dennys-7737-s-kingery-hwy/wtwfaaxaSI-MGd-1Z9be_A,westmont-illinois
https://www.ubereats.com/chicago/food-delivery/chicken-lit/ZZg9JE8cR-CGQSSImkYaHg,westmont-illinois
https://www.ubereats.com/chicago/food-delivery/balkan-bakery/p07xBVzlQHehTQoKZr-4ZA,westmont-illinois
https://www.ubereats.com/chicago/food-delivery/mod-pizza-downers-grove/trC1LMA_SgWsxCRu6-xYLQ,westmont-illinois
https://www.ubereats.com/chicago/food-delivery/kfc-1450-75th-st/I3q9aBiXSFOS6wIxfzg99g,westmont-illinois
https://www.ubereats.com/chicago/food-delivery/buffalo-wild-wings-777-e-boughton-rd/9G0OQrMhRQi-qY1r8xC_bQ,westmont-illinois
https://www.ubereats.com/chicago/food-delivery/billy-bricks-wood-fired-pizza-naperville/lgWDT1yKSw-T_eb_lPgVcQ,westmont-illinois
https://www.ubereats.com/chicago/food-delivery/freshii-203-yorktown-shopping-center/_c5vnGJvR1SHfUCqMA680g,westmont-illinois
https://www.ubereats.com/chicago/food-delivery/el-famous-burrito-downers-grove/JO_X5WUsSR2-6RdSRC6CZQ,westmont-illinois
https://www.ubereats.com/chicago/food-delivery/thai-kitchen/HBO7JLiuRGmcEJa2rr4dMA,westmont-illinois
https://www.ubereats.com/chicago/food-delivery/sammys-of-la-grange/QLgXQ_42T3CllbaoRKpWIQ,westmont-illinois
https://www.ubereats.com/chicago/food-delivery/jets-pizza-ogden/L-Yo34OJQC6bjShwfIOcHw,westmont-illinois
https://www.ubereats.com/chicago/food-delivery/jamesons-charhouse-woodridge/fRk8AnT6S26Y2oswV-MwBQ,westmont-illinois
https://www.ubereats.com/chicago/food-delivery/woodridge-caffe/4vNtq6ubQxyJNx0_bddC9Q,westmont-illinois
https://www.ubereats.com/chicago/food-delivery/capital-greens-highland-ave/_QxJVfKaTF2FjY59cGJPDg,westmont-illinois
https://www.ubereats.com/chicago/food-delivery/casa-margarita-la-grange/QcbX8mVJTb2hoa9lRRSGQg,westmont-illinois
https://www.ubereats.com/chicago/food-delivery/buona-naperville/mVlRlab7T9mrEgjxre13Bw,westmont-illinois
https://www.ubereats.com/chicago/food-delivery/covo-greek-street-food/sHAoAqEwSTK3SJ3yKn2qyw,westmont-illinois
https://www.ubereats.com/chicago/food-delivery/catfish-willowbrook-il/ZHc0hNnbStC5TOP_QMkDkA,westmont-illinois
https://www.ubereats.com/chicago/food-delivery/popeyes-7518-s-cass-ave/9pI3piwXTDCMDh0RiFEWvg,westmont-illinois
https://www.ubereats.com/chicago/food-delivery/panda-express-203-yorktown/k2Y-mqyIT9eslfZHpemYUg,westmont-illinois
https://www.ubereats.com/chicago/food-delivery/mcdonalds-la-grange-%26-ogden/ruvYeQivS22N5_fcXkQcTg,westmont-illinois
https://www.ubereats.com/chicago/food-delivery/dunkin-9400-joliet-rd/x5_A4uUUS9SdJmC_FVeGGQ,westmont-illinois
https://www.ubereats.com/chicago/food-delivery/kfc-taco-bell-i-294-milepost-25/yXNkJRnXT6icI7UlLcIt2w,westmont-illinois
https://www.ubereats.com/chicago/food-delivery/fiesta-taco/FRLHE5rwTfaWXq28uPsqag,westmont-illinois
https://www.ubereats.com/chicago/food-delivery/mcdonalds-midwest-%26-22nd-st/j7U-63kLSnqy2bp9YB5uiQ,westmont-illinois
https://www.ubereats.com/chicago/food-delivery/zazzos-pizza-darien/vejvSajDTZqKbG2zSrd2QQ,westmont-illinois
https://www.ubereats.com/chicago/food-delivery/el-burrito-loco-bolingbrook-%26-briarcliff/fwZEU78LTjO2fsafbBVVCA,westmont-illinois
https://www.ubereats.com/chicago/food-delivery/sushi-house-westmont/vhT-NgazSPO8D-XlC8v0Eg,westmont-illinois
https://www.ubereats.com/chicago/food-delivery/los-arcos-mexican-grill-woodridge/4fqPIvAfSIGpH-4Q3Aiccw,westmont-illinois
https://www.ubereats.com/chicago/food-delivery/famous-daves-bolingbrook/v-ER9Z_PQVeF3hSaZoCraw,westmont-illinois
https://www.ubereats.com/chicago/food-delivery/starbucks-ogden-and-prince/1fQyIXjSTcWqzPbej9JHjg,westmont-illinois
https://www.ubereats.com/chicago/food-delivery/chai-yo-thai-cuisine/M2KQUasET9yFhO49oZ3i2g,westmont-illinois
https://www.ubereats.com/chicago/food-delivery/rameys-bar-and-grill/_HUjMDVQQ4a1i9bqeDxnvw,westmont-illinois
https://www.ubereats.com/chicago/food-delivery/white-castle-4-e-roosevelt-rd/Iarqr6CfT_2VtsoMUJPk7A,westmont-illinois
https://www.ubereats.com/chicago/food-delivery/thai-cafe/mClQZ0GGQJivUasvCvVDbw,westmont-illinois
https://www.ubereats.com/chicago/food-delivery/subway-of-western-springs/9kjYAds-SZ2uVZlLygCwiw,westmont-illinois
https://www.ubereats.com/chicago/food-delivery/starbucks-lisle-rte-53-%26-maple/KKo2MFynRDOVqy5R8mhrfw,westmont-illinois
https://www.ubereats.com/chicago/food-delivery/dunkin-7516-s-cass-ave-unit-5b/4u84NygdQlefSyfrIGSI2A,westmont-illinois
https://www.ubereats.com/chicago/food-delivery/golden-basket/e_C04EzXTLCO80K1j1gFaQ,westmont-illinois
https://www.ubereats.com/chicago/food-delivery/perla-negra-mariscos/3ZCucSLnSmmN4dSfoZ77pA,westmont-illinois
https://www.ubereats.com/chicago/food-delivery/potbelly-sandwich-shop-519-oakbrook-center/G47sIWRvTPG2BeHoAzz7Mw,westmont-illinois
https://www.ubereats.com/chicago/food-delivery/woodgrain-neapolitan-pizzeria-glen-ellyn/RmqX98GwSNO670NyAeO1Hw,westmont-illinois
https://www.ubereats.com/chicago/food-delivery/shikara-indian-restaurant/z5tgaCo5SmaGGBx91vLMtQ,westmont-illinois
https://www.ubereats.com/chicago/food-delivery/dolce-restaurant-%26-wine-bar/P2sHwx6QQ8GCtYO8VnTxgA,westmont-illinois
https://www.ubereats.com/chicago/food-delivery/cassanos-pizzeria-downers-grove/g_TzODklQNGittC_RNfnOw,westmont-illinois
https://www.ubereats.com/chicago/food-delivery/stevens-restaurant/h9M5GHXkSBC6ACPGdKt7sg,westmont-illinois
https://www.ubereats.com/chicago/food-delivery/mr-broast-roosevelt-%26-school/qUSuzE6IQgyJvqKaqpqFhg,westmont-illinois
https://www.ubereats.com/chicago/food-delivery/claim-jumper-92-yorktown-center-mall/8NOYC0YvRMWTQBRqcOOQ3A,westmont-illinois
https://www.ubereats.com/chicago/food-delivery/makon-restaurant/nLFw2muQQSWLj4kECxd5Lg,westmont-illinois
https://www.ubereats.com/chicago/food-delivery/bulldog-ale-house-villa-park/wq9KKIaJRmCCD2gyX_VfFw,westmont-illinois
https://www.ubereats.com/chicago/food-delivery/jersey-mikes-subs-roosevelt-%26-summit/32MGtpSRQuC4bdM-DfLmyw,westmont-illinois
https://www.ubereats.com/chicago/food-delivery/skuddlebutts/C0OjnXn6Rp2OTdz_MCRH4g,westmont-illinois
https://www.ubereats.com/chicago/food-delivery/crazy-dillas/idmBWihkSXGd3KmGC4tP5g,westmont-illinois
https://www.ubereats.com/chicago/food-delivery/starbucks-downers-grove-main-%26-warren/AnhVwIsUQ6i0ttDS7gWDxA,westmont-illinois
https://www.ubereats.com/chicago/food-delivery/pza-lombard/kib2Gn5LRkKl4z_wD4kLig,westmont-illinois
https://www.ubereats.com/chicago/food-delivery/guac-n-tacos/BssCsSMFR5q8Te7KF5t2UQ,westmont-illinois
https://www.ubereats.com/chicago/food-delivery/jamba-juice-278-danada-square-west/uuGLlRiQRouzHaOV-JZ4iA,westmont-illinois
https://www.ubereats.com/chicago/food-delivery/pasquallys-pizza-%26-wings-200-w-roosevelt/G6a3oiQNTju4TSQh11Nm9A,westmont-illinois
https://www.ubereats.com/chicago/food-delivery/mojos-east-coast-eats/iI2pARBJQd-PU7LejMgY1A,westmont-illinois
https://www.ubereats.com/chicago/food-delivery/pinched-mediterranean-grill/AMAx2rxUSLWfzCpHtZu0Ww,westmont-illinois
https://www.ubereats.com/chicago/food-delivery/jenis-splendid-ice-cream-oakbrook-center/GGHFnJOiQCeGrip6s6xbEQ,westmont-illinois
https://www.ubereats.com/chicago/food-delivery/outback-steakhouse-2970-finley-rd/ijpy4y9GReq9R7jIJFHU5g,westmont-illinois
https://www.ubereats.com/chicago/food-delivery/danbys-station-cafe/E_hA_j3NQRePWWmWKrVwhQ,westmont-illinois
https://www.ubereats.com/chicago/food-delivery/eds-kitchen/hS4E0iniT8eBwClLTyZ3eQ,westmont-illinois
https://www.ubereats.com/chicago/food-delivery/starbucks-wheaton-danada/mCNObG49T02N4f_5SXIyPA,westmont-illinois
https://www.ubereats.com/chicago/food-delivery/portillos-hot-dogs-155-s-route-83/naY4uTIAQBymk-7uybKuVQ,westmont-illinois
https://www.ubereats.com/chicago/food-delivery/between-the-buns-downers-grove/V3L3pg4ZQL-zQRKHjQ-N-Q,westmont-illinois
https://www.ubereats.com/chicago/food-delivery/maks-house-lagrange/CXO-9sLkStWtWy_NFCk2Uw,westmont-illinois
https://www.ubereats.com/chicago/food-delivery/five-guys-il-0540-741-e-boughton-rd/nyLFjkmvQRWIF-3xK28Eig,westmont-illinois
https://www.ubereats.com/chicago/food-delivery/kfc-11158-west-31st-street/0c8eaOycQy-prkV1_PysoQ,westmont-illinois
https://www.ubereats.com/chicago/food-delivery/billy-bricks-wood-fired-pizza-lombard/mdMvjaLmQJ-DTeyeW0lMrA,westmont-illinois
https://www.ubereats.com/chicago/food-delivery/subway-822-ogden-ave/NTpB-IROQQS6z4_JAUHblQ,westmont-illinois
https://www.ubereats.com/chicago/food-delivery/signature-slabs/M2vUnrFxR6SwLIz9sCikxw,westmont-illinois
https://www.ubereats.com/chicago/food-delivery/mcdonalds-31st-st-%26-wolf/BV9099m1SqOZlnXs9QcOKQ,westmont-illinois
https://www.ubereats.com/chicago/food-delivery/big-suchir/Avd5-RZsSvKAO8N0fW7aTQ,westmont-illinois
https://www.ubereats.com/chicago/food-delivery/lemonshark-poke/S85y_T3QR-WTwkA_km_Ggw,westmont-illinois
https://www.ubereats.com/chicago/food-delivery/fiamme-pizzeria-napoletana/1eCFOuuzS7mv1ednbOzB8w,westmont-illinois
https://www.ubereats.com/chicago/food-delivery/mago-grill-%26-cantina-bolingbrook/co0VeQanQl6pqgA-fhckTA,westmont-illinois
https://www.ubereats.com/chicago/food-delivery/el-authentico-burrito/MT0flOZfRu-kR5tqSyUTsw,westmont-illinois
https://www.ubereats.com/chicago/food-delivery/fresh-start-cafe/npFoDnFXR7K28aR1yGmIsw,westmont-illinois
https://www.ubereats.com/chicago/food-delivery/altiro-latin-fusion/py535S0CQ3ukFh0-hzoMgg,westmont-illinois
https://www.ubereats.com/chicago/food-delivery/starbucks-ogden-%26-i-294-hinsdale/RHeGxnI-T5CnBbxeqohc6w,westmont-illinois
https://www.ubereats.com/chicago/food-delivery/albaraka-grill/aFz132ENRM6Pz6sEplioQA,westmont-illinois
https://www.ubereats.com/chicago/food-delivery/honey-bee-cafe/HhiLGdMVT3ajy5br0pqWTA,westmont-illinois
https://www.ubereats.com/chicago/food-delivery/burger-king-6930-south-route-83/iwvMRbQzSsmIaofBrrXTpA,westmont-illinois
https://www.ubereats.com/chicago/food-delivery/noodles-%26-company-706-roosevelt-rd/Hd87-2t9Q6qiISYojfxYGw,westmont-illinois
https://www.ubereats.com/chicago/food-delivery/cold-stone-creamery-la-grange-rd/uGctbIb9Ti2UKX2MKueibw,westmont-illinois
https://www.ubereats.com/chicago/food-delivery/cousins-subs/xkIf57FdRUOZA8dH_aYrjw,westmont-illinois
https://www.ubereats.com/chicago/food-delivery/subway-6300-robert-kingery-hwy-%23124/Ew2GfV85Rxe-SLnJvEmZCA,westmont-illinois
https://www.ubereats.com/chicago/food-delivery/ramen-sensei-310-yorktown-center/1eFh-7sBS7G8YaR9Fl2ywA,westmont-illinois
https://www.ubereats.com/chicago/food-delivery/burger-king-1021-east-st-charles-road/WEtuP9i2ThW7wqPOKzGaaA,westmont-illinois
https://www.ubereats.com/chicago/food-delivery/potbelly-sandwich-shop-willowbrook-%7C-94/BZNei2yRQNuSEKb3PF7Egw,westmont-illinois
https://www.ubereats.com/chicago/food-delivery/chicken-tender-kitchen-naperville/3vARO0LkS76gfkXUxMYLcg,westmont-illinois
https://www.ubereats.com/chicago/food-delivery/jamba-juice-7169-s-kingery-highway/6pEsvJ9mR0iStvhoJEqAnQ,westmont-illinois
https://www.ubereats.com/chicago/food-delivery/bakers-square-2020-75th-street/3PE5gX_0QtKuRh0sjgD__w,westmont-illinois
https://www.ubereats.com/chicago/food-delivery/sr-tatos/kJs5CddZRo-IbYh0nci4sg,westmont-illinois
https://www.ubereats.com/chicago/food-delivery/noodles-%26-company-1001-75th-st-ste-189a/zwSSMrixR16ott41fm0UEQ,westmont-illinois
https://www.ubereats.com/chicago/food-delivery/halsted-street-deli-on-s-meyers-rd/pnpPb6NXR4eSPOfApU6tpg,westmont-illinois
https://www.ubereats.com/chicago/food-delivery/salernos-pizzeria-%26-rbar-western-springs/GhrzZYVRRnW7dQc1C20IRg,westmont-illinois
https://www.ubereats.com/chicago/food-delivery/sweetberry-bowls-elmhurst/-FSoDSbtQfaNacqDWISu0g,westmont-illinois
https://www.ubereats.com/chicago/food-delivery/starbucks-burr-ridge-i-55-%26-county-line-rd/AVfZpyliSiCcQJHJlTBuaA,westmont-illinois
https://www.ubereats.com/chicago/food-delivery/brama-la-pizza34-south-prospect-avenue/vMSlJt1RQdWOyl8hpbpU4Q,westmont-illinois
https://www.ubereats.com/chicago/food-delivery/lucky-dragon-2/Jtsr0XAiQ1CjlYaMT7kK_Q,westmont-illinois
https://www.ubereats.com/chicago/food-delivery/kfc-taco-bell-370-roosevelt-road/YSpbtRIET2imrIuq8sCn9g,westmont-illinois
https://www.ubereats.com/chicago/food-delivery/arrowhead-golf-club/lx82tdD_StGMXiCPUITETw,westmont-illinois
https://www.ubereats.com/chicago/food-delivery/old-town-pour-house-naperville/23B9qjG3RQ6Az8_jXYkMdQ,westmont-illinois
https://www.ubereats.com/chicago/food-delivery/dunkin-1931-w-ogden-ave/1LD4znNOQGCqjdyixEad3Q,westmont-illinois
https://www.ubereats.com/chicago/food-delivery/freshii-1-oakbrook-center/6xEsCcQ0S3Wj06Gww5ei3g,westmont-illinois
https://www.ubereats.com/chicago/food-delivery/apizzaco-highland-ave/iSgrmay5SIGUdMUakXe0_A,westmont-illinois
https://www.ubereats.com/chicago/food-delivery/la-barra-oak-brook/FAbLeJORTcytl8OwZ_C_VQ,westmont-illinois
https://www.ubereats.com/chicago/food-delivery/shake-shack-1950-spring-road/gJioG4DPSnaFIyQOuayU7A,westmont-illinois
https://www.ubereats.com/chicago/food-delivery/desi-diner/nIw0DyDNQ1qZOfOxFAvQ9g,westmont-illinois
https://www.ubereats.com/chicago/food-delivery/los-burritos-tapatios-lombard/JYwESSv0Sy6YVxA8wVY4tQ,westmont-illinois
https://www.ubereats.com/chicago/food-delivery/auntie-annes-403-oakbrook-center/Njzmz8jwRCWnhIbEOOR1fw,westmont-illinois
https://www.ubereats.com/chicago/food-delivery/ihop-janes-%26-boughton/TCLPd4P8T4qyRYi_A1kU_A,westmont-illinois
https://www.ubereats.com/chicago/food-delivery/7-gates-restaurant/A_qh7eDXRZG_TyVZ9AUQXg,westmont-illinois
https://www.ubereats.com/chicago/food-delivery/grand-dukes-restaurant-llc/gavmtMgVRaaGVQMEtjhpqA,westmont-illinois
https://www.ubereats.com/chicago/food-delivery/meal-village/_eFAo3UUT9mhDJ-8CX2Tbw,westmont-illinois
https://www.ubereats.com/chicago/food-delivery/palmer-place-restaurant-and-biergarten/-wlJeB9OTxSPPd_vyT2MEg,westmont-illinois
https://www.ubereats.com/chicago/food-delivery/smallcakes-western-springs/HNpZLwjnQzSob3kI2eptrw,westmont-illinois
https://www.ubereats.com/chicago/food-delivery/sweet-desserts/MunpykDlR72joXFoV1KKVQ,westmont-illinois
https://www.ubereats.com/chicago/food-delivery/quarry-pub-and-grill/ivD7gWDTSwGbr7hUoyxSzw,westmont-illinois
https://www.ubereats.com/chicago/food-delivery/halsted-street-deli/INc7--4gSEK6j3C6TCUp6A,westmont-illinois
https://www.ubereats.com/chicago/food-delivery/xelva/AppdkbknSzeHnuik8LchRw,westmont-illinois
https://www.ubereats.com/chicago/food-delivery/butterfields-wheaton/nwL8t9GPSbG_hKzp8j3OWg,westmont-illinois
https://www.ubereats.com/chicago/food-delivery/noodles-pho-u-lombard/vHVo7wYgQJeHQFw3omvUKg,westmont-illinois
https://www.ubereats.com/chicago/food-delivery/cold-stone-creamery/Aa7MAK9fSZuhLlZsvmFa4A,westmont-illinois
https://www.ubereats.com/chicago/food-delivery/dunkin-1090-roosevelt-rd/Ya1PCCJSTFqCqmA8tm9N-Q,westmont-illinois
https://www.ubereats.com/chicago/food-delivery/starbucks-hinsdale-washington-%26-hinsdale/tSjTHTztSUWHAm3hX1NpzA,westmont-illinois
https://www.ubereats.com/chicago/food-delivery/pierce-tavernmain-st/m3vRucIvSZGTLL6tdeBDag,westmont-illinois
https://www.ubereats.com/chicago/food-delivery/smashburger-1-rice-lake-square/R6iq8xW-S2SJCZi6UsRB-Q,westmont-illinois
https://www.ubereats.com/chicago/food-delivery/nicksons-eatery/GRJrKS9rQZ28TEUq1dKBUw,westmont-illinois
https://www.ubereats.com/chicago/food-delivery/taco-bell-13-w-ogden-avenue/OAriunA2RSiKJ4EVSmOl_g,westmont-illinois
https://www.ubereats.com/chicago/food-delivery/buona-hillside/DuxRtOp1TfS7UEtSBT0EAQ,westmont-illinois
https://www.ubereats.com/chicago/food-delivery/taco-bell-7419-s-cass-ave/pKxV0rdkTymUiv6bk6UJEQ,westmont-illinois
https://www.ubereats.com/chicago/food-delivery/arbys-5656-s-lagrange-rd/k4d-6xkFSXqCli0CpBrw6w,westmont-illinois
https://www.ubereats.com/chicago/food-delivery/my-kind-of-deli/uzgpXvbzQzCYc8Pi2gW84w,westmont-illinois
https://www.ubereats.com/chicago/food-delivery/subway-1009-e-roosevelt-rd/4c60D_IDRcCs3VnTauvbtA,westmont-illinois
https://www.ubereats.com/chicago/food-delivery/wok-n-fire-wheaton/5BMBDafySTiy-4mqBmjEuQ,westmont-illinois
https://www.ubereats.com/chicago/food-delivery/xando-cafe/PRp76M73TXi2b3Utjjmriw,westmont-illinois
https://www.ubereats.com/chicago/food-delivery/arbys-4806-w-cermak-ave/yQrSIEy5S5SQrJHH8EFqsQ,westmont-illinois
https://www.ubereats.com/chicago/food-delivery/chuck-e-cheese-200-w-roosevelt/cbMIQuqcTaepSPxCT2B9rg,westmont-illinois
https://www.ubereats.com/chicago/food-delivery/tacochela/7YoZLOAWTKCptALUCL2DNQ,westmont-illinois
https://www.ubereats.com/chicago/food-delivery/the-desi-accent/IesRk1K4SW6cculNYzA7HQ,westmont-illinois
https://www.ubereats.com/chicago/food-delivery/flat-top-grill-lombard/GedKlrcNSPmYjWnyuuqnKA,westmont-illinois
https://www.ubereats.com/chicago/food-delivery/bar-louie-bolingbrook/_HGDaSw0RJyRaZ4LZN4NXg,westmont-illinois
https://www.ubereats.com/chicago/food-delivery/buffalo-wild-wings-7111-s-kingery-hwy/2GHjh3aWRC-Ghyigo3fNbg,westmont-illinois
https://www.ubereats.com/chicago/food-delivery/magic-kitchen/UpNaO0b1T0ihKG-TLTUshg,westmont-illinois
https://www.ubereats.com/chicago/food-delivery/chipotle-mexican-grill-750-janes-ave-ste-a/5lljjkaGR--S3i9eOqCsGQ,westmont-illinois
https://www.ubereats.com/chicago/food-delivery/sebastians-ale-%26-whiskey-house-lombard/Ai9vhK_0SuW1RF6tYHUMPw,westmont-illinois
https://www.ubereats.com/chicago/food-delivery/the-clubhouse-oak-brook/iniAqgjiTGWOKxKm9N_sEQ,westmont-illinois
https://www.ubereats.com/chicago/food-delivery/panda-express-la-grange-%26-61st-st/jORFdXVuQduJeaED-Hp4eA,westmont-illinois
https://www.ubereats.com/chicago/food-delivery/dunkin-17521-roosevelt-rd/I8v0AykgTYW72oHcig7beA,westmont-illinois
https://www.ubereats.com/chicago/food-delivery/starbucks-bolingbrook-boughton-%26-janes/MzulR5YsQyqxjxudhLEtCA,westmont-illinois
https://www.ubereats.com/chicago/food-delivery/stans-donuts-oak-brook/MjmNXbzDS02XDaTKLcpd5A,westmont-illinois
https://www.ubereats.com/chicago/food-delivery/idof-i-dream-of-falafel-oakbrook/8N3_YdA2TVa4wFFy__U8gw,westmont-illinois
https://www.ubereats.com/chicago/food-delivery/the-beer-market/8X7uGNubSBiAbsIicDwtHw,westmont-illinois
https://www.ubereats.com/chicago/food-delivery/starbucks-clarendon-hills-park-ave/k_05R2DJS0aEVeo3xxtbOQ,westmont-illinois
https://www.ubereats.com/chicago/food-delivery/subway-9320-joliet-rd-ste-100/5t6x1477S2KBY2Y79H6UDQ,westmont-illinois
https://www.ubereats.com/chicago/food-delivery/millers-ale-house-lombard/2iW3qUJYTm65g8Fxjgxo_g,westmont-illinois
https://www.ubereats.com/chicago/food-delivery/subway-2189-75th-st/V7ifuYRRScu01Gx0T1IJUQ,westmont-illinois
https://www.ubereats.com/chicago/food-delivery/twin-peaks-restaurant-17w744-22nd-st/XT_jp8V6QkWuNwxKAfJj6g,westmont-illinois
https://www.ubereats.com/chicago/food-delivery/honey-jam-cafe-downers-grove/hyUAKwqTR_i01zXKDDGT9w,westmont-illinois
https://www.ubereats.com/chicago/food-delivery/petey-pasta-highland-ave/zvSOxLelRLSIbFdO50SKhA,westmont-illinois
https://www.ubereats.com/chicago/food-delivery/between-the-buns-bolingbrook/KrsRwFNpTKSlH-KqrF7zHA,westmont-illinois
https://www.ubereats.com/chicago/food-delivery/brooks-kitchen-%26-tap/Oor5mGwbQX-1214eO6Rsvw,westmont-illinois
https://www.ubereats.com/chicago/food-delivery/chipotle-mexican-grill-1203-ogden-ave/CR0Jrk5iQcGdpSTx3L-TrA,westmont-illinois
https://www.ubereats.com/chicago/food-delivery/good-tequilas-mexican-grill-glendale-heights/4RzGgLtcSyK6-hJlie4xiA,westmont-illinois
https://www.ubereats.com/chicago/food-delivery/banda-nawaz/hXux2eYtQUq1pzivaE1ZzQ,westmont-illinois
https://www.ubereats.com/chicago/food-delivery/falak-restaurant-and-banquets/MqgEKNvvRiGJlEXNnjkohw,westmont-illinois
https://www.ubereats.com/chicago/food-delivery/taqueria-san-miguel/KC6KnW-5SqO155_ZfsJSvg,westmont-illinois
https://www.ubereats.com/chicago/food-delivery/halal-express-cuisine/KhaG6fv5RsS9kKc-O3t56w,westmont-illinois
https://www.ubereats.com/chicago/food-delivery/wildfire-oak-brook/EArDI_IATQ-ejvek4jpUiQ,westmont-illinois
https://www.ubereats.com/chicago/food-delivery/sushi-time/va-EBFAnQCC3a0We0FIfgg,westmont-illinois
https://www.ubereats.com/chicago/food-delivery/the-simple-greek/e3MHOKevTlCiQt6gp6j2Qw,westmont-illinois
https://www.ubereats.com/chicago/food-delivery/subway-404-w-roosevelt-rd/dt6A-n8KRa-uRCISOXvpJA,westmont-illinois
https://www.ubereats.com/chicago/food-delivery/dunkin-150-e-ogden-ave/4WdBEOIaSpukFjR-ulWMKg,westmont-illinois
https://www.ubereats.com/chicago/food-delivery/kabab-guys/1jK7drAhQWG5wj4ViIj6Xg,westmont-illinois
https://www.ubereats.com/chicago/food-delivery/burrito-parilla-mexicana-lombard/8jp3dZvqQp2RdBBm8LvjlQ,westmont-illinois
https://www.ubereats.com/chicago/food-delivery/claras/ULkU8AukSXGwKin9E-dS5w,westmont-illinois
https://www.ubereats.com/chicago/food-delivery/roka-akor-oak-brook/Y89cfuDCSbyGAk1RK-gLhQ,westmont-illinois
https://www.ubereats.com/chicago/food-delivery/neat-kitchen-%2B-bar/69k4VkGuRnSS8cHwATO3yg,westmont-illinois
https://www.ubereats.com/chicago/food-delivery/jerusalem-cafe-lombard/WKs6NpiSSzyAHSUfbDwKMg,westmont-illinois
https://www.ubereats.com/chicago/food-delivery/guac-n-tacos-western-springs/XnQcFL0FQb2ntElULqF0zw,westmont-illinois
https://www.ubereats.com/chicago/food-delivery/maple-cafe/ku4_tU5dR0a6CaC6fyEsTw,westmont-illinois
https://www.ubereats.com/chicago/food-delivery/la-michoacana-tres-hermanos/vwqFKWzQSTyO9JRYdGiR5A,westmont-illinois
https://www.ubereats.com/chicago/food-delivery/prasino/HVVTzo-oSKWWKqRwtYeWyw,westmont-illinois
https://www.ubereats.com/chicago/food-delivery/panda-express-roosevelt-%26-fairfield/IiLxNXpmRq6WwHfGo4JRHQ,westmont-illinois
https://www.ubereats.com/chicago/food-delivery/desi-grill-and-pizza/QE_TF7_MQxu2XphAJ2sBCQ,westmont-illinois
https://www.ubereats.com/chicago/food-delivery/little-caesars/HSSbmiGbQle4g12glvUkxg,westmont-illinois
https://www.ubereats.com/chicago/food-delivery/beijing-bros/w1BlRqrsT2KhcA7PHk33JA,westmont-illinois
https://www.ubereats.com/chicago/food-delivery/otobo-sushi-%26-bar/UTQUjhMARACHR-fbjqbWzQ,westmont-illinois
https://www.ubereats.com/chicago/food-delivery/jersey-mikes-subs-glen-ellyn-711-e-roosevelt-road/82Zhe7qvSdagDn0utkHfgA,westmont-illinois
https://www.ubereats.com/chicago/food-delivery/dunkin-1160-s-main-st/z4nHPZ8MQya63MtbjZ6vqQ,westmont-illinois
https://www.ubereats.com/chicago/food-delivery/cafe-salsa/lPNCXkXSQj--UjiT4n2WCA,westmont-illinois
https://www.ubereats.com/chicago/food-delivery/starbucks-47th-%26-gilbert/xQ7d_scKQ8CqaLITTdsb0Q,westmont-illinois
https://www.ubereats.com/chicago/food-delivery/hong-kong-carry-out/n-Llehj5Ru-OJ8bAD94Jag,westmont-illinois
https://www.ubereats.com/chicago/food-delivery/ellyns-tap-and-grill/QXJZo7kWQfy83nNkRObtHw,westmont-illinois
https://www.ubereats.com/chicago/food-delivery/stir-crazy-fresh-asian-grill-oak-brook/zlKhqIfyR6O9ZM-WfsDmiA,westmont-illinois
https://www.ubereats.com/chicago/food-delivery/potbelly-sandwich-shop-westmont-dt-%7C-355/X8FhmEq8SueRKAEtdwPMIQ,westmont-illinois
https://www.ubereats.com/chicago/food-delivery/noodles-pho-u-bolingbrook/FcX4R6m_SkKTe1p1j4KhnA,westmont-illinois
https://www.ubereats.com/chicago/food-delivery/kfc-taco-bell-1015-maple-avenue/b7MHyF_rRyKdgtrfmC8qzg,westmont-illinois
https://www.ubereats.com/chicago/food-delivery/chipotle-mexican-grill-40-n-la-grange-rd/ydY13b8eSvaRdd2BAdL5pA,westmont-illinois
https://www.ubereats.com/chicago/food-delivery/schmaltz-deli/WynBFX6cS8Ke_ICqQEzh9g,westmont-illinois
https://www.ubereats.com/chicago/food-delivery/kyoto-japanese-sushi-restaurant/A7IesnCjRcCrZxJXgL3C0g,westmont-illinois
https://www.ubereats.com/chicago/food-delivery/mcdonalds-york-%26-ogden/c6U_uJTxSdC8ZHmHbBVMgA,westmont-illinois
https://www.ubereats.com/chicago/food-delivery/dao-sushi-%26-thai-restaurant-willowbrook/i1DLWfBIS_OteYCrqvKQ8g,westmont-illinois
https://www.ubereats.com/chicago/food-delivery/buca-di-beppo-lombard/JYSHzVFQTSq6i-I6jngTow,westmont-illinois
https://www.ubereats.com/chicago/food-delivery/hooters-lagrange-%26-joliet/deKpePwrRtanUemAn-ArYA,westmont-illinois
https://www.ubereats.com/chicago/food-delivery/sonic-drive-in-roosevelt-%26-ardmore/gjleEWQkRkuOSDK0O_BsiA,westmont-illinois
https://www.ubereats.com/chicago/food-delivery/kizuna-sushi-bistro/mDzkKkgfR323PClFNUUCtg,westmont-illinois
https://www.ubereats.com/chicago/food-delivery/subway-1034-s-york-rd/J7YzwsU_TpeF0OYExpjSiw,westmont-illinois
https://www.ubereats.com/chicago/food-delivery/dunkin-522-ogden-ave/aVj0qVH1RxmK1MZcCEph7A,westmont-illinois
https://www.ubereats.com/chicago/food-delivery/sarpinos-pizzeria-5321-s-la-grange-rd/4EImGeWDRRy8S0RCnPW-6w,westmont-illinois
https://www.ubereats.com/chicago/food-delivery/mora-asian-kitchen-bolingbrook/6U9oNXyaSpGuLqDwvoFbuA,westmont-illinois
https://www.ubereats.com/chicago/food-delivery/southern-belles-bedford-park/Db_4YGFdSVCE5f7ZpmhT3Q,westmont-illinois
https://www.ubereats.com/chicago/food-delivery/mcdonalds-il-53-%26-butterfield/8NvrQtsOSXC3obxP6OncWg,westmont-illinois
https://www.ubereats.com/chicago/food-delivery/chipotle-mexican-grill-5801-s-la-grange-rd/0srhU-VJTBujweqlmBnBtA,westmont-illinois
https://www.ubereats.com/chicago/food-delivery/steak-n-shake-2019-w-75th-street/bXW_XVKGQE2nANq1M8TC-A,westmont-illinois
https://www.ubereats.com/chicago/food-delivery/shinto-sushi-at-freedom-commons/xcwpGPNeTEGfc3mw67gAOQ,westmont-illinois
https://www.ubereats.com/chicago/food-delivery/papa-johns-355-w-ogden-ave/tya141dOQKidXJ7uaqUR1g,westmont-illinois
https://www.ubereats.com/chicago/food-delivery/sakura-nami/Lh3hW6EoQgytsqOU5H8yZQ,westmont-illinois
https://www.ubereats.com/chicago/food-delivery/jimmys-dog-house/J62MQQD0QjGn7qxlo5Excw,westmont-illinois
https://www.ubereats.com/chicago/food-delivery/red-mango-233-town-sq/wV8ZBCohRYyyvPRMHxJG8g,westmont-illinois
https://www.ubereats.com/chicago/food-delivery/mcdonalds-roosevelt-%26-stewart/sgzhJeCNR5-tcAo3mILuyQ,westmont-illinois
https://www.ubereats.com/chicago/food-delivery/naked-burger/Xrq9kqYgSYukj8tbLzy2Uw,westmont-illinois
https://www.ubereats.com/chicago/food-delivery/burger-king-11124-west-31st-avenue/L0b1zBMUSfirJtuhYNtwYw,westmont-illinois
https://www.ubereats.com/chicago/food-delivery/mangia-mangia/H6zRSU3LQ6q185eLF2-JrQ,westmont-illinois
https://www.ubereats.com/chicago/food-delivery/mon-ami-gabi-oak-brook-center/VQHij92TRhmRv4BsxdTcSg,westmont-illinois
https://www.ubereats.com/chicago/food-delivery/labriola-cafe-oak-brook/TRdussV4RK6FPPZMwfRxrA,westmont-illinois
https://www.ubereats.com/chicago/food-delivery/chicken-crossing/aeM3TmvtQw2c9hXNUkH6cw,westmont-illinois
https://www.ubereats.com/chicago/food-delivery/chinns-34th-street-fishery/GwLEMNybRryEkycp3SFsTw,westmont-illinois
https://www.ubereats.com/chicago/food-delivery/calzones-highland-ave/hYDpaEnQS1KzwLI-4kq96g,westmont-illinois
https://www.ubereats.com/chicago/food-delivery/carrabbas-1001-75th-st/J3K7eixKRk6vPbZ0Nm4KMg,westmont-illinois
https://www.ubereats.com/chicago/food-delivery/sals-pizza-pub/d52iUBBuSpOmJVn5bKFeHA,westmont-illinois
https://www.ubereats.com/chicago/food-delivery/chishack/Zpox8GcdQjSliPRTheu9RA,westmont-illinois
https://www.ubereats.com/chicago/food-delivery/paleteria-el-sabor-de-michoacan-%23-3/NjHKBc0JRMuNEo8CQW1mVQ,westmont-illinois
https://www.ubereats.com/chicago/food-delivery/starbucks-naper-%26-75th-st/q4MOuwK9Rje10xA_Z99U_w,westmont-illinois
https://www.ubereats.com/chicago/food-delivery/mcdonalds-ogden-%26-florence/oLjV77GWRTKwSgvs2lv0-w,westmont-illinois
https://www.ubereats.com/chicago/food-delivery/capri-to-go/2F1h-lE6Qr-r4p13eri_kQ,westmont-illinois
https://www.ubereats.com/chicago/food-delivery/priyas-kitchen-westmont/-6clMLQeSWmI_O6dEy3qNg,westmont-illinois
https://www.ubereats.com/chicago/food-delivery/la-sorella-di-francesca/pELghr8JTSCklq8SpD3nBA,westmont-illinois
https://www.ubereats.com/chicago/food-delivery/guzman-y-gomez-naperville/jM6t0JCZTAW7gDe2EMp9Fw,westmont-illinois
https://www.ubereats.com/chicago/food-delivery/kanya/q0ZwlPpITRGXrKEWe6EMDw,westmont-illinois
https://www.ubereats.com/chicago/food-delivery/subway-of-countryside/Arf5hNIsTrecLiUmhGinbg,westmont-illinois
https://www.ubereats.com/chicago/food-delivery/buona-lombard/-ZLrD2o8TSOvMDSQyl1d8Q,westmont-illinois
https://www.ubereats.com/chicago/food-delivery/millhurst-charhouse-%26-banquets/ClJmpbTXTw-1-jXOmFKKiw,westmont-illinois
https://www.ubereats.com/chicago/food-delivery/bumper-2-burger-ordermark/jA_CzpPDQLOUbnK-Kf1-Tg,westmont-illinois
https://www.ubereats.com/chicago/food-delivery/mod-pizza-willowbrook-tc/AePbiB-YQseAW15SIRW_kg,westmont-illinois
https://www.ubereats.com/chicago/food-delivery/butterfields-oakbrook-terrace/pK_n1amMTVKJekdDmed3pg,westmont-illinois
https://www.ubereats.com/chicago/food-delivery/little-joes-countryside/ONhUZhpLT0C1dG1BUiKCDw,westmont-illinois
https://www.ubereats.com/chicago/food-delivery/billy-bricks-wood-fired-pizza-yorktown-center/GYk1y4sQRIS4u4k_FwXgpA,westmont-illinois
https://www.ubereats.com/chicago/food-delivery/tavern39/KmsH88OlQgO0_7WlPxGSqA,westmont-illinois
https://www.ubereats.com/chicago/food-delivery/tm-basil/RQyDBnvQSgasCPbPsiozGA,westmont-illinois
https://www.ubereats.com/chicago/food-delivery/ballydoyle-irish-pub-downers-grove/usKHSH8tQDKQFCev3zqYcw,westmont-illinois
https://www.ubereats.com/chicago/food-delivery/corner-bakery-cafe-42-e-hinsdale-ave/0Buj65LDTumKHa0DVde28g,westmont-illinois
https://www.ubereats.com/chicago/food-delivery/fill-a-pita/TxEeurOJRb2iDcMI5uCycA,westmont-illinois
https://www.ubereats.com/chicago/food-delivery/damascus-falafel/-0wJWXJ0RsOxsqtXYlyosQ,westmont-illinois
https://www.ubereats.com/chicago/food-delivery/honeyberry-cafe/-kH7WDfwQA2GHh10jM7n5w,westmont-illinois
https://www.ubereats.com/chicago/food-delivery/chinese-kitchen/1HaC06LwS2SrfNrLNXN9rA,westmont-illinois
https://www.ubereats.com/chicago/food-delivery/los-burritos-tapatios-downers-grove/8hnvc2ONR2qNpICRwXa80Q,westmont-illinois
https://www.ubereats.com/chicago/food-delivery/roundheads-pizza-downers-grove/wMvUxymuTTSCsH33UVQcwQ,westmont-illinois
https://www.ubereats.com/chicago/food-delivery/capri-express-pizza-%26-pasta/YJ5GKUlmQWOAcwzMVD8EPw,westmont-illinois
https://www.ubereats.com/chicago/food-delivery/bds-mongolian-grill-boughton-%26-janes/OYULWfh3RkaUHFHoDRtHlg,westmont-illinois
https://www.ubereats.com/chicago/food-delivery/starbucks-countryside-lagrange-road/eJPTkgdDR2KtHzD4KFCpvg,westmont-illinois
https://www.ubereats.com/chicago/food-delivery/firehouse-subs-920-plainfield-road/SU0hQLMMQdiAgexyYvOeSQ,westmont-illinois
https://www.ubereats.com/chicago/food-delivery/devon-seafood-grill-17w400-22nd-st/3GfgZERYQ5G_Iv3k_J3tlg,westmont-illinois
https://www.ubereats.com/chicago/food-delivery/dunkin-donuts-oak-brook/z24RXuPYSE6Ns-TeCVw2sw,westmont-illinois
https://www.ubereats.com/chicago/food-delivery/starbucks-75th-%26-lemont/L_aWYoz8QXOPgxDo_FSxzQ,westmont-illinois
https://www.ubereats.com/chicago/food-delivery/dunkin-85-yorktown-shopping-center/btA1cbCDSm6b1OOKbcxMng,westmont-illinois
https://www.ubereats.com/chicago/food-delivery/zazzos-pizza-westmont/enmbAxBRRgau2mn1a3i1QQ,westmont-illinois
https://www.ubereats.com/chicago/food-delivery/cold-stone-creamery-23-w-jefferson-ave/Mj68Saj5R4akNME-Y7Egng,westmont-illinois
https://www.ubereats.com/chicago/food-delivery/grilled-cheesin/zARAjV5UQQWy4gSti2EU4w,westmont-illinois
