url,city
https://www.ubereats.com/philadelphia/food-delivery/bertuccis-wilmington/l4uny-eeRLGa8q0kZJyn1A,west-chester-pennsylvania
https://www.ubereats.com/philadelphia/food-delivery/red-robin-6100-brandywine-pkwy/NnTAaGx3RdqBBr8nSCYzxQ,west-chester-pennsylvania
https://www.ubereats.com/philadelphia/food-delivery/bertuccis-501-byers-drive/mFNC15JwSaSxz5hF4D3wOA,west-chester-pennsylvania
https://www.ubereats.com/philadelphia/food-delivery/dunkin-1009-w-chester-pike/-Wv9NAlYQHO5tKHVrTvf4A,west-chester-pennsylvania
https://www.ubereats.com/philadelphia/food-delivery/rams-head-bar-%26-grill-west-chester/LLU335O3RkS2fXYEvaVoIQ,west-chester-pennsylvania
https://www.ubereats.com/philadelphia/food-delivery/saladworks-4127-concord-pike/6thim6WASsSCzxgT91TW3g,west-chester-pennsylvania
https://www.ubereats.com/philadelphia/food-delivery/tgi-fridays-301-rocky-run-pkwy/XADUnz-YSsKGZNXuqYVV3g,west-chester-pennsylvania
https://www.ubereats.com/philadelphia/food-delivery/maggie-moos-137-w-lincoln-hwy/laTDS3FURP-7Et0PkUcV6Q,west-chester-pennsylvania
https://www.ubereats.com/philadelphia/food-delivery/goal-line-pub/5pzGqM_eR_KA0AeUiaUT4Q,west-chester-pennsylvania
https://www.ubereats.com/philadelphia/food-delivery/papa-johns-185-eagleview-boulevard/oec5M5q-QEm-PnaIXp4UIQ,west-chester-pennsylvania
https://www.ubereats.com/philadelphia/food-delivery/enzos-italian-eatery/mLKrjQC7SGWxT5Y2SDVF1A,west-chester-pennsylvania
https://www.ubereats.com/philadelphia/food-delivery/bistro-24-american-grille/0FY0wDoATwChdvEALo60Rg,west-chester-pennsylvania
https://www.ubereats.com/philadelphia/food-delivery/cookie-dope/5_LSFD28TF-Out9l3zy4jw,west-chester-pennsylvania
https://www.ubereats.com/philadelphia/food-delivery/wawa-269-36-baltimore-pike/IiPpFZr5SA63T_QV7GQQPQ,west-chester-pennsylvania
https://www.ubereats.com/philadelphia/food-delivery/carmines-pizza/EEE0oKClTASZS5PuHp8utw,west-chester-pennsylvania
https://www.ubereats.com/philadelphia/food-delivery/mas-mexicali-cantina/HGFwMehKTJuiMz-6D8vBYw,west-chester-pennsylvania
https://www.ubereats.com/philadelphia/food-delivery/china-palace/giB8Hbn6T4GUQdPWgoLRjQ,west-chester-pennsylvania
https://www.ubereats.com/philadelphia/food-delivery/shere-e-punjab-indian-cuisine/RPwu0PrHSg2I-xi4tg4_Qg,west-chester-pennsylvania
https://www.ubereats.com/philadelphia/food-delivery/manam-indian-cuisine/UBND7xzKSHmRV8qFZPmtVg,west-chester-pennsylvania
https://www.ubereats.com/philadelphia/food-delivery/smashburger-5-morehall-road-ste-400/HXML-xvlSLy9ocV1vv73Ug,west-chester-pennsylvania
https://www.ubereats.com/philadelphia/food-delivery/wayback-burger-3483-lincoln-hwy/mSoHZ2FaTwKwH7W-HKA-Bw,west-chester-pennsylvania
https://www.ubereats.com/philadelphia/food-delivery/west-chester-diner/vS-z6vrURx2L3h1GUUHKiQ,west-chester-pennsylvania
https://www.ubereats.com/philadelphia/food-delivery/roots-cafe/bXRM6MKfRNyzuMEDp7ELZA,west-chester-pennsylvania
https://www.ubereats.com/philadelphia/food-delivery/asian-halal-%26-shagun-palace/FEVHiYDISy6bPJ55lJVDrg,west-chester-pennsylvania
https://www.ubereats.com/philadelphia/food-delivery/sauceys-pizza/xu_VPWVtSU2mce6cdGU7Ww,west-chester-pennsylvania
https://www.ubereats.com/philadelphia/food-delivery/charleys-philly-steaks-exton-square-mall/cT0fsrMnRNy5NXWdLPX74w,west-chester-pennsylvania
https://www.ubereats.com/philadelphia/food-delivery/harvest-seasonal-grill-%26-wine-bar-glen-mills/GOqoFsw9QNmpCYdLqsvQZw,west-chester-pennsylvania
https://www.ubereats.com/philadelphia/food-delivery/koshari-n-shrimp/_PJUIem5Q3OXHfTfZMCd-Q,west-chester-pennsylvania
https://www.ubereats.com/philadelphia/food-delivery/jimmys-bbq/-zs6okGxSqqld1DuS8AYFA,west-chester-pennsylvania
https://www.ubereats.com/philadelphia/food-delivery/primohoagies-417-e-lincoln-hwy/uE3Mkf8IRNWfa1eFsW0n6A,west-chester-pennsylvania
https://www.ubereats.com/philadelphia/food-delivery/indian-hut-exton/d7zgya6-SYqj9-295em8xw,west-chester-pennsylvania
https://www.ubereats.com/philadelphia/food-delivery/spice-indian-thai-bistro/48llgQFoRhSzQiLu5HzL9Q,west-chester-pennsylvania
https://www.ubereats.com/philadelphia/food-delivery/uno-pizzeria-%26-grill-8-n-pottstown-pike/kPMYa1i4SJOoNo0U5hAYUA,west-chester-pennsylvania
https://www.ubereats.com/philadelphia/food-delivery/subway-601-w-strasburg-rd/ICm96uuGSjq_yqh0-yLfMA,west-chester-pennsylvania
https://www.ubereats.com/philadelphia/food-delivery/plaza-azteca-lincoln-hwy/niFKgFrYRf2L83bYYZgbAA,west-chester-pennsylvania
https://www.ubereats.com/philadelphia/food-delivery/buca-di-beppo-300-main-street/rdHoNkqaQ5-OHm8M3wHj1A,west-chester-pennsylvania
https://www.ubereats.com/philadelphia/food-delivery/lorenzos-steaks-and-hoagies/J1O60h-0RR-NdCIAk7RBDw,west-chester-pennsylvania
https://www.ubereats.com/philadelphia/food-delivery/gramms-kitchen/6cMJsxmtSnqEMTpFo3YH5w,west-chester-pennsylvania
https://www.ubereats.com/philadelphia/food-delivery/boston-market-3900-concord-pike/96nwI8z0TB-LX5WHKum_mA,west-chester-pennsylvania
https://www.ubereats.com/philadelphia/food-delivery/wendys-700-east-gay-street/MbRkKAQTS2-pJXcBZR5Ijg,west-chester-pennsylvania
https://www.ubereats.com/philadelphia/food-delivery/on-the-border-102-bartlett-avenue/ockLSqt8QxiHzXTyhDUE2A,west-chester-pennsylvania
https://www.ubereats.com/philadelphia/food-delivery/dunkin-107-quarry-rd/Q7vA9iPaSCaoXNBp7esYKA,west-chester-pennsylvania
https://www.ubereats.com/philadelphia/food-delivery/just-wing-it/njgqhsMUS_6XUpA1YFOuKw,west-chester-pennsylvania
https://www.ubereats.com/philadelphia/food-delivery/playa-bowls-west-chester-pa/U4rJwFj0To-Sz6FfNXFCCg,west-chester-pennsylvania
https://www.ubereats.com/philadelphia/food-delivery/buena-vista-mexican-restaurant/v-3IVqW-RdWG_D4FEWLsEQ,west-chester-pennsylvania
https://www.ubereats.com/philadelphia/food-delivery/panera-1115-west-chester-pike/Ktx6I3eYSlGZaRbQ3T7cCQ,west-chester-pennsylvania
https://www.ubereats.com/philadelphia/food-delivery/buddys-burgers-breasts-and-fries/BUo-fJ36SCq8d4cqkXuixA,west-chester-pennsylvania
https://www.ubereats.com/philadelphia/food-delivery/poke-bros-glen-mills/I5XPZkjBSY2MAGmk6KJjKQ,west-chester-pennsylvania
https://www.ubereats.com/philadelphia/food-delivery/qdoba-5609-concord-pike/Mm7FCGSFT46g_ZyNB8tViw,west-chester-pennsylvania
https://www.ubereats.com/philadelphia/food-delivery/mcdonalds-701-e-gay-st/BN8br4a_S7eAWaT7ekm-HA,west-chester-pennsylvania
https://www.ubereats.com/philadelphia/food-delivery/carrabbas-102-painters-crossing-painters-crossing-shopping-mall/4PASIsWUT7yl-MyMtRmvDA,west-chester-pennsylvania
https://www.ubereats.com/philadelphia/food-delivery/al-pastor-exton/REDAglAsTyWMLWL3u9NnMg,west-chester-pennsylvania
https://www.ubereats.com/philadelphia/food-delivery/applebees-3479-e-lincoln-hwy/7f6jFcjrSZWXp6m56uTkHg,west-chester-pennsylvania
https://www.ubereats.com/philadelphia/food-delivery/amore-pizza-%26-restaurant-west-chester/H3zrIFm0TR2hARhd2SvKkA,west-chester-pennsylvania
https://www.ubereats.com/philadelphia/food-delivery/kfc-taco-bell-519-e-market-st/ldJMHQmVRqazuoIn2Gg07w,west-chester-pennsylvania
https://www.ubereats.com/philadelphia/food-delivery/ryans-pub/5VLsjXFKRdOymGso3DqhUg,west-chester-pennsylvania
https://www.ubereats.com/philadelphia/food-delivery/tropical-smoothie-cafe-849-paoli-pike/uHa87HsoTUWLe82Hgxp8Pg,west-chester-pennsylvania
https://www.ubereats.com/philadelphia/food-delivery/china-king/vbYhW8gURmeknPKQ1JtNyw,west-chester-pennsylvania
https://www.ubereats.com/philadelphia/food-delivery/outback-steakhouse-675-lancaster-ave/Y2d74x2iRZmHhjSqeAZelQ,west-chester-pennsylvania
https://www.ubereats.com/philadelphia/food-delivery/sabatinos-grill/ajGPkVRoQZaE-uPC0EAl2A,west-chester-pennsylvania
https://www.ubereats.com/philadelphia/food-delivery/philly-pretzel-factory-126-eagleview-blvd/awaTpWKRSwqIatdMKzrhhA,west-chester-pennsylvania
https://www.ubereats.com/philadelphia/food-delivery/brickside-grille/WrRCV5GGTTCnF-OZ-8yzNw,west-chester-pennsylvania
https://www.ubereats.com/philadelphia/food-delivery/tlaxkalli-mexican-tortilleria-%26-taqueria/xAcAAlfTQ5KNJapebdjPWg,west-chester-pennsylvania
https://www.ubereats.com/philadelphia/food-delivery/dunkin-607-e-market-st/3cgrVuMGTCqhW3H3XCUheg,west-chester-pennsylvania
https://www.ubereats.com/philadelphia/food-delivery/five-guys-pa-1092-76-exton-square-pkwy/S97YRfLfSS6kpNRZorW-uA,west-chester-pennsylvania
https://www.ubereats.com/philadelphia/food-delivery/capriottis-sandwich-shop-301-byers-drive/CEM4VWlLSGWCRy379fpSwg,west-chester-pennsylvania
https://www.ubereats.com/philadelphia/food-delivery/firebirds-wood-fired-grill-91-wilmington-w-chester-pike/MKVAEnFMSuKggNdCZQK3Dw,west-chester-pennsylvania
https://www.ubereats.com/philadelphia/food-delivery/world-of-beer-102-main-st/8DFTpQ72Q6qSk8EgM88B_g,west-chester-pennsylvania
https://www.ubereats.com/philadelphia/food-delivery/iron-hill-brewery-%26-restaurant-west-chester/BqzZ0tbpSCuJ6hu-cWVDJQ,west-chester-pennsylvania
https://www.ubereats.com/philadelphia/food-delivery/barndawgs-gourmet-hot-dogs/2eEHQlfLT5uhkNiUO9JNdA,west-chester-pennsylvania
https://www.ubereats.com/philadelphia/food-delivery/taco-bell-660-nutt-road/YvkCn8ynTVaJopZhgZVMBA,west-chester-pennsylvania
https://www.ubereats.com/philadelphia/food-delivery/ihop-471-john-young-way/obz9Wr6zRFyUGXuPAqE1xA,west-chester-pennsylvania
https://www.ubereats.com/philadelphia/food-delivery/jersey-mikes-subs-323-e-gay-street/P4X6P3MDRyu9UmIihXVjyQ,west-chester-pennsylvania
https://www.ubereats.com/philadelphia/food-delivery/clean-juice-571-wilmington-west-chester-pike/ThsQzWLgRYeQqdXLFfTyNg,west-chester-pennsylvania
https://www.ubereats.com/philadelphia/food-delivery/bubble-shack/jN5XhSP4RD6ieViZiFG64g,west-chester-pennsylvania
https://www.ubereats.com/philadelphia/food-delivery/outback-steakhouse-701-byers-drive/mBB59NNTQUeq5fySbzzDAA,west-chester-pennsylvania
https://www.ubereats.com/philadelphia/food-delivery/chipotle-mexican-grill-50-national-ave-ste-1100/nstZye0cTiyE7267n1MlBA,west-chester-pennsylvania
https://www.ubereats.com/philadelphia/food-delivery/buffalo-wild-wings-103-quarry-rd/vYBHkFp6SBmE78OeixqbNw,west-chester-pennsylvania
https://www.ubereats.com/philadelphia/food-delivery/buddys-burgers-breasts-%26-fries-exton/e7FLuf4oQOmHXX_xohOirw,west-chester-pennsylvania
https://www.ubereats.com/philadelphia/food-delivery/five-guys-pa-1923-1090-e-lancaster-ave/jlYSY9DOSsS9yoSznYT7wQ,west-chester-pennsylvania
https://www.ubereats.com/philadelphia/food-delivery/buffalo-wild-wings-920-baltimore-pike/sgPtm76uRvmbXmjTezof6g,west-chester-pennsylvania
https://www.ubereats.com/philadelphia/food-delivery/no-1-china/Qm0IYndHRxuWToh335p1Dg,west-chester-pennsylvania
https://www.ubereats.com/philadelphia/food-delivery/dp-dough/EK_kxVZcRlmRv0JjntyUag,west-chester-pennsylvania
https://www.ubereats.com/philadelphia/food-delivery/kfc-taco-bell-104-n-pottstown-pike/NxUYWnAeQyCFNA7BhXeskA,west-chester-pennsylvania
https://www.ubereats.com/philadelphia/food-delivery/pf-changs-983-baltimore-pike/I3EEgbmyS4Go_z2qJ_SANQ,west-chester-pennsylvania
https://www.ubereats.com/philadelphia/food-delivery/mod-pizza-downingtown/pTTWVNafT_qYxWBb-yDJRg,west-chester-pennsylvania
https://www.ubereats.com/philadelphia/food-delivery/ny-bagel-%26-sandwich-shop/KKujwXaESbuc2w9UxSicDA,west-chester-pennsylvania
https://www.ubereats.com/philadelphia/food-delivery/appetites-on-main/imYgIn_PQCqMN-kNhmSfOQ,west-chester-pennsylvania
https://www.ubereats.com/philadelphia/food-delivery/saladworks-main-street-at-exton/Pn6VVvnLTlCeN0iP7VLzSQ,west-chester-pennsylvania
https://www.ubereats.com/philadelphia/food-delivery/wasabi2/C184-RMZRaGNasuorbH9CA,west-chester-pennsylvania
https://www.ubereats.com/philadelphia/food-delivery/the-couch-tomato-cafe-west-chester/dSQb89JtSv6wf25QRslrUg,west-chester-pennsylvania
https://www.ubereats.com/philadelphia/food-delivery/auntie-annes-270-indian-run-st/AA2Ee5tIRei990y7yg24bQ,west-chester-pennsylvania
https://www.ubereats.com/philadelphia/food-delivery/el-charro-negro/Q2Pt4QnETu-IdTb7AHYkDw,west-chester-pennsylvania
https://www.ubereats.com/philadelphia/food-delivery/wendys-153-e-swedsford-road/sXANqS7YQS6UEMJtYWXSXg,west-chester-pennsylvania
https://www.ubereats.com/philadelphia/food-delivery/302-bonefish-grill-460-w-lincoln-hwy/DtH6UwH3QimqGoKTLXLV5Q,west-chester-pennsylvania
https://www.ubereats.com/philadelphia/food-delivery/jasmine-asian-cuisine-%26-sushi-bar/myH75URHTp-gBqgQz8TwVQ,west-chester-pennsylvania
https://www.ubereats.com/philadelphia/food-delivery/zoes-kitchen-1751-wilmington-pike%3B-suite-b-1/PjOv6TDXRO-SNOL1XfPS-w,west-chester-pennsylvania
https://www.ubereats.com/philadelphia/food-delivery/west-goshen-deli-%26-restaurant/VevPMLvrRRe65BFEUGKsEA,west-chester-pennsylvania
https://www.ubereats.com/philadelphia/food-delivery/slow-hand/srOwH3XqR6KWZcmBn7gpKQ,west-chester-pennsylvania
https://www.ubereats.com/philadelphia/food-delivery/6804-bonefish-grill-4737-concord-pike/4Qe_iYyCTcyKGBeNYDowlg,west-chester-pennsylvania
https://www.ubereats.com/philadelphia/food-delivery/dunkin-1594-w-chester-pike/9O4lX8t2Q9K4Uox90sAmBA,west-chester-pennsylvania
https://www.ubereats.com/philadelphia/food-delivery/dairy-queen-treat-703-e-gay-st/zaaFKkK1R7iytvINREW-jg,west-chester-pennsylvania
https://www.ubereats.com/philadelphia/food-delivery/house-of-biryanis-and-kebabs-malvern/BnfOjcRXRSeeXiq19e_j3g,west-chester-pennsylvania
https://www.ubereats.com/philadelphia/food-delivery/bombay-dhabba/qlZUIjcOQLKtoTfp5m6I_Q,west-chester-pennsylvania
https://www.ubereats.com/philadelphia/food-delivery/bonchon-chicken-124-e-market-st/UFf16RgiRpuRmxFR9f-HeA,west-chester-pennsylvania
https://www.ubereats.com/philadelphia/food-delivery/sly-fox-taphouse-malvern/GEGFFnFLRtOe7u3Jf_w1KA,west-chester-pennsylvania
https://www.ubereats.com/philadelphia/food-delivery/core-de-roma/aTjQBqG2RDKRKNRrGYwn0Q,west-chester-pennsylvania
https://www.ubereats.com/philadelphia/food-delivery/king-wok-chinese-restaurant/kgnd2JteRt-1wAH_-b7JUQ,west-chester-pennsylvania
https://www.ubereats.com/philadelphia/food-delivery/anthonys-cucina-fresca/IyrDhiP0TRm_jg_std3zPw,west-chester-pennsylvania
https://www.ubereats.com/philadelphia/food-delivery/the-market-street-grill/0CT4d3Z_Rg-aO27vDPfbcg,west-chester-pennsylvania
https://www.ubereats.com/philadelphia/food-delivery/wing-squad-concordville/GsTABx8TQUmTTrQ9IGk-Rw,west-chester-pennsylvania
https://www.ubereats.com/philadelphia/food-delivery/bon-bon-sushi-22-n-darlington-st/oR8_Sf8FR6eYWFw0ETPWrw,west-chester-pennsylvania
https://www.ubereats.com/philadelphia/food-delivery/mcdonalds-rt-100-swedsford-rd/II2L2XIjRq6QHkikwsTZ1w,west-chester-pennsylvania
https://www.ubereats.com/philadelphia/food-delivery/la-tolteca/brQgGsc1RFmemUvPPki6NA,west-chester-pennsylvania
https://www.ubereats.com/philadelphia/food-delivery/bomba-taco-%2B-bar-malvern/3iEbH2PkSmWZI11ILLrJww,west-chester-pennsylvania
https://www.ubereats.com/philadelphia/food-delivery/cracker-barrel-old-country-store-1215-e-lancaster-avenue/p_lIjy17RfeX0I6-Ur5hbQ,west-chester-pennsylvania
https://www.ubereats.com/philadelphia/food-delivery/capriottis-117-e-swedesford-road/Xla-VhQyT6eXHDiMcha1WA,west-chester-pennsylvania
https://www.ubereats.com/philadelphia/food-delivery/damas-mediterranean-grill/zmvp1Y1IS42rzrKoL--Zuw,west-chester-pennsylvania
https://www.ubereats.com/philadelphia/food-delivery/pescatores-wilmington-pike/IamSs6eqQQ2mlMuCotE18w,west-chester-pennsylvania
https://www.ubereats.com/philadelphia/food-delivery/buena-vista-restaurant-exton/RmNEXwD_TBqxSR0OVu47VQ,west-chester-pennsylvania
https://www.ubereats.com/philadelphia/food-delivery/kiwi-yogurt-exton/LPX6OaVHSDe1Skx8SXG4tA,west-chester-pennsylvania
https://www.ubereats.com/philadelphia/food-delivery/wayback-burgers-1107-west-chester-pike/lNOxC-wARs2bRilsOXIo6A,west-chester-pennsylvania
https://www.ubereats.com/philadelphia/food-delivery/starbucks-300-e-lincoln-hwy-exton/NnUG6bZQQUiZZ-uh-LmtJA,west-chester-pennsylvania
https://www.ubereats.com/philadelphia/food-delivery/tsunami/TvVV786CT_KJQ5TeELcwZA,west-chester-pennsylvania
https://www.ubereats.com/philadelphia/food-delivery/manhattan-bagel-%23-0469/F3bwbpqqQcC89Lywkpc24Q,west-chester-pennsylvania
https://www.ubereats.com/philadelphia/food-delivery/pita-pit-139-west-gay-street/_QiH-62uRei7l4gmK5r3lQ,west-chester-pennsylvania
https://www.ubereats.com/philadelphia/food-delivery/chipotle-mexican-grill-1751-wilmington-pike-ste-c-3/GKEFTcJXR-Kn0RzVOGLv4w,west-chester-pennsylvania
https://www.ubereats.com/philadelphia/food-delivery/buena-vista-restaurant-malvern/pXxgdhJcSqey_ZOnk3bjlQ,west-chester-pennsylvania
https://www.ubereats.com/philadelphia/food-delivery/eastside-cafe/qxaCAefUTlO7qCUTYQ0QIg,west-chester-pennsylvania
https://www.ubereats.com/philadelphia/food-delivery/dunkin-750-miles-rd/iVvJDAUVTVmNOzE2x-0qGw,west-chester-pennsylvania
https://www.ubereats.com/philadelphia/food-delivery/first-watch-exton/kX1zoKyTSMyxC1sBs9duDw,west-chester-pennsylvania
https://www.ubereats.com/philadelphia/food-delivery/anthonys-coal-fired-pizza-123-e-swedesford-rd/-wpeO8xpROCjXZKZpOMH8w,west-chester-pennsylvania
https://www.ubereats.com/philadelphia/food-delivery/tonitos-pizza/s8_0VAv3SES4JO5Y7fB97g,west-chester-pennsylvania
https://www.ubereats.com/philadelphia/food-delivery/qdoba-mexican-grill-1107-west-chester-pike-space-b4/83NyUXyuQ2yQUjGyxA5NWg,west-chester-pennsylvania
https://www.ubereats.com/philadelphia/food-delivery/killer-wings/tRzuZvSJT5qxieh9b2hQyA,west-chester-pennsylvania
https://www.ubereats.com/philadelphia/food-delivery/mimis-on-high-street/qMKKiAtPQvaOrzhKljz2LQ,west-chester-pennsylvania
https://www.ubereats.com/philadelphia/food-delivery/amirdham/CbHXbPzxRzGM5BDjPIljqw,west-chester-pennsylvania
https://www.ubereats.com/philadelphia/food-delivery/mcdonalds-927-s-high-st/5F0KcIiGQzq1bDmoecDIPQ,west-chester-pennsylvania
https://www.ubereats.com/philadelphia/food-delivery/zoup!-444-w-lincoln-hwy/3aSN2dS_TDaUyEJIYVQXEg,west-chester-pennsylvania
https://www.ubereats.com/philadelphia/food-delivery/applebees-1107-west-chester-pike/iF3U3MrXQB-7hpSY9Qd6nA,west-chester-pennsylvania
https://www.ubereats.com/philadelphia/food-delivery/jaco-juice-%26-taco-bar/N4uhRorbT6SmtzdF1Ttklg,west-chester-pennsylvania
https://www.ubereats.com/philadelphia/food-delivery/ashleys-restaurant/gOBmHF-CQ8iSwyn3gST1bw,west-chester-pennsylvania
https://www.ubereats.com/philadelphia/food-delivery/pza-300-main-street/yNN6KyZOSACv3J7MCEuqjQ,west-chester-pennsylvania
https://www.ubereats.com/philadelphia/food-delivery/brekkie-bagels/3CsNj_yDQhyijhmKQlEI5g,west-chester-pennsylvania
https://www.ubereats.com/philadelphia/food-delivery/phat-philly-cheesesteaks/I8WP218KQTi5yPS6BVZk_A,west-chester-pennsylvania
https://www.ubereats.com/philadelphia/food-delivery/meatball-u/AXbTbpzxR_2Wv1vPm1kUEA,west-chester-pennsylvania
https://www.ubereats.com/philadelphia/food-delivery/wing-squad-exton/dw5MoY8QSY-TgogQga4yfQ,west-chester-pennsylvania
https://www.ubereats.com/philadelphia/food-delivery/honeygrow-5609-concord-pike/tgn82LwsSn6vVJFqBWeLYQ,west-chester-pennsylvania
https://www.ubereats.com/philadelphia/food-delivery/red-robin-328-exton/ROthuY6rQMOW74BVy4puNg,west-chester-pennsylvania
https://www.ubereats.com/philadelphia/food-delivery/primohoagies-1149-west-chester-pike/HjoVk8q1S2OQsRPp4XWqxA,west-chester-pennsylvania
https://www.ubereats.com/philadelphia/food-delivery/sunny-%26-fines-breakfast-burritos/Gfp9D9d3TbaLZKB7paCGpA,west-chester-pennsylvania
https://www.ubereats.com/philadelphia/food-delivery/limoncello/JUyWRLP-RWao2dl6tJIm0w,west-chester-pennsylvania
https://www.ubereats.com/philadelphia/food-delivery/melts-wing-shop-downingtown/0pZCDAX4SJSDdn1pbYxtiQ,west-chester-pennsylvania
https://www.ubereats.com/philadelphia/food-delivery/love-again-local/dFsEY8tGQgOIPObf07Ns6A,west-chester-pennsylvania
https://www.ubereats.com/philadelphia/food-delivery/chipotle-mexican-grill-101-turner-ln/RII1bPurRt-JvYn4Y1zo8g,west-chester-pennsylvania
https://www.ubereats.com/philadelphia/food-delivery/bonu-cafe-%26-catering/6P4XfgRdT42ytVnLFgtRig,west-chester-pennsylvania
https://www.ubereats.com/philadelphia/food-delivery/hooters-1110-baltimore-pike/1_W7IfAMSCWoY3rz_JfWTQ,west-chester-pennsylvania
https://www.ubereats.com/philadelphia/food-delivery/dunkin-1500-paoli-pike/rF2lBAccTXaj25ETw4AVYg,west-chester-pennsylvania
https://www.ubereats.com/philadelphia/food-delivery/chipotle-mexican-grill-241-n-pottstown-pike/vNDFPOQkS7SULehdGbiLbw,west-chester-pennsylvania
https://www.ubereats.com/philadelphia/food-delivery/mama-wong/oXut9HB0Q5W4JYaCRTcOmA,west-chester-pennsylvania
https://www.ubereats.com/philadelphia/food-delivery/mod-pizza-brandywine-mills/Y5v12o-ISqux7VFB3yyDZA,west-chester-pennsylvania
https://www.ubereats.com/philadelphia/food-delivery/california-tortilla/B7M5gJBRQhe9-ACVZsqUtA,west-chester-pennsylvania
https://www.ubereats.com/philadelphia/food-delivery/queen-cuisine/PF_eKdFmT2ulI7sNzqN4Fw,west-chester-pennsylvania
https://www.ubereats.com/philadelphia/food-delivery/godavari/yCMlJIIDQJicrSatnqIyyw,west-chester-pennsylvania
https://www.ubereats.com/philadelphia/food-delivery/baked-cookies-and-dough/He69H4bcRpae2wa14l7_ug,west-chester-pennsylvania
https://www.ubereats.com/philadelphia/food-delivery/papa-johns-pizza-3481-east-lincoln-hwy/blrHdGgdSZSji3eo6mVNIQ,west-chester-pennsylvania
https://www.ubereats.com/philadelphia/food-delivery/star-of-india/G563gN3KSMmKzE9bd1ZK4g,west-chester-pennsylvania
https://www.ubereats.com/philadelphia/food-delivery/primo-hoagies-155-pottstown-pike/Z7wHXBO-ROKqHqF08j4AQQ,west-chester-pennsylvania
https://www.ubereats.com/philadelphia/food-delivery/rasa-indian-cuisine/Su8r_d_VRd-gu0DjiHqawA,west-chester-pennsylvania
https://www.ubereats.com/philadelphia/food-delivery/capriottis-607-east-market-street/tOb1FS1jSKO81ApOxC9lbw,west-chester-pennsylvania
https://www.ubereats.com/philadelphia/food-delivery/wawa-245-100-boot-rd/6NcL_3iHRmaRX47jRhKc4Q,west-chester-pennsylvania
https://www.ubereats.com/philadelphia/food-delivery/bar-avalon/bhBCb1YuRIiQWfUfavxpww,west-chester-pennsylvania
https://www.ubereats.com/philadelphia/food-delivery/sullivans-steakhouse-5525-concord-pike/Sd-zrMALThGnShqD0KaWVA,west-chester-pennsylvania
https://www.ubereats.com/philadelphia/food-delivery/mino-japanese-restaurant/DFzGF9dwRSy4jZp12HSWrw,west-chester-pennsylvania
https://www.ubereats.com/philadelphia/food-delivery/poke-bros-west-chester/Sx3z6twkT1WXBNL8NDTjiA,west-chester-pennsylvania
