url,city
https://www.ubereats.com/connecticut/food-delivery/la-casita-del-sabor-ii/AUkjYftVSiGTlDgXY5opPg,west-hartford-connecticut
https://www.ubereats.com/connecticut/food-delivery/bellies-grille-and-catering/q7aGX0nVTjiVNhTkRlav5Q,west-hartford-connecticut
https://www.ubereats.com/connecticut/food-delivery/on-the-border-rocky-hill/fZIA5QXzQbGLkXWFpgmJAw,west-hartford-connecticut
https://www.ubereats.com/connecticut/food-delivery/max-burger/yXhuij7ETP-nDj2FAM8I3A,west-hartford-connecticut
https://www.ubereats.com/connecticut/food-delivery/burger-king-610-hartford-road/ymU_XcONTg-JRVChaJTabQ,west-hartford-connecticut
https://www.ubereats.com/connecticut/food-delivery/sala-thai-street-food/6kLfE3mMQ42LHX2k0FrvtQ,west-hartford-connecticut
https://www.ubereats.com/connecticut/food-delivery/kent-pizza/dXdcvVeUSFC11_Lj9B68_A,west-hartford-connecticut
https://www.ubereats.com/connecticut/food-delivery/taco-bell-20-e-main-st/rWNIKyYZQsykaVZd-BJLfg,west-hartford-connecticut
https://www.ubereats.com/connecticut/food-delivery/wendys-303-main-st/XfDaRFIBSY2kLtCW6ZJMuQ,west-hartford-connecticut
https://www.ubereats.com/connecticut/food-delivery/brazil-grill-pizza-churrascaria/6qHD2dHbSKu_0PTRfZr9hw,west-hartford-connecticut
https://www.ubereats.com/connecticut/food-delivery/casona-restaurant-bar-%26-lounge/ABGh0bh_Rr6e8FWNPxMbfg,west-hartford-connecticut
https://www.ubereats.com/connecticut/food-delivery/carvel-401-west-main-street/EhtX6u9iR-iK8wHc2TCnuw,west-hartford-connecticut
https://www.ubereats.com/connecticut/food-delivery/liquid-nirvana-avon/-LJd_izgSrSfju51PLr2dw,west-hartford-connecticut
https://www.ubereats.com/connecticut/food-delivery/new-china/3FlvoIu8Q72Mh8CTMoRaGw,west-hartford-connecticut
https://www.ubereats.com/connecticut/food-delivery/chipotle-mexican-grill-1457-new-britain-ave/jjvu8BqDRgqfnG6dIdH5BQ,west-hartford-connecticut
https://www.ubereats.com/connecticut/food-delivery/oc-kitchen-bar/6iQIsq9YSeilm0koRpLrRA,west-hartford-connecticut
https://www.ubereats.com/connecticut/food-delivery/subway-450-new-park-ave/8xf-GWzUQSyrT7pkp8fiSw,west-hartford-connecticut
https://www.ubereats.com/connecticut/food-delivery/thai-avenue/aEpTd7NgSnKH80Z5JfRgSA,west-hartford-connecticut
https://www.ubereats.com/connecticut/food-delivery/taco-max/tgLBsG1SSfm-2VK7dETsmQ,west-hartford-connecticut
https://www.ubereats.com/connecticut/food-delivery/pauls-ranch-house-and-pizza/cr6r__nqSBevYRZ4-A8iLg,west-hartford-connecticut
https://www.ubereats.com/connecticut/food-delivery/blue-elephant-trail/p7Ngi_0zT4GpXnvu5KjDBg,west-hartford-connecticut
https://www.ubereats.com/connecticut/food-delivery/the-elbow-room/otY0lERjQ46OjZXX6w8ZCw,west-hartford-connecticut
https://www.ubereats.com/connecticut/food-delivery/kfc-31-town-line-road/2t1l4z8jQGS0ipOFmqa3zQ,west-hartford-connecticut
https://www.ubereats.com/connecticut/food-delivery/prai-kitchen/2bTth7KDTeyDaiKBIb5neA,west-hartford-connecticut
https://www.ubereats.com/connecticut/food-delivery/priya-indian-cuisine/hpIqJJY1Q1qb03-LIXrAew,west-hartford-connecticut
https://www.ubereats.com/connecticut/food-delivery/sonic-90-buckland-street/myFuCMDpQlCzIHoeoqkLiw,west-hartford-connecticut
https://www.ubereats.com/connecticut/food-delivery/panera-2542-albany-avenue/aWbV_enPRD2tuWsnq-kG3w,west-hartford-connecticut
https://www.ubereats.com/connecticut/food-delivery/the-seafood-truck/hLyJtBAlQ_iCI0S-grP3Xw,west-hartford-connecticut
https://www.ubereats.com/connecticut/food-delivery/ny-chicken/3x6m9JQoRjKYgsKVBc_1zA,west-hartford-connecticut
https://www.ubereats.com/connecticut/food-delivery/kfc-412-west-main-street/a6HyqKLkSp2oDRhlTpnd5w,west-hartford-connecticut
https://www.ubereats.com/connecticut/food-delivery/cosi-185-asylum-street-%23102/tksVlFMiSKipNj0HVt1QJw,west-hartford-connecticut
https://www.ubereats.com/connecticut/food-delivery/the-grille-%40-gillette-ridge/7CQw0kLlTSuJQ-7ERVqISg,west-hartford-connecticut
https://www.ubereats.com/connecticut/food-delivery/new-hunan/mSEH5yZtQoGZNea2ibGfDQ,west-hartford-connecticut
https://www.ubereats.com/connecticut/food-delivery/zohara-mediterranean-kitchen/zGmoKGt2SUGkUqSnK7mclA,west-hartford-connecticut
https://www.ubereats.com/connecticut/food-delivery/aladdin-halal/ePFcPQiBTd2yqV8xuOm8kg,west-hartford-connecticut
https://www.ubereats.com/connecticut/food-delivery/flemings-prime-steakhouse-%26-wine-bar-west-hartford/CeCz3HdwQAWKhPMAdPRZsg,west-hartford-connecticut
https://www.ubereats.com/connecticut/food-delivery/koma/cPXLEcu8RROr1ElaOV0_LQ,west-hartford-connecticut
https://www.ubereats.com/connecticut/food-delivery/lemon-mint-bites-%26-salad-bar-new-britain/IlacUcunSNS49ADn-qy3lQ,west-hartford-connecticut
https://www.ubereats.com/connecticut/food-delivery/joeys-pizza-pie/6uWKLn2TQ1WRxtF7PFTtYw,west-hartford-connecticut
https://www.ubereats.com/connecticut/food-delivery/subway-816-park-ave/cfEoF6hJStmhk621u5YnlA,west-hartford-connecticut
https://www.ubereats.com/connecticut/food-delivery/pitta-gourmet/w6rTqFtqT-mfzQhC8nKsdw,west-hartford-connecticut
https://www.ubereats.com/connecticut/food-delivery/wings-over-west-hartford/L9JvHiTMS36Z5xBGNW_UgA,west-hartford-connecticut
https://www.ubereats.com/connecticut/food-delivery/tasty-bites/8YLvk22KRJuE_KT8GnnxpQ,west-hartford-connecticut
https://www.ubereats.com/connecticut/food-delivery/mcdonalds-nw-britain-hrtfd/YqRNloHYRrSvPevgihQhXg,west-hartford-connecticut
https://www.ubereats.com/connecticut/food-delivery/buffalo-wild-wings-774-queen-st/B0NKXInuSXScYPANc4pFnw,west-hartford-connecticut
https://www.ubereats.com/connecticut/food-delivery/spice-venue/UrB6UyNcQh6gVgUd2dvahw,west-hartford-connecticut
https://www.ubereats.com/connecticut/food-delivery/donde-julio-restaurant-hartford/vdgDlYkNQWeQSWrJ4_e7Og,west-hartford-connecticut
https://www.ubereats.com/connecticut/food-delivery/mitchells-coffee-house/o8-RPQEgTsiW33AYVj7B9g,west-hartford-connecticut
https://www.ubereats.com/connecticut/food-delivery/taste-of-india/XNjo_B_CRviHR2KiJplmeQ,west-hartford-connecticut
https://www.ubereats.com/connecticut/food-delivery/dunkin-1949-silas-deane-highway/b0OanySfTp67i-EI3TUwPw,west-hartford-connecticut
https://www.ubereats.com/connecticut/food-delivery/bertuccis-380-west-main-street-rte-44/ZfmI3qyjTuG1Sl8csYvquA,west-hartford-connecticut
https://www.ubereats.com/connecticut/food-delivery/modern-pastry-shop/ITYTuS_rRv-TzQIeCvVaQQ,west-hartford-connecticut
https://www.ubereats.com/connecticut/food-delivery/laziz-kitchen/ZEiMwl9uRS6eEcXhyXvdmA,west-hartford-connecticut
https://www.ubereats.com/connecticut/food-delivery/pampis-jamaican-restaurant/zbnU-qqTQBqpSD6YSPCfpg,west-hartford-connecticut
https://www.ubereats.com/connecticut/food-delivery/utsav-indian-cuisine-wethersfield/DmPOsXmFRm-zvOHU38_q4A,west-hartford-connecticut
https://www.ubereats.com/connecticut/food-delivery/sunberrys-cafe-and-catering/n5ktp2cmQCqdtL9kHGyoNA,west-hartford-connecticut
https://www.ubereats.com/connecticut/food-delivery/peking-chinese-restaurant/fzOhNQ5ZR2qHBKSAQ4l1Rg,west-hartford-connecticut
https://www.ubereats.com/connecticut/food-delivery/windsor-asian-bistro/yyvECrYATdabyEIVCbo-JA,west-hartford-connecticut
https://www.ubereats.com/connecticut/food-delivery/elizabeths-bar-and-resturant/El9i7bv9QIOM6cpHvSiY-A,west-hartford-connecticut
https://www.ubereats.com/connecticut/food-delivery/noodles-%26-company-queen-st-%26-aircraft-rd/AxrgE2RjTv-hxV8FjVezpg,west-hartford-connecticut
https://www.ubereats.com/connecticut/food-delivery/ranch-house-pizza/JXNFqtOcQf2UpQPX-S-Ntw,west-hartford-connecticut
https://www.ubereats.com/connecticut/food-delivery/five-guys-ct-0595-316-north-main-st/o2Tzxxz1SNypPw3BbGTMwQ,west-hartford-connecticut
https://www.ubereats.com/connecticut/food-delivery/chefs-dog-house/nETdpKGxSiuYA5MyzKbXeA,west-hartford-connecticut
https://www.ubereats.com/connecticut/food-delivery/royal-fusion/YmqwHezJQkyZy4EQGd7AiA,west-hartford-connecticut
https://www.ubereats.com/connecticut/food-delivery/peru-rico/cu-JhMbVQm6n-Eu39-xwxg,west-hartford-connecticut
https://www.ubereats.com/connecticut/food-delivery/the-market-restaurant/H93uEUHBS6yuTuOISlLewA,west-hartford-connecticut
https://www.ubereats.com/connecticut/food-delivery/corner-grinder-shop/TlxM1kPXSS2NmBLsBQbhSg,west-hartford-connecticut
https://www.ubereats.com/connecticut/food-delivery/boston-market-45-farmington-ave/Qacyttx_Q2mlzSIx8QLo1g,west-hartford-connecticut
https://www.ubereats.com/connecticut/food-delivery/kfc-930-new-britain-avenue/Ce-1abknQPauJNBbr27xxQ,west-hartford-connecticut
https://www.ubereats.com/connecticut/food-delivery/perfect-poundcakes/xQtKYsWIRQmMN2Y1cSOmIA,west-hartford-connecticut
https://www.ubereats.com/connecticut/food-delivery/zoccos-mexican-%26-italian-restaurant/qIW7cC18RwG4Mj0DYBPyvg,west-hartford-connecticut
https://www.ubereats.com/connecticut/food-delivery/shish-kebab-house-of-afghanistan/WhvSmutLRwKd8uvfWRSxUw,west-hartford-connecticut
https://www.ubereats.com/connecticut/food-delivery/chipotle-mexican-grill-140-glastonbury-blvd-ste-4/3-plBM3yShGMQv5sIgBECA,west-hartford-connecticut
https://www.ubereats.com/connecticut/food-delivery/el-nuevo-sarape-restaurant/sspTAPNYT_2eQUpS4mKf8Q,west-hartford-connecticut
https://www.ubereats.com/connecticut/food-delivery/dunkin-225-silas-deane-hwy/jg2ShnG5QCWDDOS0rtElpg,west-hartford-connecticut
https://www.ubereats.com/connecticut/food-delivery/mexipho/2MtnFaRpQrit_l75Iog1OQ,west-hartford-connecticut
https://www.ubereats.com/connecticut/food-delivery/more-than-just-lobster/SCmGdQuYT-yiUgGTYgG-Vg,west-hartford-connecticut
https://www.ubereats.com/connecticut/food-delivery/new-view-garden/dzhv2sXpRGy-kkgBza7ahw,west-hartford-connecticut
https://www.ubereats.com/connecticut/food-delivery/pizza-house/hqScNh4yRp-63zjqW8TauA,west-hartford-connecticut
https://www.ubereats.com/connecticut/food-delivery/dunkin-1015-farmington-ave/gvG5WmhiSUmsRE0JgSuYpA,west-hartford-connecticut
https://www.ubereats.com/connecticut/food-delivery/south-whitney-pizza/AfSXeO65SmqDCahruDl7IQ,west-hartford-connecticut
https://www.ubereats.com/connecticut/food-delivery/tavola153/INkfdNM5R1iuGqhn4PPa1w,west-hartford-connecticut
https://www.ubereats.com/connecticut/food-delivery/ny-chicken-%26-grill/tIN2xJrtTcGlrKbU4D-_rg,west-hartford-connecticut
https://www.ubereats.com/connecticut/food-delivery/peoples-choice-pizza/slNH-AoXQr684erPYYK1Fw,west-hartford-connecticut
https://www.ubereats.com/connecticut/food-delivery/addison-cafe/XS172uO2Td2odH0ktzx80w,west-hartford-connecticut
https://www.ubereats.com/connecticut/food-delivery/toasted/Sq3urTT8SYqhOuaEliAn6A,west-hartford-connecticut
https://www.ubereats.com/connecticut/food-delivery/vivaldis-pizza-southington/7S1FlkHNTn-o9o62Mz8ngw,west-hartford-connecticut
https://www.ubereats.com/connecticut/food-delivery/wings-over-bristol/aK3ivKlbTPih2fKHdLGaJQ,west-hartford-connecticut
https://www.ubereats.com/connecticut/food-delivery/taco-bell-86-ella-grasso-turnpike/v9eqWc4IRPqAvNCGU83Tpg,west-hartford-connecticut
https://www.ubereats.com/connecticut/food-delivery/kobe-asian-bistro/1EaqKqaPT9WTTblXRPVaQA,west-hartford-connecticut
https://www.ubereats.com/connecticut/food-delivery/larosa-marketplace/yFK_ZN1FTjaPtXWlI7oGbg,west-hartford-connecticut
https://www.ubereats.com/connecticut/food-delivery/starbucks-bloomfield-gillete-ridge-plaza/MHS3wUrPSEmTtJE_B4y73A,west-hartford-connecticut
https://www.ubereats.com/connecticut/food-delivery/the-ice-cream-shop/RD9v-yoCRHWreTfrro-kUQ,west-hartford-connecticut
https://www.ubereats.com/connecticut/food-delivery/lo-sano-restaurant-%26-bar-hartford/Fc5vYzCtSLuj83SpS4nM_Q,west-hartford-connecticut
https://www.ubereats.com/connecticut/food-delivery/taco-bell-5-westfarms-mall/KpqVcYZPRNSXGHh2-hPObg,west-hartford-connecticut
https://www.ubereats.com/connecticut/food-delivery/ticos-place/kIo46Dv1R3uEvDm4oDK9Nw,west-hartford-connecticut
https://www.ubereats.com/connecticut/food-delivery/kfc-307-middle-turnpike-west/gprrdZydR1WhjqnyDHzz5A,west-hartford-connecticut
https://www.ubereats.com/connecticut/food-delivery/dillys-cafe/ujbSKF9hR4qJIGQxBcW50A,west-hartford-connecticut
https://www.ubereats.com/connecticut/food-delivery/pho-ever/eCz08aNlRc-1FeoNRFyZNw,west-hartford-connecticut
https://www.ubereats.com/connecticut/food-delivery/hooties-burger-bar-wethersfield/ECX9-MEDQW2RQMihP5dloQ,west-hartford-connecticut
https://www.ubereats.com/connecticut/food-delivery/sliders-grill-berlin/kwBFNJOOReqz6LFt9jIJ7g,west-hartford-connecticut
https://www.ubereats.com/connecticut/food-delivery/the-blind-pig/E6rTCWENTZSslIzYrnxLKg,west-hartford-connecticut
https://www.ubereats.com/connecticut/food-delivery/the-flying-monkey-grill-%26-bar/08-Da2HZSTekh5E4KjVjtA,west-hartford-connecticut
https://www.ubereats.com/connecticut/food-delivery/charleys-philly-steaks-shops-at-buckland-hills/YJorpTY_Q-Oh8CxwxUluzw,west-hartford-connecticut
https://www.ubereats.com/connecticut/food-delivery/cromwell-diner/2g67XaxeRUuJWciPG-ZbAg,west-hartford-connecticut
https://www.ubereats.com/connecticut/food-delivery/chips-family-restaurant-wethersfield/W6ypb5-sS_G9IRBDj_yL8w,west-hartford-connecticut
https://www.ubereats.com/connecticut/food-delivery/capital-ice-cream-hartford/WmXDsE0MSVGanTvxJVkfnA,west-hartford-connecticut
https://www.ubereats.com/connecticut/food-delivery/east-river-cafe/NhqR22PJSG2N2lDkPMyKJg,west-hartford-connecticut
https://www.ubereats.com/connecticut/food-delivery/trattoria-toscana/tugxjuxkS4Sy0BOfvoaeXg,west-hartford-connecticut
https://www.ubereats.com/connecticut/food-delivery/la-fonda-restaurante-%26-bar/5Cc56j0ETJWIGrXaUb_bSA,west-hartford-connecticut
https://www.ubereats.com/connecticut/food-delivery/five-guys-ct-0647-1442-pleasant-valley-rd/KHNiaMfGSZ-N2XuOoGh24g,west-hartford-connecticut
https://www.ubereats.com/connecticut/food-delivery/poke-city/IdFpNcyhQSyZ1dm2nFEbRw,west-hartford-connecticut
https://www.ubereats.com/connecticut/food-delivery/margaritas-mexican-restaurant-east-hartford/t6X4wyjNT9u_DOSTNHIwTg,west-hartford-connecticut
https://www.ubereats.com/connecticut/food-delivery/fit-%26-trim-nutrition/jwfbfm2xQ6uUKmqL8rMYFQ,west-hartford-connecticut
https://www.ubereats.com/connecticut/food-delivery/ocho-cafe-hartford/xS8-UUpfSTmH4XDDkmjgLA,west-hartford-connecticut
https://www.ubereats.com/connecticut/food-delivery/godavari-hartford/CTqj0QjgSam5IOdFnGXA9Q,west-hartford-connecticut
https://www.ubereats.com/connecticut/food-delivery/tasty-bites/FkaWWU0EQsGU4dM19B07uQ,west-hartford-connecticut
https://www.ubereats.com/connecticut/food-delivery/west-end-pizza/Xs5Gtn6SRe-w18iJIjLZdg,west-hartford-connecticut
https://www.ubereats.com/connecticut/food-delivery/deli-road/_W5Tci5ESGu91dUjVPLscA,west-hartford-connecticut
https://www.ubereats.com/connecticut/food-delivery/burger-king-186-prospect-avenue/oIN9_0wUSJuNU0RvmAO6zQ,west-hartford-connecticut
https://www.ubereats.com/connecticut/food-delivery/village-pizza-halal-restaurant/c-Ath6guTieiBbQdxVhtdQ,west-hartford-connecticut
https://www.ubereats.com/connecticut/food-delivery/kfc-866-queen-street/apdNa2vZQkWFQE5U3elw9g,west-hartford-connecticut
https://www.ubereats.com/connecticut/food-delivery/savoy-pizzeria-%26-craft-bar/_JT1PvQZTb6pHVxPQt-4DQ,west-hartford-connecticut
https://www.ubereats.com/connecticut/food-delivery/jamaican-kitchen/EisYNE3DRoGpQZZhnXY_aA,west-hartford-connecticut
https://www.ubereats.com/connecticut/food-delivery/restaurant-bricco/ViZCXYKPRxOBD4cOBSRFRw,west-hartford-connecticut
https://www.ubereats.com/connecticut/food-delivery/pachanga-empanadas-argentinas/rT12YETrSvKinrgvPOQrIg,west-hartford-connecticut
https://www.ubereats.com/connecticut/food-delivery/stellas-%26-mazies/XLdCNrlcRveEwsgEOvvXlg,west-hartford-connecticut
https://www.ubereats.com/connecticut/food-delivery/island-fish-head-jamaican-restaurant/Hi7GYof2To-otCaqh60L6Q,west-hartford-connecticut
https://www.ubereats.com/connecticut/food-delivery/cinnabon-1500-new-britain-avenue/fJSNo82WQW-hlW8cg6BM0Q,west-hartford-connecticut
https://www.ubereats.com/connecticut/food-delivery/tgi-fridays-692-newington-ct/mEoWEGfmTdK5hTC5svTM6g,west-hartford-connecticut
https://www.ubereats.com/connecticut/food-delivery/milkcraft/S7kmCiupTb-UiCMrBQxrfw,west-hartford-connecticut
https://www.ubereats.com/connecticut/food-delivery/sweet-basil/0wrSstdGRcq1oPmhmh9d3Q,west-hartford-connecticut
https://www.ubereats.com/connecticut/food-delivery/crepes-boulevard/BtnZxzJTQ3u4m4mggDgLFA,west-hartford-connecticut
https://www.ubereats.com/connecticut/food-delivery/dough-life/EpHuIK0DS6e8cpLtcvVrbQ,west-hartford-connecticut
https://www.ubereats.com/connecticut/food-delivery/carvel-2864-a-main-street/QMRa8OQkR9SIzSH6QkwILw,west-hartford-connecticut
https://www.ubereats.com/connecticut/food-delivery/hfc/AEBQVMaBQ6Gcv7UT-pj8Rg,west-hartford-connecticut
https://www.ubereats.com/connecticut/food-delivery/noodles-%26-company-glastonbury-41-hebron-ave/LKTizhiCTViD3cAsBTh4Og,west-hartford-connecticut
https://www.ubereats.com/connecticut/food-delivery/vero-pizza/kpIyfCDXRo-sDZrk4DYsCw,west-hartford-connecticut
https://www.ubereats.com/connecticut/food-delivery/piolin2-restaurant/WwXnpgXySCqebMFQFZP8zw,west-hartford-connecticut
https://www.ubereats.com/connecticut/food-delivery/pho-135/prY6NC8dSsGCoEf4IvkPAw,west-hartford-connecticut
https://www.ubereats.com/connecticut/food-delivery/chosen-1-seafood/S-KCa3KlT4uUMRSDmQyfkQ,west-hartford-connecticut
https://www.ubereats.com/connecticut/food-delivery/zaytoons-bistro/WtXNpQyMRKGIdIGgTLbrdw,west-hartford-connecticut
https://www.ubereats.com/connecticut/food-delivery/kbarr/sCoM6EVyRNS9Z9pOioYlhQ,west-hartford-connecticut
https://www.ubereats.com/connecticut/food-delivery/bears-smokehouse-barbecue-windsor/E3m4xKKCR_GLDCcgAW5FKg,west-hartford-connecticut
https://www.ubereats.com/connecticut/food-delivery/dragon-garden/lKI2ebIFQKK-3BulQRtUjw,west-hartford-connecticut
https://www.ubereats.com/connecticut/food-delivery/mcdonalds-hartford-brainard/Zp5gntK-SziPgjkbzd4I0Q,west-hartford-connecticut
https://www.ubereats.com/connecticut/food-delivery/huarique-restaurant-bar/AceDa8E8Ro-r7pjo4biemw,west-hartford-connecticut
https://www.ubereats.com/connecticut/food-delivery/bears-smokehouse-hartford/Gi8qKdM4Rr6IGrQ5aNA3xQ,west-hartford-connecticut
https://www.ubereats.com/connecticut/food-delivery/taste-of-jamaica/7snO9QNcRoO1R7uBwQ29RQ,west-hartford-connecticut
https://www.ubereats.com/connecticut/food-delivery/pho-house/o-jsq2aORImTneGZ0UOMxQ,west-hartford-connecticut
https://www.ubereats.com/connecticut/food-delivery/bk-chicken-and-waffles-hartford/yds6cNNwQeyPOenhGIyUsg,west-hartford-connecticut
https://www.ubereats.com/connecticut/food-delivery/izumi-japanese-steak-house-%26-sushi-bar/aQKWSpKoSmON32C4MwV9Gg,west-hartford-connecticut
https://www.ubereats.com/connecticut/food-delivery/harvest-bakery/T9-dznSWS3ipo6gONSLM3A,west-hartford-connecticut
https://www.ubereats.com/connecticut/food-delivery/playa-bowls-west-hartford/Ax12sPDAQC2pretwL3ucag,west-hartford-connecticut
https://www.ubereats.com/connecticut/food-delivery/mecha-noodle-bar-west-hartford-llc/EY98Y6mRSLOQIUCl5NAghg,west-hartford-connecticut
https://www.ubereats.com/connecticut/food-delivery/donut-crazy-west-hartford/509u5cTlQzyWHSzT7xxR9g,west-hartford-connecticut
https://www.ubereats.com/connecticut/food-delivery/krispy-krunchy-chicken-605-albany-ave/3ks_ivOnQDiGeEN9mGqvog,west-hartford-connecticut
https://www.ubereats.com/connecticut/food-delivery/ginos-pizza-%26-ranch-house/rC-tfoIIRk2VRNOqX5qh2w,west-hartford-connecticut
https://www.ubereats.com/connecticut/food-delivery/dacapo-of-avon/LdebarK2QjCYz-P3BbcZnQ,west-hartford-connecticut
https://www.ubereats.com/connecticut/food-delivery/yosi-kitchen/9RFfbruqRre0XN_uYmxrcQ,west-hartford-connecticut
https://www.ubereats.com/connecticut/food-delivery/popeyes-louisiana-kitchen-albany-ave/QDuRxzhwQSmiRrRfse-4FA,west-hartford-connecticut
https://www.ubereats.com/connecticut/food-delivery/hartford-baking-co/HINFtWfSRXGOof7dzdFl-A,west-hartford-connecticut
https://www.ubereats.com/connecticut/food-delivery/town-line-diner/ql9VxwhXR6aOOiHchxrP-Q,west-hartford-connecticut
https://www.ubereats.com/connecticut/food-delivery/california-pizza-kitchen-3-westfarms-mall-space-%23e-125/EbTL8UP1T2aBHzZwOai_Bg,west-hartford-connecticut
https://www.ubereats.com/connecticut/food-delivery/steves-place/qVSOUVsARpiaiOPGkmDgrQ,west-hartford-connecticut
https://www.ubereats.com/connecticut/food-delivery/turnpike-pizzeria/Xd4HeyiRQ66XpLGBuX7NYg,west-hartford-connecticut
https://www.ubereats.com/connecticut/food-delivery/maruichi-japanese-food/KAcD5_zSTAuB1a9VANMlKQ,west-hartford-connecticut
https://www.ubereats.com/connecticut/food-delivery/el-pollo-guapo-glastonbury/jqI-426SQ2mIa9OseiPi4A,west-hartford-connecticut
https://www.ubereats.com/connecticut/food-delivery/honey-baked-ham-2657-berlin-turnpike/uDES83VBQceWHndSZxv1Tw,west-hartford-connecticut
https://www.ubereats.com/connecticut/food-delivery/family-pizzeria/Xij9GvNPQHCQi_SZb_ixEg,west-hartford-connecticut
https://www.ubereats.com/connecticut/food-delivery/popeyes-louisiana-kitchen-flatbush-ave/4T7fvYGLTaiceASLkHMQAQ,west-hartford-connecticut
https://www.ubereats.com/connecticut/food-delivery/dreas-kitchen/_bYvontJQri8CBlZ5PCEDA,west-hartford-connecticut
https://www.ubereats.com/connecticut/food-delivery/red-robin-174-360-buckland-hills-drive/Mq-Z5aTeR4yIr000tgXAPw,west-hartford-connecticut
https://www.ubereats.com/connecticut/food-delivery/gingerroot-restaurant/64Fj29BCRL6gNjblJQQHaQ,west-hartford-connecticut
https://www.ubereats.com/connecticut/food-delivery/mcdonalds-mrt-luth-kng-dr/4CjQLyMARcuWaUiSlTpudg,west-hartford-connecticut
https://www.ubereats.com/connecticut/food-delivery/hartford-deli-market/UbB-0shGQCiC3GTey2T29Q,west-hartford-connecticut
https://www.ubereats.com/connecticut/food-delivery/chef-j-r-me/TB-znjARSR-SkCqdYi0DRg,west-hartford-connecticut
https://www.ubereats.com/connecticut/food-delivery/republic-at-the-linden/xhq3V_DoQN-vbXl1C1r25A,west-hartford-connecticut
https://www.ubereats.com/connecticut/food-delivery/lukes-donut-shop/2HulGh5ATAyhihMUc6NW1w,west-hartford-connecticut
https://www.ubereats.com/connecticut/food-delivery/arugula/gBeCfTiRTCmPEiGe2CUtWg,west-hartford-connecticut
https://www.ubereats.com/connecticut/food-delivery/china-chef/uZH8tI58SwKNNc11FHqMZQ,west-hartford-connecticut
https://www.ubereats.com/connecticut/food-delivery/green-tea-chinese-restaurant/hW_ToyH9QWq60D4kKs2u_w,west-hartford-connecticut
https://www.ubereats.com/connecticut/food-delivery/boston-market-1240-farmington-ave/p6cO2iGBQMOJV2CGXh50rg,west-hartford-connecticut
https://www.ubereats.com/connecticut/food-delivery/the-simple-greek-glastonbury/jnB_-qB7S4qpbcPXJ0iwfw,west-hartford-connecticut
https://www.ubereats.com/connecticut/food-delivery/sakura-garden-glastonbury/LArHNPxdQauA5nvsLSe4OA,west-hartford-connecticut
https://www.ubereats.com/connecticut/food-delivery/kfc-779-albany-avenue/Zd3gJ-g1TMypJUysccdUDg,west-hartford-connecticut
https://www.ubereats.com/connecticut/food-delivery/jumbo-buffet/Yza_JSnSTNWFZw9wt2Sc9Q,west-hartford-connecticut
https://www.ubereats.com/connecticut/food-delivery/new-china-garden-poke/KmmbSvIKQg2avRJ19c9ReA,west-hartford-connecticut
https://www.ubereats.com/connecticut/food-delivery/subway-348-colt-hwy/JkmEgrT9RfmSHhafxHZVCw,west-hartford-connecticut
https://www.ubereats.com/connecticut/food-delivery/triple-a-diner/TwdD-iDtQJaqpU4fSXFb_Q,west-hartford-connecticut
https://www.ubereats.com/connecticut/food-delivery/seasons-tap-room/vEwaK_dNRZ-XqAsWjIm_sw,west-hartford-connecticut
https://www.ubereats.com/connecticut/food-delivery/krispy-krunchy-chicken-20-windsor-ave/7KBloZJxR-WZviJCi3_ccQ,west-hartford-connecticut
https://www.ubereats.com/connecticut/food-delivery/el-pollo-guapo-hartford/QYVZ0AKKSXCKkWo5xWOjug,west-hartford-connecticut
https://www.ubereats.com/connecticut/food-delivery/wood-n-tap-farmington/ZjjNUkqUQy628T67Iyen7w,west-hartford-connecticut
https://www.ubereats.com/connecticut/food-delivery/starbucks-corbins-corner/qpfjzNfWSdKsEwmQ0PJT8A,west-hartford-connecticut
https://www.ubereats.com/connecticut/food-delivery/sliders-grill-plainville/3HOAKlDpTrq4lyZ0TiXBxA,west-hartford-connecticut
https://www.ubereats.com/connecticut/food-delivery/effies-place-restaurant/2RmYEY8BTU-_k96vTTLXGQ,west-hartford-connecticut
https://www.ubereats.com/connecticut/food-delivery/fornarellis-ristorante/PaAuttM8Tp6rRYd65cO-3Q,west-hartford-connecticut
https://www.ubereats.com/connecticut/food-delivery/red-robin-176-1509-new-britain-ave/I8kwM7lIS4qNEaCrJBxNAg,west-hartford-connecticut
https://www.ubereats.com/connecticut/food-delivery/buffalo-wild-wings-112-buckland-st/NT5rBGFsSnO6Mhg4Tf8BQw,west-hartford-connecticut
https://www.ubereats.com/connecticut/food-delivery/blue-ginger-vegan-thai/iL1Fx_dVTT2dlFw8NbI2xg,west-hartford-connecticut
https://www.ubereats.com/connecticut/food-delivery/new-china-house/XNse5CvXTiWv-s0QvSInKQ,west-hartford-connecticut
https://www.ubereats.com/connecticut/food-delivery/xian-noodle-factory-west-hartford/P1P6fgDqR_iXOUglD1cOXA,west-hartford-connecticut
https://www.ubereats.com/connecticut/food-delivery/terreno-at-the-goodwin-hotel/4mH-Oo6GTMehterATKw3HQ,west-hartford-connecticut
https://www.ubereats.com/connecticut/food-delivery/world-of-beer-73-isham-rd/CXTelVcISGiAlWH3A2Rq2w,west-hartford-connecticut
https://www.ubereats.com/connecticut/food-delivery/pizza-master/JAzPwECpTnqnjKwCYeUQMA,west-hartford-connecticut
https://www.ubereats.com/connecticut/food-delivery/luen-hop-chinese-take-out/gHnDd5X1S1ye8sp9GSwXog,west-hartford-connecticut
https://www.ubereats.com/connecticut/food-delivery/ihop-berlin-turnpike/dn35iMSnQhy2mrKqHgkhrA,west-hartford-connecticut
https://www.ubereats.com/connecticut/food-delivery/cora-cora-restaurant/Vrv_k_LySrK--_XgdY-ksQ,west-hartford-connecticut
https://www.ubereats.com/connecticut/food-delivery/antojitos-colombianos/rR-MG6SsT5elQhwkoVYIsQ,west-hartford-connecticut
https://www.ubereats.com/connecticut/food-delivery/subway-497-flatbush-ave/K5Bhk0RlTqm9ODZk9bds0w,west-hartford-connecticut
https://www.ubereats.com/connecticut/food-delivery/plaza-azteca-newington/F5JOjxWZTVuhJ5eWJM_VBQ,west-hartford-connecticut
https://www.ubereats.com/connecticut/food-delivery/romanos-pizza-grill-italian-restaurant/A33smusoQpGIIO4wozGhoA,west-hartford-connecticut
https://www.ubereats.com/connecticut/food-delivery/casa-mia-on-the-hill/jv6InhdwR22A-TQL92RAAQ,west-hartford-connecticut
https://www.ubereats.com/connecticut/food-delivery/subway-503-windsor-ave/1EkG_St9TcqfD-Zbcx-JFg,west-hartford-connecticut
https://www.ubereats.com/connecticut/food-delivery/soulbaila/7whbiBHoQG-GYPfYAmg7jQ,west-hartford-connecticut
https://www.ubereats.com/connecticut/food-delivery/buffalo-wild-wings-703-poquonock-ave/bt1TgwixQDm5HqKlJw98BA,west-hartford-connecticut
https://www.ubereats.com/connecticut/food-delivery/bears-smokehouse-express-south-windsor/ru2n4GxiSV2Svx7atxyLeQ,west-hartford-connecticut
https://www.ubereats.com/connecticut/food-delivery/wendys-20-granby-road/xVVlPVrmQ9-sLR0v8hH7fQ,west-hartford-connecticut
https://www.ubereats.com/connecticut/food-delivery/the-simple-greek-west-hartford/uL7VkWgBTGabF7-w4gKOEg,west-hartford-connecticut
https://www.ubereats.com/connecticut/food-delivery/dunkin-450-s-main-st/SfhiugcvQuy9Yfdt75b_Xw,west-hartford-connecticut
https://www.ubereats.com/connecticut/food-delivery/krispy-krunchy-chicken-867-wethersfield-ave/7zaIVvMDS1af_QVXEcvMiA,west-hartford-connecticut
https://www.ubereats.com/connecticut/food-delivery/dunkin-903-905-blue-hills-ave/uCwEPusbQ2qyjMu-wRJThQ,west-hartford-connecticut
https://www.ubereats.com/connecticut/food-delivery/dunkin-465-cottage-grove-rd/Yf4BeFViTCaluxeQmf_nDQ,west-hartford-connecticut
https://www.ubereats.com/connecticut/food-delivery/himalaya-restaurant/RcHlpomoRNKyXnhenIkfPg,west-hartford-connecticut
https://www.ubereats.com/connecticut/food-delivery/husky-pizza/OE2x3KlRS4m5CdQX8L3m5A,west-hartford-connecticut
https://www.ubereats.com/connecticut/food-delivery/mcdonalds-windsor-iii/URn1lJj7S1OojkMqyACCtg,west-hartford-connecticut
https://www.ubereats.com/connecticut/food-delivery/rasham/6DnYK335RcaPqxOfBSIzxA,west-hartford-connecticut
https://www.ubereats.com/connecticut/food-delivery/friendlys-3420-berlin-turnpike/WnQTeZK5Tjyyjn9T9buC-w,west-hartford-connecticut
https://www.ubereats.com/connecticut/food-delivery/taste-of-soul/CTSVXxAbSKGbGj-33m9plQ,west-hartford-connecticut
https://www.ubereats.com/connecticut/food-delivery/boston-market-417-cottage-grove-rd/XpQ3FmPNSP6Zbb-zwL_P5g,west-hartford-connecticut
https://www.ubereats.com/connecticut/food-delivery/bgood-glastonbury/S2TMq1WET6Gd1y2QHWf7OQ,west-hartford-connecticut
https://www.ubereats.com/connecticut/food-delivery/republic-restaurant/KaSDJqxyQ62hw8_VCcqZrA,west-hartford-connecticut
https://www.ubereats.com/connecticut/food-delivery/yummyyummy-chinese-restaurant/uUyL5VYHRgGKg2Nas3GzlA,west-hartford-connecticut
https://www.ubereats.com/connecticut/food-delivery/taco-bell-250-albany-turnpike/LUJhwIq2TPS3DqZqPCwoSQ,west-hartford-connecticut
https://www.ubereats.com/connecticut/food-delivery/wing-squad-newington/XREZJBpKRk2QPEOfWcZyqA,west-hartford-connecticut
https://www.ubereats.com/connecticut/food-delivery/mooyah-burgers-24-fenn-rd/ZGeEirGCR1mMQZoeQfPUsw,west-hartford-connecticut
https://www.ubereats.com/connecticut/food-delivery/nardellis-grinder-shoppe-farmington/CsgXZRt0RhK3KrV7XkI9kA,west-hartford-connecticut
https://www.ubereats.com/connecticut/food-delivery/mcdonalds-hartford-weston/ljCAsNnuSXCtWLXtrQ0Ddw,west-hartford-connecticut
https://www.ubereats.com/connecticut/food-delivery/nummy/JN8QVK3eTIK_N1t0D2Veyw,west-hartford-connecticut
https://www.ubereats.com/connecticut/food-delivery/starbucks-lasalle/b56M08B7RBemlfZKQRUBrg,west-hartford-connecticut
https://www.ubereats.com/connecticut/food-delivery/subway-395-main-st/Q-hoAPAdRhufR6f_t0egng,west-hartford-connecticut
https://www.ubereats.com/connecticut/food-delivery/hooters-wethersfield/GMzH7gdjSfeESYXeASj2iA,west-hartford-connecticut
https://www.ubereats.com/connecticut/food-delivery/subway-471-farmington-ave/Od45uzzrTem_a9O4ahJkwA,west-hartford-connecticut
https://www.ubereats.com/connecticut/food-delivery/dunns-river-jamaican-restaurant/uxbCzLrKRiW3U7erzYazfA,west-hartford-connecticut
https://www.ubereats.com/connecticut/food-delivery/cheeks-chicken-manchester/UyhnwWsVTgOSTOlCaMuCfQ,west-hartford-connecticut
https://www.ubereats.com/connecticut/food-delivery/the-ice-cream-shop/SjOiqLBlRvqL_Zivi0JusA,west-hartford-connecticut
https://www.ubereats.com/connecticut/food-delivery/el-tepeyac-mexican-restaurant/9zSWNwnmR5mgxQdZ18oPwg,west-hartford-connecticut
https://www.ubereats.com/connecticut/food-delivery/procaccinis-italian-family-restaurant/M-rfyt1sTq-RiGBxPQsbxQ,west-hartford-connecticut
https://www.ubereats.com/connecticut/food-delivery/broasterant/NRaimN_fQr60gtRT3jeSvA,west-hartford-connecticut
https://www.ubereats.com/connecticut/food-delivery/dunkin-416-silas-dean-hwy/EcizO2JpQji_KZJK910gjA,west-hartford-connecticut
https://www.ubereats.com/connecticut/food-delivery/harvest-country-store/bVFsKToRRGO03C9xgZTAlQ,west-hartford-connecticut
https://www.ubereats.com/connecticut/food-delivery/bonchon-chicken-1491-new-britain-ave/GNPORduRSM2W31d0Rks62g,west-hartford-connecticut
https://www.ubereats.com/connecticut/food-delivery/el-pollo-guapo-wethersfield/dNau4zDwRgOldZoXNN18pQ,west-hartford-connecticut
https://www.ubereats.com/connecticut/food-delivery/dunkin-265-washington-st/TuERluaGSsW3_1T6KWu4ww,west-hartford-connecticut
https://www.ubereats.com/connecticut/food-delivery/sbarro-185-west-farms-mall/YXJntxEcTMyLqyNuRrqUyg,west-hartford-connecticut
https://www.ubereats.com/connecticut/food-delivery/wings-over-newington/BJMDL43hTqq4wLbmTYqO2g,west-hartford-connecticut
https://www.ubereats.com/connecticut/food-delivery/market-grille/1QWIJb-LT4ShbhkSEqukRA,west-hartford-connecticut
https://www.ubereats.com/connecticut/food-delivery/artisan-restaurant-west-hartford/E4V0yLjfSH69XUEogVgezQ,west-hartford-connecticut
https://www.ubereats.com/connecticut/food-delivery/wendys-306-prospect-ave/93ARDaoBRficywd2eFVjKg,west-hartford-connecticut
https://www.ubereats.com/connecticut/food-delivery/fung-chinese-restaurant/uSJzCzliQFWUN0PirqUDAA,west-hartford-connecticut
https://www.ubereats.com/connecticut/food-delivery/ben-%26-jerrys-glastonbury/TXkS5EgPQ4iHG4FkikiDqA,west-hartford-connecticut
https://www.ubereats.com/connecticut/food-delivery/elmers-place/fU_MQzMmRUeleE0r0Iq0PA,west-hartford-connecticut
https://www.ubereats.com/connecticut/food-delivery/pick%26mix-glastonbury/LAmC0mvVS321Mho5wJTvag,west-hartford-connecticut
https://www.ubereats.com/connecticut/food-delivery/arbys-3206-berlin-turnpike/Ta9XtSCUSBmrfPiltFKIsg,west-hartford-connecticut
https://www.ubereats.com/connecticut/food-delivery/yoyo-ice-cream/PodZcItSRl6-D5sMTMYliQ,west-hartford-connecticut
https://www.ubereats.com/connecticut/food-delivery/la-casita-del-sabor/KOEoe843Skm7Umn_HYtOog,west-hartford-connecticut
https://www.ubereats.com/connecticut/food-delivery/ruby-tuesday-101-ella-grasso-turnpike/va8otzC0RDqfBave1JybSw,west-hartford-connecticut
https://www.ubereats.com/connecticut/food-delivery/mill-on-the-river/t1_8jWrYSemTl9AreAyeLQ,west-hartford-connecticut
https://www.ubereats.com/connecticut/food-delivery/hartford-road-cafe/t2-auuqISdunfTCZlhOytg,west-hartford-connecticut
https://www.ubereats.com/connecticut/food-delivery/mizzu-asian-bistro/JyFfZAyXQw6PgZUbfZU8xQ,west-hartford-connecticut
https://www.ubereats.com/connecticut/food-delivery/trumbull-kitchen/2M4ILqadSjyy4CzmP-LKBg,west-hartford-connecticut
https://www.ubereats.com/connecticut/food-delivery/train-wreck-tap-room/8ipfr1_qSJCaeQ1zOKo2Vg,west-hartford-connecticut
https://www.ubereats.com/connecticut/food-delivery/empire-pizza-house/HN08TYfHQqKPzNvuQEJ-IQ,west-hartford-connecticut
https://www.ubereats.com/connecticut/food-delivery/giovannis-pizza-restaurant/qaYuxOe8TpmrTJ87odMpaQ,west-hartford-connecticut
https://www.ubereats.com/connecticut/food-delivery/metro-center-cafe/u2VgR6NQSciGxswCeKMUzg,west-hartford-connecticut
https://www.ubereats.com/connecticut/food-delivery/chosen-1-cajun-seafood/Ika2m9zvQoO_NiFg2Z4WEg,west-hartford-connecticut
https://www.ubereats.com/connecticut/food-delivery/burger-king-811-main-street/VIJv1GVlThWBMVMnw_TafQ,west-hartford-connecticut
https://www.ubereats.com/connecticut/food-delivery/agave-grill/rQfy3P_tQNKDkjcupcX9RA,west-hartford-connecticut
https://www.ubereats.com/connecticut/food-delivery/noodles-%26-company-n-main-st-%26-albany-ave/A6fOCsi3SWyQ5Z88CXLmYA,west-hartford-connecticut
https://www.ubereats.com/connecticut/food-delivery/goldbergs-bagel-cafe-new-britain-ave/1EV-Ky89Tr2ixojdpog6Kg,west-hartford-connecticut
https://www.ubereats.com/connecticut/food-delivery/ichiban-express-and-poke-bowl/gKkLoHBPRpupd9LQtG_ijg,west-hartford-connecticut
https://www.ubereats.com/connecticut/food-delivery/new-britain-diner/zpxHZXyAQeS4BNML7A8peQ,west-hartford-connecticut
https://www.ubereats.com/connecticut/food-delivery/mcdonalds-bloomfield/cmZ3qAnVRQ68ae7uqKZ5mQ,west-hartford-connecticut
https://www.ubereats.com/connecticut/food-delivery/dunkin-364-silver-ln/0VMf6uFhSmmO28LbBS9p0A,west-hartford-connecticut
https://www.ubereats.com/connecticut/food-delivery/wayback-burgers-346-cromwell-ave/spxmZ0kZTUqv6VGBtXa2kg,west-hartford-connecticut
https://www.ubereats.com/connecticut/food-delivery/kfc-470-farmington-avenue/x4xcfGKaSXCuXAUC3cmGMQ,west-hartford-connecticut
https://www.ubereats.com/connecticut/food-delivery/taco-bell-1524-pleasant-valley-rd/DS5CEdYPQP26b34xRZKoIg,west-hartford-connecticut
https://www.ubereats.com/connecticut/food-delivery/blue-plate-kitchen/99E2mHGoR7iEoe5NE_w0ew,west-hartford-connecticut
https://www.ubereats.com/connecticut/food-delivery/wing-it-on!-new-britain/PwWQHabXRxK4RPf_hwL32w,west-hartford-connecticut
https://www.ubereats.com/connecticut/food-delivery/texas-de-brazil-hartford/sjR7iO8eR0Odj1cVPgzngw,west-hartford-connecticut
https://www.ubereats.com/connecticut/food-delivery/taco-bell-18-wilbur-cross-hwy/t5970YY8SIeLax6k91p7GQ,west-hartford-connecticut
https://www.ubereats.com/connecticut/food-delivery/peppercorns-grill/i4RpeKK9TnaOG6rKlT5g6g,west-hartford-connecticut
https://www.ubereats.com/connecticut/food-delivery/outback-steakhouse-817-queen-street/EJxm273SR-qK-VeNcrCsjg,west-hartford-connecticut
https://www.ubereats.com/connecticut/food-delivery/great-star-chinese-restaurant/1eaOK0CGQ7qJdDt94F6yqg,west-hartford-connecticut
https://www.ubereats.com/connecticut/food-delivery/subway-335-capitol-ave/Mj72x2FvQ-CTzCCOzcia7g,west-hartford-connecticut
https://www.ubereats.com/connecticut/food-delivery/ruths-chris-steakhouse-2513-berlin-turnpike/Nnbfb5-iQi6E8PeoE2G0Mg,west-hartford-connecticut
https://www.ubereats.com/connecticut/food-delivery/jersey-mikes-2941-main-st/7cSvoVb4SKWJ7ENo3RnqrA,west-hartford-connecticut
https://www.ubereats.com/connecticut/food-delivery/burger-king-ct-6807/LWgn_2UlSKO4YpbDdCvwLA,west-hartford-connecticut
https://www.ubereats.com/connecticut/food-delivery/starbucks-farmington-route-4/vGdimkMdRzmDewbOmDxGQw,west-hartford-connecticut
https://www.ubereats.com/connecticut/food-delivery/hot-heaven-pizzeria/et2fSe5kTXabNrQYDG-D6A,west-hartford-connecticut
https://www.ubereats.com/connecticut/food-delivery/carsons-kitchen-llc/sgGN6bMGS0imCOIHjDwMvw,west-hartford-connecticut
https://www.ubereats.com/connecticut/food-delivery/pokemoto-west-hartford-ct/45_DultbQ7i0NXt8YTRptA,west-hartford-connecticut
https://www.ubereats.com/connecticut/food-delivery/bhog-indian-cuisine-rocky-hill/FdeC5eYPRGqK823Z7ctUHg,west-hartford-connecticut
https://www.ubereats.com/connecticut/food-delivery/arch-2/_sGtVMAhQaaQSoMg9Qd6bQ,west-hartford-connecticut
https://www.ubereats.com/connecticut/food-delivery/taste-of-india/epLDThyORQOr2b_zv8lACg,west-hartford-connecticut
https://www.ubereats.com/connecticut/food-delivery/wendys-90-airport-rd/fjZkNtNdRFmStBTXPoSClA,west-hartford-connecticut
https://www.ubereats.com/connecticut/food-delivery/bertuccis-newington/JOXB0MuoR0GJlmeayBrzwg,west-hartford-connecticut
https://www.ubereats.com/connecticut/food-delivery/wei-mei-chinese-restaurant/9YLAjLZNQHq-0Yypsg9ofw,west-hartford-connecticut
https://www.ubereats.com/connecticut/food-delivery/fire-n-spice-restaurant-and-bakery-capitol-ave/0ixdyrqKRliL6KioNT97QQ,west-hartford-connecticut
https://www.ubereats.com/connecticut/food-delivery/king-pizza/-4eNLxEEREy38HHCdFMb2Q,west-hartford-connecticut
https://www.ubereats.com/connecticut/food-delivery/wendys-2384-berlin-tnpk/yAFDrTjVR-iQaCvtvf-hWQ,west-hartford-connecticut
https://www.ubereats.com/connecticut/food-delivery/ninja-japan/xgN_Rh9jS6S1Lc3HbpTJUA,west-hartford-connecticut
https://www.ubereats.com/connecticut/food-delivery/jersey-mikes-subs-576-farmington-ave/avrTffpIQFaRZv4igF9SKw,west-hartford-connecticut
https://www.ubereats.com/connecticut/food-delivery/mykonos-mediterranean-restaurant/tS_4vuvwSuOLX7V9HlFL_w,west-hartford-connecticut
https://www.ubereats.com/connecticut/food-delivery/second-poquonock-giant-grinder-shop/Tx-QCOd7Th2iCji8vkE0rA,west-hartford-connecticut
https://www.ubereats.com/connecticut/food-delivery/kiwi-spoon-frozen-yogurt-rocky-hill/ih3MHtsBQ7y78kHxXtrXWA,west-hartford-connecticut
https://www.ubereats.com/connecticut/food-delivery/pokeworks-west-hartford/G0I4_Zx1RUmGgbAPCo8HGw,west-hartford-connecticut
https://www.ubereats.com/connecticut/food-delivery/wing-squad-avon/Cz5WeXlRT02Rq0Y8Aw97ew,west-hartford-connecticut
https://www.ubereats.com/connecticut/food-delivery/boston-market-2495-berlin-tpke/Qi4Lbx5CSCCHWI92KiBg9A,west-hartford-connecticut
https://www.ubereats.com/connecticut/food-delivery/family-traditions-afe/1Mf_zI72TruVTm0tkyFZwQ,west-hartford-connecticut
https://www.ubereats.com/connecticut/food-delivery/moes-southwest-grill-385-west-main-street/V_bE6lKqTDuVo5EJ5EcK4Q,west-hartford-connecticut
https://www.ubereats.com/connecticut/food-delivery/five-guys-ct-0212-278-scott-swamp-rd/RlzRNoOvRtiZjAtIbxNQIw,west-hartford-connecticut
https://www.ubereats.com/connecticut/food-delivery/the-boss-grill/MFnupoVkQR-cNwgASTg8Bw,west-hartford-connecticut
https://www.ubereats.com/connecticut/food-delivery/central-blue-moon/Zdq6fG1wSGOljS07SDjxqQ,west-hartford-connecticut
https://www.ubereats.com/connecticut/food-delivery/kfc-1000-blue-hills-avenue/_yXO6_74Q8qx3R_hAruINQ,west-hartford-connecticut
https://www.ubereats.com/connecticut/food-delivery/polish-national-home-of-hartford/H3p_M8kKTj6_plXZHjVLgw,west-hartford-connecticut
https://www.ubereats.com/connecticut/food-delivery/sweet-chilli/w67LvYvVRmSRGnGu35W6tA,west-hartford-connecticut
https://www.ubereats.com/connecticut/food-delivery/mcdonalds-hartford-prospct/M9IH2ssYS4CU6Wijm7_7ew,west-hartford-connecticut
https://www.ubereats.com/connecticut/food-delivery/tisumi-japanese-restaurant/An-sq6CbQB-DAg5ysimfCw,west-hartford-connecticut
https://www.ubereats.com/connecticut/food-delivery/oc-2-go/r7j0pFqwRHO_l-n_3fXOBw,west-hartford-connecticut
https://www.ubereats.com/connecticut/food-delivery/naija-restaurant/wo1-bFjQRjacxj04drX_cA,west-hartford-connecticut
https://www.ubereats.com/connecticut/food-delivery/parrilla-y-sabores/xFQJB788Qmq17IA-k2bbkA,west-hartford-connecticut
https://www.ubereats.com/connecticut/food-delivery/millwrights-restaurant-%26-tavern/5kPuZ1XuT6SYZdLctTtS-A,west-hartford-connecticut
https://www.ubereats.com/connecticut/food-delivery/the-bar/XlExe-BeSt21aT-nP6hSzw,west-hartford-connecticut
https://www.ubereats.com/connecticut/food-delivery/ihop-339-cottage-grove-rd/IjBQlyRVS9SEa-ZxC_T3wA,west-hartford-connecticut
https://www.ubereats.com/connecticut/food-delivery/hooters-manchester-1483-pleasant-valley-road/jTpJb3JhRAyrcYHZ79RujA,west-hartford-connecticut
https://www.ubereats.com/connecticut/food-delivery/taco-bell-1-main-st/F_ezhgvsTI2HrL3UIX_Hmw,west-hartford-connecticut
https://www.ubereats.com/connecticut/food-delivery/kizls/ZJ1P1MhDR9ujS_m5fzgqoA,west-hartford-connecticut
https://www.ubereats.com/connecticut/food-delivery/wings%26pies-pizzeria/WAcBC4GbRZWTyQAHXgxQxA,west-hartford-connecticut
https://www.ubereats.com/connecticut/food-delivery/bricco-trattoria/SiY2syIkQt2mHYPeutupQw,west-hartford-connecticut
https://www.ubereats.com/connecticut/food-delivery/sisson-pizza/mFJB70b4R7y62OCnk_-_3g,west-hartford-connecticut
https://www.ubereats.com/connecticut/food-delivery/red-lobster-1324-silas-deane-highway/XoXZPzm3RzibTrmqVpZyXg,west-hartford-connecticut
https://www.ubereats.com/connecticut/food-delivery/mofongo/zU2UTxK_QLm-sC_ZO4oZSg,west-hartford-connecticut
https://www.ubereats.com/connecticut/food-delivery/taco-bell-1250-farmington-ave/SFMG7eg9SXyEwl2Y2mOqng,west-hartford-connecticut
https://www.ubereats.com/connecticut/food-delivery/peoples-choice-pizza-east-hartford/VDzoac2-RZyLZNhPwnNH3Q,west-hartford-connecticut
https://www.ubereats.com/connecticut/food-delivery/the-greenway-market/KPvH9IjlQSKhie7D9c3VoA,west-hartford-connecticut
https://www.ubereats.com/connecticut/food-delivery/chipotle-mexican-grill-1084-silas-deane-hwy/8rLaSz0MSga_IXtgwwr46Q,west-hartford-connecticut
https://www.ubereats.com/connecticut/food-delivery/mcdonalds-newington-berlin/DOY4XdfLSuqhZ1-XKply9Q,west-hartford-connecticut
https://www.ubereats.com/connecticut/food-delivery/moes-southwest-grill-697-poquonock-ave/OvRoj9cvTvShTg9s0X_Jdg,west-hartford-connecticut
https://www.ubereats.com/connecticut/food-delivery/taco-bell-485-flatbush-ave/JmbAx2OfQrCht5o-YhjEmQ,west-hartford-connecticut
https://www.ubereats.com/connecticut/food-delivery/avon-indian-grill/jHB6lIT2QNyr2sjezpJTzg,west-hartford-connecticut
https://www.ubereats.com/connecticut/food-delivery/jersey-mikes-1500-a-pleasant-valley-road/Bi53zgWAQ2qh4yuNOZxFxA,west-hartford-connecticut
https://www.ubereats.com/connecticut/food-delivery/benjies-jamaican/bvtFZS_ETnWXJ6wiU-6V4g,west-hartford-connecticut
https://www.ubereats.com/connecticut/food-delivery/tavern-on-3/yp9A7-87SESr3RIHyrteLg,west-hartford-connecticut
https://www.ubereats.com/connecticut/food-delivery/luna-pizza/Zaf0M9FISTC7R45HDG9_LQ,west-hartford-connecticut
https://www.ubereats.com/connecticut/food-delivery/kingstons-jamaican-restaurant/C-1MKlyERS6PBEUa79-n1w,west-hartford-connecticut
https://www.ubereats.com/connecticut/food-delivery/shake-shack-1445-new-britain-avenue/Pfi3CPVnS5aDSlOCwgIGDw,west-hartford-connecticut
https://www.ubereats.com/connecticut/food-delivery/dunkin-760-park-ave/KYG1zSRxRVGWP2eG93TIIQ,west-hartford-connecticut
https://www.ubereats.com/connecticut/food-delivery/prospect-pizza-restaurant/6BJTOlioQQKAHv-JZ2N-SQ,west-hartford-connecticut
https://www.ubereats.com/connecticut/food-delivery/starbucks-hartford-hospital/GcVcPwiwTjGQxtQKbCe2bg,west-hartford-connecticut
https://www.ubereats.com/connecticut/food-delivery/nardellis-grinder-shop-east-hartford/CGybUFA-QVKbi-DeNDlSew,west-hartford-connecticut
https://www.ubereats.com/connecticut/food-delivery/guntur-mirchi/XtBkA-m8TDGTCjbBeu9k5w,west-hartford-connecticut
https://www.ubereats.com/connecticut/food-delivery/the-rockin-chicken/k7t2nkT0T_W8i1mzwZ_Gdw,west-hartford-connecticut
https://www.ubereats.com/connecticut/food-delivery/hartford-food-market/dketyGOvSzaf0jOsXffMGw,west-hartford-connecticut
https://www.ubereats.com/connecticut/food-delivery/dairy-queen-treat-684-hartford-rd/MyZVKMeKTNGaBJC8KvKu9Q,west-hartford-connecticut
https://www.ubereats.com/connecticut/food-delivery/dennys-539-flatbh-ave/ZgfUdDvWSWi9o7YSdjSC0g,west-hartford-connecticut
https://www.ubereats.com/connecticut/food-delivery/mcdonalds-hartford-flatbush-ave/G_cR7PV2SuW4fPlGX6XDqQ,west-hartford-connecticut
https://www.ubereats.com/connecticut/food-delivery/chipotle-mexican-grill-110-albany-tpke/WHIrUGecQLimWx82IFmgEg,west-hartford-connecticut
https://www.ubereats.com/connecticut/food-delivery/brizo/gUlwJxVwR0O4zzuyokWgDg,west-hartford-connecticut
https://www.ubereats.com/connecticut/food-delivery/liquid-nirvana-glastonbury/U6pkmlL7S7CT8TGITXmUXw,west-hartford-connecticut
https://www.ubereats.com/connecticut/food-delivery/pietros-pizza-942-main-st/flEQMPkfSRWAh-0H355_Zg,west-hartford-connecticut
https://www.ubereats.com/connecticut/food-delivery/pf-changs-322-w-farms-mall-space-f226/HAIAN4FOR12_jB58hwW1sA,west-hartford-connecticut
https://www.ubereats.com/connecticut/food-delivery/between-rounds-bagel-%26-deli/h3VVTP0DSyyFCaeAxzRTXw,west-hartford-connecticut
https://www.ubereats.com/connecticut/food-delivery/wingstop-550-farmington-ave/vo42L5zmQXueBVnsKvyfFQ,west-hartford-connecticut
https://www.ubereats.com/connecticut/food-delivery/burger-king-70-airport-road/21BF082dS92JU1kuHDbaGQ,west-hartford-connecticut
https://www.ubereats.com/connecticut/food-delivery/js-crabshack/Rd8oNSkJRf6n4U8LYkpP3Q,west-hartford-connecticut
https://www.ubereats.com/connecticut/food-delivery/burgerfi-avon/3Pyda0qlR_Sml8xA1C2cvQ,west-hartford-connecticut
https://www.ubereats.com/connecticut/food-delivery/syps-grille/dm9u7SfoS8mRx89AA7TDHA,west-hartford-connecticut
https://www.ubereats.com/connecticut/food-delivery/paradise-biryani-indian-cuisine/3iXHqVriSKGfIkK1vXuFnA,west-hartford-connecticut
https://www.ubereats.com/connecticut/food-delivery/city-pizza/f1In6IC0QASOnzlcGMitVQ,west-hartford-connecticut
https://www.ubereats.com/connecticut/food-delivery/moes-southwest-grill-3145-berlin-turnpike/uFQBwKXjTxaYwYKLIoRVqA,west-hartford-connecticut
https://www.ubereats.com/connecticut/food-delivery/hot-basil-thai-cafe/2cxgiUdrSHG5GK6qpWBfKA,west-hartford-connecticut
https://www.ubereats.com/connecticut/food-delivery/ranch-house/GCz66bD-TUK4uvaco18Ctw,west-hartford-connecticut
https://www.ubereats.com/connecticut/food-delivery/outback-steakhouse-3210-berlin-turnpike/4rkvrmHzSw2BVVTtouJeOQ,west-hartford-connecticut
https://www.ubereats.com/connecticut/food-delivery/blimpie-1001-day-hill-rd/PcYyPJU-SDeDybh7MQxntg,west-hartford-connecticut
https://www.ubereats.com/connecticut/food-delivery/rush-bowls/nyPUeRERTgO0moDccT5IZQ,west-hartford-connecticut
https://www.ubereats.com/connecticut/food-delivery/kfc-501-farmington-avenue/EtypvkNHSw-gLy6okQop3Q,west-hartford-connecticut
https://www.ubereats.com/connecticut/food-delivery/chipotle-mexican-grill-966-farmington-ave/5HeyWVxsRECVMFPkkv0c7A,west-hartford-connecticut
https://www.ubereats.com/connecticut/food-delivery/50-west/UtP70OMrTCqaHGjjn9Te8A,west-hartford-connecticut
https://www.ubereats.com/connecticut/food-delivery/matty-ds-restaurant-and-bar/Hf1aojk1SPGsCG2b2CzcIg,west-hartford-connecticut
https://www.ubereats.com/connecticut/food-delivery/mcdonalds-hartford-washngt/BfYyeHWmSkuLGe3pnv5iMw,west-hartford-connecticut
https://www.ubereats.com/connecticut/food-delivery/michael-johns-pizza/s8Vh8g8fRRu_Ufeutl96KA,west-hartford-connecticut
https://www.ubereats.com/connecticut/food-delivery/bocaito-food-truck/rArW9KJTR7K_1-P5gHpqng,west-hartford-connecticut
https://www.ubereats.com/connecticut/food-delivery/vitos-to-go-cafe/VlRMzrZGSRaz21Oed9urjw,west-hartford-connecticut
https://www.ubereats.com/connecticut/food-delivery/capitol-lunch/bbL8TSO4QNSA3nKjAB7wZQ,west-hartford-connecticut
https://www.ubereats.com/connecticut/food-delivery/lemon-mint-bites-%26-salad-bar/pBABHpcRQCiqvew_vF2HPg,west-hartford-connecticut
https://www.ubereats.com/connecticut/food-delivery/vivaldis-pizza-avon/340F-kwyRP6UJ30jPzbfcw,west-hartford-connecticut
https://www.ubereats.com/connecticut/food-delivery/noodles-%26-company-manchester-1442-pleasant-valley-road/FOuVKpTJSq6fQpJa0IAJAw,west-hartford-connecticut
https://www.ubereats.com/connecticut/food-delivery/ben-%26-jerrys-west-hartford/-DZBediTTKuFeEkICoRvDA,west-hartford-connecticut
https://www.ubereats.com/connecticut/food-delivery/dunkin-639-main-st/MZ0CZf1BSd2b_jrYbWx4BA,west-hartford-connecticut
https://www.ubereats.com/connecticut/food-delivery/freshii-hartford/nXg-5T1tQw-6G5Ja46Ki4w,west-hartford-connecticut
https://www.ubereats.com/connecticut/food-delivery/burger-king-ct-849/JTTtIfX2QMynHJqktGre2w,west-hartford-connecticut
https://www.ubereats.com/connecticut/food-delivery/pick-and-mix-avon/MPmSm7XrSxSTBYd-uLgcUg,west-hartford-connecticut
https://www.ubereats.com/connecticut/food-delivery/wayback-burger-123-farmington-ave-unit-p3/OIJJZCt0Q8SeCidq69YFAQ,west-hartford-connecticut
https://www.ubereats.com/connecticut/food-delivery/wing-squad-glastonbury/uhs27t6aQ7G-OQT54qFwZA,west-hartford-connecticut
https://www.ubereats.com/connecticut/food-delivery/abc-pizza-house/xLnSh_15Tp6mLRvXa8VdEQ,west-hartford-connecticut
https://www.ubereats.com/connecticut/food-delivery/mcladdens-west-hartford/AWK5rxt0SK-TSzHzPSaE1g,west-hartford-connecticut
https://www.ubereats.com/connecticut/food-delivery/juiced-up-juice-bar/MKVPvvAjSXeqHEFonig4aw,west-hartford-connecticut
https://www.ubereats.com/connecticut/food-delivery/subway-932-farmington-ave/W3ZSc3jhQ1O1i9WrYY3Uww,west-hartford-connecticut
https://www.ubereats.com/connecticut/food-delivery/new-world-chinese-restaurant/OOh4Vo46TUyAuu_laKfm8w,west-hartford-connecticut
https://www.ubereats.com/connecticut/food-delivery/sams-gyro/b6z6MYlVSw-KC-IzCz63GQ,west-hartford-connecticut
https://www.ubereats.com/connecticut/food-delivery/kfc-300-burnside-avenue/xLkCSe6HQ0aUcTA0mz95Ew,west-hartford-connecticut
https://www.ubereats.com/connecticut/food-delivery/mercado-foods/0-KghvTQSWqIY77As26IuQ,west-hartford-connecticut
https://www.ubereats.com/connecticut/food-delivery/friendlys-347-w-main-st/mxCr_yO1REOfcX49CJE2aw,west-hartford-connecticut
https://www.ubereats.com/connecticut/food-delivery/kettle-bagels/H6av5AzXTIC834gWxjG8EA,west-hartford-connecticut
https://www.ubereats.com/connecticut/food-delivery/kaliubon-ramen/KjEPEECEQsSRuzV9IoGU3A,west-hartford-connecticut
https://www.ubereats.com/connecticut/food-delivery/the-place-2-be/SPfhapnbTU-9LYTyOoyd4g,west-hartford-connecticut
https://www.ubereats.com/connecticut/food-delivery/mcdonalds-w-hartfrd-albany/vpMHyf_KSZSNSLtrYpl0UQ,west-hartford-connecticut
https://www.ubereats.com/connecticut/food-delivery/new-china-house/QtUkvJaQSNuNups1CLMrng,west-hartford-connecticut
https://www.ubereats.com/connecticut/food-delivery/papa-johns-1180-broad-st/uAyMox4DSb2jHc6cdd6OZw,west-hartford-connecticut
https://www.ubereats.com/connecticut/food-delivery/subway-2525-albany-ave/vgSo64IaQpOxiUY94hPkAQ,west-hartford-connecticut
https://www.ubereats.com/connecticut/food-delivery/the-green-teahouse/sKC60e1TQHyFeMJNgHP3mA,west-hartford-connecticut
https://www.ubereats.com/connecticut/food-delivery/roma-sports-bar-%26-grill/cGCTjTCPR0-8jTqS-s3irQ,west-hartford-connecticut
https://www.ubereats.com/connecticut/food-delivery/vivo-seasonal-trattoria/bVz3yxSsQ_muGkGyr2LzZw,west-hartford-connecticut
https://www.ubereats.com/connecticut/food-delivery/ichiro-hibachi-and-sushi/z4T3JdHzTB2yRpVLlTG9nQ,west-hartford-connecticut
https://www.ubereats.com/connecticut/food-delivery/pita-souvlaki/pxd8DWOeR4-kfMXGu5Ff_A,west-hartford-connecticut
https://www.ubereats.com/connecticut/food-delivery/casa-mia-on-the-green/Robqr5_gQl2FjxBrqr0D9A,west-hartford-connecticut
https://www.ubereats.com/connecticut/food-delivery/bgood-canton/Wc0zq3FyRDeM7XmNKZggQA,west-hartford-connecticut
https://www.ubereats.com/connecticut/food-delivery/robertos-restaurant/qjFjfMNWRx65DYDD5NPfEw,west-hartford-connecticut
https://www.ubereats.com/connecticut/food-delivery/el-cafetal-restaurant/CZ3Nuh8ARHexyZEmtbUbYA,west-hartford-connecticut
https://www.ubereats.com/connecticut/food-delivery/moes-southwest-grill-722-n-main-street/weaKey-oQP2bWyJ9faPteg,west-hartford-connecticut
https://www.ubereats.com/connecticut/food-delivery/roosters-chicken-wethersfield-ct/tkvAUFt6RFeRzSFDZFtPxQ,west-hartford-connecticut
https://www.ubereats.com/connecticut/food-delivery/roadrunner-express-grill-and-deli/v3lM6USDQpOoZWrDx6A9-w,west-hartford-connecticut
https://www.ubereats.com/connecticut/food-delivery/sweet-tooth/zQAYxYZeR6Gra6YBrObvEg,west-hartford-connecticut
https://www.ubereats.com/connecticut/food-delivery/joey-garlics-manchester/9OyTXsmzSlWL-zAr9K3ZOg,west-hartford-connecticut
https://www.ubereats.com/connecticut/food-delivery/taqueria-la-grande/3tJ0mpNjRXuDFQSHu0ry6Q,west-hartford-connecticut
https://www.ubereats.com/connecticut/food-delivery/fornarellis-ristorante/GvcWM7xVTluRfYVG8Eudfg,west-hartford-connecticut
https://www.ubereats.com/connecticut/food-delivery/kencarlous-jamaican-restaurant/wskr6MdiT62hkbu6UcH6Bg,west-hartford-connecticut
https://www.ubereats.com/connecticut/food-delivery/claudias-grinder-shop/5TKKVyyWREOP8OHDgCa4lQ,west-hartford-connecticut
https://www.ubereats.com/connecticut/food-delivery/subway-860-maple-ave/E7D9RlegQp65nra5fM3wCw,west-hartford-connecticut
https://www.ubereats.com/connecticut/food-delivery/chengs-kitchen/Kka2Zj3rS6eDZ-3bqo_KGQ,west-hartford-connecticut
https://www.ubereats.com/connecticut/food-delivery/nardellis-grinder-shoppecromwell/gZq8LtEoTRKQPv-Qrc5sHQ,west-hartford-connecticut
https://www.ubereats.com/connecticut/food-delivery/starbucks-fenn-road-plaza/M29FnFp0QcKUiHDmbgGLwg,west-hartford-connecticut
https://www.ubereats.com/connecticut/food-delivery/dhaba-wala-indian-kitchen/JsBR_YBxRDSiBVT95mQS8Q,west-hartford-connecticut
https://www.ubereats.com/connecticut/food-delivery/gyro-king-%26-fried-chicken/5Ze8z5xbQWO3XWLKYnBMag,west-hartford-connecticut
https://www.ubereats.com/connecticut/food-delivery/mamas-authentic-spanish-food/SuBZTQWgTzeRGi574FE2pQ,west-hartford-connecticut
https://www.ubereats.com/connecticut/food-delivery/ben-%26-jerrys-south-windsor/MLVaVAUEQD6Jgq9Ko9Mj2A,west-hartford-connecticut
https://www.ubereats.com/connecticut/food-delivery/mcdonalds-hartford-albany/4mpeFcmoRuKotfpcAhaVUg,west-hartford-connecticut
https://www.ubereats.com/connecticut/food-delivery/sakura-garden-japanese-steakhouse-south-windsor/3fKfOcGuSTiiyS8x-py-Ow,west-hartford-connecticut
https://www.ubereats.com/connecticut/food-delivery/starbucks-city-place-asylum-street/8sJJX0Y8RtiGHqHtg_cOlA,west-hartford-connecticut
https://www.ubereats.com/connecticut/food-delivery/bertuccis-glastonbury/_BPEaFfUShWrJb7qif9ahw,west-hartford-connecticut
https://www.ubereats.com/connecticut/food-delivery/hfc-chicken-and-pizza/WRqulNyiR0SwsPKAB8OTtg,west-hartford-connecticut
https://www.ubereats.com/connecticut/food-delivery/jerk-pit-cafe/5qFK0PiRTMqdyQXYM1YIpg,west-hartford-connecticut
https://www.ubereats.com/connecticut/food-delivery/new-york-gyro-halal-food/PH6uMjkfSX63641sK3aRVQ,west-hartford-connecticut
https://www.ubereats.com/connecticut/food-delivery/dunkin-1030-silas-deane-hwy/rt-N6Mj5T7q04R4T98o4Hw,west-hartford-connecticut
https://www.ubereats.com/connecticut/food-delivery/bloomfield-village-pizza/saj3f3txQgeiK2W5ZsKWTg,west-hartford-connecticut
https://www.ubereats.com/connecticut/food-delivery/roma-restaurant-catering/PvMlxMhWR8qKwDC3eRz-Og,west-hartford-connecticut
https://www.ubereats.com/connecticut/food-delivery/vivaldis-pizza-newington/OXCgUHVOSaqp5vDRFsmkrg,west-hartford-connecticut
https://www.ubereats.com/connecticut/food-delivery/naatiya-indian-restaurant/sAr5kqaITOef4IFvzdFtgw,west-hartford-connecticut
https://www.ubereats.com/connecticut/food-delivery/taco-bell-167-new-britain-avenue/HnKALi5sQS-jahlv6WOkiA,west-hartford-connecticut
https://www.ubereats.com/connecticut/food-delivery/anthonys-jamaican-restaurant/hHKR76bzR16VVpbOuQpEJQ,west-hartford-connecticut
https://www.ubereats.com/connecticut/food-delivery/pizza-works/LOdefpXKSS6V5zQLetpdwg,west-hartford-connecticut
https://www.ubereats.com/connecticut/food-delivery/dunkin-2536-albany-ave/NYcn2i2DRTasMqgeMmysog,west-hartford-connecticut
https://www.ubereats.com/connecticut/food-delivery/mi-sabor-restaurant/G1-FZk1rQq-aYtW2wdNMZg,west-hartford-connecticut
https://www.ubereats.com/connecticut/food-delivery/buffalo-wild-wings-1267-silas-deane-highway/1OV8SYl-RCig3HWUVdo-TQ,west-hartford-connecticut
https://www.ubereats.com/connecticut/food-delivery/the-elephant-trail/jicsjnbbR6iP_MoH4CUIjw,west-hartford-connecticut
https://www.ubereats.com/connecticut/food-delivery/between-rounds-19-john-fitch-blvd/NYpd2L9NRwG0J-BCbVxzyg,west-hartford-connecticut
https://www.ubereats.com/connecticut/food-delivery/halal-food-market/R9eDEtemRTamwSyGP3OuVA,west-hartford-connecticut
https://www.ubereats.com/connecticut/food-delivery/kob-jai-thai/LVSSPCyNTP-wpg6Ikmt50Q,west-hartford-connecticut
https://www.ubereats.com/connecticut/food-delivery/chipotle-mexican-grill-3575-berlin-tpke-unit-b/JRSPhNeUQteejOi5F7ekZg,west-hartford-connecticut
