url,city
https://www.ubereats.com/portland-me/food-delivery/adas-pasta/MaWQKirgRPucugJwW6YIxQ,westbrook-maine
https://www.ubereats.com/portland-me/food-delivery/nura-hummus-and-falafel/ultm3xSaQ2maOxaoaeRPiQ,westbrook-maine
https://www.ubereats.com/portland-me/food-delivery/gorgeous-gelato/cGfOzBSpREWsykO75hgmeQ,westbrook-maine
https://www.ubereats.com/portland-me/food-delivery/veranda-noodle-bar/iNIQyNrAQOudGIGEbAus8g,westbrook-maine
https://www.ubereats.com/portland-me/food-delivery/chipotle-mexican-grill-195-kennebec-st/25XcC7UESq6M0qI9KeXoqQ,westbrook-maine
https://www.ubereats.com/portland-me/food-delivery/cakes-extraordinaire/96BvR7StSxa3hUINq1XC0g,westbrook-maine
https://www.ubereats.com/portland-me/food-delivery/the-ice-cream-shop/kzybHraVR26NkCD-EQcRlA,westbrook-maine
https://www.ubereats.com/portland-me/food-delivery/starbucks-northgate-plaza/KBM1t_DYRCODr42Z9sFN1A,westbrook-maine
https://www.ubereats.com/portland-me/food-delivery/sebago-brewing-company-main-st-gorham/8htEgDpLQEy5Qwu67FAB9w,westbrook-maine
https://www.ubereats.com/portland-me/food-delivery/little-caesars-91-auburn-street/fzkA__SpTke7V8dL30Imug,westbrook-maine
https://www.ubereats.com/portland-me/food-delivery/ihop-195-maine-mall-rd/PaEVj5dRSs2z5Gw_gb4NRA,westbrook-maine
https://www.ubereats.com/portland-me/food-delivery/the-5-spot/Km9HpLtWSoe-9esF17hdaw,westbrook-maine
https://www.ubereats.com/portland-me/food-delivery/lukes-lobster-60-portland-pier/hBHNwbnfQBSyfSpe4Wky-Q,westbrook-maine
https://www.ubereats.com/portland-me/food-delivery/thai-9-restaurant/f-HqM2cuQUKIttUIxsLqzg,westbrook-maine
https://www.ubereats.com/portland-me/food-delivery/five-guys-me-1598-198-maine-mall-rd/R4rmpOK2SgK-5y8zPT_7bA,westbrook-maine
https://www.ubereats.com/portland-me/food-delivery/sebago-brewing-company-southborough/Vhj4n81SQ92Y1DSZjDYrPA,westbrook-maine
https://www.ubereats.com/portland-me/food-delivery/chipotle-mexican-grill-359-maine-mall-rd/ftc0rdU4QGaJfd4tBTQwtQ,westbrook-maine
https://www.ubereats.com/portland-me/food-delivery/burger-king-132-riverside-street/nYXAW9D-RJ68RrMxdM2jOA,westbrook-maine
https://www.ubereats.com/portland-me/food-delivery/chipotle-mexican-grill-11-main-st-ste-3/lc5kauKGRB2vTR5a-69vYg,westbrook-maine
https://www.ubereats.com/portland-me/food-delivery/amatos-westbrook/ob2sL5vGSYCiWIVw1-qtsw,westbrook-maine
https://www.ubereats.com/portland-me/food-delivery/shawarma-%26-kebab-house/EVXtv54HRBaStdALA3-ZbQ,westbrook-maine
https://www.ubereats.com/portland-me/food-delivery/bamboo-bistro/4EEDx7WOQJSABY8_O-5_rQ,westbrook-maine
https://www.ubereats.com/portland-me/food-delivery/sebago-brewing-company-gorham/WDWRV-G7QNWhrDXUj3-L0w,westbrook-maine
https://www.ubereats.com/portland-me/food-delivery/maine-squeeze-smoothie-%26-juice-cafe/k7SNRER9SBuh9bjn1ZJomQ,westbrook-maine
https://www.ubereats.com/portland-me/food-delivery/otto-pizza-225-congress/aJmh_BGKTauGafn85JrvuA,westbrook-maine
https://www.ubereats.com/portland-me/food-delivery/otto-pizza-250-read-st/ph0BxyfVSgKXwipoQMvZ5g,westbrook-maine
https://www.ubereats.com/portland-me/food-delivery/friendlys-210-maine-mall-rd/QhINkJXESBuNHqkrSnV5jA,westbrook-maine
https://www.ubereats.com/portland-me/food-delivery/oreillys-cure-restaurant/frQc5pqZSGiW0gTsPKSPwg,westbrook-maine
https://www.ubereats.com/portland-me/food-delivery/the-holy-donut-exchange-st/VFazlUa0TLeKhfjoafy8Bg,westbrook-maine
https://www.ubereats.com/portland-me/food-delivery/dunkin-1412-congress-st/Yw0uN4HwQxG0_6_ZMslgmg,westbrook-maine
https://www.ubereats.com/portland-me/food-delivery/mainely-hot-dogs/PABLClh3QaSBRXww8REn_A,westbrook-maine
https://www.ubereats.com/portland-me/food-delivery/dyers-variety/amLN2N9XRr-uc440vliPDg,westbrook-maine
https://www.ubereats.com/portland-me/food-delivery/bingas-stadium/eqpyYwpySLePUImxMd2CAQ,westbrook-maine
https://www.ubereats.com/portland-me/food-delivery/qdoba-364-maine-mall-rd/SrHOtKe6Rl6bQ9sM7hHAjg,westbrook-maine
https://www.ubereats.com/portland-me/food-delivery/petite-jacqueline/CyC6mIl-SraT1oi5IgU8TQ,westbrook-maine
https://www.ubereats.com/portland-me/food-delivery/veranda-kitchen-%26-bar/wD6By9dZS4icSAPDT_6rlQ,westbrook-maine
https://www.ubereats.com/portland-me/food-delivery/portland-pulp/834bJe9tQKmmZyvGqdyP7Q,westbrook-maine
https://www.ubereats.com/portland-me/food-delivery/cracker-barrel-old-country-store-357-maine-mall-rd/rCuOXbaDSkqBmXsj83KYlw,westbrook-maine
https://www.ubereats.com/portland-me/food-delivery/romanos-macaroni-grill-415-philbrook-ave-suite-100/CspQKu0JQAi1qiUPw9dj6A,westbrook-maine
https://www.ubereats.com/portland-me/food-delivery/asia-restaurant/3_TtGQObTTKJKyO7TpWFEw,westbrook-maine
https://www.ubereats.com/portland-me/food-delivery/mekong-thai-bistro/xQPKEgEnSRygeLF355ESLw,westbrook-maine
https://www.ubereats.com/portland-me/food-delivery/jersey-mikes-subs-550-gallery-boulevard/XUxNQCOASoOwTlkntSvg_Q,westbrook-maine
https://www.ubereats.com/portland-me/food-delivery/ginza-town/sfXEItPlQlS4c46tjebcYw,westbrook-maine
https://www.ubereats.com/portland-me/food-delivery/gelato-fiasco/IIPK-VwuQAWTgg8fu6wsdg,westbrook-maine
https://www.ubereats.com/portland-me/food-delivery/amatos-portland-india-st/ntZUKnOuTEGHaUDIbhonRg,westbrook-maine
https://www.ubereats.com/portland-me/food-delivery/pats-pizza-old-port/tGcC0MKxTTyNPpkCqHOj3A,westbrook-maine
https://www.ubereats.com/portland-me/food-delivery/wendys-240-main-mall-road/K3CTDbKDSJKSuEP4gPs7Tg,westbrook-maine
https://www.ubereats.com/portland-me/food-delivery/the-holy-donut-scarborough/dA3mG1eNSfORYqkuocpLLQ,westbrook-maine
https://www.ubereats.com/portland-me/food-delivery/a%26c-grocery/Z9gN0ki_RremTFy2Mj8rug,westbrook-maine
https://www.ubereats.com/portland-me/food-delivery/olive-cafe/PTQV2hsnSziZtmSWt87LUg,westbrook-maine
https://www.ubereats.com/portland-me/food-delivery/arabica-coffee-house/EHDQAis2TB-f3Y4m8y8tpg,westbrook-maine
https://www.ubereats.com/portland-me/food-delivery/izzys-cheesecake/hztf-QdJSUSJSvbD9sw5vw,westbrook-maine
https://www.ubereats.com/portland-me/food-delivery/eventide-portland/KxFlfZg9TkyjNuu9KXFd0A,westbrook-maine
https://www.ubereats.com/portland-me/food-delivery/the-barrel-and-burger-bar/d0mMqetPSryI5NfN0xnZdQ,westbrook-maine
https://www.ubereats.com/portland-me/food-delivery/el-corazon/uj96c2BTSLWzekljUYUVUw,westbrook-maine
https://www.ubereats.com/portland-me/food-delivery/the-ice-cream-shop/M2k64TrUS46pixcIj1o5-g,westbrook-maine
https://www.ubereats.com/portland-me/food-delivery/subway-6-allen-ave/rsqf2fUQQWuoyip8fy-lEw,westbrook-maine
https://www.ubereats.com/portland-me/food-delivery/ramen-suzukiya/-R2jgZw-TcqhVXASBnTttA,westbrook-maine
https://www.ubereats.com/portland-me/food-delivery/kfc-tb-400-gallery-boulevard/RcaBSlJpRoC7EbjNph2PGQ,westbrook-maine
https://www.ubereats.com/portland-me/food-delivery/amatos-south-portland/v8OZSd0ZQ--Va-EzGolxoA,westbrook-maine
https://www.ubereats.com/portland-me/food-delivery/kfc-taco-bell-140-main-st/JDkaa1_jRRych9k5RfVvWA,westbrook-maine
https://www.ubereats.com/portland-me/food-delivery/pizzarino/KVw4IAYjRxuNNWy43rxwxA,westbrook-maine
https://www.ubereats.com/portland-me/food-delivery/arbys-617-maine-mall/YtxFZmpVTH-dXH2TR3zdlg,westbrook-maine
https://www.ubereats.com/portland-me/food-delivery/the-honey-paw/L6cyYYmYQUKfM0uCnJmmyA,westbrook-maine
https://www.ubereats.com/portland-me/food-delivery/rivalries-portland/pZd5C58oRtuO-0wct2STUw,westbrook-maine
https://www.ubereats.com/portland-me/food-delivery/mcdonalds-1208-forest-ave/gELuxUrgQgKWoiDpg3gYIw,westbrook-maine
https://www.ubereats.com/portland-me/food-delivery/china-xpress/KS3ScAvHQUmVQWcmHmn5yw,westbrook-maine
https://www.ubereats.com/portland-me/food-delivery/33-elmwood/4_rZcskkQK2X_uiyebfIWg,westbrook-maine
https://www.ubereats.com/portland-me/food-delivery/starbucks-maine-crossing/s6nylJsDRiO-IpM8J1znuw,westbrook-maine
https://www.ubereats.com/portland-me/food-delivery/mcdonalds-332-saint-john-st/5Dca20pvRGSLG99k8vuwRg,westbrook-maine
https://www.ubereats.com/portland-me/food-delivery/subway-615-main-st/wBH2_VAMRg-hEflcwKWd6A,westbrook-maine
https://www.ubereats.com/portland-me/food-delivery/belleville/F4-S6hKMSae8DoM_auKOGA,westbrook-maine
https://www.ubereats.com/portland-me/food-delivery/buffalo-wild-wings-85-western-ave/SDebEJ6dTKCzXyjdaeecwQ,westbrook-maine
https://www.ubereats.com/portland-me/food-delivery/the-ice-cream-shop/bjJ2IRDjRpuDdW6byesmmA,westbrook-maine
https://www.ubereats.com/portland-me/food-delivery/huongs-vietnamese-restaurant/EGe5u7ZgQqCu7NTjLRg61A,westbrook-maine
https://www.ubereats.com/portland-me/food-delivery/tropical-smoothie-cafe-45-western-ave/frew69uYShCH8XdzzCiXQw,westbrook-maine
https://www.ubereats.com/portland-me/food-delivery/twisted-soft-pretzels/zyz6nrZtTyOZlfE0uc9aAQ,westbrook-maine
https://www.ubereats.com/portland-me/food-delivery/red-robin-516-800-gallery-blvd/sXm8946_QK-1lZM-GEloAw,westbrook-maine
https://www.ubereats.com/portland-me/food-delivery/dunkin-325-saint-john-st/d7b4VBNiQBGKZ_t4NUJQHQ,westbrook-maine
https://www.ubereats.com/portland-me/food-delivery/subway-390-bridgton-rd/hREvZWSPRnSv9wtbYZ3B0g,westbrook-maine
https://www.ubereats.com/portland-me/food-delivery/wingstreet-25-main-st-westbrook-shopping-center/G6A7tWZ7QwKplpr9vboACA,westbrook-maine
https://www.ubereats.com/portland-me/food-delivery/burger-king-449-forest-ave/KZ6pO65sSoaJfWOrCXd1nw,westbrook-maine
https://www.ubereats.com/portland-me/food-delivery/taco-bell-1363-washington/EozVOhvzRp2ZhzuMrFMNKw,westbrook-maine
https://www.ubereats.com/portland-me/food-delivery/moes-original-bbq-209-western/ndQB3OiITEy5x_9ilRKztw,westbrook-maine
https://www.ubereats.com/portland-me/food-delivery/ameera-bread/CNO4igDmR6mLSLbxdiXo4A,westbrook-maine
https://www.ubereats.com/portland-me/food-delivery/burger-king-375-gorham-rd/PWimOSnWRB-49nG8AK-86g,westbrook-maine
https://www.ubereats.com/portland-me/food-delivery/esaan/B5pzBLvuRvinGyGQHf5vRQ,westbrook-maine
https://www.ubereats.com/portland-me/food-delivery/applebees-1072-brighton-avenue-%2383065/nJ6n-v-TRLasiwZGg_9KXQ,westbrook-maine
https://www.ubereats.com/portland-me/food-delivery/ameera/AHF6VZEIThyMuvvk9ONuJw,westbrook-maine
https://www.ubereats.com/portland-me/food-delivery/mcdonalds-419-gorham-rd/EKMHtnl2S9SZp6eDhwaVvA,westbrook-maine
https://www.ubereats.com/portland-me/food-delivery/the-holy-donut-park-ave/ecPpIuWYR-eQfvYHb_AeBw,westbrook-maine
https://www.ubereats.com/portland-me/food-delivery/otto-pizza-576-congress-st/4MR34Ox-ShiziceJwAM8wg,westbrook-maine
https://www.ubereats.com/portland-me/food-delivery/otto-pizza-south-portland/2cQVNFGHSX2RhHR6EXPsVQ,westbrook-maine
https://www.ubereats.com/portland-me/food-delivery/amore-on-the-marsh/PlSuKGhvTlCJxsRwJ4HVow,westbrook-maine
https://www.ubereats.com/portland-me/food-delivery/applebees-200-running-hill-rd-%2383067/6BAEh7ZDTYmTmQzKdEfaqQ,westbrook-maine
https://www.ubereats.com/portland-me/food-delivery/union-kitchen/627eAl0NSeeoCriMgtRTmg,westbrook-maine
https://www.ubereats.com/portland-me/food-delivery/krispy-krunchy-chicken-westbrook/BO6B6PstSKmgoYcktKV79g,westbrook-maine
https://www.ubereats.com/portland-me/food-delivery/cowbell-wood-fired-grill/47aM3YQsSlCeevxffMBKJA,westbrook-maine
https://www.ubereats.com/portland-me/food-delivery/the-ice-cream-shop/zBpDlki9RnGO4I51Bb2ipw,westbrook-maine
https://www.ubereats.com/portland-me/food-delivery/mainely-noods/kx_LQPeySM6AOqNIVk6qAA,westbrook-maine
https://www.ubereats.com/portland-me/food-delivery/elevation-burger-south-portland/McBDab0MQLC2BrXbcjhz6Q,westbrook-maine
https://www.ubereats.com/portland-me/food-delivery/veranda-noodle-house/0qNOBOA3TN-3bhu5DzSpaQ,westbrook-maine
https://www.ubereats.com/portland-me/food-delivery/clam-digger-seafood-restaurant/wysnV_FDSAqn1fqPvkzYWQ,westbrook-maine
https://www.ubereats.com/portland-me/food-delivery/pizza-hut-25-main-st-westbrook-shopping-center/kjl5lC_eQMGlieCrsgoKjg,westbrook-maine
https://www.ubereats.com/portland-me/food-delivery/veranda-thai-cuisine/ydeK9tMUQJS4h7kmyDpJMQ,westbrook-maine
https://www.ubereats.com/portland-me/food-delivery/panda-express-364-maine-mall-rd/nMS4uYEGR7GelNpiXyVIlA,westbrook-maine
https://www.ubereats.com/portland-me/food-delivery/charleys-philly-steaks-1140-galleria-way/K5Bn-VLrRtGYs3UXwiDo7A,westbrook-maine
https://www.ubereats.com/portland-me/food-delivery/starbucks-s-portland-market-street/koju8pdET0WQm4vuP4UY7w,westbrook-maine
https://www.ubereats.com/portland-me/food-delivery/amatos-portland-st-john/04d7D8yxRB60vj9ZZPir4g,westbrook-maine
https://www.ubereats.com/portland-me/food-delivery/aroma-joes/srgMU481QrGtCCSa-xpUxw,westbrook-maine
https://www.ubereats.com/portland-me/food-delivery/bam-bam-bakery/mVQYTkfPRlOT7ksnbEYiOQ,westbrook-maine
https://www.ubereats.com/portland-me/food-delivery/mellen-street-market/rMlgeMutRB6ENREUvF9GmQ,westbrook-maine
https://www.ubereats.com/portland-me/food-delivery/panera-11-main-street/VSm1DDI9RDyFPWYMi9Rl0Q,westbrook-maine
https://www.ubereats.com/portland-me/food-delivery/amatos-234-us-rte-1/Sd-kXD2XRXu8JPRgfbbe_A,westbrook-maine
https://www.ubereats.com/portland-me/food-delivery/subway-952-brighton-ave/YE-6QXPmSs-9ms8vrFCKYg,westbrook-maine
https://www.ubereats.com/portland-me/food-delivery/mister-bagel-mall-plaza/KSFuWF0DRRmt4J9P9tkPQA,westbrook-maine
https://www.ubereats.com/portland-me/food-delivery/zen-chinese-bistro/S_ZyHkqsSN2gyCR-R9Kuzw,westbrook-maine
https://www.ubereats.com/portland-me/food-delivery/old-port-candy/HdkiLNDzS16JHOyo9SWkJA,westbrook-maine
https://www.ubereats.com/portland-me/food-delivery/sip-of-europe/PdIB6dzeTT2A59k6dVR0Ow,westbrook-maine
https://www.ubereats.com/portland-me/food-delivery/amatos-portland-washington/fPIRCswtQ4q4FeNVAqGRrA,westbrook-maine
https://www.ubereats.com/portland-me/food-delivery/elevation-burger-downtown-portland/q-aZbPZOQz-l8AxeQxqmQQ,westbrook-maine
https://www.ubereats.com/portland-me/food-delivery/nonesuch-river-brewing/sF_hWmq1QpG9eRFsVstwFA,westbrook-maine
https://www.ubereats.com/portland-me/food-delivery/shays-grill-pub/PTBfoCjST-W1yAjHx2Jitw,westbrook-maine
https://www.ubereats.com/portland-me/food-delivery/hilltop-superette/z0TC7vwsTc6lkzKB6xKTaA,westbrook-maine
https://www.ubereats.com/portland-me/food-delivery/anthonys-italian-kitchen/YBXVxT8eTb6CMfLsiT3-3g,westbrook-maine
https://www.ubereats.com/portland-me/food-delivery/friendly-discount-beverage/iW70xphPTcKife1ROEZc4g,westbrook-maine
https://www.ubereats.com/portland-me/food-delivery/krispy-krunchy-chicken-601-main-street/vp2Kv20DRSCmz33q1RJ4jw,westbrook-maine
https://www.ubereats.com/portland-me/food-delivery/mcdonalds-95-main-street/Lud525dLTM6LmM7tE7LrSA,westbrook-maine
https://www.ubereats.com/portland-me/food-delivery/bogushas-polish-restaurant-%26-deli/xoE4L2MaRcCRRmpxFONDzw,westbrook-maine
https://www.ubereats.com/portland-me/food-delivery/starbucks-portland-1080-forest-ave/oWpL-3qtQy2Jo5JCOnULXw,westbrook-maine
https://www.ubereats.com/portland-me/food-delivery/blue-rooster-food-co/2tDV9Ow9SeaVstlf0E1iVA,westbrook-maine
https://www.ubereats.com/portland-me/food-delivery/uno-pizzeria-%26-grill-280-maine-mall-road/NKmPWnQrQDq4yqq2as7w4g,westbrook-maine
https://www.ubereats.com/portland-me/food-delivery/sebago-brewing-company-portland/5wLYpjGXR4qs_VelpXByKg,westbrook-maine
https://www.ubereats.com/portland-me/food-delivery/wendys-617-warren-ave/yRLehIDiRZu3elEeXr2Buw,westbrook-maine
