url,city
https://www.ubereats.com/ventura/food-delivery/blaze-pizza-3982-thousand-oaks-blvd/nfIRHyVbRiOsRoJTfs-R2Q,westlake-village-california
https://www.ubereats.com/ventura/food-delivery/pick-up-stix-westlake-village/2dXT5egsSLCSiqdz05D9pQ,westlake-village-california
https://www.ubereats.com/ventura/food-delivery/baja-fresh-westlake-village/o1-zA0FkRU-cjonuP8zsGQ,westlake-village-california
https://www.ubereats.com/ventura/food-delivery/chipotle-mexican-grill-162-w-hillcrest-dr-ste-300/IqTQua0LQNW7UbIJbi3xtg,westlake-village-california
https://www.ubereats.com/ventura/food-delivery/lovis-delicatessen/jsXaCq29RkqIXADFiw5fcA,westlake-village-california
https://www.ubereats.com/ventura/food-delivery/soom-soom-fresh-mediterranean-westlake-village/3SBhVsCRRXm-2-SLE7XN4g,westlake-village-california
https://www.ubereats.com/los-angeles/food-delivery/lal-mirch-indian-restaurant-agoura-hills/2oxfDfJRT9Wlgno299H4hA,westlake-village-california
https://www.ubereats.com/ventura/food-delivery/subway-2887-agoura-rd/UyLPt5ncTKSb0vceivqWfw,westlake-village-california
https://www.ubereats.com/ventura/food-delivery/bjs-restaurant-%26-brewhouse-3955-thousand-oaks-boulevard/3g-Z9LYiS3-Lws3s-EGzUw,westlake-village-california
https://www.ubereats.com/ventura/food-delivery/hot-dog-on-a-stick-382-w-hillcrest-drive/Jtk_DpKDSP6LMKvBEFvNSQ,westlake-village-california
https://www.ubereats.com/ventura/food-delivery/western-bagel-westlake-village/0i3yMy1hSjGbgqNn2NxHSA,westlake-village-california
https://www.ubereats.com/ventura/food-delivery/the-saucy-chic/MCPD1EjvRTGnF_PVdYvXfQ,westlake-village-california
https://www.ubereats.com/ventura/food-delivery/sweet-arleens/u-7_BNwsQX6mewJdd6Ffwg,westlake-village-california
https://www.ubereats.com/ventura/food-delivery/diar-kitchen/yCQVYyvVSCKlmqt7HQe1KQ,westlake-village-california
https://www.ubereats.com/ventura/food-delivery/diar-kitchen/UvQIbX_-Q3-YQNKJ2250FA,westlake-village-california
https://www.ubereats.com/ventura/food-delivery/jersey-mikes-subs-30845-thousand-oaks-boulevard/kAFfzWNYTc2A6u-lE7BYiQ,westlake-village-california
https://www.ubereats.com/ventura/food-delivery/inactive-umami-burger-thousand-oaks/3Ix1d9McTXePl3MAd0Aiwg,westlake-village-california
https://www.ubereats.com/los-angeles/food-delivery/chianti-trattoria-%26-pizzeria/l7UCskUxSFWIVVRPR18lLA,westlake-village-california
https://www.ubereats.com/ventura/food-delivery/karma-indian-cuisine/GXX553nFSQmEr_SA9zYFDw,westlake-village-california
https://www.ubereats.com/los-angeles/food-delivery/sage-plant-based-bistro-agoura-hills/vrhQvoADTv2hh2uPQR0Y4Q,westlake-village-california
https://www.ubereats.com/ventura/food-delivery/101-north-eatery-and-bar/pLYtfIaCSVGJq0KcxafhQQ,westlake-village-california
https://www.ubereats.com/ventura/food-delivery/taco-bell-25-rancho-rd/h-l-W8wbShChYClJq6ud_g,westlake-village-california
https://www.ubereats.com/ventura/food-delivery/thousand-wok/B3ofCOPoQ0eA_chsfPLG9g,westlake-village-california
https://www.ubereats.com/ventura/food-delivery/plant-b-oaks-blvd/SqRAvCXdSryGdQCyPCbCJA,westlake-village-california
https://www.ubereats.com/ventura/food-delivery/jack-in-the-box-5033-kanan-rd/9hfP0791TiiuFn6r1fwRvA,westlake-village-california
https://www.ubereats.com/ventura/food-delivery/subway-30817-thousand-oaks-blvd/OrUu8ag5QYG9KtaIVkGxHA,westlake-village-california
https://www.ubereats.com/los-angeles/food-delivery/gaigan-agoura-hills/DHJUZPfnTeW-jldvu5Y0Bg,westlake-village-california
https://www.ubereats.com/los-angeles/food-delivery/urbane-cafe-agoura-hills/XoUE8aMOR96ptlYVAO1Jlw,westlake-village-california
https://www.ubereats.com/los-angeles/food-delivery/the-habit-burger-grill-29145-canwood-street-suite-a-1/jFR_un1yTRyIXjRoNwW1Kg,westlake-village-california
https://www.ubereats.com/ventura/food-delivery/cold-stone-creamery-215a-n-moorpark-rd-ste-a/uHvQMV9fTg-XSQVnf_lSzA,westlake-village-california
https://www.ubereats.com/ventura/food-delivery/ihop-5031-kanan-rd/wbjPhkG2TNywqHouLxQGQg,westlake-village-california
https://www.ubereats.com/ventura/food-delivery/california-pizza-kitchen-2200-e-thousand-oaks-blvd/n81I0jZ7RVecsXtqJZz9tA,westlake-village-california
https://www.ubereats.com/los-angeles/food-delivery/taco-bell-5589-kanan-road/xvCey_AVTkid_IXtkOb68A,westlake-village-california
https://www.ubereats.com/ventura/food-delivery/papa-johns-1308-madera-road-ste-b6/hXyfiY0DSoCQ8bu1YyivAw,westlake-village-california
https://www.ubereats.com/ventura/food-delivery/namaste-spiceland/Ov2sS-DARmSay4LTR5C6-w,westlake-village-california
https://www.ubereats.com/ventura/food-delivery/lal-mirch-indian-restaurant-agoura-hills/2oxfDfJRT9Wlgno299H4hA,westlake-village-california
https://www.ubereats.com/ventura/food-delivery/taco-bell-2900-townsgate-rd-suite-113/Hts2dF9FRvypcApKFUZVEQ,westlake-village-california
https://www.ubereats.com/ventura/food-delivery/carls-jr-887-westlake-blvd/-sv7kojSTmy-BzykjHHYTA,westlake-village-california
https://www.ubereats.com/ventura/food-delivery/popeyes-2801-agoura-rd/rBm5Dz3NR1qB_eMh3Uijtg,westlake-village-california
https://www.ubereats.com/ventura/food-delivery/grabbagreen-593-n-moorpark-rd/opEOKUJoQLe0zbNJ_y13Ig,westlake-village-california
https://www.ubereats.com/los-angeles/food-delivery/charm-thai/e0LWxDtuT6W8j8bpU5CtWg,westlake-village-california
https://www.ubereats.com/ventura/food-delivery/novo-cafe/A9A8XC-GQoi3mWrugL7CpA,westlake-village-california
https://www.ubereats.com/ventura/food-delivery/tilted-kilt-thousand-oaks-blvd/Se6dvj3gT06fcw0o5b7C7Q,westlake-village-california
https://www.ubereats.com/ventura/food-delivery/antojitos-bistro/BtbskKgQTh-TXZrz4yvFng,westlake-village-california
https://www.ubereats.com/ventura/food-delivery/latino-market-%26-grill/q5bAozbSQoSoPYbYcwQqbQ,westlake-village-california
https://www.ubereats.com/ventura/food-delivery/mcdonalds-1730-n-moorpark-rd/Ux8XYN9BQQKKtoCT89logw,westlake-village-california
https://www.ubereats.com/ventura/food-delivery/corner-bakery-cafe-111-s-westlake-blvd/mzO6AIKBTD6BDqmsytltiw,westlake-village-california
https://www.ubereats.com/ventura/food-delivery/chianti-trattoria-%26-pizzeria/l7UCskUxSFWIVVRPR18lLA,westlake-village-california
https://www.ubereats.com/ventura/food-delivery/mediterranean-pita-grill-westlake-village/7bJ8SLuISk2OFlSJ7FEt4g,westlake-village-california
https://www.ubereats.com/ventura/food-delivery/karma-baker/ox3IBfF8TFSG2JvPm32KxQ,westlake-village-california
https://www.ubereats.com/ventura/food-delivery/maral-cuisine/THknppd4QIG3JIgh5HrYFw,westlake-village-california
https://www.ubereats.com/ventura/food-delivery/pf-changs-2250-thousand-oaks-blvd/r_MLCWexQvOcBTPVws-wNw,westlake-village-california
https://www.ubereats.com/ventura/food-delivery/the-habit-burger-grill-29145-canwood-street-suite-a-1/jFR_un1yTRyIXjRoNwW1Kg,westlake-village-california
https://www.ubereats.com/ventura/food-delivery/chick-fil-a-3771-e-thousand-oaks-blvd/HK3oGY7kQ9CPnwh4HvgiTA,westlake-village-california
https://www.ubereats.com/ventura/food-delivery/ihop-2315-michael-dr/4efIQx9VRV2DyLkkzGeisg,westlake-village-california
https://www.ubereats.com/los-angeles/food-delivery/mcdonalds-29161-canwood-st/DBoXw_BFTberodBzHE2spw,westlake-village-california
https://www.ubereats.com/ventura/food-delivery/swan-exotic-thai/YIsQnYg2RhO-NZp-pB7YFg,westlake-village-california
https://www.ubereats.com/ventura/food-delivery/o-r-authentic-thai-cuisine/GMOBNnF2QxaGUssKs6qu2g,westlake-village-california
https://www.ubereats.com/ventura/food-delivery/muzen-sushi/88_OGwgSTRWcQ4N0nwIAIg,westlake-village-california
https://www.ubereats.com/ventura/food-delivery/julies-cookies/2mUMGjYDRoWkcviKmZRj6A,westlake-village-california
https://www.ubereats.com/ventura/food-delivery/brents-delicatessen-%26-restaurant/uxtTSrKLQYucH0OsWR8JGg,westlake-village-california
https://www.ubereats.com/ventura/food-delivery/rokabab-mediterranean-grill/OdY8iIsMSzOz7wDhRqq7iw,westlake-village-california
https://www.ubereats.com/ventura/food-delivery/the-habit-burger-grill-1025-broadbeck-dr-%231/zprP6jeaQUaHNNmikXDPVg,westlake-village-california
https://www.ubereats.com/ventura/food-delivery/starbucks-kanan-%26-thousand-oaks/Y6M8ZpHsRX6K8CEs27rzYg,westlake-village-california
https://www.ubereats.com/ventura/food-delivery/jersey-mikes-3825-e-thousand-oaks-blvd/eTXo9bQuR_em2bshMKRdnA,westlake-village-california
https://www.ubereats.com/ventura/food-delivery/panda-express-382-w-hillcrest-dr/QN-QHrMoQuqRCFYrkutkJA,westlake-village-california
https://www.ubereats.com/ventura/food-delivery/paul-martins-american-grill-westlake/x_RhEG_QTe-_35NgNa_wFQ,westlake-village-california
https://www.ubereats.com/ventura/food-delivery/lamppost-pizza/Rs1QFQgCTSioHzEqqdHIaQ,westlake-village-california
https://www.ubereats.com/ventura/food-delivery/bollywood-indian-kitchen/SSSN6vXgT2uP5EAPqzrn0w,westlake-village-california
https://www.ubereats.com/ventura/food-delivery/stacked-thousand-oaks/STqtiprDRLOUtXnoQILfXA,westlake-village-california
https://www.ubereats.com/ventura/food-delivery/spumoni/kMlPjUo9TFStwaC_EyrPHw,westlake-village-california
https://www.ubereats.com/ventura/food-delivery/vincitore-italian-restaurant/7Ib4XhG3QnyzYg-fWoMuEQ,westlake-village-california
https://www.ubereats.com/ventura/food-delivery/dong-ting-spring/2oE5ja_oRwWnmGsHV0UMYw,westlake-village-california
https://www.ubereats.com/ventura/food-delivery/garden-india-grocery-inc/4sEy5l6GQaOfVYZoLAXFGw,westlake-village-california
https://www.ubereats.com/ventura/food-delivery/love-sushi-thousand-oaks/QlPDYuAXQIGgQ1_dk1qNCQ,westlake-village-california
https://www.ubereats.com/ventura/food-delivery/flower-hill-cookie-factory/BE1vWlx1Tk2IZrcdUaivXA,westlake-village-california
https://www.ubereats.com/ventura/food-delivery/panda-express-29145-canwood-st/ODsvEl6eRASXBR5ewBDA9Q,westlake-village-california
https://www.ubereats.com/los-angeles/food-delivery/jack-in-the-box-5033-kanan-rd/9hfP0791TiiuFn6r1fwRvA,westlake-village-california
https://www.ubereats.com/los-angeles/food-delivery/stonehaus/3eSK56weQD-gjr40zPCFhg,westlake-village-california
https://www.ubereats.com/ventura/food-delivery/casa-nostra-restaurant-westlake-village/L3EYNawURhugVOiPM6iYgw,westlake-village-california
https://www.ubereats.com/ventura/food-delivery/101-bbq-hut/I-Jt-8rhRGuR65c99fTrqQ,westlake-village-california
https://www.ubereats.com/ventura/food-delivery/el-pollo-loco-5050-kanan-rd3394/Oxcc5P4FRvqvA7MG0wXVbg,westlake-village-california
https://www.ubereats.com/ventura/food-delivery/urban-society-cafe-and-meal-prep/DrrKTVqrSsqa82xgpruRFA,westlake-village-california
https://www.ubereats.com/los-angeles/food-delivery/village-bakery-and-cafe/pEmuKYMeTy2F3ATyETtgEw,westlake-village-california
https://www.ubereats.com/ventura/food-delivery/bad-ass-breakfast-burritos-oaks-blvd/xCWFLqVWQICkbVtj_ue0Pw,westlake-village-california
https://www.ubereats.com/ventura/food-delivery/sandwiches-sliders-and-snacks-thousand-oaks/38ADL9a-T5unzvv_TAVHLw,westlake-village-california
https://www.ubereats.com/ventura/food-delivery/smileys-hot-dogs/brRHb_WUQi2BhHTe3dVcvQ,westlake-village-california
https://www.ubereats.com/ventura/food-delivery/jamba-juice-33-n-moorpark-rd-ste-g/dUW40N0kRS-2WigcWZ3iiA,westlake-village-california
https://www.ubereats.com/los-angeles/food-delivery/la-breakfast-club/U14dzFnCTQeDthJ-PjlJAw,westlake-village-california
https://www.ubereats.com/ventura/food-delivery/jacks-donuts-thousand-oaks/Uz-MpB6WROSFwhctYEtrEw,westlake-village-california
https://www.ubereats.com/ventura/food-delivery/taco-bell-125-w-los-angeles-ave/DTB6cStBSj-tCNgr2BF8Gw,westlake-village-california
https://www.ubereats.com/los-angeles/food-delivery/el-pollo-loco-5050-kanan-rd3394/Oxcc5P4FRvqvA7MG0wXVbg,westlake-village-california
https://www.ubereats.com/ventura/food-delivery/the-irish-pub/1BzBJCpcROm-U-RtxnhYtA,westlake-village-california
https://www.ubereats.com/ventura/food-delivery/lure-fish-house-westlake/wW75fpI4S12CIdDMLWkDnQ,westlake-village-california
https://www.ubereats.com/ventura/food-delivery/grabbagreen-2835-e-thousand-oaks-blvd/NDBD54EITC2UHJNekzD06g,westlake-village-california
https://www.ubereats.com/ventura/food-delivery/village-bakery-and-cafe/pEmuKYMeTy2F3ATyETtgEw,westlake-village-california
https://www.ubereats.com/ventura/food-delivery/szechuan-place/cv3Dc5MYSPS6K0RtE2J9JA,westlake-village-california
https://www.ubereats.com/ventura/food-delivery/gaigan-agoura-hills/DHJUZPfnTeW-jldvu5Y0Bg,westlake-village-california
https://www.ubereats.com/ventura/food-delivery/eggwich/8JZA1YksQoWABIwwsjMTPQ,westlake-village-california
https://www.ubereats.com/los-angeles/food-delivery/greens-up!-westlake/U238lR7oRUS8nZxBh4RKoQ,westlake-village-california
https://www.ubereats.com/ventura/food-delivery/farmer-boys/qcINhDCGTZq75g5KwG7tDQ,westlake-village-california
https://www.ubereats.com/ventura/food-delivery/jersey-mikes-2000-avenida-de-los-arboles/mIZAQ2aPSGiYhvsyHORXZg,westlake-village-california
https://www.ubereats.com/ventura/food-delivery/starbucks-agoura-%26-westlake/0AdSTheDQdqh8ZBGDqS1vQ,westlake-village-california
https://www.ubereats.com/ventura/food-delivery/jose-goldstein-mexican-grill/bsgFoSrSTvSjQPWQCuKSfg,westlake-village-california
https://www.ubereats.com/ventura/food-delivery/tikka-grill-westlake-village/OzdjEjLwSGe9fDobaTqinQ,westlake-village-california
https://www.ubereats.com/ventura/food-delivery/etorna/nmYjsswLSNq485VlEoOVog,westlake-village-california
https://www.ubereats.com/ventura/food-delivery/butlers-pizza/UbDywPyVStq6FcsTAzSEIg,westlake-village-california
https://www.ubereats.com/ventura/food-delivery/sienna-deli/Esu7j5BJT-24UPKoMukqdA,westlake-village-california
https://www.ubereats.com/ventura/food-delivery/sbarro-350-west-hillcrest-drive/iff763tYQpeoCzdXqtPyUA,westlake-village-california
https://www.ubereats.com/ventura/food-delivery/veggie-grill-westlake-village/YBw2o-nHR-KAuIU7gTFtzw,westlake-village-california
https://www.ubereats.com/ventura/food-delivery/yogurtland-111-s-westlake-blvd/wITb5HXcRm-NgvHPoHIAAA,westlake-village-california
https://www.ubereats.com/ventura/food-delivery/pookies-thai-westlake-cuisine/KJNzLppwT1SPutdOhGsrtQ,westlake-village-california
https://www.ubereats.com/los-angeles/food-delivery/burger-king-29136-roadside-drive/frpyzc3iQzuSc1hAR_AcTQ,westlake-village-california
https://www.ubereats.com/ventura/food-delivery/boney-mountain-tavern/b0MptF5aSvSbE_r5d_Mi6w,westlake-village-california
https://www.ubereats.com/ventura/food-delivery/burger-king-29136-roadside-drive/frpyzc3iQzuSc1hAR_AcTQ,westlake-village-california
https://www.ubereats.com/ventura/food-delivery/hummus-bistro/G1Xbx2bdRZuEydEhD51a6A,westlake-village-california
https://www.ubereats.com/ventura/food-delivery/pressed-juicery-westlake-village/XtorTIcTQLeO61nrpTu8DQ,westlake-village-california
https://www.ubereats.com/ventura/food-delivery/east-coast-bagel-westlake/Z-YH0FGHSqqMswrYNmqwtg,westlake-village-california
https://www.ubereats.com/los-angeles/food-delivery/muzen-sushi/88_OGwgSTRWcQ4N0nwIAIg,westlake-village-california
https://www.ubereats.com/ventura/food-delivery/kabab-plus/nZK8Jj_jQfCapt2av-D8XA,westlake-village-california
https://www.ubereats.com/ventura/food-delivery/the-ice-cream-shop/OTI7a9Q0Txu9GUyNeSt5Aw,westlake-village-california
https://www.ubereats.com/ventura/food-delivery/cho-cho-san-thousand-oaks/ZHTp0PuBS86MO-eD60Y0xg,westlake-village-california
https://www.ubereats.com/ventura/food-delivery/pho-%26-tea/cpWYpNo6QACQ1tKyQzmxew,westlake-village-california
https://www.ubereats.com/ventura/food-delivery/mendocino-farms-westlake-village/Idb-IvkfR5O_N9LaYjtKTg,westlake-village-california
https://www.ubereats.com/ventura/food-delivery/starbucks-thousand-oaks-%26-rancho/gsF39uTBRi2pWYVDDuLNCw,westlake-village-california
https://www.ubereats.com/los-angeles/food-delivery/the-naked-ramen/Qf7epBV3SDiDqjU_YRRsUw,westlake-village-california
https://www.ubereats.com/ventura/food-delivery/fatburger-%26-buffalos-express-650-n-moorpark-rd/JmP_8NGRShyTRSlIRUbPSQ,westlake-village-california
https://www.ubereats.com/ventura/food-delivery/taco-bell-5589-kanan-road/xvCey_AVTkid_IXtkOb68A,westlake-village-california
https://www.ubereats.com/ventura/food-delivery/brendans-irish-pub-%26-restaurant-agoura-hills/_Z7T87NUTOuRbYmidOUYXQ,westlake-village-california
https://www.ubereats.com/los-angeles/food-delivery/agouras-famous-deli/pNzQ5efvT92Nv1ZbkJzzcw,westlake-village-california
https://www.ubereats.com/ventura/food-delivery/golden-dragon-chinese-restaurant/ojmldBZLSZOcZbVq4sXe1g,westlake-village-california
https://www.ubereats.com/ventura/food-delivery/vegan-thyme/zEtZs6g5T9OlgNaD5SVOTg,westlake-village-california
https://www.ubereats.com/ventura/food-delivery/starbucks-avenida-de-los-arboles-%26-erbes/-CHYd7ZnRWiU6cgMlaZazQ,westlake-village-california
https://www.ubereats.com/ventura/food-delivery/sage-plant-based-bistro-agoura-hills/vrhQvoADTv2hh2uPQR0Y4Q,westlake-village-california
https://www.ubereats.com/ventura/food-delivery/the-habit-burger-grill-3980-e-thousand-oaks-blvd-suite-1/22f8m_xHRU-6zL9W_RQrug,westlake-village-california
https://www.ubereats.com/ventura/food-delivery/mcdonalds-29161-canwood-st/DBoXw_BFTberodBzHE2spw,westlake-village-california
https://www.ubereats.com/ventura/food-delivery/togos-2761-agoura-rd-westlake-village-ca/gGiMmlc8SxG2REiuaWLzRA,westlake-village-california
https://www.ubereats.com/ventura/food-delivery/love-sushi-moorpark/QC6B2RqDSa6ym3gC4C5D-g,westlake-village-california
https://www.ubereats.com/ventura/food-delivery/panda-express-5752-lindero-canyon/_j-1toCHQhSrJiR3pbvrEA,westlake-village-california
https://www.ubereats.com/ventura/food-delivery/adobe-cantina/5uBBMwZPRJaa9enS_Nu1hA,westlake-village-california
https://www.ubereats.com/ventura/food-delivery/sushi-ai/oHYPQ_UCT_2pjtzwWvPLyw,westlake-village-california
https://www.ubereats.com/ventura/food-delivery/la-breakfast-club/B92Jd-KtR0qSXNQp_dOuuA,westlake-village-california
https://www.ubereats.com/ventura/food-delivery/sunny-%26-fines-breakfast-burritos/1iolfpjuR9iKIkzCJtNDCQ,westlake-village-california
https://www.ubereats.com/ventura/food-delivery/urbane-cafe-agoura-hills/XoUE8aMOR96ptlYVAO1Jlw,westlake-village-california
https://www.ubereats.com/ventura/food-delivery/lazy-dog-restaurant-%26-bar-thousand-oaks/0jt38OWpTpm_N5gu3ILDqg,westlake-village-california
https://www.ubereats.com/ventura/food-delivery/gravina-malibu/58DsP5YtRt-NomfHrb0gGQ,westlake-village-california
https://www.ubereats.com/ventura/food-delivery/al-mulino-italian-restaurant-%26-bar/jbm4vDkZRy2ttjf8actvpw,westlake-village-california
https://www.ubereats.com/ventura/food-delivery/buca-di-beppo-thousand-oaks/qHQ0kYLyRkqimuyVD4J36Q,westlake-village-california
https://www.ubereats.com/ventura/food-delivery/dog-haus-oaks-blvd/HXyrmSfjQOizdQLMkSjh5Q,westlake-village-california
https://www.ubereats.com/ventura/food-delivery/la-breakfast-club/U14dzFnCTQeDthJ-PjlJAw,westlake-village-california
https://www.ubereats.com/ventura/food-delivery/taco-bell-1928-e-avenida-de-los-arboles/v3A60NlVRteBibMVkAoJVA,westlake-village-california
https://www.ubereats.com/ventura/food-delivery/sushi-nishi/jjrqOYA2TP-DaqQCueZZnQ,westlake-village-california
https://www.ubereats.com/ventura/food-delivery/el-pollo-loco-2750-camino-dos-rios/RBXdfjV8TuSXGTNVGW--sg,westlake-village-california
https://www.ubereats.com/los-angeles/food-delivery/dunkin-30895-e-thousand-oaks-blvd-%23101/r28TVgyjQ0-H1lsiiXFBpA,westlake-village-california
https://www.ubereats.com/los-angeles/food-delivery/twisted-oak-tavern/f4O0d6WlRsGHOmmpdFyp0Q,westlake-village-california
https://www.ubereats.com/ventura/food-delivery/chipotle-mexican-grill-5754-lindero-canyon-rd/HBFovIjVRTau7rFeR6NW7Q,westlake-village-california
https://www.ubereats.com/los-angeles/food-delivery/tikka-grill-westlake-village/OzdjEjLwSGe9fDobaTqinQ,westlake-village-california
https://www.ubereats.com/los-angeles/food-delivery/pick-up-stix-westlake-village/2dXT5egsSLCSiqdz05D9pQ,westlake-village-california
https://www.ubereats.com/los-angeles/food-delivery/carls-jr-5709-kanan-rd/fFkEGTZRR0Css7ibKG9LGw,westlake-village-california
https://www.ubereats.com/ventura/food-delivery/fresh-brothers-westlake-village/sq16een9S8iziP1Kbo2dNg,westlake-village-california
https://www.ubereats.com/ventura/food-delivery/carls-jr-1384-moorpark-road/k0L3zICqSr2LhuHHcAl36w,westlake-village-california
https://www.ubereats.com/ventura/food-delivery/taco-bell-4955-las-virgenes-rd/ZnWlUANPSMekIrJ7a62Xqw,westlake-village-california
https://www.ubereats.com/los-angeles/food-delivery/cronies-sports-grill-agoura-hills/MfRrj01rRUqeea2UtYdxsg,westlake-village-california
https://www.ubereats.com/ventura/food-delivery/tantra-indian-cuisine/I-Gob_5kTdulIhGKnJqd7w,westlake-village-california
https://www.ubereats.com/ventura/food-delivery/eggwich/TGIwZotmTBeruMtwEQWdIg,westlake-village-california
https://www.ubereats.com/ventura/food-delivery/charm-thai/e0LWxDtuT6W8j8bpU5CtWg,westlake-village-california
https://www.ubereats.com/los-angeles/food-delivery/vincitore-italian-restaurant/7Ib4XhG3QnyzYg-fWoMuEQ,westlake-village-california
https://www.ubereats.com/ventura/food-delivery/which-wich-thousand-oaks/tgcvIQHgSCO2PA0Mo0Fjog,westlake-village-california
https://www.ubereats.com/ventura/food-delivery/mastros-steakhouse-2087-east-thousand-oaks-blvd/ROtU8WqFT2Sw2N_F2H3EPA,westlake-village-california
https://www.ubereats.com/ventura/food-delivery/the-sandwich-spot-newbury-park/G4oDKEjRRYOBcTG5w01DjA,westlake-village-california
https://www.ubereats.com/ventura/food-delivery/muzen-sushi/i4g7Bk7tSQaxsJPR51qxFA,westlake-village-california
https://www.ubereats.com/ventura/food-delivery/bollywood-spice-indian-cuisine/_8AnCiAsQlKa1yUWZdgL7g,westlake-village-california
https://www.ubereats.com/los-angeles/food-delivery/sushi-ai/oHYPQ_UCT_2pjtzwWvPLyw,westlake-village-california
https://www.ubereats.com/los-angeles/food-delivery/lure-fish-house-westlake/wW75fpI4S12CIdDMLWkDnQ,westlake-village-california
https://www.ubereats.com/los-angeles/food-delivery/eggwich/8JZA1YksQoWABIwwsjMTPQ,westlake-village-california
https://www.ubereats.com/los-angeles/food-delivery/mediterranean-pita-grill-calabasas/juDxYmTLS3qG-jihsYjrYw,westlake-village-california
https://www.ubereats.com/ventura/food-delivery/mediterranean-pita-grill-calabasas/juDxYmTLS3qG-jihsYjrYw,westlake-village-california
https://www.ubereats.com/ventura/food-delivery/wing-squad-thousand-oaks/pWNfYqNLTPqmliKrRbYL0A,westlake-village-california
https://www.ubereats.com/ventura/food-delivery/starbucks-hillcrest-%26-ventu-park/btdV2ZB_RsmvqtxKQxumJQ,westlake-village-california
https://www.ubereats.com/ventura/food-delivery/taco-bell-791-n-wendy-dr/Pbz6QxBPQ4CW7k_M88MhYg,westlake-village-california
https://www.ubereats.com/los-angeles/food-delivery/baja-fresh-westlake-village/o1-zA0FkRU-cjonuP8zsGQ,westlake-village-california
https://www.ubereats.com/ventura/food-delivery/sprinkles-westlake-village/Wir9TYSBT_6MQ-_xWryWxA,westlake-village-california
https://www.ubereats.com/ventura/food-delivery/jarros-cafe/S2anmJ5CRQ27u-RxvWJycQ,westlake-village-california
https://www.ubereats.com/ventura/food-delivery/tavern-101-grill-%26-tap-house/yJ58JvxuQ_moAKqZacgfPg,westlake-village-california
https://www.ubereats.com/ventura/food-delivery/urbane-cafe-simi-valley/0_FXBDGfT8-T4fDWdgewCQ,westlake-village-california
https://www.ubereats.com/los-angeles/food-delivery/kreasian-kitchen/tTeeQrs5Q_aa9d6FCh_NXg,westlake-village-california
https://www.ubereats.com/ventura/food-delivery/damores-pizza-thousand-oaks/yZ1B1AFQSly5OKzm4E0rAw,westlake-village-california
https://www.ubereats.com/ventura/food-delivery/el-sancho-loco/CFFJfl4HQXSaAF7MAu7_Jg,westlake-village-california
https://www.ubereats.com/ventura/food-delivery/newberry-candy/xztQ3hNZS5SeG0vkK4wl7g,westlake-village-california
https://www.ubereats.com/ventura/food-delivery/ubatuba-acai-thousand-oaks/rDt25INHS8yFpcEC_77rzg,westlake-village-california
https://www.ubereats.com/ventura/food-delivery/ali-babas-cafe/k9ZbOnnfRcqZaW-z8HxkkA,westlake-village-california
https://www.ubereats.com/ventura/food-delivery/anarbagh-westlake-village/MeTji36jSyG7ykQUkUjuyw,westlake-village-california
https://www.ubereats.com/ventura/food-delivery/dunkin-30895-e-thousand-oaks-blvd-%23101/r28TVgyjQ0-H1lsiiXFBpA,westlake-village-california
https://www.ubereats.com/los-angeles/food-delivery/brendans-irish-pub-%26-restaurant-agoura-hills/_Z7T87NUTOuRbYmidOUYXQ,westlake-village-california
https://www.ubereats.com/ventura/food-delivery/parkway-kebab-%26-grill/VVvlO7yhRf63d5XyfW8QjQ,westlake-village-california
https://www.ubereats.com/ventura/food-delivery/the-habit-burger-grill-11-w-hillcrest-dr/-0ALdBPEQ62HzOQ9ay1d4g,westlake-village-california
https://www.ubereats.com/ventura/food-delivery/starbucks-moorpark-%26-hillcrest/8OuXUjbLThWldPpGfxJ0PQ,westlake-village-california
https://www.ubereats.com/ventura/food-delivery/jamba-juice-2749-agoura-rd/hpn-AmWcTVOJvj75j8rnfg,westlake-village-california
https://www.ubereats.com/ventura/food-delivery/margaritas-mex-grill-%232/H5AN0XcxRMqv9I0WYW-k5w,westlake-village-california
https://www.ubereats.com/ventura/food-delivery/shake-shack-120-promenade-way/RBe6wddQQGO3Zwa7uXFu0w,westlake-village-california
https://www.ubereats.com/ventura/food-delivery/el-pollo-loco-591-n-moorpark-rd3734/r4jBNYadT_-nbbnDbyLj1g,westlake-village-california
https://www.ubereats.com/los-angeles/food-delivery/chipotle-mexican-grill-5754-lindero-canyon-rd/HBFovIjVRTau7rFeR6NW7Q,westlake-village-california
https://www.ubereats.com/ventura/food-delivery/killer-wings/NP-VPem_TPKREIwdZhrXwA,westlake-village-california
https://www.ubereats.com/ventura/food-delivery/papa-johns-2072-e-avenida-de-los-arboles-ste-b/p5eAsAGlSsizq_SaBVEynw,westlake-village-california
https://www.ubereats.com/ventura/food-delivery/calabasas-patio-cafe/iGiJ-YxnTS-iUZvmhzGuuQ,westlake-village-california
https://www.ubereats.com/ventura/food-delivery/the-naked-ramen/Qf7epBV3SDiDqjU_YRRsUw,westlake-village-california
https://www.ubereats.com/ventura/food-delivery/killer-wings/D9mMSKoeSbWugyI2B9RPXg,westlake-village-california
https://www.ubereats.com/ventura/food-delivery/harolds-restaurant/KuqunKGUSGmHSlismfXRdA,westlake-village-california
https://www.ubereats.com/ventura/food-delivery/agouras-famous-deli/pNzQ5efvT92Nv1ZbkJzzcw,westlake-village-california
https://www.ubereats.com/ventura/food-delivery/the-park-restaurant-%26-bar/prM0hRwkRDiJXOba8-fPOw,westlake-village-california
https://www.ubereats.com/los-angeles/food-delivery/parkway-kebab-%26-grill/VVvlO7yhRf63d5XyfW8QjQ,westlake-village-california
https://www.ubereats.com/ventura/food-delivery/la-breakfast-club/7OgZYjCkR9WTU7MPBaX8jA,westlake-village-california
https://www.ubereats.com/ventura/food-delivery/panda-express-2690-teller-road/VfEDzMl6TWCjD-66QWJhoQ,westlake-village-california
https://www.ubereats.com/ventura/food-delivery/exotic-thai-cafe/AnHp1uWSQoSPTPIEKU-8Og,westlake-village-california
https://www.ubereats.com/los-angeles/food-delivery/wendys-5788-lindero-canyon-road/nEr0vW30SD-yrhX5_PRKTg,westlake-village-california
https://www.ubereats.com/ventura/food-delivery/mcdonalds-1908-e-avenida-de-los-arboles/UzMcL8dtR9GDsXeTJ9fQmw,westlake-village-california
https://www.ubereats.com/ventura/food-delivery/twisted-oak-tavern/f4O0d6WlRsGHOmmpdFyp0Q,westlake-village-california
https://www.ubereats.com/los-angeles/food-delivery/mediterranean-pita-grill-westlake-village/7bJ8SLuISk2OFlSJ7FEt4g,westlake-village-california
https://www.ubereats.com/ventura/food-delivery/mcdonalds-3805-e-thousand-oaks-blvd/0sDOnOaURZ-GHp7t1CJF5g,westlake-village-california
https://www.ubereats.com/los-angeles/food-delivery/tavern-101-grill-%26-tap-house/yJ58JvxuQ_moAKqZacgfPg,westlake-village-california
https://www.ubereats.com/ventura/food-delivery/popped-fresh/tr2-nvjXSoy3ErwYr-tP1Q,westlake-village-california
https://www.ubereats.com/ventura/food-delivery/kfc-%2325-3605-e-thousand-oaks-blvd/J2ePMYadTHaCXzuwdkzAxw,westlake-village-california
https://www.ubereats.com/ventura/food-delivery/the-ice-cream-shop/OuEtkeUgTI-n4u2dh_utIQ,westlake-village-california
https://www.ubereats.com/ventura/food-delivery/taiyo-ramen/u4zMNJ_uQG-AyqPjDGvVqQ,westlake-village-california
https://www.ubereats.com/los-angeles/food-delivery/taco-bell-4955-las-virgenes-rd/ZnWlUANPSMekIrJ7a62Xqw,westlake-village-california
https://www.ubereats.com/ventura/food-delivery/sunny-%26-fines-breakfast-burritos/7N0hrs0ASZKHyJNTQvYW1A,westlake-village-california
https://www.ubereats.com/ventura/food-delivery/jinkys-cafe-thousand-oaks/oYzEFE_bT3auKqQOGTDQNg,westlake-village-california
https://www.ubereats.com/ventura/food-delivery/the-healing-tree/U3qh1FwzRnSX35aNy6yoMQ,westlake-village-california
https://www.ubereats.com/ventura/food-delivery/grecos-new-york-pizzeria-thousand-oaks/XsJ9alp3TmyJ34q7LWZTZg,westlake-village-california
https://www.ubereats.com/ventura/food-delivery/panera-bread-5784-lindero-canyon-rd/REmMSo3YSeCsfNXFx1oUVQ,westlake-village-california
https://www.ubereats.com/los-angeles/food-delivery/ihop-5031-kanan-rd/wbjPhkG2TNywqHouLxQGQg,westlake-village-california
https://www.ubereats.com/los-angeles/food-delivery/lovis-delicatessen/jsXaCq29RkqIXADFiw5fcA,westlake-village-california
https://www.ubereats.com/ventura/food-delivery/surf-boba-town-center/bNdBs5xeTc2GW-93DzAnIw,westlake-village-california
https://www.ubereats.com/ventura/food-delivery/greens-up!-westlake/U238lR7oRUS8nZxBh4RKoQ,westlake-village-california
https://www.ubereats.com/ventura/food-delivery/mythpoint-bistro/0PgUv52sTBOXlIA_DK8E2w,westlake-village-california
https://www.ubereats.com/ventura/food-delivery/currying-flavors/p_--_fBNTAeJrr49KGvZPA,westlake-village-california
https://www.ubereats.com/ventura/food-delivery/winners-pizza/rAJ3v31vShKENberrhz38Q,westlake-village-california
https://www.ubereats.com/ventura/food-delivery/zooza-cafe/ylz7l7uEQqSu9PBMjUN75Q,westlake-village-california
https://www.ubereats.com/ventura/food-delivery/wendys-5788-lindero-canyon-road/nEr0vW30SD-yrhX5_PRKTg,westlake-village-california
https://www.ubereats.com/ventura/food-delivery/panda-express-1744-moorpark-rd/S5rlL1Z-TDCPZ-I4F9oe6Q,westlake-village-california
https://www.ubereats.com/ventura/food-delivery/cronies-sports-grill-agoura-hills/MfRrj01rRUqeea2UtYdxsg,westlake-village-california
https://www.ubereats.com/ventura/food-delivery/tonys-pizza-and-pasta/UEdxU0sNQk6igGfGmz85PA,westlake-village-california
https://www.ubereats.com/ventura/food-delivery/starbucks-lindero-canyon-%26-kanan-rd/nFsb8P5UTtaIxEPKecUwGg,westlake-village-california
https://www.ubereats.com/los-angeles/food-delivery/szechuan-place/cv3Dc5MYSPS6K0RtE2J9JA,westlake-village-california
https://www.ubereats.com/ventura/food-delivery/burgerim-1610-e-thousand-oaks-blvd-ste-%23c/qbaXrdJ7Sf2xE4xL56fn-Q,westlake-village-california
https://www.ubereats.com/ventura/food-delivery/namaste-spiceland/9fXLQtk6QVm0QgQVvcB9Sw,westlake-village-california
https://www.ubereats.com/ventura/food-delivery/pza-thousand-oaks/oeUVryuBShSCU7CTzVtfbw,westlake-village-california
https://www.ubereats.com/ventura/food-delivery/noi-due/1ijx3X0kTpWU8Fxv7JyXZw,westlake-village-california
https://www.ubereats.com/ventura/food-delivery/erewhon-market-calabasas/gqyRjKwUQvKWz6rwnS3joA,westlake-village-california
https://www.ubereats.com/ventura/food-delivery/sadaf-restaurant-thousand-oaks/wn1vFlVrQZmyors1W74XZQ,westlake-village-california
https://www.ubereats.com/ventura/food-delivery/taste-of-punjab/soOs3bGqT8isDt_FJ1mA7A,westlake-village-california
https://www.ubereats.com/ventura/food-delivery/subway-5801-kanan-rd/gSp4hUt9QImf3a-htkI1Nw,westlake-village-california
https://www.ubereats.com/los-angeles/food-delivery/novo-cafe/A9A8XC-GQoi3mWrugL7CpA,westlake-village-california
https://www.ubereats.com/ventura/food-delivery/grissini-ristorante-italiano/B6Hqokp4QvmgswjxZEy2Kg,westlake-village-california
https://www.ubereats.com/ventura/food-delivery/the-sea-casa-westlake/u2P1Hpr2QIm4GQukkWnFWQ,westlake-village-california
https://www.ubereats.com/ventura/food-delivery/carls-jr-5709-kanan-rd/fFkEGTZRR0Css7ibKG9LGw,westlake-village-california
https://www.ubereats.com/ventura/food-delivery/marmalade-cafe-westlake-village/tlMkwNgrRHqo5Um9tI1VAw,westlake-village-california
https://www.ubereats.com/ventura/food-delivery/kreasian-kitchen/tTeeQrs5Q_aa9d6FCh_NXg,westlake-village-california
https://www.ubereats.com/ventura/food-delivery/el-sancho-loco-taqueria-ordermark/Ht46aNItTCS_KC10IG7MzQ,westlake-village-california
https://www.ubereats.com/ventura/food-delivery/tonys-new-york-pizza/K224qQ0cQaeSNcxZpMPkcA,westlake-village-california
https://www.ubereats.com/ventura/food-delivery/bollywood-indian-restaurant-westlake-village/8HIZ_QeNRDKe4_71oF_lpQ,westlake-village-california
https://www.ubereats.com/ventura/food-delivery/stonehaus/3eSK56weQD-gjr40zPCFhg,westlake-village-california
https://www.ubereats.com/ventura/food-delivery/hurricane-wings-650-n-moorpark-rd/7Wj4QiUNQKSCM_vocHXuzA,westlake-village-california
https://www.ubereats.com/ventura/food-delivery/himalaya/_zN1v9JwR92Sc5Hf0MUvFg,westlake-village-california
https://www.ubereats.com/ventura/food-delivery/urbane-cafe-thousand-oaks/dgOOwQV8QmqXyn4KYpdldQ,westlake-village-california
https://www.ubereats.com/ventura/food-delivery/kristys-roadhouse-malibu/RLgD2FRaRauBfcEp_ExkUA,westlake-village-california
https://www.ubereats.com/los-angeles/food-delivery/starbucks-kanan-%26-thousand-oaks/Y6M8ZpHsRX6K8CEs27rzYg,westlake-village-california
https://www.ubereats.com/ventura/food-delivery/jersey-mikes-26799-agoura-rd/Kq8R_iwcSOGhU0JpcrLpWw,westlake-village-california
https://www.ubereats.com/ventura/food-delivery/dominics-ristorante/XYovMFvhTOOscyoJ4WeOQg,westlake-village-california
https://www.ubereats.com/ventura/food-delivery/the-landing-grill-%26-sushi-bar/icRzLl-GQvOxDY0z6-uUCA,westlake-village-california
https://www.ubereats.com/ventura/food-delivery/jinkys-kanan-cafe/VJ-EC_bQRjmVUVLs0j73XQ,westlake-village-california
https://www.ubereats.com/ventura/food-delivery/pasquallys-pizza-%26-wings-130-w-hillcrest-dr/hyScFymyS9e4wXR7LAHuSQ,westlake-village-california
