url,city
https://www.ubereats.com/washington-dc/food-delivery/listranis-mclean/vy5dzZmwQ7CTELUrWN1lsg,west-mclean-virginia
https://www.ubereats.com/washington-dc/food-delivery/sunnyvale-farms-sandwiches/qCJgfPxHRq26gXkjy-6siA,west-mclean-virginia
https://www.ubereats.com/washington-dc/food-delivery/khan-japanese-kitchen-%26-bar/3tUM7NbTSru8atB4REUITQ,west-mclean-virginia
https://www.ubereats.com/washington-dc/food-delivery/mad-fox-brewing-company-falls-church/SBoRhfUrQZicr0q5uO4QAA,west-mclean-virginia
https://www.ubereats.com/washington-dc/food-delivery/mcdonalds-bwr-rbd-450020-little-river-tpk/rjYu71-aQqCte7ilxTwrmg,west-mclean-virginia
https://www.ubereats.com/washington-dc/food-delivery/starbucks-pan-am-shopping-center/9vcV0olrTW6jTzK7mmbLyA,west-mclean-virginia
https://www.ubereats.com/washington-dc/food-delivery/halal-guys-2670-avenir-pl-fairfax-va-22180/idCnq60jRYCjhjpVW1hLAg,west-mclean-virginia
https://www.ubereats.com/washington-dc/food-delivery/taco-bell-8419-old-court-house-road/6b1IVzaMRSWwjg_9VQdx9g,west-mclean-virginia
https://www.ubereats.com/washington-dc/food-delivery/mels-melts/CnnUIB6GQIOIaVBv4dop_Q,west-mclean-virginia
https://www.ubereats.com/washington-dc/food-delivery/wendys-3431-columbia-pike/_4piAn6eTpCYqDtkYiT0tQ,west-mclean-virginia
https://www.ubereats.com/washington-dc/food-delivery/just-wing-it/YjCycgCHT86a49QdMRw9AQ,west-mclean-virginia
https://www.ubereats.com/washington-dc/food-delivery/honeygrow-8399-leesburg-pike/HCl8hbvJSMmuyVeQtcCxew,west-mclean-virginia
https://www.ubereats.com/washington-dc/food-delivery/willie-ts/3-HMqQ5QRqKTt5iGwNthxg,west-mclean-virginia
https://www.ubereats.com/washington-dc/food-delivery/blessing-cafe-vienna/5HhTCPYfQoSDi8RCdRas-A,west-mclean-virginia
https://www.ubereats.com/washington-dc/food-delivery/choong-man-chicken/75lKfBdNRB6kDcZGCd7mUg,west-mclean-virginia
https://www.ubereats.com/washington-dc/food-delivery/dunkin-314-maple-ave-w/F4sfjUZkTZGYqrePTsMs0A,west-mclean-virginia
https://www.ubereats.com/washington-dc/food-delivery/the-happy-tart/NPw-jTv_QtW_QRBcvOEiuw,west-mclean-virginia
https://www.ubereats.com/washington-dc/food-delivery/wildfire-mclean/vY_GzbTTQnOQLfTtTI6DMA,west-mclean-virginia
https://www.ubereats.com/washington-dc/food-delivery/passion-fin/l82DG46YTh6g_gv0X9Xylw,west-mclean-virginia
https://www.ubereats.com/washington-dc/food-delivery/mcdonalds-flls-ch-ex-roys/qnJ0MAf7SIG8Fuhke5a-Wg,west-mclean-virginia
https://www.ubereats.com/washington-dc/food-delivery/wendys-6349-seven-corners/qByZkiN0R4iBQKK6UlDB_w,west-mclean-virginia
https://www.ubereats.com/washington-dc/food-delivery/el-super-pollo-alexandria/r2REfhgjT5ODPbq1pMNOXg,west-mclean-virginia
https://www.ubereats.com/washington-dc/food-delivery/poke-it-up-arlington/09cxd0tBR1eENdh49aGcCA,west-mclean-virginia
https://www.ubereats.com/washington-dc/food-delivery/maya-cuisine-restaurant-%26-bar/CZKErgqkTuqr-WRfA-KRxw,west-mclean-virginia
https://www.ubereats.com/washington-dc/food-delivery/sunnyvale-farms-sandwiches/i2SUAMitTMOd3BELm6faiw,west-mclean-virginia
https://www.ubereats.com/washington-dc/food-delivery/bansari-indian-cuisine/xU0-AeziSnCz8KvUM0SlkA,west-mclean-virginia
https://www.ubereats.com/washington-dc/food-delivery/taqueria-loca-vienna/pqzKFUW8SZO30Uxu6BJBbQ,west-mclean-virginia
https://www.ubereats.com/washington-dc/food-delivery/new-china-carryout/rBiTjqC8RU6YHHs3iEtO2g,west-mclean-virginia
https://www.ubereats.com/washington-dc/food-delivery/520-ice-cream-%26-tea/2fvAgexIRS-h9FMVnM56zA,west-mclean-virginia
https://www.ubereats.com/washington-dc/food-delivery/izumi-sushi/P3RYhkeUQxWgEbNGBhHMBQ,west-mclean-virginia
https://www.ubereats.com/washington-dc/food-delivery/bollywood-bistro-great-falls/5eII6HAyQiOItRlbs9DRyQ,west-mclean-virginia
https://www.ubereats.com/washington-dc/food-delivery/starbucks-broaddale/_e8vAMKGQeeOojOR-n-qvA,west-mclean-virginia
https://www.ubereats.com/washington-dc/food-delivery/a%26j-restaurant-annandale/qZqrCaunQvuksV1P7s6wmg,west-mclean-virginia
https://www.ubereats.com/washington-dc/food-delivery/bonchon-chicken-7125-columbia-pike/-5VNCc-lR7aASbs8mAyq4A,west-mclean-virginia
https://www.ubereats.com/washington-dc/food-delivery/moge-tee-%E6%84%BF%E8%8C%B6-tysons-corner/lFTZt9PmRnCZ-87Yo6C4kA,west-mclean-virginia
https://www.ubereats.com/washington-dc/food-delivery/sugo-osteria-potomac/xvtTqgHDSDuB9oKaxX3RZw,west-mclean-virginia
https://www.ubereats.com/washington-dc/food-delivery/chipotle-mexican-grill-8191-strawberry-ln/p3D1E6KITAe_x1wIy1Na8w,west-mclean-virginia
https://www.ubereats.com/washington-dc/food-delivery/spin-pollo/-51uizUbQsCjWxLGI_IelQ,west-mclean-virginia
https://www.ubereats.com/washington-dc/food-delivery/subway-7263-arlington-blvd/dJ11qFS8QOaS-0IMu_4bBg,west-mclean-virginia
https://www.ubereats.com/washington-dc/food-delivery/petes-new-haven-style-apizza/nlDO-34gShuaaHOYWO6nBA,west-mclean-virginia
https://www.ubereats.com/washington-dc/food-delivery/tropical-smoothie-cafe-arlington/D8BAvqa6TS2MdklFfsefPg,west-mclean-virginia
https://www.ubereats.com/washington-dc/food-delivery/mcdonalds-5005-col-pk-arl/n_zA9e5uTYmCAzDFIK6lPQ,west-mclean-virginia
https://www.ubereats.com/washington-dc/food-delivery/tropical-smoothie-cafe-6110-arlington-blvd/NYARmM3yTKSb5XEGMjgbOw,west-mclean-virginia
https://www.ubereats.com/washington-dc/food-delivery/starbucks-idylwood-plaza/eWQOxn2TSjeP6WY_t3w36Q,west-mclean-virginia
https://www.ubereats.com/washington-dc/food-delivery/patsys-american/wdvWEnTLQ3yjoI8ufOHr4A,west-mclean-virginia
https://www.ubereats.com/washington-dc/food-delivery/tysons-bagel-market/M9WaoFUQQ56D91zzioXgTA,west-mclean-virginia
https://www.ubereats.com/washington-dc/food-delivery/beverly-hills-bungalow/-gsdhuQeTka0SrdkBwjfuQ,west-mclean-virginia
https://www.ubereats.com/washington-dc/food-delivery/bozzellis-springfield-town-center/pNla4SZqQJyvix6F9kWDKQ,west-mclean-virginia
https://www.ubereats.com/washington-dc/food-delivery/italian-gardens/Hyaf-c1GQTeQJzVLk3gDmg,west-mclean-virginia
https://www.ubereats.com/washington-dc/food-delivery/los-restaurant/MhD3aGsLSaCdg-M0Seti1w,west-mclean-virginia
https://www.ubereats.com/washington-dc/food-delivery/silver-diner-tysons/QREQhumpSo-BYgRX-V5ntg,west-mclean-virginia
https://www.ubereats.com/washington-dc/food-delivery/panini-market/_ihb6n-SQaqpJY5qHsINLw,west-mclean-virginia
https://www.ubereats.com/washington-dc/food-delivery/nandos-peri-peri-4401-wilson-blvd/E-hd-eetT2izE4ckkp1-KA,west-mclean-virginia
https://www.ubereats.com/washington-dc/food-delivery/bites-wine-and-grilled-cheese-bar/FE3mGyv8QU-S0P1J39Qd-g,west-mclean-virginia
https://www.ubereats.com/washington-dc/food-delivery/red-tomato-pizzeria/ACRNrZJzSNGAUyjrwCqqZw,west-mclean-virginia
https://www.ubereats.com/washington-dc/food-delivery/starbucks-courthouse-arlington/l3Glih0kSUWfqk-IETNWyg,west-mclean-virginia
https://www.ubereats.com/washington-dc/food-delivery/randys-prime-seafood-%26-steaks/1hodrwEXR5yXGL9_i0LWdw,west-mclean-virginia
https://www.ubereats.com/washington-dc/food-delivery/chop-n-chicken-mclean/KdKrpww7Sdml8calsmQpcQ,west-mclean-virginia
https://www.ubereats.com/washington-dc/food-delivery/jersey-mikes-subs-1501a-cornerside-blvd/ufawBUzXR1isle-YTR2Rsg,west-mclean-virginia
https://www.ubereats.com/washington-dc/food-delivery/cava-8409-leesburg-pike/Cgdtf6s-QeyZd4VPq98hSA,west-mclean-virginia
https://www.ubereats.com/washington-dc/food-delivery/new-beijing-chinese-restaurant/3W72rGXgS66soGQzdp6MkA,west-mclean-virginia
https://www.ubereats.com/washington-dc/food-delivery/the-block/X8iATjpaQbCBrnV1FZLclg,west-mclean-virginia
https://www.ubereats.com/washington-dc/food-delivery/el-tio-tex-mex-grill-falls-church/spGdd6dBRguT65LUThqlwQ,west-mclean-virginia
https://www.ubereats.com/washington-dc/food-delivery/duk-wo/8YkjQ_PHQI-lA_a2od0XDw,west-mclean-virginia
https://www.ubereats.com/washington-dc/food-delivery/wooden-bakery-cafe-vienna/ioLwg2xDSm2N6-tghVt81A,west-mclean-virginia
https://www.ubereats.com/washington-dc/food-delivery/asian-joint/GxwREL_HSjuNRPnKGiavvA,west-mclean-virginia
https://www.ubereats.com/washington-dc/food-delivery/assaggi-osteria-and-pizzeria/jRYLkl1EScGBQh5zDrJOJQ,west-mclean-virginia
https://www.ubereats.com/washington-dc/food-delivery/grove/Ocy8Pu2AT_G88buhYq3nxg,west-mclean-virginia
https://www.ubereats.com/washington-dc/food-delivery/pho-7-vienna/CFK7Cl9-S3mLOuAbChuf-w,west-mclean-virginia
https://www.ubereats.com/washington-dc/food-delivery/masala-wok/CwuJiEF3TKWV54xo1NnrCQ,west-mclean-virginia
https://www.ubereats.com/washington-dc/food-delivery/dunkin-3009-n-clarendon-blvd/CeqZuqIzQL2NlfU3Pytshg,west-mclean-virginia
https://www.ubereats.com/washington-dc/food-delivery/passion-fin-bethesda/pbjGC5-dTTiYa8zrYJLQAQ,west-mclean-virginia
https://www.ubereats.com/washington-dc/food-delivery/cold-stone-creamery-8190-strawberry-lane/87mqVUt3RGOPKBzAgsBCYA,west-mclean-virginia
https://www.ubereats.com/washington-dc/food-delivery/subway-8417-old-court-house-rd/rnzxwz_FRcuWjZ-TzPPZRg,west-mclean-virginia
https://www.ubereats.com/washington-dc/food-delivery/1600-kitchen-tysons-blvd/n5f34w5jSx2q-ULlpweIdg,west-mclean-virginia
https://www.ubereats.com/washington-dc/food-delivery/duck-donuts-arlington/kGQYUbM-SGGUETfbtsOrsA,west-mclean-virginia
https://www.ubereats.com/washington-dc/food-delivery/big-red-halal/1NADDZL1TL-k6bKib7eWXg,west-mclean-virginia
https://www.ubereats.com/washington-dc/food-delivery/republik-coffee-bar/4_4codSzRZGgO_4DgBAjMw,west-mclean-virginia
https://www.ubereats.com/washington-dc/food-delivery/tropical-smoothie-cafe-8301c-greensboro-drive/b8r-fgi9Ttq2a0nAOvhPlg,west-mclean-virginia
https://www.ubereats.com/washington-dc/food-delivery/starbucks-spring-hill-metro/Y3TIVQ-iSZqZWUDra571oQ,west-mclean-virginia
https://www.ubereats.com/washington-dc/food-delivery/alta-strada-fairfax-va/Mdt5_E-YQ4OTG5-41t9Ayg,west-mclean-virginia
https://www.ubereats.com/washington-dc/food-delivery/nandos-peri-peri-4839-bethesda-ave/KRRNXma_T7GmxlzuGYzEFw,west-mclean-virginia
https://www.ubereats.com/washington-dc/food-delivery/founding-farmers-tysons/pacW8wZdTl6IQ_8QY7uwMQ,west-mclean-virginia
https://www.ubereats.com/washington-dc/food-delivery/phoenicia-express-vienna/7eEIQ2egQ0OcYAaI-G0tKQ,west-mclean-virginia
https://www.ubereats.com/washington-dc/food-delivery/diya-bistro/O9Din8AOQiCe6lDvrK3DQA,west-mclean-virginia
https://www.ubereats.com/washington-dc/food-delivery/meridian-pint/rajP2nZtSuqw9BuXbk4SoA,west-mclean-virginia
https://www.ubereats.com/washington-dc/food-delivery/kfc-4901-lee-hwy/9g3BlleeRPGZGUS-n1gCCw,west-mclean-virginia
https://www.ubereats.com/washington-dc/food-delivery/mcdonalds-lee-hwy-arlingtn/hkEAhfhBR0Otbe3wdyEPaQ,west-mclean-virginia
https://www.ubereats.com/washington-dc/food-delivery/latin-chicken-place/FaLEHTmSRLaFVDeY4t3-wQ,west-mclean-virginia
https://www.ubereats.com/washington-dc/food-delivery/divine-dumpling-palace/DkfI6VYUQ4aFiAknk6sP7Q,west-mclean-virginia
https://www.ubereats.com/washington-dc/food-delivery/philz-coffee-4121-wilson-blvd-suite-102c/OnKYrmE3T5ag1Pxatj-4pg,west-mclean-virginia
https://www.ubereats.com/washington-dc/food-delivery/mcdonalds-tysons-iii/ccrhrpnYRY-THdegbjZrDA,west-mclean-virginia
https://www.ubereats.com/washington-dc/food-delivery/indian-vegan-cafe/yah4mH6TQJGPiUJcxKOqLQ,west-mclean-virginia
https://www.ubereats.com/washington-dc/food-delivery/waraku-japanese-ramen/CpQ82epATJ2XWbTABxmGZg,west-mclean-virginia
https://www.ubereats.com/washington-dc/food-delivery/flippin-pizza-800-w-broad-st-ste-103/cDwVMUd9TP2i7Uc9SWBLow,west-mclean-virginia
https://www.ubereats.com/washington-dc/food-delivery/choolaah-indian-bbq-fairfax/D8BDaJFtQPO7qS1Pdpw-bg,west-mclean-virginia
https://www.ubereats.com/washington-dc/food-delivery/tropical-smoothie-cafe-oakton-shopping-center/TksPRYPXTYGjUmNz98GjTg,west-mclean-virginia
https://www.ubereats.com/washington-dc/food-delivery/infini-tea/To7KfZa2QD6kF6Hw3OzlKw,west-mclean-virginia
https://www.ubereats.com/washington-dc/food-delivery/cava-1445-chain-bridge-road/2ENzhcyJQhqg7BTHqL5Y5g,west-mclean-virginia
https://www.ubereats.com/washington-dc/food-delivery/niralla-restaurant/mQP8JWwaSs-fn3p2K8RryQ,west-mclean-virginia
https://www.ubereats.com/washington-dc/food-delivery/clydes-of-chevy-chase/dC7IqoMXRECYppvVOu_2VQ,west-mclean-virginia
https://www.ubereats.com/washington-dc/food-delivery/tropical-smoothie-cafe-shops-of-avenir/uQfTFNAnQESekIQxRLnUQg,west-mclean-virginia
https://www.ubereats.com/washington-dc/food-delivery/brekkie-bagels/Y9z6N5crSHWOrmZFD7fXww,west-mclean-virginia
https://www.ubereats.com/washington-dc/food-delivery/diva-lounge/gjpzYeBqSUSt-DdGLdHNeg,west-mclean-virginia
https://www.ubereats.com/washington-dc/food-delivery/la-estancia-churrasqueria/HTp4KIa4Snu6N36VbBBjXA,west-mclean-virginia
https://www.ubereats.com/washington-dc/food-delivery/casbah-cafe/keGfEv7lQdqmqnk6J0Sh2w,west-mclean-virginia
https://www.ubereats.com/washington-dc/food-delivery/ga-bo-ja-restaurant-annandale/cthhsFcPQDifZrAvVaeU2g,west-mclean-virginia
https://www.ubereats.com/washington-dc/food-delivery/taco-rico/lDfcCL-TS2qkaYKmcjlsTg,west-mclean-virginia
https://www.ubereats.com/washington-dc/food-delivery/zenola/mzejPi8SRq2Bn-kI_NTDhw,west-mclean-virginia
https://www.ubereats.com/washington-dc/food-delivery/mcdonalds-pan-am-s-c/Md7JL6rqRMe_DC0KQlvPNg,west-mclean-virginia
https://www.ubereats.com/washington-dc/food-delivery/baja-fresh/CKIm3suwSsS-h_FaKtlZWg,west-mclean-virginia
https://www.ubereats.com/washington-dc/food-delivery/ramen-lamen/wA4z2X3PSmeluW6OTc9j-Q,west-mclean-virginia
https://www.ubereats.com/washington-dc/food-delivery/taco-bell-935-west-broad-street/AJnzZg6GT8aFODm0Dvt7Bg,west-mclean-virginia
https://www.ubereats.com/washington-dc/food-delivery/bombay-tandoor/jXGP947tSq-ApI3vCGCyQA,west-mclean-virginia
https://www.ubereats.com/washington-dc/food-delivery/five-guys-va-0684-8130-arlington-blvd/aB6yncz1QmKixVoqpToFpg,west-mclean-virginia
https://www.ubereats.com/washington-dc/food-delivery/panda-express-7101-democracy-blvd/xdiZvGn6SnCYgFWxh9WIfw,west-mclean-virginia
https://www.ubereats.com/washington-dc/food-delivery/leid-poke-hawaiian/Ujk0C_o7RdCqJeoyo3vRlQ,west-mclean-virginia
https://www.ubereats.com/washington-dc/food-delivery/latino-chicken-place/RNFJCaGiSpmuckTEZV9nBQ,west-mclean-virginia
https://www.ubereats.com/washington-dc/food-delivery/fresh-baguette-bethesda-ave/f53zPgzeRMekl4vMrJktSw,west-mclean-virginia
https://www.ubereats.com/washington-dc/food-delivery/jinya-ramen-bar-fairfax/MOUGQQdLTCCKz12pQ41yFA,west-mclean-virginia
https://www.ubereats.com/washington-dc/food-delivery/new-moon-restaurant-falls-church/xEL5DVcVShmVoXt0nAY3ZQ,west-mclean-virginia
https://www.ubereats.com/washington-dc/food-delivery/philz-coffee-7247-woodmont-ave/YSzjDE5gQ7ahphFPBYV5Rw,west-mclean-virginia
https://www.ubereats.com/washington-dc/food-delivery/pho-play/W5n9KMVwTDi4GUPMrDN-iQ,west-mclean-virginia
https://www.ubereats.com/washington-dc/food-delivery/haagen-dazs-tyson-corner-center/4q6A1CovS-KkKnLyb9nxVA,west-mclean-virginia
https://www.ubereats.com/washington-dc/food-delivery/tosokchon%ED%86%A0%EC%86%8D%EC%B4%8C/6QjhyLq0SnCHrKhaD5tMcw,west-mclean-virginia
https://www.ubereats.com/washington-dc/food-delivery/sweetgreen-tysons-galleria/CLWeUA6YSNuBE3YetIIM8A,west-mclean-virginia
https://www.ubereats.com/washington-dc/food-delivery/greenhouse-bistro/uznMK1NWQF6LALLvsS3iUg,west-mclean-virginia
https://www.ubereats.com/washington-dc/food-delivery/boulevard-cafe/6grl0-p5Tmqcp2TBE2_FnA,west-mclean-virginia
https://www.ubereats.com/washington-dc/food-delivery/mama-chang/wAi4aRSVRNaUvDdqUBOOlA,west-mclean-virginia
https://www.ubereats.com/washington-dc/food-delivery/south-block-falls-church/1CjYKc28TtelhypaXtfa0g,west-mclean-virginia
https://www.ubereats.com/washington-dc/food-delivery/grill-kabob-tysons-corner-mall/4qGNo7B9SCay5qSpqleuVg,west-mclean-virginia
https://www.ubereats.com/washington-dc/food-delivery/cava-176-maple-ave-west/xbmEL7ypR1uvv06TF0OzrQ,west-mclean-virginia
https://www.ubereats.com/washington-dc/food-delivery/saffron-indian-cuisine-falls-church/wdm8TD7rTRGs_W4khrHw5g,west-mclean-virginia
https://www.ubereats.com/washington-dc/food-delivery/koobala-borderless-chicken-bistro/sSBiKhDnQjuYhFOAjDONNQ,west-mclean-virginia
https://www.ubereats.com/washington-dc/food-delivery/subway-6829-elm-st/qxe8GLl-Qzy6UOxNqSvGYg,west-mclean-virginia
https://www.ubereats.com/washington-dc/food-delivery/smashmouth-burgers/hNzstc1FQUOmP8xys6qA6Q,west-mclean-virginia
https://www.ubereats.com/washington-dc/food-delivery/celebrity-delly-falls-church/o71IhVEaTzS1xUPpVQ3d5A,west-mclean-virginia
https://www.ubereats.com/washington-dc/food-delivery/bambu-asian-cuisine/bUgLHauNQp-sI4XqZ3PwBQ,west-mclean-virginia
https://www.ubereats.com/washington-dc/food-delivery/wawa-8669-465-maple-ave-w/tpR2Q3eXTdCyUX4ot5oeEA,west-mclean-virginia
https://www.ubereats.com/washington-dc/food-delivery/sfizi-cafe/Cb9OB7N0QYOLP2sL7qhHcA,west-mclean-virginia
https://www.ubereats.com/washington-dc/food-delivery/jvs-restaurant/W75bDHsXRu2KUI9ZlvXl5w,west-mclean-virginia
https://www.ubereats.com/washington-dc/food-delivery/five-guys-va-0071-7856-e-tysons-corner-center/sMubvAvuRrG9f5o16-1h9g,west-mclean-virginia
https://www.ubereats.com/washington-dc/food-delivery/hunan-delight/8CL4jsJQSmKxqd4Z5tNa0Q,west-mclean-virginia
https://www.ubereats.com/washington-dc/food-delivery/pho-saigon-oi/-RkxJGrfSquMRIOwtU_zFQ,west-mclean-virginia
https://www.ubereats.com/washington-dc/food-delivery/smoothie-king-4710-bethesda-ave/OclLi2PDRrO_I-jwCUth1w,west-mclean-virginia
https://www.ubereats.com/washington-dc/food-delivery/zeitoun/StlJmNVdSmanqMHSnHr_xg,west-mclean-virginia
https://www.ubereats.com/washington-dc/food-delivery/bread-%26-kabob-falls-church/CfTQ7DPXSM2YIFhf0YV4kw,west-mclean-virginia
https://www.ubereats.com/washington-dc/food-delivery/crisp-%26-juicy-falls-church-va/9-S3WaO_T1CvrfYV0zJ2MA,west-mclean-virginia
https://www.ubereats.com/washington-dc/food-delivery/ben-%26-jerrys/gR4SLuDdRDWuBWbLqPGY3w,west-mclean-virginia
https://www.ubereats.com/washington-dc/food-delivery/hunan-cafe-falls-church/7lLRUb8fSOmzeK7Eo7vI0g,west-mclean-virginia
https://www.ubereats.com/washington-dc/food-delivery/kimen-ramen-%26-izakaya/g6ePOEucReqXi_KL3gZS5A,west-mclean-virginia
https://www.ubereats.com/washington-dc/food-delivery/pulcinella/EUQY7Az8SmK9MM_-cgq-Bw,west-mclean-virginia
https://www.ubereats.com/washington-dc/food-delivery/tama-sushi-mclean/b1XBOfm7TMqr2IdtGxCB4g,west-mclean-virginia
https://www.ubereats.com/washington-dc/food-delivery/kung-fu-tea-1961-chain-bridge-road/N1DlRV7oQKiu7c_LiQDRsg,west-mclean-virginia
https://www.ubereats.com/washington-dc/food-delivery/et-voila!/TLpJjTwpRViserQ6pCblUg,west-mclean-virginia
https://www.ubereats.com/washington-dc/food-delivery/heat-restaurant-%26-lounge/o95Dcl3oScOy1xPzkp7o8A,west-mclean-virginia
https://www.ubereats.com/washington-dc/food-delivery/robeks-fresh-juices-%26-smoothies/XQwjVPvFSFeOE9cXINhESg,west-mclean-virginia
https://www.ubereats.com/washington-dc/food-delivery/all-about-burger/RD_ICloGRKCndkegSj7n4A,west-mclean-virginia
https://www.ubereats.com/washington-dc/food-delivery/moby-dick-house-of-kabob-potomac/mhaiAVCeS0-fNZlcpW4MFw,west-mclean-virginia
https://www.ubereats.com/washington-dc/food-delivery/peking-cafe/NIOrooJGSeylsRmAIy4r3w,west-mclean-virginia
https://www.ubereats.com/washington-dc/food-delivery/crepe-amour/p4ukrw1eRJ6yFAr_Kq8mhA,west-mclean-virginia
https://www.ubereats.com/washington-dc/food-delivery/thai-thai-restaurant-arlington/TetU7dD0QROFhlxx9bD8Vw,west-mclean-virginia
https://www.ubereats.com/washington-dc/food-delivery/la-union-restaurant-arlington/cNF937V6SpKGIMSHHE63FA,west-mclean-virginia
https://www.ubereats.com/washington-dc/food-delivery/flemings-prime-steakhouse-%26-wine-bar-tysons-corner/btyTDlitTmGvaUPPEMVazQ,west-mclean-virginia
https://www.ubereats.com/washington-dc/food-delivery/china-star/UQ30jobkRtOAMyrnnAlwcA,west-mclean-virginia
https://www.ubereats.com/washington-dc/food-delivery/tara-thai-falls-church/2dtB2aJ6SeqyaSLZPEOLig,west-mclean-virginia
https://www.ubereats.com/washington-dc/food-delivery/crisp-%26-juicy-arlington/0CBSSrHPQB-8zurYUo4fPA,west-mclean-virginia
https://www.ubereats.com/washington-dc/food-delivery/china-express/tuX-NdvnSx678L-Q_hzABA,west-mclean-virginia
https://www.ubereats.com/washington-dc/food-delivery/aroma-espresso-bar/KmRp5zD_QJeM5okTuGZKlQ,west-mclean-virginia
https://www.ubereats.com/washington-dc/food-delivery/dunkin-2750-gallows-rd/JovFEi2XR9SZrftnKS4idA,west-mclean-virginia
https://www.ubereats.com/washington-dc/food-delivery/skorpios-maggios-family-restaurant-vienna/njO2-Tg6TpmHwlexwX8e0A,west-mclean-virginia
https://www.ubereats.com/washington-dc/food-delivery/blackfinn-ameripub-merrifield/jajhV17TSxGPgpOj41lvrQ,west-mclean-virginia
https://www.ubereats.com/washington-dc/food-delivery/gaijin-ramen-shop/AWkqeFixQOCp5b5nR_Dg6w,west-mclean-virginia
https://www.ubereats.com/washington-dc/food-delivery/clean-cuisine/k6G13JxnRf6UdTam6hy0fw,west-mclean-virginia
https://www.ubereats.com/washington-dc/food-delivery/hai-duong-eden-center/0tHX0slSRaaNdJKaRPDGuA,west-mclean-virginia
https://www.ubereats.com/washington-dc/food-delivery/the-locker-room/bUM9YcPmSoi7lX4XUOyvdg,west-mclean-virginia
https://www.ubereats.com/washington-dc/food-delivery/jamba-juice-1961-chains-bridge-rd-kiosk-%23ksk12u/hlPlAYocQwSFy8pMk-vIQg,west-mclean-virginia
https://www.ubereats.com/washington-dc/food-delivery/manny-%26-olgas-pizza-bethesda/4Iz4yLv6SBOwAfQvW2-4LQ,west-mclean-virginia
https://www.ubereats.com/washington-dc/food-delivery/uncle-lius-hot-pot-%E4%B9%A1%E5%91%B3%E5%B0%8F%E5%8E%A8/TGsKRY2eTxW3JWmp3PAyOA,west-mclean-virginia
https://www.ubereats.com/washington-dc/food-delivery/avenue-cafe/JP7W1lc6RbmZLBlm83DJmw,west-mclean-virginia
https://www.ubereats.com/washington-dc/food-delivery/outback-steakhouse-150-elden-street-%23-100/OEkg23VOQJqWZ-cnfcEmEg,west-mclean-virginia
https://www.ubereats.com/washington-dc/food-delivery/gunpowder-cafe/T4qxWi0QQ4in2aeXs_uMDg,west-mclean-virginia
https://www.ubereats.com/washington-dc/food-delivery/subway-6216-old-dominion-dr/-xnr-m7-QfaIg-34Fa3Z8A,west-mclean-virginia
https://www.ubereats.com/washington-dc/food-delivery/quickway-japanese-hibachi-falls-church/8KQm6PQsQpWGc4j25fokMQ,west-mclean-virginia
https://www.ubereats.com/washington-dc/food-delivery/chipotle-mexican-grill-6707-old-dominion-dr-ste-110/xl1Cl8hXT120mtcJjur7MQ,west-mclean-virginia
https://www.ubereats.com/washington-dc/food-delivery/south-street-steaks/vKLO1PEDSEmbxMUNbwRE2A,west-mclean-virginia
https://www.ubereats.com/washington-dc/food-delivery/santinis-new-york-style-deli-mclean/YUVDczBLQ5Cgn4xIFiLH_w,west-mclean-virginia
https://www.ubereats.com/washington-dc/food-delivery/bolis-baked-wings-wis/TVMbeLOjQvGn3LsXOgaXzg,west-mclean-virginia
https://www.ubereats.com/washington-dc/food-delivery/district-wings/EjLUsLrCQiibVsm9mgQGbQ,west-mclean-virginia
https://www.ubereats.com/washington-dc/food-delivery/the-ice-cream-shop/yVdEU5WbSDiDN8ni8oqFCw,west-mclean-virginia
https://www.ubereats.com/washington-dc/food-delivery/moby-dick-house-of-kabob-fairfax/pcD_FO9VRsGcmCX7Bwa6tw,west-mclean-virginia
https://www.ubereats.com/washington-dc/food-delivery/the-italian-cafe/U8Bw38XDRMmBek5QGObFrA,west-mclean-virginia
https://www.ubereats.com/washington-dc/food-delivery/noodles-%26-company-201-maple-avenue-e/rq0EnjpiSTCwAtICsOJoSA,west-mclean-virginia
https://www.ubereats.com/washington-dc/food-delivery/cucina-al-volo-ballston/bZmD4Y2GQd2SgeIXjFAb3A,west-mclean-virginia
https://www.ubereats.com/washington-dc/food-delivery/hoa-vien-quan/d9PccspLTEia8w3NosL3zQ,west-mclean-virginia
https://www.ubereats.com/washington-dc/food-delivery/honeybaked-ham-360-west-broad-street/PtUt3XpzTQa1PiHkimqlUg,west-mclean-virginia
https://www.ubereats.com/washington-dc/food-delivery/release-the-craycken/reyPusMFSpG0T5XaiC33JA,west-mclean-virginia
https://www.ubereats.com/washington-dc/food-delivery/leslys-restaurant/4zIwZ7IHSKC_Iwb_IMaO7Q,west-mclean-virginia
https://www.ubereats.com/washington-dc/food-delivery/mcdonalds-2616-connecticut-avenue-nw/WPa8JI_1T-aGcijdBcNTbg,west-mclean-virginia
https://www.ubereats.com/washington-dc/food-delivery/side-street-%26-sushi-bar-by-i-thai/1oqBAqo6RaKmZOJ97hXRtA,west-mclean-virginia
https://www.ubereats.com/washington-dc/food-delivery/siroo/EgptxJjzSzuFbADGL5FE5g,west-mclean-virginia
https://www.ubereats.com/washington-dc/food-delivery/hong-kong-pearl-seafood-restaurant-falls-church/lUBryNT3RpycDX_pKopZJA,west-mclean-virginia
https://www.ubereats.com/washington-dc/food-delivery/shortneestreeteatz/ZkbF_o1US-2D8OGbmZLBnw,west-mclean-virginia
https://www.ubereats.com/washington-dc/food-delivery/potbelly-sandwich-shop-fair-city-mall-%7C-363/7OI8d3MNQRiFEejsqqDAiw,west-mclean-virginia
https://www.ubereats.com/washington-dc/food-delivery/chasin-tails-arlington/i-wYBKwUSDmnMr1YHxvNWQ,west-mclean-virginia
https://www.ubereats.com/washington-dc/food-delivery/district-bbq-washington/TupyMnpSQNKZS03na3pAFA,west-mclean-virginia
https://www.ubereats.com/washington-dc/food-delivery/lost-dog-cafe-north-arlington/RQOOVrozRzqLLY-aEd9OOw,west-mclean-virginia
https://www.ubereats.com/washington-dc/food-delivery/sophias-cafe/wPDB9DRtTdS1YGmRtaR71w,west-mclean-virginia
https://www.ubereats.com/washington-dc/food-delivery/mcdonalds-falls-chur-gall/32xngxHdSLaN_4xMdaSU8A,west-mclean-virginia
https://www.ubereats.com/washington-dc/food-delivery/mcdonalds-fairfax-circle/6AFXUzVaTD6eUDrHkAOAtQ,west-mclean-virginia
https://www.ubereats.com/washington-dc/food-delivery/marks-pub/D6u0BxjwT2KwEZ00Jev7CA,west-mclean-virginia
https://www.ubereats.com/washington-dc/food-delivery/bawadi-mediterranean-grill/RScefVVKQM20U-h1hpZFug,west-mclean-virginia
https://www.ubereats.com/washington-dc/food-delivery/west-wings/4pOFIvR_TW65lclM8iLuUw,west-mclean-virginia
https://www.ubereats.com/washington-dc/food-delivery/killer-wings/2kPNGfCXSB-oF21VnOoU8w,west-mclean-virginia
https://www.ubereats.com/washington-dc/food-delivery/don-pollo-vienna/jYXu2yrNSnudG98EZuXToQ,west-mclean-virginia
https://www.ubereats.com/washington-dc/food-delivery/moby-dick-house-of-kabob-mclean/L6EGb9-vR8yJ6wbce-yAKQ,west-mclean-virginia
https://www.ubereats.com/washington-dc/food-delivery/shilla-bakery-%26-cafe-tysons/5gmRsHBhT26FEjfTB1Z34w,west-mclean-virginia
https://www.ubereats.com/washington-dc/food-delivery/cava-8048-tysons-corner-center-k7au/dSZf8JynRES2j6IcXFKPXA,west-mclean-virginia
https://www.ubereats.com/washington-dc/food-delivery/varinos-pasta-fairfax/pxbXXH0rSPmDVQ6pLmVAYA,west-mclean-virginia
https://www.ubereats.com/washington-dc/food-delivery/chick-fil-a-8461-leesburg-pike-ste-b/L-Hai9LeSRKDuChW1A8s-Q,west-mclean-virginia
https://www.ubereats.com/washington-dc/food-delivery/dunkin-8119-watson-st/I-gBCqNxSv-NoFhara-M-w,west-mclean-virginia
https://www.ubereats.com/washington-dc/food-delivery/lil-italian-cafe-falls-church/PGgopRqKThOvKDlAAP9niA,west-mclean-virginia
https://www.ubereats.com/washington-dc/food-delivery/busara-restaurant/YW0p83hURsSgPGlBcETJgw,west-mclean-virginia
https://www.ubereats.com/washington-dc/food-delivery/saigon-1975-vietnamese-restaurant/uCn5P6nnRCS2cwt6Q0pYSQ,west-mclean-virginia
https://www.ubereats.com/washington-dc/food-delivery/sprinkles-georgetown/qDOz7qVPQS-eCox3xkEc3A,west-mclean-virginia
https://www.ubereats.com/washington-dc/food-delivery/burger-bytes-was03-1/uMT0Ia5cT7mzjIHNWsjmEg,west-mclean-virginia
https://www.ubereats.com/washington-dc/food-delivery/quickway-japanese-hibachi-fairfax/0yQSqF0vQ6uhynpFb9k3Xg,west-mclean-virginia
https://www.ubereats.com/washington-dc/food-delivery/lokl-gourmet/Jf_02VvnQGimXVOH94uKYw,west-mclean-virginia
https://www.ubereats.com/washington-dc/food-delivery/district-taco-yorktown/xAEsBzB4T8mvGRF6xzRsCA,west-mclean-virginia
https://www.ubereats.com/washington-dc/food-delivery/liberty-barbecue/pgwEvJWERdWlqLfeG6oOgw,west-mclean-virginia
https://www.ubereats.com/washington-dc/food-delivery/starbucks-cathedral-commons-dc/iBaVHkFnQVGAO9T7Vpx8KA,west-mclean-virginia
https://www.ubereats.com/washington-dc/food-delivery/bowl-play-monster-snow-%26-tea/axCW2JIqRx2RExOL2E0hvA,west-mclean-virginia
https://www.ubereats.com/washington-dc/food-delivery/earls-kitchen-%2B-bar-tysons-corner/mMf1C-MPRhGrdoy7l8sq_w,west-mclean-virginia
https://www.ubereats.com/washington-dc/food-delivery/social-burger-vienna/sfva5p7xTr-xTe6g6fazpQ,west-mclean-virginia
https://www.ubereats.com/washington-dc/food-delivery/vocelli-pizza-7395-j-lee-hwy/OEvMxQKuQyOYM8WFueRiPw,west-mclean-virginia
https://www.ubereats.com/washington-dc/food-delivery/silverado-annandale/CHaKFHa6QKqD3ArCnrVhQg,west-mclean-virginia
https://www.ubereats.com/washington-dc/food-delivery/gongcha/EmpsqM9HT8y_msclOlPFyw,west-mclean-virginia
https://www.ubereats.com/washington-dc/food-delivery/deez-wingz-fairfax/RCN-73icToWeWYAY_Wg2zw,west-mclean-virginia
https://www.ubereats.com/washington-dc/food-delivery/poke-bar/2yzgSxy9RKONJMpzErgQkg,west-mclean-virginia
https://www.ubereats.com/washington-dc/food-delivery/heritage-cafe/sGVRK9fcTJu25jWmEuJZkQ,west-mclean-virginia
https://www.ubereats.com/washington-dc/food-delivery/bistro-1775/pQ5MwPZgSg6nQoDWpu3-BA,west-mclean-virginia
https://www.ubereats.com/washington-dc/food-delivery/arties-fairfax/L9SOt_nARsuwYzU_T43_EA,west-mclean-virginia
https://www.ubereats.com/washington-dc/food-delivery/mcdonalds-vienna-maple-ave/yeKpeQ8tRqmiusDQZwoyCA,west-mclean-virginia
https://www.ubereats.com/washington-dc/food-delivery/fogo-de-chao-tysons/pbQEK2vgQmClCEavM44-LA,west-mclean-virginia
https://www.ubereats.com/washington-dc/food-delivery/wendys-7391-lee-highway/jkIhn3jWRMKYGrO0EKQwmA,west-mclean-virginia
https://www.ubereats.com/washington-dc/food-delivery/coopers-mill/dU-XzlwCSFqGcgvQsOPLLw,west-mclean-virginia
https://www.ubereats.com/washington-dc/food-delivery/j-gilberts-6930-old-dominion-dr/IrA3w_5aQVK0ikHAYHNPiw,west-mclean-virginia
https://www.ubereats.com/washington-dc/food-delivery/le-bledo/cHXx6HFPST6tu6yx_gE07g,west-mclean-virginia
https://www.ubereats.com/washington-dc/food-delivery/potbelly-sandwich-shop-chevy-chase-%7C-605/mVIofye_SC2L062bi1PUpg,west-mclean-virginia
https://www.ubereats.com/washington-dc/food-delivery/potbelly-sandwich-shop-rosslyn-%7C-413/KLDEkV7VRBSC4347St5W1w,west-mclean-virginia
https://www.ubereats.com/washington-dc/food-delivery/clare-and-dons-beach-shack/ttzHjf6FT-mkZp_MOX8mJw,west-mclean-virginia
https://www.ubereats.com/washington-dc/food-delivery/cava-2905-district-ave/BYyjQmkFQDuxiLjPENBh_A,west-mclean-virginia
https://www.ubereats.com/washington-dc/food-delivery/roccos-italian-restaurant/dUeT7-DWQnO5uLjTlIXQAA,west-mclean-virginia
https://www.ubereats.com/washington-dc/food-delivery/mcdonalds-6729-arlington-blvd/D0AJoGwFQCme-m4BA9nJrQ,west-mclean-virginia
https://www.ubereats.com/washington-dc/food-delivery/blue-bottle-coffee-1046-potomac-street-nw/EUW1CmtmS827jQi7hvInLw,west-mclean-virginia
https://www.ubereats.com/washington-dc/food-delivery/tasty-dumpling/muT1MHCLQu21Ruv64AWUhg,west-mclean-virginia
https://www.ubereats.com/washington-dc/food-delivery/starbucks-bethesda/IXMxvFisTbuk1IZWoKNFtw,west-mclean-virginia
https://www.ubereats.com/washington-dc/food-delivery/sprout-cafe-bethesda/CnGxNmjQTzKJFEi0mjBY1w,west-mclean-virginia
https://www.ubereats.com/washington-dc/food-delivery/seoul-soondae/eO8eeqTWREi1qxj_YL-dKA,west-mclean-virginia
https://www.ubereats.com/washington-dc/food-delivery/jbd-mediterranean-annandale/QeAVECOrRtejwcnmPVMdeA,west-mclean-virginia
https://www.ubereats.com/washington-dc/food-delivery/meega-korean-bbq/Mywy5BpJQNKT82zzajWSkA,west-mclean-virginia
https://www.ubereats.com/washington-dc/food-delivery/taco-baja-falls-church/Uxy-qnu8Som4DrS4tuWjGg,west-mclean-virginia
https://www.ubereats.com/washington-dc/food-delivery/arepa-zone-fairfax/8p_rjIcjQWK2nkSsxmajbA,west-mclean-virginia
https://www.ubereats.com/washington-dc/food-delivery/cactus-cantina-restaurant/Ef99gXEcQ3SoiO6bRDuJGw,west-mclean-virginia
https://www.ubereats.com/washington-dc/food-delivery/natalies-baguette/Bm9v4nt1TmyPIWGfWY1uWw,west-mclean-virginia
https://www.ubereats.com/washington-dc/food-delivery/el-tio-tex-mex-grill-mclean/tPpA5-u5TJmLoQC8s9MZlQ,west-mclean-virginia
https://www.ubereats.com/washington-dc/food-delivery/mcdonalds-arlington-va-glebe/kgJslDMcSr28bknTF2PB2w,west-mclean-virginia
https://www.ubereats.com/washington-dc/food-delivery/chipotle-tysons-rt-7/FWsSHQVuT8utrtj_-lFGvw,west-mclean-virginia
https://www.ubereats.com/washington-dc/food-delivery/cafe-america-boone-blvd/PAVUZ_zFTpSbA8Z6u7zAXg,west-mclean-virginia
https://www.ubereats.com/washington-dc/food-delivery/asian-origin/SPqZ04koRTuRvXB72gsCLg,west-mclean-virginia
https://www.ubereats.com/washington-dc/food-delivery/tops-china/NhdaKxcxS_aaNeUeM8FwJQ,west-mclean-virginia
https://www.ubereats.com/washington-dc/food-delivery/ranias-love-the-vegetarian-restaurant/qKBZQTv8TDKh7gd7EV3A-Q,west-mclean-virginia
https://www.ubereats.com/washington-dc/food-delivery/pho-duong-main-st/S4jmyETZTUuWgH6e9hJFfA,west-mclean-virginia
https://www.ubereats.com/washington-dc/food-delivery/da-domenico-restaurante-italiano/9E32TUsMQnSZeo6Y7G0pWw,west-mclean-virginia
https://www.ubereats.com/washington-dc/food-delivery/lost-dog-cafe-mclean/QRuzHL4pQxqeoG2kDLJVZA,west-mclean-virginia
https://www.ubereats.com/washington-dc/food-delivery/starbucks-spout-run/EGPdz9UQSvS2Qifj_E-fqQ,west-mclean-virginia
https://www.ubereats.com/washington-dc/food-delivery/pho-duong/XZy2ckkUThyMN7okn-9SOQ,west-mclean-virginia
https://www.ubereats.com/washington-dc/food-delivery/kizuna-vienna/nTk90RQVTsy2Z_7uuGdhKg,west-mclean-virginia
https://www.ubereats.com/washington-dc/food-delivery/bawadi-mediterranean-and-sweets-cafe/uH56GqsrQGuBwsnndq6RDw,west-mclean-virginia
https://www.ubereats.com/washington-dc/food-delivery/little-saigon-restaurant/f3sOoy9gS_aiFMx0-Ik4YA,west-mclean-virginia
https://www.ubereats.com/washington-dc/food-delivery/pokeworks/TzzST420TEuRj1Y7GFiOCw,west-mclean-virginia
https://www.ubereats.com/washington-dc/food-delivery/banh-cuon-saigon/IrJBT9pFSkWVixE4e-jQbQ,west-mclean-virginia
https://www.ubereats.com/washington-dc/food-delivery/santinis-new-york-style-deli-oakton/lvK2YOumSQuU5lvHqRTByQ,west-mclean-virginia
https://www.ubereats.com/washington-dc/food-delivery/chima-steakhouse-tysons-corner/mN0gF9NHTEG8_2nVWWYSrA,west-mclean-virginia
https://www.ubereats.com/washington-dc/food-delivery/savios-restaurant/Mxq2P16HQlKgbLoXsL1Fdw,west-mclean-virginia
https://www.ubereats.com/washington-dc/food-delivery/red-robin-576-6331-seven-corners-center/2yJjZ-VfTi2H4Yjn81Pu3g,west-mclean-virginia
https://www.ubereats.com/washington-dc/food-delivery/ravi-kabob-house-arlington/o2G4XkcySXSCvmQYIRusxA,west-mclean-virginia
https://www.ubereats.com/washington-dc/food-delivery/pho-deluxe-tysons-vienna/EnBJN_Q6TW6SyBeZfzoYkQ,west-mclean-virginia
https://www.ubereats.com/washington-dc/food-delivery/maneki-neko/7HMDLKGeTUidYm5-0XYS9Q,west-mclean-virginia
https://www.ubereats.com/washington-dc/food-delivery/sprinkles-potomac/-t4KNYijSu20Z-JrsG36_w,west-mclean-virginia
https://www.ubereats.com/washington-dc/food-delivery/brickside-food-%26-drink/TNb1rEPnQfacEq5316wJJg,west-mclean-virginia
https://www.ubereats.com/washington-dc/food-delivery/pf-changs-1716m-international-dr/9ksRQ-LZQXeY9A-HIJeG4Q,west-mclean-virginia
https://www.ubereats.com/washington-dc/food-delivery/mod-pizza-vienna/0S_1hEcPTnWT-1WYzMHOFw,west-mclean-virginia
https://www.ubereats.com/washington-dc/food-delivery/chipotle-mexican-grill-7923-l-tysons-corner-center/LqgqyjqkTSSrk7B5YunKeA,west-mclean-virginia
https://www.ubereats.com/washington-dc/food-delivery/phoenicia-resto-%26-lounge-vienna/o6iZ99r4SkGQiF5enj4b1A,west-mclean-virginia
https://www.ubereats.com/washington-dc/food-delivery/gemtea/5ObXOjWlRKWVRJ6_5MUF4w,west-mclean-virginia
https://www.ubereats.com/washington-dc/food-delivery/joong-mi-annandale/Lyquj6CKT0O387aqmOrDhA,west-mclean-virginia
https://www.ubereats.com/washington-dc/food-delivery/pho-cong-ly-noodle-%26-grill-annandale/6wG9wJHKQkOU0LiZ40GiQg,west-mclean-virginia
https://www.ubereats.com/washington-dc/food-delivery/spice-6-modern-indian-vienna/hjAm0vLRRsKFAzyBEYsNCw,west-mclean-virginia
https://www.ubereats.com/washington-dc/food-delivery/szechuan-star-%E5%B3%A8%E5%B5%8B%E9%A5%AD%E5%BA%97/-rCsiqF0RoGpjcExz5sHKg,west-mclean-virginia
https://www.ubereats.com/washington-dc/food-delivery/district-burger-factory/0tTbRw94RfulT-DQyMk6rw,west-mclean-virginia
https://www.ubereats.com/washington-dc/food-delivery/super-chicken-tysons/x79CsN-HRVaHS_M-v6fYfQ,west-mclean-virginia
https://www.ubereats.com/washington-dc/food-delivery/troika-gastronom-and-restaurant/grZesSy1QdOtyFLZ2mmI8Q,west-mclean-virginia
https://www.ubereats.com/washington-dc/food-delivery/hei-hei-tiger/_8nCd15ESmCcLYKU2v5uCw,west-mclean-virginia
https://www.ubereats.com/washington-dc/food-delivery/paris-baguette/c3QWKaxfS_6IeWiPA8j5tQ,west-mclean-virginia
https://www.ubereats.com/washington-dc/food-delivery/esaan-northeastern-thai-cuisine/RerBpK4AREKnPK_71vkhVA,west-mclean-virginia
https://www.ubereats.com/washington-dc/food-delivery/jaipur-royal-indian-cuisine/-rwJTcJ8TUi4RFe-joRoVw,west-mclean-virginia
https://www.ubereats.com/washington-dc/food-delivery/mcdonalds-arlgtn-wilson/9Z13TG9cSFSCWRH_MSqAtA,west-mclean-virginia
https://www.ubereats.com/washington-dc/food-delivery/thai-pilin-restaurant-vienna/JM_XyqWoRCOhTsTghEnrtw,west-mclean-virginia
https://www.ubereats.com/washington-dc/food-delivery/en-bistro-%26-sushi-potomac/J0O3ZDkXTp-Al4Ypy91OOQ,west-mclean-virginia
https://www.ubereats.com/washington-dc/food-delivery/charleys-philly-steaks-tysons-corner-center/1muGJHm-TZKMnac2XfhWPA,west-mclean-virginia
https://www.ubereats.com/washington-dc/food-delivery/sweetwater-tavern-merrifield/4WjtZTrwSrWJMkZNK1Q5vA,west-mclean-virginia
https://www.ubereats.com/washington-dc/food-delivery/anitas-new-mexico-style-mexican-food-vienna/s5VYQxwxQf2joCQcjKH0zA,west-mclean-virginia
https://www.ubereats.com/washington-dc/food-delivery/craft-grilled-cheese-house-arlington/AV2ge6sxTaSiLqzcDSQuWg,west-mclean-virginia
https://www.ubereats.com/washington-dc/food-delivery/sakura-japanese-steakhouse-vienna/tt0VjxYwQ9ajpPlbV7abig,west-mclean-virginia
https://www.ubereats.com/washington-dc/food-delivery/wagshals-delicatessen/pjKCeER8T8mIqAzXekghDg,west-mclean-virginia
https://www.ubereats.com/washington-dc/food-delivery/finn-thai/PWT3xgL0SvS1_7bcDgxtiQ,west-mclean-virginia
https://www.ubereats.com/washington-dc/food-delivery/ad-vegetarian-restaurant/dA0__l9FTfKgblJQWXJblw,west-mclean-virginia
https://www.ubereats.com/washington-dc/food-delivery/nua-haus-thai-sushi-%26-drafthouse/ZCPiU_NnRL2H0mRr3_BvTw,west-mclean-virginia
https://www.ubereats.com/washington-dc/food-delivery/bite-of-asia/JP5IKyW5Rz2ehidJ5mdqdQ,west-mclean-virginia
https://www.ubereats.com/washington-dc/food-delivery/starbucks-lee-harrison-s-c/yyGvf3CxR1Wljz1QKuNolA,west-mclean-virginia
https://www.ubereats.com/washington-dc/food-delivery/charlotte-artisanal/oIU0HHZSSgKc7R0mZn3WvQ,west-mclean-virginia
https://www.ubereats.com/washington-dc/food-delivery/mon-ami-gabi-bethesda/Tlw8CUA7RZSvlHI_1yhPBw,west-mclean-virginia
https://www.ubereats.com/washington-dc/food-delivery/pho-anh-duong/I3855N1CTjWLcV-cEaqyrQ,west-mclean-virginia
https://www.ubereats.com/washington-dc/food-delivery/seoul-soondae-restaurant-annandale/S0zoxHGpSNy2MKWWIGLmhg,west-mclean-virginia
https://www.ubereats.com/washington-dc/food-delivery/aladdin-sweets-and-tandoor/KTfdiO29RsSfOmIL8D-FNA,west-mclean-virginia
https://www.ubereats.com/washington-dc/food-delivery/panam-family-restaurant/rM8saUWuRh-MlEj0zxDTlw,west-mclean-virginia
https://www.ubereats.com/washington-dc/food-delivery/shake-shack-4201-wilson-blvd/bWgiuO6ARPq3h3b3ZghbcQ,west-mclean-virginia
https://www.ubereats.com/washington-dc/food-delivery/margaritas-grill-burke/L-J4c6pwTyemfIgDFA4RJA,west-mclean-virginia
https://www.ubereats.com/washington-dc/food-delivery/potbelly-sandwich-shop-vienna-va-%7C-353/CqAHevGSSGS2LIKkpWUIwQ,west-mclean-virginia
https://www.ubereats.com/washington-dc/food-delivery/%26pizza-tysons-corner/2TL9KyviQPCmxkQE5Ilx9A,west-mclean-virginia
https://www.ubereats.com/washington-dc/food-delivery/five-guys-md-1023-4829-bethesda-ave/Pj9BAbt8TpCvMk3OJSnBsQ,west-mclean-virginia
https://www.ubereats.com/washington-dc/food-delivery/teadm/UpeJZYMaSxaOlKSYVmUMWQ,west-mclean-virginia
https://www.ubereats.com/washington-dc/food-delivery/puree-juice-bar/Niwgy1hEQeKXL1jECdFCnA,west-mclean-virginia
https://www.ubereats.com/washington-dc/food-delivery/ginsoy-fusion/qVgL1PI4T06DAHuOzBUGHQ,west-mclean-virginia
https://www.ubereats.com/washington-dc/food-delivery/starbucks-1000-n-glebe/VHY3yWN5SHWEMVhkkZfoHw,west-mclean-virginia
https://www.ubereats.com/washington-dc/food-delivery/the-fainting-goat-cardozo/aTBHAmEBTS-p44cA7Bo9uw,west-mclean-virginia
https://www.ubereats.com/washington-dc/food-delivery/playa-bowls-fairfax/hNnDaXaPS_6HIvXcSlTXJw,west-mclean-virginia
https://www.ubereats.com/washington-dc/food-delivery/lt-market-4400-old-dominion-dr/WvX7Ky3fT6G43NH2u2_GkQ,west-mclean-virginia
https://www.ubereats.com/washington-dc/food-delivery/popeyes-2835-gallows-rd/AdaLg4LXR72XIfmIdZEJ6g,west-mclean-virginia
https://www.ubereats.com/washington-dc/food-delivery/good-company-doughnuts-%26-cafe/aAmMiiAfQ-6PXPI46KzoHw,west-mclean-virginia
https://www.ubereats.com/washington-dc/food-delivery/coastal-flats-mclean/8pO9JPmPQX65Niquo6SyuA,west-mclean-virginia
https://www.ubereats.com/washington-dc/food-delivery/jersey-mikes-subs-1108-w-broad-st/sT5RTtViQW29APwKxM7quQ,west-mclean-virginia
https://www.ubereats.com/washington-dc/food-delivery/kefayas-cafe/_9ORPsECRdWt4xsmTliaRQ,west-mclean-virginia
https://www.ubereats.com/washington-dc/food-delivery/district-dumplings-fairfax/6HjOTpCSSEG1DRp9Iy9xVQ,west-mclean-virginia
https://www.ubereats.com/washington-dc/food-delivery/mint-lounge-vienna/DuiIYxWCQ-iJ62u6w9kDIw,west-mclean-virginia
https://www.ubereats.com/washington-dc/food-delivery/delhi-woks/1_GinqmSS9GaY3G7lHHuBA,west-mclean-virginia
https://www.ubereats.com/washington-dc/food-delivery/isacca-gourmet/eY1BUxFbTI2NiYMHddOugw,west-mclean-virginia
https://www.ubereats.com/washington-dc/food-delivery/starbucks-mclean/e-2MwRSNR9WFCZ4-s-xBiQ,west-mclean-virginia
https://www.ubereats.com/washington-dc/food-delivery/pf-changs-901-n-glebe-rd/xtF1zuTTQT-JtbmD0O8yMA,west-mclean-virginia
https://www.ubereats.com/washington-dc/food-delivery/tgi-fridays-437-tysons-corner-va-mall/UcmuK8j1SJ22vuNrvbK2rg,west-mclean-virginia
https://www.ubereats.com/washington-dc/food-delivery/ines-place/VWbBFhqNRyCuaJBzCNKuww,west-mclean-virginia
https://www.ubereats.com/washington-dc/food-delivery/shake-shack-7903-tysons-one-place/lEpvyqqTSHimAn4OrXOgLA,west-mclean-virginia
https://www.ubereats.com/washington-dc/food-delivery/new-star-asian-bistro-mclean/UM6p1ciyS2Wtc0BWaR2Oiw,west-mclean-virginia
https://www.ubereats.com/washington-dc/food-delivery/astro-doughnuts-%26-fried-chicken-falls-church/Gw2-8ZcZR1-kxVMu1SFwFQ,west-mclean-virginia
https://www.ubereats.com/washington-dc/food-delivery/go-stir-fry-express/X6wo6I0FRwm2pOW2jnO9qQ,west-mclean-virginia
https://www.ubereats.com/washington-dc/food-delivery/kfc-5711-columbia-pike/PfA0D8-XTfixjEkDxBVDuw,west-mclean-virginia
https://www.ubereats.com/washington-dc/food-delivery/california-pizza-kitchen-7939-l-tysons-corner/B46Av-4ASyWGbk73UHcJGg,west-mclean-virginia
https://www.ubereats.com/washington-dc/food-delivery/hong-kong-palace-%E6%88%90%E9%83%BD%E5%B0%8F%E9%A6%86/wu62Qj6MSnqHKEEaR5l4LQ,west-mclean-virginia
https://www.ubereats.com/washington-dc/food-delivery/poke-bar/1Tk2nr8DQq2Fzo6FL6FzTA,west-mclean-virginia
https://www.ubereats.com/washington-dc/food-delivery/california-tortilla-tysons-corner/ILxPe2o6TZ2LYtXaTeWv4w,west-mclean-virginia
https://www.ubereats.com/washington-dc/food-delivery/wendys-7530-little-river-tpke/jJ2N81apTtW_fBHA_GKMxg,west-mclean-virginia
https://www.ubereats.com/washington-dc/food-delivery/amphora-restaurant-vienna/b6hQS3ozRKyRSVtzjd7Q6g,west-mclean-virginia
https://www.ubereats.com/washington-dc/food-delivery/andys-pizza/NgxZp6yYSSW0NWmT65Nyuw,west-mclean-virginia
https://www.ubereats.com/washington-dc/food-delivery/outback-steakhouse-9579-braddock-road/MnAZK8xPS1S34XbXIQCllA,west-mclean-virginia
https://www.ubereats.com/washington-dc/food-delivery/la-favola/vG00yS-iTVWqvtA8Sg4RNQ,west-mclean-virginia
https://www.ubereats.com/washington-dc/food-delivery/mcdonalds-1916-m-st-nw/0W0QecKqQM6Ee_ruUhUuUA,west-mclean-virginia
https://www.ubereats.com/washington-dc/food-delivery/breakers-korean-bbq-%26-grill-fairfax/sxPg3Mv0QJ6RTJe_OJ2cfg,west-mclean-virginia
https://www.ubereats.com/washington-dc/food-delivery/manhattan-pizza-tysons-corner/awsVt0ZFR_2-fW6jgouhvg,west-mclean-virginia
https://www.ubereats.com/washington-dc/food-delivery/taco-bell-4923-lee-hwy/uUbJM9XBSLSzQWtRWVGYQA,west-mclean-virginia
https://www.ubereats.com/washington-dc/food-delivery/hunan-kitchen-%E6%B9%96%E5%8D%97/oaGBjGjPRCGRq92F98A84g,west-mclean-virginia
https://www.ubereats.com/washington-dc/food-delivery/bjs-restaurant-%26-brewhouse-8027-leesburg-pike-suite-100/Mx-QnjljTy2qB9OigMqmbg,west-mclean-virginia
https://www.ubereats.com/washington-dc/food-delivery/vegan-%26-healthy-house/T4SgpI6oQmWKzhby8oHwbQ,west-mclean-virginia
https://www.ubereats.com/washington-dc/food-delivery/alborz-persian-restaurant/bye1UDjhTdOQr2Q1UUc6Hw,west-mclean-virginia
https://www.ubereats.com/washington-dc/food-delivery/plaka-grill-broad-st/8TbhJ16pRV2BoqjDJLUvMQ,west-mclean-virginia
https://www.ubereats.com/washington-dc/food-delivery/best-buns-merrifield/9uj1VtIJStyK9nMkHtFX_w,west-mclean-virginia
https://www.ubereats.com/washington-dc/food-delivery/bento-house-reston/p-mVK3aHQkyftuBAjpsjjw,west-mclean-virginia
https://www.ubereats.com/washington-dc/food-delivery/the-ice-cream-shop/OX_ybYr1QNG2MfaEjzPF4w,west-mclean-virginia
https://www.ubereats.com/washington-dc/food-delivery/al-nakheel-lebanese-cafe-%26-market-vienna/-2pPLlDnQMuyLIy-KbOBzA,west-mclean-virginia
https://www.ubereats.com/washington-dc/food-delivery/arbys-8127-lee-highway/HVstiayVQ6yFwYEb6xiLbA,west-mclean-virginia
https://www.ubereats.com/washington-dc/food-delivery/dunkin-6138-arlington-blvd/VnMXMFkCSICCj_loYUTfeg,west-mclean-virginia
https://www.ubereats.com/washington-dc/food-delivery/happy-lamb-hot-pot-falls-church/gKzU-LCEQY66Iia0AyF3nQ,west-mclean-virginia
https://www.ubereats.com/washington-dc/food-delivery/mcdonalds-columbia-pike/mZuQB8QLRr6T_VaRn2gLBw,west-mclean-virginia
https://www.ubereats.com/washington-dc/food-delivery/robeks/ETXT0keGQCKE2grFOG0CcQ,west-mclean-virginia
https://www.ubereats.com/washington-dc/food-delivery/quartermaine-coffee-roasters-bethesda/Cm0WiyhZSxemksXgYgVK0g,west-mclean-virginia
https://www.ubereats.com/washington-dc/food-delivery/aditi-streetside-indian-vienna/Iju4ARkXSGmXfwHnHAEZ5g,west-mclean-virginia
https://www.ubereats.com/washington-dc/food-delivery/honey-baked-ham-10940-fairfax-blvd-suite-g-h/KaPffs1qTry7r6ps1M3mew,west-mclean-virginia
https://www.ubereats.com/washington-dc/food-delivery/icream-yogurt-%26-crepes/4KpiEMKoQfCogPt_xNzm7Q,west-mclean-virginia
https://www.ubereats.com/washington-dc/food-delivery/firepan-korean-bbq/CWGZDstsSqajIEF2tfxdog,west-mclean-virginia
https://www.ubereats.com/washington-dc/food-delivery/fatouche/ECZkZH74QZWhXllU5FrqRA,west-mclean-virginia
https://www.ubereats.com/washington-dc/food-delivery/iron-chef-house/YUUhzw05RKWx8riJCDIsAw,west-mclean-virginia
https://www.ubereats.com/washington-dc/food-delivery/ghadah-bakery/0VschsiDTlWdUbPNgOl-mg,west-mclean-virginia
https://www.ubereats.com/washington-dc/food-delivery/la-breakfast-club/dw3ztDB0RUm4LLBIXyVG7w,west-mclean-virginia
https://www.ubereats.com/washington-dc/food-delivery/pho-hai-duong-tyson/mZztE0qfQfWZjGCVcFqalA,west-mclean-virginia
https://www.ubereats.com/washington-dc/food-delivery/the-ice-cream-shop/S6zNeOnmQ0KtA1ldllPDag,west-mclean-virginia
https://www.ubereats.com/washington-dc/food-delivery/sapphire-tysons/S0ddbrSXSfq3EiZG4eYu4g,west-mclean-virginia
https://www.ubereats.com/washington-dc/food-delivery/starbucks-vienna/SJDuSNVPTZewoP94uKImww,west-mclean-virginia
https://www.ubereats.com/washington-dc/food-delivery/thompson-italian/XPcEHMLQSiKffw1Fk-GwUQ,west-mclean-virginia
https://www.ubereats.com/washington-dc/food-delivery/sushi-zen-arlington/-ydqPeZxTae23zCBqaOyug,west-mclean-virginia
https://www.ubereats.com/washington-dc/food-delivery/pupuseria-mana/y8lMTASyRPCU3zxDuGiWgQ,west-mclean-virginia
https://www.ubereats.com/washington-dc/food-delivery/potbelly-sandwich-shop-ballston-%7C-14/PdVIxugCSVCRmovjMWUdJw,west-mclean-virginia
https://www.ubereats.com/washington-dc/food-delivery/mcdonalds-loehmanns-roys/goBkVb8vSKCDRnE7uR6MVQ,west-mclean-virginia
https://www.ubereats.com/washington-dc/food-delivery/kabob-zone/PwX700lKR66jeyG4xrEPEQ,west-mclean-virginia
https://www.ubereats.com/washington-dc/food-delivery/madison-deli-mclean/DhwVJm1bQ-WbEQsXDW8sCQ,west-mclean-virginia
https://www.ubereats.com/washington-dc/food-delivery/le-cafe-market/n--vO00jQoS0Ai3XcHv5Zg,west-mclean-virginia
https://www.ubereats.com/washington-dc/food-delivery/neisha-thai/6BVsV80ZT7aHzLDmm3oqUg,west-mclean-virginia
https://www.ubereats.com/washington-dc/food-delivery/hanshin-pocha/gwAEoUrARcO0sWh0_erIMg,west-mclean-virginia
https://www.ubereats.com/washington-dc/food-delivery/the-broiler-arlington/fYxR4Qa_RemeDMAgb3qT7Q,west-mclean-virginia
https://www.ubereats.com/washington-dc/food-delivery/jammin-java/k_536ZHtSRqzeNJRsk8uZw,west-mclean-virginia
https://www.ubereats.com/washington-dc/food-delivery/cedars-gourmet-%26-sweets/ZrW89vtlTf2MTpx1NgSbWQ,west-mclean-virginia
https://www.ubereats.com/washington-dc/food-delivery/dog-haus-bethesda/Qd1dEW6oTrmS8CiHiJel2A,west-mclean-virginia
https://www.ubereats.com/washington-dc/food-delivery/joes-place-pizza-%26-pasta-arlington/TSM-xwS4ThO8OLsIe6klKA,west-mclean-virginia
https://www.ubereats.com/washington-dc/food-delivery/burger-7-falls-church/1pmAZYg2QQeYOIA2g0dvuw,west-mclean-virginia
https://www.ubereats.com/washington-dc/food-delivery/red-holic-annandale/E7Z0eB5IRAO9M-9T2zD7Jw,west-mclean-virginia
https://www.ubereats.com/washington-dc/food-delivery/kabob-bazaar-clarendon/1mM-E_MXTyqRMw7DtAqmSw,west-mclean-virginia
https://www.ubereats.com/washington-dc/food-delivery/ritas-italian-ice-116-church-st-nw/gSDkRwYsTaixUWtlw9SirA,west-mclean-virginia
https://www.ubereats.com/washington-dc/food-delivery/the-middle-eastern-spot/a1ElrI66QN6shuxfUhaqUg,west-mclean-virginia
https://www.ubereats.com/washington-dc/food-delivery/subway-4227-n-fairfax-dr/1r4huzItSDOIbsq6ye-eOA,west-mclean-virginia
https://www.ubereats.com/washington-dc/food-delivery/soho-cafe-%26-market-adams-morgan/E9mpqIURSYucZQCp8HYyoA,west-mclean-virginia
https://www.ubereats.com/washington-dc/food-delivery/sweet-leaf-mclean/wtt2lww5QyKuCEL_EDm1pw,west-mclean-virginia
https://www.ubereats.com/washington-dc/food-delivery/mcdonalds-tysons-ii/UvLvhR-6SF62fY2OCFU5BA,west-mclean-virginia
https://www.ubereats.com/washington-dc/food-delivery/good-fortune/8SGGgyWVRqCDhhkKv6JQnQ,west-mclean-virginia
https://www.ubereats.com/washington-dc/food-delivery/shilla-bakery-%26-cafe-annandale/g69F78UATQ67zIsDY8e6RQ,west-mclean-virginia
https://www.ubereats.com/washington-dc/food-delivery/district-veggie/NR42Q8iKTQSCq_lyGJBGZA,west-mclean-virginia
https://www.ubereats.com/washington-dc/food-delivery/two-chefs-pizza-arlington/4yIdRT2eTraQrNEKi5xAsA,west-mclean-virginia
https://www.ubereats.com/washington-dc/food-delivery/starbucks-lee-heights-shops/1ELP5lOXTLeiV_NY0yGDdg,west-mclean-virginia
https://www.ubereats.com/washington-dc/food-delivery/district-taco-tysons/pPGjYnPXSQao7lGEO7tuBQ,west-mclean-virginia
https://www.ubereats.com/washington-dc/food-delivery/china-house-shirlington/EZIeNnqPSU6VmNHISfVTmQ,west-mclean-virginia
https://www.ubereats.com/washington-dc/food-delivery/neisha-thai-cuisine-vienna/0EQjfkzKSya_HylBfGUCHw,west-mclean-virginia
https://www.ubereats.com/washington-dc/food-delivery/wendys-3040-gate-house-plza/HIxf-Ot-RjqpqoUN9voKNA,west-mclean-virginia
https://www.ubereats.com/washington-dc/food-delivery/chipotle-mexican-grill-6299-seven-corners-ctr/0tN2HmSFQ1yALNmQcxnO1g,west-mclean-virginia
https://www.ubereats.com/washington-dc/food-delivery/yayla-bistro/4Il3yZhKTyW-u8NbI0Q8Og,west-mclean-virginia
https://www.ubereats.com/washington-dc/food-delivery/inca-social/Rb3vPLhbRYOvtxZgg2OIrw,west-mclean-virginia
https://www.ubereats.com/washington-dc/food-delivery/starbucks-chesterbrook/pGVb9w5nRViJL4BEG2UB2w,west-mclean-virginia
https://www.ubereats.com/washington-dc/food-delivery/dunkin-2201-wilson-blvd/drPZKETXThKVdjcXFN-HPQ,west-mclean-virginia
https://www.ubereats.com/washington-dc/food-delivery/z-closeddonatos-pizza/am5YntWdR8S7TFZws03FVw,west-mclean-virginia
https://www.ubereats.com/washington-dc/food-delivery/vegetarian-by-fava-pot/N_PJ1h6oRK-fzvopaI44zg,west-mclean-virginia
https://www.ubereats.com/washington-dc/food-delivery/mango-mango-dessert-virginia/yb6iYt2LQi-0p6diNDn75g,west-mclean-virginia
https://www.ubereats.com/washington-dc/food-delivery/outback-steakhouse-315-maple-avenue-east/ZEku7x5jQ_W5nxkTUhwKPA,west-mclean-virginia
https://www.ubereats.com/washington-dc/food-delivery/the-halal-guys-7943l-tysons-corner-center/wl8myoDUT4ebSKsiYka34A,west-mclean-virginia
https://www.ubereats.com/washington-dc/food-delivery/tom-yum-thai-vienna/LekNLHbXQzeQw6uxA6CY3g,west-mclean-virginia
https://www.ubereats.com/washington-dc/food-delivery/pho-575/DRCY5QhlTeqM733YIYazMQ,west-mclean-virginia
https://www.ubereats.com/washington-dc/food-delivery/jon-smith-subs/mzlBQ4wqQbCvxCxT9kYytw,west-mclean-virginia
https://www.ubereats.com/washington-dc/food-delivery/potbelly-sandwich-shop-tysons-corner-%7C-293/Ro1vpCr5SbaoNwmHkFEWNw,west-mclean-virginia
https://www.ubereats.com/washington-dc/food-delivery/sawadika-ice-cream/CSxVXAoBTQqyMFQmiKhxwQ,west-mclean-virginia
https://www.ubereats.com/washington-dc/food-delivery/rose-kabob-restaurant-vienna/z9hw3VO5RVqo5Qg_mCjCDg,west-mclean-virginia
https://www.ubereats.com/washington-dc/food-delivery/the-original-pancake-house-7395-lee-hwy/QIR8g8E7TmuRGMV2ixxQAw,west-mclean-virginia
https://www.ubereats.com/washington-dc/food-delivery/sunny-%26-fines-breakfast-burritos/UNx7wuFmRrq0yvBR8C2jDg,west-mclean-virginia
https://www.ubereats.com/washington-dc/food-delivery/wok-%E2%80%98n-roll/bhl6CJ1nTNmshP7w6Gg7_g,west-mclean-virginia
https://www.ubereats.com/washington-dc/food-delivery/dunkin-101-e-annandale-rd/RCACxNTZR8yrqjz5WyUjFQ,west-mclean-virginia
https://www.ubereats.com/washington-dc/food-delivery/i-heart-salads-fairfax/5_zEquZoRviIm_FWxArgcA,west-mclean-virginia
https://www.ubereats.com/washington-dc/food-delivery/fifty-west-cafe/8VlS0AijTYehyk8diVGCjQ,west-mclean-virginia
https://www.ubereats.com/washington-dc/food-delivery/maizal-ballston/MFPOcVqzT5iYZYDZM5fYlA,west-mclean-virginia
https://www.ubereats.com/washington-dc/food-delivery/best-buns-bakery-and-cafe/UPdnsRpuRaaK-X-iQ1tZ7A,west-mclean-virginia
https://www.ubereats.com/washington-dc/food-delivery/thien-kim-restaurant/2d2fhNs_TLOsYsLz1K6srg,west-mclean-virginia
https://www.ubereats.com/washington-dc/food-delivery/crust-pizzeria-napoletana-vienna/6wNarLkISkOmxd8VJwh0Uw,west-mclean-virginia
https://www.ubereats.com/washington-dc/food-delivery/bing-%26-bao/braTQwgDRlOzd-gipJI1PQ,west-mclean-virginia
https://www.ubereats.com/washington-dc/food-delivery/bentleys-falls-church-diner/cWoachP9TUG0URRL0jtsWw,west-mclean-virginia
https://www.ubereats.com/washington-dc/food-delivery/chef-lin/ye4GchNaTUi0NdmZdlq0Aw,west-mclean-virginia
https://www.ubereats.com/washington-dc/food-delivery/lost-dog-cafe-dunn-loring/Gshyd_fSRZeRu4eWsSXizw,west-mclean-virginia
https://www.ubereats.com/washington-dc/food-delivery/wendys-5050-chesterfield-rd/xO3GM_KgS_CWU7JpeIqfZg,west-mclean-virginia
https://www.ubereats.com/washington-dc/food-delivery/american-eclectic-burger-was03-1/XwGmkkJzSXe0PYfuOkJlqQ,west-mclean-virginia
https://www.ubereats.com/washington-dc/food-delivery/peking-village-ii-fairfax/Kw5LTDHfQH23gZ4d_YGuFQ,west-mclean-virginia
https://www.ubereats.com/washington-dc/food-delivery/fire-wok/_RkmV9pDQ-qWQM0heLU5nw,west-mclean-virginia
https://www.ubereats.com/washington-dc/food-delivery/hanaro-sushi/Ja7riLwFSxyWFKffn2lzxg,west-mclean-virginia
https://www.ubereats.com/washington-dc/food-delivery/panda-express-3071-gatehouse-plaza/EXwTTGa4TCSL3D-2-JG35Q,west-mclean-virginia
https://www.ubereats.com/washington-dc/food-delivery/wings-%26-things-was03-1/ON_KwtRMTmWT0Bnek7HxTQ,west-mclean-virginia
https://www.ubereats.com/washington-dc/food-delivery/agora-restaurant/PMlCeDLVR-qfCruMwgqPgw,west-mclean-virginia
https://www.ubereats.com/washington-dc/food-delivery/saravana-palace/SMrclQBxQp-lKO8Gaux55Q,west-mclean-virginia
https://www.ubereats.com/washington-dc/food-delivery/tysons-social-tavern-tysons/0vpEOwPrTw--PY6tDRiJ5g,west-mclean-virginia
https://www.ubereats.com/washington-dc/food-delivery/the-gluten-free-spot/QnDpz908TaWgnxBfObupdg,west-mclean-virginia
https://www.ubereats.com/washington-dc/food-delivery/kang-chon/pxUAS3WIScCceI_V2b-A0Q,west-mclean-virginia
https://www.ubereats.com/washington-dc/food-delivery/pizzeria-orso/fNqvs__KR6O1IR_YAYBBww,west-mclean-virginia
https://www.ubereats.com/washington-dc/food-delivery/panda-express-7941-l-tyson-comer-center/4zDztsdgQeqH2TKlFIHZ3w,west-mclean-virginia
https://www.ubereats.com/washington-dc/food-delivery/chi-mc-korean-fried-chicken/23vVcBiVTumYdTSa73ze1Q,west-mclean-virginia
https://www.ubereats.com/washington-dc/food-delivery/brekkie-bagels/7gybw6BVT9iBQAuD0N_5_A,west-mclean-virginia
https://www.ubereats.com/washington-dc/food-delivery/starbucks-yorktowne-center/iSx7Lz7rQmejq0Psais6pw,west-mclean-virginia
https://www.ubereats.com/washington-dc/food-delivery/wasabi-sushi-tysons-corner-mall/UCjLrUCERoqh-oYMf0-erg,west-mclean-virginia
https://www.ubereats.com/washington-dc/food-delivery/luzmarys-restaurant/-e-3Vva8RB6v2Iu6h8ZyPg,west-mclean-virginia
https://www.ubereats.com/washington-dc/food-delivery/nandos-peri-peri-2987-district-ave-ste-%23100/Z0kVq5iISMWOiOq_G1QzIA,west-mclean-virginia
https://www.ubereats.com/washington-dc/food-delivery/hanabi-ramen-clarendon/2MCL-KaRRjG1x1noGMyjWA,west-mclean-virginia
https://www.ubereats.com/washington-dc/food-delivery/aracosia-mclean/Omb1nFKvQ7a6x2Ixi7XRtw,west-mclean-virginia
https://www.ubereats.com/washington-dc/food-delivery/burrito-elito/kNb9jNLeSIK87j8JvNe34Q,west-mclean-virginia
https://www.ubereats.com/washington-dc/food-delivery/sunflower-vegetarian-restaurant/m28VeVZLTzCq-kAp2lcvnw,west-mclean-virginia
https://www.ubereats.com/washington-dc/food-delivery/moby-dick-house-of-kabob-falls-church/X-7xIMofTwqff-BR3vVK6Q,west-mclean-virginia
https://www.ubereats.com/washington-dc/food-delivery/roll-play-grill-vienna/GHpPL1QAQDKPV9SHH3dnww,west-mclean-virginia
https://www.ubereats.com/washington-dc/food-delivery/just-kathi-rolls/K9dPdYrGRKSOgnxR820a1A,west-mclean-virginia
https://www.ubereats.com/washington-dc/food-delivery/starbucks-7700-norfolk-ave/97FM8qxXQ7SX2UKDcmlYRw,west-mclean-virginia
https://www.ubereats.com/washington-dc/food-delivery/moby-dick-house-of-kabob-tysons-corner/RlxQdujlQUWzv9Ho-mYK0g,west-mclean-virginia
https://www.ubereats.com/washington-dc/food-delivery/starbucks-dunn-loring-metro/lj-gDAEFTk-yvzo8suZF_g,west-mclean-virginia
https://www.ubereats.com/washington-dc/food-delivery/plaka-grill/XAG4lraRSMqc4CyJi1ACjw,west-mclean-virginia
https://www.ubereats.com/washington-dc/food-delivery/sweet-leaf-maple-vienna/zu2uojwCTx2IeRWIuHL73Q,west-mclean-virginia
https://www.ubereats.com/washington-dc/food-delivery/chicken-loco-annandale/hORnZabdTj2pUdotzLDyfA,west-mclean-virginia
https://www.ubereats.com/washington-dc/food-delivery/sheesh-grill/J9z9XyRcTpy6io6x_3UNKg,west-mclean-virginia
https://www.ubereats.com/washington-dc/food-delivery/mcdonalds-mcl-old-dom-roys/1YouzW05TbOgG8dYPz-Abg,west-mclean-virginia
https://www.ubereats.com/washington-dc/food-delivery/pasa-thai-restaurant/Hm-gEMhySsq_CRwgQWrYew,west-mclean-virginia
https://www.ubereats.com/washington-dc/food-delivery/yume-sushi/jvoSGseTSfGCnwO26DMtAA,west-mclean-virginia
https://www.ubereats.com/washington-dc/food-delivery/the-palm-1750-tysons-blvd/C1TXQI3gQtyiKerRL5iLXg,west-mclean-virginia
https://www.ubereats.com/washington-dc/food-delivery/pho-hai-duong-annandale/YGUCOCGRR4qaIFE6tcD99A,west-mclean-virginia
https://www.ubereats.com/washington-dc/food-delivery/mcdonalds-cedar-park-vienn/lT6FARepQc6U-vqD_ounXA,west-mclean-virginia
https://www.ubereats.com/washington-dc/food-delivery/pamplona/pvIDAuVNRqGOWsY8EjP8zQ,west-mclean-virginia
https://www.ubereats.com/washington-dc/food-delivery/five-guys-md-1428-9812-falls-rd/qhu31yo9S-u1VM7sxZ40EA,west-mclean-virginia
https://www.ubereats.com/washington-dc/food-delivery/rangos-tex-mex-%26-grill/VAEUaPbCT_GwxDd9v2M4sA,west-mclean-virginia
https://www.ubereats.com/washington-dc/food-delivery/pio-pio-peruvian-cuisine/UeDL7xx7RWOwfjJRE_xNrg,west-mclean-virginia
https://www.ubereats.com/washington-dc/food-delivery/lebanese-taverna-mclean/1JCLzVetTruAdiZ_dEmoxg,west-mclean-virginia
https://www.ubereats.com/washington-dc/food-delivery/the-inside-scoop/gdsBvV4jQj-ogXyJLBsEfQ,west-mclean-virginia
https://www.ubereats.com/washington-dc/food-delivery/harmony-wraps/zAAhzEJmR2qRNcqILGV9ig,west-mclean-virginia
https://www.ubereats.com/washington-dc/food-delivery/fresh-gourmet/AFycjaoiTV6hK92cKzW_IA,west-mclean-virginia
https://www.ubereats.com/washington-dc/food-delivery/mod-pizza-tysons-corner-pike-7/XwfYrjfWTIuCCSAWTVU2gA,west-mclean-virginia
https://www.ubereats.com/washington-dc/food-delivery/soju-sarang-annandale/wlUT-nolTyWztUa65tYHIQ,west-mclean-virginia
https://www.ubereats.com/washington-dc/food-delivery/classic-bakery-tysons/vMNEpYcNSx-C_Ohh7yIfpw,west-mclean-virginia
https://www.ubereats.com/washington-dc/food-delivery/smashburger-1500-e-cornerside-blvd/oaxYgymfSDWNbXd_0CaJCg,west-mclean-virginia
https://www.ubereats.com/washington-dc/food-delivery/ambassel-ethiopian-restaurant/zcByDH7hQ7qjB3avnww2pQ,west-mclean-virginia
https://www.ubereats.com/washington-dc/food-delivery/mcdonalds-bwr-rbd-450167-tysons-i/WXiQqO7tSYegzt6WwOTCeA,west-mclean-virginia
https://www.ubereats.com/washington-dc/food-delivery/haandi-indian-cuisine-falls-church/XvufVj41TLm8o8N7Dme1Qg,west-mclean-virginia
https://www.ubereats.com/washington-dc/food-delivery/the-palladium/Qs4SwovuS2OAof32d1Z-jg,west-mclean-virginia
https://www.ubereats.com/washington-dc/food-delivery/lupo-verde-osteria/CjP3dUpeTtm6Rw86cTijcw,west-mclean-virginia
https://www.ubereats.com/washington-dc/food-delivery/believe-bowl-asian-fusion-bowl/uz4_FfJoRZOx6JZRGqiBkQ,west-mclean-virginia
https://www.ubereats.com/washington-dc/food-delivery/masala-indian-cuisine-mclean/GEct6LQzTXa7iOtts7XLiA,west-mclean-virginia
https://www.ubereats.com/washington-dc/food-delivery/9-pad-thai-gourmet-springfield/_3sv-SeWTQa-BumQsk9AOg,west-mclean-virginia
https://www.ubereats.com/washington-dc/food-delivery/old-peking-restaurant/eNlGbX71Q5urSf5AhtewVA,west-mclean-virginia
https://www.ubereats.com/washington-dc/food-delivery/heidelberg-pastry-shoppe-arlington/G7jpHW80R2ynKoL9zU993g,west-mclean-virginia
https://www.ubereats.com/washington-dc/food-delivery/viet-aroma-asian-cuisine/M4Gm8dcURhGpkl_B3Fvw7w,west-mclean-virginia
https://www.ubereats.com/washington-dc/food-delivery/mcdonalds-flls-ch-ex-roys/zVM5OVqSRnCp9qRiBYeoaw,west-mclean-virginia
https://www.ubereats.com/washington-dc/food-delivery/outback-steakhouse-4821-north-first-street/Yp7ZWayxQC6U0eOMx0R5FA,west-mclean-virginia
https://www.ubereats.com/washington-dc/food-delivery/turus-by-timber-pizza-co/SAYB3qpUTmCDxGGgMN2fEg,west-mclean-virginia
https://www.ubereats.com/washington-dc/food-delivery/mcdonalds-falls-church-arl/bZqqFcyJSfGIZTDRZwE77g,west-mclean-virginia
https://www.ubereats.com/washington-dc/food-delivery/soricha-tea-%26-theater/URhPfAWdRquTlBA4ZAwDzQ,west-mclean-virginia
https://www.ubereats.com/washington-dc/food-delivery/cinnabon-1961-chain-bridge-rd-%237949la/x-yY7ec4QfudRpkbqLDi3w,west-mclean-virginia
https://www.ubereats.com/washington-dc/food-delivery/kfc-6227-little-river-turnpike/9X3W4xTeSguCXv0ROm9vZA,west-mclean-virginia
https://www.ubereats.com/washington-dc/food-delivery/subway-2250-pimmit-dr/wyVlHzG3QoyDK20AX_JKFw,west-mclean-virginia
https://www.ubereats.com/washington-dc/food-delivery/sunny-%26-fines-breakfast-burritos/NOIQC4rIQcir-UMkvpInjw,west-mclean-virginia
https://www.ubereats.com/washington-dc/food-delivery/chill-zone/MlQ1a5FGQGiJXUVKvoZ5fA,west-mclean-virginia
https://www.ubereats.com/washington-dc/food-delivery/the-ice-cream-shop/28ZhpvQbRwGkGcs7QnGxaQ,west-mclean-virginia
https://www.ubereats.com/washington-dc/food-delivery/mocos-founding-farmers/WGO80QH0S3qBKnd6xsgDxA,west-mclean-virginia
https://www.ubereats.com/washington-dc/food-delivery/dunkin-3520-lee-hwy/4j3q3bTIT3qv4diXUX_dig,west-mclean-virginia
https://www.ubereats.com/washington-dc/food-delivery/bep-viet-restaurant/ol1VTC3FS6GDYWgUI929eA,west-mclean-virginia
https://www.ubereats.com/washington-dc/food-delivery/mcdonalds-rosslyn/7CLphSEJQ4ybIGxKvYPQKQ,west-mclean-virginia
https://www.ubereats.com/washington-dc/food-delivery/taco-bell-4681-king-st/yDood82nR5W8xxLAxAW7iw,west-mclean-virginia
https://www.ubereats.com/washington-dc/food-delivery/las-americas-restaurant/_sOmC1onRqKWyQWO6WrobQ,west-mclean-virginia
https://www.ubereats.com/washington-dc/food-delivery/ornery-beer-company/qHSdnfMlQ2eP-7y_bZkzEg,west-mclean-virginia
https://www.ubereats.com/washington-dc/food-delivery/tanpopo-ramen-house/Gub-Sc26TgSC-XroSuEG_Q,west-mclean-virginia
https://www.ubereats.com/washington-dc/food-delivery/zinga!-frozen-yogurt-arlington/_VneRbTFTlyvFAIYZUHQHw,west-mclean-virginia
https://www.ubereats.com/washington-dc/food-delivery/south-block-vienna/nARyxdUvSd605SD3nkp9BQ,west-mclean-virginia
https://www.ubereats.com/washington-dc/food-delivery/starbucks-penrose-square-columbia-pike/NLfyU_ieSaSjszwQl1u80A,west-mclean-virginia
https://www.ubereats.com/washington-dc/food-delivery/starnut-gourmet/qCrzueeuS8aK9FRJSYXbMg,west-mclean-virginia
https://www.ubereats.com/washington-dc/food-delivery/kfc-taco-bell-7450-little-river-turnpike/LMSAMPB-RgKigg2tSbg9wg,west-mclean-virginia
https://www.ubereats.com/washington-dc/food-delivery/district-taco-dunn-loring/IvkCfIu_QlSSg3RbweegxA,west-mclean-virginia
https://www.ubereats.com/washington-dc/food-delivery/starbucks-the-market-common/D3dlfg8MQRmljiwZlLUt8w,west-mclean-virginia
https://www.ubereats.com/washington-dc/food-delivery/dunkin-1495-cornerside-blvd/YXeTAwoJRm-hzNol2x3iHg,west-mclean-virginia
https://www.ubereats.com/washington-dc/food-delivery/shineys-sweets/5wTxPbjXRMi99Sw3CAocUA,west-mclean-virginia
https://www.ubereats.com/washington-dc/food-delivery/bey-lounge-vienna/UCWq6LJ7SRacHU8hdjlLRQ,west-mclean-virginia
https://www.ubereats.com/washington-dc/food-delivery/starbucks-pike-7-shopping-center/SSdCbO9sSmmkJGDlKIRdjQ,west-mclean-virginia
https://www.ubereats.com/washington-dc/food-delivery/vivi-bubble-tea-eden-center/MOPXwS9iQYWRrqKIRKC0Gw,west-mclean-virginia
https://www.ubereats.com/washington-dc/food-delivery/yogi-castle/kd-nxJ5cQtCe4iWHHO1Z3A,west-mclean-virginia
https://www.ubereats.com/washington-dc/food-delivery/clydes-of-georgetown/Jwu67pQnTy-qC3kQgmNjNQ,west-mclean-virginia
https://www.ubereats.com/washington-dc/food-delivery/potbelly-sandwich-shop-alexandria-va-%7C-406/tE1A4b5dQVC1bcxNQNQIIQ,west-mclean-virginia
https://www.ubereats.com/washington-dc/food-delivery/poki-dc-old-georgetown-road/CSN6m6H2TxCLROc4PqTMUA,west-mclean-virginia
https://www.ubereats.com/washington-dc/food-delivery/teadm-mini/9UWVNzVKSYCdZ5yzBqsHTQ,west-mclean-virginia
https://www.ubereats.com/washington-dc/food-delivery/pho-88-vietnamese-restaurant/1wOE-c0USQ2KQtOo3MOCgA,west-mclean-virginia
https://www.ubereats.com/washington-dc/food-delivery/el-tio-tex-mex-grill-great-falls/wZTM9IeVTwahN56eHfcqiQ,west-mclean-virginia
https://www.ubereats.com/washington-dc/food-delivery/marjan/_dym9n3xSEWLy7GCnyrPpA,west-mclean-virginia
https://www.ubereats.com/washington-dc/food-delivery/maya-bistro/X0iu8xRSTb23G5iD2u_hfw,west-mclean-virginia
https://www.ubereats.com/washington-dc/food-delivery/teriyaki-way-japanese-grill-%26-ramen/_3IpyeRwRFW1YRB8wnPZww,west-mclean-virginia
https://www.ubereats.com/washington-dc/food-delivery/food-corner-kabob-house/Ee4SDZUSSO2kOHJJ8cyirA,west-mclean-virginia
https://www.ubereats.com/washington-dc/food-delivery/crepes-%26-karak/k5kbeQfWQYuuO86C4841VQ,west-mclean-virginia
https://www.ubereats.com/washington-dc/food-delivery/the-ice-cream-shop/Zz2VgDKbRV2c48iqa6S32Q,west-mclean-virginia
https://www.ubereats.com/washington-dc/food-delivery/fahrenheit-%E5%8D%8E%E6%B0%8F%E5%BA%A6-%E6%AD%A3%E5%AE%97%E4%B8%AD%E9%A4%90/U9HRTKnmQpqQt_D1V4qkIA,west-mclean-virginia
https://www.ubereats.com/washington-dc/food-delivery/vegan-good-fortune/jHUtRQXhTZ6pLTKt840Jag,west-mclean-virginia
https://www.ubereats.com/washington-dc/food-delivery/wing-garden/ay0NchpyRh6C67jUWeli4A,west-mclean-virginia
https://www.ubereats.com/washington-dc/food-delivery/cosi-1801-n-lynn-st/mGfhJJu8TeOt3rx88Kbt-A,west-mclean-virginia
https://www.ubereats.com/washington-dc/food-delivery/papas-curry/kPdxO9MSRK-XODbHC0oQRg,west-mclean-virginia
https://www.ubereats.com/washington-dc/food-delivery/mcdonalds-bailey-leesbrg/5XgNeH72SESZGSc7mjRb_A,west-mclean-virginia
https://www.ubereats.com/washington-dc/food-delivery/wagshals/DH_KF3JRR_69Yqq9ua1O4Q,west-mclean-virginia
https://www.ubereats.com/washington-dc/food-delivery/buns-%26-bao-was03-1/3hPf9fCfTzi5zmP3zFMuEw,west-mclean-virginia
https://www.ubereats.com/washington-dc/food-delivery/jang-won-ban-jum-annandale/nSS6STFJQLWkwy_XdrUg_w,west-mclean-virginia
https://www.ubereats.com/washington-dc/food-delivery/wow-bao-was03-1/rdYpkPs6Q1iqqyUKPcodtg,west-mclean-virginia
https://www.ubereats.com/washington-dc/food-delivery/teasn-you/B7IkxDb_T9-3fpkZMgecRQ,west-mclean-virginia
https://www.ubereats.com/washington-dc/food-delivery/taberna-del-alabardero/QxO_pLu4TAuCovNMKWBrdQ,west-mclean-virginia
https://www.ubereats.com/washington-dc/food-delivery/margarets-soul-food/4f4aeVL3R8WaUd7RlwOolw,west-mclean-virginia
https://www.ubereats.com/washington-dc/food-delivery/la-campesina/FyeVJ_tXSMm5E7qbFisS6A,west-mclean-virginia
https://www.ubereats.com/washington-dc/food-delivery/wendys-5066-lee-highway/cYuU5HIzTHq_1k8F6uXNyQ,west-mclean-virginia
https://www.ubereats.com/washington-dc/food-delivery/chipotle-mexican-grill-213-maple-ave-e/_PrNqZUtR9eHqlBXRZ8wIg,west-mclean-virginia
https://www.ubereats.com/washington-dc/food-delivery/ba-le-friends-bakery-falls-church/x44-CRt4RwG41Hbjq_cOYA,west-mclean-virginia
https://www.ubereats.com/washington-dc/food-delivery/moge-tee-%E6%84%BF%E8%8C%B6-arlington-blvd/3XCofasvT6uH-IMXiHsfWw,west-mclean-virginia
https://www.ubereats.com/washington-dc/food-delivery/momos-cafe/9ei67BZbQJiqmUX0Q-9gRg,west-mclean-virginia
https://www.ubereats.com/washington-dc/food-delivery/cowboy-cafe-arlington/KczDIsp1QJmzDnCdHiFj1w,west-mclean-virginia
https://www.ubereats.com/washington-dc/food-delivery/b*tch-dont-grill-my-cheese/w_OjJBkxQ5ye329v02-nzQ,west-mclean-virginia
https://www.ubereats.com/washington-dc/food-delivery/sir-sandwich-co/iHRfzkztRrqFAYLZH85yRg,west-mclean-virginia
https://www.ubereats.com/washington-dc/food-delivery/moby-dick-house-of-kabob-vienna/7rumh9pjRAWnOWcsRO-PGQ,west-mclean-virginia
https://www.ubereats.com/washington-dc/food-delivery/grant-hunan/bZO3wfd2QO-AOtDBcmQykw,west-mclean-virginia
https://www.ubereats.com/washington-dc/food-delivery/kilroys/A0agEkpiQCaBJIhUOjQOYA,west-mclean-virginia
https://www.ubereats.com/washington-dc/food-delivery/friends-kabob-vienna/0rJ8kW4vQ0ixj6RJrvaUaA,west-mclean-virginia
https://www.ubereats.com/washington-dc/food-delivery/toryumon-japanese-house-arlington/sKrfTqGORXaAsWZU--mwfw,west-mclean-virginia
https://www.ubereats.com/washington-dc/food-delivery/mcdonalds-beauregard-satellite/mSjtmP4lRRW5fCCMf_SGRw,west-mclean-virginia
https://www.ubereats.com/washington-dc/food-delivery/pelicana/yh4FUEOVRuWRsj6lF7DZ2w,west-mclean-virginia
https://www.ubereats.com/washington-dc/food-delivery/starbucks-falls-plaza/JxTjw5c1TKeEa5GZi5x07g,west-mclean-virginia
https://www.ubereats.com/washington-dc/food-delivery/south-block-ballston/utg-ySW4QvKjCIqL-M8BqA,west-mclean-virginia
https://www.ubereats.com/washington-dc/food-delivery/starbucks-seven-corners/Tp4dEZIxSMWPDYw9ZPHMZg,west-mclean-virginia
https://www.ubereats.com/washington-dc/food-delivery/phat-philly-cheesesteaks/EzmrnURJRs6qlflfO_ge2g,west-mclean-virginia
https://www.ubereats.com/washington-dc/food-delivery/cafe-divan/Ny5sCQZ6QpuFq3jGywOAVQ,west-mclean-virginia
https://www.ubereats.com/washington-dc/food-delivery/chef-geoffs-new-mexico-ave/YbbVq7_qRmOt8FOwZmkPkA,west-mclean-virginia
https://www.ubereats.com/washington-dc/food-delivery/kiin-imm-thai-restaurant/5txXHwmARPKNIOmahpRLpg,west-mclean-virginia
https://www.ubereats.com/washington-dc/food-delivery/panjshir/iauMp5IIRsaAPdA8ewrPAw,west-mclean-virginia
https://www.ubereats.com/washington-dc/food-delivery/satsuma-bethesda/bcNzFeMfQp-FNepP_S2E4Q,west-mclean-virginia
https://www.ubereats.com/washington-dc/food-delivery/bbq-chicken-falls-church-va/FqE1A5DfSx29Y5GNK1EOcA,west-mclean-virginia
https://www.ubereats.com/washington-dc/food-delivery/silver-diner-merrifield/vafyxZdeQPGiUca69iKTgQ,west-mclean-virginia
https://www.ubereats.com/washington-dc/food-delivery/seoulspice-tenleytown/Wcz-SXHUT1Grvx0EFbo_lg,west-mclean-virginia
https://www.ubereats.com/washington-dc/food-delivery/batter-up-by-riya/0r9l4amEThi6WIsaqXssxA,west-mclean-virginia
https://www.ubereats.com/washington-dc/food-delivery/cafe-x-press-bethesda/IaoiWV4vSmGngPRn8yzF6Q,west-mclean-virginia
https://www.ubereats.com/washington-dc/food-delivery/noodles-%26-company-7511-leesburg-pike-ste-101/IaplZHLqSRiQrq3FPvzT5g,west-mclean-virginia
https://www.ubereats.com/washington-dc/food-delivery/georgetown-bagelry/s_KI3EBaQ9ap32_lxJwJNQ,west-mclean-virginia
https://www.ubereats.com/washington-dc/food-delivery/maneki-neko-express/ITALrorBSEO38VDRse6VgA,west-mclean-virginia
https://www.ubereats.com/washington-dc/food-delivery/raouche-cafe/4uEikqnbS6GWYUYsnURnHw,west-mclean-virginia
https://www.ubereats.com/washington-dc/food-delivery/burger-7-dunn-loring/BD0-0pDuT_unCnHr3TUnlw,west-mclean-virginia
https://www.ubereats.com/washington-dc/food-delivery/chipotle-mexican-grill-358-w-broad-st/Js6nYmtGT8aJtBUnRc-92A,west-mclean-virginia
https://www.ubereats.com/washington-dc/food-delivery/stone-hot-pizza/t0nUjFyTS-CVgHnvkbsnMg,west-mclean-virginia
https://www.ubereats.com/washington-dc/food-delivery/wendys-411-east-maple-av/sFsXpyWTQdeGpFBsSBCmkw,west-mclean-virginia
https://www.ubereats.com/washington-dc/food-delivery/cupcakes-%26-more/idakzTO_R5SbKtYOSjzpTQ,west-mclean-virginia
https://www.ubereats.com/washington-dc/food-delivery/simply-fresh/c87q2BKaRLaJUMRxil1AEw,west-mclean-virginia
https://www.ubereats.com/washington-dc/food-delivery/sweetgreen-mosaic/1F9AdLkvRE2uuH0YlGztxA,west-mclean-virginia
