url,city
https://www.ubereats.com/nyc-suburbs/food-delivery/tasty-table/QnCNwSAiR_-crbdJpevVYA,west-haverstraw-new-york
https://www.ubereats.com/nyc-suburbs/food-delivery/dunkin-213-w-route-59/jBAKOdM0TMGp_rmDRag85Q,west-haverstraw-new-york
https://www.ubereats.com/nyc-suburbs/food-delivery/kfc-48-us-9w/Ae8io5kQTwGdhh5I42sP8g,west-haverstraw-new-york
https://www.ubereats.com/nyc-suburbs/food-delivery/mcdonalds-20-welcher-ave/3bU6jl_pTwildZPQ-G6q8Q,west-haverstraw-new-york
https://www.ubereats.com/nyc-suburbs/food-delivery/eons-greek-food-for-life-montvale/uCApu5HbQzGARQuXJ-Pv9A,west-haverstraw-new-york
https://www.ubereats.com/nyc-suburbs/food-delivery/dunkin-274-old-nyack-tpke/ceHFnrGgTeW5yQT9Lk5kuQ,west-haverstraw-new-york
https://www.ubereats.com/nyc-suburbs/food-delivery/city-line-family-restaurant/gf1r0oeEQNq5B_-SpuIrRA,west-haverstraw-new-york
https://www.ubereats.com/nyc-suburbs/food-delivery/carvel-10-north-main-street/E_3-m3L6QPa1gs0FLT70OQ,west-haverstraw-new-york
https://www.ubereats.com/nyc-suburbs/food-delivery/wendys-125-rt-9-west/dgWkMfzHQv2ccFGhLnLcug,west-haverstraw-new-york
https://www.ubereats.com/nyc-suburbs/food-delivery/china-wok/QptMKgMIQ-uHhlneCV6nxg,west-haverstraw-new-york
https://www.ubereats.com/nyc-suburbs/food-delivery/challah-fairy/5ViEiuL1QtemdFztk4yaCw,west-haverstraw-new-york
https://www.ubereats.com/nyc-suburbs/food-delivery/pizza-hut-91-s-route-9w-ste-1/7Et9JmpsT2ivOKKpxZJoKQ,west-haverstraw-new-york
https://www.ubereats.com/nyc-suburbs/food-delivery/eatalia-on-hudson/jD0VXXwgSSSpA9m5R4ZUew,west-haverstraw-new-york
https://www.ubereats.com/nyc-suburbs/food-delivery/koi-21-japanese-cuisine/xHdVSvkASQqlRLXM2eW_aA,west-haverstraw-new-york
https://www.ubereats.com/nyc-suburbs/food-delivery/bagel-boys/PQKSdKAsR_ifrAyrpVkApA,west-haverstraw-new-york
https://www.ubereats.com/nyc-suburbs/food-delivery/novino/s7rr-b6jT5O7GaqedwPQOA,west-haverstraw-new-york
https://www.ubereats.com/nyc-suburbs/food-delivery/empanadas-monumental/p0u0zVLLT-KBbEPIb7TTJA,west-haverstraw-new-york
https://www.ubereats.com/nyc-suburbs/food-delivery/no-1-chinese-kitchen/IWSWlp3LSsuk91cHWfI_hQ,west-haverstraw-new-york
https://www.ubereats.com/nyc-suburbs/food-delivery/longfellows-coffee-mahwah/x0yYkZgGQ8WlZMfk-_-m3A,west-haverstraw-new-york
https://www.ubereats.com/nyc-suburbs/food-delivery/mountainview-deli-bakery-%26-catering/nYtrrilFSgamLF6dd3REHQ,west-haverstraw-new-york
https://www.ubereats.com/nyc-suburbs/food-delivery/whiskey-river/6gR0v3VXQXWY6TfKLcgBVg,west-haverstraw-new-york
https://www.ubereats.com/nyc-suburbs/food-delivery/ditalia-pizzeria-restaurant/IgwSdjikRcGxifQmi_MyfA,west-haverstraw-new-york
https://www.ubereats.com/nyc-suburbs/food-delivery/gleasons/UrTWXRYjTISAae3Lg5BHuQ,west-haverstraw-new-york
https://www.ubereats.com/nyc-suburbs/food-delivery/burger-king-164-south-main-street/EtA7ldLrQBm_598aJrwLmw,west-haverstraw-new-york
https://www.ubereats.com/nyc-suburbs/food-delivery/papas-pizza/JsAJbgxiTvGrb0f8285fEA,west-haverstraw-new-york
https://www.ubereats.com/nyc-suburbs/food-delivery/opa-breakfast-%26-sandwich-shop/XZKCTGaqQ3KWd2LHCZW4rA,west-haverstraw-new-york
https://www.ubereats.com/nyc-suburbs/food-delivery/105-twenty-bar-%26-grill/Phn5FUn0RoOXKHvetImwbA,west-haverstraw-new-york
https://www.ubereats.com/nyc-suburbs/food-delivery/happy-belly-kitchen/zUz9P9GARRqWF0-TI0bcCg,west-haverstraw-new-york
https://www.ubereats.com/nyc-suburbs/food-delivery/off-the-hook-of-haverstraw/vlkZtt1BTFKKjSsJfBZLAQ,west-haverstraw-new-york
https://www.ubereats.com/nyc-suburbs/food-delivery/petey-wheatys/rfyZ21l9REuiph2z2ivrrg,west-haverstraw-new-york
https://www.ubereats.com/nyc-suburbs/food-delivery/ihop-40-spring-valley-market-place/pcrOzeSYSd-Hk0jfcW9_yQ,west-haverstraw-new-york
https://www.ubereats.com/nyc-suburbs/food-delivery/el-sabor-de-guerrero/_bVbZd6KTq-WrJXk-n1Uvg,west-haverstraw-new-york
https://www.ubereats.com/nyc-suburbs/food-delivery/great-wall-cronton/cT6P4vzRQUqR9N-4sZQk0Q,west-haverstraw-new-york
https://www.ubereats.com/nyc-suburbs/food-delivery/bubbakoos-burritos/7VGB_dL5TR2NB4wsZNrQvg,west-haverstraw-new-york
https://www.ubereats.com/nyc-suburbs/food-delivery/cobea-coffee/7Hy-bOSMTm-vc59D6yzkOw,west-haverstraw-new-york
https://www.ubereats.com/nyc-suburbs/food-delivery/fiesta-acapulco/C7b2FcqNSeOh0Px1XKbxcg,west-haverstraw-new-york
https://www.ubereats.com/nyc-suburbs/food-delivery/tacos-marios/cS8a1ulyRbuy98l5fyLbDA,west-haverstraw-new-york
https://www.ubereats.com/nyc-suburbs/food-delivery/dunkin-22-maple-st/NNoD8DJURzKJIjyXMryKwA,west-haverstraw-new-york
https://www.ubereats.com/nyc-suburbs/food-delivery/the-deli-spot/zoxkkvxoTJ-V6p1vruL9CA,west-haverstraw-new-york
https://www.ubereats.com/nyc-suburbs/food-delivery/glaubers/dkccz0yrRs-C2xM0EowGyw,west-haverstraw-new-york
https://www.ubereats.com/nyc-suburbs/food-delivery/pancakes-plus/O0BsA4hNRUyKRXGFM40HlA,west-haverstraw-new-york
https://www.ubereats.com/nyc-suburbs/food-delivery/mcdonalds-254-rt-9-w/FejTSuEdQYSbLHEOsAer3Q,west-haverstraw-new-york
https://www.ubereats.com/nyc-suburbs/food-delivery/smashburger-211-w-route-59/5nJVA_3eTOaAOSn3v7-Pwg,west-haverstraw-new-york
https://www.ubereats.com/nyc-suburbs/food-delivery/city-line-family-restaurant/VnPmJBhNQ5eRZnNw2LJRiQ,west-haverstraw-new-york
https://www.ubereats.com/nyc-suburbs/food-delivery/forno-brickoven-pizzeria/iDKf3d_CSuqz-0-ETGTvXw,west-haverstraw-new-york
https://www.ubereats.com/nyc-suburbs/food-delivery/deli-of-nanuet/klgIDjiGSW6ev0prYWCOxg,west-haverstraw-new-york
https://www.ubereats.com/nyc-suburbs/food-delivery/dunkin-98-roa-hook-rd/4ShFw7JiSACeMXA6XyKWtw,west-haverstraw-new-york
https://www.ubereats.com/nyc-suburbs/food-delivery/huguitos/Me3khqWHSd2lwRVUtXF1Cg,west-haverstraw-new-york
https://www.ubereats.com/nyc-suburbs/food-delivery/food-mart-usa/dZLtFt5qTA6UgbxQaGfX0A,west-haverstraw-new-york
https://www.ubereats.com/nyc-suburbs/food-delivery/mia-grill-%26-bar/Jip3VHVWSSeKRNfujGaPZg,west-haverstraw-new-york
https://www.ubereats.com/nyc-suburbs/food-delivery/georgy-gyros/mrZA28PeT765XvPs61izUA,west-haverstraw-new-york
https://www.ubereats.com/nyc-suburbs/food-delivery/fratellis-trattoria/zq3G3xQQTrWLcb5ivBZ6Vg,west-haverstraw-new-york
https://www.ubereats.com/nyc-suburbs/food-delivery/taco-bell-131-s-route-9w/lALFrX5uQOuOwcI3DjqPBg,west-haverstraw-new-york
https://www.ubereats.com/nyc-suburbs/food-delivery/congers-diner/XmUvubmZT6eFQA5kfshYMg,west-haverstraw-new-york
https://www.ubereats.com/nyc-suburbs/food-delivery/carvel-37-s-route-9/eFf6ava9RNWR8NXAshJfFQ,west-haverstraw-new-york
https://www.ubereats.com/nyc-suburbs/food-delivery/lexington-grille-%26-pub/DdS59vMsQBGZ8aL7rg93PA,west-haverstraw-new-york
https://www.ubereats.com/nyc-suburbs/food-delivery/touch-of-class-caribbean-fusion-cuisine/Xg5msCtFR2-CrbHpD-NoDA,west-haverstraw-new-york
https://www.ubereats.com/nyc-suburbs/food-delivery/pear-tree-hummingbird/q_m2iVELTY-ZHL2tL9p7jw,west-haverstraw-new-york
https://www.ubereats.com/nyc-suburbs/food-delivery/big-daddys-home-plate-bbq/k7DJMp5ZTqKYfazmTn-j2w,west-haverstraw-new-york
https://www.ubereats.com/nyc-suburbs/food-delivery/china-garden-15-s-rt-303/N0uF1Hu5TJa6I_lyO3Pg0A,west-haverstraw-new-york
https://www.ubereats.com/nyc-suburbs/food-delivery/main-street-cafe/YYRnfsxWTp6S0KJJbS0leQ,west-haverstraw-new-york
https://www.ubereats.com/nyc-suburbs/food-delivery/pf-changs-1125-fashion-dr/LvLmc2NVRS-DUkNCvL3alg,west-haverstraw-new-york
https://www.ubereats.com/nyc-suburbs/food-delivery/little-caesars-288-north-main-st/_4AIl-frQUqy7G6W8Hsd9w,west-haverstraw-new-york
https://www.ubereats.com/nyc-suburbs/food-delivery/dunkin-301-route-304/6Y3OQ5CbSEKQZIyhHWuxig,west-haverstraw-new-york
https://www.ubereats.com/nyc-suburbs/food-delivery/subway-1027-park-st/FrAH8U1fS5G0leTekiveXg,west-haverstraw-new-york
https://www.ubereats.com/nyc-suburbs/food-delivery/yummys-pizza/FHdhhKPBThqoBbYoVjibFw,west-haverstraw-new-york
https://www.ubereats.com/nyc-suburbs/food-delivery/cocopine-nyam/vui4q5tJR2q6D6p-XLMoXA,west-haverstraw-new-york
https://www.ubereats.com/nyc-suburbs/food-delivery/dunkin-40-s-route-9w/7yRF_0FmQ-ip0J9ZZSPxkg,west-haverstraw-new-york
https://www.ubereats.com/nyc-suburbs/food-delivery/minsushi/Y6SoHvMjS-CT5yzrxQ5Qtw,west-haverstraw-new-york
https://www.ubereats.com/nyc-suburbs/food-delivery/le-brick/2HU658i1SQi0m9BRYx7GLg,west-haverstraw-new-york
https://www.ubereats.com/nyc-suburbs/food-delivery/shaking-crab-nanuet/cWGSeRh1SF6N9YiQ1ozaCw,west-haverstraw-new-york
https://www.ubereats.com/nyc-suburbs/food-delivery/bombay-grill/qCzzIcUdRDKn5yTFejtcwg,west-haverstraw-new-york
https://www.ubereats.com/nyc-suburbs/food-delivery/el-caribe-on-the-hudson/WRl6-fWjSQ2aOuEf7OlCuA,west-haverstraw-new-york
https://www.ubereats.com/nyc-suburbs/food-delivery/maracas-mexican-bar-%26-grill/24xpEtwcTA60eA2CMJVbzA,west-haverstraw-new-york
https://www.ubereats.com/nyc-suburbs/food-delivery/hava-java/qmkskQUhTHCaZ0u-HSltMw,west-haverstraw-new-york
https://www.ubereats.com/nyc-suburbs/food-delivery/wingburgers/T-EsS4BBTriJVztVtZmsXQ,west-haverstraw-new-york
https://www.ubereats.com/nyc-suburbs/food-delivery/red-lobster-198-west-route-59/f65eeOWuSAiVfAanVVFJJw,west-haverstraw-new-york
https://www.ubereats.com/nyc-suburbs/food-delivery/105-ten-bar-%26-grill/jiYOeiqGReuR6bstvczaIQ,west-haverstraw-new-york
https://www.ubereats.com/nyc-suburbs/food-delivery/sazone-american-and-latin-fusion/6yyeq5IPQiKANWMlNSMjFw,west-haverstraw-new-york
https://www.ubereats.com/new-jersey/food-delivery/eons-greek-food-for-life-montvale/uCApu5HbQzGARQuXJ-Pv9A,west-haverstraw-new-york
https://www.ubereats.com/nyc-suburbs/food-delivery/dunkin-113-albany-post-rd/R1QkLoR6QLiCwKV8L_MDyQ,west-haverstraw-new-york
https://www.ubereats.com/nyc-suburbs/food-delivery/westchester-diner/KCe61DmYTi2pPjSsbYMkew,west-haverstraw-new-york
https://www.ubereats.com/nyc-suburbs/food-delivery/fortune-garden-restaurant/1UFm49TNQr-InAeWM2sCBw,west-haverstraw-new-york
https://www.ubereats.com/nyc-suburbs/food-delivery/casa-del-mar/X_jfWL8GTsC6i_lylmPTOQ,west-haverstraw-new-york
https://www.ubereats.com/nyc-suburbs/food-delivery/rays-pizza/iXkViF7LTgSZ3SKs_NXvqQ,west-haverstraw-new-york
https://www.ubereats.com/nyc-suburbs/food-delivery/noches-de-colombia-nanuet-ny/K0qpxVzjTmiKiNttp6z-zg,west-haverstraw-new-york
https://www.ubereats.com/new-jersey/food-delivery/georgy-gyros/mrZA28PeT765XvPs61izUA,west-haverstraw-new-york
https://www.ubereats.com/nyc-suburbs/food-delivery/hava-java-wesley-hills/99B9toBXSwKQ7dPv2z-JbA,west-haverstraw-new-york
https://www.ubereats.com/nyc-suburbs/food-delivery/dunkin-30-n-main-st/NAiyvavNS9e77IjojN4Lwg,west-haverstraw-new-york
https://www.ubereats.com/nyc-suburbs/food-delivery/namaste-india/GmABeC7NQHCGOJUOjCxTWQ,west-haverstraw-new-york
https://www.ubereats.com/nyc-suburbs/food-delivery/birdsall-house/2rQf0av7TyC-bfw-CRm49g,west-haverstraw-new-york
https://www.ubereats.com/nyc-suburbs/food-delivery/davids-bagels/yKIghrI1RtagWXAuXqgUZg,west-haverstraw-new-york
https://www.ubereats.com/nyc-suburbs/food-delivery/peach-pit/kwbL9PyiT0SYWetrkVtscg,west-haverstraw-new-york
https://www.ubereats.com/nyc-suburbs/food-delivery/bjs-restaurant-%26-brewhouse-1119-fashion-drive/RnVFfiPWSEycYoF9ovue1Q,west-haverstraw-new-york
https://www.ubereats.com/nyc-suburbs/food-delivery/mandarin-restaurant/MfiCF_3xQ8mkpMC_Ri4zeg,west-haverstraw-new-york
https://www.ubereats.com/nyc-suburbs/food-delivery/hilltop-deli-%26-pizza/MYfqSVipQBOg050G3Y25bw,west-haverstraw-new-york
https://www.ubereats.com/nyc-suburbs/food-delivery/fancy-buffet/9bxytkZtQyqcY46vxOr8Lg,west-haverstraw-new-york
https://www.ubereats.com/nyc-suburbs/food-delivery/salsa-fresca-mexican-grill/4nws2QVHTGuJfap81tzgVw,west-haverstraw-new-york
https://www.ubereats.com/nyc-suburbs/food-delivery/dunkin-15-s-route-303/fCWfCi7GS1m42BbSgo0CZw,west-haverstraw-new-york
https://www.ubereats.com/nyc-suburbs/food-delivery/papa-johns-75-main-street/pOYOXW3OTIGsnYfbfGiqtg,west-haverstraw-new-york
https://www.ubereats.com/nyc-suburbs/food-delivery/sushi-bleu-%40-rockland-kosher-supermarket/RxXSKukvTRebRQJX8j7rkA,west-haverstraw-new-york
https://www.ubereats.com/nyc-suburbs/food-delivery/leonardos-italian-deli-%26-catering/Qm91laWLQ1Ocl2HjOYCs7Q,west-haverstraw-new-york
https://www.ubereats.com/nyc-suburbs/food-delivery/dosa-biryani-house/Ofd4vKVQQQKg7yrnsg4bjA,west-haverstraw-new-york
https://www.ubereats.com/nyc-suburbs/food-delivery/kumo-sushi/w2HZXetuR5Og0htkLqgISg,west-haverstraw-new-york
https://www.ubereats.com/nyc-suburbs/food-delivery/kosher-heaven-at-7-11/Eb3P59xERvig2Y0rEmNZKg,west-haverstraw-new-york
https://www.ubereats.com/nyc-suburbs/food-delivery/wings-express-3/nDsbvmQGS1OKsBvZjga1hg,west-haverstraw-new-york
https://www.ubereats.com/nyc-suburbs/food-delivery/la-cascada-restaurant/wg81JGHXReCZhI_RKtHASQ,west-haverstraw-new-york
https://www.ubereats.com/nyc-suburbs/food-delivery/garden-deli-west-haverstraw/miEMs1mlT4miHarmFhSXUQ,west-haverstraw-new-york
https://www.ubereats.com/nyc-suburbs/food-delivery/giovannis-pizza/ltgNJpqvSoGaFU-r1r4YxQ,west-haverstraw-new-york
https://www.ubereats.com/nyc-suburbs/food-delivery/stop-n-go-deli/KVLaBhcNTkCi_7ANak6jIQ,west-haverstraw-new-york
https://www.ubereats.com/nyc-suburbs/food-delivery/airmont-eats/IoD7y7-yTRacxbR7bGPM8g,west-haverstraw-new-york
https://www.ubereats.com/nyc-suburbs/food-delivery/306-southern-bbq/L1GaTtI1Qnusf1Yy2v5i2g,west-haverstraw-new-york
https://www.ubereats.com/nyc-suburbs/food-delivery/subway-242-route-9w/Sq6El6vMTRGWfPsD4Y1kSA,west-haverstraw-new-york
https://www.ubereats.com/nyc-suburbs/food-delivery/papas-pizzeria/wbM_bYJJQJi2JZb0R2oE4w,west-haverstraw-new-york
https://www.ubereats.com/nyc-suburbs/food-delivery/peekskill-gourmet-deli/k3NkBrDtQtWkaUrqB0YqIQ,west-haverstraw-new-york
https://www.ubereats.com/nyc-suburbs/food-delivery/outback-steakhouse-215-larkin-drive/zV-hRgPUSQmriC_ox1iJFQ,west-haverstraw-new-york
https://www.ubereats.com/nyc-suburbs/food-delivery/dunkin-22-w-ramapo-rd/Cr37b6y6SyeTFD8P41CWIQ,west-haverstraw-new-york
https://www.ubereats.com/nyc-suburbs/food-delivery/el-pastor/EA3l-uaERMSUy-JkG_940A,west-haverstraw-new-york
https://www.ubereats.com/nyc-suburbs/food-delivery/nanuet-diner/wniVETP2TT29kt1dfTtPQw,west-haverstraw-new-york
