url,city
https://www.ubereats.com/dallas/food-delivery/roll-n-bowl/grhmH1d6SvqUzBS9bhu5XA,westlake-texas
https://www.ubereats.com/dallas/food-delivery/starbucks-hwy-26-%26-mustang-dr/5IHargamQ7eyjGQh4dp1RQ,westlake-texas
https://www.ubereats.com/dallas/food-delivery/snootypig-cafe/9bElGqkjRpyepCD-nSpL1A,westlake-texas
https://www.ubereats.com/dallas/food-delivery/nestle-toll-house-cafe-by-chip-242-rufe-snow-dr/jtBVCKLpTM6foRfC8WCRgA,westlake-texas
https://www.ubereats.com/dallas/food-delivery/om-indian-grill/ywBIuuGJQ-ipo8aYiatN6g,westlake-texas
https://www.ubereats.com/dallas/food-delivery/zaxbys-701-keller-parkway/nrryFQW1R--c0-SMwpt_sA,westlake-texas
https://www.ubereats.com/dallas/food-delivery/hat-creek-burger-co-roanoke/VU5HiTsYTn6gMkVjbw5I6Q,westlake-texas
https://www.ubereats.com/dallas/food-delivery/sunny-street-cafe/1iIYH8rESFK4RcIEbHpkjA,westlake-texas
https://www.ubereats.com/dallas/food-delivery/rice-pot-colleyville/9lCIJXenRRm6JjapBspZOw,westlake-texas
https://www.ubereats.com/dallas/food-delivery/salata-southlake/n6WU9D-4TDq8kVMi4YkIxw,westlake-texas
https://www.ubereats.com/dallas/food-delivery/joes-pizza-n-pasta-keller/2uPd6PT1RFapcRzmHAH3EQ,westlake-texas
https://www.ubereats.com/dallas/food-delivery/joes-pizza-pasta-%26-subs-southlake/Kdh28ak7RIiwEkRyGYHTJA,westlake-texas
https://www.ubereats.com/dallas/food-delivery/poke-stop/DUddg8OUSoi1-9spVas3Pw,westlake-texas
https://www.ubereats.com/dallas/food-delivery/saikou-sushi-%26-ramen/qGl1D-tARDC6wdtLUojZPw,westlake-texas
https://www.ubereats.com/dallas/food-delivery/five-guys-tx-1402-9180-north-freeway/kVGl_5dzQAuu8270rsYNIg,westlake-texas
https://www.ubereats.com/dallas/food-delivery/sonic-9628-tehama-ridge-parkway/gp8AAgQ1SCmoy5H5gtwphg,westlake-texas
https://www.ubereats.com/dallas/food-delivery/zoes-kitchen-2175-e-southlake-blvd/IHnAghJMTZq9292wRzfShw,westlake-texas
https://www.ubereats.com/dallas/food-delivery/sushi-street/herLfk10SziXwnrOHBFTAA,westlake-texas
https://www.ubereats.com/dallas/food-delivery/jersey-mikes-subs-1431-keller-parkway/0hE0HIbCQVyk4GKKfIRzsg,westlake-texas
https://www.ubereats.com/dallas/food-delivery/wendys-2130-e-southlake-blvd/BCiPPvBMSU-Xp5KkuFcWNA,westlake-texas
https://www.ubereats.com/dallas/food-delivery/krab-kingz-seafood/afmGayZkQ-ShxaMo99d_6Q,westlake-texas
https://www.ubereats.com/dallas/food-delivery/my-cafe-breakfast%26lunch/Y3TEuJ6kSmmx2LCDvy9bEw,westlake-texas
https://www.ubereats.com/dallas/food-delivery/chipotle-mexican-grill-2310-w-southlake-blvd-ste-180/0DOJx-5OS-eBrMXjHL_RsA,westlake-texas
https://www.ubereats.com/dallas/food-delivery/taverna-rossa-southlake/cNYNv99CRpSPToHj6AGVow,westlake-texas
https://www.ubereats.com/dallas/food-delivery/oliva-italian-eatery/HtvYKTIgSxOFDvcpRL64cA,westlake-texas
https://www.ubereats.com/dallas/food-delivery/hermanos-taqueria/_WKdCkauQb2HOvk9VRE5Sw,westlake-texas
https://www.ubereats.com/dallas/food-delivery/indian-kitchen-haltom-city/27mkv9G8TNy4jsEqdt1IRg,westlake-texas
https://www.ubereats.com/dallas/food-delivery/burgerim-5000-st-hwy-114-ste-100/bYkgZH8EQJuX9T2MmzEaJQ,westlake-texas
https://www.ubereats.com/dallas/food-delivery/red-robin-114-1701-william-d-tate-ave/7XEQMqbyRDutljyzhOfi_g,westlake-texas
https://www.ubereats.com/dallas/food-delivery/subway-1101-e-state-hwy-114/Zt-kGwG8Rh2D98oLEUEKvg,westlake-texas
https://www.ubereats.com/dallas/food-delivery/wendys-9140-n-tarrant-pkwy/1qP6tgzNQIi3K-ukLM9BaA,westlake-texas
https://www.ubereats.com/dallas/food-delivery/luna-grill-colleyville/I529XhxsSG2I2oq-RO_nYA,westlake-texas
https://www.ubereats.com/dallas/food-delivery/the-thai-house/zNqPgU19TCydHOHrea_jqw,westlake-texas
https://www.ubereats.com/dallas/food-delivery/buffalo-wild-wings-1525-william-d-tate-ave/jrRGWjiWRp-f7evJSKysFg,westlake-texas
https://www.ubereats.com/dallas/food-delivery/roscoes-smokehouse-keller/GJK9drzHTl-CoBEAL4RdqQ,westlake-texas
https://www.ubereats.com/dallas/food-delivery/utopia-food-%26-fitness/vR4WVPWmS2K4ZtLC6zdOYw,westlake-texas
https://www.ubereats.com/dallas/food-delivery/shell-shack/talGzvoFTvaLZs9CmRmajQ,westlake-texas
https://www.ubereats.com/dallas/food-delivery/papa-johns-2140-east-southlake-boulevard-suite-w/WOhqhtTmTaWMjyhrJx-x-A,westlake-texas
https://www.ubereats.com/dallas/food-delivery/sbarro-3000-grapevine-mills-mall/P6v-JnnsT_eJlO8lI_6T0w,westlake-texas
https://www.ubereats.com/dallas/food-delivery/marcos-pizza-2550-bobcat-blvd/ucnwudqsRniwAFbMxneGVQ,westlake-texas
https://www.ubereats.com/dallas/food-delivery/black-walnut-cafe-colleyville/0AUTO1iURE65rlTURMoewQ,westlake-texas
https://www.ubereats.com/dallas/food-delivery/weinbergers-deli/yoEUSSCDS0u4Ke8InKU9FQ,westlake-texas
https://www.ubereats.com/dallas/food-delivery/hollywood-burger/qrHU4LT9Rx6MJU57_SKEjg,westlake-texas
https://www.ubereats.com/dallas/food-delivery/korean-bowl/qzZwbSZETMyG2eb7j9X3Wg,westlake-texas
https://www.ubereats.com/dallas/food-delivery/fuzzys-taco-shop-480-w-southlake-blvd/zCavS6_TSFC55QPOhCJ3wQ,westlake-texas
https://www.ubereats.com/dallas/food-delivery/taqueria-burritos-locos/u3Tdgk9XRXqSzqL9hgG5qg,westlake-texas
https://www.ubereats.com/dallas/food-delivery/hot-n-creamy-donuts/qdLoltMRRpCDhzGjs8UuxQ,westlake-texas
https://www.ubereats.com/dallas/food-delivery/hat-creek-burger-co-fort-worth/akOc3vgjRASg8FPgAFnzgA,westlake-texas
https://www.ubereats.com/dallas/food-delivery/buttermilk-sky-pie-shop/lndEyISKSreZYTVJxoXhxA,westlake-texas
https://www.ubereats.com/dallas/food-delivery/wendys-1204-n-highway-377/S4FgtvS_SkerqFhyOnOGSw,westlake-texas
https://www.ubereats.com/dallas/food-delivery/hollywood-burger-keller/F7htwNfgRzWYmidiwW2mng,westlake-texas
https://www.ubereats.com/dallas/food-delivery/mcdonalds-ft-worth-tx-shops-at-timberland/TUHHXFaUQBSQgNYs_xRaBA,westlake-texas
https://www.ubereats.com/dallas/food-delivery/hooties-burger-bar-1711-crossroads-drive/4Riia0f5SD-Bhrc-xJlj6g,westlake-texas
https://www.ubereats.com/dallas/food-delivery/chipotle-mexican-grill-2225-e-grapevine-mills-cir/kxK2ifxkQtOOuDuJxUdUjw,westlake-texas
https://www.ubereats.com/dallas/food-delivery/thai-chili/SdHUA51lSom-THf_WES-iA,westlake-texas
https://www.ubereats.com/dallas/food-delivery/judypie/U_s6K42ESG-fpfIhLeQUiA,westlake-texas
https://www.ubereats.com/dallas/food-delivery/great-american-cookie-marble-slab-creamery-2701-heritage-trace-pkwy/d3ZVKYmiSPK4AD7-vpCFNA,westlake-texas
https://www.ubereats.com/dallas/food-delivery/saltgrass-102-state-highway-114-e/AGHimnNKQsO0J1206oTM9w,westlake-texas
https://www.ubereats.com/dallas/food-delivery/jets-pizza-north-richland-hills/Tq-Sruh1TrWakAOpb5fNTw,westlake-texas
https://www.ubereats.com/dallas/food-delivery/swad-indian/8Gdt5wSDROGRlAFu3fFlWw,westlake-texas
https://www.ubereats.com/dallas/food-delivery/taco-bell-4725-golden-triangle-blvd/s4D77MNpS_6hf0luZKpDWA,westlake-texas
https://www.ubereats.com/dallas/food-delivery/sonic-1202-n-hwy-377/Cahrw9d4RGy23sZHsY5zNg,westlake-texas
https://www.ubereats.com/dallas/food-delivery/subway-301-trophy-lake-dr/dr6YB1ZEQjqGM_j9H3qAvg,westlake-texas
https://www.ubereats.com/dallas/food-delivery/krispy-kreme-denton-hwy-%26-starnes-rd/KDMH6_KVSDaLSEygJAX1ww,westlake-texas
https://www.ubereats.com/dallas/food-delivery/sonic-13211-raceway-dr/uJ8HKXx9TACdwxGlf0oUzA,westlake-texas
https://www.ubereats.com/dallas/food-delivery/buca-di-beppo-southlake-tx-114/vGvfolzYRN2NNhkthurmew,westlake-texas
https://www.ubereats.com/dallas/food-delivery/yori/3NmSoTPfTxO0TVPYPFUbhA,westlake-texas
https://www.ubereats.com/dallas/food-delivery/popeyes-13620-raceway-drive/LLZUR9RaRfuYlF_-y3oaeA,westlake-texas
https://www.ubereats.com/dallas/food-delivery/fuzzys-taco-shop-9180-north-fwy-ste-500/cO9VbLpJTv6WiH2NkWRSxg,westlake-texas
https://www.ubereats.com/dallas/food-delivery/our-brunch-spot/CR7JZi0ZTsmAerVqrbWGYw,westlake-texas
https://www.ubereats.com/dallas/food-delivery/tio-carlos-mexican-latin-grill/71wQ3qmMRLmwevdTz7__Xw,westlake-texas
https://www.ubereats.com/dallas/food-delivery/popeyes-601-e-northwest-hwy/JpTG28R-RPaCxoN0fJmMoQ,westlake-texas
https://www.ubereats.com/dallas/food-delivery/fuzzys-taco-shop-600-e-byron-nelson-blvd/Emc7yqh-RsqUiVYQTgFyRg,westlake-texas
https://www.ubereats.com/dallas/food-delivery/ihop-northlake/ZeaR1FMEQlCbX_u4DVJVPw,westlake-texas
https://www.ubereats.com/dallas/food-delivery/pho-bae/RdYoWOf2T3aOa9gTYKhmog,westlake-texas
https://www.ubereats.com/dallas/food-delivery/european-in-texas/lv3KKnrGRTGm5Vjvfqjr3w,westlake-texas
https://www.ubereats.com/dallas/food-delivery/panera-1349-n-highway-377/uWl-kkpiQz67Ah1OKa8Byg,westlake-texas
https://www.ubereats.com/dallas/food-delivery/burgerim-5615-colleyville-blvd/eezsCWGEQUGueSTV8q6X8w,westlake-texas
https://www.ubereats.com/dallas/food-delivery/jack-in-the-box-103-n-main/poCUO9YmSJK_kuS509rpYg,westlake-texas
https://www.ubereats.com/dallas/food-delivery/tropical-smoothie-cafe-fort-worth/pp8jx9kYQzW1MtolpIGp8g,westlake-texas
https://www.ubereats.com/dallas/food-delivery/tacos-azteca-roanoke/9UyoKbFaTZu0HIkMF3nGpw,westlake-texas
https://www.ubereats.com/dallas/food-delivery/sushi-sam/-1sFp88YTDKwO_oM6WX75Q,westlake-texas
https://www.ubereats.com/dallas/food-delivery/here-asian-sushi-%26-bar/WfRgnL3zQx65jCX9xXsf4w,westlake-texas
https://www.ubereats.com/dallas/food-delivery/deli-dun-right/9Xebn_V0QFKsTsvmB-AM_w,westlake-texas
https://www.ubereats.com/dallas/food-delivery/ferraris-italian-villa-grapevine/g7o8x3NkR0us4HW3oivScg,westlake-texas
https://www.ubereats.com/dallas/food-delivery/ozeki-ramen-%26-sushi-izakaya/LH6PsBPCRBGV9bh9UEGdQA,westlake-texas
https://www.ubereats.com/dallas/food-delivery/bjs-restaurant-%26-brewhouse-2201-e-southlake-blvd/YJKckKt2SjatleXCLT6OCA,westlake-texas
https://www.ubereats.com/dallas/food-delivery/mcdonalds-southlake-kimbal/p8nXEGwYSvCnfKFlK20Cvg,westlake-texas
https://www.ubereats.com/dallas/food-delivery/which-wich-superior-sandwiches-2908-texas-sage-trail/lrF9_X9GQ3-uOLLEUwRP9A,westlake-texas
https://www.ubereats.com/dallas/food-delivery/buffalo-wild-wings-2017-s-main-st/Wub6mtB_S46suLU9mZjLMw,westlake-texas
https://www.ubereats.com/dallas/food-delivery/creative-memories-the-sweet-spot-bakery/XorVSo-vSVqHq2_dHjCeEQ,westlake-texas
https://www.ubereats.com/dallas/food-delivery/my-lan-vietnamese-kitchen/HIHPhmVdQ36yUud6RAqoQQ,westlake-texas
https://www.ubereats.com/dallas/food-delivery/mcdonalds-colleyville-tx-colleyville-blvd/MQLqbe-ORe2SzY86tqlLEg,westlake-texas
https://www.ubereats.com/dallas/food-delivery/cafe-republic/jI6vctEiRx-HHWZWKpYWUA,westlake-texas
https://www.ubereats.com/dallas/food-delivery/mount-top-cafe-hot-n-spicy/6v2b1LC5S5W1QPQHuKaxCw,westlake-texas
https://www.ubereats.com/dallas/food-delivery/mcdonalds-keller-jt-otting/H5pHcbImThyCofDvb0OGXQ,westlake-texas
https://www.ubereats.com/dallas/food-delivery/starbucks-southlake-blvd-and-nolen/BdQSw9DJQJmxvo85-g5_9Q,westlake-texas
https://www.ubereats.com/dallas/food-delivery/fng-eats/bDAukcj9QLuV11EUzrM7TQ,westlake-texas
https://www.ubereats.com/dallas/food-delivery/napolis-italian-kitchen/6Wd3QJIZSmKEEOZuq7uGcg,westlake-texas
https://www.ubereats.com/dallas/food-delivery/minerva-indian-cuisine-southlake/QGTuaM8cSFWbhnqWiY3vJw,westlake-texas
https://www.ubereats.com/dallas/food-delivery/glorias-latin-cuisine-1121-e-southlake-blvd/_UIhkIXiSMiwYeyeZaV9Mw,westlake-texas
https://www.ubereats.com/dallas/food-delivery/my-lan-bistro/Vvde_53yQhup_jTPpnlUeg,westlake-texas
https://www.ubereats.com/dallas/food-delivery/chef-point-collyville/ziNwcvDlRfe0ywoslo7FwA,westlake-texas
https://www.ubereats.com/dallas/food-delivery/nepali-chulo-%26-indian-cuisine/vLeWD5J5T16w2STporIhOg,westlake-texas
https://www.ubereats.com/dallas/food-delivery/nyc-bagel-and-sandwich-shop/3178EKffSCiqcUEq-fF8EQ,westlake-texas
https://www.ubereats.com/dallas/food-delivery/luna-grill-fort-worth/jQB4LorqSxKMPXW1QJ6Fvg,westlake-texas
https://www.ubereats.com/dallas/food-delivery/freebirds-world-burrito-9501-sage-meadow-trail/_EMKg-w8QhGjilUPy1JEiA,westlake-texas
https://www.ubereats.com/dallas/food-delivery/tolberts-restaurant/E0auRfDRQ_e9RRP32vWMQw,westlake-texas
https://www.ubereats.com/dallas/food-delivery/smoothie-king-2707-e-southlake-blvd/Q7uNqBcFQ4qiF6qhWhsw1g,westlake-texas
https://www.ubereats.com/dallas/food-delivery/starwood-cafe-north-richland-hills/pRgNHJekRn6Zlsot8o_IRA,westlake-texas
https://www.ubereats.com/dallas/food-delivery/snappy-salads-southlake-blvd/phst6QmiSXO8H5ykHxKpTQ,westlake-texas
https://www.ubereats.com/dallas/food-delivery/famous-fatsos-burgers/hXeGkzanQ7GLV5WbKWESpg,westlake-texas
https://www.ubereats.com/dallas/food-delivery/muggle-shakes/ff1tjrjoR5K-xre8t9b2zA,westlake-texas
https://www.ubereats.com/dallas/food-delivery/chipotle-mexican-grill-3010-e-southlake-blvd-%23-600/D0GqXZZVRLmX5qRKH-Cvbg,westlake-texas
https://www.ubereats.com/dallas/food-delivery/il-paradiso/8uCldoiVSB6A1YY_Zj7ilg,westlake-texas
https://www.ubereats.com/dallas/food-delivery/taco-bueno-3128-alliance-%231/3Rlj0tQaQvSWX0gnIIQA3Q,westlake-texas
https://www.ubereats.com/dallas/food-delivery/bumbershoot-barbecue/5JsADst-SSS78035zPqnUg,westlake-texas
https://www.ubereats.com/dallas/food-delivery/pei-wei-2901-heritage-trace-parkway-suite-105/SzTjf4YpR6Wrq7RIQP5eZg,westlake-texas
https://www.ubereats.com/dallas/food-delivery/daily-pho-grapevine/Q9zNyrH0SVqcmBW-iDY_kg,westlake-texas
https://www.ubereats.com/dallas/food-delivery/los-cuando-best-burritos/ht_z6YrTTGGv--BltIM83A,westlake-texas
https://www.ubereats.com/dallas/food-delivery/ozeki-sushi-%26-ramen/fYftehmhRmSD9w6PDyEaGQ,westlake-texas
https://www.ubereats.com/dallas/food-delivery/f2-fusion-flavors/M_uPDSkDRzCrYddzDv6jsA,westlake-texas
https://www.ubereats.com/dallas/food-delivery/keller-donuts-%26-munchies/9WMIICnNRIiuvgwpOOfOEQ,westlake-texas
https://www.ubereats.com/dallas/food-delivery/papa-murphys-8536-davis-boulevard-suite-200/_1LNXMpKT4CGe0JV-CmaBQ,westlake-texas
https://www.ubereats.com/dallas/food-delivery/simply-thai-keller/3o7YHuGRTMKTl8-FdmK41Q,westlake-texas
https://www.ubereats.com/dallas/food-delivery/fosters/nSrb9W7DT8OcgGWiZmqzFQ,westlake-texas
https://www.ubereats.com/dallas/food-delivery/mexican-inn-cafe-keller/ZZIE_P9qRBW_5gU37mU3Ag,westlake-texas
https://www.ubereats.com/dallas/food-delivery/tazikis-mediterranean-cafe-southlake/HMZhEPiqTq-Hp63kzL3SyA,westlake-texas
https://www.ubereats.com/dallas/food-delivery/italiannis-restaurant/hk3Jw2DERz6bp9ySNDyUig,westlake-texas
https://www.ubereats.com/dallas/food-delivery/sonic-8875-grapevine-hwy/TkHr3MD8RWGY7WKxmncThw,westlake-texas
https://www.ubereats.com/dallas/food-delivery/lava-asian-grill/cA0PD9AVR6-5Y2z66wUpTA,westlake-texas
https://www.ubereats.com/dallas/food-delivery/ra-sushi-southlake/Ybh2v9oRR_SsdRG9hd-QZw,westlake-texas
https://www.ubereats.com/dallas/food-delivery/boston-market-494-grapevine-hwy/LfY8nHdsSZC6Tws1g5Tuww,westlake-texas
https://www.ubereats.com/dallas/food-delivery/starbucks-davis-%26-precinct-line/bIrRD7E1S8SxrBvKrXlbCQ,westlake-texas
https://www.ubereats.com/dallas/food-delivery/howard-wangs-china-grill-southlake-blvd/ILgl5WsvS7CkMyP-x7e9ug,westlake-texas
https://www.ubereats.com/dallas/food-delivery/schlotzskys-2000-w-southlake-blvd/SbW4C_TVT4mcv03_Yg5Vhg,westlake-texas
https://www.ubereats.com/dallas/food-delivery/pressed-juicery-southlake-market-place/4l6eiFw5TViiobzNQ8k0-w,westlake-texas
https://www.ubereats.com/dallas/food-delivery/kfc-taco-bell-101-north-kimball-avenue/yjdrbaXARHucskIoKEhFpw,westlake-texas
https://www.ubereats.com/dallas/food-delivery/subway-12404-timberland-blvd/z3XrOS9UTCyK0w0qr3kDJA,westlake-texas
https://www.ubereats.com/dallas/food-delivery/panda-express-215-north-kimball-ave/W04YPto5QMq8rtrLy6WNAQ,westlake-texas
https://www.ubereats.com/dallas/food-delivery/chicken-express-keller/ObIA6lyJTS-emXlX2rAJcw,westlake-texas
https://www.ubereats.com/dallas/food-delivery/jack-in-the-box-8416-davis-blvd/AGWGlxDZTau5-DiAXYVHwg,westlake-texas
https://www.ubereats.com/dallas/food-delivery/pei-wei-asian-diner-1582-e-southlake-blvd/692PxBNxSIeM-zts1XsHcg,westlake-texas
https://www.ubereats.com/dallas/food-delivery/starbucks-william-d-tate-%26-hwy-114/rVEDwYqtSJ6nEQhFz3_vdg,westlake-texas
https://www.ubereats.com/dallas/food-delivery/tangs-pacific-bistro/-WWKpUKMRemeGqOHmi96rw,westlake-texas
https://www.ubereats.com/dallas/food-delivery/grimaldis-grapevine/y8Gb_w7qQiuZ7f61G0zmow,westlake-texas
https://www.ubereats.com/dallas/food-delivery/baja-mex-grill/UA_JWDF0QlqLGkOXKL2fLg,westlake-texas
https://www.ubereats.com/dallas/food-delivery/subway-409-e-northwest-hwy/_HsNgX3HS3qHjgCR4o3eAg,westlake-texas
https://www.ubereats.com/dallas/food-delivery/starbucks-1709-%26-rufe-snow-drive/QWCWThShRrSrUygGkao9uA,westlake-texas
https://www.ubereats.com/dallas/food-delivery/starbucks-davis-%26-1709/O46seqB9S7Oxnpc34ncQcw,westlake-texas
https://www.ubereats.com/dallas/food-delivery/amano-italian-bistro/yA0wpQaqT-O2kQehbcYKNw,westlake-texas
https://www.ubereats.com/dallas/food-delivery/wing-squad-dallas-southlake/nuaprzmPSSup5j0oRzMPmQ,westlake-texas
https://www.ubereats.com/dallas/food-delivery/craft-%26-vine/XcXX2TXLRzuWtF51W_9aJQ,westlake-texas
https://www.ubereats.com/dallas/food-delivery/modern-market-e-southlake/YIafwY3RTNed8i4jUu85dg,westlake-texas
https://www.ubereats.com/dallas/food-delivery/subway-151-ridgepoint-pkwy/_f_G38iaQgid2kGPSr88vQ,westlake-texas
https://www.ubereats.com/dallas/food-delivery/chipotle-mexican-grill-2901-heritage-trace-pkwy-ste-101/26EfiACFQkC4whqRfombuw,westlake-texas
https://www.ubereats.com/dallas/food-delivery/pink-beet-cafe/WE1UDQ_FQd6CpgYeFxCY6Q,westlake-texas
https://www.ubereats.com/dallas/food-delivery/soulbird-chkn-shack-%26-wing-bar/QLb2cfAYSli_WsKRbzcGhQ,westlake-texas
https://www.ubereats.com/dallas/food-delivery/delucca-gaucho-pizza-%26-wine/KK8WW5GqQeqlzCvQLOfV8w,westlake-texas
https://www.ubereats.com/dallas/food-delivery/boomerjacks-grill-%26-bar-grapevine/NJCeE4SIQgG7zTkcO3ib9w,westlake-texas
https://www.ubereats.com/dallas/food-delivery/wendys-2420-westport-pkwy/rpjHHzUGS--iw_Fzv-z37w,westlake-texas
https://www.ubereats.com/dallas/food-delivery/papa-murphys-pizza-tx048-12345-alta-vista-road/gbmrQZdfQteLpsz8DFBqlA,westlake-texas
https://www.ubereats.com/dallas/food-delivery/dks-twisted-smokers-bbq-and-grill/PfUdwGIuSWq84vLVdJVlBg,westlake-texas
https://www.ubereats.com/dallas/food-delivery/mesa-mexican-cuisine/N8cDM2MBQW-xlU7tmx-obQ,westlake-texas
https://www.ubereats.com/dallas/food-delivery/burger-street-roanoke/hnVaHFjgQmmrq-hf0oOgnw,westlake-texas
https://www.ubereats.com/dallas/food-delivery/sonic-4500-golden-triangle-blvd/84MIjkJ0QKGI6vOZ_Mb7GA,westlake-texas
https://www.ubereats.com/dallas/food-delivery/yogurtland-1251-e-southlake-blvd/Vkf30mAoTHqza4O7rX6lQQ,westlake-texas
https://www.ubereats.com/dallas/food-delivery/bosses-pizza/YP2r5YGrRd24af0ybxiUAQ,westlake-texas
https://www.ubereats.com/dallas/food-delivery/del-friscos-grille-1200-e-southlake-blvd/bFOQvuHGTWmk1ZlXPixylA,westlake-texas
https://www.ubereats.com/dallas/food-delivery/tokyo-sushi-asian-food-and-bar/pmh8b9iWTyWD3FcMJxE9RQ,westlake-texas
https://www.ubereats.com/dallas/food-delivery/cristinas-fine-mexican-restaurant-trophy-club/MW3Zi_BMTkmj9ATcs_tz9Q,westlake-texas
https://www.ubereats.com/dallas/food-delivery/potbelly-sandwich-shop-southlake-%7C-342/euKaQ7YyRW6ACJuVaeMYkA,westlake-texas
https://www.ubereats.com/dallas/food-delivery/the-bistro-at-marriott-courtyard-%26-town-suites-grapevine/2VZQxsgzQSmEhR4nv7_-FQ,westlake-texas
https://www.ubereats.com/dallas/food-delivery/starbucks-hwy-26-%26-church/Zek8iBmcQoWhafI5affbMQ,westlake-texas
https://www.ubereats.com/dallas/food-delivery/el-pollo-loco-8817-n-freeway3864/NclWRTaJQeajFWMHkohdUQ,westlake-texas
https://www.ubereats.com/dallas/food-delivery/the-original-pancake-house-1505-william-d-tate-ave/TZoounYHS4Os0Gnv1C_WKQ,westlake-texas
https://www.ubereats.com/dallas/food-delivery/five-guys-tx-0321-242-state-st/voixGrRxQgmU8VP3C8uzgw,westlake-texas
https://www.ubereats.com/dallas/food-delivery/the-station-patio-icehouse/VQMgCnJHRT-v9YZhSPOLxg,westlake-texas
https://www.ubereats.com/dallas/food-delivery/waffle-way-1206-w-northwest-hwy/82WFVONpT-eOauR2DBiwwg,westlake-texas
https://www.ubereats.com/dallas/food-delivery/soul-bird-wings/xo4Zj5N8QO6MZeKYxmzYbg,westlake-texas
https://www.ubereats.com/dallas/food-delivery/dlites-shoppe/btXqtirATHCtlk81wLh4Iw,westlake-texas
https://www.ubereats.com/dallas/food-delivery/yogurtland-1251-e-southlake-blvd/749TwfhkQvKeu08uTSCrsg,westlake-texas
https://www.ubereats.com/dallas/food-delivery/chard-southeast-asian-kitchen-fort-worth/7VLhtgN2ToWJdTY4uRb-zQ,westlake-texas
https://www.ubereats.com/dallas/food-delivery/crazy-cowboy/vcaF4nLtT4ivnsPG8MM9Bw,westlake-texas
https://www.ubereats.com/dallas/food-delivery/wild-blueberries-frozen-yogurt-gelato-boba-tea-and-coffees/eXQHa-L9Rm6uX29sTZENRA,westlake-texas
https://www.ubereats.com/dallas/food-delivery/red-hot-%26-blue-n-richland-hills/NgX7vEVCSpWMrZhbSN9trw,westlake-texas
https://www.ubereats.com/dallas/food-delivery/popeyes-1125-s-main-street/XpGJdp8MRUOIhP1mtGJjbw,westlake-texas
https://www.ubereats.com/dallas/food-delivery/the-beacon-cafe-on-the-beach/V-wMWt87RAyiYQyANhV8ag,westlake-texas
https://www.ubereats.com/dallas/food-delivery/whats-cook-n-chef/dGGSeFH2Qr6D_p9JUYn-1g,westlake-texas
https://www.ubereats.com/dallas/food-delivery/palios-pizza-cafe-grapevine/mLEl_X6oQe2oxm1izregeg,westlake-texas
https://www.ubereats.com/dallas/food-delivery/spice-8/koHubseGSOKBWtvAqP6vwg,westlake-texas
https://www.ubereats.com/dallas/food-delivery/la-burger-north-main/-fkwMipEQGCxsmxX98eniQ,westlake-texas
https://www.ubereats.com/dallas/food-delivery/rush-bowls-keller/vSeoHrj2QjGSoRwozeb8wQ,westlake-texas
https://www.ubereats.com/dallas/food-delivery/the-hot-potato/oSpA1N1yQDOZvRJtzbPriQ,westlake-texas
https://www.ubereats.com/dallas/food-delivery/papa-johns-940-keller-parkway-suite-280/jbgENO9kRDSgpf-fS_sJBQ,westlake-texas
https://www.ubereats.com/dallas/food-delivery/hooters-cross-roads-dr-%26-william-d-tate-ave/U95bB2eGQqWGgEgDHM_syA,westlake-texas
https://www.ubereats.com/dallas/food-delivery/fireside-pies-grapevine/A2t2xLqKSK6eUegUhhsi5w,westlake-texas
https://www.ubereats.com/dallas/food-delivery/pho-in-the-box-keller/GD4P9KrSRLKXxHtqitNvBA,westlake-texas
https://www.ubereats.com/dallas/food-delivery/first-watch-alliance/zMdOqzHIQXCLzp07siNddw,westlake-texas
https://www.ubereats.com/dallas/food-delivery/jersey-mikes-subs-southlake-2645-e-southlake-blvd/KUh8ynBBS-esZRioW6PU7Q,westlake-texas
https://www.ubereats.com/dallas/food-delivery/taco-bell-8170-precinct-line-road/VKtKjfFSS7-GlSF5UcDecA,westlake-texas
https://www.ubereats.com/dallas/food-delivery/sunny-street-cafe-roanoke/xpZjZTibQGmIdWtpUDkByg,westlake-texas
https://www.ubereats.com/dallas/food-delivery/subway-1228-n-highway-377/RCSpwiNFTs2BYusgrxIu5w,westlake-texas
https://www.ubereats.com/dallas/food-delivery/palios-pizza-cafe-keller/C987vNdgQDaO4vb03QDXjw,westlake-texas
https://www.ubereats.com/dallas/food-delivery/jets-pizza-fort-worth/oRFpR6FMTIe4z_9-NFwqPg,westlake-texas
https://www.ubereats.com/dallas/food-delivery/tommy-tamale-grapevine/Y7NJD-arRkWir5KF0km2Rw,westlake-texas
https://www.ubereats.com/dallas/food-delivery/chick-fil-a-2301-e-southlake-blvd/qINV8wqbSbaLJz0BB7gioA,westlake-texas
https://www.ubereats.com/dallas/food-delivery/mar-cosina/3TJ92vB7QUmqdCwDz345Xw,westlake-texas
https://www.ubereats.com/dallas/food-delivery/luna-grill-southlake/86lgkb7ER1O5dMHB3M0wjw,westlake-texas
https://www.ubereats.com/dallas/food-delivery/sonic-771-keller-parkway/6tEZEepNR_WBYgcZZHn6hA,westlake-texas
https://www.ubereats.com/dallas/food-delivery/papa-johns-4718-colleyville-blvd/9ZZktW-3RrCYURi4-z9qdw,westlake-texas
https://www.ubereats.com/dallas/food-delivery/buffalos-express-6039-precinct-line-road/EYU7pw7lR8OfIFQ6IFbkKA,westlake-texas
https://www.ubereats.com/dallas/food-delivery/kimsdonut/naug9th-QTeymjl9I0Ucqg,westlake-texas
https://www.ubereats.com/dallas/food-delivery/honey-baked-ham-2221-porter-creek-dr/QhgBg8VpSIG9typU7-UBaw,westlake-texas
https://www.ubereats.com/dallas/food-delivery/chick-fil-a-1245-william-d-tate-ave/IvNP3S9NTo2BgefRRP9tFw,westlake-texas
https://www.ubereats.com/dallas/food-delivery/champ-donut-company/VC4cE6fBTlewSbt2AWvm9g,westlake-texas
https://www.ubereats.com/dallas/food-delivery/corner-bakery-cafe-100-state-st/IiBlz2IRRNqqaSyiphV73Q,westlake-texas
https://www.ubereats.com/dallas/food-delivery/pure-cafe/Ys7VZ0StTn-dgIecdUhWZA,westlake-texas
https://www.ubereats.com/dallas/food-delivery/pho-xpress-grapevine/us4192ItQG21-qrkeDcGcw,westlake-texas
https://www.ubereats.com/dallas/food-delivery/starbucks-hwy-377-and-fm1709/CBqA70hXTiyHcMCnPoqUZg,westlake-texas
https://www.ubereats.com/dallas/food-delivery/papa-johns-8945-tehama-ridge-parkway/b11oYH7MRiWXFeIXkwlawA,westlake-texas
https://www.ubereats.com/dallas/food-delivery/inzo-italian-kitchen/LbHdoyOzT-SjYNuQvmOOyg,westlake-texas
https://www.ubereats.com/dallas/food-delivery/mama-bear-cafe/ugU86N7QTXyg2-5Wf5O8kw,westlake-texas
https://www.ubereats.com/dallas/food-delivery/king-pho-sushi-bar/HqgGBUmyRce5B7Z5rUF4SQ,westlake-texas
https://www.ubereats.com/dallas/food-delivery/panda-express-9013-north-freeway/GWFZx043TCiCe8BY9unHnA,westlake-texas
https://www.ubereats.com/dallas/food-delivery/kyushi-hibachi-%26-san/AGijL3EWQ8urRNxVYp4FZg,westlake-texas
https://www.ubereats.com/dallas/food-delivery/the-rock-wood-fired-pizza-fort-worth/opto1ZbtQiCymZhIRU_UpA,westlake-texas
https://www.ubereats.com/dallas/food-delivery/tap-in-grill-%26-pub/qIwrt95uQiKrKV573P683A,westlake-texas
https://www.ubereats.com/dallas/food-delivery/subway-1224-n-us-377/6uegjLbeR0m_FcMcM19Scg,westlake-texas
https://www.ubereats.com/dallas/food-delivery/aloha-chicken-and-shrimp/_8XrKIjTRA2rrFr-4wd8mA,westlake-texas
https://www.ubereats.com/dallas/food-delivery/shake-shack-125-central-avenue/tEd__b3PStSt-uM9Bg8wag,westlake-texas
https://www.ubereats.com/dallas/food-delivery/cold-stone-creamery-2948-texas-sage-trail/64wLeuyYQqGFAF2I9t6XRg,westlake-texas
https://www.ubereats.com/dallas/food-delivery/chicken-salad-chick-fort-worth/b9JawLymSbCeWTBZQC4mVQ,westlake-texas
https://www.ubereats.com/dallas/food-delivery/hashi-japanese-kitchen/0tmWzhR5RgaPZdVP0afIpw,westlake-texas
https://www.ubereats.com/dallas/food-delivery/grandpas-popcorn/hlyZRbZLSduI6e_01SqkFQ,westlake-texas
https://www.ubereats.com/dallas/food-delivery/creamistry-southlake/FngPgpFjQnmkoqIt5bDXGQ,westlake-texas
https://www.ubereats.com/dallas/food-delivery/panda-express-3540-highway-114/jv4CqMyATOm3nBdg3PSTXQ,westlake-texas
https://www.ubereats.com/dallas/food-delivery/pf-changs-650-hwy-114/ayZGC-aaRqeQSMuhlTgY8A,westlake-texas
https://www.ubereats.com/dallas/food-delivery/benjamins-pizza-kitchen/tNofwLaVQ4mgt9wOk4oc7w,westlake-texas
https://www.ubereats.com/dallas/food-delivery/muggle-shakes-frozen-yogurt/3EdaJeaxR1CGneT7jw6Nyg,westlake-texas
https://www.ubereats.com/dallas/food-delivery/pza-dallas-southlake/E7qyg0GZSoaQiA2ozWb5aQ,westlake-texas
https://www.ubereats.com/dallas/food-delivery/mcdonalds-roanoke-tx-hwy-377-hwy-114/whID7UyYSeGLuhm_9chZJA,westlake-texas
https://www.ubereats.com/dallas/food-delivery/freebirds-world-burrito-1501-william-d-tate-avenue/DodK-WJLRleJfCwt_OkWKg,westlake-texas
https://www.ubereats.com/dallas/food-delivery/mod-pizza-alliance/3hxPyIcxSoSX6_5lR1FM0w,westlake-texas
https://www.ubereats.com/dallas/food-delivery/glorias-latin-cuisine-5611-colleyville-blvd-%23300/ahzq0LOyQ5OtwJrO2QDvVQ,westlake-texas
https://www.ubereats.com/dallas/food-delivery/dragon-house/s3LBjdwjQAya6tkr5TmOuA,westlake-texas
https://www.ubereats.com/dallas/food-delivery/coolgreens-southlake/e99UqatyRhS91fRKx_R_zg,westlake-texas
https://www.ubereats.com/dallas/food-delivery/tokyo-samurai-hibachi-sushi/3RG1-sRrTKaJL9S8hiOQEQ,westlake-texas
https://www.ubereats.com/dallas/food-delivery/thai-monkey/efJh71MaQw-J8OBY1_aWNQ,westlake-texas
https://www.ubereats.com/dallas/food-delivery/joes-pizza-%26-pasta/ZbFSE6AkToSEmzZguWRDSw,westlake-texas
https://www.ubereats.com/dallas/food-delivery/napols-pizza/bJWpL3VKQii20Kn4XOj6cA,westlake-texas
https://www.ubereats.com/dallas/food-delivery/ny-pizza-%26-pasta/gSLgYSjrSmmhTbkyiXmS1A,westlake-texas
https://www.ubereats.com/dallas/food-delivery/dairy-queen-5441-rufe-snow-dr/fJSzxn0KR0uYzxRkLfWEbg,westlake-texas
https://www.ubereats.com/dallas/food-delivery/cinnaholic-southlake-blvd/2m0zMhiZSbSnW_A_523Hcw,westlake-texas
https://www.ubereats.com/dallas/food-delivery/italian-bistro/T6xBuvDmQui_sf-im_W4Vg,westlake-texas
https://www.ubereats.com/dallas/food-delivery/lava-10/fMWZvxbIQVGDbKptKvj68A,westlake-texas
https://www.ubereats.com/dallas/food-delivery/starwood-cafe-north-richland-hills/61eadjGHTgu2qkvsCLTlPw,westlake-texas
https://www.ubereats.com/dallas/food-delivery/sushi-nomi/C4N7NUILRVOdG4MOBYxnqA,westlake-texas
https://www.ubereats.com/dallas/food-delivery/taco-bell-1134-william-d-tate-ave/n8AzN-d3RqaHAvbHIYlKWQ,westlake-texas
https://www.ubereats.com/dallas/food-delivery/euros-gyros/YOL6S8_FTuKLvPohFMnRJg,westlake-texas
https://www.ubereats.com/dallas/food-delivery/starbucks-southlake-town-square/fdv7sBZvR6qs2FPvLG9G5w,westlake-texas
https://www.ubereats.com/dallas/food-delivery/los-molcajetes-mexican-restaurant-roanoke/DreE3IOnSIKPZHnnd6fh0Q,westlake-texas
https://www.ubereats.com/dallas/food-delivery/on-the-border-roanoke/lFnD-PdqTDqJt1erxqk7Rg,westlake-texas
https://www.ubereats.com/dallas/food-delivery/m-%26-k-mediterranean-grill/YAnnbrNGTgq87344VN1nbg,westlake-texas
https://www.ubereats.com/dallas/food-delivery/sabai-sabai-southeast-asian-kitchen/cl1GrYsiQjii3ygR-5RBJg,westlake-texas
https://www.ubereats.com/dallas/food-delivery/starbucks-hwy-377-%26-hwy-114/XzXtO-DwTNS6kYm1SVyc9Q,westlake-texas
https://www.ubereats.com/dallas/food-delivery/panda-express-1345-hwy-377/PKmPYtUORDWl4anqGmg4Gw,westlake-texas
https://www.ubereats.com/dallas/food-delivery/golden-thai-cuisine/4pU6DlQEQUKGGqtt0tV3xg,westlake-texas
https://www.ubereats.com/dallas/food-delivery/mother-clucker/5hS-B8HQSbeSYz1bS4YYYQ,westlake-texas
https://www.ubereats.com/dallas/food-delivery/coal-vines-pizza-southlake/ISCMb4r1TQSCpQM-zsw1iA,westlake-texas
https://www.ubereats.com/dallas/food-delivery/bahama-bucks-4605-colleyville-blvd/DSxb-z6sS-q7QLzo4Law0w,westlake-texas
https://www.ubereats.com/dallas/food-delivery/uncle-julios-alliance/OyNNWC-VRH6EBGuUEyIlTA,westlake-texas
https://www.ubereats.com/dallas/food-delivery/benihana-1131-east-southlake-blvd/QO5Xl0kAQbu87i-lsf7ayQ,westlake-texas
https://www.ubereats.com/dallas/food-delivery/chapps-burgers-keller-pkwy/XMd6wF0pQKqgdaEhwRALLQ,westlake-texas
https://www.ubereats.com/dallas/food-delivery/sonic-180-davis-blvd/W4flcCS6RzKb8bNzN32W6g,westlake-texas
https://www.ubereats.com/dallas/food-delivery/schlotzskys-1085-s-main-st/6yM9biaSSqGQ05Dhirl8lw,westlake-texas
https://www.ubereats.com/dallas/food-delivery/coffee-tree-cafe/OYn8v8MJQZyQ_8v4czkfhQ,westlake-texas
https://www.ubereats.com/dallas/food-delivery/chick-fil-a-1002-keller-pkwy/aT-xDXA8TdGCJkhdPrLhNA,westlake-texas
https://www.ubereats.com/dallas/food-delivery/manna-donut/RVgx496yShKQ4MUYe-SY4Q,westlake-texas
https://www.ubereats.com/dallas/food-delivery/elote-mexican-kitchen/0Y69t6tdTg2-nIkqbBeLGw,westlake-texas
https://www.ubereats.com/dallas/food-delivery/mi-pueblo-%23-2/RcRVTY3XQX6KW7XpWr1xxg,westlake-texas
https://www.ubereats.com/dallas/food-delivery/papa-johns-208-east-tx-highway-114/09rUPaWdRjqfAg5iKaj1CQ,westlake-texas
https://www.ubereats.com/dallas/food-delivery/rockfish-seafood-%26-grill-southlake/jyF5_80DRryZEdfYjKlVRQ,westlake-texas
https://www.ubereats.com/dallas/food-delivery/firehouse-subs-1411-keller-pkwy/NkaQ3GQ8SS6uSrcaCZTCAQ,westlake-texas
https://www.ubereats.com/dallas/food-delivery/chicken-express-southlake/If799by2S6y-lCXAsqPp2A,westlake-texas
https://www.ubereats.com/dallas/food-delivery/duffs-famous-wings/MpO09LtAQK6PleNN4jUmDA,westlake-texas
https://www.ubereats.com/dallas/food-delivery/zaritas-mexican-grill/XkkaYRuPQcu6E1MeSc4RYw,westlake-texas
https://www.ubereats.com/dallas/food-delivery/steel-city-pops-1141-e-southlake-blvd/8mcUGVwQSYi6e6y0U7UYaw,westlake-texas
https://www.ubereats.com/dallas/food-delivery/nikis-italian-bistro/2xhi1K5iT4SlTmvFv4RILA,westlake-texas
https://www.ubereats.com/dallas/food-delivery/seven-mile-cafekeller/PEtFCN4jRoOzGMYkhMdQMA,westlake-texas
https://www.ubereats.com/dallas/food-delivery/chicken-express-8657-n-beach-st/PLIjlzD4RjOMgf3_gbEhbg,westlake-texas
https://www.ubereats.com/dallas/food-delivery/sweet-%26-sawyer-ice-cream-%26-candy-shop/WwAnXPGLTNmuL4iNPXuLlw,westlake-texas
https://www.ubereats.com/dallas/food-delivery/malai-kitchen-southlake/vhHn_tf-S6aH3LRrP9Iixw,westlake-texas
https://www.ubereats.com/dallas/food-delivery/lennys-grill-%26-subs-1231-william-d-tate-ave/d8DxW-vvRtuJU0bctR5qZw,westlake-texas
https://www.ubereats.com/dallas/food-delivery/great-harvest-bread-co-1241-e-hwy-114-ste-160/sfgpT0JrS6W9DTypl0AWiA,westlake-texas
https://www.ubereats.com/dallas/food-delivery/newks-eatery/LlnRG6AqQtS9z2-woxWQPg,westlake-texas
https://www.ubereats.com/dallas/food-delivery/donnas-donuts/-GfEWqgbT96UHd3g0rdWJQ,westlake-texas
https://www.ubereats.com/dallas/food-delivery/central-donuts-%26-bakery/K-P784yzQVaKow1cC7DQbA,westlake-texas
https://www.ubereats.com/dallas/food-delivery/pie-five-pizza-keller/_Hi6x3EmSdu6-cKeb0p9VA,westlake-texas
https://www.ubereats.com/dallas/food-delivery/krispy-kreme-grapevine/luwt6nIVRe6vDm2SMZe2ag,westlake-texas
https://www.ubereats.com/dallas/food-delivery/starbucks-trophy-lake-%26-hwy-114/-_Fs1ewvTR6dkz80skRlTw,westlake-texas
https://www.ubereats.com/dallas/food-delivery/chick-fil-a-1300-n-highway-377/VvEF8D9NQOeShvWjX8roLw,westlake-texas
https://www.ubereats.com/dallas/food-delivery/bread-zeppelin-salads-southlake/Aj1XZ58GSdaGgHgnMkahZw,westlake-texas
https://www.ubereats.com/dallas/food-delivery/bahama-bucks-5636-n-tarrant-pkwy-suite-100/DI4x6UVjR8GMhwLNwsuBug,westlake-texas
https://www.ubereats.com/dallas/food-delivery/pho-real/2MDS3yivRJaXz37CiiakZA,westlake-texas
https://www.ubereats.com/dallas/food-delivery/sweeties-cheesecakes/Pa_3ch_CSCW8l4US7Y7t2g,westlake-texas
https://www.ubereats.com/dallas/food-delivery/taco-bell-702-east-highway-114/c4r9WOInTrCR2y0rfZidnQ,westlake-texas
https://www.ubereats.com/dallas/food-delivery/churchills-fish-and-chips/Vea9bxUDQvqNSsKA_Mk8ng,westlake-texas
https://www.ubereats.com/dallas/food-delivery/new-york-pizza-%26-pasta/vboKhCqjRlaL-bsV2t4yRw,westlake-texas
https://www.ubereats.com/dallas/food-delivery/la-burger-keller-pkwy/xjpFzLXQSOawkBxv1dRong,westlake-texas
https://www.ubereats.com/dallas/food-delivery/vitality-bowls-2750-e-southlake-blvd-suite-110/1xMIJBNiTiyH00WRn6WEUg,westlake-texas
https://www.ubereats.com/dallas/food-delivery/chez-fabien-main-street-bistro-%26-bakery/D6FuegfmTFu9-ipI_Hgnbw,westlake-texas
https://www.ubereats.com/dallas/food-delivery/starbucks-southlake-blvd-and-white-chape/c84HSkT4S3qGgycQqSDLVg,westlake-texas
https://www.ubereats.com/dallas/food-delivery/redrock-canyon-grill-e-southlake/hcrGkVSyQ-OUvgrZhXhXng,westlake-texas
https://www.ubereats.com/dallas/food-delivery/subway-845-keller-parkway/KuV8ltb-Sv6tQcwyBAqSVw,westlake-texas
https://www.ubereats.com/dallas/food-delivery/red-brick-pizza-colleyville/Hf-EzvzeSQOsIr2Aa24KiQ,westlake-texas
https://www.ubereats.com/dallas/food-delivery/hg-sply-co-trophy-club/fF5mit_4RbukzMp8j2MqFQ,westlake-texas
https://www.ubereats.com/dallas/food-delivery/good-morning-donuts/CqYIEF1qQIuPutORDvv4vA,westlake-texas
https://www.ubereats.com/dallas/food-delivery/sara-donuts/Vsovje4NQzKiuHn3NWBnMA,westlake-texas
https://www.ubereats.com/dallas/food-delivery/ihop-1498-southlake/w6TJmRZ1QXWD0EoyOBnD5Q,westlake-texas
https://www.ubereats.com/dallas/food-delivery/donut-time/dPHjCHpbR3u83iel0K9ANg,westlake-texas
https://www.ubereats.com/dallas/food-delivery/schlotzskys-1320-n-hwy-377/a_oB_nlkSIq_7m2swM71cQ,westlake-texas
https://www.ubereats.com/dallas/food-delivery/cristinas-fine-mexican-restaurant-southlake-blvd/7barBZHdSeKW2fiAi0xfXA,westlake-texas
https://www.ubereats.com/dallas/food-delivery/spring-creek-barbeque-660-s-main/ninJTgp-Rlm5C23xMNQaXg,westlake-texas
https://www.ubereats.com/dallas/food-delivery/the-salad-bowl-610-e-byron-nelson-boulevard/3NX5flb2Rfq_3Pt2hthpuw,westlake-texas
https://www.ubereats.com/dallas/food-delivery/donut-haven/9LWaT3O1Qm6b_hdPw0-MOg,westlake-texas
https://www.ubereats.com/dallas/food-delivery/uncle-julios-grapevine/qoWriNPASIixEsdNrU5AxQ,westlake-texas
https://www.ubereats.com/dallas/food-delivery/flips-patio-grill/TyOVHM0VTqmJeO0-np2dLQ,westlake-texas
https://www.ubereats.com/dallas/food-delivery/jersey-mikes-subs-southlake-410-west-southlake-blvd/oLdSSMijQTOlJevaYo2DOg,westlake-texas
https://www.ubereats.com/dallas/food-delivery/ahoyama/mg6ZR9WHSIemSR8-sv06mA,westlake-texas
https://www.ubereats.com/dallas/food-delivery/jersey-mikes-subs-9120-north-tarrant-parkway/nmlSUi97RaiY7GyIgezyoQ,westlake-texas
https://www.ubereats.com/dallas/food-delivery/zoes-kitchen-4717-colleyville-blvd-suite-100/SXcgp67TSQmnDsKLwstPhA,westlake-texas
https://www.ubereats.com/dallas/food-delivery/dickeys-bbq-pit-us-377-%26-northwest-pkwy/Bmi1OPItQ5auhyjZTE-DcA,westlake-texas
https://www.ubereats.com/dallas/food-delivery/chicken-express-roanoke/DfyCs6eASLqIgtTRkDRztg,westlake-texas
https://www.ubereats.com/dallas/food-delivery/zoes-kitchen-7300-denton-hwy/9CnFsdnLSfuV1GPTO0FK4g,westlake-texas
https://www.ubereats.com/dallas/food-delivery/soulbird-chkn/9E8DXmNyTFKMTjqFU6u1Fg,westlake-texas
https://www.ubereats.com/dallas/food-delivery/chicken-express-12620-timberland/iZOnzghwQv6duJ8wf-f_Kw,westlake-texas
https://www.ubereats.com/dallas/food-delivery/bjs-restaurant-%26-brewhouse-9401-sage-meadow-trail/iPP4vUnOT9um0TKexL9w4A,westlake-texas
https://www.ubereats.com/dallas/food-delivery/kindred-coffee-co/H9P0WKyTQYCjqE1Zv70Bgg,westlake-texas
https://www.ubereats.com/dallas/food-delivery/cotton-patch-cafe-8528-davis-blvd/xe0Hwjq9TiWElCZszdvskQ,westlake-texas
https://www.ubereats.com/dallas/food-delivery/milwaukee-joes-gourmet-ice-cream-south-lake/zVYgAFWNQwCa6I561alwgw,westlake-texas
https://www.ubereats.com/dallas/food-delivery/cristinas-fine-mexican-restaurant-fort-worth/jESH59dXR4qXDZ2bRATPqA,westlake-texas
https://www.ubereats.com/dallas/food-delivery/moonlight-cakes/BM84D7aXTlCO2miO2aFaJw,westlake-texas
https://www.ubereats.com/dallas/food-delivery/mcdonalds-keller-tx-rufe-snow-n-tarrant-pkwy/RHEnj7iJSX6uWQtpi4qBvA,westlake-texas
https://www.ubereats.com/dallas/food-delivery/fish-city-grill-southlake/Y0mE1LzfSV-6vBZBjqEkjg,westlake-texas
https://www.ubereats.com/dallas/food-delivery/bone-daddys-house-of-smoke/DswdNTnMQNy8xRCZ7dWrDw,westlake-texas
https://www.ubereats.com/dallas/food-delivery/popeyes-1331-north-highway-377/1WRgvEj0T9m4YiZXsWuRkw,westlake-texas
https://www.ubereats.com/dallas/food-delivery/k-pop-burger-keller/yJKAXevOQFW1EMqv1e7BDg,westlake-texas
https://www.ubereats.com/dallas/food-delivery/cafe-italia-ristorante-ira-e/EUeMoP43Q1-XyYdOyO4lEw,westlake-texas
https://www.ubereats.com/dallas/food-delivery/jon-smith-subs/A5oTgK-tRy-_8NA5TEWO3g,westlake-texas
https://www.ubereats.com/dallas/food-delivery/giovannis-pizza-n-pasta/eHg6ZiTUSJerpDNqbEt-XQ,westlake-texas
https://www.ubereats.com/dallas/food-delivery/smoothie-king-8450-denton-hwy/_yYZQ0_3SsGnI0AauAzX7Q,westlake-texas
https://www.ubereats.com/dallas/food-delivery/mughlai-fine-indian-cuisine/SfVI6WNyRUqR43Rnc8SPvA,westlake-texas
https://www.ubereats.com/dallas/food-delivery/reno-reds-frontier-cooking/lpJmOg-8TiGpM0_IBMdWaQ,westlake-texas
https://www.ubereats.com/dallas/food-delivery/donut-place/l2Slr75AR06VbwuK4eRrHg,westlake-texas
https://www.ubereats.com/dallas/food-delivery/cotton-patch-cafe-8004-denton-hwy-hwy377/7gtwgI5TS0WyhmHActYo_w,westlake-texas
https://www.ubereats.com/dallas/food-delivery/salvadoreno-latin-cuisine/LpPj_isbRNqAUwD21y_tDg,westlake-texas
https://www.ubereats.com/dallas/food-delivery/mooyah-burgers-southlake/nbcO_FsiTxOFFh2ag_lzHA,westlake-texas
https://www.ubereats.com/dallas/food-delivery/ramen-sensei-1131-east-southlake-blvd/9dFzR2G4SFqyDgQznkSfMg,westlake-texas
https://www.ubereats.com/dallas/food-delivery/firehouse-subs-alliance/bGUHOOazSZGdAKDklA3DYg,westlake-texas
https://www.ubereats.com/dallas/food-delivery/vault-coffee/u0ofeemSRLueplfahGBYGw,westlake-texas
https://www.ubereats.com/dallas/food-delivery/sonic-8661-n-beach-street/9sMJVGUAQLWKDRyHzrq0ew,westlake-texas
https://www.ubereats.com/dallas/food-delivery/mcdonalds-davis-blvd/co6AaY6bTrqM0Ug8WLwGjA,westlake-texas
https://www.ubereats.com/dallas/food-delivery/brio-1431-plaza-place/qiC1IVQmRdq6_tZWSWw2Sg,westlake-texas
https://www.ubereats.com/dallas/food-delivery/chipotle-mexican-grill-4609-colleyville-blvd/3dP_tn16Q0Gvc9Qc_RhwrA,westlake-texas
https://www.ubereats.com/dallas/food-delivery/904-bonefish-grill-1201-e-southlake-blvd/wkwRq2cmQi6eoDcx58UgYw,westlake-texas
https://www.ubereats.com/dallas/food-delivery/ihop-3007-fort-worth/ZaZ3zkS_TtSI11Q2KEOBiw,westlake-texas
https://www.ubereats.com/dallas/food-delivery/paciugo-grapevine-mills-pkwy/05ERaoKqT5KeDvdvI2Q5sw,westlake-texas
https://www.ubereats.com/dallas/food-delivery/qdoba-mexican-eats-8924-tehama-ridge-pkwy/TH7nR4f7R-afavlFoSOCWw,westlake-texas
