url,city
https://www.ubereats.com/springfield-ma/food-delivery/husky-pizza/IxSbOF7uSoK8V9Y_YxMkkA,west-springfield-massachusetts
https://www.ubereats.com/springfield-ma/food-delivery/starbucks-westfield-east-main-st/EnSZwcAZTbiCKDpWN7kE7Q,west-springfield-massachusetts
https://www.ubereats.com/springfield-ma/food-delivery/five-guys-ma-1478-1268-riverdale-street/qNRZHGJ6TxK8-NP40DM_Fw,west-springfield-massachusetts
https://www.ubereats.com/springfield-ma/food-delivery/imperial-super-grocery/nlbQZELdSUi2RLsYz03zxA,west-springfield-massachusetts
https://www.ubereats.com/springfield-ma/food-delivery/raices-restaurant/x0rAraRJSO2nkzJZ_0_atQ,west-springfield-massachusetts
https://www.ubereats.com/springfield-ma/food-delivery/salsas-gourmet-mexican-restaurant/pOlnn2koR0GI9c2iIzrJXQ,west-springfield-massachusetts
https://www.ubereats.com/springfield-ma/food-delivery/tasty-rican-kitchen-%26-pikoretas-frappe/EPCMgBTqTeOzoT8HjyCHzA,west-springfield-massachusetts
https://www.ubereats.com/springfield-ma/food-delivery/uno-pizzeria-%26-grill-%23206/-FQO7uBiSsS_QT0DHGFsgg,west-springfield-massachusetts
https://www.ubereats.com/springfield-ma/food-delivery/pollo-riko-restaurante/3zZHgLYWSMWyqj_q_Gs-ag,west-springfield-massachusetts
https://www.ubereats.com/springfield-ma/food-delivery/friendlys-529-memorial-dr/K52pVuFMRBmABy6CCuiHZA,west-springfield-massachusetts
https://www.ubereats.com/springfield-ma/food-delivery/taco-bell-2199-northampton-st/_MBxwiRCQ_KSKi7g0ikWGQ,west-springfield-massachusetts
https://www.ubereats.com/springfield-ma/food-delivery/big-daddys-soft-serve-%26-grill/qxSIian2TF-SJ45b_9excQ,west-springfield-massachusetts
https://www.ubereats.com/springfield-ma/food-delivery/jfk-chicken-%26-burrito/ZK-CvpB_Rn60FiFodXHqgg,west-springfield-massachusetts
https://www.ubereats.com/springfield-ma/food-delivery/krispy-krunchy-chicken-1112-bay-street/woK0yljJSg29alaJS0VWCQ,west-springfield-massachusetts
https://www.ubereats.com/springfield-ma/food-delivery/taco-bell-343-center-street/GGZD2kaAT5yfYJDyKBQjsQ,west-springfield-massachusetts
https://www.ubereats.com/springfield-ma/food-delivery/priya-indian-cuisine/LJg9rFONQsq6M2SJtznIUA,west-springfield-massachusetts
https://www.ubereats.com/springfield-ma/food-delivery/ihop-270-cooley-st/_1tWl0s6Sdq8KnaGHEqPpw,west-springfield-massachusetts
https://www.ubereats.com/springfield-ma/food-delivery/the-collegian-court/gt8kUNOST5iLALStSgfnCw,west-springfield-massachusetts
https://www.ubereats.com/springfield-ma/food-delivery/wendys-1290-saint-james-ave/TPwuZJq2Q6CrjiKxGZVWbA,west-springfield-massachusetts
https://www.ubereats.com/springfield-ma/food-delivery/mcdonalds-660-liberty-st/MitrrFP0TgGv8dwhqCXEuA,west-springfield-massachusetts
https://www.ubereats.com/springfield-ma/food-delivery/the-crest-room/6ZfJZ4pZT1OdNtBtTDLy_A,west-springfield-massachusetts
https://www.ubereats.com/springfield-ma/food-delivery/subway-356-memorial-ave/H-wSQ9QKR1-xvRTmvTplyA,west-springfield-massachusetts
https://www.ubereats.com/springfield-ma/food-delivery/golden-dragon/SkP55Aw-RZS6zUjp3_O9IQ,west-springfield-massachusetts
https://www.ubereats.com/springfield-ma/food-delivery/mcdonalds-1361-liberty-st/GZjU0x1YRr-DzD9k3RRdFQ,west-springfield-massachusetts
https://www.ubereats.com/springfield-ma/food-delivery/chez-2-go/LMpXS1iJT_S4S-IG5ZjRUA,west-springfield-massachusetts
https://www.ubereats.com/springfield-ma/food-delivery/1636-north/IwVE9FYtSoqVU0VKWO4iRA,west-springfield-massachusetts
https://www.ubereats.com/springfield-ma/food-delivery/cafe-christo/0O3OBi6TSjSkozDykkcM8A,west-springfield-massachusetts
https://www.ubereats.com/springfield-ma/food-delivery/on-the-border-33-border-way/9O52JE0aSWuwby0lh-3irA,west-springfield-massachusetts
https://www.ubereats.com/springfield-ma/food-delivery/mesa-buffet/g0NNsqxjTQik_LvpWAYwEw,west-springfield-massachusetts
https://www.ubereats.com/springfield-ma/food-delivery/wendys-1340-springfield-street/xtU07YPeTc64UHuYuPfyow,west-springfield-massachusetts
https://www.ubereats.com/springfield-ma/food-delivery/chipotle-mexican-grill-530-memorial-dr-ste-a/pt0xjOBCSUC-YjzzjgWmUw,west-springfield-massachusetts
https://www.ubereats.com/springfield-ma/food-delivery/the-ice-cream-shop/nqZgZI_gSImEUY9vcIK36Q,west-springfield-massachusetts
https://www.ubereats.com/springfield-ma/food-delivery/friendlys-21-southampton-rd/kmXvhR8zQMOZKM-0JiXrRg,west-springfield-massachusetts
https://www.ubereats.com/springfield-ma/food-delivery/macho-taco/j_oh78gjRKCfafhroWfcug,west-springfield-massachusetts
https://www.ubereats.com/springfield-ma/food-delivery/outback-steakhouse-1537-riverdale-street/cRxY1HJDSIeMx5gRVrf9Fg,west-springfield-massachusetts
https://www.ubereats.com/springfield-ma/food-delivery/boston-market-1387-boston-rd/CMOOj5QYRymDrYd5b-MIwQ,west-springfield-massachusetts
https://www.ubereats.com/springfield-ma/food-delivery/taco-bell-2433-main-street/SLWm5hzWR6-HuV9RKdmNYA,west-springfield-massachusetts
https://www.ubereats.com/springfield-ma/food-delivery/kaptain-jimmys/wjNUcsbWQaqsW8CcigPVwg,west-springfield-massachusetts
https://www.ubereats.com/springfield-ma/food-delivery/dennys-467-memorial-dr/pTb-6tZCSpeYRZE6I3HIUQ,west-springfield-massachusetts
https://www.ubereats.com/springfield-ma/food-delivery/chipotle-mexican-grill-219-memorial-ave/Jbno96wvSH202VGWS_R3xw,west-springfield-massachusetts
https://www.ubereats.com/springfield-ma/food-delivery/panera-935-riverdale-street/zNRNjcbNRzC7TpdqVElTWQ,west-springfield-massachusetts
https://www.ubereats.com/springfield-ma/food-delivery/latinos-kitchen/Tq8_Q-CsR9iWwKc1DyOp5A,west-springfield-massachusetts
https://www.ubereats.com/springfield-ma/food-delivery/honeyland-farm-liberty-st/vj-uKwN9SfO_4NGVEksnZg,west-springfield-massachusetts
https://www.ubereats.com/springfield-ma/food-delivery/chesters-chicken/FyJhz6uJTWSrbpzgcpFy-A,west-springfield-massachusetts
https://www.ubereats.com/springfield-ma/food-delivery/moes-southwest-grill-301-east-main-street/vJhOUuN7Qoe1St10W8ue9w,west-springfield-massachusetts
https://www.ubereats.com/springfield-ma/food-delivery/boston-bay-pizza/X3nXymJmSYuiZyKfS6D3ig,west-springfield-massachusetts
https://www.ubereats.com/springfield-ma/food-delivery/tasty-rican-%26-pikoretas-frappe/9KvDvY-4R0aIf2mlc30ttQ,west-springfield-massachusetts
https://www.ubereats.com/springfield-ma/food-delivery/janna-juice-bar-%26-grill/06EyD7RoQzGbqt1wemd4fw,west-springfield-massachusetts
https://www.ubereats.com/springfield-ma/food-delivery/cold-stone-creamery-1000-w-columbus-ave/8VE7iG8zTUu-3OtZg2aLlw,west-springfield-massachusetts
https://www.ubereats.com/springfield-ma/food-delivery/yaad-food-jamaican-restaurant/VoPBz0E9QD-IWMJ3_H3DOg,west-springfield-massachusetts
https://www.ubereats.com/springfield-ma/food-delivery/friendlys-1745-northampton-st/4PxQs2WYSnKoDtyJI0rDdQ,west-springfield-massachusetts
https://www.ubereats.com/springfield-ma/food-delivery/panjabi-tadka/xHtPIT8XTGCxZdKJuTipmg,west-springfield-massachusetts
https://www.ubereats.com/springfield-ma/food-delivery/burger-king-755-page-boulevard/RcIfFI2gSEOfeMWtxyzddQ,west-springfield-massachusetts
https://www.ubereats.com/springfield-ma/food-delivery/chipotle-mexican-grill-235-whiting-farms-rd/T-RVVIkMQKiLGKjhdBnBrw,west-springfield-massachusetts
https://www.ubereats.com/springfield-ma/food-delivery/primos-pizzeria/Lity0kHMTmeynMwBIgHL_Q,west-springfield-massachusetts
https://www.ubereats.com/springfield-ma/food-delivery/wendys-644-riverdale-street/d7EpXJ6sTheE-nGop7ndRg,west-springfield-massachusetts
https://www.ubereats.com/springfield-ma/food-delivery/dickison-deli/taIu9OsxSl2Fdh5M4msSoA,west-springfield-massachusetts
https://www.ubereats.com/springfield-ma/food-delivery/petra-restaurant/ZfhxbTn4RJex2AR5vu6qtg,west-springfield-massachusetts
https://www.ubereats.com/springfield-ma/food-delivery/mcdonalds-352-riverdale-rd/O-qQ2d5RS_iEy1QVpJTL9g,west-springfield-massachusetts
https://www.ubereats.com/springfield-ma/food-delivery/wendys-757-boston-road/5-cSnTOrShub-M3GLNcMWg,west-springfield-massachusetts
https://www.ubereats.com/springfield-ma/food-delivery/kfc-632-state-st/E81Q_cskR3uglmySzPW_ag,west-springfield-massachusetts
https://www.ubereats.com/springfield-ma/food-delivery/wendys-2-6-south-hampton-road/qE8y9iheSe2QTrqND-t5Lw,west-springfield-massachusetts
https://www.ubereats.com/springfield-ma/food-delivery/mcdonalds-360-main-st/8dD3XeJ-RRqTaKwazn-v0Q,west-springfield-massachusetts
https://www.ubereats.com/springfield-ma/food-delivery/yummi-noodle/GXDPKyC1STygTkmXlshmtg,west-springfield-massachusetts
https://www.ubereats.com/springfield-ma/food-delivery/hazels-kitchen/9gTov422QZWUpNAAZ7wJ2g,west-springfield-massachusetts
https://www.ubereats.com/springfield-ma/food-delivery/sun-kim-bop-restaurant/Wq9kADgqRO2JlSkUQL4Rbg,west-springfield-massachusetts
https://www.ubereats.com/springfield-ma/food-delivery/soulaod-kitchen/JE7Z2oe3SxGJYEVQl-7ZHw,west-springfield-massachusetts
https://www.ubereats.com/springfield-ma/food-delivery/the-hangar-pub-and-grill-of-westfield-school-st/EMkcBSjRTU61PjrzDd_NsQ,west-springfield-massachusetts
https://www.ubereats.com/springfield-ma/food-delivery/mcdonalds-782-state-street/sAGXoSnYQayPaTG5zNUu8g,west-springfield-massachusetts
https://www.ubereats.com/springfield-ma/food-delivery/mcdonalds-429-memorial-ave/aZ8qu9DmR0iluTzTDH3qaw,west-springfield-massachusetts
https://www.ubereats.com/springfield-ma/food-delivery/applebees-241-whiting-farms-rd-%2378043/T0QBgxA2Td-ItvROStfC9g,west-springfield-massachusetts
https://www.ubereats.com/springfield-ma/food-delivery/cedars-food-mart-and-grill/ufa-zIg5ST2JsH8EDxqgbg,west-springfield-massachusetts
https://www.ubereats.com/springfield-ma/food-delivery/crazy-seafood/e3ark9aeQXGfjKetB2BpMQ,west-springfield-massachusetts
https://www.ubereats.com/springfield-ma/food-delivery/hooters-1290-riverdale-street/6I4dGJlrQCerDyxuLu5AJA,west-springfield-massachusetts
https://www.ubereats.com/springfield-ma/food-delivery/city-pizza/ABU2ldKZQRWlFZqhwqhwPg,west-springfield-massachusetts
https://www.ubereats.com/springfield-ma/food-delivery/krispy-krunchy-chicken-172-white-street/bFgFz0okS7icZGb8am0vdg,west-springfield-massachusetts
https://www.ubereats.com/springfield-ma/food-delivery/fu-soun-chinese-restaurant/d-lqqR_ZQFGKF-4v2Rggmg,west-springfield-massachusetts
https://www.ubereats.com/springfield-ma/food-delivery/hutghis-at-the-nook/Gtg4TMUyTUq6N5Zk3RVuZg,west-springfield-massachusetts
https://www.ubereats.com/springfield-ma/food-delivery/lucky-cheng/twPVL964RTiqTQy39MNfMg,west-springfield-massachusetts
https://www.ubereats.com/springfield-ma/food-delivery/khi-%26-elis-food-for-the-soul/mxsKTUDRTRqMFCijNdDVSg,west-springfield-massachusetts
https://www.ubereats.com/springfield-ma/food-delivery/fiesta-cafe/AeGX-1xURlm9ll9Ryv9Fuw,west-springfield-massachusetts
https://www.ubereats.com/springfield-ma/food-delivery/pizza-hut-1048-riverdale-st/gInSPL85T7q5DAfqcUSl1g,west-springfield-massachusetts
https://www.ubereats.com/springfield-ma/food-delivery/romanos-pizza-restaurant/_u1MQ_SLR3a6u4PrvT_z-g,west-springfield-massachusetts
https://www.ubereats.com/springfield-ma/food-delivery/sophias-pizza-and-sports-bar/BZi8S0pXTQ-4BHdyRUzozQ,west-springfield-massachusetts
https://www.ubereats.com/springfield-ma/food-delivery/coopers-wing-joint/UfBY9fQbQx2lFr2T-dC78w,west-springfield-massachusetts
https://www.ubereats.com/springfield-ma/food-delivery/wingstreet-1048-riverdale-st/8a4bodHPSWGkU_WZHMVAcw,west-springfield-massachusetts
https://www.ubereats.com/springfield-ma/food-delivery/maxs-tavern/MeTlYWSRSQel2fHvZO3HUw,west-springfield-massachusetts
https://www.ubereats.com/springfield-ma/food-delivery/taco-bell-298-memorial-ave/llkYhbwGQce2mlgV72pREQ,west-springfield-massachusetts
https://www.ubereats.com/springfield-ma/food-delivery/dennys-2173-northampton-st/y-Q8zQuuS_-y8F1ClRJGxA,west-springfield-massachusetts
https://www.ubereats.com/springfield-ma/food-delivery/taco-bell-1471-memorial-drive/zRJnG7OQS2aTjRaMPI5_rQ,west-springfield-massachusetts
https://www.ubereats.com/springfield-ma/food-delivery/wings-over-1219-parker-st-springfield/ZAt6fgj4QSq8V24HofdYhQ,west-springfield-massachusetts
https://www.ubereats.com/springfield-ma/food-delivery/applebees-597-memorial-drive-%2381085/gkNldKyuScewS5iVdWPSHw,west-springfield-massachusetts
https://www.ubereats.com/springfield-ma/food-delivery/wendys-786-memorial-dr/sE3w2MP5SMKMQNzGJQU6kw,west-springfield-massachusetts
https://www.ubereats.com/springfield-ma/food-delivery/wendys-1420-allen-st/b1OSfZSyTemFiVpf0nohEA,west-springfield-massachusetts
https://www.ubereats.com/springfield-ma/food-delivery/buffalo-wild-wings-480-memorial-dr/v13PwK0yTFKNn_hws0TXzA,west-springfield-massachusetts
https://www.ubereats.com/springfield-ma/food-delivery/valentis-resterount/uRs6oah2QquHhHnpEDv4qg,west-springfield-massachusetts
https://www.ubereats.com/springfield-ma/food-delivery/uno-pizzeria-%26-grill-50-holyoke-street/ztNW0O6uTI2dbYSAta5HYQ,west-springfield-massachusetts
https://www.ubereats.com/springfield-ma/food-delivery/try-me-too/91y8q2AKSP-hzbtwJm_LmA,west-springfield-massachusetts
https://www.ubereats.com/springfield-ma/food-delivery/scoreboard-bar-and-grill/TWBbktoiQceLBYzT_cP6Fw,west-springfield-massachusetts
https://www.ubereats.com/springfield-ma/food-delivery/racing-mart-carew-st/57kGiqpPTHSacDyI6mEwsA,west-springfield-massachusetts
https://www.ubereats.com/springfield-ma/food-delivery/family-indian-and-nepali-cuisine/m1KoR094QhCOTpowYb-4yg,west-springfield-massachusetts
https://www.ubereats.com/springfield-ma/food-delivery/kfc-931-riverdale-st/_cn-xzxTTum6Sn1u8P8-RA,west-springfield-massachusetts
https://www.ubereats.com/springfield-ma/food-delivery/old-school-pizza/LzIFZ9fYRkuqxIzmdzyFIg,west-springfield-massachusetts
https://www.ubereats.com/springfield-ma/food-delivery/wings-over-chicopee/JvtTdWqkQ9Sazu--EdL6cA,west-springfield-massachusetts
https://www.ubereats.com/springfield-ma/food-delivery/grilled-crispy/p4ZiwJEZQOO7sZEnk_KVvw,west-springfield-massachusetts
https://www.ubereats.com/springfield-ma/food-delivery/crepes-tea-house/Mw4RtOHgRbGhAp7GGqf-GA,west-springfield-massachusetts
https://www.ubereats.com/springfield-ma/food-delivery/pizza-royal-inc/E-vBEmteQ3y1XdvY3Tb4CQ,west-springfield-massachusetts
https://www.ubereats.com/springfield-ma/food-delivery/crepes-tea-house/ZSaUWZS1QsmpNot5ZxklJQ,west-springfield-massachusetts
https://www.ubereats.com/springfield-ma/food-delivery/five-guys-ma-1366-437-east-main-st/qJ0RSPt4TsG9DKXfriQBiw,west-springfield-massachusetts
https://www.ubereats.com/springfield-ma/food-delivery/the-ice-cream-shop/zB53XlXzQA6pC1fbpGz-BQ,west-springfield-massachusetts
https://www.ubereats.com/springfield-ma/food-delivery/red-robin-178-27-holyoke-street/UqjqToAOT1S6mN-G6nNsLQ,west-springfield-massachusetts
https://www.ubereats.com/springfield-ma/food-delivery/burger-king-1395-liberty-street/AWmS0sqIS-WnT4_AJfmOtQ,west-springfield-massachusetts
https://www.ubereats.com/springfield-ma/food-delivery/burger-king-983-riverdale-street/kBjSqScOTjOalP8gP3llJQ,west-springfield-massachusetts
https://www.ubereats.com/springfield-ma/food-delivery/samuels-tap-%26-table/R-iUVyacSOu9B6DO_o-obw,west-springfield-massachusetts
https://www.ubereats.com/springfield-ma/food-delivery/barkaya-sushi-%26-ramen/2wXk0Aq1TdiNcagQC9zM-g,west-springfield-massachusetts
https://www.ubereats.com/springfield-ma/food-delivery/kaisen/XBPgbIcOSf2e0Rtq6Zal6A,west-springfield-massachusetts
https://www.ubereats.com/springfield-ma/food-delivery/crazy-arepas/p7_OO5nXTuCB7G7_2KgNoQ,west-springfield-massachusetts
https://www.ubereats.com/springfield-ma/food-delivery/friendlys-1811-boston-rd/jzKKvpDUSKeqQMyhx1vLNQ,west-springfield-massachusetts
https://www.ubereats.com/springfield-ma/food-delivery/mcdonalds-2392-main-st/A0dxXPd-TL6awzpps2dRMQ,west-springfield-massachusetts
https://www.ubereats.com/springfield-ma/food-delivery/moes-southwest-grill-601-memorial-drive/7QF7iTUxQ0exKHl5ayNg2w,west-springfield-massachusetts
https://www.ubereats.com/springfield-ma/food-delivery/frankie-%26-johnnie-pizzeria/qBQA7PBrRNyqupUrDn0tZQ,west-springfield-massachusetts
https://www.ubereats.com/springfield-ma/food-delivery/uno-pizzeria-%26-grill-820-hall-of-fame-avenue/lclU7X52SuOlL60UgNF8Mg,west-springfield-massachusetts
https://www.ubereats.com/springfield-ma/food-delivery/joy-bowl/l-_YOW_vRmGMTbfl_K736A,west-springfield-massachusetts
https://www.ubereats.com/springfield-ma/food-delivery/imperial-super-grocery/oVjY3LtIQ3auzGMeNNR3dA,west-springfield-massachusetts
https://www.ubereats.com/springfield-ma/food-delivery/wendys-288-park-street/cX3dOwR3Qhaj7R5jmBF9NQ,west-springfield-massachusetts
https://www.ubereats.com/springfield-ma/food-delivery/cracker-barrel-old-country-store-227-whiting-farms-rd/4iGanIZHRU2RwOYp4oPkqg,west-springfield-massachusetts
https://www.ubereats.com/springfield-ma/food-delivery/tonys-pizza-and-restaurant/WJPuXZt2R5mI0GerSO7rQg,west-springfield-massachusetts
https://www.ubereats.com/springfield-ma/food-delivery/friendlys-19-springfield-st/L9hhb-NdTcq6fhqcke3hZg,west-springfield-massachusetts
https://www.ubereats.com/springfield-ma/food-delivery/friendlys-1094-riverdale-st/gWyi64knQ7WCrUEAFCybIw,west-springfield-massachusetts
https://www.ubereats.com/springfield-ma/food-delivery/crunchy-fried-chicken-and-pizza/txvxB7RPT7ChT8-26dovqw,west-springfield-massachusetts
https://www.ubereats.com/springfield-ma/food-delivery/villa-napoletana/B8ZGK_CsQBGBi-rEX1xRkw,west-springfield-massachusetts
https://www.ubereats.com/springfield-ma/food-delivery/joy-bowl-w-springfield/ozwI1biCRJi-1PGGYOpiig,west-springfield-massachusetts
https://www.ubereats.com/springfield-ma/food-delivery/moctezumas-tradition-and-flavor/512uby56SVGUhuoY9Sp9eQ,west-springfield-massachusetts
https://www.ubereats.com/springfield-ma/food-delivery/krispy-krunchy-chicken-266-belmont-ave/YmPnSfm1QoqwTEU0LWOBqg,west-springfield-massachusetts
https://www.ubereats.com/springfield-ma/food-delivery/the-souper-sweet-sandwich-shop/MwhqNSTCQaihxFk_2Bm-Rw,west-springfield-massachusetts
https://www.ubereats.com/springfield-ma/food-delivery/pizza-chop/syhYm7bIS3Wywfwv6LJ1rQ,west-springfield-massachusetts
https://www.ubereats.com/springfield-ma/food-delivery/saray2-turkish-restaurant/mUkbcO5dRYSCZ59XE7TjqA,west-springfield-massachusetts
https://www.ubereats.com/springfield-ma/food-delivery/esmines-cuisine/DN1q62omSpyrlcrLoQlxkQ,west-springfield-massachusetts
https://www.ubereats.com/springfield-ma/food-delivery/chipotle-mexican-grill-42-center-sq/zCgEp01BR2mN0cpIf3BUyw,west-springfield-massachusetts
https://www.ubereats.com/springfield-ma/food-delivery/an-cafe/OiaiIxWDTAyTPBcO9sZUeA,west-springfield-massachusetts
https://www.ubereats.com/springfield-ma/food-delivery/five-guys-ma-1906-474b-memorial-dr/9AV1MxomRW2h0BtXHYIv1g,west-springfield-massachusetts
https://www.ubereats.com/springfield-ma/food-delivery/cima-restaurant-%26-chop-house/nBnm3BLFS8iIXWSUFYmQyg,west-springfield-massachusetts
https://www.ubereats.com/springfield-ma/food-delivery/kfc-2241-northampton-st/SpydzE-9R_KFBSlwTTG54w,west-springfield-massachusetts
https://www.ubereats.com/springfield-ma/food-delivery/frontera-grill/FU1Mf0vVSAi2vIV1ZZS4yg,west-springfield-massachusetts
https://www.ubereats.com/springfield-ma/food-delivery/kennedy-fried-chicken-1003-saint-james-ave/tLwfMB5HTKitaUSO6SOmHg,west-springfield-massachusetts
https://www.ubereats.com/springfield-ma/food-delivery/ihop-640-riverdale-st/kby-k-woTgKiy3OwZDlISA,west-springfield-massachusetts
https://www.ubereats.com/springfield-ma/food-delivery/subway-1400-main-st/9z7CqdqyQA2xHPCrHkBB4w,west-springfield-massachusetts
https://www.ubereats.com/springfield-ma/food-delivery/wild-olive-pizzeria/zCV3_3UiTlGPnJsk3BalHA,west-springfield-massachusetts
https://www.ubereats.com/springfield-ma/food-delivery/taco-bell-456-sumner-ave/9UiKGFqaQQ-4WcXnK6odFw,west-springfield-massachusetts
https://www.ubereats.com/springfield-ma/food-delivery/moes-southwest-grill-1300-boston-road/6H1bsp03QDSVNDjgaKJemQ,west-springfield-massachusetts
https://www.ubereats.com/springfield-ma/food-delivery/taco-bell-633-liberty-st/2yg6xoUuTf-y9N1Jzxk0uw,west-springfield-massachusetts
https://www.ubereats.com/springfield-ma/food-delivery/gold-pizza/xjnptIoRQr-WsO2zZ2TLZQ,west-springfield-massachusetts
https://www.ubereats.com/springfield-ma/food-delivery/tacobell-25-morgan-road/1DlvfCdKSEe6bSTD_rsm5Q,west-springfield-massachusetts
https://www.ubereats.com/springfield-ma/food-delivery/applebees-1349-boston-road-%2381087/DIhwTHGXSJuw9oG-fmobTw,west-springfield-massachusetts
https://www.ubereats.com/springfield-ma/food-delivery/kfc-1307-memorial-dr/bpSPhK2rS1iIm2WGfdBPvA,west-springfield-massachusetts
https://www.ubereats.com/springfield-ma/food-delivery/starbucks-springfield-e-columbus-blvd/cx_mL5hURviSQvwoiuI6eA,west-springfield-massachusetts
https://www.ubereats.com/springfield-ma/food-delivery/holyoke-pizza/Y4YTlNRmRb-pXs9yNXbf7A,west-springfield-massachusetts
https://www.ubereats.com/springfield-ma/food-delivery/krispy-krunchy-chicken-810-meadow-st/F_QyQ5P3RbC-Luues54I5w,west-springfield-massachusetts
https://www.ubereats.com/springfield-ma/food-delivery/taco-bell-231-e-main-st/Ehg2NYtaSOGCH6Z8pNmJ6A,west-springfield-massachusetts
https://www.ubereats.com/springfield-ma/food-delivery/antonios-grinders-longhill-st/LBtmJcRuQLaDsauZXOtULg,west-springfield-massachusetts
https://www.ubereats.com/springfield-ma/food-delivery/taco-bell-464-breckwood-blvd/N6DEABszTM6P4pniYOJbVg,west-springfield-massachusetts
https://www.ubereats.com/springfield-ma/food-delivery/mcdonalds-777-meadow-st/VnnZHgUiShOoUdUhxN4nCg,west-springfield-massachusetts
https://www.ubereats.com/springfield-ma/food-delivery/hooties-burger-bar-hooters-west-springfield/7SdH_ivJS-agWVuUS7Y1Tg,west-springfield-massachusetts
https://www.ubereats.com/springfield-ma/food-delivery/ionas-cafe-and-grill/LWNY8LXxQwWC8k_imdkISQ,west-springfield-massachusetts
