url,city
https://www.ubereats.com/chicago/food-delivery/browns-chicken-downers-grove/yBR2xHQcT4mK-c_ZQFc8CQ,western-springs-illinois
https://www.ubereats.com/chicago/food-delivery/dunkin-6144-s-harlem-ave/_1g7n-d_T9eGZs-zwA1MCg,western-springs-illinois
https://www.ubereats.com/chicago/food-delivery/xelva-mayan-kitchen/TGKlGcL5RcO4REtmbQ_xUg,western-springs-illinois
https://www.ubereats.com/chicago/food-delivery/lawrences-fish-%26-shrimp-westchester/O-oU9vlzQISXISyeSOPwDw,western-springs-illinois
https://www.ubereats.com/chicago/food-delivery/petes-ii-red-hots/E2eHaW_mSfuQwIxpqeR6NQ,western-springs-illinois
https://www.ubereats.com/chicago/food-delivery/cozzi-corner-hot-dogs-beef-%26-catering/W8daFSo-S36_JRtLXBZHOA,western-springs-illinois
https://www.ubereats.com/chicago/food-delivery/between-the-buns-oakbrook-terrace/WGBztpyzREGBym1qMje0Aw,western-springs-illinois
https://www.ubereats.com/chicago/food-delivery/capri/wmrMYjdKRF-tmcJs_E7LvQ,western-springs-illinois
https://www.ubereats.com/chicago/food-delivery/honey-fluff-donuts/DVdKZWwLTmmiDRmUMqa1kA,western-springs-illinois
https://www.ubereats.com/chicago/food-delivery/tasty-deli/SQdxptDLTLWBPhN5yeTPdg,western-springs-illinois
https://www.ubereats.com/chicago/food-delivery/kabob-q/JRxi0jOjTIS1N4YMp1pvxg,western-springs-illinois
https://www.ubereats.com/chicago/food-delivery/jj-fish-and-chicken-88th-ave/h9cdbLhNTsO1BGtm_WFtvg,western-springs-illinois
https://www.ubereats.com/chicago/food-delivery/rosatis-pizza-woodridge/sePZvq94TViGMvPBP8JYGQ,western-springs-illinois
https://www.ubereats.com/chicago/food-delivery/starbucks-downtown-lagrange/wQBjM0ztSgWPRm6PrkgS8w,western-springs-illinois
https://www.ubereats.com/chicago/food-delivery/five-guys-il-0575-340-ogden-ave/B7oICECzTi6QiCTbiRFTVA,western-springs-illinois
https://www.ubereats.com/chicago/food-delivery/brick-house-1461-butterfield-rd/KF4Imx0HTAC5z-VXgjoa9Q,western-springs-illinois
https://www.ubereats.com/chicago/food-delivery/dunkin-6310-woodward-ave/xLi-69bwRfOQ7sHQxLptDQ,western-springs-illinois
https://www.ubereats.com/chicago/food-delivery/taste-indian-chinese-cuisine/F9z4mgIGQiCJKGqHqlJ1MA,western-springs-illinois
https://www.ubereats.com/chicago/food-delivery/tavern-on-la-grange/tzNU3hKwR_Omi1UsLqb1UA,western-springs-illinois
https://www.ubereats.com/chicago/food-delivery/blueberry-hill-breakfast-cafe-oak-brook/vZgWOmnKQs6hgLw7gwWLZw,western-springs-illinois
https://www.ubereats.com/chicago/food-delivery/trianos-pizza/Fo99mHw2Ti68O_iIWTIzcw,western-springs-illinois
https://www.ubereats.com/chicago/food-delivery/amys-wine-house/Fy91Oo-1S0yfWvAnQqqklw,western-springs-illinois
https://www.ubereats.com/chicago/food-delivery/my-way-ristorante/NVdHbJemR8OGFz0WM6peww,western-springs-illinois
https://www.ubereats.com/chicago/food-delivery/mac-daddys-highland/FEp3MK0_QRipGXK98kQ06w,western-springs-illinois
https://www.ubereats.com/chicago/food-delivery/portillos-hot-dogs-635-1-2-north-ave/F8hF9hTlS8WP7oXFhrFoYw,western-springs-illinois
https://www.ubereats.com/chicago/food-delivery/roka-bakehouse/O4kh8R4QTVySJvlOGchuDg,western-springs-illinois
https://www.ubereats.com/chicago/food-delivery/rudys-grill/-LjUbsR6QcG7E7rRzOeqmA,western-springs-illinois
https://www.ubereats.com/chicago/food-delivery/mcdonalds-95th-st-%26-i-294/pK92VGl3R32Drqy0-Ie7mg,western-springs-illinois
https://www.ubereats.com/chicago/food-delivery/bills-place/YaSM1zMLQWKhLRNasT03HA,western-springs-illinois
https://www.ubereats.com/chicago/food-delivery/als-pizzeria-north-riverside/eddFwKJtQP6dqT1GkvuaSg,western-springs-illinois
https://www.ubereats.com/chicago/food-delivery/als-char-house/oPWxvjWpRLGJjLKx3OXVqQ,western-springs-illinois
https://www.ubereats.com/chicago/food-delivery/dunkin-1-w-st-charles-rd/18kjK877TduZU_uU68vUPQ,western-springs-illinois
https://www.ubereats.com/chicago/food-delivery/joeys-pizza/WGpsHfz6SNKzBm312STpbg,western-springs-illinois
https://www.ubereats.com/chicago/food-delivery/lawrences-fish-%26-shrimp-lombard/e9NG0u4iTx6q9OysZah1JA,western-springs-illinois
https://www.ubereats.com/chicago/food-delivery/the-fremont-bar-and-grill/xubDDutZQEygTKmRibMw8Q,western-springs-illinois
https://www.ubereats.com/chicago/food-delivery/wendys-320-e-ogden/Y1S2uYGATJ-S24rplV-4sg,western-springs-illinois
https://www.ubereats.com/chicago/food-delivery/tacos-n-tarka-tnt/vaU8kEFGTh-O9EKsgIT6-A,western-springs-illinois
https://www.ubereats.com/chicago/food-delivery/taco-bell-5611-s-la-grange-rd/O_3piasVRdOquV6giGMLvQ,western-springs-illinois
https://www.ubereats.com/chicago/food-delivery/taqueria-los-comales-roosevelt-%26-westmore-meyers/yVagsUvASyaAt0MLBsQ7dQ,western-springs-illinois
https://www.ubereats.com/chicago/food-delivery/crispy-bitez/rqB5TcUFQFCX5yq71Pb1zA,western-springs-illinois
https://www.ubereats.com/chicago/food-delivery/the-port-of-peri-peri-villa-park/6m6tAxofRSWFrxMkkKhPAA,western-springs-illinois
https://www.ubereats.com/chicago/food-delivery/noodles-%26-company-342-yorktown-shopping-center/AA_y_miUSFmAQGUYnO-H_Q,western-springs-illinois
https://www.ubereats.com/chicago/food-delivery/salernos-of-lyons/WdlKvSHPTUij3XhxWtXVrA,western-springs-illinois
https://www.ubereats.com/chicago/food-delivery/los-burritos-tapatios-westmont/MD8ruDZAQaCT4V7PF_TpGQ,western-springs-illinois
https://www.ubereats.com/chicago/food-delivery/burger-king-7205-archer-avenue/ZVcXGplAST2OPAHHptvFaQ,western-springs-illinois
https://www.ubereats.com/chicago/food-delivery/starbucks-lyons-ogden-%26-first/Aa6SLrFWTsO9C_bRpeHhpw,western-springs-illinois
https://www.ubereats.com/chicago/food-delivery/papa-johns-pizza-melrose-park/BwCx4culRPqox8l_jqQDdw,western-springs-illinois
https://www.ubereats.com/chicago/food-delivery/pepes-woodridge-il/Y6RW-R26SkeahKpUSyeQOg,western-springs-illinois
https://www.ubereats.com/chicago/food-delivery/dunkin-121-w-ogden-ave/ajUIrtrtS2u4O5j_LWzBbw,western-springs-illinois
https://www.ubereats.com/chicago/food-delivery/mcdonalds-9101-s-kingery-highway/cxnI-_zRTCmE5aZh0nlxFg,western-springs-illinois
https://www.ubereats.com/chicago/food-delivery/taquerias-atotonilco-stone-park/FghQqP1FTs-Luwyfc0oEVQ,western-springs-illinois
https://www.ubereats.com/chicago/food-delivery/chucks-southern-comforts-cafe/4RVPrC7NQKSECrLySEZhGg,western-springs-illinois
https://www.ubereats.com/chicago/food-delivery/el-campeon/lbLmMWyBSSCNKa4hcXmIyA,western-springs-illinois
https://www.ubereats.com/chicago/food-delivery/taco-bell-8760-w-95th-street/Rx01zh6jSFiWeIH-KvSnwg,western-springs-illinois
https://www.ubereats.com/chicago/food-delivery/taco-bell-7451-lemont-rd/4OBSDfhTQdi7h06r1TAWHA,western-springs-illinois
https://www.ubereats.com/chicago/food-delivery/zazas/47-v5gu2S1uP3BSsCgDkYQ,western-springs-illinois
https://www.ubereats.com/chicago/food-delivery/fuller-house-bar/u00FtmlHSkON3RCnVkuHnQ,western-springs-illinois
https://www.ubereats.com/chicago/food-delivery/buona-darien/HvuE4zjIS1CCW_IfLxCVZw,western-springs-illinois
https://www.ubereats.com/chicago/food-delivery/maries/0ROEHBY5TeuHsnFsZbuoyA,western-springs-illinois
https://www.ubereats.com/chicago/food-delivery/wendys-1-south-576-midwest-road/MsCPEvSSQLCWU5e1dNSDkg,western-springs-illinois
https://www.ubereats.com/chicago/food-delivery/were-nuts/FbLHjhcjSZKeh-VKDYPsNw,western-springs-illinois
https://www.ubereats.com/chicago/food-delivery/sarpinos-pizzeria-922-roosevelt-rd/W74llbs0Sgm31ljKbr8uUw,western-springs-illinois
https://www.ubereats.com/chicago/food-delivery/subway-3900-a-s-harlem-ave/tgCSxMmISwCpOELOCCa8jQ,western-springs-illinois
https://www.ubereats.com/chicago/food-delivery/blue-star-tacos/IWgXSVGNR7WNkNti4nktNA,western-springs-illinois
https://www.ubereats.com/chicago/food-delivery/zoup!-1001-west-75th-street/vu36tcizR0a0d6R1rPbQCA,western-springs-illinois
https://www.ubereats.com/chicago/food-delivery/nandos-peri-peri-523-oakbrook-center/CL1_9NfwQyuZhtZdhyIk2Q,western-springs-illinois
https://www.ubereats.com/chicago/food-delivery/rickettes-restaurant/d4GHSC39QrmIv-Ik2VMAYA,western-springs-illinois
https://www.ubereats.com/chicago/food-delivery/mcdonalds-yorktown-center-%26-highland/h7LZGAMtS8Ox6eQf2Upmzw,western-springs-illinois
https://www.ubereats.com/chicago/food-delivery/pisa-pizza/8yx8Bnz-SkW83lpB16tDRg,western-springs-illinois
https://www.ubereats.com/chicago/food-delivery/subway-357-w-ogden-ave/3DmLgKQwQhK0KS86ghxulQ,western-springs-illinois
https://www.ubereats.com/chicago/food-delivery/tgi-fridays-2670-darien-il/ehOv0IQtQReUgT3WafeO8A,western-springs-illinois
https://www.ubereats.com/chicago/food-delivery/white-castle-6059-s-lagrange-rd/5mnwchIrQROuVfcDhh7LZA,western-springs-illinois
https://www.ubereats.com/chicago/food-delivery/mcdonalds-butterfield-%26-york/ao9c96NNTd6L48bv1IWLhQ,western-springs-illinois
https://www.ubereats.com/chicago/food-delivery/jjs-fish-%26-chicken-528-s-mannheim-rd/JGaI4q0zSwiQV3p8tAt7RQ,western-springs-illinois
https://www.ubereats.com/chicago/food-delivery/salt-and-pepper-cajun-kitchen/UTI-h4m0RUaDousraZecYg,western-springs-illinois
https://www.ubereats.com/chicago/food-delivery/california-pizza-kitchen-551-oakbrook-center/pBTR76ksS_GkLJuimGtfAg,western-springs-illinois
https://www.ubereats.com/chicago/food-delivery/wendys-7100-kingery-rd/u_piKav7TEWouLaSaD32qQ,western-springs-illinois
https://www.ubereats.com/chicago/food-delivery/del-carmen-restaurant-chicago/ecc0cbKDQ3magfTpWgHjMg,western-springs-illinois
https://www.ubereats.com/chicago/food-delivery/egg-jam-highland-ave/Srko6eGKRVW_CZJbpUJCvQ,western-springs-illinois
https://www.ubereats.com/chicago/food-delivery/dunkin-8007-ogden-ave/OdjC0jd0Rj-wRe7R4S_Mcg,western-springs-illinois
https://www.ubereats.com/chicago/food-delivery/la-michoacana-lyons/m2IvyLm3TzCXe1oLCP0LVQ,western-springs-illinois
https://www.ubereats.com/chicago/food-delivery/la-mia-vita/kQ2ohh4ZQc2ncXwZvvEw9A,western-springs-illinois
https://www.ubereats.com/chicago/food-delivery/chiba-japanese/za-rCerER_6WRi_8jZ5SfQ,western-springs-illinois
https://www.ubereats.com/chicago/food-delivery/aurelios-pizza-la-grange-%26-calendar/0_6Ks9D0Q_i_vQOju68jUw,western-springs-illinois
https://www.ubereats.com/chicago/food-delivery/francescas-at-the-promenade/Y-sKbw5YSCW68yRGUoTZxQ,western-springs-illinois
https://www.ubereats.com/chicago/food-delivery/sha-poppin-gourmet-popcorn-shoppe/Rb1tL2j_QoGHfOQZPC0kBQ,western-springs-illinois
https://www.ubereats.com/chicago/food-delivery/starbucks-butterfield-%26-finley/aITvNFG7QQeLtwDwLIJd2g,western-springs-illinois
https://www.ubereats.com/chicago/food-delivery/lucky-dragon/SbcGz6s_S6eRT3hm1kmJvw,western-springs-illinois
https://www.ubereats.com/chicago/food-delivery/di-nicos-pizza/57vhsrUMTqqWIJCzTkgGVw,western-springs-illinois
https://www.ubereats.com/chicago/food-delivery/dunkin-7020-ogden-ave/VUOfySOuQhyQGcxYgDZ-_A,western-springs-illinois
https://www.ubereats.com/chicago/food-delivery/avenue-ale-house/aIsnKWjmTAafEMRRLm63Xg,western-springs-illinois
https://www.ubereats.com/chicago/food-delivery/salernos-pizzeria-and-sports-bar-hodgkins/D5YwWsctSjGWteD-FIIqhA,western-springs-illinois
https://www.ubereats.com/chicago/food-delivery/taste-greek-street-food/gx3n7xJ7T4-HFYp7bsrQlg,western-springs-illinois
https://www.ubereats.com/chicago/food-delivery/old-town-pour-house-oak-brook/BGZTNaroQwukePwE0w3iCw,western-springs-illinois
https://www.ubereats.com/chicago/food-delivery/burgers-wings-%26-things/AsNLPCguT0aEGTZzVIaXgQ,western-springs-illinois
https://www.ubereats.com/chicago/food-delivery/sourdough-pizza/dhPWV6oBSYOswA6PDCv3Qw,western-springs-illinois
https://www.ubereats.com/chicago/food-delivery/starbucks-roosevelt-%26-summit/vQck3ZmKTtWZQxZ513M_xA,western-springs-illinois
https://www.ubereats.com/chicago/food-delivery/scrumptious-by-hira/4oLvCSElStW6lvS9KAjXsQ,western-springs-illinois
https://www.ubereats.com/chicago/food-delivery/which-wich-superior-sandwiches-22nd-st-%26-midwest/o-yhXR1hR9C7iWJf_rGfZg,western-springs-illinois
https://www.ubereats.com/chicago/food-delivery/barrel-house-social/JXB_0b9QQsKkfmJ06c7obA,western-springs-illinois
https://www.ubereats.com/chicago/food-delivery/francescas-on-95th/pTCx1F5NSBqNHHYlswx-Tw,western-springs-illinois
https://www.ubereats.com/chicago/food-delivery/taco-bell-125-w-roosevelt-rd/pRs07qGgTcalgLlkN-eLfg,western-springs-illinois
https://www.ubereats.com/chicago/food-delivery/saffron-of-westmont/CwmZag9iQ9Od-RoOO-JQJw,western-springs-illinois
https://www.ubereats.com/chicago/food-delivery/lindys-chili-%26-gerties-ice-cream-87th/N2RRpDkeTtK2GPYUz_TXxw,western-springs-illinois
https://www.ubereats.com/chicago/food-delivery/zaky-grill/fxMVgHwQS6u63QYFNDNxxg,western-springs-illinois
https://www.ubereats.com/chicago/food-delivery/mcdonalds-cermak-%26-ridgeland/U9KD8DbbTeKyoOCeChEzvA,western-springs-illinois
https://www.ubereats.com/chicago/food-delivery/papa-johns-pizza-westchester/Ttt4SZuDROeuXXdnadG5Ow,western-springs-illinois
https://www.ubereats.com/chicago/food-delivery/brothers-mexican-grill-4824-butterfield-rd/pL7fIH9KSxGzF01fo7tUEQ,western-springs-illinois
https://www.ubereats.com/chicago/food-delivery/slice-factory-ogden-%26-clinton/rRaZd4YYRzaNJ1zx6ZaWWA,western-springs-illinois
https://www.ubereats.com/chicago/food-delivery/villa-rosa-pizza/ybndtVarTH23e9w9KYu1Tw,western-springs-illinois
https://www.ubereats.com/chicago/food-delivery/dairy-queen-treat-841-e-roosevelt-rd/bArWbmwpQ0Wju9y143Mw2Q,western-springs-illinois
https://www.ubereats.com/chicago/food-delivery/halal-guys-la-grange-rd/yphU_NoUSFuu2a_-j-ue8Q,western-springs-illinois
https://www.ubereats.com/chicago/food-delivery/dmk-burger-bar/48JlvIrIQ5-qYMoSJTreRA,western-springs-illinois
https://www.ubereats.com/chicago/food-delivery/tacabron/W1BaKOlORgiVe5vOyZfRpA,western-springs-illinois
https://www.ubereats.com/chicago/food-delivery/panda-express-5800-tri-state-tollway/VKh-m8C8Tv2sH2Uk-O1unw,western-springs-illinois
https://www.ubereats.com/chicago/food-delivery/vip-pita/gmRkZ8EdTPKBaLxoMN7pFA,western-springs-illinois
https://www.ubereats.com/chicago/food-delivery/taco-bell-3063-s-wolf-rd/PZw9dJxGQLCRC1_u44aXLA,western-springs-illinois
https://www.ubereats.com/chicago/food-delivery/starbucks-willowbrook-rte-83-%26-plainfield/UlO45HaKQoKMwgTQPT7T6Q,western-springs-illinois
https://www.ubereats.com/chicago/food-delivery/noodles-%26-company-18-w-64-w-22nd-st/pUMZqVK5SrC4yAlfl47FcA,western-springs-illinois
https://www.ubereats.com/chicago/food-delivery/nathans-noodle-and-rice/WYbq5M0qT2Sa3s08A0YprA,western-springs-illinois
https://www.ubereats.com/chicago/food-delivery/tacabron/YFyHovvJTWSRp-ag2bLPMA,western-springs-illinois
https://www.ubereats.com/chicago/food-delivery/la-ola-del-mar/LCOT7vOiRkW6l4J0shx88A,western-springs-illinois
https://www.ubereats.com/chicago/food-delivery/empanadus-la-grange/nTid4xUKRGeKZ1xhfDgeiA,western-springs-illinois
https://www.ubereats.com/chicago/food-delivery/la-estancia-inc/RVTHV8Z8RreFBnZBzxS-ag,western-springs-illinois
https://www.ubereats.com/chicago/food-delivery/el-nuevo-vallarta-sports-bar-and-grill/nRhHkaGNQ4KhvO6LaFyZ0w,western-springs-illinois
https://www.ubereats.com/chicago/food-delivery/subway-7501-cermak-rd/IC_jaEfPR5OQOA7RNI5B7Q,western-springs-illinois
https://www.ubereats.com/chicago/food-delivery/pescadon/zCbmQewjRQShfWFXCltx_w,western-springs-illinois
https://www.ubereats.com/chicago/food-delivery/brothers-mexican-grill-1014-south-la-grange-road/L81PIbecR92t0brgHMPGbw,western-springs-illinois
https://www.ubereats.com/chicago/food-delivery/mcdonalds-cermak-%26-central/s3-z7bcxTIezHObKBQ4WGg,western-springs-illinois
https://www.ubereats.com/chicago/food-delivery/chipotle-mexican-grill-300-e-ogden-ave/YdE3pdLGR3iPOSsrsUUQoA,western-springs-illinois
https://www.ubereats.com/chicago/food-delivery/taqueria-los-comales-harlem-%26-74th-st/EDliyTSGTpuDVlDWN4fbxQ,western-springs-illinois
https://www.ubereats.com/chicago/food-delivery/chipotle-mexican-grill-298-w-north-ave-unit-1/6YIOk6tlTtGOLu-4m-_zlg,western-springs-illinois
https://www.ubereats.com/chicago/food-delivery/captain-bs-shrimp-house/Y50N77o2RuKGTUtVTqHG3Q,western-springs-illinois
https://www.ubereats.com/chicago/food-delivery/casa-margarita-downers-grove/2NKwK1NJREChDBPK46DnKg,western-springs-illinois
https://www.ubereats.com/chicago/food-delivery/clique-sports-bar/ulitmKlyR2C6EfmpfRHpbw,western-springs-illinois
https://www.ubereats.com/chicago/food-delivery/dennys-95th-st-%26-i-294/8-Lp7ipQTnaXxYRQbJAStg,western-springs-illinois
https://www.ubereats.com/chicago/food-delivery/oak-mill-bakery-s-harlem/CAmSDjQoTGW-5j-_6dEeSg,western-springs-illinois
https://www.ubereats.com/chicago/food-delivery/so-cheesy/udXRrJUURhaVlXRQt5rnig,western-springs-illinois
https://www.ubereats.com/chicago/food-delivery/pepes-archer/IqKrcxMRS-av67KjBu_VJg,western-springs-illinois
https://www.ubereats.com/chicago/food-delivery/eriks-deli-lisle/RNTVEtTuScyVCt_o87QRtA,western-springs-illinois
https://www.ubereats.com/chicago/food-delivery/raffertys-irish-pub/v5JL4b_JTDO4hkl0EzEfTQ,western-springs-illinois
https://www.ubereats.com/chicago/food-delivery/q-bar-darien/F8CTpLb3Qge3M6zAWT9b5Q,western-springs-illinois
https://www.ubereats.com/chicago/food-delivery/mcdonalds-ogden-%26-wisconsin/U3VSSiyNT4KJZ0CA9Tw7RQ,western-springs-illinois
https://www.ubereats.com/chicago/food-delivery/kfc-lombard/JZEwvbBZSiuKaLAjo8OJNg,western-springs-illinois
https://www.ubereats.com/chicago/food-delivery/taco-grill-%26-salsa-bar/syPSEZIDTYiYzr4fboYt2w,western-springs-illinois
https://www.ubereats.com/chicago/food-delivery/crazy-pour-sports-bar/PdhuEpzdQ2-Q-VFXCsKV2A,western-springs-illinois
https://www.ubereats.com/chicago/food-delivery/lao-sze-chuan-restaurant-downers-grove/-QAszjVaTo62s4dTvawpZw,western-springs-illinois
https://www.ubereats.com/chicago/food-delivery/village-garden-restaurant-and-cafe/oCOo_LzwQC-s_cBk51af0g,western-springs-illinois
https://www.ubereats.com/chicago/food-delivery/dunkin-5500-s-la-grange-rd/DDCGkFXIQX2D_rQHuBSLYA,western-springs-illinois
https://www.ubereats.com/chicago/food-delivery/nu-crepes/LAkBDlaUSlyvPBrewGr2DA,western-springs-illinois
https://www.ubereats.com/chicago/food-delivery/pizza-track/Fk2KhVk7StGHyeLoYRyn-A,western-springs-illinois
https://www.ubereats.com/chicago/food-delivery/subway-6301-cermak-rd/g1mAQKSgRqqHqymB-OYEqA,western-springs-illinois
https://www.ubereats.com/chicago/food-delivery/marlins/l08lgprKQ2OXeewkBnidsA,western-springs-illinois
https://www.ubereats.com/chicago/food-delivery/dunkin-7516-s-cass-ave/R9x4GcCPSgKUmQtBmblDvg,western-springs-illinois
https://www.ubereats.com/chicago/food-delivery/mcdonalds-cicero-%26-47th-st/mlu0ejp6T06OA77nywskyg,western-springs-illinois
https://www.ubereats.com/chicago/food-delivery/mcdonalds-desplaines-%26-madison/TezQz3soT7ig_b4SuMrkbA,western-springs-illinois
https://www.ubereats.com/chicago/food-delivery/dunkin-9208-ogden-ave/vulV1V-ISNalZJ7MgBKIDQ,western-springs-illinois
https://www.ubereats.com/chicago/food-delivery/portillos-hot-dogs-1500-butterfield-rd/MR-_rmoqT_ud7vA6yisOog,western-springs-illinois
https://www.ubereats.com/chicago/food-delivery/taco-bell-51-w-north-avenue/YGKEpkUiTq6unsQskf6fkA,western-springs-illinois
https://www.ubereats.com/chicago/food-delivery/alejandras-mexican-cuisine/WL1d0iPtQraJIHlcrcpRmA,western-springs-illinois
https://www.ubereats.com/chicago/food-delivery/joes-barbeque-and-fish/F_xBsbEFQ-eIkv_4PCOYvQ,western-springs-illinois
https://www.ubereats.com/chicago/food-delivery/connies-family-restaurant/mkSThhjRRk6q54iodOwQog,western-springs-illinois
https://www.ubereats.com/chicago/food-delivery/zacarellis-pizza/vzWWEuoiTgGd4kVNbhMYwA,western-springs-illinois
https://www.ubereats.com/chicago/food-delivery/juicy-o-pancake-house-downers-grove/R-imWBd3TiSHtLrYDAJRIQ,western-springs-illinois
https://www.ubereats.com/chicago/food-delivery/fajitas-mexican-restaurant-countryside/xCVJb2T3QvWi6mxz0oDLWQ,western-springs-illinois
https://www.ubereats.com/chicago/food-delivery/chicagos-home-of-chicken-%26-waffles-543-madison-st/_at33JhVQNeNsXoqoVWrbQ,western-springs-illinois
https://www.ubereats.com/chicago/food-delivery/jade-garden/oOcagkIHTpuLAETO2ZVk0w,western-springs-illinois
https://www.ubereats.com/chicago/food-delivery/phils-sports-bar-and-grill/otkDmxc7TOWPlBbeQpwMtA,western-springs-illinois
https://www.ubereats.com/chicago/food-delivery/jj-fish-and-chicken-roosevelt-road/8AxEBDCMRAavcfg3N4MeQA,western-springs-illinois
https://www.ubereats.com/chicago/food-delivery/weber-grill-restaurant-lombard/5wAyp2tPRIu3XS6Rnnr8yw,western-springs-illinois
https://www.ubereats.com/chicago/food-delivery/shibam-bridgeview/kz6DdnP9RgWvjtO3ZqW_Ng,western-springs-illinois
https://www.ubereats.com/chicago/food-delivery/poke-bros-oakbrook-terrace/M31T1yrWRtaTI-Xri7qE1g,western-springs-illinois
https://www.ubereats.com/chicago/food-delivery/popeyes-harlem-%26-cambridge/cPxI_C2aRWiMpcFuGMCQ5w,western-springs-illinois
https://www.ubereats.com/chicago/food-delivery/antoninos/r0bAuJf6TN2izNMBlS6EJg,western-springs-illinois
https://www.ubereats.com/chicago/food-delivery/the-highland-queen/skcOyQV8SXGtSS8Vx-Pb1A,western-springs-illinois
https://www.ubereats.com/chicago/food-delivery/subway-8755-w-79th-st/MhULnqDnSP6zkS-Z4sxCJQ,western-springs-illinois
https://www.ubereats.com/chicago/food-delivery/burgerim/XxnzFkeBTzyyxT1i2FSOGQ,western-springs-illinois
https://www.ubereats.com/chicago/food-delivery/urban-counter-hinsdale/BBIbekYfSRSxQVBdtWgTIg,western-springs-illinois
https://www.ubereats.com/chicago/food-delivery/bnk-thai-%26-sushi/zJoH-ms8QgilepeIqK6PxQ,western-springs-illinois
https://www.ubereats.com/chicago/food-delivery/starbucks-75th-%26-cass/T3jalagzSJ2AxTo3zMSfmw,western-springs-illinois
https://www.ubereats.com/chicago/food-delivery/potbelly-sandwich-shop-lombard-%7C-33/9MwkQbjLT2SKrw5Bd5IPPw,western-springs-illinois
https://www.ubereats.com/chicago/food-delivery/chipotle-mexican-grill-1556-butterfield-rd-ste-a/-JFjkroZReWScmEWNY_NSA,western-springs-illinois
https://www.ubereats.com/chicago/food-delivery/nada-resturant/YfiZVhVDQie0lQ0x1-qPBw,western-springs-illinois
https://www.ubereats.com/chicago/food-delivery/capri-of-downers-grove/XVCsZSVZSkmAoS19VXowkg,western-springs-illinois
https://www.ubereats.com/chicago/food-delivery/fulfula/voAkCtdxQ5GNlsA6YJZJcg,western-springs-illinois
https://www.ubereats.com/chicago/food-delivery/currito-york-%26-north/WiqwCftrS3qbt1pmF0sAtg,western-springs-illinois
https://www.ubereats.com/chicago/food-delivery/chipotle-mexican-grill-18w050-22nd-st/mULYWmgsSUmIRE5Z9rXpZQ,western-springs-illinois
https://www.ubereats.com/chicago/food-delivery/pasquallys-pizza-%26-wings-7409-cass-ave/3xyjZpnDTm2wVSUtRUoOvA,western-springs-illinois
https://www.ubereats.com/chicago/food-delivery/beggars-pizza-cicero-%26-archer/Z3w8vJvbQ661hdH6zckn4A,western-springs-illinois
https://www.ubereats.com/chicago/food-delivery/cafe-23/JNZG5LXMQemrLSg3Oihc0g,western-springs-illinois
https://www.ubereats.com/chicago/food-delivery/sarpinos-pizzeria-5107-fairview-ave/6w1QwAINTnio5PtcdCJfHw,western-springs-illinois
https://www.ubereats.com/chicago/food-delivery/mcdonalds-63rd-st-%26-cass/TkuqzkRRQP6k9L91Bwsj-g,western-springs-illinois
https://www.ubereats.com/chicago/food-delivery/sabor-de-mi-tierra-mexican-grill/n2It6aA5TUqBOJX6TXwP9A,western-springs-illinois
https://www.ubereats.com/chicago/food-delivery/protein-bar-%26-kitchen-york-%26-22nd-st/Zg68NwEqRGelfKiIYzYh_w,western-springs-illinois
https://www.ubereats.com/chicago/food-delivery/pizza-hub/ZrLG4b2fStmj98acUJskbQ,western-springs-illinois
https://www.ubereats.com/chicago/food-delivery/harlo-grill/tHH9_solTaC4D2NKAQd3OA,western-springs-illinois
https://www.ubereats.com/chicago/food-delivery/young-prince/oh6yLZY-QzSVwpaaA34yFA,western-springs-illinois
https://www.ubereats.com/chicago/food-delivery/gloria-jeans-coffees/vncLxulkSmaFccj0Dfvtvg,western-springs-illinois
https://www.ubereats.com/chicago/food-delivery/en-fuego-mexican-grille/MwBtuevkQZq8B0K3TQkacQ,western-springs-illinois
https://www.ubereats.com/chicago/food-delivery/blissful-nachos/F_BHCcH6SUuKvDyUOsLFyw,western-springs-illinois
https://www.ubereats.com/chicago/food-delivery/galway-inn/bGtMQnHRQJaw9ZQHVsDX0w,western-springs-illinois
https://www.ubereats.com/chicago/food-delivery/wendys-9941-w-55th-st/eCkaHRypQXqUazPNlJ9RJQ,western-springs-illinois
https://www.ubereats.com/chicago/food-delivery/loreto-zacatecas/58jTTY7kRVi2IJ243natzA,western-springs-illinois
https://www.ubereats.com/chicago/food-delivery/mcdonalds-roosevelt-%26-mannheim/oQb8rlVRTmS6Htf5Rfc0Kw,western-springs-illinois
https://www.ubereats.com/chicago/food-delivery/taco-bell-6956-ogden-ave/wjXIcwmTTySYMpWBqYkwPA,western-springs-illinois
https://www.ubereats.com/chicago/food-delivery/new-rebozo/iUG0uH2PRcy10Tc9UqI3rw,western-springs-illinois
https://www.ubereats.com/chicago/food-delivery/china-chef/mh5sHXAzQsao24KGFkRwZA,western-springs-illinois
https://www.ubereats.com/chicago/food-delivery/stunods-pizzeria/MsdPV_pzQpii8fJAtMabZg,western-springs-illinois
https://www.ubereats.com/chicago/food-delivery/shanahans/JZEDfOD1TXeQJjMJJlMiXg,western-springs-illinois
https://www.ubereats.com/chicago/food-delivery/cafe-de-jeanola/Zcx55h2BTeeY-mqqt9wxXg,western-springs-illinois
https://www.ubereats.com/chicago/food-delivery/food-street-restaurant/kxAN_GrESSGjrb2hki9XPw,western-springs-illinois
https://www.ubereats.com/chicago/food-delivery/mcdonalds-cermak-%26-harlem/_p5tqz6ET3q7MTJ7AxxElA,western-springs-illinois
https://www.ubereats.com/chicago/food-delivery/papaspiros-greek-taverna/ldeh_D6LQA65gHcAa0Kv0w,western-springs-illinois
https://www.ubereats.com/chicago/food-delivery/jamba-juice-17w426-22nd-street/3GclvrhpTM2FdBcUbWcEiA,western-springs-illinois
https://www.ubereats.com/chicago/food-delivery/la-barra-riverside/8_EoiUHZRcCXhQArY54RRg,western-springs-illinois
https://www.ubereats.com/chicago/food-delivery/popeyes-5711-s-la-grange-rd/DHb-AdewS8avQuXRRUIkeA,western-springs-illinois
https://www.ubereats.com/chicago/food-delivery/sharks-fish-%26-chicken-harlem/Anx_YdHPRiiU_dCwXwI1iA,western-springs-illinois
https://www.ubereats.com/chicago/food-delivery/benihana-747-e-butterfield-road/1k-eTCC0TSC6Q8rgrbZq1Q,western-springs-illinois
https://www.ubereats.com/chicago/food-delivery/chipotle-mexican-grill-2103-clearwater-dr/RT1o67j5Sc6puZjTf7dmgA,western-springs-illinois
https://www.ubereats.com/chicago/food-delivery/mcdonalds-ogden-%26-cross/f2stPNYjTRGSYQ9bxsWfBA,western-springs-illinois
https://www.ubereats.com/chicago/food-delivery/next-mex/YRrPZ6x3Rm-m_xIIznj-FA,western-springs-illinois
https://www.ubereats.com/chicago/food-delivery/mcdonalds-63rd-st-%26-i-355/8AuIH9RKTfWLZhWKLAIBWw,western-springs-illinois
https://www.ubereats.com/chicago/food-delivery/the-sweet-and-savory-spot/8R8-WikwTAKBQ2vmPiBCrg,western-springs-illinois
https://www.ubereats.com/chicago/food-delivery/wok-n-fire/QykBeLtlRtGjLwHdnM0CcA,western-springs-illinois
https://www.ubereats.com/chicago/food-delivery/uncle-julios-lombard/g_ZR2k_URiOGAN4CQmwrHQ,western-springs-illinois
https://www.ubereats.com/chicago/food-delivery/mai-thai-restaurant/EC_K5MrtQDigsV8TOfJmWw,western-springs-illinois
https://www.ubereats.com/chicago/food-delivery/fourteensixteen/LvJd88XXT-STTPwaoBEqPQ,western-springs-illinois
https://www.ubereats.com/chicago/food-delivery/jersey-mikes-subs-62-ogden-avenue/Luz05me4RVqcNfj3l8R-mA,western-springs-illinois
https://www.ubereats.com/chicago/food-delivery/nwb-the-next-whiskey-bar/mdE-yqqJR3Crtae0VtrtdQ,western-springs-illinois
https://www.ubereats.com/chicago/food-delivery/cedar-grill/5joC8iroTEqXY1j0WrF_4Q,western-springs-illinois
https://www.ubereats.com/chicago/food-delivery/wasabi-restaurant-%26-bar/z3FMoXmBQvaXq2SypwcZPg,western-springs-illinois
https://www.ubereats.com/chicago/food-delivery/another-round-bar-and-grill/74EGOKNkQRSd2c9HF-sEWg,western-springs-illinois
https://www.ubereats.com/chicago/food-delivery/yia-yias-pancake-house-%26-restaurant/bwyl_VFdRPaFLPr0kLmNEw,western-springs-illinois
https://www.ubereats.com/chicago/food-delivery/shree-indian-restaurant-westmont/-ksJRGsfQb6WU4VfG4XtYA,western-springs-illinois
https://www.ubereats.com/chicago/food-delivery/taco-tu/IpS14yOoRteLZTTks76YqA,western-springs-illinois
https://www.ubereats.com/chicago/food-delivery/aodake/vMIpF9nvQkyuO5PFGiEENA,western-springs-illinois
https://www.ubereats.com/chicago/food-delivery/skippys-gyros-oak-brook/OmShFz9LSga2purV0BKkfg,western-springs-illinois
https://www.ubereats.com/chicago/food-delivery/waldo-cooneys-pizza-worth/yJzA9RAESEKrJlAjcIBQyw,western-springs-illinois
https://www.ubereats.com/chicago/food-delivery/popeyes-844-e-roosevelt-rd/rvbCMmGPRcWhITpeShwg2Q,western-springs-illinois
https://www.ubereats.com/chicago/food-delivery/empanadus-riverside/qgdHP7f6Qi-y-PWoggBPwQ,western-springs-illinois
https://www.ubereats.com/chicago/food-delivery/red-lobster-3001-finley-road/UAaFRnwET62O8Ugk-EiN5w,western-springs-illinois
https://www.ubereats.com/chicago/food-delivery/owl-and-lark/mnzW0GcHRzGWDQ0Cm5fYkw,western-springs-illinois
https://www.ubereats.com/chicago/food-delivery/burger-king-170-countryside-plaza/hHUCQ69HRAa68HPiyUtjzg,western-springs-illinois
https://www.ubereats.com/chicago/food-delivery/big-mamas-to-go/qniek1LLTLG2woRTXS6Xlw,western-springs-illinois
https://www.ubereats.com/chicago/food-delivery/bar-louie-oakbrook/dPVzbUPDROqy9zPUWGdIaw,western-springs-illinois
https://www.ubereats.com/chicago/food-delivery/mcdonalds-plainfield-%26-75th-st/tHY4Bjk0ShO5oH0e_bk_Sg,western-springs-illinois
https://www.ubereats.com/chicago/food-delivery/novis-beef/6iNmjz-9TeS8PoZ6kdzX6w,western-springs-illinois
https://www.ubereats.com/chicago/food-delivery/blaze-pizza-7122-w-cermak-rd/D1swEuDDQrmja3nuCAcXkA,western-springs-illinois
https://www.ubereats.com/chicago/food-delivery/china-king-restaurant/qxC0xa_6TUm_Jz96ezMtRQ,western-springs-illinois
https://www.ubereats.com/chicago/food-delivery/tavern-on-lagrange/Z0LokXGhSWaMB7357b3ijA,western-springs-illinois
https://www.ubereats.com/chicago/food-delivery/potbelly-sandwich-shop-northlake-%7C-146/wzg7qtg1SPGg8QejOn3oug,western-springs-illinois
https://www.ubereats.com/chicago/food-delivery/oaked-highland-ave/kmxEWk7XSTifTU8_-OdPCA,western-springs-illinois
https://www.ubereats.com/chicago/food-delivery/mcdonalds-south-la-grange-%26-57th-st/KnxhArYxSTa0Bj0KD6VooQ,western-springs-illinois
https://www.ubereats.com/chicago/food-delivery/jens-guesthouse/cxqnxn8zRFqs6Eu92ylDxw,western-springs-illinois
https://www.ubereats.com/chicago/food-delivery/emilios-tapas-hillside/WLUbETdBR8GYbfj_Io-mYQ,western-springs-illinois
https://www.ubereats.com/chicago/food-delivery/di-leos-pizzeria/RSyqjez4RLyH-8p7B3u5kQ,western-springs-illinois
https://www.ubereats.com/chicago/food-delivery/krispy-kreme-110-s-mannheim-rd/PiuFy9ABQwa8YLM6dgQMWA,western-springs-illinois
https://www.ubereats.com/chicago/food-delivery/randis-deli/4MCN-GShQeOwHRa4qfK7bg,western-springs-illinois
https://www.ubereats.com/chicago/food-delivery/subway-112-burr-ridge-pkwy/pOX9gVApQuazewZOu8PzNw,western-springs-illinois
https://www.ubereats.com/chicago/food-delivery/starbucks-broadview-cermak-%26-17th/V_7up2sQSg2gONbQ6n7Kuw,western-springs-illinois
https://www.ubereats.com/chicago/food-delivery/la-dulce-vida-neveria/2Usknu8ATXG5HH0UGmUVxQ,western-springs-illinois
https://www.ubereats.com/chicago/food-delivery/shawarma-express/ugMgQq8VTr6nLQImkk4EiA,western-springs-illinois
https://www.ubereats.com/chicago/food-delivery/dennys-17-w-660-22nd-st/SX_3AFZgTvSSdcjGeQNvvA,western-springs-illinois
https://www.ubereats.com/chicago/food-delivery/burger-king-7301-lemont-road/3khZn5gZTSOhRVzt2KjYhA,western-springs-illinois
https://www.ubereats.com/chicago/food-delivery/steak-n-shake-1520-ogden-ave/UBRHFtT8TDi8xd7VlKWr7g,western-springs-illinois
https://www.ubereats.com/chicago/food-delivery/fry-the-coop-elmhurst/2AkSPkA3Q_mPP0eilpYy9Q,western-springs-illinois
https://www.ubereats.com/chicago/food-delivery/rosatis-pizza-darien/vJIbeXsQTt-O1SQmenj9sQ,western-springs-illinois
https://www.ubereats.com/chicago/food-delivery/blueberry-hill-breakfast-cafe/jqoqOstYQU6PeLc2K87REQ,western-springs-illinois
https://www.ubereats.com/chicago/food-delivery/la-michoacana-of-countryside/JBWnkgdCQsCO6dOpZFkrcg,western-springs-illinois
https://www.ubereats.com/chicago/food-delivery/gorditas-la-tia/4MrOrNeVQIeJpKOT2Cd1OQ,western-springs-illinois
https://www.ubereats.com/chicago/food-delivery/casa-margarita-hinsdale/t_WrWQbqS4OYn7Hl-Ol6eQ,western-springs-illinois
https://www.ubereats.com/chicago/food-delivery/subway-6394-s-cass-ave/EDee0HJSQbmp3JMtzl_iWw,western-springs-illinois
https://www.ubereats.com/chicago/food-delivery/new-korea-garden/3Pz-8KKCTHGnqn8sLnCyQQ,western-springs-illinois
https://www.ubereats.com/chicago/food-delivery/palmers-burger-bar/GtwmzsScTVakw09_SxL4YA,western-springs-illinois
https://www.ubereats.com/chicago/food-delivery/starbucks-22nd-%26-tower/cB73AKpYR8SAi_rJ61aEMg,western-springs-illinois
https://www.ubereats.com/chicago/food-delivery/kona-grill-oak-brook/MJYX9AY6SkGgRha8JHX8hA,western-springs-illinois
https://www.ubereats.com/chicago/food-delivery/taco-burrito-king-south-harlem/Atrtvy62SpKkhKmjs44skA,western-springs-illinois
https://www.ubereats.com/chicago/food-delivery/wingstop-3900b-harlem-ave/OsjRhGE6RBOWvnKhiJYzYQ,western-springs-illinois
https://www.ubereats.com/chicago/food-delivery/burrito-paradise/fmtfnyDWQE-9tLBrYOnu7g,western-springs-illinois
https://www.ubereats.com/chicago/food-delivery/argo-tea-oakbrook-center/nQf-KBGTRcCIAkV5LW_CTw,western-springs-illinois
https://www.ubereats.com/chicago/food-delivery/red-mango-81-south-la-grange-road/6q4lKdZBSxuFMtEWG93vRQ,western-springs-illinois
https://www.ubereats.com/chicago/food-delivery/five-guys-il-0580-7150-cermak-rd/lPwtzaQaRI6DEwTIGg5tOw,western-springs-illinois
https://www.ubereats.com/chicago/food-delivery/stans-donuts-%26-coffee-oakbrook-terrace/175n6xccTIOvK41VguFNaA,western-springs-illinois
https://www.ubereats.com/chicago/food-delivery/firehouse-chicago-style-westmont/l2ooHKOBT9urcnF_kRa3Vg,western-springs-illinois
https://www.ubereats.com/chicago/food-delivery/portillos-hot-dogs-170-north-ave/mwl_KFWYTbmnAFryVLerYw,western-springs-illinois
https://www.ubereats.com/chicago/food-delivery/ice-cream-shop-by-slice-factory/A039pGdtS9izR7QPCfU-dg,western-springs-illinois
https://www.ubereats.com/chicago/food-delivery/mcdonalds-25th-ave-%26-washington/Z8LXa25KQA6-QJY2p75Xkw,western-springs-illinois
https://www.ubereats.com/chicago/food-delivery/baldinelli-pizza/TRRx_Ef3TEy18jWrCDNxDg,western-springs-illinois
https://www.ubereats.com/chicago/food-delivery/hooters-downers-grove-%26-butterfield/zMy8wxVrSMu4HFAZpGSsbw,western-springs-illinois
https://www.ubereats.com/chicago/food-delivery/dunkin-5615-s-harlem-ave/iG9jXneDQgmLjDOWBQwZVg,western-springs-illinois
https://www.ubereats.com/chicago/food-delivery/the-happy-tapper/hIV8yIkLQMmhhU1UYTf_2w,western-springs-illinois
https://www.ubereats.com/chicago/food-delivery/kfc-9950-w-roosevelt-road/8lFeuWEqRiiAB1FgQut34g,western-springs-illinois
https://www.ubereats.com/chicago/food-delivery/mcdonalds-st-charles-%26-ashbel/HIELI4C0SBqC249twzC-_g,western-springs-illinois
https://www.ubereats.com/chicago/food-delivery/sgd-dubu-oakbrook-terrace/wFRFvxqkSdis-l2bSNkQHA,western-springs-illinois
https://www.ubereats.com/chicago/food-delivery/suparossa-restaurant/qwdXJUynSv2Sybgm31IZRA,western-springs-illinois
https://www.ubereats.com/chicago/food-delivery/taqueria-casa-grande/jJ6wXjqZS1y6gCTrm0wryw,western-springs-illinois
https://www.ubereats.com/chicago/food-delivery/noodles-%26-company-1-e-burlington-ave/YDR5A9XHRIeVF0kcGX9NXQ,western-springs-illinois
https://www.ubereats.com/chicago/food-delivery/pf-changs-2361-fountain-square-dr/TDptF9MWRdeCA7XfhqDfEg,western-springs-illinois
https://www.ubereats.com/chicago/food-delivery/super-taco-express/j_X6CACnTIiIva5XNjduhw,western-springs-illinois
https://www.ubereats.com/chicago/food-delivery/lavergnes-tavern/SRj-NIorRjq6jEL_qi_fXQ,western-springs-illinois
https://www.ubereats.com/chicago/food-delivery/wing-society/JH4xfMtZSQeaSh5xXmDM4A,western-springs-illinois
https://www.ubereats.com/chicago/food-delivery/bowl-o-biryani/onP86-wYRNOuAwTf4txSTA,western-springs-illinois
https://www.ubereats.com/chicago/food-delivery/subway-17w627-roosevelt-rd/gHaxosrAT0-YahKz1NqrFg,western-springs-illinois
https://www.ubereats.com/chicago/food-delivery/mcdonalds-roosevelt-%26-maple/SBobPeNuSwe7kL4jALmJBg,western-springs-illinois
https://www.ubereats.com/chicago/food-delivery/sharks-fish-%26-chicken-maywood/8Tz1sMPER9G9x_HQcEhTwA,western-springs-illinois
https://www.ubereats.com/chicago/food-delivery/portillos-hot-dogs-7195-n-kingery-highway/80_d1LPxRPioe7chox-Lvg,western-springs-illinois
https://www.ubereats.com/chicago/food-delivery/starbucks-york-%26-industrial/PD1RF9SyTjC0y-_u5-w2ew,western-springs-illinois
https://www.ubereats.com/chicago/food-delivery/jets-pizza-darien/7yTrAm-TSKyOFRdDeT155Q,western-springs-illinois
https://www.ubereats.com/chicago/food-delivery/sebastians-ale-%26-whiskey-house-brookfield/aGPlPkz2T3yMtRlGKlSFjA,western-springs-illinois
https://www.ubereats.com/chicago/food-delivery/con-huevos/s3rm3DTuQZe5Fdyu2eO9vA,western-springs-illinois
https://www.ubereats.com/chicago/food-delivery/francescas-amici/gXE_LL_pTCuaWRJksyCHJw,western-springs-illinois
https://www.ubereats.com/chicago/food-delivery/halsted-street-deli/2XVoMCRuRgiz-dUE5xVnQQ,western-springs-illinois
https://www.ubereats.com/chicago/food-delivery/pinstripes-oak-brook/7OazfKNNRHq0y2yIIxQacA,western-springs-illinois
https://www.ubereats.com/chicago/food-delivery/la-michoacana-esclusiva/vfGIsfXFRYO0ln6dAlEk2g,western-springs-illinois
https://www.ubereats.com/chicago/food-delivery/dunkin-19-w-63rd-st/OoUDx8FAS_urGXEV6PEfXw,western-springs-illinois
https://www.ubereats.com/chicago/food-delivery/dunkin-7949-w-79th-st/k-NVMlCRTuiaYJFGCIRrng,western-springs-illinois
https://www.ubereats.com/chicago/food-delivery/chipotle-mexican-grill-7173-s-kingery-hwy/ufUeqbd4RmGfeSD2Emlz9A,western-springs-illinois
https://www.ubereats.com/chicago/food-delivery/pit-zone-bbq/HUADCY16QzOjPW3m_Dv9Iw,western-springs-illinois
https://www.ubereats.com/chicago/food-delivery/submarine-brothers/-K-5Ss-ySLCINBBUepV2Mg,western-springs-illinois
https://www.ubereats.com/chicago/food-delivery/mcdonalds-st-charles-%26-villa/GMvCkzRJTNO8elYSiLs61w,western-springs-illinois
https://www.ubereats.com/chicago/food-delivery/las-delicias-de-michoacan/SqZpHJASSjiTEZXHysN6oQ,western-springs-illinois
https://www.ubereats.com/chicago/food-delivery/chuck-e-cheese-7409-cass-ave/j_w-AHruS5mnR-BN5zg6bg,western-springs-illinois
https://www.ubereats.com/chicago/food-delivery/american-tap/gVpUsrJARFKC7_Vpktm0MQ,western-springs-illinois
https://www.ubereats.com/chicago/food-delivery/ice-cream-shop-by-slice-factory/YLSeTOU3RtSRVX-nyBnZRQ,western-springs-illinois
https://www.ubereats.com/chicago/food-delivery/all-aboard-diner/NfK_BursSAOPOUuHe6Vcfg,western-springs-illinois
https://www.ubereats.com/chicago/food-delivery/go-wings/v2YC7mGzRhGCt2F-6Zh5KA,western-springs-illinois
https://www.ubereats.com/chicago/food-delivery/henrys-tacos/Y42LU-FFTryGnvw5wkvJdw,western-springs-illinois
https://www.ubereats.com/chicago/food-delivery/johnnys-burgers-bowls-%26-bbq/XtGlsoP6QXaYLn5ahx87RA,western-springs-illinois
https://www.ubereats.com/chicago/food-delivery/scudieros-italian-bakery-%26-deli/AvTsYbBhQpqZ7i0iEsDTPg,western-springs-illinois
https://www.ubereats.com/chicago/food-delivery/midnight-kitchen/nKCLpWxsSDWqwbXNL1SB1Q,western-springs-illinois
https://www.ubereats.com/chicago/food-delivery/davanti-enoteca-western-springs/zYrem14PSHWcO4DBNOAtwQ,western-springs-illinois
https://www.ubereats.com/chicago/food-delivery/sushi-house-downers-grove/C3iF91X_S6uhbWIj_jxlMw,western-springs-illinois
https://www.ubereats.com/chicago/food-delivery/meatheads-willowbrook/z9QKaouIS0uBDHnUCSbM0g,western-springs-illinois
https://www.ubereats.com/chicago/food-delivery/russells-barbecue/s4fcbyd0RZKsf2pVVTKAbg,western-springs-illinois
https://www.ubereats.com/chicago/food-delivery/kama-bistro/z4d-sN_6SiepFvpCGA2lhw,western-springs-illinois
https://www.ubereats.com/chicago/food-delivery/wild-monk/8Lal3qAZS8evoQFOB90F1A,western-springs-illinois
https://www.ubereats.com/chicago/food-delivery/beatrix-oakbrook/zRC8HUN5QsaPayDjY-WoPA,western-springs-illinois
https://www.ubereats.com/chicago/food-delivery/fitzs-bulldog/_HoNm30NQZ-BB6t7WrhISA,western-springs-illinois
https://www.ubereats.com/chicago/food-delivery/taco-bell-6944-archer/YgE3lB_STRy7NKE0mmyAlQ,western-springs-illinois
https://www.ubereats.com/chicago/food-delivery/eagle-restaurant/CFxLrEQlT4iFuydSFRRw4g,western-springs-illinois
https://www.ubereats.com/chicago/food-delivery/paleteria-las-delicias-de-michoacan/PLENHf6wTHewhB5sykAWJA,western-springs-illinois
https://www.ubereats.com/chicago/food-delivery/hamburgini/ult10jSrQH60Mv0bsdHOEQ,western-springs-illinois
https://www.ubereats.com/chicago/food-delivery/chipotle-mexican-grill-353-s-il-route-83/JXt1ABmiRhaTySzHlvqz1A,western-springs-illinois
https://www.ubereats.com/chicago/food-delivery/palmers-wings-%26-things/WXNnxOruQHaD8-5qzjE-YA,western-springs-illinois
https://www.ubereats.com/chicago/food-delivery/teriyaki-madness-795-e-butterfield-rd-lombard/Y87f9IPwT4aAdorTzW1wVw,western-springs-illinois
https://www.ubereats.com/chicago/food-delivery/harolds-shrimp-chicken-and-pizzeria/_AZMlI2PQOqTZgMaufFqdA,western-springs-illinois
https://www.ubereats.com/chicago/food-delivery/pita-pita-mediterranean-grill-lombard/UO7jLyN2TfS4HoHOMcP8IA,western-springs-illinois
https://www.ubereats.com/chicago/food-delivery/barones-pizza/rrqOPJ47S5C8hMQ0q799Ew,western-springs-illinois
https://www.ubereats.com/chicago/food-delivery/dennys-7737-s-kingery-hwy/wtwfaaxaSI-MGd-1Z9be_A,western-springs-illinois
https://www.ubereats.com/chicago/food-delivery/balkan-bakery/p07xBVzlQHehTQoKZr-4ZA,western-springs-illinois
https://www.ubereats.com/chicago/food-delivery/mod-pizza-downers-grove/trC1LMA_SgWsxCRu6-xYLQ,western-springs-illinois
https://www.ubereats.com/chicago/food-delivery/freshii-203-yorktown-shopping-center/_c5vnGJvR1SHfUCqMA680g,western-springs-illinois
https://www.ubereats.com/chicago/food-delivery/el-famous-burrito-downers-grove/JO_X5WUsSR2-6RdSRC6CZQ,western-springs-illinois
https://www.ubereats.com/chicago/food-delivery/thai-kitchen/HBO7JLiuRGmcEJa2rr4dMA,western-springs-illinois
https://www.ubereats.com/chicago/food-delivery/sammys-of-la-grange/QLgXQ_42T3CllbaoRKpWIQ,western-springs-illinois
https://www.ubereats.com/chicago/food-delivery/falafelji/Lw3miMrxT7iEmEgKFVEp5A,western-springs-illinois
https://www.ubereats.com/chicago/food-delivery/jamesons-charhouse-woodridge/fRk8AnT6S26Y2oswV-MwBQ,western-springs-illinois
https://www.ubereats.com/chicago/food-delivery/capital-greens-highland-ave/_QxJVfKaTF2FjY59cGJPDg,western-springs-illinois
https://www.ubereats.com/chicago/food-delivery/ward-mediterranean-grill/LaTNEm_0QIqrAvelHEgUpQ,western-springs-illinois
https://www.ubereats.com/chicago/food-delivery/casa-margarita-la-grange/QcbX8mVJTb2hoa9lRRSGQg,western-springs-illinois
https://www.ubereats.com/chicago/food-delivery/francescas-vicinato/oxONaQnzToKSXW0W4guHuQ,western-springs-illinois
https://www.ubereats.com/chicago/food-delivery/famous-daves-7201-west-25th-street/9tJh-h2nTlSUrIjnYwI6ug,western-springs-illinois
https://www.ubereats.com/chicago/food-delivery/covo-greek-street-food/sHAoAqEwSTK3SJ3yKn2qyw,western-springs-illinois
https://www.ubereats.com/chicago/food-delivery/catfish-willowbrook-il/ZHc0hNnbStC5TOP_QMkDkA,western-springs-illinois
https://www.ubereats.com/chicago/food-delivery/pita-land/ubbRwOFhTd2fRrz4wo4eqA,western-springs-illinois
https://www.ubereats.com/chicago/food-delivery/popeyes-7518-s-cass-ave/9pI3piwXTDCMDh0RiFEWvg,western-springs-illinois
https://www.ubereats.com/chicago/food-delivery/panda-express-203-yorktown/k2Y-mqyIT9eslfZHpemYUg,western-springs-illinois
https://www.ubereats.com/chicago/food-delivery/mcdonalds-la-grange-%26-ogden/ruvYeQivS22N5_fcXkQcTg,western-springs-illinois
https://www.ubereats.com/chicago/food-delivery/dunkin-9400-joliet-rd/x5_A4uUUS9SdJmC_FVeGGQ,western-springs-illinois
https://www.ubereats.com/chicago/food-delivery/kfc-taco-bell-i-294-milepost-25/yXNkJRnXT6icI7UlLcIt2w,western-springs-illinois
https://www.ubereats.com/chicago/food-delivery/mcdonalds-midwest-%26-22nd-st/j7U-63kLSnqy2bp9YB5uiQ,western-springs-illinois
https://www.ubereats.com/chicago/food-delivery/zazzos-pizza-darien/vejvSajDTZqKbG2zSrd2QQ,western-springs-illinois
https://www.ubereats.com/chicago/food-delivery/sushi-house-westmont/vhT-NgazSPO8D-XlC8v0Eg,western-springs-illinois
https://www.ubereats.com/chicago/food-delivery/pops-italian-beef-%26-sausage/63Xla2UBSRSsBk1X-FlCsg,western-springs-illinois
https://www.ubereats.com/chicago/food-delivery/the-original-chickies-beef/eDP6ZA9zSh-P7CaCfXzxAQ,western-springs-illinois
https://www.ubereats.com/chicago/food-delivery/the-wing-boss/Lrp13Zd-SN-Kw-aQzhhO3g,western-springs-illinois
https://www.ubereats.com/chicago/food-delivery/mcdonalds-archer-%26-rutherford/BKQBneUiTLua4Ks8gHlCxw,western-springs-illinois
https://www.ubereats.com/chicago/food-delivery/wendys-4116-w-roosevelt-road/8ifCiVMSRG2CTeZCnvwTCw,western-springs-illinois
https://www.ubereats.com/chicago/food-delivery/blue-star-taqueria-and-margarita-bar/eOofjiQVSIangwAmjHxUJw,western-springs-illinois
https://www.ubereats.com/chicago/food-delivery/rameys-bar-and-grill/_HUjMDVQQ4a1i9bqeDxnvw,western-springs-illinois
https://www.ubereats.com/chicago/food-delivery/starbucks-ogden-and-prince/1fQyIXjSTcWqzPbej9JHjg,western-springs-illinois
https://www.ubereats.com/chicago/food-delivery/chai-yo-thai-cuisine/M2KQUasET9yFhO49oZ3i2g,western-springs-illinois
https://www.ubereats.com/chicago/food-delivery/subway-of-western-springs/9kjYAds-SZ2uVZlLygCwiw,western-springs-illinois
https://www.ubereats.com/chicago/food-delivery/popeyes-roosevelt-%26-11th-ave/02tsfx8gTYiqO9BSMU3eMQ,western-springs-illinois
https://www.ubereats.com/chicago/food-delivery/auntie-annes-7501-w-cermak-rd/lNyEWnErRq-7Pums0rZ3Og,western-springs-illinois
https://www.ubereats.com/chicago/food-delivery/versatile-soul-food-cafe/ZKOkpklkSrWY6KQofu2kSA,western-springs-illinois
https://www.ubereats.com/chicago/food-delivery/dunkin-7516-s-cass-ave-unit-5b/4u84NygdQlefSyfrIGSI2A,western-springs-illinois
https://www.ubereats.com/chicago/food-delivery/golden-basket/e_C04EzXTLCO80K1j1gFaQ,western-springs-illinois
https://www.ubereats.com/chicago/food-delivery/potbelly-sandwich-shop-519-oakbrook-center/G47sIWRvTPG2BeHoAzz7Mw,western-springs-illinois
https://www.ubereats.com/chicago/food-delivery/broadview-family-restaurant/OetiKFvoS9O8JCk25iHZ_A,western-springs-illinois
https://www.ubereats.com/chicago/food-delivery/brooklyn-halal-grilled-chicken-and-pizza/Uvic7S8TSWmJ07yoOra_hQ,western-springs-illinois
https://www.ubereats.com/chicago/food-delivery/shikara-indian-restaurant/z5tgaCo5SmaGGBx91vLMtQ,western-springs-illinois
https://www.ubereats.com/chicago/food-delivery/dolce-restaurant-%26-wine-bar/P2sHwx6QQ8GCtYO8VnTxgA,western-springs-illinois
https://www.ubereats.com/chicago/food-delivery/the-ice-cream-shop/TESUHTr4TdudVygu5eyKBg,western-springs-illinois
https://www.ubereats.com/chicago/food-delivery/mr-broast-roosevelt-%26-school/qUSuzE6IQgyJvqKaqpqFhg,western-springs-illinois
https://www.ubereats.com/chicago/food-delivery/bulldog-ale-house-villa-park/wq9KKIaJRmCCD2gyX_VfFw,western-springs-illinois
https://www.ubereats.com/chicago/food-delivery/jersey-mikes-subs-roosevelt-%26-summit/32MGtpSRQuC4bdM-DfLmyw,western-springs-illinois
https://www.ubereats.com/chicago/food-delivery/skuddlebutts/C0OjnXn6Rp2OTdz_MCRH4g,western-springs-illinois
https://www.ubereats.com/chicago/food-delivery/starbucks-downers-grove-main-%26-warren/AnhVwIsUQ6i0ttDS7gWDxA,western-springs-illinois
https://www.ubereats.com/chicago/food-delivery/pza-lombard/kib2Gn5LRkKl4z_wD4kLig,western-springs-illinois
https://www.ubereats.com/chicago/food-delivery/mcdonalds-ogden-%26-amelia/neXy3IKdTWKRyZCjOs0C2Q,western-springs-illinois
https://www.ubereats.com/chicago/food-delivery/guac-n-tacos/BssCsSMFR5q8Te7KF5t2UQ,western-springs-illinois
https://www.ubereats.com/chicago/food-delivery/starbucks-western-springs-burlington-ave/AYxJGDqOTyOpOZs0uqdp4w,western-springs-illinois
https://www.ubereats.com/chicago/food-delivery/mojos-east-coast-eats/iI2pARBJQd-PU7LejMgY1A,western-springs-illinois
https://www.ubereats.com/chicago/food-delivery/jelly-jam-pancake-house-%26-restaurant/f3TRsCdYQde9fp0ZZ4jbqA,western-springs-illinois
https://www.ubereats.com/chicago/food-delivery/popeyes-5708-south-harlem/gJM2XoYxQea0RYfFjVqFxA,western-springs-illinois
https://www.ubereats.com/chicago/food-delivery/jenis-splendid-ice-cream-oakbrook-center/GGHFnJOiQCeGrip6s6xbEQ,western-springs-illinois
https://www.ubereats.com/chicago/food-delivery/outback-steakhouse-2970-finley-rd/ijpy4y9GReq9R7jIJFHU5g,western-springs-illinois
https://www.ubereats.com/chicago/food-delivery/mr-wonton/8CSMwR1wT_KVQEST43FiSg,western-springs-illinois
https://www.ubereats.com/chicago/food-delivery/portillos-hot-dogs-155-s-route-83/naY4uTIAQBymk-7uybKuVQ,western-springs-illinois
https://www.ubereats.com/chicago/food-delivery/between-the-buns-downers-grove/V3L3pg4ZQL-zQRKHjQ-N-Q,western-springs-illinois
https://www.ubereats.com/chicago/food-delivery/maks-house-lagrange/CXO-9sLkStWtWy_NFCk2Uw,western-springs-illinois
https://www.ubereats.com/chicago/food-delivery/kfc-11158-west-31st-street/0c8eaOycQy-prkV1_PysoQ,western-springs-illinois
https://www.ubereats.com/chicago/food-delivery/subway-822-ogden-ave/NTpB-IROQQS6z4_JAUHblQ,western-springs-illinois
https://www.ubereats.com/chicago/food-delivery/picante-american-and-mexican-grill/2q3EN7PUQ1CjyBeL8kQopg,western-springs-illinois
https://www.ubereats.com/chicago/food-delivery/mcdonalds-31st-st-%26-wolf/BV9099m1SqOZlnXs9QcOKQ,western-springs-illinois
https://www.ubereats.com/chicago/food-delivery/courageous-bakery-and-cafe-108/s5QbJwRiRXWeZsKt3M_Wpw,western-springs-illinois
https://www.ubereats.com/chicago/food-delivery/burger-king-218-mannheim-road/syx4nxc9RWK959c5ltI4zw,western-springs-illinois
https://www.ubereats.com/chicago/food-delivery/subway-5409-s-harlem/vuUrsUg3RZu7BtC15juU1g,western-springs-illinois
https://www.ubereats.com/chicago/food-delivery/panda-express-100-s-mannheim-rd/YSucJ6wXT7SG46MWbpSlgA,western-springs-illinois
https://www.ubereats.com/chicago/food-delivery/fresh-start-cafe/npFoDnFXR7K28aR1yGmIsw,western-springs-illinois
https://www.ubereats.com/chicago/food-delivery/bacci-pizzeria-elmhurst/0YVamu_dTomRsqij9e2IxA,western-springs-illinois
https://www.ubereats.com/chicago/food-delivery/altiro-latin-fusion/py535S0CQ3ukFh0-hzoMgg,western-springs-illinois
https://www.ubereats.com/chicago/food-delivery/starbucks-ogden-%26-i-294-hinsdale/RHeGxnI-T5CnBbxeqohc6w,western-springs-illinois
https://www.ubereats.com/chicago/food-delivery/mcdonalds-north-%26-wolf/ukL1ofE3TzClao91K-F-jQ,western-springs-illinois
https://www.ubereats.com/chicago/food-delivery/albaraka-grill/aFz132ENRM6Pz6sEplioQA,western-springs-illinois
https://www.ubereats.com/chicago/food-delivery/francescas-fiore/zDZ3D7lqQke1Mn4CGc7Ozw,western-springs-illinois
https://www.ubereats.com/chicago/food-delivery/honey-bee-cafe/HhiLGdMVT3ajy5br0pqWTA,western-springs-illinois
https://www.ubereats.com/chicago/food-delivery/culichi-town/mCo77j4NSZW0-oupFVXvcg,western-springs-illinois
https://www.ubereats.com/chicago/food-delivery/burger-king-6930-south-route-83/iwvMRbQzSsmIaofBrrXTpA,western-springs-illinois
https://www.ubereats.com/chicago/food-delivery/cold-stone-creamery-la-grange-rd/uGctbIb9Ti2UKX2MKueibw,western-springs-illinois
https://www.ubereats.com/chicago/food-delivery/subway-6300-robert-kingery-hwy-%23124/Ew2GfV85Rxe-SLnJvEmZCA,western-springs-illinois
https://www.ubereats.com/chicago/food-delivery/mi-taqueria-ochoa/nkHaw1R5QcysreTzmAprCA,western-springs-illinois
https://www.ubereats.com/chicago/food-delivery/ramen-sensei-310-yorktown-center/1eFh-7sBS7G8YaR9Fl2ywA,western-springs-illinois
https://www.ubereats.com/chicago/food-delivery/los-mangos-cermark/HSNmROupThyulgyTJeZxtA,western-springs-illinois
https://www.ubereats.com/chicago/food-delivery/burger-king-1021-east-st-charles-road/WEtuP9i2ThW7wqPOKzGaaA,western-springs-illinois
https://www.ubereats.com/chicago/food-delivery/fannie-may-hinsdale/xWigSXVZTZyWHQNnNS15Qw,western-springs-illinois
https://www.ubereats.com/chicago/food-delivery/sals-famous-cheesesteaks/99T35uuQQXuxd1nTmT0KDg,western-springs-illinois
https://www.ubereats.com/chicago/food-delivery/la-michoacana-fire/tkOldg7nQ7K8UZdHRF5pog,western-springs-illinois
https://www.ubereats.com/chicago/food-delivery/pupuseria/fQVUMkj4RyihNQQxGK093w,western-springs-illinois
https://www.ubereats.com/chicago/food-delivery/potbelly-sandwich-shop-willowbrook-%7C-94/BZNei2yRQNuSEKb3PF7Egw,western-springs-illinois
https://www.ubereats.com/chicago/food-delivery/jamba-juice-7169-s-kingery-highway/6pEsvJ9mR0iStvhoJEqAnQ,western-springs-illinois
https://www.ubereats.com/chicago/food-delivery/sr-tatos/kJs5CddZRo-IbYh0nci4sg,western-springs-illinois
https://www.ubereats.com/chicago/food-delivery/halsted-street-deli-on-s-meyers-rd/pnpPb6NXR4eSPOfApU6tpg,western-springs-illinois
https://www.ubereats.com/chicago/food-delivery/pepes-hickory-hills/V5gq77GbRke6-Rbtk5LJbA,western-springs-illinois
https://www.ubereats.com/chicago/food-delivery/mcdonalds-roosevelt-%26-5th-ave/A-PM3e8eTRGe6CgFgKrWzQ,western-springs-illinois
https://www.ubereats.com/chicago/food-delivery/salernos-pizzeria-%26-rbar-western-springs/GhrzZYVRRnW7dQc1C20IRg,western-springs-illinois
https://www.ubereats.com/chicago/food-delivery/krispy-krunchy-chicken-cermak-rd/KmsEOZ9ZScKXfRNH1gf2PQ,western-springs-illinois
https://www.ubereats.com/chicago/food-delivery/sweetberry-bowls-elmhurst/-FSoDSbtQfaNacqDWISu0g,western-springs-illinois
https://www.ubereats.com/chicago/food-delivery/machos-grill/S27EuQxyRH-hBkDxFQcBBQ,western-springs-illinois
https://www.ubereats.com/chicago/food-delivery/starbucks-burr-ridge-i-55-%26-county-line-rd/AVfZpyliSiCcQJHJlTBuaA,western-springs-illinois
https://www.ubereats.com/chicago/food-delivery/robinsons-%231-ribs-oak-park/dHlq37KjQCmhpAhO1acTSg,western-springs-illinois
https://www.ubereats.com/chicago/food-delivery/wendys-8501-ogden-ave/45E6fPFGQY2DRcgdoe_ueA,western-springs-illinois
https://www.ubereats.com/chicago/food-delivery/sarpinos-pizzeria-623-w-north-ave/0JVxriGSTaGT4ZZrPnhwbw,western-springs-illinois
https://www.ubereats.com/chicago/food-delivery/lucky-dragon-2/Jtsr0XAiQ1CjlYaMT7kK_Q,western-springs-illinois
https://www.ubereats.com/chicago/food-delivery/millers-ale-house-north-riverside/1-ajWiA7R8elr64wyCnNEA,western-springs-illinois
https://www.ubereats.com/chicago/food-delivery/dunkin-1931-w-ogden-ave/1LD4znNOQGCqjdyixEad3Q,western-springs-illinois
https://www.ubereats.com/chicago/food-delivery/freshii-1-oakbrook-center/6xEsCcQ0S3Wj06Gww5ei3g,western-springs-illinois
https://www.ubereats.com/chicago/food-delivery/apizzaco-highland-ave/iSgrmay5SIGUdMUakXe0_A,western-springs-illinois
https://www.ubereats.com/chicago/food-delivery/la-barra-oak-brook/FAbLeJORTcytl8OwZ_C_VQ,western-springs-illinois
https://www.ubereats.com/chicago/food-delivery/shake-shack-1950-spring-road/gJioG4DPSnaFIyQOuayU7A,western-springs-illinois
https://www.ubereats.com/chicago/food-delivery/los-burritos-tapatios-lombard/JYwESSv0Sy6YVxA8wVY4tQ,western-springs-illinois
https://www.ubereats.com/chicago/food-delivery/smokin-ms/n2fDctGrRe-DYp9gfJEBzw,western-springs-illinois
https://www.ubereats.com/chicago/food-delivery/auntie-annes-403-oakbrook-center/Njzmz8jwRCWnhIbEOOR1fw,western-springs-illinois
https://www.ubereats.com/chicago/food-delivery/hall-of-fame-sport-lounge/H-YcOoyMT3ud4hinHjUHsw,western-springs-illinois
https://www.ubereats.com/chicago/food-delivery/mr-submarine/eWPW3IGjTHWqRTwlx31vgw,western-springs-illinois
https://www.ubereats.com/chicago/food-delivery/7-gates-restaurant/A_qh7eDXRZG_TyVZ9AUQXg,western-springs-illinois
https://www.ubereats.com/chicago/food-delivery/salernos-oak-park/hr_OadfrRzCHuC2zk2RMTw,western-springs-illinois
https://www.ubereats.com/chicago/food-delivery/palmer-place-restaurant-and-biergarten/-wlJeB9OTxSPPd_vyT2MEg,western-springs-illinois
https://www.ubereats.com/chicago/food-delivery/smallcakes-western-springs/HNpZLwjnQzSob3kI2eptrw,western-springs-illinois
https://www.ubereats.com/chicago/food-delivery/sweet-desserts/MunpykDlR72joXFoV1KKVQ,western-springs-illinois
https://www.ubereats.com/chicago/food-delivery/xelva/AppdkbknSzeHnuik8LchRw,western-springs-illinois
https://www.ubereats.com/chicago/food-delivery/chef-shangri-la/B0pbQi_mQcWISLw57r3ZHg,western-springs-illinois
https://www.ubereats.com/chicago/food-delivery/shark-fish-%26-chicken-st-charles-rd/8I2-greITyS0mMaVURFE6Q,western-springs-illinois
https://www.ubereats.com/chicago/food-delivery/angry-slice-%26-sub-shop/bhwLNAVqSpOwGdhZa4iBYA,western-springs-illinois
https://www.ubereats.com/chicago/food-delivery/guadalajara-bar-and-grill/4G3KpNBFSouJ5ly2AaJ6Ug,western-springs-illinois
https://www.ubereats.com/chicago/food-delivery/noodles-pho-u-lombard/vHVo7wYgQJeHQFw3omvUKg,western-springs-illinois
https://www.ubereats.com/chicago/food-delivery/starbucks-hinsdale-washington-%26-hinsdale/tSjTHTztSUWHAm3hX1NpzA,western-springs-illinois
https://www.ubereats.com/chicago/food-delivery/dunkin-1090-roosevelt-rd/Ya1PCCJSTFqCqmA8tm9N-Q,western-springs-illinois
https://www.ubereats.com/chicago/food-delivery/pierce-tavernmain-st/m3vRucIvSZGTLL6tdeBDag,western-springs-illinois
https://www.ubereats.com/chicago/food-delivery/s-%26-js-pizza-%26-chicken-shack/g29rApvCQ_iHP2XWw6IXdw,western-springs-illinois
https://www.ubereats.com/chicago/food-delivery/nicksons-eatery/GRJrKS9rQZ28TEUq1dKBUw,western-springs-illinois
https://www.ubereats.com/chicago/food-delivery/taco-bell-13-w-ogden-avenue/OAriunA2RSiKJ4EVSmOl_g,western-springs-illinois
https://www.ubereats.com/chicago/food-delivery/mexican-republic-kitchen/jn1YpriqTHeIrkg4xmKiyQ,western-springs-illinois
https://www.ubereats.com/chicago/food-delivery/giannis-ristorante-%26-pizzeria/NAETT-TATzaQIjc1Q_fL4Q,western-springs-illinois
https://www.ubereats.com/chicago/food-delivery/buona-hillside/DuxRtOp1TfS7UEtSBT0EAQ,western-springs-illinois
https://www.ubereats.com/chicago/food-delivery/taco-bell-7419-s-cass-ave/pKxV0rdkTymUiv6bk6UJEQ,western-springs-illinois
https://www.ubereats.com/chicago/food-delivery/arbys-5656-s-lagrange-rd/k4d-6xkFSXqCli0CpBrw6w,western-springs-illinois
https://www.ubereats.com/chicago/food-delivery/aracelys-panaderia-harris-%26-arcade/1MgPd3TZRledjrKIlrAb9g,western-springs-illinois
https://www.ubereats.com/chicago/food-delivery/rockys-gyros/L01vc3w7SHakwnoO0a12DA,western-springs-illinois
https://www.ubereats.com/chicago/food-delivery/xando-cafe/PRp76M73TXi2b3Utjjmriw,western-springs-illinois
https://www.ubereats.com/chicago/food-delivery/second-city-soul/NF6jq4HqRCKJ4kTm1f20TQ,western-springs-illinois
https://www.ubereats.com/chicago/food-delivery/arbys-4806-w-cermak-ave/yQrSIEy5S5SQrJHH8EFqsQ,western-springs-illinois
https://www.ubereats.com/chicago/food-delivery/tacochela/7YoZLOAWTKCptALUCL2DNQ,western-springs-illinois
https://www.ubereats.com/chicago/food-delivery/the-desi-accent/IesRk1K4SW6cculNYzA7HQ,western-springs-illinois
https://www.ubereats.com/chicago/food-delivery/checkers-1617-w-roosevelt-rd/OCVSkKcXSHak8RctyEJfYA,western-springs-illinois
https://www.ubereats.com/chicago/food-delivery/flat-top-grill-lombard/GedKlrcNSPmYjWnyuuqnKA,western-springs-illinois
https://www.ubereats.com/chicago/food-delivery/jimmys-place/7arYBcUlSKiV2LwIltXbyQ,western-springs-illinois
https://www.ubereats.com/chicago/food-delivery/mcdonalds-1st-ave-%26-lake/x_Hvbs1fRS-ZAPM8nc0IpQ,western-springs-illinois
https://www.ubereats.com/chicago/food-delivery/waldo-cooneys-pizza-cermak-%26-oak-park/YJ1oNRAtTv6Dboz_QuRRyA,western-springs-illinois
https://www.ubereats.com/chicago/food-delivery/buffalo-wild-wings-7111-s-kingery-hwy/2GHjh3aWRC-Ghyigo3fNbg,western-springs-illinois
https://www.ubereats.com/chicago/food-delivery/subway-5901-s-archer-ave/OAqiF-bBSBGuaYA6fY8a1A,western-springs-illinois
https://www.ubereats.com/chicago/food-delivery/little-caesars-454-mannheim-rd/pDD3tpLNRmSn8qgIYbogdg,western-springs-illinois
https://www.ubereats.com/chicago/food-delivery/smallcakes-of-elmhurst/qL5KWu1uSHGGOmhakOeV9g,western-springs-illinois
https://www.ubereats.com/chicago/food-delivery/sebastians-ale-%26-whiskey-house-lombard/Ai9vhK_0SuW1RF6tYHUMPw,western-springs-illinois
https://www.ubereats.com/chicago/food-delivery/subway-440-25th-ave/6Z-Bqqh7TeeD_WZBRvHaKw,western-springs-illinois
https://www.ubereats.com/chicago/food-delivery/the-clubhouse-oak-brook/iniAqgjiTGWOKxKm9N_sEQ,western-springs-illinois
https://www.ubereats.com/chicago/food-delivery/taco-bell-7510-roosevelt-rd/lrIvKqEtTZWjI_WDK7GiKg,western-springs-illinois
https://www.ubereats.com/chicago/food-delivery/panda-express-la-grange-%26-61st-st/jORFdXVuQduJeaED-Hp4eA,western-springs-illinois
https://www.ubereats.com/chicago/food-delivery/dunkin-17521-roosevelt-rd/I8v0AykgTYW72oHcig7beA,western-springs-illinois
https://www.ubereats.com/chicago/food-delivery/fiesta-margarita/rLkqHW6TSXSUBmWvbZyJig,western-springs-illinois
https://www.ubereats.com/chicago/food-delivery/stans-donuts-oak-brook/MjmNXbzDS02XDaTKLcpd5A,western-springs-illinois
https://www.ubereats.com/chicago/food-delivery/gloria-jeans/rZgqiwagR9mtef7t5YlAxA,western-springs-illinois
https://www.ubereats.com/chicago/food-delivery/idof-i-dream-of-falafel-oakbrook/8N3_YdA2TVa4wFFy__U8gw,western-springs-illinois
https://www.ubereats.com/chicago/food-delivery/mcdonalds-harlem-%26-87th-st/0Z42sb6NSH-bFa9Vbw_h1Q,western-springs-illinois
https://www.ubereats.com/chicago/food-delivery/starbucks-clarendon-hills-park-ave/k_05R2DJS0aEVeo3xxtbOQ,western-springs-illinois
https://www.ubereats.com/chicago/food-delivery/subway-9320-joliet-rd-ste-100/5t6x1477S2KBY2Y79H6UDQ,western-springs-illinois
https://www.ubereats.com/chicago/food-delivery/millers-ale-house-lombard/2iW3qUJYTm65g8Fxjgxo_g,western-springs-illinois
https://www.ubereats.com/chicago/food-delivery/on-the-go-restaurant/AILE5pKHS7q5Hkfs3zfqaA,western-springs-illinois
https://www.ubereats.com/chicago/food-delivery/vito-%26-nicks-ii/gMKMd_DySH-yKzwXfJY5WA,western-springs-illinois
https://www.ubereats.com/chicago/food-delivery/healthy-substance-kitchen/AEPPErUCRlaQ91P0ndvenw,western-springs-illinois
https://www.ubereats.com/chicago/food-delivery/portillos-hot-dogs-5532-s-harlem-ave/Wq0ood9NTMm0_bharIBQkQ,western-springs-illinois
https://www.ubereats.com/chicago/food-delivery/white-castle-211-w-roosevelt-rd/ozDLfYgHQdaT7Id7crQ3-A,western-springs-illinois
https://www.ubereats.com/chicago/food-delivery/ihop-mannheim-%26-harrison/2kwRr5hBRPu1-EdcUHApHg,western-springs-illinois
https://www.ubereats.com/chicago/food-delivery/twin-peaks-restaurant-17w744-22nd-st/XT_jp8V6QkWuNwxKAfJj6g,western-springs-illinois
https://www.ubereats.com/chicago/food-delivery/honey-jam-cafe-downers-grove/hyUAKwqTR_i01zXKDDGT9w,western-springs-illinois
https://www.ubereats.com/chicago/food-delivery/el-faro-%232/McE3SRgqQHuW8oRkODe6CQ,western-springs-illinois
https://www.ubereats.com/chicago/food-delivery/petey-pasta-highland-ave/zvSOxLelRLSIbFdO50SKhA,western-springs-illinois
https://www.ubereats.com/chicago/food-delivery/brooks-kitchen-%26-tap/Oor5mGwbQX-1214eO6Rsvw,western-springs-illinois
https://www.ubereats.com/chicago/food-delivery/chipotle-mexican-grill-1203-ogden-ave/CR0Jrk5iQcGdpSTx3L-TrA,western-springs-illinois
https://www.ubereats.com/chicago/food-delivery/new-hong-kong-garden/rMeLOM43Ty-hKn_J7p6b9Q,western-springs-illinois
https://www.ubereats.com/chicago/food-delivery/banda-nawaz/hXux2eYtQUq1pzivaE1ZzQ,western-springs-illinois
https://www.ubereats.com/chicago/food-delivery/falak-restaurant-and-banquets/MqgEKNvvRiGJlEXNnjkohw,western-springs-illinois
https://www.ubereats.com/chicago/food-delivery/surfs-up-maywood/S8r_xt83SmWC8SKLUj-U2A,western-springs-illinois
https://www.ubereats.com/chicago/food-delivery/halal-express-cuisine/KhaG6fv5RsS9kKc-O3t56w,western-springs-illinois
https://www.ubereats.com/chicago/food-delivery/wildfire-oak-brook/EArDI_IATQ-ejvek4jpUiQ,western-springs-illinois
https://www.ubereats.com/chicago/food-delivery/pizza-hub-inc/UJYMOZL6RRSQionTWHc2YQ,western-springs-illinois
https://www.ubereats.com/chicago/food-delivery/the-flatbread-pizza-company/4Gc1I3UAS2-HRzln_Zcz8w,western-springs-illinois
https://www.ubereats.com/chicago/food-delivery/sushi-time/va-EBFAnQCC3a0We0FIfgg,western-springs-illinois
https://www.ubereats.com/chicago/food-delivery/the-simple-greek/e3MHOKevTlCiQt6gp6j2Qw,western-springs-illinois
https://www.ubereats.com/chicago/food-delivery/subway-8615-w-95th-st/AhdyZ8agQsawcx7sF7sVpQ,western-springs-illinois
https://www.ubereats.com/chicago/food-delivery/xs-%26-os-sports-bar-%26-grill/Wf804dYWQ7qPr4SXziproQ,western-springs-illinois
https://www.ubereats.com/chicago/food-delivery/dunkin-150-e-ogden-ave/4WdBEOIaSpukFjR-ulWMKg,western-springs-illinois
https://www.ubereats.com/chicago/food-delivery/altavillas/ZKICojP_RRq7aVnP45DQsA,western-springs-illinois
https://www.ubereats.com/chicago/food-delivery/kabab-guys/1jK7drAhQWG5wj4ViIj6Xg,western-springs-illinois
https://www.ubereats.com/chicago/food-delivery/aracelys-panaderia-cermak-%26-59th-ct/bjTgG3YuTt2WYa8uNKYKZA,western-springs-illinois
https://www.ubereats.com/chicago/food-delivery/burrito-parilla-mexicana-lombard/8jp3dZvqQp2RdBBm8LvjlQ,western-springs-illinois
https://www.ubereats.com/chicago/food-delivery/claras/ULkU8AukSXGwKin9E-dS5w,western-springs-illinois
https://www.ubereats.com/chicago/food-delivery/the-irish-legend/YDPuIqkERCm4x01tPESQQQ,western-springs-illinois
https://www.ubereats.com/chicago/food-delivery/roka-akor-oak-brook/Y89cfuDCSbyGAk1RK-gLhQ,western-springs-illinois
https://www.ubereats.com/chicago/food-delivery/neat-kitchen-%2B-bar/69k4VkGuRnSS8cHwATO3yg,western-springs-illinois
https://www.ubereats.com/chicago/food-delivery/mcdonalds-cermak-%26-17th-ave/jauLeCRPRgaowHBJRJTEzg,western-springs-illinois
https://www.ubereats.com/chicago/food-delivery/nablusi-sweets/I6cDo6EGTQSGQ-fOgVvGrQ,western-springs-illinois
https://www.ubereats.com/chicago/food-delivery/guac-n-tacos-western-springs/XnQcFL0FQb2ntElULqF0zw,western-springs-illinois
https://www.ubereats.com/chicago/food-delivery/dunkin-6738-w-archer-ave/GGiNHdh4RjiZix118F6APw,western-springs-illinois
https://www.ubereats.com/chicago/food-delivery/sharks-chicken-and-fish-riverside-il/Gb5j3seLQ-iqU3qlD6sdXQ,western-springs-illinois
https://www.ubereats.com/chicago/food-delivery/prasino/HVVTzo-oSKWWKqRwtYeWyw,western-springs-illinois
https://www.ubereats.com/chicago/food-delivery/panda-express-roosevelt-%26-fairfield/IiLxNXpmRq6WwHfGo4JRHQ,western-springs-illinois
https://www.ubereats.com/chicago/food-delivery/desi-grill-and-pizza/QE_TF7_MQxu2XphAJ2sBCQ,western-springs-illinois
https://www.ubereats.com/chicago/food-delivery/cafe-salsa/lPNCXkXSQj--UjiT4n2WCA,western-springs-illinois
https://www.ubereats.com/chicago/food-delivery/hong-kong-carry-out/n-Llehj5Ru-OJ8bAD94Jag,western-springs-illinois
https://www.ubereats.com/chicago/food-delivery/starbucks-47th-%26-gilbert/xQ7d_scKQ8CqaLITTdsb0Q,western-springs-illinois
https://www.ubereats.com/chicago/food-delivery/dunkin-1160-s-main-st/z4nHPZ8MQya63MtbjZ6vqQ,western-springs-illinois
https://www.ubereats.com/chicago/food-delivery/ellyns-tap-and-grill/QXJZo7kWQfy83nNkRObtHw,western-springs-illinois
https://www.ubereats.com/chicago/food-delivery/stir-crazy-fresh-asian-grill-oak-brook/zlKhqIfyR6O9ZM-WfsDmiA,western-springs-illinois
https://www.ubereats.com/chicago/food-delivery/potbelly-sandwich-shop-westmont-dt-%7C-355/X8FhmEq8SueRKAEtdwPMIQ,western-springs-illinois
https://www.ubereats.com/chicago/food-delivery/thai-time-restaurant/e0AirNb6Q3-88Img2tr18Q,western-springs-illinois
https://www.ubereats.com/chicago/food-delivery/chipotle-mexican-grill-40-n-la-grange-rd/ydY13b8eSvaRdd2BAdL5pA,western-springs-illinois
https://www.ubereats.com/chicago/food-delivery/irish-times/WMrypsrPTLaVNT3OyvAIEw,western-springs-illinois
https://www.ubereats.com/chicago/food-delivery/mcdonalds-york-%26-ogden/c6U_uJTxSdC8ZHmHbBVMgA,western-springs-illinois
https://www.ubereats.com/chicago/food-delivery/dao-sushi-%26-thai-restaurant-willowbrook/i1DLWfBIS_OteYCrqvKQ8g,western-springs-illinois
https://www.ubereats.com/chicago/food-delivery/buca-di-beppo-lombard/JYSHzVFQTSq6i-I6jngTow,western-springs-illinois
https://www.ubereats.com/chicago/food-delivery/sbarro-7501-w-cermak-rd%23vc/YIUmyj5wQW2VvdlkJLPyTQ,western-springs-illinois
https://www.ubereats.com/chicago/food-delivery/ariston-restaurant/eny2yF-uTpCKKmJBVNVP6A,western-springs-illinois
https://www.ubereats.com/chicago/food-delivery/hooters-lagrange-%26-joliet/deKpePwrRtanUemAn-ArYA,western-springs-illinois
https://www.ubereats.com/chicago/food-delivery/sonic-drive-in-roosevelt-%26-ardmore/gjleEWQkRkuOSDK0O_BsiA,western-springs-illinois
https://www.ubereats.com/chicago/food-delivery/kizuna-sushi-bistro/mDzkKkgfR323PClFNUUCtg,western-springs-illinois
https://www.ubereats.com/chicago/food-delivery/eddies-chicken-factory/Y3Hf7Sm3S-evO7Osup6Uhg,western-springs-illinois
https://www.ubereats.com/chicago/food-delivery/subway-1034-s-york-rd/J7YzwsU_TpeF0OYExpjSiw,western-springs-illinois
https://www.ubereats.com/chicago/food-delivery/dunkin-522-ogden-ave/aVj0qVH1RxmK1MZcCEph7A,western-springs-illinois
https://www.ubereats.com/chicago/food-delivery/kfc-7135-ogden-avenue/5QRCqm8sS-KL-xgXiWL0qA,western-springs-illinois
https://www.ubereats.com/chicago/food-delivery/sarpinos-pizzeria-5321-s-la-grange-rd/4EImGeWDRRy8S0RCnPW-6w,western-springs-illinois
https://www.ubereats.com/chicago/food-delivery/dunkin-8360-w-cermak-ave/N0uPFdMwTZ6LsPLhfGd14w,western-springs-illinois
https://www.ubereats.com/chicago/food-delivery/ihop-79th-st-%26-harlem/SBgj1fXbT66tly6Df36Ung,western-springs-illinois
https://www.ubereats.com/chicago/food-delivery/southern-belles-bedford-park/Db_4YGFdSVCE5f7ZpmhT3Q,western-springs-illinois
https://www.ubereats.com/chicago/food-delivery/chipotle-mexican-grill-5801-s-la-grange-rd/0srhU-VJTBujweqlmBnBtA,western-springs-illinois
https://www.ubereats.com/chicago/food-delivery/steak-n-shake-2019-w-75th-street/bXW_XVKGQE2nANq1M8TC-A,western-springs-illinois
https://www.ubereats.com/chicago/food-delivery/papa-johns-355-w-ogden-ave/tya141dOQKidXJ7uaqUR1g,western-springs-illinois
https://www.ubereats.com/chicago/food-delivery/portillos-hot-dogs-7740-roosevelt-rd/cucDFVXlSU2L4BjEr4wSnQ,western-springs-illinois
https://www.ubereats.com/chicago/food-delivery/sakura-nami/Lh3hW6EoQgytsqOU5H8yZQ,western-springs-illinois
https://www.ubereats.com/chicago/food-delivery/potbelly-sandwich-shop-summit-%7C-138/8nUXRTsvQCaBbaKTkaqT8Q,western-springs-illinois
https://www.ubereats.com/chicago/food-delivery/jimmys-dog-house/J62MQQD0QjGn7qxlo5Excw,western-springs-illinois
https://www.ubereats.com/chicago/food-delivery/rachels-cafe-%26-deli/DMpX0gwrRaS98k9nNz2CIg,western-springs-illinois
https://www.ubereats.com/chicago/food-delivery/mcdonalds-roosevelt-%26-stewart/sgzhJeCNR5-tcAo3mILuyQ,western-springs-illinois
https://www.ubereats.com/chicago/food-delivery/naked-burger/Xrq9kqYgSYukj8tbLzy2Uw,western-springs-illinois
https://www.ubereats.com/chicago/food-delivery/burger-king-11124-west-31st-avenue/L0b1zBMUSfirJtuhYNtwYw,western-springs-illinois
https://www.ubereats.com/chicago/food-delivery/mangia-mangia/H6zRSU3LQ6q185eLF2-JrQ,western-springs-illinois
https://www.ubereats.com/chicago/food-delivery/mon-ami-gabi-oak-brook-center/VQHij92TRhmRv4BsxdTcSg,western-springs-illinois
https://www.ubereats.com/chicago/food-delivery/labriola-cafe-oak-brook/TRdussV4RK6FPPZMwfRxrA,western-springs-illinois
https://www.ubereats.com/chicago/food-delivery/chicken-crossing/aeM3TmvtQw2c9hXNUkH6cw,western-springs-illinois
https://www.ubereats.com/chicago/food-delivery/shrimp-shack/A-TI5F9yScOnxL5K0jkRoQ,western-springs-illinois
https://www.ubereats.com/chicago/food-delivery/calzones-highland-ave/hYDpaEnQS1KzwLI-4kq96g,western-springs-illinois
https://www.ubereats.com/chicago/food-delivery/carrabbas-1001-75th-st/J3K7eixKRk6vPbZ0Nm4KMg,western-springs-illinois
https://www.ubereats.com/chicago/food-delivery/sals-pizza-pub/d52iUBBuSpOmJVn5bKFeHA,western-springs-illinois
https://www.ubereats.com/chicago/food-delivery/chishack/Zpox8GcdQjSliPRTheu9RA,western-springs-illinois
https://www.ubereats.com/chicago/food-delivery/mcdonalds-ogden-%26-florence/oLjV77GWRTKwSgvs2lv0-w,western-springs-illinois
https://www.ubereats.com/chicago/food-delivery/capri-to-go/2F1h-lE6Qr-r4p13eri_kQ,western-springs-illinois
https://www.ubereats.com/chicago/food-delivery/priyas-kitchen-westmont/-6clMLQeSWmI_O6dEy3qNg,western-springs-illinois
https://www.ubereats.com/chicago/food-delivery/subway-of-countryside/Arf5hNIsTrecLiUmhGinbg,western-springs-illinois
https://www.ubereats.com/chicago/food-delivery/buona-lombard/-ZLrD2o8TSOvMDSQyl1d8Q,western-springs-illinois
https://www.ubereats.com/chicago/food-delivery/jelly-jam/6vS3wdPySqaHG3Qn0vM3_g,western-springs-illinois
https://www.ubereats.com/chicago/food-delivery/donalds-famous-hot-dogs/NkqeXjnvS0q6QZBhLRDw-A,western-springs-illinois
https://www.ubereats.com/chicago/food-delivery/de-campana-restaurant/WCyuyplhTwuSaDYc8CzIxQ,western-springs-illinois
https://www.ubereats.com/chicago/food-delivery/subway-broadview/rFwfFEVKRM67XEdE4zsqPg,western-springs-illinois
https://www.ubereats.com/chicago/food-delivery/mod-pizza-willowbrook-tc/AePbiB-YQseAW15SIRW_kg,western-springs-illinois
https://www.ubereats.com/chicago/food-delivery/butterfields-oakbrook-terrace/pK_n1amMTVKJekdDmed3pg,western-springs-illinois
https://www.ubereats.com/chicago/food-delivery/taco-bell-7501-w-cermak-road/D3m_thKeSOCBjA1ZnawT8g,western-springs-illinois
https://www.ubereats.com/chicago/food-delivery/billy-bricks-wood-fired-pizza-yorktown-center/GYk1y4sQRIS4u4k_FwXgpA,western-springs-illinois
https://www.ubereats.com/chicago/food-delivery/seafood-junction-hillside/XucFruSEQD61he8pnbOolw,western-springs-illinois
https://www.ubereats.com/chicago/food-delivery/little-joes-countryside/ONhUZhpLT0C1dG1BUiKCDw,western-springs-illinois
https://www.ubereats.com/chicago/food-delivery/tm-basil/RQyDBnvQSgasCPbPsiozGA,western-springs-illinois
https://www.ubereats.com/chicago/food-delivery/papa-johns-forest-park/Nu-YO10aSIu7PYlwgrms2A,western-springs-illinois
https://www.ubereats.com/chicago/food-delivery/cien-100%25-naturalismo/vLF83FEjTZ-f5q5ySK5EgQ,western-springs-illinois
https://www.ubereats.com/chicago/food-delivery/ballydoyle-irish-pub-downers-grove/usKHSH8tQDKQFCev3zqYcw,western-springs-illinois
https://www.ubereats.com/chicago/food-delivery/corner-bakery-cafe-42-e-hinsdale-ave/0Buj65LDTumKHa0DVde28g,western-springs-illinois
https://www.ubereats.com/chicago/food-delivery/fill-a-pita/TxEeurOJRb2iDcMI5uCycA,western-springs-illinois
https://www.ubereats.com/chicago/food-delivery/damascus-falafel/-0wJWXJ0RsOxsqtXYlyosQ,western-springs-illinois
https://www.ubereats.com/chicago/food-delivery/taco-patio/EUWlOEIRQniouKN-G_5ZLw,western-springs-illinois
https://www.ubereats.com/chicago/food-delivery/rosatis-pizza-elmhurst/v9vr7oT3TxWOkVm2fpnuFA,western-springs-illinois
https://www.ubereats.com/chicago/food-delivery/chinese-kitchen/1HaC06LwS2SrfNrLNXN9rA,western-springs-illinois
https://www.ubereats.com/chicago/food-delivery/egg-beater-cafe/sp8OBFKBS0evZU2dcCgWuA,western-springs-illinois
https://www.ubereats.com/chicago/food-delivery/petra-falafel/aalH7iLrRWilCbPd-oo8_Q,western-springs-illinois
https://www.ubereats.com/chicago/food-delivery/los-burritos-tapatios-downers-grove/8hnvc2ONR2qNpICRwXa80Q,western-springs-illinois
https://www.ubereats.com/chicago/food-delivery/roundheads-pizza-downers-grove/wMvUxymuTTSCsH33UVQcwQ,western-springs-illinois
https://www.ubereats.com/chicago/food-delivery/capri-express-pizza-%26-pasta/YJ5GKUlmQWOAcwzMVD8EPw,western-springs-illinois
https://www.ubereats.com/chicago/food-delivery/bds-mongolian-grill-boughton-%26-janes/OYULWfh3RkaUHFHoDRtHlg,western-springs-illinois
https://www.ubereats.com/chicago/food-delivery/starbucks-countryside-lagrange-road/eJPTkgdDR2KtHzD4KFCpvg,western-springs-illinois
https://www.ubereats.com/chicago/food-delivery/dunkin-1317-s-1st-ave/Hefk9LiXSCGRFp8Jm1wdVg,western-springs-illinois
https://www.ubereats.com/chicago/food-delivery/firehouse-subs-920-plainfield-road/SU0hQLMMQdiAgexyYvOeSQ,western-springs-illinois
https://www.ubereats.com/chicago/food-delivery/devon-seafood-grill-17w400-22nd-st/3GfgZERYQ5G_Iv3k_J3tlg,western-springs-illinois
https://www.ubereats.com/chicago/food-delivery/jennys-steakhouse/dnUo9s4cQ42GP6OldKqT4g,western-springs-illinois
https://www.ubereats.com/chicago/food-delivery/dunkin-donuts-oak-brook/z24RXuPYSE6Ns-TeCVw2sw,western-springs-illinois
https://www.ubereats.com/chicago/food-delivery/starbucks-75th-%26-lemont/L_aWYoz8QXOPgxDo_FSxzQ,western-springs-illinois
https://www.ubereats.com/chicago/food-delivery/dunkin-85-yorktown-shopping-center/btA1cbCDSm6b1OOKbcxMng,western-springs-illinois
https://www.ubereats.com/chicago/food-delivery/zazzos-pizza-westmont/enmbAxBRRgau2mn1a3i1QQ,western-springs-illinois
https://www.ubereats.com/chicago/food-delivery/grilled-cheesin/zARAjV5UQQWy4gSti2EU4w,western-springs-illinois
