url,city
https://www.ubereats.com/nyc-suburbs/food-delivery/kensico-kitchen-deli/-S_unyX0Rv-BLhQeapu1hw,west-harrison-new-york
https://www.ubereats.com/nyc-suburbs/food-delivery/eden-wok/xpJih0AWSGCuZoHk5guAaw,west-harrison-new-york
https://www.ubereats.com/nyc-suburbs/food-delivery/sambal/i9ZOMCFNSXG0nUwSeOwAuQ,west-harrison-new-york
https://www.ubereats.com/nyc-suburbs/food-delivery/taqueria-la-frontera/ZZ09kXLLQtWVNr2ulw9lFA,west-harrison-new-york
https://www.ubereats.com/nyc-suburbs/food-delivery/mamma-rosas/q__yglXlTey65hNXttXU7w,west-harrison-new-york
https://www.ubereats.com/nyc-suburbs/food-delivery/chat-american-grill/E5LQUbMcTLCMH8rywHYorA,west-harrison-new-york
https://www.ubereats.com/nyc-suburbs/food-delivery/vega-mexican-cuisine/QriofYpPQe-azvJYF1qjqw,west-harrison-new-york
https://www.ubereats.com/nyc-suburbs/food-delivery/abis-japanese-traditional-cuisine/94veQQlYS-COwhX4-Nd33Q,west-harrison-new-york
https://www.ubereats.com/nyc-suburbs/food-delivery/goosefeather/tQzZceipSuCIQLaD4A69Mg,west-harrison-new-york
https://www.ubereats.com/nyc-suburbs/food-delivery/rinaldis-country-deli/UTADULBOTqaD59HcyfawLw,west-harrison-new-york
https://www.ubereats.com/nyc-suburbs/food-delivery/ron-blacks-beer-hall/TUmxfTdiRimenB3Dk57Zkw,west-harrison-new-york
https://www.ubereats.com/nyc-suburbs/food-delivery/ihop-yonkers-central-park-ave/3e_zIYWlRBSmdObd9OLokQ,west-harrison-new-york
https://www.ubereats.com/nyc-suburbs/food-delivery/the-roaster-cafe/7v9FoxdgSxWvJhroy4koEA,west-harrison-new-york
https://www.ubereats.com/nyc-suburbs/food-delivery/el-rincon-de-maria/MHiG86s_QD6tG3-iq-xwfw,west-harrison-new-york
https://www.ubereats.com/nyc-suburbs/food-delivery/sabrosito-restaurant-%26-bakery/M4IbaDmKTuqjtLYErJPnbQ,west-harrison-new-york
https://www.ubereats.com/nyc-suburbs/food-delivery/rudys/wjSjoQTZRJiy9uFMTb6o0g,west-harrison-new-york
https://www.ubereats.com/nyc-suburbs/food-delivery/byram-sushi-%26-teriyaki/IhUhKgZIRLmLiEliu8CWjw,west-harrison-new-york
https://www.ubereats.com/nyc-suburbs/food-delivery/bareburger-445-main-st/MDPX8bZKTtqOOxzSNijZQA,west-harrison-new-york
https://www.ubereats.com/nyc-suburbs/food-delivery/sunrise-pizza/JpKmWiXVTvCGG27guguOJQ,west-harrison-new-york
https://www.ubereats.com/nyc-suburbs/food-delivery/serafina-white-plains/wvtljKNJQja7NZ7Ui2YoAQ,west-harrison-new-york
https://www.ubereats.com/nyc-suburbs/food-delivery/mortons-the-steakhouse-5-mamaroneck-avenue/VI9ClW4iSCqFPFx_0eygAQ,west-harrison-new-york
https://www.ubereats.com/nyc-suburbs/food-delivery/lombardos/LWyJSfjWTICz56s9bbVNtQ,west-harrison-new-york
https://www.ubereats.com/nyc-suburbs/food-delivery/hash-o-nash/RIWBWUr1SN-IRqBcpm2UNw,west-harrison-new-york
https://www.ubereats.com/nyc-suburbs/food-delivery/the-pirate-grill-and-wings/krt9kpaOTQCh7zrwF6Uo2A,west-harrison-new-york
https://www.ubereats.com/nyc-suburbs/food-delivery/michaels-pizza-%26-pasta/77sVwGn1TU-pD08Wf-90GQ,west-harrison-new-york
https://www.ubereats.com/nyc-suburbs/food-delivery/papi-between-main-and-bank-street/9tiErDTeQ8KInzcjSz7uWA,west-harrison-new-york
https://www.ubereats.com/nyc-suburbs/food-delivery/bbq-chicken-hartsdale-ny/IzIrXzj-QzGqLt84E7bNbw,west-harrison-new-york
https://www.ubereats.com/nyc-suburbs/food-delivery/ramen-musashi-scarsdale/IfBU7PtrT_m4ETXm1b6qNA,west-harrison-new-york
https://www.ubereats.com/nyc-suburbs/food-delivery/starbucks-greenwich/4r4hlBKISKGAidmMIvPgJg,west-harrison-new-york
https://www.ubereats.com/nyc-suburbs/food-delivery/subway-620-n-broadway/37eQ5WDWTuCs8CZ8VJl1fA,west-harrison-new-york
https://www.ubereats.com/nyc-suburbs/food-delivery/tsuru-japanese-cuisine/yH7WilnMQ0yjAo6Id5tHqw,west-harrison-new-york
https://www.ubereats.com/nyc-suburbs/food-delivery/cerbones-bakery/5GeDdu00TomuKeHzmQFCng,west-harrison-new-york
https://www.ubereats.com/nyc-suburbs/food-delivery/alamo-drafthouse-cinema-yonkers/e4HQHFaCQ8O4cam9PEwnKw,west-harrison-new-york
https://www.ubereats.com/nyc-suburbs/food-delivery/pilones-meateria/OePtFNyQR0qVSMPcK6ha7A,west-harrison-new-york
https://www.ubereats.com/nyc-suburbs/food-delivery/chopt-creative-salad-co-116-south-ridge-st/moatW9tCSN-vw4tXXIt7Zg,west-harrison-new-york
https://www.ubereats.com/nyc-suburbs/food-delivery/freshii-white-plains/8Pro7uBnRWaaXwCJ5VTvXQ,west-harrison-new-york
https://www.ubereats.com/nyc-suburbs/food-delivery/royal-palace/tHaIAw-dSUGEXS3l2iK2aA,west-harrison-new-york
https://www.ubereats.com/nyc-suburbs/food-delivery/prima-deli-%26-catering/Ulu_S6JCTQaR0TQ0WSN6rA,west-harrison-new-york
https://www.ubereats.com/nyc-suburbs/food-delivery/dunkin-755-n-broadway/y-UgBRsjSMitmLfWbjvAIg,west-harrison-new-york
https://www.ubereats.com/nyc-suburbs/food-delivery/venice-pizza-%26-trattoria/qSk3Rul0RQiZIWEmyTqeIQ,west-harrison-new-york
https://www.ubereats.com/nyc-suburbs/food-delivery/wings-express/ZeU3MSw_Qlej5YQe4XbtDA,west-harrison-new-york
https://www.ubereats.com/nyc-suburbs/food-delivery/petes-saloon/P4WiqvtZSuGOwSL0e9BMfg,west-harrison-new-york
https://www.ubereats.com/nyc-suburbs/food-delivery/ribs-on-the-run/apmfwmAtSzy8eAC-mqn9fQ,west-harrison-new-york
https://www.ubereats.com/nyc-suburbs/food-delivery/purple-corn-rotisserie/tnRmR0DuSoKNAeB7gOAThw,west-harrison-new-york
https://www.ubereats.com/nyc-suburbs/food-delivery/milk-n-cookies/_0DaHQJ0S46-1T6rDqEZEw,west-harrison-new-york
https://www.ubereats.com/nyc-suburbs/food-delivery/michelangelos-pizza-pasta-%26-things/prZWyZ34R-ac4DF0PeenVA,west-harrison-new-york
https://www.ubereats.com/nyc-suburbs/food-delivery/pasta-vera/d4DTOLueQoS1Xbi1NbyZuw,west-harrison-new-york
https://www.ubereats.com/nyc-suburbs/food-delivery/hida/41XWnysbT0uD-b7vmMANuQ,west-harrison-new-york
https://www.ubereats.com/nyc-suburbs/food-delivery/dunkin-80-virginia-rd/uA5VgDw5QBWtsGIvEWqPNg,west-harrison-new-york
https://www.ubereats.com/connecticut/food-delivery/the-roaster-cafe/7v9FoxdgSxWvJhroy4koEA,west-harrison-new-york
https://www.ubereats.com/nyc-suburbs/food-delivery/rinis-restaurant/SQUsD2h9TNqNajR7N9KNOg,west-harrison-new-york
https://www.ubereats.com/nyc-suburbs/food-delivery/la-chapincita/NfWhA0HpTvWX2DSse8HjOQ,west-harrison-new-york
https://www.ubereats.com/nyc-suburbs/food-delivery/the-irish-bank/d-vehQHeQk6e8gkVtO9efg,west-harrison-new-york
https://www.ubereats.com/nyc-suburbs/food-delivery/subway-100-main-st/7i9wKiQEThCxMWiOzJrL8g,west-harrison-new-york
https://www.ubereats.com/nyc-suburbs/food-delivery/harbour-house-coffee-shop/-Gp6adOPRheYsCiMdWstdQ,west-harrison-new-york
https://www.ubereats.com/nyc-suburbs/food-delivery/my-mix-creative-kitchen/SFTtj7-aTye1pSvLqJ4fdg,west-harrison-new-york
https://www.ubereats.com/nyc-suburbs/food-delivery/modern-slice-restaurant/pKpAVG19S5elvAs0yQ6M7g,west-harrison-new-york
https://www.ubereats.com/nyc-suburbs/food-delivery/kishuya-hartsdale/ME2y9uCqTVGgEZR355D7UQ,west-harrison-new-york
https://www.ubereats.com/nyc-suburbs/food-delivery/divino-cucina-itaiana/uJ7C5QZXRpGN4oJZsKNjKg,west-harrison-new-york
https://www.ubereats.com/nyc-suburbs/food-delivery/dunkin-42-lake-st/SilRWwFbRBK4K9dZXf7JWQ,west-harrison-new-york
https://www.ubereats.com/nyc-suburbs/food-delivery/burger-king-556-central-park-avenue/hnm_LqXVR8G1qnbqcMvR8A,west-harrison-new-york
https://www.ubereats.com/nyc-suburbs/food-delivery/espositos-ristorante-%26-pizzeria-ii/rsB9nrKbQwCRSTUvSOpCdQ,west-harrison-new-york
https://www.ubereats.com/nyc-suburbs/food-delivery/garelick-and-herbs-greenwich/lfbM5uWOT5Weiv8KTvAFdA,west-harrison-new-york
https://www.ubereats.com/connecticut/food-delivery/starbucks-hartsdale-train-station/Ve_xgijpTeK2PfvKoIlIzg,west-harrison-new-york
https://www.ubereats.com/nyc-suburbs/food-delivery/piccolo/iEh3gz3YR_qR8xzqcL_6cA,west-harrison-new-york
https://www.ubereats.com/nyc-suburbs/food-delivery/105-ten-bar-%26-grill/jiYOeiqGReuR6bstvczaIQ,west-harrison-new-york
https://www.ubereats.com/nyc-suburbs/food-delivery/el-parralito-2/QvMGu_A_Sa6S12vYOrVEjQ,west-harrison-new-york
https://www.ubereats.com/nyc-suburbs/food-delivery/bronxville-diner/jxnrzKiCSjmhbQ3I-MUhAA,west-harrison-new-york
https://www.ubereats.com/nyc-suburbs/food-delivery/off-the-rail/R3-Tj--XRImikFIGx1uD6A,west-harrison-new-york
https://www.ubereats.com/nyc-suburbs/food-delivery/the-bagel-emporium-port-chester/yBoJH7dvSQOGnRBpGLQgMg,west-harrison-new-york
https://www.ubereats.com/nyc-suburbs/food-delivery/carvel-5-quaker-ridge-road/JRAnHM3eTOaQsCyCRKSMsA,west-harrison-new-york
https://www.ubereats.com/nyc-suburbs/food-delivery/china-star-buffet-inc/dv6IKqkoTRqi8ouREBO7dw,west-harrison-new-york
https://www.ubereats.com/nyc-suburbs/food-delivery/the-brazen-fox/rTi8XELtSk6ImacXOqjvNg,west-harrison-new-york
https://www.ubereats.com/nyc-suburbs/food-delivery/polpettina-eastchester/GIDlElINSgWz2tlNYzIVzg,west-harrison-new-york
https://www.ubereats.com/nyc-suburbs/food-delivery/sals-deli/Lu2t7tTaQpClqHhEZDuYRg,west-harrison-new-york
https://www.ubereats.com/nyc-suburbs/food-delivery/fritta-arepa/33k2Ej6lSfC5Z8WxRZf_qw,west-harrison-new-york
https://www.ubereats.com/nyc-suburbs/food-delivery/buddha-japanese-steak-house/8OIadaDpSqSX5glEvLYFqQ,west-harrison-new-york
https://www.ubereats.com/nyc-suburbs/food-delivery/playa-bowls-pleasantville/gM5TaU4uTz6hF5AadnEDPA,west-harrison-new-york
https://www.ubereats.com/nyc-suburbs/food-delivery/mad-donuts/EKgwmMEJT0qOuCLWdOXZGg,west-harrison-new-york
https://www.ubereats.com/nyc-suburbs/food-delivery/epsteins-of-yonkers/wYTdteQ_SXmgZGa6L1Pd3w,west-harrison-new-york
https://www.ubereats.com/nyc-suburbs/food-delivery/sapori-restaurant-scarsdale/r7SZI4DDRheYfuh9B40sWQ,west-harrison-new-york
https://www.ubereats.com/nyc-suburbs/food-delivery/bang/yRAnjXJPSPq-KIwMbCMcZA,west-harrison-new-york
https://www.ubereats.com/nyc-suburbs/food-delivery/back-country-bar-%26-bbq/XsWMtf_bT6mRuOFpBD6Wxg,west-harrison-new-york
https://www.ubereats.com/nyc-suburbs/food-delivery/pf-changs-125-westchester-ave-space-d315/ehT6sh7SRM66zTBSfukUOg,west-harrison-new-york
https://www.ubereats.com/nyc-suburbs/food-delivery/the-mumbai-times-cos-cob/at_tUODeTb2AmwjfrmCOCQ,west-harrison-new-york
https://www.ubereats.com/nyc-suburbs/food-delivery/harbour-fish-and-company/fmSqQbh2SXyNWRGtY20qlg,west-harrison-new-york
https://www.ubereats.com/nyc-suburbs/food-delivery/sundance-kitchen-%26-cantina/woDoEnOQRouY7LNlvY8tjQ,west-harrison-new-york
https://www.ubereats.com/nyc-suburbs/food-delivery/burgerim-18-hamilton-st/WPGB-gWRQoW4zUCauhi9Eg,west-harrison-new-york
https://www.ubereats.com/nyc-suburbs/food-delivery/cosi-77-quaker-ridge-rd/Z6gKkc9qRmqyfcEbMtA1mw,west-harrison-new-york
https://www.ubereats.com/nyc-suburbs/food-delivery/dunkin-2-washington-ave/eysxi6msReiOzAdKRqQicQ,west-harrison-new-york
https://www.ubereats.com/nyc-suburbs/food-delivery/dunkin-662-columbus-ave/aUPLT8ykRtm4vUbYhu7YaQ,west-harrison-new-york
https://www.ubereats.com/nyc-suburbs/food-delivery/pure-food-and-drink/fgi4dLlFR5uyW2m2bB1UYw,west-harrison-new-york
https://www.ubereats.com/nyc-suburbs/food-delivery/healthy-zone/wIqGfXNGRHmR9NlSS74Unw,west-harrison-new-york
https://www.ubereats.com/nyc-suburbs/food-delivery/ichiro/H0s2fzUDTy-bcCx9MIKPGQ,west-harrison-new-york
https://www.ubereats.com/nyc-suburbs/food-delivery/kfc-taco-bell-100-main-st/5uWB44GhRUSBAvcz4erSIg,west-harrison-new-york
https://www.ubereats.com/nyc-suburbs/food-delivery/starbucks-rye/-1Cc-ZkqSfu6tROrTNQpwQ,west-harrison-new-york
https://www.ubereats.com/nyc-suburbs/food-delivery/caribbean-thyme-restaurant/zzg2vTp1RDCKD9LamHSzew,west-harrison-new-york
https://www.ubereats.com/nyc-suburbs/food-delivery/eat-n-wings/vhJ5zhx6RdSyXAGofohTbA,west-harrison-new-york
https://www.ubereats.com/nyc-suburbs/food-delivery/mughal-palace/api6ePRkRkCbmYyPrHR3TA,west-harrison-new-york
https://www.ubereats.com/nyc-suburbs/food-delivery/mariachi-loco/FLF6ivzLTaG5kgyXlu36Tg,west-harrison-new-york
https://www.ubereats.com/nyc-suburbs/food-delivery/the-little-beet-westchester-mall/hy4FC_tSRYWRzN6EF3yRQw,west-harrison-new-york
https://www.ubereats.com/nyc-suburbs/food-delivery/famous-famiglia-pizzeria/SJdNsCNpRbu9oEUrmzzRUQ,west-harrison-new-york
https://www.ubereats.com/nyc-suburbs/food-delivery/hot-spot-white-plains/nbyI97zySLCH1PH-jSguEg,west-harrison-new-york
https://www.ubereats.com/nyc-suburbs/food-delivery/abeetz-mobile-pizza-truck/asXKTm01QK-elexj1VrilQ,west-harrison-new-york
https://www.ubereats.com/nyc-suburbs/food-delivery/little-pub-cos-cob/er8n4NegRHmf6nAv7gc69g,west-harrison-new-york
https://www.ubereats.com/nyc-suburbs/food-delivery/dunkin-505a-bedford-rd/1HxtbP8ETCCSU8pyNqqy2w,west-harrison-new-york
https://www.ubereats.com/nyc-suburbs/food-delivery/eugenes-diner-%26-bar/sNR1hKWyTkmiYoq54ZzWaA,west-harrison-new-york
https://www.ubereats.com/nyc-suburbs/food-delivery/outback-steakhouse-1703-central-park-avenue/OnMVTgsaTmiY5kqCT99H3w,west-harrison-new-york
https://www.ubereats.com/nyc-suburbs/food-delivery/ambadi-kebab-%26-grill/QsB1u8FVT_SxrK4dxBUHTQ,west-harrison-new-york
https://www.ubereats.com/nyc-suburbs/food-delivery/raasa/LztUuERGRf-W9xqNaY3K0g,west-harrison-new-york
https://www.ubereats.com/nyc-suburbs/food-delivery/tasty-table/QnCNwSAiR_-crbdJpevVYA,west-harrison-new-york
https://www.ubereats.com/nyc-suburbs/food-delivery/adas-kitchen-%2B-coffee/FLZ3mXkFQmeoR-kYVSqwHw,west-harrison-new-york
https://www.ubereats.com/nyc-suburbs/food-delivery/utica-pie-co/iJGEhlgSSs22W9xYdkFyxA,west-harrison-new-york
https://www.ubereats.com/nyc-suburbs/food-delivery/carmines-italian-deli-and-cafe/P3xjPMYFSVOiKDXIM33rQg,west-harrison-new-york
https://www.ubereats.com/nyc-suburbs/food-delivery/doms-pizza-%26-pasta-house/abwvEigvRAyj2Rcu94btng,west-harrison-new-york
https://www.ubereats.com/nyc-suburbs/food-delivery/paesanos/sEvMakVUR2OguczwZK0DMQ,west-harrison-new-york
https://www.ubereats.com/nyc-suburbs/food-delivery/potayto-potahto/Gy2-NURZTLG668sTH7j4JA,west-harrison-new-york
https://www.ubereats.com/nyc-suburbs/food-delivery/holy-crab-cajun/k8DZ_SDRT1aGDZ1c2M_kXg,west-harrison-new-york
https://www.ubereats.com/nyc-suburbs/food-delivery/fenimore-delicatessen/vllNijf6QeGcyaPG7j2Jsw,west-harrison-new-york
https://www.ubereats.com/nyc-suburbs/food-delivery/greenburg-salads/9T_ym-ReTbOOXJ4vf-YaXQ,west-harrison-new-york
https://www.ubereats.com/nyc-suburbs/food-delivery/la-melissa/AakEhAZdQ9aIKV0zfCfaNQ,west-harrison-new-york
https://www.ubereats.com/nyc-suburbs/food-delivery/bango-bowls-scarsdale/SKLAVXy3T_SzKqUuMYgRBw,west-harrison-new-york
https://www.ubereats.com/nyc-suburbs/food-delivery/the-ice-cream-shop/TDoPUGQTSVOMwmH3Fiihfg,west-harrison-new-york
https://www.ubereats.com/nyc-suburbs/food-delivery/burger-king-260-boston-post-road/FjGPkdr9Qt2_almbV1Sgrg,west-harrison-new-york
https://www.ubereats.com/nyc-suburbs/food-delivery/gordos-north/25CSHipNTQeYWpnWfGI3xg,west-harrison-new-york
https://www.ubereats.com/nyc-suburbs/food-delivery/auntie-annes-125-westchester-avenue-%23925/uLG28tr5RjK5KIL0qzKpeA,west-harrison-new-york
https://www.ubereats.com/nyc-suburbs/food-delivery/asian-legend-cajun-seafood/W6LIcwTRQCqSDsAvvjFm7A,west-harrison-new-york
https://www.ubereats.com/nyc-suburbs/food-delivery/original-pancake-house-170-hamilton-ave/b0A6d0yhSgG7rPH0YXbqRA,west-harrison-new-york
https://www.ubereats.com/nyc-suburbs/food-delivery/sobol-white-plains/P54kPE7RQCaI-SOguGpwkQ,west-harrison-new-york
https://www.ubereats.com/nyc-suburbs/food-delivery/lazy-boy-saloon/nWB3pejdS6mCLBx4l_F8Hg,west-harrison-new-york
https://www.ubereats.com/nyc-suburbs/food-delivery/273-kitchen/bLzf4pqjTyisJfsvagtDPw,west-harrison-new-york
https://www.ubereats.com/nyc-suburbs/food-delivery/shiki-sushi-and-yakitori/GnHjIE3GTAmlHwxhWNlyUw,west-harrison-new-york
https://www.ubereats.com/nyc-suburbs/food-delivery/dunkin-50-mamaroneck-ave/d-6P7i7ZRzqA9wtUYjd9sQ,west-harrison-new-york
https://www.ubereats.com/nyc-suburbs/food-delivery/i-thai-westchester-ave/tOy69Sg2Q4iRIBj-Ets27g,west-harrison-new-york
https://www.ubereats.com/nyc-suburbs/food-delivery/dunkin-295-midland-ave/NP9Lfun5TkS0ZfXCormUkw,west-harrison-new-york
https://www.ubereats.com/nyc-suburbs/food-delivery/fantasy-cuisine/6QQlSv6DQ5-nnHL_UYmusA,west-harrison-new-york
https://www.ubereats.com/nyc-suburbs/food-delivery/haagen-dazs-125-westchester-ave-unit-3330/qQwwuLVyTIiGpaXHihzlpQ,west-harrison-new-york
https://www.ubereats.com/nyc-suburbs/food-delivery/coffee-luca/nIy_hT4LSF-3QzdlVmqWCQ,west-harrison-new-york
https://www.ubereats.com/nyc-suburbs/food-delivery/eastend/bSB8QicWRsm48pOZmYQxSA,west-harrison-new-york
https://www.ubereats.com/nyc-suburbs/food-delivery/sals-pastry-shop/l2rxLRE8QMCH2Q5mM-r4cQ,west-harrison-new-york
https://www.ubereats.com/nyc-suburbs/food-delivery/jewel-of-himalaya/8ntcxFIZS-uvWopgC2o3nw,west-harrison-new-york
https://www.ubereats.com/nyc-suburbs/food-delivery/sgd-dubu-so-gong-dong/zZcOUdkLT8aEhXfI7dzQtA,west-harrison-new-york
https://www.ubereats.com/nyc-suburbs/food-delivery/acuario-restaurant/n4FcxHXtTzSWK7X1ITXJuw,west-harrison-new-york
https://www.ubereats.com/nyc-suburbs/food-delivery/revenge-bbq/B5EUEs6wTUKDs62RadPoEA,west-harrison-new-york
https://www.ubereats.com/nyc-suburbs/food-delivery/noches-de-colombia-port-chester-ny/9ilIiJBgTuy2QmHnWTpDgw,west-harrison-new-york
https://www.ubereats.com/nyc-suburbs/food-delivery/hollywood-chicken-dominican-restaurant/fa68O7reTQODphalI1jiug,west-harrison-new-york
https://www.ubereats.com/nyc-suburbs/food-delivery/sammys-ny-bagels-scarsdale/xeWmlXxmR7WC91O8BMiQsQ,west-harrison-new-york
https://www.ubereats.com/connecticut/food-delivery/the-granola-bar-greenwich/i8tKoCvIR6aHdL3seQewbA,west-harrison-new-york
https://www.ubereats.com/nyc-suburbs/food-delivery/rafele-rye-purchase-st/5E4yqX_9Q06ceLgJ73CBNw,west-harrison-new-york
https://www.ubereats.com/nyc-suburbs/food-delivery/lennys-bagels-rye-brook/WM04PZNmRfKRegt9j8iNVg,west-harrison-new-york
https://www.ubereats.com/nyc-suburbs/food-delivery/ambadi-vegetarian/rBAlQgZoSrGqUXDQAnKxsg,west-harrison-new-york
https://www.ubereats.com/nyc-suburbs/food-delivery/bareburger-50-purchase-st/7lCumEvyQFiyYFlZYy3jSQ,west-harrison-new-york
https://www.ubereats.com/nyc-suburbs/food-delivery/pemberwick-x-change-deli/bOcJhWWzQCGCYbcB83vKcA,west-harrison-new-york
https://www.ubereats.com/nyc-suburbs/food-delivery/walters-hot-dogs-white-plains/ulHvx9_SRjKTKIBw1E6TVQ,west-harrison-new-york
https://www.ubereats.com/nyc-suburbs/food-delivery/tgi-fridays-548-white-plains-ny/OX6i7GYVRPqfAt3Gtfko5Q,west-harrison-new-york
https://www.ubereats.com/nyc-suburbs/food-delivery/thai-basil/uR5Ly0-ORuuGpYH_xJCA8w,west-harrison-new-york
https://www.ubereats.com/nyc-suburbs/food-delivery/little-thai-kitchen-scarsdale/hEJoFee9TsW3eiHhcCDQ8Q,west-harrison-new-york
https://www.ubereats.com/nyc-suburbs/food-delivery/the-granola-bar-greenwich/i8tKoCvIR6aHdL3seQewbA,west-harrison-new-york
https://www.ubereats.com/nyc-suburbs/food-delivery/j-%26-g-deli-and-market/cOLLU_okQYyKFcSelUrqwA,west-harrison-new-york
https://www.ubereats.com/nyc-suburbs/food-delivery/halstead-ave-taqueria/6OBmpbj1RS-to5Z8DnfRKQ,west-harrison-new-york
https://www.ubereats.com/nyc-suburbs/food-delivery/nickys-pizzeria/7SZQR_1YQBOwgX4GJwurpA,west-harrison-new-york
https://www.ubereats.com/nyc-suburbs/food-delivery/cantina-taco-and-tequila/cSZbUZhHRgeghJ4ELQijxw,west-harrison-new-york
https://www.ubereats.com/nyc-suburbs/food-delivery/dunkin-1-southfield-ave/YyljxPPxQ5uUE8N9OmrXsQ,west-harrison-new-york
https://www.ubereats.com/nyc-suburbs/food-delivery/el-tio/3wm48fNCQY-F0DacKSlO6g,west-harrison-new-york
https://www.ubereats.com/nyc-suburbs/food-delivery/aires-de-colombia/SWLUgT3CRFOmcQWJadsrTA,west-harrison-new-york
https://www.ubereats.com/nyc-suburbs/food-delivery/go-fish-takeout/vFfIGijqSH2hNkxoIaP6Aw,west-harrison-new-york
https://www.ubereats.com/nyc-suburbs/food-delivery/planet-pizza-white-plains/XcJjXQFKT6uson0huvlDvg,west-harrison-new-york
https://www.ubereats.com/nyc-suburbs/food-delivery/green-%26-tonic-cos-cob/Xu2hGlx1S-qAXh6ZH5gDfQ,west-harrison-new-york
https://www.ubereats.com/nyc-suburbs/food-delivery/the-spread-greenwich/_RDTULAkR-GUItx84obqWA,west-harrison-new-york
https://www.ubereats.com/nyc-suburbs/food-delivery/wellingtons-soup-shack/K8309wJGSlWwFJFKmK5feA,west-harrison-new-york
https://www.ubereats.com/nyc-suburbs/food-delivery/arthur-avenue-pizza-%26-pasta/_JpguXvdRPW7PsosM_519A,west-harrison-new-york
https://www.ubereats.com/connecticut/food-delivery/freckles-juice-bar-mamaroneck/i86uT3AzRFaDng4Dk0UPFA,west-harrison-new-york
https://www.ubereats.com/nyc-suburbs/food-delivery/trattoria-632/4BXHDZbpRTu1WF1vbNGqeQ,west-harrison-new-york
https://www.ubereats.com/nyc-suburbs/food-delivery/bella-nonna-restaurant-%26-pizza/H81nIVuwTNKKwoUf5GAoUQ,west-harrison-new-york
https://www.ubereats.com/nyc-suburbs/food-delivery/la-renaissance-bakery/EmaNhKYJT324bdLl59dd-A,west-harrison-new-york
https://www.ubereats.com/nyc-suburbs/food-delivery/cava-3-rye-ridge-plaza/ELawdiQvQNevZR5jhahe1g,west-harrison-new-york
https://www.ubereats.com/nyc-suburbs/food-delivery/douro-restaurant-bar/DwL1V3P2TuKrHqNfplYkdg,west-harrison-new-york
https://www.ubereats.com/nyc-suburbs/food-delivery/the-bagel-emporium-tarrytown/9buM0YMmRqmqhgBkasHHBw,west-harrison-new-york
https://www.ubereats.com/nyc-suburbs/food-delivery/shake-shack-379-n-central-ave/NWAbDS8LTwWJcS9hV0AsgQ,west-harrison-new-york
https://www.ubereats.com/nyc-suburbs/food-delivery/bellefair-kitchen/0XD9fMqfRPe4aPPKM00OWw,west-harrison-new-york
https://www.ubereats.com/nyc-suburbs/food-delivery/euro-pizzeria/K-6VPn2uREmtLw4LgZLIrA,west-harrison-new-york
https://www.ubereats.com/nyc-suburbs/food-delivery/garden-catering-mamaroneck/KOyAbJwXTa6DWEo7C3NslA,west-harrison-new-york
https://www.ubereats.com/nyc-suburbs/food-delivery/chens-poke/vP7IeBxKQy-c4LwhAA7dMw,west-harrison-new-york
https://www.ubereats.com/nyc-suburbs/food-delivery/jackie-bs/9IxMPbbTQHWzqF7CEPFGkg,west-harrison-new-york
https://www.ubereats.com/nyc-suburbs/food-delivery/sapori-of-scarsdale/C8iqwMIhRw-L-MPc31WJZg,west-harrison-new-york
https://www.ubereats.com/nyc-suburbs/food-delivery/doppio/gXGCW25JSZyYhm297Rpeaw,west-harrison-new-york
https://www.ubereats.com/nyc-suburbs/food-delivery/copper-kettle-cafe/ZbMqLAuiRTyDE7fypd1RKg,west-harrison-new-york
https://www.ubereats.com/nyc-suburbs/food-delivery/gosu/e3mrBR9cQ2qXELUOAZRL2A,west-harrison-new-york
https://www.ubereats.com/nyc-suburbs/food-delivery/alex-lounge-bar-%26-grill/chjBQBvkQmKFcnkLg1mdVw,west-harrison-new-york
https://www.ubereats.com/nyc-suburbs/food-delivery/melt-sandwich-shop/Jq0rYFOJQu-B1oSDQdPQNQ,west-harrison-new-york
https://www.ubereats.com/nyc-suburbs/food-delivery/shiki-fusion/-8PV0Mz9SCu-2QvBYMTsjA,west-harrison-new-york
https://www.ubereats.com/nyc-suburbs/food-delivery/toxic-wings-white-plains/oFKL0vtnTIegZ2ZCKc9Wgw,west-harrison-new-york
https://www.ubereats.com/nyc-suburbs/food-delivery/casa-rina-restaurant/QqmZ9jtARWqHebtD2rCxxw,west-harrison-new-york
https://www.ubereats.com/nyc-suburbs/food-delivery/anthony-deli/h9DrDlw6SXmigLpy82qhVg,west-harrison-new-york
https://www.ubereats.com/nyc-suburbs/food-delivery/city-limits-diner/lwqyI2JWRriIqGohoxCb6w,west-harrison-new-york
https://www.ubereats.com/nyc-suburbs/food-delivery/maple-corner-deli/Xm0tO2AmRWqwo7zydSvqvw,west-harrison-new-york
https://www.ubereats.com/nyc-suburbs/food-delivery/main-st-gourmet-deli/x6TYoK1ySp-MBehbEBOtAg,west-harrison-new-york
https://www.ubereats.com/nyc-suburbs/food-delivery/blockheads-white-plains/SB2uNFfdTxqb1h9Eqc_cZQ,west-harrison-new-york
https://www.ubereats.com/nyc-suburbs/food-delivery/105-seventy-bar-%26-grill/pYzlAc9VQ1mXSzSyCz3R7Q,west-harrison-new-york
https://www.ubereats.com/nyc-suburbs/food-delivery/buffalo-wild-wings-1-mamaronek-avenue/LEa6HVofQTazeobk6qbS7Q,west-harrison-new-york
https://www.ubereats.com/nyc-suburbs/food-delivery/craft-pizza-%26-beer/Xnk05VfrTWaH0cDWYHPFpA,west-harrison-new-york
https://www.ubereats.com/nyc-suburbs/food-delivery/china-garden-20-purdy-ave/TkQSuhUmQB-eBDIgbrT3vg,west-harrison-new-york
https://www.ubereats.com/nyc-suburbs/food-delivery/green-tortilla/w-1LiWI9QeeYJJ6FqIQ5zw,west-harrison-new-york
https://www.ubereats.com/nyc-suburbs/food-delivery/capers-restaurant-n-main-st/LnkrhsjCQtSRxP4ksDofaA,west-harrison-new-york
https://www.ubereats.com/nyc-suburbs/food-delivery/hudson-anchor-seafood-and-grill/D5ZbR_LdSluV8hNfiZzaQw,west-harrison-new-york
https://www.ubereats.com/nyc-suburbs/food-delivery/ernestos-pizza-cucina/NyKSFa2cRaSdI2gpCXXszg,west-harrison-new-york
https://www.ubereats.com/nyc-suburbs/food-delivery/the-birch-collective/rWG_fFU6T9SXXCB-fTxsfw,west-harrison-new-york
https://www.ubereats.com/nyc-suburbs/food-delivery/dai-sushi/xCJ21PJVQVefk5hRzFWMoA,west-harrison-new-york
https://www.ubereats.com/nyc-suburbs/food-delivery/gin-ban-asian-bistro-%26-sushi-bar/IWmblFGrTKy3zNS7kJ9J9Q,west-harrison-new-york
https://www.ubereats.com/nyc-suburbs/food-delivery/applebees-hawthorne/b1Th6N_uRQiiVowdDp3Npw,west-harrison-new-york
https://www.ubereats.com/nyc-suburbs/food-delivery/dunkin-260-halstead-ave/5lokPwjBSMy5Vfrbr-OIOg,west-harrison-new-york
https://www.ubereats.com/nyc-suburbs/food-delivery/great-wall-restaurant/YqP0HEv4SxqqSiYunHTYDg,west-harrison-new-york
https://www.ubereats.com/nyc-suburbs/food-delivery/silver-lake-pizza/_XBJhaDrR1a0AYMuTcu8qQ,west-harrison-new-york
https://www.ubereats.com/nyc-suburbs/food-delivery/johns-of-arthur-avenue-port-chester/fSYmJj5pTEOAhME41hpGzg,west-harrison-new-york
https://www.ubereats.com/nyc-suburbs/food-delivery/the-808-bistro/z0KU8LL5T32BzzQeq9XZQQ,west-harrison-new-york
https://www.ubereats.com/nyc-suburbs/food-delivery/dunkin-875-saw-mill-river-rd/Qi2nIccBTruzemmPmKzXZQ,west-harrison-new-york
https://www.ubereats.com/nyc-suburbs/food-delivery/saw-mill-tavern/jdGoWVrHTHe4jIREqIqYgQ,west-harrison-new-york
https://www.ubereats.com/nyc-suburbs/food-delivery/southern-table/ATDiblHKQoeVGZblyOOPPw,west-harrison-new-york
https://www.ubereats.com/nyc-suburbs/food-delivery/rye-house/a3VpIWagTieYOQWxinXZ2A,west-harrison-new-york
https://www.ubereats.com/nyc-suburbs/food-delivery/risotto-restaurant/VjneoRxbQkGnCrmd1ZzdLw,west-harrison-new-york
https://www.ubereats.com/nyc-suburbs/food-delivery/harvest-wine-bar-%26-restaurant-greenwich/NgbANoAqS7-HP6Ep6-KrpA,west-harrison-new-york
https://www.ubereats.com/nyc-suburbs/food-delivery/masala-kraft-cafe/kvhE8iXETfuGm0oho2OcSw,west-harrison-new-york
https://www.ubereats.com/nyc-suburbs/food-delivery/bosphorus-restaurant/xjKqUk7iRSarzh2VqcRcMA,west-harrison-new-york
https://www.ubereats.com/nyc-suburbs/food-delivery/asiana-cafe-greenwich-ct/67OhHAa8Tl6-fD8h8wEW0w,west-harrison-new-york
https://www.ubereats.com/nyc-suburbs/food-delivery/goosefeather/ZG9wb_OKTMC5ivZDPuDUuw,west-harrison-new-york
https://www.ubereats.com/nyc-suburbs/food-delivery/dunkin-91-e-main-st/TLUZIsl1Q8m4U-84Rcx0Lw,west-harrison-new-york
https://www.ubereats.com/nyc-suburbs/food-delivery/dunkin-330-boston-post-rd/RmsC8_LOTsWf-nCPYuBORQ,west-harrison-new-york
https://www.ubereats.com/nyc-suburbs/food-delivery/starbucks-rye-brook/shA2jaeRTLisnAkliMzMOA,west-harrison-new-york
https://www.ubereats.com/nyc-suburbs/food-delivery/the-bagel-emporium-chappaqua/skmy0upMSc-2o09KdPADQw,west-harrison-new-york
https://www.ubereats.com/nyc-suburbs/food-delivery/flour-%26-sun-bakery/8m5u7r50ThajD3SCCFpfaQ,west-harrison-new-york
https://www.ubereats.com/nyc-suburbs/food-delivery/el-barrio/i8ptXQXaQvKWvobZlxamKQ,west-harrison-new-york
https://www.ubereats.com/nyc-suburbs/food-delivery/alexs-lounge-ii/gfujqoQ0Tji7bzCZxALmCw,west-harrison-new-york
https://www.ubereats.com/nyc-suburbs/food-delivery/tabasco-mexican-grill/yjfulXgvRnCgOw_4Po1rnA,west-harrison-new-york
https://www.ubereats.com/nyc-suburbs/food-delivery/roadhouse-tavern/pUrE_SPMQumBDgwOmugBiQ,west-harrison-new-york
https://www.ubereats.com/nyc-suburbs/food-delivery/meli-melo/Qz1kx-DcT8OOK1bA0x3T0A,west-harrison-new-york
https://www.ubereats.com/nyc-suburbs/food-delivery/kfc-tb-100-main-street/eg7gqyw4SqefsXqnBbRpfw,west-harrison-new-york
https://www.ubereats.com/nyc-suburbs/food-delivery/rani-mahal-indian-cuisine/34hQk_oCStKPDDvKb5F7BA,west-harrison-new-york
https://www.ubereats.com/nyc-suburbs/food-delivery/chipotle-mexican-grill-100-s-ridge-st/HvTlRkpKRqeC-DGZ4MHPvw,west-harrison-new-york
https://www.ubereats.com/nyc-suburbs/food-delivery/cold-stone-creamery-25-mamaroneck-avenue/q-kvOBM7T1qmi_76kOL32g,west-harrison-new-york
https://www.ubereats.com/nyc-suburbs/food-delivery/carvel-262-n-saw-mill-river-road/_bIApWR-SSiGL-aZ9l9XQQ,west-harrison-new-york
https://www.ubereats.com/nyc-suburbs/food-delivery/sobol-cos-cob/fEMu31c5SrCtrix15vraLA,west-harrison-new-york
https://www.ubereats.com/nyc-suburbs/food-delivery/swagat-halal-indian-cuisine/q-vnFWM9TRGzscBuTvzYag,west-harrison-new-york
https://www.ubereats.com/nyc-suburbs/food-delivery/la-bocca-ristorante/Tn9mMXTDQqeDLFnRMKMrLQ,west-harrison-new-york
https://www.ubereats.com/nyc-suburbs/food-delivery/marios-pizza-%26-restaurant/MHR7IxpCQ1SZ82gT1cau9Q,west-harrison-new-york
https://www.ubereats.com/nyc-suburbs/food-delivery/la-concha-restaurant/rXNdj_ypTfq7ci87WipGIw,west-harrison-new-york
https://www.ubereats.com/nyc-suburbs/food-delivery/sea-flame/dXe4JJT0TMOD7ki6jKSaAA,west-harrison-new-york
https://www.ubereats.com/connecticut/food-delivery/espresso-cafe-and-deli/oXLf3KZjTzWh_wGyhF7jEA,west-harrison-new-york
https://www.ubereats.com/nyc-suburbs/food-delivery/port-chester-coach-diner/WdEZia20TCW7mfVmNpB5bw,west-harrison-new-york
https://www.ubereats.com/nyc-suburbs/food-delivery/dunkin-267-s-ridge-st/qGhufjZcQRm9TjSlhpTweA,west-harrison-new-york
https://www.ubereats.com/nyc-suburbs/food-delivery/fatt-root/iNKbRuXvTeGaJF0URBpb0A,west-harrison-new-york
https://www.ubereats.com/nyc-suburbs/food-delivery/fongxing-chinese-restsurant/kCRS3IorT5WmCNvAioq8zA,west-harrison-new-york
https://www.ubereats.com/nyc-suburbs/food-delivery/mp-taverna-irvington/SDEBrUEeTs6TxNPP5TCSGQ,west-harrison-new-york
https://www.ubereats.com/nyc-suburbs/food-delivery/jollyz-jerk-spot/n76e_KVhT3-CdyubbwPKqw,west-harrison-new-york
https://www.ubereats.com/nyc-suburbs/food-delivery/melissa-buffet-%26-deli/Gbcw6lSeRu6kszQCBTOR4w,west-harrison-new-york
https://www.ubereats.com/nyc-suburbs/food-delivery/justin-deli-cafe/U6x_ujefRX-bwZqRRM11uw,west-harrison-new-york
https://www.ubereats.com/nyc-suburbs/food-delivery/bageldel-plus/QwRYybwzTX6a9o5OaakTQQ,west-harrison-new-york
https://www.ubereats.com/nyc-suburbs/food-delivery/blaze-pizza-white-plains/FUiIP68xQ4KE0LdOES5aRQ,west-harrison-new-york
https://www.ubereats.com/nyc-suburbs/food-delivery/dunkin-570-mamaroneck-ave/zZoi0nfXR3OVLnm-kh8_jA,west-harrison-new-york
https://www.ubereats.com/nyc-suburbs/food-delivery/falafel-taco/sISNbgmHRLKDAFHzpruC9A,west-harrison-new-york
https://www.ubereats.com/nyc-suburbs/food-delivery/aria-fusion/sLA8AzTHRd2RcW-cmlRhFg,west-harrison-new-york
https://www.ubereats.com/nyc-suburbs/food-delivery/italian-pavillion-pizzeria/S46qrUduTTm0hQVcGsyNoQ,west-harrison-new-york
https://www.ubereats.com/nyc-suburbs/food-delivery/bollywood-grill/SUHLVeOvRR2A91R1fEIN3g,west-harrison-new-york
https://www.ubereats.com/nyc-suburbs/food-delivery/panda-pavilion/GOdTCvIASAuicYMpj2hh7Q,west-harrison-new-york
https://www.ubereats.com/nyc-suburbs/food-delivery/ruths-chris-steak-house-670-white-plains-rd/SUgnrgLRSA6-E-24CZvjvQ,west-harrison-new-york
https://www.ubereats.com/nyc-suburbs/food-delivery/bubble-shop/jMKVHJO8Taay1vtiXzIIzQ,west-harrison-new-york
https://www.ubereats.com/nyc-suburbs/food-delivery/corbos-corner-deli-west/Lf9w4sEoSjOEDsOLHbWObA,west-harrison-new-york
https://www.ubereats.com/nyc-suburbs/food-delivery/california-pizza-kitchen-365-central-park-ave/ZPsOu6xGQ3u1D41Gy9otSA,west-harrison-new-york
https://www.ubereats.com/nyc-suburbs/food-delivery/little-mumbai-market/fCQpQ_9kRB6wQqqFy0AQlw,west-harrison-new-york
https://www.ubereats.com/nyc-suburbs/food-delivery/popojito/nLUwxS3xSUuv2FM3utJEAA,west-harrison-new-york
https://www.ubereats.com/nyc-suburbs/food-delivery/captain-crab/y0fCK2hDQ_i8dt2MKOaiNg,west-harrison-new-york
https://www.ubereats.com/nyc-suburbs/food-delivery/bibille/E4TVz9BjQ9WITVwpT5uL8w,west-harrison-new-york
https://www.ubereats.com/nyc-suburbs/food-delivery/gyro-gyro/ftqkMWP1RwuZwrwd_e0jhQ,west-harrison-new-york
https://www.ubereats.com/nyc-suburbs/food-delivery/nikos-greek-taverna/ruYOu12LQKyLZeGSL04SsA,west-harrison-new-york
https://www.ubereats.com/nyc-suburbs/food-delivery/panera-377-tarrytown-rd/IikY-hhtRjKCcNJwDlFZsw,west-harrison-new-york
https://www.ubereats.com/nyc-suburbs/food-delivery/wood-and-fire/MFvchbUDQtiE2bEBNN4zyA,west-harrison-new-york
https://www.ubereats.com/nyc-suburbs/food-delivery/burger-king-265-e-main-st/JBhM1aPcSwqrGOO8FyPdOw,west-harrison-new-york
https://www.ubereats.com/nyc-suburbs/food-delivery/river-city-grille/HTl8ChwDREi6KTfYKM0a-A,west-harrison-new-york
https://www.ubereats.com/connecticut/food-delivery/starbucks-greenwich/4r4hlBKISKGAidmMIvPgJg,west-harrison-new-york
https://www.ubereats.com/nyc-suburbs/food-delivery/wendys-91-saw-mill-road/adDKxf05Qo-BuaVP2MEOIw,west-harrison-new-york
https://www.ubereats.com/nyc-suburbs/food-delivery/italian-pavilion-pizzeria/ZA0vuAONRoaL_vyIftx3vg,west-harrison-new-york
https://www.ubereats.com/nyc-suburbs/food-delivery/salsa-picante/LdaIWi-mR_y2-2XzQHF38Q,west-harrison-new-york
https://www.ubereats.com/nyc-suburbs/food-delivery/the-granola-bar-rye/Qivx6WwaRX-jryu4r7X-rA,west-harrison-new-york
https://www.ubereats.com/nyc-suburbs/food-delivery/subway-469-west-putnam-ave/BRUJSZSiRRCpVkVOCICnfg,west-harrison-new-york
https://www.ubereats.com/nyc-suburbs/food-delivery/casa-ditalia/793A73oAQNy54l3fbI52hQ,west-harrison-new-york
https://www.ubereats.com/nyc-suburbs/food-delivery/el-miski/wHtXP9r-TB69DzVxsKjjYA,west-harrison-new-york
https://www.ubereats.com/nyc-suburbs/food-delivery/ruths-jamaican-hot-%26-cold-deli/B6S-2IJJS-qi4gK9LKYZlA,west-harrison-new-york
https://www.ubereats.com/nyc-suburbs/food-delivery/wolf-and-warrior-brewing-company-195-e-post-rd/wDMIoBhcTkiE39rlg7skmQ,west-harrison-new-york
https://www.ubereats.com/nyc-suburbs/food-delivery/subway-6-east-main-st/YSbXGHbxTZOUr0-cPuNmrQ,west-harrison-new-york
https://www.ubereats.com/nyc-suburbs/food-delivery/dunkin-1481-weaver-st/Z0mTQUYiT6WecACbs02MTg,west-harrison-new-york
https://www.ubereats.com/nyc-suburbs/food-delivery/the-pizza-shop/0BVutwq0RGmeeIQkMwYlag,west-harrison-new-york
https://www.ubereats.com/connecticut/food-delivery/starbucks-hartsdale-south-central-ave/k92Jv3uCSR2u2oauqkqzkw,west-harrison-new-york
https://www.ubereats.com/connecticut/food-delivery/the-bagel-emporium-tarrytown/9buM0YMmRqmqhgBkasHHBw,west-harrison-new-york
https://www.ubereats.com/nyc-suburbs/food-delivery/la-botte-ristorante/bElL5cLkS_S9_RqYz77Rwg,west-harrison-new-york
https://www.ubereats.com/nyc-suburbs/food-delivery/the-halal-guys-the-galleria-mall-100-main-street/11wxJCTyTCS5oRyNFhKmYg,west-harrison-new-york
https://www.ubereats.com/nyc-suburbs/food-delivery/honey-baked-ham-57-north-central-avenue/sXLjG3jMRsOYYLdWaawVrg,west-harrison-new-york
https://www.ubereats.com/nyc-suburbs/food-delivery/ralphs-famous-italian-ices-white-plains/K7Sk9CbHQKOSK3swkCJjUg,west-harrison-new-york
https://www.ubereats.com/nyc-suburbs/food-delivery/don-coqui-inwood/Ur-chu3PQIGvUXtl0p2MAQ,west-harrison-new-york
https://www.ubereats.com/nyc-suburbs/food-delivery/sapori-italian-restaurant-%26-bar/nNo9z2VYSl-wFVoAau_neQ,west-harrison-new-york
https://www.ubereats.com/nyc-suburbs/food-delivery/wendys-460-w-putnam/xigfc2tYSsOdn30oDCPwNA,west-harrison-new-york
https://www.ubereats.com/nyc-suburbs/food-delivery/asian-legend/GYlbxsr9TJakgfqMWpGsmg,west-harrison-new-york
https://www.ubereats.com/nyc-suburbs/food-delivery/epsteins-kosher-delicatessen-%26-restaurant/XqbxlVnRStOoHZkmnIHI-A,west-harrison-new-york
https://www.ubereats.com/nyc-suburbs/food-delivery/pizzarellis-pizza-%26-pasta/6xIn12AwTiywo9REj5gfZw,west-harrison-new-york
https://www.ubereats.com/nyc-suburbs/food-delivery/char-restaurant/RA29H8GfRkqCFMR1R9Asmg,west-harrison-new-york
https://www.ubereats.com/nyc-suburbs/food-delivery/mediterraneo-greenwich/qjOaJDa7R4Scp1DC6ashxg,west-harrison-new-york
https://www.ubereats.com/nyc-suburbs/food-delivery/lamars-pastry/KEcqkUcXQtuXUxkW7_T6uQ,west-harrison-new-york
https://www.ubereats.com/nyc-suburbs/food-delivery/dunkin-3000-merritt-parkway/pA5N4gHCQY2sp0i5igku6g,west-harrison-new-york
https://www.ubereats.com/nyc-suburbs/food-delivery/organic-pharmer-rye-brook/zNnAqFXdQzyss5cUxT9Buw,west-harrison-new-york
https://www.ubereats.com/nyc-suburbs/food-delivery/india-cafe-white-plains/ml1m0VCGQTKf-RG2mUd0iA,west-harrison-new-york
https://www.ubereats.com/nyc-suburbs/food-delivery/pats-deli/hUKhcAgvRxqUu5viXKqdRA,west-harrison-new-york
https://www.ubereats.com/nyc-suburbs/food-delivery/taqueria-la-picardia/zNS2vAEhTRyGs-oy6PNqbg,west-harrison-new-york
https://www.ubereats.com/nyc-suburbs/food-delivery/cafe-veracruz-1/d7ylY8EURNmhKbJ_m2nB2A,west-harrison-new-york
https://www.ubereats.com/nyc-suburbs/food-delivery/calcutta-wrap-%26-roll/JGBkzgsMTPKFT224oEdalw,west-harrison-new-york
https://www.ubereats.com/nyc-suburbs/food-delivery/o-mandarin-restaurant/4kqdVOdXTauuLqREE15m9w,west-harrison-new-york
https://www.ubereats.com/nyc-suburbs/food-delivery/le-provencal-bistro/icrc5m_nScOlbQmBFpXBlA,west-harrison-new-york
https://www.ubereats.com/nyc-suburbs/food-delivery/gabriellas/f5U-7IOVRReEv9mFeKzfeg,west-harrison-new-york
https://www.ubereats.com/nyc-suburbs/food-delivery/the-barley-house/wVAsfVN0R3uGpgh4fD0LUg,west-harrison-new-york
https://www.ubereats.com/nyc-suburbs/food-delivery/delicias-del-jireh-peruvian-kitchen/X1Ed4p9BQSSauG-GDTv3lw,west-harrison-new-york
https://www.ubereats.com/nyc-suburbs/food-delivery/gyu-kaku-japanese-bbq-white-plains/ADCbgyEyRrOtb-tEB1rVOg,west-harrison-new-york
https://www.ubereats.com/nyc-suburbs/food-delivery/irvington-delight/4YzDYh2oRMS2wJbOlKAn1A,west-harrison-new-york
https://www.ubereats.com/nyc-suburbs/food-delivery/cava-129-w-putnam-ave/AgAyTEr9QDKfhtu9uWGSrQ,west-harrison-new-york
https://www.ubereats.com/nyc-suburbs/food-delivery/tous-les-jours-hartsdale/A89F9_1gSu-zq4rUWF2Wlg,west-harrison-new-york
https://www.ubereats.com/nyc-suburbs/food-delivery/sundance-deli/dcaq4RgfSeeyY2fY-PMPKA,west-harrison-new-york
https://www.ubereats.com/nyc-suburbs/food-delivery/mariachi-loco-ii/_bK1LDQKQCikS81aCw2HdQ,west-harrison-new-york
https://www.ubereats.com/nyc-suburbs/food-delivery/good-to-go-gourmet/AfOEoG6KRNa1X37JyCwsvw,west-harrison-new-york
https://www.ubereats.com/nyc-suburbs/food-delivery/good-to-go-rye/gihP_3exSo6DC-aXkMHYbA,west-harrison-new-york
https://www.ubereats.com/nyc-suburbs/food-delivery/seasons-scarsdale-%26-simply-sushi/L-c7NNdbR1CWNwxBYEM21w,west-harrison-new-york
https://www.ubereats.com/nyc-suburbs/food-delivery/dunkin-2000-merritt-parkway/k99dLzAOSjGYgtRL99nqnA,west-harrison-new-york
https://www.ubereats.com/nyc-suburbs/food-delivery/anthonys-deli/1HkpHoO_T0SyBsTdPNLu_A,west-harrison-new-york
https://www.ubereats.com/nyc-suburbs/food-delivery/port-chester-seafood/ITgD8kkHQZikcFMrh0UEZw,west-harrison-new-york
https://www.ubereats.com/nyc-suburbs/food-delivery/north-end-tavern/_OFXF9rsRBSr-8icam8HPg,west-harrison-new-york
https://www.ubereats.com/nyc-suburbs/food-delivery/edo-japanese-steakhouse/F0nMJFhJRNSN1k3RypPjKQ,west-harrison-new-york
https://www.ubereats.com/nyc-suburbs/food-delivery/the-town-dock/OHJPgVafRzSqfcaya-MXrA,west-harrison-new-york
https://www.ubereats.com/nyc-suburbs/food-delivery/noodle%2B/FOhD_eZ3QvmQfq7RkUaOlw,west-harrison-new-york
https://www.ubereats.com/nyc-suburbs/food-delivery/mary-anns/K-xN-o0CTXmaydxYpCTo3w,west-harrison-new-york
https://www.ubereats.com/nyc-suburbs/food-delivery/bareburger-265-n-central-ave/PeuF8Ic1R0yT8qeeuLMOhg,west-harrison-new-york
https://www.ubereats.com/nyc-suburbs/food-delivery/carvel-419-north-central-ave/sHmvUg5ITPGutMVqOn_6Vg,west-harrison-new-york
https://www.ubereats.com/nyc-suburbs/food-delivery/smashburger-49-tarrytown-rd/kQ4Xl9S0SlCY1JuX7_0Yrw,west-harrison-new-york
https://www.ubereats.com/connecticut/food-delivery/starbucks-rye/-1Cc-ZkqSfu6tROrTNQpwQ,west-harrison-new-york
https://www.ubereats.com/nyc-suburbs/food-delivery/starbucks-hartsdale-south-central-ave/k92Jv3uCSR2u2oauqkqzkw,west-harrison-new-york
https://www.ubereats.com/nyc-suburbs/food-delivery/buon-amici-italian-cuisine/SzVm73ACSjaVR_YeMgFKRg,west-harrison-new-york
https://www.ubereats.com/nyc-suburbs/food-delivery/zenzo-sushi/9orxs8oTR7GiWCOSoxrx6g,west-harrison-new-york
https://www.ubereats.com/nyc-suburbs/food-delivery/delectable-deli/WljfjUV_TJWps-zzk99nxg,west-harrison-new-york
https://www.ubereats.com/nyc-suburbs/food-delivery/sals-pizzeria/bxvabFOwRwSPxYpKo4YQKA,west-harrison-new-york
https://www.ubereats.com/nyc-suburbs/food-delivery/star-diner/VRTBLLhqT86XOmgu9hTkGA,west-harrison-new-york
https://www.ubereats.com/nyc-suburbs/food-delivery/aji-limo/P_YpqDaSS-mrUurwQtcsiw,west-harrison-new-york
https://www.ubereats.com/nyc-suburbs/food-delivery/taco-shack/4-xoL8tVRNa67H6JlBx6NQ,west-harrison-new-york
https://www.ubereats.com/nyc-suburbs/food-delivery/giovannis-pizza/ltgNJpqvSoGaFU-r1r4YxQ,west-harrison-new-york
https://www.ubereats.com/nyc-suburbs/food-delivery/modern-on-the-rails-westchester/YCPu8PlrR1mgg1NjO3rUxA,west-harrison-new-york
https://www.ubereats.com/nyc-suburbs/food-delivery/chutney-masala-bistro/pXBKtlzQRD2q7ppzxPyEtg,west-harrison-new-york
https://www.ubereats.com/nyc-suburbs/food-delivery/little-thai-kitchen-greenwich/mB3d49wySTSbs1imxO7y9g,west-harrison-new-york
https://www.ubereats.com/nyc-suburbs/food-delivery/kiosko-restaurant/FR05OVYwRWK_YA4yBuePaA,west-harrison-new-york
https://www.ubereats.com/nyc-suburbs/food-delivery/durian-thai-food/djUTP89ZT2mlQ_0pYCQ2CQ,west-harrison-new-york
https://www.ubereats.com/nyc-suburbs/food-delivery/wendys-33-sawmill-river-road/g33PL1ixRHez6RkNvZF19Q,west-harrison-new-york
https://www.ubereats.com/nyc-suburbs/food-delivery/chigo/ohDmQlXwT4Ktxl1kANqHwA,west-harrison-new-york
https://www.ubereats.com/nyc-suburbs/food-delivery/tacotalk/4kK8fxX_QVCLbkLRetshow,west-harrison-new-york
https://www.ubereats.com/connecticut/food-delivery/my-mix-creative-kitchen/SFTtj7-aTye1pSvLqJ4fdg,west-harrison-new-york
https://www.ubereats.com/nyc-suburbs/food-delivery/buddha-asian-bistro-%26-hibachi/-PX0JpSESKeKWwn7wkH0BA,west-harrison-new-york
https://www.ubereats.com/nyc-suburbs/food-delivery/humble-garden/xuW6FwWYS4e272E-UeQi6Q,west-harrison-new-york
https://www.ubereats.com/nyc-suburbs/food-delivery/lago-ristorante-white-plains/-v0tdHtIQHSJ4sFrbFLF-Q,west-harrison-new-york
https://www.ubereats.com/nyc-suburbs/food-delivery/bagels-and-more/AggAFJiHSTa3tzkStuYBWw,west-harrison-new-york
https://www.ubereats.com/nyc-suburbs/food-delivery/starbucks-hartsdale-train-station/Ve_xgijpTeK2PfvKoIlIzg,west-harrison-new-york
https://www.ubereats.com/nyc-suburbs/food-delivery/milan-grill-and-deli/tnbXd5qURYW-9E5BSX5npg,west-harrison-new-york
https://www.ubereats.com/nyc-suburbs/food-delivery/nikko-hibachi/3OzOhrSOQhq5qGTHyOri-w,west-harrison-new-york
https://www.ubereats.com/nyc-suburbs/food-delivery/peachwave-frozen-yogurt-hartsdale-ave/6jar-nOWTTaCAOjixtA9Cg,west-harrison-new-york
https://www.ubereats.com/nyc-suburbs/food-delivery/fez-turkish-meze/bcXt8QMsTaKgHYvlbY3zHw,west-harrison-new-york
https://www.ubereats.com/nyc-suburbs/food-delivery/karamba-restaurant/AG45i9-pTve9KnU6jjOY3A,west-harrison-new-york
https://www.ubereats.com/nyc-suburbs/food-delivery/tommys-deli-cafe/XGEqjbKGSOOABwt2ow2o8A,west-harrison-new-york
https://www.ubereats.com/nyc-suburbs/food-delivery/my-tokyo/EwWn7bFUT1aZ5YdyKD4ilQ,west-harrison-new-york
https://www.ubereats.com/nyc-suburbs/food-delivery/longfords-ice-cream-rye/WjsvMYl0R_SD0nZcEPYIZw,west-harrison-new-york
https://www.ubereats.com/nyc-suburbs/food-delivery/the-souvlaki-truck/3FZF5lc_Q8K3q2p6VnKbBw,west-harrison-new-york
https://www.ubereats.com/nyc-suburbs/food-delivery/chipotle-mexican-grill-250-main-st-ste-101/_rMafc31Q7KMXFrAfAi12Q,west-harrison-new-york
https://www.ubereats.com/nyc-suburbs/food-delivery/la-taqueria/vjEEPkcuR16DifSSbOqs5Q,west-harrison-new-york
https://www.ubereats.com/nyc-suburbs/food-delivery/metro-deli/fXVkQL3oSyyuTn-nDYHOpg,west-harrison-new-york
https://www.ubereats.com/nyc-suburbs/food-delivery/szechuan-garden-chinese-restaurant/xMzArOa3SYmY4dt_knd-rw,west-harrison-new-york
https://www.ubereats.com/nyc-suburbs/food-delivery/dig-rye-brook/qNWm_QsUQKOgxbpnQQj2yQ,west-harrison-new-york
https://www.ubereats.com/nyc-suburbs/food-delivery/india-avenue/7KtJKwzaQ-ORUZPQM8m3zw,west-harrison-new-york
https://www.ubereats.com/nyc-suburbs/food-delivery/el-festejo-restaurant/UCc9VqKTR4apMR7dV_sNdg,west-harrison-new-york
https://www.ubereats.com/nyc-suburbs/food-delivery/ihop-28-s-central-avenue/U4dlOievTcyjCwP4i_cI9w,west-harrison-new-york
https://www.ubereats.com/nyc-suburbs/food-delivery/five-guys-ny-1279-240-main-st/qiTnAe95Q_iQmuyoNdWq_A,west-harrison-new-york
https://www.ubereats.com/nyc-suburbs/food-delivery/sunshine-buddha-llc/887DYo-tTAGQQ2KOMYCLBA,west-harrison-new-york
https://www.ubereats.com/nyc-suburbs/food-delivery/dunkin-425-central-park-ave/9iEbV9fJQjq-TurIh2xugQ,west-harrison-new-york
https://www.ubereats.com/nyc-suburbs/food-delivery/mamaroneck-deli/uchDvlobSqOzmuQkyotEbA,west-harrison-new-york
https://www.ubereats.com/nyc-suburbs/food-delivery/doms-deli-%26-grille-house/jpp8reqWT227Nxm7JILqtg,west-harrison-new-york
https://www.ubereats.com/nyc-suburbs/food-delivery/prima-deli-%26-catering/RbRxFUJiQHyHUy3ceNKhHA,west-harrison-new-york
https://www.ubereats.com/nyc-suburbs/food-delivery/rye-ridge-deli-rye-brook/dgvkbYRbTXSTNp_thkRBYw,west-harrison-new-york
https://www.ubereats.com/nyc-suburbs/food-delivery/granita-cucina-%26-bar/2ZcQYavATTCW2Bz87W5MmA,west-harrison-new-york
https://www.ubereats.com/nyc-suburbs/food-delivery/lillys/dKigndr7Q46Ak-I1V35s6g,west-harrison-new-york
https://www.ubereats.com/nyc-suburbs/food-delivery/venutis-deli/RkrV4UZyT8qHZLjIqK1dqw,west-harrison-new-york
https://www.ubereats.com/nyc-suburbs/food-delivery/sabrosito/uUaa997oTFCAXv7bSGhmzg,west-harrison-new-york
https://www.ubereats.com/nyc-suburbs/food-delivery/freckles-juice-bar-mamaroneck/i86uT3AzRFaDng4Dk0UPFA,west-harrison-new-york
https://www.ubereats.com/nyc-suburbs/food-delivery/carvel-641-halstead-ave/esotBEvbRYmJT2COKZkdQw,west-harrison-new-york
https://www.ubereats.com/nyc-suburbs/food-delivery/elevation-burger-176-south-ridge-street/Z3FFctkOT7SPz0kIf245Bg,west-harrison-new-york
https://www.ubereats.com/nyc-suburbs/food-delivery/casaletto-restaurant/AjJNC3nuQzqF-7lVZkRpnA,west-harrison-new-york
https://www.ubereats.com/nyc-suburbs/food-delivery/sweet-charlies/nDo4G89FTqCgEdBISZstzg,west-harrison-new-york
https://www.ubereats.com/nyc-suburbs/food-delivery/jersey-mikes-subs/_jZVbJLQSvOmP0WygrppNA,west-harrison-new-york
https://www.ubereats.com/nyc-suburbs/food-delivery/gateway-foods-holding-inc/TIErUOAtR0airNpro2sX0A,west-harrison-new-york
https://www.ubereats.com/nyc-suburbs/food-delivery/chipotle-mexican-grill-405-tarrytown-rd/ZP91e8G7TUyQB2X1zgn6Uw,west-harrison-new-york
https://www.ubereats.com/nyc-suburbs/food-delivery/silver-lake-asian-fusion-%26-sushi-bar/hVfFMhFVSr-eQO-EaivDzw,west-harrison-new-york
https://www.ubereats.com/nyc-suburbs/food-delivery/inca-gaucho/2qk8nTMtQx-lwKa--D21mg,west-harrison-new-york
https://www.ubereats.com/nyc-suburbs/food-delivery/cravin-jamaican-cuisine/1Uj4tqcJSJSVgoaFrt50qA,west-harrison-new-york
https://www.ubereats.com/nyc-suburbs/food-delivery/pleasantville-diner-restaurant/3tVADrcDTaKTBP0XraqM_Q,west-harrison-new-york
https://www.ubereats.com/nyc-suburbs/food-delivery/feel-burger/-6jNpjwTSUaP4ZnOMHHxsg,west-harrison-new-york
https://www.ubereats.com/nyc-suburbs/food-delivery/carvel-604-north-main-street-%26-route-1/ggDTxxYPQ0Sed2ZjCGXr2Q,west-harrison-new-york
https://www.ubereats.com/nyc-suburbs/food-delivery/kee-oyster-house/-LK3fexyQ5iI5bON-DjxRQ,west-harrison-new-york
https://www.ubereats.com/nyc-suburbs/food-delivery/kennedy-fried-chicken-portchester/W6JLPH3OTTSC9rQcqZYR4Q,west-harrison-new-york
https://www.ubereats.com/nyc-suburbs/food-delivery/bagelicious-cafe/9AOiy23MTVaQgPEKUzgEmA,west-harrison-new-york
https://www.ubereats.com/nyc-suburbs/food-delivery/dunkin-271-w-putnam-ave/UwJlvh15QYekSpc70vLdng,west-harrison-new-york
https://www.ubereats.com/nyc-suburbs/food-delivery/banzai-steakhouse-inc/hJMsvb5qTPWHE-6U_i6E1g,west-harrison-new-york
https://www.ubereats.com/nyc-suburbs/food-delivery/bravo-peru-takeout/KRfiLh1hSMmLIMdnSyOVFA,west-harrison-new-york
https://www.ubereats.com/nyc-suburbs/food-delivery/murrays-ice-cream/7OUgcCgRSDaodp6uAS4mzA,west-harrison-new-york
https://www.ubereats.com/nyc-suburbs/food-delivery/rivertown-burgers/aQjacxSZTM-mE1YhQ5ryQw,west-harrison-new-york
https://www.ubereats.com/nyc-suburbs/food-delivery/gaucho-burger-company/OaffcXSeR6uHP5cbVzkW8A,west-harrison-new-york
https://www.ubereats.com/nyc-suburbs/food-delivery/dunkin-182-saw-mill-river-rd/-osLM0FiQ0ifjJv5qCHX3g,west-harrison-new-york
https://www.ubereats.com/nyc-suburbs/food-delivery/dennys-buffet/nwnSVWzkREaljdYyqneahQ,west-harrison-new-york
https://www.ubereats.com/nyc-suburbs/food-delivery/burger-king-100-main-st/bRyzh_g7R1-coYQfrl5XMg,west-harrison-new-york
https://www.ubereats.com/nyc-suburbs/food-delivery/purchase-country-market/UU910aOpSYCvRRSzdc8XPg,west-harrison-new-york
https://www.ubereats.com/nyc-suburbs/food-delivery/hollywood-chicken-%26-international-foods/ocQeyMu2RfeXdStjF8VvTQ,west-harrison-new-york
https://www.ubereats.com/nyc-suburbs/food-delivery/subway-262-boston-post-rd/Xrcyx0bMQN2d4L-QXzfEWA,west-harrison-new-york
https://www.ubereats.com/nyc-suburbs/food-delivery/tredici-north/ggIlcnUbT7i1gTvBbQ21OA,west-harrison-new-york
https://www.ubereats.com/nyc-suburbs/food-delivery/gogoeatery-partner-1000002/Vez-Gj6cRRukOKaVXgV1dw,west-harrison-new-york
https://www.ubereats.com/nyc-suburbs/food-delivery/robertos-grill-cafe/2Mz9EQWiSZGMcGFmJff35g,west-harrison-new-york
https://www.ubereats.com/nyc-suburbs/food-delivery/glory-days-diner-restaurant/Mjm7MLBvQ6ma3wY32LEHig,west-harrison-new-york
https://www.ubereats.com/nyc-suburbs/food-delivery/dimitris-gyro-grill-harrison/_Tq3j67yTfuP5AtnEbTYdg,west-harrison-new-york
https://www.ubereats.com/nyc-suburbs/food-delivery/aurora/GpAF3sqXQ8uyUEfM1N3Ieg,west-harrison-new-york
https://www.ubereats.com/nyc-suburbs/food-delivery/tonys-pizzeria/7ZF1SOCHRRWO4N2raCZY4A,west-harrison-new-york
https://www.ubereats.com/nyc-suburbs/food-delivery/white-plains-coach-diner/nzsds__eS5mNmnmGheWdRg,west-harrison-new-york
https://www.ubereats.com/nyc-suburbs/food-delivery/aquario-restaurant/DRq-wD7PSuqExaS8Ick3rg,west-harrison-new-york
https://www.ubereats.com/nyc-suburbs/food-delivery/uno-pizzeria-%26-grill-14-martine-ave/QbYa07pIRxm7--FY65AMlg,west-harrison-new-york
https://www.ubereats.com/nyc-suburbs/food-delivery/tipsy-taco-bar/Wi29Mjt7S2eX0HpAcI5lNA,west-harrison-new-york
https://www.ubereats.com/nyc-suburbs/food-delivery/trax-side-cafe/L4aYqRBVRyKf97x9nfq0YA,west-harrison-new-york
https://www.ubereats.com/nyc-suburbs/food-delivery/pasquale-ristorante/ZvS2KIN5QXiX5GkpNSBGhQ,west-harrison-new-york
https://www.ubereats.com/nyc-suburbs/food-delivery/saru/cG5Rk3GxTWWKsdQRPRvmgw,west-harrison-new-york
https://www.ubereats.com/nyc-suburbs/food-delivery/rocotos-deli-%26-cafe/k5sHWPw0TAmklLBW2OVlEw,west-harrison-new-york
https://www.ubereats.com/nyc-suburbs/food-delivery/moonlight-on-the-ave/c0nzpFf1TaWSDILS398gTA,west-harrison-new-york
https://www.ubereats.com/nyc-suburbs/food-delivery/the-rye-roadhouse/C-BZNQKOTIaUe1tZP5ksOw,west-harrison-new-york
https://www.ubereats.com/nyc-suburbs/food-delivery/mcdonalds-port-chester-boston-post-rd/wF5MAj5IS96UADMsEB2jxg,west-harrison-new-york
https://www.ubereats.com/nyc-suburbs/food-delivery/frank-%26-joes-deli-of-scarsdale/vAW0gg0wSk2g9H6TZFHd4w,west-harrison-new-york
https://www.ubereats.com/nyc-suburbs/food-delivery/tvb-by-pax-romana/5SA6wn0aQ_CzgL9rffEejA,west-harrison-new-york
https://www.ubereats.com/nyc-suburbs/food-delivery/inca-gaucho/H-RmeQuIS7qd9mesWq4uXg,west-harrison-new-york
https://www.ubereats.com/nyc-suburbs/food-delivery/long-island-bagel-cafe/t0GUlFAwS1q6XdDCe_tLcQ,west-harrison-new-york
https://www.ubereats.com/nyc-suburbs/food-delivery/oishinbo/fzWcnAu5Rda9qPK98cFPDA,west-harrison-new-york
https://www.ubereats.com/nyc-suburbs/food-delivery/copper-house/B-n0PRTST72auI6SXpRSWA,west-harrison-new-york
https://www.ubereats.com/nyc-suburbs/food-delivery/kfc-taco-bell-350-saw-mill-river-road/DlRIOQL3QxK_6kEkCeo35w,west-harrison-new-york
https://www.ubereats.com/nyc-suburbs/food-delivery/espresso-cafe-and-deli/oXLf3KZjTzWh_wGyhF7jEA,west-harrison-new-york
https://www.ubereats.com/nyc-suburbs/food-delivery/steam-greenwich/RcX0luTHTo6xY8EEzy_khw,west-harrison-new-york
https://www.ubereats.com/nyc-suburbs/food-delivery/townhouse-diner/J3D4R5rYTYmsRgeRICWZaw,west-harrison-new-york
https://www.ubereats.com/nyc-suburbs/food-delivery/subway-201-tarrytown-rd/EpKM6-moRkmMk9YD4d9_-g,west-harrison-new-york
https://www.ubereats.com/nyc-suburbs/food-delivery/elmsford-fish-house/hwlnGgJUQEOlLgwc4Riwzw,west-harrison-new-york
https://www.ubereats.com/nyc-suburbs/food-delivery/village-creamery-%26-sweet-shop/6g8TOtCrRtayYq1b1zLaug,west-harrison-new-york
https://www.ubereats.com/nyc-suburbs/food-delivery/mediterraneo-white-plains/ERRl_XKYTW2OZgJQWGq6lQ,west-harrison-new-york
https://www.ubereats.com/nyc-suburbs/food-delivery/smokehouse-tailgate-grill/UdfVKmg5S-WA5URaA-7vjQ,west-harrison-new-york
https://www.ubereats.com/nyc-suburbs/food-delivery/umami-sushi/ZLxx7S3vQ22SjIYgLLi9LQ,west-harrison-new-york
https://www.ubereats.com/nyc-suburbs/food-delivery/casa-maya-authentic-mexican-cuisine/dTOMTlIvSOm2Rv8gNEPiBw,west-harrison-new-york
https://www.ubereats.com/nyc-suburbs/food-delivery/red-lobster-999-central-park-ave/wP3vv9OHRPmuWFs6BpbnOQ,west-harrison-new-york
https://www.ubereats.com/nyc-suburbs/food-delivery/kalbi-house/9kE04WfBT5Of5RAd7SDy9A,west-harrison-new-york
https://www.ubereats.com/nyc-suburbs/food-delivery/sazon-peruana/ub3WurtfSdGQRD-iL0Md4g,west-harrison-new-york
https://www.ubereats.com/nyc-suburbs/food-delivery/next-stop-gourmet/1j0e2BqETiCvS8b9e6NZGQ,west-harrison-new-york
https://www.ubereats.com/nyc-suburbs/food-delivery/pressed-juicery-greenwich/lsDc-y3OSTyWfefgqLiQCg,west-harrison-new-york
https://www.ubereats.com/connecticut/food-delivery/starbucks-rye-brook/shA2jaeRTLisnAkliMzMOA,west-harrison-new-york
https://www.ubereats.com/nyc-suburbs/food-delivery/turkish-cuisine/t2xnU0hgT5mBdsVUHWfkKg,west-harrison-new-york
https://www.ubereats.com/nyc-suburbs/food-delivery/buddha/P-Ftx0hiSp2LAhxjb7hLFQ,west-harrison-new-york
https://www.ubereats.com/nyc-suburbs/food-delivery/taste-of-china-tarrytown/rG_FOrnSRnOwZbNNdVsNQw,west-harrison-new-york
https://www.ubereats.com/nyc-suburbs/food-delivery/sushi-mikes/Z6MhNQWPTWWCDCteF3tzLg,west-harrison-new-york
https://www.ubereats.com/nyc-suburbs/food-delivery/taco-bell-303-boston-post-rd/RR1YjHx3RKmrM8Y_OvM7hw,west-harrison-new-york
https://www.ubereats.com/nyc-suburbs/food-delivery/hubba/ecIqyXaZTfCognXJWPC-aA,west-harrison-new-york
https://www.ubereats.com/nyc-suburbs/food-delivery/little-drunken-chef/N0zRxOLIRpSaW3Jabtfcrg,west-harrison-new-york
https://www.ubereats.com/nyc-suburbs/food-delivery/16-handles-white-plains/KhX5HSXRQBm7L9-Gq0W1nw,west-harrison-new-york
https://www.ubereats.com/nyc-suburbs/food-delivery/silver-lake-murayama/lwpvWvjASR6J0WzQnAZTXQ,west-harrison-new-york
https://www.ubereats.com/nyc-suburbs/food-delivery/dunkin-623-w-putnam-ave/_GocPBuvRXuhON9_SEPrAw,west-harrison-new-york
https://www.ubereats.com/nyc-suburbs/food-delivery/damore/dUExBjbVTt2G58zry_bOVg,west-harrison-new-york
https://www.ubereats.com/nyc-suburbs/food-delivery/hastings-tea-%26-coffee/ZLhuxiYtR8iAWxHyMoaZuw,west-harrison-new-york
https://www.ubereats.com/nyc-suburbs/food-delivery/chop-%26-go/4yrcSHSnTF6xMwpPbMN1Pg,west-harrison-new-york
https://www.ubereats.com/connecticut/food-delivery/meli-melo/Qz1kx-DcT8OOK1bA0x3T0A,west-harrison-new-york
