url,city
https://www.ubereats.com/boston/food-delivery/qdoba-mexican-grill-4104-shops-way/nMplAdAFRmCk65XgCdtEWw,westborough-massachusetts
https://www.ubereats.com/worcester/food-delivery/five-guys-ma-1034-525-lincoln-st/YpkCSLmYROuWYtUBz9bm2g,westborough-massachusetts
https://www.ubereats.com/worcester/food-delivery/zaftigs-delicatessen-natick/LRcla9ZhQvKQwyIWzx2Rig,westborough-massachusetts
https://www.ubereats.com/boston/food-delivery/chipotle-mexican-grill-1-oak-st-ste-2/tpRegs4gQNuaY-tsQutJuQ,westborough-massachusetts
https://www.ubereats.com/worcester/food-delivery/charleys-philly-steaks-solomon-pond-mall/ZMOACR20Qai8FzSddnjP8w,westborough-massachusetts
https://www.ubereats.com/boston/food-delivery/the-steakloft/AoRNu2scQ5K8pmre_PhhvA,westborough-massachusetts
https://www.ubereats.com/worcester/food-delivery/honey-dew-donuts-604-hartford-tpke/AdW4pssBRMeIavNqs9S5iw,westborough-massachusetts
https://www.ubereats.com/worcester/food-delivery/tropical-cafe/6dekqDSaSau-a93kh97D0g,westborough-massachusetts
https://www.ubereats.com/boston/food-delivery/boston-market-189-boston-post-rd-west/VcVFcJFZTsSDi5SumhwEkw,westborough-massachusetts
https://www.ubereats.com/boston/food-delivery/taco-bell-289-turnpike-rd/jac32cVKT7iDM2N8jT7JlQ,westborough-massachusetts
https://www.ubereats.com/worcester/food-delivery/dunkin-990-grafton-st/ur0HtZsLSLe9Ox2iWwDcFA,westborough-massachusetts
https://www.ubereats.com/worcester/food-delivery/j%26j-pizza/l6tAzMeTTkeRdaNaLOXrTg,westborough-massachusetts
https://www.ubereats.com/worcester/food-delivery/mcdonalds-166-east-main-street/HhvybPGySY2rqgLkoGEPSQ,westborough-massachusetts
https://www.ubereats.com/worcester/food-delivery/fresh-wing/axjaanGtQma98mpRbbNvog,westborough-massachusetts
https://www.ubereats.com/boston/food-delivery/qdoba-70-worcester-providence-tpk/A3hyY_-HR2qBw5XhMIT8qQ,westborough-massachusetts
https://www.ubereats.com/boston/food-delivery/papa-ginos-164-milk-street/zpTn54R8RH-CG24lok1K8A,westborough-massachusetts
https://www.ubereats.com/boston/food-delivery/zaftigs-delicatessen-natick/LRcla9ZhQvKQwyIWzx2Rig,westborough-massachusetts
https://www.ubereats.com/worcester/food-delivery/china-gourmet/ZWWEfeiWTFSuGGAMjbHJrA,westborough-massachusetts
https://www.ubereats.com/worcester/food-delivery/miranda-bread-worcester/vc5OkGD2RA6DdLJRTMqerw,westborough-massachusetts
https://www.ubereats.com/worcester/food-delivery/pickle-haus-deli/W4_qQNvkRbKm5fGVuaf7_g,westborough-massachusetts
https://www.ubereats.com/boston/food-delivery/bushel-n-peck-westborough/ZWOa-xIETvywA-NaBcQ4gw,westborough-massachusetts
https://www.ubereats.com/boston/food-delivery/charleys-philly-steaks-solomon-pond-mall/ZMOACR20Qai8FzSddnjP8w,westborough-massachusetts
https://www.ubereats.com/worcester/food-delivery/subway-18-lyman-st/iem4tnXwTlOk4fPzNlE07Q,westborough-massachusetts
https://www.ubereats.com/worcester/food-delivery/starbucks-westborough-route-9/kPECWB44QZqN9K87rP5RBA,westborough-massachusetts
https://www.ubereats.com/boston/food-delivery/tavern-in-the-square-northborough/wi1atzdEQaKXO3hsJTM6fQ,westborough-massachusetts
https://www.ubereats.com/boston/food-delivery/dairy-queen-grill-%26-chill-328-w-boylston-st/Rz041IhJQZ-xt7eeD8GyZw,westborough-massachusetts
https://www.ubereats.com/worcester/food-delivery/difs-dennehys-island-fever/hpe4L3-VSCC-gPSWU4Wm-A,westborough-massachusetts
https://www.ubereats.com/worcester/food-delivery/wings-over-worcester-1-kelley-square-worcester/XO03nmkpTMe3kzNzCYNt2Q,westborough-massachusetts
https://www.ubereats.com/worcester/food-delivery/boulevard-diner/uorZ2uV9Slqja1XSk3nrpw,westborough-massachusetts
https://www.ubereats.com/worcester/food-delivery/dunkin-124-turnpike-rd-route-9/2BNXBVepSQKqmmjQWs0JbA,westborough-massachusetts
https://www.ubereats.com/worcester/food-delivery/mini-bites-framingham/-S3rljImRjGpxDkhbT2u3w,westborough-massachusetts
https://www.ubereats.com/boston/food-delivery/south-street-diner/vY_H8FboQUyCJldnb-nH8g,westborough-massachusetts
https://www.ubereats.com/worcester/food-delivery/yummy-mummy-bakery/b1iugT-_Tk2hlL0-VGGL8w,westborough-massachusetts
https://www.ubereats.com/boston/food-delivery/papa-johns-406-chandler-st/cT05F5LRRf21rr2xSGX5sw,westborough-massachusetts
https://www.ubereats.com/boston/food-delivery/china-gourmet/ZWWEfeiWTFSuGGAMjbHJrA,westborough-massachusetts
https://www.ubereats.com/worcester/food-delivery/classic-pizza-2/qz5hGyv8Qu6koM0Uz_8FeA,westborough-massachusetts
https://www.ubereats.com/worcester/food-delivery/kfc-15-medway-road/wg1E37cgSh2zVqrt_xC6FQ,westborough-massachusetts
https://www.ubereats.com/worcester/food-delivery/wendys-300-turnpike-rd/T-0_SHGWQaybnwaOoe121g,westborough-massachusetts
https://www.ubereats.com/worcester/food-delivery/boston-market-14-park-avenue/Up77v6c1Sk2rkcMSJsfL9A,westborough-massachusetts
https://www.ubereats.com/boston/food-delivery/uno-pizzeria-%26-grill-%23238/2p8gSxBMSXurHMR6TWykPw,westborough-massachusetts
https://www.ubereats.com/worcester/food-delivery/taco-bell-463-lincoln-street/SClDv2CARXCBp9VUvfhXWA,westborough-massachusetts
https://www.ubereats.com/boston/food-delivery/waynes-pizza/XB4DncQ8SGu1-fv4hAaNZA,westborough-massachusetts
https://www.ubereats.com/worcester/food-delivery/friendlys-157-apex-drive/wks-qLJBTfCVqnxeVhYZ0w,westborough-massachusetts
https://www.ubereats.com/boston/food-delivery/an-nam-vietnamese-grill/CdUTCB8mTNuR6JBeveaYOw,westborough-massachusetts
https://www.ubereats.com/worcester/food-delivery/wing-squad-solomon-pond/lMMChFq6SY6MzF6OyKYf0w,westborough-massachusetts
https://www.ubereats.com/worcester/food-delivery/la-cantina-italiana/xo_6ZVDiT7KS-neKqc8tag,westborough-massachusetts
https://www.ubereats.com/boston/food-delivery/la-cantina-italiana/xo_6ZVDiT7KS-neKqc8tag,westborough-massachusetts
https://www.ubereats.com/boston/food-delivery/mexicali-cantina-grill-westborough/yHlkM3ckTt6SDBEkL1Cb5w,westborough-massachusetts
https://www.ubereats.com/worcester/food-delivery/miranda-bread-framingham/XLfmOFk-SOCRkPTmG6QY-w,westborough-massachusetts
https://www.ubereats.com/worcester/food-delivery/wing-squad-westboro/19X--HTGSJ6AQRT1jXTQYw,westborough-massachusetts
https://www.ubereats.com/worcester/food-delivery/ihop-70-boston-turnpike/3EjpeQjdTtWAFo8fuNx-wQ,westborough-massachusetts
https://www.ubereats.com/worcester/food-delivery/dunkin-1170-worcester-rd/QqRIRBGDQe2ep6rN8d8whw,westborough-massachusetts
https://www.ubereats.com/worcester/food-delivery/panera-bread-600-union-street/pMh9qeIDT7CE7mLDe4IAfQ,westborough-massachusetts
https://www.ubereats.com/boston/food-delivery/golden-pizza-at-lincoln/GSfiofAqSvut_DnjqjagxQ,westborough-massachusetts
https://www.ubereats.com/worcester/food-delivery/dunkin-271-boston-turnpike-shell-gas-station/a5y9VfrLTMiEHYw68ttozQ,westborough-massachusetts
https://www.ubereats.com/worcester/food-delivery/grill-352-%26-kabab-express/Le6VY6qDTsqM9D5pPRXxzA,westborough-massachusetts
https://www.ubereats.com/boston/food-delivery/wendys-702-southbridge-street/m1LiG7V4Tdusgr7lTE1wNQ,westborough-massachusetts
https://www.ubereats.com/worcester/food-delivery/honey-dew-donuts-422-main-street/OuDED0HXQHypkLWlod8xsA,westborough-massachusetts
https://www.ubereats.com/worcester/food-delivery/dunkin-866-hartford-tpke/gJpamRuRR3qAb8mFruxDzw,westborough-massachusetts
https://www.ubereats.com/worcester/food-delivery/dangelo-grilled-sandwiches-286-w-main-rd-rt-20/kk1IUEdpQViQn-u39w7iEA,westborough-massachusetts
https://www.ubereats.com/worcester/food-delivery/dunkin-307-hartford-tpke-flynns-truck-stop/T2WeqDJYSZy8RUmptGG48Q,westborough-massachusetts
https://www.ubereats.com/worcester/food-delivery/spices-punjabi-dhaba/vFcr5CrnRjSNp8BveOfvJw,westborough-massachusetts
https://www.ubereats.com/worcester/food-delivery/burger-king-53-boston-turnpike/WPdYjfXpQui24FQ6VreJCA,westborough-massachusetts
https://www.ubereats.com/boston/food-delivery/the-fix-burger-bar-marlborough/nMFDfr2TR4Obv3tl8qZGIg,westborough-massachusetts
https://www.ubereats.com/worcester/food-delivery/gold-star-restaurant/JPd9pxskSIi9fOBjAvSq8g,westborough-massachusetts
https://www.ubereats.com/boston/food-delivery/dunkin-123-union-st-shell-station/DDKGPOHtSu6JJNbZnZvjKQ,westborough-massachusetts
https://www.ubereats.com/boston/food-delivery/five-guys-ma-1334-9-medway-rd/jBUQo-HGR9ajyb8EuWFMEA,westborough-massachusetts
https://www.ubereats.com/worcester/food-delivery/big-apple-restaurant/PgzHb9tvTge1bEy1Tx4Rzg,westborough-massachusetts
https://www.ubereats.com/boston/food-delivery/dunkin-1170-worcester-rd/QqRIRBGDQe2ep6rN8d8whw,westborough-massachusetts
https://www.ubereats.com/worcester/food-delivery/giovannis-home-of-pizza/Rm_4Jip-SJeoChc3yGw1YQ,westborough-massachusetts
https://www.ubereats.com/worcester/food-delivery/bubs-grilld-cheeze/NwWRGifEREiNffaR64MhQw,westborough-massachusetts
https://www.ubereats.com/worcester/food-delivery/civic-kitchen-%26-drink/1Am0mCtPRyeqKKsmF0r0sQ,westborough-massachusetts
https://www.ubereats.com/worcester/food-delivery/moes-61-boston-turnpike-rd/IKaBSANlTqiWT-lHg3cI9A,westborough-massachusetts
https://www.ubereats.com/boston/food-delivery/jersey-mikes-subs-44-boston-post-rd-w/CoYttCuARIyvFcQJbf0x3A,westborough-massachusetts
https://www.ubereats.com/worcester/food-delivery/hudson-super-buffet/NEtY4dNoQ-GhWeBmE4D2lQ,westborough-massachusetts
https://www.ubereats.com/worcester/food-delivery/el-basha-restaurant/PZECaGKwTKepazKR59-VdQ,westborough-massachusetts
https://www.ubereats.com/boston/food-delivery/mariscos-lagunas/O7hGGopOTcOMjT-LYE1SUg,westborough-massachusetts
https://www.ubereats.com/worcester/food-delivery/guanachapis-express/9_gbT0EIR3qhROuUlmtiCw,westborough-massachusetts
https://www.ubereats.com/worcester/food-delivery/buffalo-wild-wings-476-boston-tpke/dmFNtWhXRbmrrHZjFvjd4A,westborough-massachusetts
https://www.ubereats.com/worcester/food-delivery/chuan-shabu/NSO52R2ETjiv098kSuiiwg,westborough-massachusetts
https://www.ubereats.com/worcester/food-delivery/qdoba-mexican-grill-4104-shops-way/nMplAdAFRmCk65XgCdtEWw,westborough-massachusetts
https://www.ubereats.com/worcester/food-delivery/uno-pizzeria-%26-grill-%23203/rRkVa7yMQyeTN4fgYRVqpw,westborough-massachusetts
https://www.ubereats.com/boston/food-delivery/dunkin-100-worcester-providence-tpk/kUt_eHW4RDu37EcxsbG2Lg,westborough-massachusetts
https://www.ubereats.com/boston/food-delivery/los-pinos-mexican-grill-iv/MaYNCDFUSuSS1wDfiLFMtQ,westborough-massachusetts
https://www.ubereats.com/boston/food-delivery/uncle-joes-bbq/x5h-9NX8TV6MmgxnJnteug,westborough-massachusetts
https://www.ubereats.com/boston/food-delivery/margaritas-mexican-restaurant-northborough/4KoaXbmcQsiTypfy3gYYdg,westborough-massachusetts
https://www.ubereats.com/boston/food-delivery/moes-76-otis-street/x4-4xnvXRryWy2yQDXMBtw,westborough-massachusetts
https://www.ubereats.com/boston/food-delivery/dunkin-31-main-st/lGH53gkXR_613VcPvk7E1w,westborough-massachusetts
https://www.ubereats.com/worcester/food-delivery/kfc-tb-21-s-quinsigamond-ave/rXsXh27bQAmUGIYbtE6VBw,westborough-massachusetts
https://www.ubereats.com/worcester/food-delivery/chuck-e-cheese-50-southwest-cutoff/146U7Zz3RaCEI-2gDKQE9Q,westborough-massachusetts
https://www.ubereats.com/worcester/food-delivery/miranda-bread-marlborough/o914htOaQte1G1HAFXbSJA,westborough-massachusetts
https://www.ubereats.com/boston/food-delivery/applebees-70-worcester-providence-turnpike-%2381074/0mQnBUCfS5qoMJ5X_lJhaA,westborough-massachusetts
https://www.ubereats.com/boston/food-delivery/panera-bread-600-union-street/pMh9qeIDT7CE7mLDe4IAfQ,westborough-massachusetts
https://www.ubereats.com/boston/food-delivery/mini-bites-framingham/-S3rljImRjGpxDkhbT2u3w,westborough-massachusetts
https://www.ubereats.com/worcester/food-delivery/golden-pizza-at-lincoln/GSfiofAqSvut_DnjqjagxQ,westborough-massachusetts
https://www.ubereats.com/worcester/food-delivery/taco-bell-289-turnpike-rd/jac32cVKT7iDM2N8jT7JlQ,westborough-massachusetts
https://www.ubereats.com/worcester/food-delivery/kfc-tb-149-cochituate-rd/GOd9HY4oS8KQdmUJXTpOAg,westborough-massachusetts
https://www.ubereats.com/boston/food-delivery/tandoori-kebab-%26-pizza/WGJqHb7lT_-xbGBrUtXmHA,westborough-massachusetts
https://www.ubereats.com/boston/food-delivery/perk-and-parcel/aGKrq_NHRviEmXQIPM-aWQ,westborough-massachusetts
https://www.ubereats.com/worcester/food-delivery/bertuccis-framingham/FtP6iDlQQDCYaj1H0_aoSQ,westborough-massachusetts
https://www.ubereats.com/worcester/food-delivery/hooties-burger-bar-shrewsbury/dUzCIyUZRFmpm-tTD7j-FA,westborough-massachusetts
https://www.ubereats.com/boston/food-delivery/dunkin-177-southwest-cutoff-bee-zee-gas-station/0GU3Klv0QraTaaFWMeo3tA,westborough-massachusetts
https://www.ubereats.com/boston/food-delivery/pickle-haus-deli/W4_qQNvkRbKm5fGVuaf7_g,westborough-massachusetts
https://www.ubereats.com/boston/food-delivery/kfc-tb418-park-ave/tW0M2McZQZK0fhw-ig0Gmw,westborough-massachusetts
https://www.ubereats.com/worcester/food-delivery/mirchi-nation/RpYKk6sATMmL9-rsxaLMkw,westborough-massachusetts
https://www.ubereats.com/worcester/food-delivery/dunkin-430-franklin-st/BOfA6cVAQymL4GJ_IEio4Q,westborough-massachusetts
https://www.ubereats.com/worcester/food-delivery/burger-king-139-turnpike-road/otteOuM_RZeW9STz2G42fQ,westborough-massachusetts
https://www.ubereats.com/worcester/food-delivery/mariscos-lagunas/O7hGGopOTcOMjT-LYE1SUg,westborough-massachusetts
https://www.ubereats.com/worcester/food-delivery/moes-76-otis-street/x4-4xnvXRryWy2yQDXMBtw,westborough-massachusetts
https://www.ubereats.com/boston/food-delivery/kfc-tb-282-washington-street/wB1-0wpkRImIxNuAh1iRmw,westborough-massachusetts
https://www.ubereats.com/boston/food-delivery/uno-pizzeria-%26-grill-%23203/rRkVa7yMQyeTN4fgYRVqpw,westborough-massachusetts
https://www.ubereats.com/worcester/food-delivery/papa-ginos-164-milk-street/zpTn54R8RH-CG24lok1K8A,westborough-massachusetts
https://www.ubereats.com/boston/food-delivery/five-guys-ma-1411/T66kiuJIQoKnhSppxgcNLw,westborough-massachusetts
https://www.ubereats.com/worcester/food-delivery/honey-dew-donuts-14-w-union-st/ur3GpMJIRJynU7bukClI_A,westborough-massachusetts
https://www.ubereats.com/boston/food-delivery/la-tapatia-taqueria/FcD7aashQpW95A7mwp8WBA,westborough-massachusetts
https://www.ubereats.com/worcester/food-delivery/perk-and-parcel/aGKrq_NHRviEmXQIPM-aWQ,westborough-massachusetts
https://www.ubereats.com/boston/food-delivery/boston-market-14-park-avenue/Up77v6c1Sk2rkcMSJsfL9A,westborough-massachusetts
https://www.ubereats.com/worcester/food-delivery/crown-fried-chicken/Cgitqrl3RDG5D6YVmCo2GQ,westborough-massachusetts
https://www.ubereats.com/worcester/food-delivery/dairy-queen-grill-%26-chill-328-w-boylston-st/Rz041IhJQZ-xt7eeD8GyZw,westborough-massachusetts
https://www.ubereats.com/worcester/food-delivery/tgi-fridays-647-millbury-ma/Yzur5--VQ9-RFLj8INDyTw,westborough-massachusetts
https://www.ubereats.com/boston/food-delivery/buffalo-wild-wings-476-boston-tpke/dmFNtWhXRbmrrHZjFvjd4A,westborough-massachusetts
https://www.ubereats.com/boston/food-delivery/salgabom-snacks/GeY92MUUTZGwQGd2QkphMA,westborough-massachusetts
https://www.ubereats.com/worcester/food-delivery/mawa-house/UhShGWLbT0SHvsnq-ifoLg,westborough-massachusetts
https://www.ubereats.com/worcester/food-delivery/uno-pizzeria-%26-grill-%23238/2p8gSxBMSXurHMR6TWykPw,westborough-massachusetts
https://www.ubereats.com/worcester/food-delivery/bertuccis-160-turnpike-rd/c2msOPaqSPCv4awJ6krM3w,westborough-massachusetts
https://www.ubereats.com/boston/food-delivery/nuovo-restaurant/AmUhCfFLTfyOlcCY6ujDZg,westborough-massachusetts
https://www.ubereats.com/boston/food-delivery/ihop-4102-shops-way/kImMK2nNTw-HzkUFt25ocQ,westborough-massachusetts
https://www.ubereats.com/boston/food-delivery/ihop-70-boston-turnpike/3EjpeQjdTtWAFo8fuNx-wQ,westborough-massachusetts
https://www.ubereats.com/boston/food-delivery/aztec-restaurant/H2rZSyQBQjCaEjgQUyHdgw,westborough-massachusetts
https://www.ubereats.com/boston/food-delivery/dunkin-1-elm-st/r65fbI8-RqiB59DQ1pjI0w,westborough-massachusetts
https://www.ubereats.com/worcester/food-delivery/kfc-tb418-park-ave/tW0M2McZQZK0fhw-ig0Gmw,westborough-massachusetts
https://www.ubereats.com/worcester/food-delivery/dennys-494-lincoln-st/T1ZkQ3CzRLq0LkxqS0-mkA,westborough-massachusetts
https://www.ubereats.com/boston/food-delivery/sabor-de-minas-restaurant/Zea6MgjDR-yIiSKwtOy2PQ,westborough-massachusetts
https://www.ubereats.com/worcester/food-delivery/mawa-house/CD8wwqFvTIyCxL-sYA0PUg,westborough-massachusetts
https://www.ubereats.com/boston/food-delivery/crown-fried-chicken/Cgitqrl3RDG5D6YVmCo2GQ,westborough-massachusetts
https://www.ubereats.com/boston/food-delivery/mcdonalds-250-maple-st/hbt71FaeQqmAT2LzJ-U9SA,westborough-massachusetts
https://www.ubereats.com/boston/food-delivery/broth/AwdUq1SWR_ufUzbHpirO8A,westborough-massachusetts
https://www.ubereats.com/boston/food-delivery/moes-61-boston-turnpike-rd/IKaBSANlTqiWT-lHg3cI9A,westborough-massachusetts
https://www.ubereats.com/worcester/food-delivery/dunkin-35-medway-rd/XZEcGSt6TA-oN9fqA-esqw,westborough-massachusetts
https://www.ubereats.com/boston/food-delivery/civic-kitchen-%26-drink/1Am0mCtPRyeqKKsmF0r0sQ,westborough-massachusetts
https://www.ubereats.com/boston/food-delivery/dunkin-430-franklin-st/BOfA6cVAQymL4GJ_IEio4Q,westborough-massachusetts
https://www.ubereats.com/worcester/food-delivery/island-fin-poke/W3TwIUUtSvmN-En3u8orcQ,westborough-massachusetts
https://www.ubereats.com/boston/food-delivery/dunkin-265-grafton-st/vS5PfBVURKCvIIww5p0KDg,westborough-massachusetts
https://www.ubereats.com/worcester/food-delivery/qdoba-70-worcester-providence-tpk/A3hyY_-HR2qBw5XhMIT8qQ,westborough-massachusetts
https://www.ubereats.com/boston/food-delivery/street-kitchen/yt6zPe39QYa2jjIFMh4PLQ,westborough-massachusetts
https://www.ubereats.com/worcester/food-delivery/chipotle-mexican-grill-1-oak-st-ste-2/tpRegs4gQNuaY-tsQutJuQ,westborough-massachusetts
https://www.ubereats.com/boston/food-delivery/el-basha-restaurant/PZECaGKwTKepazKR59-VdQ,westborough-massachusetts
https://www.ubereats.com/worcester/food-delivery/mcdonalds-250-maple-st/hbt71FaeQqmAT2LzJ-U9SA,westborough-massachusetts
https://www.ubereats.com/boston/food-delivery/difs-dennehys-island-fever/hpe4L3-VSCC-gPSWU4Wm-A,westborough-massachusetts
https://www.ubereats.com/worcester/food-delivery/bawarchi-biryanis/jTMBdxK1RbyqehZWxscGUg,westborough-massachusetts
https://www.ubereats.com/worcester/food-delivery/dairy-queen-treat-18-summer-st/mABB-W8IRpqI9pt5OmBCBw,westborough-massachusetts
https://www.ubereats.com/worcester/food-delivery/andaman-thai-cuisine/pCvAN5wcSkukCDKpR-Mj7g,westborough-massachusetts
https://www.ubereats.com/boston/food-delivery/mcdonalds-166-east-main-street/HhvybPGySY2rqgLkoGEPSQ,westborough-massachusetts
https://www.ubereats.com/worcester/food-delivery/ginger-garden/bPrgIU6oTHuF3tAkBdoUcw,westborough-massachusetts
https://www.ubereats.com/worcester/food-delivery/dunkin-177-southwest-cutoff-bee-zee-gas-station/0GU3Klv0QraTaaFWMeo3tA,westborough-massachusetts
https://www.ubereats.com/worcester/food-delivery/cold-stone-creamery-154-turnpike-rd-ste-120/wMSVeQIQTe6FBCNP4VHxwQ,westborough-massachusetts
https://www.ubereats.com/boston/food-delivery/hudson-super-buffet/NEtY4dNoQ-GhWeBmE4D2lQ,westborough-massachusetts
https://www.ubereats.com/worcester/food-delivery/ihop-4102-shops-way/kImMK2nNTw-HzkUFt25ocQ,westborough-massachusetts
https://www.ubereats.com/boston/food-delivery/fantastics-pizza-and-cafe/_1NESHHnS12iXejZOxN8Ew,westborough-massachusetts
https://www.ubereats.com/worcester/food-delivery/jersey-mikes-subs-44-boston-post-rd-w/CoYttCuARIyvFcQJbf0x3A,westborough-massachusetts
https://www.ubereats.com/worcester/food-delivery/street-kitchen/yt6zPe39QYa2jjIFMh4PLQ,westborough-massachusetts
https://www.ubereats.com/worcester/food-delivery/fantastics-pizza-and-cafe/_1NESHHnS12iXejZOxN8Ew,westborough-massachusetts
https://www.ubereats.com/worcester/food-delivery/an-nam-vietnamese-grill/CdUTCB8mTNuR6JBeveaYOw,westborough-massachusetts
https://www.ubereats.com/worcester/food-delivery/salgabom-snacks/GeY92MUUTZGwQGd2QkphMA,westborough-massachusetts
https://www.ubereats.com/worcester/food-delivery/honey-dew-donuts-191-washington-st/dlGcbHNJS9qVnicWQuTAuQ,westborough-massachusetts
https://www.ubereats.com/worcester/food-delivery/grill-352-%26-kebab/FPJl4fQaQ6GkQlny3GWIMQ,westborough-massachusetts
https://www.ubereats.com/boston/food-delivery/corner-lunch/y2TDJ5V3QN6GS-jhZ0DOaA,westborough-massachusetts
https://www.ubereats.com/worcester/food-delivery/clockwork-pizza/taMzKK-PT0WB29ADsXfDeA,westborough-massachusetts
https://www.ubereats.com/boston/food-delivery/dunkin-990-grafton-st/ur0HtZsLSLe9Ox2iWwDcFA,westborough-massachusetts
https://www.ubereats.com/worcester/food-delivery/dunkin-265-grafton-st/vS5PfBVURKCvIIww5p0KDg,westborough-massachusetts
https://www.ubereats.com/worcester/food-delivery/south-street-diner/vY_H8FboQUyCJldnb-nH8g,westborough-massachusetts
https://www.ubereats.com/worcester/food-delivery/sachi-japanese-steak-house-and-sushi-bar/bhmlkJmXQBCvGBvDc-6qMw,westborough-massachusetts
https://www.ubereats.com/boston/food-delivery/subway-18-lyman-st/iem4tnXwTlOk4fPzNlE07Q,westborough-massachusetts
https://www.ubereats.com/worcester/food-delivery/crown-fried-chicken-344-grafton-st/YrFoZJiNToW4n7eZqB2eFA,westborough-massachusetts
https://www.ubereats.com/worcester/food-delivery/hanto/-Kx0n1i_ShSLsOJLkOZhCw,westborough-massachusetts
https://www.ubereats.com/boston/food-delivery/gold-star-restaurant/JPd9pxskSIi9fOBjAvSq8g,westborough-massachusetts
https://www.ubereats.com/worcester/food-delivery/marao-burgers-framingham/EzWN9wJETDyaZUMX91JzOA,westborough-massachusetts
https://www.ubereats.com/boston/food-delivery/jacks-abby-brewing/MnKHP7cATi6brV0GIoD_Nw,westborough-massachusetts
https://www.ubereats.com/boston/food-delivery/qdoba-mexican-grill-180-boston-post-rd-ste-5g/L82A8M2EQfCjFAXOsG1cPg,westborough-massachusetts
https://www.ubereats.com/boston/food-delivery/ginger-garden/bPrgIU6oTHuF3tAkBdoUcw,westborough-massachusetts
https://www.ubereats.com/boston/food-delivery/burger-king-1102-shops-way/xrx08UIKQNmzRkejofUs2w,westborough-massachusetts
https://www.ubereats.com/boston/food-delivery/dairy-queen-treat-18-summer-st/mABB-W8IRpqI9pt5OmBCBw,westborough-massachusetts
https://www.ubereats.com/boston/food-delivery/spoodles-deli/us22om67TjW5kuLEKN9rNA,westborough-massachusetts
https://www.ubereats.com/boston/food-delivery/chipotle-mexican-grill-128-medway-rd-ste-8/OfHw4tYeRTaBEpRSY5kWBw,westborough-massachusetts
https://www.ubereats.com/worcester/food-delivery/jakes-coffee-shop/K0spDFFISRSs_qQuEIuiQg,westborough-massachusetts
https://www.ubereats.com/boston/food-delivery/wings-over-624-waverley-st/2eiocxoHTRiRyKLUmnJN9Q,westborough-massachusetts
https://www.ubereats.com/boston/food-delivery/chipotle-mexican-grill-237-boston-post-rd-w/Co83QXrGToG4UNdMqTCe6A,westborough-massachusetts
https://www.ubereats.com/worcester/food-delivery/jacks-abby-brewing/MnKHP7cATi6brV0GIoD_Nw,westborough-massachusetts
https://www.ubereats.com/boston/food-delivery/wings-over-worcester-1-kelley-square-worcester/XO03nmkpTMe3kzNzCYNt2Q,westborough-massachusetts
https://www.ubereats.com/worcester/food-delivery/wings-over-624-waverley-st/2eiocxoHTRiRyKLUmnJN9Q,westborough-massachusetts
https://www.ubereats.com/worcester/food-delivery/honey-dew-donuts-2-connector-rd/O57DFeDNQKatKP1Ousog6g,westborough-massachusetts
https://www.ubereats.com/worcester/food-delivery/chipotle-mexican-grill-237-boston-post-rd-w/Co83QXrGToG4UNdMqTCe6A,westborough-massachusetts
https://www.ubereats.com/boston/food-delivery/dunkin-257-providence-st-xtra-mart-gas-station/wb_NeTi5Qu6NEGoymi4hGA,westborough-massachusetts
https://www.ubereats.com/worcester/food-delivery/foodworks/2doNcY3DRAeebfLl0IOQlw,westborough-massachusetts
https://www.ubereats.com/worcester/food-delivery/applebees-70-worcester-providence-turnpike-%2381074/0mQnBUCfS5qoMJ5X_lJhaA,westborough-massachusetts
https://www.ubereats.com/worcester/food-delivery/village-pizza/DCx7rFvYSBaYDsZaR4N-wg,westborough-massachusetts
https://www.ubereats.com/worcester/food-delivery/papa-johns-406-chandler-st/cT05F5LRRf21rr2xSGX5sw,westborough-massachusetts
https://www.ubereats.com/worcester/food-delivery/the-fix-burger-bar-marlborough/nMFDfr2TR4Obv3tl8qZGIg,westborough-massachusetts
https://www.ubereats.com/boston/food-delivery/kfc-15-medway-road/wg1E37cgSh2zVqrt_xC6FQ,westborough-massachusetts
https://www.ubereats.com/boston/food-delivery/dunkin-866-hartford-tpke/gJpamRuRR3qAb8mFruxDzw,westborough-massachusetts
https://www.ubereats.com/worcester/food-delivery/central-house/SvhPvg1gQ-K7Zzo2swcObA,westborough-massachusetts
https://www.ubereats.com/boston/food-delivery/dunkin-36-maple-ave/4J9dvlz2TlmmebknPazhmw,westborough-massachusetts
https://www.ubereats.com/boston/food-delivery/wing-squad-westboro/19X--HTGSJ6AQRT1jXTQYw,westborough-massachusetts
https://www.ubereats.com/boston/food-delivery/kfc-tb-21-s-quinsigamond-ave/rXsXh27bQAmUGIYbtE6VBw,westborough-massachusetts
https://www.ubereats.com/worcester/food-delivery/starbucks-route-20-%26-shops-way/H-q-JZayTuyCJnSG1iZo3Q,westborough-massachusetts
https://www.ubereats.com/worcester/food-delivery/burger-king-1102-shops-way/xrx08UIKQNmzRkejofUs2w,westborough-massachusetts
https://www.ubereats.com/worcester/food-delivery/sabor-de-minas-restaurant/Zea6MgjDR-yIiSKwtOy2PQ,westborough-massachusetts
https://www.ubereats.com/worcester/food-delivery/five-guys-ma-1411/T66kiuJIQoKnhSppxgcNLw,westborough-massachusetts
https://www.ubereats.com/worcester/food-delivery/dunkin-100-worcester-providence-tpk/kUt_eHW4RDu37EcxsbG2Lg,westborough-massachusetts
https://www.ubereats.com/worcester/food-delivery/boston-market-189-boston-post-rd-west/VcVFcJFZTsSDi5SumhwEkw,westborough-massachusetts
https://www.ubereats.com/boston/food-delivery/bubs-grilld-cheeze/NwWRGifEREiNffaR64MhQw,westborough-massachusetts
https://www.ubereats.com/worcester/food-delivery/hooters-shrewsbury/8aimwheqS52KAhRKKHiPHQ,westborough-massachusetts
https://www.ubereats.com/worcester/food-delivery/cold-stone-creamery-70-worcester-providence-turnpike/Gv0x-BlkSbCGDOIXW_dVbg,westborough-massachusetts
https://www.ubereats.com/worcester/food-delivery/dharani-westborough/s8KCckM3RzqAfSPb-Lw0cg,westborough-massachusetts
https://www.ubereats.com/worcester/food-delivery/bills-pizza/JXKhtfmNTPi_Mq-ryzusOQ,westborough-massachusetts
https://www.ubereats.com/worcester/food-delivery/corner-lunch/y2TDJ5V3QN6GS-jhZ0DOaA,westborough-massachusetts
https://www.ubereats.com/boston/food-delivery/dennys-494-lincoln-st/T1ZkQ3CzRLq0LkxqS0-mkA,westborough-massachusetts
https://www.ubereats.com/worcester/food-delivery/mexicali-cantina-grill-westborough/yHlkM3ckTt6SDBEkL1Cb5w,westborough-massachusetts
https://www.ubereats.com/worcester/food-delivery/spoodles-deli/us22om67TjW5kuLEKN9rNA,westborough-massachusetts
https://www.ubereats.com/worcester/food-delivery/kfc-tb-282-washington-street/wB1-0wpkRImIxNuAh1iRmw,westborough-massachusetts
https://www.ubereats.com/worcester/food-delivery/the-steakloft/AoRNu2scQ5K8pmre_PhhvA,westborough-massachusetts
https://www.ubereats.com/worcester/food-delivery/dunkin-185-turnpike-rd-xtra-mart-gas-station/dR5WzcEuSbed6nyl05uRmg,westborough-massachusetts
https://www.ubereats.com/boston/food-delivery/five-guys-ma-1034-525-lincoln-st/YpkCSLmYROuWYtUBz9bm2g,westborough-massachusetts
https://www.ubereats.com/worcester/food-delivery/tgi-fridays-644-berlin-marlborough-ma/92MoOi5lQiuCK4sPlw_pPQ,westborough-massachusetts
https://www.ubereats.com/worcester/food-delivery/wendys-702-southbridge-street/m1LiG7V4Tdusgr7lTE1wNQ,westborough-massachusetts
https://www.ubereats.com/boston/food-delivery/crown-fried-chicken-344-grafton-st/YrFoZJiNToW4n7eZqB2eFA,westborough-massachusetts
https://www.ubereats.com/boston/food-delivery/dunkin-124-turnpike-rd-route-9/2BNXBVepSQKqmmjQWs0JbA,westborough-massachusetts
https://www.ubereats.com/worcester/food-delivery/uhlmans-ice-cream/pGx3TXQLS8yuGc42iT_ILw,westborough-massachusetts
https://www.ubereats.com/worcester/food-delivery/new-city-microcreamery-hudson/y90idiIBT3eE-COcsyzJ6Q,westborough-massachusetts
https://www.ubereats.com/worcester/food-delivery/dharani/wPUQNFI8QqSfElF5cA8eOQ,westborough-massachusetts
https://www.ubereats.com/worcester/food-delivery/waynes-pizza/XB4DncQ8SGu1-fv4hAaNZA,westborough-massachusetts
https://www.ubereats.com/worcester/food-delivery/dunkin-123-union-st-shell-station/DDKGPOHtSu6JJNbZnZvjKQ,westborough-massachusetts
https://www.ubereats.com/worcester/food-delivery/chipotle-mexican-grill-128-medway-rd-ste-8/OfHw4tYeRTaBEpRSY5kWBw,westborough-massachusetts
https://www.ubereats.com/worcester/food-delivery/qdoba-42-highland-common-e/gHPU95cYSXOjaZdjxKakXQ,westborough-massachusetts
https://www.ubereats.com/worcester/food-delivery/five-guys-ma-0402-197-boston-post-road-west/3WHE4Jh6SH63hkzqdrkbLw,westborough-massachusetts
https://www.ubereats.com/worcester/food-delivery/wendys-176-boston-post-rd-west/WoD3ZhZRSxqHdMlrWrpn_w,westborough-massachusetts
https://www.ubereats.com/worcester/food-delivery/dunkin-257-providence-st-xtra-mart-gas-station/wb_NeTi5Qu6NEGoymi4hGA,westborough-massachusetts
https://www.ubereats.com/boston/food-delivery/bills-pizza/JXKhtfmNTPi_Mq-ryzusOQ,westborough-massachusetts
https://www.ubereats.com/boston/food-delivery/dangelo-grilled-sandwiches-286-w-main-rd-rt-20/kk1IUEdpQViQn-u39w7iEA,westborough-massachusetts
https://www.ubereats.com/worcester/food-delivery/margaritas-mexican-restaurant-northborough/4KoaXbmcQsiTypfy3gYYdg,westborough-massachusetts
https://www.ubereats.com/worcester/food-delivery/tavern-in-the-square-northborough/wi1atzdEQaKXO3hsJTM6fQ,westborough-massachusetts
https://www.ubereats.com/worcester/food-delivery/loving-hut/foO5WlXoT6aITJ3LpAj69w,westborough-massachusetts
https://www.ubereats.com/worcester/food-delivery/broth/AwdUq1SWR_ufUzbHpirO8A,westborough-massachusetts
https://www.ubereats.com/boston/food-delivery/wendys-176-boston-post-rd-west/WoD3ZhZRSxqHdMlrWrpn_w,westborough-massachusetts
https://www.ubereats.com/boston/food-delivery/wing-squad-solomon-pond/lMMChFq6SY6MzF6OyKYf0w,westborough-massachusetts
https://www.ubereats.com/worcester/food-delivery/uncle-joes-bbq/x5h-9NX8TV6MmgxnJnteug,westborough-massachusetts
https://www.ubereats.com/worcester/food-delivery/proteinhouse-worcester/rMqV_ZjsTLiNDOQhvRR6Ng,westborough-massachusetts
https://www.ubereats.com/boston/food-delivery/clockwork-pizza/taMzKK-PT0WB29ADsXfDeA,westborough-massachusetts
https://www.ubereats.com/boston/food-delivery/qdoba-42-highland-common-e/gHPU95cYSXOjaZdjxKakXQ,westborough-massachusetts
https://www.ubereats.com/boston/food-delivery/hanto/-Kx0n1i_ShSLsOJLkOZhCw,westborough-massachusetts
https://www.ubereats.com/boston/food-delivery/wendys-300-turnpike-rd/T-0_SHGWQaybnwaOoe121g,westborough-massachusetts
https://www.ubereats.com/worcester/food-delivery/suneys-pub-%26-restaurant/iUngFjPwQIyp6KQL6QA7JA,westborough-massachusetts
https://www.ubereats.com/worcester/food-delivery/chick-fil-a-286-turnpike-rd/IwDdS9esS3Wk9Wtb-ELsXw,westborough-massachusetts
https://www.ubereats.com/worcester/food-delivery/dunkin-36-maple-ave/4J9dvlz2TlmmebknPazhmw,westborough-massachusetts
https://www.ubereats.com/worcester/food-delivery/taco-bell-801-grafton-street/-oaJ6AVOQB-RNMKQHgQiFQ,westborough-massachusetts
https://www.ubereats.com/worcester/food-delivery/mcdonalds-299-turnpike-rd/WWqoZUYKRLafl8zlW3YbqA,westborough-massachusetts
https://www.ubereats.com/boston/food-delivery/five-guys-ma-0402-197-boston-post-road-west/3WHE4Jh6SH63hkzqdrkbLw,westborough-massachusetts
https://www.ubereats.com/boston/food-delivery/big-apple-restaurant/PgzHb9tvTge1bEy1Tx4Rzg,westborough-massachusetts
https://www.ubereats.com/boston/food-delivery/andaman-thai-cuisine/pCvAN5wcSkukCDKpR-Mj7g,westborough-massachusetts
https://www.ubereats.com/worcester/food-delivery/simple-berries/ii9sJL0_Tq6p6tSYDQtZNw,westborough-massachusetts
https://www.ubereats.com/boston/food-delivery/kfc-tb-149-cochituate-rd/GOd9HY4oS8KQdmUJXTpOAg,westborough-massachusetts
https://www.ubereats.com/worcester/food-delivery/la-tapatia-taqueria/FcD7aashQpW95A7mwp8WBA,westborough-massachusetts
https://www.ubereats.com/boston/food-delivery/burger-king-139-turnpike-road/otteOuM_RZeW9STz2G42fQ,westborough-massachusetts
https://www.ubereats.com/worcester/food-delivery/qdoba-mexican-grill-180-boston-post-rd-ste-5g/L82A8M2EQfCjFAXOsG1cPg,westborough-massachusetts
https://www.ubereats.com/boston/food-delivery/central-house/SvhPvg1gQ-K7Zzo2swcObA,westborough-massachusetts
https://www.ubereats.com/worcester/food-delivery/tenka-asian-bistro/SZGjvLN5TPa8fA7c5KCS7w,westborough-massachusetts
https://www.ubereats.com/boston/food-delivery/mcdonalds-299-turnpike-rd/WWqoZUYKRLafl8zlW3YbqA,westborough-massachusetts
https://www.ubereats.com/boston/food-delivery/suneys-pub-%26-restaurant/iUngFjPwQIyp6KQL6QA7JA,westborough-massachusetts
https://www.ubereats.com/boston/food-delivery/fresh-wing/axjaanGtQma98mpRbbNvog,westborough-massachusetts
https://www.ubereats.com/worcester/food-delivery/dunkin-31-main-st/lGH53gkXR_613VcPvk7E1w,westborough-massachusetts
https://www.ubereats.com/worcester/food-delivery/el-basha-belmont/zUMXHrV2S9-DCbLrwQXMhw,westborough-massachusetts
https://www.ubereats.com/worcester/food-delivery/five-guys-ma-1334-9-medway-rd/jBUQo-HGR9ajyb8EuWFMEA,westborough-massachusetts
https://www.ubereats.com/boston/food-delivery/sachi-japanese-steak-house-and-sushi-bar/bhmlkJmXQBCvGBvDc-6qMw,westborough-massachusetts
https://www.ubereats.com/boston/food-delivery/taco-bell-463-lincoln-street/SClDv2CARXCBp9VUvfhXWA,westborough-massachusetts
https://www.ubereats.com/worcester/food-delivery/tandoori-kebab-%26-pizza/WGJqHb7lT_-xbGBrUtXmHA,westborough-massachusetts
https://www.ubereats.com/boston/food-delivery/dunkin-185-turnpike-rd-xtra-mart-gas-station/dR5WzcEuSbed6nyl05uRmg,westborough-massachusetts
https://www.ubereats.com/boston/food-delivery/bawarchi-biryanis/jTMBdxK1RbyqehZWxscGUg,westborough-massachusetts
https://www.ubereats.com/boston/food-delivery/dunkin-35-medway-rd/XZEcGSt6TA-oN9fqA-esqw,westborough-massachusetts
https://www.ubereats.com/worcester/food-delivery/los-pinos-mexican-grill-iv/MaYNCDFUSuSS1wDfiLFMtQ,westborough-massachusetts
https://www.ubereats.com/boston/food-delivery/taco-bell-801-grafton-street/-oaJ6AVOQB-RNMKQHgQiFQ,westborough-massachusetts
https://www.ubereats.com/boston/food-delivery/marao-burgers-framingham/EzWN9wJETDyaZUMX91JzOA,westborough-massachusetts
https://www.ubereats.com/worcester/food-delivery/proteinhouse-marlborough/teAaBUuXR16DGk_sCaHIgQ,westborough-massachusetts
https://www.ubereats.com/worcester/food-delivery/aztec-restaurant/H2rZSyQBQjCaEjgQUyHdgw,westborough-massachusetts
https://www.ubereats.com/worcester/food-delivery/bushel-n-peck-westborough/ZWOa-xIETvywA-NaBcQ4gw,westborough-massachusetts
https://www.ubereats.com/worcester/food-delivery/nuovo-restaurant/AmUhCfFLTfyOlcCY6ujDZg,westborough-massachusetts
https://www.ubereats.com/boston/food-delivery/burger-king-53-boston-turnpike/WPdYjfXpQui24FQ6VreJCA,westborough-massachusetts
https://www.ubereats.com/worcester/food-delivery/dunkin-1-elm-st/r65fbI8-RqiB59DQ1pjI0w,westborough-massachusetts
