url,city
https://www.ubereats.com/chicago/food-delivery/jamba-juice-6000-northwest-hwy-unit-a/a42jXCijTNCppX3OIM4ocw,west-dundee-illinois
https://www.ubereats.com/chicago/food-delivery/firehouse-subs-290-randall-road/D85_rParQ4CuasCdVIUmIA,west-dundee-illinois
https://www.ubereats.com/chicago/food-delivery/potbelly-sandwich-shop-algonquin-%7C-174/W2WHL5rRS46zNtY_dkmulw,west-dundee-illinois
https://www.ubereats.com/chicago/food-delivery/crazy-crab/zAwMBoB0QA-wTeICbBAmig,west-dundee-illinois
https://www.ubereats.com/chicago/food-delivery/chicago-loop-sports-bar-%26-grill/p4zviC2MQ96Tz4IUlYRI4Q,west-dundee-illinois
https://www.ubereats.com/chicago/food-delivery/wendys-151-south-western/zXOR04DOSfaBxxxhepUVyQ,west-dundee-illinois
https://www.ubereats.com/chicago/food-delivery/mori-sushi/kCh1cQP_SOGZBolgwC-6DA,west-dundee-illinois
https://www.ubereats.com/chicago/food-delivery/chums-shrimp-shack/3FfgjS7pSh-ZwMCsAXRvHA,west-dundee-illinois
https://www.ubereats.com/chicago/food-delivery/dws-bbq/mefh_YynSL2fbq0RKse5BA,west-dundee-illinois
https://www.ubereats.com/chicago/food-delivery/panera-101-s-western-ave/Pl1k4N0AT92cTMEo-havEg,west-dundee-illinois
https://www.ubereats.com/chicago/food-delivery/panda-express-12340-route-47/3tRy3akCT1a0TAutENWOhQ,west-dundee-illinois
https://www.ubereats.com/chicago/food-delivery/southern-belles-carpentersville/7Mrvp2ueQC2a3m34NmujWA,west-dundee-illinois
https://www.ubereats.com/chicago/food-delivery/popeyes-40-s-western-ave/2KRlbWigQe-QbGF0ejNt1Q,west-dundee-illinois
https://www.ubereats.com/chicago/food-delivery/olde-towne-inn/0gbzl5IZTOmBwtUCMrUvuQ,west-dundee-illinois
https://www.ubereats.com/chicago/food-delivery/five-guys-il-0579-6000-northwest-hwy/JAy0rOU6R0-XxYLLqxIwrQ,west-dundee-illinois
https://www.ubereats.com/chicago/food-delivery/subway-lake-marian-rd-%26-route-25/rpA2rEXTTLC2eVwhoTQwfA,west-dundee-illinois
https://www.ubereats.com/chicago/food-delivery/starbucks-randall-%26-bowes/Z3f_fJ2kSGuGfyeXK8GEzA,west-dundee-illinois
https://www.ubereats.com/chicago/food-delivery/cantarittos-taqueria-%26-bar/PqwPVSoATrya-lwLwr00Ow,west-dundee-illinois
https://www.ubereats.com/chicago/food-delivery/rookies-all-american-pub-%26-grill-hoffman-estates/qEkuX4PPTuCQJPhgAtBDqA,west-dundee-illinois
https://www.ubereats.com/chicago/food-delivery/dunkin-12090-princeton-dr/afv7oy8jREe_B3er7mwWWA,west-dundee-illinois
https://www.ubereats.com/chicago/food-delivery/mcalister-240-s-randall-road/kw2nUa6DQS-664nvtOJtRQ,west-dundee-illinois
https://www.ubereats.com/chicago/food-delivery/burger-king-2163-randall-road/2cFYUpvMQ22bzSanaGETiA,west-dundee-illinois
https://www.ubereats.com/chicago/food-delivery/breaking-bread-catering-%26-deli/1BThUQqjQQaFTjip9PQRdQ,west-dundee-illinois
https://www.ubereats.com/chicago/food-delivery/arbys-320-n-randall-rd/2qEyIUuMQwikErYD5qtbqQ,west-dundee-illinois
https://www.ubereats.com/chicago/food-delivery/the-village-squire-south-elgin/J5trvY0nQw26o46Omz4haA,west-dundee-illinois
https://www.ubereats.com/chicago/food-delivery/7402-bonefish-grill-1604-randall-rd/uWQL7guEQEWiQS5tSsnrBg,west-dundee-illinois
https://www.ubereats.com/chicago/food-delivery/on-the-border-algonquin/lFvKcjZ5Q5a8_95Cpb2Rxw,west-dundee-illinois
https://www.ubereats.com/chicago/food-delivery/dunkin-315-e-higgins-rd/9g5JAtWsT3etbgC2dHxP8g,west-dundee-illinois
https://www.ubereats.com/chicago/food-delivery/village-tavern-%26-grill/gSlrJuukQUamO2Po3G4vmQ,west-dundee-illinois
https://www.ubereats.com/chicago/food-delivery/la-alcancia/5iaIDbTuSvilyeust3FMGw,west-dundee-illinois
https://www.ubereats.com/chicago/food-delivery/chipotle-mexican-grill-4600-hoffman-blvd/1aE7NqF_TI67nj-jxpPeAA,west-dundee-illinois
https://www.ubereats.com/chicago/food-delivery/lucky-pennys-of-cary/X8KXcOl9S8S6a-N889RUug,west-dundee-illinois
https://www.ubereats.com/chicago/food-delivery/taco-bell-665-s-sutton-rd/AFqGlgGJRXOAD4ZpDuGySg,west-dundee-illinois
https://www.ubereats.com/chicago/food-delivery/firehouse-subs-of-south-elgin/-TQLmLQCTxOe_i95AImgeQ,west-dundee-illinois
https://www.ubereats.com/chicago/food-delivery/ihop-randall-%26-weld/EOykNeThSdaSAbAJRTumZw,west-dundee-illinois
https://www.ubereats.com/chicago/food-delivery/cafe-revive/6Cotj-e8QTu8anlK0dZekw,west-dundee-illinois
https://www.ubereats.com/chicago/food-delivery/subway-66-tyler-creek-plaza/Y606y13EQt-Y_jYBFP4nGg,west-dundee-illinois
https://www.ubereats.com/chicago/food-delivery/dunkin-1169-dundee-ave/0RyE7cwbRuerMkWEPvr1rw,west-dundee-illinois
https://www.ubereats.com/chicago/food-delivery/boston-market-205-s-randall-road/p2anJn1XQ86VHkSmp8F6pQ,west-dundee-illinois
https://www.ubereats.com/chicago/food-delivery/steak-n-shake-1825-barrington-road/xGb7-_sNSXmOkTCPuGLSOw,west-dundee-illinois
https://www.ubereats.com/chicago/food-delivery/hacienda-de-los-perez/uiMUgu-iQUehnumBj9rbNQ,west-dundee-illinois
https://www.ubereats.com/chicago/food-delivery/spankys-gyro/guyNsxD-RPywzMESu0dBrg,west-dundee-illinois
https://www.ubereats.com/chicago/food-delivery/panda-express-388-randall-road/QB7VGhfzQU2Vks5Dmmft1Q,west-dundee-illinois
https://www.ubereats.com/chicago/food-delivery/subway-1308-east-algonquin-rd/0LV9OzYiSE-T73hd1AL5IA,west-dundee-illinois
https://www.ubereats.com/chicago/food-delivery/dairy-queen-treat-712-mclean-blvd/H-avV-RCTi607DrCPcUAHg,west-dundee-illinois
https://www.ubereats.com/chicago/food-delivery/dennys-4690-hoffman-blvd/sUZP3YzTRBqwVu_edscjvg,west-dundee-illinois
https://www.ubereats.com/chicago/food-delivery/starbucks-randall-%26-harnish/epkzAAaYTc2EWlR5SANZoQ,west-dundee-illinois
https://www.ubereats.com/chicago/food-delivery/francescas-famiglia/EE25CJ93TzOLHclDNcy_Kw,west-dundee-illinois
https://www.ubereats.com/chicago/food-delivery/lucky-bernies-huntley/OPHRvb0hQ_Oec2L0C1tXMw,west-dundee-illinois
https://www.ubereats.com/chicago/food-delivery/red-robin-477-420-randall-rd/EDaNVAuvSaK2ENjmEAFDtA,west-dundee-illinois
https://www.ubereats.com/chicago/food-delivery/dennys-1120-s-randall-rd/rvUqR-ymSvO0tHxhqIqZig,west-dundee-illinois
https://www.ubereats.com/chicago/food-delivery/kfc-818-west-main-street/faZm3bhuTLiib5f90QowtQ,west-dundee-illinois
https://www.ubereats.com/chicago/food-delivery/dunkin-3191-us-highway-20-unit-c/nNSPb7e7QCOoEQq2dsLyyw,west-dundee-illinois
https://www.ubereats.com/chicago/food-delivery/pinstripes-south-barrington/Ve3kN-CvQeaZpwZj2T9Tpg,west-dundee-illinois
https://www.ubereats.com/chicago/food-delivery/subway-17-s-randall-rd/CmM57RYUQoCxlHbMiGijwg,west-dundee-illinois
https://www.ubereats.com/chicago/food-delivery/chipotle-mexican-grill-201-n-8th-st/Y6axVE03SAGT9u_4yT4skA,west-dundee-illinois
https://www.ubereats.com/chicago/food-delivery/red-lobster-701-spring-hill-ring-road/n7FO4hS-Q92lABZ7t5pOCg,west-dundee-illinois
https://www.ubereats.com/chicago/food-delivery/sbarro-1070-spring-hill-mall/Y4d2ZdqjTI6oOzz95eennw,west-dundee-illinois
https://www.ubereats.com/chicago/food-delivery/which-wich-superior-sandwich-hoffman-estates/HycEI69iTW-Om5Ju8jwbjg,west-dundee-illinois
https://www.ubereats.com/chicago/food-delivery/wok-n-fire-south-barrington/r4IBV9hpQga8EI3vTfJtnA,west-dundee-illinois
https://www.ubereats.com/chicago/food-delivery/breaking-bread-catering-%26-deli/KzOabczxSMi9NHT34w3CYg,west-dundee-illinois
https://www.ubereats.com/chicago/food-delivery/outback-steakhouse-365-randall-road/JIj4CLpIQsuy_BuwqrfFFg,west-dundee-illinois
https://www.ubereats.com/chicago/food-delivery/beef-villa-south-elgin/A02c9LgxTTmDmk7nI59uIg,west-dundee-illinois
https://www.ubereats.com/chicago/food-delivery/bellos-restaurant-of-east-dundee/zrnD1MZXTTieldZpdgYMjw,west-dundee-illinois
https://www.ubereats.com/chicago/food-delivery/alianos-ristorante/XK_X0eWjTUaGvzoyV4jnsg,west-dundee-illinois
https://www.ubereats.com/chicago/food-delivery/la-pizza-via/C3-qORW2TEOMU231LDCxlw,west-dundee-illinois
https://www.ubereats.com/chicago/food-delivery/bold-american-fare/A5xRoshLQBa_-0tjZMg1bg,west-dundee-illinois
https://www.ubereats.com/chicago/food-delivery/crystal-lake-rib-house/qiNxHOLZQIGggKmAET6yqw,west-dundee-illinois
https://www.ubereats.com/chicago/food-delivery/stanleys-ale-house/OsKk5DcVSN-jSRlbyQG_ng,west-dundee-illinois
https://www.ubereats.com/chicago/food-delivery/indian-chatpata-swad/mXmzsKnLTuutlWvA5dsScg,west-dundee-illinois
https://www.ubereats.com/chicago/food-delivery/village-vintner-winery-%26-brewery/FdhJpByJSOm0XALYhdqJQQ,west-dundee-illinois
https://www.ubereats.com/chicago/food-delivery/arbys-6000-northwest-hwy/o-OtDHSvTnGh99NXnBQeVw,west-dundee-illinois
https://www.ubereats.com/chicago/food-delivery/king-buffet/iVUjXFSsQ2WCM7zwtTbfxw,west-dundee-illinois
https://www.ubereats.com/chicago/food-delivery/honey-baked-ham-co-%26-cafe-crystal-lake/RUXpMWzTQKiIWz07UK0Cyg,west-dundee-illinois
https://www.ubereats.com/chicago/food-delivery/dunkin-15n454-rt-47/tEdWa1VMSE6gK8RBZc8-Pw,west-dundee-illinois
https://www.ubereats.com/chicago/food-delivery/jimmys-charhouse-elgin/ZtrQHOokTuyTVb43tTUQmg,west-dundee-illinois
https://www.ubereats.com/chicago/food-delivery/taco-bell-1010-summit-street/oM1Gn2XcQtWYK_JE6d_ShA,west-dundee-illinois
https://www.ubereats.com/chicago/food-delivery/tasty-sushi/9vXzi3vJSZmfBFU4dzfBjg,west-dundee-illinois
https://www.ubereats.com/chicago/food-delivery/the-village-squire-west-dundee/K5TjavdNS7qx49FruKHfsA,west-dundee-illinois
https://www.ubereats.com/chicago/food-delivery/blue-box-cafe/lewurXBqT62gtfbIvCAKHA,west-dundee-illinois
https://www.ubereats.com/chicago/food-delivery/el-burrito-restaurant/5KF-_Am2QcSQ4LaNOvx02w,west-dundee-illinois
https://www.ubereats.com/chicago/food-delivery/apple-villa-pancake-house-barrington-%26-mundhank/WHOO9CPCSVu0ZVXdcrGPxw,west-dundee-illinois
https://www.ubereats.com/chicago/food-delivery/village-pizza-and-pub-kennedy-drive/YKSNasyeQ8SiHnd0wflGKw,west-dundee-illinois
https://www.ubereats.com/chicago/food-delivery/little-caesars-327-randall-rd/8-qRrexRRge87zKdFJa8Zg,west-dundee-illinois
https://www.ubereats.com/chicago/food-delivery/papa-johns-algonquin/Ce7nsL7qSzml4CqUx6JUqw,west-dundee-illinois
https://www.ubereats.com/chicago/food-delivery/mcdonalds-south-elgin/M9t7EgKfRDKoZx33P0Ax4g,west-dundee-illinois
https://www.ubereats.com/chicago/food-delivery/outback-steakhouse-4751-northwest-highway/uwbsLPqyRRSftgmxcT4A5g,west-dundee-illinois
https://www.ubereats.com/chicago/food-delivery/mi-vallarta/dNAEl3RvQQejLqi0n0z86g,west-dundee-illinois
https://www.ubereats.com/chicago/food-delivery/pinecrest-restaurant/llzxR13JTx2t6yLQA9_Z3Q,west-dundee-illinois
https://www.ubereats.com/chicago/food-delivery/morettis-ristorante-%26-pizzeria-lake-in-the-hills/oQyAWpEXRCWS75xie7yQlw,west-dundee-illinois
https://www.ubereats.com/chicago/food-delivery/dairy-queen-treat-727-villa-st/lHLgipTDSAyaBHGmx9KM_Q,west-dundee-illinois
https://www.ubereats.com/chicago/food-delivery/la-michoacana-premium/iM_t4HkISnOybxA-QKgrqg,west-dundee-illinois
https://www.ubereats.com/chicago/food-delivery/noodles-%26-company-4912-nw-hwy/a5LCRZ4LSDW3Gp8QE2YdBQ,west-dundee-illinois
https://www.ubereats.com/chicago/food-delivery/georgios-pizza-south-barrington/3CXdUddyT6up7JtAuIxpDw,west-dundee-illinois
https://www.ubereats.com/chicago/food-delivery/browns-chicken-east-dundee/LGxmSQxaQLSuPwFqLhY4jA,west-dundee-illinois
https://www.ubereats.com/chicago/food-delivery/taco-bell-137-s-western-ave/uvnVsENPQ1C6yZokOzjk_Q,west-dundee-illinois
https://www.ubereats.com/chicago/food-delivery/manor-cafe-%26-restaurant/Zc-TgR2qRzegHz0r5eYJUQ,west-dundee-illinois
https://www.ubereats.com/chicago/food-delivery/texan-bbq/CiEbFRFzT5OBK3stP2VN8w,west-dundee-illinois
https://www.ubereats.com/chicago/food-delivery/popeyes-2180-randall-rd/4L1CIkUURey4LgsPnfMIbQ,west-dundee-illinois
https://www.ubereats.com/chicago/food-delivery/alexanders-cafe-elgin/tr9OcrNAQROCiio93Alnrg,west-dundee-illinois
https://www.ubereats.com/chicago/food-delivery/dunkin-1500-larkin-ave/rl9SOmtFQgSjEAWGMTA2RA,west-dundee-illinois
https://www.ubereats.com/chicago/food-delivery/krispy-krunchy-chicken-160-dundee-ave/043MziznR0260pfQONQBlA,west-dundee-illinois
https://www.ubereats.com/chicago/food-delivery/petey-pasta/rretml8iQhqhQ9BJn6PmMw,west-dundee-illinois
https://www.ubereats.com/chicago/food-delivery/starbucks-route-59-%26-irving-park/dRVq0OlPT6-3LbLASl-sRg,west-dundee-illinois
https://www.ubereats.com/chicago/food-delivery/wahlburgers-corporate-825-south-randall-road/lul5KlDmSD-D2hAvuCjN6Q,west-dundee-illinois
https://www.ubereats.com/chicago/food-delivery/taco-bell-1160-n-mclean-blvd/DZP1mFIaTA2zEwHRyAGb1g,west-dundee-illinois
https://www.ubereats.com/chicago/food-delivery/subway-91-kennedy-dr/dRTXMtkkRLuvNYHIfQifiA,west-dundee-illinois
https://www.ubereats.com/chicago/food-delivery/rosatis-sports-pub-barrington-rd/H0JXtFF-QUyBbJ5Swre7rA,west-dundee-illinois
https://www.ubereats.com/chicago/food-delivery/napoli-per-tutti/lFlvKoPWRii8Ir8HJ_UVVA,west-dundee-illinois
https://www.ubereats.com/chicago/food-delivery/bennigans/pj4vT8wVRBuaeUoBV8hm8A,west-dundee-illinois
https://www.ubereats.com/chicago/food-delivery/lupitas-cocina/vjQNU3g2Q7ur4PJ2KEFZwg,west-dundee-illinois
https://www.ubereats.com/chicago/food-delivery/el-molino-azul/qgsraCSTSNCu9cK_eMTFKw,west-dundee-illinois
https://www.ubereats.com/chicago/food-delivery/pita-bbq/sweRzVNlR2qxmZmS1qsuOg,west-dundee-illinois
https://www.ubereats.com/chicago/food-delivery/sonic-drive-in-1090-s-randall-rd/lUFeuI7kQ7ObFvXFW2ptpw,west-dundee-illinois
https://www.ubereats.com/chicago/food-delivery/kobe-japanese-steakhouse/X0rRebizR9S_e155JB51LA,west-dundee-illinois
https://www.ubereats.com/chicago/food-delivery/lao-%26-thai-spicy-noodle/wYEzeelPROyqElL3eNfI1A,west-dundee-illinois
https://www.ubereats.com/chicago/food-delivery/burrito-parilla-mexicana-algonquin/kmMb4sdyTPeRp0equq4sbQ,west-dundee-illinois
https://www.ubereats.com/chicago/food-delivery/starbucks-i-90-%26-sutton-rd-prairie-stone/pCEzmLifRTiTeXqvyJMrEg,west-dundee-illinois
https://www.ubereats.com/chicago/food-delivery/buffalo-wild-wings-402-randall-rd/74vJ4gtNS1eqkaZU6f9QMQ,west-dundee-illinois
https://www.ubereats.com/chicago/food-delivery/buffalo-wings-%26-rings-1520-carlemont-dr/0cmhVok6Q1OveJklhRklBQ,west-dundee-illinois
https://www.ubereats.com/chicago/food-delivery/steak-n-shake-290-s-randall-rd/TqigiIj6Rq6F5K7PvLem7w,west-dundee-illinois
https://www.ubereats.com/chicago/food-delivery/taco-bell-304-south-mclean-blvd/_U6r7aIFSa-Cd1xP_1oe4w,west-dundee-illinois
https://www.ubereats.com/chicago/food-delivery/q88-pho-%26-sushi/gPt_MG4FT6SHTs8tR9v_2w,west-dundee-illinois
https://www.ubereats.com/chicago/food-delivery/fire-bar-%26-grill/-oHF3tNNQZG8m06L-92rmQ,west-dundee-illinois
https://www.ubereats.com/chicago/food-delivery/dunkin-2716-n-sutton-rd/Sd-v5WXDQZy2Ot6keYpyRA,west-dundee-illinois
https://www.ubereats.com/chicago/food-delivery/buffalo-wild-wings-461-s-randall-rd/C2dmQbPLSx-OHF3fI6hoFA,west-dundee-illinois
https://www.ubereats.com/chicago/food-delivery/portillos-hot-dogs-1020-s-randall-rd/L-m9tT0DSc6YCQD8wRE60g,west-dundee-illinois
https://www.ubereats.com/chicago/food-delivery/dunkin-9800-highway-47/2daP2EfISjKIZ83WnGMz1Q,west-dundee-illinois
https://www.ubereats.com/chicago/food-delivery/sushi-king-algonquin/RrN507GYRAupdi8wGe2L7Q,west-dundee-illinois
https://www.ubereats.com/chicago/food-delivery/subway-300-a-mclean-blvd/p67cDvdVTRiB2Igs8nyE5A,west-dundee-illinois
https://www.ubereats.com/chicago/food-delivery/taylor-street-pizza-elgin/bCU6vvVKSm2mvQLwQhLzpg,west-dundee-illinois
https://www.ubereats.com/chicago/food-delivery/bar-down-sports-grill/-dc6hlpXSF20AJsEevNaww,west-dundee-illinois
https://www.ubereats.com/chicago/food-delivery/charles-fast-foodgilberts/jPcP9n5VTw6_PyfzMPtgcA,west-dundee-illinois
https://www.ubereats.com/chicago/food-delivery/salsa-street-mexican-restaurant-%26-cantina/Gsuh9srGTwacSbq5cX2oBQ,west-dundee-illinois
https://www.ubereats.com/chicago/food-delivery/mcdonalds-summit-%26-gifford/Xk7xlxZsSOWcIk4EaPPeAQ,west-dundee-illinois
https://www.ubereats.com/chicago/food-delivery/eggceptional-cafe-breakfast-%26-lunch/KFZT64i9S0aeJWlLpPqxTg,west-dundee-illinois
https://www.ubereats.com/chicago/food-delivery/jesters-fast-food/rNcPyAdaR4eP3OdgnqH9zQ,west-dundee-illinois
https://www.ubereats.com/chicago/food-delivery/starbucks-randall-%26-technology/_Qr7D08GRcq3lAh3MbKm_Q,west-dundee-illinois
https://www.ubereats.com/chicago/food-delivery/ramendobo-noodle-bar/5li1rQbfSc6mAoNq0hDNWQ,west-dundee-illinois
https://www.ubereats.com/chicago/food-delivery/larsas-kitchen/4EBJV6xDQ9qpYPjB5mMNZQ,west-dundee-illinois
https://www.ubereats.com/chicago/food-delivery/inchins-bamboo-garden-chicago/_MC_FjHPQ7yx-OnqTauIjA,west-dundee-illinois
https://www.ubereats.com/chicago/food-delivery/marcus-theatre-elgin/FE7Kt4wuTqWtm2yTzzsvJA,west-dundee-illinois
https://www.ubereats.com/chicago/food-delivery/little-caesars-12250-princeton-drive/N4e3ZA9pQFuwWCN3y4cmKw,west-dundee-illinois
https://www.ubereats.com/chicago/food-delivery/subway-1030-summit-rd/-XiI1j9lRZut1nP6xC983w,west-dundee-illinois
https://www.ubereats.com/chicago/food-delivery/mod-pizza-algonquin/ruRrQpV-RvWpE--fbyst7g,west-dundee-illinois
https://www.ubereats.com/chicago/food-delivery/bajis-kitchen-homestyle-halal-carry-out/VZOBUGU3QrysVikXfBC6lw,west-dundee-illinois
https://www.ubereats.com/chicago/food-delivery/mama-lees-gourmet-popcorn-west-dundee/7SV1PT-kRWG6_M3Gilq4zg,west-dundee-illinois
https://www.ubereats.com/chicago/food-delivery/the-port-of-peri-peri-algonquin/W8xYCN9DS5KyKmoNR5e7vQ,west-dundee-illinois
https://www.ubereats.com/chicago/food-delivery/yummy-asian-bistro/bhsywrmVTm-y19J9IgMqbA,west-dundee-illinois
https://www.ubereats.com/chicago/food-delivery/bellos-restaurant-of-elgin/fXQi4bToQ4CT_UhuzrWazA,west-dundee-illinois
https://www.ubereats.com/chicago/food-delivery/dunkin-656-s-sutton-rd-route-59/pEUXNYuZS7GBAOtXcFw2Ww,west-dundee-illinois
https://www.ubereats.com/chicago/food-delivery/rosatis-pizza-2-tyler-creek-pl/zQXr16XAS_uinF244IKroA,west-dundee-illinois
https://www.ubereats.com/chicago/food-delivery/mod-pizza-elgin/MsHx2b6oRlWpU-gBASY-zQ,west-dundee-illinois
https://www.ubereats.com/chicago/food-delivery/the-uncommon-palate-inc/JnS4YP8FRUitozvUOuFffA,west-dundee-illinois
https://www.ubereats.com/chicago/food-delivery/jersey-mikes-subs-western-%26-spruce/Kb2NIpJoSwmgsWlKY6QWZg,west-dundee-illinois
https://www.ubereats.com/chicago/food-delivery/wendys-622-dundee-ave/FG_UoYk4S62G7MkX0Z1Mqg,west-dundee-illinois
https://www.ubereats.com/chicago/food-delivery/bella-vista/AofTQYRPSRKbGHhM3KlWHA,west-dundee-illinois
https://www.ubereats.com/chicago/food-delivery/popeyes-1616-big-timber-rd/169neZKBTOie_9dX59YD4w,west-dundee-illinois
https://www.ubereats.com/chicago/food-delivery/subway-4059-algonquin-rd/P2ofDF5hTPaQOBwmk4z-vg,west-dundee-illinois
https://www.ubereats.com/chicago/food-delivery/dunkin-280-n-randall-rd/eGLQaRPcTAmiqMQhH6jtyw,west-dundee-illinois
https://www.ubereats.com/chicago/food-delivery/china-chen/Vjz7tsR1Qy6EEzgqF-moyw,west-dundee-illinois
https://www.ubereats.com/chicago/food-delivery/la-mega-michoacana/BaSWv8I7RhGCmh9aj992QQ,west-dundee-illinois
https://www.ubereats.com/chicago/food-delivery/red-robin-474-2742-sutton-rd/P85d7EhPTGu-Nk1UUgH3Rw,west-dundee-illinois
https://www.ubereats.com/chicago/food-delivery/checkers-1137-dundee-ave/Yd2slY7VR_uNBrT3ytHlsg,west-dundee-illinois
https://www.ubereats.com/chicago/food-delivery/dunkin-80-tyler-creek-plz/gL9crwDgRBeh7aDSx1cuFg,west-dundee-illinois
https://www.ubereats.com/chicago/food-delivery/dinos-pizza/vtuYLPtQTbCxv0I-huUWJw,west-dundee-illinois
https://www.ubereats.com/chicago/food-delivery/mannys-handcrafted-gelato-and-cafe/Xfjs5ehVR2yX58fw2fIFkQ,west-dundee-illinois
https://www.ubereats.com/chicago/food-delivery/la-poblanita/WYwPuW68RX2a0h8PIo4sYg,west-dundee-illinois
https://www.ubereats.com/chicago/food-delivery/rosatis-pizza-50-industrial-dr-%23110/5XG-etWWTwStURm5sEF6Gg,west-dundee-illinois
https://www.ubereats.com/chicago/food-delivery/mcdonalds-mclean-%26-todd-farm/CpACeki3Q4CoVZrb1lMcdQ,west-dundee-illinois
https://www.ubereats.com/chicago/food-delivery/dunkin-1319-e-algonquin-rd/YhUOD2r9RXu9S6MGCpq7Ww,west-dundee-illinois
https://www.ubereats.com/chicago/food-delivery/daily-projects-cafe-%26-eatery/c4BaZIoXQ2iYkAE7q4Ltwg,west-dundee-illinois
https://www.ubereats.com/chicago/food-delivery/taco-bell-1000-kennedy-dr/BrvzzazJTgSNJC3FV1Fw0w,west-dundee-illinois
https://www.ubereats.com/chicago/food-delivery/los-fernandez-restaurant/0mpuCOpdSNO7HvAppVoB8A,west-dundee-illinois
https://www.ubereats.com/chicago/food-delivery/my-cocina-mexican-grill/QXHlA5eURra_CRpbfL4r6A,west-dundee-illinois
https://www.ubereats.com/chicago/food-delivery/subway-2331-s-randall-rd/4mvlYVtSS2mQOG8ZD8XX-w,west-dundee-illinois
https://www.ubereats.com/chicago/food-delivery/river-street-tavern/LhejvC46SWOiGs4j5rqtuw,west-dundee-illinois
https://www.ubereats.com/chicago/food-delivery/southern-belles-barrington/ialJM-koRfaxONBaOcQDHg,west-dundee-illinois
https://www.ubereats.com/chicago/food-delivery/falafel-now/P_sQk55pT4ayoCzU7v1ytw,west-dundee-illinois
https://www.ubereats.com/chicago/food-delivery/old-republic-kitchen-%2B-bar/vrVyWX7pQQ--XUrzqDkvfQ,west-dundee-illinois
https://www.ubereats.com/chicago/food-delivery/burger-king-165-dundee-avenue/4UiVzbI9Q_u-a8gEKZS6ZA,west-dundee-illinois
https://www.ubereats.com/chicago/food-delivery/mariscos-el-charco/dyCK1dy5QSyDNtBHbRXO9g,west-dundee-illinois
https://www.ubereats.com/chicago/food-delivery/portillos-hot-dogs-855-cog-circle/inwj-9g8QN2HHUY692gtKA,west-dundee-illinois
https://www.ubereats.com/chicago/food-delivery/dunkin-812-e-chicago-st/c4sQIfCISueQmB5vPsgPzw,west-dundee-illinois
https://www.ubereats.com/chicago/food-delivery/applebees-randall-%26-weld/xDwBltSwS720iTNVTEfKWw,west-dundee-illinois
https://www.ubereats.com/chicago/food-delivery/dunkin-263-s-randall-rd/99j3b8tqRpWm6s8aer6WZg,west-dundee-illinois
https://www.ubereats.com/chicago/food-delivery/750-cucina-rustica/l6suMAoCSEiXsPRyoEoV4g,west-dundee-illinois
https://www.ubereats.com/chicago/food-delivery/mcdonalds-randall-%26-weld/5ovRFfB4SZK5vz5umsey6Q,west-dundee-illinois
https://www.ubereats.com/chicago/food-delivery/the-port-of-peri-peri/dhtzPHCCQHSfg6BmxhHPTw,west-dundee-illinois
https://www.ubereats.com/chicago/food-delivery/organic-rootz/9sbI2fcrRYmqe_pMUjzcXg,west-dundee-illinois
https://www.ubereats.com/chicago/food-delivery/menchies-frozen-yogurt-2531-north-county-line-road/eVqtcjjRS1aOSRzQbfUYRA,west-dundee-illinois
https://www.ubereats.com/chicago/food-delivery/taco-bell-13320-s-highway-47/qFR0QzhPS8aGOCTBJdw1hw,west-dundee-illinois
https://www.ubereats.com/chicago/food-delivery/alfredos-pizza/K-A_0zuAQHOCYPonuUbBpA,west-dundee-illinois
https://www.ubereats.com/chicago/food-delivery/tea-house/rC1vQ1GHR_aFxGGsCxU4vg,west-dundee-illinois
https://www.ubereats.com/chicago/food-delivery/steak-n-shake-211-n-randall-rd/BfbeO5J2QSW_gnIY7Dw4pA,west-dundee-illinois
https://www.ubereats.com/chicago/food-delivery/la-michoacana-premium/f9ItDg73StK0P89Evd0dGg,west-dundee-illinois
https://www.ubereats.com/chicago/food-delivery/taco-bell-231-n-randall-rd/KzFu_o7nSPWwIzjVH4njvA,west-dundee-illinois
https://www.ubereats.com/chicago/food-delivery/potbelly-sandwich-shop-crystal-lake-%7C-286/MWjCFR20RVSIGLDMW8ZenQ,west-dundee-illinois
https://www.ubereats.com/chicago/food-delivery/qdoba-schaumburg-%26-barrington/-7d1Lu2cSa6SYLaEPjH_YQ,west-dundee-illinois
https://www.ubereats.com/chicago/food-delivery/papa-johns-1825-larkin-avenue/xLEjQiBWQk251YTDhdfSxg,west-dundee-illinois
https://www.ubereats.com/chicago/food-delivery/the-chubby-bullfrog-bar-%26-grill/5H_hgDdrQA-Pd3twyWo9XA,west-dundee-illinois
https://www.ubereats.com/chicago/food-delivery/burger-king-224-south-randall-road/HDpU5frbSxqNb0cIqQlM4Q,west-dundee-illinois
https://www.ubereats.com/chicago/food-delivery/gyradiko/Z1Y2IKD6TnejcJxXq0FHew,west-dundee-illinois
https://www.ubereats.com/chicago/food-delivery/starbucks-route-47-%26-regency/q4pRmhJFTd6DRJE--mPWIQ,west-dundee-illinois
https://www.ubereats.com/chicago/food-delivery/jersey-mikes-subs-randall-%26-acorn/VjgxO-c0SM6ovjDjI5GFVQ,west-dundee-illinois
https://www.ubereats.com/chicago/food-delivery/zza-factory/t2pnCmUxS-qeLRNZscNbUQ,west-dundee-illinois
https://www.ubereats.com/chicago/food-delivery/pita-pita-mediterranean-grill-higgins/eee7O1SkTNCueDnmn6tjfQ,west-dundee-illinois
https://www.ubereats.com/chicago/food-delivery/smallcakes-cupcakery-south-barrington/9NzzouIyRHubx5Xs-k62Xw,west-dundee-illinois
https://www.ubereats.com/chicago/food-delivery/jersey-mikes-subs-northwest-%26-pingree/czOWKJ_iQKyVCi55jNP6Xg,west-dundee-illinois
https://www.ubereats.com/chicago/food-delivery/toom-toom-thai-restaurant/nYzTSB7ZSW6TJAg54Uiasg,west-dundee-illinois
https://www.ubereats.com/chicago/food-delivery/mcdonalds-kennedy-%26-besinger/-7OrgdiiSUOgTBzzG_9kJA,west-dundee-illinois
https://www.ubereats.com/chicago/food-delivery/beef-villa-elgin-west/SpsFK5CwTRm3DU2soxA_AA,west-dundee-illinois
https://www.ubereats.com/chicago/food-delivery/burger-king-7510-s-kennedy-drive/3tXslfbwQD29Bee_yNSEZQ,west-dundee-illinois
https://www.ubereats.com/chicago/food-delivery/chipotle-mexican-grill-348-randall-rd/WXWyHDbSQYa2i6AI2LCSHQ,west-dundee-illinois
https://www.ubereats.com/chicago/food-delivery/fannie-may-otter-creek/DQuYr-2sTy6cMHNez9H2hQ,west-dundee-illinois
https://www.ubereats.com/chicago/food-delivery/village-pizza-and-pub-randall-rd/3MukxnMhTYGTBYOohSu1Vg,west-dundee-illinois
https://www.ubereats.com/chicago/food-delivery/red-robin-343-441-s-randall-rd/bE3ycmL5RCmgDhhCwP4T6A,west-dundee-illinois
https://www.ubereats.com/chicago/food-delivery/rookies-all-american-pub-%26-grill-huntley/g7NO0yzGRm2i4oGzqI6PyA,west-dundee-illinois
https://www.ubereats.com/chicago/food-delivery/dunkin-405-n-mclean-blvd/hqMy-acLR2ePg_NAwuDlMg,west-dundee-illinois
https://www.ubereats.com/chicago/food-delivery/thai-town/EiwQb1t1TB2MCrG0aXEmRg,west-dundee-illinois
https://www.ubereats.com/chicago/food-delivery/chipotle-mexican-grill-2500-n-randall-rd/l1ViQxlcSPuDt07L6AFzcg,west-dundee-illinois
https://www.ubereats.com/chicago/food-delivery/which-wich-superior-sandwiches-crystal-lake/3YoYecmjTR26AF4nH2kMfA,west-dundee-illinois
https://www.ubereats.com/chicago/food-delivery/el-fuego/WwoPWFSBRPW2ZkkYRp3jSA,west-dundee-illinois
https://www.ubereats.com/chicago/food-delivery/beef-shack-huntley/0dKTiA5zTDGPYUxRZdC-Pg,west-dundee-illinois
https://www.ubereats.com/chicago/food-delivery/kfc-294-south-randall-road/NDm4vaTKThK-N0YP4_jrVQ,west-dundee-illinois
https://www.ubereats.com/chicago/food-delivery/fannie-may-crystal-lake/STvHvoQvS9yrdkVtq8m4nw,west-dundee-illinois
https://www.ubereats.com/chicago/food-delivery/mcdonalds-larkin-%26-mclean/uP7BCraUT7aHG2aO2dzFbg,west-dundee-illinois
https://www.ubereats.com/chicago/food-delivery/country-donuts/zTTkTzJ5RL-CCgEL63tCXA,west-dundee-illinois
https://www.ubereats.com/chicago/food-delivery/wendys-465-s-mclean-blvd/lJk6VYuKRmmo41HqvSPxHA,west-dundee-illinois
https://www.ubereats.com/chicago/food-delivery/jersey-mikes-subs-hoffman-%26-sutton/Pioq5aqnRzC9u1K74pVyHA,west-dundee-illinois
https://www.ubereats.com/chicago/food-delivery/just-burgerz/LRej17HySxamQveVnTJ8xA,west-dundee-illinois
https://www.ubereats.com/chicago/food-delivery/panda-express-27a-south-western-ave/Hne4K5gbTQ-PYVp4sTi1Kw,west-dundee-illinois
https://www.ubereats.com/chicago/food-delivery/beef-villa-elgin-east/mloedwuRS6-xpXJEBRMnxw,west-dundee-illinois
https://www.ubereats.com/chicago/food-delivery/nicks-pizza-%26-pub-crystal-lake/aWK_K0WYQwCZKfPiTEPp4g,west-dundee-illinois
https://www.ubereats.com/chicago/food-delivery/buona-algonquin/0u5m4zbbREehXI4dJVr_8Q,west-dundee-illinois
https://www.ubereats.com/chicago/food-delivery/golden-corral-1591-s-randall-road/c7nNd6sLTei3_Zgkoz8u_w,west-dundee-illinois
https://www.ubereats.com/chicago/food-delivery/wendys-1001-dundee-avenue/qeTcabDgRl6E7UaSPuBo7Q,west-dundee-illinois
https://www.ubereats.com/chicago/food-delivery/elgin-bbq-pit/l7jDxZalSySkBt4Dbftwvg,west-dundee-illinois
https://www.ubereats.com/chicago/food-delivery/buffalo-wild-wings-5755-northwest-hwy/Ab3NygfuSOO_lxVuMLm1rw,west-dundee-illinois
https://www.ubereats.com/chicago/food-delivery/bulldog-ale-house-algonquin/TT8tVh5YSsSJllXvYaauyg,west-dundee-illinois
https://www.ubereats.com/chicago/food-delivery/beef-shack-elgin/gaYrTfvrT3OSPcJ0B5GboQ,west-dundee-illinois
https://www.ubereats.com/chicago/food-delivery/rookies-all-american-pub-%26-grill-elgin/k3EQObx7SyqLs6sGk5iSFw,west-dundee-illinois
https://www.ubereats.com/chicago/food-delivery/wendys-2280-randall-road/n6V6Ek_gTy-OOYldf9dKbg,west-dundee-illinois
https://www.ubereats.com/chicago/food-delivery/mcdonalds-randall-%26-huntley/uGnFIVAmQRK9sN_kTNnO7w,west-dundee-illinois
https://www.ubereats.com/chicago/food-delivery/kostas-gyros-algonquin/x6tzDji6Rae5HdEvOYW3lg,west-dundee-illinois
https://www.ubereats.com/chicago/food-delivery/huntleys-tacos-locos/dAIS65lFQ4aiIyh8q5tZTg,west-dundee-illinois
https://www.ubereats.com/chicago/food-delivery/hong-express/9rZr5do1Sn6K4m02-89r-A,west-dundee-illinois
https://www.ubereats.com/chicago/food-delivery/panda-express-420-south-randall-rd/d2NTctWcSIy3yN5d9nJ68g,west-dundee-illinois
https://www.ubereats.com/chicago/food-delivery/chipotle-mexican-grill-5006-northwest-hwy-ste-a/BVfCIsPjS2Go8HDyR5LHOw,west-dundee-illinois
https://www.ubereats.com/chicago/food-delivery/panda-express-5260-us-14/-GUBAow_ReKjVq4nbVb3uw,west-dundee-illinois
https://www.ubereats.com/chicago/food-delivery/bamboozels/PR0YWvgBQ3iSh5obB5eD4A,west-dundee-illinois
https://www.ubereats.com/chicago/food-delivery/ruths-chris-steak-house-100-west-higgins-rd/VqoCcTFwT26UTZfrMgUB6g,west-dundee-illinois
https://www.ubereats.com/chicago/food-delivery/la-michoacana-tlax/OzGV35wCSMWP97TRObleIQ,west-dundee-illinois
https://www.ubereats.com/chicago/food-delivery/mcdonalds-8th-st-%26-village-quarter/tmpfq-s0QiWo4MXjJQsaWw,west-dundee-illinois
https://www.ubereats.com/chicago/food-delivery/bubs-subs/ozUscy6KTG--wpq7kf5hFA,west-dundee-illinois
https://www.ubereats.com/chicago/food-delivery/subway-55-clock-tower-dr/pViuGCwbQ-ya3QG0FEdtlQ,west-dundee-illinois
https://www.ubereats.com/chicago/food-delivery/la-mariskera-kitchen-%26-bar/Lyud-NofSue2kDIlFU2aFg,west-dundee-illinois
https://www.ubereats.com/chicago/food-delivery/wendys-6116-northwest-highway/EsGlwNWJSQeiq7fXjSUe9A,west-dundee-illinois
https://www.ubereats.com/chicago/food-delivery/butcher-on-the-block/oMbR2UYYRcmSsK-tPoAqGQ,west-dundee-illinois
https://www.ubereats.com/chicago/food-delivery/tropical-smoothie-cafe-huntley-grove/-lXEViqGR3qQj2xtVQnkvg,west-dundee-illinois
https://www.ubereats.com/chicago/food-delivery/taco-bell-490-randall-road/A32jDrArQp6J3dyr_D8_oA,west-dundee-illinois
https://www.ubereats.com/chicago/food-delivery/jersey-mikes-subs-south-elgin-469-redington-drive/AqhfzXPaSveXEgldP1E8DQ,west-dundee-illinois
https://www.ubereats.com/chicago/food-delivery/subway-400-s-8th-st/y_qOS9dJSmyJ6vtbelY5Qw,west-dundee-illinois
https://www.ubereats.com/chicago/food-delivery/moes-southwest-grill-4589-west-higgins-road/KR1r75Z9TfeedkTgH6HeFw,west-dundee-illinois
https://www.ubereats.com/chicago/food-delivery/rosatis-pizza-crystal-lake/X7OrBaoSQfSqFpoqpcSOHA,west-dundee-illinois
https://www.ubereats.com/chicago/food-delivery/capital-greens-elgin/7xQTqoL9QdyWr01jeKiDoA,west-dundee-illinois
https://www.ubereats.com/chicago/food-delivery/brunch-cafe-huntley/aMwoIJhrS_6Fxk03PwmyJw,west-dundee-illinois
https://www.ubereats.com/chicago/food-delivery/dunkin-95-clock-tower-plz/lgmtHQg3T-C70Gw4vu0qKA,west-dundee-illinois
https://www.ubereats.com/chicago/food-delivery/potbelly-sandwich-shop-south-barrington-%7C-192/SHzgDFm7QKCIyGAUmtk9wg,west-dundee-illinois
https://www.ubereats.com/chicago/food-delivery/noodles-%26-company-895-s-randall-rd/LHWJwX0ySxuCfcYY0iV8KQ,west-dundee-illinois
https://www.ubereats.com/chicago/food-delivery/dennys-200-springhill-dr/LrLTfHywSxyS_Sj1QrPwdg,west-dundee-illinois
https://www.ubereats.com/chicago/food-delivery/ihop-northwest-%26-virginia/HtnLFZ4tSuKXwowPofcmpA,west-dundee-illinois
https://www.ubereats.com/chicago/food-delivery/joes-barbeque-and-fish-elgin/cFHwr_ITTQST2_Ybf0NoHA,west-dundee-illinois
https://www.ubereats.com/chicago/food-delivery/buffalo-wild-wings-2540-new-sutton-road/zxW7oLFGTbOQNyzCD1rn1A,west-dundee-illinois
https://www.ubereats.com/chicago/food-delivery/douangchays-kitchen-dba-roll-n-donut-cafe/wwLvNLe4QiyXq-V6qdXkpQ,west-dundee-illinois
https://www.ubereats.com/chicago/food-delivery/bangkok-thai-%26-sushi-restaurant/CISOSV7OSTGx_OijxzzSaQ,west-dundee-illinois
https://www.ubereats.com/chicago/food-delivery/honeyberry-cafe/teM_9ISVRXGVcjCUOo_Ocg,west-dundee-illinois
https://www.ubereats.com/chicago/food-delivery/thumka-indian-express/2x84Q843RiKL57eVmiy-ng,west-dundee-illinois
https://www.ubereats.com/chicago/food-delivery/dunkin-1469-s-randall-rd/SNEzs-ISQm27c0KnB0gbaw,west-dundee-illinois
https://www.ubereats.com/chicago/food-delivery/las-cazuelitas/hxwUkghzTOSBlQGBfdwIpA,west-dundee-illinois
https://www.ubereats.com/chicago/food-delivery/mcalisters-deli-randall-%26-bowes/77xKJaUfTjyliPwaFacESA,west-dundee-illinois
https://www.ubereats.com/chicago/food-delivery/subway-1145-dundee-ave/_-S8y-VEQn65b5ZWsw6brg,west-dundee-illinois
https://www.ubereats.com/chicago/food-delivery/galloways-chicago-subs/DSA82CWRS-ykaR4TwJdBeQ,west-dundee-illinois
https://www.ubereats.com/chicago/food-delivery/papa-johns-main/5IjKolbiShOyWCHOktCwXQ,west-dundee-illinois
https://www.ubereats.com/chicago/food-delivery/wendys-245-s-randall-rd/PN6kRU28SjiM9fV2UkHbEg,west-dundee-illinois
https://www.ubereats.com/chicago/food-delivery/subway-3191-us-rt-20/eWpUhmPlSo-XrBJBP3hHJQ,west-dundee-illinois
https://www.ubereats.com/chicago/food-delivery/starbucks-8th-%26-geneva/ZLTdDm5sTRmqIDR7wXQs9A,west-dundee-illinois
https://www.ubereats.com/chicago/food-delivery/panda-express-4585-w-higgins-rd/4lSrgisHR6C3a_WkaZM7Uw,west-dundee-illinois
https://www.ubereats.com/chicago/food-delivery/fiesta-del-mar/zqqiUepXRZOdjwAWuPqruQ,west-dundee-illinois
https://www.ubereats.com/chicago/food-delivery/nicks-pizza-%26-pub-elgin/du43wTMuR-KmroKdDUcjjw,west-dundee-illinois
https://www.ubereats.com/chicago/food-delivery/kfc-465-dundee-ave/k4s4HJkaSwqbjpSVrAh5yQ,west-dundee-illinois
https://www.ubereats.com/chicago/food-delivery/starbucks-randall-%26-acorn/83HKZ9MtR6-OiZh266Xmww,west-dundee-illinois
https://www.ubereats.com/chicago/food-delivery/chipotle-mexican-grill-412-s-randall-rd/SQQ2M_ZrSpuEOMiJoyr3kA,west-dundee-illinois
https://www.ubereats.com/chicago/food-delivery/apizzaco-elgin/gHeVjaACTJCzOl6QnxgrRA,west-dundee-illinois
https://www.ubereats.com/chicago/food-delivery/kfc-415-south-randall-road/dkX0A8KcR8ibePz2hKVPrw,west-dundee-illinois
https://www.ubereats.com/chicago/food-delivery/ma-burger-and-brews-co/DUJ-1jQvTCC27cAoDvBO9A,west-dundee-illinois
https://www.ubereats.com/chicago/food-delivery/mcdonalds-st-charles-%26-russell/UHO2XPscQWqq76xxt60P4A,west-dundee-illinois
https://www.ubereats.com/chicago/food-delivery/subway-275-randall-rd/O8HFYboBQgqFzqc1VVs2MA,west-dundee-illinois
https://www.ubereats.com/chicago/food-delivery/mr-wok/7rpEKHR3SKKSaCLdJAFNvg,west-dundee-illinois
https://www.ubereats.com/chicago/food-delivery/taco-bell-420-virginia-st/2ct1Jc4fTwK8vYMAkSNAWg,west-dundee-illinois
