url,city
https://www.ubereats.com/denver/food-delivery/wendys-1905-w-6th-ave/tfvWCi-1QK2M5Cs-UsMeig,westminster-colorado
https://www.ubereats.com/denver/food-delivery/noodles-%26-company-6408-yank-way-ste-a/CzBocsNhTkGtyoU7Mj7NTw,westminster-colorado
https://www.ubereats.com/denver/food-delivery/wienerschnitzel-3030-west-72nd-avenue/zuUj2xjXRLGl3obRJPnEAA,westminster-colorado
https://www.ubereats.com/denver/food-delivery/saltgrass-8931-north-yates-street/Tjve5YA-QlST_O5JY99mbw,westminster-colorado
https://www.ubereats.com/denver/food-delivery/sports-column/GUWIiHE4QZ2ZjGqm9o1_rQ,westminster-colorado
https://www.ubereats.com/denver/food-delivery/burger-king-2601-sheridan-boulevard/zcMf5P0rRYu07ehTbmpMtw,westminster-colorado
https://www.ubereats.com/denver/food-delivery/mcdonalds-45th-%26-washington/Z4FRkt5aQESiqdGSkkjK4A,westminster-colorado
https://www.ubereats.com/denver/food-delivery/namaste-india-restaurant-and-bar/qqKSW1RNTZKVgKXda9k0yg,westminster-colorado
https://www.ubereats.com/denver/food-delivery/sonic-2463-sheridan-blvd/-N2dEXsJSOO0MRQuFwR-kA,westminster-colorado
https://www.ubereats.com/denver/food-delivery/el-pollo-feliz/eKOx30xvTSaCbxwgkdUqhg,westminster-colorado
https://www.ubereats.com/denver/food-delivery/kickin-wings/lwjUefmNQqmbbsPXf34_ww,westminster-colorado
https://www.ubereats.com/denver/food-delivery/meenas-restaraunt/tMxRHpjIQqSbUa38ztH0SA,westminster-colorado
https://www.ubereats.com/denver/food-delivery/taqueria-la-esperanza/7wHa8Ye_R3aqGT0k7fW6Ng,westminster-colorado
https://www.ubereats.com/denver/food-delivery/old-chicago-66-145-union-blvd/q1OB9b9qRCGekJFvuTmjBA,westminster-colorado
https://www.ubereats.com/denver/food-delivery/arepas-caribbean-food/N7A3S-_RRAmLzbBn-sP0xQ,westminster-colorado
https://www.ubereats.com/denver/food-delivery/mod-pizza-diamond-circle/g_SY2MeGQY6fmy7xJdbrjA,westminster-colorado
https://www.ubereats.com/denver/food-delivery/viva-burrito-denver/TbSnnSs_T7S-yXksNRM9zw,westminster-colorado
https://www.ubereats.com/denver/food-delivery/mcdonalds-120th-%26-sheridan/32SVk_PyTZKQ5taMBfGKpA,westminster-colorado
https://www.ubereats.com/denver/food-delivery/popeyes-9747-washington-street/iAVjNxdoTuuFDl7W-kxVtw,westminster-colorado
https://www.ubereats.com/denver/food-delivery/golden-town-chinese/6NIZxMk1T0-R34WidH1Aow,westminster-colorado
https://www.ubereats.com/denver/food-delivery/pizzeria-locale-highlands/fmiv7OpcRk6A3HqFZNeoIg,westminster-colorado
https://www.ubereats.com/denver/food-delivery/zoes-coffee-decatur-st/PkF8K2dGTYG4o35-iloEzg,westminster-colorado
https://www.ubereats.com/denver/food-delivery/sonic-2440-w-128th-ave/7YsutCyeTjCPd5A2ATvGvg,westminster-colorado
https://www.ubereats.com/denver/food-delivery/qdoba-8031-wadsworth-blvd/tnWvdFYDRBWnxVnhuvJv2g,westminster-colorado
https://www.ubereats.com/denver/food-delivery/buffalo-wild-wings-16540-washington-st/Hp5Ep7V_QluzWMLExHDMyQ,westminster-colorado
https://www.ubereats.com/denver/food-delivery/cooks-fresh-market/V9X_z04yRIenvkJS38A0IA,westminster-colorado
https://www.ubereats.com/denver/food-delivery/huhot-mongolian-grill-14697-delaware-st-ste-1500/QXLONPFFQkupBpbwXxSjDQ,westminster-colorado
https://www.ubereats.com/denver/food-delivery/the-delectable-egg-westminster/Wl5nBJJNQfGYQNkxyJgEfw,westminster-colorado
https://www.ubereats.com/denver/food-delivery/wendys-2681-e-120th-ave/dPir-uS-QxSjbpAB4CG7OQ,westminster-colorado
https://www.ubereats.com/denver/food-delivery/the-simple-greek-%2346/TzY7GNAqSP6a0A7CbhpCsQ,westminster-colorado
https://www.ubereats.com/denver/food-delivery/taco-bell-4901-east-60th-ave/MhkFlGooQTe2DuHvRteGAw,westminster-colorado
https://www.ubereats.com/denver/food-delivery/churchs-chicken-4925-n-federal-blvd/2fwHo5PYR6mIbCOszzSydA,westminster-colorado
https://www.ubereats.com/denver/food-delivery/tgi-fridays-569-thornton-colorado-co/f4ZWmkvPRBSThO6IE44cDg,westminster-colorado
https://www.ubereats.com/denver/food-delivery/wendys-6290-n-sheridan-blvd/TOHOq7N5TeqIbwuOK--Lyg,westminster-colorado
https://www.ubereats.com/denver/food-delivery/subway-120th-washington/KsvQEZpAQly7P5E5Hf2UOA,westminster-colorado
https://www.ubereats.com/denver/food-delivery/the-butcher-block-cafe-washington-st/vin2rxPTQM-ZABsIPfG00A,westminster-colorado
https://www.ubereats.com/denver/food-delivery/kfc-7140-pecos-street/N3YkhPhKQzG14yyWJZKKUg,westminster-colorado
https://www.ubereats.com/denver/food-delivery/wild-corgi-pub/DyrikeOZR1-yZx5XUTsnJg,westminster-colorado
https://www.ubereats.com/denver/food-delivery/lakeside-pho/LP1dlaB-S6uITz6DFp8C4A,westminster-colorado
https://www.ubereats.com/denver/food-delivery/subway-5076-w-92nd-ave/Buv-LXikTl2ZNgsO9T74pg,westminster-colorado
https://www.ubereats.com/denver/food-delivery/mcdonalds-thornton-120th/eMhMwn4mTDOD7O_b5cigcw,westminster-colorado
https://www.ubereats.com/denver/food-delivery/saffron-grill/4NQNqjjbRWGRXGlFNqHA2A,westminster-colorado
https://www.ubereats.com/denver/food-delivery/oscars-kabob-and-gyros/dwaJNLoOTee4PwA7lNMfSQ,westminster-colorado
https://www.ubereats.com/denver/food-delivery/jersey-mikes-subs-5095-kipling-st-suite-110/Va8mrIApSfSFwfnbsyCu0w,westminster-colorado
https://www.ubereats.com/denver/food-delivery/jersey-mikes-subs-westminster-12003-n-pecos-street/OFbBfFdoQRqw2KNKXzm7Pw,westminster-colorado
https://www.ubereats.com/denver/food-delivery/anthonys-pizza-%26-pasta-lakewood/RfmUoCiuTGS8LcA1ZVZnUA,westminster-colorado
https://www.ubereats.com/denver/food-delivery/red-robin-204-7460-w-52nd-ave/GCG61srERViHyQvxWoHKmQ,westminster-colorado
https://www.ubereats.com/denver/food-delivery/churchs-chicken-8661-n-washington-street/EvLTZaHjQnyC1ojrawq_zA,westminster-colorado
https://www.ubereats.com/denver/food-delivery/arbys-397/0nNBeSKnTEW5lz3Ot5i4WA,westminster-colorado
https://www.ubereats.com/denver/food-delivery/huhot-mongolian-grill-7450-w-52nd-ave/ADTdzRkwR-2tSb0tTtgYGw,westminster-colorado
https://www.ubereats.com/denver/food-delivery/los-3-garcias-mexican-restaurant-arvada/k146MhsXQbaX_u4RmrQhsg,westminster-colorado
https://www.ubereats.com/denver/food-delivery/papa-johns-7305-east-35th-avenue/oMw9gUNlRriP1Jr8_DmWAA,westminster-colorado
https://www.ubereats.com/denver/food-delivery/gyu-kaku-japanese-bbq-denver/7ZMYXwgsSSqKUCGG5wm1Nw,westminster-colorado
https://www.ubereats.com/denver/food-delivery/outback-steakhouse-9329-north-sheridan-boulevard/EzW8domyRYyj-eD__mvp4w,westminster-colorado
https://www.ubereats.com/denver/food-delivery/noodles-%26-company-8071-wadsworth-blvd-unit-1-c/u78w68uJT-iZ2IV0jItviA,westminster-colorado
https://www.ubereats.com/denver/food-delivery/starbucks-84th-and-pearl-thornton/rLN9z2l0S_6gO6jcU6a8MA,westminster-colorado
https://www.ubereats.com/denver/food-delivery/chipotle-mexican-grill-3600-w-32nd-ave-ste-a/KQxegtE-RMi1BDjq_W146Q,westminster-colorado
https://www.ubereats.com/denver/food-delivery/uncle-maddios-pizza-westminster/0AWSgIOTQjSonTEHWCjVKQ,westminster-colorado
https://www.ubereats.com/denver/food-delivery/elevated-seltzer/qBE-0cpQQqSwrsJXM828Cw,westminster-colorado
https://www.ubereats.com/denver/food-delivery/tacos-el-divino/1AP6VfqQTSOisPKiM4uBlA,westminster-colorado
https://www.ubereats.com/denver/food-delivery/nighthawk-brewery/2ZtNvkAkRKOD0LZh9QiXvQ,westminster-colorado
https://www.ubereats.com/denver/food-delivery/ihop-1830/E9OPjig3QJOmVIuJQ-4FBw,westminster-colorado
https://www.ubereats.com/denver/food-delivery/noodles-%26-company-10355-federal-blvd-unit-h/fA1QGJc2QIyPpljvuRxAMQ,westminster-colorado
https://www.ubereats.com/denver/food-delivery/arbys-285/9WHJc_2URqS56dN0LkSYcg,westminster-colorado
https://www.ubereats.com/denver/food-delivery/boston-market-3820-n-wadsworth-blvd/DwGInmjsRwugn3BBH-q9Ag,westminster-colorado
https://www.ubereats.com/denver/food-delivery/taco-bell-8401-washington-st/40kOvSQHSI6bqkKNaVYYqA,westminster-colorado
https://www.ubereats.com/denver/food-delivery/mykings-icecream/aLVRXA4CQnGLR6L8O9frHQ,westminster-colorado
https://www.ubereats.com/denver/food-delivery/starbucks-64th-%26-ward/fZuNUjYWQ9i7qaXCV4NtKQ,westminster-colorado
https://www.ubereats.com/denver/food-delivery/fazolis-460-e-120th-ave/krkcnfUeQbaiMcjd8ar_lg,westminster-colorado
https://www.ubereats.com/denver/food-delivery/a%26w-2581-e-120th-ave/hSouGxXLQBCg2ziaecnMeA,westminster-colorado
https://www.ubereats.com/denver/food-delivery/wendys-1500-e-104th-ave/awMNBhnCSGuXX15T-2vHkg,westminster-colorado
https://www.ubereats.com/denver/food-delivery/papa-johns-10401-belle-creek-blvd/jOHQ0BKHTaafhfx66id2_g,westminster-colorado
https://www.ubereats.com/denver/food-delivery/gque-bbq/DasuJIzJQpSOhzOb_zSz6Q,westminster-colorado
https://www.ubereats.com/denver/food-delivery/tuk-tuk-thai-lakewood/rNpemVJsTbuHcbWiNOnp2Q,westminster-colorado
https://www.ubereats.com/denver/food-delivery/mcdonalds-fed-hghts-co-104th-%26-eliot/7rxlz0ydQxK6X7V5XEPgGg,westminster-colorado
https://www.ubereats.com/denver/food-delivery/subway-7312-federal-blvd/4k7Z2R2EQKelcPN2WRWJSQ,westminster-colorado
https://www.ubereats.com/denver/food-delivery/five-guys-co-1840-14326-lincoln-st/yGMIe56iTO2enCIL6Nb0lw,westminster-colorado
https://www.ubereats.com/denver/food-delivery/dairy-queen-treat-721-w-84th-ave/enROvSUmTfuhEq3ZPnwo1w,westminster-colorado
https://www.ubereats.com/denver/food-delivery/el-jefe-tacos-%26-burritos/VLoR71wOQCqOvDvssrf-bw,westminster-colorado
https://www.ubereats.com/denver/food-delivery/mcdonalds-den-pencol/NmrXefMST8mchPZWh5H40A,westminster-colorado
https://www.ubereats.com/denver/food-delivery/the-old-spaghetti-factory-westminster/6FHCldXkSUyzlEd5j2WAvw,westminster-colorado
https://www.ubereats.com/denver/food-delivery/mariscos-el-berrinches/BeNvXl9bTpCzfxm03BALJw,westminster-colorado
https://www.ubereats.com/denver/food-delivery/smashburger-832-e-120th-ave/Kih-KAtCRuyuq92zAOg3CA,westminster-colorado
https://www.ubereats.com/denver/food-delivery/blackjack-pizza-and-salads-8410-federal-blvd/RMnBMfEFQ7mKm-fRzLVi5A,westminster-colorado
https://www.ubereats.com/denver/food-delivery/denver-pizza-company-gofy/ijFosxZ1SUWZh4Fb2s9F4g,westminster-colorado
https://www.ubereats.com/denver/food-delivery/tamale-kitchen-denver/Rsky7FUrT92DyXjwIaCAkw,westminster-colorado
https://www.ubereats.com/denver/food-delivery/subway-9987-wadsworth-parkway/w8oaHQtGRSGA0WNTuigxjg,westminster-colorado
https://www.ubereats.com/denver/food-delivery/great-scotts-eatery-denver/0MeGAEnaT0i4hUiVH5Rtyg,westminster-colorado
https://www.ubereats.com/denver/food-delivery/chipotle-mexican-grill-14452-orchard-pkwy/-IuyXvCcTaG2lxR5ELrvbA,westminster-colorado
https://www.ubereats.com/denver/food-delivery/taco-bell-3901-e-120th-ave/uuh5xY19TVyRdHf-uIahTA,westminster-colorado
https://www.ubereats.com/denver/food-delivery/faifo-pho-%26-grill/McvDXjaMRoq-ryasBOcS3Q,westminster-colorado
https://www.ubereats.com/denver/food-delivery/panera-10450-town-center-drive/WbAFT-B8SWKimOVwJl0w-A,westminster-colorado
https://www.ubereats.com/denver/food-delivery/wendys-3955-wadsworth-blvd/FDdDiuXqT5OSJ3Ha7CqxNw,westminster-colorado
https://www.ubereats.com/denver/food-delivery/twin-peaks-299-e-flatiron-crossing-dr/_D7vrR5aStWe9CnFOkfQbg,westminster-colorado
https://www.ubereats.com/denver/food-delivery/taco-bell-450-w-south-boulder-rd/NsGsSi59SBCRNMe6gpbYvw,westminster-colorado
https://www.ubereats.com/denver/food-delivery/deleon-cafe/LeRGnUBTRSWPXaGJg0x6iA,westminster-colorado
https://www.ubereats.com/denver/food-delivery/tropical-smoothie-cafe-5830-independence-street-suite-100/Mjn5sp9LQWy1Nwds7QPdfA,westminster-colorado
https://www.ubereats.com/denver/food-delivery/burger-king-666-e-104th-ave/jpGETg0PRouqReAVlLEILQ,westminster-colorado
https://www.ubereats.com/denver/food-delivery/california-pizza-kitchen-1-west-flatiron-circle-%231120/k1-LFlCASou0rLSse1El-g,westminster-colorado
https://www.ubereats.com/denver/food-delivery/cold-stone-creamery-1281-e-120th-ave/cd2hA4YkSGagWHwvpdl20w,westminster-colorado
https://www.ubereats.com/denver/food-delivery/caribou-coffee-10611-westminster-blvd/qLc3nzh7RF-CYdwNk-ya-Q,westminster-colorado
https://www.ubereats.com/denver/food-delivery/subway-86th-washington/_x6OlzCSTnifIzdEDszd8w,westminster-colorado
https://www.ubereats.com/denver/food-delivery/wendys-9209-sheridan-blvd/3yEnzOanSbKyTJWba0KpSg,westminster-colorado
https://www.ubereats.com/denver/food-delivery/fat-shack-thornton/BDHyN6rDSN2LY_hrCO5J4Q,westminster-colorado
https://www.ubereats.com/denver/food-delivery/burger-king-1717-west-38th-avenue/-_ELWm8SR_WSKCQVOldNlA,westminster-colorado
https://www.ubereats.com/denver/food-delivery/yogurt-brothers/4GIXE6XeRY2mfvKXhDN1LQ,westminster-colorado
https://www.ubereats.com/denver/food-delivery/five-guys-co-1588-14630-west-colfax-ave/ZeX8zyYDSiiEoAXMs73Ajw,westminster-colorado
https://www.ubereats.com/denver/food-delivery/the-garlic-knot-westminster/2T79uqw4SZqPhqgkifHokQ,westminster-colorado
https://www.ubereats.com/denver/food-delivery/garbanzo-mediterranean-grill-highlands/nKn88dCwQ3O6TNfvqlPXSg,westminster-colorado
https://www.ubereats.com/denver/food-delivery/hunter-bay-coffee-roasters/hkBPudJ3RNS9cRsihv6U0A,westminster-colorado
https://www.ubereats.com/denver/food-delivery/mt-fuji-japanese-sushi-%26-hibachi-restaurant-arvada/lE9HHS8YQUK7EbvwaO6SGQ,westminster-colorado
https://www.ubereats.com/denver/food-delivery/bubba-chinos-mexican-grilled-burritos/c4y3YzGiSDO5NsulyM64Cw,westminster-colorado
https://www.ubereats.com/denver/food-delivery/papa-johns-8025-sheridan-blvd/zYq1bt1JSIO4a1SlkdOgIQ,westminster-colorado
https://www.ubereats.com/denver/food-delivery/mcdonalds-thornton-co-120th-%26-washington/63c7dojeTlukUWjY9-HkCA,westminster-colorado
https://www.ubereats.com/denver/food-delivery/papa-johns-5160-w-120th-ave/HfB8AhPYSeuAAOrTQ6-oMw,westminster-colorado
https://www.ubereats.com/denver/food-delivery/jack-in-the-box-9703-washington-st/uXx0SOTuT9y9zJ_vX635aw,westminster-colorado
https://www.ubereats.com/denver/food-delivery/the-chicken-coup-westminster/2HRigPmhTlyMLAufv6igcg,westminster-colorado
https://www.ubereats.com/denver/food-delivery/qdoba-7611-w-colfax-ave/ziYSBRvVRTCvcRUelRGpIQ,westminster-colorado
https://www.ubereats.com/denver/food-delivery/heat-asian-bistro/4JQWhE1KRL6tL9MGCrDLSQ,westminster-colorado
https://www.ubereats.com/denver/food-delivery/taco-river-westminster/entXlg0IQc2ihA6zzDsTkw,westminster-colorado
https://www.ubereats.com/denver/food-delivery/tokyo-joes-9585-ralston-rd-ste-300/toKog653RomGcEPcADAZeA,westminster-colorado
https://www.ubereats.com/denver/food-delivery/mad-greens-120th-%26-huron/9OJFp-cLQh2Sw1-klEbwFQ,westminster-colorado
https://www.ubereats.com/denver/food-delivery/the-butchery-steaks-chops-%26-seafood/-Ep6OKtnT5iF2U3KgxVJcQ,westminster-colorado
https://www.ubereats.com/denver/food-delivery/five-guys-co-1763-570-zang-st/_XT5fkG5TVuGGGKjGfyw8A,westminster-colorado
https://www.ubereats.com/denver/food-delivery/chipotle-mexican-grill-7355-w-colfax-ave-unit-103/RRv6Q9qPQh-vFc31xvlEjQ,westminster-colorado
https://www.ubereats.com/denver/food-delivery/motomaki-lakewood/Ult2uHkSRIitvVyJGjtzsw,westminster-colorado
https://www.ubereats.com/denver/food-delivery/dessert-stand-%26-waffle-cakes/IiGKOu2KS026t4Ki_ZnV5g,westminster-colorado
https://www.ubereats.com/denver/food-delivery/colorado-breakfast-llc/CMBgaOa-QfKQTX329qjBLA,westminster-colorado
https://www.ubereats.com/denver/food-delivery/menuderia-y-taqueria-chihuas/X7rjPmODTJ2FvdewSZBVdw,westminster-colorado
https://www.ubereats.com/denver/food-delivery/tokyo-joes-8770-wadsworth-blvd-unit-a/d-dOilpAQTu-aO3471GpFg,westminster-colorado
https://www.ubereats.com/denver/food-delivery/kfc-6400-west-120th-avenue/nbqqE1EET7GYEXt6wi-w8Q,westminster-colorado
https://www.ubereats.com/denver/food-delivery/viva-burrito-federal/deMmdNefQwCskiQBdR2F1w,westminster-colorado
https://www.ubereats.com/denver/food-delivery/old-chicago-18-8711-wadsworth-blvd/Qp93VWeNQQmuCyhGK0RX8A,westminster-colorado
https://www.ubereats.com/denver/food-delivery/first-watch-ralston/49j0-ufQQ4KgSx8-_DIAag,westminster-colorado
https://www.ubereats.com/denver/food-delivery/renegade-burrito-thornton/U1-u4ypgTVaQoTDZySfMeA,westminster-colorado
https://www.ubereats.com/denver/food-delivery/pho-78-broomfield/WOTmWI2HQ0mSnmy4julKLg,westminster-colorado
https://www.ubereats.com/denver/food-delivery/el-camaron-loco-commerce-city/Xe0L_hHSS8ywkAw2BCsE6Q,westminster-colorado
https://www.ubereats.com/denver/food-delivery/mcdonalds-denver-w-104th/yMg9fLHUS8mZwNcAuRvb7Q,westminster-colorado
https://www.ubereats.com/denver/food-delivery/sushi-star/MgZsWb0sRxO0rQ4y9IxRcw,westminster-colorado
https://www.ubereats.com/denver/food-delivery/high-point-creamery-rino/1aID7XweTa6yaXpFOryllg,westminster-colorado
https://www.ubereats.com/denver/food-delivery/applebees-100-west-104th-avenue-%2384040/o5_U6w1MT5q8XSp5jkQYyA,westminster-colorado
https://www.ubereats.com/denver/food-delivery/taco-bell-6390-sheridan-blvd/0sLbDoG9TjKN14fn0TAU0A,westminster-colorado
https://www.ubereats.com/denver/food-delivery/los-arcos-express-federal-heights/x5tK3TaISJ-_raBROSSr7A,westminster-colorado
https://www.ubereats.com/denver/food-delivery/mcdonalds-84th-and-huron/Bfi-t28VT9qaW4n9N1NEVw,westminster-colorado
https://www.ubereats.com/denver/food-delivery/first-watch-northglenn/UYDMwAKXQVWlW-SMsqnkVw,westminster-colorado
https://www.ubereats.com/denver/food-delivery/mcdonalds-80th-%26-wadsworth/smgZZlb7Sc27abt5IiXMdQ,westminster-colorado
https://www.ubereats.com/denver/food-delivery/yellowbelly-arvada/1cANmJJmTb60QWCCbT_zFQ,westminster-colorado
https://www.ubereats.com/denver/food-delivery/yp-hello-asian-grill/xDbGM0YUTJCnWk3jbuxsVw,westminster-colorado
https://www.ubereats.com/denver/food-delivery/pizzeria-forte-edgewater/GU7yyDefSt2ykJWiEJcgQA,westminster-colorado
https://www.ubereats.com/denver/food-delivery/cava-4550-main-st-unit-600/Uz_qzNYwRfKdXQqfci1u5w,westminster-colorado
https://www.ubereats.com/denver/food-delivery/rush-bowls-broomfield/44sqzMT6QW-RAuqMnYLfpA,westminster-colorado
https://www.ubereats.com/denver/food-delivery/casa-don-juan/AWsPNRccQrStu9tKHPrU7w,westminster-colorado
https://www.ubereats.com/denver/food-delivery/starbucks-92nd-and-sheridan/k6n8kMhqS36tqWQwajKxTw,westminster-colorado
https://www.ubereats.com/denver/food-delivery/godfathers-pizza-thornton/CU6TWuOLQ0i8tPHsAj3Ahw,westminster-colorado
https://www.ubereats.com/denver/food-delivery/tropical-smoothie-cafe-7303-federal-boulevard/4BlJeJvlQzCM9uL1nAQtlg,westminster-colorado
https://www.ubereats.com/denver/food-delivery/sugarfire-smoke-house/s-1MhnhFTFOZDJ1zwwrHyw,westminster-colorado
https://www.ubereats.com/denver/food-delivery/world-juice-bar-at-hmart/SY4yolrBStWevFm8VaJZ9w,westminster-colorado
https://www.ubereats.com/denver/food-delivery/arbys-6837/noZTK8y7Q4yzY72ALtNAVA,westminster-colorado
https://www.ubereats.com/denver/food-delivery/ihop-center/vvuMXZ_nRPWk3TlbBcWHtg,westminster-colorado
https://www.ubereats.com/denver/food-delivery/noodles-%26-company-3294-youngfield-st-unit-f/G41KqfSwR5GRZOdixaI6ow,westminster-colorado
https://www.ubereats.com/denver/food-delivery/wendys-5775-logan-st/q67rysmaS8W4KEbd3pV6bw,westminster-colorado
https://www.ubereats.com/denver/food-delivery/mod-pizza-westminster-promenade/CrlMus8dSb2Z9hyrMKdCFg,westminster-colorado
https://www.ubereats.com/denver/food-delivery/subway-555-hwy-287/O-o1xxcbSvCeWefZ6bciKg,westminster-colorado
https://www.ubereats.com/denver/food-delivery/kneaders-bakery-%26-cafe-arvada/QlOY7ChDSNa4uimbi7alAA,westminster-colorado
https://www.ubereats.com/denver/food-delivery/rice-bowl-chinese-cafe/fN2HaP3VSoqd5nGUOiB3Iw,westminster-colorado
https://www.ubereats.com/denver/food-delivery/chipotle-mexican-grill-3294-youngfield-st-ste-a/HL3tC0tFTVSQsotMXNLXhA,westminster-colorado
https://www.ubereats.com/denver/food-delivery/the-garlic-knot-thornton/VhLubwhRSK28GuqnBbovdw,westminster-colorado
https://www.ubereats.com/denver/food-delivery/zona-cero-la-casa-del-rock-en-espanol/N2rsrqikSMGOi1kf9wW2yg,westminster-colorado
https://www.ubereats.com/denver/food-delivery/dairy-queen-grill-%26-chill-10140-grant-st/231zQHblToGRPl7cKFHx4A,westminster-colorado
https://www.ubereats.com/denver/food-delivery/pita-pit-westminster/L9-kKel2Rii49lVMvlGVIw,westminster-colorado
https://www.ubereats.com/denver/food-delivery/chipotle-mexican-grill-5324-wadsworth-byp-unit-g/caX5yfqET-uTmT2JtcAmzg,westminster-colorado
https://www.ubereats.com/denver/food-delivery/3-margaritas-westminster/3_piEpg_To2U7drSfX9k4A,westminster-colorado
https://www.ubereats.com/denver/food-delivery/newks-eatery-7450-w-52nd-ave/1EutOlH0R0ucmTfqxgkseg,westminster-colorado
https://www.ubereats.com/denver/food-delivery/thai-house/jYSNLRbuQveJsFUHQ7ccxg,westminster-colorado
https://www.ubereats.com/denver/food-delivery/jackie-chan-chinese-kitchen/7mnHRZxxRPiluTBTsc_U9Q,westminster-colorado
https://www.ubereats.com/denver/food-delivery/sweet-cow-ice-cream-denver-highlands/8npl_cUGRcGL4arxnQ7QJw,westminster-colorado
https://www.ubereats.com/denver/food-delivery/the-broken-cage/kFsvlZaxQvywlZJYKDCNzw,westminster-colorado
https://www.ubereats.com/denver/food-delivery/golden-crust-pizza-%26-subs/fquNLiMnTZ6xp0WT6p248g,westminster-colorado
https://www.ubereats.com/denver/food-delivery/la-torteria/AAdHHBrTRSK7BW46NVzJkA,westminster-colorado
https://www.ubereats.com/denver/food-delivery/taco-bell-4795-kipling-st/6rjmsd9-Tveq8mcyr-MxHg,westminster-colorado
https://www.ubereats.com/denver/food-delivery/firehouse-subs-7961-wadsworth-blvd/oXGRqWh1RL-rRUWCCc9ZOg,westminster-colorado
https://www.ubereats.com/denver/food-delivery/south-philly-cheese-steaks-arvada/y2Xp38dTTWq-ODf5XPZTrQ,westminster-colorado
https://www.ubereats.com/denver/food-delivery/kokoro-arvada/kXEbwBb3RNaRhirkKWR5WA,westminster-colorado
https://www.ubereats.com/denver/food-delivery/colorado-plus-brewpub/PQ_tiBaHRNupwY6Syk_CLw,westminster-colorado
https://www.ubereats.com/denver/food-delivery/el-aguascalientes/sOHbEa7zTPq66Dc6j0nxmA,westminster-colorado
https://www.ubereats.com/denver/food-delivery/blackjack-pizza-%26-salads-6465-w-colfax-ave/N1sQT10mROaSL8oiN9IfTg,westminster-colorado
https://www.ubereats.com/denver/food-delivery/sonic-12820-w-alameda-pkwy/m3enbWUPS7amzgedDlq-Bg,westminster-colorado
https://www.ubereats.com/denver/food-delivery/fazolis-5480-wadsworth-bypass/6yd96BHzQraT7Br5KDc0GA,westminster-colorado
https://www.ubereats.com/denver/food-delivery/qdoba-12027-w-alameda-pkwy/jKCowuMoQJmlU41DWowo1w,westminster-colorado
https://www.ubereats.com/denver/food-delivery/taco-mex/EntfdzIlTmSCOs-Q0Ps5Zg,westminster-colorado
https://www.ubereats.com/denver/food-delivery/the-real-deal-smoothies-%26-latin-food/lYr_FwzfRYWM2BfqRwEjdQ,westminster-colorado
https://www.ubereats.com/denver/food-delivery/zaika-indian-cuisine/fXpBDh3UQdWwssIzEd24pg,westminster-colorado
https://www.ubereats.com/denver/food-delivery/mcdonalds-westminster-co-128th-%26-zuni/roySJ-k-R1OmQotWO3acrQ,westminster-colorado
https://www.ubereats.com/denver/food-delivery/sonic-drive-in-8711-washington-st/zmNYW9A9RwG9Srhi4WR86g,westminster-colorado
https://www.ubereats.com/denver/food-delivery/tlaquesalsa/laGrBxphSg2gMTDlL27ucg,westminster-colorado
https://www.ubereats.com/denver/food-delivery/chipotle-mexican-grill-815-thornton-pkwy/iW2ZtRq_S6C6ZTCjDoUmdQ,westminster-colorado
https://www.ubereats.com/denver/food-delivery/sonic-9500-north-federal-blvd/yQjn0ifJR7mj6JT5ZTJXxA,westminster-colorado
https://www.ubereats.com/denver/food-delivery/gb-fish-%26-chips-arvada/fztpR3c0RZCv14QgqDMXzw,westminster-colorado
https://www.ubereats.com/denver/food-delivery/old-chicago-9-3909-east-120th-ave/dFJ9ShnAS82XxJ4ykRXMmg,westminster-colorado
https://www.ubereats.com/denver/food-delivery/popeyes-550-w-84th-ave/IkUPULI0SYaJwgkyiKHCFw,westminster-colorado
https://www.ubereats.com/denver/food-delivery/lazy-dog-restaurant-%26-bar-westminster/RRWAdC2kQ0WWuL3_5ubCrA,westminster-colorado
https://www.ubereats.com/denver/food-delivery/yaye-organics/iQpMxzOzRuyHS2DCGsqt3A,westminster-colorado
https://www.ubereats.com/denver/food-delivery/slavinka-cafe/E_jW0HGDSHKnLGoIkhr72w,westminster-colorado
https://www.ubereats.com/denver/food-delivery/jack-in-the-box-6015-e-parkway-dr/MhlJABSCTQG2_5Jpne5S8g,westminster-colorado
https://www.ubereats.com/denver/food-delivery/sushi-sasa/t8rt-kFiSSmO8rasTYt2HQ,westminster-colorado
https://www.ubereats.com/denver/food-delivery/growler-usa-sloans-lake/m4bA-fA1T8yWcnJQTj05rA,westminster-colorado
https://www.ubereats.com/denver/food-delivery/3-margaritas-thorton/TdZxBgrATZiR5t7Pj48Xtw,westminster-colorado
https://www.ubereats.com/denver/food-delivery/panda-buffet-westminster/7AUhHcS9SDipkojEvFme1w,westminster-colorado
https://www.ubereats.com/denver/food-delivery/master-tea-120th-%26-main/IXTig5l4Sq6-L9cZV84Cgw,westminster-colorado
https://www.ubereats.com/denver/food-delivery/south-philly-cheese-steaks-thornton/DVewmSIDRH6m0KS5W_2gbA,westminster-colorado
https://www.ubereats.com/denver/food-delivery/bada-bing-grill/WHzEKV8LQHiCzPSjLEF6ZA,westminster-colorado
https://www.ubereats.com/denver/food-delivery/tony-ps-pizzeria-32nd-ave/KygWm8LPSLWRWpaN0uj3xw,westminster-colorado
https://www.ubereats.com/denver/food-delivery/bonbons-cafe-%26-dessert-bar/-d8ltQzoS2OEqD276mB9Iw,westminster-colorado
https://www.ubereats.com/denver/food-delivery/ny-pizza-pub/hskBE5YoRPCXN8z_kamz4g,westminster-colorado
https://www.ubereats.com/denver/food-delivery/burger-king-3800-wadsworth-blvd/jTZeqkavSQazoKxhQSuh4Q,westminster-colorado
https://www.ubereats.com/denver/food-delivery/parrys-pizzeria-%26-taphouse-northglenn/9Dp2X2qJTuGRN7h9zPD50w,westminster-colorado
https://www.ubereats.com/denver/food-delivery/chipotle-mexican-grill-7303-federal-blvd-unit-1/RTxNk0bqS0OMojDWKz9uyw,westminster-colorado
https://www.ubereats.com/denver/food-delivery/kfc-tb-9200-ralston-road/9wA4hC7HQs28kHUPzEuqTA,westminster-colorado
https://www.ubereats.com/denver/food-delivery/churchs-chicken-3401-colorado-boulevard/90FY9EVrRTSHFru7VTXUbA,westminster-colorado
https://www.ubereats.com/denver/food-delivery/teriyaki-madness-3500-youngfield-street/wamHDV86SEal_v7mox1JCw,westminster-colorado
https://www.ubereats.com/denver/food-delivery/taco-bell-5260-wadsworth-bypass/OgkggLoORuyGp-cdqfa1Nw,westminster-colorado
https://www.ubereats.com/denver/food-delivery/jasons-deli-lakewood/b9QmsDPURNqk1y11zO-lSQ,westminster-colorado
https://www.ubereats.com/denver/food-delivery/yak-%26-yeti-restaurant-%26-brewpub-westminster/4L8bNqgHT9mzjXAUlphW0w,westminster-colorado
https://www.ubereats.com/denver/food-delivery/subway-15400-w-64th-ave/vmpxCxKyRfaAWMvH5rplQg,westminster-colorado
https://www.ubereats.com/denver/food-delivery/3-agaves-mexican-grill/C7pPKbwMSmurMYdmAJeN3g,westminster-colorado
https://www.ubereats.com/denver/food-delivery/3-chicks-kitchen/-s9Y1GhaRR-_En3FN2laMQ,westminster-colorado
https://www.ubereats.com/denver/food-delivery/las-potrancas/OnDbu91kQTuJGqUqZQBdUw,westminster-colorado
https://www.ubereats.com/denver/food-delivery/machi-ramen/SYQ9kxCtSAWBUN4fTfHI6Q,westminster-colorado
https://www.ubereats.com/denver/food-delivery/pattaya-thai/pWDpmX20Rg-VMYUiDeulBw,westminster-colorado
https://www.ubereats.com/denver/food-delivery/tacos-jalisco-mexican-food/Pa5IL7RhRC2bykDGWLVkcw,westminster-colorado
https://www.ubereats.com/denver/food-delivery/mika-sushi-2/XUqbubFNSsi4vUPT9L62KQ,westminster-colorado
https://www.ubereats.com/denver/food-delivery/joes-crab-shack-8911-n-yates-street/kntQIUgPTw6ypWUr3bas6A,westminster-colorado
https://www.ubereats.com/denver/food-delivery/chipotle-mexican-grill-3484-w-32nd-ave/B7VUpTs1S3ikwajRjyrcFg,westminster-colorado
https://www.ubereats.com/denver/food-delivery/mtfuji-hibachi-westminster/19poFgfdTj-vMPK2jB4jEw,westminster-colorado
https://www.ubereats.com/denver/food-delivery/taco-bell-8760-wadsworth-blvd/nnkzFC31ScKM9HiDokcBPg,westminster-colorado
https://www.ubereats.com/denver/food-delivery/arbys-5926/dI2sLhJ0TU2leX_IikIYCQ,westminster-colorado
https://www.ubereats.com/denver/food-delivery/bluebird-cafe/yG_YuqgCTF-z0FN5oQgjcQ,westminster-colorado
https://www.ubereats.com/denver/food-delivery/old-west-pancake-house/lzPAu6t0SguZ5Cxl9PhFkA,westminster-colorado
https://www.ubereats.com/denver/food-delivery/cracker-barrel-old-country-store-350-west-120th-avenue/0I_Y4tj3RcCnX-lYtAFSlw,westminster-colorado
https://www.ubereats.com/denver/food-delivery/la-fogata/B9U1l0OuT2quHGGrRFgVzw,westminster-colorado
https://www.ubereats.com/denver/food-delivery/okinawa-sushi-northglenn/DhSKkUX4Q_q4avnHgdzRCg,westminster-colorado
https://www.ubereats.com/denver/food-delivery/the-venue/wgmMzkhLRcm2sOXtpt_R5g,westminster-colorado
https://www.ubereats.com/denver/food-delivery/el-mirador-mexican-restaurant/v0ofT9GRTn6cAr5wuBuRCw,westminster-colorado
https://www.ubereats.com/denver/food-delivery/durbar-nepalese-and-indian-bistro/5HMY8uDSQqSgJSF76wzPng,westminster-colorado
https://www.ubereats.com/denver/food-delivery/jersey-mikes-subs-arvada-15530-w-64th-ave/TTne0UGiQZmlTtzBagsXBA,westminster-colorado
https://www.ubereats.com/denver/food-delivery/kale-me-crazy-denver/u8lGh7z-STSFpMYJjBD4eA,westminster-colorado
https://www.ubereats.com/denver/food-delivery/cb-%26-potts-westminster/_hz53ZAITUqdhnWOtwZaDA,westminster-colorado
https://www.ubereats.com/denver/food-delivery/cold-stone-creamery-15400-w-64th-ave-bldg-e/Ks6bB1U9Sc2Ho8uZXVyPcA,westminster-colorado
https://www.ubereats.com/denver/food-delivery/firehouse-subs-64th-ave/SOgTrtyqRmqYv30H7L3-bA,westminster-colorado
https://www.ubereats.com/denver/food-delivery/gordi-buena-mexican-restaurant/-XJC3zEXS-2k_ZZHEn1ePQ,westminster-colorado
https://www.ubereats.com/denver/food-delivery/subway-104th-%26-colorado/WyxtyfKWT7qGKd4V7Okgng,westminster-colorado
https://www.ubereats.com/denver/food-delivery/cold-stone-creamery-14239-w-colfax-ave/EPvTy2lrR4uU40yMtKfFbg,westminster-colorado
https://www.ubereats.com/denver/food-delivery/arbys-124/jmtTfUtlQsmztNTuC-Yfvg,westminster-colorado
https://www.ubereats.com/denver/food-delivery/taco-bell-555-w-104th-ave/5-5pLvGLTWKgsLHmWKihHg,westminster-colorado
https://www.ubereats.com/denver/food-delivery/mcdonalds-commerce-city-parkway-drive/6E84EgM6SjCDaG1szNOn0g,westminster-colorado
https://www.ubereats.com/denver/food-delivery/hooters-1111-w-120th-ave/lhaHNnmPTuWGpaapBCw4AQ,westminster-colorado
https://www.ubereats.com/denver/food-delivery/noodles-%26-company-534-w-south-boulder-rd-unit-a/ulng4lEASnC-Hz41NltPQQ,westminster-colorado
https://www.ubereats.com/denver/food-delivery/stoneys-uptown-joint/RlXKD2SbQBynU18lUzRWNQ,westminster-colorado
https://www.ubereats.com/denver/food-delivery/first-watch-broomfield/Qu2epVGISdO0nd5TFGUseA,westminster-colorado
https://www.ubereats.com/denver/food-delivery/jersey-mikes-subs-westminster-7159-w-88th-ave/nchrrIokTg6DCXkSgkuBaQ,westminster-colorado
https://www.ubereats.com/denver/food-delivery/pho-15/o7XXPArgTn62fQ1i8pxcJA,westminster-colorado
https://www.ubereats.com/denver/food-delivery/asti-d-italia/UHk4WheQTa6tYpwE9o9W5g,westminster-colorado
https://www.ubereats.com/denver/food-delivery/burger-king-7255-north-pecos-street/lav_lOpGT2SIeMPNmWxFeg,westminster-colorado
https://www.ubereats.com/denver/food-delivery/gordos-mexican-restaurant/NzpLktOZQ3iSzPmneUnUBA,westminster-colorado
https://www.ubereats.com/denver/food-delivery/go-fish-sushi-broomfield/lv13sNOASDqOa7AZMbdITw,westminster-colorado
https://www.ubereats.com/denver/food-delivery/a%26w-7785-wadsworth-blvd/9hN9yhNPR2iOnWTpxKfR2g,westminster-colorado
https://www.ubereats.com/denver/food-delivery/choice-market-osage/sp2unMu3T3malOok_e11Yg,westminster-colorado
https://www.ubereats.com/denver/food-delivery/noodles-%26-company-14375-orchard-pkwy-ste-600/yuzybSBVRHKpTFrHYwDymA,westminster-colorado
https://www.ubereats.com/denver/food-delivery/my-brothers-bar/488GBZkDSiqMDJeMoHMlAg,westminster-colorado
https://www.ubereats.com/denver/food-delivery/cold-stone-creamery-7850-w-alameda-ave-unit-b/-POF_YQ-TbmxLnVmyTAAYw,westminster-colorado
https://www.ubereats.com/denver/food-delivery/carniceria-del-norte/TRm4qNi-Tby2bnaBm7U_6g,westminster-colorado
https://www.ubereats.com/denver/food-delivery/chipotle-mexican-grill-5160-w-120th-ave-unit-b/2LtiBN9CQ8OoIeGew8HBvQ,westminster-colorado
https://www.ubereats.com/denver/food-delivery/blackjack-pizza-6450-w-120th-ave/KDwWmzdZQnqNQwH59qaBXQ,westminster-colorado
https://www.ubereats.com/denver/food-delivery/taco-bell-13732-colorado-blvd/VPFG7LRgT2q5LQotKs18iQ,westminster-colorado
https://www.ubereats.com/denver/food-delivery/papa-johns-5395-w-38th-ave/3qyNHyGDSUysSceKuvVXTA,westminster-colorado
https://www.ubereats.com/denver/food-delivery/mcdonalds-den-julian/ezPbRpXbSa-Y6_t3J5QOhA,westminster-colorado
https://www.ubereats.com/denver/food-delivery/verde-louisville-640-main-st/Gt8SSLOSRmOrW_WyM02bIA,westminster-colorado
https://www.ubereats.com/denver/food-delivery/subway-4651-w-121st-ave/pLhzEYGWQvGEyWr3ca_KdA,westminster-colorado
https://www.ubereats.com/denver/food-delivery/chipotle-mexican-grill-548-w-south-boulder-rd-unit-d/L7yx49GeQ9eZOj2fa4l6Uw,westminster-colorado
https://www.ubereats.com/denver/food-delivery/dunkin-8775-washington-st/PF9UGUIXSr2hfaCdYW7FVQ,westminster-colorado
https://www.ubereats.com/denver/food-delivery/kfc-2581-e-120th-ave/fZdD6qxRTtKlb9WBownN0w,westminster-colorado
https://www.ubereats.com/denver/food-delivery/waikiki-poke/dSk41B1XSMeiebG-oycZHg,westminster-colorado
https://www.ubereats.com/denver/food-delivery/smoking-fins-grill-arvada/JzAEnZ0ASXGJ-WsF6Luo9g,westminster-colorado
https://www.ubereats.com/denver/food-delivery/mc2-ice-cream/HgOMRb83STWA1WIr_hRHNA,westminster-colorado
https://www.ubereats.com/denver/food-delivery/applebees-5265-wadsworth-bypass-%2384056/1fdIRjXGSWq5uVXPRj-Uvg,westminster-colorado
https://www.ubereats.com/denver/food-delivery/dennys-3291-youngfield-service-road/DuuO7JPVSxGHVo7lmIX01Q,westminster-colorado
https://www.ubereats.com/denver/food-delivery/big-daddy-bagels-lafayette/m39geFbgS7uZSkhTkbfzGQ,westminster-colorado
https://www.ubereats.com/denver/food-delivery/deli-cious-zs/yFeHn4vGTw2-HaZzfVnZRQ,westminster-colorado
https://www.ubereats.com/denver/food-delivery/menchies-frozen-yogurt-6415-w-104th-ave/IwyCxv-PRv6ylfRHJ-_oZg,westminster-colorado
https://www.ubereats.com/denver/food-delivery/sonic-6375-sheridan-blvd/6pq9Z8fCT8q3kUFInmsk3Q,westminster-colorado
https://www.ubereats.com/denver/food-delivery/bacon-social-house/VQjPBWaHTj2WnQKlHoByNg,westminster-colorado
https://www.ubereats.com/denver/food-delivery/the-butcher-block-cafe-commerce-city/j2NUN-mySkaUqITiMQNg7g,westminster-colorado
https://www.ubereats.com/denver/food-delivery/papa-murphys-7705-wadsworth-boulevard-suite-g/mnQWeeyOSc-j_nJD0Oio7g,westminster-colorado
https://www.ubereats.com/denver/food-delivery/park-burger-arvada/vPB7iVnlQiWlY8H_whCj3Q,westminster-colorado
https://www.ubereats.com/denver/food-delivery/the-broadlands-grill/Pf-fHjriTcCzmCXaceSX8g,westminster-colorado
https://www.ubereats.com/denver/food-delivery/firehouse-subs-thornton/0U0AFikPShuAihudtVLAaw,westminster-colorado
https://www.ubereats.com/denver/food-delivery/3-margaritas-broomfield/20I_-AdMTcOjmamQI29fNw,westminster-colorado
https://www.ubereats.com/denver/food-delivery/sushi-aji-lafayette/Lay_7LKVR_2wCacY5DVIGA,westminster-colorado
https://www.ubereats.com/denver/food-delivery/mcdonalds-38th-%26-wadsworth/pHm44BygQZW26bpBDY6Sig,westminster-colorado
https://www.ubereats.com/denver/food-delivery/illegal-burger-arvada/cOj0tnKdRUy4MLeL8hMjOg,westminster-colorado
https://www.ubereats.com/denver/food-delivery/taco-star-northglenn/sAS5pWAMTHO6F3v1EHG1yA,westminster-colorado
https://www.ubereats.com/denver/food-delivery/red-lobster-4455-wadsworth-blvd/CHCDsbSlQ7OaONMJHQHQ5g,westminster-colorado
https://www.ubereats.com/denver/food-delivery/vital-root/EHASZTbxTXeTy2OVdCwx6g,westminster-colorado
https://www.ubereats.com/denver/food-delivery/chick-fil-a-10280-federal-blvd/WW_t4v4RTZW6R73qdwOdJw,westminster-colorado
https://www.ubereats.com/denver/food-delivery/the-original-chubbys-mexican-food/WUEc0sBPQJWx2kJkUbXxsg,westminster-colorado
https://www.ubereats.com/denver/food-delivery/cracovia/z6bzyFsyTFij5BHRZAy65g,westminster-colorado
https://www.ubereats.com/denver/food-delivery/the-pasty-republic/uZiWaYAARr-xam2UKN5Uig,westminster-colorado
https://www.ubereats.com/denver/food-delivery/pudge-brothers-pizza-arvada/iYsvcREDRBqdLB16d4CNBQ,westminster-colorado
https://www.ubereats.com/denver/food-delivery/wing-squad-broomfield/F9rcdQ1zRniHMd3xO25h9Q,westminster-colorado
https://www.ubereats.com/denver/food-delivery/jasons-deli-broomfield/GYhiDwlnRTaD-TdNWFbnvQ,westminster-colorado
https://www.ubereats.com/denver/food-delivery/mr-luckys-sandwiches-tejon/5XrFd0GaRL-Cf5ckVa2C8w,westminster-colorado
https://www.ubereats.com/denver/food-delivery/durbar-nepalese-indian-bistro/sVoLxmD0TL2XkbvNBLJWAg,westminster-colorado
https://www.ubereats.com/denver/food-delivery/your-pie-pizza-thornton/MnSyCy6vT6K73KOPSg0iNw,westminster-colorado
https://www.ubereats.com/denver/food-delivery/five-guys-co-1931-3272-wadsworth-blvd/r0kj5vtKTzKflh_r25tKYw,westminster-colorado
https://www.ubereats.com/denver/food-delivery/honey-baked-ham-wadsworth-blvd/Uatr6XZfTk2IAl8D9LrGzg,westminster-colorado
https://www.ubereats.com/denver/food-delivery/jordans-time-to-eat/rQcNB2mDRp2EdH_9tnpVHQ,westminster-colorado
https://www.ubereats.com/denver/food-delivery/big-daddys-pizza-w-colfax-ave-denver-co/8wchMuomSvOSQz0kqQCA8A,westminster-colorado
https://www.ubereats.com/denver/food-delivery/viewhouse-ballpark/JxTytajSSFu4GKpEDzUAKw,westminster-colorado
https://www.ubereats.com/denver/food-delivery/antojitos-hondurenos-%232/4jA2jyXVRrC9uXek-1101Q,westminster-colorado
https://www.ubereats.com/denver/food-delivery/the-budlong-hot-chicken-zeppelin-station/JJ1d_5tJTvSrGa7B1tFA7g,westminster-colorado
https://www.ubereats.com/denver/food-delivery/noodles-%26-company-4530-w-121st-ave/UxlGvNTzT3ulX6zjf81OFQ,westminster-colorado
https://www.ubereats.com/denver/food-delivery/the-great-greek-mediterranean-grill/S9iV8pamQGO0iyvjoe8fgw,westminster-colorado
https://www.ubereats.com/denver/food-delivery/zucca-italian-ristorante/SX9be8dMTr6WWzpWk_ZapA,westminster-colorado
https://www.ubereats.com/denver/food-delivery/donut-time/SEMjFaxeTByW39aszaXqsg,westminster-colorado
https://www.ubereats.com/denver/food-delivery/starbucks-120th-%26-huron/SJtsXA_kSCG3FhBnyPN72g,westminster-colorado
https://www.ubereats.com/denver/food-delivery/sweet-cow-ice-cream-louisville/1S_D4yYXS9qGGf0xAMFg8A,westminster-colorado
https://www.ubereats.com/denver/food-delivery/firehouse-subs-superior-plaza/p278mh82QVaKuli8ZUEaJQ,westminster-colorado
https://www.ubereats.com/denver/food-delivery/noodles-%26-company-1100-hwy-287-100/aCcYw_5RSAWeJ8KDIgUGYA,westminster-colorado
https://www.ubereats.com/denver/food-delivery/qdoba-mexican-grill-10018-grant-st/oT9dXxYxTOOVqf5R0UAmIw,westminster-colorado
https://www.ubereats.com/denver/food-delivery/wendys-9600-w-58th-ave/PTLse3y2TESZRvhJkgHG_w,westminster-colorado
https://www.ubereats.com/denver/food-delivery/five-guys-co-1860-9585-ralston-rd/uIcPLu7OSvmY77X2wTKsDQ,westminster-colorado
https://www.ubereats.com/denver/food-delivery/mcdonalds-arvada-66th/q7wUMFlcS96OZN-kRC0aSg,westminster-colorado
https://www.ubereats.com/denver/food-delivery/wendys-10335-federal-blvd/6iI4alHJSVKZtaWGErdgEQ,westminster-colorado
https://www.ubereats.com/denver/food-delivery/3-margaritas-orchard-mall/ebTNl-Q9QT2v6prumIGBfg,westminster-colorado
https://www.ubereats.com/denver/food-delivery/burger-king-12580-west-64th-avenue/ybL0NFDGSHy-CdHxv2UJvQ,westminster-colorado
https://www.ubereats.com/denver/food-delivery/mcdonalds-broomfld-hwy-287/LIo9RB2eRnOP1Iq-befhww,westminster-colorado
https://www.ubereats.com/denver/food-delivery/dunkin-7615-w-88th-ave/8j3O-MxkTF2IYOV-I38UaA,westminster-colorado
https://www.ubereats.com/denver/food-delivery/postino-lohi/5j_Cf82wSry-2MCOe_5GkQ,westminster-colorado
https://www.ubereats.com/denver/food-delivery/himalayan-curry-house/qRJ7DPOGTpq-zuNCiM_kCQ,westminster-colorado
https://www.ubereats.com/denver/food-delivery/burger-king-5255-west-80th-avenue/6CtesIfyT9q37GLcECM9wQ,westminster-colorado
https://www.ubereats.com/denver/food-delivery/humboldt-kitchen-%2B-bar/ZQwxDGmeQESEmB4DhUyHTg,westminster-colorado
https://www.ubereats.com/denver/food-delivery/sonic-10051-wadsworth-parkway/7lEp_Bg-Q76j3IPEFdsjJg,westminster-colorado
https://www.ubereats.com/denver/food-delivery/golden-corral-9751-grant-st/Gz0u4QGcQbafQ5s0Ju9h9w,westminster-colorado
https://www.ubereats.com/denver/food-delivery/wendys-4860-w-120th-ave/neM8xWDZTp6fFytCZZnjUA,westminster-colorado
https://www.ubereats.com/denver/food-delivery/double-ds-sourdough-pizzeria-%26-tap-house/lSxFTah4RS2tUXd6at1_Kw,westminster-colorado
https://www.ubereats.com/denver/food-delivery/modern-market-eatery-broomfield/X8Viy9MNQ7ONKDkAzwpqdw,westminster-colorado
https://www.ubereats.com/denver/food-delivery/el-jefe-tacos-%26-burritos-%232/aowW8qCWSwG4GChg-qVnAw,westminster-colorado
https://www.ubereats.com/denver/food-delivery/tap-%26-burger-sloans-lake/vg0-uESqTKWhSdYFaSn82g,westminster-colorado
https://www.ubereats.com/denver/food-delivery/cherry-bean-tejon-st/B2YFrqX5SdO_Dprh0_FWwA,westminster-colorado
https://www.ubereats.com/denver/food-delivery/grabowskis-pizzeria/Ga2P4OhKRg29YrZxkIosVQ,westminster-colorado
https://www.ubereats.com/denver/food-delivery/arista-deli-%26-coffee/Q8k9JdWoRiOZXV9WMmM5FA,westminster-colorado
https://www.ubereats.com/denver/food-delivery/buffalo-wild-wings-10090-grant-st/IAM7aqGKT1Wz63FvqV3mUQ,westminster-colorado
https://www.ubereats.com/denver/food-delivery/the-shanty-supper-club/JwozGs7IQ6OwXPpxeKokMA,westminster-colorado
https://www.ubereats.com/denver/food-delivery/tuk-tuk-thai-westminster/YSOxmUenQeyrAf_YfBjRoA,westminster-colorado
https://www.ubereats.com/denver/food-delivery/the-butcher-block-cafe-38th-st/GYmX3LN3QnSTEAlzZF0Zuw,westminster-colorado
https://www.ubereats.com/denver/food-delivery/pho-78-westminster/p9wav_hxQlmESNgvUKXiug,westminster-colorado
https://www.ubereats.com/denver/food-delivery/master-tea-136th-%26-zuni/yPVR1HkHRJCZhRriWDRT8w,westminster-colorado
https://www.ubereats.com/denver/food-delivery/jack-in-the-box-2105-w-136th/HK6fASQWTx6verWzXBy7Cw,westminster-colorado
https://www.ubereats.com/denver/food-delivery/outback-steakhouse-497-east-120th-avenue/akT3QFZBQLyQ8upADDNwVw,westminster-colorado
https://www.ubereats.com/denver/food-delivery/east-moon-asian-bistro-%26-sushi-westminister/DBnrPVU5ToiRnbBF4sPKSg,westminster-colorado
https://www.ubereats.com/denver/food-delivery/lamars-donuts-wadsworth/nqAeP58fSPKilbWovRThqA,westminster-colorado
https://www.ubereats.com/denver/food-delivery/ra-sushi-broomfield/lK4tb-TMQ0GrU-1A6ebtjQ,westminster-colorado
https://www.ubereats.com/denver/food-delivery/taj-palace-food-truck/KCooUNfxQha_gQxFEx5k6A,westminster-colorado
https://www.ubereats.com/denver/food-delivery/chipotle-mexican-grill-5988-dahlia-st/gMFY9GMKStq-Ezt-xQActA,westminster-colorado
https://www.ubereats.com/denver/food-delivery/smashburger-994-w-dillon-rd/m2mq17CwQCKKUO3U1bKMSA,westminster-colorado
https://www.ubereats.com/denver/food-delivery/carls-jr-13630-orchard-pkwy/i-Xjh4EPR4eHwI0Aq_L8QQ,westminster-colorado
https://www.ubereats.com/denver/food-delivery/carrabbas-7401-w-92nd-ave-bldg-1/ji3Y0mPtTqa1AoBXzTHOZg,westminster-colorado
https://www.ubereats.com/denver/food-delivery/papa-johns-880-e-88th-ave/lMO4ZevIRKe4TEDvSaVUVQ,westminster-colorado
https://www.ubereats.com/denver/food-delivery/mcdonalds-74th-%26-federal/iSesgSwpQ2aqkf02dz29Ug,westminster-colorado
https://www.ubereats.com/denver/food-delivery/big-daddys-pizza-wadsworth-blvd-lakewood-co/X8ZPJmyIS1uXkBS5T22CrA,westminster-colorado
https://www.ubereats.com/denver/food-delivery/bonchon-chicken-8302-e-northfield-blvd/jYOUSNLKTaCnYHjm0yN-Jg,westminster-colorado
https://www.ubereats.com/denver/food-delivery/noodles-%26-company-375-union-blvd/ZicnO4PLTHyNHpBp-Fbp4w,westminster-colorado
https://www.ubereats.com/denver/food-delivery/dennys-7201-sheridan-boulevard/jmgHd8ulQLGrDBXG5QELjA,westminster-colorado
https://www.ubereats.com/denver/food-delivery/sals-mexican-grill/3QMejwwASYSJFeALlCtlEw,westminster-colorado
https://www.ubereats.com/denver/food-delivery/qdoba-14231-w-colfax-ave/NfE4HkcLSjGsV6lTq7r_vg,westminster-colorado
https://www.ubereats.com/denver/food-delivery/el-torito-taqueria-y-mas/sCD2KmSmQWOQzq6bvBZlaw,westminster-colorado
https://www.ubereats.com/denver/food-delivery/dickeys-bbq-pit-321-s-mccaslin-blvd-unit-d/VT43InSAR4ayj-c7iiDcqw,westminster-colorado
https://www.ubereats.com/denver/food-delivery/mcdonalds-53rd-%26-wadsworth/YFGjT49BRi221oSPtIQBwQ,westminster-colorado
https://www.ubereats.com/denver/food-delivery/panda-express-16816-sheridan-pkwy/nu7n5OorS2Wn3ipnRMAjBA,westminster-colorado
https://www.ubereats.com/denver/food-delivery/which-wich-superior-sandwiches-14255-w-colfax-ave/QbsdjMAVSluEmpOMI0kf3w,westminster-colorado
https://www.ubereats.com/denver/food-delivery/mcdonalds-den-w-colfax/_h7fkuaZQKiyZjfZdY8m2g,westminster-colorado
https://www.ubereats.com/denver/food-delivery/buca-di-beppo-broomfield/Yf55_yCRQNm1yQl6VUl0GQ,westminster-colorado
https://www.ubereats.com/denver/food-delivery/panda-express-301-center-drive/p79M1YvpTxaC4quWre2s4g,westminster-colorado
https://www.ubereats.com/denver/food-delivery/saigon-bowl-thornton/PN7txXbLQcmqSokQAggJUw,westminster-colorado
https://www.ubereats.com/denver/food-delivery/the-taco-connection/0Qk8vzonSfqU3bp7yGllSg,westminster-colorado
https://www.ubereats.com/denver/food-delivery/costa-vida-fresh-mexican-grill-14315-orchard-pkwy/6Ls_gIK6RSWlWqT2cbLrxw,westminster-colorado
https://www.ubereats.com/denver/food-delivery/auntie-annes-14500-w-colfax-avenue-%23536/TdpAguORRWK66-1hdT846Q,westminster-colorado
https://www.ubereats.com/denver/food-delivery/jamba-juice-westminister/6lUWDOAOTZCgyxQnpxRaAA,westminster-colorado
https://www.ubereats.com/denver/food-delivery/qdoba-mexican-grill-3804-e-120th-ave/yynqW-hsSD-Bi30PdhWlKg,westminster-colorado
https://www.ubereats.com/denver/food-delivery/panda-express-550-e-144th-ave/aD92Lk1jSr6zXETVEMKh6Q,westminster-colorado
https://www.ubereats.com/denver/food-delivery/jersey-mikes-subs-14452-orchard-parkwaysuite-500/3BcOOOOuSnONuc8MCYPwIw,westminster-colorado
https://www.ubereats.com/denver/food-delivery/taco-bell-5325-west-80th-ave/Q6dz5rohQdqI7SJRxXpH_g,westminster-colorado
https://www.ubereats.com/denver/food-delivery/sidewok-cafe/odbfLrnrRKmDdaNngY9mWg,westminster-colorado
https://www.ubereats.com/denver/food-delivery/qdoba-14575-west-64th-ave/EYI4g94BSoGgUJR8OoGNRQ,westminster-colorado
https://www.ubereats.com/denver/food-delivery/cuba-cuba-sandwicheria-lincoln-st/_9cPnFdCSk--XHdgB52NNg,westminster-colorado
https://www.ubereats.com/denver/food-delivery/burger-king-520-east-58th-avenue/r6vm-fnmR4SsW7yUkJpZTg,westminster-colorado
https://www.ubereats.com/denver/food-delivery/cinzzettis-pizza-%26-pasta/nLQczf5zRne6HNyhuXAAbw,westminster-colorado
https://www.ubereats.com/denver/food-delivery/chipotle-mexican-grill-12550-w-64th-ave/hqxYkmHTS827kKaYUlzWaw,westminster-colorado
https://www.ubereats.com/denver/food-delivery/taco-bell-60-w-flatiron-crossing-dr/J13apsLtRJu9MFpEsBNuRA,westminster-colorado
https://www.ubereats.com/denver/food-delivery/papa-murphys-8533-church-ranch-blvd-suite-200/TMn8iIDOQzKrkIiiLPaM4w,westminster-colorado
https://www.ubereats.com/denver/food-delivery/dairy-queen-treat-774-w-120th-ave/uUvIuD7tRDCpee4Hum2CLQ,westminster-colorado
https://www.ubereats.com/denver/food-delivery/lunas-mexican-restaurant/v0XwdCFPRl6hshXSK_C0Jg,westminster-colorado
https://www.ubereats.com/denver/food-delivery/noodles-%26-company-3824-e-120th-ave/nRB5FEeeQHmqEkYx8_co6w,westminster-colorado
https://www.ubereats.com/denver/food-delivery/emilios-almost-famous/1dqiAIijQQW_dO8e-POO_g,westminster-colorado
https://www.ubereats.com/denver/food-delivery/emperor-palace/WLddaYIHSQKMWHDcKZG_Ug,westminster-colorado
https://www.ubereats.com/denver/food-delivery/mini-indias-restaurant/eJjgUGidSUiMoHEepAWAEg,westminster-colorado
https://www.ubereats.com/denver/food-delivery/smashburger-14375-orchard-pkwy/_gucODwkSW23KrODZ_Ld9g,westminster-colorado
https://www.ubereats.com/denver/food-delivery/buffalo-wild-wings-8350-w-80th-ave/LRwSTZpqRpWQKd8Gja2DfQ,westminster-colorado
https://www.ubereats.com/denver/food-delivery/dairy-queen-grill-%26-chill-11631-w-64th-ave/xShdcwBGQmevJhoOsfC6Mw,westminster-colorado
https://www.ubereats.com/denver/food-delivery/chipotle-mexican-grill-10320-federal-blvd-unit-100/0JGNUtWEQ6mUzqvhXPVPcw,westminster-colorado
https://www.ubereats.com/denver/food-delivery/high-point-creamery/cgzUw_3ER32u8BePk5RiRg,westminster-colorado
https://www.ubereats.com/denver/food-delivery/chick-fil-a-7809-wadsworth-blvd/3Sx8CP41RKCalMzeY93Zfg,westminster-colorado
https://www.ubereats.com/denver/food-delivery/izzio-bakery/GDjv_HHTSISdY2VfGyXLeg,westminster-colorado
https://www.ubereats.com/denver/food-delivery/papa-murphys-6350-sheridan-boulevard-unit-105a/Zqy2E5UPR9Om_k-F_pNifg,westminster-colorado
https://www.ubereats.com/denver/food-delivery/burger-king-4875-north-federal-blvd/nPeEKTEzT5ykMLhZwXIyGQ,westminster-colorado
https://www.ubereats.com/denver/food-delivery/taco-bell-550-alter-street/v9qYBNaNTRyfjCKxXIE7lQ,westminster-colorado
https://www.ubereats.com/denver/food-delivery/village-inn-395-west-120th-avenue/eFNgGxmnScuHcxeKD20WzA,westminster-colorado
https://www.ubereats.com/denver/food-delivery/a%26w-7140-pecos-street/G3UNY1fkRtmM0c1o3UyXDQ,westminster-colorado
https://www.ubereats.com/denver/food-delivery/smashburger-6415-w-104th-ste-100/OOLITU_4Sn-eYX__qSyVzA,westminster-colorado
https://www.ubereats.com/denver/food-delivery/3-margaritas-wheat-ridge/cZ16FG4DQpC5pfXtcHsm7Q,westminster-colorado
https://www.ubereats.com/denver/food-delivery/mcdonalds-58th-washington/_cj6it3BRrisg3R3CkeWtQ,westminster-colorado
https://www.ubereats.com/denver/food-delivery/mcdonalds-thornton-102-ave/h8wxcKGdSDyJapSXeTngzw,westminster-colorado
https://www.ubereats.com/denver/food-delivery/smashburger-220-union-blvd/4RG0TTg4ToOMYenW_6Vxug,westminster-colorado
https://www.ubereats.com/denver/food-delivery/one-vietnamese-restaurant/zU6nx5HGTf69Wrm-DtyiCA,westminster-colorado
https://www.ubereats.com/denver/food-delivery/gs-tacos-lodo/auSRlW0fRdyfL2hl9GT5Wg,westminster-colorado
https://www.ubereats.com/denver/food-delivery/pf-changs-1-w-flatiron-circle-unit-500-bldg-5/Oace5WZVT3-k5mBQHmMDFA,westminster-colorado
https://www.ubereats.com/denver/food-delivery/five-guys-co-1591-4480-west-121st-ave/buRNTlq9RSOV1kJJnOzqMg,westminster-colorado
https://www.ubereats.com/denver/food-delivery/crown-of-restaurant/_BTUWgXaT4KDw_9qPxoViQ,westminster-colorado
https://www.ubereats.com/denver/food-delivery/limon-y-sal-restaurant/ziba4iGQTSGx2UKaII6sMQ,westminster-colorado
https://www.ubereats.com/denver/food-delivery/sonic-950-e-120th-avenue/curYUH96SSyCCGZjrvTSsg,westminster-colorado
https://www.ubereats.com/denver/food-delivery/button-rock-bakery/F-noj2jITMiYIEcMM03ZUg,westminster-colorado
https://www.ubereats.com/denver/food-delivery/a%26w-1679-federal-boulevard/TuPnY0k0QmOwDfKY5wctzg,westminster-colorado
https://www.ubereats.com/denver/food-delivery/in-the-zone-sports-bar-%26-grill/1bdLtuzcQBuOeworK324Vw,westminster-colorado
https://www.ubereats.com/denver/food-delivery/hacienda-colorado-westminster/e18s-D8ITfWGKZ34fMkqZw,westminster-colorado
https://www.ubereats.com/denver/food-delivery/jamba-juice-northglenn/R9iXVmk_T6mUG4Ozzp7JMA,westminster-colorado
https://www.ubereats.com/denver/food-delivery/hippos-mexican-burgers-and-more/K-naofJ1SOu6KaRPaalg0g,westminster-colorado
https://www.ubereats.com/denver/food-delivery/kneaders-bakery-%26-cafe-thornton/70DkGvRySRa8L2xVhBvUtQ,westminster-colorado
https://www.ubereats.com/denver/food-delivery/tokyo-joes-1005-w-120th-ave/Pqz7F1lkQt6s_Ymv3ndkjg,westminster-colorado
https://www.ubereats.com/denver/food-delivery/taj-mahal/QxngQhXlRo2TNz6XQJcBSg,westminster-colorado
https://www.ubereats.com/denver/food-delivery/omg-donuts/nSSJg9SmRMuIm73FjaQ2Iw,westminster-colorado
https://www.ubereats.com/denver/food-delivery/mile-high-pho/_KVpX1JjSxGrbHQRiS2DyQ,westminster-colorado
https://www.ubereats.com/denver/food-delivery/jacksons-downtown-denver/gmQwYu55ScKLW50nCSFjwA,westminster-colorado
https://www.ubereats.com/denver/food-delivery/shiso-sushi-%26-oyster-bar/B5IeInSpTsCPPeDNpHQbqw,westminster-colorado
https://www.ubereats.com/denver/food-delivery/village-tavern-broomfield/bTs8gkKfQVGhN1pbmju-ng,westminster-colorado
https://www.ubereats.com/denver/food-delivery/dairy-queen-treat-thornton-plaza-shopping-center/fJAUsgPVSoyl2TbfdkdW0Q,westminster-colorado
https://www.ubereats.com/denver/food-delivery/tamale-kitchen-north-glenn/3NFReoLVTwS3cV5KaSCqsA,westminster-colorado
https://www.ubereats.com/denver/food-delivery/subway-120th-colorado/wtXUOafbT1eYYj7e0uMlaQ,westminster-colorado
https://www.ubereats.com/denver/food-delivery/potbelly-sandwich-shop-union-%26-4th-%7C-354/OrnfOlrARtmoJeZbNp8-lw,westminster-colorado
https://www.ubereats.com/denver/food-delivery/sonic-2400-e-coalton-rd/WFD7h47lTAaSuSm2o_Abvw,westminster-colorado
https://www.ubereats.com/denver/food-delivery/highland-tap-%26-burger/417IRhgqRZ2yg1qtsXdecw,westminster-colorado
https://www.ubereats.com/denver/food-delivery/cold-stone-5545-wadsworth-bypass/SNj5Rda8QRiqfUCjP10E6A,westminster-colorado
https://www.ubereats.com/denver/food-delivery/starbucks-coalton-%26-rock-creek-superior/ckmxMnZ2Rs6i_mfyM6rBgA,westminster-colorado
https://www.ubereats.com/denver/food-delivery/great-scotts-eatery-broomfield-co/BvDfKXC0Q3m3SA6P19dCtg,westminster-colorado
https://www.ubereats.com/denver/food-delivery/potbelly-sandwich-shop-thornton-dt-%7C-479/WhtlCGQWSZStF9vfz-uyTg,westminster-colorado
https://www.ubereats.com/denver/food-delivery/kfc-9185-north-federal-boulevard/3TO7kSZHREm8srNTpeNO2g,westminster-colorado
https://www.ubereats.com/denver/food-delivery/famous-daves-bbq-thornton/G8Ypv3IpSvqxlzSyNR0sLg,westminster-colorado
https://www.ubereats.com/denver/food-delivery/dennys-1605-nw-federal-blvd/eKHAVrS0TOSTrL4LWsOi9w,westminster-colorado
https://www.ubereats.com/denver/food-delivery/wendys-7397-federal-blvd/zaEpD4I5Sh29TzZ2Ed7-IA,westminster-colorado
https://www.ubereats.com/denver/food-delivery/taco-bell-2005-w-136th-ave/nHxUJbTkQF-MbNYFlKh2KQ,westminster-colorado
https://www.ubereats.com/denver/food-delivery/beltrans-meat-market-and-grill/oPek4mHHREGgoN8oRdaGHg,westminster-colorado
https://www.ubereats.com/denver/food-delivery/orange-crunch-filipino-staples-and-delights/ezhHAH6HTGyESKDmfgK4rw,westminster-colorado
https://www.ubereats.com/denver/food-delivery/winchells-donut-house-1301-s-broadway/wb1iyuCLTJuNRg8A5iBjMw,westminster-colorado
https://www.ubereats.com/denver/food-delivery/bodega-44-tacos-y-things/_HzsI185TOawfxtDQ_EVWw,westminster-colorado
https://www.ubereats.com/denver/food-delivery/el-fogon-mexican-restaurant/QFpkuo34Rfy4mGPsfIKWvQ,westminster-colorado
https://www.ubereats.com/denver/food-delivery/renegade-burrito/40Nl2uKkSKGxREeafOexog,westminster-colorado
https://www.ubereats.com/denver/food-delivery/bravos-italian-restaurant/JDDKKvf3StuOkl22NB9vtA,westminster-colorado
https://www.ubereats.com/denver/food-delivery/steak-escape-5810-logan-street/NNa-g3MdQc2QUpddwzEI0Q,westminster-colorado
https://www.ubereats.com/denver/food-delivery/paleteria-la-loteria/ivtCnhcpTxeMKgckuyFhVQ,westminster-colorado
https://www.ubereats.com/denver/food-delivery/applebees-9010-n-wadsworth-parkway-%2384041/k76b4ufKSCOMHFjrseG7eQ,westminster-colorado
https://www.ubereats.com/denver/food-delivery/teds-philly-cheese-steaks-%26-mexican-grill/q1kaSN_PSJ-3cbyMIGBCfA,westminster-colorado
https://www.ubereats.com/denver/food-delivery/the-way-back/twPpOvURRNe9SKozPebRKg,westminster-colorado
https://www.ubereats.com/denver/food-delivery/mcdonalds-50th-%26-federal/BAlULnbQQZ-AWAW0RebOLw,westminster-colorado
https://www.ubereats.com/denver/food-delivery/kfc-7785-wadsworth-blvd/FylSDzciTjif5B6W7FdEoQ,westminster-colorado
https://www.ubereats.com/denver/food-delivery/bleu-sage-cafe/eizGBY-qT4q2JeSydbBMhA,westminster-colorado
https://www.ubereats.com/denver/food-delivery/mizuumi-ramen-%26-sake/rr6fTq5WTUeoqggX2y_Iew,westminster-colorado
https://www.ubereats.com/denver/food-delivery/billys-inn/h2dCoCXmRiCSvrABAIUUcw,westminster-colorado
https://www.ubereats.com/denver/food-delivery/mcdonalds-72nd-%26-sheridan/FhulcsjfR6qj51EmprCyPQ,westminster-colorado
https://www.ubereats.com/denver/food-delivery/wendys-8750-wadsworth-blvd/Hf_pGjNSSDqBaHZ-P_bPWw,westminster-colorado
https://www.ubereats.com/denver/food-delivery/taco-bell-1911-sheridan-blvd/CE3bEycJScCQkKA8b0TtSQ,westminster-colorado
https://www.ubereats.com/denver/food-delivery/modern-market-denver-west/UmV2eCpIRVud2aoFRYVG9g,westminster-colorado
https://www.ubereats.com/denver/food-delivery/subway-104th-federal/HzvCviwITKm7D-99_7WAlg,westminster-colorado
https://www.ubereats.com/denver/food-delivery/riccos-burritos/dHbf3R1tR--F5Q6NYt__hg,westminster-colorado
https://www.ubereats.com/denver/food-delivery/arbys-1972/T6T4U_V0Se-6rxp33T9Alg,westminster-colorado
https://www.ubereats.com/denver/food-delivery/on-the-border-golden/6A8qBC4rRIy5KLKEILPX2A,westminster-colorado
https://www.ubereats.com/denver/food-delivery/subway-58th-washington/YOnh1eBRRh-k52DFOmkVlw,westminster-colorado
https://www.ubereats.com/denver/food-delivery/dunkin-13591-huron-st/VMgeYyIYQou4EhYL_zkNWQ,westminster-colorado
https://www.ubereats.com/denver/food-delivery/jersey-mikes-subs-2690-w-104th-ave/ra-Z2BiXQeenqHzzSN8bzg,westminster-colorado
https://www.ubereats.com/denver/food-delivery/mcdonalds-104th-%26-colo-ave/NeWPcDwOSpaQkwRfoo7uWA,westminster-colorado
https://www.ubereats.com/denver/food-delivery/chipotle-mexican-grill-951-e-120th-ave-unit-a/0qSnpf4IT8-PXmHJRAI-8A,westminster-colorado
https://www.ubereats.com/denver/food-delivery/wendys-14857-candelas-pkwy/3yVDRSE1R-WXiVQ-vk3OzA,westminster-colorado
https://www.ubereats.com/denver/food-delivery/miles-sports-pub-%26-grub/6wA9pt8lSK6fzofQDvFYrg,westminster-colorado
https://www.ubereats.com/denver/food-delivery/panda-express-7165-sheridan-blvd/bnOys6c-SD615rl_zclklA,westminster-colorado
https://www.ubereats.com/denver/food-delivery/smashburger-2755-dagny-way/YA3FntBNSwS-LRaX6SR8ag,westminster-colorado
https://www.ubereats.com/denver/food-delivery/fat-shack-wheat-ridge/ZKOKqe-MSYycrbki11TRUg,westminster-colorado
https://www.ubereats.com/denver/food-delivery/outback-steakhouse-988-dillon-road/F95sxozjRPCUF1_PNGF2Kg,westminster-colorado
https://www.ubereats.com/denver/food-delivery/mayans-mexican-restaurant/m3aJyJblR-iw8NvNFKMkGw,westminster-colorado
https://www.ubereats.com/denver/food-delivery/hana-matsuri-sushi-westminster/31N9y5d4TiKpm1_vWVTnrQ,westminster-colorado
https://www.ubereats.com/denver/food-delivery/hickory-baked-ham-wheat-ridge/OnwWBvxWSgybftQVbzYzBQ,westminster-colorado
https://www.ubereats.com/denver/food-delivery/mcdonalds-broomfieldco-flatirons/9YsSDqByRmGARptRpsMg2w,westminster-colorado
https://www.ubereats.com/denver/food-delivery/rock-a-billies/Ze-Z47K2SUSs109du4482w,westminster-colorado
https://www.ubereats.com/denver/food-delivery/parma-trattoria/PAMdaBClSWyI6qsUBXt73w,westminster-colorado
https://www.ubereats.com/denver/food-delivery/menchies-frozen-yogurt-7450-w-52nd-ave/vf_mdQYcTbqaak9Tp3FV5g,westminster-colorado
https://www.ubereats.com/denver/food-delivery/pza-broomfield/QwR7yb6GT7uWm93Kqz6RYg,westminster-colorado
https://www.ubereats.com/denver/food-delivery/starbucks-102nd-%26-grant-thornton/d0nHf3ObSnmCEUhI_XDZhQ,westminster-colorado
https://www.ubereats.com/denver/food-delivery/blackjack-pizza-westminster/T3joPM4qSE6yJ5MsDTNVkw,westminster-colorado
https://www.ubereats.com/denver/food-delivery/old-chicago-521280-east-1st-avenue/GfUgH2RVSRqiDbv9YlXY9g,westminster-colorado
https://www.ubereats.com/denver/food-delivery/subway-6406-wadsworth-blvd/m73rnypFTAi-75GYXzsKwA,westminster-colorado
https://www.ubereats.com/denver/food-delivery/popeyes-6450-sheridan-blvd/GPpZCJuXSD-agPnrxMeE7A,westminster-colorado
https://www.ubereats.com/denver/food-delivery/panda-express-901-east-120th-ave-unit-a/1Iaynu-kRgesozT0MmFEyg,westminster-colorado
https://www.ubereats.com/denver/food-delivery/mcdonalds-den-16th/hhvHtV0NQpOi7vA-Vq1s8g,westminster-colorado
https://www.ubereats.com/denver/food-delivery/qdoba-mexican-grill-9379-sheridan-blvd-suite-100/Y-3gRabCS4CxstKOoBr79w,westminster-colorado
https://www.ubereats.com/denver/food-delivery/plentea/A7VC5J1jQsKMIBQmJzO2rQ,westminster-colorado
https://www.ubereats.com/denver/food-delivery/subway-8025-sheridan-blvd/nQkIoHvsR9qwHyYpxfF1eg,westminster-colorado
https://www.ubereats.com/denver/food-delivery/smashburger-2690-w-104th-ave-ste-100/mAUbNqeiTxKnh9rHKWXcJg,westminster-colorado
https://www.ubereats.com/denver/food-delivery/taco-bell-12480-west-64th-avenue/F_P9moIQSRiumDNwu1dFpw,westminster-colorado
https://www.ubereats.com/denver/food-delivery/starbucks-50th-and-kipling-wheatridge-co/aO9EZVotSwCryINrxfk_4Q,westminster-colorado
https://www.ubereats.com/denver/food-delivery/scoops-ice-cream/T-yfo31bQLGgmaxh3y8LXQ,westminster-colorado
https://www.ubereats.com/denver/food-delivery/the-doughnut-club-broomfield/lYAVsXWUTT25CeYJ9JNEKA,westminster-colorado
https://www.ubereats.com/denver/food-delivery/taco-bell-7221-pecos-st/PqwoypuxQxGXQP-ny9ohTw,westminster-colorado
https://www.ubereats.com/denver/food-delivery/smashburger-3356-youngfield-st/o1mXLnFaSjS1HGjeHMN1Ew,westminster-colorado
https://www.ubereats.com/denver/food-delivery/starbucks-287-and-midway/0r8fllOdShqa-R9E09cnzg,westminster-colorado
https://www.ubereats.com/denver/food-delivery/churchs-chicken-7295-e-64th-avenue/fapdtxQ1RyGqC2U0JIepVA,westminster-colorado
https://www.ubereats.com/denver/food-delivery/dairy-queen-treat-flat-iron-crossing-1-w-flati/4dPkEvb0QvaIf8V_lftZXw,westminster-colorado
https://www.ubereats.com/denver/food-delivery/five-guys-co-1771-8201-e-northfield-blvd/zJYDn0KwRQ2J2RRhFFXbKA,westminster-colorado
https://www.ubereats.com/denver/food-delivery/buffalo-wild-wings-10436-town-center-dr-ste-100/-nJqXRfyTBaw1T3s_N2_7A,westminster-colorado
https://www.ubereats.com/denver/food-delivery/arbys-293/HXCDSqY0SIOaOHrQ7xk1Dw,westminster-colorado
https://www.ubereats.com/denver/food-delivery/stirfry88/qOO0qYe4QF20qmkL-luw1A,westminster-colorado
https://www.ubereats.com/denver/food-delivery/yogurtland-7947-wadsworth-blvd/b81tbU-XR5WltkjAuc-ysw,westminster-colorado
https://www.ubereats.com/denver/food-delivery/lacuna-juice-and-yoga/8oobJWOHRb6tn8lujY2OVg,westminster-colorado
https://www.ubereats.com/denver/food-delivery/jersey-mikes-subs-westminster-10398-reed-street/n082i9KSS6GtfViqxJcV8g,westminster-colorado
https://www.ubereats.com/denver/food-delivery/the-garlic-knot-green-mountain/y5HpOkXjSCCBjv_pn0u3Hw,westminster-colorado
https://www.ubereats.com/denver/food-delivery/zona-cero-la-casa-del-rock/JH_hu07XRHyo_mv6AgDGUw,westminster-colorado
https://www.ubereats.com/denver/food-delivery/jersey-mikes-subs-321-s-mccaslin-blvd-louisville/LFjzXQhzTyC0atdqG_hssA,westminster-colorado
https://www.ubereats.com/denver/food-delivery/lechugas-italian-restaurant-north-denver/VV38CCYrRn-4Y7TaMFON1w,westminster-colorado
https://www.ubereats.com/denver/food-delivery/mod-pizza-mccaslin-marketplace/vGwfnKeUTluHXSOcxenMvA,westminster-colorado
https://www.ubereats.com/denver/food-delivery/taco-bell-1775-e-colfax-ave/jRW9WBYYSY-H6YqRQ77RKg,westminster-colorado
https://www.ubereats.com/denver/food-delivery/noodles-%26-company-635a-flatiron-marketplace-dr/bNybuDkmSKWgbipNzfuLoA,westminster-colorado
https://www.ubereats.com/denver/food-delivery/papa-murphys-12650-west-64th-avenue-suite-d/xlpdFgIKTXy3j7OEXGHdRQ,westminster-colorado
https://www.ubereats.com/denver/food-delivery/pho-78-westminster/mr8f-4JCQziBYQeD5JAZTw,westminster-colorado
https://www.ubereats.com/denver/food-delivery/kfc-10790-washington-street/L3jzC1CbSAePDCxM5C79kw,westminster-colorado
https://www.ubereats.com/denver/food-delivery/chicken-rebel/BUHMNt6iTb-eAeRsXSdjYg,westminster-colorado
https://www.ubereats.com/denver/food-delivery/firehouse-subs-lafayette/bE2iekJNQPCUyFfsZ1uwuQ,westminster-colorado
https://www.ubereats.com/denver/food-delivery/arbys-6648/GdlbWPqqQ6WTT0gjmIRF0w,westminster-colorado
https://www.ubereats.com/denver/food-delivery/dairy-queen-grill-%26-chill-7580-w-64th-ave/ZFNlfI3tRLmrnX9CIZGtFg,westminster-colorado
https://www.ubereats.com/denver/food-delivery/burger-king-2998-w-104th-ave/OIjZBqmjTQKH8MoBHaJpTQ,westminster-colorado
https://www.ubereats.com/denver/food-delivery/early-bird-restaurant-westminster/ZvGZTEftRNWmZ--hddJBVg,westminster-colorado
https://www.ubereats.com/denver/food-delivery/panda-express-8461-church-ranch-blvd/y06bjricTtGloqBgDYYEcA,westminster-colorado
https://www.ubereats.com/denver/food-delivery/clancys-irish-pub/ej54JIKqSTGLR4g8Xg0qlg,westminster-colorado
https://www.ubereats.com/denver/food-delivery/starbucks-72nd-%26-sheridan-westminster/NLrSBHBrRvOpOrDSFSXVkg,westminster-colorado
https://www.ubereats.com/denver/food-delivery/jack-in-the-box-7311-sheridan-blvd/QWvSudo4R-unWekkChxNNA,westminster-colorado
https://www.ubereats.com/denver/food-delivery/mr-sake-sushi-%26-grill/8-SKDszGThyeXKSvahEJ3w,westminster-colorado
https://www.ubereats.com/denver/food-delivery/city-donuts-denver/O8OQL0DIQ6y3oOeng3_Gmw,westminster-colorado
https://www.ubereats.com/denver/food-delivery/old-chicago-72-10180-grant-street/8Fy97jS-QDqNmFfDAtNeHA,westminster-colorado
https://www.ubereats.com/denver/food-delivery/menchies-frozen-yogurt-535-s-boulder-rd/Aci4rl05S7aSbMU5ngNzzQ,westminster-colorado
https://www.ubereats.com/denver/food-delivery/massinos-pizzeria/aAC9E4wuQ_uPGSry5JPB8A,westminster-colorado
https://www.ubereats.com/denver/food-delivery/jack-in-the-box-5165-kipling-st/1pSjNm0ATgmIP26TAlJZiA,westminster-colorado
https://www.ubereats.com/denver/food-delivery/long-john-silvers-250-w-136th-ave/rvuonvgATHCKfytWifKB0w,westminster-colorado
https://www.ubereats.com/denver/food-delivery/papa-johns-2671-e-120th-ave/phY70Qu4QE6Afin-_q8nkA,westminster-colorado
https://www.ubereats.com/denver/food-delivery/taco-bell-1505-s-kipling-pkwy/_WZSDvb8TkydBVYFRQETCw,westminster-colorado
https://www.ubereats.com/denver/food-delivery/sushi-umi/UAmkpqR4TtaqbX2j4k5FkA,westminster-colorado
https://www.ubereats.com/denver/food-delivery/sonic-17191-s-golden-road/FcQItlB9SVy2pRzKjnnRQw,westminster-colorado
https://www.ubereats.com/denver/food-delivery/cleopatra/1quCtAUdTVO4qocYTimXHA,westminster-colorado
https://www.ubereats.com/denver/food-delivery/panda-express-2680-w-104th-ave/OX-nbXQwTEmQfYlw_TmNRw,westminster-colorado
https://www.ubereats.com/denver/food-delivery/tokyo-joes-one-west-flatiron-crossing-drive-suite-2156/Z4S7MxW0QSiRGgI67skc8Q,westminster-colorado
https://www.ubereats.com/denver/food-delivery/jays-grille-%26-bar/l_kQfvSbQyaUdVPpUUiEpw,westminster-colorado
https://www.ubereats.com/denver/food-delivery/blackjack-pizza-arvada/yBQy2EQ3SdygDdh2hlSK3A,westminster-colorado
https://www.ubereats.com/denver/food-delivery/wendys-12000-melody-dr/82OiIRhpT4-0z9SI1u9gsQ,westminster-colorado
https://www.ubereats.com/denver/food-delivery/hot-wok-asian-cuisine/UNDE1LZyTR6ny96JzwcRDQ,westminster-colorado
https://www.ubereats.com/denver/food-delivery/best-philly-steak/Kmuh14KkQo-Swbf6p9UrIg,westminster-colorado
https://www.ubereats.com/denver/food-delivery/kfc-250-w-136th-avenue/oucIytvISSauem8eLXvc4Q,westminster-colorado
https://www.ubereats.com/denver/food-delivery/buffalo-wild-wings-15570-w-64th-ave/Xjeim2gtSRa86ATYzEqruQ,westminster-colorado
https://www.ubereats.com/denver/food-delivery/la-belle-french-bakery/uqdGrwzLSPqZXeBovMd0bw,westminster-colorado
https://www.ubereats.com/denver/food-delivery/subway-7310-w-52nd-ave-%23c/CxecBiryTxyZmaWHf6d-yg,westminster-colorado
https://www.ubereats.com/denver/food-delivery/teriyaki-madness-union-station-1920-17th-st-suite-c/NTKG3zsbQiCRvTNCRzoROw,westminster-colorado
https://www.ubereats.com/denver/food-delivery/a%26w-6400-west-120th-avenue/Aty46L2XRLGcTnrdHahWZw,westminster-colorado
https://www.ubereats.com/denver/food-delivery/taco-johns-5810-logan-street/Jh6T4DJHQfqZs2aHk8_ijg,westminster-colorado
https://www.ubereats.com/denver/food-delivery/gelato-boy-16th-street-mall/AXqIjLnbRKu9AtrLursVpQ,westminster-colorado
https://www.ubereats.com/denver/food-delivery/el-taco-veloz/RRTJxj2-SPykNHUteNkP_g,westminster-colorado
https://www.ubereats.com/denver/food-delivery/deli-zone-depot-hill/wTM39-MCTtWPYQ3sXaHgEw,westminster-colorado
https://www.ubereats.com/denver/food-delivery/cold-stone-10443-town-center-drive/nsVNkm-OTHyTsdTRK9xvVQ,westminster-colorado
https://www.ubereats.com/denver/food-delivery/subway-thornton/N0c_dwcfSs-bccLG6wybxQ,westminster-colorado
https://www.ubereats.com/denver/food-delivery/burger-king-4945-kipling-st/P4ZLUql-Tu2YSxHy9z2njg,westminster-colorado
https://www.ubereats.com/denver/food-delivery/ali-baba-grill-highlands/vSzIg7emTfSy6jx68pIe3w,westminster-colorado
https://www.ubereats.com/denver/food-delivery/taco-bell-2975-w-51st-ave/JD8yXb3sQVuU-tuEjyr-Aw,westminster-colorado
https://www.ubereats.com/denver/food-delivery/hot-pho/-hrTXdvtQi-BPVADT51CoA,westminster-colorado
https://www.ubereats.com/denver/food-delivery/buffalo-wild-wings-w-80th-ave/m0X8wp-YQ1eDWWTsaL0vfw,westminster-colorado
https://www.ubereats.com/denver/food-delivery/mcdonalds-3350-colo-blvd/xkyWP7YGS92yl0jNsJq9dA,westminster-colorado
https://www.ubereats.com/denver/food-delivery/earnest-hall/kKBuB2AwTFKjq1BhWEkiiw,westminster-colorado
https://www.ubereats.com/denver/food-delivery/taco-bell-1298-east-104th-avenue/oZ4TQ5cKQIWmUc-huuT3Lw,westminster-colorado
https://www.ubereats.com/denver/food-delivery/hamburger-stand-8680-washington-st/FkVRLQ9hTOSgKhp-6ek34Q,westminster-colorado
https://www.ubereats.com/denver/food-delivery/arbys-8548/cEfauRVGQwuxqOXPUdW_Tg,westminster-colorado
https://www.ubereats.com/denver/food-delivery/mo-harolds-chicken-shack/l7FE_rQfT2yInT7bvh2GGA,westminster-colorado
https://www.ubereats.com/denver/food-delivery/benny-blancos-slice-of-the-bronx-tejon/PkfsAhd2R1Gkkdn5ufC0Qw,westminster-colorado
https://www.ubereats.com/denver/food-delivery/wendys-4964-federal-blvd/cfLmxC4pQgqebDQD93al8w,westminster-colorado
https://www.ubereats.com/denver/food-delivery/chapala-mexican-restaurant/hv36kr13QBKG3Hv7va_0Mg,westminster-colorado
https://www.ubereats.com/denver/food-delivery/taco-bell-10402-s-belle-creek-drive/vfsir_92Ty6FJQ4dhejXkA,westminster-colorado
https://www.ubereats.com/denver/food-delivery/star-sushi-restaurant/ldWr2eC3TVG1MRCsnkrUuw,westminster-colorado
https://www.ubereats.com/denver/food-delivery/6601-bonefish-grill-10438-towncenter-drive/_SNy6t6hT0-iQ6dEBPnoBA,westminster-colorado
https://www.ubereats.com/denver/food-delivery/dickeys-barbecue-restaurant-1255-e-1st-ave/O4xBWO-rS3i-WNImGb3xog,westminster-colorado
https://www.ubereats.com/denver/food-delivery/tamale-kitchen-westminster/wBzH50DrSICikteJMAVS7g,westminster-colorado
https://www.ubereats.com/denver/food-delivery/park-burger-highlands/1YLJYp1hTXyikGo6D6OFQA,westminster-colorado
https://www.ubereats.com/denver/food-delivery/blue-agave-grill/1HMUWXlpTNKt9NDHutmS_g,westminster-colorado
https://www.ubereats.com/denver/food-delivery/popeyes-12051-huron-st/tqTDnrOmTv-2_eJrkWovSw,westminster-colorado
https://www.ubereats.com/denver/food-delivery/pudge-brothers-pizza-12th-avenue/7fpx7uPLSvmW8G53QPJcCg,westminster-colorado
https://www.ubereats.com/denver/food-delivery/brothers-bbq-broomfield/DO-6c4aJRVaZrP1fPSz2fw,westminster-colorado
https://www.ubereats.com/denver/food-delivery/lakewood-grill/gfmIynDeSKKjKZVu6N9fnQ,westminster-colorado
https://www.ubereats.com/denver/food-delivery/qdoba-mexican-grill-1005-w-120th-ave-suite-100/mGmV6Ki7TqWQuvSA0nuSuQ,westminster-colorado
https://www.ubereats.com/denver/food-delivery/red-lobster-1350-west-104th-ave/HA6FXv6QQFiVn7DL2sXjFA,westminster-colorado
https://www.ubereats.com/denver/food-delivery/taco-bell-1220-e-1st-ave/KkxqjxcoSJC79CxE7OZJTQ,westminster-colorado
https://www.ubereats.com/denver/food-delivery/bjs-restaurant-%26-brewhouse-14245-west-colfax/GoM85axfQDmTO0JwjZaQTQ,westminster-colorado
https://www.ubereats.com/denver/food-delivery/tokyo-joes-14227-w-colfax-ave/Ps5YdIqwTM-lTLG3Nd_sHQ,westminster-colorado
https://www.ubereats.com/denver/food-delivery/arbys-8549/-MkbtVLpTNGC458wR-A0JA,westminster-colorado
https://www.ubereats.com/denver/food-delivery/qdoba-5095-kipling-st/xGT8HCGCToqUvho04oqDiQ,westminster-colorado
https://www.ubereats.com/denver/food-delivery/ihop-3581/oN2nz4SPTMKN-5TJ0eaGEA,westminster-colorado
https://www.ubereats.com/denver/food-delivery/qdoba-mexican-grill-635-b-flatiron-marketplace-dr/mIxBpkgJSmuzMyIIicTY5w,westminster-colorado
https://www.ubereats.com/denver/food-delivery/papa-johns-12792-alameda-parkway/OG_H5bfZRNmx102aJcWwEA,westminster-colorado
https://www.ubereats.com/denver/food-delivery/zoes-kitchen-4550-main-street-unit-600/6_NjhsulT6m5cZYuO1JwZw,westminster-colorado
https://www.ubereats.com/denver/food-delivery/bjs-restaurant-%26-brewhouse-10446-town-center-drive/4jSVoJFZQZaCJPTMZw7eXw,westminster-colorado
https://www.ubereats.com/denver/food-delivery/heaven-dragon-chinese-restaurant/reMaAKE3Q32LmhKedkJXUw,westminster-colorado
https://www.ubereats.com/denver/food-delivery/charleys-philly-steaks-colorado-mills-mall/x37Upn-qRCaHZiBPaKDvxw,westminster-colorado
https://www.ubereats.com/denver/food-delivery/qdoba-mexican-grill-10431-town-center-dr-suite-600/Niq55gtmQu23JuCyl6ABLQ,westminster-colorado
https://www.ubereats.com/denver/food-delivery/burger-king-6801-west-120th-avenue/ChMqshhQSbCWHrDntgzQyg,westminster-colorado
https://www.ubereats.com/denver/food-delivery/cozy-cottage/LlocAkTlT0eXP7mnWNF1Dw,westminster-colorado
https://www.ubereats.com/denver/food-delivery/starbucks-mccaslin-%26-century/l8YdTJwnTZGpU92QG-9okg,westminster-colorado
https://www.ubereats.com/denver/food-delivery/qdoba-mexican-eats-4000-n-colorado/RINzHbUwSrKWiaLQ252zqQ,westminster-colorado
https://www.ubereats.com/denver/food-delivery/tupelo-honey-denver/r49bPkd6ScWAm3a5IHr0Nw,westminster-colorado
https://www.ubereats.com/denver/food-delivery/bovas-italian-restaurant/FYUjg4w6S7aD_C1bb3tUAg,westminster-colorado
https://www.ubereats.com/denver/food-delivery/cheddars-casual-cafe-10250-grant-st/6z-peRLHSBCavjZ334NNBA,westminster-colorado
https://www.ubereats.com/denver/food-delivery/ktbbq/DCP1q9LOTlKwYNvYBjeXBA,westminster-colorado
https://www.ubereats.com/denver/food-delivery/mcdonalds-arvada-58th-ave/EPyoNPugTjyvftPtVf2Wtg,westminster-colorado
https://www.ubereats.com/denver/food-delivery/6606-bonefish-grill-14770-w-colfax/XrcwGkZ7TF24YHP-RmHfxw,westminster-colorado
https://www.ubereats.com/denver/food-delivery/burger-king-301-west-84th-street/bCf5yJnOTGWxqH54q9a0-w,westminster-colorado
https://www.ubereats.com/denver/food-delivery/qdoba-mexican-grill-4550-w-121st-ave-suite-c/ZZN71z-ISk6SgXsq99Qpjg,westminster-colorado
https://www.ubereats.com/denver/food-delivery/popeyes-74-w-flatiron-crossing-drive/i03jjFzbQ9ap1HLZ9TSzLA,westminster-colorado
https://www.ubereats.com/denver/food-delivery/the-happy-sumo-orchard-town-center/MbbuSNAWRZq7Dx0IAONXag,westminster-colorado
https://www.ubereats.com/denver/food-delivery/el-cazo-cocina-y-cantina/7xyjAUuCRbGaB7PCP0i9Vw,westminster-colorado
https://www.ubereats.com/denver/food-delivery/tgi-fridays-573-denver-northfield-co/nYU4vtyETAemRtMxZJyWjw,westminster-colorado
https://www.ubereats.com/denver/food-delivery/carls-jr-4211-e-104th-ave/NLgN9nSnTWKYcyHovJ0ClA,westminster-colorado
https://www.ubereats.com/denver/food-delivery/rio-grande-mexican-restaurant-denver/5CZByIwsS1inmDrb795ARA,westminster-colorado
https://www.ubereats.com/denver/food-delivery/lil-nicks-pizza/T8HzBCRqQCKLCo17JD8_vQ,westminster-colorado
https://www.ubereats.com/denver/food-delivery/mcdonalds-federal-hghts-96/OYwd5cNDRk2ofdFjVG9xOA,westminster-colorado
https://www.ubereats.com/denver/food-delivery/burger-king-7613-west-88th-avenue/HAUt99HFSAG19fgRdFz_QQ,westminster-colorado
https://www.ubereats.com/denver/food-delivery/sonic-3605-e-104th-avenue/r5zCa0ytTriv-5mLpD27qQ,westminster-colorado
https://www.ubereats.com/denver/food-delivery/tacos-y-tortas-el-compita/FiWe3TnZSAuWbdcHWEdssQ,westminster-colorado
https://www.ubereats.com/denver/food-delivery/del-taco-595-summit-blvd/9ONAAwxZQvGCN7GBaxW_0g,westminster-colorado
https://www.ubereats.com/denver/food-delivery/anthonys-ii/WzkSK15RTGyEC8eIvvtNaQ,westminster-colorado
https://www.ubereats.com/denver/food-delivery/brothers-bbq-colfax/oipu9JQyTz2_CIvLqd4mKg,westminster-colorado
https://www.ubereats.com/denver/food-delivery/qdoba-mexican-grill-459-s-mccaslin-blvd-suite-1/ikD3qnOQQ8SR_g6KIogKjA,westminster-colorado
https://www.ubereats.com/denver/food-delivery/infuzed-soda-bar/VBRGs0PoTBmvURzfYsuBoA,westminster-colorado
https://www.ubereats.com/denver/food-delivery/uncle-julios-hacienda-colorado-wheat-ridge/67AqTVtcTGK-JDPRFmCx4Q,westminster-colorado
https://www.ubereats.com/denver/food-delivery/subway-8700-wadsworth-blvd/jH0SZSqARfyq79B8HmQFnA,westminster-colorado
https://www.ubereats.com/denver/food-delivery/mcdonalds-9499-n-sheridan/mKDZ6YtfR3mgPIyg5Vswsg,westminster-colorado
https://www.ubereats.com/denver/food-delivery/mcdonalds-edgewater-17th/7d_0XttdQk23uu5fTY5rnA,westminster-colorado
https://www.ubereats.com/denver/food-delivery/applebees-6405-w-120th-avenue-%2384042/db3ttJ7eR4arVXzW96n7QA,westminster-colorado
https://www.ubereats.com/denver/food-delivery/chipotle-mexican-grill-145-union-blvd-ste-103/rSu993W6Rr-i3vF3zPYarw,westminster-colorado
https://www.ubereats.com/denver/food-delivery/subway-1621-coalton-rd/A21ytep2S0e7bUaew0R8Wg,westminster-colorado
https://www.ubereats.com/denver/food-delivery/rusty-taco-7630-w-80th-ave/vhWzMATPTue0GTN8HWLt3Q,westminster-colorado
https://www.ubereats.com/denver/food-delivery/sweetwater-station/vbFqOp8cTOa9TEpw8TWp0g,westminster-colorado
https://www.ubereats.com/denver/food-delivery/firehouse-subs-lincoln-st/TcwQovROTOGQcNzIOpQYpw,westminster-colorado
https://www.ubereats.com/denver/food-delivery/subway-4990-kipling-st/BM_lztkeSPSSeSqPdAbGRQ,westminster-colorado
https://www.ubereats.com/denver/food-delivery/wendys-150-east-144th-ave/Wm-y0Ly4TeuKyzpKZJzP-g,westminster-colorado
https://www.ubereats.com/denver/food-delivery/lazo-empanadas-edgewater/SamtGpIBRpqOl8dZyTskvw,westminster-colorado
https://www.ubereats.com/denver/food-delivery/benihana-broomfield/tPafCAyORv-qDhkjfhukWg,westminster-colorado
https://www.ubereats.com/denver/food-delivery/mugi-ramen-and-poke/8HTx-HXFRCebR1m4NekjzA,westminster-colorado
https://www.ubereats.com/denver/food-delivery/10-barrel-denver/RndwQT-PTbOWWGPdlJPPhw,westminster-colorado
https://www.ubereats.com/denver/food-delivery/yak-and-yeti-restaurant-and-brewpub-arvada/sQR3ykleSsu82F6MZsjM8Q,westminster-colorado
https://www.ubereats.com/denver/food-delivery/bliss-frozen-yogurt/x-iz710jRiairxiNIzskYQ,westminster-colorado
https://www.ubereats.com/denver/food-delivery/arbys-379/AZaBjLlxRYKCgbXEYl66Fw,westminster-colorado
https://www.ubereats.com/denver/food-delivery/subway-84th-pecos/9kl3CXMOQradRxrbyTzabA,westminster-colorado
https://www.ubereats.com/denver/food-delivery/auntie-annes-1-w-flatiron-crossing-dr-space-2234/3KiEEZU0TIiLRnvXFTPp3Q,westminster-colorado
https://www.ubereats.com/denver/food-delivery/mod-pizza-ralston-creek/f-lp6uSrRs2_qDTXRrgAfA,westminster-colorado
https://www.ubereats.com/denver/food-delivery/benders-bar-%26-grill/JoSCvlOFS_G8NT-Rns18AA,westminster-colorado
https://www.ubereats.com/denver/food-delivery/bawarchi-biryanis/ichtQmd3QAaa8vct5Ituhw,westminster-colorado
https://www.ubereats.com/denver/food-delivery/first-watch-arvada-marketplace/VIjYYuvJS9qoT-g4Ud7nCg,westminster-colorado
https://www.ubereats.com/denver/food-delivery/macaroni-grill-church-ranch/kJj6P9ZjQBW0aA8De4SzFQ,westminster-colorado
https://www.ubereats.com/denver/food-delivery/moosehill-cantina/9sYfPR1ER7O1TlZzdd27QQ,westminster-colorado
https://www.ubereats.com/denver/food-delivery/navah-coffee/BS_9TLXiSIK7cm0APxLP2g,westminster-colorado
https://www.ubereats.com/denver/food-delivery/chipotle-mexican-grill-8797-wadsworth-blvd/SdZyYKvvQgKKkOsRrouuQA,westminster-colorado
https://www.ubereats.com/denver/food-delivery/flying-pig-burger-co/_6-M1azmQc25DbJkT0H_4Q,westminster-colorado
https://www.ubereats.com/denver/food-delivery/burger-king-650-east-120th-avenue/pqW1VgX2TMaSOsm-UEmnqw,westminster-colorado
https://www.ubereats.com/denver/food-delivery/arbys-8684/0CEuvquORvOhike1FLZI_A,westminster-colorado
https://www.ubereats.com/denver/food-delivery/ugly-dog-sports-cafe/gbRN5yPnSgWsJoENZQ5J0g,westminster-colorado
https://www.ubereats.com/denver/food-delivery/lamars-donuts-990-w-6th-ave/dB1GxKJlTaSVHeON2scoBw,westminster-colorado
https://www.ubereats.com/denver/food-delivery/panda-express-5145-kipling-st/oXOMX2IlTqKKlu8P2-fvmg,westminster-colorado
https://www.ubereats.com/denver/food-delivery/dennys-350-east-104th-ave/iJUWaX_9RmC8CEJXZ17zyw,westminster-colorado
https://www.ubereats.com/denver/food-delivery/izu-sushi/pYz_v1xER7CYoBzJQrPazw,westminster-colorado
https://www.ubereats.com/denver/food-delivery/ruperts-at-the-edge/sCM6HbaJRpeM7PzRtIeCgQ,westminster-colorado
https://www.ubereats.com/denver/food-delivery/the-original-chubbys-mexican-food-westminster/CBGouPuTSViGJ-Up7y4ZSQ,westminster-colorado
https://www.ubereats.com/denver/food-delivery/taco-star-thornton/pC2JIQJBSUiH4OWHZ_rB9g,westminster-colorado
https://www.ubereats.com/denver/food-delivery/everest-cafe/XNvPuYg0Q9mZRJi_lj751A,westminster-colorado
https://www.ubereats.com/denver/food-delivery/boston-market-9269-sheridan-blvd/Rxbh5_6jRf6P00miSwtghg,westminster-colorado
https://www.ubereats.com/denver/food-delivery/homegrown-tap-%26-dough-olde-town-arvada/59UBvjRKTgeKB6e6jPpyQQ,westminster-colorado
https://www.ubereats.com/denver/food-delivery/noodles-%26-company-14025-w-colfax-dr/zFw77wcRSqCTSjUP3QObsA,westminster-colorado
https://www.ubereats.com/denver/food-delivery/taco-bell-3833-w-38th-ave/tetGjKuiRfS8lOnGEA-p5A,westminster-colorado
https://www.ubereats.com/denver/food-delivery/chipotle-mexican-grill-14255-w-colfax-ave-ste-a/ayVfWBNLQyOgyt_tqjlTlg,westminster-colorado
https://www.ubereats.com/denver/food-delivery/subway-72nd-broadway/3HfKsTONTi-pqjM8GcwJDg,westminster-colorado
https://www.ubereats.com/denver/food-delivery/wendys-8970-washington-st/4SFJPIhsRHS1-Ec8cVFPWw,westminster-colorado
https://www.ubereats.com/denver/food-delivery/big-juicy-bar-%26-grill/JEsoiDeQTA6Ffi_a-meOkA,westminster-colorado
https://www.ubereats.com/denver/food-delivery/biscuit-bar/Q5b4uUjbTYSYac0_itMUtg,westminster-colorado
https://www.ubereats.com/denver/food-delivery/atlanta-bread-northglenn/oqt2AKNETZGXRsr_tEUyDQ,westminster-colorado
https://www.ubereats.com/denver/food-delivery/3-sons-italian-restaurant/IZAUWxcJRUyhk2DM39mPqg,westminster-colorado
https://www.ubereats.com/denver/food-delivery/eat!-food-%26-drink/1sgkVwPJQnKX0WV3_9_YJQ,westminster-colorado
https://www.ubereats.com/denver/food-delivery/mcdonalds-88th-%26-sheridan/CYV7MgbmTeag0u_Vx3h9XA,westminster-colorado
https://www.ubereats.com/denver/food-delivery/gourmet-ghost/8n6AhP7MT8CEcB5R3ZkiNg,westminster-colorado
https://www.ubereats.com/denver/food-delivery/stoneys-bar-%26-grill/H03sOGAIQNGZXyZlkY9BVA,westminster-colorado
https://www.ubereats.com/denver/food-delivery/the-delectable-egg-court/GL6G4c90QWSQD3BsBLe0GA,westminster-colorado
https://www.ubereats.com/denver/food-delivery/arbys-8624/AbT-IR9cQA2FYUd1AFSMxA,westminster-colorado
https://www.ubereats.com/denver/food-delivery/the-gyros-king-edgewater/9CebebN2SNiSpOh5bnYsPQ,westminster-colorado
https://www.ubereats.com/denver/food-delivery/dickeys-bbq-pit-grant-st-%26-97th-ave/yM1kRQBgTWSYELcmVtpDoQ,westminster-colorado
https://www.ubereats.com/denver/food-delivery/mcdonalds-westminster-100/m3O-utCSS6-HsWPQKeDSqg,westminster-colorado
https://www.ubereats.com/denver/food-delivery/taco-bell-3050-youngfield-st/ihHw5JdOQ2yImK0f-ZUYpg,westminster-colorado
https://www.ubereats.com/denver/food-delivery/5280-burger-bar-westminster/cwH6cQJISciPVwSOQUVerg,westminster-colorado
https://www.ubereats.com/denver/food-delivery/quiznos-bloomfield/k8i6sRNQTP2wficw-s9Tkw,westminster-colorado
https://www.ubereats.com/denver/food-delivery/today-hawaii-bbq/-qPLTuE7TZeRevHYONDTWQ,westminster-colorado
https://www.ubereats.com/denver/food-delivery/pecces-pizzeria/Fckd5qOhTESBc8EEfxgOiQ,westminster-colorado
https://www.ubereats.com/denver/food-delivery/dream-bubble-te/Dvz5rWcySJmsbKT5WjPU7A,westminster-colorado
https://www.ubereats.com/denver/food-delivery/mcdonalds-8700-n-washington/JoQDZxsuTSuys3_uFDmd6w,westminster-colorado
