url,city
https://www.ubereats.com/nyc-suburbs/food-delivery/blaze-pizza-1047-w-montauk-hwy/w_M0G3sTTsG7-HGo88PSjw,west-babylon-new-york
https://www.ubereats.com/nyc-suburbs/food-delivery/cheeburger-cheeburger-farmingdale/O2bTY5wpR-OOvk9QJuMlhA,west-babylon-new-york
https://www.ubereats.com/nyc-suburbs/food-delivery/one-eye-jacks/X-xmfDyZQciaH7dDz5dnwA,west-babylon-new-york
https://www.ubereats.com/nyc-suburbs/food-delivery/junos-pizza-new-york-city/UsF_-mrMS4CXDVEAnXc43w,west-babylon-new-york
https://www.ubereats.com/nyc-suburbs/food-delivery/golden-pine-deli/aS7sfPqTS1ekNSEEN5Y_-A,west-babylon-new-york
https://www.ubereats.com/nyc-suburbs/food-delivery/carvel-137-bayshore-road/glC3a6M-Sl6LzgO4ZA2Xiw,west-babylon-new-york
https://www.ubereats.com/nyc-suburbs/food-delivery/captree-gourmet-deli/VfQU3uGXTi2pqlpDDxWnnA,west-babylon-new-york
https://www.ubereats.com/nyc-suburbs/food-delivery/american-beauty-bistro/Z7wrteMdTviMNnVYDT8WVw,west-babylon-new-york
https://www.ubereats.com/nyc-suburbs/food-delivery/bagel-and-deli-creations/0G75dBcNQF-4ErpUIJT-1Q,west-babylon-new-york
https://www.ubereats.com/nyc-suburbs/food-delivery/absolutely-mario/wA_azOP8QIKDCVEy1JFiQA,west-babylon-new-york
https://www.ubereats.com/nyc-suburbs/food-delivery/francescos-pizzeria/WQh4bIemRjmI_GtD8vku_g,west-babylon-new-york
https://www.ubereats.com/nyc-suburbs/food-delivery/the-energy-bar-of-long-island/4TF2rbegSAeNOZp1s6I2tA,west-babylon-new-york
https://www.ubereats.com/nyc-suburbs/food-delivery/wanna-waffle/UUoBS3lJRCSuSJZbcoNnTA,west-babylon-new-york
https://www.ubereats.com/nyc-suburbs/food-delivery/nazs-halal-food-to-go-325-washington-ave/CRvirijJQHezFnIYs_x6Pg,west-babylon-new-york
https://www.ubereats.com/nyc-suburbs/food-delivery/friendlys-4812-sunrise-hwy/XFqxysE1RVuFnspIfkCEBQ,west-babylon-new-york
https://www.ubereats.com/nyc-suburbs/food-delivery/dark-horse-tavern/6Iztg-RYTNS02JH2bccItw,west-babylon-new-york
https://www.ubereats.com/nyc-suburbs/food-delivery/ohayo-japanese-cuisine/p5zB0VN1TdOAuDMNnMtB2g,west-babylon-new-york
https://www.ubereats.com/nyc-suburbs/food-delivery/el-sueno-mexican-grill/IATz1mQsQh6xkHzprzXh9g,west-babylon-new-york
https://www.ubereats.com/nyc-suburbs/food-delivery/patrizias-of-long-island-massapequa-park/vuvQZOrJQ16GFb14GyZ3DA,west-babylon-new-york
https://www.ubereats.com/nyc-suburbs/food-delivery/taco-bell-1937-deer-park-avenue/KAUNr2KvRFa0c7Jp1ULeqw,west-babylon-new-york
https://www.ubereats.com/nyc-suburbs/food-delivery/bagel-cafe-%26-eatery/E72adJ_QQ92-XSyvqmEZnw,west-babylon-new-york
https://www.ubereats.com/nyc-suburbs/food-delivery/king-halal/C-iEsyEzRjix-bcWrgL_ug,west-babylon-new-york
https://www.ubereats.com/nyc-suburbs/food-delivery/fukee/ZCXNNT9KSmirRE3_lJ3SFg,west-babylon-new-york
https://www.ubereats.com/nyc-suburbs/food-delivery/energy-fuel/w24hUwphT-iLW4U6Dttj-w,west-babylon-new-york
https://www.ubereats.com/nyc-suburbs/food-delivery/ginos-wings/Pw_CPcEYR1yD7v5oV36W6g,west-babylon-new-york
https://www.ubereats.com/nyc-suburbs/food-delivery/alfredos-pizza/JEwhucBVRJ-qhjwEgiI_VA,west-babylon-new-york
https://www.ubereats.com/nyc-suburbs/food-delivery/dairy-queen-grill-%26-chill-321-w-jericho-tpke/51IpXlWtSEarXZYgfz8HwQ,west-babylon-new-york
https://www.ubereats.com/nyc-suburbs/food-delivery/carvel-188-howells-rd/P9V5faMKRR6J3gBkEnxy4A,west-babylon-new-york
https://www.ubereats.com/nyc-suburbs/food-delivery/dunkin-501-commack-rd/PCdMoZUJQMehdBLb_OrOEg,west-babylon-new-york
https://www.ubereats.com/nyc-suburbs/food-delivery/new-food-luck-kitchen/nSPtWIdxSFqN4VyjQ7C67w,west-babylon-new-york
https://www.ubereats.com/nyc-suburbs/food-delivery/primavera-pizza-170-montauk-hwy/jqSzSRk_Rx-vUiXDX6bDCA,west-babylon-new-york
https://www.ubereats.com/nyc-suburbs/food-delivery/wendys-37-wicks-road/oDaMrOXqS5KMPx0kSi-0hA,west-babylon-new-york
https://www.ubereats.com/nyc-suburbs/food-delivery/coastal-kitchen-%26-daiquiri-bar/eZQx_VBfTQ-NM6KyJ25-9w,west-babylon-new-york
https://www.ubereats.com/nyc-suburbs/food-delivery/dunkin-116-broadhollow-rd/d1ZMHeWaSU-bE9KGDrdleg,west-babylon-new-york
https://www.ubereats.com/nyc-suburbs/food-delivery/rubys-cajun/tJ_QEvDUTSiGYtyP75YzJw,west-babylon-new-york
https://www.ubereats.com/nyc-suburbs/food-delivery/kitchen-door/1q14VM_9RWaPZLRuf1a59g,west-babylon-new-york
https://www.ubereats.com/nyc-suburbs/food-delivery/toxic-wings-deer-park/g1H_XYZmTLGnPLyQ4SV2zA,west-babylon-new-york
https://www.ubereats.com/nyc-suburbs/food-delivery/kfc-amityville/4iUEXbfATvuOJe9fDTxKGQ,west-babylon-new-york
https://www.ubereats.com/nyc-suburbs/food-delivery/subway-66-e-sunrise-hwy/mS001dKXRF-NbFS66aP-CA,west-babylon-new-york
https://www.ubereats.com/nyc-suburbs/food-delivery/the-pie-shoppe/-d-uctUhTQO7GgaDircTRQ,west-babylon-new-york
https://www.ubereats.com/nyc-suburbs/food-delivery/nazs-halal-food-1171-deer-park-ave/BHad6_lGS9SU8PjrbtaFpQ,west-babylon-new-york
https://www.ubereats.com/nyc-suburbs/food-delivery/don-juan/U8qfDm3cSF6Cb65NiSsv7A,west-babylon-new-york
https://www.ubereats.com/nyc-suburbs/food-delivery/dunkin-320-e-montauk-hwy/tGGJFy32Sh20VlSVo0Lb8g,west-babylon-new-york
https://www.ubereats.com/nyc-suburbs/food-delivery/caffe-rio/zpAe7IOZTWiwouQn-yJSdw,west-babylon-new-york
https://www.ubereats.com/nyc-suburbs/food-delivery/papa-johns-1840-deer-park-ave/LUpzaS9oT6Cqqxx6OtNjHg,west-babylon-new-york
https://www.ubereats.com/nyc-suburbs/food-delivery/taco-joes-west-babylon/rl-YMLy4TGuFhhik86kgNw,west-babylon-new-york
https://www.ubereats.com/nyc-suburbs/food-delivery/fusion-yogurt-and-bowls/hswTqOVMT4eGYA8kK9vpgg,west-babylon-new-york
https://www.ubereats.com/nyc-suburbs/food-delivery/burger-king-700-farmingdale-road/LyaEUsAxT0Sp00dRcm2MJg,west-babylon-new-york
https://www.ubereats.com/nyc-suburbs/food-delivery/andys-italian-ices-kitchen-nyc/fo1Qyd-zTWy1awXA43Nkjg,west-babylon-new-york
https://www.ubereats.com/nyc-suburbs/food-delivery/subway-671-route-109/4UEtmCJzR2KYER5hAEtBtg,west-babylon-new-york
https://www.ubereats.com/nyc-suburbs/food-delivery/mcdonalds-1484-5th-ave/R4H9dX8iRRGRjAEe9xAOuA,west-babylon-new-york
https://www.ubereats.com/nyc-suburbs/food-delivery/wendys-220-route-109/kq77pCziQim-p7k2CAx9Fg,west-babylon-new-york
https://www.ubereats.com/nyc-suburbs/food-delivery/boston-market-1605-deer-park-avenue/n-Uyhb9tSqSY7soAwo655A,west-babylon-new-york
https://www.ubereats.com/nyc-suburbs/food-delivery/popeyes-121-west-montauk-highway/GyolUHgMRKqBWbKr67kL0Q,west-babylon-new-york
https://www.ubereats.com/nyc-suburbs/food-delivery/sobol-babylon/IMqUYwH0T6qFPeurp37bqA,west-babylon-new-york
https://www.ubereats.com/nyc-suburbs/food-delivery/obsession-banquet-hall/B1ROC7oNTBuvzvvE5QLUDA,west-babylon-new-york
https://www.ubereats.com/nyc-suburbs/food-delivery/maracas-express/_sEjAAdvRg2l7rOz_yMshA,west-babylon-new-york
https://www.ubereats.com/nyc-suburbs/food-delivery/hells-kitchen/Rr0pZuxkQJqC8i3VuglP6g,west-babylon-new-york
https://www.ubereats.com/nyc-suburbs/food-delivery/yogurt-%26-such-cafe-west-babylon/fGEsyV-GScW14CJTv4K4jg,west-babylon-new-york
https://www.ubereats.com/nyc-suburbs/food-delivery/that-meetball-place-farmingdale/CKXSnNu_SFCHmD1Pv1VLxw,west-babylon-new-york
https://www.ubereats.com/nyc-suburbs/food-delivery/chipotle-mexican-grill-901-broadhollow-rd/vkcDw-BOR8OZ2dt1cb8Prw,west-babylon-new-york
https://www.ubereats.com/nyc-suburbs/food-delivery/alberts-pizza/hWDsLdkLRkiuFTkXc0NDtA,west-babylon-new-york
https://www.ubereats.com/nyc-suburbs/food-delivery/mcdonalds-1255-deer-park-ave/c2EvaAuHRIGjbM7sWtpjLQ,west-babylon-new-york
https://www.ubereats.com/nyc-suburbs/food-delivery/cafe-europa-pizzeria-%26-restaurant/T5RdXZw6QlS3LgdoxY139A,west-babylon-new-york
https://www.ubereats.com/nyc-suburbs/food-delivery/lindys-deli/SvsuZweYSMqB6rswkBwghw,west-babylon-new-york
https://www.ubereats.com/nyc-suburbs/food-delivery/sweet-sensations/SD21_1f4Q4izSAHZJ8AcmA,west-babylon-new-york
https://www.ubereats.com/nyc-suburbs/food-delivery/bougatfa-halal-food/AFjItcpRSeiaqZXNjDEOOw,west-babylon-new-york
https://www.ubereats.com/nyc-suburbs/food-delivery/right-coast-taqueria/c715yFFmQdS9L4U1KV9hng,west-babylon-new-york
https://www.ubereats.com/nyc-suburbs/food-delivery/kb-deli/OyfyGmofRmexvuHKFtD6bw,west-babylon-new-york
https://www.ubereats.com/nyc-suburbs/food-delivery/tim-hortons-4030-merrick-road/GVU17MuUTiqNJnXnuHvnqg,west-babylon-new-york
https://www.ubereats.com/nyc-suburbs/food-delivery/213-applebees-lindenhurst/KHS_RBOFTj-7rGK47P5GPQ,west-babylon-new-york
https://www.ubereats.com/nyc-suburbs/food-delivery/martins-coffee-cafe/S8a4Z8OHQCyM0iN4TCWFAw,west-babylon-new-york
https://www.ubereats.com/nyc-suburbs/food-delivery/kabuki-japanese-cuisine/V2azzkZwQM2sSo3KFM6QeA,west-babylon-new-york
https://www.ubereats.com/nyc-suburbs/food-delivery/burger-king-1201-sunrise-highway-ny-11726/dZuHYTHwRv6JdXKZXOKmmg,west-babylon-new-york
https://www.ubereats.com/nyc-suburbs/food-delivery/bayview-kitchen/P7btCsmBSxCL2Wc4RnvD1g,west-babylon-new-york
https://www.ubereats.com/nyc-suburbs/food-delivery/dunkin-187-sunrise-hwy/AdX38z91TbivRXllh0m9Ew,west-babylon-new-york
https://www.ubereats.com/nyc-suburbs/food-delivery/bullseye-bagels/FVoTXOaGTc6pXTfcwlDKbA,west-babylon-new-york
https://www.ubereats.com/nyc-suburbs/food-delivery/la-famiglia-babylon-village/0-Ti1JzoSmGQsbQaHt19cw,west-babylon-new-york
https://www.ubereats.com/nyc-suburbs/food-delivery/pollo-campero-bayshore-fifth-ave/5NP5-mLIRciphEuNu5IoJw,west-babylon-new-york
https://www.ubereats.com/nyc-suburbs/food-delivery/subway-1270-wellwood-ave/XTVSCWvxT2O3pyLwRliQtQ,west-babylon-new-york
https://www.ubereats.com/nyc-suburbs/food-delivery/la-mesa/Aqp1ryzbQH6eA43HYs2EEA,west-babylon-new-york
https://www.ubereats.com/nyc-suburbs/food-delivery/dunkin-4886-sunrise-hwy/WdEM1FOiRJmm9IKZquNX3w,west-babylon-new-york
https://www.ubereats.com/nyc-suburbs/food-delivery/carvel-350-east-montauk-highway/W_AordqfT8mG1VeLxiNPFg,west-babylon-new-york
https://www.ubereats.com/nyc-suburbs/food-delivery/wings-over-farmindale/MaOodkoUSVG0tpSq8dahbg,west-babylon-new-york
https://www.ubereats.com/nyc-suburbs/food-delivery/cusmos-greek-american-restaurant/KGU-dTyyTSOCK4wcqJdu5g,west-babylon-new-york
https://www.ubereats.com/nyc-suburbs/food-delivery/the-tap-room-bayshore/ttkmnHXjR5OkmR5w-QyMeA,west-babylon-new-york
https://www.ubereats.com/nyc-suburbs/food-delivery/kebab-express-%7C-halal-grill/14Af3jKFSHGQvHbOKJheyw,west-babylon-new-york
https://www.ubereats.com/nyc-suburbs/food-delivery/dunkin-529-e-main-st/HvhohJsMSCmo_wqm8uyH_g,west-babylon-new-york
https://www.ubereats.com/nyc-suburbs/food-delivery/stuff-a-bagel-massapequa/f6PqVxjwSbSaeAlN-jk9kQ,west-babylon-new-york
https://www.ubereats.com/nyc-suburbs/food-delivery/vibes-jamaican-restaurant/MRgWpEenQEuSEOBZPP_aEQ,west-babylon-new-york
https://www.ubereats.com/nyc-suburbs/food-delivery/taj-tandoor/bgImilHQTWm7tHSYpZoc1w,west-babylon-new-york
https://www.ubereats.com/nyc-suburbs/food-delivery/the-delica-sea/NGKxxq7OQlOz66a9qk00Xg,west-babylon-new-york
https://www.ubereats.com/nyc-suburbs/food-delivery/thai-green-leaf/djzV6a7ZQrWXrdjH0-JF-A,west-babylon-new-york
https://www.ubereats.com/nyc-suburbs/food-delivery/mcdonalds-107-main-st/7dKuwdPNTqms1wqIzmBsug,west-babylon-new-york
https://www.ubereats.com/nyc-suburbs/food-delivery/island-soul-restaurant/GfLAnYC_RM-2DLjywLezBw,west-babylon-new-york
https://www.ubereats.com/nyc-suburbs/food-delivery/iavarone-cafe-italian-kitchen-and-pizzeria/Ks8_UQekRQ6O0LB_p7vhMg,west-babylon-new-york
https://www.ubereats.com/nyc-suburbs/food-delivery/main-street-pizza-company/11E91qe0RC6m3UT03evv_g,west-babylon-new-york
https://www.ubereats.com/nyc-suburbs/food-delivery/deli-belli/CQwG4h4dSGSaPftfUBk4Jw,west-babylon-new-york
https://www.ubereats.com/nyc-suburbs/food-delivery/buffalo-wild-wings-1112-deer-park-ave/VZlxs2X0RXGCbEjElBbuig,west-babylon-new-york
https://www.ubereats.com/nyc-suburbs/food-delivery/brunello-italian-kitchen/62d9X1yGR6iLgP5kWScQkA,west-babylon-new-york
https://www.ubereats.com/nyc-suburbs/food-delivery/red-lobster-1700-the-arches-circle/OfB4eAOrQMqTJ_Ip7QWU6w,west-babylon-new-york
https://www.ubereats.com/nyc-suburbs/food-delivery/a-touch-of-italy/RXi0NG6mT7Sliy0FGaO6nw,west-babylon-new-york
https://www.ubereats.com/nyc-suburbs/food-delivery/chiddys-cheesesteaks/ZCaHOBcbRfaB4Hfo0U6IaQ,west-babylon-new-york
https://www.ubereats.com/nyc-suburbs/food-delivery/moo-cluck-vegan/d5bkUNr8S6Kanu3--M9W2Q,west-babylon-new-york
https://www.ubereats.com/nyc-suburbs/food-delivery/sbarro-479-sunrise-mall/_iu-YDtVQYWjyG0qZS8jYA,west-babylon-new-york
https://www.ubereats.com/nyc-suburbs/food-delivery/one-10-restaurant/2SQzNYMbSjOcs5r0lSj2Aw,west-babylon-new-york
https://www.ubereats.com/nyc-suburbs/food-delivery/frankies-east-side-gourmet-restaurant/CvA13tE4S_C5q0IBzvYzNg,west-babylon-new-york
https://www.ubereats.com/nyc-suburbs/food-delivery/bango-bowls-bay-shore/pwoxLDBhQxGjP-rQnwr0Ow,west-babylon-new-york
https://www.ubereats.com/nyc-suburbs/food-delivery/cancun-mexican-grill/aFGtpb4pRWe8mfab5oAz6g,west-babylon-new-york
https://www.ubereats.com/nyc-suburbs/food-delivery/figueroas-deli-copiague/VwKaj00DQySSfqZj3Ba9Bw,west-babylon-new-york
https://www.ubereats.com/nyc-suburbs/food-delivery/local-babylon/lm2AEGyeRTei1ecDbjFjBA,west-babylon-new-york
https://www.ubereats.com/nyc-suburbs/food-delivery/tropical-smoothie-cafe-massapequa-park/ha474w6mSF6zjeHSfxnP3g,west-babylon-new-york
https://www.ubereats.com/nyc-suburbs/food-delivery/wendys-1255-sunrise-highway/WWIQXqJETm2Liyx2zR_SLA,west-babylon-new-york
https://www.ubereats.com/nyc-suburbs/food-delivery/cornucopias-noshery/fHk7rRDSSPyly2XbhWd19g,west-babylon-new-york
https://www.ubereats.com/nyc-suburbs/food-delivery/bagel-factory/8ZtlkXpxQby0sb7oK5u7MQ,west-babylon-new-york
https://www.ubereats.com/nyc-suburbs/food-delivery/avenue-bagels/L1U9EzsbTjCqj6MIBGUgJA,west-babylon-new-york
https://www.ubereats.com/nyc-suburbs/food-delivery/mamis-cuisine/keAFCGT7RbqCMV5YlIqilQ,west-babylon-new-york
https://www.ubereats.com/nyc-suburbs/food-delivery/babylon-burger-bar/z6UDxqtOT5aHLmoJKTcnFg,west-babylon-new-york
https://www.ubereats.com/nyc-suburbs/food-delivery/burger-king-4201-hempstead-turnpike/nwogdWuARH2TmHxWnsWzHA,west-babylon-new-york
https://www.ubereats.com/nyc-suburbs/food-delivery/burger-king-1104-sunrise-hwy/x6tiP2vmSD-l_2-NuX0YSw,west-babylon-new-york
https://www.ubereats.com/nyc-suburbs/food-delivery/checkers-1260-deer-park-ave/Ip7Wm9jrRMSLGoaqXOLCow,west-babylon-new-york
https://www.ubereats.com/nyc-suburbs/food-delivery/sushi-express/10XtzrkdRYyl-dlwcMyIjA,west-babylon-new-york
https://www.ubereats.com/nyc-suburbs/food-delivery/dunkin-41-sunrise-hwy/Vg8daaGPSsSZzJPxbuRyiA,west-babylon-new-york
https://www.ubereats.com/nyc-suburbs/food-delivery/3-brothers-vegan-cafe/LcB0bR2NRIGwHVc1uaJp6Q,west-babylon-new-york
https://www.ubereats.com/nyc-suburbs/food-delivery/kawa-sushi/LZptUc2fSsWuXSIdmNm97w,west-babylon-new-york
https://www.ubereats.com/nyc-suburbs/food-delivery/bang-bang-burritos/PHTJ95t4QyyQ4Etr8tuDAw,west-babylon-new-york
https://www.ubereats.com/nyc-suburbs/food-delivery/mcdonalds-massapequa-sunrise-hwy/Fi3RWVNAQTWbiVso1MhTCQ,west-babylon-new-york
https://www.ubereats.com/nyc-suburbs/food-delivery/kirin-china-restaurant/IHSBHtkhTzyrvBn7h5SERg,west-babylon-new-york
https://www.ubereats.com/nyc-suburbs/food-delivery/white-castle-265-broad-hollow-rd/vRZlRYEuQfaqL8RWNyU6qA,west-babylon-new-york
https://www.ubereats.com/nyc-suburbs/food-delivery/season-kitchen/Wq0-ktC0QQ2dBVblN74SGQ,west-babylon-new-york
https://www.ubereats.com/nyc-suburbs/food-delivery/johnny-mcgoreys-pub/6gmWo6VpSY2IyN47-2A0qw,west-babylon-new-york
https://www.ubereats.com/nyc-suburbs/food-delivery/carvel-794-udall-rd/t1UobOm7QSmKjqG9f5cCOw,west-babylon-new-york
https://www.ubereats.com/nyc-suburbs/food-delivery/yannibels-greek-cuisine/ONbUOEY4SLa3O89-Yb4XnA,west-babylon-new-york
https://www.ubereats.com/nyc-suburbs/food-delivery/ginos-pizza/zHikGqlETHm-PheGES9LGg,west-babylon-new-york
https://www.ubereats.com/nyc-suburbs/food-delivery/goodfellas-pizzeria-%26-deli/XaHJ-7z-Tui3C32dzbXUvw,west-babylon-new-york
https://www.ubereats.com/nyc-suburbs/food-delivery/stuff-a-bagel-montauk-hwy/Ok8LlQQaT5uZxVVyRsSxPQ,west-babylon-new-york
https://www.ubereats.com/nyc-suburbs/food-delivery/babylon-carriage-house/3AtqE1X0SYakHR50EiMzcA,west-babylon-new-york
https://www.ubereats.com/nyc-suburbs/food-delivery/long-island-pekin/_B_zovjSQ7KkVGqFX9iydw,west-babylon-new-york
https://www.ubereats.com/nyc-suburbs/food-delivery/njoy/qBTRQBQHS6O_3-t8g505nQ,west-babylon-new-york
https://www.ubereats.com/nyc-suburbs/food-delivery/the-rolling-spring-roll-farmindale/fgfZ96oXR-uEhu4uhx8uhg,west-babylon-new-york
https://www.ubereats.com/nyc-suburbs/food-delivery/rancho-jubilee/G6P27elGR9aKAAKlkyY7YA,west-babylon-new-york
https://www.ubereats.com/nyc-suburbs/food-delivery/kabab-platter-and-burger/_MxZhhrLSnmRyVc1hpSUSg,west-babylon-new-york
https://www.ubereats.com/nyc-suburbs/food-delivery/burger-king-3960-sunrise-highway/ZiSlbxDzS9GnPWFO8eBhUQ,west-babylon-new-york
https://www.ubereats.com/nyc-suburbs/food-delivery/pasquallys-pizza-%26-wings-155-sunrise-hwy/UJOKDSdMTv6w6MOuCQ0Rzg,west-babylon-new-york
https://www.ubereats.com/nyc-suburbs/food-delivery/ginos-pizza-of-west-babylon/NiweGRrwQeGiHhVWi5cEig,west-babylon-new-york
https://www.ubereats.com/nyc-suburbs/food-delivery/the-bagel-factory-of-farmingdale/HL08SRczQXeL2yQdfvkbFw,west-babylon-new-york
https://www.ubereats.com/nyc-suburbs/food-delivery/tropical-smoothie-cafe-hauppauge/Y8wzz54MR8ShmUC7Fdt91g,west-babylon-new-york
https://www.ubereats.com/nyc-suburbs/food-delivery/the-tap-room-massapequa/L4AbuA1uTqaYThavJ34F8Q,west-babylon-new-york
https://www.ubereats.com/nyc-suburbs/food-delivery/subway-477-park-ave/E6qrlKViQsuvcVCsQYeyzA,west-babylon-new-york
https://www.ubereats.com/nyc-suburbs/food-delivery/hops-scotch-bottle-shop/_H7O5O4WQF2Lq_mfZTRCKw,west-babylon-new-york
https://www.ubereats.com/nyc-suburbs/food-delivery/takeshi-sushi-%26-teriyaki/u6-mrMfHS3-4WFJnmyhVFQ,west-babylon-new-york
https://www.ubereats.com/nyc-suburbs/food-delivery/xing-wang-kitchen/2d8lL_MYQkiKAng0qyuOsw,west-babylon-new-york
https://www.ubereats.com/nyc-suburbs/food-delivery/dunkin-2109-broadhollow-rd/i_OFEDqXR1SbeisvzG7tsA,west-babylon-new-york
https://www.ubereats.com/nyc-suburbs/food-delivery/the-homestead/b467ixtBTHSXPS508Am-yw,west-babylon-new-york
https://www.ubereats.com/nyc-suburbs/food-delivery/jamaican-paradise-restaurant/kQuF-kw7RTKsUJY_tEpSDA,west-babylon-new-york
https://www.ubereats.com/nyc-suburbs/food-delivery/atlantis-diner-ordermark/jgjdpHuDR1-H9QEqeKt-rA,west-babylon-new-york
https://www.ubereats.com/nyc-suburbs/food-delivery/burger-king-335-montauk-highway/bNdt81a6Q2OgspYgdBPH-w,west-babylon-new-york
https://www.ubereats.com/nyc-suburbs/food-delivery/changing-times-american-sports-bar-%26-grille/FAu5QqD7TDykre6s5J179w,west-babylon-new-york
https://www.ubereats.com/nyc-suburbs/food-delivery/the-olympic-diner/r2PLC-N2RiGhxUhB_0_HiQ,west-babylon-new-york
https://www.ubereats.com/nyc-suburbs/food-delivery/ihop-651-montauk-highway/7hV2CxguRzSIJDS1v5WCHw,west-babylon-new-york
https://www.ubereats.com/nyc-suburbs/food-delivery/el-pilon-restaurant-spanish-cuisine/u5XldI9gSnaU-G8tghsgFg,west-babylon-new-york
https://www.ubereats.com/nyc-suburbs/food-delivery/ihop-201-airport-plaza-boulevard/cAE5QyMiSHWLOfnVJB7tLA,west-babylon-new-york
https://www.ubereats.com/nyc-suburbs/food-delivery/the-turning-point-restaurant-%26-bar-farmingdale/2bvHJRZfT4uc7WKpPXVeCQ,west-babylon-new-york
https://www.ubereats.com/nyc-suburbs/food-delivery/coyles-homemade-ice-cream/lkl0bfkAQe6rv1kjsFVWcQ,west-babylon-new-york
https://www.ubereats.com/nyc-suburbs/food-delivery/dunkin-1011-route-109/Qu1KdcT_SGmmPmkYuEBfSg,west-babylon-new-york
https://www.ubereats.com/nyc-suburbs/food-delivery/dunkin-5477-5515-merrick-road/toC3QK1nREmrIeE1JLao4Q,west-babylon-new-york
https://www.ubereats.com/nyc-suburbs/food-delivery/winnies/MTMbbgxeTGybqgaL3zeHMw,west-babylon-new-york
https://www.ubereats.com/nyc-suburbs/food-delivery/new-taste-cuisine/kW2xW_kxSYi-701Aso4BQQ,west-babylon-new-york
https://www.ubereats.com/nyc-suburbs/food-delivery/fredos-pizza-%26-pasta/GUGjkZnRRRWt5emSgRneGA,west-babylon-new-york
https://www.ubereats.com/nyc-suburbs/food-delivery/dominicks-pizza-%26-pasta/F0NE_mbiSL24J9X4kTCpWg,west-babylon-new-york
https://www.ubereats.com/nyc-suburbs/food-delivery/mamey-mexican-taqueria/AxqlAIegRyuFDnLXdhDBbg,west-babylon-new-york
https://www.ubereats.com/nyc-suburbs/food-delivery/tai-show-hibachi/G9QhBoLiQ7GH7x1mlMoZVw,west-babylon-new-york
https://www.ubereats.com/nyc-suburbs/food-delivery/hersheys-ice-cream/rxRCOvFJReK4jYNE0sw7vw,west-babylon-new-york
https://www.ubereats.com/nyc-suburbs/food-delivery/208-applebees-huntington/ztTR-xMURh2X4UA6K0eFpQ,west-babylon-new-york
https://www.ubereats.com/nyc-suburbs/food-delivery/wendys-5001-hempstead-turnpike/SvRaB17PQE6vBQAFKedKlA,west-babylon-new-york
https://www.ubereats.com/nyc-suburbs/food-delivery/the-blue/2izN4k-5TD60T05Tgg2NhQ,west-babylon-new-york
https://www.ubereats.com/nyc-suburbs/food-delivery/taco-joes-massapequa/vbEJVQJRS3ikH4RTFTvpwg,west-babylon-new-york
https://www.ubereats.com/nyc-suburbs/food-delivery/crown-fried-chicken-31-bay-shore/0QBGXp1VT8qefAScf7X-UQ,west-babylon-new-york
https://www.ubereats.com/nyc-suburbs/food-delivery/cara-mia/7XljcGfJQHiznfNx2GEnbA,west-babylon-new-york
https://www.ubereats.com/nyc-suburbs/food-delivery/greekrave/sNccMmQbSDiu1lc3MujX4A,west-babylon-new-york
https://www.ubereats.com/nyc-suburbs/food-delivery/gregorios-pizzeria/jMr50pynT8u4-wmpT3nAxQ,west-babylon-new-york
https://www.ubereats.com/nyc-suburbs/food-delivery/bango-bowls-massapequa-park/p3CwPu8OQ4Gj0f8T1Macug,west-babylon-new-york
https://www.ubereats.com/nyc-suburbs/food-delivery/island-empanada/pLpaYXyXTpm4nyXu87fhAg,west-babylon-new-york
https://www.ubereats.com/nyc-suburbs/food-delivery/wendys-625-w-montauk-hwy/GGoezJgTSPGmrkxIALHrHg,west-babylon-new-york
https://www.ubereats.com/nyc-suburbs/food-delivery/dunkin-355-broadway/xZtOWhQFQr-WyaDSXvwJeg,west-babylon-new-york
https://www.ubereats.com/nyc-suburbs/food-delivery/wendys-168-main-street/B9gA71dyStarcRfyZnnHbQ,west-babylon-new-york
https://www.ubereats.com/nyc-suburbs/food-delivery/buffalos-cafe-lindenhurst/apUwQQf6RsGe9Brwri2hwA,west-babylon-new-york
https://www.ubereats.com/nyc-suburbs/food-delivery/north-babylon-deli/aUMrsTtHTSuBBFe953zznA,west-babylon-new-york
https://www.ubereats.com/nyc-suburbs/food-delivery/il-vizio-ristorante/Or31eLbnSSetQVLjOVBwTQ,west-babylon-new-york
https://www.ubereats.com/nyc-suburbs/food-delivery/arbys-100-sunrise-highway/ot_fgVEISYWexkYZC62_5g,west-babylon-new-york
https://www.ubereats.com/nyc-suburbs/food-delivery/pizzaiola/eCnDxlPPQbOQcTnsyF35QA,west-babylon-new-york
https://www.ubereats.com/nyc-suburbs/food-delivery/carvel-38-northwest-drive/ejqqpN3iRXGPrGXm0YKc4w,west-babylon-new-york
https://www.ubereats.com/nyc-suburbs/food-delivery/slice-of-bay-shore/ce0kcoeKQ8GizlrE653zkQ,west-babylon-new-york
https://www.ubereats.com/nyc-suburbs/food-delivery/flux-coffee/YdEPo4k-SwSQuSiTKnzpdQ,west-babylon-new-york
https://www.ubereats.com/nyc-suburbs/food-delivery/napper-tandys-bay-shore/zgLpTGDdRHi6BwIakXYHDg,west-babylon-new-york
https://www.ubereats.com/nyc-suburbs/food-delivery/sortos-top-bun-burgers-%26-fries/j77szcYcTzqab2I2ummtOA,west-babylon-new-york
https://www.ubereats.com/nyc-suburbs/food-delivery/dunkin-726-old-bethpage-rd/3jGVWoWeRyCFB7rMnT0Pzg,west-babylon-new-york
https://www.ubereats.com/nyc-suburbs/food-delivery/new-fortune-house/3e_MZLT5TQS85aqTIZn7MA,west-babylon-new-york
https://www.ubereats.com/nyc-suburbs/food-delivery/glens-dinette/dKvgQ4tKScuX3G8DEcj6NQ,west-babylon-new-york
https://www.ubereats.com/nyc-suburbs/food-delivery/delicias-latinas-bakery-restaurant/sdX9ZHRuQByyV0Yow8nWEA,west-babylon-new-york
https://www.ubereats.com/nyc-suburbs/food-delivery/kumo-sushi-bay-shore/WUZwz2oHQGSGVeNjxoMrDw,west-babylon-new-york
https://www.ubereats.com/nyc-suburbs/food-delivery/the-one-sushi/qNKDRyjwQi2nyF2-Q2w39Q,west-babylon-new-york
https://www.ubereats.com/nyc-suburbs/food-delivery/109-thaiana/RhdR0UctSe2eNBOFy_1GcQ,west-babylon-new-york
https://www.ubereats.com/nyc-suburbs/food-delivery/mcdonalds-farmingdale-fulton/2l1l7zCQQCe8T-udr55tdg,west-babylon-new-york
https://www.ubereats.com/nyc-suburbs/food-delivery/karinas-deli/xzzzLGW3ST-4eVDqAPApew,west-babylon-new-york
https://www.ubereats.com/nyc-suburbs/food-delivery/the-village-pub/q12Q2zZOTaCi1xPniCTY-Q,west-babylon-new-york
https://www.ubereats.com/nyc-suburbs/food-delivery/el-paso-taco-grill/iDgaNNGeRNipXYIwIT6vtQ,west-babylon-new-york
https://www.ubereats.com/nyc-suburbs/food-delivery/panera-1025-montauk-highway/aqJfQaGaTYa3i3YkZtVuvg,west-babylon-new-york
https://www.ubereats.com/nyc-suburbs/food-delivery/new-york-beanery/Jqj7i27XQ3G_oSg9WU9Dqw,west-babylon-new-york
https://www.ubereats.com/nyc-suburbs/food-delivery/chipotle-mexican-grill-1675-sunrise-hwy/Hbg71ZdIRy-RF9Eaidexyg,west-babylon-new-york
https://www.ubereats.com/nyc-suburbs/food-delivery/111-deli/dsklPVHMR6KuTR25vYh6hw,west-babylon-new-york
https://www.ubereats.com/nyc-suburbs/food-delivery/pdq-1004-broadhollow-road/n3-FFSl7SHGgbrMsQsi1vQ,west-babylon-new-york
https://www.ubereats.com/nyc-suburbs/food-delivery/paradise-caribbean-restaurant-west-babylon/sG8IA5jSSxaCTrCM1iCE5A,west-babylon-new-york
https://www.ubereats.com/nyc-suburbs/food-delivery/mcdonalds-131-sunrise-hwy-bobs-shopping-center/WNrBXkQtSSCvCxZOCm3V_A,west-babylon-new-york
https://www.ubereats.com/nyc-suburbs/food-delivery/thai-basil/ZfXYcALdQh21SvanaXEBjw,west-babylon-new-york
https://www.ubereats.com/nyc-suburbs/food-delivery/suburban-eats/EITHWY2MT167_RIm_VrJGg,west-babylon-new-york
https://www.ubereats.com/nyc-suburbs/food-delivery/smashburger-36-e-sunrise-hwy/5fQNmaP_SSWX0Oq4bEBAiw,west-babylon-new-york
https://www.ubereats.com/nyc-suburbs/food-delivery/hurricane-grill-%26-wings-lindenhurst/m-xEvOCyQZisimyRrxxbtA,west-babylon-new-york
https://www.ubereats.com/nyc-suburbs/food-delivery/b*tch-dont-grill-my-cheese/LqtwsuedQcyWdzYJFcdh5g,west-babylon-new-york
https://www.ubereats.com/nyc-suburbs/food-delivery/subway-1490-5th-ave/I0c9pkNMSI69QwHpfvyR0w,west-babylon-new-york
https://www.ubereats.com/nyc-suburbs/food-delivery/dunkin-194-merritts-rd/-8dqphWiQv2tmcs-K_n0Og,west-babylon-new-york
https://www.ubereats.com/nyc-suburbs/food-delivery/brownstones-coffee-amitville/9H_ZMsN_RrG1qxzWtzDdTw,west-babylon-new-york
https://www.ubereats.com/nyc-suburbs/food-delivery/ninja-ramen-%26-poke-bowl/KSDdnsRXQciCbveCD0cgdg,west-babylon-new-york
https://www.ubereats.com/nyc-suburbs/food-delivery/anamelis-bakery-empanadas/YcNH8sYxTeGkUXnhY5apIQ,west-babylon-new-york
https://www.ubereats.com/nyc-suburbs/food-delivery/noor-food-halal-gyros/S76cl6IkRtGCCSh5Ky3-uw,west-babylon-new-york
https://www.ubereats.com/nyc-suburbs/food-delivery/taco-bell-311-montauk-hwy/5rMikkBUQV2cFPCxBo0Xxw,west-babylon-new-york
https://www.ubereats.com/nyc-suburbs/food-delivery/pizza-king/nO_QNZp_TUqr32E69bOdKg,west-babylon-new-york
https://www.ubereats.com/nyc-suburbs/food-delivery/one-bite-jamaican-restaurant-%26-bakery/oZUszMqqQN-EbrN1B2p5Kg,west-babylon-new-york
https://www.ubereats.com/nyc-suburbs/food-delivery/miceli-brothers-pizzeria-%26-restaurant/k4ToHnlkTaK1XssPSInEzA,west-babylon-new-york
https://www.ubereats.com/nyc-suburbs/food-delivery/jersey-mikes-155-w-sunrise-highway/sGAG6UZsQAWqnKWAHQiQ2A,west-babylon-new-york
https://www.ubereats.com/nyc-suburbs/food-delivery/egg-the-f*-out/PjEevlfxR_6locBaXKsuyQ,west-babylon-new-york
https://www.ubereats.com/nyc-suburbs/food-delivery/taco-bell-490-e-main-street/GXqyLdfjTTuxeJBOOx3kug,west-babylon-new-york
https://www.ubereats.com/nyc-suburbs/food-delivery/core-life-eatery/FgTGqhltS66UdfDTfVxP5Q,west-babylon-new-york
https://www.ubereats.com/nyc-suburbs/food-delivery/lindenhurst-bagels-%26-deli/wolrG8CqRzWtpccXp-j49w,west-babylon-new-york
https://www.ubereats.com/nyc-suburbs/food-delivery/dunkin-280-e-sunrise-hwy/21br7GR3ROKprJ5NF4PVmA,west-babylon-new-york
https://www.ubereats.com/nyc-suburbs/food-delivery/carvel-1075-montauk-hwy/esgizuhsTK2DB7Lkz7AgZA,west-babylon-new-york
https://www.ubereats.com/nyc-suburbs/food-delivery/the-panini-press/45moNxXMTGqOrD0_VccEmQ,west-babylon-new-york
https://www.ubereats.com/nyc-suburbs/food-delivery/five-guys-ny-0413-35-merrick-rd/rvvv2wi6TSS5-JZcnyB7zA,west-babylon-new-york
https://www.ubereats.com/nyc-suburbs/food-delivery/a%26r-bagel-world-itd/nt5nvadRTr-WqHA0QiONiQ,west-babylon-new-york
https://www.ubereats.com/nyc-suburbs/food-delivery/chipotle-mexican-grill-1090-the-arches-cir/OWizFsIBTpeZ22z7MpZg1g,west-babylon-new-york
https://www.ubereats.com/nyc-suburbs/food-delivery/auntie-annes-35-sunrise-mall/Eo_rD4wgS-e8TFFZ2lRCtg,west-babylon-new-york
https://www.ubereats.com/nyc-suburbs/food-delivery/k-t-wines-%26-liquors/wscHztwTSMWJE9Af-JiCAw,west-babylon-new-york
https://www.ubereats.com/nyc-suburbs/food-delivery/starbucks-amityville-broadway/OcRg5Lk3QB6fNSDRipJ4AA,west-babylon-new-york
https://www.ubereats.com/nyc-suburbs/food-delivery/richies-pizza/W1CHz8I_QpiP9JQUHgSrVw,west-babylon-new-york
https://www.ubereats.com/nyc-suburbs/food-delivery/millers-ale-house-deer-park/-IUmMCgBSMe5n53s8zznQg,west-babylon-new-york
https://www.ubereats.com/nyc-suburbs/food-delivery/toxic-wings-deer-park/ZgT6WoVBQIu5E6J-jYfTUA,west-babylon-new-york
https://www.ubereats.com/nyc-suburbs/food-delivery/sidelines-cafe/cUe8xQiDRd6Bhr_h-XyF1A,west-babylon-new-york
https://www.ubereats.com/nyc-suburbs/food-delivery/starbucks-north-babylon/MC_UBw3HToiYo_jGdA3LsQ,west-babylon-new-york
https://www.ubereats.com/nyc-suburbs/food-delivery/bonillas-pizza/k_RMo67fRSa897MRlQBGeA,west-babylon-new-york
https://www.ubereats.com/nyc-suburbs/food-delivery/massapequa-diner/fyWGv-NjTESuAbxbdTAWsA,west-babylon-new-york
https://www.ubereats.com/nyc-suburbs/food-delivery/taco-bell-85-e-sunrise-hwy/R4N2fH2MTcy1wt5B4egLBA,west-babylon-new-york
https://www.ubereats.com/nyc-suburbs/food-delivery/fans-dim-sum-palace/EtmTzZqMR5aJ2qLocyN9JQ,west-babylon-new-york
https://www.ubereats.com/nyc-suburbs/food-delivery/dunkin-1261-sunrise-hwy/l5l4R65jTfObWk-21LGQhA,west-babylon-new-york
https://www.ubereats.com/nyc-suburbs/food-delivery/valentinos-restaurant/iykhh0IjRoG0I6GfVhTfFw,west-babylon-new-york
https://www.ubereats.com/nyc-suburbs/food-delivery/burger-king-1915-broadhollow-rd/er75bP94SSqhHEf6eT2nBg,west-babylon-new-york
https://www.ubereats.com/nyc-suburbs/food-delivery/ralphs-famous-italian-ices-north-babylon/nEwxUvt1SVqQk_UUdHD1Ew,west-babylon-new-york
https://www.ubereats.com/nyc-suburbs/food-delivery/calzone-corner-seaford/fDHf7VD9R9mPnnlXvFFTDw,west-babylon-new-york
https://www.ubereats.com/nyc-suburbs/food-delivery/el-buen-gusto/fvWb-isqR6608p2_b7qhzw,west-babylon-new-york
https://www.ubereats.com/nyc-suburbs/food-delivery/brekkie-bagels/k9dIcbSeT32XHTVpOU5uxQ,west-babylon-new-york
https://www.ubereats.com/nyc-suburbs/food-delivery/ihop-1701-sunrise-hwy-unit-d10b/YFvnhqFBRxGqweINdQEr_g,west-babylon-new-york
https://www.ubereats.com/nyc-suburbs/food-delivery/great-american-eats/m441Ab5kRHKmnwMutcEcDw,west-babylon-new-york
https://www.ubereats.com/nyc-suburbs/food-delivery/chicken-tonight/UUJpBGgGRq-uTTwOUIXUyw,west-babylon-new-york
https://www.ubereats.com/nyc-suburbs/food-delivery/mcdonalds-762-suffolk-ave/dU_fgKz7T0yEmp14YXRlUg,west-babylon-new-york
https://www.ubereats.com/nyc-suburbs/food-delivery/blaze-pizza-1701-sunrise-hwy/PcCQivqZTM25nr0JYQ2rww,west-babylon-new-york
https://www.ubereats.com/nyc-suburbs/food-delivery/ritas-italian-ice/UQ1zk2p0Rw-ZgJa1ipdurA,west-babylon-new-york
https://www.ubereats.com/nyc-suburbs/food-delivery/taco-bell-810-broadway/rg8IIHG7SUaXA1TJ1HO1Cg,west-babylon-new-york
https://www.ubereats.com/nyc-suburbs/food-delivery/tang-asian-fusion/lEG9NgGjTsWN9qt_-zB30g,west-babylon-new-york
https://www.ubereats.com/nyc-suburbs/food-delivery/popeis-bethpage/2r7PQjobTey7fimg7ut8ow,west-babylon-new-york
https://www.ubereats.com/nyc-suburbs/food-delivery/lulus-empowering-goods/Zc4BtvCsS7OoRWWjEc95tA,west-babylon-new-york
https://www.ubereats.com/nyc-suburbs/food-delivery/dunkin-343-union-blvd/ZWMpmBqfRhG_YUnlPsDwLQ,west-babylon-new-york
https://www.ubereats.com/nyc-suburbs/food-delivery/mcdonalds-221-e-sunrise-hwy/A6iyI22RRBaCq51khibmDg,west-babylon-new-york
https://www.ubereats.com/nyc-suburbs/food-delivery/dunkin-19-bay-shore-rd/MLJjnHlLRSK1OmFWb1QKLA,west-babylon-new-york
https://www.ubereats.com/nyc-suburbs/food-delivery/tacos-guacamola/K5e8HCezQ6KTJVJC0shzmQ,west-babylon-new-york
https://www.ubereats.com/nyc-suburbs/food-delivery/juno-pizza-pasta-%26-algo-mas/bWxImV-MSoWP4evxNVLYaA,west-babylon-new-york
https://www.ubereats.com/nyc-suburbs/food-delivery/texas-taco/Zj-aFtVnQdCuS7Wb5YWcjg,west-babylon-new-york
https://www.ubereats.com/nyc-suburbs/food-delivery/dalisa-pizza/u7-36_44RJiDssBiKZj0NQ,west-babylon-new-york
https://www.ubereats.com/nyc-suburbs/food-delivery/uncle-louie-g-ices-and-ice-cream-lindenhurst/n_3Ta10-S1aeT4K6fPZQuA,west-babylon-new-york
https://www.ubereats.com/nyc-suburbs/food-delivery/raimos-of-amityville/33U6TIl9Qi6mYwAbvuiHNw,west-babylon-new-york
https://www.ubereats.com/nyc-suburbs/food-delivery/nanitos-deli/DE8LF4ndQ2W_wycV9QvA2g,west-babylon-new-york
https://www.ubereats.com/nyc-suburbs/food-delivery/the-ice-cream-shop/v0Kpt79-Rd6Mc3LAlq6cGQ,west-babylon-new-york
https://www.ubereats.com/nyc-suburbs/food-delivery/kfc-deer-park/v0hI4ZmsS16E3dRLB5mzQQ,west-babylon-new-york
https://www.ubereats.com/nyc-suburbs/food-delivery/jersey-mikes-5050-sunrise-highway/BBcSOcEERdO-2KuqZNUYRA,west-babylon-new-york
https://www.ubereats.com/nyc-suburbs/food-delivery/coliseum-tacos/5ZzPL9siRAin_qcJJp_jhw,west-babylon-new-york
https://www.ubereats.com/nyc-suburbs/food-delivery/alberts-pizza-shop/zyjbpn-LSsGGwUVoK2Gpug,west-babylon-new-york
https://www.ubereats.com/nyc-suburbs/food-delivery/salad-buzz/ViTqHQ1-THmO0_jgZ0KXNg,west-babylon-new-york
https://www.ubereats.com/nyc-suburbs/food-delivery/tullulahs/2enCchOxTduZLKj5VwPl1g,west-babylon-new-york
https://www.ubereats.com/nyc-suburbs/food-delivery/subway-1393-straight-path/iGoImLgyRMSg7rMb0rw8OA,west-babylon-new-york
https://www.ubereats.com/nyc-suburbs/food-delivery/forum-diner/hw_cn5wlREeVeYpZ5Zm-gw,west-babylon-new-york
https://www.ubereats.com/nyc-suburbs/food-delivery/mvp-diner/1JgD_7I1Tx-A4FaxJNXcWg,west-babylon-new-york
https://www.ubereats.com/nyc-suburbs/food-delivery/la-terraza-bar-%26-grill/f_tTPszRQfWLp7i_9jp5MA,west-babylon-new-york
https://www.ubereats.com/nyc-suburbs/food-delivery/boston-market-163-east-montauk-hwy/sUUc-GPfTYCmyxpvG7147Q,west-babylon-new-york
https://www.ubereats.com/nyc-suburbs/food-delivery/dunkin-34-hempstead-tpke/cswJyDKDRg-QOxkDrsHiEQ,west-babylon-new-york
https://www.ubereats.com/nyc-suburbs/food-delivery/nazar-restaurant/zuu7ivU6Qb-0TUO8DrRDqQ,west-babylon-new-york
https://www.ubereats.com/nyc-suburbs/food-delivery/surf-city-squeeze-52-willow-park-ctr-%23d/X54mewJ9QaWADCYZkpn7gA,west-babylon-new-york
https://www.ubereats.com/nyc-suburbs/food-delivery/mcdonalds-amityville-rt-110/1xK3pB81TSOIYjQwKHHkuA,west-babylon-new-york
https://www.ubereats.com/nyc-suburbs/food-delivery/kawa-poke-bowls/GZtLUj0eRSaEnj_U7lh1gg,west-babylon-new-york
https://www.ubereats.com/nyc-suburbs/food-delivery/jessies-on-the-water/4JPqwGWgQE2o6dXL-6vVfQ,west-babylon-new-york
https://www.ubereats.com/nyc-suburbs/food-delivery/higbie-bagels/_cqEscOTRDeLsEGpdBdqxQ,west-babylon-new-york
https://www.ubereats.com/nyc-suburbs/food-delivery/trento/Uxu_Et88QwO4VuZX4itxQw,west-babylon-new-york
https://www.ubereats.com/nyc-suburbs/food-delivery/peninsula/JrRWEKGwShmHzJXOynf5pA,west-babylon-new-york
https://www.ubereats.com/nyc-suburbs/food-delivery/ihop-lindenhurst/f4MH22_GRHO-QhQ5KT3qaQ,west-babylon-new-york
https://www.ubereats.com/nyc-suburbs/food-delivery/tres-palms/yn4b_2AmSAOTLije2od2ag,west-babylon-new-york
https://www.ubereats.com/nyc-suburbs/food-delivery/ginos-of-lindenhurst-pizzeria-%26-restaurant/2noBPedOTb6ozODPXt35Ww,west-babylon-new-york
https://www.ubereats.com/nyc-suburbs/food-delivery/haagen-dazs-152-the-arches-circle/p0wlmMYMQdGuWJGGPhPrkQ,west-babylon-new-york
https://www.ubereats.com/nyc-suburbs/food-delivery/joes-gourmet-meats/LUVYwrnmQSS0iLlgln2WvQ,west-babylon-new-york
https://www.ubereats.com/nyc-suburbs/food-delivery/local-burger-co-bayshore/1ne_YsmUTGWjaJMHwmxpEQ,west-babylon-new-york
https://www.ubereats.com/nyc-suburbs/food-delivery/doughology/yqwLK7pQSzC_KthACRBVSg,west-babylon-new-york
https://www.ubereats.com/nyc-suburbs/food-delivery/madame-butterfly-cakes/vMcaek6WQkKvD8Ox2XUwhQ,west-babylon-new-york
https://www.ubereats.com/nyc-suburbs/food-delivery/bagel-hut/vu3kpPS9RjSrgn-K19dIFA,west-babylon-new-york
https://www.ubereats.com/nyc-suburbs/food-delivery/pinatas-mexican-grill-massapequa/HPaVe0PDTE24Zk8DZ1kwsg,west-babylon-new-york
https://www.ubereats.com/nyc-suburbs/food-delivery/a%26j-sandwich/GdkAKKrdQM-BdAqrx61BUg,west-babylon-new-york
https://www.ubereats.com/nyc-suburbs/food-delivery/library-cafe/CU63EF9fSfq49xCAfrVonA,west-babylon-new-york
https://www.ubereats.com/nyc-suburbs/food-delivery/bakuto/RIhMpVmlTa2b5qLtTaabhg,west-babylon-new-york
https://www.ubereats.com/nyc-suburbs/food-delivery/kfc-bay-shore/KKNoFO4eSPiAqttMiH45yw,west-babylon-new-york
https://www.ubereats.com/nyc-suburbs/food-delivery/east-eats/tGKFv3o9R2ugzglfTxzgRQ,west-babylon-new-york
https://www.ubereats.com/nyc-suburbs/food-delivery/the-green-island-cafe/RL5gTN4nQImKfibmybH3sg,west-babylon-new-york
https://www.ubereats.com/nyc-suburbs/food-delivery/arrosto-italian-rotisserie/0z9qRfQSTQiEsGeflK5ccA,west-babylon-new-york
https://www.ubereats.com/nyc-suburbs/food-delivery/mcdonalds-1510-deer-park-ave/cb70H9WtRpaRxfuWG6ZH_A,west-babylon-new-york
https://www.ubereats.com/nyc-suburbs/food-delivery/brunellos-pizza-%26-pasta/Vnq_OMvGQQ-lCWe2MAgnhA,west-babylon-new-york
https://www.ubereats.com/nyc-suburbs/food-delivery/carvel-280-n-wellwood-avenue/Hxb1wDe9ShePxR9FaSgSlQ,west-babylon-new-york
https://www.ubereats.com/nyc-suburbs/food-delivery/starbucks-farmingdale/aGhIAXbeRAGUWyPoaquQ-w,west-babylon-new-york
https://www.ubereats.com/nyc-suburbs/food-delivery/yogurt-%26-such-cafe-westbury/MbJ6aisVS1OOHxfqEwzNjQ,west-babylon-new-york
https://www.ubereats.com/nyc-suburbs/food-delivery/sky/jBcKoBeqQm-n22iUrMUj7g,west-babylon-new-york
https://www.ubereats.com/nyc-suburbs/food-delivery/dunkin-203-broadhollow-rd/ujr2uIEKTuqXTL1tTH9XhA,west-babylon-new-york
https://www.ubereats.com/nyc-suburbs/food-delivery/vasquez-deli/wtV7TEO0ReeBuwefcb90bg,west-babylon-new-york
https://www.ubereats.com/nyc-suburbs/food-delivery/hooties-burger-bar-farmingdale/218R-oTYSom3TamOWMjIIw,west-babylon-new-york
https://www.ubereats.com/nyc-suburbs/food-delivery/hi-bagel-deli-%26-grocery/aNeVrQzJQKe-oD68ZbAXSA,west-babylon-new-york
https://www.ubereats.com/nyc-suburbs/food-delivery/taco-bell-1245-deer-park-ave/lazwpWdnQ1atMdL-prkCHw,west-babylon-new-york
https://www.ubereats.com/nyc-suburbs/food-delivery/marinos-pizza/5j7ijtLASZ2NCdKyBkuv5g,west-babylon-new-york
https://www.ubereats.com/nyc-suburbs/food-delivery/ita-kitchen/r0GEW5Z1QhqQG2_vr26RVA,west-babylon-new-york
https://www.ubereats.com/nyc-suburbs/food-delivery/the-republic-pub/RQbW-XRASiGIBCkxta6hSw,west-babylon-new-york
https://www.ubereats.com/nyc-suburbs/food-delivery/nutriwolf-deer-park/mR49vEgJQlqaTngikmk2aA,west-babylon-new-york
https://www.ubereats.com/nyc-suburbs/food-delivery/blu-mediterranean-restaurant-inc/_Q0hVQKeQ5e1hZ5h0l44aw,west-babylon-new-york
https://www.ubereats.com/nyc-suburbs/food-delivery/lindenhurst-diner/3JgLAvjKSaWknLR49Itf9g,west-babylon-new-york
https://www.ubereats.com/nyc-suburbs/food-delivery/spk/NbOtZirPR0CMHU4ELwaEcA,west-babylon-new-york
https://www.ubereats.com/nyc-suburbs/food-delivery/the-greek-grill/MFDKBUfFQA-tq6Hz6Ne-TQ,west-babylon-new-york
https://www.ubereats.com/nyc-suburbs/food-delivery/subway-1735-union-blvd/qE1AqJFGRum3umpgPp5B7Q,west-babylon-new-york
https://www.ubereats.com/nyc-suburbs/food-delivery/el-paso-tacqueria-grill-ii-corp/IzRQ0fYYT0GZ3EVXmOhhkQ,west-babylon-new-york
https://www.ubereats.com/nyc-suburbs/food-delivery/teriyaki-express/h7U4vY2GTOCZoRmSVLlddQ,west-babylon-new-york
https://www.ubereats.com/nyc-suburbs/food-delivery/lazzat-restaurant/vPR1eGUmQ2SP_x6yjOSOnw,west-babylon-new-york
https://www.ubereats.com/nyc-suburbs/food-delivery/gourmet-surf-cafe-babylon/gsKPmQuQSNayLQHWsk_IoA,west-babylon-new-york
https://www.ubereats.com/nyc-suburbs/food-delivery/jersey-mikes-subs-4025-hempstead-turnpike-suite-3/VE4XTu3lQ-SVfU7zmObiOg,west-babylon-new-york
https://www.ubereats.com/nyc-suburbs/food-delivery/willies-delight/07AeAEZSQUC0mH4xNlWXAQ,west-babylon-new-york
https://www.ubereats.com/nyc-suburbs/food-delivery/the-one-juicy-cajun-seafood/8QvXjrsGSLK3g1HDiIo66Q,west-babylon-new-york
https://www.ubereats.com/nyc-suburbs/food-delivery/subway-914-carmans-rd/skQxhTDwSIaE_issgTb8Tg,west-babylon-new-york
https://www.ubereats.com/nyc-suburbs/food-delivery/tango-argentinian-steakhouse/yaEOu8sYScG_KziwWAH0Bw,west-babylon-new-york
https://www.ubereats.com/nyc-suburbs/food-delivery/grandpa-js-bagel-and-deli/HDbdmUcSSkGl3_gXX4V1HQ,west-babylon-new-york
https://www.ubereats.com/nyc-suburbs/food-delivery/pf-changs-160-walt-whitman-rd-space-1027b/h7vMmJDvTpaFGQrqfdQYaQ,west-babylon-new-york
https://www.ubereats.com/nyc-suburbs/food-delivery/f%E2%80%A2a%E2%80%A2n-chinese-cuisine-%E9%A5%AD/rH4b6LhJQPedu6M8fVchFw,west-babylon-new-york
https://www.ubereats.com/nyc-suburbs/food-delivery/maracas-southwest-grill/dafH_X4lSR2vxvy7d6xUMw,west-babylon-new-york
https://www.ubereats.com/nyc-suburbs/food-delivery/haagen-dazs-1701-sunrise-hgwy-space-%239118/0Dnnz-KQQOaH3Ie5eVEdLg,west-babylon-new-york
https://www.ubereats.com/nyc-suburbs/food-delivery/infinity-diner/KLazsDiITzikz4hVS_R5TQ,west-babylon-new-york
https://www.ubereats.com/nyc-suburbs/food-delivery/rositas-bakery/W608nx45QNOcW_BqzVF-lw,west-babylon-new-york
https://www.ubereats.com/nyc-suburbs/food-delivery/sushi-560-inc/fNfuDT4MRk-JkF2QsQrXdg,west-babylon-new-york
https://www.ubereats.com/nyc-suburbs/food-delivery/red-lobster-801-sunrise-highway/lumucHxLRs-LmnezQx7iUA,west-babylon-new-york
https://www.ubereats.com/nyc-suburbs/food-delivery/petes-deli/zBXDRAp3Rjys9v0vfAez5A,west-babylon-new-york
https://www.ubereats.com/nyc-suburbs/food-delivery/ali-baba-halal/dw4Y1R7SRMOfVK_6vzS7Jw,west-babylon-new-york
https://www.ubereats.com/nyc-suburbs/food-delivery/wendys-820-montauk-highway/CNS96XuNRx6ohHbKTarKow,west-babylon-new-york
https://www.ubereats.com/nyc-suburbs/food-delivery/burger-king-96-route-110/wDC8aMO0Tae1-vRCmiPs0w,west-babylon-new-york
https://www.ubereats.com/nyc-suburbs/food-delivery/charleys-philly-steaks-westfield-sunrise-mall/B2J9gBTRT9yby4LG342tDg,west-babylon-new-york
https://www.ubereats.com/nyc-suburbs/food-delivery/our-little-italy/ej12RVcIQHuMdSwZAoEW4g,west-babylon-new-york
https://www.ubereats.com/nyc-suburbs/food-delivery/dominican-restaurant-4/hbKLlgitRkS50knilLzPjg,west-babylon-new-york
https://www.ubereats.com/nyc-suburbs/food-delivery/bagel-boss-555-montauk-hwy/3huoduMqRqeGGW9wvW5diw,west-babylon-new-york
https://www.ubereats.com/nyc-suburbs/food-delivery/starbucks-copiague-1700-sunrise-hwy/b2v0PxANQ4yCBCE6RphduA,west-babylon-new-york
https://www.ubereats.com/nyc-suburbs/food-delivery/roppongi-sushi/VfA-ppu9R4mO5A2kJuMVpg,west-babylon-new-york
https://www.ubereats.com/nyc-suburbs/food-delivery/wingstop-1209-deer-park/6lQKTREISVagJ5gpE16_jA,west-babylon-new-york
https://www.ubereats.com/nyc-suburbs/food-delivery/toxic-wings/yZQEqx_lSBeL_QKyR-H4fw,west-babylon-new-york
https://www.ubereats.com/nyc-suburbs/food-delivery/suki-japan-restaurant/2Ew_sV_dToOSOkJZ_L9H0g,west-babylon-new-york
https://www.ubereats.com/nyc-suburbs/food-delivery/blooming-flavors/6SxuZ1yxRfKWf01G_EB8wA,west-babylon-new-york
https://www.ubereats.com/nyc-suburbs/food-delivery/michaelangelos-wine-bar/zuFvcZuqQlWEmcceujV_uA,west-babylon-new-york
https://www.ubereats.com/nyc-suburbs/food-delivery/first-class-bagels-deer-park/qBp6BawHTrmXGUxafq0T8g,west-babylon-new-york
https://www.ubereats.com/nyc-suburbs/food-delivery/outback-steakhouse-612-wellwood-avenue/vAS-Fp9mR_6SYVec8ELdYg,west-babylon-new-york
https://www.ubereats.com/nyc-suburbs/food-delivery/copiague-bagel-%26-deli/sEG0IU7CQbG0B2fGmgaPCw,west-babylon-new-york
https://www.ubereats.com/nyc-suburbs/food-delivery/sobol-islip/az8-5tPqQIeamykQYU2NyQ,west-babylon-new-york
https://www.ubereats.com/nyc-suburbs/food-delivery/marios-pizza-%26-restaurant/QerNvoDIQeem8H37edenuA,west-babylon-new-york
https://www.ubereats.com/nyc-suburbs/food-delivery/mcdonalds-levittown-hempstead/YCqJAbI1Svu4wnUh3GoNVA,west-babylon-new-york
https://www.ubereats.com/nyc-suburbs/food-delivery/kotobuki-babylon/Wnuxz_JMTSCoyTj9VJ6dvA,west-babylon-new-york
https://www.ubereats.com/nyc-suburbs/food-delivery/ciao-baby/FiEcOy6kQVuBoxRIFzXahg,west-babylon-new-york
https://www.ubereats.com/nyc-suburbs/food-delivery/burgerim/a8yYQmygT0Kg9MU0ZTMUOA,west-babylon-new-york
https://www.ubereats.com/nyc-suburbs/food-delivery/subway-1157-deer-park-ave/eMWfYK9NQSu6zKuo_mBaGw,west-babylon-new-york
https://www.ubereats.com/nyc-suburbs/food-delivery/moes-southwest-grill-5288-sunrise-hwy/EcSsadLOR8OKrMrf-ziKgw,west-babylon-new-york
https://www.ubereats.com/nyc-suburbs/food-delivery/dunkin-925-montauk-hwy/8mcEJwzCTQm6hpeasnJkmA,west-babylon-new-york
https://www.ubereats.com/nyc-suburbs/food-delivery/gold-%26-meyers-gourmet-deli-%26-bagelry/ZpQPsYdMSXGvhbPEnesb2w,west-babylon-new-york
https://www.ubereats.com/nyc-suburbs/food-delivery/five-guys-ny-1767-1701-sunrise-hwy/UC0fRfypRO6qf50lYn3LxA,west-babylon-new-york
https://www.ubereats.com/nyc-suburbs/food-delivery/rancho-jubilee/O6saGGR0TcWCL-EBD-viug,west-babylon-new-york
https://www.ubereats.com/nyc-suburbs/food-delivery/dunkin-195-pine-aire-dr/4gWahQEARXeJKvFJe42QUA,west-babylon-new-york
https://www.ubereats.com/nyc-suburbs/food-delivery/peters-diner/yA6SCSCiSlyOHB2DNceLfA,west-babylon-new-york
https://www.ubereats.com/nyc-suburbs/food-delivery/croxleys-ale-house-farmingdale/yjG0RYXbQdC8vIxcuM4pXA,west-babylon-new-york
https://www.ubereats.com/nyc-suburbs/food-delivery/tgi-fridays-790-massapequa-ny/Qh9hcCd3QmOq6blCRTatSw,west-babylon-new-york
https://www.ubereats.com/nyc-suburbs/food-delivery/lindys-restaurant/YPu-jYvTTf-kMydlO5wO9w,west-babylon-new-york
https://www.ubereats.com/nyc-suburbs/food-delivery/pollo-campero-hungtington-station-new-york-ave/O0OwQxfST463riUGBnrfEw,west-babylon-new-york
https://www.ubereats.com/nyc-suburbs/food-delivery/wendys-1234-deer-park-ave/lPxzN7SzRdCn63vw0OsoJw,west-babylon-new-york
https://www.ubereats.com/nyc-suburbs/food-delivery/ching-lai-kitchen/ub8IgJGPT5yhJ5nlZqc6-Q,west-babylon-new-york
https://www.ubereats.com/nyc-suburbs/food-delivery/bo-bo-chinese-kitchen/9xKLBQyNRqOMAD-GGdLyOw,west-babylon-new-york
https://www.ubereats.com/nyc-suburbs/food-delivery/kfc-melville/UHEQelF4S7u3NuKLVJmosg,west-babylon-new-york
https://www.ubereats.com/nyc-suburbs/food-delivery/five-guys-ny-1109-1942-deer-park-ave/TeV9JuQERZi_9Nz676KwnQ,west-babylon-new-york
https://www.ubereats.com/nyc-suburbs/food-delivery/the-better-bagel/0cG1OtNyS-O7bW4bgyFoIg,west-babylon-new-york
https://www.ubereats.com/nyc-suburbs/food-delivery/burger-king-628-east-montauk-highway/vLqwxf9dSympDtGacStzVA,west-babylon-new-york
https://www.ubereats.com/nyc-suburbs/food-delivery/shahs-hv-inc-500-rte-109/U5_gOj0VQ7WNHcq0Xp-64A,west-babylon-new-york
https://www.ubereats.com/nyc-suburbs/food-delivery/a-%26-g-bakery/-8cH7Y-XSyWTR1aVRRYgyg,west-babylon-new-york
https://www.ubereats.com/nyc-suburbs/food-delivery/caffe-catania/QmD79xI7TKuHPMUvtgUbFw,west-babylon-new-york
https://www.ubereats.com/nyc-suburbs/food-delivery/taco-bell-3950-sunrise-hwy/2vipBxT2T6i4CNOZh_WVyw,west-babylon-new-york
https://www.ubereats.com/nyc-suburbs/food-delivery/white-castle-1690-deer-park-ave/VFXzHlSNTq-5Sao5O8Ci8A,west-babylon-new-york
https://www.ubereats.com/nyc-suburbs/food-delivery/island-jerk-wyandanch/7zCvLnjpSiSkrvECTfYibQ,west-babylon-new-york
https://www.ubereats.com/nyc-suburbs/food-delivery/buffalo-wild-wings-1701-sunrise-hwy/b7CqX-nnTriZ5Dlei55b3g,west-babylon-new-york
https://www.ubereats.com/nyc-suburbs/food-delivery/wow-american-eats-753-sunrise-hwy/5xH4UU6gQk-Z-2bDPoU1NA,west-babylon-new-york
https://www.ubereats.com/nyc-suburbs/food-delivery/blackstone-steakhouse/JDm0vACAQ_Wpkv-9crNAxQ,west-babylon-new-york
https://www.ubereats.com/nyc-suburbs/food-delivery/shake-house/3Jubo84iTSGt3Lh0YtMm8g,west-babylon-new-york
https://www.ubereats.com/nyc-suburbs/food-delivery/torta-fina-bake-shoppe-%26-patisserie/aIVHBPBvSECU0HWgT7kmuw,west-babylon-new-york
https://www.ubereats.com/nyc-suburbs/food-delivery/sobol-massapequa-park/zFShVVo1SN2WWPhHaPmNpA,west-babylon-new-york
https://www.ubereats.com/nyc-suburbs/food-delivery/corks-and-taps/BFk_lKfwTiCUYpM8sGvb7w,west-babylon-new-york
https://www.ubereats.com/nyc-suburbs/food-delivery/railroad-bagel-express/1bApAw5ASKSzCewMXqwJpg,west-babylon-new-york
https://www.ubereats.com/nyc-suburbs/food-delivery/bella-vie/jPNLbWFlSt-nsnFWiwjIRw,west-babylon-new-york
https://www.ubereats.com/nyc-suburbs/food-delivery/taco-bell-3946-hempstead-turnpike/-Kz4bJNIQfe_rD99daNVkg,west-babylon-new-york
https://www.ubereats.com/nyc-suburbs/food-delivery/nutriwolf-farmingdale/IE6eU39CRTi1Ch4sN7OuUA,west-babylon-new-york
https://www.ubereats.com/nyc-suburbs/food-delivery/kabanos-polish-deli/3baJFVO7RfWjTjLM1MmCMg,west-babylon-new-york
https://www.ubereats.com/nyc-suburbs/food-delivery/checkers-huntington/6xu-1HKvSjSRFSYQebjsUg,west-babylon-new-york
https://www.ubereats.com/nyc-suburbs/food-delivery/dunkin-1201-deer-park-ave/D1R5R3QcQsy5LI16il4oYQ,west-babylon-new-york
https://www.ubereats.com/nyc-suburbs/food-delivery/west-babylon-bagels-and-deli/JD428uhmRpyf3Xhwa2Qzvw,west-babylon-new-york
https://www.ubereats.com/nyc-suburbs/food-delivery/exotic-bowls/qJ2_Q2ntTNyW_XSVUCGsrw,west-babylon-new-york
https://www.ubereats.com/nyc-suburbs/food-delivery/35th-st-family-deli/DQWJ8Fo4TweUerg6L08Ikg,west-babylon-new-york
https://www.ubereats.com/nyc-suburbs/food-delivery/monsoon/CuzzskgtQriOtECTZmvcRg,west-babylon-new-york
https://www.ubereats.com/nyc-suburbs/food-delivery/supreme-philly-cheese-steak/W0-o3IQrSOi3PgGmelajVg,west-babylon-new-york
https://www.ubereats.com/nyc-suburbs/food-delivery/mary-carrolls/Zse6pT4jTM2KVXS9ZSBoGw,west-babylon-new-york
https://www.ubereats.com/nyc-suburbs/food-delivery/burger-king-1300-deer-park-avenue/_ppJLPslTsybugYc-hBx-A,west-babylon-new-york
https://www.ubereats.com/nyc-suburbs/food-delivery/dunkin-1000-carmans-rd/t8akXNBZT3Sn22baEkC2XQ,west-babylon-new-york
https://www.ubereats.com/nyc-suburbs/food-delivery/town-deli/FcALhZ1vSnuQCgQeQsP3RA,west-babylon-new-york
https://www.ubereats.com/nyc-suburbs/food-delivery/bagelman/bLwXzk7cS0CFeHPxJIM_fg,west-babylon-new-york
https://www.ubereats.com/nyc-suburbs/food-delivery/ihop-259b-old-walt-whitman-rd/2dBf4tHnT5en4A_Cu6S8qQ,west-babylon-new-york
https://www.ubereats.com/nyc-suburbs/food-delivery/mushroom-restaurant/JToxdR1MSr2YKIiQPCPiOQ,west-babylon-new-york
https://www.ubereats.com/nyc-suburbs/food-delivery/blimpie-52-d-willow-park/of6t-DvrR7KWUE03RyG2AA,west-babylon-new-york
https://www.ubereats.com/nyc-suburbs/food-delivery/subway-282-c-higbie-ln/QmcO1CjKTtaT0Lgyz0_34Q,west-babylon-new-york
https://www.ubereats.com/nyc-suburbs/food-delivery/naz-halal-food-4125-hempstead-turnpike/M6k3mgh_TOed3NNB9E7n_w,west-babylon-new-york
https://www.ubereats.com/nyc-suburbs/food-delivery/sobol-farmingdale/Dl_GPo-qStGxDjrkMnt4UA,west-babylon-new-york
https://www.ubereats.com/nyc-suburbs/food-delivery/panera-1258-deer-park-avenue/OdrVILfpThWmxWeQgvfpeA,west-babylon-new-york
https://www.ubereats.com/nyc-suburbs/food-delivery/dunkin-393-little-east-neck-rd/Gd-IuwftSd-Q2X88BXg1hA,west-babylon-new-york
https://www.ubereats.com/nyc-suburbs/food-delivery/gold-%26-meyers-deli/iM-Vj7n3QSG7sJxHymLp-g,west-babylon-new-york
https://www.ubereats.com/nyc-suburbs/food-delivery/whiskey-down-diner/vQOb8G6wSlGGxxcG-EhbiQ,west-babylon-new-york
https://www.ubereats.com/nyc-suburbs/food-delivery/mr-cajun/VBs85ByxQxWFPLO7_iPHDQ,west-babylon-new-york
https://www.ubereats.com/nyc-suburbs/food-delivery/tropical-smoothie-cafe-bay-shore-commons/5M5mwKHJRpqf3ZYDHqhwPw,west-babylon-new-york
https://www.ubereats.com/nyc-suburbs/food-delivery/franks-deli-plus/zQ_CTLW3T4aI68ruV0A4Wg,west-babylon-new-york
https://www.ubereats.com/nyc-suburbs/food-delivery/houlihans-farmingdale/0tpMkdZiQTSo1-j8MQV2cw,west-babylon-new-york
https://www.ubereats.com/nyc-suburbs/food-delivery/auntie-annes-1701-sunrise-highway/Ey2si-lOQJS6COJqukSg1Q,west-babylon-new-york
https://www.ubereats.com/nyc-suburbs/food-delivery/mcdonalds-334-e-montauk-hwy/1Ba7eoPCSpqrHdk4Sy7LOg,west-babylon-new-york
https://www.ubereats.com/nyc-suburbs/food-delivery/charleys-philly-steaks-south-shore-mall/UYpctUzjTJCitu0oxlrllw,west-babylon-new-york
https://www.ubereats.com/nyc-suburbs/food-delivery/pizzarev-1088-the-arches-circle/ZB2VpvJnT7Cct4_f2PtZNg,west-babylon-new-york
https://www.ubereats.com/nyc-suburbs/food-delivery/brunellos-heroes/hO5-qnd4RayOpXxkm5GkIw,west-babylon-new-york
https://www.ubereats.com/nyc-suburbs/food-delivery/buffalo-wild-wings-1080-broadhollow-rd/gvEx-h9OS9KRkgnZAbqGQA,west-babylon-new-york
https://www.ubereats.com/nyc-suburbs/food-delivery/chipotle-mexican-grill-435-walt-whitman-rd/8ktsWxGWTP2XkUeulENpgA,west-babylon-new-york
https://www.ubereats.com/nyc-suburbs/food-delivery/penny-pub/HZNJoI7dRT-uih9Lkbr1aw,west-babylon-new-york
https://www.ubereats.com/nyc-suburbs/food-delivery/island-poke-massapequa/ncC-JST_QoiUzf1zN1zggQ,west-babylon-new-york
https://www.ubereats.com/nyc-suburbs/food-delivery/carvel-1163-deer-park-ave/zu698Oy9T8qqkc0u8gTUsA,west-babylon-new-york
https://www.ubereats.com/nyc-suburbs/food-delivery/dairy-queen-grill-%26-chill-5366-sunrise-hwy/0PEeYqFzRZaiO_IXcypFIQ,west-babylon-new-york
https://www.ubereats.com/nyc-suburbs/food-delivery/michelles-110-diner/ciCZcVl1RBqTbFTPouzozg,west-babylon-new-york
https://www.ubereats.com/nyc-suburbs/food-delivery/shake-shack-849-walt-whitman-rd/ign4CRZeSOOynkDYDl4stg,west-babylon-new-york
https://www.ubereats.com/nyc-suburbs/food-delivery/long-wall-kitchens/T4bsHuNjTo-vh9qO87hyDA,west-babylon-new-york
https://www.ubereats.com/nyc-suburbs/food-delivery/island-jerk-north-babylon/g_-tu3NNQBmi_k4SzXgbnQ,west-babylon-new-york
https://www.ubereats.com/nyc-suburbs/food-delivery/khyber-grill-%26-gyro/yFz9ZkoPQMmMBijtxKoszQ,west-babylon-new-york
https://www.ubereats.com/nyc-suburbs/food-delivery/morellis-pizza-%26-gyros-belmont/93rEDjZeT0GwkEEsev7U_Q,west-babylon-new-york
https://www.ubereats.com/nyc-suburbs/food-delivery/mamis-cuisine/ADfezkIeQV2Z2w-FLiYm1w,west-babylon-new-york
https://www.ubereats.com/nyc-suburbs/food-delivery/savor-eatery/2BioJt0eQIK4AO0IzkzvOg,west-babylon-new-york
https://www.ubereats.com/nyc-suburbs/food-delivery/lasdelicias-latinas/2l1X4DjZTmyfQV5CF8F7dA,west-babylon-new-york
https://www.ubereats.com/nyc-suburbs/food-delivery/wendys-2123-broadhollow-rd/U4FQr83QTXqYF1jQVUGtpw,west-babylon-new-york
https://www.ubereats.com/nyc-suburbs/food-delivery/del-fuego-babylon/dsCA8UWxTMOC-1h0AZI_lw,west-babylon-new-york
https://www.ubereats.com/nyc-suburbs/food-delivery/golden-orange/ZLqhnYq_ShuKm2oULY2VgA,west-babylon-new-york
https://www.ubereats.com/nyc-suburbs/food-delivery/dunkin-575-fulton-st/45yTZqUpQEGyoI4rF02mug,west-babylon-new-york
https://www.ubereats.com/nyc-suburbs/food-delivery/franciscos-vegan-pizzeria/0xVUMAmnReO8r32rmtjCbA,west-babylon-new-york
https://www.ubereats.com/nyc-suburbs/food-delivery/dennys-1143-deer-park-ave/b6yYguKNSfmKQNMlwo-JGg,west-babylon-new-york
https://www.ubereats.com/nyc-suburbs/food-delivery/cold-stone-creamery-255-deer-park-avenue/atzTBn8cTQG54uCkXyJnXA,west-babylon-new-york
https://www.ubereats.com/nyc-suburbs/food-delivery/shahs-halal-lindenhurst/SYXz3cobTJeN47vzn-06iw,west-babylon-new-york
https://www.ubereats.com/nyc-suburbs/food-delivery/ajs-gourmet-grilled-cheese-shop/kU2uym5ySqa4TZ5NBllNRA,west-babylon-new-york
https://www.ubereats.com/nyc-suburbs/food-delivery/horace-and-sylvias-publick-house/ZfP1xPs9Qh6XuZSmPNOjlQ,west-babylon-new-york
https://www.ubereats.com/nyc-suburbs/food-delivery/nathans-famous-1086-the-arches-circle/Jbp1k8IOQcaxzyc3v7txRQ,west-babylon-new-york
https://www.ubereats.com/nyc-suburbs/food-delivery/brownstones-coffee/ZXwSw5JWQFOuFhDqYUr2Qg,west-babylon-new-york
https://www.ubereats.com/nyc-suburbs/food-delivery/dunkin-1906-deer-park-ave/JOdgUVSaRHS6b9zN13UnqQ,west-babylon-new-york
https://www.ubereats.com/nyc-suburbs/food-delivery/bellagio-pizzeria/ZWWQBMBtQFyL51v65HQExg,west-babylon-new-york
https://www.ubereats.com/nyc-suburbs/food-delivery/angianas-ice-cream/RIoWxpi1TJC2WZKRloHBHg,west-babylon-new-york
https://www.ubereats.com/nyc-suburbs/food-delivery/tropical-smoothie-cafe-228-airport-plaza-blvd/8iqKSf2NS7-eDRtDuf8CVQ,west-babylon-new-york
https://www.ubereats.com/nyc-suburbs/food-delivery/spanish-soul-food-truck/9s9X-7MLQEuvs0HVr_PDvA,west-babylon-new-york
https://www.ubereats.com/nyc-suburbs/food-delivery/okinii-japanese-restaurant/tRePf4G9R4m3YS9ow_XP9g,west-babylon-new-york
https://www.ubereats.com/nyc-suburbs/food-delivery/h2o-seafood-%26-sushi-east-islip/K9aRdNmKSZa_R5KCcJZB9Q,west-babylon-new-york
https://www.ubereats.com/nyc-suburbs/food-delivery/checkers-136-sunrise-hwy/O8EimLreTvml1txQZG9puw,west-babylon-new-york
https://www.ubereats.com/nyc-suburbs/food-delivery/post-office-cafe/gWC5kYTQS6SgI1dcd1j_7Q,west-babylon-new-york
https://www.ubereats.com/nyc-suburbs/food-delivery/chipotle-mexican-grill-660-commack-rd/RIiaVrg0TciexXRYuH30xA,west-babylon-new-york
https://www.ubereats.com/nyc-suburbs/food-delivery/fried-chicken-%40-deli/HawfRVdAQp-f3rniDCQIXg,west-babylon-new-york
https://www.ubereats.com/nyc-suburbs/food-delivery/lazzat-indian-restaurant-nassau/KKgbdQLWQvOndKV1XeKWmg,west-babylon-new-york
https://www.ubereats.com/nyc-suburbs/food-delivery/bango-bowls-huntington-station/6pbQ7KZsT9eOAWPPxnxdQg,west-babylon-new-york
https://www.ubereats.com/nyc-suburbs/food-delivery/brothers-cafe-in-copaigue/fmSVMendTZ-DQlrskY_ZmA,west-babylon-new-york
https://www.ubereats.com/nyc-suburbs/food-delivery/starbucks-west-babylon/c3EA9CG4QxuAbRP5Bzt6dQ,west-babylon-new-york
https://www.ubereats.com/nyc-suburbs/food-delivery/checkers-800-broadway/nphI7Pi0Rwq9E7XY-ynfhw,west-babylon-new-york
https://www.ubereats.com/nyc-suburbs/food-delivery/317-main-street/VxAljB9nQk2aDh2wPS164g,west-babylon-new-york
https://www.ubereats.com/nyc-suburbs/food-delivery/vinoco-east/q1RYSeDmRliag2lCD_5jog,west-babylon-new-york
https://www.ubereats.com/nyc-suburbs/food-delivery/tropical-smoothie-cafe-deer-park/kKYzkc-ZSnqV6a7BLiWFHA,west-babylon-new-york
https://www.ubereats.com/nyc-suburbs/food-delivery/yo-go-wild-cafe/Tm4b2K62TPmzC-bC-Umfyw,west-babylon-new-york
https://www.ubereats.com/nyc-suburbs/food-delivery/crown-fried-chicken-bay-shore/MqQgiipVRqCu9n7UNx9A-Q,west-babylon-new-york
https://www.ubereats.com/nyc-suburbs/food-delivery/subway-1028-montauk-hwy/F5e07yIrRYW3B6ZeKwHzYA,west-babylon-new-york
https://www.ubereats.com/nyc-suburbs/food-delivery/kfc-lindenhurst/CJwqm9ccQZGJUeuTC_UzYA,west-babylon-new-york
https://www.ubereats.com/nyc-suburbs/food-delivery/bagels-and-brunch-deli/Cflt3BGoSu698dgtG78rGw,west-babylon-new-york
https://www.ubereats.com/nyc-suburbs/food-delivery/yo-go-wild-creperie/qLpM1mAtTi-ZWHlUw-HgPw,west-babylon-new-york
https://www.ubereats.com/nyc-suburbs/food-delivery/dooleys-bagels-%26-deli/vCvzv6K-QBmqu63K3V3itA,west-babylon-new-york
https://www.ubereats.com/nyc-suburbs/food-delivery/bay-shore-deli-%26-grocery/0VZTvnHGTcq3lca4cx_eVQ,west-babylon-new-york
https://www.ubereats.com/nyc-suburbs/food-delivery/subway-729-sunrise-hwy/AZ7YsotRQLW1N3L5jJG23w,west-babylon-new-york
https://www.ubereats.com/nyc-suburbs/food-delivery/emmas-deli/eccpzdGwSj6I-B7KSituBQ,west-babylon-new-york
https://www.ubereats.com/nyc-suburbs/food-delivery/qdoba-mexican-grill-1024-broadhollow-road/4ZSxjyxZQFaLVIKxkCM7lA,west-babylon-new-york
https://www.ubereats.com/nyc-suburbs/food-delivery/carvel-2134-deer-park-avenue/kr34HC8ZTVeVBaMzqhXwIA,west-babylon-new-york
https://www.ubereats.com/nyc-suburbs/food-delivery/sobol-melville/dv01dQCUS42dtEyLnHeIjw,west-babylon-new-york
https://www.ubereats.com/nyc-suburbs/food-delivery/mulberry-st/U5BYsb3DRqi5YQXM32FKRg,west-babylon-new-york
https://www.ubereats.com/nyc-suburbs/food-delivery/wellwood-bagels-and-bialy/FGVEuPMGQliAvkaaNPO0Xw,west-babylon-new-york
https://www.ubereats.com/nyc-suburbs/food-delivery/dunkin-155-w-sunrise-hwy/pgN3DQqzShuTUJ88T4hYYw,west-babylon-new-york
https://www.ubereats.com/nyc-suburbs/food-delivery/mizuki-sushi/fy1xiCwqQ5qjkL4q6WrJGg,west-babylon-new-york
https://www.ubereats.com/nyc-suburbs/food-delivery/peter-pan-diner/WC2P9uXITHi8uyxZrpoD4g,west-babylon-new-york
https://www.ubereats.com/nyc-suburbs/food-delivery/rositas-bakery-%26restaurant/BdPnjWG6TSG6-22MQHmtCA,west-babylon-new-york
https://www.ubereats.com/nyc-suburbs/food-delivery/sonic-1380-deer-park-avenue/sVSv5WDSS2GyMeStMcblNw,west-babylon-new-york
https://www.ubereats.com/nyc-suburbs/food-delivery/uncle-chucks-bar-n-restaurant/9FPaF9JfQ-SoGRdl3EgP2Q,west-babylon-new-york
https://www.ubereats.com/nyc-suburbs/food-delivery/the-halal-guys-911-broad-hollow-rd-farmingdale-ny/RjPQYcBGQKG93wuTn9C-bg,west-babylon-new-york
https://www.ubereats.com/nyc-suburbs/food-delivery/209-applebees-farmingdale/0Q8X4pkLT9OEvxN7shiL5Q,west-babylon-new-york
https://www.ubereats.com/nyc-suburbs/food-delivery/popeyes-155-w-sunrise-hwy/z_sl13xIQKSYYLPxxByNCw,west-babylon-new-york
https://www.ubereats.com/nyc-suburbs/food-delivery/five-guys-ny-0457-350-route-110/2lhd8WAcTJqeTYSKTRwWEg,west-babylon-new-york
https://www.ubereats.com/nyc-suburbs/food-delivery/la-la-bistro-soup-salad-%26-sandwich-bar/dkz9EHxARIGIcrSgjIzJaw,west-babylon-new-york
https://www.ubereats.com/nyc-suburbs/food-delivery/empanada-shoppe/9H3rpAbWQlKw3rHVqXo7Ww,west-babylon-new-york
https://www.ubereats.com/nyc-suburbs/food-delivery/noamar-markets/GfmHConIQ0-YTv1sGkWUrw,west-babylon-new-york
https://www.ubereats.com/nyc-suburbs/food-delivery/sj-lucky/sLswo1RZQfKQq2kS2P1s0w,west-babylon-new-york
https://www.ubereats.com/nyc-suburbs/food-delivery/station-market/08ALSOTGQY-i0DF1UgJg-A,west-babylon-new-york
https://www.ubereats.com/nyc-suburbs/food-delivery/halal-on-wheels-amityville/d_KTV6VmQTmMfRzTS5WEUg,west-babylon-new-york
https://www.ubereats.com/nyc-suburbs/food-delivery/big-daddys/6mwzkpGsRMGRuBZ6fIsQcg,west-babylon-new-york
https://www.ubereats.com/nyc-suburbs/food-delivery/la-piazza/FMTlk8HFTuyVkTflMPbs8w,west-babylon-new-york
https://www.ubereats.com/nyc-suburbs/food-delivery/dunkin-20-broadway/CuFUiZGTRGKZBXhqgFyBeg,west-babylon-new-york
https://www.ubereats.com/nyc-suburbs/food-delivery/burger-king-1200-ny-109/L-FBR0JlTiaiE4Z1-OKswQ,west-babylon-new-york
