url,city
https://www.ubereats.com/detroit/food-delivery/raogari-vindu-indian-cuisine-bar-%26-banquet/gEEb6K6hTliJ2q6fnUgfRg,west-bloomfield-michigan
https://www.ubereats.com/detroit/food-delivery/captain-crust-pizza/M4kHnbk-T1iePzWBaPEQwg,west-bloomfield-michigan
https://www.ubereats.com/detroit/food-delivery/liberty-bar-and-poutinerie/uu02zixeQQWFne14k1kOOg,west-bloomfield-michigan
https://www.ubereats.com/detroit/food-delivery/masala-indian-kitchen/UVl7EHMDSY61lgwUmuv_Hg,west-bloomfield-michigan
https://www.ubereats.com/detroit/food-delivery/jersey-bagel-bloomfield-hills/5x0P79GOQym36zlkRgwitw,west-bloomfield-michigan
https://www.ubereats.com/detroit/food-delivery/cjs-brewing-company/KnFoic19S5GjgiiwZZmrtg,west-bloomfield-michigan
https://www.ubereats.com/detroit/food-delivery/potbelly-sandwich-shop-bloomfield-township-%7C-397/lrtsIRRJSqC2kWBt7cVGCA,west-bloomfield-michigan
https://www.ubereats.com/detroit/food-delivery/la-kabob-lebanese-grill/L4vbiIqkQhyRYjgSzwYYUA,west-bloomfield-michigan
https://www.ubereats.com/detroit/food-delivery/punjab-indian-cuisine/6IjCsD0yT82d5LsmhYcMhA,west-bloomfield-michigan
https://www.ubereats.com/detroit/food-delivery/jersey-mikes-subs-6756-dixie-hwy/VlRKUUjqQRGXb4ciQdOAqA,west-bloomfield-michigan
https://www.ubereats.com/detroit/food-delivery/olgas-kitchen-2075-s-telegraph-rd/tc4y-7AgT-aBOG4nxIlEPg,west-bloomfield-michigan
https://www.ubereats.com/detroit/food-delivery/dickeys-bbq-pit-4825-carroll-lake-road/Z9SX4UMfSjKO4bEsi8T-Iw,west-bloomfield-michigan
https://www.ubereats.com/detroit/food-delivery/wendys-2190-orchard-lake-road/ls-pD6qaRqytlk5emJn1vA,west-bloomfield-michigan
https://www.ubereats.com/detroit/food-delivery/kfc-1000-s-opdyke-road/c5rXjrFJQ722EBg6bOsC8A,west-bloomfield-michigan
https://www.ubereats.com/detroit/food-delivery/the-ice-cream-shop/_30srmg_SnadTKfSLY54aA,west-bloomfield-michigan
https://www.ubereats.com/detroit/food-delivery/the-ice-cream-shop/WPqckNOqTtO99fWdDsdbiw,west-bloomfield-michigan
https://www.ubereats.com/detroit/food-delivery/taste-of-himalaya/NdqoGe8jSxuAolMQSG9e7A,west-bloomfield-michigan
https://www.ubereats.com/detroit/food-delivery/red-lobster-479-telegraph-road/XMNc0TV2Tq22f5xK0_-5Pg,west-bloomfield-michigan
https://www.ubereats.com/detroit/food-delivery/leos-coney-island-northwestern-hwy/Q9PXvq2cRrq2FlWMcFJgVQ,west-bloomfield-michigan
https://www.ubereats.com/detroit/food-delivery/tony-saccos-coal-oven-pizza-novi-mi/ty0d3A0GTkqgoEjvr1c8vQ,west-bloomfield-michigan
https://www.ubereats.com/detroit/food-delivery/jersey-mikes-subs-4403-highland-road/hEkjevDQQtq2pG_P0isATA,west-bloomfield-michigan
https://www.ubereats.com/detroit/food-delivery/kung-fu-tea-44325-w-12-mile-ste-h172/CtOsWlciQae9nqoDCKJHbg,west-bloomfield-michigan
https://www.ubereats.com/detroit/food-delivery/dunkin-28777-northwestern-highway/GtE9DY8BQqmHL-Ll0lzerA,west-bloomfield-michigan
https://www.ubereats.com/detroit/food-delivery/ruby-tuesday-39581-twelve-mile-road/67ceAgcnRVyJKNlq9rBcYQ,west-bloomfield-michigan
https://www.ubereats.com/detroit/food-delivery/la-marsa-grand-river-ave/CN64Nw9QSkK84BaerqHlbQ,west-bloomfield-michigan
https://www.ubereats.com/detroit/food-delivery/front-page-deli/je0JYYG1T6eWRdLYD78GvQ,west-bloomfield-michigan
https://www.ubereats.com/detroit/food-delivery/jets-pizza-4082-w-maple-rd/50BaLKFLQNWU2XqnAlAchg,west-bloomfield-michigan
https://www.ubereats.com/detroit/food-delivery/tropical-smoothie-cafe-7354-haggerty-road/cIVjrm0kRiOxuyBtRaFK6w,west-bloomfield-michigan
https://www.ubereats.com/detroit/food-delivery/qdoba-mexican-grill-33224-w-12-mile-rd-ste-107/vRAgqrMvTHqwQpfosmOabA,west-bloomfield-michigan
https://www.ubereats.com/detroit/food-delivery/krishna-catering-%26-restaurant/8hxWkp00SHeDaLRr5ltpSg,west-bloomfield-michigan
https://www.ubereats.com/detroit/food-delivery/paradise-biryani-farmington-hills/M5rqn6WjRViCf41zMNDggA,west-bloomfield-michigan
https://www.ubereats.com/detroit/food-delivery/honey-tree-grill/3AYAa5W7R2qZirlkHWusAg,west-bloomfield-michigan
https://www.ubereats.com/detroit/food-delivery/flemings-prime-steakhouse-%26-wine-bar-birmingham-mi/ahMEVwq2SEGUHkrQHFpg5A,west-bloomfield-michigan
https://www.ubereats.com/detroit/food-delivery/wendys-28481-telegraph-road/I4rMzbG_Tr-GqFq4Wo9bNg,west-bloomfield-michigan
https://www.ubereats.com/detroit/food-delivery/ten11-grill/UbC8sehtT-SiUY0nqhIbGg,west-bloomfield-michigan
https://www.ubereats.com/detroit/food-delivery/taco-bell-1200-s-opdyke-road/RUxnWe32Q_iOvh3SlzBasw,west-bloomfield-michigan
https://www.ubereats.com/detroit/food-delivery/browndog-dessert-bar-farmington/nefy37a3QWORd2HGYMwiyw,west-bloomfield-michigan
https://www.ubereats.com/detroit/food-delivery/outback-steakhouse-6435-dixie-highway/1uO0vKvJSoKNN5YXHCrYsQ,west-bloomfield-michigan
https://www.ubereats.com/detroit/food-delivery/shawarma-stop-mediterranean-grill/O8xu3wOPScKF10CfCLs25g,west-bloomfield-michigan
https://www.ubereats.com/detroit/food-delivery/california-pizza-kitchen-31005-c-orchard-lake-road/7YAQUCNZSQCgUWJi8Vt9_w,west-bloomfield-michigan
https://www.ubereats.com/detroit/food-delivery/the-beach-tiki-bar-and-boil/03Hc9hdVQqOxcCXXjwaX2w,west-bloomfield-michigan
https://www.ubereats.com/detroit/food-delivery/tim-hortons-6490-orchard-lake-road/se2pn_sQQLmt3UYHLPShJw,west-bloomfield-michigan
https://www.ubereats.com/detroit/food-delivery/mex-bloomfield-hills/LTXIyqatSrObvE46k3UPHQ,west-bloomfield-michigan
https://www.ubereats.com/detroit/food-delivery/the-jagged-fork-west-bloomfield/Pv3ZIe7GTPWczK7YU7nN7A,west-bloomfield-michigan
https://www.ubereats.com/detroit/food-delivery/yumm-yumm/x1YKpitfTDy4S5DzBWmtsA,west-bloomfield-michigan
https://www.ubereats.com/detroit/food-delivery/zoup!-eatery-29177-northwestern-highway/KPvU1iX8QRWzWgiQalmZWA,west-bloomfield-michigan
https://www.ubereats.com/detroit/food-delivery/blaze-pizza-26401-novi-rd/4jB4HbMqQsOBqR5v6qXQeg,west-bloomfield-michigan
https://www.ubereats.com/detroit/food-delivery/scramblers/i31gKxpbSQ-tOkV_dH31xg,west-bloomfield-michigan
https://www.ubereats.com/detroit/food-delivery/arbys-800-south-opdyke/y7OicBjoTKObBaGtsmQCFQ,west-bloomfield-michigan
https://www.ubereats.com/detroit/food-delivery/marcos-pizza-5570-cooley-lake-rd/ZQpZhfVXRBGNWFQBH50nNg,west-bloomfield-michigan
https://www.ubereats.com/detroit/food-delivery/the-ice-cream-shop/aoltPnP5SEWiWKvJfB02kQ,west-bloomfield-michigan
https://www.ubereats.com/detroit/food-delivery/menchies-frozen-yogurt-31015-orchard-lake-rd/fn131qkNS7mMQlo15MjSHg,west-bloomfield-michigan
https://www.ubereats.com/detroit/food-delivery/arbys-5911-highland-rd/iBXVzeTISnKsifhA1hvw8g,west-bloomfield-michigan
https://www.ubereats.com/detroit/food-delivery/leftys-cheesesteaks/BjetDHcHT7CNbbLZMZRKNQ,west-bloomfield-michigan
https://www.ubereats.com/detroit/food-delivery/chipotle-mexican-grill-2100-s-telegraph-rd/bNtK-eyJRt2AXK-jTyCKXA,west-bloomfield-michigan
https://www.ubereats.com/detroit/food-delivery/starbucks-orchard-lake-village/DZVm7iJbSTOtMgvzfYczQA,west-bloomfield-michigan
https://www.ubereats.com/detroit/food-delivery/tim-hortons-33340-w-12-mile-road/q7cMwnw8ToaOmrM-hxdX2g,west-bloomfield-michigan
https://www.ubereats.com/detroit/food-delivery/fishbones-southfield/jTCsunobStOlT54Fw4DoQg,west-bloomfield-michigan
https://www.ubereats.com/detroit/food-delivery/taqueria-san-jose/oG46m1BoRzCzssyUYwBOFQ,west-bloomfield-michigan
https://www.ubereats.com/detroit/food-delivery/preetis/vlgwJraxTvW-davBqPF5iw,west-bloomfield-michigan
https://www.ubereats.com/detroit/food-delivery/pickles-and-rye-deli/csoNUsShR9i6P_h-Dc68HA,west-bloomfield-michigan
https://www.ubereats.com/detroit/food-delivery/bunchys-chicken-%26-pizza/dkF9GJxPTMyLLNjwc6PGjA,west-bloomfield-michigan
https://www.ubereats.com/detroit/food-delivery/better-health-cafe-bloomfield-hills-mi/6o3z1RQwQluOQtPFjmeYZw,west-bloomfield-michigan
https://www.ubereats.com/detroit/food-delivery/soupdive/acGLER0bQDyyov9OlMi64w,west-bloomfield-michigan
https://www.ubereats.com/detroit/food-delivery/panda-express-900-brown-rd/fuRsPaArQLKeQjTXYZrl4Q,west-bloomfield-michigan
https://www.ubereats.com/detroit/food-delivery/arbys-1808-e-w-maple-rd/t2sIB9GzRrmo2B__9esq_Q,west-bloomfield-michigan
https://www.ubereats.com/detroit/food-delivery/leos-coney-island-orchard-lake/v1KdWKM1QsGzq_F0T3fWDA,west-bloomfield-michigan
https://www.ubereats.com/detroit/food-delivery/burgerim/6mcuk19fS-CbecQAnAf7Og,west-bloomfield-michigan
https://www.ubereats.com/detroit/food-delivery/the-gallery-restaurant/Co5uUXz8Q4uOaKSfWuxjoQ,west-bloomfield-michigan
https://www.ubereats.com/detroit/food-delivery/jalapenos-pontiac/TGeUojjEQ9a5GCcczq4gjg,west-bloomfield-michigan
https://www.ubereats.com/detroit/food-delivery/wendys-2720-union-lake-road/u2KuBOa2RBKwuUcAxVcNeA,west-bloomfield-michigan
https://www.ubereats.com/detroit/food-delivery/panchos-tacos/YKlLw-yRR9WrGOVj77Qbjw,west-bloomfield-michigan
https://www.ubereats.com/detroit/food-delivery/sidecar-of-commerce/B5y-Dnb5RcOzLWBktW3vDw,west-bloomfield-michigan
https://www.ubereats.com/detroit/food-delivery/blaze-pizza-28674-telegraph-rd/md1oV68ZRt6fWvX_8OpJ3Q,west-bloomfield-michigan
https://www.ubereats.com/detroit/food-delivery/white-castle-335-martin-luther-king-blvd/XFH_YsJaRIeWy-1yEDrYkw,west-bloomfield-michigan
https://www.ubereats.com/detroit/food-delivery/blaze-pizza-2065-n-squirrel-rd/gDlcnrEASSOVhwwUNDLYSw,west-bloomfield-michigan
https://www.ubereats.com/detroit/food-delivery/taste-of-china-middlebelt/zF45UYTSQSu1OOFNRq0WgQ,west-bloomfield-michigan
https://www.ubereats.com/detroit/food-delivery/chipotle-mexican-grill-6753-orchard-lake-rd/uZhP3UkPRJGlp-_r20By3g,west-bloomfield-michigan
https://www.ubereats.com/detroit/food-delivery/luigis-family-restaurant/MMCmwpTUTROE3ig8R4pfQQ,west-bloomfield-michigan
https://www.ubereats.com/detroit/food-delivery/kfc-4820-highland-road/VmxYcnGJSmWwaf6TCMa_7w,west-bloomfield-michigan
https://www.ubereats.com/detroit/food-delivery/arbys-24700-haggerty-rd/7JCY1LHxT2a1_y985S1hDg,west-bloomfield-michigan
https://www.ubereats.com/detroit/food-delivery/andiamo-telegraph-%26-maple/VJJYsh-MR8-s2X6x2Gxr8w,west-bloomfield-michigan
https://www.ubereats.com/detroit/food-delivery/poke-poke-sushi-unrolled-farmington-hills/lBCoabwOTMe0QatkNhR8Uw,west-bloomfield-michigan
https://www.ubereats.com/detroit/food-delivery/2941-mediterranean-street-food-bloomfield/DNbjJpcVT22Oa3Q8Sw1j9w,west-bloomfield-michigan
https://www.ubereats.com/detroit/food-delivery/rye-guys-deli/_V-_CBNvTDmJt5IedifdhQ,west-bloomfield-michigan
https://www.ubereats.com/detroit/food-delivery/tim-hortons-9-n-telegraph-rd/xRGQ2d0zQwCr7ydkcjYQjw,west-bloomfield-michigan
https://www.ubereats.com/detroit/food-delivery/noodle-topia-novi/BsjRQ60LQTSuZEOX1630-Q,west-bloomfield-michigan
https://www.ubereats.com/detroit/food-delivery/family-table-cafe/DUH3Z5HoRpS3pB0JWpfF1A,west-bloomfield-michigan
https://www.ubereats.com/detroit/food-delivery/tim-hortons-28565-northwestern-hwy/91Z2i8oURyOqljx7URi7gw,west-bloomfield-michigan
https://www.ubereats.com/detroit/food-delivery/nara-hibachi/yn-dKhrBQXW-asqqv2oOLw,west-bloomfield-michigan
https://www.ubereats.com/detroit/food-delivery/babylon-meat-and-restaurant/38pweQxPQgyVkkqodUGFVg,west-bloomfield-michigan
https://www.ubereats.com/detroit/food-delivery/burger-king-2915-union-lake-rd/mUvMFnETRuOgbqaak8PUVg,west-bloomfield-michigan
https://www.ubereats.com/detroit/food-delivery/mezza-mediterranean-grille/r7NrRep0T96u6shZVz2hkw,west-bloomfield-michigan
https://www.ubereats.com/detroit/food-delivery/roadside-b%26g/31AjjNQqQF6FYklV2wIhoA,west-bloomfield-michigan
https://www.ubereats.com/detroit/food-delivery/tubbys-sub-shop-%26-just-baked-cupcakes/uVooaKAGRHaVJlwkc_yfNQ,west-bloomfield-michigan
https://www.ubereats.com/detroit/food-delivery/shish-kabob-express-telegraph/KgftGI8GTFCbdVwUUfxusA,west-bloomfield-michigan
https://www.ubereats.com/detroit/food-delivery/kfc-49714-grand-river-avenue/q58mjG4tTy6uw2wqLLY_zg,west-bloomfield-michigan
https://www.ubereats.com/detroit/food-delivery/2941-mediterranean-street-food-auburn-hills/3Xr3gD6RTY2v51JrYArAgw,west-bloomfield-michigan
https://www.ubereats.com/detroit/food-delivery/potbelly-sandwich-shop-novi-%7C-165/2G8ZZmj-QQqgfeYf2-W21A,west-bloomfield-michigan
https://www.ubereats.com/detroit/food-delivery/boston-market-43363-crescent-blvd/OONWyO54QwyPHCFblzfWpw,west-bloomfield-michigan
https://www.ubereats.com/detroit/food-delivery/la-marsa-orchard-lake/L8cptL-8RMWgLNrzlv_ywA,west-bloomfield-michigan
https://www.ubereats.com/detroit/food-delivery/taco-bell-119-north-telegraph-road/39LWPJo_QV-vGU33vUCU8g,west-bloomfield-michigan
https://www.ubereats.com/detroit/food-delivery/5th-tavern/jJvCVFfwRQyAQgcU7u6ddw,west-bloomfield-michigan
https://www.ubereats.com/detroit/food-delivery/twins-brunch/U-xYcHMtTQiWSXleUpYM_g,west-bloomfield-michigan
https://www.ubereats.com/detroit/food-delivery/loya-organic/Gp5XVm4DRaKy_y1Qmn1_vg,west-bloomfield-michigan
https://www.ubereats.com/detroit/food-delivery/highland-grille/YHnep7_yRTWZAbDkJnbbXA,west-bloomfield-michigan
https://www.ubereats.com/detroit/food-delivery/nagomi-japanese-restaurant/YbYT_dStR5SFM0ghAbwtcA,west-bloomfield-michigan
https://www.ubereats.com/detroit/food-delivery/carrabbas-43455-west-oaks-drive/lHJVbHTsTL-tjdW8JKzLWg,west-bloomfield-michigan
https://www.ubereats.com/detroit/food-delivery/the-highland-grille/7G6CsKmQQiuaBte5LvDB2Q,west-bloomfield-michigan
https://www.ubereats.com/detroit/food-delivery/willsons-pub-n-grill/CtTLBndNS4S1ONRYf4KKMw,west-bloomfield-michigan
https://www.ubereats.com/detroit/food-delivery/le-macaron-french-pastries-novi/QqY9u5IjSW2BXHceD_5zcw,west-bloomfield-michigan
https://www.ubereats.com/detroit/food-delivery/tim-hortons-1006-e-west-maple-rd/NODOaQNGRRGLKYbdXmkKsw,west-bloomfield-michigan
https://www.ubereats.com/detroit/food-delivery/poke-poke-sushi-unrolled-evergreen-southfield/543KsxLqQ_2kvAUVGeiIFw,west-bloomfield-michigan
https://www.ubereats.com/detroit/food-delivery/bar-verona/UVNJ94xhTrG4un8BhHqUtw,west-bloomfield-michigan
https://www.ubereats.com/detroit/food-delivery/papa-johns-47430-pontiac-trail/UDPWCwhuQseD1Le0jUwZGg,west-bloomfield-michigan
https://www.ubereats.com/detroit/food-delivery/chipotle-mexican-grill-43345-crescent-blvd/FJ1-2bOsSOykbf3F38j_rg,west-bloomfield-michigan
https://www.ubereats.com/detroit/food-delivery/qdoba-mexican-grill-30758-telegraph-rd/d1Od5E3QTnuMi5Hz4-BrlQ,west-bloomfield-michigan
https://www.ubereats.com/detroit/food-delivery/shogun-maple-rd/7hMMsTgDT1Kx4NnUQPBbKA,west-bloomfield-michigan
https://www.ubereats.com/detroit/food-delivery/dollys-pizza/WZqR2fa6TZ2IjyLDD62BFw,west-bloomfield-michigan
https://www.ubereats.com/detroit/food-delivery/the-farm-grill-novi/lPyINBoIShecjxBq9fx2jg,west-bloomfield-michigan
https://www.ubereats.com/detroit/food-delivery/irish-tavern/R_SPMZ7wRMexTxV2AtE-rg,west-bloomfield-michigan
https://www.ubereats.com/detroit/food-delivery/dunkin-47776-pontiac-trl/eKg76FWqS9mT5g1ul9IOmg,west-bloomfield-michigan
https://www.ubereats.com/detroit/food-delivery/sonic-3270-pontiac-trail/EqSRaRD6RTi6-ifYjFohqQ,west-bloomfield-michigan
https://www.ubereats.com/detroit/food-delivery/cold-stone-creamery-w-12-mile/D57VJHl3RI6jvnjJ60kiPg,west-bloomfield-michigan
https://www.ubereats.com/detroit/food-delivery/sharaku/HQplEnqqQNC3oK6yyWn0Yw,west-bloomfield-michigan
https://www.ubereats.com/detroit/food-delivery/arbys-49-n-telegraph-rd/sbqSFSzJQlSogY9CLn22Ow,west-bloomfield-michigan
https://www.ubereats.com/detroit/food-delivery/tropical-smoothie-cafe-5385-highland-rd-ste-100/nSMuII6LQB-IPEgE8zgNVw,west-bloomfield-michigan
https://www.ubereats.com/detroit/food-delivery/khan-bbbq-%26-grill/M5jwH_7KRmq5eMhvtRiXFA,west-bloomfield-michigan
https://www.ubereats.com/detroit/food-delivery/tropical-smoothie-cafe-novi/TvRVxfwjRTm46IrpWkj49w,west-bloomfield-michigan
https://www.ubereats.com/detroit/food-delivery/cold-stone-creamery-1741-haggerty-rd/hX0lnv5GSBaLHlaFZuRdOw,west-bloomfield-michigan
https://www.ubereats.com/detroit/food-delivery/leos-coney-island-2650-orchard-lake-rd/_r8WGhuGSfao7K6n3N6UUg,west-bloomfield-michigan
https://www.ubereats.com/detroit/food-delivery/dunkin-3433-e-west-maple-rd/kgvcY2q3QR-kUXvWqhVAFQ,west-bloomfield-michigan
https://www.ubereats.com/detroit/food-delivery/tubbys-grilled-submarines-976-n-pontiac-trl-walled-lake/vNwlIlWATL6zoFEqLlJGuQ,west-bloomfield-michigan
https://www.ubereats.com/detroit/food-delivery/boston-market-5160-highland-road/TGu1rMuKSN6V66221NAGow,west-bloomfield-michigan
https://www.ubereats.com/detroit/food-delivery/the-ice-cream-shop/ebBBhUTLSRaUQdx_xHAYwA,west-bloomfield-michigan
https://www.ubereats.com/detroit/food-delivery/papparoti/t1pzY8bIRY67zAt_G-PzbA,west-bloomfield-michigan
https://www.ubereats.com/detroit/food-delivery/shesh-besh-grill/UOgso6xvTi-y-mFlAKy_xA,west-bloomfield-michigan
https://www.ubereats.com/detroit/food-delivery/golden-phoenix/kZJ0kdGQRCmd5zhq7s5Jiw,west-bloomfield-michigan
https://www.ubereats.com/detroit/food-delivery/sushi-ko/unwhbtJFTYuxYCvfFlJiBQ,west-bloomfield-michigan
https://www.ubereats.com/detroit/food-delivery/dunkin-3050-union-lake-rd/t1IVYu0UTPCfZTxaz4Vb4w,west-bloomfield-michigan
https://www.ubereats.com/detroit/food-delivery/sarokis-pizzeria-walled-lake/ETmta16jQG27IkHhyLtGtA,west-bloomfield-michigan
https://www.ubereats.com/detroit/food-delivery/krispy-krunchy-chicken-45054-woodward-ave/HZFmv8PTTlqe5MCpRRsMAQ,west-bloomfield-michigan
https://www.ubereats.com/detroit/food-delivery/wing-snob-southfield/xv3t6wU9QnmNn82YMn9iAw,west-bloomfield-michigan
https://www.ubereats.com/detroit/food-delivery/mcdonalds-31325-orchard-lake-rd/ph87tVF_S4u5dHjsdIdlaw,west-bloomfield-michigan
https://www.ubereats.com/detroit/food-delivery/red-robin-375-43250-crescent-blvd/RaQMgLPCR4u3tZD3SArIuw,west-bloomfield-michigan
https://www.ubereats.com/detroit/food-delivery/zoup!-42983-woodward-ave/7pWHPLL7RrK3fWMwIOM3oA,west-bloomfield-michigan
https://www.ubereats.com/detroit/food-delivery/the-ice-cream-shop/e8eHqAoCRFyGiAkdstQGCQ,west-bloomfield-michigan
https://www.ubereats.com/detroit/food-delivery/als-fresh-fish-%26-chicken-baldwin/-IsUE6lNTbCMzggrrff2FQ,west-bloomfield-michigan
https://www.ubereats.com/detroit/food-delivery/burger-king-26211-west-12-mile-road/ufVS0qAOTC-8W_AWKJcPOQ,west-bloomfield-michigan
https://www.ubereats.com/detroit/food-delivery/wendys-3170-elizabeth-lake/M2Saf_r6TqavO6z329ECFA,west-bloomfield-michigan
https://www.ubereats.com/detroit/food-delivery/happys-pizza-24/wqULXhykSquE6jNXgn3seg,west-bloomfield-michigan
https://www.ubereats.com/detroit/food-delivery/epic-pizza/x4s1pT7MQoiMFUNiX00GtA,west-bloomfield-michigan
https://www.ubereats.com/detroit/food-delivery/sarokis-pizzeria-wixom-rd/txxMOdDlQW6ANZxufH34Vw,west-bloomfield-michigan
https://www.ubereats.com/detroit/food-delivery/outback-steakhouse-48020-grand-river-avenue/qftDunxzTGSCHGyfudfk7g,west-bloomfield-michigan
https://www.ubereats.com/detroit/food-delivery/aahar-indian-cuisine/VKsjDMZmR3uMfVQFVOCpXQ,west-bloomfield-michigan
https://www.ubereats.com/detroit/food-delivery/the-ice-cream-shop/DsN0H67QTx-4qBWVuenT6A,west-bloomfield-michigan
https://www.ubereats.com/detroit/food-delivery/prime-29/l3eQDQToTACMupL0VdqAJw,west-bloomfield-michigan
https://www.ubereats.com/detroit/food-delivery/lellis-inn/BI39aIzqRe-LkTf6o_rkcA,west-bloomfield-michigan
https://www.ubereats.com/detroit/food-delivery/leos-coney-island/owXM1RLHRTK87eurjJe9dg,west-bloomfield-michigan
https://www.ubereats.com/detroit/food-delivery/leos-coney-island-haggerty-rd/PklANCL0RbyWavOitV0L-g,west-bloomfield-michigan
https://www.ubereats.com/detroit/food-delivery/jinji/a2O-rWMGSzSb75y3C6gChw,west-bloomfield-michigan
https://www.ubereats.com/detroit/food-delivery/taco-bell-2210-orchard-lake-rd/1T4pzkf0TlShex1t45Uhdg,west-bloomfield-michigan
https://www.ubereats.com/detroit/food-delivery/rangoli-indian-cuisine/JdgSx_DxTCaRFAwujxIJ2g,west-bloomfield-michigan
https://www.ubereats.com/detroit/food-delivery/sweet-dreams-orchard-lake/XAtvL-vVTdGrfwX1nJdhdA,west-bloomfield-michigan
https://www.ubereats.com/detroit/food-delivery/buffalo-wild-wings-31205-orchard-lake-rd/6LZ1NdNrQoKIdXji4E3dIw,west-bloomfield-michigan
https://www.ubereats.com/detroit/food-delivery/the-captains-table/TBzahJdIRzWmkPRZdQg5ug,west-bloomfield-michigan
https://www.ubereats.com/detroit/food-delivery/new-yotsuba-japanese-restaurant/yftqBUaIT-mAZHqT9vOEFw,west-bloomfield-michigan
https://www.ubereats.com/detroit/food-delivery/chipotle-mexican-grill-4921-s-baldwin-rd/kXWVI_jcRS22Us2VRNWrzw,west-bloomfield-michigan
https://www.ubereats.com/detroit/food-delivery/anaams-palate/LvdSBp5KRyy-yR5gSc8Usg,west-bloomfield-michigan
https://www.ubereats.com/detroit/food-delivery/jersey-mikes-subs-33220-west-12-mile-road/fcqTT0cHSj2HtTtuUa4JCg,west-bloomfield-michigan
https://www.ubereats.com/detroit/food-delivery/arbys-27900-orchard-lake-rd/crIhoVKeR0mY6hiOyM3ujQ,west-bloomfield-michigan
https://www.ubereats.com/detroit/food-delivery/dae-jang-keum/FAsHhxu_QIWN63A-466_NA,west-bloomfield-michigan
https://www.ubereats.com/detroit/food-delivery/cold-stone-creamery-33175-grand-river-ave/UyqB_GNoTuK5IusW9x-1Hg,west-bloomfield-michigan
https://www.ubereats.com/detroit/food-delivery/chinatown/UP2isVnjSN2gKhPEGzNROA,west-bloomfield-michigan
https://www.ubereats.com/detroit/food-delivery/wendys-30725-12-mile-road/mRJmdG7rTGOXt9jEc_CP1g,west-bloomfield-michigan
https://www.ubereats.com/detroit/food-delivery/firehouse-subs-5832-highland-rd/PO0B3fhcSZSXeJ9CYszmuw,west-bloomfield-michigan
https://www.ubereats.com/detroit/food-delivery/arbys-2614-union-lake-rd/CmkpuuzhR9y1AD4m9Fbdkw,west-bloomfield-michigan
https://www.ubereats.com/detroit/food-delivery/fourth-dimension-coffee-company/DRaxiYdXTz2T4_8U1ZT0Pw,west-bloomfield-michigan
https://www.ubereats.com/detroit/food-delivery/shish-palace-auburn-hills/2GnxBsOJTticKAxcd-RcbQ,west-bloomfield-michigan
https://www.ubereats.com/detroit/food-delivery/wasabi-japanese-sushi-%26-steakhouse/njVM6PE6Qii1EOV1yQ0gow,west-bloomfield-michigan
https://www.ubereats.com/detroit/food-delivery/la-fonda-mexican-kitchen/OgsIco11STWPB16_Rvfhzg,west-bloomfield-michigan
https://www.ubereats.com/detroit/food-delivery/jersey-mikes-subs-26425-novi-road/jpOeuyV7TMWw6hYezK-mHw,west-bloomfield-michigan
https://www.ubereats.com/detroit/food-delivery/bds-mongolian-grill-novi/2wOAeQMYTyOe9i7gZmCmCQ,west-bloomfield-michigan
https://www.ubereats.com/detroit/food-delivery/olgas-kitchen-2580-n-squirrel-rd/291RkN_RSVW3S5zQERFoMA,west-bloomfield-michigan
https://www.ubereats.com/detroit/food-delivery/j-bird-smoked-meats/XAu7R05RT3S19CEacdo5PA,west-bloomfield-michigan
https://www.ubereats.com/detroit/food-delivery/arbys-1350-e-walton-blvd/meH2lhteTX2Dj51JLQhurw,west-bloomfield-michigan
https://www.ubereats.com/detroit/food-delivery/happys-pizza-savvy-sliders/0UzSNA4aSzW2LTG3XPCcqg,west-bloomfield-michigan
https://www.ubereats.com/detroit/food-delivery/alfoccino-restaurant-auburn-hills/atM8LUmZReC2td94_11q6w,west-bloomfield-michigan
https://www.ubereats.com/detroit/food-delivery/la-marsa-middlebelt-rd/dOAriTgCR1K3-zv5M9c4fQ,west-bloomfield-michigan
https://www.ubereats.com/detroit/food-delivery/mr-kabob-xpress/Zq9GAYgOTjuUJUc7abKriw,west-bloomfield-michigan
https://www.ubereats.com/detroit/food-delivery/kurrys/wUsopXZPRoaS1G2czs3HXw,west-bloomfield-michigan
https://www.ubereats.com/detroit/food-delivery/qdoba-mexican-grill-26401-novi-rd/ONoqkl_3Tx6FFan_WMN6yQ,west-bloomfield-michigan
https://www.ubereats.com/detroit/food-delivery/potbelly-sandwich-shop-farmington-hills-%7C-145/GeBX7VpdSxy_XHvJHiPkFg,west-bloomfield-michigan
https://www.ubereats.com/detroit/food-delivery/kerbys-koney-island-woodward/BdGN6xDwTbO24Wu0CaPy3g,west-bloomfield-michigan
https://www.ubereats.com/detroit/food-delivery/bar-louie-novi/JlIhsAh-R4-sDWVEpkdxrA,west-bloomfield-michigan
https://www.ubereats.com/detroit/food-delivery/kfc-4790-dixie-hwy/1SU-m3zCT52DsEQOi3ZrEg,west-bloomfield-michigan
https://www.ubereats.com/detroit/food-delivery/arbys-4825-dixie-hwy/QiCdfDMyQnK9pfIe0NnucA,west-bloomfield-michigan
https://www.ubereats.com/detroit/food-delivery/naked-fuel-west-bloomfield/vYCB6wfeRkW5dOGTP0DS_g,west-bloomfield-michigan
https://www.ubereats.com/detroit/food-delivery/qdoba-mexican-grill-31367-orchard-lakes-rd/2jnFvEr2Qze5QE_lwJJYsw,west-bloomfield-michigan
https://www.ubereats.com/detroit/food-delivery/checkers-4349-highland-rd/vWlcTkBVTWaFEreGKVbdSA,west-bloomfield-michigan
https://www.ubereats.com/detroit/food-delivery/red-lobster-27760-novi-road/H9fxI3ZjR3qDNrMa1_TUKw,west-bloomfield-michigan
https://www.ubereats.com/detroit/food-delivery/beyond-juicery-%2B-eatery-clarkston/0UVdcDXjRdaMfmP74EwBDg,west-bloomfield-michigan
https://www.ubereats.com/detroit/food-delivery/dunkin-43119-woodward-ave/5NSwkGrmTTaHTJklkLVNdQ,west-bloomfield-michigan
https://www.ubereats.com/detroit/food-delivery/fork-n-pint/ZxyI5copRSG_Wq0zXkL-7g,west-bloomfield-michigan
https://www.ubereats.com/detroit/food-delivery/tim-hortons-8198-cooley-lake-road/tfaV63b-QY-wSZC33p7WmA,west-bloomfield-michigan
https://www.ubereats.com/detroit/food-delivery/sanka-tei/o0j5en-6RZ6h0KH_uIolMQ,west-bloomfield-michigan
https://www.ubereats.com/detroit/food-delivery/noodles-%26-company-30130-telegraph-rd/_z1vYrTvTHuAxf0smCmGHA,west-bloomfield-michigan
https://www.ubereats.com/detroit/food-delivery/teriyaki-madness-28880-wixom-rd/923av8wTSjeuaGZq1ldyaA,west-bloomfield-michigan
https://www.ubereats.com/detroit/food-delivery/on-the-border-3930-baldwin-road/qW1zojITQAOvubhfM-fx0Q,west-bloomfield-michigan
https://www.ubereats.com/detroit/food-delivery/cottage-inn-pizza-39550-w-14-mile-rd/GPgtcfmCQXOyObmNsQltbQ,west-bloomfield-michigan
https://www.ubereats.com/detroit/food-delivery/apple-grill/AFGop-bcSSaRoKLxiP7QGw,west-bloomfield-michigan
https://www.ubereats.com/detroit/food-delivery/myomee-coffee-%26-dessert-cafe/9OUxNzGhS3aZiquShYI2VA,west-bloomfield-michigan
https://www.ubereats.com/detroit/food-delivery/north-bar-and-grill/OyrMAiHISGqEDjJyDTXplQ,west-bloomfield-michigan
https://www.ubereats.com/detroit/food-delivery/beaus-grillery/1R_vZ6fgTxqNlUTgWSNQsw,west-bloomfield-michigan
https://www.ubereats.com/detroit/food-delivery/bar-louie-auburn-hills/l1_ym002Spub5a3I5fK3rw,west-bloomfield-michigan
https://www.ubereats.com/detroit/food-delivery/kabuki-farmington-hills/3nOtZT63Tb6FQMKTu9wzLg,west-bloomfield-michigan
https://www.ubereats.com/detroit/food-delivery/jersey-mikes-subs-6480-orchard-lake-road/RaOMBzmRRSyoQY-uW_bEIg,west-bloomfield-michigan
https://www.ubereats.com/detroit/food-delivery/mojito-rio-grande/ysw3NIhLSn-9b8Nq-BNBhQ,west-bloomfield-michigan
https://www.ubereats.com/detroit/food-delivery/beerhead-bar-%26-eatery/p4IycZYNRYKF1JOMZcKYkQ,west-bloomfield-michigan
https://www.ubereats.com/detroit/food-delivery/kfc-7750-cooley-lake-road/0RNY22MLRM6EyxQkgV69Cw,west-bloomfield-michigan
https://www.ubereats.com/detroit/food-delivery/dairy-queen-treat-33326-12-mile-rd/T03W9lYRRnO6Q2XI75XrvQ,west-bloomfield-michigan
https://www.ubereats.com/detroit/food-delivery/georges-restaurant/9Zy-0W_DSVy484iQkAG-Jw,west-bloomfield-michigan
https://www.ubereats.com/detroit/food-delivery/8303-bonefish-grill-43304-w-11-mile-rd/Nr7RKRTlRXSDfTiSxuw-3w,west-bloomfield-michigan
https://www.ubereats.com/detroit/food-delivery/checkers-780-n-perry-st/4j6T9zQZQP6cFwyWmKTW-w,west-bloomfield-michigan
https://www.ubereats.com/detroit/food-delivery/freshii-orchard-lake/ff1JwqC3R2qtx8gCuH6zag,west-bloomfield-michigan
https://www.ubereats.com/detroit/food-delivery/soul-cafe/-CEZg5GEQHa7GV_d5MZPLQ,west-bloomfield-michigan
https://www.ubereats.com/detroit/food-delivery/china-town-express/ycfk-iwOS3aUE3PzfwHWBg,west-bloomfield-michigan
https://www.ubereats.com/detroit/food-delivery/dunkin-10580-highland-rd/bNAjI3ahTCaCyM88OxY5lg,west-bloomfield-michigan
https://www.ubereats.com/detroit/food-delivery/qdoba-mexican-grill-3945-baldwin-rd/coueKXoMQROv2LgVEA_ntQ,west-bloomfield-michigan
https://www.ubereats.com/detroit/food-delivery/safari-playground/1KDg2sCkRuS9yX3-dbYhIA,west-bloomfield-michigan
https://www.ubereats.com/detroit/food-delivery/tim-hortons-6495-telegraph-road/txV6aTGYSxKygipgoUYo0w,west-bloomfield-michigan
https://www.ubereats.com/detroit/food-delivery/dunkin-2907-orchard-lake-rd/qq591DyoR-OsBN-gekLpgQ,west-bloomfield-michigan
https://www.ubereats.com/detroit/food-delivery/new-yotsuba-japanese-restaurant/3h6Vm37USvaMGGMuq6Z6dw,west-bloomfield-michigan
https://www.ubereats.com/detroit/food-delivery/tim-hortons-2201-haggerty-hwy/qJE3VOKkR6uWeajCc07Hng,west-bloomfield-michigan
https://www.ubereats.com/detroit/food-delivery/beyond-juicery-%2B-eatery-wbloomfield/Xt4gYkwSR0WLp2rtZZ9zpA,west-bloomfield-michigan
https://www.ubereats.com/detroit/food-delivery/ihop-2187-s-telegraph-road/BaEgjYjSQc6hfKqWD9ZHVA,west-bloomfield-michigan
https://www.ubereats.com/detroit/food-delivery/tai-fai-waterford/PLhOswS9R5CYH0lNYxyQpg,west-bloomfield-michigan
https://www.ubereats.com/detroit/food-delivery/billys-coney-island/PQsKoRXbRY6MIzNT1nyNVQ,west-bloomfield-michigan
https://www.ubereats.com/detroit/food-delivery/star-delicatessen/IUthgOsETkmJt46HlhwNdA,west-bloomfield-michigan
https://www.ubereats.com/detroit/food-delivery/alberts-coney-grill/V3K9OrMhQCiN_Kn65XoNPw,west-bloomfield-michigan
https://www.ubereats.com/detroit/food-delivery/wendys-40320-w-14-mile-rd/lYvIc5oEQ1KesWw7jfhlvA,west-bloomfield-michigan
https://www.ubereats.com/detroit/food-delivery/better-health-cafe/HkU_WI8TS5O9Zv3mQ8LMAA,west-bloomfield-michigan
https://www.ubereats.com/detroit/food-delivery/wings-etc-wixom/P_8pL4ATRcWk065DNcnM6g,west-bloomfield-michigan
https://www.ubereats.com/detroit/food-delivery/souper-bowl/nFDVDTogQsKEpsY1e_PTTQ,west-bloomfield-michigan
https://www.ubereats.com/detroit/food-delivery/famous-daves-43350-crescent-boulevard/kT9Vi4u2SDmfQqGjkVzO5w,west-bloomfield-michigan
https://www.ubereats.com/detroit/food-delivery/tropical-smoothie-cafe-dixie-highway/a-2dsQqOSvOJ5RgOLxvsgg,west-bloomfield-michigan
https://www.ubereats.com/detroit/food-delivery/motor-city-chophouse-gourmet-food/NzPimqeeRcmqV-1w-1nQOw,west-bloomfield-michigan
https://www.ubereats.com/detroit/food-delivery/burgerim-30758-telegraph-road/quJRtXBPReeRs03kOxj8ow,west-bloomfield-michigan
https://www.ubereats.com/detroit/food-delivery/la-marsa-woodward-avenue/TWy8S702TBe04tbPuJfZfA,west-bloomfield-michigan
https://www.ubereats.com/detroit/food-delivery/panda-express-26150-novi-rdsuite-400/Xz6U_sSySFSltsW2R1tPnQ,west-bloomfield-michigan
https://www.ubereats.com/detroit/food-delivery/moonlight-mediterranean-cuisine/5UtP6GlzTgyMNnpS6sQgpA,west-bloomfield-michigan
https://www.ubereats.com/detroit/food-delivery/mandaloun-bistro/I0DJ0e2PS16xO8I5vNF_gA,west-bloomfield-michigan
https://www.ubereats.com/detroit/food-delivery/billy-sims-bbq-telegraph-%26-10-mile/kvfbVB9lTI2gJqGRsmSd8w,west-bloomfield-michigan
https://www.ubereats.com/detroit/food-delivery/qdoba-mexican-grill-42967-woodward-ave/jpM1FcVnRYGaCs-1wdhnRw,west-bloomfield-michigan
https://www.ubereats.com/detroit/food-delivery/steak-n-shake-3892-baldwin-road/txoPS-w9QIOTMnGrfwoXmQ,west-bloomfield-michigan
https://www.ubereats.com/detroit/food-delivery/jersey-bagel-west-bloomfield/STBBg4e9QlGzVmQl0qzjmA,west-bloomfield-michigan
https://www.ubereats.com/detroit/food-delivery/dunkin-31080-orchard-lake-rd/wgUy9_LQS-u4NYUW6grr-w,west-bloomfield-michigan
https://www.ubereats.com/detroit/food-delivery/buffalo-wild-wings-44375-twelve-mile-rd/N9SbO-LvT1akrW9jsyyitQ,west-bloomfield-michigan
https://www.ubereats.com/detroit/food-delivery/jets-pizza/j6tWH6DBRiWRdBk6D_nAyQ,west-bloomfield-michigan
https://www.ubereats.com/detroit/food-delivery/taco-bell-29925-orchard-lake-road/LAb-Hv5ZTHizhc1PQnFLiA,west-bloomfield-michigan
https://www.ubereats.com/detroit/food-delivery/orchard-food-%26-grocery/auErggz9TzCByxG4l0Qj3g,west-bloomfield-michigan
https://www.ubereats.com/detroit/food-delivery/sweet-magnolias/MZ_3YQsJRJuBN80qUDCFlA,west-bloomfield-michigan
https://www.ubereats.com/detroit/food-delivery/loya-organic/CO0ib7GaSFeNEKeavxmURg,west-bloomfield-michigan
https://www.ubereats.com/detroit/food-delivery/duplicate-china-town-express/sBT8pWu3RHasGVR3OinZ7A,west-bloomfield-michigan
https://www.ubereats.com/detroit/food-delivery/pho-chopstix-southfield/lyVrYth7QfOH8JOHcnbSgA,west-bloomfield-michigan
https://www.ubereats.com/detroit/food-delivery/red-robin-494-3003-commerce-crossing/VwniWHB3SqamI3v9ze68tg,west-bloomfield-michigan
https://www.ubereats.com/detroit/food-delivery/big-dip-burgers/6LM5UXsmTxa4vNu7SawkLQ,west-bloomfield-michigan
https://www.ubereats.com/detroit/food-delivery/jersey-mikes-subs-2510-s-telegraph-rd/v2kQZuSURRiOq8JO0kZx-A,west-bloomfield-michigan
https://www.ubereats.com/detroit/food-delivery/applebees-455-haggerty-hwy/_67wagkITL-mIjBiqydq7A,west-bloomfield-michigan
https://www.ubereats.com/detroit/food-delivery/annas-house-northwestern-%26-clairview/nOZkJxxhR5yG-B1GCGwPjA,west-bloomfield-michigan
https://www.ubereats.com/detroit/food-delivery/aroma-indian-cuisine/sgc6DeWtQ8a3vHA63emXtg,west-bloomfield-michigan
https://www.ubereats.com/detroit/food-delivery/village-place-family-restaurant/T68ti3ZIQqaRzSFS0TTC7Q,west-bloomfield-michigan
https://www.ubereats.com/detroit/food-delivery/damas/5KRyXWfmSU2XED84kPr_Ug,west-bloomfield-michigan
https://www.ubereats.com/detroit/food-delivery/china-express/aR9AloS5R-yzR4Sv5BktvA,west-bloomfield-michigan
https://www.ubereats.com/detroit/food-delivery/flavors-of-jamaica/z7c0i65oSjGmXQldwuZGRQ,west-bloomfield-michigan
https://www.ubereats.com/detroit/food-delivery/cold-stone-creamery-42761-woodward-ave/vr5n_BNLSP-sQiL12AeIhw,west-bloomfield-michigan
https://www.ubereats.com/detroit/food-delivery/noodles-%26-company-26425-novi-road-suite-a/5lpdKlV9S8elFIjLgLs9DQ,west-bloomfield-michigan
https://www.ubereats.com/detroit/food-delivery/chipotle-mexican-grill-28644-telegraph-rd-spc-c-9/6azw931hQ-eWIBQlU6HXgg,west-bloomfield-michigan
https://www.ubereats.com/detroit/food-delivery/chicken-shack-bloomfield/xrPTw32-TTKh6eEqA8mvhA,west-bloomfield-michigan
https://www.ubereats.com/detroit/food-delivery/india-flavors/M1ZjapAoSSmf3eXtzZVoLg,west-bloomfield-michigan
https://www.ubereats.com/detroit/food-delivery/shawarma-grill/WMJ5eoxKQpeetXsR5mjmZg,west-bloomfield-michigan
https://www.ubereats.com/detroit/food-delivery/yummy-cupcakes-bloomfield/JtY4kiQjT6-VbA3mZSvLhQ,west-bloomfield-michigan
https://www.ubereats.com/detroit/food-delivery/nicks-corner/qELT_RHWSZeri3OstBXu0Q,west-bloomfield-michigan
https://www.ubereats.com/detroit/food-delivery/applebees-9100-highland-road/Nnv3IZ4kQ-iL9E8E2Eh1pA,west-bloomfield-michigan
https://www.ubereats.com/detroit/food-delivery/olgas-kitchen-6655-orchard-lake-rd/pvFeAdcvSgO7HuZgB5ymIw,west-bloomfield-michigan
https://www.ubereats.com/detroit/food-delivery/dairy-queen-treat-2886-orchard-lake-rd/RGBRTKtwSpap8-otCJCByg,west-bloomfield-michigan
https://www.ubereats.com/detroit/food-delivery/emagine-entertainment-novi/QNjiSwKPQG-_1jKAf8nP-A,west-bloomfield-michigan
https://www.ubereats.com/detroit/food-delivery/sweet-soul-kitchen/suXgPydeRyOOYfPI6WlSpw,west-bloomfield-michigan
https://www.ubereats.com/detroit/food-delivery/tropical-smoothie-cafe-4863-carroll-lake-road/yYlTc1omStqma1rORzCLjw,west-bloomfield-michigan
https://www.ubereats.com/detroit/food-delivery/genji-japanese-steakhouse/ybQNSwCMQr2QlUE3SpQWuw,west-bloomfield-michigan
https://www.ubereats.com/detroit/food-delivery/cafe-kabob-mediterranean-grille-southfield-mich/xWLcq0gSSgm-z_FmoD0DsQ,west-bloomfield-michigan
https://www.ubereats.com/detroit/food-delivery/samurai-steakhouse/IObVI0U_TDGEPkfxADRzPQ,west-bloomfield-michigan
https://www.ubereats.com/detroit/food-delivery/tropical-smoothie-cafe-white-lake/8C1gmou6SzmZ_rX3KPTJ9A,west-bloomfield-michigan
https://www.ubereats.com/detroit/food-delivery/pars-restaurant/O8n9x2j9Q6yaSgvuL30Blg,west-bloomfield-michigan
https://www.ubereats.com/detroit/food-delivery/tropical-smoothie-cafe-bloomfield-hills/KJjKGKaBTXaZyLQpyBSZPA,west-bloomfield-michigan
https://www.ubereats.com/detroit/food-delivery/burger-21-novi/SkxxHRVAT8yM6XmDoUuTeA,west-bloomfield-michigan
https://www.ubereats.com/detroit/food-delivery/gift-of-india/iJthci53SYOkJCfpL28Vqg,west-bloomfield-michigan
https://www.ubereats.com/detroit/food-delivery/burger-king-27831-orchard-lake-rd/2U8nOUOETnmR8K5fYYsguQ,west-bloomfield-michigan
https://www.ubereats.com/detroit/food-delivery/alexandria-mediterranean-restaurant/Nl3GTiE0SRSZvvLaQ6WyJQ,west-bloomfield-michigan
https://www.ubereats.com/detroit/food-delivery/jets-pizza-100/Ha-RjGv-RQyMGjmls4L5Sw,west-bloomfield-michigan
