url,city
https://www.ubereats.com/pittsburgh/food-delivery/jolinas-2/i5S7i1qDSruoU5qJcaT2gA,west-mifflin-pennsylvania
https://www.ubereats.com/pittsburgh/food-delivery/kings-family-restaurant-monroeville/ksX4hkG5RL2-KUbFQy6pIw,west-mifflin-pennsylvania
https://www.ubereats.com/pittsburgh/food-delivery/cafe-412/WFyy97iWSHmdou_k3xNhdg,west-mifflin-pennsylvania
https://www.ubereats.com/pittsburgh/food-delivery/red-lobster-3941-william-penn-highway/XuLBwOVyTLKH90WT7Lng_Q,west-mifflin-pennsylvania
https://www.ubereats.com/pittsburgh/food-delivery/pf-changs-148-w-bridge-st/8z-WsmLrSNiLB3Q6zoamWw,west-mifflin-pennsylvania
https://www.ubereats.com/pittsburgh/food-delivery/big-shot-bobs-house-of-wings-white-oak/1yzKa7vHTbC9O2JALzckXw,west-mifflin-pennsylvania
https://www.ubereats.com/pittsburgh/food-delivery/arbys-9242-route-30/4mX7TEnoRCi6qyiiJGabXw,west-mifflin-pennsylvania
https://www.ubereats.com/pittsburgh/food-delivery/pizza-pronto/3PATyEXATCGEijknR7zYwg,west-mifflin-pennsylvania
https://www.ubereats.com/pittsburgh/food-delivery/penn-fish-and-chicken/njbiuObKQ0y-kQH11lddyg,west-mifflin-pennsylvania
https://www.ubereats.com/pittsburgh/food-delivery/mas-honey/B9U51RE9SuCvp300qtPQqQ,west-mifflin-pennsylvania
https://www.ubereats.com/pittsburgh/food-delivery/primanti-brothers-waterfront-e-bridge-st/T2RkSfQTSDKJsxe8T5qmsw,west-mifflin-pennsylvania
https://www.ubereats.com/pittsburgh/food-delivery/hook-fish-%26-chicken-5th-ave/_9NBOVi8SmazvUk-slHXOA,west-mifflin-pennsylvania
https://www.ubereats.com/pittsburgh/food-delivery/cheesecake-caffe/m78lk9ufRoSH-dHjlAWtlg,west-mifflin-pennsylvania
https://www.ubereats.com/pittsburgh/food-delivery/pizza-care/SNBiIMLDS-KwyJCqMpan_A,west-mifflin-pennsylvania
https://www.ubereats.com/pittsburgh/food-delivery/the-coal-mine/3a96G8nQQPSzTnCgIhzzZg,west-mifflin-pennsylvania
https://www.ubereats.com/pittsburgh/food-delivery/red-lobster-259-clairton-blvd/sRqipVBdR96NTf7biylLaA,west-mifflin-pennsylvania
https://www.ubereats.com/pittsburgh/food-delivery/donut-connection/1V4vDBqBTpGzklgjiwChag,west-mifflin-pennsylvania
https://www.ubereats.com/pittsburgh/food-delivery/chipotle-mexican-grill-1720-washington-rd/yKvi3YhhR3eF3Nsd4wdUyQ,west-mifflin-pennsylvania
https://www.ubereats.com/pittsburgh/food-delivery/dunkin-2065-ardmore-blvd/cUUJaahcRS6NZl3RyEIdUw,west-mifflin-pennsylvania
https://www.ubereats.com/pittsburgh/food-delivery/vocelli-pizza-1687-washington-road/q1ZKmnGTSWm2QrYhkoPOEQ,west-mifflin-pennsylvania
https://www.ubereats.com/pittsburgh/food-delivery/sugar-and-spice/iC7_9qTRT4ubKEsc9hdahQ,west-mifflin-pennsylvania
https://www.ubereats.com/pittsburgh/food-delivery/pizza-412/S-aZaEw-QHmn2Xl3MBwnSw,west-mifflin-pennsylvania
https://www.ubereats.com/pittsburgh/food-delivery/pittzarella/VInC9_JfRTSp7DdA-O_E5Q,west-mifflin-pennsylvania
https://www.ubereats.com/pittsburgh/food-delivery/wendys-60-town-square-way/a8RicB0RRA2iIUhESWwR1A,west-mifflin-pennsylvania
https://www.ubereats.com/pittsburgh/food-delivery/riviera-pizza-%26-pasta/b8DjgP7hR4OvGl5UjT3htA,west-mifflin-pennsylvania
https://www.ubereats.com/pittsburgh/food-delivery/foxs-pizza-den-902-brookline-blvd/Wmo2GmymRJqer5eQMfaC1Q,west-mifflin-pennsylvania
https://www.ubereats.com/pittsburgh/food-delivery/chipotle-mexican-grill-4137-william-penn-hwy/sT8okTsCSdyw4XM3nMA2OA,west-mifflin-pennsylvania
https://www.ubereats.com/pittsburgh/food-delivery/vocelli-pizza-2011-waverly-avenue/yRYZTDefSO-IHagdqJn0SQ,west-mifflin-pennsylvania
https://www.ubereats.com/pittsburgh/food-delivery/ramen-bar-pittsburgh/QVWT1HkJRJO5bDuOzA3HQw,west-mifflin-pennsylvania
https://www.ubereats.com/pittsburgh/food-delivery/dunkin-3200-saw-mill-run-blvd/fbAFyLrTTtmAqUsxqfxhtQ,west-mifflin-pennsylvania
https://www.ubereats.com/pittsburgh/food-delivery/nrgize-lifestyle-cafe/LxOMhxGeQKeEPLDsTwXOeQ,west-mifflin-pennsylvania
https://www.ubereats.com/pittsburgh/food-delivery/taco-bell-301-hoffman-blvd/z8T_g0ePRdCb6ipsPF0a2w,west-mifflin-pennsylvania
https://www.ubereats.com/pittsburgh/food-delivery/arbys-5205-library-rd/-G0u7re9QQ6wFZn8b5QW3Q,west-mifflin-pennsylvania
https://www.ubereats.com/pittsburgh/food-delivery/sakura-teppanyaki-%26-sushi-fine-cuisine/PEtGKO98RZaX0gcjoX-N9w,west-mifflin-pennsylvania
https://www.ubereats.com/pittsburgh/food-delivery/tgi-fridays-1817-pittsburgh-bethel-park-pa/vDvyHcNNQviRzKgqAnAscA,west-mifflin-pennsylvania
https://www.ubereats.com/pittsburgh/food-delivery/wangs-kitchen/btjmKarVQBqk_yuPvW-4Yg,west-mifflin-pennsylvania
https://www.ubereats.com/pittsburgh/food-delivery/walids-fish-and-chicken/pgUSsDGwQNGG24xhJOKupA,west-mifflin-pennsylvania
https://www.ubereats.com/pittsburgh/food-delivery/el-campesino-homestead/QPmfptgDS52PxUw4IASXCQ,west-mifflin-pennsylvania
https://www.ubereats.com/pittsburgh/food-delivery/coffee-tree-roasters-mtl/Sij-kiEiQiiBh9nhm9FRfg,west-mifflin-pennsylvania
https://www.ubereats.com/pittsburgh/food-delivery/shogun-japanese-steakhouse/krzMixaaRlygFK6rES0Wzg,west-mifflin-pennsylvania
https://www.ubereats.com/pittsburgh/food-delivery/frankie-bunz/p_DhJH3_TI-q_tEti7umRA,west-mifflin-pennsylvania
https://www.ubereats.com/pittsburgh/food-delivery/hook-fish-%26-chicken-north-versailles/8sZU-txlSr2N9rcaK88cvQ,west-mifflin-pennsylvania
https://www.ubereats.com/pittsburgh/food-delivery/fujiya-ramen/f-fBxxElRiOIRVaKrhuqow,west-mifflin-pennsylvania
https://www.ubereats.com/pittsburgh/food-delivery/steel-valley-coffee-roasters/E_8ipQ9-SYK5wptQB3Kvrg,west-mifflin-pennsylvania
https://www.ubereats.com/pittsburgh/food-delivery/foxs-pizza-den-6-bailey-ave/bDMUMTNzQWeUVafhJMBN1Q,west-mifflin-pennsylvania
https://www.ubereats.com/pittsburgh/food-delivery/jolinas-mediterranean-cuisine/Swp0WGbCShO22eTzvXaJ8A,west-mifflin-pennsylvania
https://www.ubereats.com/pittsburgh/food-delivery/insomnia-marisqueria/9e77uH-yTgG3oT8xordqlA,west-mifflin-pennsylvania
https://www.ubereats.com/pittsburgh/food-delivery/kfc-3770-william-penn-hwy/GP88VyDESeSqlfvMAQco_A,west-mifflin-pennsylvania
https://www.ubereats.com/pittsburgh/food-delivery/crafthouse-stage-%26-grill/7C_sYYdkQ-61dFU9nTT7YA,west-mifflin-pennsylvania
https://www.ubereats.com/pittsburgh/food-delivery/taco-bell-2802-jacks-run-rd/vHMMrHBkSXK4DI8v21Ubbw,west-mifflin-pennsylvania
https://www.ubereats.com/pittsburgh/food-delivery/coriander-indian-grill/3qM-plWWQW6CB6mY_0Ff0Q,west-mifflin-pennsylvania
https://www.ubereats.com/pittsburgh/food-delivery/dairy-queen-grill-%26-chill-3986-william-penn-hwy/yAvIkVfwQJC3MlGkg9hPLw,west-mifflin-pennsylvania
https://www.ubereats.com/pittsburgh/food-delivery/panera-202307/Y6oIfezsQVGE0gbvBieD-A,west-mifflin-pennsylvania
https://www.ubereats.com/pittsburgh/food-delivery/yuva-india-kitchen-%2B-bar/bPVcpA9MRdqZEenS7Pcj6w,west-mifflin-pennsylvania
https://www.ubereats.com/pittsburgh/food-delivery/houlihans-mt-lebanon/z7AvhfG9TqGaWdRfgUxTKA,west-mifflin-pennsylvania
https://www.ubereats.com/pittsburgh/food-delivery/starbucks-clairton-blvd-pleasant-hills/2aXVgs0HTs6OipAOpSiLaA,west-mifflin-pennsylvania
https://www.ubereats.com/pittsburgh/food-delivery/sincerely-yogurt-1025-washington-pike/VeZjS5uQRCu4FMWgbKB0tw,west-mifflin-pennsylvania
https://www.ubereats.com/pittsburgh/food-delivery/subway-48-monongahela-ave/9ABgvqjmSF2bUInzEOye4Q,west-mifflin-pennsylvania
https://www.ubereats.com/pittsburgh/food-delivery/ruggers-pub/YDl7pgMPS760th8IRSnIOg,west-mifflin-pennsylvania
https://www.ubereats.com/pittsburgh/food-delivery/hanini-subs-franklin-ave/THz6needT92E6VIPEGOIBA,west-mifflin-pennsylvania
https://www.ubereats.com/pittsburgh/food-delivery/t-swirl-crepe-pittsburgh/FQjfDSu8TIqucGoEL9x-LA,west-mifflin-pennsylvania
https://www.ubereats.com/pittsburgh/food-delivery/kfc-640-longrun-road%3B-olympia-ctr/eHMDaTJbSyCd0LtfpfXW3w,west-mifflin-pennsylvania
https://www.ubereats.com/pittsburgh/food-delivery/vocelli-pizza-1786-golden-mile-highway/YjlGd1ViT5eeFqxeWUVz3A,west-mifflin-pennsylvania
https://www.ubereats.com/pittsburgh/food-delivery/big-guys-pizza/ipP0LEkuTc-JxTm2vWJP_w,west-mifflin-pennsylvania
https://www.ubereats.com/pittsburgh/food-delivery/8th-ave-cafe/GlPSMRYDT9aLeUX_bwB_zw,west-mifflin-pennsylvania
https://www.ubereats.com/pittsburgh/food-delivery/hook-fish-%26-chicken-penn-hills/8tEJoRNNSpiN8hqaHTJ3zA,west-mifflin-pennsylvania
https://www.ubereats.com/pittsburgh/food-delivery/atami-japan/newKucrVTR-rvv9R6PsnuA,west-mifflin-pennsylvania
https://www.ubereats.com/pittsburgh/food-delivery/murray-avenue-grill/NotzqZeOTdSzEKgLXpC7kA,west-mifflin-pennsylvania
https://www.ubereats.com/pittsburgh/food-delivery/mckeesport-fish-and-chicken/OotZPT-KRfukGr0i5U-vXA,west-mifflin-pennsylvania
https://www.ubereats.com/pittsburgh/food-delivery/arbys-450-clairton-blvd/WIc1TlDASBay-SQAJuIvfg,west-mifflin-pennsylvania
https://www.ubereats.com/pittsburgh/food-delivery/one-stop-health-and-wellness-cafe/J0bmdRsSQ7S47PI4Na4NeA,west-mifflin-pennsylvania
https://www.ubereats.com/pittsburgh/food-delivery/kfc-5130-clairton-blvd/joD9UDO1SNGOQzI2ZuPnBQ,west-mifflin-pennsylvania
https://www.ubereats.com/pittsburgh/food-delivery/wendys-1703-s-braddock-ave/wuEfBr5gTSyFzV8DpE72FQ,west-mifflin-pennsylvania
https://www.ubereats.com/pittsburgh/food-delivery/bjs-restaurant-%26-brewhouse-1819-washington-rd/0SmJcT8gQWe1tKftbn_LNQ,west-mifflin-pennsylvania
https://www.ubereats.com/pittsburgh/food-delivery/masala-house-indian-bistro/VsnwxEVpT_eruMtkP1swAw,west-mifflin-pennsylvania
https://www.ubereats.com/pittsburgh/food-delivery/bella-notte/NU7JQMcLQf-wJWkEeIRxxg,west-mifflin-pennsylvania
https://www.ubereats.com/pittsburgh/food-delivery/primanti-brothers-n-versailles/OZvtX65-TPmXK_eDc2LK4w,west-mifflin-pennsylvania
https://www.ubereats.com/pittsburgh/food-delivery/big-shot-bobs-house-of-wingsmckeesport/XXiJoP4nRk6BBxF7GMnDYA,west-mifflin-pennsylvania
https://www.ubereats.com/pittsburgh/food-delivery/fudge-farm-waterfront/amF8xhVSQl2-1LXwo4OqXw,west-mifflin-pennsylvania
https://www.ubereats.com/pittsburgh/food-delivery/subway-4142-clairton-blvd/bFAOzaLuSUqy_2febW9NWw,west-mifflin-pennsylvania
https://www.ubereats.com/pittsburgh/food-delivery/china-wok-brentwood/onf0t9bpQTSJe6ZapgG-KQ,west-mifflin-pennsylvania
https://www.ubereats.com/pittsburgh/food-delivery/the-library/kaN2l0CyQm2jlWpHMTpANg,west-mifflin-pennsylvania
https://www.ubereats.com/pittsburgh/food-delivery/vickeys-soul-grill-takeout/M3Qame4AQq6uFDOSMHqJ6A,west-mifflin-pennsylvania
https://www.ubereats.com/pittsburgh/food-delivery/dunkin-2150-brownsville-rd/tOfFAQLFRZCvE9phkTquLg,west-mifflin-pennsylvania
https://www.ubereats.com/pittsburgh/food-delivery/vocelli-pizza-4235-murray-ave/6G37JOwGTqaz2l48W035oA,west-mifflin-pennsylvania
https://www.ubereats.com/pittsburgh/food-delivery/kfc-1100-brownsville-rd/Cm2f-27IQ4qwxaQYG79ShA,west-mifflin-pennsylvania
https://www.ubereats.com/pittsburgh/food-delivery/big-shot-bobs-house-of-wings/ab4GnGEQQj-exgzQGXRjZw,west-mifflin-pennsylvania
https://www.ubereats.com/pittsburgh/food-delivery/panda-express-2070-lebanon-church-rd/_pZ8yAIHT2GuqPTY5bRu7g,west-mifflin-pennsylvania
https://www.ubereats.com/pittsburgh/food-delivery/royal-caribbean/nfs-2UrRRhGEg_P5KxCYoQ,west-mifflin-pennsylvania
https://www.ubereats.com/pittsburgh/food-delivery/rallys-11749-frankstown-road/ku_f_Bm1Qqukn1_3ZN1Y_Q,west-mifflin-pennsylvania
https://www.ubereats.com/pittsburgh/food-delivery/pizza-di-roma/vgfx_zCISsWAKoGhDTsYSQ,west-mifflin-pennsylvania
https://www.ubereats.com/pittsburgh/food-delivery/fat-angelos-pizzeria/tkCZFpvsRWGMjgiPkS61zg,west-mifflin-pennsylvania
https://www.ubereats.com/pittsburgh/food-delivery/primanti-brothers-monroeville/SAwdybDyQ1y9KX0mbWD7HQ,west-mifflin-pennsylvania
https://www.ubereats.com/pittsburgh/food-delivery/tonys-restaurant-breakfast-and-bbq/cfvVEYW6QzeOLjmHwgDx4w,west-mifflin-pennsylvania
https://www.ubereats.com/pittsburgh/food-delivery/bangkok-balcony/-d8LjweOSyWLZXDBsbjTGA,west-mifflin-pennsylvania
https://www.ubereats.com/pittsburgh/food-delivery/mad-noodles/XPX3vhBcQNK9VFbKd1HVfQ,west-mifflin-pennsylvania
https://www.ubereats.com/pittsburgh/food-delivery/taco-bell-2050-lebanon-church-rd/IDe8CxtRSUqeU8v3c1AjYw,west-mifflin-pennsylvania
https://www.ubereats.com/pittsburgh/food-delivery/the-colombian-spot/bN4DObQpQpmuIiRddI4DBQ,west-mifflin-pennsylvania
https://www.ubereats.com/pittsburgh/food-delivery/shady-grove/yPmij8YlR3-LfoywDwEqRA,west-mifflin-pennsylvania
https://www.ubereats.com/pittsburgh/food-delivery/maenam-thai/VeAfNpHjTR6-Q9JVDl372w,west-mifflin-pennsylvania
https://www.ubereats.com/pittsburgh/food-delivery/nobbys-pizzeria-373-vanadium-rd/_hXwSUQTRgmD_8X9ztCc2Q,west-mifflin-pennsylvania
https://www.ubereats.com/pittsburgh/food-delivery/hofbrauhaus-pittsburgh/dvh8u6eXTXKLD06XUsc4zw,west-mifflin-pennsylvania
https://www.ubereats.com/pittsburgh/food-delivery/buffalo-wild-wings-3469-william-penn-highway/S29e_t7lTlKr7pl-DlUK0w,west-mifflin-pennsylvania
https://www.ubereats.com/pittsburgh/food-delivery/ofela-african-restaurant/jCjE0rJgTBe26m-FUbS74Q,west-mifflin-pennsylvania
https://www.ubereats.com/pittsburgh/food-delivery/bob-evans-80-2210-lebanon-church-road/VhU0jKDhQWmfhzqGKe7ERQ,west-mifflin-pennsylvania
https://www.ubereats.com/pittsburgh/food-delivery/309-bonefish-grill-1835-washington-road/-cl-ytAbSS6Hx8R4x09yxA,west-mifflin-pennsylvania
https://www.ubereats.com/pittsburgh/food-delivery/new-york-super-subs/BVMX5uJaS2eTk_b43j_ofw,west-mifflin-pennsylvania
https://www.ubereats.com/pittsburgh/food-delivery/big-shot-bobs-carnegie/n3gbSAnwTR2-B0Zs26wlLw,west-mifflin-pennsylvania
https://www.ubereats.com/pittsburgh/food-delivery/the-original-gyro-3611-library-road/c1oT2uLCQZG3SwY8MLjWcw,west-mifflin-pennsylvania
https://www.ubereats.com/pittsburgh/food-delivery/sals-pizza/-bBB8C6uRmq4BAhdiWsGTg,west-mifflin-pennsylvania
https://www.ubereats.com/pittsburgh/food-delivery/pizza-romano-pittsburgh/GSTh_7WdT86-V3Kz8aSfCw,west-mifflin-pennsylvania
https://www.ubereats.com/pittsburgh/food-delivery/slice-on-broadway-centre-ave/Q-9Fy_rgRpyuPv72BHiAzw,west-mifflin-pennsylvania
https://www.ubereats.com/pittsburgh/food-delivery/primanti-bros-830-clairton-blvd/wny40HykS-CxQGMzHltsFQ,west-mifflin-pennsylvania
https://www.ubereats.com/pittsburgh/food-delivery/wendys-4524-browns-hill-rd/g1veXm0iQSaMdTWdlgSxGQ,west-mifflin-pennsylvania
https://www.ubereats.com/pittsburgh/food-delivery/la-palapa/wn3JLajsT8KpIwXxsNTO6w,west-mifflin-pennsylvania
https://www.ubereats.com/pittsburgh/food-delivery/panda-express-1028-freeport-rd/tWnjW2WySByacV7nDvq4FQ,west-mifflin-pennsylvania
https://www.ubereats.com/pittsburgh/food-delivery/zoup!-1137-freeport-rd/xzYKSoG5ToKYRcS7ldrl8Q,west-mifflin-pennsylvania
https://www.ubereats.com/pittsburgh/food-delivery/silk-elephant/D17LbyXuQjWUptVf1RfX5A,west-mifflin-pennsylvania
https://www.ubereats.com/pittsburgh/food-delivery/country-style-pizza/3Ho73O66Sb6Wi-w9FJwEMg,west-mifflin-pennsylvania
https://www.ubereats.com/pittsburgh/food-delivery/old-mexico/ixOE-z5bSuWoD2_-k77bgQ,west-mifflin-pennsylvania
https://www.ubereats.com/pittsburgh/food-delivery/first-watch-century-iii/o6N74Vs1QwWmHhrDxMCXlg,west-mifflin-pennsylvania
https://www.ubereats.com/pittsburgh/food-delivery/pizza-bellagio/Iji2aVLLQz2GRODtZoWDtQ,west-mifflin-pennsylvania
https://www.ubereats.com/pittsburgh/food-delivery/standard-market-%26-pint-house/qnMdzW3oRIi4Hle8l6Ln5w,west-mifflin-pennsylvania
https://www.ubereats.com/pittsburgh/food-delivery/uno-pizzeria-%26-grill-%23843/MkMLg43sSVKNq5Y3t8j7Sw,west-mifflin-pennsylvania
https://www.ubereats.com/pittsburgh/food-delivery/anthonys-coal-fired-pizza-monroeville/pB2CYTYKSsi7hqRn4LeW7A,west-mifflin-pennsylvania
https://www.ubereats.com/pittsburgh/food-delivery/kfc-278-yost-blvd/TGdOHQ9dTcCVWa9d25jx9A,west-mifflin-pennsylvania
https://www.ubereats.com/pittsburgh/food-delivery/the-pie-place/SEPT_g7PR16KgGAXC3Q8Fw,west-mifflin-pennsylvania
https://www.ubereats.com/pittsburgh/food-delivery/tgi-fridays-1101-pittsburgh-waterfront-pa/N8l2LBUcQsOBXdgTYwT-lw,west-mifflin-pennsylvania
https://www.ubereats.com/pittsburgh/food-delivery/arbys-2040-lebanon-church-rd/Co3l_xeFQOeybtLtR_8KUg,west-mifflin-pennsylvania
https://www.ubereats.com/pittsburgh/food-delivery/five-guys-pa-1343-8957-rt-30/dYwFPxqNT02yIEfTX1-puQ,west-mifflin-pennsylvania
https://www.ubereats.com/pittsburgh/food-delivery/sichuan-gourmet-murray-ave/EC4C8trfThyXzEKbDk5Ndg,west-mifflin-pennsylvania
https://www.ubereats.com/pittsburgh/food-delivery/sincerely-yogurt-2737-east-carson-street/YpsVivuGToemKwtX3fmOmQ,west-mifflin-pennsylvania
https://www.ubereats.com/pittsburgh/food-delivery/subway-410-lysle-blvd/ZC7Mu1F0SwK-ry5C1jN9qg,west-mifflin-pennsylvania
https://www.ubereats.com/pittsburgh/food-delivery/patron-mexican-grill-monroeville/-ep6pnX8RAWkZjD-ZAbEQQ,west-mifflin-pennsylvania
https://www.ubereats.com/pittsburgh/food-delivery/dunkin-98-clairton-blvd/CWrqMpJATZWyWfSTjnQGRg,west-mifflin-pennsylvania
https://www.ubereats.com/pittsburgh/food-delivery/macaron-bar-east-liberty/hMYwksnjRtCR2-AZ9TgElg,west-mifflin-pennsylvania
https://www.ubereats.com/pittsburgh/food-delivery/arbys-1911-s-braddock-ave/zcdhJoqaStqS7wBA2nbRmQ,west-mifflin-pennsylvania
https://www.ubereats.com/pittsburgh/food-delivery/gaby-et-jules/eW-ObVm0RPCiVdpZMDw5_A,west-mifflin-pennsylvania
https://www.ubereats.com/pittsburgh/food-delivery/dennys-1829-lincoln-highway/8zxXe1XYTcG3EGYRjf121g,west-mifflin-pennsylvania
https://www.ubereats.com/pittsburgh/food-delivery/napoli-pizzeria/UU46EXOCQvKkEHRay61Aug,west-mifflin-pennsylvania
https://www.ubereats.com/pittsburgh/food-delivery/szechuan-express/FP2ZqNANR3KzFhj1s6H1Bg,west-mifflin-pennsylvania
https://www.ubereats.com/pittsburgh/food-delivery/denunzios-italian-trattoria/jjNKUAhHShCRSP6kY-skGQ,west-mifflin-pennsylvania
https://www.ubereats.com/pittsburgh/food-delivery/tommygs-pizzeria/FjylCOSjQxqZdMs-SOJCgQ,west-mifflin-pennsylvania
https://www.ubereats.com/pittsburgh/food-delivery/dads-pub-and-grubbrinton/57dRNcuRSQKTIu41unI0Xw,west-mifflin-pennsylvania
https://www.ubereats.com/pittsburgh/food-delivery/burger-king-121-walmart-drive/zdtPK0hdREK8qxAgzTeDpQ,west-mifflin-pennsylvania
https://www.ubereats.com/pittsburgh/food-delivery/new-york-super-subs-squirrel-hill/yyjpwLCNSZaAwWr5zVvDLA,west-mifflin-pennsylvania
https://www.ubereats.com/pittsburgh/food-delivery/hook-fish-%26-chicken-ormsby-ave/s7bNolZcTbe3TzHwQUv1zA,west-mifflin-pennsylvania
https://www.ubereats.com/pittsburgh/food-delivery/hanini-subs-brownsville-road/0_aB_cy5QemkdZWgBK6KFg,west-mifflin-pennsylvania
https://www.ubereats.com/pittsburgh/food-delivery/hokkaido-seafood-restaurant/-mqZvhHjRLq7mtvEVRJxKA,west-mifflin-pennsylvania
https://www.ubereats.com/pittsburgh/food-delivery/kfc-509-penn-ave/Lp-1tq-XSjeUH5p7nzKDew,west-mifflin-pennsylvania
https://www.ubereats.com/pittsburgh/food-delivery/dunkin-2525-5th-ave/f6XrwIk0T9-cLvy2QFwbCw,west-mifflin-pennsylvania
https://www.ubereats.com/pittsburgh/food-delivery/hook-fish-and-chicken/I6ECDe3cRQ6PPB_AA8iSnw,west-mifflin-pennsylvania
https://www.ubereats.com/pittsburgh/food-delivery/burger-king-3220-library-rd/_1mgDWVgRhGnFYONJ4oY4A,west-mifflin-pennsylvania
https://www.ubereats.com/pittsburgh/food-delivery/bravo-250-w-bridge-street/_NTV97N1SFaAZYbBFYSEnw,west-mifflin-pennsylvania
https://www.ubereats.com/pittsburgh/food-delivery/dunkin-4578-browns-hill-rd/W2J9rdbAQ0C_3uGTNu8EDw,west-mifflin-pennsylvania
https://www.ubereats.com/pittsburgh/food-delivery/tgi-fridays-1818-pittsburgh-monroeville-pa/0E4bbB4URSWCRoKsszwEFA,west-mifflin-pennsylvania
https://www.ubereats.com/pittsburgh/food-delivery/green-pepper/4i2qERdgSbC5sRelH3437g,west-mifflin-pennsylvania
https://www.ubereats.com/pittsburgh/food-delivery/westwood-bar-and-grille/PiFTBDNeR_WJwzXOPbQ9vw,west-mifflin-pennsylvania
https://www.ubereats.com/pittsburgh/food-delivery/homestead-capri-pizza/XJQIHfqYQ9iur8cIuVLBXQ,west-mifflin-pennsylvania
https://www.ubereats.com/pittsburgh/food-delivery/ginos-pizza/PHRKlPOWRxW8W9nzb_keYw,west-mifflin-pennsylvania
https://www.ubereats.com/pittsburgh/food-delivery/merlinos-pizza/OYyvOjvbTw6UcotaLb3f5g,west-mifflin-pennsylvania
https://www.ubereats.com/pittsburgh/food-delivery/wendys-603-clairton-blvd/8fVNdHfXTPi0_WzsruQ_OA,west-mifflin-pennsylvania
https://www.ubereats.com/pittsburgh/food-delivery/capri-pizzeria-%26-bar/2F9_XoQDQjmfm4UqTOoiIg,west-mifflin-pennsylvania
https://www.ubereats.com/pittsburgh/food-delivery/pita-pit-pittsburgh/dZKqMGR_RcKj3lWNvXN5Qw,west-mifflin-pennsylvania
https://www.ubereats.com/pittsburgh/food-delivery/all-india-veggies/HujpzEOmQc-j3eMENWupwg,west-mifflin-pennsylvania
https://www.ubereats.com/pittsburgh/food-delivery/burger-king-2900-brownsville-road/rB-F96zRSRaNzwQI_BPkdw,west-mifflin-pennsylvania
https://www.ubereats.com/pittsburgh/food-delivery/el-campesino/PYlFBdbRSne7cu7T4WBgkA,west-mifflin-pennsylvania
https://www.ubereats.com/pittsburgh/food-delivery/patron-mexican-fox-chapel/ZQKpwSggR0ai24sJE6xV0A,west-mifflin-pennsylvania
https://www.ubereats.com/pittsburgh/food-delivery/creative-salads-at-the-bagel-factory-%22the-healthy-option-is-here%22/Aug3976_RsOMrYufOQdrDQ,west-mifflin-pennsylvania
https://www.ubereats.com/pittsburgh/food-delivery/spillys-barbeque/Co9Pi103Qx6ODA315FnTmQ,west-mifflin-pennsylvania
https://www.ubereats.com/pittsburgh/food-delivery/jets-pizza-dormont/e5B7499EQ4WKOFC9Wojl5w,west-mifflin-pennsylvania
https://www.ubereats.com/pittsburgh/food-delivery/old-school-italian-sandwich-shop/sVBd3goPTMu_iKS0WAwC0g,west-mifflin-pennsylvania
https://www.ubereats.com/pittsburgh/food-delivery/thespotetc/qaYs2P2dRSemVTJelvHADg,west-mifflin-pennsylvania
https://www.ubereats.com/pittsburgh/food-delivery/chaparros-tacos/t7OmBSpXTH63mPUyxmhelQ,west-mifflin-pennsylvania
https://www.ubereats.com/pittsburgh/food-delivery/cains-saloon-pitt/5OE4C-QhRnmL0nuv5u377g,west-mifflin-pennsylvania
https://www.ubereats.com/pittsburgh/food-delivery/mon-valley-kitchen/OOuoqizxQTqliDR8zK2Bfg,west-mifflin-pennsylvania
https://www.ubereats.com/pittsburgh/food-delivery/eat-n-park/J-zzVaaBQZOYXT0f-pe6aQ,west-mifflin-pennsylvania
https://www.ubereats.com/pittsburgh/food-delivery/mediterranean-cuisine-catering-and-delivery/FFm8l3faQQSlb2rtD2YxGw,west-mifflin-pennsylvania
https://www.ubereats.com/pittsburgh/food-delivery/thai-cottage/dn9EMwRoQvmPpMQxf7g6FQ,west-mifflin-pennsylvania
https://www.ubereats.com/pittsburgh/food-delivery/the-commoner/Ld2wKhd3Quah2vIyoCBOuQ,west-mifflin-pennsylvania
https://www.ubereats.com/pittsburgh/food-delivery/breakfast-at-shellys/aTK1LZtDQVmh_gLpNM8Xjg,west-mifflin-pennsylvania
https://www.ubereats.com/pittsburgh/food-delivery/combo-kitchen/TGI7F009RECvBBMc_CLGdw,west-mifflin-pennsylvania
https://www.ubereats.com/pittsburgh/food-delivery/wendys-351-lincoln-highway/gmPcQNzkTHeKq1RUKNKOmQ,west-mifflin-pennsylvania
https://www.ubereats.com/pittsburgh/food-delivery/primanti-brothers-mt-lebanon/FE9963Z4RFKJOjNHlGPGuA,west-mifflin-pennsylvania
https://www.ubereats.com/pittsburgh/food-delivery/deli-412/jLUhbs9fQeKk0OCSkB9QkA,west-mifflin-pennsylvania
https://www.ubereats.com/pittsburgh/food-delivery/coughlins-law-kitchen-and-ale-house/T61BDMMcR-K20Ek6HamEaw,west-mifflin-pennsylvania
https://www.ubereats.com/pittsburgh/food-delivery/sawasdee-thai-kitchen/WtvW8MXvSGW_6qTD-2ccBA,west-mifflin-pennsylvania
https://www.ubereats.com/pittsburgh/food-delivery/wood-%26-penn-restaurant/2I7x62ALSAaRzBNiyoGV1g,west-mifflin-pennsylvania
https://www.ubereats.com/pittsburgh/food-delivery/em-pizzeria/gGkv22dBT_CpjQj3rq4QXw,west-mifflin-pennsylvania
https://www.ubereats.com/pittsburgh/food-delivery/foxs-pizza-den-104-church-st/IE_MO_TRTNWSnv1oDRvCJw,west-mifflin-pennsylvania
https://www.ubereats.com/pittsburgh/food-delivery/papa-johns-351-hoffman-blvd-unit-3/Cwsh4r2iSMi7NHI0ZGBW5Q,west-mifflin-pennsylvania
https://www.ubereats.com/pittsburgh/food-delivery/klavons-ice-cream-parlor/bXDwqCO6Qnq2dC8p9K82aw,west-mifflin-pennsylvania
https://www.ubereats.com/pittsburgh/food-delivery/india-on-wheels/Rkza_OqtSs-OeSSgEPOieA,west-mifflin-pennsylvania
https://www.ubereats.com/pittsburgh/food-delivery/quiznos-craig-st/3SjbbI4pRg299FenkUB9aw,west-mifflin-pennsylvania
https://www.ubereats.com/pittsburgh/food-delivery/jersey-mikes-subs-5255-library-road/HAqa5gW7Rk2TY37oLzXJig,west-mifflin-pennsylvania
https://www.ubereats.com/pittsburgh/food-delivery/long-john-silvers-2220-lebanon-church-road/COoxTSKlQtynSqu7u9udMQ,west-mifflin-pennsylvania
https://www.ubereats.com/pittsburgh/food-delivery/coachs-bottleshop-%26-grille/RP2aSfPzTamzvMH44JX9rg,west-mifflin-pennsylvania
https://www.ubereats.com/pittsburgh/food-delivery/michelles-city-flavors/GG_dEv8DRQ-haylNvKWNGw,west-mifflin-pennsylvania
https://www.ubereats.com/pittsburgh/food-delivery/thai-terrace/ZPFzLV-3T8S-AYUjeEAjBQ,west-mifflin-pennsylvania
https://www.ubereats.com/pittsburgh/food-delivery/subway-119-120-22nd-st/KlcU8QK5RROjdvuX_Qm9SQ,west-mifflin-pennsylvania
https://www.ubereats.com/pittsburgh/food-delivery/crave-frozen-desserts/CG6Dc5AnTiu97fU6BvEyAg,west-mifflin-pennsylvania
https://www.ubereats.com/pittsburgh/food-delivery/vocelli-pizza-4740-baum-blvd/TzW_wTJIQtWTTtMX9fp17g,west-mifflin-pennsylvania
https://www.ubereats.com/pittsburgh/food-delivery/wendys-610-william-marks-drive/Iw3v6XPWSKukHlpm8tHUVA,west-mifflin-pennsylvania
https://www.ubereats.com/pittsburgh/food-delivery/nepali-asian-restaurant/1mYRU8mqRxi8WhHBpxJwZA,west-mifflin-pennsylvania
https://www.ubereats.com/pittsburgh/food-delivery/caliente-pizza-and-draft-house-mt-lebanon/Xlw2FNuZTeGh4XfZMHsxAQ,west-mifflin-pennsylvania
https://www.ubereats.com/pittsburgh/food-delivery/subway-3533-mountain-view-dr/MZ8jhEIyR-KVmnjHCWCtfA,west-mifflin-pennsylvania
https://www.ubereats.com/pittsburgh/food-delivery/wings-over-pittsburgh/Ezxq9vffQPaXv0iMCV_gCQ,west-mifflin-pennsylvania
https://www.ubereats.com/pittsburgh/food-delivery/cornbread/MFtUrXD8SYiRIU8SnckbpA,west-mifflin-pennsylvania
https://www.ubereats.com/pittsburgh/food-delivery/burgatory-blue-spruce/iC2NHWQ9Q-KqIRQ4G3Bemw,west-mifflin-pennsylvania
https://www.ubereats.com/pittsburgh/food-delivery/olive-oils-pizzeria-bethel-park/MeaqFmYbRNmKoCcTy55Eyw,west-mifflin-pennsylvania
https://www.ubereats.com/pittsburgh/food-delivery/ragtime/DNynlLpRRWqudwnkzW2JJw,west-mifflin-pennsylvania
https://www.ubereats.com/pittsburgh/food-delivery/istanbul-grille/WtukBv27STKSn_uog2PSFA,west-mifflin-pennsylvania
https://www.ubereats.com/pittsburgh/food-delivery/walnut-grill-fox-chapel/Njjc_J4ZT6yn8quLxYnbzQ,west-mifflin-pennsylvania
https://www.ubereats.com/pittsburgh/food-delivery/ihop-4656-browns-hill-rd/9-Bo_LvjQHego_nHf-btuA,west-mifflin-pennsylvania
https://www.ubereats.com/pittsburgh/food-delivery/sichuan-palace/xVOor8IeRsixrotavBAGmg,west-mifflin-pennsylvania
https://www.ubereats.com/pittsburgh/food-delivery/vincenzos-pizza-%26-pasta/JB_pECBwTeS7ptZXGTJPwg,west-mifflin-pennsylvania
https://www.ubereats.com/pittsburgh/food-delivery/shumans-homewood/JdMTXYbqRVeLHPRFVIQhhQ,west-mifflin-pennsylvania
https://www.ubereats.com/pittsburgh/food-delivery/buffalo-wild-wings-9996-mountain-view-drive/-YG3iL5hQweKwGemjlvfUQ,west-mifflin-pennsylvania
https://www.ubereats.com/pittsburgh/food-delivery/ts-restaurant-and-lounge/mJTBmkGVTwaednxEnpn_vg,west-mifflin-pennsylvania
https://www.ubereats.com/pittsburgh/food-delivery/don-campitis-pizzeria-dormont/qeCsMa9_RqqsyT7trd_Zmw,west-mifflin-pennsylvania
https://www.ubereats.com/pittsburgh/food-delivery/taco-bell-4032-william-penn-hwy/VtAblrQxRPGgoH6dXTEejA,west-mifflin-pennsylvania
https://www.ubereats.com/pittsburgh/food-delivery/treats-and-beans/Krdd4ZhMRiuxSh8xyUDtxQ,west-mifflin-pennsylvania
https://www.ubereats.com/pittsburgh/food-delivery/applebees-977-magill-drive-%2377014/lFtFdVQIQfyz12AUnGRBIw,west-mifflin-pennsylvania
https://www.ubereats.com/pittsburgh/food-delivery/campitis-pizzeria-bethel-park/cQkz0KAlTS6nGZ5dv6ikpQ,west-mifflin-pennsylvania
https://www.ubereats.com/pittsburgh/food-delivery/caliente-pizza-%26-draft-house-monroeville/VD6pv6HmTyKzmCst2Jew5g,west-mifflin-pennsylvania
https://www.ubereats.com/pittsburgh/food-delivery/kfc-210-rodi-rd/h7CDt1j5QQydf_7mqgoLqQ,west-mifflin-pennsylvania
https://www.ubereats.com/pittsburgh/food-delivery/vocelli-pizza-231-commercial-avenue/vTI85AvjQAyqyKoN7sSXig,west-mifflin-pennsylvania
https://www.ubereats.com/pittsburgh/food-delivery/house-of-soul-carryout-catering/SIiCZON3Q9eM-owmPHUSFw,west-mifflin-pennsylvania
https://www.ubereats.com/pittsburgh/food-delivery/dennys-271-clairton-blvd/u8d0aRLyQc-awUDxvYGGTQ,west-mifflin-pennsylvania
https://www.ubereats.com/pittsburgh/food-delivery/mcdonalds-west-mifflin/WoOKT-L7TAS6zhE1ZP2aFQ,west-mifflin-pennsylvania
https://www.ubereats.com/pittsburgh/food-delivery/panda-express-4155-william-penn-hwy/GZ_lTloSRoGJnHOIsv4z9w,west-mifflin-pennsylvania
https://www.ubereats.com/pittsburgh/food-delivery/clean-juice-5829-penn-ave/6yLw_c0kTPSdSpakrBhupg,west-mifflin-pennsylvania
https://www.ubereats.com/pittsburgh/food-delivery/walnut-grill-bridgeville/ZymL2ZwrS5y56sKMaM55pQ,west-mifflin-pennsylvania
https://www.ubereats.com/pittsburgh/food-delivery/rogue-bbq/XjLXySXdRsKxS1kGQOQN5w,west-mifflin-pennsylvania
https://www.ubereats.com/pittsburgh/food-delivery/ali-baba-restaurants/6apBvGeQS9CLhvUwp3-KYA,west-mifflin-pennsylvania
https://www.ubereats.com/pittsburgh/food-delivery/vocelli-pizza-691-clairton-boulevard/pgSBg1XsRxOlnoAqR9Qv_Q,west-mifflin-pennsylvania
https://www.ubereats.com/pittsburgh/food-delivery/drift-hookah-lounge/lQH9Q0DCRd6VsQ6C40_0jQ,west-mifflin-pennsylvania
https://www.ubereats.com/pittsburgh/food-delivery/the-coffee-tree-roasters/j9tXUYM4ROiK0-tzb_9igQ,west-mifflin-pennsylvania
https://www.ubereats.com/pittsburgh/food-delivery/steel-city-breakfast/RsQWVPzRR72fBZKKGlg7Iw,west-mifflin-pennsylvania
https://www.ubereats.com/pittsburgh/food-delivery/kfc-222-w-8th-ave/_5PAsahcTnythzM6-HqR1A,west-mifflin-pennsylvania
https://www.ubereats.com/pittsburgh/food-delivery/slice-on-broadway-beechview/Wi0lYVrVTHyeW7gwElyK3w,west-mifflin-pennsylvania
https://www.ubereats.com/pittsburgh/food-delivery/subway-133-w-8th-ave/KjtuemcqRUWOJGxTyqk_Vg,west-mifflin-pennsylvania
https://www.ubereats.com/pittsburgh/food-delivery/ocha-thai-noodle/L9PqEPDfSf2-DE7qwjDsVw,west-mifflin-pennsylvania
https://www.ubereats.com/pittsburgh/food-delivery/kfc-5153-library-road/EhwCTbRVRWGVhzVpMCV8YA,west-mifflin-pennsylvania
https://www.ubereats.com/pittsburgh/food-delivery/papa-johns-pizza-frankstown/_rNZ7lNZRsOLZuJ4_B1R7A,west-mifflin-pennsylvania
https://www.ubereats.com/pittsburgh/food-delivery/china-cafe-pittsburgh/mQJ9qFThSSCQOZu0el8rbg,west-mifflin-pennsylvania
https://www.ubereats.com/pittsburgh/food-delivery/bella-monte-pizza/ZPwcijKqQRWwKufe6ZznuA,west-mifflin-pennsylvania
https://www.ubereats.com/pittsburgh/food-delivery/coffee-tree-roasters-sqh/neOwfncbSO6HYjSa8NCwSQ,west-mifflin-pennsylvania
https://www.ubereats.com/pittsburgh/food-delivery/ham-n-eggers-diner/PgsIdz2cQiiRO_WCZ9jpwQ,west-mifflin-pennsylvania
https://www.ubereats.com/pittsburgh/food-delivery/edible-arrangements-250-mt-lebanon-boulevard-suite-e-40/NkMKosW7TPiTw2MN9Fg8bw,west-mifflin-pennsylvania
https://www.ubereats.com/pittsburgh/food-delivery/nakama-japanese-steak-house-carson-st/ZXilcqPyQRODKZ5RcQcaaQ,west-mifflin-pennsylvania
https://www.ubereats.com/pittsburgh/food-delivery/vocelli-pizza-1025-washington-pike/A-s3EhnBQDehQ7wKihDy-A,west-mifflin-pennsylvania
https://www.ubereats.com/pittsburgh/food-delivery/yukiyama/9RNcUHkJSuWsRwt1UjSFFw,west-mifflin-pennsylvania
https://www.ubereats.com/pittsburgh/food-delivery/mcdonalds-brentwood/eO__QnDaRvebFtYe5bEaHQ,west-mifflin-pennsylvania
https://www.ubereats.com/pittsburgh/food-delivery/outback-steakhouse-3000-mosside-boulevard/FuN_KFrrQV6Dw7ZPgOMSiw,west-mifflin-pennsylvania
https://www.ubereats.com/pittsburgh/food-delivery/brrats-deli/k1Tg-7fCTLuWapsfoku83g,west-mifflin-pennsylvania
https://www.ubereats.com/pittsburgh/food-delivery/streets-on-carson-pitt/9czn1kYQSiOArz_YKiseqw,west-mifflin-pennsylvania
https://www.ubereats.com/pittsburgh/food-delivery/sloppy-dogs/_3tetmVwRharwSaYKPp2zw,west-mifflin-pennsylvania
https://www.ubereats.com/pittsburgh/food-delivery/alexs-pit-stop/HSi1zsfKRnyFOh3ZGrixuQ,west-mifflin-pennsylvania
https://www.ubereats.com/pittsburgh/food-delivery/dunkin-360-curry-hollow-rd/kNUjqgEaTlGAVz0U0hL9hA,west-mifflin-pennsylvania
https://www.ubereats.com/pittsburgh/food-delivery/arbys-3700-library-rd/NtjiVOzSSty6mucA7ax8vQ,west-mifflin-pennsylvania
https://www.ubereats.com/pittsburgh/food-delivery/mintt-indian-restaurant-monroeville/GSS7J8ySTTWq6Bor-YMqMA,west-mifflin-pennsylvania
https://www.ubereats.com/pittsburgh/food-delivery/papa-johns-pizza-bethel-park/QoN8FTg1TCmOqGwiQoC29Q,west-mifflin-pennsylvania
https://www.ubereats.com/pittsburgh/food-delivery/grandslam-pizza/m0g2n4OFSeeAwPD_wKKbDQ,west-mifflin-pennsylvania
https://www.ubereats.com/pittsburgh/food-delivery/mulligans-sports-bar-and-grille/JEApfqK8RGuds7ifTzePCg,west-mifflin-pennsylvania
https://www.ubereats.com/pittsburgh/food-delivery/the-crafty-jackalope/njOAPLWFQQaRe8bSWWIyCA,west-mifflin-pennsylvania
https://www.ubereats.com/pittsburgh/food-delivery/mccormick-%26-schmicks-seafood-%26-steaks-pittsburgh/LFPS9xtaSAW4qGqUtGWBwA,west-mifflin-pennsylvania
https://www.ubereats.com/pittsburgh/food-delivery/orient-express/zgxzgmTjSbmjSQxm2tRw_A,west-mifflin-pennsylvania
https://www.ubereats.com/pittsburgh/food-delivery/crabs-r-us/kj4WAz-bSY6PvHcvhLF9eA,west-mifflin-pennsylvania
https://www.ubereats.com/pittsburgh/food-delivery/vocelli-pizza-326-mall-plaza-blvd/wpymtMIeRpKQRJZk4QzJSQ,west-mifflin-pennsylvania
https://www.ubereats.com/pittsburgh/food-delivery/thai-%26-noodle-outlet/AO_AdUF_QuGtGWyNd9MzPA,west-mifflin-pennsylvania
https://www.ubereats.com/pittsburgh/food-delivery/forbes-gyro/9h9DAxsYRQa4BbWBln3uDA,west-mifflin-pennsylvania
https://www.ubereats.com/pittsburgh/food-delivery/toss-pizza-and-wings/41H7SBsPR3WjZn1iYydniw,west-mifflin-pennsylvania
https://www.ubereats.com/pittsburgh/food-delivery/als-fish-and-chicken-duquesne-blvd/mbsngmwmRVKA-B6tybgQsw,west-mifflin-pennsylvania
https://www.ubereats.com/pittsburgh/food-delivery/honeybaked-ham-1630-washington-rd/qNuDlEXAQV-85TUZe9317A,west-mifflin-pennsylvania
https://www.ubereats.com/pittsburgh/food-delivery/mola/88rEmBAMRpmIBjuYyYuPdA,west-mifflin-pennsylvania
https://www.ubereats.com/pittsburgh/food-delivery/rose-tea-cafe/3RAEx2qLR3O-RFc7CnZTpQ,west-mifflin-pennsylvania
https://www.ubereats.com/pittsburgh/food-delivery/parkers-pgh/AtyjglPcS36Z8r_eqJYQdg,west-mifflin-pennsylvania
https://www.ubereats.com/pittsburgh/food-delivery/bagel-factory/e0Ci7y2zQ5-6seqcOTOQnw,west-mifflin-pennsylvania
https://www.ubereats.com/pittsburgh/food-delivery/cucina-bella/lNtSIxFDTPyq1KEdWxPZow,west-mifflin-pennsylvania
https://www.ubereats.com/pittsburgh/food-delivery/tooktook98/_KjNrtBbSD6aTAsHBJdp8g,west-mifflin-pennsylvania
https://www.ubereats.com/pittsburgh/food-delivery/wendys-5055-library-rd/kgHKRPwzTXSNdsCgpa9lCQ,west-mifflin-pennsylvania
https://www.ubereats.com/pittsburgh/food-delivery/chipotle-mexican-grill-509-clairton-blvd/9nsp1Ti_QzWzwd0Sb3s-CA,west-mifflin-pennsylvania
https://www.ubereats.com/pittsburgh/food-delivery/royal-caribbean/gbeA2DgAS1KT8X3cSfkgwQ,west-mifflin-pennsylvania
https://www.ubereats.com/pittsburgh/food-delivery/portogallo-peppers-nat/_GeJUDp0Tri363h4HeZNuw,west-mifflin-pennsylvania
https://www.ubereats.com/pittsburgh/food-delivery/vocelli-pizza-11745-frankstown-road/-Ee6jwx2TsC3FBLBLdYJ4w,west-mifflin-pennsylvania
https://www.ubereats.com/pittsburgh/food-delivery/wendys-2280-lebanon-church-rd/48SG5ClfSKOVZqwFIZ-1pg,west-mifflin-pennsylvania
https://www.ubereats.com/pittsburgh/food-delivery/el-burro-dos/_urQklIlTJKy3nh8kL7oXA,west-mifflin-pennsylvania
https://www.ubereats.com/pittsburgh/food-delivery/tasty-n-healthy/J1oIAw8vSX-JVYnm-Orjiw,west-mifflin-pennsylvania
https://www.ubereats.com/pittsburgh/food-delivery/jersey-mikes-subs-bridgeville-1155-washington-pike/3B3e1XVdTQ-QTBAVx21vYg,west-mifflin-pennsylvania
https://www.ubereats.com/pittsburgh/food-delivery/bear-claw-diner/wns2b3KkRQmgCkHyUMkDLQ,west-mifflin-pennsylvania
https://www.ubereats.com/pittsburgh/food-delivery/turkish-kebab-house/_x7SsXcZRp-2amyzCdjT_Q,west-mifflin-pennsylvania
https://www.ubereats.com/pittsburgh/food-delivery/giannas-salad-house/EYgHfLw2TaqlhoMmANc9Xw,west-mifflin-pennsylvania
https://www.ubereats.com/pittsburgh/food-delivery/noodles-%26-company-3805-forbes-ave/YQhnmBWUSU2v7PVT3L1Nmg,west-mifflin-pennsylvania
https://www.ubereats.com/pittsburgh/food-delivery/pasquales-pizzeria/YJfj1V3jQeeiJe5dJb0V0A,west-mifflin-pennsylvania
https://www.ubereats.com/pittsburgh/food-delivery/burgatory-homestead/wsRGehZ8Q2iiO6-GBrDkDg,west-mifflin-pennsylvania
https://www.ubereats.com/pittsburgh/food-delivery/sincerely-yogurt-2740-stroschein-rd/ibKInHNHTa6jgvvb2Cz1ww,west-mifflin-pennsylvania
https://www.ubereats.com/pittsburgh/food-delivery/dennys-2200-lebanon-church-road/dc-8fKsHTZmFdDxNjC2IsQ,west-mifflin-pennsylvania
https://www.ubereats.com/pittsburgh/food-delivery/walnut-grill-bethel/LP0uoQaBQWmbq7CJX_JGyQ,west-mifflin-pennsylvania
https://www.ubereats.com/pittsburgh/food-delivery/coffee-tree-roasters-fxc/rXGMEXBJTBiGwEooZu2vTA,west-mifflin-pennsylvania
https://www.ubereats.com/pittsburgh/food-delivery/vinnys-pizza/pFHTpdCbRcCUG3HEnelFVg,west-mifflin-pennsylvania
https://www.ubereats.com/pittsburgh/food-delivery/burger-house/nx-STwTUSOSBQQIdTGn8Vw,west-mifflin-pennsylvania
https://www.ubereats.com/pittsburgh/food-delivery/edgewood-beer-%26-tobacco/UhVNO8ZKR6G44xwiXP9akQ,west-mifflin-pennsylvania
https://www.ubereats.com/pittsburgh/food-delivery/big-guys-pizza/27aLpo06TH6sMT0dAHzjhQ,west-mifflin-pennsylvania
https://www.ubereats.com/pittsburgh/food-delivery/maldinis-pizza/J6tGuZzgThmKS68htUBhrg,west-mifflin-pennsylvania
https://www.ubereats.com/pittsburgh/food-delivery/luma-restaurant/pLXcAEzGSGSgbCqW--vFPA,west-mifflin-pennsylvania
https://www.ubereats.com/pittsburgh/food-delivery/taco-bell-2300-ardmore-blvd/mGFhGnM4QV2q0FRqLrZW2Q,west-mifflin-pennsylvania
https://www.ubereats.com/pittsburgh/food-delivery/halal-pitt/KJgx_xvIQAGKWi-XP9YO1w,west-mifflin-pennsylvania
https://www.ubereats.com/pittsburgh/food-delivery/little-asia-oakland/osAMzqAaSSSOQJhSz5-prw,west-mifflin-pennsylvania
https://www.ubereats.com/pittsburgh/food-delivery/applebees-2045-lebanon-church-road-%2387085/eewLsfEUQEK9OS3MuDK4SA,west-mifflin-pennsylvania
https://www.ubereats.com/pittsburgh/food-delivery/moes-southwest-grill-1597-washington-pike/qkdpwfxpTlyztGRophLAuA,west-mifflin-pennsylvania
