url,city
https://www.ubereats.com/connecticut/food-delivery/the-spot-deli/MFLKkigVSwGG5HqirHdldg,westport-connecticut
https://www.ubereats.com/connecticut/food-delivery/bistro-mediterranean-tapas-bar/PTUWexvPToWVbmnbEE7FRA,westport-connecticut
https://www.ubereats.com/connecticut/food-delivery/la-calle-arepas-bar/rWeJvAXRRtWbVPInew5RWg,westport-connecticut
https://www.ubereats.com/connecticut/food-delivery/tacos-mexico/Dn30tB5PR-urpB2myiLdUw,westport-connecticut
https://www.ubereats.com/connecticut/food-delivery/348-oyster-bar/gwwOTEatQGiDPRg0xB8k3Q,westport-connecticut
https://www.ubereats.com/connecticut/food-delivery/aromas/489CQH3vSo6Uk_evXoeu2g,westport-connecticut
https://www.ubereats.com/connecticut/food-delivery/the-simple-greek-norwalk/nmFgKtFfT1OlwxdI3a0ggw,westport-connecticut
https://www.ubereats.com/connecticut/food-delivery/robeks-westport-ave/BBSHJV_JR721q8QMxbAc5g,westport-connecticut
https://www.ubereats.com/connecticut/food-delivery/organika-kitchen-new-canaan/Sf7TSPj3SG2ng5alDSzadQ,westport-connecticut
https://www.ubereats.com/connecticut/food-delivery/mancusos-ristorante-%26-bar/Fssp4PHrTyi9qm5Ok_QdQw,westport-connecticut
https://www.ubereats.com/connecticut/food-delivery/bangkok-republic-wilton/GhCBIrtgTlyUa8TRaKgY6g,westport-connecticut
https://www.ubereats.com/connecticut/food-delivery/mcdonalds-bridgeport-fairf/VfIeNEB8SfOgTLOMR4Mqxg,westport-connecticut
https://www.ubereats.com/connecticut/food-delivery/dinos-market/HQcy8uY-TNCEfAEQFk4u2g,westport-connecticut
https://www.ubereats.com/connecticut/food-delivery/romanacci/lFEWRTudRhqvskpFGpYhOw,westport-connecticut
https://www.ubereats.com/connecticut/food-delivery/duchess-restaurant-darien/pPflClAjQXaKfzht9SyuFQ,westport-connecticut
https://www.ubereats.com/connecticut/food-delivery/brick-house-bar-%26-grill/27G-XNCFQ66zpDZHdZ3wxA,westport-connecticut
https://www.ubereats.com/connecticut/food-delivery/don-carmelos/SPaxuttxSXG8Y7G1DlfarQ,westport-connecticut
https://www.ubereats.com/connecticut/food-delivery/el-rancho-restaurant/gcG9felASbiOPzjeNagUPw,westport-connecticut
https://www.ubereats.com/connecticut/food-delivery/rise-%26-grind-cafe/HYJZne3BSEWsTyWNEBnBQw,westport-connecticut
https://www.ubereats.com/connecticut/food-delivery/plaza-deli-%26-catering/spYm165dT1ydBUEPOi4IAA,westport-connecticut
https://www.ubereats.com/connecticut/food-delivery/julians-pizza-bar-%26-kitchen/qnwVhAi2RWi3AfxeRyZl1w,westport-connecticut
https://www.ubereats.com/connecticut/food-delivery/oaxaca-pizzeria-%26-taqueria/RXu-Zeg0SciXsCn6owItZA,westport-connecticut
https://www.ubereats.com/connecticut/food-delivery/ren-dumpling-%26-noodle-house/9-LJJsbASNeh_5HyKy7YSg,westport-connecticut
https://www.ubereats.com/connecticut/food-delivery/laylas-falafel-high-ridge/uOz2MkurS8asSAbULjmIOQ,westport-connecticut
https://www.ubereats.com/connecticut/food-delivery/capris-cuisine/Ehp7ELKHSdm4AfGyKysqYQ,westport-connecticut
https://www.ubereats.com/connecticut/food-delivery/baldanza-natural-market-%26-cafe/2LH907ZJT_yPBg2IXA1Kxg,westport-connecticut
https://www.ubereats.com/connecticut/food-delivery/geronimo-southwest-grill/k3mazUtCQ5yclHLERuy41Q,westport-connecticut
https://www.ubereats.com/connecticut/food-delivery/basso-cafe-restaurant-%26-bar/ZElcj1zESh-AleCG1mVUYw,westport-connecticut
https://www.ubereats.com/connecticut/food-delivery/organika-kitchen/SRhts9doStaJ2gaIgJ6ntw,westport-connecticut
https://www.ubereats.com/connecticut/food-delivery/royal-guard-norwalk/3U-b06jMTmK77WAlOuP8jA,westport-connecticut
https://www.ubereats.com/connecticut/food-delivery/the-ice-cream-shop/vTdITzhxQOObQsNeSksgog,westport-connecticut
https://www.ubereats.com/connecticut/food-delivery/harvest-wine-bar-and-restaurant-westport/ALyL-CsNRmGDMpjEhxzzBA,westport-connecticut
https://www.ubereats.com/connecticut/food-delivery/gluten-free-little-pub-and-marketplace/IbizUdo6SbmJpnE_Vef40A,westport-connecticut
https://www.ubereats.com/connecticut/food-delivery/press-burger/z0pZ0qvuTDuKZDt16moiMw,westport-connecticut
https://www.ubereats.com/connecticut/food-delivery/dunkin-458-westport-ave/g6L2NE2KQrGTfu_fXOiNbw,westport-connecticut
https://www.ubereats.com/connecticut/food-delivery/ichiro-japanese-restaurant/TvON50exTT-3ho0zd5xOow,westport-connecticut
https://www.ubereats.com/connecticut/food-delivery/la-dolce-italian-ice-%26-cafe/sMmftYlpQeWj2NnzbseoUw,westport-connecticut
https://www.ubereats.com/connecticut/food-delivery/toto-restaurant/qDQsdC0gRjefbo80ttGFTw,westport-connecticut
https://www.ubereats.com/connecticut/food-delivery/ucbc-bagel-cafe/2akYjL39RimzA2EAarQxaw,westport-connecticut
https://www.ubereats.com/connecticut/food-delivery/mediterraneo-norwalk/ldSdJI0ETQKIh0eVv_nM4g,westport-connecticut
https://www.ubereats.com/connecticut/food-delivery/munay-peruvian-kitchen/I_XlYt8uRxinn5-VxPzW8w,westport-connecticut
https://www.ubereats.com/connecticut/food-delivery/la-pescaderia-fish-market/ajuidkHgQbq3LO6lgheORA,westport-connecticut
https://www.ubereats.com/connecticut/food-delivery/bond-grill/7kKVOPnGRMa4ROMziyMIGA,westport-connecticut
https://www.ubereats.com/connecticut/food-delivery/little-thai-kitchen-darien/b04RXGh_Txi3qnh9qaj2_w,westport-connecticut
https://www.ubereats.com/connecticut/food-delivery/the-blind-rhino/FFTQLyr_SNWca7Xb2sCEVg,westport-connecticut
https://www.ubereats.com/connecticut/food-delivery/dunkin-470-main-ave/Gh3X4nQCTZqlopNO6idT2g,westport-connecticut
https://www.ubereats.com/connecticut/food-delivery/craft-260/crTsVsFMTo65tZEJRTGADQ,westport-connecticut
https://www.ubereats.com/connecticut/food-delivery/kentucky-fried-chicken-north-main/xDM-EVm1T8K-Xps2Dy8Q0Q,westport-connecticut
https://www.ubereats.com/connecticut/food-delivery/los-portales-taqueria/dIpnmQDyQ3if4MjpWbPAIw,westport-connecticut
https://www.ubereats.com/connecticut/food-delivery/little-nicks-pizza-%26-pasta/z0hyW3XLScWY8mEgBCIDOw,westport-connecticut
https://www.ubereats.com/connecticut/food-delivery/silver-star-diner/xO4LrZWfRauf3BBGDibQqQ,westport-connecticut
https://www.ubereats.com/connecticut/food-delivery/marlys-bar-%26-bistro/f1lzdm6JTP2Qc7TU-6XWiw,westport-connecticut
https://www.ubereats.com/connecticut/food-delivery/fresh-cut/3d_kWiGaTl2FEiTCK1v2iw,westport-connecticut
https://www.ubereats.com/connecticut/food-delivery/mr-frostys-ice-cream-shop/-1Bp7jH_SEOJdA3-wwkDcw,westport-connecticut
https://www.ubereats.com/connecticut/food-delivery/strada-craft-pizza-and-bar/OfExa-RjS6mYJutMYVPBbg,westport-connecticut
https://www.ubereats.com/connecticut/food-delivery/evaritos/oFvYeRD9Tz-xhbkRTahxvA,westport-connecticut
https://www.ubereats.com/connecticut/food-delivery/chef-tony-taco/UVRBSW2dQZqQlqrRlc67kA,westport-connecticut
https://www.ubereats.com/connecticut/food-delivery/wafu/dxGjwa1IQOaPT3rIXnoKNw,westport-connecticut
https://www.ubereats.com/connecticut/food-delivery/sals-pastry-shop/l2rxLRE8QMCH2Q5mM-r4cQ,westport-connecticut
https://www.ubereats.com/connecticut/food-delivery/golden-pizza-restaurant/f2yUTOwjSAWFwIJ5y8nqRA,westport-connecticut
https://www.ubereats.com/connecticut/food-delivery/kfc-taco-bell-westport-ave/QKIS17-fTsG-MHB39JM2dw,westport-connecticut
https://www.ubereats.com/connecticut/food-delivery/macit/wlVtesXfTPy0SiMChBoUEA,westport-connecticut
https://www.ubereats.com/connecticut/food-delivery/killer-b-burger/5qiU7o6pT7qrX6-t0htIWQ,westport-connecticut
https://www.ubereats.com/connecticut/food-delivery/los-molcajetes-mexican-restaurant/_6DtE1kaSFujUPHg9FBAdA,westport-connecticut
https://www.ubereats.com/connecticut/food-delivery/tablao-wine-bar-%26-restaurant/f6cn9sLIS_ir-xH9MDf9rQ,westport-connecticut
https://www.ubereats.com/connecticut/food-delivery/dunkin-4-connecticut-tpke-w/oNVDJot9TmmcLBEe0Pgv7Q,westport-connecticut
https://www.ubereats.com/connecticut/food-delivery/dunkin-606-post-rd/KArNCVTLRGuBOnIbQlPpkQ,westport-connecticut
https://www.ubereats.com/connecticut/food-delivery/uncles-pizza/oWzJwlOhSK27Lzja4Oem9g,westport-connecticut
https://www.ubereats.com/connecticut/food-delivery/carvel-324-connecticut-avenue/5oHNU1m7RzytLI6cDZRvUQ,westport-connecticut
https://www.ubereats.com/connecticut/food-delivery/tarry-lodge-westport/N4TlNvipSxGPqdLYOtw4mw,westport-connecticut
https://www.ubereats.com/connecticut/food-delivery/alinas-patisserie/WD5pgg6KQRqQhoXBnfe4Bw,westport-connecticut
https://www.ubereats.com/connecticut/food-delivery/cold-stone-creamery-2323-black-rock-tpke/dwxFz0BbQfS1fOq3IqPkCA,westport-connecticut
https://www.ubereats.com/connecticut/food-delivery/allora-cafe-and-bites/Ls_LDhkITOWCVhavSC59Xg,westport-connecticut
https://www.ubereats.com/connecticut/food-delivery/the-whale-tea/1SIA3x1YRNyiwlY6RmQlVA,westport-connecticut
https://www.ubereats.com/connecticut/food-delivery/la-sorpresa-y-mas-restaurant-and-bakery/JILbY2PaRbuw6a1-tRfVyg,westport-connecticut
https://www.ubereats.com/connecticut/food-delivery/subway-390-westport-ave/eIMD5YIVQCaC3xU90p2yVA,westport-connecticut
https://www.ubereats.com/connecticut/food-delivery/fusion-cafe-bar-%26-grill/h965VI7kRaiSnmvlZ6fVrg,westport-connecticut
https://www.ubereats.com/connecticut/food-delivery/subway-202-town-green/0DacXiQeQiydajgN5u40HA,westport-connecticut
https://www.ubereats.com/connecticut/food-delivery/planet-pizza-607-main-ave/HKo_vz2XQ4SRY2Rk_I-1yg,westport-connecticut
https://www.ubereats.com/connecticut/food-delivery/open-rice-westport/7zroiUbvT0eGxENSYFahuw,westport-connecticut
https://www.ubereats.com/connecticut/food-delivery/the-naan/0VChqKV_QvODvJ-CgXXeTg,westport-connecticut
https://www.ubereats.com/connecticut/food-delivery/starbucks-westport-post-road-east/spfZpRH5SKyz7Nc0w9iJ_Q,westport-connecticut
https://www.ubereats.com/connecticut/food-delivery/pearls-n-swirls/kZqYfkpvQe66emVgONa_Bg,westport-connecticut
https://www.ubereats.com/connecticut/food-delivery/robeks-black-rock-turnpike/qa4MSiFbTbSr6UDuJv6ycw,westport-connecticut
https://www.ubereats.com/connecticut/food-delivery/malibu-taco/CLRy5P3xSQOKkvNlE5K6XA,westport-connecticut
https://www.ubereats.com/connecticut/food-delivery/jds-grocery-and-deli/Z2AaNH15S9CubswNR4-kVg,westport-connecticut
https://www.ubereats.com/connecticut/food-delivery/rothbard-ale-%2B-larder/FGQls-_eScq7QsURhsmNdQ,westport-connecticut
https://www.ubereats.com/connecticut/food-delivery/los-portales-mexican-restaurant/ITevrwx5S_Sf5RWMPuzRFg,westport-connecticut
https://www.ubereats.com/connecticut/food-delivery/brasitas-restaurant-norwalk/PgFPSPzuQSO6eOwOoR1efg,westport-connecticut
https://www.ubereats.com/connecticut/food-delivery/bar-sugo/em5TGZpaTs66qWMirUKsMQ,westport-connecticut
https://www.ubereats.com/connecticut/food-delivery/blt-deli/nAy4H3TtTr-hlRMuNzJgRg,westport-connecticut
https://www.ubereats.com/connecticut/food-delivery/ripkas-beach-cafe-99-calf-pasture-beach-rd/dR0DB8vFSCK09PHVr81mxg,westport-connecticut
https://www.ubereats.com/connecticut/food-delivery/border-grill-westport/g-nGYMAjQV2X22t6B9EPFw,westport-connecticut
https://www.ubereats.com/connecticut/food-delivery/andros-diner/UCoYQXVwQYS8EzVoDp9LRw,westport-connecticut
https://www.ubereats.com/connecticut/food-delivery/taco-tequila-taqueria/ScoTOjnmRweAh0H4CAtBUA,westport-connecticut
https://www.ubereats.com/connecticut/food-delivery/jersey-mikes-subs-wilton-35-danbury-road/5LMVUt82QeGGq8Bi1Q2f7A,westport-connecticut
https://www.ubereats.com/connecticut/food-delivery/la-antigua-restaurant-%26-bakery/MeDBLsIeQ1q7F4Z9-faYUA,westport-connecticut
https://www.ubereats.com/connecticut/food-delivery/roost/uqSuSqZrSs-ArY5FKcEO9g,westport-connecticut
https://www.ubereats.com/connecticut/food-delivery/uncle-joes-restaurant-%26-pizza/HfCCm8xrRmqpZe0qJaYlsQ,westport-connecticut
https://www.ubereats.com/connecticut/food-delivery/chipotle-mexican-grill-340-grasmere-ave-ste-1/5kusKVHxTeuc8RjFG--iyQ,westport-connecticut
https://www.ubereats.com/connecticut/food-delivery/dunkin-307-connecticut-ave/SrNYYbnKQxiueMzfWH1WOQ,westport-connecticut
https://www.ubereats.com/connecticut/food-delivery/new-crossroads-pizza/TVQmhhZpRRO8geWex911zQ,westport-connecticut
https://www.ubereats.com/connecticut/food-delivery/tequila-revolucion/jkKnvmLkSfGm1H5FXUIf7g,westport-connecticut
https://www.ubereats.com/connecticut/food-delivery/bagel-king-of-bridgeport/cQ-eh12_TjmI2jgqW9kIMg,westport-connecticut
https://www.ubereats.com/connecticut/food-delivery/four-brothers-pizza/fK2kPXB3Rge7-Tc1uDLGcQ,westport-connecticut
https://www.ubereats.com/connecticut/food-delivery/village-bagels-%26-delicatessen-westport/PdFMlS8rTb2NUdHD-K671A,westport-connecticut
https://www.ubereats.com/connecticut/food-delivery/mcdonalds-norwalk-main/MyyVyIN4RUGPJab7AHAttA,westport-connecticut
https://www.ubereats.com/connecticut/food-delivery/tengda-asian-bistro/55SH7ApRQImxS0L9Hb3a7w,westport-connecticut
https://www.ubereats.com/connecticut/food-delivery/ct-cookie-co/lAu7hiIYQlixNtyvKG5vuA,westport-connecticut
https://www.ubereats.com/connecticut/food-delivery/ripkas-beach-cafe/lyAYOt97QmCgunaSsExJCg,westport-connecticut
https://www.ubereats.com/connecticut/food-delivery/village-bagels-and-delicatessen-fairfield/cVhfpKbySCyBQh1z-Uairg,westport-connecticut
https://www.ubereats.com/connecticut/food-delivery/gofer-ice-cream-darien/ldo7dgwpSBW0wCvB1ddgFA,westport-connecticut
https://www.ubereats.com/connecticut/food-delivery/forza-ristorante/2TPUH3JLS1SkEjDPDV9s4w,westport-connecticut
https://www.ubereats.com/connecticut/food-delivery/bereket-turkish-cuisine/P827GNjJQZueEQK3SZ5N7A,westport-connecticut
https://www.ubereats.com/connecticut/food-delivery/family-spice/3C0mboSqSveZPdmnJEAydg,westport-connecticut
https://www.ubereats.com/connecticut/food-delivery/south-end/TmUbXKDYS-OaJxCSAd1k1w,westport-connecticut
https://www.ubereats.com/connecticut/food-delivery/shu-restaurant-fairfield/eJytQsbhS_GevyrmDp1G0g,westport-connecticut
https://www.ubereats.com/connecticut/food-delivery/cava-wine-bar/QuxAt7qzRsiml5rTmK2_AA,westport-connecticut
https://www.ubereats.com/connecticut/food-delivery/donovans/Tg_Hm-pTRsWCtNl0OwcG6Q,westport-connecticut
https://www.ubereats.com/connecticut/food-delivery/ginkgo-sichuan-cuisine/BkpOItOeSa-dA5SuP_2qCg,westport-connecticut
https://www.ubereats.com/connecticut/food-delivery/home-slice-pizza-kitchen/0YU3BxV3Rnyj7u0N850nEw,westport-connecticut
https://www.ubereats.com/connecticut/food-delivery/starbucks-fairfield-black-rock-turnpike/_sNJyAFeQKKPiE5Se4bJ6g,westport-connecticut
https://www.ubereats.com/connecticut/food-delivery/quattro-pazzi-cafe-fairfield/xcfYt9R8RjmMnfXkCxmEHg,westport-connecticut
https://www.ubereats.com/connecticut/food-delivery/gofer-ice-cream-wilton/E61DwU6lTCqW1GGTF5OBGA,westport-connecticut
https://www.ubereats.com/connecticut/food-delivery/the-ole-dog-tavern/wT61C6GyQH2M5TUdLP-TcA,westport-connecticut
https://www.ubereats.com/connecticut/food-delivery/jbs-deli-%26-pizza/CzsCvEjTQ1aMZsgJx_2LwA,westport-connecticut
https://www.ubereats.com/connecticut/food-delivery/carvel-1025-post-rd-east/4ez2EyZYTY6qtYC_fAdxdQ,westport-connecticut
https://www.ubereats.com/connecticut/food-delivery/johns-best-pizza-norwalk/4mwP72cVQWmXo6_Rn-Sc3Q,westport-connecticut
https://www.ubereats.com/connecticut/food-delivery/the-granola-bar-fairfield/GPfQzrmdQ1-vwCgEuYfXeA,westport-connecticut
https://www.ubereats.com/connecticut/food-delivery/dunkin-196-east-ave/cMso_2ITR_-B_b6hKX0hqw,westport-connecticut
https://www.ubereats.com/connecticut/food-delivery/dunkin-165-round-hill-rd/mI1pEeS6QCyho4k7II8HyA,westport-connecticut
https://www.ubereats.com/connecticut/food-delivery/edo-japanese-%26-korean-cuisine/j-oWXs0tSMOthaDqLheBYQ,westport-connecticut
https://www.ubereats.com/connecticut/food-delivery/bj-ryans/4682fFb9QpWL49Gj9J-9Rg,westport-connecticut
https://www.ubereats.com/connecticut/food-delivery/johns-best/eAbQ5cXVSA-inM_gu_f5dA,westport-connecticut
https://www.ubereats.com/connecticut/food-delivery/rio-border-cafe/I_1f8k-oR2yYKXzD66jCMw,westport-connecticut
https://www.ubereats.com/connecticut/food-delivery/dolce-italian-cafe/o2fLYIFrToCYerIMWCoeXg,westport-connecticut
https://www.ubereats.com/connecticut/food-delivery/new-kitchen/MwIlO79CQs2sPJPwZaBRZw,westport-connecticut
https://www.ubereats.com/connecticut/food-delivery/burger-bar-%26-bistro/czb74PYfRViL7t5se-Ky4g,westport-connecticut
https://www.ubereats.com/connecticut/food-delivery/planet-pizza-westport/ZZFTZNl4RRKV9Db2lu98SQ,westport-connecticut
https://www.ubereats.com/connecticut/food-delivery/cuatro-hermanos/fWt_TbEKSnKtMinQTBynYw,westport-connecticut
https://www.ubereats.com/connecticut/food-delivery/baja-cocina/KYNX0yobTyW0wQDhhis8Tg,westport-connecticut
https://www.ubereats.com/connecticut/food-delivery/sobol-wilton/TD4nV5wER0m6jqMoqPGVdQ,westport-connecticut
https://www.ubereats.com/connecticut/food-delivery/j-bagels-%26-cafe/S4FtDmB-SQmmwq2qX5JADA,westport-connecticut
https://www.ubereats.com/connecticut/food-delivery/grk-grill/e0YQTyZ8RZ-7ypuhsE08KQ,westport-connecticut
https://www.ubereats.com/connecticut/food-delivery/five-stars-combo/fzwSki37SEmS8Z2QO-NowQ,westport-connecticut
https://www.ubereats.com/connecticut/food-delivery/pokemoto-norwalk-ct/isJbIMnsQACUY2GZwoDNtQ,westport-connecticut
https://www.ubereats.com/connecticut/food-delivery/dunkin-23-bridge-sq/l6lRhiEJTPy9WqR3B2ejKQ,westport-connecticut
https://www.ubereats.com/connecticut/food-delivery/golden-million/QjlrhoiUTtSGJHU5zZkEiQ,westport-connecticut
https://www.ubereats.com/connecticut/food-delivery/godavari-norwalk/PSh_ZaeOQvieQNBZFCp6cA,westport-connecticut
https://www.ubereats.com/connecticut/food-delivery/cactus-rose/Z01OXSc6RMeJoVUTAbagmw,westport-connecticut
https://www.ubereats.com/connecticut/food-delivery/be-chocolat/fqytx8SrSpihSbIk0virXQ,westport-connecticut
https://www.ubereats.com/connecticut/food-delivery/great-wall-chinese-restaurant/VD1sTqg_RUaWqB4gTzL9QQ,westport-connecticut
https://www.ubereats.com/connecticut/food-delivery/main-port-fish-and-chips/ZEhxOlO-R5yhKN_zEcZLHg,westport-connecticut
https://www.ubereats.com/connecticut/food-delivery/china-king/3JW6_hITQC6FeundTKNIwQ,westport-connecticut
https://www.ubereats.com/connecticut/food-delivery/thai-kit/mT2Ou2r5T8eOFBUWmOBnug,westport-connecticut
https://www.ubereats.com/connecticut/food-delivery/post-road-diner/JKGY_NBCSBehyhfYADbzEA,westport-connecticut
https://www.ubereats.com/connecticut/food-delivery/harbor-lights-restaurant/skaeHiFYRYajW0Ln2P4V5Q,westport-connecticut
https://www.ubereats.com/connecticut/food-delivery/yalla-organic-hummus-%26-grill/TCgxH9fvScyPVdKsOSsXyQ,westport-connecticut
https://www.ubereats.com/connecticut/food-delivery/il-posto/yrL9L97JQHuPNjX5l3gt7g,westport-connecticut
https://www.ubereats.com/connecticut/food-delivery/amis-trattoria-westport/cUqWYoFbSaCO9-wZx5vReA,westport-connecticut
https://www.ubereats.com/connecticut/food-delivery/a%26s-italian-fine-foods/CUixIB2SQL2veAsM_qMxoA,westport-connecticut
https://www.ubereats.com/connecticut/food-delivery/bryac-restaurant-%26-raw-bar/LgCtJEBIQ7izVJn_ksxOkw,westport-connecticut
https://www.ubereats.com/connecticut/food-delivery/giacomos-deli/-6dqsqULS3GT8kouxtxvzg,westport-connecticut
https://www.ubereats.com/connecticut/food-delivery/walrus-alley/VkmbJdiPTz2qvG-2B7LUsA,westport-connecticut
https://www.ubereats.com/connecticut/food-delivery/new-golden-empire/9g1ebZ75Sam0NpbP14lHjA,westport-connecticut
https://www.ubereats.com/connecticut/food-delivery/cafe-madrid/g-G3wq9tSs-QZy0ZGf4mPA,westport-connecticut
https://www.ubereats.com/connecticut/food-delivery/blue-cactus-grill-fairfield/jpNoVA4KQsCYlEK2f4SOYw,westport-connecticut
https://www.ubereats.com/connecticut/food-delivery/starbucks-westport-saugatuck-river/ivbytagNRsyNqlU_4rAIbQ,westport-connecticut
https://www.ubereats.com/connecticut/food-delivery/romanacci-express/I6pZgdN0ThiMkwgLPqgfPw,westport-connecticut
https://www.ubereats.com/connecticut/food-delivery/parkerwestport/ZsbCek02Q7SHQEeo6aMyLA,westport-connecticut
https://www.ubereats.com/connecticut/food-delivery/bourbon-raw/E-cvnsKkQo2kqitqk9e-fA,westport-connecticut
https://www.ubereats.com/connecticut/food-delivery/five-guys-ct-1036-534-post-road-east/TCgjnXJpSdekVd40yv8BDA,westport-connecticut
https://www.ubereats.com/connecticut/food-delivery/seaside-sweets/lyg421gkS1uUagjCac42-w,westport-connecticut
https://www.ubereats.com/connecticut/food-delivery/brick-%2B-wood/wkDPMaDqSNm8XfQG64EzuA,westport-connecticut
https://www.ubereats.com/connecticut/food-delivery/new-asian-chinese-%26-japanese-restaurant/UK2ivf-SQTaHRlClxh6RcQ,westport-connecticut
https://www.ubereats.com/connecticut/food-delivery/uncle-leos-coffee-%26-donuts/u5T8RkT2Tv-kuplGyHREOQ,westport-connecticut
https://www.ubereats.com/connecticut/food-delivery/the-sand-wedge-deli-%26-catering/_SI0BIS8RXSoewSBuoCl9w,westport-connecticut
https://www.ubereats.com/connecticut/food-delivery/china-town-express/rmPrEDEbS7aW8ZOXTxmEWQ,westport-connecticut
https://www.ubereats.com/connecticut/food-delivery/starbucks-wilton-river-road/061LzDkqRaC_Po1ZTFRRBg,westport-connecticut
https://www.ubereats.com/connecticut/food-delivery/pink-sumo-sushi-%26-sake-cafe/uqdNzvRpTj-QPIMd3byb8Q,westport-connecticut
https://www.ubereats.com/connecticut/food-delivery/subway-norwalk/uMNeyIuwRZegASvcXKHS7w,westport-connecticut
https://www.ubereats.com/connecticut/food-delivery/la-cocina-restaurant-%26-bakery/bKVNK3FNTt-WXPdTK6xLqA,westport-connecticut
https://www.ubereats.com/connecticut/food-delivery/sedona-taphouse-connecticut/3ODMC8I5TaOtPI1rjHUofw,westport-connecticut
https://www.ubereats.com/connecticut/food-delivery/mikes-pizza/iXI8p22QQSO44vY7RAbKjw,westport-connecticut
https://www.ubereats.com/connecticut/food-delivery/everybodyeatz/0ELl_DLQS6-YL5OHByewhA,westport-connecticut
https://www.ubereats.com/connecticut/food-delivery/greens-on-the-go-ct/UzL1CQPMT8O7YaN4m5286w,westport-connecticut
https://www.ubereats.com/connecticut/food-delivery/the-granola-bar-westport/VFpcufOKQKi3SARdrTKqxg,westport-connecticut
https://www.ubereats.com/connecticut/food-delivery/fiesta-limena-restaurant/2GsVv0WASzK9z9XYQ1tjyw,westport-connecticut
https://www.ubereats.com/connecticut/food-delivery/boston-market-14-danbury-road/CUL0860hRymGsfbZCq1rMA,westport-connecticut
https://www.ubereats.com/connecticut/food-delivery/walrus-%2B-carpenter/AR3GObjsTaKysL5KkB180Q,westport-connecticut
https://www.ubereats.com/connecticut/food-delivery/captain-pizza-no-5/SG0b3WYISt2fEEc9tnH1lQ,westport-connecticut
https://www.ubereats.com/connecticut/food-delivery/marias-place/WDPeOjwSQhywYPDwmNi8eg,westport-connecticut
https://www.ubereats.com/connecticut/food-delivery/mangia-deli-%26-catering/oE5CWsuXQ2qOtp-xM7yH_A,westport-connecticut
https://www.ubereats.com/connecticut/food-delivery/duchess-restaurant-black-rock-turnpike/0io_27MrSca4fJyp_4Hj1Q,westport-connecticut
https://www.ubereats.com/connecticut/food-delivery/matsu-sushi/eHvnDMCUQZOMGad1Tj6OaA,westport-connecticut
https://www.ubereats.com/connecticut/food-delivery/pronto-chop-shop-%26-pizzeria/ESYN1stQQbKMrmX1oQYfQg,westport-connecticut
https://www.ubereats.com/connecticut/food-delivery/dunkin-35-danbury-rd/VLfeWVwwQ5y8DeNIrTkEYA,westport-connecticut
https://www.ubereats.com/connecticut/food-delivery/ms-barbara-jeans-soul-food-kitchen/JR2L4WCzTAaUN0n1lCadSQ,westport-connecticut
https://www.ubereats.com/connecticut/food-delivery/55-wine-bar-%26-wood-grille/TJY1o-FQReynCBbRNtwesg,westport-connecticut
https://www.ubereats.com/connecticut/food-delivery/country-convenience/o-Rbti4nTySwIzsQ0CodnQ,westport-connecticut
https://www.ubereats.com/connecticut/food-delivery/los-gemelos-deli-and-restaurant/9tqXZDoXQ46UEKCw5Sqv5A,westport-connecticut
https://www.ubereats.com/connecticut/food-delivery/arezzo-ristorante/igrL3sVFQM6zwUq5E8OWMw,westport-connecticut
https://www.ubereats.com/connecticut/food-delivery/oishi-sushi-and-izakaya/3n4jHVyDRyqAursIPP2wqw,westport-connecticut
https://www.ubereats.com/connecticut/food-delivery/fruta-juice/lTY2u6SMQAyih20zp-uj4g,westport-connecticut
https://www.ubereats.com/connecticut/food-delivery/kazu-japanese-restaurant/o44_u8CwRzCjTMYuqAU0CQ,westport-connecticut
https://www.ubereats.com/connecticut/food-delivery/connecticut-coffee-and-grill/DvSQ0s_rQtOTinbhnNSPsw,westport-connecticut
https://www.ubereats.com/connecticut/food-delivery/slice-of-italy/IRBJ-0yOSAaQxeaPxkafiQ,westport-connecticut
https://www.ubereats.com/connecticut/food-delivery/new-canaan-diner/dONSUUYIR2yrYSTVb74PTw,westport-connecticut
https://www.ubereats.com/connecticut/food-delivery/fiesta-express/j7RdCkBDQweELtgmniiPxw,westport-connecticut
https://www.ubereats.com/connecticut/food-delivery/dunkin-1533-post-rd-e/SHmM-hu9Ru2z23JrTZI0sQ,westport-connecticut
https://www.ubereats.com/connecticut/food-delivery/chocolate-works-25-old-kings-hwy-n/h-WXMx-XStONE5ALW83jSQ,westport-connecticut
https://www.ubereats.com/connecticut/food-delivery/hometown-retro-kitchen/Z0LHVobyRzSBHJGCguSP9w,westport-connecticut
https://www.ubereats.com/connecticut/food-delivery/zohra-deli/2hEKeb24TO6Ez8iOWhmeDg,westport-connecticut
https://www.ubereats.com/connecticut/food-delivery/bonchon-chicken-1561-post-rd/oaoZbr-hSoSQQBPjdBgEkA,westport-connecticut
https://www.ubereats.com/connecticut/food-delivery/dunkin-99-new-canaan-ave/CjJCgCFYRzy7DmdGVjwvDw,westport-connecticut
https://www.ubereats.com/connecticut/food-delivery/uncle-seven-chinese-restaurant/pXRUqXatSS-5Ir-gBH-dhQ,westport-connecticut
https://www.ubereats.com/connecticut/food-delivery/five-guys-ct-1476-1221-high-ridge-rd/PrUGcbTqTAyMwlRKih8Gcg,westport-connecticut
https://www.ubereats.com/connecticut/food-delivery/bandido-mexican-restaurant/EiUqIBpWTnWW7vz0dZxfBQ,westport-connecticut
https://www.ubereats.com/connecticut/food-delivery/nit-noi-provisions/JhazGQ-kT7-9FqbXlW_fjA,westport-connecticut
https://www.ubereats.com/connecticut/food-delivery/embody-fitness-gourmet-westport/sdG4J3ysRPmRnB9fBiylsA,westport-connecticut
https://www.ubereats.com/connecticut/food-delivery/the-boathouse-restaurant-%40-saugatuck-rowing-club/kvwKYu6ST52ShngPO86KbQ,westport-connecticut
https://www.ubereats.com/connecticut/food-delivery/shake-shack-1849-post-road-east/MXJKeP1rTfO-wjgO8qNqOQ,westport-connecticut
https://www.ubereats.com/connecticut/food-delivery/antojos/aWjNsuLFRbubwfbBSADLtQ,westport-connecticut
https://www.ubereats.com/connecticut/food-delivery/positano-restaurant/to5YrV14RVmiIbJgzjavfg,westport-connecticut
https://www.ubereats.com/connecticut/food-delivery/hibachi-sushi-ya/LtexEFeDQ0GONTUZnPjG4A,westport-connecticut
https://www.ubereats.com/connecticut/food-delivery/locali-pizza-bar/jH3cJRYSS_qUAboSED110w,westport-connecticut
https://www.ubereats.com/connecticut/food-delivery/local-kitchen-and-beer-bar-fairfield/id5jvQgOQdSJZhJCcVpAJQ,westport-connecticut
https://www.ubereats.com/connecticut/food-delivery/little-pub-wilton/db3TyOQ0SW-r_IDddQqisw,westport-connecticut
https://www.ubereats.com/connecticut/food-delivery/la-fonda-restaurant/HDTOXHGGRWG7UEbPfNzGyg,westport-connecticut
https://www.ubereats.com/connecticut/food-delivery/sweet-basil/lqMXz62EQG-WzBaG60UOkQ,westport-connecticut
https://www.ubereats.com/connecticut/food-delivery/dunkin-3355-post-rd/0Ys7QrgFR1aY-I4mRm9t2Q,westport-connecticut
https://www.ubereats.com/connecticut/food-delivery/los-poblanos-restaurant/HpAmsrqDQkaWfqsA8Py9EA,westport-connecticut
https://www.ubereats.com/connecticut/food-delivery/vedas-indian-cuisine-westport/h1aPIOG9RUaXeKIU7WwB9w,westport-connecticut
https://www.ubereats.com/connecticut/food-delivery/kfc-richards-ave/Ix45WgjmTSmZfU014KtUBQ,westport-connecticut
https://www.ubereats.com/connecticut/food-delivery/italian-kitchen/5Zakn2FcQVGa0MM_CPg8nQ,westport-connecticut
https://www.ubereats.com/connecticut/food-delivery/taco-bell-1-ct-turnpike-west/NGbGp3NISKi4LINNbl_iSw,westport-connecticut
https://www.ubereats.com/connecticut/food-delivery/toms-deli-%26-convenience/hvtFGaTvQq6-Vwab3_f-5A,westport-connecticut
https://www.ubereats.com/connecticut/food-delivery/boston-sammies/XyLayh-fTteUNgm8l_I1RQ,westport-connecticut
https://www.ubereats.com/connecticut/food-delivery/paramount-pizza/aDPEmoEOS1WiVahN611Cww,westport-connecticut
https://www.ubereats.com/connecticut/food-delivery/a%26s-fine-foods/VXDeFvoXRWOpuv49HdW28A,westport-connecticut
https://www.ubereats.com/connecticut/food-delivery/nikos-pizza-%26-greek-grill/cYVNdt5hS-6ET_gecMQ9cg,westport-connecticut
https://www.ubereats.com/connecticut/food-delivery/metro-kitchen-and-bar/nhTndUhVTnOBSxuAgqfsUg,westport-connecticut
https://www.ubereats.com/connecticut/food-delivery/chef-prasad/eUT7t1VRSa683kSizE2_Bw,westport-connecticut
https://www.ubereats.com/connecticut/food-delivery/mumbai-rasoi/Sxva7Jn0TdexAkSyfIsYlA,westport-connecticut
https://www.ubereats.com/connecticut/food-delivery/tacos-los-potrillos-food-truck/3KltC88wRHa8qo2LzmxMkQ,westport-connecticut
https://www.ubereats.com/connecticut/food-delivery/cove-deli-%26-cafe/90tPz_UaQNyTgHE9L2Z3Cg,westport-connecticut
https://www.ubereats.com/connecticut/food-delivery/tonys-deli-new-canaan/lC-VgBeEQnqzDjUFDEVTsg,westport-connecticut
https://www.ubereats.com/connecticut/food-delivery/bonani-indian-kitchen/bL7n5LLDTnuz8iTimyNuIw,westport-connecticut
https://www.ubereats.com/connecticut/food-delivery/starbucks-fairfield-boston-post-rd/4uIRtnQKQVOzr0AMYIrUPQ,westport-connecticut
https://www.ubereats.com/connecticut/food-delivery/fortunas-deli/B6-L9cZnQR6z7Jmgr_Nisw,westport-connecticut
https://www.ubereats.com/connecticut/food-delivery/luna-azzura/AmQ2DBGnSM-2BLGFKz5p4w,westport-connecticut
https://www.ubereats.com/connecticut/food-delivery/antojitos-latinos-bar-%26-restaurant/44sPh4xpRP6IsTEryQpUxw,westport-connecticut
https://www.ubereats.com/connecticut/food-delivery/rio-bravo-tacos-%26-tequila-77-n-main-st/NVqjl4NKTJeC9kiiPw34qQ,westport-connecticut
https://www.ubereats.com/connecticut/food-delivery/the-village/aX8kURNwTJONY0-dGII3cg,westport-connecticut
https://www.ubereats.com/connecticut/food-delivery/jersey-mikes-subs-westport-398-post-road-east/-m2Odb-LRnORDV03dBUR-A,westport-connecticut
https://www.ubereats.com/connecticut/food-delivery/artisanal-pizza/vOUl141UR6C17-WZQnMeCQ,westport-connecticut
https://www.ubereats.com/connecticut/food-delivery/the-market-bar-and-bistro/xYZB84h_QayF7rsA102wiA,westport-connecticut
https://www.ubereats.com/connecticut/food-delivery/sabor-de-mi-pueblo/FSl1yVJpRCuj-VMeUlZUzg,westport-connecticut
https://www.ubereats.com/connecticut/food-delivery/green-%26-tonic-westport/VCPIl-z-SL2254FqLfRhxg,westport-connecticut
https://www.ubereats.com/connecticut/food-delivery/calises-deli/BVYdpleqRryWIXLRZu91Iw,westport-connecticut
https://www.ubereats.com/connecticut/food-delivery/vedas-indian-cuisine-norwalk/W0i7Wa80R_CDmAORW0uQMw,westport-connecticut
https://www.ubereats.com/connecticut/food-delivery/bobs-burger-ct/dYLeuSnRSjK02F2Fcj5D6A,westport-connecticut
https://www.ubereats.com/connecticut/food-delivery/gates-restaurant/67lOaDrsTJ6yuQ53EXiEwA,westport-connecticut
https://www.ubereats.com/connecticut/food-delivery/zumeta-bistro-food-truck/vApgwG3BR_KQ2yDn5hIilw,westport-connecticut
https://www.ubereats.com/connecticut/food-delivery/tropical-deli/xS2lGIMQQnaPQdrO0p7gCQ,westport-connecticut
https://www.ubereats.com/connecticut/food-delivery/clubhouse-grille/_FNmmRyxRriQIItMty3s0A,westport-connecticut
https://www.ubereats.com/connecticut/food-delivery/duchess-restaurant-norwalk/L0c_FXjaSIu78IQzYUKC1Q,westport-connecticut
https://www.ubereats.com/connecticut/food-delivery/360-degrees-catering-co/Ds9-vW4OSaO6-7cZYLqq1Q,westport-connecticut
https://www.ubereats.com/connecticut/food-delivery/wayback-burgers-607-main-ave/GEGHy6V8Q0SGTC8w3HNAKQ,westport-connecticut
https://www.ubereats.com/connecticut/food-delivery/la-mexicana-restaurant-and-bakery/47GETxRPR-GsQtweU4O6ug,westport-connecticut
https://www.ubereats.com/connecticut/food-delivery/outback-steakhouse-14-danbury-road/yVihg86_ReeykCaZrjkQQg,westport-connecticut
https://www.ubereats.com/connecticut/food-delivery/the-sinclair/xRo4jrhESQCyGoxmGdKY9A,westport-connecticut
https://www.ubereats.com/connecticut/food-delivery/silvermine-market/U7tjsGx6Sva34rniZlQHwQ,westport-connecticut
https://www.ubereats.com/connecticut/food-delivery/kings-deli/r92Cij83SpK38alXjNzufw,westport-connecticut
https://www.ubereats.com/connecticut/food-delivery/wings-over-fairfield/MzPcY0gTSqi6Hh2Xb6HT7Q,westport-connecticut
https://www.ubereats.com/connecticut/food-delivery/mi-chinita/N4_mKKIcQUW7LeWQHIVZug,westport-connecticut
https://www.ubereats.com/connecticut/food-delivery/jrs-deli-and-grille/SHopBRBgTG2IdN3m_a_cdQ,westport-connecticut
https://www.ubereats.com/connecticut/food-delivery/scena-wine-bar-%26-restaurant/LwMc51U_T4majEYgxZabhQ,westport-connecticut
https://www.ubereats.com/connecticut/food-delivery/howells-jamaican-bakery-and-restaurant/BUtiPfrTQfCiuyhE7iktBQ,westport-connecticut
https://www.ubereats.com/connecticut/food-delivery/el-peron-norwalk/Cn1rLmPST7W9QeUwenpm8Q,westport-connecticut
https://www.ubereats.com/connecticut/food-delivery/maioness-brick-oven-pizza/vt3W43F-R3qYofGA9xV6gQ,westport-connecticut
https://www.ubereats.com/connecticut/food-delivery/pinstripes-norwalk/v3kdFxqeR8md5DtP-tz1IA,westport-connecticut
https://www.ubereats.com/connecticut/food-delivery/carvel-456-main-avenue/Hpa6p1tVT7mR8p06o6r24Q,westport-connecticut
https://www.ubereats.com/connecticut/food-delivery/hole-in-the-wall-fairfield/DRk5V-6qQcKqmUGO94lI9A,westport-connecticut
https://www.ubereats.com/connecticut/food-delivery/popeyes-norwalk/XSZimsqSTeSYIx080V59-Q,westport-connecticut
https://www.ubereats.com/connecticut/food-delivery/pearl-at-longshore/Fth8b2_LRjipQhtE9OW5GA,westport-connecticut
https://www.ubereats.com/connecticut/food-delivery/duchess-restaurant-post-road/P4zKDx-xRS-nkYoFzRV6Qw,westport-connecticut
https://www.ubereats.com/connecticut/food-delivery/16-handles-fairfield/pGJGkQklTpiX9KOqutPF_g,westport-connecticut
https://www.ubereats.com/connecticut/food-delivery/wing-it-ct/nydgOup6SE2A-IYkkD3ZMQ,westport-connecticut
https://www.ubereats.com/connecticut/food-delivery/dunkin-126-connecticut-ave/ybBeIu9ITtKSf4dmDtSOuQ,westport-connecticut
https://www.ubereats.com/connecticut/food-delivery/restaurante-da-graca/yUGGcJNkSuKrN2wDJZTmuw,westport-connecticut
https://www.ubereats.com/connecticut/food-delivery/la-taqueria-el-chino/UgWDBkJhR8q8wYm4zo209g,westport-connecticut
https://www.ubereats.com/connecticut/food-delivery/krispy-krunchy-chicken-north-ave/nE_ilA0fTzeGOYy-WsF6vw,westport-connecticut
https://www.ubereats.com/connecticut/food-delivery/rio-bravo-fairfield/KA5EWc6ASWG3QuVu87EVQw,westport-connecticut
https://www.ubereats.com/connecticut/food-delivery/sabor-hondureno/nwN-ZuqCS8Ol1qb5gd0ZGQ,westport-connecticut
https://www.ubereats.com/connecticut/food-delivery/little-pub-fairfield/MsztJS72SZOOc0noRtwzIA,westport-connecticut
https://www.ubereats.com/connecticut/food-delivery/la-paella-tapas-wine-bar-%26-restaurant/Qs-LBh8kQPWy6aZLqChvew,westport-connecticut
https://www.ubereats.com/connecticut/food-delivery/bubblys-bubble-tea/id7mnKEwR_S8IC72Fh1ipA,westport-connecticut
https://www.ubereats.com/connecticut/food-delivery/toozy-patza-pizza/s531IpX-QYSSvV-mZ8GhoQ,westport-connecticut
https://www.ubereats.com/connecticut/food-delivery/mecha-noodle-bar-fairfield/Yp4ihd4vQb-x0ViDZt7hQg,westport-connecticut
https://www.ubereats.com/connecticut/food-delivery/taste-of-brazil-norwalk/x7UiONwjSKKT2HuTC1fg8A,westport-connecticut
https://www.ubereats.com/connecticut/food-delivery/hashi-sushi/bOmU7reyR4OQ-LqNFKNIOg,westport-connecticut
https://www.ubereats.com/connecticut/food-delivery/bertuccis-darien/KhQ3Rdp4T3ScmXXD7Aiglw,westport-connecticut
https://www.ubereats.com/connecticut/food-delivery/ripkas-on-the-road/z72RFPuaQki_W7QvkfYinQ,westport-connecticut
https://www.ubereats.com/connecticut/food-delivery/nutty-bunny/HqzZJtZEQGO-87GTFCLHqg,westport-connecticut
https://www.ubereats.com/connecticut/food-delivery/planet-pizza/Idz_ih_wTnOhHFwWXu3EGQ,westport-connecticut
https://www.ubereats.com/connecticut/food-delivery/bruxelles-brasserie/Po5B5S1vSl2IO_yUe9O-zw,westport-connecticut
https://www.ubereats.com/connecticut/food-delivery/isabelle-et-vincent/WnEZYd45Tn-NGlRoHERMXg,westport-connecticut
https://www.ubereats.com/connecticut/food-delivery/chips-family-restaurant-fairfield/L1HCu9zjSaOFD8Kt4BO4XQ,westport-connecticut
https://www.ubereats.com/connecticut/food-delivery/super-taqueria-las-salsas/ZvknEw5BSRGxOsQD7DpxTQ,westport-connecticut
https://www.ubereats.com/connecticut/food-delivery/match-burger-lobster-riverside-ave/coUaKBEiT76XRsnCzPTwCg,westport-connecticut
https://www.ubereats.com/connecticut/food-delivery/freshii-19-post-road-east/-IG6aS18SXmDyYAqODaqZg,westport-connecticut
https://www.ubereats.com/connecticut/food-delivery/haruki-ramen-%26-izakaya/SRd_T25jTN2mFg3jt-WGeQ,westport-connecticut
https://www.ubereats.com/connecticut/food-delivery/starbucks-norwalk-darinor-plaza/agkQ4QXwRjGUGaOop7S2sw,westport-connecticut
https://www.ubereats.com/connecticut/food-delivery/el-segundo/hS3YmsAeQpGqtiAV5sKGEg,westport-connecticut
https://www.ubereats.com/connecticut/food-delivery/jersey-mikes-subs-fairfield-2189-black-rock-turnpike/dXQNxSjxQlKib-kavBw_BA,westport-connecticut
https://www.ubereats.com/connecticut/food-delivery/pokemoto-fairfield-ct/XQd3l6V4RQyQhxXerPuaDA,westport-connecticut
https://www.ubereats.com/connecticut/food-delivery/blue-cactus-grill/Gx85r1rVTXaFlDkV9zTKUg,westport-connecticut
https://www.ubereats.com/connecticut/food-delivery/garden-catering-norwalk/6tT8jz84Rs6ef-CcZM9_hA,westport-connecticut
https://www.ubereats.com/connecticut/food-delivery/the-brickyard-pub/sp-GvMd4RMCVBNSGrtil-A,westport-connecticut
https://www.ubereats.com/connecticut/food-delivery/mil-sabores/-WSIvlswSZa0Uouy9u8e1A,westport-connecticut
https://www.ubereats.com/connecticut/food-delivery/no-leftovers/X4ATvbT5QmSiZ_t-FJmm-A,westport-connecticut
https://www.ubereats.com/connecticut/food-delivery/parker-pizza/gcvYbl9QSqaCRvFd-C2ZMw,westport-connecticut
https://www.ubereats.com/connecticut/food-delivery/fairfield-social/-mB7eYskQJ-jNFjk55PjTw,westport-connecticut
https://www.ubereats.com/connecticut/food-delivery/five-guys-ct-1121-420-westport-ave/pp0q-melSWyIx_H_oPt1dA,westport-connecticut
https://www.ubereats.com/connecticut/food-delivery/the-lime-restaurant/uVrT6VyqSFWbEhgLMQfPbQ,westport-connecticut
https://www.ubereats.com/connecticut/food-delivery/dunkin-650-west-ave/pEk7b3yqR5K-o-59av62iw,westport-connecticut
https://www.ubereats.com/connecticut/food-delivery/laylas-falafel-westport/Om5aRK97RYyLkxSN5tQHXw,westport-connecticut
https://www.ubereats.com/connecticut/food-delivery/via-sforza-trattoria/BU4-TeR-SmGwoxAsKSLPGg,westport-connecticut
https://www.ubereats.com/connecticut/food-delivery/starbucks-norwalk-dansk-plaza/zt-Y-opzTlOETUnshorSYg,westport-connecticut
https://www.ubereats.com/connecticut/food-delivery/taco-loco-restaurant/B2Oy1ptpQUWLVwa9q-1cOA,westport-connecticut
https://www.ubereats.com/connecticut/food-delivery/garden-catering-fairfield/44nLFNmrR7uxP7RgHSWjxQ,westport-connecticut
https://www.ubereats.com/connecticut/food-delivery/jimmys-mediterranean-deli/oEur7A44Twis44WPXuIevQ,westport-connecticut
https://www.ubereats.com/connecticut/food-delivery/taco-bell-i-ct-turnpike-east/NW7j3Es4TDaIvrWUvfhtYw,westport-connecticut
https://www.ubereats.com/connecticut/food-delivery/saffron-indian-cuisine/HxO9ZqdQQtWSDOu4_Snkyg,westport-connecticut
https://www.ubereats.com/connecticut/food-delivery/broadway-pizza/CEh43cHQSLKT3uQs2MIw2Q,westport-connecticut
https://www.ubereats.com/connecticut/food-delivery/auroras/PjhoygaLSDaljU__Jv-YlQ,westport-connecticut
https://www.ubereats.com/connecticut/food-delivery/the-spread-south-norwalk/bE1bjHyhSU-larxQDEHMUw,westport-connecticut
https://www.ubereats.com/connecticut/food-delivery/local-kitchen-%26-beer-bar-norwalk/fALsWw_tRjOsJ8FnqOqTlw,westport-connecticut
https://www.ubereats.com/connecticut/food-delivery/wing-squad-darien/fzrEi7wzRzWnysPw_vZ9bQ,westport-connecticut
https://www.ubereats.com/connecticut/food-delivery/subway-940-post-rd-east/ug9mfYmiQrumpIKCDwHNig,westport-connecticut
https://www.ubereats.com/connecticut/food-delivery/the-ice-cream-shop/93VM18BFQO2bVd3ms5AMVQ,westport-connecticut
https://www.ubereats.com/connecticut/food-delivery/bianco-rosso/Z4zsyA_4RwKhUf4z56vBDw,westport-connecticut
https://www.ubereats.com/connecticut/food-delivery/tavern-on-7/JDN9rXO7THWLKqs6f2v5EA,westport-connecticut
https://www.ubereats.com/connecticut/food-delivery/candlewood-market/FdmP9WHxSZq3xiQk3hRyIw,westport-connecticut
https://www.ubereats.com/connecticut/food-delivery/dairy-king/JRRxPTawQG6hYiQ45hZbMw,westport-connecticut
https://www.ubereats.com/connecticut/food-delivery/old-post-tavern/Dh_E5SqwRAm5Ev-bcBW93w,westport-connecticut
https://www.ubereats.com/connecticut/food-delivery/ola-latin-kitchen/yqGr2iPARJ-eYWnu3F4wPw,westport-connecticut
https://www.ubereats.com/connecticut/food-delivery/ucbc-bagel-cafe/jvfFN6Z4THiDDWkYJ8Zy1A,westport-connecticut
https://www.ubereats.com/connecticut/food-delivery/mr-mangos-norwalk/XVKku9_OTk29Ujy4IXDLCA,westport-connecticut
https://www.ubereats.com/connecticut/food-delivery/overtons/XKWxAODMSUepWsbkl6UZWg,westport-connecticut
https://www.ubereats.com/connecticut/food-delivery/bobby-qs-cue-%26-co/x1N1-dnPTOu1YcEFt5PCEg,westport-connecticut
https://www.ubereats.com/connecticut/food-delivery/peachwave-norwalk/mi_lIBAsTOKy9xjDlRtoOw,westport-connecticut
https://www.ubereats.com/connecticut/food-delivery/mcdonalds-post-road-east/nhJrrBA2QsKLmZDA2BjmvA,westport-connecticut
https://www.ubereats.com/connecticut/food-delivery/the-country-store-and-deli/QvOAhBChQkqTYvxeimUjbg,westport-connecticut
https://www.ubereats.com/connecticut/food-delivery/wafu-asian-bistro/cCL9u3AwQHe7HsoWHlujeQ,westport-connecticut
https://www.ubereats.com/connecticut/food-delivery/dunkin-219-east-ave/E7k9PFTcRhiKlz5zmxoZcA,westport-connecticut
https://www.ubereats.com/connecticut/food-delivery/jeera-thai-kitchen-westport/RTei9s3XQ6qD2qUerkmvIg,westport-connecticut
https://www.ubereats.com/connecticut/food-delivery/bella-sera-ristorante/23lCEF80Ti-RFPJL9_Ww_g,westport-connecticut
https://www.ubereats.com/connecticut/food-delivery/casa-bonita-restaurant-%26-lunch/Nz7xVisIQ2yCb8SVKa2_Dw,westport-connecticut
https://www.ubereats.com/connecticut/food-delivery/cafe-aroma/WT4c8u8XRwirisd5tYGV4Q,westport-connecticut
https://www.ubereats.com/connecticut/food-delivery/taj-indian-cuisine/B60FmA0nS9u7jK22YzVSlw,westport-connecticut
https://www.ubereats.com/connecticut/food-delivery/sails-american-grill/0igA32KgRBGuS33x1MxloQ,westport-connecticut
https://www.ubereats.com/connecticut/food-delivery/bardown-grille/ATLd-MKAQjCmTQmPYDbjQQ,westport-connecticut
https://www.ubereats.com/connecticut/food-delivery/don-floro/CkCpcb5GRdiJRlQ9RcZhxQ,westport-connecticut
https://www.ubereats.com/connecticut/food-delivery/cantiki-taco-deck/4fXTqzE-T5Cik_Id7ETJLw,westport-connecticut
https://www.ubereats.com/connecticut/food-delivery/westport-chinese-takeout/cPPEx5QqS-2L-paY_NFBkg,westport-connecticut
https://www.ubereats.com/connecticut/food-delivery/garelick-%26-herbs/tNgMoQ2qSGSfQv1Rf19pDw,westport-connecticut
https://www.ubereats.com/connecticut/food-delivery/jersey-mikes-subs-norwalk-360-connecticut-avenue/JEIzTcgfT7yXs_VDNL1A9A,westport-connecticut
https://www.ubereats.com/connecticut/food-delivery/artis-pizza-e-pasta/FczSKX6pRN-h4RCzJo-ITQ,westport-connecticut
https://www.ubereats.com/connecticut/food-delivery/the-mumbai-times-westport/BZ_FNOGgQKqRi7NcsEKgCw,westport-connecticut
https://www.ubereats.com/connecticut/food-delivery/chefs-table/uNxXiagfQ0-F1O3E_n8JKQ,westport-connecticut
https://www.ubereats.com/connecticut/food-delivery/laylas-falafel-fairfield/4J9IRr__RpWNBNWeaCnXAw,westport-connecticut
https://www.ubereats.com/connecticut/food-delivery/arthur-ave-pizza-and-catering/DwrJPBx-RGCVzFgLkocoAA,westport-connecticut
https://www.ubereats.com/connecticut/food-delivery/mcdonalds-norwalk-rte-1/XMo2OdboRWu5mbaAgmORxQ,westport-connecticut
https://www.ubereats.com/connecticut/food-delivery/dunkin-81-n-main-st/_-Q0lYWfTiGsfdg4f-dMOA,westport-connecticut
https://www.ubereats.com/connecticut/food-delivery/mochica-restaurant/K42ceCtPSB6XgI1uV5ZuDQ,westport-connecticut
https://www.ubereats.com/connecticut/food-delivery/herbs-place/nDPC3If_RSaa6aFLdtjK5Q,westport-connecticut
https://www.ubereats.com/connecticut/food-delivery/papa-johns-pizza-norwalk/2iwpNWUUTiiJg4eKmOwwDA,westport-connecticut
https://www.ubereats.com/connecticut/food-delivery/fairfield-deli-%26-grill/zOZfitF_RTuv9xD0iM-kwQ,westport-connecticut
https://www.ubereats.com/connecticut/food-delivery/village-gourmet/bfnqFzeFRoC0lXVhhNo0ug,westport-connecticut
https://www.ubereats.com/connecticut/food-delivery/the-sandwich-shoppe-danbury-rd/RWa6w-qLSL-5pIuY00EtNA,westport-connecticut
https://www.ubereats.com/connecticut/food-delivery/osteria-romana-norwalk/9sHoe3s2R5aAP1XvquQqMg,westport-connecticut
https://www.ubereats.com/connecticut/food-delivery/angelinas-trattoria/Re5GBmibRgy10590VWxg9w,westport-connecticut
https://www.ubereats.com/connecticut/food-delivery/daniels-food-truck/e0yFiWfsTzu6Cdkivdk1ZA,westport-connecticut
https://www.ubereats.com/connecticut/food-delivery/artisan-restaurant-southport/9sSKIGIrTx6P8ihxJ9pEfQ,westport-connecticut
https://www.ubereats.com/connecticut/food-delivery/pesca-peruvian-bistro/7dghBDUSQ1-VFY5aQ98GWA,westport-connecticut
https://www.ubereats.com/connecticut/food-delivery/craft-14-kitchen-%2B-bar/e-iPlncmT1OWqdr34VIkGQ,westport-connecticut
https://www.ubereats.com/connecticut/food-delivery/the-stand-juice-company-fairfield/-JbdQCeQSReQAxenxkMu6Q,westport-connecticut
https://www.ubereats.com/connecticut/food-delivery/orems-diner/-fF_R0EcQnCzdSlkuDgmrQ,westport-connecticut
https://www.ubereats.com/connecticut/food-delivery/match/a9pQ6-hLTqGohNgG_WqkHw,westport-connecticut
https://www.ubereats.com/connecticut/food-delivery/tequila-mockingbird/8TXVdLLzROmfIl6PKCv83A,westport-connecticut
https://www.ubereats.com/connecticut/food-delivery/good-hope-dumpling-%26-ramen-house/uDBsRogmQxyb_WWz2nS9lA,westport-connecticut
https://www.ubereats.com/connecticut/food-delivery/sole/WiXN3vu1Sw2oNYwWIRme9g,westport-connecticut
https://www.ubereats.com/connecticut/food-delivery/westport-tacos/fxrfS-glSquwG1SWfqHjiA,westport-connecticut
https://www.ubereats.com/connecticut/food-delivery/oak-and-almond-restaurant/aIRSCaV1QSeu8BJCM2rwtQ,westport-connecticut
https://www.ubereats.com/connecticut/food-delivery/south-end-uncorked/Ryj_PjAuTNiQ7Gg6Y0HQKA,westport-connecticut
https://www.ubereats.com/connecticut/food-delivery/winfield-street-coffee-westport/ooOHEdsLRCOJ_ucIYp4MIg,westport-connecticut
https://www.ubereats.com/connecticut/food-delivery/five-guys-ct-1380-340-grasmere-ave/j8xHLPQ9QWWs-h7b2j469A,westport-connecticut
https://www.ubereats.com/connecticut/food-delivery/kawa-ni/Q8Bwjv-_TUiwGZuOUiONFA,westport-connecticut
https://www.ubereats.com/connecticut/food-delivery/milkcraft/5Ak68YeUQzuESSItDSAv6g,westport-connecticut
https://www.ubereats.com/connecticut/food-delivery/super-duper/SmT_z3WyQNCYgt2rAD_k-g,westport-connecticut
https://www.ubereats.com/connecticut/food-delivery/taco-bell-308-lindley-st/C5bkHGrsSvCc8zKpyOKg0g,westport-connecticut
https://www.ubereats.com/connecticut/food-delivery/dunkin-195-main-street/e_T0W-R9Rf-brO_1aHs42g,westport-connecticut
https://www.ubereats.com/connecticut/food-delivery/whoopi-thai-cuisine/FoG18Bb8SNWsF2Umngkk_Q,westport-connecticut
https://www.ubereats.com/connecticut/food-delivery/rainbow-thai-westport/ojbUnhX9QCCWr6IlnKdNLw,westport-connecticut
https://www.ubereats.com/connecticut/food-delivery/reiki-sushi/kSwGFt5NSX6EEl1HPrWLUQ,westport-connecticut
https://www.ubereats.com/connecticut/food-delivery/mamma-winnies-caribbean-restaurant/Sb1K1XNIQIicDw5YClH_Fg,westport-connecticut
https://www.ubereats.com/connecticut/food-delivery/open-rice/NTSY73fhQQiyka-uTvMh0g,westport-connecticut
https://www.ubereats.com/connecticut/food-delivery/tacos-el-azteca-food-truck/sF9VEHTvR6C8SjRxDiqRYQ,westport-connecticut
https://www.ubereats.com/connecticut/food-delivery/rowayton-market/a9D88sxKTWmOqR58pmDM0Q,westport-connecticut
https://www.ubereats.com/connecticut/food-delivery/dantes-pizza/rr8M0BOdTcmjWLDAT3i9ZA,westport-connecticut
https://www.ubereats.com/connecticut/food-delivery/elm-restaurant/yNsS7FUbSMCNOWRF0XYadw,westport-connecticut
https://www.ubereats.com/connecticut/food-delivery/italia-pizzeria/W0HnW1r_SmmCsluxpLjWEA,westport-connecticut
https://www.ubereats.com/connecticut/food-delivery/chipotle-mexican-grill-71-post-rd/aOr9MNmyRHu-_cgvTVDVeg,westport-connecticut
https://www.ubereats.com/connecticut/food-delivery/primo-pizza/Z4TTpgDsTZSR5dQmm3t67A,westport-connecticut
https://www.ubereats.com/connecticut/food-delivery/sukhmanis/JSFnjp17SU-7fQzT7vvxuQ,westport-connecticut
https://www.ubereats.com/connecticut/food-delivery/catch-a-healthy-habit/RBJo-t31TSa_qqEjCKDddw,westport-connecticut
https://www.ubereats.com/connecticut/food-delivery/thai-time/l1zKzj9xQTCi3BPwMauczw,westport-connecticut
https://www.ubereats.com/connecticut/food-delivery/viva-zapata/db4vsVVcQ6m_RO7Be_cUjQ,westport-connecticut
https://www.ubereats.com/connecticut/food-delivery/tuttis-ristorante/vdRx8o2OSS20Tepz6JvZaA,westport-connecticut
https://www.ubereats.com/connecticut/food-delivery/steffanos-pizza-restaurant/Umqg1V2zSD6mW2tXlai4aA,westport-connecticut
https://www.ubereats.com/connecticut/food-delivery/toscano-pizzeria/gja8Nh_oSNufwODYZapazw,westport-connecticut
https://www.ubereats.com/connecticut/food-delivery/burger-king-380-main-avenue/QurwfKuBRwe1ftERQMJmsQ,westport-connecticut
https://www.ubereats.com/connecticut/food-delivery/circle-diner-restaurant/7UCwCE38T0WNIkAGxFN8eQ,westport-connecticut
https://www.ubereats.com/connecticut/food-delivery/cherry-street-east/j6slph0yT2CMINR7tgNXjw,westport-connecticut
https://www.ubereats.com/connecticut/food-delivery/sammy-southport-pizza-and-grill/FQZJZlABScuRCVczObcTfQ,westport-connecticut
https://www.ubereats.com/connecticut/food-delivery/crown-fried-chicken-fairfield-ave/WQjuZWHuSU2q8OpQSwIozA,westport-connecticut
https://www.ubereats.com/connecticut/food-delivery/darien-diner/Co3ADoYVSKKbAYjVK2ibbA,westport-connecticut
https://www.ubereats.com/connecticut/food-delivery/win-healthy-casual-eatery/Sj6kJ7HRR9G4xc5aSskDoA,westport-connecticut
https://www.ubereats.com/connecticut/food-delivery/vavalas-deli-and-catering/g1rMTdgCTza-Suw1GXzPHw,westport-connecticut
https://www.ubereats.com/connecticut/food-delivery/laylas-falafel-trumbull/0B1E7mTUTPqUpmfFTDB5BQ,westport-connecticut
https://www.ubereats.com/connecticut/food-delivery/enchanted-szechuan/qRJcX43DT7uDo6HiGBMEwg,westport-connecticut
https://www.ubereats.com/connecticut/food-delivery/krispy-krunchy-chicken-fairfield-ave/36yks6p6TDyj4-jgmDSXVQ,westport-connecticut
https://www.ubereats.com/connecticut/food-delivery/coromandel-cuisine-of-india-darien/28f0QsnsQPeVVe54KbvNYQ,westport-connecticut
https://www.ubereats.com/connecticut/food-delivery/knot-norms-catering-co/-2mVzUtdSqGHWjnWV8vqJg,westport-connecticut
https://www.ubereats.com/connecticut/food-delivery/qdoba-652-main-ave/quNUlGfsRPOSg9wJgmz0mw,westport-connecticut
https://www.ubereats.com/connecticut/food-delivery/pontos-taverna/tQ4OB6QGTQ62S3VSQxeEag,westport-connecticut
https://www.ubereats.com/connecticut/food-delivery/rye-ridge-deli-westport/_OXY7uJqRT2_ibbtmq44_w,westport-connecticut
https://www.ubereats.com/connecticut/food-delivery/green-%26-tonic-new-canaan/Gx7gk0B8RNCwwFnuKXB6MA,westport-connecticut
https://www.ubereats.com/connecticut/food-delivery/avenida-venezuelan-food/hvdIISDTQBePFttcK0Ad-g,westport-connecticut
