url,city
https://www.ubereats.com/new-orleans/food-delivery/5216-table-and-tap/x9riUgCzRiyoJC_YyB1uyg,westwego-louisiana
https://www.ubereats.com/new-orleans/food-delivery/sno-carnival/JYAx2rTNQvC3lH_jGChaEQ,westwego-louisiana
https://www.ubereats.com/new-orleans/food-delivery/vinnies-sports-bar-%26-grill/HozIV5F0RXiHffr1TmOuzw,westwego-louisiana
https://www.ubereats.com/new-orleans/food-delivery/falafel-king-metairie/hbf39_WCQ5yIlYwNnKyFCA,westwego-louisiana
https://www.ubereats.com/new-orleans/food-delivery/thai-zaap-cafe/R80ZotaFTIeWCqFhNWfwIw,westwego-louisiana
https://www.ubereats.com/new-orleans/food-delivery/haifa-cuisine-%26-hookah-bar/bNU8ul9-Rm6Sh_-oSY3kaQ,westwego-louisiana
https://www.ubereats.com/new-orleans/food-delivery/boba-boba/S7XtOaKHTpWyp8fRolzGXQ,westwego-louisiana
https://www.ubereats.com/new-orleans/food-delivery/mckenzies-chicken-in-a-box/vmklzJVlQoq_1k-lWbfjjQ,westwego-louisiana
https://www.ubereats.com/new-orleans/food-delivery/akira-sushi-hibachi/PGfvRWdCQPS5uhdUPTyUDA,westwego-louisiana
https://www.ubereats.com/new-orleans/food-delivery/mr-poor-boy/KmJeB8juQWWr7Y-OxIJ3UQ,westwego-louisiana
https://www.ubereats.com/new-orleans/food-delivery/kingdom-cafe/RYu1A-4vTPGoF066MvAvdw,westwego-louisiana
https://www.ubereats.com/new-orleans/food-delivery/starbucks-veterans-%26-massachusetts/xfzNiAtQQOW7FNs6isGZ4w,westwego-louisiana
https://www.ubereats.com/new-orleans/food-delivery/shanes-rib-shack-1855-barataria/I5PRwECITwCN_Sga_XQF0A,westwego-louisiana
https://www.ubereats.com/new-orleans/food-delivery/taco-bell-1601-airline-dr/MMWa6JFuQRGwYcVhrifbRQ,westwego-louisiana
https://www.ubereats.com/new-orleans/food-delivery/mona-lisa-bar-and-grill/O0ArhzyMTtWWQHcZfMZHFQ,westwego-louisiana
https://www.ubereats.com/new-orleans/food-delivery/ranchero-wings/jHvXxhvVRkK6-Jx6LJ7Z_A,westwego-louisiana
https://www.ubereats.com/new-orleans/food-delivery/dots-diner-kenner/6Q9DNCNsQm2Xajg66bzrlw,westwego-louisiana
https://www.ubereats.com/new-orleans/food-delivery/taco-bell-2640-belle-chase-hwy/XisUPXbgRrymJoRnEelllw,westwego-louisiana
https://www.ubereats.com/new-orleans/food-delivery/cafe-royale/sj5DtugZR2-Yzw5jBLm-qg,westwego-louisiana
https://www.ubereats.com/new-orleans/food-delivery/1st-choice-meals/FAez4YtWRgSFmgBOmOt1XA,westwego-louisiana
https://www.ubereats.com/new-orleans/food-delivery/red-apple-chinese-restaurant/y8n5mPvJSlWW77_1rEoStA,westwego-louisiana
https://www.ubereats.com/new-orleans/food-delivery/flemings-prime-steakhouse-%26-wine-bar-metairie/JaZ-qfKgRdqoN_RZFBKsOg,westwego-louisiana
https://www.ubereats.com/new-orleans/food-delivery/the-original-italian-pie-kenner/5t6DWvH5SjamGYVbDTqf7Q,westwego-louisiana
https://www.ubereats.com/new-orleans/food-delivery/toups-meatery/gSpzyxnMQ-y1IPPAlNFyBA,westwego-louisiana
https://www.ubereats.com/new-orleans/food-delivery/dimartinos-famous-new-orleans-muffulettas-marrero/--078Mw4TFy_0KSRmSjtWQ,westwego-louisiana
https://www.ubereats.com/new-orleans/food-delivery/outback-steakhouse-1601-barataria-boulevard/cL2-uyNQQaijvmf5TOa7hQ,westwego-louisiana
https://www.ubereats.com/new-orleans/food-delivery/subway-1020-d%26e-westbank-expressway/oBDQaJdOTa6VKnYg6hg6nw,westwego-louisiana
https://www.ubereats.com/new-orleans/food-delivery/cold-stone-creamery-elmwood/OP9nswBPSs6-qhQUEqdmPg,westwego-louisiana
https://www.ubereats.com/new-orleans/food-delivery/dots-diner-river-ridge/C61kAtePR06wc1XLJ7w2kg,westwego-louisiana
https://www.ubereats.com/new-orleans/food-delivery/taqueria-rancho-chico/-XAemC01TRGZ2BakjWq0hw,westwego-louisiana
https://www.ubereats.com/new-orleans/food-delivery/estralitas-cafe/jx8kcot_QM6rEQx4JFajPQ,westwego-louisiana
https://www.ubereats.com/new-orleans/food-delivery/sweet2eat/EjxXaX51Tjmpg53MjAG18g,westwego-louisiana
https://www.ubereats.com/new-orleans/food-delivery/nola-desi-kitchen/tEGRAtNqSAyF1qyvK_Sjcg,westwego-louisiana
https://www.ubereats.com/new-orleans/food-delivery/snackhouse/00kGJQHISGC7EQ_qN4QVxg,westwego-louisiana
https://www.ubereats.com/new-orleans/food-delivery/loft18/GHH_ROyNRQS0w7_PxYywgA,westwego-louisiana
https://www.ubereats.com/new-orleans/food-delivery/smoothie-king-lakeside-mall/ZWVIhRZAQIuNs-7KdCoXYw,westwego-louisiana
https://www.ubereats.com/new-orleans/food-delivery/iguanas-grill-restaurant/KByD03FERGqNL6tIz5WB_Q,westwego-louisiana
https://www.ubereats.com/new-orleans/food-delivery/caludas-cottage-catering/QMoMI1fMTgKEFLjb2K56dg,westwego-louisiana
https://www.ubereats.com/new-orleans/food-delivery/rallys-4001-airline-highway/lGcmP0ndQZWFpG-1i16LoQ,westwego-louisiana
https://www.ubereats.com/new-orleans/food-delivery/marble-slab-creamery-4201-veterans-memorial-blvd/ERBtWijCT9yTi5RvtUv59w,westwego-louisiana
https://www.ubereats.com/new-orleans/food-delivery/wei-dao-asian-cuisine/g8vhXow7RraEbbDsvZ0LuA,westwego-louisiana
https://www.ubereats.com/new-orleans/food-delivery/the-original-italian-pie-harahan/Hh6sxHu8RH6KX5lc2qwsAA,westwego-louisiana
https://www.ubereats.com/new-orleans/food-delivery/poke-loa-elmwood/Kbkore9lQN6mRWlQ8n7BSg,westwego-louisiana
https://www.ubereats.com/new-orleans/food-delivery/little-tokyo-restaurant-causeway/-MNCwaIgTnSyTqnAOz6gjg,westwego-louisiana
https://www.ubereats.com/new-orleans/food-delivery/churchs-chicken-3740-airline-highway/5bFTupawReWM_3XZ59c4ZA,westwego-louisiana
https://www.ubereats.com/new-orleans/food-delivery/mothership-pizza/qS8kJKCpQn-iRTNc7Anpxg,westwego-louisiana
https://www.ubereats.com/new-orleans/food-delivery/just-wing-it/GSw9_jD0Rpmw0OFKZHt5Ww,westwego-louisiana
https://www.ubereats.com/new-orleans/food-delivery/saigon-bistro/TUpGtOsZSa2nmgzrusdgZg,westwego-louisiana
https://www.ubereats.com/new-orleans/food-delivery/wendys-4959-lapalco-blvd/CYpY0f4NRzu1zGegI4ooYw,westwego-louisiana
https://www.ubereats.com/new-orleans/food-delivery/starbucks-veterans-blvd-%26-kingman-st/nH42bhOITGaho6V2dKQ_FQ,westwego-louisiana
https://www.ubereats.com/new-orleans/food-delivery/el-paso-mexican-grill/LvTGXESGRP2cU1gPe_Finw,westwego-louisiana
https://www.ubereats.com/new-orleans/food-delivery/french-press-coffee-house-airline-dr/VkJO3y8rTgGSs1DA8lUMyg,westwego-louisiana
https://www.ubereats.com/new-orleans/food-delivery/wah-kitchen/vub1vWktTLGn7ecrdDbzjg,westwego-louisiana
https://www.ubereats.com/new-orleans/food-delivery/dennys-5910-veterans/AKFiHQ2CQNO-l1XmXNPBWA,westwego-louisiana
https://www.ubereats.com/new-orleans/food-delivery/papa-johns-3216-w-esplanade-ave/xDhpeVE4Q4Keq3JYliWojw,westwego-louisiana
https://www.ubereats.com/new-orleans/food-delivery/harahan-pizza-shack/AUuH1bS8SeChfhPS44WUzA,westwego-louisiana
https://www.ubereats.com/new-orleans/food-delivery/taco-bell-8817-west-veterans-memorial-blvd/fD_h81IrRXiPTsBzkK8Zgg,westwego-louisiana
https://www.ubereats.com/new-orleans/food-delivery/andreas-restaurant/1nphOd5CThGTLMYlPBUKhQ,westwego-louisiana
https://www.ubereats.com/new-orleans/food-delivery/red-apple-chinese-restaurant/7PcubulcTC6n-CIAgBX6TQ,westwego-louisiana
https://www.ubereats.com/new-orleans/food-delivery/lakeview-harbor/68E5yujMQhiLPJJBfqWuRg,westwego-louisiana
https://www.ubereats.com/new-orleans/food-delivery/step-brothers-sports-bar-%26-grill/G5wSZKv0TAerO3fWjIKDMA,westwego-louisiana
https://www.ubereats.com/new-orleans/food-delivery/saltgrass-4860-veterans-memorial-blvd/5APy0gTrTiaqBJRiyA-B4w,westwego-louisiana
https://www.ubereats.com/new-orleans/food-delivery/mcdonalds-ames/VrtBtS4gRVud-xp178MhKg,westwego-louisiana
https://www.ubereats.com/new-orleans/food-delivery/churchs-chicken-7020-westbank-exp/TJ5ihVPXQQaDKlMSE_zwog,westwego-louisiana
https://www.ubereats.com/new-orleans/food-delivery/td-seafood-pho-house/GkKU0Y5xQ2e_JRG4iumEbA,westwego-louisiana
https://www.ubereats.com/new-orleans/food-delivery/wendys-4801-airline-dr/3smlEA15TQ6Dwm9dhJTUkw,westwego-louisiana
https://www.ubereats.com/new-orleans/food-delivery/popeyes-3004-jefferson-hwy/GRN616kkRhiyBsZP9C4JRw,westwego-louisiana
https://www.ubereats.com/new-orleans/food-delivery/pho-bistreaux-mounes-st/hu9bklXyRriAzmJGwvnvHw,westwego-louisiana
https://www.ubereats.com/new-orleans/food-delivery/outback-steakhouse-2746-severn-avenue/QkCEK4M-Ts649t5ZVhYVvg,westwego-louisiana
https://www.ubereats.com/new-orleans/food-delivery/aladdin-grill-esplanade-mall/lrki6ZlFRuKBjfBz1Xq7gA,westwego-louisiana
https://www.ubereats.com/new-orleans/food-delivery/mcalisters-deli-1000-west-esplanade/8VnO6JSiR2ayGCplwQgsUg,westwego-louisiana
https://www.ubereats.com/new-orleans/food-delivery/grounded-coffee-cafe/_48L10KEQfKzoLox9NN9bA,westwego-louisiana
https://www.ubereats.com/new-orleans/food-delivery/yabas-cafe-%232/qgvCyOdTSUWez3nTORU8OA,westwego-louisiana
https://www.ubereats.com/new-orleans/food-delivery/mcalisters-deli-8859-veterans-memorial-blvd/2YDmrJw7Qw-LjYlFBtZZUg,westwego-louisiana
https://www.ubereats.com/new-orleans/food-delivery/mcdonalds-s-clearview-pkwy/ISqXdZG4QvGbsQnpHuJYYQ,westwego-louisiana
https://www.ubereats.com/new-orleans/food-delivery/manos-po-boys/mxpN6qAKQVOC-q8UGdANgA,westwego-louisiana
https://www.ubereats.com/new-orleans/food-delivery/mazaj-cafe/jDHCdkmsREOeEUMJ--QyKw,westwego-louisiana
https://www.ubereats.com/new-orleans/food-delivery/mcdonalds-king/6kC6WkbBRYyAxb6D9ayuRw,westwego-louisiana
https://www.ubereats.com/new-orleans/food-delivery/red-star-chinese-restaurant/6kS_t2jKQem0ogdck8k_rQ,westwego-louisiana
https://www.ubereats.com/new-orleans/food-delivery/taco-bell-6715-airline-dr/N7t2ELgmQSKsIwlYuMqWxQ,westwego-louisiana
https://www.ubereats.com/new-orleans/food-delivery/shaunas-sugar-shack/-GoXDJE9ThSRR2JoqJyeEg,westwego-louisiana
https://www.ubereats.com/new-orleans/food-delivery/shimmy-shack/cd0XpgSPRLWOlvKRYDmsCg,westwego-louisiana
https://www.ubereats.com/new-orleans/food-delivery/killer-wings/Lg1C-njpS8KLiFFohPi1wg,westwego-louisiana
https://www.ubereats.com/new-orleans/food-delivery/burger-king-2100-clearview-parkway/eaGlbN9eTSuuyXd8ZGAw4A,westwego-louisiana
https://www.ubereats.com/new-orleans/food-delivery/the-ice-cream-shop/ubX-ZAzYQ6KFNldMM0MQQQ,westwego-louisiana
https://www.ubereats.com/new-orleans/food-delivery/izzos-illegal-burrito-metairie/7gA6kfL_TVWWTeyEEGev6Q,westwego-louisiana
https://www.ubereats.com/new-orleans/food-delivery/lees-hamburgers-metairie/vrs4zXLlRvCk60SWB6-QeQ,westwego-louisiana
https://www.ubereats.com/new-orleans/food-delivery/cafe-equator/-YOSxs0tR7ylN2BpAUDVzQ,westwego-louisiana
https://www.ubereats.com/new-orleans/food-delivery/dimartinos-famous-new-orleans-muffulettas-terry-town/ag9WBqY1SJC4xniJhABcEw,westwego-louisiana
https://www.ubereats.com/new-orleans/food-delivery/buds-broiler-river-ridge/096ha_etSV-YpbismMMDMQ,westwego-louisiana
https://www.ubereats.com/new-orleans/food-delivery/taj-mahal-indian-cuisine/4wAH4azzQ6OMn7WmzPH9Ow,westwego-louisiana
https://www.ubereats.com/new-orleans/food-delivery/french-press-coffee-house-williams-blvd/O6tMFEhLRuWw9cGYizJLPw,westwego-louisiana
https://www.ubereats.com/new-orleans/food-delivery/revelator-coffee/G0igGiHYQ-avD5AlcMG-Xg,westwego-louisiana
https://www.ubereats.com/new-orleans/food-delivery/popeyes-4605-airline-dr/PKVrY8FEQYyTd665z9k0yQ,westwego-louisiana
https://www.ubereats.com/new-orleans/food-delivery/hurricanes-bar-and-grill/HCWL36rZRgClI-ryg-swOQ,westwego-louisiana
https://www.ubereats.com/new-orleans/food-delivery/taco-bell-10384-east-airline-hwy/q-60E9IwTT-fSTHH1e13ig,westwego-louisiana
https://www.ubereats.com/new-orleans/food-delivery/vinnies-caddyshack-bar-%26-grill/MEOuCsYtSC-gvIZptjZjQw,westwego-louisiana
https://www.ubereats.com/new-orleans/food-delivery/quiznos-clearview-pkwy/P3gJJwHwSBGr9k6wtXdDNQ,westwego-louisiana
https://www.ubereats.com/new-orleans/food-delivery/papa-johns-2701-airline-drive/WjI8mhQKS1yw9fviKStv0w,westwego-louisiana
https://www.ubereats.com/new-orleans/food-delivery/wendys-3855-veterans-memorial-blvd/IXIy4cCvRPKmDXhmWEBvHg,westwego-louisiana
https://www.ubereats.com/new-orleans/food-delivery/los-tres-amigos/6FsixTIpSEWPew85GkXIKQ,westwego-louisiana
https://www.ubereats.com/new-orleans/food-delivery/carol-sues-food-store/b28SP7EBQZmrsdITXS8SDg,westwego-louisiana
https://www.ubereats.com/new-orleans/food-delivery/hooks-catching-and-frying-new-orleans/sL2CIUpgR0amO7ITKnMDAw,westwego-louisiana
https://www.ubereats.com/new-orleans/food-delivery/ihop-williams-blvd/w-xJC40MTAiOQ33bT0rNCA,westwego-louisiana
https://www.ubereats.com/new-orleans/food-delivery/ikura-hibachi-and-sushi/HIe4nfhfQCetW08jo7QpQQ,westwego-louisiana
https://www.ubereats.com/new-orleans/food-delivery/mcdonalds-severn/zhWOrEyNQ_CciGSXp5L8NQ,westwego-louisiana
https://www.ubereats.com/new-orleans/food-delivery/wendys-7021-w-bank-expressway/1JaKR2-LSEaSqdr3cVOnUQ,westwego-louisiana
https://www.ubereats.com/new-orleans/food-delivery/danny-and-clydes-food-store-%2326/MT9-fgv9SXaIxx3BC6gHRA,westwego-louisiana
https://www.ubereats.com/new-orleans/food-delivery/subway-9029-jefferson-hwy/3cXHZOqKQTiVfrIKZ-gicQ,westwego-louisiana
https://www.ubereats.com/new-orleans/food-delivery/burger-king-580-terry-pkwy/GxYHGfJRT1-HoUBbtX_Zfg,westwego-louisiana
https://www.ubereats.com/new-orleans/food-delivery/jaime-le-cafe/VX4BQm63Q6W836kOVzSq8A,westwego-louisiana
https://www.ubereats.com/new-orleans/food-delivery/cajun-daiquiri-%26-cafe/bp5kcMW8S0WpBVRtV5WGWw,westwego-louisiana
https://www.ubereats.com/new-orleans/food-delivery/lunch-box-chicken-3500-jefferson-hwy/Zw9WYiKZS_mjgKwyL7xq9A,westwego-louisiana
https://www.ubereats.com/new-orleans/food-delivery/byblos-byblos-market/44O6U4N1Q0afcvZBPwY6eQ,westwego-louisiana
https://www.ubereats.com/new-orleans/food-delivery/hooters-4748-veterans-blvd/d4wSbm71Qv2FS9EfhtM3PA,westwego-louisiana
https://www.ubereats.com/new-orleans/food-delivery/wendys-3705-jefferson-hwy/i6xvlKG0SKisQNXJPJ9Xqw,westwego-louisiana
https://www.ubereats.com/new-orleans/food-delivery/casablanca/6sPCeHLESZK_fPjhktKFeQ,westwego-louisiana
https://www.ubereats.com/new-orleans/food-delivery/ninja-on-the-go/ZW6GZw1_SOSWjmbhiyfO5g,westwego-louisiana
https://www.ubereats.com/new-orleans/food-delivery/cody-bs-the-market/nj0_5UulRIaqtM5jtR5PfQ,westwego-louisiana
https://www.ubereats.com/new-orleans/food-delivery/perks-coffee-%26-cafe/gRj9iVjmQUWRAjz5FGLosA,westwego-louisiana
https://www.ubereats.com/new-orleans/food-delivery/the-break-room/aGh738e4S8G111dM1FiRug,westwego-louisiana
https://www.ubereats.com/new-orleans/food-delivery/zoes-kitchen-701-metairie-road-suite-1a103/E5PHB9dpTte0TDXXpG4Nnw,westwego-louisiana
https://www.ubereats.com/new-orleans/food-delivery/popeyes-2912-highway-90-w/60T21WE5QjqocIHzIwmtDg,westwego-louisiana
https://www.ubereats.com/new-orleans/food-delivery/taco-bell-5141-lapalco-blvd/r_sIsXwiTDCUsoNtjdcx_Q,westwego-louisiana
https://www.ubereats.com/new-orleans/food-delivery/monas-cafe-%26-deli/20rdx20-Tl-3LZW49FoPVw,westwego-louisiana
https://www.ubereats.com/new-orleans/food-delivery/city-greens-citrus-blvd/753FFMZtR7Ov4iYtkj2B1Q,westwego-louisiana
https://www.ubereats.com/new-orleans/food-delivery/swegs-kitchen-veterans/eKZrHI3bShSCSx6A2MqAGA,westwego-louisiana
https://www.ubereats.com/new-orleans/food-delivery/mcdonalds-kenner-vets/vgCzopCgQDy6VKc7zktldg,westwego-louisiana
https://www.ubereats.com/new-orleans/food-delivery/oriental-triangle-chinese-restaurant/ACR0p-JJQ6aEz_bph8sJ9Q,westwego-louisiana
https://www.ubereats.com/new-orleans/food-delivery/papa-johns-6861-jefferson-hwy/xYO9t28rTB6i7Lipisp1Rg,westwego-louisiana
https://www.ubereats.com/new-orleans/food-delivery/out-of-bounds/7FsCR30_RJ6v89rk0EGTVw,westwego-louisiana
https://www.ubereats.com/new-orleans/food-delivery/basil-pasta-house/J-qY_bvWSFirS8cSjMqvwA,westwego-louisiana
https://www.ubereats.com/new-orleans/food-delivery/the-ice-cream-shop/jyTa3lLEQQq8HD4bQlBMTg,westwego-louisiana
https://www.ubereats.com/new-orleans/food-delivery/mcdonalds-lafitte-larose-hwy/K-ybnBcjQta5jtdDq5UKkg,westwego-louisiana
https://www.ubereats.com/new-orleans/food-delivery/monas-cafe-banks/fVzuT_ETSGC628oT8gwcew,westwego-louisiana
https://www.ubereats.com/new-orleans/food-delivery/rolls-n-bowls-metairie-la/2WNc_3tfR22Qg431G61fUg,westwego-louisiana
https://www.ubereats.com/new-orleans/food-delivery/hooks-catching-and-frying-terrytown/LlHHfyANTDuR7mOEQLXJ6w,westwego-louisiana
https://www.ubereats.com/new-orleans/food-delivery/rallys-1875-barataria-boulevard/VJUqZJ4iRjabP5LUiIgSIw,westwego-louisiana
https://www.ubereats.com/new-orleans/food-delivery/adrians-bakery/qcCDQIppRAK9CBbIgWjKpw,westwego-louisiana
https://www.ubereats.com/new-orleans/food-delivery/rallys-5300-jefferson-highway/h-xbhPSIRSeKnN9VzjqdZg,westwego-louisiana
https://www.ubereats.com/new-orleans/food-delivery/bergerons-boudin-and-cajun-meats/Cb35hEBGTuO4zGWHcdMR7Q,westwego-louisiana
https://www.ubereats.com/new-orleans/food-delivery/mrjimspizza-0048-2424-williams-blvd/Bi0bRWGERC6r9ss5_D2zDA,westwego-louisiana
https://www.ubereats.com/new-orleans/food-delivery/tres-bon-cajun-meats/9BHdgRD1TsaebgFjKZzQNA,westwego-louisiana
https://www.ubereats.com/new-orleans/food-delivery/nola-vegan/HjdrkkrzQTSoQKOOJ9b3eg,westwego-louisiana
https://www.ubereats.com/new-orleans/food-delivery/mcdonalds-zephyr/qyK6CpiIQ52HHbqajhudnQ,westwego-louisiana
https://www.ubereats.com/new-orleans/food-delivery/atomic-burger-metairie/dk8LY_w2SvGcNEf55xppDA,westwego-louisiana
https://www.ubereats.com/new-orleans/food-delivery/fuel-express-mart/ooHogjlwSfa_jX1HtryLuQ,westwego-louisiana
https://www.ubereats.com/new-orleans/food-delivery/the-backyard/CvZfjHs7QTaW0IL-f8-bUw,westwego-louisiana
https://www.ubereats.com/new-orleans/food-delivery/byblos-mediterranean-cuisine-old-metairie/WgSgtaCiSESdjpIAQu_6rg,westwego-louisiana
https://www.ubereats.com/new-orleans/food-delivery/taco-bell-1805-veterans-memorial-blvd-east/79_nfhtHQOmyK0aMHP-IzQ,westwego-louisiana
https://www.ubereats.com/new-orleans/food-delivery/buds-broiler-metairie/j-2FskmsStivsabrINS4zw,westwego-louisiana
https://www.ubereats.com/new-orleans/food-delivery/mark-twains-pizza-landing/aa2wSZbPRSKnP9GusFClJQ,westwego-louisiana
https://www.ubereats.com/new-orleans/food-delivery/big-easy-deli-%26-catering/2cOjBL1HRouCkZh1IIOJpQ,westwego-louisiana
https://www.ubereats.com/new-orleans/food-delivery/jamba-juice-veterans-memorial-blvd/tsGNKNH7T32k_YKt2fdQJA,westwego-louisiana
https://www.ubereats.com/new-orleans/food-delivery/smashburger-3301-veterans-blvd-ste-79a/CDXKBRMXSAud5XyKWo7XxA,westwego-louisiana
https://www.ubereats.com/new-orleans/food-delivery/buds-broiler-kenner/sz76g9QqRWOdooMQIyAb4w,westwego-louisiana
https://www.ubereats.com/new-orleans/food-delivery/mcdonalds-jefferson-%26-causeway/7szEBm2CSoCGKcN1H3UYqA,westwego-louisiana
https://www.ubereats.com/new-orleans/food-delivery/porter-%26-lukes/VPRyvwczRqSHY4XSanDcxQ,westwego-louisiana
https://www.ubereats.com/new-orleans/food-delivery/guillorys-deli-%26-tamales/dwqMLFFRTAmI9WG_eUeO7Q,westwego-louisiana
https://www.ubereats.com/new-orleans/food-delivery/original-wings-and-things/VQIjqX86Snmt3OSig7ME3A,westwego-louisiana
https://www.ubereats.com/new-orleans/food-delivery/frostop/5pbqIWZxSYGtpfNc0uEWsQ,westwego-louisiana
https://www.ubereats.com/new-orleans/food-delivery/daiquiri-run-on-61/B5LEErAKRpOzALlLRUeIRg,westwego-louisiana
https://www.ubereats.com/new-orleans/food-delivery/sweet-thangs-by-nolasips/rU9v7ac_SSyP-kcX_DDu8w,westwego-louisiana
https://www.ubereats.com/new-orleans/food-delivery/firehouse-subs-3814-veterans-memorial-blvd/FY2Ob10ZTXCmDcBTFPsP-g,westwego-louisiana
https://www.ubereats.com/new-orleans/food-delivery/district%3A-donutsslidersbrew-elmwood/0O_IqcQnRZyLUnGhw6_8SQ,westwego-louisiana
https://www.ubereats.com/new-orleans/food-delivery/quiznos-barataria-blvd/Enk86kvPSCqRLsjT27cbRQ,westwego-louisiana
https://www.ubereats.com/new-orleans/food-delivery/sherris-sweet-treats-5346-lapalco-blvd/pNvERvICQdOnpnu70Duj-w,westwego-louisiana
https://www.ubereats.com/new-orleans/food-delivery/shyans-kitchen/AL-9j2W8SHiN2vPkEtNewQ,westwego-louisiana
https://www.ubereats.com/new-orleans/food-delivery/westbank-grill/wY3iLg0fQTargY0DNfvJaQ,westwego-louisiana
https://www.ubereats.com/new-orleans/food-delivery/kozs-harahan/RboFSY3wQSebYtdKkISnwQ,westwego-louisiana
https://www.ubereats.com/new-orleans/food-delivery/rallys-1509-manhattan-street/gdGSXJ32RfW-zkI_a9vjJg,westwego-louisiana
https://www.ubereats.com/new-orleans/food-delivery/bevi-metairie/BpUg5zP0RWqwbsBBci79zA,westwego-louisiana
https://www.ubereats.com/new-orleans/food-delivery/carrabbas-4641-veterans-blvd/ntw8lgjqTwWaWdMopEYy9w,westwego-louisiana
https://www.ubereats.com/new-orleans/food-delivery/starbucks-chateau-and-w-esplanade/vWI18I9sQjG7DM--HHJ2JQ,westwego-louisiana
https://www.ubereats.com/new-orleans/food-delivery/zocalo/vWKPqgNtTwmJ0-5H1GLSKw,westwego-louisiana
https://www.ubereats.com/new-orleans/food-delivery/ming-kitchen/0CH0rZNGQM-9KBOIYcNvog,westwego-louisiana
https://www.ubereats.com/new-orleans/food-delivery/wendys-1129-clearview-pkwy/b-NvZlOnTmmO9Oufy21MFA,westwego-louisiana
https://www.ubereats.com/new-orleans/food-delivery/tgi-fridays-2391-harvey-la/3rrd_hSiTRKmqb59aEOWFA,westwego-louisiana
https://www.ubereats.com/new-orleans/food-delivery/7904-bonefish-grill-4848-veterans-blvd-suite-b/Nm4xzuHWRX-TtkVDxvmHcw,westwego-louisiana
https://www.ubereats.com/new-orleans/food-delivery/frey-smoked-meat-company/a1AHsHIhTnSCWw8Vx3u9UQ,westwego-louisiana
https://www.ubereats.com/new-orleans/food-delivery/french-press-coffee-house-severn-ave/lllHQDmESFGZRh5BhfQ98w,westwego-louisiana
https://www.ubereats.com/new-orleans/food-delivery/ihop-i-10/buIqHbFCQyqjXGhnOPd_HA,westwego-louisiana
https://www.ubereats.com/new-orleans/food-delivery/zoes-kitchen-4243-veterans-memorial-blvd/IxOUbd1pRfeL-dycrJFF_g,westwego-louisiana
https://www.ubereats.com/new-orleans/food-delivery/buds-broiler-jefferson/gol6-w3rSGmloAVvL-TQPg,westwego-louisiana
https://www.ubereats.com/new-orleans/food-delivery/wishing-town-bakery-cafe/5iDT7pNDRdeJ91mLAllDIw,westwego-louisiana
https://www.ubereats.com/new-orleans/food-delivery/freezy-street-kenner/Y1K5oo2VT4eK4suw0_fISQ,westwego-louisiana
https://www.ubereats.com/new-orleans/food-delivery/ideal-market-airline-dr/H8MI5DN8S_-s-uPomma3kQ,westwego-louisiana
https://www.ubereats.com/new-orleans/food-delivery/williams-seafood-and-poboys/RMTshCvwRfax27ltEwDYvg,westwego-louisiana
https://www.ubereats.com/new-orleans/food-delivery/pho-michael-vietnamese-cuisine/qUi5jljpTlqKfWy0VyBoDg,westwego-louisiana
https://www.ubereats.com/new-orleans/food-delivery/revel-cafe-and-bar/Hn6SMO62RDW7iUV8ISvb9A,westwego-louisiana
https://www.ubereats.com/new-orleans/food-delivery/dickeys-barbecue-pit-6005-jefferson-hwy/jz231ENiQgifnrZTocuw_Q,westwego-louisiana
https://www.ubereats.com/new-orleans/food-delivery/applebees-1000-west-esplanada-avenue/8PC8cMOkSPiIZ-7eU64Hdg,westwego-louisiana
https://www.ubereats.com/new-orleans/food-delivery/applebees-1220-s-clearview-pkwy-ste-1172/SjcTUXRuTnSTLgBCxu5Zkw,westwego-louisiana
https://www.ubereats.com/new-orleans/food-delivery/creative-cakes/u96UMUy2SKelutteoE3Klw,westwego-louisiana
https://www.ubereats.com/new-orleans/food-delivery/starbucks-barataria-blvd-%26-lapalco-blvd/jSiRZNzORvGseFEYSRALWw,westwego-louisiana
https://www.ubereats.com/new-orleans/food-delivery/the-ice-cream-shop/LjlHEorYSfOJ7IAi90FXmQ,westwego-louisiana
https://www.ubereats.com/new-orleans/food-delivery/the-little-kitchen/geWIDSJjRWetM96sCA1bdQ,westwego-louisiana
https://www.ubereats.com/new-orleans/food-delivery/bears-po-boys-at-gennaros/fmEEnNxITsWJrdr1m_JzBw,westwego-louisiana
https://www.ubereats.com/new-orleans/food-delivery/pf-changs-3301-veterans-memorial-blvd-unit-63/a6wRA8FyTJC7HaRORShVHw,westwego-louisiana
https://www.ubereats.com/new-orleans/food-delivery/breads-on-oak-oak-st/q8Z0kShAQc-p7kVMQmjjoA,westwego-louisiana
https://www.ubereats.com/new-orleans/food-delivery/five-guys-la-1733-3100-severn-ave/0NZKSy6-TNGKCvneaY62RQ,westwego-louisiana
https://www.ubereats.com/new-orleans/food-delivery/popeyes-1301-veterans-memorial-blvd/h1WKPa0MTW2ZQ8_KIjfEuQ,westwego-louisiana
https://www.ubereats.com/new-orleans/food-delivery/home-cooking-cafe/VR8JmwygRMSkQ7-GNdwvqw,westwego-louisiana
https://www.ubereats.com/new-orleans/food-delivery/taco-bell-1117-s-clearview-pkwy/pkBDvkGNSmWV4YXBFoXJ6Q,westwego-louisiana
https://www.ubereats.com/new-orleans/food-delivery/mcdonalds-w-esplanade/HM4b-4BLRzO28LBMh9sCiQ,westwego-louisiana
https://www.ubereats.com/new-orleans/food-delivery/kimmys-pita-pockets-%26-more/iz1V62IxTkWSl6j7r8TMDg,westwego-louisiana
https://www.ubereats.com/new-orleans/food-delivery/lauras-candies/ezbJf6I3Snef6CoSSDNNaQ,westwego-louisiana
https://www.ubereats.com/new-orleans/food-delivery/babbos-pizza-%26-pasta-kitchen/_jIfSRW4TTeU8uNCgWBi6Q,westwego-louisiana
https://www.ubereats.com/new-orleans/food-delivery/wegeaux-cafe/O6mNKc_ZRGa2_gNSkDyDnw,westwego-louisiana
https://www.ubereats.com/new-orleans/food-delivery/the-bulldog-mid-city/5JqetyrAShCXBac1FeHrvA,westwego-louisiana
https://www.ubereats.com/new-orleans/food-delivery/subway-3010-hwy-90/L6S1BfUATqaqYC4Femp_jg,westwego-louisiana
https://www.ubereats.com/new-orleans/food-delivery/fat-city-jefes/0L3xTB5SQdCVhHh3n7p39A,westwego-louisiana
https://www.ubereats.com/new-orleans/food-delivery/daisy-dukes-metairie/BGvZYRSlRSeOlKI5xfOalA,westwego-louisiana
https://www.ubereats.com/new-orleans/food-delivery/augies-restaurant/lqhABU5TT26dpoGkbEbgvA,westwego-louisiana
https://www.ubereats.com/new-orleans/food-delivery/landrys-seafood-house-8000-lakeshore-dr/pfj85hWNSNWlo4gL4e6oqw,westwego-louisiana
https://www.ubereats.com/new-orleans/food-delivery/applebees-3701-veterans-memorial-blvd/sFTRIFvqQ7uhrZb7YcoSuw,westwego-louisiana
https://www.ubereats.com/new-orleans/food-delivery/little-tokyo-restaurant-veterans/sqScRbwpTJyElsKFbb6wrA,westwego-louisiana
https://www.ubereats.com/new-orleans/food-delivery/burger-king-5110-jefferson-hwy/F5XIImXSQcCN9XqSckmCrQ,westwego-louisiana
https://www.ubereats.com/new-orleans/food-delivery/burger-king-916-veterans-memorial-blvd/FvJyRlAqQbaGAJ_Oz4Rz2A,westwego-louisiana
https://www.ubereats.com/new-orleans/food-delivery/who-dat-wings-and-more-%232/fI_mXqwhR5qgjGMVEKYt5A,westwego-louisiana
https://www.ubereats.com/new-orleans/food-delivery/brown-butter-southern-kitchen-%26-bar/2U3UjHxHTvKEQ_7esBuZHw,westwego-louisiana
https://www.ubereats.com/new-orleans/food-delivery/izzos-illegal-burrito-manhattan-blvd/rtyD49a0Rvu3sqTxP4CrMw,westwego-louisiana
https://www.ubereats.com/new-orleans/food-delivery/pokeworks-3413-veterans-memorial-blvd/o01m8l4USUCPo3niCXbyeQ,westwego-louisiana
https://www.ubereats.com/new-orleans/food-delivery/kfc-taco-bell-1001-westbank-expressway/FZT1TzpARJ2UZamfuah7nA,westwego-louisiana
https://www.ubereats.com/new-orleans/food-delivery/wegeaux-cafe/Qos3XRu2Tu2tvXHwkMbAnw,westwego-louisiana
https://www.ubereats.com/new-orleans/food-delivery/mcdonalds-green-acres/HEwIycK-TWuq2huDLMDgpg,westwego-louisiana
https://www.ubereats.com/new-orleans/food-delivery/naruto-sushi/QR2SMh01TomMn1MmH4vtZw,westwego-louisiana
https://www.ubereats.com/new-orleans/food-delivery/broadview-seafood/7y5ioIehTqiYY2qVgiwtFQ,westwego-louisiana
https://www.ubereats.com/new-orleans/food-delivery/fast-stop/_uTCa9eOT5CfBtTyxKoA4w,westwego-louisiana
https://www.ubereats.com/new-orleans/food-delivery/mcdonalds-river-ridge/FUTnq2x6Q8yb4YInAGzMFA,westwego-louisiana
https://www.ubereats.com/new-orleans/food-delivery/burger-king-2601-veterans-memorial-blvd/ZQ3M8OBNQ1uI8bxnlvRY8A,westwego-louisiana
https://www.ubereats.com/new-orleans/food-delivery/hickory-cafe-%26-grill/9t2A_41aRveIEMuj4NQfVg,westwego-louisiana
https://www.ubereats.com/new-orleans/food-delivery/mcdonalds-airline-%26-labarre/A22T7tSPSlGlz9E8BM6q9g,westwego-louisiana
https://www.ubereats.com/new-orleans/food-delivery/pollo-campero-kenner-williams-blvd/mpj6NfSsS7eLTtOxbpDXmw,westwego-louisiana
https://www.ubereats.com/new-orleans/food-delivery/gyro-grill/PYpS-GRFSz-YiM5ostRfZA,westwego-louisiana
https://www.ubereats.com/new-orleans/food-delivery/taco-bell-3840-veterans-memorial-blvd/gIxGzvq2S-2n3jiRZKcAjw,westwego-louisiana
https://www.ubereats.com/new-orleans/food-delivery/mcalisters-deli-airline/Nxqy4yrlSZS20QNIXZNThw,westwego-louisiana
https://www.ubereats.com/new-orleans/food-delivery/dejepe-bakery/okZDV9utSS61Xv7h1olIEQ,westwego-louisiana
https://www.ubereats.com/new-orleans/food-delivery/dunkin-4300-veterans-memorial-blvd/xXQNVf1dSqONokMDUQoYlg,westwego-louisiana
https://www.ubereats.com/new-orleans/food-delivery/nice-guys-bar-and-grill/tpsetwZgTm6JJdIFyFx0_g,westwego-louisiana
https://www.ubereats.com/new-orleans/food-delivery/mi-frida/AN_veoM4SZyn2xBY_9G_hg,westwego-louisiana
https://www.ubereats.com/new-orleans/food-delivery/popeyes-1216-elmwood-park-blvd/Yt7SgANaRmSvckJeF2fTCQ,westwego-louisiana
https://www.ubereats.com/new-orleans/food-delivery/ditalis-pizza/KFXoh6-sQNSGvRbNSCi2TQ,westwego-louisiana
https://www.ubereats.com/new-orleans/food-delivery/mother-marys/uUlsm5ncQVmfHFIX_pwNLg,westwego-louisiana
https://www.ubereats.com/new-orleans/food-delivery/bienvenue-on-hickory/HTn9ru_KSCGSthU1kJk_YQ,westwego-louisiana
https://www.ubereats.com/new-orleans/food-delivery/southern-charm/gxeUKq4xRZ-79MGZEnnjSg,westwego-louisiana
https://www.ubereats.com/new-orleans/food-delivery/brazilian-market-and-cafe/ybvKHx4gTFKIl5f8fx3sRw,westwego-louisiana
https://www.ubereats.com/new-orleans/food-delivery/heaven-garifuna-cuisine/3eG9uNeRS7umv6Wql6ngJQ,westwego-louisiana
https://www.ubereats.com/new-orleans/food-delivery/mcdonalds-manhattan-blvd/0mbD1IWoReOo_gLSkzAfjg,westwego-louisiana
https://www.ubereats.com/new-orleans/food-delivery/check-in-check-out-deli-%26-catering/s9PDE_4bST6Ri91LZ96i5A,westwego-louisiana
https://www.ubereats.com/new-orleans/food-delivery/perrins-cajun-kitchen/WOMSDK5xToWnESVr1NsGgg,westwego-louisiana
https://www.ubereats.com/new-orleans/food-delivery/north-end-italian-deli/FQAsBCIISAOIleDGJF5O3g,westwego-louisiana
https://www.ubereats.com/new-orleans/food-delivery/charleys-philly-steaks-lakeside-shopping-center/_4sDyY8gRqOgHweoGIiptw,westwego-louisiana
https://www.ubereats.com/new-orleans/food-delivery/popeyes-5950-lapalco-blvd/jQVoS3QcSWqD9AZaEo4ZRA,westwego-louisiana
https://www.ubereats.com/new-orleans/food-delivery/sidelines-bar-%26-grill/ryCUAzcLThG-78NN4CZsAg,westwego-louisiana
https://www.ubereats.com/new-orleans/food-delivery/breakfast-club-cafe/LwYYuTaZT_mJF3eNrFId4Q,westwego-louisiana
https://www.ubereats.com/new-orleans/food-delivery/daisy-dukes-diner/xqPypgV_SdGUhrHISxtc2Q,westwego-louisiana
https://www.ubereats.com/new-orleans/food-delivery/2-amigos/5RoDsR1WQFeL1EqUYEvGqg,westwego-louisiana
https://www.ubereats.com/new-orleans/food-delivery/the-bronx-pizza-by-the-slice-and-subs/PBludf9VR--1wTjdNysayw,westwego-louisiana
https://www.ubereats.com/new-orleans/food-delivery/chaps-chicken/2CniaI-sTt2Ljbswk1gj2Q,westwego-louisiana
https://www.ubereats.com/new-orleans/food-delivery/po-boy-depot/utokGZ5NRmqwfEPzlFHmKw,westwego-louisiana
https://www.ubereats.com/new-orleans/food-delivery/the-spud-spot/3201C0_3STGotiSJodQFHQ,westwego-louisiana
https://www.ubereats.com/new-orleans/food-delivery/krispy-krunchy-chicken-989-manhattan-blvd/CkoaVi5BTyye13EoJsIylQ,westwego-louisiana
https://www.ubereats.com/new-orleans/food-delivery/burger-king-6201-lapalco-blvd/O5CZsTcVQ7SGp_A69Mhhiw,westwego-louisiana
https://www.ubereats.com/new-orleans/food-delivery/wing-zone-5128-lapalco-blvd/9yiHZP0iTGmS4a6_n3JshQ,westwego-louisiana
https://www.ubereats.com/new-orleans/food-delivery/subway-hickory/sgQ-vPJxTouKAGxUewpkSw,westwego-louisiana
https://www.ubereats.com/new-orleans/food-delivery/phoenicia-restaurant/eRUPYSwxRM2Eefy1lpDDiA,westwego-louisiana
https://www.ubereats.com/new-orleans/food-delivery/krispy-krunchy-chicken-4700-lapalco-blvd/_r55IuDkSWerRY6ba9BxjA,westwego-louisiana
https://www.ubereats.com/new-orleans/food-delivery/banh-mi-boys/KaGWLH2RQ12I46h_N3yPBA,westwego-louisiana
https://www.ubereats.com/new-orleans/food-delivery/subway-airline/GSMoQSk4QBihnt72Jbyrfw,westwego-louisiana
https://www.ubereats.com/new-orleans/food-delivery/danny-%26-clydes-food-stores-%2329/cwHduUuzT4COfD2SbyI8Yw,westwego-louisiana
https://www.ubereats.com/new-orleans/food-delivery/poke-loa-old-metairie/U_FOKQ_pRky5ZA06Q26M0w,westwego-louisiana
https://www.ubereats.com/new-orleans/food-delivery/fiesta-latina/5QANZrFZQ_6s8pYzaWN-Aw,westwego-louisiana
https://www.ubereats.com/new-orleans/food-delivery/namese/zpT5lOzLTNmbJWIbmO4XEg,westwego-louisiana
https://www.ubereats.com/new-orleans/food-delivery/taco-bell-4713-veterans-memorial-blvd/h-kBajp-TgG54K66o9-OgA,westwego-louisiana
https://www.ubereats.com/new-orleans/food-delivery/great-american-cookies-lakeside-mall/OyQVyH7zSzyd2WLjzNgbMA,westwego-louisiana
https://www.ubereats.com/new-orleans/food-delivery/starbucks-elmwood/nno4e_UVSmanXKjxLrDv3Q,westwego-louisiana
https://www.ubereats.com/new-orleans/food-delivery/wendys-3000-us-hwy-90/_gYLYJXERnak0VFeQOGCKg,westwego-louisiana
https://www.ubereats.com/new-orleans/food-delivery/pho-bang/5nLnv-qmTWapkR1EIuSxEA,westwego-louisiana
https://www.ubereats.com/new-orleans/food-delivery/jams-po-boys-%26-catering/_n6H_0T0Q5-OW_wx7l4knQ,westwego-louisiana
https://www.ubereats.com/new-orleans/food-delivery/jbs-bar/tYobLEwTRWe25_CZHgrK5A,westwego-louisiana
https://www.ubereats.com/new-orleans/food-delivery/krispy-kreme-825-clearview-parkway/mrh5c-dLROO0m4OxKnbqsg,westwego-louisiana
https://www.ubereats.com/new-orleans/food-delivery/starbucks-jefferson-hwy-%26-upstream-st/WqPp-BucR1mBJuMk48o7LA,westwego-louisiana
https://www.ubereats.com/new-orleans/food-delivery/zoes-kitchen-1208-s-clearview-parkway-suite-d/4fPdwpOoQFqPyosHSbpdhw,westwego-louisiana
https://www.ubereats.com/new-orleans/food-delivery/los-compadres/jkcbqjpBTt2tF8zY4-36yg,westwego-louisiana
https://www.ubereats.com/new-orleans/food-delivery/starbucks-veterans-blvd-%26-wilshire-place/U7UrLZ8fRJqYdR4i1NokGA,westwego-louisiana
https://www.ubereats.com/new-orleans/food-delivery/wendys-3138-s-carrollton-ave/E5XrAF5ATQGJlczqc1sIig,westwego-louisiana
https://www.ubereats.com/new-orleans/food-delivery/haagen-dazs-shop-1700-belle-chasse-highway/BBHW8aUrTeqV9BN1yRgEdA,westwego-louisiana
https://www.ubereats.com/new-orleans/food-delivery/evolve-coffee-%2B-matcha/0XZz63-0QGuS0wGIUkTg1A,westwego-louisiana
https://www.ubereats.com/new-orleans/food-delivery/churchs-chicken-601-terry-parkway/AYnWRuOoR92PK8BXZCQ03Q,westwego-louisiana
https://www.ubereats.com/new-orleans/food-delivery/la-providencia-mexican-restaurant/RCHViNQCSwuUj-5bY3QJGg,westwego-louisiana
https://www.ubereats.com/new-orleans/food-delivery/creole-fusion-llc/ebu5jhyGQ_KbzKjZvFXvSg,westwego-louisiana
https://www.ubereats.com/new-orleans/food-delivery/mardi-gras-seafood/vW6ADE2hSdeapl5D9Q1uew,westwego-louisiana
https://www.ubereats.com/new-orleans/food-delivery/brooklyn-calzones/udB780r4SA6RQ_ruPn7JEg,westwego-louisiana
https://www.ubereats.com/new-orleans/food-delivery/piccadilly-cafeteria-metairie/NbuRyXY-QsuSkhv7mihSsQ,westwego-louisiana
https://www.ubereats.com/new-orleans/food-delivery/sunny-side-up-citrus-blvd/MC_YC8l2SWOVuRxshj5y5A,westwego-louisiana
https://www.ubereats.com/new-orleans/food-delivery/mikimoto-japanese-restaurant/DoArR-nUQvuPJU90pqvRGg,westwego-louisiana
https://www.ubereats.com/new-orleans/food-delivery/popeyes-7100-westbank-expy/JxPYybrBQHi8Slw6l-TKtQ,westwego-louisiana
https://www.ubereats.com/new-orleans/food-delivery/creole-lunch-box/GjwmAsXwRCmy6RuzJ3FXsw,westwego-louisiana
https://www.ubereats.com/new-orleans/food-delivery/mcdonalds-301-veterans-in-metairie/OyVqs45TS6OcVSsR3dsLXg,westwego-louisiana
https://www.ubereats.com/new-orleans/food-delivery/popeyes-4701-veterans-memorial-blvd/KGrgPtUXTmODeNCSSi7CVg,westwego-louisiana
https://www.ubereats.com/new-orleans/food-delivery/chilangos-seafood/KwXcmlCrSH2S6Bu6bwJt6Q,westwego-louisiana
https://www.ubereats.com/new-orleans/food-delivery/buttermilk-drop-bakery-cafe/ofGkVDkkQ7q8nH7zv1F8vw,westwego-louisiana
https://www.ubereats.com/new-orleans/food-delivery/andrew-jaegers-eat-s/_Xfo_NyUSjul2NRucjDCzA,westwego-louisiana
https://www.ubereats.com/new-orleans/food-delivery/papa-johns-632-terry-pkwy/fLY6fx-BTe-NU8-nTWv2Gg,westwego-louisiana
https://www.ubereats.com/new-orleans/food-delivery/sahara-cafe/7AlmyIMsQOqmYf1CMUXrug,westwego-louisiana
https://www.ubereats.com/new-orleans/food-delivery/south-philly-steaks-%26-half-pounders/a9Il_3_YR_-AsfoHiq-Exw,westwego-louisiana
https://www.ubereats.com/new-orleans/food-delivery/los-jefes-tortilleria-%26-grill/hSCbYNv0RoKbRTFWAjMTeA,westwego-louisiana
https://www.ubereats.com/new-orleans/food-delivery/sweet-things-%26-grill/Yu1jaq8LT_yx0sTd16SreA,westwego-louisiana
https://www.ubereats.com/new-orleans/food-delivery/shake-shack-3501-veterans-memorial-blvd/oG5mv8G_Q-2zcO9iOFObCA,westwego-louisiana
https://www.ubereats.com/new-orleans/food-delivery/todds-frozen-yogurt-severn-ave/B6rDGL4URAG0AW6eY4oEIw,westwego-louisiana
https://www.ubereats.com/new-orleans/food-delivery/wendys-7009-veterans-memorial-blvd/hL0hLdaxRYynGVKdAKL5pw,westwego-louisiana
https://www.ubereats.com/new-orleans/food-delivery/burger-king-500-west-bank-expressway/0bZIu2zGSAqi9-FtxSb6Pg,westwego-louisiana
https://www.ubereats.com/new-orleans/food-delivery/zitas-la-pizzera/ML-ec_SQRTmv4f01vKTEHg,westwego-louisiana
https://www.ubereats.com/new-orleans/food-delivery/taco-bell-7976-highway-23/OrFNe5HzQYunF9lOcNNvoA,westwego-louisiana
https://www.ubereats.com/new-orleans/food-delivery/pho-bang-restaurant-metairie/a3TakVbsTXSvRvBWS_c13g,westwego-louisiana
https://www.ubereats.com/new-orleans/food-delivery/mcdonalds-2951-hwy-90/rV_6oNYJSdezUd-15tv0bg,westwego-louisiana
https://www.ubereats.com/new-orleans/food-delivery/ihop-harvey/09D3ilJETY2lz9D_jZxgHw,westwego-louisiana
https://www.ubereats.com/new-orleans/food-delivery/hippie-kitchen/ZR2RH-a6S7Cpp9Y5kbHE1g,westwego-louisiana
https://www.ubereats.com/new-orleans/food-delivery/union-market/PAdmNkaDQPaJ6Hbb0Zd-Vg,westwego-louisiana
https://www.ubereats.com/new-orleans/food-delivery/dickeys-bbq-pit-3020-veterans-memorial-blvd/V-WJ8_t_Q-KcPkzrML2m7A,westwego-louisiana
https://www.ubereats.com/new-orleans/food-delivery/dots-diner-jefferson/KRvq8pbhTh2VvoKHKR_kUw,westwego-louisiana
https://www.ubereats.com/new-orleans/food-delivery/city-greens-metairie/DvJ9IhSeSoieLGKhGFQuWg,westwego-louisiana
https://www.ubereats.com/new-orleans/food-delivery/tgi-fridays-2403-metairie-la/dpKU8IOWR2i50uWLvBcv1A,westwego-louisiana
https://www.ubereats.com/new-orleans/food-delivery/taco-bell-1740-manhattan-blvd/hSfCnFhpRSG9ChkuL-DdwA,westwego-louisiana
https://www.ubereats.com/new-orleans/food-delivery/the-wacked-out-weiner-new-orleans/gfkGiwVgTQmF5tfjg4ztLQ,westwego-louisiana
https://www.ubereats.com/new-orleans/food-delivery/mcdonalds-501-westbank-expy/HzkgRB4YSs611Q1CdXsHNA,westwego-louisiana
https://www.ubereats.com/new-orleans/food-delivery/harahan-chicken-shack/nococ5quSVmreuNYjihv2w,westwego-louisiana
https://www.ubereats.com/new-orleans/food-delivery/moes-720-veterans-blvd/OMFaEcW-RQqc1SVmh6fu0w,westwego-louisiana
https://www.ubereats.com/new-orleans/food-delivery/felipes-mexican-taqueria-mid-city/kT02u6lsRsKSDvNwzPd9qg,westwego-louisiana
https://www.ubereats.com/new-orleans/food-delivery/vegan-wit-a-twist/8Hi_TU3MQ46Hr4LP94BG8w,westwego-louisiana
https://www.ubereats.com/new-orleans/food-delivery/popeyes-3444-williams-blvd/JcPTyTV3RiucqbwWWcDBpw,westwego-louisiana
https://www.ubereats.com/new-orleans/food-delivery/mid-city-yacht-club/tLUf_0y_QeqJ8MgsnnMd_Q,westwego-louisiana
https://www.ubereats.com/new-orleans/food-delivery/district%3A-donutsslidersbrew-harrison/O1_fEfreTQamvZCFVEEzug,westwego-louisiana
https://www.ubereats.com/new-orleans/food-delivery/little-caesars-pizza-loyola-dr/K_w0w2F3TGOOB_hLWO6XwA,westwego-louisiana
https://www.ubereats.com/new-orleans/food-delivery/quiznos-belle-chase/QhZ6h_nyQaqqjPWfu6CBAw,westwego-louisiana
https://www.ubereats.com/new-orleans/food-delivery/the-ruby-slipper-cafe-metairie/ev-FFSrFQxqQfhptBtNTHA,westwego-louisiana
https://www.ubereats.com/new-orleans/food-delivery/burger-king-3950-westbank-expressway/gn2JpuGLTvGIFtF3JvEabw,westwego-louisiana
https://www.ubereats.com/new-orleans/food-delivery/chipotle-mexican-grill-1208-s-clearview-pkwy-ste-a/ZKdAguqaSWWFr7-mLBhDYg,westwego-louisiana
https://www.ubereats.com/new-orleans/food-delivery/sushi-express/8wd0eKk4R_Ka7Lv4fTII_g,westwego-louisiana
https://www.ubereats.com/new-orleans/food-delivery/arbys-1000-west-esplanade-ave/5uE9gYt8Syyf7gcn4spEAQ,westwego-louisiana
https://www.ubereats.com/new-orleans/food-delivery/nolakorea-korean-restaurant/agF4hC0eTfWlZB3AF4XQNA,westwego-louisiana
https://www.ubereats.com/new-orleans/food-delivery/subway-6025-jefferson-hwy/D9IXXPUjTXK7sQIZKglR8w,westwego-louisiana
https://www.ubereats.com/new-orleans/food-delivery/ihop-airline/isOyc7tDQjyV9ffs3RhRyw,westwego-louisiana
https://www.ubereats.com/new-orleans/food-delivery/wags-food-%26-culture/SEkDVs0eQbWX71D0Hpv0RA,westwego-louisiana
https://www.ubereats.com/new-orleans/food-delivery/rollin-fatties/SK8QyuDQTbeUdK-Fq93TNA,westwego-louisiana
https://www.ubereats.com/new-orleans/food-delivery/mcdonalds-s-carrollton/8iJwvrmdS7WyosfJsK04OA,westwego-louisiana
https://www.ubereats.com/new-orleans/food-delivery/jade-buddha-restaurant/1vtd0jNGTFCh3JDvnRbKhw,westwego-louisiana
https://www.ubereats.com/new-orleans/food-delivery/falafel-king/hvLMN5TZTDaiOB8LQ_wRGg,westwego-louisiana
https://www.ubereats.com/new-orleans/food-delivery/ideal-market-williams-blvd/AQc0AUjTQdGGQx2pJp60lQ,westwego-louisiana
https://www.ubereats.com/new-orleans/food-delivery/buffalo-wild-wings-s-clearview-pkwy/tIqtU-OyR3mK5-khMOiThg,westwego-louisiana
https://www.ubereats.com/new-orleans/food-delivery/baya-bar/-kksZfqMSPSmll8xnEsSqA,westwego-louisiana
https://www.ubereats.com/new-orleans/food-delivery/jamaican-jerk-house/C9IwrAIkTI-F5kv_HiVdEg,westwego-louisiana
https://www.ubereats.com/new-orleans/food-delivery/chipotle-mexican-grill-3600-veterans-memorial-blvd/dAZtJKHEQ0GEitKifUC-aQ,westwego-louisiana
https://www.ubereats.com/new-orleans/food-delivery/auntie-annes-3301-veterans-memorial-blvd/WwKJmFZeRd6vovMUHUMLXA,westwego-louisiana
https://www.ubereats.com/new-orleans/food-delivery/krispy-krunchy-chicken-4045-williams-blvd/9VJr74zDT0eoGzLt4_7AeA,westwego-louisiana
https://www.ubereats.com/new-orleans/food-delivery/five-guys-la-1769-1523-manhattan-blvd/azV-c1QMS4e2mtSZWUfe-Q,westwego-louisiana
https://www.ubereats.com/new-orleans/food-delivery/papa-johns-2700-david-dr/weHfgBFnQc6xCKOdlVSGxA,westwego-louisiana
https://www.ubereats.com/new-orleans/food-delivery/food-symphony-restaurant/Olqdfsw_RaqACdYoyselMg,westwego-louisiana
https://www.ubereats.com/new-orleans/food-delivery/pasquallys-pizza-%26-wings-7000-veterans-blvd/x6O0CoAlT9yCiH4kWWE3Pw,westwego-louisiana
https://www.ubereats.com/new-orleans/food-delivery/stingrays-grill-%26-bar/efBSGSqbRdmMkQJVUwDZNA,westwego-louisiana
https://www.ubereats.com/new-orleans/food-delivery/bobby-heberts-cajun-cannon/0eZWeexHT56SL4SGPPbd4w,westwego-louisiana
https://www.ubereats.com/new-orleans/food-delivery/la-chilanga/9fiFA7WiSpSbTvIx7_fY_g,westwego-louisiana
https://www.ubereats.com/new-orleans/food-delivery/kfc-1609-westbank-expy/B6UwV2iHQxGizXBSWsZVug,westwego-louisiana
https://www.ubereats.com/new-orleans/food-delivery/wegeaux-cafe/Dd7L6ioVQmSC-3vDZHVrsg,westwego-louisiana
https://www.ubereats.com/new-orleans/food-delivery/french-press-coffee-house-david-dr/1En__9v2S9OBS4dBBw55YQ,westwego-louisiana
https://www.ubereats.com/new-orleans/food-delivery/danny-%26-clydes-food-stores-%2327/RZ_djrk9SzCRkqRSkLWVrw,westwego-louisiana
https://www.ubereats.com/new-orleans/food-delivery/waffles-on-maple-metairie/fk7NdaE2RoCe8r5aFBcZVg,westwego-louisiana
https://www.ubereats.com/new-orleans/food-delivery/wendys-2100-williams-blvd/smjH8G5ITOq3IdbnKsa1VA,westwego-louisiana
https://www.ubereats.com/new-orleans/food-delivery/mcdonalds-barataria/o5udYHY2R9-pZZh-mkMLKw,westwego-louisiana
https://www.ubereats.com/new-orleans/food-delivery/taco-bell-3012-loyola-drive/aicn_7nYQZ-yd1T3tPj8IA,westwego-louisiana
https://www.ubereats.com/new-orleans/food-delivery/copelands-of-new-orleans/W8-zt1ZgQsWngpPtSiS-xA,westwego-louisiana
https://www.ubereats.com/new-orleans/food-delivery/captain-sids-seafood/m57HeZbFRtW4J-4aXFh00Q,westwego-louisiana
https://www.ubereats.com/new-orleans/food-delivery/sushi-village/uZDlavONRfu9lcdQWJb4ag,westwego-louisiana
https://www.ubereats.com/new-orleans/food-delivery/highway-fried-chicken-%26-seafood/hzP_yBK5SemLZwWGpitPIA,westwego-louisiana
https://www.ubereats.com/new-orleans/food-delivery/shenanigans-kitchen-and-cocktails/0AwMGvggSPq-5aGz__ksPA,westwego-louisiana
https://www.ubereats.com/new-orleans/food-delivery/churchs-chicken-3111-loyola-drive/4300sMxlR3mQD-oLvpzZgQ,westwego-louisiana
https://www.ubereats.com/new-orleans/food-delivery/central-poboys/CBUMmy0FQH6v6Z5eKj8PhA,westwego-louisiana
https://www.ubereats.com/new-orleans/food-delivery/ideal-market-hessmer-ave/H_jyhNBUQkWrRYFy1yZbAg,westwego-louisiana
https://www.ubereats.com/new-orleans/food-delivery/mcdonalds-loyola/t4UbH5fQTc-J-wqdht3wiA,westwego-louisiana
https://www.ubereats.com/new-orleans/food-delivery/kfc-2445-williams-blvd/GSDCFmu7QkuKIunZ2_DVsw,westwego-louisiana
https://www.ubereats.com/new-orleans/food-delivery/popeyes-8901-airline-dr/sxxU6m98Tt6lB3NEJ75HNg,westwego-louisiana
https://www.ubereats.com/new-orleans/food-delivery/buddys-kitchen/PELiSHFqQ-65pdfN0Q319Q,westwego-louisiana
https://www.ubereats.com/new-orleans/food-delivery/moes-original-bbq-metairie/p4wUlbplTeaBI3woheE8IQ,westwego-louisiana
https://www.ubereats.com/new-orleans/food-delivery/arbys-2301-manhattan-blvd/Lh21--vFSvaBVMVoz0VctQ,westwego-louisiana
https://www.ubereats.com/new-orleans/food-delivery/vincents-italian-cuisine-metairie/hvTVm2wjSdGqmV87UYtgng,westwego-louisiana
https://www.ubereats.com/new-orleans/food-delivery/ruths-chris-steak-house-3633-veterans-memorial-blvd/qkDAoHUkQ5a4_wAiEtS_pg,westwego-louisiana
https://www.ubereats.com/new-orleans/food-delivery/blue-dot-donuts/pcPI8w47RZqPRw80hD67xA,westwego-louisiana
https://www.ubereats.com/new-orleans/food-delivery/five-guys-la-1607-1212-south-clearview-pkwy/1dXgwpodSYKaQ5ZdqJu7qA,westwego-louisiana
https://www.ubereats.com/new-orleans/food-delivery/oak-oven/9uEN-YHbSCexk4cSExEZcA,westwego-louisiana
https://www.ubereats.com/new-orleans/food-delivery/taco-bell-3302-williams-blvd/Ry4F4VLyTHKeTV6OYawAYQ,westwego-louisiana
https://www.ubereats.com/new-orleans/food-delivery/arbys-3847-veterans-memorial-blvd/lPJ9vM1_RS-FlZwPiQ5vuA,westwego-louisiana
