url,city
https://www.ubereats.com/chicago/food-delivery/buona-glen-ellyn/od8okmqMR8CIC5lx9uQZnw,wheaton-illinois
https://www.ubereats.com/chicago/food-delivery/jersey-mikes-subs-naperville-%26-butterfield/kpMimAiqRvyrLoGBKYM_NA,wheaton-illinois
https://www.ubereats.com/chicago/food-delivery/between-the-buns-oakbrook-terrace/WGBztpyzREGBym1qMje0Aw,wheaton-illinois
https://www.ubereats.com/chicago/food-delivery/wendys-1560-n-state-route-59/rMb2Dgy5SKWYX1ppV0XnlQ,wheaton-illinois
https://www.ubereats.com/chicago/food-delivery/corner-bakery-cafe-28258-diehl-rd/gEr7MmnlRNGsj1DKoqS2sA,wheaton-illinois
https://www.ubereats.com/chicago/food-delivery/eden-on-the-river/uQPfGyPCR0e-nBzvZm-FRA,wheaton-illinois
https://www.ubereats.com/chicago/food-delivery/los-sombreros-taqueria/VhrolDbXTb2npCR-QgYa8A,wheaton-illinois
https://www.ubereats.com/chicago/food-delivery/burger-king-199-e-north-ave/pUAQIpweQHm67Yz0dyuhTA,wheaton-illinois
https://www.ubereats.com/chicago/food-delivery/rosatis-pizza-woodridge/sePZvq94TViGMvPBP8JYGQ,wheaton-illinois
https://www.ubereats.com/chicago/food-delivery/five-guys-il-0575-340-ogden-ave/B7oICECzTi6QiCTbiRFTVA,wheaton-illinois
https://www.ubereats.com/chicago/food-delivery/brick-house-1461-butterfield-rd/KF4Imx0HTAC5z-VXgjoa9Q,wheaton-illinois
https://www.ubereats.com/chicago/food-delivery/boston-market-625-s-county-farm-rd/kmoM3HpwQ1WaxsnTLUvaFA,wheaton-illinois
https://www.ubereats.com/chicago/food-delivery/taste-indian-chinese-cuisine/F9z4mgIGQiCJKGqHqlJ1MA,wheaton-illinois
https://www.ubereats.com/chicago/food-delivery/blueberry-hill-breakfast-cafe-oak-brook/vZgWOmnKQs6hgLw7gwWLZw,wheaton-illinois
https://www.ubereats.com/chicago/food-delivery/dunkin-6310-woodward-ave/xLi-69bwRfOQ7sHQxLptDQ,wheaton-illinois
https://www.ubereats.com/chicago/food-delivery/chipotle-mexican-grill-811-butterfield-rd-ste-101/1yT7XkpmRk25SXw3dgrqeA,wheaton-illinois
https://www.ubereats.com/chicago/food-delivery/dunkin-2801-ogden-ave/ZMQJIcHhRuGkkIL9pJmdew,wheaton-illinois
https://www.ubereats.com/chicago/food-delivery/noodles-%26-company-207-s-washington/VG96v7LvRX68HPNY0gFlTw,wheaton-illinois
https://www.ubereats.com/chicago/food-delivery/mac-daddys-highland/FEp3MK0_QRipGXK98kQ06w,wheaton-illinois
https://www.ubereats.com/chicago/food-delivery/wendys-305-roosevelt-road/MSF8KRSxSN-5tfgN8S9TZQ,wheaton-illinois
https://www.ubereats.com/chicago/food-delivery/cassanos-pizzeria/_ohiU9AbQ_qaIV8tGZtd3Q,wheaton-illinois
https://www.ubereats.com/chicago/food-delivery/portillos-hot-dogs-635-1-2-north-ave/F8hF9hTlS8WP7oXFhrFoYw,wheaton-illinois
https://www.ubereats.com/chicago/food-delivery/nay-restaurant/c_tH8H8_Rf-BkB9CWIW-FA,wheaton-illinois
https://www.ubereats.com/chicago/food-delivery/dunkin-4300-lincoln-ave-unit-a/PrmqDUjxT0apyGVG1WbaFg,wheaton-illinois
https://www.ubereats.com/chicago/food-delivery/panda-express-county-rd-11-%26-wall/tldMWWamQG6ErfznSEBAfw,wheaton-illinois
https://www.ubereats.com/chicago/food-delivery/adelles-kitchen-%26-bar/DKZMrw9DQmyRssPhHVQihg,wheaton-illinois
https://www.ubereats.com/chicago/food-delivery/mcdonalds-diehl-%26-davis/Begl1oMRQvKAfpKD-T7aNQ,wheaton-illinois
https://www.ubereats.com/chicago/food-delivery/dunkin-1-w-st-charles-rd/18kjK877TduZU_uU68vUPQ,wheaton-illinois
https://www.ubereats.com/chicago/food-delivery/8000-miles-main-st/gJvKY0gDQE2p3w3u9uanyw,wheaton-illinois
https://www.ubereats.com/chicago/food-delivery/pizza-bunny/5AJ7Pmb-RrKwgyBpttWaWw,wheaton-illinois
https://www.ubereats.com/chicago/food-delivery/passeros-pizza/8WrZaCWWTUqBTN8ciDztog,wheaton-illinois
https://www.ubereats.com/chicago/food-delivery/shrimpys-seafood/68HEvAkXRH6MFD8syuihdA,wheaton-illinois
https://www.ubereats.com/chicago/food-delivery/punkys-pub/LoVWVzltT0eAs4-Wre4vBA,wheaton-illinois
https://www.ubereats.com/chicago/food-delivery/lawrences-fish-%26-shrimp-lombard/e9NG0u4iTx6q9OysZah1JA,wheaton-illinois
https://www.ubereats.com/chicago/food-delivery/rosatis-pizza-406-w-5th-ave/GC9HrM18Ryu8fxrnQqqRbw,wheaton-illinois
https://www.ubereats.com/chicago/food-delivery/china-wok/lkGD7JCESB66nymb1vElug,wheaton-illinois
https://www.ubereats.com/chicago/food-delivery/taqueria-los-comales-roosevelt-%26-westmore-meyers/yVagsUvASyaAt0MLBsQ7dQ,wheaton-illinois
https://www.ubereats.com/chicago/food-delivery/dunkin-330-s-neltnor-blvd/J-B2GeTxR2qWDxEBfNeIOw,wheaton-illinois
https://www.ubereats.com/chicago/food-delivery/the-port-of-peri-peri-villa-park/6m6tAxofRSWFrxMkkKhPAA,wheaton-illinois
https://www.ubereats.com/chicago/food-delivery/flappys-pancake-house/ZgFBQV4wQo6nd5yqh9sw8A,wheaton-illinois
https://www.ubereats.com/chicago/food-delivery/noodles-%26-company-342-yorktown-shopping-center/AA_y_miUSFmAQGUYnO-H_Q,wheaton-illinois
https://www.ubereats.com/chicago/food-delivery/poke-bros-st-charles/2RWM-Y_NR--ozvYL39VKmg,wheaton-illinois
https://www.ubereats.com/chicago/food-delivery/las-palmas-of-naperville-inc/M1fcFqe3SumcDBNR0SAuRA,wheaton-illinois
https://www.ubereats.com/chicago/food-delivery/el-famous-burrito-lombard/8nV9-LeaRBK4vJKhe8fRzw,wheaton-illinois
https://www.ubereats.com/chicago/food-delivery/charkies/ELxr30eGTFy3xlRsF5Pmig,wheaton-illinois
https://www.ubereats.com/chicago/food-delivery/mollys-cupcakes/H1rbGgzqTo2bUafhQDozqg,wheaton-illinois
https://www.ubereats.com/chicago/food-delivery/dunkin-3601-winfield-rd/yLHAEWAbTUWphIjI0eJO8g,wheaton-illinois
https://www.ubereats.com/chicago/food-delivery/kolachi-tandoori-grill/4SnxLJzkTvi9XKl5OvLbhg,wheaton-illinois
https://www.ubereats.com/chicago/food-delivery/chipotle-mexican-grill-1516-n-naper-blvd-ste-104/ljoAlmviR4-6NOr-25HjzA,wheaton-illinois
https://www.ubereats.com/chicago/food-delivery/pepes-woodridge-il/Y6RW-R26SkeahKpUSyeQOg,wheaton-illinois
https://www.ubereats.com/chicago/food-delivery/honey-baked-ham-n-naper-blvd/pnuOUNb4SiS3YUYUlrOtCw,wheaton-illinois
https://www.ubereats.com/chicago/food-delivery/los-burritos-mexicanos-%231/ClzpkDX4QEabuLbdrUd4fA,wheaton-illinois
https://www.ubereats.com/chicago/food-delivery/zazas/47-v5gu2S1uP3BSsCgDkYQ,wheaton-illinois
https://www.ubereats.com/chicago/food-delivery/mcdonalds-schmale-%26-gundersen/P2q3p_-ITWCE55bEFhUhng,wheaton-illinois
https://www.ubereats.com/chicago/food-delivery/starbucks-north-%26-route-59/juzCyrF7Q4-hU6j6HXEU_Q,wheaton-illinois
https://www.ubereats.com/chicago/food-delivery/manhattan-club/QcpYoKecQGmJr1utzGQGFg,wheaton-illinois
https://www.ubereats.com/chicago/food-delivery/evviva!-bar-%26-eatery/kZFOloCrS2-c36HK02Odvw,wheaton-illinois
https://www.ubereats.com/chicago/food-delivery/sarpinos-pizzeria-922-roosevelt-rd/W74llbs0Sgm31ljKbr8uUw,wheaton-illinois
https://www.ubereats.com/chicago/food-delivery/gyros-%26-more/oxHbaG10Shqw0FGfFnXMpw,wheaton-illinois
https://www.ubereats.com/chicago/food-delivery/bds-mongolian-grill-washington-%26-jackson/RWnaYBy0RCSXMJPOKxzaxw,wheaton-illinois
https://www.ubereats.com/chicago/food-delivery/fannie-may-carol-stream/-v-745Z4Q8evtnXUx8Q7Uw,wheaton-illinois
https://www.ubereats.com/chicago/food-delivery/noodles-%26-company-2019-s-naperville-rd/zTaAXSuzSp2HMFqNxmVO5g,wheaton-illinois
https://www.ubereats.com/chicago/food-delivery/jersey-mikes-subs-st-charles-2540-east-main-st/qo5zprvNTkunl1j69iO4Rw,wheaton-illinois
https://www.ubereats.com/chicago/food-delivery/white-castle-110-w-north-ave/1oC6dUkcRzWEbYI69WbTkA,wheaton-illinois
https://www.ubereats.com/chicago/food-delivery/subway-925-e-roosevelt-rd/RmMrV-D0SVO3CLhOSf_zPw,wheaton-illinois
https://www.ubereats.com/chicago/food-delivery/mcdonalds-yorktown-center-%26-highland/h7LZGAMtS8Ox6eQf2Upmzw,wheaton-illinois
https://www.ubereats.com/chicago/food-delivery/simply-thai-bistro/Z5aN_krUR7Csy6WH-EJLcw,wheaton-illinois
https://www.ubereats.com/chicago/food-delivery/salt-and-pepper-cajun-kitchen/UTI-h4m0RUaDousraZecYg,wheaton-illinois
https://www.ubereats.com/chicago/food-delivery/egg-jam-highland-ave/Srko6eGKRVW_CZJbpUJCvQ,wheaton-illinois
https://www.ubereats.com/chicago/food-delivery/mcdonalds-roosevelt-%26-main/wE7PeS6GSPGApQCJEqLmeQ,wheaton-illinois
https://www.ubereats.com/chicago/food-delivery/bawarchi-biryanis/mmZoVVzVSBmA_3rppwYm_Q,wheaton-illinois
https://www.ubereats.com/chicago/food-delivery/chicks-n-salsa/DUSuaWwaSlitgeP5AGz-mw,wheaton-illinois
https://www.ubereats.com/chicago/food-delivery/francescas-at-the-promenade/Y-sKbw5YSCW68yRGUoTZxQ,wheaton-illinois
https://www.ubereats.com/chicago/food-delivery/subway-2211-gary-ave/gGfeAqRmT_-NgHhec4tkvQ,wheaton-illinois
https://www.ubereats.com/chicago/food-delivery/dunkin-222-w-army-trail-rd/xyR5GgcPTEqOVyHwmPSOMw,wheaton-illinois
https://www.ubereats.com/chicago/food-delivery/nickys-red-hots/gSeoKLh3QrGaYjMoOf6WwQ,wheaton-illinois
https://www.ubereats.com/chicago/food-delivery/petey-pasta-vr-front-st/L7hjbYmQQIiJ2pzePJxL1Q,wheaton-illinois
https://www.ubereats.com/chicago/food-delivery/starbucks-butterfield-%26-finley/aITvNFG7QQeLtwDwLIJd2g,wheaton-illinois
https://www.ubereats.com/chicago/food-delivery/chipotle-mexican-grill-695-roosevelt-rd/NPxX7rApS5OonacPxZng9Q,wheaton-illinois
https://www.ubereats.com/chicago/food-delivery/taco-real/ViwFW2--RdiZ9G5U2Tkrhw,wheaton-illinois
https://www.ubereats.com/chicago/food-delivery/jj-bistro/M5iLU-N9RTuj03xl7bQEAA,wheaton-illinois
https://www.ubereats.com/chicago/food-delivery/papa-rays-pizza-%26-wings-carol-stream/YWDdcy7LS5aqZ8e_sNZ7Pw,wheaton-illinois
https://www.ubereats.com/chicago/food-delivery/old-town-pour-house-oak-brook/BGZTNaroQwukePwE0w3iCw,wheaton-illinois
https://www.ubereats.com/chicago/food-delivery/potbelly-sandwich-shop-naperville-center-%7C-15/mY1bmWQ4T8GKA9ckxdlOqg,wheaton-illinois
https://www.ubereats.com/chicago/food-delivery/starbucks-roosevelt-%26-summit/vQck3ZmKTtWZQxZ513M_xA,wheaton-illinois
https://www.ubereats.com/chicago/food-delivery/scrumptious-by-hira/4oLvCSElStW6lvS9KAjXsQ,wheaton-illinois
https://www.ubereats.com/chicago/food-delivery/subway-chicago-%26-naper/MLBs7eZYRmWYO3YQ78YrtQ,wheaton-illinois
https://www.ubereats.com/chicago/food-delivery/biscuits-and-gravy-cafe/1HfIAropQ9yO9-OJDBSB2g,wheaton-illinois
https://www.ubereats.com/chicago/food-delivery/kogii-kogii-express/k89o09tbT9au5y-dcn2trQ,wheaton-illinois
https://www.ubereats.com/chicago/food-delivery/taco-bell-125-w-roosevelt-rd/pRs07qGgTcalgLlkN-eLfg,wheaton-illinois
https://www.ubereats.com/chicago/food-delivery/sammys-mexican-grill-and-bar-roselle/6uhwaen-Q_erGEJJjKN9wA,wheaton-illinois
https://www.ubereats.com/chicago/food-delivery/dennys-363-s-schmale-road/79j6qXtyTveiSq1CojC10A,wheaton-illinois
https://www.ubereats.com/chicago/food-delivery/tinas-breakfast-stop/sjqkzCA2SpuSYynHq707Vw,wheaton-illinois
https://www.ubereats.com/chicago/food-delivery/four-seasons-steak-%26grill/R951BCO0TvyQlLM3WBe87A,wheaton-illinois
https://www.ubereats.com/chicago/food-delivery/mcdonalds-north-%26-neltor/vCMj-S1ARBCPuFoi-mLrEw,wheaton-illinois
https://www.ubereats.com/chicago/food-delivery/potbelly-sandwich-shop-wheaton-relo-%7C-262/CzMVoQe9RayMxyp7WnNVRA,wheaton-illinois
https://www.ubereats.com/chicago/food-delivery/burger-king-340-s-neltnor-blvd/qghB0RAjQi--Bl6FEGUI8g,wheaton-illinois
https://www.ubereats.com/chicago/food-delivery/pizzeria-antica/O9CfoYjrR--AKYK5LltHVw,wheaton-illinois
https://www.ubereats.com/chicago/food-delivery/jersey-mikes-subs-lisle-1032-maple-avenue/C3QYURJeTc6ZntggX97oAw,wheaton-illinois
https://www.ubereats.com/chicago/food-delivery/chinese-harvest/kT6sn9WcS1-iLLHZFsTyfQ,wheaton-illinois
https://www.ubereats.com/chicago/food-delivery/dairy-queen-treat-841-e-roosevelt-rd/bArWbmwpQ0Wju9y143Mw2Q,wheaton-illinois
https://www.ubereats.com/chicago/food-delivery/chouns-restaurant/bZ6nLWf0QQ--N6k8FjIiIg,wheaton-illinois
https://www.ubereats.com/chicago/food-delivery/papa-johns-pizza-bloomingdale/cAzfkEFoTRamEptEbdoulA,wheaton-illinois
https://www.ubereats.com/chicago/food-delivery/manna-kitchen/ifLyrAkGQ4SLyckCz6y_hQ,wheaton-illinois
https://www.ubereats.com/chicago/food-delivery/starbucks-washington-%26-ogden/4p522phERnij2kmh76ryxQ,wheaton-illinois
https://www.ubereats.com/chicago/food-delivery/briki-cafe/68vzcHjFQtCmX6jj0kXB1w,wheaton-illinois
https://www.ubereats.com/chicago/food-delivery/starbucks-naperville-rte-59-%26-mcdowell/17UPXvaHQeCeObfNEmqR_g,wheaton-illinois
https://www.ubereats.com/chicago/food-delivery/pasta-mia/yaKrQYXxSxqz1sAzkq08FA,wheaton-illinois
https://www.ubereats.com/chicago/food-delivery/dunkin-110-w-roosevelt-rd/CA_AL4fBQC2p7mDLzQZDRw,wheaton-illinois
https://www.ubereats.com/chicago/food-delivery/nobel-house-glen-ellyn/Ii5CjE-iS76dSR1E5A3VnQ,wheaton-illinois
https://www.ubereats.com/chicago/food-delivery/potbelly-sandwich-shop-bloomingdale-%7C-75/hGwH0nQIRYWT8TeqM-Ln_g,wheaton-illinois
https://www.ubereats.com/chicago/food-delivery/the-indian-harvest/KMOJLBZWSsW_Cd5RSGZJvQ,wheaton-illinois
https://www.ubereats.com/chicago/food-delivery/petey-pasta-naperville/MkiT3KpFRg2MjGInrRCCPg,wheaton-illinois
https://www.ubereats.com/chicago/food-delivery/chipotle-mexican-grill-298-w-north-ave-unit-1/6YIOk6tlTtGOLu-4m-_zlg,wheaton-illinois
https://www.ubereats.com/chicago/food-delivery/friacos-mexican-grill-and-cantina-lisle/deGxlrmcRNuWYzv9ZR0Tew,wheaton-illinois
https://www.ubereats.com/chicago/food-delivery/red-robin-226-28260-diehl-rd/aTQ-2MogSlu1PVv40d0Bsw,wheaton-illinois
https://www.ubereats.com/chicago/food-delivery/casa-margarita-downers-grove/2NKwK1NJREChDBPK46DnKg,wheaton-illinois
https://www.ubereats.com/chicago/food-delivery/ds-treats/Y4NDLlH4SGyGYfRXhCRmbA,wheaton-illinois
https://www.ubereats.com/chicago/food-delivery/jk-kabab/CkjI0gbqSwe8HW0v5ba3Bg,wheaton-illinois
https://www.ubereats.com/chicago/food-delivery/so-cheesy/udXRrJUURhaVlXRQt5rnig,wheaton-illinois
https://www.ubereats.com/chicago/food-delivery/chipotle-mexican-grill-396-w-army-trail-rd/IdsgSwUkSs65OARw81_tJg,wheaton-illinois
https://www.ubereats.com/chicago/food-delivery/eriks-deli-lisle/RNTVEtTuScyVCt_o87QRtA,wheaton-illinois
https://www.ubereats.com/chicago/food-delivery/the-hen-house-of-wheaton/IJliFIRuQVOm_qk9QJKeMQ,wheaton-illinois
https://www.ubereats.com/chicago/food-delivery/bulldog-ale-house-carol-stream/HGLoACAkSfiLQ5smVx78JA,wheaton-illinois
https://www.ubereats.com/chicago/food-delivery/north-side-sports-bar/EmJRvhrnQ6-Sz9vOwZjr2g,wheaton-illinois
https://www.ubereats.com/chicago/food-delivery/kfc-lombard/JZEwvbBZSiuKaLAjo8OJNg,wheaton-illinois
https://www.ubereats.com/chicago/food-delivery/2-toots-grill/F6BFHtVeSzuR9oa8aUJqag,wheaton-illinois
https://www.ubereats.com/chicago/food-delivery/yerbabuena/YDKD1jCXQUCf_C3jxdJ9Xw,wheaton-illinois
https://www.ubereats.com/chicago/food-delivery/deccan-spice/fZswNb53TLSMKB182uXRfQ,wheaton-illinois
https://www.ubereats.com/chicago/food-delivery/lao-sze-chuan-restaurant-downers-grove/-QAszjVaTo62s4dTvawpZw,wheaton-illinois
https://www.ubereats.com/chicago/food-delivery/chipotle-mexican-grill-1167-n-eola-rd/Y1bWvWw-TvWFm4KMFgF09w,wheaton-illinois
https://www.ubereats.com/chicago/food-delivery/anmol-south-asian-kitchen/jtjs9xcuTkKKAuJl-HV7Fw,wheaton-illinois
https://www.ubereats.com/chicago/food-delivery/dunkin-651-roosevelt-rd/yi5BKwdWQrK79fE962fiSA,wheaton-illinois
https://www.ubereats.com/chicago/food-delivery/wing-squad-lombard/GEDYVBPZRh2VwUYqTn9sGQ,wheaton-illinois
https://www.ubereats.com/chicago/food-delivery/nonno-carms-pizza-and-pasta/Nx6kvx0sQTG-x3Qgj3AIrw,wheaton-illinois
https://www.ubereats.com/chicago/food-delivery/chipotle-mexican-grill-848-n-route-59-ste-106/jTpzYu01SqemuLs-J1zVTg,wheaton-illinois
https://www.ubereats.com/chicago/food-delivery/auntie-annes-203-yorktown/IQm1lztHRIa5b3Py1i4NLQ,wheaton-illinois
https://www.ubereats.com/chicago/food-delivery/portillos-hot-dogs-1500-butterfield-rd/MR-_rmoqT_ud7vA6yisOog,wheaton-illinois
https://www.ubereats.com/chicago/food-delivery/chipotle-mexican-grill-170-e-lake-st/Gl87zF90QYC2PxjqOIk99Q,wheaton-illinois
https://www.ubereats.com/chicago/food-delivery/shaahi-biryani/CMne3eiPRmSQkN6vBzyfVQ,wheaton-illinois
https://www.ubereats.com/chicago/food-delivery/lao-sze-chuan/NVyCLmO9TJOeTJhXogHLow,wheaton-illinois
https://www.ubereats.com/chicago/food-delivery/potbelly-sandwich-shop-glen-ellyn-dt-%7C-167/Zpr9MlcMQy664nIqh6K6tA,wheaton-illinois
https://www.ubereats.com/chicago/food-delivery/senor-jalapeno/VGou0MdzRO2v2dyGqgQxqg,wheaton-illinois
https://www.ubereats.com/chicago/food-delivery/juicy-o-pancake-house-downers-grove/R-imWBd3TiSHtLrYDAJRIQ,wheaton-illinois
https://www.ubereats.com/chicago/food-delivery/buffalo-wild-wings-207-e-roosevelt-rd/bJvEaz3rQwSXKcD0Zaxl1g,wheaton-illinois
https://www.ubereats.com/chicago/food-delivery/ellies-deli/AsHxhcpXRCKHy27iCgvDdw,wheaton-illinois
https://www.ubereats.com/chicago/food-delivery/ikkai-restaurant/sTTOtolYRpOS9juISFQtOQ,wheaton-illinois
https://www.ubereats.com/chicago/food-delivery/weber-grill-restaurant-lombard/5wAyp2tPRIu3XS6Rnnr8yw,wheaton-illinois
https://www.ubereats.com/chicago/food-delivery/mapo-restaurant/otABfe8jRcyOooacU_s9dA,wheaton-illinois
https://www.ubereats.com/chicago/food-delivery/poke-bros-oakbrook-terrace/M31T1yrWRtaTI-Xri7qE1g,wheaton-illinois
https://www.ubereats.com/chicago/food-delivery/burgerim/XxnzFkeBTzyyxT1i2FSOGQ,wheaton-illinois
https://www.ubereats.com/chicago/food-delivery/uncle-julios-naperville/Y3QRVkP2Qu-IV5z8T875Uw,wheaton-illinois
https://www.ubereats.com/chicago/food-delivery/starbucks-warrenville-winfield-%26-diehl/cImuwHogSimEZWFPqOE52A,wheaton-illinois
https://www.ubereats.com/chicago/food-delivery/schmaltz-delicatessen/4S6FeZULQBC0iSdPBxa1EQ,wheaton-illinois
https://www.ubereats.com/chicago/food-delivery/pizzeria-di-maria/PnZjvQkeSR2HlKWkgGaEOg,wheaton-illinois
https://www.ubereats.com/chicago/food-delivery/warrens-ale-house/iwKkC6FWRyacBvUNKJoEbQ,wheaton-illinois
https://www.ubereats.com/chicago/food-delivery/burger-king-506-south-washington-street/kuBJa1AKTUqUa3nKVvwJRQ,wheaton-illinois
https://www.ubereats.com/chicago/food-delivery/cold-stone-creamery-122-stratford-square-mall/rE3MsC9hQUayDspdBFJCVw,wheaton-illinois
https://www.ubereats.com/chicago/food-delivery/potbelly-sandwich-shop-lombard-%7C-33/9MwkQbjLT2SKrw5Bd5IPPw,wheaton-illinois
https://www.ubereats.com/chicago/food-delivery/mac-daddys-naperville/siErqqT-SNa1DogFlxUehw,wheaton-illinois
https://www.ubereats.com/chicago/food-delivery/chipotle-mexican-grill-1556-butterfield-rd-ste-a/-JFjkroZReWScmEWNY_NSA,wheaton-illinois
https://www.ubereats.com/chicago/food-delivery/taco-bell-345-rice-lake-square/4vp9WrBZSmqCzIecHhILxg,wheaton-illinois
https://www.ubereats.com/chicago/food-delivery/delish-cakes/hxxafFphTw-ptvr42vfG0w,wheaton-illinois
https://www.ubereats.com/chicago/food-delivery/capri-of-downers-grove/XVCsZSVZSkmAoS19VXowkg,wheaton-illinois
https://www.ubereats.com/chicago/food-delivery/fulfula/voAkCtdxQ5GNlsA6YJZJcg,wheaton-illinois
https://www.ubereats.com/chicago/food-delivery/dunkin-2130-bloomingdale-rd/ZFwy517VRteOT54sLfY5Zw,wheaton-illinois
https://www.ubereats.com/chicago/food-delivery/lazy-dog-restaurant-%26-bar-naperville/nU1p5cz7QsOLDHhWQVRqPw,wheaton-illinois
https://www.ubereats.com/chicago/food-delivery/dunkin-142-s-gary-ave-ste-109-near-marianos/jl_kB89kTveI1uQQklBCgg,wheaton-illinois
https://www.ubereats.com/chicago/food-delivery/mcdonalds-river-%26-ogden/ZEe_xeSFT8quotXTVFXm5Q,wheaton-illinois
https://www.ubereats.com/chicago/food-delivery/wendys-1589-naperville-wheaton-rd/F-TL1r4USyO7rYGEXX3c-w,wheaton-illinois
https://www.ubereats.com/chicago/food-delivery/biryani-pointe/0Rrn7fW3Q2-frt-WkQaumg,wheaton-illinois
https://www.ubereats.com/chicago/food-delivery/gloria-jeans-coffees/vncLxulkSmaFccj0Dfvtvg,wheaton-illinois
https://www.ubereats.com/chicago/food-delivery/en-fuego-mexican-grille/MwBtuevkQZq8B0K3TQkacQ,wheaton-illinois
https://www.ubereats.com/chicago/food-delivery/tommys-red-hots/Ees2zIZNSPqMUXx6lFUGjA,wheaton-illinois
https://www.ubereats.com/chicago/food-delivery/blissful-nachos/F_BHCcH6SUuKvDyUOsLFyw,wheaton-illinois
https://www.ubereats.com/chicago/food-delivery/taco-bell-145-north-avenue/geOTEhdKQ0ihqc824o5cbQ,wheaton-illinois
https://www.ubereats.com/chicago/food-delivery/buffalo-wild-wings-6450-route-53/r7-ure1xTgSm9-RpsDH3Og,wheaton-illinois
https://www.ubereats.com/chicago/food-delivery/mcdonalds-naper-%26-ogden/Iowf3v7QS0W5VLcP6fxBng,wheaton-illinois
https://www.ubereats.com/chicago/food-delivery/corkys-catering/SvUgw3BUR4maCztMqeQtzg,wheaton-illinois
https://www.ubereats.com/chicago/food-delivery/alchuro-latin-fusion/iXvCthO2RhSEBJ713YAH6A,wheaton-illinois
https://www.ubereats.com/chicago/food-delivery/jersey-mikes-subs-2115-w-roosevelt-rd/iS5JUNSDSyeptnv1qcjtlw,wheaton-illinois
https://www.ubereats.com/chicago/food-delivery/skippys-gyros-warrenville/Ugmc9wEZQoijCEABGUCi4g,wheaton-illinois
https://www.ubereats.com/chicago/food-delivery/muggs-n-manor/V1pZRJBRR6GBlOZ7jQf3tA,wheaton-illinois
https://www.ubereats.com/chicago/food-delivery/china-chef/mh5sHXAzQsao24KGFkRwZA,wheaton-illinois
https://www.ubereats.com/chicago/food-delivery/the-ice-cream-shop/Oy2Ve6iTRdeYnlSUOrkZvQ,wheaton-illinois
https://www.ubereats.com/chicago/food-delivery/zens-noodles/OJDlZAHHQgaDVOmoFmVthg,wheaton-illinois
https://www.ubereats.com/chicago/food-delivery/mcdonalds-maple-%26-lenox/BH66NZOeQAiflIZRb7_PgQ,wheaton-illinois
https://www.ubereats.com/chicago/food-delivery/shanahans/JZEDfOD1TXeQJjMJJlMiXg,wheaton-illinois
https://www.ubereats.com/chicago/food-delivery/mothers-pancake-house-%26-restaurant-st-charles-il/cbTgGKnoT5OApIRRbYiZ5w,wheaton-illinois
https://www.ubereats.com/chicago/food-delivery/food-street-restaurant/kxAN_GrESSGjrb2hki9XPw,wheaton-illinois
https://www.ubereats.com/chicago/food-delivery/el-gran-agave/GetuOcb5RhWMLs2fW4HsSQ,wheaton-illinois
https://www.ubereats.com/chicago/food-delivery/masala/0M4NqGkiRzSEfZTrS80VGw,wheaton-illinois
https://www.ubereats.com/chicago/food-delivery/nanis-pizza-and-pasta/w20sDSZCQaSFZfXcnq-OEg,wheaton-illinois
https://www.ubereats.com/chicago/food-delivery/jins-china/r6D214fgRRuj9J_wx0CLYw,wheaton-illinois
https://www.ubereats.com/chicago/food-delivery/dunkin-2040-s-naperville-rd/jDTzo8S8QP6Ym8dUVhhOdA,wheaton-illinois
https://www.ubereats.com/chicago/food-delivery/j-beez-mediterranean-%26-grill-restaurant/NCXlNtEnTYab9yc28E6Yww,wheaton-illinois
https://www.ubereats.com/chicago/food-delivery/las-tias-restaurant/cS5FGBFTSSeAPNl8-ff9sw,wheaton-illinois
https://www.ubereats.com/chicago/food-delivery/taco-bell-270-e-army-trail-rd/4BOPQS17RKOi5WuRUKwlFA,wheaton-illinois
https://www.ubereats.com/chicago/food-delivery/mediterranean-oasis/ZT3wBdY0TxWfpT_dfwvh7g,wheaton-illinois
https://www.ubereats.com/chicago/food-delivery/nandos-peri-peri-6-w-jefferson-ave/WuV-Xa68RhWviNGfsQsNRw,wheaton-illinois
https://www.ubereats.com/chicago/food-delivery/benihana-747-e-butterfield-road/1k-eTCC0TSC6Q8rgrbZq1Q,wheaton-illinois
https://www.ubereats.com/chicago/food-delivery/the-burger-life/kAIUZmIyRRObSiHmoDL6aA,wheaton-illinois
https://www.ubereats.com/chicago/food-delivery/mcdonalds-ogden-%26-cross/f2stPNYjTRGSYQ9bxsWfBA,wheaton-illinois
https://www.ubereats.com/chicago/food-delivery/bulldog-ale-house-roselle/Ms5a-pxxSk6gWNGglSe8rg,wheaton-illinois
https://www.ubereats.com/chicago/food-delivery/red-lobster-391-west-army-trail-road/JOcIgktsQbCZ1RAxbPt7sw,wheaton-illinois
https://www.ubereats.com/chicago/food-delivery/lili-sushi/bu-jhQKlS7CgzLbU_cdOMQ,wheaton-illinois
https://www.ubereats.com/chicago/food-delivery/cracker-barrel-old-country-store-1855-west-diehl-road/kwRFVZsaRC2UnyPoTumfhw,wheaton-illinois
https://www.ubereats.com/chicago/food-delivery/mcdonalds-63rd-st-%26-i-355/8AuIH9RKTfWLZhWKLAIBWw,wheaton-illinois
https://www.ubereats.com/chicago/food-delivery/dunkin-880-w-army-trail-rd/pHTYai-qQomqO7IUAzM6Ug,wheaton-illinois
https://www.ubereats.com/chicago/food-delivery/tacos-y-cemitas-poblana/T7k-ws0OSXCgdsDkGo6sAA,wheaton-illinois
https://www.ubereats.com/chicago/food-delivery/red-apple-pancake-house-schmale-rd/1DkpQG6GQBmgbQ2sGr6juw,wheaton-illinois
https://www.ubereats.com/chicago/food-delivery/uncle-julios-lombard/g_ZR2k_URiOGAN4CQmwrHQ,wheaton-illinois
https://www.ubereats.com/chicago/food-delivery/mai-thai-restaurant/EC_K5MrtQDigsV8TOfJmWw,wheaton-illinois
https://www.ubereats.com/chicago/food-delivery/smoothie-king-glendale-heights/ttqK2QntRKuU5D7rCALJVg,wheaton-illinois
https://www.ubereats.com/chicago/food-delivery/nwb-the-next-whiskey-bar/mdE-yqqJR3Crtae0VtrtdQ,wheaton-illinois
https://www.ubereats.com/chicago/food-delivery/el-coco-loco/GuWPI_EiRgmKAweBpkpIBQ,wheaton-illinois
https://www.ubereats.com/chicago/food-delivery/cedar-grill/5joC8iroTEqXY1j0WrF_4Q,wheaton-illinois
https://www.ubereats.com/chicago/food-delivery/wasabi-restaurant-%26-bar/z3FMoXmBQvaXq2SypwcZPg,wheaton-illinois
https://www.ubereats.com/chicago/food-delivery/skinnysweet-frozen-yogurt/ndbio-wIR528mk3v4GDs8Q,wheaton-illinois
https://www.ubereats.com/chicago/food-delivery/another-round-bar-and-grill/74EGOKNkQRSd2c9HF-sEWg,wheaton-illinois
https://www.ubereats.com/chicago/food-delivery/the-breakfast-rolls/TRkWd9ATRo6aOcmkE_SeWw,wheaton-illinois
https://www.ubereats.com/chicago/food-delivery/cafe-zupas-148-s-gary-ave/C3w29biOT0-NsZQANL5l_Q,wheaton-illinois
https://www.ubereats.com/chicago/food-delivery/shree-indian-restaurant-westmont/-ksJRGsfQb6WU4VfG4XtYA,wheaton-illinois
https://www.ubereats.com/chicago/food-delivery/skippys-gyros-oak-brook/OmShFz9LSga2purV0BKkfg,wheaton-illinois
https://www.ubereats.com/chicago/food-delivery/features-bar-%26-grill/zPZDTYx8TvenIt63m1SEig,wheaton-illinois
https://www.ubereats.com/chicago/food-delivery/popeyes-844-e-roosevelt-rd/rvbCMmGPRcWhITpeShwg2Q,wheaton-illinois
https://www.ubereats.com/chicago/food-delivery/red-lobster-3001-finley-road/UAaFRnwET62O8Ugk-EiN5w,wheaton-illinois
https://www.ubereats.com/chicago/food-delivery/on-the-border-naperville/9dfhntecSnquTzeRbTROtg,wheaton-illinois
https://www.ubereats.com/chicago/food-delivery/starbucks-geneva-%26-main/BEem0ZzvSBCIuV_KJVHJTA,wheaton-illinois
https://www.ubereats.com/chicago/food-delivery/dunkin-donuts-2s-721-state-route-59/6XPVR99EQMqWRk2WEAHk0w,wheaton-illinois
https://www.ubereats.com/chicago/food-delivery/taqueria-los-comales-neltnor-%26-main/jOzPj8XbQZeEAAFmM0b4-A,wheaton-illinois
https://www.ubereats.com/chicago/food-delivery/los-burritos-tapatios-naperville/G4h-NuSNQQuJHbKNJkCNUw,wheaton-illinois
https://www.ubereats.com/chicago/food-delivery/juicy-o-pancake-house-rt-59/1elLnYU9SA2FO4f0PlD9lA,wheaton-illinois
https://www.ubereats.com/chicago/food-delivery/auntie-annes-118-stratford-square/mzHH0DooTiGhcNQOiEDshg,wheaton-illinois
https://www.ubereats.com/chicago/food-delivery/five-guys-il-0513-22-e-chicago-ave/ECDWOrdsSIKNs4SUyP2P1A,wheaton-illinois
https://www.ubereats.com/chicago/food-delivery/burger-king-840-w-army-trail-rd/yB-ZGzu0TX2MCr2qeueFvA,wheaton-illinois
https://www.ubereats.com/chicago/food-delivery/oaked-highland-ave/kmxEWk7XSTifTU8_-OdPCA,wheaton-illinois
https://www.ubereats.com/chicago/food-delivery/mcdonalds-naperville-%26-loop/Hn5ciIZ4SCq2NTE6NqoOgw,wheaton-illinois
https://www.ubereats.com/chicago/food-delivery/arbys-2910-s-finley-rd/aBFygoVZTFO5hIHieo8Zcg,wheaton-illinois
https://www.ubereats.com/chicago/food-delivery/dunkin-1491-w-roosevelt-rd/x_nj-L0RSAyZtoDzuGe4dQ,wheaton-illinois
https://www.ubereats.com/chicago/food-delivery/yamado-japanese-restaurant/qEbzxRCkTYyTSPy_z4BBNA,wheaton-illinois
https://www.ubereats.com/chicago/food-delivery/cuisine-of-india-naperville/vWcLRi8AQx2QAWtwL-RRSg,wheaton-illinois
https://www.ubereats.com/chicago/food-delivery/kfc-bloomingdale/nki7qTqLSHi0PPbxFU1MHw,wheaton-illinois
https://www.ubereats.com/chicago/food-delivery/subway-1033-west-north-ave/ra9-51OrSJ6aGZqwRDA9Hg,wheaton-illinois
https://www.ubereats.com/chicago/food-delivery/honeyberry-cafe-warrenville/54iwj2oeROubgnpBwImW7g,wheaton-illinois
https://www.ubereats.com/chicago/food-delivery/jakes-pizza/8HHbR7KBRYSUeMlQJGC0Ow,wheaton-illinois
https://www.ubereats.com/chicago/food-delivery/ichiban-asian-bistro/zAuTzZRJTei5BmbuIC7qDg,wheaton-illinois
https://www.ubereats.com/chicago/food-delivery/shawarma-express/ugMgQq8VTr6nLQImkk4EiA,wheaton-illinois
https://www.ubereats.com/chicago/food-delivery/wendys-525-e-north-avenue/fXDRZxmCRh6Ad8XaYXkKyA,wheaton-illinois
https://www.ubereats.com/chicago/food-delivery/domo-77/JVMb9LLyQE2vfv6J4FlDrw,wheaton-illinois
https://www.ubereats.com/chicago/food-delivery/steak-n-shake-1520-ogden-ave/UBRHFtT8TDi8xd7VlKWr7g,wheaton-illinois
https://www.ubereats.com/chicago/food-delivery/rosatis-pizza-carol-stream-hiawatha/pEqHoW1JRUOH-YHgbse55A,wheaton-illinois
https://www.ubereats.com/chicago/food-delivery/casinos-pizza/nGOrLxY8QuC1oambdYWqKQ,wheaton-illinois
https://www.ubereats.com/chicago/food-delivery/the-country-house-geneva/xcM9PKqUQ4i99N1qWfIEng,wheaton-illinois
https://www.ubereats.com/chicago/food-delivery/subway-197-army-trail-rd/ISGTtUEqS5anOvFEP8f-yw,wheaton-illinois
https://www.ubereats.com/chicago/food-delivery/sarpinos-pizzeria-322-w-army-trail-rd/ynjzoHEwQrOGf4Fu-B5D0w,wheaton-illinois
https://www.ubereats.com/chicago/food-delivery/dunkin-106-e-north-ave/B4ppTVcoQvaatE5oRqyTMg,wheaton-illinois
https://www.ubereats.com/chicago/food-delivery/rosatis-pizza-kirk-rd/Xs35SvbYQlunlVt1IPynqg,wheaton-illinois
https://www.ubereats.com/chicago/food-delivery/which-wich-28-w125/RNiq1ZwHS9eTO-6Y1u1-Mg,wheaton-illinois
https://www.ubereats.com/chicago/food-delivery/pub-revival/bKZURs2xQXaJQZO6ep4aFQ,wheaton-illinois
https://www.ubereats.com/chicago/food-delivery/gyu-kaku-japanese-bbq-naperville/dgMRuiDhRqmZ3EtV1mTSEg,wheaton-illinois
https://www.ubereats.com/chicago/food-delivery/red-lobster-1036-n-route-59/ri17I9vuRx6hAkET1loj9w,wheaton-illinois
https://www.ubereats.com/chicago/food-delivery/alfies-inn/32loHaXWSE2y4bY1rxq12g,wheaton-illinois
https://www.ubereats.com/chicago/food-delivery/kona-grill-oak-brook/MJYX9AY6SkGgRha8JHX8hA,wheaton-illinois
https://www.ubereats.com/chicago/food-delivery/starbucks-22nd-%26-tower/cB73AKpYR8SAi_rJ61aEMg,wheaton-illinois
https://www.ubereats.com/chicago/food-delivery/buffalo-wild-wings-140-s-gary-ave/fDwoMXvPS8qkloo2gHXqkQ,wheaton-illinois
https://www.ubereats.com/chicago/food-delivery/taqueria-el-camino/0-rFFreZT2it1WU2WdcZvw,wheaton-illinois
https://www.ubereats.com/chicago/food-delivery/apizzaco-front-st/SAsglU7wRaqeT897NWU07Q,wheaton-illinois
https://www.ubereats.com/chicago/food-delivery/tacos-el-tio-%233/c38Sa4aCSe6mV2HWuk9-pg,wheaton-illinois
https://www.ubereats.com/chicago/food-delivery/chipotle-mexican-grill-2119-w-roosevelt-rd/0DmIfQ9gQt2yWr_FvqCZmQ,wheaton-illinois
https://www.ubereats.com/chicago/food-delivery/skinnysweet-frozen-yogurt/LD_wNNkhSEuCpvtDQ3FlRw,wheaton-illinois
https://www.ubereats.com/chicago/food-delivery/popeyes-ogden-%26-old-tavern/14lg5clgTeSZ90NNAjt7oA,wheaton-illinois
https://www.ubereats.com/chicago/food-delivery/rosatis-pizza-bloomingdale/bTk3TYq6QaSNmf2acNctkQ,wheaton-illinois
https://www.ubereats.com/chicago/food-delivery/juicy-o-pancake-house-naperville/wVHLhe81R7aUBXz8c0xS2g,wheaton-illinois
https://www.ubereats.com/chicago/food-delivery/rosatis-pizza-877-e-geneva-rd/cWDiClXHR8yM9yMOURo8EQ,wheaton-illinois
https://www.ubereats.com/chicago/food-delivery/subway-2247-maple-ave/4UQ8qeFqQZaKgcLuqRuqMQ,wheaton-illinois
https://www.ubereats.com/chicago/food-delivery/villaggio-ristorante/Qf4oOgLoRPCLDXK9OV03rg,wheaton-illinois
https://www.ubereats.com/chicago/food-delivery/subway-105-e-front-st/asRKOYS8QSiUUV_jlZumEA,wheaton-illinois
https://www.ubereats.com/chicago/food-delivery/the-jalapeno-grille/GtqdBOUWRUi6bjZhhRtrSw,wheaton-illinois
https://www.ubereats.com/chicago/food-delivery/stans-donuts-%26-coffee-oakbrook-terrace/175n6xccTIOvK41VguFNaA,wheaton-illinois
https://www.ubereats.com/chicago/food-delivery/butterfields-naperville/03eGGyvDRBuzJpba2mmR6g,wheaton-illinois
https://www.ubereats.com/chicago/food-delivery/burger-king-2121-bloomingdale-road/HyUlTT0ATT-S614bB1yX1Q,wheaton-illinois
https://www.ubereats.com/chicago/food-delivery/hooters-downers-grove-%26-butterfield/zMy8wxVrSMu4HFAZpGSsbw,wheaton-illinois
https://www.ubereats.com/chicago/food-delivery/gary-burritos/VgcXSFqvT2S6askOxbELrQ,wheaton-illinois
https://www.ubereats.com/chicago/food-delivery/los-burritos-tapatios-glen-ellyn/rGIHtZ1NS1WNsEUiiBOxYQ,wheaton-illinois
https://www.ubereats.com/chicago/food-delivery/dairy-queen-treat-27w223-geneva-rd/qUW6Y8D6RPO4KrHfPdo_uA,wheaton-illinois
https://www.ubereats.com/chicago/food-delivery/crazy-crab-roselle/eY6T7BoUTDOgJUVQv1MO6g,wheaton-illinois
https://www.ubereats.com/chicago/food-delivery/subway-1209-n-gary-ave/SqBZHFZmQDitXGitgxBXYw,wheaton-illinois
https://www.ubereats.com/chicago/food-delivery/domo-77-glendale-heights/6VGE1wWmSbWaKX8FbTq5ug,wheaton-illinois
https://www.ubereats.com/chicago/food-delivery/alwaleed-restaurant/1ymxlFqkRJCXUlFxxB-boQ,wheaton-illinois
https://www.ubereats.com/chicago/food-delivery/bayleaf-by-saffron/ts8M8UibShyBDsF-QnoDBQ,wheaton-illinois
https://www.ubereats.com/chicago/food-delivery/fannie-may-ogden/oH24DT3MQSmtdJ6x6p5BKg,wheaton-illinois
https://www.ubereats.com/chicago/food-delivery/sgd-dubu-oakbrook-terrace/wFRFvxqkSdis-l2bSNkQHA,wheaton-illinois
https://www.ubereats.com/chicago/food-delivery/five-guys-il-0524-383-west-army-trail-rd/7nGeKOrDTKm9FnVxMHwZqQ,wheaton-illinois
https://www.ubereats.com/chicago/food-delivery/suparossa-restaurant/qwdXJUynSv2Sybgm31IZRA,wheaton-illinois
https://www.ubereats.com/chicago/food-delivery/cold-stone-creamery-23-w-jefferson-ave/Mj68Saj5R4akNME-Y7Egng,wheaton-illinois
https://www.ubereats.com/chicago/food-delivery/sportys-chicken-%26-beef/WBgIj0MlT_qo6-ozcc6pfw,wheaton-illinois
https://www.ubereats.com/chicago/food-delivery/fitfresh-cafe-and-juice-bar/YpdtPywxSqiP0n7mlkzghA,wheaton-illinois
https://www.ubereats.com/chicago/food-delivery/pf-changs-2361-fountain-square-dr/TDptF9MWRdeCA7XfhqDfEg,wheaton-illinois
https://www.ubereats.com/chicago/food-delivery/wing-society/JH4xfMtZSQeaSh5xXmDM4A,wheaton-illinois
https://www.ubereats.com/chicago/food-delivery/bowl-o-biryani/onP86-wYRNOuAwTf4txSTA,wheaton-illinois
https://www.ubereats.com/chicago/food-delivery/montri-thai/OHgiy0zRRC2hnMvIkBTzlg,wheaton-illinois
https://www.ubereats.com/chicago/food-delivery/subway-17w627-roosevelt-rd/gHaxosrAT0-YahKz1NqrFg,wheaton-illinois
https://www.ubereats.com/chicago/food-delivery/panda-express-ogden-%26-east/2TSrU73vRlWXAdscpJ4fBw,wheaton-illinois
https://www.ubereats.com/chicago/food-delivery/steak-n-shake-275-e-army-trail/ozxj9ed0T_yI7jdfwxynxA,wheaton-illinois
https://www.ubereats.com/chicago/food-delivery/at-munchies-rolled-ice-cream-and-snacks/e46p8s-lQ2yamKatexrxLw,wheaton-illinois
https://www.ubereats.com/chicago/food-delivery/starbucks-main-%26-crescent/VW98n6eBSRCTk2LiDllm2g,wheaton-illinois
https://www.ubereats.com/chicago/food-delivery/jorges-paleteria/p4cWoZ4WSO6swB4qSjJVxQ,wheaton-illinois
https://www.ubereats.com/chicago/food-delivery/papa-johns-pizza-wheaton/mEOnPq1MQWmsXBe8B-tkYg,wheaton-illinois
https://www.ubereats.com/chicago/food-delivery/vanilla-sugar-bakery/PaVDyEO-TmOw43OzPjr2kw,wheaton-illinois
https://www.ubereats.com/chicago/food-delivery/qdoba-main-%26-geneva/0LlepTPJSROcinc160UAxQ,wheaton-illinois
https://www.ubereats.com/chicago/food-delivery/jets-pizza-darien/7yTrAm-TSKyOFRdDeT155Q,wheaton-illinois
https://www.ubereats.com/chicago/food-delivery/scoobys-red-hots/dDSL2oSoQJm9Yzxz6txaCg,wheaton-illinois
https://www.ubereats.com/chicago/food-delivery/groundlevel-105/M-IuOsd7QbOG8b5Tnb9-YA,wheaton-illinois
https://www.ubereats.com/chicago/food-delivery/chipotle-mexican-grill-22-e-chicago-ave-ste-103/GRu9PCJhRA2qkO_cgewtnA,wheaton-illinois
https://www.ubereats.com/chicago/food-delivery/mcdonalds-stratford-%26-entrance-drive-5/ilyPhI1HSXeg8Cxhs9ax7Q,wheaton-illinois
https://www.ubereats.com/chicago/food-delivery/kfc-taco-bell-335-neltnor-blvd/fV_vp1u9SCWC8pyzusI6xw,wheaton-illinois
https://www.ubereats.com/chicago/food-delivery/pitaville-mediterranean-grill-aurora-%26-ogden/2oJmitfOQyi8e7s6ZyMTpQ,wheaton-illinois
https://www.ubereats.com/chicago/food-delivery/the-stand/kSDIbnnZSTCq9O77BovL9A,wheaton-illinois
https://www.ubereats.com/chicago/food-delivery/tacos-el-gordo/7ww6Eq0tRzCYY8Zd4ogMhw,wheaton-illinois
https://www.ubereats.com/chicago/food-delivery/burrito-parrilla-mexicana-ogden-ave/zcWgqK0AQaKqyn_0SbtHGw,wheaton-illinois
https://www.ubereats.com/chicago/food-delivery/american-tap/gVpUsrJARFKC7_Vpktm0MQ,wheaton-illinois
https://www.ubereats.com/chicago/food-delivery/los-burritos-tapatios-lisle/wer65CvIRTq7dmniV5IdaA,wheaton-illinois
https://www.ubereats.com/chicago/food-delivery/midnight-kitchen/nKCLpWxsSDWqwbXNL1SB1Q,wheaton-illinois
https://www.ubereats.com/chicago/food-delivery/blue-sushi-sake-grill-naperville/W97nZsvxSg6khfXB_VpBCA,wheaton-illinois
https://www.ubereats.com/chicago/food-delivery/the-country-house-lisle/00jueaTNREqL9guRViaVXw,wheaton-illinois
https://www.ubereats.com/chicago/food-delivery/kilwins-wheaton/GRFWllDcTHOPbd82ovdY0Q,wheaton-illinois
https://www.ubereats.com/chicago/food-delivery/jigars-kitchen/H3cokUVsTsWR7VuEQHmX3g,wheaton-illinois
https://www.ubereats.com/chicago/food-delivery/mod-pizza-downtown-naperville/7XxIVgqCQD-GGBZCxhdspA,wheaton-illinois
https://www.ubereats.com/chicago/food-delivery/sushi-house-downers-grove/C3iF91X_S6uhbWIj_jxlMw,wheaton-illinois
https://www.ubereats.com/chicago/food-delivery/addantes-gourmet-italian/7ghnDAfrS2iouP6vYlI8cQ,wheaton-illinois
https://www.ubereats.com/chicago/food-delivery/subway-2303-w-63rd-st/ojwN9_OKSWe2iXF-TIcXyQ,wheaton-illinois
https://www.ubereats.com/chicago/food-delivery/fitzs-bulldog/_HoNm30NQZ-BB6t7WrhISA,wheaton-illinois
https://www.ubereats.com/chicago/food-delivery/lake-street-pub/fnc_lKe6Tze2cdNokGK6xQ,wheaton-illinois
https://www.ubereats.com/chicago/food-delivery/the-grill-effect/Vq0scVwJR5aSCUzt1d62pw,wheaton-illinois
https://www.ubereats.com/chicago/food-delivery/macianos-pizza-%26-pastaria-winfield/CbvUYxctSb6-boPtA3vq6A,wheaton-illinois
https://www.ubereats.com/chicago/food-delivery/between-the-buns-naperville/3_yCLeIuT--I8MIMkyfzog,wheaton-illinois
https://www.ubereats.com/chicago/food-delivery/subway-2958-s-finley-rd/4x_tqDoNSjyChowK5CiEwQ,wheaton-illinois
https://www.ubereats.com/chicago/food-delivery/jersey-mikes-subs-bartlett-959-illinois-route-59/qB5GtUuzStGw-OO1IAnO3g,wheaton-illinois
https://www.ubereats.com/chicago/food-delivery/burrito-parrilla-mexicana-lisle/dlOeuS4BS1Sl3oZxKP3U5w,wheaton-illinois
https://www.ubereats.com/chicago/food-delivery/gloria-jeans-coffees/3A9-xk1ST0qUm12NFcfzOw,wheaton-illinois
https://www.ubereats.com/chicago/food-delivery/stellas-pizza-%26-pub/9kdFdWQgTTybFC_M3jX3Ng,wheaton-illinois
https://www.ubereats.com/chicago/food-delivery/eagle-restaurant/CFxLrEQlT4iFuydSFRRw4g,wheaton-illinois
https://www.ubereats.com/chicago/food-delivery/mcalisters-deli-army-trail-%26-gary/2NsNhMSRRVaifzHIU4ShMw,wheaton-illinois
https://www.ubereats.com/chicago/food-delivery/harolds-shrimp-chicken-and-pizzeria/_AZMlI2PQOqTZgMaufFqdA,wheaton-illinois
https://www.ubereats.com/chicago/food-delivery/teriyaki-madness-795-e-butterfield-rd-lombard/Y87f9IPwT4aAdorTzW1wVw,wheaton-illinois
https://www.ubereats.com/chicago/food-delivery/pita-pita-mediterranean-grill-lombard/UO7jLyN2TfS4HoHOMcP8IA,wheaton-illinois
https://www.ubereats.com/chicago/food-delivery/taco-bell-74-stratford-dr/yRf8oqAnQxi03iOzbmInlA,wheaton-illinois
https://www.ubereats.com/chicago/food-delivery/wendys-424-s-schmale-rd/ojbB1U7vR86MnivLqge-KA,wheaton-illinois
https://www.ubereats.com/chicago/food-delivery/ginos-east-wheaton/Z9L7YaSCSrqT-v6RapTPog,wheaton-illinois
https://www.ubereats.com/chicago/food-delivery/chicken-lit/ZZg9JE8cR-CGQSSImkYaHg,wheaton-illinois
https://www.ubereats.com/chicago/food-delivery/dunkin-22w251-north-ave/Hbwosp6xTxWYotU3WkUpfw,wheaton-illinois
https://www.ubereats.com/chicago/food-delivery/mod-pizza-downers-grove/trC1LMA_SgWsxCRu6-xYLQ,wheaton-illinois
https://www.ubereats.com/chicago/food-delivery/foodhaul-carol-stream/ovQTJxI_RlO9M5BLGt8WYg,wheaton-illinois
https://www.ubereats.com/chicago/food-delivery/billy-bricks-wood-fired-pizza-naperville/lgWDT1yKSw-T_eb_lPgVcQ,wheaton-illinois
https://www.ubereats.com/chicago/food-delivery/freshii-203-yorktown-shopping-center/_c5vnGJvR1SHfUCqMA680g,wheaton-illinois
https://www.ubereats.com/chicago/food-delivery/thai-kitchen/HBO7JLiuRGmcEJa2rr4dMA,wheaton-illinois
https://www.ubereats.com/chicago/food-delivery/jets-pizza-ogden/L-Yo34OJQC6bjShwfIOcHw,wheaton-illinois
https://www.ubereats.com/chicago/food-delivery/capital-greens-highland-ave/_QxJVfKaTF2FjY59cGJPDg,wheaton-illinois
https://www.ubereats.com/chicago/food-delivery/starbucks-roosevelt-%26-nicoll/E9ZmxfCNRXygIjhMjw4yOw,wheaton-illinois
https://www.ubereats.com/chicago/food-delivery/fannie-may-glen-ellyn/AiyZCTg4RTGQDoQ9ron2_g,wheaton-illinois
https://www.ubereats.com/chicago/food-delivery/buona-naperville/mVlRlab7T9mrEgjxre13Bw,wheaton-illinois
https://www.ubereats.com/chicago/food-delivery/chicago-hot-breads/wJoWxYMUTlqFL5wMxvBtaA,wheaton-illinois
https://www.ubereats.com/chicago/food-delivery/covo-greek-street-food/sHAoAqEwSTK3SJ3yKn2qyw,wheaton-illinois
https://www.ubereats.com/chicago/food-delivery/sir-nicks-pizza/9g3gmlb2T9-sW6UPNLEEkg,wheaton-illinois
https://www.ubereats.com/chicago/food-delivery/panda-express-203-yorktown/k2Y-mqyIT9eslfZHpemYUg,wheaton-illinois
https://www.ubereats.com/chicago/food-delivery/sushi-house-westmont/vhT-NgazSPO8D-XlC8v0Eg,wheaton-illinois
https://www.ubereats.com/chicago/food-delivery/billy-bricks-wood-fired-pizza-wheaton/Tnt8SMrWQHiOQxiCVqH5eQ,wheaton-illinois
https://www.ubereats.com/chicago/food-delivery/taco-madre-naperville/vX6VgaQMQuymfF8b02ua4g,wheaton-illinois
https://www.ubereats.com/chicago/food-delivery/chinese-kitchen/ZcftANDmSXmGmcOpS7EG4A,wheaton-illinois
https://www.ubereats.com/chicago/food-delivery/starbucks-ogden-and-prince/1fQyIXjSTcWqzPbej9JHjg,wheaton-illinois
https://www.ubereats.com/chicago/food-delivery/starbucks-main-%26-front/WRrqnZ0CR3q50fxSZSCu6g,wheaton-illinois
https://www.ubereats.com/chicago/food-delivery/rameys-bar-and-grill/_HUjMDVQQ4a1i9bqeDxnvw,wheaton-illinois
https://www.ubereats.com/chicago/food-delivery/white-castle-4-e-roosevelt-rd/Iarqr6CfT_2VtsoMUJPk7A,wheaton-illinois
https://www.ubereats.com/chicago/food-delivery/starbucks-lisle-rte-53-%26-maple/KKo2MFynRDOVqy5R8mhrfw,wheaton-illinois
https://www.ubereats.com/chicago/food-delivery/chicago-pizza-and-pasta/5-JmbK58SDigj1W0BUjFYw,wheaton-illinois
https://www.ubereats.com/chicago/food-delivery/pita-inn-naperville/HI1fsIlQRO-wMcu2fnvm6g,wheaton-illinois
https://www.ubereats.com/chicago/food-delivery/woodgrain-neapolitan-pizzeria-glen-ellyn/RmqX98GwSNO670NyAeO1Hw,wheaton-illinois
https://www.ubereats.com/chicago/food-delivery/shikara-indian-restaurant/z5tgaCo5SmaGGBx91vLMtQ,wheaton-illinois
https://www.ubereats.com/chicago/food-delivery/starbucks-army-trail-%26-gary/jq-pd4ZAR66RQ1aRvUVURw,wheaton-illinois
https://www.ubereats.com/chicago/food-delivery/la-michoacana-naperville/ARfZgCw_SPC0--A-ZdSO4w,wheaton-illinois
https://www.ubereats.com/chicago/food-delivery/portillos-hot-dogs-950-e-ogden-ave/yZ7yK1WdQVGO45u9aIrRqA,wheaton-illinois
https://www.ubereats.com/chicago/food-delivery/ambrosia/7IwY3BagQgGtZmdgYvLIXg,wheaton-illinois
https://www.ubereats.com/chicago/food-delivery/cassanos-pizzeria-downers-grove/g_TzODklQNGittC_RNfnOw,wheaton-illinois
https://www.ubereats.com/chicago/food-delivery/mcdonalds-county-farm-%26-west-army-trail/XY75X0TKSXuNV_HpqTs8AA,wheaton-illinois
https://www.ubereats.com/chicago/food-delivery/mr-broast-roosevelt-%26-school/qUSuzE6IQgyJvqKaqpqFhg,wheaton-illinois
https://www.ubereats.com/chicago/food-delivery/makon-restaurant/nLFw2muQQSWLj4kECxd5Lg,wheaton-illinois
https://www.ubereats.com/chicago/food-delivery/citygate-grille/SB4bLfENQEuMnNMIGKjHrQ,wheaton-illinois
https://www.ubereats.com/chicago/food-delivery/mcdonalds-north-%26-westwood/E5YbURpkTBqzutHCduDa3A,wheaton-illinois
https://www.ubereats.com/chicago/food-delivery/jersey-mikes-subs-roosevelt-%26-summit/32MGtpSRQuC4bdM-DfLmyw,wheaton-illinois
https://www.ubereats.com/chicago/food-delivery/buffalo-wild-wings-28241-diehl-rd/kclLX6hYThepPsuBF-5ieg,wheaton-illinois
https://www.ubereats.com/chicago/food-delivery/skuddlebutts/C0OjnXn6Rp2OTdz_MCRH4g,wheaton-illinois
https://www.ubereats.com/chicago/food-delivery/la-campana/XfqFSJ4JRa6RngybLRl_zg,wheaton-illinois
https://www.ubereats.com/chicago/food-delivery/crazy-dillas/idmBWihkSXGd3KmGC4tP5g,wheaton-illinois
https://www.ubereats.com/chicago/food-delivery/starbucks-downers-grove-main-%26-warren/AnhVwIsUQ6i0ttDS7gWDxA,wheaton-illinois
https://www.ubereats.com/chicago/food-delivery/pza-lombard/kib2Gn5LRkKl4z_wD4kLig,wheaton-illinois
https://www.ubereats.com/chicago/food-delivery/guac-n-tacos/BssCsSMFR5q8Te7KF5t2UQ,wheaton-illinois
https://www.ubereats.com/chicago/food-delivery/mortons-the-steakhouse-1751-freedom-drive/qDjNgM9kSq62QZS4gU_d8g,wheaton-illinois
https://www.ubereats.com/chicago/food-delivery/subway-1550-n-rt-59/OMfjYXYSSpCbMF45xfGONw,wheaton-illinois
https://www.ubereats.com/chicago/food-delivery/hooters-fox-valley-%26-venuti/S9WAAsu-QNSHtowQecRpRg,wheaton-illinois
https://www.ubereats.com/chicago/food-delivery/jamba-juice-278-danada-square-west/uuGLlRiQRouzHaOV-JZ4iA,wheaton-illinois
https://www.ubereats.com/chicago/food-delivery/pasquallys-pizza-%26-wings-200-w-roosevelt/G6a3oiQNTju4TSQh11Nm9A,wheaton-illinois
https://www.ubereats.com/chicago/food-delivery/mojos-east-coast-eats/iI2pARBJQd-PU7LejMgY1A,wheaton-illinois
https://www.ubereats.com/chicago/food-delivery/pinched-mediterranean-grill/AMAx2rxUSLWfzCpHtZu0Ww,wheaton-illinois
https://www.ubereats.com/chicago/food-delivery/starbucks-north-%26-grace/dxEpY7FOQAGYTee19Jrs4Q,wheaton-illinois
https://www.ubereats.com/chicago/food-delivery/outback-steakhouse-2970-finley-rd/ijpy4y9GReq9R7jIJFHU5g,wheaton-illinois
https://www.ubereats.com/chicago/food-delivery/radhikas-kitchen-naperville/bOWt5qQWQE2pzIlZXq8dGg,wheaton-illinois
https://www.ubereats.com/chicago/food-delivery/arbys-1600-e-ogden-ave/Z3I2yMkvSmyc1INfEYQuag,wheaton-illinois
https://www.ubereats.com/chicago/food-delivery/philly-pretzel-factory-1037-w-ogden-ave/I9ZMcwNtQCGgTEKT1bvxYg,wheaton-illinois
https://www.ubereats.com/chicago/food-delivery/magarottos/CvEW3YglSKC7HixHwhSjWw,wheaton-illinois
https://www.ubereats.com/chicago/food-delivery/danbys-station-cafe/E_hA_j3NQRePWWmWKrVwhQ,wheaton-illinois
https://www.ubereats.com/chicago/food-delivery/eds-kitchen/hS4E0iniT8eBwClLTyZ3eQ,wheaton-illinois
https://www.ubereats.com/chicago/food-delivery/arbys-441-e-geneva-rd/EoPQUVNkQgiPQ2Mdx39hkA,wheaton-illinois
https://www.ubereats.com/chicago/food-delivery/dunkin-819-e-ogden-ave/HfD9VxKzRgy5HCEzuD0bNA,wheaton-illinois
https://www.ubereats.com/chicago/food-delivery/mr-wonton/8CSMwR1wT_KVQEST43FiSg,wheaton-illinois
https://www.ubereats.com/chicago/food-delivery/starbucks-wheaton-danada/mCNObG49T02N4f_5SXIyPA,wheaton-illinois
https://www.ubereats.com/chicago/food-delivery/between-the-buns-downers-grove/V3L3pg4ZQL-zQRKHjQ-N-Q,wheaton-illinois
https://www.ubereats.com/chicago/food-delivery/potbelly-sandwich-shop-warrenville-cantera-%7C-43/x35BGTioSZGEz9sZkhEQLQ,wheaton-illinois
https://www.ubereats.com/chicago/food-delivery/biryani-pot/GQmtqcbcQHWg5eQq9iSAYQ,wheaton-illinois
https://www.ubereats.com/chicago/food-delivery/royal-hummus-and-falafel/nkdZ031NTNi4aPz4xL2QYA,wheaton-illinois
https://www.ubereats.com/chicago/food-delivery/billy-bricks-wood-fired-pizza-lombard/mdMvjaLmQJ-DTeyeW0lMrA,wheaton-illinois
https://www.ubereats.com/chicago/food-delivery/signature-slabs/M2vUnrFxR6SwLIz9sCikxw,wheaton-illinois
https://www.ubereats.com/chicago/food-delivery/dunkin-1-e-saint-charles-rd/5oJUih9tTmuPU5A7Qor7iA,wheaton-illinois
https://www.ubereats.com/chicago/food-delivery/lemonshark-poke/S85y_T3QR-WTwkA_km_Ggw,wheaton-illinois
https://www.ubereats.com/chicago/food-delivery/big-suchir/Avd5-RZsSvKAO8N0fW7aTQ,wheaton-illinois
https://www.ubereats.com/chicago/food-delivery/fiamme-pizzeria-napoletana/1eCFOuuzS7mv1ednbOzB8w,wheaton-illinois
https://www.ubereats.com/chicago/food-delivery/burger-king-590-roosevelt-road/UMOnhSvHRduN5oXW9giRwQ,wheaton-illinois
https://www.ubereats.com/chicago/food-delivery/jersey-mikes-subs-army-trail-%26-knollwood/P_C6zcM8T_i_4FX1ffFQ8g,wheaton-illinois
https://www.ubereats.com/chicago/food-delivery/dinos-cafe/P99imHmaSSeSi4QpkHSzeQ,wheaton-illinois
https://www.ubereats.com/chicago/food-delivery/japan-77-steak-house/kDBZODm9QG-npxBpRkmANQ,wheaton-illinois
https://www.ubereats.com/chicago/food-delivery/cairo-ale-house-2011-franciscan-way/m72e0R2HTs-xNEMueB2jgA,wheaton-illinois
https://www.ubereats.com/chicago/food-delivery/panda-express-264-danada-square-w/_Wt_43ndQbu690auB2hWRw,wheaton-illinois
https://www.ubereats.com/chicago/food-delivery/macarena-tapas/kTqIL1GxTYORdjHSRqC3Lg,wheaton-illinois
https://www.ubereats.com/chicago/food-delivery/natures-best-cafe/4A57jlLRSryjCfh1FhHqgQ,wheaton-illinois
https://www.ubereats.com/chicago/food-delivery/honest-grilled-wings/xsTTIjEgRLCNbwsUg-g9hQ,wheaton-illinois
https://www.ubereats.com/chicago/food-delivery/which-wich-superior-sandwiches-gary-%26-schick/v3iDyXWgQQOVff_o338Wrw,wheaton-illinois
https://www.ubereats.com/chicago/food-delivery/chick-fil-a-301-e-loop-rd/YYGEJ81FSIiChOXStGGfMg,wheaton-illinois
https://www.ubereats.com/chicago/food-delivery/spice-mart/vLN9HhFHSYGQaWAUqiAm7A,wheaton-illinois
https://www.ubereats.com/chicago/food-delivery/q-bar-glendale-heights/fyVrVjlGQ3e7G263c9gXNg,wheaton-illinois
https://www.ubereats.com/chicago/food-delivery/shinto-japanese-steakhouse-%26-sushi-lounge/I4TjBNN4TCWIYaLOuxpIzQ,wheaton-illinois
https://www.ubereats.com/chicago/food-delivery/subway-rt-59-%26-batavia/5XB-dFL1RgyyVJa_kRgk5w,wheaton-illinois
https://www.ubereats.com/chicago/food-delivery/between-the-buns-wheaton/XOKoYL39Q1u6Xb9ZUIEe3g,wheaton-illinois
https://www.ubereats.com/chicago/food-delivery/patellis-west-chicago/jWyyaXMMQdmR2BflrSC6Ng,wheaton-illinois
https://www.ubereats.com/chicago/food-delivery/balboas-cheesesteaks/PUTFbCfbQAKBSOOORZTbzw,wheaton-illinois
https://www.ubereats.com/chicago/food-delivery/noodles-%26-company-706-roosevelt-rd/Hd87-2t9Q6qiISYojfxYGw,wheaton-illinois
https://www.ubereats.com/chicago/food-delivery/cousins-subs/xkIf57FdRUOZA8dH_aYrjw,wheaton-illinois
https://www.ubereats.com/chicago/food-delivery/ramen-sensei-310-yorktown-center/1eFh-7sBS7G8YaR9Fl2ywA,wheaton-illinois
https://www.ubereats.com/chicago/food-delivery/calzones-highland-ave/f5nL9n77TBKmlIC7Ag1Ysg,wheaton-illinois
https://www.ubereats.com/chicago/food-delivery/burger-king-1021-east-st-charles-road/WEtuP9i2ThW7wqPOKzGaaA,wheaton-illinois
https://www.ubereats.com/chicago/food-delivery/okapi-bistro/Du6UoNnqQLChr0VWgVh_qA,wheaton-illinois
https://www.ubereats.com/chicago/food-delivery/patellis-gyros-weston-ridge-%26-aurora/H8ehEE4ySJ-rIezwsMf6aw,wheaton-illinois
https://www.ubereats.com/chicago/food-delivery/italian-express-restaurant-glendale-heights/5acensZgS9WcIGCfjpC4DA,wheaton-illinois
https://www.ubereats.com/chicago/food-delivery/mcdonalds-north-%26-bloomingdale/yQNlUWygSkySehFxWVCn6Q,wheaton-illinois
https://www.ubereats.com/chicago/food-delivery/jersey-mikes-subs-aurora-1147-north-eola-road-suite-103/jVVuaDKhSpO-wcroT73LeA,wheaton-illinois
https://www.ubereats.com/chicago/food-delivery/chicken-tender-kitchen-naperville/3vARO0LkS76gfkXUxMYLcg,wheaton-illinois
https://www.ubereats.com/chicago/food-delivery/colombians-taste/Vxp-8CXET76kBM1VwlPgnA,wheaton-illinois
https://www.ubereats.com/chicago/food-delivery/sr-tatos/kJs5CddZRo-IbYh0nci4sg,wheaton-illinois
https://www.ubereats.com/chicago/food-delivery/chopsticks-noodle-%26-thai-cafe/bmnGP3kmR8SMCEP5kFWOJA,wheaton-illinois
https://www.ubereats.com/chicago/food-delivery/halsted-street-deli-on-s-meyers-rd/pnpPb6NXR4eSPOfApU6tpg,wheaton-illinois
https://www.ubereats.com/chicago/food-delivery/the-crazy-fox-bar-%26-grille/0LjMI61pRPWrFjyfhI79UQ,wheaton-illinois
https://www.ubereats.com/chicago/food-delivery/mcdonalds-roosevelt-%26-county-farm/irybAdOTQEmakqbkcC2fMA,wheaton-illinois
https://www.ubereats.com/chicago/food-delivery/dunkin-811-e-ogden-ave/hrjqKCnxQoiQ-94iT_ELeQ,wheaton-illinois
https://www.ubereats.com/chicago/food-delivery/hummingbird-restaurant/N5OnKJk7TQWRK7OPQUsGng,wheaton-illinois
https://www.ubereats.com/chicago/food-delivery/sarpinos-pizzeria-623-w-north-ave/0JVxriGSTaGT4ZZrPnhwbw,wheaton-illinois
https://www.ubereats.com/chicago/food-delivery/mcdonalds-il-59-%26-batavia/vMpqahRLSQScgGqdNatwtA,wheaton-illinois
https://www.ubereats.com/chicago/food-delivery/subway-109-danada-square-east/JLNFTswbSBubG95ELdlVwA,wheaton-illinois
https://www.ubereats.com/chicago/food-delivery/burrito-grill/oooRjyf0TzSK_YYhsETXXA,wheaton-illinois
https://www.ubereats.com/chicago/food-delivery/cicis-pizza/KXgkpUUhSOiisDccXbQH3w,wheaton-illinois
https://www.ubereats.com/chicago/food-delivery/kfc-taco-bell-370-roosevelt-road/YSpbtRIET2imrIuq8sCn9g,wheaton-illinois
https://www.ubereats.com/chicago/food-delivery/arrowhead-golf-club/lx82tdD_StGMXiCPUITETw,wheaton-illinois
https://www.ubereats.com/chicago/food-delivery/craft-urban/DcGAtsckSzCE2iZy7oNZ8A,wheaton-illinois
https://www.ubereats.com/chicago/food-delivery/old-town-pour-house-naperville/23B9qjG3RQ6Az8_jXYkMdQ,wheaton-illinois
https://www.ubereats.com/chicago/food-delivery/dunkin-1931-w-ogden-ave/1LD4znNOQGCqjdyixEad3Q,wheaton-illinois
https://www.ubereats.com/chicago/food-delivery/apizzaco-highland-ave/iSgrmay5SIGUdMUakXe0_A,wheaton-illinois
https://www.ubereats.com/chicago/food-delivery/la-barra-oak-brook/FAbLeJORTcytl8OwZ_C_VQ,wheaton-illinois
https://www.ubereats.com/chicago/food-delivery/los-burritos-tapatios-lombard/JYwESSv0Sy6YVxA8wVY4tQ,wheaton-illinois
https://www.ubereats.com/chicago/food-delivery/saffron-restaurant/3KNmCTw2RQOmz6W7LLrogw,wheaton-illinois
https://www.ubereats.com/chicago/food-delivery/the-great-indian-cafe/ty5mkVCfTcarn6gxtDPvFg,wheaton-illinois
https://www.ubereats.com/chicago/food-delivery/meal-village/_eFAo3UUT9mhDJ-8CX2Tbw,wheaton-illinois
https://www.ubereats.com/chicago/food-delivery/haveli-cuisine/5SCwebr2ReOC82sa49Q4pw,wheaton-illinois
https://www.ubereats.com/chicago/food-delivery/sweet-desserts/MunpykDlR72joXFoV1KKVQ,wheaton-illinois
https://www.ubereats.com/chicago/food-delivery/halsted-street-deli/INc7--4gSEK6j3C6TCUp6A,wheaton-illinois
https://www.ubereats.com/chicago/food-delivery/subway-314-w-army-trail-rd/YzFaISobTcGO-dYRqTrRxA,wheaton-illinois
https://www.ubereats.com/chicago/food-delivery/butterfields-wheaton/nwL8t9GPSbG_hKzp8j3OWg,wheaton-illinois
https://www.ubereats.com/chicago/food-delivery/taco-maya-bloomingdale/STIGbGOmQdukaO95_PmTjA,wheaton-illinois
https://www.ubereats.com/chicago/food-delivery/urban-counter-wheaton/egswpWkhTiWD_MCfSc0dpA,wheaton-illinois
https://www.ubereats.com/chicago/food-delivery/jersey-mikes-subs-naperville-111-e-ogden-avenue/659neQUcRLq3rVdnudvjiA,wheaton-illinois
https://www.ubereats.com/chicago/food-delivery/noodles-pho-u-lombard/vHVo7wYgQJeHQFw3omvUKg,wheaton-illinois
https://www.ubereats.com/chicago/food-delivery/cold-stone-creamery/Aa7MAK9fSZuhLlZsvmFa4A,wheaton-illinois
https://www.ubereats.com/chicago/food-delivery/el-famous-burrito-glendale-heights/qTsVJjQvTAmAAjZEbATBxA,wheaton-illinois
https://www.ubereats.com/chicago/food-delivery/dunkin-1090-roosevelt-rd/Ya1PCCJSTFqCqmA8tm9N-Q,wheaton-illinois
https://www.ubereats.com/chicago/food-delivery/pierce-tavernmain-st/m3vRucIvSZGTLL6tdeBDag,wheaton-illinois
https://www.ubereats.com/chicago/food-delivery/bellas/LNa_Arm6RLi2GL1BZXCzYg,wheaton-illinois
https://www.ubereats.com/chicago/food-delivery/smashburger-1-rice-lake-square/R6iq8xW-S2SJCZi6UsRB-Q,wheaton-illinois
https://www.ubereats.com/chicago/food-delivery/dunkin-26w220-geneva-rd/dbjEZIHKRLiAwEvxNIHWhQ,wheaton-illinois
https://www.ubereats.com/chicago/food-delivery/jamesons-charhouse-bloomingdale/r561eodlTw6tOYd0xCMYUQ,wheaton-illinois
https://www.ubereats.com/chicago/food-delivery/taco-bell-13-w-ogden-avenue/OAriunA2RSiKJ4EVSmOl_g,wheaton-illinois
https://www.ubereats.com/chicago/food-delivery/starbucks-naper-%26-ogden/ALkOhSV0Rv-3WNWgTKDRzw,wheaton-illinois
https://www.ubereats.com/chicago/food-delivery/outback-steakhouse-166-south-gary-avenue/W6BvG5bkQpOyXc0ZuqFFuQ,wheaton-illinois
https://www.ubereats.com/chicago/food-delivery/brunch-cafe-roselle/7f-2HfB-R2STUYq3BCzF_g,wheaton-illinois
https://www.ubereats.com/chicago/food-delivery/my-kind-of-deli/uzgpXvbzQzCYc8Pi2gW84w,wheaton-illinois
https://www.ubereats.com/chicago/food-delivery/dunkin-411-e-north-ave/oGWtpyE4RhWwCptvyFk_mA,wheaton-illinois
https://www.ubereats.com/chicago/food-delivery/subway-1009-e-roosevelt-rd/4c60D_IDRcCs3VnTauvbtA,wheaton-illinois
https://www.ubereats.com/chicago/food-delivery/subway-159-e-north-ave/aJrvU7xGRxSHnEsMQxCJuA,wheaton-illinois
https://www.ubereats.com/chicago/food-delivery/el-callejon-mexican-grill/DFICaKIARnW_RkSPAHVJ-w,wheaton-illinois
https://www.ubereats.com/chicago/food-delivery/wok-n-fire-wheaton/5BMBDafySTiy-4mqBmjEuQ,wheaton-illinois
https://www.ubereats.com/chicago/food-delivery/outback-steakhouse-2855-west-ogden-avenue/hxoglKX4QB-Mjio04npy2A,wheaton-illinois
https://www.ubereats.com/chicago/food-delivery/sarpinos-pizzeria-1567-n-aurora-rd/uCa0l8OpSHa1NXzBcOx4xw,wheaton-illinois
https://www.ubereats.com/chicago/food-delivery/tacochela/7YoZLOAWTKCptALUCL2DNQ,wheaton-illinois
https://www.ubereats.com/chicago/food-delivery/il-sogno/Q9fKFyE2Qqu_9BoNluMq7w,wheaton-illinois
https://www.ubereats.com/chicago/food-delivery/mapleberry-pancake-house/UPHysVWJTfqIyYEZSR_zDQ,wheaton-illinois
https://www.ubereats.com/chicago/food-delivery/the-desi-accent/IesRk1K4SW6cculNYzA7HQ,wheaton-illinois
https://www.ubereats.com/chicago/food-delivery/balkan-bakery-and-cafe/h58Rhz9zTASV83Rxg2iQIQ,wheaton-illinois
https://www.ubereats.com/chicago/food-delivery/apizzaco-freedom-dr/F7yyjvAnRrmXCnstBk21XQ,wheaton-illinois
https://www.ubereats.com/chicago/food-delivery/flat-top-grill-lombard/GedKlrcNSPmYjWnyuuqnKA,wheaton-illinois
https://www.ubereats.com/chicago/food-delivery/shree-indian-restaurant-naperville/85_fOC4yTi63uveAvag7Pg,wheaton-illinois
https://www.ubereats.com/chicago/food-delivery/dairy-queen-treat-148-s-bloomingdale-rd/I9guvuFaTvuYKSkPMxXHIQ,wheaton-illinois
https://www.ubereats.com/chicago/food-delivery/seoul-taco-naperville/fsUIHB8hTK61ZZnrdJF5wA,wheaton-illinois
https://www.ubereats.com/chicago/food-delivery/magic-kitchen/UpNaO0b1T0ihKG-TLTUshg,wheaton-illinois
https://www.ubereats.com/chicago/food-delivery/starbucks-north-%26-schmale/ski0aloxQq-BUudjgEScOQ,wheaton-illinois
https://www.ubereats.com/chicago/food-delivery/sebastians-ale-%26-whiskey-house-lombard/Ai9vhK_0SuW1RF6tYHUMPw,wheaton-illinois
https://www.ubereats.com/chicago/food-delivery/el-dorado-bakery/Gx8xL2AoQMOTOacMAz2f6g,wheaton-illinois
https://www.ubereats.com/chicago/food-delivery/panera-25-rice-lake-square/HQDAmIq9RRCVbOB-PcpBaQ,wheaton-illinois
https://www.ubereats.com/chicago/food-delivery/cozymels-mexican-grill/IsYSmBxLTouyVhpJKelehg,wheaton-illinois
https://www.ubereats.com/chicago/food-delivery/the-clubhouse-oak-brook/iniAqgjiTGWOKxKm9N_sEQ,wheaton-illinois
https://www.ubereats.com/chicago/food-delivery/five-guys-il-0583-141-danada-square-east/q18Y7HArQ4SRM8xOVvLheQ,wheaton-illinois
https://www.ubereats.com/chicago/food-delivery/noodles-%26-company-3871-e-main-st-unit-3871/MWj5D0KDSk-IijJ3DeRAag,wheaton-illinois
https://www.ubereats.com/chicago/food-delivery/altiro-latin-fusion-wheaton/HGfi5KDkRBiLbZc6DqpwbA,wheaton-illinois
https://www.ubereats.com/chicago/food-delivery/dunkin-17521-roosevelt-rd/I8v0AykgTYW72oHcig7beA,wheaton-illinois
https://www.ubereats.com/chicago/food-delivery/charles-fast-food-%234/PL7QxUeDTG6pwOu_ra7UnA,wheaton-illinois
https://www.ubereats.com/chicago/food-delivery/taylor-street-pizza/eAIHnNd0RaahTZzcSMrmbw,wheaton-illinois
https://www.ubereats.com/chicago/food-delivery/fontinas-italian-kitchen/Xn2AWJNeRtWnYcE4B9PqtA,wheaton-illinois
https://www.ubereats.com/chicago/food-delivery/fahrenheit-786/XOSMuUp5TzyNAyKbzz3XbA,wheaton-illinois
https://www.ubereats.com/chicago/food-delivery/idof-i-dream-of-falafel-oakbrook/8N3_YdA2TVa4wFFy__U8gw,wheaton-illinois
https://www.ubereats.com/chicago/food-delivery/tonys-steamers/Rv1zZpwcQMO5m04FF8e7bw,wheaton-illinois
https://www.ubereats.com/chicago/food-delivery/dunkin-200-e-lake-st/k6YR_V4pQhekSBZPPXyeKA,wheaton-illinois
https://www.ubereats.com/chicago/food-delivery/amigas-restaurant/UnLUzkdyQLOVVq7B9rg4og,wheaton-illinois
https://www.ubereats.com/chicago/food-delivery/halsted-street-deli/5HJmOBIuT46TAbm5Jd19NQ,wheaton-illinois
https://www.ubereats.com/chicago/food-delivery/dunkin-317-s-schmale-rd/YNd4W2_0SI61s0W-qTuyqg,wheaton-illinois
https://www.ubereats.com/chicago/food-delivery/taco-bell-1890-army-trail-rd/I7sxSCdRQsmLmaFCyCmrLg,wheaton-illinois
https://www.ubereats.com/chicago/food-delivery/hyderabad-house-biryani-place-restaurant-%26-bakery/8R8qW1iGTd21z3Mg1TtMEg,wheaton-illinois
https://www.ubereats.com/chicago/food-delivery/chipotle-mexican-grill-3821-e-main-st/pIj8MY5_SwqVzh21STl0oQ,wheaton-illinois
https://www.ubereats.com/chicago/food-delivery/browns-chicken-carol-stream/Jo6eAdZKQ0CQdwKh--Mamw,wheaton-illinois
https://www.ubereats.com/chicago/food-delivery/kfc-carol-stream/cAjCna03SbalScwBYxFnvA,wheaton-illinois
https://www.ubereats.com/chicago/food-delivery/burrito-parrilla-mexicana-glendale-heights/fmpZ58pVTZ26QYGzYYkquw,wheaton-illinois
https://www.ubereats.com/chicago/food-delivery/coopers-corner/fNTmnLuRTTKSARxSjXsbwQ,wheaton-illinois
https://www.ubereats.com/chicago/food-delivery/twin-peaks-restaurant-17w744-22nd-st/XT_jp8V6QkWuNwxKAfJj6g,wheaton-illinois
https://www.ubereats.com/chicago/food-delivery/honey-jam-cafe-downers-grove/hyUAKwqTR_i01zXKDDGT9w,wheaton-illinois
https://www.ubereats.com/chicago/food-delivery/petey-pasta-highland-ave/zvSOxLelRLSIbFdO50SKhA,wheaton-illinois
https://www.ubereats.com/chicago/food-delivery/brooks-kitchen-%26-tap/Oor5mGwbQX-1214eO6Rsvw,wheaton-illinois
https://www.ubereats.com/chicago/food-delivery/chipotle-mexican-grill-1203-ogden-ave/CR0Jrk5iQcGdpSTx3L-TrA,wheaton-illinois
https://www.ubereats.com/chicago/food-delivery/good-tequilas-mexican-grill-glendale-heights/4RzGgLtcSyK6-hJlie4xiA,wheaton-illinois
https://www.ubereats.com/chicago/food-delivery/subway-3-s-100-rt-53/bLfyxVpERPuwgMeImURzqA,wheaton-illinois
https://www.ubereats.com/chicago/food-delivery/falak-restaurant-and-banquets/MqgEKNvvRiGJlEXNnjkohw,wheaton-illinois
https://www.ubereats.com/chicago/food-delivery/mod-pizza-bloomingdale-court/SIeNYNQBT_yyM4Ov_bSwhw,wheaton-illinois
https://www.ubereats.com/chicago/food-delivery/taqueria-san-miguel/KC6KnW-5SqO155_ZfsJSvg,wheaton-illinois
https://www.ubereats.com/chicago/food-delivery/new-beijing-chinese-restaurant/EFEEkciXTlOyT6N9OD9oFg,wheaton-illinois
https://www.ubereats.com/chicago/food-delivery/halal-express-cuisine/KhaG6fv5RsS9kKc-O3t56w,wheaton-illinois
https://www.ubereats.com/chicago/food-delivery/wildfire-oak-brook/EArDI_IATQ-ejvek4jpUiQ,wheaton-illinois
https://www.ubereats.com/chicago/food-delivery/the-white-chocolate-grill-naperville/atWZ7krHQbmj_c4tlOg-eA,wheaton-illinois
https://www.ubereats.com/chicago/food-delivery/portillos-hot-dogs-134-e-lake-st/Nz39W-FASIyqQnpE-enU1Q,wheaton-illinois
https://www.ubereats.com/chicago/food-delivery/dairy-queen-treat-850-n-main-st/S1SuCnsjQl6tk68gQUKY-A,wheaton-illinois
https://www.ubereats.com/chicago/food-delivery/chipotle-mexican-grill-28251-diehl-rd-ste-a/uBv5Q5tSRUOPcXQ3pIqHaQ,wheaton-illinois
https://www.ubereats.com/chicago/food-delivery/sushi-time/va-EBFAnQCC3a0We0FIfgg,wheaton-illinois
https://www.ubereats.com/chicago/food-delivery/dunkin-600-s-county-farm-rd/m5rB-BX_Q8-W8z8mQ4_IAQ,wheaton-illinois
https://www.ubereats.com/chicago/food-delivery/the-simple-greek/e3MHOKevTlCiQt6gp6j2Qw,wheaton-illinois
https://www.ubereats.com/chicago/food-delivery/subway-404-w-roosevelt-rd/dt6A-n8KRa-uRCISOXvpJA,wheaton-illinois
https://www.ubereats.com/chicago/food-delivery/golden-corral-4270-e-new-york-street/Eul4s8iqSA68Y8XOS0YxoQ,wheaton-illinois
https://www.ubereats.com/chicago/food-delivery/halsted-street-deli/JrQdKWh_RFC3OGUnVwV4RA,wheaton-illinois
https://www.ubereats.com/chicago/food-delivery/the-bunker-bar-%26-grill/8ko39sxkS7a4g11OKQ3nmA,wheaton-illinois
https://www.ubereats.com/chicago/food-delivery/big-boss-pizza/rjNEn2CCTaaQQ1AUOUO4xg,wheaton-illinois
https://www.ubereats.com/chicago/food-delivery/kabab-guys/1jK7drAhQWG5wj4ViIj6Xg,wheaton-illinois
https://www.ubereats.com/chicago/food-delivery/cookie-dough-creations/RYoOC8owSLmH0Cs5folcSg,wheaton-illinois
https://www.ubereats.com/chicago/food-delivery/burrito-parilla-mexicana-lombard/8jp3dZvqQp2RdBBm8LvjlQ,wheaton-illinois
https://www.ubereats.com/chicago/food-delivery/sushi-naper/oFit7147RT-7PuBcaqUW4w,wheaton-illinois
https://www.ubereats.com/chicago/food-delivery/claras/ULkU8AukSXGwKin9E-dS5w,wheaton-illinois
https://www.ubereats.com/chicago/food-delivery/red-arrow-smoked-meats/fEYfbqa2R4ylxZ4ju2dZbw,wheaton-illinois
https://www.ubereats.com/chicago/food-delivery/neat-kitchen-%2B-bar/69k4VkGuRnSS8cHwATO3yg,wheaton-illinois
https://www.ubereats.com/chicago/food-delivery/sushi-ukai-glen-ellyn/Z-NfdXS4R8O_hlrg-NVz1w,wheaton-illinois
https://www.ubereats.com/chicago/food-delivery/shimla-peppers/LVOHCne5RPuSid3Ogox5zA,wheaton-illinois
https://www.ubereats.com/chicago/food-delivery/sweet-home-gelato/gaGjpjp5Ss284xRKbZMREQ,wheaton-illinois
https://www.ubereats.com/chicago/food-delivery/jerusalem-cafe-lombard/WKs6NpiSSzyAHSUfbDwKMg,wheaton-illinois
https://www.ubereats.com/chicago/food-delivery/maple-cafe/ku4_tU5dR0a6CaC6fyEsTw,wheaton-illinois
https://www.ubereats.com/chicago/food-delivery/blue-line-bar-%26-grill/fNiU6Xg9R6WAy8YK8C6FWQ,wheaton-illinois
https://www.ubereats.com/chicago/food-delivery/la-michoacana-tres-hermanos/vwqFKWzQSTyO9JRYdGiR5A,wheaton-illinois
https://www.ubereats.com/chicago/food-delivery/papa-saverios-pizza/TMHFkQUET_ycQAxaLfgiIA,wheaton-illinois
https://www.ubereats.com/chicago/food-delivery/steak-n-shake-320-w-north-ave/7EDXvhFoR8GxVlgiomeSog,wheaton-illinois
https://www.ubereats.com/chicago/food-delivery/panda-express-roosevelt-%26-fairfield/IiLxNXpmRq6WwHfGo4JRHQ,wheaton-illinois
https://www.ubereats.com/chicago/food-delivery/made-in-italy-trattoria-476-forest-ave/Yg11hwlHR5eKPkjB_JJPfQ,wheaton-illinois
https://www.ubereats.com/chicago/food-delivery/desi-grill-and-pizza/QE_TF7_MQxu2XphAJ2sBCQ,wheaton-illinois
https://www.ubereats.com/chicago/food-delivery/algo-dulce/llFcRUbOQAuNoKyT07LUPQ,wheaton-illinois
https://www.ubereats.com/chicago/food-delivery/little-caesars/HSSbmiGbQle4g12glvUkxg,wheaton-illinois
https://www.ubereats.com/chicago/food-delivery/golden-corral-154-s-gary-ave/0oTjSJn3R0qREroaaS6vYA,wheaton-illinois
https://www.ubereats.com/chicago/food-delivery/tony-spavones/2JDwctCTQH6OrJIqZ_s1fw,wheaton-illinois
https://www.ubereats.com/chicago/food-delivery/jersey-mikes-subs-glen-ellyn-711-e-roosevelt-road/82Zhe7qvSdagDn0utkHfgA,wheaton-illinois
https://www.ubereats.com/chicago/food-delivery/beijing-bros/w1BlRqrsT2KhcA7PHk33JA,wheaton-illinois
https://www.ubereats.com/chicago/food-delivery/dunkin-1160-s-main-st/z4nHPZ8MQya63MtbjZ6vqQ,wheaton-illinois
https://www.ubereats.com/chicago/food-delivery/pozoleria-amiguitas/CBvw1wRaQFy8g3jh2hMUSQ,wheaton-illinois
https://www.ubereats.com/chicago/food-delivery/ellyns-tap-and-grill/QXJZo7kWQfy83nNkRObtHw,wheaton-illinois
https://www.ubereats.com/chicago/food-delivery/portillos-hot-dogs-235-north-ave/LfL03HHfSN6xD22F3DO6jg,wheaton-illinois
https://www.ubereats.com/chicago/food-delivery/kfc-taco-bell-1015-maple-avenue/b7MHyF_rRyKdgtrfmC8qzg,wheaton-illinois
https://www.ubereats.com/chicago/food-delivery/buona-glendale-heights/RZ7T_dEXTs62MNsTFWNjEg,wheaton-illinois
https://www.ubereats.com/chicago/food-delivery/schmaltz-deli/WynBFX6cS8Ke_ICqQEzh9g,wheaton-illinois
https://www.ubereats.com/chicago/food-delivery/kyoto-japanese-sushi-restaurant/A7IesnCjRcCrZxJXgL3C0g,wheaton-illinois
https://www.ubereats.com/chicago/food-delivery/burrito-parrilla-mexicana-carol-stream/j-tCPAwUQHizIwEB48YjFQ,wheaton-illinois
https://www.ubereats.com/chicago/food-delivery/daves-burritos/EcPfIirVS-GnldEUBZNn7A,wheaton-illinois
https://www.ubereats.com/chicago/food-delivery/buca-di-beppo-lombard/JYSHzVFQTSq6i-I6jngTow,wheaton-illinois
https://www.ubereats.com/chicago/food-delivery/hannas-bistro-cafe/uwi_zHEYSLizOaW6TjmVxA,wheaton-illinois
https://www.ubereats.com/chicago/food-delivery/mcdonalds-rt-59-%26-brookdale/6w3UUlSLQ06VB8t2HMk0Xw,wheaton-illinois
https://www.ubereats.com/chicago/food-delivery/el-tesoro/ByN8lU9AT7yE4HZiF6WAFA,wheaton-illinois
https://www.ubereats.com/chicago/food-delivery/mamas-mabuhay-restaurant/dCS45H1aSjODC8asHFrbdg,wheaton-illinois
https://www.ubereats.com/chicago/food-delivery/che-figata/eH0NKC_NQwu3kV5QutNyvQ,wheaton-illinois
https://www.ubereats.com/chicago/food-delivery/dunkin-530-crescent-blvd/UoU3OnjHSK-TN4kKPQ1PaQ,wheaton-illinois
https://www.ubereats.com/chicago/food-delivery/sonic-drive-in-roosevelt-%26-ardmore/gjleEWQkRkuOSDK0O_BsiA,wheaton-illinois
https://www.ubereats.com/chicago/food-delivery/kizuna-sushi-bistro/mDzkKkgfR323PClFNUUCtg,wheaton-illinois
https://www.ubereats.com/chicago/food-delivery/dunkin-522-ogden-ave/aVj0qVH1RxmK1MZcCEph7A,wheaton-illinois
https://www.ubereats.com/chicago/food-delivery/sullivans-244-s-main-street/3O3XdEaDTpqKgrCOG_f_lQ,wheaton-illinois
https://www.ubereats.com/chicago/food-delivery/popeyes-army-trail-%26-gary/h9NUa3CJTMin0i0PaZtc0Q,wheaton-illinois
https://www.ubereats.com/chicago/food-delivery/mcdonalds-il-53-%26-butterfield/8NvrQtsOSXC3obxP6OncWg,wheaton-illinois
https://www.ubereats.com/chicago/food-delivery/cafe-on-the-park/bcDhRlHNTtiy0WOxHJA6Hw,wheaton-illinois
https://www.ubereats.com/chicago/food-delivery/johnnys-burgers-bowls-%26-bbq-carol-stream/wzfiif8DRxyU4YGwgHw9Pw,wheaton-illinois
https://www.ubereats.com/chicago/food-delivery/umai-aji-ya/R9L9XA65TN-PAay0mw7PWg,wheaton-illinois
https://www.ubereats.com/chicago/food-delivery/shinto-sushi-at-freedom-commons/xcwpGPNeTEGfc3mw67gAOQ,wheaton-illinois
https://www.ubereats.com/chicago/food-delivery/los-girasoles-restaurant/W18T1IaTTZu7sXnSkj2Xrg,wheaton-illinois
https://www.ubereats.com/chicago/food-delivery/red-mango-233-town-sq/wV8ZBCohRYyyvPRMHxJG8g,wheaton-illinois
https://www.ubereats.com/chicago/food-delivery/granite-city-food-%26-brewery-1828-abriter-ct/CPMtw2RATvSUAukTx12fHw,wheaton-illinois
https://www.ubereats.com/chicago/food-delivery/carols-garden-restaurant/_oOh94DPRH-fST30ererOw,wheaton-illinois
https://www.ubereats.com/chicago/food-delivery/v-thai/WmGAWZuHSSOKfm4bgeUQig,wheaton-illinois
https://www.ubereats.com/chicago/food-delivery/mcdonalds-roosevelt-%26-stewart/sgzhJeCNR5-tcAo3mILuyQ,wheaton-illinois
https://www.ubereats.com/chicago/food-delivery/dunkin-donuts-roosevelt-rd/nZ6zPpXpQky7c-40t2Fpeg,wheaton-illinois
https://www.ubereats.com/chicago/food-delivery/naked-burger/Xrq9kqYgSYukj8tbLzy2Uw,wheaton-illinois
https://www.ubereats.com/chicago/food-delivery/aloha-poke-co-w-washington-st/2nfQ03W-Tu6He5zJJNB0Hg,wheaton-illinois
https://www.ubereats.com/chicago/food-delivery/mon-ami-gabi-oak-brook-center/VQHij92TRhmRv4BsxdTcSg,wheaton-illinois
https://www.ubereats.com/chicago/food-delivery/cardamom-connection/E73vsZdBRqK0JVKq3fI0Ng,wheaton-illinois
https://www.ubereats.com/chicago/food-delivery/labriola-cafe-oak-brook/TRdussV4RK6FPPZMwfRxrA,wheaton-illinois
https://www.ubereats.com/chicago/food-delivery/chicken-crossing/aeM3TmvtQw2c9hXNUkH6cw,wheaton-illinois
https://www.ubereats.com/chicago/food-delivery/chinns-34th-street-fishery/GwLEMNybRryEkycp3SFsTw,wheaton-illinois
https://www.ubereats.com/chicago/food-delivery/calzones-highland-ave/hYDpaEnQS1KzwLI-4kq96g,wheaton-illinois
https://www.ubereats.com/chicago/food-delivery/akwa-fusion-cuisine/YAj-amn_Stqx1gGlP_gZJg,wheaton-illinois
https://www.ubereats.com/chicago/food-delivery/sals-pizza-pub/d52iUBBuSpOmJVn5bKFeHA,wheaton-illinois
https://www.ubereats.com/chicago/food-delivery/north-of-the-border-mexican-restaurant/BygB6AcyRdqbuTaK4yHvOw,wheaton-illinois
https://www.ubereats.com/chicago/food-delivery/starbucks-naper-%26-75th-st/q4MOuwK9Rje10xA_Z99U_w,wheaton-illinois
https://www.ubereats.com/chicago/food-delivery/draft-picks/Kq8oIBopShuUzYIu0hGlgQ,wheaton-illinois
https://www.ubereats.com/chicago/food-delivery/mai-thai-cafe/mx7OQVXuR1iDZ9zq5ahYwA,wheaton-illinois
https://www.ubereats.com/chicago/food-delivery/la-sorella-di-francesca/pELghr8JTSCklq8SpD3nBA,wheaton-illinois
https://www.ubereats.com/chicago/food-delivery/guzman-y-gomez-naperville/jM6t0JCZTAW7gDe2EMp9Fw,wheaton-illinois
https://www.ubereats.com/chicago/food-delivery/buona-lombard/-ZLrD2o8TSOvMDSQyl1d8Q,wheaton-illinois
https://www.ubereats.com/chicago/food-delivery/de-campana-restaurant/WCyuyplhTwuSaDYc8CzIxQ,wheaton-illinois
https://www.ubereats.com/chicago/food-delivery/bollywood-bistro/PVjm4IVUQZe21vkFuAUoxg,wheaton-illinois
https://www.ubereats.com/chicago/food-delivery/bumper-2-burger-ordermark/jA_CzpPDQLOUbnK-Kf1-Tg,wheaton-illinois
https://www.ubereats.com/chicago/food-delivery/billy-bricks-wood-fired-pizza-yorktown-center/GYk1y4sQRIS4u4k_FwXgpA,wheaton-illinois
https://www.ubereats.com/chicago/food-delivery/godavari-chicago-at-naperville/_nq1OL0JTiaEaTnexVhX-A,wheaton-illinois
https://www.ubereats.com/chicago/food-delivery/taco-grill-warrenville/S3nW7TkOT4KPqc6_5YXYAQ,wheaton-illinois
https://www.ubereats.com/chicago/food-delivery/mcdonalds-army-trail-%26-george-bell/0C8syJB5SSaunkWi0xP-fw,wheaton-illinois
https://www.ubereats.com/chicago/food-delivery/kabab-point/4e8CH31sSvGdbtV3eOBZZQ,wheaton-illinois
https://www.ubereats.com/chicago/food-delivery/ballydoyle-irish-pub-downers-grove/usKHSH8tQDKQFCev3zqYcw,wheaton-illinois
https://www.ubereats.com/chicago/food-delivery/fill-a-pita/TxEeurOJRb2iDcMI5uCycA,wheaton-illinois
https://www.ubereats.com/chicago/food-delivery/papa-saverios-pizzeria-county-farm-%26-north/SdLlkBlnT4mOYoOYlTWvFQ,wheaton-illinois
https://www.ubereats.com/chicago/food-delivery/oaked-italian-kitchen-front-st-vr/3fVXThuBRvOKDeRTqvfO2w,wheaton-illinois
https://www.ubereats.com/chicago/food-delivery/tgi-fridays-2671-bloomingdale-il/cV58BzXPQZa_VNrVSFPAJA,wheaton-illinois
https://www.ubereats.com/chicago/food-delivery/burrito-parrilla-mexicana-west-chicago/q_jEdS19Tma0mD9py2dhjA,wheaton-illinois
https://www.ubereats.com/chicago/food-delivery/los-burritos-tapatios-downers-grove/8hnvc2ONR2qNpICRwXa80Q,wheaton-illinois
https://www.ubereats.com/chicago/food-delivery/starbucks-army-trail-%26-bloomingdale/6uUN7OQaRFu6rrcWdXsFrQ,wheaton-illinois
https://www.ubereats.com/chicago/food-delivery/on-the-border-st-charles/zSlFfu3-TbKvotisgUdE4w,wheaton-illinois
https://www.ubereats.com/chicago/food-delivery/bds-mongolian-grill-boughton-%26-janes/OYULWfh3RkaUHFHoDRtHlg,wheaton-illinois
https://www.ubereats.com/chicago/food-delivery/cousins-pizza-pub/XBBnDVP8SA6lnps4MTG7fQ,wheaton-illinois
https://www.ubereats.com/chicago/food-delivery/flips-beef/Y-glNbw8TrSjlakMjKH89Q,wheaton-illinois
https://www.ubereats.com/chicago/food-delivery/el-coco-loco-mexican-grill-ordermark/7ZG0tBJVRzygzdi7xPz9EQ,wheaton-illinois
https://www.ubereats.com/chicago/food-delivery/fulla-bologna/vUj2biABSsOvLahptLZ7Qg,wheaton-illinois
https://www.ubereats.com/chicago/food-delivery/mcdonalds-neltnor-%26-main/ZRVlXmYdQbSqeaOzlBca3w,wheaton-illinois
https://www.ubereats.com/chicago/food-delivery/dunkin-85-yorktown-shopping-center/btA1cbCDSm6b1OOKbcxMng,wheaton-illinois
https://www.ubereats.com/chicago/food-delivery/steak-burrito/bi2ekMlkS-ORNknxOAR6xA,wheaton-illinois
https://www.ubereats.com/chicago/food-delivery/grilled-cheesin/zARAjV5UQQWy4gSti2EU4w,wheaton-illinois
