url,city
https://www.ubereats.com/chicago/food-delivery/five-guys-il-0510-1424-n-meacham/emds24UTRBCSPpw7fp3jAQ,wheeling-illinois
https://www.ubereats.com/chicago/food-delivery/city-works-wheeling/USzxZpqlSmO96JPkkWIHmw,wheeling-illinois
https://www.ubereats.com/chicago/food-delivery/jimmy-ds-district/euzdA1P3TGmSnoiIbXD6uA,wheeling-illinois
https://www.ubereats.com/chicago/food-delivery/dunkin-850-elmhurst-rd/OcxwtlRfQxGpnQ42dHm9Ow,wheeling-illinois
https://www.ubereats.com/chicago/food-delivery/mcdonalds-pfingsten-%26-willow/KhnUggSySkO_icvT0QEYCQ,wheeling-illinois
https://www.ubereats.com/chicago/food-delivery/casa-chapalas-grill/FO_yiD6cRVa7qmEXW3KlzA,wheeling-illinois
https://www.ubereats.com/chicago/food-delivery/zaika-indian-cuisine/hHOsgj-tQV6z2boNFIzrAQ,wheeling-illinois
https://www.ubereats.com/chicago/food-delivery/los-posadas-restaurant/78iyM3M-TDaLIm68Ta0N8g,wheeling-illinois
https://www.ubereats.com/chicago/food-delivery/subway-1008-weiland-rd/ElUZix9yQVmLqMafLAKZxw,wheeling-illinois
https://www.ubereats.com/chicago/food-delivery/uhmazing-blts/qBFhWkpQSXqxXgP2EDAxkA,wheeling-illinois
https://www.ubereats.com/chicago/food-delivery/spunky-dunkers-donuts/UXaRMaUWRWihh4iW5Dui1Q,wheeling-illinois
https://www.ubereats.com/chicago/food-delivery/smashburger-115-w-rand-rd/rmxxEdY5RD-xASJ9QveU7A,wheeling-illinois
https://www.ubereats.com/chicago/food-delivery/joe-%26-giuseppe-restaurant/eERnCUNJQTGm1kLNh1NRIQ,wheeling-illinois
https://www.ubereats.com/chicago/food-delivery/tap-house-grill-palatine/Zl6tbyVzTfyKKnQ3t75icQ,wheeling-illinois
https://www.ubereats.com/chicago/food-delivery/mcalisters-deli-9465-n-milwaukee-rd/Uli4VB2wR8Gvg8gKlcO21A,wheeling-illinois
https://www.ubereats.com/chicago/food-delivery/sushi-house/_tBo4m4HSm2WALtsRLEzRg,wheeling-illinois
https://www.ubereats.com/chicago/food-delivery/pf-changs-1819-lake-cook-rd/ukWo2TyURRCXOvDAp8w4NA,wheeling-illinois
https://www.ubereats.com/chicago/food-delivery/mod-pizza-mount-prospect/5mHcchwpTcKWR7YmryM7Tg,wheeling-illinois
https://www.ubereats.com/chicago/food-delivery/la-pa-rroqia-mexican-pancake-house-%26-cuisine/SFWbnobQQHOrwbmbKxkzqQ,wheeling-illinois
https://www.ubereats.com/chicago/food-delivery/benjyehuda-meacham-rd/zvOmlrp8TSO8WD6LX4pmMA,wheeling-illinois
https://www.ubereats.com/chicago/food-delivery/dunkin-donuts-n-arlington-heights/6EPJ_3XTQ0es_jTPGkZYFw,wheeling-illinois
https://www.ubereats.com/chicago/food-delivery/chipotle-mexican-grill-338-e-rand-rd/bqETWI-GSQetZkG9MY5tsA,wheeling-illinois
https://www.ubereats.com/chicago/food-delivery/fellini-restaurant-and-pizzeria/mFkUvp_rQ9C-V4O8awiH6A,wheeling-illinois
https://www.ubereats.com/chicago/food-delivery/illusion-cafe-and-bar/iCsE1wk0RNemm6ZgquMDTg,wheeling-illinois
https://www.ubereats.com/chicago/food-delivery/tropical-smoothie-cafe-920-n-elmhurst-road/rztwsv25RlypObk8eBY1fA,wheeling-illinois
https://www.ubereats.com/chicago/food-delivery/rise-n-dine-pancake-cafe/enErO-tYS86lLBe8YgDIQA,wheeling-illinois
https://www.ubereats.com/chicago/food-delivery/thai-inbox/_hzAhpw1SBmbWev31zWGKQ,wheeling-illinois
https://www.ubereats.com/chicago/food-delivery/salt-creek-tacos/6RngTbP9RRqqnej9oD1QVg,wheeling-illinois
https://www.ubereats.com/chicago/food-delivery/cinnabon-d203-woodfield-mall/cRFHDRHwQkGWNOnLPyoyWA,wheeling-illinois
https://www.ubereats.com/chicago/food-delivery/shake-shack-864-e-townline-rd/u6j4KUUNTZ2bb9JhVdx9rg,wheeling-illinois
https://www.ubereats.com/chicago/food-delivery/fuddruckers-schaumburg/v4Z_jrZsQDWNHf9Ic93jEA,wheeling-illinois
https://www.ubereats.com/chicago/food-delivery/foodhaul-arlington-heights/WUbR67YlQQi-ZTytEUAXaA,wheeling-illinois
https://www.ubereats.com/chicago/food-delivery/bo-bos-gyros-and-hot-dogs/A-w_tMW0Qdm4DrrRsVyreA,wheeling-illinois
https://www.ubereats.com/chicago/food-delivery/gabutto-burger/nJgLSWtpR2GQwJGbIluE6Q,wheeling-illinois
https://www.ubereats.com/chicago/food-delivery/fresh-to-go/PTMCc99nS8a-j5N5c52ZMQ,wheeling-illinois
https://www.ubereats.com/chicago/food-delivery/steak-n-shake-201-e-euclid-ave/wPz6l1EpTMOm06VTXsWpmA,wheeling-illinois
https://www.ubereats.com/chicago/food-delivery/cafe-orchid-northwest-%26-greenwood/8aK0YjVFSuW9GTMAnpBeDg,wheeling-illinois
https://www.ubereats.com/chicago/food-delivery/noodles-%26-company-1327-golf-rd/QO14UKkGTUS9oX56FS5Ykw,wheeling-illinois
https://www.ubereats.com/chicago/food-delivery/your-pie-pizza-glenview/fM9Zu20GRruh0m_AkYXa6w,wheeling-illinois
https://www.ubereats.com/chicago/food-delivery/goodis-restaurant/IEqxenFFQQS_rFELs_2prg,wheeling-illinois
https://www.ubereats.com/chicago/food-delivery/mowa/DDAnC_kRR_ej_bIq8Yr3ZA,wheeling-illinois
https://www.ubereats.com/chicago/food-delivery/protein-bar-and-kitchen-meacham-%26-woodfield/13NDMskVQXabRYpXbLBffw,wheeling-illinois
https://www.ubereats.com/chicago/food-delivery/red-robin-344-295-pkwy-dr/Py4bXRPWTpOfVxjzrlJbCQ,wheeling-illinois
https://www.ubereats.com/chicago/food-delivery/mcdonalds-golf-%26-elmhurst/9CrFN9AoSECH_uaR0s55yg,wheeling-illinois
https://www.ubereats.com/chicago/food-delivery/wild-pita/rJeMm1vhS6qhxx5jXWgG5A,wheeling-illinois
https://www.ubereats.com/chicago/food-delivery/papa-johns-palatine/McjbWJfJRbilsmBaqpW5Hw,wheeling-illinois
https://www.ubereats.com/chicago/food-delivery/adams-kabob/I5ebS2E0T8abjrvs9LSztg,wheeling-illinois
https://www.ubereats.com/chicago/food-delivery/miraj-layalena-restaurant/KxT65LUuR8mCkuBzVlTDww,wheeling-illinois
https://www.ubereats.com/chicago/food-delivery/mama-sophias-subs/leXLzYGFT-2TAScnsqyIEw,wheeling-illinois
https://www.ubereats.com/chicago/food-delivery/noodles-%26-company-900-milwaukee-av-ste-a/UzGliDk2TUar0iKdEfjBxg,wheeling-illinois
https://www.ubereats.com/chicago/food-delivery/noodles-%26-company-1851-tower-dr/qHSq4daoQD-g7ffC97egrA,wheeling-illinois
https://www.ubereats.com/chicago/food-delivery/buca-di-beppo-wheeling/F5My0eydTSKel0h6pM5NBg,wheeling-illinois
https://www.ubereats.com/chicago/food-delivery/wing-king/-HiFai49S-2EZk57dgglJw,wheeling-illinois
https://www.ubereats.com/chicago/food-delivery/tacos-guananuato/KLsNPI8DQl64GEOq1hJjIw,wheeling-illinois
https://www.ubereats.com/chicago/food-delivery/salsa-street-mexican-restaurant-%26-cantina-mt-prospect/z2_r_UY8SmClChKUaGUhNA,wheeling-illinois
https://www.ubereats.com/chicago/food-delivery/taco-bell-50-w-dundee-road/rsdBmVAzRAGSxfJaM5dw6Q,wheeling-illinois
https://www.ubereats.com/chicago/food-delivery/dunkin-1080-e-oakton-st/qidCiUjiTs-wlIa-wE3YVA,wheeling-illinois
https://www.ubereats.com/chicago/food-delivery/francescas-tavola/9u7o55vvSjeO8XjVnTZJ7g,wheeling-illinois
https://www.ubereats.com/chicago/food-delivery/popeyes-1790-w-algonquin-rd/jbaVVXu_QoGtcqfomMFiMg,wheeling-illinois
https://www.ubereats.com/chicago/food-delivery/cafe-zupas-20393-n-rand-rd/ArpkBYkaRH6SxxhVk8a8IA,wheeling-illinois
https://www.ubereats.com/chicago/food-delivery/salernos-pizzeria-%26-eatery-mt-prospect/gB99ORNiStaZWOCvqbrymQ,wheeling-illinois
https://www.ubereats.com/chicago/food-delivery/indian-bistro/su0SBnuVQ32IWaV4bv6jPw,wheeling-illinois
https://www.ubereats.com/chicago/food-delivery/taco-bell-1530-w-algonquin-rd/tlpwDrcUSAivmhcgjW4_bw,wheeling-illinois
https://www.ubereats.com/chicago/food-delivery/tacos-el-norte/9cIhyxEGTziBkMNKC8nkEg,wheeling-illinois
https://www.ubereats.com/chicago/food-delivery/five-guys-il-4044-20505-n-rand-road/ZjTY6uvoRO6ughscI1aC_A,wheeling-illinois
https://www.ubereats.com/chicago/food-delivery/jersey-mikes-subs-waukegan-%26-half-day/tnF4AXZFR22u08Uf1PH48g,wheeling-illinois
https://www.ubereats.com/chicago/food-delivery/jersey-mikes-subs-mchenry-%26-lake-cook/9Fo9O8R_SBeArPfDuRZk2w,wheeling-illinois
https://www.ubereats.com/chicago/food-delivery/arbys-100-w-rand-rd/M1S1TH4lQ3mQiuoraufytg,wheeling-illinois
https://www.ubereats.com/chicago/food-delivery/gails-carriage-place/Kgiec4hDTY-LQGM06UkM4Q,wheeling-illinois
https://www.ubereats.com/chicago/food-delivery/dunkin-2120-miner-st/zJdclvQDTZaFoDADlM5Rgg,wheeling-illinois
https://www.ubereats.com/chicago/food-delivery/little-caesars-534-w-dundee-rd/eakQF-AYR8C6bOyaTnZzTA,wheeling-illinois
https://www.ubereats.com/chicago/food-delivery/las-palmas-mexican-restaurant/9I4TbrymQRCfSMx0IUFArA,wheeling-illinois
https://www.ubereats.com/chicago/food-delivery/graeters-ice-cream-north-brook/XpxexYBfQGCE0dGTSGCCAQ,wheeling-illinois
https://www.ubereats.com/chicago/food-delivery/taco-maya-niles/_igeqMUrQLugOtThHx6T3g,wheeling-illinois
https://www.ubereats.com/chicago/food-delivery/pita-pita-mediterranean-grill-palatine/MREnIkW-SwiD6ENJR6dHGA,wheeling-illinois
https://www.ubereats.com/chicago/food-delivery/melt-gelato-%26-crepe-caffe/idANke7uRXm9ZFb0xWkGbw,wheeling-illinois
https://www.ubereats.com/chicago/food-delivery/godavari/zNvKrguxTyWFZPEHv0xjNg,wheeling-illinois
https://www.ubereats.com/chicago/food-delivery/taco-bell-320-n-northwest-hwy/ZbhRTaY1TrefWCmadfzucw,wheeling-illinois
https://www.ubereats.com/chicago/food-delivery/the-red-barn-restaurant-%26-brewery/_T8bjr1tTruBqsznUqqeZg,wheeling-illinois
https://www.ubereats.com/chicago/food-delivery/bombay-veggie-grill/8szSDbj5QlmDGZkNi5Ps3g,wheeling-illinois
https://www.ubereats.com/chicago/food-delivery/swagat-indian-grocery/6frl7sO4TgmZJHSXpadvRw,wheeling-illinois
https://www.ubereats.com/chicago/food-delivery/taco-bell-1224-e-dundee-rd/XMTNJkRYQqKRgJq6fXCxNw,wheeling-illinois
https://www.ubereats.com/chicago/food-delivery/los-arcos-restaurant/lRmTUMfyTUGVtOaU6v6g2Q,wheeling-illinois
https://www.ubereats.com/chicago/food-delivery/idof-i-dream-of-falafel-vernon-hills/VFC7GhjYQxm4wMJGojivhg,wheeling-illinois
https://www.ubereats.com/chicago/food-delivery/potbelly-sandwich-shop-schaumburg-dt-%7C-314/tYZDETGoTmmjnzgyBRyIRg,wheeling-illinois
https://www.ubereats.com/chicago/food-delivery/little-lans/uwbADw15SWmohugIgl-WUQ,wheeling-illinois
https://www.ubereats.com/chicago/food-delivery/burger-king-425-west-dundee-road/TI_nQISuR3CO7jHmLBzfCA,wheeling-illinois
https://www.ubereats.com/chicago/food-delivery/buona-mt-prospect/1Px-NM1gQQazJntR29e70A,wheeling-illinois
https://www.ubereats.com/chicago/food-delivery/faustos-italian-kitchen-and-catering/xIEhlEmuTnijZyzFrobRwA,wheeling-illinois
https://www.ubereats.com/chicago/food-delivery/honey-biscuit-breakfast/eOQwtkutRNGeeqMi4KeLfg,wheeling-illinois
https://www.ubereats.com/chicago/food-delivery/starbucks-waukegan-%26-lake-cook-deerfield/G0xQS8GhS7-bLVhMg7hFzg,wheeling-illinois
https://www.ubereats.com/chicago/food-delivery/capannari-ice-cream-mount-prospect/d90JraPyTjuOns0BrFi2Zw,wheeling-illinois
https://www.ubereats.com/chicago/food-delivery/wildfire-lincolnshire/4MBGRetkSR-mB8X3qlVkog,wheeling-illinois
https://www.ubereats.com/chicago/food-delivery/happi-sushi/Cr2iHf9vSACMiOW2cJAm1Q,wheeling-illinois
https://www.ubereats.com/chicago/food-delivery/cafe-zupas-711-deerfield-rd/1IZzxfYcTWKUFFzUulZAIA,wheeling-illinois
https://www.ubereats.com/chicago/food-delivery/papa-johns-buffalo-grove/61hbd974QSilO3E8HaQSWg,wheeling-illinois
https://www.ubereats.com/chicago/food-delivery/taco-bell-2566-skokie-valley-rd/Ws7Xy9wPRcSjiK4EyacQ8A,wheeling-illinois
https://www.ubereats.com/chicago/food-delivery/choong-man-chicken/us62qX0eThGmtBYsk-EdJA,wheeling-illinois
https://www.ubereats.com/chicago/food-delivery/five-guys-il-0525-118-kensington-rd/GiXRRYVyQWCVvkYpbKZ2Jg,wheeling-illinois
https://www.ubereats.com/chicago/food-delivery/pita-pita-mediterranean-grill-1219-golf-rd/g6qowHJpSIStAaaT00aWlw,wheeling-illinois
https://www.ubereats.com/chicago/food-delivery/gaylord-india-restaurant-schaumburg/-_Ssu7UZS7euDQMc1aWr9w,wheeling-illinois
https://www.ubereats.com/chicago/food-delivery/mcdonalds-algonquin-%26-new-wilke/FMYtB-kZTESL423c0wlGng,wheeling-illinois
https://www.ubereats.com/chicago/food-delivery/the-claim-company-of-vernon-hills/XgRjDch6T9Wq1DWZboJODg,wheeling-illinois
https://www.ubereats.com/chicago/food-delivery/panda-express-9347-n-milwaukee-ave/76QsBuLQR7Ofzr53IBwCwA,wheeling-illinois
https://www.ubereats.com/chicago/food-delivery/himalayan-restaurant-niles/IzLIUZ1jQcqZtr2cntnJsw,wheeling-illinois
https://www.ubereats.com/chicago/food-delivery/chipotle-mexican-grill-1572-e-lake-cook-rd/4udA19C-RWKhJjLSpYCOsQ,wheeling-illinois
https://www.ubereats.com/chicago/food-delivery/the-port-of-peri-peri-buffalo-grove/OSv1y-SzTgucse35UiehLg,wheeling-illinois
https://www.ubereats.com/chicago/food-delivery/chinatown-kitchen/glrBUx1gQFyiSqrH5gUL-Q,wheeling-illinois
https://www.ubereats.com/chicago/food-delivery/chipotle-mexican-grill-601-n-martingale-rd-ste-330/a9Sc5J3bS4awhH_20FGlBA,wheeling-illinois
https://www.ubereats.com/chicago/food-delivery/potbelly-sandwich-shop-northbrook-%7C-158/AIz63hZvR8iO19x4EpPBhg,wheeling-illinois
https://www.ubereats.com/chicago/food-delivery/king-shabu-shabu/URTPbKMXTmKfWOVpCPURnw,wheeling-illinois
https://www.ubereats.com/chicago/food-delivery/sakura-sushi/JSYqiAKTSl6mvsckIHfIzg,wheeling-illinois
https://www.ubereats.com/chicago/food-delivery/outback-steakhouse-909-north-elmhurst-road/INPmXopuSqKKsucnq9PAWQ,wheeling-illinois
https://www.ubereats.com/chicago/food-delivery/h2-pizza-and-more/5jhkPsGsTbWhYa1YytZ_ew,wheeling-illinois
https://www.ubereats.com/chicago/food-delivery/arbys-139-n-northwest-hwy/gZZQX6KbSX2Cj_g1tG_pKQ,wheeling-illinois
https://www.ubereats.com/chicago/food-delivery/golden-kitchen-butterfield/r-F8QtA3TlqTL3zJLm3CYw,wheeling-illinois
https://www.ubereats.com/chicago/food-delivery/starbucks-waukegan-rd-%26-everett-lake-forest/bR0jiW_kQW-6IsVVUAihUA,wheeling-illinois
https://www.ubereats.com/chicago/food-delivery/chipotle-mexican-grill-3846-willow-road/ylAJswdKTaS7mDTidVj8ng,wheeling-illinois
https://www.ubereats.com/chicago/food-delivery/flemings-prime-steakhouse-%26-wine-bar-lincolnshire/cKuT4iHTR7S1-0AtiLK1Wg,wheeling-illinois
https://www.ubereats.com/chicago/food-delivery/five-guys-il-0523-701-n-milwaukee-ave/zuFUeFzkT4a9848jQZy1uA,wheeling-illinois
https://www.ubereats.com/chicago/food-delivery/dunkin-3980-highway-22/BmnDkAcMThWWxh4Iba21bg,wheeling-illinois
https://www.ubereats.com/chicago/food-delivery/taco-bell-1175-e-oakton/u_P7whjkR2i27eoxjl1Qog,wheeling-illinois
https://www.ubereats.com/chicago/food-delivery/steak-n-shake-2121-willow-road/6fHoiTC8TOeZzq96f_KXOA,wheeling-illinois
https://www.ubereats.com/chicago/food-delivery/el-famous-burrito-wheeling/VA-Ry5TBS7maHuWcXudT1A,wheeling-illinois
https://www.ubereats.com/chicago/food-delivery/durty-nellies/OFXOZINqTaK3WtcVIkKVIw,wheeling-illinois
https://www.ubereats.com/chicago/food-delivery/morettis-ristorante-%26-pizzeria-schaumburg/keOussO5TjGNGdD-VJPFGw,wheeling-illinois
https://www.ubereats.com/chicago/food-delivery/blackwood-bbq/Aog3qDDHTeevIRFriZRbzQ,wheeling-illinois
https://www.ubereats.com/chicago/food-delivery/las-asadas-fresh-mexican-grill-%26-taqueria/xN23ncTtRZGhLSU6XEaA4g,wheeling-illinois
https://www.ubereats.com/chicago/food-delivery/draft-picks/LBSorGFXSJOa3Aq3ZdzJrQ,wheeling-illinois
https://www.ubereats.com/chicago/food-delivery/dagostinos-pizza-%26-pub-wheeling/h_AFmC_5StGuidXjcpFWVg,wheeling-illinois
https://www.ubereats.com/chicago/food-delivery/red-lobster-800-e-golf-road/JqIm7ZhlTEqWukEJt2ZfLw,wheeling-illinois
https://www.ubereats.com/chicago/food-delivery/buffalo-wild-wings-361-w-townline-rd/eZiEz2pxS3SVpZg27o689Q,wheeling-illinois
https://www.ubereats.com/chicago/food-delivery/starbucks-rand-and-dundee/uYRiXqj6TCiGr2rPJiPF-A,wheeling-illinois
https://www.ubereats.com/chicago/food-delivery/sabroso-burrito/aHOlVushQry_gWdg-Frz8g,wheeling-illinois
https://www.ubereats.com/chicago/food-delivery/el-tradicional-mexican-restaurant-%26-cantina/cyjdIQh2T5-kawIYnG-dgw,wheeling-illinois
https://www.ubereats.com/chicago/food-delivery/roti-modern-mediterranean-875-n-milwaukee-ave/cZZ4CiBnQaW45bGGOlpUXg,wheeling-illinois
https://www.ubereats.com/chicago/food-delivery/mi-restaurante/-sX6bbPbSpe_sS_ThDVGsA,wheeling-illinois
https://www.ubereats.com/chicago/food-delivery/little-tails-sports-bar/XO6eJvD_RHqaCurT0YHfqA,wheeling-illinois
https://www.ubereats.com/chicago/food-delivery/garden-berry-cafe/Ltpke1ICS56xQrhvtnvruw,wheeling-illinois
https://www.ubereats.com/chicago/food-delivery/green-basil-thai/_n46g4dNQaaU2of4q-xOqQ,wheeling-illinois
https://www.ubereats.com/chicago/food-delivery/dunkin-801-east-dundee-rd/rrerCQSnTSmuLtVwIohapQ,wheeling-illinois
https://www.ubereats.com/chicago/food-delivery/station-34-pizza-pub/rcwh5XU9SyOCZiDyecmMuQ,wheeling-illinois
https://www.ubereats.com/chicago/food-delivery/subway-185-nmilwaukee-ave-suite-110/H6KIrTT4RjOxik2OC7bTYw,wheeling-illinois
https://www.ubereats.com/chicago/food-delivery/mcdonalds-kirchoff-%26-meadow/8a2fgrHqRCKhL9-X0LJZSQ,wheeling-illinois
https://www.ubereats.com/chicago/food-delivery/cafe-fourteen/lEdACm9_Tkmyk3J7uod0rQ,wheeling-illinois
https://www.ubereats.com/chicago/food-delivery/potbelly-sandwich-shop-kildeer-%7C-35/z7RwSJARRYWjCmPDdha59Q,wheeling-illinois
https://www.ubereats.com/chicago/food-delivery/javiers-sabor-mexicano/i4O8D4V6S5-y4cedSLGVOQ,wheeling-illinois
https://www.ubereats.com/chicago/food-delivery/big-bowl-schaumburg/P3a6vcq3QK-tmjAKNEnA2Q,wheeling-illinois
https://www.ubereats.com/chicago/food-delivery/nancys-pizza/FdEcZgZRT0Gxp-G4_8-xUg,wheeling-illinois
https://www.ubereats.com/chicago/food-delivery/mcdonalds-northwest-%26-oakton/WqKWPk52SeqPKKsPHsQn8A,wheeling-illinois
https://www.ubereats.com/chicago/food-delivery/joshs-hotdogs-northbrook/LaIvIkK0TTuFMV9NLC0PlA,wheeling-illinois
https://www.ubereats.com/chicago/food-delivery/burger-king-1515-w-dundee-rd/WdwsOnc2S_yNUYeyMJDpBg,wheeling-illinois
https://www.ubereats.com/chicago/food-delivery/fresh-international-market-food-court/P9fulCB9QkC-A2nw3bVgFg,wheeling-illinois
https://www.ubereats.com/chicago/food-delivery/galaxy-gaming-lounge-%26-cafe/x5IYZWJRTL-gsYBKIL51oQ,wheeling-illinois
https://www.ubereats.com/chicago/food-delivery/bakers-square-270-east-northwest-highway/OuRQpkIXQuuVyB4B2F7Sfg,wheeling-illinois
https://www.ubereats.com/chicago/food-delivery/wiener-take-all/h2AAdpTCS5q7dGEaIP0LGw,wheeling-illinois
https://www.ubereats.com/chicago/food-delivery/starbucks-2745-pfingsten-rd-plaza-del-prado/ti2PvIeFTrefele1vZBjAQ,wheeling-illinois
https://www.ubereats.com/chicago/food-delivery/savory-salads-arlington-heights/7zcZQGbKQ-C_PLbAgZWFFg,wheeling-illinois
https://www.ubereats.com/chicago/food-delivery/jersey-mikes-subs-kensington-%26-rand/L52cIPLUQBmg-WIUS5Ym2A,wheeling-illinois
https://www.ubereats.com/chicago/food-delivery/subway-333-s-arlington-heights-rd/DWyn7-ddRC2G-lZlzd8dqA,wheeling-illinois
https://www.ubereats.com/chicago/food-delivery/la-michoacana-paleteria/LRjFxLDERJyfIRIw5eZr0w,wheeling-illinois
https://www.ubereats.com/chicago/food-delivery/subway-3244-glenview-rd/kkVSWlmjSNaIIYaDevW8hg,wheeling-illinois
https://www.ubereats.com/chicago/food-delivery/mcdonalds-milwaukee-%26-half-day/ap_qbTppT86TvaXo4xCGgg,wheeling-illinois
https://www.ubereats.com/chicago/food-delivery/sweet-baby-rays/HOCUkI_GQR6HvKVwLcLTBw,wheeling-illinois
https://www.ubereats.com/chicago/food-delivery/backyard-grill-2nd-st-%26-central/CVNaN0RtS8W66T7u0EPL2w,wheeling-illinois
https://www.ubereats.com/chicago/food-delivery/jersey-mikes-subs-higgins-%26-meacham/k6-wD59eRqeYS_dWrgh-ag,wheeling-illinois
https://www.ubereats.com/chicago/food-delivery/fannie-may-mt-prospect/8oN6J8C-RtGlPkjMsb_GwQ,wheeling-illinois
https://www.ubereats.com/chicago/food-delivery/gus-diner/YU7tJnzvQA63HIeeqRo16g,wheeling-illinois
https://www.ubereats.com/chicago/food-delivery/traktir-the-12-chairs/ReYCnrNqQF6VGWzMcJLUFw,wheeling-illinois
https://www.ubereats.com/chicago/food-delivery/golden-brunch/_M83ZhGRRFKYz8b7Sfo10Q,wheeling-illinois
https://www.ubereats.com/chicago/food-delivery/linas-frozen-treats/joDiRfKsQyCRgyIKq-hZiA,wheeling-illinois
https://www.ubereats.com/chicago/food-delivery/penang-malaysian-cuisine/JY9AQdTzSSislH1zkQbquA,wheeling-illinois
https://www.ubereats.com/chicago/food-delivery/kostas-gyros-palatine/aEadlR1ATNqZWLMUjbsg5A,wheeling-illinois
https://www.ubereats.com/chicago/food-delivery/urban-counter-palatine/VUrQmD2ERcWRI4CmCyNWqA,wheeling-illinois
https://www.ubereats.com/chicago/food-delivery/burger-king-675-e-rand-rd/tfK0YlbkRH6hAZbNvM7aAg,wheeling-illinois
https://www.ubereats.com/chicago/food-delivery/sarpinos-pizzeria-2017-milwaukee-ave/HKtW1bi_R4ud5TL85ZmlYg,wheeling-illinois
https://www.ubereats.com/chicago/food-delivery/subway-877-s-elmhurst-rd/VwEEC_EvSGmws9r_iMlbvg,wheeling-illinois
https://www.ubereats.com/chicago/food-delivery/dunkin-1945-willow-rd/ZDwLgboAR_KdE_G79tpMaA,wheeling-illinois
https://www.ubereats.com/chicago/food-delivery/poke-burrito-deer-park/FLKoVyFHTZmcXByA42hm6Q,wheeling-illinois
https://www.ubereats.com/chicago/food-delivery/jets-pizza-wheeling/4jlJPoBoTT6HH_-4xV4N7A,wheeling-illinois
https://www.ubereats.com/chicago/food-delivery/qp-greek-food-with-a-kick/5RWEWSeYRL69GA22A9vfxQ,wheeling-illinois
https://www.ubereats.com/chicago/food-delivery/tropical-smoothie-cafe-115-w-rand-rd-suite-b/YDOngtotTdaqGsOtG9DpCA,wheeling-illinois
https://www.ubereats.com/chicago/food-delivery/yus-mandarin-vernon-hills/qo33b1GyTSyyORGm6qxz2Q,wheeling-illinois
https://www.ubereats.com/chicago/food-delivery/tous-les-jours-glenview/fPZauPFtQJ6JCmDOKXRXVw,wheeling-illinois
https://www.ubereats.com/chicago/food-delivery/pita-inn-des-plaines/v_TLAvYnTa-1_OEK9vHqPA,wheeling-illinois
https://www.ubereats.com/chicago/food-delivery/ellys-arlington-heights/BbuVNhWCTuODUjBonOLBjg,wheeling-illinois
https://www.ubereats.com/chicago/food-delivery/ruths-chris-steak-house-933-skokie-blvd/OoLkHWB6SkGMo8F9dmpr7w,wheeling-illinois
https://www.ubereats.com/chicago/food-delivery/dunkin-1552-rand-rd/D9sYJ4KsSLi4AjC5G7676A,wheeling-illinois
https://www.ubereats.com/chicago/food-delivery/mcdonalds-dundee-%26-old-arlington-heights/n6KdLLX3TFG2uAyblM77RA,wheeling-illinois
https://www.ubereats.com/chicago/food-delivery/the-biryani-place/CASNE3xyT7y0l9ap6uwvUA,wheeling-illinois
https://www.ubereats.com/chicago/food-delivery/madras-kafe/QloEJDmITRuLudoZDbVWew,wheeling-illinois
https://www.ubereats.com/chicago/food-delivery/demetris/Xm_soLdiSBao9WhnNzM_zA,wheeling-illinois
https://www.ubereats.com/chicago/food-delivery/tgi-fridays-2682-wheeling-il/WY8L5RNVS7a2rrZuNCgHBA,wheeling-illinois
https://www.ubereats.com/chicago/food-delivery/katies-kitchen/iZlYiRDsS-SEswolusUopg,wheeling-illinois
https://www.ubereats.com/chicago/food-delivery/jersey-mikes-subs-willow-%26-ravine/OquPIfEMQN6umVp4RhpF-A,wheeling-illinois
https://www.ubereats.com/chicago/food-delivery/mcdonalds-oakton-%26-mannheim/_xHHEWZFQAOijRPIpq0SSw,wheeling-illinois
https://www.ubereats.com/chicago/food-delivery/which-wich-annex-of-arlington-heights/s_jetGO9RVC8ZGMAApb0tQ,wheeling-illinois
https://www.ubereats.com/chicago/food-delivery/clayoven-tandoor-indian-grill-%26-bar/Awk347l-TwysdTrFUi1b4Q,wheeling-illinois
https://www.ubereats.com/chicago/food-delivery/outback-steakhouse-216-east-golf-road/N2V7Wpl0SsGSgNnx720RqQ,wheeling-illinois
https://www.ubereats.com/chicago/food-delivery/starbucks-aptakisic-%26-buffalo-grove-rd/G2rVtIFAQ_ilh-4PzIpz5Q,wheeling-illinois
https://www.ubereats.com/chicago/food-delivery/oshio-sushi-%26-steakhouse/JK1UjIahTI-0wYPQ9_pUKQ,wheeling-illinois
https://www.ubereats.com/chicago/food-delivery/artistic-cuisine/28zILxVkTAyhXzrhClqQaw,wheeling-illinois
https://www.ubereats.com/chicago/food-delivery/uptown-burgers/e-YCdmb9RJKp-t7aPWDs1Q,wheeling-illinois
https://www.ubereats.com/chicago/food-delivery/wildfire-schaumburg/7-YSLPc6TlCqxCErw50F8Q,wheeling-illinois
https://www.ubereats.com/chicago/food-delivery/shalom-kosher-bakery/znv5gDp-QDOcRCeBMqqiYQ,wheeling-illinois
https://www.ubereats.com/chicago/food-delivery/portillos-hot-dogs-1900-golf-rd/0DXh_QkERr-me1zxpKgY8g,wheeling-illinois
https://www.ubereats.com/chicago/food-delivery/vinis-pizza-and-catering/7_duNwjNTfO2diWoL3ufdg,wheeling-illinois
https://www.ubereats.com/chicago/food-delivery/tiffanys-restaurant-%26-cafe/9Nf9ncgiQDScjbAEGm8-ug,wheeling-illinois
https://www.ubereats.com/chicago/food-delivery/dennys-2063-skokie-valley/dJp8-PVpToWB6PdgL6vrTQ,wheeling-illinois
https://www.ubereats.com/chicago/food-delivery/picante-mexican-bar-%26-grill/qBv0K00WS5CmBKY0XofRwQ,wheeling-illinois
https://www.ubereats.com/chicago/food-delivery/saranellos/heCN9yjmTqW8i1mtFz2Zig,wheeling-illinois
https://www.ubereats.com/chicago/food-delivery/grandmas-cool-breakfast/5CCs_bZKRgGreS-7G60ylA,wheeling-illinois
https://www.ubereats.com/chicago/food-delivery/mortons-the-steakhouse-699-skokie-blvd/Yw7sn_wlQ3i2dpcuhFvWXQ,wheeling-illinois
https://www.ubereats.com/chicago/food-delivery/noodles-%26-company-110-s-waukegan-ste-110c/oo9QOHd3R3G27e3X9HepzA,wheeling-illinois
https://www.ubereats.com/chicago/food-delivery/popeyes-7-w-dundee-rd/wkTBMZ0FQNeYAnM_7GBmpg,wheeling-illinois
https://www.ubereats.com/chicago/food-delivery/sozai-banzai/8IQKnssnTnyBHSsGoCnFXA,wheeling-illinois
https://www.ubereats.com/chicago/food-delivery/viaggio-restaurant/xNYiE2t4TkukoPepMm16UQ,wheeling-illinois
https://www.ubereats.com/chicago/food-delivery/the-juicer/C_vkXQyMSN6KvTf1orINjg,wheeling-illinois
https://www.ubereats.com/chicago/food-delivery/mcdonalds-higgins-%26-oakton/X3mvpPkPT3atWcRfbjtUAg,wheeling-illinois
https://www.ubereats.com/chicago/food-delivery/dunkin-980-harlem-ave-%2323/oDJjIjQaSyGg97hSq_K_aw,wheeling-illinois
https://www.ubereats.com/chicago/food-delivery/wendys-4610-west-lake-ave/DlEBvHqGQUif47itmKvjSw,wheeling-illinois
https://www.ubereats.com/chicago/food-delivery/panda-express-dundee-%26-rand/MKc7FCvzRW69Da0a1lgpIA,wheeling-illinois
https://www.ubereats.com/chicago/food-delivery/hells-chicken/XPxus74jQ_ekG6z0xseDsg,wheeling-illinois
https://www.ubereats.com/chicago/food-delivery/dunkin-2775-dundee-rd/oXFMnsJITf6i0Z9gY2QSTw,wheeling-illinois
https://www.ubereats.com/chicago/food-delivery/maestro/tb3pg7jES9qm9bPvZwo-Sg,wheeling-illinois
https://www.ubereats.com/chicago/food-delivery/fannie-may-wheeling/ZQ0aNpepQNiiLIHEmWLUVw,wheeling-illinois
https://www.ubereats.com/chicago/food-delivery/beerhead-bar-%26-eatery-milwaukee-%26-us-45/G-SJ4qVrRGGfiKugN9OhNA,wheeling-illinois
https://www.ubereats.com/chicago/food-delivery/bo-bos-gyros-hawthorn-village-commons-%26-ring/CNGi68bWSI6b7li51muqcg,wheeling-illinois
https://www.ubereats.com/chicago/food-delivery/pita-inn-wheeling/E7rzaFa2RNyRjeIwyUQhDg,wheeling-illinois
https://www.ubereats.com/chicago/food-delivery/salsa-street-mexican-restaurant/p7Dk1Uq0S1KZzgp4FTLpZQ,wheeling-illinois
https://www.ubereats.com/chicago/food-delivery/hong-kong-cafe/_R1Q1_FLTkKPUL7KbtWHLQ,wheeling-illinois
https://www.ubereats.com/chicago/food-delivery/yannis/msj7MjA5SRqsPtbRY3FDFg,wheeling-illinois
https://www.ubereats.com/chicago/food-delivery/meatheads-northbrook/pLoes1-aQ2e3EFQkYu7HiQ,wheeling-illinois
https://www.ubereats.com/chicago/food-delivery/north-branch-pizza-%26-burger-co/Gn8X-PGTR5-asJvGDJBuqg,wheeling-illinois
https://www.ubereats.com/chicago/food-delivery/hubbys-dog-house/BqHr9rVlQGSY56FyPafSWA,wheeling-illinois
https://www.ubereats.com/chicago/food-delivery/altthai/YWEq4mOaTpSEND7ZNkC9cA,wheeling-illinois
https://www.ubereats.com/chicago/food-delivery/jam-pizza/LxSXFZNOQiKNLaRL6Qs2lQ,wheeling-illinois
https://www.ubereats.com/chicago/food-delivery/tacos-el-norte/KMouIDnfTqmGPr0hhtCqAg,wheeling-illinois
https://www.ubereats.com/chicago/food-delivery/canta-napoli/Vaj2WyKVT72OYlBq-7XTNw,wheeling-illinois
https://www.ubereats.com/chicago/food-delivery/chipotle-mexican-grill-786-skokie-blvd/EjYoBSSXQ3KuLwlNvsH7rA,wheeling-illinois
https://www.ubereats.com/chicago/food-delivery/buona-rolling-meadows/ZG66D640Siqjt1ZtQUnDNQ,wheeling-illinois
https://www.ubereats.com/chicago/food-delivery/papa-willies-bbq/84I4L-GiR5uxAHGFkCRD9A,wheeling-illinois
https://www.ubereats.com/chicago/food-delivery/le-sucre-cafe/1qrryxC5SC-iUFs8GigidA,wheeling-illinois
https://www.ubereats.com/chicago/food-delivery/starbucks-vernon-hills-rte-60-%26-aspen-dr/nkMp_4BJQHKRvpZhYZfetQ,wheeling-illinois
https://www.ubereats.com/chicago/food-delivery/himalayan-sherpa-kitchen/TDQrJ45eTO-kaz7n5IkdyQ,wheeling-illinois
https://www.ubereats.com/chicago/food-delivery/texas-de-brazil-schaumburg/PLUZBPBwR1OKYettop5_Fw,wheeling-illinois
https://www.ubereats.com/chicago/food-delivery/dunkin-1204-s-milwaukee-ave/YAmA6qpHQkuSHxraDIZamQ,wheeling-illinois
https://www.ubereats.com/chicago/food-delivery/panera-1549-deerfield-pkwy/zQpLr4bkRfO_VZyRDaEUMA,wheeling-illinois
https://www.ubereats.com/chicago/food-delivery/potbelly-sandwich-shop-buffalo-grove-dt-%7C-443/qEUlY9_mT8Gw3vNpFkSUAA,wheeling-illinois
https://www.ubereats.com/chicago/food-delivery/cinnabon/TKuwYwVsQraqA_XBq-35zA,wheeling-illinois
https://www.ubereats.com/chicago/food-delivery/tugo-tea-house/HuinBnLQSISAZoL8YkJFSw,wheeling-illinois
https://www.ubereats.com/chicago/food-delivery/kfc-1195-e-oakton-street/I4jQmoQST-mmDY9gRKbuCw,wheeling-illinois
https://www.ubereats.com/chicago/food-delivery/el-famous-burrito-mt-prospect-il/cQUryfc4QqGCgiP5mGYhqQ,wheeling-illinois
https://www.ubereats.com/chicago/food-delivery/starbucks-willow-%26-i-294-glenview/r78etz8US7WYxs08Cikw3w,wheeling-illinois
https://www.ubereats.com/chicago/food-delivery/arbys-1331-golf-rd/qD1yQhTmQXG_9-6JxTBGsA,wheeling-illinois
https://www.ubereats.com/chicago/food-delivery/sankalp-indian-restaurant/LZOnxKI3TxCgqihC3Qfc2w,wheeling-illinois
https://www.ubereats.com/chicago/food-delivery/starbucks-lake-%26-patriot-the-glen/jbUNLnqcTY2g1kzSceKggg,wheeling-illinois
https://www.ubereats.com/chicago/food-delivery/pza-wheeling/jKQq9-r8TUSLcGp7deK0zw,wheeling-illinois
https://www.ubereats.com/chicago/food-delivery/mcdonalds-golf-%26-arlington-heights/vyUeev3jTC6WVhW7QkIAFg,wheeling-illinois
https://www.ubereats.com/chicago/food-delivery/dunkin-700-e-higgins-rd/4KlF8KO3TBmmfawXF5JdYQ,wheeling-illinois
https://www.ubereats.com/chicago/food-delivery/chipotle-mexican-grill-102-e-kensington-rd/tPoRnuuhS_KfBMuCLAgAiA,wheeling-illinois
https://www.ubereats.com/chicago/food-delivery/noble-romans-pizza/KlFhxLNeTUim0yKgpRwWkQ,wheeling-illinois
https://www.ubereats.com/chicago/food-delivery/indian-bistro-express/deY-kzDzQK605wbn9jg6SA,wheeling-illinois
https://www.ubereats.com/chicago/food-delivery/maxs-dawg-house/rHJzCbIEQOSv0Bz0YPdT-Q,wheeling-illinois
https://www.ubereats.com/chicago/food-delivery/sunrise-grand/ldcqpJnbT-uD5m2bLxp_Hg,wheeling-illinois
https://www.ubereats.com/chicago/food-delivery/mias-cantina/WlLttraBR6GC4rZCqJXyIA,wheeling-illinois
https://www.ubereats.com/chicago/food-delivery/dragonfly-asian-wokers/CnSYeBe0SDqEhT7pX_xrEg,wheeling-illinois
https://www.ubereats.com/chicago/food-delivery/osaka-sushi-mundelein/Kyh8NeuKTdqD-KkmyqTV9Q,wheeling-illinois
https://www.ubereats.com/chicago/food-delivery/los-sombreros-taqueria/Ocl1C8wXSy2s1rFBQUtnzQ,wheeling-illinois
https://www.ubereats.com/chicago/food-delivery/big-anges-eatery/w9SOs15FRTi4AIpOgqdPnw,wheeling-illinois
https://www.ubereats.com/chicago/food-delivery/mcalisters-deli-1109-n-elmhurst/nQroJWprSPaxd3RIgOTdNA,wheeling-illinois
https://www.ubereats.com/chicago/food-delivery/wing-society/9Sl26vi1STampGHd6s4hbw,wheeling-illinois
https://www.ubereats.com/chicago/food-delivery/rivaj-indian-cuisine/RM3IM67uSnm59bZ1fwtMDg,wheeling-illinois
https://www.ubereats.com/chicago/food-delivery/sampurnas-indian-flavor/5CnohXeORdy-4t4u1maFSA,wheeling-illinois
https://www.ubereats.com/chicago/food-delivery/wow-bao-1900-e-higgins/MhoNwMbuS3u0Qr9NWNnyvA,wheeling-illinois
https://www.ubereats.com/chicago/food-delivery/vinis-pizza/zbb9V9KvQpW6Wr6oEQz-1w,wheeling-illinois
https://www.ubereats.com/chicago/food-delivery/subway-1585-lee-st/qZuLJtKGS3SnfqU69lfIow,wheeling-illinois
https://www.ubereats.com/chicago/food-delivery/mcdonalds-milwaukee-%26-greenwood/Y_MGo-PiRMWXL8r00sazqg,wheeling-illinois
https://www.ubereats.com/chicago/food-delivery/rosatis-pizza-101-e-townline-rd/yu7eLl0VQFaQdqM71KuMew,wheeling-illinois
https://www.ubereats.com/chicago/food-delivery/mcalisters-deli-townline-%26-aspen/QVkbTpILSpSOD-9fHm6QJw,wheeling-illinois
https://www.ubereats.com/chicago/food-delivery/taco-bell-2410-e-rand-rd/EetSaShoReefYkTYNi_Lmw,wheeling-illinois
https://www.ubereats.com/chicago/food-delivery/subway-1630-deerfield-rd/hDbEs40-R7qQDJbuZqQZBA,wheeling-illinois
https://www.ubereats.com/chicago/food-delivery/dunkin-9721-milwaukee-ave/u-JLMh9QQR6FW3a5hwZ30Q,wheeling-illinois
https://www.ubereats.com/chicago/food-delivery/francescas-intimo/2Mz8Ed5VSY-ad7QGQEVQfQ,wheeling-illinois
https://www.ubereats.com/chicago/food-delivery/gatsbys-pizza-%26-pub/ve1-9f7dSdWMUcDapSjZPQ,wheeling-illinois
https://www.ubereats.com/chicago/food-delivery/mina-restaurant/G9Xwbh0aSrWvEhIt482G6g,wheeling-illinois
https://www.ubereats.com/chicago/food-delivery/wing-squad-wheeling/mBCOw394SJqxJ4ntOuQb6Q,wheeling-illinois
https://www.ubereats.com/chicago/food-delivery/porkys-bbq/NgnGo_M-QuKLasi_pbNJnQ,wheeling-illinois
https://www.ubereats.com/chicago/food-delivery/papa-rays-pizza-%26-wings-palatine/_D1gEAsLTnywr8ZyJoT07w,wheeling-illinois
https://www.ubereats.com/chicago/food-delivery/main-street-social/LC4QGKQdQrGDUCtcXFGlhw,wheeling-illinois
https://www.ubereats.com/chicago/food-delivery/flambe-india/Bo8rbiczRo20dqT6_fUp-Q,wheeling-illinois
https://www.ubereats.com/chicago/food-delivery/dawg-park/FXd7MR3BQSesbRILTgICyg,wheeling-illinois
https://www.ubereats.com/chicago/food-delivery/potbelly-sandwich-shop-mt-prospect-%7C-436/LaYJyrnmTbusgLejnnj3zA,wheeling-illinois
https://www.ubereats.com/chicago/food-delivery/dear-franks/HO-Y9MUnQTy6tE5XQgnHpA,wheeling-illinois
https://www.ubereats.com/chicago/food-delivery/taco-bell-2015-s-lake-st/AWSWSp6lQceiBk2oEZkjPQ,wheeling-illinois
https://www.ubereats.com/chicago/food-delivery/subway-kensington/7oP-cFujR92Fk1BObfwoUw,wheeling-illinois
https://www.ubereats.com/chicago/food-delivery/bombay-chopsticks/gxDWX-3bT9ivOI2nHfEMig,wheeling-illinois
https://www.ubereats.com/chicago/food-delivery/potbelly-sandwich-shop-glenview-%7C-39/nPxISIxdRz6M0W2UlpCrDw,wheeling-illinois
https://www.ubereats.com/chicago/food-delivery/grilled-cheesin/rHvAfixAQbKyso4XBMxkfQ,wheeling-illinois
https://www.ubereats.com/chicago/food-delivery/halsted-street-deli-on-martingale/SIgWCs52SLCrG8_Ph8P4fw,wheeling-illinois
https://www.ubereats.com/chicago/food-delivery/panda-express-dundee-%26-milwaukee/YLi46VYgSlu2c-iaE23RWg,wheeling-illinois
https://www.ubereats.com/chicago/food-delivery/emersons-ale-house/DjNxcoQ5QAS7p8egz-ZbvA,wheeling-illinois
https://www.ubereats.com/chicago/food-delivery/tokio-pub/2xhlFI_jSuKQYV7H_C3I_Q,wheeling-illinois
https://www.ubereats.com/chicago/food-delivery/garibaldis-italian-eatery-arlington-heights/xFuEhUc-Skiq499uorO7kg,wheeling-illinois
https://www.ubereats.com/chicago/food-delivery/cookies-by-design-%23112/z-Y4tELYRzKXGIIZARYEWA,wheeling-illinois
https://www.ubereats.com/chicago/food-delivery/scoobys/u-SyS9mSS8ChveDtKr4Nsw,wheeling-illinois
https://www.ubereats.com/chicago/food-delivery/amici-restaurant/KdODCle3Q_mSymK2ieUnVg,wheeling-illinois
https://www.ubereats.com/chicago/food-delivery/photos-hotdogs/HA7GXkUPTM24RJtqJxOpBQ,wheeling-illinois
https://www.ubereats.com/chicago/food-delivery/dunkin-245-mchenry-rd/sV8iZ5nWQwGHwSpq5IUutQ,wheeling-illinois
https://www.ubereats.com/chicago/food-delivery/sams-place/ISOTFwHER8CC71qnufSy8A,wheeling-illinois
https://www.ubereats.com/chicago/food-delivery/ochoas-mexican-grill/VuMhZfG5RYivv6HJUNv_hA,wheeling-illinois
https://www.ubereats.com/chicago/food-delivery/buffalo-wild-wings-1018-willow-rd/4QHVs_TrTUWCu7uchFpyEg,wheeling-illinois
https://www.ubereats.com/chicago/food-delivery/portillos-hot-dogs-806-w-dundee-rd/HA4WiGE6Tv2gD3KhYvJ0Wg,wheeling-illinois
https://www.ubereats.com/chicago/food-delivery/taco-bell-9870-n-milwaukee/JxPQx3LMScOmnk_4nj9c8g,wheeling-illinois
https://www.ubereats.com/chicago/food-delivery/auntie-annes-2171-northbrook-ct-spc-1286/Xy3XRLSGTGKCNgTfX21GYQ,wheeling-illinois
https://www.ubereats.com/chicago/food-delivery/tasty-spin/RxyX-sEHT4iFzBNmA6Hdsg,wheeling-illinois
https://www.ubereats.com/chicago/food-delivery/loves-yogurt-plaza-del-prado/6VXgSmVjT6Cm3ocwTgR_jA,wheeling-illinois
https://www.ubereats.com/chicago/food-delivery/submarine-express/rLWxFfn4RzKE-o4ItBuYPg,wheeling-illinois
https://www.ubereats.com/chicago/food-delivery/mcdonalds-arlington-heights-%26-rand/cnHyb-cNSSGHrPhxiznYMg,wheeling-illinois
https://www.ubereats.com/chicago/food-delivery/superdawg-drive-in-wheeling/KEznGN_qTSiihn3zSVTZog,wheeling-illinois
https://www.ubereats.com/chicago/food-delivery/upper-crust-bagels/DSLHQm2_Tv6HtOUc4LpMFA,wheeling-illinois
https://www.ubereats.com/chicago/food-delivery/little-greek-schaumburg/KB7UqYteRKuQlB__SGBbOg,wheeling-illinois
https://www.ubereats.com/chicago/food-delivery/the-gyros-factory/LZaC2uDLT-OPUjCz4oYzXg,wheeling-illinois
https://www.ubereats.com/chicago/food-delivery/tortorices-pizza-buffalo-grove/bdnojI8uQQSH4-xe6gozOw,wheeling-illinois
https://www.ubereats.com/chicago/food-delivery/shake-shack-1765-e-golf-road/9s4ISWRfSOeSkuvFGoR7Fw,wheeling-illinois
https://www.ubereats.com/chicago/food-delivery/menchies-frozen-yogurt-1027-n-elmhurst-rd/WZgE23QeRCKaSxpEDR1C3w,wheeling-illinois
https://www.ubereats.com/chicago/food-delivery/rasoi-restaurant/UZdNirUrTZOb_RH-BakfOA,wheeling-illinois
https://www.ubereats.com/chicago/food-delivery/kamehachi-northbrook/5WZJZ0XWSJmTZ0mal_t0Cg,wheeling-illinois
https://www.ubereats.com/chicago/food-delivery/mod-pizza-deerbrook-mall/Aeqr3YceRoeiHlXrFV-0Xw,wheeling-illinois
https://www.ubereats.com/chicago/food-delivery/giannis-cafe-kildeer/XDJmE4L9RPiTbuFSMqholw,wheeling-illinois
https://www.ubereats.com/chicago/food-delivery/subway-743-n-milwaukee-ave/3Vulm6SbRyGbUvHeiS_DWA,wheeling-illinois
https://www.ubereats.com/chicago/food-delivery/dunkin-105-w-dundee-rd/kXhSYRITTcmlS-9nGHiVjw,wheeling-illinois
https://www.ubereats.com/chicago/food-delivery/potbelly-sandwich-shop-des-plaines-metro-%7C-116/oYKTZHrORUWXw0Fuw_-IYw,wheeling-illinois
https://www.ubereats.com/chicago/food-delivery/dunkin-1169-n-old-mchenry-rd-suite-120a/D0MkOUvnTkivzjbFv48rvw,wheeling-illinois
https://www.ubereats.com/chicago/food-delivery/johnnys-kitchen-and-tap/XJySrJMXQjicZ6jTm6gA3Q,wheeling-illinois
https://www.ubereats.com/chicago/food-delivery/mesa-urbana/OC0tASHuSNuOodnvaj3I5Q,wheeling-illinois
https://www.ubereats.com/chicago/food-delivery/tgi-fridays-2677-schaumburg-il/0odO_MwyRn2qu-Z1lLCKFg,wheeling-illinois
https://www.ubereats.com/chicago/food-delivery/benihana-1200-e-higgins-road/Bcl6SQ-iTa25-2w9JeTtiA,wheeling-illinois
https://www.ubereats.com/chicago/food-delivery/yus-mandarin-schaumburg/Rbmh1kH2RrC1tQRAAc9mGw,wheeling-illinois
https://www.ubereats.com/chicago/food-delivery/sushi-4-u/BY5f8aaJTAKUqH9llJ8zIA,wheeling-illinois
https://www.ubereats.com/chicago/food-delivery/mcdonalds-dundee-%26-milwaukee/B3RLbn6dTx-D0IuZXkekAQ,wheeling-illinois
https://www.ubereats.com/chicago/food-delivery/la-zingara-italian/bNkZ_Z5sSeWEqwVyoZ_Rpg,wheeling-illinois
https://www.ubereats.com/chicago/food-delivery/stir-crazy-fresh-asian-grill-northbrook/IVIMbAXPT36TFvmQ01ZVrg,wheeling-illinois
https://www.ubereats.com/chicago/food-delivery/frosty-penguin-grill-1056-busse-highway/CjsQxSgSRD61T3RJiU0CPw,wheeling-illinois
https://www.ubereats.com/chicago/food-delivery/chipotle-mexican-grill-375-n-milwaukee-ave-ste-100/ZHRoy83vT5Sr4_lGmeY2RA,wheeling-illinois
https://www.ubereats.com/chicago/food-delivery/popeyes-45-n-northwest-hwy/wdt3WlwoToi8P4XsMTl9Vw,wheeling-illinois
https://www.ubereats.com/chicago/food-delivery/disotto/1sy4Gl-WTjGPpi8TDDbzKA,wheeling-illinois
https://www.ubereats.com/chicago/food-delivery/gators-wing-shack/i4zLumA6Sj28H2hYjHZROg,wheeling-illinois
https://www.ubereats.com/chicago/food-delivery/ra-sushi-150-n-milwaukee-avenue/xE8r3EWzTHG4ZKAjFK6MZA,wheeling-illinois
https://www.ubereats.com/chicago/food-delivery/portillos-hot-dogs-8832-w-dempster-st/lqufWXwFSO2FqG824CCO6Q,wheeling-illinois
https://www.ubereats.com/chicago/food-delivery/starbucks-deerfield-%26-waukegan-deerfield/idcrkLU-Soytge1yl9Wg_Q,wheeling-illinois
https://www.ubereats.com/chicago/food-delivery/wynburg-cafe/6j8ZyNiUTZaXr5WrFfYm0g,wheeling-illinois
https://www.ubereats.com/chicago/food-delivery/grill-house/Lc9hsa0jROuTthgTR5h5ug,wheeling-illinois
https://www.ubereats.com/chicago/food-delivery/mcdonalds-northwest-%26-smith/9GJF7ZY2THCXMraec8yfWA,wheeling-illinois
https://www.ubereats.com/chicago/food-delivery/osteria-trulli/4snQSHH8RL-RTDMEKHyq8w,wheeling-illinois
https://www.ubereats.com/chicago/food-delivery/maoz-falafel-%26-grill/YqRq3vxeQhCXizc-c_6KSg,wheeling-illinois
https://www.ubereats.com/chicago/food-delivery/hyderabad-house/jajENJ8dRNG2WQC13WPApA,wheeling-illinois
https://www.ubereats.com/chicago/food-delivery/wildfish-sushi/Zmr1bnToSiiPW2AW_zkbaw,wheeling-illinois
https://www.ubereats.com/chicago/food-delivery/olympus-gyros/73a-OGaoQmSzjo4rX111hQ,wheeling-illinois
https://www.ubereats.com/chicago/food-delivery/mod-pizza-vernon-hills/CXBrqWkcSfSru_nLe4fqNQ,wheeling-illinois
https://www.ubereats.com/chicago/food-delivery/starbucks-1833-deerfield-rd-highland-park/D86rjTYPTJmY1Dq9Pp-G0A,wheeling-illinois
https://www.ubereats.com/chicago/food-delivery/sushi-ai/ATNrVA2XQaCwGTpaU8ZlfQ,wheeling-illinois
https://www.ubereats.com/chicago/food-delivery/quality-deli/KklYG1pEQA-Dp23-zhMy5w,wheeling-illinois
https://www.ubereats.com/chicago/food-delivery/kfc-1470-s-elmhurst-rd/PSOc6MulROebbTdHqOIIbA,wheeling-illinois
https://www.ubereats.com/chicago/food-delivery/noodles-%26-company-1209-w-dundee-rd/oZv0SE7iSoKn9aufq_szow,wheeling-illinois
https://www.ubereats.com/chicago/food-delivery/chipotle-mexican-grill-675-deerfield-rd-ste-120/eNoWnGxlTKyRcJBuwDlmWw,wheeling-illinois
https://www.ubereats.com/chicago/food-delivery/la-casa-de-isaac-%26-moishe/FC63HKUdTrmYuwPs3ZEzOw,wheeling-illinois
https://www.ubereats.com/chicago/food-delivery/pavilion-restaurant-%26-lounge/fPGU6Ce9Rau5scbIxjN68A,wheeling-illinois
https://www.ubereats.com/chicago/food-delivery/taste-of-tokyo/-GpsnAHCSH-P9EIMLbeEmg,wheeling-illinois
https://www.ubereats.com/chicago/food-delivery/simply-sushi/BNFgI4aSRzm0mDQSJbiNTw,wheeling-illinois
https://www.ubereats.com/chicago/food-delivery/brew-lounge/46EMx6erR2Grp2jVF30r_Q,wheeling-illinois
https://www.ubereats.com/chicago/food-delivery/oshio-sushi-%26-steakhouse/8HpLKvBoRZOnzzGaaUUB9A,wheeling-illinois
https://www.ubereats.com/chicago/food-delivery/subway-1990-central-rd/wJVTeh_SSVqb8i5S-OEWzQ,wheeling-illinois
https://www.ubereats.com/chicago/food-delivery/tendon-tempura-carlos-jr/ujAA232tTRmoctCACmFFDg,wheeling-illinois
https://www.ubereats.com/chicago/food-delivery/mcdonalds-river-%26-elk/UGJ6VmbZQxm-wcMH5MUGgg,wheeling-illinois
https://www.ubereats.com/chicago/food-delivery/le-peep/hsvioGvPTiOJlzOpmOhVbA,wheeling-illinois
https://www.ubereats.com/chicago/food-delivery/union-ale-house-pub/PPNeXNh1SPm2asEzukksSA,wheeling-illinois
https://www.ubereats.com/chicago/food-delivery/burgerim/UObsgz04SSm8KZRTbJRqGA,wheeling-illinois
https://www.ubereats.com/chicago/food-delivery/dunkin-9660-golf-rd/R-XLU3m3QLuZ2PC94xnCnw,wheeling-illinois
https://www.ubereats.com/chicago/food-delivery/chicken-ati-atihan-grill-and-restaurant/GrKEB80-RBaIWGom2EDBeQ,wheeling-illinois
https://www.ubereats.com/chicago/food-delivery/tropical-smoothie-cafe-1458-golf-road/dReGqbvVQ6ehPJu5Z0Mtuw,wheeling-illinois
https://www.ubereats.com/chicago/food-delivery/house-of-music-and-entertainment-homebar/UcymPWZUTC65a6dQiDqUAw,wheeling-illinois
https://www.ubereats.com/chicago/food-delivery/tap-house-grill-wheeling/Z6U-vjgLQxWClfmzu4UsCw,wheeling-illinois
https://www.ubereats.com/chicago/food-delivery/grilled-cheesin/7uUFls0DQ4K5FAZ1av3b5Q,wheeling-illinois
https://www.ubereats.com/chicago/food-delivery/popeyes-435-south-river-road/PBCNLVdFQOCWTyEMfICltg,wheeling-illinois
https://www.ubereats.com/chicago/food-delivery/uptown-burgers/e6WHIpE3QW-LDEHwvF8Z4A,wheeling-illinois
https://www.ubereats.com/chicago/food-delivery/annas-red-apple-rolling-meadows/Wuw8P8otSkGFcPGI2nB3_Q,wheeling-illinois
https://www.ubereats.com/chicago/food-delivery/lollipop-chicken-wings/XdMYZXSqTOGNRxRwMEkPKA,wheeling-illinois
https://www.ubereats.com/chicago/food-delivery/hachi-japanese-grill-%26-sushi/z5ASjOGYRYidPPvnId6Imw,wheeling-illinois
https://www.ubereats.com/chicago/food-delivery/brunch-cafe-kildeer/IlsGyUwtQDmeV10uqkzVcw,wheeling-illinois
https://www.ubereats.com/chicago/food-delivery/judys-pizzeria/YzkKP2yYTkeqTUuFkzsHXg,wheeling-illinois
https://www.ubereats.com/chicago/food-delivery/subway-sanders/mZMH3g6BTzuDBsmPlxj1Tg,wheeling-illinois
https://www.ubereats.com/chicago/food-delivery/lolas-pizza-palace/XCJbDcTMQSi0pyepXGr02A,wheeling-illinois
https://www.ubereats.com/chicago/food-delivery/minta-restaurant-and-social-lounge/6HIbpquNRVCZn_vWU6RwrA,wheeling-illinois
https://www.ubereats.com/chicago/food-delivery/dairy-queen-treat-2770-dundee-rd/yqrTfrAsSHaLK84tmq3lVg,wheeling-illinois
https://www.ubereats.com/chicago/food-delivery/sakura-sushi/T199ePqWT_yXa-p6bQN1fw,wheeling-illinois
https://www.ubereats.com/chicago/food-delivery/dunkin-499-lake-cook-rd/paIcrdEJTM-N2y5PUWGlvw,wheeling-illinois
https://www.ubereats.com/chicago/food-delivery/tonys-subs/jc8_P3ZmSwemf1FoC2PKuA,wheeling-illinois
https://www.ubereats.com/chicago/food-delivery/dairy-queen-treat-702-s-buffalo-grove-rd/607cVyV5QT2nChSH-uaDUw,wheeling-illinois
https://www.ubereats.com/chicago/food-delivery/taco-bell-1757-waukegan/CEmNWaq8SJWrKinGxLX5Kg,wheeling-illinois
https://www.ubereats.com/chicago/food-delivery/sarpinos-pizzeria-577-e-dundee-rd/BP43PC_CRjKPMim_1Dx_gw,wheeling-illinois
https://www.ubereats.com/chicago/food-delivery/pizanoz-pizza/AzwD9zdNQ2ykKigq1fi9Aw,wheeling-illinois
https://www.ubereats.com/chicago/food-delivery/subway-1129-milwaukee-ave/vPVcSkaPRzOph3CITz2k9w,wheeling-illinois
https://www.ubereats.com/chicago/food-delivery/di-pescara-northbrook-court-mall/-VF24YeMS92oVxwSqe4lww,wheeling-illinois
https://www.ubereats.com/chicago/food-delivery/grande-jakes-fresh-mexican-grill-rolling-meadows/sQbgLncBTWeBWTh7jKxHzQ,wheeling-illinois
https://www.ubereats.com/chicago/food-delivery/potbelly-sandwich-shop-wheeling-%7C-143/x37vw5M3Tpyg6ryFUzJauw,wheeling-illinois
https://www.ubereats.com/chicago/food-delivery/gails-carriage-inn/LWYy05BQRkO66QvNwo92Vg,wheeling-illinois
https://www.ubereats.com/chicago/food-delivery/calzone-%26-macaroni-co/Kmw3td74RaivvbQiuQUlXw,wheeling-illinois
https://www.ubereats.com/chicago/food-delivery/sbarro-g-123-woodfield-mall/-w_V9-TMQkutnLVqvTURsQ,wheeling-illinois
https://www.ubereats.com/chicago/food-delivery/mcalisters-deli-663-lake-cook-road/NnWnteSNQGy3rIZ6FnrBCg,wheeling-illinois
https://www.ubereats.com/chicago/food-delivery/eggsperience-mt-prospect/9alEoZLkT4i84Igh1cEVWA,wheeling-illinois
https://www.ubereats.com/chicago/food-delivery/zoup!-2743-pfingsten-rd/Eg7tUyNrQbiy1jpKEpB5Dg,wheeling-illinois
https://www.ubereats.com/chicago/food-delivery/finn-mccools-schaumburg/jCW8ukntSWakAKLWaUg_Mw,wheeling-illinois
https://www.ubereats.com/chicago/food-delivery/wildfire-glenview/dzqtZqf5SsyD6nhbYv1L7g,wheeling-illinois
https://www.ubereats.com/chicago/food-delivery/noodles-%26-company-20530-n-rand-rd-unit-201/auCaBlG5S4mEYUmBGA8H1g,wheeling-illinois
https://www.ubereats.com/chicago/food-delivery/starbucks-euclid-%26-salt-creek-ln/Rw2WWSLjRruHOdpBRD3Vqg,wheeling-illinois
https://www.ubereats.com/chicago/food-delivery/dunkin-donuts-s-arlington-heights/Vn2SqN6TT-qjAyRe47jF2g,wheeling-illinois
https://www.ubereats.com/chicago/food-delivery/bonchon-chicken-1408-e-golf-rd/-fEJWEOOQ2-33JLr7rd3Rw,wheeling-illinois
https://www.ubereats.com/chicago/food-delivery/the-tiki-terrace/Cf8Uui4SRWmckZcjsGNOsA,wheeling-illinois
https://www.ubereats.com/chicago/food-delivery/dunkin-1697-weiland-rd-cpl/adwOJ_y-TEavh5Ti6PJuyg,wheeling-illinois
https://www.ubereats.com/chicago/food-delivery/tropical-smoothie-cafe-2759-pfingsten-road/lsp37Y-gQbCKA-o_EON2CQ,wheeling-illinois
https://www.ubereats.com/chicago/food-delivery/ra-sushi-schaumburg/GyfNZD-SRpGkHLwI9I8RUw,wheeling-illinois
https://www.ubereats.com/chicago/food-delivery/mrs-p-%26-me/kVysbQJ-RHK682rzQEYzDA,wheeling-illinois
https://www.ubereats.com/chicago/food-delivery/j-%26-j-pizza/2q5POfmKQRi5F6tviMjupw,wheeling-illinois
https://www.ubereats.com/chicago/food-delivery/dunkin-1010-e-rand-rd/DduZmuS8Sgi9dz5cdDkJNA,wheeling-illinois
https://www.ubereats.com/chicago/food-delivery/papa-johns-mt-prospect/RVFV34E-RwyVKh2YrrM9Rw,wheeling-illinois
https://www.ubereats.com/chicago/food-delivery/guss-greek-kitchen/pjcxLo76TGagS8lNi_Cizg,wheeling-illinois
https://www.ubereats.com/chicago/food-delivery/chicago-hot-breads/sIUo082TQF-3k-1RBLslfQ,wheeling-illinois
https://www.ubereats.com/chicago/food-delivery/mcdonalds-milwaukee-%26-palatine/fv9fN9WDSCWlzld5lECxkQ,wheeling-illinois
https://www.ubereats.com/chicago/food-delivery/unwined-of-long-grove/zN-yLQ5OTAiWe26KqEiNvw,wheeling-illinois
https://www.ubereats.com/chicago/food-delivery/dunkin-231-w-northwest-hwy/d6qeJg_PRW6uaXld00ydeQ,wheeling-illinois
https://www.ubereats.com/chicago/food-delivery/jakes-pizza-%26-catering/MtyeqdwWT0yqeh1rxQ4STg,wheeling-illinois
https://www.ubereats.com/chicago/food-delivery/tortas-locas-1827-algonquin-rd/RBZFnbJ7RwaXCUfLWmFxMw,wheeling-illinois
https://www.ubereats.com/chicago/food-delivery/sonic-drive-in-dundee-%26-rand/gezVQrMwSd-EmYzYa5CDUw,wheeling-illinois
https://www.ubereats.com/chicago/food-delivery/woodfire-tavern/A5FwFCk0RTe9HWOtEhugwg,wheeling-illinois
https://www.ubereats.com/chicago/food-delivery/unimart-niles/TpTjCCrJQiOPJydjHp7qeg,wheeling-illinois
https://www.ubereats.com/chicago/food-delivery/twizted-burger-company/SAhDaMKJQMWw0fHXzo0yyA,wheeling-illinois
https://www.ubereats.com/chicago/food-delivery/pancetta-regional-kitchen-%2B-bar/h11RP0gCQC2m9Y0GZnkLag,wheeling-illinois
https://www.ubereats.com/chicago/food-delivery/stadium-sports-club-%26-pizza/Gl2VTqK3Q06jinNRq3Kpww,wheeling-illinois
https://www.ubereats.com/chicago/food-delivery/jamesons-charhouse-mt-prospect/wYfDFN9pSHqp0hIiMEssOg,wheeling-illinois
https://www.ubereats.com/chicago/food-delivery/hakuya-sushi/lzDuWeg9RsC8ntXhX-gLqA,wheeling-illinois
https://www.ubereats.com/chicago/food-delivery/kebabs%26burgers/_H6bcuUoRPOPiy5ij685dw,wheeling-illinois
https://www.ubereats.com/chicago/food-delivery/golden-corral-445-east-palatine-road/eNJanRyuQhedqVuED7blzw,wheeling-illinois
https://www.ubereats.com/chicago/food-delivery/fried-egg-cafe/VkHy14dkTRG1U1x005bhJg,wheeling-illinois
https://www.ubereats.com/chicago/food-delivery/dunkin-1204-n-elmhurst-rd/bO3MQ-sGS7edD7DS52sIVA,wheeling-illinois
https://www.ubereats.com/chicago/food-delivery/nikkos-grecian-grill/8zYvF-0pTLiaQl8F0Yp2Lg,wheeling-illinois
https://www.ubereats.com/chicago/food-delivery/five-guys-il-0558-1323-golf-rd/1s07eHC2R86biKbG2NgdGA,wheeling-illinois
https://www.ubereats.com/chicago/food-delivery/hacienda-el-sombrero/LlduFSyaQwqJ-soUP7DdGw,wheeling-illinois
https://www.ubereats.com/chicago/food-delivery/mercado-cocina-cantina/bTGTWgPlSIWtYprLI9iyrg,wheeling-illinois
https://www.ubereats.com/chicago/food-delivery/southern-belles-barrington/ialJM-koRfaxONBaOcQDHg,wheeling-illinois
https://www.ubereats.com/chicago/food-delivery/musashi/ELXo4C1sQIaYJryFzXVidw,wheeling-illinois
https://www.ubereats.com/chicago/food-delivery/asian-island/Km_kJ71bQ7Kq1y2TQv8Mqw,wheeling-illinois
https://www.ubereats.com/chicago/food-delivery/cold-stone-creamery-281-w-townline-rd-ste-110/dbZE_mAHQ76vORf0NXDirw,wheeling-illinois
https://www.ubereats.com/chicago/food-delivery/eagle-restaurant/Qm_kZeqtTRCfDmm6KHHeWQ,wheeling-illinois
https://www.ubereats.com/chicago/food-delivery/red-robin-224-120-j-woodfield-mall/4110vPePS6uj1vzBA7zPsA,wheeling-illinois
https://www.ubereats.com/chicago/food-delivery/kinfork-bbq-%26-tap/dyBDwIsgQwufjPQbPAvYEg,wheeling-illinois
https://www.ubereats.com/chicago/food-delivery/taqueria-mexico-2000-iii/XBzA5bN_QdWmAEKbeh8Rrw,wheeling-illinois
https://www.ubereats.com/chicago/food-delivery/mago-grill-%26-cantina-arlington-heights/-dcXnCKqTBSHMzRflTew4A,wheeling-illinois
https://www.ubereats.com/chicago/food-delivery/noodles-%26-company-700-n-milwaukee-unit-149/LpLHThjWTX-p029ke4WKnw,wheeling-illinois
https://www.ubereats.com/chicago/food-delivery/dunkin-2606-dempster-st/hc_XMNLFQSavKhDXI0MLkg,wheeling-illinois
https://www.ubereats.com/chicago/food-delivery/pasquallys-pizza-%26-wings-41-w-rand-rd/p3PFBjVrSBuqnxjyBv9rTA,wheeling-illinois
https://www.ubereats.com/chicago/food-delivery/burger-king-1242-lee-street/3yfa7DIDQfiXoKZBPImMkw,wheeling-illinois
https://www.ubereats.com/chicago/food-delivery/cafe-zupas-887-n-milwaukee-ave/zwpEtt3DQmiRQPXzjS6a2Q,wheeling-illinois
https://www.ubereats.com/chicago/food-delivery/jersey-mikes-subs-milwaukee-%26-greggs/Rd2jxwmnSWG962Q0ZyWzEg,wheeling-illinois
https://www.ubereats.com/chicago/food-delivery/hyderabad-house-biryani-place-schaumburg/MdKHvEJkQiSrXA_131fWlg,wheeling-illinois
https://www.ubereats.com/chicago/food-delivery/starbucks-arlington-hts-rd-%26-palatine/8hSEk_g4TeyRXs_eIiCbOA,wheeling-illinois
https://www.ubereats.com/chicago/food-delivery/beerhead-bar-and-eatery-schaumburg/jXXf8iiBTQ-xkzZIqg357A,wheeling-illinois
https://www.ubereats.com/chicago/food-delivery/chasers-sports-bar-%26-grill-lake-zurich/sA5FxqeuSGK6x-IVctFNXw,wheeling-illinois
https://www.ubereats.com/chicago/food-delivery/subway-684-n-milwaukee-ave/PoHefHhZQzeVuZiNV58Kvw,wheeling-illinois
https://www.ubereats.com/chicago/food-delivery/martins-pancake-house/J1dvCtwlS8uLHMGznaMyWw,wheeling-illinois
https://www.ubereats.com/chicago/food-delivery/red-mango/ESUonTYqT6WJXj1SRcHbPg,wheeling-illinois
https://www.ubereats.com/chicago/food-delivery/browns-chicken-northbrook/LvHSGUB5RUqVOh8xQwhoMw,wheeling-illinois
https://www.ubereats.com/chicago/food-delivery/cafe-zupas-1590-e-lake-cook-rd/4GGJE2SyRvOo2kz34OyAvQ,wheeling-illinois
https://www.ubereats.com/chicago/food-delivery/ginza-sushi-express/dKvDaRJsSrKTnpwTkQvbfA,wheeling-illinois
https://www.ubereats.com/chicago/food-delivery/palamuru-grill/k-loo1TKQKCiDDBjFrz09Q,wheeling-illinois
https://www.ubereats.com/chicago/food-delivery/shansgrill/Ga3qgoR_TtSixl1XiAsWTA,wheeling-illinois
https://www.ubereats.com/chicago/food-delivery/starbucks-northwest-highway-%26-colfax/etMjLxDbR-GqADtaHSlcYA,wheeling-illinois
https://www.ubereats.com/chicago/food-delivery/giuseppes/V2uy_NFxRtOSY-Oth8kBLg,wheeling-illinois
https://www.ubereats.com/chicago/food-delivery/strawberry-field-pancakes-%26-cafe/sOSfjh99TCGGjLZy2Ajz5A,wheeling-illinois
https://www.ubereats.com/chicago/food-delivery/la-tasca-tapas/qSJAwcW8QDy336Up_5sqHQ,wheeling-illinois
https://www.ubereats.com/chicago/food-delivery/dunkin-1990-skokie-valley-rd/mRguoFmMTDa-XjqC0BZa1w,wheeling-illinois
https://www.ubereats.com/chicago/food-delivery/toscana-restaurant-%26-lounge/3Q_11k-hTHqK2eIiMjHQCg,wheeling-illinois
https://www.ubereats.com/chicago/food-delivery/mcdonalds-algonquin-%26-palmer/0QbGzavGQlOMUhP3-EyHtw,wheeling-illinois
https://www.ubereats.com/chicago/food-delivery/dengeos/seRBGAcZTR-f1hT3n6E9zw,wheeling-illinois
https://www.ubereats.com/chicago/food-delivery/chasers-sports-bar-%26-grill-niles/S2g_5QoPTVOrXe2lieO76A,wheeling-illinois
https://www.ubereats.com/chicago/food-delivery/cherry-pit-cafe/7t_jQjoJSx2RQP-8jWjmPA,wheeling-illinois
https://www.ubereats.com/chicago/food-delivery/prairie-moo/SZEVyf3UTjabyG-DdsVOvA,wheeling-illinois
https://www.ubereats.com/chicago/food-delivery/mcdonalds-arlington-heights-%26-mchenry/Ayq93oUiSPKaFipfXW6KkA,wheeling-illinois
https://www.ubereats.com/chicago/food-delivery/kfc-taco-bell-150-e-dundee-road/S1JjUSsPShG0h95bT_Y2FQ,wheeling-illinois
https://www.ubereats.com/chicago/food-delivery/leonidas-chocolate-cafe-northbrook/awcPW0H5Suiiepz8Ur9n4Q,wheeling-illinois
https://www.ubereats.com/chicago/food-delivery/avenue-bg/2DcwcryrTrmvzbdnB4_z1w,wheeling-illinois
https://www.ubereats.com/chicago/food-delivery/players-pub-%26-grill/XPYrwKcxSEyJRsLiFN8LFw,wheeling-illinois
https://www.ubereats.com/chicago/food-delivery/hooters-perimeter-%26-west/j5nnJk82RkyKUxORnBsIdA,wheeling-illinois
https://www.ubereats.com/chicago/food-delivery/rosatis-pizza-bannockburn/SIfkj5e7T1-frWhs8Vst1g,wheeling-illinois
https://www.ubereats.com/chicago/food-delivery/dunkin-749-n-milwaukee-ave-c-100/_ZrYhD4bTJupjEVMMVpGWQ,wheeling-illinois
https://www.ubereats.com/chicago/food-delivery/sakura-sushi-schaumburg/PU6sujzeRQmffkHH1RhZkA,wheeling-illinois
https://www.ubereats.com/chicago/food-delivery/uhmazing-blt/Ere_V2dOSm-P4BQZIr_cIQ,wheeling-illinois
https://www.ubereats.com/chicago/food-delivery/portillos-hot-dogs-221-townline-rd/B4HQqi1YQ823YKNxt-riLg,wheeling-illinois
https://www.ubereats.com/chicago/food-delivery/bulldog-ale-house-rolling-meadows/VhXsDey6RJG_pvu1kgSy4Q,wheeling-illinois
https://www.ubereats.com/chicago/food-delivery/jersey-mikes-subs-golf-%26-algonquin/aC0tOBmeTyOIKpy6aePVVA,wheeling-illinois
https://www.ubereats.com/chicago/food-delivery/crave-bar-%26-food-joynt/Smx2bkFKSoaVfFTzm-5ERg,wheeling-illinois
https://www.ubereats.com/chicago/food-delivery/little-red-hen-of-glencoe/NEp7UI64TKikR0r4CuxyBg,wheeling-illinois
https://www.ubereats.com/chicago/food-delivery/ihop-mchenry-%26-lake-cook/Ic-rBR6QS8261BSMEFNRiA,wheeling-illinois
https://www.ubereats.com/chicago/food-delivery/simply-thai/JD5dLufcRK-LcpYYVNeI7A,wheeling-illinois
https://www.ubereats.com/chicago/food-delivery/chiggys-gyros/QmFB3_xFQfSO_PCpqCkMiQ,wheeling-illinois
https://www.ubereats.com/chicago/food-delivery/pivot-room-by-whirlyball-center-dr/OaJA0_M9Q0yD5G2cU5QEKQ,wheeling-illinois
https://www.ubereats.com/chicago/food-delivery/dunkin-1301-n-wolf-rd/ItIqIoAPS923mG5e0Q8quw,wheeling-illinois
https://www.ubereats.com/chicago/food-delivery/mcdonalds-waukegan-%26-half-day/c4_ajYTgTsyFf2KDDV8mGA,wheeling-illinois
https://www.ubereats.com/chicago/food-delivery/starbucks-route-83-%26-rand-rd/Y-yroLeTRSyucpPOkGiEVQ,wheeling-illinois
https://www.ubereats.com/chicago/food-delivery/mcdonalds-northwest-%26-wilke/OMyK1fm5QueI9KuIRTEgKA,wheeling-illinois
https://www.ubereats.com/chicago/food-delivery/bonchon-chicken-1615-milwaukee-ave/gPCT497BRR2Do52Mq0kHVw,wheeling-illinois
https://www.ubereats.com/chicago/food-delivery/las-asadas-des-plaines/F9rzqSqmSsSKJNVCkvFQJw,wheeling-illinois
https://www.ubereats.com/chicago/food-delivery/bonta/Cdk5bjzoReGtviFDGJ7pZQ,wheeling-illinois
https://www.ubereats.com/chicago/food-delivery/nachos-tacos-place/cwZbJNIxT7O-VBpsGzPo4Q,wheeling-illinois
https://www.ubereats.com/chicago/food-delivery/starbucks-dundee-%26-arlington-heights/bp6RRFEyRSC8Ihq6JVroqQ,wheeling-illinois
https://www.ubereats.com/chicago/food-delivery/alexs-washington-gardens/Xyux6wGFTsWMvlIh6BQdpg,wheeling-illinois
https://www.ubereats.com/chicago/food-delivery/potbelly-sandwich-shop-deerfield-%7C-8/n0LXjViFRm-iH5qPzmtkHg,wheeling-illinois
https://www.ubereats.com/chicago/food-delivery/california-pizza-kitchen-20502-n-rand-road/LDetEwQ3Q6GYQuCBx-roRg,wheeling-illinois
https://www.ubereats.com/chicago/food-delivery/starbucks-northwest-hwy-%26-elmhurst-rd/u8WCmnq-RxiW1zAgc5tBJQ,wheeling-illinois
https://www.ubereats.com/chicago/food-delivery/dunkin-700-n-milwaukee-ave/92usHSIbQpmPWCOleYls9w,wheeling-illinois
https://www.ubereats.com/chicago/food-delivery/taqueria-maya/ULYYRr4cTrKq4Ybg4CRRXQ,wheeling-illinois
https://www.ubereats.com/chicago/food-delivery/starbucks-lake-cook-%26-lexington/xDj82f_uSMqTkIElh_Q2Fg,wheeling-illinois
https://www.ubereats.com/chicago/food-delivery/sushi-grove/CVv1msbTR2aFEvXonQn1tg,wheeling-illinois
https://www.ubereats.com/chicago/food-delivery/the-patty-melt-co/J75vLgy1RD61fON3CKk8ag,wheeling-illinois
https://www.ubereats.com/chicago/food-delivery/udupi-palace-restaurant/qC8M_b-NTv-2LlTmvSdKPw,wheeling-illinois
https://www.ubereats.com/chicago/food-delivery/buona-rosemont/XhJcIAScTbW8W3X_IKTrjg,wheeling-illinois
https://www.ubereats.com/chicago/food-delivery/starbucks-vernon-hills-rte-45-%26-21/0wsVEK9JS4mr_y_-dK9Wyg,wheeling-illinois
https://www.ubereats.com/chicago/food-delivery/boston-market-1000-s-elmhurst/fXbcUiVcRLS3zMXhc2BRCQ,wheeling-illinois
https://www.ubereats.com/chicago/food-delivery/wendys-300-w-half-day-road/QZ7wyUGNTJWA-XeHJARYGg,wheeling-illinois
https://www.ubereats.com/chicago/food-delivery/dunkin-1001-s-busse-rd/XZLULjc4RAiKQy9_FEnJ4w,wheeling-illinois
https://www.ubereats.com/chicago/food-delivery/rosatis-pizza-20590-milwaukee-ave/gSA2lkwRSUuNpf0L5UwmUA,wheeling-illinois
https://www.ubereats.com/chicago/food-delivery/coffeessions/6cU5ui72TpufR0CSYcEyUg,wheeling-illinois
https://www.ubereats.com/chicago/food-delivery/mcdonalds-rand-%26-winslowe/6Q7w0HUqRp6oaIL714sSrA,wheeling-illinois
https://www.ubereats.com/chicago/food-delivery/panda-express-1200-east-central-rd/eU5F3fSGStOLeBw9jSZRnQ,wheeling-illinois
https://www.ubereats.com/chicago/food-delivery/weber-grill-restaurant-schaumburg/J1a3SyXDTBGGDj9NuSjmyQ,wheeling-illinois
https://www.ubereats.com/chicago/food-delivery/subway-806-s-buffalo-grove/9vlpku7sRZGNxHzHu2Vtxg,wheeling-illinois
https://www.ubereats.com/chicago/food-delivery/wendys-265-n-northwest-hwy/BLXpDtSkTEmlC8tv1qaqsg,wheeling-illinois
https://www.ubereats.com/chicago/food-delivery/tomatillo-taco-ville-2/ucN156MyRcC-nKANCvC81w,wheeling-illinois
https://www.ubereats.com/chicago/food-delivery/dolce-italian-restaurant-arlington-heights-rd/uITvr_k0RAuE-CrVQnCXvQ,wheeling-illinois
https://www.ubereats.com/chicago/food-delivery/so-gong-dong-tofu-%26-bbq/JnQKDAFaTnivYyHy3aBztA,wheeling-illinois
https://www.ubereats.com/chicago/food-delivery/rosatis-pizza-1414-e-hintz-rd/9EFxiPrlRkKyAHH4L5ioEQ,wheeling-illinois
https://www.ubereats.com/chicago/food-delivery/dennys-975-e-dundee-road/xUBhJ8p2T2uvcea9UyKbDA,wheeling-illinois
https://www.ubereats.com/chicago/food-delivery/dunkin-435-milwaukee-ave/FDYD5dvXST26VqeykF2_YA,wheeling-illinois
https://www.ubereats.com/chicago/food-delivery/brandys-gyros-oakton-%26-wolf/M1gnWOZzQTaAYmOEXm0FlA,wheeling-illinois
https://www.ubereats.com/chicago/food-delivery/las-fuentes-restaurantwaukegan-rd/8PsW3bZMQpKb8NypKBd_Aw,wheeling-illinois
https://www.ubereats.com/chicago/food-delivery/hakuya-sushi/QzMb8bjXRqKBQHU2PKpXIA,wheeling-illinois
https://www.ubereats.com/chicago/food-delivery/subway-8-west-dundee-rd/mj-HjKe5QF6kGQUGtqT9UQ,wheeling-illinois
https://www.ubereats.com/chicago/food-delivery/new-china/OmxivXd-Q2K6aigdFstzSg,wheeling-illinois
https://www.ubereats.com/chicago/food-delivery/bills-pizza-%26-pub/ndGpeUKCRua0vWCYji0CNw,wheeling-illinois
https://www.ubereats.com/chicago/food-delivery/jimmys-resturant/8UtTITqWQ6W_kvhjMfxmOA,wheeling-illinois
https://www.ubereats.com/chicago/food-delivery/starbucks-rand-%26-arlington-heights/MG9Jbxs2SSq7-xbnL7mC_A,wheeling-illinois
https://www.ubereats.com/chicago/food-delivery/porkys-bbq/p_3NVsIkT6-xlYfiSS0aeQ,wheeling-illinois
https://www.ubereats.com/chicago/food-delivery/halsted-street-deli/k6XeKC0fSxi4dtUtpTxBiA,wheeling-illinois
https://www.ubereats.com/chicago/food-delivery/the-glen-club/rHnknUi-RSyEAalyh3Mp-g,wheeling-illinois
https://www.ubereats.com/chicago/food-delivery/boston-market-150-n-mchenry-road/16ThiJk4QXCQNxGH5N8jSg,wheeling-illinois
https://www.ubereats.com/chicago/food-delivery/subway-1455-e-lake-cook-rd/SAbFPEaBTYOkgJ1aPnxPXA,wheeling-illinois
https://www.ubereats.com/chicago/food-delivery/american-wildburger-oakton-%26-cora/4TEx_wCtQg-93d-XbNLRsw,wheeling-illinois
https://www.ubereats.com/chicago/food-delivery/subway-wheeling/IUjedIZ4QeeTeAvkc1tw6w,wheeling-illinois
https://www.ubereats.com/chicago/food-delivery/the-ice-cream-shop/NXoUKXH2TtGAwyL56WwBGQ,wheeling-illinois
https://www.ubereats.com/chicago/food-delivery/fannie-may-arlington-heights/8ZtD79o2Q4-CbIWub9feoA,wheeling-illinois
https://www.ubereats.com/chicago/food-delivery/honey-biscuit/0Th3vjEqSum-DBz_Eh9udg,wheeling-illinois
https://www.ubereats.com/chicago/food-delivery/cousin-subs/9bXBXHVLRZGILj40vg54bg,wheeling-illinois
https://www.ubereats.com/chicago/food-delivery/dunkin-820-e-rand-rd/cdHgeH7KT-yZQk0ogJUw-w,wheeling-illinois
https://www.ubereats.com/chicago/food-delivery/between-the-buns-arlington-heights/Co6mENsLSx2U0Kq0JVx7TA,wheeling-illinois
https://www.ubereats.com/chicago/food-delivery/burger-baron/5MqlUXmtQOqwmU4un-MmNQ,wheeling-illinois
https://www.ubereats.com/chicago/food-delivery/kims-chop-suey/-_HCHVLeTL6YnumP38v6TQ,wheeling-illinois
https://www.ubereats.com/chicago/food-delivery/bibibop-asian-grill-1022-n-meacham-road/klNTz0lYTCaIyb9gdNDHRg,wheeling-illinois
https://www.ubereats.com/chicago/food-delivery/chipotle-mexican-grill-950-milwaukee-ave-ste-a/lx9vOqFHSOqUbaB8pqHQ1A,wheeling-illinois
https://www.ubereats.com/chicago/food-delivery/mr-mesquite/H6ehiw2FRy2oGP1MARJRCw,wheeling-illinois
https://www.ubereats.com/chicago/food-delivery/noori-chicken-%26-doorae-chicken/vUmO86GpR3qVHjvaZuippA,wheeling-illinois
https://www.ubereats.com/chicago/food-delivery/burger-king-80-mc-henry-road/xp-jXFAWSvmNqH3E7_h8Hw,wheeling-illinois
https://www.ubereats.com/chicago/food-delivery/subway-710-e-rand-rd/cg9tLQo4Tr694YavK0yqeQ,wheeling-illinois
https://www.ubereats.com/chicago/food-delivery/starbucks-des-plaines-oakton-%26-lee/YCxN6IqNTtqNIndy5YgVMw,wheeling-illinois
https://www.ubereats.com/chicago/food-delivery/ching-huas-chinese-restaurant-and-sports-bar/7gcLbfKwRGGgDQh7GdBzbg,wheeling-illinois
https://www.ubereats.com/chicago/food-delivery/chipotle-mexican-grill-20505-rand-rd-ste-400/OrnqG4moTbSooa2r0SmE2w,wheeling-illinois
https://www.ubereats.com/chicago/food-delivery/sake-sushi-and-grill/Tj8snrArQXq0BFcEs0bYeg,wheeling-illinois
https://www.ubereats.com/chicago/food-delivery/joanies-pizzeria-of-long-grove/mljPck1fRt2ueA0wsFcMXg,wheeling-illinois
https://www.ubereats.com/chicago/food-delivery/shaws-crab-house-schaumburg/FdNe_AwhQsOW5u_j4TttJA,wheeling-illinois
https://www.ubereats.com/chicago/food-delivery/gumrai-thai-restaurant-arlington-heights-rd/FD6CDB1YTRyeBtlbqI37Ng,wheeling-illinois
https://www.ubereats.com/chicago/food-delivery/stans-donuts-%26-coffee-woodfield-mall/HEGOLQKPRlmgn5FNGE7k9w,wheeling-illinois
https://www.ubereats.com/chicago/food-delivery/wrap-it-up-sandwiches-soups-%26-more/HsXqviNmTPqr3OO23VRg8w,wheeling-illinois
https://www.ubereats.com/chicago/food-delivery/big-bowl-lincolnshire/7Zfj3CH7RWmeDvPzWaTQMQ,wheeling-illinois
https://www.ubereats.com/chicago/food-delivery/bar-louie-plaza-%26-golf/YO0JkyboTcuDWByHCBtAgg,wheeling-illinois
https://www.ubereats.com/chicago/food-delivery/taco-bell-945-elmhurst-rd/c8Gf-XT0Qk-KwvYGNUBOaA,wheeling-illinois
https://www.ubereats.com/chicago/food-delivery/subway-1179-e-dundee-rd/wSU1qrf0RX656UQdr1j8pw,wheeling-illinois
https://www.ubereats.com/chicago/food-delivery/fratellos-2/Afe8mDoxRTGMC10SyDTdog,wheeling-illinois
https://www.ubereats.com/chicago/food-delivery/heffys-hot-dogs-and-more/QY3eie7cT-2nOkyHKpi8Ug,wheeling-illinois
https://www.ubereats.com/chicago/food-delivery/ellys-pancake-house/TPasP6snQlWImLqGv_0yZg,wheeling-illinois
https://www.ubereats.com/chicago/food-delivery/paps-ultimate-bar-and-grill/Dh5RiTE0QUSG3TE0SNySyw,wheeling-illinois
https://www.ubereats.com/chicago/food-delivery/ra-sushi-wheeling/ceIF6WJ9QUiYSRXwTjJ6bw,wheeling-illinois
https://www.ubereats.com/chicago/food-delivery/pirates-express/CB7V0A6YTRSKVD0p4pioTg,wheeling-illinois
https://www.ubereats.com/chicago/food-delivery/francescas-north/aPfK2QIbQFKxO_QFggEJNA,wheeling-illinois
https://www.ubereats.com/chicago/food-delivery/giannis-cafe-station/q0cwYAGWT92A0qor7tjxaw,wheeling-illinois
https://www.ubereats.com/chicago/food-delivery/portillos-hot-dogs-700-lake-cook-rd/ZBc9C7HBSE2_UDjMji3Xdw,wheeling-illinois
https://www.ubereats.com/chicago/food-delivery/plaka-greek-taverna/OUE_ksfDQWmcLjMq29CO4g,wheeling-illinois
https://www.ubereats.com/chicago/food-delivery/burgerfi-glenview/Ihb5KWdfS_mxNqCZ4U6uGg,wheeling-illinois
https://www.ubereats.com/chicago/food-delivery/mary-vs-bbq/54PybFvwTRW15jQvNJHuZQ,wheeling-illinois
https://www.ubereats.com/chicago/food-delivery/jets-pizza-arlington-heights/70Vrr_NHRE20IvJ0qWACqg,wheeling-illinois
https://www.ubereats.com/chicago/food-delivery/rack-house/m81SFVtFSoW3RtVl9Vmsjw,wheeling-illinois
https://www.ubereats.com/chicago/food-delivery/cold-stone-creamery-20330-n-deer-park-blvd/Tt6-mZj3R3OPe6JmrAc-xg,wheeling-illinois
https://www.ubereats.com/chicago/food-delivery/dunton-house-restaurant/R1eW49wCQ6aC0P_iPSaefg,wheeling-illinois
https://www.ubereats.com/chicago/food-delivery/dunkin-1926-s-river-rd/FdoIT_oQSFC6DXcY980ovA,wheeling-illinois
https://www.ubereats.com/chicago/food-delivery/passero/mjzXcrnuT6eDAphQa79xww,wheeling-illinois
https://www.ubereats.com/chicago/food-delivery/butterfields-northbrook/3dVnn3mUR-qo3E-i4ld3rw,wheeling-illinois
https://www.ubereats.com/chicago/food-delivery/cafe-zupas-1422-e-golf-rd/aop9arHvRFSeE4XMemi5Kg,wheeling-illinois
https://www.ubereats.com/chicago/food-delivery/la-michoacana-premium/jshU1tesTQ2IXMfa6E0DHg,wheeling-illinois
https://www.ubereats.com/chicago/food-delivery/oak-mill-bakery/QjYB1OxiQRaAt62Ak0mGgQ,wheeling-illinois
https://www.ubereats.com/chicago/food-delivery/sushi-kushi-san-3/sfDv0Ez_Say2_ujNwTKDwA,wheeling-illinois
https://www.ubereats.com/chicago/food-delivery/tacos-el-norte-palatine/DVnz4KKjSaSHtyxQiKvJkw,wheeling-illinois
https://www.ubereats.com/chicago/food-delivery/cafe-dacha/LxuUNV8aSXOFOi_XHw5apQ,wheeling-illinois
https://www.ubereats.com/chicago/food-delivery/taco-burrito-king-des-plaines/PdUy1MAORaajTWxbhvzFzw,wheeling-illinois
https://www.ubereats.com/chicago/food-delivery/sweet-home-gelato/-yKXuN12QlCF5EfdVekjOA,wheeling-illinois
https://www.ubereats.com/chicago/food-delivery/royce-chocolate-arlington-heights/P-bOR4vlSAamlETn0XuuGg,wheeling-illinois
https://www.ubereats.com/chicago/food-delivery/uncle-julios-kildeer/ziwTwbpjSQ-Mh_yk5S7V7w,wheeling-illinois
https://www.ubereats.com/chicago/food-delivery/ichiban-ramen-shop/dyUD7qANTYuGFPvV366yHw,wheeling-illinois
https://www.ubereats.com/chicago/food-delivery/egg-harbor-cafe-arlington-heights/fpNTSIvmRymaSZg20p2OPg,wheeling-illinois
https://www.ubereats.com/chicago/food-delivery/do-re-mi-lunchbox/6BhgrlBgQYWFdzTmTuZJwA,wheeling-illinois
https://www.ubereats.com/chicago/food-delivery/noodles-%26-company-66-s-arlington-heights-rd/02sZbnQDQaC4MTrAjwtI1g,wheeling-illinois
https://www.ubereats.com/chicago/food-delivery/fox-%26-hound-1416-n-roselle-rd/x2v0034ST-Cx4Z-6p2a33A,wheeling-illinois
https://www.ubereats.com/chicago/food-delivery/honey-jam-cafe-arlington-heights/JPsFG5x5RaK91gqs315G3w,wheeling-illinois
https://www.ubereats.com/chicago/food-delivery/papa-johns-hoffman-estates/129Yc3JKRyuzr4u-ZErGbw,wheeling-illinois
https://www.ubereats.com/chicago/food-delivery/mama-maria-pizza-%26-more-des-plaines/dppkSsCHQqiPDcTzW7f2xg,wheeling-illinois
https://www.ubereats.com/chicago/food-delivery/mcdonalds-dempster-%26-grace/DZFbqwufQQCfdierKp4PVw,wheeling-illinois
https://www.ubereats.com/chicago/food-delivery/burger-king-1205-east-central-road/kmGeWipSRkOB8uhiJaUQwQ,wheeling-illinois
https://www.ubereats.com/chicago/food-delivery/jamesons-charhouse/tJDBdnfRTladnJePisu8Ow,wheeling-illinois
https://www.ubereats.com/chicago/food-delivery/wajo-sushi/fqpEJpE3SIqwnTYDPzyj2Q,wheeling-illinois
https://www.ubereats.com/chicago/food-delivery/pf-changs-5-woodfield-mall-space-d313/xmLrKg3zRhymw5r88Pt7zA,wheeling-illinois
https://www.ubereats.com/chicago/food-delivery/langostinos-nayarit/UjTcCrgrSVa_fbqdpDxoRw,wheeling-illinois
https://www.ubereats.com/chicago/food-delivery/buffalo-wild-wings-301-east-euclid/6my-I-iXTnOU5wP9KVMGHw,wheeling-illinois
https://www.ubereats.com/chicago/food-delivery/dunkin-1750-milwaukee-ave/PCUW_sHvR4SVLctPl-MKlg,wheeling-illinois
https://www.ubereats.com/chicago/food-delivery/chipotle-mexican-grill-781-e-dundee-rd/YCRcqhTlQeqJxKdFCSEAyw,wheeling-illinois
https://www.ubereats.com/chicago/food-delivery/jersey-mikes-subs-dundee-%26-rand/W9j2OzKsTp-zli5vFBn-iw,wheeling-illinois
https://www.ubereats.com/chicago/food-delivery/dagostinos-pizza-%26-pub-glenview/19gqV8i5RmewmXL4JwihGw,wheeling-illinois
https://www.ubereats.com/chicago/food-delivery/grande-jakes-fresh-mexican-grill-buffalo-grove/FmVOdReiT2qbTV-nSa9mjQ,wheeling-illinois
https://www.ubereats.com/chicago/food-delivery/lao-sze-chuan-highland-park/Zecq3eNySzqZBOEtGf5e2Q,wheeling-illinois
https://www.ubereats.com/chicago/food-delivery/patty-melt-co/vLL6SludSH2QPGZVBEWNDg,wheeling-illinois
https://www.ubereats.com/chicago/food-delivery/subway-1951-cherry-ln/8bjmZfFtSOKPM2vcfTIiNA,wheeling-illinois
https://www.ubereats.com/chicago/food-delivery/burger-king-860-elmhurst-road/rIRk6tQcQ7amDFZz0F4dFQ,wheeling-illinois
https://www.ubereats.com/chicago/food-delivery/indian-cafe/UhN2BqA6SdeYCeKhze9sVw,wheeling-illinois
https://www.ubereats.com/chicago/food-delivery/mcdonalds-lake-cook-%26-weiland/qW1vAcDuRj6JdNCquii7RQ,wheeling-illinois
https://www.ubereats.com/chicago/food-delivery/mod-pizza-kildeer/ysBQcuFNSru2Dr6PGyZoxQ,wheeling-illinois
https://www.ubereats.com/chicago/food-delivery/nachos-pizza/kgfUaG6VSx6ctfd-rlRi5A,wheeling-illinois
https://www.ubereats.com/chicago/food-delivery/haku-sushi-%26-bar/Jo1SdJNrRA67UQABD8k_bA,wheeling-illinois
https://www.ubereats.com/chicago/food-delivery/jolanes/X74Tg91kQTe_Fb15STBXWw,wheeling-illinois
https://www.ubereats.com/chicago/food-delivery/lazy-dog-restaurant-%26-bar-vernon-hills/ezoQjQhHQ3irrnRoPEKNeA,wheeling-illinois
https://www.ubereats.com/chicago/food-delivery/siri-thai/zVANvVftQFmFN8rgZTIUjw,wheeling-illinois
https://www.ubereats.com/chicago/food-delivery/via-arenella/OTppPUCcR0m5Bp_0aw5RQA,wheeling-illinois
https://www.ubereats.com/chicago/food-delivery/tokio-sake/JSzv3cRySceVS177x-LpLw,wheeling-illinois
https://www.ubereats.com/chicago/food-delivery/pastabilities/-PBP-jbIRe68PF-6UTm9pA,wheeling-illinois
https://www.ubereats.com/chicago/food-delivery/dunkin-215-e-dundee-rd/vE7dagkITJyYDpYL5RYAyg,wheeling-illinois
https://www.ubereats.com/chicago/food-delivery/mumbai-tandoor/_EmoI6h5SjusdJWDuRdU9w,wheeling-illinois
https://www.ubereats.com/chicago/food-delivery/corner-bakery-cafe-470-e-rand-rd/RfFuD4WeSGOyfB36L1gvRg,wheeling-illinois
https://www.ubereats.com/chicago/food-delivery/benihana-150-n-milwaukee-avenue/asVErvOnQCSYAsaK88iSWg,wheeling-illinois
https://www.ubereats.com/chicago/food-delivery/benkei/0ujZZNCTSLaTpy2RIS6Pgw,wheeling-illinois
https://www.ubereats.com/chicago/food-delivery/dunkin-122-s-arlington-heights-rd/mjbD3O7LSw6J005xCWl-IA,wheeling-illinois
https://www.ubereats.com/chicago/food-delivery/the-rose-garden-cafe/_Ox8zTC3SIKDni15mfGevw,wheeling-illinois
https://www.ubereats.com/chicago/food-delivery/wing-society/sTfhvwAISqq9k0WdwEWJXA,wheeling-illinois
https://www.ubereats.com/chicago/food-delivery/california-pizza-kitchen-1515-lake-cook-road-space-1022/8bOe_d5rTPiElzz7lkkfbQ,wheeling-illinois
https://www.ubereats.com/chicago/food-delivery/papa-johns-pizza-prospect-heights/RcWPtQ61Qv-Nss7oiygeFw,wheeling-illinois
https://www.ubereats.com/chicago/food-delivery/dunkin-1921-w-algonquin-rd/iBMwVGBQTgekKWqcz_a5sQ,wheeling-illinois
https://www.ubereats.com/chicago/food-delivery/decarluccis-pizza/bjijMecKRte_OQ-4Xc5tzg,wheeling-illinois
https://www.ubereats.com/chicago/food-delivery/purple-sprout-cafe-dundee-rd/afuwq2QrSoe7xe3eyvjaog,wheeling-illinois
https://www.ubereats.com/chicago/food-delivery/senor-pollo/bC-tMXjISd-uLXHVgc-6gw,wheeling-illinois
https://www.ubereats.com/chicago/food-delivery/mcdonalds-rand-%26-kensington/J31vi7t8Q92OGqHYQXBJCQ,wheeling-illinois
https://www.ubereats.com/chicago/food-delivery/garden-berry-cafe/5xhsL59-STmmmWljSaXX7w,wheeling-illinois
https://www.ubereats.com/chicago/food-delivery/ram-restaurant-%26-brewery-wheeling/aSEC9P2WSROZnP5airqM5w,wheeling-illinois
https://www.ubereats.com/chicago/food-delivery/bollywood-spices/H8TC7ekzRcCbQSRirHXJ7w,wheeling-illinois
https://www.ubereats.com/chicago/food-delivery/dunkin-3350-kirchoff-rd/_i05uPbaQvmRdKQIIaJAEA,wheeling-illinois
https://www.ubereats.com/chicago/food-delivery/billy-bricks-wood-fired-pizza-mt-prospect/gVO1hLbbST69vz21A6lOoA,wheeling-illinois
https://www.ubereats.com/chicago/food-delivery/little-louies/dlFnvYdjT0-qsj5tlsTsmA,wheeling-illinois
https://www.ubereats.com/chicago/food-delivery/mod-pizza-buffalo-grove/xNlcTqpxSs--_jJfdGVCJw,wheeling-illinois
https://www.ubereats.com/chicago/food-delivery/kairali-foods/Rr45MAnTQTqUvYYjjBfnHQ,wheeling-illinois
https://www.ubereats.com/chicago/food-delivery/qdoba-dundee-%26-kennicott/m6WcD6zDRZuMEHCaI7XqgA,wheeling-illinois
https://www.ubereats.com/chicago/food-delivery/mcdonalds-waukegan-%26-lake-cook/RKWn_sTZQx-NZJx2Y1A5OA,wheeling-illinois
https://www.ubereats.com/chicago/food-delivery/marigold-maison/6h0CPsIDTLOyHEWNqeHCKQ,wheeling-illinois
https://www.ubereats.com/chicago/food-delivery/hey-nonny/nKnbVm2IRi2cM_nMP3vttQ,wheeling-illinois
https://www.ubereats.com/chicago/food-delivery/jersey-mikes-subs-rand-%26-arlington-heights/xaZnYHowTc-3Gi_vK5dfng,wheeling-illinois
https://www.ubereats.com/chicago/food-delivery/5th-avenue-sushi/IQF7UOl3R7SoZGCQ-V4yvw,wheeling-illinois
https://www.ubereats.com/chicago/food-delivery/wah-feng/4QzCF3vdRqeRLOdeNL2ehQ,wheeling-illinois
https://www.ubereats.com/chicago/food-delivery/asian-tokyo/ShysQomKSIaiX23o-HBtvQ,wheeling-illinois
https://www.ubereats.com/chicago/food-delivery/players-grill/4eMgi858Q5WzG1ewYIgRQw,wheeling-illinois
https://www.ubereats.com/chicago/food-delivery/kegon-japanese-steak-and-sushi/uCLyZn9VRW6k8W-uOpYJcQ,wheeling-illinois
https://www.ubereats.com/chicago/food-delivery/dairy-queen-treat-712-s-lake-st/qIwoQ_7JSmiijaWhpPs-4w,wheeling-illinois
