url,city
https://www.ubereats.com/columbus/food-delivery/kfc-1990-e-main-st/QtUt30YrR4evZCiFvFRPVg,whitehall-ohio
https://www.ubereats.com/columbus/food-delivery/tim-hortons-6259-sunbury-road/tuv8enGTTwWpJm-fNtrzQw,whitehall-ohio
https://www.ubereats.com/columbus/food-delivery/shawerma-bite-columbus/L6DxYf0yT2exiOdVOnnSoQ,whitehall-ohio
https://www.ubereats.com/columbus/food-delivery/fujiyama-steakhouse-of-japan/K-vZQDKISd2GKQSpFmBuGQ,whitehall-ohio
https://www.ubereats.com/columbus/food-delivery/aerial-wine-boutique/4h4IOKziSYW_vpa6_08-1Q,whitehall-ohio
https://www.ubereats.com/columbus/food-delivery/sunny-and-fines-breakfast-burrito/7zQqVi2RRAGSq1y2DpjVJQ,whitehall-ohio
https://www.ubereats.com/columbus/food-delivery/cafe-zupas-4226-easton-loop-west/3SdUIffNRDymK_0jcWEcRg,whitehall-ohio
https://www.ubereats.com/columbus/food-delivery/jersey-mikes-subs-westerville-5957-sunbury-road/moCZ_ap3SHWL0YjeX_4pYw,whitehall-ohio
https://www.ubereats.com/columbus/food-delivery/mcdonalds-high-%26-18th-ave/ZFI2wPjaSvmXbVoynQx4NQ,whitehall-ohio
https://www.ubereats.com/columbus/food-delivery/the-thurman-cafe/dAi19nkFTS2bdYnaqZ702Q,whitehall-ohio
https://www.ubereats.com/columbus/food-delivery/papa-johns-2579-s-hamilton-road/DB_xhFQ4SieHSJNG27G9Dw,whitehall-ohio
https://www.ubereats.com/columbus/food-delivery/palmas-tropical-escape/9P3elo_USqq8OlnlOT6DOw,whitehall-ohio
https://www.ubereats.com/columbus/food-delivery/five-guys-oh-1163-2078-state-rte-256/-xd6nxyJTAK-7m5tmSaPLQ,whitehall-ohio
https://www.ubereats.com/columbus/food-delivery/charleys-philly-steaks-east-broad-st/Qz-kHJp2TMuclmj1gTyCvQ,whitehall-ohio
https://www.ubereats.com/columbus/food-delivery/chipotle-mexican-grill-1671-stringtown-rd/eICz_lrbS4Gtnf39IIrXWA,whitehall-ohio
https://www.ubereats.com/columbus/food-delivery/kfc-1810-winderly-lane/SEmoiYCzTqCTo51EAjD9iQ,whitehall-ohio
https://www.ubereats.com/columbus/food-delivery/mcdonalds-hamilton-%26-morse/34JG5ruyRNm4eMYyU6WxHQ,whitehall-ohio
https://www.ubereats.com/columbus/food-delivery/mcdonalds-broad-%26-reynoldsburg/dnQqzlN1TPK_6gcW8S6Pjg,whitehall-ohio
https://www.ubereats.com/columbus/food-delivery/yvettes-tasty-treats/Mg5X2B6eS6KUgvqSwunfkQ,whitehall-ohio
https://www.ubereats.com/columbus/food-delivery/bibibop-asian-grill-2087-baltimore-reynoldsburg-road/PhWtV35DSNWzqrynHo4q_Q,whitehall-ohio
https://www.ubereats.com/columbus/food-delivery/papa-johns-2906-e-main-street/cAJxNiGDR3OnfpGVPjwLng,whitehall-ohio
https://www.ubereats.com/columbus/food-delivery/paddy-wagon-food-truck/lNm5Dw3pQbyHQnWZnBlWkA,whitehall-ohio
https://www.ubereats.com/columbus/food-delivery/applebees-2755-brice-road/YRBjGVRESJe0L_dgwTQq2w,whitehall-ohio
https://www.ubereats.com/columbus/food-delivery/cocos-grill/xJuZaHGvSB-UjfLPjFieow,whitehall-ohio
https://www.ubereats.com/columbus/food-delivery/bohio-restaurant-ltd/N7PMXnCiT1SqpADIGZr2SA,whitehall-ohio
https://www.ubereats.com/columbus/food-delivery/mcdonalds-agler-%26-stygler/KgnC9IJAS6-o9ZvArfLfBg,whitehall-ohio
https://www.ubereats.com/columbus/food-delivery/adobe-gilas-easton-station/YcmYmS0rTCKmCj48Z-SdyA,whitehall-ohio
https://www.ubereats.com/columbus/food-delivery/wendys-1490-n-cassady-ave/89Y24NFzSsKCPsODsaek0w,whitehall-ohio
https://www.ubereats.com/columbus/food-delivery/firehouse-subs-clint-%26-crosscreeks/5Uv2zjyRTMO1jAwLFG_uew,whitehall-ohio
https://www.ubereats.com/columbus/food-delivery/wendys-6781-e-main-street/r--ufi34S4qsePMzOk619Q,whitehall-ohio
https://www.ubereats.com/columbus/food-delivery/five-guys-oh-1291-6951-east-broad-st/ba0Fy6loSDibfVuaHiR1RA,whitehall-ohio
https://www.ubereats.com/columbus/food-delivery/twinado-kitchen-jerk-shack/7AMC6cxbQRivoubM0exelQ,whitehall-ohio
https://www.ubereats.com/columbus/food-delivery/pecan-pennys-barbq/LLqzjHoPT5-Y-hKY78B1rg,whitehall-ohio
https://www.ubereats.com/columbus/food-delivery/la-fogata-grill/WzKY8TReT0GAFvHhuGfh-A,whitehall-ohio
https://www.ubereats.com/columbus/food-delivery/taco-bell-6325-e-main-st/IJ47C9m8SFW2YBy7aXgggA,whitehall-ohio
https://www.ubereats.com/columbus/food-delivery/wendys-3090-e-main-st/nXn1hF-uTaKEgriVS3akWA,whitehall-ohio
https://www.ubereats.com/columbus/food-delivery/frutimix/d4pOGOVWT2egrfKHEjqWmA,whitehall-ohio
https://www.ubereats.com/columbus/food-delivery/arbys-2160-morse-rd/YGw14eUlRgGQ-CryRWQBvQ,whitehall-ohio
https://www.ubereats.com/columbus/food-delivery/shake-shack-4005-the-strand-west/E3veG1QrS5m4fvDkajK8LA,whitehall-ohio
https://www.ubereats.com/columbus/food-delivery/the-woodbury/tDZx5nSUTMqSuYPJol4hRw,whitehall-ohio
https://www.ubereats.com/columbus/food-delivery/tafts-brewpourium/CouJ33_RQza0a-konbXAFg,whitehall-ohio
https://www.ubereats.com/columbus/food-delivery/tim-hortons-3120-e-main-st/GxRasJvFQcuuoBw_bIlI8Q,whitehall-ohio
https://www.ubereats.com/columbus/food-delivery/papa-johns-3876-morse-road/ZK5ANZnOSrq0-TyRu-bfxA,whitehall-ohio
https://www.ubereats.com/columbus/food-delivery/marcus-theatre-pickerington/L4PNS3PEQJq05cZbz05IMA,whitehall-ohio
https://www.ubereats.com/columbus/food-delivery/the-eagle-food-%26-beer-hall-columbus/jqzHrTbEQDSnUV5bxXb07A,whitehall-ohio
https://www.ubereats.com/columbus/food-delivery/ginza-go/Z53bxzLTTGqcL2B4U_jFDg,whitehall-ohio
https://www.ubereats.com/columbus/food-delivery/melt-bar-%26-grilled-easton/bwpZ05_cTXuJIF8m9ZGYew,whitehall-ohio
https://www.ubereats.com/columbus/food-delivery/dairy-queen-treat-230-main-st/uqexi5GBSJKJxyY6L2VIBg,whitehall-ohio
https://www.ubereats.com/columbus/food-delivery/anthonys-detroit-pizzeria/o_ADySUJQKS91bbLJwtlew,whitehall-ohio
https://www.ubereats.com/columbus/food-delivery/frischs-big-boy-3920-s-hamilton-rd/p99ZMEiBQCG-uh0PN55nrQ,whitehall-ohio
https://www.ubereats.com/columbus/food-delivery/captain-ds-2850-south-hamilton-road/aPXldTFuTlq-bGAhiicQUQ,whitehall-ohio
https://www.ubereats.com/columbus/food-delivery/fireproof-restaurant-%26-lounge/BUE13L6MRkuptemekIfGCw,whitehall-ohio
https://www.ubereats.com/columbus/food-delivery/arbys-6949-e-main-st/UDoMyDXgRgSKcSX6drduqQ,whitehall-ohio
https://www.ubereats.com/columbus/food-delivery/tika-wraps/4t4alN_XQfusCzy0c3chfg,whitehall-ohio
https://www.ubereats.com/columbus/food-delivery/moonbowls-healthy-korean-bowls-columbus/N0mqxNUIQjeGURZD8erGmA,whitehall-ohio
https://www.ubereats.com/columbus/food-delivery/service-bar/ZM9II9TEQGKkDghXgqDu7g,whitehall-ohio
https://www.ubereats.com/columbus/food-delivery/shrimp-lips-seafood-and-chicken/7dYe6KGLSbqPm_XBS1DyKQ,whitehall-ohio
https://www.ubereats.com/columbus/food-delivery/buffalo-wild-wings-1380-cherry-bottom-rd/vcIy5rh5SMaqNvcQYQfaOQ,whitehall-ohio
https://www.ubereats.com/columbus/food-delivery/burgerim-6599-e-broad-st/TvPARkhRShWraSwiwwW8ZQ,whitehall-ohio
https://www.ubereats.com/columbus/food-delivery/graeters-ice-cream-bexley/nr3dD0U5R5GKwk22eKEN3Q,whitehall-ohio
https://www.ubereats.com/columbus/food-delivery/strongwater-food-and-spirits/XAjj5TflSBqSHMhruAe8ZA,whitehall-ohio
https://www.ubereats.com/columbus/food-delivery/tim-hortons-9685-johnstown-road/h9E14UqhRzW8hYHkdtIRKg,whitehall-ohio
https://www.ubereats.com/columbus/food-delivery/olde-village-diner/L3ZLYvjKREqxVTUBHwDXSw,whitehall-ohio
https://www.ubereats.com/columbus/food-delivery/starbucks-reynoldsburg/CdhbQQV8SXGMTTaesnvH-g,whitehall-ohio
https://www.ubereats.com/columbus/food-delivery/basil-brewery-district/nM66DkgURReO-TTCPugnBQ,whitehall-ohio
https://www.ubereats.com/columbus/food-delivery/rishi-sushi/cmCjiYh3QKS20P9uYTuZKw,whitehall-ohio
https://www.ubereats.com/columbus/food-delivery/estilo-brazil-cafe/P4o1yqMRS_ifxF47xlPmkw,whitehall-ohio
https://www.ubereats.com/columbus/food-delivery/on-the-border-morse-rd/0cTIQU8zQFqJhE1ADVLr3Q,whitehall-ohio
https://www.ubereats.com/columbus/food-delivery/ice-cream-rollery-gahanna/HYIKe5SISw2a8J_4YJLmUg,whitehall-ohio
https://www.ubereats.com/columbus/food-delivery/dynamites-dang-quesadillas/JA11eSDzTq-EBe53EO4SGw,whitehall-ohio
https://www.ubereats.com/columbus/food-delivery/silk-road-asian-cuisine/qldZLaeKSpSFxzBEYJ9YkQ,whitehall-ohio
https://www.ubereats.com/columbus/food-delivery/bareburger-463-n-high-st/rDp8Ud-8T2ixnN1ZGRHeTQ,whitehall-ohio
https://www.ubereats.com/columbus/food-delivery/elegant-edge-catering-%26-carryout/6yxHzPDuR6WUPn0JHqNnQw,whitehall-ohio
https://www.ubereats.com/columbus/food-delivery/jersey-mikes-subs-bexley/ETSpNgkKRlmn5_4-_ysXnQ,whitehall-ohio
https://www.ubereats.com/columbus/food-delivery/little-eater/icD7CpxZRKaTifgcnE9MNg,whitehall-ohio
https://www.ubereats.com/columbus/food-delivery/tim-hortons-1451-west-broad-street/enjivBKMRTKkjndAzQbUTQ,whitehall-ohio
https://www.ubereats.com/columbus/food-delivery/red-robin-342-1720-hill-road-n/wGs8eXJ8RimXSTpHPWytIg,whitehall-ohio
https://www.ubereats.com/columbus/food-delivery/hofbrauhaus/hkA-JQ5RQQOobZmySOonqQ,whitehall-ohio
https://www.ubereats.com/columbus/food-delivery/tim-hortons-1085-hill-road-north/kAhO3S9DTECoB8eLiR3xaw,whitehall-ohio
https://www.ubereats.com/columbus/food-delivery/tim-hortons-2550-s-hamilton-rd/V1NlPJHmRsK0VDfZyP5C_g,whitehall-ohio
https://www.ubereats.com/columbus/food-delivery/first-watch-pickerington/5fGUpW5jQ2Oprul8V2hUUw,whitehall-ohio
https://www.ubereats.com/columbus/food-delivery/loaded-chickn-tenders/Nep2KrE2Tim191_1ma0pXw,whitehall-ohio
https://www.ubereats.com/columbus/food-delivery/%22tinder%22-chickn-tenders/SmMc4JrtRy-VgIIzABWDWQ,whitehall-ohio
https://www.ubereats.com/columbus/food-delivery/lan-viet-market/fqfFiO42QzCP0Rr71t0_VQ,whitehall-ohio
https://www.ubereats.com/columbus/food-delivery/tim-hortons-3737-s-hamilton-rd/BZUA9aCASXyYe7bU9hnaSQ,whitehall-ohio
https://www.ubereats.com/columbus/food-delivery/new-york-halal-food/x6zXW2G0RX21umcfb6SRqg,whitehall-ohio
https://www.ubereats.com/columbus/food-delivery/akasan-japanese-street-eats-easton/Trn2AD93Tx62ipV5_aJMQw,whitehall-ohio
https://www.ubereats.com/columbus/food-delivery/honeybaked-ham-1394-cherry-bottom-rd/qXojmFjwQ9egyUogydO1MA,whitehall-ohio
https://www.ubereats.com/columbus/food-delivery/kissho-asian-bistro-%26-sushi-bar/lZx6V8YjSfKUUbqzWRuYcw,whitehall-ohio
https://www.ubereats.com/columbus/food-delivery/joy-food-one-chinese-restaurant/3lwFNFFzQW6fNXfu1aEikg,whitehall-ohio
https://www.ubereats.com/columbus/food-delivery/smoked-on-high-bbq/LoTIbmslTRKyFj5zUIehdQ,whitehall-ohio
https://www.ubereats.com/columbus/food-delivery/creole-kitchen/AdXI6hxrQBy1yWbauSuzHQ,whitehall-ohio
https://www.ubereats.com/columbus/food-delivery/dairy-queen-treat-549-s-yearling-rd/uPg6DgzcSRGyvVJjggdtYQ,whitehall-ohio
https://www.ubereats.com/columbus/food-delivery/j-zhen-asian-bistro-and-bar/CECsBYZ7TlijX2Igi0QIgw,whitehall-ohio
https://www.ubereats.com/columbus/food-delivery/white-castle-1080-s-hamilton-rd/GtRHLXUKSaCJGcitWi7b6Q,whitehall-ohio
https://www.ubereats.com/columbus/food-delivery/subway-2181-e-livingston-ave/hZII5brmTdu2scvjTsuPbA,whitehall-ohio
https://www.ubereats.com/columbus/food-delivery/poke-bros-westerville/zQf0nGfgRK21hruZ-iZRxg,whitehall-ohio
https://www.ubereats.com/columbus/food-delivery/steak-n-shake-1780-hill-road-n/XLRy3oesRCSGd0qEhnP6CQ,whitehall-ohio
https://www.ubereats.com/columbus/food-delivery/momo-ghar-market/TpOwDxYeRdmPouP8uAksRQ,whitehall-ohio
https://www.ubereats.com/columbus/food-delivery/panda-express-3769-east-broad-street/b8pOCF5MSn6ZNbqAS6AtZg,whitehall-ohio
https://www.ubereats.com/columbus/food-delivery/subway-323-n-20th-st/StZRSJDNR3y7lC4A1x8k1A,whitehall-ohio
https://www.ubereats.com/columbus/food-delivery/wendys-1350-creekside-lane/oVBZsE6MTgmrq2FikAqREw,whitehall-ohio
https://www.ubereats.com/columbus/food-delivery/wendys-819-n-nelson-road/6n4nCDqYTKiShIYB4Gc4Bg,whitehall-ohio
https://www.ubereats.com/columbus/food-delivery/first-watch-new-albany/JSKclT2jQkC9zbcjQ7orlw,whitehall-ohio
https://www.ubereats.com/columbus/food-delivery/mod-pizza-gahanna/kq2mX93WTBCfSK5kaIM-eA,whitehall-ohio
https://www.ubereats.com/columbus/food-delivery/hot-head-burritos-sunbury-rd/PKX3V0hyQSSxLV967r1vzw,whitehall-ohio
https://www.ubereats.com/columbus/food-delivery/mcdonalds-5th-ave-%26-hess/f3FYrgLHTvatsSj15aESwA,whitehall-ohio
https://www.ubereats.com/columbus/food-delivery/couscous-house/9mJdfl7eQwmFp-oa6Vh1Mg,whitehall-ohio
https://www.ubereats.com/columbus/food-delivery/mcdonalds-main-%26-rosemore/4mAuEyyCRxugSkVRbHX4Ug,whitehall-ohio
https://www.ubereats.com/columbus/food-delivery/the-olive-branch-coffee-and-pizzeria/lOslksQAQKWTjl2rGUBADA,whitehall-ohio
https://www.ubereats.com/columbus/food-delivery/pita-house/z6OjInJcSQWnH1fhHXycpQ,whitehall-ohio
https://www.ubereats.com/columbus/food-delivery/tim-hortons-1505-n-cassady-ave/oGcH8NgqRE6QiwkOwTNAFg,whitehall-ohio
https://www.ubereats.com/columbus/food-delivery/taco-bell-1233-hill-rd-n/oEnTLprCShequbgk5ja-BQ,whitehall-ohio
https://www.ubereats.com/columbus/food-delivery/jets-pizza-pickerington/TEXXylZVTfSqLeB0P_LoqA,whitehall-ohio
https://www.ubereats.com/columbus/food-delivery/chocolate-cafe/0SkCFSHWQMW8wWkiNqEyzw,whitehall-ohio
https://www.ubereats.com/columbus/food-delivery/yellow-brick-pizza/zsdfSOuMQNK7_bkYt1Eg4w,whitehall-ohio
https://www.ubereats.com/columbus/food-delivery/simplee-deelicious/0dpro-IzSrew2pITg8O-hQ,whitehall-ohio
https://www.ubereats.com/columbus/food-delivery/taco-bell-5101-groveport-road/UKHUfvuQQqat5j8g8M2Jww,whitehall-ohio
https://www.ubereats.com/columbus/food-delivery/olde-towne-tavern/55qeEs3JTky0dIHKHcoixg,whitehall-ohio
https://www.ubereats.com/columbus/food-delivery/wendys-3747-ebroad-st/2c6EB01mQGODzISCGiH0Kw,whitehall-ohio
https://www.ubereats.com/columbus/food-delivery/jets-pizza-columbus/qvCTns-0SRORqJxb8KVJLg,whitehall-ohio
https://www.ubereats.com/columbus/food-delivery/market-at-700-bryden/c71doAQSQhCHtii4wqLcKg,whitehall-ohio
https://www.ubereats.com/columbus/food-delivery/popeyes-3559-e-broad-st/0LkY9fPsS5OeLCoYc0KtBQ,whitehall-ohio
https://www.ubereats.com/columbus/food-delivery/potbelly-sandwich-shop-3rd-%26-olentangy-%7C-334/0eTGg7jsSlCi86KlrhPdzQ,whitehall-ohio
https://www.ubereats.com/columbus/food-delivery/donatos-pizza-cassady/G7BersZ5Qb6LEEhTS-sIVw,whitehall-ohio
https://www.ubereats.com/columbus/food-delivery/pf-changs-4040-townsfair-way/VmdWWuEYRIuVqF1WWgfwxw,whitehall-ohio
https://www.ubereats.com/columbus/food-delivery/churchs-chicken-4375-refugee-road/vrXnWTiNRoeqwhFYfZ62Tg,whitehall-ohio
https://www.ubereats.com/columbus/food-delivery/mod-pizza-morse-road/uRS2Y4H7SR2_lv25J-y_9g,whitehall-ohio
https://www.ubereats.com/columbus/food-delivery/bexley-natural-market/GbPRXTuJQQqVzW1gxaoAkg,whitehall-ohio
https://www.ubereats.com/columbus/food-delivery/burger-mansion/4znmX5XLSs-Z33mscaH7vQ,whitehall-ohio
https://www.ubereats.com/columbus/food-delivery/donatos-reynoldsburg/1QAm3nCFQ0itEvlL3cI4ow,whitehall-ohio
https://www.ubereats.com/columbus/food-delivery/sahara-halal-grill%26-bakery/X2am4KJ9TWeIr4AKQ74OEA,whitehall-ohio
https://www.ubereats.com/columbus/food-delivery/jds-kitchen/Hn6ax5CdSr-ginY_osYUAA,whitehall-ohio
https://www.ubereats.com/columbus/food-delivery/bob-evans-549-1380-north-hamilton-road/kqKmPeBBSZKwu3RRDbnvTg,whitehall-ohio
https://www.ubereats.com/columbus/food-delivery/little-dragons-chinese-restaurant/nQ4F9d3IR2247Uruqe3n2w,whitehall-ohio
https://www.ubereats.com/columbus/food-delivery/yolko-breakfast-cafe/9U9dgPq1TXWo_hJH0vRKmQ,whitehall-ohio
https://www.ubereats.com/columbus/food-delivery/fukuryu-ramen/eOUO9dFOQbWU_JH8xej0LQ,whitehall-ohio
https://www.ubereats.com/columbus/food-delivery/santi-cucina-italiana/ly3OKnNHTF-lwqed_yYLIQ,whitehall-ohio
https://www.ubereats.com/columbus/food-delivery/peppers-wings-%26-fish/bExQrBhhQyG4jjKdoFq_MQ,whitehall-ohio
https://www.ubereats.com/columbus/food-delivery/new-taj-mahal/BqAOpYe-RtqXrZCqAtsz3Q,whitehall-ohio
https://www.ubereats.com/columbus/food-delivery/first-watch-german-village/2O2mOvIYSBu26LUH-xxmag,whitehall-ohio
https://www.ubereats.com/columbus/food-delivery/mcdonalds-high-%26-stewart/D7-wmDmZQjuz6V63oeUsTg,whitehall-ohio
https://www.ubereats.com/columbus/food-delivery/myas-fried-chicken/SuqsXPPtSJywg3CH49A5ug,whitehall-ohio
https://www.ubereats.com/columbus/food-delivery/hangovereasy/1oUd5o_jRtylQ_SLi9pnzg,whitehall-ohio
https://www.ubereats.com/columbus/food-delivery/mr-hero-4356-e-broad/Sglx9DMyQueJ7rbMKpLVdg,whitehall-ohio
https://www.ubereats.com/columbus/food-delivery/bob-evans-225-1455-olentangy-river-road/1T_z69jyTByzkZh31Uv_jg,whitehall-ohio
https://www.ubereats.com/columbus/food-delivery/mcdonalds-main-%26-grant/ADvfv17tTuemPI-2vUskPQ,whitehall-ohio
https://www.ubereats.com/columbus/food-delivery/bibibop-asian-grill-241-easton-town-center/giGlqDozQSKhAgQV8AP0kg,whitehall-ohio
https://www.ubereats.com/columbus/food-delivery/tee-jayes-country-place-hamilton-rd/SYvkYS-4QhyLK_SSrGn49w,whitehall-ohio
https://www.ubereats.com/columbus/food-delivery/dairy-queen-treat-960-oakland-park-ave/KBJvVKxbSpW4nKP06ASW1Q,whitehall-ohio
https://www.ubereats.com/columbus/food-delivery/kabob-time/n_NtAvg6Rfuu1_imk77wcA,whitehall-ohio
https://www.ubereats.com/columbus/food-delivery/jersey-mikes-subs-7175-e-broad-st/-bg6l9RJSHGgK1OL6fB9mg,whitehall-ohio
https://www.ubereats.com/columbus/food-delivery/the-simple-greek/-jwrRCwWRbO2cRp3gfmRPw,whitehall-ohio
https://www.ubereats.com/columbus/food-delivery/popeyes-1928-brice-rd/-o8D2FF1T8Sl2VGX4_jneQ,whitehall-ohio
https://www.ubereats.com/columbus/food-delivery/romeos-pizza-pickerington/9VM9llY5RVmdiqB4KetDvg,whitehall-ohio
https://www.ubereats.com/columbus/food-delivery/papa-johns-7061-e-main-st/yWKVryu9R9-Zc1TkxhXI5g,whitehall-ohio
https://www.ubereats.com/columbus/food-delivery/grandmas-pizza-%26-pasta-broad-st/LmREmrpbSMew58N0ihq0xw,whitehall-ohio
https://www.ubereats.com/columbus/food-delivery/subway-1425-n-cassady-ave/L48d5c-8SpKZ0Z_Xp6Fk2w,whitehall-ohio
https://www.ubereats.com/columbus/food-delivery/kfc-4449-e-main-st/7jE655npRH2iFRfVKcfH9g,whitehall-ohio
https://www.ubereats.com/columbus/food-delivery/wendys-1309-n-hamilton-road/GdlKo-9ERN20-l7qoqui5A,whitehall-ohio
https://www.ubereats.com/columbus/food-delivery/mario-fazios/D1cOPqL2TKurw8np3mynlw,whitehall-ohio
https://www.ubereats.com/columbus/food-delivery/papa-johns-2108-n-high-st/b0ZlCLCiS_S80x5b09Y-2Q,whitehall-ohio
https://www.ubereats.com/columbus/food-delivery/hot-head-burritos-east-broad-street/FdbxwaWWTX-bBfzBybtYNQ,whitehall-ohio
https://www.ubereats.com/columbus/food-delivery/smokey-bones-reynoldsburg/Py7UxE9lQmag-DCC8eS1nA,whitehall-ohio
https://www.ubereats.com/columbus/food-delivery/cafe-istanbul-main-%26-euclaire/mqEJKdOhQa6y3rAV5xq3Rw,whitehall-ohio
https://www.ubereats.com/columbus/food-delivery/bristol-republic/npDdBt4BTh6cslqbsYbXpw,whitehall-ohio
https://www.ubereats.com/columbus/food-delivery/a-%26-j-wingburger/tWC-ZQBEQk2J-2X--sLwQg,whitehall-ohio
https://www.ubereats.com/columbus/food-delivery/dh-wu-chinese-restaurant/ogFI4EAtQkiJu_DulSdFyg,whitehall-ohio
https://www.ubereats.com/columbus/food-delivery/shake-shack-740-n-high-street/QoMKYbw5SmOQKT-KnQ09tA,whitehall-ohio
https://www.ubereats.com/columbus/food-delivery/zencha/4CMJyOFtQNGS7GGyRxSWkg,whitehall-ohio
https://www.ubereats.com/columbus/food-delivery/f%23ck-gluten-columbus/VLoS_NW8RhG0GE9tD7gu2A,whitehall-ohio
https://www.ubereats.com/columbus/food-delivery/mcdonalds-livingston-%26-james/EyUsphJWQqeue-kxc3i2lw,whitehall-ohio
https://www.ubereats.com/columbus/food-delivery/mcdonalds-cassady-%26-airport/nbSRf1DRTYiaKhQvpJVXcw,whitehall-ohio
https://www.ubereats.com/columbus/food-delivery/ghost-dogs-vr/krEeN_syQWi9kdEwRokohg,whitehall-ohio
https://www.ubereats.com/columbus/food-delivery/bexley-pizza-plus/BCwXC2F4RbucBK3kwSwwqQ,whitehall-ohio
https://www.ubereats.com/columbus/food-delivery/wurst-und-bier/dxerGpFLS8G4QKYUPWoswA,whitehall-ohio
https://www.ubereats.com/columbus/food-delivery/chipotle-mexican-grill-488-s-high-st-%23-100a/w8UcDPbyRZyl-GgKpG6C_w,whitehall-ohio
https://www.ubereats.com/columbus/food-delivery/christophers-b*tchn-bistro/QjfhO0P9RTu-FhCJ8i4iNA,whitehall-ohio
https://www.ubereats.com/columbus/food-delivery/mr-hero-livingston-ave/CH8reQcPSgCb2gT2tZzhhA,whitehall-ohio
https://www.ubereats.com/columbus/food-delivery/superchefs-cherry-bottom/O7V7q5MSSueYZIu9afhPBw,whitehall-ohio
https://www.ubereats.com/columbus/food-delivery/sazon-tacos-burritos-and-more/80WCKf_4QCWw3I_0Au4clQ,whitehall-ohio
https://www.ubereats.com/columbus/food-delivery/kfc-3414-sullivant-ave/1a43vBM_TPKJbQarlOkWtA,whitehall-ohio
https://www.ubereats.com/columbus/food-delivery/tee-jayes-country-place-grove-city/QoZ_czNvTOqS5RUxTjATkA,whitehall-ohio
https://www.ubereats.com/columbus/food-delivery/tee-jayes-country-place-reynoldsburg/cbhQrbEBRf-PiIbRXjcIKQ,whitehall-ohio
https://www.ubereats.com/columbus/food-delivery/panda-express-120-easton-station/cSFR9utHR7-JFTrR22nb8w,whitehall-ohio
https://www.ubereats.com/columbus/food-delivery/king-of-wings/8tCrtF5BSYeh2wanZmUEqA,whitehall-ohio
https://www.ubereats.com/columbus/food-delivery/condado-tacos-easton/9ehKPEKSRuCeWKQK1F70_Q,whitehall-ohio
https://www.ubereats.com/columbus/food-delivery/donatos-broad-st/6Nt31sBMSzeH0Abc5gnhXA,whitehall-ohio
https://www.ubereats.com/columbus/food-delivery/greatwall/h_olKRiORL2tPj5zrxPXJA,whitehall-ohio
https://www.ubereats.com/columbus/food-delivery/rush-bowls/xl8wvcVlSVe4ztmtojyYgA,whitehall-ohio
https://www.ubereats.com/columbus/food-delivery/millions-of-milk-tea/BYzGUBMgQFu6pQvk_Zri7g,whitehall-ohio
https://www.ubereats.com/columbus/food-delivery/tim-hortons-2445-brice-road/4kf0GCZ6RvaIFs6OZqkKkw,whitehall-ohio
https://www.ubereats.com/columbus/food-delivery/krispy-kreme-e-broad-st-%26-reynoldsburg-new-albany-rd/tDGUFJZRS9ahAe-pM8vGAw,whitehall-ohio
https://www.ubereats.com/columbus/food-delivery/buca-di-beppo-columbus-n-front-street/CTbJpADrRwKv_pqEwiwfEQ,whitehall-ohio
https://www.ubereats.com/columbus/food-delivery/alchemy-cafe/0wGuK0opRXC4qVtm7DD5uA,whitehall-ohio
https://www.ubereats.com/columbus/food-delivery/bob-evans-343-1760-hill-road-n/gloT7Fs7QHanUPddrzNwrQ,whitehall-ohio
https://www.ubereats.com/columbus/food-delivery/zara-restaurant-and-bar/FkUN5plqTKuxY6ZD-CCzJA,whitehall-ohio
https://www.ubereats.com/columbus/food-delivery/fours-on-high/QqYHt2IDTnCmx7c92yAi9w,whitehall-ohio
https://www.ubereats.com/columbus/food-delivery/creole-2-geaux/3LoE4dHjTy2tC-ed4ngJNA,whitehall-ohio
https://www.ubereats.com/columbus/food-delivery/high-beck-tavern/IDPvUNorRKyDw5_O4GxZRA,whitehall-ohio
https://www.ubereats.com/columbus/food-delivery/cinco-tacos/E_hbxy9BQdOlVqVomouzUA,whitehall-ohio
https://www.ubereats.com/columbus/food-delivery/carsonies/b6N88HLSTNi2KYWggBfyGw,whitehall-ohio
https://www.ubereats.com/columbus/food-delivery/friend-fries/4VxVamgAQPCsfiYF19M79Q,whitehall-ohio
https://www.ubereats.com/columbus/food-delivery/sunny-street-cafe-e-broad/9u12s1uLS_WeNX2E6RM22g,whitehall-ohio
https://www.ubereats.com/columbus/food-delivery/short-and-stout-kitchen/tilRqIoDRauEkrTUfMn9-Q,whitehall-ohio
https://www.ubereats.com/columbus/food-delivery/lincoln-cafe/2JOElyapSF-zFuxwVt2NZA,whitehall-ohio
https://www.ubereats.com/columbus/food-delivery/z-taste-of-chicago/hWRtAHC4TRSooYntlziCSQ,whitehall-ohio
https://www.ubereats.com/columbus/food-delivery/fish-%26-chicken-inn/OLirpxleTA2bQMm1UbVWnw,whitehall-ohio
https://www.ubereats.com/columbus/food-delivery/white-castle-6791-e-broad-st/6qhQxMGZTfqR3OTGY7uR-Q,whitehall-ohio
https://www.ubereats.com/columbus/food-delivery/asian-star-china-buffet/-SJHcF-VRMGr9hEsT7eVhQ,whitehall-ohio
https://www.ubereats.com/columbus/food-delivery/macology/atX0ro7HQg2SzFh3aswMrw,whitehall-ohio
https://www.ubereats.com/columbus/food-delivery/a%26b-homestyle-bbq/N0NLejErR_q45t4XOTI7kQ,whitehall-ohio
https://www.ubereats.com/columbus/food-delivery/evelyns-table/iZnefIn4TzSWq3GBBIYiEQ,whitehall-ohio
https://www.ubereats.com/columbus/food-delivery/red-lobster-2147-s-hamilton-road/D3AtEv0jSTSKtOmZpXUYfQ,whitehall-ohio
https://www.ubereats.com/columbus/food-delivery/boston-market-6330-tussing-road/GLM-aorfR2q5F4noN9l9JA,whitehall-ohio
https://www.ubereats.com/columbus/food-delivery/scramblers/inSberFXQBWi2npvTBmtzw,whitehall-ohio
https://www.ubereats.com/columbus/food-delivery/wingtime/hcr6HnBlQnaDFkoKyHF11Q,whitehall-ohio
https://www.ubereats.com/columbus/food-delivery/firehouse-subs-granville-st/UV3iHSDtRXKqNkoHvkKfpQ,whitehall-ohio
https://www.ubereats.com/columbus/food-delivery/kfc-4721-morse-rd/WsgGZJ19TfCkjLPWq3oRPw,whitehall-ohio
https://www.ubereats.com/columbus/food-delivery/taco-bell-3834-morse-road/EfRVXiY8Qmm75MayOF8-iQ,whitehall-ohio
https://www.ubereats.com/columbus/food-delivery/kfc-4480-alum-creek-drive/w5PmtO6GQyGpjY3M5wmAhw,whitehall-ohio
https://www.ubereats.com/columbus/food-delivery/hai-poke/N0Vw3cMcSJ6VJFiSyr5E9w,whitehall-ohio
https://www.ubereats.com/columbus/food-delivery/el-mariachi-restaurant/1ElvWC4cTG606fLSQuWvPQ,whitehall-ohio
https://www.ubereats.com/columbus/food-delivery/katzingers-delicatessen/bn8S6E8IRiaCYU-O51493w,whitehall-ohio
https://www.ubereats.com/columbus/food-delivery/yellow-brick-pizza/_E_FSAhNQ-SPqBCG-NvLKg,whitehall-ohio
https://www.ubereats.com/columbus/food-delivery/ihop-reynoldsburg/4aqF0cE9QraVXS-EOv_7HQ,whitehall-ohio
https://www.ubereats.com/columbus/food-delivery/bds-mongolian-grill-easton-town-center/X1B5xRZFQ0Cr249r8wAtWg,whitehall-ohio
https://www.ubereats.com/columbus/food-delivery/hangovereasy/tKt_HFbyRcuAC3o7sJDZag,whitehall-ohio
https://www.ubereats.com/columbus/food-delivery/bob-evans-185-5970-main-street/QcnnZCByRK6DVcsHeXQ3pA,whitehall-ohio
https://www.ubereats.com/columbus/food-delivery/kfc-3142-cleveland-ave/FWlPaMV-ThytEex87CpOng,whitehall-ohio
https://www.ubereats.com/columbus/food-delivery/himalayan-grille/D93ZMdjoQruoM9DU1WUs4w,whitehall-ohio
https://www.ubereats.com/columbus/food-delivery/eastern-bay-chinese-restaurant/1izL7Ra5TBGDsDGz5ovvLw,whitehall-ohio
https://www.ubereats.com/columbus/food-delivery/tim-hortons-505-e-livingston/-ZmcPxqYTm6HT2hhGr90Zg,whitehall-ohio
https://www.ubereats.com/columbus/food-delivery/kfc-2081-morse-rd/hakMUP-ATl2q07zdxv3rmw,whitehall-ohio
https://www.ubereats.com/columbus/food-delivery/cafe-istanbul/mFqZVx2mRB6ofWTpfiYS7w,whitehall-ohio
https://www.ubereats.com/columbus/food-delivery/five-guys-oh-0421-1790-stringtown-rd/9nQwmsa2QWmfe2nrN4nC9Q,whitehall-ohio
https://www.ubereats.com/columbus/food-delivery/condado-tacos-short-north/2m9bdVHXQU2I-vaz3Qea1g,whitehall-ohio
https://www.ubereats.com/columbus/food-delivery/taco-bell-2111-e-livingston/uy2j0NF8TtmxHbqneD903g,whitehall-ohio
https://www.ubereats.com/columbus/food-delivery/tim-hortons-1135-dublin-road/S9d5Bh12Sk2TEFTTyyHxww,whitehall-ohio
https://www.ubereats.com/columbus/food-delivery/excuse-my-french-toast/FNcEo6aSSCaTI-x2w6nTyg,whitehall-ohio
https://www.ubereats.com/columbus/food-delivery/halal-new-york-gyro/BiiYDDKGR3KEmnn7gb74-A,whitehall-ohio
https://www.ubereats.com/columbus/food-delivery/lifestyle-cafe/GtfWqPH3R_eYjyI-WshiOA,whitehall-ohio
https://www.ubereats.com/columbus/food-delivery/zen-cha-cafe-%26-tea/_G-nKoqSSdet2lI52g0DMw,whitehall-ohio
https://www.ubereats.com/columbus/food-delivery/island-vibes-restaurant/q2kARnxERp2KjhWjlYSd9g,whitehall-ohio
https://www.ubereats.com/columbus/food-delivery/bibibop-asian-grill-5091-north-hamilton-rd/1UHNPN2rQauQ816KtBkdpQ,whitehall-ohio
https://www.ubereats.com/columbus/food-delivery/mod-pizza-pickerington/fLmRDw-9SJ6q4TH50QQA-g,whitehall-ohio
https://www.ubereats.com/columbus/food-delivery/scramblers/uTeSIXfzTi22Sq-MIUEAaQ,whitehall-ohio
https://www.ubereats.com/columbus/food-delivery/mcdonalds-alum-creek-%26-livingston/RdNwsLI9Rg2qIm8bIPSOAw,whitehall-ohio
https://www.ubereats.com/columbus/food-delivery/tim-hortons-3475-cleveland-ave/Y1QDRSGsQw2NKdxV0VIG6Q,whitehall-ohio
https://www.ubereats.com/columbus/food-delivery/mikeys-late-night-slice-high-%26-vine/vZYglcRRQ9mJrp8SS7NugQ,whitehall-ohio
https://www.ubereats.com/columbus/food-delivery/flyers-pizza-%26-subs-blacklick/eEouHj78TpiD2A3IJY5iNQ,whitehall-ohio
https://www.ubereats.com/columbus/food-delivery/tim-hortons-2845-stelzer-rd/PhI7qStVSMe0M4Knzbb5dg,whitehall-ohio
https://www.ubereats.com/columbus/food-delivery/dos-hermanos-mobile-kitchen/wlPSuswnQAuR_L7nThCOuw,whitehall-ohio
https://www.ubereats.com/columbus/food-delivery/canal-wigwam/lNZV_cZ9Qd2iVNOSXwjbmg,whitehall-ohio
https://www.ubereats.com/columbus/food-delivery/mikeys-late-night-slice-4th-%26-main/4rYUoBt3RIqlIZh5ObNrXw,whitehall-ohio
https://www.ubereats.com/columbus/food-delivery/blasian-grill/LKPtQZOhRvC4MMMNNjr-7w,whitehall-ohio
https://www.ubereats.com/columbus/food-delivery/the-keep-kitchen-%26-liquor-bar/gKz1C-0qS1WCjdtidQOffg,whitehall-ohio
https://www.ubereats.com/columbus/food-delivery/taco-bell-2421-so-hamilton-rd/k9NPM4-BQRmQS5vqeks0nA,whitehall-ohio
https://www.ubereats.com/columbus/food-delivery/taquero-mexican-street-kitchen/VCGC4LeaTbGxsGvcaGEB2g,whitehall-ohio
https://www.ubereats.com/columbus/food-delivery/tat-ristorante-di-famiglia/6-cppwusQ7KxkjtZQxBYhg,whitehall-ohio
https://www.ubereats.com/columbus/food-delivery/wendys-666-e-fifth-ave/JW4zlHonSsO3PC9oXlaXog,whitehall-ohio
https://www.ubereats.com/columbus/food-delivery/happys-pizza-main-st/7F252UZpRxic_LQcFVc4OA,whitehall-ohio
https://www.ubereats.com/columbus/food-delivery/burger-king-4479-east-main-street/hgLtDW7hQim7radQrmexbw,whitehall-ohio
https://www.ubereats.com/columbus/food-delivery/tios-burritos/oiV1r5dOSTWVecTLuJSAnw,whitehall-ohio
https://www.ubereats.com/columbus/food-delivery/el-sabor-de-la-vida/LyyvoRJMSOq92PmCMR6vJg,whitehall-ohio
https://www.ubereats.com/columbus/food-delivery/black-crab-catering-inc/XMTApcQKRjSZwoMA0G7wUg,whitehall-ohio
https://www.ubereats.com/columbus/food-delivery/kfc-6900-east-broad-street/kY7XsmCAQqyQXVeeC1SzNA,whitehall-ohio
https://www.ubereats.com/columbus/food-delivery/arbys-3815-s-high-st/9wGoUvOFRqa64cbJQdbvtA,whitehall-ohio
https://www.ubereats.com/columbus/food-delivery/eddys-chicken-and-waffles-noe-bixby/00d7JuytTPSuy5kK8ht7fQ,whitehall-ohio
https://www.ubereats.com/columbus/food-delivery/subway-4343-e-main-st/CQtFn6uXSr-lQmbTkl4ozw,whitehall-ohio
https://www.ubereats.com/columbus/food-delivery/potbelly-sandwich-shop-high-street-%7C-86/XUvmqgCFRz-PcSekNY7BDQ,whitehall-ohio
https://www.ubereats.com/columbus/food-delivery/hubbard-grille/lAM9HoYjS1OiwvriTWXjsA,whitehall-ohio
https://www.ubereats.com/columbus/food-delivery/mcdonalds-cleveland-%26-innis/LibBkHBMSbGQrcDFdn_r7w,whitehall-ohio
https://www.ubereats.com/columbus/food-delivery/buffalo-wild-wings-3969-morse-crossing/bksTlEyxRm-5mhO0XN_IPA,whitehall-ohio
https://www.ubereats.com/columbus/food-delivery/graeters-ice-cream-gahanna/BOsWJgeJRwCaaYnNE4HOQA,whitehall-ohio
https://www.ubereats.com/columbus/food-delivery/javiers-tex-mex/nXa_3O_XTuKr3ya8dvf1Qg,whitehall-ohio
https://www.ubereats.com/columbus/food-delivery/sayulita-quesadillas/qAqfcqWRTD-d4huZLJA6Ow,whitehall-ohio
https://www.ubereats.com/columbus/food-delivery/zoup!-41-south-high-street/Yxsv1aeARKiUA-pDOPwJGw,whitehall-ohio
https://www.ubereats.com/columbus/food-delivery/arbys-1563-w-broad-st/ollpvAeIS1-k7ju3D5fSXQ,whitehall-ohio
https://www.ubereats.com/columbus/food-delivery/jersey-mikes-subs-blacklick-7175-east-broad-street/asaMvR-VSn2VtbhZ3otUEw,whitehall-ohio
https://www.ubereats.com/columbus/food-delivery/arbys-1840-winderly-ln/vDWRKxcPTQi8Qgg4L4Q67Q,whitehall-ohio
https://www.ubereats.com/columbus/food-delivery/makkah-market/EzHYHfDgTy-JApQ8T2bJyg,whitehall-ohio
https://www.ubereats.com/columbus/food-delivery/jin-xiu-asian-gyros/Ksf6w-S3Sa2NpjF6CZdDmg,whitehall-ohio
https://www.ubereats.com/columbus/food-delivery/king-gyros-greek-restaurant/rOR4-LMhSxOxDwFp6u8thw,whitehall-ohio
https://www.ubereats.com/columbus/food-delivery/big-hot-dog-energy/SUXA5_L6TgC3fM6LxGh1MA,whitehall-ohio
https://www.ubereats.com/columbus/food-delivery/arbys-301-s-hamilton-rd/1wJILCIGSHGPrL_Wq2Faxg,whitehall-ohio
https://www.ubereats.com/columbus/food-delivery/tim-hortons-6532-e-broad-st/pVzH9zsiSQWwgJJt2HSc8g,whitehall-ohio
https://www.ubereats.com/columbus/food-delivery/forbidden-root/H1ijlh6HTJiPDXKlAxBOjA,whitehall-ohio
https://www.ubereats.com/columbus/food-delivery/pats-delicious-african-restaurant/T-jCD4UGQNuFLbYiSxz5zg,whitehall-ohio
https://www.ubereats.com/columbus/food-delivery/rule-3/L_ZDg_9-T0GJ1ryO1z0AaA,whitehall-ohio
https://www.ubereats.com/columbus/food-delivery/pizzanos-pizza/LW-P2DkZTWu5uKqVnb9RJQ,whitehall-ohio
https://www.ubereats.com/columbus/food-delivery/pasta-villa-italian-restaurant/LjTBagcOStCShMhqWn2ELg,whitehall-ohio
https://www.ubereats.com/columbus/food-delivery/cold-stone-creamery-101-mill-st/QiKI3xtxTLm37U68tCzC0Q,whitehall-ohio
https://www.ubereats.com/columbus/food-delivery/arbys-6799-e-broad-st/CRxg9Y8zRGCKtNRfl8EQvg,whitehall-ohio
https://www.ubereats.com/columbus/food-delivery/tim-hortons-5221-n-hamilton-rd/AtcRYoNgRcutmVPBVjP5vg,whitehall-ohio
https://www.ubereats.com/columbus/food-delivery/5-bros-gyro/a1-7Pz7KRT21cW3wRAvbWQ,whitehall-ohio
https://www.ubereats.com/columbus/food-delivery/bake-me-happy/QZA4x8rfRWGXRjnJ8BkJRw,whitehall-ohio
https://www.ubereats.com/columbus/food-delivery/taco-bell-3605-s-high-st/bW7RbhNpQrKU7ci5X4CnfQ,whitehall-ohio
https://www.ubereats.com/columbus/food-delivery/mcdonalds-hamilton-%26-morrison/pohIFENXQLSfu7hFzeCs8Q,whitehall-ohio
https://www.ubereats.com/columbus/food-delivery/jays-crab-boil-%26-oyster-bar/8IYsdHRPQeCPwMghQkFlXQ,whitehall-ohio
https://www.ubereats.com/columbus/food-delivery/noodles-%26-company-2166-baltimore-reynoldsburg-rd/7S0EZQS1ShmANlqNbyV1xQ,whitehall-ohio
https://www.ubereats.com/columbus/food-delivery/redtyes-family-kitchen-and-catering/5aHVkl4yToePl8D_K3DaFQ,whitehall-ohio
https://www.ubereats.com/columbus/food-delivery/donatos-pizza-bexley/qliBW2fyTrCgy0WF0IIPGA,whitehall-ohio
https://www.ubereats.com/columbus/food-delivery/dairy-queen-treat-3260-noe-bixby-rd/TewashVeQeiOelHTV5ktbA,whitehall-ohio
https://www.ubereats.com/columbus/food-delivery/long-john-silvers-1810-winderly-ln/pCQPbWmZQAiirmS0cKRzgQ,whitehall-ohio
https://www.ubereats.com/columbus/food-delivery/mark-pi-express/X1wvNMcKSyK0GH7_eaQJ-Q,whitehall-ohio
https://www.ubereats.com/columbus/food-delivery/wendys-5091-alum-creek-drive/UoGP1ASBQRqj-3Ln6rPTYA,whitehall-ohio
https://www.ubereats.com/columbus/food-delivery/papa-leos/Y2JDsZr0TVWbLbVo6pZDbg,whitehall-ohio
https://www.ubereats.com/columbus/food-delivery/gogibop/7ondWWE-SzqdwnqHzrQTLA,whitehall-ohio
https://www.ubereats.com/columbus/food-delivery/tim-hortons-636-harrisburg-pike/wpvW_jieR9Sxz0X4CyVTkw,whitehall-ohio
https://www.ubereats.com/columbus/food-delivery/subway-2832-stelzer-rd/5AHa26TLRqiuz7GQSXq0BA,whitehall-ohio
https://www.ubereats.com/columbus/food-delivery/funny-greek/KNvaAgHqTJeJArOnwqGmJA,whitehall-ohio
https://www.ubereats.com/columbus/food-delivery/papa-loes/EgaIPc43Q2yHarnm2vYA5Q,whitehall-ohio
https://www.ubereats.com/columbus/food-delivery/lifestyle-cafe/qqbRodJ5S_yolh3xDdVuUg,whitehall-ohio
https://www.ubereats.com/columbus/food-delivery/montys-sub-shop/folQlrhjSQ-DO5Esi45Bwg,whitehall-ohio
https://www.ubereats.com/columbus/food-delivery/dakshin-indian-bistro-hamilton-rd/oGZBe-LjTnK_XzUeO97fhQ,whitehall-ohio
https://www.ubereats.com/columbus/food-delivery/newfangled-kitchen/8q7oQBm5Sb2keLq_AQXYxg,whitehall-ohio
https://www.ubereats.com/columbus/food-delivery/the-original-cakerie-short-north/WXY5U7jtRXyixUL6XJ2ldg,whitehall-ohio
https://www.ubereats.com/columbus/food-delivery/dairy-queen-treat-1512-w-5th-ave/WJKy5_s7RJyb1cBZcrlbJQ,whitehall-ohio
https://www.ubereats.com/columbus/food-delivery/white-castle-1620-stringtown-rd/lGjkeqh7RVq5e_psE8OyDA,whitehall-ohio
https://www.ubereats.com/columbus/food-delivery/romeos-pizza-gahanna/JQP1USwxQWuuRfOyjc5NzA,whitehall-ohio
https://www.ubereats.com/columbus/food-delivery/j-hot-fish/LxLiGWJiTlmfCw2KZDANpQ,whitehall-ohio
https://www.ubereats.com/columbus/food-delivery/subway-1855-lockbourne-rd/_hGAfqy-RsKfvxK5IEAfYA,whitehall-ohio
https://www.ubereats.com/columbus/food-delivery/chipotle-mexican-grill-3822-e-broad-st-unit-41a/jaMNIQFXTmqPBI-bSy_khg,whitehall-ohio
https://www.ubereats.com/columbus/food-delivery/hyde-park-prime-steakhouse-downtown-columbus/p71oRbBhRIC1Hen9a1p8bg,whitehall-ohio
https://www.ubereats.com/columbus/food-delivery/%233ds/-n_WV7dGQT22Q6-MTEiu0w,whitehall-ohio
https://www.ubereats.com/columbus/food-delivery/the-walrus/Wmgkb_-uTamnYt54opO5kA,whitehall-ohio
https://www.ubereats.com/columbus/food-delivery/mitchells-fish-market-45-north-third-street/3jkaJXmvQAe3m6-pRXxn3g,whitehall-ohio
https://www.ubereats.com/columbus/food-delivery/sharks-chicken-fish-%26-shrimp/1oC6rcDMSbibRgPFkr6yvA,whitehall-ohio
https://www.ubereats.com/columbus/food-delivery/wings-and-more/t2N9YkvaQaGpMLevIYFK9w,whitehall-ohio
https://www.ubereats.com/columbus/food-delivery/mcdonalds-international-gateway-%26-sawyer/Wf37Hq0BQEueTOtuzwzcnw,whitehall-ohio
https://www.ubereats.com/columbus/food-delivery/frischs-big-boy-455-morrison-rd/GuLglvaFQOaqlpJmHA7Wbw,whitehall-ohio
https://www.ubereats.com/columbus/food-delivery/lemongrass-fusion-bistro/bxNCwhQ5RayOUBs4kwoafw,whitehall-ohio
https://www.ubereats.com/columbus/food-delivery/wendys-799-s-high-street/1dMsVF31QJaCGBhgrXwOFg,whitehall-ohio
https://www.ubereats.com/columbus/food-delivery/chipotle-mexican-grill-2130-north-high-street/Hegf5lEDSWWp56mVg9lEKg,whitehall-ohio
https://www.ubereats.com/columbus/food-delivery/world-of-beer-3934-townsfair-way/fd1xYiCXSm-qHB8Dp0udkQ,whitehall-ohio
https://www.ubereats.com/columbus/food-delivery/smokey-bones-grove-city/aeL5ljarTo-vmsL6y8twvA,whitehall-ohio
https://www.ubereats.com/columbus/food-delivery/superchefs/0LiO-V9gTXGa2n1CXrjbMA,whitehall-ohio
https://www.ubereats.com/columbus/food-delivery/the-hot-italian/UE8wye6eTLGrH3lJd0n5fA,whitehall-ohio
https://www.ubereats.com/columbus/food-delivery/c-kruegers/u2d5tq4MRle4klSHMuiQnw,whitehall-ohio
https://www.ubereats.com/columbus/food-delivery/noodles-%26-company-2124-n-high-st/EkOdwHkdSgeAfe02l3C0vg,whitehall-ohio
https://www.ubereats.com/columbus/food-delivery/campus-wings/3xIGcn09QDelVP8gNUDgmQ,whitehall-ohio
https://www.ubereats.com/columbus/food-delivery/machi-hibachi/bWv16GvRRF-oaBZtAQC2Tg,whitehall-ohio
https://www.ubereats.com/columbus/food-delivery/dos-hermanos/U_c65tVYRXGcYDzReDEPaQ,whitehall-ohio
https://www.ubereats.com/columbus/food-delivery/mr-munchies-refined-fare/LKDm3igoTRerJUFlmMXK6A,whitehall-ohio
https://www.ubereats.com/columbus/food-delivery/rallys-2110-morse-rd/dFZje84hT_an0DjGNnYlSg,whitehall-ohio
https://www.ubereats.com/columbus/food-delivery/white-castle-1111-s-high-st/YauhUEF2StK5dj2uOKh0Tw,whitehall-ohio
https://www.ubereats.com/columbus/food-delivery/killer-wings/3GPftEE-QYCbDkBJvw1Q9g,whitehall-ohio
https://www.ubereats.com/columbus/food-delivery/condado-tacos-commons/kL8gqD42RxuseOvHnPit0A,whitehall-ohio
https://www.ubereats.com/columbus/food-delivery/wendys-3996-south-hamilton-road/Md7g-luFQn2xbHJdwQ2-ig,whitehall-ohio
https://www.ubereats.com/columbus/food-delivery/mcdonalds-tussing-%26-brice/Y8WAEoSSRaqrJoMHNtnTAg,whitehall-ohio
https://www.ubereats.com/columbus/food-delivery/white-castle-801-e-fifth-ave/h6cBbZp7RAayL1Zl4pO6ow,whitehall-ohio
https://www.ubereats.com/columbus/food-delivery/lavash-cafe/Nlu5bDGzRM2UTPbGkXXnRQ,whitehall-ohio
https://www.ubereats.com/columbus/food-delivery/chriss-snack-shack/Xv_DdvcmRBqLlHhVC2vCBA,whitehall-ohio
https://www.ubereats.com/columbus/food-delivery/gypsy-on-the-mile/ba61bqFSTZWNY_3w2vv6Rw,whitehall-ohio
https://www.ubereats.com/columbus/food-delivery/chipotle-mexican-grill-5375-new-albany-rd-w/JC8YpPelRsSByfpFaiR24w,whitehall-ohio
https://www.ubereats.com/columbus/food-delivery/andes-bar-and-grill/uEOucJQ1S1WqPiKDUb4CkA,whitehall-ohio
https://www.ubereats.com/columbus/food-delivery/chipotle-mexican-grill-5051-groveport-rd/hWzC0SXoSACVknWQ1uypgA,whitehall-ohio
https://www.ubereats.com/columbus/food-delivery/kirin-noodle/eeHfmd9wSz-6821aYc8U6w,whitehall-ohio
https://www.ubereats.com/columbus/food-delivery/steak-n-shake-5960-east-main-street/gO_MREwKQJaAOnCc14eY9w,whitehall-ohio
https://www.ubereats.com/columbus/food-delivery/dunkin-2060-n-high-st-two-blocks-south-of-lane-ave/Bdhu43J2QGmFF9GterXl3A,whitehall-ohio
https://www.ubereats.com/columbus/food-delivery/il-forno/NN8-JKXuQPCL_w1wnDJ1Kw,whitehall-ohio
https://www.ubereats.com/columbus/food-delivery/lantern-chinese-restaurant/ed8OCuPnQAe7XK19XFlCNA,whitehall-ohio
https://www.ubereats.com/columbus/food-delivery/johnsons-real-ice-cream-new-albany/Qu1R14s8Tq-w8WIT4ireWQ,whitehall-ohio
https://www.ubereats.com/columbus/food-delivery/sushi-high/BtY4OiRdQaq0aJpaGXrA4Q,whitehall-ohio
https://www.ubereats.com/columbus/food-delivery/panda-express-8064-east-broad-st/KV9Rr_vzSMexaLAI_9G1kQ,whitehall-ohio
https://www.ubereats.com/columbus/food-delivery/arepa-picante/w2oGPNFRRLes9v6Y8mxIWQ,whitehall-ohio
https://www.ubereats.com/columbus/food-delivery/romeos-pizza-reynoldsburg/fBq1qsYER5yeBEbbHdp3Fw,whitehall-ohio
https://www.ubereats.com/columbus/food-delivery/anthonys-chicago-deep-dish-pizzeria/BvWt0Qf6TSGumBSACnO6nA,whitehall-ohio
https://www.ubereats.com/columbus/food-delivery/waves-fish-chicken-and-gyros/xNzLSqrnTkGlJ2yEExoAlw,whitehall-ohio
https://www.ubereats.com/columbus/food-delivery/crazy-chicken/uWuZep0aQ1u4bpTdcXBzlw,whitehall-ohio
https://www.ubereats.com/columbus/food-delivery/kfc-2601-brice-rd/88bjx-f_T4ejqQgjdIzRwA,whitehall-ohio
https://www.ubereats.com/columbus/food-delivery/taco-bell-294-s-hamilton-road/rRKNUwoZQROP_H7lPO26Ug,whitehall-ohio
https://www.ubereats.com/columbus/food-delivery/barroluco-argentine/InObtr4uR4WQmne5cLYdsw,whitehall-ohio
https://www.ubereats.com/columbus/food-delivery/churchs-chicken-4488-e-main-street/9cVfqXFlQAaIrdsZSyLVPw,whitehall-ohio
https://www.ubereats.com/columbus/food-delivery/94th-aero-squadron-restaurant-sawyer-rd/IC6w6A15RHC8_bwTpISwmQ,whitehall-ohio
https://www.ubereats.com/columbus/food-delivery/street-thyme/bxf-NKdQT96pqEIra_FoxA,whitehall-ohio
https://www.ubereats.com/columbus/food-delivery/ginger-bowls-healthy-asian-bowls-columbus/v93ei1kuRz6OktK0GW39mA,whitehall-ohio
https://www.ubereats.com/columbus/food-delivery/mark-pis-asian-diner/oBAZ1B0vTB2H81x7jcMheg,whitehall-ohio
https://www.ubereats.com/columbus/food-delivery/pams-market-popcorn-%26-windy-city-eats/-vFZtMs3S0KgnAf1Ad7yew,whitehall-ohio
https://www.ubereats.com/columbus/food-delivery/starbucks-2560-brice-road/ZEwzTgrfQ9W2_O_88ITEuw,whitehall-ohio
https://www.ubereats.com/columbus/food-delivery/chipotle-mexican-grill-4034-townsfair-way-%23-j-102/x9waz4fTQdGyknDYqCYZ2Q,whitehall-ohio
https://www.ubereats.com/columbus/food-delivery/five-guys-oh-0642-5004-north-hamilton-rd/eUyQv2CATqCm_f4fDbNw3Q,whitehall-ohio
https://www.ubereats.com/columbus/food-delivery/sababa-mediterranean-grill/ljvdmuYGSrmZKkbD-jPbmw,whitehall-ohio
https://www.ubereats.com/columbus/food-delivery/fado-irish-pub-townsfair/15zA3UDrRMG6IywfH94spg,whitehall-ohio
https://www.ubereats.com/columbus/food-delivery/macaron-bar-columbus/-rnLC7kwR-qvuksulNepoQ,whitehall-ohio
https://www.ubereats.com/columbus/food-delivery/rallys-1940-east-livingston-avenue/CIsV-LD1Q_i6t-upqHhaJQ,whitehall-ohio
https://www.ubereats.com/columbus/food-delivery/tim-hortons-3965-e-broad-st/TSYQ0TwdT7m_KqS27kl0gg,whitehall-ohio
https://www.ubereats.com/columbus/food-delivery/happy-house-chinese-restaurant/YWH-1lY7Q-aG011BFv3A3A,whitehall-ohio
https://www.ubereats.com/columbus/food-delivery/flavors-of-india/9U-DjQwYSte10g9EUjXNyg,whitehall-ohio
https://www.ubereats.com/columbus/food-delivery/white-castle-1025-alum-creek-dr/O81j_SzgQRmWADuLmrKF3w,whitehall-ohio
https://www.ubereats.com/columbus/food-delivery/sakana-sushi-asian-fusion/pcx1AxWVQNeEND4A-pswaw,whitehall-ohio
https://www.ubereats.com/columbus/food-delivery/101-beer-kitchen-gahanna/CxBYIFUcSb61Z0C-XJ_hTg,whitehall-ohio
https://www.ubereats.com/columbus/food-delivery/the-social-club-lounge-and-event-venue/HY1uQEhUTluCP6vvBzLoEA,whitehall-ohio
https://www.ubereats.com/columbus/food-delivery/eight-and-sand-tavern-%26-refuge/AZeDV1dJTOyMP4I0UOQoXw,whitehall-ohio
https://www.ubereats.com/columbus/food-delivery/chipotle-mexican-grill-6316-tussing-rd/qK7eyK22Qmm9HE9vtLjTDA,whitehall-ohio
https://www.ubereats.com/columbus/food-delivery/arbys-4920-old-rathmell-ct/f9fZs8CnRGK-xfc0xaKLhA,whitehall-ohio
https://www.ubereats.com/columbus/food-delivery/jersey-mikes-subs-gahanna-332-south-hamilton-road/t4wAvlgiSlq2EGEskCp3vA,whitehall-ohio
https://www.ubereats.com/columbus/food-delivery/pho-fast/VxN5liIwRr65ga_6PQrFUQ,whitehall-ohio
https://www.ubereats.com/columbus/food-delivery/red-robin-431-3977-morse-crossing/ZLfJbem5QTWSZDzq_yA8eg,whitehall-ohio
https://www.ubereats.com/columbus/food-delivery/hardees-3444-s-high-st/p-thuA9nS3qIWr-NsTRLsQ,whitehall-ohio
https://www.ubereats.com/columbus/food-delivery/the-ice-cream-shop/PH-Tka3ySFWqxpkehTilog,whitehall-ohio
https://www.ubereats.com/columbus/food-delivery/pitabilities-center-st/RA_m15ouSOqoKTnJuHr4NQ,whitehall-ohio
https://www.ubereats.com/columbus/food-delivery/the-corner-bar-%26-grill/9AWNMLQQTuiGrYr4uqSekw,whitehall-ohio
https://www.ubereats.com/columbus/food-delivery/el-tequileno-mexican-kitchen-%26-taqueria/OKVL4t1jROaXlLk7Bx0_SA,whitehall-ohio
https://www.ubereats.com/columbus/food-delivery/milestone-229/QZnJb96kTDCguo80LLRclA,whitehall-ohio
https://www.ubereats.com/columbus/food-delivery/indian-oven/VVr65LDMQQ6SmHEdLa72kQ,whitehall-ohio
https://www.ubereats.com/columbus/food-delivery/taco-bell-6320-tussing-rd/ihjcxQOVTrGmKABY1fNRuw,whitehall-ohio
https://www.ubereats.com/columbus/food-delivery/gyro-city-grill/Y5IT2nciRVWV-web2yHepA,whitehall-ohio
https://www.ubereats.com/columbus/food-delivery/panera-204757/hgSl8RmAROydr9USImYUaQ,whitehall-ohio
https://www.ubereats.com/columbus/food-delivery/sargam-restaurant-%26-bar/20EYIvGgRJSM0-yskYozqw,whitehall-ohio
https://www.ubereats.com/columbus/food-delivery/taco-taco-burrito-burrito/rI5eknDjS6KXLgn4zjXWJw,whitehall-ohio
https://www.ubereats.com/columbus/food-delivery/taco-bell-6970-e-broad-st/kYJFxjzZQw-9tEGg65ZbRQ,whitehall-ohio
https://www.ubereats.com/columbus/food-delivery/chipotle-mexican-grill-7611-farmsbury-dr/rruJdzbrSqCEfZCh6IPOrg,whitehall-ohio
https://www.ubereats.com/columbus/food-delivery/buckeye-hibachi/SMsUJyxaQoeJsG5dDpHJCg,whitehall-ohio
https://www.ubereats.com/columbus/food-delivery/chipotle-mexican-grill-401-n-front-st/OBytbPmgSaagMBgaET6zuw,whitehall-ohio
https://www.ubereats.com/columbus/food-delivery/byo-burger-and-smokehouse/5uhPVQr_TiGZsNL3zlnKWg,whitehall-ohio
https://www.ubereats.com/columbus/food-delivery/outback-steakhouse-6000-east-main-street/JrTd__iNTiSonNJyEqJtsA,whitehall-ohio
https://www.ubereats.com/columbus/food-delivery/japanes-oriental-restaurant/hFeOySEoRsmRpoWt8RVZ_A,whitehall-ohio
https://www.ubereats.com/columbus/food-delivery/firdous-express-colombus/DORSBdUJSkaiXXr1WzyHHA,whitehall-ohio
https://www.ubereats.com/columbus/food-delivery/taco-bell-2553-n-high-st/fn_V8ldDTiWXZb2BYoMlKA,whitehall-ohio
https://www.ubereats.com/columbus/food-delivery/munchies-comfort-food-and-drinks/hYUWh-DlRd6A0w6Yf796gQ,whitehall-ohio
https://www.ubereats.com/columbus/food-delivery/send-noods/tH2v3nCiS56CW_NA1OO1gA,whitehall-ohio
https://www.ubereats.com/columbus/food-delivery/avas-taste-of-the-caribbean/xIP5emG-RQiS5y-eMGta6g,whitehall-ohio
https://www.ubereats.com/columbus/food-delivery/kabob-time/bTpUf1coRBC0eLkoCbA-Mg,whitehall-ohio
https://www.ubereats.com/columbus/food-delivery/the-market-italian-village/LgzcvTxiQA6Zzr_MMySc_w,whitehall-ohio
https://www.ubereats.com/columbus/food-delivery/gyro-city-grill/glR9_g4DSWCAhMyFB-f2oQ,whitehall-ohio
https://www.ubereats.com/columbus/food-delivery/just-love-coffee-cafe/Bql5I8NnTXyDR-3rd7yZEg,whitehall-ohio
https://www.ubereats.com/columbus/food-delivery/el-vaquero/9CsWVGvkQBiC0WEksQheDA,whitehall-ohio
https://www.ubereats.com/columbus/food-delivery/daves-cosmic-subs-columbus/DG6jPp3JTCC-3B6xa_p_xA,whitehall-ohio
https://www.ubereats.com/columbus/food-delivery/the-wing-experience-2200-baltimore-reynoldsburg-rd/53RdPfFJQWGfZYTzQsZlbQ,whitehall-ohio
https://www.ubereats.com/columbus/food-delivery/bob-evans-302-6085-gender-road/MOj4TFB5TQu6V79CnR9aUQ,whitehall-ohio
https://www.ubereats.com/columbus/food-delivery/golden-china-express/uptDFHVISymurun68504PQ,whitehall-ohio
https://www.ubereats.com/columbus/food-delivery/bob-evans-340-50-reynoldsburg-new-albany-road/0O_rEAzNSICefECz6jVAwQ,whitehall-ohio
https://www.ubereats.com/columbus/food-delivery/juanitas-tacos-mexican-grill/xlIJoi0wSvyuh90lKOubsQ,whitehall-ohio
https://www.ubereats.com/columbus/food-delivery/mcdonalds-main-%26-brice/UIUBQ1eaT4WNH3t_39q26Q,whitehall-ohio
https://www.ubereats.com/columbus/food-delivery/padthaiguy/lsP-JV6GQoCeaDhQS8xRKw,whitehall-ohio
https://www.ubereats.com/columbus/food-delivery/mr-hibachi/TNOwh2DiRtKdcOlPUW6Lxg,whitehall-ohio
https://www.ubereats.com/columbus/food-delivery/donatos-pizza-2922-noe-bixby-road/0TqW7t6fRg2QyG5xMhT5lw,whitehall-ohio
https://www.ubereats.com/columbus/food-delivery/juergens-bakery/IFDgtmSpToqq4JEEFmENEQ,whitehall-ohio
https://www.ubereats.com/columbus/food-delivery/tee-jayes-country-place-parsons/wTJy2ZSUT8ys36JkQxO4iw,whitehall-ohio
https://www.ubereats.com/columbus/food-delivery/dairy-queen-grill-%26-chill-6545-e-main-st/gQIR15uNSgyPDQwYmHc6AQ,whitehall-ohio
https://www.ubereats.com/columbus/food-delivery/firehouse-subs-4994-north-hamilton-space-b/a9wejpd2S7uwFC0w3sqazw,whitehall-ohio
https://www.ubereats.com/columbus/food-delivery/park-street-poultry-%26-game/t8j3kspQRamt8nL2sdvpHQ,whitehall-ohio
https://www.ubereats.com/columbus/food-delivery/nanas-patties-%26-things/1OobvqfnTyCHgyLwh1Bkeg,whitehall-ohio
https://www.ubereats.com/columbus/food-delivery/tim-hortons-370-s-hamilton-rd/ul-QGcs7QXGEm4tfEbQo5A,whitehall-ohio
https://www.ubereats.com/columbus/food-delivery/bob-evans-436-3988-east-broad-street/ETRSN_v5TEu1GCdKVvkzxg,whitehall-ohio
https://www.ubereats.com/columbus/food-delivery/blocks-bagels-bakery-%26-deli/Ces_mylkRgOdOh6tcGDlSA,whitehall-ohio
https://www.ubereats.com/columbus/food-delivery/ondarunn-grill/IvNBoI3MTcivbwYdei5Oug,whitehall-ohio
https://www.ubereats.com/columbus/food-delivery/taco-bell-1525-n-high-st/RnsLzdVYSRyWOltirT5Hlw,whitehall-ohio
https://www.ubereats.com/columbus/food-delivery/hot-head-burritos-hill-road/2XofssbGSA6-0o55ndlqZQ,whitehall-ohio
https://www.ubereats.com/columbus/food-delivery/bob-evans-416-5205-new-albany-road/8gpMGsP1Rjq7M7WJTBfMTA,whitehall-ohio
https://www.ubereats.com/columbus/food-delivery/little-moon-cafe-and-tea/tXIWuF7oRkuqsn-zkSHD-Q,whitehall-ohio
https://www.ubereats.com/columbus/food-delivery/satori-ramen-bar/KB3s9shDSC2AXXixSVz67g,whitehall-ohio
https://www.ubereats.com/columbus/food-delivery/mr-hibachi/BwvXBJh9T_GASjdpP6VOBQ,whitehall-ohio
https://www.ubereats.com/columbus/food-delivery/greek-express/h1ZokrBxQca0Hth_kSYAVA,whitehall-ohio
https://www.ubereats.com/columbus/food-delivery/arbys-4484-e-main-street/1Cil8HotS2iFEvRPygev0A,whitehall-ohio
https://www.ubereats.com/columbus/food-delivery/basil-restaurant-riverside-drive/XAfXTNkZRXOqtfir9GHy5g,whitehall-ohio
https://www.ubereats.com/columbus/food-delivery/jamaican-me-loco-burritos/iIJyBrSvTpyQNpte2VGK6g,whitehall-ohio
https://www.ubereats.com/columbus/food-delivery/vitality-bowls-1510-stonecreek-dr/fP1Uld1zSjeajG8UMdgw5Q,whitehall-ohio
https://www.ubereats.com/columbus/food-delivery/zaftig-brew-pub-italian-village/ylN4hN97S1aJ15KNHI5SEQ,whitehall-ohio
https://www.ubereats.com/columbus/food-delivery/barleys-brewing-company/ssVwwqiaTSiDOlzKNtFp_g,whitehall-ohio
https://www.ubereats.com/columbus/food-delivery/subway-6347-tussing-rd/ZW1uWYwgTumyFQNxhLXr3A,whitehall-ohio
https://www.ubereats.com/columbus/food-delivery/johnsons-real-ice-cream/Dp4QMFzkRK-Be6ImAK2yzQ,whitehall-ohio
https://www.ubereats.com/columbus/food-delivery/district-north/iQbsmWf3S7ufw1UGKi_iTA,whitehall-ohio
https://www.ubereats.com/columbus/food-delivery/papa-johns-1692-morse-road/KdCqvB93TYaWbnSzNeDoQw,whitehall-ohio
https://www.ubereats.com/columbus/food-delivery/eggwich/LgXvEzIVQiO9aHlZ68Q9xg,whitehall-ohio
https://www.ubereats.com/columbus/food-delivery/crazy-chicken-and-fish/orI-u8NwQqyYBbFm0B6RCw,whitehall-ohio
https://www.ubereats.com/columbus/food-delivery/savor-restaurant/MgM0GULDQ--x7WqvytAyBw,whitehall-ohio
https://www.ubereats.com/columbus/food-delivery/casa-hacienda-grill/QLhzg1fHTuecOtAI4lwrFw,whitehall-ohio
https://www.ubereats.com/columbus/food-delivery/matt-and-tonys-wood-fired-kitchen/zeVqouYPQQWvXBDElw1wPg,whitehall-ohio
https://www.ubereats.com/columbus/food-delivery/wendys-6740-e-broad-street/4c7OsE03Q62rSG_7PkgDRg,whitehall-ohio
https://www.ubereats.com/columbus/food-delivery/the-goat-gahanna/unPiqbx1Qg-SjHC4b4H6QQ,whitehall-ohio
https://www.ubereats.com/columbus/food-delivery/chipotle-mexican-grill-95-n-hamilton-rd/J47k-YEYTbuLE7hLOJhLSQ,whitehall-ohio
https://www.ubereats.com/columbus/food-delivery/gahanna-grill/T2wB45TfQ9OnmvLcUsR7-w,whitehall-ohio
https://www.ubereats.com/columbus/food-delivery/akasan-japanese-street-eats-grandview/lkmM2Wk-TUqBxQTps0T9hg,whitehall-ohio
https://www.ubereats.com/columbus/food-delivery/skinny-bitch-pizza-columbus/JMFH0Pk3T3aKqZ_I5goxpQ,whitehall-ohio
https://www.ubereats.com/columbus/food-delivery/mcdonalds-hamilton-%26-winchester/uWjujCO2Svi0c2nlWufqXA,whitehall-ohio
https://www.ubereats.com/columbus/food-delivery/califlower-pizza-columbus/Ummz2CjbQTyC25eON2CelA,whitehall-ohio
https://www.ubereats.com/columbus/food-delivery/the-original-pancake-house-west-lane-avenue-at-the-shops-at-lane-avenue/NyiWuFq9TB6ZP_epqLur8w,whitehall-ohio
https://www.ubereats.com/columbus/food-delivery/great-asian-restaurant-county-line-rd/vSLexDqcTniWeFaWlO2EMA,whitehall-ohio
https://www.ubereats.com/columbus/food-delivery/jano-restaurant/nKao_jCqTfm02hAEqbtYfg,whitehall-ohio
https://www.ubereats.com/columbus/food-delivery/bellacinos-pizza-%26-grinders-4926-morse-rd/DY6uPwiSRuScwboFnYpEIw,whitehall-ohio
https://www.ubereats.com/columbus/food-delivery/the-pit-bbq-grille/XFulcnaQQ42ud4z2moRaFg,whitehall-ohio
https://www.ubereats.com/columbus/food-delivery/red-robin-299-1635-stringtown-rd/MoNQ6-M1SkGkUXZ6f5cuew,whitehall-ohio
https://www.ubereats.com/columbus/food-delivery/taco-bell-6140-sunbury-rd/2SZWd1oZT764mXQXBduOLg,whitehall-ohio
https://www.ubereats.com/columbus/food-delivery/b*tch-dont-grill-my-cheese/nSXanpvqSDWYFIARC1K44A,whitehall-ohio
https://www.ubereats.com/columbus/food-delivery/jonys-sushi/JPk4MmrRTlW7HCJZk4ihNw,whitehall-ohio
https://www.ubereats.com/columbus/food-delivery/arbys-2720-brice-rd/IUp-RTB_TSaLdPAlEJvPEA,whitehall-ohio
https://www.ubereats.com/columbus/food-delivery/rio-fresh-organic-%26-fresh/ov2x-OV-SV2jNWT9vVFcgQ,whitehall-ohio
https://www.ubereats.com/columbus/food-delivery/piece-of-chicago-carryout/UTT9pvzTRduTEUwInicmOg,whitehall-ohio
https://www.ubereats.com/columbus/food-delivery/starbucks-german-village-e-livingston-ave/IDOAVx_DTWeogBQg25VjYw,whitehall-ohio
https://www.ubereats.com/columbus/food-delivery/my-big-fat-gyro/_U3IbdRVRgajaJtr3GKGPA,whitehall-ohio
https://www.ubereats.com/columbus/food-delivery/jersey-mikes-1213-hill-rd-n/Bf4RdjcKQImk1Aap6HzOVw,whitehall-ohio
https://www.ubereats.com/columbus/food-delivery/blue-agave-johnstown-%26-walton/JjuuzD3VTTy0384FSj4Leg,whitehall-ohio
https://www.ubereats.com/columbus/food-delivery/fronteras-restaurant/Q7HjphaJT2SLl6k9g91lzQ,whitehall-ohio
https://www.ubereats.com/columbus/food-delivery/popeyes-2297-s-hamilton-road/fN0xYbsuQ9GdWOCYkh-XEg,whitehall-ohio
https://www.ubereats.com/columbus/food-delivery/starbucks-nationwide-arena/_nNKeFCmRqGcsn0gFeVCnQ,whitehall-ohio
https://www.ubereats.com/columbus/food-delivery/puerto-vallarta/9XzZGI80TGaIX_4DEWxtfg,whitehall-ohio
https://www.ubereats.com/columbus/food-delivery/dans-drive-in/uHAcqKdLTgez-WXZtqU8ZA,whitehall-ohio
https://www.ubereats.com/columbus/food-delivery/papa-johns-1201-hill-rd-north/RGpPF_H4TTWNW2RXpFZ7pQ,whitehall-ohio
https://www.ubereats.com/columbus/food-delivery/fames-diner/I-Cg3vDNTB-1P5BuT5aszg,whitehall-ohio
https://www.ubereats.com/columbus/food-delivery/bibibop-asian-grill-6977-e-broad-street/lrzoVo5hTfmp4_Xrbaabyg,whitehall-ohio
https://www.ubereats.com/columbus/food-delivery/kfc-688-e-5th-avenue/4H3XPuIfTDCNlcOiKYEqtA,whitehall-ohio
https://www.ubereats.com/columbus/food-delivery/double-barrel-kitchen-%26-bar/oy_2P1hGSEmAxboA7eeWSw,whitehall-ohio
https://www.ubereats.com/columbus/food-delivery/pizza-fresca/AuTZEnd3QR6lN19N7L433Q,whitehall-ohio
https://www.ubereats.com/columbus/food-delivery/wolfs-ridge-brewing/3HoXdMhDSZWmTHJV6JAyXw,whitehall-ohio
https://www.ubereats.com/columbus/food-delivery/3dx-chicken-and-fish-baskets/YHaGLaFqRt-Va5t2CK1_ig,whitehall-ohio
https://www.ubereats.com/columbus/food-delivery/dairy-queen-treat-541-hill-rd-n/KHKRLLL7T0-vNiZKLf5hGQ,whitehall-ohio
https://www.ubereats.com/columbus/food-delivery/bob-evans-26-443-morrison-road/rxTE3DVVTHegA9Nnzf1-gw,whitehall-ohio
https://www.ubereats.com/columbus/food-delivery/lolas-pizza/mlaEndATQtmXSMqEJFSaJw,whitehall-ohio
https://www.ubereats.com/columbus/food-delivery/tgi-fridays-2694-reynoldsburg-oh/P5XRG2rnRfWiLiStMOX7fA,whitehall-ohio
https://www.ubereats.com/columbus/food-delivery/tiny-buns/qhXAe-SYT3iIswEaoribQw,whitehall-ohio
https://www.ubereats.com/columbus/food-delivery/poke-bros-downtown-columbus/TwEoXz7GRO2blQtVZxFVpQ,whitehall-ohio
https://www.ubereats.com/columbus/food-delivery/planks-bier-garten/p9TX_R02QJiWJWCi4wsPeQ,whitehall-ohio
https://www.ubereats.com/columbus/food-delivery/teriyaki-express-livingston-ave-columbus-oh/2pLlj9VyRIK6jtRcvG8MBA,whitehall-ohio
https://www.ubereats.com/columbus/food-delivery/royal-burger/k4Q8mQVfRjS2mSldPErvUQ,whitehall-ohio
https://www.ubereats.com/columbus/food-delivery/yogis-hoagies/nxfbEb2nQe-OrrdIKTONcA,whitehall-ohio
https://www.ubereats.com/columbus/food-delivery/berry-blendz/1esv0EI9Sk-uTf_mJOVh9w,whitehall-ohio
https://www.ubereats.com/columbus/food-delivery/milos-grill-room/vwvkD1OsTJ2onIw__odlIQ,whitehall-ohio
https://www.ubereats.com/columbus/food-delivery/blessed-burrito-bowls/PdfRO6L9RgWFhRxGjZILbQ,whitehall-ohio
https://www.ubereats.com/columbus/food-delivery/mccormick-%26-schmicks-3965-new-bond-street/iVI3Mau4SjGapQbQzGCzDw,whitehall-ohio
https://www.ubereats.com/columbus/food-delivery/the-spaghetti-warehouse/5dADNP29T1Sy0QAypXL_kA,whitehall-ohio
https://www.ubereats.com/columbus/food-delivery/zoup!-eatery-4189-weaverton-lane/gpg2C3x6TyKwhhIbF_7Nlw,whitehall-ohio
https://www.ubereats.com/columbus/food-delivery/fusian-easton/SaZTAeAHS16DecwBwwcPgw,whitehall-ohio
https://www.ubereats.com/columbus/food-delivery/sunny-%26-fines-breakfast-burritos/mbDtAdM1SWahxkVq0QeeIg,whitehall-ohio
https://www.ubereats.com/columbus/food-delivery/boston-market-2741-e-main-street/5O22_Pb6TMyQd9euHvjIJw,whitehall-ohio
https://www.ubereats.com/columbus/food-delivery/kfc-3819-e-broad-st/6pa0_zchT7OQkVWQdWmhhA,whitehall-ohio
https://www.ubereats.com/columbus/food-delivery/jenis-splendid-ice-creams-900-mohawk-st/LDMuW0M-QQSJdxyPGmUlxw,whitehall-ohio
https://www.ubereats.com/columbus/food-delivery/the-nutrition-factory-columbus/AwBMknikTWSldLAqhrBPVw,whitehall-ohio
https://www.ubereats.com/columbus/food-delivery/buffalo-wild-wings-2151-n-high-st/G4cu7O7pRw2h0YFP_SM2qA,whitehall-ohio
https://www.ubereats.com/columbus/food-delivery/starbucks-olentangy-river-road/mVBiECrqQj6WfLGpogBO1A,whitehall-ohio
https://www.ubereats.com/columbus/food-delivery/subway-3912-e-broad-st/c5FZvlOhS_GimckyIDy8EQ,whitehall-ohio
https://www.ubereats.com/columbus/food-delivery/raphaels-soul-food-cafe/cuYfC1XAQ0iBm9JkdBSeYQ,whitehall-ohio
https://www.ubereats.com/columbus/food-delivery/kfc-3663-south-high-street/HCvBEJDtTb2dkQyhoAjDbg,whitehall-ohio
https://www.ubereats.com/columbus/food-delivery/aracri-pizzeria/v2dnc_hXSJKHMv6y_RMGkA,whitehall-ohio
https://www.ubereats.com/columbus/food-delivery/brio-3993-easton-station/6XpP-wYlQ0S8YYwhjoaV5A,whitehall-ohio
https://www.ubereats.com/columbus/food-delivery/bjs-restaurant-%26-brewhouse-4020-steltzer-rd/I9-7t4v_Sl2erf0G08lTeA,whitehall-ohio
https://www.ubereats.com/columbus/food-delivery/chipotle-mexican-grill-1291-hill-rd-n/kra7_6qmRIa7_lWXgO-BBg,whitehall-ohio
https://www.ubereats.com/columbus/food-delivery/boston-stoker-coffee-co/dYGP0bpPRAi3fcb4vOOWtw,whitehall-ohio
https://www.ubereats.com/columbus/food-delivery/nada-columbus/qbC8ESOeSoi_U_bDthXSzg,whitehall-ohio
https://www.ubereats.com/columbus/food-delivery/mezze-hamilton/TAqTfQaQTmyMX1Si9xMFRg,whitehall-ohio
https://www.ubereats.com/columbus/food-delivery/wtf-is-a-quesarito!/mIxR5AI6RlmRv14VsbRrVw,whitehall-ohio
https://www.ubereats.com/columbus/food-delivery/taste-of-trini-tot/sz7ddWYzRaGnfKMp8IPXwA,whitehall-ohio
https://www.ubereats.com/columbus/food-delivery/barroluco-argentine-comfort-food/4fjeFoVPTuybvQ6EvYlTaw,whitehall-ohio
https://www.ubereats.com/columbus/food-delivery/mcdonalds-broad-%26-weyant/yTY_JMpQSBWLtIr7_9zSEg,whitehall-ohio
https://www.ubereats.com/columbus/food-delivery/chi-thai-restaurant/u1wbL1JnQfSeAy0M-bZ24g,whitehall-ohio
https://www.ubereats.com/columbus/food-delivery/wendys-1054-e-broad-st/R144NYRcS4CV7uKvfOVXdg,whitehall-ohio
https://www.ubereats.com/columbus/food-delivery/hot-head-burritos-hamilton-rd/GCis70_hSXml3o23CRHLXQ,whitehall-ohio
https://www.ubereats.com/columbus/food-delivery/las-carretas-mexican-restaurant-and-cantina/PrRsekMAT36c9dYC_Svb5w,whitehall-ohio
https://www.ubereats.com/columbus/food-delivery/rallys-6101-east-main-street/UPgmmZXkRGC5sl6mKs0Rww,whitehall-ohio
https://www.ubereats.com/columbus/food-delivery/arbys-2467-s-hamilton-rd/4If7PDc_TxWUGEicclfM1A,whitehall-ohio
https://www.ubereats.com/columbus/food-delivery/sakura-japanese-hibachi-%26-sushi/PaaUFZ2qRuiKMyx0bZmr3Q,whitehall-ohio
https://www.ubereats.com/columbus/food-delivery/chicken-n-eggs/PfXdA5HTTRC0lB1qTTfccQ,whitehall-ohio
https://www.ubereats.com/columbus/food-delivery/wendys-77-granville-street/WyGGKqzySSSmRBG8B-NXgg,whitehall-ohio
https://www.ubereats.com/columbus/food-delivery/go-go-gyro-grill/pzYULqJgTW-2JFgiix_6Cw,whitehall-ohio
https://www.ubereats.com/columbus/food-delivery/sushi-time/ie5OmzMzRjyVSeH0bnO8CA,whitehall-ohio
https://www.ubereats.com/columbus/food-delivery/steak-n-shake-1759-stringtown-road/DLHbPuejTaSYoG_eivueJQ,whitehall-ohio
https://www.ubereats.com/columbus/food-delivery/bexley-premier-restaurant/8UITkPSHTqWBcBKBJbo_LQ,whitehall-ohio
https://www.ubereats.com/columbus/food-delivery/tim-hortons-365-agler-rd/scWC7IQATmq4FnPdvon-yg,whitehall-ohio
https://www.ubereats.com/columbus/food-delivery/feed-me!-sandwich-kings!/40migWJyStqxnBjrdcxdlw,whitehall-ohio
https://www.ubereats.com/columbus/food-delivery/juniors-bar-%26-grill/v0aIadEcRgiWf6sitF_DKg,whitehall-ohio
https://www.ubereats.com/columbus/food-delivery/cold-stone-creamery-1776-stringtown-road/ZbpWF4ViQASECR2urpeCKw,whitehall-ohio
https://www.ubereats.com/columbus/food-delivery/tee-jayes-country-place-broad-st/Eu0MCrOcSV-U8zqF7h2rCg,whitehall-ohio
https://www.ubereats.com/columbus/food-delivery/makkak-restaurant/PZpibmu-RM-LEbYgeShdQA,whitehall-ohio
https://www.ubereats.com/columbus/food-delivery/mr-wok-restaurant/KbKQBry-QZWzk8fEnJverg,whitehall-ohio
https://www.ubereats.com/columbus/food-delivery/cracker-barrel-old-country-store-1860-winderly-lane/qLmefp5jR9qna4LzqguO0w,whitehall-ohio
https://www.ubereats.com/columbus/food-delivery/tiger-%2B-lily/QsyZerN2T4ykODP6akUQWw,whitehall-ohio
https://www.ubereats.com/columbus/food-delivery/five-guys-oh-0458-220-easton-town-ctr/HlkauDdXQmmz92CRI-H2Vg,whitehall-ohio
https://www.ubereats.com/columbus/food-delivery/alpine-restaurant/5agduP1NT7Oxzx7_bNQKrQ,whitehall-ohio
https://www.ubereats.com/columbus/food-delivery/taco-bell-3402-cleveland-ave/Mja_hwXbSaWNgpciv6-d6Q,whitehall-ohio
https://www.ubereats.com/columbus/food-delivery/pitabilities-cross-pointe-rd/bCYAwGkwS4u33mz2rOef4A,whitehall-ohio
https://www.ubereats.com/columbus/food-delivery/rallys-3260-e-broad-street/OLeorrgZQ3S0BcGty8d0zA,whitehall-ohio
https://www.ubereats.com/columbus/food-delivery/jets-pizza-gahanna/Lialsk_aT4ew5gyvDHu9VA,whitehall-ohio
https://www.ubereats.com/columbus/food-delivery/papa-johns-2354-stringtown-rd/dC_TFtmATcqJ1XUHitzj8Q,whitehall-ohio
https://www.ubereats.com/columbus/food-delivery/chipotle-mexican-grill-2484-e-main-st/EPgo1AsBSDSs_g_4PhGOXw,whitehall-ohio
https://www.ubereats.com/columbus/food-delivery/cazuelas-grill/Eucf1goBRrOx31xF-tNdCQ,whitehall-ohio
https://www.ubereats.com/columbus/food-delivery/chipotle-mexican-grill-695-w-waterloo-st/HEl8yK-TS9OdGcdT055xIw,whitehall-ohio
https://www.ubereats.com/columbus/food-delivery/texas-de-brazil-columbus/v8RTzbULRF6yU6ZCYvCLAA,whitehall-ohio
https://www.ubereats.com/columbus/food-delivery/graeters-pickerington/yAPgUi48Q9CZP5nK6VLkPA,whitehall-ohio
https://www.ubereats.com/columbus/food-delivery/asian-kitchen/YrJVNp9uSzGRcrFXryWAZA,whitehall-ohio
https://www.ubereats.com/columbus/food-delivery/popeyes-2135-e-livingston-ave/P4jV1cJBQxC1Lq6Zq5Mgfw,whitehall-ohio
https://www.ubereats.com/columbus/food-delivery/wendys-4381-refugee-road/BIpp1nrXR8q8rsBVcf5OtA,whitehall-ohio
https://www.ubereats.com/columbus/food-delivery/ash%2Bem/-zO-59HeSrinwdsryX8Okg,whitehall-ohio
https://www.ubereats.com/columbus/food-delivery/nonnis-pizza/WUUo0GipTmW9sKj-5HjbNQ,whitehall-ohio
https://www.ubereats.com/columbus/food-delivery/the-good-kitchen-614/s6tnqB0bS0Oo8BLIk5dUHQ,whitehall-ohio
https://www.ubereats.com/columbus/food-delivery/new-hunan-king/Nsw63xDhTPqpZE9_cCGtrw,whitehall-ohio
https://www.ubereats.com/columbus/food-delivery/bob-evans-138-1879-stringtown-road/w1Hj9vD4RgOhMeFE5wf2fQ,whitehall-ohio
https://www.ubereats.com/columbus/food-delivery/wing-squad-columbus/WO1WyDWuSF2SW9xLEYUf3Q,whitehall-ohio
https://www.ubereats.com/columbus/food-delivery/halal-pizza-cafe/8OlHKO0zQ0K-z30v-n9POQ,whitehall-ohio
https://www.ubereats.com/columbus/food-delivery/rallys-3187-cleveland-avenue/O5LBH8sFRii7dHEppautQg,whitehall-ohio
https://www.ubereats.com/columbus/food-delivery/papa-johns-4683-morse-rd/0zQc_qOGR9mha9ZW92xAOQ,whitehall-ohio
https://www.ubereats.com/columbus/food-delivery/union-cafe/4xZkuV_DRkWrt_dvON1USw,whitehall-ohio
https://www.ubereats.com/columbus/food-delivery/matt-and-tonys-at-home/WqTGRBdfTdq5FOCPbL8hBw,whitehall-ohio
https://www.ubereats.com/columbus/food-delivery/captain-ds-1959-innis-road/N7sevjs0TJG1BjJhRzNrVA,whitehall-ohio
https://www.ubereats.com/columbus/food-delivery/steak-escape-4243-eastland-mall/LCrVgXw2ReGpHH3Hjidi2w,whitehall-ohio
https://www.ubereats.com/columbus/food-delivery/papa-johns-503-south-state-street/vDpJb54DQFaTRTF-WwryKw,whitehall-ohio
https://www.ubereats.com/columbus/food-delivery/taco-bell-3944-e-broad-st/pPa_hTF4SSabdEO1POhtqA,whitehall-ohio
https://www.ubereats.com/columbus/food-delivery/jenis-splendid-ice-creams-easton/23yg1VaMR5m9OCLkndu4Ag,whitehall-ohio
https://www.ubereats.com/columbus/food-delivery/yak-n-yeti-cafe/R1_Dr_UDQ7uxe-nTlqm4OA,whitehall-ohio
https://www.ubereats.com/columbus/food-delivery/harry-buffalo-westerville/6s5Cjo_OTO-e3Qf263Aq1Q,whitehall-ohio
https://www.ubereats.com/columbus/food-delivery/ibex-ethiopian-restaurant/2Wb3B0XkREKGmS8qtenSVw,whitehall-ohio
https://www.ubereats.com/columbus/food-delivery/smokey-bones-easton/8KI5pGNbRh-X378OjICGfQ,whitehall-ohio
https://www.ubereats.com/columbus/food-delivery/egg-the-f*-out/uPleTPA_TbCUXdyUw8xaVA,whitehall-ohio
https://www.ubereats.com/columbus/food-delivery/mikeys-late-night-slice-short-north/ZzO6KE_BSXa-hdo9lozZGQ,whitehall-ohio
https://www.ubereats.com/columbus/food-delivery/chipotle-mexican-grill-1000-n-high-st/v6q1vfywQz2ounK9mEF5zg,whitehall-ohio
https://www.ubereats.com/columbus/food-delivery/rallys-837-s-hamilton-rd/c0EAxDy1QFCgW3DSjf-RaQ,whitehall-ohio
https://www.ubereats.com/columbus/food-delivery/golden-corral-4750-e-main-st/wb8xK65UTdabcZIzqYA7TA,whitehall-ohio
https://www.ubereats.com/columbus/food-delivery/starbucks-6264-east-broad-street/9G6R-n7fSzeDykb7mTS-9w,whitehall-ohio
https://www.ubereats.com/columbus/food-delivery/the-goat-riversouth/pyIHyT6yRdSrSeM3ncigNw,whitehall-ohio
https://www.ubereats.com/columbus/food-delivery/bob-evans-12-3800-south-high-street/coh6T_YJRby3LvkOSqFcyg,whitehall-ohio
https://www.ubereats.com/columbus/food-delivery/charleys-philly-steaks-400-n-high-st-%23162/IqqXBjFFRZaCjNbnzgGxZg,whitehall-ohio
https://www.ubereats.com/columbus/food-delivery/hoyos-kitchen/ydPOj_RHRRWz5_nfsvCSWA,whitehall-ohio
https://www.ubereats.com/columbus/food-delivery/ice-cream-rollery/eLQb4uJLSsW3sGeKp3SVlw,whitehall-ohio
https://www.ubereats.com/columbus/food-delivery/pub-grub-deli/_r5KAAJPTa6oNXRVyzpoCw,whitehall-ohio
https://www.ubereats.com/columbus/food-delivery/chipotle-mexican-grill-4750-morse-rd/xpU2ZrqKTcKvx0L4ijI6dA,whitehall-ohio
https://www.ubereats.com/columbus/food-delivery/arequipe/yCBTllCVSfWVqtc4QP-x2w,whitehall-ohio
https://www.ubereats.com/columbus/food-delivery/cazuelas-grill-gateway/W8_uizP7TpCwpRxxWjzeVg,whitehall-ohio
https://www.ubereats.com/columbus/food-delivery/ampersand/mTqqESXAQDafnD5x1rQM0w,whitehall-ohio
https://www.ubereats.com/columbus/food-delivery/dairy-queen-treat-1779-stringtown-rd/WIStjNCxSPyLY6IyvoxfqA,whitehall-ohio
https://www.ubereats.com/columbus/food-delivery/pastaria-and-sarefinos/uoFpNjfLQqi8sORQ9y7v4A,whitehall-ohio
https://www.ubereats.com/columbus/food-delivery/anthonys-pizzeria/KloVhx1IRBWiwY3PcCcXEw,whitehall-ohio
https://www.ubereats.com/columbus/food-delivery/brownie-points/xV6BSG1PSG-wf_gH_wZPNg,whitehall-ohio
https://www.ubereats.com/columbus/food-delivery/subway-604-morrison-rd/3xlaCGALRr-CtuIGL-YpPQ,whitehall-ohio
https://www.ubereats.com/columbus/food-delivery/schmidts-sausage-haus-und-restaurant/ppnKlYV9TUSmkO6aavKvpg,whitehall-ohio
https://www.ubereats.com/columbus/food-delivery/feros-pizza/iMzhFge7S5eizX9aJi5FsA,whitehall-ohio
https://www.ubereats.com/columbus/food-delivery/the-goat-new-albany/AYgVe5g8RfKzKDFJ6w77GQ,whitehall-ohio
https://www.ubereats.com/columbus/food-delivery/honeybaked-ham-6085-mcnaughten-center/FuehYfoBQWCHMHHZHYoO5Q,whitehall-ohio
https://www.ubereats.com/columbus/food-delivery/tim-hortons-3623-shigh-st/1PQ_vXuET9O48u9z1-LPGw,whitehall-ohio
https://www.ubereats.com/columbus/food-delivery/bubbles-tea-%26-juice-co-easton-town-ctr/XZgK4rT_SDyB3whb0sj5HA,whitehall-ohio
https://www.ubereats.com/columbus/food-delivery/omezzo-italian/Wf1VivAxQkO9jIHBoRPMHA,whitehall-ohio
https://www.ubereats.com/columbus/food-delivery/power-lunch/RyYbbBgJSxyE6z03T6uOSw,whitehall-ohio
https://www.ubereats.com/columbus/food-delivery/burger-king-3923-east-broad-street/REn062wcQCKPjiegQe91rA,whitehall-ohio
https://www.ubereats.com/columbus/food-delivery/pochi-cafe/pI2bVxVWSOuESCVw4OaihQ,whitehall-ohio
https://www.ubereats.com/columbus/food-delivery/kfc-1414-harrisburg-pike/abtZz82AStOZsU38eswKVw,whitehall-ohio
https://www.ubereats.com/columbus/food-delivery/wendys-2133-e-livingston-ave/02W4TU_ZRF68RUexHIKlIQ,whitehall-ohio
https://www.ubereats.com/columbus/food-delivery/willowbeez-soulveg/ciR6IrtvSbGG70UD7w7XUQ,whitehall-ohio
