url,city
https://www.ubereats.com/nw-indiana/food-delivery/quaker-steak-%26-lube-2510-burr-st/oRR_cS28QKqjGaswlmXldw,whiting-indiana
https://www.ubereats.com/nw-indiana/food-delivery/the-hummus-pit/bNhc8eltQ52gOBGnH9fNqQ,whiting-indiana
https://www.ubereats.com/nw-indiana/food-delivery/ihop-indianapolis-blvd/wVf30nHSQr-9bsCPA9u-UQ,whiting-indiana
https://www.ubereats.com/nw-indiana/food-delivery/cracker-barrel-old-country-store-7750-corinne-drive/aL6dDn58Sa-35iqnSCG4Yg,whiting-indiana
https://www.ubereats.com/nw-indiana/food-delivery/dunkin-1531-indianapolis-blvd/YIEg7k9lSNKDBbr-kyhU6A,whiting-indiana
https://www.ubereats.com/nw-indiana/food-delivery/tzatziki-greek-street-food/XIdhFlQRS8CUjG_INURzyw,whiting-indiana
https://www.ubereats.com/nw-indiana/food-delivery/papa-johns-7244-indianapolis-blvd/K_H8RpmkQUC7a5Sf9z6Rqw,whiting-indiana
https://www.ubereats.com/nw-indiana/food-delivery/potbelly-sandwich-shop-munster-%7C-405/tMEm2VZJQxamC1NE7GznPg,whiting-indiana
https://www.ubereats.com/nw-indiana/food-delivery/sharks-fish-%26-chicken/T9lAz-AqSS-1PCJVvy2ibQ,whiting-indiana
https://www.ubereats.com/nw-indiana/food-delivery/harolds-chicken-hammondin/hbEQoFdETcOScqHNB0XUTw,whiting-indiana
https://www.ubereats.com/nw-indiana/food-delivery/kfc-4120-s-calumet-avenue/RnQvut4uQH20H9s2zZlBlA,whiting-indiana
https://www.ubereats.com/nw-indiana/food-delivery/applebees-330-ridge-road/H8mgGFS5T3qxaTW-8rQwzQ,whiting-indiana
https://www.ubereats.com/nw-indiana/food-delivery/fatboys-phillys-%26-fresh-lemonade-inc/Y-quULi3TYSh5OcY0-xF-Q,whiting-indiana
https://www.ubereats.com/nw-indiana/food-delivery/stella-vie-cafe/0ms8ryKET9CokpHcm4vecg,whiting-indiana
https://www.ubereats.com/nw-indiana/food-delivery/ice-cream-on-wheels/VGZYVjDiSbiV47X8c19O5Q,whiting-indiana
https://www.ubereats.com/nw-indiana/food-delivery/popeyes-922-indianapolis-blvd/V9d0XXPBQ6-2vFBBO4zOQA,whiting-indiana
https://www.ubereats.com/nw-indiana/food-delivery/white-castle-4632-calumet-ave/OCvLghPNQ6SMQdbw-94ncQ,whiting-indiana
https://www.ubereats.com/nw-indiana/food-delivery/meatheads-munster/tv_ZmCAcTe-mY7_O2G3x0g,whiting-indiana
https://www.ubereats.com/nw-indiana/food-delivery/pj-fresh-2501-burr-street/Hi7mXMwlTDeMYUXfC1AH0Q,whiting-indiana
https://www.ubereats.com/nw-indiana/food-delivery/tgi-fridays-2680-schererville-in/BnfNSYcURjOJzoDHTJwI-w,whiting-indiana
https://www.ubereats.com/nw-indiana/food-delivery/steak-n-shake-312-n-us-41/klR4VmigTCCFDi55thkdxw,whiting-indiana
https://www.ubereats.com/nw-indiana/food-delivery/golden-gloves-cuisine/9IbwaPiBR1CIcdZmqQazdg,whiting-indiana
https://www.ubereats.com/nw-indiana/food-delivery/papas-soul-food-and-grill/oK4dKvOqRiqcq2xkSpQDPw,whiting-indiana
https://www.ubereats.com/nw-indiana/food-delivery/cinnabon-baked-at-pilot-2501-burr-street/FCXQShKTQPSI0hYHiigypQ,whiting-indiana
https://www.ubereats.com/nw-indiana/food-delivery/babas-east-chicago-in/3R1yFEzGRqufHhdan5Ibzg,whiting-indiana
https://www.ubereats.com/nw-indiana/food-delivery/sharks-fish-%26-chicken-euclid-ave/xpAT30E7SHSmarIVPWNKyA,whiting-indiana
https://www.ubereats.com/nw-indiana/food-delivery/la-asada-723/uyPBBbUfQKO5x6lVp5EtPQ,whiting-indiana
https://www.ubereats.com/nw-indiana/food-delivery/riviera-restaurant/CCPaSKPJR0-isTVAMytL5A,whiting-indiana
https://www.ubereats.com/nw-indiana/food-delivery/sharks-fish-and-chicken/viCbQKNpTSiBBZ8AkDcdng,whiting-indiana
https://www.ubereats.com/nw-indiana/food-delivery/dunkin-1705-e-columbus-dr/N0BUFElYQ-eBd-veZVLR9Q,whiting-indiana
https://www.ubereats.com/nw-indiana/food-delivery/mcdonalds-3639-169th-st/Y4B2mkyBS6KGQke0MKxqzw,whiting-indiana
https://www.ubereats.com/nw-indiana/food-delivery/soul-kantina/tnU8uTrTSu-3ev0zdVXSjg,whiting-indiana
https://www.ubereats.com/nw-indiana/food-delivery/flat-rock-tap/f0q-qPCGTa299oQkQvBPTA,whiting-indiana
https://www.ubereats.com/nw-indiana/food-delivery/dunkin-4614-calumet-ave/8VjIuY6gTHyRGPlrpR4mHQ,whiting-indiana
https://www.ubereats.com/nw-indiana/food-delivery/san-luis-restaurant/3OuAtofDTemfAl_5b_iljg,whiting-indiana
https://www.ubereats.com/nw-indiana/food-delivery/boston-market-8032-calumet-ave/7F6noSGST06zPRLl-9oAWg,whiting-indiana
https://www.ubereats.com/nw-indiana/food-delivery/arnies-dog-house-whiting/6ECEwtjpTZuWiiabdXbqKw,whiting-indiana
https://www.ubereats.com/nw-indiana/food-delivery/jj-fish-%26-chicken-hammond/WWHoXmiZSk-QRKqR40y-8A,whiting-indiana
https://www.ubereats.com/nw-indiana/food-delivery/el-gran-taco-east-chicago/nUSNnCDVSIC4AbsV0HsGIg,whiting-indiana
https://www.ubereats.com/nw-indiana/food-delivery/mcdonalds-1811-e-columbus-drive/M9ZqnPy2TfeEFxGUF03MJA,whiting-indiana
https://www.ubereats.com/nw-indiana/food-delivery/emerald-green-at-lost-marsh/6bL2N9wJSzGlhGNx3wuwvg,whiting-indiana
https://www.ubereats.com/nw-indiana/food-delivery/schoops-hamburgers-hammond/HOFWwMRYRqS7KmEuyt6Cdg,whiting-indiana
https://www.ubereats.com/nw-indiana/food-delivery/whihala-ice-cream/qa-WQzYhQa6TOLd6WImX7A,whiting-indiana
https://www.ubereats.com/nw-indiana/food-delivery/super-submarine/zpG6icK6QvW93_3c1xK8Bg,whiting-indiana
https://www.ubereats.com/nw-indiana/food-delivery/white-castle-3956-guthrie/gpWgx_V9TK-B8vAG2YiFuw,whiting-indiana
https://www.ubereats.com/nw-indiana/food-delivery/taqueria-mi-jalisco/5v43yKibQTqqqpJjyWD7dA,whiting-indiana
https://www.ubereats.com/nw-indiana/food-delivery/papa-johns-8541-a-hohman-ave/kCTXs57RRmWzF6_r-oq_4g,whiting-indiana
https://www.ubereats.com/nw-indiana/food-delivery/riviera-restaurant-ridge-rd/PVACWlEtTg23O9n3-nqSZQ,whiting-indiana
https://www.ubereats.com/nw-indiana/food-delivery/capriottis-902-roby-drive/oXyXDW02RlW0xLxLWhMWZw,whiting-indiana
https://www.ubereats.com/nw-indiana/food-delivery/the-simple-greek/Zs6CEpV7ToGxLseJXp0J3Q,whiting-indiana
https://www.ubereats.com/nw-indiana/food-delivery/buffalo-wild-wings-2942-carlson-dr/f3osW-cFQxiMwmvSgCFq5g,whiting-indiana
https://www.ubereats.com/nw-indiana/food-delivery/taco-bell-4605-calumet-avenue/OCWHavDcToGe4_HMtHZRcw,whiting-indiana
https://www.ubereats.com/nw-indiana/food-delivery/loven-oven/KgeUWtA6QMC6tsOqYmW5Cw,whiting-indiana
https://www.ubereats.com/nw-indiana/food-delivery/love-oven/EhzLzR18T6qfzoaYCepjtQ,whiting-indiana
https://www.ubereats.com/nw-indiana/food-delivery/sharks-fish-and-chicken-1200-broadway/UsQhwFCZSiC2j1XLrFVKZw,whiting-indiana
https://www.ubereats.com/nw-indiana/food-delivery/pepes-mexican-restaurant-griffith/4NBdNnpHTh-pCRAti9nYZA,whiting-indiana
https://www.ubereats.com/nw-indiana/food-delivery/red-lobster-9311-calumet-avenue/mF3EjOH9RdS70XQJygvKpQ,whiting-indiana
https://www.ubereats.com/nw-indiana/food-delivery/mcdonalds-7420-kennedy-avenue/8Wh09vAMQc6ngpbYGIAulA,whiting-indiana
https://www.ubereats.com/nw-indiana/food-delivery/street-shack/UX9_n5ZaSa6eVUjJFJ9eMQ,whiting-indiana
https://www.ubereats.com/nw-indiana/food-delivery/hoagies-legacy/ECQxV_zgTa-aWZGpeBIwvg,whiting-indiana
https://www.ubereats.com/nw-indiana/food-delivery/subway-2204-columbus-dr/J_i6JzL1QV6rk02DBoWxHQ,whiting-indiana
https://www.ubereats.com/nw-indiana/food-delivery/boss-man-tacos/73flnBPTTZGMwEdqm9X9Qg,whiting-indiana
https://www.ubereats.com/nw-indiana/food-delivery/la-cabana/zT0Xitb4S2WZUBjliOtzTw,whiting-indiana
https://www.ubereats.com/nw-indiana/food-delivery/taco-bell-6527-indianapolis-blvd/Fl7ifBVdSGedPjTf_UWuYQ,whiting-indiana
https://www.ubereats.com/nw-indiana/food-delivery/five-guys-in-1527-8231-calumet-ave/WTz1mJMiRyWjENHFkny25w,whiting-indiana
https://www.ubereats.com/nw-indiana/food-delivery/mcdonalds-1822-indianapolis-blvd/TXET8JkqSrSEI2aRllN4rg,whiting-indiana
https://www.ubereats.com/nw-indiana/food-delivery/gomez-tacos-%26-pizza/VT6z6EGrTp-IGPoKRdPJBg,whiting-indiana
https://www.ubereats.com/nw-indiana/food-delivery/mcdonalds-calumet-ave-%26-chicago-ave/qnhjrp5YQb-JTDzkyQVl8g,whiting-indiana
https://www.ubereats.com/nw-indiana/food-delivery/buy-n-save/_a3H4qrDSU-xQ83dR5tTxA,whiting-indiana
https://www.ubereats.com/nw-indiana/food-delivery/philly-cheese-steaks%26-fresh-lemonade/sSMaUovPRdSAmib6EanBcg,whiting-indiana
https://www.ubereats.com/nw-indiana/food-delivery/sharks/pc07kJavQMC5MrDpHEeksg,whiting-indiana
https://www.ubereats.com/nw-indiana/food-delivery/jj-fish-%26-chicken-6846-calumet-ave/z8raxNbVTo6e5zqa2p9CLA,whiting-indiana
https://www.ubereats.com/nw-indiana/food-delivery/kfc-900-broadway/bMp7j9TmRcGtIvLHyLhhZA,whiting-indiana
https://www.ubereats.com/nw-indiana/food-delivery/mishkenut-mediterranean-cuisine/tUMNffOITIiw1ZoJgibzFQ,whiting-indiana
https://www.ubereats.com/nw-indiana/food-delivery/arbys-8100-calumet-ave/nek5eFK2S5KIgSpRY9jeHA,whiting-indiana
https://www.ubereats.com/nw-indiana/food-delivery/burger-king-621-west-chicago-avenue/qcMzOw7UTtSlPvvvsBOMzA,whiting-indiana
https://www.ubereats.com/nw-indiana/food-delivery/chipotle-mexican-grill-8201-calumet-ave/on3--jLVRIiGXHgyhib7ZQ,whiting-indiana
https://www.ubereats.com/nw-indiana/food-delivery/grillers/7T2hstXBT-qNUI7tOmVHqw,whiting-indiana
https://www.ubereats.com/nw-indiana/food-delivery/swiftys-chicken-pizza-and-things/DgTiYDd-Sg-yST7JCWxDpA,whiting-indiana
https://www.ubereats.com/nw-indiana/food-delivery/burger-king-6904-kennedy-ave/AOq2dHAnSiKfTVfnqqQ-jQ,whiting-indiana
https://www.ubereats.com/nw-indiana/food-delivery/andys-awesome-burgers/5-_eU9-dSwm4xW4O2GZToQ,whiting-indiana
https://www.ubereats.com/nw-indiana/food-delivery/freddys-steakhouse/zDlv3Vr4SnavmwIOsG-S9w,whiting-indiana
https://www.ubereats.com/nw-indiana/food-delivery/noodles-%26-company-69-us-hwy-41-shops-e-ste-320/OmfOZqn1SIySpoP36wIikw,whiting-indiana
https://www.ubereats.com/nw-indiana/food-delivery/dos-sabores-restaurant/IWGtOrG5RUiL-wdRMHLUJA,whiting-indiana
https://www.ubereats.com/nw-indiana/food-delivery/kfc-428-ridge-road/-T5o1PiQTDOXh29E4no0bA,whiting-indiana
https://www.ubereats.com/nw-indiana/food-delivery/foodys/LGbS7JJ8TMW4hR-59YnFzw,whiting-indiana
https://www.ubereats.com/nw-indiana/food-delivery/kfc-2733-169th-street/1Hmirr2HRr2ZdKmx6sBc1g,whiting-indiana
https://www.ubereats.com/nw-indiana/food-delivery/paleteria-la-delicia-michoacana/FagB_Jl_Ri2ocLMsJAbmRg,whiting-indiana
https://www.ubereats.com/nw-indiana/food-delivery/subway-1451-indianapolis-blvd/_S8gCqvKSGeLHT509Yra-Q,whiting-indiana
https://www.ubereats.com/nw-indiana/food-delivery/tacos-el-guero/TGeaTmBhTO-ylUMJhz47TQ,whiting-indiana
https://www.ubereats.com/nw-indiana/food-delivery/subway-5004-indianapolis-blvd/9Zzb9A5nQwm3jQpe6fQFow,whiting-indiana
https://www.ubereats.com/nw-indiana/food-delivery/chuck-%26-irenes-hotel-%26-bar/kwA1Q7TWQmaLllJNLkJKPg,whiting-indiana
https://www.ubereats.com/nw-indiana/food-delivery/subway-4538-calumet-ave/ZDldDK-kTGex4l-MRW1-vA,whiting-indiana
https://www.ubereats.com/nw-indiana/food-delivery/samia-pizza/ytrfKb3TTXGxfD15ONCQ9A,whiting-indiana
https://www.ubereats.com/nw-indiana/food-delivery/bombers-bbq/uuYGckGrRliEcWFjBPJv7g,whiting-indiana
https://www.ubereats.com/nw-indiana/food-delivery/peteys-gyros-and-ice-cream/PoXY06nZR_GY7aVfgDkrew,whiting-indiana
https://www.ubereats.com/nw-indiana/food-delivery/mcdonalds-columbia-%26-165th-st/3qZBHXhqSYSN7Y8IJjQlJg,whiting-indiana
https://www.ubereats.com/nw-indiana/food-delivery/mcdonalds-4745-indianapolis-blvd/tyl-MdAKQ0WcDgQjKHjNcw,whiting-indiana
https://www.ubereats.com/nw-indiana/food-delivery/burger-king-1817-indianapolis-boulevard/YmTK9I1USAKSyiVDfdd4DA,whiting-indiana
https://www.ubereats.com/nw-indiana/food-delivery/buona-schererville/TCLpJmgDQEWYw_9kPMv6kQ,whiting-indiana
https://www.ubereats.com/nw-indiana/food-delivery/fatboys-phillies/wG81nK7vTfWeMJ68H2Q5_A,whiting-indiana
https://www.ubereats.com/nw-indiana/food-delivery/white-castle-1879-indianapolis-blvd/o8BYVnxVTti223m36bhhng,whiting-indiana
