url,city
https://www.ubereats.com/nyc-suburbs/food-delivery/spicy-shallot-2/d89T_jEhTB2Hw1DTi_BvOw,white-plains-new-york
https://www.ubereats.com/nyc-suburbs/food-delivery/kensico-kitchen-deli/-S_unyX0Rv-BLhQeapu1hw,white-plains-new-york
https://www.ubereats.com/nyc-suburbs/food-delivery/eden-wok/xpJih0AWSGCuZoHk5guAaw,white-plains-new-york
https://www.ubereats.com/nyc-suburbs/food-delivery/sambal/i9ZOMCFNSXG0nUwSeOwAuQ,white-plains-new-york
https://www.ubereats.com/nyc-suburbs/food-delivery/smashburger-448-mamaroneck-ave/K1R73Ik-QQ-q3_yaWtw3Bw,white-plains-new-york
https://www.ubereats.com/nyc-suburbs/food-delivery/taqueria-la-frontera/ZZ09kXLLQtWVNr2ulw9lFA,white-plains-new-york
https://www.ubereats.com/nyc-suburbs/food-delivery/mamma-rosas/q__yglXlTey65hNXttXU7w,white-plains-new-york
https://www.ubereats.com/nyc-suburbs/food-delivery/chat-american-grill/E5LQUbMcTLCMH8rywHYorA,white-plains-new-york
https://www.ubereats.com/nyc-suburbs/food-delivery/vega-mexican-cuisine/QriofYpPQe-azvJYF1qjqw,white-plains-new-york
https://www.ubereats.com/nyc-suburbs/food-delivery/abis-japanese-traditional-cuisine/94veQQlYS-COwhX4-Nd33Q,white-plains-new-york
https://www.ubereats.com/nyc-suburbs/food-delivery/treat-yourself-jerk/GCraMq9GQPmkhJMx2sQpFg,white-plains-new-york
https://www.ubereats.com/nyc-suburbs/food-delivery/goosefeather/tQzZceipSuCIQLaD4A69Mg,white-plains-new-york
https://www.ubereats.com/nyc-suburbs/food-delivery/nathans-famous-2290-central-park-ave/2VV0X8m7RzOL8g8ldHpavg,white-plains-new-york
https://www.ubereats.com/nyc-suburbs/food-delivery/dobbs-dawg-house/WraUPEujTwOvp7Uv0zNxVQ,white-plains-new-york
https://www.ubereats.com/nyc-suburbs/food-delivery/rinaldis-country-deli/UTADULBOTqaD59HcyfawLw,white-plains-new-york
https://www.ubereats.com/nyc-suburbs/food-delivery/ron-blacks-beer-hall/TUmxfTdiRimenB3Dk57Zkw,white-plains-new-york
https://www.ubereats.com/nyc-suburbs/food-delivery/ihop-yonkers-central-park-ave/3e_zIYWlRBSmdObd9OLokQ,white-plains-new-york
https://www.ubereats.com/nyc-suburbs/food-delivery/the-roaster-cafe/7v9FoxdgSxWvJhroy4koEA,white-plains-new-york
https://www.ubereats.com/nyc-suburbs/food-delivery/el-rincon-de-maria/MHiG86s_QD6tG3-iq-xwfw,white-plains-new-york
https://www.ubereats.com/nyc-suburbs/food-delivery/sabrosito-restaurant-%26-bakery/M4IbaDmKTuqjtLYErJPnbQ,white-plains-new-york
https://www.ubereats.com/nyc-suburbs/food-delivery/rudys/wjSjoQTZRJiy9uFMTb6o0g,white-plains-new-york
https://www.ubereats.com/nyc-suburbs/food-delivery/byram-sushi-%26-teriyaki/IhUhKgZIRLmLiEliu8CWjw,white-plains-new-york
https://www.ubereats.com/nyc-suburbs/food-delivery/sunrise-pizza/JpKmWiXVTvCGG27guguOJQ,white-plains-new-york
https://www.ubereats.com/nyc-suburbs/food-delivery/serafina-white-plains/wvtljKNJQja7NZ7Ui2YoAQ,white-plains-new-york
https://www.ubereats.com/nyc-suburbs/food-delivery/mortons-the-steakhouse-5-mamaroneck-avenue/VI9ClW4iSCqFPFx_0eygAQ,white-plains-new-york
https://www.ubereats.com/nyc-suburbs/food-delivery/lombardos/LWyJSfjWTICz56s9bbVNtQ,white-plains-new-york
https://www.ubereats.com/nyc-suburbs/food-delivery/hash-o-nash/RIWBWUr1SN-IRqBcpm2UNw,white-plains-new-york
https://www.ubereats.com/nyc-suburbs/food-delivery/michaels-pizza-%26-pasta/77sVwGn1TU-pD08Wf-90GQ,white-plains-new-york
https://www.ubereats.com/nyc-suburbs/food-delivery/papi-between-main-and-bank-street/9tiErDTeQ8KInzcjSz7uWA,white-plains-new-york
https://www.ubereats.com/nyc-suburbs/food-delivery/bbq-chicken-hartsdale-ny/IzIrXzj-QzGqLt84E7bNbw,white-plains-new-york
https://www.ubereats.com/nyc-suburbs/food-delivery/ramen-musashi-scarsdale/IfBU7PtrT_m4ETXm1b6qNA,white-plains-new-york
https://www.ubereats.com/nyc-suburbs/food-delivery/subway-620-n-broadway/37eQ5WDWTuCs8CZ8VJl1fA,white-plains-new-york
https://www.ubereats.com/nyc-suburbs/food-delivery/tsuru-japanese-cuisine/yH7WilnMQ0yjAo6Id5tHqw,white-plains-new-york
https://www.ubereats.com/nyc-suburbs/food-delivery/cerbones-bakery/5GeDdu00TomuKeHzmQFCng,white-plains-new-york
https://www.ubereats.com/nyc-suburbs/food-delivery/alamo-drafthouse-cinema-yonkers/e4HQHFaCQ8O4cam9PEwnKw,white-plains-new-york
https://www.ubereats.com/nyc-suburbs/food-delivery/pilones-meateria/OePtFNyQR0qVSMPcK6ha7A,white-plains-new-york
https://www.ubereats.com/nyc-suburbs/food-delivery/kyo-sushi/sgEMfyg6S6S4lDf3M98kmg,white-plains-new-york
https://www.ubereats.com/nyc-suburbs/food-delivery/chopt-creative-salad-co-116-south-ridge-st/moatW9tCSN-vw4tXXIt7Zg,white-plains-new-york
https://www.ubereats.com/nyc-suburbs/food-delivery/freshii-white-plains/8Pro7uBnRWaaXwCJ5VTvXQ,white-plains-new-york
https://www.ubereats.com/nyc-suburbs/food-delivery/ku-asian-bistro/kShgFy1uRUqO5T2vS1s39Q,white-plains-new-york
https://www.ubereats.com/nyc-suburbs/food-delivery/royal-palace/tHaIAw-dSUGEXS3l2iK2aA,white-plains-new-york
https://www.ubereats.com/nyc-suburbs/food-delivery/prima-deli-%26-catering/Ulu_S6JCTQaR0TQ0WSN6rA,white-plains-new-york
https://www.ubereats.com/nyc-suburbs/food-delivery/dunkin-755-n-broadway/y-UgBRsjSMitmLfWbjvAIg,white-plains-new-york
https://www.ubereats.com/nyc-suburbs/food-delivery/venice-pizza-%26-trattoria/qSk3Rul0RQiZIWEmyTqeIQ,white-plains-new-york
https://www.ubereats.com/nyc-suburbs/food-delivery/wings-express/ZeU3MSw_Qlej5YQe4XbtDA,white-plains-new-york
https://www.ubereats.com/nyc-suburbs/food-delivery/petes-saloon/P4WiqvtZSuGOwSL0e9BMfg,white-plains-new-york
https://www.ubereats.com/nyc-suburbs/food-delivery/ribs-on-the-run/apmfwmAtSzy8eAC-mqn9fQ,white-plains-new-york
https://www.ubereats.com/nyc-suburbs/food-delivery/purple-corn-rotisserie/tnRmR0DuSoKNAeB7gOAThw,white-plains-new-york
https://www.ubereats.com/nyc-suburbs/food-delivery/milk-n-cookies/_0DaHQJ0S46-1T6rDqEZEw,white-plains-new-york
https://www.ubereats.com/nyc-suburbs/food-delivery/michelangelos-pizza-pasta-%26-things/prZWyZ34R-ac4DF0PeenVA,white-plains-new-york
https://www.ubereats.com/nyc-suburbs/food-delivery/pasta-vera/d4DTOLueQoS1Xbi1NbyZuw,white-plains-new-york
https://www.ubereats.com/nyc-suburbs/food-delivery/hida/41XWnysbT0uD-b7vmMANuQ,white-plains-new-york
https://www.ubereats.com/nyc-suburbs/food-delivery/dunkin-80-virginia-rd/uA5VgDw5QBWtsGIvEWqPNg,white-plains-new-york
https://www.ubereats.com/nyc-suburbs/food-delivery/rinis-restaurant/SQUsD2h9TNqNajR7N9KNOg,white-plains-new-york
https://www.ubereats.com/nyc-suburbs/food-delivery/la-chapincita/NfWhA0HpTvWX2DSse8HjOQ,white-plains-new-york
https://www.ubereats.com/nyc-suburbs/food-delivery/the-irish-bank/d-vehQHeQk6e8gkVtO9efg,white-plains-new-york
https://www.ubereats.com/nyc-suburbs/food-delivery/subway-100-main-st/7i9wKiQEThCxMWiOzJrL8g,white-plains-new-york
https://www.ubereats.com/nyc-suburbs/food-delivery/harbour-house-coffee-shop/-Gp6adOPRheYsCiMdWstdQ,white-plains-new-york
https://www.ubereats.com/nyc-suburbs/food-delivery/my-mix-creative-kitchen/SFTtj7-aTye1pSvLqJ4fdg,white-plains-new-york
https://www.ubereats.com/nyc-suburbs/food-delivery/modern-slice-restaurant/pKpAVG19S5elvAs0yQ6M7g,white-plains-new-york
https://www.ubereats.com/nyc-suburbs/food-delivery/kishuya-hartsdale/ME2y9uCqTVGgEZR355D7UQ,white-plains-new-york
https://www.ubereats.com/nyc-suburbs/food-delivery/dunkin-229-mamaroneck-ave/mSdud2eoQR-XYQsCBHz7Uw,white-plains-new-york
https://www.ubereats.com/nyc-suburbs/food-delivery/divino-cucina-itaiana/uJ7C5QZXRpGN4oJZsKNjKg,white-plains-new-york
https://www.ubereats.com/nyc-suburbs/food-delivery/dunkin-42-lake-st/SilRWwFbRBK4K9dZXf7JWQ,white-plains-new-york
https://www.ubereats.com/nyc-suburbs/food-delivery/burger-king-556-central-park-avenue/hnm_LqXVR8G1qnbqcMvR8A,white-plains-new-york
https://www.ubereats.com/nyc-suburbs/food-delivery/espositos-ristorante-%26-pizzeria-ii/rsB9nrKbQwCRSTUvSOpCdQ,white-plains-new-york
https://www.ubereats.com/nyc-suburbs/food-delivery/mason-sandwich-company/ZzxVznt_SJ-0TFKkwgaAiA,white-plains-new-york
https://www.ubereats.com/nyc-suburbs/food-delivery/piccolo/iEh3gz3YR_qR8xzqcL_6cA,white-plains-new-york
https://www.ubereats.com/nyc-suburbs/food-delivery/105-ten-bar-%26-grill/jiYOeiqGReuR6bstvczaIQ,white-plains-new-york
https://www.ubereats.com/nyc-suburbs/food-delivery/el-parralito-2/QvMGu_A_Sa6S12vYOrVEjQ,white-plains-new-york
https://www.ubereats.com/nyc-suburbs/food-delivery/bronxville-diner/jxnrzKiCSjmhbQ3I-MUhAA,white-plains-new-york
https://www.ubereats.com/nyc-suburbs/food-delivery/off-the-rail/R3-Tj--XRImikFIGx1uD6A,white-plains-new-york
https://www.ubereats.com/nyc-suburbs/food-delivery/the-bagel-emporium-port-chester/yBoJH7dvSQOGnRBpGLQgMg,white-plains-new-york
https://www.ubereats.com/nyc-suburbs/food-delivery/carvel-5-quaker-ridge-road/JRAnHM3eTOaQsCyCRKSMsA,white-plains-new-york
https://www.ubereats.com/nyc-suburbs/food-delivery/china-star-buffet-inc/dv6IKqkoTRqi8ouREBO7dw,white-plains-new-york
https://www.ubereats.com/nyc-suburbs/food-delivery/the-brazen-fox/rTi8XELtSk6ImacXOqjvNg,white-plains-new-york
https://www.ubereats.com/nyc-suburbs/food-delivery/polpettina-eastchester/GIDlElINSgWz2tlNYzIVzg,white-plains-new-york
https://www.ubereats.com/nyc-suburbs/food-delivery/sals-deli/Lu2t7tTaQpClqHhEZDuYRg,white-plains-new-york
https://www.ubereats.com/nyc-suburbs/food-delivery/fritta-arepa/33k2Ej6lSfC5Z8WxRZf_qw,white-plains-new-york
https://www.ubereats.com/nyc-suburbs/food-delivery/buddha-japanese-steak-house/8OIadaDpSqSX5glEvLYFqQ,white-plains-new-york
https://www.ubereats.com/nyc-suburbs/food-delivery/playa-bowls-pleasantville/gM5TaU4uTz6hF5AadnEDPA,white-plains-new-york
https://www.ubereats.com/nyc-suburbs/food-delivery/mad-donuts/EKgwmMEJT0qOuCLWdOXZGg,white-plains-new-york
https://www.ubereats.com/nyc-suburbs/food-delivery/epsteins-of-yonkers/wYTdteQ_SXmgZGa6L1Pd3w,white-plains-new-york
https://www.ubereats.com/nyc-suburbs/food-delivery/momiji-japanese-restaurant/u9Y_iArmSdSRQ1cQZAQbgg,white-plains-new-york
https://www.ubereats.com/nyc-suburbs/food-delivery/sapori-restaurant-scarsdale/r7SZI4DDRheYfuh9B40sWQ,white-plains-new-york
https://www.ubereats.com/nyc-suburbs/food-delivery/bang/yRAnjXJPSPq-KIwMbCMcZA,white-plains-new-york
https://www.ubereats.com/nyc-suburbs/food-delivery/back-country-bar-%26-bbq/XsWMtf_bT6mRuOFpBD6Wxg,white-plains-new-york
https://www.ubereats.com/nyc-suburbs/food-delivery/pf-changs-125-westchester-ave-space-d315/ehT6sh7SRM66zTBSfukUOg,white-plains-new-york
https://www.ubereats.com/nyc-suburbs/food-delivery/the-mumbai-times-cos-cob/at_tUODeTb2AmwjfrmCOCQ,white-plains-new-york
https://www.ubereats.com/nyc-suburbs/food-delivery/harbour-fish-and-company/fmSqQbh2SXyNWRGtY20qlg,white-plains-new-york
https://www.ubereats.com/nyc-suburbs/food-delivery/sundance-kitchen-%26-cantina/woDoEnOQRouY7LNlvY8tjQ,white-plains-new-york
https://www.ubereats.com/nyc-suburbs/food-delivery/burgerim-18-hamilton-st/WPGB-gWRQoW4zUCauhi9Eg,white-plains-new-york
https://www.ubereats.com/nyc-suburbs/food-delivery/cosi-77-quaker-ridge-rd/Z6gKkc9qRmqyfcEbMtA1mw,white-plains-new-york
https://www.ubereats.com/nyc-suburbs/food-delivery/dunkin-2-washington-ave/eysxi6msReiOzAdKRqQicQ,white-plains-new-york
https://www.ubereats.com/nyc-suburbs/food-delivery/dunkin-662-columbus-ave/aUPLT8ykRtm4vUbYhu7YaQ,white-plains-new-york
https://www.ubereats.com/nyc-suburbs/food-delivery/burrito-poblano/LazDbJIzRVu3XcKz7pAk9g,white-plains-new-york
https://www.ubereats.com/nyc-suburbs/food-delivery/pure-food-and-drink/fgi4dLlFR5uyW2m2bB1UYw,white-plains-new-york
https://www.ubereats.com/nyc-suburbs/food-delivery/healthy-zone/wIqGfXNGRHmR9NlSS74Unw,white-plains-new-york
https://www.ubereats.com/nyc-suburbs/food-delivery/excelencia-mexicana-ii/6gwSURqHSEmBkKabfQ4TPg,white-plains-new-york
https://www.ubereats.com/nyc-suburbs/food-delivery/ichiro/H0s2fzUDTy-bcCx9MIKPGQ,white-plains-new-york
https://www.ubereats.com/nyc-suburbs/food-delivery/kfc-taco-bell-100-main-st/5uWB44GhRUSBAvcz4erSIg,white-plains-new-york
https://www.ubereats.com/nyc-suburbs/food-delivery/lennys-seafood-and-steakhouse/ElCKDkwaQly9rR51EkNbIw,white-plains-new-york
https://www.ubereats.com/nyc-suburbs/food-delivery/starbucks-rye/-1Cc-ZkqSfu6tROrTNQpwQ,white-plains-new-york
https://www.ubereats.com/nyc-suburbs/food-delivery/caribbean-thyme-restaurant/zzg2vTp1RDCKD9LamHSzew,white-plains-new-york
https://www.ubereats.com/nyc-suburbs/food-delivery/moscato-scarsdale/PVwibTeJQ0etyCkza3RkqQ,white-plains-new-york
https://www.ubereats.com/nyc-suburbs/food-delivery/eat-n-wings/vhJ5zhx6RdSyXAGofohTbA,white-plains-new-york
https://www.ubereats.com/nyc-suburbs/food-delivery/abs-cafe-n-grill/r1ARAhb4TXOSuu2QN1vxNQ,white-plains-new-york
https://www.ubereats.com/nyc-suburbs/food-delivery/mughal-palace/api6ePRkRkCbmYyPrHR3TA,white-plains-new-york
https://www.ubereats.com/nyc-suburbs/food-delivery/ladle-of-love-bronxville/hoQ9kokTT560lHt9SV8org,white-plains-new-york
https://www.ubereats.com/nyc-suburbs/food-delivery/mariachi-loco/FLF6ivzLTaG5kgyXlu36Tg,white-plains-new-york
https://www.ubereats.com/nyc-suburbs/food-delivery/the-little-beet-westchester-mall/hy4FC_tSRYWRzN6EF3yRQw,white-plains-new-york
https://www.ubereats.com/nyc-suburbs/food-delivery/famous-famiglia-pizzeria/SJdNsCNpRbu9oEUrmzzRUQ,white-plains-new-york
https://www.ubereats.com/nyc-suburbs/food-delivery/hot-spot-white-plains/nbyI97zySLCH1PH-jSguEg,white-plains-new-york
https://www.ubereats.com/nyc-suburbs/food-delivery/abeetz-mobile-pizza-truck/asXKTm01QK-elexj1VrilQ,white-plains-new-york
https://www.ubereats.com/nyc-suburbs/food-delivery/little-pub-cos-cob/er8n4NegRHmf6nAv7gc69g,white-plains-new-york
https://www.ubereats.com/nyc-suburbs/food-delivery/dunkin-505a-bedford-rd/1HxtbP8ETCCSU8pyNqqy2w,white-plains-new-york
https://www.ubereats.com/nyc-suburbs/food-delivery/eugenes-diner-%26-bar/sNR1hKWyTkmiYoq54ZzWaA,white-plains-new-york
https://www.ubereats.com/nyc-suburbs/food-delivery/808-social/uooMJ7DIStiBB-N5xooIpg,white-plains-new-york
https://www.ubereats.com/nyc-suburbs/food-delivery/outback-steakhouse-1703-central-park-avenue/OnMVTgsaTmiY5kqCT99H3w,white-plains-new-york
https://www.ubereats.com/nyc-suburbs/food-delivery/ambadi-kebab-%26-grill/QsB1u8FVT_SxrK4dxBUHTQ,white-plains-new-york
https://www.ubereats.com/nyc-suburbs/food-delivery/los-abuelos-restaurant/wJKj4aVzQxa8Pfurwn3-og,white-plains-new-york
https://www.ubereats.com/nyc-suburbs/food-delivery/raasa/LztUuERGRf-W9xqNaY3K0g,white-plains-new-york
https://www.ubereats.com/nyc-suburbs/food-delivery/adas-kitchen-%2B-coffee/FLZ3mXkFQmeoR-kYVSqwHw,white-plains-new-york
https://www.ubereats.com/nyc-suburbs/food-delivery/utica-pie-co/iJGEhlgSSs22W9xYdkFyxA,white-plains-new-york
https://www.ubereats.com/nyc-suburbs/food-delivery/carmines-italian-deli-and-cafe/P3xjPMYFSVOiKDXIM33rQg,white-plains-new-york
https://www.ubereats.com/nyc-suburbs/food-delivery/wingstop-yonkers/IB3y8AJWRjaP0RNxz_s4Uw,white-plains-new-york
https://www.ubereats.com/nyc-suburbs/food-delivery/doms-pizza-%26-pasta-house/abwvEigvRAyj2Rcu94btng,white-plains-new-york
https://www.ubereats.com/nyc-suburbs/food-delivery/paesanos/sEvMakVUR2OguczwZK0DMQ,white-plains-new-york
https://www.ubereats.com/nyc-suburbs/food-delivery/potayto-potahto/Gy2-NURZTLG668sTH7j4JA,white-plains-new-york
https://www.ubereats.com/nyc-suburbs/food-delivery/holy-crab-cajun/k8DZ_SDRT1aGDZ1c2M_kXg,white-plains-new-york
https://www.ubereats.com/nyc-suburbs/food-delivery/dunkin-10-depot-pl/O-jryiWUTEq_cFjE3lkLTQ,white-plains-new-york
https://www.ubereats.com/nyc-suburbs/food-delivery/fenimore-delicatessen/vllNijf6QeGcyaPG7j2Jsw,white-plains-new-york
https://www.ubereats.com/nyc-suburbs/food-delivery/greenburg-salads/9T_ym-ReTbOOXJ4vf-YaXQ,white-plains-new-york
https://www.ubereats.com/nyc-suburbs/food-delivery/la-melissa/AakEhAZdQ9aIKV0zfCfaNQ,white-plains-new-york
https://www.ubereats.com/nyc-suburbs/food-delivery/bango-bowls-scarsdale/SKLAVXy3T_SzKqUuMYgRBw,white-plains-new-york
https://www.ubereats.com/nyc-suburbs/food-delivery/longfords-ice-cream/IU3bKG0XQSGX1rha7ygXOA,white-plains-new-york
https://www.ubereats.com/nyc-suburbs/food-delivery/burger-king-260-boston-post-road/FjGPkdr9Qt2_almbV1Sgrg,white-plains-new-york
https://www.ubereats.com/nyc-suburbs/food-delivery/gordos-north/25CSHipNTQeYWpnWfGI3xg,white-plains-new-york
https://www.ubereats.com/nyc-suburbs/food-delivery/asian-legend-cajun-seafood/W6LIcwTRQCqSDsAvvjFm7A,white-plains-new-york
https://www.ubereats.com/nyc-suburbs/food-delivery/auntie-annes-125-westchester-avenue-%23925/uLG28tr5RjK5KIL0qzKpeA,white-plains-new-york
https://www.ubereats.com/nyc-suburbs/food-delivery/original-pancake-house-170-hamilton-ave/b0A6d0yhSgG7rPH0YXbqRA,white-plains-new-york
https://www.ubereats.com/nyc-suburbs/food-delivery/sobol-white-plains/P54kPE7RQCaI-SOguGpwkQ,white-plains-new-york
https://www.ubereats.com/nyc-suburbs/food-delivery/lazy-boy-saloon/nWB3pejdS6mCLBx4l_F8Hg,white-plains-new-york
https://www.ubereats.com/nyc-suburbs/food-delivery/273-kitchen/bLzf4pqjTyisJfsvagtDPw,white-plains-new-york
https://www.ubereats.com/nyc-suburbs/food-delivery/shiki-sushi-and-yakitori/GnHjIE3GTAmlHwxhWNlyUw,white-plains-new-york
https://www.ubereats.com/nyc-suburbs/food-delivery/dunkin-50-mamaroneck-ave/d-6P7i7ZRzqA9wtUYjd9sQ,white-plains-new-york
https://www.ubereats.com/nyc-suburbs/food-delivery/i-thai-westchester-ave/tOy69Sg2Q4iRIBj-Ets27g,white-plains-new-york
https://www.ubereats.com/nyc-suburbs/food-delivery/dunkin-295-midland-ave/NP9Lfun5TkS0ZfXCormUkw,white-plains-new-york
https://www.ubereats.com/nyc-suburbs/food-delivery/fantasy-cuisine/6QQlSv6DQ5-nnHL_UYmusA,white-plains-new-york
https://www.ubereats.com/nyc-suburbs/food-delivery/slice-of-scarsdale/TdkUfWa8Rr-NBxKDdIvKBQ,white-plains-new-york
https://www.ubereats.com/nyc-suburbs/food-delivery/haagen-dazs-125-westchester-ave-unit-3330/qQwwuLVyTIiGpaXHihzlpQ,white-plains-new-york
https://www.ubereats.com/nyc-suburbs/food-delivery/wood-%26-fire-neopolitan-pizza-brook-st/8apxFiKlR2CztKYro1sHkA,white-plains-new-york
https://www.ubereats.com/nyc-suburbs/food-delivery/coffee-luca/nIy_hT4LSF-3QzdlVmqWCQ,white-plains-new-york
https://www.ubereats.com/nyc-suburbs/food-delivery/eastend/bSB8QicWRsm48pOZmYQxSA,white-plains-new-york
https://www.ubereats.com/nyc-suburbs/food-delivery/starbucks-golden-horseshoe/es-5HyrdRXKV4SVoOpZmjg,white-plains-new-york
https://www.ubereats.com/nyc-suburbs/food-delivery/sals-pastry-shop/l2rxLRE8QMCH2Q5mM-r4cQ,white-plains-new-york
https://www.ubereats.com/nyc-suburbs/food-delivery/jewel-of-himalaya/8ntcxFIZS-uvWopgC2o3nw,white-plains-new-york
https://www.ubereats.com/nyc-suburbs/food-delivery/sgd-dubu-so-gong-dong/zZcOUdkLT8aEhXfI7dzQtA,white-plains-new-york
https://www.ubereats.com/nyc-suburbs/food-delivery/village-lanchonette/_smsP_dAQOG6vZL6i-nqbw,white-plains-new-york
https://www.ubereats.com/nyc-suburbs/food-delivery/acuario-restaurant/n4FcxHXtTzSWK7X1ITXJuw,white-plains-new-york
https://www.ubereats.com/nyc-suburbs/food-delivery/revenge-bbq/B5EUEs6wTUKDs62RadPoEA,white-plains-new-york
https://www.ubereats.com/nyc-suburbs/food-delivery/noches-de-colombia-port-chester-ny/9ilIiJBgTuy2QmHnWTpDgw,white-plains-new-york
https://www.ubereats.com/nyc-suburbs/food-delivery/hollywood-chicken-dominican-restaurant/fa68O7reTQODphalI1jiug,white-plains-new-york
https://www.ubereats.com/nyc-suburbs/food-delivery/sammys-ny-bagels-scarsdale/xeWmlXxmR7WC91O8BMiQsQ,white-plains-new-york
https://www.ubereats.com/nyc-suburbs/food-delivery/rafele-rye-purchase-st/5E4yqX_9Q06ceLgJ73CBNw,white-plains-new-york
https://www.ubereats.com/nyc-suburbs/food-delivery/lennys-bagels-rye-brook/WM04PZNmRfKRegt9j8iNVg,white-plains-new-york
https://www.ubereats.com/nyc-suburbs/food-delivery/ambadi-vegetarian/rBAlQgZoSrGqUXDQAnKxsg,white-plains-new-york
https://www.ubereats.com/nyc-suburbs/food-delivery/bareburger-50-purchase-st/7lCumEvyQFiyYFlZYy3jSQ,white-plains-new-york
https://www.ubereats.com/nyc-suburbs/food-delivery/pemberwick-x-change-deli/bOcJhWWzQCGCYbcB83vKcA,white-plains-new-york
https://www.ubereats.com/nyc-suburbs/food-delivery/dunkin-1333-north-ave/sDmMP4MfTASDmbuHSMXkpg,white-plains-new-york
https://www.ubereats.com/nyc-suburbs/food-delivery/mumbai-spices-indian-cuisine/sdMrlEWAQSyVWEmGctevxA,white-plains-new-york
https://www.ubereats.com/nyc-suburbs/food-delivery/walters-hot-dogs-white-plains/ulHvx9_SRjKTKIBw1E6TVQ,white-plains-new-york
https://www.ubereats.com/nyc-suburbs/food-delivery/tgi-fridays-548-white-plains-ny/OX6i7GYVRPqfAt3Gtfko5Q,white-plains-new-york
https://www.ubereats.com/nyc-suburbs/food-delivery/thai-basil/uR5Ly0-ORuuGpYH_xJCA8w,white-plains-new-york
https://www.ubereats.com/nyc-suburbs/food-delivery/little-thai-kitchen-scarsdale/hEJoFee9TsW3eiHhcCDQ8Q,white-plains-new-york
https://www.ubereats.com/nyc-suburbs/food-delivery/j-%26-g-deli-and-market/cOLLU_okQYyKFcSelUrqwA,white-plains-new-york
https://www.ubereats.com/nyc-suburbs/food-delivery/halstead-ave-taqueria/6OBmpbj1RS-to5Z8DnfRKQ,white-plains-new-york
https://www.ubereats.com/nyc-suburbs/food-delivery/nickys-pizzeria/7SZQR_1YQBOwgX4GJwurpA,white-plains-new-york
https://www.ubereats.com/nyc-suburbs/food-delivery/cantina-taco-and-tequila/cSZbUZhHRgeghJ4ELQijxw,white-plains-new-york
https://www.ubereats.com/nyc-suburbs/food-delivery/dunkin-1-southfield-ave/YyljxPPxQ5uUE8N9OmrXsQ,white-plains-new-york
https://www.ubereats.com/nyc-suburbs/food-delivery/el-tio/3wm48fNCQY-F0DacKSlO6g,white-plains-new-york
https://www.ubereats.com/nyc-suburbs/food-delivery/aires-de-colombia/SWLUgT3CRFOmcQWJadsrTA,white-plains-new-york
https://www.ubereats.com/nyc-suburbs/food-delivery/go-fish-takeout/vFfIGijqSH2hNkxoIaP6Aw,white-plains-new-york
https://www.ubereats.com/nyc-suburbs/food-delivery/planet-pizza-white-plains/XcJjXQFKT6uson0huvlDvg,white-plains-new-york
https://www.ubereats.com/nyc-suburbs/food-delivery/green-%26-tonic-cos-cob/Xu2hGlx1S-qAXh6ZH5gDfQ,white-plains-new-york
https://www.ubereats.com/nyc-suburbs/food-delivery/the-spread-greenwich/_RDTULAkR-GUItx84obqWA,white-plains-new-york
https://www.ubereats.com/nyc-suburbs/food-delivery/wellingtons-soup-shack/K8309wJGSlWwFJFKmK5feA,white-plains-new-york
https://www.ubereats.com/nyc-suburbs/food-delivery/arthur-avenue-pizza-%26-pasta/_JpguXvdRPW7PsosM_519A,white-plains-new-york
https://www.ubereats.com/nyc-suburbs/food-delivery/madison-kitchen-larchmont/uqOqlD-GTIWSfiICTTViSQ,white-plains-new-york
https://www.ubereats.com/nyc-suburbs/food-delivery/trattoria-632/4BXHDZbpRTu1WF1vbNGqeQ,white-plains-new-york
https://www.ubereats.com/nyc-suburbs/food-delivery/cold-stone-creamery-scarsdale/CcnocflIRW-nLLlWR2jD1w,white-plains-new-york
https://www.ubereats.com/nyc-suburbs/food-delivery/la-renaissance-bakery/EmaNhKYJT324bdLl59dd-A,white-plains-new-york
https://www.ubereats.com/nyc-suburbs/food-delivery/cava-3-rye-ridge-plaza/ELawdiQvQNevZR5jhahe1g,white-plains-new-york
https://www.ubereats.com/nyc-suburbs/food-delivery/catanias-pizza-and-calzone/NAzRZV6NTsCpup7CYy8ssQ,white-plains-new-york
https://www.ubereats.com/nyc-suburbs/food-delivery/rochelle-coffee-shop/gHc46W7BQ96BOfXTopxfwg,white-plains-new-york
https://www.ubereats.com/nyc-suburbs/food-delivery/douro-restaurant-bar/DwL1V3P2TuKrHqNfplYkdg,white-plains-new-york
https://www.ubereats.com/nyc-suburbs/food-delivery/the-bagel-emporium-tarrytown/9buM0YMmRqmqhgBkasHHBw,white-plains-new-york
https://www.ubereats.com/nyc-suburbs/food-delivery/shake-shack-379-n-central-ave/NWAbDS8LTwWJcS9hV0AsgQ,white-plains-new-york
https://www.ubereats.com/nyc-suburbs/food-delivery/euro-pizzeria/K-6VPn2uREmtLw4LgZLIrA,white-plains-new-york
https://www.ubereats.com/nyc-suburbs/food-delivery/boston-market-654-central-park-ave/nomd5iOSRb2d7-dhNeEFGQ,white-plains-new-york
https://www.ubereats.com/nyc-suburbs/food-delivery/garden-catering-mamaroneck/KOyAbJwXTa6DWEo7C3NslA,white-plains-new-york
https://www.ubereats.com/nyc-suburbs/food-delivery/chens-poke/vP7IeBxKQy-c4LwhAA7dMw,white-plains-new-york
https://www.ubereats.com/nyc-suburbs/food-delivery/jackie-bs/9IxMPbbTQHWzqF7CEPFGkg,white-plains-new-york
https://www.ubereats.com/nyc-suburbs/food-delivery/sapori-of-scarsdale/C8iqwMIhRw-L-MPc31WJZg,white-plains-new-york
https://www.ubereats.com/nyc-suburbs/food-delivery/doppio/gXGCW25JSZyYhm297Rpeaw,white-plains-new-york
https://www.ubereats.com/nyc-suburbs/food-delivery/copper-kettle-cafe/ZbMqLAuiRTyDE7fypd1RKg,white-plains-new-york
https://www.ubereats.com/nyc-suburbs/food-delivery/gosu/e3mrBR9cQ2qXELUOAZRL2A,white-plains-new-york
https://www.ubereats.com/nyc-suburbs/food-delivery/alex-lounge-bar-%26-grill/chjBQBvkQmKFcnkLg1mdVw,white-plains-new-york
https://www.ubereats.com/nyc-suburbs/food-delivery/melt-sandwich-shop/Jq0rYFOJQu-B1oSDQdPQNQ,white-plains-new-york
https://www.ubereats.com/nyc-suburbs/food-delivery/shiki-fusion/-8PV0Mz9SCu-2QvBYMTsjA,white-plains-new-york
https://www.ubereats.com/nyc-suburbs/food-delivery/toxic-wings-white-plains/oFKL0vtnTIegZ2ZCKc9Wgw,white-plains-new-york
https://www.ubereats.com/nyc-suburbs/food-delivery/casa-rina-restaurant/QqmZ9jtARWqHebtD2rCxxw,white-plains-new-york
https://www.ubereats.com/nyc-suburbs/food-delivery/anthony-deli/h9DrDlw6SXmigLpy82qhVg,white-plains-new-york
https://www.ubereats.com/nyc-suburbs/food-delivery/city-limits-diner/lwqyI2JWRriIqGohoxCb6w,white-plains-new-york
https://www.ubereats.com/nyc-suburbs/food-delivery/maple-corner-deli/Xm0tO2AmRWqwo7zydSvqvw,white-plains-new-york
https://www.ubereats.com/nyc-suburbs/food-delivery/main-st-gourmet-deli/x6TYoK1ySp-MBehbEBOtAg,white-plains-new-york
https://www.ubereats.com/nyc-suburbs/food-delivery/blockheads-white-plains/SB2uNFfdTxqb1h9Eqc_cZQ,white-plains-new-york
https://www.ubereats.com/nyc-suburbs/food-delivery/dunkin-38-a-mill-rd/7FgZ2v4dRCmAio4Wgaej9A,white-plains-new-york
https://www.ubereats.com/nyc-suburbs/food-delivery/105-seventy-bar-%26-grill/pYzlAc9VQ1mXSzSyCz3R7Q,white-plains-new-york
https://www.ubereats.com/nyc-suburbs/food-delivery/buffalo-wild-wings-1-mamaronek-avenue/LEa6HVofQTazeobk6qbS7Q,white-plains-new-york
https://www.ubereats.com/nyc-suburbs/food-delivery/china-garden-20-purdy-ave/TkQSuhUmQB-eBDIgbrT3vg,white-plains-new-york
https://www.ubereats.com/nyc-suburbs/food-delivery/green-tortilla/w-1LiWI9QeeYJJ6FqIQ5zw,white-plains-new-york
https://www.ubereats.com/nyc-suburbs/food-delivery/capers-restaurant-n-main-st/LnkrhsjCQtSRxP4ksDofaA,white-plains-new-york
https://www.ubereats.com/nyc-suburbs/food-delivery/hudson-anchor-seafood-and-grill/D5ZbR_LdSluV8hNfiZzaQw,white-plains-new-york
https://www.ubereats.com/nyc-suburbs/food-delivery/ernestos-pizza-cucina/NyKSFa2cRaSdI2gpCXXszg,white-plains-new-york
https://www.ubereats.com/nyc-suburbs/food-delivery/the-birch-collective/rWG_fFU6T9SXXCB-fTxsfw,white-plains-new-york
https://www.ubereats.com/nyc-suburbs/food-delivery/playland-market/9tQ_YpItRR6DcGQJR3_gMA,white-plains-new-york
https://www.ubereats.com/nyc-suburbs/food-delivery/gin-ban-asian-bistro-%26-sushi-bar/IWmblFGrTKy3zNS7kJ9J9Q,white-plains-new-york
https://www.ubereats.com/nyc-suburbs/food-delivery/applebees-hawthorne/b1Th6N_uRQiiVowdDp3Npw,white-plains-new-york
https://www.ubereats.com/nyc-suburbs/food-delivery/dunkin-260-halstead-ave/5lokPwjBSMy5Vfrbr-OIOg,white-plains-new-york
https://www.ubereats.com/nyc-suburbs/food-delivery/dunkin-2248-central-park-ave/ltah322ERWmpB5UlCTPWcg,white-plains-new-york
https://www.ubereats.com/nyc-suburbs/food-delivery/buddha-asian-bistro/DpXLDrjoSyuCN-8SNoFxBA,white-plains-new-york
https://www.ubereats.com/nyc-suburbs/food-delivery/great-wall-restaurant/YqP0HEv4SxqqSiYunHTYDg,white-plains-new-york
https://www.ubereats.com/nyc-suburbs/food-delivery/silver-lake-pizza/_XBJhaDrR1a0AYMuTcu8qQ,white-plains-new-york
https://www.ubereats.com/nyc-suburbs/food-delivery/johns-of-arthur-avenue-port-chester/fSYmJj5pTEOAhME41hpGzg,white-plains-new-york
https://www.ubereats.com/nyc-suburbs/food-delivery/the-808-bistro/z0KU8LL5T32BzzQeq9XZQQ,white-plains-new-york
https://www.ubereats.com/nyc-suburbs/food-delivery/dunkin-875-saw-mill-river-rd/Qi2nIccBTruzemmPmKzXZQ,white-plains-new-york
https://www.ubereats.com/nyc-suburbs/food-delivery/saw-mill-tavern/jdGoWVrHTHe4jIREqIqYgQ,white-plains-new-york
https://www.ubereats.com/nyc-suburbs/food-delivery/southern-table/ATDiblHKQoeVGZblyOOPPw,white-plains-new-york
https://www.ubereats.com/nyc-suburbs/food-delivery/rye-house/a3VpIWagTieYOQWxinXZ2A,white-plains-new-york
https://www.ubereats.com/nyc-suburbs/food-delivery/harvest-wine-bar-%26-restaurant-greenwich/NgbANoAqS7-HP6Ep6-KrpA,white-plains-new-york
https://www.ubereats.com/nyc-suburbs/food-delivery/masala-kraft-cafe/kvhE8iXETfuGm0oho2OcSw,white-plains-new-york
https://www.ubereats.com/nyc-suburbs/food-delivery/mont-olympos-diner/1B8DZHIoS820_iKTBxfFfg,white-plains-new-york
https://www.ubereats.com/nyc-suburbs/food-delivery/bosphorus-restaurant/xjKqUk7iRSarzh2VqcRcMA,white-plains-new-york
https://www.ubereats.com/nyc-suburbs/food-delivery/asiana-cafe-greenwich-ct/67OhHAa8Tl6-fD8h8wEW0w,white-plains-new-york
https://www.ubereats.com/nyc-suburbs/food-delivery/goosefeather/ZG9wb_OKTMC5ivZDPuDUuw,white-plains-new-york
https://www.ubereats.com/nyc-suburbs/food-delivery/dunkin-91-e-main-st/TLUZIsl1Q8m4U-84Rcx0Lw,white-plains-new-york
https://www.ubereats.com/nyc-suburbs/food-delivery/dunkin-330-boston-post-rd/RmsC8_LOTsWf-nCPYuBORQ,white-plains-new-york
https://www.ubereats.com/nyc-suburbs/food-delivery/starbucks-rye-brook/shA2jaeRTLisnAkliMzMOA,white-plains-new-york
https://www.ubereats.com/nyc-suburbs/food-delivery/the-bagel-emporium-chappaqua/skmy0upMSc-2o09KdPADQw,white-plains-new-york
https://www.ubereats.com/nyc-suburbs/food-delivery/kaji-sushi-and-hibachi/NyQrMaZrQpOtfv3eJ52M2Q,white-plains-new-york
https://www.ubereats.com/nyc-suburbs/food-delivery/el-barrio/i8ptXQXaQvKWvobZlxamKQ,white-plains-new-york
https://www.ubereats.com/nyc-suburbs/food-delivery/alexs-lounge-ii/gfujqoQ0Tji7bzCZxALmCw,white-plains-new-york
https://www.ubereats.com/nyc-suburbs/food-delivery/tabasco-mexican-grill/yjfulXgvRnCgOw_4Po1rnA,white-plains-new-york
https://www.ubereats.com/nyc-suburbs/food-delivery/roadhouse-tavern/pUrE_SPMQumBDgwOmugBiQ,white-plains-new-york
https://www.ubereats.com/nyc-suburbs/food-delivery/meli-melo/Qz1kx-DcT8OOK1bA0x3T0A,white-plains-new-york
https://www.ubereats.com/nyc-suburbs/food-delivery/mcdonalds-hartsdale-n-central-park-ave/fwDydYB9SOSzcQrz8PKcWg,white-plains-new-york
https://www.ubereats.com/nyc-suburbs/food-delivery/turquoise/5pDpVfQPQ2ygHM1A1-xqeg,white-plains-new-york
https://www.ubereats.com/nyc-suburbs/food-delivery/kfc-tb-100-main-street/eg7gqyw4SqefsXqnBbRpfw,white-plains-new-york
https://www.ubereats.com/nyc-suburbs/food-delivery/rani-mahal-indian-cuisine/34hQk_oCStKPDDvKb5F7BA,white-plains-new-york
https://www.ubereats.com/nyc-suburbs/food-delivery/chipotle-mexican-grill-100-s-ridge-st/HvTlRkpKRqeC-DGZ4MHPvw,white-plains-new-york
https://www.ubereats.com/nyc-suburbs/food-delivery/cold-stone-creamery-25-mamaroneck-avenue/q-kvOBM7T1qmi_76kOL32g,white-plains-new-york
https://www.ubereats.com/nyc-suburbs/food-delivery/carvel-262-n-saw-mill-river-road/_bIApWR-SSiGL-aZ9l9XQQ,white-plains-new-york
https://www.ubereats.com/nyc-suburbs/food-delivery/sobol-cos-cob/fEMu31c5SrCtrix15vraLA,white-plains-new-york
https://www.ubereats.com/nyc-suburbs/food-delivery/pf-changs-160-market-street/5v_UZeNjSzuo5HHhyf0lMQ,white-plains-new-york
https://www.ubereats.com/nyc-suburbs/food-delivery/swagat-halal-indian-cuisine/q-vnFWM9TRGzscBuTvzYag,white-plains-new-york
https://www.ubereats.com/nyc-suburbs/food-delivery/la-bocca-ristorante/Tn9mMXTDQqeDLFnRMKMrLQ,white-plains-new-york
https://www.ubereats.com/nyc-suburbs/food-delivery/marios-pizza-%26-restaurant/MHR7IxpCQ1SZ82gT1cau9Q,white-plains-new-york
https://www.ubereats.com/nyc-suburbs/food-delivery/la-concha-restaurant/rXNdj_ypTfq7ci87WipGIw,white-plains-new-york
https://www.ubereats.com/nyc-suburbs/food-delivery/sea-flame/dXe4JJT0TMOD7ki6jKSaAA,white-plains-new-york
https://www.ubereats.com/nyc-suburbs/food-delivery/via-forno-wood-fired-pizza/Rf1vvCTjQkWgJ5mxFb3xQA,white-plains-new-york
https://www.ubereats.com/nyc-suburbs/food-delivery/port-chester-coach-diner/WdEZia20TCW7mfVmNpB5bw,white-plains-new-york
https://www.ubereats.com/nyc-suburbs/food-delivery/dunkin-267-s-ridge-st/qGhufjZcQRm9TjSlhpTweA,white-plains-new-york
https://www.ubereats.com/nyc-suburbs/food-delivery/fatt-root/iNKbRuXvTeGaJF0URBpb0A,white-plains-new-york
https://www.ubereats.com/nyc-suburbs/food-delivery/fongxing-chinese-restsurant/kCRS3IorT5WmCNvAioq8zA,white-plains-new-york
https://www.ubereats.com/nyc-suburbs/food-delivery/mp-taverna-irvington/SDEBrUEeTs6TxNPP5TCSGQ,white-plains-new-york
https://www.ubereats.com/nyc-suburbs/food-delivery/stars-bagels-%26-cafe-saw-mill-river-rd/_ySndTMIQDCiWo3lMUD-TQ,white-plains-new-york
https://www.ubereats.com/nyc-suburbs/food-delivery/jollyz-jerk-spot/n76e_KVhT3-CdyubbwPKqw,white-plains-new-york
https://www.ubereats.com/nyc-suburbs/food-delivery/melissa-buffet-%26-deli/Gbcw6lSeRu6kszQCBTOR4w,white-plains-new-york
https://www.ubereats.com/nyc-suburbs/food-delivery/justin-deli-cafe/U6x_ujefRX-bwZqRRM11uw,white-plains-new-york
https://www.ubereats.com/nyc-suburbs/food-delivery/bageldel-plus/QwRYybwzTX6a9o5OaakTQQ,white-plains-new-york
https://www.ubereats.com/nyc-suburbs/food-delivery/blaze-pizza-white-plains/FUiIP68xQ4KE0LdOES5aRQ,white-plains-new-york
https://www.ubereats.com/nyc-suburbs/food-delivery/dunkin-570-mamaroneck-ave/zZoi0nfXR3OVLnm-kh8_jA,white-plains-new-york
https://www.ubereats.com/nyc-suburbs/food-delivery/falafel-taco/sISNbgmHRLKDAFHzpruC9A,white-plains-new-york
https://www.ubereats.com/nyc-suburbs/food-delivery/tasty-house-asian-fusion/GhcUTy8xTS2ZJfitosxJuQ,white-plains-new-york
https://www.ubereats.com/nyc-suburbs/food-delivery/aria-fusion/sLA8AzTHRd2RcW-cmlRhFg,white-plains-new-york
https://www.ubereats.com/nyc-suburbs/food-delivery/italian-pavillion-pizzeria/S46qrUduTTm0hQVcGsyNoQ,white-plains-new-york
https://www.ubereats.com/nyc-suburbs/food-delivery/bollywood-grill/SUHLVeOvRR2A91R1fEIN3g,white-plains-new-york
https://www.ubereats.com/nyc-suburbs/food-delivery/panda-pavilion/GOdTCvIASAuicYMpj2hh7Q,white-plains-new-york
https://www.ubereats.com/nyc-suburbs/food-delivery/mikey-dubbs-frozen-custard/rN_SKjyBTbGH6MMeOzASBQ,white-plains-new-york
https://www.ubereats.com/nyc-suburbs/food-delivery/ruths-chris-steak-house-670-white-plains-rd/SUgnrgLRSA6-E-24CZvjvQ,white-plains-new-york
https://www.ubereats.com/nyc-suburbs/food-delivery/bubble-shop/jMKVHJO8Taay1vtiXzIIzQ,white-plains-new-york
https://www.ubereats.com/nyc-suburbs/food-delivery/california-pizza-kitchen-365-central-park-ave/ZPsOu6xGQ3u1D41Gy9otSA,white-plains-new-york
https://www.ubereats.com/nyc-suburbs/food-delivery/little-mumbai-market/fCQpQ_9kRB6wQqqFy0AQlw,white-plains-new-york
https://www.ubereats.com/nyc-suburbs/food-delivery/popojito/nLUwxS3xSUuv2FM3utJEAA,white-plains-new-york
https://www.ubereats.com/nyc-suburbs/food-delivery/captain-crab/y0fCK2hDQ_i8dt2MKOaiNg,white-plains-new-york
https://www.ubereats.com/nyc-suburbs/food-delivery/bibille/E4TVz9BjQ9WITVwpT5uL8w,white-plains-new-york
https://www.ubereats.com/nyc-suburbs/food-delivery/gyro-gyro/ftqkMWP1RwuZwrwd_e0jhQ,white-plains-new-york
https://www.ubereats.com/nyc-suburbs/food-delivery/bld-diner/JECMvGAMS8OA26L1To7C0w,white-plains-new-york
https://www.ubereats.com/nyc-suburbs/food-delivery/nikos-greek-taverna/ruYOu12LQKyLZeGSL04SsA,white-plains-new-york
https://www.ubereats.com/nyc-suburbs/food-delivery/panera-377-tarrytown-rd/IikY-hhtRjKCcNJwDlFZsw,white-plains-new-york
https://www.ubereats.com/nyc-suburbs/food-delivery/wood-and-fire/MFvchbUDQtiE2bEBNN4zyA,white-plains-new-york
https://www.ubereats.com/nyc-suburbs/food-delivery/burger-king-265-e-main-st/JBhM1aPcSwqrGOO8FyPdOw,white-plains-new-york
https://www.ubereats.com/nyc-suburbs/food-delivery/river-city-grille/HTl8ChwDREi6KTfYKM0a-A,white-plains-new-york
https://www.ubereats.com/nyc-suburbs/food-delivery/wendys-91-saw-mill-road/adDKxf05Qo-BuaVP2MEOIw,white-plains-new-york
https://www.ubereats.com/nyc-suburbs/food-delivery/sedona-taphouse-mamaroneck/NFwq58_MQmac63bVwVWQQw,white-plains-new-york
https://www.ubereats.com/nyc-suburbs/food-delivery/italian-pavilion-pizzeria/ZA0vuAONRoaL_vyIftx3vg,white-plains-new-york
https://www.ubereats.com/nyc-suburbs/food-delivery/salsa-picante/LdaIWi-mR_y2-2XzQHF38Q,white-plains-new-york
https://www.ubereats.com/nyc-suburbs/food-delivery/the-granola-bar-rye/Qivx6WwaRX-jryu4r7X-rA,white-plains-new-york
https://www.ubereats.com/nyc-suburbs/food-delivery/subway-469-west-putnam-ave/BRUJSZSiRRCpVkVOCICnfg,white-plains-new-york
https://www.ubereats.com/nyc-suburbs/food-delivery/scarsdale-metro-restaurant/9bDcpITRSJu8WCGqUALtYA,white-plains-new-york
https://www.ubereats.com/nyc-suburbs/food-delivery/casa-ditalia/793A73oAQNy54l3fbI52hQ,white-plains-new-york
https://www.ubereats.com/nyc-suburbs/food-delivery/el-miski/wHtXP9r-TB69DzVxsKjjYA,white-plains-new-york
https://www.ubereats.com/nyc-suburbs/food-delivery/ruths-jamaican-hot-%26-cold-deli/B6S-2IJJS-qi4gK9LKYZlA,white-plains-new-york
https://www.ubereats.com/nyc-suburbs/food-delivery/wolf-and-warrior-brewing-company-195-e-post-rd/wDMIoBhcTkiE39rlg7skmQ,white-plains-new-york
https://www.ubereats.com/nyc-suburbs/food-delivery/subway-6-east-main-st/YSbXGHbxTZOUr0-cPuNmrQ,white-plains-new-york
https://www.ubereats.com/nyc-suburbs/food-delivery/dunkin-1481-weaver-st/Z0mTQUYiT6WecACbs02MTg,white-plains-new-york
https://www.ubereats.com/nyc-suburbs/food-delivery/the-pizza-shop/0BVutwq0RGmeeIQkMwYlag,white-plains-new-york
https://www.ubereats.com/nyc-suburbs/food-delivery/la-botte-ristorante/bElL5cLkS_S9_RqYz77Rwg,white-plains-new-york
https://www.ubereats.com/nyc-suburbs/food-delivery/the-halal-guys-the-galleria-mall-100-main-street/11wxJCTyTCS5oRyNFhKmYg,white-plains-new-york
https://www.ubereats.com/nyc-suburbs/food-delivery/honey-baked-ham-57-north-central-avenue/sXLjG3jMRsOYYLdWaawVrg,white-plains-new-york
https://www.ubereats.com/nyc-suburbs/food-delivery/ralphs-famous-italian-ices-white-plains/K7Sk9CbHQKOSK3swkCJjUg,white-plains-new-york
https://www.ubereats.com/nyc-suburbs/food-delivery/wings-inc/scPLv9abQWqnnFK0FYHJWA,white-plains-new-york
https://www.ubereats.com/nyc-suburbs/food-delivery/don-coqui-inwood/Ur-chu3PQIGvUXtl0p2MAQ,white-plains-new-york
https://www.ubereats.com/nyc-suburbs/food-delivery/sapori-italian-restaurant-%26-bar/nNo9z2VYSl-wFVoAau_neQ,white-plains-new-york
https://www.ubereats.com/nyc-suburbs/food-delivery/rancho-grande/Ga_LqKvDTXmE5SGjzPp2Eg,white-plains-new-york
https://www.ubereats.com/nyc-suburbs/food-delivery/maison-margaux/_n0wJvjrS-WzC6c_KSQBqQ,white-plains-new-york
https://www.ubereats.com/nyc-suburbs/food-delivery/wendys-460-w-putnam/xigfc2tYSsOdn30oDCPwNA,white-plains-new-york
https://www.ubereats.com/nyc-suburbs/food-delivery/asian-legend/GYlbxsr9TJakgfqMWpGsmg,white-plains-new-york
https://www.ubereats.com/nyc-suburbs/food-delivery/epsteins-kosher-delicatessen-%26-restaurant/XqbxlVnRStOoHZkmnIHI-A,white-plains-new-york
https://www.ubereats.com/nyc-suburbs/food-delivery/pizzarellis-pizza-%26-pasta/6xIn12AwTiywo9REj5gfZw,white-plains-new-york
https://www.ubereats.com/nyc-suburbs/food-delivery/char-restaurant/RA29H8GfRkqCFMR1R9Asmg,white-plains-new-york
https://www.ubereats.com/nyc-suburbs/food-delivery/mediterraneo-greenwich/qjOaJDa7R4Scp1DC6ashxg,white-plains-new-york
https://www.ubereats.com/nyc-suburbs/food-delivery/lamars-pastry/KEcqkUcXQtuXUxkW7_T6uQ,white-plains-new-york
https://www.ubereats.com/nyc-suburbs/food-delivery/dunkin-3000-merritt-parkway/pA5N4gHCQY2sp0i5igku6g,white-plains-new-york
https://www.ubereats.com/nyc-suburbs/food-delivery/organic-pharmer-rye-brook/zNnAqFXdQzyss5cUxT9Buw,white-plains-new-york
https://www.ubereats.com/nyc-suburbs/food-delivery/india-cafe-white-plains/ml1m0VCGQTKf-RG2mUd0iA,white-plains-new-york
https://www.ubereats.com/nyc-suburbs/food-delivery/pats-deli/hUKhcAgvRxqUu5viXKqdRA,white-plains-new-york
https://www.ubereats.com/nyc-suburbs/food-delivery/taqueria-la-picardia/zNS2vAEhTRyGs-oy6PNqbg,white-plains-new-york
https://www.ubereats.com/nyc-suburbs/food-delivery/cafe-veracruz-1/d7ylY8EURNmhKbJ_m2nB2A,white-plains-new-york
https://www.ubereats.com/nyc-suburbs/food-delivery/calcutta-wrap-%26-roll/JGBkzgsMTPKFT224oEdalw,white-plains-new-york
https://www.ubereats.com/nyc-suburbs/food-delivery/o-mandarin-restaurant/4kqdVOdXTauuLqREE15m9w,white-plains-new-york
https://www.ubereats.com/nyc-suburbs/food-delivery/le-provencal-bistro/icrc5m_nScOlbQmBFpXBlA,white-plains-new-york
https://www.ubereats.com/nyc-suburbs/food-delivery/gabriellas/f5U-7IOVRReEv9mFeKzfeg,white-plains-new-york
https://www.ubereats.com/nyc-suburbs/food-delivery/the-barley-house/wVAsfVN0R3uGpgh4fD0LUg,white-plains-new-york
https://www.ubereats.com/nyc-suburbs/food-delivery/delicias-del-jireh-peruvian-kitchen/X1Ed4p9BQSSauG-GDTv3lw,white-plains-new-york
https://www.ubereats.com/nyc-suburbs/food-delivery/gyu-kaku-japanese-bbq-white-plains/ADCbgyEyRrOtb-tEB1rVOg,white-plains-new-york
https://www.ubereats.com/nyc-suburbs/food-delivery/irvington-delight/4YzDYh2oRMS2wJbOlKAn1A,white-plains-new-york
https://www.ubereats.com/nyc-suburbs/food-delivery/cava-129-w-putnam-ave/AgAyTEr9QDKfhtu9uWGSrQ,white-plains-new-york
https://www.ubereats.com/nyc-suburbs/food-delivery/tous-les-jours-hartsdale/A89F9_1gSu-zq4rUWF2Wlg,white-plains-new-york
https://www.ubereats.com/nyc-suburbs/food-delivery/mariachi-loco-ii/_bK1LDQKQCikS81aCw2HdQ,white-plains-new-york
https://www.ubereats.com/nyc-suburbs/food-delivery/good-to-go-gourmet/AfOEoG6KRNa1X37JyCwsvw,white-plains-new-york
https://www.ubereats.com/nyc-suburbs/food-delivery/good-to-go-rye/gihP_3exSo6DC-aXkMHYbA,white-plains-new-york
https://www.ubereats.com/nyc-suburbs/food-delivery/juarez-mexican-restaurant/K5WFOhHxTVCgrHY07dJaYg,white-plains-new-york
https://www.ubereats.com/nyc-suburbs/food-delivery/seasons-scarsdale-%26-simply-sushi/L-c7NNdbR1CWNwxBYEM21w,white-plains-new-york
https://www.ubereats.com/nyc-suburbs/food-delivery/dunkin-2000-merritt-parkway/k99dLzAOSjGYgtRL99nqnA,white-plains-new-york
https://www.ubereats.com/nyc-suburbs/food-delivery/anthonys-deli/1HkpHoO_T0SyBsTdPNLu_A,white-plains-new-york
https://www.ubereats.com/nyc-suburbs/food-delivery/port-chester-seafood/ITgD8kkHQZikcFMrh0UEZw,white-plains-new-york
https://www.ubereats.com/nyc-suburbs/food-delivery/north-end-tavern/_OFXF9rsRBSr-8icam8HPg,white-plains-new-york
https://www.ubereats.com/nyc-suburbs/food-delivery/metate/-8XWW6N6TOKnee8XaheC5w,white-plains-new-york
https://www.ubereats.com/nyc-suburbs/food-delivery/edo-japanese-steakhouse/F0nMJFhJRNSN1k3RypPjKQ,white-plains-new-york
https://www.ubereats.com/nyc-suburbs/food-delivery/the-town-dock/OHJPgVafRzSqfcaya-MXrA,white-plains-new-york
https://www.ubereats.com/nyc-suburbs/food-delivery/noodle%2B/FOhD_eZ3QvmQfq7RkUaOlw,white-plains-new-york
https://www.ubereats.com/nyc-suburbs/food-delivery/mary-anns/K-xN-o0CTXmaydxYpCTo3w,white-plains-new-york
https://www.ubereats.com/nyc-suburbs/food-delivery/desi-halal/1LrNisrMQrKw5qE46AWYfA,white-plains-new-york
https://www.ubereats.com/nyc-suburbs/food-delivery/bareburger-265-n-central-ave/PeuF8Ic1R0yT8qeeuLMOhg,white-plains-new-york
https://www.ubereats.com/nyc-suburbs/food-delivery/smallcakes-scarsdale-greenville/el-C5uJeQi-mIgmGFaEJOQ,white-plains-new-york
https://www.ubereats.com/nyc-suburbs/food-delivery/smashburger-49-tarrytown-rd/kQ4Xl9S0SlCY1JuX7_0Yrw,white-plains-new-york
https://www.ubereats.com/nyc-suburbs/food-delivery/starbucks-hartsdale-south-central-ave/k92Jv3uCSR2u2oauqkqzkw,white-plains-new-york
https://www.ubereats.com/nyc-suburbs/food-delivery/buon-amici-italian-cuisine/SzVm73ACSjaVR_YeMgFKRg,white-plains-new-york
https://www.ubereats.com/nyc-suburbs/food-delivery/zenzo-sushi/9orxs8oTR7GiWCOSoxrx6g,white-plains-new-york
https://www.ubereats.com/nyc-suburbs/food-delivery/delectable-deli/WljfjUV_TJWps-zzk99nxg,white-plains-new-york
https://www.ubereats.com/nyc-suburbs/food-delivery/sals-pizzeria/bxvabFOwRwSPxYpKo4YQKA,white-plains-new-york
https://www.ubereats.com/nyc-suburbs/food-delivery/star-diner/VRTBLLhqT86XOmgu9hTkGA,white-plains-new-york
https://www.ubereats.com/nyc-suburbs/food-delivery/taco-shack/4-xoL8tVRNa67H6JlBx6NQ,white-plains-new-york
https://www.ubereats.com/nyc-suburbs/food-delivery/wedged-in-deli-%26-catering/Gi91d48PT-qqJEEdR3Rn9w,white-plains-new-york
https://www.ubereats.com/nyc-suburbs/food-delivery/giovannis-pizza/ltgNJpqvSoGaFU-r1r4YxQ,white-plains-new-york
https://www.ubereats.com/nyc-suburbs/food-delivery/teresas-bakery-and-cafe/LZiwhTf2S1S2BBXvVZX8mw,white-plains-new-york
https://www.ubereats.com/nyc-suburbs/food-delivery/modern-on-the-rails-westchester/YCPu8PlrR1mgg1NjO3rUxA,white-plains-new-york
https://www.ubereats.com/nyc-suburbs/food-delivery/chutney-masala-bistro/pXBKtlzQRD2q7ppzxPyEtg,white-plains-new-york
https://www.ubereats.com/nyc-suburbs/food-delivery/little-thai-kitchen-greenwich/mB3d49wySTSbs1imxO7y9g,white-plains-new-york
https://www.ubereats.com/nyc-suburbs/food-delivery/kiosko-restaurant/FR05OVYwRWK_YA4yBuePaA,white-plains-new-york
https://www.ubereats.com/nyc-suburbs/food-delivery/durian-thai-food/djUTP89ZT2mlQ_0pYCQ2CQ,white-plains-new-york
https://www.ubereats.com/nyc-suburbs/food-delivery/wendys-33-sawmill-river-road/g33PL1ixRHez6RkNvZF19Q,white-plains-new-york
https://www.ubereats.com/nyc-suburbs/food-delivery/chigo/ohDmQlXwT4Ktxl1kANqHwA,white-plains-new-york
https://www.ubereats.com/nyc-suburbs/food-delivery/tacotalk/4kK8fxX_QVCLbkLRetshow,white-plains-new-york
https://www.ubereats.com/nyc-suburbs/food-delivery/buddha-asian-bistro-%26-hibachi/-PX0JpSESKeKWwn7wkH0BA,white-plains-new-york
https://www.ubereats.com/nyc-suburbs/food-delivery/cravwings/jVe9vRpMQkepo_YroFFOKA,white-plains-new-york
https://www.ubereats.com/nyc-suburbs/food-delivery/humble-garden/xuW6FwWYS4e272E-UeQi6Q,white-plains-new-york
https://www.ubereats.com/nyc-suburbs/food-delivery/808-grill/FAtnc24GQvCkFXT59D9Ndw,white-plains-new-york
https://www.ubereats.com/nyc-suburbs/food-delivery/the-urban-hamlet/BpMSUQC7QViE-XauXJbiow,white-plains-new-york
https://www.ubereats.com/nyc-suburbs/food-delivery/lago-ristorante-white-plains/-v0tdHtIQHSJ4sFrbFLF-Q,white-plains-new-york
https://www.ubereats.com/nyc-suburbs/food-delivery/bagels-and-more/AggAFJiHSTa3tzkStuYBWw,white-plains-new-york
https://www.ubereats.com/nyc-suburbs/food-delivery/starbucks-hartsdale-train-station/Ve_xgijpTeK2PfvKoIlIzg,white-plains-new-york
https://www.ubereats.com/nyc-suburbs/food-delivery/walters-hot-dogs-mamaroneck-flagship/MGXLg0qUQ8SMbQ-ZYe7spQ,white-plains-new-york
https://www.ubereats.com/nyc-suburbs/food-delivery/milan-grill-and-deli/tnbXd5qURYW-9E5BSX5npg,white-plains-new-york
https://www.ubereats.com/nyc-suburbs/food-delivery/nikko-hibachi/3OzOhrSOQhq5qGTHyOri-w,white-plains-new-york
https://www.ubereats.com/nyc-suburbs/food-delivery/fez-turkish-meze/bcXt8QMsTaKgHYvlbY3zHw,white-plains-new-york
https://www.ubereats.com/nyc-suburbs/food-delivery/peachwave-frozen-yogurt-hartsdale-ave/6jar-nOWTTaCAOjixtA9Cg,white-plains-new-york
https://www.ubereats.com/nyc-suburbs/food-delivery/karamba-restaurant/AG45i9-pTve9KnU6jjOY3A,white-plains-new-york
https://www.ubereats.com/nyc-suburbs/food-delivery/tommys-deli-cafe/XGEqjbKGSOOABwt2ow2o8A,white-plains-new-york
https://www.ubereats.com/nyc-suburbs/food-delivery/my-tokyo/EwWn7bFUT1aZ5YdyKD4ilQ,white-plains-new-york
https://www.ubereats.com/nyc-suburbs/food-delivery/applebees-northwest-yonkers/jDLH_U5bSZ602f0Y5fGGug,white-plains-new-york
https://www.ubereats.com/nyc-suburbs/food-delivery/mancora-resturant/aPHoryiRSO2lBKEQQVS6sg,white-plains-new-york
https://www.ubereats.com/nyc-suburbs/food-delivery/longfords-ice-cream-rye/WjsvMYl0R_SD0nZcEPYIZw,white-plains-new-york
https://www.ubereats.com/nyc-suburbs/food-delivery/the-souvlaki-truck/3FZF5lc_Q8K3q2p6VnKbBw,white-plains-new-york
https://www.ubereats.com/nyc-suburbs/food-delivery/parkway-delicatessen/Amb99WVdQ3azRrovD8Xykg,white-plains-new-york
https://www.ubereats.com/nyc-suburbs/food-delivery/chipotle-mexican-grill-250-main-st-ste-101/_rMafc31Q7KMXFrAfAi12Q,white-plains-new-york
https://www.ubereats.com/nyc-suburbs/food-delivery/la-taqueria/vjEEPkcuR16DifSSbOqs5Q,white-plains-new-york
https://www.ubereats.com/nyc-suburbs/food-delivery/metro-deli/fXVkQL3oSyyuTn-nDYHOpg,white-plains-new-york
https://www.ubereats.com/nyc-suburbs/food-delivery/szechuan-garden-chinese-restaurant/xMzArOa3SYmY4dt_knd-rw,white-plains-new-york
https://www.ubereats.com/nyc-suburbs/food-delivery/dig-rye-brook/qNWm_QsUQKOgxbpnQQj2yQ,white-plains-new-york
https://www.ubereats.com/nyc-suburbs/food-delivery/india-avenue/7KtJKwzaQ-ORUZPQM8m3zw,white-plains-new-york
https://www.ubereats.com/nyc-suburbs/food-delivery/el-festejo-restaurant/UCc9VqKTR4apMR7dV_sNdg,white-plains-new-york
https://www.ubereats.com/nyc-suburbs/food-delivery/la-perla-poblanita/IUYpmzfRQzqt3oDLvkXPBw,white-plains-new-york
https://www.ubereats.com/nyc-suburbs/food-delivery/ihop-28-s-central-avenue/U4dlOievTcyjCwP4i_cI9w,white-plains-new-york
https://www.ubereats.com/nyc-suburbs/food-delivery/five-guys-ny-1279-240-main-st/qiTnAe95Q_iQmuyoNdWq_A,white-plains-new-york
https://www.ubereats.com/nyc-suburbs/food-delivery/dunkin-2365-central-park-ave/1qetnt_6RLu_pgtrViiaHg,white-plains-new-york
https://www.ubereats.com/nyc-suburbs/food-delivery/sunshine-buddha-llc/887DYo-tTAGQQ2KOMYCLBA,white-plains-new-york
https://www.ubereats.com/nyc-suburbs/food-delivery/dunkin-425-central-park-ave/9iEbV9fJQjq-TurIh2xugQ,white-plains-new-york
https://www.ubereats.com/nyc-suburbs/food-delivery/mamaroneck-deli/uchDvlobSqOzmuQkyotEbA,white-plains-new-york
https://www.ubereats.com/nyc-suburbs/food-delivery/doms-deli-%26-grille-house/jpp8reqWT227Nxm7JILqtg,white-plains-new-york
https://www.ubereats.com/nyc-suburbs/food-delivery/prima-deli-%26-catering/RbRxFUJiQHyHUy3ceNKhHA,white-plains-new-york
https://www.ubereats.com/nyc-suburbs/food-delivery/kiku-sushi-irvington/Yx3iU-7oQIOi7iixLZkdVg,white-plains-new-york
https://www.ubereats.com/nyc-suburbs/food-delivery/rye-ridge-deli-rye-brook/dgvkbYRbTXSTNp_thkRBYw,white-plains-new-york
https://www.ubereats.com/nyc-suburbs/food-delivery/granita-cucina-%26-bar/2ZcQYavATTCW2Bz87W5MmA,white-plains-new-york
https://www.ubereats.com/nyc-suburbs/food-delivery/lillys/dKigndr7Q46Ak-I1V35s6g,white-plains-new-york
https://www.ubereats.com/nyc-suburbs/food-delivery/venutis-deli/RkrV4UZyT8qHZLjIqK1dqw,white-plains-new-york
https://www.ubereats.com/nyc-suburbs/food-delivery/sabrosito/uUaa997oTFCAXv7bSGhmzg,white-plains-new-york
https://www.ubereats.com/nyc-suburbs/food-delivery/freckles-juice-bar-mamaroneck/i86uT3AzRFaDng4Dk0UPFA,white-plains-new-york
https://www.ubereats.com/nyc-suburbs/food-delivery/carvel-641-halstead-ave/esotBEvbRYmJT2COKZkdQw,white-plains-new-york
https://www.ubereats.com/nyc-suburbs/food-delivery/elevation-burger-176-south-ridge-street/Z3FFctkOT7SPz0kIf245Bg,white-plains-new-york
https://www.ubereats.com/nyc-suburbs/food-delivery/casaletto-restaurant/AjJNC3nuQzqF-7lVZkRpnA,white-plains-new-york
https://www.ubereats.com/nyc-suburbs/food-delivery/sweet-charlies/nDo4G89FTqCgEdBISZstzg,white-plains-new-york
https://www.ubereats.com/nyc-suburbs/food-delivery/jersey-mikes-subs/_jZVbJLQSvOmP0WygrppNA,white-plains-new-york
https://www.ubereats.com/nyc-suburbs/food-delivery/gateway-foods-holding-inc/TIErUOAtR0airNpro2sX0A,white-plains-new-york
https://www.ubereats.com/nyc-suburbs/food-delivery/chipotle-mexican-grill-405-tarrytown-rd/ZP91e8G7TUyQB2X1zgn6Uw,white-plains-new-york
https://www.ubereats.com/nyc-suburbs/food-delivery/silver-lake-asian-fusion-%26-sushi-bar/hVfFMhFVSr-eQO-EaivDzw,white-plains-new-york
https://www.ubereats.com/nyc-suburbs/food-delivery/inca-gaucho/2qk8nTMtQx-lwKa--D21mg,white-plains-new-york
https://www.ubereats.com/nyc-suburbs/food-delivery/cravin-jamaican-cuisine/1Uj4tqcJSJSVgoaFrt50qA,white-plains-new-york
https://www.ubereats.com/nyc-suburbs/food-delivery/nonna-carola/KGQ-TDsbSYG33JrfkQ4qxg,white-plains-new-york
https://www.ubereats.com/nyc-suburbs/food-delivery/pleasantville-diner-restaurant/3tVADrcDTaKTBP0XraqM_Q,white-plains-new-york
https://www.ubereats.com/nyc-suburbs/food-delivery/gallo-deli/cYvew2tpQG-jKHVxRESJOQ,white-plains-new-york
https://www.ubereats.com/nyc-suburbs/food-delivery/feel-burger/-6jNpjwTSUaP4ZnOMHHxsg,white-plains-new-york
https://www.ubereats.com/nyc-suburbs/food-delivery/kee-oyster-house/-LK3fexyQ5iI5bON-DjxRQ,white-plains-new-york
https://www.ubereats.com/nyc-suburbs/food-delivery/kennedy-fried-chicken-portchester/W6JLPH3OTTSC9rQcqZYR4Q,white-plains-new-york
https://www.ubereats.com/nyc-suburbs/food-delivery/bagelicious-cafe/9AOiy23MTVaQgPEKUzgEmA,white-plains-new-york
https://www.ubereats.com/nyc-suburbs/food-delivery/banzai-steakhouse-inc/hJMsvb5qTPWHE-6U_i6E1g,white-plains-new-york
https://www.ubereats.com/nyc-suburbs/food-delivery/bravo-peru-takeout/KRfiLh1hSMmLIMdnSyOVFA,white-plains-new-york
https://www.ubereats.com/nyc-suburbs/food-delivery/murrays-ice-cream/7OUgcCgRSDaodp6uAS4mzA,white-plains-new-york
https://www.ubereats.com/nyc-suburbs/food-delivery/rivertown-burgers/aQjacxSZTM-mE1YhQ5ryQw,white-plains-new-york
https://www.ubereats.com/nyc-suburbs/food-delivery/gaucho-burger-company/OaffcXSeR6uHP5cbVzkW8A,white-plains-new-york
https://www.ubereats.com/nyc-suburbs/food-delivery/mickey-spillanes/MVt2UDu5RaOayQsvoTww-w,white-plains-new-york
https://www.ubereats.com/nyc-suburbs/food-delivery/dunkin-182-saw-mill-river-rd/-osLM0FiQ0ifjJv5qCHX3g,white-plains-new-york
https://www.ubereats.com/nyc-suburbs/food-delivery/dennys-buffet/nwnSVWzkREaljdYyqneahQ,white-plains-new-york
https://www.ubereats.com/nyc-suburbs/food-delivery/scoop-shop/WAjJ5h51RC2c_v5fjY1FMQ,white-plains-new-york
https://www.ubereats.com/nyc-suburbs/food-delivery/beechmont-tavern/pUDDVpToRdS9eMStT_VFuQ,white-plains-new-york
https://www.ubereats.com/nyc-suburbs/food-delivery/burger-king-100-main-st/bRyzh_g7R1-coYQfrl5XMg,white-plains-new-york
https://www.ubereats.com/nyc-suburbs/food-delivery/purchase-country-market/UU910aOpSYCvRRSzdc8XPg,white-plains-new-york
https://www.ubereats.com/nyc-suburbs/food-delivery/hollywood-chicken-%26-international-foods/ocQeyMu2RfeXdStjF8VvTQ,white-plains-new-york
https://www.ubereats.com/nyc-suburbs/food-delivery/subway-262-boston-post-rd/Xrcyx0bMQN2d4L-QXzfEWA,white-plains-new-york
https://www.ubereats.com/nyc-suburbs/food-delivery/tredici-north/ggIlcnUbT7i1gTvBbQ21OA,white-plains-new-york
https://www.ubereats.com/nyc-suburbs/food-delivery/gogoeatery-partner-1000002/Vez-Gj6cRRukOKaVXgV1dw,white-plains-new-york
https://www.ubereats.com/nyc-suburbs/food-delivery/robertos-grill-cafe/2Mz9EQWiSZGMcGFmJff35g,white-plains-new-york
https://www.ubereats.com/nyc-suburbs/food-delivery/glory-days-diner-restaurant/Mjm7MLBvQ6ma3wY32LEHig,white-plains-new-york
https://www.ubereats.com/nyc-suburbs/food-delivery/greenlife/tb93EloYTvq5WScmKR_E7g,white-plains-new-york
https://www.ubereats.com/nyc-suburbs/food-delivery/dimitris-gyro-grill-harrison/_Tq3j67yTfuP5AtnEbTYdg,white-plains-new-york
https://www.ubereats.com/nyc-suburbs/food-delivery/bangkok-city-5th-ave/WksN77w3Sgm9WF6NosK4PQ,white-plains-new-york
https://www.ubereats.com/nyc-suburbs/food-delivery/aurora/GpAF3sqXQ8uyUEfM1N3Ieg,white-plains-new-york
https://www.ubereats.com/nyc-suburbs/food-delivery/tonys-pizzeria/7ZF1SOCHRRWO4N2raCZY4A,white-plains-new-york
https://www.ubereats.com/nyc-suburbs/food-delivery/white-plains-coach-diner/nzsds__eS5mNmnmGheWdRg,white-plains-new-york
https://www.ubereats.com/nyc-suburbs/food-delivery/aquario-restaurant/DRq-wD7PSuqExaS8Ick3rg,white-plains-new-york
https://www.ubereats.com/nyc-suburbs/food-delivery/uno-pizzeria-%26-grill-14-martine-ave/QbYa07pIRxm7--FY65AMlg,white-plains-new-york
https://www.ubereats.com/nyc-suburbs/food-delivery/organic-pharmer-scarsdale/yH6PXZeOTzO5n_FTiqmiyA,white-plains-new-york
https://www.ubereats.com/nyc-suburbs/food-delivery/harvest-on-hudson/QDc84YnETQ2B4aoNEws50A,white-plains-new-york
https://www.ubereats.com/nyc-suburbs/food-delivery/trax-side-cafe/L4aYqRBVRyKf97x9nfq0YA,white-plains-new-york
https://www.ubereats.com/nyc-suburbs/food-delivery/pasquale-ristorante/ZvS2KIN5QXiX5GkpNSBGhQ,white-plains-new-york
https://www.ubereats.com/nyc-suburbs/food-delivery/tgi-fridays-791-scarsdale-ny/BDAT-x3FR8qi-15n0dcaqQ,white-plains-new-york
https://www.ubereats.com/nyc-suburbs/food-delivery/saru/cG5Rk3GxTWWKsdQRPRvmgw,white-plains-new-york
https://www.ubereats.com/nyc-suburbs/food-delivery/rocotos-deli-%26-cafe/k5sHWPw0TAmklLBW2OVlEw,white-plains-new-york
https://www.ubereats.com/nyc-suburbs/food-delivery/moonlight-on-the-ave/c0nzpFf1TaWSDILS398gTA,white-plains-new-york
https://www.ubereats.com/nyc-suburbs/food-delivery/dunkin-427-e-boston-post-rd/0kGFsj7bTnuuw5hKRFA8dQ,white-plains-new-york
https://www.ubereats.com/nyc-suburbs/food-delivery/the-rye-roadhouse/C-BZNQKOTIaUe1tZP5ksOw,white-plains-new-york
https://www.ubereats.com/nyc-suburbs/food-delivery/mcdonalds-port-chester-boston-post-rd/wF5MAj5IS96UADMsEB2jxg,white-plains-new-york
https://www.ubereats.com/nyc-suburbs/food-delivery/frank-%26-joes-deli-of-scarsdale/vAW0gg0wSk2g9H6TZFHd4w,white-plains-new-york
https://www.ubereats.com/nyc-suburbs/food-delivery/tvb-by-pax-romana/5SA6wn0aQ_CzgL9rffEejA,white-plains-new-york
https://www.ubereats.com/nyc-suburbs/food-delivery/turquoise/GYn76ehZTKClQpl-K9Yrzg,white-plains-new-york
https://www.ubereats.com/nyc-suburbs/food-delivery/inca-gaucho/H-RmeQuIS7qd9mesWq4uXg,white-plains-new-york
https://www.ubereats.com/nyc-suburbs/food-delivery/long-island-bagel-cafe/t0GUlFAwS1q6XdDCe_tLcQ,white-plains-new-york
https://www.ubereats.com/nyc-suburbs/food-delivery/oishinbo/fzWcnAu5Rda9qPK98cFPDA,white-plains-new-york
https://www.ubereats.com/nyc-suburbs/food-delivery/cafe-la-fondita-mamaroneck/kYxL0epzR3Gkutay50hejw,white-plains-new-york
https://www.ubereats.com/nyc-suburbs/food-delivery/little-kitchen/lbYVCasOSqCdrWPDswtK5g,white-plains-new-york
https://www.ubereats.com/nyc-suburbs/food-delivery/mamaroneck-diner-%26-pizza/neCzkT3MTF2q5ZXgGjgehA,white-plains-new-york
https://www.ubereats.com/nyc-suburbs/food-delivery/copper-house/B-n0PRTST72auI6SXpRSWA,white-plains-new-york
https://www.ubereats.com/nyc-suburbs/food-delivery/kfc-taco-bell-350-saw-mill-river-road/DlRIOQL3QxK_6kEkCeo35w,white-plains-new-york
https://www.ubereats.com/nyc-suburbs/food-delivery/espresso-cafe-and-deli/oXLf3KZjTzWh_wGyhF7jEA,white-plains-new-york
https://www.ubereats.com/nyc-suburbs/food-delivery/townhouse-diner/J3D4R5rYTYmsRgeRICWZaw,white-plains-new-york
https://www.ubereats.com/nyc-suburbs/food-delivery/subway-201-tarrytown-rd/EpKM6-moRkmMk9YD4d9_-g,white-plains-new-york
https://www.ubereats.com/nyc-suburbs/food-delivery/elmsford-fish-house/hwlnGgJUQEOlLgwc4Riwzw,white-plains-new-york
https://www.ubereats.com/nyc-suburbs/food-delivery/village-creamery-%26-sweet-shop/6g8TOtCrRtayYq1b1zLaug,white-plains-new-york
https://www.ubereats.com/nyc-suburbs/food-delivery/sobol-yonkers/d-BL4HLCQOeIaucL9_yhdQ,white-plains-new-york
https://www.ubereats.com/nyc-suburbs/food-delivery/mediterraneo-white-plains/ERRl_XKYTW2OZgJQWGq6lQ,white-plains-new-york
https://www.ubereats.com/nyc-suburbs/food-delivery/smokehouse-tailgate-grill/UdfVKmg5S-WA5URaA-7vjQ,white-plains-new-york
https://www.ubereats.com/nyc-suburbs/food-delivery/umami-sushi/ZLxx7S3vQ22SjIYgLLi9LQ,white-plains-new-york
https://www.ubereats.com/nyc-suburbs/food-delivery/casa-maya-authentic-mexican-cuisine/dTOMTlIvSOm2Rv8gNEPiBw,white-plains-new-york
https://www.ubereats.com/nyc-suburbs/food-delivery/red-lobster-999-central-park-ave/wP3vv9OHRPmuWFs6BpbnOQ,white-plains-new-york
https://www.ubereats.com/nyc-suburbs/food-delivery/kalbi-house/9kE04WfBT5Of5RAd7SDy9A,white-plains-new-york
https://www.ubereats.com/nyc-suburbs/food-delivery/sazon-peruana/ub3WurtfSdGQRD-iL0Md4g,white-plains-new-york
https://www.ubereats.com/nyc-suburbs/food-delivery/next-stop-gourmet/1j0e2BqETiCvS8b9e6NZGQ,white-plains-new-york
https://www.ubereats.com/nyc-suburbs/food-delivery/pressed-juicery-greenwich/lsDc-y3OSTyWfefgqLiQCg,white-plains-new-york
https://www.ubereats.com/nyc-suburbs/food-delivery/turkish-cuisine/t2xnU0hgT5mBdsVUHWfkKg,white-plains-new-york
https://www.ubereats.com/nyc-suburbs/food-delivery/lombardos-pizza/V3g_lC14SAKIOm54snwoAg,white-plains-new-york
https://www.ubereats.com/nyc-suburbs/food-delivery/buddha/P-Ftx0hiSp2LAhxjb7hLFQ,white-plains-new-york
https://www.ubereats.com/nyc-suburbs/food-delivery/taste-of-china-tarrytown/rG_FOrnSRnOwZbNNdVsNQw,white-plains-new-york
https://www.ubereats.com/nyc-suburbs/food-delivery/sushi-mikes/Z6MhNQWPTWWCDCteF3tzLg,white-plains-new-york
https://www.ubereats.com/nyc-suburbs/food-delivery/taco-bell-303-boston-post-rd/RR1YjHx3RKmrM8Y_OvM7hw,white-plains-new-york
https://www.ubereats.com/nyc-suburbs/food-delivery/salsa-fresca-mexican-grill-mamaroneck/ClC75qx0QomaZY8r4csnPA,white-plains-new-york
https://www.ubereats.com/nyc-suburbs/food-delivery/gourmet-noodles/E3e5WE6KQg2nz4xWlyHGqw,white-plains-new-york
https://www.ubereats.com/nyc-suburbs/food-delivery/hubba/ecIqyXaZTfCognXJWPC-aA,white-plains-new-york
https://www.ubereats.com/nyc-suburbs/food-delivery/el-cantito-cafe/26EcHy1_RkO1XcbmiEvJZQ,white-plains-new-york
https://www.ubereats.com/nyc-suburbs/food-delivery/little-drunken-chef/N0zRxOLIRpSaW3Jabtfcrg,white-plains-new-york
https://www.ubereats.com/nyc-suburbs/food-delivery/16-handles-white-plains/KhX5HSXRQBm7L9-Gq0W1nw,white-plains-new-york
https://www.ubereats.com/nyc-suburbs/food-delivery/silver-lake-murayama/lwpvWvjASR6J0WzQnAZTXQ,white-plains-new-york
https://www.ubereats.com/nyc-suburbs/food-delivery/dunkin-623-w-putnam-ave/_GocPBuvRXuhON9_SEPrAw,white-plains-new-york
https://www.ubereats.com/nyc-suburbs/food-delivery/damore/dUExBjbVTt2G58zry_bOVg,white-plains-new-york
https://www.ubereats.com/nyc-suburbs/food-delivery/hastings-tea-%26-coffee/ZLhuxiYtR8iAWxHyMoaZuw,white-plains-new-york
https://www.ubereats.com/nyc-suburbs/food-delivery/ralphs-famous-italian-ices/_F4_1ntsTsiWLwOonrtUUg,white-plains-new-york
https://www.ubereats.com/nyc-suburbs/food-delivery/chop-%26-go/4yrcSHSnTF6xMwpPbMN1Pg,white-plains-new-york
https://www.ubereats.com/nyc-suburbs/food-delivery/lubin-n-links/MrzgDEWIShmL4V6FkAUbUg,white-plains-new-york
