url,city
https://www.ubereats.com/milwaukee/food-delivery/mod-pizza-tosa-village/G0E4lDMxT0ec_2Yc2kqTsA,whitefish-bay-wisconsin
https://www.ubereats.com/milwaukee/food-delivery/screaming-tuna/myXK8IlmROWUcU1n_epStg,whitefish-bay-wisconsin
https://www.ubereats.com/milwaukee/food-delivery/scrambled!-oakland-%26-north/Jp99a9HFRcqp5kpmMpioAg,whitefish-bay-wisconsin
https://www.ubereats.com/milwaukee/food-delivery/potbelly-sandwich-shop-bayshore-mall-%7C-109/PzPGDzM0RoWOv2Av7svxfA,whitefish-bay-wisconsin
https://www.ubereats.com/milwaukee/food-delivery/sals-pizza-eastside/9exuJ5FGSaGH0or84i-8NA,whitefish-bay-wisconsin
https://www.ubereats.com/milwaukee/food-delivery/panera-5595-n-port-washington-road/pnSiDQj1QWevwoxoGjnG0Q,whitefish-bay-wisconsin
https://www.ubereats.com/milwaukee/food-delivery/taco-bell-5751-west-fon-du-lac/QXGvVXR7SHK_zrxKKJORxw,whitefish-bay-wisconsin
https://www.ubereats.com/milwaukee/food-delivery/the-pasta-tree-restaurant-%26-wine-bar/OWl0vfs9RwuLgBvdY_HPDg,whitefish-bay-wisconsin
https://www.ubereats.com/milwaukee/food-delivery/papa-johns-brown-deer/mu0xf-WHQIm-7Da80hlT4Q,whitefish-bay-wisconsin
https://www.ubereats.com/milwaukee/food-delivery/colectivo-prospect/POB_qhdqRsqGxM8UfIr8UQ,whitefish-bay-wisconsin
https://www.ubereats.com/milwaukee/food-delivery/cousins-subs-7140-n-76th-st/W-vGZwM7Tqu2dUuuC7td-A,whitefish-bay-wisconsin
https://www.ubereats.com/milwaukee/food-delivery/sake-tumi/mOpZN4V0SNa85Hb9jWYQxQ,whitefish-bay-wisconsin
https://www.ubereats.com/milwaukee/food-delivery/champion-chicken/KJlTFfC3SECvMlPK2XmFkQ,whitefish-bay-wisconsin
https://www.ubereats.com/milwaukee/food-delivery/rise-and-grind-cafe/h-f52FPmRmSx6zcaN8Ietw,whitefish-bay-wisconsin
https://www.ubereats.com/milwaukee/food-delivery/the-mecca-sports-bar-and-grill/OkTxTphbRjCK3KgazJwLkQ,whitefish-bay-wisconsin
https://www.ubereats.com/milwaukee/food-delivery/wild-wild-wings-silver-spring-%26-port-washington/S6Ts7kMrQMyeEPcxYVUE3w,whitefish-bay-wisconsin
https://www.ubereats.com/milwaukee/food-delivery/crispy-kitchen/oKhe2LWTQQ64qUXU9yw8CA,whitefish-bay-wisconsin
https://www.ubereats.com/milwaukee/food-delivery/mcdonalds-north-%26-67th-st/PENYbFhTSE-OxpoVnH0C1Q,whitefish-bay-wisconsin
https://www.ubereats.com/milwaukee/food-delivery/jaj-sharks-fish-and-chicken/GW5ecGGLQ4KgRtzi3BaBLA,whitefish-bay-wisconsin
https://www.ubereats.com/milwaukee/food-delivery/fauntleroy/6Ntu3z5yQSq6DQ6ePO0XSg,whitefish-bay-wisconsin
https://www.ubereats.com/milwaukee/food-delivery/harrys-bar-and-grill/79fPolpuSAqdcmEn4lPzAQ,whitefish-bay-wisconsin
https://www.ubereats.com/milwaukee/food-delivery/potbelly-sandwich-shop-prospect-%26-ivanhoe-%7C-318/6G0n1rqDTNi4CQiaayaNkw,whitefish-bay-wisconsin
https://www.ubereats.com/milwaukee/food-delivery/burger-king-4040-north-green-bay-avenue/693Aml2NS5iysYl6MaUwvA,whitefish-bay-wisconsin
https://www.ubereats.com/milwaukee/food-delivery/rocky-rococos/0y45Fo0qToyDVv76if1IkA,whitefish-bay-wisconsin
https://www.ubereats.com/milwaukee/food-delivery/mod-pizza-shorewood/z_c9kMWETH-0Tb1lHhu6ug,whitefish-bay-wisconsin
https://www.ubereats.com/milwaukee/food-delivery/chard/SxnNzLXYQJSTiHzaQE_X5g,whitefish-bay-wisconsin
https://www.ubereats.com/milwaukee/food-delivery/county-clare-irish-inn-and-pub/tKiAVljmSOmW443ahWJWoQ,whitefish-bay-wisconsin
https://www.ubereats.com/milwaukee/food-delivery/zaza-steak-%26-lemonade-milwaukee/5MW1g8bcTyKrR3e7euaEjw,whitefish-bay-wisconsin
https://www.ubereats.com/milwaukee/food-delivery/dunkin-7272-n-76th-st/0c_t1gBTTh-uzAfP6qRlTw,whitefish-bay-wisconsin
https://www.ubereats.com/milwaukee/food-delivery/pho-one24/2bzAAreKQZ-vIhlc_fawPg,whitefish-bay-wisconsin
https://www.ubereats.com/milwaukee/food-delivery/dandan/UfEut8D-QOmprm_zZLVtSg,whitefish-bay-wisconsin
https://www.ubereats.com/milwaukee/food-delivery/kfc-7242-n-teutonia-ave/KSmqEhflSPGC13nE0TeU1Q,whitefish-bay-wisconsin
https://www.ubereats.com/milwaukee/food-delivery/cream-city-cluckery/6rQIBRDTRwmPWyTz10g9EA,whitefish-bay-wisconsin
https://www.ubereats.com/milwaukee/food-delivery/taco-bell-5630-w-north-ave/UXD2zl_0ToOIVeTh1dSIdw,whitefish-bay-wisconsin
https://www.ubereats.com/milwaukee/food-delivery/pita-pit-farwell/3__o4C4LTDy-77Wtd9TaYA,whitefish-bay-wisconsin
https://www.ubereats.com/milwaukee/food-delivery/california-pizza-kitchen-5665-north-centerpark-way-unti-n-141/k38SkDFfTKSdYV982ZisiQ,whitefish-bay-wisconsin
https://www.ubereats.com/milwaukee/food-delivery/hemp-world-cafe/Lr5fdcn4TTyGoXkWVKvFyw,whitefish-bay-wisconsin
https://www.ubereats.com/milwaukee/food-delivery/fiyahside/OB9Scp8HQuOco9e63wkwXw,whitefish-bay-wisconsin
https://www.ubereats.com/milwaukee/food-delivery/pizza-studio-6969-n-port-washington-rd-b110/gGQqzzdiT5yfrg5lW89yNg,whitefish-bay-wisconsin
https://www.ubereats.com/milwaukee/food-delivery/roast-coffee-company/7y5WyU7KQPyrH-fOUawnDA,whitefish-bay-wisconsin
https://www.ubereats.com/milwaukee/food-delivery/pizza-crafters/4nK7jiwvQBaF4af9xGrldg,whitefish-bay-wisconsin
https://www.ubereats.com/milwaukee/food-delivery/potbelly-sandwich-shop-mayfair-%7C-469/QIWjyJSATNKwvnMgLEnSzg,whitefish-bay-wisconsin
https://www.ubereats.com/milwaukee/food-delivery/fairgrounds-cafe-yankee-hill/NX_PyjTCQcaKm65waTT1ZA,whitefish-bay-wisconsin
https://www.ubereats.com/milwaukee/food-delivery/toppers-pizza-milwaukee-eastside/3lB5DT5bTpyJRP6Q8Z31pA,whitefish-bay-wisconsin
https://www.ubereats.com/milwaukee/food-delivery/buffalo-boss/hlEVLgTYRhO8dlB6ONAv3Q,whitefish-bay-wisconsin
https://www.ubereats.com/milwaukee/food-delivery/shake-shack-220-e-buffalo-street/B9utRyZyQfyFR9mWLFlaXA,whitefish-bay-wisconsin
https://www.ubereats.com/milwaukee/food-delivery/k-%26-d-hot-eatz/k8ms-930TpKBEhmblVBlcA,whitefish-bay-wisconsin
https://www.ubereats.com/milwaukee/food-delivery/aa-wok-zone-milwaukee/Zv-9SThfRa2uW0BneLDwmA,whitefish-bay-wisconsin
https://www.ubereats.com/milwaukee/food-delivery/dsign-pizza/kGOWQHj0Rw2OkOGLB6Piqw,whitefish-bay-wisconsin
https://www.ubereats.com/milwaukee/food-delivery/pluto-nile/kBXU25LHQq-t36FGnX7Hwg,whitefish-bay-wisconsin
https://www.ubereats.com/milwaukee/food-delivery/mke-chicken-and-wing-company/aN1cKPsfStuhdJF0Jk371A,whitefish-bay-wisconsin
https://www.ubereats.com/milwaukee/food-delivery/gyro-mke/mvYi_0-LQ3u6vf-dJ61BYg,whitefish-bay-wisconsin
https://www.ubereats.com/milwaukee/food-delivery/the-iron-hotel/9v_4tZVYR1CBRpHhMTGTLQ,whitefish-bay-wisconsin
https://www.ubereats.com/milwaukee/food-delivery/bonobo-american-bistro/v12___U3R7yoK3T1pMZqmA,whitefish-bay-wisconsin
https://www.ubereats.com/milwaukee/food-delivery/perkins-boyz-on-tha-grill-llc/BkrMVVUhS3ays4P2Pi7vZw,whitefish-bay-wisconsin
https://www.ubereats.com/milwaukee/food-delivery/athenos-gyros-silver-spring-%26-port-washington/0KNTulDOQ1uCidgutDbosg,whitefish-bay-wisconsin
https://www.ubereats.com/milwaukee/food-delivery/colectivo-bayshore-town-center/1f-KvKtaTaaaVsRPEr2MCQ,whitefish-bay-wisconsin
https://www.ubereats.com/milwaukee/food-delivery/sobelmans-pub-and-grill-northshore/YPW8X8bLSOGSYOiS4lorPw,whitefish-bay-wisconsin
https://www.ubereats.com/milwaukee/food-delivery/judy-hot-dogs/HRG7PGP7QLSif0ylpAV-TQ,whitefish-bay-wisconsin
https://www.ubereats.com/milwaukee/food-delivery/fusion-poke/BvS7_GPdSZeMGsEkQzlKyA,whitefish-bay-wisconsin
https://www.ubereats.com/milwaukee/food-delivery/mcdonalds-appleton-%26-captiol/66KJ-uTYQwGD2TtsnvdsOg,whitefish-bay-wisconsin
https://www.ubereats.com/milwaukee/food-delivery/chipotle-mexican-grill-600-e-ogden-ave/LxqyO0ibQOCgNhXiuUsL5Q,whitefish-bay-wisconsin
https://www.ubereats.com/milwaukee/food-delivery/mcdonalds-teutonia-%26-good-hope/jjl0cZ5pSEmdd6eWnhKThw,whitefish-bay-wisconsin
https://www.ubereats.com/milwaukee/food-delivery/cafe-india-bar-%26-grill-bayview/YhWBsEaJQemg6S5y8psavg,whitefish-bay-wisconsin
https://www.ubereats.com/milwaukee/food-delivery/sauce-%26-spice/Ku7swM0PQfq2u_Xrft8GfQ,whitefish-bay-wisconsin
https://www.ubereats.com/milwaukee/food-delivery/noodles-%26-company-544-e-ogden-ave/WHojwjcfTH2Lnx7dNj5xEg,whitefish-bay-wisconsin
https://www.ubereats.com/milwaukee/food-delivery/zaza-steak-and-lemonade/bSKRitrzReSBa2EMOSRyGA,whitefish-bay-wisconsin
https://www.ubereats.com/milwaukee/food-delivery/point-burger-bar-good-hope-rd/gZwwXQRnRvimQMfi5evgRQ,whitefish-bay-wisconsin
https://www.ubereats.com/milwaukee/food-delivery/yen-ching-milwaukee/vZKgBS2QSY2FzRir7G7FaQ,whitefish-bay-wisconsin
https://www.ubereats.com/milwaukee/food-delivery/sandwichgod-catering/Fwp5rhYPR02zrpY8rbMTdg,whitefish-bay-wisconsin
https://www.ubereats.com/milwaukee/food-delivery/popeyes-louisiana-kitchen-2910-w-capitol-dr/3jFG_vEqRtiSlmxkgYL4qg,whitefish-bay-wisconsin
https://www.ubereats.com/milwaukee/food-delivery/smokin-wings/B4kLmJtxScK5AxXRHjevQA,whitefish-bay-wisconsin
https://www.ubereats.com/milwaukee/food-delivery/kharis/GZgwGj-aSXSjJRRUEN2p0g,whitefish-bay-wisconsin
https://www.ubereats.com/milwaukee/food-delivery/mcdonalds-port-washington-%26-brown-deer/sCWuNLXXTcaM_qQWqI_Skg,whitefish-bay-wisconsin
https://www.ubereats.com/milwaukee/food-delivery/pizanos-pizza-%26-pasta-water-st/IWFlcV-AS62eeJY4wxbvcQ,whitefish-bay-wisconsin
https://www.ubereats.com/milwaukee/food-delivery/ale-asylum-riverhouse/-cCncT6tT4GXHPDqtzwybg,whitefish-bay-wisconsin
https://www.ubereats.com/milwaukee/food-delivery/colectivo-foundry/O5IrWAvpTn-hYEJGa3jizg,whitefish-bay-wisconsin
https://www.ubereats.com/milwaukee/food-delivery/china-gourmet/zUMXr1UeR8y4us2wv7I6wg,whitefish-bay-wisconsin
https://www.ubereats.com/milwaukee/food-delivery/laughing-crab/RZ78hANtQb6z1TReT7VmEw,whitefish-bay-wisconsin
https://www.ubereats.com/milwaukee/food-delivery/odd-duck-milwaukee/T-2Xck7ARbCr3_BELyLXEw,whitefish-bay-wisconsin
https://www.ubereats.com/milwaukee/food-delivery/cousins-subs-7603-w-burleigh-st/HzaraZcxRMm1xnBgGdLEUQ,whitefish-bay-wisconsin
https://www.ubereats.com/milwaukee/food-delivery/jj-fish-and-chicken-3213-w-villard-ave/ccH_BYuSRYOqCYY9Nba5qQ,whitefish-bay-wisconsin
https://www.ubereats.com/milwaukee/food-delivery/kfc-2860-so-108th-st/Z_pOL5ejTbqggJsJJTVylw,whitefish-bay-wisconsin
https://www.ubereats.com/milwaukee/food-delivery/maki-yaki-japanese-grill/5UmCUiOKTYWCtKN19If3Jw,whitefish-bay-wisconsin
https://www.ubereats.com/milwaukee/food-delivery/mcdonalds-port-washington-%26-richter/m1jiL2CZT0GldQNxugXTsg,whitefish-bay-wisconsin
https://www.ubereats.com/milwaukee/food-delivery/hidden-kitchen-mke/KfCYomELTOCSw9HMZ7mcVw,whitefish-bay-wisconsin
https://www.ubereats.com/milwaukee/food-delivery/pho-cali-noodle-house/pS1UOoa2SCeJrfMmLMspPA,whitefish-bay-wisconsin
https://www.ubereats.com/milwaukee/food-delivery/belair-cantina-milwaukee/LdImkxx-Sj-QiEnxEFAY6Q,whitefish-bay-wisconsin
https://www.ubereats.com/milwaukee/food-delivery/kfc-7343-west-appleton-avenue/cDXk-osFTJCnPlBVkV3fWw,whitefish-bay-wisconsin
https://www.ubereats.com/milwaukee/food-delivery/dorsia/-zoBLID6Q_GtIKxcBASIvA,whitefish-bay-wisconsin
https://www.ubereats.com/milwaukee/food-delivery/pepis-pizza/Uy5MBthiSz-WmnsqYgszDQ,whitefish-bay-wisconsin
https://www.ubereats.com/milwaukee/food-delivery/taco-bell-2210-w-wisconsin-ave/C8QSSGB6S36LI9fOxm_vOQ,whitefish-bay-wisconsin
https://www.ubereats.com/milwaukee/food-delivery/african-kitchen-%26-subs/KdCQM1FxQ3yLw0e4gm4IPA,whitefish-bay-wisconsin
https://www.ubereats.com/milwaukee/food-delivery/subway-3116-n-downer-ave/kmGwTGuTSFCohazwWo6NoA,whitefish-bay-wisconsin
https://www.ubereats.com/milwaukee/food-delivery/athenos-gyros-oakland-%26-north/AB7sNvIVRKWY9vVm1-OcmA,whitefish-bay-wisconsin
https://www.ubereats.com/milwaukee/food-delivery/4th-base/Izy-HvxHSXmJOrb3AE2ncA,whitefish-bay-wisconsin
https://www.ubereats.com/milwaukee/food-delivery/wings-%26-things/o5HCcw_USs67_nT7jGYyiQ,whitefish-bay-wisconsin
https://www.ubereats.com/milwaukee/food-delivery/taco-bell-12405-w-lisbon-rd/BtVZDsx2QAaCpl0IMxVysw,whitefish-bay-wisconsin
https://www.ubereats.com/milwaukee/food-delivery/hangout-mke/HUIJB0ykSWGVVOo2xctB7Q,whitefish-bay-wisconsin
https://www.ubereats.com/milwaukee/food-delivery/kurt-schulz-delicatessen-%26-restaurant-mikwaukee/vggXrgrQShSn-qGwOabGhg,whitefish-bay-wisconsin
https://www.ubereats.com/milwaukee/food-delivery/kellys-bleachers-milwaukee/u84gYnlgT2KEV3UVIWmMOQ,whitefish-bay-wisconsin
https://www.ubereats.com/milwaukee/food-delivery/colectivo-lakefront/NHJE130mRBG0nVrZ2M_KTg,whitefish-bay-wisconsin
https://www.ubereats.com/milwaukee/food-delivery/fuji-poke/E-2gvp2sTPyZ_W1ucIoVvg,whitefish-bay-wisconsin
https://www.ubereats.com/milwaukee/food-delivery/el-rey-cesar-chavez-drive/LUFjpSEPRRuq9e8FTRuKEw,whitefish-bay-wisconsin
https://www.ubereats.com/milwaukee/food-delivery/mexican-village-restaurant/IcyAz2j-R3Wq0qrnHMWJ-A,whitefish-bay-wisconsin
https://www.ubereats.com/milwaukee/food-delivery/taco-bell-510-n-mayfair-rd/oJSpmeTGQSW2zJTZiuD3Ug,whitefish-bay-wisconsin
https://www.ubereats.com/milwaukee/food-delivery/moosas/ukzQ8qBfTpqMeSxyCnxQzw,whitefish-bay-wisconsin
https://www.ubereats.com/milwaukee/food-delivery/corner-bakery-cafe-shorewood/mOUxghc6TQaU3SKV8bRuSA,whitefish-bay-wisconsin
https://www.ubereats.com/milwaukee/food-delivery/troop-cafe/W5JCd_jaQRuTuOn3b3dkwA,whitefish-bay-wisconsin
https://www.ubereats.com/milwaukee/food-delivery/el-jalapeno-milwaukee/5asX2soWTd6UKFr4zsgIZA,whitefish-bay-wisconsin
https://www.ubereats.com/milwaukee/food-delivery/mcdonalds-1st-st-%26-pierce/QEEHKX74QZK28dooLfwmHw,whitefish-bay-wisconsin
https://www.ubereats.com/milwaukee/food-delivery/corner-bakery-cafe-wauwatosa/xlpAXreGQhCmMcF54H2DQw,whitefish-bay-wisconsin
https://www.ubereats.com/milwaukee/food-delivery/chicken-%26-grill-house-3526-w-silver-spring-dr/1g_ye79ZT8qQ_fUPk_T1Fg,whitefish-bay-wisconsin
https://www.ubereats.com/milwaukee/food-delivery/taco-bell-4143-north-76th-street/JMNw9SVkQ4SRpePfuDkWDQ,whitefish-bay-wisconsin
https://www.ubereats.com/milwaukee/food-delivery/starbucks-east-ogden-%26-north-jefferson/uM12rIy3Qj-_QQ9gZfYTxg,whitefish-bay-wisconsin
https://www.ubereats.com/milwaukee/food-delivery/dairy-queen-treat-245-e-hampton-ave/4R5PT1LPSpy-Bl2NQZZXEg,whitefish-bay-wisconsin
https://www.ubereats.com/milwaukee/food-delivery/starbucks-miller-park-way-%26-national/OHSWkz--RdOg4ldTZlLUzQ,whitefish-bay-wisconsin
https://www.ubereats.com/milwaukee/food-delivery/rodizio-grill/YqdKuYg3TD63qwChWAjtLg,whitefish-bay-wisconsin
https://www.ubereats.com/milwaukee/food-delivery/dream-foods/WneO361OTwix8R-BpwpeUQ,whitefish-bay-wisconsin
https://www.ubereats.com/milwaukee/food-delivery/cousins-subs-midtown-mall/BNixUUUrR62m3zRctl8KLQ,whitefish-bay-wisconsin
https://www.ubereats.com/milwaukee/food-delivery/belair-cantina-downer-ave/dyuOXe_zSCu6U4KzmnQasQ,whitefish-bay-wisconsin
https://www.ubereats.com/milwaukee/food-delivery/kfc-110-west-layton-avenue/ZegF3kqbSnueY6ygvx5upw,whitefish-bay-wisconsin
https://www.ubereats.com/milwaukee/food-delivery/american-best-wings/HtHDJ3CxS66zeoWK9_ALPQ,whitefish-bay-wisconsin
https://www.ubereats.com/milwaukee/food-delivery/build-a-breakfast-build-a-burger/9StcDCg6TZm4sYmP52f6HQ,whitefish-bay-wisconsin
https://www.ubereats.com/milwaukee/food-delivery/famous-daves-greenfield/E2uAdcmRSUCcoHy_zmgWvg,whitefish-bay-wisconsin
https://www.ubereats.com/milwaukee/food-delivery/subway-3067-n-holton-st/tAszAewoQlqhyQyihtpPhQ,whitefish-bay-wisconsin
https://www.ubereats.com/milwaukee/food-delivery/starbucks-oakland-%26-olive/nqenH1WuTWuYwpfDebRcAg,whitefish-bay-wisconsin
https://www.ubereats.com/milwaukee/food-delivery/lazos-taco-shack/2St_tgfjRU-AdCv7MMVmKg,whitefish-bay-wisconsin
https://www.ubereats.com/milwaukee/food-delivery/the-corn-king/8bdDUx6iSr6YNPPSLvv9sw,whitefish-bay-wisconsin
https://www.ubereats.com/milwaukee/food-delivery/potbelly-sandwich-shop-milwaukee-grand-ave-%7C-41/ViPHs7aZTQiU8WzTK6lKaw,whitefish-bay-wisconsin
https://www.ubereats.com/milwaukee/food-delivery/potbelly-sandwich-shop-shoppers-world-%7C-112/H1WYAJNORq-Q8DeGtsL8pQ,whitefish-bay-wisconsin
https://www.ubereats.com/milwaukee/food-delivery/avenue-bar-%26-grill/ut_aLbhZRnakp1RNhAjlEg,whitefish-bay-wisconsin
https://www.ubereats.com/milwaukee/food-delivery/cousins-subs/zoC74ntWSD6jmh2L2877wQ,whitefish-bay-wisconsin
https://www.ubereats.com/milwaukee/food-delivery/mcdonalds-capitol-%26-27th-st/q81cUQabQiK22aioZAeM9Q,whitefish-bay-wisconsin
https://www.ubereats.com/milwaukee/food-delivery/el-rey-plaza/kuhjtcc_RRmIaiHzI_UTTg,whitefish-bay-wisconsin
https://www.ubereats.com/milwaukee/food-delivery/sobelmans-%40marquette/L3s5xfYXT5iW2NcJrGHHJg,whitefish-bay-wisconsin
https://www.ubereats.com/milwaukee/food-delivery/popeyes-louisiana-kitchen-6120-w-silver-spring-dr/Z5dQnvs3QyeSEZVHPGxIOw,whitefish-bay-wisconsin
https://www.ubereats.com/milwaukee/food-delivery/red-snapper-fish-company/ZHSMqzGHS7O4zTT-CjcuYg,whitefish-bay-wisconsin
https://www.ubereats.com/milwaukee/food-delivery/kitts-frozen-custard-drive-in-milwaukee/jaCT4CQ-Sqi2S8CzPO3S8w,whitefish-bay-wisconsin
https://www.ubereats.com/milwaukee/food-delivery/fresh-looks/lKqSw300RaqBunr7nobpVA,whitefish-bay-wisconsin
https://www.ubereats.com/milwaukee/food-delivery/los-paisa-mexican-restaurant/B3MZSL1hRh2f6Uck917eGQ,whitefish-bay-wisconsin
https://www.ubereats.com/milwaukee/food-delivery/casablanca/t1pgqkf3RlGGjNV_-2x-jg,whitefish-bay-wisconsin
https://www.ubereats.com/milwaukee/food-delivery/benihana-850-n-plankinton-ave/4_C39RuBTXi_Yyfp-nMV0A,whitefish-bay-wisconsin
https://www.ubereats.com/milwaukee/food-delivery/mcdonalds-miller-park-%26-national/bLbhyXtoRSepZmdPZCaGvQ,whitefish-bay-wisconsin
https://www.ubereats.com/milwaukee/food-delivery/bougie-berries-dessert-boutique/u1jriRccSZyop_-6INCaHA,whitefish-bay-wisconsin
https://www.ubereats.com/milwaukee/food-delivery/merriment-social/h6nKkQxdRkKM3tVQUdOMXg,whitefish-bay-wisconsin
https://www.ubereats.com/milwaukee/food-delivery/pf-changs-2500-n-mayfair-rd/K3iVR6DlQYuL5AT6D2uQUg,whitefish-bay-wisconsin
https://www.ubereats.com/milwaukee/food-delivery/manhattan-mocha-cafe/y3gE_tfQTcOHtTgKPmV1PQ,whitefish-bay-wisconsin
https://www.ubereats.com/milwaukee/food-delivery/hook-fish-%26-chicken-capitol-%26-26th-st/eMsJVbxaS-CdLKbhFT8B4A,whitefish-bay-wisconsin
https://www.ubereats.com/milwaukee/food-delivery/tonys-bbq-unlimited/_YdmkzW_R_yuer8LYD2jkw,whitefish-bay-wisconsin
https://www.ubereats.com/milwaukee/food-delivery/kfc-2470-n-martin-luther-king-drive/niskVUUbRkGmTcVkkf3fyg,whitefish-bay-wisconsin
https://www.ubereats.com/milwaukee/food-delivery/stone-bowl-grill/mIoHPxhfRCmzBFcgFNH98w,whitefish-bay-wisconsin
https://www.ubereats.com/milwaukee/food-delivery/8900-bistro/qJ9nPbxbS_6UCyy2JJHNHQ,whitefish-bay-wisconsin
https://www.ubereats.com/milwaukee/food-delivery/noodles-%26-company-8781-n-port-washington-rd/Az71d4U9QzuZk0ShXDEmNA,whitefish-bay-wisconsin
https://www.ubereats.com/milwaukee/food-delivery/starbucks-red-arrow-water-%26-state/boMH2vg-TTGIVur3AQclmg,whitefish-bay-wisconsin
https://www.ubereats.com/milwaukee/food-delivery/noodles-%26-company-3121-north-oakland-ave/i3ZP_JLYREaNw8i6nSpSEg,whitefish-bay-wisconsin
https://www.ubereats.com/milwaukee/food-delivery/anmol-restaurant/k5lrq9_LShqdKg0EXtDxEA,whitefish-bay-wisconsin
https://www.ubereats.com/milwaukee/food-delivery/bigfoot-burger/qViBr8rDTX2gLshlrmglMw,whitefish-bay-wisconsin
https://www.ubereats.com/milwaukee/food-delivery/mcdonalds-north-%26-9th-st/uvQeavAEQ9iJcU03GAYdpA,whitefish-bay-wisconsin
https://www.ubereats.com/milwaukee/food-delivery/colectivo-humboldt/y-fn1SYfTQWuZJp--F6Mkw,whitefish-bay-wisconsin
https://www.ubereats.com/milwaukee/food-delivery/aj-bombers-water-%26-knapp/bM9JqXPvTe2zyDS_ZDxOsw,whitefish-bay-wisconsin
https://www.ubereats.com/milwaukee/food-delivery/wild-wild-wings-oakland-%26-north/zHJXXRwJQH-pGSnd4JSZ5g,whitefish-bay-wisconsin
https://www.ubereats.com/milwaukee/food-delivery/kraverz-frozen-custard-mikwaukee/jxjXre5JQA-onM7ivdhtew,whitefish-bay-wisconsin
https://www.ubereats.com/milwaukee/food-delivery/sharks-fish-and-chicken/19-P7YMDR_mGYt07QIp2Ig,whitefish-bay-wisconsin
https://www.ubereats.com/milwaukee/food-delivery/the-4th-quarter-sports-bar-and-grill/jbUCLAjsQO2IYmLgKaef6g,whitefish-bay-wisconsin
https://www.ubereats.com/milwaukee/food-delivery/dp-dough/wRzNrXToTziDyk-iQ_DMEg,whitefish-bay-wisconsin
https://www.ubereats.com/milwaukee/food-delivery/mcdonalds-north-%26-bartlett/2csOqpKcRZC6WslZs0eJ3w,whitefish-bay-wisconsin
https://www.ubereats.com/milwaukee/food-delivery/rojo-blanco-fast-food/sfHavweWTR2lOu-lPNdT-Q,whitefish-bay-wisconsin
https://www.ubereats.com/milwaukee/food-delivery/tonys-pizza/pNLDgDbPT_eysIPVyK7-9A,whitefish-bay-wisconsin
https://www.ubereats.com/milwaukee/food-delivery/tua-pasta/N7QTbbxfRyCxYT_ZJXEjDg,whitefish-bay-wisconsin
https://www.ubereats.com/milwaukee/food-delivery/wisconsin-pizza-authority/pkTSxLG5Ty2ifHH0nE7vtg,whitefish-bay-wisconsin
https://www.ubereats.com/milwaukee/food-delivery/miss-katies-diner/oFo7q70SQ-Sv4JTPAqWM_Q,whitefish-bay-wisconsin
https://www.ubereats.com/milwaukee/food-delivery/checkers-3431-w-fond-du-lac-avenue/sm0dXZ3QRRKB-b-Qc0aKhA,whitefish-bay-wisconsin
https://www.ubereats.com/milwaukee/food-delivery/third-coast-provisons/VUYY2IIQQay07GPvrOfGlg,whitefish-bay-wisconsin
https://www.ubereats.com/milwaukee/food-delivery/wings-over-milwaukee/wztFYKeDTkyU8Wl3qzO1IA,whitefish-bay-wisconsin
https://www.ubereats.com/milwaukee/food-delivery/scrambled!-silver-spring-%26-port-washington/1_pmdac1RPigCIe8Obfs7w,whitefish-bay-wisconsin
https://www.ubereats.com/milwaukee/food-delivery/buddys-pizza-%26-steak-teutonia-ave/XpJ-1OnKQjubYaiTYNDAXw,whitefish-bay-wisconsin
https://www.ubereats.com/milwaukee/food-delivery/movida-milwaukee/6BPDeWUoQTqDOusyVzK6AA,whitefish-bay-wisconsin
https://www.ubereats.com/milwaukee/food-delivery/fresh-green-eats-silver-spring-%26-port-washington/sxF3PebGQsWE3pEE5mQM6A,whitefish-bay-wisconsin
https://www.ubereats.com/milwaukee/food-delivery/mad-chicken/FTIscXPHTLWqwwpMgAreGg,whitefish-bay-wisconsin
https://www.ubereats.com/milwaukee/food-delivery/korean-wings-%231/8Ym0y6RPT5-mMaAu9i5RYw,whitefish-bay-wisconsin
https://www.ubereats.com/milwaukee/food-delivery/kfc-4400-north-60th-street/xvFFjp45TGayXILWxmTn9A,whitefish-bay-wisconsin
https://www.ubereats.com/milwaukee/food-delivery/kettas-kitchen-llc/MPCv3sN-ReOdGUSHjZ2LNQ,whitefish-bay-wisconsin
https://www.ubereats.com/milwaukee/food-delivery/fresh-fast-%26-delicious/M0dC7ryUS_WhJcWel2jxGA,whitefish-bay-wisconsin
https://www.ubereats.com/milwaukee/food-delivery/judys-on-north/KwV9cftSTACcns8XcSzvHg,whitefish-bay-wisconsin
https://www.ubereats.com/milwaukee/food-delivery/belair-cantina-wauwatosa/sCHGoVKLQ4eTTpLm368sgg,whitefish-bay-wisconsin
https://www.ubereats.com/milwaukee/food-delivery/popeyes-louisiana-kitchen-7525-w-good-hope-rd/sXjbzfBHQSW2eXXy3JBtqQ,whitefish-bay-wisconsin
https://www.ubereats.com/milwaukee/food-delivery/mikes-red-hots/Us-Q7PdaS4mpsAp0Q-VzgA,whitefish-bay-wisconsin
https://www.ubereats.com/milwaukee/food-delivery/grassroots-salad-company/1PUPxck4TNiQW56v58m06A,whitefish-bay-wisconsin
https://www.ubereats.com/milwaukee/food-delivery/ashleys-barb-b-que/W3PLaHI_S5yEdbkjoYaNNw,whitefish-bay-wisconsin
https://www.ubereats.com/milwaukee/food-delivery/wisco-burger-silver-spring-%26-port-washington/6blHrGZrThiGWipyfIdeUQ,whitefish-bay-wisconsin
https://www.ubereats.com/milwaukee/food-delivery/noodles-%26-company-10942-n-port-washington-rd/rJa2VoMMQg6IUpsH3Lsk3A,whitefish-bay-wisconsin
https://www.ubereats.com/milwaukee/food-delivery/mama-nanas-pick-mar-restaurant/KhD53bH9RJCdjrvNhIkCew,whitefish-bay-wisconsin
https://www.ubereats.com/milwaukee/food-delivery/starbucks-port-washington-%26-brown-deer/jYb6UDs1R2GqeBrNl9F1aA,whitefish-bay-wisconsin
https://www.ubereats.com/milwaukee/food-delivery/el-jalapeno/CyklQ3LyRQK-ARQ31ELx0w,whitefish-bay-wisconsin
https://www.ubereats.com/milwaukee/food-delivery/whos-on-third/Ix7Nya5OQNu5NPegLJpF5w,whitefish-bay-wisconsin
https://www.ubereats.com/milwaukee/food-delivery/noodles-%26-company-1310-miller-park-way/dJjJzagfRb2hOYeh3rmY2g,whitefish-bay-wisconsin
https://www.ubereats.com/milwaukee/food-delivery/duke-family-kitchen/3d6bTly1S0-GzWs24rzHbQ,whitefish-bay-wisconsin
https://www.ubereats.com/milwaukee/food-delivery/skybox-sports-bar-milwaukee/bKv3sfM6Thewlth0A5T04Q,whitefish-bay-wisconsin
https://www.ubereats.com/milwaukee/food-delivery/kilwins-milwaukee-bayshore/8Tht5MytT5iCEi4IYz5A7A,whitefish-bay-wisconsin
https://www.ubereats.com/milwaukee/food-delivery/shawarma-house-oakland/FOrDbpXwSLmf3H9uggfTTw,whitefish-bay-wisconsin
https://www.ubereats.com/milwaukee/food-delivery/papa-johns-n80-w-14910-appleton-ave/st6rOKeNT0a21eVPErENqQ,whitefish-bay-wisconsin
https://www.ubereats.com/milwaukee/food-delivery/starbucks-silver-spring-%26-santa-monica/PU8jaj-NTDykV9T0_5MFMQ,whitefish-bay-wisconsin
https://www.ubereats.com/milwaukee/food-delivery/qdoba-1348-e-brady-st/d3WZEi_wQumwtIR4TFDa1g,whitefish-bay-wisconsin
https://www.ubereats.com/milwaukee/food-delivery/chubbys-cheesesteaks-silver-spring-%26-port-washington/_3uCGJOqSl-BZgL79-MN1w,whitefish-bay-wisconsin
https://www.ubereats.com/milwaukee/food-delivery/fresh-green-eats-oakland-%26-north/hMWdjcP_TmCwdFr3JxyPHw,whitefish-bay-wisconsin
https://www.ubereats.com/milwaukee/food-delivery/buddhas-burgers/Q4vRuyYbS1Wv0PbdPuHrHQ,whitefish-bay-wisconsin
https://www.ubereats.com/milwaukee/food-delivery/checkers-7525-w-capitol-dr/qVwpeA-MQiC84O7-UR6yhg,whitefish-bay-wisconsin
https://www.ubereats.com/milwaukee/food-delivery/riverwest-pizza/7nZqREnSSvukBKCuF3Q3hw,whitefish-bay-wisconsin
https://www.ubereats.com/milwaukee/food-delivery/freshfin-poke-e-north/dqofnvBrQdinmpSMaL8xAA,whitefish-bay-wisconsin
https://www.ubereats.com/milwaukee/food-delivery/buffalo-wild-wings-2950-s-108th-st/2n3gPTJRTiWfB1Nyt9ii9g,whitefish-bay-wisconsin
https://www.ubereats.com/milwaukee/food-delivery/mke-calzone-company/eCYKQ6aERueObvbRol0Llg,whitefish-bay-wisconsin
https://www.ubereats.com/milwaukee/food-delivery/mr-taco-downtown/KmfjT2WqRk2sFfX6E72EqQ,whitefish-bay-wisconsin
https://www.ubereats.com/milwaukee/food-delivery/starbucks-76th-%26-good-hope/WXrQZ3vbQeixonZ70AMrDw,whitefish-bay-wisconsin
https://www.ubereats.com/milwaukee/food-delivery/cousins-subs-5333-n-port-washington-rd/4DPKfibCQRapgLwPngDtIw,whitefish-bay-wisconsin
https://www.ubereats.com/milwaukee/food-delivery/bollywood-grill/DX7JH_sURw2QbZguAtXRrg,whitefish-bay-wisconsin
https://www.ubereats.com/milwaukee/food-delivery/india-garden/d5XZKrIkT7mmbmliaNeVRg,whitefish-bay-wisconsin
https://www.ubereats.com/milwaukee/food-delivery/maya-ophelias/qAZk1rpnQ5GOxQE9X6em8w,whitefish-bay-wisconsin
https://www.ubereats.com/milwaukee/food-delivery/wards-house-of-prime-milwaukee/CL5McNRdTfymBogNwMEtRA,whitefish-bay-wisconsin
https://www.ubereats.com/milwaukee/food-delivery/papa-murphys-6150-north-port-washington-road/xFYX5S10Qu-EoZnQ9rfYuQ,whitefish-bay-wisconsin
https://www.ubereats.com/milwaukee/food-delivery/fryerz/9cXwE14sSIG-0bwel6OKRQ,whitefish-bay-wisconsin
https://www.ubereats.com/milwaukee/food-delivery/elation-wine-%26-dessert-bar/N6tU6SxtQX-pQnl9jhj9-A,whitefish-bay-wisconsin
https://www.ubereats.com/milwaukee/food-delivery/falafel-guys/mGtkeOtdQuOGfrauGcIRBw,whitefish-bay-wisconsin
https://www.ubereats.com/milwaukee/food-delivery/sherman-phoenix/TVbIK6CCRPC3NlKL4g5hTw,whitefish-bay-wisconsin
https://www.ubereats.com/milwaukee/food-delivery/fast-break-cafe/Wp6e3uSiSlagWKmqSIPRJg,whitefish-bay-wisconsin
https://www.ubereats.com/milwaukee/food-delivery/mcdonalds-bluemound-%26-64th-st/yZwQnTSUTIuqX5rvw78N4w,whitefish-bay-wisconsin
https://www.ubereats.com/milwaukee/food-delivery/huan-xi/vGoUsmZ_Q_O_63LZ1N6s1A,whitefish-bay-wisconsin
https://www.ubereats.com/milwaukee/food-delivery/sobelmans/SnZFqZbDTGO_j7HAt073Dg,whitefish-bay-wisconsin
https://www.ubereats.com/milwaukee/food-delivery/alreem/cidEvvImSPi7Mov8TEEWLg,whitefish-bay-wisconsin
https://www.ubereats.com/milwaukee/food-delivery/stellajs-soul-food/OeExIR6MRi6-cA03UGPXng,whitefish-bay-wisconsin
https://www.ubereats.com/milwaukee/food-delivery/shahrazad%3A-persian-and-middle-eastern-cuisine/zUU2W_oFT2-o9wouT2537g,whitefish-bay-wisconsin
https://www.ubereats.com/milwaukee/food-delivery/texas-de-brazil-wauwatosa/09foXeLRS3-5aiSqia3Diw,whitefish-bay-wisconsin
https://www.ubereats.com/milwaukee/food-delivery/villanas-restaurant-and-bar/xuhTO_O2RS-zsFMfgmvuTA,whitefish-bay-wisconsin
https://www.ubereats.com/milwaukee/food-delivery/colectivo-shorewood/i2x1L3NMTumNk5uaBpNNCA,whitefish-bay-wisconsin
https://www.ubereats.com/milwaukee/food-delivery/mcdonalds-national-%26-25th-st/fg6iVI_TSG6Ll84N3a6hdA,whitefish-bay-wisconsin
https://www.ubereats.com/milwaukee/food-delivery/cousins-subs-appleton-ave/1pEky8rBT1CqQrW_Yl88KQ,whitefish-bay-wisconsin
https://www.ubereats.com/milwaukee/food-delivery/qdoba-3101-n-oakland-ave/Wp_tP5ywSPe11Kk1MDVVtg,whitefish-bay-wisconsin
https://www.ubereats.com/milwaukee/food-delivery/o-so-good/Ph-SBzirT2iieh2R6H4tbg,whitefish-bay-wisconsin
https://www.ubereats.com/milwaukee/food-delivery/ihop-brown-deer/uJdTeNNvSzW5iYpidNDBdQ,whitefish-bay-wisconsin
https://www.ubereats.com/milwaukee/food-delivery/kfc-6706-west-north-avenue/WvywCwRNQGCb9Y7k0UTjSg,whitefish-bay-wisconsin
https://www.ubereats.com/milwaukee/food-delivery/jakes-deli/eZfvkHCFRKWlPGEAdLubjQ,whitefish-bay-wisconsin
https://www.ubereats.com/milwaukee/food-delivery/milwaukee-pretzel-company/-6n_wym_SwGEv_6q-5-kLQ,whitefish-bay-wisconsin
https://www.ubereats.com/milwaukee/food-delivery/burger-king-2862-n-martin-luther-king-dr/RyvBYUNWRFSY6CUG5Wrzeg,whitefish-bay-wisconsin
https://www.ubereats.com/milwaukee/food-delivery/papa-johns-n-oakland-ave/h3rU9cNOSVSwxeBmhCeN6Q,whitefish-bay-wisconsin
https://www.ubereats.com/milwaukee/food-delivery/dunkin-111-e-wisconsin-ave/WKR6-RZHRrmm1x5jWI-Y0Q,whitefish-bay-wisconsin
https://www.ubereats.com/milwaukee/food-delivery/cousins-subs-1612-w-wisconsin-ave/LA1kJ_pDTfyeMJY_6Bgo1g,whitefish-bay-wisconsin
https://www.ubereats.com/milwaukee/food-delivery/taco-bell-5441-n-lovers-lane-rd/g9YFNg4tTM2Gr7XJi-LZZA,whitefish-bay-wisconsin
https://www.ubereats.com/milwaukee/food-delivery/fresh-smoked-gourmet/4iqO9mioQu-ojfDgY2OSiw,whitefish-bay-wisconsin
https://www.ubereats.com/milwaukee/food-delivery/colectivo-us-bank/z9h0ll0-Rtqdui7rGDXPTQ,whitefish-bay-wisconsin
https://www.ubereats.com/milwaukee/food-delivery/noodles-%26-company-7700-w-state-st/03UCjPK3TMCWN47NSjpngw,whitefish-bay-wisconsin
https://www.ubereats.com/milwaukee/food-delivery/gyro-inn/Y5IL7VLtTr6_yWdeSKV0Vw,whitefish-bay-wisconsin
https://www.ubereats.com/milwaukee/food-delivery/boston-market-5470-port-washington-rd/t1RxcK4LQmWH32e0rbD4MA,whitefish-bay-wisconsin
https://www.ubereats.com/milwaukee/food-delivery/qdoba-803-n-16th-st/vK9x23NyT6Olnh2T0lgIMA,whitefish-bay-wisconsin
https://www.ubereats.com/milwaukee/food-delivery/la-mesa-silver-spring-%26-port-washington/yn4IueYcScqxzYbmA2b5Cw,whitefish-bay-wisconsin
https://www.ubereats.com/milwaukee/food-delivery/paparazzi-ice-cream-shop/J61W-l8cQva-VNpYLuydjQ,whitefish-bay-wisconsin
https://www.ubereats.com/milwaukee/food-delivery/captain-ds-7320-good-hope-road/S7yzPCl6QUKzh1oVRgR2fA,whitefish-bay-wisconsin
https://www.ubereats.com/milwaukee/food-delivery/starbucks-west-wisconsin-%26-16th/rdjn5RM4Q266z16lUx-y8A,whitefish-bay-wisconsin
https://www.ubereats.com/milwaukee/food-delivery/chubbys-cheesesteaks-124th-st-%26-feerick/8Sm362hWRgqBC6IaW33J9A,whitefish-bay-wisconsin
https://www.ubereats.com/milwaukee/food-delivery/park-place-cafe/qkglfWVRSHu4FKYuJiOagw,whitefish-bay-wisconsin
https://www.ubereats.com/milwaukee/food-delivery/shawarma-king/fElrITVFSIKZuceyJ5hCOQ,whitefish-bay-wisconsin
https://www.ubereats.com/milwaukee/food-delivery/five-guys-wi-0505-5650-n-port-washington-rd/bwdnK8SRQcSvvEPEa0yscQ,whitefish-bay-wisconsin
https://www.ubereats.com/milwaukee/food-delivery/qdoba-8789-n-port-washington-road/6FUjSb-mSi6_LqIxJxFJ3w,whitefish-bay-wisconsin
https://www.ubereats.com/milwaukee/food-delivery/checkers-1205-w-north-avenue/DR1GCxi9TQCEzrrgvlDffQ,whitefish-bay-wisconsin
https://www.ubereats.com/milwaukee/food-delivery/hiya-taco/ZqQP7XuKQqyo9lXqE_aHfQ,whitefish-bay-wisconsin
https://www.ubereats.com/milwaukee/food-delivery/golden-chicken-%26-seafood-3428-w-villard-ave/d-GSR5hqSuSpIZIPf7eScQ,whitefish-bay-wisconsin
https://www.ubereats.com/milwaukee/food-delivery/on-the-bayou/BSZ5i9H5TtCwrbdh6bMV-Q,whitefish-bay-wisconsin
https://www.ubereats.com/milwaukee/food-delivery/snack-boys/AR-S5_0wQS2gXEW4dPHYlQ,whitefish-bay-wisconsin
https://www.ubereats.com/milwaukee/food-delivery/j%26bs-blue-ribbon-bar-and-grill-milwaukee/ZUNnEargRyKUHrBHO3lGDg,whitefish-bay-wisconsin
https://www.ubereats.com/milwaukee/food-delivery/cousins-subs-oakland-%26-locust-uwm/UU5jXeMpRaa6GWDZy_WrYA,whitefish-bay-wisconsin
https://www.ubereats.com/milwaukee/food-delivery/the-knick/EB-yGmw1RZC5ekYpjq6SIQ,whitefish-bay-wisconsin
https://www.ubereats.com/milwaukee/food-delivery/sushi-sensei/PLkhJR7dRIqFySauAu8shA,whitefish-bay-wisconsin
https://www.ubereats.com/milwaukee/food-delivery/buffalo-wild-wings-590-w-northshore-dr-n-145/ZVTI87juT2yDqDtsQc0cyA,whitefish-bay-wisconsin
https://www.ubereats.com/milwaukee/food-delivery/jersey-mikes-subs-ogden-ave/y3BGydNKRMa2zIiT4t8_KQ,whitefish-bay-wisconsin
https://www.ubereats.com/milwaukee/food-delivery/mezcalero-restaurant-and-bar/1shh4Z5TT8iRIGt-EHJmfw,whitefish-bay-wisconsin
https://www.ubereats.com/milwaukee/food-delivery/hamburger-marys/3Gpp5--xROmirCjaJ2Gl7g,whitefish-bay-wisconsin
https://www.ubereats.com/milwaukee/food-delivery/kingdom-cooking/KCIrI5kwS5OHvVhd-ipEeA,whitefish-bay-wisconsin
https://www.ubereats.com/milwaukee/food-delivery/j%26j-fish-and-chicken-76th-st/5nY_74s3Rf2IQffvYVv05w,whitefish-bay-wisconsin
https://www.ubereats.com/milwaukee/food-delivery/qdoba-1150-n-water-st/vT-rgynASs2M9WhtY1v0jg,whitefish-bay-wisconsin
https://www.ubereats.com/milwaukee/food-delivery/hong-kong-express-mlk-milwaukee/tbQL9FgITxuK3YLkcwcyuw,whitefish-bay-wisconsin
https://www.ubereats.com/milwaukee/food-delivery/macs-fast-food-restaurant-%26-grocery-store-inc/XQkWipz9T6uJbeQ_u0MMsg,whitefish-bay-wisconsin
https://www.ubereats.com/milwaukee/food-delivery/the-halal-guys-milwaukee/RPe9g-SHQu2DXf65xjGtPA,whitefish-bay-wisconsin
https://www.ubereats.com/milwaukee/food-delivery/subway-1807-e-locust-st/FTB7PkITQMSmjO2fglPYzA,whitefish-bay-wisconsin
https://www.ubereats.com/milwaukee/food-delivery/cousins-subs-6810-w-state-st/M6eYGnnqRq-yW6esV-DOag,whitefish-bay-wisconsin
https://www.ubereats.com/milwaukee/food-delivery/kfc-3440-west-fond-du-lac-ave/tRO6h-E-Tk2nlkg067gXGA,whitefish-bay-wisconsin
https://www.ubereats.com/milwaukee/food-delivery/royal-garden-chinese-restaurant/PftzAEziRXKnqHTYbWqbYA,whitefish-bay-wisconsin
https://www.ubereats.com/milwaukee/food-delivery/jets-pizza-glendale/Dn7N4AqiRYi-5wRxOo4Wsw,whitefish-bay-wisconsin
https://www.ubereats.com/milwaukee/food-delivery/mangos-cafe/eC6lNp9CRUOarMwgi2WABQ,whitefish-bay-wisconsin
https://www.ubereats.com/milwaukee/food-delivery/hong-kong-express/UiN-98SuRzmpkT1JlW5ilg,whitefish-bay-wisconsin
https://www.ubereats.com/milwaukee/food-delivery/taco-bell-11511-n-port-washington-rd/9ewQBtKdTY-MnISGIApYZg,whitefish-bay-wisconsin
https://www.ubereats.com/milwaukee/food-delivery/jamerican-jerk-center/HUjq197JRN2OPV3kyMqfeQ,whitefish-bay-wisconsin
https://www.ubereats.com/milwaukee/food-delivery/starbucks-webster-%26-downer/sQmNpvIiSoycH1Ft57bR-A,whitefish-bay-wisconsin
https://www.ubereats.com/milwaukee/food-delivery/tonys-bbq-unlimited/gk6Emd55R8-5ll6KolIsww,whitefish-bay-wisconsin
https://www.ubereats.com/milwaukee/food-delivery/chubbys-cheesesteaks-oakland-%26-north/LSVn8sCmRKyvAWtW1sscNg,whitefish-bay-wisconsin
https://www.ubereats.com/milwaukee/food-delivery/merge/4FDg-069TY-R_KybN5cy2w,whitefish-bay-wisconsin
https://www.ubereats.com/milwaukee/food-delivery/chipotle-mexican-grill-3705-n-124th-st-ste-200/XHt9YK1YQa-XrWoNULoQzw,whitefish-bay-wisconsin
https://www.ubereats.com/milwaukee/food-delivery/crab-it-your-way/OkSGa0iiQQKSWl_aLmaAFw,whitefish-bay-wisconsin
https://www.ubereats.com/milwaukee/food-delivery/riverfront-pizzeria-bar-and-grill/kp-KuLBIT3SVYYtLz0Hngg,whitefish-bay-wisconsin
https://www.ubereats.com/milwaukee/food-delivery/qdoba-12345-w-capitol-drive/6CZe73DCSTu0AfikXD6BFg,whitefish-bay-wisconsin
https://www.ubereats.com/milwaukee/food-delivery/pizza-shuttle/r4s9qfuzSdi00M-Om8VScA,whitefish-bay-wisconsin
https://www.ubereats.com/milwaukee/food-delivery/taqueria-el-paso/NVAmLoYsQRCuVWXBkwJIKg,whitefish-bay-wisconsin
https://www.ubereats.com/milwaukee/food-delivery/oak-barrel-public-house/_B9M2j_8RAmT3DPPPG-HTg,whitefish-bay-wisconsin
https://www.ubereats.com/milwaukee/food-delivery/the-coffee-bean-ii/2Mm6nwLYST2fcohS7I1SZg,whitefish-bay-wisconsin
https://www.ubereats.com/milwaukee/food-delivery/the-next-level-vegans/2Dk9cKLPR0u_1KA6mvIbHQ,whitefish-bay-wisconsin
https://www.ubereats.com/milwaukee/food-delivery/george-webb-oakland/vdbHbOafTQ6vRcmylwyLgg,whitefish-bay-wisconsin
https://www.ubereats.com/milwaukee/food-delivery/smoke-shack/Hm9zIg_iQZSxhQNLADea2A,whitefish-bay-wisconsin
https://www.ubereats.com/milwaukee/food-delivery/pita-palace-express/x2OP3K6AS2uquReNihoNIg,whitefish-bay-wisconsin
https://www.ubereats.com/milwaukee/food-delivery/maharaja/NvgYdjpASuKUyl-a5R6DPg,whitefish-bay-wisconsin
https://www.ubereats.com/milwaukee/food-delivery/shawarma-house-milwaukee/bK8IX7h4REut2dX_-AzgMg,whitefish-bay-wisconsin
https://www.ubereats.com/milwaukee/food-delivery/the-king-and-i/rBOl73IbSzWsW4vfshjMCA,whitefish-bay-wisconsin
https://www.ubereats.com/milwaukee/food-delivery/dunkin-106-w-silver-spring-dr/uO43T1zDTuSLTrTiypvRzg,whitefish-bay-wisconsin
https://www.ubereats.com/milwaukee/food-delivery/sakana-burritos/AIgjQjybRfOXwlzLwLr_pA,whitefish-bay-wisconsin
https://www.ubereats.com/milwaukee/food-delivery/dennys-8001-w-brown-deer-rd/b3fGbGbkTdOj9crFTwZj5A,whitefish-bay-wisconsin
https://www.ubereats.com/milwaukee/food-delivery/el-rey-family-market/S_9WbKDdTjasEeb6e4sjIA,whitefish-bay-wisconsin
https://www.ubereats.com/milwaukee/food-delivery/kettas-kitchen/xgpc-GlNSjexpGTWpIiq_Q,whitefish-bay-wisconsin
https://www.ubereats.com/milwaukee/food-delivery/the-bay/chnuS2T8R1uujb_uPSdUwg,whitefish-bay-wisconsin
https://www.ubereats.com/milwaukee/food-delivery/taco-bell-5560-port-washington-rd-n/uaJe078aTaeP7ANBQhXjyw,whitefish-bay-wisconsin
https://www.ubereats.com/milwaukee/food-delivery/mcdonalds-capitol-%26-holton/eJF4YRmbSqy20ChJhr7Oaw,whitefish-bay-wisconsin
https://www.ubereats.com/milwaukee/food-delivery/hotel-madrid/lVdQSxRwTPi61Nk5uO6zsQ,whitefish-bay-wisconsin
https://www.ubereats.com/milwaukee/food-delivery/dunkin-7926-w-capitol-dr/Zb4KAYF2Rn2rD23_j6GWpQ,whitefish-bay-wisconsin
https://www.ubereats.com/milwaukee/food-delivery/qdoba-510-west-silver-spring-drive-unit-k-124/luCwidIKTv6VWwCF6RUtrQ,whitefish-bay-wisconsin
https://www.ubereats.com/milwaukee/food-delivery/mos-irish-pub-milwaukee/9ccN5jYkTyaoZpMtyZzJJg,whitefish-bay-wisconsin
https://www.ubereats.com/milwaukee/food-delivery/express-gyros/8qynPOpqRQSVu6K39T_nig,whitefish-bay-wisconsin
https://www.ubereats.com/milwaukee/food-delivery/noodles-%26-company-5333-n-port-washington-rd/-nK762EpQZqcpyT99maLAA,whitefish-bay-wisconsin
https://www.ubereats.com/milwaukee/food-delivery/mi-casa-su-cafe/IlxoGzHbRra-IttOBNJUqw,whitefish-bay-wisconsin
https://www.ubereats.com/milwaukee/food-delivery/kfc-1570-w-mitchell/GRe_4WJBQOCs0dtCU5Ed1g,whitefish-bay-wisconsin
https://www.ubereats.com/milwaukee/food-delivery/la-mesa-oakland-%26-north/buU5ul02Rq63-gVygaMKQg,whitefish-bay-wisconsin
https://www.ubereats.com/milwaukee/food-delivery/tangled-noodles-and-more/L0Fmn4cTTxab9B-EM4qDrw,whitefish-bay-wisconsin
https://www.ubereats.com/milwaukee/food-delivery/popeyes-louisiana-kitchen-2399-w-north-ave/eqZAP9thQg2nCvK9i1_D7w,whitefish-bay-wisconsin
https://www.ubereats.com/milwaukee/food-delivery/kfc-1402-south-43rd-street/t0JI5edYR5CpbnXKItzhUQ,whitefish-bay-wisconsin
https://www.ubereats.com/milwaukee/food-delivery/zaks-fish-and-chicken/Z2hLkYFZTtqDhWWENdtqiQ,whitefish-bay-wisconsin
https://www.ubereats.com/milwaukee/food-delivery/chicago-style/A0AEQ8QhRoSCDVJzQSuNJg,whitefish-bay-wisconsin
https://www.ubereats.com/milwaukee/food-delivery/carsons-ribs-milwaukee/MSaGIrXSQp-0cu5cY9NnKA,whitefish-bay-wisconsin
https://www.ubereats.com/milwaukee/food-delivery/popeyes-louisiana-kitchen-207-e-capitol-dr/bXl1LaUWQUqnwx8hT8ZqyA,whitefish-bay-wisconsin
https://www.ubereats.com/milwaukee/food-delivery/meat-on-the-street/SLDfR1jIQMygFiEWcHCXuQ,whitefish-bay-wisconsin
https://www.ubereats.com/milwaukee/food-delivery/fresh-smoked-gourmet/WwEOSeKDRRaw6HYtt4TFXQ,whitefish-bay-wisconsin
https://www.ubereats.com/milwaukee/food-delivery/cousins-subs-801-east-capital-dr/cf6eB7kcR0yrDLG0o0mrBg,whitefish-bay-wisconsin
https://www.ubereats.com/milwaukee/food-delivery/bees-cuisine/Cj9Fb04VSbu4RMV1msCC3A,whitefish-bay-wisconsin
https://www.ubereats.com/milwaukee/food-delivery/colectivo-third-ward/6oE8zw9DSrOmtYeMxvMUBA,whitefish-bay-wisconsin
https://www.ubereats.com/milwaukee/food-delivery/toast/tknYODONSy6V013BKvCjEg,whitefish-bay-wisconsin
https://www.ubereats.com/milwaukee/food-delivery/jamaican-kitchen-%26-grill/dAe0nkkQRT6O-cX3E05IiQ,whitefish-bay-wisconsin
https://www.ubereats.com/milwaukee/food-delivery/kfc-5444-north-lovers-lane/Mgh_h0qSRHiVYc9DA1DMjg,whitefish-bay-wisconsin
https://www.ubereats.com/milwaukee/food-delivery/damascus-gate-restaurant/_755q-_KRCOrQnGGD6Fnqg,whitefish-bay-wisconsin
https://www.ubereats.com/milwaukee/food-delivery/jmakin-jamaican-kitchen-%26-grill/eGEoOs37QMC3z9F3NJEggA,whitefish-bay-wisconsin
https://www.ubereats.com/milwaukee/food-delivery/aloha-poke-company/VfViRmrTRLS5LwvHJDxKcw,whitefish-bay-wisconsin
