url,city
https://www.ubereats.com/wichita/food-delivery/miris-minis/EvBzbfRJRmereHjAmM-siQ,wichita
https://www.ubereats.com/wichita/food-delivery/burger-king-2309-s-seneca/igYuAVNPQhOuBO3LitSQrQ,wichita
https://www.ubereats.com/wichita/food-delivery/chick-n-max/DGMoZmG_QHW-YDffdmYIKQ,wichita
https://www.ubereats.com/wichita/food-delivery/arbys-7064/mBanDA2uQtOX-gXu6_FuxQ,wichita
https://www.ubereats.com/wichita/food-delivery/chipotle-mexican-grill-535-s-rock-rd/9Ym-2frtS2G6DvRJ-JcNLg,wichita
https://www.ubereats.com/wichita/food-delivery/riverside-cafe-west-central/ggzHt6IMSvehn6Rd_r54zA,wichita
https://www.ubereats.com/wichita/food-delivery/burger-king-418-s-west-street/ZH-Xsx6pSXOQfCDTx0TLmQ,wichita
https://www.ubereats.com/wichita/food-delivery/mc-kitchen/fC5NmdvMSkGFbdtSvN_NxA,wichita
https://www.ubereats.com/wichita/food-delivery/subway-7720/kn9-Jm6CQ7y4cAzZnDKnAw,wichita
https://www.ubereats.com/wichita/food-delivery/churn-%26-burn/q30eu27gQeyA5ofoMtN7AA,wichita
https://www.ubereats.com/wichita/food-delivery/burger-king-1104-north-broadway/XOzCIMEUQ9eO-xq-aVQgUw,wichita
https://www.ubereats.com/wichita/food-delivery/great-harvest-bread-co-535-n-woodlawn-ste-150/F-XPIGTUSqGabelXvx29vg,wichita
https://www.ubereats.com/wichita/food-delivery/starbucks-e-21st-street-%26-mike-oatman-dr/vrNudrUzTx2oGzUiCAYZzw,wichita
https://www.ubereats.com/wichita/food-delivery/tight-ends-sports-bar-%26-grill/m-9SnfaOTseP_YpGURr_Ag,wichita
https://www.ubereats.com/wichita/food-delivery/the-fusion-restaurant/JmCF-OqHQJ2Ps8j6Hvzc9A,wichita
https://www.ubereats.com/wichita/food-delivery/logans-roadhouse-460-2424-n-maize-road/tnQJlO4HSLeKG24YrEMdlg,wichita
https://www.ubereats.com/wichita/food-delivery/jersey-mikes-subs-2564-north-greenwich-road/kUZfyZK-SuiBqDqH-x88sQ,wichita
https://www.ubereats.com/wichita/food-delivery/arbys-1347/iuez3mGDQMWKhNImj7teyg,wichita
https://www.ubereats.com/wichita/food-delivery/firehouse-subs-8007-e-kellogg-dr-%2318/RfGv0KkiQtOSw0CQjRLTTQ,wichita
https://www.ubereats.com/wichita/food-delivery/firehouse-subs-2755-n-maize-rd-ste-111/PzKPNYbiRHCoYubKIQjsBg,wichita
https://www.ubereats.com/wichita/food-delivery/86-cold-press/yJXSgKMqRbud4xRWNhdpeg,wichita
https://www.ubereats.com/wichita/food-delivery/california-tortilla-wichita/W1PPcTgHTO6gF0jXZGqfTg,wichita
https://www.ubereats.com/wichita/food-delivery/fyre/UsQK1sXPTCqVxFNBJACvZA,wichita
https://www.ubereats.com/wichita/food-delivery/papa-murphys-2110-north-maize-road-suite-200/1qox2jaOQduxTkFkDlcdbQ,wichita
https://www.ubereats.com/wichita/food-delivery/newport-grill/ADEFBDFuSvu3vRg7nzqCZg,wichita
https://www.ubereats.com/wichita/food-delivery/jimmies-diner-rock-rd/M2Ep2nwkQhOGn-U4kZAK-g,wichita
https://www.ubereats.com/wichita/food-delivery/district-taqueria/UeZFaG-YTGSbiCAja0QC9w,wichita
https://www.ubereats.com/wichita/food-delivery/wendys-4821-s-broadway-st/irdeam9rQLuZqYUAgQABPQ,wichita
https://www.ubereats.com/wichita/food-delivery/chipotle-mexican-grill-2241-n-maize-rd-ste-111/fz5mU5afQgKYnR9FzQJxoA,wichita
https://www.ubereats.com/wichita/food-delivery/applebees-320-s-ridge-road/cDMvaKOxRlS2a9LdLpe0Yg,wichita
https://www.ubereats.com/wichita/food-delivery/churchs-chicken-4780-e-13th-st-n/yjUupaIVRgK_oXLduZ_F6A,wichita
https://www.ubereats.com/wichita/food-delivery/qdoba-mexican-grill-430-n-rock-rd/NoDM74mdTgiQz7aiXikf7w,wichita
https://www.ubereats.com/wichita/food-delivery/malaysia-cafe/0qOEhAY_RwCZrsCDjHi4Rw,wichita
https://www.ubereats.com/wichita/food-delivery/bionic-burger-e-harry-st/sb5wJBH4Sqi2E8yfNKqrXg,wichita
https://www.ubereats.com/wichita/food-delivery/tight-ends/gXTNZnLUTLeoEiCQfdjCeA,wichita
https://www.ubereats.com/wichita/food-delivery/sams-southern-eatery/MCGaI1ocS1mHwU44mASsEA,wichita
https://www.ubereats.com/wichita/food-delivery/cracker-barrel-old-country-store-619-south-ridge-road/1TXMWkNgT6iow6CWAifrww,wichita
https://www.ubereats.com/wichita/food-delivery/jimmys-egg-550-n-webb/1YKtXmnOTHWv7JxIlEeP9A,wichita
https://www.ubereats.com/wichita/food-delivery/popeyes-1350-n-hillside-st/zH8JnDUqRKW_CWlGib4PLg,wichita
https://www.ubereats.com/wichita/food-delivery/schlotzskys-deli-2692-greenwich-court/AHDGdfE2TEa53nXzKHHb-g,wichita
https://www.ubereats.com/wichita/food-delivery/outback-steakhouse-233-south-ridge-road/ZcNqR24xRl2C8TrAyNkXoA,wichita
https://www.ubereats.com/wichita/food-delivery/mcdonalds-5606-e-central/vOa2Qj42QXKj4ivln4HIMA,wichita
https://www.ubereats.com/wichita/food-delivery/subway-41513/qEpNOFRNTee4fH_IfoPciA,wichita
https://www.ubereats.com/wichita/food-delivery/mcdonalds-1219-s-rock-rd/D_5vk6l8QK6oSicsYGUz5A,wichita
https://www.ubereats.com/wichita/food-delivery/cafe-maurice-llc/x6JZfwCtRBON1tsiUxdCXQ,wichita
https://www.ubereats.com/wichita/food-delivery/burger-central/Kerx55ZcTMWrKHxJpvTTpw,wichita
https://www.ubereats.com/wichita/food-delivery/starbucks-kellogg-%26-west/LMiompR_TlibCxqwDyqL2A,wichita
https://www.ubereats.com/wichita/food-delivery/buffalo-wild-wings-3236-n-rock-rd-ste-190/Sf3UUb6xQt2dc5sQy4cHhA,wichita
https://www.ubereats.com/wichita/food-delivery/poke-mix/ZaW76xGZQw-DpGZiLZ4DXA,wichita
https://www.ubereats.com/wichita/food-delivery/el-papa-pollo-restaurant/LSuvO3BoRO6R-GLFcivuRg,wichita
https://www.ubereats.com/wichita/food-delivery/ihop-1906-n-rock-road/11TsPRC6TQiTgS_ldG34Zg,wichita
https://www.ubereats.com/wichita/food-delivery/subway-52467/8HnAgy3jQ-i76OUYenxp1A,wichita
https://www.ubereats.com/wichita/food-delivery/two-olives/JdP7Lga9SAae-PrEeQBx0Q,wichita
https://www.ubereats.com/wichita/food-delivery/mcdonalds-1050-n-broadway/IWSGIe0hSHyriUzkSZRdPw,wichita
https://www.ubereats.com/wichita/food-delivery/hardees-1506449/TCtXl4R4TOmHRjmAnm0Xdg,wichita
https://www.ubereats.com/wichita/food-delivery/starbucks-pawnee-%26-seneca/4p9Sf63sQEmyaSY1rsPJIA,wichita
https://www.ubereats.com/wichita/food-delivery/wichita-brewing-company-%26-pizzeria/af25dy09Q8KlflkcsWSelA,wichita
https://www.ubereats.com/wichita/food-delivery/burger-king-3500-south-meridian-avenue/f8P4GWO6RwiqNPvQquBgQQ,wichita
https://www.ubereats.com/wichita/food-delivery/doc-greens-west/LHi1MCDhQhWtyrhG7ybKdQ,wichita
https://www.ubereats.com/wichita/food-delivery/mama-niths-crawfish/9Mzji4tWSvKBtajQTlRUnA,wichita
https://www.ubereats.com/wichita/food-delivery/mcalisters-deli-530-lakeview-pkwy-rowlett-tx-1316/cGIBGTMXSzCzFiCneKPCdw,wichita
https://www.ubereats.com/wichita/food-delivery/sonic-331-n-andover-road/ZwruXcI8QAafGtOE5vr7cA,wichita
https://www.ubereats.com/wichita/food-delivery/hibachi-boy-wichita/QVIglxlaRR2YklEchSxK7Q,wichita
https://www.ubereats.com/wichita/food-delivery/fuzzys-taco-shop-306-n-rock/OsXHFeTkSGi6Fb6VKzsNPA,wichita
https://www.ubereats.com/wichita/food-delivery/knollas-pizza/aZ78SkRFQWafZ9ncJhWlzw,wichita
https://www.ubereats.com/wichita/food-delivery/mcdonalds-3527-n-rock-rd/Mencbj3vSbGOQ9mZ-UQckA,wichita
https://www.ubereats.com/wichita/food-delivery/ninza-sushi-bar/f_GXhpaKTUaBVUBE-v9wsA,wichita
https://www.ubereats.com/wichita/food-delivery/dairy-queen-grill-%26-chill-3248-n-rock-rd/0W_gjvWFTxKUoou7_O8ujg,wichita
https://www.ubereats.com/wichita/food-delivery/saltgrass-wichita-2624-greenwich-road/XcTITRzPSgW2708Tqk0yHg,wichita
https://www.ubereats.com/wichita/food-delivery/kfc-7227-w-21st-street-north/mWN_CpsoRGyME1wO7yVWdQ,wichita
https://www.ubereats.com/wichita/food-delivery/starbucks-central-%26-rock-rd/_QwDVKfjSbKNiWN_jndHHw,wichita
https://www.ubereats.com/wichita/food-delivery/arbys-8455/hFengFfgSwut2R3oUkb-EA,wichita
https://www.ubereats.com/wichita/food-delivery/lalos-express/5vrF3GOARom-A9i8ONBZTA,wichita
https://www.ubereats.com/wichita/food-delivery/cinnamons-deli/wmqqZirbQ4CkbUKjyz5ZxQ,wichita
https://www.ubereats.com/wichita/food-delivery/arbys-8550/1C4kvMLpT0azoNAQO4KnnA,wichita
https://www.ubereats.com/wichita/food-delivery/arbys-7944/CZpjcpyTTPyzbs7_C-BO8w,wichita
https://www.ubereats.com/wichita/food-delivery/mcdonalds-545-n-hillside/rGsE2KeaRAapQao-IM8C9A,wichita
https://www.ubereats.com/wichita/food-delivery/el-papa-pollo-2/OHqzNVvAR0uHb6DZfzFsHA,wichita
https://www.ubereats.com/wichita/food-delivery/china-king/W4jUO--rQkOfT9A7y-YhlA,wichita
https://www.ubereats.com/wichita/food-delivery/heros-sports-bar-%26-grill/3OaCuXq-S7mJGfKwxSkEeA,wichita
https://www.ubereats.com/wichita/food-delivery/ihop-3204-n-maize-rd/tgfHmQ20Rwyz4TMxScZhgQ,wichita
https://www.ubereats.com/wichita/food-delivery/wichita-brewing-company-%26-pizzeria-east-side/zvq0ym1fQNeAPcbAVc7KfA,wichita
https://www.ubereats.com/wichita/food-delivery/sonic-13535-w-maple/elKtwm7BTj2wBLFa1fgCSQ,wichita
https://www.ubereats.com/wichita/food-delivery/chipotle-mexican-grill-515-n-hillside-st/kURipXR3Sguzzhu2x81vNQ,wichita
https://www.ubereats.com/wichita/food-delivery/starbucks-harry-%26-rock/NAbsOzqoRj2U45ZYmj2Z6Q,wichita
https://www.ubereats.com/wichita/food-delivery/red-robin-9990-e-13th-st/x6p9JthnQGCcbUe15CjooA,wichita
https://www.ubereats.com/wichita/food-delivery/buffalo-wings-%26-rings-2636-greenwich-court/wAOYlsGZTOSmHhOgZ1sJSg,wichita
https://www.ubereats.com/wichita/food-delivery/wichita-chicken/trabhAa2TtOTjRVFX7Ys0Q,wichita
https://www.ubereats.com/wichita/food-delivery/outback-steakhouse-2020-north-rock-road/AaZ5x9CWRG6bX06thp0m9g,wichita
https://www.ubereats.com/wichita/food-delivery/mcdonalds-3430-s-hydraulic/aQiW56flQ1ScsgO5mJkepw,wichita
https://www.ubereats.com/wichita/food-delivery/kfc-2347-seneca-street/4jW55HqYSyCIGD2ux1gK5A,wichita
https://www.ubereats.com/wichita/food-delivery/public-at-the-brickyard/qZvklfwPSquRZpTyFtuLMw,wichita
https://www.ubereats.com/wichita/food-delivery/arbys-1524/IVczVEI7QuuKgHOHIqA9bg,wichita
https://www.ubereats.com/wichita/food-delivery/wendys-6404-w-kellogg/4YQ2DnDrRB24Y46QB9ol0Q,wichita
https://www.ubereats.com/wichita/food-delivery/long-john-silvers-1129-w-pawnee-st/YS1RjBLlRUq5S-NR-IgerA,wichita
https://www.ubereats.com/wichita/food-delivery/wendys-8853-west-central/-PJKChiZRZa9nmFOTTM-tQ,wichita
https://www.ubereats.com/wichita/food-delivery/mcdonalds-6350-w-kellogg/tk9AHDb-SXyVmAgKHdid1A,wichita
https://www.ubereats.com/wichita/food-delivery/kfc-6131-e-21st-street-n/Jc8BBZEfT_O7nhKfBasd0Q,wichita
https://www.ubereats.com/wichita/food-delivery/6s-steakhouse/PY3WDFIuTfWuZuhSnMXgyg,wichita
https://www.ubereats.com/wichita/food-delivery/arbys-1147/kSyUtJ9-Sz6TBJ7vHd-ivg,wichita
https://www.ubereats.com/wichita/food-delivery/on-the-border-wichita/3b6Dk3xGRMedUTIOcwVhvA,wichita
https://www.ubereats.com/wichita/food-delivery/ihop-3505-n-rock-road/FL0dydSpRYej9F5AFENoZw,wichita
https://www.ubereats.com/wichita/food-delivery/mcalisters-deli-410-wichita-maples-st-ks-1212/85WILXKmRzCrrVLqu9oB6A,wichita
https://www.ubereats.com/wichita/food-delivery/fazolis-8520-west-central-avenue/0LN8Wof1Shi4BKA-y5zhJw,wichita
https://www.ubereats.com/wichita/food-delivery/schlotzskys-1334-w-pawnee/dx718eaPTweMlep27wXF5Q,wichita
https://www.ubereats.com/wichita/food-delivery/old-chicago-57-300-n-mead-st/O9rZx-ikSDaAmQDR3hK_SQ,wichita
https://www.ubereats.com/wichita/food-delivery/nuway-crumbly-burgers-east-central/1NR1D_IYS-WhSswznUWqvg,wichita
https://www.ubereats.com/wichita/food-delivery/applebees-4760-s-broadway/9BZDt_HFR0qTEySpPr-lhQ,wichita
https://www.ubereats.com/wichita/food-delivery/la-hacienda-tacos-%26-tequila-ks/Av0IMPk1SJaAoFphlJFxwg,wichita
https://www.ubereats.com/wichita/food-delivery/nuway-crumbly-burgers-south-seneca/CjKpIE9OTEqPNuJxCtY-fg,wichita
https://www.ubereats.com/wichita/food-delivery/meddys-south-east/sxpxn8xWRQGYWqfkRW6S1Q,wichita
https://www.ubereats.com/wichita/food-delivery/subway-37374/ktvWEN4PSlmAmAgqbfdOXQ,wichita
https://www.ubereats.com/wichita/food-delivery/jimmys-egg-7777-east-21st-st-north/vZXBm7CYSOuy2KyEnDyKRg,wichita
https://www.ubereats.com/wichita/food-delivery/the-hill-bar-%26-grill/4ils-G4TToyPqLw_MSB5wA,wichita
https://www.ubereats.com/wichita/food-delivery/dairy-queen-grill-%26-chill-5335-e-central-ave/mgtVbY-7R-2SbVCT_uwksg,wichita
https://www.ubereats.com/wichita/food-delivery/subway-25048/5d1s-bnES4KSj1IToKg91w,wichita
https://www.ubereats.com/wichita/food-delivery/ihop-4870-s-washington-street/zSlHKhvwS6ybISktriMObw,wichita
https://www.ubereats.com/wichita/food-delivery/taco-johns-656-s-west-street/6srmeB5pQU6Hw6vm5_SAgg,wichita
https://www.ubereats.com/wichita/food-delivery/los-compadres-mexican-grill/snxsu7SWRc6RFtl3BIG7cg,wichita
https://www.ubereats.com/wichita/food-delivery/quiznos-west-%26-maple/5lo2C3a5S72dmSbJu9ZpnA,wichita
https://www.ubereats.com/wichita/food-delivery/carrabbas-3409-north-rock-road/i6T4nGrtS6Wl26y-S6rfMw,wichita
https://www.ubereats.com/wichita/food-delivery/the-rail-scratch-cocktails/kD-XXgNzT6600nl0uqqVwQ,wichita
https://www.ubereats.com/wichita/food-delivery/supplement-world/h7hm0KrYR8u6Vxvlzbh9YQ,wichita
https://www.ubereats.com/wichita/food-delivery/86-cold-press-bradley-fair/vLR-fbSnT2mEJLNP3l-gqw,wichita
https://www.ubereats.com/wichita/food-delivery/burger-king-1909-east-pawnee/fqz_cjs3QrmLCYzw4imOIw,wichita
https://www.ubereats.com/wichita/food-delivery/jimmys-egg-8728-w-central-ave/-nlLo0tQTtmVaFLJBCIKGg,wichita
https://www.ubereats.com/wichita/food-delivery/riverside-cafe-west-13th/qYV_nlZORLKdqY1fQ4M_ug,wichita
https://www.ubereats.com/wichita/food-delivery/livingstons-diner/ZbnXd-a_SCWK59jSRwwITg,wichita
https://www.ubereats.com/wichita/food-delivery/firehouse-subs-446-s-ridge-rd-ste-200/bQqkvm0rRVW3Hjl3v78uUw,wichita
https://www.ubereats.com/wichita/food-delivery/subway-22848/9OOOav-PQfO_I353pQbUHg,wichita
https://www.ubereats.com/wichita/food-delivery/papa-murphys-2712-south-seneca-street/BRY-gEILQLy6LMmJcdF_7w,wichita
https://www.ubereats.com/wichita/food-delivery/jimmies-diner/NVZXXkogQ5iRdR4IL4Qjnw,wichita
https://www.ubereats.com/wichita/food-delivery/hardees-1506336/M12g2uJZRKq-CREE-LfNLA,wichita
https://www.ubereats.com/wichita/food-delivery/mcdonalds-8100-east-21st-court/WIeucf-3SD6I27AVCKJ4RQ,wichita
https://www.ubereats.com/wichita/food-delivery/passage-to-india/OvTm0UY-T46fD7mfj6RwRA,wichita
https://www.ubereats.com/wichita/food-delivery/papa-murphys-4813-east-central-avenue/jIwQcdrTSemLvEpXGki9PA,wichita
https://www.ubereats.com/wichita/food-delivery/popeyes-3131-n-rock-rd/g7KJpFscRrGDSKc3gRA3Jw,wichita
https://www.ubereats.com/wichita/food-delivery/southeast-carryout/Lx4gzPgXQk6AsO5mkwzTfA,wichita
https://www.ubereats.com/wichita/food-delivery/nuway-crumbly-burgers-east-harry/E4nYBI78QZ2OHujFuw6qtA,wichita
https://www.ubereats.com/wichita/food-delivery/mcdonalds-411-s-broadway/8lFWsl1vSdyma7-Nvxzthg,wichita
https://www.ubereats.com/wichita/food-delivery/marcos-pizza-3305-w-central-ste-101/JJ6FPUxrRYiS43FeOxkb3g,wichita
https://www.ubereats.com/wichita/food-delivery/starbucks-central-and-hillside/GajznoBOTlqfmSbVXfwLwA,wichita
https://www.ubereats.com/wichita/food-delivery/buffet-city/T19yjnoUT22qwFg9YQP3Lg,wichita
https://www.ubereats.com/wichita/food-delivery/burger-king-4220-east-harry/9-hrvBaqRt-pnfixey1zhA,wichita
https://www.ubereats.com/wichita/food-delivery/panda-express-21st-%26-maize/0tp0HXhUTIiHr9ISuuyHGw,wichita
https://www.ubereats.com/wichita/food-delivery/wendys-2504-south-seneca/hU62m8k_TFWVJqHTeBExRA,wichita
https://www.ubereats.com/wichita/food-delivery/wendys-3601-east-harry-street/3ToZrWnwQ4q4ICefc0f17Q,wichita
https://www.ubereats.com/wichita/food-delivery/lees-restaurant/pyyIfVOpRoO4R5eM2mplKw,wichita
https://www.ubereats.com/wichita/food-delivery/bionic-burger-s-meridian/edz-OdXpTs-L-C642MwjZA,wichita
https://www.ubereats.com/wichita/food-delivery/31st-phat-burgers-inc/4D-bFmuWSPaR_fYp_0O0AA,wichita
https://www.ubereats.com/wichita/food-delivery/wendys-601-n-west-st/tq9P4w6CQ9CTYTk7wJXvMQ,wichita
https://www.ubereats.com/wichita/food-delivery/schlotzskys-6507-e-central-%2385/9vlaf_iPSbqWppWMBccUqA,wichita
https://www.ubereats.com/wichita/food-delivery/wendys-2119-n-maize-road/CGEUR-W3T0SCdhW5geHFhA,wichita
https://www.ubereats.com/wichita/food-delivery/village-inn-w-central/G--EBosHST2R-JUf7QQauA,wichita
https://www.ubereats.com/wichita/food-delivery/popeyes-1211-n-broadway-st/NxkT2A_iRfi-Wxo-xF2QHA,wichita
https://www.ubereats.com/wichita/food-delivery/ihop-11855-e-kellogg-dr/6Wug7JumR_ONOt-3mb1i-g,wichita
https://www.ubereats.com/wichita/food-delivery/ihop-515-s-ridge-circle/Pp4gePEmSj-BIeU9ANrurQ,wichita
https://www.ubereats.com/wichita/food-delivery/mcdonalds-4810-south-broadway/PkSPZSytRP-xozDoUbqrPw,wichita
https://www.ubereats.com/wichita/food-delivery/kfc-1251-south-woodlawn/Ukc6Q3SwT8GSN7Q_TDCCRw,wichita
https://www.ubereats.com/wichita/food-delivery/mcalisters-deli-411-wichita-greenwich-rd-ks-1224/VccUpQLHSKmkAtXzmxM7Xw,wichita
https://www.ubereats.com/wichita/food-delivery/mcdonalds-2418-s-seneca-ave/ce9MLXAGTE-Cs7dG0osJZQ,wichita
https://www.ubereats.com/wichita/food-delivery/el-mexico-cafe/IT4foa-cThijuMcNfigaJg,wichita
https://www.ubereats.com/wichita/food-delivery/subway-15277/oRRpmGo6TzGAH_3PR4wbcA,wichita
https://www.ubereats.com/wichita/food-delivery/arbys-6751/w1r7rO7AToiSjsD--TlhRQ,wichita
https://www.ubereats.com/wichita/food-delivery/bionic-burger-n-ridge/Kl06MpOHSNmToPnhBoxscw,wichita
https://www.ubereats.com/wichita/food-delivery/a%26w-all-american-food-547-s-rock-rd/TTsrXEJJThiA0xshI0o1gQ,wichita
https://www.ubereats.com/wichita/food-delivery/chipotle-mexican-grill-2121-n-amidon-ave/ibXTupx0TRCSdmQL0Oc-lw,wichita
https://www.ubereats.com/wichita/food-delivery/subway-10838/MrlQO3czSqOI66LQpuYi8A,wichita
https://www.ubereats.com/wichita/food-delivery/bionic-burger-e-21st/wRI3pc4cTjauYmW9BMp-4w,wichita
https://www.ubereats.com/wichita/food-delivery/schlotzskys-1140-s-rock-rd/HGlQO4l3QdikKnzUlDHRPA,wichita
https://www.ubereats.com/wichita/food-delivery/pho-hien/cTCbhrD5TviRA-p8suGSTw,wichita
https://www.ubereats.com/wichita/food-delivery/red-lobster-333-s-towne-east-mall-drive/BAXlvhNcRbWdzYqWESXs3Q,wichita
https://www.ubereats.com/wichita/food-delivery/la-chinita-mexican-restaurant/3O0DtfivR4-E6ULjVwotlQ,wichita
https://www.ubereats.com/wichita/food-delivery/meddys-north-east/kDDf64n9RtWG6-JPk0EUrQ,wichita
https://www.ubereats.com/wichita/food-delivery/a%26w-restaurants-2616-n-maize/-z3FRWMSQ1CedR0GBCkNIQ,wichita
https://www.ubereats.com/wichita/food-delivery/ninza-sushi-east/N6Tnw-v7TTWUvQKWwg3_og,wichita
https://www.ubereats.com/wichita/food-delivery/harrys-uptown-bar-%26-grill/EoUTMukATAuhxIvfyQ6J0g,wichita
https://www.ubereats.com/wichita/food-delivery/subway-10907/k0Ss2tp9TIOyGK80ORp4Vw,wichita
https://www.ubereats.com/wichita/food-delivery/arbys-1308/BdvDpjawTH6Nl-C4kjSMlg,wichita
https://www.ubereats.com/wichita/food-delivery/subway-17302/784XetnnRViX_SMPgPw0mw,wichita
https://www.ubereats.com/wichita/food-delivery/doc-greens-east/toNF43wpT6GNEw2UVuw9Eg,wichita
https://www.ubereats.com/wichita/food-delivery/mcdonalds-2437-sw-st/8KxBxTEBRrKyzMyhujMifA,wichita
https://www.ubereats.com/wichita/food-delivery/abuelos-wichita-kc-waterfront/eV5j4M7_TiGZjw_I0gGdVQ,wichita
https://www.ubereats.com/wichita/food-delivery/noodles-%26-company-7700-e-kellogg-ste-1014/X3wCGHrHSSeI0XaefNnCog,wichita
https://www.ubereats.com/wichita/food-delivery/chipotle-mexican-grill-3015-n-rock-rd/Vx6J1hodRbu5Qc5c7zZBkA,wichita
https://www.ubereats.com/wichita/food-delivery/starbucks-21st-%26-amidon/fae-0j96SGmbmAZwEdHxfw,wichita
https://www.ubereats.com/wichita/food-delivery/marrakeceh-restaurant/MxirMOXQSCOBMQSFFVxvpA,wichita
https://www.ubereats.com/wichita/food-delivery/subway-36038/G9FqPt3LTp2ed195jrROBQ,wichita
https://www.ubereats.com/wichita/food-delivery/applebees-10728-w-21st-st-n/tQoPCH6MRO2ekEqdSsAH7w,wichita
https://www.ubereats.com/wichita/food-delivery/hardees-1506195/CCyCtkQMQgyCFqAXBTlK7w,wichita
https://www.ubereats.com/wichita/food-delivery/mulligans-pub/ceU6J7AwRASKWaaPgX82ow,wichita
https://www.ubereats.com/wichita/food-delivery/wasabi-hinkaku/odGoSH_iQpi5xZBOTJHPOg,wichita
https://www.ubereats.com/wichita/food-delivery/angry-elephant/Bbvokik2Q7K1eqntEqSETA,wichita
https://www.ubereats.com/wichita/food-delivery/le-monde/9iJamOuHSLKyhnxxOVEQ3A,wichita
https://www.ubereats.com/wichita/food-delivery/7702-bonefish-grill-10250-e-13th-st/5cxGobWfTP6aG1JRhkZVzA,wichita
https://www.ubereats.com/wichita/food-delivery/arbys-1343/QO5mGBiqRfy1XHh3YohjhA,wichita
https://www.ubereats.com/wichita/food-delivery/krispy-krunchy-chicken-1302-n-broadway-st/ScwgPQjXQhunpzN5B1fWvQ,wichita
https://www.ubereats.com/wichita/food-delivery/athens-llc/gsQcJRgzTC6nh37DqiR2Lg,wichita
https://www.ubereats.com/wichita/food-delivery/meddys/13hbq-HmQbetxlUNEMGBNw,wichita
https://www.ubereats.com/wichita/food-delivery/mcdonalds-7311-w-21st-st/r6lLFdHKRJS1bSKk5l7cmw,wichita
https://www.ubereats.com/wichita/food-delivery/wendys-1705-w-21st-street-north/M5OqshAVQIeIJ_4cxolFuw,wichita
https://www.ubereats.com/wichita/food-delivery/long-john-silvers-2090-w-21st-st-n/bmLW2PSLRcqEmJWueRJeOQ,wichita
https://www.ubereats.com/wichita/food-delivery/chipotle-mexican-grill-7130-w-maple-st-ste-100/KZ7eEjmNSi2TDSRNyI0FUA,wichita
https://www.ubereats.com/wichita/food-delivery/the-old-spaghetti-factory-wichita/RWUb2dqrQ7qJMZ2lffK5sg,wichita
https://www.ubereats.com/wichita/food-delivery/slim-chickens-2313-n-greenwich-rd/Na-J4WTfQCGjT3tB3zLfDA,wichita
https://www.ubereats.com/wichita/food-delivery/red-lobster-555-south-west-street/z31gSpo-RC64uoTFMcDmTQ,wichita
https://www.ubereats.com/wichita/food-delivery/burger-king-2150-w-21st-street/EkP25IPlSn2IoWhDB8Z7Lw,wichita
https://www.ubereats.com/wichita/food-delivery/kandis-kitchen/ZFwSlgzWRd2_OdfHkxkVkQ,wichita
https://www.ubereats.com/wichita/food-delivery/six-degrees-wichita/FMEgHbruQmKRRuoJVjugAw,wichita
https://www.ubereats.com/wichita/food-delivery/mr-buds-brothers/kHMtFH7tT1mIhYLYYWorxA,wichita
https://www.ubereats.com/wichita/food-delivery/harrys-uptown-bar-%26-grill/d_H8e76BSXCbVVhnv07Rpg,wichita
https://www.ubereats.com/wichita/food-delivery/doc-greens-college-hill/GT79vkvASqqfYtV36JQyUw,wichita
https://www.ubereats.com/wichita/food-delivery/mif-deli/K16SBGeWRPGRneldt0As4Q,wichita
https://www.ubereats.com/wichita/food-delivery/village-inn-s-meridian/mGsbDDtxSxO995reQAC0eA,wichita
https://www.ubereats.com/wichita/food-delivery/pf-changs-1401-waterfront-pkwy/LiwGCLS8TQi4aTYdXiyBAQ,wichita
https://www.ubereats.com/wichita/food-delivery/chick-n-max/i6jghnYtQziJAM2dZxXpbw,wichita
https://www.ubereats.com/wichita/food-delivery/mcdonalds-1645-s-webb-rd/UU6lTRVbQwuVWXJ3sOimYw,wichita
https://www.ubereats.com/wichita/food-delivery/charleys-philly-steaks-towne-east-square/8DqBX2nKT4eTmZh4V826kQ,wichita
https://www.ubereats.com/wichita/food-delivery/nothing-bundt-cakes-wichita/EOHrUmJ6Qe6vYvuBgF7SUw,wichita
https://www.ubereats.com/wichita/food-delivery/planet-sub-douglas/VxtoODORTAyeDSo-ipN4NA,wichita
https://www.ubereats.com/wichita/food-delivery/wendys-160-s-rock-road/P54jAUcRRT2XN85b6JLgtQ,wichita
https://www.ubereats.com/wichita/food-delivery/starbucks-29th-%26-rock/lyJ0V-hLSk2Ua7kg3N6EJA,wichita
https://www.ubereats.com/wichita/food-delivery/buffalo-wild-wings-2413-n-maize-rd/CgqplTZhS7CQuZI7NWWVbw,wichita
https://www.ubereats.com/wichita/food-delivery/mcdonalds-1811-n-hillside/ShRkByePS7Swi91L3QOPGA,wichita
https://www.ubereats.com/wichita/food-delivery/jasons-deli-east/vVdBsiNuRUyBaLrHIsPpBg,wichita
https://www.ubereats.com/wichita/food-delivery/louisiana-famous-fried-chicken-e-harry-st-ks/hcwSd0D7QJWGnTsRjdKmPA,wichita
https://www.ubereats.com/wichita/food-delivery/artichoke-sandwich-bar/Bq7C3mu3TcypVQJsal-H2A,wichita
https://www.ubereats.com/wichita/food-delivery/popeyes-4232-w-central-ave/ZNEvk30GS0qSOvjgM_Sjhg,wichita
https://www.ubereats.com/wichita/food-delivery/mcdonalds-456-s-west/XjU-EaEeQxmV9HCNahBB2A,wichita
https://www.ubereats.com/wichita/food-delivery/sonic-1828-east-47th-street-south/0MYsdM2fQa-xVSuHVqdLcA,wichita
https://www.ubereats.com/wichita/food-delivery/west-street-burgers/-v4hB4T6ToiEZDWTHLka1w,wichita
https://www.ubereats.com/wichita/food-delivery/red-rock-canyon-grill-wichita/jBcEoY14SXaJFlh-V8l6vA,wichita
https://www.ubereats.com/wichita/food-delivery/mcdonalds-1630-s-hillside/G_ZPWsF7RXW-0LP8naxDhA,wichita
https://www.ubereats.com/wichita/food-delivery/on-the-border-west-wichita/vlpYQ-gtRBqQGq_M3UOunQ,wichita
https://www.ubereats.com/wichita/food-delivery/bjs-restaurant-%26-brewhouse-7960-east-kellogg/IJYSspzAS_K1ZH5EZcsZ5w,wichita
https://www.ubereats.com/wichita/food-delivery/starbucks-central-and-tyler/OVOPjEBIRra9ehfaowS1Qw,wichita
https://www.ubereats.com/wichita/food-delivery/olivias-gourmet-burgers/PVczU79RRHaYRcN91dEE8g,wichita
https://www.ubereats.com/wichita/food-delivery/subway-10704/oUN9nn4VTAaMdM8aX4_W7g,wichita
https://www.ubereats.com/wichita/food-delivery/deshi-curry/T6fQf6BYRn-AuKOoSkw0DA,wichita
https://www.ubereats.com/wichita/food-delivery/firehouse-subs-2413-n-greenwich-rd-ste-103/sxFMWvlNQaC3k6jd1WlZGA,wichita
https://www.ubereats.com/wichita/food-delivery/panda-express-11787-e-kellogg-drive/rZeIzYwXQp6Wl2HMO0tVsg,wichita
https://www.ubereats.com/wichita/food-delivery/dappery-dodo-breakfast-burritos/7w3MPoZGQx67ULENjZttsg,wichita
https://www.ubereats.com/wichita/food-delivery/dennys-4024-e-harry-st/pCrEO8KYQUiBvvWdVxIWjQ,wichita
https://www.ubereats.com/wichita/food-delivery/huhot-mongolian-grill-rock-road/dCVrBKWcQa-ALhjGPOwM7g,wichita
https://www.ubereats.com/wichita/food-delivery/great-wall-chinese-restaurant/SWQTguj9QyWr4qQMC61WmA,wichita
https://www.ubereats.com/wichita/food-delivery/rain-cafe-%26-lounge/eVHHuvd0TJOSzvkPdbb5Ag,wichita
https://www.ubereats.com/wichita/food-delivery/mcdonalds-122-n-seneca/lcoq1pLHQq-sciZgaveP7A,wichita
https://www.ubereats.com/wichita/food-delivery/sonic-3828-north-woodlawn/k3mq6jFaSVe0HcpBsUxj7w,wichita
https://www.ubereats.com/wichita/food-delivery/hurricane-grill-%26-wings-wichita/XmFMjzyDSNGRCLGgzvGVdw,wichita
https://www.ubereats.com/wichita/food-delivery/pho-special/LZRWRxBYSnaG7U-SjJBjcQ,wichita
https://www.ubereats.com/wichita/food-delivery/wendys-555-s-broadway/-6Fkn4BET6u6qVleQnp--A,wichita
https://www.ubereats.com/wichita/food-delivery/old-chicago-51-2240-n-tyler-rd-%23100/aP6WbrTrRGmWQpOQnVdshA,wichita
https://www.ubereats.com/wichita/food-delivery/sonic-110-s-west-street/bcYOtC-uTYm95LrXELU6zg,wichita
https://www.ubereats.com/wichita/food-delivery/mcdonalds-1421-n-west-st/sxJy0cwWS9212eIjTFaWmw,wichita
https://www.ubereats.com/wichita/food-delivery/fazolis-3553-n-rock-road/f7-SZRpmRC2girSSx7Djvw,wichita
https://www.ubereats.com/wichita/food-delivery/qdoba-583-s-west-st-ste-100a/RsC1q9qjSdaEdyeAz7RepA,wichita
https://www.ubereats.com/wichita/food-delivery/next-level-thai-cafe/ZRBgh2gdSXeNVhGzO0EiwA,wichita
https://www.ubereats.com/wichita/food-delivery/geomeals/Mmu-1OhRRs2Qq0BMye2yeA,wichita
https://www.ubereats.com/wichita/food-delivery/krispy-kreme-7777-east-central/XxExIZpkTuab2zOpYbiuEw,wichita
https://www.ubereats.com/wichita/food-delivery/subway-23828/4CV6y4o9SQK8oB6rPmgn9A,wichita
https://www.ubereats.com/wichita/food-delivery/wine-dive/podw3ukhR2SJ9NWEKLC3pA,wichita
https://www.ubereats.com/wichita/food-delivery/new-paradise/ZZCDOUH4RtO95RKkiGBnNw,wichita
https://www.ubereats.com/wichita/food-delivery/picassos-pizzeria/QTxPqPE1SR2I1mXiaSG7pA,wichita
https://www.ubereats.com/wichita/food-delivery/mcdonalds-506-north-tyler-road/cg8FEQcSR8iLEKG_ZLBpZg,wichita
https://www.ubereats.com/wichita/food-delivery/krispy-krunchy-chicken-2828-e-21st/ZQTVfs3CTfuUy26F5Brk9w,wichita
https://www.ubereats.com/wichita/food-delivery/jasons-deli-west/4O26FtFjRxavYUwCxTaXyQ,wichita
https://www.ubereats.com/wichita/food-delivery/jimmys-egg-106-s-hydraulic-st/SX72ydKxTAOYjvgbH3o7Kg,wichita
https://www.ubereats.com/wichita/food-delivery/jimmys-egg-1210-w-pawnee-st/vSGe0COiT9CP39SQU78rVg,wichita
https://www.ubereats.com/wichita/food-delivery/nuway-crumbly-burgers-west-douglas/8aYZFWzNSTCtBtmSrqs1Ow,wichita
https://www.ubereats.com/wichita/food-delivery/kfc-611-east-47th-street-south/EL1RNz-7Q3S8LP5BomxVhA,wichita
https://www.ubereats.com/wichita/food-delivery/bagatelle-bakery/OKOqS8mHT2CAnXrjrwQJDA,wichita
https://www.ubereats.com/wichita/food-delivery/kfc-441-south-west/ZJ2ZE4JlQy6I9mpx1ZUeJA,wichita
https://www.ubereats.com/wichita/food-delivery/mcdonalds-2261-n-amidon/PjjWBFtBT3e8-IKUoVvu3Q,wichita
https://www.ubereats.com/wichita/food-delivery/new-lemongrass%3A-taste-of-vietnam/X4wA0R69ROSEjd0_3nOptA,wichita
https://www.ubereats.com/wichita/food-delivery/firebirds-wood-fired-grill-10096-e-13th-st-n/Vy3LiuvfTOCv3SNOwiur7w,wichita
https://www.ubereats.com/wichita/food-delivery/subway-6317/SvWC1sNGRzO5pJU0LWVJUA,wichita
https://www.ubereats.com/wichita/food-delivery/schlotzskys-8710-west-central/Hiy8C3iGQ4qp6augXv2Tog,wichita
https://www.ubereats.com/wichita/food-delivery/bds-mongolian-grill-wichita/YaK27Ki0SfSduyYlLJmi_Q,wichita
https://www.ubereats.com/wichita/food-delivery/the-no-bake-cafe/cW86THgpSI2yFEoVV-ldJg,wichita
https://www.ubereats.com/wichita/food-delivery/jacky-chan-sushi/w1F9LI_FS0ywaRcTjbFcAA,wichita
https://www.ubereats.com/wichita/food-delivery/subway-6269/7pSY39KPQyKs0BTmmxranA,wichita
https://www.ubereats.com/wichita/food-delivery/west-street-burger-south-wichita/6uEaRRaOTNSNdbadzGylxw,wichita
https://www.ubereats.com/wichita/food-delivery/blaze-pizza-2692-n-greenwich-court/NkK2RYs9SpWXaf7YUVczAQ,wichita
https://www.ubereats.com/wichita/food-delivery/applebees-11317-e-13th-street-n/I-dWeXn3R4KJ88ioX60MKQ,wichita
https://www.ubereats.com/wichita/food-delivery/arbys-7366/Y5Hucc-4RbqEqjoM6kT1rA,wichita
https://www.ubereats.com/wichita/food-delivery/long-john-silvers-547-s-rock-rd/Zr5gUGCQQiGqywcivY5QMA,wichita
https://www.ubereats.com/wichita/food-delivery/headshots-bar-and-grill/bf0BZUIUQYuaBChOkOZHVQ,wichita
https://www.ubereats.com/wichita/food-delivery/picassos-pizzeria-e-central/RihYze5OSdW52EtxwqQRDA,wichita
https://www.ubereats.com/wichita/food-delivery/popeyes-1623-s-seneca-st/5fO9wLsHS_KBeln7LBndbw,wichita
https://www.ubereats.com/wichita/food-delivery/noodles-%26-company-3300-n-rock-rd/oocYt-g0R6asmm_cTS5lPQ,wichita
https://www.ubereats.com/wichita/food-delivery/rib-crib-bbq-%26-grill-500-s-ridge-rd/GvvEssiuRqK47-juf93Xig,wichita
https://www.ubereats.com/wichita/food-delivery/wendys-3541-s-meridian/aNui1YAnRkOAMygLF8T17Q,wichita
https://www.ubereats.com/wichita/food-delivery/long-john-silvers-2616-n-maize-rd/k6BQDfBnRqO9vNNdnA4auA,wichita
https://www.ubereats.com/wichita/food-delivery/b%26c-pub-and-grill/a8bFkf-jQO2wnzauWGsXGQ,wichita
https://www.ubereats.com/wichita/food-delivery/burger-king-11551-east-kellogg/DDXDE-lXSu2S7KTZD-kr5Q,wichita
https://www.ubereats.com/wichita/food-delivery/tjs-burger-house/DBx9IHQ7RbO2PQEDlnRAVg,wichita
https://www.ubereats.com/wichita/food-delivery/abuelos-wichita-ks/4zIreSBkStWXN80id-RsvA,wichita
https://www.ubereats.com/wichita/food-delivery/planet-sub-west-central/kSwG2F66QjKQU8AoRGdnpw,wichita
https://www.ubereats.com/wichita/food-delivery/delanos-diner/QfAnZchzRx2k42fLqewivQ,wichita
https://www.ubereats.com/wichita/food-delivery/subway-28015/IH0eZp1WT4icQ-kyDnW23w,wichita
https://www.ubereats.com/wichita/food-delivery/subway-35759/lKXMUur2S3i0Qo7qP46fFA,wichita
https://www.ubereats.com/wichita/food-delivery/village-inn-s-rock/9nlqGDpQTz-b8sfEBV4m1Q,wichita
https://www.ubereats.com/wichita/food-delivery/nuway-crumbly-burgers-west-central/GqrkGtuERcWnh8ZUlt3lQw,wichita
https://www.ubereats.com/wichita/food-delivery/burger-king-528-north-oliver/15jnDmt0S7Csdq2H8w6lXg,wichita
https://www.ubereats.com/wichita/food-delivery/breakfast-by-la-chinita/KWWcnQ1aSnWvf3cofftQAw,wichita
https://www.ubereats.com/wichita/food-delivery/super-china-star-inc/z-Hxr89RSTqn4P8PSEnuhw,wichita
https://www.ubereats.com/wichita/food-delivery/quiznos-n-webb-rd/uASZpwouSjmtpshL7tXY5g,wichita
