url,city
https://www.ubereats.com/cleveland/food-delivery/master-ds-grille/RBHqCfFiTqujUHoWXT6JbA,wickliffe-ohio
https://www.ubereats.com/cleveland/food-delivery/hooley-house-sports-pub-%26-grille-reynolds/sqYVBmyoQHKYcbcZzSTqTA,wickliffe-ohio
https://www.ubereats.com/cleveland/food-delivery/mcdonalds-euclid-%26-robinhood/nSIXd4nCQ9-XeOR9xVStmg,wickliffe-ohio
https://www.ubereats.com/cleveland/food-delivery/yours-truly-restaurant-mentor/e4eNbhkQQ0uO28AHj6oN9w,wickliffe-ohio
https://www.ubereats.com/cleveland/food-delivery/couchland-coffee-house/tOaprOoRSaW7wYUn3fM1wg,wickliffe-ohio
https://www.ubereats.com/cleveland/food-delivery/chipotle-mexican-grill-36200-euclid-ave-ste-12/8se8eAjyTu65oP6ihgYRkg,wickliffe-ohio
https://www.ubereats.com/cleveland/food-delivery/yours-truly-restaurant-mayfield-village/GXDNEfArRhu1lslp6FcROA,wickliffe-ohio
https://www.ubereats.com/cleveland/food-delivery/fowl-play-highland-heights/LEOnG8VySHKImbT7TqQL6A,wickliffe-ohio
https://www.ubereats.com/cleveland/food-delivery/mr-hero-euclid-%26-beverly-hills/PQmYmQg5RaSchE22YFHmSQ,wickliffe-ohio
https://www.ubereats.com/cleveland/food-delivery/charleys-philly-steaks-7850-mentor-ave/as3hk4iURXqdZwCCY_FnxA,wickliffe-ohio
https://www.ubereats.com/cleveland/food-delivery/burger-king-31305-vine-street/0JDNYXGRQiS5pvwcInDnVA,wickliffe-ohio
https://www.ubereats.com/cleveland/food-delivery/black-box-fix/m8kwDTCxSfCgcriwIFOwOw,wickliffe-ohio
https://www.ubereats.com/cleveland/food-delivery/the-river-tavern/pYF7LnBoTbqahbMabN2XEQ,wickliffe-ohio
https://www.ubereats.com/cleveland/food-delivery/mr-hero-e-185th-st/OXsmolNyRUKskpZvcbBKBg,wickliffe-ohio
https://www.ubereats.com/cleveland/food-delivery/chipotle-mexican-grill-28077-chagrin-blvd/Zc9KLrqpRd23AFslgKoeFA,wickliffe-ohio
https://www.ubereats.com/cleveland/food-delivery/capital-grill/iEAiDs8hQdaTJIm7hZafpQ,wickliffe-ohio
https://www.ubereats.com/cleveland/food-delivery/scalpers-bar-grille-and-sharpys-subs/zfBX4HlITnS_As1XBJkYgQ,wickliffe-ohio
https://www.ubereats.com/cleveland/food-delivery/players-club/njtf6E5lQtyrGgnAOIN4Rw,wickliffe-ohio
https://www.ubereats.com/cleveland/food-delivery/arbys-34635-euclid-ave/QTJq-ggxTwqcpGazrzQw1A,wickliffe-ohio
https://www.ubereats.com/cleveland/food-delivery/yours-truly-restaurant-beachwood/K47k1DpURGSEXPeB6M8poQ,wickliffe-ohio
https://www.ubereats.com/cleveland/food-delivery/garage-bar-willoughby/Vocez8crRw-mRKZoMpNByQ,wickliffe-ohio
https://www.ubereats.com/cleveland/food-delivery/mels-cafe-of-tremont/Hdub6KxbSui5rmktk-cX8g,wickliffe-ohio
https://www.ubereats.com/cleveland/food-delivery/ocho-rios-true-island-cuisine/TzEKUQkGQMWhA2VscU0stg,wickliffe-ohio
https://www.ubereats.com/cleveland/food-delivery/famous-gyro-george-euclid-indian-hills/aviL6JgYTR-HGNPoOWM5QA,wickliffe-ohio
https://www.ubereats.com/cleveland/food-delivery/dairy-queen-treat-7695-lake-shore-blvd/mudgId7FRZC1ETCy-MuJGw,wickliffe-ohio
https://www.ubereats.com/cleveland/food-delivery/buffalo-wild-wings-36455-euclid-ave/6KOszs6VRS65_AUcTXtj2A,wickliffe-ohio
https://www.ubereats.com/cleveland/food-delivery/hibachi-steakhouse-mentor-ave/VCpxcuTbSva7DYENQwYYYg,wickliffe-ohio
https://www.ubereats.com/cleveland/food-delivery/taco-bell-26002-euclid-ave/slO48dOIQHG5VXY-PptWmg,wickliffe-ohio
https://www.ubereats.com/cleveland/food-delivery/charleys-philly-steaks-richmond-town-square/KFxsS4qvQSqGMglP_SscZw,wickliffe-ohio
https://www.ubereats.com/cleveland/food-delivery/manhattan-deli-bar-%26-grille/6hxmuDhQRlSvy4a2LSqqwg,wickliffe-ohio
https://www.ubereats.com/cleveland/food-delivery/georgios-oven-fresh-pizza/_AfkDga2StKGvmGeVoXQ4w,wickliffe-ohio
https://www.ubereats.com/cleveland/food-delivery/neo-sports-bar-and-grill/jRlUOvEZS_apcowE_LUAXA,wickliffe-ohio
https://www.ubereats.com/cleveland/food-delivery/benihana-chargin-%26-green/Ij1iu9WtQ5alWU4SJT7Ajg,wickliffe-ohio
https://www.ubereats.com/cleveland/food-delivery/kfc-29050-lake-shore-boulevard/3hWcDZZLSYG4-Bs4cI2ZDg,wickliffe-ohio
https://www.ubereats.com/cleveland/food-delivery/wendys-250-e-222nd-street/Ti76xKi0Sz-jfRwWC3GqQA,wickliffe-ohio
https://www.ubereats.com/cleveland/food-delivery/bogside-bar-and-grill/hVd_EHToQMmHQbSGbiwVqw,wickliffe-ohio
https://www.ubereats.com/cleveland/food-delivery/sweet-peppers-bar-%26-grill/ZI9oD70IQ2KpMohnDJvT6A,wickliffe-ohio
https://www.ubereats.com/cleveland/food-delivery/lady-luck-mts/XvaOyW8aQs-7rPWFNIdJCg,wickliffe-ohio
https://www.ubereats.com/cleveland/food-delivery/taco-bell-9486-mentor-avenue/cpMRtM6WTESuuMgPzU6PkQ,wickliffe-ohio
https://www.ubereats.com/cleveland/food-delivery/qdoba-mexican-eats-highland-heights/E34R3MDJSja34dVir7Idhg,wickliffe-ohio
https://www.ubereats.com/cleveland/food-delivery/the-sauce-boiling-seafood-express/1VWxlgbRTf2h9wdb0_PXow,wickliffe-ohio
https://www.ubereats.com/cleveland/food-delivery/burg-n-go/vuWeOo2TSn2EYdluvehyRw,wickliffe-ohio
https://www.ubereats.com/cleveland/food-delivery/subway-33333-vine-st/64bcBhOeRQ6Gv3ZOTN2nBA,wickliffe-ohio
https://www.ubereats.com/cleveland/food-delivery/pf-changs-26001-chagrin-blvd/sT2p1SBiS3WCQpYXll3b4w,wickliffe-ohio
https://www.ubereats.com/cleveland/food-delivery/papa-johns-pizza-5707-mayfield-rd/pXn7vH5pQDa8PSKEvy8kxg,wickliffe-ohio
https://www.ubereats.com/cleveland/food-delivery/paladar-latin-kitchen-%26-rum-bar/JrIEehGXSkiUeyzIM1z5xg,wickliffe-ohio
https://www.ubereats.com/cleveland/food-delivery/mcdonalds-mayfield-%26-green/SI3usFl0RYuOliJL3UU2DA,wickliffe-ohio
https://www.ubereats.com/cleveland/food-delivery/subway-28292-chardon-rd/5IVp8MTTT-6PT26_3ttM0w,wickliffe-ohio
https://www.ubereats.com/cleveland/food-delivery/vs-gourmet-chicken-%26-ribs/AyWz7ErER_Wlc7dJWETzUw,wickliffe-ohio
https://www.ubereats.com/cleveland/food-delivery/five-guys-oh-1722-9180-mentor-ave/KyxC8C6DSxGO5J4IAMYPvw,wickliffe-ohio
https://www.ubereats.com/cleveland/food-delivery/mcdonalds-euclid-%26-222nd-st/JCwRE-TmR62opnFwyXOP_Q,wickliffe-ohio
https://www.ubereats.com/cleveland/food-delivery/dairy-queen-treat-435-e-200th-st/sz13LJneRdyCB9Xql_RLMw,wickliffe-ohio
https://www.ubereats.com/cleveland/food-delivery/mr-hero-lake-shore-%26-228th-st/-C_EOjZWQVG4_oR8Hc_KxQ,wickliffe-ohio
https://www.ubereats.com/cleveland/food-delivery/subway-4265-monticello-blvd/n-Xh-e-4TE-Cb4e7BXIPzA,wickliffe-ohio
https://www.ubereats.com/cleveland/food-delivery/lnsp-bar-%26-grill/d9xeoI7-RA6WDqQq9G7kTQ,wickliffe-ohio
https://www.ubereats.com/cleveland/food-delivery/frank-%26-tonys-place/flnZJqScTlq9wlMLLY3lBQ,wickliffe-ohio
https://www.ubereats.com/cleveland/food-delivery/panera-204643/b_eQAbntSdOhcqS-3LLZIg,wickliffe-ohio
https://www.ubereats.com/cleveland/food-delivery/honeybaked-ham-1257-som-center-rd/N7F8iE7OQf6q11Fayhcdxw,wickliffe-ohio
https://www.ubereats.com/cleveland/food-delivery/chippers/w3KeFZdPSUOYzlCzoqClUg,wickliffe-ohio
https://www.ubereats.com/cleveland/food-delivery/bomba-tacos/E1C8_aTQRM-L4DftSu-d1g,wickliffe-ohio
https://www.ubereats.com/cleveland/food-delivery/jalapeno-loco/7BNxDuM6RTuQkBl6-gPIuw,wickliffe-ohio
https://www.ubereats.com/cleveland/food-delivery/popeyes-26030-euclid-ave/Dc-gbxYVQO-pZBex7EQWew,wickliffe-ohio
https://www.ubereats.com/cleveland/food-delivery/hardees-36900-vine-street/VeCw2SOhQKWlSkSLpG3JiA,wickliffe-ohio
https://www.ubereats.com/cleveland/food-delivery/mrhero/Y6URFsZpQeSt9xIb1ZUcMA,wickliffe-ohio
https://www.ubereats.com/cleveland/food-delivery/best-gyros-mayfield-heights/xZ2IKL39SGmvFj8Q8gZY-w,wickliffe-ohio
https://www.ubereats.com/cleveland/food-delivery/christophers-pub/KVgG7VvdThybdwUijyzKFQ,wickliffe-ohio
https://www.ubereats.com/cleveland/food-delivery/the-standard/XD512dFUQtiWLlTSOyy58A,wickliffe-ohio
https://www.ubereats.com/cleveland/food-delivery/pizza-rx/Ybv7smOtRkSusSiDmEAeQw,wickliffe-ohio
https://www.ubereats.com/cleveland/food-delivery/ihop-euclid/5_QlpdxwQUeKTfBtUrniVQ,wickliffe-ohio
https://www.ubereats.com/cleveland/food-delivery/primozz-restaurant-and-pizzeria/tDktrbkjSreGdu32IQo8XA,wickliffe-ohio
https://www.ubereats.com/cleveland/food-delivery/rb-%26-jb-eatery/mKtkHG2jRSKs4D3lJjYGXQ,wickliffe-ohio
https://www.ubereats.com/cleveland/food-delivery/panda-chinese-restaurant/GMCaTPilQLGXww6R-W-GkA,wickliffe-ohio
https://www.ubereats.com/cleveland/food-delivery/bumpers-bar-%26-grill/I5Is8vFpRa2V_YhRugODlA,wickliffe-ohio
https://www.ubereats.com/cleveland/food-delivery/subway-22293-euclid-ave/xKbYpYoSQJ6xoTqE2oZ4-w,wickliffe-ohio
https://www.ubereats.com/cleveland/food-delivery/sports-fanatics/dAW53DreSg-3ywBHoph_BA,wickliffe-ohio
https://www.ubereats.com/cleveland/food-delivery/smokey-bones-mentor/qWoGsHGVTP-ksqR4eXEJkQ,wickliffe-ohio
https://www.ubereats.com/cleveland/food-delivery/burger-king-4150-state-route-306/v36jHwWMQXy7SBO_M_PVig,wickliffe-ohio
https://www.ubereats.com/cleveland/food-delivery/subway-35535-euclid-ave/oWQKeFZrRsi32Pgas6IiwQ,wickliffe-ohio
https://www.ubereats.com/cleveland/food-delivery/pulp-juice-and-smoothie-bar/mWwHV6ybTXy-KV2PKvn-NQ,wickliffe-ohio
https://www.ubereats.com/cleveland/food-delivery/wendys-32601-vine-st/KOkY3mdBSJOKp0AKQ0pB0A,wickliffe-ohio
https://www.ubereats.com/cleveland/food-delivery/the-dessert-aisle/W-euTnx_R76j3pwpxiWf0Q,wickliffe-ohio
https://www.ubereats.com/cleveland/food-delivery/jets-pizza-willoughby/UgzhT4ciTbyrNuijlCbagA,wickliffe-ohio
https://www.ubereats.com/cleveland/food-delivery/paragon/ildSnPKwTCqCfBADb5Uzag,wickliffe-ohio
https://www.ubereats.com/cleveland/food-delivery/daves-cosmic-subs-mentor/po-Kq1fdTW-4MSahIW-LGg,wickliffe-ohio
https://www.ubereats.com/cleveland/food-delivery/quaker-steak-%26-lube-7834-reynolds-road/1MmH7FawSHWL-ELrUG88Dw,wickliffe-ohio
https://www.ubereats.com/cleveland/food-delivery/chipotle-mexican-grill-22250-lake-shore-blvd/p9WOrjO6TeGz27yM6bWQNg,wickliffe-ohio
https://www.ubereats.com/cleveland/food-delivery/asian-express/MSrvo5xVSESt2WrK-FJBaw,wickliffe-ohio
https://www.ubereats.com/cleveland/food-delivery/bjs-restaurant-%26-brewhouse-7880-mentor-ave/uJbiZHpTTN6RSbrIBpJUYg,wickliffe-ohio
https://www.ubereats.com/cleveland/food-delivery/subway-22384-lake-shore-blvd/yXvCKg9nQief53tJtIDrcA,wickliffe-ohio
https://www.ubereats.com/cleveland/food-delivery/mcdonalds-vine-%26-lakeshore/q6j_1bimQ8e5cvEtO1SUnw,wickliffe-ohio
https://www.ubereats.com/cleveland/food-delivery/the-burger-experience-7725-reynolds-road/WMELiZIBQpKHlrxzeFbsvw,wickliffe-ohio
https://www.ubereats.com/cleveland/food-delivery/brim-kitchen-%26-brewery/ubP8ppcmSpmfe9BN7gU5BA,wickliffe-ohio
https://www.ubereats.com/cleveland/food-delivery/b2s-bar-%26-grill/h42vykx-Sbq2MJHF9R08nA,wickliffe-ohio
https://www.ubereats.com/cleveland/food-delivery/rascal-house-pizza-euclid/45TVb9L_SRedYPY_dVnpvw,wickliffe-ohio
https://www.ubereats.com/cleveland/food-delivery/red-robin-604-36565-euclid-ave/mSvd7U1OSLiHZGRn4djwBw,wickliffe-ohio
https://www.ubereats.com/cleveland/food-delivery/pizzafire-highland-heights/v1BrOS_HQIOWmxW8Ov7kCw,wickliffe-ohio
https://www.ubereats.com/cleveland/food-delivery/sub-city/ialDd9acS8K1HddFYBQhaQ,wickliffe-ohio
https://www.ubereats.com/cleveland/food-delivery/boozerz-sports-bar-%26-grille/DkoJJHpyTLKb1j0iL2c0Zg,wickliffe-ohio
https://www.ubereats.com/cleveland/food-delivery/pierogi-palace/dv9lbKRwTFm5Dn349WqxiA,wickliffe-ohio
https://www.ubereats.com/cleveland/food-delivery/the-rib-cage-smokehouse/g_iE3x_QT2aeAQF7vJoTXw,wickliffe-ohio
https://www.ubereats.com/cleveland/food-delivery/charleys-philly-steaks-%26-wings-som-center/EzDg-NdJQj6YFNT_3cGoiA,wickliffe-ohio
https://www.ubereats.com/cleveland/food-delivery/shake-shack-311-park-avenue/W5K_d6XES56WrNksLe72Pw,wickliffe-ohio
https://www.ubereats.com/cleveland/food-delivery/georgios-oven-fresh-pizza-chesterland/LH3S1T4PQE-40BQIMex3kA,wickliffe-ohio
https://www.ubereats.com/cleveland/food-delivery/paradise-biryani-pointe/NF_KrjObRQq8B8ED5isi2g,wickliffe-ohio
https://www.ubereats.com/cleveland/food-delivery/dennys-7700-mentor-avenue/w4Im5ehxTIKw0IRf3AKEzg,wickliffe-ohio
https://www.ubereats.com/cleveland/food-delivery/hunan/EKE6fqL4SvqqSzAsuGIFXA,wickliffe-ohio
https://www.ubereats.com/cleveland/food-delivery/master-pizza-eastlake/kfSJiJN4RJq7Qk4Zzk9Pog,wickliffe-ohio
https://www.ubereats.com/cleveland/food-delivery/starbucks-willoughby-som-center/aV3jA2ISTNGafFMgMoz0Dg,wickliffe-ohio
https://www.ubereats.com/cleveland/food-delivery/cocos-locos-euclid-ave/skT8GilFQguMpYOkqgPNMw,wickliffe-ohio
https://www.ubereats.com/cleveland/food-delivery/sofull-bowl/U7PJom9tTXCW3RiwHWSkRw,wickliffe-ohio
https://www.ubereats.com/cleveland/food-delivery/cinnabon-26300-cedar-rd-%235540/IzK6ORuxQZuTePZtriekcA,wickliffe-ohio
https://www.ubereats.com/cleveland/food-delivery/the-rustic-grill-at-stonewater/KyBNym12Rqmp_CTbiKjA2g,wickliffe-ohio
https://www.ubereats.com/cleveland/food-delivery/mcdonalds-broadmoor-%26-i-90/l6LV1zhaQJ2K6fCcypbxEA,wickliffe-ohio
https://www.ubereats.com/cleveland/food-delivery/harry-buffalo-highland/ZD19ic3eTNeuFtvI9Hzo9g,wickliffe-ohio
https://www.ubereats.com/cleveland/food-delivery/mamas-boy-bar-b-q/BwFK-9UCQr-wgCMo3S1FDQ,wickliffe-ohio
https://www.ubereats.com/cleveland/food-delivery/wendys-5855-som-center/qTIEN5WCTxykEya_s6oAHA,wickliffe-ohio
https://www.ubereats.com/cleveland/food-delivery/moes-southwest-grill-5920-mayfield-road/8s2ck-k6TtekhPFzUVoO0g,wickliffe-ohio
https://www.ubereats.com/cleveland/food-delivery/daboros/48VzT7sKT7iL3093sW719Q,wickliffe-ohio
https://www.ubereats.com/cleveland/food-delivery/cracker-barrel-old-country-store-6055-som-center-rd/nYsuZZecSX-BEGuaLZtfsg,wickliffe-ohio
https://www.ubereats.com/cleveland/food-delivery/yes-its-fresh/AgqtZOWpSjek8x5Bjd-9aA,wickliffe-ohio
https://www.ubereats.com/cleveland/food-delivery/cortinas-family-restaurant/Ni4wIMbyTUeZ5H3QWheHDA,wickliffe-ohio
https://www.ubereats.com/cleveland/food-delivery/mr-hero-robinhood-%26-euclid/ZlGfVsD2QkS_qpTav29sIQ,wickliffe-ohio
https://www.ubereats.com/cleveland/food-delivery/tgi-fridays-1546-cleveland-mentor-oh/HS7NUfHbSb2NVyP9bCAS_Q,wickliffe-ohio
https://www.ubereats.com/cleveland/food-delivery/dales-deli/JYaUCo0DSOeiQA8ME7y5lQ,wickliffe-ohio
https://www.ubereats.com/cleveland/food-delivery/thai-999-express/ZPHbdIASQJWNxZhGvyWrXA,wickliffe-ohio
https://www.ubereats.com/cleveland/food-delivery/golden-dragon-restaurant-woks-%26-roll/oQv3osWHQMOpkPS-dgBGWw,wickliffe-ohio
https://www.ubereats.com/cleveland/food-delivery/bakers-square-7800-plaza-blvd/A4wpbOj2RDeFawbd7e-I_A,wickliffe-ohio
https://www.ubereats.com/cleveland/food-delivery/two-bucks-eastlake/hhs8NxvySvi_EI0Gw4f8ag,wickliffe-ohio
https://www.ubereats.com/cleveland/food-delivery/firehouse-subs-mentor-ave-%23803/OkGjMIXOTNain2fjisYcsA,wickliffe-ohio
https://www.ubereats.com/cleveland/food-delivery/kfc-34400-euclid-avenue/1tO4GKbeRpGF91fyhOCDxg,wickliffe-ohio
https://www.ubereats.com/cleveland/food-delivery/zanzibar/x44rSE0cQZi2DjnRUSQu8Q,wickliffe-ohio
https://www.ubereats.com/cleveland/food-delivery/wendys-1374-som-center/6uw1waw6TP-xJL0gRjV9Sg,wickliffe-ohio
https://www.ubereats.com/cleveland/food-delivery/victory-bistro-ultra-lounge/R67bTbXbR3SaFrC7krGGrg,wickliffe-ohio
https://www.ubereats.com/cleveland/food-delivery/dennys-34725-euclid-avenue/C8OA492rRkiCj2mJPZCTGg,wickliffe-ohio
https://www.ubereats.com/cleveland/food-delivery/pasquallys-pizza-%26-wings-8000-plaza-blvd-unit-j/ScLHEJWAQq6-wUfgWjlYvA,wickliffe-ohio
https://www.ubereats.com/cleveland/food-delivery/hanini-express-east-185th/o9VpJMiMTgSdaiygqhTHQw,wickliffe-ohio
https://www.ubereats.com/cleveland/food-delivery/cafe-europa-and-bistro/TQJSRUjVT4GyHm3F3uR_vw,wickliffe-ohio
https://www.ubereats.com/cleveland/food-delivery/arbys-26000-euclid-ave/6C5QR96cStuYvFWnPCrNCw,wickliffe-ohio
https://www.ubereats.com/cleveland/food-delivery/ginger-sushi-buritto-%26-hibachi/S39P_BkwSMOBxFKijdjbwQ,wickliffe-ohio
https://www.ubereats.com/cleveland/food-delivery/fox-%26-hound-1479-som-center-road/cLC2rJeTS1KN5cpDYYXAIA,wickliffe-ohio
https://www.ubereats.com/cleveland/food-delivery/auntie-annes-26300-cedar-rd/mMcWlXgqSJmJG7jaq3LmXA,wickliffe-ohio
https://www.ubereats.com/cleveland/food-delivery/mcdonalds-bishop-%26-chardon/dT9dqtmmTROkdzASVcOSzg,wickliffe-ohio
https://www.ubereats.com/cleveland/food-delivery/chipotle-mexican-grill-9188-mentor-ave/VSLQAUoORi6WcnTIxjFvaQ,wickliffe-ohio
https://www.ubereats.com/cleveland/food-delivery/panda-express-9184-mentor-ave/U5Y2TS5SSg22fL7ntVVJsA,wickliffe-ohio
https://www.ubereats.com/cleveland/food-delivery/first-wok/oE0t7ubNR2e_N2nN1eIndg,wickliffe-ohio
https://www.ubereats.com/cleveland/food-delivery/dairy-queen-treat-5713-mayfield-rd/ajzkfni7T6SFnykKdxJ-og,wickliffe-ohio
https://www.ubereats.com/cleveland/food-delivery/georgios-oven-fresh-pizza-co-highland-rd/3qbDZWLcRkOJWSkTr5iB7g,wickliffe-ohio
https://www.ubereats.com/cleveland/food-delivery/mcdonalds-richmond-%26-highland/lG7yiPRfRD657l6feOA5HA,wickliffe-ohio
https://www.ubereats.com/cleveland/food-delivery/subway-5900-som-center-rd/FAofSP_QQaO3PBNGVtTbfQ,wickliffe-ohio
https://www.ubereats.com/cleveland/food-delivery/alfredos-at-the-inn-italian-restaurant/kTrJU8oZR6aBeZjoYp2Fsg,wickliffe-ohio
https://www.ubereats.com/cleveland/food-delivery/js-pizza-market/6Q3DVpa6Q1mVpP1YjhgwzA,wickliffe-ohio
https://www.ubereats.com/cleveland/food-delivery/mcdonalds-reynolds-%26-palisades/Zn1fC9R9S9OjZAJUysMqKQ,wickliffe-ohio
https://www.ubereats.com/cleveland/food-delivery/severinos-restaurant-%26-lounge/7yJCuiXaS2KepeozyPev2A,wickliffe-ohio
https://www.ubereats.com/cleveland/food-delivery/the-original-pancake-house-28700-chagrin-blvd/-soWtPn1RYmnRai6I-L1hA,wickliffe-ohio
https://www.ubereats.com/cleveland/food-delivery/peking-chinese-restaurant/5Qwu9jA8TlOzhEwmNWWQ7g,wickliffe-ohio
https://www.ubereats.com/cleveland/food-delivery/moes-southwest-grill-7585-7601-mentor-avenue/Dy4fgyQvRiqFlkuUESDX8A,wickliffe-ohio
https://www.ubereats.com/cleveland/food-delivery/melt-bar-%26-grilled-mentor-ave/gLTWkJfcTPm_y3sD8di7yA,wickliffe-ohio
https://www.ubereats.com/cleveland/food-delivery/chipotle-mexican-grill-6717-eastgate-dr/uG8RfajTTHSYVc3fWpRxwA,wickliffe-ohio
https://www.ubereats.com/cleveland/food-delivery/honeybaked-ham-35101-euclid-ave/516CkS-4Sc6VBWWRozwAfA,wickliffe-ohio
https://www.ubereats.com/cleveland/food-delivery/5-points-grille/QQVwlinQQ2KAsHH17CUqWQ,wickliffe-ohio
https://www.ubereats.com/cleveland/food-delivery/billys-a-cappelli-martini-bar/dvkdTSBGQ-Od69n_X7Prgg,wickliffe-ohio
https://www.ubereats.com/cleveland/food-delivery/freddies-rib-house/gPzGqxx1SE-1HCKTyCTU5Q,wickliffe-ohio
https://www.ubereats.com/cleveland/food-delivery/firehouse-subs-willoughby-commons-%231690/QO-PjKxzSLeLb6xBj5bX_g,wickliffe-ohio
https://www.ubereats.com/cleveland/food-delivery/bar-louie-lyndhurst/xnEGGEUXRLergKPcu3mVxA,wickliffe-ohio
https://www.ubereats.com/cleveland/food-delivery/taco-bell-7753-mentor-avenue/d7wzXvd6SrG1-Rdy-MT88g,wickliffe-ohio
https://www.ubereats.com/cleveland/food-delivery/pulp-juice-and-smoothie-bar-euclid/-vXR33lEQb-kxH_YsxPjhA,wickliffe-ohio
https://www.ubereats.com/cleveland/food-delivery/taco-bell-8351-tyler-blvd/QYR3Hdw8SY6w0qJPOqmoww,wickliffe-ohio
https://www.ubereats.com/cleveland/food-delivery/sam-sylks-chicken-and-fish/V2moey8ISAyDhi3MDDGSeQ,wickliffe-ohio
https://www.ubereats.com/cleveland/food-delivery/manhattan-deli/G7GDVZa7RBq3BQH-fgG_Ww,wickliffe-ohio
https://www.ubereats.com/cleveland/food-delivery/b-%26-m-bbq/i8j5AIdzT8OceayGNzg7wQ,wickliffe-ohio
https://www.ubereats.com/cleveland/food-delivery/taco-bell-5855-mayfield-road/hZwgIXBTQ4m02EzKXyzQYQ,wickliffe-ohio
https://www.ubereats.com/cleveland/food-delivery/dennys-6207-wilson-mills-rd/9hvJMC5YSwenFLDE69RBWw,wickliffe-ohio
https://www.ubereats.com/cleveland/food-delivery/subway-25991-highland-rd/OKNBDpHXT9-k-ycomD_QWg,wickliffe-ohio
https://www.ubereats.com/cleveland/food-delivery/fried-rice-hibachi-2-go/DXsbovfPSXS3BH1WhnOBfg,wickliffe-ohio
https://www.ubereats.com/cleveland/food-delivery/corbos-pasta-and-pizza-house/YiTuhTCCQtmXKR9UpXVtoA,wickliffe-ohio
https://www.ubereats.com/cleveland/food-delivery/paninis-bar-and-grill/mrnPSTZiQYOcczHlYtntpA,wickliffe-ohio
https://www.ubereats.com/cleveland/food-delivery/china-sea/ISiDfFwITbi_OyVfGGoyEQ,wickliffe-ohio
https://www.ubereats.com/cleveland/food-delivery/the-wild-goose-erie-%26-spaulding/vtXR2kBWSXOFk5qd22-TfQ,wickliffe-ohio
https://www.ubereats.com/cleveland/food-delivery/mcdonalds-mayfield-%26-genesee/8KU-csSwQhOFjMnuvaZ8wA,wickliffe-ohio
https://www.ubereats.com/cleveland/food-delivery/krispy-krunchy-chicken/ALy3tg1kRfaTSnnTb5MBGA,wickliffe-ohio
https://www.ubereats.com/cleveland/food-delivery/zoup!-eatery-7327-mentor-ave/R8mXFzDpRVOaY6ltyxc4Lg,wickliffe-ohio
https://www.ubereats.com/cleveland/food-delivery/boston-market-9361-mentor-avenue/_p6c6loVTM6rxKzyx3BK8Q,wickliffe-ohio
https://www.ubereats.com/cleveland/food-delivery/subway-6107-mayfield-rd/KbMmh2oxTUWFdMPdKU_q4A,wickliffe-ohio
https://www.ubereats.com/cleveland/food-delivery/red-lobster-7744-reynolds-rd/PhtOTw7PTvuxf2F5ycewwQ,wickliffe-ohio
https://www.ubereats.com/cleveland/food-delivery/fresh-healthy-cafe-beachwood-place-mall/F_s7Knl-RmeHXjSOlmQ1xw,wickliffe-ohio
https://www.ubereats.com/cleveland/food-delivery/don-tequila-east-lake/MyZMlRfdQ5qVcbQJrct7Kg,wickliffe-ohio
https://www.ubereats.com/cleveland/food-delivery/mr-hero-mentor-%26-dartmoor/gHAsFVbGR62FIvXd1JePWg,wickliffe-ohio
https://www.ubereats.com/cleveland/food-delivery/kfc-17585-lakeshore-blvd/wuRzUpj6QRqihZFwBWxPKQ,wickliffe-ohio
https://www.ubereats.com/cleveland/food-delivery/duck-donuts-200-park-ave-suite-140/Ui9X2brVSVC-vFJEecVA2w,wickliffe-ohio
https://www.ubereats.com/cleveland/food-delivery/roly-poly/iC1yo6SJTvWxfpbTV7cVfQ,wickliffe-ohio
https://www.ubereats.com/cleveland/food-delivery/boston-market-5096-mayfield-road/f_7bvbz6SayNH2yuxPHssA,wickliffe-ohio
https://www.ubereats.com/cleveland/food-delivery/auntie-annes-at-great-lakes-mall-7850-mentor-ave-spc-k-105/lpYlZ8C1QRyw4xcnEq1eyA,wickliffe-ohio
https://www.ubereats.com/cleveland/food-delivery/smoke-bbq-grill/2jQBPNbwSXyWaRYa3IfJhg,wickliffe-ohio
https://www.ubereats.com/cleveland/food-delivery/subway-37812-vine-st/YXIQAOfRTrWHE0HvzAvDhg,wickliffe-ohio
https://www.ubereats.com/cleveland/food-delivery/the-cabin-of-willowick/YtX-jYHxQa6TlvNB7h6yfg,wickliffe-ohio
https://www.ubereats.com/cleveland/food-delivery/fuji-buffet-%26-grill/selEsvQOSGKllCpC01X8pA,wickliffe-ohio
https://www.ubereats.com/cleveland/food-delivery/first-watch-mayfield-heights/ZSTkF0ABRbSqyBgEfSsnLA,wickliffe-ohio
https://www.ubereats.com/cleveland/food-delivery/dairy-queen-grill-%26-chill-34600-euclid-ave/x8GHaF4nT9qUNwF8KFhPIA,wickliffe-ohio
https://www.ubereats.com/cleveland/food-delivery/papa-johns-pizza-34804-euclid-ave/FbxbiJtBTrmYHANMHKlW9w,wickliffe-ohio
https://www.ubereats.com/cleveland/food-delivery/blu-the-restaurant/pzaSVo6iR7ON9cGUYJWNQA,wickliffe-ohio
https://www.ubereats.com/cleveland/food-delivery/daves-cosmic-subs-willoughby/axdPN0HnSF2O7aTjQ484NQ,wickliffe-ohio
https://www.ubereats.com/cleveland/food-delivery/la-mexicana-cantina-and-grill/Btnahkk2RM-HnSktosklyA,wickliffe-ohio
https://www.ubereats.com/cleveland/food-delivery/chagrin-river-diner/iETlE5YsTYm8PIB1RkmVdQ,wickliffe-ohio
https://www.ubereats.com/cleveland/food-delivery/starbucks-mentor-reynolds-%26-tyler/fAYUGnrrTrG8b-9ULW1PuA,wickliffe-ohio
https://www.ubereats.com/cleveland/food-delivery/mr-hero-152nd-st/rostNDb5Quu1Zf_TY-cOtQ,wickliffe-ohio
https://www.ubereats.com/cleveland/food-delivery/rotasu-hibachi-carry-out-lake-shore-blvd/NHQT3qwaT1KQbaevgnLjBg,wickliffe-ohio
https://www.ubereats.com/cleveland/food-delivery/taco-vago/cn_97q5rSqurPSN05u0rdg,wickliffe-ohio
https://www.ubereats.com/cleveland/food-delivery/sonic-5836-mayfield-road/TTjUG9PtQUGM009MlJ67Lg,wickliffe-ohio
https://www.ubereats.com/cleveland/food-delivery/legends-bistro/DFZrTE6lR3uYLxNqIZr1og,wickliffe-ohio
https://www.ubereats.com/cleveland/food-delivery/five-guys-oh-0396-1237-som-center-rd/QXQqhDBISvOs7SCWRKmViQ,wickliffe-ohio
https://www.ubereats.com/cleveland/food-delivery/tres-potrillos/OdHkCflUSfaqUyn4D_fNpA,wickliffe-ohio
https://www.ubereats.com/cleveland/food-delivery/fusions-seafood-%26-soul/Cunal6yIQGKpmmOKb3yyMg,wickliffe-ohio
https://www.ubereats.com/cleveland/food-delivery/otani-japanese-restaurant/gDENbH6QRFCBsh_8KwBlHA,wickliffe-ohio
https://www.ubereats.com/cleveland/food-delivery/wendys-7635-mentor-ave/fOhQ-jdaS6uVJppC7ORiQA,wickliffe-ohio
https://www.ubereats.com/cleveland/food-delivery/subcity-lakeshore-blvd/V50F93jBQMWSGVdynj1XOA,wickliffe-ohio
https://www.ubereats.com/cleveland/food-delivery/chipotle-mexican-grill-6267-wilson-mills-rd-unit-a/RYPZ6IcqTGC0IQhPPa3l5A,wickliffe-ohio
https://www.ubereats.com/cleveland/food-delivery/fresh-catch-seafood/_hZNdpRPRwW_RSF5qiVfLw,wickliffe-ohio
https://www.ubereats.com/cleveland/food-delivery/republix/ER_3NFTUSy2bHaH60SRrVA,wickliffe-ohio
https://www.ubereats.com/cleveland/food-delivery/starbucks-mayfield-heights/C2d_5-SZQjWLa1JnIdC4xg,wickliffe-ohio
https://www.ubereats.com/cleveland/food-delivery/jersey-mikes-subs-wilson-mills/ihHagAqJQ32swrX02uvmJQ,wickliffe-ohio
https://www.ubereats.com/cleveland/food-delivery/peties-family-restaurant/j6UmAXVPSGmrUKEoeWA9_g,wickliffe-ohio
https://www.ubereats.com/cleveland/food-delivery/kfc-4001-mayfield/ALAcFLwtT--qTTr9e42iOQ,wickliffe-ohio
https://www.ubereats.com/cleveland/food-delivery/imperial-dragon/LmAGQtMGRcqybMwH17oSvA,wickliffe-ohio
https://www.ubereats.com/cleveland/food-delivery/craggy-boglands/shv94S_pTcSNZfweR7BhBg,wickliffe-ohio
https://www.ubereats.com/cleveland/food-delivery/fionas-coffee-bar-and-bakery/KioA-VdVQYyLOsfdkvAKMQ,wickliffe-ohio
https://www.ubereats.com/cleveland/food-delivery/davis-bakery-and-delicatessen/fde-QkayRQSH0kEal1kxAw,wickliffe-ohio
https://www.ubereats.com/cleveland/food-delivery/mr-hero-richmond-%26-highland/M6PYlngyRI6xKUcoG9j6Jg,wickliffe-ohio
https://www.ubereats.com/cleveland/food-delivery/best-pizza-%26-sandwiches/BPQl4o1jTum7pBkTtCPRXg,wickliffe-ohio
https://www.ubereats.com/cleveland/food-delivery/flavor-on-the-vine/ZG3iH5MbSEOmRwP8cMRkmw,wickliffe-ohio
https://www.ubereats.com/cleveland/food-delivery/kfc-26021-euclid-avenue/E6a-_CgXREqJnQRyUofCQA,wickliffe-ohio
https://www.ubereats.com/cleveland/food-delivery/dunkin-2801-bishop-rd/v5ZnimRcSfyYXiHiKyqElg,wickliffe-ohio
https://www.ubereats.com/cleveland/food-delivery/arbys-5993-mayfield-rd/87MSBnGdTjWOx5TUPt2_cQ,wickliffe-ohio
https://www.ubereats.com/cleveland/food-delivery/chipotle-mexican-grill-7851-reynolds-rd/sbexkAO8QISVpDS6L5NWqA,wickliffe-ohio
https://www.ubereats.com/cleveland/food-delivery/jets-pizza-lyndhurst/hrGNpDS8Swu2xtxAJ8pkCg,wickliffe-ohio
https://www.ubereats.com/cleveland/food-delivery/kevantes-restaurant-%26-lounge/NT7Nb7kRSbSjGQoPeAbJYA,wickliffe-ohio
https://www.ubereats.com/cleveland/food-delivery/kfc-7843-munson-road/FlWNw9TSS3iNGIVnN7DvZQ,wickliffe-ohio
https://www.ubereats.com/cleveland/food-delivery/ichiraku-japanese-noodle-shop-ramen-%26-bubble-tea/qGyz0EGdRlKBPNqO49Pz4g,wickliffe-ohio
https://www.ubereats.com/cleveland/food-delivery/citizen-pie-waterloo/2wNaZiKUTtSf33a9Y6TI-g,wickliffe-ohio
https://www.ubereats.com/cleveland/food-delivery/subway-30348-lakeshore-blvd/6a7SbSVJQWS2xmJzh0s54Q,wickliffe-ohio
https://www.ubereats.com/cleveland/food-delivery/rise-and-shine-eatery/AhZMM1AXTKumO5J62ZpJww,wickliffe-ohio
https://www.ubereats.com/cleveland/food-delivery/texas-de-brazil-woodmere/SSsviRT-SAeoJ01hmPnNOg,wickliffe-ohio
https://www.ubereats.com/cleveland/food-delivery/bob-evans-113-34760-maplegrove-road/T6MICfu7TuGTbar9qeie_w,wickliffe-ohio
https://www.ubereats.com/cleveland/food-delivery/guys-pizza-co-euclid/wqqWao5gS0G0gbOCqcFlUg,wickliffe-ohio
https://www.ubereats.com/cleveland/food-delivery/outback-steakhouse-7785-plaza-bkvd/EYS9QHpBSQmk2jWfnVrRFg,wickliffe-ohio
https://www.ubereats.com/cleveland/food-delivery/visions-blu-ultra-lounge/cYVRCbw2QSiLMKmm7t-Qow,wickliffe-ohio
https://www.ubereats.com/cleveland/food-delivery/chipotle-mexican-grill-24651-cedar-rd/FBav6b7DQ4uJxgqqX9LQ4Q,wickliffe-ohio
https://www.ubereats.com/cleveland/food-delivery/tommy-vs-pastaria/EOdasS8MSyS5kDADreAfGg,wickliffe-ohio
https://www.ubereats.com/cleveland/food-delivery/arbys-31219-vine-st/_JDanqjWQAGM7YD-tuw6vQ,wickliffe-ohio
https://www.ubereats.com/cleveland/food-delivery/sidewalk-cafe-euclid/HL--GN0NSuO4mp2xeFDosQ,wickliffe-ohio
https://www.ubereats.com/cleveland/food-delivery/pulp-juice-and-smoothie-bar/0h-pzmX1SF6rjjkM9RZ4vQ,wickliffe-ohio
https://www.ubereats.com/cleveland/food-delivery/noras-public-house/aNByVqSwTWqwJpsIvKNAWA,wickliffe-ohio
https://www.ubereats.com/cleveland/food-delivery/verdis-italian-market/m1BwhYCwT7S6-0kQsKsp9g,wickliffe-ohio
https://www.ubereats.com/cleveland/food-delivery/crown-burger-and-subs/b9a46-AISfKr-XXI3UPrOg,wickliffe-ohio
https://www.ubereats.com/cleveland/food-delivery/mama-primozz-pizzeria/ofpBMtTFRGaM4_3C1ftPOw,wickliffe-ohio
https://www.ubereats.com/cleveland/food-delivery/hibachi-steakhouse/wv5V61yoTwaKrvbDCBkQWg,wickliffe-ohio
https://www.ubereats.com/cleveland/food-delivery/burntwood-tavern-lyndhurst/P7CHGDkpS8CdJxJDErJ45w,wickliffe-ohio
https://www.ubereats.com/cleveland/food-delivery/applebees-35055-maple-grove-rd-%2377041/SfD9VOTUTBK8sM7PQJKHeg,wickliffe-ohio
https://www.ubereats.com/cleveland/food-delivery/jersey-mikes-subs-28450-chagrin-blvd/q7RUv1_KScKc9VFZO2QF6Q,wickliffe-ohio
https://www.ubereats.com/cleveland/food-delivery/dunkin-5790-mayfield-rd/UJDQxM8KRfiPBco6akLBmQ,wickliffe-ohio
https://www.ubereats.com/cleveland/food-delivery/krack-of-dawn-restaurant-chardon-rd/KK6OIGuHS-qFWpypksN_Ug,wickliffe-ohio
https://www.ubereats.com/cleveland/food-delivery/marcos-pizza-lakeshore-blvd-%26-shore-center-dr/xzaA3rSYQeqSiop09V2s9w,wickliffe-ohio
https://www.ubereats.com/cleveland/food-delivery/burger-king-263-babbitt-rd/Bp5WsqTFSq-Ulmjn3IXktw,wickliffe-ohio
https://www.ubereats.com/cleveland/food-delivery/taco-bell-35020-euclid-ave/o3QwwCHHS3SNUKJoKnazRA,wickliffe-ohio
https://www.ubereats.com/cleveland/food-delivery/burger-king-5021-s-o-m-center-road/tTRTAkWORjmYWSMx74-ziQ,wickliffe-ohio
https://www.ubereats.com/cleveland/food-delivery/pizzeria-forno/tOaQUgaFQ5CAoI_pDfhL0Q,wickliffe-ohio
https://www.ubereats.com/cleveland/food-delivery/convenient-food-mart/CLoF-HzmRGCzKgsmwEcfXw,wickliffe-ohio
https://www.ubereats.com/cleveland/food-delivery/dickeys-barbecue-restaurants-inc-9434-mentor-avenue/ZlZ5J9H_SU62GXSzKQeyzw,wickliffe-ohio
https://www.ubereats.com/cleveland/food-delivery/happy-moose/VtaVW6XtS5asBEsePnsdZQ,wickliffe-ohio
https://www.ubereats.com/cleveland/food-delivery/mcdonalds-lakeshore-%26-forest/yTswxh2xSPitG9l3tQpZ1g,wickliffe-ohio
https://www.ubereats.com/cleveland/food-delivery/kuhars-carryout/B2B11ZXSTG2Ju1aRC114sw,wickliffe-ohio
https://www.ubereats.com/cleveland/food-delivery/the-kitchen/yH8AIGcKSTq86OcFgdLD5w,wickliffe-ohio
https://www.ubereats.com/cleveland/food-delivery/paninis-bar-and-grill/GZjPq5NwQ1S9q_EpvtIbqw,wickliffe-ohio
https://www.ubereats.com/cleveland/food-delivery/chick-fil-a-35441-euclid-ave/SByCl-hcS0mKBAgVNDtXNA,wickliffe-ohio
https://www.ubereats.com/cleveland/food-delivery/ballantine/PZbD-EGnSBaYooRufHEDhg,wickliffe-ohio
https://www.ubereats.com/cleveland/food-delivery/the-kitchen/Q9a9NdVBTguQViwmNllISQ,wickliffe-ohio
https://www.ubereats.com/cleveland/food-delivery/tjs-on-the-avenue/HBm0cY6HSBOlkmOGtBT29Q,wickliffe-ohio
https://www.ubereats.com/cleveland/food-delivery/abos-grill/3MlpKK-jQPW7JJpUfpJs9g,wickliffe-ohio
https://www.ubereats.com/cleveland/food-delivery/papa-johns-pizza-6289-reynolds-road/jKU_6v_4QHWGvdf8eETr7g,wickliffe-ohio
https://www.ubereats.com/cleveland/food-delivery/willoughby-brewing-company/MLCDx3Q5QvmNroj6sn9N0Q,wickliffe-ohio
https://www.ubereats.com/cleveland/food-delivery/jersey-mikes-36295-euclid-avenue/FVSLlgwqQdOe6eZJ4C_aMQ,wickliffe-ohio
