url,city
https://www.ubereats.com/philadelphia/food-delivery/anthonys-coal-fired-pizza-horsham/f1EsenfRSJ-Qbhor7KkKBA,willow-grove-pennsylvania
https://www.ubereats.com/philadelphia/food-delivery/stolis-steaks/-vHPNrvyTseRnsLZFBbV-w,willow-grove-pennsylvania
https://www.ubereats.com/philadelphia/food-delivery/wendys-415-easton-rd/LLrqbSiTTYSzv9pMAT9q3g,willow-grove-pennsylvania
https://www.ubereats.com/philadelphia/food-delivery/applebees-323-old-york-rd/Xg826uD4Srm_SzCBH3Pv_w,willow-grove-pennsylvania
https://www.ubereats.com/philadelphia/food-delivery/saladworks-wyncote/AwVcI-xRRHOQoTHTQVy_ZA,willow-grove-pennsylvania
https://www.ubereats.com/philadelphia/food-delivery/chipotle-mexican-grill-2618-w-moreland-rd/ywcW8PUcSEK7wJlKkdUDBw,willow-grove-pennsylvania
https://www.ubereats.com/philadelphia/food-delivery/paddy-whacks-irish-sports-pub-welsh-rd/A1WDm2KORQqc4MrLCQc1WQ,willow-grove-pennsylvania
https://www.ubereats.com/philadelphia/food-delivery/wendys-733-huntingdon-pike/aG8Za1sVTyStCibnegjrCg,willow-grove-pennsylvania
https://www.ubereats.com/philadelphia/food-delivery/dunkin-8250-ogontz-ave/RSIgn655R6qvyJhgGtOQgw,willow-grove-pennsylvania
https://www.ubereats.com/philadelphia/food-delivery/millers-ale-house-philadelphia/-6SJUhUsSqmVZ_6ScEwWww,willow-grove-pennsylvania
https://www.ubereats.com/philadelphia/food-delivery/chipotle-mexican-grill-30-airport-sq/EyGkStWfRJ25_pGT31uOCw,willow-grove-pennsylvania
https://www.ubereats.com/philadelphia/food-delivery/dunkin-3608-welsh-rd/lnUB26QERa25BvaIYYKl5Q,willow-grove-pennsylvania
https://www.ubereats.com/philadelphia/food-delivery/lees-hoagie-house/hB5u4VZ_QgOAVSe6x5gDNA,willow-grove-pennsylvania
https://www.ubereats.com/philadelphia/food-delivery/dunkin-842-red-lion-rd/jw2OYX5OS0CFa4z4vzMF8Q,willow-grove-pennsylvania
https://www.ubereats.com/philadelphia/food-delivery/wendys-620-easton-road/H5QUYFWHQqCwqbCvCanClQ,willow-grove-pennsylvania
https://www.ubereats.com/philadelphia/food-delivery/phillys-finest-pizza/1guQXql7REGiNuUEZyfJ8A,willow-grove-pennsylvania
https://www.ubereats.com/philadelphia/food-delivery/cold-stone-3001-w-cheltenham-ave/R2ZWfU1sTESHD6_RGtahwQ,willow-grove-pennsylvania
https://www.ubereats.com/philadelphia/food-delivery/taco-bell-7855-oxford-ave/dqjDyJkPRGm1qnEt__0EGA,willow-grove-pennsylvania
https://www.ubereats.com/philadelphia/food-delivery/kyoto-sushi-%26-japanese-steakhouse/XjMaUQyHQZqj_svGuVkgmw,willow-grove-pennsylvania
https://www.ubereats.com/philadelphia/food-delivery/california-tortilla-red-lion/Ed-xVJ3JSHuSxnddidSg-w,willow-grove-pennsylvania
https://www.ubereats.com/philadelphia/food-delivery/papa-johns-york-rd/AJRgB76WToaH60ZI7vD7Xg,willow-grove-pennsylvania
https://www.ubereats.com/philadelphia/food-delivery/mcdonalds-ogontz/aIbWjnwuREi8BNewfDcP6w,willow-grove-pennsylvania
https://www.ubereats.com/philadelphia/food-delivery/manhattan-bagel/6cccHpu8Q4uhn3yosdGhdA,willow-grove-pennsylvania
https://www.ubereats.com/philadelphia/food-delivery/iron-hill-brewery-%26-restaurant-huntingdon-valley/Y3Af3YnnSdqZNAeMYFmPyQ,willow-grove-pennsylvania
https://www.ubereats.com/philadelphia/food-delivery/hanas-kitchen-%26-pizzeria/eaNO1v9nQKyEBaEumUUu9g,willow-grove-pennsylvania
https://www.ubereats.com/philadelphia/food-delivery/the-ice-cream-shop/GDQJKZyNQdGPcGxiruLv4Q,willow-grove-pennsylvania
https://www.ubereats.com/philadelphia/food-delivery/country-house-diner/nt8UsHbxSx2lbbiLO_ePaA,willow-grove-pennsylvania
https://www.ubereats.com/philadelphia/food-delivery/stewarts-willow-grove/8sqDgDU8S3qbG7-tHibBPg,willow-grove-pennsylvania
https://www.ubereats.com/philadelphia/food-delivery/station-pizza-ll/NuPYbVFvSCuz7iLkZPti8A,willow-grove-pennsylvania
https://www.ubereats.com/philadelphia/food-delivery/sopranos-pizzeria/Bdq1s8EzRe28skHEjQTNOQ,willow-grove-pennsylvania
https://www.ubereats.com/philadelphia/food-delivery/chickies-%26-petes-warrington/1jbEoqrSRB6zG3pGBPyzYg,willow-grove-pennsylvania
https://www.ubereats.com/philadelphia/food-delivery/friendlys-168-easton-rd/GyyhfoWcRpqPQrN3bZu2sA,willow-grove-pennsylvania
https://www.ubereats.com/philadelphia/food-delivery/main-street-pizzeria-and-grille-horsham/tDkxT7ZfROOyZcOX7x5IQA,willow-grove-pennsylvania
https://www.ubereats.com/philadelphia/food-delivery/the-persian-grille-hatboro/Y9A41pllTc6XS2_e5dAZvQ,willow-grove-pennsylvania
https://www.ubereats.com/philadelphia/food-delivery/mod-pizza-willow-grove/KHxIV_XlSs-4XOBzBnVZLA,willow-grove-pennsylvania
https://www.ubereats.com/philadelphia/food-delivery/dunkin-1425-w-street-rd/NEB_zUaCSuC9pDNbcf2VBQ,willow-grove-pennsylvania
https://www.ubereats.com/philadelphia/food-delivery/tj-smiths/lwbfX3q3SXmQSLFzeGf7cg,willow-grove-pennsylvania
https://www.ubereats.com/philadelphia/food-delivery/ottos-brauhaus/qen-QdMQRWSXa5PGvvIw0Q,willow-grove-pennsylvania
https://www.ubereats.com/philadelphia/food-delivery/stewarts-all-american/7W_vVz0tR-qzACXiKBsdcg,willow-grove-pennsylvania
https://www.ubereats.com/philadelphia/food-delivery/mcdonalds-phil-oxford/IoplHUo-S3KnSJmUpG788g,willow-grove-pennsylvania
https://www.ubereats.com/philadelphia/food-delivery/bradys-american-pub/Vc-LF4a4To2hkJdMqQPVHg,willow-grove-pennsylvania
https://www.ubereats.com/philadelphia/food-delivery/applebees-1745-easton-road/4OGaD4EuQ8-YjnlT9MeT9g,willow-grove-pennsylvania
https://www.ubereats.com/philadelphia/food-delivery/perkins-restaurant-%26-bakery-warminster/2oY_DR_iTai-SPFcmv3amQ,willow-grove-pennsylvania
https://www.ubereats.com/philadelphia/food-delivery/brunos/IXxfy8aURUG2X2tTmIkUOw,willow-grove-pennsylvania
https://www.ubereats.com/philadelphia/food-delivery/leilas-restaurant-%26-bar/ccYGWV1-TsWvZMYNfbr1pw,willow-grove-pennsylvania
https://www.ubereats.com/philadelphia/food-delivery/chick-fil-a-134-welsh-rd/qh2witWZTLmxaQOkpzSKJg,willow-grove-pennsylvania
https://www.ubereats.com/philadelphia/food-delivery/ritas-italian-ice-136-huntingdon-pike/qoBa_D-cSFW1aA1-NtLTuw,willow-grove-pennsylvania
https://www.ubereats.com/philadelphia/food-delivery/primohoagies-313-north-york-road/wIXy6PUfQLudVR7UbFRxWA,willow-grove-pennsylvania
https://www.ubereats.com/philadelphia/food-delivery/ban-ban-asian-bistro/UT3d03oeRt2gFR9n_yQzEg,willow-grove-pennsylvania
https://www.ubereats.com/philadelphia/food-delivery/teng-da-asian-fusion/KycXdGETRBKlJP51-Mmw7A,willow-grove-pennsylvania
https://www.ubereats.com/philadelphia/food-delivery/jersey-mikes-subs-182-w-street-rd/65bCSm7aR0C3U_3LdQJTtw,willow-grove-pennsylvania
https://www.ubereats.com/philadelphia/food-delivery/brick-house-tavern-%2B-tap-2402-easton-road/TOsDeLInRZ6uHAri3ENRuA,willow-grove-pennsylvania
https://www.ubereats.com/philadelphia/food-delivery/the-union-tap/8sMlCu9lSHunyx_SVCIJ-Q,willow-grove-pennsylvania
https://www.ubereats.com/philadelphia/food-delivery/the-fig-cafe/BimI2EtQRaykP7m1Exd5DQ,willow-grove-pennsylvania
https://www.ubereats.com/philadelphia/food-delivery/chipotle-mexican-grill-1673-limekiln-pike/LEBDp9VpSIKU3EY4Nbehzw,willow-grove-pennsylvania
https://www.ubereats.com/philadelphia/food-delivery/taco-bell-1700-n-broad-st/6kt9oUhxQ7yJR2WYTVXmOw,willow-grove-pennsylvania
https://www.ubereats.com/philadelphia/food-delivery/wendys-1710-limekiln-pike/SJg5fj6-QYG9OPHQAFbyxw,willow-grove-pennsylvania
https://www.ubereats.com/philadelphia/food-delivery/ritas-of-chalfont/giJRT4W-RrqXNVe2h95riA,willow-grove-pennsylvania
https://www.ubereats.com/philadelphia/food-delivery/auntie-annes-2500-w-moreland-rd-ste-fc1/Q7GJjUg9Qp-9JEMZeqQdTQ,willow-grove-pennsylvania
https://www.ubereats.com/philadelphia/food-delivery/rice-and-curry/wG7xX15XT1-4nZ9337sglg,willow-grove-pennsylvania
https://www.ubereats.com/philadelphia/food-delivery/ristorante-saporino/MqqNGPT-TgqYR2qI0XvtOQ,willow-grove-pennsylvania
https://www.ubereats.com/philadelphia/food-delivery/buutchiis-grille-llc/NX-aB4KtS4mVIkjogTI0_w,willow-grove-pennsylvania
https://www.ubereats.com/philadelphia/food-delivery/dunkin-618-welsh-rd/thBRf6BTRb6bDY6mso7X-A,willow-grove-pennsylvania
https://www.ubereats.com/philadelphia/food-delivery/subway-park-ave/XH-ki4aTRBS8nICdm2hBzQ,willow-grove-pennsylvania
https://www.ubereats.com/philadelphia/food-delivery/dunkin-334-easton-rd/HYanuPGGQfKMuCh3uhznnw,willow-grove-pennsylvania
https://www.ubereats.com/philadelphia/food-delivery/la-corita-taco-shop/7eO4vQt5SH2N6vzJiPyjeQ,willow-grove-pennsylvania
https://www.ubereats.com/philadelphia/food-delivery/las-margaritas-southampton/7p7ef25kRderuUH5XAcvLA,willow-grove-pennsylvania
https://www.ubereats.com/philadelphia/food-delivery/dairy-queen-grill-%26-chill-922-2nd-street-pike/AGEboOydTRSZbFfHDloNrA,willow-grove-pennsylvania
https://www.ubereats.com/philadelphia/food-delivery/wit-or-witout/6_gXFBQVQdqGVZwgd3r-nQ,willow-grove-pennsylvania
https://www.ubereats.com/philadelphia/food-delivery/omares-irish-pub/KcuAcYANQjWuLPB3AdL7dw,willow-grove-pennsylvania
https://www.ubereats.com/philadelphia/food-delivery/hibachi%26poke-express/jbWwKWrASFG4kqVvR7R5Sw,willow-grove-pennsylvania
https://www.ubereats.com/philadelphia/food-delivery/lepore-ba-q/p4HaJz_iR3-jUOfoP8-fFA,willow-grove-pennsylvania
https://www.ubereats.com/philadelphia/food-delivery/andale-latino-grill/Cm5jtUriRrerjbcJHhVKvA,willow-grove-pennsylvania
https://www.ubereats.com/philadelphia/food-delivery/ihop-150-easton-rd/4JIwy0PfTCSWxhXz_fKleA,willow-grove-pennsylvania
https://www.ubereats.com/philadelphia/food-delivery/jamba-juice-willow-grove/lY6ijJQ5S0OwfmNeHuWTfQ,willow-grove-pennsylvania
https://www.ubereats.com/philadelphia/food-delivery/dunkin-1821-bethlehem-pike/BqaWmEOISqCIm2zJJG6bxA,willow-grove-pennsylvania
https://www.ubereats.com/philadelphia/food-delivery/kurinji-indian-cuisine/eyGJ2ILVTRehyi08hZPGqA,willow-grove-pennsylvania
https://www.ubereats.com/philadelphia/food-delivery/asian-cafe/iiAlY_NORNe_f2YDXloOhg,willow-grove-pennsylvania
https://www.ubereats.com/philadelphia/food-delivery/bbq-chicken-north-wales-pa/Z7OFHedfTOieA1qkJnhowg,willow-grove-pennsylvania
https://www.ubereats.com/philadelphia/food-delivery/primohoagies-210-pennbrook-parkway/g-Znah3nR_S_u31cPBKYvw,willow-grove-pennsylvania
https://www.ubereats.com/philadelphia/food-delivery/308-bonefish-grill-27-airport-square/76ljJcjKTDCO6vPr001v1Q,willow-grove-pennsylvania
https://www.ubereats.com/philadelphia/food-delivery/sum-pig/c7dmYB3IRUON76H2ntM0Rw,willow-grove-pennsylvania
https://www.ubereats.com/philadelphia/food-delivery/cj-custom-catering-and-cafe/kBddUKJuR5inRmZ8TqCknA,willow-grove-pennsylvania
https://www.ubereats.com/philadelphia/food-delivery/dunkin-1250-easton-rd/SVQ5JeCNSjuPI7NOexdN8A,willow-grove-pennsylvania
https://www.ubereats.com/philadelphia/food-delivery/ritas-italian-ice-29-31-easton-rd/2JY_yGYYQdOH530M0V03zA,willow-grove-pennsylvania
https://www.ubereats.com/philadelphia/food-delivery/enigma-mediterranean-turkish-cuisine/DoEkuO3PSVuhK5ka4SqqfQ,willow-grove-pennsylvania
https://www.ubereats.com/philadelphia/food-delivery/oreland-pizza/gKL1wmVtRAmaxn1jodnWHA,willow-grove-pennsylvania
https://www.ubereats.com/philadelphia/food-delivery/ritas-of-lansdale/JYDfVzEsTDuFBlG1Q-ebLA,willow-grove-pennsylvania
https://www.ubereats.com/philadelphia/food-delivery/mcdonalds-philly-bustleton/83WVPuKlTjewEOM3CYsfyg,willow-grove-pennsylvania
https://www.ubereats.com/philadelphia/food-delivery/dunkin-1713-limekiln-pike/664dXKWvQ3SecJo2owJ9bg,willow-grove-pennsylvania
https://www.ubereats.com/philadelphia/food-delivery/wawa-8047-10901-bustleton-pike/1NbadWBSRBy7KNBz4aeztg,willow-grove-pennsylvania
https://www.ubereats.com/philadelphia/food-delivery/manhattan-bagel-5-e-butler-ave/y-_malKARYaPDybfmD2KYQ,willow-grove-pennsylvania
https://www.ubereats.com/philadelphia/food-delivery/outback-steakhouse-3240-tillman-drive/gJrkToqPRiyh5HMGFvc4_w,willow-grove-pennsylvania
https://www.ubereats.com/philadelphia/food-delivery/costa-steaks/nrK1pymiS6KcR-1GVBpLUQ,willow-grove-pennsylvania
https://www.ubereats.com/philadelphia/food-delivery/don-chile-mexican-restaurant/dVwpKsuKQKGcx7I3FPJIBg,willow-grove-pennsylvania
https://www.ubereats.com/philadelphia/food-delivery/mcdixons-burgers-shakes-%26-fries/WQeaePRMRXymuDr6bDhhcA,willow-grove-pennsylvania
https://www.ubereats.com/philadelphia/food-delivery/el-poquito/sGrB4f4uRkmnet6rU7MyWw,willow-grove-pennsylvania
https://www.ubereats.com/philadelphia/food-delivery/panera-1641-the-fairway/twI8qby3QRSUeJwojb22lA,willow-grove-pennsylvania
https://www.ubereats.com/philadelphia/food-delivery/krispy-krunchy-chicken/TAVKDc4XT_C7ZEeVnvs2DQ,willow-grove-pennsylvania
https://www.ubereats.com/philadelphia/food-delivery/nutz-about-popcorn/QtGwJAC-RkGbYjOYMPbKDA,willow-grove-pennsylvania
https://www.ubereats.com/philadelphia/food-delivery/chick-fil-a-45-w-street-rd/EPUJtkiqTx6mQOHFo23KSg,willow-grove-pennsylvania
https://www.ubereats.com/philadelphia/food-delivery/firebirds-wood-fired-grill-1220-bethlehem-pike/ewt5vtziSFibdJiyNmc9EA,willow-grove-pennsylvania
https://www.ubereats.com/philadelphia/food-delivery/cold-stone-4013-welsh-road/VrsxcxfAT12GBVtCpa4gyA,willow-grove-pennsylvania
https://www.ubereats.com/philadelphia/food-delivery/cafe-ole-in-the-valley/KcLtzcOAQU-PEu3KPv0VNQ,willow-grove-pennsylvania
https://www.ubereats.com/philadelphia/food-delivery/uva/P7mA8PSsSZGdGqHE5uSGIg,willow-grove-pennsylvania
https://www.ubereats.com/philadelphia/food-delivery/alessios-seafood-grille/vcrO4D_OQ_afMVNAHLvZDQ,willow-grove-pennsylvania
https://www.ubereats.com/philadelphia/food-delivery/red-robin-442-281-easton-road/tP_1qFSdRfWsKxC3qV-sGg,willow-grove-pennsylvania
https://www.ubereats.com/philadelphia/food-delivery/new-wild-ginger/ZlgebK2KQdGhqXpElxf8cg,willow-grove-pennsylvania
https://www.ubereats.com/philadelphia/food-delivery/harrigans-pub/XCRjcoTrRNCR25BmKMapSQ,willow-grove-pennsylvania
https://www.ubereats.com/philadelphia/food-delivery/la-pergola/hwpYC67TTIaijvdRbMIcXg,willow-grove-pennsylvania
https://www.ubereats.com/philadelphia/food-delivery/panda-express-3570-horizon-blvd/NeCLEoySSWuwlBTU95pylw,willow-grove-pennsylvania
https://www.ubereats.com/philadelphia/food-delivery/smokey-bandit-barbecue/fv8edljYS9KZQhVpDNpf5Q,willow-grove-pennsylvania
https://www.ubereats.com/philadelphia/food-delivery/starbucks-270-easton-road-warrington/agId1ivPQ8Shv3fqBEBmTg,willow-grove-pennsylvania
https://www.ubereats.com/philadelphia/food-delivery/primohoagies-542-andrews-rd/AptiwUdjQvuU42-yrpPKuQ,willow-grove-pennsylvania
https://www.ubereats.com/philadelphia/food-delivery/georgian-bread-%26-cuisine/FEU0qyirTcirw6oZ-iZ1cg,willow-grove-pennsylvania
https://www.ubereats.com/philadelphia/food-delivery/starbucks-dresher/ZXJnZpv7RnCZIN2xLrOXQA,willow-grove-pennsylvania
https://www.ubereats.com/philadelphia/food-delivery/fuji-asian/abZHpa0KSL21HQ1pgGdlBg,willow-grove-pennsylvania
https://www.ubereats.com/philadelphia/food-delivery/dunkin-371-e-butler-ave/DriAM07mRBa9F14543W6Wg,willow-grove-pennsylvania
https://www.ubereats.com/philadelphia/food-delivery/sunny-asian-warminster/MtKLMOOITPSM81xEbCiQsQ,willow-grove-pennsylvania
https://www.ubereats.com/philadelphia/food-delivery/taco-bell-931-n-wales-rd/SI3aSwNgSEOEWyjVMqE3jA,willow-grove-pennsylvania
https://www.ubereats.com/philadelphia/food-delivery/saladworks-huntingdon-valley/ITAMk1W7SXmhZJpmIu70Eg,willow-grove-pennsylvania
https://www.ubereats.com/philadelphia/food-delivery/subway-880-jacksonville-rd/tWUaR53pQJmNUeUuUm5HLg,willow-grove-pennsylvania
https://www.ubereats.com/philadelphia/food-delivery/elevation-burger-willow-grove/YCrE5hqLQVGjs2KyZH1S5A,willow-grove-pennsylvania
https://www.ubereats.com/philadelphia/food-delivery/ritas-italian-ice/iThdVm_8QmOP6MJN9Gs5YQ,willow-grove-pennsylvania
https://www.ubereats.com/philadelphia/food-delivery/jamils-cafe/DOU6effKTimcY7iCGowbiQ,willow-grove-pennsylvania
https://www.ubereats.com/philadelphia/food-delivery/aji-sushi-take-out/C85D4ZeSReieIjjSKeDLTQ,willow-grove-pennsylvania
https://www.ubereats.com/philadelphia/food-delivery/south-sea-thai-kitchen/SjLvaKabS7u5oXimrDYt9w,willow-grove-pennsylvania
https://www.ubereats.com/philadelphia/food-delivery/richmans-ice-cream-%26-burger-co/RUh_pCtCRL6jMOM9Jy5c5Q,willow-grove-pennsylvania
https://www.ubereats.com/philadelphia/food-delivery/pizza-plaza-of-warminster/pky_4WZKSPyHQdWkWtfPGQ,willow-grove-pennsylvania
https://www.ubereats.com/philadelphia/food-delivery/lees-hoagie-house/YkrfvFGWR_yRtZVF6q-mEQ,willow-grove-pennsylvania
https://www.ubereats.com/philadelphia/food-delivery/baja-fresh-feasterville-trevose/hEl0A53aQuKTacVEQXFwWg,willow-grove-pennsylvania
https://www.ubereats.com/philadelphia/food-delivery/main-street-pizzeria-and-grille-wyncote/EdbN8UpmQOm8Pb8tl7qNLQ,willow-grove-pennsylvania
https://www.ubereats.com/philadelphia/food-delivery/monsalva/H0u0I6WwSB21Nz303rHJWA,willow-grove-pennsylvania
https://www.ubereats.com/philadelphia/food-delivery/hibachi-of-jenkintown/XViJ35cWR22Lv1cj-_e6pA,willow-grove-pennsylvania
https://www.ubereats.com/philadelphia/food-delivery/east-cuisine/b820L-CxTAaDCPKY2xX3TQ,willow-grove-pennsylvania
https://www.ubereats.com/philadelphia/food-delivery/five-guys-pa-0243-864-west-street-rd/NRibMokwRbaZAvnwQmRJCQ,willow-grove-pennsylvania
https://www.ubereats.com/philadelphia/food-delivery/mcdonalds-feasterville/6ksOGSCgQ6aNyuj0o56qmQ,willow-grove-pennsylvania
https://www.ubereats.com/philadelphia/food-delivery/pierogi-factory/RwZqfMh-TfOwZkL5rHOhKA,willow-grove-pennsylvania
https://www.ubereats.com/philadelphia/food-delivery/tonellis-pizza-pub/bbqcp6wgTseVPSfEE9KyOQ,willow-grove-pennsylvania
https://www.ubereats.com/philadelphia/food-delivery/prince-of-pizza-and-falafel/K6hmUMOBSPKIpX66rXHOtQ,willow-grove-pennsylvania
https://www.ubereats.com/philadelphia/food-delivery/qdoba-mexican-eats-100-welsh-rd/ijN1srTrSG2GTZM0NDCb6Q,willow-grove-pennsylvania
https://www.ubereats.com/philadelphia/food-delivery/manhattan-bagel-warrington/rpsEKQOPTRyNRoxjZEq9Gw,willow-grove-pennsylvania
https://www.ubereats.com/philadelphia/food-delivery/perkins-restaurant-%26-bakery-grant-ave/B-0_MA2iSQmYj8-EGw4BMA,willow-grove-pennsylvania
https://www.ubereats.com/philadelphia/food-delivery/new-star-chinese/Xna2Gr1JRaCnvJ36BrerUA,willow-grove-pennsylvania
https://www.ubereats.com/philadelphia/food-delivery/dunkin-520-w-pennsylvania-ave/rEqsNMCvQTmP5JXvmhO-nA,willow-grove-pennsylvania
https://www.ubereats.com/philadelphia/food-delivery/hunan-wok/NKyW34WUSaW0M9CK8fX57g,willow-grove-pennsylvania
https://www.ubereats.com/philadelphia/food-delivery/panera-30-park-avenue/RyeIQbDqSQiqppTFz0VKxg,willow-grove-pennsylvania
https://www.ubereats.com/philadelphia/food-delivery/saffran-steak-house/D3T4PXRSQ2SxuTExSLT8gw,willow-grove-pennsylvania
https://www.ubereats.com/philadelphia/food-delivery/super-fratellis-pizza-2/5SeEwUS8T8CoXbFotcoEtw,willow-grove-pennsylvania
https://www.ubereats.com/philadelphia/food-delivery/chick-fil-a-2500-w-moreland-rd-ste-3066/Is7O2vwlRiKhIXDhKg0OCA,willow-grove-pennsylvania
https://www.ubereats.com/philadelphia/food-delivery/manhattan-bagel-willow-grove-200-york-rd/vvd4PV8aSFqzRzLtTLmXmg,willow-grove-pennsylvania
https://www.ubereats.com/philadelphia/food-delivery/wawa-8063-201-york-rd/_1-45jVdTWeygltbybStgg,willow-grove-pennsylvania
https://www.ubereats.com/philadelphia/food-delivery/dairy-queen-treat-622-welsh-rd/ra-VM1yzTl6D9A0V_fGVqQ,willow-grove-pennsylvania
https://www.ubereats.com/philadelphia/food-delivery/philly-pretzel-factory-cottman-ave/IsI1eP1vRxGiddgR1T72PQ,willow-grove-pennsylvania
https://www.ubereats.com/philadelphia/food-delivery/crown-fried-chicken-6051-n-5th-st/na3glqi7Q9WXLuzTbg3VBg,willow-grove-pennsylvania
https://www.ubereats.com/philadelphia/food-delivery/fiddlers-green-tavern/a2ev58AZTauunUPKl59jpQ,willow-grove-pennsylvania
https://www.ubereats.com/philadelphia/food-delivery/turning-point-of-north-wales/UQW3LyJISviGz9t46lgdZg,willow-grove-pennsylvania
https://www.ubereats.com/philadelphia/food-delivery/lucky-7-fried-chicken/Q6kq7689TBe3W-BoqjRhBA,willow-grove-pennsylvania
https://www.ubereats.com/philadelphia/food-delivery/starbucks-170-w-street-road-feasterville/YMvk0e1LQi6K7A_ZYqvVvg,willow-grove-pennsylvania
https://www.ubereats.com/philadelphia/food-delivery/dunkin-1715-s-easton-rd/A2NLC3EfRTC9j9tVTEo7Dw,willow-grove-pennsylvania
https://www.ubereats.com/philadelphia/food-delivery/poke-bros-warrington/kKzpuVmGQhu2RJKCm4N1TA,willow-grove-pennsylvania
https://www.ubereats.com/philadelphia/food-delivery/mcdonalds-warrington-pa-metro-drive/JX-mp1-GRfelZ1X9zxmu2Q,willow-grove-pennsylvania
https://www.ubereats.com/philadelphia/food-delivery/benny-the-bums/c8iEvhtxQM6BuBwAYMD9SQ,willow-grove-pennsylvania
https://www.ubereats.com/philadelphia/food-delivery/vic-sushi-%26-thai-cuisine/ZdN3xrcuRqaDBTfoipzhNg,willow-grove-pennsylvania
https://www.ubereats.com/philadelphia/food-delivery/village-deli/BKt6igSBRLiPu4m38_h5qw,willow-grove-pennsylvania
https://www.ubereats.com/philadelphia/food-delivery/saladworks-feasterville/naVeV9rcRlqU_Jn-Hc0eBw,willow-grove-pennsylvania
https://www.ubereats.com/philadelphia/food-delivery/red-lion-diner-%26-cafe-llc/M4hMDldsSM-NVFIcREytvw,willow-grove-pennsylvania
https://www.ubereats.com/philadelphia/food-delivery/palermos-pizza/RV0rUW1jRJOsi0pihxumsA,willow-grove-pennsylvania
https://www.ubereats.com/philadelphia/food-delivery/subway-100-e-street-rd/N_OG3iSAS2CplVllJmtX6g,willow-grove-pennsylvania
https://www.ubereats.com/philadelphia/food-delivery/chipotle-mexican-grill-25-w-street-rd/Tx1JzzLpTL665TyPvHgg1g,willow-grove-pennsylvania
https://www.ubereats.com/philadelphia/food-delivery/wawa-8055-549-w-street-rd/8DKaIS5eT0GjV0gejYTGTQ,willow-grove-pennsylvania
https://www.ubereats.com/philadelphia/food-delivery/dunkin-810-welsh-rd/SBtMWpfQT6qjq9ZpRAKuJQ,willow-grove-pennsylvania
https://www.ubereats.com/philadelphia/food-delivery/dunkin-1035-easton-rd/C2jH4b_nTAaWx5Gn8FQlaw,willow-grove-pennsylvania
https://www.ubereats.com/philadelphia/food-delivery/fop-lodge-5/4kBqRba8QbeB9jC92k5v6w,willow-grove-pennsylvania
https://www.ubereats.com/philadelphia/food-delivery/red-house/_HPYl4g2Te6J3lM93X9PBA,willow-grove-pennsylvania
https://www.ubereats.com/philadelphia/food-delivery/cafe-cabana/TSXwaq5ZTF-1w4EZgOfypQ,willow-grove-pennsylvania
https://www.ubereats.com/philadelphia/food-delivery/audreys-caribbean-kitchen/QQN-wixKQxKjZckC5mlyrg,willow-grove-pennsylvania
https://www.ubereats.com/philadelphia/food-delivery/zoes-kitchen-151-york-road/kmO6K3fMQyWZGf6PEpQmVQ,willow-grove-pennsylvania
https://www.ubereats.com/philadelphia/food-delivery/union-tacos-bethlehem-pike/RHwGmh5nTO2whpU0jZez6A,willow-grove-pennsylvania
https://www.ubereats.com/philadelphia/food-delivery/gallo-tropical/KSLDaLhPQKOUWSkJrVQLRw,willow-grove-pennsylvania
https://www.ubereats.com/philadelphia/food-delivery/ritas-italian-ice/Axe3HGfrQy6xtlIKwcCZMg,willow-grove-pennsylvania
https://www.ubereats.com/philadelphia/food-delivery/masala-zone/QPirlIvRR5WdXHT9UZi5QA,willow-grove-pennsylvania
https://www.ubereats.com/philadelphia/food-delivery/chickies-%26-petes-roosevelt-blvd/feEoj8v_TcaFEUlxKZ5dVQ,willow-grove-pennsylvania
https://www.ubereats.com/philadelphia/food-delivery/macaronis/yAsbPvhDR2O8M2m8m2wadg,willow-grove-pennsylvania
https://www.ubereats.com/philadelphia/food-delivery/papa-johns-easton-road/KNOoOdgIR5eXapJ8urY3Yw,willow-grove-pennsylvania
https://www.ubereats.com/philadelphia/food-delivery/tonys-place-bar-%26-grille/9GeVnXAvRherjP4ZRiAysA,willow-grove-pennsylvania
https://www.ubereats.com/philadelphia/food-delivery/saladworks-314-horsham-road/mGwEdvhpTGCd4Nq417UJ2Q,willow-grove-pennsylvania
https://www.ubereats.com/philadelphia/food-delivery/dunkin-1109-bethlehem-pike/kn9h8Q3qTi-MxCaQOqDuGw,willow-grove-pennsylvania
https://www.ubereats.com/philadelphia/food-delivery/grandmas-grotto/BUMl_KDjRWKibvfTXd8PNQ,willow-grove-pennsylvania
https://www.ubereats.com/philadelphia/food-delivery/pizza-slob/_Iv90bpJS5qBNS2A2hZXkQ,willow-grove-pennsylvania
https://www.ubereats.com/philadelphia/food-delivery/taco-bell-430-york-rd/_mik6oYzToik9YXDmtRYxQ,willow-grove-pennsylvania
https://www.ubereats.com/philadelphia/food-delivery/bertuccis-huntingdon-valley/MWTeYsGrSVKEGx7GxAzCJQ,willow-grove-pennsylvania
https://www.ubereats.com/philadelphia/food-delivery/wendys-813-east-county-line-road/iaoJpuEmRf2Osgbfd1dsMQ,willow-grove-pennsylvania
https://www.ubereats.com/philadelphia/food-delivery/starbucks-warminster/07pkSIg2SiabxVB7tTeduQ,willow-grove-pennsylvania
https://www.ubereats.com/philadelphia/food-delivery/kumo-asian-bistro-1460-bethlehem-pike/4-nDjwh_QXy2o_ZngIApDw,willow-grove-pennsylvania
https://www.ubereats.com/philadelphia/food-delivery/montys-sandwich-shop/dDm-Jb46T2GTx5wE_XzWMw,willow-grove-pennsylvania
https://www.ubereats.com/philadelphia/food-delivery/corner-bakery-cafe-100-welsh-rd/XbFtpIakSx6gucYxJCHs9w,willow-grove-pennsylvania
https://www.ubereats.com/philadelphia/food-delivery/hook-%26-reel-wyncote/sa-T6DyWTfiIQcRHUqKugg,willow-grove-pennsylvania
https://www.ubereats.com/philadelphia/food-delivery/taco-bell-909-2nd-street-pike/5O40jaP3TNaKkRkV_poKKw,willow-grove-pennsylvania
https://www.ubereats.com/philadelphia/food-delivery/joe-%26-tinas-pizzeria-iii/gwnxxRgjQsOyGXVqw_ziTA,willow-grove-pennsylvania
https://www.ubereats.com/philadelphia/food-delivery/little-istanbul-restaurant/A1xwfjbFRe6EU96KYgBndw,willow-grove-pennsylvania
https://www.ubereats.com/philadelphia/food-delivery/mt-fuji-japanese-food-%26-steak/NFakDObITJS367rGC4Ox3A,willow-grove-pennsylvania
https://www.ubereats.com/philadelphia/food-delivery/c-%26-d-deli/xLcrnpXaQRKX_bEhIGb5YA,willow-grove-pennsylvania
https://www.ubereats.com/philadelphia/food-delivery/dunkin-2112-county-line-rd/yRek9q1JRGqZZcnTkhrW4g,willow-grove-pennsylvania
https://www.ubereats.com/philadelphia/food-delivery/pats-select-pizza-%7C-grill-warrington/bOVOxFwrQJiKKQAmXYGl8Q,willow-grove-pennsylvania
https://www.ubereats.com/philadelphia/food-delivery/dim-sum-factory/CW2mdtRTQOaC3vFliIRHQg,willow-grove-pennsylvania
https://www.ubereats.com/philadelphia/food-delivery/randazzos-pizzeria-welsh-rd/UjTl-YjJT-6H8jnpKZGoeQ,willow-grove-pennsylvania
https://www.ubereats.com/philadelphia/food-delivery/provecho-mexican-grill/y7pvHWh2QNmqzZh_8yJyMw,willow-grove-pennsylvania
https://www.ubereats.com/philadelphia/food-delivery/yummy-house/gL0fg8_7TtyWTvDI6Vk1Hg,willow-grove-pennsylvania
https://www.ubereats.com/philadelphia/food-delivery/from-the-boot-ambler/8sdJFHbjQ5SvXldh5BeyrA,willow-grove-pennsylvania
https://www.ubereats.com/philadelphia/food-delivery/primohoagies-1650-limekiln-pike/bTLVohTOQkiK5HM-5igxrQ,willow-grove-pennsylvania
https://www.ubereats.com/philadelphia/food-delivery/mcdonalds-dresher/wLA2WUJ5RE6CXoQaLJwPQA,willow-grove-pennsylvania
https://www.ubereats.com/philadelphia/food-delivery/quinoa-mexican-%26-peruvian-restaurant/2kQ5ucXTTk627V1Jm26iKA,willow-grove-pennsylvania
https://www.ubereats.com/philadelphia/food-delivery/dunkin-11725-bustleton-ave/PkkVmuXnSyG_Dk-7iYxgog,willow-grove-pennsylvania
https://www.ubereats.com/philadelphia/food-delivery/burgerim-711-easton/nWZA5qQ0Q7691xqsm-kozg,willow-grove-pennsylvania
https://www.ubereats.com/philadelphia/food-delivery/tgi-fridays-659-willow-grove-pa/wzFCt7YFQL6Nhnyce4yhsQ,willow-grove-pennsylvania
https://www.ubereats.com/philadelphia/food-delivery/giuseppe-pizza-and-family-restaurant/Bxuoo-iPRXyx4SsQnm96Iw,willow-grove-pennsylvania
https://www.ubereats.com/philadelphia/food-delivery/rangoli/ADU4PGLmQJOyj7YRw1zWZQ,willow-grove-pennsylvania
https://www.ubereats.com/philadelphia/food-delivery/just-delish/k_kPrxW5TlebvLUTm3ijqQ,willow-grove-pennsylvania
https://www.ubereats.com/philadelphia/food-delivery/costa-deli/_339Y3qwQrGEp78KY6Mtaw,willow-grove-pennsylvania
https://www.ubereats.com/philadelphia/food-delivery/wing-squad-huntingdon-valley/UrdqnPkyTEeeWiDuDaEMzQ,willow-grove-pennsylvania
https://www.ubereats.com/philadelphia/food-delivery/saffron-indian-kitchen-ambler/w9DcU2DmR9aBDh2WNN7j9Q,willow-grove-pennsylvania
https://www.ubereats.com/philadelphia/food-delivery/crown-fried-chicken-chelten-ave/K4Wf3cThSrSI6ZY1mwnz3A,willow-grove-pennsylvania
https://www.ubereats.com/philadelphia/food-delivery/freddys-street-food/rlCEJckuTuqH4ocNFcnh7g,willow-grove-pennsylvania
https://www.ubereats.com/philadelphia/food-delivery/bruno-s-pizza/kCcyL_LAQy64h20VwnwYcg,willow-grove-pennsylvania
https://www.ubereats.com/philadelphia/food-delivery/izumi/QyQ9DO4UTsOAs95mb6si8w,willow-grove-pennsylvania
https://www.ubereats.com/philadelphia/food-delivery/utsav-indian-cuisine/LW06j_caQFe2w92U_OttAg,willow-grove-pennsylvania
https://www.ubereats.com/philadelphia/food-delivery/red-lobster-640-cowpath-road/3M1_sAxCQSKzfhPrqX-shg,willow-grove-pennsylvania
https://www.ubereats.com/philadelphia/food-delivery/philly-pretzel-factory-abington/q50vJtk5SPa4yBHzTUTL_A,willow-grove-pennsylvania
https://www.ubereats.com/philadelphia/food-delivery/buffalo-wild-wings-201-easton-rd-ste-118/do7W6UQwRNmBu0eNXGaOAA,willow-grove-pennsylvania
https://www.ubereats.com/philadelphia/food-delivery/bridgets-steakhouse/XY2-sOR3R8aNjYfNxkTH9g,willow-grove-pennsylvania
https://www.ubereats.com/philadelphia/food-delivery/stolis-steaks/PzP9EilzQkefUPU6pxh1IA,willow-grove-pennsylvania
https://www.ubereats.com/philadelphia/food-delivery/maggios/P-C4D4RjTUSID-WN6uIp_Q,willow-grove-pennsylvania
https://www.ubereats.com/philadelphia/food-delivery/manhattan-bagel-feasterville/CSjb79Y2SVGoQXjtQd_NbQ,willow-grove-pennsylvania
https://www.ubereats.com/philadelphia/food-delivery/la-casa-di-lucia/bnc4Uo9VRcuVNCc1dGUF6Q,willow-grove-pennsylvania
https://www.ubereats.com/philadelphia/food-delivery/outback-steakhouse-2520-york-road/b7Mfejk4R3mx21okJISO6w,willow-grove-pennsylvania
https://www.ubereats.com/philadelphia/food-delivery/wasabi-sushi-restaurant/PmGRv2z0T8ybRTR8LLlI2A,willow-grove-pennsylvania
https://www.ubereats.com/philadelphia/food-delivery/301-bonefish-grill-1015-easton-rd/Fbl-vaOuRkWPY4Pyv1TJXw,willow-grove-pennsylvania
https://www.ubereats.com/philadelphia/food-delivery/redz-bar-%26-grill/VU3usvP0RImXZvEa-LZMnw,willow-grove-pennsylvania
https://www.ubereats.com/philadelphia/food-delivery/iron-hill-brewery-%26-restaurant-north-wales/jdjg4rcdTNaTnB8HIkVbwA,willow-grove-pennsylvania
https://www.ubereats.com/philadelphia/food-delivery/hibachi-grill-and-buffet/FKsMnSavSiS1jibA4Q6-7A,willow-grove-pennsylvania
https://www.ubereats.com/philadelphia/food-delivery/the-pizza-pasta-house-ii/1hNTVjjXTKmwgHjzpfGi5A,willow-grove-pennsylvania
https://www.ubereats.com/philadelphia/food-delivery/mcdonalds-southampton/z6Yhfs7OQq6Avuj9mKOiUg,willow-grove-pennsylvania
https://www.ubereats.com/philadelphia/food-delivery/ritas-water-ice-warrington/zMRag_tHQ2ut5kp9zYLxKg,willow-grove-pennsylvania
https://www.ubereats.com/philadelphia/food-delivery/the-lucky-well/BcmMn0UqT3Sh-g4hh-j6dg,willow-grove-pennsylvania
https://www.ubereats.com/philadelphia/food-delivery/richmans-ice-cream-%26-burger-co-glenside/fIfC0YvMSSqEk5Uxo_ztmw,willow-grove-pennsylvania
https://www.ubereats.com/philadelphia/food-delivery/tommy-ds/PmBk8LThRTeaTcPg9hKxEQ,willow-grove-pennsylvania
https://www.ubereats.com/philadelphia/food-delivery/kfc-7350-oxford-avenue/4r595nUIR_SNFq7qql7uXw,willow-grove-pennsylvania
https://www.ubereats.com/philadelphia/food-delivery/dunkin-230-s-easton-rd/L_lxmdj1R36Gu-mOU-0dMg,willow-grove-pennsylvania
https://www.ubereats.com/philadelphia/food-delivery/wawa-0156-106-bethlehem-pike-%26-penn-ave/EthxxAokSa-IOzkxAC-0og,willow-grove-pennsylvania
https://www.ubereats.com/philadelphia/food-delivery/hg-warrington-pizza/mB-BvlT0TbegppjfGU7EkQ,willow-grove-pennsylvania
https://www.ubereats.com/philadelphia/food-delivery/judah-mediterranean-grill/QBDHDS9lSTW42C87UByTHA,willow-grove-pennsylvania
https://www.ubereats.com/philadelphia/food-delivery/chicko-tako/8uew8KCiQXK1cdE0rj7qGg,willow-grove-pennsylvania
https://www.ubereats.com/philadelphia/food-delivery/halligans-pub/usu2B17HT8uVGsq-lsT13w,willow-grove-pennsylvania
https://www.ubereats.com/philadelphia/food-delivery/dunkin-1625-kendarbren-dr/gIJbhzFUTT2w9ZN2qJAHjg,willow-grove-pennsylvania
https://www.ubereats.com/philadelphia/food-delivery/subway-willow-grove/fTlnEm3dRPKEKN3g3hS5Hg,willow-grove-pennsylvania
https://www.ubereats.com/philadelphia/food-delivery/jersey-mikes-subs-horsham-rd-%26-norristown-rd/murYTp0oTTmVKhE2F7wnSQ,willow-grove-pennsylvania
https://www.ubereats.com/philadelphia/food-delivery/kitchen-bar/cSUewXVIRGqYvdNExNvhNQ,willow-grove-pennsylvania
https://www.ubereats.com/philadelphia/food-delivery/five-guys-pa-1146-125-e-street-rd/0BgNIPl5TYe3qR4YIqIq7g,willow-grove-pennsylvania
https://www.ubereats.com/philadelphia/food-delivery/lees-hoagie-house/bOJd182sSlmsC_DrCzRp9Q,willow-grove-pennsylvania
https://www.ubereats.com/philadelphia/food-delivery/royal-ashoka-regional-cuisine-of-india/JiDFkPesRW--e1ICGVBy7w,willow-grove-pennsylvania
https://www.ubereats.com/philadelphia/food-delivery/sams-pizza-and-bistro/_zXd-6UlRlqmhu0deZ7Brg,willow-grove-pennsylvania
https://www.ubereats.com/philadelphia/food-delivery/cj-custom-american-grille/aohoMTwjTK64ZreKa-50eQ,willow-grove-pennsylvania
https://www.ubereats.com/philadelphia/food-delivery/outback-steakhouse-610-old-york-road/afo0PHPqStybgteLv_nqPQ,willow-grove-pennsylvania
https://www.ubereats.com/philadelphia/food-delivery/poke-bros-feasterville/x-boowCITN-kqneIOM7LsQ,willow-grove-pennsylvania
https://www.ubereats.com/philadelphia/food-delivery/kfc-32-airport-square/Uy5-r6EoSJqybsNrzucgWQ,willow-grove-pennsylvania
https://www.ubereats.com/philadelphia/food-delivery/saladworks-willow-grove/UmO3JvURQGi0OwI3RUJ-yw,willow-grove-pennsylvania
https://www.ubereats.com/philadelphia/food-delivery/taste-queen-restaurant/300saCkvTXik6zpgJp3kmg,willow-grove-pennsylvania
https://www.ubereats.com/philadelphia/food-delivery/chipotle-mexican-grill-1513-main-st-bldg-500a/M8Ntzkl0QquYt5a32kQ1AA,willow-grove-pennsylvania
https://www.ubereats.com/philadelphia/food-delivery/first-watch-abington/tMwBvhuvSX2V3PsEw6oC-g,willow-grove-pennsylvania
https://www.ubereats.com/philadelphia/food-delivery/millers-ale-house-willow-grove/KErX-VGgTUaUwzSpkyCUkw,willow-grove-pennsylvania
https://www.ubereats.com/philadelphia/food-delivery/manhattan-bagel-philadelphia/IGP9uerXTK6zq5vi848CXg,willow-grove-pennsylvania
https://www.ubereats.com/philadelphia/food-delivery/kfc-1865-easton-rd/XP-pI0CrSg-Y3ap6tXSsPA,willow-grove-pennsylvania
https://www.ubereats.com/philadelphia/food-delivery/moose-%26-goose-barbecue/NJedSYZKTmCxNIpI5HhSLg,willow-grove-pennsylvania
https://www.ubereats.com/philadelphia/food-delivery/pancheros-mexican-grill-1105-n-bethlehem-pike/XTJ_u42pQSCspdEnm_mTnA,willow-grove-pennsylvania
https://www.ubereats.com/philadelphia/food-delivery/the-sweet-taco-willow-grove/-3Hmbuu1TvW6wB-MGCcmyA,willow-grove-pennsylvania
https://www.ubereats.com/philadelphia/food-delivery/sol-luna-tea-room-and-hookah-lounge/RmlCYIHKQO2G5BS7ZLohEA,willow-grove-pennsylvania
https://www.ubereats.com/philadelphia/food-delivery/dunkin-937-easton-rd/edDwKCu9SQm-z_jVVW55JA,willow-grove-pennsylvania
https://www.ubereats.com/philadelphia/food-delivery/saladworks-warminster/HfeNSm-zQ22lcgSmguUwDw,willow-grove-pennsylvania
https://www.ubereats.com/philadelphia/food-delivery/2nd-street-pike-grill/O5mF--2rRse6F4iwLYwYSQ,willow-grove-pennsylvania
https://www.ubereats.com/philadelphia/food-delivery/wayback-burgers-butler-ave/sSi59lElQuSoq9XMMbVTBw,willow-grove-pennsylvania
https://www.ubereats.com/philadelphia/food-delivery/luhv-vegan-bistro/u7jw7j4kSS-W3rcTz-_Qpw,willow-grove-pennsylvania
https://www.ubereats.com/philadelphia/food-delivery/dreams-ice-cream-at-glenside/YZwsm367TxqpcI9O_7cfkA,willow-grove-pennsylvania
https://www.ubereats.com/philadelphia/food-delivery/warminster-west-diner-%26-restaurant/18r0Bh7zSc-K7am4gEf69w,willow-grove-pennsylvania
https://www.ubereats.com/philadelphia/food-delivery/pf-changs-721-easton-rd/F2qADMHmRxa5mM4wbBnPXg,willow-grove-pennsylvania
https://www.ubereats.com/philadelphia/food-delivery/bonnet-lane/3Ve7qjwfT_Sh93XYzbBvJw,willow-grove-pennsylvania
https://www.ubereats.com/philadelphia/food-delivery/asia-mix-restaurant/-q8_g01zTt6buxJlijKW0w,willow-grove-pennsylvania
https://www.ubereats.com/philadelphia/food-delivery/the-juice-room/Luos7EsNRLaNOInQhrNUow,willow-grove-pennsylvania
https://www.ubereats.com/philadelphia/food-delivery/dunkin-7970-dungan-rd/kcew2QaoT7mQ9JhGz7gOZA,willow-grove-pennsylvania
https://www.ubereats.com/philadelphia/food-delivery/24-7-desserts/dnPKYK2iQjGj0F_xLetfpA,willow-grove-pennsylvania
https://www.ubereats.com/philadelphia/food-delivery/mega-quality-pizza-and-restaurant/2aUuBs-USGu6YQdXKQm2Rg,willow-grove-pennsylvania
https://www.ubereats.com/philadelphia/food-delivery/china-dragon/PkEXoAb4SLuuZQ0ka_FYlw,willow-grove-pennsylvania
https://www.ubereats.com/philadelphia/food-delivery/soul-of-africa-restaurant/SxC_M4KcR-KM36uGwyqXEQ,willow-grove-pennsylvania
https://www.ubereats.com/philadelphia/food-delivery/applebees-1281-knapp-road/w2LzmWFLRYWqwIaH2meVHQ,willow-grove-pennsylvania
https://www.ubereats.com/philadelphia/food-delivery/oki-sushi/vBF6veuQQbaZVCeNLTLeUA,willow-grove-pennsylvania
https://www.ubereats.com/philadelphia/food-delivery/grove-stove/K-d3M9y_Sy61Tu3BIOOVLw,willow-grove-pennsylvania
https://www.ubereats.com/philadelphia/food-delivery/primohoagies-272-north-keswick-ave-frnt/k38stKnDT6ibEK9Qm2koYA,willow-grove-pennsylvania
https://www.ubereats.com/philadelphia/food-delivery/amys-family-pizzeria/epz6uwXKSHiuQnodvFbXQA,willow-grove-pennsylvania
https://www.ubereats.com/philadelphia/food-delivery/mayura-indian-restaurant/u_dZ5ghxSziWJTGQBG-AsA,willow-grove-pennsylvania
https://www.ubereats.com/philadelphia/food-delivery/mcdonalds-horsham-easton/-_OeDtrjRDOKyivPCnyQyQ,willow-grove-pennsylvania
https://www.ubereats.com/philadelphia/food-delivery/slacks-hoagie-shack-warrington/kkSZAk27R6eXWQJO7EebxQ,willow-grove-pennsylvania
https://www.ubereats.com/philadelphia/food-delivery/chef-vargas-breakfast/Ie7JjZ7WR_eKzIw78qxWqw,willow-grove-pennsylvania
https://www.ubereats.com/philadelphia/food-delivery/mcdonalds-hatboro-old-yk/FGuPFIj8TT-fJpJthmoWnw,willow-grove-pennsylvania
https://www.ubereats.com/philadelphia/food-delivery/el-rey-del-oro/E47DOpK8QDuouIK3cVAcJg,willow-grove-pennsylvania
https://www.ubereats.com/philadelphia/food-delivery/dunkin-8000-pine-rd/4f2rKH5nTwaooYquD03Qhw,willow-grove-pennsylvania
https://www.ubereats.com/philadelphia/food-delivery/flip-city-shakes/CtlB9oxRR0O4-ePaaQVamw,willow-grove-pennsylvania
https://www.ubereats.com/philadelphia/food-delivery/mod-pizza-warrington/h17_IiXAS96yp5CxQ8AzkA,willow-grove-pennsylvania
https://www.ubereats.com/philadelphia/food-delivery/palz-tap-house/BhzyLdm7Ss6Qkw4o9hwCyQ,willow-grove-pennsylvania
https://www.ubereats.com/philadelphia/food-delivery/namaste-indian-bistro/o_j8QX8iTDqLDUn0zjnquQ,willow-grove-pennsylvania
https://www.ubereats.com/philadelphia/food-delivery/outback-steakhouse-411-doylestown-road/BkDXIUuATe2QUfkQbFftqw,willow-grove-pennsylvania
https://www.ubereats.com/philadelphia/food-delivery/dunkin-9834-bustleton-ave/4agRfIUUTYiPCBC1E9AFqA,willow-grove-pennsylvania
https://www.ubereats.com/philadelphia/food-delivery/dunkin-1055-york-rd/8sboEEj4RF-1_42KUPX6Nw,willow-grove-pennsylvania
https://www.ubereats.com/philadelphia/food-delivery/the-general/LHNdBKGgQ7Cax5hv7FLTAw,willow-grove-pennsylvania
https://www.ubereats.com/philadelphia/food-delivery/dim-sum-factory/RcD-8TshRYqmfuwpg8p4KA,willow-grove-pennsylvania
https://www.ubereats.com/philadelphia/food-delivery/ritas-of-limekiln-pike-3322-limekiln-pike/f7wXcrklT3Gvz49tDk9A_w,willow-grove-pennsylvania
https://www.ubereats.com/philadelphia/food-delivery/lemon-grass/UVqIRFDMSPq7pTGm97n2tA,willow-grove-pennsylvania
https://www.ubereats.com/philadelphia/food-delivery/mckinley-market/3PszCByZRZCOPb-W1-29CQ,willow-grove-pennsylvania
https://www.ubereats.com/philadelphia/food-delivery/taqueria-aguila/G0w9DFcQQIyImnhqtaW5RA,willow-grove-pennsylvania
https://www.ubereats.com/philadelphia/food-delivery/tin-pan-alley-tavern/d0gpn3f9Q3yGg5k-V_kv1w,willow-grove-pennsylvania
https://www.ubereats.com/philadelphia/food-delivery/sals-pizza-of-warrington/Ie8UcMeURt2N7SFlsyScog,willow-grove-pennsylvania
https://www.ubereats.com/philadelphia/food-delivery/tiffin-indian-cuisine-york-rd/rC_aZ3s8SmacENPbr49U1A,willow-grove-pennsylvania
https://www.ubereats.com/philadelphia/food-delivery/ritas-of-ambler-100-e-butler-ave/GiCdCsnrQHCxYstIlkUaJQ,willow-grove-pennsylvania
https://www.ubereats.com/philadelphia/food-delivery/zerogradi/zBjt19B-TTWkbyPW4eKGuw,willow-grove-pennsylvania
https://www.ubereats.com/philadelphia/food-delivery/house-of-kosher/ItbeZyA4QFqFVl2UgKJrgw,willow-grove-pennsylvania
https://www.ubereats.com/philadelphia/food-delivery/west-avenue-grille-jenkintown-restaurant-%26-catering/5PJCDgP4T9OROd0LDXxoKw,willow-grove-pennsylvania
https://www.ubereats.com/philadelphia/food-delivery/fountainside/T9MbHx3jT3auQPTCLB4OVQ,willow-grove-pennsylvania
https://www.ubereats.com/philadelphia/food-delivery/ritas-italian-ice-161-byberry-rd/mwW5_4bUQsSeUlqGSrEm8w,willow-grove-pennsylvania
https://www.ubereats.com/philadelphia/food-delivery/on-the-border-neshaminy/b1V0OYG0QseHJBZDK12CnA,willow-grove-pennsylvania
https://www.ubereats.com/philadelphia/food-delivery/bertuccis-860-bethlehem-pike/MwpQQuxfSfWbSyuDqY-JSw,willow-grove-pennsylvania
https://www.ubereats.com/philadelphia/food-delivery/osaka-japanese-restaurant/ShVRONYkT9-Rc4WK2IsuUg,willow-grove-pennsylvania
https://www.ubereats.com/philadelphia/food-delivery/roberts-block/VKDZ4tweQAurbDt8kp8fGw,willow-grove-pennsylvania
https://www.ubereats.com/philadelphia/food-delivery/chipotle-mexican-grill-1437-old-york-rd/wMoF5J6BRlmC_cVatZjO4A,willow-grove-pennsylvania
https://www.ubereats.com/philadelphia/food-delivery/moes-southwest-grill-648-easton-rd/HXsanlCpToC5R5mKjryuyA,willow-grove-pennsylvania
https://www.ubereats.com/philadelphia/food-delivery/osteria-saporino/74stAe7uRp-9o_PMBEcfvA,willow-grove-pennsylvania
https://www.ubereats.com/philadelphia/food-delivery/lees-hoagie-house/Uk9K-t_mQxixZf6FpU9Syw,willow-grove-pennsylvania
https://www.ubereats.com/philadelphia/food-delivery/philly-pretzel-factory-glenside/NsF67kMFQEmyc5rCsJ5z0Q,willow-grove-pennsylvania
https://www.ubereats.com/philadelphia/food-delivery/krispy-krunchy-chicken-easton-road/-VW71Nt5QK28EesZ_EZzWw,willow-grove-pennsylvania
https://www.ubereats.com/philadelphia/food-delivery/the-weldon-soda-fountain/ts7YMcoGRHu4koWMjP717g,willow-grove-pennsylvania
https://www.ubereats.com/philadelphia/food-delivery/ritas-of-grant-avenue-1709-grant-ave/_ij35M6OSUmqlqtbLCcGfw,willow-grove-pennsylvania
https://www.ubereats.com/philadelphia/food-delivery/la-strada-italian-restaurant-byo/jiBexhVbQW6g-VW4VlFO8A,willow-grove-pennsylvania
https://www.ubereats.com/philadelphia/food-delivery/carrabbas-2575-maryland-road/7gTahVdOTxmskc3kcod0XQ,willow-grove-pennsylvania
https://www.ubereats.com/philadelphia/food-delivery/station-wing-house/1XiwqYnLR8iGSdkuXBsGtQ,willow-grove-pennsylvania
https://www.ubereats.com/philadelphia/food-delivery/manhattan-bagel-north-wales/IlAxHuFqT2qowRka9Lf8FA,willow-grove-pennsylvania
https://www.ubereats.com/philadelphia/food-delivery/dunkin-2618-easton-rd/u-5ZB3LuRBupOUZmHzpa1w,willow-grove-pennsylvania
https://www.ubereats.com/philadelphia/food-delivery/palace-of-asia-pa/Uhlq9fxeQOmt1Pt9OwdDUQ,willow-grove-pennsylvania
https://www.ubereats.com/philadelphia/food-delivery/qdoba-mexican-eats-261-old-york-rd/c1BEw520TWKplnZ2Z8jc8A,willow-grove-pennsylvania
https://www.ubereats.com/philadelphia/food-delivery/wing-spot/dljF6ceORyad0Gh3C1ONkw,willow-grove-pennsylvania
https://www.ubereats.com/philadelphia/food-delivery/the-greene-turtle-north-wales/gyTDHyfpTGaU1FoPR_C0Gw,willow-grove-pennsylvania
https://www.ubereats.com/philadelphia/food-delivery/ben-%26-irvs-delicatessen/Oj1nR5KFQfKqBtbr9SAKZw,willow-grove-pennsylvania
https://www.ubereats.com/philadelphia/food-delivery/dunkin-15-bustleton-pike/DGFw-dEVSEymWNPNQjIxzw,willow-grove-pennsylvania
https://www.ubereats.com/philadelphia/food-delivery/bbq-chicken-elkins-park-pa/_D1fu_x3RHmEwqrCgKcppw,willow-grove-pennsylvania
https://www.ubereats.com/philadelphia/food-delivery/chill-on-the-hilll/gb5Pc0QCS_Clwtc263IFug,willow-grove-pennsylvania
https://www.ubereats.com/philadelphia/food-delivery/manhattan-bagel-hatboro/NRVTeaarTDix0p9BRa1NGA,willow-grove-pennsylvania
https://www.ubereats.com/philadelphia/food-delivery/white-elephant-restaurant/Dwe1MhU3RqSQwVFYYQc-Cg,willow-grove-pennsylvania
https://www.ubereats.com/philadelphia/food-delivery/krispy-krunchy-chicken-808-south-york-road/B7TLdQ2nQy-QOeDvHZCbYw,willow-grove-pennsylvania
https://www.ubereats.com/philadelphia/food-delivery/emilianos-pizza/CIssMc4ZSZ2PxXqCi81iqg,willow-grove-pennsylvania
https://www.ubereats.com/philadelphia/food-delivery/ritas-of-elkins-park/4-27wSWvR3atTXXf1C-o7Q,willow-grove-pennsylvania
https://www.ubereats.com/philadelphia/food-delivery/playa-bowls-doylestown/e9YDnycDT3qubChNaCHY9Q,willow-grove-pennsylvania
https://www.ubereats.com/philadelphia/food-delivery/the-ice-cream-shop/nOS9xjjvQAGHCcJtWDcU_A,willow-grove-pennsylvania
https://www.ubereats.com/philadelphia/food-delivery/the-market-at-village-shires/6KND3k36SXmIpqZkyGA37A,willow-grove-pennsylvania
https://www.ubereats.com/philadelphia/food-delivery/boston-market-1776-old-york-road/0whafL0hRwGH6o4TQTB1Gw,willow-grove-pennsylvania
https://www.ubereats.com/philadelphia/food-delivery/2nd-street-bagels/rra-NcKxTZqbcGIIAoekXA,willow-grove-pennsylvania
https://www.ubereats.com/philadelphia/food-delivery/costa-burger-bar/UZcx0LQ0QNyf9dBQYO-v6w,willow-grove-pennsylvania
https://www.ubereats.com/philadelphia/food-delivery/mythai-kitchen/A-96meu8QOOJ2DCHq9qNuA,willow-grove-pennsylvania
https://www.ubereats.com/philadelphia/food-delivery/china-taste/2KU3USWpRAmctknxTGlpEQ,willow-grove-pennsylvania
https://www.ubereats.com/philadelphia/food-delivery/woks-cooking/SB95yaRATnK7goED0IKbYA,willow-grove-pennsylvania
https://www.ubereats.com/philadelphia/food-delivery/sonic-2405-easton-road/feWaXx51Qw-B6mavrS006w,willow-grove-pennsylvania
https://www.ubereats.com/philadelphia/food-delivery/philly-pretzel-factory-southampton/pdk9jyCDSv-_vhC4P8yC5Q,willow-grove-pennsylvania
https://www.ubereats.com/philadelphia/food-delivery/mister-ricks/qzcbNcZiREW3tkSDhEtmUg,willow-grove-pennsylvania
https://www.ubereats.com/philadelphia/food-delivery/moonstruck-restaurant/Y-vgw9nhSea1Qo-ZV6hdEw,willow-grove-pennsylvania
https://www.ubereats.com/philadelphia/food-delivery/sushi-x/yQjnGNvoRZ2ftArHUvgcUA,willow-grove-pennsylvania
https://www.ubereats.com/philadelphia/food-delivery/applebees-1063-east-street-road/Df2IWcC6QJyI2OX1iBKgWg,willow-grove-pennsylvania
https://www.ubereats.com/philadelphia/food-delivery/bullseye-burger-house/WUrfFVeHSueKQIUXAA85Sw,willow-grove-pennsylvania
https://www.ubereats.com/philadelphia/food-delivery/great-deal-deli/gJEM1TZ4Sd6PD8fzH3baPA,willow-grove-pennsylvania
https://www.ubereats.com/philadelphia/food-delivery/wing-squad-montgomeryville/NoOPSNzxQzyOAWU8sVEEfw,willow-grove-pennsylvania
https://www.ubereats.com/philadelphia/food-delivery/primohoagies-51-bethlehem-pike/HUWYt-MJSpG1ahbn_M_PHg,willow-grove-pennsylvania
https://www.ubereats.com/philadelphia/food-delivery/kabobi/J5skPbJmRbSIIB5RyBeLXQ,willow-grove-pennsylvania
https://www.ubereats.com/philadelphia/food-delivery/roslyn-pizza/j80DlBqETI2vLo8E__pOkA,willow-grove-pennsylvania
https://www.ubereats.com/philadelphia/food-delivery/mcdonalds-abington-york/GupEZlZZR7aSKUFDMQfDfA,willow-grove-pennsylvania
https://www.ubereats.com/philadelphia/food-delivery/turning-point-of-warrington/llGjNc5ERFi7sbaXqT6NlQ,willow-grove-pennsylvania
https://www.ubereats.com/philadelphia/food-delivery/gabbys-banh-mi-shop/jFfaUmmMQVqf_2Drapn2Pw,willow-grove-pennsylvania
https://www.ubereats.com/philadelphia/food-delivery/muscle-maker-grill-grant-ave/kRz8GDH_QH6N9S6x0aqYbQ,willow-grove-pennsylvania
https://www.ubereats.com/philadelphia/food-delivery/vic-sushi-%26-thai-cuisine/l0n8ZfeNQL2EfLN8mFFdFQ,willow-grove-pennsylvania
https://www.ubereats.com/philadelphia/food-delivery/saladworks-valley-square/zyprl7awSPuERa_5OK0R8w,willow-grove-pennsylvania
https://www.ubereats.com/philadelphia/food-delivery/starbucks-jenkintown/YkCOSb-9Q5-Q3AzNjHwkAQ,willow-grove-pennsylvania
