url,city
https://www.ubereats.com/cleveland/food-delivery/master-ds-grille/RBHqCfFiTqujUHoWXT6JbA,willoughby-ohio
https://www.ubereats.com/cleveland/food-delivery/subway-7652-mentor-ave/MmHISWcXS4GwM9GohmsoBg,willoughby-ohio
https://www.ubereats.com/cleveland/food-delivery/hooley-house-sports-pub-%26-grille-reynolds/sqYVBmyoQHKYcbcZzSTqTA,willoughby-ohio
https://www.ubereats.com/cleveland/food-delivery/yours-truly-restaurant-mentor/e4eNbhkQQ0uO28AHj6oN9w,willoughby-ohio
https://www.ubereats.com/cleveland/food-delivery/mcdonalds-euclid-%26-robinhood/nSIXd4nCQ9-XeOR9xVStmg,willoughby-ohio
https://www.ubereats.com/cleveland/food-delivery/arbys-7715-reynolds-rd/LDyhqjo6SDuHQQakQpW5aw,willoughby-ohio
https://www.ubereats.com/cleveland/food-delivery/chipotle-mexican-grill-36200-euclid-ave-ste-12/8se8eAjyTu65oP6ihgYRkg,willoughby-ohio
https://www.ubereats.com/cleveland/food-delivery/dairy-queen-treat-great-lakes-mall-space-%23874-7850-me/X-NLonhIRxycUF8V7tpWqg,willoughby-ohio
https://www.ubereats.com/cleveland/food-delivery/yours-truly-restaurant-mayfield-village/GXDNEfArRhu1lslp6FcROA,willoughby-ohio
https://www.ubereats.com/cleveland/food-delivery/mr-hero-euclid-%26-beverly-hills/PQmYmQg5RaSchE22YFHmSQ,willoughby-ohio
https://www.ubereats.com/cleveland/food-delivery/charleys-philly-steaks-7850-mentor-ave/as3hk4iURXqdZwCCY_FnxA,willoughby-ohio
https://www.ubereats.com/cleveland/food-delivery/panera-203387/E9ORK1RHQq2S312MDwwDuw,willoughby-ohio
https://www.ubereats.com/cleveland/food-delivery/black-box-fix/m8kwDTCxSfCgcriwIFOwOw,willoughby-ohio
https://www.ubereats.com/cleveland/food-delivery/the-river-tavern/pYF7LnBoTbqahbMabN2XEQ,willoughby-ohio
https://www.ubereats.com/cleveland/food-delivery/harry-buffalo-painesville/s8DMljNgSZOFYyTEvmNM2g,willoughby-ohio
https://www.ubereats.com/cleveland/food-delivery/scalpers-bar-grille-and-sharpys-subs/zfBX4HlITnS_As1XBJkYgQ,willoughby-ohio
https://www.ubereats.com/cleveland/food-delivery/players-club/njtf6E5lQtyrGgnAOIN4Rw,willoughby-ohio
https://www.ubereats.com/cleveland/food-delivery/mels-cafe-of-tremont/Hdub6KxbSui5rmktk-cX8g,willoughby-ohio
https://www.ubereats.com/cleveland/food-delivery/arbys-34635-euclid-ave/QTJq-ggxTwqcpGazrzQw1A,willoughby-ohio
https://www.ubereats.com/cleveland/food-delivery/garage-bar-willoughby/Vocez8crRw-mRKZoMpNByQ,willoughby-ohio
https://www.ubereats.com/cleveland/food-delivery/dairy-queen-treat-7695-lake-shore-blvd/mudgId7FRZC1ETCy-MuJGw,willoughby-ohio
https://www.ubereats.com/cleveland/food-delivery/buffalo-wild-wings-36455-euclid-ave/6KOszs6VRS65_AUcTXtj2A,willoughby-ohio
https://www.ubereats.com/cleveland/food-delivery/wendys-6866-center-street/oUPwd6KASteEBmyH_ncH6A,willoughby-ohio
https://www.ubereats.com/cleveland/food-delivery/hibachi-steakhouse-mentor-ave/VCpxcuTbSva7DYENQwYYYg,willoughby-ohio
https://www.ubereats.com/cleveland/food-delivery/taco-bell-502-water-st/4zQvPnLATNC-zIc66cuWhg,willoughby-ohio
https://www.ubereats.com/cleveland/food-delivery/taco-bell-26002-euclid-ave/slO48dOIQHG5VXY-PptWmg,willoughby-ohio
https://www.ubereats.com/cleveland/food-delivery/manhattan-deli-bar-%26-grille/6hxmuDhQRlSvy4a2LSqqwg,willoughby-ohio
https://www.ubereats.com/cleveland/food-delivery/georgios-oven-fresh-pizza/_AfkDga2StKGvmGeVoXQ4w,willoughby-ohio
https://www.ubereats.com/cleveland/food-delivery/kfc-29050-lake-shore-boulevard/3hWcDZZLSYG4-Bs4cI2ZDg,willoughby-ohio
https://www.ubereats.com/cleveland/food-delivery/bogside-bar-and-grill/hVd_EHToQMmHQbSGbiwVqw,willoughby-ohio
https://www.ubereats.com/cleveland/food-delivery/sweet-peppers-bar-%26-grill/ZI9oD70IQ2KpMohnDJvT6A,willoughby-ohio
https://www.ubereats.com/cleveland/food-delivery/taco-bell-9486-mentor-avenue/cpMRtM6WTESuuMgPzU6PkQ,willoughby-ohio
https://www.ubereats.com/cleveland/food-delivery/qdoba-mexican-eats-highland-heights/E34R3MDJSja34dVir7Idhg,willoughby-ohio
https://www.ubereats.com/cleveland/food-delivery/burg-n-go/vuWeOo2TSn2EYdluvehyRw,willoughby-ohio
https://www.ubereats.com/cleveland/food-delivery/subway-33333-vine-st/64bcBhOeRQ6Gv3ZOTN2nBA,willoughby-ohio
https://www.ubereats.com/cleveland/food-delivery/papa-johns-pizza-5707-mayfield-rd/pXn7vH5pQDa8PSKEvy8kxg,willoughby-ohio
https://www.ubereats.com/cleveland/food-delivery/paladar-latin-kitchen-%26-rum-bar/JrIEehGXSkiUeyzIM1z5xg,willoughby-ohio
https://www.ubereats.com/cleveland/food-delivery/stadium-grill/ywoXf-GQT06ut27gsbavVA,willoughby-ohio
https://www.ubereats.com/cleveland/food-delivery/five-guys-oh-1722-9180-mentor-ave/KyxC8C6DSxGO5J4IAMYPvw,willoughby-ohio
https://www.ubereats.com/cleveland/food-delivery/cork-n-bottle/eU2IfUQhRRONna5hISQpEw,willoughby-ohio
https://www.ubereats.com/cleveland/food-delivery/lnsp-bar-%26-grill/d9xeoI7-RA6WDqQq9G7kTQ,willoughby-ohio
https://www.ubereats.com/cleveland/food-delivery/frank-%26-tonys-place/flnZJqScTlq9wlMLLY3lBQ,willoughby-ohio
https://www.ubereats.com/cleveland/food-delivery/arbys-2219-mentor-avenue/p5nhmOCiQhapPrYBNilEQg,willoughby-ohio
https://www.ubereats.com/cleveland/food-delivery/panera-204643/b_eQAbntSdOhcqS-3LLZIg,willoughby-ohio
https://www.ubereats.com/cleveland/food-delivery/jersey-mikes-209-center-street/dcHEgZmkTnmJ6mRyHEEJsQ,willoughby-ohio
https://www.ubereats.com/cleveland/food-delivery/chippers/w3KeFZdPSUOYzlCzoqClUg,willoughby-ohio
https://www.ubereats.com/cleveland/food-delivery/starbucks-mentor-mentor-ave-%26-chillicothe-rd/XIGNgTyWRbm1mHkfNyNH0Q,willoughby-ohio
https://www.ubereats.com/cleveland/food-delivery/dunkin-255-richmond-st/8QZRs3jUR4WbRvKfBNGh5w,willoughby-ohio
https://www.ubereats.com/cleveland/food-delivery/bomba-tacos/E1C8_aTQRM-L4DftSu-d1g,willoughby-ohio
https://www.ubereats.com/cleveland/food-delivery/jalapeno-loco/7BNxDuM6RTuQkBl6-gPIuw,willoughby-ohio
https://www.ubereats.com/cleveland/food-delivery/mrhero/Y6URFsZpQeSt9xIb1ZUcMA,willoughby-ohio
https://www.ubereats.com/cleveland/food-delivery/best-gyros-mayfield-heights/xZ2IKL39SGmvFj8Q8gZY-w,willoughby-ohio
https://www.ubereats.com/cleveland/food-delivery/panda-chinese-restaurant/GMCaTPilQLGXww6R-W-GkA,willoughby-ohio
https://www.ubereats.com/cleveland/food-delivery/pizza-rx/Ybv7smOtRkSusSiDmEAeQw,willoughby-ohio
https://www.ubereats.com/cleveland/food-delivery/ihop-euclid/5_QlpdxwQUeKTfBtUrniVQ,willoughby-ohio
https://www.ubereats.com/cleveland/food-delivery/angies-new-york-style-pizzeria/MpLs79RsR2SnPJSI_Bzgwg,willoughby-ohio
https://www.ubereats.com/cleveland/food-delivery/primozz-restaurant-and-pizzeria/tDktrbkjSreGdu32IQo8XA,willoughby-ohio
https://www.ubereats.com/cleveland/food-delivery/burger-king-4150-state-route-306/v36jHwWMQXy7SBO_M_PVig,willoughby-ohio
https://www.ubereats.com/cleveland/food-delivery/bumpers-bar-%26-grill/I5Is8vFpRa2V_YhRugODlA,willoughby-ohio
https://www.ubereats.com/cleveland/food-delivery/sports-fanatics/dAW53DreSg-3ywBHoph_BA,willoughby-ohio
https://www.ubereats.com/cleveland/food-delivery/smokey-bones-mentor/qWoGsHGVTP-ksqR4eXEJkQ,willoughby-ohio
https://www.ubereats.com/cleveland/food-delivery/wendys-32601-vine-st/KOkY3mdBSJOKp0AKQ0pB0A,willoughby-ohio
https://www.ubereats.com/cleveland/food-delivery/jets-pizza-willoughby/UgzhT4ciTbyrNuijlCbagA,willoughby-ohio
https://www.ubereats.com/cleveland/food-delivery/paragon/ildSnPKwTCqCfBADb5Uzag,willoughby-ohio
https://www.ubereats.com/cleveland/food-delivery/daves-cosmic-subs-mentor/po-Kq1fdTW-4MSahIW-LGg,willoughby-ohio
https://www.ubereats.com/cleveland/food-delivery/quaker-steak-%26-lube-7834-reynolds-road/1MmH7FawSHWL-ELrUG88Dw,willoughby-ohio
https://www.ubereats.com/cleveland/food-delivery/indian-kitchen/VOJorbTdTamTcC0YHjEBJg,willoughby-ohio
https://www.ubereats.com/cleveland/food-delivery/chipotle-mexican-grill-22250-lake-shore-blvd/p9WOrjO6TeGz27yM6bWQNg,willoughby-ohio
https://www.ubereats.com/cleveland/food-delivery/dairy-queen-treat-108-wilson-mills-rd/QsjQl2aVTzO687icaOTfEQ,willoughby-ohio
https://www.ubereats.com/cleveland/food-delivery/bjs-restaurant-%26-brewhouse-7880-mentor-ave/uJbiZHpTTN6RSbrIBpJUYg,willoughby-ohio
https://www.ubereats.com/cleveland/food-delivery/ruby-tuesday-9515-diamond-centre-drive/VBhQGCL6SLWvGB7zt2bEkw,willoughby-ohio
https://www.ubereats.com/cleveland/food-delivery/mcdonalds-vine-%26-lakeshore/q6j_1bimQ8e5cvEtO1SUnw,willoughby-ohio
https://www.ubereats.com/cleveland/food-delivery/the-burger-experience-7725-reynolds-road/WMELiZIBQpKHlrxzeFbsvw,willoughby-ohio
https://www.ubereats.com/cleveland/food-delivery/moes-southwest-grill-9710-mentor-avenue/2UMlrTEPTuSDXp46hI5hPA,willoughby-ohio
https://www.ubereats.com/cleveland/food-delivery/mcdonalds-andrews-%26-munson/hKj6lMa1QuaWB4q5k4jabA,willoughby-ohio
https://www.ubereats.com/cleveland/food-delivery/brim-kitchen-%26-brewery/ubP8ppcmSpmfe9BN7gU5BA,willoughby-ohio
https://www.ubereats.com/cleveland/food-delivery/red-robin-604-36565-euclid-ave/mSvd7U1OSLiHZGRn4djwBw,willoughby-ohio
https://www.ubereats.com/cleveland/food-delivery/pierogi-palace/dv9lbKRwTFm5Dn349WqxiA,willoughby-ohio
https://www.ubereats.com/cleveland/food-delivery/sunny-street-cafe/fGemVLLdQB2BG_BjZqFGIA,willoughby-ohio
https://www.ubereats.com/cleveland/food-delivery/charleys-philly-steaks-%26-wings-som-center/EzDg-NdJQj6YFNT_3cGoiA,willoughby-ohio
https://www.ubereats.com/cleveland/food-delivery/mr-hero/WMskHZ83RGy5rHE5vXS6sA,willoughby-ohio
https://www.ubereats.com/cleveland/food-delivery/georgios-oven-fresh-pizza-chesterland/LH3S1T4PQE-40BQIMex3kA,willoughby-ohio
https://www.ubereats.com/cleveland/food-delivery/paradise-biryani-pointe/NF_KrjObRQq8B8ED5isi2g,willoughby-ohio
https://www.ubereats.com/cleveland/food-delivery/dennys-7700-mentor-avenue/w4Im5ehxTIKw0IRf3AKEzg,willoughby-ohio
https://www.ubereats.com/cleveland/food-delivery/mcdonalds-mentor-%26-jackson/sZVq8vtJQiW9-38YBgxWfg,willoughby-ohio
https://www.ubereats.com/cleveland/food-delivery/hunan/EKE6fqL4SvqqSzAsuGIFXA,willoughby-ohio
https://www.ubereats.com/cleveland/food-delivery/master-pizza-eastlake/kfSJiJN4RJq7Qk4Zzk9Pog,willoughby-ohio
https://www.ubereats.com/cleveland/food-delivery/arbys-7719-lakeshore-blvd/uTWLFeD6TiCha7agVm4YYg,willoughby-ohio
https://www.ubereats.com/cleveland/food-delivery/brewsters/rq3IedTHSAewn2D39RIHMQ,willoughby-ohio
https://www.ubereats.com/cleveland/food-delivery/starbucks-willoughby-som-center/aV3jA2ISTNGafFMgMoz0Dg,willoughby-ohio
https://www.ubereats.com/cleveland/food-delivery/don-tequila-mentor/t3cUPoT5SoSFtfdpn2YuYg,willoughby-ohio
https://www.ubereats.com/cleveland/food-delivery/cocos-locos-euclid-ave/skT8GilFQguMpYOkqgPNMw,willoughby-ohio
https://www.ubereats.com/cleveland/food-delivery/sofull-bowl/U7PJom9tTXCW3RiwHWSkRw,willoughby-ohio
https://www.ubereats.com/cleveland/food-delivery/the-rustic-grill-at-stonewater/KyBNym12Rqmp_CTbiKjA2g,willoughby-ohio
https://www.ubereats.com/cleveland/food-delivery/mcdonalds-broadmoor-%26-i-90/l6LV1zhaQJ2K6fCcypbxEA,willoughby-ohio
https://www.ubereats.com/cleveland/food-delivery/harry-buffalo-highland/ZD19ic3eTNeuFtvI9Hzo9g,willoughby-ohio
https://www.ubereats.com/cleveland/food-delivery/san-francisco-stir-fry/Mg1qyp_qTPOK6QMQUdQLjg,willoughby-ohio
https://www.ubereats.com/cleveland/food-delivery/mamas-boy-bar-b-q/BwFK-9UCQr-wgCMo3S1FDQ,willoughby-ohio
https://www.ubereats.com/cleveland/food-delivery/mama-robertos/T5bPv786RoS0dXB9ZPY96Q,willoughby-ohio
https://www.ubereats.com/cleveland/food-delivery/wendys-5855-som-center/qTIEN5WCTxykEya_s6oAHA,willoughby-ohio
https://www.ubereats.com/cleveland/food-delivery/moes-southwest-grill-5920-mayfield-road/8s2ck-k6TtekhPFzUVoO0g,willoughby-ohio
https://www.ubereats.com/cleveland/food-delivery/cracker-barrel-old-country-store-6055-som-center-rd/nYsuZZecSX-BEGuaLZtfsg,willoughby-ohio
https://www.ubereats.com/cleveland/food-delivery/yes-its-fresh/AgqtZOWpSjek8x5Bjd-9aA,willoughby-ohio
https://www.ubereats.com/cleveland/food-delivery/mr-hero-robinhood-%26-euclid/ZlGfVsD2QkS_qpTav29sIQ,willoughby-ohio
https://www.ubereats.com/cleveland/food-delivery/mean-mugs-pub/xCPLobsBRKKescaARFBRkw,willoughby-ohio
https://www.ubereats.com/cleveland/food-delivery/tgi-fridays-1546-cleveland-mentor-oh/HS7NUfHbSb2NVyP9bCAS_Q,willoughby-ohio
https://www.ubereats.com/cleveland/food-delivery/thai-999-express/ZPHbdIASQJWNxZhGvyWrXA,willoughby-ohio
https://www.ubereats.com/cleveland/food-delivery/golden-dragon-restaurant-woks-%26-roll/oQv3osWHQMOpkPS-dgBGWw,willoughby-ohio
https://www.ubereats.com/cleveland/food-delivery/mr-hero/etxWkIHXQPW7Nslf29g-vA,willoughby-ohio
https://www.ubereats.com/cleveland/food-delivery/bakers-square-7800-plaza-blvd/A4wpbOj2RDeFawbd7e-I_A,willoughby-ohio
https://www.ubereats.com/cleveland/food-delivery/taco-bell-9500-diamond-centre-dr/ay2QuJPyTCuuWmEVYq38ng,willoughby-ohio
https://www.ubereats.com/cleveland/food-delivery/bob-evans-357-9235-mentor-avenue/RKe-YBHPQuOH9FWgYlBZuw,willoughby-ohio
https://www.ubereats.com/cleveland/food-delivery/two-bucks-eastlake/hhs8NxvySvi_EI0Gw4f8ag,willoughby-ohio
https://www.ubereats.com/cleveland/food-delivery/chuck-e-cheese-8000-plaza-blvd-unit-j/WOOyp-3AQoG_BJ_LG7JNxQ,willoughby-ohio
https://www.ubereats.com/cleveland/food-delivery/firehouse-subs-mentor-ave-%23803/OkGjMIXOTNain2fjisYcsA,willoughby-ohio
https://www.ubereats.com/cleveland/food-delivery/kfc-34400-euclid-avenue/1tO4GKbeRpGF91fyhOCDxg,willoughby-ohio
https://www.ubereats.com/cleveland/food-delivery/wendys-1374-som-center/6uw1waw6TP-xJL0gRjV9Sg,willoughby-ohio
https://www.ubereats.com/cleveland/food-delivery/victory-bistro-ultra-lounge/R67bTbXbR3SaFrC7krGGrg,willoughby-ohio
https://www.ubereats.com/cleveland/food-delivery/guilio-bonazza-pizzeria/EnKbZLaDT82-452O4nsceQ,willoughby-ohio
https://www.ubereats.com/cleveland/food-delivery/kfc-200-richmond-street/f8znzcdPTdeStIfBuUr5sg,willoughby-ohio
https://www.ubereats.com/cleveland/food-delivery/dennys-34725-euclid-avenue/C8OA492rRkiCj2mJPZCTGg,willoughby-ohio
https://www.ubereats.com/cleveland/food-delivery/pasquallys-pizza-%26-wings-8000-plaza-blvd-unit-j/ScLHEJWAQq6-wUfgWjlYvA,willoughby-ohio
https://www.ubereats.com/cleveland/food-delivery/cafe-europa-and-bistro/TQJSRUjVT4GyHm3F3uR_vw,willoughby-ohio
https://www.ubereats.com/cleveland/food-delivery/ginger-sushi-buritto-%26-hibachi/S39P_BkwSMOBxFKijdjbwQ,willoughby-ohio
https://www.ubereats.com/cleveland/food-delivery/fox-%26-hound-1479-som-center-road/cLC2rJeTS1KN5cpDYYXAIA,willoughby-ohio
https://www.ubereats.com/cleveland/food-delivery/chipotle-mexican-grill-7689-crile-rd/vbI0UCieR-mZRGsl3f-ObQ,willoughby-ohio
https://www.ubereats.com/cleveland/food-delivery/mcdonalds-bishop-%26-chardon/dT9dqtmmTROkdzASVcOSzg,willoughby-ohio
https://www.ubereats.com/cleveland/food-delivery/chipotle-mexican-grill-9188-mentor-ave/VSLQAUoORi6WcnTIxjFvaQ,willoughby-ohio
https://www.ubereats.com/cleveland/food-delivery/panda-express-9184-mentor-ave/U5Y2TS5SSg22fL7ntVVJsA,willoughby-ohio
https://www.ubereats.com/cleveland/food-delivery/andersons-sports-hub/Pa74ZpXrQKiMB0DVDYz1ZA,willoughby-ohio
https://www.ubereats.com/cleveland/food-delivery/subway-5900-som-center-rd/FAofSP_QQaO3PBNGVtTbfQ,willoughby-ohio
https://www.ubereats.com/cleveland/food-delivery/alfredos-at-the-inn-italian-restaurant/kTrJU8oZR6aBeZjoYp2Fsg,willoughby-ohio
https://www.ubereats.com/cleveland/food-delivery/js-pizza-market/6Q3DVpa6Q1mVpP1YjhgwzA,willoughby-ohio
https://www.ubereats.com/cleveland/food-delivery/mcdonalds-reynolds-%26-palisades/Zn1fC9R9S9OjZAJUysMqKQ,willoughby-ohio
https://www.ubereats.com/cleveland/food-delivery/severinos-restaurant-%26-lounge/7yJCuiXaS2KepeozyPev2A,willoughby-ohio
https://www.ubereats.com/cleveland/food-delivery/the-original-pancake-house-28700-chagrin-blvd/-soWtPn1RYmnRai6I-L1hA,willoughby-ohio
https://www.ubereats.com/cleveland/food-delivery/peking-chinese-restaurant/5Qwu9jA8TlOzhEwmNWWQ7g,willoughby-ohio
https://www.ubereats.com/cleveland/food-delivery/moes-southwest-grill-7585-7601-mentor-avenue/Dy4fgyQvRiqFlkuUESDX8A,willoughby-ohio
https://www.ubereats.com/cleveland/food-delivery/melt-bar-%26-grilled-mentor-ave/gLTWkJfcTPm_y3sD8di7yA,willoughby-ohio
https://www.ubereats.com/cleveland/food-delivery/steak-n-shake-9530-diamond-center-drive/TKWJI5toSompv-bf_IErzw,willoughby-ohio
https://www.ubereats.com/cleveland/food-delivery/honeybaked-ham-35101-euclid-ave/516CkS-4Sc6VBWWRozwAfA,willoughby-ohio
https://www.ubereats.com/cleveland/food-delivery/chipotle-mexican-grill-6717-eastgate-dr/uG8RfajTTHSYVc3fWpRxwA,willoughby-ohio
https://www.ubereats.com/cleveland/food-delivery/billys-a-cappelli-martini-bar/dvkdTSBGQ-Od69n_X7Prgg,willoughby-ohio
https://www.ubereats.com/cleveland/food-delivery/auntie-annes-at-great-lakes-mall-7850-mentor-ave-spc-k-105/lpYlZ8C1QRyw4xcnEq1eyA,willoughby-ohio
https://www.ubereats.com/cleveland/food-delivery/firehouse-subs-willoughby-commons-%231690/QO-PjKxzSLeLb6xBj5bX_g,willoughby-ohio
https://www.ubereats.com/cleveland/food-delivery/taco-bell-7753-mentor-avenue/d7wzXvd6SrG1-Rdy-MT88g,willoughby-ohio
https://www.ubereats.com/cleveland/food-delivery/corduroys/WPGGYQkxSU2YJSLWLIju3Q,willoughby-ohio
https://www.ubereats.com/cleveland/food-delivery/pulp-juice-and-smoothie-bar-euclid/-vXR33lEQb-kxH_YsxPjhA,willoughby-ohio
https://www.ubereats.com/cleveland/food-delivery/taco-bell-8351-tyler-blvd/QYR3Hdw8SY6w0qJPOqmoww,willoughby-ohio
https://www.ubereats.com/cleveland/food-delivery/manhattan-deli/G7GDVZa7RBq3BQH-fgG_Ww,willoughby-ohio
https://www.ubereats.com/cleveland/food-delivery/mr-hero-richmond-st/SzUfuW0XQr-IOQZrgxb3Rw,willoughby-ohio
https://www.ubereats.com/cleveland/food-delivery/taco-bell-5855-mayfield-road/hZwgIXBTQ4m02EzKXyzQYQ,willoughby-ohio
https://www.ubereats.com/cleveland/food-delivery/dennys-6207-wilson-mills-rd/9hvJMC5YSwenFLDE69RBWw,willoughby-ohio
https://www.ubereats.com/cleveland/food-delivery/fried-rice-hibachi-2-go/DXsbovfPSXS3BH1WhnOBfg,willoughby-ohio
https://www.ubereats.com/cleveland/food-delivery/corbos-pasta-and-pizza-house/YiTuhTCCQtmXKR9UpXVtoA,willoughby-ohio
https://www.ubereats.com/cleveland/food-delivery/papa-johns-pizza-65-w-walnut-ave/QSbjCxB7TEmskoorGaf2Bw,willoughby-ohio
https://www.ubereats.com/cleveland/food-delivery/the-wild-goose-erie-%26-spaulding/vtXR2kBWSXOFk5qd22-TfQ,willoughby-ohio
https://www.ubereats.com/cleveland/food-delivery/krispy-krunchy-chicken/ALy3tg1kRfaTSnnTb5MBGA,willoughby-ohio
https://www.ubereats.com/cleveland/food-delivery/zoup!-eatery-7327-mentor-ave/R8mXFzDpRVOaY6ltyxc4Lg,willoughby-ohio
https://www.ubereats.com/cleveland/food-delivery/boston-market-9361-mentor-avenue/_p6c6loVTM6rxKzyx3BK8Q,willoughby-ohio
https://www.ubereats.com/cleveland/food-delivery/red-lobster-7744-reynolds-rd/PhtOTw7PTvuxf2F5ycewwQ,willoughby-ohio
https://www.ubereats.com/cleveland/food-delivery/don-tequila-east-lake/MyZMlRfdQ5qVcbQJrct7Kg,willoughby-ohio
https://www.ubereats.com/cleveland/food-delivery/skye-bistro/3NONrkc1R5CcQeoglLRTYQ,willoughby-ohio
https://www.ubereats.com/cleveland/food-delivery/mr-hero-mentor-%26-dartmoor/gHAsFVbGR62FIvXd1JePWg,willoughby-ohio
https://www.ubereats.com/cleveland/food-delivery/burgerim/6MRZ3ehCTmquLK3RgwlU6g,willoughby-ohio
https://www.ubereats.com/cleveland/food-delivery/dubrovnik-garden-restaurant/SEClQCLpQ1OTtsxsjrWAtw,willoughby-ohio
https://www.ubereats.com/cleveland/food-delivery/smoke-bbq-grill/2jQBPNbwSXyWaRYa3IfJhg,willoughby-ohio
https://www.ubereats.com/cleveland/food-delivery/subway-37812-vine-st/YXIQAOfRTrWHE0HvzAvDhg,willoughby-ohio
https://www.ubereats.com/cleveland/food-delivery/the-cabin-of-willowick/YtX-jYHxQa6TlvNB7h6yfg,willoughby-ohio
https://www.ubereats.com/cleveland/food-delivery/fuji-buffet-%26-grill/selEsvQOSGKllCpC01X8pA,willoughby-ohio
https://www.ubereats.com/cleveland/food-delivery/first-watch-mayfield-heights/ZSTkF0ABRbSqyBgEfSsnLA,willoughby-ohio
https://www.ubereats.com/cleveland/food-delivery/dairy-queen-grill-%26-chill-34600-euclid-ave/x8GHaF4nT9qUNwF8KFhPIA,willoughby-ohio
https://www.ubereats.com/cleveland/food-delivery/green-lake/8BJ7sw2gTRyt4bJ6E53npg,willoughby-ohio
https://www.ubereats.com/cleveland/food-delivery/papa-johns-pizza-34804-euclid-ave/FbxbiJtBTrmYHANMHKlW9w,willoughby-ohio
https://www.ubereats.com/cleveland/food-delivery/la-mexicana-cantina-and-grill/Btnahkk2RM-HnSktosklyA,willoughby-ohio
https://www.ubereats.com/cleveland/food-delivery/daves-cosmic-subs-willoughby/axdPN0HnSF2O7aTjQ484NQ,willoughby-ohio
https://www.ubereats.com/cleveland/food-delivery/starbucks-mentor-reynolds-%26-tyler/fAYUGnrrTrG8b-9ULW1PuA,willoughby-ohio
https://www.ubereats.com/cleveland/food-delivery/chagrin-river-diner/iETlE5YsTYm8PIB1RkmVdQ,willoughby-ohio
https://www.ubereats.com/cleveland/food-delivery/dairy-queen-grill-%26-chill-8787-mentor-ave/SMJPoCRmSJelkHYk9sr74Q,willoughby-ohio
https://www.ubereats.com/cleveland/food-delivery/taco-vago/cn_97q5rSqurPSN05u0rdg,willoughby-ohio
https://www.ubereats.com/cleveland/food-delivery/sonic-5836-mayfield-road/TTjUG9PtQUGM009MlJ67Lg,willoughby-ohio
https://www.ubereats.com/cleveland/food-delivery/bob-evans-584-295-meadowlands-drive/MwymY2ZET5OGweMIe9O8kw,willoughby-ohio
https://www.ubereats.com/cleveland/food-delivery/five-guys-oh-0396-1237-som-center-rd/QXQqhDBISvOs7SCWRKmViQ,willoughby-ohio
https://www.ubereats.com/cleveland/food-delivery/otani-japanese-restaurant/gDENbH6QRFCBsh_8KwBlHA,willoughby-ohio
https://www.ubereats.com/cleveland/food-delivery/wendys-7635-mentor-ave/fOhQ-jdaS6uVJppC7ORiQA,willoughby-ohio
https://www.ubereats.com/cleveland/food-delivery/subcity-lakeshore-blvd/V50F93jBQMWSGVdynj1XOA,willoughby-ohio
https://www.ubereats.com/cleveland/food-delivery/chipotle-mexican-grill-6267-wilson-mills-rd-unit-a/RYPZ6IcqTGC0IQhPPa3l5A,willoughby-ohio
https://www.ubereats.com/cleveland/food-delivery/jersey-mikes-subs-wilson-mills/ihHagAqJQ32swrX02uvmJQ,willoughby-ohio
https://www.ubereats.com/cleveland/food-delivery/peties-family-restaurant/j6UmAXVPSGmrUKEoeWA9_g,willoughby-ohio
https://www.ubereats.com/cleveland/food-delivery/imperial-dragon/LmAGQtMGRcqybMwH17oSvA,willoughby-ohio
https://www.ubereats.com/cleveland/food-delivery/craggy-boglands/shv94S_pTcSNZfweR7BhBg,willoughby-ohio
https://www.ubereats.com/cleveland/food-delivery/fionas-coffee-bar-and-bakery/KioA-VdVQYyLOsfdkvAKMQ,willoughby-ohio
https://www.ubereats.com/cleveland/food-delivery/davis-bakery-and-delicatessen/fde-QkayRQSH0kEal1kxAw,willoughby-ohio
https://www.ubereats.com/cleveland/food-delivery/urban-soul-grille/f6OFah3ZR5GfPMmlAIraIQ,willoughby-ohio
https://www.ubereats.com/cleveland/food-delivery/sidewalk-cafe-painesville/V-55RJ7CQySu2TgqvjCk3Q,willoughby-ohio
https://www.ubereats.com/cleveland/food-delivery/best-pizza-%26-sandwiches/BPQl4o1jTum7pBkTtCPRXg,willoughby-ohio
https://www.ubereats.com/cleveland/food-delivery/flavor-on-the-vine/ZG3iH5MbSEOmRwP8cMRkmw,willoughby-ohio
https://www.ubereats.com/cleveland/food-delivery/kfc-26021-euclid-avenue/E6a-_CgXREqJnQRyUofCQA,willoughby-ohio
https://www.ubereats.com/cleveland/food-delivery/dunkin-2801-bishop-rd/v5ZnimRcSfyYXiHiKyqElg,willoughby-ohio
https://www.ubereats.com/cleveland/food-delivery/arbys-5993-mayfield-rd/87MSBnGdTjWOx5TUPt2_cQ,willoughby-ohio
https://www.ubereats.com/cleveland/food-delivery/chipotle-mexican-grill-7851-reynolds-rd/sbexkAO8QISVpDS6L5NWqA,willoughby-ohio
https://www.ubereats.com/cleveland/food-delivery/its-diner/aIkFWlevQ8CIKNiHyx09cw,willoughby-ohio
https://www.ubereats.com/cleveland/food-delivery/kevantes-restaurant-%26-lounge/NT7Nb7kRSbSjGQoPeAbJYA,willoughby-ohio
https://www.ubereats.com/cleveland/food-delivery/kfc-7843-munson-road/FlWNw9TSS3iNGIVnN7DvZQ,willoughby-ohio
https://www.ubereats.com/cleveland/food-delivery/ichiraku-japanese-noodle-shop-ramen-%26-bubble-tea/qGyz0EGdRlKBPNqO49Pz4g,willoughby-ohio
https://www.ubereats.com/cleveland/food-delivery/perkins-700-mentor-avenue/tp1_6MEGTq6xScRwiSu0NA,willoughby-ohio
https://www.ubereats.com/cleveland/food-delivery/rise-and-shine-eatery/AhZMM1AXTKumO5J62ZpJww,willoughby-ohio
https://www.ubereats.com/cleveland/food-delivery/texas-de-brazil-woodmere/SSsviRT-SAeoJ01hmPnNOg,willoughby-ohio
https://www.ubereats.com/cleveland/food-delivery/slymans-mentor/2QQaPs_FSU6zESjeX09dJg,willoughby-ohio
https://www.ubereats.com/cleveland/food-delivery/bob-evans-113-34760-maplegrove-road/T6MICfu7TuGTbar9qeie_w,willoughby-ohio
https://www.ubereats.com/cleveland/food-delivery/outback-steakhouse-7785-plaza-bkvd/EYS9QHpBSQmk2jWfnVrRFg,willoughby-ohio
https://www.ubereats.com/cleveland/food-delivery/bob-evans-15-7680-reynolds-road/n08YRrtLSdiDq6KGtmlsmQ,willoughby-ohio
https://www.ubereats.com/cleveland/food-delivery/pulp-juice-and-smoothie-bar/0h-pzmX1SF6rjjkM9RZ4vQ,willoughby-ohio
https://www.ubereats.com/cleveland/food-delivery/tommy-vs-pastaria/EOdasS8MSyS5kDADreAfGg,willoughby-ohio
https://www.ubereats.com/cleveland/food-delivery/arbys-31219-vine-st/_JDanqjWQAGM7YD-tuw6vQ,willoughby-ohio
https://www.ubereats.com/cleveland/food-delivery/el-taco-macho/oQd509cORb-2NqET1nmukA,willoughby-ohio
https://www.ubereats.com/cleveland/food-delivery/noras-public-house/aNByVqSwTWqwJpsIvKNAWA,willoughby-ohio
https://www.ubereats.com/cleveland/food-delivery/verdis-italian-market/m1BwhYCwT7S6-0kQsKsp9g,willoughby-ohio
https://www.ubereats.com/cleveland/food-delivery/hibachi-steakhouse/wv5V61yoTwaKrvbDCBkQWg,willoughby-ohio
https://www.ubereats.com/cleveland/food-delivery/mama-primozz-pizzeria/ofpBMtTFRGaM4_3C1ftPOw,willoughby-ohio
https://www.ubereats.com/cleveland/food-delivery/burntwood-tavern-lyndhurst/P7CHGDkpS8CdJxJDErJ45w,willoughby-ohio
https://www.ubereats.com/cleveland/food-delivery/pizza-bella/BoBOvRB8TJuTxVStVoXpkA,willoughby-ohio
https://www.ubereats.com/cleveland/food-delivery/casa-agave-mexican-cuisine/1Cf38hKwQGmIY6BBzhIhrA,willoughby-ohio
https://www.ubereats.com/cleveland/food-delivery/arbys-7690-mentor-ave/n1K5EWaiQQ2ON0ypbSmLWQ,willoughby-ohio
https://www.ubereats.com/cleveland/food-delivery/chipotle-mexican-grill-7-w-jackson-st/feu10zIKSjei_N8RdqrBOA,willoughby-ohio
https://www.ubereats.com/cleveland/food-delivery/bottom-dog-fusion-grill/n1nLuK9PQhCgwh5OMZMHhA,willoughby-ohio
https://www.ubereats.com/cleveland/food-delivery/dunkin-5790-mayfield-rd/UJDQxM8KRfiPBco6akLBmQ,willoughby-ohio
https://www.ubereats.com/cleveland/food-delivery/krack-of-dawn-restaurant-chardon-rd/KK6OIGuHS-qFWpypksN_Ug,willoughby-ohio
https://www.ubereats.com/cleveland/food-delivery/taco-bell-35020-euclid-ave/o3QwwCHHS3SNUKJoKnazRA,willoughby-ohio
https://www.ubereats.com/cleveland/food-delivery/burger-king-5021-s-o-m-center-road/tTRTAkWORjmYWSMx74-ziQ,willoughby-ohio
https://www.ubereats.com/cleveland/food-delivery/pizzeria-forno/tOaQUgaFQ5CAoI_pDfhL0Q,willoughby-ohio
https://www.ubereats.com/cleveland/food-delivery/dickeys-barbecue-restaurants-inc-9434-mentor-avenue/ZlZ5J9H_SU62GXSzKQeyzw,willoughby-ohio
https://www.ubereats.com/cleveland/food-delivery/happy-moose/VtaVW6XtS5asBEsePnsdZQ,willoughby-ohio
https://www.ubereats.com/cleveland/food-delivery/mcdonalds-lakeshore-%26-forest/yTswxh2xSPitG9l3tQpZ1g,willoughby-ohio
https://www.ubereats.com/cleveland/food-delivery/kuhars-carryout/B2B11ZXSTG2Ju1aRC114sw,willoughby-ohio
https://www.ubereats.com/cleveland/food-delivery/the-kitchen/yH8AIGcKSTq86OcFgdLD5w,willoughby-ohio
https://www.ubereats.com/cleveland/food-delivery/paninis-bar-and-grill/GZjPq5NwQ1S9q_EpvtIbqw,willoughby-ohio
https://www.ubereats.com/cleveland/food-delivery/the-kitchen/Q9a9NdVBTguQViwmNllISQ,willoughby-ohio
https://www.ubereats.com/cleveland/food-delivery/ballantine/PZbD-EGnSBaYooRufHEDhg,willoughby-ohio
https://www.ubereats.com/cleveland/food-delivery/molinaris/-rqfQDZMQLm55th8y3YZzg,willoughby-ohio
https://www.ubereats.com/cleveland/food-delivery/taco-bell-100-richmond-st/r2BEwg8gQ7ys0F6qrMKyZg,willoughby-ohio
https://www.ubereats.com/cleveland/food-delivery/chick-fil-a-35441-euclid-ave/SByCl-hcS0mKBAgVNDtXNA,willoughby-ohio
https://www.ubereats.com/cleveland/food-delivery/tjs-on-the-avenue/HBm0cY6HSBOlkmOGtBT29Q,willoughby-ohio
https://www.ubereats.com/cleveland/food-delivery/papa-johns-pizza-6289-reynolds-road/jKU_6v_4QHWGvdf8eETr7g,willoughby-ohio
https://www.ubereats.com/cleveland/food-delivery/willoughby-brewing-company/MLCDx3Q5QvmNroj6sn9N0Q,willoughby-ohio
https://www.ubereats.com/cleveland/food-delivery/jersey-mikes-36295-euclid-avenue/FVSLlgwqQdOe6eZJ4C_aMQ,willoughby-ohio
