url,city
https://www.ubereats.com/chicago/food-delivery/dunkin-6144-s-harlem-ave/_1g7n-d_T9eGZs-zwA1MCg,willow-springs-illinois
https://www.ubereats.com/chicago/food-delivery/dunkin-10301-central-ave/MtTKCB5rSz62391E03gydQ,willow-springs-illinois
https://www.ubereats.com/chicago/food-delivery/xelva-mayan-kitchen/TGKlGcL5RcO4REtmbQ_xUg,willow-springs-illinois
https://www.ubereats.com/chicago/food-delivery/cozzi-corner-hot-dogs-beef-%26-catering/W8daFSo-S36_JRtLXBZHOA,willow-springs-illinois
https://www.ubereats.com/chicago/food-delivery/capri/wmrMYjdKRF-tmcJs_E7LvQ,willow-springs-illinois
https://www.ubereats.com/chicago/food-delivery/subway-95th-%26-ridgeland/7qh4DmbhSJ-k0jkESy9V6w,willow-springs-illinois
https://www.ubereats.com/chicago/food-delivery/honey-fluff-donuts/DVdKZWwLTmmiDRmUMqa1kA,willow-springs-illinois
https://www.ubereats.com/chicago/food-delivery/tasty-deli/SQdxptDLTLWBPhN5yeTPdg,willow-springs-illinois
https://www.ubereats.com/chicago/food-delivery/kabob-q/JRxi0jOjTIS1N4YMp1pvxg,willow-springs-illinois
https://www.ubereats.com/chicago/food-delivery/jj-fish-and-chicken-88th-ave/h9cdbLhNTsO1BGtm_WFtvg,willow-springs-illinois
https://www.ubereats.com/chicago/food-delivery/rosatis-pizza-woodridge/sePZvq94TViGMvPBP8JYGQ,willow-springs-illinois
https://www.ubereats.com/chicago/food-delivery/potbelly-sandwich-shop-ford-city-mall-%7C-67/6rO9KaCtQKag7piIOKwLGw,willow-springs-illinois
https://www.ubereats.com/chicago/food-delivery/zarb-house/R6CgmSSQT--ND3nRgIt_-g,willow-springs-illinois
https://www.ubereats.com/chicago/food-delivery/five-guys-il-0575-340-ogden-ave/B7oICECzTi6QiCTbiRFTVA,willow-springs-illinois
https://www.ubereats.com/chicago/food-delivery/five-guys-il-0548-9620-s-ridgeland-ave/mMmShk9kSXyUFE20yFMg2A,willow-springs-illinois
https://www.ubereats.com/chicago/food-delivery/taste-indian-chinese-cuisine/F9z4mgIGQiCJKGqHqlJ1MA,willow-springs-illinois
https://www.ubereats.com/chicago/food-delivery/tavern-on-la-grange/tzNU3hKwR_Omi1UsLqb1UA,willow-springs-illinois
https://www.ubereats.com/chicago/food-delivery/trianos-pizza/Fo99mHw2Ti68O_iIWTIzcw,willow-springs-illinois
https://www.ubereats.com/chicago/food-delivery/my-way-ristorante/NVdHbJemR8OGFz0WM6peww,willow-springs-illinois
https://www.ubereats.com/chicago/food-delivery/jalisco-express-restaurant-burbank/zDHflz7STHGBUa0Iyzke8Q,willow-springs-illinois
https://www.ubereats.com/chicago/food-delivery/rudys-grill/-LjUbsR6QcG7E7rRzOeqmA,willow-springs-illinois
https://www.ubereats.com/chicago/food-delivery/mcdonalds-95th-st-%26-i-294/pK92VGl3R32Drqy0-Ie7mg,willow-springs-illinois
https://www.ubereats.com/chicago/food-delivery/bills-place/YaSM1zMLQWKhLRNasT03HA,willow-springs-illinois
https://www.ubereats.com/chicago/food-delivery/chipotle-mexican-grill-8813-s-harlem-ave/26rErlefRESfSNA1hWCJGA,willow-springs-illinois
https://www.ubereats.com/chicago/food-delivery/the-fremont-bar-and-grill/xubDDutZQEygTKmRibMw8Q,willow-springs-illinois
https://www.ubereats.com/chicago/food-delivery/taco-bell-5611-s-la-grange-rd/O_3piasVRdOquV6giGMLvQ,willow-springs-illinois
https://www.ubereats.com/chicago/food-delivery/tacos-n-tarka-tnt/vaU8kEFGTh-O9EKsgIT6-A,willow-springs-illinois
https://www.ubereats.com/chicago/food-delivery/crispy-bitez/rqB5TcUFQFCX5yq71Pb1zA,willow-springs-illinois
https://www.ubereats.com/chicago/food-delivery/new-china-express-cicero-ave/dAqM62ufQ52HwthbCUfXXw,willow-springs-illinois
https://www.ubereats.com/chicago/food-delivery/los-burritos-tapatios-westmont/MD8ruDZAQaCT4V7PF_TpGQ,willow-springs-illinois
https://www.ubereats.com/chicago/food-delivery/burger-king-7205-archer-avenue/ZVcXGplAST2OPAHHptvFaQ,willow-springs-illinois
https://www.ubereats.com/chicago/food-delivery/starbucks-lyons-ogden-%26-first/Aa6SLrFWTsO9C_bRpeHhpw,willow-springs-illinois
https://www.ubereats.com/chicago/food-delivery/pepes-woodridge-il/Y6RW-R26SkeahKpUSyeQOg,willow-springs-illinois
https://www.ubereats.com/chicago/food-delivery/dunkin-121-w-ogden-ave/ajUIrtrtS2u4O5j_LWzBbw,willow-springs-illinois
https://www.ubereats.com/chicago/food-delivery/mcdonalds-9101-s-kingery-highway/cxnI-_zRTCmE5aZh0nlxFg,willow-springs-illinois
https://www.ubereats.com/chicago/food-delivery/pops-italian-beef/3seBNET-QWGB5Nhs7Q09pQ,willow-springs-illinois
https://www.ubereats.com/chicago/food-delivery/chucks-southern-comforts-cafe/4RVPrC7NQKSECrLySEZhGg,willow-springs-illinois
https://www.ubereats.com/chicago/food-delivery/taco-bell-7451-lemont-rd/4OBSDfhTQdi7h06r1TAWHA,willow-springs-illinois
https://www.ubereats.com/chicago/food-delivery/taco-bell-8760-w-95th-street/Rx01zh6jSFiWeIH-KvSnwg,willow-springs-illinois
https://www.ubereats.com/chicago/food-delivery/zazas/47-v5gu2S1uP3BSsCgDkYQ,willow-springs-illinois
https://www.ubereats.com/chicago/food-delivery/shish-kabob-house/OnmMtHbCQi6M2qAx5Bx--w,willow-springs-illinois
https://www.ubereats.com/chicago/food-delivery/fuller-house-bar/u00FtmlHSkON3RCnVkuHnQ,willow-springs-illinois
https://www.ubereats.com/chicago/food-delivery/buona-darien/HvuE4zjIS1CCW_IfLxCVZw,willow-springs-illinois
https://www.ubereats.com/chicago/food-delivery/maries/0ROEHBY5TeuHsnFsZbuoyA,willow-springs-illinois
https://www.ubereats.com/chicago/food-delivery/were-nuts/FbLHjhcjSZKeh-VKDYPsNw,willow-springs-illinois
https://www.ubereats.com/chicago/food-delivery/highlander-house-restaurant-%26-bar/-EcVEckpTruBnTNaApMy4g,willow-springs-illinois
https://www.ubereats.com/chicago/food-delivery/sbarro-356-orland-square-mall-food-court/6TUj2UvRRfiZaRagqhaUig,willow-springs-illinois
https://www.ubereats.com/chicago/food-delivery/blue-star-tacos/IWgXSVGNR7WNkNti4nktNA,willow-springs-illinois
https://www.ubereats.com/chicago/food-delivery/zoup!-1001-west-75th-street/vu36tcizR0a0d6R1rPbQCA,willow-springs-illinois
https://www.ubereats.com/chicago/food-delivery/tgi-fridays-2670-darien-il/ehOv0IQtQReUgT3WafeO8A,willow-springs-illinois
https://www.ubereats.com/chicago/food-delivery/white-castle-6059-s-lagrange-rd/5mnwchIrQROuVfcDhh7LZA,willow-springs-illinois
https://www.ubereats.com/chicago/food-delivery/wendys-7100-kingery-rd/u_piKav7TEWouLaSaD32qQ,willow-springs-illinois
https://www.ubereats.com/chicago/food-delivery/del-carmen-restaurant-chicago/ecc0cbKDQ3magfTpWgHjMg,willow-springs-illinois
https://www.ubereats.com/chicago/food-delivery/mcdonalds-pulaski-%26-67th-pl/UoczOtekRmKPYCEAgr1-nQ,willow-springs-illinois
https://www.ubereats.com/chicago/food-delivery/la-mia-vita/kQ2ohh4ZQc2ncXwZvvEw9A,willow-springs-illinois
https://www.ubereats.com/chicago/food-delivery/chiba-japanese/za-rCerER_6WRi_8jZ5SfQ,willow-springs-illinois
https://www.ubereats.com/chicago/food-delivery/aurelios-pizza-la-grange-%26-calendar/0_6Ks9D0Q_i_vQOju68jUw,willow-springs-illinois
https://www.ubereats.com/chicago/food-delivery/just-us-sports-bar-and-grill/xxENopAmSCaZFos4b0ZYrQ,willow-springs-illinois
https://www.ubereats.com/chicago/food-delivery/francescas-at-the-promenade/Y-sKbw5YSCW68yRGUoTZxQ,willow-springs-illinois
https://www.ubereats.com/chicago/food-delivery/los-primos-sazon/l771g_jVRVudBBeOBpCRfg,willow-springs-illinois
https://www.ubereats.com/chicago/food-delivery/lucky-dragon/SbcGz6s_S6eRT3hm1kmJvw,willow-springs-illinois
https://www.ubereats.com/chicago/food-delivery/mcdonalds-harlem-%26-77th-st/0jh838ToRQeREUzo-SM-fw,willow-springs-illinois
https://www.ubereats.com/chicago/food-delivery/cholula-mexican-grill/N5tXzrAdSSCQ5S7uDpgJSQ,willow-springs-illinois
https://www.ubereats.com/chicago/food-delivery/salernos-pizzeria-and-sports-bar-hodgkins/D5YwWsctSjGWteD-FIIqhA,willow-springs-illinois
https://www.ubereats.com/chicago/food-delivery/dunkin-8723-ridgeland-ave/IfjPxutXSF6-1QXq7kVS-w,willow-springs-illinois
https://www.ubereats.com/chicago/food-delivery/old-town-pour-house-oak-brook/BGZTNaroQwukePwE0w3iCw,willow-springs-illinois
https://www.ubereats.com/chicago/food-delivery/el-pollo-real/6qcTq70jS_WGsR2qlSHeLQ,willow-springs-illinois
https://www.ubereats.com/chicago/food-delivery/barrel-house-social/JXB_0b9QQsKkfmJ06c7obA,willow-springs-illinois
https://www.ubereats.com/chicago/food-delivery/fulla-mediterranean/W6ESiwCETNSPmFoS-SKKBg,willow-springs-illinois
https://www.ubereats.com/chicago/food-delivery/francescas-on-95th/pTCx1F5NSBqNHHYlswx-Tw,willow-springs-illinois
https://www.ubereats.com/chicago/food-delivery/saffron-of-westmont/CwmZag9iQ9Od-RoOO-JQJw,willow-springs-illinois
https://www.ubereats.com/chicago/food-delivery/lindys-chili-%26-gerties-ice-cream-87th/N2RRpDkeTtK2GPYUz_TXxw,willow-springs-illinois
https://www.ubereats.com/chicago/food-delivery/sharks-fish-%26-chicken-87th-%26-cicero/LdVss9pyQpiY7mboHQOv3Q,willow-springs-illinois
https://www.ubereats.com/chicago/food-delivery/zaky-grill/fxMVgHwQS6u63QYFNDNxxg,willow-springs-illinois
https://www.ubereats.com/chicago/food-delivery/slice-factory-ogden-%26-clinton/rRaZd4YYRzaNJ1zx6ZaWWA,willow-springs-illinois
https://www.ubereats.com/chicago/food-delivery/villa-rosa-pizza/ybndtVarTH23e9w9KYu1Tw,willow-springs-illinois
https://www.ubereats.com/chicago/food-delivery/halal-guys-la-grange-rd/yphU_NoUSFuu2a_-j-ue8Q,willow-springs-illinois
https://www.ubereats.com/chicago/food-delivery/panda-express-5800-tri-state-tollway/VKh-m8C8Tv2sH2Uk-O1unw,willow-springs-illinois
https://www.ubereats.com/chicago/food-delivery/the-original-pancake-house-15256-s-la-grange-rd/9xYnWjO7QDSHlRP7t8_Hqw,willow-springs-illinois
https://www.ubereats.com/chicago/food-delivery/outback-steakhouse-15608-harlem-avenue/e-kWyzlxS-C4YxyL9fZrAA,willow-springs-illinois
https://www.ubereats.com/chicago/food-delivery/taco-bell-3063-s-wolf-rd/PZw9dJxGQLCRC1_u44aXLA,willow-springs-illinois
https://www.ubereats.com/chicago/food-delivery/starbucks-willowbrook-rte-83-%26-plainfield/UlO45HaKQoKMwgTQPT7T6Q,willow-springs-illinois
https://www.ubereats.com/chicago/food-delivery/vip-pita/gmRkZ8EdTPKBaLxoMN7pFA,willow-springs-illinois
https://www.ubereats.com/chicago/food-delivery/pita-pita-mediterranean-orland-park/JZ6OYIlkSpmUxt3MO_ABxA,willow-springs-illinois
https://www.ubereats.com/chicago/food-delivery/la-ola-del-mar/LCOT7vOiRkW6l4J0shx88A,willow-springs-illinois
https://www.ubereats.com/chicago/food-delivery/la-estancia-inc/RVTHV8Z8RreFBnZBzxS-ag,willow-springs-illinois
https://www.ubereats.com/chicago/food-delivery/rs-jamaican-jerk/igi6WdaMSy-AWnRJRqvncw,willow-springs-illinois
https://www.ubereats.com/chicago/food-delivery/pescadon/zCbmQewjRQShfWFXCltx_w,willow-springs-illinois
https://www.ubereats.com/chicago/food-delivery/brothers-mexican-grill-1014-south-la-grange-road/L81PIbecR92t0brgHMPGbw,willow-springs-illinois
https://www.ubereats.com/chicago/food-delivery/chipotle-mexican-grill-300-e-ogden-ave/YdE3pdLGR3iPOSsrsUUQoA,willow-springs-illinois
https://www.ubereats.com/chicago/food-delivery/taqueria-los-comales-harlem-%26-74th-st/EDliyTSGTpuDVlDWN4fbxQ,willow-springs-illinois
https://www.ubereats.com/chicago/food-delivery/oak-mill-bakery-s-harlem/CAmSDjQoTGW-5j-_6dEeSg,willow-springs-illinois
https://www.ubereats.com/chicago/food-delivery/clique-sports-bar/ulitmKlyR2C6EfmpfRHpbw,willow-springs-illinois
https://www.ubereats.com/chicago/food-delivery/blueberry-hill-breakfast-cafehomer-glen/mvF9TQ1dRTu2RWDQhYubEw,willow-springs-illinois
https://www.ubereats.com/chicago/food-delivery/dennys-95th-st-%26-i-294/8-Lp7ipQTnaXxYRQbJAStg,willow-springs-illinois
https://www.ubereats.com/chicago/food-delivery/aladdins-house-roberts-%26-94th-st/I27oLCX2Qya4B2bgC2p0-w,willow-springs-illinois
https://www.ubereats.com/chicago/food-delivery/pepes-archer/IqKrcxMRS-av67KjBu_VJg,willow-springs-illinois
https://www.ubereats.com/chicago/food-delivery/which-wich-superior-sandwiches-south-la-grange-%26-149th-st/iwRz7ipkRcKyPbbdnP6dOg,willow-springs-illinois
https://www.ubereats.com/chicago/food-delivery/pops-italian-beef-orland-park-%231/NvxOHJfMToeTDF6inWcUjQ,willow-springs-illinois
https://www.ubereats.com/chicago/food-delivery/avalon-food-%26-spirits-inc/LdvMp2UfSnOjv6DNUvwBVg,willow-springs-illinois
https://www.ubereats.com/chicago/food-delivery/raffertys-irish-pub/v5JL4b_JTDO4hkl0EzEfTQ,willow-springs-illinois
https://www.ubereats.com/chicago/food-delivery/xs-%26os-sports-lounge-%26-grill-palos-heights/DwmgBQoMT1myM0bwu6WKag,willow-springs-illinois
https://www.ubereats.com/chicago/food-delivery/q-bar-darien/F8CTpLb3Qge3M6zAWT9b5Q,willow-springs-illinois
https://www.ubereats.com/chicago/food-delivery/burger-king-9532-south-roberts-road/DL5hJ5j0Sr2ENPg1-rD20w,willow-springs-illinois
https://www.ubereats.com/chicago/food-delivery/mcdonalds-ogden-%26-wisconsin/U3VSSiyNT4KJZ0CA9Tw7RQ,willow-springs-illinois
https://www.ubereats.com/chicago/food-delivery/taco-grill-%26-salsa-bar/syPSEZIDTYiYzr4fboYt2w,willow-springs-illinois
https://www.ubereats.com/chicago/food-delivery/zaki-ya-sittey/wxkTbYeGQnm1pxj9Imnk6Q,willow-springs-illinois
https://www.ubereats.com/chicago/food-delivery/lao-sze-chuan-restaurant-downers-grove/-QAszjVaTo62s4dTvawpZw,willow-springs-illinois
https://www.ubereats.com/chicago/food-delivery/village-garden-restaurant-and-cafe/oCOo_LzwQC-s_cBk51af0g,willow-springs-illinois
https://www.ubereats.com/chicago/food-delivery/mama-ds/xLGiB5mqS32BZiEXxnbw9Q,willow-springs-illinois
https://www.ubereats.com/chicago/food-delivery/dunkin-5500-s-la-grange-rd/DDCGkFXIQX2D_rQHuBSLYA,willow-springs-illinois
https://www.ubereats.com/chicago/food-delivery/pizza-track/Fk2KhVk7StGHyeLoYRyn-A,willow-springs-illinois
https://www.ubereats.com/chicago/food-delivery/marlins/l08lgprKQ2OXeewkBnidsA,willow-springs-illinois
https://www.ubereats.com/chicago/food-delivery/mcdonalds-79th-st-%26-lorel/kAaZ3YjoRM2GpUO29jpy6g,willow-springs-illinois
https://www.ubereats.com/chicago/food-delivery/fannie-may-ridgeland/nCAUxHbuR4iE-vOKUNfEXQ,willow-springs-illinois
https://www.ubereats.com/chicago/food-delivery/subway-8761-s-harlem-ave/KYI3d-bkQeW7o21i_Tecjg,willow-springs-illinois
https://www.ubereats.com/chicago/food-delivery/dunkin-7516-s-cass-ave/R9x4GcCPSgKUmQtBmblDvg,willow-springs-illinois
https://www.ubereats.com/chicago/food-delivery/dunkin-9208-ogden-ave/vulV1V-ISNalZJ7MgBKIDQ,willow-springs-illinois
https://www.ubereats.com/chicago/food-delivery/mcdonalds-cicero-%26-47th-st/mlu0ejp6T06OA77nywskyg,willow-springs-illinois
https://www.ubereats.com/chicago/food-delivery/me-ga-carnitas/fsBMW867SzuEsr9vt3mEsQ,willow-springs-illinois
https://www.ubereats.com/chicago/food-delivery/woodgrain-neapolitan-pizzeria-bolingbrook/ffawJsDSTVKEqbPLLk95Iw,willow-springs-illinois
https://www.ubereats.com/chicago/food-delivery/zacarellis-pizza/vzWWEuoiTgGd4kVNbhMYwA,willow-springs-illinois
https://www.ubereats.com/chicago/food-delivery/fajitas-mexican-restaurant-countryside/xCVJb2T3QvWi6mxz0oDLWQ,willow-springs-illinois
https://www.ubereats.com/chicago/food-delivery/phils-sports-bar-and-grill/otkDmxc7TOWPlBbeQpwMtA,willow-springs-illinois
https://www.ubereats.com/chicago/food-delivery/blissful-banana-cafe/nmrlqRVWQE6eG7ItlZ2W2A,willow-springs-illinois
https://www.ubereats.com/chicago/food-delivery/shibam-bridgeview/kz6DdnP9RgWvjtO3ZqW_Ng,willow-springs-illinois
https://www.ubereats.com/chicago/food-delivery/panda-express-482-chicago-ridge-mall/OTEe9RZfQRmCJBqTD9wfAw,willow-springs-illinois
https://www.ubereats.com/chicago/food-delivery/fannie-may-garfield-ridge/c_BoW5BASNqd3MRYIrel1w,willow-springs-illinois
https://www.ubereats.com/chicago/food-delivery/the-pit-rib-house/TuWpECF1T1eqNpYdYlbxzw,willow-springs-illinois
https://www.ubereats.com/chicago/food-delivery/popeyes-harlem-%26-cambridge/cPxI_C2aRWiMpcFuGMCQ5w,willow-springs-illinois
https://www.ubereats.com/chicago/food-delivery/subway-8755-w-79th-st/MhULnqDnSP6zkS-Z4sxCJQ,willow-springs-illinois
https://www.ubereats.com/chicago/food-delivery/taqueria-el-potrero/b_gkmSqxT7GNY8UgoTeIOg,willow-springs-illinois
https://www.ubereats.com/chicago/food-delivery/urban-counter-hinsdale/BBIbekYfSRSxQVBdtWgTIg,willow-springs-illinois
https://www.ubereats.com/chicago/food-delivery/mod-pizza-bolingbrook/FSpFipMdREa7m-ag8Q6uhA,willow-springs-illinois
https://www.ubereats.com/chicago/food-delivery/starbucks-75th-%26-cass/T3jalagzSJ2AxTo3zMSfmw,willow-springs-illinois
https://www.ubereats.com/chicago/food-delivery/rafas-chicken/jNW0w0B5Sba2iRcvEk-Gig,willow-springs-illinois
https://www.ubereats.com/chicago/food-delivery/capri-of-downers-grove/XVCsZSVZSkmAoS19VXowkg,willow-springs-illinois
https://www.ubereats.com/chicago/food-delivery/dunkin-6707-w-111th-st/yVNDVCS2TKq1jLfCmMThoQ,willow-springs-illinois
https://www.ubereats.com/chicago/food-delivery/honey-jam-cafe/7GRbxmojSGyICleSe0cdkw,willow-springs-illinois
https://www.ubereats.com/chicago/food-delivery/pasquallys-pizza-%26-wings-7409-cass-ave/3xyjZpnDTm2wVSUtRUoOvA,willow-springs-illinois
https://www.ubereats.com/chicago/food-delivery/rosatis-pizza-lemont/ZggF0s0uRy-7qSETCqx3Vw,willow-springs-illinois
https://www.ubereats.com/chicago/food-delivery/tgi-fridays-2678-oak-lawn-il/dTPc2tvZT2KAaIVU43zeog,willow-springs-illinois
https://www.ubereats.com/chicago/food-delivery/sarpinos-pizzeria-5107-fairview-ave/6w1QwAINTnio5PtcdCJfHw,willow-springs-illinois
https://www.ubereats.com/chicago/food-delivery/mcdonalds-63rd-st-%26-cass/TkuqzkRRQP6k9L91Bwsj-g,willow-springs-illinois
https://www.ubereats.com/chicago/food-delivery/dennys-cicero-%26-92nd-st/WRSvhGxtT4-nWzYnDwdyiA,willow-springs-illinois
https://www.ubereats.com/chicago/food-delivery/protein-bar-%26-kitchen-york-%26-22nd-st/Zg68NwEqRGelfKiIYzYh_w,willow-springs-illinois
https://www.ubereats.com/chicago/food-delivery/en-fuego-mexican-grille/MwBtuevkQZq8B0K3TQkacQ,willow-springs-illinois
https://www.ubereats.com/chicago/food-delivery/wendys-9941-w-55th-st/eCkaHRypQXqUazPNlJ9RJQ,willow-springs-illinois
https://www.ubereats.com/chicago/food-delivery/sals-philly-steaks-hickory-hills/oRxgWPahSx2qhpJySfGHlw,willow-springs-illinois
https://www.ubereats.com/chicago/food-delivery/taco-bell-6956-ogden-ave/wjXIcwmTTySYMpWBqYkwPA,willow-springs-illinois
https://www.ubereats.com/chicago/food-delivery/red-robin-744-103-chicago-ridge-mall/Cb8l7lMNR5uu56GSq7Gtnw,willow-springs-illinois
https://www.ubereats.com/chicago/food-delivery/china-chef/mh5sHXAzQsao24KGFkRwZA,willow-springs-illinois
https://www.ubereats.com/chicago/food-delivery/tap-house-grill-lemont/O9OZ9DoVRz-KlLmL2NcGqg,willow-springs-illinois
https://www.ubereats.com/chicago/food-delivery/texas-de-brazil-orland-park/3fpFb5-RR6mpv5jMSEmBVQ,willow-springs-illinois
https://www.ubereats.com/chicago/food-delivery/ihop-14860-s-lagrange-rd/WEP_xHg8SvyK33O0xUOArg,willow-springs-illinois
https://www.ubereats.com/chicago/food-delivery/stunods-pizzeria/MsdPV_pzQpii8fJAtMabZg,willow-springs-illinois
https://www.ubereats.com/chicago/food-delivery/shanahans/JZEDfOD1TXeQJjMJJlMiXg,willow-springs-illinois
https://www.ubereats.com/chicago/food-delivery/food-street-restaurant/kxAN_GrESSGjrb2hki9XPw,willow-springs-illinois
https://www.ubereats.com/chicago/food-delivery/portillos-hot-dogs-4020-w-95th-st/f1aerruHSQWqbvo4q9bVCw,willow-springs-illinois
https://www.ubereats.com/chicago/food-delivery/la-barra-riverside/8_EoiUHZRcCXhQArY54RRg,willow-springs-illinois
https://www.ubereats.com/chicago/food-delivery/popeyes-5711-s-la-grange-rd/DHb-AdewS8avQuXRRUIkeA,willow-springs-illinois
https://www.ubereats.com/chicago/food-delivery/sharks-fish-%26-chicken-harlem/Anx_YdHPRiiU_dCwXwI1iA,willow-springs-illinois
https://www.ubereats.com/chicago/food-delivery/wing-squad-orland-park/lsVNlO2oTBqnkegyFrk6VQ,willow-springs-illinois
https://www.ubereats.com/chicago/food-delivery/two-pints-lounge/p_BtzBNVRwqcds1VfRXnUg,willow-springs-illinois
https://www.ubereats.com/chicago/food-delivery/illinois-bar-%26-grill/ew3ZWBsFR2WpzxRtRQEHag,willow-springs-illinois
https://www.ubereats.com/chicago/food-delivery/next-mex/YRrPZ6x3Rm-m_xIIznj-FA,willow-springs-illinois
https://www.ubereats.com/chicago/food-delivery/el-chaparro-mexican-food/sEXpIfD1Qb-6-hQ81T4MAw,willow-springs-illinois
https://www.ubereats.com/chicago/food-delivery/wok-n-fire/QykBeLtlRtGjLwHdnM0CcA,willow-springs-illinois
https://www.ubereats.com/chicago/food-delivery/mai-thai-restaurant/EC_K5MrtQDigsV8TOfJmWw,willow-springs-illinois
https://www.ubereats.com/chicago/food-delivery/cedar-grill/5joC8iroTEqXY1j0WrF_4Q,willow-springs-illinois
https://www.ubereats.com/chicago/food-delivery/another-round-bar-and-grill/74EGOKNkQRSd2c9HF-sEWg,willow-springs-illinois
https://www.ubereats.com/chicago/food-delivery/shree-indian-restaurant-westmont/-ksJRGsfQb6WU4VfG4XtYA,willow-springs-illinois
https://www.ubereats.com/chicago/food-delivery/m-%26-m-food-and-beverage/ylh_FY8dRACmauapLy1f7Q,willow-springs-illinois
https://www.ubereats.com/chicago/food-delivery/aodake/vMIpF9nvQkyuO5PFGiEENA,willow-springs-illinois
https://www.ubereats.com/chicago/food-delivery/waldo-cooneys-pizza-worth/yJzA9RAESEKrJlAjcIBQyw,willow-springs-illinois
https://www.ubereats.com/chicago/food-delivery/red-lobster-3001-finley-road/UAaFRnwET62O8Ugk-EiN5w,willow-springs-illinois
https://www.ubereats.com/chicago/food-delivery/owl-and-lark/mnzW0GcHRzGWDQ0Cm5fYkw,willow-springs-illinois
https://www.ubereats.com/chicago/food-delivery/burger-king-170-countryside-plaza/hHUCQ69HRAa68HPiyUtjzg,willow-springs-illinois
https://www.ubereats.com/chicago/food-delivery/7405-bonefish-grill-15537-s-lagrange-road/OE5Zrk7sSJWES6nYBoi8Pw,willow-springs-illinois
https://www.ubereats.com/chicago/food-delivery/chipotle-mexican-grill-6230-w-95th-st-ste-b/nKNjRHXYRNOAUeRRD9D4Lw,willow-springs-illinois
https://www.ubereats.com/chicago/food-delivery/las-cerezas/XSM2xaZhTAawzg3rOxVkOw,willow-springs-illinois
https://www.ubereats.com/chicago/food-delivery/pueblito/WeVLouhRQou0gUyGrKOmLw,willow-springs-illinois
https://www.ubereats.com/chicago/food-delivery/mcdonalds-plainfield-%26-75th-st/tHY4Bjk0ShO5oH0e_bk_Sg,willow-springs-illinois
https://www.ubereats.com/chicago/food-delivery/mcdonalds-pulaski-%26-84th-st/42UW8dZBQqmDxu6VsZ1eVQ,willow-springs-illinois
https://www.ubereats.com/chicago/food-delivery/china-king-restaurant/qxC0xa_6TUm_Jz96ezMtRQ,willow-springs-illinois
https://www.ubereats.com/chicago/food-delivery/chipotle-mexican-grill-15240-s-la-grange-rd/ep6BlH33QvecOfFf9RuQXQ,willow-springs-illinois
https://www.ubereats.com/chicago/food-delivery/tavern-on-lagrange/Z0LokXGhSWaMB7357b3ijA,willow-springs-illinois
https://www.ubereats.com/chicago/food-delivery/chipotle-mexican-grill-14116-s-bell-rd/WsJR5DdrT1KmEwcUOmmiyw,willow-springs-illinois
https://www.ubereats.com/chicago/food-delivery/mcdonalds-sw-%26-111th-st/eoOaAKeHQCqEJH0n-8ptIA,willow-springs-illinois
https://www.ubereats.com/chicago/food-delivery/mcdonalds-south-la-grange-%26-57th-st/KnxhArYxSTa0Bj0KD6VooQ,willow-springs-illinois
https://www.ubereats.com/chicago/food-delivery/jens-guesthouse/cxqnxn8zRFqs6Eu92ylDxw,willow-springs-illinois
https://www.ubereats.com/chicago/food-delivery/cold-stone-creamery-5120-w-95th-st/qh9JP1cMTAqmwbw3nmuo7w,willow-springs-illinois
https://www.ubereats.com/chicago/food-delivery/randis-deli/4MCN-GShQeOwHRa4qfK7bg,willow-springs-illinois
https://www.ubereats.com/chicago/food-delivery/subway-112-burr-ridge-pkwy/pOX9gVApQuazewZOu8PzNw,willow-springs-illinois
https://www.ubereats.com/chicago/food-delivery/lucky-burrito/jB-t4GhaTxSl15iAL7B74g,willow-springs-illinois
https://www.ubereats.com/chicago/food-delivery/burger-king-7301-lemont-road/3khZn5gZTSOhRVzt2KjYhA,willow-springs-illinois
https://www.ubereats.com/chicago/food-delivery/berger-station/DsrzJwp_QHKOpF7YQNxEWA,willow-springs-illinois
https://www.ubereats.com/chicago/food-delivery/fajitas-mexican-restaurant-palos-hills/FkTO3VWNT9Sfi_OYHh7kBw,willow-springs-illinois
https://www.ubereats.com/chicago/food-delivery/boston-market-9267-s-cicero-ave/VZNGzA2oQ_G0I5jK__wYBg,willow-springs-illinois
https://www.ubereats.com/chicago/food-delivery/kens-restaurant/49dgnVakRl63VcILItpQAA,willow-springs-illinois
https://www.ubereats.com/chicago/food-delivery/oozie-corner/RPo2qm99S2CeLgeBsPsLlg,willow-springs-illinois
https://www.ubereats.com/chicago/food-delivery/rosatis-pizza-darien/vJIbeXsQTt-O1SQmenj9sQ,willow-springs-illinois
https://www.ubereats.com/chicago/food-delivery/blueberry-hill-breakfast-cafe/jqoqOstYQU6PeLc2K87REQ,willow-springs-illinois
https://www.ubereats.com/chicago/food-delivery/la-michoacana-of-countryside/JBWnkgdCQsCO6dOpZFkrcg,willow-springs-illinois
https://www.ubereats.com/chicago/food-delivery/gorditas-la-tia/4MrOrNeVQIeJpKOT2Cd1OQ,willow-springs-illinois
https://www.ubereats.com/chicago/food-delivery/subway-w-87th/oXO0fiwdRnikolfVFgVjZg,willow-springs-illinois
https://www.ubereats.com/chicago/food-delivery/dunkin-10340-s-harlem-ave/ocjbtS_STuyaK92zuzNbgQ,willow-springs-illinois
https://www.ubereats.com/chicago/food-delivery/casa-margarita-hinsdale/t_WrWQbqS4OYn7Hl-Ol6eQ,willow-springs-illinois
https://www.ubereats.com/chicago/food-delivery/subway-6394-s-cass-ave/EDee0HJSQbmp3JMtzl_iWw,willow-springs-illinois
https://www.ubereats.com/chicago/food-delivery/pepes-chicago-ridge/OhnKD7f9RP6WgJIDElndNw,willow-springs-illinois
https://www.ubereats.com/chicago/food-delivery/el-gallo-tapatio-4/Uk9H9W_lRRKSnrQlFNnYFA,willow-springs-illinois
https://www.ubereats.com/chicago/food-delivery/palmers-burger-bar/GtwmzsScTVakw09_SxL4YA,willow-springs-illinois
https://www.ubereats.com/chicago/food-delivery/zorbas-gyros/zfRWQPmvR-eYGSGUftjYwQ,willow-springs-illinois
https://www.ubereats.com/chicago/food-delivery/kona-grill-oak-brook/MJYX9AY6SkGgRha8JHX8hA,willow-springs-illinois
https://www.ubereats.com/chicago/food-delivery/taco-burrito-king-south-harlem/Atrtvy62SpKkhKmjs44skA,willow-springs-illinois
https://www.ubereats.com/chicago/food-delivery/hamiltons-pub/Q8GB7V5lRDWv1_V4WAPSgg,willow-springs-illinois
https://www.ubereats.com/chicago/food-delivery/burrito-paradise/fmtfnyDWQE-9tLBrYOnu7g,willow-springs-illinois
https://www.ubereats.com/chicago/food-delivery/red-mango-81-south-la-grange-road/6q4lKdZBSxuFMtEWG93vRQ,willow-springs-illinois
https://www.ubereats.com/chicago/food-delivery/burger-king-10257-south-harlem/OknkOoLmTfKtJcyG0nLpaA,willow-springs-illinois
https://www.ubereats.com/chicago/food-delivery/hooters-la-grange-%26-153rd-st/nESK8VTXTmGm6AI-wlqyTQ,willow-springs-illinois
https://www.ubereats.com/chicago/food-delivery/corner-bakery-cafe-9621-s-cicero-ave/EtZF-D9-QNq8ylUT-klUgw,willow-springs-illinois
https://www.ubereats.com/chicago/food-delivery/shibam-w-90th/kZUekc6GQ8evOlcM4wQA7A,willow-springs-illinois
https://www.ubereats.com/chicago/food-delivery/dunkin-5615-s-harlem-ave/iG9jXneDQgmLjDOWBQwZVg,willow-springs-illinois
https://www.ubereats.com/chicago/food-delivery/hooters-downers-grove-%26-butterfield/zMy8wxVrSMu4HFAZpGSsbw,willow-springs-illinois
https://www.ubereats.com/chicago/food-delivery/emilios-pizza/j4xjwkFLQSKcT39P14WTIQ,willow-springs-illinois
https://www.ubereats.com/chicago/food-delivery/peppos-great-sub-sandwiches/OQ-CFKw8SVe7wF33nKG3WQ,willow-springs-illinois
https://www.ubereats.com/chicago/food-delivery/noodles-%26-company-1-e-burlington-ave/YDR5A9XHRIeVF0kcGX9NXQ,willow-springs-illinois
https://www.ubereats.com/chicago/food-delivery/millers-ale-house-chicago-ridge/FWTXQvOjQaSPvBum7mUEWw,willow-springs-illinois
https://www.ubereats.com/chicago/food-delivery/hooters-cicero-%26-92nd-st/H7Suskn0TEuvGbszSPesBQ,willow-springs-illinois
https://www.ubereats.com/chicago/food-delivery/mcalisters-deli-14309-south-lagrange-road/2F-sGFHpTkyI50q1Qdg8GQ,willow-springs-illinois
https://www.ubereats.com/chicago/food-delivery/portillos-hot-dogs-7195-n-kingery-highway/80_d1LPxRPioe7chox-Lvg,willow-springs-illinois
https://www.ubereats.com/chicago/food-delivery/jersey-mikes-subs-harlem-%26-127th-st/D8Cq17WXTcGZxL56Ua4NJA,willow-springs-illinois
https://www.ubereats.com/chicago/food-delivery/dunkin-%26-baskin-robbins-7847-w-95th-st/qFgrAko3TcOruJTTG6Qmeg,willow-springs-illinois
https://www.ubereats.com/chicago/food-delivery/del-carmen-restaurant-87th-st-%26-harlem/OsYfwvolSSOvJ8VfWZdEkw,willow-springs-illinois
https://www.ubereats.com/chicago/food-delivery/the-original-papa-joes/H_t9hp0ITOuPCImrY53p6w,willow-springs-illinois
https://www.ubereats.com/chicago/food-delivery/subway-pulaski-%26-65th-st/-aZidyYrSNuLr1n2U2p76A,willow-springs-illinois
https://www.ubereats.com/chicago/food-delivery/the-halal-slice/8shjqRmGRCauBBFdYZqKGA,willow-springs-illinois
https://www.ubereats.com/chicago/food-delivery/subway-10270-s-harlem-ave/Se88D8U5Sr2LMDTdSjL-nA,willow-springs-illinois
https://www.ubereats.com/chicago/food-delivery/jets-pizza-darien/7yTrAm-TSKyOFRdDeT155Q,willow-springs-illinois
https://www.ubereats.com/chicago/food-delivery/sebastians-ale-%26-whiskey-house-brookfield/aGPlPkz2T3yMtRlGKlSFjA,willow-springs-illinois
https://www.ubereats.com/chicago/food-delivery/capri-ristorante-woodridge/A_M89Kw1TqibqXnbQMT2Ww,willow-springs-illinois
https://www.ubereats.com/chicago/food-delivery/papa-johns-pizza-burbank/-DL9jqR-QbOfVpwIT2RUoA,willow-springs-illinois
https://www.ubereats.com/chicago/food-delivery/pepes-homer-glen/fHjErzYFRcKwqVQWTsr_tQ,willow-springs-illinois
https://www.ubereats.com/chicago/food-delivery/dunkin-19-w-63rd-st/OoUDx8FAS_urGXEV6PEfXw,willow-springs-illinois
https://www.ubereats.com/chicago/food-delivery/dunkin-7949-w-79th-st/k-NVMlCRTuiaYJFGCIRrng,willow-springs-illinois
https://www.ubereats.com/chicago/food-delivery/chipotle-mexican-grill-7173-s-kingery-hwy/ufUeqbd4RmGfeSD2Emlz9A,willow-springs-illinois
https://www.ubereats.com/chicago/food-delivery/red-barrel/D7MSG3eXTRab1yLWvG8m_Q,willow-springs-illinois
https://www.ubereats.com/chicago/food-delivery/chuck-e-cheese-7409-cass-ave/j_w-AHruS5mnR-BN5zg6bg,willow-springs-illinois
https://www.ubereats.com/chicago/food-delivery/taco-bell-6631-south-cicero/pOpT6esVQdC-KwGLsgFk7A,willow-springs-illinois
https://www.ubereats.com/chicago/food-delivery/the-white-sheep/dziLgvpsQeOeJhNKyLGjyA,willow-springs-illinois
https://www.ubereats.com/chicago/food-delivery/gelsosomos-pizzeria-and-pub/mYPRICYSSwSv9oAh7_xqBA,willow-springs-illinois
https://www.ubereats.com/chicago/food-delivery/white-castle-7900-s-harlem/6N8XbWilSWGUe8Zcm7EnQA,willow-springs-illinois
https://www.ubereats.com/chicago/food-delivery/red-lobster-9500-southwest-highway/U4h4SG57TdSrBp6lENhSpA,willow-springs-illinois
https://www.ubereats.com/chicago/food-delivery/sals-phillys/QjDSVCKCRPCXjYSWI8zcDg,willow-springs-illinois
https://www.ubereats.com/chicago/food-delivery/all-aboard-diner/NfK_BursSAOPOUuHe6Vcfg,willow-springs-illinois
https://www.ubereats.com/chicago/food-delivery/go-wings/v2YC7mGzRhGCt2F-6Zh5KA,willow-springs-illinois
https://www.ubereats.com/chicago/food-delivery/henrys-tacos/Y42LU-FFTryGnvw5wkvJdw,willow-springs-illinois
https://www.ubereats.com/chicago/food-delivery/davanti-enoteca-western-springs/zYrem14PSHWcO4DBNOAtwQ,willow-springs-illinois
https://www.ubereats.com/chicago/food-delivery/mcwethys-sports-bar/6KCFj4f1RamMfI5lMcYcpw,willow-springs-illinois
https://www.ubereats.com/chicago/food-delivery/meatheads-willowbrook/z9QKaouIS0uBDHnUCSbM0g,willow-springs-illinois
https://www.ubereats.com/chicago/food-delivery/russells-barbecue/s4fcbyd0RZKsf2pVVTKAbg,willow-springs-illinois
https://www.ubereats.com/chicago/food-delivery/kama-bistro/z4d-sN_6SiepFvpCGA2lhw,willow-springs-illinois
https://www.ubereats.com/chicago/food-delivery/wild-monk/8Lal3qAZS8evoQFOB90F1A,willow-springs-illinois
https://www.ubereats.com/chicago/food-delivery/taco-bell-6944-archer/YgE3lB_STRy7NKE0mmyAlQ,willow-springs-illinois
https://www.ubereats.com/chicago/food-delivery/eagle-restaurant/CFxLrEQlT4iFuydSFRRw4g,willow-springs-illinois
https://www.ubereats.com/chicago/food-delivery/hamburgini/ult10jSrQH60Mv0bsdHOEQ,willow-springs-illinois
https://www.ubereats.com/chicago/food-delivery/barones-pizza/rrqOPJ47S5C8hMQ0q799Ew,willow-springs-illinois
https://www.ubereats.com/chicago/food-delivery/dennys-7737-s-kingery-hwy/wtwfaaxaSI-MGd-1Z9be_A,willow-springs-illinois
https://www.ubereats.com/chicago/food-delivery/mcdash/dr52X97lTKy4iuEgtXzNAQ,willow-springs-illinois
https://www.ubereats.com/chicago/food-delivery/burger-king-6350-south-cicero-avenue/GOLB70mET36z2JK1KzMeYw,willow-springs-illinois
https://www.ubereats.com/chicago/food-delivery/balkan-bakery/p07xBVzlQHehTQoKZr-4ZA,willow-springs-illinois
https://www.ubereats.com/chicago/food-delivery/dunkin-12807-s-harlem-ave/IvO5Tzn-Qma8P8ECjALkgQ,willow-springs-illinois
https://www.ubereats.com/chicago/food-delivery/kfc-1450-75th-st/I3q9aBiXSFOS6wIxfzg99g,willow-springs-illinois
https://www.ubereats.com/chicago/food-delivery/el-famous-burrito-downers-grove/JO_X5WUsSR2-6RdSRC6CZQ,willow-springs-illinois
https://www.ubereats.com/chicago/food-delivery/sammys-of-la-grange/QLgXQ_42T3CllbaoRKpWIQ,willow-springs-illinois
https://www.ubereats.com/chicago/food-delivery/falafelji/Lw3miMrxT7iEmEgKFVEp5A,willow-springs-illinois
https://www.ubereats.com/chicago/food-delivery/jamesons-charhouse-woodridge/fRk8AnT6S26Y2oswV-MwBQ,willow-springs-illinois
https://www.ubereats.com/chicago/food-delivery/ward-mediterranean-grill/LaTNEm_0QIqrAvelHEgUpQ,willow-springs-illinois
https://www.ubereats.com/chicago/food-delivery/casa-margarita-la-grange/QcbX8mVJTb2hoa9lRRSGQg,willow-springs-illinois
https://www.ubereats.com/chicago/food-delivery/francescas-vicinato/oxONaQnzToKSXW0W4guHuQ,willow-springs-illinois
https://www.ubereats.com/chicago/food-delivery/covo-greek-street-food/sHAoAqEwSTK3SJ3yKn2qyw,willow-springs-illinois
https://www.ubereats.com/chicago/food-delivery/catfish-willowbrook-il/ZHc0hNnbStC5TOP_QMkDkA,willow-springs-illinois
https://www.ubereats.com/chicago/food-delivery/pita-land/ubbRwOFhTd2fRrz4wo4eqA,willow-springs-illinois
https://www.ubereats.com/chicago/food-delivery/popeyes-7518-s-cass-ave/9pI3piwXTDCMDh0RiFEWvg,willow-springs-illinois
https://www.ubereats.com/chicago/food-delivery/dunkin-8049-s-harlem-ave/BJux7ofGTd-dC85MSUzPjQ,willow-springs-illinois
https://www.ubereats.com/chicago/food-delivery/gloria-jeans-coffees/-4M5mGVQQ2qNzBMxEmzzpw,willow-springs-illinois
https://www.ubereats.com/chicago/food-delivery/burgerim-6762-w-95th-st/QqBdQ0JcR3eNJs1GTW5GPg,willow-springs-illinois
https://www.ubereats.com/chicago/food-delivery/mcdonalds-la-grange-%26-ogden/ruvYeQivS22N5_fcXkQcTg,willow-springs-illinois
https://www.ubereats.com/chicago/food-delivery/dunkin-9400-joliet-rd/x5_A4uUUS9SdJmC_FVeGGQ,willow-springs-illinois
https://www.ubereats.com/chicago/food-delivery/kfc-taco-bell-i-294-milepost-25/yXNkJRnXT6icI7UlLcIt2w,willow-springs-illinois
https://www.ubereats.com/chicago/food-delivery/fiesta-taco/FRLHE5rwTfaWXq28uPsqag,willow-springs-illinois
https://www.ubereats.com/chicago/food-delivery/zazzos-pizza-darien/vejvSajDTZqKbG2zSrd2QQ,willow-springs-illinois
https://www.ubereats.com/chicago/food-delivery/sushi-house-westmont/vhT-NgazSPO8D-XlC8v0Eg,willow-springs-illinois
https://www.ubereats.com/chicago/food-delivery/gematos-woodpit-bbq-worth/0gMmX_3-S8qPC77wkZuaMA,willow-springs-illinois
https://www.ubereats.com/chicago/food-delivery/pops-italian-beef-%26-sausage/63Xla2UBSRSsBk1X-FlCsg,willow-springs-illinois
https://www.ubereats.com/chicago/food-delivery/shawerma-house/Bj6UuXeVRYimPB8KqYMSRA,willow-springs-illinois
https://www.ubereats.com/chicago/food-delivery/mcdonalds-archer-%26-rutherford/BKQBneUiTLua4Ks8gHlCxw,willow-springs-illinois
https://www.ubereats.com/chicago/food-delivery/blue-star-taqueria-and-margarita-bar/eOofjiQVSIangwAmjHxUJw,willow-springs-illinois
https://www.ubereats.com/chicago/food-delivery/chucks-bbq/_zkT_HswQiegqUueC906KQ,willow-springs-illinois
https://www.ubereats.com/chicago/food-delivery/subway-of-western-springs/9kjYAds-SZ2uVZlLygCwiw,willow-springs-illinois
https://www.ubereats.com/chicago/food-delivery/starbucks-oak-lawn-95th-st-metra/eCnRQueURluieyZS7q4Qbw,willow-springs-illinois
https://www.ubereats.com/chicago/food-delivery/rico-rinos-pizza/4ySKdHbmSBWTARIpK7oP2w,willow-springs-illinois
https://www.ubereats.com/chicago/food-delivery/greece-philly-gyro-%26-beef/TqzzKFQFTme_-d6qPNVwhQ,willow-springs-illinois
https://www.ubereats.com/chicago/food-delivery/dunkin-7516-s-cass-ave-unit-5b/4u84NygdQlefSyfrIGSI2A,willow-springs-illinois
https://www.ubereats.com/chicago/food-delivery/selmas-sweets/_MBIr0SlRMmcLs2FghtowQ,willow-springs-illinois
https://www.ubereats.com/chicago/food-delivery/brooklyn-halal-grilled-chicken-and-pizza/Uvic7S8TSWmJ07yoOra_hQ,willow-springs-illinois
https://www.ubereats.com/chicago/food-delivery/shikara-indian-restaurant/z5tgaCo5SmaGGBx91vLMtQ,willow-springs-illinois
https://www.ubereats.com/chicago/food-delivery/dolce-restaurant-%26-wine-bar/P2sHwx6QQ8GCtYO8VnTxgA,willow-springs-illinois
https://www.ubereats.com/chicago/food-delivery/ritas-italian-ice-4841-w-79th-st/d7xlAKdyThmwq6Q7B0LTiA,willow-springs-illinois
https://www.ubereats.com/chicago/food-delivery/fatties-pub/AfAlx0rQRJy5BSeBqgJclQ,willow-springs-illinois
https://www.ubereats.com/chicago/food-delivery/premier-fire-%26-grill/EkDI8nzfThquTPHAyPawXg,willow-springs-illinois
https://www.ubereats.com/chicago/food-delivery/skuddlebutts/C0OjnXn6Rp2OTdz_MCRH4g,willow-springs-illinois
https://www.ubereats.com/chicago/food-delivery/mcdonalds-ogden-%26-amelia/neXy3IKdTWKRyZCjOs0C2Q,willow-springs-illinois
https://www.ubereats.com/chicago/food-delivery/guac-n-tacos/BssCsSMFR5q8Te7KF5t2UQ,willow-springs-illinois
https://www.ubereats.com/chicago/food-delivery/maple-n-jams-cafe/cc7lbt44RNq4dzRmVI3GjQ,willow-springs-illinois
https://www.ubereats.com/chicago/food-delivery/mojos-east-coast-eats/iI2pARBJQd-PU7LejMgY1A,willow-springs-illinois
https://www.ubereats.com/chicago/food-delivery/popeyes-5708-south-harlem/gJM2XoYxQea0RYfFjVqFxA,willow-springs-illinois
https://www.ubereats.com/chicago/food-delivery/casa-margarita-orland-park/-40wHYuGTU64yvN04I_u-Q,willow-springs-illinois
https://www.ubereats.com/chicago/food-delivery/la-fiesta-bakery/vGa6Ds6cQ6qHRemrjDs6eA,willow-springs-illinois
https://www.ubereats.com/chicago/food-delivery/wingstop-7953-s-cicero-ave/rI4brAqgRR2xtYzk80AcUg,willow-springs-illinois
https://www.ubereats.com/chicago/food-delivery/maks-house-lagrange/CXO-9sLkStWtWy_NFCk2Uw,willow-springs-illinois
https://www.ubereats.com/chicago/food-delivery/five-guys-il-0540-741-e-boughton-rd/nyLFjkmvQRWIF-3xK28Eig,willow-springs-illinois
https://www.ubereats.com/chicago/food-delivery/kfc-11158-west-31st-street/0c8eaOycQy-prkV1_PysoQ,willow-springs-illinois
https://www.ubereats.com/chicago/food-delivery/the-crossing-bar-%26-grill-worth/Fr9QG4GbSJywKtPgvTNb3g,willow-springs-illinois
https://www.ubereats.com/chicago/food-delivery/subway-5409-s-harlem/vuUrsUg3RZu7BtC15juU1g,willow-springs-illinois
https://www.ubereats.com/chicago/food-delivery/roma-cafe/1eqVUsNISBimeAnOoB5g1A,willow-springs-illinois
https://www.ubereats.com/chicago/food-delivery/mago-grill-%26-cantina-bolingbrook/co0VeQanQl6pqgA-fhckTA,willow-springs-illinois
https://www.ubereats.com/chicago/food-delivery/durbins-burbank/zr_N0bvCRSO37SPAEHGTyg,willow-springs-illinois
https://www.ubereats.com/chicago/food-delivery/altiro-latin-fusion/py535S0CQ3ukFh0-hzoMgg,willow-springs-illinois
https://www.ubereats.com/chicago/food-delivery/starbucks-ogden-%26-i-294-hinsdale/RHeGxnI-T5CnBbxeqohc6w,willow-springs-illinois
https://www.ubereats.com/chicago/food-delivery/panda-express-95th-st-%26-melvina/_WlOLtgVSC2YbImRIwE_Xw,willow-springs-illinois
https://www.ubereats.com/chicago/food-delivery/albaraka-grill/aFz132ENRM6Pz6sEplioQA,willow-springs-illinois
https://www.ubereats.com/chicago/food-delivery/honey-bee-cafe/HhiLGdMVT3ajy5br0pqWTA,willow-springs-illinois
https://www.ubereats.com/chicago/food-delivery/les-brothers-restaurant/LRL-AB7cTnSz9Y_vjxkxmA,willow-springs-illinois
https://www.ubereats.com/chicago/food-delivery/del-carmen-restaurant-87th-st-%26-state/G-jAHuaKTdq7K1vV6oUCsg,willow-springs-illinois
https://www.ubereats.com/chicago/food-delivery/burger-king-6930-south-route-83/iwvMRbQzSsmIaofBrrXTpA,willow-springs-illinois
https://www.ubereats.com/chicago/food-delivery/taco-bell-6049-west-95th-street/bFNo38-3TgGg_uVED65ZgQ,willow-springs-illinois
https://www.ubereats.com/chicago/food-delivery/cold-stone-creamery-la-grange-rd/uGctbIb9Ti2UKX2MKueibw,willow-springs-illinois
https://www.ubereats.com/chicago/food-delivery/subway-6300-robert-kingery-hwy-%23124/Ew2GfV85Rxe-SLnJvEmZCA,willow-springs-illinois
https://www.ubereats.com/chicago/food-delivery/fannie-may-hinsdale/xWigSXVZTZyWHQNnNS15Qw,willow-springs-illinois
https://www.ubereats.com/chicago/food-delivery/sals-famous-cheesesteaks/99T35uuQQXuxd1nTmT0KDg,willow-springs-illinois
https://www.ubereats.com/chicago/food-delivery/la-michoacana-fire/tkOldg7nQ7K8UZdHRF5pog,willow-springs-illinois
https://www.ubereats.com/chicago/food-delivery/pupuseria/fQVUMkj4RyihNQQxGK093w,willow-springs-illinois
https://www.ubereats.com/chicago/food-delivery/potbelly-sandwich-shop-willowbrook-%7C-94/BZNei2yRQNuSEKb3PF7Egw,willow-springs-illinois
https://www.ubereats.com/chicago/food-delivery/fannie-may-oak-lawn/mO-zQE3RRTm6PBYAFhXLrA,willow-springs-illinois
https://www.ubereats.com/chicago/food-delivery/jamba-juice-7169-s-kingery-highway/6pEsvJ9mR0iStvhoJEqAnQ,willow-springs-illinois
https://www.ubereats.com/chicago/food-delivery/sr-tatos/kJs5CddZRo-IbYh0nci4sg,willow-springs-illinois
https://www.ubereats.com/chicago/food-delivery/pepes-hickory-hills/V5gq77GbRke6-Rbtk5LJbA,willow-springs-illinois
https://www.ubereats.com/chicago/food-delivery/salernos-pizzeria-%26-rbar-western-springs/GhrzZYVRRnW7dQc1C20IRg,willow-springs-illinois
https://www.ubereats.com/chicago/food-delivery/barracos-pizzeria-burbank/qzqgh4uRT9uLDirMAwHb0Q,willow-springs-illinois
https://www.ubereats.com/chicago/food-delivery/wus-house-orland-park/aei84wGsQfmexqeVpt-Y5g,willow-springs-illinois
https://www.ubereats.com/chicago/food-delivery/starbucks-burr-ridge-i-55-%26-county-line-rd/AVfZpyliSiCcQJHJlTBuaA,willow-springs-illinois
https://www.ubereats.com/chicago/food-delivery/semsem/aXLeLMjaQQ6q_y8YfThwqg,willow-springs-illinois
https://www.ubereats.com/chicago/food-delivery/taqueria-los-comales-cicero-%26-79th-st/p6GogGoNTiqZvqIxYNchPw,willow-springs-illinois
https://www.ubereats.com/chicago/food-delivery/wendys-8501-ogden-ave/45E6fPFGQY2DRcgdoe_ueA,willow-springs-illinois
https://www.ubereats.com/chicago/food-delivery/wus-ramen/k7lN2AnGSaGsImDEamqoIQ,willow-springs-illinois
https://www.ubereats.com/chicago/food-delivery/lucky-dragon-2/Jtsr0XAiQ1CjlYaMT7kK_Q,willow-springs-illinois
https://www.ubereats.com/chicago/food-delivery/la-barra-oak-brook/FAbLeJORTcytl8OwZ_C_VQ,willow-springs-illinois
https://www.ubereats.com/chicago/food-delivery/white-castle-10555-s-harlem-ave/10PLNtmxQayqJN0kCyzcJg,willow-springs-illinois
https://www.ubereats.com/chicago/food-delivery/subway-111th-st/ogvDp4RSRYa3PHYt_XhVTw,willow-springs-illinois
https://www.ubereats.com/chicago/food-delivery/auntie-annes-308-orland-square/OfUyHxUqSlunp1GMg9kaHg,willow-springs-illinois
https://www.ubereats.com/chicago/food-delivery/hall-of-fame-sport-lounge/H-YcOoyMT3ud4hinHjUHsw,willow-springs-illinois
https://www.ubereats.com/chicago/food-delivery/arbys-8021-w-95th-street/_ymSbgiXTU62JPCiF4HiaA,willow-springs-illinois
https://www.ubereats.com/chicago/food-delivery/wendys-7220-west-79th-street/cz9rVcUxTUOKUgcbclMOCA,willow-springs-illinois
https://www.ubereats.com/chicago/food-delivery/7-gates-restaurant/A_qh7eDXRZG_TyVZ9AUQXg,willow-springs-illinois
https://www.ubereats.com/chicago/food-delivery/the-seacatcher/8rsK6y1CT8Wlqe-_Uv8Oig,willow-springs-illinois
https://www.ubereats.com/chicago/food-delivery/palmer-place-restaurant-and-biergarten/-wlJeB9OTxSPPd_vyT2MEg,willow-springs-illinois
https://www.ubereats.com/chicago/food-delivery/smallcakes-western-springs/HNpZLwjnQzSob3kI2eptrw,willow-springs-illinois
https://www.ubereats.com/chicago/food-delivery/quarry-pub-and-grill/ivD7gWDTSwGbr7hUoyxSzw,willow-springs-illinois
https://www.ubereats.com/chicago/food-delivery/xelva/AppdkbknSzeHnuik8LchRw,willow-springs-illinois
https://www.ubereats.com/chicago/food-delivery/the-skillet-house/PamYGLAuSUmeZ-peTVdORQ,willow-springs-illinois
https://www.ubereats.com/chicago/food-delivery/pf-changs-14135-la-grange-rd/gNkPZSTQTLuy_hfOupvVlw,willow-springs-illinois
https://www.ubereats.com/chicago/food-delivery/angry-slice-%26-sub-shop/bhwLNAVqSpOwGdhZa4iBYA,willow-springs-illinois
https://www.ubereats.com/chicago/food-delivery/rosatis-pizza-111th-street/1bBsbw-YSSSO8IX1kJBqDw,willow-springs-illinois
https://www.ubereats.com/chicago/food-delivery/starbucks-hinsdale-washington-%26-hinsdale/tSjTHTztSUWHAm3hX1NpzA,willow-springs-illinois
https://www.ubereats.com/chicago/food-delivery/pierce-tavernmain-st/m3vRucIvSZGTLL6tdeBDag,willow-springs-illinois
https://www.ubereats.com/chicago/food-delivery/indra/9Rin__JBTri4E9WMoVRgOw,willow-springs-illinois
https://www.ubereats.com/chicago/food-delivery/nicksons-eatery/GRJrKS9rQZ28TEUq1dKBUw,willow-springs-illinois
https://www.ubereats.com/chicago/food-delivery/taco-bell-13-w-ogden-avenue/OAriunA2RSiKJ4EVSmOl_g,willow-springs-illinois
https://www.ubereats.com/chicago/food-delivery/buona-hillside/DuxRtOp1TfS7UEtSBT0EAQ,willow-springs-illinois
https://www.ubereats.com/chicago/food-delivery/taco-bell-7419-s-cass-ave/pKxV0rdkTymUiv6bk6UJEQ,willow-springs-illinois
https://www.ubereats.com/chicago/food-delivery/taco-bell-7601-w-111th-st/fbB9_2YkTwKd07hXYylR1A,willow-springs-illinois
https://www.ubereats.com/chicago/food-delivery/arbys-5656-s-lagrange-rd/k4d-6xkFSXqCli0CpBrw6w,willow-springs-illinois
https://www.ubereats.com/chicago/food-delivery/buona-oak-lawn/IiOayMxgTrW-MXnXlTJ7Rw,willow-springs-illinois
https://www.ubereats.com/chicago/food-delivery/xando-cafe/PRp76M73TXi2b3Utjjmriw,willow-springs-illinois
https://www.ubereats.com/chicago/food-delivery/sals-philly-palos-park/ZFJBO_IqT62JunKj0ORuQQ,willow-springs-illinois
https://www.ubereats.com/chicago/food-delivery/bar-louie-bolingbrook/_HGDaSw0RJyRaZ4LZN4NXg,willow-springs-illinois
https://www.ubereats.com/chicago/food-delivery/buffalo-wild-wings-7111-s-kingery-hwy/2GHjh3aWRC-Ghyigo3fNbg,willow-springs-illinois
https://www.ubereats.com/chicago/food-delivery/subway-5901-s-archer-ave/OAqiF-bBSBGuaYA6fY8a1A,willow-springs-illinois
https://www.ubereats.com/chicago/food-delivery/chipotle-mexican-grill-750-janes-ave-ste-a/5lljjkaGR--S3i9eOqCsGQ,willow-springs-illinois
https://www.ubereats.com/chicago/food-delivery/the-clubhouse-oak-brook/iniAqgjiTGWOKxKm9N_sEQ,willow-springs-illinois
https://www.ubereats.com/chicago/food-delivery/panda-express-la-grange-%26-61st-st/jORFdXVuQduJeaED-Hp4eA,willow-springs-illinois
https://www.ubereats.com/chicago/food-delivery/taste-of-havana-cafe/exudU0DwQWK6y01vmTATyA,willow-springs-illinois
https://www.ubereats.com/chicago/food-delivery/buona-orland-park/2xpmKacyTmWINfoTO8vCPw,willow-springs-illinois
https://www.ubereats.com/chicago/food-delivery/fiesta-margarita/rLkqHW6TSXSUBmWvbZyJig,willow-springs-illinois
https://www.ubereats.com/chicago/food-delivery/la-michoacana-azteca-5447-w-79th-st/zx85RUNgQ_2XEpPE02k5hQ,willow-springs-illinois
https://www.ubereats.com/chicago/food-delivery/foxs-restaurant-%26-pub/avQDu7dJS6SewbgDyaOxQA,willow-springs-illinois
https://www.ubereats.com/chicago/food-delivery/mariscos-la-diabla/XJbcsztbSB-flt0Y145LIg,willow-springs-illinois
https://www.ubereats.com/chicago/food-delivery/the-beer-market/8X7uGNubSBiAbsIicDwtHw,willow-springs-illinois
https://www.ubereats.com/chicago/food-delivery/mcdonalds-harlem-%26-87th-st/0Z42sb6NSH-bFa9Vbw_h1Q,willow-springs-illinois
https://www.ubereats.com/chicago/food-delivery/starbucks-clarendon-hills-park-ave/k_05R2DJS0aEVeo3xxtbOQ,willow-springs-illinois
https://www.ubereats.com/chicago/food-delivery/mcdivots-restaurant/LKKViRqXRqOJnczkMFD5sg,willow-springs-illinois
https://www.ubereats.com/chicago/food-delivery/subway-9320-joliet-rd-ste-100/5t6x1477S2KBY2Y79H6UDQ,willow-springs-illinois
https://www.ubereats.com/chicago/food-delivery/on-the-go-restaurant/AILE5pKHS7q5Hkfs3zfqaA,willow-springs-illinois
https://www.ubereats.com/chicago/food-delivery/vito-%26-nicks-ii/gMKMd_DySH-yKzwXfJY5WA,willow-springs-illinois
https://www.ubereats.com/chicago/food-delivery/healthy-substance-kitchen/AEPPErUCRlaQ91P0ndvenw,willow-springs-illinois
https://www.ubereats.com/chicago/food-delivery/portillos-hot-dogs-5532-s-harlem-ave/Wq0ood9NTMm0_bharIBQkQ,willow-springs-illinois
https://www.ubereats.com/chicago/food-delivery/subway-80th-ave/Jh0SS5zjSEi3spyEFj2BTg,willow-springs-illinois
https://www.ubereats.com/chicago/food-delivery/thassos-greek-restaurant/TSyXgeCwQL6Ka7sZMYcfpA,willow-springs-illinois
https://www.ubereats.com/chicago/food-delivery/arbys-11017-s-cicero-ave/SyNkhEbWS3GJ4RC-37PiWQ,willow-springs-illinois
https://www.ubereats.com/chicago/food-delivery/starbucks-burbank-79th-%26-harlem/UunS4WkkRUWRvZA_CmDbpg,willow-springs-illinois
https://www.ubereats.com/chicago/food-delivery/royalberry-waffle-house-%26-restaurant/V3arrdJ-QoeAY0750N9Mfg,willow-springs-illinois
https://www.ubereats.com/chicago/food-delivery/wildfire-oak-brook/EArDI_IATQ-ejvek4jpUiQ,willow-springs-illinois
https://www.ubereats.com/chicago/food-delivery/dunkin-6408-w-95th-st/BBklDfxjSsiNEfBBW_pPIw,willow-springs-illinois
https://www.ubereats.com/chicago/food-delivery/starbucks-cicero-%26-archer/EHbxY9yqSXa4Pg5IRfgJFw,willow-springs-illinois
https://www.ubereats.com/chicago/food-delivery/wingz-it-iz-alsip/WAcYrBdCSbm_MAS-Oc49Cg,willow-springs-illinois
https://www.ubereats.com/chicago/food-delivery/subway-8615-w-95th-st/AhdyZ8agQsawcx7sF7sVpQ,willow-springs-illinois
https://www.ubereats.com/chicago/food-delivery/xs-%26-os-sports-bar-%26-grill/Wf804dYWQ7qPr4SXziproQ,willow-springs-illinois
https://www.ubereats.com/chicago/food-delivery/dunkin-150-e-ogden-ave/4WdBEOIaSpukFjR-ulWMKg,willow-springs-illinois
https://www.ubereats.com/chicago/food-delivery/fry-the-coop/ZzopkanDRTG1oYsuIa6uYg,willow-springs-illinois
https://www.ubereats.com/chicago/food-delivery/mcdonalds-79th-%26-stickney/DuTsqVg4Qp6M9wdMKrvZjQ,willow-springs-illinois
https://www.ubereats.com/chicago/food-delivery/claras/ULkU8AukSXGwKin9E-dS5w,willow-springs-illinois
https://www.ubereats.com/chicago/food-delivery/the-irish-legend/YDPuIqkERCm4x01tPESQQQ,willow-springs-illinois
https://www.ubereats.com/chicago/food-delivery/neat-kitchen-%2B-bar/69k4VkGuRnSS8cHwATO3yg,willow-springs-illinois
https://www.ubereats.com/chicago/food-delivery/wendys-7920-w-95th-street/ahjaaEAzSHSxFdeS3eHK3g,willow-springs-illinois
https://www.ubereats.com/chicago/food-delivery/nablusi-sweets/I6cDo6EGTQSGQ-fOgVvGrQ,willow-springs-illinois
https://www.ubereats.com/chicago/food-delivery/guac-n-tacos-western-springs/XnQcFL0FQb2ntElULqF0zw,willow-springs-illinois
https://www.ubereats.com/chicago/food-delivery/dunkin-6738-w-archer-ave/GGiNHdh4RjiZix118F6APw,willow-springs-illinois
https://www.ubereats.com/chicago/food-delivery/prasino/HVVTzo-oSKWWKqRwtYeWyw,willow-springs-illinois
https://www.ubereats.com/chicago/food-delivery/cafe-salsa/lPNCXkXSQj--UjiT4n2WCA,willow-springs-illinois
https://www.ubereats.com/chicago/food-delivery/hong-kong-carry-out/n-Llehj5Ru-OJ8bAD94Jag,willow-springs-illinois
https://www.ubereats.com/chicago/food-delivery/la-michoacana-premium-oak-lawn/HOLAVbIfSReqZ_O3eUFA3Q,willow-springs-illinois
https://www.ubereats.com/chicago/food-delivery/mcdonalds-cicero-%26-91st-st/d95j3BsGRc2BCFOQgMGVfw,willow-springs-illinois
https://www.ubereats.com/chicago/food-delivery/potbelly-sandwich-shop-westmont-dt-%7C-355/X8FhmEq8SueRKAEtdwPMIQ,willow-springs-illinois
https://www.ubereats.com/chicago/food-delivery/burger-21-orland-park/6cbcbczLQJCnHcWlNYvwIw,willow-springs-illinois
https://www.ubereats.com/chicago/food-delivery/taco-bell-444-chicago-ridge-mall/AeaKDf4VS62gy_odAzCTfQ,willow-springs-illinois
https://www.ubereats.com/chicago/food-delivery/chipotle-mexican-grill-40-n-la-grange-rd/ydY13b8eSvaRdd2BAdL5pA,willow-springs-illinois
https://www.ubereats.com/chicago/food-delivery/starbucks-oak-lawn-95th-%26-oak-park/hfPds2vjScyM9NPYY79ieQ,willow-springs-illinois
https://www.ubereats.com/chicago/food-delivery/irish-times/WMrypsrPTLaVNT3OyvAIEw,willow-springs-illinois
https://www.ubereats.com/chicago/food-delivery/mcdonalds-york-%26-ogden/c6U_uJTxSdC8ZHmHbBVMgA,willow-springs-illinois
https://www.ubereats.com/chicago/food-delivery/las-fuentes-restaurant-pulaski-rd/s7j_WolvR_61GOFcwLI1Tg,willow-springs-illinois
https://www.ubereats.com/chicago/food-delivery/dao-sushi-%26-thai-restaurant-willowbrook/i1DLWfBIS_OteYCrqvKQ8g,willow-springs-illinois
https://www.ubereats.com/chicago/food-delivery/red-lobster-14750-s-lagrange-rd/FmCMPirpSXqyXqN9lDDDdA,willow-springs-illinois
https://www.ubereats.com/chicago/food-delivery/hooters-lagrange-%26-joliet/deKpePwrRtanUemAn-ArYA,willow-springs-illinois
https://www.ubereats.com/chicago/food-delivery/strange-brew-cafe/7rbbZSJrQV63mRKn53h1nw,willow-springs-illinois
https://www.ubereats.com/chicago/food-delivery/mccarthys-carry-out/tlM14dqETpW7e-S76oHO6g,willow-springs-illinois
https://www.ubereats.com/chicago/food-delivery/starbucks-palos-heights-119th-%26-harlem/qlVLlareQwmDiM3Mpx3n3g,willow-springs-illinois
https://www.ubereats.com/chicago/food-delivery/sarpinos-pizzeria-5321-s-la-grange-rd/4EImGeWDRRy8S0RCnPW-6w,willow-springs-illinois
https://www.ubereats.com/chicago/food-delivery/al-basha-cuisine/yFtdXAQuRzKL2rav_OEF7g,willow-springs-illinois
https://www.ubereats.com/chicago/food-delivery/mora-asian-kitchen-bolingbrook/6U9oNXyaSpGuLqDwvoFbuA,willow-springs-illinois
https://www.ubereats.com/chicago/food-delivery/les-brothers/G6mtrDK1QQCupOouLSQyVg,willow-springs-illinois
https://www.ubereats.com/chicago/food-delivery/ihop-79th-st-%26-harlem/SBgj1fXbT66tly6Df36Ung,willow-springs-illinois
https://www.ubereats.com/chicago/food-delivery/southern-belles-bedford-park/Db_4YGFdSVCE5f7ZpmhT3Q,willow-springs-illinois
https://www.ubereats.com/chicago/food-delivery/fannie-may-palos-heights/kgOYgktcRRGyXAj1pqi_TA,willow-springs-illinois
https://www.ubereats.com/chicago/food-delivery/chipotle-mexican-grill-5801-s-la-grange-rd/0srhU-VJTBujweqlmBnBtA,willow-springs-illinois
https://www.ubereats.com/chicago/food-delivery/kojak-drive-in/pPd0wzj4QWicPpAynIHccg,willow-springs-illinois
https://www.ubereats.com/chicago/food-delivery/kfc-8940-south-harlem-avenue/Nl05uoeKT-i2CStB3vgChg,willow-springs-illinois
https://www.ubereats.com/chicago/food-delivery/steak-n-shake-2019-w-75th-street/bXW_XVKGQE2nANq1M8TC-A,willow-springs-illinois
https://www.ubereats.com/chicago/food-delivery/sakura-nami/Lh3hW6EoQgytsqOU5H8yZQ,willow-springs-illinois
https://www.ubereats.com/chicago/food-delivery/potbelly-sandwich-shop-summit-%7C-138/8nUXRTsvQCaBbaKTkaqT8Q,willow-springs-illinois
https://www.ubereats.com/chicago/food-delivery/jimmys-dog-house/J62MQQD0QjGn7qxlo5Excw,willow-springs-illinois
https://www.ubereats.com/chicago/food-delivery/tacos-marios-1/LhfiMnbxSs-KN1chdjKU0Q,willow-springs-illinois
https://www.ubereats.com/chicago/food-delivery/smashburger-5139-w-95th-st/HVVi9ogdSVuLLzviWKDG5Q,willow-springs-illinois
https://www.ubereats.com/chicago/food-delivery/burger-king-11124-west-31st-avenue/L0b1zBMUSfirJtuhYNtwYw,willow-springs-illinois
https://www.ubereats.com/chicago/food-delivery/mangia-mangia/H6zRSU3LQ6q185eLF2-JrQ,willow-springs-illinois
https://www.ubereats.com/chicago/food-delivery/mon-ami-gabi-oak-brook-center/VQHij92TRhmRv4BsxdTcSg,willow-springs-illinois
https://www.ubereats.com/chicago/food-delivery/labriola-cafe-oak-brook/TRdussV4RK6FPPZMwfRxrA,willow-springs-illinois
https://www.ubereats.com/chicago/food-delivery/shrimp-shack/A-TI5F9yScOnxL5K0jkRoQ,willow-springs-illinois
https://www.ubereats.com/chicago/food-delivery/thai-twin/ssM3tbmxT3KQnUurlSwfAw,willow-springs-illinois
https://www.ubereats.com/chicago/food-delivery/chicago-cheese-steak-company/_m2wL1kFQ5uQKjtltAS1Fw,willow-springs-illinois
https://www.ubereats.com/chicago/food-delivery/carrabbas-1001-75th-st/J3K7eixKRk6vPbZ0Nm4KMg,willow-springs-illinois
https://www.ubereats.com/chicago/food-delivery/chishack/Zpox8GcdQjSliPRTheu9RA,willow-springs-illinois
https://www.ubereats.com/chicago/food-delivery/capri-lounge-and-grill/HXo1FF_ER_-23XfMz5mNNw,willow-springs-illinois
https://www.ubereats.com/chicago/food-delivery/the-original-pancake-house-cicero-%26-109th-st/fd-c4Ys0TlaNovtI7V85Dw,willow-springs-illinois
https://www.ubereats.com/chicago/food-delivery/capri-to-go/2F1h-lE6Qr-r4p13eri_kQ,willow-springs-illinois
https://www.ubereats.com/chicago/food-delivery/priyas-kitchen-westmont/-6clMLQeSWmI_O6dEy3qNg,willow-springs-illinois
https://www.ubereats.com/chicago/food-delivery/mcdonalds-95th-st-%26-mcvicker/dLgKAcRWTfy3J-CM3hrJcA,willow-springs-illinois
https://www.ubereats.com/chicago/food-delivery/premos-drive-in/3iK3VqVVT1ayokC7esW1dQ,willow-springs-illinois
https://www.ubereats.com/chicago/food-delivery/subway-of-countryside/Arf5hNIsTrecLiUmhGinbg,willow-springs-illinois
https://www.ubereats.com/chicago/food-delivery/mod-pizza-willowbrook-tc/AePbiB-YQseAW15SIRW_kg,willow-springs-illinois
https://www.ubereats.com/chicago/food-delivery/little-joes-countryside/ONhUZhpLT0C1dG1BUiKCDw,willow-springs-illinois
https://www.ubereats.com/chicago/food-delivery/rosebud-lemont/DbSUgrRkQQCPY7kbJi38Ew,willow-springs-illinois
https://www.ubereats.com/chicago/food-delivery/del-carmen-restaurant-worth/4fM46mGJS-CVNqngxCd1HQ,willow-springs-illinois
https://www.ubereats.com/chicago/food-delivery/submarine-city/_0nmL6lEQImM7cwhLAmj8Q,willow-springs-illinois
https://www.ubereats.com/chicago/food-delivery/kismet-of-orland-inc/vCul6lhFTNyjDkWlfRC7Ow,willow-springs-illinois
https://www.ubereats.com/chicago/food-delivery/noodles-%26-company-14662-la-grange-rd-unit-b-1/i7FuDPA9Q3S6l93W_vuzkQ,willow-springs-illinois
https://www.ubereats.com/chicago/food-delivery/shawerma-house/AZCxDWUVSJGJ5o6LpygoZg,willow-springs-illinois
https://www.ubereats.com/chicago/food-delivery/corner-bakery-cafe-42-e-hinsdale-ave/0Buj65LDTumKHa0DVde28g,willow-springs-illinois
https://www.ubereats.com/chicago/food-delivery/fill-a-pita/TxEeurOJRb2iDcMI5uCycA,willow-springs-illinois
https://www.ubereats.com/chicago/food-delivery/damascus-falafel/-0wJWXJ0RsOxsqtXYlyosQ,willow-springs-illinois
https://www.ubereats.com/chicago/food-delivery/chinese-kitchen/1HaC06LwS2SrfNrLNXN9rA,willow-springs-illinois
https://www.ubereats.com/chicago/food-delivery/subway-7901-narragansett-ave/ES0O4wB6RZ-jYl2aMwpJSg,willow-springs-illinois
https://www.ubereats.com/chicago/food-delivery/egg-beater-cafe/sp8OBFKBS0evZU2dcCgWuA,willow-springs-illinois
https://www.ubereats.com/chicago/food-delivery/roundheads-pizza-downers-grove/wMvUxymuTTSCsH33UVQcwQ,willow-springs-illinois
https://www.ubereats.com/chicago/food-delivery/capri-express-pizza-%26-pasta/YJ5GKUlmQWOAcwzMVD8EPw,willow-springs-illinois
https://www.ubereats.com/chicago/food-delivery/dunkin-5755-w-63rd-st/Y3Bfq9CRTNeRNJAtMuwBcA,willow-springs-illinois
https://www.ubereats.com/chicago/food-delivery/bds-mongolian-grill-boughton-%26-janes/OYULWfh3RkaUHFHoDRtHlg,willow-springs-illinois
https://www.ubereats.com/chicago/food-delivery/starbucks-countryside-lagrange-road/eJPTkgdDR2KtHzD4KFCpvg,willow-springs-illinois
https://www.ubereats.com/chicago/food-delivery/jack-desmonds-irish-pub/vh0OOHJIS-Gr_nY482oxCw,willow-springs-illinois
https://www.ubereats.com/chicago/food-delivery/firehouse-subs-920-plainfield-road/SU0hQLMMQdiAgexyYvOeSQ,willow-springs-illinois
https://www.ubereats.com/chicago/food-delivery/jennys-steakhouse/dnUo9s4cQ42GP6OldKqT4g,willow-springs-illinois
https://www.ubereats.com/chicago/food-delivery/subway-7949-s-cicero-rd/fuXb4x0VQ8iqarJJ_yH3bA,willow-springs-illinois
https://www.ubereats.com/chicago/food-delivery/starbucks-75th-%26-lemont/L_aWYoz8QXOPgxDo_FSxzQ,willow-springs-illinois
