url,city
https://www.ubereats.com/chicago/food-delivery/browns-chicken-downers-grove/yBR2xHQcT4mK-c_ZQFc8CQ,willowbrook-illinois
https://www.ubereats.com/chicago/food-delivery/uhmazing-blt/3lFSlCnbRpy7ox7bWGhk0w,willowbrook-illinois
https://www.ubereats.com/chicago/food-delivery/xelva-mayan-kitchen/TGKlGcL5RcO4REtmbQ_xUg,willowbrook-illinois
https://www.ubereats.com/chicago/food-delivery/cozzi-corner-hot-dogs-beef-%26-catering/W8daFSo-S36_JRtLXBZHOA,willowbrook-illinois
https://www.ubereats.com/chicago/food-delivery/between-the-buns-oakbrook-terrace/WGBztpyzREGBym1qMje0Aw,willowbrook-illinois
https://www.ubereats.com/chicago/food-delivery/honey-fluff-donuts/DVdKZWwLTmmiDRmUMqa1kA,willowbrook-illinois
https://www.ubereats.com/chicago/food-delivery/tasty-deli/SQdxptDLTLWBPhN5yeTPdg,willowbrook-illinois
https://www.ubereats.com/chicago/food-delivery/kabob-q/JRxi0jOjTIS1N4YMp1pvxg,willowbrook-illinois
https://www.ubereats.com/chicago/food-delivery/los-sombreros-taqueria/VhrolDbXTb2npCR-QgYa8A,willowbrook-illinois
https://www.ubereats.com/chicago/food-delivery/jj-fish-and-chicken-88th-ave/h9cdbLhNTsO1BGtm_WFtvg,willowbrook-illinois
https://www.ubereats.com/chicago/food-delivery/rosatis-pizza-woodridge/sePZvq94TViGMvPBP8JYGQ,willowbrook-illinois
https://www.ubereats.com/chicago/food-delivery/starbucks-downtown-lagrange/wQBjM0ztSgWPRm6PrkgS8w,willowbrook-illinois
https://www.ubereats.com/chicago/food-delivery/five-guys-il-0575-340-ogden-ave/B7oICECzTi6QiCTbiRFTVA,willowbrook-illinois
https://www.ubereats.com/chicago/food-delivery/brick-house-1461-butterfield-rd/KF4Imx0HTAC5z-VXgjoa9Q,willowbrook-illinois
https://www.ubereats.com/chicago/food-delivery/dunkin-6310-woodward-ave/xLi-69bwRfOQ7sHQxLptDQ,willowbrook-illinois
https://www.ubereats.com/chicago/food-delivery/taste-indian-chinese-cuisine/F9z4mgIGQiCJKGqHqlJ1MA,willowbrook-illinois
https://www.ubereats.com/chicago/food-delivery/tavern-on-la-grange/tzNU3hKwR_Omi1UsLqb1UA,willowbrook-illinois
https://www.ubereats.com/chicago/food-delivery/blueberry-hill-breakfast-cafe-oak-brook/vZgWOmnKQs6hgLw7gwWLZw,willowbrook-illinois
https://www.ubereats.com/chicago/food-delivery/my-way-ristorante/NVdHbJemR8OGFz0WM6peww,willowbrook-illinois
https://www.ubereats.com/chicago/food-delivery/mac-daddys-highland/FEp3MK0_QRipGXK98kQ06w,willowbrook-illinois
https://www.ubereats.com/chicago/food-delivery/cassanos-pizzeria/_ohiU9AbQ_qaIV8tGZtd3Q,willowbrook-illinois
https://www.ubereats.com/chicago/food-delivery/dunkin-4300-lincoln-ave-unit-a/PrmqDUjxT0apyGVG1WbaFg,willowbrook-illinois
https://www.ubereats.com/chicago/food-delivery/rudys-grill/-LjUbsR6QcG7E7rRzOeqmA,willowbrook-illinois
https://www.ubereats.com/chicago/food-delivery/mcdonalds-95th-st-%26-i-294/pK92VGl3R32Drqy0-Ie7mg,willowbrook-illinois
https://www.ubereats.com/chicago/food-delivery/bills-place/YaSM1zMLQWKhLRNasT03HA,willowbrook-illinois
https://www.ubereats.com/chicago/food-delivery/als-char-house/oPWxvjWpRLGJjLKx3OXVqQ,willowbrook-illinois
https://www.ubereats.com/chicago/food-delivery/joeys-pizza/WGpsHfz6SNKzBm312STpbg,willowbrook-illinois
https://www.ubereats.com/chicago/food-delivery/lawrences-fish-%26-shrimp-lombard/e9NG0u4iTx6q9OysZah1JA,willowbrook-illinois
https://www.ubereats.com/chicago/food-delivery/the-fremont-bar-and-grill/xubDDutZQEygTKmRibMw8Q,willowbrook-illinois
https://www.ubereats.com/chicago/food-delivery/wendys-320-e-ogden/Y1S2uYGATJ-S24rplV-4sg,willowbrook-illinois
https://www.ubereats.com/chicago/food-delivery/tacos-n-tarka-tnt/vaU8kEFGTh-O9EKsgIT6-A,willowbrook-illinois
https://www.ubereats.com/chicago/food-delivery/taco-bell-5611-s-la-grange-rd/O_3piasVRdOquV6giGMLvQ,willowbrook-illinois
https://www.ubereats.com/chicago/food-delivery/taqueria-los-comales-roosevelt-%26-westmore-meyers/yVagsUvASyaAt0MLBsQ7dQ,willowbrook-illinois
https://www.ubereats.com/chicago/food-delivery/cali-girl-cakes/Igls1pTzS5S87tc5xzvIYg,willowbrook-illinois
https://www.ubereats.com/chicago/food-delivery/crispy-bitez/rqB5TcUFQFCX5yq71Pb1zA,willowbrook-illinois
https://www.ubereats.com/chicago/food-delivery/taco-bell-444-n-bolingbrook-dr/9qpJyWAPSH6VAx3-5A_qZg,willowbrook-illinois
https://www.ubereats.com/chicago/food-delivery/the-port-of-peri-peri-villa-park/6m6tAxofRSWFrxMkkKhPAA,willowbrook-illinois
https://www.ubereats.com/chicago/food-delivery/noodles-%26-company-342-yorktown-shopping-center/AA_y_miUSFmAQGUYnO-H_Q,willowbrook-illinois
https://www.ubereats.com/chicago/food-delivery/las-palmas-of-naperville-inc/M1fcFqe3SumcDBNR0SAuRA,willowbrook-illinois
https://www.ubereats.com/chicago/food-delivery/los-burritos-tapatios-westmont/MD8ruDZAQaCT4V7PF_TpGQ,willowbrook-illinois
https://www.ubereats.com/chicago/food-delivery/wing-society/iWZvGIEqTCSE18rnDqzYLg,willowbrook-illinois
https://www.ubereats.com/chicago/food-delivery/dunkin-donuts-75th-st/GdZ_imXeQIqijBRAyNySzg,willowbrook-illinois
https://www.ubereats.com/chicago/food-delivery/burger-king-7205-archer-avenue/ZVcXGplAST2OPAHHptvFaQ,willowbrook-illinois
https://www.ubereats.com/chicago/food-delivery/casa-margarita-bolingbrook/hJNglfZ0TKWztFs3zBN8CQ,willowbrook-illinois
https://www.ubereats.com/chicago/food-delivery/chipotle-mexican-grill-1516-n-naper-blvd-ste-104/ljoAlmviR4-6NOr-25HjzA,willowbrook-illinois
https://www.ubereats.com/chicago/food-delivery/pepes-woodridge-il/Y6RW-R26SkeahKpUSyeQOg,willowbrook-illinois
https://www.ubereats.com/chicago/food-delivery/dunkin-121-w-ogden-ave/ajUIrtrtS2u4O5j_LWzBbw,willowbrook-illinois
https://www.ubereats.com/chicago/food-delivery/mcdonalds-9101-s-kingery-highway/cxnI-_zRTCmE5aZh0nlxFg,willowbrook-illinois
https://www.ubereats.com/chicago/food-delivery/chucks-southern-comforts-cafe/4RVPrC7NQKSECrLySEZhGg,willowbrook-illinois
https://www.ubereats.com/chicago/food-delivery/taco-bell-7451-lemont-rd/4OBSDfhTQdi7h06r1TAWHA,willowbrook-illinois
https://www.ubereats.com/chicago/food-delivery/taco-bell-8760-w-95th-street/Rx01zh6jSFiWeIH-KvSnwg,willowbrook-illinois
https://www.ubereats.com/chicago/food-delivery/zazas/47-v5gu2S1uP3BSsCgDkYQ,willowbrook-illinois
https://www.ubereats.com/chicago/food-delivery/jumbo-crab/Z3sIHOBHS2eWKuYALYUzfw,willowbrook-illinois
https://www.ubereats.com/chicago/food-delivery/wooden-paddle/vZmz4_aIToW47ruY5uz0_g,willowbrook-illinois
https://www.ubereats.com/chicago/food-delivery/fuller-house-bar/u00FtmlHSkON3RCnVkuHnQ,willowbrook-illinois
https://www.ubereats.com/chicago/food-delivery/buona-darien/HvuE4zjIS1CCW_IfLxCVZw,willowbrook-illinois
https://www.ubereats.com/chicago/food-delivery/evviva!-bar-%26-eatery/kZFOloCrS2-c36HK02Odvw,willowbrook-illinois
https://www.ubereats.com/chicago/food-delivery/maries/0ROEHBY5TeuHsnFsZbuoyA,willowbrook-illinois
https://www.ubereats.com/chicago/food-delivery/sarpinos-pizzeria-922-roosevelt-rd/W74llbs0Sgm31ljKbr8uUw,willowbrook-illinois
https://www.ubereats.com/chicago/food-delivery/were-nuts/FbLHjhcjSZKeh-VKDYPsNw,willowbrook-illinois
https://www.ubereats.com/chicago/food-delivery/mickeys-gyros/exzHWwK2QRytUahC8BTVOA,willowbrook-illinois
https://www.ubereats.com/chicago/food-delivery/blue-star-tacos/IWgXSVGNR7WNkNti4nktNA,willowbrook-illinois
https://www.ubereats.com/chicago/food-delivery/zoup!-1001-west-75th-street/vu36tcizR0a0d6R1rPbQCA,willowbrook-illinois
https://www.ubereats.com/chicago/food-delivery/nandos-peri-peri-523-oakbrook-center/CL1_9NfwQyuZhtZdhyIk2Q,willowbrook-illinois
https://www.ubereats.com/chicago/food-delivery/mcdonalds-yorktown-center-%26-highland/h7LZGAMtS8Ox6eQf2Upmzw,willowbrook-illinois
https://www.ubereats.com/chicago/food-delivery/dennys-bolingbrook/I6QsCqO5SFSWTFp65vJm9w,willowbrook-illinois
https://www.ubereats.com/chicago/food-delivery/subway-357-w-ogden-ave/3DmLgKQwQhK0KS86ghxulQ,willowbrook-illinois
https://www.ubereats.com/chicago/food-delivery/tgi-fridays-2670-darien-il/ehOv0IQtQReUgT3WafeO8A,willowbrook-illinois
https://www.ubereats.com/chicago/food-delivery/mcdonalds-butterfield-%26-york/ao9c96NNTd6L48bv1IWLhQ,willowbrook-illinois
https://www.ubereats.com/chicago/food-delivery/salt-and-pepper-cajun-kitchen/UTI-h4m0RUaDousraZecYg,willowbrook-illinois
https://www.ubereats.com/chicago/food-delivery/california-pizza-kitchen-551-oakbrook-center/pBTR76ksS_GkLJuimGtfAg,willowbrook-illinois
https://www.ubereats.com/chicago/food-delivery/wendys-7100-kingery-rd/u_piKav7TEWouLaSaD32qQ,willowbrook-illinois
https://www.ubereats.com/chicago/food-delivery/del-carmen-restaurant-chicago/ecc0cbKDQ3magfTpWgHjMg,willowbrook-illinois
https://www.ubereats.com/chicago/food-delivery/egg-jam-highland-ave/Srko6eGKRVW_CZJbpUJCvQ,willowbrook-illinois
https://www.ubereats.com/chicago/food-delivery/chiba-japanese/za-rCerER_6WRi_8jZ5SfQ,willowbrook-illinois
https://www.ubereats.com/chicago/food-delivery/aurelios-pizza-la-grange-%26-calendar/0_6Ks9D0Q_i_vQOju68jUw,willowbrook-illinois
https://www.ubereats.com/chicago/food-delivery/la-michoacana-classic/RstW0hMsQk6ZKTW7RW0OUQ,willowbrook-illinois
https://www.ubereats.com/chicago/food-delivery/francescas-at-the-promenade/Y-sKbw5YSCW68yRGUoTZxQ,willowbrook-illinois
https://www.ubereats.com/chicago/food-delivery/sha-poppin-gourmet-popcorn-shoppe/Rb1tL2j_QoGHfOQZPC0kBQ,willowbrook-illinois
https://www.ubereats.com/chicago/food-delivery/starbucks-butterfield-%26-finley/aITvNFG7QQeLtwDwLIJd2g,willowbrook-illinois
https://www.ubereats.com/chicago/food-delivery/lucky-dragon/SbcGz6s_S6eRT3hm1kmJvw,willowbrook-illinois
https://www.ubereats.com/chicago/food-delivery/red-lobster-209-south-weber-road/6_XjRBuETUaf8ZvPKkj9JQ,willowbrook-illinois
https://www.ubereats.com/chicago/food-delivery/di-nicos-pizza/57vhsrUMTqqWIJCzTkgGVw,willowbrook-illinois
https://www.ubereats.com/chicago/food-delivery/downers-delight-restaurant/bVueER1FS4SAID5dG_HxRg,willowbrook-illinois
https://www.ubereats.com/chicago/food-delivery/panda-express-781-e-boughton-rd/b_xpnqPFRniSy5Zt0DXEgA,willowbrook-illinois
https://www.ubereats.com/chicago/food-delivery/salernos-pizzeria-and-sports-bar-hodgkins/D5YwWsctSjGWteD-FIIqhA,willowbrook-illinois
https://www.ubereats.com/chicago/food-delivery/taste-greek-street-food/gx3n7xJ7T4-HFYp7bsrQlg,willowbrook-illinois
https://www.ubereats.com/chicago/food-delivery/old-town-pour-house-oak-brook/BGZTNaroQwukePwE0w3iCw,willowbrook-illinois
https://www.ubereats.com/chicago/food-delivery/starbucks-roosevelt-%26-summit/vQck3ZmKTtWZQxZ513M_xA,willowbrook-illinois
https://www.ubereats.com/chicago/food-delivery/scrumptious-by-hira/4oLvCSElStW6lvS9KAjXsQ,willowbrook-illinois
https://www.ubereats.com/chicago/food-delivery/which-wich-superior-sandwiches-22nd-st-%26-midwest/o-yhXR1hR9C7iWJf_rGfZg,willowbrook-illinois
https://www.ubereats.com/chicago/food-delivery/barrel-house-social/JXB_0b9QQsKkfmJ06c7obA,willowbrook-illinois
https://www.ubereats.com/chicago/food-delivery/francescas-on-95th/pTCx1F5NSBqNHHYlswx-Tw,willowbrook-illinois
https://www.ubereats.com/chicago/food-delivery/taco-bell-125-w-roosevelt-rd/pRs07qGgTcalgLlkN-eLfg,willowbrook-illinois
https://www.ubereats.com/chicago/food-delivery/saffron-of-westmont/CwmZag9iQ9Od-RoOO-JQJw,willowbrook-illinois
https://www.ubereats.com/chicago/food-delivery/lindys-chili-%26-gerties-ice-cream-87th/N2RRpDkeTtK2GPYUz_TXxw,willowbrook-illinois
https://www.ubereats.com/chicago/food-delivery/papa-johns-pizza-westchester/Ttt4SZuDROeuXXdnadG5Ow,willowbrook-illinois
https://www.ubereats.com/chicago/food-delivery/wendys-1925-boughton-road/InLQs2YtSaKfDvppqLYBIg,willowbrook-illinois
https://www.ubereats.com/chicago/food-delivery/brothers-mexican-grill-4824-butterfield-rd/pL7fIH9KSxGzF01fo7tUEQ,willowbrook-illinois
https://www.ubereats.com/chicago/food-delivery/jersey-mikes-subs-lisle-1032-maple-avenue/C3QYURJeTc6ZntggX97oAw,willowbrook-illinois
https://www.ubereats.com/chicago/food-delivery/dairy-queen-treat-841-e-roosevelt-rd/bArWbmwpQ0Wju9y143Mw2Q,willowbrook-illinois
https://www.ubereats.com/chicago/food-delivery/halal-guys-la-grange-rd/yphU_NoUSFuu2a_-j-ue8Q,willowbrook-illinois
https://www.ubereats.com/chicago/food-delivery/panda-express-5800-tri-state-tollway/VKh-m8C8Tv2sH2Uk-O1unw,willowbrook-illinois
https://www.ubereats.com/chicago/food-delivery/vip-pita/gmRkZ8EdTPKBaLxoMN7pFA,willowbrook-illinois
https://www.ubereats.com/chicago/food-delivery/taco-bell-3063-s-wolf-rd/PZw9dJxGQLCRC1_u44aXLA,willowbrook-illinois
https://www.ubereats.com/chicago/food-delivery/starbucks-willowbrook-rte-83-%26-plainfield/UlO45HaKQoKMwgTQPT7T6Q,willowbrook-illinois
https://www.ubereats.com/chicago/food-delivery/potbelly-sandwich-shop-bolingbrook-%7C-122/aYsPS9KHRaakul1c7azkLA,willowbrook-illinois
https://www.ubereats.com/chicago/food-delivery/la-estancia-inc/RVTHV8Z8RreFBnZBzxS-ag,willowbrook-illinois
https://www.ubereats.com/chicago/food-delivery/fannie-may-woodgrove/RYDqzAEzRsO3sZZ9Kc-O8Q,willowbrook-illinois
https://www.ubereats.com/chicago/food-delivery/jackies-subs-salads-%26-gyros/Bm2cBoTKSeewWYsZMgSttA,willowbrook-illinois
https://www.ubereats.com/chicago/food-delivery/brothers-mexican-grill-1014-south-la-grange-road/L81PIbecR92t0brgHMPGbw,willowbrook-illinois
https://www.ubereats.com/chicago/food-delivery/chipotle-mexican-grill-300-e-ogden-ave/YdE3pdLGR3iPOSsrsUUQoA,willowbrook-illinois
https://www.ubereats.com/chicago/food-delivery/friacos-mexican-grill-and-cantina-lisle/deGxlrmcRNuWYzv9ZR0Tew,willowbrook-illinois
https://www.ubereats.com/chicago/food-delivery/casa-margarita-downers-grove/2NKwK1NJREChDBPK46DnKg,willowbrook-illinois
https://www.ubereats.com/chicago/food-delivery/clique-sports-bar/ulitmKlyR2C6EfmpfRHpbw,willowbrook-illinois
https://www.ubereats.com/chicago/food-delivery/dennys-95th-st-%26-i-294/8-Lp7ipQTnaXxYRQbJAStg,willowbrook-illinois
https://www.ubereats.com/chicago/food-delivery/panda-express-75th-st-%26-lyman/tlWgd43wTpek7tDfXPGmeA,willowbrook-illinois
https://www.ubereats.com/chicago/food-delivery/so-cheesy/udXRrJUURhaVlXRQt5rnig,willowbrook-illinois
https://www.ubereats.com/chicago/food-delivery/subway-8266-janes-ave/pK3BrwGwQvmWjhNoGQ6UXw,willowbrook-illinois
https://www.ubereats.com/chicago/food-delivery/eriks-deli-lisle/RNTVEtTuScyVCt_o87QRtA,willowbrook-illinois
https://www.ubereats.com/chicago/food-delivery/the-hen-house-of-wheaton/IJliFIRuQVOm_qk9QJKeMQ,willowbrook-illinois
https://www.ubereats.com/chicago/food-delivery/raffertys-irish-pub/v5JL4b_JTDO4hkl0EzEfTQ,willowbrook-illinois
https://www.ubereats.com/chicago/food-delivery/q-bar-darien/F8CTpLb3Qge3M6zAWT9b5Q,willowbrook-illinois
https://www.ubereats.com/chicago/food-delivery/panda-express-1010-ogden-ave/uNNK0XEgTBusSdZmJkx2tg,willowbrook-illinois
https://www.ubereats.com/chicago/food-delivery/mcdonalds-ogden-%26-wisconsin/U3VSSiyNT4KJZ0CA9Tw7RQ,willowbrook-illinois
https://www.ubereats.com/chicago/food-delivery/kfc-lombard/JZEwvbBZSiuKaLAjo8OJNg,willowbrook-illinois
https://www.ubereats.com/chicago/food-delivery/taco-grill-%26-salsa-bar/syPSEZIDTYiYzr4fboYt2w,willowbrook-illinois
https://www.ubereats.com/chicago/food-delivery/yerbabuena/YDKD1jCXQUCf_C3jxdJ9Xw,willowbrook-illinois
https://www.ubereats.com/chicago/food-delivery/deccan-spice/fZswNb53TLSMKB182uXRfQ,willowbrook-illinois
https://www.ubereats.com/chicago/food-delivery/lao-sze-chuan-restaurant-downers-grove/-QAszjVaTo62s4dTvawpZw,willowbrook-illinois
https://www.ubereats.com/chicago/food-delivery/village-garden-restaurant-and-cafe/oCOo_LzwQC-s_cBk51af0g,willowbrook-illinois
https://www.ubereats.com/chicago/food-delivery/mama-ds/xLGiB5mqS32BZiEXxnbw9Q,willowbrook-illinois
https://www.ubereats.com/chicago/food-delivery/dunkin-5500-s-la-grange-rd/DDCGkFXIQX2D_rQHuBSLYA,willowbrook-illinois
https://www.ubereats.com/chicago/food-delivery/super-crown-wings/U3IgVVIuQCmWPgfJjlLwMA,willowbrook-illinois
https://www.ubereats.com/chicago/food-delivery/pizza-track/Fk2KhVk7StGHyeLoYRyn-A,willowbrook-illinois
https://www.ubereats.com/chicago/food-delivery/subway-1920-87th-st/ScqQLk9oSYW03PfuKx_OqA,willowbrook-illinois
https://www.ubereats.com/chicago/food-delivery/dunkin-7516-s-cass-ave/R9x4GcCPSgKUmQtBmblDvg,willowbrook-illinois
https://www.ubereats.com/chicago/food-delivery/dunkin-9208-ogden-ave/vulV1V-ISNalZJ7MgBKIDQ,willowbrook-illinois
https://www.ubereats.com/chicago/food-delivery/portillos-hot-dogs-1500-butterfield-rd/MR-_rmoqT_ud7vA6yisOog,willowbrook-illinois
https://www.ubereats.com/chicago/food-delivery/woodgrain-neapolitan-pizzeria-bolingbrook/ffawJsDSTVKEqbPLLk95Iw,willowbrook-illinois
https://www.ubereats.com/chicago/food-delivery/juicy-o-pancake-house-downers-grove/R-imWBd3TiSHtLrYDAJRIQ,willowbrook-illinois
https://www.ubereats.com/chicago/food-delivery/fajitas-mexican-restaurant-countryside/xCVJb2T3QvWi6mxz0oDLWQ,willowbrook-illinois
https://www.ubereats.com/chicago/food-delivery/shibam-bridgeview/kz6DdnP9RgWvjtO3ZqW_Ng,willowbrook-illinois
https://www.ubereats.com/chicago/food-delivery/weber-grill-restaurant-lombard/5wAyp2tPRIu3XS6Rnnr8yw,willowbrook-illinois
https://www.ubereats.com/chicago/food-delivery/mapo-restaurant/otABfe8jRcyOooacU_s9dA,willowbrook-illinois
https://www.ubereats.com/chicago/food-delivery/poke-bros-oakbrook-terrace/M31T1yrWRtaTI-Xri7qE1g,willowbrook-illinois
https://www.ubereats.com/chicago/food-delivery/burgerim/XxnzFkeBTzyyxT1i2FSOGQ,willowbrook-illinois
https://www.ubereats.com/chicago/food-delivery/jj-fish-%26-chicken-w-boughton/DVp7w5rcSPiNkZdCxMoRsg,willowbrook-illinois
https://www.ubereats.com/chicago/food-delivery/warrens-ale-house/iwKkC6FWRyacBvUNKJoEbQ,willowbrook-illinois
https://www.ubereats.com/chicago/food-delivery/urban-counter-hinsdale/BBIbekYfSRSxQVBdtWgTIg,willowbrook-illinois
https://www.ubereats.com/chicago/food-delivery/mod-pizza-bolingbrook/FSpFipMdREa7m-ag8Q6uhA,willowbrook-illinois
https://www.ubereats.com/chicago/food-delivery/starbucks-75th-%26-cass/T3jalagzSJ2AxTo3zMSfmw,willowbrook-illinois
https://www.ubereats.com/chicago/food-delivery/potbelly-sandwich-shop-lombard-%7C-33/9MwkQbjLT2SKrw5Bd5IPPw,willowbrook-illinois
https://www.ubereats.com/chicago/food-delivery/chipotle-mexican-grill-1556-butterfield-rd-ste-a/-JFjkroZReWScmEWNY_NSA,willowbrook-illinois
https://www.ubereats.com/chicago/food-delivery/portillos-hot-dogs-134-e-boughton-rd/erRio82uSHSkV3Hxi5rgJw,willowbrook-illinois
https://www.ubereats.com/chicago/food-delivery/capri-of-downers-grove/XVCsZSVZSkmAoS19VXowkg,willowbrook-illinois
https://www.ubereats.com/chicago/food-delivery/honey-jam-cafe/7GRbxmojSGyICleSe0cdkw,willowbrook-illinois
https://www.ubereats.com/chicago/food-delivery/pasquallys-pizza-%26-wings-7409-cass-ave/3xyjZpnDTm2wVSUtRUoOvA,willowbrook-illinois
https://www.ubereats.com/chicago/food-delivery/rosatis-pizza-lemont/ZggF0s0uRy-7qSETCqx3Vw,willowbrook-illinois
https://www.ubereats.com/chicago/food-delivery/sarpinos-pizzeria-5107-fairview-ave/6w1QwAINTnio5PtcdCJfHw,willowbrook-illinois
https://www.ubereats.com/chicago/food-delivery/mcdonalds-63rd-st-%26-cass/TkuqzkRRQP6k9L91Bwsj-g,willowbrook-illinois
https://www.ubereats.com/chicago/food-delivery/protein-bar-%26-kitchen-york-%26-22nd-st/Zg68NwEqRGelfKiIYzYh_w,willowbrook-illinois
https://www.ubereats.com/chicago/food-delivery/biryani-pointe/0Rrn7fW3Q2-frt-WkQaumg,willowbrook-illinois
https://www.ubereats.com/chicago/food-delivery/young-prince/oh6yLZY-QzSVwpaaA34yFA,willowbrook-illinois
https://www.ubereats.com/chicago/food-delivery/gloria-jeans-coffees/vncLxulkSmaFccj0Dfvtvg,willowbrook-illinois
https://www.ubereats.com/chicago/food-delivery/en-fuego-mexican-grille/MwBtuevkQZq8B0K3TQkacQ,willowbrook-illinois
https://www.ubereats.com/chicago/food-delivery/wendys-9941-w-55th-st/eCkaHRypQXqUazPNlJ9RJQ,willowbrook-illinois
https://www.ubereats.com/chicago/food-delivery/buffalo-wild-wings-6450-route-53/r7-ure1xTgSm9-RpsDH3Og,willowbrook-illinois
https://www.ubereats.com/chicago/food-delivery/mcdonalds-roosevelt-%26-mannheim/oQb8rlVRTmS6Htf5Rfc0Kw,willowbrook-illinois
https://www.ubereats.com/chicago/food-delivery/china-chef/mh5sHXAzQsao24KGFkRwZA,willowbrook-illinois
https://www.ubereats.com/chicago/food-delivery/tap-house-grill-lemont/O9OZ9DoVRz-KlLmL2NcGqg,willowbrook-illinois
https://www.ubereats.com/chicago/food-delivery/mcdonalds-maple-%26-lenox/BH66NZOeQAiflIZRb7_PgQ,willowbrook-illinois
https://www.ubereats.com/chicago/food-delivery/shanahans/JZEDfOD1TXeQJjMJJlMiXg,willowbrook-illinois
https://www.ubereats.com/chicago/food-delivery/margies-beef-%26-gyros/CXuh9arhSf6n-KUl8lKuGw,willowbrook-illinois
https://www.ubereats.com/chicago/food-delivery/cafe-de-jeanola/Zcx55h2BTeeY-mqqt9wxXg,willowbrook-illinois
https://www.ubereats.com/chicago/food-delivery/food-street-restaurant/kxAN_GrESSGjrb2hki9XPw,willowbrook-illinois
https://www.ubereats.com/chicago/food-delivery/mcdonalds-75th-st-%26-janes/UmG49TFfS3iMQjVmPYE_oQ,willowbrook-illinois
https://www.ubereats.com/chicago/food-delivery/el-gran-agave/GetuOcb5RhWMLs2fW4HsSQ,willowbrook-illinois
https://www.ubereats.com/chicago/food-delivery/the-patty-melt-co/sxttPwOERpe5oJwx4VDg7g,willowbrook-illinois
https://www.ubereats.com/chicago/food-delivery/jamba-juice-17w426-22nd-street/3GclvrhpTM2FdBcUbWcEiA,willowbrook-illinois
https://www.ubereats.com/chicago/food-delivery/arbys-1950-w-75-st/wVDY1op-ToyFQGFmd7i6WQ,willowbrook-illinois
https://www.ubereats.com/chicago/food-delivery/popeyes-5711-s-la-grange-rd/DHb-AdewS8avQuXRRUIkeA,willowbrook-illinois
https://www.ubereats.com/chicago/food-delivery/sharks-fish-%26-chicken-harlem/Anx_YdHPRiiU_dCwXwI1iA,willowbrook-illinois
https://www.ubereats.com/chicago/food-delivery/mediterranean-oasis/ZT3wBdY0TxWfpT_dfwvh7g,willowbrook-illinois
https://www.ubereats.com/chicago/food-delivery/benihana-747-e-butterfield-road/1k-eTCC0TSC6Q8rgrbZq1Q,willowbrook-illinois
https://www.ubereats.com/chicago/food-delivery/chipotle-mexican-grill-2103-clearwater-dr/RT1o67j5Sc6puZjTf7dmgA,willowbrook-illinois
https://www.ubereats.com/chicago/food-delivery/q-pub-and-grill/xxwMY7hSSfGll3lEjFr_eA,willowbrook-illinois
https://www.ubereats.com/chicago/food-delivery/mcdonalds-ogden-%26-cross/f2stPNYjTRGSYQ9bxsWfBA,willowbrook-illinois
https://www.ubereats.com/chicago/food-delivery/los-burritos-tapatios-bolingbrook/_gd_PLnmT42mqGD518-t0A,willowbrook-illinois
https://www.ubereats.com/chicago/food-delivery/two-pints-lounge/p_BtzBNVRwqcds1VfRXnUg,willowbrook-illinois
https://www.ubereats.com/chicago/food-delivery/burger-king-4-west-63rd-street/NXyMBwfWRCSwoAjxowpfOg,willowbrook-illinois
https://www.ubereats.com/chicago/food-delivery/illinois-bar-%26-grill/ew3ZWBsFR2WpzxRtRQEHag,willowbrook-illinois
https://www.ubereats.com/chicago/food-delivery/next-mex/YRrPZ6x3Rm-m_xIIznj-FA,willowbrook-illinois
https://www.ubereats.com/chicago/food-delivery/mcdonalds-63rd-st-%26-i-355/8AuIH9RKTfWLZhWKLAIBWw,willowbrook-illinois
https://www.ubereats.com/chicago/food-delivery/the-sweet-and-savory-spot/8R8-WikwTAKBQ2vmPiBCrg,willowbrook-illinois
https://www.ubereats.com/chicago/food-delivery/wok-n-fire/QykBeLtlRtGjLwHdnM0CcA,willowbrook-illinois
https://www.ubereats.com/chicago/food-delivery/uncle-julios-lombard/g_ZR2k_URiOGAN4CQmwrHQ,willowbrook-illinois
https://www.ubereats.com/chicago/food-delivery/mai-thai-restaurant/EC_K5MrtQDigsV8TOfJmWw,willowbrook-illinois
https://www.ubereats.com/chicago/food-delivery/fourteensixteen/LvJd88XXT-STTPwaoBEqPQ,willowbrook-illinois
https://www.ubereats.com/chicago/food-delivery/jersey-mikes-subs-62-ogden-avenue/Luz05me4RVqcNfj3l8R-mA,willowbrook-illinois
https://www.ubereats.com/chicago/food-delivery/nwb-the-next-whiskey-bar/mdE-yqqJR3Crtae0VtrtdQ,willowbrook-illinois
https://www.ubereats.com/chicago/food-delivery/cedar-grill/5joC8iroTEqXY1j0WrF_4Q,willowbrook-illinois
https://www.ubereats.com/chicago/food-delivery/wasabi-restaurant-%26-bar/z3FMoXmBQvaXq2SypwcZPg,willowbrook-illinois
https://www.ubereats.com/chicago/food-delivery/another-round-bar-and-grill/74EGOKNkQRSd2c9HF-sEWg,willowbrook-illinois
https://www.ubereats.com/chicago/food-delivery/shree-indian-restaurant-westmont/-ksJRGsfQb6WU4VfG4XtYA,willowbrook-illinois
https://www.ubereats.com/chicago/food-delivery/aodake/vMIpF9nvQkyuO5PFGiEENA,willowbrook-illinois
https://www.ubereats.com/chicago/food-delivery/skippys-gyros-oak-brook/OmShFz9LSga2purV0BKkfg,willowbrook-illinois
https://www.ubereats.com/chicago/food-delivery/popeyes-844-e-roosevelt-rd/rvbCMmGPRcWhITpeShwg2Q,willowbrook-illinois
https://www.ubereats.com/chicago/food-delivery/red-lobster-3001-finley-road/UAaFRnwET62O8Ugk-EiN5w,willowbrook-illinois
https://www.ubereats.com/chicago/food-delivery/owl-and-lark/mnzW0GcHRzGWDQ0Cm5fYkw,willowbrook-illinois
https://www.ubereats.com/chicago/food-delivery/burger-king-170-countryside-plaza/hHUCQ69HRAa68HPiyUtjzg,willowbrook-illinois
https://www.ubereats.com/chicago/food-delivery/j-%26-j-fish-and-chicken/48nlEDCRRLmujOyRAzkPyw,willowbrook-illinois
https://www.ubereats.com/chicago/food-delivery/mcdonalds-plainfield-%26-75th-st/tHY4Bjk0ShO5oH0e_bk_Sg,willowbrook-illinois
https://www.ubereats.com/chicago/food-delivery/china-king-restaurant/qxC0xa_6TUm_Jz96ezMtRQ,willowbrook-illinois
https://www.ubereats.com/chicago/food-delivery/tavern-on-lagrange/Z0LokXGhSWaMB7357b3ijA,willowbrook-illinois
https://www.ubereats.com/chicago/food-delivery/oaked-highland-ave/kmxEWk7XSTifTU8_-OdPCA,willowbrook-illinois
https://www.ubereats.com/chicago/food-delivery/white-castle-1204-75th-st/1aloQPMkTxaMlqZT88NHPQ,willowbrook-illinois
https://www.ubereats.com/chicago/food-delivery/jens-guesthouse/cxqnxn8zRFqs6Eu92ylDxw,willowbrook-illinois
https://www.ubereats.com/chicago/food-delivery/mcdonalds-south-la-grange-%26-57th-st/KnxhArYxSTa0Bj0KD6VooQ,willowbrook-illinois
https://www.ubereats.com/chicago/food-delivery/krispy-kreme-110-s-mannheim-rd/PiuFy9ABQwa8YLM6dgQMWA,willowbrook-illinois
https://www.ubereats.com/chicago/food-delivery/subway-112-burr-ridge-pkwy/pOX9gVApQuazewZOu8PzNw,willowbrook-illinois
https://www.ubereats.com/chicago/food-delivery/shawarma-express/ugMgQq8VTr6nLQImkk4EiA,willowbrook-illinois
https://www.ubereats.com/chicago/food-delivery/dennys-17-w-660-22nd-st/SX_3AFZgTvSSdcjGeQNvvA,willowbrook-illinois
https://www.ubereats.com/chicago/food-delivery/on-the-fly-%E2%80%A2-wings-%26-things/E69i2nrKQ6qL8scpcRSBaw,willowbrook-illinois
https://www.ubereats.com/chicago/food-delivery/burger-king-7301-lemont-road/3khZn5gZTSOhRVzt2KjYhA,willowbrook-illinois
https://www.ubereats.com/chicago/food-delivery/steak-n-shake-1520-ogden-ave/UBRHFtT8TDi8xd7VlKWr7g,willowbrook-illinois
https://www.ubereats.com/chicago/food-delivery/dhaba-express/ShgBcGiRQ5e3nKB1UOHKHQ,willowbrook-illinois
https://www.ubereats.com/chicago/food-delivery/rosatis-pizza-darien/vJIbeXsQTt-O1SQmenj9sQ,willowbrook-illinois
https://www.ubereats.com/chicago/food-delivery/blueberry-hill-breakfast-cafe/jqoqOstYQU6PeLc2K87REQ,willowbrook-illinois
https://www.ubereats.com/chicago/food-delivery/la-michoacana-of-countryside/JBWnkgdCQsCO6dOpZFkrcg,willowbrook-illinois
https://www.ubereats.com/chicago/food-delivery/casa-margarita-hinsdale/t_WrWQbqS4OYn7Hl-Ol6eQ,willowbrook-illinois
https://www.ubereats.com/chicago/food-delivery/chick-fil-a-7101-kingery-hwy/Wo9xxtcCSjCmKd5O9l_zWw,willowbrook-illinois
https://www.ubereats.com/chicago/food-delivery/subway-6394-s-cass-ave/EDee0HJSQbmp3JMtzl_iWw,willowbrook-illinois
https://www.ubereats.com/chicago/food-delivery/new-korea-garden/3Pz-8KKCTHGnqn8sLnCyQQ,willowbrook-illinois
https://www.ubereats.com/chicago/food-delivery/palmers-burger-bar/GtwmzsScTVakw09_SxL4YA,willowbrook-illinois
https://www.ubereats.com/chicago/food-delivery/starbucks-22nd-%26-tower/cB73AKpYR8SAi_rJ61aEMg,willowbrook-illinois
https://www.ubereats.com/chicago/food-delivery/kona-grill-oak-brook/MJYX9AY6SkGgRha8JHX8hA,willowbrook-illinois
https://www.ubereats.com/chicago/food-delivery/taco-burrito-king-south-harlem/Atrtvy62SpKkhKmjs44skA,willowbrook-illinois
https://www.ubereats.com/chicago/food-delivery/hamiltons-pub/Q8GB7V5lRDWv1_V4WAPSgg,willowbrook-illinois
https://www.ubereats.com/chicago/food-delivery/burrito-paradise/fmtfnyDWQE-9tLBrYOnu7g,willowbrook-illinois
https://www.ubereats.com/chicago/food-delivery/red-mango-81-south-la-grange-road/6q4lKdZBSxuFMtEWG93vRQ,willowbrook-illinois
https://www.ubereats.com/chicago/food-delivery/subway-2247-maple-ave/4UQ8qeFqQZaKgcLuqRuqMQ,willowbrook-illinois
https://www.ubereats.com/chicago/food-delivery/stans-donuts-%26-coffee-oakbrook-terrace/175n6xccTIOvK41VguFNaA,willowbrook-illinois
https://www.ubereats.com/chicago/food-delivery/firehouse-chicago-style-westmont/l2ooHKOBT9urcnF_kRa3Vg,willowbrook-illinois
https://www.ubereats.com/chicago/food-delivery/butterfields-naperville/03eGGyvDRBuzJpba2mmR6g,willowbrook-illinois
https://www.ubereats.com/chicago/food-delivery/hooters-downers-grove-%26-butterfield/zMy8wxVrSMu4HFAZpGSsbw,willowbrook-illinois
https://www.ubereats.com/chicago/food-delivery/baldinelli-pizza/TRRx_Ef3TEy18jWrCDNxDg,willowbrook-illinois
https://www.ubereats.com/chicago/food-delivery/sgd-dubu-oakbrook-terrace/wFRFvxqkSdis-l2bSNkQHA,willowbrook-illinois
https://www.ubereats.com/chicago/food-delivery/suparossa-restaurant/qwdXJUynSv2Sybgm31IZRA,willowbrook-illinois
https://www.ubereats.com/chicago/food-delivery/noodles-%26-company-1-e-burlington-ave/YDR5A9XHRIeVF0kcGX9NXQ,willowbrook-illinois
https://www.ubereats.com/chicago/food-delivery/pf-changs-2361-fountain-square-dr/TDptF9MWRdeCA7XfhqDfEg,willowbrook-illinois
https://www.ubereats.com/chicago/food-delivery/wing-society/JH4xfMtZSQeaSh5xXmDM4A,willowbrook-illinois
https://www.ubereats.com/chicago/food-delivery/bowl-o-biryani/onP86-wYRNOuAwTf4txSTA,willowbrook-illinois
https://www.ubereats.com/chicago/food-delivery/subway-17w627-roosevelt-rd/gHaxosrAT0-YahKz1NqrFg,willowbrook-illinois
https://www.ubereats.com/chicago/food-delivery/tanaka-ramen/REQ74mIaS2eToMYBgc-bpA,willowbrook-illinois
https://www.ubereats.com/chicago/food-delivery/portillos-hot-dogs-7195-n-kingery-highway/80_d1LPxRPioe7chox-Lvg,willowbrook-illinois
https://www.ubereats.com/chicago/food-delivery/the-halal-slice/8shjqRmGRCauBBFdYZqKGA,willowbrook-illinois
https://www.ubereats.com/chicago/food-delivery/jets-pizza-darien/7yTrAm-TSKyOFRdDeT155Q,willowbrook-illinois
https://www.ubereats.com/chicago/food-delivery/sebastians-ale-%26-whiskey-house-brookfield/aGPlPkz2T3yMtRlGKlSFjA,willowbrook-illinois
https://www.ubereats.com/chicago/food-delivery/capri-ristorante-woodridge/A_M89Kw1TqibqXnbQMT2Ww,willowbrook-illinois
https://www.ubereats.com/chicago/food-delivery/dunkin-19-w-63rd-st/OoUDx8FAS_urGXEV6PEfXw,willowbrook-illinois
https://www.ubereats.com/chicago/food-delivery/dunkin-7949-w-79th-st/k-NVMlCRTuiaYJFGCIRrng,willowbrook-illinois
https://www.ubereats.com/chicago/food-delivery/chipotle-mexican-grill-7173-s-kingery-hwy/ufUeqbd4RmGfeSD2Emlz9A,willowbrook-illinois
https://www.ubereats.com/chicago/food-delivery/wendys-1420-s-75th-street/nag3RMRXT6yIzqawtIovxA,willowbrook-illinois
https://www.ubereats.com/chicago/food-delivery/chuck-e-cheese-7409-cass-ave/j_w-AHruS5mnR-BN5zg6bg,willowbrook-illinois
https://www.ubereats.com/chicago/food-delivery/grilled-cheesin/ExG6_zm1Q0iioswODCNEJQ,willowbrook-illinois
https://www.ubereats.com/chicago/food-delivery/gelsosomos-pizzeria-and-pub/mYPRICYSSwSv9oAh7_xqBA,willowbrook-illinois
https://www.ubereats.com/chicago/food-delivery/all-aboard-diner/NfK_BursSAOPOUuHe6Vcfg,willowbrook-illinois
https://www.ubereats.com/chicago/food-delivery/go-wings/v2YC7mGzRhGCt2F-6Zh5KA,willowbrook-illinois
https://www.ubereats.com/chicago/food-delivery/henrys-tacos/Y42LU-FFTryGnvw5wkvJdw,willowbrook-illinois
https://www.ubereats.com/chicago/food-delivery/johnnys-burgers-bowls-%26-bbq/XtGlsoP6QXaYLn5ahx87RA,willowbrook-illinois
https://www.ubereats.com/chicago/food-delivery/mr-burger-inc/jvGEi5K6QiOgQsZCGqLLiw,willowbrook-illinois
https://www.ubereats.com/chicago/food-delivery/midnight-kitchen/nKCLpWxsSDWqwbXNL1SB1Q,willowbrook-illinois
https://www.ubereats.com/chicago/food-delivery/the-country-house-lisle/00jueaTNREqL9guRViaVXw,willowbrook-illinois
https://www.ubereats.com/chicago/food-delivery/davanti-enoteca-western-springs/zYrem14PSHWcO4DBNOAtwQ,willowbrook-illinois
https://www.ubereats.com/chicago/food-delivery/mcwethys-sports-bar/6KCFj4f1RamMfI5lMcYcpw,willowbrook-illinois
https://www.ubereats.com/chicago/food-delivery/sushi-house-downers-grove/C3iF91X_S6uhbWIj_jxlMw,willowbrook-illinois
https://www.ubereats.com/chicago/food-delivery/meatheads-willowbrook/z9QKaouIS0uBDHnUCSbM0g,willowbrook-illinois
https://www.ubereats.com/chicago/food-delivery/subway-2303-w-63rd-st/ojwN9_OKSWe2iXF-TIcXyQ,willowbrook-illinois
https://www.ubereats.com/chicago/food-delivery/russells-barbecue/s4fcbyd0RZKsf2pVVTKAbg,willowbrook-illinois
https://www.ubereats.com/chicago/food-delivery/kama-bistro/z4d-sN_6SiepFvpCGA2lhw,willowbrook-illinois
https://www.ubereats.com/chicago/food-delivery/wild-monk/8Lal3qAZS8evoQFOB90F1A,willowbrook-illinois
https://www.ubereats.com/chicago/food-delivery/the-grill-effect/Vq0scVwJR5aSCUzt1d62pw,willowbrook-illinois
https://www.ubereats.com/chicago/food-delivery/taco-bell-6944-archer/YgE3lB_STRy7NKE0mmyAlQ,willowbrook-illinois
https://www.ubereats.com/chicago/food-delivery/burrito-parrilla-mexicana-lisle/dlOeuS4BS1Sl3oZxKP3U5w,willowbrook-illinois
https://www.ubereats.com/chicago/food-delivery/eagle-restaurant/CFxLrEQlT4iFuydSFRRw4g,willowbrook-illinois
https://www.ubereats.com/chicago/food-delivery/el-burrito-loco-woodridge/dXrFN5lTQ-KbZ6GoBuSwbw,willowbrook-illinois
https://www.ubereats.com/chicago/food-delivery/hamburgini/ult10jSrQH60Mv0bsdHOEQ,willowbrook-illinois
https://www.ubereats.com/chicago/food-delivery/harolds-shrimp-chicken-and-pizzeria/_AZMlI2PQOqTZgMaufFqdA,willowbrook-illinois
https://www.ubereats.com/chicago/food-delivery/teriyaki-madness-795-e-butterfield-rd-lombard/Y87f9IPwT4aAdorTzW1wVw,willowbrook-illinois
https://www.ubereats.com/chicago/food-delivery/pita-pita-mediterranean-grill-lombard/UO7jLyN2TfS4HoHOMcP8IA,willowbrook-illinois
https://www.ubereats.com/chicago/food-delivery/barones-pizza/rrqOPJ47S5C8hMQ0q799Ew,willowbrook-illinois
https://www.ubereats.com/chicago/food-delivery/dennys-7737-s-kingery-hwy/wtwfaaxaSI-MGd-1Z9be_A,willowbrook-illinois
https://www.ubereats.com/chicago/food-delivery/balkan-bakery/p07xBVzlQHehTQoKZr-4ZA,willowbrook-illinois
https://www.ubereats.com/chicago/food-delivery/mod-pizza-downers-grove/trC1LMA_SgWsxCRu6-xYLQ,willowbrook-illinois
https://www.ubereats.com/chicago/food-delivery/kfc-1450-75th-st/I3q9aBiXSFOS6wIxfzg99g,willowbrook-illinois
https://www.ubereats.com/chicago/food-delivery/buffalo-wild-wings-777-e-boughton-rd/9G0OQrMhRQi-qY1r8xC_bQ,willowbrook-illinois
https://www.ubereats.com/chicago/food-delivery/mcdonalds-boughton-%26-i-355/wWB5tcYPQuqO2YnbNc0J8A,willowbrook-illinois
https://www.ubereats.com/chicago/food-delivery/freshii-203-yorktown-shopping-center/_c5vnGJvR1SHfUCqMA680g,willowbrook-illinois
https://www.ubereats.com/chicago/food-delivery/el-famous-burrito-downers-grove/JO_X5WUsSR2-6RdSRC6CZQ,willowbrook-illinois
https://www.ubereats.com/chicago/food-delivery/thai-kitchen/HBO7JLiuRGmcEJa2rr4dMA,willowbrook-illinois
https://www.ubereats.com/chicago/food-delivery/sammys-of-la-grange/QLgXQ_42T3CllbaoRKpWIQ,willowbrook-illinois
https://www.ubereats.com/chicago/food-delivery/jets-pizza-ogden/L-Yo34OJQC6bjShwfIOcHw,willowbrook-illinois
https://www.ubereats.com/chicago/food-delivery/jamesons-charhouse-woodridge/fRk8AnT6S26Y2oswV-MwBQ,willowbrook-illinois
https://www.ubereats.com/chicago/food-delivery/woodridge-caffe/4vNtq6ubQxyJNx0_bddC9Q,willowbrook-illinois
https://www.ubereats.com/chicago/food-delivery/capital-greens-highland-ave/_QxJVfKaTF2FjY59cGJPDg,willowbrook-illinois
https://www.ubereats.com/chicago/food-delivery/casa-margarita-la-grange/QcbX8mVJTb2hoa9lRRSGQg,willowbrook-illinois
https://www.ubereats.com/chicago/food-delivery/francescas-vicinato/oxONaQnzToKSXW0W4guHuQ,willowbrook-illinois
https://www.ubereats.com/chicago/food-delivery/covo-greek-street-food/sHAoAqEwSTK3SJ3yKn2qyw,willowbrook-illinois
https://www.ubereats.com/chicago/food-delivery/catfish-willowbrook-il/ZHc0hNnbStC5TOP_QMkDkA,willowbrook-illinois
https://www.ubereats.com/chicago/food-delivery/pita-land/ubbRwOFhTd2fRrz4wo4eqA,willowbrook-illinois
https://www.ubereats.com/chicago/food-delivery/popeyes-7518-s-cass-ave/9pI3piwXTDCMDh0RiFEWvg,willowbrook-illinois
https://www.ubereats.com/chicago/food-delivery/panda-express-203-yorktown/k2Y-mqyIT9eslfZHpemYUg,willowbrook-illinois
https://www.ubereats.com/chicago/food-delivery/mcdonalds-la-grange-%26-ogden/ruvYeQivS22N5_fcXkQcTg,willowbrook-illinois
https://www.ubereats.com/chicago/food-delivery/dunkin-9400-joliet-rd/x5_A4uUUS9SdJmC_FVeGGQ,willowbrook-illinois
https://www.ubereats.com/chicago/food-delivery/kfc-taco-bell-i-294-milepost-25/yXNkJRnXT6icI7UlLcIt2w,willowbrook-illinois
https://www.ubereats.com/chicago/food-delivery/fiesta-taco/FRLHE5rwTfaWXq28uPsqag,willowbrook-illinois
https://www.ubereats.com/chicago/food-delivery/el-burrito-loco-bolingbrook-%26-briarcliff/fwZEU78LTjO2fsafbBVVCA,willowbrook-illinois
https://www.ubereats.com/chicago/food-delivery/zazzos-pizza-darien/vejvSajDTZqKbG2zSrd2QQ,willowbrook-illinois
https://www.ubereats.com/chicago/food-delivery/mcdonalds-midwest-%26-22nd-st/j7U-63kLSnqy2bp9YB5uiQ,willowbrook-illinois
https://www.ubereats.com/chicago/food-delivery/sushi-house-westmont/vhT-NgazSPO8D-XlC8v0Eg,willowbrook-illinois
https://www.ubereats.com/chicago/food-delivery/pops-italian-beef-%26-sausage/63Xla2UBSRSsBk1X-FlCsg,willowbrook-illinois
https://www.ubereats.com/chicago/food-delivery/dunkin-419-s-joliet-rd/FxgBaICwSBG_KnfqUuXloA,willowbrook-illinois
https://www.ubereats.com/chicago/food-delivery/los-arcos-mexican-grill-woodridge/4fqPIvAfSIGpH-4Q3Aiccw,willowbrook-illinois
https://www.ubereats.com/chicago/food-delivery/famous-daves-bolingbrook/v-ER9Z_PQVeF3hSaZoCraw,willowbrook-illinois
https://www.ubereats.com/chicago/food-delivery/mcdonalds-archer-%26-rutherford/BKQBneUiTLua4Ks8gHlCxw,willowbrook-illinois
https://www.ubereats.com/chicago/food-delivery/starbucks-ogden-and-prince/1fQyIXjSTcWqzPbej9JHjg,willowbrook-illinois
https://www.ubereats.com/chicago/food-delivery/rustic-knead/lY_xN_9HSxmMCKmrQWo-UQ,willowbrook-illinois
https://www.ubereats.com/chicago/food-delivery/rameys-bar-and-grill/_HUjMDVQQ4a1i9bqeDxnvw,willowbrook-illinois
https://www.ubereats.com/chicago/food-delivery/subway-of-western-springs/9kjYAds-SZ2uVZlLygCwiw,willowbrook-illinois
https://www.ubereats.com/chicago/food-delivery/starbucks-lisle-rte-53-%26-maple/KKo2MFynRDOVqy5R8mhrfw,willowbrook-illinois
https://www.ubereats.com/chicago/food-delivery/dunkin-7516-s-cass-ave-unit-5b/4u84NygdQlefSyfrIGSI2A,willowbrook-illinois
https://www.ubereats.com/chicago/food-delivery/golden-basket/e_C04EzXTLCO80K1j1gFaQ,willowbrook-illinois
https://www.ubereats.com/chicago/food-delivery/perla-negra-mariscos/3ZCucSLnSmmN4dSfoZ77pA,willowbrook-illinois
https://www.ubereats.com/chicago/food-delivery/potbelly-sandwich-shop-519-oakbrook-center/G47sIWRvTPG2BeHoAzz7Mw,willowbrook-illinois
https://www.ubereats.com/chicago/food-delivery/shikara-indian-restaurant/z5tgaCo5SmaGGBx91vLMtQ,willowbrook-illinois
https://www.ubereats.com/chicago/food-delivery/dolce-restaurant-%26-wine-bar/P2sHwx6QQ8GCtYO8VnTxgA,willowbrook-illinois
https://www.ubereats.com/chicago/food-delivery/cassanos-pizzeria-downers-grove/g_TzODklQNGittC_RNfnOw,willowbrook-illinois
https://www.ubereats.com/chicago/food-delivery/the-ice-cream-shop/TESUHTr4TdudVygu5eyKBg,willowbrook-illinois
https://www.ubereats.com/chicago/food-delivery/stevens-restaurant/h9M5GHXkSBC6ACPGdKt7sg,willowbrook-illinois
https://www.ubereats.com/chicago/food-delivery/mr-broast-roosevelt-%26-school/qUSuzE6IQgyJvqKaqpqFhg,willowbrook-illinois
https://www.ubereats.com/chicago/food-delivery/jersey-mikes-subs-roosevelt-%26-summit/32MGtpSRQuC4bdM-DfLmyw,willowbrook-illinois
https://www.ubereats.com/chicago/food-delivery/skuddlebutts/C0OjnXn6Rp2OTdz_MCRH4g,willowbrook-illinois
https://www.ubereats.com/chicago/food-delivery/starbucks-downers-grove-main-%26-warren/AnhVwIsUQ6i0ttDS7gWDxA,willowbrook-illinois
https://www.ubereats.com/chicago/food-delivery/pza-lombard/kib2Gn5LRkKl4z_wD4kLig,willowbrook-illinois
https://www.ubereats.com/chicago/food-delivery/mcdonalds-ogden-%26-amelia/neXy3IKdTWKRyZCjOs0C2Q,willowbrook-illinois
https://www.ubereats.com/chicago/food-delivery/guac-n-tacos/BssCsSMFR5q8Te7KF5t2UQ,willowbrook-illinois
https://www.ubereats.com/chicago/food-delivery/mojos-east-coast-eats/iI2pARBJQd-PU7LejMgY1A,willowbrook-illinois
https://www.ubereats.com/chicago/food-delivery/sunrise-sandwich-co/tFb0syuVRoKczjAPqAMSsQ,willowbrook-illinois
https://www.ubereats.com/chicago/food-delivery/jenis-splendid-ice-cream-oakbrook-center/GGHFnJOiQCeGrip6s6xbEQ,willowbrook-illinois
https://www.ubereats.com/chicago/food-delivery/outback-steakhouse-2970-finley-rd/ijpy4y9GReq9R7jIJFHU5g,willowbrook-illinois
https://www.ubereats.com/chicago/food-delivery/eds-kitchen/hS4E0iniT8eBwClLTyZ3eQ,willowbrook-illinois
https://www.ubereats.com/chicago/food-delivery/between-the-buns-downers-grove/V3L3pg4ZQL-zQRKHjQ-N-Q,willowbrook-illinois
https://www.ubereats.com/chicago/food-delivery/maks-house-lagrange/CXO-9sLkStWtWy_NFCk2Uw,willowbrook-illinois
https://www.ubereats.com/chicago/food-delivery/five-guys-il-0540-741-e-boughton-rd/nyLFjkmvQRWIF-3xK28Eig,willowbrook-illinois
https://www.ubereats.com/chicago/food-delivery/kfc-11158-west-31st-street/0c8eaOycQy-prkV1_PysoQ,willowbrook-illinois
https://www.ubereats.com/chicago/food-delivery/subway-822-ogden-ave/NTpB-IROQQS6z4_JAUHblQ,willowbrook-illinois
https://www.ubereats.com/chicago/food-delivery/signature-slabs/M2vUnrFxR6SwLIz9sCikxw,willowbrook-illinois
https://www.ubereats.com/chicago/food-delivery/mcdonalds-31st-st-%26-wolf/BV9099m1SqOZlnXs9QcOKQ,willowbrook-illinois
https://www.ubereats.com/chicago/food-delivery/big-suchir/Avd5-RZsSvKAO8N0fW7aTQ,willowbrook-illinois
https://www.ubereats.com/chicago/food-delivery/mago-grill-%26-cantina-bolingbrook/co0VeQanQl6pqgA-fhckTA,willowbrook-illinois
https://www.ubereats.com/chicago/food-delivery/el-authentico-burrito/MT0flOZfRu-kR5tqSyUTsw,willowbrook-illinois
https://www.ubereats.com/chicago/food-delivery/fresh-start-cafe/npFoDnFXR7K28aR1yGmIsw,willowbrook-illinois
https://www.ubereats.com/chicago/food-delivery/altiro-latin-fusion/py535S0CQ3ukFh0-hzoMgg,willowbrook-illinois
https://www.ubereats.com/chicago/food-delivery/starbucks-ogden-%26-i-294-hinsdale/RHeGxnI-T5CnBbxeqohc6w,willowbrook-illinois
https://www.ubereats.com/chicago/food-delivery/albaraka-grill/aFz132ENRM6Pz6sEplioQA,willowbrook-illinois
https://www.ubereats.com/chicago/food-delivery/honey-bee-cafe/HhiLGdMVT3ajy5br0pqWTA,willowbrook-illinois
https://www.ubereats.com/chicago/food-delivery/burger-king-6930-south-route-83/iwvMRbQzSsmIaofBrrXTpA,willowbrook-illinois
https://www.ubereats.com/chicago/food-delivery/cold-stone-creamery-la-grange-rd/uGctbIb9Ti2UKX2MKueibw,willowbrook-illinois
https://www.ubereats.com/chicago/food-delivery/subway-6300-robert-kingery-hwy-%23124/Ew2GfV85Rxe-SLnJvEmZCA,willowbrook-illinois
https://www.ubereats.com/chicago/food-delivery/ramen-sensei-310-yorktown-center/1eFh-7sBS7G8YaR9Fl2ywA,willowbrook-illinois
https://www.ubereats.com/chicago/food-delivery/fannie-may-hinsdale/xWigSXVZTZyWHQNnNS15Qw,willowbrook-illinois
https://www.ubereats.com/chicago/food-delivery/sals-famous-cheesesteaks/99T35uuQQXuxd1nTmT0KDg,willowbrook-illinois
https://www.ubereats.com/chicago/food-delivery/potbelly-sandwich-shop-willowbrook-%7C-94/BZNei2yRQNuSEKb3PF7Egw,willowbrook-illinois
https://www.ubereats.com/chicago/food-delivery/jamba-juice-7169-s-kingery-highway/6pEsvJ9mR0iStvhoJEqAnQ,willowbrook-illinois
https://www.ubereats.com/chicago/food-delivery/bakers-square-2020-75th-street/3PE5gX_0QtKuRh0sjgD__w,willowbrook-illinois
https://www.ubereats.com/chicago/food-delivery/sr-tatos/kJs5CddZRo-IbYh0nci4sg,willowbrook-illinois
https://www.ubereats.com/chicago/food-delivery/noodles-%26-company-1001-75th-st-ste-189a/zwSSMrixR16ott41fm0UEQ,willowbrook-illinois
https://www.ubereats.com/chicago/food-delivery/halsted-street-deli-on-s-meyers-rd/pnpPb6NXR4eSPOfApU6tpg,willowbrook-illinois
https://www.ubereats.com/chicago/food-delivery/pepes-hickory-hills/V5gq77GbRke6-Rbtk5LJbA,willowbrook-illinois
https://www.ubereats.com/chicago/food-delivery/salernos-pizzeria-%26-rbar-western-springs/GhrzZYVRRnW7dQc1C20IRg,willowbrook-illinois
https://www.ubereats.com/chicago/food-delivery/starbucks-burr-ridge-i-55-%26-county-line-rd/AVfZpyliSiCcQJHJlTBuaA,willowbrook-illinois
https://www.ubereats.com/chicago/food-delivery/wendys-8501-ogden-ave/45E6fPFGQY2DRcgdoe_ueA,willowbrook-illinois
https://www.ubereats.com/chicago/food-delivery/lucky-dragon-2/Jtsr0XAiQ1CjlYaMT7kK_Q,willowbrook-illinois
https://www.ubereats.com/chicago/food-delivery/brama-la-pizza34-south-prospect-avenue/vMSlJt1RQdWOyl8hpbpU4Q,willowbrook-illinois
https://www.ubereats.com/chicago/food-delivery/dunkin-1931-w-ogden-ave/1LD4znNOQGCqjdyixEad3Q,willowbrook-illinois
https://www.ubereats.com/chicago/food-delivery/apizzaco-highland-ave/iSgrmay5SIGUdMUakXe0_A,willowbrook-illinois
https://www.ubereats.com/chicago/food-delivery/la-barra-oak-brook/FAbLeJORTcytl8OwZ_C_VQ,willowbrook-illinois
https://www.ubereats.com/chicago/food-delivery/shake-shack-1950-spring-road/gJioG4DPSnaFIyQOuayU7A,willowbrook-illinois
https://www.ubereats.com/chicago/food-delivery/desi-diner/nIw0DyDNQ1qZOfOxFAvQ9g,willowbrook-illinois
https://www.ubereats.com/chicago/food-delivery/los-burritos-tapatios-lombard/JYwESSv0Sy6YVxA8wVY4tQ,willowbrook-illinois
https://www.ubereats.com/chicago/food-delivery/auntie-annes-403-oakbrook-center/Njzmz8jwRCWnhIbEOOR1fw,willowbrook-illinois
https://www.ubereats.com/chicago/food-delivery/hall-of-fame-sport-lounge/H-YcOoyMT3ud4hinHjUHsw,willowbrook-illinois
https://www.ubereats.com/chicago/food-delivery/ihop-janes-%26-boughton/TCLPd4P8T4qyRYi_A1kU_A,willowbrook-illinois
https://www.ubereats.com/chicago/food-delivery/7-gates-restaurant/A_qh7eDXRZG_TyVZ9AUQXg,willowbrook-illinois
https://www.ubereats.com/chicago/food-delivery/grand-dukes-restaurant-llc/gavmtMgVRaaGVQMEtjhpqA,willowbrook-illinois
https://www.ubereats.com/chicago/food-delivery/meal-village/_eFAo3UUT9mhDJ-8CX2Tbw,willowbrook-illinois
https://www.ubereats.com/chicago/food-delivery/palmer-place-restaurant-and-biergarten/-wlJeB9OTxSPPd_vyT2MEg,willowbrook-illinois
https://www.ubereats.com/chicago/food-delivery/smallcakes-western-springs/HNpZLwjnQzSob3kI2eptrw,willowbrook-illinois
https://www.ubereats.com/chicago/food-delivery/sweet-desserts/MunpykDlR72joXFoV1KKVQ,willowbrook-illinois
https://www.ubereats.com/chicago/food-delivery/quarry-pub-and-grill/ivD7gWDTSwGbr7hUoyxSzw,willowbrook-illinois
https://www.ubereats.com/chicago/food-delivery/xelva/AppdkbknSzeHnuik8LchRw,willowbrook-illinois
https://www.ubereats.com/chicago/food-delivery/angry-slice-%26-sub-shop/bhwLNAVqSpOwGdhZa4iBYA,willowbrook-illinois
https://www.ubereats.com/chicago/food-delivery/menchies-frozen-yogurt-7339-lemont-rd/a-mt3BXhTRe2pY3slA4LUg,willowbrook-illinois
https://www.ubereats.com/chicago/food-delivery/noodles-pho-u-lombard/vHVo7wYgQJeHQFw3omvUKg,willowbrook-illinois
https://www.ubereats.com/chicago/food-delivery/cold-stone-creamery/Aa7MAK9fSZuhLlZsvmFa4A,willowbrook-illinois
https://www.ubereats.com/chicago/food-delivery/starbucks-hinsdale-washington-%26-hinsdale/tSjTHTztSUWHAm3hX1NpzA,willowbrook-illinois
https://www.ubereats.com/chicago/food-delivery/pierce-tavernmain-st/m3vRucIvSZGTLL6tdeBDag,willowbrook-illinois
https://www.ubereats.com/chicago/food-delivery/nicksons-eatery/GRJrKS9rQZ28TEUq1dKBUw,willowbrook-illinois
https://www.ubereats.com/chicago/food-delivery/taco-bell-13-w-ogden-avenue/OAriunA2RSiKJ4EVSmOl_g,willowbrook-illinois
https://www.ubereats.com/chicago/food-delivery/buona-hillside/DuxRtOp1TfS7UEtSBT0EAQ,willowbrook-illinois
https://www.ubereats.com/chicago/food-delivery/taco-bell-7419-s-cass-ave/pKxV0rdkTymUiv6bk6UJEQ,willowbrook-illinois
https://www.ubereats.com/chicago/food-delivery/arbys-5656-s-lagrange-rd/k4d-6xkFSXqCli0CpBrw6w,willowbrook-illinois
https://www.ubereats.com/chicago/food-delivery/wok-n-fire-wheaton/5BMBDafySTiy-4mqBmjEuQ,willowbrook-illinois
https://www.ubereats.com/chicago/food-delivery/xando-cafe/PRp76M73TXi2b3Utjjmriw,willowbrook-illinois
https://www.ubereats.com/chicago/food-delivery/tacochela/7YoZLOAWTKCptALUCL2DNQ,willowbrook-illinois
https://www.ubereats.com/chicago/food-delivery/the-desi-accent/IesRk1K4SW6cculNYzA7HQ,willowbrook-illinois
https://www.ubereats.com/chicago/food-delivery/flat-top-grill-lombard/GedKlrcNSPmYjWnyuuqnKA,willowbrook-illinois
https://www.ubereats.com/chicago/food-delivery/bar-louie-bolingbrook/_HGDaSw0RJyRaZ4LZN4NXg,willowbrook-illinois
https://www.ubereats.com/chicago/food-delivery/buffalo-wild-wings-7111-s-kingery-hwy/2GHjh3aWRC-Ghyigo3fNbg,willowbrook-illinois
https://www.ubereats.com/chicago/food-delivery/chipotle-mexican-grill-750-janes-ave-ste-a/5lljjkaGR--S3i9eOqCsGQ,willowbrook-illinois
https://www.ubereats.com/chicago/food-delivery/sebastians-ale-%26-whiskey-house-lombard/Ai9vhK_0SuW1RF6tYHUMPw,willowbrook-illinois
https://www.ubereats.com/chicago/food-delivery/the-clubhouse-oak-brook/iniAqgjiTGWOKxKm9N_sEQ,willowbrook-illinois
https://www.ubereats.com/chicago/food-delivery/panda-express-la-grange-%26-61st-st/jORFdXVuQduJeaED-Hp4eA,willowbrook-illinois
https://www.ubereats.com/chicago/food-delivery/dunkin-17521-roosevelt-rd/I8v0AykgTYW72oHcig7beA,willowbrook-illinois
https://www.ubereats.com/chicago/food-delivery/fiesta-margarita/rLkqHW6TSXSUBmWvbZyJig,willowbrook-illinois
https://www.ubereats.com/chicago/food-delivery/starbucks-bolingbrook-boughton-%26-janes/MzulR5YsQyqxjxudhLEtCA,willowbrook-illinois
https://www.ubereats.com/chicago/food-delivery/stans-donuts-oak-brook/MjmNXbzDS02XDaTKLcpd5A,willowbrook-illinois
https://www.ubereats.com/chicago/food-delivery/idof-i-dream-of-falafel-oakbrook/8N3_YdA2TVa4wFFy__U8gw,willowbrook-illinois
https://www.ubereats.com/chicago/food-delivery/the-beer-market/8X7uGNubSBiAbsIicDwtHw,willowbrook-illinois
https://www.ubereats.com/chicago/food-delivery/mcdonalds-harlem-%26-87th-st/0Z42sb6NSH-bFa9Vbw_h1Q,willowbrook-illinois
https://www.ubereats.com/chicago/food-delivery/starbucks-clarendon-hills-park-ave/k_05R2DJS0aEVeo3xxtbOQ,willowbrook-illinois
https://www.ubereats.com/chicago/food-delivery/subway-9320-joliet-rd-ste-100/5t6x1477S2KBY2Y79H6UDQ,willowbrook-illinois
https://www.ubereats.com/chicago/food-delivery/millers-ale-house-lombard/2iW3qUJYTm65g8Fxjgxo_g,willowbrook-illinois
https://www.ubereats.com/chicago/food-delivery/on-the-go-restaurant/AILE5pKHS7q5Hkfs3zfqaA,willowbrook-illinois
https://www.ubereats.com/chicago/food-delivery/vito-%26-nicks-ii/gMKMd_DySH-yKzwXfJY5WA,willowbrook-illinois
https://www.ubereats.com/chicago/food-delivery/portillos-hot-dogs-5532-s-harlem-ave/Wq0ood9NTMm0_bharIBQkQ,willowbrook-illinois
https://www.ubereats.com/chicago/food-delivery/subway-2189-75th-st/V7ifuYRRScu01Gx0T1IJUQ,willowbrook-illinois
https://www.ubereats.com/chicago/food-delivery/twin-peaks-restaurant-17w744-22nd-st/XT_jp8V6QkWuNwxKAfJj6g,willowbrook-illinois
https://www.ubereats.com/chicago/food-delivery/panera-7165-kingery-highway/u8wYbdvDSw2OU7w_RJvQEA,willowbrook-illinois
https://www.ubereats.com/chicago/food-delivery/honey-jam-cafe-downers-grove/hyUAKwqTR_i01zXKDDGT9w,willowbrook-illinois
https://www.ubereats.com/chicago/food-delivery/petey-pasta-highland-ave/zvSOxLelRLSIbFdO50SKhA,willowbrook-illinois
https://www.ubereats.com/chicago/food-delivery/between-the-buns-bolingbrook/KrsRwFNpTKSlH-KqrF7zHA,willowbrook-illinois
https://www.ubereats.com/chicago/food-delivery/brooks-kitchen-%26-tap/Oor5mGwbQX-1214eO6Rsvw,willowbrook-illinois
https://www.ubereats.com/chicago/food-delivery/chipotle-mexican-grill-1203-ogden-ave/CR0Jrk5iQcGdpSTx3L-TrA,willowbrook-illinois
https://www.ubereats.com/chicago/food-delivery/banda-nawaz/hXux2eYtQUq1pzivaE1ZzQ,willowbrook-illinois
https://www.ubereats.com/chicago/food-delivery/falak-restaurant-and-banquets/MqgEKNvvRiGJlEXNnjkohw,willowbrook-illinois
https://www.ubereats.com/chicago/food-delivery/halal-express-cuisine/KhaG6fv5RsS9kKc-O3t56w,willowbrook-illinois
https://www.ubereats.com/chicago/food-delivery/wildfire-oak-brook/EArDI_IATQ-ejvek4jpUiQ,willowbrook-illinois
https://www.ubereats.com/chicago/food-delivery/sushi-time/va-EBFAnQCC3a0We0FIfgg,willowbrook-illinois
https://www.ubereats.com/chicago/food-delivery/the-simple-greek/e3MHOKevTlCiQt6gp6j2Qw,willowbrook-illinois
https://www.ubereats.com/chicago/food-delivery/subway-404-w-roosevelt-rd/dt6A-n8KRa-uRCISOXvpJA,willowbrook-illinois
https://www.ubereats.com/chicago/food-delivery/subway-8615-w-95th-st/AhdyZ8agQsawcx7sF7sVpQ,willowbrook-illinois
https://www.ubereats.com/chicago/food-delivery/dunkin-150-e-ogden-ave/4WdBEOIaSpukFjR-ulWMKg,willowbrook-illinois
https://www.ubereats.com/chicago/food-delivery/kabab-guys/1jK7drAhQWG5wj4ViIj6Xg,willowbrook-illinois
https://www.ubereats.com/chicago/food-delivery/burrito-parilla-mexicana-lombard/8jp3dZvqQp2RdBBm8LvjlQ,willowbrook-illinois
https://www.ubereats.com/chicago/food-delivery/claras/ULkU8AukSXGwKin9E-dS5w,willowbrook-illinois
https://www.ubereats.com/chicago/food-delivery/the-irish-legend/YDPuIqkERCm4x01tPESQQQ,willowbrook-illinois
https://www.ubereats.com/chicago/food-delivery/roka-akor-oak-brook/Y89cfuDCSbyGAk1RK-gLhQ,willowbrook-illinois
https://www.ubereats.com/chicago/food-delivery/neat-kitchen-%2B-bar/69k4VkGuRnSS8cHwATO3yg,willowbrook-illinois
https://www.ubereats.com/chicago/food-delivery/jerusalem-cafe-lombard/WKs6NpiSSzyAHSUfbDwKMg,willowbrook-illinois
https://www.ubereats.com/chicago/food-delivery/guac-n-tacos-western-springs/XnQcFL0FQb2ntElULqF0zw,willowbrook-illinois
https://www.ubereats.com/chicago/food-delivery/prasino/HVVTzo-oSKWWKqRwtYeWyw,willowbrook-illinois
https://www.ubereats.com/chicago/food-delivery/panda-express-roosevelt-%26-fairfield/IiLxNXpmRq6WwHfGo4JRHQ,willowbrook-illinois
https://www.ubereats.com/chicago/food-delivery/otobo-sushi-%26-bar/UTQUjhMARACHR-fbjqbWzQ,willowbrook-illinois
https://www.ubereats.com/chicago/food-delivery/cafe-salsa/lPNCXkXSQj--UjiT4n2WCA,willowbrook-illinois
https://www.ubereats.com/chicago/food-delivery/hong-kong-carry-out/n-Llehj5Ru-OJ8bAD94Jag,willowbrook-illinois
https://www.ubereats.com/chicago/food-delivery/starbucks-47th-%26-gilbert/xQ7d_scKQ8CqaLITTdsb0Q,willowbrook-illinois
https://www.ubereats.com/chicago/food-delivery/ellyns-tap-and-grill/QXJZo7kWQfy83nNkRObtHw,willowbrook-illinois
https://www.ubereats.com/chicago/food-delivery/potbelly-sandwich-shop-westmont-dt-%7C-355/X8FhmEq8SueRKAEtdwPMIQ,willowbrook-illinois
https://www.ubereats.com/chicago/food-delivery/noodles-pho-u-bolingbrook/FcX4R6m_SkKTe1p1j4KhnA,willowbrook-illinois
https://www.ubereats.com/chicago/food-delivery/kfc-taco-bell-1015-maple-avenue/b7MHyF_rRyKdgtrfmC8qzg,willowbrook-illinois
https://www.ubereats.com/chicago/food-delivery/chipotle-mexican-grill-40-n-la-grange-rd/ydY13b8eSvaRdd2BAdL5pA,willowbrook-illinois
https://www.ubereats.com/chicago/food-delivery/schmaltz-deli/WynBFX6cS8Ke_ICqQEzh9g,willowbrook-illinois
https://www.ubereats.com/chicago/food-delivery/mcdonalds-york-%26-ogden/c6U_uJTxSdC8ZHmHbBVMgA,willowbrook-illinois
https://www.ubereats.com/chicago/food-delivery/dao-sushi-%26-thai-restaurant-willowbrook/i1DLWfBIS_OteYCrqvKQ8g,willowbrook-illinois
https://www.ubereats.com/chicago/food-delivery/buca-di-beppo-lombard/JYSHzVFQTSq6i-I6jngTow,willowbrook-illinois
https://www.ubereats.com/chicago/food-delivery/hooters-lagrange-%26-joliet/deKpePwrRtanUemAn-ArYA,willowbrook-illinois
https://www.ubereats.com/chicago/food-delivery/french-toastery/Pl5XF0v0Q0qyrsiFHxKGNQ,willowbrook-illinois
https://www.ubereats.com/chicago/food-delivery/mccarthys-carry-out/tlM14dqETpW7e-S76oHO6g,willowbrook-illinois
https://www.ubereats.com/chicago/food-delivery/sonic-drive-in-roosevelt-%26-ardmore/gjleEWQkRkuOSDK0O_BsiA,willowbrook-illinois
https://www.ubereats.com/chicago/food-delivery/kizuna-sushi-bistro/mDzkKkgfR323PClFNUUCtg,willowbrook-illinois
https://www.ubereats.com/chicago/food-delivery/dunkin-522-ogden-ave/aVj0qVH1RxmK1MZcCEph7A,willowbrook-illinois
https://www.ubereats.com/chicago/food-delivery/sarpinos-pizzeria-5321-s-la-grange-rd/4EImGeWDRRy8S0RCnPW-6w,willowbrook-illinois
https://www.ubereats.com/chicago/food-delivery/mora-asian-kitchen-bolingbrook/6U9oNXyaSpGuLqDwvoFbuA,willowbrook-illinois
https://www.ubereats.com/chicago/food-delivery/southern-belles-bedford-park/Db_4YGFdSVCE5f7ZpmhT3Q,willowbrook-illinois
https://www.ubereats.com/chicago/food-delivery/chipotle-mexican-grill-5801-s-la-grange-rd/0srhU-VJTBujweqlmBnBtA,willowbrook-illinois
https://www.ubereats.com/chicago/food-delivery/steak-n-shake-2019-w-75th-street/bXW_XVKGQE2nANq1M8TC-A,willowbrook-illinois
https://www.ubereats.com/chicago/food-delivery/shinto-sushi-at-freedom-commons/xcwpGPNeTEGfc3mw67gAOQ,willowbrook-illinois
https://www.ubereats.com/chicago/food-delivery/papa-johns-355-w-ogden-ave/tya141dOQKidXJ7uaqUR1g,willowbrook-illinois
https://www.ubereats.com/chicago/food-delivery/sakura-nami/Lh3hW6EoQgytsqOU5H8yZQ,willowbrook-illinois
https://www.ubereats.com/chicago/food-delivery/potbelly-sandwich-shop-summit-%7C-138/8nUXRTsvQCaBbaKTkaqT8Q,willowbrook-illinois
https://www.ubereats.com/chicago/food-delivery/jimmys-dog-house/J62MQQD0QjGn7qxlo5Excw,willowbrook-illinois
https://www.ubereats.com/chicago/food-delivery/mcdonalds-roosevelt-%26-stewart/sgzhJeCNR5-tcAo3mILuyQ,willowbrook-illinois
https://www.ubereats.com/chicago/food-delivery/burger-king-11124-west-31st-avenue/L0b1zBMUSfirJtuhYNtwYw,willowbrook-illinois
https://www.ubereats.com/chicago/food-delivery/mangia-mangia/H6zRSU3LQ6q185eLF2-JrQ,willowbrook-illinois
https://www.ubereats.com/chicago/food-delivery/mon-ami-gabi-oak-brook-center/VQHij92TRhmRv4BsxdTcSg,willowbrook-illinois
https://www.ubereats.com/chicago/food-delivery/labriola-cafe-oak-brook/TRdussV4RK6FPPZMwfRxrA,willowbrook-illinois
https://www.ubereats.com/chicago/food-delivery/chicken-crossing/aeM3TmvtQw2c9hXNUkH6cw,willowbrook-illinois
https://www.ubereats.com/chicago/food-delivery/calzones-highland-ave/hYDpaEnQS1KzwLI-4kq96g,willowbrook-illinois
https://www.ubereats.com/chicago/food-delivery/carrabbas-1001-75th-st/J3K7eixKRk6vPbZ0Nm4KMg,willowbrook-illinois
https://www.ubereats.com/chicago/food-delivery/sals-pizza-pub/d52iUBBuSpOmJVn5bKFeHA,willowbrook-illinois
https://www.ubereats.com/chicago/food-delivery/chishack/Zpox8GcdQjSliPRTheu9RA,willowbrook-illinois
https://www.ubereats.com/chicago/food-delivery/capri-lounge-and-grill/HXo1FF_ER_-23XfMz5mNNw,willowbrook-illinois
https://www.ubereats.com/chicago/food-delivery/paleteria-el-sabor-de-michoacan-%23-3/NjHKBc0JRMuNEo8CQW1mVQ,willowbrook-illinois
https://www.ubereats.com/chicago/food-delivery/pizzeria32-downers-grove/-RRzhJrBSgG-RfETLFEgcA,willowbrook-illinois
https://www.ubereats.com/chicago/food-delivery/mcdonalds-ogden-%26-florence/oLjV77GWRTKwSgvs2lv0-w,willowbrook-illinois
https://www.ubereats.com/chicago/food-delivery/capri-to-go/2F1h-lE6Qr-r4p13eri_kQ,willowbrook-illinois
https://www.ubereats.com/chicago/food-delivery/priyas-kitchen-westmont/-6clMLQeSWmI_O6dEy3qNg,willowbrook-illinois
https://www.ubereats.com/chicago/food-delivery/guzman-y-gomez-naperville/jM6t0JCZTAW7gDe2EMp9Fw,willowbrook-illinois
https://www.ubereats.com/chicago/food-delivery/subway-of-countryside/Arf5hNIsTrecLiUmhGinbg,willowbrook-illinois
https://www.ubereats.com/chicago/food-delivery/buona-lombard/-ZLrD2o8TSOvMDSQyl1d8Q,willowbrook-illinois
https://www.ubereats.com/chicago/food-delivery/mod-pizza-willowbrook-tc/AePbiB-YQseAW15SIRW_kg,willowbrook-illinois
https://www.ubereats.com/chicago/food-delivery/butterfields-oakbrook-terrace/pK_n1amMTVKJekdDmed3pg,willowbrook-illinois
https://www.ubereats.com/chicago/food-delivery/little-joes-countryside/ONhUZhpLT0C1dG1BUiKCDw,willowbrook-illinois
https://www.ubereats.com/chicago/food-delivery/billy-bricks-wood-fired-pizza-yorktown-center/GYk1y4sQRIS4u4k_FwXgpA,willowbrook-illinois
https://www.ubereats.com/chicago/food-delivery/ballydoyle-irish-pub-downers-grove/usKHSH8tQDKQFCev3zqYcw,willowbrook-illinois
https://www.ubereats.com/chicago/food-delivery/corner-bakery-cafe-42-e-hinsdale-ave/0Buj65LDTumKHa0DVde28g,willowbrook-illinois
https://www.ubereats.com/chicago/food-delivery/fill-a-pita/TxEeurOJRb2iDcMI5uCycA,willowbrook-illinois
https://www.ubereats.com/chicago/food-delivery/damascus-falafel/-0wJWXJ0RsOxsqtXYlyosQ,willowbrook-illinois
https://www.ubereats.com/chicago/food-delivery/chinese-kitchen/1HaC06LwS2SrfNrLNXN9rA,willowbrook-illinois
https://www.ubereats.com/chicago/food-delivery/egg-beater-cafe/sp8OBFKBS0evZU2dcCgWuA,willowbrook-illinois
https://www.ubereats.com/chicago/food-delivery/los-burritos-tapatios-downers-grove/8hnvc2ONR2qNpICRwXa80Q,willowbrook-illinois
https://www.ubereats.com/chicago/food-delivery/roundheads-pizza-downers-grove/wMvUxymuTTSCsH33UVQcwQ,willowbrook-illinois
https://www.ubereats.com/chicago/food-delivery/capri-express-pizza-%26-pasta/YJ5GKUlmQWOAcwzMVD8EPw,willowbrook-illinois
https://www.ubereats.com/chicago/food-delivery/bds-mongolian-grill-boughton-%26-janes/OYULWfh3RkaUHFHoDRtHlg,willowbrook-illinois
https://www.ubereats.com/chicago/food-delivery/starbucks-countryside-lagrange-road/eJPTkgdDR2KtHzD4KFCpvg,willowbrook-illinois
https://www.ubereats.com/chicago/food-delivery/firehouse-subs-920-plainfield-road/SU0hQLMMQdiAgexyYvOeSQ,willowbrook-illinois
https://www.ubereats.com/chicago/food-delivery/devon-seafood-grill-17w400-22nd-st/3GfgZERYQ5G_Iv3k_J3tlg,willowbrook-illinois
https://www.ubereats.com/chicago/food-delivery/jennys-steakhouse/dnUo9s4cQ42GP6OldKqT4g,willowbrook-illinois
https://www.ubereats.com/chicago/food-delivery/dunkin-donuts-oak-brook/z24RXuPYSE6Ns-TeCVw2sw,willowbrook-illinois
https://www.ubereats.com/chicago/food-delivery/starbucks-75th-%26-lemont/L_aWYoz8QXOPgxDo_FSxzQ,willowbrook-illinois
https://www.ubereats.com/chicago/food-delivery/dunkin-85-yorktown-shopping-center/btA1cbCDSm6b1OOKbcxMng,willowbrook-illinois
https://www.ubereats.com/chicago/food-delivery/zazzos-pizza-westmont/enmbAxBRRgau2mn1a3i1QQ,willowbrook-illinois
https://www.ubereats.com/chicago/food-delivery/grilled-cheesin/zARAjV5UQQWy4gSti2EU4w,willowbrook-illinois
