url,city
https://www.ubereats.com/chicago/food-delivery/hollywood-deli/I0sHt8FIRlWgIApx7iYrhg,wilmette-illinois
https://www.ubereats.com/chicago/food-delivery/tapas-barcelona/fuhP8npYSKOXtxnM-IXCGw,wilmette-illinois
https://www.ubereats.com/chicago/food-delivery/oberois-indian-food-devon/JRZXk7EFR3O6FD9_hRk3pQ,wilmette-illinois
https://www.ubereats.com/chicago/food-delivery/buffalo-wild-wings-4999-old-orchard-ctr/PGzCtQgJRxuy9U3IvACVmg,wilmette-illinois
https://www.ubereats.com/chicago/food-delivery/yemen-restaurant/fa4mAOjgSU6i4Vk9hD1wUA,wilmette-illinois
https://www.ubereats.com/chicago/food-delivery/french-kiss-cafe/QERgvsJzQ7GU1A_Z8ifRRA,wilmette-illinois
https://www.ubereats.com/chicago/food-delivery/the-ice-cream-shop/dia7weyyQFa9lciknunQkA,wilmette-illinois
https://www.ubereats.com/chicago/food-delivery/noodles-%26-company-930-church-st/yetYKq0EQ5iRalCVi6fsJw,wilmette-illinois
https://www.ubereats.com/chicago/food-delivery/udupi-palace-w-devon/WevQHf7dRa6oWU6MJC6pww,wilmette-illinois
https://www.ubereats.com/chicago/food-delivery/dak-korean-fried-chicken/_QyoifuHQPy7nXlmQFJNeA,wilmette-illinois
https://www.ubereats.com/chicago/food-delivery/korean-bbq-house/aJtZ2qy0T3qiutLNqTekuA,wilmette-illinois
https://www.ubereats.com/chicago/food-delivery/mcalisters-deli-9465-n-milwaukee-rd/Uli4VB2wR8Gvg8gKlcO21A,wilmette-illinois
https://www.ubereats.com/chicago/food-delivery/pf-changs-1819-lake-cook-rd/ukWo2TyURRCXOvDAp8w4NA,wilmette-illinois
https://www.ubereats.com/chicago/food-delivery/stacked-and-folded-social-house/raiwDhKxT32Pm-vP7GCqng,wilmette-illinois
https://www.ubereats.com/chicago/food-delivery/olive-mediterranean-grill-evanston/Sp7qUqoYRwSt65Gt1uKN6w,wilmette-illinois
https://www.ubereats.com/chicago/food-delivery/mullens/Gzlyll0lS765infKXE3ukA,wilmette-illinois
https://www.ubereats.com/chicago/food-delivery/thai-inbox/_hzAhpw1SBmbWev31zWGKQ,wilmette-illinois
https://www.ubereats.com/chicago/food-delivery/potbelly-sandwich-shop-park-ridge-%7C-181/0er8kZ_hSeiIaZAQRQyThA,wilmette-illinois
https://www.ubereats.com/chicago/food-delivery/rockys-tacos-1/pCY37w1fQxGVnCjmGVxNRA,wilmette-illinois
https://www.ubereats.com/chicago/food-delivery/mid-kitchen/gysuEfNZQ1SiccbaEZJt_A,wilmette-illinois
https://www.ubereats.com/chicago/food-delivery/dunkin-4445-golf-rd/_YHHzhO2QWC8Rgxcs68Seg,wilmette-illinois
https://www.ubereats.com/chicago/food-delivery/mrs-fields-cookies-skokie/2cm_nGNHRw2V9wRmGdR4bQ,wilmette-illinois
https://www.ubereats.com/chicago/food-delivery/little-vietnam/Z_cjLY3LScOt9mIJwmWqZA,wilmette-illinois
https://www.ubereats.com/chicago/food-delivery/bake-homemade-pizza-park-ave/IIATtvnCQja-eXucgtnu5A,wilmette-illinois
https://www.ubereats.com/chicago/food-delivery/taco-bell-8329-skokie-blvd/9Mn49GVmR1-yGWmDTe1OIA,wilmette-illinois
https://www.ubereats.com/chicago/food-delivery/panda-express-5220-west-dempster/SXTxY8ibTOys9jL9KWBxHQ,wilmette-illinois
https://www.ubereats.com/chicago/food-delivery/burger-mansion/tQyzC3kZTQuxzFfGaS5KfA,wilmette-illinois
https://www.ubereats.com/chicago/food-delivery/el-catrin/gfjfVrh7RaOHAS8Hw8jtiQ,wilmette-illinois
https://www.ubereats.com/chicago/food-delivery/the-french-toastery/wYdoMX5dSCWo2wFOhB5bag,wilmette-illinois
https://www.ubereats.com/chicago/food-delivery/arya-bhavan/VxMPfqM4Q1mmuW-BpZHmxQ,wilmette-illinois
https://www.ubereats.com/chicago/food-delivery/wingstop-2434-main-st-ste-f/pVFo5jQCRoijBl2ls06-eg,wilmette-illinois
https://www.ubereats.com/chicago/food-delivery/chipotle-mexican-grill-2341-willow-rd/CZSCC5-vQuq-rp8ynHdCVg,wilmette-illinois
https://www.ubereats.com/chicago/food-delivery/potbelly-sandwich-shop-loyola-%7C-379/Tlz94kSWRGyp2BXsiC5PHA,wilmette-illinois
https://www.ubereats.com/chicago/food-delivery/fresh-to-go/PTMCc99nS8a-j5N5c52ZMQ,wilmette-illinois
https://www.ubereats.com/chicago/food-delivery/eggsperience-evanston/LAI0mUDUT7eDbu3onK6l7w,wilmette-illinois
https://www.ubereats.com/chicago/food-delivery/cafe-orchid-northwest-%26-greenwood/8aK0YjVFSuW9GTMAnpBeDg,wilmette-illinois
https://www.ubereats.com/chicago/food-delivery/grill-city-chicago/_VTexkYLTguV0_4uE-2_jQ,wilmette-illinois
https://www.ubereats.com/chicago/food-delivery/your-pie-pizza-glenview/fM9Zu20GRruh0m_AkYXa6w,wilmette-illinois
https://www.ubereats.com/chicago/food-delivery/goodis-restaurant/IEqxenFFQQS_rFELs_2prg,wilmette-illinois
https://www.ubereats.com/chicago/food-delivery/taco-bell-3511-devon-avenue/L7u-QgRXSZqs-G7VKt4q_w,wilmette-illinois
https://www.ubereats.com/chicago/food-delivery/mcdonalds-lawrence-%26-avers/wKcy3N6lTjy3aY6b2JRo3Q,wilmette-illinois
https://www.ubereats.com/chicago/food-delivery/dunkin-3207-lake-ave-%23-4-a/7Zm8NiBnSw-1AzYvNAaTyA,wilmette-illinois
https://www.ubereats.com/chicago/food-delivery/clarkes-evanston/j05B2qs4T7aeRDssGRzkHA,wilmette-illinois
https://www.ubereats.com/chicago/food-delivery/panda-express-carpenter-%26-touhy/GXkfvFIiQq-Kpof2lkGA9A,wilmette-illinois
https://www.ubereats.com/chicago/food-delivery/wild-pita/rJeMm1vhS6qhxx5jXWgG5A,wilmette-illinois
https://www.ubereats.com/chicago/food-delivery/trattoria-doc/7oIVwm1gQa-1LmQwtAt4sQ,wilmette-illinois
https://www.ubereats.com/chicago/food-delivery/adams-kabob/I5ebS2E0T8abjrvs9LSztg,wilmette-illinois
https://www.ubereats.com/chicago/food-delivery/miraj-layalena-restaurant/KxT65LUuR8mCkuBzVlTDww,wilmette-illinois
https://www.ubereats.com/chicago/food-delivery/noodles-%26-company-1851-tower-dr/qHSq4daoQD-g7ffC97egrA,wilmette-illinois
https://www.ubereats.com/chicago/food-delivery/potbelly-sandwich-shop-willow-festival-%7C-159/xwabsYJrTtagDP40YYxJYQ,wilmette-illinois
https://www.ubereats.com/chicago/food-delivery/bangers-%26-lace-evanston/R3vr696ORoO6QOrQPFkF_Q,wilmette-illinois
https://www.ubereats.com/chicago/food-delivery/vinnys-pizza-%26-pasta/mmSuNg8YQ82KaK0H8_3ZPg,wilmette-illinois
https://www.ubereats.com/chicago/food-delivery/taste-buds-steakhouse-%26-seafood/wdMLaEjhR-6e-nEfT72Agg,wilmette-illinois
https://www.ubereats.com/chicago/food-delivery/mcdonalds-milwaukee-%26-melvina/GrPdWU_NTBG-UhhdOkIUjg,wilmette-illinois
https://www.ubereats.com/chicago/food-delivery/kfc-western/Bzm_SZSGTKCEECruIdAHxQ,wilmette-illinois
https://www.ubereats.com/chicago/food-delivery/burger-king-1829-dempster-street/YwYNYrM6QDqPZUvoDP6AuQ,wilmette-illinois
https://www.ubereats.com/chicago/food-delivery/mazalae-mongolian-restaurant/Z2tiA17nS5WkdEpBq-ZsWQ,wilmette-illinois
https://www.ubereats.com/chicago/food-delivery/hala-in-lawrence/_PjJ1kgVTn-2XaUBydiRBQ,wilmette-illinois
https://www.ubereats.com/chicago/food-delivery/taco-bell-7535-n-harlem-ave/Og5mTWKWRYSSDAIMA_oEdA,wilmette-illinois
https://www.ubereats.com/chicago/food-delivery/naan-on-devon-%26-grill/0mdGZk5cSParKxsZeCTIqw,wilmette-illinois
https://www.ubereats.com/chicago/food-delivery/mi-pueblo-two-restaurant/ZnssieYBRP-RyJ1uAdowWg,wilmette-illinois
https://www.ubereats.com/chicago/food-delivery/graeters-ice-cream-north-brook/XpxexYBfQGCE0dGTSGCCAQ,wilmette-illinois
https://www.ubereats.com/chicago/food-delivery/buona-skokie/lfjcIKQQQg6N8ggq0rDhjA,wilmette-illinois
https://www.ubereats.com/chicago/food-delivery/taco-maya-niles/_igeqMUrQLugOtThHx6T3g,wilmette-illinois
https://www.ubereats.com/chicago/food-delivery/tomate-fresh-kitchen/kp0P2cTxTEe2sjBdxAm9Zg,wilmette-illinois
https://www.ubereats.com/chicago/food-delivery/oda-mediterranean-cuisine/aeCe0CpdSA-8Dhj0x7N57Q,wilmette-illinois
https://www.ubereats.com/chicago/food-delivery/anmol-bbq-resturant/VTgVknOORvqRiODIhjujxw,wilmette-illinois
https://www.ubereats.com/chicago/food-delivery/little-lans/uwbADw15SWmohugIgl-WUQ,wilmette-illinois
https://www.ubereats.com/chicago/food-delivery/dunkin-8408-n-skokie-blvd-%231/jlmD7h2oSW6lfow23GtSMQ,wilmette-illinois
https://www.ubereats.com/chicago/food-delivery/fridas-breakfast-and-lunch/ZorrfXvZReeQKS0qeDORkw,wilmette-illinois
https://www.ubereats.com/chicago/food-delivery/fannie-may-candy-house/mj0If0sSRFKK_pCz5z84Gw,wilmette-illinois
https://www.ubereats.com/chicago/food-delivery/burger-king-7133-west-dempster/PCYED0R9TmCgDmwDJhqkhA,wilmette-illinois
https://www.ubereats.com/chicago/food-delivery/halal-peri-peri-chicken-and-grill/ctSa2xu9SB60NN9atY7SVQ,wilmette-illinois
https://www.ubereats.com/chicago/food-delivery/starbucks-dempster-%26-dodge/YcdSer9uR_CY7H9sC1zwDw,wilmette-illinois
https://www.ubereats.com/chicago/food-delivery/aloha-poke-co-davis-st/rN9d_Z90TLe79lSvuqGZUg,wilmette-illinois
https://www.ubereats.com/chicago/food-delivery/pns-noodle-shop-happ-rd/KPZBNPuiT6WWomqkTD8onQ,wilmette-illinois
https://www.ubereats.com/chicago/food-delivery/subway-165-green-bay-rd/gLG9wCu6Rs6hJGOMkAiD6w,wilmette-illinois
https://www.ubereats.com/chicago/food-delivery/dunkin-1900-dempster-st/64CS8CMZSZieRiVGiorrAA,wilmette-illinois
https://www.ubereats.com/chicago/food-delivery/pho-phu-linh/otLDxQf1Rlirvckpiw-vjQ,wilmette-illinois
https://www.ubereats.com/chicago/food-delivery/dunkin-1357-w-morse-ave-morse-red-line/7zJEENUVSiiedqmDIRmi9A,wilmette-illinois
https://www.ubereats.com/chicago/food-delivery/happi-sushi/Cr2iHf9vSACMiOW2cJAm1Q,wilmette-illinois
https://www.ubereats.com/chicago/food-delivery/choong-man-chicken/us62qX0eThGmtBYsk-EdJA,wilmette-illinois
https://www.ubereats.com/chicago/food-delivery/panda-express-9347-n-milwaukee-ave/76QsBuLQR7Ofzr53IBwCwA,wilmette-illinois
https://www.ubereats.com/chicago/food-delivery/panda-express-3232-lake-ave/uysKMzjZQSCkz6wtnVzINA,wilmette-illinois
https://www.ubereats.com/chicago/food-delivery/himalayan-restaurant-niles/IzLIUZ1jQcqZtr2cntnJsw,wilmette-illinois
https://www.ubereats.com/chicago/food-delivery/dunkin-2494-oakton-st/FqDh-V7GSGu9wFUnjO6VVw,wilmette-illinois
https://www.ubereats.com/chicago/food-delivery/chinatown-kitchen/glrBUx1gQFyiSqrH5gUL-Q,wilmette-illinois
https://www.ubereats.com/chicago/food-delivery/mayfair-restaurant/A_92iR2YRCCeL0E2GqqElA,wilmette-illinois
https://www.ubereats.com/chicago/food-delivery/zias-trattoria/8Wu3vmg0RGi7tg6wD2UgFg,wilmette-illinois
https://www.ubereats.com/chicago/food-delivery/burts-place/5aRKtR9vQWmWhZXWMPz_NA,wilmette-illinois
https://www.ubereats.com/chicago/food-delivery/potbelly-sandwich-shop-northbrook-%7C-158/AIz63hZvR8iO19x4EpPBhg,wilmette-illinois
https://www.ubereats.com/chicago/food-delivery/trattoria-demi/H2Z29GGrTn6AQUgdE3CtHg,wilmette-illinois
https://www.ubereats.com/chicago/food-delivery/tearex-bubble-tea-cafe/nrexFcdQSqKK6P4G7eEzgg,wilmette-illinois
https://www.ubereats.com/chicago/food-delivery/shinsen/gUFHuW0gR760f7K0UxvKsw,wilmette-illinois
https://www.ubereats.com/chicago/food-delivery/subway-5228-w-dempster-ave/DV4o_pbsQcKT3-md8e4ULQ,wilmette-illinois
https://www.ubereats.com/chicago/food-delivery/steak-n-shake-2121-willow-road/6fHoiTC8TOeZzq96f_KXOA,wilmette-illinois
https://www.ubereats.com/chicago/food-delivery/starbucks-chestnut-%26-spruce-winnetka/FGRFhapSRD2l5x9xVdAtIQ,wilmette-illinois
https://www.ubereats.com/chicago/food-delivery/7404-bonefish-grill-9310-skokie-blvd/5O69Rl7EQO20UY5RSIY8jQ,wilmette-illinois
https://www.ubereats.com/chicago/food-delivery/beyond-thai-restaurant/H_za3ufITTuZLYa3P31-mQ,wilmette-illinois
https://www.ubereats.com/chicago/food-delivery/honeybear-cafe/HrzyQSCHQzCw5PMQW4UFBA,wilmette-illinois
https://www.ubereats.com/chicago/food-delivery/senor-pan-elston/dm9CzANfQ5KIppeVZGcrPQ,wilmette-illinois
https://www.ubereats.com/chicago/food-delivery/morettis-ristorante-%26-pizzeria-morton-grove/HhFkEEQYQiuVvV0EKzVbFA,wilmette-illinois
https://www.ubereats.com/chicago/food-delivery/ruk-sushi-%26-thai-edgebrook/nCcs9sMUT6yESqPEjDLH1Q,wilmette-illinois
https://www.ubereats.com/chicago/food-delivery/starbucks-4159-w-peterson-sauganash/AfklVE47SlujQBtYPlqj_Q,wilmette-illinois
https://www.ubereats.com/chicago/food-delivery/marlas-brown-bag-lunch-cafe/v9x4KNjKSTCrQIJ4Rw_M0w,wilmette-illinois
https://www.ubereats.com/chicago/food-delivery/mcdonalds-touhy-%26-kedzie/T0MAnYSjRy2k_6DbDoPKxA,wilmette-illinois
https://www.ubereats.com/chicago/food-delivery/cicis-pizza-niles/uvkHF3ytRM2oKfY4bFQ7hw,wilmette-illinois
https://www.ubereats.com/chicago/food-delivery/candlelite-chicago-restaurant/NsmSQ0g4TimfWCi9XPaUZQ,wilmette-illinois
https://www.ubereats.com/chicago/food-delivery/dandana-mediterranean-restaurant/XnACv-VoTmm7llqlFX5n7w,wilmette-illinois
https://www.ubereats.com/chicago/food-delivery/potbelly-sandwich-shop-old-orchard-%7C-16/G6xPd2-dSNWQRiNNde7Hwg,wilmette-illinois
https://www.ubereats.com/chicago/food-delivery/rollin-at-dd-deli/TWmihHLhR965ltGMD98oyQ,wilmette-illinois
https://www.ubereats.com/chicago/food-delivery/greenlight-korean-pub/1vQnJWweTx6RPMf6Dhkh6A,wilmette-illinois
https://www.ubereats.com/chicago/food-delivery/flat-top-grill-evanston/KL5-1WBMShe8lKeG3eNVEQ,wilmette-illinois
https://www.ubereats.com/chicago/food-delivery/starbucks-sherman-%26-clark-evanston/47jTpFbWRA-Bm4T3FIbG2Q,wilmette-illinois
https://www.ubereats.com/chicago/food-delivery/gotta-b-crepes/Vxgs3HewTv6LBS8XwLoAgA,wilmette-illinois
https://www.ubereats.com/chicago/food-delivery/mirch-inc/azvNOlL_Tx2APjeSopSJ7A,wilmette-illinois
https://www.ubereats.com/chicago/food-delivery/haagen-dazs-shop-3333-west-touhy-avenue/w-JEqAYcSmO8iT3dj_ZKJA,wilmette-illinois
https://www.ubereats.com/chicago/food-delivery/nancys-pizza/FdEcZgZRT0Gxp-G4_8-xUg,wilmette-illinois
https://www.ubereats.com/chicago/food-delivery/fannie-may-touhy/UEI-0zniSG633G_7FBGcyQ,wilmette-illinois
https://www.ubereats.com/chicago/food-delivery/bangkok-belly/WkZ4g0-pS-WaimnWZd1fSQ,wilmette-illinois
https://www.ubereats.com/chicago/food-delivery/frio-gelato-evanston/6EeHz6pjTMqshdZav2Zt_w,wilmette-illinois
https://www.ubereats.com/chicago/food-delivery/subway-3244-glenview-rd/kkVSWlmjSNaIIYaDevW8hg,wilmette-illinois
https://www.ubereats.com/chicago/food-delivery/tub-tim-thai-restaurant/a1u-HdTqQMirKriSxQeQ7Q,wilmette-illinois
https://www.ubereats.com/chicago/food-delivery/arbys-7001-w-dempster-ave/NId2rrBATlWBXWGi81P_0w,wilmette-illinois
https://www.ubereats.com/chicago/food-delivery/roka-akor-old-orchard/VhsLx-miQ_e6EYrY6jBABA,wilmette-illinois
https://www.ubereats.com/chicago/food-delivery/subway-4025-w-oakton-st/Yf3vBTn2T4CyC0-1fL83aw,wilmette-illinois
https://www.ubereats.com/chicago/food-delivery/rio-tacos/OKpDF6ULQNOoZADlUEI1TQ,wilmette-illinois
https://www.ubereats.com/chicago/food-delivery/linas-frozen-treats/joDiRfKsQyCRgyIKq-hZiA,wilmette-illinois
https://www.ubereats.com/chicago/food-delivery/blaze-pizza-5712-w-touhy-ave/MADiLOuTTtegybebjcUUVw,wilmette-illinois
https://www.ubereats.com/chicago/food-delivery/shukr-cafe/Sn_9-TKRTtyFN057I28ZPg,wilmette-illinois
https://www.ubereats.com/chicago/food-delivery/new-york-halal-pizza/EHBfLMz9SSGV7lxRNvmmrw,wilmette-illinois
https://www.ubereats.com/chicago/food-delivery/halal-peri-peri-chicken-and-grill/20WiAGUKTSqsqPGEea2_pQ,wilmette-illinois
https://www.ubereats.com/chicago/food-delivery/yo-fresh-evanston/IbktTuz3SgSYsRekcnr1Zw,wilmette-illinois
https://www.ubereats.com/chicago/food-delivery/unimart/jKE3EGmnQ9u9PdvI7jTkWQ,wilmette-illinois
https://www.ubereats.com/chicago/food-delivery/bundoo-khan-kabab-house-inc/sJLPi6BAQmWs1iruO-ttVA,wilmette-illinois
https://www.ubereats.com/chicago/food-delivery/uru-swati/4WTmJ_MIS1aobyXnCephkQ,wilmette-illinois
https://www.ubereats.com/chicago/food-delivery/dunkin-1945-willow-rd/ZDwLgboAR_KdE_G79tpMaA,wilmette-illinois
https://www.ubereats.com/chicago/food-delivery/nicks-drive-in/Vob26PC3SXeRZjVyDUHz2A,wilmette-illinois
https://www.ubereats.com/chicago/food-delivery/gastropub/auRYvJgiS8GJDVHdjAJVsw,wilmette-illinois
https://www.ubereats.com/chicago/food-delivery/valley-lodge/UKbMYxMST_2-koPR74oVfA,wilmette-illinois
https://www.ubereats.com/chicago/food-delivery/pita-inn-des-plaines/v_TLAvYnTa-1_OEK9vHqPA,wilmette-illinois
https://www.ubereats.com/chicago/food-delivery/ruths-chris-steak-house-933-skokie-blvd/OoLkHWB6SkGMo8F9dmpr7w,wilmette-illinois
https://www.ubereats.com/chicago/food-delivery/karahi-corner/76VaIYgXRAuc5U8g9QElUg,wilmette-illinois
https://www.ubereats.com/chicago/food-delivery/tsing-tao-mandarin-chinese-restaurant/S-OJZLoISviGJsqI1zHHDA,wilmette-illinois
https://www.ubereats.com/chicago/food-delivery/the-biryani-place/CASNE3xyT7y0l9ap6uwvUA,wilmette-illinois
https://www.ubereats.com/chicago/food-delivery/noodles-%26-company-5681-w-touhy-ave/GcZSRk9vR4m-UKW3WTUHSQ,wilmette-illinois
https://www.ubereats.com/chicago/food-delivery/jersey-mikes-subs-willow-%26-ravine/OquPIfEMQN6umVp4RhpF-A,wilmette-illinois
https://www.ubereats.com/chicago/food-delivery/homers-ice-cream/VRneGNNfTzO1Z64uvSS72A,wilmette-illinois
https://www.ubereats.com/chicago/food-delivery/thalaivas-indian-kitchen/Ldpgcai2QQim0TeAK9E6JQ,wilmette-illinois
https://www.ubereats.com/chicago/food-delivery/dozika/OujeXyUPT-6f8oUYyrXT5A,wilmette-illinois
https://www.ubereats.com/chicago/food-delivery/subway-1900-dempster-st-ste-c/6LHt0OAHRfGzgCPgyA_RYg,wilmette-illinois
https://www.ubereats.com/chicago/food-delivery/the-port-of-peri-peri-skokie/vX6AMg6wTY-B2-yow700cw,wilmette-illinois
https://www.ubereats.com/chicago/food-delivery/oshio-sushi-%26-steakhouse/JK1UjIahTI-0wYPQ9_pUKQ,wilmette-illinois
https://www.ubereats.com/chicago/food-delivery/nandos-peri-peri-4999-old-orchard-center/3_Y3gYSrSKW4CgGl_OFhOg,wilmette-illinois
https://www.ubereats.com/chicago/food-delivery/krishna-lunch/dMmyGkdtQWKD2JChwJ_ZqQ,wilmette-illinois
https://www.ubereats.com/chicago/food-delivery/ovo-frito-cafe/J-qcj9sZSeWnSk9_BDtxtA,wilmette-illinois
https://www.ubereats.com/chicago/food-delivery/tiffanys-restaurant-%26-cafe/9Nf9ncgiQDScjbAEGm8-ug,wilmette-illinois
https://www.ubereats.com/chicago/food-delivery/francescas-bryn-mawr/abnpW6FaTB-c12B3Zd0H6w,wilmette-illinois
https://www.ubereats.com/chicago/food-delivery/chipotle-mexican-grill-711-church-st/o-D5NcAOSRmAXPJxLysw7g,wilmette-illinois
https://www.ubereats.com/chicago/food-delivery/mortons-the-steakhouse-699-skokie-blvd/Yw7sn_wlQ3i2dpcuhFvWXQ,wilmette-illinois
https://www.ubereats.com/chicago/food-delivery/noodles-%26-company-110-s-waukegan-ste-110c/oo9QOHd3R3G27e3X9HepzA,wilmette-illinois
https://www.ubereats.com/chicago/food-delivery/harrys-kitchen/oeaATChHQ_-HTfUsbW25dw,wilmette-illinois
https://www.ubereats.com/chicago/food-delivery/viaggio-restaurant/xNYiE2t4TkukoPepMm16UQ,wilmette-illinois
https://www.ubereats.com/chicago/food-delivery/mcdonalds-clark-%26-pratt/E4T0lz3fT0qxUPei9cfnzQ,wilmette-illinois
https://www.ubereats.com/chicago/food-delivery/subway-skokie/lSP9PuSZQR6P1HiZrxmkHg,wilmette-illinois
https://www.ubereats.com/chicago/food-delivery/dunkin-9480-waukegan-rd/0ies3ALcTYqut6gXnJw5ug,wilmette-illinois
https://www.ubereats.com/chicago/food-delivery/sushi-cafe-hanah/bpNGmKJQTXW2AqgpoHjjxA,wilmette-illinois
https://www.ubereats.com/chicago/food-delivery/en-lai-asian-grill/bpzxZHxPQYSQlHzLOGL2Ag,wilmette-illinois
https://www.ubereats.com/chicago/food-delivery/dunkin-980-harlem-ave-%2323/oDJjIjQaSyGg97hSq_K_aw,wilmette-illinois
https://www.ubereats.com/chicago/food-delivery/mrbroast/WG1U8KzKQ8Sv1-bMPBbIuA,wilmette-illinois
https://www.ubereats.com/chicago/food-delivery/papa-romeos-pizza-dodge-%26-dempster/vBQ-9b-ZRwylVgHUPEkaig,wilmette-illinois
https://www.ubereats.com/chicago/food-delivery/litehouse-evanston/ZYnssBPjRDqqsU9pnd0SZQ,wilmette-illinois
https://www.ubereats.com/chicago/food-delivery/mcdonalds-waukegan-%26-harmony/5G-g48UfTiKEJtH_8xOuhA,wilmette-illinois
https://www.ubereats.com/chicago/food-delivery/bangkok-thai-cuisine/k3FS0bGgQtSndHjbAZGEnA,wilmette-illinois
https://www.ubereats.com/chicago/food-delivery/mumbai-indian-grill/4hy25jncTUKXXe-bDSwN5g,wilmette-illinois
https://www.ubereats.com/chicago/food-delivery/burger-king-3850-west-dempster/MSZrKgmoQyqXrDwJem9PMg,wilmette-illinois
https://www.ubereats.com/chicago/food-delivery/the-boiler-shrimp-and-crawfish/OSRD_JFSQ-azfjuQvwjZwA,wilmette-illinois
https://www.ubereats.com/chicago/food-delivery/dunkin-6801-n-cicero-ave/Iee-MTd4SvKiINGLW00Ryg,wilmette-illinois
https://www.ubereats.com/chicago/food-delivery/leonidas-chocolate-cafe/0z2sn6jFSm6dvxf3YY5qhA,wilmette-illinois
https://www.ubereats.com/chicago/food-delivery/yannis/msj7MjA5SRqsPtbRY3FDFg,wilmette-illinois
https://www.ubereats.com/chicago/food-delivery/meatheads-northbrook/pLoes1-aQ2e3EFQkYu7HiQ,wilmette-illinois
https://www.ubereats.com/chicago/food-delivery/koco-table/WHk-Cmh2QtyjIJtCTgmvSg,wilmette-illinois
https://www.ubereats.com/chicago/food-delivery/dunkin-7525-n-harlem-ave/umx9UGZ7Q8qFGwdvKFSSpw,wilmette-illinois
https://www.ubereats.com/chicago/food-delivery/big-tomato/J60QAVVXQX2MeKQE0Vd8rA,wilmette-illinois
https://www.ubereats.com/chicago/food-delivery/farm-bar-edgewater/BVqiVGJ5S7iUX4fl1WHqzg,wilmette-illinois
https://www.ubereats.com/chicago/food-delivery/la-macchina-cafe/huMKLyctREeS-JbwURaLPQ,wilmette-illinois
https://www.ubereats.com/chicago/food-delivery/chipotle-mexican-grill-786-skokie-blvd/EjYoBSSXQ3KuLwlNvsH7rA,wilmette-illinois
https://www.ubereats.com/chicago/food-delivery/nineveh-grocery-%26-meat/dml4Eu7iRNW3lW5ANrmcvQ,wilmette-illinois
https://www.ubereats.com/chicago/food-delivery/le-sucre-cafe/1qrryxC5SC-iUFs8GigidA,wilmette-illinois
https://www.ubereats.com/chicago/food-delivery/popeyes-1959-w-howard-st/SBxHLz9ARHKcMhhEFZkaew,wilmette-illinois
https://www.ubereats.com/chicago/food-delivery/kansaku/RxGHF_64RpSDoOzse0Ua1g,wilmette-illinois
https://www.ubereats.com/chicago/food-delivery/sunrise-sandwich-co/XDaK0BRkTvqTMAlW2-c_jg,wilmette-illinois
https://www.ubereats.com/chicago/food-delivery/koi-fine-asian-cuisine-%26-lounge/Ky-vcvmaRiWdoc3mJVAAyQ,wilmette-illinois
https://www.ubereats.com/chicago/food-delivery/ridgeview-grill/l9wEGN8hSDCeelAz8DdKmg,wilmette-illinois
https://www.ubereats.com/chicago/food-delivery/gale-stree-inn/JzUyof57Tmmyf8Ngqw4XFg,wilmette-illinois
https://www.ubereats.com/chicago/food-delivery/starbucks-lake-%26-patriot-the-glen/jbUNLnqcTY2g1kzSceKggg,wilmette-illinois
https://www.ubereats.com/chicago/food-delivery/johnnys-grill/GM7ulWikTKi7KYR_aiUvrQ,wilmette-illinois
https://www.ubereats.com/chicago/food-delivery/guanajuato-contemporary-mexican-%26-tequila-bar/mQQTq_9eSr6B046GopwlzA,wilmette-illinois
https://www.ubereats.com/chicago/food-delivery/noble-romans-pizza/KlFhxLNeTUim0yKgpRwWkQ,wilmette-illinois
https://www.ubereats.com/chicago/food-delivery/hubs/NNCr7Z2ORdC5Kj-bflhPUQ,wilmette-illinois
https://www.ubereats.com/chicago/food-delivery/kfc-3357-w-peterson-avenue/nOkeafyFQV2zepdTNkqoHg,wilmette-illinois
https://www.ubereats.com/chicago/food-delivery/rosatis-pizza-of-chicago-milwaukee-ave/3dwt8ri2SUydvDULlSd6Rg,wilmette-illinois
https://www.ubereats.com/chicago/food-delivery/papa-johns-1743-benson-avenue/xgKCsnK9RRuFOAre0vtwRA,wilmette-illinois
https://www.ubereats.com/chicago/food-delivery/mcdonalds-milwaukee-%26-greenwood/Y_MGo-PiRMWXL8r00sazqg,wilmette-illinois
https://www.ubereats.com/chicago/food-delivery/usmania-chinese-restaurant/eqb92a-FR0WkheBi2kYYxg,wilmette-illinois
https://www.ubereats.com/chicago/food-delivery/savory-crust-gourmet-empanadas/3OnLkRTFSlSGvTL2NYomGQ,wilmette-illinois
https://www.ubereats.com/chicago/food-delivery/my-little-kitchen/AfGW3_z0R0K0CJy-tADV_Q,wilmette-illinois
https://www.ubereats.com/chicago/food-delivery/shari-sushi-bar/AGB79bMqTr2KNb_cXE1L1g,wilmette-illinois
https://www.ubereats.com/chicago/food-delivery/mcdonalds-dempster-%26-skokie/qynHdqFJQl2mwqycQlP13A,wilmette-illinois
https://www.ubereats.com/chicago/food-delivery/dunkin-9721-milwaukee-ave/u-JLMh9QQR6FW3a5hwZ30Q,wilmette-illinois
https://www.ubereats.com/chicago/food-delivery/california-pizza-kitchen-4999-old-orchard-road-suite-g-2/5AmJ96PkTpqNchAok8T2gQ,wilmette-illinois
https://www.ubereats.com/chicago/food-delivery/outback-steakhouse-5535-touhy-avenue/CW9ZRD_4ToWGhCLBrnEoFw,wilmette-illinois
https://www.ubereats.com/chicago/food-delivery/anto-pizza-chicago/93RlI2H7RE6Df01Bj-mN1g,wilmette-illinois
https://www.ubereats.com/chicago/food-delivery/popeyes-6939-golf-rd/_jH2ivwqSSKR-SQB_siWcw,wilmette-illinois
https://www.ubereats.com/chicago/food-delivery/jillys-cafe/X-PFc3RiQyu6TUQK9z7FEA,wilmette-illinois
https://www.ubereats.com/chicago/food-delivery/mcdonalds-dempster-%26-dodge/ThOGPoMHRnOme6N89jizKQ,wilmette-illinois
https://www.ubereats.com/chicago/food-delivery/buffalo-wild-wings-7020-carpenter-rd/kJygUjE5QQOPksQ9nAuNuw,wilmette-illinois
https://www.ubereats.com/chicago/food-delivery/the-fish-keg/VqdR8eqsRxiuwIFg_HtsAA,wilmette-illinois
https://www.ubereats.com/chicago/food-delivery/dawg-park/FXd7MR3BQSesbRILTgICyg,wilmette-illinois
https://www.ubereats.com/chicago/food-delivery/ninja-sushi/6DsociDOTzW3Eun0pda9fw,wilmette-illinois
https://www.ubereats.com/chicago/food-delivery/starbucks-2114-central-st-evanston/z9gW09rkTAGm4GN6PGfX3A,wilmette-illinois
https://www.ubereats.com/chicago/food-delivery/potbelly-sandwich-shop-glenview-%7C-39/nPxISIxdRz6M0W2UlpCrDw,wilmette-illinois
https://www.ubereats.com/chicago/food-delivery/dong-ky-chinese-%26-vietnamese-restaurant/fq48z4JDRKWyvIfXl8_1pw,wilmette-illinois
https://www.ubereats.com/chicago/food-delivery/broast-xpress/h6GbQWjASeS7Q-1uX8AUCg,wilmette-illinois
https://www.ubereats.com/chicago/food-delivery/cookies-by-design-%23112/z-Y4tELYRzKXGIIZARYEWA,wilmette-illinois
https://www.ubereats.com/chicago/food-delivery/dunkin-81-green-bay-rd/eR6O6h2LSyyHQh9n81nhyw,wilmette-illinois
https://www.ubereats.com/chicago/food-delivery/larsas-fine-mediterranean-cuisine-%26-pizza/9QIpJf7dSFKoS_wM9Ksupw,wilmette-illinois
https://www.ubereats.com/chicago/food-delivery/flukys-since-1929/sH9eKoxdQ9aGx2h58ch8IA,wilmette-illinois
https://www.ubereats.com/chicago/food-delivery/starbucks-lake-%26-skokie-edens-plaza/l0zNsixoQDO4dLkvUcBLbw,wilmette-illinois
https://www.ubereats.com/chicago/food-delivery/amici-restaurant/KdODCle3Q_mSymK2ieUnVg,wilmette-illinois
https://www.ubereats.com/chicago/food-delivery/chick-fil-a-9341-skokie-blvd/yFS4MNXgQCaNVhRMNn7Z0w,wilmette-illinois
https://www.ubereats.com/chicago/food-delivery/buffalo-wild-wings-1018-willow-rd/4QHVs_TrTUWCu7uchFpyEg,wilmette-illinois
https://www.ubereats.com/chicago/food-delivery/taco-bell-9870-n-milwaukee/JxPQx3LMScOmnk_4nj9c8g,wilmette-illinois
https://www.ubereats.com/chicago/food-delivery/pad-thai-snob/0NVbWqo1TmeNdx_OsOMP6Q,wilmette-illinois
https://www.ubereats.com/chicago/food-delivery/jin-ju/grNlzpgMQaC9i3wb9ni53w,wilmette-illinois
https://www.ubereats.com/chicago/food-delivery/panda-express-lincoln-%26-mccormick/gbAILPVJStODUUPsxFWTxw,wilmette-illinois
https://www.ubereats.com/chicago/food-delivery/steak-n-shake-2209-oakton-st/_4Rqb6vKRQeMuGwL5_09tw,wilmette-illinois
https://www.ubereats.com/chicago/food-delivery/usmania-fine-dining/FJIs_u6NQXup6p5sZS6EOw,wilmette-illinois
https://www.ubereats.com/chicago/food-delivery/ihop-skokie-%26-foster/m9S58wA9T5i6B_NURXo8yA,wilmette-illinois
https://www.ubereats.com/chicago/food-delivery/edzos-burger-shop/BKRrszqWRA-BGetfKGm8vw,wilmette-illinois
https://www.ubereats.com/chicago/food-delivery/dunkin-3946-w-devon-ave/qaI8ySqPQ3eeIHEr9AoFVA,wilmette-illinois
https://www.ubereats.com/chicago/food-delivery/starbucks-w-bryn-mawr-%26-winthrop-edgewater/Vmcve7LGT7mr1tkhDN9mYQ,wilmette-illinois
https://www.ubereats.com/chicago/food-delivery/mcdonalds-foster-%26-kedzie/vFW5fj1ASDOKgQqAOUxGqA,wilmette-illinois
https://www.ubereats.com/chicago/food-delivery/mod-pizza-deerbrook-mall/Aeqr3YceRoeiHlXrFV-0Xw,wilmette-illinois
https://www.ubereats.com/chicago/food-delivery/berry-pike-cafe/7tzK02J9RmOTvuI8-7nWHw,wilmette-illinois
https://www.ubereats.com/chicago/food-delivery/chicago-char-grill/6dmFIS-WRFWYNiFmWyaW4g,wilmette-illinois
https://www.ubereats.com/chicago/food-delivery/aok-gourmet/8TvFTF79S9uGe15XpmdlJw,wilmette-illinois
https://www.ubereats.com/chicago/food-delivery/mcdonalds-milwaukee-%26-gale/MZ6ab_fETvC6vXx5bsvyxA,wilmette-illinois
https://www.ubereats.com/chicago/food-delivery/jps-pizza-and-grill/o-i-qlbOSLGQMx1HNVp22Q,wilmette-illinois
https://www.ubereats.com/chicago/food-delivery/sushi-4-u/BY5f8aaJTAKUqH9llJ8zIA,wilmette-illinois
https://www.ubereats.com/chicago/food-delivery/alexanders-breakfast-and-lunch/GCuA9yeyQH2qAubNwMRXLA,wilmette-illinois
https://www.ubereats.com/chicago/food-delivery/badou-senegalese-cuisine/ZsS-RyPqR6CF_FOVaKWtaQ,wilmette-illinois
https://www.ubereats.com/chicago/food-delivery/burger-king-1740-orrington-road/8V_hwFd-ScS8RvEAUJOtbg,wilmette-illinois
https://www.ubereats.com/chicago/food-delivery/dowize-bistro/4p8kVn8QRhGEp5S78uxm2A,wilmette-illinois
https://www.ubereats.com/chicago/food-delivery/stir-crazy-fresh-asian-grill-northbrook/IVIMbAXPT36TFvmQ01ZVrg,wilmette-illinois
https://www.ubereats.com/chicago/food-delivery/golden-olympic-restaurant/YDnOHzPLRai5mit3BnUR0A,wilmette-illinois
https://www.ubereats.com/chicago/food-delivery/disotto/1sy4Gl-WTjGPpi8TDDbzKA,wilmette-illinois
https://www.ubereats.com/chicago/food-delivery/portillos-hot-dogs-8832-w-dempster-st/lqufWXwFSO2FqG824CCO6Q,wilmette-illinois
https://www.ubereats.com/chicago/food-delivery/grill-house/Lc9hsa0jROuTthgTR5h5ug,wilmette-illinois
https://www.ubereats.com/chicago/food-delivery/alexanders/MH6HcGuoQE2_LYHAJijF0w,wilmette-illinois
https://www.ubereats.com/chicago/food-delivery/tearex-bubble-tea-cafe-niles/B5yO3TdsTbiAMfUq2PXvlQ,wilmette-illinois
https://www.ubereats.com/chicago/food-delivery/olive-vegetarian-grill-evanston/lUsz5Ej-QQCtbgNoRwYDxg,wilmette-illinois
https://www.ubereats.com/chicago/food-delivery/starbucks-green-bay-%26-washington-wilmette/8abqpXTVQEeEALv2kg49oA,wilmette-illinois
https://www.ubereats.com/chicago/food-delivery/dunkin-1612-benson-ave/DT-csbePTTSd4RgO4gM5-w,wilmette-illinois
https://www.ubereats.com/chicago/food-delivery/corner-bakery-cafe-5369-touhy-ave/JVs5GHdhSn6uTsJO2O8JVg,wilmette-illinois
https://www.ubereats.com/chicago/food-delivery/burger-king-1834-waukegan-road/j8_9sS9nR-qjHmSPdpo_nQ,wilmette-illinois
https://www.ubereats.com/chicago/food-delivery/five-guys-il-0552-willow-%26-ravine/YdOzazCoQEahD7rJ6C7JFg,wilmette-illinois
https://www.ubereats.com/chicago/food-delivery/dunkin-2658-green-bay-rd/gFsd2aIRRnKajfUuV9kcaQ,wilmette-illinois
https://www.ubereats.com/chicago/food-delivery/simply-sushi/BNFgI4aSRzm0mDQSJbiNTw,wilmette-illinois
https://www.ubereats.com/chicago/food-delivery/taqueria-los-comales-milwaukee-%26-ballard/ZWOlB5ZPQp66wHWr8AZScA,wilmette-illinois
https://www.ubereats.com/chicago/food-delivery/cold-stone-creamery-21119/jXKnOHlAT_q21biudSW_CQ,wilmette-illinois
https://www.ubereats.com/chicago/food-delivery/blaze-pizza-sherman-%26-elgin/BJzX1GqgR3GMWOgOemwiHA,wilmette-illinois
https://www.ubereats.com/chicago/food-delivery/starbucks-dempster-%26-karlov-skokie/r8KuyOdPT2-_TPlIsERgGw,wilmette-illinois
https://www.ubereats.com/chicago/food-delivery/viet-nom-nom/oeaca6LFSkGltDrVXtiHMw,wilmette-illinois
https://www.ubereats.com/chicago/food-delivery/subway-724-clark-st/c6M42Bt_RKqvn1s_MJE4jA,wilmette-illinois
https://www.ubereats.com/chicago/food-delivery/mcdonalds-dempster-%26-callie/eFqyugwNQye-F_v3BC5Jmg,wilmette-illinois
https://www.ubereats.com/chicago/food-delivery/boston-market-800-devon-ave/tEgwiyqhQDWr7aXIXEdmsw,wilmette-illinois
https://www.ubereats.com/chicago/food-delivery/vee-vee-african-restaurant/emu5-ln4TYWBWy6b8lPyqw,wilmette-illinois
https://www.ubereats.com/chicago/food-delivery/chicken-ati-atihan-grill-and-restaurant/GrKEB80-RBaIWGom2EDBeQ,wilmette-illinois
https://www.ubereats.com/chicago/food-delivery/ravinia-brewing-company/d1i497D-Q0CXeHSTcD3QFQ,wilmette-illinois
https://www.ubereats.com/chicago/food-delivery/im-soul-hungry/FkIiysk4T4yrlfRc9f2dcQ,wilmette-illinois
https://www.ubereats.com/chicago/food-delivery/red-robin-473-7050-carpenter-rd/F6X9aEXjSsqTls2-Cs_9ZA,wilmette-illinois
https://www.ubereats.com/chicago/food-delivery/nanas-v-chicken/IkcqooFASieFuJznqDpL-g,wilmette-illinois
https://www.ubereats.com/chicago/food-delivery/jennifers-edibles/x9h9kxUBS9-Ht0s4lBAf4w,wilmette-illinois
https://www.ubereats.com/chicago/food-delivery/cugini/w6CP8HfeSe2yEPxVJWeQOA,wilmette-illinois
https://www.ubereats.com/chicago/food-delivery/sakura-sushi/T199ePqWT_yXa-p6bQN1fw,wilmette-illinois
https://www.ubereats.com/chicago/food-delivery/the-crazy-greek/eGRIbegBSMKPWDavdx8ycw,wilmette-illinois
https://www.ubereats.com/chicago/food-delivery/taco-bell-1757-waukegan/CEmNWaq8SJWrKinGxLX5Kg,wilmette-illinois
https://www.ubereats.com/chicago/food-delivery/mustards-last-stand/lvhUL_SyRcKWNtO2-7gUJQ,wilmette-illinois
https://www.ubereats.com/chicago/food-delivery/di-pescara-northbrook-court-mall/-VF24YeMS92oVxwSqe4lww,wilmette-illinois
https://www.ubereats.com/chicago/food-delivery/leaf-%2B-sprout/OoBE9HhnQxyMmw9f9EeDow,wilmette-illinois
https://www.ubereats.com/chicago/food-delivery/olive-mountain-grill/SYSaVae5ToOqbDQvgoxcog,wilmette-illinois
https://www.ubereats.com/chicago/food-delivery/pinstripes-northbrook/czElVzFySL-zZ5BfZNULaA,wilmette-illinois
https://www.ubereats.com/chicago/food-delivery/napolita-pizzeria-%26-wine-bar/ylpIAm-3Q9Of-gt3faaOsA,wilmette-illinois
https://www.ubereats.com/chicago/food-delivery/mahal-kita/5F4P5P-hQ024TglRtSZPtA,wilmette-illinois
https://www.ubereats.com/chicago/food-delivery/bibim-town/BhDtK8sfRxmkuTh5iNwL2g,wilmette-illinois
https://www.ubereats.com/chicago/food-delivery/valor/eHEIHY0ATae0hyLH_laJKw,wilmette-illinois
https://www.ubereats.com/chicago/food-delivery/cacao-70/Q2mFenE1QzmpRR41NDEkeQ,wilmette-illinois
https://www.ubereats.com/chicago/food-delivery/papa-johns-pizza-skokie/PNbJ5x3JSO-RgJ4yKKBkEw,wilmette-illinois
https://www.ubereats.com/chicago/food-delivery/ann-sather-grandview/cugx4fjvRO6f8Ed8Kkrx8Q,wilmette-illinois
https://www.ubereats.com/chicago/food-delivery/buffalo-joes-on-howard/4s_44np_R4imP_3IWKbdmQ,wilmette-illinois
https://www.ubereats.com/chicago/food-delivery/chickwich/kJkQvKjUQIqMoohqZJ9Yqg,wilmette-illinois
https://www.ubereats.com/chicago/food-delivery/grilled-cheesin/KQGCkykuTLy8vX7HLsmPMw,wilmette-illinois
https://www.ubereats.com/chicago/food-delivery/mcdonalds-devon-%26-ridge/i1XBn9CxSlKucWLo97sYFg,wilmette-illinois
https://www.ubereats.com/chicago/food-delivery/himshikar-restaurant/v_ulHJQ3SQ2T-9TpRIQSDw,wilmette-illinois
https://www.ubereats.com/chicago/food-delivery/chi-burger/y9MjK4zKQ3eRcnKoXxxPfQ,wilmette-illinois
https://www.ubereats.com/chicago/food-delivery/la-choza-mexican-grill/8S23yeLhQh6yRWiIhDq4Zg,wilmette-illinois
https://www.ubereats.com/chicago/food-delivery/papa-johns-pizza-niles/tskHIiZlTJ6FLgBssevS9g,wilmette-illinois
https://www.ubereats.com/chicago/food-delivery/wildfire-glenview/dzqtZqf5SsyD6nhbYv1L7g,wilmette-illinois
https://www.ubereats.com/chicago/food-delivery/pono-ono-poke/JlgBoCPURfSnZBgZlbCRug,wilmette-illinois
https://www.ubereats.com/chicago/food-delivery/mcdonalds-sheridan-%26-foster/H0rw0haIRLG47vYwgS6lJA,wilmette-illinois
https://www.ubereats.com/chicago/food-delivery/the-ice-cream-shop/xLzLlotUTua37ipXZ3xIdQ,wilmette-illinois
https://www.ubereats.com/chicago/food-delivery/summer-noodles-%26-rice/im-M_m1CRiCvVG9l-kq7pQ,wilmette-illinois
https://www.ubereats.com/chicago/food-delivery/mcdonalds-broadway-%26-granville/CrelTsUPRQ66A04WL7ByZw,wilmette-illinois
https://www.ubereats.com/chicago/food-delivery/adelheidis-ice-cream/B64wUuWxQ_evCg3OKh5yKQ,wilmette-illinois
https://www.ubereats.com/chicago/food-delivery/sushi-express/O2_QLZdHSqGjL_C23lxw0w,wilmette-illinois
https://www.ubereats.com/chicago/food-delivery/sabor-a-cafe-colombian-steakhouse/-ISIcKI6S0mEXBL7dXNYKg,wilmette-illinois
https://www.ubereats.com/chicago/food-delivery/mcdonalds-peterson-%26-jersey/-n6tDTJkT_yerTju5cGUBg,wilmette-illinois
https://www.ubereats.com/chicago/food-delivery/subway-2349-w-howard-st/w9BRqD3oRk-w_2rKFYTRyw,wilmette-illinois
https://www.ubereats.com/chicago/food-delivery/shawarma-inn-i/IFahld-nTYO9n2RR0nk0LQ,wilmette-illinois
https://www.ubereats.com/chicago/food-delivery/dunkin-7039-w-dempster-st/M1SuZh8MRpW6pQKtmJzPXA,wilmette-illinois
https://www.ubereats.com/chicago/food-delivery/nepal-house-on-devon/3Eq9i5QkSG-NGn3Wgq_Dag,wilmette-illinois
https://www.ubereats.com/chicago/food-delivery/4-hermanos-too/NwKwYwERSpm-S1fpsZ0l9g,wilmette-illinois
https://www.ubereats.com/chicago/food-delivery/mcdonalds-milwaukee-%26-oakton/duy3OR5JQ-SKQ9lT24hxZg,wilmette-illinois
https://www.ubereats.com/chicago/food-delivery/unimart-niles/TpTjCCrJQiOPJydjHp7qeg,wilmette-illinois
https://www.ubereats.com/chicago/food-delivery/bringer-inn/QmNumgGLRdq7NOZ0wG8JeA,wilmette-illinois
https://www.ubereats.com/chicago/food-delivery/pancetta-regional-kitchen-%2B-bar/h11RP0gCQC2m9Y0GZnkLag,wilmette-illinois
https://www.ubereats.com/chicago/food-delivery/firehouse-grill/K2GRKxHPT4KsfcecJCUrcA,wilmette-illinois
https://www.ubereats.com/chicago/food-delivery/ajwaah-sweets/WYS325CzTa-m1A6vzptgbg,wilmette-illinois
https://www.ubereats.com/chicago/food-delivery/potbelly-sandwich-shop-lincoln-%26-peterson-%7C-313/G1v-0-pkQ7yM4usHunLPmg,wilmette-illinois
https://www.ubereats.com/chicago/food-delivery/old-neighborhood-grill/kB_qjWg7TuKtfL2W9y2MWg,wilmette-illinois
https://www.ubereats.com/chicago/food-delivery/starbucks-347-park-avenue-glencoe/dMewJ1zXTwuNZie_o3GgAw,wilmette-illinois
https://www.ubereats.com/chicago/food-delivery/d%26d-dogs/gGNyXgdoRVe3BA15fBFZRg,wilmette-illinois
https://www.ubereats.com/chicago/food-delivery/subway-5685-w-touhy/Vxem3c82StGP6UQ9H56_8Q,wilmette-illinois
https://www.ubereats.com/chicago/food-delivery/chipotle-mexican-grill-8488-w-golf-rd/CTVFlS-ZRSCo8A9YPEVCXQ,wilmette-illinois
https://www.ubereats.com/chicago/food-delivery/mercado-cocina-cantina/bTGTWgPlSIWtYprLI9iyrg,wilmette-illinois
https://www.ubereats.com/chicago/food-delivery/musashi/ELXo4C1sQIaYJryFzXVidw,wilmette-illinois
https://www.ubereats.com/chicago/food-delivery/guacamole-taqueria/ikN5W_V1RK-hEUVP3uVkSg,wilmette-illinois
https://www.ubereats.com/chicago/food-delivery/graeters-ice-cream-winnetka/ToiQ9K2oReCKfFOdRli3UQ,wilmette-illinois
https://www.ubereats.com/chicago/food-delivery/pizzeria-aroma/2lZRA6QrQBOKoQa4dq1HxA,wilmette-illinois
https://www.ubereats.com/chicago/food-delivery/convito-cafe-%26-market/wIPtD2NSTkKvAPbCrgHubg,wilmette-illinois
https://www.ubereats.com/chicago/food-delivery/colectivo-evanston/z46SA5MoS_2GnKvnEOov8w,wilmette-illinois
https://www.ubereats.com/chicago/food-delivery/jersey-mikes-subs-5691-west-touhy-ave/6ZHPdHrvRfayxBwBy6iXoA,wilmette-illinois
https://www.ubereats.com/chicago/food-delivery/subway-310-happ-rd/Z-kUW64CSdqGOsPSrUeL8g,wilmette-illinois
https://www.ubereats.com/chicago/food-delivery/gorilla-sushi-jefferson-park/wFkzz9SXSOO5Gk-HT1B7aw,wilmette-illinois
https://www.ubereats.com/chicago/food-delivery/potbelly-sandwich-shop-evanston-%7C-5/oNCiqqfJSTOuVBsGfxuMrQ,wilmette-illinois
https://www.ubereats.com/chicago/food-delivery/martins-pancake-house/J1dvCtwlS8uLHMGznaMyWw,wilmette-illinois
https://www.ubereats.com/chicago/food-delivery/starbucks-lake-%26-waukegan/f6VT1amxTEmRaWa8wVYBKw,wilmette-illinois
https://www.ubereats.com/chicago/food-delivery/ginza-sushi-express/dKvDaRJsSrKTnpwTkQvbfA,wilmette-illinois
https://www.ubereats.com/chicago/food-delivery/ihop-asbury-%26-howard/zJdajdAiRCKm6iuZsT_xaw,wilmette-illinois
https://www.ubereats.com/chicago/food-delivery/poochies/Zwg-dOleTKG49ugFyli6FQ,wilmette-illinois
https://www.ubereats.com/chicago/food-delivery/dunkin-1117-w-granville-ave/36TFFWV-T8q5QBT3OZFaQw,wilmette-illinois
https://www.ubereats.com/chicago/food-delivery/ginger-bowls-healthy-asian-bowls-rockwell-st/2wFoycnpTqSL-WdcQqNFbQ,wilmette-illinois
https://www.ubereats.com/chicago/food-delivery/lao-sze-chuan-evanston/fF9i3dr-QGuYbEaKb7EbOA,wilmette-illinois
https://www.ubereats.com/chicago/food-delivery/jamesons-charhouse-skokie/lfYhQyfjRPyNZIvVkdC8IA,wilmette-illinois
https://www.ubereats.com/chicago/food-delivery/amitabul/5c5LgqTkSvSgTqRDpMPttw,wilmette-illinois
https://www.ubereats.com/chicago/food-delivery/subway-6555-n-clark-st/p4wTYlmkQiGz7OkQNbOoIg,wilmette-illinois
https://www.ubereats.com/chicago/food-delivery/chasers-sports-bar-%26-grill-niles/S2g_5QoPTVOrXe2lieO76A,wilmette-illinois
https://www.ubereats.com/chicago/food-delivery/cherry-pit-cafe/7t_jQjoJSx2RQP-8jWjmPA,wilmette-illinois
https://www.ubereats.com/chicago/food-delivery/leonidas-chocolate-cafe-northbrook/awcPW0H5Suiiepz8Ur9n4Q,wilmette-illinois
https://www.ubereats.com/chicago/food-delivery/stacked-and-folded/h6rst4nFTCe7wBiXUqIHAw,wilmette-illinois
https://www.ubereats.com/chicago/food-delivery/estadio-grill/WNGES66oQLqwdUvZxmgiNg,wilmette-illinois
https://www.ubereats.com/chicago/food-delivery/siam-pasta-western-ave/hojzLM3YTnugh1dX2wGn8g,wilmette-illinois
https://www.ubereats.com/chicago/food-delivery/subway-6072-n-northwest-hwy/MXQpTl7KTiubU1WyK_MJLw,wilmette-illinois
https://www.ubereats.com/chicago/food-delivery/starbucks-chicago-%26-main/NEf2XWlMSHemvfMVkcYjyA,wilmette-illinois
https://www.ubereats.com/chicago/food-delivery/sarkis-cafe/oHfCwdl0TpaSscgo3NIseQ,wilmette-illinois
https://www.ubereats.com/chicago/food-delivery/uncle-julios-fine-mexican-food-skokie/6_KeeVxDTkmjBVUSmtocDw,wilmette-illinois
https://www.ubereats.com/chicago/food-delivery/noodles-%26-company-4999-old-orchard-center-ste-f-26/zQo9OtalSGCjc1LHEQsi5A,wilmette-illinois
https://www.ubereats.com/chicago/food-delivery/bar-louie-touhy-%26-carpenter/HuKaxrfBQm-VAiiX_tyLJA,wilmette-illinois
https://www.ubereats.com/chicago/food-delivery/little-red-hen-of-glencoe/NEp7UI64TKikR0r4CuxyBg,wilmette-illinois
https://www.ubereats.com/chicago/food-delivery/simply-thai/JD5dLufcRK-LcpYYVNeI7A,wilmette-illinois
https://www.ubereats.com/chicago/food-delivery/white-castle-7550-n-harlem-ave/yhWlIeD4T4S_QIawTgi5yw,wilmette-illinois
https://www.ubereats.com/chicago/food-delivery/brandys-gyros-milwaukee-%26-ardmore/b5rYRrMcRE644ql3mAzp3g,wilmette-illinois
https://www.ubereats.com/chicago/food-delivery/meatheads-lincolnwood/SmySgar2TiKyP5Z7osajCQ,wilmette-illinois
https://www.ubereats.com/chicago/food-delivery/portos-peri-peri/QGnbeKibREOxBNTN74EtaA,wilmette-illinois
https://www.ubereats.com/chicago/food-delivery/dengeos/YHAhKsQkRhOJ-sZnIkRRrA,wilmette-illinois
https://www.ubereats.com/chicago/food-delivery/five-guys-il-0589-3315-w-touhy-ave/GZhBTVy2QTOhC8GxE_0HTA,wilmette-illinois
https://www.ubereats.com/chicago/food-delivery/little-wok-evanston/S3Z4CvtrRgS06tSN4XlMSA,wilmette-illinois
https://www.ubereats.com/chicago/food-delivery/zad-by-pita-inn/UuoC9AgvTIOpZcQb1CwKKA,wilmette-illinois
https://www.ubereats.com/chicago/food-delivery/dunkin-6970-n-clark-st/QuuIcJZwRzWRHON3wb0hJA,wilmette-illinois
https://www.ubereats.com/chicago/food-delivery/mcdonalds-howard-%26-barton/4_6VpUOZSWqPC9E7pHLUbQ,wilmette-illinois
https://www.ubereats.com/chicago/food-delivery/bonchon-chicken-1615-milwaukee-ave/gPCT497BRR2Do52Mq0kHVw,wilmette-illinois
https://www.ubereats.com/chicago/food-delivery/dunkin-8800-gross-point-rd/Ba1tj4iETUKmvCOvqfi-Qw,wilmette-illinois
https://www.ubereats.com/chicago/food-delivery/red-lobster-3301-w-touhy-avenue/1sqUlRGnTByzWgLGjQISjg,wilmette-illinois
https://www.ubereats.com/chicago/food-delivery/wendys-8309-golf-rd/4U9nZo_yRsqvKXkPb4Ds7w,wilmette-illinois
https://www.ubereats.com/chicago/food-delivery/epic-burger-evanston/dZE6UMBATASCwx7FbPxAGg,wilmette-illinois
https://www.ubereats.com/chicago/food-delivery/sarpinos-pizzeria-4830-n-pulaski-rd/VDoedk3ERae9cLHFCnmJAQ,wilmette-illinois
https://www.ubereats.com/chicago/food-delivery/farmhouse-evanston/-8R_maoFSjGE9FaWjOJ7rA,wilmette-illinois
https://www.ubereats.com/chicago/food-delivery/el-pueblito-%232-mexican-grill/wWahmVxFSkW6Y_O4cTkqtg,wilmette-illinois
https://www.ubereats.com/chicago/food-delivery/honest-niles/5f4_Ff5WQ36tF_Znwc15wQ,wilmette-illinois
https://www.ubereats.com/chicago/food-delivery/hubs-restaurant/aSZjlsEUTbSq38XqrVBslQ,wilmette-illinois
https://www.ubereats.com/chicago/food-delivery/kababjees/rP317enyRgW0uJAKfs2yOA,wilmette-illinois
https://www.ubereats.com/chicago/food-delivery/uhmazing-blt/n-WLrFt0RTSJVYJG4-mlhg,wilmette-illinois
https://www.ubereats.com/chicago/food-delivery/absurd-bird/yqUjmBU1Rgax-qSnOLju4A,wilmette-illinois
https://www.ubereats.com/chicago/food-delivery/wendys-9319-skokie-blvd/Awp0XR3cT_6jbaB-ZCxeKg,wilmette-illinois
https://www.ubereats.com/chicago/food-delivery/five-guys-il-0551-3232-lake-ave/sutZkN4bTJOIiROLaV6J7A,wilmette-illinois
https://www.ubereats.com/chicago/food-delivery/taco-burrito-king-niles/IalbDns_SAGTb_1Op1R_Cw,wilmette-illinois
https://www.ubereats.com/chicago/food-delivery/mainland-india-restaurant-niles/Azbbhmh3R3uI8a6CBpRoxw,wilmette-illinois
https://www.ubereats.com/chicago/food-delivery/starbucks-crawford-%26-central-evanston/0gWAPjuvRy2M3u2Ry6jpqQ,wilmette-illinois
https://www.ubereats.com/chicago/food-delivery/mcdonalds-clark-%26-bryn-mawr/saoh0VSfQDOxRTJEYJRy7w,wilmette-illinois
https://www.ubereats.com/chicago/food-delivery/philz-coffee-1030-davis-street/y80dHSbnSreQY_iMWAYK_w,wilmette-illinois
https://www.ubereats.com/chicago/food-delivery/sushi-4-u/VJ7Nk2siQQyrlz4idtQy9g,wilmette-illinois
https://www.ubereats.com/chicago/food-delivery/celtic-knot-public-house/jjS87vMSR7K1mCk7qMRTOA,wilmette-illinois
https://www.ubereats.com/chicago/food-delivery/thalad/aS0eYzrKQpG0gAo4em8J1w,wilmette-illinois
https://www.ubereats.com/chicago/food-delivery/northshore-pizza-company/W2kziVZbTjilPRD62RAOHw,wilmette-illinois
https://www.ubereats.com/chicago/food-delivery/mcdonalds-green-bay-%26-tower/mURrNHDgSMOFriGE3uf8mw,wilmette-illinois
https://www.ubereats.com/chicago/food-delivery/afghan-kabob/F2uFkzM3QyezbImSaAGWLg,wilmette-illinois
https://www.ubereats.com/chicago/food-delivery/asian-kitchen-express-inc/2a8Z1A5jQMeWelzWJTRX2Q,wilmette-illinois
https://www.ubereats.com/chicago/food-delivery/simply-pasteur/u7LB__uQQvCZquruJQDUCw,wilmette-illinois
https://www.ubereats.com/chicago/food-delivery/kokomo/VvfNLSOGSBG7O904Oe2ilA,wilmette-illinois
https://www.ubereats.com/chicago/food-delivery/halmae-bossam/x6-IQ4hvQu6JSLze6A5iIg,wilmette-illinois
https://www.ubereats.com/chicago/food-delivery/ice-cream-parlor-skokie/5J3Bn8rqSSehtizmte6v-g,wilmette-illinois
https://www.ubereats.com/chicago/food-delivery/burger-king-7523-n-clark-st/Ki5s3MlyS-CYTxf35mHIKw,wilmette-illinois
https://www.ubereats.com/chicago/food-delivery/blaze-n-grill/lvVbBzZtThaRuLshd3UInA,wilmette-illinois
https://www.ubereats.com/chicago/food-delivery/sheba-mediterranean-%26-yemen/ain7HIcNTOaxxkq9YrbGxA,wilmette-illinois
https://www.ubereats.com/chicago/food-delivery/rosded-too-thai/KHff7uCBRbaiqneDPz2SgQ,wilmette-illinois
https://www.ubereats.com/chicago/food-delivery/arirang-bbq/9D7DbXDKRKegP6LMO9espA,wilmette-illinois
https://www.ubereats.com/chicago/food-delivery/ethiopain-diamond-resturant/iIzore7zS8iTkSi6Ftmbvg,wilmette-illinois
https://www.ubereats.com/chicago/food-delivery/subway-3217-lake-st/wqDCulx9QAq5ncoP-tBcOw,wilmette-illinois
https://www.ubereats.com/chicago/food-delivery/clarkes-rogers-park/5AeRwwHnTXGXuJR3GOP7WQ,wilmette-illinois
https://www.ubereats.com/chicago/food-delivery/siam-pasta-evanston/KaD6xiy-SY2HQhRjlkpPNA,wilmette-illinois
https://www.ubereats.com/chicago/food-delivery/tiba-restaurant/LWhjOSJPRi6YzqOBpihF3g,wilmette-illinois
https://www.ubereats.com/chicago/food-delivery/las-fuentes-restaurantwaukegan-rd/8PsW3bZMQpKb8NypKBd_Aw,wilmette-illinois
https://www.ubereats.com/chicago/food-delivery/citys-edge/tW-1I-NYRieZvKljZ7rHGA,wilmette-illinois
https://www.ubereats.com/chicago/food-delivery/mcdonalds-touhy-%26-niles-center/30VLmXvdRDCTBJEY4yoN7Q,wilmette-illinois
https://www.ubereats.com/chicago/food-delivery/dunkin-5723-n-california-ave/4alLal3TQi6oZXxerlPMCQ,wilmette-illinois
https://www.ubereats.com/chicago/food-delivery/ras-dashen-ethiopian/PPeKvxBURXqV4ph8PiIjFQ,wilmette-illinois
https://www.ubereats.com/chicago/food-delivery/lyfe-kitchen-evanston/oYeEU2SrQGmSFTSAU4In2Q,wilmette-illinois
https://www.ubereats.com/chicago/food-delivery/epic-burger-skokie/rrlQPNTFSfKuaiCIenKYSw,wilmette-illinois
https://www.ubereats.com/chicago/food-delivery/blind-faith-cafe/PG69CrWsT9yiGIwC2n6tjQ,wilmette-illinois
https://www.ubereats.com/chicago/food-delivery/fiesta-en-tuxpan-mexican-grill/N7st_NiaRJ21MFd8c74BJQ,wilmette-illinois
https://www.ubereats.com/chicago/food-delivery/the-glen-club/rHnknUi-RSyEAalyh3Mp-g,wilmette-illinois
https://www.ubereats.com/chicago/food-delivery/eggsperience-park-ridge/_MCYc63TQT6DxLp8ckxnbw,wilmette-illinois
https://www.ubereats.com/chicago/food-delivery/wendys-6324-n-western-ave/Fwhr3FpfRayvWsznfDubMA,wilmette-illinois
https://www.ubereats.com/chicago/food-delivery/dat-pizza-dough/z3UWA1DbSymai5EF-AXpTQ,wilmette-illinois
https://www.ubereats.com/chicago/food-delivery/sarpinos-pizzeria-2428-main-st/Kg428DonQuezNb1MGfpQDQ,wilmette-illinois
https://www.ubereats.com/chicago/food-delivery/kims-chop-suey/-_HCHVLeTL6YnumP38v6TQ,wilmette-illinois
https://www.ubereats.com/chicago/food-delivery/umacamon-express-evanston/u1NDkuBbQfSkjthRIu9mOA,wilmette-illinois
https://www.ubereats.com/chicago/food-delivery/kings-and-queens-restaurant/i9fO-WnuT6CPtO-xK8-8HA,wilmette-illinois
https://www.ubereats.com/chicago/food-delivery/hemas-kitchen/6S1nf5AnTzuHh_1mxrP7iw,wilmette-illinois
https://www.ubereats.com/chicago/food-delivery/fatzees-papa-philly/Ymf__PDhSwaUYsCbtiZUqA,wilmette-illinois
https://www.ubereats.com/chicago/food-delivery/noori-chicken-%26-doorae-chicken/vUmO86GpR3qVHjvaZuippA,wilmette-illinois
https://www.ubereats.com/chicago/food-delivery/eastern-style-pizza/wiCRkPYBRfWHeO6Qzh449w,wilmette-illinois
https://www.ubereats.com/chicago/food-delivery/avli-restaurant/sHxenARcTmmO2upTec9KOA,wilmette-illinois
https://www.ubereats.com/chicago/food-delivery/edgewater-mexican-cafe/cUdIGxcgSVekl4-6Q_6p9Q,wilmette-illinois
https://www.ubereats.com/chicago/food-delivery/ching-huas-chinese-restaurant-and-sports-bar/7gcLbfKwRGGgDQh7GdBzbg,wilmette-illinois
https://www.ubereats.com/chicago/food-delivery/pollo-campero-4830-n-pulaski-road-mayfair-plaza/YAUKtVM7R3yx-u6Id-xLPw,wilmette-illinois
https://www.ubereats.com/chicago/food-delivery/kabab-jees/AInWfxy5TTGcJ3khzmCuuA,wilmette-illinois
https://www.ubereats.com/chicago/food-delivery/la-gozadera-restaurant/IaVGQYu9RXKwTCcreQwS6A,wilmette-illinois
https://www.ubereats.com/chicago/food-delivery/dunkin-6332-n-broadway-st/R0uIzuwBS5Sz71N51ca-WA,wilmette-illinois
https://www.ubereats.com/chicago/food-delivery/portillos-hot-dogs-9400-skokie-blvd/XkbffT-bQviNuCdQGRhD8A,wilmette-illinois
https://www.ubereats.com/chicago/food-delivery/mysore-woodlands/gFMHbntRTkSCU1urAr5s0Q,wilmette-illinois
https://www.ubereats.com/chicago/food-delivery/red-hot-chili-pepper/NG84drdTRKS90gK8kxZTLA,wilmette-illinois
https://www.ubereats.com/chicago/food-delivery/shake-shack-4999-old-orchard-center-space-l28/qhwU13hLQyW3z-xGnYGPXw,wilmette-illinois
https://www.ubereats.com/chicago/food-delivery/subway-5841-w-dempster-ave/8ENQFECCR6ubbCpDrZe52w,wilmette-illinois
https://www.ubereats.com/chicago/food-delivery/foodhaul-glenview/76RIIBsOQfeA4X_3pUGgFg,wilmette-illinois
https://www.ubereats.com/chicago/food-delivery/halal-inn-pizza-wings-%26-grilled-chicken/oHX48UKoSiSGCGkrDunUtA,wilmette-illinois
https://www.ubereats.com/chicago/food-delivery/all-seasons-restaurant/sXfZP-gpSCOpsT34WOxFig,wilmette-illinois
https://www.ubereats.com/chicago/food-delivery/tous-les-jours-skokie/UNrADFeNQAW4FO7rq4o61A,wilmette-illinois
https://www.ubereats.com/chicago/food-delivery/francescas-north/aPfK2QIbQFKxO_QFggEJNA,wilmette-illinois
https://www.ubereats.com/chicago/food-delivery/pirates-express/CB7V0A6YTRSKVD0p4pioTg,wilmette-illinois
https://www.ubereats.com/chicago/food-delivery/al-watan-grill/VnqoksmeR965mUpZ8OHkSQ,wilmette-illinois
https://www.ubereats.com/chicago/food-delivery/the-mecca-supper-club/G7yvPnpQS1GN3LxvO2Y50g,wilmette-illinois
https://www.ubereats.com/chicago/food-delivery/burgerfi-glenview/Ihb5KWdfS_mxNqCZ4U6uGg,wilmette-illinois
https://www.ubereats.com/chicago/food-delivery/dat-pizza-dough/e4yMAqNPR-WYRQ9PRJ_9Yw,wilmette-illinois
https://www.ubereats.com/chicago/food-delivery/tasty-sub/PCUoAhYBRlKwnH4Uxfoi4w,wilmette-illinois
https://www.ubereats.com/chicago/food-delivery/chocolate-shoppe-ice-cream-skokie/byXPFJ88SzyBm86F2Phbgg,wilmette-illinois
https://www.ubereats.com/chicago/food-delivery/valley-lodge-tavern/XmtuM5tYRgysGAZ-tS2vRA,wilmette-illinois
https://www.ubereats.com/chicago/food-delivery/chopstick-express/nU5fVOBeR-ybz5RtTcTwqw,wilmette-illinois
https://www.ubereats.com/chicago/food-delivery/starbucks-golf-rd-%26-milwaukee/xIOTKrWBSPGdmli-SdUu1A,wilmette-illinois
https://www.ubereats.com/chicago/food-delivery/dunkin-4045-w-lawrence-ave/AWYN2pOZQ8aP-5W7HCAyzA,wilmette-illinois
https://www.ubereats.com/chicago/food-delivery/subway-milwaukee/calcqmGBQs6UGK-ynpakBg,wilmette-illinois
https://www.ubereats.com/chicago/food-delivery/panera-1199-wilmette-avenue/PIGr1aulQVieGnOK4GA4Xg,wilmette-illinois
https://www.ubereats.com/chicago/food-delivery/my-pizza-kitchen/K43aZlp5SP-jGLLfi_YAcg,wilmette-illinois
https://www.ubereats.com/chicago/food-delivery/starbucks-dempster-%26-niles-skokie-swift/uwwPJTNxRg60GAZ17PG7Ww,wilmette-illinois
https://www.ubereats.com/chicago/food-delivery/mcdonalds-western-%26-morse/ZcE4nqBXSQu43xZ9GcSqMw,wilmette-illinois
https://www.ubereats.com/chicago/food-delivery/whiskey-river/u3WAR5s7RfOaj6tbVCpqFA,wilmette-illinois
https://www.ubereats.com/chicago/food-delivery/san-soo-kab-san/3g04JqooT6aw9dHp2S7cfA,wilmette-illinois
https://www.ubereats.com/chicago/food-delivery/mcdonalds-dempster-%26-grace/DZFbqwufQQCfdierKp4PVw,wilmette-illinois
https://www.ubereats.com/chicago/food-delivery/dunkin-1200-w-loyola-ave/1ffJInV1SoaEFzpUWqUm9w,wilmette-illinois
https://www.ubereats.com/chicago/food-delivery/dunkin-1410-waukegan-rd-suite-180/PZbeGZt5QZuf8JE_kfVVDg,wilmette-illinois
https://www.ubereats.com/chicago/food-delivery/huaraches-dona-chio/5RhEFrrvTkyK0t_9WhE1Sw,wilmette-illinois
https://www.ubereats.com/chicago/food-delivery/dagostinos-pizza-%26-pub-glenview/19gqV8i5RmewmXL4JwihGw,wilmette-illinois
https://www.ubereats.com/chicago/food-delivery/highway-house/k3_DXXu5TqiJc7c7C9bnsw,wilmette-illinois
https://www.ubereats.com/chicago/food-delivery/cafe-tacuba-chicago/18_UAoNgTH-Hj1DIplcAXw,wilmette-illinois
https://www.ubereats.com/chicago/food-delivery/chipotle-mexican-grill-9408-skokie-blvd/2UwcBSwVTMizspgP4KZpAA,wilmette-illinois
https://www.ubereats.com/chicago/food-delivery/dunkin-5150-touhy-ave/BYIJ39ktRh6vJvkdRuaMiA,wilmette-illinois
https://www.ubereats.com/chicago/food-delivery/gale-street-inn/cIQ9kiwsQqaObz_QUCYCgA,wilmette-illinois
https://www.ubereats.com/chicago/food-delivery/jk-kabab-house/2Sz8wxkURAyX2BprfRqKiA,wilmette-illinois
https://www.ubereats.com/chicago/food-delivery/panda-express-2145-willow-rd/7C7dL6J1RnugTBuQDlL4lg,wilmette-illinois
https://www.ubereats.com/chicago/food-delivery/ihop-5929-n-lincoln-ave/NyElhuOWTwGoxE8czmZ8bQ,wilmette-illinois
https://www.ubereats.com/chicago/food-delivery/habibi-in-mediterranean-grill/jJJxCA1ATEeWmhRFwNNykg,wilmette-illinois
https://www.ubereats.com/chicago/food-delivery/todoroki-hibachi-and-sushi/18ZTNF4xT66MNnOkT72K1A,wilmette-illinois
https://www.ubereats.com/chicago/food-delivery/dunkin-3900-dempster-st/OsWo0C4-TMyrzb0wIddSvA,wilmette-illinois
https://www.ubereats.com/chicago/food-delivery/tbk-grill-skokie/j7JEfNSXTyCDn3_2yhtZRA,wilmette-illinois
https://www.ubereats.com/chicago/food-delivery/bake-homemade-pizza-lincoln-ave/g--ESvncTbOdiP26u6kN3g,wilmette-illinois
https://www.ubereats.com/chicago/food-delivery/mt-everest/LslakFzXT7e-R_6zAqsSgA,wilmette-illinois
https://www.ubereats.com/chicago/food-delivery/bake-homemade-pizza/2DA24jaSTCeuCrGfjWKcXw,wilmette-illinois
https://www.ubereats.com/chicago/food-delivery/sri-siam/R4q1dzfFT3e-Tb9Jzyplig,wilmette-illinois
https://www.ubereats.com/chicago/food-delivery/kabul-house-restaurant/9NMc4kCkTMmxGmEHfXshhw,wilmette-illinois
https://www.ubereats.com/chicago/food-delivery/stix-n-stuff/8Uf0ZhhZQnSTzIFas5JwsQ,wilmette-illinois
https://www.ubereats.com/chicago/food-delivery/subway-79-green-bay-rd/070oBYmfS1CfRCKtVg1NKQ,wilmette-illinois
https://www.ubereats.com/chicago/food-delivery/tiffin-indian-kitchen/yEbVS_DFRvGqHGZ0HCqMDg,wilmette-illinois
https://www.ubereats.com/chicago/food-delivery/captain-cook/JrRk00CRS8ChQspQrf7Iww,wilmette-illinois
https://www.ubereats.com/chicago/food-delivery/heckys-bbq/csphTohDR6mLQ9G4uhp3Bw,wilmette-illinois
https://www.ubereats.com/chicago/food-delivery/the-halal-guys-3616-touhy-ave/JIjkDQGFT9ivUx5NHJ4Ulw,wilmette-illinois
https://www.ubereats.com/chicago/food-delivery/starbucks-1515-n-sheridan-wilmette/JvqK-kQtQASmaZpvRSbXvg,wilmette-illinois
https://www.ubereats.com/chicago/food-delivery/zhivago/4GSLYZbzRuKI9cCzk5JKIQ,wilmette-illinois
https://www.ubereats.com/chicago/food-delivery/pita-inn-skokie/fC4zhwmYT5KEHRHNxV2ulw,wilmette-illinois
https://www.ubereats.com/chicago/food-delivery/subway-1133-emerson-st/Xf1pwZFzSqy0CGBnKLg0iw,wilmette-illinois
https://www.ubereats.com/chicago/food-delivery/little-louies/dlFnvYdjT0-qsj5tlsTsmA,wilmette-illinois
https://www.ubereats.com/chicago/food-delivery/nineveh-restaurants/1y6pl3UARAax45MKRFZlrw,wilmette-illinois
https://www.ubereats.com/chicago/food-delivery/little-caesars-3535-w-dempster-street/2DEgMOaiRn-8WTvBHjgVlg,wilmette-illinois
https://www.ubereats.com/chicago/food-delivery/dunkin-3401-w-peterson-ave/Gwr2Y895Sf6YwW6JUfqhAw,wilmette-illinois
https://www.ubereats.com/chicago/food-delivery/burger-town/CssVvphNSvKZtja1MCO_pg,wilmette-illinois
https://www.ubereats.com/chicago/food-delivery/omg!-grill/-Uj3oXsrRW25bw1qpYGaWw,wilmette-illinois
https://www.ubereats.com/chicago/food-delivery/sabri-nihari/kQUl6oQGSSSd3wyin5KchA,wilmette-illinois
https://www.ubereats.com/chicago/food-delivery/pasquallys-pizza-%26-wings-7142-carpenter-frwy/m4zHx83RTAitJgl3cvDeWA,wilmette-illinois
https://www.ubereats.com/chicago/food-delivery/red-mango-skokie/bHvTQN3RQs69VouLVn-5hg,wilmette-illinois
https://www.ubereats.com/chicago/food-delivery/good-to-go-jamaican/nfw7JewHQYOSMu3JZNSl4A,wilmette-illinois
https://www.ubereats.com/chicago/food-delivery/players-grill/4eMgi858Q5WzG1ewYIgRQw,wilmette-illinois
https://www.ubereats.com/chicago/food-delivery/kegon-japanese-steak-and-sushi/uCLyZn9VRW6k8W-uOpYJcQ,wilmette-illinois
https://www.ubereats.com/chicago/food-delivery/chuck-e-cheese-7142-carpenter-road/6Cu55FkaRDOEUz21bHSFgA,wilmette-illinois
