url,city
https://www.ubereats.com/eastern-north-carolina/food-delivery/jersey-mikes-subs-2338-forest-hills-road/IyIgeRVJT7iZGEB5IxHe2w,wilson-north-carolina
https://www.ubereats.com/eastern-north-carolina/food-delivery/taco-bell-1840-tarboro-st-w/IRtqCNTIRJKlTDE1IpSEGw,wilson-north-carolina
https://www.ubereats.com/eastern-north-carolina/food-delivery/hardees-1218-2313-forest-hills-rd-w/0I7N0mR_Rt2s5kiAH_q1_g,wilson-north-carolina
https://www.ubereats.com/eastern-north-carolina/food-delivery/wendys-2815-raleigh-road-pkwy-w/ohyF2yNOSbWIIsXPk-aOug,wilson-north-carolina
https://www.ubereats.com/eastern-north-carolina/food-delivery/subway-2861-ward-blvd/5snBpJejR1C4bTIiM-CbMA,wilson-north-carolina
https://www.ubereats.com/eastern-north-carolina/food-delivery/mcdonalds-1454-tarboro-street-west/AMbmkOCWTAC-PhnLJ6okWQ,wilson-north-carolina
https://www.ubereats.com/eastern-north-carolina/food-delivery/mcdonalds-2802-raleigh-rd-nw/JzwDJLYZTcG46JrRP0Gqtw,wilson-north-carolina
https://www.ubereats.com/eastern-north-carolina/food-delivery/subway-3722-airport-blvd-nw/WVwljrb5TruTA00-6pCQnw,wilson-north-carolina
https://www.ubereats.com/eastern-north-carolina/food-delivery/new-south-bbq-2506-wooten-blvd/jR1GqushSDawvdZ_y__1Jg,wilson-north-carolina
https://www.ubereats.com/eastern-north-carolina/food-delivery/mcdonalds-4816-ward-blvd/JdQI34CTRoueobUs3OL4ng,wilson-north-carolina
https://www.ubereats.com/eastern-north-carolina/food-delivery/pizza-inn-700-ward-blvd/xbbGCc6nSZaWPB2vli8RYA,wilson-north-carolina
https://www.ubereats.com/eastern-north-carolina/food-delivery/da-bayou/JxVmH1-HQc2b75WOEx01dA,wilson-north-carolina
https://www.ubereats.com/eastern-north-carolina/food-delivery/dennys-2806-raleigh-rd-parkway-w/0oXR8FwHQBCo9dqCWg8cJA,wilson-north-carolina
https://www.ubereats.com/eastern-north-carolina/food-delivery/americas-best-wings/dgklGfdcSYqyz9okY_BOdg,wilson-north-carolina
https://www.ubereats.com/eastern-north-carolina/food-delivery/subway-3401-raleigh-road-pkwy-w-ste-9f/-D_b0FTRQYqlAwGi6AcHLg,wilson-north-carolina
https://www.ubereats.com/eastern-north-carolina/food-delivery/taco-bell-4925-us-hwy-264/PfSf04_XSja-L_5fJoTm2g,wilson-north-carolina
https://www.ubereats.com/eastern-north-carolina/food-delivery/dunkin-2113-nash-st-nw/D22mfJdfTKyCaoHvFYF8aA,wilson-north-carolina
https://www.ubereats.com/eastern-north-carolina/food-delivery/kfc-tb-901-highway-301/gBPHZhzmQFi22Jpk0qKFdg,wilson-north-carolina
https://www.ubereats.com/eastern-north-carolina/food-delivery/mcdonalds-2100-w-nash-st/Tyaj_VqXRsicqa4NIp1gQQ,wilson-north-carolina
https://www.ubereats.com/eastern-north-carolina/food-delivery/teppanyaki-grill-and-buffet/xU2NzgJSRECzW63ZUqyVFw,wilson-north-carolina
https://www.ubereats.com/eastern-north-carolina/food-delivery/wayback-burgers-1700-raleigh-rd-ste-140/ScssXY01R46y4tVAa6BJHg,wilson-north-carolina
https://www.ubereats.com/eastern-north-carolina/food-delivery/zaxbys-3019-raleigh-road-pkwy/4e-TfQyeTfOewLjMyXZ01w,wilson-north-carolina
https://www.ubereats.com/eastern-north-carolina/food-delivery/starbucks-wilson-nc/BP256VCTRCy3yD7X02Jsyg,wilson-north-carolina
https://www.ubereats.com/eastern-north-carolina/food-delivery/kruegers-candies/SE1nGAEGQqGA88PmgxhM0A,wilson-north-carolina
https://www.ubereats.com/eastern-north-carolina/food-delivery/aomi-sushi-%26hibachi/9fm5ywE6Tf-NTgSakAPEDg,wilson-north-carolina
https://www.ubereats.com/eastern-north-carolina/food-delivery/taco-bell-3720-nash-st-n/8jJpFmRbQWG-6zTy1JElxw,wilson-north-carolina
https://www.ubereats.com/eastern-north-carolina/food-delivery/wendys-800-us-301-n/HFgNy7khSgCTIzjxOavKEQ,wilson-north-carolina
https://www.ubereats.com/eastern-north-carolina/food-delivery/panera-3401-raleigh-road-parkway-west/4bRqfmjITre93KCoceBtKg,wilson-north-carolina
https://www.ubereats.com/eastern-north-carolina/food-delivery/arbys-2404-forest-hills-rd/rINYxPXzSDy9SoJ5aAJWfQ,wilson-north-carolina
https://www.ubereats.com/eastern-north-carolina/food-delivery/bills-grill-119-nash-st-west/3gmbTLbXSZmIdT1E7aKGxA,wilson-north-carolina
https://www.ubereats.com/eastern-north-carolina/food-delivery/buffalo-wild-wings-2800-w-raleigh-rd-pkwy/a_hP4rg1S6afFRE4yaji-Q,wilson-north-carolina
https://www.ubereats.com/eastern-north-carolina/food-delivery/hardees-1821-3650-us-hwy-301/Gdp7n-mzR8KNUi9kBjyZwA,wilson-north-carolina
https://www.ubereats.com/eastern-north-carolina/food-delivery/kfc-1870-tarboro-street-w/KkWZLiEbTzOdPhYktVRksg,wilson-north-carolina
https://www.ubereats.com/eastern-north-carolina/food-delivery/moes-3401-raleigh-road-pkwy-building-9-4/UIrnX1n4RUKaIc9v4cM4SA,wilson-north-carolina
https://www.ubereats.com/eastern-north-carolina/food-delivery/dairy-queen-treat-3800-nash-st-n/Dhoi1y7XS36gsiHpvtKLmA,wilson-north-carolina
https://www.ubereats.com/eastern-north-carolina/food-delivery/the-captains-boil-2935-raleigh-road-west/7uNi-zdyRUiM9mL_nV1tpg,wilson-north-carolina
https://www.ubereats.com/eastern-north-carolina/food-delivery/brewmasters/GVuQPeQkSDypMtE_Go_vrg,wilson-north-carolina
https://www.ubereats.com/eastern-north-carolina/food-delivery/hardees-1661-2837-hwy-301-south/iZNYUgyRSOOvj80dQuJpqA,wilson-north-carolina
https://www.ubereats.com/eastern-north-carolina/food-delivery/cracker-barrel-old-country-store-5006-hayes-place-west/h-jUGXf2RwWVM2EiqooWzw,wilson-north-carolina
