url,city
https://www.ubereats.com/connecticut/food-delivery/taco-bell-392-main-st/e2V-LHcARK-k435JUB9xyQ,wilton-connecticut
https://www.ubereats.com/connecticut/food-delivery/el-segundo/hS3YmsAeQpGqtiAV5sKGEg,wilton-connecticut
https://www.ubereats.com/connecticut/food-delivery/pokemoto-fairfield-ct/XQd3l6V4RQyQhxXerPuaDA,wilton-connecticut
https://www.ubereats.com/connecticut/food-delivery/border-grill-westport/g-nGYMAjQV2X22t6B9EPFw,wilton-connecticut
https://www.ubereats.com/connecticut/food-delivery/blue-cactus-grill/Gx85r1rVTXaFlDkV9zTKUg,wilton-connecticut
https://www.ubereats.com/connecticut/food-delivery/three-brothers-diner/V9_e43U3QGaZgZCmTxdfvg,wilton-connecticut
https://www.ubereats.com/connecticut/food-delivery/tacos-mexico/Dn30tB5PR-urpB2myiLdUw,wilton-connecticut
https://www.ubereats.com/connecticut/food-delivery/garden-catering-norwalk/6tT8jz84Rs6ef-CcZM9_hA,wilton-connecticut
https://www.ubereats.com/connecticut/food-delivery/papa-johns-pizza-danbury/tmhYAgjOR1q5MmTxLpemGA,wilton-connecticut
https://www.ubereats.com/connecticut/food-delivery/kazu-japanese-restaurant/o44_u8CwRzCjTMYuqAU0CQ,wilton-connecticut
https://www.ubereats.com/connecticut/food-delivery/connecticut-coffee-and-grill/DvSQ0s_rQtOTinbhnNSPsw,wilton-connecticut
https://www.ubereats.com/connecticut/food-delivery/taco-tequila-taqueria/ScoTOjnmRweAh0H4CAtBUA,wilton-connecticut
https://www.ubereats.com/connecticut/food-delivery/mackenzies-bar-%26-grill/H6maSFSiQqK0n5PBYCZcKw,wilton-connecticut
https://www.ubereats.com/connecticut/food-delivery/jersey-mikes-subs-wilton-35-danbury-road/5LMVUt82QeGGq8Bi1Q2f7A,wilton-connecticut
https://www.ubereats.com/connecticut/food-delivery/la-antigua-restaurant-%26-bakery/MeDBLsIeQ1q7F4Z9-faYUA,wilton-connecticut
https://www.ubereats.com/connecticut/food-delivery/aromas/489CQH3vSo6Uk_evXoeu2g,wilton-connecticut
https://www.ubereats.com/connecticut/food-delivery/slice-of-italy/IRBJ-0yOSAaQxeaPxkafiQ,wilton-connecticut
https://www.ubereats.com/connecticut/food-delivery/the-simple-greek-norwalk/nmFgKtFfT1OlwxdI3a0ggw,wilton-connecticut
https://www.ubereats.com/connecticut/food-delivery/the-spinning-wheel/--3Ok9BtR2-SQNYE3guZsA,wilton-connecticut
https://www.ubereats.com/connecticut/food-delivery/robeks-westport-ave/BBSHJV_JR721q8QMxbAc5g,wilton-connecticut
https://www.ubereats.com/connecticut/food-delivery/roost/uqSuSqZrSs-ArY5FKcEO9g,wilton-connecticut
https://www.ubereats.com/connecticut/food-delivery/new-canaan-diner/dONSUUYIR2yrYSTVb74PTw,wilton-connecticut
https://www.ubereats.com/connecticut/food-delivery/dough-%26-co/djknze9lQVyfuOyWF-dZ8Q,wilton-connecticut
https://www.ubereats.com/connecticut/food-delivery/fiesta-express/j7RdCkBDQweELtgmniiPxw,wilton-connecticut
https://www.ubereats.com/connecticut/food-delivery/no-leftovers/X4ATvbT5QmSiZ_t-FJmm-A,wilton-connecticut
https://www.ubereats.com/connecticut/food-delivery/uncle-joes-restaurant-%26-pizza/HfCCm8xrRmqpZe0qJaYlsQ,wilton-connecticut
https://www.ubereats.com/connecticut/food-delivery/five-guys-ct-1121-420-westport-ave/pp0q-melSWyIx_H_oPt1dA,wilton-connecticut
https://www.ubereats.com/connecticut/food-delivery/the-lime-restaurant/uVrT6VyqSFWbEhgLMQfPbQ,wilton-connecticut
https://www.ubereats.com/connecticut/food-delivery/tablao-wine-bar-%26-restaurant/ffNhSnTkQSW1MGsBSZipmw,wilton-connecticut
https://www.ubereats.com/connecticut/food-delivery/laylas-falafel-westport/Om5aRK97RYyLkxSN5tQHXw,wilton-connecticut
https://www.ubereats.com/connecticut/food-delivery/via-sforza-trattoria/BU4-TeR-SmGwoxAsKSLPGg,wilton-connecticut
https://www.ubereats.com/connecticut/food-delivery/the-burger-spot/dSQrT2vARrynUBfuD9Qeuw,wilton-connecticut
https://www.ubereats.com/connecticut/food-delivery/chocolate-works-25-old-kings-hwy-n/h-WXMx-XStONE5ALW83jSQ,wilton-connecticut
https://www.ubereats.com/connecticut/food-delivery/new-crossroads-pizza/TVQmhhZpRRO8geWex911zQ,wilton-connecticut
https://www.ubereats.com/connecticut/food-delivery/organika-kitchen-new-canaan/Sf7TSPj3SG2ng5alDSzadQ,wilton-connecticut
https://www.ubereats.com/connecticut/food-delivery/subway-9-ethan-allen-hwy/pGy46xHnQ_yfjvaTNe99VQ,wilton-connecticut
https://www.ubereats.com/connecticut/food-delivery/tequila-revolucion/jkKnvmLkSfGm1H5FXUIf7g,wilton-connecticut
https://www.ubereats.com/connecticut/food-delivery/duchess-restaurant-monroe/YbBN_B9qQu-zqgLhqMfehg,wilton-connecticut
https://www.ubereats.com/connecticut/food-delivery/bangkok-republic-wilton/GhCBIrtgTlyUa8TRaKgY6g,wilton-connecticut
https://www.ubereats.com/connecticut/food-delivery/uncle-seven-chinese-restaurant/pXRUqXatSS-5Ir-gBH-dhQ,wilton-connecticut
https://www.ubereats.com/connecticut/food-delivery/five-guys-ct-1476-1221-high-ridge-rd/PrUGcbTqTAyMwlRKih8Gcg,wilton-connecticut
https://www.ubereats.com/connecticut/food-delivery/129/3Ap56GcFRGqrTpUXa2Curw,wilton-connecticut
https://www.ubereats.com/connecticut/food-delivery/saffron-indian-cuisine/HxO9ZqdQQtWSDOu4_Snkyg,wilton-connecticut
https://www.ubereats.com/connecticut/food-delivery/good-hope-dumpling-%26-ramen-house/uDBsRogmQxyb_WWz2nS9lA,wilton-connecticut
https://www.ubereats.com/connecticut/food-delivery/scoops/yIFdz3qoTliadhGx6U4EsA,wilton-connecticut
https://www.ubereats.com/connecticut/food-delivery/beijing/Zvxk61YOTsaUrKsJjIqf-A,wilton-connecticut
https://www.ubereats.com/connecticut/food-delivery/starbucks-ridgefield/vGgoseePR9WW_bn8YB4xnQ,wilton-connecticut
https://www.ubereats.com/connecticut/food-delivery/michaels-ii-cafe/h1U70RjES8aufRfLVLpbhg,wilton-connecticut
https://www.ubereats.com/connecticut/food-delivery/the-spread-south-norwalk/bE1bjHyhSU-larxQDEHMUw,wilton-connecticut
https://www.ubereats.com/connecticut/food-delivery/duchess-restaurant-darien/pPflClAjQXaKfzht9SyuFQ,wilton-connecticut
https://www.ubereats.com/connecticut/food-delivery/mcdonalds-norwalk-main/MyyVyIN4RUGPJab7AHAttA,wilton-connecticut
https://www.ubereats.com/connecticut/food-delivery/brick-house-bar-%26-grill/27G-XNCFQ66zpDZHdZ3wxA,wilton-connecticut
https://www.ubereats.com/connecticut/food-delivery/royal-guard-danbury/eNxW7Rd0ToaOhjMZ-5VqEg,wilton-connecticut
https://www.ubereats.com/connecticut/food-delivery/zaytuna-restaurant/3ApUDQXpTZWb-X-0XEBq8Q,wilton-connecticut
https://www.ubereats.com/connecticut/food-delivery/embody-fitness-gourmet-westport/sdG4J3ysRPmRnB9fBiylsA,wilton-connecticut
https://www.ubereats.com/connecticut/food-delivery/plaza-deli-%26-catering/spYm165dT1ydBUEPOi4IAA,wilton-connecticut
https://www.ubereats.com/connecticut/food-delivery/julians-pizza-bar-%26-kitchen/qnwVhAi2RWi3AfxeRyZl1w,wilton-connecticut
https://www.ubereats.com/connecticut/food-delivery/cold-stone-creamery-1109-high-ridge-road/I6LEZpQzTgaHnXiAzR02hQ,wilton-connecticut
https://www.ubereats.com/connecticut/food-delivery/the-healthy-greek/2Lql2RgZTiO8xxuFDcLBXg,wilton-connecticut
https://www.ubereats.com/connecticut/food-delivery/gofer-ice-cream-darien/ldo7dgwpSBW0wCvB1ddgFA,wilton-connecticut
https://www.ubereats.com/connecticut/food-delivery/antojos/aWjNsuLFRbubwfbBSADLtQ,wilton-connecticut
https://www.ubereats.com/connecticut/food-delivery/ren-dumpling-%26-noodle-house/9-LJJsbASNeh_5HyKy7YSg,wilton-connecticut
https://www.ubereats.com/connecticut/food-delivery/the-ice-cream-shop/93VM18BFQO2bVd3ms5AMVQ,wilton-connecticut
https://www.ubereats.com/connecticut/food-delivery/bianco-rosso/Z4zsyA_4RwKhUf4z56vBDw,wilton-connecticut
https://www.ubereats.com/connecticut/food-delivery/locali-pizza-bar/jH3cJRYSS_qUAboSED110w,wilton-connecticut
https://www.ubereats.com/connecticut/food-delivery/tavern-on-7/JDN9rXO7THWLKqs6f2v5EA,wilton-connecticut
https://www.ubereats.com/connecticut/food-delivery/capris-cuisine/Ehp7ELKHSdm4AfGyKysqYQ,wilton-connecticut
https://www.ubereats.com/connecticut/food-delivery/little-pub-wilton/db3TyOQ0SW-r_IDddQqisw,wilton-connecticut
https://www.ubereats.com/connecticut/food-delivery/baldanza-natural-market-%26-cafe/2LH907ZJT_yPBg2IXA1Kxg,wilton-connecticut
https://www.ubereats.com/connecticut/food-delivery/the-redding-roadhouse/P0lsP4_dQ6OU-Etm42ImiQ,wilton-connecticut
https://www.ubereats.com/connecticut/food-delivery/basso-cafe-restaurant-%26-bar/ZElcj1zESh-AleCG1mVUYw,wilton-connecticut
https://www.ubereats.com/connecticut/food-delivery/dairy-king/JRRxPTawQG6hYiQ45hZbMw,wilton-connecticut
https://www.ubereats.com/connecticut/food-delivery/vedas-indian-cuisine-westport/h1aPIOG9RUaXeKIU7WwB9w,wilton-connecticut
https://www.ubereats.com/connecticut/food-delivery/organika-kitchen/SRhts9doStaJ2gaIgJ6ntw,wilton-connecticut
https://www.ubereats.com/connecticut/food-delivery/south-end/TmUbXKDYS-OaJxCSAd1k1w,wilton-connecticut
https://www.ubereats.com/connecticut/food-delivery/cava-wine-bar/QuxAt7qzRsiml5rTmK2_AA,wilton-connecticut
https://www.ubereats.com/connecticut/food-delivery/royal-guard-norwalk/3U-b06jMTmK77WAlOuP8jA,wilton-connecticut
https://www.ubereats.com/connecticut/food-delivery/holiday-diner/GbTq3b08QTmWkmF4Cyhmqw,wilton-connecticut
https://www.ubereats.com/connecticut/food-delivery/donovans/Tg_Hm-pTRsWCtNl0OwcG6Q,wilton-connecticut
https://www.ubereats.com/connecticut/food-delivery/ucbc-bagel-cafe/jvfFN6Z4THiDDWkYJ8Zy1A,wilton-connecticut
https://www.ubereats.com/connecticut/food-delivery/home-slice-pizza-kitchen/0YU3BxV3Rnyj7u0N850nEw,wilton-connecticut
https://www.ubereats.com/connecticut/food-delivery/kfc-richards-ave/Ix45WgjmTSmZfU014KtUBQ,wilton-connecticut
https://www.ubereats.com/connecticut/food-delivery/overtons/XKWxAODMSUepWsbkl6UZWg,wilton-connecticut
https://www.ubereats.com/connecticut/food-delivery/bobby-qs-cue-%26-co/x1N1-dnPTOu1YcEFt5PCEg,wilton-connecticut
https://www.ubereats.com/connecticut/food-delivery/minas-carne/s5HybwcKTCu_fxuTUkhMYw,wilton-connecticut
https://www.ubereats.com/connecticut/food-delivery/gofer-ice-cream-wilton/E61DwU6lTCqW1GGTF5OBGA,wilton-connecticut
https://www.ubereats.com/connecticut/food-delivery/peachwave-norwalk/mi_lIBAsTOKy9xjDlRtoOw,wilton-connecticut
https://www.ubereats.com/connecticut/food-delivery/harvest-wine-bar-and-restaurant-westport/ALyL-CsNRmGDMpjEhxzzBA,wilton-connecticut
https://www.ubereats.com/connecticut/food-delivery/boston-sammies/XyLayh-fTteUNgm8l_I1RQ,wilton-connecticut
https://www.ubereats.com/connecticut/food-delivery/monroe-diner/BqUxiTieTyWS39c47snvMw,wilton-connecticut
https://www.ubereats.com/connecticut/food-delivery/gluten-free-little-pub-and-marketplace/IbizUdo6SbmJpnE_Vef40A,wilton-connecticut
https://www.ubereats.com/connecticut/food-delivery/press-burger/z0pZ0qvuTDuKZDt16moiMw,wilton-connecticut
https://www.ubereats.com/connecticut/food-delivery/carvel-1025-post-rd-east/4ez2EyZYTY6qtYC_fAdxdQ,wilton-connecticut
https://www.ubereats.com/connecticut/food-delivery/los-gemelos-deli-and-restaurant/9tqXZDoXQ46UEKCw5Sqv5A,wilton-connecticut
https://www.ubereats.com/connecticut/food-delivery/a%26s-fine-foods/VXDeFvoXRWOpuv49HdW28A,wilton-connecticut
https://www.ubereats.com/connecticut/food-delivery/jeera-thai-kitchen-westport/RTei9s3XQ6qD2qUerkmvIg,wilton-connecticut
https://www.ubereats.com/connecticut/food-delivery/nikos-pizza-%26-greek-grill/cYVNdt5hS-6ET_gecMQ9cg,wilton-connecticut
https://www.ubereats.com/connecticut/food-delivery/parma-market-and-bakery/OaiNGkmjTW6rT1X7tFgdjg,wilton-connecticut
https://www.ubereats.com/connecticut/food-delivery/la-dolce-italian-ice-%26-cafe/sMmftYlpQeWj2NnzbseoUw,wilton-connecticut
https://www.ubereats.com/connecticut/food-delivery/casa-bonita-restaurant-%26-lunch/Nz7xVisIQ2yCb8SVKa2_Dw,wilton-connecticut
https://www.ubereats.com/connecticut/food-delivery/chef-prasad/eUT7t1VRSa683kSizE2_Bw,wilton-connecticut
https://www.ubereats.com/connecticut/food-delivery/mumbai-rasoi/Sxva7Jn0TdexAkSyfIsYlA,wilton-connecticut
https://www.ubereats.com/connecticut/food-delivery/cafe-aroma/WT4c8u8XRwirisd5tYGV4Q,wilton-connecticut
https://www.ubereats.com/connecticut/food-delivery/francos-deli-and-pizza/46xQhnyuRieWUb-3qPXRmw,wilton-connecticut
https://www.ubereats.com/connecticut/food-delivery/country-diner/evtRRwaFTXi-swNAfpeTxQ,wilton-connecticut
https://www.ubereats.com/connecticut/food-delivery/sails-american-grill/0igA32KgRBGuS33x1MxloQ,wilton-connecticut
https://www.ubereats.com/connecticut/food-delivery/edo-japanese-%26-korean-cuisine/j-oWXs0tSMOthaDqLheBYQ,wilton-connecticut
https://www.ubereats.com/connecticut/food-delivery/mediterraneo-norwalk/ldSdJI0ETQKIh0eVv_nM4g,wilton-connecticut
https://www.ubereats.com/connecticut/food-delivery/tonys-deli-new-canaan/lC-VgBeEQnqzDjUFDEVTsg,wilton-connecticut
https://www.ubereats.com/connecticut/food-delivery/bj-ryans/4682fFb9QpWL49Gj9J-9Rg,wilton-connecticut
https://www.ubereats.com/connecticut/food-delivery/terrasole-ristorante/yYNWuZ1cRDaHn2LC783Q6A,wilton-connecticut
https://www.ubereats.com/connecticut/food-delivery/cantiki-taco-deck/4fXTqzE-T5Cik_Id7ETJLw,wilton-connecticut
https://www.ubereats.com/connecticut/food-delivery/westport-chinese-takeout/cPPEx5QqS-2L-paY_NFBkg,wilton-connecticut
https://www.ubereats.com/connecticut/food-delivery/johns-best/eAbQ5cXVSA-inM_gu_f5dA,wilton-connecticut
https://www.ubereats.com/connecticut/food-delivery/la-pescaderia-fish-market/ajuidkHgQbq3LO6lgheORA,wilton-connecticut
https://www.ubereats.com/connecticut/food-delivery/rio-border-cafe/I_1f8k-oR2yYKXzD66jCMw,wilton-connecticut
https://www.ubereats.com/connecticut/food-delivery/sobol-ridgefield/ifPtQoPsTiWtBxUb67Gauw,wilton-connecticut
https://www.ubereats.com/connecticut/food-delivery/artis-pizza-e-pasta/FczSKX6pRN-h4RCzJo-ITQ,wilton-connecticut
https://www.ubereats.com/connecticut/food-delivery/wafu/dxGjwa1IQOaPT3rIXnoKNw,wilton-connecticut
https://www.ubereats.com/connecticut/food-delivery/amigos-deli/zRw6_zUCR06shyfETbyBpA,wilton-connecticut
https://www.ubereats.com/connecticut/food-delivery/the-mumbai-times-westport/BZ_FNOGgQKqRi7NcsEKgCw,wilton-connecticut
https://www.ubereats.com/connecticut/food-delivery/fresh/tBupEUGdRlaDZB9qMAApeQ,wilton-connecticut
https://www.ubereats.com/connecticut/food-delivery/dolce-italian-cafe/o2fLYIFrToCYerIMWCoeXg,wilton-connecticut
https://www.ubereats.com/connecticut/food-delivery/the-stillery-restaurant-%26-bar/rrMkIy1VSBy9hfx_77JM7g,wilton-connecticut
https://www.ubereats.com/connecticut/food-delivery/new-canaan-chicken/FjCTTNLdTZuIJGJrMTypCw,wilton-connecticut
https://www.ubereats.com/connecticut/food-delivery/bond-grill/7kKVOPnGRMa4ROMziyMIGA,wilton-connecticut
https://www.ubereats.com/connecticut/food-delivery/rio-bravo-tacos-%26-tequila-77-n-main-st/NVqjl4NKTJeC9kiiPw34qQ,wilton-connecticut
https://www.ubereats.com/connecticut/food-delivery/little-thai-kitchen-darien/b04RXGh_Txi3qnh9qaj2_w,wilton-connecticut
https://www.ubereats.com/connecticut/food-delivery/dunkin-470-main-ave/Gh3X4nQCTZqlopNO6idT2g,wilton-connecticut
https://www.ubereats.com/connecticut/food-delivery/mcdonalds-norwalk-rte-1/XMo2OdboRWu5mbaAgmORxQ,wilton-connecticut
https://www.ubereats.com/connecticut/food-delivery/jersey-mikes-subs-westport-398-post-road-east/-m2Odb-LRnORDV03dBUR-A,wilton-connecticut
https://www.ubereats.com/connecticut/food-delivery/spice-indian-cuisine-bethel/L6nchoaLRhSXGpOV3aqUyw,wilton-connecticut
https://www.ubereats.com/connecticut/food-delivery/milestone-restaurant/GUBIsbTCTP2QLQogUwghRA,wilton-connecticut
https://www.ubereats.com/connecticut/food-delivery/the-village/aX8kURNwTJONY0-dGII3cg,wilton-connecticut
https://www.ubereats.com/connecticut/food-delivery/los-portales-taqueria/dIpnmQDyQ3if4MjpWbPAIw,wilton-connecticut
https://www.ubereats.com/connecticut/food-delivery/artisanal-pizza/vOUl141UR6C17-WZQnMeCQ,wilton-connecticut
https://www.ubereats.com/connecticut/food-delivery/green-%26-tonic-new-canaan/Gx7gk0B8RNCwwFnuKXB6MA,wilton-connecticut
https://www.ubereats.com/connecticut/food-delivery/mochica-restaurant/K42ceCtPSB6XgI1uV5ZuDQ,wilton-connecticut
https://www.ubereats.com/connecticut/food-delivery/silver-star-diner/xO4LrZWfRauf3BBGDibQqQ,wilton-connecticut
https://www.ubereats.com/connecticut/food-delivery/new-canaan-pizza/BHMfqV5_SK25khKyWQVqiw,wilton-connecticut
https://www.ubereats.com/connecticut/food-delivery/the-market-bar-and-bistro/xYZB84h_QayF7rsA102wiA,wilton-connecticut
https://www.ubereats.com/connecticut/food-delivery/sabor-de-mi-pueblo/FSl1yVJpRCuj-VMeUlZUzg,wilton-connecticut
https://www.ubereats.com/connecticut/food-delivery/panera-650-main-avenue/7UUGWilmS7i0IHCpWnfyDw,wilton-connecticut
https://www.ubereats.com/connecticut/food-delivery/papa-johns-pizza-norwalk/2iwpNWUUTiiJg4eKmOwwDA,wilton-connecticut
https://www.ubereats.com/connecticut/food-delivery/baja-cocina/KYNX0yobTyW0wQDhhis8Tg,wilton-connecticut
https://www.ubereats.com/connecticut/food-delivery/village-gourmet/bfnqFzeFRoC0lXVhhNo0ug,wilton-connecticut
https://www.ubereats.com/connecticut/food-delivery/green-%26-tonic-westport/VCPIl-z-SL2254FqLfRhxg,wilton-connecticut
https://www.ubereats.com/connecticut/food-delivery/sobol-wilton/TD4nV5wER0m6jqMoqPGVdQ,wilton-connecticut
https://www.ubereats.com/connecticut/food-delivery/the-sandwich-shoppe-danbury-rd/RWa6w-qLSL-5pIuY00EtNA,wilton-connecticut
https://www.ubereats.com/connecticut/food-delivery/osteria-romana-norwalk/9sHoe3s2R5aAP1XvquQqMg,wilton-connecticut
https://www.ubereats.com/connecticut/food-delivery/j-bagels-%26-cafe/S4FtDmB-SQmmwq2qX5JADA,wilton-connecticut
https://www.ubereats.com/connecticut/food-delivery/marlys-bar-%26-bistro/f1lzdm6JTP2Qc7TU-6XWiw,wilton-connecticut
https://www.ubereats.com/connecticut/food-delivery/fresh-cut/3d_kWiGaTl2FEiTCK1v2iw,wilton-connecticut
https://www.ubereats.com/connecticut/food-delivery/tequila-escape-kitchen-%2B-cocktail-bar/cE1XVBwrRf2LXS8uXIUHVw,wilton-connecticut
https://www.ubereats.com/connecticut/food-delivery/vedas-indian-cuisine-norwalk/W0i7Wa80R_CDmAORW0uQMw,wilton-connecticut
https://www.ubereats.com/connecticut/food-delivery/pesca-peruvian-bistro/7dghBDUSQ1-VFY5aQ98GWA,wilton-connecticut
https://www.ubereats.com/connecticut/food-delivery/bobs-burger-ct/dYLeuSnRSjK02F2Fcj5D6A,wilton-connecticut
https://www.ubereats.com/connecticut/food-delivery/mr-frostys-ice-cream-shop/-1Bp7jH_SEOJdA3-wwkDcw,wilton-connecticut
https://www.ubereats.com/connecticut/food-delivery/pokemoto-norwalk-ct/isJbIMnsQACUY2GZwoDNtQ,wilton-connecticut
https://www.ubereats.com/connecticut/food-delivery/gates-restaurant/67lOaDrsTJ6yuQ53EXiEwA,wilton-connecticut
https://www.ubereats.com/connecticut/food-delivery/craft-14-kitchen-%2B-bar/e-iPlncmT1OWqdr34VIkGQ,wilton-connecticut
https://www.ubereats.com/connecticut/food-delivery/evaritos/oFvYeRD9Tz-xhbkRTahxvA,wilton-connecticut
https://www.ubereats.com/connecticut/food-delivery/early-bird-cafe/wCPJwL1KSxqwDwBv1iHo3A,wilton-connecticut
https://www.ubereats.com/connecticut/food-delivery/orems-diner/-fF_R0EcQnCzdSlkuDgmrQ,wilton-connecticut
https://www.ubereats.com/connecticut/food-delivery/zumeta-bistro-food-truck/vApgwG3BR_KQ2yDn5hIilw,wilton-connecticut
https://www.ubereats.com/connecticut/food-delivery/match/a9pQ6-hLTqGohNgG_WqkHw,wilton-connecticut
https://www.ubereats.com/connecticut/food-delivery/tequila-mockingbird/8TXVdLLzROmfIl6PKCv83A,wilton-connecticut
https://www.ubereats.com/connecticut/food-delivery/duchess-restaurant-norwalk/L0c_FXjaSIu78IQzYUKC1Q,wilton-connecticut
https://www.ubereats.com/connecticut/food-delivery/godavari-norwalk/PSh_ZaeOQvieQNBZFCp6cA,wilton-connecticut
https://www.ubereats.com/connecticut/food-delivery/wayback-burgers-607-main-ave/GEGHy6V8Q0SGTC8w3HNAKQ,wilton-connecticut
https://www.ubereats.com/connecticut/food-delivery/sole/WiXN3vu1Sw2oNYwWIRme9g,wilton-connecticut
https://www.ubereats.com/connecticut/food-delivery/tropical-deli/xS2lGIMQQnaPQdrO0p7gCQ,wilton-connecticut
https://www.ubereats.com/connecticut/food-delivery/cactus-rose/Z01OXSc6RMeJoVUTAbagmw,wilton-connecticut
https://www.ubereats.com/connecticut/food-delivery/360-degrees-catering-co/Ds9-vW4OSaO6-7cZYLqq1Q,wilton-connecticut
https://www.ubereats.com/connecticut/food-delivery/mex-on-main/Q-1c6UgCQ024kCuF58Yb5g,wilton-connecticut
https://www.ubereats.com/connecticut/food-delivery/outback-steakhouse-14-danbury-road/yVihg86_ReeykCaZrjkQQg,wilton-connecticut
https://www.ubereats.com/connecticut/food-delivery/oak-and-almond-restaurant/aIRSCaV1QSeu8BJCM2rwtQ,wilton-connecticut
https://www.ubereats.com/connecticut/food-delivery/sals-pastry-shop/l2rxLRE8QMCH2Q5mM-r4cQ,wilton-connecticut
https://www.ubereats.com/connecticut/food-delivery/south-end-uncorked/Ryj_PjAuTNiQ7Gg6Y0HQKA,wilton-connecticut
https://www.ubereats.com/connecticut/food-delivery/winfield-street-coffee-westport/ooOHEdsLRCOJ_ucIYp4MIg,wilton-connecticut
https://www.ubereats.com/connecticut/food-delivery/la-kabanita-35-white-st/EV106i0CQ3iZ_mFuCBLBmw,wilton-connecticut
https://www.ubereats.com/connecticut/food-delivery/main-port-fish-and-chips/ZEhxOlO-R5yhKN_zEcZLHg,wilton-connecticut
https://www.ubereats.com/connecticut/food-delivery/kfc-taco-bell-westport-ave/QKIS17-fTsG-MHB39JM2dw,wilton-connecticut
https://www.ubereats.com/connecticut/food-delivery/china-king/3JW6_hITQC6FeundTKNIwQ,wilton-connecticut
https://www.ubereats.com/connecticut/food-delivery/los-molcajetes-mexican-restaurant/_6DtE1kaSFujUPHg9FBAdA,wilton-connecticut
https://www.ubereats.com/connecticut/food-delivery/silvermine-market/U7tjsGx6Sva34rniZlQHwQ,wilton-connecticut
https://www.ubereats.com/connecticut/food-delivery/post-road-diner/JKGY_NBCSBehyhfYADbzEA,wilton-connecticut
https://www.ubereats.com/connecticut/food-delivery/drewbaq-smoke-shack/1zHmUkQuQ6WvJsYTdVzmYg,wilton-connecticut
https://www.ubereats.com/connecticut/food-delivery/organika-kitchen-ridgefield/v3fhKn3TSS-x8Gtqjv_97g,wilton-connecticut
https://www.ubereats.com/connecticut/food-delivery/jrs-deli-and-grille/SHopBRBgTG2IdN3m_a_cdQ,wilton-connecticut
https://www.ubereats.com/connecticut/food-delivery/rainbow-thai-westport/ojbUnhX9QCCWr6IlnKdNLw,wilton-connecticut
https://www.ubereats.com/connecticut/food-delivery/amis-trattoria-westport/cUqWYoFbSaCO9-wZx5vReA,wilton-connecticut
https://www.ubereats.com/connecticut/food-delivery/el-peron-norwalk/Cn1rLmPST7W9QeUwenpm8Q,wilton-connecticut
https://www.ubereats.com/connecticut/food-delivery/carvel-324-connecticut-avenue/5oHNU1m7RzytLI6cDZRvUQ,wilton-connecticut
https://www.ubereats.com/connecticut/food-delivery/tarry-lodge-westport/N4TlNvipSxGPqdLYOtw4mw,wilton-connecticut
https://www.ubereats.com/connecticut/food-delivery/dunkin-15-ethan-allen-hwy/qm-5ZAGBQc6mGP7w4acZ3w,wilton-connecticut
https://www.ubereats.com/connecticut/food-delivery/reiki-sushi/kSwGFt5NSX6EEl1HPrWLUQ,wilton-connecticut
https://www.ubereats.com/connecticut/food-delivery/friends-cafe-stamford/x4dRZSW8Q_aoZOXapfVRww,wilton-connecticut
https://www.ubereats.com/connecticut/food-delivery/giacomos-deli/-6dqsqULS3GT8kouxtxvzg,wilton-connecticut
https://www.ubereats.com/connecticut/food-delivery/walrus-alley/VkmbJdiPTz2qvG-2B7LUsA,wilton-connecticut
https://www.ubereats.com/connecticut/food-delivery/pinstripes-norwalk/v3kdFxqeR8md5DtP-tz1IA,wilton-connecticut
https://www.ubereats.com/connecticut/food-delivery/carvel-456-main-avenue/Hpa6p1tVT7mR8p06o6r24Q,wilton-connecticut
https://www.ubereats.com/connecticut/food-delivery/open-rice/NTSY73fhQQiyka-uTvMh0g,wilton-connecticut
https://www.ubereats.com/connecticut/food-delivery/popeyes-norwalk/XSZimsqSTeSYIx080V59-Q,wilton-connecticut
https://www.ubereats.com/connecticut/food-delivery/tacos-el-azteca-food-truck/sF9VEHTvR6C8SjRxDiqRYQ,wilton-connecticut
https://www.ubereats.com/connecticut/food-delivery/cafe-madrid/g-G3wq9tSs-QZy0ZGf4mPA,wilton-connecticut
https://www.ubereats.com/connecticut/food-delivery/the-wing-spot/g3jmYZ_KRsysrRwG7-O3wA,wilton-connecticut
https://www.ubereats.com/connecticut/food-delivery/romanacci-express/I6pZgdN0ThiMkwgLPqgfPw,wilton-connecticut
https://www.ubereats.com/connecticut/food-delivery/16-handles-fairfield/pGJGkQklTpiX9KOqutPF_g,wilton-connecticut
https://www.ubereats.com/connecticut/food-delivery/wing-it-ct/nydgOup6SE2A-IYkkD3ZMQ,wilton-connecticut
https://www.ubereats.com/connecticut/food-delivery/natures-temptations/ZuXRzXQUT9WZ9VZHaOGvMA,wilton-connecticut
https://www.ubereats.com/connecticut/food-delivery/vazzys-osteria/tx5GQ74QSrWTiY8YuklJYw,wilton-connecticut
https://www.ubereats.com/connecticut/food-delivery/dantes-pizza/rr8M0BOdTcmjWLDAT3i9ZA,wilton-connecticut
https://www.ubereats.com/connecticut/food-delivery/bistro-mediteranean-tapas-bar/ThgxSMTJTOWsZIDoIL7HGw,wilton-connecticut
https://www.ubereats.com/connecticut/food-delivery/five-guys-ct-1036-534-post-road-east/TCgjnXJpSdekVd40yv8BDA,wilton-connecticut
https://www.ubereats.com/connecticut/food-delivery/restaurante-da-graca/yUGGcJNkSuKrN2wDJZTmuw,wilton-connecticut
https://www.ubereats.com/connecticut/food-delivery/bourbon-raw/E-cvnsKkQo2kqitqk9e-fA,wilton-connecticut
https://www.ubereats.com/connecticut/food-delivery/la-taqueria-el-chino/UgWDBkJhR8q8wYm4zo209g,wilton-connecticut
https://www.ubereats.com/connecticut/food-delivery/elm-restaurant/yNsS7FUbSMCNOWRF0XYadw,wilton-connecticut
https://www.ubereats.com/connecticut/food-delivery/chipotle-mexican-grill-71-post-rd/aOr9MNmyRHu-_cgvTVDVeg,wilton-connecticut
https://www.ubereats.com/connecticut/food-delivery/subway-202-town-green/0DacXiQeQiydajgN5u40HA,wilton-connecticut
https://www.ubereats.com/connecticut/food-delivery/planet-pizza-607-main-ave/HKo_vz2XQ4SRY2Rk_I-1yg,wilton-connecticut
https://www.ubereats.com/connecticut/food-delivery/uncle-leos-coffee-%26-donuts/u5T8RkT2Tv-kuplGyHREOQ,wilton-connecticut
https://www.ubereats.com/connecticut/food-delivery/the-sand-wedge-deli-%26-catering/_SI0BIS8RXSoewSBuoCl9w,wilton-connecticut
https://www.ubereats.com/connecticut/food-delivery/thai-time/l1zKzj9xQTCi3BPwMauczw,wilton-connecticut
https://www.ubereats.com/connecticut/food-delivery/viva-zapata/db4vsVVcQ6m_RO7Be_cUjQ,wilton-connecticut
https://www.ubereats.com/connecticut/food-delivery/little-pub-fairfield/MsztJS72SZOOc0noRtwzIA,wilton-connecticut
https://www.ubereats.com/connecticut/food-delivery/starbucks-wilton-river-road/061LzDkqRaC_Po1ZTFRRBg,wilton-connecticut
https://www.ubereats.com/connecticut/food-delivery/open-rice-westport/7zroiUbvT0eGxENSYFahuw,wilton-connecticut
https://www.ubereats.com/connecticut/food-delivery/la-paella-tapas-wine-bar-%26-restaurant/Qs-LBh8kQPWy6aZLqChvew,wilton-connecticut
https://www.ubereats.com/connecticut/food-delivery/tuttis-ristorante/vdRx8o2OSS20Tepz6JvZaA,wilton-connecticut
https://www.ubereats.com/connecticut/food-delivery/subway-norwalk/uMNeyIuwRZegASvcXKHS7w,wilton-connecticut
https://www.ubereats.com/connecticut/food-delivery/sedona-taphouse-connecticut/3ODMC8I5TaOtPI1rjHUofw,wilton-connecticut
https://www.ubereats.com/connecticut/food-delivery/the-naan/0VChqKV_QvODvJ-CgXXeTg,wilton-connecticut
https://www.ubereats.com/connecticut/food-delivery/toozy-patza-pizza/s531IpX-QYSSvV-mZ8GhoQ,wilton-connecticut
https://www.ubereats.com/connecticut/food-delivery/burger-king-380-main-avenue/QurwfKuBRwe1ftERQMJmsQ,wilton-connecticut
https://www.ubereats.com/connecticut/food-delivery/everybodyeatz/0ELl_DLQS6-YL5OHByewhA,wilton-connecticut
https://www.ubereats.com/connecticut/food-delivery/taste-of-brazil-norwalk/x7UiONwjSKKT2HuTC1fg8A,wilton-connecticut
https://www.ubereats.com/connecticut/food-delivery/greens-on-the-go-ct/UzL1CQPMT8O7YaN4m5286w,wilton-connecticut
https://www.ubereats.com/connecticut/food-delivery/the-granola-bar-westport/VFpcufOKQKi3SARdrTKqxg,wilton-connecticut
https://www.ubereats.com/connecticut/food-delivery/hashi-sushi/bOmU7reyR4OQ-LqNFKNIOg,wilton-connecticut
https://www.ubereats.com/connecticut/food-delivery/kennedy-fried-chicken/rTgMbU09SOiHd7GD2X-Kqg,wilton-connecticut
https://www.ubereats.com/connecticut/food-delivery/bertuccis-darien/KhQ3Rdp4T3ScmXXD7Aiglw,wilton-connecticut
https://www.ubereats.com/connecticut/food-delivery/planet-pizza-ridgefield/tEBvuCjlT_KWXz54SAFeBQ,wilton-connecticut
https://www.ubereats.com/connecticut/food-delivery/sand-wedge/aBoNvaG1QkuRhnXlp51gDQ,wilton-connecticut
https://www.ubereats.com/connecticut/food-delivery/cherry-street-east/j6slph0yT2CMINR7tgNXjw,wilton-connecticut
https://www.ubereats.com/connecticut/food-delivery/boston-market-14-danbury-road/CUL0860hRymGsfbZCq1rMA,wilton-connecticut
https://www.ubereats.com/connecticut/food-delivery/darien-diner/Co3ADoYVSKKbAYjVK2ibbA,wilton-connecticut
https://www.ubereats.com/connecticut/food-delivery/win-healthy-casual-eatery/Sj6kJ7HRR9G4xc5aSskDoA,wilton-connecticut
https://www.ubereats.com/connecticut/food-delivery/nutty-bunny/HqzZJtZEQGO-87GTFCLHqg,wilton-connecticut
https://www.ubereats.com/connecticut/food-delivery/vavalas-deli-and-catering/g1rMTdgCTza-Suw1GXzPHw,wilton-connecticut
https://www.ubereats.com/connecticut/food-delivery/laylas-falafel-trumbull/0B1E7mTUTPqUpmfFTDB5BQ,wilton-connecticut
https://www.ubereats.com/connecticut/food-delivery/enchanted-szechuan/qRJcX43DT7uDo6HiGBMEwg,wilton-connecticut
https://www.ubereats.com/connecticut/food-delivery/marias-place/WDPeOjwSQhywYPDwmNi8eg,wilton-connecticut
https://www.ubereats.com/connecticut/food-delivery/rothbard-ale-%2B-larder/FGQls-_eScq7QsURhsmNdQ,wilton-connecticut
https://www.ubereats.com/connecticut/food-delivery/amore-cucina-and-bar/fjq3ANCYQy6PuiIfzgDrpg,wilton-connecticut
https://www.ubereats.com/connecticut/food-delivery/tawa-indian-cuisine/FQbj2aviRfy9cCDgAk9o0w,wilton-connecticut
https://www.ubereats.com/connecticut/food-delivery/los-portales-mexican-restaurant/ITevrwx5S_Sf5RWMPuzRFg,wilton-connecticut
https://www.ubereats.com/connecticut/food-delivery/matsu-sushi/eHvnDMCUQZOMGad1Tj6OaA,wilton-connecticut
https://www.ubereats.com/connecticut/food-delivery/coromandel-cuisine-of-india-darien/28f0QsnsQPeVVe54KbvNYQ,wilton-connecticut
https://www.ubereats.com/connecticut/food-delivery/qdoba-652-main-ave/quNUlGfsRPOSg9wJgmz0mw,wilton-connecticut
https://www.ubereats.com/connecticut/food-delivery/brasitas-restaurant-norwalk/PgFPSPzuQSO6eOwOoR1efg,wilton-connecticut
https://www.ubereats.com/connecticut/food-delivery/dunkin-35-danbury-rd/VLfeWVwwQ5y8DeNIrTkEYA,wilton-connecticut
https://www.ubereats.com/connecticut/food-delivery/ms-barbara-jeans-soul-food-kitchen/JR2L4WCzTAaUN0n1lCadSQ,wilton-connecticut
https://www.ubereats.com/connecticut/food-delivery/arezzo-ristorante/igrL3sVFQM6zwUq5E8OWMw,wilton-connecticut
https://www.ubereats.com/connecticut/food-delivery/rye-ridge-deli-westport/_OXY7uJqRT2_ibbtmq44_w,wilton-connecticut
https://www.ubereats.com/connecticut/food-delivery/gofer-ice-cream-stamford/HoMTvV_gQfugJGW9zv_igg,wilton-connecticut
https://www.ubereats.com/connecticut/food-delivery/match-burger-lobster-riverside-ave/coUaKBEiT76XRsnCzPTwCg,wilton-connecticut
https://www.ubereats.com/connecticut/food-delivery/freshii-19-post-road-east/-IG6aS18SXmDyYAqODaqZg,wilton-connecticut
https://www.ubereats.com/connecticut/food-delivery/avenida-venezuelan-food/hvdIISDTQBePFttcK0Ad-g,wilton-connecticut
