url,city
https://www.ubereats.com/des-moines/food-delivery/pasquallys-pizza-%26-wings-1431-22nd-st/uy4smimuTomuE3wn1wdAxA,windsor-heights-iowa
https://www.ubereats.com/des-moines/food-delivery/mcdonalds-3441-86th-st/IUtuO15vQb-w53EajeTR0w,windsor-heights-iowa
https://www.ubereats.com/des-moines/food-delivery/mcalisters-deli-810-w-des-moine-ia-101032/G7nxwhyaThGgGA3274x8Eg,windsor-heights-iowa
https://www.ubereats.com/des-moines/food-delivery/thai-flavors/cghUkLwOSmaVEW0PqqlztA,windsor-heights-iowa
https://www.ubereats.com/des-moines/food-delivery/tsing-tsao-south/2slFnjBfQ3iRSXCM2EJ1Yg,windsor-heights-iowa
https://www.ubereats.com/des-moines/food-delivery/wendys-3815-100th-street/a39uMmP_Q1m-FQGgwRwnDQ,windsor-heights-iowa
https://www.ubereats.com/des-moines/food-delivery/felix-%26-oscars/IdIgiB1gT8mqG1yZZB5vUg,windsor-heights-iowa
https://www.ubereats.com/des-moines/food-delivery/fire-creek/7Y6gO9e-TTm2uiv4MoLNGg,windsor-heights-iowa
https://www.ubereats.com/des-moines/food-delivery/arbys-15701-hickman-rd/tTQSRGwzS_2U4wujOvVImw,windsor-heights-iowa
https://www.ubereats.com/des-moines/food-delivery/kfc-11406-forest-avenue/4RZQZ6HITlKruggG1BdUaA,windsor-heights-iowa
https://www.ubereats.com/des-moines/food-delivery/firehouse-subs-university-clive/aED5lnXiTCutlIKWDdLLKQ,windsor-heights-iowa
https://www.ubereats.com/des-moines/food-delivery/chipotle-mexican-grill-490-s-68th-st-ste-110/IuYWOtN2QtyiudiA0pUVww,windsor-heights-iowa
https://www.ubereats.com/des-moines/food-delivery/pizza-ranch-448-se-university-avenue/zvHuutNITRel4o2iZmK__Q,windsor-heights-iowa
https://www.ubereats.com/des-moines/food-delivery/taqueria-los-pinos/cILRWGRHTd-ziYxFghMx7A,windsor-heights-iowa
https://www.ubereats.com/des-moines/food-delivery/kfc-902-east-euclid-avenue/9bXPF9usROyLLyAmTnruTw,windsor-heights-iowa
https://www.ubereats.com/des-moines/food-delivery/potbelly-sandwich-shop-604-locust-street/xT4bV0keT72Em_Z5owoHpw,windsor-heights-iowa
https://www.ubereats.com/des-moines/food-delivery/lolas-fine-kitchen/NoVzwzH5Q3qWLxB_LUBZwA,windsor-heights-iowa
https://www.ubereats.com/des-moines/food-delivery/cold-stone-creamery-1631-sw-main-street/s6B_nJQdSFuEqKB5gWlWUg,windsor-heights-iowa
https://www.ubereats.com/des-moines/food-delivery/fondita-la-victoria/ZkYykwgdS9eXK6Xx8hvPHA,windsor-heights-iowa
https://www.ubereats.com/des-moines/food-delivery/taqueria-los-pinos-2/PXHnRiHfTcyYt4Ymyi9-9Q,windsor-heights-iowa
https://www.ubereats.com/des-moines/food-delivery/burger-king-1405-east-court-avenue/ZzOgGQvaTB-FAptyY3QvXA,windsor-heights-iowa
https://www.ubereats.com/des-moines/food-delivery/university-library-cafe/YAiBa7NqT1mi_dYCIjkYxg,windsor-heights-iowa
https://www.ubereats.com/des-moines/food-delivery/de-rice/qvaGb5yaSFS-dkkmfzogaA,windsor-heights-iowa
https://www.ubereats.com/des-moines/food-delivery/kathmandu-restaurant/BMRGKB-pQqyLD3R1TTrorw,windsor-heights-iowa
https://www.ubereats.com/des-moines/food-delivery/popeyes-4140-merle-hay-rd/eW6KLnhxS1uVbu3ormy38Q,windsor-heights-iowa
https://www.ubereats.com/des-moines/food-delivery/mahalos-coffee-co-mini-donuts-%26-catering/YwXcKcGUSJW9sGFc21PXDQ,windsor-heights-iowa
https://www.ubereats.com/des-moines/food-delivery/el-fogon/AZnzy__ZQMewTosohb598g,windsor-heights-iowa
https://www.ubereats.com/des-moines/food-delivery/akebono/awKX1VGGSp6jl6QKvoOFZA,windsor-heights-iowa
https://www.ubereats.com/des-moines/food-delivery/wasabi-johnston/_W9TaVj5Q5WZnDAAGWs2hQ,windsor-heights-iowa
https://www.ubereats.com/des-moines/food-delivery/viva-la-crepe/LyEGavTiTwWa_jttKS0J_g,windsor-heights-iowa
https://www.ubereats.com/des-moines/food-delivery/starbucks-west-des-moines-mills-civic-%26/MDn1PIBYTAGUMy6AB6F9EA,windsor-heights-iowa
https://www.ubereats.com/des-moines/food-delivery/pho-real-kitchen-%26-bar/W0JtlzgrQ3afPnzzzIPtaA,windsor-heights-iowa
https://www.ubereats.com/des-moines/food-delivery/hiland-bakery/pWY0rrHUQ7mUdXAhG1MrqQ,windsor-heights-iowa
https://www.ubereats.com/des-moines/food-delivery/firebirds-wood-fired-grill-440-s-68th-street-suite-101/SCuXjonbQYyX-yyrRmYjpA,windsor-heights-iowa
https://www.ubereats.com/des-moines/food-delivery/mcalisters-deli-811-merle-hay-des-moine-ia-101357/rQ-Nn-PWQtKBUpgp7bQcew,windsor-heights-iowa
https://www.ubereats.com/des-moines/food-delivery/sam-%26-gabes/YGa9KjWQSzCmyoqWR4OSSQ,windsor-heights-iowa
https://www.ubereats.com/des-moines/food-delivery/mac-shack/MeoAJSePTy-KMcNXPIMHRw,windsor-heights-iowa
https://www.ubereats.com/des-moines/food-delivery/subway-1001-73rd-st/J0sTomNuSnmuVFQHQFSFig,windsor-heights-iowa
https://www.ubereats.com/des-moines/food-delivery/marcos-pizza-1202-se-university-avenue/m_P2-qiyRdmXm8kxAXvT0Q,windsor-heights-iowa
https://www.ubereats.com/des-moines/food-delivery/papa-murphys-ia030-3701-east-14th-street/QmBWg7OrQsW_zgygat8WMg,windsor-heights-iowa
https://www.ubereats.com/des-moines/food-delivery/wendys-4105-sw-9th-st/h9zTxyf6SaSzu-PU9FjBkg,windsor-heights-iowa
https://www.ubereats.com/des-moines/food-delivery/maccabees-glatt-kosher-deli/LRhEAdUgQiCfbOaqI4YqoA,windsor-heights-iowa
https://www.ubereats.com/des-moines/food-delivery/burger-king-5308-university-ave/ohBrsnXaTZayxVty-2Xxlg,windsor-heights-iowa
https://www.ubereats.com/des-moines/food-delivery/fresh-fit-meals-urbandale/bi0R5BxfSEmFFlSKH7v0Tg,windsor-heights-iowa
https://www.ubereats.com/des-moines/food-delivery/the-stuffed-olive-des-moines/9lUE0GScQmeQebRcW08O-Q,windsor-heights-iowa
https://www.ubereats.com/des-moines/food-delivery/freedom-blend-coffee/C6Bas2FHSFCJief8ItGRyQ,windsor-heights-iowa
https://www.ubereats.com/des-moines/food-delivery/qdoba-10201-w-university-ave/WMxqTTlLSjimv0DXWb4Otw,windsor-heights-iowa
https://www.ubereats.com/des-moines/food-delivery/burger-king-3801-merle-hay-rd/gppeFbSzSkygK9Oy3pv4AA,windsor-heights-iowa
https://www.ubereats.com/des-moines/food-delivery/rusty-taco-9500-university/Gy1-TPnGSIWbE3OChOr1AQ,windsor-heights-iowa
https://www.ubereats.com/des-moines/food-delivery/el-molcajete/wVz8qWPpTEuriJhdZ77iXg,windsor-heights-iowa
https://www.ubereats.com/des-moines/food-delivery/cold-stone-creamery-101-jordan-creek-pkwy/ZSxJLmy2R9mQm7VrS1ECAw,windsor-heights-iowa
https://www.ubereats.com/des-moines/food-delivery/subway-4640-86th-st/6RvUB8I1QxiH2KP_5EuKxA,windsor-heights-iowa
https://www.ubereats.com/des-moines/food-delivery/beaverdale-confections/mAY7MbScQ92KESLM-kFJ0w,windsor-heights-iowa
https://www.ubereats.com/des-moines/food-delivery/taco-johns-350-grand-ave/p4SEbie2SYOcCiuf8o8otg,windsor-heights-iowa
https://www.ubereats.com/des-moines/food-delivery/burger-king-2222-m-l-king-jr-parkway/XgCyGXxvQOCUYoWmNDdHXw,windsor-heights-iowa
https://www.ubereats.com/des-moines/food-delivery/orange-leaf-frozen-yogurt-4650-nw-86th-street/RrBsRZNRQ-q8EW_r3R1ROw,windsor-heights-iowa
https://www.ubereats.com/des-moines/food-delivery/w-tao-sushi/3PaB5R8bTeyCuwifUjTziw,windsor-heights-iowa
https://www.ubereats.com/des-moines/food-delivery/bordenaros-pizza-%26-pasta/RumAAuiOQ2KB6UlGejYsTg,windsor-heights-iowa
https://www.ubereats.com/des-moines/food-delivery/noodles-%26-company-5840-douglas-ave/fuC_h1kESF2dWkCSl0YbLw,windsor-heights-iowa
https://www.ubereats.com/des-moines/food-delivery/pancheros-mexican-grill-2708-ingersoll-ave/-sd5oY-3RPGbroLYqbuyQA,windsor-heights-iowa
https://www.ubereats.com/des-moines/food-delivery/starbucks-3830-merle-hay-road/Dz7pX9VSSHWda7l7txgMGw,windsor-heights-iowa
https://www.ubereats.com/des-moines/food-delivery/java-joes-coffee-house/1Hr8U3DfSEC9VNd5ItlVOg,windsor-heights-iowa
https://www.ubereats.com/des-moines/food-delivery/pancheros-mexican-grill-2250-east-1st-st/ZdqJLVbPQOyU-8C109E6cQ,windsor-heights-iowa
https://www.ubereats.com/des-moines/food-delivery/dunkin-3611-se-14th-st/-7HqRbXRQ8ybCD_4gQ0T8g,windsor-heights-iowa
https://www.ubereats.com/des-moines/food-delivery/flemings-prime-steakhouse-%26-wine-bar-des-moines/KWe_gZIHRqGBErPqajgzDg,windsor-heights-iowa
https://www.ubereats.com/des-moines/food-delivery/applebees-3741-8th-street-sw/hnDDGZrYQ4Sdb2lurxct2w,windsor-heights-iowa
https://www.ubereats.com/des-moines/food-delivery/ponderosa-bonanza-5029-ne-14th-st/Rgspj5ViTpybCn28CsZ_Zw,windsor-heights-iowa
https://www.ubereats.com/des-moines/food-delivery/cozy-cafe-johnston/UtS63lMLRgWlXVbgWkR1hQ,windsor-heights-iowa
https://www.ubereats.com/des-moines/food-delivery/pieology-pizzeria-1255-nw-128th-st/LqA1pMojRt-W5sfGv9_-zw,windsor-heights-iowa
https://www.ubereats.com/des-moines/food-delivery/red-robin-700-6255-mills-civic-pkwy/LdLfLVK8TJmJfLUn6ulILw,windsor-heights-iowa
https://www.ubereats.com/des-moines/food-delivery/arbys-208-johnson-ct/bhmCsHCWSlqeFbbRb1N__g,windsor-heights-iowa
https://www.ubereats.com/des-moines/food-delivery/arbys-3917-ne-14th-st/oCOZiaXARIWIrit6bW-rxQ,windsor-heights-iowa
https://www.ubereats.com/des-moines/food-delivery/taco-johns-921-e-euclid-avenue/xr2QkPfGQTOjsSe6J7A-Cg,windsor-heights-iowa
https://www.ubereats.com/des-moines/food-delivery/taco-bell-4875-merle-hay-ln/5EXKGYxySriOfCJBwuRifg,windsor-heights-iowa
https://www.ubereats.com/des-moines/food-delivery/taco-johns-3924-nw-urbandale-drive/uyaYgA4IR8-HYlZB0FwztA,windsor-heights-iowa
https://www.ubereats.com/des-moines/food-delivery/auntie-annes-3800-merle-hay-rd-spc-500a/hQhhnYS9SYG5wAIvRlV0SQ,windsor-heights-iowa
https://www.ubereats.com/des-moines/food-delivery/paradise-indian-cuisine/LxNp9_rYQSaZxX-yIp1ghw,windsor-heights-iowa
https://www.ubereats.com/des-moines/food-delivery/blaze-pizza-6305-mills-civic-pkwy-building-4000-suite-4200/yNBzYIK2RS2hzsLMAJbhZg,windsor-heights-iowa
https://www.ubereats.com/des-moines/food-delivery/creme-cupcake-%2B-dessert/9MQHsM5eRqSrd7DZS4x2Hg,windsor-heights-iowa
https://www.ubereats.com/des-moines/food-delivery/splash-seafood-bar-%26-grill/2PGIvcqjQv2h4RgFC32zGg,windsor-heights-iowa
https://www.ubereats.com/des-moines/food-delivery/wendys-850-east-euclid/syZEUNuUTgikx85R-UxTMw,windsor-heights-iowa
https://www.ubereats.com/des-moines/food-delivery/the-longest-yard/QGPeswk5TL6oGEOrnkSxcw,windsor-heights-iowa
https://www.ubereats.com/des-moines/food-delivery/asian-buffet/8-Sdf9NuQk-vINz_OT4c3A,windsor-heights-iowa
https://www.ubereats.com/des-moines/food-delivery/panda-express-2155-se-delaware-avenue/v2Yh2OMpRHSYLQSJ2yq6Lw,windsor-heights-iowa
https://www.ubereats.com/des-moines/food-delivery/blue-sushi-sake-grill-court-ave/PPjiXXsoQPqmGEUomnO4Lg,windsor-heights-iowa
https://www.ubereats.com/des-moines/food-delivery/mr-falafel-1/yHqgOOtxQ9uqqOMM5JCJ8g,windsor-heights-iowa
https://www.ubereats.com/des-moines/food-delivery/burger-king-2170-north-west-100th-street/g2wRHlX4RGu3pE_DEREUyg,windsor-heights-iowa
https://www.ubereats.com/des-moines/food-delivery/red-lobster-3838-westown-parkway/9HsDoIi0SRi9Yj2dSifgFA,windsor-heights-iowa
https://www.ubereats.com/des-moines/food-delivery/famous-daves-1720-22nd-st/Baap7cysR0CJ1gBi9W01Pw,windsor-heights-iowa
https://www.ubereats.com/des-moines/food-delivery/subway-3605-merle-hay-rd/ZmSk4lGqTamNSZ1HWL3nrA,windsor-heights-iowa
https://www.ubereats.com/des-moines/food-delivery/village-inn-2300-university-avenue/hzRRiieiSlKtRIRh0N1jRA,windsor-heights-iowa
https://www.ubereats.com/des-moines/food-delivery/jersey-mikes-4117-merle-hay-road/sgjvQfiGTMaCUH3_VSuZbA,windsor-heights-iowa
https://www.ubereats.com/des-moines/food-delivery/jersey-mikes-12851-university-ave/ifvkcqm5QriEAFGRYm5reA,windsor-heights-iowa
https://www.ubereats.com/des-moines/food-delivery/nicks/M09mNcAjRVWW3yiAiVFJdw,windsor-heights-iowa
https://www.ubereats.com/des-moines/food-delivery/jethros-bbq-the-original/Faec2DwxQI-zddq9GJsrcg,windsor-heights-iowa
https://www.ubereats.com/des-moines/food-delivery/house-of-hunan/18rWkCmbTX6qmA38hxUtew,windsor-heights-iowa
https://www.ubereats.com/des-moines/food-delivery/el-rincon-catracho-2/hsrzGNTiS22C72BT2oMMBA,windsor-heights-iowa
https://www.ubereats.com/des-moines/food-delivery/captain-roys/W_tEYMkCSNmp4MnCUwaLRA,windsor-heights-iowa
https://www.ubereats.com/des-moines/food-delivery/burger-king-1107-73rd-street/VEGESHxaSnmbhLOWXevVbw,windsor-heights-iowa
https://www.ubereats.com/des-moines/food-delivery/main-street-cafe-%26-bakery-des-moines/OWrBXvSWQoqQdyvUnKmHQw,windsor-heights-iowa
https://www.ubereats.com/des-moines/food-delivery/el-patio-mexican-restaurant/AoTbqofNSlKZqAVEa5SPgA,windsor-heights-iowa
https://www.ubereats.com/des-moines/food-delivery/chuchu-lucos-mas-que-una-botana/BkvJUjTtTXW--5X8FlQBqA,windsor-heights-iowa
https://www.ubereats.com/des-moines/food-delivery/arbys-4920-86th-st/N_tcWUqLQZGssuY2FCc90w,windsor-heights-iowa
https://www.ubereats.com/des-moines/food-delivery/cactus-tacos-ingersoll-%26-24th-st/eIBrpCYSSwiWbwolOE-Q3Q,windsor-heights-iowa
https://www.ubereats.com/des-moines/food-delivery/abelardos-mexican-fresh-douglas-%26-56th-st/s97UUgwVS7mR0kLGdQJZhA,windsor-heights-iowa
https://www.ubereats.com/des-moines/food-delivery/pancheros-mexican-grill-2310-se-delaware-ave/eyZXl-vJS9iTFZFZgho1SQ,windsor-heights-iowa
https://www.ubereats.com/des-moines/food-delivery/range-grill-and-golf/3ifP0SN_QgmJ_livTtl0XA,windsor-heights-iowa
https://www.ubereats.com/des-moines/food-delivery/perkins-restaurant-west-des-moines/71fyvUiITFW7MOXGCNRd3A,windsor-heights-iowa
https://www.ubereats.com/des-moines/food-delivery/palmers-deli-%26-market-ingersoll-ave/KtC4dROdQpKQEGvqRi251g,windsor-heights-iowa
https://www.ubereats.com/des-moines/food-delivery/subway-5500-merle-hay-rd-ste-a/wmg6LV5bTmik8ooHqwTRfA,windsor-heights-iowa
https://www.ubereats.com/des-moines/food-delivery/grumpy-goat-tavern-mills-civic-%26-stagecoach/4Xu0urDlQcGQh7ZtrXtv-A,windsor-heights-iowa
https://www.ubereats.com/des-moines/food-delivery/quintons-bar-and-deli/RuOFqzjeSoCWpXyRh_Kocw,windsor-heights-iowa
https://www.ubereats.com/des-moines/food-delivery/the-other-place-clive/6ukfNNfVRkSyBZ6LhxEp6Q,windsor-heights-iowa
https://www.ubereats.com/des-moines/food-delivery/taste-of-new-york-johnston/0pupBzL5QxSHAwBlk_DOPw,windsor-heights-iowa
https://www.ubereats.com/des-moines/food-delivery/taco-johns-5824-douglas-ave/mI-tZ7DVRcC-H7i4i45s1Q,windsor-heights-iowa
https://www.ubereats.com/des-moines/food-delivery/smashburger-1821-22nd-st/-LaQPLdoQkSQpNEFW8AuIQ,windsor-heights-iowa
https://www.ubereats.com/des-moines/food-delivery/el-original-mexico-lindo/V4RgTh_1QTiVU41Z21x6-g,windsor-heights-iowa
https://www.ubereats.com/des-moines/food-delivery/nacho-tequilas/b_uEmVjDTuGrOC7PmxLljg,windsor-heights-iowa
https://www.ubereats.com/des-moines/food-delivery/java-joes-coffee-house-douglas-ave/ptuPSk96TNCSUd_2XsP2IA,windsor-heights-iowa
https://www.ubereats.com/des-moines/food-delivery/bakers-square-1310-northwest-114th-street/ojLdNfIfSMGkO34wAtFQGQ,windsor-heights-iowa
https://www.ubereats.com/des-moines/food-delivery/taco-johns-2600-ingersoll-avenue/WlUv1ZRqQdOHCWeBn30rZg,windsor-heights-iowa
https://www.ubereats.com/des-moines/food-delivery/tamales-industry/m7X32yJYRXmTuqDIKty_zA,windsor-heights-iowa
https://www.ubereats.com/des-moines/food-delivery/starbucks-urbandale-86th-%26-northpark-dr/wK3TKwkJTUafPbrVQ56IgA,windsor-heights-iowa
https://www.ubereats.com/des-moines/food-delivery/karams-grill-food-truck/vTwXUVqxRduFerb8tQY2Zg,windsor-heights-iowa
https://www.ubereats.com/des-moines/food-delivery/starbucks-73rd-%26-buffalo/nHC7p7Y8ScSinGcIvxvKfw,windsor-heights-iowa
https://www.ubereats.com/des-moines/food-delivery/perkins-restaurant-des-moines-iv-hickman-rd/UJCODs8PQMO73jBmthuorg,windsor-heights-iowa
https://www.ubereats.com/des-moines/food-delivery/chick-fil-a-4040-merle-hay-rd/8Od4KUkgQqmlYdsturCR6A,windsor-heights-iowa
https://www.ubereats.com/des-moines/food-delivery/whiskey-river-ankeny/Pbvkpl6kS0uVxBURlS-wvw,windsor-heights-iowa
https://www.ubereats.com/des-moines/food-delivery/mcdonalds-4825-merle-hay-rd/Rd8B8AkXQemGs4WpqLCUdw,windsor-heights-iowa
https://www.ubereats.com/des-moines/food-delivery/pie-five-pizza/lId1sXteQaOsLaaJoRVrPg,windsor-heights-iowa
https://www.ubereats.com/des-moines/food-delivery/hickman-pub-and-grill/2WDDpCJsQNKqTNmg25QQgQ,windsor-heights-iowa
https://www.ubereats.com/des-moines/food-delivery/huhot-mongolian-grill-4100-university-ave-ste-101-104/Wd5jUOHCTQy3XkOAM6bY_Q,windsor-heights-iowa
https://www.ubereats.com/des-moines/food-delivery/popcorn-heaven/avXYtJfgS2-UcOU9oDPk7Q,windsor-heights-iowa
https://www.ubereats.com/des-moines/food-delivery/buffet-city/ttkkuyMESgejp5BXZ8TCvw,windsor-heights-iowa
https://www.ubereats.com/des-moines/food-delivery/dunkin-1301-8th-st/PNO7-ZtbRW25KnJbrFBQSw,windsor-heights-iowa
https://www.ubereats.com/des-moines/food-delivery/subway-1315-31st-st/AUmSlkTrRayH7ZxYEQTiOQ,windsor-heights-iowa
https://www.ubereats.com/des-moines/food-delivery/taco-johns-2727-sw-9th-st/9O7OzlQ3RWWZNtfrCxlEqA,windsor-heights-iowa
https://www.ubereats.com/des-moines/food-delivery/panda-express-3640-8th-st-sw/8am2n8C0QPudf5MOJbRPEQ,windsor-heights-iowa
https://www.ubereats.com/des-moines/food-delivery/main-street-cafe-%26-bakery-ankeny/UtDiNkS9REqZC5mBc5a9_Q,windsor-heights-iowa
https://www.ubereats.com/des-moines/food-delivery/pizza-ranch-201-se-oralabor-road/7IPcrYSHRQGr-vcIX4KXuw,windsor-heights-iowa
https://www.ubereats.com/des-moines/food-delivery/iowa-taproom/srVSAtq_QYy7Wnzi7WQK0A,windsor-heights-iowa
https://www.ubereats.com/des-moines/food-delivery/wendys-225-grand-avenue/mUIExvFARHKD1T1I--zFQg,windsor-heights-iowa
https://www.ubereats.com/des-moines/food-delivery/elixir-pub-%26-grub/57Lq2obSTgWU-9ecvXTgnA,windsor-heights-iowa
https://www.ubereats.com/des-moines/food-delivery/starbucks-fleur-%26-stanton/owyjqFrBTtCGJqAtNLrKJw,windsor-heights-iowa
https://www.ubereats.com/des-moines/food-delivery/arbys-6300-se-14th-st/ccts0SCJSwmAubHkf8fmHw,windsor-heights-iowa
https://www.ubereats.com/des-moines/food-delivery/3-sons-bar-%26-grill/e_LgcJUhTNaY3zbjDdoc0g,windsor-heights-iowa
https://www.ubereats.com/des-moines/food-delivery/wasabi-waukee/hcvEcaqIR2Cgg-Mg9yS3lg,windsor-heights-iowa
https://www.ubereats.com/des-moines/food-delivery/on-the-border-jordan-creek/Kqj06W-nRnOFOVh_X_Mc2w,windsor-heights-iowa
https://www.ubereats.com/des-moines/food-delivery/panera-2839-nw-86th-street/EuRz7YxhRC6Dpx_Bhfg9Iw,windsor-heights-iowa
https://www.ubereats.com/des-moines/food-delivery/saison-kitchen-%2B-pub/SbDrZhnZRkyi2zJvLfbUqg,windsor-heights-iowa
https://www.ubereats.com/des-moines/food-delivery/arbys-1700-west-22nd-st/vpsli--sQ5Og7T3jrGVXkw,windsor-heights-iowa
https://www.ubereats.com/des-moines/food-delivery/panda-express-6495-mills-civic-parkway/yIoygYGzSyaptF-xaB22DA,windsor-heights-iowa
https://www.ubereats.com/des-moines/food-delivery/noodles-%26-company-6630-mills-civic-pkwy-ste-6110/kYjJoLC1T663xIPyKP6d3Q,windsor-heights-iowa
https://www.ubereats.com/des-moines/food-delivery/panda-express-1580-valley-west-drive/Yf7xkYi7QNawNhzc55ZtJQ,windsor-heights-iowa
https://www.ubereats.com/des-moines/food-delivery/the-beerhouse/Xon9pwHVS5-IWKpAYeQaFA,windsor-heights-iowa
https://www.ubereats.com/des-moines/food-delivery/blaze-pizza-300-w-martin-luther-king-jr-pkwy/QqyijFeISUGK1cPJspWcxg,windsor-heights-iowa
https://www.ubereats.com/des-moines/food-delivery/arbys-vista-dr/Ba-R3yEXSHmJjjsdq8d2bw,windsor-heights-iowa
https://www.ubereats.com/des-moines/food-delivery/pickermans-soup-%26-sandwich/bj5VPERkTjm4mXrznrgpZg,windsor-heights-iowa
https://www.ubereats.com/des-moines/food-delivery/jethros-bbq-n-pork-chop-grill/2BrzAI9dT-StJ6r6aRu8Eg,windsor-heights-iowa
https://www.ubereats.com/des-moines/food-delivery/sam-%26-louies-italian-restaurant-and-new-york-pizza-urbandale/QEtNeepnRvy9oLuwOjFlCA,windsor-heights-iowa
https://www.ubereats.com/des-moines/food-delivery/la-tropicana-restaurant/ZWKXjCiITuy5MhBUt1ba3Q,windsor-heights-iowa
https://www.ubereats.com/des-moines/food-delivery/pancheros-mexican-grill-3265-100th-st/Jb_ubJWPSCuWHuS8-awV-A,windsor-heights-iowa
https://www.ubereats.com/des-moines/food-delivery/chipotle-mexican-grill-1551-valley-west-dr-ste-224/hfNFy7ADQEOiJ2epn71lXw,windsor-heights-iowa
https://www.ubereats.com/des-moines/food-delivery/noodles-%26-company-2105-ingersoll-ave/VEuUCe0uThuyQSUKyjxYQg,windsor-heights-iowa
https://www.ubereats.com/des-moines/food-delivery/beerstyles-taproom-%26-gastropub/iP9wcsPRTduftsjV8Tt_qw,windsor-heights-iowa
https://www.ubereats.com/des-moines/food-delivery/kfc-taco-bell-2517-hubbell-avenue/UYw6XM_xRVWq17zeoZmWbA,windsor-heights-iowa
https://www.ubereats.com/des-moines/food-delivery/long-john-silvers-7421-douglas-ave/dwKrXqYNQxOoC0381i2vfg,windsor-heights-iowa
https://www.ubereats.com/des-moines/food-delivery/charleys-philly-steaks-jordan-creek-town-center/8N1BWLuLRWqiyBN-aM8wwg,windsor-heights-iowa
https://www.ubereats.com/des-moines/food-delivery/bernardos-burritos/EpJk9eNrT3qk5tznCYnnTw,windsor-heights-iowa
https://www.ubereats.com/des-moines/food-delivery/royal-mile/llHPkjlOQ5OIKwKtm2Peog,windsor-heights-iowa
https://www.ubereats.com/des-moines/food-delivery/dinos-bar-and-grill/B557j6K4T7-Wbd7qe4_pYQ,windsor-heights-iowa
https://www.ubereats.com/des-moines/food-delivery/potbelly-sandwich-shop-6305-mills-civic-pkwy-bld-4000-w/aHxHQZtMSAWgllMeLqEXCw,windsor-heights-iowa
https://www.ubereats.com/des-moines/food-delivery/lacocina/plD2Es8DTvy2tNIXTPa4kw,windsor-heights-iowa
https://www.ubereats.com/des-moines/food-delivery/bar-louie-jordan-creek/NGkdhDqXQ2GoI6TPpa1C8A,windsor-heights-iowa
https://www.ubereats.com/des-moines/food-delivery/china-cafe/M1JMNNgeTWSl40drOb0_OA,windsor-heights-iowa
https://www.ubereats.com/des-moines/food-delivery/totally-rolled-ice-cream/ZTccl0kJTqmZ_aJPss2YMA,windsor-heights-iowa
https://www.ubereats.com/des-moines/food-delivery/abelardos-mexican-food-14th-st-des-moines-ia/6c85mtVtTpiVk9R6d9tFWA,windsor-heights-iowa
https://www.ubereats.com/des-moines/food-delivery/mcdonalds-22nd-st-%26-westown/VPWpHcKuQMW7z4WP80QZkQ,windsor-heights-iowa
https://www.ubereats.com/des-moines/food-delivery/teriyaki-boys/qEhJguVCTDS6wqKZRkQfSQ,windsor-heights-iowa
https://www.ubereats.com/des-moines/food-delivery/wasabi-ankeny/N9Lco4NKSRmjoY_XFQgEUg,windsor-heights-iowa
https://www.ubereats.com/des-moines/food-delivery/big-city-burgers-and-greens-des-moines/5ympxqwTSgGvmecFqInmLA,windsor-heights-iowa
https://www.ubereats.com/des-moines/food-delivery/roadside-tacos/t_ma6qOIQ-6Uav2o8kukUQ,windsor-heights-iowa
https://www.ubereats.com/des-moines/food-delivery/coaches-kolaches/tSlMJFxyTKudM7mpLWHSWA,windsor-heights-iowa
https://www.ubereats.com/des-moines/food-delivery/rolling-wok-asian-cuisine-%26-pho/tkleE--pTumQKfWkTt9suA,windsor-heights-iowa
https://www.ubereats.com/des-moines/food-delivery/kfc-4815-southwest-9th-street/fai09p3ERyi3aRfwQ1B5Uw,windsor-heights-iowa
https://www.ubereats.com/des-moines/food-delivery/pallys-bar-%26-grille/gVgai16gRTiXhSnoOGBofQ,windsor-heights-iowa
https://www.ubereats.com/des-moines/food-delivery/burger-king-4600-fleur-dr/HPg8MiZrTs2jQ5NAmK5K6w,windsor-heights-iowa
https://www.ubereats.com/des-moines/food-delivery/hessen-haus/8Jx2VCZ5TZ2PEIfZuaPp_w,windsor-heights-iowa
https://www.ubereats.com/des-moines/food-delivery/cool-basil/gqSfyzTtSjSEqRKbyeAQeA,windsor-heights-iowa
https://www.ubereats.com/des-moines/food-delivery/burger-king-205-university-avenue/p3ca_OdZTnqdcBlhgtNRZg,windsor-heights-iowa
https://www.ubereats.com/des-moines/food-delivery/wasabi-chi/Ug0B8bC5QIGakZJ01DCMpQ,windsor-heights-iowa
https://www.ubereats.com/des-moines/food-delivery/blaze-pizza-1551-valley-west-drive/c0GQGfMJQ3GZzjKzkv6y8g,windsor-heights-iowa
https://www.ubereats.com/des-moines/food-delivery/sweetwaters-coffee-%26-tea%3A-jordan-creek/pNjXeWwJRsGTdbl_Vk_oiQ,windsor-heights-iowa
https://www.ubereats.com/des-moines/food-delivery/dairy-queen-treat-valley-west-mall-1551-35th/bdnQYvAASoqSxn_4lFpfJw,windsor-heights-iowa
https://www.ubereats.com/des-moines/food-delivery/paleteria-la-michoacana/eFqfUmmHRYuxCnmM9z6JTA,windsor-heights-iowa
https://www.ubereats.com/des-moines/food-delivery/nans-nummies-cookie-shoppe/8TlOLp15RhSNzvt5fdfb8Q,windsor-heights-iowa
https://www.ubereats.com/des-moines/food-delivery/applebees-3900-merle-hay-road/mJqMticQRRmodQsJnJsclw,windsor-heights-iowa
https://www.ubereats.com/des-moines/food-delivery/chipotle-mexican-grill-3737-merle-hay-rd-ste-100/vfb2bS8fR6SK5nAISgokEQ,windsor-heights-iowa
https://www.ubereats.com/des-moines/food-delivery/teriyaki-house/1MJB7bReSHuHhj8oAxNqLw,windsor-heights-iowa
https://www.ubereats.com/des-moines/food-delivery/hungry-boyz/HZ4ICbVDRQmIKyQPGGaGSw,windsor-heights-iowa
https://www.ubereats.com/des-moines/food-delivery/starbucks-10th-%26-locust-des-moines/RLpoawTXRdKkU64X3kzb4g,windsor-heights-iowa
https://www.ubereats.com/des-moines/food-delivery/banana-leaf/tBorHeb0SD2bmpgPzEw_Ug,windsor-heights-iowa
https://www.ubereats.com/des-moines/food-delivery/saints-pub-%2B-patio-beaverdale/it_Fy9LjTAOyE6nz51V2dQ,windsor-heights-iowa
https://www.ubereats.com/des-moines/food-delivery/qdoba-2105-ingersoll-ave/4OqZiGZ9QbGSWBpdhXZ5BQ,windsor-heights-iowa
https://www.ubereats.com/des-moines/food-delivery/mcdonalds-745-south-51st-street/-cBzoPl_SoGIJb2La3DV8Q,windsor-heights-iowa
https://www.ubereats.com/des-moines/food-delivery/samurai-sushi-%26-hibachi/Fa9c47CwRQaWLzps9X5umQ,windsor-heights-iowa
https://www.ubereats.com/des-moines/food-delivery/mcdonalds-grand-%26-62nd-st/PZHgPB4kSi6IfYRDqRTjiA,windsor-heights-iowa
https://www.ubereats.com/des-moines/food-delivery/arbys-3553-8th-st-sw/0yuDgXxmSU-l2Gn4CnPWbA,windsor-heights-iowa
https://www.ubereats.com/des-moines/food-delivery/spicepot-restaurants/C4NEK687Qs-83mre7_e6FA,windsor-heights-iowa
https://www.ubereats.com/des-moines/food-delivery/jj-jasmine-thai-cusine/CmJOlfRsTo2LaLMslvD5bA,windsor-heights-iowa
https://www.ubereats.com/des-moines/food-delivery/dunkin-1220-e-14th-st/W5t_yLIaRde1abxoNNat_Q,windsor-heights-iowa
https://www.ubereats.com/des-moines/food-delivery/laughing-crab/rEqS7YiLQtG7MATlBlYT6Q,windsor-heights-iowa
https://www.ubereats.com/des-moines/food-delivery/subway-3030-ingersoll-ave/rQzU-0j_SZ2zN62f8sCYKA,windsor-heights-iowa
https://www.ubereats.com/des-moines/food-delivery/mcdonalds-2540-e-university-ave/we3E-xUHShOGiVheO15Z-w,windsor-heights-iowa
https://www.ubereats.com/des-moines/food-delivery/the-chicken-coop-sports-bar-%26-grill/pUk5QnawTEKwAh0Ag12WXg,windsor-heights-iowa
https://www.ubereats.com/des-moines/food-delivery/open-sesame/psf-4rFTQ66p7rwIZDRWFQ,windsor-heights-iowa
https://www.ubereats.com/des-moines/food-delivery/mcdonalds-euclid-%26-14th-st/sSDHpFImT4eDy_Ww35jrgg,windsor-heights-iowa
https://www.ubereats.com/des-moines/food-delivery/pancheros-mexican-grill-165-s-jordan-creek-pkwy/gUVt1eC6TOK9RiL2P4HT0w,windsor-heights-iowa
https://www.ubereats.com/des-moines/food-delivery/panda-express-3850-merle-hay-rd/C58dQxiPQj-YzNw1Up-BGg,windsor-heights-iowa
https://www.ubereats.com/des-moines/food-delivery/outback-steakhouse-10901-university-avenue/ibkwq2ARRpqVZzGyOHynng,windsor-heights-iowa
https://www.ubereats.com/des-moines/food-delivery/perkins-restaurant-des-moines-iii-merle-hay-rd/GZsrGpH6RWylXpKHHvQVmA,windsor-heights-iowa
https://www.ubereats.com/des-moines/food-delivery/outback-steakhouse-2410-southeast-tones-drive/W39H-mx9RZiYbUEinLei-g,windsor-heights-iowa
https://www.ubereats.com/des-moines/food-delivery/chipotle-mexican-grill-2125-se-delaware-ave/Bvlpv01NQC2YKB66ys7UsA,windsor-heights-iowa
https://www.ubereats.com/des-moines/food-delivery/fazolis-4800-se-14th-street/dLky03KLT2qZhc5OORyC3A,windsor-heights-iowa
https://www.ubereats.com/des-moines/food-delivery/7601-bonefish-grill-650-s-prairie-view-dr/QNbum41TSRCBpQFLat-MAQ,windsor-heights-iowa
https://www.ubereats.com/des-moines/food-delivery/perkins-restaurant-%26-bakery-714-se-oralabor-rd/TWCDET1dRN6u9qlhzJCJuA,windsor-heights-iowa
https://www.ubereats.com/des-moines/food-delivery/caribou-coffee-3220-ingersoll-avenue/sOvfjxTVTXynryJeCwk0KQ,windsor-heights-iowa
https://www.ubereats.com/des-moines/food-delivery/tsing-tsao-chinese-fast-food/hn0b7ULoTlSxG6iysjCm5A,windsor-heights-iowa
https://www.ubereats.com/des-moines/food-delivery/the-station-on-ingersoll/Y7OSEkL2RQyd7IOMnQ4vwA,windsor-heights-iowa
https://www.ubereats.com/des-moines/food-delivery/taste-of-new-york-pizza/95FtvL1MSXm8R7ofHwd9Yg,windsor-heights-iowa
https://www.ubereats.com/des-moines/food-delivery/burger-king-8550-birchwood-court/GYgfpl9qTzOP472C0MpsKQ,windsor-heights-iowa
https://www.ubereats.com/des-moines/food-delivery/ihop-2402-se-delaware-ave/F00RCEphSPmVgNiXnqpoHw,windsor-heights-iowa
https://www.ubereats.com/des-moines/food-delivery/pancheros-mexican-grill-3580-8th-st-sw/31UaBapWS4aAhiK-Kqn-zw,windsor-heights-iowa
https://www.ubereats.com/des-moines/food-delivery/taco-bell-640-southwest-9th-st/9JFU69iZS5O3PLeDZ4pG6w,windsor-heights-iowa
https://www.ubereats.com/des-moines/food-delivery/teds-coney-island/gSZhaFsUQiG1yTaSYCJaZQ,windsor-heights-iowa
https://www.ubereats.com/des-moines/food-delivery/eat-thai-thai-eatery/HyhLmm2IQBGhM-gOLO9aMQ,windsor-heights-iowa
https://www.ubereats.com/des-moines/food-delivery/wendys-4935-merle-hay-road/xOE1nJr9RkeLMRbQefer6w,windsor-heights-iowa
https://www.ubereats.com/des-moines/food-delivery/amaravati-indian-cuisine/96jx68UFRC6DERj9b8bGuw,windsor-heights-iowa
https://www.ubereats.com/des-moines/food-delivery/long-john-silvers-3006-se-14th-street/fY0T9m8lTlKY2bXhrY0nAg,windsor-heights-iowa
https://www.ubereats.com/des-moines/food-delivery/jethros-bbq-southside/0f4VRYPKRxit6YTS89CToA,windsor-heights-iowa
https://www.ubereats.com/des-moines/food-delivery/persis-biryani-indian-grill-mills-civic-%26-68th-st/J9eIfSJ8SsGEhWzNREdipA,windsor-heights-iowa
https://www.ubereats.com/des-moines/food-delivery/tacos-la-papa/AGQOsECUTGe4F8DEuPBLig,windsor-heights-iowa
https://www.ubereats.com/des-moines/food-delivery/pancheros-mexican-grill-8759-northpark-ct/Ze4iseobRSiG52HD5Dzawg,windsor-heights-iowa
https://www.ubereats.com/des-moines/food-delivery/sonic-5350-merle-hay-road/8Dgll3TlTgy6XT4e4cnfLw,windsor-heights-iowa
https://www.ubereats.com/des-moines/food-delivery/jethros-bbq-%E2%80%98n-jambalaya/0R-mChb6QUKXee5qbIg8HA,windsor-heights-iowa
https://www.ubereats.com/des-moines/food-delivery/thunderhead-sports-bar-and-grill/UrMfz699TV-oNsNzM3mI8A,windsor-heights-iowa
https://www.ubereats.com/des-moines/food-delivery/dunkin-8950-university-ave/YkTaNY7NQW6uFtIUReAN3A,windsor-heights-iowa
https://www.ubereats.com/des-moines/food-delivery/kathmandu-restaurant/wEutOz0eQuilIV8a4MYJxg,windsor-heights-iowa
https://www.ubereats.com/des-moines/food-delivery/marcos-pizza-7238-university-avenue/H_8EuZmJRdibsSF1gdxiGA,windsor-heights-iowa
https://www.ubereats.com/des-moines/food-delivery/montana-mikes-steakhouse-des-moines/PL9uSNfHTs2pB-YdeTcxvA,windsor-heights-iowa
https://www.ubereats.com/des-moines/food-delivery/sams-sports-bar-%26-grill/pxU6UysVQ0m8u-Mz1T27PQ,windsor-heights-iowa
https://www.ubereats.com/des-moines/food-delivery/ihop-5045-bentley-drive/FzqVsX-KTzOhA0CbVYl-ng,windsor-heights-iowa
https://www.ubereats.com/des-moines/food-delivery/los-laureles/E_S9UaQVS4C-YpunwJaPbA,windsor-heights-iowa
https://www.ubereats.com/des-moines/food-delivery/stus-bbq/Nf7rtZCOSSCZtjvIzaSmFA,windsor-heights-iowa
https://www.ubereats.com/des-moines/food-delivery/wendys-1251-nw-118th-street/Y3oJ27B2T0GbC807nzuXYg,windsor-heights-iowa
https://www.ubereats.com/des-moines/food-delivery/five-guys-ia-0663-455-s-64th-st/65z2SJn9Sm66ELHHzpzLmg,windsor-heights-iowa
https://www.ubereats.com/des-moines/food-delivery/fazolis-3600-merle-hay-road/188uJcL8QSmxY3rv0zhRhQ,windsor-heights-iowa
https://www.ubereats.com/des-moines/food-delivery/abelardos-mexican-des-moines-ia/QIzKvh6ASvqs72csZv_6HA,windsor-heights-iowa
https://www.ubereats.com/des-moines/food-delivery/the-other-place-ankeny/qvgBisG4RyaqKHTfCXIAGA,windsor-heights-iowa
https://www.ubereats.com/des-moines/food-delivery/protein-house-urbandale/99URrNZWTkGCcrr2hdNz-A,windsor-heights-iowa
https://www.ubereats.com/des-moines/food-delivery/grumpy-goat-tavern-50th-st-%26-i-235/r8o1OcGBR_KmCJUs1oXU_g,windsor-heights-iowa
https://www.ubereats.com/des-moines/food-delivery/subway-11054-hickman-rd/1PN5kkVfRHmR4iWS34PPZQ,windsor-heights-iowa
https://www.ubereats.com/des-moines/food-delivery/cactus-tacos/kDa8hO4gScyRMe6EiLiKwQ,windsor-heights-iowa
https://www.ubereats.com/des-moines/food-delivery/auntie-annes-101-jordan-creek-pkwy-ste-%2311014/AqegWPkgRaK9s9C0thmJCg,windsor-heights-iowa
https://www.ubereats.com/des-moines/food-delivery/jethros-bbq-n-bacon-bacon/VuWhHeY_TQ-pYBGK0gmUog,windsor-heights-iowa
https://www.ubereats.com/des-moines/food-delivery/get-fit-grill/sfQrfN-0RumhJ6f0h9NdaQ,windsor-heights-iowa
https://www.ubereats.com/des-moines/food-delivery/sakari-sushi-lounge/SIxvCZ7nStyaEOnxjJvBiQ,windsor-heights-iowa
https://www.ubereats.com/des-moines/food-delivery/gazalis/HlClqeo1S6yZP2WjpGuRVQ,windsor-heights-iowa
https://www.ubereats.com/des-moines/food-delivery/jethros-bbq-n-lakehouse/rHD8ge5URoyV2DV9GBsZuQ,windsor-heights-iowa
https://www.ubereats.com/des-moines/food-delivery/phoenix-asian-restaurant/kAjTOlWQTtWlyNhhzquj8Q,windsor-heights-iowa
https://www.ubereats.com/des-moines/food-delivery/mcdonalds-forest-%26-30th-st/xVKUQEISSvWOFteDKU4Inw,windsor-heights-iowa
https://www.ubereats.com/des-moines/food-delivery/ggs-chicken-%26-waffles/yjT0m50kTmytbq4lKDsURQ,windsor-heights-iowa
https://www.ubereats.com/des-moines/food-delivery/curry-kitchen-corporation/jFlH6NlSTgu0hbKT2oVHNQ,windsor-heights-iowa
https://www.ubereats.com/des-moines/food-delivery/fat-tuesday/3gxI_mDtTeyiYbzGpEUjpw,windsor-heights-iowa
https://www.ubereats.com/des-moines/food-delivery/mcdonalds-1320-jordan-creek-pkwy/I6t4JAmwT7KdEeMxkaye9A,windsor-heights-iowa
https://www.ubereats.com/des-moines/food-delivery/mcdonalds-5494-nw-86th-st/AwLSIytoRsehSD1NT5lMUQ,windsor-heights-iowa
https://www.ubereats.com/des-moines/food-delivery/magees-irish-pub/u9pMaKhTSPeAXVsmwJhJRg,windsor-heights-iowa
https://www.ubereats.com/des-moines/food-delivery/chuck-e-cheese-1431-22nd-st/xXn83YJBTUOvWLR4VnosHw,windsor-heights-iowa
https://www.ubereats.com/des-moines/food-delivery/subway-3350-mlk-pwky/Doh-K1haR8iHD5uG4lk-bQ,windsor-heights-iowa
https://www.ubereats.com/des-moines/food-delivery/starbucks-university-and-36th-clive/ntlw9SahQmiLy9pcvlJApw,windsor-heights-iowa
https://www.ubereats.com/des-moines/food-delivery/perkins-2000-sw-mckinley-ave/nnO8TV1xQgm15JpfGxM9jQ,windsor-heights-iowa
https://www.ubereats.com/des-moines/food-delivery/perkins-restaurant-des-moines-ii-euclid-ave/6JPiElG-TFyjkesMDeComw,windsor-heights-iowa
https://www.ubereats.com/des-moines/food-delivery/taco-johns-7253-vista-drive/bhlHevz5RF2i_ZvjB6sdcQ,windsor-heights-iowa
https://www.ubereats.com/des-moines/food-delivery/papa-murphys-ia035-3418-8th-street-southwest-suite-5/DIBFi86DTo66NaGlxvuREQ,windsor-heights-iowa
https://www.ubereats.com/des-moines/food-delivery/arbys-2919-100th-st/Li6DY9wiQwmJKUkYW3Pcdg,windsor-heights-iowa
https://www.ubereats.com/des-moines/food-delivery/pita-pit-merle-hay-rd/EF-8WvM8RB-DUSgsxJ0i4g,windsor-heights-iowa
https://www.ubereats.com/des-moines/food-delivery/pizza-ranch-4954-86th-street/ohUlkdsVQsqlgp6UxYOQeA,windsor-heights-iowa
https://www.ubereats.com/des-moines/food-delivery/hurts-donut-company-west-des-moines/NpZJ8TBjSFeSjCrVmFGqCw,windsor-heights-iowa
https://www.ubereats.com/des-moines/food-delivery/china-star/Z6Kl0wrjT7ClfwInUkgxJA,windsor-heights-iowa
https://www.ubereats.com/des-moines/food-delivery/dsm-brew-coffee-co/crISA7tUQt2ZQkmksyVDaA,windsor-heights-iowa
https://www.ubereats.com/des-moines/food-delivery/plaza-pub/m-O-IL05S_2QnBCkdlW7Hw,windsor-heights-iowa
https://www.ubereats.com/des-moines/food-delivery/pf-changs-110-s-jordan-creek-pkwy/YnC9UNoPSneJQKZFR5gdfA,windsor-heights-iowa
https://www.ubereats.com/des-moines/food-delivery/call-sol/hfc6FCctTZahDrJCdx7xBQ,windsor-heights-iowa
https://www.ubereats.com/des-moines/food-delivery/tropical-smoothie-cafe-160-jordan-creek-parkway-suite-120/el4XH3QEQBCb-tIMV19t4g,windsor-heights-iowa
https://www.ubereats.com/des-moines/food-delivery/dunkin-4206-merle-hay-rd/C8tKC2XuR2Se7kd4FZFfKw,windsor-heights-iowa
https://www.ubereats.com/des-moines/food-delivery/firehouse-subs-ingersoll/kzHzSfiqSsyVls64-d7JZA,windsor-heights-iowa
https://www.ubereats.com/des-moines/food-delivery/gas-lamp/yvtLlrdxS2iQ6KtssjlD_A,windsor-heights-iowa
https://www.ubereats.com/des-moines/food-delivery/mcdonalds-merle-hay-%26-douglas/yadwtEuRTpaEnvcTlH298A,windsor-heights-iowa
https://www.ubereats.com/des-moines/food-delivery/granite-city-food-%26-brewery-clive/4s04LDgHQ-Gw3hFkf9Vurw,windsor-heights-iowa
https://www.ubereats.com/des-moines/food-delivery/3b-grill/VvAy7js2QO2kz-ehnzxNog,windsor-heights-iowa
https://www.ubereats.com/des-moines/food-delivery/krispy-kreme-1880-n-w-86th-street/O-g0mlDqRcuMd49W0Jhn8w,windsor-heights-iowa
https://www.ubereats.com/des-moines/food-delivery/cracker-barrel-old-country-store-11701-university-avenue/pYuAxL1VRYSX0NmRr7HOtA,windsor-heights-iowa
https://www.ubereats.com/des-moines/food-delivery/taco-bell-1570-22nd-street/jtMN0stlR7yIG1OxhgCiow,windsor-heights-iowa
https://www.ubereats.com/des-moines/food-delivery/stews-smoke-shack/1HuscNQOSq-yYY755vtw5w,windsor-heights-iowa
https://www.ubereats.com/des-moines/food-delivery/mollys-cupcakes/dsvw2DTsQYqrpzhkB43hjQ,windsor-heights-iowa
https://www.ubereats.com/des-moines/food-delivery/over-the-top/0HGRhLStTnSyaHJald91eA,windsor-heights-iowa
https://www.ubereats.com/des-moines/food-delivery/taco-johns-101-jordan-creek-parkway/jVOWuERKRCW1DVxDmrpl9Q,windsor-heights-iowa
https://www.ubereats.com/des-moines/food-delivery/huhot-mongolian-grill-2310-se-delaware-ave/f87GRm_QRVCDII12bK1kEQ,windsor-heights-iowa
https://www.ubereats.com/des-moines/food-delivery/kfc-4005-merle-hay-road/HyGkR9ZOS3yX0yhshCLSwA,windsor-heights-iowa
https://www.ubereats.com/des-moines/food-delivery/ruby-tuesday-4900-86th-street/TOiKHigXSoS13JPndQTKeQ,windsor-heights-iowa
https://www.ubereats.com/des-moines/food-delivery/high-life-lounge-el-bait-shop/-WzTAlX-TOS5sz3oajEFzA,windsor-heights-iowa
https://www.ubereats.com/des-moines/food-delivery/noodles-%26-company-1551-valley-west-dr/_AIim1LbRB65t6F9QJRFpQ,windsor-heights-iowa
https://www.ubereats.com/des-moines/food-delivery/applebees-6190-mills-civic-parkway/uIH3qggMQZGsnEFOrfDjXA,windsor-heights-iowa
