url,city
https://www.ubereats.com/connecticut/food-delivery/ocho-cafe-hartford/xS8-UUpfSTmH4XDDkmjgLA,windsor-locks-connecticut
https://www.ubereats.com/connecticut/food-delivery/taco-bell-41-prospect-hill-rd/fBuMZ40bSuCsZEKzg8gSBQ,windsor-locks-connecticut
https://www.ubereats.com/connecticut/food-delivery/wendys-90-elm-street/OhHl8qNKRAe_1mr2ydcu-g,windsor-locks-connecticut
https://www.ubereats.com/connecticut/food-delivery/cheeks-chicken-manchester/UyhnwWsVTgOSTOlCaMuCfQ,windsor-locks-connecticut
https://www.ubereats.com/connecticut/food-delivery/menchies-frozen-yogurt-1095-kennedy-rd/4rfxEGx9RjKh6V23uXHRhw,windsor-locks-connecticut
https://www.ubereats.com/connecticut/food-delivery/macho-taco/j_oh78gjRKCfafhroWfcug,windsor-locks-connecticut
https://www.ubereats.com/connecticut/food-delivery/dennys-111-elm-st/I1Zb_f9_S5m895nj157RbQ,windsor-locks-connecticut
https://www.ubereats.com/connecticut/food-delivery/five-guys-ct-1046-168-elm-st/JzFiE5boQx-O2xK2bU7BtA,windsor-locks-connecticut
https://www.ubereats.com/connecticut/food-delivery/wingstop-35-talcottville-rd-ste-19b/gH51Yhf0TF65B89XfLqp-w,windsor-locks-connecticut
https://www.ubereats.com/connecticut/food-delivery/the-deli/_BsaXCqrQayVZ92OSYlrVw,windsor-locks-connecticut
https://www.ubereats.com/connecticut/food-delivery/sala-thai-street-food/6kLfE3mMQ42LHX2k0FrvtQ,windsor-locks-connecticut
https://www.ubereats.com/connecticut/food-delivery/market-grille/1QWIJb-LT4ShbhkSEqukRA,windsor-locks-connecticut
https://www.ubereats.com/connecticut/food-delivery/ihop-191-deming-street/eeHX3xmnQzOBbbmfJzwzgA,windsor-locks-connecticut
https://www.ubereats.com/connecticut/food-delivery/burger-king-84-ella-grasso-turnpike/4__wbkaVQsq5P5X3wRNMog,windsor-locks-connecticut
https://www.ubereats.com/connecticut/food-delivery/valentis-resterount/uRs6oah2QquHhHnpEDv4qg,windsor-locks-connecticut
https://www.ubereats.com/connecticut/food-delivery/between-rounds-bagel-%26-deli/h3VVTP0DSyyFCaeAxzRTXw,windsor-locks-connecticut
https://www.ubereats.com/connecticut/food-delivery/taco-bell-18-hazard-ave/QyQdXWQYRBCgXqindUI5eg,windsor-locks-connecticut
https://www.ubereats.com/connecticut/food-delivery/burger-king-172-bridge-street/oLyHEAWLThmdbdlgYMqMlw,windsor-locks-connecticut
https://www.ubereats.com/connecticut/food-delivery/chosen-1-seafood/S-KCa3KlT4uUMRSDmQyfkQ,windsor-locks-connecticut
https://www.ubereats.com/connecticut/food-delivery/paradise-biryani-indian-cuisine/3iXHqVriSKGfIkK1vXuFnA,windsor-locks-connecticut
https://www.ubereats.com/connecticut/food-delivery/sheas-pizzeria-and-sports-bar/SMtyxEs9T3OkBEiGPbXc_A,windsor-locks-connecticut
https://www.ubereats.com/connecticut/food-delivery/subway-645-poquonock-ave/yvcxO9KATdqu-2kfJLc1yA,windsor-locks-connecticut
https://www.ubereats.com/connecticut/food-delivery/bears-smokehouse-barbecue-windsor/E3m4xKKCR_GLDCcgAW5FKg,windsor-locks-connecticut
https://www.ubereats.com/connecticut/food-delivery/ruby-tuesday-101-ella-grasso-turnpike/va8otzC0RDqfBave1JybSw,windsor-locks-connecticut
https://www.ubereats.com/connecticut/food-delivery/mill-on-the-river/t1_8jWrYSemTl9AreAyeLQ,windsor-locks-connecticut
https://www.ubereats.com/connecticut/food-delivery/bears-smokehouse-hartford/Gi8qKdM4Rr6IGrQ5aNA3xQ,windsor-locks-connecticut
https://www.ubereats.com/connecticut/food-delivery/pauls-ranch-house-and-pizza/cr6r__nqSBevYRZ4-A8iLg,windsor-locks-connecticut
https://www.ubereats.com/connecticut/food-delivery/wood-n-tap-vernon/MMdDworsQMm1kYg5Aj50cg,windsor-locks-connecticut
https://www.ubereats.com/connecticut/food-delivery/train-wreck-tap-room/8ipfr1_qSJCaeQ1zOKo2Vg,windsor-locks-connecticut
https://www.ubereats.com/connecticut/food-delivery/izumi-japanese-steak-house-%26-sushi-bar/aQKWSpKoSmON32C4MwV9Gg,windsor-locks-connecticut
https://www.ubereats.com/connecticut/food-delivery/blimpie-1001-day-hill-rd/PcYyPJU-SDeDybh7MQxntg,windsor-locks-connecticut
https://www.ubereats.com/connecticut/food-delivery/giovannis-pizza-restaurant/qaYuxOe8TpmrTJ87odMpaQ,windsor-locks-connecticut
https://www.ubereats.com/connecticut/food-delivery/tgi-fridays-693-manchester-ct/xqtcWcqXQWWKAhfAZfPd3Q,windsor-locks-connecticut
https://www.ubereats.com/connecticut/food-delivery/cindys/GEuS8WaOS7GAN6O7sUIhSA,windsor-locks-connecticut
https://www.ubereats.com/connecticut/food-delivery/windsor-locks-diner/h7Vj6AdsSA23j8qlJoWOcg,windsor-locks-connecticut
https://www.ubereats.com/connecticut/food-delivery/michael-johns-pizza/s8Vh8g8fRRu_Ufeutl96KA,windsor-locks-connecticut
https://www.ubereats.com/connecticut/food-delivery/kfc-328-hartford-turnpike/HSdYBCUFRV6A2BUzzaTX_A,windsor-locks-connecticut
https://www.ubereats.com/connecticut/food-delivery/noodles-%26-company-n-main-st-%26-albany-ave/A6fOCsi3SWyQ5Z88CXLmYA,windsor-locks-connecticut
https://www.ubereats.com/connecticut/food-delivery/yosi-kitchen/9RFfbruqRre0XN_uYmxrcQ,windsor-locks-connecticut
https://www.ubereats.com/connecticut/food-delivery/friendlys-94-elm-st/STNzj4csQYC8XO0JPPceyA,windsor-locks-connecticut
https://www.ubereats.com/connecticut/food-delivery/wendys-81-ella-grasso-turnpike/BlvBaFUKRtKaj1C30CjXMw,windsor-locks-connecticut
https://www.ubereats.com/connecticut/food-delivery/sonic-90-buckland-street/myFuCMDpQlCzIHoeoqkLiw,windsor-locks-connecticut
https://www.ubereats.com/connecticut/food-delivery/bradley-best-pizza/X2PMcdDRQOOWdrwe3Ph87Q,windsor-locks-connecticut
https://www.ubereats.com/connecticut/food-delivery/moes-southwest-grill-25-hazard-aveune/SPONJZESQcKkogk2cxPmbA,windsor-locks-connecticut
https://www.ubereats.com/connecticut/food-delivery/krispy-krunchy-chicken-110-main-street/Vg-zgAZTTnuOYNR5ZjXnbA,windsor-locks-connecticut
https://www.ubereats.com/connecticut/food-delivery/kaptain-jimmys/wjNUcsbWQaqsW8CcigPVwg,windsor-locks-connecticut
https://www.ubereats.com/connecticut/food-delivery/karobean-kitchen/IIGbuGZ-Ru2p68fFhATk1Q,windsor-locks-connecticut
https://www.ubereats.com/connecticut/food-delivery/noodles-%26-company-manchester-1442-pleasant-valley-road/FOuVKpTJSq6fQpJa0IAJAw,windsor-locks-connecticut
https://www.ubereats.com/connecticut/food-delivery/koma/cPXLEcu8RROr1ElaOV0_LQ,windsor-locks-connecticut
https://www.ubereats.com/connecticut/food-delivery/kumars-connecticut/1OQd1NP9TDGDrKxwnyQF1A,windsor-locks-connecticut
https://www.ubereats.com/connecticut/food-delivery/taco-bell-1524-pleasant-valley-rd/DS5CEdYPQP26b34xRZKoIg,windsor-locks-connecticut
https://www.ubereats.com/connecticut/food-delivery/blue-plate-kitchen/99E2mHGoR7iEoe5NE_w0ew,windsor-locks-connecticut
https://www.ubereats.com/connecticut/food-delivery/family-pizzeria/Xij9GvNPQHCQi_SZb_ixEg,windsor-locks-connecticut
https://www.ubereats.com/connecticut/food-delivery/dangelo-grilled-sandwiches-12-hazard-ave-rt-190/FyYqWup_QEik8qwtPoIvnQ,windsor-locks-connecticut
https://www.ubereats.com/connecticut/food-delivery/red-robin-174-360-buckland-hills-drive/Mq-Z5aTeR4yIr000tgXAPw,windsor-locks-connecticut
https://www.ubereats.com/connecticut/food-delivery/roosters-chicken-%26-waffles/lBsAkP2KThKbWtvRWnZDrQ,windsor-locks-connecticut
https://www.ubereats.com/connecticut/food-delivery/outback-steakhouse-98-elm-street/6e-runaXQ_msED_avL9vqw,windsor-locks-connecticut
https://www.ubereats.com/connecticut/food-delivery/dunkin-94-main-st/uDcajztcRNWISBp-tqboZw,windsor-locks-connecticut
https://www.ubereats.com/connecticut/food-delivery/taste-of-india/XNjo_B_CRviHR2KiJplmeQ,windsor-locks-connecticut
https://www.ubereats.com/connecticut/food-delivery/dunkin-216-south-main-st/BS7LA_C6QoixIuNOBEuZxg,windsor-locks-connecticut
https://www.ubereats.com/connecticut/food-delivery/joy-bowl-enfield/Mo1NzhwuQUO6K3VHOdM63Q,windsor-locks-connecticut
https://www.ubereats.com/connecticut/food-delivery/dunkin-801-thompsonville-rd/oqWlqnmiRrC9t6lzwv2aFg,windsor-locks-connecticut
https://www.ubereats.com/connecticut/food-delivery/cracker-barrel-old-country-store-145-prospect-hill-rd/gQvhHig0TXaOmAETmPUtoA,windsor-locks-connecticut
https://www.ubereats.com/connecticut/food-delivery/laziz-kitchen/ZEiMwl9uRS6eEcXhyXvdmA,windsor-locks-connecticut
https://www.ubereats.com/connecticut/food-delivery/juiced-up-juice-bar/MKVPvvAjSXeqHEFonig4aw,windsor-locks-connecticut
https://www.ubereats.com/connecticut/food-delivery/carsons-kitchen-llc/sgGN6bMGS0imCOIHjDwMvw,windsor-locks-connecticut
https://www.ubereats.com/connecticut/food-delivery/jays-latin-american-llc/Z2hzFxqjQyGBoFKWEF_LEA,windsor-locks-connecticut
https://www.ubereats.com/connecticut/food-delivery/burgerim-manchester-ct/1BRIly9MQf2GQsid_QbevQ,windsor-locks-connecticut
https://www.ubereats.com/connecticut/food-delivery/jumbo-buffet/Yza_JSnSTNWFZw9wt2Sc9Q,windsor-locks-connecticut
https://www.ubereats.com/connecticut/food-delivery/taste-of-india/epLDThyORQOr2b_zv8lACg,windsor-locks-connecticut
https://www.ubereats.com/connecticut/food-delivery/moes-southwest-grill-30-35-talcottville-road/veuI6LB9Ty25owv8q9yiIw,windsor-locks-connecticut
https://www.ubereats.com/connecticut/food-delivery/peking-chinese-restaurant/fzOhNQ5ZR2qHBKSAQ4l1Rg,windsor-locks-connecticut
https://www.ubereats.com/connecticut/food-delivery/windsor-asian-bistro/yyvECrYATdabyEIVCbo-JA,windsor-locks-connecticut
https://www.ubereats.com/connecticut/food-delivery/elizabeths-bar-and-resturant/El9i7bv9QIOM6cpHvSiY-A,windsor-locks-connecticut
https://www.ubereats.com/connecticut/food-delivery/dunkin-1-thompson-rd/L2ui1kedQGiAI2hsAG99bQ,windsor-locks-connecticut
https://www.ubereats.com/connecticut/food-delivery/five-guys-ct-0595-316-north-main-st/o2Tzxxz1SNypPw3BbGTMwQ,windsor-locks-connecticut
https://www.ubereats.com/connecticut/food-delivery/wei-mei-chinese-restaurant/9YLAjLZNQHq-0Yypsg9ofw,windsor-locks-connecticut
https://www.ubereats.com/connecticut/food-delivery/between-rounds-243-hartford-turnpike/eg1qNnDLTzSOTXAXEWbWnQ,windsor-locks-connecticut
https://www.ubereats.com/connecticut/food-delivery/subway-4-c-national-dr/XFJZWcnGShm3A9TcifX1ZA,windsor-locks-connecticut
https://www.ubereats.com/connecticut/food-delivery/francescos-pizzeria-%26-restaurant/Ga4oBCwMR2Gx9RP66Dz4uw,windsor-locks-connecticut
https://www.ubereats.com/connecticut/food-delivery/second-poquonock-giant-grinder-shop/Tx-QCOd7Th2iCji8vkE0rA,windsor-locks-connecticut
https://www.ubereats.com/connecticut/food-delivery/buffalo-wild-wings-112-buckland-st/NT5rBGFsSnO6Mhg4Tf8BQw,windsor-locks-connecticut
https://www.ubereats.com/connecticut/food-delivery/zoccos-mexican-%26-italian-restaurant/qIW7cC18RwG4Mj0DYBPyvg,windsor-locks-connecticut
https://www.ubereats.com/connecticut/food-delivery/belvedere-of-east-windsor/FZyg-gkpQLGDnXPOh4_IMQ,windsor-locks-connecticut
https://www.ubereats.com/connecticut/food-delivery/taco-bell-129-talcottville-rd/-WX4cUQeTJWokyPYBobpmQ,windsor-locks-connecticut
https://www.ubereats.com/connecticut/food-delivery/the-boss-grill/MFnupoVkQR-cNwgASTg8Bw,windsor-locks-connecticut
https://www.ubereats.com/connecticut/food-delivery/subway-503-windsor-ave/1EkG_St9TcqfD-Zbcx-JFg,windsor-locks-connecticut
https://www.ubereats.com/connecticut/food-delivery/moes-southwest-grill-722-n-main-street/weaKey-oQP2bWyJ9faPteg,windsor-locks-connecticut
https://www.ubereats.com/connecticut/food-delivery/wayback-burger-137-prospect-hill-dr/ruIptrzmSRO72ra0-3Fsew,windsor-locks-connecticut
https://www.ubereats.com/connecticut/food-delivery/kfc-1000-blue-hills-avenue/_yXO6_74Q8qx3R_hAruINQ,windsor-locks-connecticut
https://www.ubereats.com/connecticut/food-delivery/sweet-tooth/zQAYxYZeR6Gra6YBrObvEg,windsor-locks-connecticut
https://www.ubereats.com/connecticut/food-delivery/mcdonalds-windsr-lcks-turn/4WlDdxGGTKmnCrx1gdIWQg,windsor-locks-connecticut
https://www.ubereats.com/connecticut/food-delivery/joey-garlics-manchester/9OyTXsmzSlWL-zAr9K3ZOg,windsor-locks-connecticut
https://www.ubereats.com/connecticut/food-delivery/flavors-of-nawab/ayBK9ArGQo6-mPlnXnypYQ,windsor-locks-connecticut
https://www.ubereats.com/connecticut/food-delivery/airway-restaurant/FeVXU57JS-WRhc38Sbv9ZA,windsor-locks-connecticut
https://www.ubereats.com/connecticut/food-delivery/buffalo-wild-wings-703-poquonock-ave/bt1TgwixQDm5HqKlJw98BA,windsor-locks-connecticut
https://www.ubereats.com/connecticut/food-delivery/addison-cafe/XS172uO2Td2odH0ktzx80w,windsor-locks-connecticut
https://www.ubereats.com/connecticut/food-delivery/bears-smokehouse-express-south-windsor/ru2n4GxiSV2Svx7atxyLeQ,windsor-locks-connecticut
https://www.ubereats.com/connecticut/food-delivery/peoples-choice-talcottville-rd/1_POTH0ATCWgLC8CjpkWcg,windsor-locks-connecticut
https://www.ubereats.com/connecticut/food-delivery/ihop-339-cottage-grove-rd/IjBQlyRVS9SEa-ZxC_T3wA,windsor-locks-connecticut
https://www.ubereats.com/connecticut/food-delivery/taco-bell-86-ella-grasso-turnpike/v9eqWc4IRPqAvNCGU83Tpg,windsor-locks-connecticut
https://www.ubereats.com/connecticut/food-delivery/kobe-asian-bistro/1EaqKqaPT9WTTblXRPVaQA,windsor-locks-connecticut
https://www.ubereats.com/connecticut/food-delivery/dhaba-wala-indian-kitchen/JsBR_YBxRDSiBVT95mQS8Q,windsor-locks-connecticut
https://www.ubereats.com/connecticut/food-delivery/hooters-manchester-1483-pleasant-valley-road/jTpJb3JhRAyrcYHZ79RujA,windsor-locks-connecticut
https://www.ubereats.com/connecticut/food-delivery/sams-food-store/PPdmEHf_TBOHSZZOB-W6PQ,windsor-locks-connecticut
https://www.ubereats.com/connecticut/food-delivery/red-robin-173-15-hazard-avenue/uWqbCqVpRke3_wLnmfKY8A,windsor-locks-connecticut
https://www.ubereats.com/connecticut/food-delivery/oki-asian-bistro/LLXvwLnTSiG98xW7ZNj-4g,windsor-locks-connecticut
https://www.ubereats.com/connecticut/food-delivery/ben-%26-jerrys-south-windsor/MLVaVAUEQD6Jgq9Ko9Mj2A,windsor-locks-connecticut
https://www.ubereats.com/connecticut/food-delivery/dunkin-903-905-blue-hills-ave/uCwEPusbQ2qyjMu-wRJThQ,windsor-locks-connecticut
https://www.ubereats.com/connecticut/food-delivery/tgi-fridays-639-enfield-ct/t3Nq12WFSfa6WhHr78bToA,windsor-locks-connecticut
https://www.ubereats.com/connecticut/food-delivery/dunkin-1298-blue-hills-ave/9T7PLjqyRwqu9O1JwG3ZqQ,windsor-locks-connecticut
https://www.ubereats.com/connecticut/food-delivery/dunkin-465-cottage-grove-rd/Yf4BeFViTCaluxeQmf_nDQ,windsor-locks-connecticut
https://www.ubereats.com/connecticut/food-delivery/chipotle-mexican-grill-7-hazard-ave-unit-a/VRoFW1t5QXSInwbF9Yrzfg,windsor-locks-connecticut
https://www.ubereats.com/connecticut/food-delivery/the-old-country-deli/WdYpezQqRSeCECsDHdYRDg,windsor-locks-connecticut
https://www.ubereats.com/connecticut/food-delivery/mcdonalds-windsor-iii/URn1lJj7S1OojkMqyACCtg,windsor-locks-connecticut
https://www.ubereats.com/connecticut/food-delivery/rasham/6DnYK335RcaPqxOfBSIzxA,windsor-locks-connecticut
https://www.ubereats.com/connecticut/food-delivery/boston-market-417-cottage-grove-rd/XpQ3FmPNSP6Zbb-zwL_P5g,windsor-locks-connecticut
https://www.ubereats.com/connecticut/food-delivery/naatiya-indian-restaurant/sAr5kqaITOef4IFvzdFtgw,windsor-locks-connecticut
https://www.ubereats.com/connecticut/food-delivery/republic-restaurant/KaSDJqxyQ62hw8_VCcqZrA,windsor-locks-connecticut
https://www.ubereats.com/connecticut/food-delivery/charleys-philly-steaks-shops-at-buckland-hills/YJorpTY_Q-Oh8CxwxUluzw,windsor-locks-connecticut
https://www.ubereats.com/connecticut/food-delivery/popeyes-70-ella-grasso-turnpike/xKUQdrVvTAuO9pt4dmXZCw,windsor-locks-connecticut
https://www.ubereats.com/connecticut/food-delivery/moes-southwest-grill-697-poquonock-ave/OvRoj9cvTvShTg9s0X_Jdg,windsor-locks-connecticut
https://www.ubereats.com/connecticut/food-delivery/jersey-mikes-1500-a-pleasant-valley-road/Bi53zgWAQ2qh4yuNOZxFxA,windsor-locks-connecticut
https://www.ubereats.com/connecticut/food-delivery/oakland-pizza/uXgSFKaCQROMqQAdP2_tlg,windsor-locks-connecticut
https://www.ubereats.com/connecticut/food-delivery/benjies-jamaican/bvtFZS_ETnWXJ6wiU-6V4g,windsor-locks-connecticut
https://www.ubereats.com/connecticut/food-delivery/the-captains-boil-101-ella-grasso-turnpike/ModctMOgSvu_qdODgzV3Pg,windsor-locks-connecticut
https://www.ubereats.com/connecticut/food-delivery/friendlys-103-talcottville-rd/lKzX900XSaKEsKimQyPorA,windsor-locks-connecticut
https://www.ubereats.com/connecticut/food-delivery/between-rounds-19-john-fitch-blvd/NYpd2L9NRwG0J-BCbVxzyg,windsor-locks-connecticut
https://www.ubereats.com/connecticut/food-delivery/snelgroves/ZPuZIaX4QOuzU0kVC95UmA,windsor-locks-connecticut
https://www.ubereats.com/connecticut/food-delivery/five-guys-ct-0647-1442-pleasant-valley-rd/KHNiaMfGSZ-N2XuOoGh24g,windsor-locks-connecticut
https://www.ubereats.com/connecticut/food-delivery/poke-city/IdFpNcyhQSyZ1dm2nFEbRw,windsor-locks-connecticut
https://www.ubereats.com/connecticut/food-delivery/friendlys-2-corporate-dr/fgXdO1ZfQi6vpOS2sGDbRw,windsor-locks-connecticut
https://www.ubereats.com/connecticut/food-delivery/chipotle-mexican-grill-48-hale-road/dd-Z6youSDyWtT8QxOG33Q,windsor-locks-connecticut
https://www.ubereats.com/connecticut/food-delivery/dunns-river-jamaican-restaurant/uxbCzLrKRiW3U7erzYazfA,windsor-locks-connecticut
