url,city
https://www.ubereats.com/orlando/food-delivery/bella-italia-ristorante/OTfi25wBQ9mCsD6FlHSjLw,windermere-florida
https://www.ubereats.com/orlando/food-delivery/firehouse-subs-1500-oakley-seaver-dr/XxQY9OfYSzqkN_wH3eLtVw,windermere-florida
https://www.ubereats.com/orlando/food-delivery/arbys-11193-w-colonial-dr/zRRcwlD-RjCXMSRYwgc48Q,windermere-florida
https://www.ubereats.com/orlando/food-delivery/planet-smoothie/OTF-Eu0vTCe-7ZWvuP-mcg,windermere-florida
https://www.ubereats.com/orlando/food-delivery/outback-steakhouse-1625-east-highway-50/C4OUUYcdR-yEycxSNkwY8A,windermere-florida
https://www.ubereats.com/orlando/food-delivery/wendys-13549-w-colonial-dr/MNXSlyytSaaJDtRerQejZw,windermere-florida
https://www.ubereats.com/orlando/food-delivery/spices-%2B-sprinklestm/ihd4vZ0qSyytLeU7ifElcA,windermere-florida
https://www.ubereats.com/orlando/food-delivery/ihop-12400-state-road-535/8OdFnYo_Qi6zklai_vn8bw,windermere-florida
https://www.ubereats.com/orlando/food-delivery/kfc-12195-s-apopka-vineland-road/FOq5BGzAQJONUegFn49k1w,windermere-florida
https://www.ubereats.com/orlando/food-delivery/ihop-7344-w-colonial-dr/u50b-8oMQvGjm2iAPlnMmw,windermere-florida
https://www.ubereats.com/orlando/food-delivery/bella-tuscany-ristorante-italiano/GCGEI27mScGQWtORGvCzdA,windermere-florida
https://www.ubereats.com/orlando/food-delivery/dragonfly-robata-grill-%26-sushi/hGw_kjaYSBCGr6SAuAV1yQ,windermere-florida
https://www.ubereats.com/orlando/food-delivery/the-french-cafe/eZyPIGM-QN2Srb2gIAo_8A,windermere-florida
https://www.ubereats.com/orlando/food-delivery/wendys-10674-w-colonial-dr/zDOkp2gOTGmpYrVVCAmqAQ,windermere-florida
https://www.ubereats.com/orlando/food-delivery/first-watch-west-windermere/fWjTdHHDTlu5xQ4B67MugQ,windermere-florida
https://www.ubereats.com/orlando/food-delivery/pop-love-gelato/1b3GvaLRQUytOn6Wtqjm1Q,windermere-florida
https://www.ubereats.com/orlando/food-delivery/pinottis-pizza/3ftrTcGGRaWByufYKLzEmA,windermere-florida
https://www.ubereats.com/orlando/food-delivery/dunkin-7644-w-irlo-bronson-mem-hwy/qKv4-j9xQcijz9MIiuBCKQ,windermere-florida
https://www.ubereats.com/orlando/food-delivery/junior-colombian-burger-obt/-1orEL70RVSJ9xmBtsH87A,windermere-florida
https://www.ubereats.com/orlando/food-delivery/the-french-cafe/haqrlwGER5i9HpHCpKEGOA,windermere-florida
https://www.ubereats.com/orlando/food-delivery/gators-dockside-windermere/oFqywhRGQN6PVzSXv1CRjQ,windermere-florida
https://www.ubereats.com/orlando/food-delivery/chronic-tacos-7541-d-san-lake-rd/KUc9OCNCQ0OpBWBmxN55cw,windermere-florida
https://www.ubereats.com/orlando/food-delivery/fuego-tacos/UCJ4gufvT4atclKlf7gy9w,windermere-florida
https://www.ubereats.com/orlando/food-delivery/clean-juice-5855-winter-garden-vinland-road/BbqxksarQxWVIm1bJ3s2FA,windermere-florida
https://www.ubereats.com/orlando/food-delivery/the-sub-eatery/5d2OmkCHTlSQDkb0GmFDBA,windermere-florida
https://www.ubereats.com/orlando/food-delivery/saffron-indian-grill/CWf3z3ZXQ_WtP4E4gLDCYw,windermere-florida
https://www.ubereats.com/orlando/food-delivery/ihop-kirkman-rd/5GTgmqj1RBKYTxvrFU8fKQ,windermere-florida
https://www.ubereats.com/orlando/food-delivery/taco-bell-1810-east-highway-50/QLfOh_YUTYiRS3RM0bhPtA,windermere-florida
https://www.ubereats.com/orlando/food-delivery/feather-%26-quill/wMm2Wy9SQw6ogG7snsyEWw,windermere-florida
https://www.ubereats.com/orlando/food-delivery/tijuana-flats-windermere/3APx25ntRky88Bdg9QaIEw,windermere-florida
https://www.ubereats.com/orlando/food-delivery/krystal-6201-w-colonial-dr/VdhMmh4ITPe2qvg6NMA6NQ,windermere-florida
https://www.ubereats.com/orlando/food-delivery/five-guys-fl-0478-3120-s-kirkman-rd/EQ4s-4lBSpyNEsSS8JduWg,windermere-florida
https://www.ubereats.com/orlando/food-delivery/krispy-krunchy-chicken-%26-pizza/2zORQtATSWqyinAVg07rtA,windermere-florida
https://www.ubereats.com/orlando/food-delivery/bombay-cafe/2FyrQKHSTgiUBQgyzqOhXA,windermere-florida
https://www.ubereats.com/orlando/food-delivery/taco-bell-526-us-highway-27/HZoO_FfZRkqrDP6FpHluGg,windermere-florida
https://www.ubereats.com/orlando/food-delivery/design-sushi/3dTHj2uWRJit6RfF6JnL6A,windermere-florida
https://www.ubereats.com/orlando/food-delivery/arbys-1174-s-kirkman-rd/i0Xzw_g3QE6TXauf0wwPvA,windermere-florida
https://www.ubereats.com/orlando/food-delivery/activ-ate-acai-bowl/JcM1mRoNSwavH0sNE-gApg,windermere-florida
https://www.ubereats.com/orlando/food-delivery/mi-querida-colombia-west/-XInbjE0QdGNDpLHnVr9mA,windermere-florida
https://www.ubereats.com/orlando/food-delivery/the-crepe-company-mobile-creperie/OMAAQn0dQLmG97uBG0XmCQ,windermere-florida
https://www.ubereats.com/orlando/food-delivery/kennys-bbq/CIYeP-fBQlG0TaatiylcrA,windermere-florida
https://www.ubereats.com/orlando/food-delivery/burger-bar-5300-kirkman-road/wBPhJMD1SYWOAgywBYup1g,windermere-florida
https://www.ubereats.com/orlando/food-delivery/c-and-b-grill/I7EIv0JiSyqL-KZRUUupuA,windermere-florida
https://www.ubereats.com/orlando/food-delivery/tgi-fridays-2632-orlando-sea-world-fl/Exx3nuIoQ56MWCb5UnLfGA,windermere-florida
https://www.ubereats.com/orlando/food-delivery/ari-sushi/5pjhXIv1RYC_69o_fMtgBA,windermere-florida
https://www.ubereats.com/orlando/food-delivery/mia-grill/kF4vp8qqT1a6aNxKe_XniA,windermere-florida
https://www.ubereats.com/orlando/food-delivery/red-lobster-7780-w-irlo-bronson-hwy/lFbfXutOSCuZX2NAHXqPzQ,windermere-florida
https://www.ubereats.com/orlando/food-delivery/33-%26-melt-~-a-grilled-cheese-bar/LXWR4s7_Q6eIj7WSibmvZg,windermere-florida
https://www.ubereats.com/orlando/food-delivery/mcdonalds-good-homes/gR8_88f7R4iHAW4sW8fBAw,windermere-florida
https://www.ubereats.com/orlando/food-delivery/oishi-bento/PEF8edA9Tauaksl2H3_A9g,windermere-florida
https://www.ubereats.com/orlando/food-delivery/the-big-easy/H6H5t2-fRYWRnXaHOHM4eQ,windermere-florida
https://www.ubereats.com/orlando/food-delivery/negril-jamaican-restaurant-old-winter-garden-rd/8hBlF_JSTCaticaz5nDi6Q,windermere-florida
https://www.ubereats.com/orlando/food-delivery/zaxbys-2080-e-hwy-50/l9MH5h-8Qp2mZUEzMxXf_g,windermere-florida
https://www.ubereats.com/orlando/food-delivery/agave-azul-windermere/yiijJ9B5QVuPj1DC2Dnd2A,windermere-florida
https://www.ubereats.com/orlando/food-delivery/spettos-king/LQOllrBATtK3N4GPl3AiNw,windermere-florida
https://www.ubereats.com/orlando/food-delivery/ayothaya-thai-cuisine/J7j9HCBvRVuGBps91KVf7A,windermere-florida
https://www.ubereats.com/orlando/food-delivery/cicis-pizza-10151-w-colonial-dr/yH8pZaj0QzqUkvXBHAQDsA,windermere-florida
https://www.ubereats.com/orlando/food-delivery/ihop-6005-international-dr/xWVzp5hWQzK_hf5RRPV3dg,windermere-florida
https://www.ubereats.com/orlando/food-delivery/planet-smoothie-metro-west-kirkman/njRJejBuSZ6vV5jMXsAIOQ,windermere-florida
https://www.ubereats.com/orlando/food-delivery/shanghai-chinese-food/AMcFrDheTd29uWaG4wI_DQ,windermere-florida
https://www.ubereats.com/orlando/food-delivery/philly-steak-and-wings/DLg8S9ORSfmVGYQ4vWgX-A,windermere-florida
https://www.ubereats.com/orlando/food-delivery/first-watch-sandlake/gTHQPp8kRZW9v1mneMRx8A,windermere-florida
https://www.ubereats.com/orlando/food-delivery/taco-bell-12555-state-rd-535/YOvm7KYkROSR_NN5_NcWjA,windermere-florida
https://www.ubereats.com/orlando/food-delivery/huey-magoos-chicken-tenders-ocoee/vjKg4JK9QJSNoiJH8VvsYQ,windermere-florida
https://www.ubereats.com/orlando/food-delivery/taco-bell-6611-west-colonial-drive/Af1xnFf-Qji61gXbl3KsJw,windermere-florida
https://www.ubereats.com/orlando/food-delivery/jersey-mikes-daniels-rd-%26-fowler-exchange-blvd/R127DVvaRUKyYAoDrxAA7w,windermere-florida
https://www.ubereats.com/orlando/food-delivery/san-joses-original-mexican-restaurant/yl1wk2b_RpuEy3Je3EUgew,windermere-florida
https://www.ubereats.com/orlando/food-delivery/pie-fection/b35O51gzQAeeARfa6exGnQ,windermere-florida
https://www.ubereats.com/orlando/food-delivery/vitality-bowls-8014-conroy-windermere-rd/fvt1H0aURoGoErdS-f4phw,windermere-florida
https://www.ubereats.com/orlando/food-delivery/qdoba-mexican-eats-lake-buena-vista/LIuI6le3SeuwB9dE1p-beA,windermere-florida
https://www.ubereats.com/orlando/food-delivery/noodles-%26-company-7822-w-sand-lake-rd/QP3CxpboQ9a3ZzuVuoacuA,windermere-florida
https://www.ubereats.com/orlando/food-delivery/bubbalous-bbq/IZ19t4SmSpeaR-oC4yYU5g,windermere-florida
https://www.ubereats.com/orlando/food-delivery/planet-smoothie-millenia/Tnr9l7j8RLe33waIs8Gm_g,windermere-florida
https://www.ubereats.com/orlando/food-delivery/dunkin-8844-w-colonial-dr/j2AKLAYITWSk6Jnayq0yew,windermere-florida
https://www.ubereats.com/orlando/food-delivery/ihop-irlo-bronson/1VxJwELIQ4O2j4-75KUgIw,windermere-florida
https://www.ubereats.com/orlando/food-delivery/burgerim-2447-south-highway-27/s_mLnn2GTrOgvH5PRRkv0w,windermere-florida
https://www.ubereats.com/orlando/food-delivery/kekes-breakfast-cafe-ocoee/FARW_NeJRBaEfhDeoULkww,windermere-florida
https://www.ubereats.com/orlando/food-delivery/taco-bell-7880-winter-garden-vineland-rd/1K_aPkSbR7yEKDidBnoDGw,windermere-florida
https://www.ubereats.com/orlando/food-delivery/wonderland-cookie-dough-co/2cN_mZsdRPKoGU9tSlf2rg,windermere-florida
https://www.ubereats.com/orlando/food-delivery/sonnys-bbq-1500-east-highway-50/FCNvmY9MTv-t6zBQGacEkQ,windermere-florida
https://www.ubereats.com/orlando/food-delivery/crafty-crab/UhPj_cylTiOXVv1_Hw1Zrg,windermere-florida
https://www.ubereats.com/orlando/food-delivery/hand-roll-sushi/Vzw5CV-xQOKyeSDOjBptGw,windermere-florida
https://www.ubereats.com/orlando/food-delivery/winter-garden-pizza-company/wIt-3pmISKCsFlGT5PXYwQ,windermere-florida
https://www.ubereats.com/orlando/food-delivery/popbar-international-dr/_PAs618aRbeJXV7dYVkszw,windermere-florida
https://www.ubereats.com/orlando/food-delivery/dennys-w-colonial-dr/AohH9pUZShKKUtm8RyEvrg,windermere-florida
https://www.ubereats.com/orlando/food-delivery/tijuana-flats-winter-garden/-1uTLEhVR7Cbj9lgn-JgTg,windermere-florida
https://www.ubereats.com/orlando/food-delivery/rock-and-brews-kissimmee/PMX5Y5tTRVmOXatuWEoprw,windermere-florida
https://www.ubereats.com/orlando/food-delivery/planet-smoothie-winter-garden-village/guXjjAvERkyGMGymGrT73Q,windermere-florida
https://www.ubereats.com/orlando/food-delivery/le-petit-paris/bi5ZRtfHS-ukWrAr_uN9IQ,windermere-florida
https://www.ubereats.com/orlando/food-delivery/planet-smoothie-8085-w-irlo-bronson-memorial-hwy/Z-icnS2nS0GtZtiTWIf2Ww,windermere-florida
https://www.ubereats.com/orlando/food-delivery/nine-spices-hot-pot/qNChSGtlR7CtsK_NPTimew,windermere-florida
https://www.ubereats.com/orlando/food-delivery/la-boucherie/n1R10sVfSxmckMqcMwCu3w,windermere-florida
https://www.ubereats.com/orlando/food-delivery/sfihas/cm4GTwPJQMmQyKFUlkUDqw,windermere-florida
https://www.ubereats.com/orlando/food-delivery/churchs-chicken-6234-west-colonial-drive/GKS_W4FNTq6T9Th6v2QLOg,windermere-florida
https://www.ubereats.com/orlando/food-delivery/hungry-howies-kirkman/k3rTC_C8RRKIJBhK5ys2pg,windermere-florida
https://www.ubereats.com/orlando/food-delivery/subway-7315-wintergarden-vineland-rd/av8VxzFtS8G0QHc0Msih5Q,windermere-florida
https://www.ubereats.com/orlando/food-delivery/taco-bell-8868-w-colonial-dr/N50SwjamT4CX3FRhYNJjEQ,windermere-florida
https://www.ubereats.com/orlando/food-delivery/checkers-10500-w-colonial-dr/Kvajo_HpTBuKz6-gwLeurA,windermere-florida
https://www.ubereats.com/orlando/food-delivery/macaroni-grill-winter-garden/IMm90RugS3SkktnhI4KcfA,windermere-florida
https://www.ubereats.com/orlando/food-delivery/applebees-2050-east-highway-50/_NyHcC5ARKSHMh9Ab2S8fg,windermere-florida
https://www.ubereats.com/orlando/food-delivery/izziban-sushi-%26-bbq-piazza-grande-ave/prCua56kRCSZi8UQgDUr5w,windermere-florida
https://www.ubereats.com/orlando/food-delivery/krispy-krunchy-chicken-orlando-3/j9GTiqKZRxGcZZizy5RHrg,windermere-florida
https://www.ubereats.com/orlando/food-delivery/san-joses-original-mexican-restaurant/wVD9Db3cSUOJTCLLI5y1LA,windermere-florida
https://www.ubereats.com/orlando/food-delivery/dunkin-7440-a-international-drive/TRgG8po3RJuQ8hYlMGbocw,windermere-florida
https://www.ubereats.com/orlando/food-delivery/starbucks-hwy-535-%26-silver-lake-park/0VfAe_LcTWi8bf8-ZjNnQg,windermere-florida
https://www.ubereats.com/orlando/food-delivery/joes-pizza-ocoee/N7rxOR2oS9Sbl3pJTKeTYQ,windermere-florida
https://www.ubereats.com/orlando/food-delivery/jersey-mikes-conroy-rd-%26-turkey-lake-rd/2_sG7mCYRJO_UPmXYrpl5A,windermere-florida
https://www.ubereats.com/orlando/food-delivery/temakis/xTDcntZJQeCtHo4wPii_rA,windermere-florida
https://www.ubereats.com/orlando/food-delivery/green-garden/RrsW09U3Sm2kDKT0kWgZww,windermere-florida
https://www.ubereats.com/orlando/food-delivery/menchies-frozen-yogurt-7339-w-sand-lake-rd/pqTNp5olT_SYwvwXvz-faQ,windermere-florida
https://www.ubereats.com/orlando/food-delivery/ihop-7529-w-irlo-bronson-memorial-hwy/f2ZGpYXHSTGtQu5IipJCuQ,windermere-florida
https://www.ubereats.com/orlando/food-delivery/mcdonalds-lakeside-village/qRKOr9n8Quumze7H7fyb7w,windermere-florida
https://www.ubereats.com/orlando/food-delivery/chipotle-mexican-grill-9100-conroy-windermere-rd-ste-120/-coCCXRxQqyuIwo0AQiOPQ,windermere-florida
https://www.ubereats.com/orlando/food-delivery/wawa-5210-13501-w-colonial-dr/jLLpt-JUSVKp5dR1eWfTog,windermere-florida
https://www.ubereats.com/orlando/food-delivery/qdoba-10959-w-colonial-dr-ste-12/n6wTT8FpRJe5ISF5tv4UMg,windermere-florida
https://www.ubereats.com/orlando/food-delivery/pollo-tropical-7643-w-colonial-drive/jdv19d23TdedBMrLHGkMbg,windermere-florida
https://www.ubereats.com/orlando/food-delivery/the-brave-burger/CKCbI4ZsRn2_rPTTNBIZTw,windermere-florida
https://www.ubereats.com/orlando/food-delivery/juicy-bites/GHhxIQ1BRk6PAYhuSMFj4Q,windermere-florida
https://www.ubereats.com/orlando/food-delivery/best-shabu-shabu-and-pho-orlando/2af8zUd1QK-E-tXiz-OdYQ,windermere-florida
https://www.ubereats.com/orlando/food-delivery/tgi-fridays-2636-orlando-i-drive-fl/9v4PiuNtTuyy0jk84lqZPw,windermere-florida
https://www.ubereats.com/orlando/food-delivery/flippers-pizzeria-sand-lake/h-UdM6qqRZeDO7qYiNHgIQ,windermere-florida
https://www.ubereats.com/orlando/food-delivery/chimiking-food-truck-s-obt/VsEH2SQeRnKdGrvHjPlJuA,windermere-florida
https://www.ubereats.com/orlando/food-delivery/punjab-kitchen/etHbsNxUSYa5IRIq7lTG5g,windermere-florida
https://www.ubereats.com/orlando/food-delivery/latin-21-street-food/6JWKKfo4Q8CD32FsDZYmzw,windermere-florida
https://www.ubereats.com/orlando/food-delivery/jerkmanbbq/Gia1Xlf0QrOWiHXql7WEOQ,windermere-florida
https://www.ubereats.com/orlando/food-delivery/tijuana-flats-sand-lake/QJMRV3C_QCm96o8YhaQLng,windermere-florida
https://www.ubereats.com/orlando/food-delivery/hardees-of-ocoee/jFyhXjopQ3m8P_JYP0AkTA,windermere-florida
https://www.ubereats.com/orlando/food-delivery/babbi-babbi-korean-kitchen/EnG72ZkBSp-Iuuy5fA_wbQ,windermere-florida
https://www.ubereats.com/orlando/food-delivery/justins-caribbean-fusion-restaurant/HZY-ggf3TrSTkosuCyCHxQ,windermere-florida
https://www.ubereats.com/orlando/food-delivery/flame-kabob/SjEYn-HdToieQ_3WjSvbQQ,windermere-florida
https://www.ubereats.com/orlando/food-delivery/sakura-asian-fusion/DaUL908HQnufUX6-oGyZpg,windermere-florida
https://www.ubereats.com/orlando/food-delivery/wawa-5189-3501-millenia-blvd/NqBEdT9fRXKRtFOF92SKdw,windermere-florida
https://www.ubereats.com/orlando/food-delivery/bjs-restaurant-and-brewhouse-4151-conroy-road/1GUFYMVXRHS5HHgUOlbwFg,windermere-florida
https://www.ubereats.com/orlando/food-delivery/applebees-2503-south-kirkman-rd/b_jKSZ9DRPy4tbK3_45JFQ,windermere-florida
https://www.ubereats.com/orlando/food-delivery/nagoya-sushi/dM2ZGERVQwOKwLNeU3VdwQ,windermere-florida
https://www.ubereats.com/orlando/food-delivery/i-love-ny-pizza-winter-garden/MMR3EzD5T7CDS4U20Y_umg,windermere-florida
https://www.ubereats.com/orlando/food-delivery/china-garden/8KOb9IFzRKa1WJ2JyjYSFA,windermere-florida
https://www.ubereats.com/orlando/food-delivery/toasted-windermere-fl/cPQLAGVsT_e-ft04-Ft98Q,windermere-florida
https://www.ubereats.com/orlando/food-delivery/sofrito-latin-cafe/A0HwbG8NTdeYGFehlQzwQg,windermere-florida
https://www.ubereats.com/orlando/food-delivery/flemings-prime-steakhouse-%26-wine-bar-orlando/AGxj8zYRRC-IKo0h3Wjp4w,windermere-florida
https://www.ubereats.com/orlando/food-delivery/the-whole-enchilada-winter-garden/oGlYDUxBSBGj9oM8u_1Rvg,windermere-florida
https://www.ubereats.com/orlando/food-delivery/border-grill-fresh-mex/T5W2Gg7gTW-0n3s94z5KFQ,windermere-florida
https://www.ubereats.com/orlando/food-delivery/buffalo-wild-wings-2465-s-highway-27/oJJxdazMQbK3na5weMOBlg,windermere-florida
https://www.ubereats.com/orlando/food-delivery/steak-n-shake-7101-w-colonial-blvd/2FvRxgRSSnO9S8FSeYUFwA,windermere-florida
https://www.ubereats.com/orlando/food-delivery/wendys-7749-turkey-lake-road/16JizBrjRjCSFtFCFAJChg,windermere-florida
https://www.ubereats.com/orlando/food-delivery/haagen-dazs-8265-international-drive-suite-108/4sgXLYprTcadpIh_7414fA,windermere-florida
https://www.ubereats.com/orlando/food-delivery/tropical-smoothie-cafe-sand-lake/chn_oXGHQQ-7cFQqgGarkg,windermere-florida
https://www.ubereats.com/orlando/food-delivery/subway-13530-summerport-village-pkwy/-904xx5vQ5iOC50YddpNNQ,windermere-florida
https://www.ubereats.com/orlando/food-delivery/taj-mahal/jVB-rzGzTwen9MmTZK7cXA,windermere-florida
https://www.ubereats.com/orlando/food-delivery/pizza-hut-7536-dr-phillips-blvd/yGqqLeTtRuWWkrHay8kOtg,windermere-florida
https://www.ubereats.com/orlando/food-delivery/j-petal-restaurant-international/vbd6Wy1VR2GXlk5ssX_UTQ,windermere-florida
https://www.ubereats.com/orlando/food-delivery/jaber-especialidades-a%C2%81rabes-orlando/TB1aSi5cTUC1URmfPrDSiA,windermere-florida
https://www.ubereats.com/orlando/food-delivery/soong-thai-restaurant/kKTlfOYGTwKgp0hxfS3hzQ,windermere-florida
https://www.ubereats.com/orlando/food-delivery/mr-cool-ice-cream-and-boba-tea/6pkqEfV3R4SbgJTJM3K2OQ,windermere-florida
https://www.ubereats.com/orlando/food-delivery/ceviche-mix/Ieg5Qh2OQwyVz5hxF0M6Hw,windermere-florida
https://www.ubereats.com/orlando/food-delivery/chipotle-mexican-grill-2850-s-kirkman-rd/d4TGGbSfT2au8cseL9R9HA,windermere-florida
https://www.ubereats.com/orlando/food-delivery/ihop-2589-s-highway-27/WU5bjaNcS2CvqVbxfPxxXQ,windermere-florida
https://www.ubereats.com/orlando/food-delivery/graffiti-junktion-clermont/pSn6Td_-QFGazLbgDhA85Q,windermere-florida
https://www.ubereats.com/orlando/food-delivery/dunkin-11204-w-colonial-dr/JqaUNJQFTqarM12DV9kBjA,windermere-florida
https://www.ubereats.com/orlando/food-delivery/first-watch-winter-garden/0AnjQH9YSbe8Vusa6nJ3zw,windermere-florida
https://www.ubereats.com/orlando/food-delivery/willy-ts-crabshack/sLWldJ0ZQXm2k870kRRCdw,windermere-florida
https://www.ubereats.com/orlando/food-delivery/el-patron-restaurante-mexicano/UEGEe-E-SyiVbS3wYaSJ8Q,windermere-florida
https://www.ubereats.com/orlando/food-delivery/chengs-asian-bistro-ocoee/bs6LPiPOQU2QWhboM-5x5g,windermere-florida
https://www.ubereats.com/orlando/food-delivery/wawa-5160-6500-w-sand-lake-rd/MfGQUp6sRBKSku4kbou35Q,windermere-florida
https://www.ubereats.com/orlando/food-delivery/mortons-the-steakhouse-7600-dr-phillips-blvd-suite-132/dccnKVpSTSOsCX8WsLth_w,windermere-florida
https://www.ubereats.com/orlando/food-delivery/panda-express-7945-w-irlo-bronson-memorial-hwy/iKOwSFD6QZWJE6keexJ4OQ,windermere-florida
https://www.ubereats.com/orlando/food-delivery/mcdonalds-hiawassee/mwsLTkHtSoiYSWQ-qSLCCQ,windermere-florida
https://www.ubereats.com/orlando/food-delivery/tijuana-flats-orange-lake/Bmkaeox7R6GLtG4iF_7QVQ,windermere-florida
https://www.ubereats.com/orlando/food-delivery/walk-ons-sports-bistreaux-orlando/dJf5GMD-SaqDzjKt9nOrkA,windermere-florida
https://www.ubereats.com/orlando/food-delivery/cedars-restaurant/FDuoWeOHTWeYMZNLEOSUeQ,windermere-florida
https://www.ubereats.com/orlando/food-delivery/vegan-thai-kitchen/Y0ppYKYTSjeWEsjV_aefvQ,windermere-florida
https://www.ubereats.com/orlando/food-delivery/perkins-restaurant-kissimmee-ii-maingate/b8hWpaTbSfavWDHthLRgaQ,windermere-florida
https://www.ubereats.com/orlando/food-delivery/taco-bell-2403-hiawassee-rd/1FFjUugRSzOWsiEXxnMDNA,windermere-florida
https://www.ubereats.com/orlando/food-delivery/tru-nature-juice-bar/acjQLY7WQR6ssaaqFvNQHw,windermere-florida
https://www.ubereats.com/orlando/food-delivery/dennys-9880-international/sMGjsKLJRQKGy8CbyKEpRw,windermere-florida
https://www.ubereats.com/orlando/food-delivery/taste-of-china/-o2kysm9RjSyvT_30MIACQ,windermere-florida
https://www.ubereats.com/orlando/food-delivery/amura-japanese-sand-lake/2WuxBgeuSa24Z-6_nxGfdQ,windermere-florida
https://www.ubereats.com/orlando/food-delivery/goombas-pizzeria-restaurante/Jg3an_78QEi6KtIbfEFxsw,windermere-florida
https://www.ubereats.com/orlando/food-delivery/shake-shack-4054-conroy-rd/r7LHF8JiSQKn7agIvy7npQ,windermere-florida
https://www.ubereats.com/orlando/food-delivery/outback-steakhouse-8351-international-drive/AUerKfaPQXKNPa-edFQcmw,windermere-florida
https://www.ubereats.com/orlando/food-delivery/china-lee/VPZ6FPyjTe-O1Mmnao5LHw,windermere-florida
https://www.ubereats.com/orlando/food-delivery/guru-restaurant/5WWOAgxmQmKVL7LAsdtY1A,windermere-florida
https://www.ubereats.com/orlando/food-delivery/andreas-empanadas/7m-u8PDsR7CEZ5H8NVC3-g,windermere-florida
https://www.ubereats.com/orlando/food-delivery/urbain-40-american-brasserie-and-lounge-orlando/7TFWQWqjT0ykZc_PKV-sZA,windermere-florida
https://www.ubereats.com/orlando/food-delivery/bosphorous-turkish-cuisine-winter-garden/Dpw9te-hSRuwethaS25cag,windermere-florida
https://www.ubereats.com/orlando/food-delivery/on-the-border-kissimmee/gJ6IfQaJSjey9FP5KQQptA,windermere-florida
https://www.ubereats.com/orlando/food-delivery/azteca-doro-west-colonial/Fv0d-3wES5K4leEsA1lpJw,windermere-florida
https://www.ubereats.com/orlando/food-delivery/kabooki-sushi/6GiVIap6QZyEI-ck7oSEUA,windermere-florida
https://www.ubereats.com/orlando/food-delivery/chipotle-mexican-grill-7800-dr-phillips-blvd-ste-100/8mTcYSdmRLyLX5D8DbVyEw,windermere-florida
https://www.ubereats.com/orlando/food-delivery/ad-40-empanadas-factory-food-truck/dO0J9DiJTse8gGFfYKnirA,windermere-florida
https://www.ubereats.com/orlando/food-delivery/tijuana-flats-metro-west/Kjy7RN1ZRJmGxHV-Rr_K7A,windermere-florida
https://www.ubereats.com/orlando/food-delivery/boston-market-4621-south-kirkman-road/6ZCCOHDeR0SZ9bgn-520ZQ,windermere-florida
https://www.ubereats.com/orlando/food-delivery/bangkok-thai-passion-ocoee/aWlWJX3MTcOw9GeZrXi5Sg,windermere-florida
https://www.ubereats.com/orlando/food-delivery/uno-pizzeria-%26-grill-winter-gardens/gX68BE6VSMmYvL75sbY2dA,windermere-florida
https://www.ubereats.com/orlando/food-delivery/village-inn-6275-westwood-blvd/FgDI7ZqOSAasg-xOM4s6Vw,windermere-florida
https://www.ubereats.com/orlando/food-delivery/applebees-6324-international-dr/-YjTNEhQQEOdK1ag6Jy6VA,windermere-florida
https://www.ubereats.com/orlando/food-delivery/hungry-howies-pizza-%233023-1215-sunrise-plaza-dr/JcR3emEXTmO9FmE7E8wgdA,windermere-florida
https://www.ubereats.com/orlando/food-delivery/flippers-pizzeria-clermont-crossing/381XXenXSH6bksovKlwS8Q,windermere-florida
https://www.ubereats.com/orlando/food-delivery/dunkin-8015-turkey-lake-rd/hp3xuLgJTPixggV8U-EgqA,windermere-florida
https://www.ubereats.com/orlando/food-delivery/kobe-japanese-steakhouse-%26-sushi-bar-i-drive-convention/NzWvK5TwQXOc4-_g3W_dlA,windermere-florida
https://www.ubereats.com/orlando/food-delivery/indian-hut/golrgdCCRNGSzHHi56h61A,windermere-florida
https://www.ubereats.com/orlando/food-delivery/the-great-greek/0nbd2h8WQciKX-1VJG7xFQ,windermere-florida
https://www.ubereats.com/orlando/food-delivery/jumbo-sushi/VP9X4gWHSV-APbyrgdZGwg,windermere-florida
https://www.ubereats.com/orlando/food-delivery/mcdonalds-metrowest/xCrqQSfGQWG10xfD_qIdPA,windermere-florida
https://www.ubereats.com/orlando/food-delivery/el-inka-grill/HeJPuxdDQhKWmHOaFFGtBA,windermere-florida
https://www.ubereats.com/orlando/food-delivery/five-guys-fl-1896-1600-n-hancock-rd/YNjNV2EfQHqof9Mpbd6HJw,windermere-florida
https://www.ubereats.com/orlando/food-delivery/yummys-express-asian-fusion/xRwirZvkTay7EuSQg2bRKw,windermere-florida
https://www.ubereats.com/orlando/food-delivery/mcdonalds-ocoee/ZR9-2BiuTxu7r2NiaDr6yA,windermere-florida
https://www.ubereats.com/orlando/food-delivery/hawkers-asian-street-fare-windermere/t9K6OMsfRO6MaKlTPi9ovQ,windermere-florida
https://www.ubereats.com/orlando/food-delivery/this-little-piggy/CaLuo-3mRyKFt6cwV6Z_bA,windermere-florida
https://www.ubereats.com/orlando/food-delivery/perkins-restaurant-orlando-i-sand-lake-rd/E41bJlp8QuqB9WNsYntpUw,windermere-florida
https://www.ubereats.com/orlando/food-delivery/auntie-annes-10500-w-colonial-dr/7ma_dhMKQ5Gow3rxhV7_gQ,windermere-florida
https://www.ubereats.com/orlando/food-delivery/a-brasileira-bar-grill/Ku0m-vWpQ0-AzOG-hOY7rQ,windermere-florida
https://www.ubereats.com/orlando/food-delivery/jersey-mikes-subs-2441-s-hwy-27/A1DBFP_UT-ucb92zf0ilDQ,windermere-florida
https://www.ubereats.com/orlando/food-delivery/thai-silk-restaurant/MFY7BtDrR4mIiHoJd1b8vA,windermere-florida
https://www.ubereats.com/orlando/food-delivery/long-shot-bar-and-billards/5bSO43eVQqmhPyhJ6R2dcQ,windermere-florida
https://www.ubereats.com/orlando/food-delivery/city-works-disney-springs/4rMWtoimTZ2bNlhSYL_UKw,windermere-florida
https://www.ubereats.com/orlando/food-delivery/grain-and-berry-ocoee/JbmxOzcgTGCoqDZKlGnyLw,windermere-florida
https://www.ubereats.com/orlando/food-delivery/chimiking-restaurant-windermere/wAIz2Qc9RYmhHxghM_qFng,windermere-florida
https://www.ubereats.com/orlando/food-delivery/aji-sushi-%26-teppan/ndWtOrY-QB6LSdX-Ik4WNw,windermere-florida
https://www.ubereats.com/orlando/food-delivery/new-harvest-cafe-and-grill/VdPNd-gfQTywolq9fiWSFQ,windermere-florida
https://www.ubereats.com/orlando/food-delivery/peperoncino/eZTIXsHwR7WlxiWAxd-goA,windermere-florida
https://www.ubereats.com/orlando/food-delivery/holy-grain-coffee-shop/kMr6kfcFS8m28XCKm2fmAA,windermere-florida
https://www.ubereats.com/orlando/food-delivery/%23213-subway-8839-conroy-windermere-rd/O4JBjOnLTKWPKbDycLkNFg,windermere-florida
https://www.ubereats.com/orlando/food-delivery/uno-pizzeria-and-grill-orlando/z1Wnvr5jQVeCYn4QgGVwmA,windermere-florida
https://www.ubereats.com/orlando/food-delivery/yuki-sushi-restaurant/nmotXEZzTMivyFMcYuMKLw,windermere-florida
https://www.ubereats.com/orlando/food-delivery/burgerfi-winter-garden/m8wmVCd-Qv2Kb8SxWQbgPw,windermere-florida
https://www.ubereats.com/orlando/food-delivery/island-vibez-restaurant/0-wLTNZfRE61GWrRwD7cZw,windermere-florida
https://www.ubereats.com/orlando/food-delivery/panda-express-3154-daniels-road/CkwKGC_SQ_2PvZHck-jfKw,windermere-florida
https://www.ubereats.com/orlando/food-delivery/burgerfi-windermere/KJgKVbAGTO2XicMdwj3t-g,windermere-florida
https://www.ubereats.com/orlando/food-delivery/china-3-biryani-house/-6uEFlmHRJeookopajnBxw,windermere-florida
https://www.ubereats.com/orlando/food-delivery/steak-n-shake-12163-s-apopka-vinland-rd/gEOeToZ4TlmN_hEDlwZBqQ,windermere-florida
https://www.ubereats.com/orlando/food-delivery/1000-degrees-neapolitan-pizza-winter-garden/6Q2UDWOLTKCY8cNchO_wVA,windermere-florida
https://www.ubereats.com/orlando/food-delivery/lees-famous-cheesesteaks-and-wings/JCrXQw_nRVWNlsL8VjZ2aA,windermere-florida
https://www.ubereats.com/orlando/food-delivery/east-gourmet/z72ve_guT9iy7I-8bEO8Ng,windermere-florida
https://www.ubereats.com/orlando/food-delivery/alacran-mexican-restaurant/9ry3pjbnSeqyO5JrTc3yjQ,windermere-florida
https://www.ubereats.com/orlando/food-delivery/china-grill-orlando/4CTQsavxQIGqoANRDDj5AQ,windermere-florida
https://www.ubereats.com/orlando/food-delivery/captain-ds-14221-west-colonial-drive/RNqV1BJZRsy8tV2_TKFNag,windermere-florida
https://www.ubereats.com/orlando/food-delivery/pizzanos-pizza-%26-grinderz-clermont/0Dcfws4PTgi1LNbY8lqoLQ,windermere-florida
https://www.ubereats.com/orlando/food-delivery/el-burro-loco-food-truck/tQZs_rcbQomHC7bp_kh7xw,windermere-florida
https://www.ubereats.com/orlando/food-delivery/itar-bistro-market/RLFNr5tBRgOR2XG5A4pfaQ,windermere-florida
https://www.ubereats.com/orlando/food-delivery/cracker-barrel-old-country-store-3316-daniels-rd/LSzuShCDRKmmi3WjnuDMNg,windermere-florida
https://www.ubereats.com/orlando/food-delivery/joes-crab-shack-8400-international-drive/8jEw0tcrQKi1OLhwx4lyFw,windermere-florida
https://www.ubereats.com/orlando/food-delivery/otown-burgers-n-wings-halal/M5nSpO1xSwKqPnomxIMbNA,windermere-florida
https://www.ubereats.com/orlando/food-delivery/moes-southwest-grill-2383-s-hwy-27-clermont-fl-34711-usa/1ZFFmPfUQceABrJfviw_xQ,windermere-florida
https://www.ubereats.com/orlando/food-delivery/arbys-3331-daniels-road/jqy6-e6UScCSFxLMUp7ozA,windermere-florida
https://www.ubereats.com/orlando/food-delivery/tabla-indian-restaurant-orlando/3aIm0_aYSjqiPocs4gC3sA,windermere-florida
https://www.ubereats.com/orlando/food-delivery/bamboo-asian-cuisine/b0wg_9e0RAasBeTV-nIi6g,windermere-florida
https://www.ubereats.com/orlando/food-delivery/taco-bell-7623-international-dr/R1zErHMWTTC8EbiH5KCPdg,windermere-florida
https://www.ubereats.com/orlando/food-delivery/cedar-grill/ygy_bfAYT4eE1dQWhDOwhw,windermere-florida
https://www.ubereats.com/orlando/food-delivery/jeremiahs-italian-ice-windermere/I71rxYhAQVOc29oiDV98eA,windermere-florida
https://www.ubereats.com/orlando/food-delivery/chipotle-mexican-grill-1495-e-hwy-50/5rikyBWPR-yLBfFEcZyBhw,windermere-florida
https://www.ubereats.com/orlando/food-delivery/black-angus-steakhouse-7516-w-irlo-bronson-memorial-hwy/v2LbIJhLRsGhoZaHhHXA1Q,windermere-florida
https://www.ubereats.com/orlando/food-delivery/kfc-13320-w-colonial-dr/LRBR6dEjR1CTGPTQFbjYCw,windermere-florida
https://www.ubereats.com/orlando/food-delivery/pizza-hut-7970-winter-garden-vineland-rd/PRr0tGccSx60UHNlfyI_3Q,windermere-florida
https://www.ubereats.com/orlando/food-delivery/texas-de-brazil-orlando/lg0fBNpJQxSpU8ed6RyINA,windermere-florida
https://www.ubereats.com/orlando/food-delivery/dennys-25-town-center-blvd/7hL-iqnEQbaGemifpSzvwg,windermere-florida
https://www.ubereats.com/orlando/food-delivery/3in1-cafe/ybazDVTmSwqrWKN85wPGtA,windermere-florida
https://www.ubereats.com/orlando/food-delivery/winghouse-of-kirkman-rd/CrwwnMuFTVyzSIrQ5WyRbw,windermere-florida
https://www.ubereats.com/orlando/food-delivery/junior-colombian-burger-kirkman/t01rYI52RhWXuwQu1LS60g,windermere-florida
https://www.ubereats.com/orlando/food-delivery/broadway-new-york-pizza/dqGDuNHnQiGmctb30yqBJA,windermere-florida
https://www.ubereats.com/orlando/food-delivery/friendlys-8718-international-dr/h0bG4s49SQ2IurT-PPpePQ,windermere-florida
https://www.ubereats.com/orlando/food-delivery/burntwood-tavern-orlando/mQCFhfSvTjmsivo2cGT_Rg,windermere-florida
https://www.ubereats.com/orlando/food-delivery/dennys-8747-international-drive/mxsZeB03QBmCU9sRNgN0tA,windermere-florida
https://www.ubereats.com/orlando/food-delivery/kekes-breakfast-cafe-clermont/CLs1yenTSVq83fwpZ7OR9g,windermere-florida
https://www.ubereats.com/orlando/food-delivery/burger-king-1745-east-silverstar-road/exYW2UTQSTuh7fGM9zzXqQ,windermere-florida
https://www.ubereats.com/orlando/food-delivery/china-star-kissimmee/NnELZ0-mScimWuJwGSz2zw,windermere-florida
https://www.ubereats.com/orlando/food-delivery/west-orange-creamery-and-soda-fountain/H9B1c2jyS4i-WsDVnJtC7A,windermere-florida
https://www.ubereats.com/orlando/food-delivery/juicy-lucys-wings/EN5_bUaUTrKGT2C7lTmq5Q,windermere-florida
https://www.ubereats.com/orlando/food-delivery/bento-asian-kitchen-%2B-sushi-kissimmee/yC_6vq-6QiyLJM4oqujIqw,windermere-florida
https://www.ubereats.com/orlando/food-delivery/sobiks-subs-ocoee/U8f4dyz_TSW8IKWF8OBapg,windermere-florida
https://www.ubereats.com/orlando/food-delivery/flippers-pizzeria-windermere/iw_0dBjRRgaCFL_DM4p3RQ,windermere-florida
https://www.ubereats.com/orlando/food-delivery/dennys-7660-international/jesZyKB6RymaVLhwSmB81A,windermere-florida
https://www.ubereats.com/orlando/food-delivery/%23747-subway-2455-s-hiawassee-rd/tgGnBkAqR8eSG4HLRPtooA,windermere-florida
https://www.ubereats.com/orlando/food-delivery/five-guys-fl-1783-8324-i-dr/_mWlvad5SECzhKvNYed78Q,windermere-florida
https://www.ubereats.com/orlando/food-delivery/chipotle-mexican-grill-3317-daniels-rd-ste-102/e2nxXhC-QpqGfE9E7Pt1rg,windermere-florida
https://www.ubereats.com/orlando/food-delivery/sarahs-greek-cuisine-and-more/QgmasJSjSl6yhfZjLj4pRg,windermere-florida
https://www.ubereats.com/orlando/food-delivery/dunkin-511-us-highway-27/Lp4Tacu4T5ql9Muxitb-XQ,windermere-florida
https://www.ubereats.com/orlando/food-delivery/cold-stone-creamery-doctor-phillips/cREFec6VQBCC5etAX7il1Q,windermere-florida
https://www.ubereats.com/orlando/food-delivery/firehouse-subs-winter-garden/Xf2Q6i3gS7eRplSHacxwXQ,windermere-florida
https://www.ubereats.com/orlando/food-delivery/coco-vegetarian-vegan-cuisine/GmyX-wAVQkel7bKP09sJMw,windermere-florida
https://www.ubereats.com/orlando/food-delivery/el-cafetal-orlando-colombian-restaurant/Wogb9ID-StS4z52fcPoVKw,windermere-florida
https://www.ubereats.com/orlando/food-delivery/french-cafe-croissant-gourmet/-Zu1Gzz6RAacjBzF5Qm0Yg,windermere-florida
https://www.ubereats.com/orlando/food-delivery/shawarburger/giVr1Jn2TheZC_eDxJUalA,windermere-florida
https://www.ubereats.com/orlando/food-delivery/worthy-cakes/3jT5tOWWS9-H0qsEwpYgAw,windermere-florida
https://www.ubereats.com/orlando/food-delivery/hooters-international-dr-%26-austrian-row/HNkLA3i8R7y_UUjYuI4U2Q,windermere-florida
https://www.ubereats.com/orlando/food-delivery/kings-point-ice-cream-%26-burger/w1YPzyCnQRKPXRrW5rHtUg,windermere-florida
https://www.ubereats.com/orlando/food-delivery/world-cafe/s1cjLcJeTSqtNYFUEr1oQA,windermere-florida
https://www.ubereats.com/orlando/food-delivery/domu-dr-phillips/0d9clCNMQH63reHjdV5LKQ,windermere-florida
https://www.ubereats.com/orlando/food-delivery/melts-on-main/hkRz21OHSdWJX9hBPpWpHQ,windermere-florida
https://www.ubereats.com/orlando/food-delivery/tgi-fridays-2635-universal-studios-fl/ZahquiedRh2v_6N2-3PvOg,windermere-florida
https://www.ubereats.com/orlando/food-delivery/frutamix/Sbb2QggZQNOn71s-YXhepg,windermere-florida
https://www.ubereats.com/orlando/food-delivery/brick-house-pisa-pizza/U9oLlUqdSnqUSG_feVIe6Q,windermere-florida
https://www.ubereats.com/orlando/food-delivery/super-deli-bakery/ece7cCkeSbWOvVQ6LQQ_Gw,windermere-florida
https://www.ubereats.com/orlando/food-delivery/time-marketplace-square/qU2Vk8QoS9G7dx4PKMntNQ,windermere-florida
https://www.ubereats.com/orlando/food-delivery/caribbean-sunshine-restaurant-winter-garden/wp7_6-MhR66SUCaPTGp4Jw,windermere-florida
https://www.ubereats.com/orlando/food-delivery/shake-shack-8359-international-drive/tEgC3zD0Rnq3cNFLZ56weg,windermere-florida
https://www.ubereats.com/orlando/food-delivery/cold-stone-creamery-3310-daniels-rd/6VcU5Q15QMuZXAssOPjRCQ,windermere-florida
https://www.ubereats.com/orlando/food-delivery/ceviche-mix-winter-garden/xikpuxnOSt2yuAD5hToZvg,windermere-florida
https://www.ubereats.com/orlando/food-delivery/tortas-el-rey/Nfy0iAlqR3GpBsQ-sRXthw,windermere-florida
https://www.ubereats.com/orlando/food-delivery/hungry-howies-ocoee/wsFG5tyjRVSnrm5FsuZB_Q,windermere-florida
https://www.ubereats.com/orlando/food-delivery/the-whiskey/4seHxch-RC6qC3ehpUCQDQ,windermere-florida
https://www.ubereats.com/orlando/food-delivery/wings-over-windmere/MGI0Oz-6RSyW-MAnkqXD6Q,windermere-florida
https://www.ubereats.com/orlando/food-delivery/bjs-restaurant-%26-brewhouse-8103-international-drive/-EYeL-UzTHKaeUe2pouCSw,windermere-florida
https://www.ubereats.com/orlando/food-delivery/jersey-mikes-subs-10588-w-colonial-dr/PiG9zMx4TeiqSXZieaC1mA,windermere-florida
https://www.ubereats.com/orlando/food-delivery/carieras-fresh-italian/JFO7cVu1RLqcpWDGGDHjTA,windermere-florida
https://www.ubereats.com/orlando/food-delivery/flavors-of-india/XI-SfTGmS2qVb35KQP_G0g,windermere-florida
https://www.ubereats.com/orlando/food-delivery/ocharleys-restaurant-%26-bar-orlando/1YWeUfQKRb2Ri1lvDvf5UQ,windermere-florida
https://www.ubereats.com/orlando/food-delivery/five-guys-fl-0239-3107-daniels-rd/8LfieCDSRxSmoxMIwFGFjg,windermere-florida
https://www.ubereats.com/orlando/food-delivery/pizza-hut-8557-w-irlo-bronson-memorial-hwy/E6zBy16tRNCw_v-FR0vOGw,windermere-florida
https://www.ubereats.com/orlando/food-delivery/gators-dockside-ocoee/b6--QerPT2-QhERm7kUGRw,windermere-florida
https://www.ubereats.com/orlando/food-delivery/benihana-international-drive/Rx3aBlSLS_2tr0Zu3H_ryg,windermere-florida
https://www.ubereats.com/orlando/food-delivery/gyu-kaku-japanese-bbq-orlando/ncpZpdg3R4iJ2Bl-hCBiQA,windermere-florida
https://www.ubereats.com/orlando/food-delivery/panera-204177/1bedWH3XQJqfWS828Yu-qw,windermere-florida
https://www.ubereats.com/orlando/food-delivery/flippers-pizzeria-rolling-oaks/xebhOuseSHOxzYyDXknzLA,windermere-florida
https://www.ubereats.com/orlando/food-delivery/american-social-orlando/I4TnIFohT82yTftgq28qEw,windermere-florida
https://www.ubereats.com/orlando/food-delivery/twin-peaks-8350-international-dr/JUwgBZATS1GKIiThMWTp7Q,windermere-florida
https://www.ubereats.com/orlando/food-delivery/bella-napoli/cOeh0nFZSd-SvlYbTrVorA,windermere-florida
https://www.ubereats.com/orlando/food-delivery/dennys-5825-international/Oqg2NuccQM6D51ejrljy2Q,windermere-florida
https://www.ubereats.com/orlando/food-delivery/taco-bell-257-west-fountains-blvd/6ff1aWmcT5yud3y6Jo4ZiA,windermere-florida
https://www.ubereats.com/orlando/food-delivery/breakfast-club-winter-garden/Qbohg1nuS9ShIry_fGDjPw,windermere-florida
https://www.ubereats.com/orlando/food-delivery/chipotle-mexican-grill-10149-w-colonial-dr/pcOhG27HShK3SxBbQPJvoQ,windermere-florida
https://www.ubereats.com/orlando/food-delivery/triple-pizza-pasta/w5ILxsQnRQKv43YqHfAi_g,windermere-florida
https://www.ubereats.com/orlando/food-delivery/clay-oven-indian-cuisine/Uo8JAuYNSQytwOdn6HZeXA,windermere-florida
https://www.ubereats.com/orlando/food-delivery/dickeys-bbq-pit-10341-w-colonial-drive/VfXJvBuHS8yv_KWILgzRwA,windermere-florida
https://www.ubereats.com/orlando/food-delivery/subway-1001-s-dillard-st/R0hQ1EDZSfKK4tx9h83EXw,windermere-florida
https://www.ubereats.com/orlando/food-delivery/shanghai-gourmet/hGUfcvoQQL2ZX7HKR4UiTg,windermere-florida
https://www.ubereats.com/orlando/food-delivery/cafe-tu-tu-tango-orlando/6cmNaN3HTMOSEOjB0CGmFA,windermere-florida
https://www.ubereats.com/orlando/food-delivery/oishi-poke/YHF8yojDT06qCTMooNjMlA,windermere-florida
https://www.ubereats.com/orlando/food-delivery/kfc-510-us-hwy-27/S2ReXUE6TFW2ZTBRzlgQQw,windermere-florida
https://www.ubereats.com/orlando/food-delivery/pei-wei-8015-turkey-lake-rd-suite-400/WlufY9LvQZqwjUUrFvTRHw,windermere-florida
https://www.ubereats.com/orlando/food-delivery/planet-smoothie-sandlake-rd-dr-phillips/sc0iJB2NTdqhQtoXIw2OLw,windermere-florida
https://www.ubereats.com/orlando/food-delivery/icafe-de-paris/97pZrjw-RT2M3OJk3gAYpQ,windermere-florida
https://www.ubereats.com/orlando/food-delivery/ny-bagel-deli-miami/TA4Ip3f2TmmUnP3iexuYeQ,windermere-florida
https://www.ubereats.com/orlando/food-delivery/spoleto-windermere/uBZBunRIQvOZ3eiFGRxAoA,windermere-florida
https://www.ubereats.com/orlando/food-delivery/dennys-12375-state-rd-535/IrVRvHHdQ1-53tp04LzJyg,windermere-florida
https://www.ubereats.com/orlando/food-delivery/starbucks-winter-garden-village/Hs21RXz-SNaN8b9hWaJ-9w,windermere-florida
https://www.ubereats.com/orlando/food-delivery/wg-breakfast-sandwich-co/W60MIn3kQ0mYrdo0JGqB_g,windermere-florida
https://www.ubereats.com/orlando/food-delivery/taco-bell-5960-central-florida-parkway/xi0HnRVERweOEOk1lHTg6A,windermere-florida
https://www.ubereats.com/orlando/food-delivery/the-tea-spot/Q_k-Ih6USTqrP7TA8bqkcg,windermere-florida
https://www.ubereats.com/orlando/food-delivery/freshii-7600-dr-phillips-blvd/QUFqLpFGQTmH9MILLHL9UA,windermere-florida
https://www.ubereats.com/orlando/food-delivery/the-vineyard-orlando/jvcoTMbbRIqq7gmWqxmrng,windermere-florida
https://www.ubereats.com/orlando/food-delivery/orlando-philly-steak-halal/iSfpZbWVToikCwRBAA7gSw,windermere-florida
https://www.ubereats.com/orlando/food-delivery/mrs-potato/cdw8VAPrQ-Kk23IYymDl3Q,windermere-florida
https://www.ubereats.com/orlando/food-delivery/buffalo-wild-wings-7004-international-dr/emkTQGr3SWKU1WlLJ-rUjQ,windermere-florida
https://www.ubereats.com/orlando/food-delivery/brusters-real-ice-cream-2450-e-highway-50/SB1VXeo0SmKcZ-8jAuibjw,windermere-florida
https://www.ubereats.com/orlando/food-delivery/sahara-hookah-lounge/O81qOydST76JjyxRYRR6fg,windermere-florida
https://www.ubereats.com/orlando/food-delivery/circle-k-700-s-kirkman-rd/kaTWDIVfQT2D2wHrt_SglQ,windermere-florida
https://www.ubereats.com/orlando/food-delivery/ihop-9990-international-dr/48k-x77nSYivtcLJGkt9Vw,windermere-florida
https://www.ubereats.com/orlando/food-delivery/snow-city/6n8r09irQ2GAJyHS0A9t8w,windermere-florida
https://www.ubereats.com/orlando/food-delivery/mcalisters-deli-2420-east-hwy-50/6EPTrPWwRpq2bEAhrgngCw,windermere-florida
https://www.ubereats.com/orlando/food-delivery/zaxbys-8895-w-colonial-dr/0lYYvCfJQlio2Tqy5V6FlA,windermere-florida
https://www.ubereats.com/orlando/food-delivery/pressd-the-kitchen-15497-stoneybrook-w-pkwy/vDquzbzkQlSEFd9W_GOpgg,windermere-florida
https://www.ubereats.com/orlando/food-delivery/millers-ale-house-winter-garden/1WzrF0PQTbaW3tdbRHVUhw,windermere-florida
https://www.ubereats.com/orlando/food-delivery/macaroni-grill-lake-buena-vista/ih_ubftNSz-LAlsaNYV2kw,windermere-florida
https://www.ubereats.com/orlando/food-delivery/mellow-mushroom-i-drive/e4L9KATsRw-pBFLg7DMY0A,windermere-florida
https://www.ubereats.com/orlando/food-delivery/ihop-international-drive/LggSZuymRY6A4PJVSLZJCA,windermere-florida
https://www.ubereats.com/orlando/food-delivery/tbaar-5816-conroy-rd-fl/ZFmd1_7NQ2aoI1VowNmkzw,windermere-florida
https://www.ubereats.com/orlando/food-delivery/bob-evans-545-2951-south-highway-27/UG4RdQgbTD6bK9xBxUlMqA,windermere-florida
https://www.ubereats.com/orlando/food-delivery/hooters-kissimmee-west/7wlIuR7DT_KuZhNClRfoVw,windermere-florida
https://www.ubereats.com/orlando/food-delivery/seanas/o6S7Q_qWSQaI5Ro2ufozCQ,windermere-florida
https://www.ubereats.com/orlando/food-delivery/maharaja-indian-restaurant/foS6UkNdQ8259hRoF0w9Yg,windermere-florida
https://www.ubereats.com/orlando/food-delivery/planet-smoothie-winter-garden/XZJCLo2zTguHlHjex7CktA,windermere-florida
https://www.ubereats.com/orlando/food-delivery/taqueria-el-alacran-758-s-bluford-ave/WRlsVTk4R0aFFPyiDQfT5w,windermere-florida
https://www.ubereats.com/orlando/food-delivery/the-ice-cream-shop/iIunbTDkTROEjtAb_CxNiQ,windermere-florida
https://www.ubereats.com/orlando/food-delivery/the-pizza-press-winter-garden/wlgQLKCDRNO1q3Kl_WoFOw,windermere-florida
https://www.ubereats.com/orlando/food-delivery/millers-ale-house-i-drive/wB54dM3fT-qBrVesTedH8w,windermere-florida
https://www.ubereats.com/orlando/food-delivery/red-lobster-5936-international-drive/gdK5m4AmRAqKnLj5QCgCUQ,windermere-florida
https://www.ubereats.com/orlando/food-delivery/kfc-taco-bell-3300-daniels-road/gAzSeaEmTgudoiBbsRa-PQ,windermere-florida
https://www.ubereats.com/orlando/food-delivery/subway-2468-s-maguire-rd/5K0FObUzQtWgKQu78LeDCg,windermere-florida
https://www.ubereats.com/orlando/food-delivery/taste-of-asia/6G9wrFmBSTChpFEgmR09Og,windermere-florida
https://www.ubereats.com/orlando/food-delivery/aashirwad-indian-cuisine/k6sjYTtfTmiNded_iMOEnQ,windermere-florida
https://www.ubereats.com/orlando/food-delivery/ellie-lous-brews-%26-bbq/0wa7BVCHSTGAZeQWSE4LYw,windermere-florida
https://www.ubereats.com/orlando/food-delivery/the-h/debw_UfGRyS1h1OP5VTlzw,windermere-florida
https://www.ubereats.com/orlando/food-delivery/office-bar-and-grill/i4DwLRmpQBCfSGgDlz5j_A,windermere-florida
https://www.ubereats.com/orlando/food-delivery/starbucks-new-independence-%26-hamlin/SdhNlO1lRGq6w8-CtF3y8Q,windermere-florida
https://www.ubereats.com/orlando/food-delivery/pharmacy/xl2mJZQHT96KVv_3RxaTaA,windermere-florida
https://www.ubereats.com/orlando/food-delivery/king-master-grill/WZnl6mflSCeyPX88sm2DYA,windermere-florida
https://www.ubereats.com/orlando/food-delivery/7072-bonefish-grill-3276-daniels-road-ste-p108/mwwKCZQaQli5qBhsbA2EhQ,windermere-florida
https://www.ubereats.com/orlando/food-delivery/villaggio-restaurant/fRv6ytMKQParZmJCEnrFxg,windermere-florida
https://www.ubereats.com/orlando/food-delivery/david-ramirez-chocolates-winter-garden/VzesdrHfRESFcBt4G6R8yw,windermere-florida
https://www.ubereats.com/orlando/food-delivery/del-taco-6855-grand-national-drive/cgH_cLn3Sv2mx4SbTp8I7g,windermere-florida
https://www.ubereats.com/orlando/food-delivery/pdq-1660-e-highway-50/_qWMHo7BS3aUOQn_a4L9MA,windermere-florida
https://www.ubereats.com/orlando/food-delivery/kekes-breakfast-cafe-windermere/EdoIQq_cSZShkSvSKDiFzA,windermere-florida
https://www.ubereats.com/orlando/food-delivery/flippers-pizzeria-sea-world/WPOd1EctTYGvEvFhckbm5A,windermere-florida
https://www.ubereats.com/orlando/food-delivery/jodo-sushi/2Rg2IymWT4W7lA7VisFjUw,windermere-florida
https://www.ubereats.com/orlando/food-delivery/panera-204264/ZqedBjcESdqlkoBByOQZbA,windermere-florida
https://www.ubereats.com/orlando/food-delivery/buffalo-wild-wings-3099-formosa-gardens-blvd/AxYXONgsSlqinjjpTji2VQ,windermere-florida
https://www.ubereats.com/orlando/food-delivery/burger-bar-8801-international-drive/Pd916t5ZRt2vUnGVG_L3lQ,windermere-florida
https://www.ubereats.com/orlando/food-delivery/against-the-grain-windermere/2VMx7H1KR0ywmXtbfQE8DQ,windermere-florida
https://www.ubereats.com/orlando/food-delivery/outback-steakhouse-8195-vineland-avenue/shlqB0X2QwWoovbn5T5MTQ,windermere-florida
https://www.ubereats.com/orlando/food-delivery/starbucks-hwy-50-%26-windtree/srX8jLzaReGQZ_b9DQKqOw,windermere-florida
https://www.ubereats.com/orlando/food-delivery/box-on-the-road/t_bN2-WTSL-6--rOPuXNxw,windermere-florida
https://www.ubereats.com/orlando/food-delivery/little-greek-fresh-grill/kFKQ8G_HRSWeLPiV4xDw1Q,windermere-florida
https://www.ubereats.com/orlando/food-delivery/chipotle-mexican-grill-13599-w-colonial-dr-ste-101/0ipqcvTcR9eVknC1aFmrzw,windermere-florida
https://www.ubereats.com/orlando/food-delivery/red-lobster-2475-highway-27-s/yKwbVbzcR3mmhHgeA7FjIA,windermere-florida
https://www.ubereats.com/orlando/food-delivery/front-row-sports-bar-and-grill/szgRntZHQVOnDpMMlg5ylA,windermere-florida
https://www.ubereats.com/orlando/food-delivery/hurricane-grill-%26-wings-clermont/FUC1UIpSTYiG3GX0pn63nA,windermere-florida
https://www.ubereats.com/orlando/food-delivery/groovy-goat/_bnsbmfhQS6ce4uvvXHRjw,windermere-florida
https://www.ubereats.com/orlando/food-delivery/amor-em-pedacos-bakery/-mY65HV2Qn2ENx50niXZFg,windermere-florida
https://www.ubereats.com/orlando/food-delivery/daniels-cheesesteak-house/RIicgyNTTFirRHqQbJiYBA,windermere-florida
https://www.ubereats.com/orlando/food-delivery/wendys-6517-old-brick-road/ziasCU2wRuOvuNesEA3Y_g,windermere-florida
https://www.ubereats.com/orlando/food-delivery/troys-cuban-deli/JZ5-tlKDQ4unilc2YSJ9jg,windermere-florida
https://www.ubereats.com/orlando/food-delivery/steak-n-shake-2545-e-highway-50/xWE2uaumQaarJNpTK1C8Rg,windermere-florida
https://www.ubereats.com/orlando/food-delivery/michaels-ali-coal-fired-pizza-%26-macd-out/MwokrDSKRPSrMX7bHotqWA,windermere-florida
https://www.ubereats.com/orlando/food-delivery/jerusalem-cuisine/2u8c7u1vS1uxThaqvPOMgw,windermere-florida
https://www.ubereats.com/orlando/food-delivery/kitchen-master-food-truck/xMoNagFMRTq7DPLGs_AAWQ,windermere-florida
https://www.ubereats.com/orlando/food-delivery/a-vegan-spot-windermere-fl/iWq-XnnRRMqN8jD0VmVPkQ,windermere-florida
https://www.ubereats.com/orlando/food-delivery/metrowest-golf-club/oBU0i-hoTHyV2o4-61FWew,windermere-florida
https://www.ubereats.com/orlando/food-delivery/ceylon-hut/pq-wAfOSRR2_sF4a6KU8OQ,windermere-florida
https://www.ubereats.com/orlando/food-delivery/perkins-restaurant-disney-buena-vista/f4LqFcCPRIGiU8GArT1H2w,windermere-florida
https://www.ubereats.com/orlando/food-delivery/bjs-restaurant-and-brewhouse-8761-vineland-ave/qQq1q_9PReugtFGL1DEslA,windermere-florida
https://www.ubereats.com/orlando/food-delivery/five-guys-fl-1789-8031-turkey-lake-rd/anBcaGMuRvK4xSmjk-JOUQ,windermere-florida
https://www.ubereats.com/orlando/food-delivery/mcdonalds-arnold-palmer-dr-%26-kirkman-dr/sIu3ZfHiRKS6xmd2YQk47w,windermere-florida
https://www.ubereats.com/orlando/food-delivery/arbys-7609-irlo-bronson-memorial-hwy/UysazYniTh2KmMooZiz_Lg,windermere-florida
https://www.ubereats.com/orlando/food-delivery/geneva-pizza-orlando/_oXS4Vf7T8yDM-vPsmUznA,windermere-florida
https://www.ubereats.com/orlando/food-delivery/asian-cuisine-buffet/TRubV2aHS_SUNazMLUibwQ,windermere-florida
https://www.ubereats.com/orlando/food-delivery/mr-sushi-express-kissimmee/13uNE3_mSpeWgFkspv1Zfg,windermere-florida
https://www.ubereats.com/orlando/food-delivery/hooters-palm-pkwy-%26-s-apopka-vineland-rd/hRlvhyMfTqOcWjGA49P_GQ,windermere-florida
https://www.ubereats.com/orlando/food-delivery/outback-steakhouse-7804-west-irlo-bronson-highway/55kjQslOR8-TvJ7FnDOxjg,windermere-florida
https://www.ubereats.com/orlando/food-delivery/dunkin-17330-highway-50/IiKHJCuCQpCC8YT9Xd7FOg,windermere-florida
https://www.ubereats.com/orlando/food-delivery/hot-krust-panini-kitchen/WPM135uTTIiHmosoAUc6-A,windermere-florida
https://www.ubereats.com/orlando/food-delivery/tgi-fridays-2627-kissimmee-west-fl/r-qa9toFSAiHbL5cG-_vfg,windermere-florida
https://www.ubereats.com/orlando/food-delivery/edys-ice-cream-and-subs/c-Cg2k4ER7iFrOwg6vsnaQ,windermere-florida
https://www.ubereats.com/orlando/food-delivery/tacos-el-rancho-commodity-cir-orlando-fl/O1ulztwMTa2w2akmKgR8GA,windermere-florida
https://www.ubereats.com/orlando/food-delivery/i-love-ny-pizza-clermont/z-6-k8WLTTK5p8YRDlxS3g,windermere-florida
https://www.ubereats.com/orlando/food-delivery/my-french-cafe/D4XeUOfxSo62rO69PEjH7w,windermere-florida
https://www.ubereats.com/orlando/food-delivery/bento-asian-kitchen-%2B-sushi-dr-phillips/u-LcMYV9Tdam54FZMLiG-w,windermere-florida
https://www.ubereats.com/orlando/food-delivery/anthonys-coal-fired-pizza-sand-lake/Uj7hBdiwSZOTw5_Ahszhig,windermere-florida
https://www.ubereats.com/orlando/food-delivery/salsa-y-lasagna/ltHBgygiQ0Cb7dunx9iO-Q,windermere-florida
https://www.ubereats.com/orlando/food-delivery/saffron-indian-cuisine/opI-s8GeT9msJhM_3OKK-w,windermere-florida
https://www.ubereats.com/orlando/food-delivery/chefs-table-at-the-edgewater/oET1kqt9TXuVfRnUdB_OGw,windermere-florida
https://www.ubereats.com/orlando/food-delivery/ruths-chris-steak-house-7501-w-sand-lake-rd/tNNIPcN8Qc6gaGLcdEKvfg,windermere-florida
https://www.ubereats.com/orlando/food-delivery/sabroso-bakery-and-coffee/p6lGNn1FR_6xknyYdW86qw,windermere-florida
https://www.ubereats.com/orlando/food-delivery/hagan-o%22reillys-irish-pub-%26-resturant/LSwyZaw8THOdPPLFX4skAA,windermere-florida
https://www.ubereats.com/orlando/food-delivery/fords-garage-kissimmee/PdzfYGSzRH-C_4DqaBWAGg,windermere-florida
https://www.ubereats.com/orlando/food-delivery/kome-chinese-and-japanese-restaurant/4KMArWKNQhCtw1Q9RES_Ng,windermere-florida
https://www.ubereats.com/orlando/food-delivery/tijuana-flats-clermont/QgjSvdxBQgeBiyxKfuGNyQ,windermere-florida
https://www.ubereats.com/orlando/food-delivery/xurro-churro-factory/PkG314ClSDatb3wjC-W2yA,windermere-florida
https://www.ubereats.com/orlando/food-delivery/wendys-16007-new-independence-pkwy/-S8C2rOFRpCQNMyQYoTHTQ,windermere-florida
https://www.ubereats.com/orlando/food-delivery/mazaat-mediterranean-cuisine-%26-bar/pz5yoe21Sti3e1xGGbHBPQ,windermere-florida
https://www.ubereats.com/orlando/food-delivery/china-gourmet/tQZcDLWwR-C0h8hLw0BXiQ,windermere-florida
https://www.ubereats.com/orlando/food-delivery/kabab-house/Yr02X285S9SPE-Wqso-8GA,windermere-florida
https://www.ubereats.com/orlando/food-delivery/pizza-hut-15504-stoneybrook-west-pkwy-suite-100/eVF-YK1USXywP0sXzIJqDg,windermere-florida
https://www.ubereats.com/orlando/food-delivery/huey-magoos-chicken-tenders-sand-lake/rDjik2UuQ1O--TfifHa89g,windermere-florida
https://www.ubereats.com/orlando/food-delivery/pio-pio-restaurant-ocoee-fl/Aa7krsHxRFuC8OpguWSgzQ,windermere-florida
https://www.ubereats.com/orlando/food-delivery/ra-sushi-orlando/bRY8Cw54RgCP9KqS6eCtKw,windermere-florida
https://www.ubereats.com/orlando/food-delivery/a-taste-of-tosha/p-ffAsYXS2y3rdsekBpBvw,windermere-florida
https://www.ubereats.com/orlando/food-delivery/prime-mediterranean-grill/wGNtoaUoTkyNW95yIdgOKw,windermere-florida
https://www.ubereats.com/orlando/food-delivery/starbucks-hwy-50-%26-maguire-ocoee/uIiGQk4sQ8uOx_8j1seOiw,windermere-florida
https://www.ubereats.com/orlando/food-delivery/red-robin-559-3310-daniels-rd-%23102/7nDWl781Tymy5yyf-WCDkg,windermere-florida
https://www.ubereats.com/orlando/food-delivery/hagan-oreillys-irish-pub/23SNbeCIT5u_ZIUu-UTTfw,windermere-florida
https://www.ubereats.com/orlando/food-delivery/wrappers/fQMb7UGeT-y31bm5vh1MZg,windermere-florida
https://www.ubereats.com/orlando/food-delivery/dennys-7631-west-irlo-bronson-hwy/xK0d92wfQjyElK6i1k-jlg,windermere-florida
https://www.ubereats.com/orlando/food-delivery/millers-ale-house-kirkman/KcP5XQ1uQ-uD8kkU4VZZpA,windermere-florida
https://www.ubereats.com/orlando/food-delivery/hungry-howies-winter-garden/FCxFiAqqR7mitO_WAAEcUA,windermere-florida
https://www.ubereats.com/orlando/food-delivery/vinito-ristorante/OniQlHF_TlOUidd8R_Rnxw,windermere-florida
https://www.ubereats.com/orlando/food-delivery/subway-15504-stoneybrook-west-parkway/F67ss8WsSp61qxD1vgrggg,windermere-florida
https://www.ubereats.com/orlando/food-delivery/pizza-hut-2702-n-pine-hills-rd/HH8XifVQRp2qQPSfutR80A,windermere-florida
https://www.ubereats.com/orlando/food-delivery/black-rock-bar-%26-grill-orlando/luz5OQFWSH-Psjhny0YLmA,windermere-florida
https://www.ubereats.com/orlando/food-delivery/yoyo-dogs-%26-catering/LTXIuMkSQWi4BgVYie-3UQ,windermere-florida
https://www.ubereats.com/orlando/food-delivery/taj-punjabi-indian-restaurant-orlando/vMHW5x-_SOyT50s6_Bg0mQ,windermere-florida
https://www.ubereats.com/orlando/food-delivery/burger-king-5624-vineland-road/OQiW8Ay9R2C8OO3U4QQNHw,windermere-florida
https://www.ubereats.com/orlando/food-delivery/checkers-13495-w-colonial-drive/0S6VSxIbTZ2pKZc-g57UFg,windermere-florida
https://www.ubereats.com/orlando/food-delivery/tropical-smoothie-cafe-rolling-oaks/pk2UIi7yTR67Vj6Zwo-kTw,windermere-florida
https://www.ubereats.com/orlando/food-delivery/pollo-tropical-5294-international-driveway/twNwXev-RrG6QURILu_a6w,windermere-florida
https://www.ubereats.com/orlando/food-delivery/little-greek-fresh-grill/WvcuAh3jRuGsoKcUOQnnqA,windermere-florida
https://www.ubereats.com/orlando/food-delivery/ihop-7661-international-dr/50ZFnX6YRGOhQ4cIj4XkTw,windermere-florida
https://www.ubereats.com/orlando/food-delivery/habibi-kabob-grill/LSurU-eiQ6qg-NtRe227_Q,windermere-florida
https://www.ubereats.com/orlando/food-delivery/humbl/mjiDhybNRn-_LWuQuJrNEA,windermere-florida
https://www.ubereats.com/orlando/food-delivery/kathi-roll-kitchen/KTGXhbUdSXOou_S0UWUmzQ,windermere-florida
https://www.ubereats.com/orlando/food-delivery/krispy-kreme-millenia-blvd-%26-conroy-blvd/HwXqc8JST4KsEWkJl5LKBw,windermere-florida
https://www.ubereats.com/orlando/food-delivery/outback-steakhouse-4845-south-kirkman-road/Y15ae-HKTt2qDtAqrYJgLA,windermere-florida
https://www.ubereats.com/orlando/food-delivery/avalon-diner-winter-garden/82Sw21XwQe64YYO9cZqiRg,windermere-florida
https://www.ubereats.com/orlando/food-delivery/taco-bell-5109-international-dr/9Ov0ViF1TRy49fFqOp0d2A,windermere-florida
https://www.ubereats.com/orlando/food-delivery/pei-wei-3337-daniels-road-suite-100/8b9-VoSiSguQoQUO5K6W6g,windermere-florida
https://www.ubereats.com/orlando/food-delivery/mikado-sushi-metrowest/_WB7OqVETTCoECWKwJoI2A,windermere-florida
https://www.ubereats.com/orlando/food-delivery/marco-anthony-italian/E1oRmhs1T7yNw2r41V6vnQ,windermere-florida
https://www.ubereats.com/orlando/food-delivery/7006-bonefish-grill-7830-w-sand-lake-rd/USnsG7VQR7uWR1U18SRZMQ,windermere-florida
https://www.ubereats.com/orlando/food-delivery/the-mexican-camel/RdIjAYiMQAyz8tm2YSE5sQ,windermere-florida
https://www.ubereats.com/orlando/food-delivery/taco-bell-13309-w-colonial-dr/kOxvR8FbQCWVQKbEk7zt7A,windermere-florida
https://www.ubereats.com/orlando/food-delivery/darbar-indian-restaurant/Js8bybBmRc-OvRkis-iskA,windermere-florida
https://www.ubereats.com/orlando/food-delivery/sweet-dees-cupcakery/2xQ8yxWFT_ik6nKzqcX8Rg,windermere-florida
https://www.ubereats.com/orlando/food-delivery/jeremiahs-italian-ice-westside-shoppes/cK9rLjfWTs618-ydA1M7TA,windermere-florida
https://www.ubereats.com/orlando/food-delivery/smashburger-5812-conroy-rd/so33rhl5SzuP2dbSabOKvg,windermere-florida
https://www.ubereats.com/orlando/food-delivery/dennys-11037-international-drive/ZOFStVDGTsKdeAj77zKkCA,windermere-florida
https://www.ubereats.com/orlando/food-delivery/buca-di-beppo-celebration/m9-H7NzzSS2poQLpMtzOiQ,windermere-florida
https://www.ubereats.com/orlando/food-delivery/j-caribbean-cuisine/i5vweGaOScmZhqbeFrhnlQ,windermere-florida
https://www.ubereats.com/orlando/food-delivery/cracker-barrel-old-country-store-1520-e-hwy-50/f4GXlklnQd6KkM-LwegVPg,windermere-florida
https://www.ubereats.com/orlando/food-delivery/coco-thai-cuisine/8_wKY5wgSPSLU95akyhlvg,windermere-florida
https://www.ubereats.com/orlando/food-delivery/applebees-14990-east-orange-lake-blvd/IdEafUH5RjqRQl6MHi3LSg,windermere-florida
https://www.ubereats.com/orlando/food-delivery/burger-king-13500-west-colonial-drive/qOx-8NPERt-PTgcsr_590g,windermere-florida
https://www.ubereats.com/orlando/food-delivery/pao-gostoso-bakery/kDjIwzZqSvCFO3jkRkJMbw,windermere-florida
https://www.ubereats.com/orlando/food-delivery/slidders-pizza-winter-garden/UjjnxtWdSHeHE19qXEqITw,windermere-florida
https://www.ubereats.com/orlando/food-delivery/marlows-tavern-pointe-orlando/qV56BF6cQMauIIys87zYRg,windermere-florida
https://www.ubereats.com/orlando/food-delivery/friendly-confines-metro-west/5MCIn_QlQxq5ZPqMy69T7g,windermere-florida
https://www.ubereats.com/orlando/food-delivery/harrells-hot-dogs-%2B-cold-cones/VV749GvSR0ezJgSVIWlxfg,windermere-florida
https://www.ubereats.com/orlando/food-delivery/carrabbas-2240-e-hwy-50/EAknqucERNCwsmMUZG8IvQ,windermere-florida
https://www.ubereats.com/orlando/food-delivery/tgi-fridays-2637-orlando-millenia-fl/53gljFvyQG64fk7jShs6UA,windermere-florida
https://www.ubereats.com/orlando/food-delivery/le-cafe-de-paris/QU-DEImvTO2TMH7qtYMjKw,windermere-florida
https://www.ubereats.com/orlando/food-delivery/roccos-tacos-orlando/0cOFI-jZSuyshcl_DDPnNQ,windermere-florida
https://www.ubereats.com/orlando/food-delivery/panda-express-2591-us-hwy-27/BP7u5k81SO238LtSwP6lSQ,windermere-florida
https://www.ubereats.com/orlando/food-delivery/beef-o-bradys-1642-e-hwy-50/tEeXaML2QIS3wGQoodsJww,windermere-florida
