url,city
https://www.ubereats.com/san-antonio/food-delivery/chipotle-mexican-grill-7322-jones-maltsberger-rd-ste-206/LgPAX6iTRk-HXwnul3PHEw,windcrest-texas
https://www.ubereats.com/san-antonio/food-delivery/papa-johns-8455-crestway-dr/iLlbiLl0RLmZ3mcqCszCNA,windcrest-texas
https://www.ubereats.com/san-antonio/food-delivery/dairy-queen-9726-perrin-beitel/ToidxmckQO-d9g28aIdaMg,windcrest-texas
https://www.ubereats.com/san-antonio/food-delivery/california-pizza-kitchen-255-e-basse-rd/OXiiTpcSQ7GSfKFmi4SSjw,windcrest-texas
https://www.ubereats.com/san-antonio/food-delivery/wendys-8171-agora-parkway/2bDq-SohQkWqGDvPwzxf9g,windcrest-texas
https://www.ubereats.com/san-antonio/food-delivery/wayback-burgers/UzzUCp52R5eahyvbrb1c6Q,windcrest-texas
https://www.ubereats.com/san-antonio/food-delivery/taco-cabana-4335-thousand-oaks/mCZtLo0pTTaBWSQ4UJDE0g,windcrest-texas
https://www.ubereats.com/san-antonio/food-delivery/wingit/kcJDhiO7S2ywIIjQAc6PMQ,windcrest-texas
https://www.ubereats.com/san-antonio/food-delivery/coopers-meat-market/8mQDaDzRQgO7HQzh2E4yVQ,windcrest-texas
https://www.ubereats.com/san-antonio/food-delivery/arbys-6588-fm78/-fREHuJvQomUAaHb9dqtCQ,windcrest-texas
https://www.ubereats.com/san-antonio/food-delivery/burnwood-%E2%80%9868/Gnh8VFjlQraHcB_huSlkWQ,windcrest-texas
https://www.ubereats.com/san-antonio/food-delivery/mcdonalds-2646-n-panamer-expry/4P2WrZmARDuIblw5d0uEaA,windcrest-texas
https://www.ubereats.com/san-antonio/food-delivery/hooties-burger-bar-13131-san-pedro/P4l48yqjQpy7nAl1DYfaxw,windcrest-texas
https://www.ubereats.com/san-antonio/food-delivery/starbucks-fm-78-%26-crestway/YMjxR5xeShGRlTrYaVOIjg,windcrest-texas
https://www.ubereats.com/san-antonio/food-delivery/subway-8320-fm-78/VcO-667iS5CKumyvo4fkUw,windcrest-texas
https://www.ubereats.com/san-antonio/food-delivery/fuddruckers-botts-lane/Icxac15ESl6WvMt35J5Z8Q,windcrest-texas
https://www.ubereats.com/san-antonio/food-delivery/baskin-robbins-20821-us-highway-281-n/spLyOmW9TxmCbJaKxUZcfA,windcrest-texas
https://www.ubereats.com/san-antonio/food-delivery/mi-rodeo/l0TyXuoLRm65Zb8m79i7QQ,windcrest-texas
https://www.ubereats.com/san-antonio/food-delivery/grand-burrito/7F8OazJDQuqnwxtyKL8ZEA,windcrest-texas
https://www.ubereats.com/san-antonio/food-delivery/biff-buzbys-burgers/Pwz7N6PHRTWAh9hWGz59Gw,windcrest-texas
https://www.ubereats.com/san-antonio/food-delivery/pei-wei-999-e-basse-rd-suite-199/vLJS2neGQAO-A6A4jaWSgg,windcrest-texas
https://www.ubereats.com/san-antonio/food-delivery/longhorn-cafe12311-nacogdoches-rd/unGdE6umRoC9qYU4xZlM3w,windcrest-texas
https://www.ubereats.com/san-antonio/food-delivery/jack-in-the-box-847-5311-rigsby-ave/quSyfuVVQzyDPHcnU_vVIg,windcrest-texas
https://www.ubereats.com/san-antonio/food-delivery/freebirds-world-burrito-20811-n-highway-281-ste-402/gkrqIcHASyu-C7XltUxiBA,windcrest-texas
https://www.ubereats.com/san-antonio/food-delivery/smokin-joes-of-texas/3G_nMReBTxi8JZlT8ZgDGA,windcrest-texas
https://www.ubereats.com/san-antonio/food-delivery/sonic-19133-stone-oak-parkway/9bN2Q3S3R3-ekhGHnZ1ZAg,windcrest-texas
https://www.ubereats.com/san-antonio/food-delivery/zero-degrees-san-antonio/cuK9YUSbT-qRkUecC4rFmQ,windcrest-texas
https://www.ubereats.com/san-antonio/food-delivery/kfc-tb-8727-perrin-beitel/qHOT2HW2So6YmIGBbnZI4w,windcrest-texas
https://www.ubereats.com/san-antonio/food-delivery/al-carbon-pollos-asados/iU1p7JIAR--X0kl4TyPRHQ,windcrest-texas
https://www.ubereats.com/san-antonio/food-delivery/super-donut/I0XUGrp1SH6hs_PqIN-5gg,windcrest-texas
https://www.ubereats.com/san-antonio/food-delivery/panda-express-5738-walzem-rd/e1GtUMN5SyiHZTP7iK0bHw,windcrest-texas
https://www.ubereats.com/san-antonio/food-delivery/dennys-1815-north-foster-rd/Li6-8UxNSP2qcCrCzOMNpg,windcrest-texas
https://www.ubereats.com/san-antonio/food-delivery/oodle-ramen-bowls/hgM3HqcbRBCBbfmGRtvXMA,windcrest-texas
https://www.ubereats.com/san-antonio/food-delivery/mariscos-el-kora/6SF-n6kERw-zbIbgg-otfg,windcrest-texas
https://www.ubereats.com/san-antonio/food-delivery/pizza-italia/nfFBWj1hRxqqwG80dM9r3A,windcrest-texas
https://www.ubereats.com/san-antonio/food-delivery/tgi-fridays-560-san-antonio-tx/azGjYCLwRMGWQ3ocbIZo4A,windcrest-texas
https://www.ubereats.com/san-antonio/food-delivery/marble-slab-creamery/Iy5WiWVTRsSPVUwfnUuxvg,windcrest-texas
https://www.ubereats.com/san-antonio/food-delivery/cafe-vida-rogers-ranch/6ib3QQ4wSJqvbzMnql6PqA,windcrest-texas
https://www.ubereats.com/san-antonio/food-delivery/la-feria-del-taco/6nt4PJJdS4uF4DFBKgFIeg,windcrest-texas
https://www.ubereats.com/san-antonio/food-delivery/carnitas-don-raul/m0ijrS8MS0upeLfLqzXzfA,windcrest-texas
https://www.ubereats.com/san-antonio/food-delivery/taco-cabana-15925-san-pedro/aWBDB8sAT4Ou2NARE1lFbA,windcrest-texas
https://www.ubereats.com/san-antonio/food-delivery/farm-to-juice/ss2sFJu9SeG1gOXyH9l9Ew,windcrest-texas
https://www.ubereats.com/san-antonio/food-delivery/marble-slab-creamery-13426-san-pedro-ave/qzAeW6vtQOqrIBJNQoci3g,windcrest-texas
https://www.ubereats.com/san-antonio/food-delivery/el-pollo-loco-151-w-bitters-rd3790/RPp-rqrOTDmcW9Mg3for_Q,windcrest-texas
https://www.ubereats.com/san-antonio/food-delivery/ida-claire-san-antonio/MGbFvaTdQaKzmbKE1Dc7nA,windcrest-texas
https://www.ubereats.com/san-antonio/food-delivery/sonic-749-fm-1103/VCVdWgUjSB2ypvQTyAtXZg,windcrest-texas
https://www.ubereats.com/san-antonio/food-delivery/popeyes-17718-bulverde-road/TaoqO0tdSayrm-nkAosD0Q,windcrest-texas
https://www.ubereats.com/san-antonio/food-delivery/bakery-lorraine-pearl/xL7eEGfoQlyis1fyxvwV_Q,windcrest-texas
https://www.ubereats.com/san-antonio/food-delivery/churchs-chicken-4747-rittiman-road/bYRgaFJ9TU6zMavu8kWUlA,windcrest-texas
https://www.ubereats.com/san-antonio/food-delivery/longhorn-cafe-rittiman-road/-oqa_IJ0QXm2D1JxSo6N7g,windcrest-texas
https://www.ubereats.com/san-antonio/food-delivery/taco-guadalajara-mexican-restaurant/dg2ydKGITaCghYVfTFo8LA,windcrest-texas
https://www.ubereats.com/san-antonio/food-delivery/shake-shack-3003-broadway-street/rRZqr2ZdSoK6QkVqKODwsw,windcrest-texas
https://www.ubereats.com/san-antonio/food-delivery/el-burrito-wey-estilo-jalisco/-wNezb2NTWu_QIw-gSTmIA,windcrest-texas
https://www.ubereats.com/san-antonio/food-delivery/carnitas-mexican-restaurant/K2z3DTnVTzCLnRgm0jTYPA,windcrest-texas
https://www.ubereats.com/san-antonio/food-delivery/fish-city-grill-san-antonio/vOMwQU_aTu2nDqUX0Ylj7A,windcrest-texas
https://www.ubereats.com/san-antonio/food-delivery/sushi-seven/jI1arrf7Tf2GOTUYX3-2dA,windcrest-texas
https://www.ubereats.com/san-antonio/food-delivery/cold-stone-creamery-7917-pat-booker-road/Ur5C_YsrQpa5NvWO5ZjQkQ,windcrest-texas
https://www.ubereats.com/san-antonio/food-delivery/orange-leaf-frozen-yogurt-8311-agora-parkway-%23104/cAU_2nYKSiON3Fq4rpEqlg,windcrest-texas
https://www.ubereats.com/san-antonio/food-delivery/dennys-6703-fm78/RNlnjk0aRyGwk0ThGjhW6A,windcrest-texas
https://www.ubereats.com/san-antonio/food-delivery/braza-brava-pizzeria-napoletana/xMND7K7zQ8O9OZwKnEh7MQ,windcrest-texas
https://www.ubereats.com/san-antonio/food-delivery/salsalito-mexican-restaurant/mFUPsOp8Q7qMvFnPnalRwg,windcrest-texas
https://www.ubereats.com/san-antonio/food-delivery/panda-express-6030-fm-3009/QlLa605BQ4O1m8f8Cc_rPw,windcrest-texas
https://www.ubereats.com/san-antonio/food-delivery/meemos-bakery/GvlPzINKRPyG4o1BId-idQ,windcrest-texas
https://www.ubereats.com/san-antonio/food-delivery/jack-in-the-box-868-7720-fm-78/VNYKb-B8Qhe0ZOkIgSy64g,windcrest-texas
https://www.ubereats.com/san-antonio/food-delivery/gradys-bbq-8683-fm78/dg5DT81-QV-NP9vnjt1Mxw,windcrest-texas
https://www.ubereats.com/san-antonio/food-delivery/taco-cabana-5115-rigsby/jBprDvO4RZGxJHYefTjqYA,windcrest-texas
https://www.ubereats.com/san-antonio/food-delivery/savoureux-patisserie/0qLBkZGCRRG-3vqnJK2eKQ,windcrest-texas
https://www.ubereats.com/san-antonio/food-delivery/taqueria-hacienda-tapatia/T3xkHNDiSEeoKmzmPfMpKw,windcrest-texas
https://www.ubereats.com/san-antonio/food-delivery/the-purple-pig-bbq/K_q3avN2RNGKpX8dBoLWwg,windcrest-texas
https://www.ubereats.com/san-antonio/food-delivery/el-jarro-de-arturo/OfJrNKhsQ626FRYKR0938w,windcrest-texas
https://www.ubereats.com/san-antonio/food-delivery/pf-changs-255-e-basse-rd-suite-1200/WQX6HVaKTCOUMaf0a5NZ_w,windcrest-texas
https://www.ubereats.com/san-antonio/food-delivery/baskin-robbins-17460-ih-35-north/ib76BcLpSRepw0O3YrENsA,windcrest-texas
https://www.ubereats.com/san-antonio/food-delivery/demos-greek-food/f2Fsnf2eTIKzObrHTjdb2g,windcrest-texas
https://www.ubereats.com/san-antonio/food-delivery/subway-10811-perrin-beitel/degbTHCMQpW_nHJyGRAwmA,windcrest-texas
https://www.ubereats.com/san-antonio/food-delivery/subway-%2364336/-gQLB34JR5-86gOqmfsLGQ,windcrest-texas
https://www.ubereats.com/san-antonio/food-delivery/taqueria-los-dos-laredos-%235/OHFUlzPzTRKR5n0DESCwQA,windcrest-texas
https://www.ubereats.com/san-antonio/food-delivery/subway-%2335145/I5JupivMSyuXR-BEGLvhNQ,windcrest-texas
https://www.ubereats.com/san-antonio/food-delivery/subway-6811-san-pedro-ave/xequS1SfRRi_qR55nO_UIw,windcrest-texas
https://www.ubereats.com/san-antonio/food-delivery/thai-topaz-castle-hills/AtuSEHWZT-aqFS1DwXHPhw,windcrest-texas
https://www.ubereats.com/san-antonio/food-delivery/hearthstone-bakery-cafe-%26-event-center/VhYjhkr6Rc6c0X1shGiyIQ,windcrest-texas
https://www.ubereats.com/san-antonio/food-delivery/jack-in-the-box-807-3315-san-pedro/1t5I_xmkSDK5oG4ZRb5Q_w,windcrest-texas
https://www.ubereats.com/san-antonio/food-delivery/dennys-san-antonio/vhf9l2CqR8eoEfG0QPOr1w,windcrest-texas
https://www.ubereats.com/san-antonio/food-delivery/flames/GaKnngTVT7mr_IdghqQhzg,windcrest-texas
https://www.ubereats.com/san-antonio/food-delivery/popeyes-506-s-ww-white-rd/tNQuQHSxShWG6Dmp7a_seg,windcrest-texas
https://www.ubereats.com/san-antonio/food-delivery/pokeman-sushi-bowl-llc/75hBompMT0K0R_45NoFibQ,windcrest-texas
https://www.ubereats.com/san-antonio/food-delivery/subway-%2350154/UZiko7bdSEac4SWtUW1J2w,windcrest-texas
https://www.ubereats.com/san-antonio/food-delivery/senor-mango-ice-cream/IQNmk3HzQTOAz52xL7wdPQ,windcrest-texas
https://www.ubereats.com/san-antonio/food-delivery/burgerim-park-north/7P3AuoQBSkeHw_tDPTad-Q,windcrest-texas
https://www.ubereats.com/san-antonio/food-delivery/grill-n-shout-bbq/vZiLY5s_QcunwWnK6dr9pw,windcrest-texas
https://www.ubereats.com/san-antonio/food-delivery/taco-cabana-6826-n-loop-1604-e-bldg-2/kBXSIiafQpGdMpMO8urhwg,windcrest-texas
https://www.ubereats.com/san-antonio/food-delivery/tony-gs-soul-food/bstiPUaMRQqwyLZNs5w6Fw,windcrest-texas
https://www.ubereats.com/san-antonio/food-delivery/starbucks-1604-%26-bulverde/MuHO10reTHeBhOK2mfYHDQ,windcrest-texas
https://www.ubereats.com/san-antonio/food-delivery/46th-st-new-york-style-pizzeria-ne-san-antonio/HYqPPJfVRW-2jTkIO5nLRQ,windcrest-texas
https://www.ubereats.com/san-antonio/food-delivery/chipotle-mexican-grill-14540-forum-pkwy/Ik9kB0u8TamDUk5F0s1vvw,windcrest-texas
https://www.ubereats.com/san-antonio/food-delivery/deewillies-bbq/-TqY1SobS9K0ThJjlRvwSg,windcrest-texas
https://www.ubereats.com/san-antonio/food-delivery/la-media-luna-mexican-cafe/d1DvAJLkSwu-gHWKTgGwQw,windcrest-texas
https://www.ubereats.com/san-antonio/food-delivery/la-milanesa-restaurant-and-grill/YNpk5n4FSnS5vqo1UAwWlw,windcrest-texas
https://www.ubereats.com/san-antonio/food-delivery/the-point-panaderia-%26-cafe/onfwidg1RiyrwcLLVWGbcg,windcrest-texas
https://www.ubereats.com/san-antonio/food-delivery/tenko-ramen/-VLcXt7QSRS4r5yKu7rU1g,windcrest-texas
https://www.ubereats.com/san-antonio/food-delivery/hon-machi-sushi-%26-teppanyaki-stoneoak/e04VSlVWQ7aqMGV3qFST-g,windcrest-texas
https://www.ubereats.com/san-antonio/food-delivery/china-express/qasiCwrQTYqb_MBwSruszA,windcrest-texas
https://www.ubereats.com/san-antonio/food-delivery/tropical-smoothie-cafe-17331-i-35/nMKTEwv1Tp2svSCwctyt5g,windcrest-texas
https://www.ubereats.com/san-antonio/food-delivery/aloha-shaved-ice-fruit-cups-and-more/DUbiwc4LQFGRA_e9I3zRog,windcrest-texas
https://www.ubereats.com/san-antonio/food-delivery/churchs-chicken-1318-s-ww-white-rd/O6iHN3srQOyXmFYruaOcgg,windcrest-texas
https://www.ubereats.com/san-antonio/food-delivery/sushishima-japanese-restaurant/Uj-8q8m7RHG0DvCJ5-vjEQ,windcrest-texas
https://www.ubereats.com/san-antonio/food-delivery/taco-cabana-11722-ih-35-n/Ysm5eTAPT_SEmzTR6tICzA,windcrest-texas
https://www.ubereats.com/san-antonio/food-delivery/taco-bell-8040-pat-booker/T6-DTp7WSwaQVDjCwdQ39A,windcrest-texas
https://www.ubereats.com/san-antonio/food-delivery/kfc-tb-14076-nacogdoches-road/4lt9q_x7R-iS5QZHI90ZJA,windcrest-texas
https://www.ubereats.com/san-antonio/food-delivery/dennys-2210-loop-410-se/lkJjqVcjQhGhbIdyxzlyEw,windcrest-texas
https://www.ubereats.com/san-antonio/food-delivery/dennys-6801-blanco-rd/X9UqT-saRmO35OjyGcyJrA,windcrest-texas
https://www.ubereats.com/san-antonio/food-delivery/popeyes-4535-rittiman-rd/KIjdm8_QT-mNjeNUzMSJmA,windcrest-texas
https://www.ubereats.com/san-antonio/food-delivery/walk-ons-sports-bistreaux-hollywood-park/biIxBZstSEW0Xhs0PKfVBQ,windcrest-texas
https://www.ubereats.com/san-antonio/food-delivery/mcdonalds-1450-austin-hwy/LGdmNxw_RLyJ0M3j4kcKOw,windcrest-texas
https://www.ubereats.com/san-antonio/food-delivery/hoffmans-steak-house/SpC7BynXT4OL-oho1p-6tg,windcrest-texas
https://www.ubereats.com/san-antonio/food-delivery/spice-fine-indian-cuisine/CwpuU6lvSwmIli7FBvA37w,windcrest-texas
https://www.ubereats.com/san-antonio/food-delivery/dairy-queen-13122-nacogdoches-rd/fRFaRu3TT82BGecPoIsGlQ,windcrest-texas
https://www.ubereats.com/san-antonio/food-delivery/saltgrass-16910-us281-north/5yhJdvI2RJ-d54HKAsxJTg,windcrest-texas
https://www.ubereats.com/san-antonio/food-delivery/taco-cabana-838-e-bitters-road/WMfDdSkQR9WVprEKUTQeSQ,windcrest-texas
https://www.ubereats.com/san-antonio/food-delivery/the-growler-exchange-pizza-%26-beer/lb_Q9t2yQMmbtdoOcaofuA,windcrest-texas
https://www.ubereats.com/san-antonio/food-delivery/astro-superbowl/AMNUeK4fQdCkrXxIRTr6Xw,windcrest-texas
https://www.ubereats.com/san-antonio/food-delivery/dairy-queen-2252-thousand-oaks-blvd-%23220/XHEDzTY2Riywz1tewofwGA,windcrest-texas
https://www.ubereats.com/san-antonio/food-delivery/earth-burger-san-antonio/JBLOsg5VT4COFjFQ2S75Rg,windcrest-texas
https://www.ubereats.com/san-antonio/food-delivery/crunchy-greens-salads/KJyjNWQnR2GEZg7P5O7beg,windcrest-texas
https://www.ubereats.com/san-antonio/food-delivery/lubys-tesoro-dr/nHmpFCfKTveh8HTFKSGWig,windcrest-texas
https://www.ubereats.com/san-antonio/food-delivery/subway-%2327194/q-ZILRsKQ12AvWySs38KAg,windcrest-texas
https://www.ubereats.com/san-antonio/food-delivery/starbucks-the-quarry-west/xqT8bWtLS32BrC6affdGRw,windcrest-texas
https://www.ubereats.com/san-antonio/food-delivery/carls-jr-12802-n-interstate-35/0dy5ev-GTwS8K-emSmisUQ,windcrest-texas
https://www.ubereats.com/san-antonio/food-delivery/grimaldis-pizzeria-quarry-village/9EcfFhkVSjOxslujvTgHZA,windcrest-texas
https://www.ubereats.com/san-antonio/food-delivery/kumori-sushi-%26-teppanyaki-stone-oak/Gq4_HyBYSRGsq5Dz134QLg,windcrest-texas
https://www.ubereats.com/san-antonio/food-delivery/taco-cabana-4622-rittiman-rd/gCvRWzlpRk6oI6cZs5cVFQ,windcrest-texas
https://www.ubereats.com/san-antonio/food-delivery/mcdonalds-15011-jones-maltsburger/qYRM-QbYQviJeKPCziVoWA,windcrest-texas
https://www.ubereats.com/san-antonio/food-delivery/wiseguys-a-chicago-eatery-nakoma-st/sGoh1EosS_6E1CTMONxJqg,windcrest-texas
https://www.ubereats.com/san-antonio/food-delivery/taqueria-los-dos-laredos/sWxvbfAgRA-G9wkUjDX3KA,windcrest-texas
https://www.ubereats.com/san-antonio/food-delivery/pretzelmaker-6909-n-loop-1604-e/igQZZcG8QYGUJA-b8funtg,windcrest-texas
https://www.ubereats.com/san-antonio/food-delivery/brews-lee-tea/pYMsb0bvTXCf4rVBXEf8fA,windcrest-texas
https://www.ubereats.com/san-antonio/food-delivery/kai-japanese-sushi-restaurant/ubLMOz10Q5G4NMBU3QhyOg,windcrest-texas
https://www.ubereats.com/san-antonio/food-delivery/botika-restaurant/QGne2FpIReGy8VdcpUMNkQ,windcrest-texas
https://www.ubereats.com/san-antonio/food-delivery/rapid-fire-pizza-121-pat-booker-ave/v1yJEPWLTteLVQlZLmu1qQ,windcrest-texas
https://www.ubereats.com/san-antonio/food-delivery/pizza-classics/_aiqGNcLTWOiNJsK8sUw5A,windcrest-texas
https://www.ubereats.com/san-antonio/food-delivery/pj-fresh-1815-n-foster-road/mwMACJcWSBy88BmB0LaJgw,windcrest-texas
https://www.ubereats.com/san-antonio/food-delivery/starbucks-i-35-%26-walzem/IeNYJwAbQ_qeTYLf0pr4yQ,windcrest-texas
https://www.ubereats.com/san-antonio/food-delivery/rios-barbacoa/kcpopeitQfey49GkgA6IdQ,windcrest-texas
https://www.ubereats.com/san-antonio/food-delivery/jack-in-the-box-933-4606-rittiman-rd/SU9DB6_tSqewmp8hq0itSg,windcrest-texas
https://www.ubereats.com/san-antonio/food-delivery/jugo-juicery/TSaz7bvYS2WjPVsXI_0O9Q,windcrest-texas
https://www.ubereats.com/san-antonio/food-delivery/itadakimasu-food-truck/SH41Ld1jRBqRrQNtl8Wz8w,windcrest-texas
https://www.ubereats.com/san-antonio/food-delivery/lucky-lounge/Nn501wb3Q1Ogknh5SPRGjA,windcrest-texas
https://www.ubereats.com/san-antonio/food-delivery/firehouse-subs-1802-n-loop-1604-e-%23104/xSjjtnjJRq-mzQ3tqY-kEg,windcrest-texas
https://www.ubereats.com/san-antonio/food-delivery/biff-buzbys-burgers/ZRgSKEuCSBKzCZ4Y7g0DtQ,windcrest-texas
https://www.ubereats.com/san-antonio/food-delivery/taco-bell-11711-oconnor-road/g3ZXPJOsQJSLLwJF3ptTzQ,windcrest-texas
https://www.ubereats.com/san-antonio/food-delivery/el-burrito-wey/Hj85migWQBaKqquuZni_cg,windcrest-texas
https://www.ubereats.com/san-antonio/food-delivery/panda-express-4248-s-new-braunfels-ave/NrlIsBdZTKuCxcAxeXeiXw,windcrest-texas
https://www.ubereats.com/san-antonio/food-delivery/tacos-el-regio/nPQmDpDUSQucIJTGWTHmVA,windcrest-texas
https://www.ubereats.com/san-antonio/food-delivery/piranha-killer-sushi-san-antonio/gmQlKo7qQyu1mVjKKEQbNA,windcrest-texas
https://www.ubereats.com/san-antonio/food-delivery/ihop-6831-north-loop-1604-east/6VjeQjUyRWuhYWmVDCzd2Q,windcrest-texas
https://www.ubereats.com/san-antonio/food-delivery/pei-wei-1802-n-loop-1604-e-suite-101/jdj0Ar3hT12OrcWIeNfa4A,windcrest-texas
https://www.ubereats.com/san-antonio/food-delivery/starbucks-nacogdoches-%26-new-braunfels/35dArvqySiSXfpfc4nlavQ,windcrest-texas
https://www.ubereats.com/san-antonio/food-delivery/taco-bell-5318-w-walzem-rd/reuwBgk5R0uLVAgeQMLWZA,windcrest-texas
https://www.ubereats.com/san-antonio/food-delivery/la-taqueria-austin-hwy-grill-%26-cantina/0uF2WclkReqQtZBuyYQkJg,windcrest-texas
https://www.ubereats.com/san-antonio/food-delivery/beijing-restaurant-%26-gift-shop-embassy-row/dxvbChNmTpKS90uk04tQog,windcrest-texas
https://www.ubereats.com/san-antonio/food-delivery/china-sun-restaurant-san-antonio/jUemJqe-QfSAz4THZJMaQg,windcrest-texas
https://www.ubereats.com/san-antonio/food-delivery/54th-street-restaurant-%26-drafthouse-live-oak/1JjPdcomR-OHDTeJCJRkhg,windcrest-texas
https://www.ubereats.com/san-antonio/food-delivery/india-oven/VFd1dPZ_SFGRyYsCCUEMpw,windcrest-texas
https://www.ubereats.com/san-antonio/food-delivery/lil-joes-new-orleans-smokehouse/86NoD-uHSPCtimZHy92A6g,windcrest-texas
https://www.ubereats.com/san-antonio/food-delivery/rockin-pescado/HM6FrGEURmqWL99d4biCqQ,windcrest-texas
https://www.ubereats.com/san-antonio/food-delivery/nola-eats/3V_PfgToTlywC-ipNi083w,windcrest-texas
https://www.ubereats.com/san-antonio/food-delivery/kobe-japanese-steakhouse/Vf2IsbQxSCO-hcNTxO-P7A,windcrest-texas
https://www.ubereats.com/san-antonio/food-delivery/freebirds-world-burrito-14975-ih-35-north-ste-101/iBucPFCgSQ6Ghr8ggI61Tw,windcrest-texas
https://www.ubereats.com/san-antonio/food-delivery/wendys-1410-austin-highway/n6Ir1zoDQ_2P0PzS-HRo7w,windcrest-texas
https://www.ubereats.com/san-antonio/food-delivery/sonic-9080-fm-78/9VbvDdixT2W3DILk0Z_3Ew,windcrest-texas
https://www.ubereats.com/san-antonio/food-delivery/taco-bell-8630-fm-78/1x_8GuHJTdCe9TStuz--eQ,windcrest-texas
https://www.ubereats.com/san-antonio/food-delivery/hat-creek-burger-co-live-oak/osMVxLmbRMmrdGy8IRuBsA,windcrest-texas
https://www.ubereats.com/san-antonio/food-delivery/sushi-zushi-lincoln-heights/sfC6d7kfRtGrENc5KT0Nmg,windcrest-texas
https://www.ubereats.com/san-antonio/food-delivery/mcdonalds-4619-rittiman-rd/rW4eDVCWQTSapkE7Q56p6w,windcrest-texas
https://www.ubereats.com/san-antonio/food-delivery/ihop-4818-walzem-rd/mjC9DbwzTJiQJ6MJX2Xd3A,windcrest-texas
https://www.ubereats.com/san-antonio/food-delivery/baby-taco/u2E0CZgcSseRYWxhjDNphw,windcrest-texas
https://www.ubereats.com/san-antonio/food-delivery/taco-cabana-8105-fourwinds-dr/AsngxY69TdShDql813nuyQ,windcrest-texas
https://www.ubereats.com/san-antonio/food-delivery/taco-bell-1327-austin-highway/WbI-PNefTkyC6QtAm01iGQ,windcrest-texas
https://www.ubereats.com/san-antonio/food-delivery/san-poke/i6somgfAQGOgWis8BBpNDQ,windcrest-texas
https://www.ubereats.com/san-antonio/food-delivery/true-texas-bbq-bulverde/vOXfEn4ESNi7ZpCkxcAzRg,windcrest-texas
https://www.ubereats.com/san-antonio/food-delivery/taco-cabana-2908-broadway/LosHgUOnS62rr1L6V0s3ZA,windcrest-texas
https://www.ubereats.com/san-antonio/food-delivery/dunkin-12311-nacogdoches-rd/T-IPCWsLQYKZXEYpA8AJ4g,windcrest-texas
https://www.ubereats.com/san-antonio/food-delivery/taco-cabana-1255-ne-loop-410/_No01f0ZQP28g0eUU9F65A,windcrest-texas
https://www.ubereats.com/san-antonio/food-delivery/nees-thai-%26-sushi/5xv8sFZmRsSPghVIZESuDA,windcrest-texas
https://www.ubereats.com/san-antonio/food-delivery/five-guys-tx-4035-20811-us-hwy-281-n/PbOlB-IJT4615giOd4lAMw,windcrest-texas
https://www.ubereats.com/san-antonio/food-delivery/mcdonalds-13919-nacogdoches/VQolAGdUSyqW1buSbLU1gA,windcrest-texas
https://www.ubereats.com/san-antonio/food-delivery/china-sea-restaurant/awAsPEhUSNmd6w2xx0ODTA,windcrest-texas
https://www.ubereats.com/san-antonio/food-delivery/wok-this-way-san-antonio/55t2zCYwSgy21lrrGOt3ug,windcrest-texas
https://www.ubereats.com/san-antonio/food-delivery/zaxbys-176-w-borgfeld-rd/OU3rs8cbSrCpbGjS_IPynw,windcrest-texas
https://www.ubereats.com/san-antonio/food-delivery/sabor-latino-restaurant/Eug-5UsJTxK-hjgmyo_EEQ,windcrest-texas
https://www.ubereats.com/san-antonio/food-delivery/the-art-of-donut/ytsApqfvTt2h8GVsnr3BKA,windcrest-texas
https://www.ubereats.com/san-antonio/food-delivery/meemos-bakery/yvuHWnNIQzuN2vtOJ4exww,windcrest-texas
https://www.ubereats.com/san-antonio/food-delivery/zero-degrees-ne-san-antonio/uFfgCQE2Tc2M9EgJiww1Lw,windcrest-texas
https://www.ubereats.com/san-antonio/food-delivery/taco-guadalajara-san-antonio/icDjUoRvQbmE6MEdHFmqCQ,windcrest-texas
https://www.ubereats.com/san-antonio/food-delivery/red-point-pizza/El5aITr5QDCrC7VH7oMU6Q,windcrest-texas
https://www.ubereats.com/san-antonio/food-delivery/buffalo-wild-wings-8450-n-interstate-35/_x2CZpGzRbOCu-q4BGVZeQ,windcrest-texas
https://www.ubereats.com/san-antonio/food-delivery/wendys-17702-bulverde-rd/Q45W3CGjQFuthz4_C_KD8Q,windcrest-texas
https://www.ubereats.com/san-antonio/food-delivery/panda-express-1446-austin-hwy/XamUClFHS7-D9krZJZuoiw,windcrest-texas
https://www.ubereats.com/san-antonio/food-delivery/taco-cabana-7339-san-pedro/dyjt97HeTcq5AsDPYjVzrQ,windcrest-texas
https://www.ubereats.com/san-antonio/food-delivery/arctic-ape-wild-desserts/feWbKldzTamAGLUpGckD3A,windcrest-texas
https://www.ubereats.com/san-antonio/food-delivery/subway-%2312289/c_QS7OXTSLSYoAZa2_xzaw,windcrest-texas
https://www.ubereats.com/san-antonio/food-delivery/the-groovy-chicken/czWuDMkVRX65g9GU7lnpug,windcrest-texas
https://www.ubereats.com/san-antonio/food-delivery/moodys-bbq/Vo6FEL3AQLyrEUKU5XM-AQ,windcrest-texas
https://www.ubereats.com/san-antonio/food-delivery/hot-joy/fk9ohyXDQeKtYXfQH-5Uig,windcrest-texas
https://www.ubereats.com/san-antonio/food-delivery/cucinetta-di-pasta/LunPlJmBTXu-fMTHEGvlgw,windcrest-texas
https://www.ubereats.com/san-antonio/food-delivery/sushi-wa/qMoNlAvKRcyb1AbTU8OJ0g,windcrest-texas
https://www.ubereats.com/san-antonio/food-delivery/wingit-universal-city/x5NqP9GEQWCIT7y0hacixA,windcrest-texas
https://www.ubereats.com/san-antonio/food-delivery/popeyes-1472-austin-highway/RI4YhIP-RdW3sN2nfZ-qlg,windcrest-texas
https://www.ubereats.com/san-antonio/food-delivery/mcdonalds-9151-fm-78/1SavhGK7TCeRtgPC7QYBeA,windcrest-texas
https://www.ubereats.com/san-antonio/food-delivery/formosa-garden/g-F_TQM9QNSEPUghtPp3hg,windcrest-texas
https://www.ubereats.com/san-antonio/food-delivery/sat-asian-seafood/_DBHE8MBShSfTbiktDiPvA,windcrest-texas
https://www.ubereats.com/san-antonio/food-delivery/first-watch-blanco/Q3tKjgk0R2K2A5MLsn6ZYA,windcrest-texas
https://www.ubereats.com/san-antonio/food-delivery/eddies-taco-house3755-thousand-oaks-dr/FUp61G3NQGm9VzyjMqXVlw,windcrest-texas
https://www.ubereats.com/san-antonio/food-delivery/fishland-fish-market/dSfQRzYTRguQvPAf-xln5g,windcrest-texas
https://www.ubereats.com/san-antonio/food-delivery/mortons-the-steakhouse-300-e-crockett-street/srotrtJ6SaSdWmejQ5skbw,windcrest-texas
https://www.ubereats.com/san-antonio/food-delivery/taqueria-perla-tapatia/7HB2PFhCRLiIPn25MFFDIg,windcrest-texas
https://www.ubereats.com/san-antonio/food-delivery/alis-pizzeria-san-antonio/maYdk4FXSXSxyiicM2QtPw,windcrest-texas
https://www.ubereats.com/san-antonio/food-delivery/smokey-mos-bbq-evans-crossing/VOBjEukzS3Sm2tjcHbT4gw,windcrest-texas
https://www.ubereats.com/san-antonio/food-delivery/mcdonalds-12203-jones-maltsburger/-EbIJZCDTTiItc8EMrVWxw,windcrest-texas
https://www.ubereats.com/san-antonio/food-delivery/gypsy-cafe/knHRCawvTFSM19kn8A_zsQ,windcrest-texas
https://www.ubereats.com/san-antonio/food-delivery/chilito-lindo/_jKffHT2T5uf7TwdsYlfzQ,windcrest-texas
https://www.ubereats.com/san-antonio/food-delivery/burger-king-8922-airport-blvd/esS6jeLySECZlhDlH2g_zQ,windcrest-texas
https://www.ubereats.com/san-antonio/food-delivery/pepes-tacos-n-salsa/ZZmLMM3FTeW8omNlUqDQxA,windcrest-texas
https://www.ubereats.com/san-antonio/food-delivery/jack-in-the-box-858-1818-n-foster-rd/1Ga5mz1UQPqyT2LTghLAWg,windcrest-texas
https://www.ubereats.com/san-antonio/food-delivery/hooters-san-pedro-ave-%26-embassy-oaks/5M1HTcaIToOoPInRY7pRrg,windcrest-texas
https://www.ubereats.com/san-antonio/food-delivery/taco-palenque-loop-410/JmzZSHuETWiKCUxZhK2M0Q,windcrest-texas
https://www.ubereats.com/san-antonio/food-delivery/tapatio-vegan-tacos/7p4nOs95R_aeFBbj-iAedg,windcrest-texas
https://www.ubereats.com/san-antonio/food-delivery/twin-sisters-bakery-and-cafe/rP4jLnszStaXlMlzJJDFxA,windcrest-texas
https://www.ubereats.com/san-antonio/food-delivery/dairy-queen-7115-e-us-hwy-87/es_uay-2QTWK-xIfUXl69w,windcrest-texas
https://www.ubereats.com/san-antonio/food-delivery/zoes-kitchen-999-e-basse-road-ste-125/0r5Z3p7IRPe5URuou0I_sQ,windcrest-texas
https://www.ubereats.com/san-antonio/food-delivery/india-taj-palace/vLNDPtH0R3GOCyP1wRB9Vw,windcrest-texas
https://www.ubereats.com/san-antonio/food-delivery/la-coronela-mexican-restaurant/6jDH8B6kRh6VN1pBZTEVzg,windcrest-texas
https://www.ubereats.com/san-antonio/food-delivery/lili-de-paris/OqtH7RyDQ0WkpTjjYAtafQ,windcrest-texas
https://www.ubereats.com/san-antonio/food-delivery/mcdonalds-7975-kitty-hawk-road/LUydne1gQ4yS_O6rj1VxxA,windcrest-texas
https://www.ubereats.com/san-antonio/food-delivery/jack-in-the-box-870-15037-nacogdoches/nPB_zb2ZTF60IwRz0wMaoA,windcrest-texas
https://www.ubereats.com/san-antonio/food-delivery/shipley-do-nut/f2GU0A5ST_Ka2XAb4MKKxw,windcrest-texas
https://www.ubereats.com/san-antonio/food-delivery/ihop-17220-interstate-highway-35-north/RPui3qQdQLiH9BS4fgeUkw,windcrest-texas
https://www.ubereats.com/san-antonio/food-delivery/full-house-chinese-restaurant/w7Sm8Gk-Q8WzTbWw6ApcSQ,windcrest-texas
https://www.ubereats.com/san-antonio/food-delivery/pasha-mediterranean-grill-i-35-frontage-rd/UIe0FHW8QmaCq1R3J3jYHA,windcrest-texas
https://www.ubereats.com/san-antonio/food-delivery/lubys-san-pedro/gdLp3UZHRhuFtOXr-IJbCg,windcrest-texas
https://www.ubereats.com/san-antonio/food-delivery/sushi-zushi-downtown/kNUJ9hBISIWfiz85TYOHSA,windcrest-texas
https://www.ubereats.com/san-antonio/food-delivery/schlotzskys-2514-nacogdoches-road/JnOkYrr4SMmE_Ta-vwDqkA,windcrest-texas
https://www.ubereats.com/san-antonio/food-delivery/paciugo-gelato-cafe/qKbo8oUQTtqLLvOiUi9kcQ,windcrest-texas
https://www.ubereats.com/san-antonio/food-delivery/pasha-mediterranean-grill-n-loop-1604/EUgPvhAGScyEjyj1Wctwow,windcrest-texas
https://www.ubereats.com/san-antonio/food-delivery/el-pollo-loco-7327-san-pedro-ave3777/FLVwYN1OSb-AT7M3rd1uRA,windcrest-texas
https://www.ubereats.com/san-antonio/food-delivery/pho-and-chinese/iHp7LXPUTKSs71SCBdutBg,windcrest-texas
https://www.ubereats.com/san-antonio/food-delivery/mcdonalds-8631-broadway/IGzlM1jtSuqQKJX0Ou6TRA,windcrest-texas
https://www.ubereats.com/san-antonio/food-delivery/lemongrass-thai-restaurant/TR0MdXjESiC3yEYJmOYLfw,windcrest-texas
https://www.ubereats.com/san-antonio/food-delivery/las-quesabrosaz/-DYN4E3iTdGvMmaUv8pgMw,windcrest-texas
https://www.ubereats.com/san-antonio/food-delivery/jack-in-the-box-935-7150-san-pedro-ave/obsU72BsQOW_DX_ACAhZhQ,windcrest-texas
https://www.ubereats.com/san-antonio/food-delivery/schlotzskys-deli-perrin-beitel-rd/6RS2-WFbQxm71euKcPdaKw,windcrest-texas
https://www.ubereats.com/san-antonio/food-delivery/saltgrass-60-north-east-loop-410/k9irQ6Z5QL-50GXwCRdjrg,windcrest-texas
https://www.ubereats.com/san-antonio/food-delivery/tink-a-tako-2511-se-military-dr/ViOItxekT7q2lJLnTT-cfg,windcrest-texas
https://www.ubereats.com/san-antonio/food-delivery/blum-coffee-and-tea/6_G0oywESbuDD_C5TEKUTw,windcrest-texas
https://www.ubereats.com/san-antonio/food-delivery/el-burrito-tapatio/IbuU0hc5TaiwO63dFTZOeA,windcrest-texas
https://www.ubereats.com/san-antonio/food-delivery/subway-%2333708/tSoHxrSNSAqbCuIYlePYmQ,windcrest-texas
https://www.ubereats.com/san-antonio/food-delivery/bushs-chicken-walzem/rXokEmjmTf67X1NTsHuMuQ,windcrest-texas
https://www.ubereats.com/san-antonio/food-delivery/singhs/Z5UclJj9R8erpsTfZ8HdOw,windcrest-texas
https://www.ubereats.com/san-antonio/food-delivery/habibi-cafe/dak56u0HQOCzQoBUGRHc_Q,windcrest-texas
https://www.ubereats.com/san-antonio/food-delivery/dennys-12816-ih35-n/KVWtqAXyTE6upi26KGshWw,windcrest-texas
https://www.ubereats.com/san-antonio/food-delivery/fontaines-southern-diner-and-bar/YvV750lUQM--BUpQjjVeEw,windcrest-texas
https://www.ubereats.com/san-antonio/food-delivery/ruths-chris-steak-house-7720-jones-maltsberger-rd/KtmkWPBnQRuJSstEjM5qxQ,windcrest-texas
https://www.ubereats.com/san-antonio/food-delivery/taco-cabana-1253-austin-hwy/J3yJUJH2TJa1XqOj2PFwag,windcrest-texas
https://www.ubereats.com/san-antonio/food-delivery/lins-international-buffet-selma/tbqZ_E7_TymQO2EfXwrJOA,windcrest-texas
https://www.ubereats.com/san-antonio/food-delivery/el-campesino-d-alamo/qFIGdofCQoSI5ChzHUhTCg,windcrest-texas
https://www.ubereats.com/san-antonio/food-delivery/tre-enoteca/5znFuXh6To6SyN6XdZeLpQ,windcrest-texas
https://www.ubereats.com/san-antonio/food-delivery/gordos-mini-tacos/zDsB81hERe-cJmCKLTAULQ,windcrest-texas
https://www.ubereats.com/san-antonio/food-delivery/la-perla-del-pacifico-shertz/rOYhhnPoQ0SOh0tWyOT_4w,windcrest-texas
https://www.ubereats.com/san-antonio/food-delivery/arbys-2639-ne-loop-410/3dhtiMBSQ8eMwOTMV3aL3g,windcrest-texas
https://www.ubereats.com/san-antonio/food-delivery/mikes-taco-house/86x9q8PXTEiW__G2th8c7A,windcrest-texas
https://www.ubereats.com/san-antonio/food-delivery/flemings-prime-steakhouse-%26-wine-bar-san-antonio/NhMgjMLNSimgKQd0-oqEzQ,windcrest-texas
https://www.ubereats.com/san-antonio/food-delivery/la-marginal/OT0sfNI9TmytN72WKQNuFA,windcrest-texas
https://www.ubereats.com/san-antonio/food-delivery/revolucion-coffee-%2B-juice-alamo-heights/64JYwa3QTZ2cnHPhgyz57g,windcrest-texas
https://www.ubereats.com/san-antonio/food-delivery/urban-bricks-liveoak/awVWYR_gTeKRUdhV3hJOYA,windcrest-texas
https://www.ubereats.com/san-antonio/food-delivery/mellow-mushroom-san-antonio/B1tFbRHLRWOrDGEI77IlTw,windcrest-texas
https://www.ubereats.com/san-antonio/food-delivery/lees-kitchen-universal-city/nxA_4YzRQgGdCkQJi8lZsA,windcrest-texas
https://www.ubereats.com/san-antonio/food-delivery/panda-express-713-cibolo-valley-dr/G67Tb2J5QCut3TvUdDkfwg,windcrest-texas
https://www.ubereats.com/san-antonio/food-delivery/eggspectation-san-antonio/HvtMZkPERQa8DQ2S2MSseg,windcrest-texas
https://www.ubereats.com/san-antonio/food-delivery/mr-juicy/W3ggcuYgTeC69jvr9RDRag,windcrest-texas
https://www.ubereats.com/san-antonio/food-delivery/wingz-waffles-%26-more/JK_lwe8QTHGpGuSJlxmpPQ,windcrest-texas
https://www.ubereats.com/san-antonio/food-delivery/lees-kitchen-perrin-beitel-rd/06Qif5b9RRqL6j4v6tr3LA,windcrest-texas
https://www.ubereats.com/san-antonio/food-delivery/orange-leaf-frozen-yogurt-118-mt-calvary-rd-suite-101/QKSur9yAQ06PAI_4QghQyw,windcrest-texas
https://www.ubereats.com/san-antonio/food-delivery/schlotzskys-17604-north-ih-35/0DaypHFDQVOfJOVkYzYGUg,windcrest-texas
https://www.ubereats.com/san-antonio/food-delivery/la-mejico-express/TxQ6pek1QA-7DDFbDC9b-g,windcrest-texas
https://www.ubereats.com/san-antonio/food-delivery/mcdonalds-102-s-ww-white/xYFuRjvZTNi_e0EOG3KQng,windcrest-texas
https://www.ubereats.com/san-antonio/food-delivery/fredericks-restaurant/4EptkdqNTKyPzZChWQfZeg,windcrest-texas
https://www.ubereats.com/san-antonio/food-delivery/kfc-tb-17397-ih-35-north/ngPdMKP9RNWOwoJnRcugSg,windcrest-texas
https://www.ubereats.com/san-antonio/food-delivery/las-palapas-forum/eKg0e5_5Sdq9LmBj7zSREw,windcrest-texas
https://www.ubereats.com/san-antonio/food-delivery/dennys-17455-ih-35-n/B5KTiIUcQVS78c_pjcORGA,windcrest-texas
https://www.ubereats.com/san-antonio/food-delivery/golden-chick-22002-hwy-281-n/wRLHrJxMR8ikT801K2pI7Q,windcrest-texas
https://www.ubereats.com/san-antonio/food-delivery/golden-chick-4315-s-gevers-st/znYGcsBhSYCnyw0Oaa88Hw,windcrest-texas
https://www.ubereats.com/san-antonio/food-delivery/five-guys-tx-1304/lehnjfHcSuG0OkQ9bRBU6Q,windcrest-texas
https://www.ubereats.com/san-antonio/food-delivery/the-lost-cajun/PpHjIEQwQ7mQQJ8rGo40dw,windcrest-texas
https://www.ubereats.com/san-antonio/food-delivery/adelante-mexican-food/AsnYNMQ7SAmVZ6BAkcBLwQ,windcrest-texas
https://www.ubereats.com/san-antonio/food-delivery/popeyes-2980-pat-booker-rd/vSHY49nMSl-lsKXs8EkcVg,windcrest-texas
https://www.ubereats.com/san-antonio/food-delivery/thai-casa/FuOSUbiiT8OxltmW5XQ7kw,windcrest-texas
https://www.ubereats.com/san-antonio/food-delivery/gradys-bar-b-que-i35/z2pVaRMpTP2Aoa--2-QfSQ,windcrest-texas
https://www.ubereats.com/san-antonio/food-delivery/viva-pho/Yc24pGf3SfuYWU6znV5dbQ,windcrest-texas
https://www.ubereats.com/san-antonio/food-delivery/rotana/7UKDQ324SpapTbvvhKg4FQ,windcrest-texas
https://www.ubereats.com/san-antonio/food-delivery/usa-donuts/eJ_UfRDFSTq20qIpISJHXA,windcrest-texas
https://www.ubereats.com/san-antonio/food-delivery/saint-city-tacos/EbPBLdI4TjyfYbpWv5a5cw,windcrest-texas
https://www.ubereats.com/san-antonio/food-delivery/taco-bell-17822-bulverde-road/QBYqwVfMQg--p6N-V2wuSw,windcrest-texas
https://www.ubereats.com/san-antonio/food-delivery/amys-ice-creams-san-antonio/OzgR_jSWTeS_5i07Vcvqbw,windcrest-texas
https://www.ubereats.com/san-antonio/food-delivery/lick-honest-ice-creams-san-antonio/sr-VwOK5S5SdjbdB8waOCg,windcrest-texas
https://www.ubereats.com/san-antonio/food-delivery/osaka-japanese-steak-%26-sushi-broadway/BEqBp8gyQBmhNBX5Jk7BvA,windcrest-texas
https://www.ubereats.com/san-antonio/food-delivery/mcdonalds-5700-walzem-rd/0sqhDxqmTnm2UtqckYa_YQ,windcrest-texas
https://www.ubereats.com/san-antonio/food-delivery/tre-trattoria/jwLjekajQfSvlm_p7FhSBA,windcrest-texas
https://www.ubereats.com/san-antonio/food-delivery/firehouse-subs-8211-agora-pkwy-ste-110/51FAumV9RryemyUwMn1-7A,windcrest-texas
https://www.ubereats.com/san-antonio/food-delivery/willies-grill-%26-icehouse-san-pedro/G8mgt0PCSw6aDJYbU1oj0g,windcrest-texas
https://www.ubereats.com/san-antonio/food-delivery/taco-bell-3906-s-new-braunfels-ave/aSqISKmZSZG6XzAaLHXAJw,windcrest-texas
https://www.ubereats.com/san-antonio/food-delivery/shake-shack-7411-san-pedro-avenue/Sfs27DH4R9OFfPJI1nWiCw,windcrest-texas
https://www.ubereats.com/san-antonio/food-delivery/subway-%2333982/xKMuMG9lTIaNRbKRUFdNgQ,windcrest-texas
https://www.ubereats.com/san-antonio/food-delivery/popeyes-7031-san-pedro-ave/X2toIgZ9Tl-LjgQaLhS-OA,windcrest-texas
https://www.ubereats.com/san-antonio/food-delivery/ihop-19239-stone-oak-parkway-suite-205/xmbghXTuQC6YtaERLwqHYw,windcrest-texas
https://www.ubereats.com/san-antonio/food-delivery/taco-cabana-1533-pat-booker-rd/CGZWCY2bSQSkKGOeFw-zhg,windcrest-texas
https://www.ubereats.com/san-antonio/food-delivery/capos-pizza/TkVmF3yuS4eNbuejmnDopQ,windcrest-texas
https://www.ubereats.com/san-antonio/food-delivery/karma-fruiteria/pKgql8hBTmGKts24nKOBmA,windcrest-texas
https://www.ubereats.com/san-antonio/food-delivery/romanos-macaroni-grill-8355-agora-pkwy/pb0Z8vjNSa-zEJpH00xqGw,windcrest-texas
https://www.ubereats.com/san-antonio/food-delivery/cracker-barrel-old-country-store-98-ne-loop-410/EevZZ_PDT56z3eEYFPuqIw,windcrest-texas
https://www.ubereats.com/san-antonio/food-delivery/big-mamas-taste-of-soul/ByVqms2cTwO76UtDF_kyHw,windcrest-texas
https://www.ubereats.com/san-antonio/food-delivery/jack-in-the-box-859-11615-n-ih-35/eGDvhRQgSfaX_j_VyZRnKg,windcrest-texas
https://www.ubereats.com/san-antonio/food-delivery/congas/Zaxs3mYhRyidL6rJQ_iKCA,windcrest-texas
https://www.ubereats.com/san-antonio/food-delivery/souly-vegan/y8L4z5-nSRaTxcYW3emGPw,windcrest-texas
https://www.ubereats.com/san-antonio/food-delivery/kfc-tb-2907-thousand-oaks-drive/_iopRAh6S8y9CPDqZymtVw,windcrest-texas
https://www.ubereats.com/san-antonio/food-delivery/kfc-tb-7009-san-pedro-avenue/m9_JGEDiTICGpZsrIMohpA,windcrest-texas
https://www.ubereats.com/san-antonio/food-delivery/arbys-12802-i-35/5E1k5UYVRoG4xjcLTg7QWQ,windcrest-texas
https://www.ubereats.com/san-antonio/food-delivery/mod-pizza-the-forum/KM57Y26FTsChTyYof8XDXA,windcrest-texas
https://www.ubereats.com/san-antonio/food-delivery/little-italy-restaurant-san-antonio/9dKhI-DySpWG2KRvA4TnDg,windcrest-texas
https://www.ubereats.com/san-antonio/food-delivery/kona-grill-north-star/8MndD6vuQaSPQRT-J-bg8w,windcrest-texas
https://www.ubereats.com/san-antonio/food-delivery/tacos-chagos/Nkeow2RmTyS67S1lP3z9VQ,windcrest-texas
https://www.ubereats.com/san-antonio/food-delivery/thai-lucky/78cOPRjCSy-4j7VLrNPDGA,windcrest-texas
https://www.ubereats.com/san-antonio/food-delivery/guajillos-the-shortcut-to-mexico/wrLzZJznRryAJPBlqm9p0g,windcrest-texas
https://www.ubereats.com/san-antonio/food-delivery/taco-bell-4714-rittiman-rd/8pTd55dWQF-rdYKHMLytTw,windcrest-texas
https://www.ubereats.com/san-antonio/food-delivery/bushs-chicken-nacogdoches/L9VUoqWoRC2-G5Q9B2XUUQ,windcrest-texas
https://www.ubereats.com/san-antonio/food-delivery/juice-joint/8lSl6rWgRwKG6xr9HbVTqA,windcrest-texas
https://www.ubereats.com/san-antonio/food-delivery/hangar-pub/wvi-7MgbQWiKKNJhzHscxw,windcrest-texas
https://www.ubereats.com/san-antonio/food-delivery/mr-baja-taco/5p5tmmvvS-ey6oQwVvdbbg,windcrest-texas
https://www.ubereats.com/san-antonio/food-delivery/panda-express-21025-us-hwy-281-n/KjbFm28BSOeE_CHxihS26w,windcrest-texas
https://www.ubereats.com/san-antonio/food-delivery/mamas-kitchen/wz9ip2gdSBmeouCrPiboYg,windcrest-texas
https://www.ubereats.com/san-antonio/food-delivery/ihop-6519-fm-78/ijgBzhT2Qc-BWysZP_I5WA,windcrest-texas
https://www.ubereats.com/san-antonio/food-delivery/long-john-silvers-8540-fm-78-rd/lfuU0ZqvQnetMV_hj8wjbQ,windcrest-texas
https://www.ubereats.com/san-antonio/food-delivery/kfc-tb-213-pat-booker-rd/cZpmLNsGTq6rN7_JTUEiFA,windcrest-texas
https://www.ubereats.com/san-antonio/food-delivery/kfc-tb-5315-rigsby-avenue/AxihTM48Q7iCvc2SVp4TCQ,windcrest-texas
https://www.ubereats.com/san-antonio/food-delivery/fat-tummy-empanadas/vHoLZi8XRui5WywV6pZ-0A,windcrest-texas
https://www.ubereats.com/san-antonio/food-delivery/kfc-tb-6635-fm-78/1akhLFNQQ2adiPuhIVZyvg,windcrest-texas
https://www.ubereats.com/san-antonio/food-delivery/jack-in-the-box-926-2235-ne-loop-410/RWUMlyIRSzug2JmVwj42YA,windcrest-texas
https://www.ubereats.com/san-antonio/food-delivery/1618-deli-sandwiches/dJkRLvrNQW6DnOONjk01aw,windcrest-texas
https://www.ubereats.com/san-antonio/food-delivery/a%26w-all-american-food-8540-fm-78/R4iVQNarSveB5uflp_D9mA,windcrest-texas
https://www.ubereats.com/san-antonio/food-delivery/churchs-chicken-11910-perrin-beitel-rd/lKhoDl16TuaWYfwCYBzZvg,windcrest-texas
https://www.ubereats.com/san-antonio/food-delivery/pho-tommy-%231/C5Rcs6g7T1KnUesUxvuawA,windcrest-texas
https://www.ubereats.com/san-antonio/food-delivery/hula-poke-san-antonio/NcdhtbcaQUiuFx56nHSR2Q,windcrest-texas
https://www.ubereats.com/san-antonio/food-delivery/mcdonalds-6363-fm-78/tIWeOjuHQSuiseu690xjXA,windcrest-texas
https://www.ubereats.com/san-antonio/food-delivery/ihop-3820-broadway/tPxHBfqUTVK6sHSyfyppUg,windcrest-texas
https://www.ubereats.com/san-antonio/food-delivery/kfc-5109-walzem-road/cmb2IAR5QnG-25UCcFk9nw,windcrest-texas
https://www.ubereats.com/san-antonio/food-delivery/a-lil-bit-of-this-n-that-bakery/OhkoL8GqS_6iB-kVsdg_IQ,windcrest-texas
https://www.ubereats.com/san-antonio/food-delivery/infusa-cafe/x-jQE1L-SpGchfeM-Au_mQ,windcrest-texas
https://www.ubereats.com/san-antonio/food-delivery/tropical-smoothie-cafe/4JV0xGU8TtCT19zXClaymA,windcrest-texas
https://www.ubereats.com/san-antonio/food-delivery/bean-sprout-chinese-restaurant/7gR3LRbcSHyRnEPmX7EK7Q,windcrest-texas
https://www.ubereats.com/san-antonio/food-delivery/the-hangar/VctBNn9KT_KqCJrJXzJ_WQ,windcrest-texas
https://www.ubereats.com/san-antonio/food-delivery/earth-burger-nacogdoches-st/laux2ogbQOq4wrLnJAVCZg,windcrest-texas
https://www.ubereats.com/san-antonio/food-delivery/yummi-japanese-restaurant/gcsUUUxBT0adEx2OUN1PFQ,windcrest-texas
https://www.ubereats.com/san-antonio/food-delivery/mediterranean-turkish-grill/ZfgcQXXLSROClQUEPsp2Ng,windcrest-texas
https://www.ubereats.com/san-antonio/food-delivery/taco-bell-11461-perrin-beitel/-NSB5hmNTtOM8ZPGb5jdhw,windcrest-texas
https://www.ubereats.com/san-antonio/food-delivery/zios-italian-kitchen-610/K4nnecgdSJuRJm2XdVvO5w,windcrest-texas
https://www.ubereats.com/san-antonio/food-delivery/subway-8521-perrin-beitel/t-8maXz2RCytBiD_ChF3GQ,windcrest-texas
https://www.ubereats.com/san-antonio/food-delivery/mamas-gumbo/01U7qxFnRye9xDG444iIbg,windcrest-texas
https://www.ubereats.com/san-antonio/food-delivery/leahs-mexican-restaurant-san-antonio/4xH21SxTQM6EoAc-FXHZlw,windcrest-texas
https://www.ubereats.com/san-antonio/food-delivery/wendys-11919-perrin-beitel/xqss9fHER0O6nCW_NmKlEw,windcrest-texas
https://www.ubereats.com/san-antonio/food-delivery/yum-thai-2-san-antonio/hY4N40NeQ_e9YPHNvAPelw,windcrest-texas
https://www.ubereats.com/san-antonio/food-delivery/saint-queenies/jsIshW_TR4CbqFs6Y0BZ9g,windcrest-texas
https://www.ubereats.com/san-antonio/food-delivery/chipotle-mexican-grill-438-nw-loop-410-ste-101/MnErI1krQrWJ4QjqlXk-Dw,windcrest-texas
https://www.ubereats.com/san-antonio/food-delivery/ramis-pizza/2UybmdciTcCBmvIW2am3jQ,windcrest-texas
https://www.ubereats.com/san-antonio/food-delivery/mary-lous-cafe/e3slL_c2QbqJ6Gt6p_2Ucw,windcrest-texas
https://www.ubereats.com/san-antonio/food-delivery/popeyes-14107-nacogdoches-rd/LXwjsGqiRyCGYame8S47Yw,windcrest-texas
https://www.ubereats.com/san-antonio/food-delivery/paraiso-de-jalisco-%232/F40721vhTMayPO7Fejz_WA,windcrest-texas
https://www.ubereats.com/san-antonio/food-delivery/marble-slab-creamery-broadway/TLBcLStUTt6Hp1PesvmOOA,windcrest-texas
https://www.ubereats.com/san-antonio/food-delivery/chicago-bagel-%26-deli/u6LMj8a1TrKFql1Us6d6SQ,windcrest-texas
https://www.ubereats.com/san-antonio/food-delivery/smokey-mos-bbq-stone-oak/yvoKGsniT1SD3_sDASKOyQ,windcrest-texas
https://www.ubereats.com/san-antonio/food-delivery/papa-johns-11102-toepperwein-rd/biYz__bZTWOp2bw6MzxLMQ,windcrest-texas
https://www.ubereats.com/san-antonio/food-delivery/mcdonalds-8315-fm-78/lgIiBnWORMOReSNpomXWhg,windcrest-texas
https://www.ubereats.com/san-antonio/food-delivery/wah-kee-chinese-restaurant/s7VAy3m_SOWGS6sgk1tsUg,windcrest-texas
https://www.ubereats.com/san-antonio/food-delivery/big-lous-pizza/GcwJnqJDST6l858GsriIjQ,windcrest-texas
https://www.ubereats.com/san-antonio/food-delivery/oiga-mire-vea-colombian-cravings/_SFknzxNSYe37mO2Wt7rnA,windcrest-texas
https://www.ubereats.com/san-antonio/food-delivery/potbelly-sandwich-shop-broadway-%7C-450/OUocxFWtRfGRV1fxbZvx6A,windcrest-texas
https://www.ubereats.com/san-antonio/food-delivery/long-john-silvers-5430-walzem-road/mqfLr6t2Rqq6mPEalW3u4w,windcrest-texas
https://www.ubereats.com/san-antonio/food-delivery/triple-t-nw-loop-410/r2cfBkGjQ8ugwvtrtdQdsg,windcrest-texas
https://www.ubereats.com/san-antonio/food-delivery/scratch-kitchen/TT9A7YD9TSeq3jlUcYRgMw,windcrest-texas
https://www.ubereats.com/san-antonio/food-delivery/orange-leaf-frozen-yogurt-6909-n-loop-1604-e-ste-vc02c/UQeeJybbQFCsBBPSbxwoow,windcrest-texas
https://www.ubereats.com/san-antonio/food-delivery/thai-walzem-cuisine/CbZzYYQOS4ijPlQ21v9Rww,windcrest-texas
https://www.ubereats.com/san-antonio/food-delivery/mcdonalds-6967-san-pedro-ave/HAEQojssSPmb09kKfTUysA,windcrest-texas
https://www.ubereats.com/san-antonio/food-delivery/pesto-ristorante-judson/I6H0eECiTjSgsSdRDBFbtA,windcrest-texas
https://www.ubereats.com/san-antonio/food-delivery/jack-in-the-box-819-7206-blanco/EM922H8qQcGnQR95BHlRtQ,windcrest-texas
https://www.ubereats.com/san-antonio/food-delivery/churchs-chicken-1001-rittiman/BqQPZY7-TyiiUilvSy8SHg,windcrest-texas
https://www.ubereats.com/san-antonio/food-delivery/taco-bell-722-seguin-street/TYHP3ZXmSvSr-JZS3yiWBg,windcrest-texas
https://www.ubereats.com/san-antonio/food-delivery/panda-express-6355-rittiman-road/zWimFAs0QHauLLHxq7R4pQ,windcrest-texas
https://www.ubereats.com/san-antonio/food-delivery/figlios-pizzeria-and-ristorante/KapyQyLiSwC8CslclEE_1A,windcrest-texas
https://www.ubereats.com/san-antonio/food-delivery/bok-choy/Re8fHRcITaKGi75Rdchchw,windcrest-texas
https://www.ubereats.com/san-antonio/food-delivery/taco-cabana-3310-san-pedro-ave/BsZlWW_7S1iPVks_8WaeUw,windcrest-texas
https://www.ubereats.com/san-antonio/food-delivery/wendys-8646-fm-78/wOBESPSQQkydj3dMmCopVQ,windcrest-texas
https://www.ubereats.com/san-antonio/food-delivery/taco-cabana-3003-thousand-oaks/Czmn09nwTaaWGAl_Vj8hJw,windcrest-texas
https://www.ubereats.com/san-antonio/food-delivery/dairy-queen-8099-village-oak-dr/gD-kTjJ1Ti2ahROjBL-XIg,windcrest-texas
https://www.ubereats.com/san-antonio/food-delivery/loaded-baked-potatoes/7NOOrwJJS6SMe0EjGDbFFw,windcrest-texas
https://www.ubereats.com/san-antonio/food-delivery/five-guys-tx-0405-260-e-basse-rd/whrjg1rvTkOAOm3ozpVOdg,windcrest-texas
https://www.ubereats.com/san-antonio/food-delivery/sushi-zushi-stone-oak/6DuHSDupTySxsuclQidj4A,windcrest-texas
https://www.ubereats.com/san-antonio/food-delivery/lennys-grill-%26-subs-17910-bulverde-road/BJh_Un2RQ0mioJld98C51g,windcrest-texas
https://www.ubereats.com/san-antonio/food-delivery/ihop-8107-agora-pkwy/f0ec0-m7RmOIw3kGJvnw1g,windcrest-texas
https://www.ubereats.com/san-antonio/food-delivery/the-beignet-stand/d3WZlGKLR86BLCw2UGVM-A,windcrest-texas
https://www.ubereats.com/san-antonio/food-delivery/starbucks-rittiman-%26-harry-wurzbach/cWBilbwaRx2IY9WSbKbc1A,windcrest-texas
https://www.ubereats.com/san-antonio/food-delivery/mcdonalds-11710-interstate-35-n/2go8QryvSi25k8YatlPxcw,windcrest-texas
https://www.ubereats.com/san-antonio/food-delivery/bayseas-seafood-ww-white/O6Mo--avTR-GmDqyan18DA,windcrest-texas
https://www.ubereats.com/san-antonio/food-delivery/wendys-742-sequin-st/JQNcx6FSRHmWwfODLtiZIg,windcrest-texas
https://www.ubereats.com/san-antonio/food-delivery/applebees-97-loop-410-ne/gqXLnQkKRZGGlFwYPLL1Gw,windcrest-texas
https://www.ubereats.com/san-antonio/food-delivery/panda-express-8250-agora-parkway-%23148/bUhKvXG1T2CVE7S_NMcwww,windcrest-texas
https://www.ubereats.com/san-antonio/food-delivery/taco-bell-603-cibolo-valley-dr/cMBTkAC9ReO6uMhmumWm3A,windcrest-texas
https://www.ubereats.com/san-antonio/food-delivery/bushs-chicken-thousand-oaks/0X1YvXzPRDOvbAvUu3T9DQ,windcrest-texas
https://www.ubereats.com/san-antonio/food-delivery/jack-in-the-box-914-523-fair-ave/7I3l1HtlTOKS2kX-1MYGzw,windcrest-texas
https://www.ubereats.com/san-antonio/food-delivery/red-lobster-8210-i-h-35-n/os_4B1uQQ365Gen8vrGOig,windcrest-texas
https://www.ubereats.com/san-antonio/food-delivery/burger-king-8131-pat-booker-rd/HVAfgi2zSkOB2Zo-rCLKEg,windcrest-texas
https://www.ubereats.com/san-antonio/food-delivery/el-tipico/PwZsoDVpSsKsMz3XsdC7hg,windcrest-texas
https://www.ubereats.com/san-antonio/food-delivery/una-vez-fue-res/RephpKEZRjGJ6PAdGPOLMw,windcrest-texas
https://www.ubereats.com/san-antonio/food-delivery/the-last-slice/Y_V_UrncRQ69CnEX6PHNpQ,windcrest-texas
https://www.ubereats.com/san-antonio/food-delivery/burger-king-6359-rittiman-rd/oUnjSnyuQ2qPpb8BXCiOnQ,windcrest-texas
https://www.ubereats.com/san-antonio/food-delivery/firehouse-subs-embassy-oaks/NZnQBeVIRJSzGGgvVKMtEA,windcrest-texas
https://www.ubereats.com/san-antonio/food-delivery/taqueria-el-trompo/QvK_zn8rTGaegHldbNNolg,windcrest-texas
https://www.ubereats.com/san-antonio/food-delivery/taqueria-la-siberia-de-monterrey/KV_u2kWiTeCdf74UAVBp1A,windcrest-texas
https://www.ubereats.com/san-antonio/food-delivery/fusion-cuisine-express/x4UPNRMPRki4ejYlQxUTvQ,windcrest-texas
https://www.ubereats.com/san-antonio/food-delivery/panda-express-834-nw-loop-410/pKXqN2dfTaasfT_cmSfE-g,windcrest-texas
https://www.ubereats.com/san-antonio/food-delivery/lis-restaurant/Zv-8xSLvSR-Ir9UzMSU6jw,windcrest-texas
https://www.ubereats.com/san-antonio/food-delivery/maxs-wine-dive-san-antonio/u5lbgDPVTly4LXgOVpg4_g,windcrest-texas
https://www.ubereats.com/san-antonio/food-delivery/subway-14084-nacogdoches-rd/g34IJyMzSWKhCTwBojIhFA,windcrest-texas
https://www.ubereats.com/san-antonio/food-delivery/the-angry-elephant/taS3Q252R12zbC0oV-qGoA,windcrest-texas
https://www.ubereats.com/san-antonio/food-delivery/papa-johns-4525-rigsby-st/XMGDDRLyRZaIvEUcNZrr_A,windcrest-texas
https://www.ubereats.com/san-antonio/food-delivery/piatti-quarry/zVhbJgQ4T4KAyNvEFCa6Ew,windcrest-texas
https://www.ubereats.com/san-antonio/food-delivery/kims-galbi-restaurant/95qkyuclQaSCed7WAInBBg,windcrest-texas
https://www.ubereats.com/san-antonio/food-delivery/krispy-kreme-sonterra/UWeg0YooS4GLyDHT8czuPQ,windcrest-texas
https://www.ubereats.com/san-antonio/food-delivery/tacos-el-regio-nocogdoches/uZf55XeDRiyou75AmFCdPQ,windcrest-texas
https://www.ubereats.com/san-antonio/food-delivery/outback-steakhouse-8131-agora-parkway/jxpJLem-Qj-D1vcUyoRebg,windcrest-texas
https://www.ubereats.com/san-antonio/food-delivery/oke-poke-bowls-and-burritos/d-Ke52y8Tq6DcqMv5JwNjA,windcrest-texas
https://www.ubereats.com/san-antonio/food-delivery/applebees-7880-ih-35-north/fkogNWpBRiW6Cs06_hgl2g,windcrest-texas
https://www.ubereats.com/san-antonio/food-delivery/bamboo/QPIjvjhsQFyr3dWv2VrsJg,windcrest-texas
https://www.ubereats.com/san-antonio/food-delivery/pho-thien-an/ETTCnCeRQD-PtmpwpFFtJg,windcrest-texas
https://www.ubereats.com/san-antonio/food-delivery/mcdonalds-4720-broadway/ExXXHCx1RyKU1xEeiDtucg,windcrest-texas
https://www.ubereats.com/san-antonio/food-delivery/%22famous-smokehouse-at%22-casa-de-smittys/lrWdp370T7mgkdYIPGSm_w,windcrest-texas
https://www.ubereats.com/san-antonio/food-delivery/genghis-grill-the-forum/S5XDXklcRDqIgMrr4pzXWg,windcrest-texas
https://www.ubereats.com/san-antonio/food-delivery/jugo-juicery-stone-oak/npMjYbbIRrKc0AvJmk6pFw,windcrest-texas
https://www.ubereats.com/san-antonio/food-delivery/chipotle-mexican-grill-190-w-bitters-rd/_WHYB-MgSL6-23Ln5Gc90Q,windcrest-texas
https://www.ubereats.com/san-antonio/food-delivery/starbucks-bitters-%26-embassy-row/Od7004w9TcGCe6nUbghDbA,windcrest-texas
https://www.ubereats.com/san-antonio/food-delivery/jaliscos-mexican-restaurant-bar-%26-grill-2/LgHw0kJUT1yx_hqnfP8Y6g,windcrest-texas
https://www.ubereats.com/san-antonio/food-delivery/taco-cabana-2347-e-southcross/doztucL0R1eOuIkx2yCsdw,windcrest-texas
https://www.ubereats.com/san-antonio/food-delivery/botika/NdSrxBaWQvOgAt1hNF-D6g,windcrest-texas
https://www.ubereats.com/san-antonio/food-delivery/subway-%2313667/uUBStqTOQCOVxoP7E6RMEg,windcrest-texas
https://www.ubereats.com/san-antonio/food-delivery/red-robin-362-8227-agora-parkway/e_COXDx3TxePEtYbTpM6Cw,windcrest-texas
https://www.ubereats.com/san-antonio/food-delivery/the-lords-kitchen/6ko4zMIEQ3CeLi9eBulRKg,windcrest-texas
https://www.ubereats.com/san-antonio/food-delivery/costa-pacifica/0V2p3RnrSRaqX1gSX8hMIg,windcrest-texas
https://www.ubereats.com/san-antonio/food-delivery/burger-king-5013-walzem-rd/yn2Roe2LT9GoDQstM2RgJg,windcrest-texas
https://www.ubereats.com/san-antonio/food-delivery/hacienda-camilla/wnorhVVvT-St_iSjGDqdVQ,windcrest-texas
https://www.ubereats.com/san-antonio/food-delivery/hooties-burger-bar-15412-ih-35-north/HDEi7zdNS4eh-ljGeiFXQQ,windcrest-texas
https://www.ubereats.com/san-antonio/food-delivery/starbucks-1604-%26-pat-booker/PJonn4UPSbaYVBb-ENHHVw,windcrest-texas
https://www.ubereats.com/san-antonio/food-delivery/la-villa-mexican-restaurant/hiImAteSQHWJ-mkm0_1RTA,windcrest-texas
https://www.ubereats.com/san-antonio/food-delivery/the-aloha-kitchen/0Cs0sTppR5SWv5Stn54F7Q,windcrest-texas
https://www.ubereats.com/san-antonio/food-delivery/chuck-e-cheese-14564-ih-35n/ogOzheCiSjSzy01hTFKljw,windcrest-texas
https://www.ubereats.com/san-antonio/food-delivery/potbelly-sandwich-shop-the-forum-%7C-445/U9tEUokeRBK_JGHFnYafpw,windcrest-texas
https://www.ubereats.com/san-antonio/food-delivery/marks-outing/6zJQcs54QISNtNaMCNA1tw,windcrest-texas
https://www.ubereats.com/san-antonio/food-delivery/54th-street-restaurant-%26-drafthouse-san-antonio-east-rector-st/o3ZR0zaVSI2M-UeBhqltyg,windcrest-texas
https://www.ubereats.com/san-antonio/food-delivery/da-soul-spot/YCHZI6jOR7mpbni3xxezEQ,windcrest-texas
https://www.ubereats.com/san-antonio/food-delivery/starbucks-i-10-%26-commerce/2Tl2e2LrTgeYjdGvbqOA8Q,windcrest-texas
https://www.ubereats.com/san-antonio/food-delivery/cullums-attagirl/lMYEK6N4Tn6RWeyFI8KhMA,windcrest-texas
https://www.ubereats.com/san-antonio/food-delivery/charleys-philly-steaks-forum-at-olympia-parkway/4b62_o4GRpy-HociOAzqaA,windcrest-texas
https://www.ubereats.com/san-antonio/food-delivery/ilsong-garden/IUmEcfe5TzqDlClwUxkgoA,windcrest-texas
https://www.ubereats.com/san-antonio/food-delivery/shut-yo-mouth-fish-and-seafood/dpjIzEozT4WcN4jW5CNrNw,windcrest-texas
https://www.ubereats.com/san-antonio/food-delivery/burger-king-4618-rittiman-road/FsYa1p9AQ5e6hnXcYYABgQ,windcrest-texas
https://www.ubereats.com/san-antonio/food-delivery/3-double-o-9/FN5tJYj0SA2Br4Ho2RwdAg,windcrest-texas
https://www.ubereats.com/san-antonio/food-delivery/sabor-de-mexico/mO2XDwA7QAqoafTWGQ_NUw,windcrest-texas
https://www.ubereats.com/san-antonio/food-delivery/freebirds-world-burrito-125-nw-loop-410-ste-440/hxqNwlLITJ-zDlAuu1Ukcw,windcrest-texas
https://www.ubereats.com/san-antonio/food-delivery/zoes-kitchen-8215-agora-pkwy-suite-100/L5IACSaHS22ce8uyx3kCBw,windcrest-texas
https://www.ubereats.com/san-antonio/food-delivery/wen-wah-chinese-restaurant/ZASPp3DxS5CuyUEtX16bTQ,windcrest-texas
https://www.ubereats.com/san-antonio/food-delivery/shuck-shack/hynj4HJyQ_Cnl4dwY9Arjw,windcrest-texas
https://www.ubereats.com/san-antonio/food-delivery/cracker-barrel-old-country-store-6330-n-interstate-35/K3g5fgbZQdWnN7dJneaKCA,windcrest-texas
https://www.ubereats.com/san-antonio/food-delivery/buffalo-wild-wings-7903-pat-booker-rd/q0GJijV6TnSFMftzlVivaQ,windcrest-texas
https://www.ubereats.com/san-antonio/food-delivery/urban-bricks-pizza-live-oak/n4QKODccRqGoh8Hg9slrtw,windcrest-texas
https://www.ubereats.com/san-antonio/food-delivery/spice-grill-and-bar/XeURPnTcTuepZ0UEXJN3wQ,windcrest-texas
https://www.ubereats.com/san-antonio/food-delivery/taqueria-el-huarache/3H50voJXQ3WlhMmiz-Aklg,windcrest-texas
https://www.ubereats.com/san-antonio/food-delivery/hooters-selma/n-k9JlVAQxC2f8mqDRfGAg,windcrest-texas
https://www.ubereats.com/san-antonio/food-delivery/honey-baked-ham-999-east-basse/PhN1mfcYTHeIgZAfpFiZBw,windcrest-texas
https://www.ubereats.com/san-antonio/food-delivery/bushs-chicken-shertz/BJmRM89CSWqNrkQuDd1G2Q,windcrest-texas
https://www.ubereats.com/san-antonio/food-delivery/panda-express-14072-nacogdoches-rd/k_ihCE6yRXi34Pua5uGBsA,windcrest-texas
https://www.ubereats.com/san-antonio/food-delivery/simple-chinese/ymeTPZk9QBSsdmOwSHv1qA,windcrest-texas
https://www.ubereats.com/san-antonio/food-delivery/commonwealth-coffeehouse-%26-bakery-northeast-baptist/YtB0w6k0QtmYMYuQ6LWl0A,windcrest-texas
https://www.ubereats.com/san-antonio/food-delivery/hope-desserts/wz0QetBwTqeGozEG_GLDpA,windcrest-texas
https://www.ubereats.com/san-antonio/food-delivery/bahama-bucks-2310-pat-booker-rd/eRC1W1pHQXiEp5WOmGSLpQ,windcrest-texas
https://www.ubereats.com/san-antonio/food-delivery/golden-chick-4110-n-foster-rd/DFKw2uYcRhWyTDxM0M3jyQ,windcrest-texas
https://www.ubereats.com/san-antonio/food-delivery/kung-fu-tea-3126-pat-booker-rd/dfEuujJUQEip447mdRZPsw,windcrest-texas
https://www.ubereats.com/san-antonio/food-delivery/cafezinho/OFZRes1DQ3aknMziHQetYw,windcrest-texas
https://www.ubereats.com/san-antonio/food-delivery/jacked!-potato/uFvM7eeNQ1e1fy1Wx89Dcg,windcrest-texas
https://www.ubereats.com/san-antonio/food-delivery/orange-leaf-frozen-yogurt-8340-w-farm-to-market-road-78/uRs3sknqQ7G3FHTBkIansQ,windcrest-texas
https://www.ubereats.com/san-antonio/food-delivery/churchs-chicken-5096-farm-rd-78/lCsqDDj6Sp6lkwTBHRmIJg,windcrest-texas
https://www.ubereats.com/san-antonio/food-delivery/las-palapas-4802-walzem-road/moKeuM90RHytHOjWLv0xVw,windcrest-texas
https://www.ubereats.com/san-antonio/food-delivery/munchies-shakes-snacks-%26-more-military-hwy/4G21FAPMS-K0hh2B-Wgo9A,windcrest-texas
https://www.ubereats.com/san-antonio/food-delivery/tasty-thai-restaurants/qMV5xtwCR6KX3hgpyNSIsA,windcrest-texas
https://www.ubereats.com/san-antonio/food-delivery/firehouse-wings/m4f1s0vlTHmPiLmyfEha1g,windcrest-texas
https://www.ubereats.com/san-antonio/food-delivery/rolandos-super-tacos-no-1/2BUn-gd6TviATTQiyb5kVw,windcrest-texas
https://www.ubereats.com/san-antonio/food-delivery/bkk-bangkok-cuisine-inc/lIAZujlGQM2X9psXnlX5aw,windcrest-texas
https://www.ubereats.com/san-antonio/food-delivery/teka-molino/4aN0if6TTY-qFmyOfi9UwQ,windcrest-texas
https://www.ubereats.com/san-antonio/food-delivery/genghis-grill-san-antonio-north-loop/z1L6fXrhSw6QBa8AqepS3g,windcrest-texas
https://www.ubereats.com/san-antonio/food-delivery/burger-king-16711-nacagdoches-road/CH46sF3nSb2emTGSQlpoAA,windcrest-texas
https://www.ubereats.com/san-antonio/food-delivery/taco-bell-6938-n-loop-1604-e/sOZdJuyYTFatogfnUKEnIg,windcrest-texas
https://www.ubereats.com/san-antonio/food-delivery/thai-lucky-sushi-bar/GfuPU0BBTBe4kDkRzDLG3g,windcrest-texas
https://www.ubereats.com/san-antonio/food-delivery/arbys-evans-rd/ZTC6NEJLSTOJf7pOAOF84A,windcrest-texas
https://www.ubereats.com/san-antonio/food-delivery/tlahco-mexican-kitchen/3CLcWF72R66Gb8s6Emvbig,windcrest-texas
https://www.ubereats.com/san-antonio/food-delivery/papa-johns-12642-nacogdoches-rd/jKFmefDtTZi_k-4LJFrbVA,windcrest-texas
https://www.ubereats.com/san-antonio/food-delivery/mcdonalds-11482-perrin-beitel-rd/3tQTO8PhTdagtFBvSzM4tQ,windcrest-texas
https://www.ubereats.com/san-antonio/food-delivery/bun-and-meat-burgers/ScpCuKZnRuCB5xyoj1PK9g,windcrest-texas
https://www.ubereats.com/san-antonio/food-delivery/taco-cabana-4992-fm-3009/tZz0iUvxSeq7SYnlB52rtw,windcrest-texas
https://www.ubereats.com/san-antonio/food-delivery/el-rodeo-de-jalisco-interstate-10/GoNIC04kQe2DT9rady-xCQ,windcrest-texas
https://www.ubereats.com/san-antonio/food-delivery/canyon-cafe/84CHrsD8RYO0GRH0gQ01Bg,windcrest-texas
https://www.ubereats.com/san-antonio/food-delivery/kain-na-filipino-cuisine/ZMrdRtL3RtKwJliGSNCePw,windcrest-texas
https://www.ubereats.com/san-antonio/food-delivery/wendys-16611-nacogdoches/8HKDY7z_SZWGqsuD1QU8oQ,windcrest-texas
https://www.ubereats.com/san-antonio/food-delivery/teka-molino-2/YDML1tusTXu0nQomt82xxg,windcrest-texas
https://www.ubereats.com/san-antonio/food-delivery/bushs-chicken-converse/Cg5-8iiZQ4GskQI_rIoAiA,windcrest-texas
https://www.ubereats.com/san-antonio/food-delivery/ma-harpers-creole-kitchen/TuaZqBTZTI60xiYqzUp73A,windcrest-texas
https://www.ubereats.com/san-antonio/food-delivery/jesma-fine-foods/JpNecv2cQMCQ2D3DHOMhcw,windcrest-texas
https://www.ubereats.com/san-antonio/food-delivery/honchos-churros/ZuBqxzEmSL-JJNk6tYL-Pw,windcrest-texas
