url,city
https://www.ubereats.com/chicago/food-delivery/buona-glen-ellyn/od8okmqMR8CIC5lx9uQZnw,winfield-illinois
https://www.ubereats.com/chicago/food-delivery/jersey-mikes-subs-naperville-%26-butterfield/kpMimAiqRvyrLoGBKYM_NA,winfield-illinois
https://www.ubereats.com/chicago/food-delivery/portillos-hot-dogs-3895-e-main-street/AkYXjBKiRhOQr6WNPQcznQ,winfield-illinois
https://www.ubereats.com/chicago/food-delivery/wendys-1560-n-state-route-59/rMb2Dgy5SKWYX1ppV0XnlQ,winfield-illinois
https://www.ubereats.com/chicago/food-delivery/corner-bakery-cafe-28258-diehl-rd/gEr7MmnlRNGsj1DKoqS2sA,winfield-illinois
https://www.ubereats.com/chicago/food-delivery/eden-on-the-river/uQPfGyPCR0e-nBzvZm-FRA,winfield-illinois
https://www.ubereats.com/chicago/food-delivery/burger-king-199-e-north-ave/pUAQIpweQHm67Yz0dyuhTA,winfield-illinois
https://www.ubereats.com/chicago/food-delivery/rosatis-pizza-woodridge/sePZvq94TViGMvPBP8JYGQ,winfield-illinois
https://www.ubereats.com/chicago/food-delivery/boston-market-625-s-county-farm-rd/kmoM3HpwQ1WaxsnTLUvaFA,winfield-illinois
https://www.ubereats.com/chicago/food-delivery/taste-indian-chinese-cuisine/F9z4mgIGQiCJKGqHqlJ1MA,winfield-illinois
https://www.ubereats.com/chicago/food-delivery/chipotle-mexican-grill-811-butterfield-rd-ste-101/1yT7XkpmRk25SXw3dgrqeA,winfield-illinois
https://www.ubereats.com/chicago/food-delivery/dunkin-2801-ogden-ave/ZMQJIcHhRuGkkIL9pJmdew,winfield-illinois
https://www.ubereats.com/chicago/food-delivery/noodles-%26-company-207-s-washington/VG96v7LvRX68HPNY0gFlTw,winfield-illinois
https://www.ubereats.com/chicago/food-delivery/wendys-305-roosevelt-road/MSF8KRSxSN-5tfgN8S9TZQ,winfield-illinois
https://www.ubereats.com/chicago/food-delivery/nay-restaurant/c_tH8H8_Rf-BkB9CWIW-FA,winfield-illinois
https://www.ubereats.com/chicago/food-delivery/dunkin-4300-lincoln-ave-unit-a/PrmqDUjxT0apyGVG1WbaFg,winfield-illinois
https://www.ubereats.com/chicago/food-delivery/panda-express-county-rd-11-%26-wall/tldMWWamQG6ErfznSEBAfw,winfield-illinois
https://www.ubereats.com/chicago/food-delivery/adelles-kitchen-%26-bar/DKZMrw9DQmyRssPhHVQihg,winfield-illinois
https://www.ubereats.com/chicago/food-delivery/mcdonalds-diehl-%26-davis/Begl1oMRQvKAfpKD-T7aNQ,winfield-illinois
https://www.ubereats.com/chicago/food-delivery/8000-miles-main-st/gJvKY0gDQE2p3w3u9uanyw,winfield-illinois
https://www.ubereats.com/chicago/food-delivery/pizza-bunny/5AJ7Pmb-RrKwgyBpttWaWw,winfield-illinois
https://www.ubereats.com/chicago/food-delivery/lumes-pancake-house/OwZR8vKLQain0GqhkH_U5Q,winfield-illinois
https://www.ubereats.com/chicago/food-delivery/shrimpys-seafood/68HEvAkXRH6MFD8syuihdA,winfield-illinois
https://www.ubereats.com/chicago/food-delivery/rosatis-pizza-406-w-5th-ave/GC9HrM18Ryu8fxrnQqqRbw,winfield-illinois
https://www.ubereats.com/chicago/food-delivery/china-wok/lkGD7JCESB66nymb1vElug,winfield-illinois
https://www.ubereats.com/chicago/food-delivery/dunkin-330-s-neltnor-blvd/J-B2GeTxR2qWDxEBfNeIOw,winfield-illinois
https://www.ubereats.com/chicago/food-delivery/flappys-pancake-house/ZgFBQV4wQo6nd5yqh9sw8A,winfield-illinois
https://www.ubereats.com/chicago/food-delivery/poke-bros-st-charles/2RWM-Y_NR--ozvYL39VKmg,winfield-illinois
https://www.ubereats.com/chicago/food-delivery/las-palmas-of-naperville-inc/M1fcFqe3SumcDBNR0SAuRA,winfield-illinois
https://www.ubereats.com/chicago/food-delivery/charkies/ELxr30eGTFy3xlRsF5Pmig,winfield-illinois
https://www.ubereats.com/chicago/food-delivery/dunkin-3601-winfield-rd/yLHAEWAbTUWphIjI0eJO8g,winfield-illinois
https://www.ubereats.com/chicago/food-delivery/mollys-cupcakes/H1rbGgzqTo2bUafhQDozqg,winfield-illinois
https://www.ubereats.com/chicago/food-delivery/tap-in/zML3voijTc6PGIASMC5BHA,winfield-illinois
https://www.ubereats.com/chicago/food-delivery/kolachi-tandoori-grill/4SnxLJzkTvi9XKl5OvLbhg,winfield-illinois
https://www.ubereats.com/chicago/food-delivery/chipotle-mexican-grill-1516-n-naper-blvd-ste-104/ljoAlmviR4-6NOr-25HjzA,winfield-illinois
https://www.ubereats.com/chicago/food-delivery/mcdonalds-schmale-%26-gundersen/P2q3p_-ITWCE55bEFhUhng,winfield-illinois
https://www.ubereats.com/chicago/food-delivery/starbucks-north-%26-route-59/juzCyrF7Q4-hU6j6HXEU_Q,winfield-illinois
https://www.ubereats.com/chicago/food-delivery/manhattan-club/QcpYoKecQGmJr1utzGQGFg,winfield-illinois
https://www.ubereats.com/chicago/food-delivery/evviva!-bar-%26-eatery/kZFOloCrS2-c36HK02Odvw,winfield-illinois
https://www.ubereats.com/chicago/food-delivery/sarpinos-pizzeria-922-roosevelt-rd/W74llbs0Sgm31ljKbr8uUw,winfield-illinois
https://www.ubereats.com/chicago/food-delivery/gyros-%26-more/oxHbaG10Shqw0FGfFnXMpw,winfield-illinois
https://www.ubereats.com/chicago/food-delivery/bds-mongolian-grill-washington-%26-jackson/RWnaYBy0RCSXMJPOKxzaxw,winfield-illinois
https://www.ubereats.com/chicago/food-delivery/fannie-may-carol-stream/-v-745Z4Q8evtnXUx8Q7Uw,winfield-illinois
https://www.ubereats.com/chicago/food-delivery/noodles-%26-company-2019-s-naperville-rd/zTaAXSuzSp2HMFqNxmVO5g,winfield-illinois
https://www.ubereats.com/chicago/food-delivery/jersey-mikes-subs-st-charles-2540-east-main-st/qo5zprvNTkunl1j69iO4Rw,winfield-illinois
https://www.ubereats.com/chicago/food-delivery/white-castle-110-w-north-ave/1oC6dUkcRzWEbYI69WbTkA,winfield-illinois
https://www.ubereats.com/chicago/food-delivery/subway-925-e-roosevelt-rd/RmMrV-D0SVO3CLhOSf_zPw,winfield-illinois
https://www.ubereats.com/chicago/food-delivery/mcalisters-deli-1492-s-randall-rd/9ItnJPl4Qu2iICblZhZDfQ,winfield-illinois
https://www.ubereats.com/chicago/food-delivery/simply-thai-bistro/Z5aN_krUR7Csy6WH-EJLcw,winfield-illinois
https://www.ubereats.com/chicago/food-delivery/salt-and-pepper-cajun-kitchen/UTI-h4m0RUaDousraZecYg,winfield-illinois
https://www.ubereats.com/chicago/food-delivery/la-huerta-grill-%26-market/ix6-OPyMTNqWaM7mGzUtVQ,winfield-illinois
https://www.ubereats.com/chicago/food-delivery/mcdonalds-roosevelt-%26-main/wE7PeS6GSPGApQCJEqLmeQ,winfield-illinois
https://www.ubereats.com/chicago/food-delivery/bawarchi-biryanis/mmZoVVzVSBmA_3rppwYm_Q,winfield-illinois
https://www.ubereats.com/chicago/food-delivery/chicks-n-salsa/DUSuaWwaSlitgeP5AGz-mw,winfield-illinois
https://www.ubereats.com/chicago/food-delivery/nickys-red-hots/gSeoKLh3QrGaYjMoOf6WwQ,winfield-illinois
https://www.ubereats.com/chicago/food-delivery/subway-2211-gary-ave/gGfeAqRmT_-NgHhec4tkvQ,winfield-illinois
https://www.ubereats.com/chicago/food-delivery/dunkin-222-w-army-trail-rd/xyR5GgcPTEqOVyHwmPSOMw,winfield-illinois
https://www.ubereats.com/chicago/food-delivery/petey-pasta-vr-front-st/L7hjbYmQQIiJ2pzePJxL1Q,winfield-illinois
https://www.ubereats.com/chicago/food-delivery/aka-ramen/728CPchiT6KOhAD62hGQBw,winfield-illinois
https://www.ubereats.com/chicago/food-delivery/taco-real/ViwFW2--RdiZ9G5U2Tkrhw,winfield-illinois
https://www.ubereats.com/chicago/food-delivery/burger-city/DNrM5QFHRXGyiyq60pREyQ,winfield-illinois
https://www.ubereats.com/chicago/food-delivery/jj-bistro/M5iLU-N9RTuj03xl7bQEAA,winfield-illinois
https://www.ubereats.com/chicago/food-delivery/papa-rays-pizza-%26-wings-carol-stream/YWDdcy7LS5aqZ8e_sNZ7Pw,winfield-illinois
https://www.ubereats.com/chicago/food-delivery/sonic-drive-in-kirk-%26-mesa/BI3jbclERkiowkAFi0qETA,winfield-illinois
https://www.ubereats.com/chicago/food-delivery/potbelly-sandwich-shop-naperville-center-%7C-15/mY1bmWQ4T8GKA9ckxdlOqg,winfield-illinois
https://www.ubereats.com/chicago/food-delivery/subway-chicago-%26-naper/MLBs7eZYRmWYO3YQ78YrtQ,winfield-illinois
https://www.ubereats.com/chicago/food-delivery/biscuits-and-gravy-cafe/1HfIAropQ9yO9-OJDBSB2g,winfield-illinois
https://www.ubereats.com/chicago/food-delivery/kogii-kogii-express/k89o09tbT9au5y-dcn2trQ,winfield-illinois
https://www.ubereats.com/chicago/food-delivery/steak-burrito/bi2ekMlkS-ORNknxOAR6xA,winfield-illinois
https://www.ubereats.com/chicago/food-delivery/sammys-mexican-grill-and-bar-roselle/6uhwaen-Q_erGEJJjKN9wA,winfield-illinois
https://www.ubereats.com/chicago/food-delivery/taco-bell-125-w-roosevelt-rd/pRs07qGgTcalgLlkN-eLfg,winfield-illinois
https://www.ubereats.com/chicago/food-delivery/dennys-363-s-schmale-road/79j6qXtyTveiSq1CojC10A,winfield-illinois
https://www.ubereats.com/chicago/food-delivery/mcdonalds-north-%26-neltor/vCMj-S1ARBCPuFoi-mLrEw,winfield-illinois
https://www.ubereats.com/chicago/food-delivery/potbelly-sandwich-shop-wheaton-relo-%7C-262/CzMVoQe9RayMxyp7WnNVRA,winfield-illinois
https://www.ubereats.com/chicago/food-delivery/sonic-drive-in-stearns-%26-i-59/8c51omZTSxO3CYi5Ym-f1g,winfield-illinois
https://www.ubereats.com/chicago/food-delivery/burger-king-340-s-neltnor-blvd/qghB0RAjQi--Bl6FEGUI8g,winfield-illinois
https://www.ubereats.com/chicago/food-delivery/pizzeria-antica/O9CfoYjrR--AKYK5LltHVw,winfield-illinois
https://www.ubereats.com/chicago/food-delivery/subway-812-w-army-trail-rd/S4yf3w6bRK-3fvENvddNsA,winfield-illinois
https://www.ubereats.com/chicago/food-delivery/chinese-harvest/kT6sn9WcS1-iLLHZFsTyfQ,winfield-illinois
https://www.ubereats.com/chicago/food-delivery/briki-cafe/68vzcHjFQtCmX6jj0kXB1w,winfield-illinois
https://www.ubereats.com/chicago/food-delivery/chouns-restaurant/bZ6nLWf0QQ--N6k8FjIiIg,winfield-illinois
https://www.ubereats.com/chicago/food-delivery/papa-johns-pizza-bloomingdale/cAzfkEFoTRamEptEbdoulA,winfield-illinois
https://www.ubereats.com/chicago/food-delivery/starbucks-washington-%26-ogden/4p522phERnij2kmh76ryxQ,winfield-illinois
https://www.ubereats.com/chicago/food-delivery/manna-kitchen/ifLyrAkGQ4SLyckCz6y_hQ,winfield-illinois
https://www.ubereats.com/chicago/food-delivery/starbucks-naperville-rte-59-%26-mcdowell/17UPXvaHQeCeObfNEmqR_g,winfield-illinois
https://www.ubereats.com/chicago/food-delivery/pj-fresh-170-w-north-ave/IeSbHyo0Q1Grb0HiEZidrg,winfield-illinois
https://www.ubereats.com/chicago/food-delivery/panda-express-110-s-kirk-rd/IV0NP50fRUGQ5AG4B6WYww,winfield-illinois
https://www.ubereats.com/chicago/food-delivery/dairy-queen-treat-1242-n-eola-rd/xFaumoqbSSWBnXYbbB_1lA,winfield-illinois
https://www.ubereats.com/chicago/food-delivery/pasta-mia/yaKrQYXxSxqz1sAzkq08FA,winfield-illinois
https://www.ubereats.com/chicago/food-delivery/dunkin-110-w-roosevelt-rd/CA_AL4fBQC2p7mDLzQZDRw,winfield-illinois
https://www.ubereats.com/chicago/food-delivery/potbelly-sandwich-shop-bloomingdale-%7C-75/hGwH0nQIRYWT8TeqM-Ln_g,winfield-illinois
https://www.ubereats.com/chicago/food-delivery/the-indian-harvest/KMOJLBZWSsW_Cd5RSGZJvQ,winfield-illinois
https://www.ubereats.com/chicago/food-delivery/petey-pasta-naperville/MkiT3KpFRg2MjGInrRCCPg,winfield-illinois
https://www.ubereats.com/chicago/food-delivery/friacos-mexican-grill-and-cantina-lisle/deGxlrmcRNuWYzv9ZR0Tew,winfield-illinois
https://www.ubereats.com/chicago/food-delivery/red-robin-226-28260-diehl-rd/aTQ-2MogSlu1PVv40d0Bsw,winfield-illinois
https://www.ubereats.com/chicago/food-delivery/casa-margarita-downers-grove/2NKwK1NJREChDBPK46DnKg,winfield-illinois
https://www.ubereats.com/chicago/food-delivery/jk-kabab/CkjI0gbqSwe8HW0v5ba3Bg,winfield-illinois
https://www.ubereats.com/chicago/food-delivery/so-cheesy/udXRrJUURhaVlXRQt5rnig,winfield-illinois
https://www.ubereats.com/chicago/food-delivery/chipotle-mexican-grill-396-w-army-trail-rd/IdsgSwUkSs65OARw81_tJg,winfield-illinois
https://www.ubereats.com/chicago/food-delivery/eriks-deli-lisle/RNTVEtTuScyVCt_o87QRtA,winfield-illinois
https://www.ubereats.com/chicago/food-delivery/the-hen-house-of-wheaton/IJliFIRuQVOm_qk9QJKeMQ,winfield-illinois
https://www.ubereats.com/chicago/food-delivery/bulldog-ale-house-carol-stream/HGLoACAkSfiLQ5smVx78JA,winfield-illinois
https://www.ubereats.com/chicago/food-delivery/north-side-sports-bar/EmJRvhrnQ6-Sz9vOwZjr2g,winfield-illinois
https://www.ubereats.com/chicago/food-delivery/2-toots-grill/F6BFHtVeSzuR9oa8aUJqag,winfield-illinois
https://www.ubereats.com/chicago/food-delivery/yerbabuena/YDKD1jCXQUCf_C3jxdJ9Xw,winfield-illinois
https://www.ubereats.com/chicago/food-delivery/deccan-spice/fZswNb53TLSMKB182uXRfQ,winfield-illinois
https://www.ubereats.com/chicago/food-delivery/altiro-latin-fusion/dZ0g-ilESGatqphplwuWBQ,winfield-illinois
https://www.ubereats.com/chicago/food-delivery/chipotle-mexican-grill-1167-n-eola-rd/Y1bWvWw-TvWFm4KMFgF09w,winfield-illinois
https://www.ubereats.com/chicago/food-delivery/lao-sze-chuan-restaurant-downers-grove/-QAszjVaTo62s4dTvawpZw,winfield-illinois
https://www.ubereats.com/chicago/food-delivery/anmol-south-asian-kitchen/jtjs9xcuTkKKAuJl-HV7Fw,winfield-illinois
https://www.ubereats.com/chicago/food-delivery/dunkin-651-roosevelt-rd/yi5BKwdWQrK79fE962fiSA,winfield-illinois
https://www.ubereats.com/chicago/food-delivery/nonno-carms-pizza-and-pasta/Nx6kvx0sQTG-x3Qgj3AIrw,winfield-illinois
https://www.ubereats.com/chicago/food-delivery/chipotle-mexican-grill-848-n-route-59-ste-106/jTpzYu01SqemuLs-J1zVTg,winfield-illinois
https://www.ubereats.com/chicago/food-delivery/cinnabon-baked-at-pilot-170-w-north-avenue/_MItBx7FRD6i6NUrf6a7_A,winfield-illinois
https://www.ubereats.com/chicago/food-delivery/portillos-hot-dogs-1500-butterfield-rd/MR-_rmoqT_ud7vA6yisOog,winfield-illinois
https://www.ubereats.com/chicago/food-delivery/chipotle-mexican-grill-170-e-lake-st/Gl87zF90QYC2PxjqOIk99Q,winfield-illinois
https://www.ubereats.com/chicago/food-delivery/nobel-house-geneva/ZRDU6YsQQLOB1thkApX9uQ,winfield-illinois
https://www.ubereats.com/chicago/food-delivery/shaahi-biryani/CMne3eiPRmSQkN6vBzyfVQ,winfield-illinois
https://www.ubereats.com/chicago/food-delivery/lao-sze-chuan/NVyCLmO9TJOeTJhXogHLow,winfield-illinois
https://www.ubereats.com/chicago/food-delivery/potbelly-sandwich-shop-glen-ellyn-dt-%7C-167/Zpr9MlcMQy664nIqh6K6tA,winfield-illinois
https://www.ubereats.com/chicago/food-delivery/juicy-o-pancake-house-downers-grove/R-imWBd3TiSHtLrYDAJRIQ,winfield-illinois
https://www.ubereats.com/chicago/food-delivery/ellies-deli/AsHxhcpXRCKHy27iCgvDdw,winfield-illinois
https://www.ubereats.com/chicago/food-delivery/dunkin-1991-brookdale-rd/vFo8tEH1SKCvz7c-sxIBAg,winfield-illinois
https://www.ubereats.com/chicago/food-delivery/ikkai-restaurant/sTTOtolYRpOS9juISFQtOQ,winfield-illinois
https://www.ubereats.com/chicago/food-delivery/mapo-restaurant/otABfe8jRcyOooacU_s9dA,winfield-illinois
https://www.ubereats.com/chicago/food-delivery/uncle-julios-naperville/Y3QRVkP2Qu-IV5z8T875Uw,winfield-illinois
https://www.ubereats.com/chicago/food-delivery/starbucks-warrenville-winfield-%26-diehl/cImuwHogSimEZWFPqOE52A,winfield-illinois
https://www.ubereats.com/chicago/food-delivery/schmaltz-delicatessen/4S6FeZULQBC0iSdPBxa1EQ,winfield-illinois
https://www.ubereats.com/chicago/food-delivery/pizzeria-di-maria/PnZjvQkeSR2HlKWkgGaEOg,winfield-illinois
https://www.ubereats.com/chicago/food-delivery/warrens-ale-house/iwKkC6FWRyacBvUNKJoEbQ,winfield-illinois
https://www.ubereats.com/chicago/food-delivery/burger-king-506-south-washington-street/kuBJa1AKTUqUa3nKVvwJRQ,winfield-illinois
https://www.ubereats.com/chicago/food-delivery/cold-stone-creamery-122-stratford-square-mall/rE3MsC9hQUayDspdBFJCVw,winfield-illinois
https://www.ubereats.com/chicago/food-delivery/mac-daddys-naperville/siErqqT-SNa1DogFlxUehw,winfield-illinois
https://www.ubereats.com/chicago/food-delivery/chipotle-mexican-grill-1556-butterfield-rd-ste-a/-JFjkroZReWScmEWNY_NSA,winfield-illinois
https://www.ubereats.com/chicago/food-delivery/taco-bell-345-rice-lake-square/4vp9WrBZSmqCzIecHhILxg,winfield-illinois
https://www.ubereats.com/chicago/food-delivery/romanellis/kAUWV_ZVR5OOGp6SdrrZkw,winfield-illinois
https://www.ubereats.com/chicago/food-delivery/capri-of-downers-grove/XVCsZSVZSkmAoS19VXowkg,winfield-illinois
https://www.ubereats.com/chicago/food-delivery/dunkin-2130-bloomingdale-rd/ZFwy517VRteOT54sLfY5Zw,winfield-illinois
https://www.ubereats.com/chicago/food-delivery/lazy-dog-restaurant-%26-bar-naperville/nU1p5cz7QsOLDHhWQVRqPw,winfield-illinois
https://www.ubereats.com/chicago/food-delivery/dunkin-142-s-gary-ave-ste-109-near-marianos/jl_kB89kTveI1uQQklBCgg,winfield-illinois
https://www.ubereats.com/chicago/food-delivery/pepes-restaurant/-R_0XjIGQe-VA1nUfg8vKQ,winfield-illinois
https://www.ubereats.com/chicago/food-delivery/mcdonalds-river-%26-ogden/ZEe_xeSFT8quotXTVFXm5Q,winfield-illinois
https://www.ubereats.com/chicago/food-delivery/wendys-1589-naperville-wheaton-rd/F-TL1r4USyO7rYGEXX3c-w,winfield-illinois
https://www.ubereats.com/chicago/food-delivery/en-fuego-mexican-grille/MwBtuevkQZq8B0K3TQkacQ,winfield-illinois
https://www.ubereats.com/chicago/food-delivery/tommys-red-hots/Ees2zIZNSPqMUXx6lFUGjA,winfield-illinois
https://www.ubereats.com/chicago/food-delivery/taco-bell-145-north-avenue/geOTEhdKQ0ihqc824o5cbQ,winfield-illinois
https://www.ubereats.com/chicago/food-delivery/mcdonalds-naper-%26-ogden/Iowf3v7QS0W5VLcP6fxBng,winfield-illinois
https://www.ubereats.com/chicago/food-delivery/chef-abdul-mediterranean/T3g0y8vzQQuA-UNIGqTYUA,winfield-illinois
https://www.ubereats.com/chicago/food-delivery/alchuro-latin-fusion/iXvCthO2RhSEBJ713YAH6A,winfield-illinois
https://www.ubereats.com/chicago/food-delivery/jefa-tacos/gwDMKtylRZ-eUdYXMy7Q-Q,winfield-illinois
https://www.ubereats.com/chicago/food-delivery/jersey-mikes-subs-2115-w-roosevelt-rd/iS5JUNSDSyeptnv1qcjtlw,winfield-illinois
https://www.ubereats.com/chicago/food-delivery/urban-counter-aurora/Y6a5NUPaR0mdgvic7ns5AQ,winfield-illinois
https://www.ubereats.com/chicago/food-delivery/skippys-gyros-warrenville/Ugmc9wEZQoijCEABGUCi4g,winfield-illinois
https://www.ubereats.com/chicago/food-delivery/the-ice-cream-shop/Oy2Ve6iTRdeYnlSUOrkZvQ,winfield-illinois
https://www.ubereats.com/chicago/food-delivery/zens-noodles/OJDlZAHHQgaDVOmoFmVthg,winfield-illinois
https://www.ubereats.com/chicago/food-delivery/shanahans/JZEDfOD1TXeQJjMJJlMiXg,winfield-illinois
https://www.ubereats.com/chicago/food-delivery/mothers-pancake-house-%26-restaurant-st-charles-il/cbTgGKnoT5OApIRRbYiZ5w,winfield-illinois
https://www.ubereats.com/chicago/food-delivery/food-street-restaurant/kxAN_GrESSGjrb2hki9XPw,winfield-illinois
https://www.ubereats.com/chicago/food-delivery/el-gran-agave/GetuOcb5RhWMLs2fW4HsSQ,winfield-illinois
https://www.ubereats.com/chicago/food-delivery/masala/0M4NqGkiRzSEfZTrS80VGw,winfield-illinois
https://www.ubereats.com/chicago/food-delivery/nanis-pizza-and-pasta/w20sDSZCQaSFZfXcnq-OEg,winfield-illinois
https://www.ubereats.com/chicago/food-delivery/jins-china/r6D214fgRRuj9J_wx0CLYw,winfield-illinois
https://www.ubereats.com/chicago/food-delivery/dunkin-2040-s-naperville-rd/jDTzo8S8QP6Ym8dUVhhOdA,winfield-illinois
https://www.ubereats.com/chicago/food-delivery/chamber-red-chinese-bistro/bApzMf1eT5CVEGHF8nznMQ,winfield-illinois
https://www.ubereats.com/chicago/food-delivery/j-beez-mediterranean-%26-grill-restaurant/NCXlNtEnTYab9yc28E6Yww,winfield-illinois
https://www.ubereats.com/chicago/food-delivery/las-tias-restaurant/cS5FGBFTSSeAPNl8-ff9sw,winfield-illinois
https://www.ubereats.com/chicago/food-delivery/taco-bell-270-e-army-trail-rd/4BOPQS17RKOi5WuRUKwlFA,winfield-illinois
https://www.ubereats.com/chicago/food-delivery/mediterranean-oasis/ZT3wBdY0TxWfpT_dfwvh7g,winfield-illinois
https://www.ubereats.com/chicago/food-delivery/nandos-peri-peri-6-w-jefferson-ave/WuV-Xa68RhWviNGfsQsNRw,winfield-illinois
https://www.ubereats.com/chicago/food-delivery/zaza-trattoria/SjHyuDsZRfuMZUWt0s54dw,winfield-illinois
https://www.ubereats.com/chicago/food-delivery/the-burger-life/kAIUZmIyRRObSiHmoDL6aA,winfield-illinois
https://www.ubereats.com/chicago/food-delivery/bulldog-ale-house-roselle/Ms5a-pxxSk6gWNGglSe8rg,winfield-illinois
https://www.ubereats.com/chicago/food-delivery/beef-villa-south-elgin/A02c9LgxTTmDmk7nI59uIg,winfield-illinois
https://www.ubereats.com/chicago/food-delivery/salsa-verde-st-charles/MxnZowAqTqW9keJlFedRsw,winfield-illinois
https://www.ubereats.com/chicago/food-delivery/red-lobster-391-west-army-trail-road/JOcIgktsQbCZ1RAxbPt7sw,winfield-illinois
https://www.ubereats.com/chicago/food-delivery/lili-sushi/bu-jhQKlS7CgzLbU_cdOMQ,winfield-illinois
https://www.ubereats.com/chicago/food-delivery/cracker-barrel-old-country-store-1855-west-diehl-road/kwRFVZsaRC2UnyPoTumfhw,winfield-illinois
https://www.ubereats.com/chicago/food-delivery/dunkin-880-w-army-trail-rd/pHTYai-qQomqO7IUAzM6Ug,winfield-illinois
https://www.ubereats.com/chicago/food-delivery/red-apple-pancake-house-schmale-rd/1DkpQG6GQBmgbQ2sGr6juw,winfield-illinois
https://www.ubereats.com/chicago/food-delivery/smoothie-king-glendale-heights/ttqK2QntRKuU5D7rCALJVg,winfield-illinois
https://www.ubereats.com/chicago/food-delivery/tokyo-steak-house-ii/XHm76eVwQY2TNT5pLwI9hw,winfield-illinois
https://www.ubereats.com/chicago/food-delivery/alianos-express/yO_uQB1FRZekki2FDyviMA,winfield-illinois
https://www.ubereats.com/chicago/food-delivery/boca-burritos/B5SWR0C5Qle58Pg1UbAbLg,winfield-illinois
https://www.ubereats.com/chicago/food-delivery/el-coco-loco/GuWPI_EiRgmKAweBpkpIBQ,winfield-illinois
https://www.ubereats.com/chicago/food-delivery/nwb-the-next-whiskey-bar/mdE-yqqJR3Crtae0VtrtdQ,winfield-illinois
https://www.ubereats.com/chicago/food-delivery/panda-express-rt-59-%26-liberty/gw2h8OzVSMO0L_CNKcrBQg,winfield-illinois
https://www.ubereats.com/chicago/food-delivery/cedar-grill/5joC8iroTEqXY1j0WrF_4Q,winfield-illinois
https://www.ubereats.com/chicago/food-delivery/skinnysweet-frozen-yogurt/ndbio-wIR528mk3v4GDs8Q,winfield-illinois
https://www.ubereats.com/chicago/food-delivery/the-breakfast-rolls/TRkWd9ATRo6aOcmkE_SeWw,winfield-illinois
https://www.ubereats.com/chicago/food-delivery/urban-counter-naperville/OaJ1SaMKQX6xmpU1maOkGQ,winfield-illinois
https://www.ubereats.com/chicago/food-delivery/cafe-zupas-148-s-gary-ave/C3w29biOT0-NsZQANL5l_Q,winfield-illinois
https://www.ubereats.com/chicago/food-delivery/burger-king-2s551-route-59/BNprGGmeTZCE3iLESbGhOQ,winfield-illinois
https://www.ubereats.com/chicago/food-delivery/features-bar-%26-grill/zPZDTYx8TvenIt63m1SEig,winfield-illinois
https://www.ubereats.com/chicago/food-delivery/red-lobster-3001-finley-road/UAaFRnwET62O8Ugk-EiN5w,winfield-illinois
https://www.ubereats.com/chicago/food-delivery/on-the-border-naperville/9dfhntecSnquTzeRbTROtg,winfield-illinois
https://www.ubereats.com/chicago/food-delivery/a-tasty-hot-pot/T7bUpgJdQsyqFTyt6dbJCg,winfield-illinois
https://www.ubereats.com/chicago/food-delivery/backyard-pizza-%26-burgers-1/TXyTR5dGQSCaZD_a2arDBA,winfield-illinois
https://www.ubereats.com/chicago/food-delivery/starbucks-geneva-%26-main/BEem0ZzvSBCIuV_KJVHJTA,winfield-illinois
https://www.ubereats.com/chicago/food-delivery/dunkin-donuts-2s-721-state-route-59/6XPVR99EQMqWRk2WEAHk0w,winfield-illinois
https://www.ubereats.com/chicago/food-delivery/taqueria-los-comales-neltnor-%26-main/jOzPj8XbQZeEAAFmM0b4-A,winfield-illinois
https://www.ubereats.com/chicago/food-delivery/los-burritos-tapatios-naperville/G4h-NuSNQQuJHbKNJkCNUw,winfield-illinois
https://www.ubereats.com/chicago/food-delivery/juicy-o-pancake-house-rt-59/1elLnYU9SA2FO4f0PlD9lA,winfield-illinois
https://www.ubereats.com/chicago/food-delivery/auntie-annes-118-stratford-square/mzHH0DooTiGhcNQOiEDshg,winfield-illinois
https://www.ubereats.com/chicago/food-delivery/five-guys-il-0513-22-e-chicago-ave/ECDWOrdsSIKNs4SUyP2P1A,winfield-illinois
https://www.ubereats.com/chicago/food-delivery/mc-nallys-traditional-irish-pub/Eo69fIqURSiWovKH0QJnFw,winfield-illinois
https://www.ubereats.com/chicago/food-delivery/burger-king-840-w-army-trail-rd/yB-ZGzu0TX2MCr2qeueFvA,winfield-illinois
https://www.ubereats.com/chicago/food-delivery/mcdonalds-naperville-%26-loop/Hn5ciIZ4SCq2NTE6NqoOgw,winfield-illinois
https://www.ubereats.com/chicago/food-delivery/dunkin-1491-w-roosevelt-rd/x_nj-L0RSAyZtoDzuGe4dQ,winfield-illinois
https://www.ubereats.com/chicago/food-delivery/cuisine-of-india-naperville/vWcLRi8AQx2QAWtwL-RRSg,winfield-illinois
https://www.ubereats.com/chicago/food-delivery/kfc-bloomingdale/nki7qTqLSHi0PPbxFU1MHw,winfield-illinois
https://www.ubereats.com/chicago/food-delivery/honeyberry-cafe-warrenville/54iwj2oeROubgnpBwImW7g,winfield-illinois
https://www.ubereats.com/chicago/food-delivery/jakes-pizza/8HHbR7KBRYSUeMlQJGC0Ow,winfield-illinois
https://www.ubereats.com/chicago/food-delivery/shawarma-express/ugMgQq8VTr6nLQImkk4EiA,winfield-illinois
https://www.ubereats.com/chicago/food-delivery/wendys-525-e-north-avenue/fXDRZxmCRh6Ad8XaYXkKyA,winfield-illinois
https://www.ubereats.com/chicago/food-delivery/domo-77/JVMb9LLyQE2vfv6J4FlDrw,winfield-illinois
https://www.ubereats.com/chicago/food-delivery/rosatis-pizza-carol-stream-hiawatha/pEqHoW1JRUOH-YHgbse55A,winfield-illinois
https://www.ubereats.com/chicago/food-delivery/the-country-house-geneva/xcM9PKqUQ4i99N1qWfIEng,winfield-illinois
https://www.ubereats.com/chicago/food-delivery/subway-197-army-trail-rd/ISGTtUEqS5anOvFEP8f-yw,winfield-illinois
https://www.ubereats.com/chicago/food-delivery/sarpinos-pizzeria-322-w-army-trail-rd/ynjzoHEwQrOGf4Fu-B5D0w,winfield-illinois
https://www.ubereats.com/chicago/food-delivery/dunkin-106-e-north-ave/B4ppTVcoQvaatE5oRqyTMg,winfield-illinois
https://www.ubereats.com/chicago/food-delivery/rosatis-pizza-kirk-rd/Xs35SvbYQlunlVt1IPynqg,winfield-illinois
https://www.ubereats.com/chicago/food-delivery/which-wich-28-w125/RNiq1ZwHS9eTO-6Y1u1-Mg,winfield-illinois
https://www.ubereats.com/chicago/food-delivery/gyu-kaku-japanese-bbq-naperville/dgMRuiDhRqmZ3EtV1mTSEg,winfield-illinois
https://www.ubereats.com/chicago/food-delivery/markitos-bar-and-grill/7NUGUlFxRy27nZZ-9g99-g,winfield-illinois
https://www.ubereats.com/chicago/food-delivery/red-lobster-1036-n-route-59/ri17I9vuRx6hAkET1loj9w,winfield-illinois
https://www.ubereats.com/chicago/food-delivery/popeyes-1382-butterfield-rd/qmRK-sTERSqcPYLatATP9w,winfield-illinois
https://www.ubereats.com/chicago/food-delivery/kona-grill-oak-brook/MJYX9AY6SkGgRha8JHX8hA,winfield-illinois
https://www.ubereats.com/chicago/food-delivery/alfies-inn/32loHaXWSE2y4bY1rxq12g,winfield-illinois
https://www.ubereats.com/chicago/food-delivery/buffalo-wild-wings-140-s-gary-ave/fDwoMXvPS8qkloo2gHXqkQ,winfield-illinois
https://www.ubereats.com/chicago/food-delivery/mcdonalds-state-%26-glengary/sucb5hfCSpOEod-kSOdPmw,winfield-illinois
https://www.ubereats.com/chicago/food-delivery/taqueria-el-camino/0-rFFreZT2it1WU2WdcZvw,winfield-illinois
https://www.ubereats.com/chicago/food-delivery/apizzaco-front-st/SAsglU7wRaqeT897NWU07Q,winfield-illinois
https://www.ubereats.com/chicago/food-delivery/chipotle-mexican-grill-2119-w-roosevelt-rd/0DmIfQ9gQt2yWr_FvqCZmQ,winfield-illinois
https://www.ubereats.com/chicago/food-delivery/kfc-taco-bell-960-s-state-route-59/kol2A50GRuuGpZb2IuOArw,winfield-illinois
https://www.ubereats.com/chicago/food-delivery/rosatis-pizza-bloomingdale/bTk3TYq6QaSNmf2acNctkQ,winfield-illinois
https://www.ubereats.com/chicago/food-delivery/popeyes-ogden-%26-old-tavern/14lg5clgTeSZ90NNAjt7oA,winfield-illinois
https://www.ubereats.com/chicago/food-delivery/rosatis-pizza-877-e-geneva-rd/cWDiClXHR8yM9yMOURo8EQ,winfield-illinois
https://www.ubereats.com/chicago/food-delivery/villaggio-ristorante/Qf4oOgLoRPCLDXK9OV03rg,winfield-illinois
https://www.ubereats.com/chicago/food-delivery/subway-105-e-front-st/asRKOYS8QSiUUV_jlZumEA,winfield-illinois
https://www.ubereats.com/chicago/food-delivery/the-jalapeno-grille/GtqdBOUWRUi6bjZhhRtrSw,winfield-illinois
https://www.ubereats.com/chicago/food-delivery/taco-bell-510-dunham-road/4ULn5noLSTiOmu83PUu3YQ,winfield-illinois
https://www.ubereats.com/chicago/food-delivery/butterfields-naperville/03eGGyvDRBuzJpba2mmR6g,winfield-illinois
https://www.ubereats.com/chicago/food-delivery/hooters-downers-grove-%26-butterfield/zMy8wxVrSMu4HFAZpGSsbw,winfield-illinois
https://www.ubereats.com/chicago/food-delivery/gary-burritos/VgcXSFqvT2S6askOxbELrQ,winfield-illinois
https://www.ubereats.com/chicago/food-delivery/los-burritos-tapatios-glen-ellyn/rGIHtZ1NS1WNsEUiiBOxYQ,winfield-illinois
https://www.ubereats.com/chicago/food-delivery/dairy-queen-treat-27w223-geneva-rd/qUW6Y8D6RPO4KrHfPdo_uA,winfield-illinois
https://www.ubereats.com/chicago/food-delivery/crazy-crab-roselle/eY6T7BoUTDOgJUVQv1MO6g,winfield-illinois
https://www.ubereats.com/chicago/food-delivery/subway-1209-n-gary-ave/SqBZHFZmQDitXGitgxBXYw,winfield-illinois
https://www.ubereats.com/chicago/food-delivery/domo-77-glendale-heights/6VGE1wWmSbWaKX8FbTq5ug,winfield-illinois
https://www.ubereats.com/chicago/food-delivery/bayleaf-by-saffron/ts8M8UibShyBDsF-QnoDBQ,winfield-illinois
https://www.ubereats.com/chicago/food-delivery/five-guys-il-0524-383-west-army-trail-rd/7nGeKOrDTKm9FnVxMHwZqQ,winfield-illinois
https://www.ubereats.com/chicago/food-delivery/suparossa-restaurant/qwdXJUynSv2Sybgm31IZRA,winfield-illinois
https://www.ubereats.com/chicago/food-delivery/cold-stone-creamery-23-w-jefferson-ave/Mj68Saj5R4akNME-Y7Egng,winfield-illinois
https://www.ubereats.com/chicago/food-delivery/sportys-chicken-%26-beef/WBgIj0MlT_qo6-ozcc6pfw,winfield-illinois
https://www.ubereats.com/chicago/food-delivery/fitfresh-cafe-and-juice-bar/YpdtPywxSqiP0n7mlkzghA,winfield-illinois
https://www.ubereats.com/chicago/food-delivery/el-famous-burrito-naperville/BHeSth50TGK73iTKn_Tqmw,winfield-illinois
https://www.ubereats.com/chicago/food-delivery/indian-express-cuisine/dMQIQ6vQRFapfAu9w_DN3A,winfield-illinois
https://www.ubereats.com/chicago/food-delivery/subway-5590-county-farm-rd/2Iz62xlrSzO3PMCgwRh3xw,winfield-illinois
https://www.ubereats.com/chicago/food-delivery/dunkin-185-w-north-ave/Zd39NomxTGy8N2V92rbbyA,winfield-illinois
https://www.ubereats.com/chicago/food-delivery/montri-thai/OHgiy0zRRC2hnMvIkBTzlg,winfield-illinois
https://www.ubereats.com/chicago/food-delivery/steak-n-shake-275-e-army-trail/ozxj9ed0T_yI7jdfwxynxA,winfield-illinois
https://www.ubereats.com/chicago/food-delivery/at-munchies-rolled-ice-cream-and-snacks/e46p8s-lQ2yamKatexrxLw,winfield-illinois
https://www.ubereats.com/chicago/food-delivery/starbucks-main-%26-crescent/VW98n6eBSRCTk2LiDllm2g,winfield-illinois
https://www.ubereats.com/chicago/food-delivery/jorges-paleteria/p4cWoZ4WSO6swB4qSjJVxQ,winfield-illinois
https://www.ubereats.com/chicago/food-delivery/papa-johns-pizza-wheaton/mEOnPq1MQWmsXBe8B-tkYg,winfield-illinois
https://www.ubereats.com/chicago/food-delivery/starbucks-stearns-%26-route-59/_uZXKRl0Rf2vgytZORcq8A,winfield-illinois
https://www.ubereats.com/chicago/food-delivery/vanilla-sugar-bakery/PaVDyEO-TmOw43OzPjr2kw,winfield-illinois
https://www.ubereats.com/chicago/food-delivery/qdoba-main-%26-geneva/0LlepTPJSROcinc160UAxQ,winfield-illinois
https://www.ubereats.com/chicago/food-delivery/scoobys-red-hots/dDSL2oSoQJm9Yzxz6txaCg,winfield-illinois
https://www.ubereats.com/chicago/food-delivery/chipotle-mexican-grill-22-e-chicago-ave-ste-103/GRu9PCJhRA2qkO_cgewtnA,winfield-illinois
https://www.ubereats.com/chicago/food-delivery/mcdonalds-stratford-%26-entrance-drive-5/ilyPhI1HSXeg8Cxhs9ax7Q,winfield-illinois
https://www.ubereats.com/chicago/food-delivery/kfc-taco-bell-335-neltnor-blvd/fV_vp1u9SCWC8pyzusI6xw,winfield-illinois
https://www.ubereats.com/chicago/food-delivery/pitaville-mediterranean-grill-aurora-%26-ogden/2oJmitfOQyi8e7s6ZyMTpQ,winfield-illinois
https://www.ubereats.com/chicago/food-delivery/tacos-el-gordo/7ww6Eq0tRzCYY8Zd4ogMhw,winfield-illinois
https://www.ubereats.com/chicago/food-delivery/burrito-parrilla-mexicana-ogden-ave/zcWgqK0AQaKqyn_0SbtHGw,winfield-illinois
https://www.ubereats.com/chicago/food-delivery/american-tap/gVpUsrJARFKC7_Vpktm0MQ,winfield-illinois
https://www.ubereats.com/chicago/food-delivery/los-burritos-tapatios-lisle/wer65CvIRTq7dmniV5IdaA,winfield-illinois
https://www.ubereats.com/chicago/food-delivery/the-country-house-lisle/00jueaTNREqL9guRViaVXw,winfield-illinois
https://www.ubereats.com/chicago/food-delivery/jigars-kitchen/H3cokUVsTsWR7VuEQHmX3g,winfield-illinois
https://www.ubereats.com/chicago/food-delivery/kilwins-wheaton/GRFWllDcTHOPbd82ovdY0Q,winfield-illinois
https://www.ubereats.com/chicago/food-delivery/mod-pizza-downtown-naperville/7XxIVgqCQD-GGBZCxhdspA,winfield-illinois
https://www.ubereats.com/chicago/food-delivery/sushi-house-downers-grove/C3iF91X_S6uhbWIj_jxlMw,winfield-illinois
https://www.ubereats.com/chicago/food-delivery/rookies-all-american-pub-%26-grill-st-charles/ZS56w1lbR2qqtVwIySAMoQ,winfield-illinois
https://www.ubereats.com/chicago/food-delivery/addantes-gourmet-italian/7ghnDAfrS2iouP6vYlI8cQ,winfield-illinois
https://www.ubereats.com/chicago/food-delivery/taste-of-himalayas/qO9SZ1LbQ1qZugulPjDRxQ,winfield-illinois
https://www.ubereats.com/chicago/food-delivery/lake-street-pub/fnc_lKe6Tze2cdNokGK6xQ,winfield-illinois
https://www.ubereats.com/chicago/food-delivery/the-grill-effect/Vq0scVwJR5aSCUzt1d62pw,winfield-illinois
https://www.ubereats.com/chicago/food-delivery/macianos-pizza-%26-pastaria-winfield/CbvUYxctSb6-boPtA3vq6A,winfield-illinois
https://www.ubereats.com/chicago/food-delivery/patellis-butterfield-rd/cSUc5GKzTx6lbwWkYOIABg,winfield-illinois
https://www.ubereats.com/chicago/food-delivery/mcdonalds-main-%26-smith/Ib3eXdwNR5OuLqn45HiGjw,winfield-illinois
https://www.ubereats.com/chicago/food-delivery/between-the-buns-naperville/3_yCLeIuT--I8MIMkyfzog,winfield-illinois
https://www.ubereats.com/chicago/food-delivery/starbucks-army-trail-%26-route-59/-XY_SyCKTDeuU7OI6PPZjA,winfield-illinois
https://www.ubereats.com/chicago/food-delivery/tcby-st-charles/iYzxQr77TbuGuFc9DVnPuw,winfield-illinois
https://www.ubereats.com/chicago/food-delivery/jersey-mikes-subs-bartlett-959-illinois-route-59/qB5GtUuzStGw-OO1IAnO3g,winfield-illinois
https://www.ubereats.com/chicago/food-delivery/burrito-parrilla-mexicana-lisle/dlOeuS4BS1Sl3oZxKP3U5w,winfield-illinois
https://www.ubereats.com/chicago/food-delivery/gloria-jeans-coffees/3A9-xk1ST0qUm12NFcfzOw,winfield-illinois
https://www.ubereats.com/chicago/food-delivery/stellas-pizza-%26-pub/9kdFdWQgTTybFC_M3jX3Ng,winfield-illinois
https://www.ubereats.com/chicago/food-delivery/mcalisters-deli-army-trail-%26-gary/2NsNhMSRRVaifzHIU4ShMw,winfield-illinois
https://www.ubereats.com/chicago/food-delivery/pita-pita-mediterranean-grill-lombard/UO7jLyN2TfS4HoHOMcP8IA,winfield-illinois
https://www.ubereats.com/chicago/food-delivery/frankys-red-hots/5l9fiR2nQ3mZVaEwd2EyfA,winfield-illinois
https://www.ubereats.com/chicago/food-delivery/taco-bell-74-stratford-dr/yRf8oqAnQxi03iOzbmInlA,winfield-illinois
https://www.ubereats.com/chicago/food-delivery/wendys-424-s-schmale-rd/ojbB1U7vR86MnivLqge-KA,winfield-illinois
https://www.ubereats.com/chicago/food-delivery/ginos-east-wheaton/Z9L7YaSCSrqT-v6RapTPog,winfield-illinois
https://www.ubereats.com/chicago/food-delivery/dunkin-donuts-1237-n-eola-rd/JKGjE5GtTv6lZwLJHvjMgg,winfield-illinois
https://www.ubereats.com/chicago/food-delivery/chicken-lit/ZZg9JE8cR-CGQSSImkYaHg,winfield-illinois
https://www.ubereats.com/chicago/food-delivery/foodhaul-carol-stream/ovQTJxI_RlO9M5BLGt8WYg,winfield-illinois
https://www.ubereats.com/chicago/food-delivery/tap-house-grill-st-charles/ZTYOaGeURj2rzDu8H1mWNA,winfield-illinois
https://www.ubereats.com/chicago/food-delivery/billy-bricks-wood-fired-pizza-naperville/lgWDT1yKSw-T_eb_lPgVcQ,winfield-illinois
https://www.ubereats.com/chicago/food-delivery/thai-kitchen/HBO7JLiuRGmcEJa2rr4dMA,winfield-illinois
https://www.ubereats.com/chicago/food-delivery/jets-pizza-ogden/L-Yo34OJQC6bjShwfIOcHw,winfield-illinois
https://www.ubereats.com/chicago/food-delivery/fannie-may-glen-ellyn/AiyZCTg4RTGQDoQ9ron2_g,winfield-illinois
https://www.ubereats.com/chicago/food-delivery/buona-naperville/mVlRlab7T9mrEgjxre13Bw,winfield-illinois
https://www.ubereats.com/chicago/food-delivery/chicago-hot-breads/wJoWxYMUTlqFL5wMxvBtaA,winfield-illinois
https://www.ubereats.com/chicago/food-delivery/sir-nicks-pizza/9g3gmlb2T9-sW6UPNLEEkg,winfield-illinois
https://www.ubereats.com/chicago/food-delivery/jets-pizza-aurora/25ogtEKFRceDp1aPsa8HVw,winfield-illinois
https://www.ubereats.com/chicago/food-delivery/dennys-1086-lake-st/aVk7ZlHqQ8SrgH8QVpfe0g,winfield-illinois
https://www.ubereats.com/chicago/food-delivery/potbelly-sandwich-shop-st-charles-dt-%7C-427/bEMzCYwkTmSShbGjvDGaNg,winfield-illinois
https://www.ubereats.com/chicago/food-delivery/billy-bricks-wood-fired-pizza-wheaton/Tnt8SMrWQHiOQxiCVqH5eQ,winfield-illinois
https://www.ubereats.com/chicago/food-delivery/taco-madre-naperville/vX6VgaQMQuymfF8b02ua4g,winfield-illinois
https://www.ubereats.com/chicago/food-delivery/chinese-kitchen/ZcftANDmSXmGmcOpS7EG4A,winfield-illinois
https://www.ubereats.com/chicago/food-delivery/starbucks-main-%26-front/WRrqnZ0CR3q50fxSZSCu6g,winfield-illinois
https://www.ubereats.com/chicago/food-delivery/swordfish/-zr92WrJSTq-886n91v77g,winfield-illinois
https://www.ubereats.com/chicago/food-delivery/starbucks-lisle-rte-53-%26-maple/KKo2MFynRDOVqy5R8mhrfw,winfield-illinois
https://www.ubereats.com/chicago/food-delivery/munchie-ps-eatery/Ont08ZTvT0utNbZidQCxYA,winfield-illinois
https://www.ubereats.com/chicago/food-delivery/chicago-pizza-and-pasta/5-JmbK58SDigj1W0BUjFYw,winfield-illinois
https://www.ubereats.com/chicago/food-delivery/beef-shack-bartlett/ErjzLXRmQQ2-w9S6fs_XyQ,winfield-illinois
https://www.ubereats.com/chicago/food-delivery/pita-inn-naperville/HI1fsIlQRO-wMcu2fnvm6g,winfield-illinois
https://www.ubereats.com/chicago/food-delivery/woodgrain-neapolitan-pizzeria-glen-ellyn/RmqX98GwSNO670NyAeO1Hw,winfield-illinois
https://www.ubereats.com/chicago/food-delivery/starbucks-army-trail-%26-gary/jq-pd4ZAR66RQ1aRvUVURw,winfield-illinois
https://www.ubereats.com/chicago/food-delivery/la-michoacana-naperville/ARfZgCw_SPC0--A-ZdSO4w,winfield-illinois
https://www.ubereats.com/chicago/food-delivery/portillos-hot-dogs-950-e-ogden-ave/yZ7yK1WdQVGO45u9aIrRqA,winfield-illinois
https://www.ubereats.com/chicago/food-delivery/ambrosia/7IwY3BagQgGtZmdgYvLIXg,winfield-illinois
https://www.ubereats.com/chicago/food-delivery/apple-villa-pancake-house-wilson-%26-randall/MnJG4DFLR-WDtGDMFrJoRQ,winfield-illinois
https://www.ubereats.com/chicago/food-delivery/mcdonalds-county-farm-%26-west-army-trail/XY75X0TKSXuNV_HpqTs8AA,winfield-illinois
https://www.ubereats.com/chicago/food-delivery/citygate-grille/SB4bLfENQEuMnNMIGKjHrQ,winfield-illinois
https://www.ubereats.com/chicago/food-delivery/buffalo-wild-wings-28241-diehl-rd/kclLX6hYThepPsuBF-5ieg,winfield-illinois
https://www.ubereats.com/chicago/food-delivery/la-campana/XfqFSJ4JRa6RngybLRl_zg,winfield-illinois
https://www.ubereats.com/chicago/food-delivery/crazy-dillas/idmBWihkSXGd3KmGC4tP5g,winfield-illinois
https://www.ubereats.com/chicago/food-delivery/mortons-the-steakhouse-1751-freedom-drive/qDjNgM9kSq62QZS4gU_d8g,winfield-illinois
https://www.ubereats.com/chicago/food-delivery/subway-1550-n-rt-59/OMfjYXYSSpCbMF45xfGONw,winfield-illinois
https://www.ubereats.com/chicago/food-delivery/hooters-fox-valley-%26-venuti/S9WAAsu-QNSHtowQecRpRg,winfield-illinois
https://www.ubereats.com/chicago/food-delivery/jamba-juice-278-danada-square-west/uuGLlRiQRouzHaOV-JZ4iA,winfield-illinois
https://www.ubereats.com/chicago/food-delivery/mojos-east-coast-eats/iI2pARBJQd-PU7LejMgY1A,winfield-illinois
https://www.ubereats.com/chicago/food-delivery/red-lobster-902-commons-drive/wqO-9C8NQiW7GEy4iBrbZQ,winfield-illinois
https://www.ubereats.com/chicago/food-delivery/quick-fire-cafe/5lsjW1wkR-6T0oDqsnSWMQ,winfield-illinois
https://www.ubereats.com/chicago/food-delivery/outback-steakhouse-2970-finley-rd/ijpy4y9GReq9R7jIJFHU5g,winfield-illinois
https://www.ubereats.com/chicago/food-delivery/honey-baked-ham-bloomingdale/a3eJPeiVTJ-ZUL8993NNYw,winfield-illinois
https://www.ubereats.com/chicago/food-delivery/radhikas-kitchen-naperville/bOWt5qQWQE2pzIlZXq8dGg,winfield-illinois
https://www.ubereats.com/chicago/food-delivery/arbys-1600-e-ogden-ave/Z3I2yMkvSmyc1INfEYQuag,winfield-illinois
https://www.ubereats.com/chicago/food-delivery/philly-pretzel-factory-1037-w-ogden-ave/I9ZMcwNtQCGgTEKT1bvxYg,winfield-illinois
https://www.ubereats.com/chicago/food-delivery/magarottos/CvEW3YglSKC7HixHwhSjWw,winfield-illinois
https://www.ubereats.com/chicago/food-delivery/danbys-station-cafe/E_hA_j3NQRePWWmWKrVwhQ,winfield-illinois
https://www.ubereats.com/chicago/food-delivery/arbys-441-e-geneva-rd/EoPQUVNkQgiPQ2Mdx39hkA,winfield-illinois
https://www.ubereats.com/chicago/food-delivery/dunkin-819-e-ogden-ave/HfD9VxKzRgy5HCEzuD0bNA,winfield-illinois
https://www.ubereats.com/chicago/food-delivery/starbucks-wheaton-danada/mCNObG49T02N4f_5SXIyPA,winfield-illinois
https://www.ubereats.com/chicago/food-delivery/between-the-buns-downers-grove/V3L3pg4ZQL-zQRKHjQ-N-Q,winfield-illinois
https://www.ubereats.com/chicago/food-delivery/potbelly-sandwich-shop-warrenville-cantera-%7C-43/x35BGTioSZGEz9sZkhEQLQ,winfield-illinois
https://www.ubereats.com/chicago/food-delivery/biryani-pot/GQmtqcbcQHWg5eQq9iSAYQ,winfield-illinois
https://www.ubereats.com/chicago/food-delivery/royal-hummus-and-falafel/nkdZ031NTNi4aPz4xL2QYA,winfield-illinois
https://www.ubereats.com/chicago/food-delivery/billy-bricks-wood-fired-pizza-lombard/mdMvjaLmQJ-DTeyeW0lMrA,winfield-illinois
https://www.ubereats.com/chicago/food-delivery/signature-slabs/M2vUnrFxR6SwLIz9sCikxw,winfield-illinois
https://www.ubereats.com/chicago/food-delivery/lemonshark-poke/S85y_T3QR-WTwkA_km_Ggw,winfield-illinois
https://www.ubereats.com/chicago/food-delivery/fiamme-pizzeria-napoletana/1eCFOuuzS7mv1ednbOzB8w,winfield-illinois
https://www.ubereats.com/chicago/food-delivery/burger-king-590-roosevelt-road/UMOnhSvHRduN5oXW9giRwQ,winfield-illinois
https://www.ubereats.com/chicago/food-delivery/jersey-mikes-subs-army-trail-%26-knollwood/P_C6zcM8T_i_4FX1ffFQ8g,winfield-illinois
https://www.ubereats.com/chicago/food-delivery/dinos-cafe/P99imHmaSSeSi4QpkHSzeQ,winfield-illinois
https://www.ubereats.com/chicago/food-delivery/japan-77-steak-house/kDBZODm9QG-npxBpRkmANQ,winfield-illinois
https://www.ubereats.com/chicago/food-delivery/cairo-ale-house-2011-franciscan-way/m72e0R2HTs-xNEMueB2jgA,winfield-illinois
https://www.ubereats.com/chicago/food-delivery/panda-express-264-danada-square-w/_Wt_43ndQbu690auB2hWRw,winfield-illinois
https://www.ubereats.com/chicago/food-delivery/sbarro-118-fox-valley-center/Ss00mNXoSyeIzvCbzu59mg,winfield-illinois
https://www.ubereats.com/chicago/food-delivery/macarena-tapas/kTqIL1GxTYORdjHSRqC3Lg,winfield-illinois
https://www.ubereats.com/chicago/food-delivery/natures-best-cafe/4A57jlLRSryjCfh1FhHqgQ,winfield-illinois
https://www.ubereats.com/chicago/food-delivery/mcdonalds-lake-%26-arlington/h6qqP90ASoKUSupKI2tF5A,winfield-illinois
https://www.ubereats.com/chicago/food-delivery/honest-grilled-wings/xsTTIjEgRLCNbwsUg-g9hQ,winfield-illinois
https://www.ubereats.com/chicago/food-delivery/which-wich-superior-sandwiches-gary-%26-schick/v3iDyXWgQQOVff_o338Wrw,winfield-illinois
https://www.ubereats.com/chicago/food-delivery/tacatz-tacos/uMZzApvvR_GuJTGPkzgWWA,winfield-illinois
https://www.ubereats.com/chicago/food-delivery/spice-mart/vLN9HhFHSYGQaWAUqiAm7A,winfield-illinois
https://www.ubereats.com/chicago/food-delivery/q-bar-glendale-heights/fyVrVjlGQ3e7G263c9gXNg,winfield-illinois
https://www.ubereats.com/chicago/food-delivery/shinto-japanese-steakhouse-%26-sushi-lounge/I4TjBNN4TCWIYaLOuxpIzQ,winfield-illinois
https://www.ubereats.com/chicago/food-delivery/subway-rt-59-%26-batavia/5XB-dFL1RgyyVJa_kRgk5w,winfield-illinois
https://www.ubereats.com/chicago/food-delivery/between-the-buns-wheaton/XOKoYL39Q1u6Xb9ZUIEe3g,winfield-illinois
https://www.ubereats.com/chicago/food-delivery/patellis-west-chicago/jWyyaXMMQdmR2BflrSC6Ng,winfield-illinois
https://www.ubereats.com/chicago/food-delivery/balboas-cheesesteaks/PUTFbCfbQAKBSOOORZTbzw,winfield-illinois
https://www.ubereats.com/chicago/food-delivery/noodles-%26-company-706-roosevelt-rd/Hd87-2t9Q6qiISYojfxYGw,winfield-illinois
https://www.ubereats.com/chicago/food-delivery/cousins-subs/xkIf57FdRUOZA8dH_aYrjw,winfield-illinois
https://www.ubereats.com/chicago/food-delivery/calzones-highland-ave/f5nL9n77TBKmlIC7Ag1Ysg,winfield-illinois
https://www.ubereats.com/chicago/food-delivery/okapi-bistro/Du6UoNnqQLChr0VWgVh_qA,winfield-illinois
https://www.ubereats.com/chicago/food-delivery/patellis-gyros-weston-ridge-%26-aurora/H8ehEE4ySJ-rIezwsMf6aw,winfield-illinois
https://www.ubereats.com/chicago/food-delivery/italian-express-restaurant-glendale-heights/5acensZgS9WcIGCfjpC4DA,winfield-illinois
https://www.ubereats.com/chicago/food-delivery/mcdonalds-north-%26-bloomingdale/yQNlUWygSkySehFxWVCn6Q,winfield-illinois
https://www.ubereats.com/chicago/food-delivery/jersey-mikes-subs-aurora-1147-north-eola-road-suite-103/jVVuaDKhSpO-wcroT73LeA,winfield-illinois
https://www.ubereats.com/chicago/food-delivery/chicken-tender-kitchen-naperville/3vARO0LkS76gfkXUxMYLcg,winfield-illinois
https://www.ubereats.com/chicago/food-delivery/chopsticks-noodle-%26-thai-cafe/bmnGP3kmR8SMCEP5kFWOJA,winfield-illinois
https://www.ubereats.com/chicago/food-delivery/the-crazy-fox-bar-%26-grille/0LjMI61pRPWrFjyfhI79UQ,winfield-illinois
https://www.ubereats.com/chicago/food-delivery/mcdonalds-roosevelt-%26-county-farm/irybAdOTQEmakqbkcC2fMA,winfield-illinois
https://www.ubereats.com/chicago/food-delivery/dunkin-811-e-ogden-ave/hrjqKCnxQoiQ-94iT_ELeQ,winfield-illinois
https://www.ubereats.com/chicago/food-delivery/thai-express/sYrUGP2sSwOfKqU3ZB_VVQ,winfield-illinois
https://www.ubereats.com/chicago/food-delivery/hummingbird-restaurant/N5OnKJk7TQWRK7OPQUsGng,winfield-illinois
https://www.ubereats.com/chicago/food-delivery/mcdonalds-il-59-%26-batavia/vMpqahRLSQScgGqdNatwtA,winfield-illinois
https://www.ubereats.com/chicago/food-delivery/burrito-grill/oooRjyf0TzSK_YYhsETXXA,winfield-illinois
https://www.ubereats.com/chicago/food-delivery/cicis-pizza/KXgkpUUhSOiisDccXbQH3w,winfield-illinois
https://www.ubereats.com/chicago/food-delivery/kfc-taco-bell-370-roosevelt-road/YSpbtRIET2imrIuq8sCn9g,winfield-illinois
https://www.ubereats.com/chicago/food-delivery/dairy-queen-treat-1134-w-wilson-st/rmYipREfSKa60qWu8Edo4g,winfield-illinois
https://www.ubereats.com/chicago/food-delivery/craft-urban/DcGAtsckSzCE2iZy7oNZ8A,winfield-illinois
https://www.ubereats.com/chicago/food-delivery/arrowhead-golf-club/lx82tdD_StGMXiCPUITETw,winfield-illinois
https://www.ubereats.com/chicago/food-delivery/old-town-pour-house-naperville/23B9qjG3RQ6Az8_jXYkMdQ,winfield-illinois
https://www.ubereats.com/chicago/food-delivery/la-barra-oak-brook/FAbLeJORTcytl8OwZ_C_VQ,winfield-illinois
https://www.ubereats.com/chicago/food-delivery/arbys-1534-e-main-st/kmJ8iI4rRWm628uNkYwRJQ,winfield-illinois
https://www.ubereats.com/chicago/food-delivery/saffron-restaurant/3KNmCTw2RQOmz6W7LLrogw,winfield-illinois
https://www.ubereats.com/chicago/food-delivery/the-great-indian-cafe/ty5mkVCfTcarn6gxtDPvFg,winfield-illinois
https://www.ubereats.com/chicago/food-delivery/meal-village/_eFAo3UUT9mhDJ-8CX2Tbw,winfield-illinois
https://www.ubereats.com/chicago/food-delivery/bulldog-ale-house-north-aurora/ZcadEN8YR6uY2AS9s6QFXg,winfield-illinois
https://www.ubereats.com/chicago/food-delivery/subway-314-w-army-trail-rd/YzFaISobTcGO-dYRqTrRxA,winfield-illinois
https://www.ubereats.com/chicago/food-delivery/butterfields-wheaton/nwL8t9GPSbG_hKzp8j3OWg,winfield-illinois
https://www.ubereats.com/chicago/food-delivery/taco-maya-bloomingdale/STIGbGOmQdukaO95_PmTjA,winfield-illinois
https://www.ubereats.com/chicago/food-delivery/urban-counter-wheaton/egswpWkhTiWD_MCfSc0dpA,winfield-illinois
https://www.ubereats.com/chicago/food-delivery/browns-chicken-st-charles/JCxw4QioR4mqiHHAQX0k_g,winfield-illinois
https://www.ubereats.com/chicago/food-delivery/jersey-mikes-subs-naperville-111-e-ogden-avenue/659neQUcRLq3rVdnudvjiA,winfield-illinois
https://www.ubereats.com/chicago/food-delivery/noodles-pho-u-lombard/vHVo7wYgQJeHQFw3omvUKg,winfield-illinois
https://www.ubereats.com/chicago/food-delivery/ihop-smith-%26-main/ZecthCPWTaSBxofekFO0HQ,winfield-illinois
https://www.ubereats.com/chicago/food-delivery/vivi-bubble-tea/abPWeJb9QRSHnmpMnZLABQ,winfield-illinois
https://www.ubereats.com/chicago/food-delivery/el-famous-burrito-glendale-heights/qTsVJjQvTAmAAjZEbATBxA,winfield-illinois
https://www.ubereats.com/chicago/food-delivery/dunkin-1090-roosevelt-rd/Ya1PCCJSTFqCqmA8tm9N-Q,winfield-illinois
https://www.ubereats.com/chicago/food-delivery/dunkin-1780-n-aurora-rd/-tzhhG5XTfS451wQQiRKRQ,winfield-illinois
https://www.ubereats.com/chicago/food-delivery/bellas/LNa_Arm6RLi2GL1BZXCzYg,winfield-illinois
https://www.ubereats.com/chicago/food-delivery/smashburger-1-rice-lake-square/R6iq8xW-S2SJCZi6UsRB-Q,winfield-illinois
https://www.ubereats.com/chicago/food-delivery/dunkin-26w220-geneva-rd/dbjEZIHKRLiAwEvxNIHWhQ,winfield-illinois
https://www.ubereats.com/chicago/food-delivery/jamesons-charhouse-bloomingdale/r561eodlTw6tOYd0xCMYUQ,winfield-illinois
https://www.ubereats.com/chicago/food-delivery/taco-grill-%26-salsa-bar-food-truck/l6O-EoS3RHyhCv7oc3nayw,winfield-illinois
https://www.ubereats.com/chicago/food-delivery/starbucks-naper-%26-ogden/ALkOhSV0Rv-3WNWgTKDRzw,winfield-illinois
https://www.ubereats.com/chicago/food-delivery/outback-steakhouse-166-south-gary-avenue/W6BvG5bkQpOyXc0ZuqFFuQ,winfield-illinois
https://www.ubereats.com/chicago/food-delivery/brunch-cafe-roselle/7f-2HfB-R2STUYq3BCzF_g,winfield-illinois
https://www.ubereats.com/chicago/food-delivery/my-kind-of-deli/uzgpXvbzQzCYc8Pi2gW84w,winfield-illinois
https://www.ubereats.com/chicago/food-delivery/subway-159-e-north-ave/aJrvU7xGRxSHnEsMQxCJuA,winfield-illinois
https://www.ubereats.com/chicago/food-delivery/el-callejon-mexican-grill/DFICaKIARnW_RkSPAHVJ-w,winfield-illinois
https://www.ubereats.com/chicago/food-delivery/portillos-hot-dogs-1992-w-jefferson-st/e1gbF1l3TqWe7UfL6Sx0Nw,winfield-illinois
https://www.ubereats.com/chicago/food-delivery/outback-steakhouse-2855-west-ogden-avenue/hxoglKX4QB-Mjio04npy2A,winfield-illinois
https://www.ubereats.com/chicago/food-delivery/wok-n-fire-wheaton/5BMBDafySTiy-4mqBmjEuQ,winfield-illinois
https://www.ubereats.com/chicago/food-delivery/wok-n-fire-st-charles/6w6xn3_SRqu78CJfpsW4dw,winfield-illinois
https://www.ubereats.com/chicago/food-delivery/sarpinos-pizzeria-1567-n-aurora-rd/uCa0l8OpSHa1NXzBcOx4xw,winfield-illinois
https://www.ubereats.com/chicago/food-delivery/tacochela/7YoZLOAWTKCptALUCL2DNQ,winfield-illinois
https://www.ubereats.com/chicago/food-delivery/il-sogno/Q9fKFyE2Qqu_9BoNluMq7w,winfield-illinois
https://www.ubereats.com/chicago/food-delivery/mapleberry-pancake-house/UPHysVWJTfqIyYEZSR_zDQ,winfield-illinois
https://www.ubereats.com/chicago/food-delivery/apizzaco-freedom-dr/F7yyjvAnRrmXCnstBk21XQ,winfield-illinois
https://www.ubereats.com/chicago/food-delivery/flat-top-grill-lombard/GedKlrcNSPmYjWnyuuqnKA,winfield-illinois
https://www.ubereats.com/chicago/food-delivery/shree-indian-restaurant-naperville/85_fOC4yTi63uveAvag7Pg,winfield-illinois
https://www.ubereats.com/chicago/food-delivery/dairy-queen-treat-148-s-bloomingdale-rd/I9guvuFaTvuYKSkPMxXHIQ,winfield-illinois
https://www.ubereats.com/chicago/food-delivery/seoul-taco-naperville/fsUIHB8hTK61ZZnrdJF5wA,winfield-illinois
https://www.ubereats.com/chicago/food-delivery/starbucks-north-%26-schmale/ski0aloxQq-BUudjgEScOQ,winfield-illinois
https://www.ubereats.com/chicago/food-delivery/el-dorado-bakery/Gx8xL2AoQMOTOacMAz2f6g,winfield-illinois
https://www.ubereats.com/chicago/food-delivery/papa-saverios-605-w-state-st-geneva-il-60134/vpD0LOz8S8qrHKWCmOGFOQ,winfield-illinois
https://www.ubereats.com/chicago/food-delivery/cozymels-mexican-grill/IsYSmBxLTouyVhpJKelehg,winfield-illinois
https://www.ubereats.com/chicago/food-delivery/five-guys-il-0583-141-danada-square-east/q18Y7HArQ4SRM8xOVvLheQ,winfield-illinois
https://www.ubereats.com/chicago/food-delivery/noodles-%26-company-3871-e-main-st-unit-3871/MWj5D0KDSk-IijJ3DeRAag,winfield-illinois
https://www.ubereats.com/chicago/food-delivery/altiro-latin-fusion-wheaton/HGfi5KDkRBiLbZc6DqpwbA,winfield-illinois
https://www.ubereats.com/chicago/food-delivery/charles-fast-food-%234/PL7QxUeDTG6pwOu_ra7UnA,winfield-illinois
https://www.ubereats.com/chicago/food-delivery/taylor-street-pizza/eAIHnNd0RaahTZzcSMrmbw,winfield-illinois
https://www.ubereats.com/chicago/food-delivery/fontinas-italian-kitchen/Xn2AWJNeRtWnYcE4B9PqtA,winfield-illinois
https://www.ubereats.com/chicago/food-delivery/fahrenheit-786/XOSMuUp5TzyNAyKbzz3XbA,winfield-illinois
https://www.ubereats.com/chicago/food-delivery/the-port-of-peri-peri-aurora/xsPE-DWzTLGBcs8jEw4ZcA,winfield-illinois
https://www.ubereats.com/chicago/food-delivery/tonys-steamers/Rv1zZpwcQMO5m04FF8e7bw,winfield-illinois
https://www.ubereats.com/chicago/food-delivery/amigas-restaurant/UnLUzkdyQLOVVq7B9rg4og,winfield-illinois
https://www.ubereats.com/chicago/food-delivery/great-steak-126-stratford-square/C4lDi5xARyWpWQVVrYkeGQ,winfield-illinois
https://www.ubereats.com/chicago/food-delivery/halsted-street-deli/5HJmOBIuT46TAbm5Jd19NQ,winfield-illinois
https://www.ubereats.com/chicago/food-delivery/dunkin-317-s-schmale-rd/YNd4W2_0SI61s0W-qTuyqg,winfield-illinois
https://www.ubereats.com/chicago/food-delivery/taco-bell-1890-army-trail-rd/I7sxSCdRQsmLmaFCyCmrLg,winfield-illinois
https://www.ubereats.com/chicago/food-delivery/hyderabad-house-biryani-place-restaurant-%26-bakery/8R8qW1iGTd21z3Mg1TtMEg,winfield-illinois
https://www.ubereats.com/chicago/food-delivery/taco-madre-stcharles/-OebjUtNRTqd_c0TrQnq_Q,winfield-illinois
https://www.ubereats.com/chicago/food-delivery/chipotle-mexican-grill-3821-e-main-st/pIj8MY5_SwqVzh21STl0oQ,winfield-illinois
https://www.ubereats.com/chicago/food-delivery/browns-chicken-carol-stream/Jo6eAdZKQ0CQdwKh--Mamw,winfield-illinois
https://www.ubereats.com/chicago/food-delivery/kfc-carol-stream/cAjCna03SbalScwBYxFnvA,winfield-illinois
https://www.ubereats.com/chicago/food-delivery/burrito-parrilla-mexicana-glendale-heights/fmpZ58pVTZ26QYGzYYkquw,winfield-illinois
https://www.ubereats.com/chicago/food-delivery/coopers-corner/fNTmnLuRTTKSARxSjXsbwQ,winfield-illinois
https://www.ubereats.com/chicago/food-delivery/honey-jam-cafe-downers-grove/hyUAKwqTR_i01zXKDDGT9w,winfield-illinois
https://www.ubereats.com/chicago/food-delivery/the-pivot-room/sFNnY5bYTv-08U_cbff5LQ,winfield-illinois
https://www.ubereats.com/chicago/food-delivery/patellis/T2zxJAEARoSs5GL0PMYwKQ,winfield-illinois
https://www.ubereats.com/chicago/food-delivery/good-tequilas-mexican-grill-glendale-heights/4RzGgLtcSyK6-hJlie4xiA,winfield-illinois
https://www.ubereats.com/chicago/food-delivery/falak-restaurant-and-banquets/MqgEKNvvRiGJlEXNnjkohw,winfield-illinois
https://www.ubereats.com/chicago/food-delivery/mod-pizza-bloomingdale-court/SIeNYNQBT_yyM4Ov_bSwhw,winfield-illinois
https://www.ubereats.com/chicago/food-delivery/taqueria-san-miguel/KC6KnW-5SqO155_ZfsJSvg,winfield-illinois
https://www.ubereats.com/chicago/food-delivery/the-white-chocolate-grill-naperville/atWZ7krHQbmj_c4tlOg-eA,winfield-illinois
https://www.ubereats.com/chicago/food-delivery/portillos-hot-dogs-134-e-lake-st/Nz39W-FASIyqQnpE-enU1Q,winfield-illinois
https://www.ubereats.com/chicago/food-delivery/dairy-queen-treat-850-n-main-st/S1SuCnsjQl6tk68gQUKY-A,winfield-illinois
https://www.ubereats.com/chicago/food-delivery/chipotle-mexican-grill-28251-diehl-rd-ste-a/uBv5Q5tSRUOPcXQ3pIqHaQ,winfield-illinois
https://www.ubereats.com/chicago/food-delivery/starbucks-north-ave-%26-kirk-rd/uncWaQS9QmymYGpTLrDGUA,winfield-illinois
https://www.ubereats.com/chicago/food-delivery/dunkin-600-s-county-farm-rd/m5rB-BX_Q8-W8z8mQ4_IAQ,winfield-illinois
https://www.ubereats.com/chicago/food-delivery/subway-404-w-roosevelt-rd/dt6A-n8KRa-uRCISOXvpJA,winfield-illinois
https://www.ubereats.com/chicago/food-delivery/golden-corral-4270-e-new-york-street/Eul4s8iqSA68Y8XOS0YxoQ,winfield-illinois
https://www.ubereats.com/chicago/food-delivery/halsted-street-deli/JrQdKWh_RFC3OGUnVwV4RA,winfield-illinois
https://www.ubereats.com/chicago/food-delivery/the-bunker-bar-%26-grill/8ko39sxkS7a4g11OKQ3nmA,winfield-illinois
https://www.ubereats.com/chicago/food-delivery/big-boss-pizza/rjNEn2CCTaaQQ1AUOUO4xg,winfield-illinois
https://www.ubereats.com/chicago/food-delivery/cookie-dough-creations/RYoOC8owSLmH0Cs5folcSg,winfield-illinois
https://www.ubereats.com/chicago/food-delivery/sushi-naper/oFit7147RT-7PuBcaqUW4w,winfield-illinois
https://www.ubereats.com/chicago/food-delivery/claras/ULkU8AukSXGwKin9E-dS5w,winfield-illinois
https://www.ubereats.com/chicago/food-delivery/red-arrow-smoked-meats/fEYfbqa2R4ylxZ4ju2dZbw,winfield-illinois
https://www.ubereats.com/chicago/food-delivery/chipotle-mexican-grill-2902-kirk-rd-ste-100/1_Y5JLIYRAWXWcatpRK-hg,winfield-illinois
https://www.ubereats.com/chicago/food-delivery/sushi-ukai-glen-ellyn/Z-NfdXS4R8O_hlrg-NVz1w,winfield-illinois
https://www.ubereats.com/chicago/food-delivery/shimla-peppers/LVOHCne5RPuSid3Ogox5zA,winfield-illinois
https://www.ubereats.com/chicago/food-delivery/sweet-home-gelato/gaGjpjp5Ss284xRKbZMREQ,winfield-illinois
https://www.ubereats.com/chicago/food-delivery/jerusalem-cafe-lombard/WKs6NpiSSzyAHSUfbDwKMg,winfield-illinois
https://www.ubereats.com/chicago/food-delivery/steak-n-shake-320-w-north-ave/7EDXvhFoR8GxVlgiomeSog,winfield-illinois
https://www.ubereats.com/chicago/food-delivery/algo-dulce/llFcRUbOQAuNoKyT07LUPQ,winfield-illinois
https://www.ubereats.com/chicago/food-delivery/made-in-italy-trattoria-476-forest-ave/Yg11hwlHR5eKPkjB_JJPfQ,winfield-illinois
https://www.ubereats.com/chicago/food-delivery/tony-spavones/2JDwctCTQH6OrJIqZ_s1fw,winfield-illinois
https://www.ubereats.com/chicago/food-delivery/golden-corral-154-s-gary-ave/0oTjSJn3R0qREroaaS6vYA,winfield-illinois
https://www.ubereats.com/chicago/food-delivery/jersey-mikes-subs-glen-ellyn-711-e-roosevelt-road/82Zhe7qvSdagDn0utkHfgA,winfield-illinois
https://www.ubereats.com/chicago/food-delivery/noodles-%26-company-1310-commons-dr/KaZhB9BtRhmq19qmq5iMGg,winfield-illinois
https://www.ubereats.com/chicago/food-delivery/pozoleria-amiguitas/CBvw1wRaQFy8g3jh2hMUSQ,winfield-illinois
https://www.ubereats.com/chicago/food-delivery/ellyns-tap-and-grill/QXJZo7kWQfy83nNkRObtHw,winfield-illinois
https://www.ubereats.com/chicago/food-delivery/portillos-hot-dogs-235-north-ave/LfL03HHfSN6xD22F3DO6jg,winfield-illinois
https://www.ubereats.com/chicago/food-delivery/dunkin-2701-e-main-st-unit-102/qlF8hp6sSeCb0v4RULQbtQ,winfield-illinois
https://www.ubereats.com/chicago/food-delivery/kfc-taco-bell-1015-maple-avenue/b7MHyF_rRyKdgtrfmC8qzg,winfield-illinois
https://www.ubereats.com/chicago/food-delivery/buona-glendale-heights/RZ7T_dEXTs62MNsTFWNjEg,winfield-illinois
https://www.ubereats.com/chicago/food-delivery/schmaltz-deli/WynBFX6cS8Ke_ICqQEzh9g,winfield-illinois
https://www.ubereats.com/chicago/food-delivery/burrito-parrilla-mexicana-carol-stream/j-tCPAwUQHizIwEB48YjFQ,winfield-illinois
https://www.ubereats.com/chicago/food-delivery/daves-burritos/EcPfIirVS-GnldEUBZNn7A,winfield-illinois
https://www.ubereats.com/chicago/food-delivery/hannas-bistro-cafe/uwi_zHEYSLizOaW6TjmVxA,winfield-illinois
https://www.ubereats.com/chicago/food-delivery/mcdonalds-rt-59-%26-brookdale/6w3UUlSLQ06VB8t2HMk0Xw,winfield-illinois
https://www.ubereats.com/chicago/food-delivery/dairy-queen-treat-703-e-state-st/XQczsG_aR26x9Bo_FP04bA,winfield-illinois
https://www.ubereats.com/chicago/food-delivery/el-tesoro/ByN8lU9AT7yE4HZiF6WAFA,winfield-illinois
https://www.ubereats.com/chicago/food-delivery/tgi-fridays-490-n-randall-rd/8enpRKgBRTe6Pi0FmnL45Q,winfield-illinois
https://www.ubereats.com/chicago/food-delivery/che-figata/eH0NKC_NQwu3kV5QutNyvQ,winfield-illinois
https://www.ubereats.com/chicago/food-delivery/mamas-mabuhay-restaurant/dCS45H1aSjODC8asHFrbdg,winfield-illinois
https://www.ubereats.com/chicago/food-delivery/dunkin-530-crescent-blvd/UoU3OnjHSK-TN4kKPQ1PaQ,winfield-illinois
https://www.ubereats.com/chicago/food-delivery/kizuna-sushi-bistro/mDzkKkgfR323PClFNUUCtg,winfield-illinois
https://www.ubereats.com/chicago/food-delivery/alexanders-cafe-st-charles/NbQ2BVm6TnSeD12_SVqIJw,winfield-illinois
https://www.ubereats.com/chicago/food-delivery/sullivans-244-s-main-street/3O3XdEaDTpqKgrCOG_f_lQ,winfield-illinois
https://www.ubereats.com/chicago/food-delivery/popeyes-army-trail-%26-gary/h9NUa3CJTMin0i0PaZtc0Q,winfield-illinois
https://www.ubereats.com/chicago/food-delivery/cafe-on-the-park/bcDhRlHNTtiy0WOxHJA6Hw,winfield-illinois
https://www.ubereats.com/chicago/food-delivery/bocaditos-cafe/j5efNrw7QuaA200m3swoNQ,winfield-illinois
https://www.ubereats.com/chicago/food-delivery/johnnys-burgers-bowls-%26-bbq-carol-stream/wzfiif8DRxyU4YGwgHw9Pw,winfield-illinois
https://www.ubereats.com/chicago/food-delivery/francescas-by-the-river/BpA3Dap4TLSA3Sp_S9cvxQ,winfield-illinois
https://www.ubereats.com/chicago/food-delivery/umai-aji-ya/R9L9XA65TN-PAay0mw7PWg,winfield-illinois
https://www.ubereats.com/chicago/food-delivery/shinto-sushi-at-freedom-commons/xcwpGPNeTEGfc3mw67gAOQ,winfield-illinois
https://www.ubereats.com/chicago/food-delivery/los-girasoles-restaurant/W18T1IaTTZu7sXnSkj2Xrg,winfield-illinois
https://www.ubereats.com/chicago/food-delivery/taco-madre-n-aurora/7H0AiCAXSYqHRP-OFG5IVQ,winfield-illinois
https://www.ubereats.com/chicago/food-delivery/the-jalapeno-grille-charles/UlE8VR9fQGCmqf4yPUcAjQ,winfield-illinois
https://www.ubereats.com/chicago/food-delivery/red-mango-233-town-sq/wV8ZBCohRYyyvPRMHxJG8g,winfield-illinois
https://www.ubereats.com/chicago/food-delivery/granite-city-food-%26-brewery-1828-abriter-ct/CPMtw2RATvSUAukTx12fHw,winfield-illinois
https://www.ubereats.com/chicago/food-delivery/carols-garden-restaurant/_oOh94DPRH-fST30ererOw,winfield-illinois
https://www.ubereats.com/chicago/food-delivery/papa-johns-st-charles/C4O7H6qsSre371bcXnsocQ,winfield-illinois
https://www.ubereats.com/chicago/food-delivery/v-thai/WmGAWZuHSSOKfm4bgeUQig,winfield-illinois
https://www.ubereats.com/chicago/food-delivery/oak-street-restaurant/FtvpKOHeRri6vEnbesC0qQ,winfield-illinois
https://www.ubereats.com/chicago/food-delivery/dunkin-donuts-roosevelt-rd/nZ6zPpXpQky7c-40t2Fpeg,winfield-illinois
https://www.ubereats.com/chicago/food-delivery/aloha-poke-co-w-washington-st/2nfQ03W-Tu6He5zJJNB0Hg,winfield-illinois
https://www.ubereats.com/chicago/food-delivery/labriola-cafe-oak-brook/TRdussV4RK6FPPZMwfRxrA,winfield-illinois
https://www.ubereats.com/chicago/food-delivery/chinns-34th-street-fishery/GwLEMNybRryEkycp3SFsTw,winfield-illinois
https://www.ubereats.com/chicago/food-delivery/akwa-fusion-cuisine/YAj-amn_Stqx1gGlP_gZJg,winfield-illinois
https://www.ubereats.com/chicago/food-delivery/sals-pizza-pub/d52iUBBuSpOmJVn5bKFeHA,winfield-illinois
https://www.ubereats.com/chicago/food-delivery/north-of-the-border-mexican-restaurant/BygB6AcyRdqbuTaK4yHvOw,winfield-illinois
https://www.ubereats.com/chicago/food-delivery/draft-picks/Kq8oIBopShuUzYIu0hGlgQ,winfield-illinois
https://www.ubereats.com/chicago/food-delivery/olive-mediterranean-grill-%26-pizza/1pX1xAjJQ36mRAaqkMrOtA,winfield-illinois
https://www.ubereats.com/chicago/food-delivery/mai-thai-cafe/mx7OQVXuR1iDZ9zq5ahYwA,winfield-illinois
https://www.ubereats.com/chicago/food-delivery/la-sorella-di-francesca/pELghr8JTSCklq8SpD3nBA,winfield-illinois
https://www.ubereats.com/chicago/food-delivery/guzman-y-gomez-naperville/jM6t0JCZTAW7gDe2EMp9Fw,winfield-illinois
https://www.ubereats.com/chicago/food-delivery/buona-lombard/-ZLrD2o8TSOvMDSQyl1d8Q,winfield-illinois
https://www.ubereats.com/chicago/food-delivery/bollywood-bistro/PVjm4IVUQZe21vkFuAUoxg,winfield-illinois
https://www.ubereats.com/chicago/food-delivery/taco-patio-hanover-park/bC6TTGmVRE2VnBeOe5hxyA,winfield-illinois
https://www.ubereats.com/chicago/food-delivery/godavari-chicago-at-naperville/_nq1OL0JTiaEaTnexVhX-A,winfield-illinois
https://www.ubereats.com/chicago/food-delivery/taco-grill-warrenville/S3nW7TkOT4KPqc6_5YXYAQ,winfield-illinois
https://www.ubereats.com/chicago/food-delivery/mcdonalds-army-trail-%26-george-bell/0C8syJB5SSaunkWi0xP-fw,winfield-illinois
https://www.ubereats.com/chicago/food-delivery/kabab-point/4e8CH31sSvGdbtV3eOBZZQ,winfield-illinois
https://www.ubereats.com/chicago/food-delivery/papa-saverios-pizzeria-county-farm-%26-north/SdLlkBlnT4mOYoOYlTWvFQ,winfield-illinois
https://www.ubereats.com/chicago/food-delivery/oaked-italian-kitchen-front-st-vr/3fVXThuBRvOKDeRTqvfO2w,winfield-illinois
https://www.ubereats.com/chicago/food-delivery/tgi-fridays-2671-bloomingdale-il/cV58BzXPQZa_VNrVSFPAJA,winfield-illinois
https://www.ubereats.com/chicago/food-delivery/burrito-parrilla-mexicana-west-chicago/q_jEdS19Tma0mD9py2dhjA,winfield-illinois
https://www.ubereats.com/chicago/food-delivery/noodles-%26-company-2365-n-farnsworth-ave/G1pTBhI3Sm-rlEEAA0H_EA,winfield-illinois
https://www.ubereats.com/chicago/food-delivery/starbucks-army-trail-%26-bloomingdale/6uUN7OQaRFu6rrcWdXsFrQ,winfield-illinois
https://www.ubereats.com/chicago/food-delivery/on-the-border-st-charles/zSlFfu3-TbKvotisgUdE4w,winfield-illinois
https://www.ubereats.com/chicago/food-delivery/cousins-pizza-pub/XBBnDVP8SA6lnps4MTG7fQ,winfield-illinois
https://www.ubereats.com/chicago/food-delivery/flips-beef/Y-glNbw8TrSjlakMjKH89Q,winfield-illinois
https://www.ubereats.com/chicago/food-delivery/el-coco-loco-mexican-grill-ordermark/7ZG0tBJVRzygzdi7xPz9EQ,winfield-illinois
https://www.ubereats.com/chicago/food-delivery/burrito-parilla-mexicana-batavia/pgu-BrsGSzawHoD63EwAvA,winfield-illinois
https://www.ubereats.com/chicago/food-delivery/fulla-bologna/vUj2biABSsOvLahptLZ7Qg,winfield-illinois
https://www.ubereats.com/chicago/food-delivery/mcdonalds-neltnor-%26-main/ZRVlXmYdQbSqeaOzlBca3w,winfield-illinois
https://www.ubereats.com/chicago/food-delivery/randall-cafe-grill-%26-bar/wVDg25O_R3CyBRK4i8wd0g,winfield-illinois
