url,city
https://www.ubereats.com/chicago/food-delivery/alexs-washington-gardens/Xyux6wGFTsWMvlIh6BQdpg,winnetka-illinois
https://www.ubereats.com/chicago/food-delivery/linas-frozen-treats/joDiRfKsQyCRgyIKq-hZiA,winnetka-illinois
https://www.ubereats.com/chicago/food-delivery/disotto/1sy4Gl-WTjGPpi8TDDbzKA,winnetka-illinois
https://www.ubereats.com/chicago/food-delivery/kababjees/rP317enyRgW0uJAKfs2yOA,winnetka-illinois
https://www.ubereats.com/chicago/food-delivery/uhmazing-blt/n-WLrFt0RTSJVYJG4-mlhg,winnetka-illinois
https://www.ubereats.com/chicago/food-delivery/portillos-hot-dogs-8832-w-dempster-st/lqufWXwFSO2FqG824CCO6Q,winnetka-illinois
https://www.ubereats.com/chicago/food-delivery/buffalo-wild-wings-4999-old-orchard-ctr/PGzCtQgJRxuy9U3IvACVmg,winnetka-illinois
https://www.ubereats.com/chicago/food-delivery/starbucks-deerfield-%26-waukegan-deerfield/idcrkLU-Soytge1yl9Wg_Q,winnetka-illinois
https://www.ubereats.com/chicago/food-delivery/grill-house/Lc9hsa0jROuTthgTR5h5ug,winnetka-illinois
https://www.ubereats.com/chicago/food-delivery/wendys-9319-skokie-blvd/Awp0XR3cT_6jbaB-ZCxeKg,winnetka-illinois
https://www.ubereats.com/chicago/food-delivery/five-guys-il-0551-3232-lake-ave/sutZkN4bTJOIiROLaV6J7A,winnetka-illinois
https://www.ubereats.com/chicago/food-delivery/stir-crazy-fresh-asian-grill-northbrook/IVIMbAXPT36TFvmQ01ZVrg,winnetka-illinois
https://www.ubereats.com/chicago/food-delivery/dunkin-1945-willow-rd/ZDwLgboAR_KdE_G79tpMaA,winnetka-illinois
https://www.ubereats.com/chicago/food-delivery/noodles-%26-company-930-church-st/yetYKq0EQ5iRalCVi6fsJw,winnetka-illinois
https://www.ubereats.com/chicago/food-delivery/tearex-bubble-tea-cafe-niles/B5yO3TdsTbiAMfUq2PXvlQ,winnetka-illinois
https://www.ubereats.com/chicago/food-delivery/philz-coffee-1030-davis-street/y80dHSbnSreQY_iMWAYK_w,winnetka-illinois
https://www.ubereats.com/chicago/food-delivery/mcalisters-deli-9465-n-milwaukee-rd/Uli4VB2wR8Gvg8gKlcO21A,winnetka-illinois
https://www.ubereats.com/chicago/food-delivery/sushi-4-u/VJ7Nk2siQQyrlz4idtQy9g,winnetka-illinois
https://www.ubereats.com/chicago/food-delivery/pf-changs-1819-lake-cook-rd/ukWo2TyURRCXOvDAp8w4NA,winnetka-illinois
https://www.ubereats.com/chicago/food-delivery/starbucks-1833-deerfield-rd-highland-park/D86rjTYPTJmY1Dq9Pp-G0A,winnetka-illinois
https://www.ubereats.com/chicago/food-delivery/starbucks-green-bay-%26-washington-wilmette/8abqpXTVQEeEALv2kg49oA,winnetka-illinois
https://www.ubereats.com/chicago/food-delivery/dunkin-1612-benson-ave/DT-csbePTTSd4RgO4gM5-w,winnetka-illinois
https://www.ubereats.com/chicago/food-delivery/northshore-pizza-company/W2kziVZbTjilPRD62RAOHw,winnetka-illinois
https://www.ubereats.com/chicago/food-delivery/mcdonalds-green-bay-%26-tower/mURrNHDgSMOFriGE3uf8mw,winnetka-illinois
https://www.ubereats.com/chicago/food-delivery/starbucks-243-n-skokie-blvd-village-square/VE34_6zmT4GLAJ0F4QPFdA,winnetka-illinois
https://www.ubereats.com/chicago/food-delivery/afghan-kabob/F2uFkzM3QyezbImSaAGWLg,winnetka-illinois
https://www.ubereats.com/chicago/food-delivery/stacked-and-folded-social-house/raiwDhKxT32Pm-vP7GCqng,winnetka-illinois
https://www.ubereats.com/chicago/food-delivery/burger-king-1834-waukegan-road/j8_9sS9nR-qjHmSPdpo_nQ,winnetka-illinois
https://www.ubereats.com/chicago/food-delivery/valley-lodge/UKbMYxMST_2-koPR74oVfA,winnetka-illinois
https://www.ubereats.com/chicago/food-delivery/five-guys-il-0552-willow-%26-ravine/YdOzazCoQEahD7rJ6C7JFg,winnetka-illinois
https://www.ubereats.com/chicago/food-delivery/la-casa-de-isaac-%26-moishe/FC63HKUdTrmYuwPs3ZEzOw,winnetka-illinois
https://www.ubereats.com/chicago/food-delivery/tous-les-jours-glenview/fPZauPFtQJ6JCmDOKXRXVw,winnetka-illinois
https://www.ubereats.com/chicago/food-delivery/chipotle-mexican-grill-675-deerfield-rd-ste-120/eNoWnGxlTKyRcJBuwDlmWw,winnetka-illinois
https://www.ubereats.com/chicago/food-delivery/dunkin-2658-green-bay-rd/gFsd2aIRRnKajfUuV9kcaQ,winnetka-illinois
https://www.ubereats.com/chicago/food-delivery/taqueria-los-comales-milwaukee-%26-ballard/ZWOlB5ZPQp66wHWr8AZScA,winnetka-illinois
https://www.ubereats.com/chicago/food-delivery/ruths-chris-steak-house-933-skokie-blvd/OoLkHWB6SkGMo8F9dmpr7w,winnetka-illinois
https://www.ubereats.com/chicago/food-delivery/ice-cream-parlor-skokie/5J3Bn8rqSSehtizmte6v-g,winnetka-illinois
https://www.ubereats.com/chicago/food-delivery/halmae-bossam/x6-IQ4hvQu6JSLze6A5iIg,winnetka-illinois
https://www.ubereats.com/chicago/food-delivery/pavilion-restaurant-%26-lounge/fPGU6Ce9Rau5scbIxjN68A,winnetka-illinois
https://www.ubereats.com/chicago/food-delivery/simply-sushi/BNFgI4aSRzm0mDQSJbiNTw,winnetka-illinois
https://www.ubereats.com/chicago/food-delivery/burger-king-7523-n-clark-st/Ki5s3MlyS-CYTxf35mHIKw,winnetka-illinois
https://www.ubereats.com/chicago/food-delivery/tsing-tao-mandarin-chinese-restaurant/S-OJZLoISviGJsqI1zHHDA,winnetka-illinois
https://www.ubereats.com/chicago/food-delivery/dowize-bistro/4p8kVn8QRhGEp5S78uxm2A,winnetka-illinois
https://www.ubereats.com/chicago/food-delivery/the-biryani-place/CASNE3xyT7y0l9ap6uwvUA,winnetka-illinois
https://www.ubereats.com/chicago/food-delivery/thai-inbox/_hzAhpw1SBmbWev31zWGKQ,winnetka-illinois
https://www.ubereats.com/chicago/food-delivery/demetris/Xm_soLdiSBao9WhnNzM_zA,winnetka-illinois
https://www.ubereats.com/chicago/food-delivery/salt-creek-tacos/6RngTbP9RRqqnej9oD1QVg,winnetka-illinois
https://www.ubereats.com/chicago/food-delivery/oshio-sushi-%26-steakhouse/8HpLKvBoRZOnzzGaaUUB9A,winnetka-illinois
https://www.ubereats.com/chicago/food-delivery/starbucks-dempster-%26-karlov-skokie/r8KuyOdPT2-_TPlIsERgGw,winnetka-illinois
https://www.ubereats.com/chicago/food-delivery/subway-724-clark-st/c6M42Bt_RKqvn1s_MJE4jA,winnetka-illinois
https://www.ubereats.com/chicago/food-delivery/jersey-mikes-subs-willow-%26-ravine/OquPIfEMQN6umVp4RhpF-A,winnetka-illinois
https://www.ubereats.com/chicago/food-delivery/homers-ice-cream/VRneGNNfTzO1Z64uvSS72A,winnetka-illinois
https://www.ubereats.com/chicago/food-delivery/mid-kitchen/gysuEfNZQ1SiccbaEZJt_A,winnetka-illinois
https://www.ubereats.com/chicago/food-delivery/mcdonalds-dempster-%26-callie/eFqyugwNQye-F_v3BC5Jmg,winnetka-illinois
https://www.ubereats.com/chicago/food-delivery/rosded-too-thai/KHff7uCBRbaiqneDPz2SgQ,winnetka-illinois
https://www.ubereats.com/chicago/food-delivery/dunkin-4445-golf-rd/_YHHzhO2QWC8Rgxcs68Seg,winnetka-illinois
https://www.ubereats.com/chicago/food-delivery/mrs-fields-cookies-skokie/2cm_nGNHRw2V9wRmGdR4bQ,winnetka-illinois
https://www.ubereats.com/chicago/food-delivery/chicken-ati-atihan-grill-and-restaurant/GrKEB80-RBaIWGom2EDBeQ,winnetka-illinois
https://www.ubereats.com/chicago/food-delivery/bake-homemade-pizza-park-ave/IIATtvnCQja-eXucgtnu5A,winnetka-illinois
https://www.ubereats.com/chicago/food-delivery/taco-bell-8329-skokie-blvd/9Mn49GVmR1-yGWmDTe1OIA,winnetka-illinois
https://www.ubereats.com/chicago/food-delivery/panda-express-5220-west-dempster/SXTxY8ibTOys9jL9KWBxHQ,winnetka-illinois
https://www.ubereats.com/chicago/food-delivery/ravinia-brewing-company/d1i497D-Q0CXeHSTcD3QFQ,winnetka-illinois
https://www.ubereats.com/chicago/food-delivery/oshio-sushi-%26-steakhouse/JK1UjIahTI-0wYPQ9_pUKQ,winnetka-illinois
https://www.ubereats.com/chicago/food-delivery/the-port-of-peri-peri-skokie/vX6AMg6wTY-B2-yow700cw,winnetka-illinois
https://www.ubereats.com/chicago/food-delivery/tap-house-grill-wheeling/Z6U-vjgLQxWClfmzu4UsCw,winnetka-illinois
https://www.ubereats.com/chicago/food-delivery/nandos-peri-peri-4999-old-orchard-center/3_Y3gYSrSKW4CgGl_OFhOg,winnetka-illinois
https://www.ubereats.com/chicago/food-delivery/kegon-japanese-steak-and-sushi/uCLyZn9VRW6k8W-uOpYJcQ,winnetka-illinois
https://www.ubereats.com/chicago/food-delivery/the-french-toastery/wYdoMX5dSCWo2wFOhB5bag,winnetka-illinois
https://www.ubereats.com/chicago/food-delivery/ovo-frito-cafe/J-qcj9sZSeWnSk9_BDtxtA,winnetka-illinois
https://www.ubereats.com/chicago/food-delivery/subway-3217-lake-st/wqDCulx9QAq5ncoP-tBcOw,winnetka-illinois
https://www.ubereats.com/chicago/food-delivery/wingstop-2434-main-st-ste-f/pVFo5jQCRoijBl2ls06-eg,winnetka-illinois
https://www.ubereats.com/chicago/food-delivery/judys-pizzeria/YzkKP2yYTkeqTUuFkzsHXg,winnetka-illinois
https://www.ubereats.com/chicago/food-delivery/chipotle-mexican-grill-2341-willow-rd/CZSCC5-vQuq-rp8ynHdCVg,winnetka-illinois
https://www.ubereats.com/chicago/food-delivery/las-fuentes-restaurantwaukegan-rd/8PsW3bZMQpKb8NypKBd_Aw,winnetka-illinois
https://www.ubereats.com/chicago/food-delivery/jennifers-edibles/x9h9kxUBS9-Ht0s4lBAf4w,winnetka-illinois
https://www.ubereats.com/chicago/food-delivery/mingle-juice-bar/danVEbuuQ9OsLTG44AWrQg,winnetka-illinois
https://www.ubereats.com/chicago/food-delivery/mcdonalds-touhy-%26-niles-center/30VLmXvdRDCTBJEY4yoN7Q,winnetka-illinois
https://www.ubereats.com/chicago/food-delivery/cafe-orchid-northwest-%26-greenwood/8aK0YjVFSuW9GTMAnpBeDg,winnetka-illinois
https://www.ubereats.com/chicago/food-delivery/sakura-sushi/T199ePqWT_yXa-p6bQN1fw,winnetka-illinois
https://www.ubereats.com/chicago/food-delivery/epic-burger-skokie/rrlQPNTFSfKuaiCIenKYSw,winnetka-illinois
https://www.ubereats.com/chicago/food-delivery/your-pie-pizza-glenview/fM9Zu20GRruh0m_AkYXa6w,winnetka-illinois
https://www.ubereats.com/chicago/food-delivery/saranellos/heCN9yjmTqW8i1mtFz2Zig,winnetka-illinois
https://www.ubereats.com/chicago/food-delivery/dunkin-499-lake-cook-rd/paIcrdEJTM-N2y5PUWGlvw,winnetka-illinois
https://www.ubereats.com/chicago/food-delivery/goodis-restaurant/IEqxenFFQQS_rFELs_2prg,winnetka-illinois
https://www.ubereats.com/chicago/food-delivery/taco-bell-1757-waukegan/CEmNWaq8SJWrKinGxLX5Kg,winnetka-illinois
https://www.ubereats.com/chicago/food-delivery/mustards-last-stand/lvhUL_SyRcKWNtO2-7gUJQ,winnetka-illinois
https://www.ubereats.com/chicago/food-delivery/mortons-the-steakhouse-699-skokie-blvd/Yw7sn_wlQ3i2dpcuhFvWXQ,winnetka-illinois
https://www.ubereats.com/chicago/food-delivery/dunkin-3207-lake-ave-%23-4-a/7Zm8NiBnSw-1AzYvNAaTyA,winnetka-illinois
https://www.ubereats.com/chicago/food-delivery/noodles-%26-company-110-s-waukegan-ste-110c/oo9QOHd3R3G27e3X9HepzA,winnetka-illinois
https://www.ubereats.com/chicago/food-delivery/the-glen-club/rHnknUi-RSyEAalyh3Mp-g,winnetka-illinois
https://www.ubereats.com/chicago/food-delivery/di-pescara-northbrook-court-mall/-VF24YeMS92oVxwSqe4lww,winnetka-illinois
https://www.ubereats.com/chicago/food-delivery/panda-express-carpenter-%26-touhy/GXkfvFIiQq-Kpof2lkGA9A,winnetka-illinois
https://www.ubereats.com/chicago/food-delivery/pinstripes-northbrook/czElVzFySL-zZ5BfZNULaA,winnetka-illinois
https://www.ubereats.com/chicago/food-delivery/viaggio-restaurant/xNYiE2t4TkukoPepMm16UQ,winnetka-illinois
https://www.ubereats.com/chicago/food-delivery/subway-skokie/lSP9PuSZQR6P1HiZrxmkHg,winnetka-illinois
https://www.ubereats.com/chicago/food-delivery/napolita-pizzeria-%26-wine-bar/ylpIAm-3Q9Of-gt3faaOsA,winnetka-illinois
https://www.ubereats.com/chicago/food-delivery/dunkin-9480-waukegan-rd/0ies3ALcTYqut6gXnJw5ug,winnetka-illinois
https://www.ubereats.com/chicago/food-delivery/dat-pizza-dough/z3UWA1DbSymai5EF-AXpTQ,winnetka-illinois
https://www.ubereats.com/chicago/food-delivery/mahal-kita/5F4P5P-hQ024TglRtSZPtA,winnetka-illinois
https://www.ubereats.com/chicago/food-delivery/sarpinos-pizzeria-2428-main-st/Kg428DonQuezNb1MGfpQDQ,winnetka-illinois
https://www.ubereats.com/chicago/food-delivery/kims-chop-suey/-_HCHVLeTL6YnumP38v6TQ,winnetka-illinois
https://www.ubereats.com/chicago/food-delivery/umacamon-express-evanston/u1NDkuBbQfSkjthRIu9mOA,winnetka-illinois
https://www.ubereats.com/chicago/food-delivery/adams-kabob/I5ebS2E0T8abjrvs9LSztg,winnetka-illinois
https://www.ubereats.com/chicago/food-delivery/valor/eHEIHY0ATae0hyLH_laJKw,winnetka-illinois
https://www.ubereats.com/chicago/food-delivery/cacao-70/Q2mFenE1QzmpRR41NDEkeQ,winnetka-illinois
https://www.ubereats.com/chicago/food-delivery/miraj-layalena-restaurant/KxT65LUuR8mCkuBzVlTDww,winnetka-illinois
https://www.ubereats.com/chicago/food-delivery/papa-johns-pizza-skokie/PNbJ5x3JSO-RgJ4yKKBkEw,winnetka-illinois
https://www.ubereats.com/chicago/food-delivery/noodles-%26-company-1851-tower-dr/qHSq4daoQD-g7ffC97egrA,winnetka-illinois
https://www.ubereats.com/chicago/food-delivery/mcalisters-deli-663-lake-cook-road/NnWnteSNQGy3rIZ6FnrBCg,winnetka-illinois
https://www.ubereats.com/chicago/food-delivery/potbelly-sandwich-shop-willow-festival-%7C-159/xwabsYJrTtagDP40YYxJYQ,winnetka-illinois
https://www.ubereats.com/chicago/food-delivery/noori-chicken-%26-doorae-chicken/vUmO86GpR3qVHjvaZuippA,winnetka-illinois
https://www.ubereats.com/chicago/food-delivery/grilled-cheesin/KQGCkykuTLy8vX7HLsmPMw,winnetka-illinois
https://www.ubereats.com/chicago/food-delivery/buca-di-beppo-wheeling/F5My0eydTSKel0h6pM5NBg,winnetka-illinois
https://www.ubereats.com/chicago/food-delivery/dunkin-980-harlem-ave-%2323/oDJjIjQaSyGg97hSq_K_aw,winnetka-illinois
https://www.ubereats.com/chicago/food-delivery/mrbroast/WG1U8KzKQ8Sv1-bMPBbIuA,winnetka-illinois
https://www.ubereats.com/chicago/food-delivery/papa-romeos-pizza-dodge-%26-dempster/vBQ-9b-ZRwylVgHUPEkaig,winnetka-illinois
https://www.ubereats.com/chicago/food-delivery/vinnys-pizza-%26-pasta/mmSuNg8YQ82KaK0H8_3ZPg,winnetka-illinois
https://www.ubereats.com/chicago/food-delivery/avli-restaurant/sHxenARcTmmO2upTec9KOA,winnetka-illinois
https://www.ubereats.com/chicago/food-delivery/litehouse-evanston/ZYnssBPjRDqqsU9pnd0SZQ,winnetka-illinois
https://www.ubereats.com/chicago/food-delivery/zoup!-2743-pfingsten-rd/Eg7tUyNrQbiy1jpKEpB5Dg,winnetka-illinois
https://www.ubereats.com/chicago/food-delivery/dunkin-2775-dundee-rd/oXFMnsJITf6i0Z9gY2QSTw,winnetka-illinois
https://www.ubereats.com/chicago/food-delivery/ching-huas-chinese-restaurant-and-sports-bar/7gcLbfKwRGGgDQh7GdBzbg,winnetka-illinois
https://www.ubereats.com/chicago/food-delivery/mcdonalds-waukegan-%26-harmony/5G-g48UfTiKEJtH_8xOuhA,winnetka-illinois
https://www.ubereats.com/chicago/food-delivery/papa-johns-pizza-niles/tskHIiZlTJ6FLgBssevS9g,winnetka-illinois
https://www.ubereats.com/chicago/food-delivery/wildfire-glenview/dzqtZqf5SsyD6nhbYv1L7g,winnetka-illinois
https://www.ubereats.com/chicago/food-delivery/burger-king-1829-dempster-street/YwYNYrM6QDqPZUvoDP6AuQ,winnetka-illinois
https://www.ubereats.com/chicago/food-delivery/kabab-jees/AInWfxy5TTGcJ3khzmCuuA,winnetka-illinois
https://www.ubereats.com/chicago/food-delivery/burger-king-3850-west-dempster/MSZrKgmoQyqXrDwJem9PMg,winnetka-illinois
https://www.ubereats.com/chicago/food-delivery/the-boiler-shrimp-and-crawfish/OSRD_JFSQ-azfjuQvwjZwA,winnetka-illinois
https://www.ubereats.com/chicago/food-delivery/portillos-hot-dogs-9400-skokie-blvd/XkbffT-bQviNuCdQGRhD8A,winnetka-illinois
https://www.ubereats.com/chicago/food-delivery/jersey-mikes-subs-waukegan-%26-half-day/tnF4AXZFR22u08Uf1PH48g,winnetka-illinois
https://www.ubereats.com/chicago/food-delivery/asian-kitchen-express-inc/2a8Z1A5jQMeWelzWJTRX2Q,winnetka-illinois
https://www.ubereats.com/chicago/food-delivery/leonidas-chocolate-cafe/0z2sn6jFSm6dvxf3YY5qhA,winnetka-illinois
https://www.ubereats.com/chicago/food-delivery/meatheads-northbrook/pLoes1-aQ2e3EFQkYu7HiQ,winnetka-illinois
https://www.ubereats.com/chicago/food-delivery/yannis/msj7MjA5SRqsPtbRY3FDFg,winnetka-illinois
https://www.ubereats.com/chicago/food-delivery/big-tomato/J60QAVVXQX2MeKQE0Vd8rA,winnetka-illinois
https://www.ubereats.com/chicago/food-delivery/shake-shack-4999-old-orchard-center-space-l28/qhwU13hLQyW3z-xGnYGPXw,winnetka-illinois
https://www.ubereats.com/chicago/food-delivery/graeters-ice-cream-north-brook/XpxexYBfQGCE0dGTSGCCAQ,winnetka-illinois
https://www.ubereats.com/chicago/food-delivery/subway-5841-w-dempster-ave/8ENQFECCR6ubbCpDrZe52w,winnetka-illinois
https://www.ubereats.com/chicago/food-delivery/foodhaul-glenview/76RIIBsOQfeA4X_3pUGgFg,winnetka-illinois
https://www.ubereats.com/chicago/food-delivery/taco-maya-niles/_igeqMUrQLugOtThHx6T3g,winnetka-illinois
https://www.ubereats.com/chicago/food-delivery/tropical-smoothie-cafe-2759-pfingsten-road/lsp37Y-gQbCKA-o_EON2CQ,winnetka-illinois
https://www.ubereats.com/chicago/food-delivery/tomate-fresh-kitchen/kp0P2cTxTEe2sjBdxAm9Zg,winnetka-illinois
https://www.ubereats.com/chicago/food-delivery/all-seasons-restaurant/sXfZP-gpSCOpsT34WOxFig,winnetka-illinois
https://www.ubereats.com/chicago/food-delivery/tous-les-jours-skokie/UNrADFeNQAW4FO7rq4o61A,winnetka-illinois
https://www.ubereats.com/chicago/food-delivery/chipotle-mexican-grill-786-skokie-blvd/EjYoBSSXQ3KuLwlNvsH7rA,winnetka-illinois
https://www.ubereats.com/chicago/food-delivery/ellys-pancake-house/TPasP6snQlWImLqGv_0yZg,winnetka-illinois
https://www.ubereats.com/chicago/food-delivery/bombay-veggie-grill/8szSDbj5QlmDGZkNi5Ps3g,winnetka-illinois
https://www.ubereats.com/chicago/food-delivery/kamehachi-northbrook/5WZJZ0XWSJmTZ0mal_t0Cg,winnetka-illinois
https://www.ubereats.com/chicago/food-delivery/papa-willies-bbq/84I4L-GiR5uxAHGFkCRD9A,winnetka-illinois
https://www.ubereats.com/chicago/food-delivery/francescas-north/aPfK2QIbQFKxO_QFggEJNA,winnetka-illinois
https://www.ubereats.com/chicago/food-delivery/pirates-express/CB7V0A6YTRSKVD0p4pioTg,winnetka-illinois
https://www.ubereats.com/chicago/food-delivery/adelheidis-ice-cream/B64wUuWxQ_evCg3OKh5yKQ,winnetka-illinois
https://www.ubereats.com/chicago/food-delivery/popeyes-1959-w-howard-st/SBxHLz9ARHKcMhhEFZkaew,winnetka-illinois
https://www.ubereats.com/chicago/food-delivery/little-lans/uwbADw15SWmohugIgl-WUQ,winnetka-illinois
https://www.ubereats.com/chicago/food-delivery/portillos-hot-dogs-700-lake-cook-rd/ZBc9C7HBSE2_UDjMji3Xdw,winnetka-illinois
https://www.ubereats.com/chicago/food-delivery/dunkin-8408-n-skokie-blvd-%231/jlmD7h2oSW6lfow23GtSMQ,winnetka-illinois
https://www.ubereats.com/chicago/food-delivery/fannie-may-candy-house/mj0If0sSRFKK_pCz5z84Gw,winnetka-illinois
https://www.ubereats.com/chicago/food-delivery/himalayan-sherpa-kitchen/TDQrJ45eTO-kaz7n5IkdyQ,winnetka-illinois
https://www.ubereats.com/chicago/food-delivery/subway-2349-w-howard-st/w9BRqD3oRk-w_2rKFYTRyw,winnetka-illinois
https://www.ubereats.com/chicago/food-delivery/burger-king-1740-orrington-road/8V_hwFd-ScS8RvEAUJOtbg,winnetka-illinois
https://www.ubereats.com/chicago/food-delivery/burgerfi-glenview/Ihb5KWdfS_mxNqCZ4U6uGg,winnetka-illinois
https://www.ubereats.com/chicago/food-delivery/mary-vs-bbq/54PybFvwTRW15jQvNJHuZQ,winnetka-illinois
https://www.ubereats.com/chicago/food-delivery/granite-city-food-%26-brewery-northbrook/5_Cq1LMNReeaTGjvPM4n3w,winnetka-illinois
https://www.ubereats.com/chicago/food-delivery/starbucks-waukegan-%26-lake-cook-deerfield/G0xQS8GhS7-bLVhMg7hFzg,winnetka-illinois
https://www.ubereats.com/chicago/food-delivery/aloha-poke-co-davis-st/rN9d_Z90TLe79lSvuqGZUg,winnetka-illinois
https://www.ubereats.com/chicago/food-delivery/sunrise-sandwich-co/XDaK0BRkTvqTMAlW2-c_jg,winnetka-illinois
https://www.ubereats.com/chicago/food-delivery/pns-noodle-shop-happ-rd/KPZBNPuiT6WWomqkTD8onQ,winnetka-illinois
https://www.ubereats.com/chicago/food-delivery/subway-165-green-bay-rd/gLG9wCu6Rs6hJGOMkAiD6w,winnetka-illinois
https://www.ubereats.com/chicago/food-delivery/pho-phu-linh/otLDxQf1Rlirvckpiw-vjQ,winnetka-illinois
https://www.ubereats.com/chicago/food-delivery/butterfields-northbrook/3dVnn3mUR-qo3E-i4ld3rw,winnetka-illinois
https://www.ubereats.com/chicago/food-delivery/dunkin-7039-w-dempster-st/M1SuZh8MRpW6pQKtmJzPXA,winnetka-illinois
https://www.ubereats.com/chicago/food-delivery/happi-sushi/Cr2iHf9vSACMiOW2cJAm1Q,winnetka-illinois
https://www.ubereats.com/chicago/food-delivery/cafe-zupas-711-deerfield-rd/1IZzxfYcTWKUFFzUulZAIA,winnetka-illinois
https://www.ubereats.com/chicago/food-delivery/la-michoacana-premium/jshU1tesTQ2IXMfa6E0DHg,winnetka-illinois
https://www.ubereats.com/chicago/food-delivery/4-hermanos-too/NwKwYwERSpm-S1fpsZ0l9g,winnetka-illinois
https://www.ubereats.com/chicago/food-delivery/chocolate-shoppe-ice-cream-skokie/byXPFJ88SzyBm86F2Phbgg,winnetka-illinois
https://www.ubereats.com/chicago/food-delivery/valley-lodge-tavern/XmtuM5tYRgysGAZ-tS2vRA,winnetka-illinois
https://www.ubereats.com/chicago/food-delivery/mcdonalds-milwaukee-%26-oakton/duy3OR5JQ-SKQ9lT24hxZg,winnetka-illinois
https://www.ubereats.com/chicago/food-delivery/choong-man-chicken/us62qX0eThGmtBYsk-EdJA,winnetka-illinois
https://www.ubereats.com/chicago/food-delivery/ridgeview-grill/l9wEGN8hSDCeelAz8DdKmg,winnetka-illinois
https://www.ubereats.com/chicago/food-delivery/unimart-niles/TpTjCCrJQiOPJydjHp7qeg,winnetka-illinois
https://www.ubereats.com/chicago/food-delivery/cafe-dacha/LxuUNV8aSXOFOi_XHw5apQ,winnetka-illinois
https://www.ubereats.com/chicago/food-delivery/chopstick-express/nU5fVOBeR-ybz5RtTcTwqw,winnetka-illinois
https://www.ubereats.com/chicago/food-delivery/sweet-home-gelato/-yKXuN12QlCF5EfdVekjOA,winnetka-illinois
https://www.ubereats.com/chicago/food-delivery/jamba-juice-1849-green-bay-rd-%23113/wdlbFwWGSNS7Ixrc1Fo3_Q,winnetka-illinois
https://www.ubereats.com/chicago/food-delivery/bringer-inn/QmNumgGLRdq7NOZ0wG8JeA,winnetka-illinois
https://www.ubereats.com/chicago/food-delivery/pancetta-regional-kitchen-%2B-bar/h11RP0gCQC2m9Y0GZnkLag,winnetka-illinois
https://www.ubereats.com/chicago/food-delivery/panda-express-9347-n-milwaukee-ave/76QsBuLQR7Ofzr53IBwCwA,winnetka-illinois
https://www.ubereats.com/chicago/food-delivery/panda-express-3232-lake-ave/uysKMzjZQSCkz6wtnVzINA,winnetka-illinois
https://www.ubereats.com/chicago/food-delivery/starbucks-lake-%26-patriot-the-glen/jbUNLnqcTY2g1kzSceKggg,winnetka-illinois
https://www.ubereats.com/chicago/food-delivery/dairy-queen-treat-600-central-ave-ste-113/YPKj6B9uQwuzWZADTd1Npg,winnetka-illinois
https://www.ubereats.com/chicago/food-delivery/himalayan-restaurant-niles/IzLIUZ1jQcqZtr2cntnJsw,winnetka-illinois
https://www.ubereats.com/chicago/food-delivery/pza-wheeling/jKQq9-r8TUSLcGp7deK0zw,winnetka-illinois
https://www.ubereats.com/chicago/food-delivery/old-neighborhood-grill/kB_qjWg7TuKtfL2W9y2MWg,winnetka-illinois
https://www.ubereats.com/chicago/food-delivery/starbucks-golf-rd-%26-milwaukee/xIOTKrWBSPGdmli-SdUu1A,winnetka-illinois
https://www.ubereats.com/chicago/food-delivery/starbucks-347-park-avenue-glencoe/dMewJ1zXTwuNZie_o3GgAw,winnetka-illinois
https://www.ubereats.com/chicago/food-delivery/chinatown-kitchen/glrBUx1gQFyiSqrH5gUL-Q,winnetka-illinois
https://www.ubereats.com/chicago/food-delivery/chipotle-mexican-grill-8488-w-golf-rd/CTVFlS-ZRSCo8A9YPEVCXQ,winnetka-illinois
https://www.ubereats.com/chicago/food-delivery/burts-place/5aRKtR9vQWmWhZXWMPz_NA,winnetka-illinois
https://www.ubereats.com/chicago/food-delivery/panera-1199-wilmette-avenue/PIGr1aulQVieGnOK4GA4Xg,winnetka-illinois
https://www.ubereats.com/chicago/food-delivery/guanajuato-contemporary-mexican-%26-tequila-bar/mQQTq_9eSr6B046GopwlzA,winnetka-illinois
https://www.ubereats.com/chicago/food-delivery/mercado-cocina-cantina/bTGTWgPlSIWtYprLI9iyrg,winnetka-illinois
https://www.ubereats.com/chicago/food-delivery/potbelly-sandwich-shop-northbrook-%7C-158/AIz63hZvR8iO19x4EpPBhg,winnetka-illinois
https://www.ubereats.com/chicago/food-delivery/noble-romans-pizza/KlFhxLNeTUim0yKgpRwWkQ,winnetka-illinois
https://www.ubereats.com/chicago/food-delivery/musashi/ELXo4C1sQIaYJryFzXVidw,winnetka-illinois
https://www.ubereats.com/chicago/food-delivery/tearex-bubble-tea-cafe/nrexFcdQSqKK6P4G7eEzgg,winnetka-illinois
https://www.ubereats.com/chicago/food-delivery/starbucks-dempster-%26-niles-skokie-swift/uwwPJTNxRg60GAZ17PG7Ww,winnetka-illinois
https://www.ubereats.com/chicago/food-delivery/burger-king-90-skokie-valley-highway/l3RPs-CCROiQWHh4FR9w7A,winnetka-illinois
https://www.ubereats.com/chicago/food-delivery/mcdonalds-western-%26-morse/ZcE4nqBXSQu43xZ9GcSqMw,winnetka-illinois
https://www.ubereats.com/chicago/food-delivery/whiskey-river/u3WAR5s7RfOaj6tbVCpqFA,winnetka-illinois
https://www.ubereats.com/chicago/food-delivery/san-soo-kab-san/3g04JqooT6aw9dHp2S7cfA,winnetka-illinois
https://www.ubereats.com/chicago/food-delivery/mcdonalds-dempster-%26-grace/DZFbqwufQQCfdierKp4PVw,winnetka-illinois
https://www.ubereats.com/chicago/food-delivery/guacamole-taqueria/ikN5W_V1RK-hEUVP3uVkSg,winnetka-illinois
https://www.ubereats.com/chicago/food-delivery/graeters-ice-cream-winnetka/ToiQ9K2oReCKfFOdRli3UQ,winnetka-illinois
https://www.ubereats.com/chicago/food-delivery/chipotle-mexican-grill-3846-willow-road/ylAJswdKTaS7mDTidVj8ng,winnetka-illinois
https://www.ubereats.com/chicago/food-delivery/papa-johns-1743-benson-avenue/xgKCsnK9RRuFOAre0vtwRA,winnetka-illinois
https://www.ubereats.com/chicago/food-delivery/wajo-sushi/fqpEJpE3SIqwnTYDPzyj2Q,winnetka-illinois
https://www.ubereats.com/chicago/food-delivery/mcdonalds-milwaukee-%26-greenwood/Y_MGo-PiRMWXL8r00sazqg,winnetka-illinois
https://www.ubereats.com/chicago/food-delivery/savory-crust-gourmet-empanadas/3OnLkRTFSlSGvTL2NYomGQ,winnetka-illinois
https://www.ubereats.com/chicago/food-delivery/dunkin-1410-waukegan-rd-suite-180/PZbeGZt5QZuf8JE_kfVVDg,winnetka-illinois
https://www.ubereats.com/chicago/food-delivery/subway-1630-deerfield-rd/hDbEs40-R7qQDJbuZqQZBA,winnetka-illinois
https://www.ubereats.com/chicago/food-delivery/mcdonalds-dempster-%26-skokie/qynHdqFJQl2mwqycQlP13A,winnetka-illinois
https://www.ubereats.com/chicago/food-delivery/dunkin-9721-milwaukee-ave/u-JLMh9QQR6FW3a5hwZ30Q,winnetka-illinois
https://www.ubereats.com/chicago/food-delivery/california-pizza-kitchen-4999-old-orchard-road-suite-g-2/5AmJ96PkTpqNchAok8T2gQ,winnetka-illinois
https://www.ubereats.com/chicago/food-delivery/outback-steakhouse-5535-touhy-avenue/CW9ZRD_4ToWGhCLBrnEoFw,winnetka-illinois
https://www.ubereats.com/chicago/food-delivery/convito-cafe-%26-market/wIPtD2NSTkKvAPbCrgHubg,winnetka-illinois
https://www.ubereats.com/chicago/food-delivery/subway-5228-w-dempster-ave/DV4o_pbsQcKT3-md8e4ULQ,winnetka-illinois
https://www.ubereats.com/chicago/food-delivery/popeyes-6939-golf-rd/_jH2ivwqSSKR-SQB_siWcw,winnetka-illinois
https://www.ubereats.com/chicago/food-delivery/steak-n-shake-2121-willow-road/6fHoiTC8TOeZzq96f_KXOA,winnetka-illinois
https://www.ubereats.com/chicago/food-delivery/dagostinos-pizza-%26-pub-glenview/19gqV8i5RmewmXL4JwihGw,winnetka-illinois
https://www.ubereats.com/chicago/food-delivery/starbucks-chestnut-%26-spruce-winnetka/FGRFhapSRD2l5x9xVdAtIQ,winnetka-illinois
https://www.ubereats.com/chicago/food-delivery/jersey-mikes-subs-5691-west-touhy-ave/6ZHPdHrvRfayxBwBy6iXoA,winnetka-illinois
https://www.ubereats.com/chicago/food-delivery/7404-bonefish-grill-9310-skokie-blvd/5O69Rl7EQO20UY5RSIY8jQ,winnetka-illinois
https://www.ubereats.com/chicago/food-delivery/subway-310-happ-rd/Z-kUW64CSdqGOsPSrUeL8g,winnetka-illinois
https://www.ubereats.com/chicago/food-delivery/chipotle-mexican-grill-9408-skokie-blvd/2UwcBSwVTMizspgP4KZpAA,winnetka-illinois
https://www.ubereats.com/chicago/food-delivery/jillys-cafe/X-PFc3RiQyu6TUQK9z7FEA,winnetka-illinois
https://www.ubereats.com/chicago/food-delivery/beyond-thai-restaurant/H_za3ufITTuZLYa3P31-mQ,winnetka-illinois
https://www.ubereats.com/chicago/food-delivery/wild-pita/rJeMm1vhS6qhxx5jXWgG5A,winnetka-illinois
https://www.ubereats.com/chicago/food-delivery/mcdonalds-dempster-%26-dodge/ThOGPoMHRnOme6N89jizKQ,winnetka-illinois
https://www.ubereats.com/chicago/food-delivery/lao-sze-chuan-highland-park/Zecq3eNySzqZBOEtGf5e2Q,winnetka-illinois
https://www.ubereats.com/chicago/food-delivery/subway-1951-cherry-ln/8bjmZfFtSOKPM2vcfTIiNA,winnetka-illinois
https://www.ubereats.com/chicago/food-delivery/jolanes/X74Tg91kQTe_Fb15STBXWw,winnetka-illinois
https://www.ubereats.com/chicago/food-delivery/jk-kabab-house/2Sz8wxkURAyX2BprfRqKiA,winnetka-illinois
https://www.ubereats.com/chicago/food-delivery/potbelly-sandwich-shop-evanston-%7C-5/oNCiqqfJSTOuVBsGfxuMrQ,winnetka-illinois
https://www.ubereats.com/chicago/food-delivery/martins-pancake-house/J1dvCtwlS8uLHMGznaMyWw,winnetka-illinois
https://www.ubereats.com/chicago/food-delivery/dawg-park/FXd7MR3BQSesbRILTgICyg,winnetka-illinois
https://www.ubereats.com/chicago/food-delivery/browns-chicken-northbrook/LvHSGUB5RUqVOh8xQwhoMw,winnetka-illinois
https://www.ubereats.com/chicago/food-delivery/starbucks-lake-%26-waukegan/f6VT1amxTEmRaWa8wVYBKw,winnetka-illinois
https://www.ubereats.com/chicago/food-delivery/dunkin-1996-2nd-st/e_-4qgTqQFeHmZNbMM2CSQ,winnetka-illinois
https://www.ubereats.com/chicago/food-delivery/panda-express-2145-willow-rd/7C7dL6J1RnugTBuQDlL4lg,winnetka-illinois
https://www.ubereats.com/chicago/food-delivery/dear-franks/HO-Y9MUnQTy6tE5XQgnHpA,winnetka-illinois
https://www.ubereats.com/chicago/food-delivery/ginza-sushi-express/dKvDaRJsSrKTnpwTkQvbfA,winnetka-illinois
https://www.ubereats.com/chicago/food-delivery/palamuru-grill/k-loo1TKQKCiDDBjFrz09Q,winnetka-illinois
https://www.ubereats.com/chicago/food-delivery/el-tradicional-mexican-restaurant-%26-cantina/cyjdIQh2T5-kawIYnG-dgw,winnetka-illinois
https://www.ubereats.com/chicago/food-delivery/starbucks-2114-central-st-evanston/z9gW09rkTAGm4GN6PGfX3A,winnetka-illinois
https://www.ubereats.com/chicago/food-delivery/potbelly-sandwich-shop-glenview-%7C-39/nPxISIxdRz6M0W2UlpCrDw,winnetka-illinois
https://www.ubereats.com/chicago/food-delivery/marlas-brown-bag-lunch-cafe/v9x4KNjKSTCrQIJ4Rw_M0w,winnetka-illinois
https://www.ubereats.com/chicago/food-delivery/dunkin-1990-skokie-valley-rd/mRguoFmMTDa-XjqC0BZa1w,winnetka-illinois
https://www.ubereats.com/chicago/food-delivery/lao-sze-chuan-evanston/fF9i3dr-QGuYbEaKb7EbOA,winnetka-illinois
https://www.ubereats.com/chicago/food-delivery/broast-xpress/h6GbQWjASeS7Q-1uX8AUCg,winnetka-illinois
https://www.ubereats.com/chicago/food-delivery/cookies-by-design-%23112/z-Y4tELYRzKXGIIZARYEWA,winnetka-illinois
https://www.ubereats.com/chicago/food-delivery/jamesons-charhouse-skokie/lfYhQyfjRPyNZIvVkdC8IA,winnetka-illinois
https://www.ubereats.com/chicago/food-delivery/dunkin-81-green-bay-rd/eR6O6h2LSyyHQh9n81nhyw,winnetka-illinois
https://www.ubereats.com/chicago/food-delivery/larsas-fine-mediterranean-cuisine-%26-pizza/9QIpJf7dSFKoS_wM9Ksupw,winnetka-illinois
https://www.ubereats.com/chicago/food-delivery/chasers-sports-bar-%26-grill-niles/S2g_5QoPTVOrXe2lieO76A,winnetka-illinois
https://www.ubereats.com/chicago/food-delivery/mcdonalds-touhy-%26-kedzie/T0MAnYSjRy2k_6DbDoPKxA,winnetka-illinois
https://www.ubereats.com/chicago/food-delivery/flukys-since-1929/sH9eKoxdQ9aGx2h58ch8IA,winnetka-illinois
https://www.ubereats.com/chicago/food-delivery/dunkin-3900-dempster-st/OsWo0C4-TMyrzb0wIddSvA,winnetka-illinois
https://www.ubereats.com/chicago/food-delivery/cicis-pizza-niles/uvkHF3ytRM2oKfY4bFQ7hw,winnetka-illinois
https://www.ubereats.com/chicago/food-delivery/starbucks-lake-%26-skokie-edens-plaza/l0zNsixoQDO4dLkvUcBLbw,winnetka-illinois
https://www.ubereats.com/chicago/food-delivery/amitabul/5c5LgqTkSvSgTqRDpMPttw,winnetka-illinois
https://www.ubereats.com/chicago/food-delivery/buffalo-wild-wings-1018-willow-rd/4QHVs_TrTUWCu7uchFpyEg,winnetka-illinois
https://www.ubereats.com/chicago/food-delivery/amici-restaurant/KdODCle3Q_mSymK2ieUnVg,winnetka-illinois
https://www.ubereats.com/chicago/food-delivery/cherry-pit-cafe/7t_jQjoJSx2RQP-8jWjmPA,winnetka-illinois
https://www.ubereats.com/chicago/food-delivery/california-pizza-kitchen-1515-lake-cook-road-space-1022/8bOe_d5rTPiElzz7lkkfbQ,winnetka-illinois
https://www.ubereats.com/chicago/food-delivery/bake-homemade-pizza-lincoln-ave/g--ESvncTbOdiP26u6kN3g,winnetka-illinois
https://www.ubereats.com/chicago/food-delivery/taco-bell-9870-n-milwaukee/JxPQx3LMScOmnk_4nj9c8g,winnetka-illinois
https://www.ubereats.com/chicago/food-delivery/potbelly-sandwich-shop-old-orchard-%7C-16/G6xPd2-dSNWQRiNNde7Hwg,winnetka-illinois
https://www.ubereats.com/chicago/food-delivery/auntie-annes-2171-northbrook-ct-spc-1286/Xy3XRLSGTGKCNgTfX21GYQ,winnetka-illinois
https://www.ubereats.com/chicago/food-delivery/rollin-at-dd-deli/TWmihHLhR965ltGMD98oyQ,winnetka-illinois
https://www.ubereats.com/chicago/food-delivery/leonidas-chocolate-cafe-northbrook/awcPW0H5Suiiepz8Ur9n4Q,winnetka-illinois
https://www.ubereats.com/chicago/food-delivery/greenlight-korean-pub/1vQnJWweTx6RPMf6Dhkh6A,winnetka-illinois
https://www.ubereats.com/chicago/food-delivery/loves-yogurt-plaza-del-prado/6VXgSmVjT6Cm3ocwTgR_jA,winnetka-illinois
https://www.ubereats.com/chicago/food-delivery/roka-akor-old-orchard/VhsLx-miQ_e6EYrY6jBABA,winnetka-illinois
https://www.ubereats.com/chicago/food-delivery/pita-inn-des-plaines/v_TLAvYnTa-1_OEK9vHqPA,winnetka-illinois
https://www.ubereats.com/chicago/food-delivery/stacked-and-folded/h6rst4nFTCe7wBiXUqIHAw,winnetka-illinois
https://www.ubereats.com/chicago/food-delivery/purple-sprout-cafe-dundee-rd/afuwq2QrSoe7xe3eyvjaog,winnetka-illinois
https://www.ubereats.com/chicago/food-delivery/sushi-cafe-hanah/bpNGmKJQTXW2AqgpoHjjxA,winnetka-illinois
https://www.ubereats.com/chicago/food-delivery/rosatis-pizza-bannockburn/SIfkj5e7T1-frWhs8Vst1g,winnetka-illinois
https://www.ubereats.com/chicago/food-delivery/starbucks-1801-willow-rd-northfield/ztfVmTYoRWmQP5q6OAkMkw,winnetka-illinois
https://www.ubereats.com/chicago/food-delivery/gotta-b-crepes/Vxgs3HewTv6LBS8XwLoAgA,winnetka-illinois
https://www.ubereats.com/chicago/food-delivery/subway-79-green-bay-rd/070oBYmfS1CfRCKtVg1NKQ,winnetka-illinois
https://www.ubereats.com/chicago/food-delivery/upper-crust-bagels/DSLHQm2_Tv6HtOUc4LpMFA,winnetka-illinois
https://www.ubereats.com/chicago/food-delivery/heckys-bbq/csphTohDR6mLQ9G4uhp3Bw,winnetka-illinois
https://www.ubereats.com/chicago/food-delivery/starbucks-chicago-%26-main/NEf2XWlMSHemvfMVkcYjyA,winnetka-illinois
https://www.ubereats.com/chicago/food-delivery/sarkis-cafe/oHfCwdl0TpaSscgo3NIseQ,winnetka-illinois
https://www.ubereats.com/chicago/food-delivery/steak-n-shake-2209-oakton-st/_4Rqb6vKRQeMuGwL5_09tw,winnetka-illinois
https://www.ubereats.com/chicago/food-delivery/ihop-skokie-%26-foster/m9S58wA9T5i6B_NURXo8yA,winnetka-illinois
https://www.ubereats.com/chicago/food-delivery/zhivago/4GSLYZbzRuKI9cCzk5JKIQ,winnetka-illinois
https://www.ubereats.com/chicago/food-delivery/pita-inn-skokie/fC4zhwmYT5KEHRHNxV2ulw,winnetka-illinois
https://www.ubereats.com/chicago/food-delivery/subway-1133-emerson-st/Xf1pwZFzSqy0CGBnKLg0iw,winnetka-illinois
https://www.ubereats.com/chicago/food-delivery/noodles-%26-company-4999-old-orchard-center-ste-f-26/zQo9OtalSGCjc1LHEQsi5A,winnetka-illinois
https://www.ubereats.com/chicago/food-delivery/uncle-julios-fine-mexican-food-skokie/6_KeeVxDTkmjBVUSmtocDw,winnetka-illinois
https://www.ubereats.com/chicago/food-delivery/little-louies/dlFnvYdjT0-qsj5tlsTsmA,winnetka-illinois
https://www.ubereats.com/chicago/food-delivery/little-caesars-3535-w-dempster-street/2DEgMOaiRn-8WTvBHjgVlg,winnetka-illinois
https://www.ubereats.com/chicago/food-delivery/mod-pizza-deerbrook-mall/Aeqr3YceRoeiHlXrFV-0Xw,winnetka-illinois
https://www.ubereats.com/chicago/food-delivery/berry-pike-cafe/7tzK02J9RmOTvuI8-7nWHw,winnetka-illinois
https://www.ubereats.com/chicago/food-delivery/kairali-foods/Rr45MAnTQTqUvYYjjBfnHQ,winnetka-illinois
https://www.ubereats.com/chicago/food-delivery/nancys-pizza/FdEcZgZRT0Gxp-G4_8-xUg,winnetka-illinois
https://www.ubereats.com/chicago/food-delivery/little-red-hen-of-glencoe/NEp7UI64TKikR0r4CuxyBg,winnetka-illinois
https://www.ubereats.com/chicago/food-delivery/el-buren-caribbean-cuisine/tMFNcoCFR_qQOlZin_53xQ,winnetka-illinois
https://www.ubereats.com/chicago/food-delivery/simply-thai/JD5dLufcRK-LcpYYVNeI7A,winnetka-illinois
https://www.ubereats.com/chicago/food-delivery/starbucks-willow-%26-waukegan-northbrook/kZAIeTHRS42y_8YtQOEWJA,winnetka-illinois
https://www.ubereats.com/chicago/food-delivery/johnnys-kitchen-and-tap/XJySrJMXQjicZ6jTm6gA3Q,winnetka-illinois
https://www.ubereats.com/chicago/food-delivery/galaxy-gaming-lounge-%26-cafe/x5IYZWJRTL-gsYBKIL51oQ,winnetka-illinois
https://www.ubereats.com/chicago/food-delivery/subway-2335-willow-rd/Dt547218QSOvMi3xDy0eBw,winnetka-illinois
https://www.ubereats.com/chicago/food-delivery/aok-gourmet/8TvFTF79S9uGe15XpmdlJw,winnetka-illinois
https://www.ubereats.com/chicago/food-delivery/portos-peri-peri/QGnbeKibREOxBNTN74EtaA,winnetka-illinois
https://www.ubereats.com/chicago/food-delivery/omg!-grill/-Uj3oXsrRW25bw1qpYGaWw,winnetka-illinois
https://www.ubereats.com/chicago/food-delivery/jps-pizza-and-grill/o-i-qlbOSLGQMx1HNVp22Q,winnetka-illinois
https://www.ubereats.com/chicago/food-delivery/zad-by-pita-inn/UuoC9AgvTIOpZcQb1CwKKA,winnetka-illinois
https://www.ubereats.com/chicago/food-delivery/mcdonalds-howard-%26-barton/4_6VpUOZSWqPC9E7pHLUbQ,winnetka-illinois
https://www.ubereats.com/chicago/food-delivery/subway-3244-glenview-rd/kkVSWlmjSNaIIYaDevW8hg,winnetka-illinois
https://www.ubereats.com/chicago/food-delivery/bonchon-chicken-1615-milwaukee-ave/gPCT497BRR2Do52Mq0kHVw,winnetka-illinois
https://www.ubereats.com/chicago/food-delivery/tub-tim-thai-restaurant/a1u-HdTqQMirKriSxQeQ7Q,winnetka-illinois
https://www.ubereats.com/chicago/food-delivery/dunkin-8800-gross-point-rd/Ba1tj4iETUKmvCOvqfi-Qw,winnetka-illinois
https://www.ubereats.com/chicago/food-delivery/arbys-7001-w-dempster-ave/NId2rrBATlWBXWGi81P_0w,winnetka-illinois
https://www.ubereats.com/chicago/food-delivery/alexanders-breakfast-and-lunch/GCuA9yeyQH2qAubNwMRXLA,winnetka-illinois
https://www.ubereats.com/chicago/food-delivery/sushi-4-u/BY5f8aaJTAKUqH9llJ8zIA,winnetka-illinois
https://www.ubereats.com/chicago/food-delivery/red-mango-skokie/bHvTQN3RQs69VouLVn-5hg,winnetka-illinois
https://www.ubereats.com/chicago/food-delivery/wendys-8309-golf-rd/4U9nZo_yRsqvKXkPb4Ds7w,winnetka-illinois
https://www.ubereats.com/chicago/food-delivery/players-grill/4eMgi858Q5WzG1ewYIgRQw,winnetka-illinois
https://www.ubereats.com/chicago/food-delivery/backyard-grill-2nd-st-%26-central/CVNaN0RtS8W66T7u0EPL2w,winnetka-illinois
https://www.ubereats.com/chicago/food-delivery/ihop-willow-%26-ravine/nBgrkJiOTBWCuNgQ0_gilw,winnetka-illinois
