url,city
https://www.ubereats.com/greensboro/food-delivery/auntie-annes-at-hanes-mall-3320-silas-creek-parkway/X_EeUZZ-R6GdcnGKpmSV4w,winstonsalem-north-carolina
https://www.ubereats.com/greensboro/food-delivery/kfc-5715-university-pky/BqIuHSq5R3GIfDKS9XK_sA,winstonsalem-north-carolina
https://www.ubereats.com/greensboro/food-delivery/five-guys-nc-0307-3792-creekshire-ct/VWR3MxV-Sly76po3C_2guA,winstonsalem-north-carolina
https://www.ubereats.com/greensboro/food-delivery/tgi-fridays-1543-winston-salem-nc/Pb8YeVl5TwKEMs62v-ODjg,winstonsalem-north-carolina
https://www.ubereats.com/greensboro/food-delivery/mcdonalds-110-hanes-mall-cir/RhZ6qdQiQo2vqqmNZ_vfSw,winstonsalem-north-carolina
https://www.ubereats.com/greensboro/food-delivery/marcos-pizza-2215-old-salisbury-rd/MpPhrVwyTaiOcLkHsUnHfQ,winstonsalem-north-carolina
https://www.ubereats.com/greensboro/food-delivery/hardees-3002-old-hollow-rd/dIwKuLjVSQeAr7KLUNzvqw,winstonsalem-north-carolina
https://www.ubereats.com/greensboro/food-delivery/village-tavern-reynolda/u-9Li9ipSi-2wDx5PwU0AQ,winstonsalem-north-carolina
https://www.ubereats.com/greensboro/food-delivery/cams-coffee-co/Pl0tHzXsShW2dG7oAFNq8g,winstonsalem-north-carolina
https://www.ubereats.com/greensboro/food-delivery/moes-3110-gammon-lane/2NpgZN6ISv662EY6QY24CQ,winstonsalem-north-carolina
https://www.ubereats.com/greensboro/food-delivery/prime-tyme-soul-food-cafe/vUb7i_2pS1y6dggZOTw47g,winstonsalem-north-carolina
https://www.ubereats.com/greensboro/food-delivery/cracker-barrel-old-country-store-6420-sessions-court/WHArKcCyQPa7axVc3G94vw,winstonsalem-north-carolina
https://www.ubereats.com/greensboro/food-delivery/rena-maries-coffees-%26-bubble-tea/u2NNnGI9TACy1Y6yva4EgQ,winstonsalem-north-carolina
https://www.ubereats.com/greensboro/food-delivery/golden-corral-180-hanes-mall-cir/uTLIHQqlTy-js6Lvld9S3Q,winstonsalem-north-carolina
https://www.ubereats.com/greensboro/food-delivery/kfc-826-s-main-st/A23sGa8RRGe384DCJPy4OQ,winstonsalem-north-carolina
https://www.ubereats.com/greensboro/food-delivery/dennys-975-s-main-st/fq8V17X0ReasHsrkB6S9Kw,winstonsalem-north-carolina
https://www.ubereats.com/greensboro/food-delivery/time-square-pizzeria/Qf003TuyRzybJdTg1LfYkg,winstonsalem-north-carolina
https://www.ubereats.com/greensboro/food-delivery/monte-de-rey/YlrVLS8GQNG9bJSAWrdx_g,winstonsalem-north-carolina
https://www.ubereats.com/greensboro/food-delivery/zaxbys-110-pineview-ct/xCMfeUkRQzOqG-A2k6_Mdg,winstonsalem-north-carolina
https://www.ubereats.com/greensboro/food-delivery/tequila-mexican-restaurant/8CxCTpKZQgCwUSr8bo-Ukw,winstonsalem-north-carolina
https://www.ubereats.com/greensboro/food-delivery/churchs-chicken-907-waughton-street/xa8z92UoT-mgRy8hMd9RFQ,winstonsalem-north-carolina
https://www.ubereats.com/greensboro/food-delivery/spruce-street-garden/uGfYlrdxQdW6Jpu916EKXw,winstonsalem-north-carolina
https://www.ubereats.com/greensboro/food-delivery/downtown-thai-and-pho/Bnlo_Hx2S5OAwljLJ_FMnA,winstonsalem-north-carolina
https://www.ubereats.com/greensboro/food-delivery/senor-bravo-mexican-restaurant-trade-st/2xhD-iEeTKWIs3XzfWKRmg,winstonsalem-north-carolina
https://www.ubereats.com/greensboro/food-delivery/route-66-diner/-T2t1tROT82sWbCgeKKVMg,winstonsalem-north-carolina
https://www.ubereats.com/greensboro/food-delivery/taste-of-the-triad/GvhXNkTeSzq2PdJYCRwA4Q,winstonsalem-north-carolina
https://www.ubereats.com/greensboro/food-delivery/mr-lu-restaurant/7IJ8PiT9TMS_e11TYa2DZw,winstonsalem-north-carolina
https://www.ubereats.com/greensboro/food-delivery/cold-stone-creamery-960-s-main-st/yMfRKsdzQ2u0290sGw9FwQ,winstonsalem-north-carolina
https://www.ubereats.com/greensboro/food-delivery/pho-sushi-vietnamese-and-japanese-cuisine/2dy-5hD2TcGisjv_GyRrUA,winstonsalem-north-carolina
https://www.ubereats.com/greensboro/food-delivery/wayback-burgers-3872-oxford-station-way/aTGriEkiQtCGqiR400_LOw,winstonsalem-north-carolina
https://www.ubereats.com/greensboro/food-delivery/chipotle-mexican-grill-128-hanes-mall-cir-ste-100/M2Q6W_v0QRCGb0pyM1uYmw,winstonsalem-north-carolina
https://www.ubereats.com/greensboro/food-delivery/starbucks-university-parkway/fE4DOqzMS8iHYanGzp9G6g,winstonsalem-north-carolina
https://www.ubereats.com/greensboro/food-delivery/vincenzos-italian-restaurant/s7ArLrNSTT-uf_RtZav6qQ,winstonsalem-north-carolina
https://www.ubereats.com/greensboro/food-delivery/mcdonalds-426-jonestown-rd/QaiqMrOMRrCjBY-Ei0nVbw,winstonsalem-north-carolina
https://www.ubereats.com/greensboro/food-delivery/nawab-indian-cuisine-winston-salem/kXuNIHycRUqNHJV52-91Sw,winstonsalem-north-carolina
https://www.ubereats.com/greensboro/food-delivery/arbys-625-jonestown-rd/SP_H4rxTTSe8z9zKsl-8Ew,winstonsalem-north-carolina
https://www.ubereats.com/greensboro/food-delivery/zaxbys-3179-peters-creek-pkwy/1Tg3_GBGRAK-ZpX-RG2IaQ,winstonsalem-north-carolina
https://www.ubereats.com/greensboro/food-delivery/asian-bistro/1WwIuNKeSVeAoK7rSQASWw,winstonsalem-north-carolina
https://www.ubereats.com/greensboro/food-delivery/pf-changs-175-harvey-street/RZKq1zTgQRqef83QdHZlvw,winstonsalem-north-carolina
https://www.ubereats.com/greensboro/food-delivery/starbucks-jonestown-rd/O2hxqcnaTmOTY0gFQkEYxg,winstonsalem-north-carolina
https://www.ubereats.com/greensboro/food-delivery/tre-nonne/RxOUoGdESgyjVRuRrui-zg,winstonsalem-north-carolina
https://www.ubereats.com/greensboro/food-delivery/charleys-philly-steaks-3320-silas-creek-parkway-sp-%23fc-2/iMQoLidrSCiBQ8D5pXEZkA,winstonsalem-north-carolina
https://www.ubereats.com/greensboro/food-delivery/hardees-813-s-main-st/6MDDLzwNTvioUAFRh6xiAQ,winstonsalem-north-carolina
https://www.ubereats.com/greensboro/food-delivery/crafty-crab/rK-KhxG0RB-VVGueE_Jdiw,winstonsalem-north-carolina
https://www.ubereats.com/greensboro/food-delivery/chick-fil-a-391-knollwood-st/6WAdFiyhTze5-RSVDKxztA,winstonsalem-north-carolina
https://www.ubereats.com/greensboro/food-delivery/honeybaked-ham-148-stratford-commons-ct/SAkruUTERdmzXKpsLwo7ow,winstonsalem-north-carolina
https://www.ubereats.com/greensboro/food-delivery/panda-express-5990-university-pkwy/eP_yGHQjSIOVqWDBzS146g,winstonsalem-north-carolina
https://www.ubereats.com/greensboro/food-delivery/dunkin-2561-peters-creek-pkwy/qlnixN_jRhufhvufrYT4pw,winstonsalem-north-carolina
https://www.ubereats.com/greensboro/food-delivery/genghis-grill-winston-salem/AoP4LvCKQ2GwWX1pdoWTcw,winstonsalem-north-carolina
https://www.ubereats.com/greensboro/food-delivery/jersey-mikes-subs-230-market-view-dr/Kb2dljseRjyqkbDwlqzAkA,winstonsalem-north-carolina
https://www.ubereats.com/greensboro/food-delivery/zaxbys-3840-oxford-station-w/ga_4sGlCQFO320S6ygtByA,winstonsalem-north-carolina
https://www.ubereats.com/greensboro/food-delivery/the-loop-pizza-grill-kernersville/thy_fQnfTFW_E0gGRrTnzg,winstonsalem-north-carolina
https://www.ubereats.com/greensboro/food-delivery/carrabbas-587-south-stratford-road/owRLIdhTS--LcAuONJwj9A,winstonsalem-north-carolina
https://www.ubereats.com/greensboro/food-delivery/cagneys-winston/hAuF-TQORM270Qw2SGoJoQ,winstonsalem-north-carolina
https://www.ubereats.com/greensboro/food-delivery/the-new-yorker-pizza-pasta-and-wings/ggBJKNrSQ-qp6Jrh_Cw6fA,winstonsalem-north-carolina
https://www.ubereats.com/greensboro/food-delivery/pdq-winston-salem/Ll_Nh9dhSqGtDWsjBz3p9A,winstonsalem-north-carolina
https://www.ubereats.com/greensboro/food-delivery/subway-1527-peters-creek-pkwy/sHYR8f66T_yxQuQVF1jz8Q,winstonsalem-north-carolina
https://www.ubereats.com/greensboro/food-delivery/dunkin-2020-s-hawthorne-rd/-cxe2TcmSD-tlgMGnVOivA,winstonsalem-north-carolina
https://www.ubereats.com/greensboro/food-delivery/mcdonalds-195-akron-dr/0QFg6Oq3SWaZEaZGBhsF4w,winstonsalem-north-carolina
https://www.ubereats.com/greensboro/food-delivery/deweys-bakery/Z-fHlflsS5a6Xil8NOZqWA,winstonsalem-north-carolina
https://www.ubereats.com/greensboro/food-delivery/marios-pizza-cloverdale-ave/jTEN4jk1TFStw3BHqSqGkA,winstonsalem-north-carolina
https://www.ubereats.com/greensboro/food-delivery/dunkin-2385-lewisville-clemmons-rd/Yayq4hr2TUq7ET3Ycvimfw,winstonsalem-north-carolina
https://www.ubereats.com/greensboro/food-delivery/sabor-tropical-icecream/44-Ff13ZRbiM1Nu24AY2Aw,winstonsalem-north-carolina
https://www.ubereats.com/greensboro/food-delivery/hardees-1590-first-st/bZARX2SbSb-X4S1BEZLdVQ,winstonsalem-north-carolina
https://www.ubereats.com/greensboro/food-delivery/dunkin-7815-n-point-blvd/1rMPuWMKTce9KywoOYb_Zg,winstonsalem-north-carolina
https://www.ubereats.com/greensboro/food-delivery/the-habit-burger-grill-3125-gammon-lane/FJEqGR1CQ3uqBnH-C-IS2w,winstonsalem-north-carolina
https://www.ubereats.com/greensboro/food-delivery/dunkin-3475-robinhood-rd/9-CnA_f2QEq3hVns3FKvyQ,winstonsalem-north-carolina
https://www.ubereats.com/greensboro/food-delivery/mac-%26-nellis-tavern/9kSXwnxPTeux9ta4B8LoGA,winstonsalem-north-carolina
https://www.ubereats.com/greensboro/food-delivery/don-tequila-mexican-restaurant/m-dk-x62QWCIiEcp5eKwcQ,winstonsalem-north-carolina
https://www.ubereats.com/greensboro/food-delivery/kernols-donuts/7fNqORh2S4G0cf0v2_tCCg,winstonsalem-north-carolina
https://www.ubereats.com/greensboro/food-delivery/jersey-mikes-subs-5940-university-parkway/zVIIMYF4TEmsUXGVGO2Khw,winstonsalem-north-carolina
https://www.ubereats.com/greensboro/food-delivery/jersey-mikes-subs-2291-cloverdale-ave/JIWrxs8jRAO3h3HQ2ru0Ag,winstonsalem-north-carolina
https://www.ubereats.com/greensboro/food-delivery/elizabeths-pizza-silas-creek/jyGma0SeR9WAa9fUbTdvsQ,winstonsalem-north-carolina
https://www.ubereats.com/greensboro/food-delivery/outback-steakhouse-505-highland-oaks-drive/M5tAhedYR-WBl536n_-QjQ,winstonsalem-north-carolina
https://www.ubereats.com/greensboro/food-delivery/small-batch-winston-salem/Nfza8vWkTzGmllAuMNXYxA,winstonsalem-north-carolina
https://www.ubereats.com/greensboro/food-delivery/red-robin-741-188-hanes-mall-circle/MkV5DDuHQxGRZPvcdnr0Xg,winstonsalem-north-carolina
https://www.ubereats.com/greensboro/food-delivery/gigis-cupcakes-205-south-stratford-road/EuVUEb3RShm3csYRRSABGg,winstonsalem-north-carolina
https://www.ubereats.com/greensboro/food-delivery/wendys-2735-reynolda-rd/zv9-Z-gARfWrNfTqNnaPeA,winstonsalem-north-carolina
https://www.ubereats.com/greensboro/food-delivery/popeyes-7791-north-point-boulevard/FJFEIAqbS1y3x39fWevCJw,winstonsalem-north-carolina
https://www.ubereats.com/greensboro/food-delivery/mac-%26-nellis-tavern/pmu9xi2FTjWzsH7l5tHa4Q,winstonsalem-north-carolina
https://www.ubereats.com/greensboro/food-delivery/hardees-3351-sides-branch-rd/a-YCCfiaRpWIPh_UIC2hmQ,winstonsalem-north-carolina
https://www.ubereats.com/greensboro/food-delivery/sbarro-3320-silas-creek-pkwy-suite-%234/ichAd1KAQzyLt6J28CxkzA,winstonsalem-north-carolina
https://www.ubereats.com/greensboro/food-delivery/mi-pueblo-reynolda/6-1Ms4rpQ0mX23o78qsjhg,winstonsalem-north-carolina
https://www.ubereats.com/greensboro/food-delivery/starbucks-frontis-plaza-blvd-hanes-mall/e2ESOi8cSJCJfmN5LieAfg,winstonsalem-north-carolina
https://www.ubereats.com/greensboro/food-delivery/subway-2808-university-pkwy/chSaGBpaT32k4zwrIzbsxQ,winstonsalem-north-carolina
https://www.ubereats.com/greensboro/food-delivery/3-layers/6FQ-hJJlQxmUZx0vqIuL2g,winstonsalem-north-carolina
https://www.ubereats.com/greensboro/food-delivery/bojangles-famous-chicken-%26-biscuits-156-1614-s-stratford/CsFhzUCfQAeDZxGnk7PfRw,winstonsalem-north-carolina
https://www.ubereats.com/greensboro/food-delivery/great-china-winston-salem/RMCZt0iKT3iXADKP6bokpA,winstonsalem-north-carolina
https://www.ubereats.com/greensboro/food-delivery/firehouse-subs-205-s-stratford/0wga5_r-QXaYSShpyWKZTA,winstonsalem-north-carolina
https://www.ubereats.com/greensboro/food-delivery/carmine-jonestown-italian-restaurant/XUZglYtyRfy3FqvT8Cg0HA,winstonsalem-north-carolina
https://www.ubereats.com/greensboro/food-delivery/wendys-538-akron-dr/jDcPqqtwTNiZH5W9BZ_0Hw,winstonsalem-north-carolina
https://www.ubereats.com/greensboro/food-delivery/burger-supreme/0eU3YS4bRW6i8CMbQpBzyA,winstonsalem-north-carolina
https://www.ubereats.com/greensboro/food-delivery/zaxbys-5211-walkertown-commons-circle/1G1nH9KIS76SiSVTPWC80w,winstonsalem-north-carolina
https://www.ubereats.com/greensboro/food-delivery/kfc-2390-lewisville-clemmons-rd/XXe2hN9JRAeLedlUR33j_Q,winstonsalem-north-carolina
https://www.ubereats.com/greensboro/food-delivery/churn-mozzarella-fellas/wm9Wnun_SRCkbXHsGViyZA,winstonsalem-north-carolina
https://www.ubereats.com/greensboro/food-delivery/bojangles-famous-chicken-%26-biscuits-559-623-waughtown-st/pa7zl9uVThCNHcUlcvMeBA,winstonsalem-north-carolina
https://www.ubereats.com/greensboro/food-delivery/new-sichuan/Qww-cNHKTDGCT1-EFCOf5Q,winstonsalem-north-carolina
https://www.ubereats.com/greensboro/food-delivery/cracker-barrel-old-country-store-1750-pecan-lane/XVK1AK3fQG6zZl_EKRlF_Q,winstonsalem-north-carolina
https://www.ubereats.com/greensboro/food-delivery/burger-king-2100-peters-creek-pkwy/h-uT_6rYR6q6zswFDOGiIw,winstonsalem-north-carolina
https://www.ubereats.com/greensboro/food-delivery/carolina-ale-house-winston-salem/BdLBZ1LsRnuHs0fB0CuLMA,winstonsalem-north-carolina
https://www.ubereats.com/greensboro/food-delivery/burger-king-696-hanes-mall-blvd/iOmbqhLpQ7-InZKILaettQ,winstonsalem-north-carolina
https://www.ubereats.com/greensboro/food-delivery/starbucks-reynolda-road/T4ro7dyOREGPnpG9HdXAEQ,winstonsalem-north-carolina
https://www.ubereats.com/greensboro/food-delivery/bojangles-famous-chicken-%26-biscuits-827-4897-country-club-road/T7sLvLSVTYWsFXMG687PUg,winstonsalem-north-carolina
https://www.ubereats.com/greensboro/food-delivery/mellow-mushroom-314-w-4th-st/B4ea60RdSSSo3wM8Z2iPuQ,winstonsalem-north-carolina
https://www.ubereats.com/greensboro/food-delivery/red-lobster-1690-westbrook-plaza-drive/f2n36jAVREuL4nxfIanEoA,winstonsalem-north-carolina
https://www.ubereats.com/greensboro/food-delivery/firebirds-wood-fired-grill-1215-creekshire-way/NfxLPlpZRH6sV04HQ46Rww,winstonsalem-north-carolina
https://www.ubereats.com/greensboro/food-delivery/sonic-528-nelson-st/kesuKdrFQyea7tE7Ukkyfw,winstonsalem-north-carolina
https://www.ubereats.com/greensboro/food-delivery/marios-pizza-river-ridge-rd/eEnl3KfCTDqFxFojndIlOQ,winstonsalem-north-carolina
https://www.ubereats.com/greensboro/food-delivery/foothills-brewing/KTPiwDNaSPay-9VvAWpj_w,winstonsalem-north-carolina
https://www.ubereats.com/greensboro/food-delivery/mcdonalds-290-s-stratford-rd/syhLGl_LRR2IhBxNvvbE1g,winstonsalem-north-carolina
https://www.ubereats.com/greensboro/food-delivery/burger-king-3571-parkway-village-cir/qa_s6vZVT4CzF9AUlb8eHw,winstonsalem-north-carolina
https://www.ubereats.com/greensboro/food-delivery/ihop-5985-university-parkway/I6wdvbIwTWyDfzlXqjBAQw,winstonsalem-north-carolina
https://www.ubereats.com/greensboro/food-delivery/kfc-140-hanes-square-circle/r5S-Kq2YSyKlfQrd1Encpw,winstonsalem-north-carolina
https://www.ubereats.com/greensboro/food-delivery/twin-peaks-1915-hampton-inn-ct/ldNriPLdSByRLMXvAgrbRg,winstonsalem-north-carolina
https://www.ubereats.com/greensboro/food-delivery/jimmy-the-greek-kitchen/5hNE31pCSzSKXCTPUiUXag,winstonsalem-north-carolina
https://www.ubereats.com/greensboro/food-delivery/tokyo-shapiro/EJ6PuqhOShG--rPPsQkUgg,winstonsalem-north-carolina
https://www.ubereats.com/greensboro/food-delivery/churchs-chicken-1301-patterson-avenue/68infDw8RXqyLjfx6Z-qqQ,winstonsalem-north-carolina
https://www.ubereats.com/greensboro/food-delivery/wendys-3007-waughtown-st/CBs6lX-FS3e7eiMmbdH8BA,winstonsalem-north-carolina
https://www.ubereats.com/greensboro/food-delivery/mcalisters-deli-368-east-hanes-mill-rd/GRoBtxLiRyGss--VK7uFqg,winstonsalem-north-carolina
https://www.ubereats.com/greensboro/food-delivery/kilwins-winston-salem/I4v_K97gSWKnZyHzfxVpJQ,winstonsalem-north-carolina
https://www.ubereats.com/greensboro/food-delivery/subway-2879-reynolda-rd/ElEH_7uRQAOHLNtYD_6TXg,winstonsalem-north-carolina
https://www.ubereats.com/greensboro/food-delivery/wendys-5713-university-pkwy/TllVrBttRJu5sKc7C6u9cQ,winstonsalem-north-carolina
https://www.ubereats.com/greensboro/food-delivery/clean-juice-3481-burke-mill-road/WrFUPzdGS_uNtQvfvs_gSg,winstonsalem-north-carolina
https://www.ubereats.com/greensboro/food-delivery/arbys-400-knollwood-st/fBWAT6EJTKmcRwVWUF9fCw,winstonsalem-north-carolina
https://www.ubereats.com/greensboro/food-delivery/subway-7736-north-pointe-blvd/6WF8CdmkQN2kNneMF3GKDg,winstonsalem-north-carolina
https://www.ubereats.com/greensboro/food-delivery/cicis-2857-reynolda-rd/szjwkelORZSlxtyDkRA8Uw,winstonsalem-north-carolina
https://www.ubereats.com/greensboro/food-delivery/mcdonalds-1460-trade-mart-blvd/V1QiQMpsS7Gf0OF05_-_MQ,winstonsalem-north-carolina
https://www.ubereats.com/greensboro/food-delivery/bojangles-famous-chicken-%26-biscuits-537-3652-reynolda-road/vQo1NPvATUyE2pmDqFIY7w,winstonsalem-north-carolina
https://www.ubereats.com/greensboro/food-delivery/taco-bell-1299-silas-creek-pkwy/nw5AUSFnSIuZy9ffMVm6ig,winstonsalem-north-carolina
https://www.ubereats.com/greensboro/food-delivery/firehouse-subs-1020-s-main/jPv5KB_gTM2W-frNWPUrdg,winstonsalem-north-carolina
https://www.ubereats.com/greensboro/food-delivery/los-toritos-mexican-cuisine/B_A6JwccQsC5HKsh98yIWQ,winstonsalem-north-carolina
https://www.ubereats.com/greensboro/food-delivery/little-italy-pizza/VXQQRTwiSMeY2yoPOnqUlQ,winstonsalem-north-carolina
https://www.ubereats.com/greensboro/food-delivery/mayberry-ice-cream-winston-salem/bU18ivFPRy6JyZO-K_74Cg,winstonsalem-north-carolina
https://www.ubereats.com/greensboro/food-delivery/taco-bell-1695-westbrook-plaza-drive/wWzPAUH8QYaehPByuIPv4g,winstonsalem-north-carolina
https://www.ubereats.com/greensboro/food-delivery/forsyth-seafood-market-%26-cafe/i9NNTc2PTKSnxm5WTp2bDg,winstonsalem-north-carolina
https://www.ubereats.com/greensboro/food-delivery/wendys-2218-cloverdale-avenue/zgRwyRYnSxy7UPoJOR55Ww,winstonsalem-north-carolina
https://www.ubereats.com/greensboro/food-delivery/mcdonalds-780-martin-luther-king-dr/orWrcyTbRQ-BaWiDrlLvYw,winstonsalem-north-carolina
https://www.ubereats.com/greensboro/food-delivery/sonic-2005-silas-creek-parkway/dAiPYVAoT7GS-Yl2F9RqPQ,winstonsalem-north-carolina
https://www.ubereats.com/greensboro/food-delivery/trade-street-diner/SlAns6B7TcqfFN1ZYv6_jA,winstonsalem-north-carolina
https://www.ubereats.com/greensboro/food-delivery/bojangles-famous-chicken-%26-biscuits-552-585-west-northwest-blvd/o8Mb6ht0Rs2kMlJOYXBf6A,winstonsalem-north-carolina
https://www.ubereats.com/greensboro/food-delivery/wendys-5457-gumtree-rd/YXD3x442QBiZW2Rkej4HIw,winstonsalem-north-carolina
https://www.ubereats.com/greensboro/food-delivery/marios-pizza-hanes-mall/5a7kgp1aTE2ZoEiqU2pdmg,winstonsalem-north-carolina
https://www.ubereats.com/greensboro/food-delivery/applebees-6310-allegacy-way/F_isZmyxTB6GodOJRSNwmw,winstonsalem-north-carolina
https://www.ubereats.com/greensboro/food-delivery/mcdonalds-2900-reynolda-rd/oCIF-eqYTOyhIr7IBccehw,winstonsalem-north-carolina
https://www.ubereats.com/greensboro/food-delivery/steak-n-shake-4684-n-patterson-avenue/d7zmc8YgRia43ks-iphVUQ,winstonsalem-north-carolina
https://www.ubereats.com/greensboro/food-delivery/pasquallys-pizza-%26-wings-620-hanes-mall-blvd/smJwa7WYR5-R2ua3rN7cWQ,winstonsalem-north-carolina
https://www.ubereats.com/greensboro/food-delivery/elizabeths-italian-restaurant/-erz3pjWQguzNLAwDZ8gXg,winstonsalem-north-carolina
https://www.ubereats.com/greensboro/food-delivery/starbucks-mt-tabor-place/NUydHWGwS7ibkjJ6F6YouA,winstonsalem-north-carolina
https://www.ubereats.com/greensboro/food-delivery/village-tavern-hanes-mall/9uE43R0lTe2rUaSTq_8p-A,winstonsalem-north-carolina
https://www.ubereats.com/greensboro/food-delivery/brixx-wood-fired-pizza-winston/x9eNyvy-QaWzeqnt_FsKkA,winstonsalem-north-carolina
https://www.ubereats.com/greensboro/food-delivery/arbys-101-summit-square-blvd/PGFoh5btRgWPDiMD2RKg5g,winstonsalem-north-carolina
https://www.ubereats.com/greensboro/food-delivery/mcdonalds-3401-robinhood-rd/xs2YU7zaTEG5AxkYiDugtw,winstonsalem-north-carolina
https://www.ubereats.com/greensboro/food-delivery/moes-southwest-grill-206-south-stratford-rd/_W2qvN69Tj2Rsw1gY6jNtg,winstonsalem-north-carolina
https://www.ubereats.com/greensboro/food-delivery/skrimp-shack-winston-salem/vDn6HYzwSJiDVb8-MfNZmw,winstonsalem-north-carolina
https://www.ubereats.com/greensboro/food-delivery/kickback-jacks-winston-salem/AOLutRHcQESUJJsyY7ID8A,winstonsalem-north-carolina
https://www.ubereats.com/greensboro/food-delivery/bjs-restaurant-%26-brewhouse-192-hanes-mall-circle/EwgYLCLYSkayeftW33TqsA,winstonsalem-north-carolina
https://www.ubereats.com/greensboro/food-delivery/moes-southwest-grill-2021-griffith-road/B1OfHJ57TGWJALOQOHpiQA,winstonsalem-north-carolina
https://www.ubereats.com/greensboro/food-delivery/starbucks-ricks-drive-%26-stratford-road/DDOVa0nvSw-V0O1z8VYH4Q,winstonsalem-north-carolina
https://www.ubereats.com/greensboro/food-delivery/the-loop-pizza-grill-winston-salem/eW66tAcpSa6zOyLPwzFS0Q,winstonsalem-north-carolina
https://www.ubereats.com/greensboro/food-delivery/krispy-kreme-259-south-stratford-road/s-5kxrUAT_ScokLQqCPglQ,winstonsalem-north-carolina
https://www.ubereats.com/greensboro/food-delivery/j-butlers-bar-%26-grille-lewisville/REneKla1QeGE4xraXJI5-g,winstonsalem-north-carolina
https://www.ubereats.com/greensboro/food-delivery/bojangles-famous-chicken-%26-biscuits-484-1475-new-walkertown-road/CH8c9PsfT1aIR2H6MQMFkg,winstonsalem-north-carolina
https://www.ubereats.com/greensboro/food-delivery/qdoba-miller-st/2ADGDabISW2EdPQ8ns0CWg,winstonsalem-north-carolina
https://www.ubereats.com/greensboro/food-delivery/jersey-mikes-subs-1314-creekshire-way/QpOBOjetRp6ynlUzMhEo-g,winstonsalem-north-carolina
https://www.ubereats.com/greensboro/food-delivery/starbucks-cloverdale-%26-miller/1snNCBzpRaedqJyxpHSxRA,winstonsalem-north-carolina
https://www.ubereats.com/greensboro/food-delivery/zoes-kitchen-205-s-stratford-road%3B-suite-88-0665/IllWw--iSHGrG2Aic7cbCQ,winstonsalem-north-carolina
https://www.ubereats.com/greensboro/food-delivery/cowboy-brazilian-steakhouse-winston-salem/nTFzw-vBSduycd6GHqcj8A,winstonsalem-north-carolina
https://www.ubereats.com/greensboro/food-delivery/taco-bell-349-akron-drive/UXnPxAsoRx6eTQBWEQLvLA,winstonsalem-north-carolina
https://www.ubereats.com/greensboro/food-delivery/tropical-smoothie-cafe-winston-salem/mMGuzLYbTOqE7F0yfRcDCg,winstonsalem-north-carolina
https://www.ubereats.com/greensboro/food-delivery/mi-pueblo-stratford/Pe2WvKntTRK_StSBUa_iYw,winstonsalem-north-carolina
https://www.ubereats.com/greensboro/food-delivery/mystic-ginger/oSqWMAgaTweHdZ5mE6DXhw,winstonsalem-north-carolina
https://www.ubereats.com/greensboro/food-delivery/mcdonalds-7742-north-point-boulevard/ZpIBku9ZQHmbMwPuggdPGw,winstonsalem-north-carolina
https://www.ubereats.com/greensboro/food-delivery/kfc-2817-reynolda-rd/VcZrXcIGQvmQb746dKCnfQ,winstonsalem-north-carolina
https://www.ubereats.com/greensboro/food-delivery/arbys-3184-peters-creek-pkwy/klNX8I13SbOMdqsO5COShw,winstonsalem-north-carolina
https://www.ubereats.com/greensboro/food-delivery/tropical-smoothie-cafe-670-saint-george-square-court/n9m_Zp9gRAi0PeZMg3XgYg,winstonsalem-north-carolina
https://www.ubereats.com/greensboro/food-delivery/wendys-600-jonestown-road/lnxv-QxvQna7SmjjR0HxPA,winstonsalem-north-carolina
https://www.ubereats.com/greensboro/food-delivery/bojangles-famous-chicken-%26-biscuits-599-1250-peters-creek-pkwy/y0zHqjsiQLyC3_0VT7lIfQ,winstonsalem-north-carolina
https://www.ubereats.com/greensboro/food-delivery/zaxbys-430-summit-square-blvd/u-fgWn5kTjqYn3jPnQxIsA,winstonsalem-north-carolina
https://www.ubereats.com/greensboro/food-delivery/first-watch-winston-salem/Dde29HsTSUCQFUw1Hsv1iA,winstonsalem-north-carolina
https://www.ubereats.com/greensboro/food-delivery/mediterraneo-pizza-and-grill/_52CHD--RteqhFBXH5DiwQ,winstonsalem-north-carolina
https://www.ubereats.com/greensboro/food-delivery/applebees-1990-griffith-road/fW67C5TuQ3Se7HbsvINScA,winstonsalem-north-carolina
https://www.ubereats.com/greensboro/food-delivery/bleu-restaurant-%26-bar/qyoV72y3QsOQKGfwl4XMMA,winstonsalem-north-carolina
https://www.ubereats.com/greensboro/food-delivery/east-china/ftmkrTBIT4qjfyK1JiqSQg,winstonsalem-north-carolina
https://www.ubereats.com/greensboro/food-delivery/the-katharine-brasserie-and-bar/ojbUJV9yTNWrDjiKP99TXg,winstonsalem-north-carolina
https://www.ubereats.com/greensboro/food-delivery/five-guys-nc-0294-3273-robinhood-rd/Nurm6zdcQT2tRgEoSmEVug,winstonsalem-north-carolina
https://www.ubereats.com/greensboro/food-delivery/wutyasay-food-truck/ntLJkql4ThSZeGeqLJXf6g,winstonsalem-north-carolina
https://www.ubereats.com/greensboro/food-delivery/arbys-2541-lewisville-clemmons-rd/JLRov8sXSEyd6oxxDfChmw,winstonsalem-north-carolina
https://www.ubereats.com/greensboro/food-delivery/kfc-1125-n-liberty-st/JHGYLoLxQD6bhlyyWS3B7g,winstonsalem-north-carolina
https://www.ubereats.com/greensboro/food-delivery/senor-bravo-mexican-restaurant-marshall-st/SlE05M6kTEOii6fm1wXk6w,winstonsalem-north-carolina
https://www.ubereats.com/greensboro/food-delivery/chipotle-mexican-grill-1020-s-main-st-ste-g/yBb58ySwR56-QMNwG7MzQg,winstonsalem-north-carolina
https://www.ubereats.com/greensboro/food-delivery/hwy-55-burgers-shakes/abRmzW6kQzeQZ58B9Iw5nA,winstonsalem-north-carolina
https://www.ubereats.com/greensboro/food-delivery/applebees-4690-n-patterson-avenue/-busTuzaQVCECKKOg5_LCg,winstonsalem-north-carolina
https://www.ubereats.com/greensboro/food-delivery/subway-222-harvey-st/SH4iovCpR1iIaBUY_K0JLQ,winstonsalem-north-carolina
https://www.ubereats.com/greensboro/food-delivery/cocina-mi-canton/ONmedcxMR7m1eihIu31A2A,winstonsalem-north-carolina
https://www.ubereats.com/greensboro/food-delivery/charm-thai/oyVvI6OFTDO9I3Mz60LVdQ,winstonsalem-north-carolina
https://www.ubereats.com/greensboro/food-delivery/tanisha-monique-cupcakes/Hz45JTC0SmerwyMn28fHGQ,winstonsalem-north-carolina
https://www.ubereats.com/greensboro/food-delivery/le-chateau-bakery/UVWsa98qS5uiNsuctyPg_A,winstonsalem-north-carolina
https://www.ubereats.com/greensboro/food-delivery/kfc-1203-silas-creek-parkway/UPWREWOyTMe2fOl5-6rV6w,winstonsalem-north-carolina
https://www.ubereats.com/greensboro/food-delivery/peking-chinese-restaurant-3214-silas-creek-pkwy/hRfm5EkKRUeJweSIKqflMw,winstonsalem-north-carolina
https://www.ubereats.com/greensboro/food-delivery/ledo-pizza/QQ-AxiynQ6CH_x_3Vy0tPQ,winstonsalem-north-carolina
https://www.ubereats.com/greensboro/food-delivery/mi-pueblo-clemmons/qJaN0LVfTf6PczuONPjtdw,winstonsalem-north-carolina
https://www.ubereats.com/greensboro/food-delivery/ihop-4403/SU8eyTalRRKIGUkzSD9KaQ,winstonsalem-north-carolina
https://www.ubereats.com/greensboro/food-delivery/chuck-e-cheese-620-hanes-mall-blvd/qXGZ2UzBSxWMw-u4Z1f6sg,winstonsalem-north-carolina
https://www.ubereats.com/greensboro/food-delivery/cagneys-winston/Mrqd1pjAQFqsTlKDSCYquw,winstonsalem-north-carolina
https://www.ubereats.com/greensboro/food-delivery/krispy-krunchy-chicken-3305-north-liberty-st/NRVRCKWeRg68nZB4D6M6Ew,winstonsalem-north-carolina
https://www.ubereats.com/greensboro/food-delivery/hardees-10-e-clemmonsville-rd/i1lbbeKETo2hF3q9v5_Dgg,winstonsalem-north-carolina
https://www.ubereats.com/greensboro/food-delivery/wendys-3182-peters-creek-parkway/nL-aogodTK2t_DwsGuKH9w,winstonsalem-north-carolina
https://www.ubereats.com/greensboro/food-delivery/j-butlers-bar-%26-grille-kernersville/hCw777KBTzK0QQqrHzuWGw,winstonsalem-north-carolina
https://www.ubereats.com/greensboro/food-delivery/pan-asian/BaysMy1GQKK1kxjypaEcSQ,winstonsalem-north-carolina
https://www.ubereats.com/greensboro/food-delivery/buffalo-wild-wings-1110-creekshire-way/JnJOvNzuT3ubyJCgmfsX_Q,winstonsalem-north-carolina
https://www.ubereats.com/greensboro/food-delivery/ise-japanese-restaurant/x7OnQ_B2T82_J_0nNf1oMg,winstonsalem-north-carolina
https://www.ubereats.com/greensboro/food-delivery/arbys-1015-s-main-street/bgOj3LP0QquA5QRiwHq7cA,winstonsalem-north-carolina
