url,city
https://www.ubereats.com/boston/food-delivery/boloco-lynnfield/9uYriUIAQuyOU9mqFmOv9Q,woburn-massachusetts
https://www.ubereats.com/boston/food-delivery/cuisine-affair/1_TsIwsqTpKjiksgUdE4gw,woburn-massachusetts
https://www.ubereats.com/boston/food-delivery/five-guys-ma-1451-43-middlesex-turnpike/CRnIrAAYQ-ilxYmdl2MYPg,woburn-massachusetts
https://www.ubereats.com/boston/food-delivery/snappy-pattys/LqgYM3nyTLiaIKHp6oIF3g,woburn-massachusetts
https://www.ubereats.com/boston/food-delivery/latin-healthy-corner/3Y6bsXCzQJyY6h_nkcWFpA,woburn-massachusetts
https://www.ubereats.com/boston/food-delivery/green-papaya/0Y5xynd-QvGjXD8DyGHjnA,woburn-massachusetts
https://www.ubereats.com/boston/food-delivery/virsa-de-punjab/HtsGoC4zTHmGEIgbvNk3Yg,woburn-massachusetts
https://www.ubereats.com/boston/food-delivery/mr-sushi/6Jpui5ohSmKwpie_YFxA8g,woburn-massachusetts
https://www.ubereats.com/boston/food-delivery/luigis-italian-kitchen/HRTCIDjOSLeg2FtFjZC6aQ,woburn-massachusetts
https://www.ubereats.com/boston/food-delivery/dunkin-154-main-st/HHW46tk0QeG2g5PMl1VgCw,woburn-massachusetts
https://www.ubereats.com/boston/food-delivery/john-brewers-tavern-malden/peT-HOt2SnG0RozMq0VDBA,woburn-massachusetts
https://www.ubereats.com/boston/food-delivery/bgood-82-mall-rd/fjoSEmUDQyWEwlOSsVd-Ng,woburn-massachusetts
https://www.ubereats.com/boston/food-delivery/young-chow-loo/fgVEwgZVRGittvjikEd1fg,woburn-massachusetts
https://www.ubereats.com/boston/food-delivery/kfc-tb-163-cambridge-rd/MZ_CiEHSQ8ucnYkaZH6Rdg,woburn-massachusetts
https://www.ubereats.com/boston/food-delivery/the-upper-crust-pizzeria-lexington/yn86zlB9Rw6NjmpF-Bta9Q,woburn-massachusetts
https://www.ubereats.com/boston/food-delivery/dagostinos-deli-arlington/XLLHJ7fcQeO8XKk6BGpDPg,woburn-massachusetts
https://www.ubereats.com/boston/food-delivery/massimos-ristorante/nGB2puDeSrmRVIe_9VzmSg,woburn-massachusetts
https://www.ubereats.com/boston/food-delivery/the-gingerbread-construction-co/YdBD9z6LRm2EU5QR-yIbhg,woburn-massachusetts
https://www.ubereats.com/boston/food-delivery/pho-ever-chicken/cMIb2MdDS16JWOgmUadDTQ,woburn-massachusetts
https://www.ubereats.com/boston/food-delivery/burger-king-280-lowell-street/1udbqAxMRLi1JSrfj6c7iw,woburn-massachusetts
https://www.ubereats.com/boston/food-delivery/boyles-market/WRLuOz6KSxe8n1Pp0kHeTg,woburn-massachusetts
https://www.ubereats.com/boston/food-delivery/polcaris-restaurant-montvale-ave/AKpJMFWEQKqFvEm2rbYPyQ,woburn-massachusetts
https://www.ubereats.com/boston/food-delivery/burger-king-52-middlesex-turnpike/LjcjaGseTCCn1FlT4Um4zQ,woburn-massachusetts
https://www.ubereats.com/boston/food-delivery/three-amigos-mexican-restaurant/Npoh12vBS7-3UTciXTmeAw,woburn-massachusetts
https://www.ubereats.com/boston/food-delivery/chipotle-mexican-grill-112-commerce-way/mSqYHTydT2GAqxtUqIMdcg,woburn-massachusetts
https://www.ubereats.com/boston/food-delivery/lexington-house-of-pizza/cMdw58cATnKSzol7IMs60A,woburn-massachusetts
https://www.ubereats.com/boston/food-delivery/wendys-312-boston-rd/N5sOMKDCQeSMkSfuYYeghw,woburn-massachusetts
https://www.ubereats.com/boston/food-delivery/chipotle-mexican-grill-301-great-rd/pUnhus_YQzeLTYuIIpPlAQ,woburn-massachusetts
https://www.ubereats.com/boston/food-delivery/route-1-grill-house/Y782GjB2Qte6rgmVvZzLmA,woburn-massachusetts
https://www.ubereats.com/boston/food-delivery/contour-artisanal-pizza-%26-pasta/QKSizRmpSTesgTTmZ4wERw,woburn-massachusetts
https://www.ubereats.com/boston/food-delivery/ejs-pizza-grab-and-go/KgcTHPYZRVuP15Tvmi1JyQ,woburn-massachusetts
https://www.ubereats.com/boston/food-delivery/shallots-asian-cuisine/NNNHeQ7-RT-TMtmdz6kcjg,woburn-massachusetts
https://www.ubereats.com/boston/food-delivery/tavern-in-the-square-burlington/LYQQKJnNSn2qYRa_tJlFZA,woburn-massachusetts
https://www.ubereats.com/boston/food-delivery/kfc-taco-bell-485-boston-road/xlCJRy3RSs-PnwhTr2GYNA,woburn-massachusetts
https://www.ubereats.com/boston/food-delivery/spice-delight/Aq8B1kgKS0CH5cusQhpPMg,woburn-massachusetts
https://www.ubereats.com/boston/food-delivery/kens-pub/4STrp7g-RGWDocLDHYLi2g,woburn-massachusetts
https://www.ubereats.com/boston/food-delivery/asia-gourmet/hDks2RClR-a866RLWM3Fhw,woburn-massachusetts
https://www.ubereats.com/boston/food-delivery/tony-cs-sports-bar-%26-grill-somerville/victKyRETxeNG7iYdAqi6w,woburn-massachusetts
https://www.ubereats.com/boston/food-delivery/kings-dining-%26-entertainment-lynnfield/tm1efyLmTnWTfWa6NrCfqg,woburn-massachusetts
https://www.ubereats.com/boston/food-delivery/pizza-days-burlington/VIiGDEuESjaJBf6WeEz2Og,woburn-massachusetts
https://www.ubereats.com/boston/food-delivery/bgood-4-cummings-park-dr/ywu131coTD-M0QhjfpyKGQ,woburn-massachusetts
https://www.ubereats.com/boston/food-delivery/rizzos-roast-beef-and-pizza/0dtw3rHVSceQtXOn8tFLSA,woburn-massachusetts
https://www.ubereats.com/boston/food-delivery/maki-maki/VePefGE8Q2SKgaRiVTGw-g,woburn-massachusetts
https://www.ubereats.com/boston/food-delivery/starbucks-melrose-center/ZjyzmAX1T2ayJy9lRAfvQg,woburn-massachusetts
https://www.ubereats.com/boston/food-delivery/sakura/LKIvMoi_S-arAUP6OtNOTw,woburn-massachusetts
https://www.ubereats.com/boston/food-delivery/blaze-pizza-91-middlesex-turnpike/kgpRPJodRd27EBmbon1hNQ,woburn-massachusetts
https://www.ubereats.com/boston/food-delivery/royal-roast-beef-and-seafood/yQfVI8AjSkmSftUHP5lfpw,woburn-massachusetts
https://www.ubereats.com/boston/food-delivery/fusion-taste/mQcNltSxQhqR8WRjDFWsCA,woburn-massachusetts
https://www.ubereats.com/boston/food-delivery/dunkin-195-main-st/EnERUKw8SXW5N-z6v1_7ow,woburn-massachusetts
https://www.ubereats.com/boston/food-delivery/melrose-diner/duIje4RBQtq1V1cdBhMqiw,woburn-massachusetts
https://www.ubereats.com/boston/food-delivery/colombos-pizza/G3sH8R3fQb-QwgfdRPxq3A,woburn-massachusetts
https://www.ubereats.com/boston/food-delivery/dunkin-10-wall-st/SmtjlcKORQm1IGYmeoJMKw,woburn-massachusetts
https://www.ubereats.com/boston/food-delivery/dunkin-85-wilmington-rd/dLrXX6HcTAqJwlRYMN9Zgg,woburn-massachusetts
https://www.ubereats.com/boston/food-delivery/subway-1077-lexington-st/XFVFFiUAQ6qmRuq_8mk3hA,woburn-massachusetts
https://www.ubereats.com/boston/food-delivery/acitron-cocina-mexicana/O8NxgMtHTdS75hAZjV9qAg,woburn-massachusetts
https://www.ubereats.com/boston/food-delivery/city-streets-restaurant/m4JtPnsCSKiKiIs6V2f5FQ,woburn-massachusetts
https://www.ubereats.com/boston/food-delivery/ixtapa-mexican-restaurant-%26-cantina/ihguRc2FSxCq_9cIYaboXA,woburn-massachusetts
https://www.ubereats.com/boston/food-delivery/dascolis-pizza/AtVjcvkNQuG67ULCAD5PUQ,woburn-massachusetts
https://www.ubereats.com/boston/food-delivery/iron-town-diner/UB4--4ocQ-aKUYl-o8wAyw,woburn-massachusetts
https://www.ubereats.com/boston/food-delivery/great-wall-chinese-restaurant/hSoHLgr-TOqOQU0JQ5wZ7g,woburn-massachusetts
https://www.ubereats.com/boston/food-delivery/boars-head-subs-and-sandwiches/o7EIelUSTw-xjF3-5oCrJQ,woburn-massachusetts
https://www.ubereats.com/boston/food-delivery/red-sugar-cafe/E9uAEu9QSuaM_6ESEjvplQ,woburn-massachusetts
https://www.ubereats.com/boston/food-delivery/noodle-market/fNCWPnwiTtKyeEGC_Rlp7w,woburn-massachusetts
https://www.ubereats.com/boston/food-delivery/michaels-place/C_KvYhUcR4id0MF0EGFvzQ,woburn-massachusetts
https://www.ubereats.com/boston/food-delivery/applebees-2-elm-st-%2381072/zIWK2y99SwO9XWT6-ln2pQ,woburn-massachusetts
https://www.ubereats.com/boston/food-delivery/burgerim-90-middlesex-turnpike/LOpsl5TNSM2D7vEz-zZicw,woburn-massachusetts
https://www.ubereats.com/boston/food-delivery/louis-famous-roast-beef%26pizza/c8IgzL4VRi28EY2mJrFWAA,woburn-massachusetts
https://www.ubereats.com/boston/food-delivery/tous-les-jours-burlington/BWFQMk4sTyGVv8IAfyuRbw,woburn-massachusetts
https://www.ubereats.com/boston/food-delivery/namaste-nepali-and-indian-cuisine/A_fHmKmmTAC8Pn3R67hMEQ,woburn-massachusetts
https://www.ubereats.com/boston/food-delivery/kfc-501-main-st/RCYZyStvS22HRl-VRvGarg,woburn-massachusetts
https://www.ubereats.com/boston/food-delivery/toscanos-italian-kitchen/7WsvO8isSFqn57MZUaVVew,woburn-massachusetts
https://www.ubereats.com/boston/food-delivery/mcdonalds-572-main-st/JrD36PdgRC2ENzfRF81nBA,woburn-massachusetts
https://www.ubereats.com/boston/food-delivery/dunkin-364-boston-ave/wIIoYCWVRNGS1Jm3VPBMog,woburn-massachusetts
https://www.ubereats.com/boston/food-delivery/dragon-chef/fn5YgEnJQxC1CRVX64fLXQ,woburn-massachusetts
https://www.ubereats.com/boston/food-delivery/boston-pizza-medford/ExM9IIxASjKAut2kqc5oPw,woburn-massachusetts
https://www.ubereats.com/boston/food-delivery/wahlburgers-lynnfield/OqQ91EfOSF6gmd3gDm4m4g,woburn-massachusetts
https://www.ubereats.com/boston/food-delivery/fuddruckers-50-walkers-brook-dr/xXZxYG_XT2y-9_Cd5n05_w,woburn-massachusetts
https://www.ubereats.com/boston/food-delivery/guanachapis-restaurant/QZXLEC0YT42wfesJVaTiIw,woburn-massachusetts
https://www.ubereats.com/boston/food-delivery/wendys-303-montvale-ave/JGJ7ahxjSCS160RM3JhLCw,woburn-massachusetts
https://www.ubereats.com/boston/food-delivery/nicks-house-of-pizza/vysSYEdzQ321-XfeNBMIsQ,woburn-massachusetts
https://www.ubereats.com/boston/food-delivery/zucca-italian-restaurant/8RnG7WXXRQWrNjHSLTRBMQ,woburn-massachusetts
https://www.ubereats.com/boston/food-delivery/angelinas-pizzeria/xNm96dFdTfSupccgjwS1RA,woburn-massachusetts
https://www.ubereats.com/boston/food-delivery/the-ice-cream-shop/gs9DGef1QrqcttSMQ-CyDw,woburn-massachusetts
https://www.ubereats.com/boston/food-delivery/dunkin-880-main-st/eLb6YlbgSIGKGVNEvlPAOw,woburn-massachusetts
https://www.ubereats.com/boston/food-delivery/joe-pizza/RMu3TQtFSmyWOSteHWd1WA,woburn-massachusetts
https://www.ubereats.com/boston/food-delivery/starbucks-market-street-at-lynnfield/7wJyOboJSgeWbz7frSKoQQ,woburn-massachusetts
https://www.ubereats.com/boston/food-delivery/the-brickyard/yIv8oa2jSm69WAZBcvnSQQ,woburn-massachusetts
https://www.ubereats.com/boston/food-delivery/shanghai-moon/e-agCe1_TQq0iRD03IgJXw,woburn-massachusetts
https://www.ubereats.com/boston/food-delivery/feng-shui-kitchen/5bIz6xBfQVu5S_YRxIeWtw,woburn-massachusetts
https://www.ubereats.com/boston/food-delivery/nana-7-japanese-steakhouse/QW7EEj6mSjK-qPyZxI-ttQ,woburn-massachusetts
https://www.ubereats.com/boston/food-delivery/yassou/cDN_9_KaSmujGiMcEq39Vw,woburn-massachusetts
https://www.ubereats.com/boston/food-delivery/wayback-burgers-75-middlesex-turnpike/B-RbsuTGRZaJxKN-Rht4TA,woburn-massachusetts
https://www.ubereats.com/boston/food-delivery/dunkin-903-broadway/rQh7-iO-RZWvNjiR5cqtXQ,woburn-massachusetts
https://www.ubereats.com/boston/food-delivery/lisas-family-pizzeria-wakefield/ylG4X1W1RY67XEAutTdpug,woburn-massachusetts
https://www.ubereats.com/boston/food-delivery/blue-moon-grill/2GhWq_ZVQFWt2fuA5b2TtA,woburn-massachusetts
https://www.ubereats.com/boston/food-delivery/subway-258-cambridge-st/Ky1xiJbLQLmQlGB5VZ3rng,woburn-massachusetts
https://www.ubereats.com/boston/food-delivery/fried-or-die-chicken/829ZemYtRrKUQyS85BgIVg,woburn-massachusetts
https://www.ubereats.com/boston/food-delivery/neillios-gourmet-kitchen/Ugn2vwQMQjGeycEV1QinDg,woburn-massachusetts
https://www.ubereats.com/boston/food-delivery/maya-indian-bar-and-grill/4k5J971VTA6WsrO1zth9hQ,woburn-massachusetts
https://www.ubereats.com/boston/food-delivery/rangla-punjab/JN8dhov0TaKq9bV9tqZdjQ,woburn-massachusetts
https://www.ubereats.com/boston/food-delivery/minuteman-diner/2xiiawhcQNqBBWkI5IVTrg,woburn-massachusetts
https://www.ubereats.com/boston/food-delivery/panera-34-cambridge-street/aF3LuXGHQyyP4XVf0BVU0A,woburn-massachusetts
https://www.ubereats.com/boston/food-delivery/osteria-nino/m4ORHKi2RQKVBnjigry_fQ,woburn-massachusetts
https://www.ubereats.com/boston/food-delivery/china-wok/wb-MhYKxQRyP_KQ42K24RQ,woburn-massachusetts
https://www.ubereats.com/boston/food-delivery/swanton-street-diner/A0THlyRURXWjyOt2IQPLQg,woburn-massachusetts
https://www.ubereats.com/boston/food-delivery/casa-blanca-mexican-restaurant-wilmington/THTAf_kmRDq2SSwF3zk13Q,woburn-massachusetts
https://www.ubereats.com/boston/food-delivery/the-ice-cream-shop/hA4MyAluRZm4MONfeUtuSA,woburn-massachusetts
https://www.ubereats.com/boston/food-delivery/frozen-hoagies-winchester/vHw3KaANTeKoSdWEtsbr5Q,woburn-massachusetts
https://www.ubereats.com/boston/food-delivery/jimbos-famous-roast-beef-%26-seafood/58BE7uImTyaPFqWmdtdp0Q,woburn-massachusetts
https://www.ubereats.com/boston/food-delivery/el-centro-belmont/KeXzI0bOT1iWM096sOKwNQ,woburn-massachusetts
https://www.ubereats.com/boston/food-delivery/zaika-indian-bistro/PMaDlqNATj-YuQ___AAuZQ,woburn-massachusetts
https://www.ubereats.com/boston/food-delivery/dunkin-182a-cambridge-st/HEEUCnBNRfOg6MLZg9EtmQ,woburn-massachusetts
https://www.ubereats.com/boston/food-delivery/the-gaslight-tavern/3tFaY6vsTSKv1OPrzx1Waw,woburn-massachusetts
https://www.ubereats.com/boston/food-delivery/the-stones-commonhouse-and-kitchen/8-gwlTzYSy68ejn0vVX_-w,woburn-massachusetts
https://www.ubereats.com/boston/food-delivery/johnny-rockets-burlington-mall/vulCLuWIT0qeRi7tII4quQ,woburn-massachusetts
https://www.ubereats.com/boston/food-delivery/dunkin-915-waltham-st-shell-oil/HhISaL41Sp-U1xeI0QXdpA,woburn-massachusetts
https://www.ubereats.com/boston/food-delivery/district-kitchen/lKfojztXQgi97FbOVBeFXA,woburn-massachusetts
https://www.ubereats.com/boston/food-delivery/carols-cafe/QpW8uze8QPCSLPWFPYOm1g,woburn-massachusetts
https://www.ubereats.com/boston/food-delivery/starbucks-arlington/1SxzDRhVQo6I3fa1o06Keg,woburn-massachusetts
https://www.ubereats.com/boston/food-delivery/casa-pizza/WwEUdgfbSfeD6ZQa5PD1aw,woburn-massachusetts
https://www.ubereats.com/boston/food-delivery/lisas-family-pizzeria-melrose/HRe3-AHVTv64EKeHVF58aA,woburn-massachusetts
https://www.ubereats.com/boston/food-delivery/indianstyle/VRkHyM67ToukWa9ij2QYKQ,woburn-massachusetts
https://www.ubereats.com/boston/food-delivery/chateau-restaurant-%E2%80%93-burlington/hAgifuTfQWeCO2ytV7HsGA,woburn-massachusetts
https://www.ubereats.com/boston/food-delivery/dharani/QCO7dZjZToeVLfk5fINigA,woburn-massachusetts
https://www.ubereats.com/boston/food-delivery/wing-squad-lexington/oIxBJtuGTLyxT2alt1wQLw,woburn-massachusetts
https://www.ubereats.com/boston/food-delivery/caribbean-809/bw-LTbmRR_yYgDsiu0zxpw,woburn-massachusetts
https://www.ubereats.com/boston/food-delivery/panchos-cantina/nfxVmf4DTA2CtU00bU6vEg,woburn-massachusetts
https://www.ubereats.com/boston/food-delivery/oliveiras-express-medford/UoU3SRbcSbus2h2dOyzO0w,woburn-massachusetts
https://www.ubereats.com/boston/food-delivery/kings-dining-%26-entertainment-burlington/Yy4lcw7VQu2TQ35HNCoUHw,woburn-massachusetts
https://www.ubereats.com/boston/food-delivery/pacific-grove/LyvEz2ivQGmLgtCzfrvRSQ,woburn-massachusetts
https://www.ubereats.com/boston/food-delivery/gourmet-india/soeUFU39QYmc4m-rRWbx4w,woburn-massachusetts
https://www.ubereats.com/boston/food-delivery/the-daily-scoop/G48OsiurTGGP46ltTLNK-w,woburn-massachusetts
https://www.ubereats.com/boston/food-delivery/gregs-pizza-roast-beef-and-seafood/i-6BXNB7SRW8vlXiNNMJvg,woburn-massachusetts
https://www.ubereats.com/boston/food-delivery/nanabettes-ice-cream/zg_X9ydzTDWbmklmuwwzEw,woburn-massachusetts
https://www.ubereats.com/boston/food-delivery/mcdonalds-187-cambridge-st/-EWjpfreRnu7V3d8gIm9fw,woburn-massachusetts
https://www.ubereats.com/boston/food-delivery/starbucks-reading-walkers-brook/Wrzgp0goSbysKtckbPQW_g,woburn-massachusetts
https://www.ubereats.com/boston/food-delivery/dunkin-350-pleasant-st/cwAFgi7ZQi2UIqIXp1kM3A,woburn-massachusetts
https://www.ubereats.com/boston/food-delivery/alamo-roast-beef-%26-seafood/4lrG5DCaRnel3_Qp6TwrPQ,woburn-massachusetts
https://www.ubereats.com/boston/food-delivery/green-tea/iYZglL8JQeurG-qR1CKrVg,woburn-massachusetts
https://www.ubereats.com/boston/food-delivery/shiraz-persian-cuisine/DOSHlGfTR728BecxElHn5w,woburn-massachusetts
https://www.ubereats.com/boston/food-delivery/kebabish-food-truck/aYRi4LlrSf6P9iyjB5eV7w,woburn-massachusetts
https://www.ubereats.com/boston/food-delivery/papa-ginos-179-cambridge-street/7otyCI7BSEawolRBoXYWbQ,woburn-massachusetts
https://www.ubereats.com/boston/food-delivery/joses-torta-mexicana/xk0J2ea-RjOUi8W2YZp43g,woburn-massachusetts
https://www.ubereats.com/boston/food-delivery/dunkin-400-cambridge-rd-woburn-plaza-shopping-ctr/MuxIrhdDRDmPTIl3wrUYkg,woburn-massachusetts
https://www.ubereats.com/boston/food-delivery/ruby-thai-kitchen/vXYEYDu5TBqQH9-ecx6qNQ,woburn-massachusetts
https://www.ubereats.com/boston/food-delivery/andreas-house-of-pizza/BvMVUIj0RH2QlMiwhjYyCw,woburn-massachusetts
https://www.ubereats.com/boston/food-delivery/burger-king-197-main-street/2DcVlFS4QTe-RZJl2D4RJw,woburn-massachusetts
https://www.ubereats.com/boston/food-delivery/massimo-ristorante/i5X1ITWYR-y6DOj9JcTrSw,woburn-massachusetts
https://www.ubereats.com/boston/food-delivery/mcdonalds-333-montvale-ave/wnGvlPnoS92_u8jlLClm-w,woburn-massachusetts
https://www.ubereats.com/boston/food-delivery/ivory-pot-bakery-%26-catering/lFZ90X37SP-9aWj0xwdVcQ,woburn-massachusetts
https://www.ubereats.com/boston/food-delivery/baba-supermarket/PhtjIQueRM-jwuNICWm9ow,woburn-massachusetts
https://www.ubereats.com/boston/food-delivery/deliworks-%26-pizzeria/PPM-K7pvTZyHDDRQY-RZjA,woburn-massachusetts
https://www.ubereats.com/boston/food-delivery/five-guys-ma-1267-67-main-st/e-F0vMcuTUOlW8nqYW3yFA,woburn-massachusetts
https://www.ubereats.com/boston/food-delivery/anthonys-coal-fired-pizza-reading/UeAxqx1aTaGVvCucLwD7sw,woburn-massachusetts
https://www.ubereats.com/boston/food-delivery/wuburger/3Z_5poKGQI-b_hKX5qQ8lw,woburn-massachusetts
https://www.ubereats.com/boston/food-delivery/simards-super-roast-beef/lYc-amrJR9iL0edtntv0LQ,woburn-massachusetts
https://www.ubereats.com/boston/food-delivery/chick-fil-a-369-washington-st/iGl5o6DHSbS9GEVC5iQL1A,woburn-massachusetts
https://www.ubereats.com/boston/food-delivery/buffalo-wild-wings-15-south-ave/VqioxdpmR4iUKHeFuGMShQ,woburn-massachusetts
https://www.ubereats.com/boston/food-delivery/gingerbread-construction-co/ouC26vJxRMuehVIIz55x2Q,woburn-massachusetts
https://www.ubereats.com/boston/food-delivery/fortunatos/14Wib52MRKuuLboqHMYxXA,woburn-massachusetts
https://www.ubereats.com/boston/food-delivery/firehouse-subs-103-commerce-way-ste-c1/_a-OgRylR3q1LI2B1UFNyA,woburn-massachusetts
https://www.ubereats.com/boston/food-delivery/kennedys-ice-cream-bar/sQ-Ikno1TpeoLGOV0JNoWg,woburn-massachusetts
https://www.ubereats.com/boston/food-delivery/boston-burger-company-woburn/Lm2C4GORQ9OYjTyQDUremQ,woburn-massachusetts
https://www.ubereats.com/boston/food-delivery/dunkin-632-main-st/okODrqSCTnitgbqW3o5RUw,woburn-massachusetts
https://www.ubereats.com/boston/food-delivery/lucky-dragon/UWeISxkuR0mIKv0uJ3vnjA,woburn-massachusetts
https://www.ubereats.com/boston/food-delivery/la-qchara/iwEyqpvkT2yGX6p5ei-YQw,woburn-massachusetts
https://www.ubereats.com/boston/food-delivery/the-scoop-n-scootery/17GP0GOrRsW38Cbv-os4mA,woburn-massachusetts
https://www.ubereats.com/boston/food-delivery/sakura-organic/1X7nbPYhS9m57ncpQ3qFMg,woburn-massachusetts
https://www.ubereats.com/boston/food-delivery/sweetgreen-lynnfield/b4-oS7PxT-ie-KGpHObSDw,woburn-massachusetts
https://www.ubereats.com/boston/food-delivery/dockside-restaurant-wakefield/_Pmf-RfGRHq1q1mbBHgfkQ,woburn-massachusetts
https://www.ubereats.com/boston/food-delivery/on-the-border-woburn/OIlfu_koRAqyo5JtXopcZA,woburn-massachusetts
https://www.ubereats.com/boston/food-delivery/ruths-chris-steak-house-500-totten-pond-rd/MhTkUWo7R-GKDjFNqbURcA,woburn-massachusetts
https://www.ubereats.com/boston/food-delivery/charlestown-cafe/_fhAloAsQvSAoKU_hNS69w,woburn-massachusetts
https://www.ubereats.com/boston/food-delivery/subway-150-c-new-boston-st/YkiBaQdaRVCAohBYx5LFxw,woburn-massachusetts
https://www.ubereats.com/boston/food-delivery/lesters-roadside-bbq/rHGn8-nLTD6lOp22rkfVtw,woburn-massachusetts
https://www.ubereats.com/boston/food-delivery/naturel-juicing-llc/xmhiaVILQXypo8khW_gpDA,woburn-massachusetts
https://www.ubereats.com/boston/food-delivery/roccos-restaurant-%26-bar/3iXj7b8jT4mY_l9fkvNkZQ,woburn-massachusetts
https://www.ubereats.com/boston/food-delivery/california-pizza-kitchen-1150-market-st/Lm597pRdQQmOMz-Kj18Eeg,woburn-massachusetts
https://www.ubereats.com/boston/food-delivery/dunkin-53-linden-st/ZpQa0YcwSxWD3DHfeqpwOA,woburn-massachusetts
https://www.ubereats.com/boston/food-delivery/wicked-bagels/Uwr8Qym7ThWDneYlcmBTuA,woburn-massachusetts
https://www.ubereats.com/boston/food-delivery/the-remedy-exchange/gl27IV2WSAaikWP9fEefBg,woburn-massachusetts
https://www.ubereats.com/boston/food-delivery/subway-10-wall-st/BF3Br5oQT0ysFSBzyXWXOQ,woburn-massachusetts
https://www.ubereats.com/boston/food-delivery/shotcakes/vsRTN0bDQbSrkEPtvWRO8Q,woburn-massachusetts
https://www.ubereats.com/boston/food-delivery/subway-316-lowell-st/lg8sIIOLTjaoiGcRrZxxcw,woburn-massachusetts
https://www.ubereats.com/boston/food-delivery/taste-of-india/F8uZvt2jR6aC29W9x1Fbbw,woburn-massachusetts
https://www.ubereats.com/boston/food-delivery/leos-place-diner/7078vh0WSkOx3Zhsw3XXMA,woburn-massachusetts
https://www.ubereats.com/boston/food-delivery/franks-wings/YG-lu5HzRDekYIAtCjl3tA,woburn-massachusetts
https://www.ubereats.com/boston/food-delivery/qdoba-300-mishawum-rd/IvjYIrscSi-1Dl7Z0e4FuQ,woburn-massachusetts
https://www.ubereats.com/boston/food-delivery/dunkin-305-mishawum-rd/8Qh3NPE_TtCGF9SPUxGQNQ,woburn-massachusetts
https://www.ubereats.com/boston/food-delivery/starbucks-woburn-west-cummings-park/F7FOk9NcTRCWDlT4wCFkUA,woburn-massachusetts
https://www.ubereats.com/boston/food-delivery/clay-oven-indian-kitchen/hUPLCg7vTnOJ6kXUsRwA4Q,woburn-massachusetts
https://www.ubereats.com/boston/food-delivery/blue-fin/M6kmRmzUTTSVgx7gX_h7_w,woburn-massachusetts
https://www.ubereats.com/boston/food-delivery/peters-pizza-and-roast-beef/rOs6zYK9THO5K-ZOVbI2GQ,woburn-massachusetts
https://www.ubereats.com/boston/food-delivery/cold-stone-creamery-burlington/Zxih2CwvTQ2pUQH8xIJEAw,woburn-massachusetts
https://www.ubereats.com/boston/food-delivery/temazcal-tequila-cantina-lynnfield/Ui8hKPz_SB2ixLdy0B_gYA,woburn-massachusetts
https://www.ubereats.com/boston/food-delivery/starbucks-winchester/QXpj-B3_S-iQ282TlDqUyg,woburn-massachusetts
https://www.ubereats.com/boston/food-delivery/starbucks-middlesex-tpk-%26-terrace/g4c3LYO6TCW8QxrfL39rCw,woburn-massachusetts
https://www.ubereats.com/boston/food-delivery/jp-licks-lynnfield/O3gqp8p7SWGilaC_O0jFjw,woburn-massachusetts
https://www.ubereats.com/boston/food-delivery/avana-sushi-iii/CYtYIXdoTY6-I31Zh_VMNg,woburn-massachusetts
https://www.ubereats.com/boston/food-delivery/tony-cs-sports-bar-%26-grill-burlington/8HwqXVsXRl-7whAJGPRFmA,woburn-massachusetts
https://www.ubereats.com/boston/food-delivery/jims-market/fLwgmhkJQaCXfWj52X8v8w,woburn-massachusetts
https://www.ubereats.com/boston/food-delivery/dunkin-4-west-st-mobil-gas-station/Ir-QaW_FQUqzBV8NBEFO6g,woburn-massachusetts
https://www.ubereats.com/boston/food-delivery/little-india-express/6NmRYZrNQPa-vctLWYlw8A,woburn-massachusetts
https://www.ubereats.com/boston/food-delivery/kfc-421-broadway%3B-rt-1/sJunks5SSdei5I-QLo-4fw,woburn-massachusetts
https://www.ubereats.com/boston/food-delivery/burlington-jade-restaurant/v3NaXnfyTLOKq7WTPCH6gA,woburn-massachusetts
https://www.ubereats.com/boston/food-delivery/burger-king-357-main-street/9vlIXy25RkeGj7VeqRXq_w,woburn-massachusetts
https://www.ubereats.com/boston/food-delivery/subway-200b-main-st/s_3laBKsSV6yvCNEEMvBug,woburn-massachusetts
https://www.ubereats.com/boston/food-delivery/demainos-restaurant/pU6BarcVR6KyClJnmVVZTQ,woburn-massachusetts
https://www.ubereats.com/boston/food-delivery/phuket-thai-restaurant/WK4VnAxmQLSHFbDaK2VMeA,woburn-massachusetts
https://www.ubereats.com/boston/food-delivery/honey-dew-donuts-wakefield/hXhBvcjQRuynZWQCl5Nakw,woburn-massachusetts
https://www.ubereats.com/boston/food-delivery/starbucks-trapelo-%26-lexington/hlGwvpRySEWCBL13jRTavQ,woburn-massachusetts
https://www.ubereats.com/boston/food-delivery/starbucks-burlington-wayside-commons/pjJ68A73TByNdV5C57n6IA,woburn-massachusetts
https://www.ubereats.com/boston/food-delivery/chipotle-mexican-grill-110-mall-rd/oqiVZd0WRxysYRFLerFO-w,woburn-massachusetts
https://www.ubereats.com/boston/food-delivery/leaf-and-ginger/D1AAITH2QN2mFH5KiOY-Nw,woburn-massachusetts
https://www.ubereats.com/boston/food-delivery/dunkin-876a-lexington-st/Mrkv036uRLOgKjwWLys6IQ,woburn-massachusetts
https://www.ubereats.com/boston/food-delivery/ice-cream-days-burlington/GOmdfhwfTvaNriaCeHWiVg,woburn-massachusetts
https://www.ubereats.com/boston/food-delivery/the-ice-cream-shop/8J4Uc_VFQSaTG91eOCC4UA,woburn-massachusetts
https://www.ubereats.com/boston/food-delivery/the-ice-cream-shop/eqxpSt7bRLCpxa7_PpvinQ,woburn-massachusetts
https://www.ubereats.com/boston/food-delivery/zhu-pan-asian-vegan-cuisine/t1lcZm1YQ6aupJ_WMyyL8w,woburn-massachusetts
https://www.ubereats.com/boston/food-delivery/jake-n-joes-sports-grille-woburn/o5_rQgeZSRSuvNaRdCFIBQ,woburn-massachusetts
https://www.ubereats.com/boston/food-delivery/the-treasury%3A-indian-kitchen/ZLwbJxrnTxGEXtyB_J0y7Q,woburn-massachusetts
https://www.ubereats.com/boston/food-delivery/kens-ny-deli-%26-brick-oven-pizzeria/YLPs5Z7bRcqTWf0NNcYmow,woburn-massachusetts
https://www.ubereats.com/boston/food-delivery/starbucks-lexington-bedford-rd/jis9PA6ISYesid2wC12DoA,woburn-massachusetts
https://www.ubereats.com/boston/food-delivery/dunkin-612-middlesex-tpke-mobil-gas-station/0LynDc7XTBSXyn1M8nBdIQ,woburn-massachusetts
https://www.ubereats.com/boston/food-delivery/genes-chinese-flatbread-cafe/8iceMEAzR2WuEcn_lef1jQ,woburn-massachusetts
https://www.ubereats.com/boston/food-delivery/potbelly-sandwich-shop-burlington-%7C-294/mMpH_yBWROmn5lhWDDVEuw,woburn-massachusetts
https://www.ubereats.com/boston/food-delivery/bayberry-cafe/1aGUm8RiQT6NgpJePpbNHA,woburn-massachusetts
https://www.ubereats.com/boston/food-delivery/the-bagel-bar/vNPEe1UeQ4y1USBWfaKEcQ,woburn-massachusetts
https://www.ubereats.com/boston/food-delivery/strega-prime/atjxQCdDQfafSb4FMFvdaw,woburn-massachusetts
https://www.ubereats.com/boston/food-delivery/sals-pizza-328-boston-rd/TLxT-50RS0GIkiXQz-z7BQ,woburn-massachusetts
https://www.ubereats.com/boston/food-delivery/dagostinos-deli-winchester/-oS3N1ANTlulESjhY0NK3g,woburn-massachusetts
https://www.ubereats.com/boston/food-delivery/oriental-chinese-restaurant/kRmMZVY4SYKs7SLFOfzvOA,woburn-massachusetts
https://www.ubereats.com/boston/food-delivery/mcdonalds-413-main-st/jq-FqOiCTA-mKAIWPKwcaw,woburn-massachusetts
https://www.ubereats.com/boston/food-delivery/crying-thaiger-restaurant/pXpAtZb4T96z2lofd48EQQ,woburn-massachusetts
https://www.ubereats.com/boston/food-delivery/boston-catering-%26-events/REjCv8BlQ-aKMFqhqVTROA,woburn-massachusetts
https://www.ubereats.com/boston/food-delivery/dunkin-317-woburn-st/gs3p_KDbSAKk-PVlyPne-w,woburn-massachusetts
https://www.ubereats.com/boston/food-delivery/be-healthy/HCcRFCFASYi_JfO96GpNhA,woburn-massachusetts
https://www.ubereats.com/boston/food-delivery/gunpowder-cafe/fopJbkHARWauUnHLSRPa8A,woburn-massachusetts
https://www.ubereats.com/boston/food-delivery/early-harvest-diner-wakefield/UY71qCI8T1aGzEjOSCLYmg,woburn-massachusetts
https://www.ubereats.com/boston/food-delivery/krispy-krunchy-chicken-902-main-st/6Qft4qNvS46IxmzXMB328Q,woburn-massachusetts
https://www.ubereats.com/boston/food-delivery/the-studio-cafe/ObmCoeUbScCscJ8RSicsBw,woburn-massachusetts
https://www.ubereats.com/boston/food-delivery/dunkin-65-main-st/rBcE26s5TXeL65_8yqla5A,woburn-massachusetts
https://www.ubereats.com/boston/food-delivery/landana-grill/Rq6uVB3pR3q3aQoT7QHaGg,woburn-massachusetts
https://www.ubereats.com/boston/food-delivery/the-ice-cream-shop/fcmxJTZIQu-HZ90turx3cQ,woburn-massachusetts
https://www.ubereats.com/boston/food-delivery/qdoba-46-bedford-st/PQq7EQqrTqqWkruSXwzSVQ,woburn-massachusetts
https://www.ubereats.com/boston/food-delivery/misono-japanese-steakhouse-and-sushi-bar/KVWsfB_VRi-woplEwjCPAA,woburn-massachusetts
https://www.ubereats.com/boston/food-delivery/burger-king-765-main-street/hsGH90wRSzm5crYWdn_BAA,woburn-massachusetts
https://www.ubereats.com/boston/food-delivery/pho-1-woburn/uCZ1xVILR-u6UWAtUHwxMA,woburn-massachusetts
https://www.ubereats.com/boston/food-delivery/ye-olde-cottage/XE1xkIwYTV2_7KoAIgXwxQ,woburn-massachusetts
https://www.ubereats.com/boston/food-delivery/chateau-restaurant-%E2%80%93-waltham/Tsfe-6xYSeWoiOA38FJKeg,woburn-massachusetts
https://www.ubereats.com/boston/food-delivery/pizzamore-flatbread-company/YUlfIRykSGW3oQm0bJzvvw,woburn-massachusetts
https://www.ubereats.com/boston/food-delivery/gong-cha/k7WJ9447SW-NrAjlRyN-oQ,woburn-massachusetts
https://www.ubereats.com/boston/food-delivery/jacks-coal-fired-pizzas/bt9SlzZ5TzS3yJG0A-sP2w,woburn-massachusetts
https://www.ubereats.com/boston/food-delivery/kakkoii-sushi-and-ramen-%E6%A0%BC%E5%A5%BD/Dd17vz2hSQuuV9ltCUsWKQ,woburn-massachusetts
https://www.ubereats.com/boston/food-delivery/regina-pizzeria-burlington-mall/GQzuE8iiRc6q01qW3HJaKg,woburn-massachusetts
https://www.ubereats.com/boston/food-delivery/temazcal-tequila-cantina-burlington/pvZmDmSZTW25T3IBxluXCQ,woburn-massachusetts
https://www.ubereats.com/boston/food-delivery/taipei-tokyo/dbswLREkQOu2ep9tm5zoTQ,woburn-massachusetts
https://www.ubereats.com/boston/food-delivery/lendys-deli-%26-restaurant/qt2AUBTdShG4iPlRomVI5w,woburn-massachusetts
https://www.ubereats.com/boston/food-delivery/romas-bakery-pizzas-and-subs/bimhogqZRqmvEHuvC_g1Mg,woburn-massachusetts
https://www.ubereats.com/boston/food-delivery/bertuccis-woburn/LLzeer9lSJWjFgTHoWnyUw,woburn-massachusetts
https://www.ubereats.com/boston/food-delivery/bertuccis-reading/EczwFtLaS8iN_OCE7zSaPw,woburn-massachusetts
https://www.ubereats.com/boston/food-delivery/biltmore-%26-main/UxraCTfiTAauvHfUi0zQcA,woburn-massachusetts
https://www.ubereats.com/boston/food-delivery/blackbird-cafe/5zRXvwWPT16NqpO-6ZChYw,woburn-massachusetts
https://www.ubereats.com/boston/food-delivery/killer-wings/WjIHIAgITHmcbepo6_4i7Q,woburn-massachusetts
https://www.ubereats.com/boston/food-delivery/cupcake-city/kxAEGfQJSpWY0hjPdhxiMA,woburn-massachusetts
https://www.ubereats.com/boston/food-delivery/dunkin-240-middlesex-tpke/7a4Pi2E3Q_aGexzru0-WCg,woburn-massachusetts
https://www.ubereats.com/boston/food-delivery/notstarve-kitchen/mNv0JII-Qq6RHeSo0nEfUw,woburn-massachusetts
https://www.ubereats.com/boston/food-delivery/cappas-trackside-kitchen/jCEs0sFDQ_W05wBgSlgW3w,woburn-massachusetts
https://www.ubereats.com/boston/food-delivery/burlington-famous-pizza/FYZ15hg_SB6dOazrlMumlg,woburn-massachusetts
https://www.ubereats.com/boston/food-delivery/oscars-taqueria/gNxIsAqXS42IuBo2m04EkA,woburn-massachusetts
https://www.ubereats.com/boston/food-delivery/starbucks-reading-route-28/bYDEvykPQrqlgG0kJWumWQ,woburn-massachusetts
https://www.ubereats.com/boston/food-delivery/bonchon-chicken-329-moody-street/mvasqfajSDOA0PHfIlbLLA,woburn-massachusetts
https://www.ubereats.com/boston/food-delivery/charm-thai/iJIdGERzQlSbRLQflWc78g,woburn-massachusetts
https://www.ubereats.com/boston/food-delivery/punjab-indian-restaurant/cQLDxp3GT4OO7xZlJeWCfw,woburn-massachusetts
https://www.ubereats.com/boston/food-delivery/wing-squad-reading/O3n2YbfoT2OWGXC2J2hQdQ,woburn-massachusetts
https://www.ubereats.com/boston/food-delivery/mcdonalds-212-main-st/my5tq-_xRhm-tJY6jhIe1w,woburn-massachusetts
https://www.ubereats.com/boston/food-delivery/zinnekens-waffles-at-marketstreet/3Uo8hivqTPOKAMYGmATn-Q,woburn-massachusetts
https://www.ubereats.com/boston/food-delivery/thai-village/BUYZhwKiRp-Rx12EcgSOGQ,woburn-massachusetts
https://www.ubereats.com/boston/food-delivery/flatbread-co/pHK017ixSQuRNlIS2-b95w,woburn-massachusetts
https://www.ubereats.com/boston/food-delivery/singh-saab/rF6WPoP8RRGWKnVMjnE--w,woburn-massachusetts
https://www.ubereats.com/boston/food-delivery/josephs-catering/zQpSY55kTPmD3b_5ZkeTQg,woburn-massachusetts
https://www.ubereats.com/boston/food-delivery/kushala-sip-coffee-house/aR9fXRsWTa-S5Y86EePROQ,woburn-massachusetts
https://www.ubereats.com/boston/food-delivery/buffalo-wild-wings-180-main-st/xIUa4hKDTLutw_FN6I6ZGw,woburn-massachusetts
https://www.ubereats.com/boston/food-delivery/the-friendly-toast-burlington-ma/6UfX0YO4TFWu5SeFiZk3eg,woburn-massachusetts
https://www.ubereats.com/boston/food-delivery/big-sky-bread-cafe/ybMkhGueTgGYMF1fiLC-Vw,woburn-massachusetts
https://www.ubereats.com/boston/food-delivery/mcdonalds-55-middlesex-tpke/7VeHfC2cTKeYOJOt8YrG0g,woburn-massachusetts
https://www.ubereats.com/boston/food-delivery/simple-fare/qeiK-TkiRlWXq-bx_STJJg,woburn-massachusetts
https://www.ubereats.com/boston/food-delivery/pizza-works/d5OMygOdRnGHG4kIj1yCaA,woburn-massachusetts
https://www.ubereats.com/boston/food-delivery/donut-villa-diner/Yvfha5vVQeSpK4aO3_FvZQ,woburn-massachusetts
https://www.ubereats.com/boston/food-delivery/honey-dew-donuts-142-lowell-street/KUyyD7vIRtG-xHHZXj6ZTA,woburn-massachusetts
https://www.ubereats.com/boston/food-delivery/the-porch-southern-fare/Vn72JvxUTA-htnxT_2k0VA,woburn-massachusetts
https://www.ubereats.com/boston/food-delivery/starbucks-woburn-commerce-way/1SB2Ri1OQ0ers64YlSo2yA,woburn-massachusetts
https://www.ubereats.com/boston/food-delivery/dunkin-185-cambridge-rd/mj7rQDgKTZq7kp8k7mDHeA,woburn-massachusetts
https://www.ubereats.com/boston/food-delivery/bertuccis-waltham/et_OpwiZRKqQjcTt1paLIg,woburn-massachusetts
https://www.ubereats.com/boston/food-delivery/liberty-bell-restaurant/GyR6sjyeQ2CAUbyvDTvy4w,woburn-massachusetts
https://www.ubereats.com/boston/food-delivery/vincenzos-italian-kitchen/bTWW5im9Q4-veVUj1Irp9w,woburn-massachusetts
https://www.ubereats.com/boston/food-delivery/scoreboard-sports-bar-%26-grill/qWHZcY36QOmZZS3q35C8BQ,woburn-massachusetts
https://www.ubereats.com/boston/food-delivery/wendys-112-burlington-mall-road/A21MfsTMQUqjhqHqy3eC6w,woburn-massachusetts
https://www.ubereats.com/boston/food-delivery/cibo-cafe-%26-bistro/K6nBVwFWSd-hdVyfwG5vMQ,woburn-massachusetts
https://www.ubereats.com/boston/food-delivery/saigon-nv/yzLTGRJ3SBS-DT8hli_LCg,woburn-massachusetts
https://www.ubereats.com/boston/food-delivery/wing-squad-17-commerce-way/MOq_3LfHQXKUEkyXSKVziA,woburn-massachusetts
https://www.ubereats.com/boston/food-delivery/infused-kreyol/RK33NN2aTmWDvTEASL0bJQ,woburn-massachusetts
https://www.ubereats.com/boston/food-delivery/hooties-burger-bar-saugus/F2yY5ymgTB-iyUnXhdtVAQ,woburn-massachusetts
https://www.ubereats.com/boston/food-delivery/central-grill/rRwthjt7SM6oJ5fiypGHuQ,woburn-massachusetts
https://www.ubereats.com/boston/food-delivery/taste-of-brazil/IwMSPUAUQ6GwHke8GaY-fA,woburn-massachusetts
https://www.ubereats.com/boston/food-delivery/kowloon/Wn8YGxp-S4yI0fRx0WQwZA,woburn-massachusetts
https://www.ubereats.com/boston/food-delivery/china-sky/Y1FkaOI4RzSuVrvOLnjxvQ,woburn-massachusetts
https://www.ubereats.com/boston/food-delivery/godavari-indian-restaurant/R9--gZx2RRitFW0PFNkibg,woburn-massachusetts
https://www.ubereats.com/boston/food-delivery/dunkin-591-moody-st-7-eleven/jvT9hdkRTFONdmG2BSxoPw,woburn-massachusetts
https://www.ubereats.com/boston/food-delivery/lisas-pizzeria/zo4rrnIoS8ybkII3rNUJow,woburn-massachusetts
https://www.ubereats.com/boston/food-delivery/holi-indian-restaurant/0j2BNKNFSk2LeZ8qokP2Ew,woburn-massachusetts
https://www.ubereats.com/boston/food-delivery/liberty-bell/nO9Ri5mORn2DRlHt5dykfA,woburn-massachusetts
https://www.ubereats.com/boston/food-delivery/ixtapa-mexican-restaurant-%26-cantina/m1QlMsJ8Ts6BtNMsTYibAA,woburn-massachusetts
https://www.ubereats.com/boston/food-delivery/sato-ii/U2ntwJr7QhmRxy9RlJbI7A,woburn-massachusetts
https://www.ubereats.com/boston/food-delivery/gaetanos-restaurant/DvK90ZKOQAKy9EK_t_vcUg,woburn-massachusetts
https://www.ubereats.com/boston/food-delivery/starbucks-medford-whole-foods/7mITQ_2mTzOU6imO0x76rQ,woburn-massachusetts
https://www.ubereats.com/boston/food-delivery/craft-food-hall-project/umARazsLTuqMT6IkjyLF9w,woburn-massachusetts
https://www.ubereats.com/boston/food-delivery/dragon-island/s9x4qlxwSCOAhQ4pT4UamA,woburn-massachusetts
https://www.ubereats.com/boston/food-delivery/java-grind-%26-grill/zq3Co4WvQ1uhzAKPdKP0wg,woburn-massachusetts
https://www.ubereats.com/boston/food-delivery/boston-market-168-broadway/L5ba157bQOWCZ6SRPQdxvg,woburn-massachusetts
https://www.ubereats.com/boston/food-delivery/bertuccis-lexington/_g27jstRQDq5JIgfeW993A,woburn-massachusetts
https://www.ubereats.com/boston/food-delivery/oliveiras-restaurant-everett/T3_tplsjSDiQWzKqbPOAGQ,woburn-massachusetts
https://www.ubereats.com/boston/food-delivery/pizza-mia/ivRuLJhkTsaKcewR8a1xIw,woburn-massachusetts
https://www.ubereats.com/boston/food-delivery/frescos-roast-beef-%26-seafood/7dp6ogGcSmCqDyApf0xKgw,woburn-massachusetts
https://www.ubereats.com/boston/food-delivery/dunkin-369-mass-ave/nqCREafwTzygrUgLGcYsvg,woburn-massachusetts
https://www.ubereats.com/boston/food-delivery/cilantro-thai-and-vietnamese-cuisine/mztNYqoiQsOpuwnuUjIktQ,woburn-massachusetts
https://www.ubereats.com/boston/food-delivery/chipotle-mexican-grill-46-walkers-brook-dr/XnTxTVzZQFGF9loMsqkKaA,woburn-massachusetts
https://www.ubereats.com/boston/food-delivery/first-house-pub/4I1Wt5COS3uOLQfF2wRPLQ,woburn-massachusetts
https://www.ubereats.com/boston/food-delivery/the-dog-house-bar-%26-grill/PLYw1f4nSNa0_FgUGBwNOA,woburn-massachusetts
https://www.ubereats.com/boston/food-delivery/school-street-sweets%E2%80%94woburn/s0omzrh1St2Ufgb7h1MFlQ,woburn-massachusetts
https://www.ubereats.com/boston/food-delivery/dunkin-28-winn-st/56Mb0iriQC6zeHiV8XM4Mw,woburn-massachusetts
https://www.ubereats.com/boston/food-delivery/chickwich/qPH2SmV0Q8iMxun_XzFjRQ,woburn-massachusetts
https://www.ubereats.com/boston/food-delivery/craft-bowls/S46ecSNlRqmTN933RaDKMg,woburn-massachusetts
https://www.ubereats.com/boston/food-delivery/lucia-ristorante/Qw-qhDivThCgZ9fPwLPPqg,woburn-massachusetts
https://www.ubereats.com/boston/food-delivery/feng-shui/B4PdQEEFRWOITV98IN82bw,woburn-massachusetts
https://www.ubereats.com/boston/food-delivery/burger-king-822-lexington-street/9RTr_QWeQhapW7xOkYpuKQ,woburn-massachusetts
https://www.ubereats.com/boston/food-delivery/papa-ginos-1018-lexington-street/umBRv9cjTE6XKlhey8sbeg,woburn-massachusetts
https://www.ubereats.com/boston/food-delivery/dunkin-409-main-st/0iY8lBqhSx-yP9faSw_nVw,woburn-massachusetts
https://www.ubereats.com/boston/food-delivery/sei-bar-wakefield-%E6%B9%98%E7%A7%81%E9%A6%86/Sklzq1YOQMKn-jz-wIsLwQ,woburn-massachusetts
