url,city
https://www.ubereats.com/san-francisco/food-delivery/dog-haus-biergarten/Mweh9PV5StO5tJZ4tcoG9w,woodside-california
https://www.ubereats.com/san-francisco/food-delivery/ihop-491-veterans-blvd/pW0QRLNwQHy7Wjpd-NeQTg,woodside-california
https://www.ubereats.com/san-francisco/food-delivery/poki-time-belmont/7-0igRgET-qCXxbwllGiCA,woodside-california
https://www.ubereats.com/san-francisco/food-delivery/cafe-pro-bono/sUx-5LUFReeAv6kZIsx9EQ,woodside-california
https://www.ubereats.com/san-francisco/food-delivery/jersey-mikes-subs-2925-south-el-camino-real/fkwGJeTvRua-1VCLaBui4g,woodside-california
https://www.ubereats.com/san-francisco/food-delivery/3-bees-coffee-house/xjBD9JSgTqGGndPnyMJSDg,woodside-california
https://www.ubereats.com/san-francisco/food-delivery/mr-green-bubble-menlo-park/hh49Lv6UTv6denVLgCW6qw,woodside-california
https://www.ubereats.com/san-francisco/food-delivery/aya-sushi/tQSFAkkZSMOOiS04RLDtHw,woodside-california
https://www.ubereats.com/san-francisco/food-delivery/mediterranean-wraps/pQnjPbLnS7K7UuOrROP8HA,woodside-california
https://www.ubereats.com/san-francisco/food-delivery/izzys-brooklyn-bagels/BkahndXrS7qJGi00mrVjjg,woodside-california
https://www.ubereats.com/san-francisco/food-delivery/the-refuge/ILGTaqW3RFaStbtm0jcYCg,woodside-california
https://www.ubereats.com/san-francisco/food-delivery/mitsunobu/j-bHBNNrRT-rJ4LoNPmJ5A,woodside-california
https://www.ubereats.com/san-francisco/food-delivery/chantal-guillon-palo-alto/ruAmHOUUQm-b_py6TMclGw,woodside-california
https://www.ubereats.com/san-francisco/food-delivery/west-park-bistro/HVJvVLYuSsuHBgJcJUP0gw,woodside-california
https://www.ubereats.com/san-francisco/food-delivery/dennys-2920-s-norfolk/FdJ_bIzkQX6pOUaQdL5MqA,woodside-california
https://www.ubereats.com/san-francisco/food-delivery/freddie-parkers-pasta-%2B-salad-shop-san-mateo/k08PEO-EQLi1uKwGmggLbw,woodside-california
https://www.ubereats.com/san-francisco/food-delivery/spicy-platters/P7heb95VS96BbH6g5sZ4Og,woodside-california
https://www.ubereats.com/san-francisco/food-delivery/chicken-gyro-snob/x_GdEYN4Tl-caKKRvd_HYQ,woodside-california
https://www.ubereats.com/san-francisco/food-delivery/shiki-san-carlos/fFTqO3enTYufpXKzWKiOqg,woodside-california
https://www.ubereats.com/san-francisco/food-delivery/local-union-271/9ASzx2IwTb6I8r5p_BMNGA,woodside-california
https://www.ubereats.com/san-francisco/food-delivery/kemuri-japanese-baru/CpOBWLWmSZyEZau33RIu9g,woodside-california
https://www.ubereats.com/san-francisco/food-delivery/hot-wok-bistro-too/38RWbUj5QI-bYjKsH_Catw,woodside-california
https://www.ubereats.com/san-francisco/food-delivery/colombos-deli/uwVVcNbeRRq1us9rSjtTNQ,woodside-california
https://www.ubereats.com/san-francisco/food-delivery/causwells-belmont/KlXDZRCmQGu791agaEj_Tw,woodside-california
https://www.ubereats.com/san-francisco/food-delivery/la-corneta-taqueria-san-carlos-ave/Oi9Qt0mYTNG12o1UIPwt6g,woodside-california
https://www.ubereats.com/san-francisco/food-delivery/sanchos-taqueria-redwood-city/6qnS-jLLTTuYAgBwdhlzlQ,woodside-california
https://www.ubereats.com/san-francisco/food-delivery/babka-by-ayelet/1Z9LGLXmT2CKhpqHMlPOmg,woodside-california
https://www.ubereats.com/san-francisco/food-delivery/tamale-barn/amuieMF2QkCZNbZdEpdWdA,woodside-california
https://www.ubereats.com/san-francisco/food-delivery/kirks-steakburgers-palo-alto/eYH0rrfjSzuJOCkoWqPvLw,woodside-california
https://www.ubereats.com/san-francisco/food-delivery/salt-%26-straw-palo-alto/WY74QRCqQ_2exyo-bJxtvA,woodside-california
https://www.ubereats.com/san-francisco/food-delivery/left-bank-menlo-park/5FGwB34cShm1zHH2LU87-w,woodside-california
https://www.ubereats.com/san-francisco/food-delivery/gen-korean-bbq-house-mountain-view/ZlDnL7esSkiFgns2ivxkhA,woodside-california
https://www.ubereats.com/san-francisco/food-delivery/fortune-star-chinese-restaurant/g43BusiyTPC8_pKpiKci8w,woodside-california
https://www.ubereats.com/san-francisco/food-delivery/wing-squad-palo-alto/zrOKS50RTJC0mHJVlZZJ-w,woodside-california
https://www.ubereats.com/san-francisco/food-delivery/pizzeria-delfina-palo-alto/7Szl92FlQvCW6FUH--ENsw,woodside-california
https://www.ubereats.com/san-francisco/food-delivery/ikes-place-palo-alto/x0kK7PT9Q_2gWjrK1Z7QIQ,woodside-california
https://www.ubereats.com/san-francisco/food-delivery/bay-watch-restaurant-san-mateo/i2r5QUvoSD-oY7it5vlcSQ,woodside-california
https://www.ubereats.com/san-francisco/food-delivery/gerrys-cakes/Vpyk_fVpQM-lxp7NBf76ag,woodside-california
https://www.ubereats.com/san-francisco/food-delivery/eggwich/YHrEIccORdmIIdttxqPsnA,woodside-california
https://www.ubereats.com/san-francisco/food-delivery/tin-pot-creamery-palo-alto/w0aK3wCdQtKW4AWVvCfnmg,woodside-california
https://www.ubereats.com/san-francisco/food-delivery/donut-king/xxStmpHfQR2QPNy1fZXDIw,woodside-california
https://www.ubereats.com/san-francisco/food-delivery/burger-king-2102-middlefield-road/Tf6ooeeWQxikk6LK2u_XRw,woodside-california
https://www.ubereats.com/san-francisco/food-delivery/popeyes-740-woodside-rd/sW5T-GzGSkeXVh1sE7rkyA,woodside-california
https://www.ubereats.com/san-francisco/food-delivery/homeskillet-veterans-blvd/rylXY2yJSImGMe0VNJNbVA,woodside-california
https://www.ubereats.com/san-francisco/food-delivery/kali-greek-kitchen/pb9E-NzlQ-eDxlLYe5AU0A,woodside-california
https://www.ubereats.com/san-francisco/food-delivery/little-sichuan/XMsEr62kSO2e4TxSxsoPuw,woodside-california
https://www.ubereats.com/san-francisco/food-delivery/meet-fresh/canPfYqtSziUDCtk-TJbYA,woodside-california
https://www.ubereats.com/san-francisco/food-delivery/pranzi/CFJ8uYj5T528TE-mRpj2Zg,woodside-california
https://www.ubereats.com/san-francisco/food-delivery/iguey-taqueria/aXKj9OtTTZaUOepZkZNKJA,woodside-california
https://www.ubereats.com/san-francisco/food-delivery/starbucks-sequoia-station-redwood-city/8UKOCGxyTNqV-XTioNCRug,woodside-california
https://www.ubereats.com/san-francisco/food-delivery/the-refuge/wvJJiOZaTkKJYGNxhnX4ig,woodside-california
https://www.ubereats.com/san-francisco/food-delivery/onigilly-japanese-gourmet-rice-balls/YjHKjgLvTji0uOW4lCUjug,woodside-california
https://www.ubereats.com/san-francisco/food-delivery/tacolicious-palo-alto/ebxBzEXxT36MCuHqFoIyww,woodside-california
https://www.ubereats.com/san-francisco/food-delivery/noelanis-hawaiian-fusion-bar-and-grill/lrar3P6bR1CWNwanyQPPqg,woodside-california
https://www.ubereats.com/san-francisco/food-delivery/panini-dee/R3hGE5c2RaCrXhZlYpzKcQ,woodside-california
https://www.ubereats.com/san-francisco/food-delivery/the-prolific-oven-bakery-%26-cafe-palo-alto/QI1wk_BbS8iQ7tsb5YXGnw,woodside-california
https://www.ubereats.com/san-francisco/food-delivery/mints-%26-honey/m1IaJ6IuR-irshrWJmEUag,woodside-california
https://www.ubereats.com/san-francisco/food-delivery/cafe-brioche/c8GQTDxbQIawlbVwiT8BFg,woodside-california
https://www.ubereats.com/san-francisco/food-delivery/jack-in-the-box-986-woodside-rd/wxrGFRQxSQa5Y5VE3Pjotw,woodside-california
https://www.ubereats.com/san-francisco/food-delivery/jack-in-the-box-1205-broadway-st/cszTHJJ7Rm-S3eRNx4InQA,woodside-california
https://www.ubereats.com/san-francisco/food-delivery/sliderbar/drzzWKNZRWSkITMKhyelcg,woodside-california
https://www.ubereats.com/san-francisco/food-delivery/brioche-restaurant/f2C7iMMiSPaw0TcLR3ivIA,woodside-california
https://www.ubereats.com/san-francisco/food-delivery/los-carnalitos/zK8cPWWkQwKI3Efe_moYwg,woodside-california
https://www.ubereats.com/san-francisco/food-delivery/italian-pasta-kitchen/IsBqkdqWTEmjbyoX28AjdA,woodside-california
https://www.ubereats.com/san-francisco/food-delivery/the-melt-stanford/ol7R87jDStOdqlbM7iMnSw,woodside-california
https://www.ubereats.com/san-francisco/food-delivery/yayoi-palo-alto/woT75NJAQ6yQxFDvin6UpQ,woodside-california
https://www.ubereats.com/san-francisco/food-delivery/poke-house-palo-alto/icI6zP3hSHyBZ9jxjSFx1w,woodside-california
https://www.ubereats.com/san-francisco/food-delivery/tea-it-up/-w1XgNjiQE2JIB_zmDXvig,woodside-california
https://www.ubereats.com/san-francisco/food-delivery/caffe-riace/UQwtf3hnSem_7h0rQXAwyQ,woodside-california
https://www.ubereats.com/san-francisco/food-delivery/seniores-pizza/aUov9OAeT_-MZAAXPy31jg,woodside-california
https://www.ubereats.com/san-francisco/food-delivery/odori-sushi-teppanyaki/3JJxMAn0Q_qT2zJWttXP4w,woodside-california
https://www.ubereats.com/san-francisco/food-delivery/fey/XXL7i5PSS6-hNZ5FmhOIsQ,woodside-california
https://www.ubereats.com/san-francisco/food-delivery/black-pepper-restaurant/sqnHBJVMR6GPWxh2oVLzWw,woodside-california
https://www.ubereats.com/san-francisco/food-delivery/chef-sha/M9zmCZKzRFKcOFj5CUUDJw,woodside-california
https://www.ubereats.com/san-francisco/food-delivery/the-patty-shack/U9jsML_NRta2Y-7Iy-Q08Q,woodside-california
https://www.ubereats.com/san-francisco/food-delivery/tierra-blanca-sushi-y-mariscos/YgLpTL5NSnm_FGYBl8ovww,woodside-california
https://www.ubereats.com/san-francisco/food-delivery/delicious-crepes/5yDm4_DnTpKjTY74eYVdyg,woodside-california
https://www.ubereats.com/san-francisco/food-delivery/starbucks-sand-hill-%26-sharon-park/g6VYOITtRduAgodje3sqag,woodside-california
https://www.ubereats.com/san-francisco/food-delivery/martins-kitchen-and-catering/3TFJw1r-S1mRTw0as_mCEA,woodside-california
https://www.ubereats.com/san-francisco/food-delivery/orenchi-ramen-redwood-city/7JFJoOEcQa6N3U5WAcncBQ,woodside-california
https://www.ubereats.com/san-francisco/food-delivery/rock-n-wraps-%26-kababs/TmKim8ZxRJGHQWeAKXbjEA,woodside-california
https://www.ubereats.com/san-francisco/food-delivery/chucks-donuts/XHiK4CRyTmiuFgP974lXWA,woodside-california
https://www.ubereats.com/san-francisco/food-delivery/joe-%26-the-juice-508-university-avenue/oxB34Y6fRFuRRRAlohIX4A,woodside-california
https://www.ubereats.com/san-francisco/food-delivery/shake-shack-180-el-camino-real/1r8aJ2I7SgWwYSwcgOhQPg,woodside-california
https://www.ubereats.com/san-francisco/food-delivery/blue-bottle-coffee-660-stanford-shopping-center-%23650b/-6DTMHc1SGubG8bZsUn_Sg,woodside-california
https://www.ubereats.com/san-francisco/food-delivery/papalote-mexican-grill-palo-alto/XnZeDpSUQraEMJPFiaaKqQ,woodside-california
https://www.ubereats.com/san-francisco/food-delivery/streetside-by-dosa-palo-alto/9PGbZWaoQPaSXDG9K-eX4A,woodside-california
https://www.ubereats.com/san-francisco/food-delivery/coffeebar-redwood-city/DJQhrGeYRJqZEisMH0Gw1A,woodside-california
https://www.ubereats.com/san-francisco/food-delivery/sprinkles-palo-alto/d3LWDxyoR3-IydCRc8MdRQ,woodside-california
https://www.ubereats.com/san-francisco/food-delivery/curry-up-now-palo-alto/0jAL2xCkR3eFaqJZ0iupjg,woodside-california
https://www.ubereats.com/san-francisco/food-delivery/jack-in-the-box-3199-el-camono-real/M77y8CKjSjC0eFpXDnJv7w,woodside-california
https://www.ubereats.com/san-francisco/food-delivery/como-esta-taqueria/M5ySa6Z8Sxe8qtk4IWZw7w,woodside-california
https://www.ubereats.com/san-francisco/food-delivery/zadna/_saLnaLxSBOlcylOovsmKw,woodside-california
https://www.ubereats.com/san-francisco/food-delivery/philz-coffee-3191-middlefield-rd/H0IM2brqTBGUJvE5yrlPPQ,woodside-california
https://www.ubereats.com/san-francisco/food-delivery/spicy-empire/4QjycWXkRK-9Bedw911YMw,woodside-california
https://www.ubereats.com/san-francisco/food-delivery/cafe-la-tartine/RDpq1rnQQhmgl2ePwQ4XHQ,woodside-california
https://www.ubereats.com/san-francisco/food-delivery/amazing-wok/w9ZIDcUWS6KfftzGmEAJ9A,woodside-california
https://www.ubereats.com/san-francisco/food-delivery/san-carlos-bar-%26-grill/vungF_aZRFCHN36w8X59-A,woodside-california
https://www.ubereats.com/san-francisco/food-delivery/carem-gelato-classico/JBNRpEqGS2aVH4V0MDq8ZQ,woodside-california
https://www.ubereats.com/san-francisco/food-delivery/applebees-1135-veterans-blvd/OxeLYBW4QQ2ssOWvsOSI4w,woodside-california
https://www.ubereats.com/san-francisco/food-delivery/tacos-el-grullense-1243-middlefield-rd/ukdghpSzS1iGdx1VhMSkiA,woodside-california
https://www.ubereats.com/san-francisco/food-delivery/roma/4OdJ8qFbT-mRiSVekAoReA,woodside-california
https://www.ubereats.com/san-francisco/food-delivery/menlo-cafe/crns7tfXS5m4DRbWXTpvlw,woodside-california
https://www.ubereats.com/san-francisco/food-delivery/not-only-nuts-n-mary-avenue/-vYs_5M1Swi0fS4Njppe1Q,woodside-california
https://www.ubereats.com/san-francisco/food-delivery/jacks-prime-burgers-%26-shakes/r0p60_jTSdahs0jDIbG_ZA,woodside-california
https://www.ubereats.com/san-francisco/food-delivery/anatolian-kitchen/G1hTW2BIQ_CTLgdGz9GmIw,woodside-california
https://www.ubereats.com/san-francisco/food-delivery/peking-duck-restaurant/_58xmbIUQQC95Uqhu-jFWA,woodside-california
https://www.ubereats.com/san-francisco/food-delivery/jupiter-juice/7sbObHnVRn2r5hXX0vnQqQ,woodside-california
https://www.ubereats.com/san-francisco/food-delivery/chicos-taqueria/gVhnL6Q0QJSlqRmZqx9ziw,woodside-california
https://www.ubereats.com/san-francisco/food-delivery/orens-hummus-express-palo-alto/WUYfD0FiSb--Ow5-wsoB1w,woodside-california
https://www.ubereats.com/san-francisco/food-delivery/osteria-palo-alto/yztSix0aR1q3BaF-ecxS2Q,woodside-california
https://www.ubereats.com/san-francisco/food-delivery/spill-the-tea/C3feL_4NTo6yg017Nid6iA,woodside-california
https://www.ubereats.com/san-francisco/food-delivery/mr-pickles-sandwich-shop-san-mateo/WSh1RL8vTJSkExnt0qPx8g,woodside-california
https://www.ubereats.com/san-francisco/food-delivery/greek-salad-restaurant/cNtCPKGRT9Oc5HdkDEcMFQ,woodside-california
https://www.ubereats.com/san-francisco/food-delivery/the-original-pancake-house-420-s-san-antonio-rd/5C2ZclYWQqiFYakyGGw6wg,woodside-california
https://www.ubereats.com/san-francisco/food-delivery/douce-france/paFqxLVPRimxix6NvXv-lQ,woodside-california
https://www.ubereats.com/san-francisco/food-delivery/bistro-vida-san-francisco/lhfq6u5PSdikBc6x43ZC8Q,woodside-california
https://www.ubereats.com/san-francisco/food-delivery/terun-pizzeria/NfhtWpgFQF23ZB9SzX0apA,woodside-california
https://www.ubereats.com/san-francisco/food-delivery/erics-gourmet-food-%26-catering/DkBsXBYoSxu9DaKYvILa6A,woodside-california
https://www.ubereats.com/san-francisco/food-delivery/mikado/JNgdnEmqQd-Yw6E1YuiUHA,woodside-california
https://www.ubereats.com/san-francisco/food-delivery/una-mas-mexican-grill-redwood-city/bgZiM0fMSHSUOcB4ohXwqw,woodside-california
https://www.ubereats.com/san-francisco/food-delivery/pho-element/yhHqv_CMTg6E0NDRLGReHA,woodside-california
https://www.ubereats.com/san-francisco/food-delivery/main-and-elm/_dMyox_RSTmg0CUlgHmR0g,woodside-california
https://www.ubereats.com/san-francisco/food-delivery/martins/8girb3eMRFqGvruuoang4A,woodside-california
https://www.ubereats.com/san-francisco/food-delivery/kaori-restaurant/ozvUClZoSf-MqIlwtjgwaQ,woodside-california
https://www.ubereats.com/san-francisco/food-delivery/estampas-peruanas-restaurant/ZpFDd7GSSbWdx4_jDFcmyw,woodside-california
https://www.ubereats.com/san-francisco/food-delivery/ritas-italian-ice-740-el-camino-real/MIU_9woBSlGtJfOhWYaXpA,woodside-california
https://www.ubereats.com/san-francisco/food-delivery/beef-stew/VvBxCPoURYuEGtBa2TKGHw,woodside-california
https://www.ubereats.com/san-francisco/food-delivery/taco-bell-1975-s-el-camino-real/Q71y1KLxRzyZmw-dWXDaXg,woodside-california
https://www.ubereats.com/san-francisco/food-delivery/the-office-bar-%26-grill/AXieSYQVQFy2jPnRtvKiJQ,woodside-california
https://www.ubereats.com/san-francisco/food-delivery/porterhouse-restaurant/6Lx0xGaDTXuDd6DWwU3InA,woodside-california
https://www.ubereats.com/san-francisco/food-delivery/ettan/NxtWEuWZQIShoV8borO7tw,woodside-california
https://www.ubereats.com/san-francisco/food-delivery/just-panini/5-m4t6-zT-CfThqQ79Zp5A,woodside-california
https://www.ubereats.com/san-francisco/food-delivery/ruby-sushi/vDuqKn_wRxO6B0fyJ19Xbg,woodside-california
https://www.ubereats.com/san-francisco/food-delivery/the-posh-bagel-menlo-park/oVJczBu4S3uSTiZzOfAsPA,woodside-california
https://www.ubereats.com/san-francisco/food-delivery/carls-jr-1001-veterans-blvd/lyvd_BPrSoCmp_CNKQtWdQ,woodside-california
https://www.ubereats.com/san-francisco/food-delivery/coupa-cafe/VpL9wsNiS--zmYGIS-c58Q,woodside-california
https://www.ubereats.com/san-francisco/food-delivery/golden-ninth-deli-%26-market/CaXDgLstQou_BnOLOAhQ7A,woodside-california
https://www.ubereats.com/san-francisco/food-delivery/chipotle-mexican-grill-180-el-camino-real/LOPdSKe-S_2KoBfKLsYCyg,woodside-california
https://www.ubereats.com/san-francisco/food-delivery/papa-johns-pizza-palo-alto/olKZ3VCNQ2OrdrtHpirjjw,woodside-california
https://www.ubereats.com/san-francisco/food-delivery/brioche-bistro/af_sD-M0Rj6PlCsnW4Lkew,woodside-california
https://www.ubereats.com/san-francisco/food-delivery/garden-fresh-vegan-cuisine/S3cyILsOT-y0-3_Deqyf0A,woodside-california
https://www.ubereats.com/san-francisco/food-delivery/papa-johns-pizza-redwood-city-el-camino/DJjqqvOlTUaTkIT5l9Cs3Q,woodside-california
https://www.ubereats.com/san-francisco/food-delivery/nick-the-greek-san-carlos/4RySDLtkQVqgMk63iQ0oXw,woodside-california
https://www.ubereats.com/san-francisco/food-delivery/bistro-vida/DHwg-c3lTKO7bRgJmO00IA,woodside-california
https://www.ubereats.com/san-francisco/food-delivery/yans-garden/m8W2ABTxRMidGM0ffwU0Rw,woodside-california
https://www.ubereats.com/san-francisco/food-delivery/taza-deli-and-cafe/V2yqlwdVQL-xYyHacRnDKw,woodside-california
https://www.ubereats.com/san-francisco/food-delivery/crepe-made-simple/BEcJH0FoToaPT483gvbfHQ,woodside-california
https://www.ubereats.com/san-francisco/food-delivery/california-pizza-kitchen-136-stanford-shopping/e7uNpbCSSqCEc44s-FxyUg,woodside-california
https://www.ubereats.com/san-francisco/food-delivery/hobees-restaurant-belmont/D86bqMgESOmXcl-_fybbpQ,woodside-california
https://www.ubereats.com/san-francisco/food-delivery/sumac-mediterranean-grill/GeY_PBLRRAO24ZkvhrkeuA,woodside-california
https://www.ubereats.com/san-francisco/food-delivery/fg-bakery-cafe/ZL9st-jnRsGbgmjWEWdhGA,woodside-california
https://www.ubereats.com/san-francisco/food-delivery/teleferic-barcelona-palo-alto/5p5l8ZhxTii4pw7okrai4w,woodside-california
https://www.ubereats.com/san-francisco/food-delivery/panda-express-459-lagunita-dr/Jn8TP648S0ui0Cr1OeQ2DQ,woodside-california
https://www.ubereats.com/san-francisco/food-delivery/karakade-thai-cuisine/Qv5zRBB3TVSv4VFsmWM57g,woodside-california
https://www.ubereats.com/san-francisco/food-delivery/tender-greens-180-camino-real-suite-1050/9-dsJz2UTaWBlcm-g2VDBA,woodside-california
https://www.ubereats.com/san-francisco/food-delivery/papalote-mexican-grill-belmont/s4ebTv0zQcmH_k4Pkjlpgg,woodside-california
https://www.ubereats.com/san-francisco/food-delivery/cream-palo-alto/xAtGOJYkTZ6YtPU0npUShw,woodside-california
https://www.ubereats.com/san-francisco/food-delivery/kats-vietnam-house/eRkDZLCURlaY1jE91U59kQ,woodside-california
https://www.ubereats.com/san-francisco/food-delivery/vitality-bowls-209-s-california-ave/g7mQ2NFMT5mw65bQ5XaORA,woodside-california
https://www.ubereats.com/san-francisco/food-delivery/jamba-juice-855-el-camino-real-suite-85/FfmAA_h-QuSqB_NW3JLFHQ,woodside-california
https://www.ubereats.com/san-francisco/food-delivery/the-sanewichbox/8XyAbqdhSYWbvzXWqVxdRQ,woodside-california
https://www.ubereats.com/san-francisco/food-delivery/ladle-%26-leaf-palo-alto/NZkwa5ZwT-mDByW7POpooA,woodside-california
https://www.ubereats.com/san-francisco/food-delivery/gyros-gyros/9sA5ONswS7eo6IuHJyERaA,woodside-california
https://www.ubereats.com/san-francisco/food-delivery/taco-bell-259-el-camino-real/kbJCoZeqRE2eAZFbC7VxsQ,woodside-california
https://www.ubereats.com/san-francisco/food-delivery/noodles-%26-things/nodR7XeLQZ2zPwWSmICCGg,woodside-california
https://www.ubereats.com/san-francisco/food-delivery/starbucks-santa-cruz-avenue-menlo-park/JrfMfX7wRPuFiL1V-eL8QA,woodside-california
https://www.ubereats.com/san-francisco/food-delivery/park-gyros-palo-alto/TnIwHYTzQdeSwIpEy3v2nw,woodside-california
https://www.ubereats.com/san-francisco/food-delivery/old-port-lobster-shack-middlefield-road/8MkWLBDjTviDE0-fhmbiFg,woodside-california
https://www.ubereats.com/san-francisco/food-delivery/italico/vvECn6WWRZ-UL6NLRmxU5g,woodside-california
https://www.ubereats.com/san-francisco/food-delivery/the-halal-guys-1531-main-st/Pgrv4CJ1TAyHIte9j0rBNA,woodside-california
https://www.ubereats.com/san-francisco/food-delivery/the-crepe-stop/5m4yZmMQSkemaGqEhlXYrQ,woodside-california
https://www.ubereats.com/san-francisco/food-delivery/the-ice-cream-shop/S5B0LvupTQC4oyiS4ppkyQ,woodside-california
https://www.ubereats.com/san-francisco/food-delivery/yayoi-hillsdale/scyQqkMYRk6-BwMSBLuBaQ,woodside-california
https://www.ubereats.com/san-francisco/food-delivery/aztec-seoul-%E2%80%94-redwood-city/QyALHdJWTQa41NpQSAIxrg,woodside-california
https://www.ubereats.com/san-francisco/food-delivery/da-sichuan-bistro/P-19M-jnSlaRlK-pM1P6wg,woodside-california
https://www.ubereats.com/san-francisco/food-delivery/flamindogs/4kWENuQwQ-GXY0l89T8E3g,woodside-california
https://www.ubereats.com/san-francisco/food-delivery/indochine-thai-restaurant/Me45OqNJTJuAsfKhQdHoww,woodside-california
https://www.ubereats.com/san-francisco/food-delivery/ahi-sushi/lT71_qE3SYK7Uh_RgTleKw,woodside-california
https://www.ubereats.com/san-francisco/food-delivery/scoop-microcreamery/gx0IXxT0Sg2wMRxNRSxl6A,woodside-california
https://www.ubereats.com/san-francisco/food-delivery/clay-oven-san-mateo/Q4G5WUItTmaMQ23kzhpH3Q,woodside-california
https://www.ubereats.com/san-francisco/food-delivery/koja-kitchen-sb/tpAxrzL_TPasRnVdJ-wt9g,woodside-california
https://www.ubereats.com/san-francisco/food-delivery/kaffeehaus/w2MKktJJSsSIfP2vt49Aog,woodside-california
https://www.ubereats.com/san-francisco/food-delivery/marys-omelette-bar/YQ9jb5tGRJ-QTOpg3vLFVA,woodside-california
https://www.ubereats.com/san-francisco/food-delivery/mama-coco/gSPCnfWXSsSN6_HYhzEo4A,woodside-california
https://www.ubereats.com/san-francisco/food-delivery/sultana/3hq2IDXWQAOMPeZJ3f5K5g,woodside-california
https://www.ubereats.com/san-francisco/food-delivery/lulus-on-the-alameda/4U-tZ0gYQWSyhjKetW981Q,woodside-california
https://www.ubereats.com/san-francisco/food-delivery/mf-chicken-palo-alto/HqTdVWRiRTSvUcsCN19dSQ,woodside-california
https://www.ubereats.com/san-francisco/food-delivery/starbucks-san-carlos-%26-laurel/PTWuoxFXSVOouDJqdJ26Cg,woodside-california
https://www.ubereats.com/san-francisco/food-delivery/legends-pizza-company-palo-alto/U_038U4oQ26sxcDUu8CzAg,woodside-california
https://www.ubereats.com/san-francisco/food-delivery/the-patty-shack/kHehkNGyQhqIfePAofTGvg,woodside-california
https://www.ubereats.com/san-francisco/food-delivery/celias-mexican-restaurant/vQu0VGyYQsGCTeKb47Tkxw,woodside-california
https://www.ubereats.com/san-francisco/food-delivery/old-port-lobster-shack-redwood-city/1P4UadKHQWi9EMSX6AiHNQ,woodside-california
https://www.ubereats.com/san-francisco/food-delivery/papa-johns-pizza-san-mateo/GVNj4tWQSr6gMfbo9rwHeQ,woodside-california
https://www.ubereats.com/san-francisco/food-delivery/joe-%26-the-juice-889-winslow-street/HTvSWd4OR_aFmfezJEf3Mg,woodside-california
https://www.ubereats.com/san-francisco/food-delivery/howies-artisan-pizza/VhU4pUz1QgOngcS0zY-ozw,woodside-california
https://www.ubereats.com/san-francisco/food-delivery/lobstermainea/Kq514i-6QDqhIpdmIpPDAA,woodside-california
https://www.ubereats.com/san-francisco/food-delivery/c-%26-c-curry-house-palo-alto/r1ETGXLiRJyZtfKG4rf_VA,woodside-california
https://www.ubereats.com/san-francisco/food-delivery/red-hot-chilli-pepper/ti7g_NbSQBKC2LxIQtMlZA,woodside-california
https://www.ubereats.com/san-francisco/food-delivery/subway-1926-el-camino-real/ISo4b_gjSh22H5dCpRAgJA,woodside-california
https://www.ubereats.com/san-francisco/food-delivery/new-york-pizza-palo-alto/sa-WxcOlS0aaN-Txd-8b6Q,woodside-california
https://www.ubereats.com/san-francisco/food-delivery/shake-shack-33-hillsdale-shopping-center/cyofIsRPQKCS2f_XJto5xA,woodside-california
https://www.ubereats.com/san-francisco/food-delivery/fambrinis-cafe/qZX71-PlSB-edke1ZN6Xbw,woodside-california
https://www.ubereats.com/san-francisco/food-delivery/avocado-toast/iinhLydyRvWwEnT_QvxGAQ,woodside-california
https://www.ubereats.com/san-francisco/food-delivery/teaspoon-palo-alto/t_WWAuhNTt2W6jbKQo4JSg,woodside-california
https://www.ubereats.com/san-francisco/food-delivery/joe-%26-the-juice-240-hamilton-avenue/Q8QUnyQ5RHqlcnlSCpMD_g,woodside-california
https://www.ubereats.com/san-francisco/food-delivery/taqueria-el-tulense/80wnwIa5QUy5uF4BN67WxQ,woodside-california
https://www.ubereats.com/san-francisco/food-delivery/printers-cafe/w7jVm_IcS4mnIOkRrzN8wA,woodside-california
https://www.ubereats.com/san-francisco/food-delivery/flemings-prime-steakhouse-%26-wine-bar-palo-alto/vkJProDiS0KHnwSKoFYezg,woodside-california
https://www.ubereats.com/san-francisco/food-delivery/taco-bell-2693-el-camino-real/pfKy4mYfRgGxzmroj8wXbg,woodside-california
https://www.ubereats.com/san-francisco/food-delivery/ohana-express/G3v3hNqjRvaBNKTCleqM8g,woodside-california
https://www.ubereats.com/san-francisco/food-delivery/boiling-point-san-mateo/FRadH1UxTeKG_yN1KQN7Jg,woodside-california
https://www.ubereats.com/san-francisco/food-delivery/gyu-kaku-japanese-bbq-san-mateo/uiN-9DnXQxmAuIsnyexRkw,woodside-california
https://www.ubereats.com/san-francisco/food-delivery/mrpickles-sandwich-shop-belmont/tyY_cWOqR52pxAbqHpEWHg,woodside-california
https://www.ubereats.com/san-francisco/food-delivery/noodleosophy/NsHlXtlpSXC_fUf36ZkG7w,woodside-california
https://www.ubereats.com/san-francisco/food-delivery/arya-global-cuisine-redwood-city/gAaUjtdGSvm4syNhr6GLTw,woodside-california
https://www.ubereats.com/san-francisco/food-delivery/pf-changs-900-stanford-shopping-ctr-bldg-w/O3EZxYvETFG8r8tPm-19kQ,woodside-california
https://www.ubereats.com/san-francisco/food-delivery/poki-time-palo-alto/FcrH4LbjRgeviDT3sujfWQ,woodside-california
https://www.ubereats.com/san-francisco/food-delivery/stamp-bar-and-grill/8xasWnGvSNW5dtPpowohDw,woodside-california
https://www.ubereats.com/san-francisco/food-delivery/osteria-at-domenico-winery/C-yqEZVnTHy33HtfazJ8pQ,woodside-california
https://www.ubereats.com/san-francisco/food-delivery/gourmet-gyros-%26-kebabs/WDG5HeiaRbep9uBM6ApRmA,woodside-california
https://www.ubereats.com/san-francisco/food-delivery/wendys-1852-el-camino-real/8iDc9K6hSjOKB3ChgaXFsQ,woodside-california
https://www.ubereats.com/san-francisco/food-delivery/kasa-indian-eatery-redwood-city/XOxnP29eS4iOYItF-K9JJA,woodside-california
https://www.ubereats.com/san-francisco/food-delivery/chipotle-mexican-grill-1050-park-pl/F7i_TYmySGStJDK-ViI_5g,woodside-california
https://www.ubereats.com/san-francisco/food-delivery/village-host-pizza-%26-grill/aoxpT8tjTwumd9VnDENAQw,woodside-california
https://www.ubereats.com/san-francisco/food-delivery/park-gyros-belmont/uH5yQmeySaCinLFIwxUn4w,woodside-california
https://www.ubereats.com/san-francisco/food-delivery/kfc-204-el-camino-real/LEGbuDI9RWWIiJn7wpJX5w,woodside-california
https://www.ubereats.com/san-francisco/food-delivery/uncle-willies-wings-%26-things-menlo-park/GEQicqVeS1Wy5QEt_f0kog,woodside-california
https://www.ubereats.com/san-francisco/food-delivery/philz-coffee-101-forest-ave/zh0kDH1-QdmeL2AY-VedIA,woodside-california
https://www.ubereats.com/san-francisco/food-delivery/starbucks-industrial-%26-howard/vATZKPuvSve0EOz34Rd9cw,woodside-california
https://www.ubereats.com/san-francisco/food-delivery/the-patio-at-rudys/QrGE0DkVSymjtduJ-ukL5A,woodside-california
https://www.ubereats.com/san-francisco/food-delivery/cucos-burritos/JZIF0KA_TweZZwFfr18AJw,woodside-california
https://www.ubereats.com/san-francisco/food-delivery/taurus-steakhouse/VF9ag4VhSUKMHyn82ihGWA,woodside-california
https://www.ubereats.com/san-francisco/food-delivery/ikes-press/fARLt4CjTyOQGIfUn4icVQ,woodside-california
https://www.ubereats.com/san-francisco/food-delivery/starbucks-alameda-%26-avy-menlo-park/ozXE-hM8T_u-_VjAzfN76A,woodside-california
https://www.ubereats.com/san-francisco/food-delivery/yoshi-food-truck/7Jcgxp8QRZWjyKeWC2_M5w,woodside-california
https://www.ubereats.com/san-francisco/food-delivery/rangoon-ruby-san-carlos/W5rvJbAtS2SRFtdPHXy--A,woodside-california
https://www.ubereats.com/san-francisco/food-delivery/pressed-juicery-palo-alto/asiJRjvqSUeeXsjBmJAZYw,woodside-california
https://www.ubereats.com/san-francisco/food-delivery/west-park-farm-%26-sea/lyIoD5mIR061xwntMHtn7w,woodside-california
https://www.ubereats.com/san-francisco/food-delivery/curry-up-now-san-mateo/LIx4aQqcQAyN_ImO1prMbg,woodside-california
https://www.ubereats.com/san-francisco/food-delivery/kyosho-sushi/vX3JO0nbTTi9TG06mYxHJw,woodside-california
https://www.ubereats.com/san-francisco/food-delivery/causwells-palo-alto/Hff_j_iVQ_mrpO_ufYbERA,woodside-california
https://www.ubereats.com/san-francisco/food-delivery/mcdonalds-woodside-rd/7Pmv8ZNmS8a2I-rd6XJB_g,woodside-california
https://www.ubereats.com/san-francisco/food-delivery/subway-758-woodside-rd/UC3O2IDSSDOXyRrjkMheAw,woodside-california
https://www.ubereats.com/san-francisco/food-delivery/bangkok-bay-thai-cuisine/4EhKfkW-TWS8EzomnSWy_A,woodside-california
https://www.ubereats.com/san-francisco/food-delivery/cardinal-sushi/WGFPIJU6QtCs8-Ro3rEedQ,woodside-california
https://www.ubereats.com/san-francisco/food-delivery/old-port-lobster-shack-portola-valley/3TRmcq6TQIW_IgEP_3M_2A,woodside-california
https://www.ubereats.com/san-francisco/food-delivery/freddie-parkers-pasta-%26-salad-shop-menlo-park/oKAtQkk0RzmOrsQThFGuwQ,woodside-california
https://www.ubereats.com/san-francisco/food-delivery/yobirdie/CKob6p_aT4-ef0XYFsG1og,woodside-california
https://www.ubereats.com/san-francisco/food-delivery/one-omakase/dlQiNhLBQLq_lC5vGvtoYg,woodside-california
https://www.ubereats.com/san-francisco/food-delivery/agora-greek-%26-mediterranean-cuisine/-0Cu_0pLRuG_0y66qwb20A,woodside-california
https://www.ubereats.com/san-francisco/food-delivery/vivace-restaurant/rIDjTxgGSEq4a48fBQBNPw,woodside-california
https://www.ubereats.com/san-francisco/food-delivery/the-sandwich-spot/d-5-iH5ETXeJXPk3YQ_fSQ,woodside-california
https://www.ubereats.com/san-francisco/food-delivery/west-park-salads/OJynX33oScaGNxL2gPCQMQ,woodside-california
https://www.ubereats.com/san-francisco/food-delivery/go-fish-poke-bar-palo-alto/SzN1KTv5Ss2cGdx-CoWJDw,woodside-california
https://www.ubereats.com/san-francisco/food-delivery/mediterranean-wraps-and-salads-palo-alto/p9bAl-3BQESN7fhsxscweQ,woodside-california
https://www.ubereats.com/san-francisco/food-delivery/sushi-lover/QAu0ZQ3ST7agviFKnWFWVw,woodside-california
https://www.ubereats.com/san-francisco/food-delivery/local-food-hall-belmont/hsfXw2GgQmeS_wuuOq68jw,woodside-california
https://www.ubereats.com/san-francisco/food-delivery/yama-sushi-belmont/d_XUoVL7Q0GJx4MeAF52uw,woodside-california
https://www.ubereats.com/san-francisco/food-delivery/mcdonalds-chestnut-st/jthjkNDtSMGhsZo6Qdnb_g,woodside-california
https://www.ubereats.com/san-francisco/food-delivery/sweetgreen-palo-alto/odWc5tFfTyWqzK-4fyec2g,woodside-california
https://www.ubereats.com/san-francisco/food-delivery/aji-limo-peruvian-belmont/EUXNdnrASrCpfLFuvpc1sQ,woodside-california
https://www.ubereats.com/san-francisco/food-delivery/3-pigs-bbq/FmxrRS73QF-tB50E2cc3Xw,woodside-california
https://www.ubereats.com/san-francisco/food-delivery/broadway-masala/8SitbKRdQq-MjbxUs8TGsA,woodside-california
https://www.ubereats.com/san-francisco/food-delivery/amausaan-uji-matcha%E7%94%98%E5%85%94%E5%BA%B5/Qv2OWnLyRC6K-w6tmVNHhw,woodside-california
https://www.ubereats.com/san-francisco/food-delivery/five-guys-801-middlefield-road/PNBMHEndSHSlhDtAyX2erQ,woodside-california
https://www.ubereats.com/san-francisco/food-delivery/burger-king-505-skyway-road/voayXKiQQ7KQ8izT7dbawQ,woodside-california
https://www.ubereats.com/san-francisco/food-delivery/b*tch-dont-grill-my-cheese/nuZ72gdHTXGOjULoqCAg0A,woodside-california
https://www.ubereats.com/san-francisco/food-delivery/pasquallys-pizza-%26-wings-2541-43-el-camino-real/AfhHbAZ4T4KCxaYgNZKAoQ,woodside-california
https://www.ubereats.com/san-francisco/food-delivery/cafe-del-sol-restaurant-doyle-street/l07usudXQiSoVkcAnQ3xwg,woodside-california
https://www.ubereats.com/san-francisco/food-delivery/pronto-pizzeria-%26-rotisserie/HOdzKy8QQXWtkrFMARy2QA,woodside-california
https://www.ubereats.com/san-francisco/food-delivery/chipotle-mexican-grill-1135-industrial-rd-ste-c/xz-DtFfzRTKSPaqpAtHszQ,woodside-california
https://www.ubereats.com/san-francisco/food-delivery/rangoon-ruby-redwood-city/qJwtBLYhSN2mzANaZwjsjg,woodside-california
https://www.ubereats.com/san-francisco/food-delivery/pizza-my-heart-redwood-city/ZjEtwB0-SZa-L83QYnIChw,woodside-california
https://www.ubereats.com/san-francisco/food-delivery/thai-house-restaurant/iVezOur4SIih2w-1-L_M6w,woodside-california
https://www.ubereats.com/san-francisco/food-delivery/sunny-%26-fines-breakfast-burritos/Q6vH9PU1RkSeQKjZ2xxu0Q,woodside-california
https://www.ubereats.com/san-francisco/food-delivery/rangoon-ruby-palo-alto/bCCJuv3cTP2EwjEWAF8Xxw,woodside-california
https://www.ubereats.com/san-francisco/food-delivery/the-patio-at-rudys/uFPaBLAHRNuBCAEvnA9i_A,woodside-california
https://www.ubereats.com/san-francisco/food-delivery/pacific-catch-palo-alto/pWd-lPHzRWeFgV43Gwb1Iw,woodside-california
https://www.ubereats.com/san-francisco/food-delivery/taishoken/jS6QTKjrRsuAqo6GEpUt6A,woodside-california
https://www.ubereats.com/san-francisco/food-delivery/alpine-inn/zL1gh6ayTi2b_HMR-UnpzA,woodside-california
https://www.ubereats.com/san-francisco/food-delivery/nuris-donut-house/BXkwY3TrTD2908EjZHYB9A,woodside-california
https://www.ubereats.com/san-francisco/food-delivery/cyclismo-cafe/E6L7OUbxRqG7rPvzVt13yQ,woodside-california
https://www.ubereats.com/san-francisco/food-delivery/taqueria-la-cumbre/nHWBzh9fQwy0HiLa8o_C9g,woodside-california
https://www.ubereats.com/san-francisco/food-delivery/starbucks-willow-%26-hamilton-menlo-park/c3ykaPrySoCwiZgYaLIOrQ,woodside-california
https://www.ubereats.com/san-francisco/food-delivery/garden-fresh/ytoNJEJrRhKH3P-eKMyNig,woodside-california
https://www.ubereats.com/san-francisco/food-delivery/starbucks-embarcadero-%26-st-francis/CuMRWCpcTI-OvWxz_gxyjQ,woodside-california
https://www.ubereats.com/san-francisco/food-delivery/little-belmont-cafe/jh_zxomoTYemnO-tP5c2wQ,woodside-california
https://www.ubereats.com/san-francisco/food-delivery/mr-pizza-man-san-mateo/YL3kCwSBQW2aOBg5_SxTiA,woodside-california
https://www.ubereats.com/san-francisco/food-delivery/la-boheme/BnmhmxVSSvuzCqwJFUlQfA,woodside-california
https://www.ubereats.com/san-francisco/food-delivery/pasha-meditterranean/vaJOXR1pQqm_TowNLILCyQ,woodside-california
https://www.ubereats.com/san-francisco/food-delivery/curry-pizza-house-palo-alto/dCPuoeHAR3umQBtlrzgCxg,woodside-california
https://www.ubereats.com/san-francisco/food-delivery/modern-vegan-indian/V5_zX7JpTGSVGiJ97vti8w,woodside-california
https://www.ubereats.com/san-francisco/food-delivery/cafe-probono/PPQxoF4hTum8m7lTffsd4A,woodside-california
https://www.ubereats.com/san-francisco/food-delivery/new-canton-restaurant/WxWF7yUCSB6f8iV-LkGu1w,woodside-california
https://www.ubereats.com/san-francisco/food-delivery/venga-empanadas/pH4uuR-tSXaenwhWNEZ7LA,woodside-california
https://www.ubereats.com/san-francisco/food-delivery/carls-jr-green-burrito-1800-el-camino-real/UIEX6AzOSAaWrEL6JnWqfQ,woodside-california
https://www.ubereats.com/san-francisco/food-delivery/patxis-pizza-san-carlos/KAfTwifaTa6A7wxqkcX9GA,woodside-california
https://www.ubereats.com/san-francisco/food-delivery/amicis-east-coast-pizzeria-redwood-city/uISqx-DmTSa0ViD4-MRpAQ,woodside-california
https://www.ubereats.com/san-francisco/food-delivery/whispers-cafe-%26-creperie/HvZM0bMwRKOX_nYHzOLuJg,woodside-california
https://www.ubereats.com/san-francisco/food-delivery/krave-kitchen/_r7fswY6ShyzOEAK6bHOAA,woodside-california
https://www.ubereats.com/san-francisco/food-delivery/ryoshin-sushi/KcJrbrTuQ7O8lTVScl-lFQ,woodside-california
https://www.ubereats.com/san-francisco/food-delivery/mardinis-deli/aEeOrYh6SAqeIRgqJnyDiw,woodside-california
https://www.ubereats.com/san-francisco/food-delivery/pza-palo-alto/XPREBrlRRpaMKQq5g8TTrQ,woodside-california
https://www.ubereats.com/san-francisco/food-delivery/the-ice-cream-shop/kMGfeg83ShCqMnFTKjnbLg,woodside-california
https://www.ubereats.com/san-francisco/food-delivery/asya-redwood-city/jGy6dmhRSQG6WwGLGyCmnA,woodside-california
https://www.ubereats.com/san-francisco/food-delivery/86-prep/-VxD02FpR7SfvPLynBWTNw,woodside-california
https://www.ubereats.com/san-francisco/food-delivery/bunbaocom-bubble-and-wrap/UF3hHO9MSXuZIfqWDLS8aw,woodside-california
https://www.ubereats.com/san-francisco/food-delivery/el-grullense-grill-and-seafood/0_YDc5sMQ3OsXBvWeSbwpQ,woodside-california
https://www.ubereats.com/san-francisco/food-delivery/dosa-n-biryani/Y2g4PGbSQxugqw2s9-2_SQ,woodside-california
https://www.ubereats.com/san-francisco/food-delivery/pizza-my-heart-palo-alto/rL43w8xRT76CPgbUc2PMPg,woodside-california
https://www.ubereats.com/san-francisco/food-delivery/pho-82/jMQ0ZeRUSkSbFud4Mm6P8g,woodside-california
https://www.ubereats.com/san-francisco/food-delivery/redwood-bistro/asB-53HtTwqdqBjRl2-ksw,woodside-california
https://www.ubereats.com/san-francisco/food-delivery/cheung-hing-seafood-restaurant/XQNKEk3eREC8Tsr28PaRzw,woodside-california
https://www.ubereats.com/san-francisco/food-delivery/amicis-east-coast-pizzeria-menlo-park/b2obLMxWRTqZvWvHKNzyUw,woodside-california
https://www.ubereats.com/san-francisco/food-delivery/kfc-659-woodside-road/Vx2-P0elQn2pMotmJLUgbA,woodside-california
https://www.ubereats.com/san-francisco/food-delivery/back-a-yard-caribbean-american-grill-menlo-park/yzoSFkUeR2Wf27y7TKiJQA,woodside-california
https://www.ubereats.com/san-francisco/food-delivery/galata-bistro/Lqi5sIAZTOmKKkSX-XfcgA,woodside-california
https://www.ubereats.com/san-francisco/food-delivery/freddie-parkers-pasta-%2B-salad-shop-rc/uD1sgMihQoO5G0qOn-72mQ,woodside-california
https://www.ubereats.com/san-francisco/food-delivery/vivis-cafe/FBGFx5lDTWOUSvm4Li82Nw,woodside-california
https://www.ubereats.com/san-francisco/food-delivery/kicks-sports-and-grill/opMmx9_6Rw2hxGXgPUoPlw,woodside-california
https://www.ubereats.com/san-francisco/food-delivery/urban-ritual/NlKDAarxRxi92ICFHm6E5g,woodside-california
https://www.ubereats.com/san-francisco/food-delivery/stacks-redwood-city/-rXpsnfuThWbJrHORNXatw,woodside-california
https://www.ubereats.com/san-francisco/food-delivery/draegers-market/9SXMuMUURAulOxagvK4dcQ,woodside-california
https://www.ubereats.com/san-francisco/food-delivery/neals-coffee-shop-san-mateo/yJg525amQxqtZKTShzpQbg,woodside-california
https://www.ubereats.com/san-francisco/food-delivery/buca-di-beppo-palo-alto/2NwhpCm4R6COT8IDm3fHqw,woodside-california
https://www.ubereats.com/san-francisco/food-delivery/taurus-steak-house/I08m8oiaSl6zt0wRydxYqA,woodside-california
https://www.ubereats.com/san-francisco/food-delivery/888-ristorante-italiano/GNQWWzdxQ3aqcVMSP8Xgog,woodside-california
https://www.ubereats.com/san-francisco/food-delivery/donut-delite-menlo-park/UXWvaAbcQXioL4kwjNYX0Q,woodside-california
https://www.ubereats.com/san-francisco/food-delivery/starbucks-woodside-%26-gordon-redwood-city/T_Mhh_OrSly21Blgw9tbyg,woodside-california
https://www.ubereats.com/san-francisco/food-delivery/bills-cafe-palo-alto/_geS4M0BSdq3am5DdjCkFg,woodside-california
https://www.ubereats.com/san-francisco/food-delivery/lulus-on-laurel/nLO1WZ42T7mVnnUx4kNZ4g,woodside-california
https://www.ubereats.com/san-francisco/food-delivery/timber-and-salt/Y6hiN0-eRs2DzCTytPBgEw,woodside-california
https://www.ubereats.com/san-francisco/food-delivery/classic-101-burgers-and-shakes/XrIustwdQsSDfXbikSgawQ,woodside-california
https://www.ubereats.com/san-francisco/food-delivery/brekkie-bagels/_pEWGMd6SPC6dKmPXNlbFQ,woodside-california
https://www.ubereats.com/san-francisco/food-delivery/chef-zhao-bistro-san-mateo/qdx4-I8cRpeRssw7NVBeJw,woodside-california
https://www.ubereats.com/san-francisco/food-delivery/milagros/Z40qAf-1QKuXUEbAkbz-WQ,woodside-california
https://www.ubereats.com/san-francisco/food-delivery/el-burritos/AGaov4FpTcaupgc-Ggfj1A,woodside-california
https://www.ubereats.com/san-francisco/food-delivery/sushi-tomo/dEjt1VstQX6YkTkpByQ4bQ,woodside-california
https://www.ubereats.com/san-francisco/food-delivery/lulus-at-town-%26-country-village/sLBsNs0kQ6WRDl0ZIsmodQ,woodside-california
https://www.ubereats.com/san-francisco/food-delivery/coupa-cafe/HK_utF0kTCadY8ENq64wlg,woodside-california
https://www.ubereats.com/san-francisco/food-delivery/backyard-kitchen/ztfaTO7fRKqS3zBnasLyRQ,woodside-california
https://www.ubereats.com/san-francisco/food-delivery/burma-ruby-palo-alto/cc0p1bRqSme2PcB7Nj5-aw,woodside-california
https://www.ubereats.com/san-francisco/food-delivery/dosa-by-dosa-belmont/uzL7FVt0QpCjDTKfRsTMCw,woodside-california
https://www.ubereats.com/san-francisco/food-delivery/san-agus-cocina-urbana-%26-cocktails/_c_l1mMaSkeFC6sqHYPdIQ,woodside-california
https://www.ubereats.com/san-francisco/food-delivery/jaylis-cocina-food-truck/PQ9b4kV0S3mDxHG4kESVcA,woodside-california
https://www.ubereats.com/san-francisco/food-delivery/dosa-point/poXbI88KSs6EwOQB8PDdxQ,woodside-california
https://www.ubereats.com/san-francisco/food-delivery/sheng-kee-bakery-san-mateo/KO1KJDMKRA6DOtO4tgfgPw,woodside-california
https://www.ubereats.com/san-francisco/food-delivery/mediterranean-delite/HR-Au9UtSxSrVMtl47oo0w,woodside-california
https://www.ubereats.com/san-francisco/food-delivery/mendocino-farms-palo-alto/M5Uz2DJmQdeDyU_Wmd-hTA,woodside-california
https://www.ubereats.com/san-francisco/food-delivery/freddie-parkers-pasta-%2B-salad-shop-menlo-park/yznNeyIVSgG8kpnpH3hh4A,woodside-california
https://www.ubereats.com/san-francisco/food-delivery/the-old-spaghetti-factory-redwood-city/-49AlJs4TeGTt6fvafRBQQ,woodside-california
https://www.ubereats.com/san-francisco/food-delivery/taste-restaurant/_MXeY2GDRjawTA3b3P8xAA,woodside-california
https://www.ubereats.com/san-francisco/food-delivery/gelataio-palo-alto/TI6yKcYYS_OP3MPjQLG6-w,woodside-california
https://www.ubereats.com/san-francisco/food-delivery/uncle-willies-wings-%26-things-redwood-city/Np3eBOILRten9vhgXqumAw,woodside-california
https://www.ubereats.com/san-francisco/food-delivery/wendys-698-ralston-avenue/_Yy-DG2JScCsDfr456vtdA,woodside-california
https://www.ubereats.com/san-francisco/food-delivery/mcdonalds-180-el-camino/ec6XcQSOShWNqfuf3ffXCg,woodside-california
https://www.ubereats.com/san-francisco/food-delivery/five-guys-ca-1563-238-redwood-shores-pkwy/_5mc3PjNTEejC6KrbYYAlg,woodside-california
https://www.ubereats.com/san-francisco/food-delivery/the-sandwich-spot-san-mateo/xPyA8trVQ3OPA-lRb7IrGA,woodside-california
https://www.ubereats.com/san-francisco/food-delivery/umami-burger-palo-alto/MwDH_xqlRp2rtA1zxkiLbA,woodside-california
https://www.ubereats.com/san-francisco/food-delivery/local-food-hall-palo-alto/IvJbWWjVQP6sgyHfHhq4xQ,woodside-california
https://www.ubereats.com/san-francisco/food-delivery/falafel-tazah/MMkFwRyMSdiw-CnORlYaYQ,woodside-california
https://www.ubereats.com/san-francisco/food-delivery/spasso-restaurante-%26-wine-bar/j1p_0NsETweliLZNKC3SwQ,woodside-california
https://www.ubereats.com/san-francisco/food-delivery/dunkin-240-el-camino-real/EdRJdW75RdCC71UuPQH5XQ,woodside-california
https://www.ubereats.com/san-francisco/food-delivery/gyro-kebab/DDjONspsTwq2J66aZYqiRQ,woodside-california
https://www.ubereats.com/san-francisco/food-delivery/lovin-cookie/Od5GvIY0QveGTLRXGibl1A,woodside-california
https://www.ubereats.com/san-francisco/food-delivery/aladdin-gourmet/APS__CinTzST1vD2tgc0hg,woodside-california
https://www.ubereats.com/san-francisco/food-delivery/totos-pizzeria-%26-restaurant-belmont/_PgymV8ARb-reXc8htcGMg,woodside-california
https://www.ubereats.com/san-francisco/food-delivery/shiok-singapore-kitchen/6EoZao5dR96z5M_6Di8u6w,woodside-california
https://www.ubereats.com/san-francisco/food-delivery/taku-taku-peruvian-cuisine/P_Jp_vzqT7-NhjJBxExi5Q,woodside-california
https://www.ubereats.com/san-francisco/food-delivery/frida-colibries-restaurant-%26-bar/2hBHe1y1Q72oMlW_e9KB-Q,woodside-california
https://www.ubereats.com/san-francisco/food-delivery/coupa-cafe/Rtl0_kUjRw6MydzwNR-qYA,woodside-california
https://www.ubereats.com/san-francisco/food-delivery/summit-coffee/_SUeQfxSQy6Lgy23I0LOEg,woodside-california
https://www.ubereats.com/san-francisco/food-delivery/los-tacos-locos/t4A5s-9sQBO-AY7gEacIcQ,woodside-california
https://www.ubereats.com/san-francisco/food-delivery/the-cask-wine-bar/FMMPJITkQG2SFRykHvoxtQ,woodside-california
https://www.ubereats.com/san-francisco/food-delivery/truffle-butter-poke-bar/ROXcbAX_RJ6DsDIoMh42MA,woodside-california
https://www.ubereats.com/san-francisco/food-delivery/la-salsa-mountain-view/eFny8ERVRoObKqIn0JX1NA,woodside-california
https://www.ubereats.com/san-francisco/food-delivery/emelinas-peruvian-restaurant/ouu9PNEsSg2klCxzSQZIgg,woodside-california
https://www.ubereats.com/san-francisco/food-delivery/peacocks-koriander-indian-cuisine/L43pbGw7TRKkwzHE5_01oQ,woodside-california
https://www.ubereats.com/san-francisco/food-delivery/t4-palo-alto/Md8jtEWIR6aheV6iV7Fq0A,woodside-california
https://www.ubereats.com/san-francisco/food-delivery/which-wich-belmont/9xhcH867TsOmPJOLNVgq3g,woodside-california
https://www.ubereats.com/san-francisco/food-delivery/wahlburgers-palo-alto/lvDnDO6DRX6teCzkb3MviA,woodside-california
https://www.ubereats.com/san-francisco/food-delivery/starbucks-ralston-%26-el-camino-belmont/PiBzKGKyTxGBUsKSQlb8QA,woodside-california
https://www.ubereats.com/san-francisco/food-delivery/chef-zhao-kitchen/RdLqjar3SNq2eoPYznWW1A,woodside-california
https://www.ubereats.com/san-francisco/food-delivery/nick-the-greek-redwood-city/P1ALWHnnQuunnsetQrRyOQ,woodside-california
https://www.ubereats.com/san-francisco/food-delivery/rooster-%26-rice-main-st/N1GGkKZATkG2pbKy2fOrcA,woodside-california
https://www.ubereats.com/san-francisco/food-delivery/la-baguette-palo-alto/GpXP6TFSRbiQ0lVL7gjg4w,woodside-california
https://www.ubereats.com/san-francisco/food-delivery/homeroom-palo-alto/wkRiqETDS92fQBRJBkVv0A,woodside-california
https://www.ubereats.com/san-francisco/food-delivery/the-port-of-peri-peri-palo-alto/MCZLKpjbTAm2-CIAL8nbuA,woodside-california
https://www.ubereats.com/san-francisco/food-delivery/lv-mar-tapas-%26-cocktails/sJFkMVEeRC-cL55Ika2xRg,woodside-california
https://www.ubereats.com/san-francisco/food-delivery/tratt-san-carlos/GxGumVm-RR23zGfFcIAiDQ,woodside-california
https://www.ubereats.com/san-francisco/food-delivery/togos-1501-el-camino-real/81qOH4RsRPyIhY_bgTke7w,woodside-california
https://www.ubereats.com/san-francisco/food-delivery/take-it-home/9XrXEmQhSYuBAF3ZVdN4JA,woodside-california
https://www.ubereats.com/san-francisco/food-delivery/seapot/6t3tz1prTOe3LqekpOH4jg,woodside-california
https://www.ubereats.com/san-francisco/food-delivery/dosa-by-dosa-palo-alto/6DdtztafSGGqWNaD7U-QjA,woodside-california
https://www.ubereats.com/san-francisco/food-delivery/l%26l-hawaiian-bbq-3890-el-camino-real/h2-ToJlGSfuxotouaOcKJw,woodside-california
https://www.ubereats.com/san-francisco/food-delivery/luttickens/QyI9YrCFQOigyy520q3ZaQ,woodside-california
https://www.ubereats.com/san-francisco/food-delivery/urban-momo-san-mateo/TnfGSvIUR4iAK361DdcTrQ,woodside-california
https://www.ubereats.com/san-francisco/food-delivery/asian-box-palo-alto/86klvViVQ1WdwaD_wnQCUg,woodside-california
https://www.ubereats.com/san-francisco/food-delivery/daiki-sushi/XxSMnTHuTZeDiYd-XQBmAw,woodside-california
https://www.ubereats.com/san-francisco/food-delivery/taco-bell-1701-e-bayshore-rd/-kM6VQsfSviPFnvAgiR9dw,woodside-california
https://www.ubereats.com/san-francisco/food-delivery/crepevine-palo-alto/zdjBed7FT2O0Y84uqBRRHA,woodside-california
https://www.ubereats.com/san-francisco/food-delivery/chipotle-mexican-grill-861-middlefield-rd/LqZWV9skRBuZkqZ-KOu87Q,woodside-california
https://www.ubereats.com/san-francisco/food-delivery/pokeatery/bK1kXbpcRNOy08wXd98XgQ,woodside-california
https://www.ubereats.com/san-francisco/food-delivery/happy-donuts/thairFr4QbGkvIk_H3PdXQ,woodside-california
https://www.ubereats.com/san-francisco/food-delivery/zareens-palo-alto/1NiYmXTxTb2-cBi_064rRQ,woodside-california
https://www.ubereats.com/san-francisco/food-delivery/go-fish-poke-bar-redwood-city/TKxLz9sdQu2w2PC4OnTgyg,woodside-california
https://www.ubereats.com/san-francisco/food-delivery/the-sandwich-spot-redwood-city/1gHdNp6jSEmVYeVh-7MSOQ,woodside-california
https://www.ubereats.com/san-francisco/food-delivery/saneburger/KEIdBLb5TnqNKwlXXVU_7A,woodside-california
https://www.ubereats.com/san-francisco/food-delivery/chuck-%E2%80%98s-donuts/zy6XAfJxTvOu02JFndauRw,woodside-california
https://www.ubereats.com/san-francisco/food-delivery/the-posh-bagel-los-altos/XGKNzPpAQfaZnN9d-K1AGg,woodside-california
https://www.ubereats.com/san-francisco/food-delivery/inchins-bamboo-garden-san-mateo/2lYrj183RTKKoBG5K9pR_A,woodside-california
https://www.ubereats.com/san-francisco/food-delivery/streetside-by-dosa-belmont/eShq4smqS0u1GotBqH_Bfw,woodside-california
https://www.ubereats.com/san-francisco/food-delivery/gong-cha-palo-alto/vZDph0H9TYmwIU0zhvCfSw,woodside-california
https://www.ubereats.com/san-francisco/food-delivery/the-patio-at-rudys/c5EiRUsrQayk_P9sAfNByw,woodside-california
https://www.ubereats.com/san-francisco/food-delivery/sundance-the-steakhouse/y0HfIQnZQJegyu6tXsx5RA,woodside-california
https://www.ubereats.com/san-francisco/food-delivery/windy-city-pizza-%26-bbq/CJmStaUvRz68JvrhhVS7xQ,woodside-california
https://www.ubereats.com/san-francisco/food-delivery/ryu-sushi-bistro/Ugf2U3RXQQ6t5virAScEQg,woodside-california
https://www.ubereats.com/san-francisco/food-delivery/sushirrito-university-avenue/ZGdozHdHRJSOCuJLRGDwaQ,woodside-california
https://www.ubereats.com/san-francisco/food-delivery/subway-850-willow-rd/s2ZpLGyXShO7dcENpTr_Ww,woodside-california
https://www.ubereats.com/san-francisco/food-delivery/tamari-authentic-georgian-cuisine/2F1F6nZnTOCTmZqTsynUiA,woodside-california
https://www.ubereats.com/san-francisco/food-delivery/cold-stone-creamery-611-santa-cruz-ave/_6XTK61DSlSIlgCb8z7oeg,woodside-california
https://www.ubereats.com/san-francisco/food-delivery/hom-korean-kitchen-redwood-city/KB67cX2_RTOp12B4ePdnzg,woodside-california
https://www.ubereats.com/san-francisco/food-delivery/squeeze-inredwood-city/KqWNy41ZQSS6uRgJMROotg,woodside-california
https://www.ubereats.com/san-francisco/food-delivery/taro-san-japanese-noodle-bar/KF0jKt7pRqCJDBnwKSw0uA,woodside-california
https://www.ubereats.com/san-francisco/food-delivery/rustic-house-oyster-bar-and-grill/zigyydXPQHaoAtD6g0Oxfw,woodside-california
https://www.ubereats.com/san-francisco/food-delivery/coupa-cafe/HRz413tJRmCjY8nJhsj-Cw,woodside-california
https://www.ubereats.com/san-francisco/food-delivery/starbucks-2000-el-camino-palo-alto/3U5FRrziRXWGPtX0-PCx_Q,woodside-california
https://www.ubereats.com/san-francisco/food-delivery/mae-pad-thai/lv8KeqMrS4inysnfNp4I0Q,woodside-california
https://www.ubereats.com/san-francisco/food-delivery/la-viga-seafood-%26-cocina-mexicana/qAK2ufVfQO63lXPsxS70VA,woodside-california
https://www.ubereats.com/san-francisco/food-delivery/pop-tea-bar/nnZlSRcXTxahdEuWhoOpiA,woodside-california
https://www.ubereats.com/san-francisco/food-delivery/starbucks-el-camino-%26-woodside-rwc/Q_jUJnbcR5mWN2s3ooDi5A,woodside-california
https://www.ubereats.com/san-francisco/food-delivery/humphry-slocombe-ice-cream-palo-alto/0Rv2ahnnQqS6gwrfF8PNnA,woodside-california
https://www.ubereats.com/san-francisco/food-delivery/philz-coffee-2116-broadway/-ypczyOBSLipV_8wWzMWAw,woodside-california
https://www.ubereats.com/san-francisco/food-delivery/taco-bell-1103-veterans-blvd/w0tQMxmMSd-qTORo5hkuIg,woodside-california
