url,city
https://www.ubereats.com/minneapolis/food-delivery/potbelly-sandwich-shop-woodbury-%7C-139/dkSffyV5Sg-ETrcYjbJE9A,woodbury-minnesota
https://www.ubereats.com/minneapolis/food-delivery/white-castle-1601-white-bear-ave/4okfa8OMRvaB-yavEuQOog,woodbury-minnesota
https://www.ubereats.com/minneapolis/food-delivery/buffalo-wild-wings-3085-white-bear-ave-n/FFErVgZ9T9qv2hYllRnAnw,woodbury-minnesota
https://www.ubereats.com/minneapolis/food-delivery/caribou-coffee-185-century-ave/RsO64CoqT-KRqppcf4KnfA,woodbury-minnesota
https://www.ubereats.com/minneapolis/food-delivery/mcdonalds-marion-%26-university/sEP9Q_1oTU-Y7-29wsMmkg,woodbury-minnesota
https://www.ubereats.com/minneapolis/food-delivery/taco-bell-7049-10th-street-north/SPLJrOgkRc2VPAcei7VObQ,woodbury-minnesota
https://www.ubereats.com/minneapolis/food-delivery/starbucks-8362-tamarack-village/XKr8MyG9S0-SsJtOFl414Q,woodbury-minnesota
https://www.ubereats.com/minneapolis/food-delivery/subway-1191-geneva-ave/p9UeNWh9TXS2EpnK4dhJiw,woodbury-minnesota
https://www.ubereats.com/minneapolis/food-delivery/cinnabon-3001-white-bear-ave-n/Wlr_2dwiSSOQp0Gv0tDp8g,woodbury-minnesota
https://www.ubereats.com/minneapolis/food-delivery/mcdonalds-1841-suburban-ave/J-3OCeKHRZepDXGrhopGSA,woodbury-minnesota
https://www.ubereats.com/minneapolis/food-delivery/meet-market-white-bear-lake/2hIZnM2GRl2g2o7jIq-PAw,woodbury-minnesota
https://www.ubereats.com/minneapolis/food-delivery/chipotle-mexican-grill-29-5th-st-w/LY_pBfpFRW2P6v7PLKRMDA,woodbury-minnesota
https://www.ubereats.com/minneapolis/food-delivery/langano-restaurant/_d7oxkNXTAaWn9qCZMY5Jg,woodbury-minnesota
https://www.ubereats.com/minneapolis/food-delivery/degidios/fNjXoAXDRZiy2MLLuZnFEA,woodbury-minnesota
https://www.ubereats.com/minneapolis/food-delivery/js-fish-and-chicken/o6gGI9i2Qg6xt6VYJTZ_8A,woodbury-minnesota
https://www.ubereats.com/minneapolis/food-delivery/perkins-restaurant-maplewood-county-rd-d/yd6fnhyDSluNYBTJ6H7AzA,woodbury-minnesota
https://www.ubereats.com/minneapolis/food-delivery/qc-pizza/jZxsu6fzSn6oCC9JBd_9lQ,woodbury-minnesota
https://www.ubereats.com/minneapolis/food-delivery/arbys-3109-white-bear-ave/z_ZoIg4cSaSe4P5cSXii4g,woodbury-minnesota
https://www.ubereats.com/minneapolis/food-delivery/pasquallys-pizza-%26-wings-445-commerce-dr/LFIdERWdQPK0lQjtWqtPQw,woodbury-minnesota
https://www.ubereats.com/minneapolis/food-delivery/weeknight-kitchen-llc/0DJ6Yv_zRmm_xR7NPx0weA,woodbury-minnesota
https://www.ubereats.com/minneapolis/food-delivery/papa-murphys-965-county-road-e-east/EMqUhafOSF2sil2rCnKYxQ,woodbury-minnesota
https://www.ubereats.com/minneapolis/food-delivery/burger-king-7051-10th-street-north/RBDN2GbfSKSyowEAz5n1Vg,woodbury-minnesota
https://www.ubereats.com/minneapolis/food-delivery/pizza-ranch-1845-e-county-rd-d-ste-100/vFY7i6EPSxGRC5FNVesWOw,woodbury-minnesota
https://www.ubereats.com/minneapolis/food-delivery/the-commodore-bar-%26-restaurant/Dl2ihk4cTbGP7BWLs7XI1w,woodbury-minnesota
https://www.ubereats.com/minneapolis/food-delivery/acapulco-mexican-restaurant-woodbury-mn/w7zB6lstQWOPPbqGTz3slw,woodbury-minnesota
https://www.ubereats.com/minneapolis/food-delivery/papa-johns-1960-donegal-road/mEEzztoQSx-WDrZc00e5Bw,woodbury-minnesota
https://www.ubereats.com/minneapolis/food-delivery/kfc-1560-robert-street-south/-5P8Z1NhQ5O56ni8RAk6Ag,woodbury-minnesota
https://www.ubereats.com/minneapolis/food-delivery/portillos-hot-dogs-8450-hudson-rd/_u4LN6_HTv-0e_4Ny-mGHQ,woodbury-minnesota
https://www.ubereats.com/minneapolis/food-delivery/red-lobster-8350-3rd-street-north/YS0Rqp2gTwuWtBIn9n0Prg,woodbury-minnesota
https://www.ubereats.com/minneapolis/food-delivery/mcdonalds-1797-cope-ave/7f4ym2mzTY68wrnBLmyt_g,woodbury-minnesota
https://www.ubereats.com/minneapolis/food-delivery/ray-js-american-grill/YiD9Bmg3SxSzs0AUI7rjYg,woodbury-minnesota
https://www.ubereats.com/minneapolis/food-delivery/ihop-1935-beam-avenue/aMtC_d1QS2GiPsBb4Z6dew,woodbury-minnesota
https://www.ubereats.com/minneapolis/food-delivery/mcdonalds-1759-weir-dr/-OKO5sf3SJiN4kc1gRc5KQ,woodbury-minnesota
https://www.ubereats.com/minneapolis/food-delivery/catrinas-mexican-restaurant/F_5iOF4cT7OXNF3hLBmMgw,woodbury-minnesota
https://www.ubereats.com/minneapolis/food-delivery/hmong-food/_UFRVxVgSYe8KVUJzv56fg,woodbury-minnesota
https://www.ubereats.com/minneapolis/food-delivery/dulonos-pizza-woodbury/BZeJwYjhRX-b_evJh2UOag,woodbury-minnesota
https://www.ubereats.com/minneapolis/food-delivery/chipotle-mexican-grill-2303-white-bear-ave-n-ste-h/B9TYk9zYSxuXxiI2v5UWow,woodbury-minnesota
https://www.ubereats.com/minneapolis/food-delivery/papa-murphys-7455-currell-boulevard/rjV2mtT3TfWqpJjcX0te1A,woodbury-minnesota
https://www.ubereats.com/minneapolis/food-delivery/potbelly-sandwich-shop-woodbury-city-place-%7C-401/2R7QHRGrTXqNEhqJkket0A,woodbury-minnesota
https://www.ubereats.com/minneapolis/food-delivery/burger-king-1598-hastings-road/cDNjOI2jSGKCkg4qsVHtVQ,woodbury-minnesota
https://www.ubereats.com/minneapolis/food-delivery/caribou-coffee-8320-city-centre-drive/G22jMNJVRLOKPgVIYBGvWA,woodbury-minnesota
https://www.ubereats.com/minneapolis/food-delivery/machete-cocina-mexicana/5iJ_WFHORBKGyQlZ4mS8zw,woodbury-minnesota
https://www.ubereats.com/minneapolis/food-delivery/chick-n-chips/bqp5BWABTb2ekXQSszpwVQ,woodbury-minnesota
https://www.ubereats.com/minneapolis/food-delivery/hong-kong-restaurant/n9K1dPRDTSq2WwYkdavSaA,woodbury-minnesota
https://www.ubereats.com/minneapolis/food-delivery/pappys/otU0ewR2SkOkS0a7zhIg_g,woodbury-minnesota
https://www.ubereats.com/minneapolis/food-delivery/evans-organic-eatery/xPsDEo-zSxiJHJbk6jppfg,woodbury-minnesota
https://www.ubereats.com/minneapolis/food-delivery/kfc-7037-10th-street-north/3Gtv5j9yTQKh6QuaLDVnkA,woodbury-minnesota
https://www.ubereats.com/minneapolis/food-delivery/jr-macs/l7WUlv_xTn6fVqrjCGudJg,woodbury-minnesota
https://www.ubereats.com/minneapolis/food-delivery/hoggsbreath/2w2zU3PNSPSu9aiNx_cu8g,woodbury-minnesota
https://www.ubereats.com/minneapolis/food-delivery/wayback-burgers/GnK4F4goQ5OzX-jABW6opg,woodbury-minnesota
https://www.ubereats.com/minneapolis/food-delivery/cold-stone-creamery-720-main-st/rG-HEdjVRUeSLQ2TEdU5Wg,woodbury-minnesota
https://www.ubereats.com/minneapolis/food-delivery/thai-pepper/sO_3WBcOTba_p-Nv3sqtWw,woodbury-minnesota
https://www.ubereats.com/minneapolis/food-delivery/crave-woodbury/ut6N3VKbT6mg9nBhiPxdaQ,woodbury-minnesota
https://www.ubereats.com/minneapolis/food-delivery/outback-steakhouse-1770-beam-avenue/trNEnUmvRaSKemeAGGUIEw,woodbury-minnesota
https://www.ubereats.com/minneapolis/food-delivery/zantigo-mexican-restaurant-woodbury/qxp7WWpdS2y_iev17h1QPg,woodbury-minnesota
https://www.ubereats.com/minneapolis/food-delivery/perkins-restaurant-1045-co-rd-e-east/fkHa-ynNQ-SPMoWNi67dBQ,woodbury-minnesota
https://www.ubereats.com/minneapolis/food-delivery/freshii-444-cedar-street-%23229/HCbXSDFqQGaX0whxUfSaSw,woodbury-minnesota
https://www.ubereats.com/minneapolis/food-delivery/caribou-coffee-365-radio-drive/JVuCr1_zShmbE8JwRrgvXA,woodbury-minnesota
https://www.ubereats.com/minneapolis/food-delivery/wild-orchid-maplewood/faVN3BNjQ2GP2kfhzVHyIA,woodbury-minnesota
https://www.ubereats.com/minneapolis/food-delivery/hamburguesas-el-gordo-saint-paul/UhxCflT4Qseods7RiKHZ0w,woodbury-minnesota
https://www.ubereats.com/minneapolis/food-delivery/jade-88-chinese-restaurant/0j5owf6uT6qX-Hq7W-X_pw,woodbury-minnesota
https://www.ubereats.com/minneapolis/food-delivery/acapulco-mexican-restaurant-maplewood/f0jfSJY-QXejpI6Euut1UA,woodbury-minnesota
https://www.ubereats.com/minneapolis/food-delivery/white-castle-505-rice-st/st-4MU2ETWWlWXTCf3nyOw,woodbury-minnesota
https://www.ubereats.com/minneapolis/food-delivery/wendys-1825-suburban-avenue/PMDQJxdoSuiiwoo3ff75jw,woodbury-minnesota
https://www.ubereats.com/minneapolis/food-delivery/chuck-e-cheese-445-commerce-dr/SmxlnnchSgulzUAvQZS6lg,woodbury-minnesota
https://www.ubereats.com/minneapolis/food-delivery/india-palace-woodbury/h-3t9I-eSJCPRRQU6aIwpQ,woodbury-minnesota
https://www.ubereats.com/minneapolis/food-delivery/woodbury-cafe/KWFR9r0xSaWqpbb_baDM_w,woodbury-minnesota
https://www.ubereats.com/minneapolis/food-delivery/commodore-bar-%26-restaurant/SDx0an-WQZG8v24xfO4EjQ,woodbury-minnesota
https://www.ubereats.com/minneapolis/food-delivery/mcdonalds-2730-minnehaha-ave/F1_R5W79Ruy1ruuZKHcvvA,woodbury-minnesota
https://www.ubereats.com/minneapolis/food-delivery/louisiana-cafe/BpNou5mhSAGXMZoo_ZzN_w,woodbury-minnesota
https://www.ubereats.com/minneapolis/food-delivery/caribou-coffee-6014-highway-36/hw6aPH6IQ0CBg1qB7lwq1A,woodbury-minnesota
https://www.ubereats.com/minneapolis/food-delivery/buffalo-wild-wings-8346-3rd-st-n/6xbmrWmwQHegerZaK9bgHQ,woodbury-minnesota
https://www.ubereats.com/minneapolis/food-delivery/catrinas-grill/M1x9c6J8SfmazCXhd0tYBw,woodbury-minnesota
https://www.ubereats.com/minneapolis/food-delivery/chipotle-mexican-grill-9965-hudson-pl-ste-650/Ztl17KXJQV6ZK-DX5nSRWw,woodbury-minnesota
https://www.ubereats.com/minneapolis/food-delivery/pei-wei-8300-tamarack-village-suite-102/BIcv2M0VQOm10QsaA5MbyA,woodbury-minnesota
https://www.ubereats.com/minneapolis/food-delivery/famous-daves-1940-donegal-dr/QTFUC3JgR36clkLWd7-4RQ,woodbury-minnesota
https://www.ubereats.com/minneapolis/food-delivery/stockmens-truckstop/4t3H686iRZSZf14MIMmIyA,woodbury-minnesota
https://www.ubereats.com/minneapolis/food-delivery/starbucks-woodbury-dr-and-commerce/JQSHDsKETtaPwDy5CBR0Pw,woodbury-minnesota
https://www.ubereats.com/minneapolis/food-delivery/panaderia-y-cafeteria-el-quetzal/8b-f64APTXGpyIFaiA4B2g,woodbury-minnesota
https://www.ubereats.com/minneapolis/food-delivery/big-river-pizza/lyyRxIL6QSCDa0w1rKgOvg,woodbury-minnesota
https://www.ubereats.com/minneapolis/food-delivery/fitzgeralds/zzktcDiKTXW_0oZLj53fxg,woodbury-minnesota
https://www.ubereats.com/minneapolis/food-delivery/morelos/zgr3lTGcQhCl4cbx7UBZWg,woodbury-minnesota
https://www.ubereats.com/minneapolis/food-delivery/taco-bell-8473-tamarack-road/BIUXn1ozRdGM8aTq8abSow,woodbury-minnesota
https://www.ubereats.com/minneapolis/food-delivery/five-guys-mn-1390-8360-third-street-north/6XlTrCY7TP2j3YzlhY-nrg,woodbury-minnesota
https://www.ubereats.com/minneapolis/food-delivery/fortune-house-chinese-cuisine/zYXmacKwSXSC204abjE6Vg,woodbury-minnesota
https://www.ubereats.com/minneapolis/food-delivery/el-azteca-inner-grove-heights/dNqILZXNTQWOL6l7GAjIuA,woodbury-minnesota
https://www.ubereats.com/minneapolis/food-delivery/panera-1775-radio-drive/_jcilnQcQSy_z6f_qY2-ng,woodbury-minnesota
https://www.ubereats.com/minneapolis/food-delivery/noodles-%26-company-7180-e-point-douglas-rd/5APfaoOYTf6mxxUJcP3i1A,woodbury-minnesota
https://www.ubereats.com/minneapolis/food-delivery/noodles-%26-company-580-woodbury-dr/IBkyB5iRRoaLG_SANQ8MDg,woodbury-minnesota
https://www.ubereats.com/minneapolis/food-delivery/noodles-%26-company-7455-currell-blvd-space-101/i3Z4-tzJSNmG6hZFnsAy3g,woodbury-minnesota
https://www.ubereats.com/minneapolis/food-delivery/outback-steakhouse-5723-bishop-avenue/Va38nQDsRiu4nCYRufGPeQ,woodbury-minnesota
https://www.ubereats.com/minneapolis/food-delivery/panda-express-1740-s-robert-st-%23112/OshbfBrzTVeCEpFgcOajig,woodbury-minnesota
https://www.ubereats.com/minneapolis/food-delivery/arbys-1657-s-robert-st/FwVpyG51Sw6keAyW9Xszww,woodbury-minnesota
https://www.ubereats.com/minneapolis/food-delivery/nekter-juice-bar/FfXXvJyoSAuqUqIaIevDYw,woodbury-minnesota
https://www.ubereats.com/minneapolis/food-delivery/wendys-8639-e-point-douglas-road/n0kr48XcQn2BMh6YLTlYDA,woodbury-minnesota
https://www.ubereats.com/minneapolis/food-delivery/la-maria-taqueria/6tvIvFVFRACeZB0kGbzzzQ,woodbury-minnesota
https://www.ubereats.com/minneapolis/food-delivery/sencha-tea-bar-woodbury/BViwtH3dSyimSuA96yYd9A,woodbury-minnesota
https://www.ubereats.com/minneapolis/food-delivery/dennys-255-n-century-ave/ZIM_JH1-Ty-9ZSPR4h-owQ,woodbury-minnesota
https://www.ubereats.com/minneapolis/food-delivery/el-huasteco/EyPpF219TNCkzS8dJJWosw,woodbury-minnesota
https://www.ubereats.com/minneapolis/food-delivery/arbys-1807-suburban-ave/neKTmWXPSlWOhZUrt-UcUg,woodbury-minnesota
https://www.ubereats.com/minneapolis/food-delivery/holy-pizza-%26-grill/HXrW4hPtTp66AkSbdGZtWQ,woodbury-minnesota
https://www.ubereats.com/minneapolis/food-delivery/five-dollor-pizza/yYlE-e0OQ7yVomvAVjSV8g,woodbury-minnesota
https://www.ubereats.com/minneapolis/food-delivery/teriyaki-madness-oakdale-mn/Tio6d0n9RdKHeG5bSgSt1g,woodbury-minnesota
https://www.ubereats.com/minneapolis/food-delivery/indian-masala/Vl7HYGPqR8qhcFBexwOCnA,woodbury-minnesota
https://www.ubereats.com/minneapolis/food-delivery/leeann-chin-1733-south-robert-street-west/7tcGD3tMRRmakY2uQ_WxKA,woodbury-minnesota
https://www.ubereats.com/minneapolis/food-delivery/ninja-sushi/wngQpv7GRI6EkyuxVqb7Gw,woodbury-minnesota
https://www.ubereats.com/minneapolis/food-delivery/burger-king-1501-weir-drive/pKgQeZPEQam2v0UKJdSQGA,woodbury-minnesota
https://www.ubereats.com/minneapolis/food-delivery/sonic-1960-suburban-ave/fk_VvzopRJiNtWiMcG-LAQ,woodbury-minnesota
https://www.ubereats.com/minneapolis/food-delivery/broadway-bar-%26-grill/OWDWFsNAREKoTNG7Lv6riQ,woodbury-minnesota
https://www.ubereats.com/minneapolis/food-delivery/tono-pizzeria-%2B-cheesesteaks/Uy7LnwalTqiKNAwtWsZoYA,woodbury-minnesota
https://www.ubereats.com/minneapolis/food-delivery/black-dog-cafe/ugk0XYS8THaL5c6tRvAF7Q,woodbury-minnesota
https://www.ubereats.com/minneapolis/food-delivery/chipotle-mexican-grill-7455-currell-blvd/m3TqmNdeQxOMbEvlvChiRQ,woodbury-minnesota
https://www.ubereats.com/minneapolis/food-delivery/papa-murphys-2303-white-bear-avenue-north/s8widB-LSUKFuzEIq0j0mw,woodbury-minnesota
https://www.ubereats.com/minneapolis/food-delivery/cozzies-tavern-%26-grill/ic6vpd3LSaSkKaLzE27g7g,woodbury-minnesota
https://www.ubereats.com/minneapolis/food-delivery/panda-express-currell-%26-bielenberg/QggdBfZrQrWw7stgvB0sJQ,woodbury-minnesota
https://www.ubereats.com/minneapolis/food-delivery/caribou-coffee-1193-south-robert-street-suite-200/BnAWp4sUSWyD12uxYTDwGg,woodbury-minnesota
https://www.ubereats.com/minneapolis/food-delivery/starbucks-7230-valley-creek-road/EOyOvRJZSr2VAYRM-_alaQ,woodbury-minnesota
https://www.ubereats.com/minneapolis/food-delivery/leeann-chin-9955-hudson-place-ste-550/M-VJjcc5SgORmI0DNXnGoQ,woodbury-minnesota
https://www.ubereats.com/minneapolis/food-delivery/crave-american-kitchen-%26-sushi-bar-woodbury/hn3ih-YzTQOyF4dF-beP9w,woodbury-minnesota
https://www.ubereats.com/minneapolis/food-delivery/aloha-poke-co/m5dkDAtXTrCicoDH5DLYiw,woodbury-minnesota
https://www.ubereats.com/minneapolis/food-delivery/applebees-1753-robert-st-south-%2382054/0TlYPw8oSNipivjHcdfQUQ,woodbury-minnesota
https://www.ubereats.com/minneapolis/food-delivery/bamboo-buffet/7VUJMlDeSUm7-Tz7iep8xA,woodbury-minnesota
https://www.ubereats.com/minneapolis/food-delivery/caribou-coffee-228-little-canada-rd-e/1imZw-OZRfi9wYpcmIiGAQ,woodbury-minnesota
https://www.ubereats.com/minneapolis/food-delivery/jamba-juice-8362-tamarack-village-%23123/QfE47UhwQ3aNF3X20NvEOw,woodbury-minnesota
https://www.ubereats.com/minneapolis/food-delivery/bymore-supermercado/B4-UfVLLSt-iAiC0rWqwtw,woodbury-minnesota
https://www.ubereats.com/minneapolis/food-delivery/taco-bell-1965-county-road-d/lSDyo25BTu2K8FTs7zKV6w,woodbury-minnesota
https://www.ubereats.com/minneapolis/food-delivery/wa-frost-%26-company/TZehAeKTTY-YhQSSd4KvsQ,woodbury-minnesota
https://www.ubereats.com/minneapolis/food-delivery/caribou-coffee-401-robert-street/2aMs_07ARh2JyXvjMeT19A,woodbury-minnesota
https://www.ubereats.com/minneapolis/food-delivery/applebees-5855-blaine-avenue-%2382027/irrfOBb3RKm25-73GpmthA,woodbury-minnesota
https://www.ubereats.com/minneapolis/food-delivery/leeann-chin-2515-white-bear-ave-%23a03/B0ZHSVNERWO9np75dOL_hQ,woodbury-minnesota
https://www.ubereats.com/minneapolis/food-delivery/5-8-tavern-%26-grill-maplewood/R6VQMQMkTEGxs7bPJnrcxA,woodbury-minnesota
https://www.ubereats.com/minneapolis/food-delivery/global-food-market/BJaFNDP4SaqzrcWA7pxryA,woodbury-minnesota
https://www.ubereats.com/minneapolis/food-delivery/burger-king-100-grand-avenue-east/G9brTeMyQPWskf-HFydHPg,woodbury-minnesota
https://www.ubereats.com/minneapolis/food-delivery/alarys-bar/chQ-kdh2QcurVFrSAjlwCA,woodbury-minnesota
https://www.ubereats.com/minneapolis/food-delivery/papa-murphys-429-commerce-drive/wtq9u_jyRAOSrv1dQws24Q,woodbury-minnesota
https://www.ubereats.com/minneapolis/food-delivery/wild-fish-and-chicken/MSiBXXIBQf2XSpmuXnTsNg,woodbury-minnesota
https://www.ubereats.com/minneapolis/food-delivery/the-igloo-cafe/LtfFRcKyRimm5GIigOmrWA,woodbury-minnesota
https://www.ubereats.com/minneapolis/food-delivery/applebees-7250-valley-creek-plaza-%2382012/ay3PSZX6Tp-s2NYZ9zByYA,woodbury-minnesota
https://www.ubereats.com/minneapolis/food-delivery/duck-donuts-7455-currell-blvd-suite-107/238BMDxiTfCGAYnupSkV7g,woodbury-minnesota
https://www.ubereats.com/minneapolis/food-delivery/qdoba-mexican-grill-345-radio-dr-ste-a/1P-tuXVURP2MnIoKd866jw,woodbury-minnesota
https://www.ubereats.com/minneapolis/food-delivery/cafe-zupas-365-radio-dr-suite-e/uOMRDuAETdyyBct3hNDvaQ,woodbury-minnesota
https://www.ubereats.com/minneapolis/food-delivery/zes-diner-woodbury/Pmy6x5rGSiG6s-hafDtzPQ,woodbury-minnesota
https://www.ubereats.com/minneapolis/food-delivery/taco-bell-1484-white-bear-avenue/R-fCG6wAQ5GGCAC9C2Jdyg,woodbury-minnesota
https://www.ubereats.com/minneapolis/food-delivery/chipotle-mexican-grill-925-county-road-e-e-ste-150/8LLBpZsdQoaHjYTh5n2wlw,woodbury-minnesota
https://www.ubereats.com/minneapolis/food-delivery/dunkin-1275-county-road-d-e/JxClwcwlSkW1E95AfUh11g,woodbury-minnesota
https://www.ubereats.com/minneapolis/food-delivery/mcdonalds-433-commerce-dr/5m2z3Z6HQJyKtocLLxMVnA,woodbury-minnesota
https://www.ubereats.com/minneapolis/food-delivery/taco-bell-1630-robert-st-s/NrECDOyqRpy9if_m9n2dYw,woodbury-minnesota
https://www.ubereats.com/minneapolis/food-delivery/burger-moes/aItAlc2rS9G90o1S5mZBsA,woodbury-minnesota
https://www.ubereats.com/minneapolis/food-delivery/far-east-bar-%26-restaurant/4pbKTNSMQ9-4FFeO-v36LQ,woodbury-minnesota
https://www.ubereats.com/minneapolis/food-delivery/chipotle-mexican-grill-1857-robert-st-s/-CA4uIVJRouOVrHElN7HWA,woodbury-minnesota
https://www.ubereats.com/minneapolis/food-delivery/potbelly-sandwich-shop-st-paul-%7C-208/XDkcROWOSMmf4CwMRd7BRw,woodbury-minnesota
https://www.ubereats.com/minneapolis/food-delivery/chipotle-mexican-grill-3095-white-bear-ave-n/EPTbKYO2TIqVfarUwUXwJw,woodbury-minnesota
https://www.ubereats.com/minneapolis/food-delivery/arbys-401-robert-st-n/bVn6q4Q0SR-3pkQdxnoOXg,woodbury-minnesota
https://www.ubereats.com/minneapolis/food-delivery/arbys-2300-rice-st/rjSI5uQWT66RkdTEsdsT0Q,woodbury-minnesota
https://www.ubereats.com/minneapolis/food-delivery/pizza-ranch-5785-minnesota-ave-n/eAHhQzcjSWqmXrcP6BXk5Q,woodbury-minnesota
https://www.ubereats.com/minneapolis/food-delivery/taco-bell-1672-rice-st/FhrXwa9NTVS5jhc50uUNDA,woodbury-minnesota
https://www.ubereats.com/minneapolis/food-delivery/mcdonalds-maryland-%26-clarence/Yuh17HK_SlyKAy9wpWEgYw,woodbury-minnesota
https://www.ubereats.com/minneapolis/food-delivery/leeann-chin-2133a-old-hudson-road/OdO7c3JqQXWPHkoRLDfYQg,woodbury-minnesota
https://www.ubereats.com/minneapolis/food-delivery/taco-bell-1940-suburban-avenue/APghujMORWei1Av12u14XA,woodbury-minnesota
https://www.ubereats.com/minneapolis/food-delivery/dennys-1458-south-robert-street/27YawkCQT56ggsoiGL84xA,woodbury-minnesota
https://www.ubereats.com/minneapolis/food-delivery/caribou-coffee-2751-county-road-e/-QaaKSZlTjWzkPyK1FHxEQ,woodbury-minnesota
https://www.ubereats.com/minneapolis/food-delivery/red-lobster-2925-white-bear-ave/or8G3xsSSTGCB40MerzIlA,woodbury-minnesota
https://www.ubereats.com/minneapolis/food-delivery/subway-1740-weir-dr/awOUXdIDRgC9qmiQBcAZWQ,woodbury-minnesota
https://www.ubereats.com/minneapolis/food-delivery/wendys-8376-tamarack-village/YfTFPpAoSbaHd14pK8bbnA,woodbury-minnesota
https://www.ubereats.com/minneapolis/food-delivery/chatime-woodbury/ulOhYNsLQwOY2n7EyX8K1g,woodbury-minnesota
https://www.ubereats.com/minneapolis/food-delivery/dinos-mediterranean/IW5r5lCyRxyLd80tfi-Btw,woodbury-minnesota
https://www.ubereats.com/minneapolis/food-delivery/jersey-mikes-7455-currell-boulevard/FXecOYr6TaiuFp_cKS481Q,woodbury-minnesota
https://www.ubereats.com/minneapolis/food-delivery/jersey-mikes-429-commerce-drive/zeSj3au0RWGeMuake421ew,woodbury-minnesota
https://www.ubereats.com/minneapolis/food-delivery/dennys-3050-white-bear-ave/Mxu43OUtS9Kj63zdI-ytmQ,woodbury-minnesota
https://www.ubereats.com/minneapolis/food-delivery/aris-best-steak-house-white-bear-avenue/ICMP4LBjSn2rXZuXtxIFZQ,woodbury-minnesota
https://www.ubereats.com/minneapolis/food-delivery/arbys-9975-hudson-rd/soaWx60OTrmSykhRTSeUfQ,woodbury-minnesota
