url,city
https://www.ubereats.com/washington-dc/food-delivery/wings-guys/wNC-WijrRGmYWa5YQNDzdw,woodbridge-virginia
https://www.ubereats.com/washington-dc/food-delivery/brew-republic-bierwerks/8Z3H35LMRM--Z9xSURFxcA,woodbridge-virginia
https://www.ubereats.com/washington-dc/food-delivery/campbells-frozen-custard/9nuwvs2IQ2KgBV_RLBMyfA,woodbridge-virginia
https://www.ubereats.com/washington-dc/food-delivery/kung-fu-tea-9530b-old-keene-mill-rd/BZy33bRVRmuG3M7SHlXUTQ,woodbridge-virginia
https://www.ubereats.com/washington-dc/food-delivery/shanghai-cafe/jjqBYhPNTUWqZ_HBo8RRgw,woodbridge-virginia
https://www.ubereats.com/washington-dc/food-delivery/quiznos-9433-lorton-market-st/EULEHGFQRoaeFoquqJC3-Q,woodbridge-virginia
https://www.ubereats.com/washington-dc/food-delivery/popeyes-2700-potomac-mills-circle/wSm5aOkJTlGViooOIhBAdw,woodbridge-virginia
https://www.ubereats.com/washington-dc/food-delivery/pizza-bolis-woodbridge/3KnyB7M1RcSS9WT-NGyR4w,woodbridge-virginia
https://www.ubereats.com/washington-dc/food-delivery/bozzellis-newington/NJl3ecSpTUqLWLJmw6ymVg,woodbridge-virginia
https://www.ubereats.com/washington-dc/food-delivery/chick-fil-a-2425-prince-william-pkwy/lWPnlMBnROiPaPHKVqZsvA,woodbridge-virginia
https://www.ubereats.com/washington-dc/food-delivery/del-campo-deli-%26-grill/uMAY_r6oRt2mqC3XEH-fNg,woodbridge-virginia
https://www.ubereats.com/washington-dc/food-delivery/choongman-chicken/7nl1p3QHTsOUK28OwPeJyA,woodbridge-virginia
https://www.ubereats.com/washington-dc/food-delivery/papa-johns-13560-minnieville-rd/A3MVTmYyRyCQ7ElqogC6aw,woodbridge-virginia
https://www.ubereats.com/washington-dc/food-delivery/quickway-hibachi-woodbridge/uVlnv11HQ5ScyWvDYul5lA,woodbridge-virginia
https://www.ubereats.com/washington-dc/food-delivery/als-buffalo-wings/_w49Qu4HQZS3MZH0ClrMnA,woodbridge-virginia
https://www.ubereats.com/washington-dc/food-delivery/pasquallys-pizza-%26-wings-14085-shoppers-best-way/8tBeHqYGRjCzgAiBAWY-3A,woodbridge-virginia
https://www.ubereats.com/washington-dc/food-delivery/carrabbas-13870-foulger-square/ZXhH_Pa8RD2kLG7bIgLRew,woodbridge-virginia
https://www.ubereats.com/washington-dc/food-delivery/ihop-13718-smoketown-rd/cI-N_0MHT5KwqIgXsC_RMQ,woodbridge-virginia
https://www.ubereats.com/washington-dc/food-delivery/charleys-philly-steaks-2700-potomac-mills-cir/VQbQJYL1Q9C4V_9TVwV2cA,woodbridge-virginia
https://www.ubereats.com/washington-dc/food-delivery/rice-%26-spice-thai-cuisine/Mez0VGw0TSiwKgiXSnDEuQ,woodbridge-virginia
https://www.ubereats.com/washington-dc/food-delivery/kang-chon/pxUAS3WIScCceI_V2b-A0Q,woodbridge-virginia
https://www.ubereats.com/washington-dc/food-delivery/bellash-bakery/pQUn9uGCTYiObKyFuvlGsw,woodbridge-virginia
https://www.ubereats.com/washington-dc/food-delivery/mcdonalds-1480-old-bridge-rd/lViCff1eTiuN-e1KBQlikQ,woodbridge-virginia
https://www.ubereats.com/washington-dc/food-delivery/famous-daves-2430-prince-william/wd9dB5ExRYOQ4nZQX4Ad5w,woodbridge-virginia
https://www.ubereats.com/washington-dc/food-delivery/bob-evans-282-14490-smoketown-road/2gOUDFjsTdGJegd2_Xt7Yw,woodbridge-virginia
https://www.ubereats.com/washington-dc/food-delivery/five-guys-va-0133-4226-fortuna-center-plaza/42AWC_JGTMCcUfq2zR4MFw,woodbridge-virginia
https://www.ubereats.com/washington-dc/food-delivery/americas-best-wings-woodbridge/ondnxPJbTEOa7LweWyWmaw,woodbridge-virginia
https://www.ubereats.com/washington-dc/food-delivery/tropical-smoothie-cafe-2966-prince-william-parkway/p_4uq9JbSB-Fcu0B-ExUOw,woodbridge-virginia
https://www.ubereats.com/washington-dc/food-delivery/taco-bell-12400-cap-cod-ct/3Yzvk0m9SnicgfMkj8lmpA,woodbridge-virginia
https://www.ubereats.com/washington-dc/food-delivery/juicy-claw/_aRa5VIqRCWHNElMhh-CSQ,woodbridge-virginia
https://www.ubereats.com/washington-dc/food-delivery/montclair-chinese-cuisine/sK-4FLmrSuaRCmR-cUl74A,woodbridge-virginia
https://www.ubereats.com/washington-dc/food-delivery/brothers-pizza/1VmYtoo5ROKmR9u5WZavww,woodbridge-virginia
https://www.ubereats.com/washington-dc/food-delivery/jersey-mikes-8971-ox-rd/3NbGLBS3RK-EMZdTvLP1oA,woodbridge-virginia
https://www.ubereats.com/washington-dc/food-delivery/anitas-new-mexico-style-mexican-food-burke/VhHj4rSSRamX5aHJc3ZnrQ,woodbridge-virginia
https://www.ubereats.com/washington-dc/food-delivery/chuck-e-cheese-14085-shoppers-best-way/KruAwDu4Qhy2U1sTr7AqdA,woodbridge-virginia
https://www.ubereats.com/washington-dc/food-delivery/starbucks-hoadly-village/MCGK9JYlQlCmn9Cdd5I1ZA,woodbridge-virginia
https://www.ubereats.com/washington-dc/food-delivery/burger-king-2700-potomac-circle/XPwN3CkmR-62YI0p0SkyUg,woodbridge-virginia
https://www.ubereats.com/washington-dc/food-delivery/pizza-bolis-dumfries/TiA5xLxhQ7GuydLHP_uCZg,woodbridge-virginia
https://www.ubereats.com/washington-dc/food-delivery/dona-tere-restaurant/tPWdGi2wTLiv6CpK7d0r3g,woodbridge-virginia
https://www.ubereats.com/washington-dc/food-delivery/justas-chicken-woodbridge/3nlxahXDRsa_D1wwsDV3XA,woodbridge-virginia
https://www.ubereats.com/washington-dc/food-delivery/starbucks-saratoga-shopping-center/arK3w2bTRAawi9fk4-76ww,woodbridge-virginia
https://www.ubereats.com/washington-dc/food-delivery/sushi-bae/I4clwdTIT0uefIPMoMHZ9w,woodbridge-virginia
https://www.ubereats.com/washington-dc/food-delivery/burger-king-8232-gunston-corner-ln/mtGDCbksQceyNTl72fhLBA,woodbridge-virginia
https://www.ubereats.com/washington-dc/food-delivery/desi-bethak/EOea5oppQJ6y3Rd1d0szdw,woodbridge-virginia
https://www.ubereats.com/washington-dc/food-delivery/popeyes-14400-jefferson-davis-hwy/C6DNkJs1SMWfhkry9eb4bg,woodbridge-virginia
https://www.ubereats.com/washington-dc/food-delivery/tandoori-nights-bar-%26-grill/z8Cd8PlITbqL-fTXM-e2cQ,woodbridge-virginia
https://www.ubereats.com/washington-dc/food-delivery/mcdonalds-13840-noblewood-plz/_GMKDlEuRAiOknPdlG3gvA,woodbridge-virginia
https://www.ubereats.com/washington-dc/food-delivery/jersey-mikes-subs-2954-prince-william-parkway/f-09IUBtQquoA6_FbkbnWg,woodbridge-virginia
https://www.ubereats.com/washington-dc/food-delivery/klebers-restaurant/DcRyh1frTI-fO-wisVRDxg,woodbridge-virginia
https://www.ubereats.com/washington-dc/food-delivery/new-china-chinese-restaurant/fIjurfi8RlCXtXmSyE4ypA,woodbridge-virginia
https://www.ubereats.com/washington-dc/food-delivery/tropical-smoothie-cafe-12528-dillingham-square-suite-16/b7qhGJ17T9Ckh4GU33smQw,woodbridge-virginia
https://www.ubereats.com/washington-dc/food-delivery/burgerfi-woodbridge/imcmPRCvTp-IyoGv2sDpsQ,woodbridge-virginia
https://www.ubereats.com/washington-dc/food-delivery/chiyoshi/sP8tdrTeSrimqXC3UrOYfQ,woodbridge-virginia
https://www.ubereats.com/washington-dc/food-delivery/ihop-3914-fettler-park-drive/DfAJFjZOS0mwCiZ6sCCGGA,woodbridge-virginia
https://www.ubereats.com/washington-dc/food-delivery/lasani-kabob-lorton/qTf34563TLeiKlVrknwlxA,woodbridge-virginia
https://www.ubereats.com/washington-dc/food-delivery/taco-bell-12721-harbor-drive/LujNHkeLQYSOxuDGtIwERg,woodbridge-virginia
https://www.ubereats.com/washington-dc/food-delivery/chipotle-mexican-grill-1926-daniel-stuart-sq/9H7vac3hT325d_htkR18Dg,woodbridge-virginia
https://www.ubereats.com/washington-dc/food-delivery/kfc-13565-minnieville-rd/HCVJhQ7KQ9y6vPH-mc_g5w,woodbridge-virginia
https://www.ubereats.com/washington-dc/food-delivery/red-robin-116-14090-worth-ave/_V-Re7LSSdyyFrj1fFj6dg,woodbridge-virginia
https://www.ubereats.com/washington-dc/food-delivery/red-lobster-2544-prince-william-parkway/bbfU5oDTR8uvzpLlV6aeRQ,woodbridge-virginia
https://www.ubereats.com/washington-dc/food-delivery/hong-kong-cafe/-gTA8h2nQ1uLbsmV66kZVg,woodbridge-virginia
https://www.ubereats.com/washington-dc/food-delivery/subway-14130-minnieville-rd/bGF15pP9RsK8j9q-HoeKWw,woodbridge-virginia
https://www.ubereats.com/washington-dc/food-delivery/casa-tequila-bar-%26-grill-lorton/dKqCAMoyT_2aYDKvbRd53g,woodbridge-virginia
https://www.ubereats.com/washington-dc/food-delivery/papa-johns-4814-dale-blvd/Yu32xpYBTcuxvZEP6AhfyQ,woodbridge-virginia
https://www.ubereats.com/washington-dc/food-delivery/papa-johns-1979-daniel-stuart-square-unit-%2331/Lom6z0jzSO2UTfLC23Vu1A,woodbridge-virginia
https://www.ubereats.com/washington-dc/food-delivery/brooklyn-pizza/HR9WFacITb2M6StoKElUPA,woodbridge-virginia
https://www.ubereats.com/washington-dc/food-delivery/empire-restaurant-%E7%9A%87%E4%B8%8A%E7%9A%87/9Wu5mJW3R_q9DKQ5IT-y5w,woodbridge-virginia
https://www.ubereats.com/washington-dc/food-delivery/jazmin-tea-3934-fettler-park/VIS9QeZQTwqDdVWY2UFOKg,woodbridge-virginia
https://www.ubereats.com/washington-dc/food-delivery/la-pradera-tex-mex/7ZFgmZP5Sri_QvuAHEhRgg,woodbridge-virginia
https://www.ubereats.com/washington-dc/food-delivery/five-guys-va-0175-8971-ox-rd/vzp1L3fBQnCI2-X67rZFhQ,woodbridge-virginia
https://www.ubereats.com/washington-dc/food-delivery/five-guys-va-0102-4109-merchant-plaza/u-iHB3qSQTefPUov9meqnQ,woodbridge-virginia
https://www.ubereats.com/washington-dc/food-delivery/asian-pan-3974-fettler-park-dr/j6WpnE7zSUiiaONVg_HQqA,woodbridge-virginia
https://www.ubereats.com/washington-dc/food-delivery/saran-cafe/pPyJuMG4QAGz9CBagnNHlA,woodbridge-virginia
https://www.ubereats.com/washington-dc/food-delivery/pollo-campero-woodbridge-jefferson-davis-blvd/eOwx0FvGSxWtxwmCTsbKhg,woodbridge-virginia
https://www.ubereats.com/washington-dc/food-delivery/urban-pie/PjO6U97FT4eC5ZKHxqSekQ,woodbridge-virginia
https://www.ubereats.com/washington-dc/food-delivery/bozzellis-springfield-town-center/pNla4SZqQJyvix6F9kWDKQ,woodbridge-virginia
https://www.ubereats.com/washington-dc/food-delivery/jangko-sushi/b4cvT50zTNCiifbcyLdXgw,woodbridge-virginia
https://www.ubereats.com/washington-dc/food-delivery/bar-louie-stonebridge/D4oO3QnDQRK5zO48T9weTA,woodbridge-virginia
https://www.ubereats.com/washington-dc/food-delivery/petra-grill/-tC3o9vbTBqxXVN1M4jeig,woodbridge-virginia
https://www.ubereats.com/washington-dc/food-delivery/outback-steakhouse-14580-potomac-mills-road/c6M7QAutT4OuqZeNWfFhtQ,woodbridge-virginia
https://www.ubereats.com/washington-dc/food-delivery/dunkin-13585-minnieville-rd/dU73Tb3qRtCvK4lgXj1z7A,woodbridge-virginia
https://www.ubereats.com/washington-dc/food-delivery/burger-king-16551-riverridge-boulevard/gitRf_QcSriQ64FuMfhTMw,woodbridge-virginia
https://www.ubereats.com/washington-dc/food-delivery/dunkin-17020-jefferson-davis-highway/fkPJqSHoSKyNmItnnikDLg,woodbridge-virginia
https://www.ubereats.com/washington-dc/food-delivery/freshle-prep/C6D_Dw-JQCuU5XmGDV-fqA,woodbridge-virginia
https://www.ubereats.com/washington-dc/food-delivery/grind-n-crepe/GcpFEVh2SwqzKNnR-zVXyw,woodbridge-virginia
https://www.ubereats.com/washington-dc/food-delivery/uncle-julios-rio-grande-cafe-woodbridge/6EZHCg9hQtGnw549mqeOjQ,woodbridge-virginia
https://www.ubereats.com/washington-dc/food-delivery/hooters-potomac-mills/YO7AxAnLSma6jKFnJk_gjQ,woodbridge-virginia
https://www.ubereats.com/washington-dc/food-delivery/the-secret-garden-cafe/I2v3fSZ9SVqsyqeTzI2cgA,woodbridge-virginia
https://www.ubereats.com/washington-dc/food-delivery/hajaras-kitchen-%26-suya-supply/wCaH8nzDSQ-iU2mRQRcnlQ,woodbridge-virginia
https://www.ubereats.com/washington-dc/food-delivery/zeal-grill-%26-lounge/yIzcAr0VSe6BZjc73X8ccw,woodbridge-virginia
https://www.ubereats.com/washington-dc/food-delivery/buffalo-phillys-daniel-stuart-sq/Ppa7TN7tRKyR0J9zx3qooQ,woodbridge-virginia
https://www.ubereats.com/washington-dc/food-delivery/bann-thai-old-town/maJfQvUmTmGzr5DLWdyycw,woodbridge-virginia
https://www.ubereats.com/washington-dc/food-delivery/tokyo-one-japanese-steak-and-seafood/xu8vqFXtQbyy48NnMSNZ3g,woodbridge-virginia
https://www.ubereats.com/washington-dc/food-delivery/world-of-omelettes-%26-waffles/Tth6YNENT_e-qReTBpSYqA,woodbridge-virginia
https://www.ubereats.com/washington-dc/food-delivery/mcdonalds-13698-mapledale-ave/4N_N8HRCR42ETdNIixiTxQ,woodbridge-virginia
https://www.ubereats.com/washington-dc/food-delivery/subway-9000-lorton-station-blvd-ste-r/vCVOq8PpRUesNScXXc1HaA,woodbridge-virginia
https://www.ubereats.com/washington-dc/food-delivery/tamales-pachuca-lorton/nan81GhaQJOupWr4yXAxVg,woodbridge-virginia
https://www.ubereats.com/washington-dc/food-delivery/mirnas/ZGnhVNm8Ty27BrCOKKsggA,woodbridge-virginia
https://www.ubereats.com/washington-dc/food-delivery/la-pradera-tex-mex/tifkO9jYRF6BmIMlTJQbXQ,woodbridge-virginia
https://www.ubereats.com/washington-dc/food-delivery/mod-pizza-woodbridge/XSK1d7kIRSu2qz65-FTAew,woodbridge-virginia
https://www.ubereats.com/washington-dc/food-delivery/tgi-fridays-293-potomac-mills-va/kyzO396MQQ21F1beqNbWdg,woodbridge-virginia
https://www.ubereats.com/washington-dc/food-delivery/brittanys-restaurant-%26-sports-bar/-cXKNP-9Tt2pko0c2y_2OQ,woodbridge-virginia
https://www.ubereats.com/washington-dc/food-delivery/starline-restaurant/sBFT8WGLTGGgTT9se2Prsg,woodbridge-virginia
https://www.ubereats.com/washington-dc/food-delivery/los-toltecos-lake-ridge/fl_Y6p-sQ9yo05n3Zb9W6w,woodbridge-virginia
https://www.ubereats.com/washington-dc/food-delivery/mcdonalds-14362-gideon-dr/Ru5-00EhTim20BmYgJhg_A,woodbridge-virginia
https://www.ubereats.com/washington-dc/food-delivery/starbucks-cheshire-station-s-c/kTgtJ5t2QiuUiuVF1PKlFw,woodbridge-virginia
https://www.ubereats.com/washington-dc/food-delivery/sultans-pizza-3934-fettler-park-dr/jRtWwFaJSiGyZCLjF1HEhQ,woodbridge-virginia
https://www.ubereats.com/washington-dc/food-delivery/la-parrilla-camba/Mi98ult-TlG7dLKfvEdyXQ,woodbridge-virginia
https://www.ubereats.com/washington-dc/food-delivery/sakee-japanese-steakhouse/0-0fZfYMSY-Vn_OL4t8liQ,woodbridge-virginia
https://www.ubereats.com/washington-dc/food-delivery/prime-pizza-%26-grill/NLHz4WPBRemkzGY_pvmoSA,woodbridge-virginia
https://www.ubereats.com/washington-dc/food-delivery/buffalo-wild-wings-14466-potomac-mills-rd/jFrcWLmRS7eC8RkT3-bfaA,woodbridge-virginia
https://www.ubereats.com/washington-dc/food-delivery/innovation-catering/YzcMQSsoRTiWRRwv6fozFg,woodbridge-virginia
https://www.ubereats.com/washington-dc/food-delivery/the-burger-shack-alexandria/Bl7zbZqlR7yduylvhTY9kw,woodbridge-virginia
https://www.ubereats.com/washington-dc/food-delivery/global-kabob-%26-pizza/h1d99IjCQjuGOyCLdGibag,woodbridge-virginia
https://www.ubereats.com/washington-dc/food-delivery/real-taste-chicken-%26-subs/BZU7dAFTTnSUB2JzSgpIUA,woodbridge-virginia
https://www.ubereats.com/washington-dc/food-delivery/two-brothers-chicken/qHmIiamURsy7tgojsiXY3g,woodbridge-virginia
https://www.ubereats.com/washington-dc/food-delivery/boston-market-13815-smoketown-road/h2HldbcBTYWw0CIGqp1ATg,woodbridge-virginia
https://www.ubereats.com/washington-dc/food-delivery/la-bendicion/IY6wKHN7SjaOpei6erUQQA,woodbridge-virginia
https://www.ubereats.com/washington-dc/food-delivery/burger-king-2701-potomac-mills-circle/AIWALokpQ0WHmVtjdhgBWw,woodbridge-virginia
https://www.ubereats.com/washington-dc/food-delivery/soul-cakes-by-tanya/G7xyFoSXRumlFfiBaqDPxw,woodbridge-virginia
https://www.ubereats.com/washington-dc/food-delivery/the-ice-cream-shop/MQv8hCxiTcuhuV8j_1JjMQ,woodbridge-virginia
https://www.ubereats.com/washington-dc/food-delivery/tims-rivershore-restaurant-dumfries/DP-XlfGDTYKvcGb53e1z9w,woodbridge-virginia
https://www.ubereats.com/washington-dc/food-delivery/pulgarcito-grill/sY9Aw57XTeuLXq8cHSxhxA,woodbridge-virginia
https://www.ubereats.com/washington-dc/food-delivery/sampan/K1eqElLsTBitLvDpVuF--w,woodbridge-virginia
https://www.ubereats.com/washington-dc/food-delivery/kabob-hut/X3DCTsfvQM2KhX2QTuagpQ,woodbridge-virginia
https://www.ubereats.com/washington-dc/food-delivery/fo-japanese-bistro/hcF4aD_wQu-brUPXL1po_g,woodbridge-virginia
https://www.ubereats.com/washington-dc/food-delivery/nandos-peri-peri-15001-potomac-town-place-%23150/yBadxBoDQo2Mdu_VZPLHOg,woodbridge-virginia
https://www.ubereats.com/washington-dc/food-delivery/amigos-deli-%26-supermarket/3ZoPpoxfTZaeZ6vjGcRR7Q,woodbridge-virginia
https://www.ubereats.com/washington-dc/food-delivery/wawa-661-13355-minnieville-rd/Sd_B2S0dQ-aFVQZwgpCaiQ,woodbridge-virginia
https://www.ubereats.com/washington-dc/food-delivery/kfc-17450-jefferson-davis-hwy/cnEoVQHNRmKB9qfSXyrBBQ,woodbridge-virginia
https://www.ubereats.com/washington-dc/food-delivery/wendys-14493-gideon-dr/9tk0IpcRSECCnKG5KM1xLA,woodbridge-virginia
https://www.ubereats.com/washington-dc/food-delivery/subway-1966-daniel-stuart-sq-space-%23-21/VPpjsPXgQU6qhQ5xkqDsyQ,woodbridge-virginia
https://www.ubereats.com/washington-dc/food-delivery/sushi-jin-next-door/OikuRR4wRrGncuDbzcRAUQ,woodbridge-virginia
https://www.ubereats.com/washington-dc/food-delivery/dixie-bones-bbq-woodbridge/CtW7J0s6QHuqT2hJ8NkfEQ,woodbridge-virginia
https://www.ubereats.com/washington-dc/food-delivery/five-guys-va-0054-13580-foulger-square/GsCzWKaoQGmRcy__qk48jQ,woodbridge-virginia
https://www.ubereats.com/washington-dc/food-delivery/hong-kong-cafe/pzOACRs2SWO2CBqIWSEAXA,woodbridge-virginia
https://www.ubereats.com/washington-dc/food-delivery/aroma-pizza-plus/kALogDTJR6WX6k2MkKX5pg,woodbridge-virginia
https://www.ubereats.com/washington-dc/food-delivery/mofongo-steakhouse-%26-grill/i4RP0vi0Sm6N0q6JozqiNQ,woodbridge-virginia
https://www.ubereats.com/washington-dc/food-delivery/king-pollo/Eg7CXQn_Rgq9XbKSEB8X5A,woodbridge-virginia
https://www.ubereats.com/washington-dc/food-delivery/dunkin-9425-lorton-market-st/8xzG-BsjRB-B9oraHVBlmA,woodbridge-virginia
https://www.ubereats.com/washington-dc/food-delivery/starbucks-stonebridge-at-potomac-town-center/GlQOq9CrSGWtkf9f1pI8eA,woodbridge-virginia
https://www.ubereats.com/washington-dc/food-delivery/the-captains-boil-12721-marblestone-drive/1oRpF7BmRj-pIwTmXS0q4Q,woodbridge-virginia
https://www.ubereats.com/washington-dc/food-delivery/popeyes-louisiana-kitchen-2954-dale-blvd/zeegX8GcRPqyfSnbI1hpCw,woodbridge-virginia
https://www.ubereats.com/washington-dc/food-delivery/balsamos-pizzeria/ld7-3qRATRqsCNPg9A1cuA,woodbridge-virginia
https://www.ubereats.com/washington-dc/food-delivery/vocelli-pizza-3139-golansky-blvd/6yoLsIyBQderDD1WJzSbFw,woodbridge-virginia
https://www.ubereats.com/washington-dc/food-delivery/golden-house-restaurant/GjffqE9VQfq7JPRX9F39Rw,woodbridge-virginia
https://www.ubereats.com/washington-dc/food-delivery/auntie-annes-2700-potomac-mills-cir-ste-800-va-129/lYcLN1IeTqq2J-WJXAt_Aw,woodbridge-virginia
https://www.ubereats.com/washington-dc/food-delivery/popeyes-13860-smoketown-rd/azmvjBNoQ1aekyNgHC4feQ,woodbridge-virginia
https://www.ubereats.com/washington-dc/food-delivery/subway-13850-1b-smoke-towne-plaza/JguTmwk3Sc-vyLi8pa2MJw,woodbridge-virginia
https://www.ubereats.com/washington-dc/food-delivery/tropical-smoothie-cafe-quantico-center/6nfUX29-Rx-dNU2PDEw2Tg,woodbridge-virginia
https://www.ubereats.com/washington-dc/food-delivery/mcdonalds-4245-dale-blvd/Q_vaCZIVSz6hsY3glTYULw,woodbridge-virginia
https://www.ubereats.com/washington-dc/food-delivery/moes-southwest-grill-795/ys7L_g2iSGeR5MEs17vbTw,woodbridge-virginia
https://www.ubereats.com/washington-dc/food-delivery/on-the-border-2651-prince-william-pkwy/N1kGXWyVSXmLSC0f-R5CYA,woodbridge-virginia
https://www.ubereats.com/washington-dc/food-delivery/le-thai-cuisine/pPcejppKRBmbD0KA77d5nQ,woodbridge-virginia
https://www.ubereats.com/washington-dc/food-delivery/china-wok/ZNxZlQorR9G5n-VToInjmA,woodbridge-virginia
https://www.ubereats.com/washington-dc/food-delivery/el-paso-mexican-restaurant-cooper-rd-alexandria/gKa93g-QT7qHbyguiI3wKw,woodbridge-virginia
https://www.ubereats.com/washington-dc/food-delivery/el-tropico-restaurant/nNN73OnmTqCXBtnU3dgSbA,woodbridge-virginia
https://www.ubereats.com/washington-dc/food-delivery/wendys-2410-prince-william-parkway/vUzf0ypQQManB974Y1GSvw,woodbridge-virginia
https://www.ubereats.com/washington-dc/food-delivery/ihop-7784-gunston-plaza-drive/2RvNFmToQTm_BzOhD6Altw,woodbridge-virginia
https://www.ubereats.com/washington-dc/food-delivery/ihop-12901-galveston-court/W8g41tA9Su6H-OLpY7ojWg,woodbridge-virginia
https://www.ubereats.com/washington-dc/food-delivery/bonchon-chicken-14563-potomac-mills-rd/9vwivRA6Qzydp1A4MnV4Bg,woodbridge-virginia
https://www.ubereats.com/washington-dc/food-delivery/skrimp-shack/8ddc2FOLSl2oO_Q6DBKD2w,woodbridge-virginia
https://www.ubereats.com/washington-dc/food-delivery/taco-bell-172-dumfries-ave/c_0W6BGoQDyS_n03RWoGww,woodbridge-virginia
https://www.ubereats.com/washington-dc/food-delivery/taco-bell-13880-shoppers-best-way/f52SYa8eT76M-kEGGlyXbA,woodbridge-virginia
https://www.ubereats.com/washington-dc/food-delivery/petra-grill-kabob/KjsEET8HRh-k9GFkU3JmRg,woodbridge-virginia
https://www.ubereats.com/washington-dc/food-delivery/mcdonalds-17340-dumfries-road/UJrqkEmOSuWOQxpew3RlLQ,woodbridge-virginia
https://www.ubereats.com/washington-dc/food-delivery/mcdonalds-14075-shoppers-best-way/cW9pwC89TMao_Vk77mN6ZQ,woodbridge-virginia
https://www.ubereats.com/washington-dc/food-delivery/starbucks-dumfries/DOZhWooMQBmhmTL0MsuGaQ,woodbridge-virginia
https://www.ubereats.com/washington-dc/food-delivery/tropical-smoothie-cafe-2701-neabsco-common-place-unit-%23128/Jw4mNdw1TXGR6NNiPM_Nvg,woodbridge-virginia
https://www.ubereats.com/washington-dc/food-delivery/niralla-restaurant/mQP8JWwaSs-fn3p2K8RryQ,woodbridge-virginia
https://www.ubereats.com/washington-dc/food-delivery/vocelli-pizza-9000-lorton-station-blvd/1M8Ace1-R3O4Ezrq0P1jRw,woodbridge-virginia
https://www.ubereats.com/washington-dc/food-delivery/dos-amigos/rdoHDswyRr245Bs9oeEBzw,woodbridge-virginia
https://www.ubereats.com/washington-dc/food-delivery/chicken-palace/890dhMvVQ36AT0TjlCrBSQ,woodbridge-virginia
https://www.ubereats.com/washington-dc/food-delivery/taco-bell-4248-dale-blvd/KrXDq7A5QfKTKT-otWHVLw,woodbridge-virginia
https://www.ubereats.com/washington-dc/food-delivery/chipotle-mexican-grill-2457-prince-william-pkwy/nQPwCV4sTkqc5r0cUZWdDQ,woodbridge-virginia
https://www.ubereats.com/washington-dc/food-delivery/dunkin-2201-old-bridge-rd/U7Fh1ikqR0eMEiMlHQk30Q,woodbridge-virginia
https://www.ubereats.com/washington-dc/food-delivery/el-paso-mexican-restaurant-woodbridge/jxthZUbVRD-JIAj5UdPM2Q,woodbridge-virginia
https://www.ubereats.com/washington-dc/food-delivery/desi-kitchen/ap5y8USER0Kzntl1tIVi3g,woodbridge-virginia
https://www.ubereats.com/washington-dc/food-delivery/gyro-factory/BuYlH1VmSTCbi92W4qFAQQ,woodbridge-virginia
https://www.ubereats.com/washington-dc/food-delivery/wendys-14113-jefferson-davis-hwy/zQSfz9QTQ0K5YUmvqST1Jw,woodbridge-virginia
https://www.ubereats.com/washington-dc/food-delivery/chick-fil-a-4101-old-bridge-road/MDEmM2FuQOS7Nms2jUqclQ,woodbridge-virginia
https://www.ubereats.com/washington-dc/food-delivery/burger-king-2211-tacketts-mill-dr/qYgsOQhBSHO8xNZXS0a23A,woodbridge-virginia
https://www.ubereats.com/washington-dc/food-delivery/mcdonalds-13707-jefferson-davis-hwy/NVji82cJSU2hO5pPkhGpWg,woodbridge-virginia
https://www.ubereats.com/washington-dc/food-delivery/arbys-13515-minnieville-road/YjDZY7CZRyCMdMnXTLlL-A,woodbridge-virginia
https://www.ubereats.com/washington-dc/food-delivery/fonda-azteca-woodbridge/uhjPDXm5SGi688Go1sItbg,woodbridge-virginia
https://www.ubereats.com/washington-dc/food-delivery/noodles-%26-company-13900-shoppers-best-way/JErPJQarRAylwXnXU856bw,woodbridge-virginia
https://www.ubereats.com/washington-dc/food-delivery/subway-1455-old-bridge-rd-ste-104/0DAuAl4tQc6UVmArklvW8w,woodbridge-virginia
https://www.ubereats.com/washington-dc/food-delivery/momo-and-poke/jfO3VsUkTQCszrEPuptNkw,woodbridge-virginia
https://www.ubereats.com/washington-dc/food-delivery/paisanos-pizza-9429-lorton-market-street/d-llVRecS1u2AOWMAwdnvw,woodbridge-virginia
https://www.ubereats.com/washington-dc/food-delivery/chipotle-mexican-grill-9447-lorton-market-st/xFIDuGZeS4KOELlXP20xmA,woodbridge-virginia
https://www.ubereats.com/washington-dc/food-delivery/tikka-indian-tandoor/jfHWSjwdT3G3Ra_7sziVyQ,woodbridge-virginia
https://www.ubereats.com/washington-dc/food-delivery/madigans-waterfront-occoquan/x2JUkdyFRWaf-HrM5lXisA,woodbridge-virginia
https://www.ubereats.com/washington-dc/food-delivery/nc-ribs-on-wheels/DUI-qFu7Sna9cr2ZGIZlAw,woodbridge-virginia
https://www.ubereats.com/washington-dc/food-delivery/dona-elida/hch5kbpFTayHPEgPh6S7hA,woodbridge-virginia
https://www.ubereats.com/washington-dc/food-delivery/mediterranean-grill/vd7ffE5NTr-mXOj5A38o-w,woodbridge-virginia
https://www.ubereats.com/washington-dc/food-delivery/ill-drink-to-that-fountain-of-juice/ZhdJPV8zSiagvYoHCPKs5Q,woodbridge-virginia
https://www.ubereats.com/washington-dc/food-delivery/salsas-mex-grill/7fxBwIgFS8-UGZKMlllwzA,woodbridge-virginia
https://www.ubereats.com/washington-dc/food-delivery/droccos/nrAcJ2xXTlux6QvFImX_Wg,woodbridge-virginia
https://www.ubereats.com/washington-dc/food-delivery/chipotle-mexican-grill-4269-merchant-plz/Cpj8YJSqQi-RDpsS2rT9og,woodbridge-virginia
https://www.ubereats.com/washington-dc/food-delivery/subway-4140-merchant-plz/D3ae5IfkQIGfl68V8qizVw,woodbridge-virginia
https://www.ubereats.com/washington-dc/food-delivery/panda-express-2990-prince-william-parkway/wodw3KxQSJGUnzEO_bRnJA,woodbridge-virginia
https://www.ubereats.com/washington-dc/food-delivery/wawa-680-15809-jefferson-davis-hwy/6YG3s27GTB2vNKWKluqX_Q,woodbridge-virginia
https://www.ubereats.com/washington-dc/food-delivery/pizza-palace/k2KHLo-LRtaVHMlpR2RhpA,woodbridge-virginia
https://www.ubereats.com/washington-dc/food-delivery/starbucks-parkway-crossings-east/2dm8V7wbTte0J0y8V8seNQ,woodbridge-virginia
https://www.ubereats.com/washington-dc/food-delivery/starbucks-lake-ridge/rv75ncNHRR2ujP2LTJc9GQ,woodbridge-virginia
https://www.ubereats.com/washington-dc/food-delivery/little-taipei/UsM1iOMsSeuW9yfjhnE29A,woodbridge-virginia
https://www.ubereats.com/washington-dc/food-delivery/sanpues-colombian-kitchen/HM1LI1c4SNCEI-WPGQL4BQ,woodbridge-virginia
https://www.ubereats.com/washington-dc/food-delivery/potbelly-sandwich-shop-woodbridge-%7C-281/qm8XCBEsRV29IbqYFEzZsQ,woodbridge-virginia
https://www.ubereats.com/washington-dc/food-delivery/almitas-mexican-restaurant/oyy1j4_PQ3mWI-hIiKUsvQ,woodbridge-virginia
https://www.ubereats.com/washington-dc/food-delivery/dunkin-13607-jefferson-davis-hwy/xj0D1QRQSXizawiqU2gPsg,woodbridge-virginia
https://www.ubereats.com/washington-dc/food-delivery/third-base-pizza-and-frozen-custard-parlor/iK00LfldSWqi-HZJEpZohg,woodbridge-virginia
https://www.ubereats.com/washington-dc/food-delivery/subway-5175-waterway-dr-%23-190/Z2l6f6ohQli38rTPviTmjA,woodbridge-virginia
https://www.ubereats.com/washington-dc/food-delivery/allis-restaurant/dFhlCavYSEKrc90L6Pec-Q,woodbridge-virginia
https://www.ubereats.com/washington-dc/food-delivery/all-about-burger-woodbridge/suPQuibsRVG0UCwrNoLdDA,woodbridge-virginia
https://www.ubereats.com/washington-dc/food-delivery/wendys-4461-cheshire-station-way/9aqL7qClT2SWTA6YrLZdRQ,woodbridge-virginia
https://www.ubereats.com/washington-dc/food-delivery/wendys-1470-old-bridge-rd/RaWXsG0fQ6qPWaReOf_ewQ,woodbridge-virginia
https://www.ubereats.com/washington-dc/food-delivery/kokee-tea-2/wwhzR2I3S7miu2q4zab7_Q,woodbridge-virginia
https://www.ubereats.com/washington-dc/food-delivery/taco-bell-1921-daniel-stuart-sq/mhFEy_JQRO6gVLMJiAtqWQ,woodbridge-virginia
https://www.ubereats.com/washington-dc/food-delivery/osteria-marzano/nzX_nd87QRujKDqMVfR--w,woodbridge-virginia
https://www.ubereats.com/washington-dc/food-delivery/subway-14000-worth-ave/JP8aTAPAQNuDrbT7OTA8rg,woodbridge-virginia
https://www.ubereats.com/washington-dc/food-delivery/pho-duong/XZy2ckkUThyMN7okn-9SOQ,woodbridge-virginia
https://www.ubereats.com/washington-dc/food-delivery/mcdonalds-14591-jefferson-davis-hwy/JwMnOlrzRO-MNhVxYO2fnw,woodbridge-virginia
https://www.ubereats.com/washington-dc/food-delivery/applebees-13850-noblewood-plaza-%2379072/A-tT8a0lSIOX1uV3PkGwRQ,woodbridge-virginia
https://www.ubereats.com/washington-dc/food-delivery/kabob-g-grill-kabob-factory/DfRdDUaVTtuQ5FXAEwHPzg,woodbridge-virginia
https://www.ubereats.com/washington-dc/food-delivery/the-ice-cream-shop/ZVnoXDU1R1a0Uxp0UZ2Qmg,woodbridge-virginia
https://www.ubereats.com/washington-dc/food-delivery/tropical-smoothie-cafe-12697-galveston-ct/Q1wGj7SxT2-kmmCjRKe-nw,woodbridge-virginia
https://www.ubereats.com/washington-dc/food-delivery/smokey-bones-woodbridge/ugMynn7lRNub88NRozpmHw,woodbridge-virginia
https://www.ubereats.com/washington-dc/food-delivery/california-chicken-wings/x6xE9iLTT2WrVi0cDOngIQ,woodbridge-virginia
https://www.ubereats.com/washington-dc/food-delivery/hooties-burger-bar-2630-prince-william-pkwy/whjvQJh0SfSkM4-T6HMyMg,woodbridge-virginia
https://www.ubereats.com/washington-dc/food-delivery/chicano-grill/dzxLWdLxQQ2peYhdJ4ZYrg,woodbridge-virginia
https://www.ubereats.com/washington-dc/food-delivery/mcdonalds-18050-triangle-plaza/mZluzEujTyeGYhw2gefI7w,woodbridge-virginia
https://www.ubereats.com/washington-dc/food-delivery/ruby-tuesday-12721-marblestone-drive/ifrR7y-rSH-92ltfVra7Gw,woodbridge-virginia
https://www.ubereats.com/washington-dc/food-delivery/hunan-delight/8hd-yBWFSIySe5sDk7E5gg,woodbridge-virginia
https://www.ubereats.com/washington-dc/food-delivery/arepas-capitol-venezuelan-restaurant/TsCqd0wwRbiHNUx3qwbpBg,woodbridge-virginia
https://www.ubereats.com/washington-dc/food-delivery/sbarro-2700-potomac-mills-circle/3rxQ3WAWSzeaiB2q1dn91w,woodbridge-virginia
https://www.ubereats.com/washington-dc/food-delivery/silver-diner-potomac-mills/yfnq7n_jSB6wljXhLel0dQ,woodbridge-virginia
https://www.ubereats.com/washington-dc/food-delivery/firebirds-wood-fired-grill-15100-potomac-town-pl/Kq8yv7jeT6qtn6SZSHbN6w,woodbridge-virginia
https://www.ubereats.com/washington-dc/food-delivery/duck-donuts-15101-potomac-town-pl/3llKlKzESyS1hUXbu8m4sg,woodbridge-virginia
https://www.ubereats.com/washington-dc/food-delivery/firehouse-subs-13305-worth-ave/ChLQUO59SjelC6b3EN2JwA,woodbridge-virginia
https://www.ubereats.com/washington-dc/food-delivery/shahi-kabob/My62bHf0QZGXNeReErDfWg,woodbridge-virginia
https://www.ubereats.com/washington-dc/food-delivery/la-despensa-grosery-and-dely/pYq6_yWwTIew9OLMaKsK5Q,woodbridge-virginia
https://www.ubereats.com/washington-dc/food-delivery/bar-j-chili-parlor-occoquan/YdTkhC51SZuU3jxk499oBg,woodbridge-virginia
https://www.ubereats.com/washington-dc/food-delivery/pokerea/_aq8NQXYTKez8IudT60GWA,woodbridge-virginia
https://www.ubereats.com/washington-dc/food-delivery/mcdonalds-2891-dale-blvd/keqAqJaXQhao1pZ4d8Sryw,woodbridge-virginia
https://www.ubereats.com/washington-dc/food-delivery/kabob-zone/NLx1zAHkQqqsFOtI9pkxWA,woodbridge-virginia
https://www.ubereats.com/washington-dc/food-delivery/subway-5828-mapledale-plz/svP8VCL8QF6MoIXZ5Q_rcQ,woodbridge-virginia
https://www.ubereats.com/washington-dc/food-delivery/vietnam-75-restaurant/XnqrYFZeRsWWv3Rl-269tg,woodbridge-virginia
https://www.ubereats.com/washington-dc/food-delivery/aroma-pizza-company/_3Z_QCwnSriMj1sdE5Qk-w,woodbridge-virginia
https://www.ubereats.com/washington-dc/food-delivery/mcdonalds-12730-harbor-dr/fZrWUWmcTjytvrFOui5XEA,woodbridge-virginia
https://www.ubereats.com/washington-dc/food-delivery/mcdonalds-9398-richmond-hwy/exLzVYmbRmCU2nEbU3bvag,woodbridge-virginia
https://www.ubereats.com/washington-dc/food-delivery/jersey-mikes-subs-3282-old-bridge-road/0sKyh36vSXOWKo8RTWu-kA,woodbridge-virginia
https://www.ubereats.com/washington-dc/food-delivery/los-toltecos-of-lake-ridgeinc/YxjwoGzKSJOuJ1i86SAGJg,woodbridge-virginia
https://www.ubereats.com/washington-dc/food-delivery/guapos-restaurant-woodbridge-va/6qzGeFx1RrCjh1ygXsKNbg,woodbridge-virginia
https://www.ubereats.com/washington-dc/food-delivery/checkers-1920-daniel-stuart-square/x1q5_tTWSrmAw_OLcmDSoQ,woodbridge-virginia
https://www.ubereats.com/washington-dc/food-delivery/olympians-family-restaurant-alexandria/kVxaUQK1RmqsGGAisOi02w,woodbridge-virginia
https://www.ubereats.com/washington-dc/food-delivery/dunkin-14200-smoketown-rd/I0noXionQzyZIc-yUwoXgA,woodbridge-virginia
https://www.ubereats.com/washington-dc/food-delivery/cold-stone-2449-prince-william-pkwy/l190kqzqQE6UG_pQ_99Nww,woodbridge-virginia
https://www.ubereats.com/washington-dc/food-delivery/pho-banh-mi-and-grill/WG1wLTBXT0yFmjyiT_Jfvw,woodbridge-virginia
https://www.ubereats.com/washington-dc/food-delivery/chipotle-mexican-grill-8066-rolling-rd-%23-9/0xXJd2lGRK2v9QrKe0Pz4g,woodbridge-virginia
https://www.ubereats.com/washington-dc/food-delivery/betanya-ethiopian-market-%26-cafe/eeXxfOorQlaqOAQb9EdKgA,woodbridge-virginia
https://www.ubereats.com/washington-dc/food-delivery/the-popcorn-bag-woodbridge/gFEK9dH6Ss6UoYApDmGocQ,woodbridge-virginia
https://www.ubereats.com/washington-dc/food-delivery/kfc-1307-devils-reach-rd/CeEJCovCS5yoF2dZm_CwJw,woodbridge-virginia
https://www.ubereats.com/washington-dc/food-delivery/cracker-barrel-old-country-store-17115-dumfries-rd/6lxki1iuT22-YlY-NHW-nw,woodbridge-virginia
https://www.ubereats.com/washington-dc/food-delivery/arepas-capitol-venezuelan-restaurant/SOirPfFmToKR1qrqffnAPQ,woodbridge-virginia
https://www.ubereats.com/washington-dc/food-delivery/mcdonalds-4309-merchant-plz/1zzsGAN1TtuNz-NB-j6UKw,woodbridge-virginia
