url,city
https://www.ubereats.com/salt-lake-city/food-delivery/hamachi/5XZKyDymRA-pYMhDrqwT6Q,woods-cross-utah
https://www.ubereats.com/salt-lake-city/food-delivery/pf-changs-905-w-west-promontory/yYtm1ErTSmiGGUJZ4OGY1g,woods-cross-utah
https://www.ubereats.com/salt-lake-city/food-delivery/jersey-mikes-subs-618-w-2600-s/xbXkHsZwSBqYyT_0axb6Vg,woods-cross-utah
https://www.ubereats.com/salt-lake-city/food-delivery/black-bear-diner-2474-s-575-w/jBkWsVf9SoCB1U9kU0HbdQ,woods-cross-utah
https://www.ubereats.com/salt-lake-city/food-delivery/the-habit-burger-grill-260-n-union-ave-%23115/Q1ssr5VdQE2v7IrD7NiknA,woods-cross-utah
https://www.ubereats.com/salt-lake-city/food-delivery/dennys-1701-west-n-temple/d3ddj-DrQeuFDbFEwCXp1Q,woods-cross-utah
https://www.ubereats.com/salt-lake-city/food-delivery/wendys-1783-w-n-temple/-gkV6qqrTaytdhsiKeqYlQ,woods-cross-utah
https://www.ubereats.com/salt-lake-city/food-delivery/ihop-1737/0FtZn0YNS9mXqXAz4A7a6g,woods-cross-utah
https://www.ubereats.com/salt-lake-city/food-delivery/noodles-%26-company-1032-w-park-ln-bldg-w/-LHDzQhTTlG5mn-YhFFeEg,woods-cross-utah
https://www.ubereats.com/salt-lake-city/food-delivery/kfc-555-east-400-south/JFmcHQgeRhWO_twKdQn0ew,woods-cross-utah
https://www.ubereats.com/salt-lake-city/food-delivery/bountiful-greek-cafe/LP1MgOX_T8mVRrlMmiw4bg,woods-cross-utah
https://www.ubereats.com/salt-lake-city/food-delivery/ra-sushi-bar-165-sw-temple-building%231/BLWm1QeFQNmA0LkzrAErOw,woods-cross-utah
https://www.ubereats.com/salt-lake-city/food-delivery/avenues-proper/Kiq3MFlCSdagnbElHhWz5Q,woods-cross-utah
https://www.ubereats.com/salt-lake-city/food-delivery/pizza-pie-cafe-bountiful/wCJhotUkQm-IPvooTpyjPg,woods-cross-utah
https://www.ubereats.com/salt-lake-city/food-delivery/monsieur-crepes/1YuxsEysQP6iDFRFGL0pXA,woods-cross-utah
https://www.ubereats.com/salt-lake-city/food-delivery/waffle-love-northern-utah-food-truck-%234/f2U0_3i6R_qmTfG0UbYkEQ,woods-cross-utah
https://www.ubereats.com/salt-lake-city/food-delivery/wendys-210-west-500-south/LWmuRGoITtapZ12m6VWvRA,woods-cross-utah
https://www.ubereats.com/salt-lake-city/food-delivery/roulas-cafe/8Rr48IQ6R9KEsdGxAOjeoA,woods-cross-utah
https://www.ubereats.com/salt-lake-city/food-delivery/papa-murphys-1645-west-700-north-suite-l/xNBX7eiuT8u04tsleoHUpQ,woods-cross-utah
https://www.ubereats.com/salt-lake-city/food-delivery/papa-murphys-1298-north-us-89/CMSlKD6FQZ-0597YG7TyKA,woods-cross-utah
https://www.ubereats.com/salt-lake-city/food-delivery/simply-sushi-180-w-400-s/YIbqOOjTQ3aLr9xsZx0-2A,woods-cross-utah
https://www.ubereats.com/salt-lake-city/food-delivery/arbys-420-e-400-s/5YakgjG6TRKrj5xp2kvchA,woods-cross-utah
https://www.ubereats.com/salt-lake-city/food-delivery/mikado/Govea5BOQbSHs4RUB01O1Q,woods-cross-utah
https://www.ubereats.com/salt-lake-city/food-delivery/subway-588-west-2600-south/auZ_yJHjRMSaV8Unu3Lkrg,woods-cross-utah
https://www.ubereats.com/salt-lake-city/food-delivery/hungry-hawaiian/LuNSN714QJ2Q9FL7Hr5nKQ,woods-cross-utah
https://www.ubereats.com/salt-lake-city/food-delivery/sizzler-w-500-south/bk_LtcOQTpeVi4R28YgoaA,woods-cross-utah
https://www.ubereats.com/salt-lake-city/food-delivery/kung-fu-tea-464-600-e-suite-a/SglHLYxISEur7uW_5CsDsw,woods-cross-utah
https://www.ubereats.com/salt-lake-city/food-delivery/a%26w-132-n-redwood-rd/An0xPi_lSNaKSkoJtPh16Q,woods-cross-utah
https://www.ubereats.com/salt-lake-city/food-delivery/the-wings-guru/ikwNvhyBQYqmWdOUx1q-UQ,woods-cross-utah
https://www.ubereats.com/salt-lake-city/food-delivery/kneaders-bakery-%26-cafe-bountiful-north-salt-lake-city/Hq9E0EVZSlKAcxuWSwpUiw,woods-cross-utah
https://www.ubereats.com/salt-lake-city/food-delivery/kathmandu-grill/ktBVcIf6QDelcZW0oBMcLw,woods-cross-utah
https://www.ubereats.com/salt-lake-city/food-delivery/pj-fresh-885-west-north-point-circle/xRfRbmx3T1Gv47A-__c2vA,woods-cross-utah
https://www.ubereats.com/salt-lake-city/food-delivery/burger-king-575-east-400-south-street/XYcIB1hHRvmXmnONP_b1oQ,woods-cross-utah
https://www.ubereats.com/salt-lake-city/food-delivery/flemings-prime-steakhouse-%26-wine-bar-salt-lake-city/_RDDpCI4S9Okm1LWg3Dvpg,woods-cross-utah
https://www.ubereats.com/salt-lake-city/food-delivery/mod-pizza-woods-cross/FHmoCHadReqi4rUIRqZs_g,woods-cross-utah
https://www.ubereats.com/salt-lake-city/food-delivery/mcdonalds-w-700-n-%26-n-redwood-rd/PnZ4u8TmQL6njDV38oFc2Q,woods-cross-utah
https://www.ubereats.com/salt-lake-city/food-delivery/fiiz-drinks-bountiful/uiv3KBjeT1Sx7pyrADD6ow,woods-cross-utah
https://www.ubereats.com/salt-lake-city/food-delivery/dickeys-barbecue-restaurants-335-w-1830-s/o918zmeCTliorN9end1FaA,woods-cross-utah
https://www.ubereats.com/salt-lake-city/food-delivery/papa-johns-124-east-900-south/uEe2_Pr6SB6giTMfsyVYMA,woods-cross-utah
https://www.ubereats.com/salt-lake-city/food-delivery/blaze-of-thunder-hallpass-foodhall/QnkIV9X8S0-rO3WXAAA9jg,woods-cross-utah
https://www.ubereats.com/salt-lake-city/food-delivery/pf-changs-174-w-300-south/qtArc4vrQi2_BVvrN3ljHw,woods-cross-utah
https://www.ubereats.com/salt-lake-city/food-delivery/golden-pearl/juZe4dZwSbG2GB9mc8ByVg,woods-cross-utah
https://www.ubereats.com/salt-lake-city/food-delivery/foodie-and-sweetie-dmarket/QfbxYXrdToCR44MddEDhQA,woods-cross-utah
https://www.ubereats.com/salt-lake-city/food-delivery/firehouse-subs-490-east-1100-n/6GwSaukERjKdi8N4p5ACOA,woods-cross-utah
https://www.ubereats.com/salt-lake-city/food-delivery/broadway-deli/8Ao0yBrKRLOzfSy4MKGleQ,woods-cross-utah
https://www.ubereats.com/salt-lake-city/food-delivery/honest-eatery-regent-street/UggtL9XNTN2aJ6GOz3jKuA,woods-cross-utah
https://www.ubereats.com/salt-lake-city/food-delivery/chile-amor/WN-D3p38ToaEAMVAhIZ5Xw,woods-cross-utah
https://www.ubereats.com/salt-lake-city/food-delivery/cancun-cafe/rpunm6bLQnWg5Us7vMUg9g,woods-cross-utah
https://www.ubereats.com/salt-lake-city/food-delivery/blue-lemon-farmington/eO-YH8Q5TwuUUpzjwL6Pxw,woods-cross-utah
https://www.ubereats.com/salt-lake-city/food-delivery/ihop-3533/TnrscYguTQSi8xGJdxyAfg,woods-cross-utah
https://www.ubereats.com/salt-lake-city/food-delivery/mcdonalds-916-w-north-temple/Di8STyS1QumZBK4Dj8rq2Q,woods-cross-utah
https://www.ubereats.com/salt-lake-city/food-delivery/cafe-zupas-2577-s-wild-cat-way/qwrw7ATWTPm9KDYt_eWHhQ,woods-cross-utah
https://www.ubereats.com/salt-lake-city/food-delivery/kfc-495-south-500-west/2I17fFBXQhWz-FpdMJq5dg,woods-cross-utah
https://www.ubereats.com/salt-lake-city/food-delivery/wing-squad-salt-lake-city/V_S-BrR2TkGzVmPh6dkVsA,woods-cross-utah
https://www.ubereats.com/salt-lake-city/food-delivery/seon-korean-bbq/LxaUJYThQs6yHqAd6kjqZQ,woods-cross-utah
https://www.ubereats.com/salt-lake-city/food-delivery/del-taco-585-n-redwood-road/rNNkrZyOQ5KQtMfiNVMOsA,woods-cross-utah
https://www.ubereats.com/salt-lake-city/food-delivery/chungas-inc/zBNReGgRSNSaEktAKoXrZg,woods-cross-utah
https://www.ubereats.com/salt-lake-city/food-delivery/indochine/ftdIV9kxT4qrHHGUmcip2g,woods-cross-utah
https://www.ubereats.com/salt-lake-city/food-delivery/chungas/EbRznCKURPOpBEHD6HDCgw,woods-cross-utah
https://www.ubereats.com/salt-lake-city/food-delivery/jersey-mikes-sub-1060-w-park-lane/6yc9mUGQRy6iLvDgIv41pg,woods-cross-utah
https://www.ubereats.com/salt-lake-city/food-delivery/la-estacion-del-taco/zjMzgO1VRrK6o1UOwx2iLA,woods-cross-utah
https://www.ubereats.com/salt-lake-city/food-delivery/taco-bell-311-north-frontage-road/Xrw3De7KT6OKYGTWza6Qwg,woods-cross-utah
https://www.ubereats.com/salt-lake-city/food-delivery/tonyburgers-100-w-%26-parrish-ln/872jsIRRT1uPpawJ_IbSDA,woods-cross-utah
https://www.ubereats.com/salt-lake-city/food-delivery/benihana-165-s-west-temple-bdlg%231/Oa4xz7GxSDuAsK37G06gQg,woods-cross-utah
https://www.ubereats.com/salt-lake-city/food-delivery/pizzeria-limone-salt-lake-city/ptV4LBYvQFOW46a2nhLHvQ,woods-cross-utah
https://www.ubereats.com/salt-lake-city/food-delivery/star-of-india/sBL7ZNRDSQ-4X5Any-BAYQ,woods-cross-utah
https://www.ubereats.com/salt-lake-city/food-delivery/the-robins-nest/S5kfoBnERQe9WXDox6Cq8Q,woods-cross-utah
https://www.ubereats.com/salt-lake-city/food-delivery/maize-tacos/7v7m0Jf4QwGnrYWus7Bdfw,woods-cross-utah
https://www.ubereats.com/salt-lake-city/food-delivery/wendys-363-north-market-place-drive/isko_W8pSGq0dw08t5z5tg,woods-cross-utah
https://www.ubereats.com/salt-lake-city/food-delivery/charlie-chows-dragon-grill/zHzyLAzyQ8uKlsyzpaUanw,woods-cross-utah
https://www.ubereats.com/salt-lake-city/food-delivery/el-pollo-loco-1110-s-300-w-3821/UbjQBIujShOeZUIxdz84Yg,woods-cross-utah
https://www.ubereats.com/salt-lake-city/food-delivery/squatters-pub-brewery/6trPnDbBTuqUMikc5EIIHA,woods-cross-utah
https://www.ubereats.com/salt-lake-city/food-delivery/spitz-salt-lake-city/iLVIgDxITwSBatAGZ_lrcQ,woods-cross-utah
https://www.ubereats.com/salt-lake-city/food-delivery/kfc-2450-south-redwood-road/OfAhkeqZShmDea4RUl531g,woods-cross-utah
https://www.ubereats.com/salt-lake-city/food-delivery/wendys-1005-n-500-east/4Bv7mIGYQu2vqjqZLBLY7w,woods-cross-utah
https://www.ubereats.com/salt-lake-city/food-delivery/papa-murphys-388-north-main-street/HERqCxM3R_-CEcg8g6pVSQ,woods-cross-utah
https://www.ubereats.com/salt-lake-city/food-delivery/taco-bell-509-west-500-south/9IUXbVcKSWuQdmVzZJfwPQ,woods-cross-utah
https://www.ubereats.com/salt-lake-city/food-delivery/noodles-%26-company-358-s-700-e-ste-a/0oxn6Qi0Rd-hsHVz5t-sJQ,woods-cross-utah
https://www.ubereats.com/salt-lake-city/food-delivery/del-taco-196-west-500-south/QRCwVxcCSa-XBxS_FeZmGQ,woods-cross-utah
https://www.ubereats.com/salt-lake-city/food-delivery/pleiku/aWMi5IggTNaw4xm0qQrkUQ,woods-cross-utah
https://www.ubereats.com/salt-lake-city/food-delivery/hires-big-h-salt-lake/edXOh7E_Sb64SCpMvK4nJw,woods-cross-utah
https://www.ubereats.com/salt-lake-city/food-delivery/pza-salt-lake-city/tkpyKIH3SGizvzquGH79Zw,woods-cross-utah
https://www.ubereats.com/salt-lake-city/food-delivery/papa-johns-1230-w-600-north/QXEORou4RdiGSSdgKk5mug,woods-cross-utah
https://www.ubereats.com/salt-lake-city/food-delivery/fried-rice-express-gourmet/0tf12WLoRNqNKo-fmjefdg,woods-cross-utah
https://www.ubereats.com/salt-lake-city/food-delivery/midici-the-neapolitan-pizza-company-salt-lake-city/uRM91esTQIerPSz2PzSYJw,woods-cross-utah
https://www.ubereats.com/salt-lake-city/food-delivery/tucanos-brazilian-grill-salt-lake-city/4FAEg1CoT-K2p0_yAE4AkQ,woods-cross-utah
https://www.ubereats.com/salt-lake-city/food-delivery/starbucks-crandall-building/skmBIZFMTk610ib7uQQNDA,woods-cross-utah
https://www.ubereats.com/salt-lake-city/food-delivery/padelis-street-greek-downtown/B2NkDu-LQz6H6A8M9otNTA,woods-cross-utah
https://www.ubereats.com/salt-lake-city/food-delivery/papa-johns-755-n-hiway-89/o1Zfe4uIRVC6MZSnfoodLQ,woods-cross-utah
https://www.ubereats.com/salt-lake-city/food-delivery/richs-burgers-n-grub/9irWCm9mQweFua_bV0MwtQ,woods-cross-utah
https://www.ubereats.com/salt-lake-city/food-delivery/arbys-355-north-800-west/9j2mneK_Q4qm8r1S7HWGTA,woods-cross-utah
https://www.ubereats.com/salt-lake-city/food-delivery/corner-bakery-cafe-175-w-500-s/mkcDb4CuQuKfAH1eArE-GA,woods-cross-utah
https://www.ubereats.com/salt-lake-city/food-delivery/subway-282-w-parrish-ln/MHmoDbk_RNKnOmUOvn74kw,woods-cross-utah
https://www.ubereats.com/salt-lake-city/food-delivery/burger-king-%236069-1660-west-north-temple/QV736oGBQ1W6dnRfgDbqGQ,woods-cross-utah
https://www.ubereats.com/salt-lake-city/food-delivery/vosens-bread-paradise/m4BSuFhuSJ6wdKuaGiIZ1g,woods-cross-utah
https://www.ubereats.com/salt-lake-city/food-delivery/panda-express-245-west-500-south-space-b/prR2PIuYRlGGW5ajCyOn_Q,woods-cross-utah
https://www.ubereats.com/salt-lake-city/food-delivery/blaze-pizza-260-n-university-drive/vl81F-yBT62eRpWb-_f_iA,woods-cross-utah
https://www.ubereats.com/salt-lake-city/food-delivery/mcdonalds-500-south/C3IYkBduSM6bRrtp1YYk6w,woods-cross-utah
https://www.ubereats.com/salt-lake-city/food-delivery/diversion-social-eatery/W8MthpWhRIKne1o2VRzNqw,woods-cross-utah
https://www.ubereats.com/salt-lake-city/food-delivery/mcdonalds-610-w-2600-s/M2N0R6WgRjm5o43p1ORv7Q,woods-cross-utah
https://www.ubereats.com/salt-lake-city/food-delivery/full-house-asian-bistro/01kAkm8wQiC084hY_5Ub1A,woods-cross-utah
https://www.ubereats.com/salt-lake-city/food-delivery/cold-stone-creamery-273-w-500-s/_aRAwCa2QzWle4GcWW0JoQ,woods-cross-utah
https://www.ubereats.com/salt-lake-city/food-delivery/megaplex-theaters-centerville/m8ji1GiCT4qNBFG0K-grzA,woods-cross-utah
https://www.ubereats.com/salt-lake-city/food-delivery/victors-restaurant/uKir7Si-STC0I5YeIKPaiQ,woods-cross-utah
https://www.ubereats.com/salt-lake-city/food-delivery/street-tacos/MLWCYRxzRWOFA6PqJ0bSSQ,woods-cross-utah
https://www.ubereats.com/salt-lake-city/food-delivery/pie-hole/dzL25I0lTW-cF3HDtu4z2A,woods-cross-utah
https://www.ubereats.com/salt-lake-city/food-delivery/cool-bros-pizza/HnG-ZukpRryvSFOXWhLKWg,woods-cross-utah
https://www.ubereats.com/salt-lake-city/food-delivery/burger-king-639-north-redwood-road/EG2fDxk0TgujcB4rzTUxDw,woods-cross-utah
https://www.ubereats.com/salt-lake-city/food-delivery/garage-on-beck/D9HDohvTRdmnrO1q0FY0-g,woods-cross-utah
https://www.ubereats.com/salt-lake-city/food-delivery/chipotle-mexican-grill-135-n-500-w-ste-a/7yB0BQ6XTummP-kxZFx3cA,woods-cross-utah
https://www.ubereats.com/salt-lake-city/food-delivery/barbacoa-mexican-grill-bountiful/-MMfFyKpT4ykDWNtLVwOsw,woods-cross-utah
https://www.ubereats.com/salt-lake-city/food-delivery/doki-doki/F_mCzcUXQWy5lY8LJ1iu0A,woods-cross-utah
https://www.ubereats.com/salt-lake-city/food-delivery/wok-lin-restaurant/6Kq9A6VjQ7KIpGLRyU8akQ,woods-cross-utah
https://www.ubereats.com/salt-lake-city/food-delivery/good-burger-city-creek-center/QljFFtEnTK6_ApkMM_PE9Q,woods-cross-utah
https://www.ubereats.com/salt-lake-city/food-delivery/freshfin-poke/_ya6Q-HwRRSZjU62EJ-Gsw,woods-cross-utah
https://www.ubereats.com/salt-lake-city/food-delivery/the-salad-guru-vr/szyKhpb9RI6NI-ia1urSEw,woods-cross-utah
https://www.ubereats.com/salt-lake-city/food-delivery/blue-lemon-salt-lake-city/CvTje5U9QxKI1NwysBFjug,woods-cross-utah
https://www.ubereats.com/salt-lake-city/food-delivery/donut-kabobs/yFTTwPSKQMW4bYnFvsKrfA,woods-cross-utah
https://www.ubereats.com/salt-lake-city/food-delivery/five-guys-ut-0409-255-north-500-west/YlBfBSxETxC-SWAJ0KjbbA,woods-cross-utah
https://www.ubereats.com/salt-lake-city/food-delivery/chipotle-mexican-grill-734-e-400-s/GuWszHXmSdSyMW1-oDUj7A,woods-cross-utah
https://www.ubereats.com/salt-lake-city/food-delivery/kfc-132-north-redwood-road/36TG1DvtTdKyYyIsY59gxA,woods-cross-utah
https://www.ubereats.com/salt-lake-city/food-delivery/starbucks-woods-cross-2600-s-and-i-15/T0wrrmJiS8apZJ9YZC_ttA,woods-cross-utah
https://www.ubereats.com/salt-lake-city/food-delivery/twigs-bistro-and-martini-bar-155-e-promontory/6P38Ye38TImZeyYZRiTWEg,woods-cross-utah
https://www.ubereats.com/salt-lake-city/food-delivery/papa-murphys-91-west-500-south/H6dzYF-aTpyAng0ATlpmUw,woods-cross-utah
https://www.ubereats.com/salt-lake-city/food-delivery/cafe-zupas-262-n-central-ave/kbX6ZpuKQsaEIkzS5Yq1wg,woods-cross-utah
https://www.ubereats.com/salt-lake-city/food-delivery/greek-souvlaki-downtown/7LU_zWqCTd2dVn7cT9G29g,woods-cross-utah
https://www.ubereats.com/salt-lake-city/food-delivery/pizzeria-limone-bountiful/TcdY8CEjSoabhkhDhldIXQ,woods-cross-utah
https://www.ubereats.com/salt-lake-city/food-delivery/megaplex-theaters-gateway/EX7dBIuZQhmEVuETJyLmiw,woods-cross-utah
https://www.ubereats.com/salt-lake-city/food-delivery/starbucks-centerville-starbucks/xxRPP2RBSouiugnIdx4Srg,woods-cross-utah
https://www.ubereats.com/salt-lake-city/food-delivery/buca-di-beppo-salt-lake-city/LEfdHHAdSz6xkfNdWKnfJQ,woods-cross-utah
