url,city
https://www.ubereats.com/new-jersey/food-delivery/jersey-mikes-144-e-broad-street/IBb49CwoSRqQ26c_dIPi0Q,woodbridge-township-new-jersey
https://www.ubereats.com/new-jersey/food-delivery/torres-cafe/LsG9-Gj0SIq-NsZ5nRzt1w,woodbridge-township-new-jersey
https://www.ubereats.com/new-jersey/food-delivery/subway-757-st-georges-ave/EoTVgE2HRBi13YevXe7UWw,woodbridge-township-new-jersey
https://www.ubereats.com/new-jersey/food-delivery/dunkin-531-n-wood-ave/Qss9GzwCS-2Vo9vpj3vr4Q,woodbridge-township-new-jersey
https://www.ubereats.com/new-jersey/food-delivery/domoko-sushi-and-ramen/snc7XXhGTr-OaMnsHJYlWQ,woodbridge-township-new-jersey
https://www.ubereats.com/new-jersey/food-delivery/krauszers/RBJhpCLqQvCqygjIxsKVqQ,woodbridge-township-new-jersey
https://www.ubereats.com/new-jersey/food-delivery/dairy-queen-treat-182-westfield-ave/rZZAbhawQoKci1wEDuj0Qw,woodbridge-township-new-jersey
https://www.ubereats.com/new-jersey/food-delivery/nirvanis-indian-kitchen/AdPMOAzNSPGkGm7b97vpXw,woodbridge-township-new-jersey
https://www.ubereats.com/new-jersey/food-delivery/medleys-express/axlRaRLAQnm6037Jso6NHQ,woodbridge-township-new-jersey
https://www.ubereats.com/new-jersey/food-delivery/jersey-mikes-subs-edison/ITHorPz4QV-zBokkmU9MoQ,woodbridge-township-new-jersey
https://www.ubereats.com/new-jersey/food-delivery/vegans-of-seitan/o17kBRBLTDqs6eqZ-LqPlQ,woodbridge-township-new-jersey
https://www.ubereats.com/new-jersey/food-delivery/jj-bitting-brewing-company/yt4WYNCgT-a4oCDtsSS7aw,woodbridge-township-new-jersey
https://www.ubereats.com/new-jersey/food-delivery/popeyes-perth-amboy/_QRhaAIwQAKlCQuuAkObOw,woodbridge-township-new-jersey
https://www.ubereats.com/new-jersey/food-delivery/popeyes-rahway/C7fcTS9sQA-tsqtu1B5Bdw,woodbridge-township-new-jersey
https://www.ubereats.com/new-jersey/food-delivery/sub-%26-co/sSkYl7n0R4O7l3FqAFgpVA,woodbridge-township-new-jersey
https://www.ubereats.com/new-jersey/food-delivery/main-moon-chinese-restaurant/U1sFcTt0QDqdweDtauG6aw,woodbridge-township-new-jersey
https://www.ubereats.com/new-jersey/food-delivery/naz/BFpUyoLdTeq7DYrQVCZTOQ,woodbridge-township-new-jersey
https://www.ubereats.com/new-jersey/food-delivery/lepeep-restaurant/ZVB9VhTkTranIjRDw8dUjw,woodbridge-township-new-jersey
https://www.ubereats.com/new-jersey/food-delivery/joes-bagel-%26-grill-cliffwood/nM-Uj5zRRzOqlua8pPMrNg,woodbridge-township-new-jersey
https://www.ubereats.com/new-jersey/food-delivery/mamis-cocina-mexican-food/rCY4v4F3TWaxcvg1jhcChA,woodbridge-township-new-jersey
https://www.ubereats.com/new-jersey/food-delivery/mithaas-edison/KTA7Lx5LRQCF_0LQn0K99Q,woodbridge-township-new-jersey
https://www.ubereats.com/new-jersey/food-delivery/subworks/v1Il2lXMTpalG78dABFp_Q,woodbridge-township-new-jersey
https://www.ubereats.com/new-jersey/food-delivery/charlies-bagel-%26-deli/MZaf_E9WRqaQd1Z6hX2h0w,woodbridge-township-new-jersey
https://www.ubereats.com/new-jersey/food-delivery/planet-smoothie-1701-w-edgar-rd/QRL97lgGTbCZ3yxHSiIvOw,woodbridge-township-new-jersey
https://www.ubereats.com/new-jersey/food-delivery/chandni-chowk/FLeHGLo4RImEVLlp6Z-RoA,woodbridge-township-new-jersey
https://www.ubereats.com/new-jersey/food-delivery/gong-cha-lotte-market/t2p9pdZfSFiI4DLeDlxHQw,woodbridge-township-new-jersey
https://www.ubereats.com/new-jersey/food-delivery/red-chutney-restaurant-%26-bar/9DJkl-6XQSGVHyCA3QttOQ,woodbridge-township-new-jersey
https://www.ubereats.com/new-jersey/food-delivery/dunkin-528-raritan-st/vCfDW1IwT7uUn26EKGbPUw,woodbridge-township-new-jersey
https://www.ubereats.com/new-jersey/food-delivery/ruby-thai-menlo-park-mall/WbNdmdceTYW5hl9KDFNqHw,woodbridge-township-new-jersey
https://www.ubereats.com/new-jersey/food-delivery/medleys-bayou/6s8W1lzuSsiFD9TZZtmJjQ,woodbridge-township-new-jersey
https://www.ubereats.com/new-jersey/food-delivery/wendys-853-convery-boulevard/eF6tQRkaTRm7xhjd013jYA,woodbridge-township-new-jersey
https://www.ubereats.com/new-jersey/food-delivery/mcdonalds-251-east-saint-george-ave/o4VvonpZRI-6UtUUH34LvA,woodbridge-township-new-jersey
https://www.ubereats.com/new-jersey/food-delivery/burger-king-803-roosevelt-avenue/J3P6_2t0Rnakt-SFgaRzEg,woodbridge-township-new-jersey
https://www.ubereats.com/new-jersey/food-delivery/jersey-mikes-683-w-edgar-road/hY5rYriLTNuRCHq7sqxCKw,woodbridge-township-new-jersey
https://www.ubereats.com/new-jersey/food-delivery/an-organic-cafe/tP9Ed5DzTuy4E4s90Qz4AQ,woodbridge-township-new-jersey
https://www.ubereats.com/new-jersey/food-delivery/tabaq-restaurant-%26-bbq/wWZtkBt-QOSpRONl2kwwXg,woodbridge-township-new-jersey
https://www.ubereats.com/new-jersey/food-delivery/bbq-chicken-edison-nj/N9ZC3wX5TbitcirxG6XW6w,woodbridge-township-new-jersey
https://www.ubereats.com/new-jersey/food-delivery/cheeks-chicken-fords/ofxNYRM0S32Du1q7yL3ReA,woodbridge-township-new-jersey
https://www.ubereats.com/new-jersey/food-delivery/sweet-waters-steak-house/305YtuDXSfSbJnIHWu6fLQ,woodbridge-township-new-jersey
https://www.ubereats.com/new-jersey/food-delivery/popeyes-menlo-park-mall/0RpTnV_PQUaR3pi0we3bZQ,woodbridge-township-new-jersey
https://www.ubereats.com/new-jersey/food-delivery/la-bon-bake-shoppes/kMRCDKdvSV2naazeZ1h3iA,woodbridge-township-new-jersey
https://www.ubereats.com/new-jersey/food-delivery/taco-bell-366-convery-blvd/E19Q8W3vQeKjtsuCG8JCDw,woodbridge-township-new-jersey
https://www.ubereats.com/new-jersey/food-delivery/chipotle-mexican-grill-349-lake-ave/bU42FnR5TNOz4zHiThtPFg,woodbridge-township-new-jersey
https://www.ubereats.com/new-jersey/food-delivery/edo-takeout/D8aQzpu7TqGc-v27anl8Rw,woodbridge-township-new-jersey
https://www.ubereats.com/new-jersey/food-delivery/masala-grill/vGPAN_ZDSuKGq5RhsFb53w,woodbridge-township-new-jersey
https://www.ubereats.com/new-jersey/food-delivery/cuban-cafe/-qEMf1TZTei7jA1ED7x5hw,woodbridge-township-new-jersey
https://www.ubereats.com/new-jersey/food-delivery/starbucks-edison-rte-1/CrEkiIg4QteX0XbQl6eGBQ,woodbridge-township-new-jersey
https://www.ubereats.com/new-jersey/food-delivery/goodfellows-pizza-%26-italian-specialties-fords/4wIxJSJITFGYwDZ0qCfe4g,woodbridge-township-new-jersey
https://www.ubereats.com/new-jersey/food-delivery/dunkin-1245-roosevelt-ave/oBFLZsubSBG-f5kP-sRZ_A,woodbridge-township-new-jersey
https://www.ubereats.com/new-jersey/food-delivery/wok-republic/lTq0IdMcQCSIQ1o4iDlOHQ,woodbridge-township-new-jersey
https://www.ubereats.com/new-jersey/food-delivery/petro-depo/JdkWrTocS6OOz5F_FtxptQ,woodbridge-township-new-jersey
https://www.ubereats.com/new-jersey/food-delivery/stephanies-great-american-kitchen/T-_lcf_qRtyftw71rjGwKA,woodbridge-township-new-jersey
https://www.ubereats.com/new-jersey/food-delivery/el-picoteo-dominicano/vJfYKdL7RsSUTqY26PG8Jw,woodbridge-township-new-jersey
https://www.ubereats.com/new-jersey/food-delivery/manhattan-bagel-sayreville/UfxCf6tVRBykB0OBWZm-Sw,woodbridge-township-new-jersey
https://www.ubereats.com/new-jersey/food-delivery/kfc-92-st-georges-avenue/plS3FuEUR6iwwLtsHgxliw,woodbridge-township-new-jersey
https://www.ubereats.com/new-jersey/food-delivery/angeethi-fine-indian/8sm-12RATQOEKW1mse0RDg,woodbridge-township-new-jersey
https://www.ubereats.com/new-jersey/food-delivery/sushi-saga/27x7InLuT5iWJwlzj1QHYg,woodbridge-township-new-jersey
https://www.ubereats.com/new-jersey/food-delivery/galaxy-express/_v0bNlgsRS6afzu6joo5qQ,woodbridge-township-new-jersey
https://www.ubereats.com/new-jersey/food-delivery/carvel-284-new-brunswick-avenue/ISRArFBKQuSk8t9SOGR5Sw,woodbridge-township-new-jersey
https://www.ubereats.com/new-jersey/food-delivery/knot-just-bagels/6kIIJkK_R9WuemsvguYw2A,woodbridge-township-new-jersey
https://www.ubereats.com/new-jersey/food-delivery/jezif-fried-chicken/LK-mynmvRfKk9WmBuDYcQQ,woodbridge-township-new-jersey
https://www.ubereats.com/new-jersey/food-delivery/ritas-italian-ice-woodbridge-755-st-george-ave/odb45AgHS6CUrsowLFm39g,woodbridge-township-new-jersey
https://www.ubereats.com/new-jersey/food-delivery/shezan/p1v3BayWT2qlNfBUVkcj1w,woodbridge-township-new-jersey
https://www.ubereats.com/new-jersey/food-delivery/dunkin-126-east-edgar-rd/1aPnEz2cRMOgwN0NPC40xw,woodbridge-township-new-jersey
https://www.ubereats.com/new-jersey/food-delivery/wakatay/nuJINJo6T3qEhvAs8DnOJQ,woodbridge-township-new-jersey
https://www.ubereats.com/new-jersey/food-delivery/two-ques-cafe/vixU4TnQRLqtvYAVhvwhQA,woodbridge-township-new-jersey
https://www.ubereats.com/new-jersey/food-delivery/dunkin-196-westfield-ave/d5uYRI60TnidP1qRvgJgYg,woodbridge-township-new-jersey
https://www.ubereats.com/new-jersey/food-delivery/ming-feng-chinese-restaurant/4TvvIAqsT0G6gitdHl1FfQ,woodbridge-township-new-jersey
https://www.ubereats.com/new-jersey/food-delivery/161-applebees-edison/ctNr9Dr_QgSfUZBWBSlRlw,woodbridge-township-new-jersey
https://www.ubereats.com/new-jersey/food-delivery/the-halal-spot/bQju6Ki4Rs6QvhBXBMfiug,woodbridge-township-new-jersey
https://www.ubereats.com/new-jersey/food-delivery/mis-angelitos-%26-grill/FE4wwHOMRCu5K07fsJVAeQ,woodbridge-township-new-jersey
https://www.ubereats.com/new-jersey/food-delivery/gulaab-bagh/lnS8jri0QzqAa1_uZe7QpA,woodbridge-township-new-jersey
https://www.ubereats.com/new-jersey/food-delivery/phattra/ENOBOmLpSJG7AJMgWFDblA,woodbridge-township-new-jersey
https://www.ubereats.com/new-jersey/food-delivery/haagen-dazs-330-menlo-park-mall/Q6REoR1kSEaYXhfOgkXmHg,woodbridge-township-new-jersey
https://www.ubereats.com/new-jersey/food-delivery/shalimar-king-of-sweets/KsVacAkHSY2TUqu4DrSDgg,woodbridge-township-new-jersey
https://www.ubereats.com/new-jersey/food-delivery/pantry-one-food-mart/faIyrb2VTb6g_zyJbPVYAw,woodbridge-township-new-jersey
https://www.ubereats.com/new-jersey/food-delivery/bistro-1051/UkwXnefMSqOnCDjJJgj30g,woodbridge-township-new-jersey
https://www.ubereats.com/new-jersey/food-delivery/penang-malaysian-%26-thai-cuisine/v95obJxvQY67pxhb2PVnfg,woodbridge-township-new-jersey
https://www.ubereats.com/new-jersey/food-delivery/u-yee-sushi-%26-hibachi/O35qE_UbTz6BSzUtfAI5TA,woodbridge-township-new-jersey
https://www.ubereats.com/new-jersey/food-delivery/burgerim/SmyMN9aIS7q0I9eT-daJKQ,woodbridge-township-new-jersey
https://www.ubereats.com/new-jersey/food-delivery/cake-makes-life-sweeter/-JiBtZZxRSSLHBC3Qk20Fg,woodbridge-township-new-jersey
https://www.ubereats.com/new-jersey/food-delivery/stylesinn-sports-bar-and-grill/TIYnrJ2RRca1zys-Hvng1A,woodbridge-township-new-jersey
https://www.ubereats.com/new-jersey/food-delivery/checkers-901-w-edgar-road/KFX9pXwHS0ajjjGSp9Xahw,woodbridge-township-new-jersey
https://www.ubereats.com/new-jersey/food-delivery/desi-galaxy-2/qYw8fpMTRZGUHMjcEQ3dVA,woodbridge-township-new-jersey
https://www.ubereats.com/new-jersey/food-delivery/white-castle-8-lafayette-rd/UPINEvTKRtePqPd_oY-NdQ,woodbridge-township-new-jersey
https://www.ubereats.com/new-jersey/food-delivery/clark-supreme-bagels/ypWb4yMjRG6RGWYRzyFS9Q,woodbridge-township-new-jersey
https://www.ubereats.com/new-jersey/food-delivery/costa-verde/yWf_ma5nTwCSmNULmqagJw,woodbridge-township-new-jersey
https://www.ubereats.com/new-jersey/food-delivery/shanghai-noodle-house/sJUM51YbT_2BAETBCwJ-kg,woodbridge-township-new-jersey
https://www.ubereats.com/new-jersey/food-delivery/raise-the-bar/w1JP2ASMQvubH73sixv8_g,woodbridge-township-new-jersey
https://www.ubereats.com/new-jersey/food-delivery/cubanu/e3wk7wDXRuixrSchKArwFg,woodbridge-township-new-jersey
https://www.ubereats.com/new-jersey/food-delivery/a-la-mode-creamery/tIohf-pRQt6iZdAswDetNw,woodbridge-township-new-jersey
https://www.ubereats.com/new-jersey/food-delivery/villa-borghese/c574eXklSPOHNU2HL0dHEA,woodbridge-township-new-jersey
https://www.ubereats.com/new-jersey/food-delivery/royal-kathiyawadi-restaurant/OOmyj23ZTG2fzC0VQWjdjQ,woodbridge-township-new-jersey
https://www.ubereats.com/new-jersey/food-delivery/pita-pan-1249-roosevelt-avenue/oYHC54k4TiuSi9ohj2s-HQ,woodbridge-township-new-jersey
https://www.ubereats.com/new-jersey/food-delivery/taco-bell-901-st-georges-ave/Og-87CUrSIiUUr50RgRIrA,woodbridge-township-new-jersey
https://www.ubereats.com/new-jersey/food-delivery/kulu-desserts-%26-dumpling-town/JnY0_QzyRm-Nh6miA1b_Vg,woodbridge-township-new-jersey
https://www.ubereats.com/new-jersey/food-delivery/buffalo-wild-wings-1701-w-edgar-rd/zrDitBZOQaOPtN6JbRXJpQ,woodbridge-township-new-jersey
https://www.ubereats.com/new-jersey/food-delivery/kwality-ice-cream/EjbzNDDCT7-EsiMaMP3GeA,woodbridge-township-new-jersey
https://www.ubereats.com/new-jersey/food-delivery/subway-1034-amboy-ave/JHXsg4A2RTS-8cqfhFpvpQ,woodbridge-township-new-jersey
https://www.ubereats.com/new-jersey/food-delivery/sankalp-restaurant/lPaKhnxvQnmgZkug1Gdt0A,woodbridge-township-new-jersey
https://www.ubereats.com/new-jersey/food-delivery/asian-express/gfU5iHmPSM6ofV93S00dpg,woodbridge-township-new-jersey
https://www.ubereats.com/new-jersey/food-delivery/urban-burger/AnmGNKSuR-KXHB_gRCgBww,woodbridge-township-new-jersey
https://www.ubereats.com/new-jersey/food-delivery/villa-stefano-pizzeria-%26-restaurant-raritan-rd/SgAHqHeYTw2_tgOk4u27xA,woodbridge-township-new-jersey
https://www.ubereats.com/new-jersey/food-delivery/burger-king-118-central-avenue/miKzKB8uRxWZh39EZKZMMg,woodbridge-township-new-jersey
https://www.ubereats.com/new-jersey/food-delivery/moes-southwest-grill-linden/zQQuMLiKT7aHG5EMJYUGPQ,woodbridge-township-new-jersey
https://www.ubereats.com/new-jersey/food-delivery/franks-trattoria-and-pizza-restaurant/atcj_E5eTA6wvU2SV_W3aQ,woodbridge-township-new-jersey
https://www.ubereats.com/new-jersey/food-delivery/old-city-cafe-and-grill/G9fyKNuMQmad3zfbfa4jYA,woodbridge-township-new-jersey
https://www.ubereats.com/new-jersey/food-delivery/kfc-419-us-route-1/IVngbry9TTOPY_GTlimoIg,woodbridge-township-new-jersey
https://www.ubereats.com/new-jersey/food-delivery/mcloones-woodbridge-grille/sr1LmWEXQVq8sB65WKlJIg,woodbridge-township-new-jersey
https://www.ubereats.com/new-jersey/food-delivery/carvel-1199-amboy-ave/GOPc7fHSQmeoEahp48AF8w,woodbridge-township-new-jersey
https://www.ubereats.com/new-jersey/food-delivery/baldi-cafe/HbzbjWXORMCx6KyDmAME6Q,woodbridge-township-new-jersey
https://www.ubereats.com/new-jersey/food-delivery/dunkin-1197-amboy-ave/AFBTXwkKQqK63RbkeMBEJg,woodbridge-township-new-jersey
https://www.ubereats.com/new-jersey/food-delivery/deli-expressions/m-HpTkX7RhaTAqe-tlzrPA,woodbridge-township-new-jersey
https://www.ubereats.com/new-jersey/food-delivery/plum-tomato/iYCx72GYTNGJPRfCEN6rjw,woodbridge-township-new-jersey
https://www.ubereats.com/new-jersey/food-delivery/lidias-cuban-kitchen/jeFqqz83SCOO3ybhkb9Duw,woodbridge-township-new-jersey
https://www.ubereats.com/new-jersey/food-delivery/chick-fil-a-1040-us-highway-1-n/qUqUzKiOTw6V_4Zsi9a18g,woodbridge-township-new-jersey
https://www.ubereats.com/new-jersey/food-delivery/cafe-amore/bFEhpkWeQNys5ewN3QIdlA,woodbridge-township-new-jersey
https://www.ubereats.com/new-jersey/food-delivery/sandwich-station/egBR-g7dQJy_6L7iMHh5Bg,woodbridge-township-new-jersey
https://www.ubereats.com/new-jersey/food-delivery/carvel-15-north-wood-avenue/BewmNSuET36gtAd7uGLK6g,woodbridge-township-new-jersey
https://www.ubereats.com/new-jersey/food-delivery/dunkin-971-route-1/M28fR3fTQWazbj7CXa1KLw,woodbridge-township-new-jersey
https://www.ubereats.com/new-jersey/food-delivery/dunkin-1189-green-st/GJPd-eYHT7i4eZ1-IAy1ug,woodbridge-township-new-jersey
https://www.ubereats.com/new-jersey/food-delivery/downtown-deli-cafe/EfgV1jIVRQKJ23pB7GTVvw,woodbridge-township-new-jersey
https://www.ubereats.com/new-jersey/food-delivery/liberty-bagel-cafe/mTkWUQ0PSXm6gznRPwoBYA,woodbridge-township-new-jersey
https://www.ubereats.com/new-jersey/food-delivery/mariachi-mexican-restaurant/5oV71q3gQxK1-NH47a94fg,woodbridge-township-new-jersey
https://www.ubereats.com/new-jersey/food-delivery/pastrami-%26-pickles/2t3IFt-6Ttawgt-4rELmhA,woodbridge-township-new-jersey
https://www.ubereats.com/new-jersey/food-delivery/duk-soo-goong-edison/jJZ_a4yHRcmAlX75RbmWwQ,woodbridge-township-new-jersey
https://www.ubereats.com/new-jersey/food-delivery/planet-wings/_jdQHo_wTWySdJCA1RrM9w,woodbridge-township-new-jersey
https://www.ubereats.com/new-jersey/food-delivery/wheelie-good-pierogi/6tdz1qs2TuWDZdKBFXLCuw,woodbridge-township-new-jersey
https://www.ubereats.com/new-jersey/food-delivery/the-irving-inn-social/eWQe2GwDShG6GGP3FUn72g,woodbridge-township-new-jersey
https://www.ubereats.com/new-jersey/food-delivery/four-seasons-thai-cuisine-authentic-thai/AquvtEqRTDGs_3qK2ZiIXw,woodbridge-township-new-jersey
https://www.ubereats.com/new-jersey/food-delivery/wingstop-edison/EgQN8UN5S4a3Wen_sCMAHg,woodbridge-township-new-jersey
https://www.ubereats.com/new-jersey/food-delivery/jezif-fried-chicken-and-pizza-815-roosevelt-ave/1JNDL1OkTi-tdIfiTPX0-A,woodbridge-township-new-jersey
https://www.ubereats.com/new-jersey/food-delivery/rahway-bagel/BAFMdCL7Ri24iTHXoGjpDg,woodbridge-township-new-jersey
https://www.ubereats.com/new-jersey/food-delivery/want-a-smoothie/F3OhEq6OSFiQct6w6NGoPg,woodbridge-township-new-jersey
https://www.ubereats.com/new-jersey/food-delivery/big-blues-italian-style-sub-shop/fCgFxNEiSGy8UakvsPQRtw,woodbridge-township-new-jersey
https://www.ubereats.com/new-jersey/food-delivery/blaze-pizza-1255-raritan-rd/nxWkvRNJQ_2W_5CEENPIOw,woodbridge-township-new-jersey
https://www.ubereats.com/new-jersey/food-delivery/mcdonalds-59-hwy-27/nSbuRcusSWm7hL1KlRJu6w,woodbridge-township-new-jersey
https://www.ubereats.com/new-jersey/food-delivery/ohmies-coffee-bar-%26-yoga-studio/r8juemexRaSFSlTKk9rHhA,woodbridge-township-new-jersey
https://www.ubereats.com/new-jersey/food-delivery/eggmania/0-QXY9LORpOKkPHnYNeLVQ,woodbridge-township-new-jersey
https://www.ubereats.com/new-jersey/food-delivery/mayas-fish-and-chips-carteret-virtual-restaurant/935y93HZS7-PBJikvFQsTQ,woodbridge-township-new-jersey
https://www.ubereats.com/new-jersey/food-delivery/baahubali-kitchen-%26-grill/KnBvMUfXRxCSgXCJBBje9w,woodbridge-township-new-jersey
https://www.ubereats.com/new-jersey/food-delivery/dunkin-82-garden-state-pkwy-s/UNDL3oWwRBmlKgOtH_8rhw,woodbridge-township-new-jersey
https://www.ubereats.com/new-jersey/food-delivery/havana-central-edison/zFyCp_ziT8WpMtDJx2v_jg,woodbridge-township-new-jersey
https://www.ubereats.com/new-jersey/food-delivery/burger-express/XwSwW22wQJ2ahu54xsQHkA,woodbridge-township-new-jersey
https://www.ubereats.com/new-jersey/food-delivery/bombay-spice-2/COKifvxbSCe0sAabCjQOIg,woodbridge-township-new-jersey
https://www.ubereats.com/new-jersey/food-delivery/kona-grill-woodbridge/MCcPDDOZSt6kZSHKCBspsQ,woodbridge-township-new-jersey
https://www.ubereats.com/new-jersey/food-delivery/sweeta-boos-cakery/W5ixhbpNQ7eclbD6tSytZw,woodbridge-township-new-jersey
https://www.ubereats.com/new-jersey/food-delivery/honest-restaurant-edison/1hTS6dKMSPaDKQKr30IXfw,woodbridge-township-new-jersey
https://www.ubereats.com/new-jersey/food-delivery/sewaren-cornet-deli/Ahb7XB1_SHaDogG5gi9k5w,woodbridge-township-new-jersey
https://www.ubereats.com/new-jersey/food-delivery/sigiri/8kqmCW1wRyi_G1ywj_HJ6w,woodbridge-township-new-jersey
https://www.ubereats.com/new-jersey/food-delivery/mos-convenience-%26-deli/Y6gwk1HXTXuMnwOyIL_yIA,woodbridge-township-new-jersey
https://www.ubereats.com/new-jersey/food-delivery/get-stuffed-jersey/suaF7jUGRwu1g8vEruvcdQ,woodbridge-township-new-jersey
https://www.ubereats.com/new-jersey/food-delivery/riyas-indian-restaurant/wtpFpEveSZKTKdYuXY9TXA,woodbridge-township-new-jersey
https://www.ubereats.com/new-jersey/food-delivery/rico-taco-mex/edocPV4LSSylDHRlbjHHsg,woodbridge-township-new-jersey
https://www.ubereats.com/new-jersey/food-delivery/stewart-root-beer/0op5Xy-eQdq4taPHXGMB1w,woodbridge-township-new-jersey
https://www.ubereats.com/new-jersey/food-delivery/estimes-cafe/SyWcBR0rSDqCLs3yIP1jQA,woodbridge-township-new-jersey
https://www.ubereats.com/new-jersey/food-delivery/casa-giuseppe-state-rte-27/QtALd-oQQpWGdicWZuwiLw,woodbridge-township-new-jersey
https://www.ubereats.com/new-jersey/food-delivery/the-greek-on-main/U7sNVAiJTCieApg8GXntDw,woodbridge-township-new-jersey
https://www.ubereats.com/new-jersey/food-delivery/177-chevys-linden/gZOv4ua6QfKnaOuVpPcTAw,woodbridge-township-new-jersey
https://www.ubereats.com/new-jersey/food-delivery/kr-kitchen/oNKwAponSlSceX-MzqHndQ,woodbridge-township-new-jersey
https://www.ubereats.com/new-jersey/food-delivery/new-rotikaa-foods/J8MaZfp8QcyOpnl3ne4F0A,woodbridge-township-new-jersey
https://www.ubereats.com/new-jersey/food-delivery/brooklyn-pizza/OrnZ7Ua_QQeSOu2BDRHHIA,woodbridge-township-new-jersey
https://www.ubereats.com/new-jersey/food-delivery/baguette-delite/1Pjcg_Q9Qk-yLduo5Tt6_A,woodbridge-township-new-jersey
https://www.ubereats.com/new-jersey/food-delivery/mcdonalds-330-rt-9-n/PnMs8-69QjKKJqTx7IU_wg,woodbridge-township-new-jersey
https://www.ubereats.com/new-jersey/food-delivery/tofu-house/Tg-dvJLXRVmCK_qYGvVxhA,woodbridge-township-new-jersey
https://www.ubereats.com/new-jersey/food-delivery/whats-the-scoop/BZlfJs_tTPWBE8JWwFcPVg,woodbridge-township-new-jersey
https://www.ubereats.com/new-jersey/food-delivery/la-vega-restaurant/nt6yKNstSCGzyoRv8YxuMw,woodbridge-township-new-jersey
https://www.ubereats.com/new-jersey/food-delivery/mcdonalds-saint-george-avenue/7XgXFpoAQC2e18NlX989hg,woodbridge-township-new-jersey
https://www.ubereats.com/new-jersey/food-delivery/pakvaan-desi-spice/tx7X5ATDSYikmxezbXJjoQ,woodbridge-township-new-jersey
https://www.ubereats.com/new-jersey/food-delivery/de-lo-mio-resturant/ZocQud4SQ9aRnEaXYH7low,woodbridge-township-new-jersey
https://www.ubereats.com/new-jersey/food-delivery/burger-king-147-new-brunswick-avenue/RwJZm8_-QYqLbQZJDkzlkg,woodbridge-township-new-jersey
https://www.ubereats.com/new-jersey/food-delivery/the-ice-cream-shop/1RZagnbXTA-kRG4iSOHyfQ,woodbridge-township-new-jersey
https://www.ubereats.com/new-jersey/food-delivery/shalimar-kandahar-afghani-and-turkish-restaurant/OiNlZBA7QIiRDfeG6dfWBw,woodbridge-township-new-jersey
https://www.ubereats.com/new-jersey/food-delivery/cinnabon-woodbridge-mall/S1xnbhhlRJCFvgD3e7XVXQ,woodbridge-township-new-jersey
https://www.ubereats.com/new-jersey/food-delivery/rustic-mill-diner/9W6d373bTHK6nxc8TrYk_A,woodbridge-township-new-jersey
https://www.ubereats.com/new-jersey/food-delivery/amano-pizza/h0GBJWhTTjKUB90JN84Vbw,woodbridge-township-new-jersey
https://www.ubereats.com/new-jersey/food-delivery/sonic-238-lafayette-avenue/27dlyZo3TKSxfsoWJcDteA,woodbridge-township-new-jersey
https://www.ubereats.com/new-jersey/food-delivery/royal-indian-restaurant/3qtaztvDSKyWl7_pOeYtfQ,woodbridge-township-new-jersey
https://www.ubereats.com/new-jersey/food-delivery/pasquallys-pizza-%26-wings-1120-rte-1-north/zbg8eKXtQKGq67PSClwi3Q,woodbridge-township-new-jersey
https://www.ubereats.com/new-jersey/food-delivery/savannahs-southern-belle/B0ZPyQP6TSejfUdASrzXGg,woodbridge-township-new-jersey
https://www.ubereats.com/new-jersey/food-delivery/kimchi/9nUPYZxXRauCYwYLM9H36Q,woodbridge-township-new-jersey
https://www.ubereats.com/new-jersey/food-delivery/sunshine-palace/CYB3lV0rQRCkaxOhkjcv7Q,woodbridge-township-new-jersey
https://www.ubereats.com/new-jersey/food-delivery/uncle-ralphs-restaurant/dglmR41SRTGVc22LnwNt9w,woodbridge-township-new-jersey
https://www.ubereats.com/new-jersey/food-delivery/abigails-cafe/gHa9WETHRFWCCwW3qR9cEQ,woodbridge-township-new-jersey
https://www.ubereats.com/new-jersey/food-delivery/dunkin-1230-raritan-rd/T9YS-E8VSxqkQCzQ2BrEyw,woodbridge-township-new-jersey
https://www.ubereats.com/new-jersey/food-delivery/ritas-italian-ice-hopelawn/ojAErXhTTnymAR8n3ISp7A,woodbridge-township-new-jersey
https://www.ubereats.com/new-jersey/food-delivery/subway-west-carteret/cEpvP5v0S5W5I44b_351sQ,woodbridge-township-new-jersey
https://www.ubereats.com/new-jersey/food-delivery/aoi-japanese-restaurant-%26-bar/7yx22j6lS_2Ldv-V8AyfhQ,woodbridge-township-new-jersey
https://www.ubereats.com/new-jersey/food-delivery/hummus-grill-menlo-park/RZORk-4NToiuiEUapxpMmQ,woodbridge-township-new-jersey
https://www.ubereats.com/new-jersey/food-delivery/dunkin-2880-woodbridge-ave/ewjEF7c0SmCUYziytWC2Cw,woodbridge-township-new-jersey
https://www.ubereats.com/new-jersey/food-delivery/big-shots-restaurant-%26-lounge/6Y0fcmi6Qbuh8JkNCV49nA,woodbridge-township-new-jersey
https://www.ubereats.com/new-jersey/food-delivery/calcutta-wok/tZV8RvRkQSm3rteU1Z0taw,woodbridge-township-new-jersey
https://www.ubereats.com/new-jersey/food-delivery/bella-ginas-italian-deli-1025-w-st-georges-ave/YMRR6JKbQB-jTsJZw5gesw,woodbridge-township-new-jersey
https://www.ubereats.com/new-jersey/food-delivery/red-onion/oB7ZZve7QKKzoJ1fFZxDLA,woodbridge-township-new-jersey
https://www.ubereats.com/new-jersey/food-delivery/big-shots-pizza-express/hq3T3kOuS_6o5qfdpxiOyg,woodbridge-township-new-jersey
https://www.ubereats.com/new-jersey/food-delivery/chipotle-mexican-grill-55-parsonage-rd/U9EQpmmkQ7-gTzfXLJdtiA,woodbridge-township-new-jersey
https://www.ubereats.com/new-jersey/food-delivery/el-texmex-burrito-%26-cafe/XLLl51jZRCGP86snEHU7UQ,woodbridge-township-new-jersey
https://www.ubereats.com/new-jersey/food-delivery/yummy-crab/wxef99XERjaBUd7iEf-Cmw,woodbridge-township-new-jersey
https://www.ubereats.com/new-jersey/food-delivery/mcdonalds-107-w-edgar-rd/ghTAcu2fTN-NWP_h2WNZLw,woodbridge-township-new-jersey
https://www.ubereats.com/new-jersey/food-delivery/kennedy-fried-chicken-halal/wxCkp5wmTmOIUsMNc4Q2EA,woodbridge-township-new-jersey
https://www.ubereats.com/new-jersey/food-delivery/boom-boom-chicken-edison/waNP0biXRPGm1mYSVjj1Aw,woodbridge-township-new-jersey
https://www.ubereats.com/new-jersey/food-delivery/papa-johns-52-lincoln-hwy/29QJCdeVQEmaHaahNBdz1w,woodbridge-township-new-jersey
https://www.ubereats.com/new-jersey/food-delivery/mcdonalds-753-st-georges-ave/E4jMxCEHR7KJ-a83STd9QA,woodbridge-township-new-jersey
https://www.ubereats.com/new-jersey/food-delivery/rodgers-real-bbq/WjIxLYyvSxOIb7jEwWygaA,woodbridge-township-new-jersey
https://www.ubereats.com/new-jersey/food-delivery/dunkin-848-us-1-and-tappen-st/-aBZdLJDQzyQJNU6SgQrpQ,woodbridge-township-new-jersey
https://www.ubereats.com/new-jersey/food-delivery/rinconcito-latino-restaurante/e-greh5ES_araCar5JM0dg,woodbridge-township-new-jersey
https://www.ubereats.com/new-jersey/food-delivery/la-breakfast-club/0ZxF3MRXTnWj3qJ_FvtjRQ,woodbridge-township-new-jersey
https://www.ubereats.com/new-jersey/food-delivery/sipos-bakery/g_eqHWqRTBWvtBzSyjhVDg,woodbridge-township-new-jersey
https://www.ubereats.com/new-jersey/food-delivery/bikanervala/JcfM_729RbOg3JY-YHAOaQ,woodbridge-township-new-jersey
https://www.ubereats.com/new-jersey/food-delivery/starbucks-rt-1-north-woodbridge/yToZfTi5S_mSmvaYbfe5ag,woodbridge-township-new-jersey
https://www.ubereats.com/new-jersey/food-delivery/aja-asian-cuisine-and-lounge/jv72oklRQ0qTJNXrOJXrtA,woodbridge-township-new-jersey
https://www.ubereats.com/new-jersey/food-delivery/burger-king-1140-st-george-avenue/Y1kMt9AdRV6Xq6FJUWAGWw,woodbridge-township-new-jersey
https://www.ubereats.com/new-jersey/food-delivery/gios-deli/PMcL7YvJRqW4_BOMiVCzJA,woodbridge-township-new-jersey
https://www.ubereats.com/new-jersey/food-delivery/tapas-bar-and-grill/SIZaAMDhS3K3eH7AODs9Ag,woodbridge-township-new-jersey
https://www.ubereats.com/new-jersey/food-delivery/feed-ya-soul/gK5EYUS6S5OUvzQk9TpvBQ,woodbridge-township-new-jersey
https://www.ubereats.com/new-jersey/food-delivery/guallpas-famous-pizza/VGiHA13gQLuWo13A2wTYUA,woodbridge-township-new-jersey
https://www.ubereats.com/new-jersey/food-delivery/dairy-queen-treat-982-us-highway-9/V2bZ-uGISKWTT_Io6VFBcg,woodbridge-township-new-jersey
https://www.ubereats.com/new-jersey/food-delivery/elixir-bar-and-grill/D5NoyrK6ShqyKAJnBceNQg,woodbridge-township-new-jersey
https://www.ubereats.com/new-jersey/food-delivery/qualitysweets/a6-dUAOtTZqd76ayxbpA1w,woodbridge-township-new-jersey
https://www.ubereats.com/new-jersey/food-delivery/phoenix-chinese-restaurant-raritan-rd/8MwyJPLzR8Sni0vwolgL7g,woodbridge-township-new-jersey
https://www.ubereats.com/new-jersey/food-delivery/coco-asian-cuisine/tOnWfziCRAGL0497sndy0w,woodbridge-township-new-jersey
https://www.ubereats.com/new-jersey/food-delivery/sonu-da-dhaba/K28O-vPZRyWmHD40SzRDHg,woodbridge-township-new-jersey
https://www.ubereats.com/new-jersey/food-delivery/duck-donuts-77-central-ave/IvrOAuMfQFq0ynHjsjYs8g,woodbridge-township-new-jersey
https://www.ubereats.com/new-jersey/food-delivery/new-york-fried-chicken-450-rahway-ave/XnXrL9uDRfyjBdKcauNpjw,woodbridge-township-new-jersey
https://www.ubereats.com/new-jersey/food-delivery/brooklyn-boys-pizza-%26-deli/s7-68ZwTQKKdnHzxbtUEjA,woodbridge-township-new-jersey
https://www.ubereats.com/new-jersey/food-delivery/chowpatty-restaurant/GI41lnP6S9CJOeUVv2e9Gg,woodbridge-township-new-jersey
https://www.ubereats.com/new-jersey/food-delivery/oakwood-pizza/x8GhWbFJQcuCRMUuZQVj_g,woodbridge-township-new-jersey
https://www.ubereats.com/new-jersey/food-delivery/ritas-italian-ice-1901-park-ave/Kq787TeITaK2MmeZn5dsrQ,woodbridge-township-new-jersey
https://www.ubereats.com/new-jersey/food-delivery/krauszers-deli-%26-grill/NYFmv_8cSzKT52CD5tKxiA,woodbridge-township-new-jersey
https://www.ubereats.com/new-jersey/food-delivery/woodbridge-deli/oPKw-8aMSQWqY8wyn54nWA,woodbridge-township-new-jersey
https://www.ubereats.com/new-jersey/food-delivery/houlihans-new-brunswick/whuz8hDFTZGiVdXheqJ6Kw,woodbridge-township-new-jersey
https://www.ubereats.com/new-jersey/food-delivery/amboy-deli-amboy-ave/DVeaZI3VRE-nlRViWnLNSg,woodbridge-township-new-jersey
https://www.ubereats.com/new-jersey/food-delivery/johnny-tequilas/Oqq5Xn8MQzWjuZwz3osAZQ,woodbridge-township-new-jersey
https://www.ubereats.com/new-jersey/food-delivery/sweetberry-bowls-woodbridge-township/b0ynfF6BQkWNfGLlkV19dw,woodbridge-township-new-jersey
https://www.ubereats.com/new-jersey/food-delivery/tgi-fridays-623-iselin-woodbridge-nj/w8dsz2zhS_eoLlCGzcHjuQ,woodbridge-township-new-jersey
https://www.ubereats.com/new-jersey/food-delivery/birds-burger-bar/nWRUrlAHRN2WTsYvR1ucvQ,woodbridge-township-new-jersey
https://www.ubereats.com/new-jersey/food-delivery/el-dorado-spanish-food/RzS8Pv5jR8KA9JSafUcD6A,woodbridge-township-new-jersey
https://www.ubereats.com/new-jersey/food-delivery/the-ice-cream-shop/suPrM2OeRkaDsonBzyuEJA,woodbridge-township-new-jersey
https://www.ubereats.com/new-jersey/food-delivery/dimples-bombaytalk/bAQXbfDhTj-9SYbpQqxokg,woodbridge-township-new-jersey
https://www.ubereats.com/new-jersey/food-delivery/papa-johns-state-st/pxo4yhmbTRyWIdZdiryKaQ,woodbridge-township-new-jersey
https://www.ubereats.com/new-jersey/food-delivery/stevens-ave-deli-liquor/xcwBPNGVT0awA7AuCXAqkg,woodbridge-township-new-jersey
https://www.ubereats.com/new-jersey/food-delivery/dunkin-30-route-27/IVyCvvF4T2SUJGsbtEUI1w,woodbridge-township-new-jersey
https://www.ubereats.com/new-jersey/food-delivery/dimples-khasiyat/nigN0zFERYaXP9inW4SOnw,woodbridge-township-new-jersey
https://www.ubereats.com/new-jersey/food-delivery/moghul/VMSM_u1zRqisrsJ-XqFAlQ,woodbridge-township-new-jersey
https://www.ubereats.com/new-jersey/food-delivery/oh-brians-on-the-green-the-pizza-bar/qgrDVp0mRHKhVupVCm9niw,woodbridge-township-new-jersey
https://www.ubereats.com/new-jersey/food-delivery/outback-steakhouse-481-us-highway-1/p9-3SbQ0RVmQT_dVzvKUmA,woodbridge-township-new-jersey
https://www.ubereats.com/new-jersey/food-delivery/rotondos-deli-%26-fine-food/p0nL99Y0She6_LtJt162sA,woodbridge-township-new-jersey
https://www.ubereats.com/new-jersey/food-delivery/spice-24/M5O4LxsjRUacjGU7npv9UA,woodbridge-township-new-jersey
https://www.ubereats.com/new-jersey/food-delivery/potatopia-menlo-park-mall/F3mgKfHVSq6RMc2-8LLKqg,woodbridge-township-new-jersey
https://www.ubereats.com/new-jersey/food-delivery/olivias-catering-%26-dining/rOpo_tYTT0SNDxQ2LJCbeg,woodbridge-township-new-jersey
https://www.ubereats.com/new-jersey/food-delivery/smashburger-1255-raritan-rd/dncjnAXZRkCQ2MSRKh8TcQ,woodbridge-township-new-jersey
https://www.ubereats.com/new-jersey/food-delivery/meson-tropical/dbaE5M79R4GbqEh8_CNQtQ,woodbridge-township-new-jersey
https://www.ubereats.com/new-jersey/food-delivery/bus-stop-diner-roosevelt-ave/E4LMZfVCTyCBuisCoBBnAQ,woodbridge-township-new-jersey
https://www.ubereats.com/new-jersey/food-delivery/las-americas-steak-house/9JfJw3UJRZCYCm1qkU2Lpg,woodbridge-township-new-jersey
https://www.ubereats.com/new-jersey/food-delivery/chipotle-mexican-grill-1255-raritan-rd-unit-410/4o3hP_gERr6r0ZLT3yqA-w,woodbridge-township-new-jersey
https://www.ubereats.com/new-jersey/food-delivery/wood-stack-pizza-kitchen-metuchen/yB3MH2KYSVKl0zMZ7dcIwg,woodbridge-township-new-jersey
https://www.ubereats.com/new-jersey/food-delivery/persis-biryani-indian-grill/qoZhPgegSUC94j7v00ul4Q,woodbridge-township-new-jersey
https://www.ubereats.com/new-jersey/food-delivery/east-cafe/R-SXvSCdT26B52IjjOrU3A,woodbridge-township-new-jersey
https://www.ubereats.com/new-jersey/food-delivery/just-subs/A7dgV2LjRjeUlJSP57cExw,woodbridge-township-new-jersey
https://www.ubereats.com/new-jersey/food-delivery/shivaji-indian-express/HVtHKM_sTYi8IoW7ZyHjiQ,woodbridge-township-new-jersey
https://www.ubereats.com/new-jersey/food-delivery/sunshine-grill/IQa-20KoR8CckhZKPGbquA,woodbridge-township-new-jersey
https://www.ubereats.com/new-jersey/food-delivery/mannys-diner-clark/HblgsSnUQpiUKcwI_X2m5w,woodbridge-township-new-jersey
https://www.ubereats.com/new-jersey/food-delivery/new-empire-asian/S2WEbq5-Tn-x_MVZTm00yg,woodbridge-township-new-jersey
https://www.ubereats.com/new-jersey/food-delivery/gelato-smoothie/FeCCcySnTrK8aD-T14nCew,woodbridge-township-new-jersey
https://www.ubereats.com/new-jersey/food-delivery/burger-king-173-wood-avenue/hWKlzlYtQmGr40BE8Ifg7g,woodbridge-township-new-jersey
https://www.ubereats.com/new-jersey/food-delivery/us-fried-chicken-%26-pizza/FkiRbBbxT6S_3WTLUnrSZQ,woodbridge-township-new-jersey
https://www.ubereats.com/new-jersey/food-delivery/jezif-fried-chicken-and-pizza/mRbsZQOIQdquOQDGOuq7Pg,woodbridge-township-new-jersey
https://www.ubereats.com/new-jersey/food-delivery/frappe-joe-coffee/_aQ5krgbSxq8qE0CGotCCQ,woodbridge-township-new-jersey
https://www.ubereats.com/new-jersey/food-delivery/bombay-blue/9EKvZZVJTGmGy-y8j8nXOg,woodbridge-township-new-jersey
https://www.ubereats.com/new-jersey/food-delivery/daves-hot-dogs/egN9lgo4SoK8Ex48kpIdGA,woodbridge-township-new-jersey
https://www.ubereats.com/new-jersey/food-delivery/primo-pizzeria/fbLqyYV4Sg6jsHM4JYhrxA,woodbridge-township-new-jersey
https://www.ubereats.com/new-jersey/food-delivery/taco-bell-1131-inman-avenue/m5-ib-NPScmQNiJv5ZDROQ,woodbridge-township-new-jersey
https://www.ubereats.com/new-jersey/food-delivery/shahi-palace/F41h8bjdT9Cvxq5VMPrphA,woodbridge-township-new-jersey
https://www.ubereats.com/new-jersey/food-delivery/sazon-con-fuego/sS9AduhXRbWjbiF8p7ROAQ,woodbridge-township-new-jersey
https://www.ubereats.com/new-jersey/food-delivery/king-kabab-%26-curry-inc/Mfbhxsl4RXChvd15aiuYrg,woodbridge-township-new-jersey
https://www.ubereats.com/new-jersey/food-delivery/krauszers-deli/WmPL4v4nTsibK8dzZJW54Q,woodbridge-township-new-jersey
https://www.ubereats.com/new-jersey/food-delivery/ihop-106-nj-36/uV4XqUw6Q6a_N97W2jjPUA,woodbridge-township-new-jersey
https://www.ubereats.com/new-jersey/food-delivery/chopstick/x2PzltCjTDeWmJBq49KPkw,woodbridge-township-new-jersey
https://www.ubereats.com/new-jersey/food-delivery/taco-bell-981-us-highway-9/GwtvN1Q-S7yqTM-hg960eQ,woodbridge-township-new-jersey
https://www.ubereats.com/new-jersey/food-delivery/millers-ale-house-woodbridge/W1AsoaYTQWuhmiJlFGnwGw,woodbridge-township-new-jersey
https://www.ubereats.com/new-jersey/food-delivery/crown-fried-chicken-109-smith-st/kMNJPnkwR16NAfqccpMxWw,woodbridge-township-new-jersey
https://www.ubereats.com/new-jersey/food-delivery/subway-carteret/LCMfq_v1QjCLEb_Ra1PmKQ,woodbridge-township-new-jersey
https://www.ubereats.com/new-jersey/food-delivery/eggwich/nYdEM-uVQP-NuUTBrE9rDw,woodbridge-township-new-jersey
https://www.ubereats.com/new-jersey/food-delivery/biryani-pot/-LsnTZiXSyWPUwvpEcZPjw,woodbridge-township-new-jersey
https://www.ubereats.com/new-jersey/food-delivery/paratha-paradise/x012SrVHRAqKRcw9IGf8eg,woodbridge-township-new-jersey
https://www.ubereats.com/new-jersey/food-delivery/lotsa-balls/bYMv1Q-ISHKLn_tO1_NrKw,woodbridge-township-new-jersey
https://www.ubereats.com/new-jersey/food-delivery/thai-amarin/u2A4OFRvTvmlYvJe92B81w,woodbridge-township-new-jersey
https://www.ubereats.com/new-jersey/food-delivery/friendlys-metuchen-550-middlesex-ave/bHh0kAYfQLmklFnHD6xDdw,woodbridge-township-new-jersey
https://www.ubereats.com/new-jersey/food-delivery/chef-tan-fords/KreWtV7_S4CwSpOXqFaGVw,woodbridge-township-new-jersey
https://www.ubereats.com/new-jersey/food-delivery/el-carbon-restaurant/Eh7cNxvdTOybCqKhS8yPTA,woodbridge-township-new-jersey
https://www.ubereats.com/new-jersey/food-delivery/playa-bowls-edison/6dFrOYVJQ-6w-wm-k6_2rg,woodbridge-township-new-jersey
https://www.ubereats.com/new-jersey/food-delivery/singas-famous-pizza-edison/D2T4EdXsTLGVNIKe5MiQCg,woodbridge-township-new-jersey
https://www.ubereats.com/new-jersey/food-delivery/sri-dosa-place/NVA9cxIbTuaeSLboPmQssQ,woodbridge-township-new-jersey
https://www.ubereats.com/new-jersey/food-delivery/panda-express-1255-raritan-road/beUBVdGaT02CSxRyYZBCBA,woodbridge-township-new-jersey
https://www.ubereats.com/new-jersey/food-delivery/mcdonalds-1511-route-1/ssu0ECc0TVq8VJCty8FoGg,woodbridge-township-new-jersey
https://www.ubereats.com/new-jersey/food-delivery/taste-of-jamaica-1/18nHw2bkRJ6MSusGRQdIkQ,woodbridge-township-new-jersey
https://www.ubereats.com/new-jersey/food-delivery/burger-king-155-woodbridge-center-drive/jKwqT5J5TWqj6ayzGfArlA,woodbridge-township-new-jersey
https://www.ubereats.com/new-jersey/food-delivery/red-robin-660-264-woodbridge-center-dr/usywZBjfT_-qcPWE65Y5nQ,woodbridge-township-new-jersey
https://www.ubereats.com/new-jersey/food-delivery/sushio-asian-bistro/uq-B7SSUTkWb0Ok-I0y5ZQ,woodbridge-township-new-jersey
https://www.ubereats.com/new-jersey/food-delivery/dunkin-1655-st-georges-ave/VdYwzKibSg-jzf4m_JLeww,woodbridge-township-new-jersey
https://www.ubereats.com/new-jersey/food-delivery/mamajuana-cafe-woodbridge/orZHeJsRRsWPCfDSvMGtFw,woodbridge-township-new-jersey
https://www.ubereats.com/new-jersey/food-delivery/taqueria-los-gueros-new-brunswick-ave-nj/FY2aX7K4TNClnOMSwbBT8Q,woodbridge-township-new-jersey
https://www.ubereats.com/new-jersey/food-delivery/friendlys-1463-raritan-rd/izBeMB5wTk-zCUn_jllXEA,woodbridge-township-new-jersey
https://www.ubereats.com/new-jersey/food-delivery/pot-master/sh249hgdQAm_cHr1IadC-Q,woodbridge-township-new-jersey
https://www.ubereats.com/new-jersey/food-delivery/jamba-juice-55-parsonage-rd-space-2445/I4cRd-5rTYawqCsfU_c9Vw,woodbridge-township-new-jersey
https://www.ubereats.com/new-jersey/food-delivery/cabral-restaurant/7rmTkS_QQZ6AQNm5isgkTQ,woodbridge-township-new-jersey
https://www.ubereats.com/new-jersey/food-delivery/phillippos-pizza-raritan-rd/s6Cr96wfSr2m-LxSoDroLA,woodbridge-township-new-jersey
https://www.ubereats.com/new-jersey/food-delivery/buffalo-wild-wings-625-us-highway-1-s/HsUwHpmRQX6O1zNHnpU9xA,woodbridge-township-new-jersey
https://www.ubereats.com/new-jersey/food-delivery/halal-buns-1249-roosevelt-avenue/6wBS3gqgS7icIbGeFlhvPw,woodbridge-township-new-jersey
https://www.ubereats.com/new-jersey/food-delivery/sandwich-time-deli-%26-tex-mex/LnGWTD36TTyD-3JYcE-X3g,woodbridge-township-new-jersey
https://www.ubereats.com/new-jersey/food-delivery/magliones-italian-ice/9lXeuu7BRlavlA5_qmE3lg,woodbridge-township-new-jersey
https://www.ubereats.com/new-jersey/food-delivery/mansi-express/FW-wR311SJiKUDnPoql5Rw,woodbridge-township-new-jersey
https://www.ubereats.com/new-jersey/food-delivery/kfc-1100-route-9-south/kslzHV8-QnSOpXZK_956Zg,woodbridge-township-new-jersey
https://www.ubereats.com/new-jersey/food-delivery/kennedy-fried-chicken-halal-fords/oXPhg9lPRjaN3r7tQkttwA,woodbridge-township-new-jersey
https://www.ubereats.com/new-jersey/food-delivery/masala-twist-and-grill/fE_yUipNT3iFwc36-uWsXw,woodbridge-township-new-jersey
https://www.ubereats.com/new-jersey/food-delivery/blu-alehouse/-ifJHWVWRP2Qro9Jt00Xkw,woodbridge-township-new-jersey
https://www.ubereats.com/new-jersey/food-delivery/chipotle-mexican-grill-318-us-highway-9-n/-j6f5GG0QxW0FbCVaMq63Q,woodbridge-township-new-jersey
https://www.ubereats.com/new-jersey/food-delivery/taco-bell-160-south-avenue/KSwuUepcTrSf5Hby1B2IqQ,woodbridge-township-new-jersey
https://www.ubereats.com/new-jersey/food-delivery/biryani-king-bbq-grill/qPsWmEZjSjuqGyTdgxCkyQ,woodbridge-township-new-jersey
https://www.ubereats.com/new-jersey/food-delivery/kcs-pizzeria/D5RVUcOfTS-fLPDRXlLbWA,woodbridge-township-new-jersey
https://www.ubereats.com/new-jersey/food-delivery/dragonfly/iHFlA9RGQzmaaLdRUSKxVQ,woodbridge-township-new-jersey
https://www.ubereats.com/new-jersey/food-delivery/excuse-my-french-toast/mIuoibb2R7K5jEjlmDg_Og,woodbridge-township-new-jersey
https://www.ubereats.com/new-jersey/food-delivery/bk-corner-deli-and-continence-store/RI5XBCIQTT2aOh42koGlJQ,woodbridge-township-new-jersey
https://www.ubereats.com/new-jersey/food-delivery/asian-garden/5Ihma7WQQvq_sJUNDgKb_w,woodbridge-township-new-jersey
https://www.ubereats.com/new-jersey/food-delivery/sushi-palace/t2Ar34ZPRhqE-rXRBi3IlA,woodbridge-township-new-jersey
https://www.ubereats.com/new-jersey/food-delivery/taco-bell-133-saint-georges-ave/TxG5TqXZSpS4xVM1ukDf-Q,woodbridge-township-new-jersey
https://www.ubereats.com/new-jersey/food-delivery/kennedy-fried-chicken-smith-street-halal/dNvnyXc-Sra41w2OnyuQhQ,woodbridge-township-new-jersey
https://www.ubereats.com/new-jersey/food-delivery/quick-stop-deli-perth-amboy/uPag-MUQRciGO-dcZi7MBw,woodbridge-township-new-jersey
https://www.ubereats.com/new-jersey/food-delivery/zulia-grill/NkjT8hEYQsSkwHwMWLq6dQ,woodbridge-township-new-jersey
https://www.ubereats.com/new-jersey/food-delivery/krispy-krunchy-chicken-edison/DMKmLitFRt-ZaFjkyHUtlA,woodbridge-township-new-jersey
https://www.ubereats.com/new-jersey/food-delivery/central-park/Il6Fjf36Q7ikmROyFW1IAA,woodbridge-township-new-jersey
https://www.ubereats.com/new-jersey/food-delivery/boston-market-1560-st-georges-avenue/nYBRXN6MQk6oJKBijKz6Ww,woodbridge-township-new-jersey
https://www.ubereats.com/new-jersey/food-delivery/mcdonalds-108-central-ave/YKOkEN1uQuioUNIgum9UOg,woodbridge-township-new-jersey
https://www.ubereats.com/new-jersey/food-delivery/burger-king-940-us-highway-9/oY3nfdvYT26ErbxcQDEyog,woodbridge-township-new-jersey
https://www.ubereats.com/new-jersey/food-delivery/haveli-punjab-di/GW4NZhpBRKaRUMeZL6ii9A,woodbridge-township-new-jersey
https://www.ubereats.com/new-jersey/food-delivery/madina-halal-platter/20uVE980R2uN3lsQ768i4A,woodbridge-township-new-jersey
https://www.ubereats.com/new-jersey/food-delivery/noodles-plus/TlOO3qHESQC3d4vrX8vxAQ,woodbridge-township-new-jersey
https://www.ubereats.com/new-jersey/food-delivery/old-havana-cuban-cuisine-westfield/7R1q6Tl4SPCBno8iwM_YyQ,woodbridge-township-new-jersey
https://www.ubereats.com/new-jersey/food-delivery/carvel-1191-saint-georges-ave/DDJNA52fSWKJwZT45JYoHQ,woodbridge-township-new-jersey
https://www.ubereats.com/new-jersey/food-delivery/india-palace/xH50DjHJQ_aUtTB8Lz0XWw,woodbridge-township-new-jersey
https://www.ubereats.com/new-jersey/food-delivery/maki-of-japan/btwr7HKYRJmXW5zF2xnfQw,woodbridge-township-new-jersey
https://www.ubereats.com/new-jersey/food-delivery/sukhadias-gokul-iselin/a2hRP8nBSpGhbIHKH7LI4A,woodbridge-township-new-jersey
https://www.ubereats.com/new-jersey/food-delivery/real-fruit-bubble-tea-menlo-park-mall-us/66cWVs6SQEKQp9enrhHQXQ,woodbridge-township-new-jersey
https://www.ubereats.com/new-jersey/food-delivery/dunkin-1800-route-1/IMrGIL0AS22eHjt9M5Fmng,woodbridge-township-new-jersey
https://www.ubereats.com/new-jersey/food-delivery/brewed-awakening/qqojqRhHS2uzw6yyxaJGKA,woodbridge-township-new-jersey
https://www.ubereats.com/new-jersey/food-delivery/taj-chef-a-charminar/sfHG_k-fRpq-Dfw5008VpQ,woodbridge-township-new-jersey
https://www.ubereats.com/new-jersey/food-delivery/deli-king-of-clark/qO93EYNgTxq0bRFYRB2_9g,woodbridge-township-new-jersey
https://www.ubereats.com/new-jersey/food-delivery/dennys-1286-st-georges-ave/Z6hLTvk9RKyy1cK1YveAQA,woodbridge-township-new-jersey
https://www.ubereats.com/new-jersey/food-delivery/dunkin-539-inman-ave/OnFHBKy2QpCoi6omuq-yyQ,woodbridge-township-new-jersey
https://www.ubereats.com/new-jersey/food-delivery/deccan-delights/ZsQ-c-hQRbGYln0hCYKxNw,woodbridge-township-new-jersey
https://www.ubereats.com/new-jersey/food-delivery/colonia-bbq/VWWcOEMXQ1i0P_gFBP_TUw,woodbridge-township-new-jersey
https://www.ubereats.com/new-jersey/food-delivery/cold-stone-creamery-linden/v_4VYjT_SL2fzDzvfiPh8A,woodbridge-township-new-jersey
https://www.ubereats.com/new-jersey/food-delivery/dunkin-926-saint-georges-ave/gz_rMizpR3SjSuDq-PUL2w,woodbridge-township-new-jersey
https://www.ubereats.com/new-jersey/food-delivery/shan-e-punjab/9Lb-5EEHR9KVsdbINbacXg,woodbridge-township-new-jersey
https://www.ubereats.com/new-jersey/food-delivery/fords-pizza-restaurant/aVscTSU5Rn-aDQCyA9CqEA,woodbridge-township-new-jersey
https://www.ubereats.com/new-jersey/food-delivery/shalimar-grill/a7RUJtFvSxWMBDHSPWpxnw,woodbridge-township-new-jersey
https://www.ubereats.com/new-jersey/food-delivery/rajdhani-restaurant/FkNhToxFSXuZkMIvCEAk0g,woodbridge-township-new-jersey
https://www.ubereats.com/new-jersey/food-delivery/tio-juans-margaritas-mexican-restaurant-metuchen/uHkbVxBvTx61TRjc9otg9g,woodbridge-township-new-jersey
https://www.ubereats.com/new-jersey/food-delivery/sandwich-time-deli-%26-tex-mex-keasbey/6ilGqIShQ26M_neUBCYxwQ,woodbridge-township-new-jersey
https://www.ubereats.com/new-jersey/food-delivery/yaraku-ramen/CEku3W-XS6i_NCanrBG93Q,woodbridge-township-new-jersey
https://www.ubereats.com/new-jersey/food-delivery/jersey-fried-chicken/GU5yADgtS0WUWHNIXlxIiQ,woodbridge-township-new-jersey
https://www.ubereats.com/new-jersey/food-delivery/skylark-diner/RSqhAO6bSB6861h5LEX7PQ,woodbridge-township-new-jersey
https://www.ubereats.com/new-jersey/food-delivery/e_n_tdelight/3S50YR-1QCOWSxUeD0Gdig,woodbridge-township-new-jersey
https://www.ubereats.com/new-jersey/food-delivery/daisys-food-store-inc/_0skagzfQu2aorsaJ3OdhA,woodbridge-township-new-jersey
https://www.ubereats.com/new-jersey/food-delivery/the-ice-cream-shop/mW_1hTB_RY-ytTcHoaJXlQ,woodbridge-township-new-jersey
https://www.ubereats.com/new-jersey/food-delivery/dunkin-2105-rte-1-north/uMSjVDT8QwyOaGXXzM-Jmg,woodbridge-township-new-jersey
https://www.ubereats.com/new-jersey/food-delivery/burger-town/73iQqrHdRe2UJpHywngfPw,woodbridge-township-new-jersey
https://www.ubereats.com/new-jersey/food-delivery/colonia-supreme-bagels/Li52GsLDRjKB3YP9fn4ycA,woodbridge-township-new-jersey
https://www.ubereats.com/new-jersey/food-delivery/gyros-corner/b1F1cRuRQlGMIQNqIJhfAA,woodbridge-township-new-jersey
https://www.ubereats.com/new-jersey/food-delivery/dunkin-2193-route-27/eKx7tE4XSVKUWhZ8rvM7QA,woodbridge-township-new-jersey
https://www.ubereats.com/new-jersey/food-delivery/bollywood-bites/Uvm6zgiwSBCIMuFnWiieKA,woodbridge-township-new-jersey
https://www.ubereats.com/new-jersey/food-delivery/stewarts-all-american-grill/GN-AVbHhSsGRQyhVXCBPdA,woodbridge-township-new-jersey
https://www.ubereats.com/new-jersey/food-delivery/fire-n-ice/B2OiFIuORV2-0El5UDUj7w,woodbridge-township-new-jersey
https://www.ubereats.com/new-jersey/food-delivery/new-rice-bowl/aktr-jwqRGaLhpuDSsy-WQ,woodbridge-township-new-jersey
https://www.ubereats.com/new-jersey/food-delivery/the-fontainbleau-diner/de9kL6WuTMCdlZ-8K801PQ,woodbridge-township-new-jersey
https://www.ubereats.com/new-jersey/food-delivery/keum-ho-garden/QQxgbsDnQvisIZAa-QPquw,woodbridge-township-new-jersey
https://www.ubereats.com/new-jersey/food-delivery/amici-iii-ristorante/kPgWVXjyQmml2NevEewPGw,woodbridge-township-new-jersey
https://www.ubereats.com/new-jersey/food-delivery/154-applebees-woodbridge/d16HBqsjRmeSA01c5gvOIg,woodbridge-township-new-jersey
https://www.ubereats.com/new-jersey/food-delivery/juice-hub/NgRtacvkRBaWSj_qN1iMwg,woodbridge-township-new-jersey
https://www.ubereats.com/new-jersey/food-delivery/two-guyz-international-deli-and-desserts/QFFTWBPpT8-FUbzd-GPcAA,woodbridge-township-new-jersey
https://www.ubereats.com/new-jersey/food-delivery/cafe-one/RkqH9yzSTkWQ0zOgj7DUXQ,woodbridge-township-new-jersey
https://www.ubereats.com/new-jersey/food-delivery/amsterdam-alley/2C096ozmSEuCPxK0AOOcpQ,woodbridge-township-new-jersey
https://www.ubereats.com/new-jersey/food-delivery/slider-up/9HR12kfuROKoPni9hfOMHg,woodbridge-township-new-jersey
https://www.ubereats.com/new-jersey/food-delivery/rasoi-fine-indian-cuisine/WVQ_SNHQSlCkgM-W_Yx97A,woodbridge-township-new-jersey
https://www.ubereats.com/new-jersey/food-delivery/the-colonial-restaurant/ElFN3rFkSPi9JJLd18Ulow,woodbridge-township-new-jersey
https://www.ubereats.com/new-jersey/food-delivery/burger-king-1005-south-stiles-street/Nra7loTmQTq9TUOgL54xxQ,woodbridge-township-new-jersey
https://www.ubereats.com/new-jersey/food-delivery/zaika-bbq-%26-grill/g17PAuIOTyCgfkK-NRU_AA,woodbridge-township-new-jersey
https://www.ubereats.com/new-jersey/food-delivery/bellinis/9Gw_KEqnQlOFN5kEbD1THw,woodbridge-township-new-jersey
https://www.ubereats.com/new-jersey/food-delivery/163-applebees-linden/FfusQOYxQFO7XY1eBjct5w,woodbridge-township-new-jersey
https://www.ubereats.com/new-jersey/food-delivery/amazing-bagel-parlin/xy_Zm8Y7ToeKQlBh-zMdxg,woodbridge-township-new-jersey
https://www.ubereats.com/new-jersey/food-delivery/jj-latin-american-grill/WQOH06BNQHSDLJUqEvG69g,woodbridge-township-new-jersey
https://www.ubereats.com/new-jersey/food-delivery/new-fon-garden-chinese/osRWfkZmRLqfWjkLfiwBQw,woodbridge-township-new-jersey
https://www.ubereats.com/new-jersey/food-delivery/olive-press-eatery/_Lb6zFZ5SVC2JxBxjbql4A,woodbridge-township-new-jersey
https://www.ubereats.com/new-jersey/food-delivery/mulberry-street-restaurant/p34DIwdzQOSpX4XI_Rb8iA,woodbridge-township-new-jersey
https://www.ubereats.com/new-jersey/food-delivery/mi-tierra/NdLSkMshSsCFYaOLngc5iw,woodbridge-township-new-jersey
https://www.ubereats.com/new-jersey/food-delivery/mcdonalds-835-roosevelt-ave/hYaEpBtnRr28eqsCkXy5sw,woodbridge-township-new-jersey
https://www.ubereats.com/new-jersey/food-delivery/the-kabab-factory/B-55RYgGTL284C96R0pDdQ,woodbridge-township-new-jersey
https://www.ubereats.com/new-jersey/food-delivery/kfc-1235-south-avenue/naahWrV_TeWHOye5AJS2-w,woodbridge-township-new-jersey
https://www.ubereats.com/new-jersey/food-delivery/qdoba-mexican-grill-770-us-route-1-n/mKnQK3s-Swa4yPBJmVS9DA,woodbridge-township-new-jersey
https://www.ubereats.com/new-jersey/food-delivery/little-caesars-1236-st-george-ave/sEjFx3CJR0-z5oja9BlE1g,woodbridge-township-new-jersey
https://www.ubereats.com/new-jersey/food-delivery/five-star-italian-deli/dCnEF8rrTS6HQmRa69OOtg,woodbridge-township-new-jersey
https://www.ubereats.com/new-jersey/food-delivery/kennedy-fried-chicken-and-pizza-halal/_IuUJ_R1R56cQIGI5t9PSA,woodbridge-township-new-jersey
https://www.ubereats.com/new-jersey/food-delivery/jazzys-juice-joint/2ZgAsagjRvmvezq3W_rPlw,woodbridge-township-new-jersey
https://www.ubereats.com/new-jersey/food-delivery/dunkin-315-central-ave/3FIwrlrDQ1eg9fppAJegJw,woodbridge-township-new-jersey
https://www.ubereats.com/new-jersey/food-delivery/qdoba-561-route-1-south/OQqcEiB7Tp69iD3HxXonCQ,woodbridge-township-new-jersey
https://www.ubereats.com/new-jersey/food-delivery/jersey-mikes-301-central-ave/mW9RVIFoTD6Pkf4L7vjSBA,woodbridge-township-new-jersey
https://www.ubereats.com/new-jersey/food-delivery/the-yellow-chilli/SaveVprzRNGNLypzmTusNw,woodbridge-township-new-jersey
https://www.ubereats.com/new-jersey/food-delivery/b%26c-deli/2tqF2msFRvWDx0hRzY8r6w,woodbridge-township-new-jersey
https://www.ubereats.com/new-jersey/food-delivery/a-paradise-platter/x1pb6aFnRM28hHBbM0ulbQ,woodbridge-township-new-jersey
https://www.ubereats.com/new-jersey/food-delivery/goodfellows-pizza-and-italian-specialties-parlin/nUms51JAS2i25dFIpFsXUg,woodbridge-township-new-jersey
https://www.ubereats.com/new-jersey/food-delivery/mirchi-indian-restaurant-edison/mT9iYJWgQS6DO6hUZMpK4g,woodbridge-township-new-jersey
https://www.ubereats.com/new-jersey/food-delivery/wawa-8323-930-us-highway-1-north/OBPtZNxJQTKCtNa8BD-FGA,woodbridge-township-new-jersey
https://www.ubereats.com/new-jersey/food-delivery/charleys-philly-steaks-woodbridge-center/AyKFEFVnRla7QWLiWiIlIQ,woodbridge-township-new-jersey
https://www.ubereats.com/new-jersey/food-delivery/chicken-galore/K5yNYWV5TrCdFDMEqHDzvQ,woodbridge-township-new-jersey
https://www.ubereats.com/new-jersey/food-delivery/sumiyaki-japan/5sbYpPj8TNGtJIe1CmJmRA,woodbridge-township-new-jersey
https://www.ubereats.com/new-jersey/food-delivery/bayleaf-grill/ggebtiCCTbqYnXshS1hGaQ,woodbridge-township-new-jersey
https://www.ubereats.com/new-jersey/food-delivery/tapas-bar-%26-grill-linden/qU9PHWwxR4-Qb7TU75NmKg,woodbridge-township-new-jersey
https://www.ubereats.com/new-jersey/food-delivery/pita-shack/OCmgyeb5R1G5xIhb5UQLpg,woodbridge-township-new-jersey
https://www.ubereats.com/new-jersey/food-delivery/mcdonalds-633-new-brunswick-ave/QMUrn9CqSryJGPcIxcWTPg,woodbridge-township-new-jersey
https://www.ubereats.com/new-jersey/food-delivery/subway-perth-amboy/Dsy79dGjSTS_YOXkiRIKpw,woodbridge-township-new-jersey
https://www.ubereats.com/new-jersey/food-delivery/dunkin-133-garden-state-parkway-north/IZccXYJ9QeWN3Isg5rZgLw,woodbridge-township-new-jersey
https://www.ubereats.com/new-jersey/food-delivery/papa-johns-pizza-woodbridge/gigfwRqvQvO7we0tx1bvQw,woodbridge-township-new-jersey
https://www.ubereats.com/new-jersey/food-delivery/makoto-sushi-bar-%26-grill/7AOX7EQITg2SJaxDqWESig,woodbridge-township-new-jersey
https://www.ubereats.com/new-jersey/food-delivery/rio-of-japan/22saIITjT02uLZHiMWCVHQ,woodbridge-township-new-jersey
https://www.ubereats.com/new-jersey/food-delivery/shogun-wok/3G8x7lNEQA6qoz8XWWo5Pw,woodbridge-township-new-jersey
https://www.ubereats.com/new-jersey/food-delivery/yumpanadas/x-JVrxZdREeDV6pBCd6PWw,woodbridge-township-new-jersey
https://www.ubereats.com/new-jersey/food-delivery/the-gourmet-xchange-cafe/Pf-XGDtlQM2WsaecVLON3A,woodbridge-township-new-jersey
https://www.ubereats.com/new-jersey/food-delivery/us-fried-chicken-st-georges-ave-linden-nj/KW1fGczcQU2jZRF_2F2Uwg,woodbridge-township-new-jersey
https://www.ubereats.com/new-jersey/food-delivery/marcos-deli/kDD8ADWHTyqdV6qqbrHbIw,woodbridge-township-new-jersey
https://www.ubereats.com/new-jersey/food-delivery/saravanaa-bhavan/XqscXOQfTfuya7pm4rahUQ,woodbridge-township-new-jersey
https://www.ubereats.com/new-jersey/food-delivery/pizza-hut-320-us-highway-9-n/-mo7YFs6Q0WsD2g_mXMaEw,woodbridge-township-new-jersey
https://www.ubereats.com/new-jersey/food-delivery/vivi-bubble-tea/qszobZo2RNWHHHaM3asesw,woodbridge-township-new-jersey
https://www.ubereats.com/new-jersey/food-delivery/palermo-pizza-and-grill/nKf40J8uRl6BtxM0_8zwbw,woodbridge-township-new-jersey
https://www.ubereats.com/new-jersey/food-delivery/panda-express-314-us-hwy-9-n/d_blFO9qSQiAx8OkvuLWjA,woodbridge-township-new-jersey
https://www.ubereats.com/new-jersey/food-delivery/benihana-60-parsonage-rd/CKDcuaR1QQawln5CanPg4A,woodbridge-township-new-jersey
https://www.ubereats.com/new-jersey/food-delivery/karaikudi-chettinad-restaurant/qyhtRj6XT6C1_Z5538snRg,woodbridge-township-new-jersey
https://www.ubereats.com/new-jersey/food-delivery/macho-nacho-mexican-grill/HRytyApNTKieznXERr2GjA,woodbridge-township-new-jersey
https://www.ubereats.com/new-jersey/food-delivery/special-halal-burgers/sjrTJKCjRNiduCymKrsxHg,woodbridge-township-new-jersey
https://www.ubereats.com/new-jersey/food-delivery/mr-subs-south-plainfield/6Qg8QotGQ82BUYtF9nlQMA,woodbridge-township-new-jersey
https://www.ubereats.com/new-jersey/food-delivery/cilantro/xIu0dQF6TxWkBJhrbYb0_g,woodbridge-township-new-jersey
https://www.ubereats.com/new-jersey/food-delivery/pizza-crave/HWtvIOCxTwu7vSfwKTNbuQ,woodbridge-township-new-jersey
https://www.ubereats.com/new-jersey/food-delivery/fu-lin-chinese-restaurant/AzD-V-D1SuChyHG4NVvfng,woodbridge-township-new-jersey
https://www.ubereats.com/new-jersey/food-delivery/hyd-bawarchi-biryani-kumar-soni-plaza-2nd-floor/_f_22HbvRUagNJrmOf35zA,woodbridge-township-new-jersey
https://www.ubereats.com/new-jersey/food-delivery/marios-pizzeria-fayette-st/JOtFEEmISD6dTw5RRxEypg,woodbridge-township-new-jersey
https://www.ubereats.com/new-jersey/food-delivery/taiwan-tasty/TAtZ03VuRza7zbGL9Kxyvw,woodbridge-township-new-jersey
https://www.ubereats.com/new-jersey/food-delivery/pantagis-diner/_btRX_vlSpWq7V0zkHkCcw,woodbridge-township-new-jersey
https://www.ubereats.com/new-jersey/food-delivery/rumis-palace/-5PICaN2QQiAaGYIkd4spg,woodbridge-township-new-jersey
https://www.ubereats.com/new-jersey/food-delivery/gold-leaf-pastry-shop/AKuBp_7GSZ2FGvBMO7366g,woodbridge-township-new-jersey
https://www.ubereats.com/new-jersey/food-delivery/chatkaz/cjGMDl0XTFilZmdDFACh7g,woodbridge-township-new-jersey
https://www.ubereats.com/new-jersey/food-delivery/cheng-garden-ii-woodbridge-ave/c6ocgyaUQ0SnmPJRkWJVOA,woodbridge-township-new-jersey
https://www.ubereats.com/new-jersey/food-delivery/punto-peruano/GYGsCGIHTrG7CcQl7O3pEw,woodbridge-township-new-jersey
https://www.ubereats.com/new-jersey/food-delivery/jon-smith-subs/FTAsucHtSFe5Xo1Iacnf2Q,woodbridge-township-new-jersey
https://www.ubereats.com/new-jersey/food-delivery/subcentral/fgw4FbfJQdyQ58MRR2gLbg,woodbridge-township-new-jersey
https://www.ubereats.com/new-jersey/food-delivery/latin-empanadas-and-munchie-food/WeufusoeSWCGMh7zYclANg,woodbridge-township-new-jersey
https://www.ubereats.com/new-jersey/food-delivery/philly-pretzel-factory-edison/iwlbrS5-S2ypY4oVD7Fk_w,woodbridge-township-new-jersey
https://www.ubereats.com/new-jersey/food-delivery/manhattan-bagel-edison/6XovcKMzSRCiYA7Q4K7VrQ,woodbridge-township-new-jersey
https://www.ubereats.com/new-jersey/food-delivery/talk-of-the-town-quick-bite-restaurant/CJSx5TAlSu-CAQFIh4X7mw,woodbridge-township-new-jersey
https://www.ubereats.com/new-jersey/food-delivery/gyros-corner/u919WTQ5QyKItRNSr9mVtw,woodbridge-township-new-jersey
https://www.ubereats.com/new-jersey/food-delivery/lettuce-eat/MC9JlDlDQD67d1o36w3B_g,woodbridge-township-new-jersey
https://www.ubereats.com/new-jersey/food-delivery/shabri-restaurant/G4BWebjAR56HKi6Kv6p6BA,woodbridge-township-new-jersey
https://www.ubereats.com/new-jersey/food-delivery/nj-halal-bowls/MUbjPD9zQMK7VX-DEk_aQg,woodbridge-township-new-jersey
https://www.ubereats.com/new-jersey/food-delivery/red-lobster-635-route-1-and-gills-lane/UkeVtUpXSQm1_dtXriw7RA,woodbridge-township-new-jersey
https://www.ubereats.com/new-jersey/food-delivery/tarantellas-ristorante/DVCvfYVVQGC9NQZjkVAzeQ,woodbridge-township-new-jersey
https://www.ubereats.com/new-jersey/food-delivery/9102-bonefish-grill-625-us-1/R9UzH-yqSYOuE5cL68uRNg,woodbridge-township-new-jersey
https://www.ubereats.com/new-jersey/food-delivery/hibachi-express/L4n3nIYzSKWw0fNIYbKjWA,woodbridge-township-new-jersey
https://www.ubereats.com/new-jersey/food-delivery/nunzios-restaurant-%26-pizzeria/Wfrx-X8QQ36TwvmMRc3wGA,woodbridge-township-new-jersey
https://www.ubereats.com/new-jersey/food-delivery/wok-bar/tZm75-9WSCm26gxeZkj-Nw,woodbridge-township-new-jersey
https://www.ubereats.com/new-jersey/food-delivery/heavenly-cuisine/tNU0EWKrSaKNfXQTtPLT4w,woodbridge-township-new-jersey
https://www.ubereats.com/new-jersey/food-delivery/chick-fil-a-434-woodbridge-ctr/fgusKR5rRfyXWnqLWP250Q,woodbridge-township-new-jersey
https://www.ubereats.com/new-jersey/food-delivery/wingstop-306-us-highway-9-n/-840bWImSBK0rckv-KdyUA,woodbridge-township-new-jersey
https://www.ubereats.com/new-jersey/food-delivery/ciao-bello/d743vK3KRee_qRqmfTNLpQ,woodbridge-township-new-jersey
https://www.ubereats.com/new-jersey/food-delivery/urban-pizza-and-panini/r6RzN_eYSk6bbOnjWiFV_A,woodbridge-township-new-jersey
https://www.ubereats.com/new-jersey/food-delivery/moghul-express-1/pgMAP_UXTuWwNfrGco8OrA,woodbridge-township-new-jersey
https://www.ubereats.com/new-jersey/food-delivery/cowtown-bbq/JmO4i1THSFm2x3oGzB-hDQ,woodbridge-township-new-jersey
https://www.ubereats.com/new-jersey/food-delivery/burgerim-660-middlesex-avenue/H1G-umu0QlupmzZUKQP2ng,woodbridge-township-new-jersey
https://www.ubereats.com/new-jersey/food-delivery/river-thai-cuisine-main-st/xDTXlPsfQ3OTQxDlrK26yA,woodbridge-township-new-jersey
https://www.ubereats.com/new-jersey/food-delivery/lokal-coffee-%26-co/4P86g9WcRJ26fSGlKY99gA,woodbridge-township-new-jersey
https://www.ubereats.com/new-jersey/food-delivery/mrrice/TODJl4L4QlaBFIYIE3AoDQ,woodbridge-township-new-jersey
https://www.ubereats.com/new-jersey/food-delivery/ocean-bay-diner/zAzxHGDLTeqV_sTqoRLyKg,woodbridge-township-new-jersey
https://www.ubereats.com/new-jersey/food-delivery/ruby-ke-kitchen-se/zxhJZcq5QLO3FTuYgPTKrQ,woodbridge-township-new-jersey
https://www.ubereats.com/new-jersey/food-delivery/ashs-luncheonette/6eaBCdveQnKyu3qYWZHD1A,woodbridge-township-new-jersey
https://www.ubereats.com/new-jersey/food-delivery/wendys-820-us-route-1/dQcJD7KgRz6bKg2pb2yFJA,woodbridge-township-new-jersey
https://www.ubereats.com/new-jersey/food-delivery/outback-steakhouse-1397-us-highway-9/KcSYF3UcSHGPP7v586YNww,woodbridge-township-new-jersey
https://www.ubereats.com/new-jersey/food-delivery/mitchells-bakery/1AUg64U7TUiqyBYomQjXAg,woodbridge-township-new-jersey
https://www.ubereats.com/new-jersey/food-delivery/avo-avo/Qc4E_0cVRKuZSGpWteniyw,woodbridge-township-new-jersey
https://www.ubereats.com/new-jersey/food-delivery/penang-street-southeast-asian-kitchen/cUCaKtqdTSed2bxHn68hcw,woodbridge-township-new-jersey
https://www.ubereats.com/new-jersey/food-delivery/starbucks-sayreville-nj/95uyByHxRUajMJ7XYNaogQ,woodbridge-township-new-jersey
https://www.ubereats.com/new-jersey/food-delivery/mr-bin-sushi-%26-grill/4FA4dBrLSpyocpHOMTWhCw,woodbridge-township-new-jersey
https://www.ubereats.com/new-jersey/food-delivery/rosies-tex-mex/eLgf9RjBSlCBIwPcMNGmwA,woodbridge-township-new-jersey
https://www.ubereats.com/new-jersey/food-delivery/kashmir-kitchen/kdukcdgnQXKU3RSpLvONrQ,woodbridge-township-new-jersey
https://www.ubereats.com/new-jersey/food-delivery/ihop-50-parsonage-rd/512--qeQRLy6SgKa2BhbOA,woodbridge-township-new-jersey
https://www.ubereats.com/new-jersey/food-delivery/perry-wings-express/HqbJxKARSAGIBf8kvh5y6A,woodbridge-township-new-jersey
https://www.ubereats.com/new-jersey/food-delivery/charleys-philly-steaks-325-menlo-park-mall-sp-fc-08b/BZttl5myQCOkvAZUpjhrPg,woodbridge-township-new-jersey
https://www.ubereats.com/new-jersey/food-delivery/652-quaker-steak-%26-lube-edison/NAzL5XEIS-CIEzYxApkWsg,woodbridge-township-new-jersey
https://www.ubereats.com/new-jersey/food-delivery/yoans-garden/hPX2YTLHS5e-FCOtQ6mIIA,woodbridge-township-new-jersey
https://www.ubereats.com/new-jersey/food-delivery/burger-king-260-plainfield-avenue/mi4B0_A2QSKn-l86xJY_-w,woodbridge-township-new-jersey
https://www.ubereats.com/new-jersey/food-delivery/burger-king-209-st-george-avenue/i_u0BfTIQN2yxTz1qYVV7Q,woodbridge-township-new-jersey
https://www.ubereats.com/new-jersey/food-delivery/jersey-mikes-subs-349-lake-ave/8MT35t-ARLWPZhAeKEWlzQ,woodbridge-township-new-jersey
https://www.ubereats.com/new-jersey/food-delivery/chefs-table/KWBiVoYzSZeSsnc9NBFshA,woodbridge-township-new-jersey
https://www.ubereats.com/new-jersey/food-delivery/fords-bbq/TXZ2W2w5Q3KuweXsTVa31w,woodbridge-township-new-jersey
https://www.ubereats.com/new-jersey/food-delivery/charlie-browns-fresh-grill-edison/yMADkA83TlSGEq9je_s30Q,woodbridge-township-new-jersey
https://www.ubereats.com/new-jersey/food-delivery/lun-wah-restaurant-%26-tiki-bar/qlt10DYqTZqrJ1K1_qBFiA,woodbridge-township-new-jersey
https://www.ubereats.com/new-jersey/food-delivery/dunkin-482-smith-st/XCjdwsDuTOCv_pq7AVDEkw,woodbridge-township-new-jersey
https://www.ubereats.com/new-jersey/food-delivery/fratellis-pizzeria/ujNQTeNMSbaWVfoZBJx07w,woodbridge-township-new-jersey
https://www.ubereats.com/new-jersey/food-delivery/edison-noodle-house/ZaFV47KlROqFRp8RPIE_Qw,woodbridge-township-new-jersey
https://www.ubereats.com/new-jersey/food-delivery/vegans-of-seitan/zj0BmnVlTuGU44QQ9-8rDg,woodbridge-township-new-jersey
https://www.ubereats.com/new-jersey/food-delivery/cold-stone-creamery-250-woodbridge-center-drive/P2BWIeE8SFez5DglVMkvVQ,woodbridge-township-new-jersey
https://www.ubereats.com/new-jersey/food-delivery/sbarro-310-woodbridge-ctr-dr-woodbridge-mall/8SObOIQZQyCtKXCkZhDRCg,woodbridge-township-new-jersey
https://www.ubereats.com/new-jersey/food-delivery/cooks-kitchn/JOqh60zrR-WiEZcadROzxw,woodbridge-township-new-jersey
https://www.ubereats.com/new-jersey/food-delivery/five-guys-nj-0465-21-east-broad-st/IYvE64ClQ0-SjenKTU5u2w,woodbridge-township-new-jersey
https://www.ubereats.com/new-jersey/food-delivery/manhattan-bagel-westfield/9hhJgRyPT_eTAJpTM4-MZg,woodbridge-township-new-jersey
https://www.ubereats.com/new-jersey/food-delivery/panera-21-woodbridge-center-drive/aZq-zgYyQmytz2M17dHdJw,woodbridge-township-new-jersey
https://www.ubereats.com/new-jersey/food-delivery/sazon-dominicano-restaurant/VhEGMqo1T92eLdfZ2pn75g,woodbridge-township-new-jersey
https://www.ubereats.com/new-jersey/food-delivery/real-fruit-bubble-tea-woodbridge-center-us/wmNzxU1WQkKUy3VMKRH28Q,woodbridge-township-new-jersey
https://www.ubereats.com/new-jersey/food-delivery/il-forno-a-legna/K9p-_cpyQ4-e1pF1m-nkTQ,woodbridge-township-new-jersey
https://www.ubereats.com/new-jersey/food-delivery/muscle-maker-grill-colonia/Sf844JxvThSIyMQzKpHRrw,woodbridge-township-new-jersey
https://www.ubereats.com/new-jersey/food-delivery/saladworks-garwood/z_810ca2RQ-bEe7IRJ4HsQ,woodbridge-township-new-jersey
https://www.ubereats.com/new-jersey/food-delivery/edison-tex-mex-deli/Y6jUn4nTQmCv_laq3t3xbQ,woodbridge-township-new-jersey
https://www.ubereats.com/new-jersey/food-delivery/just-plain-daves/L5Ott3q9TOWXOaBIt0LMNg,woodbridge-township-new-jersey
https://www.ubereats.com/new-jersey/food-delivery/ez-chek/lsUAelMORaasswxhSUmp5w,woodbridge-township-new-jersey
https://www.ubereats.com/new-jersey/food-delivery/perkins-1009-st-george-avenue/aJQ5MwY5Swq1BSKJ33eKVg,woodbridge-township-new-jersey
https://www.ubereats.com/new-jersey/food-delivery/dunkin-976-977-inman-ave/huqhBZqKSU-9eFhTAQY9Qw,woodbridge-township-new-jersey
https://www.ubereats.com/new-jersey/food-delivery/lucky-7-deli/90k47vb4SMS2xNoMXkqacw,woodbridge-township-new-jersey
https://www.ubereats.com/new-jersey/food-delivery/dakshin-express/dmPti9WRQzOonYZulhs_dw,woodbridge-township-new-jersey
https://www.ubereats.com/new-jersey/food-delivery/milina-cuisine/Gr3lA56lTwyzeuTA3YRuiw,woodbridge-township-new-jersey
https://www.ubereats.com/new-jersey/food-delivery/chinese-gourmet-restaurant/y8D8wJ9GTYCeQyZVeQSYWA,woodbridge-township-new-jersey
https://www.ubereats.com/new-jersey/food-delivery/128-applebees-clark/KzZf3ss3QT6hrpV50gqyyA,woodbridge-township-new-jersey
https://www.ubereats.com/new-jersey/food-delivery/cafe-paris/FpuIsQIySgO7wS4D7MeaQQ,woodbridge-township-new-jersey
https://www.ubereats.com/new-jersey/food-delivery/anthonys-coal-fired-pizza-edison/TgpXmqShRQKuvDFQSTkEKA,woodbridge-township-new-jersey
https://www.ubereats.com/new-jersey/food-delivery/mcdonalds-2024-rt-1-s-%26-east-scott-ave/66p5pnfeRWO3t3Ub8KZY3Q,woodbridge-township-new-jersey
https://www.ubereats.com/new-jersey/food-delivery/fine-wine-%26-grill/mJ1PvN9NSfq7e3bOSd7r_Q,woodbridge-township-new-jersey
https://www.ubereats.com/new-jersey/food-delivery/mr-rice/APFCovJhQoa0-iMxEa8NXg,woodbridge-township-new-jersey
https://www.ubereats.com/new-jersey/food-delivery/starbucks-edison-rt-27/Y7oDDJ80TZKnEgzhcneE3g,woodbridge-township-new-jersey
https://www.ubereats.com/new-jersey/food-delivery/the-ice-cream-shop/rW8HU8lwTAG1YrX0N9Xz0Q,woodbridge-township-new-jersey
https://www.ubereats.com/new-jersey/food-delivery/melao-cafe-%26-creamery/PzPbZMpCRqaAnpBrT3-8aw,woodbridge-township-new-jersey
https://www.ubereats.com/new-jersey/food-delivery/rivas-bbq/1mkoAtznS3y46TFXlPZocQ,woodbridge-township-new-jersey
https://www.ubereats.com/new-jersey/food-delivery/falafel-feast/eZfGF83JQAejZiEVh8Xe5g,woodbridge-township-new-jersey
https://www.ubereats.com/new-jersey/food-delivery/alegria-restaurant/N0nl2UUPS9mqTR5dymTgLA,woodbridge-township-new-jersey
https://www.ubereats.com/new-jersey/food-delivery/dunkin-us-highway-1-%26-green-st/lQToF7SJSx29BHgimjx_Hw,woodbridge-township-new-jersey
https://www.ubereats.com/new-jersey/food-delivery/brooklyn-pizza/OJFnRcPsSuu4KbnOW2KzMQ,woodbridge-township-new-jersey
https://www.ubereats.com/new-jersey/food-delivery/ming/XH51KgueQnSKq7RsEHuuIA,woodbridge-township-new-jersey
https://www.ubereats.com/new-jersey/food-delivery/mr-subs-rahway/xLEmsDGLR72qpD4E6R272Q,woodbridge-township-new-jersey
https://www.ubereats.com/new-jersey/food-delivery/ny-italian-deli/V4Xv6OgkRUuW2cTakM64QQ,woodbridge-township-new-jersey
