url,city
https://www.ubereats.com/atlanta/food-delivery/checkers-9500-highway-92/cH902WKjSx6u2EV9CbvPYw,woodstock-georgia
https://www.ubereats.com/atlanta/food-delivery/krystal-221-marietta-highway/RiJNoKt2SFiJx_Jhu819fw,woodstock-georgia
https://www.ubereats.com/atlanta/food-delivery/the-lokal-restaurant/UdiwdbYFTkSUGW2jO2WBOQ,woodstock-georgia
https://www.ubereats.com/atlanta/food-delivery/frankies-italian-restaurant-canton-rd/hWJLAHaGQUKZA4UCI_RD6g,woodstock-georgia
https://www.ubereats.com/atlanta/food-delivery/peace-love-and-pizza-eagle-dr/CrO-Zgk2RyOy7trZHKjjSw,woodstock-georgia
https://www.ubereats.com/atlanta/food-delivery/krystal-5020-cherokee-rd/PSuCocn2RguqGjELtXVTGg,woodstock-georgia
https://www.ubereats.com/atlanta/food-delivery/penang-malaysia-%26-thai-cuisine/godZ0ietQDiaUlskRts18A,woodstock-georgia
https://www.ubereats.com/atlanta/food-delivery/zaxbys-780-townpark-ln/DF2Fmo5RRGiH5JjJ-Yhptw,woodstock-georgia
https://www.ubereats.com/atlanta/food-delivery/five-guys-ga-4023-1133-woodstock-rd/jobzvqcvRKWklBg-0HYFww,woodstock-georgia
https://www.ubereats.com/atlanta/food-delivery/tropical-smoothie-cafe-kennesaw/fw6v1fNPQ2C7k0O2io4tRQ,woodstock-georgia
https://www.ubereats.com/atlanta/food-delivery/la-bamba-kennesaw-ga/otWgGHnKTKeqIwOw-eutSQ,woodstock-georgia
https://www.ubereats.com/atlanta/food-delivery/tropical-smoothie-cafe-canton-exchange/xvI_8M52SueMbUnxwOlliw,woodstock-georgia
https://www.ubereats.com/atlanta/food-delivery/smoothie-king-2045-towne-lake-pkwy/iJSBJ7B_SlyG7WRWtA4LIg,woodstock-georgia
https://www.ubereats.com/atlanta/food-delivery/red-lobster-1405-riverstone-parkway/K6lj8-JGSxe4dVkot6PBMw,woodstock-georgia
https://www.ubereats.com/atlanta/food-delivery/dunkin-121-marietta-hwy/PKjPEZtqTq2gYNn4Yt7XsA,woodstock-georgia
https://www.ubereats.com/atlanta/food-delivery/ipps-pastaria-%26-bar-woodstock/IvCcZBeJRciXdfO9mD-IMw,woodstock-georgia
https://www.ubereats.com/atlanta/food-delivery/kfc-taco-bell-4720-alabama-rd-ne/xL8uMQjMRjeKhxP2llYhvw,woodstock-georgia
https://www.ubereats.com/atlanta/food-delivery/new-china-acworth/j7VmaKtaQuqxPqsDtGGdyQ,woodstock-georgia
https://www.ubereats.com/atlanta/food-delivery/mellow-mushroom-2370-towne-lake-pkwy/iIXIpW8kQNOgIM4SNXmttg,woodstock-georgia
https://www.ubereats.com/atlanta/food-delivery/cold-stone-creamery-kennesaw/zlUhf3dXTYGs1THAObY_4g,woodstock-georgia
https://www.ubereats.com/atlanta/food-delivery/planet-wings-and-more/pyixLnJJSP2w1cD-MLOtNA,woodstock-georgia
https://www.ubereats.com/atlanta/food-delivery/agave-azul-mexican-kitchen-tequila-bar/HRamtsfWSKmmC-eDrqtP7A,woodstock-georgia
https://www.ubereats.com/atlanta/food-delivery/pizza-hut-2520-e-piedmont-rd-%23124/ftZTNjLyTuCFCe2b6sA2ag,woodstock-georgia
https://www.ubereats.com/atlanta/food-delivery/pisanos-pizzeria/TRojET33TZSvhmvDfBa8EA,woodstock-georgia
https://www.ubereats.com/atlanta/food-delivery/dunkin-2885-canton-hwy/JMrSs1VHTA-xKf-wuVvJNQ,woodstock-georgia
https://www.ubereats.com/atlanta/food-delivery/night-owl-pizza/GtNAxt8TQqS06c4uxBdVqA,woodstock-georgia
https://www.ubereats.com/atlanta/food-delivery/yummi-chic-chastain-rd/8xfbU5R2Sxes96CQyWu6Sw,woodstock-georgia
https://www.ubereats.com/atlanta/food-delivery/burger-21-kennesaw/qnHoq6BES66YJeVr7NVtUg,woodstock-georgia
https://www.ubereats.com/atlanta/food-delivery/asian-fusion/epxunCZcQY-TqEtXxBCcvg,woodstock-georgia
https://www.ubereats.com/atlanta/food-delivery/raffertys-kennesaw/g0JMpfAKSI6g3gVHLHCIvg,woodstock-georgia
https://www.ubereats.com/atlanta/food-delivery/mcalisters-deli-2950-george-busbee-parkway/7w9ZHtR1QOe7zX9E8rfPuA,woodstock-georgia
https://www.ubereats.com/atlanta/food-delivery/primos-pizza-and-italian-restaurant-llc/6xlWvFYkTsqOE2y-zaEQ8Q,woodstock-georgia
https://www.ubereats.com/atlanta/food-delivery/happy-china/vH7mSiYhTkGUqsyRbAP-tw,woodstock-georgia
https://www.ubereats.com/atlanta/food-delivery/wing-factory-kennesaw/vo6sitA8QO-4Wo4n-3JxKw,woodstock-georgia
https://www.ubereats.com/atlanta/food-delivery/asian-gourmet/EjEsO9poTHuQM-17B-YD3w,woodstock-georgia
https://www.ubereats.com/atlanta/food-delivery/the-ice-cream-shop/QUsnDAK7TnKlgOT8hLwpxg,woodstock-georgia
https://www.ubereats.com/atlanta/food-delivery/mediterranean-bistro-kennesaw/EPTPLt8zQK-HTkqWvlUPnA,woodstock-georgia
https://www.ubereats.com/atlanta/food-delivery/el-taco-azteca-bar-and-grill/YeSJFOstScW_JA6MYDVPaQ,woodstock-georgia
https://www.ubereats.com/atlanta/food-delivery/the-ice-cream-shop/VUZxk88jSJi0IRdd89KEqg,woodstock-georgia
https://www.ubereats.com/atlanta/food-delivery/marcos-pizza-6236-hollysprings-pkwy/m6w5wGDGSwq0f8glDP62Fw,woodstock-georgia
https://www.ubereats.com/atlanta/food-delivery/cheeseburger-bobbys-canton/QlZEGwnaQluA1YXBKL9bNQ,woodstock-georgia
https://www.ubereats.com/atlanta/food-delivery/sake-japanese-steakhouse-%26-sushi/tBp123aXTuu8hZm03fFF3g,woodstock-georgia
https://www.ubereats.com/atlanta/food-delivery/farmers-basket/jjQrbwYcRmWqc8XrAx1DmA,woodstock-georgia
https://www.ubereats.com/atlanta/food-delivery/five-guys-ga-1152-1359-riverstone-pkwy/AmQlLYKKQH-HBKGGIvUuvA,woodstock-georgia
https://www.ubereats.com/atlanta/food-delivery/brusters-real-ice-cream-2905-eagle-dr/UaHIYGn3QQGGwLN9TA4Y1w,woodstock-georgia
https://www.ubereats.com/atlanta/food-delivery/five-guys-ga-0262-600-chastain-rd/vkym_5iOQU6rCrY-2v6pNA,woodstock-georgia
https://www.ubereats.com/atlanta/food-delivery/moxie-burger-marietta-2/qzY3mao9T5i6RFDUja5TSQ,woodstock-georgia
https://www.ubereats.com/atlanta/food-delivery/fresqo-fresh/oH9v_2woQEO5y0qW0zLZ3Q,woodstock-georgia
https://www.ubereats.com/atlanta/food-delivery/sugar-cakes-patisserie-%26-bistro/wVp5heW6QsuG4C2BXpgNBg,woodstock-georgia
https://www.ubereats.com/atlanta/food-delivery/american-wing-company-%40-town-center-mall-food-court/zWPEgAGMRtaNPj5qJNTdEw,woodstock-georgia
https://www.ubereats.com/atlanta/food-delivery/canyons-burger-company/GmTqVJQkT2ieKHc4HLdRzg,woodstock-georgia
https://www.ubereats.com/atlanta/food-delivery/tgi-fridays-2444-atlanta-town-center/0DlKjMxySgG7i5pQ6y_3fg,woodstock-georgia
https://www.ubereats.com/atlanta/food-delivery/zaxbys-1385-riverstone-pkwy/SCa_4p4AS_2Paz0VsH9APg,woodstock-georgia
https://www.ubereats.com/atlanta/food-delivery/zama-mexican-cuisine-marietta/LnQ3oqmmQUOKncV0aqm-Gw,woodstock-georgia
https://www.ubereats.com/atlanta/food-delivery/la-bamba-mexican-bar-%26-grill-acworth/RjT8U1HySbKKO4tXFvwxSA,woodstock-georgia
https://www.ubereats.com/atlanta/food-delivery/bar-b-cutie-acworth/Il8o_Vp3Q3CjcSypNYj5zg,woodstock-georgia
https://www.ubereats.com/atlanta/food-delivery/mcdonalds-woodstock-us-92/Uw01Oq8PR3iYWU05rCeccA,woodstock-georgia
https://www.ubereats.com/atlanta/food-delivery/newks-eatery-1975-cobb-pkwy/y7uaZ1zXQ8-p0MfRfQUGjw,woodstock-georgia
https://www.ubereats.com/atlanta/food-delivery/hybrid-fit-food/ZdJlxR9OSXe0NZuDTrYkog,woodstock-georgia
https://www.ubereats.com/atlanta/food-delivery/dunkin-2378-shallowford-rd/ZNM-Z_2CSBOraTQR0ID0gQ,woodstock-georgia
https://www.ubereats.com/atlanta/food-delivery/yummy-japanese-steakhouse/Vrib9B0IRM-6-PuwajgbhQ,woodstock-georgia
https://www.ubereats.com/atlanta/food-delivery/papa-johns-1845-marietta-hwy/n_fOyDiKTJWCwMTtkqyQfw,woodstock-georgia
https://www.ubereats.com/atlanta/food-delivery/moes-southwest-grill-4401-shallowford-road-suite-100/CfHmGDi_TTi3jswpezjAFg,woodstock-georgia
https://www.ubereats.com/atlanta/food-delivery/krispy-kreme-9420-highway-92/5v6KWQM5TAWuLTMHGMlQ-w,woodstock-georgia
https://www.ubereats.com/atlanta/food-delivery/subway-east-cherokee/PsKBAdZoQHyvQPCr4iGNFg,woodstock-georgia
https://www.ubereats.com/atlanta/food-delivery/crave-burgers-%26-wings-hwy-92/DzOvawJmSSyjMa7BW03kbA,woodstock-georgia
https://www.ubereats.com/atlanta/food-delivery/tiny-bubble-tea-bar-woodstock/m_sr1QRmSMO75sgAEllmog,woodstock-georgia
https://www.ubereats.com/atlanta/food-delivery/yeero-village-roswell/JuMlx2hhSbqk8oSWMl5tbg,woodstock-georgia
https://www.ubereats.com/atlanta/food-delivery/hooters-old-41-hwy-nw-%26-n-roberts-rd/qfSF11KPQaiuyt33Gm0GSg,woodstock-georgia
https://www.ubereats.com/atlanta/food-delivery/johnnys-new-york-style-pizza-kennesaw/OiRmO-upRxiqE1iQpwKwxQ,woodstock-georgia
https://www.ubereats.com/atlanta/food-delivery/auntie-annes-6236-old-hwy-5/VP0Q8-30TDC-aUl2KSC3XA,woodstock-georgia
https://www.ubereats.com/atlanta/food-delivery/cylantros-kennesaw/q9O3ByeCQ3-DVzFRai37zw,woodstock-georgia
https://www.ubereats.com/atlanta/food-delivery/rico-tropical-grill/S1OKKSyTRAG6aPHNrerxUA,woodstock-georgia
https://www.ubereats.com/atlanta/food-delivery/wing-zone-kennesaw/g2YWM0zZSoSQof8IM1Fg6Q,woodstock-georgia
https://www.ubereats.com/atlanta/food-delivery/wendys-4065-cherokee-street/vY7JEs_dQKaXKjEcx4IzAA,woodstock-georgia
https://www.ubereats.com/atlanta/food-delivery/dawa-foods-%26-catering/SC_WaIIiRCGl2nAu7-VaSw,woodstock-georgia
https://www.ubereats.com/atlanta/food-delivery/clean-juice-3460-sandy-plains-rd/WEh3xir7QQuBeDgux6oGDA,woodstock-georgia
https://www.ubereats.com/atlanta/food-delivery/generations-pizza-inc/eHdhX5pMTTessLv--rAK9w,woodstock-georgia
https://www.ubereats.com/atlanta/food-delivery/dairy-queen-grill-%26-chill-2561-kennesaw-due-west-rd-nw/WwZso_iOTSuj22tDScj66w,woodstock-georgia
https://www.ubereats.com/atlanta/food-delivery/costa-mar/S4mYF7y3SeGQ12LjYkM7Gw,woodstock-georgia
https://www.ubereats.com/atlanta/food-delivery/mr-wok/aIjTTug0RYGDAcMg4SizFQ,woodstock-georgia
https://www.ubereats.com/atlanta/food-delivery/firehouse-subs-1353-riverstone-pkwy/CeVKrcY1QN-ZqpbHrDf6QQ,woodstock-georgia
https://www.ubereats.com/atlanta/food-delivery/wing-city-marietta/Bq_3XhbyQNGB3URBZaGCdA,woodstock-georgia
https://www.ubereats.com/atlanta/food-delivery/taco-bell-2971-shallowford-rd/wjXB7JwxS8iv9DCC7tiHJA,woodstock-georgia
https://www.ubereats.com/atlanta/food-delivery/kumo-hibachi-sushi/2tQvtA8vTe2oGbfbeJvHTg,woodstock-georgia
https://www.ubereats.com/atlanta/food-delivery/taj-mahal-grill/xCuxhH4aT4yn-vbe7XGz7g,woodstock-georgia
https://www.ubereats.com/atlanta/food-delivery/hong-kong-chinese-cuisine/4R6QRF6vTOmnd2LM1x3gOw,woodstock-georgia
https://www.ubereats.com/atlanta/food-delivery/great-american-chilidog/DTrYW_wKReuV47zWFbSepA,woodstock-georgia
https://www.ubereats.com/atlanta/food-delivery/gameday-fresh-grill/QNi9bumySZ6wM5ppp8Yw1Q,woodstock-georgia
https://www.ubereats.com/atlanta/food-delivery/monstruo-de-galleta/la4Ez_f_SQ-dh0-eeCNkIQ,woodstock-georgia
https://www.ubereats.com/atlanta/food-delivery/jimmy-macs-marietta/4QyY9-aRTumuKn6vizq82Q,woodstock-georgia
https://www.ubereats.com/atlanta/food-delivery/dos-margaritas-canton/XyniVHakQ468S0UYFDtiow,woodstock-georgia
https://www.ubereats.com/atlanta/food-delivery/dunkin-4311-bells-ferry-rd/SszWVNapSjeD1Fhzma2cDw,woodstock-georgia
https://www.ubereats.com/atlanta/food-delivery/first-watch-kennesaw/9g2To3jURYC1r82yFXMmhQ,woodstock-georgia
https://www.ubereats.com/atlanta/food-delivery/tequilas-taqueria-and-bar-co/DN6OyChPQLGo2rUWvgZsQA,woodstock-georgia
https://www.ubereats.com/atlanta/food-delivery/arbys-5150-cowan-rd/ifmYbHfKR3qKuxTejoLugw,woodstock-georgia
https://www.ubereats.com/atlanta/food-delivery/tokyoboat/JHUQyLacRuCq1NtGonCmJQ,woodstock-georgia
https://www.ubereats.com/atlanta/food-delivery/the-burger-joint-woodstock/N0zEqlm-RjWJ4z8oWhBiAw,woodstock-georgia
https://www.ubereats.com/atlanta/food-delivery/dos-margaritas/TeSPpOblQ3mYrC2vFpqPSg,woodstock-georgia
https://www.ubereats.com/atlanta/food-delivery/zaxbys-3511-baker-rd/t4LqfVi5RG6-hF0rY-wwEQ,woodstock-georgia
https://www.ubereats.com/atlanta/food-delivery/ralphs-tavern/PFV9UZ5LRnSDCL-1s7Dxsg,woodstock-georgia
https://www.ubereats.com/atlanta/food-delivery/temis-cakery/NxUJARkpQy-B_9yT0HmiFg,woodstock-georgia
https://www.ubereats.com/atlanta/food-delivery/johnnys-new-york-style-pizza-1635-old-hwy-41/eZkosYH0QV2ptjfXdY-90A,woodstock-georgia
https://www.ubereats.com/atlanta/food-delivery/ocharleys-10009-hwy-92/gJ595b7PR-yQc8n7NAShww,woodstock-georgia
https://www.ubereats.com/atlanta/food-delivery/habanero-s-taqueria/P0KXkE0BQjSsIqVfRbXPDQ,woodstock-georgia
https://www.ubereats.com/atlanta/food-delivery/zaxbys-3030-eagle-dr/9l7Ae8Y1QI6eIXxqBJFCsg,woodstock-georgia
https://www.ubereats.com/atlanta/food-delivery/abood-pizza-and-grill/CGhLaCukQRm5xNOHizZY8Q,woodstock-georgia
https://www.ubereats.com/atlanta/food-delivery/kfc-taco-bell-6760-highway-92/LgHQbNqnREiakiYzmU_lKw,woodstock-georgia
https://www.ubereats.com/atlanta/food-delivery/firehouse-subs-woodstock/ABO8hIaGQw6-89b3L59n2Q,woodstock-georgia
https://www.ubereats.com/atlanta/food-delivery/mcdonalds-towne-lake/kprUKrDZTfKRlu4D5As3CQ,woodstock-georgia
https://www.ubereats.com/atlanta/food-delivery/salt-factory-woodstock/Zb15LUdnTde6dCLSQVTxzQ,woodstock-georgia
https://www.ubereats.com/atlanta/food-delivery/grand-slam-pizza-kennesaw/9tJ5WRkVTb6NYJfXQGM6Ow,woodstock-georgia
https://www.ubereats.com/atlanta/food-delivery/kfc-1855-marietta-highway/b6cZsmnpTDaDlz8Io2rF5w,woodstock-georgia
https://www.ubereats.com/atlanta/food-delivery/holly-wings-shack/4nRlslnbRniwn9zroHBlXQ,woodstock-georgia
https://www.ubereats.com/atlanta/food-delivery/zaxbys-sandy-plains/Nsh5fR-FQGyQYIJb5gAUtA,woodstock-georgia
https://www.ubereats.com/atlanta/food-delivery/smoothie-king-6124-hickory-flat-hwy/6zabVCEuQ2mAJrlxx_tUOQ,woodstock-georgia
https://www.ubereats.com/atlanta/food-delivery/olde-blind-dog-milton/cztwlbp1QfiSsFQ0fqLlPg,woodstock-georgia
https://www.ubereats.com/atlanta/food-delivery/pizza-hut-4750-alabama-rd-%23110/_KIzdVXCTXeXBBJ3mGTAPA,woodstock-georgia
https://www.ubereats.com/atlanta/food-delivery/zaxbys-old-41-hwy/2lFZ_KTNQ_Sghlng4F48sg,woodstock-georgia
https://www.ubereats.com/atlanta/food-delivery/applebees-1421-riverstone-pkwy/sEc_hFCtQCuFwnqzZuaTZw,woodstock-georgia
https://www.ubereats.com/atlanta/food-delivery/luna-maya/9UX7gqqTTDG6f29Gi-KYvg,woodstock-georgia
https://www.ubereats.com/atlanta/food-delivery/auntie-annes-400-ernest-w-barrett-pkwy-suite-287/lDod5ATOTy2y0C9fzgzCwQ,woodstock-georgia
https://www.ubereats.com/atlanta/food-delivery/egg-land-cafe/v_SRBgOEQ9yZEhJpPE2JjQ,woodstock-georgia
https://www.ubereats.com/atlanta/food-delivery/capriottis-sandwich-shop-townpark-ln/qOTe01enS3e2SV7IgMAkNg,woodstock-georgia
https://www.ubereats.com/atlanta/food-delivery/zucca-pizza/fmv-RgvqR--N7g6NdXqSeA,woodstock-georgia
https://www.ubereats.com/atlanta/food-delivery/mango-tree-raw-juice-%26-smoothies/dgnFev0ZQ9StWOHXOgIqkw,woodstock-georgia
https://www.ubereats.com/atlanta/food-delivery/brusters-real-ice-cream-6870-hickory-rd/m2NnEtZJTFGQYZU9wITrhw,woodstock-georgia
https://www.ubereats.com/atlanta/food-delivery/ardens-garden-woodstock/xtGIoqUkRMSKd76nMrX-eA,woodstock-georgia
https://www.ubereats.com/atlanta/food-delivery/great-american-cookies/Hgi3LaXeTmepXYrr0vibIg,woodstock-georgia
https://www.ubereats.com/atlanta/food-delivery/charleys-philly-steaks-outlet-shoppes-at-atlanta/5WQF0nfQTW-wB8ysguuMCQ,woodstock-georgia
https://www.ubereats.com/atlanta/food-delivery/panda-express-woodstock-941-ridgewalk-pkwy/7v6N5UJ2Tc25XiD9vt8VSw,woodstock-georgia
https://www.ubereats.com/atlanta/food-delivery/gyro-chef-mediterranean/dkY6YleSRnewNNmAe_yTtQ,woodstock-georgia
https://www.ubereats.com/atlanta/food-delivery/sidelines-grille-woodstock/rPIPoggPS9q2BCI3VWykyg,woodstock-georgia
https://www.ubereats.com/atlanta/food-delivery/dukes-bar-%26-grill/nAw3Tll_QwKPwsRcfVH97g,woodstock-georgia
https://www.ubereats.com/atlanta/food-delivery/panda-express-marietta-4275-ne-roswell-rd/w8W46R7KQ_SGnKk-5OVoFA,woodstock-georgia
https://www.ubereats.com/atlanta/food-delivery/jameric-international-cuisine/j0PKtM2XQaqldRFkle6YFA,woodstock-georgia
https://www.ubereats.com/atlanta/food-delivery/starbucks-towne-lake-parkway/jLz_3mxJQbCwmgACdup8Iw,woodstock-georgia
https://www.ubereats.com/atlanta/food-delivery/firehouse-subs-acworth/B3VbBVbLQ4ORf_eEcgvZxA,woodstock-georgia
https://www.ubereats.com/atlanta/food-delivery/big-pie-in-the-sky-kennesaw/LrINmcCVRkKdsN0STfe8WA,woodstock-georgia
https://www.ubereats.com/atlanta/food-delivery/el-jinete-mexican-restaurant-roswell/JbNqVoOVSyurnOhy0yc0Sw,woodstock-georgia
https://www.ubereats.com/atlanta/food-delivery/the-corner-street-taco-bar/8GvUFvFNRFe7zWkNBcal3A,woodstock-georgia
https://www.ubereats.com/atlanta/food-delivery/willys-mexicana-grill-600-chastain-road/aFVSHdF5T1CgNv62ipPPvw,woodstock-georgia
https://www.ubereats.com/atlanta/food-delivery/jets-pizza-kennesaw/LOlI3qa8RQKJhj--mbj6Jg,woodstock-georgia
https://www.ubereats.com/atlanta/food-delivery/dunkin-4691-woodstock-rd/EjiVMAkQSPaCZ5N4Vz-LXg,woodstock-georgia
https://www.ubereats.com/atlanta/food-delivery/tasters-caribbean-soul-food-restaurant/JnAZbL70S5GTpE50-A8KLQ,woodstock-georgia
https://www.ubereats.com/atlanta/food-delivery/hawgs-%26-dawgs-bbq/N4IUpnK1SFiflGXDlOsO0g,woodstock-georgia
https://www.ubereats.com/atlanta/food-delivery/frozen-cow-creamery/WDde_IBYQLiC3AJOy-yekQ,woodstock-georgia
https://www.ubereats.com/atlanta/food-delivery/the-ice-cream-shop/4_gV9_EKQ_6llrZr-krOnw,woodstock-georgia
https://www.ubereats.com/atlanta/food-delivery/kuroshio-sushi-bar-and-grille-kennesaw/yYR5azWaQhmBp7idoH-fRQ,woodstock-georgia
https://www.ubereats.com/atlanta/food-delivery/peace-love-and-pizza-crabapple-rd/HXPDU7IqQImdjAAWfzaFow,woodstock-georgia
https://www.ubereats.com/atlanta/food-delivery/coconutz-jamaican-restaurant/9yuKhv2MQwKC9MYTGaGtqQ,woodstock-georgia
https://www.ubereats.com/atlanta/food-delivery/zaxbys-chicken-fingers/7mYnxGAjRlGQ9zqbYi1k8g,woodstock-georgia
https://www.ubereats.com/atlanta/food-delivery/cold-stone-creamery-4225-nw-wade-green-rd/VlYAFuajRBCRHj15SLL-SA,woodstock-georgia
https://www.ubereats.com/atlanta/food-delivery/chopstix-roswell/pN2fCgQiRT-Edk-YdeLUVg,woodstock-georgia
https://www.ubereats.com/atlanta/food-delivery/cracker-barrel-old-country-store-3389-busbee-drive-nw/1qRn2IX7SW2xxwi2W4WphQ,woodstock-georgia
https://www.ubereats.com/atlanta/food-delivery/new-lucky-china/yfoKARSsRk2C7gJARBo-6A,woodstock-georgia
https://www.ubereats.com/atlanta/food-delivery/its-greek-to-us/G0bJf2_UT_GXmkfatgIOFw,woodstock-georgia
https://www.ubereats.com/atlanta/food-delivery/ruths-chris-steak-house-620-chastain-road-northwest/b_9Z8E7RSz-3Kzi811jnNA,woodstock-georgia
https://www.ubereats.com/atlanta/food-delivery/subway-trickum/ublkb6QdS9KjwSUrX7_R0w,woodstock-georgia
https://www.ubereats.com/atlanta/food-delivery/taco-mac-canton/BK8xNTKRSoWiDNT1Txy-6g,woodstock-georgia
https://www.ubereats.com/atlanta/food-delivery/dunkin-875-towne-lake-parkway/aj39yKEdSYSGOj3ng_dO8g,woodstock-georgia
https://www.ubereats.com/atlanta/food-delivery/panda-express-px2726-kennesaw-market-place/kRL-gPtOTHuGgTf35DC8uw,woodstock-georgia
https://www.ubereats.com/atlanta/food-delivery/zaxbys-4825-holly-springs-pkwy/GgT_OXN-Rk-bPJDHn-V7qw,woodstock-georgia
https://www.ubereats.com/atlanta/food-delivery/chipotle-mexican-grill-3606-sandy-plains-rd/BDcmTo0QSRapc608dQRyeA,woodstock-georgia
https://www.ubereats.com/atlanta/food-delivery/willie-jewells-old-school-bar-b-q-marietta/wj52M30fTqWZAjqL9f8GYg,woodstock-georgia
https://www.ubereats.com/atlanta/food-delivery/taco-mac-kennesaw/IS1qO1rUTwKLZyKiar79VQ,woodstock-georgia
https://www.ubereats.com/atlanta/food-delivery/china-chef/ykeHeKTQTxO493ZFsZdLaA,woodstock-georgia
https://www.ubereats.com/atlanta/food-delivery/el-zarape-roswell/REcY3ocRQlCs_Kma9DfJmQ,woodstock-georgia
https://www.ubereats.com/atlanta/food-delivery/nana-thai-eatery-woodstock/p4A0DWXkRTOrHNkKLqKjUA,woodstock-georgia
https://www.ubereats.com/atlanta/food-delivery/gustons-grille-kennesaw/1u_xXzVVT7WHj6NBIHlP6g,woodstock-georgia
https://www.ubereats.com/atlanta/food-delivery/la-ideal-mexican-bakery-%26-market/pZ3528ByRH21i7CNhxvaCA,woodstock-georgia
https://www.ubereats.com/atlanta/food-delivery/taquito-express-marietta/Mxit44pfTB6WrRzFXzNkVg,woodstock-georgia
https://www.ubereats.com/atlanta/food-delivery/wendys-3035-canton-hwy/ez7lM3msTzuuShsdF7LoOA,woodstock-georgia
https://www.ubereats.com/atlanta/food-delivery/jersey-mikes-subs-2960-shallowford-road/JwE-yUegQuCSQW8i-F2ADw,woodstock-georgia
https://www.ubereats.com/atlanta/food-delivery/pita-mediterranean-street-food-roswell/hrg7nt6kQKmxZne-896Phw,woodstock-georgia
https://www.ubereats.com/atlanta/food-delivery/mizu/Kw92mNUFTFypG4PHzIq8SQ,woodstock-georgia
https://www.ubereats.com/atlanta/food-delivery/schlotzskys-9040-hwy-92-ste-130/JDPw9toqSVeaImZRlQ7u1Q,woodstock-georgia
https://www.ubereats.com/atlanta/food-delivery/magical-coffee/9XitPsQIRbGc4nFqlrcYlQ,woodstock-georgia
https://www.ubereats.com/atlanta/food-delivery/lopardos-nyc-pizza-bar/rWRsVk4yRj-mvuLIDFerIA,woodstock-georgia
https://www.ubereats.com/atlanta/food-delivery/subway-highway-92/V8dPHnwxR0GTMeLOM6bWcw,woodstock-georgia
https://www.ubereats.com/atlanta/food-delivery/ichiban-grill-woodstock/oTdxlGIBT0Wo2mvR2aOHig,woodstock-georgia
https://www.ubereats.com/atlanta/food-delivery/moon-indian-cuisine/-CE_D3sVTPyvulr6R_NtmQ,woodstock-georgia
https://www.ubereats.com/atlanta/food-delivery/papa-johns-6115-hickory-flat-highway/-j8pAEztS1i91GOP2ON-iA,woodstock-georgia
https://www.ubereats.com/atlanta/food-delivery/jimpas-catering/D70J_BM8RpSupg-wKrHL3g,woodstock-georgia
https://www.ubereats.com/atlanta/food-delivery/los-bravos-mexican-restaurant/KH_CiDakSwCPNTVY-WkmOQ,woodstock-georgia
https://www.ubereats.com/atlanta/food-delivery/philly-connection-ksu/8Ab8_D6mSKeSZarDdjvimA,woodstock-georgia
https://www.ubereats.com/atlanta/food-delivery/party-fowl-kennesaw/8EV-7bV7QlO6ccbFUB7ycg,woodstock-georgia
https://www.ubereats.com/atlanta/food-delivery/vespucci-italian-kitchen-marietta/DT7jvmYyQlyNfv6h3bDR4w,woodstock-georgia
https://www.ubereats.com/atlanta/food-delivery/papis-cuban-%26-caribbean-grill-kennesaw/Gq1y5ypTTZi9W0bGBJMy3Q,woodstock-georgia
https://www.ubereats.com/atlanta/food-delivery/wendys-5345-old-highway-5/W-1J9y0ET1OiUQqTWXBiVw,woodstock-georgia
https://www.ubereats.com/atlanta/food-delivery/taco-bell-3240-barrett-lakes-blvd-nw/JRj-ZvL_QN27OhJHsRWhAA,woodstock-georgia
https://www.ubereats.com/atlanta/food-delivery/pita-mediterranean-street-food-marietta/ksYB7HL5TW6FTFY8WgNXxw,woodstock-georgia
https://www.ubereats.com/atlanta/food-delivery/dairy-queen-treat-5160-cowan-rd/xrwJZpMPTHSiID-oGbgkPw,woodstock-georgia
https://www.ubereats.com/atlanta/food-delivery/kennesaw-coffee-co/-tsq0ocKSQuP3qa55-KVIA,woodstock-georgia
https://www.ubereats.com/atlanta/food-delivery/arbys-1911-vaughn-rd/b6_N03U0St-HrZ9nwKq1Cg,woodstock-georgia
https://www.ubereats.com/atlanta/food-delivery/johnnys-new-york-style-pizza-canton-road/ykosP7sUT_qIx3JtN_KZFw,woodstock-georgia
https://www.ubereats.com/atlanta/food-delivery/samurai-dragon-hibachi-sushi-%26-ramen/Sfg-dpjeSIaK649QBazghw,woodstock-georgia
https://www.ubereats.com/atlanta/food-delivery/laredos-mexican-bar-%26-grill/zbY6wOs8QYqgrD6J73vtmA,woodstock-georgia
https://www.ubereats.com/atlanta/food-delivery/volcano-steak-%26-sushi-woodstock/WV5qGcjtQn-c12pX4JU2lQ,woodstock-georgia
https://www.ubereats.com/atlanta/food-delivery/arbys-3250-barrett-lakes/dV9MmXZLQva9wLZ2gXysIw,woodstock-georgia
https://www.ubereats.com/atlanta/food-delivery/arbys-4288-bells-ferry-rd/QDZ8H9sxQGKU6767NgxTGg,woodstock-georgia
https://www.ubereats.com/atlanta/food-delivery/starbucks-hwy-92-%26-trickum-rd/7Vi8uT10QaijqshZu3_MSA,woodstock-georgia
https://www.ubereats.com/atlanta/food-delivery/kennesaw-thai-cuisine/OhFdQl_DT96bKtioUe92mw,woodstock-georgia
https://www.ubereats.com/atlanta/food-delivery/maple-street-biscuit-company-woodstock/1Kiij-rPSSS-SVgCSkFGZA,woodstock-georgia
https://www.ubereats.com/atlanta/food-delivery/j-christophers-town-center/eHoq6S_iQHGGTalGZoIYUg,woodstock-georgia
https://www.ubereats.com/atlanta/food-delivery/featherstones-at-bridgemill-canton/M-MROD8oQDanTLIrE3FRnA,woodstock-georgia
https://www.ubereats.com/atlanta/food-delivery/china-fun-woodstock/XFwDhcAvTCeZNyfCS5Wrfw,woodstock-georgia
https://www.ubereats.com/atlanta/food-delivery/cues-wings/PEAgObcASDupH1eiZQG3kA,woodstock-georgia
https://www.ubereats.com/atlanta/food-delivery/olde-towne-tavern-and-grille-kennesaw/OXsG1qDfSA65pux2qPUQyA,woodstock-georgia
https://www.ubereats.com/atlanta/food-delivery/ricos-mex-mex-southside-dr/Ogt4M7wzQRK7tOhf5qXSmg,woodstock-georgia
https://www.ubereats.com/atlanta/food-delivery/crooked-tree-cafe/XlvTGYMHTX62_O30N-FQ6g,woodstock-georgia
https://www.ubereats.com/atlanta/food-delivery/taco-bell-5080-cherokee-st/7Y1ruL5XQSST9SfQVDRRIg,woodstock-georgia
https://www.ubereats.com/atlanta/food-delivery/huey-lueys-acworth/ud481H7qS5mz-CIBBRsYLg,woodstock-georgia
https://www.ubereats.com/atlanta/food-delivery/ricks-hotwings-kennesaw/Y_NwyBV8QW2g36hzWYJhcw,woodstock-georgia
https://www.ubereats.com/atlanta/food-delivery/nestle-toll-house-cafe-by-chip-400-ernest-w-barrett-pkwy-nw/m9WqGBssQLe5KSTe6TFUcA,woodstock-georgia
https://www.ubereats.com/atlanta/food-delivery/el-serranito/TWuS791jTL-JxUeVj4dXPg,woodstock-georgia
https://www.ubereats.com/atlanta/food-delivery/planet-smoothie-4225-nw-wade-green-rd/yKiBtwYUTxKEdtZ2bEX_1w,woodstock-georgia
https://www.ubereats.com/atlanta/food-delivery/haagen-dazs-400-ernest-w-barrett-pkwy-%23k111/R6QRhWDTQlSZMbNk0udDZA,woodstock-georgia
https://www.ubereats.com/atlanta/food-delivery/starbucks-sandy-plains-%26-gordy/uLgL2Op0RvmNvA-JuCUppA,woodstock-georgia
https://www.ubereats.com/atlanta/food-delivery/johnnys-new-york-style-pizza-550-w-crossville-rd/KZ6RjAVBQP-9XdO6-Gm6Lg,woodstock-georgia
https://www.ubereats.com/atlanta/food-delivery/wings-connection/e8lhAetmRTOCnCJK9a0AlA,woodstock-georgia
https://www.ubereats.com/atlanta/food-delivery/firehouse-subs-sandy-plains/sq2qQS-pS32iqqhBS66riA,woodstock-georgia
https://www.ubereats.com/atlanta/food-delivery/tasty-bakery-cafe/GGzmOQY_SX-AXC_sYbJEDA,woodstock-georgia
https://www.ubereats.com/atlanta/food-delivery/honey-baked-ham-barrett-pkwy/gD0E7jhtS4CdI4mXNzsYnQ,woodstock-georgia
https://www.ubereats.com/atlanta/food-delivery/575-bistro-ernest-barrett-pkwy/xghkiFpgTs-_xWS829c5Eg,woodstock-georgia
https://www.ubereats.com/atlanta/food-delivery/sushiology/zBzrnqA6S1W6nDv_uwQLFQ,woodstock-georgia
https://www.ubereats.com/atlanta/food-delivery/anchor-bar/K25k9G93RfO5gTeD4iUM2w,woodstock-georgia
https://www.ubereats.com/atlanta/food-delivery/the-nest-kennsaw/opdvo2sqQcmbzAYe3NhKCg,woodstock-georgia
https://www.ubereats.com/atlanta/food-delivery/wendys-995-chastain-rd-nw/RnElQ9RxRXWCghO1H4vCxw,woodstock-georgia
https://www.ubereats.com/atlanta/food-delivery/aroma-indian-bistro/CxyOxNEYRf6RMaz_s7IebA,woodstock-georgia
https://www.ubereats.com/atlanta/food-delivery/the-rotisserie-shop/Fx1AqbeRS1iE-aazNPOlxQ,woodstock-georgia
https://www.ubereats.com/atlanta/food-delivery/ocharleys-3550-sandy-plains-rd/-nX5o416R_G7sixSY9D6Ug,woodstock-georgia
https://www.ubereats.com/atlanta/food-delivery/highlands-grill-kennesaw/GG21ZboMTrmuhWVUD9osCQ,woodstock-georgia
https://www.ubereats.com/atlanta/food-delivery/the-ice-cream-shop/298mH9IoSdOneF3-jRKu4g,woodstock-georgia
https://www.ubereats.com/atlanta/food-delivery/five-guys-ga-0098-3450-cobb-pkwy-nw/PjGr4gztT-SJeB7K9kOQaA,woodstock-georgia
https://www.ubereats.com/atlanta/food-delivery/moes-southwest-grill-woodstock/HViVvgPrR56rKZ0ID-x3IA,woodstock-georgia
https://www.ubereats.com/atlanta/food-delivery/starbucks-cherokee-%26-shiloh/o_zw0idwT2qjveGJjBPuFw,woodstock-georgia
https://www.ubereats.com/atlanta/food-delivery/mr-kebab/AmOanFaDTSSguqexA604vQ,woodstock-georgia
https://www.ubereats.com/atlanta/food-delivery/nuevos-amigos-cocina-mexicana/FbiCjdPYR9C-ghqf6W9raA,woodstock-georgia
https://www.ubereats.com/atlanta/food-delivery/ni-hoboken-bread-%26-bagel-co/K__4qSiuRWOQK3TE-BT6kg,woodstock-georgia
https://www.ubereats.com/atlanta/food-delivery/captain-ds-3462-baker-road/7UBKwxUSTkeEOrNPL9hLZw,woodstock-georgia
https://www.ubereats.com/atlanta/food-delivery/your-pie-pizza-roswell/vxPeCB85QvueSo4YwEqrjw,woodstock-georgia
https://www.ubereats.com/atlanta/food-delivery/kung-fu-tea-2505-chastain-meadows-pkwy-nw-115/pPrJTOc5TIKa-qCMlPOk7w,woodstock-georgia
https://www.ubereats.com/atlanta/food-delivery/menchies-frozen-yogurt-2265-towne-lake-pkwy/AYXJiD_QRs6Zovtpt23_UQ,woodstock-georgia
https://www.ubereats.com/atlanta/food-delivery/jersey-mikes-subs-marietta-2960-shallowford-road/Bb4CqCgLR9uhvNAj22mt4w,woodstock-georgia
https://www.ubereats.com/atlanta/food-delivery/yom/WWT5OLL4RJqltWmhqE1gpA,woodstock-georgia
https://www.ubereats.com/atlanta/food-delivery/dunkin-9755-hwy-92/6_gf8foERAualUNfiQ3oIA,woodstock-georgia
https://www.ubereats.com/atlanta/food-delivery/applebees-901-ridgewalk-pkwy/VuGv0OSURymyJ_fmuz991Q,woodstock-georgia
https://www.ubereats.com/atlanta/food-delivery/taste-of-italy/MTnOctayQNq42dWcoU4xhg,woodstock-georgia
https://www.ubereats.com/atlanta/food-delivery/nachos-taqueria/tdc7ScE1QHKhu6qeqpobgA,woodstock-georgia
https://www.ubereats.com/atlanta/food-delivery/dairy-queen-grill-%26-chill-8420-vaughn-rd/_UvxwL7cTlS_ZHGC9MuTEQ,woodstock-georgia
https://www.ubereats.com/atlanta/food-delivery/five-guys-ga-1645-871-ridgewalk-pkwy/8uzi56vxS4CYBxJS_CWA8g,woodstock-georgia
https://www.ubereats.com/atlanta/food-delivery/yellow-tail-sushi-%26-bar/iI_iOKDQR0KvGfGBrl0tNw,woodstock-georgia
https://www.ubereats.com/atlanta/food-delivery/honey-baked-ham-woodstock-place/FBvJfz91T8qpvmCNLHI97Q,woodstock-georgia
https://www.ubereats.com/atlanta/food-delivery/cheeseburger-bobbys-woodstock/CqnjGk6QTbiGLpiaoDrDZQ,woodstock-georgia
https://www.ubereats.com/atlanta/food-delivery/captain-ds-219-marietta-highway/nT9s-o5YRDiU0DIgsAZxtw,woodstock-georgia
https://www.ubereats.com/atlanta/food-delivery/fire-stone-chinese-restaurant/CHfLdZHeTXyScYG-IlgM2w,woodstock-georgia
https://www.ubereats.com/atlanta/food-delivery/rosas-pizza/54z4tPurSt2ONbxeHbspaw,woodstock-georgia
https://www.ubereats.com/atlanta/food-delivery/mellow-mushroom-roswell/nA8LG3nUTUmV666Fpf1aMQ,woodstock-georgia
https://www.ubereats.com/atlanta/food-delivery/the-corner-butcher-shop/JLUKshXSTHu6S_IIN_loMg,woodstock-georgia
https://www.ubereats.com/atlanta/food-delivery/zaxbys-156-prominence-point-pkwy/t8V9KdIfSei0DK4USSIhHQ,woodstock-georgia
https://www.ubereats.com/atlanta/food-delivery/zaxbys-107-claremore-dr-woodstock/o2tG3Ii4TgqVZQjq5FpOoQ,woodstock-georgia
https://www.ubereats.com/atlanta/food-delivery/roly-poly-sandwiches-cherokee-st/n0rFGlq7RCuTJaxBAOcnyA,woodstock-georgia
https://www.ubereats.com/atlanta/food-delivery/captain-ds-2811-canton-highway/B6_SYhaSRJqyyL9JPhzj5Q,woodstock-georgia
https://www.ubereats.com/atlanta/food-delivery/taco-bell-4808-holly-springs-parkway/GmbRrJ9LS7C8nYVgSRGB4w,woodstock-georgia
https://www.ubereats.com/atlanta/food-delivery/wendys-12085-hwy-92/E44CwhoWSU6Z0h4SQgVk6g,woodstock-georgia
https://www.ubereats.com/atlanta/food-delivery/burger-king-9590-main-street/_QmG7a3yQyCilFwFZyu2KQ,woodstock-georgia
https://www.ubereats.com/atlanta/food-delivery/zaxbys-2500-barrett-creek-blvd-nw/zBvHIy1KQXSNUUSfbSlGog,woodstock-georgia
https://www.ubereats.com/atlanta/food-delivery/krystal-6261-highway-92/WYtwERA2Qv2rJfimPdISyA,woodstock-georgia
https://www.ubereats.com/atlanta/food-delivery/the-butchers-market-woodstock/lXRi5dIOQMKfXR_AKdXVqg,woodstock-georgia
https://www.ubereats.com/atlanta/food-delivery/taco-bell-3010-eagle-drive/0h9kAE6eRICEmKNNWHWedw,woodstock-georgia
https://www.ubereats.com/atlanta/food-delivery/the-superfood-co/tM79WZArTcGiSTJhJlpNwg,woodstock-georgia
https://www.ubereats.com/atlanta/food-delivery/jersey-mikes-subs-5341-old-highway-5/Qlyb-cOITEKQJoUAIWoMyg,woodstock-georgia
https://www.ubereats.com/atlanta/food-delivery/mcdonalds-woodstock-ga-hwy-92-%26-trickum-road/vFgO0dI6QA29utKX1nlV2g,woodstock-georgia
https://www.ubereats.com/atlanta/food-delivery/dunkin-2462-kennesaw-due-west-rd-nw/fXf1mOdSQAekQgXvel7shQ,woodstock-georgia
https://www.ubereats.com/atlanta/food-delivery/panda-express-woodstock-12162-highway-92/kZCn4ogxTv2lSCOA9euz4w,woodstock-georgia
https://www.ubereats.com/atlanta/food-delivery/wendys-2961-shallowford-rd/F8eSxilTSQ2u-kQSC1zwmA,woodstock-georgia
https://www.ubereats.com/atlanta/food-delivery/italeats-canton/M2PB1j28RCK0jPoxRrp4IQ,woodstock-georgia
https://www.ubereats.com/atlanta/food-delivery/auntie-annes-6435-bells-ferry-rd/mlSd_KMzSAuvlwmDWpMKLA,woodstock-georgia
https://www.ubereats.com/atlanta/food-delivery/subway-woodstock-townelake/4nz0N4OJQRiI0aDGMTsX8A,woodstock-georgia
https://www.ubereats.com/atlanta/food-delivery/jersey-mikes-subs-w-barrett-pkwy-nw-%26-barretts-lake-blvd/uttflhQiSqKNwXmb8Bxgyg,woodstock-georgia
https://www.ubereats.com/atlanta/food-delivery/philly-connection-woodstock/TL-dnwRnR5GsXv2qAE1gwA,woodstock-georgia
https://www.ubereats.com/atlanta/food-delivery/planet-smoothie-marietta/HYH2Q5kxSB6WVHB_bRWqrw,woodstock-georgia
https://www.ubereats.com/atlanta/food-delivery/tender-benderz/7yACitZrRU66djrRnNWKWA,woodstock-georgia
https://www.ubereats.com/atlanta/food-delivery/big-smokeys-bbq/AjW3-gGHS6iVdpUv__I-Rg,woodstock-georgia
https://www.ubereats.com/atlanta/food-delivery/sushi-yu-hibachi%26sushi/y9fyNSDtRQiIFu3ws23c8g,woodstock-georgia
https://www.ubereats.com/atlanta/food-delivery/copelands-of-new-orleans-barrett-pkwy-nw/x1lDM6PMTFmyCjLEYfC1qQ,woodstock-georgia
https://www.ubereats.com/atlanta/food-delivery/tacos-el-sabor-%232/h7GS6DSeSYGkoO8vbEu8SQ,woodstock-georgia
https://www.ubereats.com/atlanta/food-delivery/jordans-lounge/4O0-g9yUTamMi3llL0mM5A,woodstock-georgia
https://www.ubereats.com/atlanta/food-delivery/taco-bell-1859-marietta-highway/RAVCbwfZQw-TRGSKxIg34g,woodstock-georgia
https://www.ubereats.com/atlanta/food-delivery/taco-mac-crabapple/v3ncRjbuRtqrVBFW0L9Uyw,woodstock-georgia
https://www.ubereats.com/atlanta/food-delivery/great-wraps-kennesaw/7Sp_26XjTDSyEIFAduiAJA,woodstock-georgia
https://www.ubereats.com/atlanta/food-delivery/volcano-house-chinese-%26-thai/JEwrn-MOTAqPRhSUpxecZQ,woodstock-georgia
https://www.ubereats.com/atlanta/food-delivery/buffalos-cafe-3161-cobb-parkway/SQEeHRBVR-abV8Kk7ttKNg,woodstock-georgia
https://www.ubereats.com/atlanta/food-delivery/ocharleys-705-townpark-ln-nw/9ocna1f4SeSbk277pIuDhA,woodstock-georgia
https://www.ubereats.com/atlanta/food-delivery/wendys-2350-towne-lake-parkway/kLHc0LYtTM6rs2ZeHFestw,woodstock-georgia
https://www.ubereats.com/atlanta/food-delivery/center-street-tavern-senator-russell-ave/BkfyCzZpQq-w3cQHO2iSPA,woodstock-georgia
https://www.ubereats.com/atlanta/food-delivery/ihop-8979-hwy-92/SCogTyk7SRmTS1uyzL38gw,woodstock-georgia
https://www.ubereats.com/atlanta/food-delivery/old-country-place/6v0QbQAuS-G_PmM6n7RTiQ,woodstock-georgia
https://www.ubereats.com/atlanta/food-delivery/twisted-kitchen/veajY82nSyiM73LNmmduRg,woodstock-georgia
https://www.ubereats.com/atlanta/food-delivery/ru-sans-kennesaw/nwbeKo95QPK29sJx8WMQxw,woodstock-georgia
https://www.ubereats.com/atlanta/food-delivery/subway-3775-sixes-rd-ste-170/WzgxvPzwQz2noya6hMZVxg,woodstock-georgia
https://www.ubereats.com/atlanta/food-delivery/queen-tea/dwy-cu17TPqSKsKVel_hdw,woodstock-georgia
https://www.ubereats.com/atlanta/food-delivery/taqueria-tsunami-marietta/lqQK-gtWRJK8ygwtFmkGzg,woodstock-georgia
https://www.ubereats.com/atlanta/food-delivery/las-palmas-mexican-restaurant/qQ894apeRyO10kSAgarLAw,woodstock-georgia
https://www.ubereats.com/atlanta/food-delivery/johnnys-new-york-style-pizza-1105-parkside-lane-suite-1208/3Ve-XWxjRnqBlXAiUZjDRg,woodstock-georgia
https://www.ubereats.com/atlanta/food-delivery/connect-live/Jmt_qMN4TvinuMa-oNeVcg,woodstock-georgia
https://www.ubereats.com/atlanta/food-delivery/bangkok-cabin-authentic-thai-cuisine/SqzIshrsTiiVjSd_gMEhSg,woodstock-georgia
https://www.ubereats.com/atlanta/food-delivery/panda-express-1401-riverstone-pkwy/SN9axsAHRDm1qjV1lt3zzA,woodstock-georgia
https://www.ubereats.com/atlanta/food-delivery/starbucks-chastain-%26-busbee/SqAIEFbGQeGUaU4895On8w,woodstock-georgia
https://www.ubereats.com/atlanta/food-delivery/chick-fil-a-951-ridgewalk-pkwy/POG5F_GeTey19QzjG56J3A,woodstock-georgia
https://www.ubereats.com/atlanta/food-delivery/cuban-mikes-sandwicheria/M3Cz9UPiRa-KfNqpCXL4-A,woodstock-georgia
https://www.ubereats.com/atlanta/food-delivery/pita-king-jim-owens-rd-nw/v65bXxfHSfGuofH8bsx1iw,woodstock-georgia
https://www.ubereats.com/atlanta/food-delivery/the-flying-biscuit-cafe-roswell/FKyJzGQoTWy4d8x7SbmSBw,woodstock-georgia
https://www.ubereats.com/atlanta/food-delivery/dunkin-180-vince-merolla-dr/1YqDXtwcTCKv2O0hMJDY0A,woodstock-georgia
https://www.ubereats.com/atlanta/food-delivery/teriyaki-box/MYusNle4R4uCDUdbSIzdmQ,woodstock-georgia
https://www.ubereats.com/atlanta/food-delivery/epicures-of-asia/D6iWE0qaQxW5Y6mQNAWcTA,woodstock-georgia
https://www.ubereats.com/atlanta/food-delivery/saigon-cafe-woodstock/k2aRq855Tm-3hYr4zIOQ6A,woodstock-georgia
https://www.ubereats.com/atlanta/food-delivery/come-n-get-it/hhmOm8a7REqzWNluHGR4qA,woodstock-georgia
https://www.ubereats.com/atlanta/food-delivery/zoes-kitchen-1426-towne-lake-parkway-suite-106/zmcDPy3DRXiQ9nzXicbmHg,woodstock-georgia
https://www.ubereats.com/atlanta/food-delivery/laredos-mexican-bar-%26-grill-marietta/CF5MlGKVQ624dqhW63GeUg,woodstock-georgia
https://www.ubereats.com/atlanta/food-delivery/pork-snobs-llc/6ep_IZ3ESdaVFxwNrhbWqg,woodstock-georgia
https://www.ubereats.com/atlanta/food-delivery/outback-steakhouse-3-reinhardt-college-parkway/-hrCezLoQy-8wO_c7UzaRA,woodstock-georgia
https://www.ubereats.com/atlanta/food-delivery/de-allende%3A-mexican-kitchen/VyEOl95WSTKEoImuEeeQLA,woodstock-georgia
https://www.ubereats.com/atlanta/food-delivery/smoothie-king-2615-george-busbee/Ic9BLm3BQV6dtpGIOH58BQ,woodstock-georgia
https://www.ubereats.com/atlanta/food-delivery/bub-ba-q/saEn3oChQ8ymbF219MF03Q,woodstock-georgia
https://www.ubereats.com/atlanta/food-delivery/shade-tree-kitchens/Jg-nle9-RbSCD5q2BDUMww,woodstock-georgia
https://www.ubereats.com/atlanta/food-delivery/taco-bell-10050-highway-92/0igpYC72RMCEmpkdN4BlLA,woodstock-georgia
https://www.ubereats.com/atlanta/food-delivery/taco-bell-4370-wade-green-road/p7Q4w_ERTDC7WkLk0tiSDg,woodstock-georgia
https://www.ubereats.com/atlanta/food-delivery/starbucks-sixes-rd-%26-ridge-rd/0PR64gEMTEuIhke9lkbFoA,woodstock-georgia
https://www.ubereats.com/atlanta/food-delivery/firehouse-subs-wade-green/Fm6viQmmQAiZGc0t4dDApA,woodstock-georgia
https://www.ubereats.com/atlanta/food-delivery/the-6ft-cooks-smoked-bbq-pit/yQNhczyqRzy--9N_dzHTpw,woodstock-georgia
https://www.ubereats.com/atlanta/food-delivery/uncle-cs-rib-joint/-8avfjj7SRyXnL9t8WdnUQ,woodstock-georgia
https://www.ubereats.com/atlanta/food-delivery/ice-martini-bar/S6h-PInpQRiL_y8CL0mDPg,woodstock-georgia
https://www.ubereats.com/atlanta/food-delivery/zaxbys-church-st/OZ2YdMncSfCJ32n9uHhnSw,woodstock-georgia
https://www.ubereats.com/atlanta/food-delivery/outback-steakhouse-655-crossville-road/ss8icXSTSym8TC3CD1PShg,woodstock-georgia
https://www.ubereats.com/atlanta/food-delivery/taqueria-tsunami-woodstock/WJBj8-maRC26maA1RI-XyQ,woodstock-georgia
https://www.ubereats.com/atlanta/food-delivery/allatoona-grill-%26-bar/1NEUtzgJQzq6ZpNS43yoNw,woodstock-georgia
https://www.ubereats.com/atlanta/food-delivery/chippers-club/GAs4FApmSZWpEsEIXpXXnQ,woodstock-georgia
https://www.ubereats.com/atlanta/food-delivery/arbys-12180-highway-92/GquhIP7BRIqWwNXfDny4-g,woodstock-georgia
https://www.ubereats.com/atlanta/food-delivery/taco-bell-2943-canton-rd/NZxZ7-hkQvy4BgUf5stv3w,woodstock-georgia
https://www.ubereats.com/atlanta/food-delivery/semper-fi-bar-and-grille/pqQDNk6zRZKBaowU1Oje_w,woodstock-georgia
https://www.ubereats.com/atlanta/food-delivery/hudson-grille-kennesaw/qe2uyW7eTnGpr71iSgpK0w,woodstock-georgia
https://www.ubereats.com/atlanta/food-delivery/oolong-bubble-teahouse/1m17grv9Rpe4Ell0Mzziqw,woodstock-georgia
https://www.ubereats.com/atlanta/food-delivery/brusters-real-ice-cream-101-riverwalk-ct/imf7-zejTrK_0tTD4wOxFA,woodstock-georgia
https://www.ubereats.com/atlanta/food-delivery/seoul-food/R7iIEkEjSaOOGdUFhX0nvQ,woodstock-georgia
https://www.ubereats.com/atlanta/food-delivery/madlife-grill-woodstock/XJ43GybySfqJXXZwW2mfNA,woodstock-georgia
https://www.ubereats.com/atlanta/food-delivery/1000-degrees-pizzeria-kennesaw/Um3izrkKTFqY6f1A70TeXQ,woodstock-georgia
https://www.ubereats.com/atlanta/food-delivery/captain-ds-9805-highway-92/8Nawn3iqSNuxqyYvt-tlow,woodstock-georgia
https://www.ubereats.com/atlanta/food-delivery/jersey-mikes-subs/YrWFeBxZRwm85HxM-F-3Dg,woodstock-georgia
https://www.ubereats.com/atlanta/food-delivery/the-ice-cream-shop/9Hohlb5VSwuc-U6Cl-xiwA,woodstock-georgia
https://www.ubereats.com/atlanta/food-delivery/artisan-hospitality-family-meals/Qd7O4FfeTYCesxq47c4oMA,woodstock-georgia
https://www.ubereats.com/atlanta/food-delivery/zoes-kitchen-1105-woodstock-rd-ste-100/zPgEjDdMSFiK6nGltQDCYA,woodstock-georgia
https://www.ubereats.com/atlanta/food-delivery/dyvercity/whlGFBO0QxSbGk0OhY0yQA,woodstock-georgia
https://www.ubereats.com/atlanta/food-delivery/cafe-zodiac-bar-%26-grill/GxHWUV2AR4m8XpV-d5firw,woodstock-georgia
https://www.ubereats.com/atlanta/food-delivery/el-rodeo-mexican-food-canton-rd/s-4dqFwER3SAcTfYmOqGeA,woodstock-georgia
https://www.ubereats.com/atlanta/food-delivery/big-shanty-smokehouse-kennesaw/pM-hXj9fQGeGNpi0nUMWiw,woodstock-georgia
https://www.ubereats.com/atlanta/food-delivery/prestige-cafe/3QkVEcqJR9GLTAnCpOhDmw,woodstock-georgia
https://www.ubereats.com/atlanta/food-delivery/cheeseburger-bobbys-marietta/ALafhEKbTxyRZqrG9W4hoQ,woodstock-georgia
https://www.ubereats.com/atlanta/food-delivery/snooks-grill/GDyhbApEQ7Kc9fO13m4WSg,woodstock-georgia
https://www.ubereats.com/atlanta/food-delivery/tin-lizzys-kennesaw/RhEpm3lpQQKy6kxMQ7mSlQ,woodstock-georgia
https://www.ubereats.com/atlanta/food-delivery/alessios-restaurant-%26-pizzeria-roswell/opRqQA0ERF6NtkY1dTv3Cw,woodstock-georgia
https://www.ubereats.com/atlanta/food-delivery/pita-pit-kennesaw/lbMtTG-9S46vtSMvfMvddg,woodstock-georgia
https://www.ubereats.com/atlanta/food-delivery/laredos-mexican-bar-%26-grill/lnzB8laOR1WfhUE1_5u3Bg,woodstock-georgia
https://www.ubereats.com/atlanta/food-delivery/kani-house-woodstock/gNfLK0OFSQG5sX7n75lIOA,woodstock-georgia
https://www.ubereats.com/atlanta/food-delivery/tacos-el-sabor/2pRXS3rfTWKeHnrA7DFgSQ,woodstock-georgia
https://www.ubereats.com/atlanta/food-delivery/chicken-salad-chick-kennesaw/DLLqipncQGugXH1coRkKEQ,woodstock-georgia
https://www.ubereats.com/atlanta/food-delivery/izzys-kouzina/qdKg6KMVSHiGW9jFW_fF7A,woodstock-georgia
https://www.ubereats.com/atlanta/food-delivery/subway-2090-baker-rd/zGPJhNwcS-aL3lDViDneHQ,woodstock-georgia
https://www.ubereats.com/atlanta/food-delivery/first-watch-3460-sandy-plains-roadsuite-130/MzPjx8f5ToybZywNXTg2_Q,woodstock-georgia
https://www.ubereats.com/atlanta/food-delivery/peace-love-and-pizza-e-piedmont-rd/C6qP8HUZT4aJvJMoOCx6Cg,woodstock-georgia
https://www.ubereats.com/atlanta/food-delivery/sidelines-grille-canton/gcasX8ysTjWESuxGce6Qyg,woodstock-georgia
https://www.ubereats.com/atlanta/food-delivery/legion-pizzeria/dQqqXS7dR5uIqlnqkziewQ,woodstock-georgia
https://www.ubereats.com/atlanta/food-delivery/burger-bar-2102-old-highway-41/SVNImGLOTAyk31sz19h-RQ,woodstock-georgia
https://www.ubereats.com/atlanta/food-delivery/arbys-100-indian-valley-dr/pZmUD_JfSaSVUrBNo3Mepg,woodstock-georgia
https://www.ubereats.com/atlanta/food-delivery/dunkin-2765-sandy-plains-rd/SWI1YILDTKGLaoyZyjcAuA,woodstock-georgia
https://www.ubereats.com/atlanta/food-delivery/zaxbys-woodstock-rd-roswell/YeixwGhHROeh_D6aKLrEWQ,woodstock-georgia
https://www.ubereats.com/atlanta/food-delivery/pinch-of-spice-indian-cuisine-kennesaw/KmHVfY3ZRmak70wJMGiOvg,woodstock-georgia
https://www.ubereats.com/atlanta/food-delivery/atlanta-bread-woodstock/AD5_MADPToiuFOQ8XGBFlw,woodstock-georgia
https://www.ubereats.com/atlanta/food-delivery/tacos-and-beer/1Pjri4fsS8ipMC-7KiiR4A,woodstock-georgia
https://www.ubereats.com/atlanta/food-delivery/the-freakin-incan/7Mpd7AtqS9qD1ok0q6SQ2A,woodstock-georgia
https://www.ubereats.com/atlanta/food-delivery/bellevas-international-restaurant/-Dryp_UzQQqH4ZB9cQ2MKg,woodstock-georgia
https://www.ubereats.com/atlanta/food-delivery/la-fiesta-grande/djhYhqk0QQy3b63ysnVWKw,woodstock-georgia
https://www.ubereats.com/atlanta/food-delivery/the-sahara-grill/2xwbqVxWR8yjWwJRYsI5oA,woodstock-georgia
https://www.ubereats.com/atlanta/food-delivery/moes-southwest-grill-3348-cobb-parkway/iJ7y8Vo0Rwu8exKIkbO_Qg,woodstock-georgia
https://www.ubereats.com/atlanta/food-delivery/mcdonalds-acworth-ga-bells-ferry-rd/ZshCzDjeRE27JOKU3cky9g,woodstock-georgia
https://www.ubereats.com/atlanta/food-delivery/star-pizza-%26-italian-kitchen-canton/PyKK6ck4QKKripnsONo3tw,woodstock-georgia
https://www.ubereats.com/atlanta/food-delivery/the-juicy-crabkennesaw-ga/vaVJ70q7RG6qUK5rB2ZlCw,woodstock-georgia
https://www.ubereats.com/atlanta/food-delivery/three-dollar-cafe/76L0-eWOQFmx6Kr961Uujw,woodstock-georgia
https://www.ubereats.com/atlanta/food-delivery/panda-express-kennesaw-741-townpark-lane-suite-10/c8qtw-njRQqpO5arrUhcKA,woodstock-georgia
https://www.ubereats.com/atlanta/food-delivery/sweet-hut-marietta/-x2s8ITvTIivg9lex4WNrg,woodstock-georgia
https://www.ubereats.com/atlanta/food-delivery/uncle-maddios-3245-cobb-pkwy/VzvplggFRgGdR4bCmdKpoA,woodstock-georgia
https://www.ubereats.com/atlanta/food-delivery/davincis-pizzeria-kennesaw/MQf_X4VkSfmCH9jxDtICVw,woodstock-georgia
https://www.ubereats.com/atlanta/food-delivery/fuddruckers-kennesaw/tA2q7HbLTHqRk7bwEqYc5Q,woodstock-georgia
https://www.ubereats.com/atlanta/food-delivery/china-house-acworth/ooA4MjtRTzKMsrIxk7Q5jA,woodstock-georgia
https://www.ubereats.com/atlanta/food-delivery/dunkin-600-claremore-professional-way/z-tgBeBTR_eUFG_LYSWAOg,woodstock-georgia
https://www.ubereats.com/atlanta/food-delivery/zaxbys-2880-e-cherokee-dr-canton-ga-30115/ZfZvnD5rRzyFkVJ2wi9Gsg,woodstock-georgia
https://www.ubereats.com/atlanta/food-delivery/mcdonalds-kennesaw-roberts/FbmXj6UAROaNnTR30kyyRg,woodstock-georgia
https://www.ubereats.com/atlanta/food-delivery/tropical-smoothie-cafe-sandy-plains-centre/1T5VSRzvTdCa1C4L90RxxA,woodstock-georgia
https://www.ubereats.com/atlanta/food-delivery/pho-dakao/1-KIGkEZSOuWRjbJd_gSFg,woodstock-georgia
https://www.ubereats.com/atlanta/food-delivery/moons-wings-%26-hibachi/7out4dR4SACJVhEnXs0Jrw,woodstock-georgia
https://www.ubereats.com/atlanta/food-delivery/wow-pho-grill/BeBELQ4_Q--4PQHQHZG2tg,woodstock-georgia
https://www.ubereats.com/atlanta/food-delivery/otters-chicken-kennesaw/FsTNjM4uTaWoo0W9LMV1HA,woodstock-georgia
https://www.ubereats.com/atlanta/food-delivery/j-millers-smokehouse/hRRyBGEeRXKoZbJ9rEWtkg,woodstock-georgia
https://www.ubereats.com/atlanta/food-delivery/okko-ramen/GyEt9jDFTCa2DVYWhnka8Q,woodstock-georgia
https://www.ubereats.com/atlanta/food-delivery/las-palmas-mexican-restaurant-canton/BcEHajIVQviX1-ITxeblsw,woodstock-georgia
https://www.ubereats.com/atlanta/food-delivery/del-taco-9775-hwy-92/7vnBocx6SjSM0sbgafQzZw,woodstock-georgia
https://www.ubereats.com/atlanta/food-delivery/papa-johns-3351trickum-rd/CLSpDqtrRkifVPswcW_RcQ,woodstock-georgia
https://www.ubereats.com/atlanta/food-delivery/wendys-6205-hwy-92/4l6gQHvwRoiJDuipFliV9Q,woodstock-georgia
https://www.ubereats.com/atlanta/food-delivery/suburban-tap/59NMIjYBSRSevbrDeRRcsg,woodstock-georgia
https://www.ubereats.com/atlanta/food-delivery/on-the-border-atlanta-town-center/7fCJBdV2SNSekA6Ns7A56w,woodstock-georgia
https://www.ubereats.com/atlanta/food-delivery/hacienda-vieja-mexican-restaurant-woodstock/LqQu9wZgTuWEdPjIkJ47_Q,woodstock-georgia
https://www.ubereats.com/atlanta/food-delivery/mcdonalds-woodstock-ga-outlets-of-woodstock/J5Y6grI8RAChrvRs3TPjyw,woodstock-georgia
https://www.ubereats.com/atlanta/food-delivery/pranzarellis-pizza/-rha4mm1RFCc45dd8yzRvg,woodstock-georgia
https://www.ubereats.com/atlanta/food-delivery/dunkin-4100-jiles-rd-nw-ste-100/WC2fOvgaSq-faMmyz_UNOA,woodstock-georgia
https://www.ubereats.com/atlanta/food-delivery/red-snapper/-EhLr4kCQdGLwRt_gaRgWQ,woodstock-georgia
https://www.ubereats.com/atlanta/food-delivery/starbucks-hwy-92-%26-mabry-rd/FYIrZBr-Ria_6ZSny5Pt3w,woodstock-georgia
https://www.ubereats.com/atlanta/food-delivery/super-mex-mexican-bar-%26-grill-kennesaw/V7dGPfF3TUGFJrLj0DAS1w,woodstock-georgia
https://www.ubereats.com/atlanta/food-delivery/firehouse-subs-woodstock-rd/dol05NJQQC6JuwWpuUd1Gw,woodstock-georgia
https://www.ubereats.com/atlanta/food-delivery/tuscany-italian-restaurant-cinema-way/1Im1WxPnRX-GxkIcuEcsqw,woodstock-georgia
https://www.ubereats.com/atlanta/food-delivery/cylantros/bPppz0rIQjKHHr2qNQaZgg,woodstock-georgia
https://www.ubereats.com/atlanta/food-delivery/marlows-tavern-kennesaw/c72Ga23jTnemK-jdcOn11Q,woodstock-georgia
https://www.ubereats.com/atlanta/food-delivery/zoes-kitchen-1555-crater-lake-dr/xpIYPAAtTqqjkiDjvpQvMw,woodstock-georgia
https://www.ubereats.com/atlanta/food-delivery/papa-johns-2035-towne-lake-parkway/y4WkuJt0Tq-wxWL4cReEXQ,woodstock-georgia
https://www.ubereats.com/atlanta/food-delivery/the-coffee-vineyard/vYT8k7kpQzKbZu-VeAVBgg,woodstock-georgia
https://www.ubereats.com/atlanta/food-delivery/brusters-real-ice-cream-2960-george-busbee-pkwy/eAQ3BjrPRfuiRXmsftBD1w,woodstock-georgia
https://www.ubereats.com/atlanta/food-delivery/mangos-sushi-%26-grill-bar/Ns8w-erUQZeTjixFHfPaoQ,woodstock-georgia
https://www.ubereats.com/atlanta/food-delivery/mcdonalds-marietta-canton/ZlVauUn4SwivP0P75OV8KA,woodstock-georgia
https://www.ubereats.com/atlanta/food-delivery/dunkin-741-townpark-ln-nw/WALXKgXESS-kLK8nqixAUQ,woodstock-georgia
https://www.ubereats.com/atlanta/food-delivery/las-palmas-mexican-restaurant-kennesaw/-gyTTNAxRNaZhVvip3sZdg,woodstock-georgia
https://www.ubereats.com/atlanta/food-delivery/china-house/3hS0gN2lRNqo6PSc6x898Q,woodstock-georgia
https://www.ubereats.com/atlanta/food-delivery/tom-%2B-chee-kennesaw/nKxYAUpKRe-r0wtJF4LKoA,woodstock-georgia
https://www.ubereats.com/atlanta/food-delivery/lockdown-bbq/gTQ07s0fSYui3A39tNE_qA,woodstock-georgia
https://www.ubereats.com/atlanta/food-delivery/buffalos-cafe-woodstock/R88GaI5KTyyEui-Vu5jozA,woodstock-georgia
https://www.ubereats.com/atlanta/food-delivery/burger-king-2925-eagle-drive/b4fq1rwySkyYe5YgAghSuA,woodstock-georgia
https://www.ubereats.com/atlanta/food-delivery/wings-city-acworth/FTRJuKT7RFSi0euct0FY8A,woodstock-georgia
https://www.ubereats.com/atlanta/food-delivery/willys-mexicana-grill-840-barrett-parkway/bXQuezLbRXa_Lga5crMYOQ,woodstock-georgia
https://www.ubereats.com/atlanta/food-delivery/flying-biscuit-cafe-%E2%80%93-kennesaw/dTCqY4mAQSilZMEPRlsjVw,woodstock-georgia
https://www.ubereats.com/atlanta/food-delivery/house-of-lu-marietta-square/5jPj4n9TTRCSZxvKOLQ_7A,woodstock-georgia
https://www.ubereats.com/atlanta/food-delivery/ocharleys-3285-cobb-pkwy-nw/zEfQY7Y5SrWpQuYOTFweBQ,woodstock-georgia
https://www.ubereats.com/atlanta/food-delivery/deccan-spice-indian-cuisine/3YXR9HteTuGaoUu7HDSW6A,woodstock-georgia
https://www.ubereats.com/atlanta/food-delivery/philly-connection-woodstock-hwy-92/4__WQhdVTj6eAX6d1_mW3Q,woodstock-georgia
https://www.ubereats.com/atlanta/food-delivery/dunkin-4443-wade-green-rd-nw-suite-116/hGyOPEx2RUObHiTo662GQg,woodstock-georgia
https://www.ubereats.com/atlanta/food-delivery/menchies-frozen-yogurt-3348-cobb-pkwy-nw/-UBi26yZQBaQMncSkhCeDQ,woodstock-georgia
https://www.ubereats.com/atlanta/food-delivery/house-of-ming/VD53Be-2Soiwkd-nLHLVWw,woodstock-georgia
https://www.ubereats.com/atlanta/food-delivery/keegans-public-house-woodstock/s0czs3d4S_-N8tPH313XYg,woodstock-georgia
https://www.ubereats.com/atlanta/food-delivery/cheeseburger-bobbys-kennesaw/ocgoUqCSTceOOvIpV6w01w,woodstock-georgia
https://www.ubereats.com/atlanta/food-delivery/catfish-hox-sandy-plains-rd/s9DyLqgRRBeIs7RbfIMotg,woodstock-georgia
https://www.ubereats.com/atlanta/food-delivery/boru-ramen-noodle-and-poke-bar/pq5iJA0lSi-Vq0w7QgWO4w,woodstock-georgia
https://www.ubereats.com/atlanta/food-delivery/shanes-rib-shack-2864-e-cherokee-dr/K-iJj9kNTcyETgOo8Kkfbw,woodstock-georgia
https://www.ubereats.com/atlanta/food-delivery/johnnys-new-york-style-pizza-559-riverstone-pkwy/GprwZVj2RKyf3lzevavcPw,woodstock-georgia
https://www.ubereats.com/atlanta/food-delivery/ninja-sushi-and-steak/8sQqT2p0RjGIu1kD9vp13w,woodstock-georgia
https://www.ubereats.com/atlanta/food-delivery/the-place-bar-%26-grill-woodstock/7lUOyu3QSDCHKtyQ6lduAA,woodstock-georgia
https://www.ubereats.com/atlanta/food-delivery/chilitos-mexican-grill/5XBfZEhjToSmJ_vW0CzOkA,woodstock-georgia
https://www.ubereats.com/atlanta/food-delivery/colombian-bites/gOOBF6vmTH2FvNGt86RPog,woodstock-georgia
https://www.ubereats.com/atlanta/food-delivery/mirko-pasta-marietta/zovIWok3TjW-CDjjuQJYVg,woodstock-georgia
https://www.ubereats.com/atlanta/food-delivery/honey-baked-ham-w-crossville/FSbMMYNYRvygI60VL92DLg,woodstock-georgia
https://www.ubereats.com/atlanta/food-delivery/subway-3079-hidden-forest-court/ckGxLkcBSZmgZpd3gnOVPw,woodstock-georgia
https://www.ubereats.com/atlanta/food-delivery/sidelines-grille-hickory-flat/gq0rTLNqSgir6YFPdGsfyA,woodstock-georgia
https://www.ubereats.com/atlanta/food-delivery/arbys-2626-sandy-plains-rd-ne/OBewkeB8RUmYuQ6QBdQ_kQ,woodstock-georgia
https://www.ubereats.com/atlanta/food-delivery/smoothie-king-1483/bmrGF9GHRdqQO6kIKvwUEw,woodstock-georgia
https://www.ubereats.com/atlanta/food-delivery/keegans-public-house-kennesaw/jaAvtpO-RJyxLryctNiTrw,woodstock-georgia
https://www.ubereats.com/atlanta/food-delivery/chicken-salad-chick-roswell/SDV2MaL9TUiU-xQMRFXkTA,woodstock-georgia
https://www.ubereats.com/atlanta/food-delivery/the-secret-menu/xM8z4RygQYC7cEhIoLQw9A,woodstock-georgia
https://www.ubereats.com/atlanta/food-delivery/peace-love-and-pizza-woodstock-hwy/_lj-HqndR9iNWYMxgo7qqg,woodstock-georgia
https://www.ubereats.com/atlanta/food-delivery/moes-southwest-grill-930-woodstock-road-ste-320/Mn2oIkLHQDmomhNlB_XDuQ,woodstock-georgia
https://www.ubereats.com/atlanta/food-delivery/izumi-asian-bistro/SrhfvrLQQgGHXhkBD9ts4A,woodstock-georgia
https://www.ubereats.com/atlanta/food-delivery/checkers-6435-bells-ferry-rd/c38mucGSRfWa7Pkp2uhUvg,woodstock-georgia
https://www.ubereats.com/atlanta/food-delivery/nana-thai-eatery-east-cobb/FUfYk0LFSPSFql7Q6M85xg,woodstock-georgia
https://www.ubereats.com/atlanta/food-delivery/the-place-bar-and-grill-marietta/dhpCX-AATsCjpef0NILpzg,woodstock-georgia
https://www.ubereats.com/atlanta/food-delivery/grand-slam-pizza/eVfVOC-SQe2SRip3SV_-ZA,woodstock-georgia
https://www.ubereats.com/atlanta/food-delivery/wings-%26-burger-haven-marietta/fs7sj97hSwGY0l60l0u5Tg,woodstock-georgia
https://www.ubereats.com/atlanta/food-delivery/papa-johns-4430-wade-green-road-nw/zvRRSRSnQoORRoCoHIxklA,woodstock-georgia
https://www.ubereats.com/atlanta/food-delivery/buzzys-grille/ELFT-QgSSSa3XkuvF51HjA,woodstock-georgia
https://www.ubereats.com/atlanta/food-delivery/outback-steakhouse-810-ernest-west-barrett-parkway/Q4zI3_0YRDWG3c5tht8TVg,woodstock-georgia
https://www.ubereats.com/atlanta/food-delivery/chipotle-mexican-grill-777-townpark-ln-nw/xCWCWg6EQlKYCsPg6lsLtQ,woodstock-georgia
https://www.ubereats.com/atlanta/food-delivery/applebees-2445-mall-boulevard/4X-8WSaeTZuyD5d5okRxSg,woodstock-georgia
https://www.ubereats.com/atlanta/food-delivery/american-deli-marietta/_rMFwodoSZaEczPpzaI0iA,woodstock-georgia
https://www.ubereats.com/atlanta/food-delivery/ceviche-taqueria-%26-margarita-bar-roswell/BVWcXk-tQrSznjvf42MJYw,woodstock-georgia
https://www.ubereats.com/atlanta/food-delivery/pita-mediterranean-street-food-sandy-plains/zDB8oM42R5yGbdLRxVfRIQ,woodstock-georgia
https://www.ubereats.com/atlanta/food-delivery/dairy-queen-grill-%26-chill-9859-hwy-92/6Z4SR6niT7aI-NuzJ3YFuw,woodstock-georgia
https://www.ubereats.com/atlanta/food-delivery/burger-king-3280-barrett-lakes-blvd/2FW6hgebSMKBtqc2TlsMNA,woodstock-georgia
https://www.ubereats.com/atlanta/food-delivery/chick-fil-a-3070-eagle-dr/EDCNu93rQSWHz7Tu6sCRuQ,woodstock-georgia
https://www.ubereats.com/atlanta/food-delivery/baking-hope/RzHHsZe7QS6TY-0t7UG2qQ,woodstock-georgia
https://www.ubereats.com/atlanta/food-delivery/mediterranean-grill/MD6tLOIHR1m7VxkYStObig,woodstock-georgia
https://www.ubereats.com/atlanta/food-delivery/midday-diner/yULppY3OQbqaBuSlbhOvyw,woodstock-georgia
https://www.ubereats.com/atlanta/food-delivery/tropical-smoothie-cafe-roswell-crossing/13f8fGkJS0CxDx2E-hDjxA,woodstock-georgia
https://www.ubereats.com/atlanta/food-delivery/taco-mac-woodstock/woSXiPxqRKq-h_U-MPag8Q,woodstock-georgia
https://www.ubereats.com/atlanta/food-delivery/panda-express-3460-sandy-plains-rd-ne-suite-210/y205yoSoQMSppaMQKYqNjg,woodstock-georgia
https://www.ubereats.com/atlanta/food-delivery/shanes-rib-shack-4504-old-highway-5/X0H1UW3IS66fZeFcOMLp7g,woodstock-georgia
https://www.ubereats.com/atlanta/food-delivery/ic-hot/Ao5vBgVfSqmckz_4emQNOw,woodstock-georgia
https://www.ubereats.com/atlanta/food-delivery/dulce-artisan-gelato/BQbHs535Rsef2Wcb7Pbfaw,woodstock-georgia
https://www.ubereats.com/atlanta/food-delivery/mod-pizza-sandy-plains/xKcZAOQrROyH29q-Kxj5FA,woodstock-georgia
https://www.ubereats.com/atlanta/food-delivery/arbys-4375-wade-green-rd/rjgtkYanQb-d31nxT63wdA,woodstock-georgia
https://www.ubereats.com/atlanta/food-delivery/steak-n-shake-120-lauren-lane/du9csviZQ7yWp8nw4O-LyA,woodstock-georgia
https://www.ubereats.com/atlanta/food-delivery/which-wich-superior-sandwiches-kennesaw/_5oc4uGRRsKbCO1b42SfeQ,woodstock-georgia
https://www.ubereats.com/atlanta/food-delivery/shogun-japanese-steak-%26-sushi/ADpuvtTOTM2lPniG1p8UvA,woodstock-georgia
https://www.ubereats.com/atlanta/food-delivery/red-lobster-2626-george-busbee-pkwy/G7RM5HMqRjizTuIYG0Mq1A,woodstock-georgia
https://www.ubereats.com/atlanta/food-delivery/cafe-istanbul-kennesaw/0uV92_RrTfuDebtGHNh5pw,woodstock-georgia
https://www.ubereats.com/atlanta/food-delivery/olive-garden-ernest-w-barrett-pkwy-nw-%26-roberts-ct/opagQWnhTA-_fyKv731TUw,woodstock-georgia
https://www.ubereats.com/atlanta/food-delivery/tofu-village-korean-bbq-marietta/JuReu8qPTl6NMnSu8ieeBA,woodstock-georgia
https://www.ubereats.com/atlanta/food-delivery/de-allende-mexican-kitchen-and-tequila-bar/hjcH3vS7TZqDliLyxG6xdg,woodstock-georgia
https://www.ubereats.com/atlanta/food-delivery/windy-city-grill/2gQzepB_RyWK2SpW7eU62g,woodstock-georgia
https://www.ubereats.com/atlanta/food-delivery/barberitos-marietta/MFqRnoiwQ76HtynFRidTbw,woodstock-georgia
https://www.ubereats.com/atlanta/food-delivery/fuego-%26tortilla/tH07-vNVR3KBnRKaneeAlw,woodstock-georgia
https://www.ubereats.com/atlanta/food-delivery/dairy-queen-grill-%26-chill-4516-holly-springs-pkwy/yQwHFreVQVW5M_T9Fo35Yw,woodstock-georgia
https://www.ubereats.com/atlanta/food-delivery/eatalia-cafe-%26-creamery/y8olG2_0QESvC5ELkW8TRA,woodstock-georgia
https://www.ubereats.com/atlanta/food-delivery/zoyo-neighborhood-yogurt/bXIVJYwORyqc5uPR8mOfPA,woodstock-georgia
https://www.ubereats.com/atlanta/food-delivery/papa-johns-5020-cherokee-st-ste-300/kSZjXPuwRUWk5IVoR0VO2A,woodstock-georgia
https://www.ubereats.com/atlanta/food-delivery/jadas-caribbean-cuisine/S8uk9JPdRLuEfBhB2aLpaQ,woodstock-georgia
https://www.ubereats.com/atlanta/food-delivery/curry-village-indian-restaurant/w2mpQI1PQKa66XR778RFAw,woodstock-georgia
https://www.ubereats.com/atlanta/food-delivery/rakuraku-ramen/wdZHXpSqTQmJugVjQZRIYw,woodstock-georgia
https://www.ubereats.com/atlanta/food-delivery/mcalisters-2006-eagle-drive/zwtFywzMTaCcGPFLNdok1Q,woodstock-georgia
https://www.ubereats.com/atlanta/food-delivery/the-ice-cream-shop/CWzyjCBNRvC0pTvnJwEa8Q,woodstock-georgia
https://www.ubereats.com/atlanta/food-delivery/taquito-express-peachtree/kYXL0eVTSHaz4CEg0FaxPA,woodstock-georgia
https://www.ubereats.com/atlanta/food-delivery/buenas-pizza/Iz96nSJoSmah5aH8Wbu5kw,woodstock-georgia
https://www.ubereats.com/atlanta/food-delivery/del-taco-745-chastain-rd-nw-bldg-200/tVgEUb9ZQ9maCAGVbJYtHA,woodstock-georgia
https://www.ubereats.com/atlanta/food-delivery/steak-n-shake-825-barrett-parkway/KEfzrkuNRPezdPNaIqUBQA,woodstock-georgia
https://www.ubereats.com/atlanta/food-delivery/tasty-donuts/wLVd7QEMRmyp8WaXMFihnA,woodstock-georgia
https://www.ubereats.com/atlanta/food-delivery/pizza-hut-12050-highway-92/eZW3rPDzRS2uQMMIsSbSWw,woodstock-georgia
https://www.ubereats.com/atlanta/food-delivery/r-%26-m-sandwich-shop/wCxCMIy9TKmxPB_d0R-VOg,woodstock-georgia
https://www.ubereats.com/atlanta/food-delivery/xtraction/zcekDxwzQYKSUxpWNQtThQ,woodstock-georgia
