url,city
https://www.ubereats.com/chicago/food-delivery/buona-glen-ellyn/od8okmqMR8CIC5lx9uQZnw,woodridge-illinois
https://www.ubereats.com/chicago/food-delivery/jersey-mikes-subs-naperville-%26-butterfield/kpMimAiqRvyrLoGBKYM_NA,woodridge-illinois
https://www.ubereats.com/chicago/food-delivery/browns-chicken-downers-grove/yBR2xHQcT4mK-c_ZQFc8CQ,woodridge-illinois
https://www.ubereats.com/chicago/food-delivery/uhmazing-blt/3lFSlCnbRpy7ox7bWGhk0w,woodridge-illinois
https://www.ubereats.com/chicago/food-delivery/wendys-221-south-weber-road/VIEizuRtTaqGLQJt23Soyw,woodridge-illinois
https://www.ubereats.com/chicago/food-delivery/cozzi-corner-hot-dogs-beef-%26-catering/W8daFSo-S36_JRtLXBZHOA,woodridge-illinois
https://www.ubereats.com/chicago/food-delivery/between-the-buns-oakbrook-terrace/WGBztpyzREGBym1qMje0Aw,woodridge-illinois
https://www.ubereats.com/chicago/food-delivery/kabob-q/JRxi0jOjTIS1N4YMp1pvxg,woodridge-illinois
https://www.ubereats.com/chicago/food-delivery/rosatis-pizza-woodridge/sePZvq94TViGMvPBP8JYGQ,woodridge-illinois
https://www.ubereats.com/chicago/food-delivery/five-guys-il-0575-340-ogden-ave/B7oICECzTi6QiCTbiRFTVA,woodridge-illinois
https://www.ubereats.com/chicago/food-delivery/brick-house-1461-butterfield-rd/KF4Imx0HTAC5z-VXgjoa9Q,woodridge-illinois
https://www.ubereats.com/chicago/food-delivery/dunkin-6310-woodward-ave/xLi-69bwRfOQ7sHQxLptDQ,woodridge-illinois
https://www.ubereats.com/chicago/food-delivery/taste-indian-chinese-cuisine/F9z4mgIGQiCJKGqHqlJ1MA,woodridge-illinois
https://www.ubereats.com/chicago/food-delivery/blueberry-hill-breakfast-cafe-oak-brook/vZgWOmnKQs6hgLw7gwWLZw,woodridge-illinois
https://www.ubereats.com/chicago/food-delivery/chipotle-mexican-grill-811-butterfield-rd-ste-101/1yT7XkpmRk25SXw3dgrqeA,woodridge-illinois
https://www.ubereats.com/chicago/food-delivery/dunkin-2801-ogden-ave/ZMQJIcHhRuGkkIL9pJmdew,woodridge-illinois
https://www.ubereats.com/chicago/food-delivery/my-way-ristorante/NVdHbJemR8OGFz0WM6peww,woodridge-illinois
https://www.ubereats.com/chicago/food-delivery/boston-market-285-n-weber-rd/3his1MQmRK2ZzObCK0R0Iw,woodridge-illinois
https://www.ubereats.com/chicago/food-delivery/noodles-%26-company-207-s-washington/VG96v7LvRX68HPNY0gFlTw,woodridge-illinois
https://www.ubereats.com/chicago/food-delivery/mac-daddys-highland/FEp3MK0_QRipGXK98kQ06w,woodridge-illinois
https://www.ubereats.com/chicago/food-delivery/mcdonalds-state-%26-wend/Uxh8ymTES8qA9yYpYTWTfA,woodridge-illinois
https://www.ubereats.com/chicago/food-delivery/cassanos-pizzeria/_ohiU9AbQ_qaIV8tGZtd3Q,woodridge-illinois
https://www.ubereats.com/chicago/food-delivery/dunkin-4300-lincoln-ave-unit-a/PrmqDUjxT0apyGVG1WbaFg,woodridge-illinois
https://www.ubereats.com/chicago/food-delivery/mcdonalds-diehl-%26-davis/Begl1oMRQvKAfpKD-T7aNQ,woodridge-illinois
https://www.ubereats.com/chicago/food-delivery/passeros-pizza/8WrZaCWWTUqBTN8ciDztog,woodridge-illinois
https://www.ubereats.com/chicago/food-delivery/shrimpys-seafood/68HEvAkXRH6MFD8syuihdA,woodridge-illinois
https://www.ubereats.com/chicago/food-delivery/the-fremont-bar-and-grill/xubDDutZQEygTKmRibMw8Q,woodridge-illinois
https://www.ubereats.com/chicago/food-delivery/rosatis-pizza-406-w-5th-ave/GC9HrM18Ryu8fxrnQqqRbw,woodridge-illinois
https://www.ubereats.com/chicago/food-delivery/wendys-320-e-ogden/Y1S2uYGATJ-S24rplV-4sg,woodridge-illinois
https://www.ubereats.com/chicago/food-delivery/tacos-n-tarka-tnt/vaU8kEFGTh-O9EKsgIT6-A,woodridge-illinois
https://www.ubereats.com/chicago/food-delivery/taqueria-los-comales-roosevelt-%26-westmore-meyers/yVagsUvASyaAt0MLBsQ7dQ,woodridge-illinois
https://www.ubereats.com/chicago/food-delivery/cali-girl-cakes/Igls1pTzS5S87tc5xzvIYg,woodridge-illinois
https://www.ubereats.com/chicago/food-delivery/taco-bell-444-n-bolingbrook-dr/9qpJyWAPSH6VAx3-5A_qZg,woodridge-illinois
https://www.ubereats.com/chicago/food-delivery/las-palmas-of-naperville-inc/M1fcFqe3SumcDBNR0SAuRA,woodridge-illinois
https://www.ubereats.com/chicago/food-delivery/los-burritos-tapatios-westmont/MD8ruDZAQaCT4V7PF_TpGQ,woodridge-illinois
https://www.ubereats.com/chicago/food-delivery/wing-society/iWZvGIEqTCSE18rnDqzYLg,woodridge-illinois
https://www.ubereats.com/chicago/food-delivery/dunkin-donuts-75th-st/GdZ_imXeQIqijBRAyNySzg,woodridge-illinois
https://www.ubereats.com/chicago/food-delivery/mollys-cupcakes/H1rbGgzqTo2bUafhQDozqg,woodridge-illinois
https://www.ubereats.com/chicago/food-delivery/noodles-%26-company-137-n-weber-rd/SvjVlT8GTHGG4LdGeU_Gig,woodridge-illinois
https://www.ubereats.com/chicago/food-delivery/casa-margarita-bolingbrook/hJNglfZ0TKWztFs3zBN8CQ,woodridge-illinois
https://www.ubereats.com/chicago/food-delivery/chipotle-mexican-grill-1516-n-naper-blvd-ste-104/ljoAlmviR4-6NOr-25HjzA,woodridge-illinois
https://www.ubereats.com/chicago/food-delivery/pepes-woodridge-il/Y6RW-R26SkeahKpUSyeQOg,woodridge-illinois
https://www.ubereats.com/chicago/food-delivery/dunkin-121-w-ogden-ave/ajUIrtrtS2u4O5j_LWzBbw,woodridge-illinois
https://www.ubereats.com/chicago/food-delivery/bee-brothers/LisXOeNIQ860VMa-yaFRRw,woodridge-illinois
https://www.ubereats.com/chicago/food-delivery/mcdonalds-9101-s-kingery-highway/cxnI-_zRTCmE5aZh0nlxFg,woodridge-illinois
https://www.ubereats.com/chicago/food-delivery/chucks-southern-comforts-cafe/4RVPrC7NQKSECrLySEZhGg,woodridge-illinois
https://www.ubereats.com/chicago/food-delivery/taco-bell-7451-lemont-rd/4OBSDfhTQdi7h06r1TAWHA,woodridge-illinois
https://www.ubereats.com/chicago/food-delivery/zazas/47-v5gu2S1uP3BSsCgDkYQ,woodridge-illinois
https://www.ubereats.com/chicago/food-delivery/jumbo-crab/Z3sIHOBHS2eWKuYALYUzfw,woodridge-illinois
https://www.ubereats.com/chicago/food-delivery/sun-wong/p0XAKS8JQjGD6LHYMRiDIQ,woodridge-illinois
https://www.ubereats.com/chicago/food-delivery/wooden-paddle/vZmz4_aIToW47ruY5uz0_g,woodridge-illinois
https://www.ubereats.com/chicago/food-delivery/wabiq/geLRAqd5RoyY6uvc6kXUWg,woodridge-illinois
https://www.ubereats.com/chicago/food-delivery/buona-darien/HvuE4zjIS1CCW_IfLxCVZw,woodridge-illinois
https://www.ubereats.com/chicago/food-delivery/evviva!-bar-%26-eatery/kZFOloCrS2-c36HK02Odvw,woodridge-illinois
https://www.ubereats.com/chicago/food-delivery/maries/0ROEHBY5TeuHsnFsZbuoyA,woodridge-illinois
https://www.ubereats.com/chicago/food-delivery/kfc-taco-bell-15663-127th-street/ok5h5yefQBav-Gz38lWwbA,woodridge-illinois
https://www.ubereats.com/chicago/food-delivery/bds-mongolian-grill-washington-%26-jackson/RWnaYBy0RCSXMJPOKxzaxw,woodridge-illinois
https://www.ubereats.com/chicago/food-delivery/mickeys-gyros/exzHWwK2QRytUahC8BTVOA,woodridge-illinois
https://www.ubereats.com/chicago/food-delivery/zoup!-1001-west-75th-street/vu36tcizR0a0d6R1rPbQCA,woodridge-illinois
https://www.ubereats.com/chicago/food-delivery/noodles-%26-company-2019-s-naperville-rd/zTaAXSuzSp2HMFqNxmVO5g,woodridge-illinois
https://www.ubereats.com/chicago/food-delivery/mcdonalds-yorktown-center-%26-highland/h7LZGAMtS8Ox6eQf2Upmzw,woodridge-illinois
https://www.ubereats.com/chicago/food-delivery/sushi-n-noodle-by-oisi/z6OW-ZjaQmyVBy4QDT8eMg,woodridge-illinois
https://www.ubereats.com/chicago/food-delivery/dennys-bolingbrook/I6QsCqO5SFSWTFp65vJm9w,woodridge-illinois
https://www.ubereats.com/chicago/food-delivery/subway-357-w-ogden-ave/3DmLgKQwQhK0KS86ghxulQ,woodridge-illinois
https://www.ubereats.com/chicago/food-delivery/tgi-fridays-2670-darien-il/ehOv0IQtQReUgT3WafeO8A,woodridge-illinois
https://www.ubereats.com/chicago/food-delivery/wendys-7100-kingery-rd/u_piKav7TEWouLaSaD32qQ,woodridge-illinois
https://www.ubereats.com/chicago/food-delivery/del-carmen-restaurant-chicago/ecc0cbKDQ3magfTpWgHjMg,woodridge-illinois
https://www.ubereats.com/chicago/food-delivery/mcdonalds-roosevelt-%26-main/wE7PeS6GSPGApQCJEqLmeQ,woodridge-illinois
https://www.ubereats.com/chicago/food-delivery/osaka-grill-%26-supreme-buffet/OwV0bgbzS4-TeJweJqmkHw,woodridge-illinois
https://www.ubereats.com/chicago/food-delivery/chiba-japanese/za-rCerER_6WRi_8jZ5SfQ,woodridge-illinois
https://www.ubereats.com/chicago/food-delivery/bawarchi-biryanis/mmZoVVzVSBmA_3rppwYm_Q,woodridge-illinois
https://www.ubereats.com/chicago/food-delivery/la-michoacana-classic/RstW0hMsQk6ZKTW7RW0OUQ,woodridge-illinois
https://www.ubereats.com/chicago/food-delivery/chicks-n-salsa/DUSuaWwaSlitgeP5AGz-mw,woodridge-illinois
https://www.ubereats.com/chicago/food-delivery/paris-bistro/hcyW21grR2yOh_fQZ2LmTA,woodridge-illinois
https://www.ubereats.com/chicago/food-delivery/francescas-at-the-promenade/Y-sKbw5YSCW68yRGUoTZxQ,woodridge-illinois
https://www.ubereats.com/chicago/food-delivery/buona-bolingbrook/bDlN582-QyedUbjNCZT9ZA,woodridge-illinois
https://www.ubereats.com/chicago/food-delivery/nickys-red-hots/gSeoKLh3QrGaYjMoOf6WwQ,woodridge-illinois
https://www.ubereats.com/chicago/food-delivery/starbucks-butterfield-%26-finley/aITvNFG7QQeLtwDwLIJd2g,woodridge-illinois
https://www.ubereats.com/chicago/food-delivery/red-lobster-209-south-weber-road/6_XjRBuETUaf8ZvPKkj9JQ,woodridge-illinois
https://www.ubereats.com/chicago/food-delivery/burger-king-1304-south-naper-boulevard/ehyNFqm8Ski0EcaRZma3Pg,woodridge-illinois
https://www.ubereats.com/chicago/food-delivery/burger-king-2040-aurora-avenue/kHD04llpRx2SLaw-Ff1hPQ,woodridge-illinois
https://www.ubereats.com/chicago/food-delivery/downers-delight-restaurant/bVueER1FS4SAID5dG_HxRg,woodridge-illinois
https://www.ubereats.com/chicago/food-delivery/burger-city/DNrM5QFHRXGyiyq60pREyQ,woodridge-illinois
https://www.ubereats.com/chicago/food-delivery/clean-juice-2879-west-95th-street/td43ieJbRHSK87_FBX_3_g,woodridge-illinois
https://www.ubereats.com/chicago/food-delivery/panda-express-781-e-boughton-rd/b_xpnqPFRniSy5Zt0DXEgA,woodridge-illinois
https://www.ubereats.com/chicago/food-delivery/old-town-pour-house-oak-brook/BGZTNaroQwukePwE0w3iCw,woodridge-illinois
https://www.ubereats.com/chicago/food-delivery/potbelly-sandwich-shop-naperville-center-%7C-15/mY1bmWQ4T8GKA9ckxdlOqg,woodridge-illinois
https://www.ubereats.com/chicago/food-delivery/babas-famous-steak-%26-lemonade-schmidt-%26-boughton/WiLkIpRWSQKsJVr0gu71Yg,woodridge-illinois
https://www.ubereats.com/chicago/food-delivery/subway-chicago-%26-naper/MLBs7eZYRmWYO3YQ78YrtQ,woodridge-illinois
https://www.ubereats.com/chicago/food-delivery/golden-gate/WEpB1ToBQOCkn98ua8dsIg,woodridge-illinois
https://www.ubereats.com/chicago/food-delivery/kogii-kogii-express/k89o09tbT9au5y-dcn2trQ,woodridge-illinois
https://www.ubereats.com/chicago/food-delivery/bulldog-ale-house-bolingbrook/_LG8LBWBQ5mdA9ucfdf9dA,woodridge-illinois
https://www.ubereats.com/chicago/food-delivery/taco-bell-125-w-roosevelt-rd/pRs07qGgTcalgLlkN-eLfg,woodridge-illinois
https://www.ubereats.com/chicago/food-delivery/saffron-of-westmont/CwmZag9iQ9Od-RoOO-JQJw,woodridge-illinois
https://www.ubereats.com/chicago/food-delivery/houlihans-naperville/KlnyR90DRQyuEu8o0SJ_vg,woodridge-illinois
https://www.ubereats.com/chicago/food-delivery/wendys-1925-boughton-road/InLQs2YtSaKfDvppqLYBIg,woodridge-illinois
https://www.ubereats.com/chicago/food-delivery/jersey-mikes-subs-lisle-1032-maple-avenue/C3QYURJeTc6ZntggX97oAw,woodridge-illinois
https://www.ubereats.com/chicago/food-delivery/chinese-harvest/kT6sn9WcS1-iLLHZFsTyfQ,woodridge-illinois
https://www.ubereats.com/chicago/food-delivery/manna-kitchen/ifLyrAkGQ4SLyckCz6y_hQ,woodridge-illinois
https://www.ubereats.com/chicago/food-delivery/starbucks-washington-%26-ogden/4p522phERnij2kmh76ryxQ,woodridge-illinois
https://www.ubereats.com/chicago/food-delivery/starbucks-willowbrook-rte-83-%26-plainfield/UlO45HaKQoKMwgTQPT7T6Q,woodridge-illinois
https://www.ubereats.com/chicago/food-delivery/potbelly-sandwich-shop-bolingbrook-%7C-122/aYsPS9KHRaakul1c7azkLA,woodridge-illinois
https://www.ubereats.com/chicago/food-delivery/fannie-may-woodgrove/RYDqzAEzRsO3sZZ9Kc-O8Q,woodridge-illinois
https://www.ubereats.com/chicago/food-delivery/the-indian-harvest/KMOJLBZWSsW_Cd5RSGZJvQ,woodridge-illinois
https://www.ubereats.com/chicago/food-delivery/mcdonalds-naper-%26-75th-st/hjhxoZy9T4iq-wJ9plO_NA,woodridge-illinois
https://www.ubereats.com/chicago/food-delivery/jackies-subs-salads-%26-gyros/Bm2cBoTKSeewWYsZMgSttA,woodridge-illinois
https://www.ubereats.com/chicago/food-delivery/petey-pasta-naperville/MkiT3KpFRg2MjGInrRCCPg,woodridge-illinois
https://www.ubereats.com/chicago/food-delivery/chipotle-mexican-grill-300-e-ogden-ave/YdE3pdLGR3iPOSsrsUUQoA,woodridge-illinois
https://www.ubereats.com/chicago/food-delivery/friacos-mexican-grill-and-cantina-lisle/deGxlrmcRNuWYzv9ZR0Tew,woodridge-illinois
https://www.ubereats.com/chicago/food-delivery/casa-margarita-downers-grove/2NKwK1NJREChDBPK46DnKg,woodridge-illinois
https://www.ubereats.com/chicago/food-delivery/clique-sports-bar/ulitmKlyR2C6EfmpfRHpbw,woodridge-illinois
https://www.ubereats.com/chicago/food-delivery/jk-kabab/CkjI0gbqSwe8HW0v5ba3Bg,woodridge-illinois
https://www.ubereats.com/chicago/food-delivery/so-cheesy/udXRrJUURhaVlXRQt5rnig,woodridge-illinois
https://www.ubereats.com/chicago/food-delivery/subway-8266-janes-ave/pK3BrwGwQvmWjhNoGQ6UXw,woodridge-illinois
https://www.ubereats.com/chicago/food-delivery/panda-express-weber-%26-boughton/aK9PQeR_QcyDuI8umMbV2g,woodridge-illinois
https://www.ubereats.com/chicago/food-delivery/panda-express-75th-st-%26-lyman/tlWgd43wTpek7tDfXPGmeA,woodridge-illinois
https://www.ubereats.com/chicago/food-delivery/eriks-deli-lisle/RNTVEtTuScyVCt_o87QRtA,woodridge-illinois
https://www.ubereats.com/chicago/food-delivery/the-hen-house-of-wheaton/IJliFIRuQVOm_qk9QJKeMQ,woodridge-illinois
https://www.ubereats.com/chicago/food-delivery/q-bar-darien/F8CTpLb3Qge3M6zAWT9b5Q,woodridge-illinois
https://www.ubereats.com/chicago/food-delivery/shrimp-max-fish-%26-chicken/EfNr2o7bT1Kt4lGH10pXyQ,woodridge-illinois
https://www.ubereats.com/chicago/food-delivery/panda-express-1010-ogden-ave/uNNK0XEgTBusSdZmJkx2tg,woodridge-illinois
https://www.ubereats.com/chicago/food-delivery/north-side-sports-bar/EmJRvhrnQ6-Sz9vOwZjr2g,woodridge-illinois
https://www.ubereats.com/chicago/food-delivery/taco-grill-%26-salsa-bar/syPSEZIDTYiYzr4fboYt2w,woodridge-illinois
https://www.ubereats.com/chicago/food-delivery/yerbabuena/YDKD1jCXQUCf_C3jxdJ9Xw,woodridge-illinois
https://www.ubereats.com/chicago/food-delivery/deccan-spice/fZswNb53TLSMKB182uXRfQ,woodridge-illinois
https://www.ubereats.com/chicago/food-delivery/lao-sze-chuan-restaurant-downers-grove/-QAszjVaTo62s4dTvawpZw,woodridge-illinois
https://www.ubereats.com/chicago/food-delivery/mcdonalds-independence-%26-greenwood/HQJptfTvRaie6LyKuEnGhA,woodridge-illinois
https://www.ubereats.com/chicago/food-delivery/mama-ds/xLGiB5mqS32BZiEXxnbw9Q,woodridge-illinois
https://www.ubereats.com/chicago/food-delivery/super-crown-wings/U3IgVVIuQCmWPgfJjlLwMA,woodridge-illinois
https://www.ubereats.com/chicago/food-delivery/pizza-track/Fk2KhVk7StGHyeLoYRyn-A,woodridge-illinois
https://www.ubereats.com/chicago/food-delivery/johnnys-red-hots/MBH7I5DdRqGzNJ69aNzspA,woodridge-illinois
https://www.ubereats.com/chicago/food-delivery/subway-1920-87th-st/ScqQLk9oSYW03PfuKx_OqA,woodridge-illinois
https://www.ubereats.com/chicago/food-delivery/dunkin-7516-s-cass-ave/R9x4GcCPSgKUmQtBmblDvg,woodridge-illinois
https://www.ubereats.com/chicago/food-delivery/tcby/EvyDHeDFR7uPe7JoF0g0zA,woodridge-illinois
https://www.ubereats.com/chicago/food-delivery/chipotle-mexican-grill-848-n-route-59-ste-106/jTpzYu01SqemuLs-J1zVTg,woodridge-illinois
https://www.ubereats.com/chicago/food-delivery/portillos-hot-dogs-1500-butterfield-rd/MR-_rmoqT_ud7vA6yisOog,woodridge-illinois
https://www.ubereats.com/chicago/food-delivery/which-wich-naperville/IrBIxd-KTzmj0B5Uf1lTlw,woodridge-illinois
https://www.ubereats.com/chicago/food-delivery/lao-sze-chuan/NVyCLmO9TJOeTJhXogHLow,woodridge-illinois
https://www.ubereats.com/chicago/food-delivery/woodgrain-neapolitan-pizzeria-bolingbrook/ffawJsDSTVKEqbPLLk95Iw,woodridge-illinois
https://www.ubereats.com/chicago/food-delivery/juicy-o-pancake-house-downers-grove/R-imWBd3TiSHtLrYDAJRIQ,woodridge-illinois
https://www.ubereats.com/chicago/food-delivery/ellies-deli/AsHxhcpXRCKHy27iCgvDdw,woodridge-illinois
https://www.ubereats.com/chicago/food-delivery/ikkai-restaurant/sTTOtolYRpOS9juISFQtOQ,woodridge-illinois
https://www.ubereats.com/chicago/food-delivery/srikrishna-caterers/k6yJkapCRBq8IklysYPv9g,woodridge-illinois
https://www.ubereats.com/chicago/food-delivery/weber-grill-restaurant-lombard/5wAyp2tPRIu3XS6Rnnr8yw,woodridge-illinois
https://www.ubereats.com/chicago/food-delivery/mapo-restaurant/otABfe8jRcyOooacU_s9dA,woodridge-illinois
https://www.ubereats.com/chicago/food-delivery/burgerim/XxnzFkeBTzyyxT1i2FSOGQ,woodridge-illinois
https://www.ubereats.com/chicago/food-delivery/uncle-julios-naperville/Y3QRVkP2Qu-IV5z8T875Uw,woodridge-illinois
https://www.ubereats.com/chicago/food-delivery/jj-fish-%26-chicken-w-boughton/DVp7w5rcSPiNkZdCxMoRsg,woodridge-illinois
https://www.ubereats.com/chicago/food-delivery/warrens-ale-house/iwKkC6FWRyacBvUNKJoEbQ,woodridge-illinois
https://www.ubereats.com/chicago/food-delivery/burger-king-506-south-washington-street/kuBJa1AKTUqUa3nKVvwJRQ,woodridge-illinois
https://www.ubereats.com/chicago/food-delivery/mod-pizza-bolingbrook/FSpFipMdREa7m-ag8Q6uhA,woodridge-illinois
https://www.ubereats.com/chicago/food-delivery/starbucks-75th-%26-cass/T3jalagzSJ2AxTo3zMSfmw,woodridge-illinois
https://www.ubereats.com/chicago/food-delivery/potbelly-sandwich-shop-lombard-%7C-33/9MwkQbjLT2SKrw5Bd5IPPw,woodridge-illinois
https://www.ubereats.com/chicago/food-delivery/mac-daddys-naperville/siErqqT-SNa1DogFlxUehw,woodridge-illinois
https://www.ubereats.com/chicago/food-delivery/chipotle-mexican-grill-1556-butterfield-rd-ste-a/-JFjkroZReWScmEWNY_NSA,woodridge-illinois
https://www.ubereats.com/chicago/food-delivery/taco-bell-345-rice-lake-square/4vp9WrBZSmqCzIecHhILxg,woodridge-illinois
https://www.ubereats.com/chicago/food-delivery/portillos-hot-dogs-134-e-boughton-rd/erRio82uSHSkV3Hxi5rgJw,woodridge-illinois
https://www.ubereats.com/chicago/food-delivery/capri-of-downers-grove/XVCsZSVZSkmAoS19VXowkg,woodridge-illinois
https://www.ubereats.com/chicago/food-delivery/honey-jam-cafe/7GRbxmojSGyICleSe0cdkw,woodridge-illinois
https://www.ubereats.com/chicago/food-delivery/lazy-dog-restaurant-%26-bar-naperville/nU1p5cz7QsOLDHhWQVRqPw,woodridge-illinois
https://www.ubereats.com/chicago/food-delivery/pasquallys-pizza-%26-wings-7409-cass-ave/3xyjZpnDTm2wVSUtRUoOvA,woodridge-illinois
https://www.ubereats.com/chicago/food-delivery/red-robin-297-250-s-weber-rd/fuEOgyY3Ru2FsKXkWPbjWw,woodridge-illinois
https://www.ubereats.com/chicago/food-delivery/rosatis-pizza-lemont/ZggF0s0uRy-7qSETCqx3Vw,woodridge-illinois
https://www.ubereats.com/chicago/food-delivery/mcdonalds-river-%26-ogden/ZEe_xeSFT8quotXTVFXm5Q,woodridge-illinois
https://www.ubereats.com/chicago/food-delivery/wendys-1589-naperville-wheaton-rd/F-TL1r4USyO7rYGEXX3c-w,woodridge-illinois
https://www.ubereats.com/chicago/food-delivery/sarpinos-pizzeria-5107-fairview-ave/6w1QwAINTnio5PtcdCJfHw,woodridge-illinois
https://www.ubereats.com/chicago/food-delivery/chipotle-mexican-grill-274-s-weber-rd/tnxSgDpTRLKeCJLLoa-s0A,woodridge-illinois
https://www.ubereats.com/chicago/food-delivery/mcdonalds-63rd-st-%26-cass/TkuqzkRRQP6k9L91Bwsj-g,woodridge-illinois
https://www.ubereats.com/chicago/food-delivery/en-fuego-mexican-grille/MwBtuevkQZq8B0K3TQkacQ,woodridge-illinois
https://www.ubereats.com/chicago/food-delivery/buffalo-wild-wings-6450-route-53/r7-ure1xTgSm9-RpsDH3Og,woodridge-illinois
https://www.ubereats.com/chicago/food-delivery/mcdonalds-naper-%26-ogden/Iowf3v7QS0W5VLcP6fxBng,woodridge-illinois
https://www.ubereats.com/chicago/food-delivery/china-chef/mh5sHXAzQsao24KGFkRwZA,woodridge-illinois
https://www.ubereats.com/chicago/food-delivery/tap-house-grill-lemont/O9OZ9DoVRz-KlLmL2NcGqg,woodridge-illinois
https://www.ubereats.com/chicago/food-delivery/european-deli-%26-subs/QDHyi0McT0Sg85xhaq5Uxw,woodridge-illinois
https://www.ubereats.com/chicago/food-delivery/zens-noodles/OJDlZAHHQgaDVOmoFmVthg,woodridge-illinois
https://www.ubereats.com/chicago/food-delivery/mcdonalds-maple-%26-lenox/BH66NZOeQAiflIZRb7_PgQ,woodridge-illinois
https://www.ubereats.com/chicago/food-delivery/shanahans/JZEDfOD1TXeQJjMJJlMiXg,woodridge-illinois
https://www.ubereats.com/chicago/food-delivery/food-street-restaurant/kxAN_GrESSGjrb2hki9XPw,woodridge-illinois
https://www.ubereats.com/chicago/food-delivery/mcdonalds-75th-st-%26-janes/UmG49TFfS3iMQjVmPYE_oQ,woodridge-illinois
https://www.ubereats.com/chicago/food-delivery/el-gran-agave/GetuOcb5RhWMLs2fW4HsSQ,woodridge-illinois
https://www.ubereats.com/chicago/food-delivery/masala/0M4NqGkiRzSEfZTrS80VGw,woodridge-illinois
https://www.ubereats.com/chicago/food-delivery/the-patty-melt-co/sxttPwOERpe5oJwx4VDg7g,woodridge-illinois
https://www.ubereats.com/chicago/food-delivery/arbys-1950-w-75-st/wVDY1op-ToyFQGFmd7i6WQ,woodridge-illinois
https://www.ubereats.com/chicago/food-delivery/mediterranean-oasis/ZT3wBdY0TxWfpT_dfwvh7g,woodridge-illinois
https://www.ubereats.com/chicago/food-delivery/nandos-peri-peri-6-w-jefferson-ave/WuV-Xa68RhWviNGfsQsNRw,woodridge-illinois
https://www.ubereats.com/chicago/food-delivery/the-burger-life/kAIUZmIyRRObSiHmoDL6aA,woodridge-illinois
https://www.ubereats.com/chicago/food-delivery/q-pub-and-grill/xxwMY7hSSfGll3lEjFr_eA,woodridge-illinois
https://www.ubereats.com/chicago/food-delivery/mcdonalds-ogden-%26-cross/f2stPNYjTRGSYQ9bxsWfBA,woodridge-illinois
https://www.ubereats.com/chicago/food-delivery/los-burritos-tapatios-bolingbrook/_gd_PLnmT42mqGD518-t0A,woodridge-illinois
https://www.ubereats.com/chicago/food-delivery/chef-soon-contemporary-sushi/uDb-RWlDSdS6C20wS6sb4w,woodridge-illinois
https://www.ubereats.com/chicago/food-delivery/two-pints-lounge/p_BtzBNVRwqcds1VfRXnUg,woodridge-illinois
https://www.ubereats.com/chicago/food-delivery/illinois-bar-%26-grill/ew3ZWBsFR2WpzxRtRQEHag,woodridge-illinois
https://www.ubereats.com/chicago/food-delivery/next-mex/YRrPZ6x3Rm-m_xIIznj-FA,woodridge-illinois
https://www.ubereats.com/chicago/food-delivery/mcdonalds-63rd-st-%26-i-355/8AuIH9RKTfWLZhWKLAIBWw,woodridge-illinois
https://www.ubereats.com/chicago/food-delivery/wok-n-fire/QykBeLtlRtGjLwHdnM0CcA,woodridge-illinois
https://www.ubereats.com/chicago/food-delivery/mai-thai-restaurant/EC_K5MrtQDigsV8TOfJmWw,woodridge-illinois
https://www.ubereats.com/chicago/food-delivery/cracker-barrel-old-country-store-1295-lakeview-drive/Njiter6OQCSo9_66hJo58w,woodridge-illinois
https://www.ubereats.com/chicago/food-delivery/jersey-mikes-subs-62-ogden-avenue/Luz05me4RVqcNfj3l8R-mA,woodridge-illinois
https://www.ubereats.com/chicago/food-delivery/nwb-the-next-whiskey-bar/mdE-yqqJR3Crtae0VtrtdQ,woodridge-illinois
https://www.ubereats.com/chicago/food-delivery/cedar-grill/5joC8iroTEqXY1j0WrF_4Q,woodridge-illinois
https://www.ubereats.com/chicago/food-delivery/wasabi-restaurant-%26-bar/z3FMoXmBQvaXq2SypwcZPg,woodridge-illinois
https://www.ubereats.com/chicago/food-delivery/another-round-bar-and-grill/74EGOKNkQRSd2c9HF-sEWg,woodridge-illinois
https://www.ubereats.com/chicago/food-delivery/shree-indian-restaurant-westmont/-ksJRGsfQb6WU4VfG4XtYA,woodridge-illinois
https://www.ubereats.com/chicago/food-delivery/aodake/vMIpF9nvQkyuO5PFGiEENA,woodridge-illinois
https://www.ubereats.com/chicago/food-delivery/features-bar-%26-grill/zPZDTYx8TvenIt63m1SEig,woodridge-illinois
https://www.ubereats.com/chicago/food-delivery/skippys-gyros-oak-brook/OmShFz9LSga2purV0BKkfg,woodridge-illinois
https://www.ubereats.com/chicago/food-delivery/red-lobster-3001-finley-road/UAaFRnwET62O8Ugk-EiN5w,woodridge-illinois
https://www.ubereats.com/chicago/food-delivery/on-the-border-naperville/9dfhntecSnquTzeRbTROtg,woodridge-illinois
https://www.ubereats.com/chicago/food-delivery/meatheads-naperville/CXuhV1JYRkS86De1drZSbQ,woodridge-illinois
https://www.ubereats.com/chicago/food-delivery/los-burritos-tapatios-naperville/G4h-NuSNQQuJHbKNJkCNUw,woodridge-illinois
https://www.ubereats.com/chicago/food-delivery/juicy-o-pancake-house-rt-59/1elLnYU9SA2FO4f0PlD9lA,woodridge-illinois
https://www.ubereats.com/chicago/food-delivery/j-%26-j-fish-and-chicken/48nlEDCRRLmujOyRAzkPyw,woodridge-illinois
https://www.ubereats.com/chicago/food-delivery/five-guys-il-0513-22-e-chicago-ave/ECDWOrdsSIKNs4SUyP2P1A,woodridge-illinois
https://www.ubereats.com/chicago/food-delivery/mcdonalds-plainfield-%26-75th-st/tHY4Bjk0ShO5oH0e_bk_Sg,woodridge-illinois
https://www.ubereats.com/chicago/food-delivery/starbucks-75th-street-naperville/IhwLEVtlQeuEp6IMamNtVA,woodridge-illinois
https://www.ubereats.com/chicago/food-delivery/mcdonalds-naperville-%26-loop/Hn5ciIZ4SCq2NTE6NqoOgw,woodridge-illinois
https://www.ubereats.com/chicago/food-delivery/white-castle-1204-75th-st/1aloQPMkTxaMlqZT88NHPQ,woodridge-illinois
https://www.ubereats.com/chicago/food-delivery/potbelly-sandwich-shop-219-n-weber-road/XoDguYI-QHi43HrCdyMu5g,woodridge-illinois
https://www.ubereats.com/chicago/food-delivery/cuisine-of-india-naperville/vWcLRi8AQx2QAWtwL-RRSg,woodridge-illinois
https://www.ubereats.com/chicago/food-delivery/cooms-corner/fBLrWJiHTDWin93kzC0-aA,woodridge-illinois
https://www.ubereats.com/chicago/food-delivery/shawarma-express/ugMgQq8VTr6nLQImkk4EiA,woodridge-illinois
https://www.ubereats.com/chicago/food-delivery/burger-king-7301-lemont-road/3khZn5gZTSOhRVzt2KjYhA,woodridge-illinois
https://www.ubereats.com/chicago/food-delivery/domo-77/JVMb9LLyQE2vfv6J4FlDrw,woodridge-illinois
https://www.ubereats.com/chicago/food-delivery/steak-n-shake-1520-ogden-ave/UBRHFtT8TDi8xd7VlKWr7g,woodridge-illinois
https://www.ubereats.com/chicago/food-delivery/dhaba-express/ShgBcGiRQ5e3nKB1UOHKHQ,woodridge-illinois
https://www.ubereats.com/chicago/food-delivery/halal-pizza-%26-grill/O-FnPvQPTzqkMKTnAnHNsg,woodridge-illinois
https://www.ubereats.com/chicago/food-delivery/noodles-pho-u/3CpPC9UlQ3mPQDlil1HatA,woodridge-illinois
https://www.ubereats.com/chicago/food-delivery/rosatis-pizza-darien/vJIbeXsQTt-O1SQmenj9sQ,woodridge-illinois
https://www.ubereats.com/chicago/food-delivery/dairy-queen-treat-1817-wehrli-rd/Q12L4cOeQCqk33qFa-sUWQ,woodridge-illinois
https://www.ubereats.com/chicago/food-delivery/blueberry-hill-breakfast-cafe/jqoqOstYQU6PeLc2K87REQ,woodridge-illinois
https://www.ubereats.com/chicago/food-delivery/golden-corral-381-brookview-lane/3zh_UFNFTwOUsfx2douGzg,woodridge-illinois
https://www.ubereats.com/chicago/food-delivery/pub-revival/bKZURs2xQXaJQZO6ep4aFQ,woodridge-illinois
https://www.ubereats.com/chicago/food-delivery/casa-margarita-hinsdale/t_WrWQbqS4OYn7Hl-Ol6eQ,woodridge-illinois
https://www.ubereats.com/chicago/food-delivery/subway-6394-s-cass-ave/EDee0HJSQbmp3JMtzl_iWw,woodridge-illinois
https://www.ubereats.com/chicago/food-delivery/new-korea-garden/3Pz-8KKCTHGnqn8sLnCyQQ,woodridge-illinois
https://www.ubereats.com/chicago/food-delivery/gyu-kaku-japanese-bbq-naperville/dgMRuiDhRqmZ3EtV1mTSEg,woodridge-illinois
https://www.ubereats.com/chicago/food-delivery/red-lobster-1036-n-route-59/ri17I9vuRx6hAkET1loj9w,woodridge-illinois
https://www.ubereats.com/chicago/food-delivery/mod-pizza-west-bolingbrook/1bVqQXZaQGOOLTAC6p4gHg,woodridge-illinois
https://www.ubereats.com/chicago/food-delivery/the-americana-diner-inside-the-greater-chicago-i-55-auto-truckstop/n_ovt7aZQJWvyImaA9xtMg,woodridge-illinois
https://www.ubereats.com/chicago/food-delivery/starbucks-22nd-%26-tower/cB73AKpYR8SAi_rJ61aEMg,woodridge-illinois
https://www.ubereats.com/chicago/food-delivery/kona-grill-oak-brook/MJYX9AY6SkGgRha8JHX8hA,woodridge-illinois
https://www.ubereats.com/chicago/food-delivery/basecamp-pub-%26-eatery/UFXhXbTURAa8y0Vy_S2p0g,woodridge-illinois
https://www.ubereats.com/chicago/food-delivery/hamiltons-pub/Q8GB7V5lRDWv1_V4WAPSgg,woodridge-illinois
https://www.ubereats.com/chicago/food-delivery/burrito-paradise/fmtfnyDWQE-9tLBrYOnu7g,woodridge-illinois
https://www.ubereats.com/chicago/food-delivery/popeyes-ogden-%26-old-tavern/14lg5clgTeSZ90NNAjt7oA,woodridge-illinois
https://www.ubereats.com/chicago/food-delivery/juicy-o-pancake-house-naperville/wVHLhe81R7aUBXz8c0xS2g,woodridge-illinois
https://www.ubereats.com/chicago/food-delivery/subway-2247-maple-ave/4UQ8qeFqQZaKgcLuqRuqMQ,woodridge-illinois
https://www.ubereats.com/chicago/food-delivery/jersey-mikes-subs-weber-%26-boughton/9IDg0ad9QMuA6J4V9EX9UQ,woodridge-illinois
https://www.ubereats.com/chicago/food-delivery/colonial-cafe/EOAFGAX4R6CRuSs-atZO3A,woodridge-illinois
https://www.ubereats.com/chicago/food-delivery/stans-donuts-%26-coffee-oakbrook-terrace/175n6xccTIOvK41VguFNaA,woodridge-illinois
https://www.ubereats.com/chicago/food-delivery/butterfields-naperville/03eGGyvDRBuzJpba2mmR6g,woodridge-illinois
https://www.ubereats.com/chicago/food-delivery/hooters-downers-grove-%26-butterfield/zMy8wxVrSMu4HFAZpGSsbw,woodridge-illinois
https://www.ubereats.com/chicago/food-delivery/the-port-of-peri-peri-bolingbrook/nMX_4noQT7ufY8PE9QfFyA,woodridge-illinois
https://www.ubereats.com/chicago/food-delivery/popeyes-1245-w-normantown-rd/KS2kQ9rSQ2uDvdd8Vu64NA,woodridge-illinois
https://www.ubereats.com/chicago/food-delivery/dunkin-245-south-bolingbrook-drive/HWTqjXHQTuqqPmy0kkpJ4A,woodridge-illinois
https://www.ubereats.com/chicago/food-delivery/fannie-may-ogden/oH24DT3MQSmtdJ6x6p5BKg,woodridge-illinois
https://www.ubereats.com/chicago/food-delivery/dunkin-595-n-pinecrest-rd/LEQOwKlNTuaiEuGyjf3oBg,woodridge-illinois
https://www.ubereats.com/chicago/food-delivery/suparossa-restaurant/qwdXJUynSv2Sybgm31IZRA,woodridge-illinois
https://www.ubereats.com/chicago/food-delivery/francescas-passaggio/c4-gZtlYQGG5QJznL0mWKA,woodridge-illinois
https://www.ubereats.com/chicago/food-delivery/el-famous-burrito-naperville/BHeSth50TGK73iTKn_Tqmw,woodridge-illinois
https://www.ubereats.com/chicago/food-delivery/wing-society/JH4xfMtZSQeaSh5xXmDM4A,woodridge-illinois
https://www.ubereats.com/chicago/food-delivery/bowl-o-biryani/onP86-wYRNOuAwTf4txSTA,woodridge-illinois
https://www.ubereats.com/chicago/food-delivery/tanaka-ramen/REQ74mIaS2eToMYBgc-bpA,woodridge-illinois
https://www.ubereats.com/chicago/food-delivery/panda-express-ogden-%26-east/2TSrU73vRlWXAdscpJ4fBw,woodridge-illinois
https://www.ubereats.com/chicago/food-delivery/portillos-hot-dogs-7195-n-kingery-highway/80_d1LPxRPioe7chox-Lvg,woodridge-illinois
https://www.ubereats.com/chicago/food-delivery/at-munchies-rolled-ice-cream-and-snacks/e46p8s-lQ2yamKatexrxLw,woodridge-illinois
https://www.ubereats.com/chicago/food-delivery/papa-johns-pizza-wheaton/mEOnPq1MQWmsXBe8B-tkYg,woodridge-illinois
https://www.ubereats.com/chicago/food-delivery/jets-pizza-darien/7yTrAm-TSKyOFRdDeT155Q,woodridge-illinois
https://www.ubereats.com/chicago/food-delivery/capri-ristorante-woodridge/A_M89Kw1TqibqXnbQMT2Ww,woodridge-illinois
https://www.ubereats.com/chicago/food-delivery/gios-breakfast-lunch-%26-dinner/UO9ahrATQ4-tgaFOjUR7-A,woodridge-illinois
https://www.ubereats.com/chicago/food-delivery/chipotle-mexican-grill-22-e-chicago-ave-ste-103/GRu9PCJhRA2qkO_cgewtnA,woodridge-illinois
https://www.ubereats.com/chicago/food-delivery/pitaville-mediterranean-grill-aurora-%26-ogden/2oJmitfOQyi8e7s6ZyMTpQ,woodridge-illinois
https://www.ubereats.com/chicago/food-delivery/dunkin-19-w-63rd-st/OoUDx8FAS_urGXEV6PEfXw,woodridge-illinois
https://www.ubereats.com/chicago/food-delivery/charlies-restaurant/UCwlinoSRQuGmc6J96HSqw,woodridge-illinois
https://www.ubereats.com/chicago/food-delivery/tacos-el-gordo/7ww6Eq0tRzCYY8Zd4ogMhw,woodridge-illinois
https://www.ubereats.com/chicago/food-delivery/wendys-1420-s-75th-street/nag3RMRXT6yIzqawtIovxA,woodridge-illinois
https://www.ubereats.com/chicago/food-delivery/burrito-parrilla-mexicana-ogden-ave/zcWgqK0AQaKqyn_0SbtHGw,woodridge-illinois
https://www.ubereats.com/chicago/food-delivery/chuck-e-cheese-7409-cass-ave/j_w-AHruS5mnR-BN5zg6bg,woodridge-illinois
https://www.ubereats.com/chicago/food-delivery/rosatis-pizza-plainfield/CaofAZNmQ0WuxtfqKAihzw,woodridge-illinois
https://www.ubereats.com/chicago/food-delivery/grilled-cheesin/ExG6_zm1Q0iioswODCNEJQ,woodridge-illinois
https://www.ubereats.com/chicago/food-delivery/gelsosomos-pizzeria-and-pub/mYPRICYSSwSv9oAh7_xqBA,woodridge-illinois
https://www.ubereats.com/chicago/food-delivery/all-aboard-diner/NfK_BursSAOPOUuHe6Vcfg,woodridge-illinois
https://www.ubereats.com/chicago/food-delivery/mcwethys-tavern-renwick-%26-gaylord/471DCP0hTs-LK6pJ_iIm4Q,woodridge-illinois
https://www.ubereats.com/chicago/food-delivery/johnnys-burgers-bowls-%26-bbq/XtGlsoP6QXaYLn5ahx87RA,woodridge-illinois
https://www.ubereats.com/chicago/food-delivery/los-burritos-tapatios-lisle/wer65CvIRTq7dmniV5IdaA,woodridge-illinois
https://www.ubereats.com/chicago/food-delivery/mr-burger-inc/jvGEi5K6QiOgQsZCGqLLiw,woodridge-illinois
https://www.ubereats.com/chicago/food-delivery/midnight-kitchen/nKCLpWxsSDWqwbXNL1SB1Q,woodridge-illinois
https://www.ubereats.com/chicago/food-delivery/blue-sushi-sake-grill-naperville/W97nZsvxSg6khfXB_VpBCA,woodridge-illinois
https://www.ubereats.com/chicago/food-delivery/the-country-house-lisle/00jueaTNREqL9guRViaVXw,woodridge-illinois
https://www.ubereats.com/chicago/food-delivery/cinnamon-pancake-house-inc/8WyQFqctTPyZPxGZbIKDcw,woodridge-illinois
https://www.ubereats.com/chicago/food-delivery/mod-pizza-downtown-naperville/7XxIVgqCQD-GGBZCxhdspA,woodridge-illinois
https://www.ubereats.com/chicago/food-delivery/cicis-pizza-buffet-il-59-%26-119th-st/ENF7d2txRXeu6Y_HKYigbw,woodridge-illinois
https://www.ubereats.com/chicago/food-delivery/mcwethys-sports-bar/6KCFj4f1RamMfI5lMcYcpw,woodridge-illinois
https://www.ubereats.com/chicago/food-delivery/sushi-house-downers-grove/C3iF91X_S6uhbWIj_jxlMw,woodridge-illinois
https://www.ubereats.com/chicago/food-delivery/meatheads-willowbrook/z9QKaouIS0uBDHnUCSbM0g,woodridge-illinois
https://www.ubereats.com/chicago/food-delivery/subway-2303-w-63rd-st/ojwN9_OKSWe2iXF-TIcXyQ,woodridge-illinois
https://www.ubereats.com/chicago/food-delivery/the-grill-effect/Vq0scVwJR5aSCUzt1d62pw,woodridge-illinois
https://www.ubereats.com/chicago/food-delivery/between-the-buns-naperville/3_yCLeIuT--I8MIMkyfzog,woodridge-illinois
https://www.ubereats.com/chicago/food-delivery/burrito-parrilla-mexicana-lisle/dlOeuS4BS1Sl3oZxKP3U5w,woodridge-illinois
https://www.ubereats.com/chicago/food-delivery/eagle-restaurant/CFxLrEQlT4iFuydSFRRw4g,woodridge-illinois
https://www.ubereats.com/chicago/food-delivery/el-burrito-loco-woodridge/dXrFN5lTQ-KbZ6GoBuSwbw,woodridge-illinois
https://www.ubereats.com/chicago/food-delivery/teriyaki-madness-795-e-butterfield-rd-lombard/Y87f9IPwT4aAdorTzW1wVw,woodridge-illinois
https://www.ubereats.com/chicago/food-delivery/harolds-shrimp-chicken-and-pizzeria/_AZMlI2PQOqTZgMaufFqdA,woodridge-illinois
https://www.ubereats.com/chicago/food-delivery/dennys-7737-s-kingery-hwy/wtwfaaxaSI-MGd-1Z9be_A,woodridge-illinois
https://www.ubereats.com/chicago/food-delivery/wendys-1283-rickert-drive/IAaN_lvfTX6kwxoHx7QWYw,woodridge-illinois
https://www.ubereats.com/chicago/food-delivery/fatty-magoos-bar-%26-eatery/tP7H_jcBQKuVR8U2u3E9MQ,woodridge-illinois
https://www.ubereats.com/chicago/food-delivery/wendys-396-s-bolingbrook-drive/CnlJPop_Rtih7suOlGxYkQ,woodridge-illinois
https://www.ubereats.com/chicago/food-delivery/chicken-lit/ZZg9JE8cR-CGQSSImkYaHg,woodridge-illinois
https://www.ubereats.com/chicago/food-delivery/mod-pizza-downers-grove/trC1LMA_SgWsxCRu6-xYLQ,woodridge-illinois
https://www.ubereats.com/chicago/food-delivery/kfc-1450-75th-st/I3q9aBiXSFOS6wIxfzg99g,woodridge-illinois
https://www.ubereats.com/chicago/food-delivery/buffalo-wild-wings-777-e-boughton-rd/9G0OQrMhRQi-qY1r8xC_bQ,woodridge-illinois
https://www.ubereats.com/chicago/food-delivery/billy-bricks-wood-fired-pizza-naperville/lgWDT1yKSw-T_eb_lPgVcQ,woodridge-illinois
https://www.ubereats.com/chicago/food-delivery/mcdonalds-boughton-%26-i-355/wWB5tcYPQuqO2YnbNc0J8A,woodridge-illinois
https://www.ubereats.com/chicago/food-delivery/el-famous-burrito-downers-grove/JO_X5WUsSR2-6RdSRC6CZQ,woodridge-illinois
https://www.ubereats.com/chicago/food-delivery/jets-pizza-ogden/L-Yo34OJQC6bjShwfIOcHw,woodridge-illinois
https://www.ubereats.com/chicago/food-delivery/jamesons-charhouse-woodridge/fRk8AnT6S26Y2oswV-MwBQ,woodridge-illinois
https://www.ubereats.com/chicago/food-delivery/woodridge-caffe/4vNtq6ubQxyJNx0_bddC9Q,woodridge-illinois
https://www.ubereats.com/chicago/food-delivery/fannie-may-glen-ellyn/AiyZCTg4RTGQDoQ9ron2_g,woodridge-illinois
https://www.ubereats.com/chicago/food-delivery/dunkin-760-s-weber-rd/41TRaOk5Sl-aSo4omVzKQg,woodridge-illinois
https://www.ubereats.com/chicago/food-delivery/buona-naperville/mVlRlab7T9mrEgjxre13Bw,woodridge-illinois
https://www.ubereats.com/chicago/food-delivery/chicago-hot-breads/wJoWxYMUTlqFL5wMxvBtaA,woodridge-illinois
https://www.ubereats.com/chicago/food-delivery/covo-greek-street-food/sHAoAqEwSTK3SJ3yKn2qyw,woodridge-illinois
https://www.ubereats.com/chicago/food-delivery/jam-n-jelly-cafe/dmXDorxTRD6IcsgE4n8ySw,woodridge-illinois
https://www.ubereats.com/chicago/food-delivery/popeyes-7518-s-cass-ave/9pI3piwXTDCMDh0RiFEWvg,woodridge-illinois
https://www.ubereats.com/chicago/food-delivery/catfish-willowbrook-il/ZHc0hNnbStC5TOP_QMkDkA,woodridge-illinois
https://www.ubereats.com/chicago/food-delivery/cold-stone-creamery-72-south-weber-road/StjxhBmlRYKkohw-qwB0Ig,woodridge-illinois
https://www.ubereats.com/chicago/food-delivery/jets-pizza-rt-59/7iww_chkSu6VWdPpe7nOQA,woodridge-illinois
https://www.ubereats.com/chicago/food-delivery/fiesta-taco/FRLHE5rwTfaWXq28uPsqag,woodridge-illinois
https://www.ubereats.com/chicago/food-delivery/el-burrito-loco-bolingbrook-%26-briarcliff/fwZEU78LTjO2fsafbBVVCA,woodridge-illinois
https://www.ubereats.com/chicago/food-delivery/sushi-house-westmont/vhT-NgazSPO8D-XlC8v0Eg,woodridge-illinois
https://www.ubereats.com/chicago/food-delivery/five-guys-il-0555-2856-s-route-59/4ggMqOfZQsa9e6oYk4_Jug,woodridge-illinois
https://www.ubereats.com/chicago/food-delivery/taco-madre-naperville/vX6VgaQMQuymfF8b02ua4g,woodridge-illinois
https://www.ubereats.com/chicago/food-delivery/dunkin-419-s-joliet-rd/FxgBaICwSBG_KnfqUuXloA,woodridge-illinois
https://www.ubereats.com/chicago/food-delivery/los-arcos-mexican-grill-woodridge/4fqPIvAfSIGpH-4Q3Aiccw,woodridge-illinois
https://www.ubereats.com/chicago/food-delivery/famous-daves-bolingbrook/v-ER9Z_PQVeF3hSaZoCraw,woodridge-illinois
https://www.ubereats.com/chicago/food-delivery/chinese-kitchen/ZcftANDmSXmGmcOpS7EG4A,woodridge-illinois
https://www.ubereats.com/chicago/food-delivery/starbucks-ogden-and-prince/1fQyIXjSTcWqzPbej9JHjg,woodridge-illinois
https://www.ubereats.com/chicago/food-delivery/rustic-knead/lY_xN_9HSxmMCKmrQWo-UQ,woodridge-illinois
https://www.ubereats.com/chicago/food-delivery/starbucks-lisle-rte-53-%26-maple/KKo2MFynRDOVqy5R8mhrfw,woodridge-illinois
https://www.ubereats.com/chicago/food-delivery/dunkin-7516-s-cass-ave-unit-5b/4u84NygdQlefSyfrIGSI2A,woodridge-illinois
https://www.ubereats.com/chicago/food-delivery/golden-basket/e_C04EzXTLCO80K1j1gFaQ,woodridge-illinois
https://www.ubereats.com/chicago/food-delivery/perla-negra-mariscos/3ZCucSLnSmmN4dSfoZ77pA,woodridge-illinois
https://www.ubereats.com/chicago/food-delivery/pita-inn-naperville/HI1fsIlQRO-wMcu2fnvm6g,woodridge-illinois
https://www.ubereats.com/chicago/food-delivery/shikara-indian-restaurant/z5tgaCo5SmaGGBx91vLMtQ,woodridge-illinois
https://www.ubereats.com/chicago/food-delivery/chinakitchen/HOGioRmqRd2tzwfKNJy8Ig,woodridge-illinois
https://www.ubereats.com/chicago/food-delivery/dolce-restaurant-%26-wine-bar/P2sHwx6QQ8GCtYO8VnTxgA,woodridge-illinois
https://www.ubereats.com/chicago/food-delivery/portillos-hot-dogs-950-e-ogden-ave/yZ7yK1WdQVGO45u9aIrRqA,woodridge-illinois
https://www.ubereats.com/chicago/food-delivery/la-michoacana-naperville/ARfZgCw_SPC0--A-ZdSO4w,woodridge-illinois
https://www.ubereats.com/chicago/food-delivery/cassanos-pizzeria-downers-grove/g_TzODklQNGittC_RNfnOw,woodridge-illinois
https://www.ubereats.com/chicago/food-delivery/stevens-restaurant/h9M5GHXkSBC6ACPGdKt7sg,woodridge-illinois
https://www.ubereats.com/chicago/food-delivery/mr-broast-roosevelt-%26-school/qUSuzE6IQgyJvqKaqpqFhg,woodridge-illinois
https://www.ubereats.com/chicago/food-delivery/skuddlebutts/C0OjnXn6Rp2OTdz_MCRH4g,woodridge-illinois
https://www.ubereats.com/chicago/food-delivery/starbucks-downers-grove-main-%26-warren/AnhVwIsUQ6i0ttDS7gWDxA,woodridge-illinois
https://www.ubereats.com/chicago/food-delivery/china-kitchen/ISA-VjFdRy2P0IFxMUrifg,woodridge-illinois
https://www.ubereats.com/chicago/food-delivery/pza-lombard/kib2Gn5LRkKl4z_wD4kLig,woodridge-illinois
https://www.ubereats.com/chicago/food-delivery/guac-n-tacos/BssCsSMFR5q8Te7KF5t2UQ,woodridge-illinois
https://www.ubereats.com/chicago/food-delivery/mortons-the-steakhouse-1751-freedom-drive/qDjNgM9kSq62QZS4gU_d8g,woodridge-illinois
https://www.ubereats.com/chicago/food-delivery/hooters-fox-valley-%26-venuti/S9WAAsu-QNSHtowQecRpRg,woodridge-illinois
https://www.ubereats.com/chicago/food-delivery/jamba-juice-278-danada-square-west/uuGLlRiQRouzHaOV-JZ4iA,woodridge-illinois
https://www.ubereats.com/chicago/food-delivery/mojos-east-coast-eats/iI2pARBJQd-PU7LejMgY1A,woodridge-illinois
https://www.ubereats.com/chicago/food-delivery/starbucks-seven-bridges-route-53-%26-hobson/jRZ0ByP5Qa-CLeiDdXxYtg,woodridge-illinois
https://www.ubereats.com/chicago/food-delivery/krispy-krunchy-chicken-680-north-independence-boulevard/qtpIm0pRScSIUyat9vgb-A,woodridge-illinois
https://www.ubereats.com/chicago/food-delivery/sunrise-sandwich-co/tFb0syuVRoKczjAPqAMSsQ,woodridge-illinois
https://www.ubereats.com/chicago/food-delivery/outback-steakhouse-2970-finley-rd/ijpy4y9GReq9R7jIJFHU5g,woodridge-illinois
https://www.ubereats.com/chicago/food-delivery/chipotle-mexican-grill-2856-s-route-59-ste-108/GlzlSB7JRkKYfs31EdzCdA,woodridge-illinois
https://www.ubereats.com/chicago/food-delivery/arbys-1600-e-ogden-ave/Z3I2yMkvSmyc1INfEYQuag,woodridge-illinois
https://www.ubereats.com/chicago/food-delivery/philly-pretzel-factory-1037-w-ogden-ave/I9ZMcwNtQCGgTEKT1bvxYg,woodridge-illinois
https://www.ubereats.com/chicago/food-delivery/eds-kitchen/hS4E0iniT8eBwClLTyZ3eQ,woodridge-illinois
https://www.ubereats.com/chicago/food-delivery/dunkin-819-e-ogden-ave/HfD9VxKzRgy5HCEzuD0bNA,woodridge-illinois
https://www.ubereats.com/chicago/food-delivery/starbucks-wheaton-danada/mCNObG49T02N4f_5SXIyPA,woodridge-illinois
https://www.ubereats.com/chicago/food-delivery/between-the-buns-downers-grove/V3L3pg4ZQL-zQRKHjQ-N-Q,woodridge-illinois
https://www.ubereats.com/chicago/food-delivery/five-guys-il-0540-741-e-boughton-rd/nyLFjkmvQRWIF-3xK28Eig,woodridge-illinois
https://www.ubereats.com/chicago/food-delivery/signature-slabs/M2vUnrFxR6SwLIz9sCikxw,woodridge-illinois
https://www.ubereats.com/chicago/food-delivery/panera-855-e-boughton-rd/PmRtiknpRm6tI29U7q2cDw,woodridge-illinois
https://www.ubereats.com/chicago/food-delivery/big-suchir/Avd5-RZsSvKAO8N0fW7aTQ,woodridge-illinois
https://www.ubereats.com/chicago/food-delivery/lemonshark-poke/S85y_T3QR-WTwkA_km_Ggw,woodridge-illinois
https://www.ubereats.com/chicago/food-delivery/fiamme-pizzeria-napoletana/1eCFOuuzS7mv1ednbOzB8w,woodridge-illinois
https://www.ubereats.com/chicago/food-delivery/mago-grill-%26-cantina-bolingbrook/co0VeQanQl6pqgA-fhckTA,woodridge-illinois
https://www.ubereats.com/chicago/food-delivery/taco-bell-1287-rickert-dr/X-h54SOGQi6EaEW4uaeRsw,woodridge-illinois
https://www.ubereats.com/chicago/food-delivery/el-authentico-burrito/MT0flOZfRu-kR5tqSyUTsw,woodridge-illinois
https://www.ubereats.com/chicago/food-delivery/sbarro-118-fox-valley-center/Ss00mNXoSyeIzvCbzu59mg,woodridge-illinois
https://www.ubereats.com/chicago/food-delivery/macarena-tapas/kTqIL1GxTYORdjHSRqC3Lg,woodridge-illinois
https://www.ubereats.com/chicago/food-delivery/natures-best-cafe/4A57jlLRSryjCfh1FhHqgQ,woodridge-illinois
https://www.ubereats.com/chicago/food-delivery/albaraka-grill/aFz132ENRM6Pz6sEplioQA,woodridge-illinois
https://www.ubereats.com/chicago/food-delivery/spice-mart/vLN9HhFHSYGQaWAUqiAm7A,woodridge-illinois
https://www.ubereats.com/chicago/food-delivery/checkers-439-n-bolingbrook-rd/Taz1vho7T3OILT2uDdAtKQ,woodridge-illinois
https://www.ubereats.com/chicago/food-delivery/prenos/DuCrxR88TouE8EDhRa56pQ,woodridge-illinois
https://www.ubereats.com/chicago/food-delivery/between-the-buns-wheaton/XOKoYL39Q1u6Xb9ZUIEe3g,woodridge-illinois
https://www.ubereats.com/chicago/food-delivery/balboas-cheesesteaks/PUTFbCfbQAKBSOOORZTbzw,woodridge-illinois
https://www.ubereats.com/chicago/food-delivery/cousins-subs/xkIf57FdRUOZA8dH_aYrjw,woodridge-illinois
https://www.ubereats.com/chicago/food-delivery/subway-6300-robert-kingery-hwy-%23124/Ew2GfV85Rxe-SLnJvEmZCA,woodridge-illinois
https://www.ubereats.com/chicago/food-delivery/fannie-may-hinsdale/xWigSXVZTZyWHQNnNS15Qw,woodridge-illinois
https://www.ubereats.com/chicago/food-delivery/potbelly-sandwich-shop-willowbrook-%7C-94/BZNei2yRQNuSEKb3PF7Egw,woodridge-illinois
https://www.ubereats.com/chicago/food-delivery/chicken-tender-kitchen-naperville/3vARO0LkS76gfkXUxMYLcg,woodridge-illinois
https://www.ubereats.com/chicago/food-delivery/jamba-juice-7169-s-kingery-highway/6pEsvJ9mR0iStvhoJEqAnQ,woodridge-illinois
https://www.ubereats.com/chicago/food-delivery/bakers-square-2020-75th-street/3PE5gX_0QtKuRh0sjgD__w,woodridge-illinois
https://www.ubereats.com/chicago/food-delivery/zuka-sushi-%26-hibachi/Jq6FJUVvS5a-r2lAO6goAA,woodridge-illinois
https://www.ubereats.com/chicago/food-delivery/sr-tatos/kJs5CddZRo-IbYh0nci4sg,woodridge-illinois
https://www.ubereats.com/chicago/food-delivery/chopsticks-noodle-%26-thai-cafe/bmnGP3kmR8SMCEP5kFWOJA,woodridge-illinois
https://www.ubereats.com/chicago/food-delivery/noodles-%26-company-1001-75th-st-ste-189a/zwSSMrixR16ott41fm0UEQ,woodridge-illinois
https://www.ubereats.com/chicago/food-delivery/dunkin-811-e-ogden-ave/hrjqKCnxQoiQ-94iT_ELeQ,woodridge-illinois
https://www.ubereats.com/chicago/food-delivery/sonic-drive-in-farrell-%26-159th-st/pSC8oiyYS-Oj96h5FAaVSQ,woodridge-illinois
https://www.ubereats.com/chicago/food-delivery/cicis-pizza/KXgkpUUhSOiisDccXbQH3w,woodridge-illinois
https://www.ubereats.com/chicago/food-delivery/arrowhead-golf-club/lx82tdD_StGMXiCPUITETw,woodridge-illinois
https://www.ubereats.com/chicago/food-delivery/old-town-pour-house-naperville/23B9qjG3RQ6Az8_jXYkMdQ,woodridge-illinois
https://www.ubereats.com/chicago/food-delivery/dunkin-1931-w-ogden-ave/1LD4znNOQGCqjdyixEad3Q,woodridge-illinois
https://www.ubereats.com/chicago/food-delivery/la-barra-oak-brook/FAbLeJORTcytl8OwZ_C_VQ,woodridge-illinois
https://www.ubereats.com/chicago/food-delivery/desi-diner/nIw0DyDNQ1qZOfOxFAvQ9g,woodridge-illinois
https://www.ubereats.com/chicago/food-delivery/ihop-janes-%26-boughton/TCLPd4P8T4qyRYi_A1kU_A,woodridge-illinois
https://www.ubereats.com/chicago/food-delivery/mcdonalds-bolingbrook-%26-briarcliff/pLU4bHwDR5uzeHCdxQq_Pg,woodridge-illinois
https://www.ubereats.com/chicago/food-delivery/meal-village/_eFAo3UUT9mhDJ-8CX2Tbw,woodridge-illinois
https://www.ubereats.com/chicago/food-delivery/grand-dukes-restaurant-llc/gavmtMgVRaaGVQMEtjhpqA,woodridge-illinois
https://www.ubereats.com/chicago/food-delivery/smallcakes-western-springs/HNpZLwjnQzSob3kI2eptrw,woodridge-illinois
https://www.ubereats.com/chicago/food-delivery/burger-king-331-s-bolingbrook-drive/ATFIkpEsRdyAF4HeqVzNSg,woodridge-illinois
https://www.ubereats.com/chicago/food-delivery/checkers-drive-in-651-n-independence/pd6ai6xlRhaIV7YRKHwoxQ,woodridge-illinois
https://www.ubereats.com/chicago/food-delivery/sweet-desserts/MunpykDlR72joXFoV1KKVQ,woodridge-illinois
https://www.ubereats.com/chicago/food-delivery/quarry-pub-and-grill/ivD7gWDTSwGbr7hUoyxSzw,woodridge-illinois
https://www.ubereats.com/chicago/food-delivery/halsted-street-deli/INc7--4gSEK6j3C6TCUp6A,woodridge-illinois
https://www.ubereats.com/chicago/food-delivery/starbucks-bolingbrook-weber-%26-lilly-cache/CIiMKmIoTgKjPVED3c1cig,woodridge-illinois
https://www.ubereats.com/chicago/food-delivery/butterfields-wheaton/nwL8t9GPSbG_hKzp8j3OWg,woodridge-illinois
https://www.ubereats.com/chicago/food-delivery/fiesta-burrito/_ocfs7pXQViy4LbDRAgCgg,woodridge-illinois
https://www.ubereats.com/chicago/food-delivery/menchies-frozen-yogurt-7339-lemont-rd/a-mt3BXhTRe2pY3slA4LUg,woodridge-illinois
https://www.ubereats.com/chicago/food-delivery/jersey-mikes-subs-naperville-111-e-ogden-avenue/659neQUcRLq3rVdnudvjiA,woodridge-illinois
https://www.ubereats.com/chicago/food-delivery/noodles-pho-u-lombard/vHVo7wYgQJeHQFw3omvUKg,woodridge-illinois
https://www.ubereats.com/chicago/food-delivery/cold-stone-creamery/Aa7MAK9fSZuhLlZsvmFa4A,woodridge-illinois
https://www.ubereats.com/chicago/food-delivery/dunkin-1090-roosevelt-rd/Ya1PCCJSTFqCqmA8tm9N-Q,woodridge-illinois
https://www.ubereats.com/chicago/food-delivery/poke-bros-naperville/ln7MMM2lSSmLwijARBRAYg,woodridge-illinois
https://www.ubereats.com/chicago/food-delivery/mcdonalds-marquette-%26-bolingbrook/WrHhFlKHRK-CiWcc5KTRtQ,woodridge-illinois
https://www.ubereats.com/chicago/food-delivery/pierce-tavernmain-st/m3vRucIvSZGTLL6tdeBDag,woodridge-illinois
https://www.ubereats.com/chicago/food-delivery/smashburger-1-rice-lake-square/R6iq8xW-S2SJCZi6UsRB-Q,woodridge-illinois
https://www.ubereats.com/chicago/food-delivery/taco-bell-13-w-ogden-avenue/OAriunA2RSiKJ4EVSmOl_g,woodridge-illinois
https://www.ubereats.com/chicago/food-delivery/taco-grill-%26-salsa-bar-food-truck/l6O-EoS3RHyhCv7oc3nayw,woodridge-illinois
https://www.ubereats.com/chicago/food-delivery/starbucks-naper-%26-ogden/ALkOhSV0Rv-3WNWgTKDRzw,woodridge-illinois
https://www.ubereats.com/chicago/food-delivery/taco-bell-7419-s-cass-ave/pKxV0rdkTymUiv6bk6UJEQ,woodridge-illinois
https://www.ubereats.com/chicago/food-delivery/my-kind-of-deli/uzgpXvbzQzCYc8Pi2gW84w,woodridge-illinois
https://www.ubereats.com/chicago/food-delivery/el-callejon-mexican-grill/DFICaKIARnW_RkSPAHVJ-w,woodridge-illinois
https://www.ubereats.com/chicago/food-delivery/wok-n-fire-wheaton/5BMBDafySTiy-4mqBmjEuQ,woodridge-illinois
https://www.ubereats.com/chicago/food-delivery/outback-steakhouse-2855-west-ogden-avenue/hxoglKX4QB-Mjio04npy2A,woodridge-illinois
https://www.ubereats.com/chicago/food-delivery/dunkin-donuts-naper-blvd/l82bLGiWRAWilzm79H-xdw,woodridge-illinois
https://www.ubereats.com/chicago/food-delivery/sarpinos-pizzeria-1567-n-aurora-rd/uCa0l8OpSHa1NXzBcOx4xw,woodridge-illinois
https://www.ubereats.com/chicago/food-delivery/tacochela/7YoZLOAWTKCptALUCL2DNQ,woodridge-illinois
https://www.ubereats.com/chicago/food-delivery/dunkin-2035-s-washington-st-suite-103/GMvqNN0fR6aXgaFCqcFVEw,woodridge-illinois
https://www.ubereats.com/chicago/food-delivery/apizzaco-freedom-dr/F7yyjvAnRrmXCnstBk21XQ,woodridge-illinois
https://www.ubereats.com/chicago/food-delivery/flat-top-grill-lombard/GedKlrcNSPmYjWnyuuqnKA,woodridge-illinois
https://www.ubereats.com/chicago/food-delivery/shree-indian-restaurant-naperville/85_fOC4yTi63uveAvag7Pg,woodridge-illinois
https://www.ubereats.com/chicago/food-delivery/bar-louie-bolingbrook/_HGDaSw0RJyRaZ4LZN4NXg,woodridge-illinois
https://www.ubereats.com/chicago/food-delivery/buffalo-wild-wings-7111-s-kingery-hwy/2GHjh3aWRC-Ghyigo3fNbg,woodridge-illinois
https://www.ubereats.com/chicago/food-delivery/seoul-taco-naperville/fsUIHB8hTK61ZZnrdJF5wA,woodridge-illinois
https://www.ubereats.com/chicago/food-delivery/magic-kitchen/UpNaO0b1T0ihKG-TLTUshg,woodridge-illinois
https://www.ubereats.com/chicago/food-delivery/burritos-mi-tierra/-6k4BokfSnajvROZ4NsmZQ,woodridge-illinois
https://www.ubereats.com/chicago/food-delivery/chipotle-mexican-grill-750-janes-ave-ste-a/5lljjkaGR--S3i9eOqCsGQ,woodridge-illinois
https://www.ubereats.com/chicago/food-delivery/jam-n-jelly/ReKNEI6vTKeiSo7Wda_gEg,woodridge-illinois
https://www.ubereats.com/chicago/food-delivery/el-dorado-bakery/Gx8xL2AoQMOTOacMAz2f6g,woodridge-illinois
https://www.ubereats.com/chicago/food-delivery/cozymels-mexican-grill/IsYSmBxLTouyVhpJKelehg,woodridge-illinois
https://www.ubereats.com/chicago/food-delivery/the-clubhouse-oak-brook/iniAqgjiTGWOKxKm9N_sEQ,woodridge-illinois
https://www.ubereats.com/chicago/food-delivery/five-guys-il-0583-141-danada-square-east/q18Y7HArQ4SRM8xOVvLheQ,woodridge-illinois
https://www.ubereats.com/chicago/food-delivery/altiro-latin-fusion-wheaton/HGfi5KDkRBiLbZc6DqpwbA,woodridge-illinois
https://www.ubereats.com/chicago/food-delivery/burger-king-1276-state-street/9pAc71E8QsWjajBq6H5XuA,woodridge-illinois
https://www.ubereats.com/chicago/food-delivery/subway-1303-naper-blvd/U4rzRfHCTTuztbd_qG73qQ,woodridge-illinois
https://www.ubereats.com/chicago/food-delivery/mcdonalds-75th-st-%26-millbrook/9cA9x7nsR6eVaVcvjCJvXA,woodridge-illinois
https://www.ubereats.com/chicago/food-delivery/starbucks-bolingbrook-boughton-%26-janes/MzulR5YsQyqxjxudhLEtCA,woodridge-illinois
https://www.ubereats.com/chicago/food-delivery/taylor-street-pizza/eAIHnNd0RaahTZzcSMrmbw,woodridge-illinois
https://www.ubereats.com/chicago/food-delivery/fontinas-italian-kitchen/Xn2AWJNeRtWnYcE4B9PqtA,woodridge-illinois
https://www.ubereats.com/chicago/food-delivery/the-port-of-peri-peri-aurora/xsPE-DWzTLGBcs8jEw4ZcA,woodridge-illinois
https://www.ubereats.com/chicago/food-delivery/the-beer-market/8X7uGNubSBiAbsIicDwtHw,woodridge-illinois
https://www.ubereats.com/chicago/food-delivery/starbucks-clarendon-hills-park-ave/k_05R2DJS0aEVeo3xxtbOQ,woodridge-illinois
https://www.ubereats.com/chicago/food-delivery/hyderabad-house-biryani-place-restaurant-%26-bakery/8R8qW1iGTd21z3Mg1TtMEg,woodridge-illinois
https://www.ubereats.com/chicago/food-delivery/subway-2189-75th-st/V7ifuYRRScu01Gx0T1IJUQ,woodridge-illinois
https://www.ubereats.com/chicago/food-delivery/twin-peaks-restaurant-17w744-22nd-st/XT_jp8V6QkWuNwxKAfJj6g,woodridge-illinois
https://www.ubereats.com/chicago/food-delivery/honey-jam-cafe-downers-grove/hyUAKwqTR_i01zXKDDGT9w,woodridge-illinois
https://www.ubereats.com/chicago/food-delivery/between-the-buns-bolingbrook/KrsRwFNpTKSlH-KqrF7zHA,woodridge-illinois
https://www.ubereats.com/chicago/food-delivery/chipotle-mexican-grill-1203-ogden-ave/CR0Jrk5iQcGdpSTx3L-TrA,woodridge-illinois
https://www.ubereats.com/chicago/food-delivery/brooks-kitchen-%26-tap/Oor5mGwbQX-1214eO6Rsvw,woodridge-illinois
https://www.ubereats.com/chicago/food-delivery/falak-restaurant-and-banquets/MqgEKNvvRiGJlEXNnjkohw,woodridge-illinois
https://www.ubereats.com/chicago/food-delivery/halal-express-cuisine/KhaG6fv5RsS9kKc-O3t56w,woodridge-illinois
https://www.ubereats.com/chicago/food-delivery/wildfire-oak-brook/EArDI_IATQ-ejvek4jpUiQ,woodridge-illinois
https://www.ubereats.com/chicago/food-delivery/the-white-chocolate-grill-naperville/atWZ7krHQbmj_c4tlOg-eA,woodridge-illinois
https://www.ubereats.com/chicago/food-delivery/dunkin-15629-w-127th-st/YPFudF-nQcy0_iMj75Sr9A,woodridge-illinois
https://www.ubereats.com/chicago/food-delivery/pizza-exclusive-wood-fired-neapolitan-pizza/BvZZfj7cTSik4edNvfUInQ,woodridge-illinois
https://www.ubereats.com/chicago/food-delivery/chipotle-mexican-grill-28251-diehl-rd-ste-a/uBv5Q5tSRUOPcXQ3pIqHaQ,woodridge-illinois
https://www.ubereats.com/chicago/food-delivery/golden-corral-4270-e-new-york-street/Eul4s8iqSA68Y8XOS0YxoQ,woodridge-illinois
https://www.ubereats.com/chicago/food-delivery/el-barrio-mexican-restaurant/28jVR3BqT4OHlDeUwAaD3A,woodridge-illinois
https://www.ubereats.com/chicago/food-delivery/cookie-dough-creations/RYoOC8owSLmH0Cs5folcSg,woodridge-illinois
https://www.ubereats.com/chicago/food-delivery/burrito-parilla-mexicana-lombard/8jp3dZvqQp2RdBBm8LvjlQ,woodridge-illinois
https://www.ubereats.com/chicago/food-delivery/sushi-naper/oFit7147RT-7PuBcaqUW4w,woodridge-illinois
https://www.ubereats.com/chicago/food-delivery/claras/ULkU8AukSXGwKin9E-dS5w,woodridge-illinois
https://www.ubereats.com/chicago/food-delivery/mandys-soul-food-kitchen/Qwkr-bWsSWekkeKkNNMtLQ,woodridge-illinois
https://www.ubereats.com/chicago/food-delivery/red-arrow-smoked-meats/fEYfbqa2R4ylxZ4ju2dZbw,woodridge-illinois
https://www.ubereats.com/chicago/food-delivery/old-town-pizza-naperville/2Bu3Iq87SWuXO8KQmBIaTQ,woodridge-illinois
https://www.ubereats.com/chicago/food-delivery/neat-kitchen-%2B-bar/69k4VkGuRnSS8cHwATO3yg,woodridge-illinois
https://www.ubereats.com/chicago/food-delivery/starbucks-bolingbrook-rte-53-%26-remington/YpyEtL55R1qWE5BZ5QMkCg,woodridge-illinois
https://www.ubereats.com/chicago/food-delivery/shimla-peppers/LVOHCne5RPuSid3Ogox5zA,woodridge-illinois
https://www.ubereats.com/chicago/food-delivery/sweet-home-gelato/gaGjpjp5Ss284xRKbZMREQ,woodridge-illinois
https://www.ubereats.com/chicago/food-delivery/popeyes-257-s-bolingbrook-dr/dwsPw9CAQCu7sq_TrQauzw,woodridge-illinois
https://www.ubereats.com/chicago/food-delivery/algo-dulce/llFcRUbOQAuNoKyT07LUPQ,woodridge-illinois
https://www.ubereats.com/chicago/food-delivery/otobo-sushi-%26-bar/UTQUjhMARACHR-fbjqbWzQ,woodridge-illinois
https://www.ubereats.com/chicago/food-delivery/hong-kong-carry-out/n-Llehj5Ru-OJ8bAD94Jag,woodridge-illinois
https://www.ubereats.com/chicago/food-delivery/mcdonalds-weber-%26-boughton/tgX7Jhj3Qx-_P9aw4rSKbg,woodridge-illinois
https://www.ubereats.com/chicago/food-delivery/ellyns-tap-and-grill/QXJZo7kWQfy83nNkRObtHw,woodridge-illinois
https://www.ubereats.com/chicago/food-delivery/potbelly-sandwich-shop-westmont-dt-%7C-355/X8FhmEq8SueRKAEtdwPMIQ,woodridge-illinois
https://www.ubereats.com/chicago/food-delivery/noodles-pho-u-bolingbrook/FcX4R6m_SkKTe1p1j4KhnA,woodridge-illinois
https://www.ubereats.com/chicago/food-delivery/kfc-taco-bell-1015-maple-avenue/b7MHyF_rRyKdgtrfmC8qzg,woodridge-illinois
https://www.ubereats.com/chicago/food-delivery/dunkin-1255-w-boughton-rd/c2uSJn7lRQCw_CEy1p94Gw,woodridge-illinois
https://www.ubereats.com/chicago/food-delivery/schmaltz-deli/WynBFX6cS8Ke_ICqQEzh9g,woodridge-illinois
https://www.ubereats.com/chicago/food-delivery/mcdonalds-york-%26-ogden/c6U_uJTxSdC8ZHmHbBVMgA,woodridge-illinois
https://www.ubereats.com/chicago/food-delivery/dao-sushi-%26-thai-restaurant-willowbrook/i1DLWfBIS_OteYCrqvKQ8g,woodridge-illinois
https://www.ubereats.com/chicago/food-delivery/savinos-beef-and-gyros/lQs0cDBhRmCipocp71HrOA,woodridge-illinois
https://www.ubereats.com/chicago/food-delivery/dunkin-4003-plainfield-naperville-rd-ste-121/YAuWvZdlR_C0pIY51DjOAw,woodridge-illinois
https://www.ubereats.com/chicago/food-delivery/subway-636-n-independence-blvd/bPVi4WfJRxuwWvhnaHQHoA,woodridge-illinois
https://www.ubereats.com/chicago/food-delivery/french-toastery/Pl5XF0v0Q0qyrsiFHxKGNQ,woodridge-illinois
https://www.ubereats.com/chicago/food-delivery/pita-zone/h43X2DSWQGCr4a7HOv61zA,woodridge-illinois
https://www.ubereats.com/chicago/food-delivery/kizuna-sushi-bistro/mDzkKkgfR323PClFNUUCtg,woodridge-illinois
https://www.ubereats.com/chicago/food-delivery/dunkin-522-ogden-ave/aVj0qVH1RxmK1MZcCEph7A,woodridge-illinois
https://www.ubereats.com/chicago/food-delivery/mora-asian-kitchen-bolingbrook/6U9oNXyaSpGuLqDwvoFbuA,woodridge-illinois
https://www.ubereats.com/chicago/food-delivery/dickeys-bolingbrook/nB5upE1iTsu4WxfY0S3N7w,woodridge-illinois
https://www.ubereats.com/chicago/food-delivery/sullivans-244-s-main-street/3O3XdEaDTpqKgrCOG_f_lQ,woodridge-illinois
https://www.ubereats.com/chicago/food-delivery/delicia-mexican-grill/HFetTZU_QLarXMAgkVyNZQ,woodridge-illinois
https://www.ubereats.com/chicago/food-delivery/subway-221-s-bolingbrook-dr/bAhQ_NRVQu2qmLY6nH1kTg,woodridge-illinois
https://www.ubereats.com/chicago/food-delivery/steak-n-shake-2019-w-75th-street/bXW_XVKGQE2nANq1M8TC-A,woodridge-illinois
https://www.ubereats.com/chicago/food-delivery/eggcited/x7v_MlRnR7aweuhjOYhAEg,woodridge-illinois
https://www.ubereats.com/chicago/food-delivery/umai-aji-ya/R9L9XA65TN-PAay0mw7PWg,woodridge-illinois
https://www.ubereats.com/chicago/food-delivery/shinto-sushi-at-freedom-commons/xcwpGPNeTEGfc3mw67gAOQ,woodridge-illinois
https://www.ubereats.com/chicago/food-delivery/mi-hacienda-mexican-cuisine/gBl2sOwIT8uikepoiC0LfQ,woodridge-illinois
https://www.ubereats.com/chicago/food-delivery/papa-johns-355-w-ogden-ave/tya141dOQKidXJ7uaqUR1g,woodridge-illinois
https://www.ubereats.com/chicago/food-delivery/sakura-nami/Lh3hW6EoQgytsqOU5H8yZQ,woodridge-illinois
https://www.ubereats.com/chicago/food-delivery/jimmys-dog-house/J62MQQD0QjGn7qxlo5Excw,woodridge-illinois
https://www.ubereats.com/chicago/food-delivery/red-mango-233-town-sq/wV8ZBCohRYyyvPRMHxJG8g,woodridge-illinois
https://www.ubereats.com/chicago/food-delivery/granite-city-food-%26-brewery-1828-abriter-ct/CPMtw2RATvSUAukTx12fHw,woodridge-illinois
https://www.ubereats.com/chicago/food-delivery/mcdonalds-roosevelt-%26-stewart/sgzhJeCNR5-tcAo3mILuyQ,woodridge-illinois
https://www.ubereats.com/chicago/food-delivery/dunkin-1255-w-boughton-rd/_dur_t7DS9a2i_F_GJm30g,woodridge-illinois
https://www.ubereats.com/chicago/food-delivery/aloha-poke-co-w-washington-st/2nfQ03W-Tu6He5zJJNB0Hg,woodridge-illinois
https://www.ubereats.com/chicago/food-delivery/mon-ami-gabi-oak-brook-center/VQHij92TRhmRv4BsxdTcSg,woodridge-illinois
https://www.ubereats.com/chicago/food-delivery/labriola-cafe-oak-brook/TRdussV4RK6FPPZMwfRxrA,woodridge-illinois
https://www.ubereats.com/chicago/food-delivery/chicken-crossing/aeM3TmvtQw2c9hXNUkH6cw,woodridge-illinois
https://www.ubereats.com/chicago/food-delivery/chinns-34th-street-fishery/GwLEMNybRryEkycp3SFsTw,woodridge-illinois
https://www.ubereats.com/chicago/food-delivery/carrabbas-1001-75th-st/J3K7eixKRk6vPbZ0Nm4KMg,woodridge-illinois
https://www.ubereats.com/chicago/food-delivery/sals-pizza-pub/d52iUBBuSpOmJVn5bKFeHA,woodridge-illinois
https://www.ubereats.com/chicago/food-delivery/chishack/Zpox8GcdQjSliPRTheu9RA,woodridge-illinois
https://www.ubereats.com/chicago/food-delivery/paleteria-el-sabor-de-michoacan-%23-3/NjHKBc0JRMuNEo8CQW1mVQ,woodridge-illinois
https://www.ubereats.com/chicago/food-delivery/starbucks-naper-%26-75th-st/q4MOuwK9Rje10xA_Z99U_w,woodridge-illinois
https://www.ubereats.com/chicago/food-delivery/taps-n-tenders/7M5PwucpRgqJZbo6NglTSg,woodridge-illinois
https://www.ubereats.com/chicago/food-delivery/saras-pakistani-%26-indian-cuisine/nCEGz5nkT6-HqFi2AgJ3nw,woodridge-illinois
https://www.ubereats.com/chicago/food-delivery/pizzeria32-downers-grove/-RRzhJrBSgG-RfETLFEgcA,woodridge-illinois
https://www.ubereats.com/chicago/food-delivery/mcdonalds-ogden-%26-florence/oLjV77GWRTKwSgvs2lv0-w,woodridge-illinois
https://www.ubereats.com/chicago/food-delivery/capri-to-go/2F1h-lE6Qr-r4p13eri_kQ,woodridge-illinois
https://www.ubereats.com/chicago/food-delivery/priyas-kitchen-westmont/-6clMLQeSWmI_O6dEy3qNg,woodridge-illinois
https://www.ubereats.com/chicago/food-delivery/la-sorella-di-francesca/pELghr8JTSCklq8SpD3nBA,woodridge-illinois
https://www.ubereats.com/chicago/food-delivery/guzman-y-gomez-naperville/jM6t0JCZTAW7gDe2EMp9Fw,woodridge-illinois
https://www.ubereats.com/chicago/food-delivery/tacqueria-coral/5wpma0QiRjikfd-O4lH-gQ,woodridge-illinois
https://www.ubereats.com/chicago/food-delivery/crepes-and-pierogi-house/rLjLptAqR22cpZ1FLf2d2w,woodridge-illinois
https://www.ubereats.com/chicago/food-delivery/bollywood-bistro/PVjm4IVUQZe21vkFuAUoxg,woodridge-illinois
https://www.ubereats.com/chicago/food-delivery/mod-pizza-willowbrook-tc/AePbiB-YQseAW15SIRW_kg,woodridge-illinois
https://www.ubereats.com/chicago/food-delivery/rosebud-lemont/DbSUgrRkQQCPY7kbJi38Ew,woodridge-illinois
https://www.ubereats.com/chicago/food-delivery/billy-bricks-wood-fired-pizza-yorktown-center/GYk1y4sQRIS4u4k_FwXgpA,woodridge-illinois
https://www.ubereats.com/chicago/food-delivery/godavari-chicago-at-naperville/_nq1OL0JTiaEaTnexVhX-A,woodridge-illinois
https://www.ubereats.com/chicago/food-delivery/subway-lemont/PcbE87dJTki36Ob0jrS2oA,woodridge-illinois
https://www.ubereats.com/chicago/food-delivery/ballydoyle-irish-pub-downers-grove/usKHSH8tQDKQFCev3zqYcw,woodridge-illinois
https://www.ubereats.com/chicago/food-delivery/corner-bakery-cafe-42-e-hinsdale-ave/0Buj65LDTumKHa0DVde28g,woodridge-illinois
https://www.ubereats.com/chicago/food-delivery/fill-a-pita/TxEeurOJRb2iDcMI5uCycA,woodridge-illinois
https://www.ubereats.com/chicago/food-delivery/damascus-falafel/-0wJWXJ0RsOxsqtXYlyosQ,woodridge-illinois
https://www.ubereats.com/chicago/food-delivery/dunkin-649-n-independence-blvd/gaQPqswuRquqXN_wt2FTmQ,woodridge-illinois
https://www.ubereats.com/chicago/food-delivery/chinese-kitchen/1HaC06LwS2SrfNrLNXN9rA,woodridge-illinois
https://www.ubereats.com/chicago/food-delivery/los-burritos-tapatios-downers-grove/8hnvc2ONR2qNpICRwXa80Q,woodridge-illinois
https://www.ubereats.com/chicago/food-delivery/roundheads-pizza-downers-grove/wMvUxymuTTSCsH33UVQcwQ,woodridge-illinois
https://www.ubereats.com/chicago/food-delivery/capri-express-pizza-%26-pasta/YJ5GKUlmQWOAcwzMVD8EPw,woodridge-illinois
https://www.ubereats.com/chicago/food-delivery/bds-mongolian-grill-boughton-%26-janes/OYULWfh3RkaUHFHoDRtHlg,woodridge-illinois
https://www.ubereats.com/chicago/food-delivery/starbucks-75th-%26-lemont/L_aWYoz8QXOPgxDo_FSxzQ,woodridge-illinois
https://www.ubereats.com/chicago/food-delivery/dunkin-85-yorktown-shopping-center/btA1cbCDSm6b1OOKbcxMng,woodridge-illinois
https://www.ubereats.com/chicago/food-delivery/cold-stone-creamery-23-w-jefferson-ave/Mj68Saj5R4akNME-Y7Egng,woodridge-illinois
https://www.ubereats.com/chicago/food-delivery/grilled-cheesin/zARAjV5UQQWy4gSti2EU4w,woodridge-illinois
https://www.ubereats.com/chicago/food-delivery/salernos-pizza-%26-pasta-bolingbrook/irN_Y6rVTx2neidyQqEKEA,woodridge-illinois
https://www.ubereats.com/chicago/food-delivery/white-castle-120-s-bolingbrook-dr/65b0zSZkT1W07cXNL5ItGg,woodridge-illinois
