url,city
https://www.ubereats.com/chicago/food-delivery/lino-%26-lucias-italian-kitchen-bensenville/7e-ETyKtQu-DotG9YzE-6w,wood-dale-illinois
https://www.ubereats.com/chicago/food-delivery/five-guys-il-0510-1424-n-meacham/emds24UTRBCSPpw7fp3jAQ,wood-dale-illinois
https://www.ubereats.com/chicago/food-delivery/dunkin-850-elmhurst-rd/OcxwtlRfQxGpnQ42dHm9Ow,wood-dale-illinois
https://www.ubereats.com/chicago/food-delivery/between-the-buns-oakbrook-terrace/WGBztpyzREGBym1qMje0Aw,wood-dale-illinois
https://www.ubereats.com/chicago/food-delivery/zaika-indian-cuisine/hHOsgj-tQV6z2boNFIzrAQ,wood-dale-illinois
https://www.ubereats.com/chicago/food-delivery/pj-fresh-1050-busse-highway/Kznr5WqvTNSHkJIfZY3FZg,wood-dale-illinois
https://www.ubereats.com/chicago/food-delivery/joe-%26-giuseppe-restaurant/eERnCUNJQTGm1kLNh1NRIQ,wood-dale-illinois
https://www.ubereats.com/chicago/food-delivery/maharaja-vegan-express/3q_rcOvIQ52mfVQMW3LcQg,wood-dale-illinois
https://www.ubereats.com/chicago/food-delivery/blueberry-hill-breakfast-cafe-oak-brook/vZgWOmnKQs6hgLw7gwWLZw,wood-dale-illinois
https://www.ubereats.com/chicago/food-delivery/mcdonalds-river-%26-higgins/4GB61fXFRBCm1gtrmp7dqA,wood-dale-illinois
https://www.ubereats.com/chicago/food-delivery/dunkin-893-e-schaumburg-rd/-ybBGQrrTi-in6ZG605G9A,wood-dale-illinois
https://www.ubereats.com/chicago/food-delivery/strats/B8HQ0FvYTfSOldYWxeGe4w,wood-dale-illinois
https://www.ubereats.com/chicago/food-delivery/portillos-hot-dogs-635-1-2-north-ave/F8hF9hTlS8WP7oXFhrFoYw,wood-dale-illinois
https://www.ubereats.com/chicago/food-delivery/nay-restaurant/c_tH8H8_Rf-BkB9CWIW-FA,wood-dale-illinois
https://www.ubereats.com/chicago/food-delivery/panda-express-county-rd-11-%26-wall/tldMWWamQG6ErfznSEBAfw,wood-dale-illinois
https://www.ubereats.com/chicago/food-delivery/benjyehuda-meacham-rd/zvOmlrp8TSO8WD6LX4pmMA,wood-dale-illinois
https://www.ubereats.com/chicago/food-delivery/subway-75-w-north-ave/NC0g0y5BStqdiDISzkts1w,wood-dale-illinois
https://www.ubereats.com/chicago/food-delivery/fellini-restaurant-and-pizzeria/mFkUvp_rQ9C-V4O8awiH6A,wood-dale-illinois
https://www.ubereats.com/chicago/food-delivery/el-chilito-bravo/yCTK-a5hSL2NfPLuHUXaGw,wood-dale-illinois
https://www.ubereats.com/chicago/food-delivery/mcdonalds-biesterfield-%26-arlington-heights/79L0vu-AShONrHa41L945A,wood-dale-illinois
https://www.ubereats.com/chicago/food-delivery/illusion-cafe-and-bar/iCsE1wk0RNemm6ZgquMDTg,wood-dale-illinois
https://www.ubereats.com/chicago/food-delivery/dunkin-1-w-st-charles-rd/18kjK877TduZU_uU68vUPQ,wood-dale-illinois
https://www.ubereats.com/chicago/food-delivery/dunkin-936-n-york-rd/QGP7N2y_RGqz9tEOVrSOYA,wood-dale-illinois
https://www.ubereats.com/chicago/food-delivery/8000-miles-main-st/gJvKY0gDQE2p3w3u9uanyw,wood-dale-illinois
https://www.ubereats.com/chicago/food-delivery/pizza-bunny/5AJ7Pmb-RrKwgyBpttWaWw,wood-dale-illinois
https://www.ubereats.com/chicago/food-delivery/los-buenos-diaz-mexican-grill/Y8yz3ujIT4SZb12Xjdoffw,wood-dale-illinois
https://www.ubereats.com/chicago/food-delivery/marios-deli-ii/-OSHbu1zQ-yytmBn2PF8xQ,wood-dale-illinois
https://www.ubereats.com/chicago/food-delivery/tasty-nihari/CkUjqAsxRDOobaJkLT4HlQ,wood-dale-illinois
https://www.ubereats.com/chicago/food-delivery/viva-zapata/unmmVKiCRYKaD-OI-5-f4g,wood-dale-illinois
https://www.ubereats.com/chicago/food-delivery/tapalpa/BJHjsuC5TJGJ7J3WxNhO-w,wood-dale-illinois
https://www.ubereats.com/chicago/food-delivery/seven-luck-chinese-restaurant/lvdTnlSmSBiwaOQLH7677w,wood-dale-illinois
https://www.ubereats.com/chicago/food-delivery/tea-ninja%3A-rosemont/yyv7BKbnQCCqcm3AcnTAiQ,wood-dale-illinois
https://www.ubereats.com/chicago/food-delivery/punkys-pub/LoVWVzltT0eAs4-Wre4vBA,wood-dale-illinois
https://www.ubereats.com/chicago/food-delivery/cinnabon-d203-woodfield-mall/cRFHDRHwQkGWNOnLPyoyWA,wood-dale-illinois
https://www.ubereats.com/chicago/food-delivery/rookies-all-american-pub-%26-grill-roselle/HtN7oqOaR7OsUgnl6bYdlA,wood-dale-illinois
https://www.ubereats.com/chicago/food-delivery/famous-daves-1631-west-lake-street/jABl9Hz9TRGKIzDlyRGw4w,wood-dale-illinois
https://www.ubereats.com/chicago/food-delivery/fuddruckers-schaumburg/v4Z_jrZsQDWNHf9Ic93jEA,wood-dale-illinois
https://www.ubereats.com/chicago/food-delivery/quiznos-elk-grove-village/rForUm7aR_SqgAhzLPFz8Q,wood-dale-illinois
https://www.ubereats.com/chicago/food-delivery/taqueria-los-comales-roosevelt-%26-westmore-meyers/yVagsUvASyaAt0MLBsQ7dQ,wood-dale-illinois
https://www.ubereats.com/chicago/food-delivery/taqueria-mexico-%232/DMfcyJLXQuScr77Bvt33-g,wood-dale-illinois
https://www.ubereats.com/chicago/food-delivery/falafill-schaumburg/6Sba9NekRQy8dKOHepOhbQ,wood-dale-illinois
https://www.ubereats.com/chicago/food-delivery/taco-bell-951-s-roselle-rd/3SA2bgTGS4e_CN6m4VhoMQ,wood-dale-illinois
https://www.ubereats.com/chicago/food-delivery/which-wich-2995-mannheim-rd/VjxyQW8ETGahsxd_TNgJWA,wood-dale-illinois
https://www.ubereats.com/chicago/food-delivery/the-port-of-peri-peri-villa-park/6m6tAxofRSWFrxMkkKhPAA,wood-dale-illinois
https://www.ubereats.com/chicago/food-delivery/gabutto-burger/nJgLSWtpR2GQwJGbIluE6Q,wood-dale-illinois
https://www.ubereats.com/chicago/food-delivery/charkies/ELxr30eGTFy3xlRsF5Pmig,wood-dale-illinois
https://www.ubereats.com/chicago/food-delivery/wendys-1750-e-higgins-road/zZ4JRepjQXODB4BuV5yExQ,wood-dale-illinois
https://www.ubereats.com/chicago/food-delivery/dunkin-516-w-irving-park-rd/YemrNypZQRe6fQ-NxLPeNg,wood-dale-illinois
https://www.ubereats.com/chicago/food-delivery/noodles-%26-company-1327-golf-rd/QO14UKkGTUS9oX56FS5Ykw,wood-dale-illinois
https://www.ubereats.com/chicago/food-delivery/cafe-orchid-northwest-%26-greenwood/8aK0YjVFSuW9GTMAnpBeDg,wood-dale-illinois
https://www.ubereats.com/chicago/food-delivery/brandys-gyros-schaumburg/JNUJryl3STeRcoMqidBHJA,wood-dale-illinois
https://www.ubereats.com/chicago/food-delivery/kolachi-tandoori-grill/4SnxLJzkTvi9XKl5OvLbhg,wood-dale-illinois
https://www.ubereats.com/chicago/food-delivery/papa-johns-pizza-melrose-park/BwCx4culRPqox8l_jqQDdw,wood-dale-illinois
https://www.ubereats.com/chicago/food-delivery/buona-itasca/si2wG7IZQB6wobTQ_M4zzQ,wood-dale-illinois
https://www.ubereats.com/chicago/food-delivery/two-chefs-restaurant-%26-catering/YaUglUT2QVqgsAGCiOyzyA,wood-dale-illinois
https://www.ubereats.com/chicago/food-delivery/taquerias-atotonilco-stone-park/FghQqP1FTs-Luwyfc0oEVQ,wood-dale-illinois
https://www.ubereats.com/chicago/food-delivery/amadas-cafe/Z-rNLPdMTxqSQ1dbRR_EqQ,wood-dale-illinois
https://www.ubereats.com/chicago/food-delivery/los-burritos-mexicanos-%231/ClzpkDX4QEabuLbdrUd4fA,wood-dale-illinois
https://www.ubereats.com/chicago/food-delivery/protein-bar-and-kitchen-meacham-%26-woodfield/13NDMskVQXabRYpXbLBffw,wood-dale-illinois
https://www.ubereats.com/chicago/food-delivery/mcdonalds-golf-%26-elmhurst/9CrFN9AoSECH_uaR0s55yg,wood-dale-illinois
https://www.ubereats.com/chicago/food-delivery/bbq-hut/L2pYCoEdT_aBWfoAwueaIg,wood-dale-illinois
https://www.ubereats.com/chicago/food-delivery/browns-chicken-elk-grove-village/a5uAawmGSwOH0voY56RhRw,wood-dale-illinois
https://www.ubereats.com/chicago/food-delivery/popeyes-691-w-lake-street/Aok3KVQ5S9Wab5khSep9uw,wood-dale-illinois
https://www.ubereats.com/chicago/food-delivery/sarpinos-pizzeria-922-roosevelt-rd/W74llbs0Sgm31ljKbr8uUw,wood-dale-illinois
https://www.ubereats.com/chicago/food-delivery/salsa-street-mexican-restaurant-%26-cantina-mt-prospect/z2_r_UY8SmClChKUaGUhNA,wood-dale-illinois
https://www.ubereats.com/chicago/food-delivery/dunkin-1080-e-oakton-st/qidCiUjiTs-wlIa-wE3YVA,wood-dale-illinois
https://www.ubereats.com/chicago/food-delivery/francescas-tavola/9u7o55vvSjeO8XjVnTZJ7g,wood-dale-illinois
https://www.ubereats.com/chicago/food-delivery/popeyes-1790-w-algonquin-rd/jbaVVXu_QoGtcqfomMFiMg,wood-dale-illinois
https://www.ubereats.com/chicago/food-delivery/ellys-norridge/F1I8qeNpQWevLITBn_x05A,wood-dale-illinois
https://www.ubereats.com/chicago/food-delivery/starbucks-irving-park-%26-25th-schiller-park/_-yoB0qHT3CnpyGHaVtJZg,wood-dale-illinois
https://www.ubereats.com/chicago/food-delivery/taco-bell-1530-w-algonquin-rd/tlpwDrcUSAivmhcgjW4_bw,wood-dale-illinois
https://www.ubereats.com/chicago/food-delivery/flavor-frenzy/TRME8IsUTiiN39F843ZTLA,wood-dale-illinois
https://www.ubereats.com/chicago/food-delivery/brazil-express-grill/t3cmogLPR2iPjN5ZmVe3Uw,wood-dale-illinois
https://www.ubereats.com/chicago/food-delivery/jersey-mikes-subs-biesterfield-%26-arlington-heights/uLpExKIbT0eDh-rL72XBww,wood-dale-illinois
https://www.ubereats.com/chicago/food-delivery/mcdonalds-butterfield-%26-york/ao9c96NNTd6L48bv1IWLhQ,wood-dale-illinois
https://www.ubereats.com/chicago/food-delivery/county-donuts/edFg6CrXRluQ3qhicNzfhA,wood-dale-illinois
https://www.ubereats.com/chicago/food-delivery/salt-and-pepper-cajun-kitchen/UTI-h4m0RUaDousraZecYg,wood-dale-illinois
https://www.ubereats.com/chicago/food-delivery/dunkin-2120-miner-st/zJdclvQDTZaFoDADlM5Rgg,wood-dale-illinois
https://www.ubereats.com/chicago/food-delivery/granite-city-food-%26-brewery-schaumburg/DuGH1jYxQFOBDpoU4CdF_A,wood-dale-illinois
https://www.ubereats.com/chicago/food-delivery/china-kitchen-restaurant-%E6%96%B0%E8%8F%AF/iZxBnmUDSPex5tRICLoqaA,wood-dale-illinois
https://www.ubereats.com/chicago/food-delivery/chicks-n-salsa/DUSuaWwaSlitgeP5AGz-mw,wood-dale-illinois
https://www.ubereats.com/chicago/food-delivery/godavari/zNvKrguxTyWFZPEHv0xjNg,wood-dale-illinois
https://www.ubereats.com/chicago/food-delivery/dunkin-222-w-army-trail-rd/xyR5GgcPTEqOVyHwmPSOMw,wood-dale-illinois
https://www.ubereats.com/chicago/food-delivery/los-arcos-restaurant/lRmTUMfyTUGVtOaU6v6g2Q,wood-dale-illinois
https://www.ubereats.com/chicago/food-delivery/potbelly-sandwich-shop-schaumburg-dt-%7C-314/tYZDETGoTmmjnzgyBRyIRg,wood-dale-illinois
https://www.ubereats.com/chicago/food-delivery/richies-restaurant/z5VyPfIZS4-15vmrUPDrkQ,wood-dale-illinois
https://www.ubereats.com/chicago/food-delivery/shawarma-inn-ii/bk83RP03TMyXoAOPsjIazg,wood-dale-illinois
https://www.ubereats.com/chicago/food-delivery/sweet-baby-rays-barbecue-wood-dale/3Tz6Kv1wTJaml4bu3jSJeQ,wood-dale-illinois
https://www.ubereats.com/chicago/food-delivery/jj-bistro/M5iLU-N9RTuj03xl7bQEAA,wood-dale-illinois
https://www.ubereats.com/chicago/food-delivery/buona-mt-prospect/1Px-NM1gQQazJntR29e70A,wood-dale-illinois
https://www.ubereats.com/chicago/food-delivery/honey-biscuit-breakfast/eOQwtkutRNGeeqMi4KeLfg,wood-dale-illinois
https://www.ubereats.com/chicago/food-delivery/taco-bell-1400-busse-rd/3kkowaaDSl2B0T2QaTCNcA,wood-dale-illinois
https://www.ubereats.com/chicago/food-delivery/starbucks-york-%26-2nd/G9tQ6slRSvWqq56c6Wy52Q,wood-dale-illinois
https://www.ubereats.com/chicago/food-delivery/capannari-ice-cream-mount-prospect/d90JraPyTjuOns0BrFi2Zw,wood-dale-illinois
https://www.ubereats.com/chicago/food-delivery/dairy-queen-treat-224-e-irving-park-rd/d_PkTJGNS-Wi6ZeVGneC8g,wood-dale-illinois
https://www.ubereats.com/chicago/food-delivery/lulu-belles-pancake-house/1JOAsKIUSJiNncN8Ha8WCw,wood-dale-illinois
https://www.ubereats.com/chicago/food-delivery/subway-76-w-biesterfield-rd/2QhLchXbSmeZFFPv-YjOog,wood-dale-illinois
https://www.ubereats.com/chicago/food-delivery/jersey-mikes-subs-108-e-golf-rd/8hSEErfvSDO8Pr5l082O5g,wood-dale-illinois
https://www.ubereats.com/chicago/food-delivery/old-town-pour-house-oak-brook/BGZTNaroQwukePwE0w3iCw,wood-dale-illinois
https://www.ubereats.com/chicago/food-delivery/kfc-3141-mannheim/SfYZ8SaSRyOXUUXrbf1fxQ,wood-dale-illinois
https://www.ubereats.com/chicago/food-delivery/sunmist/QVbivkOTSVa4FnY5Ks36Sw,wood-dale-illinois
https://www.ubereats.com/chicago/food-delivery/starbucks-roosevelt-%26-summit/vQck3ZmKTtWZQxZ513M_xA,wood-dale-illinois
https://www.ubereats.com/chicago/food-delivery/scrumptious-by-hira/4oLvCSElStW6lvS9KAjXsQ,wood-dale-illinois
https://www.ubereats.com/chicago/food-delivery/starbucks-north-%26-route-83/FKmbziokSY28pCb8NkQuow,wood-dale-illinois
https://www.ubereats.com/chicago/food-delivery/five-guys-il-0525-118-kensington-rd/GiXRRYVyQWCVvkYpbKZ2Jg,wood-dale-illinois
https://www.ubereats.com/chicago/food-delivery/mumbai-cafe/C_8NC40yRj--jKVKatuhNQ,wood-dale-illinois
https://www.ubereats.com/chicago/food-delivery/pita-pita-mediterranean-grill-1219-golf-rd/g6qowHJpSIStAaaT00aWlw,wood-dale-illinois
https://www.ubereats.com/chicago/food-delivery/subway-2805-mannheim-rd/RQM3QqUUQ9KlxZdBZS2msQ,wood-dale-illinois
https://www.ubereats.com/chicago/food-delivery/ihop-1671-w-lake-st/k9eOFB3iSNuquf-UIvtZGw,wood-dale-illinois
https://www.ubereats.com/chicago/food-delivery/bawarchi-biryanis/UrLBs5_bQuCzEHyq5W5DLw,wood-dale-illinois
https://www.ubereats.com/chicago/food-delivery/gaylord-india-restaurant-schaumburg/-_Ssu7UZS7euDQMc1aWr9w,wood-dale-illinois
https://www.ubereats.com/chicago/food-delivery/dunkin-247-e-irving-park-rd/qPowtV8FSlucWbYyopRudw,wood-dale-illinois
https://www.ubereats.com/chicago/food-delivery/mcdonalds-algonquin-%26-new-wilke/FMYtB-kZTESL423c0wlGng,wood-dale-illinois
https://www.ubereats.com/chicago/food-delivery/tacoqueto-inc/4CRPG0-LR76X-VT8U2pU5Q,wood-dale-illinois
https://www.ubereats.com/chicago/food-delivery/taco-bell-125-w-roosevelt-rd/pRs07qGgTcalgLlkN-eLfg,wood-dale-illinois
https://www.ubereats.com/chicago/food-delivery/steak-n-shake-675-meacham-rd/CQnXeG_zRZ-L_rgRAjFEEA,wood-dale-illinois
https://www.ubereats.com/chicago/food-delivery/sammys-mexican-grill-and-bar-roselle/6uhwaen-Q_erGEJJjKN9wA,wood-dale-illinois
https://www.ubereats.com/chicago/food-delivery/burger-king-111-w-irving-park-rd/1wF3gdZzSPScWIQDhBRZDg,wood-dale-illinois
https://www.ubereats.com/chicago/food-delivery/panda-express-1070-n-rohlwing-rd/8JbHOUezQNqXVUPCotOSfA,wood-dale-illinois
https://www.ubereats.com/chicago/food-delivery/chipotle-mexican-grill-910-elk-grove-town-ctr/H_K623jjQnq3cye-7rCfCw,wood-dale-illinois
https://www.ubereats.com/chicago/food-delivery/four-seasons-steak-%26grill/R951BCO0TvyQlLM3WBe87A,wood-dale-illinois
https://www.ubereats.com/chicago/food-delivery/chipotle-mexican-grill-601-n-martingale-rd-ste-330/a9Sc5J3bS4awhH_20FGlBA,wood-dale-illinois
https://www.ubereats.com/chicago/food-delivery/maccs-cafe/U9bq1zzqTBCVoO-v07z-jA,wood-dale-illinois
https://www.ubereats.com/chicago/food-delivery/brothers-mexican-grill-4824-butterfield-rd/pL7fIH9KSxGzF01fo7tUEQ,wood-dale-illinois
https://www.ubereats.com/chicago/food-delivery/victorias-mexican-cocina/1OmYVeQ7RTG4fa3axKR4xQ,wood-dale-illinois
https://www.ubereats.com/chicago/food-delivery/pizzeria-antica/O9CfoYjrR--AKYK5LltHVw,wood-dale-illinois
https://www.ubereats.com/chicago/food-delivery/sakura-sushi/JSYqiAKTSl6mvsckIHfIzg,wood-dale-illinois
https://www.ubereats.com/chicago/food-delivery/outback-steakhouse-909-north-elmhurst-road/INPmXopuSqKKsucnq9PAWQ,wood-dale-illinois
https://www.ubereats.com/chicago/food-delivery/dairy-queen-treat-841-e-roosevelt-rd/bArWbmwpQ0Wju9y143Mw2Q,wood-dale-illinois
https://www.ubereats.com/chicago/food-delivery/papa-johns-pizza-bloomingdale/cAzfkEFoTRamEptEbdoulA,wood-dale-illinois
https://www.ubereats.com/chicago/food-delivery/briki-cafe/68vzcHjFQtCmX6jj0kXB1w,wood-dale-illinois
https://www.ubereats.com/chicago/food-delivery/chic-chef/TlaQxeP_TK6QGd3RvjBbjQ,wood-dale-illinois
https://www.ubereats.com/chicago/food-delivery/burger-king-1012-north-rohlwing-road/zjFmA6prSfqc9QpCrDD7xw,wood-dale-illinois
https://www.ubereats.com/chicago/food-delivery/nathans-noodle-and-rice/WYbq5M0qT2Sa3s08A0YprA,wood-dale-illinois
https://www.ubereats.com/chicago/food-delivery/bistro-dragon/L81FBhgqRuGGUNdzOMLhhw,wood-dale-illinois
https://www.ubereats.com/chicago/food-delivery/blossom-cafe/yfqoBop9Qmiv6qkVERdcwA,wood-dale-illinois
https://www.ubereats.com/chicago/food-delivery/potbelly-sandwich-shop-bloomingdale-%7C-75/hGwH0nQIRYWT8TeqM-Ln_g,wood-dale-illinois
https://www.ubereats.com/chicago/food-delivery/quiznos-574-e-oakton-st/wcush52NTWuDh8hQp_iVmw,wood-dale-illinois
https://www.ubereats.com/chicago/food-delivery/los-fernandez-taqueria/uOT332fwQw67dUBoX-3TAA,wood-dale-illinois
https://www.ubereats.com/chicago/food-delivery/taco-bell-1175-e-oakton/u_P7whjkR2i27eoxjl1Qog,wood-dale-illinois
https://www.ubereats.com/chicago/food-delivery/chipotle-mexican-grill-298-w-north-ave-unit-1/6YIOk6tlTtGOLu-4m-_zlg,wood-dale-illinois
https://www.ubereats.com/chicago/food-delivery/korner-house-bar-%26-grill/pJKVrUJhQOeoAh6T_59Ptg,wood-dale-illinois
https://www.ubereats.com/chicago/food-delivery/ellys-elk-grove/RFQ84rPgQ-e9eBPvhhqfTA,wood-dale-illinois
https://www.ubereats.com/chicago/food-delivery/taco-bell-601-meacham-rd/yHh_nTmVRhOl7l2t-OEdcw,wood-dale-illinois
https://www.ubereats.com/chicago/food-delivery/ds-treats/Y4NDLlH4SGyGYfRXhCRmbA,wood-dale-illinois
https://www.ubereats.com/chicago/food-delivery/morettis-ristorante-%26-pizzeria-schaumburg/keOussO5TjGNGdD-VJPFGw,wood-dale-illinois
https://www.ubereats.com/chicago/food-delivery/captain-bs-shrimp-house/Y50N77o2RuKGTUtVTqHG3Q,wood-dale-illinois
https://www.ubereats.com/chicago/food-delivery/blackwood-bbq/Aog3qDDHTeevIRFriZRbzQ,wood-dale-illinois
https://www.ubereats.com/chicago/food-delivery/601-bar-%26-grill/WjnTRQtCTuSv0nhjEIxTFg,wood-dale-illinois
https://www.ubereats.com/chicago/food-delivery/chipotle-mexican-grill-396-w-army-trail-rd/IdsgSwUkSs65OARw81_tJg,wood-dale-illinois
https://www.ubereats.com/chicago/food-delivery/mcdonalds-mannheim-%26-higgins/6ejdcgIVQouNW-SSZtRI3A,wood-dale-illinois
https://www.ubereats.com/chicago/food-delivery/the-hen-house-of-wheaton/IJliFIRuQVOm_qk9QJKeMQ,wood-dale-illinois
https://www.ubereats.com/chicago/food-delivery/subway-1125-nerge-rd/xGLAOm_uSqiht4uwLHsYgw,wood-dale-illinois
https://www.ubereats.com/chicago/food-delivery/draft-picks/LBSorGFXSJOa3Aq3ZdzJrQ,wood-dale-illinois
https://www.ubereats.com/chicago/food-delivery/bulldog-ale-house-carol-stream/HGLoACAkSfiLQ5smVx78JA,wood-dale-illinois
https://www.ubereats.com/chicago/food-delivery/north-side-sports-bar/EmJRvhrnQ6-Sz9vOwZjr2g,wood-dale-illinois
https://www.ubereats.com/chicago/food-delivery/mortons-the-steakhouse-9525-w-bryn-mawr-ave/g2msQtUeTP6rQvvuvo4RCA,wood-dale-illinois
https://www.ubereats.com/chicago/food-delivery/red-lobster-800-e-golf-road/JqIm7ZhlTEqWukEJt2ZfLw,wood-dale-illinois
https://www.ubereats.com/chicago/food-delivery/crazy-pour-sports-bar/PdhuEpzdQ2-Q-VFXCsKV2A,wood-dale-illinois
https://www.ubereats.com/chicago/food-delivery/sabroso-burrito/aHOlVushQry_gWdg-Frz8g,wood-dale-illinois
https://www.ubereats.com/chicago/food-delivery/taco-bell-555-w-lake-st/OH-QiGnFReCoZNALCDw1rQ,wood-dale-illinois
https://www.ubereats.com/chicago/food-delivery/ice-cream-on-wheels-w-algonquin/-Ah6_LseQ6e44Ex3B_qvug,wood-dale-illinois
https://www.ubereats.com/chicago/food-delivery/eggholic/AmpmBXobSgSPVz_lZurDsg,wood-dale-illinois
https://www.ubereats.com/chicago/food-delivery/nu-crepes/LAkBDlaUSlyvPBrewGr2DA,wood-dale-illinois
https://www.ubereats.com/chicago/food-delivery/station-34-pizza-pub/rcwh5XU9SyOCZiDyecmMuQ,wood-dale-illinois
https://www.ubereats.com/chicago/food-delivery/dunkin-50-biesterfield-rd/sIAk6XBEQMq7Ca1MzyEEOA,wood-dale-illinois
https://www.ubereats.com/chicago/food-delivery/chipotle-mexican-grill-170-e-lake-st/Gl87zF90QYC2PxjqOIk99Q,wood-dale-illinois
https://www.ubereats.com/chicago/food-delivery/taco-bell-51-w-north-avenue/YGKEpkUiTq6unsQskf6fkA,wood-dale-illinois
https://www.ubereats.com/chicago/food-delivery/starbucks-roselle-%26-main/PrpLuCWSRcewkWM3ZVOugw,wood-dale-illinois
https://www.ubereats.com/chicago/food-delivery/shaahi-biryani/CMne3eiPRmSQkN6vBzyfVQ,wood-dale-illinois
https://www.ubereats.com/chicago/food-delivery/uncle-bills-diner/xGpqC4jhQuOZE_XR5NOYiw,wood-dale-illinois
https://www.ubereats.com/chicago/food-delivery/potbelly-sandwich-shop-glen-ellyn-dt-%7C-167/Zpr9MlcMQy664nIqh6K6tA,wood-dale-illinois
https://www.ubereats.com/chicago/food-delivery/davids-burrito-express/dOJemqcoQX2hNq9MLh8EcQ,wood-dale-illinois
https://www.ubereats.com/chicago/food-delivery/senor-jalapeno/VGou0MdzRO2v2dyGqgQxqg,wood-dale-illinois
https://www.ubereats.com/chicago/food-delivery/alejandras-mexican-cuisine/WL1d0iPtQraJIHlcrcpRmA,wood-dale-illinois
https://www.ubereats.com/chicago/food-delivery/johnnys-burgers-bowls-%26-bbq-elk-grove/w8EdaMPmSA-WHLsvZsLlYw,wood-dale-illinois
https://www.ubereats.com/chicago/food-delivery/weber-grill-restaurant-lombard/5wAyp2tPRIu3XS6Rnnr8yw,wood-dale-illinois
https://www.ubereats.com/chicago/food-delivery/javiers-sabor-mexicano/i4O8D4V6S5-y4cedSLGVOQ,wood-dale-illinois
https://www.ubereats.com/chicago/food-delivery/poke-bros-oakbrook-terrace/M31T1yrWRtaTI-Xri7qE1g,wood-dale-illinois
https://www.ubereats.com/chicago/food-delivery/honest/iyTObWd_S2KveU-8bKYpaA,wood-dale-illinois
https://www.ubereats.com/chicago/food-delivery/squabs-gyros/cmyKczNwSbiaUppSWHjR_g,wood-dale-illinois
https://www.ubereats.com/chicago/food-delivery/mcdonalds-cumberland-%26-windsor/zk768BoGTKulpyzS67RNmA,wood-dale-illinois
https://www.ubereats.com/chicago/food-delivery/subway-1209-w-irving-park-rd/ZehuKoc5Sn2lIhblI9NJQA,wood-dale-illinois
https://www.ubereats.com/chicago/food-delivery/subway-9282-w-irving-park-rd/tYCbJ0LmT2e--dXiiPfTVQ,wood-dale-illinois
https://www.ubereats.com/chicago/food-delivery/bnk-thai-%26-sushi/zJoH-ms8QgilepeIqK6PxQ,wood-dale-illinois
https://www.ubereats.com/chicago/food-delivery/stray-hen-cafe/Hwzz1upbSy68ecDAWVSbAA,wood-dale-illinois
https://www.ubereats.com/chicago/food-delivery/big-bowl-schaumburg/P3a6vcq3QK-tmjAKNEnA2Q,wood-dale-illinois
https://www.ubereats.com/chicago/food-delivery/cold-stone-creamery-122-stratford-square-mall/rE3MsC9hQUayDspdBFJCVw,wood-dale-illinois
https://www.ubereats.com/chicago/food-delivery/nancys-pizza/FdEcZgZRT0Gxp-G4_8-xUg,wood-dale-illinois
https://www.ubereats.com/chicago/food-delivery/mcdonalds-northwest-%26-oakton/WqKWPk52SeqPKKsPHsQn8A,wood-dale-illinois
https://www.ubereats.com/chicago/food-delivery/delish-cakes/hxxafFphTw-ptvr42vfG0w,wood-dale-illinois
https://www.ubereats.com/chicago/food-delivery/fresh-international-market-food-court/P9fulCB9QkC-A2nw3bVgFg,wood-dale-illinois
https://www.ubereats.com/chicago/food-delivery/elmhurst-family-restaurant/21ZbTXY7QImCB4fuo5trbQ,wood-dale-illinois
https://www.ubereats.com/chicago/food-delivery/mannys-ale-house/v1MbrDjbRn6WyOuUsv53ug,wood-dale-illinois
https://www.ubereats.com/chicago/food-delivery/savory-salads-arlington-heights/7zcZQGbKQ-C_PLbAgZWFFg,wood-dale-illinois
https://www.ubereats.com/chicago/food-delivery/mcdonalds-irving-park-%26-wesley/HyaZ8fI_SvORkPhbajYgrQ,wood-dale-illinois
https://www.ubereats.com/chicago/food-delivery/subway-333-s-arlington-heights-rd/DWyn7-ddRC2G-lZlzd8dqA,wood-dale-illinois
https://www.ubereats.com/chicago/food-delivery/dunkin-2130-bloomingdale-rd/ZFwy517VRteOT54sLfY5Zw,wood-dale-illinois
https://www.ubereats.com/chicago/food-delivery/currito-york-%26-north/WiqwCftrS3qbt1pmF0sAtg,wood-dale-illinois
https://www.ubereats.com/chicago/food-delivery/taqueria-los-juanes/A0j85LxqT2KzGdSom7A4Xw,wood-dale-illinois
https://www.ubereats.com/chicago/food-delivery/china-bowl/BUqzeY8wSY-H-0a6z69_VA,wood-dale-illinois
https://www.ubereats.com/chicago/food-delivery/dunkin-142-s-gary-ave-ste-109-near-marianos/jl_kB89kTveI1uQQklBCgg,wood-dale-illinois
https://www.ubereats.com/chicago/food-delivery/wow-pizzeria/2XZsZYJsT0mVX6LeiIcBHQ,wood-dale-illinois
https://www.ubereats.com/chicago/food-delivery/sweet-baby-rays/HOCUkI_GQR6HvKVwLcLTBw,wood-dale-illinois
https://www.ubereats.com/chicago/food-delivery/jersey-mikes-subs-higgins-%26-meacham/k6-wD59eRqeYS_dWrgh-ag,wood-dale-illinois
https://www.ubereats.com/chicago/food-delivery/gus-diner/YU7tJnzvQA63HIeeqRo16g,wood-dale-illinois
https://www.ubereats.com/chicago/food-delivery/golden-brunch/_M83ZhGRRFKYz8b7Sfo10Q,wood-dale-illinois
https://www.ubereats.com/chicago/food-delivery/subway-450-w-lake-st/mq3MegWAQYOF1ARnHektWg,wood-dale-illinois
https://www.ubereats.com/chicago/food-delivery/sabor-de-mi-tierra-mexican-grill/n2It6aA5TUqBOJX6TXwP9A,wood-dale-illinois
https://www.ubereats.com/chicago/food-delivery/penang-malaysian-cuisine/JY9AQdTzSSislH1zkQbquA,wood-dale-illinois
https://www.ubereats.com/chicago/food-delivery/protein-bar-%26-kitchen-york-%26-22nd-st/Zg68NwEqRGelfKiIYzYh_w,wood-dale-illinois
https://www.ubereats.com/chicago/food-delivery/pizza-hub/ZrLG4b2fStmj98acUJskbQ,wood-dale-illinois
https://www.ubereats.com/chicago/food-delivery/harlo-grill/tHH9_solTaC4D2NKAQd3OA,wood-dale-illinois
https://www.ubereats.com/chicago/food-delivery/panda-express-mannheim-%26-touhy/EpgcQIf3Qua9aw496M7G7Q,wood-dale-illinois
https://www.ubereats.com/chicago/food-delivery/en-fuego-mexican-grille/MwBtuevkQZq8B0K3TQkacQ,wood-dale-illinois
https://www.ubereats.com/chicago/food-delivery/tommys-red-hots/Ees2zIZNSPqMUXx6lFUGjA,wood-dale-illinois
https://www.ubereats.com/chicago/food-delivery/mama-mias-pizzeria/aVLm93HcRz27CfWcwxdbmQ,wood-dale-illinois
https://www.ubereats.com/chicago/food-delivery/nanas/01-cYpkdQdiCeBhh9qdaBQ,wood-dale-illinois
https://www.ubereats.com/chicago/food-delivery/taco-bell-145-north-avenue/geOTEhdKQ0ihqc824o5cbQ,wood-dale-illinois
https://www.ubereats.com/chicago/food-delivery/urban-counter-palatine/VUrQmD2ERcWRI4CmCyNWqA,wood-dale-illinois
https://www.ubereats.com/chicago/food-delivery/subway-877-s-elmhurst-rd/VwEEC_EvSGmws9r_iMlbvg,wood-dale-illinois
https://www.ubereats.com/chicago/food-delivery/corkys-catering/SvUgw3BUR4maCztMqeQtzg,wood-dale-illinois
https://www.ubereats.com/chicago/food-delivery/qp-greek-food-with-a-kick/5RWEWSeYRL69GA22A9vfxQ,wood-dale-illinois
https://www.ubereats.com/chicago/food-delivery/dunkleys-tavern/ChSSSRCCR2aB7ZWHqW8xuw,wood-dale-illinois
https://www.ubereats.com/chicago/food-delivery/muggs-n-manor/V1pZRJBRR6GBlOZ7jQf3tA,wood-dale-illinois
https://www.ubereats.com/chicago/food-delivery/yadis-grill/d994paqYR12ra8OeFHMSEw,wood-dale-illinois
https://www.ubereats.com/chicago/food-delivery/ellys-arlington-heights/BbuVNhWCTuODUjBonOLBjg,wood-dale-illinois
https://www.ubereats.com/chicago/food-delivery/dunkin-1552-rand-rd/D9sYJ4KsSLi4AjC5G7676A,wood-dale-illinois
https://www.ubereats.com/chicago/food-delivery/white-castle-306-w-north-ave/AGi3RUDPT2eIRlDS1fiS8w,wood-dale-illinois
https://www.ubereats.com/chicago/food-delivery/pita-house-restaurant-west-higgins/PZPDvXiLRt66qsbQq5TDMw,wood-dale-illinois
https://www.ubereats.com/chicago/food-delivery/mcdonalds-lake-%26-bloomingdale/rHQMzmpZTA2FQUy_K3ZPlA,wood-dale-illinois
https://www.ubereats.com/chicago/food-delivery/katies-kitchen/iZlYiRDsS-SEswolusUopg,wood-dale-illinois
https://www.ubereats.com/chicago/food-delivery/tap-house-grill-hanover-park/mUTokAXYRtyVoQYzX3ZhlQ,wood-dale-illinois
https://www.ubereats.com/chicago/food-delivery/j-beez-mediterranean-%26-grill-restaurant/NCXlNtEnTYab9yc28E6Yww,wood-dale-illinois
https://www.ubereats.com/chicago/food-delivery/thalaivas-indian-kitchen/Ldpgcai2QQim0TeAK9E6JQ,wood-dale-illinois
https://www.ubereats.com/chicago/food-delivery/mcdonalds-oakton-%26-mannheim/_xHHEWZFQAOijRPIpq0SSw,wood-dale-illinois
https://www.ubereats.com/chicago/food-delivery/teddys-diner/mvwifitMT_OVS0AYg7h79g,wood-dale-illinois
https://www.ubereats.com/chicago/food-delivery/taco-bell-270-e-army-trail-rd/4BOPQS17RKOi5WuRUKwlFA,wood-dale-illinois
https://www.ubereats.com/chicago/food-delivery/outback-steakhouse-216-east-golf-road/N2V7Wpl0SsGSgNnx720RqQ,wood-dale-illinois
https://www.ubereats.com/chicago/food-delivery/taco-bell-275-w-golf-road/7wZYZysLT5OT22MNSD8XmA,wood-dale-illinois
https://www.ubereats.com/chicago/food-delivery/dunkin-148-w-north-ave/USvEZKkPRZK57fSJcLP0Qw,wood-dale-illinois
https://www.ubereats.com/chicago/food-delivery/popeyes-mannheim-%26-armitage/hzGdSBi9Tv-ShEzjIKQHrA,wood-dale-illinois
https://www.ubereats.com/chicago/food-delivery/green-street-grille/WWI5KQWATU6lKgFaUCoM_Q,wood-dale-illinois
https://www.ubereats.com/chicago/food-delivery/artistic-cuisine/28zILxVkTAyhXzrhClqQaw,wood-dale-illinois
https://www.ubereats.com/chicago/food-delivery/mcdonalds-busse-%26-greenleaf/f6aWOZjzRm-KnPMgA04gRA,wood-dale-illinois
https://www.ubereats.com/chicago/food-delivery/bulldog-ale-house-roselle/Ms5a-pxxSk6gWNGglSe8rg,wood-dale-illinois
https://www.ubereats.com/chicago/food-delivery/wildfire-schaumburg/7-YSLPc6TlCqxCErw50F8Q,wood-dale-illinois
https://www.ubereats.com/chicago/food-delivery/red-lobster-391-west-army-trail-road/JOcIgktsQbCZ1RAxbPt7sw,wood-dale-illinois
https://www.ubereats.com/chicago/food-delivery/lili-sushi/bu-jhQKlS7CgzLbU_cdOMQ,wood-dale-illinois
https://www.ubereats.com/chicago/food-delivery/portillos-hot-dogs-1900-golf-rd/0DXh_QkERr-me1zxpKgY8g,wood-dale-illinois
https://www.ubereats.com/chicago/food-delivery/rios-addison/qnsZljrkQhiyeJdFrb2W7w,wood-dale-illinois
https://www.ubereats.com/chicago/food-delivery/vinis-pizza-and-catering/7_duNwjNTfO2diWoL3ufdg,wood-dale-illinois
https://www.ubereats.com/chicago/food-delivery/chipotle-mexican-grill-1211-golf-rd/rNiszPghR3e8CiEbhNxMBA,wood-dale-illinois
https://www.ubereats.com/chicago/food-delivery/tiffanys-restaurant-%26-cafe/9Nf9ncgiQDScjbAEGm8-ug,wood-dale-illinois
https://www.ubereats.com/chicago/food-delivery/picante-mexican-bar-%26-grill/qBv0K00WS5CmBKY0XofRwQ,wood-dale-illinois
https://www.ubereats.com/chicago/food-delivery/tacos-y-cemitas-poblana/T7k-ws0OSXCgdsDkGo6sAA,wood-dale-illinois
https://www.ubereats.com/chicago/food-delivery/smoothie-king-glendale-heights/ttqK2QntRKuU5D7rCALJVg,wood-dale-illinois
https://www.ubereats.com/chicago/food-delivery/the-dog-on-mannheim/CWcoXjHiS4ab_z7Q0takgQ,wood-dale-illinois
https://www.ubereats.com/chicago/food-delivery/subway-1666-greenleaf-ave/oHWfM7DwSxGzhEm19DGziQ,wood-dale-illinois
https://www.ubereats.com/chicago/food-delivery/grandmas-cool-breakfast/5CCs_bZKRgGreS-7G60ylA,wood-dale-illinois
https://www.ubereats.com/chicago/food-delivery/sozai-banzai/8IQKnssnTnyBHSsGoCnFXA,wood-dale-illinois
https://www.ubereats.com/chicago/food-delivery/starbucks-des-plaines-2655-mannheim-rd/S1A9uyaQR6WTjyDpYBIuuQ,wood-dale-illinois
https://www.ubereats.com/chicago/food-delivery/mcdonalds-higgins-%26-oakton/X3mvpPkPT3atWcRfbjtUAg,wood-dale-illinois
https://www.ubereats.com/chicago/food-delivery/mod-pizza-schaumburg/HvTy6YaDTNm5dRNjAYIaeg,wood-dale-illinois
https://www.ubereats.com/chicago/food-delivery/cafe-zupas-148-s-gary-ave/C3w29biOT0-NsZQANL5l_Q,wood-dale-illinois
https://www.ubereats.com/chicago/food-delivery/taco-bell-2721-rose-street/hk-f1fgWQniUrPAXWPN2GA,wood-dale-illinois
https://www.ubereats.com/chicago/food-delivery/skippys-gyros-oak-brook/OmShFz9LSga2purV0BKkfg,wood-dale-illinois
https://www.ubereats.com/chicago/food-delivery/popeyes-844-e-roosevelt-rd/rvbCMmGPRcWhITpeShwg2Q,wood-dale-illinois
https://www.ubereats.com/chicago/food-delivery/mr-broast-mannheim-%26-touhy/ncjiKD5xRJCOg1GFkDwBjw,wood-dale-illinois
https://www.ubereats.com/chicago/food-delivery/auntie-annes-118-stratford-square/mzHH0DooTiGhcNQOiEDshg,wood-dale-illinois
https://www.ubereats.com/chicago/food-delivery/dunkin-1004-w-irving-park-rd/l-jRfAtCQxSDXVEiVrQKsw,wood-dale-illinois
https://www.ubereats.com/chicago/food-delivery/subway-609-meacham-rd/T3-TXrWwTByetGm8-8lYlA,wood-dale-illinois
https://www.ubereats.com/chicago/food-delivery/auntie-vees/KAAsegi9Qq-cX5csseqYgA,wood-dale-illinois
https://www.ubereats.com/chicago/food-delivery/potbelly-sandwich-shop-northlake-%7C-146/wzg7qtg1SPGg8QejOn3oug,wood-dale-illinois
https://www.ubereats.com/chicago/food-delivery/hong-kong-cafe/_R1Q1_FLTkKPUL7KbtWHLQ,wood-dale-illinois
https://www.ubereats.com/chicago/food-delivery/napoli-per-tutti/lFlvKoPWRii8Ir8HJ_UVVA,wood-dale-illinois
https://www.ubereats.com/chicago/food-delivery/hubbys-dog-house/BqHr9rVlQGSY56FyPafSWA,wood-dale-illinois
https://www.ubereats.com/chicago/food-delivery/kfc-bloomingdale/nki7qTqLSHi0PPbxFU1MHw,wood-dale-illinois
https://www.ubereats.com/chicago/food-delivery/subway-1033-west-north-ave/ra9-51OrSJ6aGZqwRDA9Hg,wood-dale-illinois
https://www.ubereats.com/chicago/food-delivery/uncle-julios-schaumburg/H3RNbVAqRlWRf--mbf5LKA,wood-dale-illinois
https://www.ubereats.com/chicago/food-delivery/happy-elephant-thai-cuisine/A95BQjrvRUe8JJQiWOTzRA,wood-dale-illinois
https://www.ubereats.com/chicago/food-delivery/altthai/YWEq4mOaTpSEND7ZNkC9cA,wood-dale-illinois
https://www.ubereats.com/chicago/food-delivery/shawarma-express/ugMgQq8VTr6nLQImkk4EiA,wood-dale-illinois
https://www.ubereats.com/chicago/food-delivery/mandarin-bistro/81hhFX0xSLWXPkhdTZ3elQ,wood-dale-illinois
https://www.ubereats.com/chicago/food-delivery/canta-napoli/Vaj2WyKVT72OYlBq-7XTNw,wood-dale-illinois
https://www.ubereats.com/chicago/food-delivery/wendys-525-e-north-avenue/fXDRZxmCRh6Ad8XaYXkKyA,wood-dale-illinois
https://www.ubereats.com/chicago/food-delivery/starbucks-busse-rd-%26-greenleaf/OjiQn37mThad5B-b0zmhdA,wood-dale-illinois
https://www.ubereats.com/chicago/food-delivery/rosatis-pizza-carol-stream-hiawatha/pEqHoW1JRUOH-YHgbse55A,wood-dale-illinois
https://www.ubereats.com/chicago/food-delivery/buona-rolling-meadows/ZG66D640Siqjt1ZtQUnDNQ,wood-dale-illinois
https://www.ubereats.com/chicago/food-delivery/casinos-pizza/nGOrLxY8QuC1oambdYWqKQ,wood-dale-illinois
https://www.ubereats.com/chicago/food-delivery/morettis-ristorante-%26-pizzeria-mount-prospect/GVYrxC98TKqMU0OJCswpTQ,wood-dale-illinois
https://www.ubereats.com/chicago/food-delivery/jersey-mikes-subs-schaumburg-%26-barrington/EGHzo_3fRjO6EuxTlN4Y5Q,wood-dale-illinois
https://www.ubereats.com/chicago/food-delivery/taco-bell-9467-w-higgins-rd/HoAdFKuUQ2iG7UWakW8OZg,wood-dale-illinois
https://www.ubereats.com/chicago/food-delivery/fannie-may-meacham/ycJFXbNrQCWC5YHEE6SyMg,wood-dale-illinois
https://www.ubereats.com/chicago/food-delivery/fry-the-coop-elmhurst/2AkSPkA3Q_mPP0eilpYy9Q,wood-dale-illinois
https://www.ubereats.com/chicago/food-delivery/subway-197-army-trail-rd/ISGTtUEqS5anOvFEP8f-yw,wood-dale-illinois
https://www.ubereats.com/chicago/food-delivery/sarpinos-pizzeria-322-w-army-trail-rd/ynjzoHEwQrOGf4Fu-B5D0w,wood-dale-illinois
https://www.ubereats.com/chicago/food-delivery/inchins-bamboo-garden-chicago/_MC_FjHPQ7yx-OnqTauIjA,wood-dale-illinois
https://www.ubereats.com/chicago/food-delivery/texas-de-brazil-schaumburg/PLUZBPBwR1OKYettop5_Fw,wood-dale-illinois
https://www.ubereats.com/chicago/food-delivery/pyramid-pizzeria-%26-sports-bar-addison/bblsGIM4QzSFQv-XN8bXUg,wood-dale-illinois
https://www.ubereats.com/chicago/food-delivery/brewpoint-coffee-workshop-%26-roastery/lNiWJYFMShOZ7QU-9DZALw,wood-dale-illinois
https://www.ubereats.com/chicago/food-delivery/pescatore-palace/sWGaS0K9T6m3GDX9IVHA_g,wood-dale-illinois
https://www.ubereats.com/chicago/food-delivery/cochiaros-pizza-northlake/XKsmMMgFSZSTMzRwxoGzBg,wood-dale-illinois
https://www.ubereats.com/chicago/food-delivery/white-castle-1800-oakton-ave/3B1xRZbfSg6fbC549F78OA,wood-dale-illinois
https://www.ubereats.com/chicago/food-delivery/kfc-1195-e-oakton-street/I4jQmoQST-mmDY9gRKbuCw,wood-dale-illinois
https://www.ubereats.com/chicago/food-delivery/the-burger-train/h2i_-bVRRMG10aa7Rtu_yw,wood-dale-illinois
https://www.ubereats.com/chicago/food-delivery/el-famous-burrito-mt-prospect-il/cQUryfc4QqGCgiP5mGYhqQ,wood-dale-illinois
https://www.ubereats.com/chicago/food-delivery/kona-grill-oak-brook/MJYX9AY6SkGgRha8JHX8hA,wood-dale-illinois
https://www.ubereats.com/chicago/food-delivery/arbys-1331-golf-rd/qD1yQhTmQXG_9-6JxTBGsA,wood-dale-illinois
https://www.ubereats.com/chicago/food-delivery/sankalp-indian-restaurant/LZOnxKI3TxCgqihC3Qfc2w,wood-dale-illinois
https://www.ubereats.com/chicago/food-delivery/buffalo-wild-wings-140-s-gary-ave/fDwoMXvPS8qkloo2gHXqkQ,wood-dale-illinois
https://www.ubereats.com/chicago/food-delivery/bacci-pizza-bensenville/AgVGjjRlRbKvBFe3jJjd8w,wood-dale-illinois
https://www.ubereats.com/chicago/food-delivery/dennys-2447-mannheim-rd/8J4SWdVgRX6k-VJWeuBcaA,wood-dale-illinois
https://www.ubereats.com/chicago/food-delivery/el-gauchito-grill/yMQskUlESIy68LC6gfw58g,wood-dale-illinois
https://www.ubereats.com/chicago/food-delivery/mcdonalds-golf-%26-arlington-heights/vyUeev3jTC6WVhW7QkIAFg,wood-dale-illinois
https://www.ubereats.com/chicago/food-delivery/dunkin-4121-n-mannheim-rd/xScmT9PwQny19_HjpQZkkw,wood-dale-illinois
https://www.ubereats.com/chicago/food-delivery/toasty-cheese-mobile-eatery/dpXvBo7eT0GkGqUZ5dr4tg,wood-dale-illinois
https://www.ubereats.com/chicago/food-delivery/taqueria-el-camino/0-rFFreZT2it1WU2WdcZvw,wood-dale-illinois
https://www.ubereats.com/chicago/food-delivery/tacos-el-tio-%233/c38Sa4aCSe6mV2HWuk9-pg,wood-dale-illinois
https://www.ubereats.com/chicago/food-delivery/krispy-kreme-devon-%26-michael/aacxRG_HRYGVeGTzBFFkSg,wood-dale-illinois
https://www.ubereats.com/chicago/food-delivery/panda-express-3-woodfield-mall/VkjKmFmxTHOMFfkASyAfCA,wood-dale-illinois
https://www.ubereats.com/chicago/food-delivery/dunkin-700-e-higgins-rd/4KlF8KO3TBmmfawXF5JdYQ,wood-dale-illinois
https://www.ubereats.com/chicago/food-delivery/tatas-pierogi/mMMAU3HlR7OLOYMaimwRDQ,wood-dale-illinois
https://www.ubereats.com/chicago/food-delivery/rosatis-pizza-bloomingdale/bTk3TYq6QaSNmf2acNctkQ,wood-dale-illinois
https://www.ubereats.com/chicago/food-delivery/mias-cantina/WlLttraBR6GC4rZCqJXyIA,wood-dale-illinois
https://www.ubereats.com/chicago/food-delivery/big-anges-eatery/w9SOs15FRTi4AIpOgqdPnw,wood-dale-illinois
https://www.ubereats.com/chicago/food-delivery/villaggio-ristorante/Qf4oOgLoRPCLDXK9OV03rg,wood-dale-illinois
https://www.ubereats.com/chicago/food-delivery/subway-2801-touhy-ave/4ReFHCQLRSmhMRbYVTAzrQ,wood-dale-illinois
https://www.ubereats.com/chicago/food-delivery/stans-donuts-%26-coffee-oakbrook-terrace/175n6xccTIOvK41VguFNaA,wood-dale-illinois
https://www.ubereats.com/chicago/food-delivery/sampurnas-indian-flavor/5CnohXeORdy-4t4u1maFSA,wood-dale-illinois
https://www.ubereats.com/chicago/food-delivery/wow-bao-1900-e-higgins/MhoNwMbuS3u0Qr9NWNnyvA,wood-dale-illinois
https://www.ubereats.com/chicago/food-delivery/portillos-hot-dogs-170-north-ave/mwl_KFWYTbmnAFryVLerYw,wood-dale-illinois
https://www.ubereats.com/chicago/food-delivery/burger-king-309-w-irving-park-rd/v752PGVCQWag6-R02SppMw,wood-dale-illinois
https://www.ubereats.com/chicago/food-delivery/subway-1585-lee-st/qZuLJtKGS3SnfqU69lfIow,wood-dale-illinois
https://www.ubereats.com/chicago/food-delivery/crazy-crab-roselle/eY6T7BoUTDOgJUVQv1MO6g,wood-dale-illinois
https://www.ubereats.com/chicago/food-delivery/domo-77-glendale-heights/6VGE1wWmSbWaKX8FbTq5ug,wood-dale-illinois
https://www.ubereats.com/chicago/food-delivery/bayleaf-by-saffron/ts8M8UibShyBDsF-QnoDBQ,wood-dale-illinois
https://www.ubereats.com/chicago/food-delivery/dunkin-5050-n-cumberland-ave/U9gXG_qCRBqE1REdzUY4ng,wood-dale-illinois
https://www.ubereats.com/chicago/food-delivery/mcdonalds-lake-%26-mill/Nlc9YBfLT7--9kdHjQKfgQ,wood-dale-illinois
https://www.ubereats.com/chicago/food-delivery/the-happy-tapper/hIV8yIkLQMmhhU1UYTf_2w,wood-dale-illinois
https://www.ubereats.com/chicago/food-delivery/playas-bar-and-grill/8YQfJbdDQqy1IPzUqjz7yw,wood-dale-illinois
https://www.ubereats.com/chicago/food-delivery/gatsbys-pizza-%26-pub/ve1-9f7dSdWMUcDapSjZPQ,wood-dale-illinois
https://www.ubereats.com/chicago/food-delivery/cold-stone-creamery-rosemont/yM1xmlI2TJmVmQiqS8pTyw,wood-dale-illinois
https://www.ubereats.com/chicago/food-delivery/mina-restaurant/G9Xwbh0aSrWvEhIt482G6g,wood-dale-illinois
https://www.ubereats.com/chicago/food-delivery/mcdonalds-st-charles-%26-ashbel/HIELI4C0SBqC249twzC-_g,wood-dale-illinois
https://www.ubereats.com/chicago/food-delivery/five-guys-il-0524-383-west-army-trail-rd/7nGeKOrDTKm9FnVxMHwZqQ,wood-dale-illinois
https://www.ubereats.com/chicago/food-delivery/sportys-chicken-%26-beef/WBgIj0MlT_qo6-ozcc6pfw,wood-dale-illinois
https://www.ubereats.com/chicago/food-delivery/short-fuse-brewing-company/WhRXKJnjQmOcCQ0QM7cPQg,wood-dale-illinois
https://www.ubereats.com/chicago/food-delivery/fitfresh-cafe-and-juice-bar/YpdtPywxSqiP0n7mlkzghA,wood-dale-illinois
https://www.ubereats.com/chicago/food-delivery/touch-of-spice-authentic-indian-restaurant/IxgF-_u9TamwQR_rOf0drQ,wood-dale-illinois
https://www.ubereats.com/chicago/food-delivery/steak-n-shake-275-e-army-trail/ozxj9ed0T_yI7jdfwxynxA,wood-dale-illinois
https://www.ubereats.com/chicago/food-delivery/bombay-chopsticks/gxDWX-3bT9ivOI2nHfEMig,wood-dale-illinois
https://www.ubereats.com/chicago/food-delivery/el-taurino-mexican-grill/KwfKXCb_Ryy57U45ODPwnw,wood-dale-illinois
https://www.ubereats.com/chicago/food-delivery/grilled-cheesin/rHvAfixAQbKyso4XBMxkfQ,wood-dale-illinois
https://www.ubereats.com/chicago/food-delivery/halsted-street-deli-on-martingale/SIgWCs52SLCrG8_Ph8P4fw,wood-dale-illinois
https://www.ubereats.com/chicago/food-delivery/starbucks-york-%26-industrial/PD1RF9SyTjC0y-_u5-w2ew,wood-dale-illinois
https://www.ubereats.com/chicago/food-delivery/pops-pizza-%26-sports-bar/oRNPGvniRL6TNHIf4UB57w,wood-dale-illinois
https://www.ubereats.com/chicago/food-delivery/emersons-ale-house/DjNxcoQ5QAS7p8egz-ZbvA,wood-dale-illinois
https://www.ubereats.com/chicago/food-delivery/papa-johns-pizza-wheaton/mEOnPq1MQWmsXBe8B-tkYg,wood-dale-illinois
https://www.ubereats.com/chicago/food-delivery/buffalo-wild-wings-944-elk-grove-town-ctr/Viqra_QATbizYrIIH2I64w,wood-dale-illinois
https://www.ubereats.com/chicago/food-delivery/burger-king-630-meacham-road/KLT4UeVWS1W550BKxjx9aQ,wood-dale-illinois
https://www.ubereats.com/chicago/food-delivery/tokio-pub/2xhlFI_jSuKQYV7H_C3I_Q,wood-dale-illinois
https://www.ubereats.com/chicago/food-delivery/fannie-may-elmhurst/9iMTy4m8QVuxJF9ty5X5vA,wood-dale-illinois
https://www.ubereats.com/chicago/food-delivery/vanilla-sugar-bakery/PaVDyEO-TmOw43OzPjr2kw,wood-dale-illinois
https://www.ubereats.com/chicago/food-delivery/scoobys/u-SyS9mSS8ChveDtKr4Nsw,wood-dale-illinois
https://www.ubereats.com/chicago/food-delivery/amici-restaurant/KdODCle3Q_mSymK2ieUnVg,wood-dale-illinois
https://www.ubereats.com/chicago/food-delivery/sams-place/ISOTFwHER8CC71qnufSy8A,wood-dale-illinois
https://www.ubereats.com/chicago/food-delivery/francescas-amici/gXE_LL_pTCuaWRJksyCHJw,wood-dale-illinois
https://www.ubereats.com/chicago/food-delivery/burger-king-620-west-north-avenue/8UKOZQo-TfajDxwMXcPaog,wood-dale-illinois
https://www.ubereats.com/chicago/food-delivery/phat-phat/UOwArqwKThyCnm5eTWm6qA,wood-dale-illinois
https://www.ubereats.com/chicago/food-delivery/groundlevel-105/M-IuOsd7QbOG8b5Tnb9-YA,wood-dale-illinois
https://www.ubereats.com/chicago/food-delivery/mcdonalds-stratford-%26-entrance-drive-5/ilyPhI1HSXeg8Cxhs9ax7Q,wood-dale-illinois
https://www.ubereats.com/chicago/food-delivery/avalon-bar-and-grill/4HW5Wj1cRkGxvh-BOXPEpg,wood-dale-illinois
https://www.ubereats.com/chicago/food-delivery/mcdonalds-st-charles-%26-villa/GMvCkzRJTNO8elYSiLs61w,wood-dale-illinois
https://www.ubereats.com/chicago/food-delivery/little-greek-schaumburg/KB7UqYteRKuQlB__SGBbOg,wood-dale-illinois
https://www.ubereats.com/chicago/food-delivery/subway-1047-s-york-rd-ste-j/1jTlty_HQiO-oAu3QJzXkA,wood-dale-illinois
https://www.ubereats.com/chicago/food-delivery/american-tap/gVpUsrJARFKC7_Vpktm0MQ,wood-dale-illinois
https://www.ubereats.com/chicago/food-delivery/ice-cream-shop-by-slice-factory/YLSeTOU3RtSRVX-nyBnZRQ,wood-dale-illinois
https://www.ubereats.com/chicago/food-delivery/dunkin-2995-mannheim-rd/hNaRL3R4QLmUu_sZCDMvAg,wood-dale-illinois
https://www.ubereats.com/chicago/food-delivery/shake-shack-1765-e-golf-road/9s4ISWRfSOeSkuvFGoR7Fw,wood-dale-illinois
https://www.ubereats.com/chicago/food-delivery/schaumburg-indian-grill/lO9Xy2LPQIqvw-ZXE_ly1A,wood-dale-illinois
https://www.ubereats.com/chicago/food-delivery/rasoi-restaurant/UZdNirUrTZOb_RH-BakfOA,wood-dale-illinois
https://www.ubereats.com/chicago/food-delivery/millers-ale-house-schaumburg/nmGHLMvSTnuGv6q5HV5pSg,wood-dale-illinois
https://www.ubereats.com/chicago/food-delivery/hibachi-grill-asian-buffet/NGPslNkrTN--gy_urGLDOQ,wood-dale-illinois
https://www.ubereats.com/chicago/food-delivery/scudieros-italian-bakery-%26-deli/AvTsYbBhQpqZ7i0iEsDTPg,wood-dale-illinois
https://www.ubereats.com/chicago/food-delivery/potbelly-sandwich-shop-des-plaines-metro-%7C-116/oYKTZHrORUWXw0Fuw_-IYw,wood-dale-illinois
https://www.ubereats.com/chicago/food-delivery/tgi-fridays-2677-schaumburg-il/0odO_MwyRn2qu-Z1lLCKFg,wood-dale-illinois
https://www.ubereats.com/chicago/food-delivery/kitakata-ramen-bannai/kCAuie4GTK6ZzZebhAVnQw,wood-dale-illinois
https://www.ubereats.com/chicago/food-delivery/benihana-1200-e-higgins-road/Bcl6SQ-iTa25-2w9JeTtiA,wood-dale-illinois
https://www.ubereats.com/chicago/food-delivery/starbucks-higgins-%26-meacham/S_U93AH6Q-yfHoasvo_Kag,wood-dale-illinois
https://www.ubereats.com/chicago/food-delivery/dunkin-10131-w-grand-ave/YKmOM2mHRvSmOHwJeqNOEg,wood-dale-illinois
https://www.ubereats.com/chicago/food-delivery/yus-mandarin-schaumburg/Rbmh1kH2RrC1tQRAAc9mGw,wood-dale-illinois
https://www.ubereats.com/chicago/food-delivery/fitzs-bulldog/_HoNm30NQZ-BB6t7WrhISA,wood-dale-illinois
https://www.ubereats.com/chicago/food-delivery/lake-street-pub/fnc_lKe6Tze2cdNokGK6xQ,wood-dale-illinois
https://www.ubereats.com/chicago/food-delivery/brousko/Ic6_eqYSQ1yX0ab7-iA7TA,wood-dale-illinois
https://www.ubereats.com/chicago/food-delivery/macianos-pizza-%26-pastaria-winfield/CbvUYxctSb6-boPtA3vq6A,wood-dale-illinois
https://www.ubereats.com/chicago/food-delivery/dunkin-donuts-rt-83/ecNY-V8MS9yYXAS_z7ujKw,wood-dale-illinois
https://www.ubereats.com/chicago/food-delivery/gloria-jeans-coffees/3A9-xk1ST0qUm12NFcfzOw,wood-dale-illinois
https://www.ubereats.com/chicago/food-delivery/frosty-penguin-grill-1056-busse-highway/CjsQxSgSRD61T3RJiU0CPw,wood-dale-illinois
https://www.ubereats.com/chicago/food-delivery/dunkin-477-west-golf-rd/uaaFtLCRRLykXRF5kYz36A,wood-dale-illinois
https://www.ubereats.com/chicago/food-delivery/brewpoint-coffee-founders-cafe/i2ctMMrJSzGFnWot1ITf_A,wood-dale-illinois
https://www.ubereats.com/chicago/food-delivery/mcalisters-deli-army-trail-%26-gary/2NsNhMSRRVaifzHIU4ShMw,wood-dale-illinois
https://www.ubereats.com/chicago/food-delivery/chipotle-mexican-grill-353-s-il-route-83/JXt1ABmiRhaTySzHlvqz1A,wood-dale-illinois
https://www.ubereats.com/chicago/food-delivery/wendys-2723-north-manheim-road/QzGvtkP1TS6ohv1d2RWpnw,wood-dale-illinois
https://www.ubereats.com/chicago/food-delivery/pita-pita-mediterranean-grill-lombard/UO7jLyN2TfS4HoHOMcP8IA,wood-dale-illinois
https://www.ubereats.com/chicago/food-delivery/tenderlicious/MnX6IsseSPmb4v5xsks0pQ,wood-dale-illinois
https://www.ubereats.com/chicago/food-delivery/shoeless-joes-ale-house-%26-grille-addison/3wiWsFddQAyRqCSWyc2NUQ,wood-dale-illinois
https://www.ubereats.com/chicago/food-delivery/taco-bell-74-stratford-dr/yRf8oqAnQxi03iOzbmInlA,wood-dale-illinois
https://www.ubereats.com/chicago/food-delivery/cinnaholic-schaumburg/Lfq0BVGFRzaB1pA2ASWC_g,wood-dale-illinois
https://www.ubereats.com/chicago/food-delivery/panchos-taqueria-and-catering/Xkj1bu5DQ4m6LCw4vipZVg,wood-dale-illinois
https://www.ubereats.com/chicago/food-delivery/123-peri-peri-thai-restaurant/Q2PcwLbjT_2FdmRoiqqlzA,wood-dale-illinois
https://www.ubereats.com/chicago/food-delivery/christys-restaurant/WQAOW4Z9R2OVjrsN6eC6cg,wood-dale-illinois
https://www.ubereats.com/chicago/food-delivery/dunkin-22w251-north-ave/Hbwosp6xTxWYotU3WkUpfw,wood-dale-illinois
https://www.ubereats.com/chicago/food-delivery/maoz-falafel-%26-grill/YqRq3vxeQhCXizc-c_6KSg,wood-dale-illinois
https://www.ubereats.com/chicago/food-delivery/wildfish-sushi/Zmr1bnToSiiPW2AW_zkbaw,wood-dale-illinois
https://www.ubereats.com/chicago/food-delivery/olympus-gyros/73a-OGaoQmSzjo4rX111hQ,wood-dale-illinois
https://www.ubereats.com/chicago/food-delivery/el-mero-mero/IPkyCob8R1e0uo1dvQrNMg,wood-dale-illinois
https://www.ubereats.com/chicago/food-delivery/buffalo-wild-wings-149-n-york-st/uq3veR1ETv-z8QsgXNaQCg,wood-dale-illinois
https://www.ubereats.com/chicago/food-delivery/thai-kitchen/HBO7JLiuRGmcEJa2rr4dMA,wood-dale-illinois
https://www.ubereats.com/chicago/food-delivery/mcdonalds-roselle-%26-weathersfield/gP6aZ03sTjiPfYUQrW_CBQ,wood-dale-illinois
https://www.ubereats.com/chicago/food-delivery/sushi-ai/ATNrVA2XQaCwGTpaU8ZlfQ,wood-dale-illinois
https://www.ubereats.com/chicago/food-delivery/beerhead-bar-%26-eatery-york-%26-1st/yj2rIFCqSWWurD12n0-pTg,wood-dale-illinois
https://www.ubereats.com/chicago/food-delivery/wendys-956-n-york-road/tKnq1xg5Q7mxNmk4EspR3g,wood-dale-illinois
https://www.ubereats.com/chicago/food-delivery/quality-deli/KklYG1pEQA-Dp23-zhMy5w,wood-dale-illinois
https://www.ubereats.com/chicago/food-delivery/kfc-1470-s-elmhurst-rd/PSOc6MulROebbTdHqOIIbA,wood-dale-illinois
https://www.ubereats.com/chicago/food-delivery/arbys-340-n-york-rd/qFzGX8vjTkqECE9S29EjCA,wood-dale-illinois
https://www.ubereats.com/chicago/food-delivery/fannie-may-glen-ellyn/AiyZCTg4RTGQDoQ9ron2_g,wood-dale-illinois
https://www.ubereats.com/chicago/food-delivery/juice-%26-berry/Kj34kzuZRve2XeFZo_KvmA,wood-dale-illinois
https://www.ubereats.com/chicago/food-delivery/potbelly-sandwich-shop-des-plaines-rosemont-%7C-126/FvF4Y0pARnquyhz6GEekXw,wood-dale-illinois
https://www.ubereats.com/chicago/food-delivery/brew-lounge/46EMx6erR2Grp2jVF30r_Q,wood-dale-illinois
https://www.ubereats.com/chicago/food-delivery/mcdonalds-busse-%26-foster/SibGMLR2TRif5xlSkjFF1w,wood-dale-illinois
https://www.ubereats.com/chicago/food-delivery/subway-1990-central-rd/wJVTeh_SSVqb8i5S-OEWzQ,wood-dale-illinois
https://www.ubereats.com/chicago/food-delivery/tendon-tempura-carlos-jr/ujAA232tTRmoctCACmFFDg,wood-dale-illinois
https://www.ubereats.com/chicago/food-delivery/mcdonalds-river-%26-elk/UGJ6VmbZQxm-wcMH5MUGgg,wood-dale-illinois
https://www.ubereats.com/chicago/food-delivery/boston-market-800-devon-ave/tEgwiyqhQDWr7aXIXEdmsw,wood-dale-illinois
https://www.ubereats.com/chicago/food-delivery/le-peep/hsvioGvPTiOJlzOpmOhVbA,wood-dale-illinois
https://www.ubereats.com/chicago/food-delivery/burgerim/UObsgz04SSm8KZRTbJRqGA,wood-dale-illinois
https://www.ubereats.com/chicago/food-delivery/chicken-ati-atihan-grill-and-restaurant/GrKEB80-RBaIWGom2EDBeQ,wood-dale-illinois
https://www.ubereats.com/chicago/food-delivery/tropical-smoothie-cafe-1458-golf-road/dReGqbvVQ6ehPJu5Z0Mtuw,wood-dale-illinois
https://www.ubereats.com/chicago/food-delivery/annas-red-apple-rolling-meadows/Wuw8P8otSkGFcPGI2nB3_Q,wood-dale-illinois
https://www.ubereats.com/chicago/food-delivery/uptown-burgers/e6WHIpE3QW-LDEHwvF8Z4A,wood-dale-illinois
https://www.ubereats.com/chicago/food-delivery/popeyes-435-south-river-road/PBCNLVdFQOCWTyEMfICltg,wood-dale-illinois
https://www.ubereats.com/chicago/food-delivery/lollipop-chicken-wings/XdMYZXSqTOGNRxRwMEkPKA,wood-dale-illinois
https://www.ubereats.com/chicago/food-delivery/kebab-house/oMs8pW4ATqilaLXXmq44jQ,wood-dale-illinois
https://www.ubereats.com/chicago/food-delivery/tacos-locos/Yy_ATamIT6SRLf--WT0JdA,wood-dale-illinois
https://www.ubereats.com/chicago/food-delivery/subway-1001-n-wood-dale-rd/5sCSjYQ5THetx-9SfJ_bzQ,wood-dale-illinois
https://www.ubereats.com/chicago/food-delivery/sakura-sushi/T199ePqWT_yXa-p6bQN1fw,wood-dale-illinois
https://www.ubereats.com/chicago/food-delivery/mcdonalds-mannheim-%26-grand/NOOBmPBiRgiQNQzr4cfvQA,wood-dale-illinois
https://www.ubereats.com/chicago/food-delivery/starbucks-army-trail-%26-gary/jq-pd4ZAR66RQ1aRvUVURw,wood-dale-illinois
https://www.ubereats.com/chicago/food-delivery/subway-1023-s-roselle-rd/vEzxdd7BQPKm0EBNNjvq2A,wood-dale-illinois
https://www.ubereats.com/chicago/food-delivery/mcdonalds-irving-park-%26-mason/Fck7EWrCRxWkAmEZTk9eYw,wood-dale-illinois
https://www.ubereats.com/chicago/food-delivery/mr-broast-roosevelt-%26-school/qUSuzE6IQgyJvqKaqpqFhg,wood-dale-illinois
https://www.ubereats.com/chicago/food-delivery/yue-sun/dlaxBhLjQ1-AGjwAUP6A5A,wood-dale-illinois
https://www.ubereats.com/chicago/food-delivery/mcdonalds-north-%26-westwood/E5YbURpkTBqzutHCduDa3A,wood-dale-illinois
https://www.ubereats.com/chicago/food-delivery/grande-jakes-fresh-mexican-grill-rolling-meadows/sQbgLncBTWeBWTh7jKxHzQ,wood-dale-illinois
https://www.ubereats.com/chicago/food-delivery/la-campana/XfqFSJ4JRa6RngybLRl_zg,wood-dale-illinois
https://www.ubereats.com/chicago/food-delivery/gails-carriage-inn/LWYy05BQRkO66QvNwo92Vg,wood-dale-illinois
https://www.ubereats.com/chicago/food-delivery/mangia-napoli/V1Zxg5LmSC6fBHw72MPsGg,wood-dale-illinois
https://www.ubereats.com/chicago/food-delivery/sbarro-g-123-woodfield-mall/-w_V9-TMQkutnLVqvTURsQ,wood-dale-illinois
https://www.ubereats.com/chicago/food-delivery/el-tio-loco-restaurant-and-cantina-northlake/_D_8nAmXT12ncguoL5OQhQ,wood-dale-illinois
https://www.ubereats.com/chicago/food-delivery/subway-550-il-route-83/RDPG8NszRH2UPoSZ8nyNqg,wood-dale-illinois
https://www.ubereats.com/chicago/food-delivery/eggsperience-mt-prospect/9alEoZLkT4i84Igh1cEVWA,wood-dale-illinois
https://www.ubereats.com/chicago/food-delivery/dunkin-2750-w-touhy-ave/HGdCd_c6SwmHWm-hfsPCtw,wood-dale-illinois
https://www.ubereats.com/chicago/food-delivery/finn-mccools-schaumburg/jCW8ukntSWakAKLWaUg_Mw,wood-dale-illinois
https://www.ubereats.com/chicago/food-delivery/subway-2101-w-army-trail-rd/zmdETvwSSA2C-SwDW5Ay-A,wood-dale-illinois
https://www.ubereats.com/chicago/food-delivery/annas-cafe-%26-grill/lsswwXtDTVa9d4x1x8W8Kg,wood-dale-illinois
https://www.ubereats.com/chicago/food-delivery/taco-bell-1140-s-york-rd/cfg30J9ARlGCDlwIBUsblA,wood-dale-illinois
https://www.ubereats.com/chicago/food-delivery/chasers-sports-bar-and-grill-schiller-park/r1skte4MSdulSkq1_chjgw,wood-dale-illinois
https://www.ubereats.com/chicago/food-delivery/jersey-mikes-subs-elmhurst-297-n-york-rd/vONR0iZTR6SfTlPqmdBX4Q,wood-dale-illinois
https://www.ubereats.com/chicago/food-delivery/fitzs-pub/-4F1ymhOQhCGL_pEHC_0OA,wood-dale-illinois
https://www.ubereats.com/chicago/food-delivery/starbucks-north-%26-grace/dxEpY7FOQAGYTee19Jrs4Q,wood-dale-illinois
https://www.ubereats.com/chicago/food-delivery/jenis-splendid-ice-cream-oakbrook-center/GGHFnJOiQCeGrip6s6xbEQ,wood-dale-illinois
https://www.ubereats.com/chicago/food-delivery/paradise-biryani-pointe/jWNvj3NHSpWdUUGZIjwd2Q,wood-dale-illinois
https://www.ubereats.com/chicago/food-delivery/dunkin-donuts-s-arlington-heights/Vn2SqN6TT-qjAyRe47jF2g,wood-dale-illinois
https://www.ubereats.com/chicago/food-delivery/outback-steakhouse-2970-finley-rd/ijpy4y9GReq9R7jIJFHU5g,wood-dale-illinois
https://www.ubereats.com/chicago/food-delivery/subway-7076-n-mannheim-rd/ac3G84P4T-uwXNN6P3jo6w,wood-dale-illinois
https://www.ubereats.com/chicago/food-delivery/bonchon-chicken-1408-e-golf-rd/-fEJWEOOQ2-33JLr7rd3Rw,wood-dale-illinois
https://www.ubereats.com/chicago/food-delivery/the-tiki-terrace/Cf8Uui4SRWmckZcjsGNOsA,wood-dale-illinois
https://www.ubereats.com/chicago/food-delivery/mantra/kp58V8qMREepgYxRcjw9TA,wood-dale-illinois
https://www.ubereats.com/chicago/food-delivery/danbys-station-cafe/E_hA_j3NQRePWWmWKrVwhQ,wood-dale-illinois
https://www.ubereats.com/chicago/food-delivery/ra-sushi-schaumburg/GyfNZD-SRpGkHLwI9I8RUw,wood-dale-illinois
https://www.ubereats.com/chicago/food-delivery/portillos-hot-dogs-155-s-route-83/naY4uTIAQBymk-7uybKuVQ,wood-dale-illinois
https://www.ubereats.com/chicago/food-delivery/mrs-p-%26-me/kVysbQJ-RHK682rzQEYzDA,wood-dale-illinois
https://www.ubereats.com/chicago/food-delivery/mcdonalds-irving-park-%26-prospect/vdTrW2ddQPWsa4E0gdunNw,wood-dale-illinois
https://www.ubereats.com/chicago/food-delivery/qdoba-golf-%26-meacham/i5Ub7PVfSFWebdg6zD4zXA,wood-dale-illinois
https://www.ubereats.com/chicago/food-delivery/ali-baba-kabab/Hqc8T6yrSnaD19hBVj3EJQ,wood-dale-illinois
https://www.ubereats.com/chicago/food-delivery/mr-beef-and-pizza/Pg7NararT6aRiR7BMFblDA,wood-dale-illinois
https://www.ubereats.com/chicago/food-delivery/new-seoul-korean-bbq/gtPEUaqFRTOFRMN_tRK4Fg,wood-dale-illinois
https://www.ubereats.com/chicago/food-delivery/royal-hummus-and-falafel/nkdZ031NTNi4aPz4xL2QYA,wood-dale-illinois
https://www.ubereats.com/chicago/food-delivery/billy-bricks-wood-fired-pizza-lombard/mdMvjaLmQJ-DTeyeW0lMrA,wood-dale-illinois
https://www.ubereats.com/chicago/food-delivery/route-45-grill-%26-pizza/BtbI6tcRTliYYHlAsC5H6g,wood-dale-illinois
https://www.ubereats.com/chicago/food-delivery/dunkin-1-e-saint-charles-rd/5oJUih9tTmuPU5A7Qor7iA,wood-dale-illinois
https://www.ubereats.com/chicago/food-delivery/bar-down-sports-grill/-dc6hlpXSF20AJsEevNaww,wood-dale-illinois
https://www.ubereats.com/chicago/food-delivery/courageous-bakery-and-cafe-108/s5QbJwRiRXWeZsKt3M_Wpw,wood-dale-illinois
https://www.ubereats.com/chicago/food-delivery/subway-1050-n-rohlwing-rd/ShvRVFb1TfSHwJYkEPZ6Xg,wood-dale-illinois
https://www.ubereats.com/chicago/food-delivery/papa-johns-mt-prospect/RVFV34E-RwyVKh2YrrM9Rw,wood-dale-illinois
https://www.ubereats.com/chicago/food-delivery/jersey-mikes-subs-army-trail-%26-knollwood/P_C6zcM8T_i_4FX1ffFQ8g,wood-dale-illinois
https://www.ubereats.com/chicago/food-delivery/dinos-cafe/P99imHmaSSeSi4QpkHSzeQ,wood-dale-illinois
https://www.ubereats.com/chicago/food-delivery/cheesy-delicious/rFgOn234T5uJmimDoZDo3g,wood-dale-illinois
https://www.ubereats.com/chicago/food-delivery/japan-77-steak-house/kDBZODm9QG-npxBpRkmANQ,wood-dale-illinois
https://www.ubereats.com/chicago/food-delivery/five-roses-pub/tuw5XetEQIyItbS8aS6zVQ,wood-dale-illinois
https://www.ubereats.com/chicago/food-delivery/tortas-locas-1827-algonquin-rd/RBZFnbJ7RwaXCUfLWmFxMw,wood-dale-illinois
https://www.ubereats.com/chicago/food-delivery/bacci-pizzeria-elmhurst/0YVamu_dTomRsqij9e2IxA,wood-dale-illinois
https://www.ubereats.com/chicago/food-delivery/honest-grilled-wings/xsTTIjEgRLCNbwsUg-g9hQ,wood-dale-illinois
https://www.ubereats.com/chicago/food-delivery/mcdonalds-lake-%26-arlington/h6qqP90ASoKUSupKI2tF5A,wood-dale-illinois
https://www.ubereats.com/chicago/food-delivery/burger-king-2001-busse-rd/Gw0mm99zSVmCr4QoYSfc8A,wood-dale-illinois
https://www.ubereats.com/chicago/food-delivery/which-wich-superior-sandwiches-gary-%26-schick/v3iDyXWgQQOVff_o338Wrw,wood-dale-illinois
https://www.ubereats.com/chicago/food-delivery/fitzs-spare-keys/z_p09n2-RCa6hqW9W1x7rA,wood-dale-illinois
https://www.ubereats.com/chicago/food-delivery/buenos-dias-burritos/oMAxzm6JQaOv-o6LbuCLmQ,wood-dale-illinois
https://www.ubereats.com/chicago/food-delivery/mcdonalds-north-%26-wolf/ukL1ofE3TzClao91K-F-jQ,wood-dale-illinois
https://www.ubereats.com/chicago/food-delivery/jamesons-charhouse-mt-prospect/wYfDFN9pSHqp0hIiMEssOg,wood-dale-illinois
https://www.ubereats.com/chicago/food-delivery/stadium-sports-club-%26-pizza/Gl2VTqK3Q06jinNRq3Kpww,wood-dale-illinois
https://www.ubereats.com/chicago/food-delivery/millies-pancake-shoppe/IXYO24u0So-2-nftOdTg6Q,wood-dale-illinois
https://www.ubereats.com/chicago/food-delivery/q-bar-glendale-heights/fyVrVjlGQ3e7G263c9gXNg,wood-dale-illinois
https://www.ubereats.com/chicago/food-delivery/taco-tuesday/Rq06CJntRReKBFIDwP8vOA,wood-dale-illinois
https://www.ubereats.com/chicago/food-delivery/culichi-town/mCo77j4NSZW0-oupFVXvcg,wood-dale-illinois
https://www.ubereats.com/chicago/food-delivery/five-guys-il-0558-1323-golf-rd/1s07eHC2R86biKbG2NgdGA,wood-dale-illinois
https://www.ubereats.com/chicago/food-delivery/hacienda-el-sombrero/LlduFSyaQwqJ-soUP7DdGw,wood-dale-illinois
https://www.ubereats.com/chicago/food-delivery/subway-cumberland/lOe3cQ2ATqOcIzMqUY0F3Q,wood-dale-illinois
https://www.ubereats.com/chicago/food-delivery/el-famous-burrito-elmhurst/x_wtfBwvT32v6I4L7N3Acw,wood-dale-illinois
https://www.ubereats.com/chicago/food-delivery/la-michoacana-premium/bpkVXVt1QgeUrVYeDp_qbA,wood-dale-illinois
https://www.ubereats.com/chicago/food-delivery/rosatis-pizza-elk-grove/piU6Mp8VQNK7o7dPds2wwQ,wood-dale-illinois
https://www.ubereats.com/chicago/food-delivery/cofelos-corner/4adbfPKrRmWOPSmQZsx02A,wood-dale-illinois
https://www.ubereats.com/chicago/food-delivery/sonic-drive-in-grand-%26-mannheim/6dVDYN5RSeCLoWo-G8-8tg,wood-dale-illinois
https://www.ubereats.com/chicago/food-delivery/burger-king-1021-east-st-charles-road/WEtuP9i2ThW7wqPOKzGaaA,wood-dale-illinois
https://www.ubereats.com/chicago/food-delivery/okapi-bistro/Du6UoNnqQLChr0VWgVh_qA,wood-dale-illinois
https://www.ubereats.com/chicago/food-delivery/italian-express-restaurant-glendale-heights/5acensZgS9WcIGCfjpC4DA,wood-dale-illinois
https://www.ubereats.com/chicago/food-delivery/mcdonalds-north-%26-bloomingdale/yQNlUWygSkySehFxWVCn6Q,wood-dale-illinois
https://www.ubereats.com/chicago/food-delivery/opolska/UFuKwHJ6TtWufUf94uvGvA,wood-dale-illinois
https://www.ubereats.com/chicago/food-delivery/colombians-taste/Vxp-8CXET76kBM1VwlPgnA,wood-dale-illinois
https://www.ubereats.com/chicago/food-delivery/shish-kabob-%26-grill/msN3vaaGTBqIoBLabYzx3Q,wood-dale-illinois
https://www.ubereats.com/chicago/food-delivery/eagle-restaurant/Qm_kZeqtTRCfDmm6KHHeWQ,wood-dale-illinois
https://www.ubereats.com/chicago/food-delivery/qdoba-schaumburg-%26-barrington/-7d1Lu2cSa6SYLaEPjH_YQ,wood-dale-illinois
https://www.ubereats.com/chicago/food-delivery/red-robin-224-120-j-woodfield-mall/4110vPePS6uj1vzBA7zPsA,wood-dale-illinois
https://www.ubereats.com/chicago/food-delivery/kinfork-bbq-%26-tap/dyBDwIsgQwufjPQbPAvYEg,wood-dale-illinois
https://www.ubereats.com/chicago/food-delivery/taqueria-mexico-2000-iii/XBzA5bN_QdWmAEKbeh8Rrw,wood-dale-illinois
https://www.ubereats.com/chicago/food-delivery/mago-grill-%26-cantina-arlington-heights/-dcXnCKqTBSHMzRflTew4A,wood-dale-illinois
https://www.ubereats.com/chicago/food-delivery/sweetberry-bowls-elmhurst/-FSoDSbtQfaNacqDWISu0g,wood-dale-illinois
https://www.ubereats.com/chicago/food-delivery/burger-king-1242-lee-street/3yfa7DIDQfiXoKZBPImMkw,wood-dale-illinois
https://www.ubereats.com/chicago/food-delivery/dunkin-298-w-north-ave-ste-8/uxc_RLblSMaKVZgZ8-yjbg,wood-dale-illinois
https://www.ubereats.com/chicago/food-delivery/hyderabad-house-biryani-place-schaumburg/MdKHvEJkQiSrXA_131fWlg,wood-dale-illinois
https://www.ubereats.com/chicago/food-delivery/sarpinos-pizzeria-623-w-north-ave/0JVxriGSTaGT4ZZrPnhwbw,wood-dale-illinois
https://www.ubereats.com/chicago/food-delivery/beerhead-bar-and-eatery-schaumburg/jXXf8iiBTQ-xkzZIqg357A,wood-dale-illinois
https://www.ubereats.com/chicago/food-delivery/subway-158-a-e-lake-st/ubKlGHbUTYK6odeyNvHXHA,wood-dale-illinois
https://www.ubereats.com/chicago/food-delivery/maoz-vegetarian/YE_FjXD8TayTYnLBwzf02w,wood-dale-illinois
https://www.ubereats.com/chicago/food-delivery/rosatis-pizza-739-n-mill-rd/bXi6dUB2RROuji75IMm9BQ,wood-dale-illinois
https://www.ubereats.com/chicago/food-delivery/red-mango/ESUonTYqT6WJXj1SRcHbPg,wood-dale-illinois
https://www.ubereats.com/chicago/food-delivery/la-barra-oak-brook/FAbLeJORTcytl8OwZ_C_VQ,wood-dale-illinois
https://www.ubereats.com/chicago/food-delivery/giuseppes/V2uy_NFxRtOSY-Oth8kBLg,wood-dale-illinois
https://www.ubereats.com/chicago/food-delivery/shake-shack-1950-spring-road/gJioG4DPSnaFIyQOuayU7A,wood-dale-illinois
https://www.ubereats.com/chicago/food-delivery/panda-express-busse-%26-landmeier/zXGqUnDLR6CmKbtYRiXZOQ,wood-dale-illinois
https://www.ubereats.com/chicago/food-delivery/sunrise-grill/XKLFPGheTU6Q2CUyfMXc6g,wood-dale-illinois
https://www.ubereats.com/chicago/food-delivery/starbucks-meacham-%26-american/uoY-3CXESSy7bFHxPKQp5w,wood-dale-illinois
https://www.ubereats.com/chicago/food-delivery/toscana-restaurant-%26-lounge/3Q_11k-hTHqK2eIiMjHQCg,wood-dale-illinois
https://www.ubereats.com/chicago/food-delivery/char-kabobs/T5cpBX_FQZuaPsSGXO_3QQ,wood-dale-illinois
https://www.ubereats.com/chicago/food-delivery/saffron-restaurant/3KNmCTw2RQOmz6W7LLrogw,wood-dale-illinois
https://www.ubereats.com/chicago/food-delivery/the-great-indian-cafe/ty5mkVCfTcarn6gxtDPvFg,wood-dale-illinois
https://www.ubereats.com/chicago/food-delivery/maxfields-pancake-house/x_kvbZAVSAGFuO72NH_WbA,wood-dale-illinois
https://www.ubereats.com/chicago/food-delivery/the-port-of-peri-peri-shaumburg/8_JesFeQQfGlHNA0VIpG6A,wood-dale-illinois
https://www.ubereats.com/chicago/food-delivery/taco-maya-bloomingdale/STIGbGOmQdukaO95_PmTjA,wood-dale-illinois
https://www.ubereats.com/chicago/food-delivery/mcdonalds-irving-park-%26-maple/FjWe_AFmTn2ZG9XD10yWqw,wood-dale-illinois
https://www.ubereats.com/chicago/food-delivery/avenue-bg/2DcwcryrTrmvzbdnB4_z1w,wood-dale-illinois
https://www.ubereats.com/chicago/food-delivery/kebab-guys-mannheim-%26-touhy/3zUJGEipRH-gkEHp0iwfPQ,wood-dale-illinois
https://www.ubereats.com/chicago/food-delivery/francescos-bros-pizzeria/1ml48yHoRk-5BjQZIf6Uig,wood-dale-illinois
https://www.ubereats.com/chicago/food-delivery/falafil-hut/16tR-geuT4270sEubZntIw,wood-dale-illinois
https://www.ubereats.com/chicago/food-delivery/hooters-perimeter-%26-west/j5nnJk82RkyKUxORnBsIdA,wood-dale-illinois
https://www.ubereats.com/chicago/food-delivery/el-burrito-mexicano-real-ii/_f0BLaGHSOaIC2tzpWhoig,wood-dale-illinois
https://www.ubereats.com/chicago/food-delivery/mama-maria-pizza-%26-more-schaumburg/-edFX44ZSNegkeVUhnbvNQ,wood-dale-illinois
https://www.ubereats.com/chicago/food-delivery/noodles-pho-u-lombard/vHVo7wYgQJeHQFw3omvUKg,wood-dale-illinois
https://www.ubereats.com/chicago/food-delivery/el-famous-burrito-glendale-heights/qTsVJjQvTAmAAjZEbATBxA,wood-dale-illinois
https://www.ubereats.com/chicago/food-delivery/wendys-1171-north-rohlwing-road/o0Iw4lNMQEODsOWrWNGHHw,wood-dale-illinois
https://www.ubereats.com/chicago/food-delivery/dunkin-1090-roosevelt-rd/Ya1PCCJSTFqCqmA8tm9N-Q,wood-dale-illinois
https://www.ubereats.com/chicago/food-delivery/sakura-sushi-schaumburg/PU6sujzeRQmffkHH1RhZkA,wood-dale-illinois
https://www.ubereats.com/chicago/food-delivery/uhmazing-blt/Ere_V2dOSm-P4BQZIr_cIQ,wood-dale-illinois
https://www.ubereats.com/chicago/food-delivery/bulldog-ale-house-rolling-meadows/VhXsDey6RJG_pvu1kgSy4Q,wood-dale-illinois
https://www.ubereats.com/chicago/food-delivery/jamesons-charhouse-bloomingdale/r561eodlTw6tOYd0xCMYUQ,wood-dale-illinois
https://www.ubereats.com/chicago/food-delivery/giannis-ristorante-%26-pizzeria/NAETT-TATzaQIjc1Q_fL4Q,wood-dale-illinois
https://www.ubereats.com/chicago/food-delivery/jersey-mikes-subs-golf-%26-algonquin/aC0tOBmeTyOIKpy6aePVVA,wood-dale-illinois
https://www.ubereats.com/chicago/food-delivery/zio-tonys-pizza/SHCDZTjNRAeBB4x1Ux15ZQ,wood-dale-illinois
https://www.ubereats.com/chicago/food-delivery/taqueria-mi-tierra/UpLvaf-eQ_aTSQO-gMx3QQ,wood-dale-illinois
https://www.ubereats.com/chicago/food-delivery/outback-steakhouse-166-south-gary-avenue/W6BvG5bkQpOyXc0ZuqFFuQ,wood-dale-illinois
https://www.ubereats.com/chicago/food-delivery/brunch-cafe-roselle/7f-2HfB-R2STUYq3BCzF_g,wood-dale-illinois
https://www.ubereats.com/chicago/food-delivery/rosatis-pizza-des-plaines/9-jrSRxAS_iZhEqVWqRm5g,wood-dale-illinois
https://www.ubereats.com/chicago/food-delivery/chipotle-mexican-grill-1078-n-rohlwing-rd/ai2ypDaHRt6lU8atxp0_Qg,wood-dale-illinois
https://www.ubereats.com/chicago/food-delivery/dunkin-411-e-north-ave/oGWtpyE4RhWwCptvyFk_mA,wood-dale-illinois
https://www.ubereats.com/chicago/food-delivery/panda-express-128-west-north-ave/8U0mEP0fT0qySu7PKCMSig,wood-dale-illinois
https://www.ubereats.com/chicago/food-delivery/bacci-pizzeria-schiller-park/oewV_ah3R42fIkxNiqz--A,wood-dale-illinois
https://www.ubereats.com/chicago/food-delivery/subway-159-e-north-ave/aJrvU7xGRxSHnEsMQxCJuA,wood-dale-illinois
https://www.ubereats.com/chicago/food-delivery/wok-n-fire-wheaton/5BMBDafySTiy-4mqBmjEuQ,wood-dale-illinois
https://www.ubereats.com/chicago/food-delivery/fiesta-del-mar/zqqiUepXRZOdjwAWuPqruQ,wood-dale-illinois
https://www.ubereats.com/chicago/food-delivery/bowl-%26-barbecue/k3sqnpT-SAqStbvJO58QEw,wood-dale-illinois
https://www.ubereats.com/chicago/food-delivery/portillos-hot-dogs-100-w-lake-st/_j7LzM_HQZqOVu0dAYzZ-A,wood-dale-illinois
https://www.ubereats.com/chicago/food-delivery/yorkys/qjwLuWwoSKS_JUveaphyrg,wood-dale-illinois
https://www.ubereats.com/chicago/food-delivery/las-asadas-des-plaines/F9rzqSqmSsSKJNVCkvFQJw,wood-dale-illinois
https://www.ubereats.com/chicago/food-delivery/balkan-bakery-and-cafe/h58Rhz9zTASV83Rxg2iQIQ,wood-dale-illinois
https://www.ubereats.com/chicago/food-delivery/crazy-crab/zAwMBoB0QA-wTeICbBAmig,wood-dale-illinois
https://www.ubereats.com/chicago/food-delivery/dairy-queen-treat-148-s-bloomingdale-rd/I9guvuFaTvuYKSkPMxXHIQ,wood-dale-illinois
https://www.ubereats.com/chicago/food-delivery/fox-%26-turtle/HTcRf0RCQV6bPTKAfQSDMA,wood-dale-illinois
https://www.ubereats.com/chicago/food-delivery/the-southern-cafe-roselle/7l6PJRfETTqpfJZKoTpJhg,wood-dale-illinois
https://www.ubereats.com/chicago/food-delivery/taqueria-maya/ULYYRr4cTrKq4Ybg4CRRXQ,wood-dale-illinois
https://www.ubereats.com/chicago/food-delivery/smallcakes-of-elmhurst/qL5KWu1uSHGGOmhakOeV9g,wood-dale-illinois
https://www.ubereats.com/chicago/food-delivery/starbucks-north-%26-schmale/ski0aloxQq-BUudjgEScOQ,wood-dale-illinois
https://www.ubereats.com/chicago/food-delivery/coachs-corner/_aagdz2KSBCazuzgdjN0jw,wood-dale-illinois
https://www.ubereats.com/chicago/food-delivery/the-patty-melt-co/J75vLgy1RD61fON3CKk8ag,wood-dale-illinois
https://www.ubereats.com/chicago/food-delivery/udupi-palace-restaurant/qC8M_b-NTv-2LlTmvSdKPw,wood-dale-illinois
https://www.ubereats.com/chicago/food-delivery/buona-rosemont/XhJcIAScTbW8W3X_IKTrjg,wood-dale-illinois
https://www.ubereats.com/chicago/food-delivery/mcdonalds-947-meacham-road/3OIutqrBQlSJLFFE9fO26g,wood-dale-illinois
https://www.ubereats.com/chicago/food-delivery/wendys-206-w-north-ave/tyeA-vyiTOmlI9WlcRSprA,wood-dale-illinois
https://www.ubereats.com/chicago/food-delivery/sebastians-ale-%26-whiskey-house-lombard/Ai9vhK_0SuW1RF6tYHUMPw,wood-dale-illinois
https://www.ubereats.com/chicago/food-delivery/kfc-schaumburg/LCGnCmqmS7-92pRNo_WQVw,wood-dale-illinois
https://www.ubereats.com/chicago/food-delivery/boston-market-1000-s-elmhurst/fXbcUiVcRLS3zMXhc2BRCQ,wood-dale-illinois
https://www.ubereats.com/chicago/food-delivery/the-clubhouse-oak-brook/iniAqgjiTGWOKxKm9N_sEQ,wood-dale-illinois
https://www.ubereats.com/chicago/food-delivery/dunkin-donuts-meacham-rd/Zb8PQTbyS7mKmWk6Aki4vA,wood-dale-illinois
https://www.ubereats.com/chicago/food-delivery/dunkin-1001-s-busse-rd/XZLULjc4RAiKQy9_FEnJ4w,wood-dale-illinois
https://www.ubereats.com/chicago/food-delivery/dunkin-17521-roosevelt-rd/I8v0AykgTYW72oHcig7beA,wood-dale-illinois
https://www.ubereats.com/chicago/food-delivery/charles-fast-food-%234/PL7QxUeDTG6pwOu_ra7UnA,wood-dale-illinois
https://www.ubereats.com/chicago/food-delivery/fahrenheit-786/XOSMuUp5TzyNAyKbzz3XbA,wood-dale-illinois
https://www.ubereats.com/chicago/food-delivery/weber-grill-restaurant-schaumburg/J1a3SyXDTBGGDj9NuSjmyQ,wood-dale-illinois
https://www.ubereats.com/chicago/food-delivery/gloria-jeans/rZgqiwagR9mtef7t5YlAxA,wood-dale-illinois
https://www.ubereats.com/chicago/food-delivery/chipotle-mexican-grill-2926-mannheim-rd/hYaAO5caSB-m1vJ9IHX8Mw,wood-dale-illinois
https://www.ubereats.com/chicago/food-delivery/dunkin-200-e-lake-st/k6YR_V4pQhekSBZPPXyeKA,wood-dale-illinois
https://www.ubereats.com/chicago/food-delivery/taqueria-bar-mexico-2000/NblOKzavTTCxVVXUWZXXNg,wood-dale-illinois
https://www.ubereats.com/chicago/food-delivery/al-and-andys/3BYmbhAqRPqkskyjjyMi9g,wood-dale-illinois
https://www.ubereats.com/chicago/food-delivery/amigas-restaurant/UnLUzkdyQLOVVq7B9rg4og,wood-dale-illinois
https://www.ubereats.com/chicago/food-delivery/millers-ale-house-lombard/2iW3qUJYTm65g8Fxjgxo_g,wood-dale-illinois
https://www.ubereats.com/chicago/food-delivery/starbucks-irving-park-%26-walnut/nzPFZPOLRHWpCVBvaXSbAA,wood-dale-illinois
https://www.ubereats.com/chicago/food-delivery/dunkin-317-s-schmale-rd/YNd4W2_0SI61s0W-qTuyqg,wood-dale-illinois
https://www.ubereats.com/chicago/food-delivery/burger-king-10170-west-grand-avenue/QwRx6HpuTvuaTrSbgQ0QzQ,wood-dale-illinois
https://www.ubereats.com/chicago/food-delivery/browns-chicken-carol-stream/Jo6eAdZKQ0CQdwKh--Mamw,wood-dale-illinois
https://www.ubereats.com/chicago/food-delivery/kfc-carol-stream/cAjCna03SbalScwBYxFnvA,wood-dale-illinois
https://www.ubereats.com/chicago/food-delivery/burrito-parrilla-mexicana-glendale-heights/fmpZ58pVTZ26QYGzYYkquw,wood-dale-illinois
https://www.ubereats.com/chicago/food-delivery/nutphrees-bakery/DfgJaaDvQkmRVTYDsOLktQ,wood-dale-illinois
https://www.ubereats.com/chicago/food-delivery/7401-bonefish-grill-180-s-roselle-rd/TIImIlzlS2KAKcI5itjODw,wood-dale-illinois
https://www.ubereats.com/chicago/food-delivery/brandys-gyros-oakton-%26-wolf/M1gnWOZzQTaAYmOEXm0FlA,wood-dale-illinois
https://www.ubereats.com/chicago/food-delivery/oba-contemporary-japanese/vA7nC8F5Rf6eMFa15yZnpQ,wood-dale-illinois
https://www.ubereats.com/chicago/food-delivery/tgi-fridays-2683-rosemont-il/_wUFnT-TQ1ulfq4hkqlzJA,wood-dale-illinois
https://www.ubereats.com/chicago/food-delivery/brauerhouse/m2oyhUb4TsCesuW2e2RZfQ,wood-dale-illinois
https://www.ubereats.com/chicago/food-delivery/maharaja-indian-cuisine/OSPzQIX9QSmgBmcJBYEzkw,wood-dale-illinois
https://www.ubereats.com/chicago/food-delivery/subway-113-schiller-st/CK4pZ1TKRV6OybkezzcXvg,wood-dale-illinois
https://www.ubereats.com/chicago/food-delivery/subway-274-w-fullerton-ave/3qtMzb_WQzCguStGp6VCUw,wood-dale-illinois
https://www.ubereats.com/chicago/food-delivery/good-tequilas-mexican-grill-glendale-heights/4RzGgLtcSyK6-hJlie4xiA,wood-dale-illinois
https://www.ubereats.com/chicago/food-delivery/india-house-express/JruFRuisQ7GW7_dn2Wi_5Q,wood-dale-illinois
https://www.ubereats.com/chicago/food-delivery/portillos-hot-dogs-611-e-golf-rd/blanvbF6TAe4vHULyjSyUQ,wood-dale-illinois
https://www.ubereats.com/chicago/food-delivery/falak-restaurant-and-banquets/MqgEKNvvRiGJlEXNnjkohw,wood-dale-illinois
https://www.ubereats.com/chicago/food-delivery/mod-pizza-bloomingdale-court/SIeNYNQBT_yyM4Ov_bSwhw,wood-dale-illinois
https://www.ubereats.com/chicago/food-delivery/halal-express-cuisine/KhaG6fv5RsS9kKc-O3t56w,wood-dale-illinois
https://www.ubereats.com/chicago/food-delivery/paraiso-pizzeria-%26-paleteria/l4XbBE3oQn6RHwbk5b9pGQ,wood-dale-illinois
https://www.ubereats.com/chicago/food-delivery/doctor-dogs/xFLvawSBReqw4e-Z-uo3eA,wood-dale-illinois
https://www.ubereats.com/chicago/food-delivery/wildfire-oak-brook/EArDI_IATQ-ejvek4jpUiQ,wood-dale-illinois
https://www.ubereats.com/chicago/food-delivery/mazmez/Iitj21GTRvycKCaT7bW2Ew,wood-dale-illinois
https://www.ubereats.com/chicago/food-delivery/portillos-hot-dogs-134-e-lake-st/Nz39W-FASIyqQnpE-enU1Q,wood-dale-illinois
https://www.ubereats.com/chicago/food-delivery/pizza-hub-inc/UJYMOZL6RRSQionTWHc2YQ,wood-dale-illinois
https://www.ubereats.com/chicago/food-delivery/american-wildburger-oakton-%26-cora/4TEx_wCtQg-93d-XbNLRsw,wood-dale-illinois
https://www.ubereats.com/chicago/food-delivery/eggsperience-park-ridge/_MCYc63TQT6DxLp8ckxnbw,wood-dale-illinois
https://www.ubereats.com/chicago/food-delivery/honey-biscuit/0Th3vjEqSum-DBz_Eh9udg,wood-dale-illinois
https://www.ubereats.com/chicago/food-delivery/global-brew-tap-house/Yg_lkF_zRf2gX-7Tj2RULQ,wood-dale-illinois
https://www.ubereats.com/chicago/food-delivery/dunkin-820-e-rand-rd/cdHgeH7KT-yZQk0ogJUw-w,wood-dale-illinois
https://www.ubereats.com/chicago/food-delivery/burger-baron/5MqlUXmtQOqwmU4un-MmNQ,wood-dale-illinois
https://www.ubereats.com/chicago/food-delivery/kfc-872-north-york-road/5-9PeO5vR1CLE6muwd8BSA,wood-dale-illinois
https://www.ubereats.com/chicago/food-delivery/portillos-hot-dogs-1500-busse-road/P6T8ymF3TtqcXqDQY3lMew,wood-dale-illinois
https://www.ubereats.com/chicago/food-delivery/dunkin-1440-n-meacham-rd/QGCXDfwGQVmXmvEirkjftw,wood-dale-illinois
https://www.ubereats.com/chicago/food-delivery/sushi-time/va-EBFAnQCC3a0We0FIfgg,wood-dale-illinois
https://www.ubereats.com/chicago/food-delivery/bibibop-asian-grill-1022-n-meacham-road/klNTz0lYTCaIyb9gdNDHRg,wood-dale-illinois
https://www.ubereats.com/chicago/food-delivery/mr-mesquite/H6ehiw2FRy2oGP1MARJRCw,wood-dale-illinois
https://www.ubereats.com/chicago/food-delivery/california-pizza-kitchen-1550-e-golf-road/QSt0MnwtRYaZtif-Z4-90A,wood-dale-illinois
https://www.ubereats.com/chicago/food-delivery/starbucks-lake-%26-rohlwing/fYsGP-MtT4WfGNsM2z94eA,wood-dale-illinois
https://www.ubereats.com/chicago/food-delivery/naxos-greek-restaurant/bAv3d0x9St-vyshbyLjzFw,wood-dale-illinois
https://www.ubereats.com/chicago/food-delivery/suns-kitchen-%E7%AB%AF%E9%99%BD/_lA-76RSQvWpjyvHnAP16g,wood-dale-illinois
https://www.ubereats.com/chicago/food-delivery/kabab-guys/1jK7drAhQWG5wj4ViIj6Xg,wood-dale-illinois
https://www.ubereats.com/chicago/food-delivery/ching-huas-chinese-restaurant-and-sports-bar/7gcLbfKwRGGgDQh7GdBzbg,wood-dale-illinois
https://www.ubereats.com/chicago/food-delivery/starbucks-des-plaines-oakton-%26-lee/YCxN6IqNTtqNIndy5YgVMw,wood-dale-illinois
https://www.ubereats.com/chicago/food-delivery/shaws-crab-house-schaumburg/FdNe_AwhQsOW5u_j4TttJA,wood-dale-illinois
https://www.ubereats.com/chicago/food-delivery/gumrai-thai-restaurant-arlington-heights-rd/FD6CDB1YTRyeBtlbqI37Ng,wood-dale-illinois
https://www.ubereats.com/chicago/food-delivery/subway-572-e-devon-ave/DpVBhIAzQEuNpK5PgTLF7Q,wood-dale-illinois
https://www.ubereats.com/chicago/food-delivery/fire-pita-mediterranean-grill/fqS5D2W8S_OUPyDCZx5kPw,wood-dale-illinois
https://www.ubereats.com/chicago/food-delivery/stans-donuts-%26-coffee-woodfield-mall/HEGOLQKPRlmgn5FNGE7k9w,wood-dale-illinois
https://www.ubereats.com/chicago/food-delivery/bar-louie-plaza-%26-golf/YO0JkyboTcuDWByHCBtAgg,wood-dale-illinois
https://www.ubereats.com/chicago/food-delivery/taco-bell-945-elmhurst-rd/c8Gf-XT0Qk-KwvYGNUBOaA,wood-dale-illinois
https://www.ubereats.com/chicago/food-delivery/blue-line-bar-%26-grill/fNiU6Xg9R6WAy8YK8C6FWQ,wood-dale-illinois
https://www.ubereats.com/chicago/food-delivery/ihop-higgins-%26-martingdale/HaeqtGxJQDaVak07qpiwOw,wood-dale-illinois
https://www.ubereats.com/chicago/food-delivery/fratellos-2/Afe8mDoxRTGMC10SyDTdog,wood-dale-illinois
https://www.ubereats.com/chicago/food-delivery/marias-mexican-bar-%26-grill/dHul896LSA-VjTtPQxplFA,wood-dale-illinois
https://www.ubereats.com/chicago/food-delivery/tony-spavones/2JDwctCTQH6OrJIqZ_s1fw,wood-dale-illinois
https://www.ubereats.com/chicago/food-delivery/golden-corral-154-s-gary-ave/0oTjSJn3R0qREroaaS6vYA,wood-dale-illinois
https://www.ubereats.com/chicago/food-delivery/paps-ultimate-bar-and-grill/Dh5RiTE0QUSG3TE0SNySyw,wood-dale-illinois
https://www.ubereats.com/chicago/food-delivery/la-michoacana-premium/hEvzc4_ESn-gHlgZCCzkUg,wood-dale-illinois
https://www.ubereats.com/chicago/food-delivery/dunkin-donuts-addison/Yf-yX7ZhTtOpV-zBEc6jcQ,wood-dale-illinois
https://www.ubereats.com/chicago/food-delivery/dunkin-1160-s-main-st/z4nHPZ8MQya63MtbjZ6vqQ,wood-dale-illinois
https://www.ubereats.com/chicago/food-delivery/pozoleria-amiguitas/CBvw1wRaQFy8g3jh2hMUSQ,wood-dale-illinois
https://www.ubereats.com/chicago/food-delivery/ellyns-tap-and-grill/QXJZo7kWQfy83nNkRObtHw,wood-dale-illinois
https://www.ubereats.com/chicago/food-delivery/portillos-hot-dogs-235-north-ave/LfL03HHfSN6xD22F3DO6jg,wood-dale-illinois
https://www.ubereats.com/chicago/food-delivery/giannis-cafe-station/q0cwYAGWT92A0qor7tjxaw,wood-dale-illinois
https://www.ubereats.com/chicago/food-delivery/plaka-greek-taverna/OUE_ksfDQWmcLjMq29CO4g,wood-dale-illinois
https://www.ubereats.com/chicago/food-delivery/frankys-red-hots/z7_htmK7Q72pL8Vj4W9ZjQ,wood-dale-illinois
https://www.ubereats.com/chicago/food-delivery/grandos/vY1uBbKoSXCy1JKXIomrdg,wood-dale-illinois
https://www.ubereats.com/chicago/food-delivery/buona-glendale-heights/RZ7T_dEXTs62MNsTFWNjEg,wood-dale-illinois
https://www.ubereats.com/chicago/food-delivery/jets-pizza-arlington-heights/70Vrr_NHRE20IvJ0qWACqg,wood-dale-illinois
https://www.ubereats.com/chicago/food-delivery/rack-house/m81SFVtFSoW3RtVl9Vmsjw,wood-dale-illinois
https://www.ubereats.com/chicago/food-delivery/dunton-house-restaurant/R1eW49wCQ6aC0P_iPSaefg,wood-dale-illinois
https://www.ubereats.com/chicago/food-delivery/dunkin-1926-s-river-rd/FdoIT_oQSFC6DXcY980ovA,wood-dale-illinois
https://www.ubereats.com/chicago/food-delivery/jamba-juice-601-n-martingale-rd-ste-%23310/TTgefK5fQMeRdct0nlciwg,wood-dale-illinois
https://www.ubereats.com/chicago/food-delivery/passero/mjzXcrnuT6eDAphQa79xww,wood-dale-illinois
https://www.ubereats.com/chicago/food-delivery/wendys-900-busse-rd/L2xJF7JzTjmGDOu3qwGOrQ,wood-dale-illinois
https://www.ubereats.com/chicago/food-delivery/cafe-zupas-1422-e-golf-rd/aop9arHvRFSeE4XMemi5Kg,wood-dale-illinois
https://www.ubereats.com/chicago/food-delivery/hannas-bistro-cafe/uwi_zHEYSLizOaW6TjmVxA,wood-dale-illinois
https://www.ubereats.com/chicago/food-delivery/mcdonalds-york-%26-diversey/IAAbEbYMSMiWbj6bBPdpDA,wood-dale-illinois
https://www.ubereats.com/chicago/food-delivery/potbelly-sandwich-shop-elmhurst-%7C-263/8czAnkrsS7iG8NUdHptQ3w,wood-dale-illinois
https://www.ubereats.com/chicago/food-delivery/burger-king-440-west-lake-street/Un5A_V2oRyitez10OnvR9w,wood-dale-illinois
https://www.ubereats.com/chicago/food-delivery/roti-modern-mediterranean-892-n-meacham-rd/zAFfKQWFT-qQFYIwrlT3ug,wood-dale-illinois
https://www.ubereats.com/chicago/food-delivery/kitakata-ramen-ban-nai-hoffman-estates/05-c8TiiTte7wypxggrq8A,wood-dale-illinois
https://www.ubereats.com/chicago/food-delivery/taco-burrito-king-des-plaines/PdUy1MAORaajTWxbhvzFzw,wood-dale-illinois
https://www.ubereats.com/chicago/food-delivery/sweetland-bakery/JXOX-WY1R7ChXWE56LN8Sg,wood-dale-illinois
https://www.ubereats.com/chicago/food-delivery/steak-n-shake-10421-touhy-ave/SpKsKaMwQFmmP9KAQttGMA,wood-dale-illinois
https://www.ubereats.com/chicago/food-delivery/el-tesoro/ByN8lU9AT7yE4HZiF6WAFA,wood-dale-illinois
https://www.ubereats.com/chicago/food-delivery/popeyes-511-west-irving-park/ZDodoagiSviyGndclWpn0w,wood-dale-illinois
https://www.ubereats.com/chicago/food-delivery/royce-chocolate-arlington-heights/P-bOR4vlSAamlETn0XuuGg,wood-dale-illinois
https://www.ubereats.com/chicago/food-delivery/good-tequilas-mexican-grill-elk-grove/rn1YjUzpTI6i4OXNxlZH1A,wood-dale-illinois
https://www.ubereats.com/chicago/food-delivery/taco-bell-322-w-irving-park-rd/aw046HvTTwqY2zNCtfLKYg,wood-dale-illinois
https://www.ubereats.com/chicago/food-delivery/do-re-mi-lunchbox/6BhgrlBgQYWFdzTmTuZJwA,wood-dale-illinois
https://www.ubereats.com/chicago/food-delivery/sonic-drive-in-roosevelt-%26-ardmore/gjleEWQkRkuOSDK0O_BsiA,wood-dale-illinois
https://www.ubereats.com/chicago/food-delivery/noodles-%26-company-66-s-arlington-heights-rd/02sZbnQDQaC4MTrAjwtI1g,wood-dale-illinois
https://www.ubereats.com/chicago/food-delivery/outback-steakhouse-8101-west-higgins-road/yxL_c4xyTU6k8Jk17xnj7w,wood-dale-illinois
https://www.ubereats.com/chicago/food-delivery/kizuna-sushi-bistro/mDzkKkgfR323PClFNUUCtg,wood-dale-illinois
https://www.ubereats.com/chicago/food-delivery/papa-johns-hoffman-estates/129Yc3JKRyuzr4u-ZErGbw,wood-dale-illinois
https://www.ubereats.com/chicago/food-delivery/fox-%26-hound-1416-n-roselle-rd/x2v0034ST-Cx4Z-6p2a33A,wood-dale-illinois
https://www.ubereats.com/chicago/food-delivery/honey-jam-cafe-arlington-heights/JPsFG5x5RaK91gqs315G3w,wood-dale-illinois
https://www.ubereats.com/chicago/food-delivery/starbucks-lake-%26-fairfield/TPH-xnYwSO-djPkFmGefkg,wood-dale-illinois
https://www.ubereats.com/chicago/food-delivery/burger-king-1015-south-roselle-road/bHtS4WU5Rcudt1l_afJwUw,wood-dale-illinois
https://www.ubereats.com/chicago/food-delivery/dunkin-9781-w-higgins-rd/OjqeihoiR9-XnogIlcrq6A,wood-dale-illinois
https://www.ubereats.com/chicago/food-delivery/popeyes-army-trail-%26-gary/h9NUa3CJTMin0i0PaZtc0Q,wood-dale-illinois
https://www.ubereats.com/chicago/food-delivery/oak-mill-bakerydes-plaines/SqhDPP23Qn-RqNs1mFSljw,wood-dale-illinois
https://www.ubereats.com/chicago/food-delivery/pf-changs-5-woodfield-mall-space-d313/xmLrKg3zRhymw5r88Pt7zA,wood-dale-illinois
https://www.ubereats.com/chicago/food-delivery/faizaans-tasty-burgers/nMsRwAqsRaOxNqCFTXBMEw,wood-dale-illinois
https://www.ubereats.com/chicago/food-delivery/langostinos-nayarit/UjTcCrgrSVa_fbqdpDxoRw,wood-dale-illinois
https://www.ubereats.com/chicago/food-delivery/ok-burrito/o6Uq3HRDSGaM7YSmbpTBhA,wood-dale-illinois
https://www.ubereats.com/chicago/food-delivery/subway-1805-oakton-st/WPwI4_0KTtSWo4QmbdDcXQ,wood-dale-illinois
https://www.ubereats.com/chicago/food-delivery/cuisine-of-india-mt-prospect/wOS3L1u0TDKLsiIwCsJ7bQ,wood-dale-illinois
https://www.ubereats.com/chicago/food-delivery/starbucks-biesterfield-%26-wellington/q57qK7NKS2GdPtavdl-RWA,wood-dale-illinois
https://www.ubereats.com/chicago/food-delivery/carols-garden-restaurant/_oOh94DPRH-fST30ererOw,wood-dale-illinois
https://www.ubereats.com/chicago/food-delivery/v-thai/WmGAWZuHSSOKfm4bgeUQig,wood-dale-illinois
https://www.ubereats.com/chicago/food-delivery/mcdonalds-roosevelt-%26-stewart/sgzhJeCNR5-tcAo3mILuyQ,wood-dale-illinois
https://www.ubereats.com/chicago/food-delivery/burger-king-860-elmhurst-road/rIRk6tQcQ7amDFZz0F4dFQ,wood-dale-illinois
https://www.ubereats.com/chicago/food-delivery/potbelly-sandwich-shop-elk-grove-village-dt-%7C-600/FSEjHz3vRYOtpkqTBhLJBQ,wood-dale-illinois
https://www.ubereats.com/chicago/food-delivery/middleterranean/1LXwpCECTMij_0mt4GOT0A,wood-dale-illinois
https://www.ubereats.com/chicago/food-delivery/mon-ami-gabi-oak-brook-center/VQHij92TRhmRv4BsxdTcSg,wood-dale-illinois
https://www.ubereats.com/chicago/food-delivery/gordillas-addison/USxuD_0AQWiixl3Z60Ukcg,wood-dale-illinois
https://www.ubereats.com/chicago/food-delivery/labriola-cafe-oak-brook/TRdussV4RK6FPPZMwfRxrA,wood-dale-illinois
https://www.ubereats.com/chicago/food-delivery/via-arenella/OTppPUCcR0m5Bp_0aw5RQA,wood-dale-illinois
https://www.ubereats.com/chicago/food-delivery/uncle-petes-pizzeria/XaZrZaaXQfylA4q5sD-H5A,wood-dale-illinois
https://www.ubereats.com/chicago/food-delivery/fratos-culinary-kitchen/Nsoklk8XS7S4lvsmiBQWag,wood-dale-illinois
https://www.ubereats.com/chicago/food-delivery/akwa-fusion-cuisine/YAj-amn_Stqx1gGlP_gZJg,wood-dale-illinois
https://www.ubereats.com/chicago/food-delivery/antonio-ristorante/LcKAxRUfQ26bqbgAf2Tvyw,wood-dale-illinois
https://www.ubereats.com/chicago/food-delivery/dunkin-122-s-arlington-heights-rd/mjbD3O7LSw6J005xCWl-IA,wood-dale-illinois
https://www.ubereats.com/chicago/food-delivery/cool-mirchi/UJnfjsPJR5ixm4sLZVcnkw,wood-dale-illinois
https://www.ubereats.com/chicago/food-delivery/so-gong-dong-tofu-%26-bbq-schaumburg/gDSq7_-cR2qSmHe4uvd4ww,wood-dale-illinois
https://www.ubereats.com/chicago/food-delivery/the-rose-garden-cafe/_Ox8zTC3SIKDni15mfGevw,wood-dale-illinois
https://www.ubereats.com/chicago/food-delivery/la-catrina/NXy0KBC1TsiR91QTROYZ5A,wood-dale-illinois
https://www.ubereats.com/chicago/food-delivery/dairy-queen-treat-261-e-irving-park-rd/RXTVM85GTxu3GHK6zDufBQ,wood-dale-illinois
https://www.ubereats.com/chicago/food-delivery/halal-kitchen/Sk9wd9KNReSDah8ubYYNsg,wood-dale-illinois
https://www.ubereats.com/chicago/food-delivery/wing-society/sTfhvwAISqq9k0WdwEWJXA,wood-dale-illinois
https://www.ubereats.com/chicago/food-delivery/mariscos-el-amigo-3/dr7YrqgLRTGX2X8pMKYTwQ,wood-dale-illinois
https://www.ubereats.com/chicago/food-delivery/buona-lombard/-ZLrD2o8TSOvMDSQyl1d8Q,wood-dale-illinois
https://www.ubereats.com/chicago/food-delivery/kanya/q0ZwlPpITRGXrKEWe6EMDw,wood-dale-illinois
https://www.ubereats.com/chicago/food-delivery/wendys-467-georgetown-square/2lBRMTqJQPKTZRnZzuLPaw,wood-dale-illinois
https://www.ubereats.com/chicago/food-delivery/guac-n-tacos-north-ave/wzuRD2jKRpO0Qyi1MHqiZg,wood-dale-illinois
https://www.ubereats.com/chicago/food-delivery/taco-patio-hanover-park/bC6TTGmVRE2VnBeOe5hxyA,wood-dale-illinois
https://www.ubereats.com/chicago/food-delivery/de-campana-restaurant/WCyuyplhTwuSaDYc8CzIxQ,wood-dale-illinois
https://www.ubereats.com/chicago/food-delivery/sneakers-sports-bar-and-grill/F6CiiMnqR3qRZ7TcLs_8tA,wood-dale-illinois
https://www.ubereats.com/chicago/food-delivery/dunkin-1921-w-algonquin-rd/iBMwVGBQTgekKWqcz_a5sQ,wood-dale-illinois
https://www.ubereats.com/chicago/food-delivery/taqueria-azteca/GXH-uRXzQMasML8B7RebXg,wood-dale-illinois
https://www.ubereats.com/chicago/food-delivery/mcdonalds-army-trail-%26-george-bell/0C8syJB5SSaunkWi0xP-fw,wood-dale-illinois
https://www.ubereats.com/chicago/food-delivery/dunkin-33-e-lake-st/JHAd5xdyRxix2iXx0AhIVA,wood-dale-illinois
https://www.ubereats.com/chicago/food-delivery/kabab-point/4e8CH31sSvGdbtV3eOBZZQ,wood-dale-illinois
https://www.ubereats.com/chicago/food-delivery/bollywood-spices/H8TC7ekzRcCbQSRirHXJ7w,wood-dale-illinois
https://www.ubereats.com/chicago/food-delivery/dunkin-3350-kirchoff-rd/_i05uPbaQvmRdKQIIaJAEA,wood-dale-illinois
https://www.ubereats.com/chicago/food-delivery/rosatis-pizza-elmhurst/v9vr7oT3TxWOkVm2fpnuFA,wood-dale-illinois
https://www.ubereats.com/chicago/food-delivery/dunkin-1101-03-nerge-rd/RVxKe6C3RNuX0_qmhuJuyA,wood-dale-illinois
https://www.ubereats.com/chicago/food-delivery/kfc-1030-n-roselle-rd/z1IIw2j-QYuQmrr6N7tgcg,wood-dale-illinois
https://www.ubereats.com/chicago/food-delivery/mr-burrito-%231/0jFeTbxmTIiou3QlmmrvWA,wood-dale-illinois
https://www.ubereats.com/chicago/food-delivery/tgi-fridays-2671-bloomingdale-il/cV58BzXPQZa_VNrVSFPAJA,wood-dale-illinois
https://www.ubereats.com/chicago/food-delivery/chipotle-mexican-grill-7020-mannheim-rd/WkX33kfGR2KP6gllkCI3hQ,wood-dale-illinois
https://www.ubereats.com/chicago/food-delivery/la-michoacana-plus-crepes/gjfuzeOFR0m4x1Y_0qViwQ,wood-dale-illinois
https://www.ubereats.com/chicago/food-delivery/wing-zone-bensenville/JN_r_VtYSv63ZwnHpaSDMg,wood-dale-illinois
https://www.ubereats.com/chicago/food-delivery/starbucks-army-trail-%26-bloomingdale/6uUN7OQaRFu6rrcWdXsFrQ,wood-dale-illinois
https://www.ubereats.com/chicago/food-delivery/chipotle-mexican-grill-15-e-golf-rd/fcCfvHQ9QSa3Nhza1WtrvQ,wood-dale-illinois
https://www.ubereats.com/chicago/food-delivery/starbucks-mannheim-rd-%26-grand-ave/V_DJRXLyTGGspLWp1UvXVQ,wood-dale-illinois
https://www.ubereats.com/chicago/food-delivery/hey-nonny/nKnbVm2IRi2cM_nMP3vttQ,wood-dale-illinois
https://www.ubereats.com/chicago/food-delivery/chipotle-mexican-grill-139-n-york-st/0O_1TJc1SlOu_VZj-SV5dA,wood-dale-illinois
https://www.ubereats.com/chicago/food-delivery/cousins-pizza-pub/XBBnDVP8SA6lnps4MTG7fQ,wood-dale-illinois
https://www.ubereats.com/chicago/food-delivery/dairy-queen-treat-709-w-lake-st/5hAO5K-hSOuYHRappZEvAw,wood-dale-illinois
https://www.ubereats.com/chicago/food-delivery/fulla-bologna/vUj2biABSsOvLahptLZ7Qg,wood-dale-illinois
https://www.ubereats.com/chicago/food-delivery/asian-tokyo/ShysQomKSIaiX23o-HBtvQ,wood-dale-illinois
https://www.ubereats.com/chicago/food-delivery/steak-burrito/bi2ekMlkS-ORNknxOAR6xA,wood-dale-illinois
https://www.ubereats.com/chicago/food-delivery/hooters-higgins-%26-fairview/38TCYzfiSbq-OQq6x9xjtA,wood-dale-illinois
https://www.ubereats.com/chicago/food-delivery/subway-7-w-irving-park-rd/fA8e1owiQHqF3XZRpKq9Mg,wood-dale-illinois
