url,city
https://www.ubereats.com/chicago/food-delivery/dunkin-10301-central-ave/MtTKCB5rSz62391E03gydQ,worth-illinois
https://www.ubereats.com/chicago/food-delivery/cuzins-midlothian/Yc_jK_ZAQVGGTsx9Mkv6aA,worth-illinois
https://www.ubereats.com/chicago/food-delivery/capri/wmrMYjdKRF-tmcJs_E7LvQ,worth-illinois
https://www.ubereats.com/chicago/food-delivery/just-shrimp/-8-GV6F7R6W4xL8zqlMq1A,worth-illinois
https://www.ubereats.com/chicago/food-delivery/subway-95th-%26-ridgeland/7qh4DmbhSJ-k0jkESy9V6w,worth-illinois
https://www.ubereats.com/chicago/food-delivery/tasty-deli/SQdxptDLTLWBPhN5yeTPdg,worth-illinois
https://www.ubereats.com/chicago/food-delivery/kabob-q/JRxi0jOjTIS1N4YMp1pvxg,worth-illinois
https://www.ubereats.com/chicago/food-delivery/jj-fish-and-chicken-88th-ave/h9cdbLhNTsO1BGtm_WFtvg,worth-illinois
https://www.ubereats.com/chicago/food-delivery/potbelly-sandwich-shop-ford-city-mall-%7C-67/6rO9KaCtQKag7piIOKwLGw,worth-illinois
https://www.ubereats.com/chicago/food-delivery/wings-chinese-food/EllazaARS4yooC7AfUpgAQ,worth-illinois
https://www.ubereats.com/chicago/food-delivery/dennys-orland-square-%26-la-grange/MHRiKR4LRyGNyvhdDduyDQ,worth-illinois
https://www.ubereats.com/chicago/food-delivery/zarb-house/R6CgmSSQT--ND3nRgIt_-g,worth-illinois
https://www.ubereats.com/chicago/food-delivery/five-guys-il-0548-9620-s-ridgeland-ave/mMmShk9kSXyUFE20yFMg2A,worth-illinois
https://www.ubereats.com/chicago/food-delivery/smoothie-king-evergreen-park/H-IQfQ_mSyu8owBh5lmwJQ,worth-illinois
https://www.ubereats.com/chicago/food-delivery/alys-ice-cream/085gqCZXT2aUpuwqOavO4Q,worth-illinois
https://www.ubereats.com/chicago/food-delivery/ihop-cal-sag-%26-cicero/y2PHIjQQSD6wad73bIeaBg,worth-illinois
https://www.ubereats.com/chicago/food-delivery/trianos-pizza/Fo99mHw2Ti68O_iIWTIzcw,worth-illinois
https://www.ubereats.com/chicago/food-delivery/my-way-ristorante/NVdHbJemR8OGFz0WM6peww,worth-illinois
https://www.ubereats.com/chicago/food-delivery/kfc-1914-west-79th-street/ounP2nEJTkeoOcoqe55WSw,worth-illinois
https://www.ubereats.com/chicago/food-delivery/jalisco-express-restaurant-burbank/zDHflz7STHGBUa0Iyzke8Q,worth-illinois
https://www.ubereats.com/chicago/food-delivery/subway-12148-s-cicero-ave/QJCX8ql-TY64GdWI49rVcg,worth-illinois
https://www.ubereats.com/chicago/food-delivery/rudys-grill/-LjUbsR6QcG7E7rRzOeqmA,worth-illinois
https://www.ubereats.com/chicago/food-delivery/mcdonalds-95th-st-%26-i-294/pK92VGl3R32Drqy0-Ie7mg,worth-illinois
https://www.ubereats.com/chicago/food-delivery/chipotle-mexican-grill-8813-s-harlem-ave/26rErlefRESfSNA1hWCJGA,worth-illinois
https://www.ubereats.com/chicago/food-delivery/taco-bell-5611-s-la-grange-rd/O_3piasVRdOquV6giGMLvQ,worth-illinois
https://www.ubereats.com/chicago/food-delivery/tacos-n-tarka-tnt/vaU8kEFGTh-O9EKsgIT6-A,worth-illinois
https://www.ubereats.com/chicago/food-delivery/crispy-bitez/rqB5TcUFQFCX5yq71Pb1zA,worth-illinois
https://www.ubereats.com/chicago/food-delivery/new-china-express-cicero-ave/dAqM62ufQ52HwthbCUfXXw,worth-illinois
https://www.ubereats.com/chicago/food-delivery/la-isla-michoacana-ice-cream-shop/s7wAo_iXR5GUUyqF-Cn8_Q,worth-illinois
https://www.ubereats.com/chicago/food-delivery/benzinos-crab-trap-chicago/Y7DkpY5dS6yG13uDB0g_FA,worth-illinois
https://www.ubereats.com/chicago/food-delivery/burger-king-7205-archer-avenue/ZVcXGplAST2OPAHHptvFaQ,worth-illinois
https://www.ubereats.com/chicago/food-delivery/sams-triple-crown/EuSfwqD6SQOQ6YzGg9-rJQ,worth-illinois
https://www.ubereats.com/chicago/food-delivery/pops-italian-beef/3seBNET-QWGB5Nhs7Q09pQ,worth-illinois
https://www.ubereats.com/chicago/food-delivery/shish-kabob-house/OnmMtHbCQi6M2qAx5Bx--w,worth-illinois
https://www.ubereats.com/chicago/food-delivery/taco-bell-8760-w-95th-street/Rx01zh6jSFiWeIH-KvSnwg,worth-illinois
https://www.ubereats.com/chicago/food-delivery/the-crazy-crab-chicago/APOkDPlHTGmY1D2_Uknbyg,worth-illinois
https://www.ubereats.com/chicago/food-delivery/dunkin-8940-s-cicero-ave/tqIlyoO-QKW9Q7erSR4eaQ,worth-illinois
https://www.ubereats.com/chicago/food-delivery/side-street-american-tavern/uOF46N26QnSZ02ygzCkKfw,worth-illinois
https://www.ubereats.com/chicago/food-delivery/highlander-house-restaurant-%26-bar/-EcVEckpTruBnTNaApMy4g,worth-illinois
https://www.ubereats.com/chicago/food-delivery/sbarro-356-orland-square-mall-food-court/6TUj2UvRRfiZaRagqhaUig,worth-illinois
https://www.ubereats.com/chicago/food-delivery/taco-bell-9281-159th-st/bM3AiH8PTmeVP-x-iH9kgQ,worth-illinois
https://www.ubereats.com/chicago/food-delivery/blue-star-tacos/IWgXSVGNR7WNkNti4nktNA,worth-illinois
https://www.ubereats.com/chicago/food-delivery/big-joes-backyard-bbq/pM_d0huSTyKmfnQFnDDsxQ,worth-illinois
https://www.ubereats.com/chicago/food-delivery/dunkin-14632-s-cicero-ave/SAJ-zqFVQIWD5vCezIP_Jw,worth-illinois
https://www.ubereats.com/chicago/food-delivery/bella-mia-ristorante/HpoHYJmsSRaT2e7kKWnMaQ,worth-illinois
https://www.ubereats.com/chicago/food-delivery/island-vybes-jerk-bar-%26-grill/oHuQd8R2T5SB9XqQ094WIg,worth-illinois
https://www.ubereats.com/chicago/food-delivery/starbucks-159th-%26-lagrange/NxaDjfNOQhCzDjy3bCiw7Q,worth-illinois
https://www.ubereats.com/chicago/food-delivery/shrimp-house/2IfFAgJbQViwy8uxJZj4fQ,worth-illinois
https://www.ubereats.com/chicago/food-delivery/mcdonalds-pulaski-%26-67th-pl/UoczOtekRmKPYCEAgr1-nQ,worth-illinois
https://www.ubereats.com/chicago/food-delivery/rosatis-15911-76th-ave/NvlLaZvLT8yU2a3kD5z1UA,worth-illinois
https://www.ubereats.com/chicago/food-delivery/spread-pizza/YJTyY-6YSR2n3Tv8bvU9UA,worth-illinois
https://www.ubereats.com/chicago/food-delivery/frankies-ristorante/8heUX9jHT4uwWwykH40dLw,worth-illinois
https://www.ubereats.com/chicago/food-delivery/chiba-japanese/za-rCerER_6WRi_8jZ5SfQ,worth-illinois
https://www.ubereats.com/chicago/food-delivery/fullers-chicken/NuXlY3PmQ6CpP_JGiCtkJQ,worth-illinois
https://www.ubereats.com/chicago/food-delivery/mariscos-el-kora-restaurant/GjxmZEEfReubj14XtgyrKQ,worth-illinois
https://www.ubereats.com/chicago/food-delivery/waldo-cooneys-pizza-pulaski-%26-columbus/MkYW7k5vQkSpL0aLN6EhGw,worth-illinois
https://www.ubereats.com/chicago/food-delivery/wendys-13400-cicero-avenue/2XWC5TLdTPKn7_FedZRNew,worth-illinois
https://www.ubereats.com/chicago/food-delivery/mayan-palace/nnUnY4AXT6qe0URAhTdx_A,worth-illinois
https://www.ubereats.com/chicago/food-delivery/la-dona-y-la-jefa/B6MkeZjDScOmPtcE9mX_tg,worth-illinois
https://www.ubereats.com/chicago/food-delivery/los-primos-sazon/l771g_jVRVudBBeOBpCRfg,worth-illinois
https://www.ubereats.com/chicago/food-delivery/lucky-dragon/SbcGz6s_S6eRT3hm1kmJvw,worth-illinois
https://www.ubereats.com/chicago/food-delivery/mcdonalds-harlem-%26-77th-st/0jh838ToRQeREUzo-SM-fw,worth-illinois
https://www.ubereats.com/chicago/food-delivery/subway-11047-s-cicero-ave/s1ShK4LqS8OJqlRNA4DXWg,worth-illinois
https://www.ubereats.com/chicago/food-delivery/starbucks-beverly-103rd-%26-longwood/Z_4-QzGoQLaRMFFkjihzzw,worth-illinois
https://www.ubereats.com/chicago/food-delivery/cholula-mexican-grill/N5tXzrAdSSCQ5S7uDpgJSQ,worth-illinois
https://www.ubereats.com/chicago/food-delivery/salernos-pizzeria-and-sports-bar-hodgkins/D5YwWsctSjGWteD-FIIqhA,worth-illinois
https://www.ubereats.com/chicago/food-delivery/the-retro-burger/sAuYNu-GSgapjo__S2yqCw,worth-illinois
https://www.ubereats.com/chicago/food-delivery/dunkin-8723-ridgeland-ave/IfjPxutXSF6-1QXq7kVS-w,worth-illinois
https://www.ubereats.com/chicago/food-delivery/wus-house-evergreen-park/qWb8z3PATGKgTNRnyBoG8A,worth-illinois
https://www.ubereats.com/chicago/food-delivery/el-pollo-real/6qcTq70jS_WGsR2qlSHeLQ,worth-illinois
https://www.ubereats.com/chicago/food-delivery/little-something-extra/ihx_Z1LkTjiC7uGNzF35JA,worth-illinois
https://www.ubereats.com/chicago/food-delivery/fulla-mediterranean/W6ESiwCETNSPmFoS-SKKBg,worth-illinois
https://www.ubereats.com/chicago/food-delivery/francescas-on-95th/pTCx1F5NSBqNHHYlswx-Tw,worth-illinois
https://www.ubereats.com/chicago/food-delivery/dunkin-5443-w-127th-st/C-lg3iIGTbORc7e6JDwp6w,worth-illinois
https://www.ubereats.com/chicago/food-delivery/potbelly-sandwich-shop-oak-lawn-%7C-27/5cc0QU9KTpyVLEDtHNEIvg,worth-illinois
https://www.ubereats.com/chicago/food-delivery/sharks-fish-%26-chicken-87th-%26-cicero/LdVss9pyQpiY7mboHQOv3Q,worth-illinois
https://www.ubereats.com/chicago/food-delivery/lindys-chili-%26-gerties-ice-cream-87th/N2RRpDkeTtK2GPYUz_TXxw,worth-illinois
https://www.ubereats.com/chicago/food-delivery/zaky-grill/fxMVgHwQS6u63QYFNDNxxg,worth-illinois
https://www.ubereats.com/chicago/food-delivery/panda-express-119th-st-%26-i-57/gsBgvPt-RFWElHAklX5ZPA,worth-illinois
https://www.ubereats.com/chicago/food-delivery/famous-daves-15657-south-harlem-avenue/Fd3g8BNBQ92jzk4rA97gZw,worth-illinois
https://www.ubereats.com/chicago/food-delivery/mcdonalds-south-la-grange-%26-144th-pl/MqI1op_wQGG7BwWkxxmORQ,worth-illinois
https://www.ubereats.com/chicago/food-delivery/villa-rosa-pizza/ybndtVarTH23e9w9KYu1Tw,worth-illinois
https://www.ubereats.com/chicago/food-delivery/square-celt-ale-house-%26-grill/OoBWVgpZS4SHUMOYETzksA,worth-illinois
https://www.ubereats.com/chicago/food-delivery/madoris-liquor-%26-deli-inc/lo1TAHazT-ugWosSvQ6iTA,worth-illinois
https://www.ubereats.com/chicago/food-delivery/firewater-saloon-3908-w-111th-st/CNRC8tssS4qAelanGuf82Q,worth-illinois
https://www.ubereats.com/chicago/food-delivery/white-castle-12156-s-cicero-ave/smH555NWQh2TH9P7RB04XQ,worth-illinois
https://www.ubereats.com/chicago/food-delivery/outback-steakhouse-15608-harlem-avenue/e-kWyzlxS-C4YxyL9fZrAA,worth-illinois
https://www.ubereats.com/chicago/food-delivery/the-original-pancake-house-15256-s-la-grange-rd/9xYnWjO7QDSHlRP7t8_Hqw,worth-illinois
https://www.ubereats.com/chicago/food-delivery/vip-pita/gmRkZ8EdTPKBaLxoMN7pFA,worth-illinois
https://www.ubereats.com/chicago/food-delivery/2caribbean-jerk-palace-iii/qUoP0nqiRfyBfHSYyRgSKA,worth-illinois
https://www.ubereats.com/chicago/food-delivery/gum-wah-restaurant/FxkdSbIETRCimJQgt4JayA,worth-illinois
https://www.ubereats.com/chicago/food-delivery/pita-pita-mediterranean-orland-park/JZ6OYIlkSpmUxt3MO_ABxA,worth-illinois
https://www.ubereats.com/chicago/food-delivery/jersey-mikes-subs-95th-st-%26-cicero/Sx_UdoRaRsKWCaKhB7TB9Q,worth-illinois
https://www.ubereats.com/chicago/food-delivery/jalapenos-mexican-food-orland-park/s0LyN5wUQTyp309XTcql4Q,worth-illinois
https://www.ubereats.com/chicago/food-delivery/rs-jamaican-jerk/igi6WdaMSy-AWnRJRqvncw,worth-illinois
https://www.ubereats.com/chicago/food-delivery/taqueria-los-comales-harlem-%26-74th-st/EDliyTSGTpuDVlDWN4fbxQ,worth-illinois
https://www.ubereats.com/chicago/food-delivery/mcdonalds-159th-st-%26-debra/CsbcuP-sTU6fF0eBjIJkag,worth-illinois
https://www.ubereats.com/chicago/food-delivery/dennys-95th-st-%26-i-294/8-Lp7ipQTnaXxYRQbJAStg,worth-illinois
https://www.ubereats.com/chicago/food-delivery/aladdins-house-roberts-%26-94th-st/I27oLCX2Qya4B2bgC2p0-w,worth-illinois
https://www.ubereats.com/chicago/food-delivery/pepes-archer/IqKrcxMRS-av67KjBu_VJg,worth-illinois
https://www.ubereats.com/chicago/food-delivery/which-wich-superior-sandwiches-south-la-grange-%26-149th-st/iwRz7ipkRcKyPbbdnP6dOg,worth-illinois
https://www.ubereats.com/chicago/food-delivery/cacao-cafe/p2QFC-DRQUK94jAzIawliw,worth-illinois
https://www.ubereats.com/chicago/food-delivery/pops-italian-beef-orland-park-%231/NvxOHJfMToeTDF6inWcUjQ,worth-illinois
https://www.ubereats.com/chicago/food-delivery/avalon-food-%26-spirits-inc/LdvMp2UfSnOjv6DNUvwBVg,worth-illinois
https://www.ubereats.com/chicago/food-delivery/popeyes-7001-w-159th-st/HeIoDf9QSRyht_yrmzVNWg,worth-illinois
https://www.ubereats.com/chicago/food-delivery/raffertys-irish-pub/v5JL4b_JTDO4hkl0EzEfTQ,worth-illinois
https://www.ubereats.com/chicago/food-delivery/xs-%26os-sports-lounge-%26-grill-palos-heights/DwmgBQoMT1myM0bwu6WKag,worth-illinois
https://www.ubereats.com/chicago/food-delivery/mcdonalds-pulaski-%26-119th-st/y52ZINxXQ-WQ9gAK799yVw,worth-illinois
https://www.ubereats.com/chicago/food-delivery/burger-king-9532-south-roberts-road/DL5hJ5j0Sr2ENPg1-rD20w,worth-illinois
https://www.ubereats.com/chicago/food-delivery/starbucks-oak-lawn-103rd-%26-cicero/x6ziTInlTJag_hLly1VL-A,worth-illinois
https://www.ubereats.com/chicago/food-delivery/dunkin-13661-cicero-ave/z_dQO5IPR-K8p7w0b8f2jA,worth-illinois
https://www.ubereats.com/chicago/food-delivery/dakota-inn/uMfH_pz2T5qKwx52Vy-MRA,worth-illinois
https://www.ubereats.com/chicago/food-delivery/zaki-ya-sittey/wxkTbYeGQnm1pxj9Imnk6Q,worth-illinois
https://www.ubereats.com/chicago/food-delivery/village-garden-restaurant-and-cafe/oCOo_LzwQC-s_cBk51af0g,worth-illinois
https://www.ubereats.com/chicago/food-delivery/mama-ds/xLGiB5mqS32BZiEXxnbw9Q,worth-illinois
https://www.ubereats.com/chicago/food-delivery/fajitas-mexican-restaurant-crestwood/eoff1MQyRF-YQIYLVk-oCw,worth-illinois
https://www.ubereats.com/chicago/food-delivery/el-burrito-rey/c6aiX_RgTtynZbgGR_JUGg,worth-illinois
https://www.ubereats.com/chicago/food-delivery/fannie-may-ridgeland/nCAUxHbuR4iE-vOKUNfEXQ,worth-illinois
https://www.ubereats.com/chicago/food-delivery/kenootz-wings/p1ydC-z5QW6uBBzfeSqKMg,worth-illinois
https://www.ubereats.com/chicago/food-delivery/mcdonalds-79th-st-%26-lorel/kAaZ3YjoRM2GpUO29jpy6g,worth-illinois
https://www.ubereats.com/chicago/food-delivery/subway-8761-s-harlem-ave/KYI3d-bkQeW7o21i_Tecjg,worth-illinois
https://www.ubereats.com/chicago/food-delivery/pza-orland-park/eKkSHwkYRKOpJONweizyWQ,worth-illinois
https://www.ubereats.com/chicago/food-delivery/mcdonalds-western-%26-119th-st/mi0yhUKiTiKkbrllqws2UA,worth-illinois
https://www.ubereats.com/chicago/food-delivery/me-ga-carnitas/fsBMW867SzuEsr9vt3mEsQ,worth-illinois
https://www.ubereats.com/chicago/food-delivery/popeyes-13601-s-cicero-avenu/PVdRqF_XTDCg7FxOlU1hYg,worth-illinois
https://www.ubereats.com/chicago/food-delivery/bacon-%26-jam/2EkgSwiiRFGGNF9uZDDs6w,worth-illinois
https://www.ubereats.com/chicago/food-delivery/zacarellis-pizza/vzWWEuoiTgGd4kVNbhMYwA,worth-illinois
https://www.ubereats.com/chicago/food-delivery/fajitas-mexican-restaurant-countryside/xCVJb2T3QvWi6mxz0oDLWQ,worth-illinois
https://www.ubereats.com/chicago/food-delivery/pepes-tinley-park/2ACOkIDeSvKqJbeQ1a37eA,worth-illinois
https://www.ubereats.com/chicago/food-delivery/blissful-banana-cafe/nmrlqRVWQE6eG7ItlZ2W2A,worth-illinois
https://www.ubereats.com/chicago/food-delivery/wojos/N8dty8k5Q6S9iafIHF8hFQ,worth-illinois
https://www.ubereats.com/chicago/food-delivery/shibam-bridgeview/kz6DdnP9RgWvjtO3ZqW_Ng,worth-illinois
https://www.ubereats.com/chicago/food-delivery/panda-express-482-chicago-ridge-mall/OTEe9RZfQRmCJBqTD9wfAw,worth-illinois
https://www.ubereats.com/chicago/food-delivery/dunkin-11309-w-143rd-st/hSbnc0SHQiCYUKiqBpRK4Q,worth-illinois
https://www.ubereats.com/chicago/food-delivery/popeyes-harlem-%26-cambridge/cPxI_C2aRWiMpcFuGMCQ5w,worth-illinois
https://www.ubereats.com/chicago/food-delivery/the-pit-rib-house/TuWpECF1T1eqNpYdYlbxzw,worth-illinois
https://www.ubereats.com/chicago/food-delivery/south-china-kitchen-ii/j7_rm0xhRwqNX0_UEqWUPg,worth-illinois
https://www.ubereats.com/chicago/food-delivery/subway-8755-w-79th-st/MhULnqDnSP6zkS-Z4sxCJQ,worth-illinois
https://www.ubereats.com/chicago/food-delivery/taqueria-el-potrero/b_gkmSqxT7GNY8UgoTeIOg,worth-illinois
https://www.ubereats.com/chicago/food-delivery/pops-italian-beef-of-kedzie/C7_DkMZWQoqx1srjORnlsQ,worth-illinois
https://www.ubereats.com/chicago/food-delivery/panda-express-31-orland-square-dr/tiFDt3XqSomyWHS9lQcXLw,worth-illinois
https://www.ubereats.com/chicago/food-delivery/rafas-chicken/jNW0w0B5Sba2iRcvEk-Gig,worth-illinois
https://www.ubereats.com/chicago/food-delivery/burger-king-12010-s-pulaski-rd/_iCVsnj4SiqObWvkAOss3g,worth-illinois
https://www.ubereats.com/chicago/food-delivery/the-original-pancake-house-5140-159th-st/ROZzzrRxRMe8oSLEqzq74A,worth-illinois
https://www.ubereats.com/chicago/food-delivery/dunkin-6707-w-111th-st/yVNDVCS2TKq1jLfCmMThoQ,worth-illinois
https://www.ubereats.com/chicago/food-delivery/dunkin-14631-pulaski-rd/4uRhp_hRSJepREIpVgGOiA,worth-illinois
https://www.ubereats.com/chicago/food-delivery/beggars-pizza-cicero-%26-archer/Z3w8vJvbQ661hdH6zckn4A,worth-illinois
https://www.ubereats.com/chicago/food-delivery/mcdonalds-pulaski-%26-146th-st/7Mk_lWLGT3S47OUBEb6bZA,worth-illinois
https://www.ubereats.com/chicago/food-delivery/wendys-7360-west-159th-street/WhK1fYiqQcea2zR9hhW0YQ,worth-illinois
https://www.ubereats.com/chicago/food-delivery/tgi-fridays-2678-oak-lawn-il/dTPc2tvZT2KAaIVU43zeog,worth-illinois
https://www.ubereats.com/chicago/food-delivery/steak-n-shake-16110-harlem-ave/TNysSGk6RzmZAZ517l1L5A,worth-illinois
https://www.ubereats.com/chicago/food-delivery/taco-bell-13745-s-cicero/3LF9CznuSdusIN3lS7vTzA,worth-illinois
https://www.ubereats.com/chicago/food-delivery/dennys-cicero-%26-92nd-st/WRSvhGxtT4-nWzYnDwdyiA,worth-illinois
https://www.ubereats.com/chicago/food-delivery/subway-95th-%26-turner/VtHZUdtSR8iOF-sbgxcOfg,worth-illinois
https://www.ubereats.com/chicago/food-delivery/sals-philly-steaks-hickory-hills/oRxgWPahSx2qhpJySfGHlw,worth-illinois
https://www.ubereats.com/chicago/food-delivery/la-michoacana/Pg8hZpDdRneq46Q6htCWJg,worth-illinois
https://www.ubereats.com/chicago/food-delivery/kings-chop-suey/hUJbMbVaR4e9XddM6UtQmg,worth-illinois
https://www.ubereats.com/chicago/food-delivery/deuces-sports-bar-%26-grill/KaQMz3EWTE-T1zM81K60pw,worth-illinois
https://www.ubereats.com/chicago/food-delivery/red-robin-744-103-chicago-ridge-mall/Cb8l7lMNR5uu56GSq7Gtnw,worth-illinois
https://www.ubereats.com/chicago/food-delivery/la-michoacana-azteca-%232/aLwP2LpZTOOg2BS74ZhGcw,worth-illinois
https://www.ubereats.com/chicago/food-delivery/panda-express-7140-west-159th-st/RNOgBy31RA-NIWehiaFD_w,worth-illinois
https://www.ubereats.com/chicago/food-delivery/texas-de-brazil-orland-park/3fpFb5-RR6mpv5jMSEmBVQ,worth-illinois
https://www.ubereats.com/chicago/food-delivery/ihop-14860-s-lagrange-rd/WEP_xHg8SvyK33O0xUOArg,worth-illinois
https://www.ubereats.com/chicago/food-delivery/uncle-julios-fine-mexican-food-orland-park/pyxPGTWuQJGTxJnqsdC22w,worth-illinois
https://www.ubereats.com/chicago/food-delivery/stunods-pizzeria/MsdPV_pzQpii8fJAtMabZg,worth-illinois
https://www.ubereats.com/chicago/food-delivery/phillys-original/5siiWp20RHmG7NJrVRcZgA,worth-illinois
https://www.ubereats.com/chicago/food-delivery/agave-tacos-tequila-mezcal/VnwhyTOdRP-qUz71-u3kbw,worth-illinois
https://www.ubereats.com/chicago/food-delivery/barracos-pizzeria-mount-greenwood/0Iebub8gTU2-hB84Foafrg,worth-illinois
https://www.ubereats.com/chicago/food-delivery/portillos-hot-dogs-4020-w-95th-st/f1aerruHSQWqbvo4q9bVCw,worth-illinois
https://www.ubereats.com/chicago/food-delivery/white-castle-9501-s-cicero-ave/2NeBxwcVTTmKMFnW8p-FBg,worth-illinois
https://www.ubereats.com/chicago/food-delivery/sharks-fish-%26-chicken-harlem/Anx_YdHPRiiU_dCwXwI1iA,worth-illinois
https://www.ubereats.com/chicago/food-delivery/dunkin-9601-s-pulaski-rd/oZgGlP3wTtyjfklKpRSmqQ,worth-illinois
https://www.ubereats.com/chicago/food-delivery/great-american-bagel/dzO2JaNgR1imfQTZy80_ew,worth-illinois
https://www.ubereats.com/chicago/food-delivery/wing-squad-orland-park/lsVNlO2oTBqnkegyFrk6VQ,worth-illinois
https://www.ubereats.com/chicago/food-delivery/kfc-5301-west-159th-street/Og13P4XkQDuVHv1NnUVhZA,worth-illinois
https://www.ubereats.com/chicago/food-delivery/buca-di-beppo-orland-park/PKONRYrkRcSDacLhoTBFVQ,worth-illinois
https://www.ubereats.com/chicago/food-delivery/next-mex/YRrPZ6x3Rm-m_xIIznj-FA,worth-illinois
https://www.ubereats.com/chicago/food-delivery/br-bar-dining-and-dancing/izbWGCVdTrG8-MOgeVmIpA,worth-illinois
https://www.ubereats.com/chicago/food-delivery/top-view-restaurant/ysw17LsMSLmb6BGca9bxGw,worth-illinois
https://www.ubereats.com/chicago/food-delivery/el-chaparro-mexican-food/sEXpIfD1Qb-6-hQ81T4MAw,worth-illinois
https://www.ubereats.com/chicago/food-delivery/wok-n-fire/QykBeLtlRtGjLwHdnM0CcA,worth-illinois
https://www.ubereats.com/chicago/food-delivery/nickys-family-restaurant-and-pancake-house/mR44it6xQkCDaC9EbKQ7UA,worth-illinois
https://www.ubereats.com/chicago/food-delivery/durbins-palos-hills/_lfpL4QjTsuqcnin5TLkww,worth-illinois
https://www.ubereats.com/chicago/food-delivery/mod-pizza-evergreen-park/ofMKFYVUTOCTUzyQ55ogFA,worth-illinois
https://www.ubereats.com/chicago/food-delivery/m-%26-m-food-and-beverage/ylh_FY8dRACmauapLy1f7Q,worth-illinois
https://www.ubereats.com/chicago/food-delivery/mcdonalds-127th-st-%26-ashland/Rj6-WG3wS4eT4OrBrgyqYQ,worth-illinois
https://www.ubereats.com/chicago/food-delivery/waldo-cooneys-pizza-worth/yJzA9RAESEKrJlAjcIBQyw,worth-illinois
https://www.ubereats.com/chicago/food-delivery/gyro-grill/dg_BNrpJS96ObqRIpSTrOw,worth-illinois
https://www.ubereats.com/chicago/food-delivery/potbelly-sandwich-shop-tinley-park-%7C-213/a_G3EjV-TCaAJDL1nrTlRA,worth-illinois
https://www.ubereats.com/chicago/food-delivery/7405-bonefish-grill-15537-s-lagrange-road/OE5Zrk7sSJWES6nYBoi8Pw,worth-illinois
https://www.ubereats.com/chicago/food-delivery/chipotle-mexican-grill-6230-w-95th-st-ste-b/nKNjRHXYRNOAUeRRD9D4Lw,worth-illinois
https://www.ubereats.com/chicago/food-delivery/dunkin-1465-w-95th-st/oIzzs4ZeRCS7ikSxcuRogQ,worth-illinois
https://www.ubereats.com/chicago/food-delivery/gilhooleys-grande-saloon/h0qOqKYSS7iDd-uLogMlLg,worth-illinois
https://www.ubereats.com/chicago/food-delivery/las-cerezas/XSM2xaZhTAawzg3rOxVkOw,worth-illinois
https://www.ubereats.com/chicago/food-delivery/pueblito/WeVLouhRQou0gUyGrKOmLw,worth-illinois
https://www.ubereats.com/chicago/food-delivery/mcdonalds-95th-st-%26-charles/-LW31Ld7S-Oc8yo6Zsv5tw,worth-illinois
https://www.ubereats.com/chicago/food-delivery/mcdonalds-pulaski-%26-84th-st/42UW8dZBQqmDxu6VsZ1eVQ,worth-illinois
https://www.ubereats.com/chicago/food-delivery/chipotle-mexican-grill-15240-s-la-grange-rd/ep6BlH33QvecOfFf9RuQXQ,worth-illinois
https://www.ubereats.com/chicago/food-delivery/pasquallys-pizza-%26-wings-16090-s-harlem-ave/yN02NOVOQievuV1nMG_7ew,worth-illinois
https://www.ubereats.com/chicago/food-delivery/chipotle-mexican-grill-14116-s-bell-rd/WsJR5DdrT1KmEwcUOmmiyw,worth-illinois
https://www.ubereats.com/chicago/food-delivery/las-picosas-grill-burbank/P9Cozn17SHWn9vOhUuTH0w,worth-illinois
https://www.ubereats.com/chicago/food-delivery/mcdonalds-sw-%26-111th-st/eoOaAKeHQCqEJH0n-8ptIA,worth-illinois
https://www.ubereats.com/chicago/food-delivery/jens-guesthouse/cxqnxn8zRFqs6Eu92ylDxw,worth-illinois
https://www.ubereats.com/chicago/food-delivery/cold-stone-creamery-5120-w-95th-st/qh9JP1cMTAqmwbw3nmuo7w,worth-illinois
https://www.ubereats.com/chicago/food-delivery/arbys-15765-south-harlem-avenue/GTBqdT14TAWCxQ0pGCLK0A,worth-illinois
https://www.ubereats.com/chicago/food-delivery/randis-deli/4MCN-GShQeOwHRa4qfK7bg,worth-illinois
https://www.ubereats.com/chicago/food-delivery/lucky-burrito/jB-t4GhaTxSl15iAL7B74g,worth-illinois
https://www.ubereats.com/chicago/food-delivery/mr-submarine-159th-st-%26-lorel/bzRNhin3Rm6UziU44umCYg,worth-illinois
https://www.ubereats.com/chicago/food-delivery/berger-station/DsrzJwp_QHKOpF7YQNxEWA,worth-illinois
https://www.ubereats.com/chicago/food-delivery/fajitas-mexican-restaurant-palos-hills/FkTO3VWNT9Sfi_OYHh7kBw,worth-illinois
https://www.ubereats.com/chicago/food-delivery/la-michoacana-azteca-%233/BibqrOrORm62VaZIgg_b0g,worth-illinois
https://www.ubereats.com/chicago/food-delivery/boston-market-9267-s-cicero-ave/VZNGzA2oQ_G0I5jK__wYBg,worth-illinois
https://www.ubereats.com/chicago/food-delivery/kens-restaurant/49dgnVakRl63VcILItpQAA,worth-illinois
https://www.ubereats.com/chicago/food-delivery/oozie-corner/RPo2qm99S2CeLgeBsPsLlg,worth-illinois
https://www.ubereats.com/chicago/food-delivery/noodles-%26-company-15915-s-harlem-ave/hn18ecJTSTmrDeSbkTtYlQ,worth-illinois
https://www.ubereats.com/chicago/food-delivery/dunkin-4028-w-127th-st/FTv4jmhJRkGLxJ6_Xy7i-A,worth-illinois
https://www.ubereats.com/chicago/food-delivery/gorditas-la-tia/4MrOrNeVQIeJpKOT2Cd1OQ,worth-illinois
https://www.ubereats.com/chicago/food-delivery/subway-w-87th/oXO0fiwdRnikolfVFgVjZg,worth-illinois
https://www.ubereats.com/chicago/food-delivery/dunkin-10340-s-harlem-ave/ocjbtS_STuyaK92zuzNbgQ,worth-illinois
https://www.ubereats.com/chicago/food-delivery/ice-cream-shop-by-slice-factory/m2x_Ya7FQgaRib-sDbuwRQ,worth-illinois
https://www.ubereats.com/chicago/food-delivery/cheers-live-music-resturant-%26-venue/O9ZtVrzOS66dKyVi66AJIw,worth-illinois
https://www.ubereats.com/chicago/food-delivery/pepes-chicago-ridge/OhnKD7f9RP6WgJIDElndNw,worth-illinois
https://www.ubereats.com/chicago/food-delivery/sharks-fish-%26-chicken-paulina/gtMgFJB7Q-WOrYtEcaPDlQ,worth-illinois
https://www.ubereats.com/chicago/food-delivery/el-gallo-tapatio-4/Uk9H9W_lRRKSnrQlFNnYFA,worth-illinois
https://www.ubereats.com/chicago/food-delivery/palmers-burger-bar/GtwmzsScTVakw09_SxL4YA,worth-illinois
https://www.ubereats.com/chicago/food-delivery/zorbas-gyros/zfRWQPmvR-eYGSGUftjYwQ,worth-illinois
https://www.ubereats.com/chicago/food-delivery/taco-burrito-king-south-harlem/Atrtvy62SpKkhKmjs44skA,worth-illinois
https://www.ubereats.com/chicago/food-delivery/the-seafood-company/_q-QU98YS6efkd5PrSBnWQ,worth-illinois
https://www.ubereats.com/chicago/food-delivery/sweet-honey-tea/C6izWKSEREuH8IpdgoRP-w,worth-illinois
https://www.ubereats.com/chicago/food-delivery/sharks-fish-%26-chicken-119th/BjhHkGHsRoagae03UPvpnQ,worth-illinois
https://www.ubereats.com/chicago/food-delivery/kfc-14559-s-pulaski-road/cYWGyZg2SmOVvfAVswOy5g,worth-illinois
https://www.ubereats.com/chicago/food-delivery/sharks-fish-chicken-%26-grill/xwTmOw-LSI2l4cNlJYcefA,worth-illinois
https://www.ubereats.com/chicago/food-delivery/dans-soul-food-%26-cafe/d6pyFL-nTMuAw2QT7RQWDA,worth-illinois
https://www.ubereats.com/chicago/food-delivery/dunkin-15615-s-harlem-ave/a-pciLspThuC_23QBK4veg,worth-illinois
https://www.ubereats.com/chicago/food-delivery/spicy-thai-lao/olyQBm2tSoW6pj_oUzNRHQ,worth-illinois
https://www.ubereats.com/chicago/food-delivery/burger-king-10257-south-harlem/OknkOoLmTfKtJcyG0nLpaA,worth-illinois
https://www.ubereats.com/chicago/food-delivery/hooters-la-grange-%26-153rd-st/nESK8VTXTmGm6AI-wlqyTQ,worth-illinois
https://www.ubereats.com/chicago/food-delivery/corner-bakery-cafe-9621-s-cicero-ave/EtZF-D9-QNq8ylUT-klUgw,worth-illinois
https://www.ubereats.com/chicago/food-delivery/el-patron-mexican-restaurant/VAHAl5VxQhKUb1IxRqsjow,worth-illinois
https://www.ubereats.com/chicago/food-delivery/i-57-rib-house/ZUVUfmiNSdOL5clBuMM6PQ,worth-illinois
https://www.ubereats.com/chicago/food-delivery/jeans-cafe-%26-restaurant/_KL6DwO6Then6YFknjI6ig,worth-illinois
https://www.ubereats.com/chicago/food-delivery/shibam-w-90th/kZUekc6GQ8evOlcM4wQA7A,worth-illinois
https://www.ubereats.com/chicago/food-delivery/jersey-mikes-subs-la-grange-%26-156th-st/1w4_ltezStilSO-1pnok1Q,worth-illinois
https://www.ubereats.com/chicago/food-delivery/barracos-pizzeria-crestwood/VfikY28XSL63jsx7qZd0dQ,worth-illinois
https://www.ubereats.com/chicago/food-delivery/emilios-pizza/j4xjwkFLQSKcT39P14WTIQ,worth-illinois
https://www.ubereats.com/chicago/food-delivery/jjs-fish-and-chicken-evergreen-park/zQfRGyfyS22IfnDnXshvrw,worth-illinois
https://www.ubereats.com/chicago/food-delivery/pops-italian-beef-orland-park-%232/i0r0GaQxTnSuqXrsuhhd6Q,worth-illinois
https://www.ubereats.com/chicago/food-delivery/mariscos-la-sirena/l8FA3UZtTLOSZrc9IvEGZQ,worth-illinois
https://www.ubereats.com/chicago/food-delivery/peppos-great-sub-sandwiches/OQ-CFKw8SVe7wF33nKG3WQ,worth-illinois
https://www.ubereats.com/chicago/food-delivery/rosatis-of-tinley-park/1Z5nOaLLTT6X-7zDkLLxOg,worth-illinois
https://www.ubereats.com/chicago/food-delivery/millers-ale-house-chicago-ridge/FWTXQvOjQaSPvBum7mUEWw,worth-illinois
https://www.ubereats.com/chicago/food-delivery/hooters-cicero-%26-92nd-st/H7Suskn0TEuvGbszSPesBQ,worth-illinois
https://www.ubereats.com/chicago/food-delivery/chipotle-mexican-grill-15980-harlem-ave/z9NldtC9QVuP7Zk4pjkXsA,worth-illinois
https://www.ubereats.com/chicago/food-delivery/mcalisters-deli-14309-south-lagrange-road/2F-sGFHpTkyI50q1Qdg8GQ,worth-illinois
https://www.ubereats.com/chicago/food-delivery/restaurante-tenochtitlan/R8BCiwq6RnuYFQmq57Ru9A,worth-illinois
https://www.ubereats.com/chicago/food-delivery/jersey-mikes-subs-harlem-%26-127th-st/D8Cq17WXTcGZxL56Ua4NJA,worth-illinois
https://www.ubereats.com/chicago/food-delivery/dunkin-%26-baskin-robbins-7847-w-95th-st/qFgrAko3TcOruJTTG6Qmeg,worth-illinois
https://www.ubereats.com/chicago/food-delivery/del-carmen-restaurant-87th-st-%26-harlem/OsYfwvolSSOvJ8VfWZdEkw,worth-illinois
https://www.ubereats.com/chicago/food-delivery/the-original-papa-joes/H_t9hp0ITOuPCImrY53p6w,worth-illinois
https://www.ubereats.com/chicago/food-delivery/subway-pulaski-%26-65th-st/-aZidyYrSNuLr1n2U2p76A,worth-illinois
https://www.ubereats.com/chicago/food-delivery/the-halal-slice/8shjqRmGRCauBBFdYZqKGA,worth-illinois
https://www.ubereats.com/chicago/food-delivery/subway-10270-s-harlem-ave/Se88D8U5Sr2LMDTdSjL-nA,worth-illinois
https://www.ubereats.com/chicago/food-delivery/fuego-caliente/aLeSjoJWS5Ko0BRfAWxSVQ,worth-illinois
https://www.ubereats.com/chicago/food-delivery/mcdonalds-kedzie-%26-103rd-st/Tizmx2XsSBS-JG7Bi3ibSA,worth-illinois
https://www.ubereats.com/chicago/food-delivery/chipotle-mexican-grill-11018-s-cicero-ave/lYttkn6rSJmQHc6WYHTGSg,worth-illinois
https://www.ubereats.com/chicago/food-delivery/schoops-hamburgers-orland-park/Bvg9aZ7OTfCo6VLu1y9miA,worth-illinois
https://www.ubereats.com/chicago/food-delivery/papa-johns-pizza-burbank/-DL9jqR-QbOfVpwIT2RUoA,worth-illinois
https://www.ubereats.com/chicago/food-delivery/pepes-homer-glen/fHjErzYFRcKwqVQWTsr_tQ,worth-illinois
https://www.ubereats.com/chicago/food-delivery/sbarro-516-chicago-ridge-mall/WsRmlvqRRiW0maft2L8iyQ,worth-illinois
https://www.ubereats.com/chicago/food-delivery/dunkin-7949-w-79th-st/k-NVMlCRTuiaYJFGCIRrng,worth-illinois
https://www.ubereats.com/chicago/food-delivery/red-snapper-fish-and-chicken-kedzie-%26-87th-st/EjR8c1YVRGmrvPHkYJn8ng,worth-illinois
https://www.ubereats.com/chicago/food-delivery/harolds-chicken-15/O7Ek_b-ARkWa5sSsHO4Jrw,worth-illinois
https://www.ubereats.com/chicago/food-delivery/skillet-house-burgers/6VFsr3ZTTiiow8ElPoiVvA,worth-illinois
https://www.ubereats.com/chicago/food-delivery/krispy-kreme-western-%26-91st-st/msxwpWoHTWiwi7p73v6l6Q,worth-illinois
https://www.ubereats.com/chicago/food-delivery/taco-bell-6631-south-cicero/pOpT6esVQdC-KwGLsgFk7A,worth-illinois
https://www.ubereats.com/chicago/food-delivery/the-white-sheep/dziLgvpsQeOeJhNKyLGjyA,worth-illinois
https://www.ubereats.com/chicago/food-delivery/rockin-horse-saloon-%26-grill/iWnTF80SSWmnVezrAjqn7g,worth-illinois
https://www.ubereats.com/chicago/food-delivery/white-castle-7900-s-harlem/6N8XbWilSWGUe8Zcm7EnQA,worth-illinois
https://www.ubereats.com/chicago/food-delivery/red-lobster-9500-southwest-highway/U4h4SG57TdSrBp6lENhSpA,worth-illinois
https://www.ubereats.com/chicago/food-delivery/sals-phillys/QjDSVCKCRPCXjYSWI8zcDg,worth-illinois
https://www.ubereats.com/chicago/food-delivery/dunkin-3101-w-147th-st/3FLYUkSvTGe-TcPjX_L4Pw,worth-illinois
https://www.ubereats.com/chicago/food-delivery/pepes-cicero/g7ly2lPLRoGLaXxYKnJnFw,worth-illinois
https://www.ubereats.com/chicago/food-delivery/mcdonalds-cicero-%26-137th-st/bmvjY5gvRDCOCZ5VoYbg_A,worth-illinois
https://www.ubereats.com/chicago/food-delivery/tgi-fridays-5420-w-95th-st/xF5CpBzKTu2_mpRp2-V4lw,worth-illinois
https://www.ubereats.com/chicago/food-delivery/go-wings/v2YC7mGzRhGCt2F-6Zh5KA,worth-illinois
https://www.ubereats.com/chicago/food-delivery/subway-13158-s-cicero-ave/DaxR9GhkS3ShgjR2Ryq-ew,worth-illinois
https://www.ubereats.com/chicago/food-delivery/henrys-tacos/Y42LU-FFTryGnvw5wkvJdw,worth-illinois
https://www.ubereats.com/chicago/food-delivery/pollo-locuas-restaurant/snEnfwBnQTuCBgR9-qcGUg,worth-illinois
https://www.ubereats.com/chicago/food-delivery/tgi-fridays-2676-orland-park-il/2PYa2f9uSSeeoofcsV4gnw,worth-illinois
https://www.ubereats.com/chicago/food-delivery/subway-14657-s-lagrange-rd/7POapRNdTAiMOpYgXBsBMQ,worth-illinois
https://www.ubereats.com/chicago/food-delivery/dunkin-3977-w-columbus-ave/FqDTD8zzTa-ZDkWcMPpw3A,worth-illinois
https://www.ubereats.com/chicago/food-delivery/kfc-10428-south-cicero/uIakNaUvQJ6bGS1kuWqh0A,worth-illinois
https://www.ubereats.com/chicago/food-delivery/sharks-fish-and-chicken-159th/WqjZSuXWR_GnnYlwKtc-jg,worth-illinois
https://www.ubereats.com/chicago/food-delivery/kama-bistro/z4d-sN_6SiepFvpCGA2lhw,worth-illinois
https://www.ubereats.com/chicago/food-delivery/wild-monk/8Lal3qAZS8evoQFOB90F1A,worth-illinois
https://www.ubereats.com/chicago/food-delivery/taco-bell-6944-archer/YgE3lB_STRy7NKE0mmyAlQ,worth-illinois
https://www.ubereats.com/chicago/food-delivery/hamburgini/ult10jSrQH60Mv0bsdHOEQ,worth-illinois
https://www.ubereats.com/chicago/food-delivery/barones-pizza/rrqOPJ47S5C8hMQ0q799Ew,worth-illinois
https://www.ubereats.com/chicago/food-delivery/five-guys-il-0515-15837-s-lagrange-rd/nAg3S3FmT8ax2MCbi4oNtw,worth-illinois
https://www.ubereats.com/chicago/food-delivery/mcdash/dr52X97lTKy4iuEgtXzNAQ,worth-illinois
https://www.ubereats.com/chicago/food-delivery/wingstop-2831-w-95th-st/c7m4UXVlTSap73QpprJ_sA,worth-illinois
https://www.ubereats.com/chicago/food-delivery/burger-king-6350-south-cicero-avenue/GOLB70mET36z2JK1KzMeYw,worth-illinois
https://www.ubereats.com/chicago/food-delivery/dunkin-12807-s-harlem-ave/IvO5Tzn-Qma8P8ECjALkgQ,worth-illinois
https://www.ubereats.com/chicago/food-delivery/starbucks-159th-%26-cicero/K0mLWHPDSOatV-bcZAoohg,worth-illinois
https://www.ubereats.com/chicago/food-delivery/slice-factory-pulaski-%26-96th-st/NtZTkqyPRN6xNI5ZBOZZhQ,worth-illinois
https://www.ubereats.com/chicago/food-delivery/dunkin-3332-w-95th-st/pMnp_DaCR8amewTef7_fYg,worth-illinois
https://www.ubereats.com/chicago/food-delivery/ward-mediterranean-grill/LaTNEm_0QIqrAvelHEgUpQ,worth-illinois
https://www.ubereats.com/chicago/food-delivery/francescas-vicinato/oxONaQnzToKSXW0W4guHuQ,worth-illinois
https://www.ubereats.com/chicago/food-delivery/q-sazon-mexican-restaurant/hIXizaGvTI-xqPGPrroxcg,worth-illinois
https://www.ubereats.com/chicago/food-delivery/gloria-jeans-coffees/-4M5mGVQQ2qNzBMxEmzzpw,worth-illinois
https://www.ubereats.com/chicago/food-delivery/dunkin-8049-s-harlem-ave/BJux7ofGTd-dC85MSUzPjQ,worth-illinois
https://www.ubereats.com/chicago/food-delivery/pita-land/ubbRwOFhTd2fRrz4wo4eqA,worth-illinois
https://www.ubereats.com/chicago/food-delivery/burgerim-6762-w-95th-st/QqBdQ0JcR3eNJs1GTW5GPg,worth-illinois
https://www.ubereats.com/chicago/food-delivery/kenootz-pizza/cxG-pYv2RGO8j6nJkV0JdA,worth-illinois
https://www.ubereats.com/chicago/food-delivery/dunkin-9400-joliet-rd/x5_A4uUUS9SdJmC_FVeGGQ,worth-illinois
https://www.ubereats.com/chicago/food-delivery/bakers-square-15711-south-harlem-avenue/MHX3lLuXTUehKPHkeuUkXA,worth-illinois
https://www.ubereats.com/chicago/food-delivery/gematos-woodpit-bbq-worth/0gMmX_3-S8qPC77wkZuaMA,worth-illinois
https://www.ubereats.com/chicago/food-delivery/shawerma-house/Bj6UuXeVRYimPB8KqYMSRA,worth-illinois
https://www.ubereats.com/chicago/food-delivery/mcdonalds-archer-%26-rutherford/BKQBneUiTLua4Ks8gHlCxw,worth-illinois
https://www.ubereats.com/chicago/food-delivery/blue-star-taqueria-and-margarita-bar/eOofjiQVSIangwAmjHxUJw,worth-illinois
https://www.ubereats.com/chicago/food-delivery/chucks-bbq/_zkT_HswQiegqUueC906KQ,worth-illinois
https://www.ubereats.com/chicago/food-delivery/starbucks-oak-lawn-95th-st-metra/eCnRQueURluieyZS7q4Qbw,worth-illinois
https://www.ubereats.com/chicago/food-delivery/subway-10319-s-pulaski/5Ba0gZg2Rn-txgMt9VMe4Q,worth-illinois
https://www.ubereats.com/chicago/food-delivery/dougs-dogs/O1muod8SSA-T04QQv09UGg,worth-illinois
https://www.ubereats.com/chicago/food-delivery/rico-rinos-pizza/4ySKdHbmSBWTARIpK7oP2w,worth-illinois
https://www.ubereats.com/chicago/food-delivery/greece-philly-gyro-%26-beef/TqzzKFQFTme_-d6qPNVwhQ,worth-illinois
https://www.ubereats.com/chicago/food-delivery/popeyes-kedzie-%26-103rd-st/U5bcFVeLR8ykZoiOPd_cuQ,worth-illinois
https://www.ubereats.com/chicago/food-delivery/selmas-sweets/_MBIr0SlRMmcLs2FghtowQ,worth-illinois
https://www.ubereats.com/chicago/food-delivery/brooklyn-halal-grilled-chicken-and-pizza/Uvic7S8TSWmJ07yoOra_hQ,worth-illinois
https://www.ubereats.com/chicago/food-delivery/nickys-the-real-mccoy-115th-and-pulaski/hUymRzeaS5qJq9DZaMAtog,worth-illinois
https://www.ubereats.com/chicago/food-delivery/ritas-italian-ice-4841-w-79th-st/d7xlAKdyThmwq6Q7B0LTiA,worth-illinois
https://www.ubereats.com/chicago/food-delivery/fatties-pub/AfAlx0rQRJy5BSeBqgJclQ,worth-illinois
https://www.ubereats.com/chicago/food-delivery/premier-fire-%26-grill/EkDI8nzfThquTPHAyPawXg,worth-illinois
https://www.ubereats.com/chicago/food-delivery/starbucks-crestwood-commons/GkiwQQxlSBimWsV383Bwow,worth-illinois
https://www.ubereats.com/chicago/food-delivery/subway-14704-s-cicero-ave/dPqhVQc5QuegVPcjukJZ2w,worth-illinois
https://www.ubereats.com/chicago/food-delivery/tavern-in-the-green/1bccqCpdQcKZtzmfNBPDDA,worth-illinois
https://www.ubereats.com/chicago/food-delivery/salinas-pasta-%26-pizza/j64MQtTcTouthRv_ptdSvA,worth-illinois
https://www.ubereats.com/chicago/food-delivery/blaze-pizza-harlem-%26-159th-st/hveKO6HFQtWcz6xEETagVQ,worth-illinois
https://www.ubereats.com/chicago/food-delivery/maple-n-jams-cafe/cc7lbt44RNq4dzRmVI3GjQ,worth-illinois
https://www.ubereats.com/chicago/food-delivery/shark-market-inc/nlArG5ACTBOQEV4sjtKucw,worth-illinois
https://www.ubereats.com/chicago/food-delivery/fresh-catch-fish-and-seafood/zOBBoKq7Q3yt9dhIN_lIvA,worth-illinois
https://www.ubereats.com/chicago/food-delivery/franciscos-pepes-salad-bar-chicago-ridge/gMzO-HSoRLe1xayR2aaxkw,worth-illinois
https://www.ubereats.com/chicago/food-delivery/casa-margarita-orland-park/-40wHYuGTU64yvN04I_u-Q,worth-illinois
https://www.ubereats.com/chicago/food-delivery/five-guys-il-0564-15840-south-harlem-ave/NRUUbpSqTKKOKPmd5VEh1w,worth-illinois
https://www.ubereats.com/chicago/food-delivery/taqueria-ochoas/H_NNxpmxQOaCp3K9iXIPow,worth-illinois
https://www.ubereats.com/chicago/food-delivery/115-bourbon-street/hbUrk8vRR66ZpIz8OioI9g,worth-illinois
https://www.ubereats.com/chicago/food-delivery/plutos-beef-%26-hot-dogs/6VqIEoQXRNS8KbKpAAPG7w,worth-illinois
https://www.ubereats.com/chicago/food-delivery/la-fiesta-bakery/vGa6Ds6cQ6qHRemrjDs6eA,worth-illinois
https://www.ubereats.com/chicago/food-delivery/browns-chicken-oak-lawn/0_qvfNKFRH2vMsRWmFhyyw,worth-illinois
https://www.ubereats.com/chicago/food-delivery/wingstop-7953-s-cicero-ave/rI4brAqgRR2xtYzk80AcUg,worth-illinois
https://www.ubereats.com/chicago/food-delivery/mickeys-gyros/eZLbTSRCSkiyR1bRXHHE9g,worth-illinois
https://www.ubereats.com/chicago/food-delivery/jerk-n-go-chicago/3Lz_ypw8RIm3LMOwoXXCdQ,worth-illinois
https://www.ubereats.com/chicago/food-delivery/south-side-social/24uDQTfaToeGMasdJNQLNw,worth-illinois
https://www.ubereats.com/chicago/food-delivery/the-crossing-bar-%26-grill-worth/Fr9QG4GbSJywKtPgvTNb3g,worth-illinois
https://www.ubereats.com/chicago/food-delivery/wingstop-13211-s-cicero-ave/HXk2mnRQSSyMAmPUbYTdUg,worth-illinois
https://www.ubereats.com/chicago/food-delivery/roma-cafe/1eqVUsNISBimeAnOoB5g1A,worth-illinois
https://www.ubereats.com/chicago/food-delivery/tradycja-polish-fusion-cuisine/0W7RGTgcQ4-NLomSFKlXuA,worth-illinois
https://www.ubereats.com/chicago/food-delivery/kazy-grill/xsynIouQRW2hkC558JgxAA,worth-illinois
https://www.ubereats.com/chicago/food-delivery/flapjacks/LGm2sJiaT1aw9DaSKhlMTw,worth-illinois
https://www.ubereats.com/chicago/food-delivery/public-house-on-cicero/W0PvYhJQQ0-qaA6UbYWiwA,worth-illinois
https://www.ubereats.com/chicago/food-delivery/durbins-burbank/zr_N0bvCRSO37SPAEHGTyg,worth-illinois
https://www.ubereats.com/chicago/food-delivery/panda-express-95th-st-%26-melvina/_WlOLtgVSC2YbImRIwE_Xw,worth-illinois
https://www.ubereats.com/chicago/food-delivery/wendys-12875-s-harlem-avenue/LRyFUkv0Td6r-_y9fYMIvg,worth-illinois
https://www.ubereats.com/chicago/food-delivery/el-chavis-taquizas/YIxRf2hrRRqQpHkGjL5nJw,worth-illinois
https://www.ubereats.com/chicago/food-delivery/lone-star-steakhouse-crestwood/ayFWhzvGRgSjOZzOCTYZiQ,worth-illinois
https://www.ubereats.com/chicago/food-delivery/meatheads-oak-lawn/6KvUuCfVSYWuFzDYAFs2Qw,worth-illinois
https://www.ubereats.com/chicago/food-delivery/manzos-burger/AtpxvvL8RfOWpHY-usXJGg,worth-illinois
https://www.ubereats.com/chicago/food-delivery/les-brothers-restaurant/LRL-AB7cTnSz9Y_vjxkxmA,worth-illinois
https://www.ubereats.com/chicago/food-delivery/madoris-liquor-%26-deli/6hYiIUoEQAmi0nJvQYN0Lw,worth-illinois
https://www.ubereats.com/chicago/food-delivery/del-carmen-restaurant-87th-st-%26-state/G-jAHuaKTdq7K1vV6oUCsg,worth-illinois
https://www.ubereats.com/chicago/food-delivery/taco-bell-6049-west-95th-street/bFNo38-3TgGg_uVED65ZgQ,worth-illinois
https://www.ubereats.com/chicago/food-delivery/americanos/MlD_qRcyQ6CgPOQoeZHO-g,worth-illinois
https://www.ubereats.com/chicago/food-delivery/skillet-house-ii/erj5bBKnQc2bY_JzBkDNyA,worth-illinois
https://www.ubereats.com/chicago/food-delivery/das-deli-and-dining-orland-park/ECOIkwPmR1Gqaa7HXaA1aw,worth-illinois
https://www.ubereats.com/chicago/food-delivery/dunkin-12150-s-cicero-ave/uTxszt_lT5KgRJJ5ff2O5g,worth-illinois
https://www.ubereats.com/chicago/food-delivery/mr-gyros/ikjFt9gzR1GUQYDnrrXfMQ,worth-illinois
https://www.ubereats.com/chicago/food-delivery/caliente-mexican-grill-and-bar/SqGatmI5RHaivwW9r3Ekvg,worth-illinois
https://www.ubereats.com/chicago/food-delivery/shrimp-house/0e43zbb2Ro6Iau_-ej9Pmw,worth-illinois
https://www.ubereats.com/chicago/food-delivery/great-steak-344-orland-square-dr/RKtrCix3RROdtYHl80838w,worth-illinois
https://www.ubereats.com/chicago/food-delivery/sals-famous-cheesesteaks/99T35uuQQXuxd1nTmT0KDg,worth-illinois
https://www.ubereats.com/chicago/food-delivery/la-michoacana-fire/tkOldg7nQ7K8UZdHRF5pog,worth-illinois
https://www.ubereats.com/chicago/food-delivery/pupuseria/fQVUMkj4RyihNQQxGK093w,worth-illinois
https://www.ubereats.com/chicago/food-delivery/slim-chickens-346-orland-square-drive/E5O7lX9TQDWBDhbxQy1I9g,worth-illinois
https://www.ubereats.com/chicago/food-delivery/fannie-may-oak-lawn/mO-zQE3RRTm6PBYAFhXLrA,worth-illinois
https://www.ubereats.com/chicago/food-delivery/kfc-10421-south-western-avenue/RZIib4HOSS6JVYmrgH7wyQ,worth-illinois
https://www.ubereats.com/chicago/food-delivery/el-coyote-mexican-restaurant/UKZxsqJYThy-Q85MWy9Mrw,worth-illinois
https://www.ubereats.com/chicago/food-delivery/pepes-hickory-hills/V5gq77GbRke6-Rbtk5LJbA,worth-illinois
https://www.ubereats.com/chicago/food-delivery/el-churrito-3/n-tFDN8STka3kzBiYAX5sQ,worth-illinois
https://www.ubereats.com/chicago/food-delivery/subway-13407-s-ridgeland-ave/Gx9QK2e6S-eG8YtQySn9LA,worth-illinois
https://www.ubereats.com/chicago/food-delivery/barracos-pizzeria-burbank/qzqgh4uRT9uLDirMAwHb0Q,worth-illinois
https://www.ubereats.com/chicago/food-delivery/wus-house-orland-park/aei84wGsQfmexqeVpt-Y5g,worth-illinois
https://www.ubereats.com/chicago/food-delivery/burger-king-7135-w-159th-st/L0oElyKQTfO4251IfJ-Tmw,worth-illinois
https://www.ubereats.com/chicago/food-delivery/semsem/aXLeLMjaQQ6q_y8YfThwqg,worth-illinois
https://www.ubereats.com/chicago/food-delivery/taqueria-los-comales-cicero-%26-79th-st/p6GogGoNTiqZvqIxYNchPw,worth-illinois
https://www.ubereats.com/chicago/food-delivery/wus-ramen/k7lN2AnGSaGsImDEamqoIQ,worth-illinois
https://www.ubereats.com/chicago/food-delivery/lucky-dragon-2/Jtsr0XAiQ1CjlYaMT7kK_Q,worth-illinois
https://www.ubereats.com/chicago/food-delivery/highlanders-grill/kzZlF_oVSbiTzsKbeDXYQA,worth-illinois
https://www.ubereats.com/chicago/food-delivery/juiced-by-shic/MEHnNtYXR6iK-2TBItljoQ,worth-illinois
https://www.ubereats.com/chicago/food-delivery/potbelly-sandwich-shop-orland-park-%7C-37/oI4vEnsgQF-mSjvQPNKUPg,worth-illinois
https://www.ubereats.com/chicago/food-delivery/white-castle-10555-s-harlem-ave/10PLNtmxQayqJN0kCyzcJg,worth-illinois
https://www.ubereats.com/chicago/food-delivery/checkers-drive-in-restaurants-11915-s-pulaski-rd/3epLsf4rSqGGeBHdmF8mOA,worth-illinois
https://www.ubereats.com/chicago/food-delivery/subway-111th-st/ogvDp4RSRYa3PHYt_XhVTw,worth-illinois
https://www.ubereats.com/chicago/food-delivery/auntie-annes-308-orland-square/OfUyHxUqSlunp1GMg9kaHg,worth-illinois
https://www.ubereats.com/chicago/food-delivery/arbys-8021-w-95th-street/_ymSbgiXTU62JPCiF4HiaA,worth-illinois
https://www.ubereats.com/chicago/food-delivery/wendys-7220-west-79th-street/cz9rVcUxTUOKUgcbclMOCA,worth-illinois
https://www.ubereats.com/chicago/food-delivery/j%26j-fish-and-chicken-79th-and-western/8g2qS2nwT3SHt3rAG1bMuQ,worth-illinois
https://www.ubereats.com/chicago/food-delivery/starbucks-oak-lawn-111th-%26-cicero/QADJgYZRTBu1U9eBEe4zxA,worth-illinois
https://www.ubereats.com/chicago/food-delivery/the-seacatcher/8rsK6y1CT8Wlqe-_Uv8Oig,worth-illinois
https://www.ubereats.com/chicago/food-delivery/palmer-place-restaurant-and-biergarten/-wlJeB9OTxSPPd_vyT2MEg,worth-illinois
https://www.ubereats.com/chicago/food-delivery/firehouse-subs-la-grange-rd/ziTVb4dBTPqfiWiNSe-_PQ,worth-illinois
https://www.ubereats.com/chicago/food-delivery/smallcakes-western-springs/HNpZLwjnQzSob3kI2eptrw,worth-illinois
https://www.ubereats.com/chicago/food-delivery/quarry-pub-and-grill/ivD7gWDTSwGbr7hUoyxSzw,worth-illinois
https://www.ubereats.com/chicago/food-delivery/the-skillet-house/PamYGLAuSUmeZ-peTVdORQ,worth-illinois
https://www.ubereats.com/chicago/food-delivery/b-%26-b-ice-cream-and-candy/kXL6rjtlTuCWvtRFI28zvg,worth-illinois
https://www.ubereats.com/chicago/food-delivery/pf-changs-14135-la-grange-rd/gNkPZSTQTLuy_hfOupvVlw,worth-illinois
https://www.ubereats.com/chicago/food-delivery/rib-brothers/8UBLo4a0Tvux03oRpTwAFQ,worth-illinois
https://www.ubereats.com/chicago/food-delivery/angry-slice-%26-sub-shop/bhwLNAVqSpOwGdhZa4iBYA,worth-illinois
https://www.ubereats.com/chicago/food-delivery/dunkin-7905-s-cicero/q6V76zj9QkevalPEbHLOWg,worth-illinois
https://www.ubereats.com/chicago/food-delivery/hakuna-matata/lfLCSnvESl2fYZaeEt48kg,worth-illinois
https://www.ubereats.com/chicago/food-delivery/hometown-gyros-midlothian/izViig63ST2eufO6NdsNMA,worth-illinois
https://www.ubereats.com/chicago/food-delivery/rosatis-pizza-111th-street/1bBsbw-YSSSO8IX1kJBqDw,worth-illinois
https://www.ubereats.com/chicago/food-delivery/potbelly-sandwich-shop-crestwood-%7C-135/hKSlLPeATw6Jw3Du3xAI9Q,worth-illinois
https://www.ubereats.com/chicago/food-delivery/burr-oak-bowl/o4SBPNFgRbCDKr6vPfxQHg,worth-illinois
https://www.ubereats.com/chicago/food-delivery/haires-gulf-shrimp/dNL7YUJyToSi15dZre7tyA,worth-illinois
https://www.ubereats.com/chicago/food-delivery/mcdonalds-ashland-%26-83rd-st/c3BcuCW6QuqA5yni4nbwYA,worth-illinois
https://www.ubereats.com/chicago/food-delivery/indra/9Rin__JBTri4E9WMoVRgOw,worth-illinois
https://www.ubereats.com/chicago/food-delivery/chipotle-mexican-grill-13340-cicero-ave/5dLXlKeZQaGjXui8LgMecw,worth-illinois
https://www.ubereats.com/chicago/food-delivery/taco-bell-7601-w-111th-st/fbB9_2YkTwKd07hXYylR1A,worth-illinois
https://www.ubereats.com/chicago/food-delivery/subway-8614-s-kedzie/kFRXiwYSR9urgcbuoHGIPw,worth-illinois
https://www.ubereats.com/chicago/food-delivery/sharks-fish-%26-chicken-kedzie/H119sUweTqyoFU_6zL1_UA,worth-illinois
https://www.ubereats.com/chicago/food-delivery/buona-oak-lawn/IiOayMxgTrW-MXnXlTJ7Rw,worth-illinois
https://www.ubereats.com/chicago/food-delivery/clancys-pizza-pub/-aSSOoAmTWCZvjCMpjJcmw,worth-illinois
https://www.ubereats.com/chicago/food-delivery/baby-burritos/DZ4ABBG-QHaT6MhzLziCEQ,worth-illinois
https://www.ubereats.com/chicago/food-delivery/xando-cafe/PRp76M73TXi2b3Utjjmriw,worth-illinois
https://www.ubereats.com/chicago/food-delivery/fishermans-island-167th-st/fphYNOinQHibXOYTIovB2Q,worth-illinois
https://www.ubereats.com/chicago/food-delivery/mcdonalds-127th-st-%26-harlem/JZlsdoR5TEawmTQFB7IRsQ,worth-illinois
https://www.ubereats.com/chicago/food-delivery/juiced-by-shic/W3hBGqP0TymyFtTKG7DOYQ,worth-illinois
https://www.ubereats.com/chicago/food-delivery/charleys-philly-steaks-%26-wings-burbank-plaza-drive-thru/STLobmN5QfC5e9nmcRoVoQ,worth-illinois
https://www.ubereats.com/chicago/food-delivery/sals-philly-palos-park/ZFJBO_IqT62JunKj0ORuQQ,worth-illinois
https://www.ubereats.com/chicago/food-delivery/boston-market-13201-s-cicero-avenue/MrfVOvNzTjO3a4IlKEs16Q,worth-illinois
https://www.ubereats.com/chicago/food-delivery/chuck-e-cheese-16090-s-harlem-ave/W3UaG4sCRMydEtvHNHb6lg,worth-illinois
https://www.ubereats.com/chicago/food-delivery/schoops-hamburgers-tinley-park/qoie4Y_sSGGZgxyuDBcYqQ,worth-illinois
https://www.ubereats.com/chicago/food-delivery/subway-5901-s-archer-ave/OAqiF-bBSBGuaYA6fY8a1A,worth-illinois
https://www.ubereats.com/chicago/food-delivery/stacks-183rd-st/IC8OwQ2uQb2nlpOO9sWVIw,worth-illinois
https://www.ubereats.com/chicago/food-delivery/white-castle-14700-s-cicero-ave/gbvKxHZkQ6GRAd_CpjF9_A,worth-illinois
https://www.ubereats.com/chicago/food-delivery/cuzins-blue-island/m8rpUfBuTZCd8dmQdCbYPQ,worth-illinois
https://www.ubereats.com/chicago/food-delivery/mariscos-costa-azul/xyuh-C-XSV2zVQ_1o3n9Ww,worth-illinois
https://www.ubereats.com/chicago/food-delivery/american-wood-grill/A03iwed_TiGlDDKXbYa3YQ,worth-illinois
https://www.ubereats.com/chicago/food-delivery/taste-of-havana-cafe/exudU0DwQWK6y01vmTATyA,worth-illinois
https://www.ubereats.com/chicago/food-delivery/buona-orland-park/2xpmKacyTmWINfoTO8vCPw,worth-illinois
https://www.ubereats.com/chicago/food-delivery/taco-bell-7906-s-western-avenue/OUOGRmOfSJOAvIGiy-_MCA,worth-illinois
https://www.ubereats.com/chicago/food-delivery/la-michoacana-azteca-5447-w-79th-st/zx85RUNgQ_2XEpPE02k5hQ,worth-illinois
https://www.ubereats.com/chicago/food-delivery/foxs-restaurant-%26-pub/avQDu7dJS6SewbgDyaOxQA,worth-illinois
https://www.ubereats.com/chicago/food-delivery/harolds-chicken-cicero-%26-137th-st/q3xVggn4RyKsua5CMw72MQ,worth-illinois
https://www.ubereats.com/chicago/food-delivery/buona-beverly/fdJQJJcvQgakAP6WPE7dHw,worth-illinois
https://www.ubereats.com/chicago/food-delivery/mariscos-la-diabla/XJbcsztbSB-flt0Y145LIg,worth-illinois
https://www.ubereats.com/chicago/food-delivery/mcdonalds-harlem-%26-87th-st/0Z42sb6NSH-bFa9Vbw_h1Q,worth-illinois
https://www.ubereats.com/chicago/food-delivery/wendys-11110-s-cicero-ave/3ms-mIPIQWqFoUaCPkBgnQ,worth-illinois
https://www.ubereats.com/chicago/food-delivery/gastons-bistro/wp6-h4RkQBaJYlWjQqBfdw,worth-illinois
https://www.ubereats.com/chicago/food-delivery/fontanos-subs-ii/UC5baTjtRySbARaHd39PVg,worth-illinois
https://www.ubereats.com/chicago/food-delivery/mcdivots-restaurant/LKKViRqXRqOJnczkMFD5sg,worth-illinois
https://www.ubereats.com/chicago/food-delivery/dunkin-11843-s-pulaski-rd/PBDG1lTpSja1s33A38zi1g,worth-illinois
https://www.ubereats.com/chicago/food-delivery/on-the-go-restaurant/AILE5pKHS7q5Hkfs3zfqaA,worth-illinois
https://www.ubereats.com/chicago/food-delivery/vito-%26-nicks-ii/gMKMd_DySH-yKzwXfJY5WA,worth-illinois
https://www.ubereats.com/chicago/food-delivery/panda-express-340-orland-square/7Ryze4K7RI-Ew5ARjWhzdw,worth-illinois
https://www.ubereats.com/chicago/food-delivery/healthy-substance-kitchen/AEPPErUCRlaQ91P0ndvenw,worth-illinois
https://www.ubereats.com/chicago/food-delivery/portillos-hot-dogs-5532-s-harlem-ave/Wq0ood9NTMm0_bharIBQkQ,worth-illinois
https://www.ubereats.com/chicago/food-delivery/subway-80th-ave/Jh0SS5zjSEi3spyEFj2BTg,worth-illinois
https://www.ubereats.com/chicago/food-delivery/buffet-city-cajun-seafood-boil/R9x4RMRWTrWGLRwSMRmVQQ,worth-illinois
https://www.ubereats.com/chicago/food-delivery/simply-sweet-creations/2M-YuIC0QeOok7RYuzNv7A,worth-illinois
https://www.ubereats.com/chicago/food-delivery/pappas-restaurant/N0xnqJaHRJaBOJVyj_iWXA,worth-illinois
https://www.ubereats.com/chicago/food-delivery/thassos-greek-restaurant/TSyXgeCwQL6Ka7sZMYcfpA,worth-illinois
https://www.ubereats.com/chicago/food-delivery/pj-fresh-127th-%26-kedzie/aDougP3yS_KtRtxACZfkxg,worth-illinois
https://www.ubereats.com/chicago/food-delivery/the-black-sheep/gLkY2mOSRUiqYPhI29Qd3g,worth-illinois
https://www.ubereats.com/chicago/food-delivery/arbys-11017-s-cicero-ave/SyNkhEbWS3GJ4RC-37PiWQ,worth-illinois
https://www.ubereats.com/chicago/food-delivery/starbucks-burbank-79th-%26-harlem/UunS4WkkRUWRvZA_CmDbpg,worth-illinois
https://www.ubereats.com/chicago/food-delivery/the-brick-oven-by-delta-sonic-crestwood/YaLr3yr6R_yVD2s2d3sP5Q,worth-illinois
https://www.ubereats.com/chicago/food-delivery/nonnas-pizza/l_Nbb0-KSlq5EnaHzGMFrQ,worth-illinois
https://www.ubereats.com/chicago/food-delivery/royalberry-waffle-house-%26-restaurant/V3arrdJ-QoeAY0750N9Mfg,worth-illinois
https://www.ubereats.com/chicago/food-delivery/cold-stone-creamery-16135-s-la-grange-rd/W0VCTLowTCeQKmHAeIsfOw,worth-illinois
https://www.ubereats.com/chicago/food-delivery/dunkin-6408-w-95th-st/BBklDfxjSsiNEfBBW_pPIw,worth-illinois
https://www.ubereats.com/chicago/food-delivery/casa-san-juan/UCMyiEcGQpONXwBK__lIig,worth-illinois
https://www.ubereats.com/chicago/food-delivery/starbucks-tinley-park-159th-%26-harlem/4rhfLC2GS6u1pCklX-ocPw,worth-illinois
https://www.ubereats.com/chicago/food-delivery/buddys-red-hots/_UF-LNl9SY2-ihs0o037Mg,worth-illinois
https://www.ubereats.com/chicago/food-delivery/panda-express-13581-south-cicero-ave/C-wG8epeT2mqfCzKqWDwSw,worth-illinois
https://www.ubereats.com/chicago/food-delivery/wingz-it-iz-alsip/WAcYrBdCSbm_MAS-Oc49Cg,worth-illinois
https://www.ubereats.com/chicago/food-delivery/waldo-cooneys-pizza-111th-%26-western/4t16Fr7xReasbA27pAcw7g,worth-illinois
https://www.ubereats.com/chicago/food-delivery/subway-8615-w-95th-st/AhdyZ8agQsawcx7sF7sVpQ,worth-illinois
https://www.ubereats.com/chicago/food-delivery/xs-%26-os-sports-bar-%26-grill/Wf804dYWQ7qPr4SXziproQ,worth-illinois
https://www.ubereats.com/chicago/food-delivery/jewel-of-siam/BzRjgnHKSAy3E6i4xJoq3w,worth-illinois
https://www.ubereats.com/chicago/food-delivery/fry-the-coop/ZzopkanDRTG1oYsuIa6uYg,worth-illinois
https://www.ubereats.com/chicago/food-delivery/taco-bell-11750-south-palaski-road/XvNvhtluQkaHpvAZ09kr9g,worth-illinois
https://www.ubereats.com/chicago/food-delivery/taco-bell-288-orland-square-drive/_hANGy9gQ_OJZm_BsgmA_w,worth-illinois
https://www.ubereats.com/chicago/food-delivery/the-irish-legend/YDPuIqkERCm4x01tPESQQQ,worth-illinois
https://www.ubereats.com/chicago/food-delivery/zaki-restaurant/1zjB77_-Roy3YfOp-Jobvw,worth-illinois
https://www.ubereats.com/chicago/food-delivery/jj-fish-%26-chicken-79th/_K8ikfu4RXqJDuaWq5zzmw,worth-illinois
https://www.ubereats.com/chicago/food-delivery/wendys-7920-w-95th-street/ahjaaEAzSHSxFdeS3eHK3g,worth-illinois
https://www.ubereats.com/chicago/food-delivery/buddy-pizza-%26-wings/gJKPPZPNTSCrARiYdKqonQ,worth-illinois
https://www.ubereats.com/chicago/food-delivery/nablusi-sweets/I6cDo6EGTQSGQ-fOgVvGrQ,worth-illinois
https://www.ubereats.com/chicago/food-delivery/dunkin-14461-s-la-grange-rd/6xA1vpYYTy2sF6hsCiW5rw,worth-illinois
https://www.ubereats.com/chicago/food-delivery/prasino/HVVTzo-oSKWWKqRwtYeWyw,worth-illinois
https://www.ubereats.com/chicago/food-delivery/kfc-9441-w-159th-street/l-PHgp48Ql2d86gcTw__Zw,worth-illinois
https://www.ubereats.com/chicago/food-delivery/the-seafood-company/YGSv1KGJS3uszwlmonA4vg,worth-illinois
https://www.ubereats.com/chicago/food-delivery/cafe-salsa/lPNCXkXSQj--UjiT4n2WCA,worth-illinois
https://www.ubereats.com/chicago/food-delivery/la-michoacana-premium-oak-lawn/HOLAVbIfSReqZ_O3eUFA3Q,worth-illinois
https://www.ubereats.com/chicago/food-delivery/milas-family-kitchen/29RMesC3T0OmiNtksy0ZSw,worth-illinois
https://www.ubereats.com/chicago/food-delivery/mcdonalds-cicero-%26-91st-st/d95j3BsGRc2BCFOQgMGVfw,worth-illinois
https://www.ubereats.com/chicago/food-delivery/burger-21-orland-park/6cbcbczLQJCnHcWlNYvwIw,worth-illinois
https://www.ubereats.com/chicago/food-delivery/taco-bell-444-chicago-ridge-mall/AeaKDf4VS62gy_odAzCTfQ,worth-illinois
https://www.ubereats.com/chicago/food-delivery/los-burritos-lokos/_gMb626kQN2DP_VsV-8gnQ,worth-illinois
https://www.ubereats.com/chicago/food-delivery/starbucks-oak-lawn-95th-%26-oak-park/hfPds2vjScyM9NPYY79ieQ,worth-illinois
https://www.ubereats.com/chicago/food-delivery/pta-pizza-and-subs/Q1KO1uW-S9SBXMWrvk73uA,worth-illinois
https://www.ubereats.com/chicago/food-delivery/las-fuentes-restaurant-pulaski-rd/s7j_WolvR_61GOFcwLI1Tg,worth-illinois
https://www.ubereats.com/chicago/food-delivery/dao-sushi-%26-thai-restaurant-willowbrook/i1DLWfBIS_OteYCrqvKQ8g,worth-illinois
https://www.ubereats.com/chicago/food-delivery/semsem-mediterranean/07XFxNK4T-uHz3TGna1Ewg,worth-illinois
https://www.ubereats.com/chicago/food-delivery/la-palma-mariscos/BK3_JuopRy2sN6eOyAIFtQ,worth-illinois
https://www.ubereats.com/chicago/food-delivery/red-lobster-14750-s-lagrange-rd/FmCMPirpSXqyXqN9lDDDdA,worth-illinois
https://www.ubereats.com/chicago/food-delivery/cinnabon-baked-at-pilot-12680-s-kedzie/mvY2OSFoRYqzczdpUP4xeQ,worth-illinois
https://www.ubereats.com/chicago/food-delivery/hooters-lagrange-%26-joliet/deKpePwrRtanUemAn-ArYA,worth-illinois
https://www.ubereats.com/chicago/food-delivery/strange-brew-cafe/7rbbZSJrQV63mRKn53h1nw,worth-illinois
https://www.ubereats.com/chicago/food-delivery/mccarthys-carry-out/tlM14dqETpW7e-S76oHO6g,worth-illinois
https://www.ubereats.com/chicago/food-delivery/sharks-fish-and-chicken-147-and-kedzie/a6B46e2DRiiRWuuHsFbxmw,worth-illinois
https://www.ubereats.com/chicago/food-delivery/dunkin-5159-159th-st/6BjQmXTRRHajQCpHvnoMew,worth-illinois
https://www.ubereats.com/chicago/food-delivery/burger-king-520-chicago-ridge-mall/Yez9ounvR2KrG45m4KkxUg,worth-illinois
https://www.ubereats.com/chicago/food-delivery/starbucks-palos-heights-119th-%26-harlem/qlVLlareQwmDiM3Mpx3n3g,worth-illinois
https://www.ubereats.com/chicago/food-delivery/pizza-plus/JfYFG9w8RgyUxyuh3Q8qzw,worth-illinois
https://www.ubereats.com/chicago/food-delivery/das-deli-and-dining-159th-st-%26-harlem/PzUo9oXlQgaPrsu0kOOEWw,worth-illinois
https://www.ubereats.com/chicago/food-delivery/sarpinos-pizzeria-5321-s-la-grange-rd/4EImGeWDRRy8S0RCnPW-6w,worth-illinois
https://www.ubereats.com/chicago/food-delivery/white-castle-15801-s-harlem-ave/0DFNYoZpRT-c0_v_M0zFuw,worth-illinois
https://www.ubereats.com/chicago/food-delivery/al-basha-cuisine/yFtdXAQuRzKL2rav_OEF7g,worth-illinois
https://www.ubereats.com/chicago/food-delivery/dunkin-10801-s-cicero-ave/x0dskDZwS4GKG6o4iJ5aOw,worth-illinois
https://www.ubereats.com/chicago/food-delivery/applebees-cal-stag-%26-rivercrest/2H0WYBhnSqyFp51819nQEA,worth-illinois
https://www.ubereats.com/chicago/food-delivery/karnoskis-gourmet-cuisine/bVSWIvQ1SlqpTCVVnDWeaA,worth-illinois
https://www.ubereats.com/chicago/food-delivery/les-brothers/G6mtrDK1QQCupOouLSQyVg,worth-illinois
https://www.ubereats.com/chicago/food-delivery/taco-bell-12716-ashland-ave/J5lYO8QPTuC3Azes7yBrJg,worth-illinois
https://www.ubereats.com/chicago/food-delivery/cuzins-tinley-park/599DpCjiQ_mgoAMmOCeb2g,worth-illinois
https://www.ubereats.com/chicago/food-delivery/ihop-79th-st-%26-harlem/SBgj1fXbT66tly6Df36Ung,worth-illinois
https://www.ubereats.com/chicago/food-delivery/taqueria-durango-restaurant/AU3nSB7CSyCJSLEZYjPHvw,worth-illinois
https://www.ubereats.com/chicago/food-delivery/southern-belles-bedford-park/Db_4YGFdSVCE5f7ZpmhT3Q,worth-illinois
https://www.ubereats.com/chicago/food-delivery/fannie-may-palos-heights/kgOYgktcRRGyXAj1pqi_TA,worth-illinois
https://www.ubereats.com/chicago/food-delivery/smoked-soul/epXor4F2QsSupT8NM0d9vQ,worth-illinois
https://www.ubereats.com/chicago/food-delivery/chicago-chicken-coop-87th-st-%26-kedzie/jBUjA-DxTQi4ycwayGheLw,worth-illinois
https://www.ubereats.com/chicago/food-delivery/kojak-drive-in/pPd0wzj4QWicPpAynIHccg,worth-illinois
https://www.ubereats.com/chicago/food-delivery/kfc-8940-south-harlem-avenue/Nl05uoeKT-i2CStB3vgChg,worth-illinois
https://www.ubereats.com/chicago/food-delivery/papa-joes-italian-cuisine/D6BPZTw4TKaHU5YfsOVwqQ,worth-illinois
https://www.ubereats.com/chicago/food-delivery/burger-king-8650-state-road/_S4kgQ30TWi2Vjb43cA4yA,worth-illinois
https://www.ubereats.com/chicago/food-delivery/potbelly-sandwich-shop-summit-%7C-138/8nUXRTsvQCaBbaKTkaqT8Q,worth-illinois
https://www.ubereats.com/chicago/food-delivery/johnnys-burgers-bowls-%26-bbq-oak-lawn/tM1ragp6R3K4Vt40pt30zw,worth-illinois
https://www.ubereats.com/chicago/food-delivery/mcdonalds-159th-st-%26-parkhill/21dq-7QoRpOEK4AON1EeVQ,worth-illinois
https://www.ubereats.com/chicago/food-delivery/tacos-marios-1/LhfiMnbxSs-KN1chdjKU0Q,worth-illinois
https://www.ubereats.com/chicago/food-delivery/smashburger-5139-w-95th-st/HVVi9ogdSVuLLzviWKDG5Q,worth-illinois
https://www.ubereats.com/chicago/food-delivery/tonys-original-philly-steak/AkveObRqQT2Ov6zAaiQHSw,worth-illinois
https://www.ubereats.com/chicago/food-delivery/portillos-hot-dogs-15900-harlem-ave/Abv-S--TRyeUUjAPJZ8N7g,worth-illinois
https://www.ubereats.com/chicago/food-delivery/mangia-mangia/H6zRSU3LQ6q185eLF2-JrQ,worth-illinois
https://www.ubereats.com/chicago/food-delivery/jersey-mikes-subs-cicero-%26-135th-st/ASmAH-7cR_qex7OXf0JqEQ,worth-illinois
https://www.ubereats.com/chicago/food-delivery/al-sufara-grill/veIqnrfET8i79xPuMRaW9Q,worth-illinois
https://www.ubereats.com/chicago/food-delivery/subway-9610-s-cicero-ave/dpAqRlPlQgmU_sB6DNUAaA,worth-illinois
https://www.ubereats.com/chicago/food-delivery/thai-twin/ssM3tbmxT3KQnUurlSwfAw,worth-illinois
https://www.ubereats.com/chicago/food-delivery/chicago-cheese-steak-company/_m2wL1kFQ5uQKjtltAS1Fw,worth-illinois
https://www.ubereats.com/chicago/food-delivery/mcdonalds-western-%26-79th-st/97Sh44A2T7KwvRMnCeM12Q,worth-illinois
https://www.ubereats.com/chicago/food-delivery/hearty-cafe-pancake-house/XrKYfo-1SxqR-XYjvyBrEw,worth-illinois
https://www.ubereats.com/chicago/food-delivery/dunkin-8940-w-159th-st/Wfo3xiOCTniT1MC6WTUinw,worth-illinois
https://www.ubereats.com/chicago/food-delivery/jakes-pub-and-grill-located-inside-oak-forest-bowl/8-7xa3BFR6SRxvylxgbm2g,worth-illinois
https://www.ubereats.com/chicago/food-delivery/jamba-juice-15159-s-la-grange-rd-%23400/Ti_UJVCZSS6l2hkCGgkf9Q,worth-illinois
https://www.ubereats.com/chicago/food-delivery/the-original-pancake-house-cicero-%26-109th-st/fd-c4Ys0TlaNovtI7V85Dw,worth-illinois
https://www.ubereats.com/chicago/food-delivery/capri-to-go/2F1h-lE6Qr-r4p13eri_kQ,worth-illinois
https://www.ubereats.com/chicago/food-delivery/flavor-brunch-bar/8ZsZBTBVTE-9-1JsQ7Ix3g,worth-illinois
https://www.ubereats.com/chicago/food-delivery/mcdonalds-95th-st-%26-mcvicker/dLgKAcRWTfy3J-CM3hrJcA,worth-illinois
https://www.ubereats.com/chicago/food-delivery/premos-drive-in/3iK3VqVVT1ayokC7esW1dQ,worth-illinois
https://www.ubereats.com/chicago/food-delivery/barracos-pizzeria-orland-hills/tJQqI6SCT6qY3iPvUUqbqg,worth-illinois
https://www.ubereats.com/chicago/food-delivery/del-carmen-restaurant-worth/4fM46mGJS-CVNqngxCd1HQ,worth-illinois
https://www.ubereats.com/chicago/food-delivery/nonnas-pizza/NjnoU_lMQ-WH99PD9UNCTw,worth-illinois
https://www.ubereats.com/chicago/food-delivery/submarine-city/_0nmL6lEQImM7cwhLAmj8Q,worth-illinois
https://www.ubereats.com/chicago/food-delivery/kismet-of-orland-inc/vCul6lhFTNyjDkWlfRC7Ow,worth-illinois
https://www.ubereats.com/chicago/food-delivery/noodles-%26-company-14662-la-grange-rd-unit-b-1/i7FuDPA9Q3S6l93W_vuzkQ,worth-illinois
https://www.ubereats.com/chicago/food-delivery/the-original-pancake-house-10437-s-western-ave/W6PRGhwrQGWg_xJRA3NsWA,worth-illinois
https://www.ubereats.com/chicago/food-delivery/shawerma-house/AZCxDWUVSJGJ5o6LpygoZg,worth-illinois
https://www.ubereats.com/chicago/food-delivery/taco-burrito-king-alsip/6iVb_z84S12pDBA6_b0B5w,worth-illinois
https://www.ubereats.com/chicago/food-delivery/barracos-pizzeria-evergreen-park/F3utYWRMRV2P_UDGI0ZA6A,worth-illinois
https://www.ubereats.com/chicago/food-delivery/red-snapper-fish-and-chicken-evergreen-park/7IOVCCG8Shyz5xgshv9LkA,worth-illinois
https://www.ubereats.com/chicago/food-delivery/subway-7901-narragansett-ave/ES0O4wB6RZ-jYl2aMwpJSg,worth-illinois
https://www.ubereats.com/chicago/food-delivery/qq-china-restaurant/pLNP46mISRSTwV7gFj8GPw,worth-illinois
https://www.ubereats.com/chicago/food-delivery/portillos-hot-dogs-13130-s-cicero-ave/IxiGS_PoSbSTwFweQqH0YA,worth-illinois
https://www.ubereats.com/chicago/food-delivery/capri-express-pizza-%26-pasta/YJ5GKUlmQWOAcwzMVD8EPw,worth-illinois
https://www.ubereats.com/chicago/food-delivery/villas-bakery/PbtnHcS8QumcpnpL6UkADw,worth-illinois
https://www.ubereats.com/chicago/food-delivery/hot-tamales/OCLgcGTXTyKl_pmaOnTK2w,worth-illinois
https://www.ubereats.com/chicago/food-delivery/starbucks-countryside-lagrange-road/eJPTkgdDR2KtHzD4KFCpvg,worth-illinois
https://www.ubereats.com/chicago/food-delivery/georges-rib-house/NfVxS8t8RyGPGHOxUdArXw,worth-illinois
https://www.ubereats.com/chicago/food-delivery/jack-desmonds-irish-pub/vh0OOHJIS-Gr_nY482oxCw,worth-illinois
https://www.ubereats.com/chicago/food-delivery/ruckers-cafe/Y_ggY1FHTLKVEgMpKA5hyQ,worth-illinois
https://www.ubereats.com/chicago/food-delivery/harolds-chicken-95th-st-%26-bell/8srNGok_TAWnov3-przDxQ,worth-illinois
https://www.ubereats.com/chicago/food-delivery/jennys-steakhouse/dnUo9s4cQ42GP6OldKqT4g,worth-illinois
https://www.ubereats.com/chicago/food-delivery/firehouse-subs-11008-s-cicero-ave/4Ov7l4ysRUKmmsWX6jPdUw,worth-illinois
https://www.ubereats.com/chicago/food-delivery/subway-7949-s-cicero-rd/fuXb4x0VQ8iqarJJ_yH3bA,worth-illinois
