url,city
https://www.ubereats.com/nyc-suburbs/food-delivery/blaze-pizza-1047-w-montauk-hwy/w_M0G3sTTsG7-HGo88PSjw,wyandanch-new-york
https://www.ubereats.com/nyc-suburbs/food-delivery/cheeburger-cheeburger-farmingdale/O2bTY5wpR-OOvk9QJuMlhA,wyandanch-new-york
https://www.ubereats.com/nyc-suburbs/food-delivery/one-eye-jacks/X-xmfDyZQciaH7dDz5dnwA,wyandanch-new-york
https://www.ubereats.com/nyc-suburbs/food-delivery/3-brothers-pizza-cafe/f9cihAnAS8W05L1EgJeuYg,wyandanch-new-york
https://www.ubereats.com/nyc-suburbs/food-delivery/junos-pizza-new-york-city/UsF_-mrMS4CXDVEAnXc43w,wyandanch-new-york
https://www.ubereats.com/nyc-suburbs/food-delivery/plainview-diner/mxg--bLTRRK8epEjZJu14w,wyandanch-new-york
https://www.ubereats.com/nyc-suburbs/food-delivery/the-halal-hut/thnHHRFPR6KOpu5VNYbrmw,wyandanch-new-york
https://www.ubereats.com/nyc-suburbs/food-delivery/golden-pine-deli/aS7sfPqTS1ekNSEEN5Y_-A,wyandanch-new-york
https://www.ubereats.com/nyc-suburbs/food-delivery/carvel-137-bayshore-road/glC3a6M-Sl6LzgO4ZA2Xiw,wyandanch-new-york
https://www.ubereats.com/nyc-suburbs/food-delivery/umbertos-pizzeria-and-restaurant/FjzHuG0KQdyJ6DNK1u27Pg,wyandanch-new-york
https://www.ubereats.com/nyc-suburbs/food-delivery/captree-gourmet-deli/VfQU3uGXTi2pqlpDDxWnnA,wyandanch-new-york
https://www.ubereats.com/nyc-suburbs/food-delivery/bagel-and-deli-creations/0G75dBcNQF-4ErpUIJT-1Q,wyandanch-new-york
https://www.ubereats.com/nyc-suburbs/food-delivery/francescos-pizzeria/WQh4bIemRjmI_GtD8vku_g,wyandanch-new-york
https://www.ubereats.com/nyc-suburbs/food-delivery/the-energy-bar-of-long-island/4TF2rbegSAeNOZp1s6I2tA,wyandanch-new-york
https://www.ubereats.com/nyc-suburbs/food-delivery/wanna-waffle/UUoBS3lJRCSuSJZbcoNnTA,wyandanch-new-york
https://www.ubereats.com/nyc-suburbs/food-delivery/house-of-india-huntington/Njxi451WSUeD6V599AYzEg,wyandanch-new-york
https://www.ubereats.com/nyc-suburbs/food-delivery/nazs-halal-food-to-go-325-washington-ave/CRvirijJQHezFnIYs_x6Pg,wyandanch-new-york
https://www.ubereats.com/nyc-suburbs/food-delivery/49-wireless-cafe/QYqQlfJMRJyr6Ie5Hed_Gw,wyandanch-new-york
https://www.ubereats.com/nyc-suburbs/food-delivery/dark-horse-tavern/6Iztg-RYTNS02JH2bccItw,wyandanch-new-york
https://www.ubereats.com/nyc-suburbs/food-delivery/mcdonalds-hicksville-route-107/MCA5sgJkQZORC_-Il6kpxg,wyandanch-new-york
https://www.ubereats.com/nyc-suburbs/food-delivery/ohayo-japanese-cuisine/p5zB0VN1TdOAuDMNnMtB2g,wyandanch-new-york
https://www.ubereats.com/nyc-suburbs/food-delivery/el-sueno-mexican-grill/IATz1mQsQh6xkHzprzXh9g,wyandanch-new-york
https://www.ubereats.com/nyc-suburbs/food-delivery/taco-bell-1937-deer-park-avenue/KAUNr2KvRFa0c7Jp1ULeqw,wyandanch-new-york
https://www.ubereats.com/nyc-suburbs/food-delivery/botticelli-foods/jfLiHBslST6eHzoUIWBzsQ,wyandanch-new-york
https://www.ubereats.com/nyc-suburbs/food-delivery/king-halal/C-iEsyEzRjix-bcWrgL_ug,wyandanch-new-york
https://www.ubereats.com/nyc-suburbs/food-delivery/fukee/ZCXNNT9KSmirRE3_lJ3SFg,wyandanch-new-york
https://www.ubereats.com/nyc-suburbs/food-delivery/dairy-queen-grill-%26-chill-4005-jericho-tpke/b8YPRGU7QWGyAWo7q0fDnA,wyandanch-new-york
https://www.ubereats.com/nyc-suburbs/food-delivery/energy-fuel/w24hUwphT-iLW4U6Dttj-w,wyandanch-new-york
https://www.ubereats.com/nyc-suburbs/food-delivery/ginos-wings/Pw_CPcEYR1yD7v5oV36W6g,wyandanch-new-york
https://www.ubereats.com/nyc-suburbs/food-delivery/alfredos-pizza/JEwhucBVRJ-qhjwEgiI_VA,wyandanch-new-york
https://www.ubereats.com/nyc-suburbs/food-delivery/dairy-queen-grill-%26-chill-321-w-jericho-tpke/51IpXlWtSEarXZYgfz8HwQ,wyandanch-new-york
https://www.ubereats.com/nyc-suburbs/food-delivery/carvel-188-howells-rd/P9V5faMKRR6J3gBkEnxy4A,wyandanch-new-york
https://www.ubereats.com/nyc-suburbs/food-delivery/dunkin-501-commack-rd/PCdMoZUJQMehdBLb_OrOEg,wyandanch-new-york
https://www.ubereats.com/nyc-suburbs/food-delivery/new-food-luck-kitchen/nSPtWIdxSFqN4VyjQ7C67w,wyandanch-new-york
https://www.ubereats.com/nyc-suburbs/food-delivery/primavera-pizza-170-montauk-hwy/jqSzSRk_Rx-vUiXDX6bDCA,wyandanch-new-york
https://www.ubereats.com/nyc-suburbs/food-delivery/wendys-37-wicks-road/oDaMrOXqS5KMPx0kSi-0hA,wyandanch-new-york
https://www.ubereats.com/nyc-suburbs/food-delivery/coastal-kitchen-%26-daiquiri-bar/eZQx_VBfTQ-NM6KyJ25-9w,wyandanch-new-york
https://www.ubereats.com/nyc-suburbs/food-delivery/dunkin-116-broadhollow-rd/d1ZMHeWaSU-bE9KGDrdleg,wyandanch-new-york
https://www.ubereats.com/nyc-suburbs/food-delivery/rubys-cajun/tJ_QEvDUTSiGYtyP75YzJw,wyandanch-new-york
https://www.ubereats.com/nyc-suburbs/food-delivery/kitchen-door/1q14VM_9RWaPZLRuf1a59g,wyandanch-new-york
https://www.ubereats.com/nyc-suburbs/food-delivery/mustang-restaurant-inc/JKoy9tm8SB6XxuEPfwNozw,wyandanch-new-york
https://www.ubereats.com/nyc-suburbs/food-delivery/toxic-wings-deer-park/g1H_XYZmTLGnPLyQ4SV2zA,wyandanch-new-york
https://www.ubereats.com/nyc-suburbs/food-delivery/kfc-amityville/4iUEXbfATvuOJe9fDTxKGQ,wyandanch-new-york
https://www.ubereats.com/nyc-suburbs/food-delivery/the-pie-shoppe/-d-uctUhTQO7GgaDircTRQ,wyandanch-new-york
https://www.ubereats.com/nyc-suburbs/food-delivery/nazs-halal-food-1171-deer-park-ave/BHad6_lGS9SU8PjrbtaFpQ,wyandanch-new-york
https://www.ubereats.com/nyc-suburbs/food-delivery/don-juan/U8qfDm3cSF6Cb65NiSsv7A,wyandanch-new-york
https://www.ubereats.com/nyc-suburbs/food-delivery/dunkin-320-e-montauk-hwy/tGGJFy32Sh20VlSVo0Lb8g,wyandanch-new-york
https://www.ubereats.com/nyc-suburbs/food-delivery/bivio-restaurant/mlgfHohbSHKk1tTrbc4IXQ,wyandanch-new-york
https://www.ubereats.com/nyc-suburbs/food-delivery/carvel-1200-10-east-jericho-turnpike/_KX05UZSTp2z9gnhie5DQw,wyandanch-new-york
https://www.ubereats.com/nyc-suburbs/food-delivery/blimpie-160-adams-ave/aTGodjQyRLCDF0NEJyTu6A,wyandanch-new-york
https://www.ubereats.com/nyc-suburbs/food-delivery/caffe-rio/zpAe7IOZTWiwouQn-yJSdw,wyandanch-new-york
https://www.ubereats.com/nyc-suburbs/food-delivery/papa-johns-1840-deer-park-ave/LUpzaS9oT6Cqqxx6OtNjHg,wyandanch-new-york
https://www.ubereats.com/nyc-suburbs/food-delivery/taco-joes-west-babylon/rl-YMLy4TGuFhhik86kgNw,wyandanch-new-york
https://www.ubereats.com/nyc-suburbs/food-delivery/fusion-yogurt-and-bowls/hswTqOVMT4eGYA8kK9vpgg,wyandanch-new-york
https://www.ubereats.com/nyc-suburbs/food-delivery/burger-king-700-farmingdale-road/LyaEUsAxT0Sp00dRcm2MJg,wyandanch-new-york
https://www.ubereats.com/nyc-suburbs/food-delivery/andys-italian-ices-kitchen-nyc/fo1Qyd-zTWy1awXA43Nkjg,wyandanch-new-york
https://www.ubereats.com/nyc-suburbs/food-delivery/gustoso-pizzeria/Um8p5HrGROyfXCTtVlGLIQ,wyandanch-new-york
https://www.ubereats.com/nyc-suburbs/food-delivery/subway-671-route-109/4UEtmCJzR2KYER5hAEtBtg,wyandanch-new-york
https://www.ubereats.com/nyc-suburbs/food-delivery/big-city-salad-bethpage/-olB3KElQZSUWe9EusKy-Q,wyandanch-new-york
https://www.ubereats.com/nyc-suburbs/food-delivery/mcdonalds-1484-5th-ave/R4H9dX8iRRGRjAEe9xAOuA,wyandanch-new-york
https://www.ubereats.com/nyc-suburbs/food-delivery/wendys-220-route-109/kq77pCziQim-p7k2CAx9Fg,wyandanch-new-york
https://www.ubereats.com/nyc-suburbs/food-delivery/boston-market-1605-deer-park-avenue/n-Uyhb9tSqSY7soAwo655A,wyandanch-new-york
https://www.ubereats.com/nyc-suburbs/food-delivery/popeyes-121-west-montauk-highway/GyolUHgMRKqBWbKr67kL0Q,wyandanch-new-york
https://www.ubereats.com/nyc-suburbs/food-delivery/sobol-babylon/IMqUYwH0T6qFPeurp37bqA,wyandanch-new-york
https://www.ubereats.com/nyc-suburbs/food-delivery/obsession-banquet-hall/B1ROC7oNTBuvzvvE5QLUDA,wyandanch-new-york
https://www.ubereats.com/nyc-suburbs/food-delivery/hooters-farmingdale-25-smith-street/xxQuvhzNQJKlucyeiGVaYg,wyandanch-new-york
https://www.ubereats.com/nyc-suburbs/food-delivery/hells-kitchen/Rr0pZuxkQJqC8i3VuglP6g,wyandanch-new-york
https://www.ubereats.com/nyc-suburbs/food-delivery/maracas-express/_sEjAAdvRg2l7rOz_yMshA,wyandanch-new-york
https://www.ubereats.com/nyc-suburbs/food-delivery/yogurt-%26-such-cafe-west-babylon/fGEsyV-GScW14CJTv4K4jg,wyandanch-new-york
https://www.ubereats.com/nyc-suburbs/food-delivery/that-meetball-place-farmingdale/CKXSnNu_SFCHmD1Pv1VLxw,wyandanch-new-york
https://www.ubereats.com/nyc-suburbs/food-delivery/chipotle-mexican-grill-901-broadhollow-rd/vkcDw-BOR8OZ2dt1cb8Prw,wyandanch-new-york
https://www.ubereats.com/nyc-suburbs/food-delivery/alberts-pizza/hWDsLdkLRkiuFTkXc0NDtA,wyandanch-new-york
https://www.ubereats.com/nyc-suburbs/food-delivery/mcdonalds-1255-deer-park-ave/c2EvaAuHRIGjbM7sWtpjLQ,wyandanch-new-york
https://www.ubereats.com/nyc-suburbs/food-delivery/cafe-europa-pizzeria-%26-restaurant/T5RdXZw6QlS3LgdoxY139A,wyandanch-new-york
https://www.ubereats.com/nyc-suburbs/food-delivery/lindys-deli/SvsuZweYSMqB6rswkBwghw,wyandanch-new-york
https://www.ubereats.com/nyc-suburbs/food-delivery/sweet-sensations/SD21_1f4Q4izSAHZJ8AcmA,wyandanch-new-york
https://www.ubereats.com/nyc-suburbs/food-delivery/hibachi-and-noodle-japan/M81L99L8Rv2_DJHrPXQvow,wyandanch-new-york
https://www.ubereats.com/nyc-suburbs/food-delivery/bougatfa-halal-food/AFjItcpRSeiaqZXNjDEOOw,wyandanch-new-york
https://www.ubereats.com/nyc-suburbs/food-delivery/right-coast-taqueria/c715yFFmQdS9L4U1KV9hng,wyandanch-new-york
https://www.ubereats.com/nyc-suburbs/food-delivery/kb-deli/OyfyGmofRmexvuHKFtD6bw,wyandanch-new-york
https://www.ubereats.com/nyc-suburbs/food-delivery/213-applebees-lindenhurst/KHS_RBOFTj-7rGK47P5GPQ,wyandanch-new-york
https://www.ubereats.com/nyc-suburbs/food-delivery/martins-coffee-cafe/S8a4Z8OHQCyM0iN4TCWFAw,wyandanch-new-york
https://www.ubereats.com/nyc-suburbs/food-delivery/currikitch/qyc5U6a-QMWm8H0d6O0qmw,wyandanch-new-york
https://www.ubereats.com/nyc-suburbs/food-delivery/kabuki-japanese-cuisine/V2azzkZwQM2sSo3KFM6QeA,wyandanch-new-york
https://www.ubereats.com/nyc-suburbs/food-delivery/burger-king-1201-sunrise-highway-ny-11726/dZuHYTHwRv6JdXKZXOKmmg,wyandanch-new-york
https://www.ubereats.com/nyc-suburbs/food-delivery/bayview-kitchen/P7btCsmBSxCL2Wc4RnvD1g,wyandanch-new-york
https://www.ubereats.com/nyc-suburbs/food-delivery/dunkin-187-sunrise-hwy/AdX38z91TbivRXllh0m9Ew,wyandanch-new-york
https://www.ubereats.com/nyc-suburbs/food-delivery/bullseye-bagels/FVoTXOaGTc6pXTfcwlDKbA,wyandanch-new-york
https://www.ubereats.com/nyc-suburbs/food-delivery/la-famiglia-babylon-village/0-Ti1JzoSmGQsbQaHt19cw,wyandanch-new-york
https://www.ubereats.com/nyc-suburbs/food-delivery/pollo-campero-bayshore-fifth-ave/5NP5-mLIRciphEuNu5IoJw,wyandanch-new-york
https://www.ubereats.com/nyc-suburbs/food-delivery/subway-1270-wellwood-ave/XTVSCWvxT2O3pyLwRliQtQ,wyandanch-new-york
https://www.ubereats.com/nyc-suburbs/food-delivery/off-the-avenue-eats/sV2CSwecTfej7OJ1yjrZsA,wyandanch-new-york
https://www.ubereats.com/nyc-suburbs/food-delivery/wings-over-farmindale/MaOodkoUSVG0tpSq8dahbg,wyandanch-new-york
https://www.ubereats.com/nyc-suburbs/food-delivery/california-pizza-kitchen-160-walt-whitman-rd/ORTO9aJWTMqeWuqa6nXNfA,wyandanch-new-york
https://www.ubereats.com/nyc-suburbs/food-delivery/the-tap-room-bayshore/ttkmnHXjR5OkmR5w-QyMeA,wyandanch-new-york
https://www.ubereats.com/nyc-suburbs/food-delivery/kebab-express-%7C-halal-grill/14Af3jKFSHGQvHbOKJheyw,wyandanch-new-york
https://www.ubereats.com/nyc-suburbs/food-delivery/dunkin-529-e-main-st/HvhohJsMSCmo_wqm8uyH_g,wyandanch-new-york
https://www.ubereats.com/nyc-suburbs/food-delivery/stuff-a-bagel-massapequa/f6PqVxjwSbSaeAlN-jk9kQ,wyandanch-new-york
https://www.ubereats.com/nyc-suburbs/food-delivery/vibes-jamaican-restaurant/MRgWpEenQEuSEOBZPP_aEQ,wyandanch-new-york
https://www.ubereats.com/nyc-suburbs/food-delivery/taj-tandoor/bgImilHQTWm7tHSYpZoc1w,wyandanch-new-york
https://www.ubereats.com/nyc-suburbs/food-delivery/thai-green-leaf/djzV6a7ZQrWXrdjH0-JF-A,wyandanch-new-york
https://www.ubereats.com/nyc-suburbs/food-delivery/subway-1934a-deer-park-ave/Si282yAQTm-2QOf-LToWOQ,wyandanch-new-york
https://www.ubereats.com/nyc-suburbs/food-delivery/mcdonalds-107-main-st/7dKuwdPNTqms1wqIzmBsug,wyandanch-new-york
https://www.ubereats.com/nyc-suburbs/food-delivery/taco-bell-farmingdale/4J71eID7RaiLBWbtBN2bIA,wyandanch-new-york
https://www.ubereats.com/nyc-suburbs/food-delivery/island-soul-restaurant/GfLAnYC_RM-2DLjywLezBw,wyandanch-new-york
https://www.ubereats.com/nyc-suburbs/food-delivery/iavarone-cafe-italian-kitchen-and-pizzeria/Ks8_UQekRQ6O0LB_p7vhMg,wyandanch-new-york
https://www.ubereats.com/nyc-suburbs/food-delivery/main-street-pizza-company/11E91qe0RC6m3UT03evv_g,wyandanch-new-york
https://www.ubereats.com/nyc-suburbs/food-delivery/jersey-mikes-subs-512-commack-rd/JgE4X-90RVa0J-68E5rVaw,wyandanch-new-york
https://www.ubereats.com/nyc-suburbs/food-delivery/deli-belli/CQwG4h4dSGSaPftfUBk4Jw,wyandanch-new-york
https://www.ubereats.com/nyc-suburbs/food-delivery/the-refuge/nDLx9G_7RPeajr_oZL-9kA,wyandanch-new-york
https://www.ubereats.com/nyc-suburbs/food-delivery/buffalo-wild-wings-1112-deer-park-ave/VZlxs2X0RXGCbEjElBbuig,wyandanch-new-york
https://www.ubereats.com/nyc-suburbs/food-delivery/brunello-italian-kitchen/62d9X1yGR6iLgP5kWScQkA,wyandanch-new-york
https://www.ubereats.com/nyc-suburbs/food-delivery/red-lobster-1700-the-arches-circle/OfB4eAOrQMqTJ_Ip7QWU6w,wyandanch-new-york
https://www.ubereats.com/nyc-suburbs/food-delivery/chiddys-cheesesteaks/ZCaHOBcbRfaB4Hfo0U6IaQ,wyandanch-new-york
https://www.ubereats.com/nyc-suburbs/food-delivery/moo-cluck-vegan/d5bkUNr8S6Kanu3--M9W2Q,wyandanch-new-york
https://www.ubereats.com/nyc-suburbs/food-delivery/burger-king-6021-east-jericho-turnpike/tWM9spcOSz6vuj2uN9o-uQ,wyandanch-new-york
https://www.ubereats.com/nyc-suburbs/food-delivery/kabul-restaurant-afghan/5mVKBi_nT5WFEeU0nW6hRg,wyandanch-new-york
https://www.ubereats.com/nyc-suburbs/food-delivery/kfc-huntington/YizRlglFQHCQfbuFuFaxTA,wyandanch-new-york
https://www.ubereats.com/nyc-suburbs/food-delivery/sbarro-479-sunrise-mall/_iu-YDtVQYWjyG0qZS8jYA,wyandanch-new-york
https://www.ubereats.com/nyc-suburbs/food-delivery/one-10-restaurant/2SQzNYMbSjOcs5r0lSj2Aw,wyandanch-new-york
https://www.ubereats.com/nyc-suburbs/food-delivery/frankies-east-side-gourmet-restaurant/CvA13tE4S_C5q0IBzvYzNg,wyandanch-new-york
https://www.ubereats.com/nyc-suburbs/food-delivery/bango-bowls-bay-shore/pwoxLDBhQxGjP-rQnwr0Ow,wyandanch-new-york
https://www.ubereats.com/nyc-suburbs/food-delivery/cancun-mexican-grill/aFGtpb4pRWe8mfab5oAz6g,wyandanch-new-york
https://www.ubereats.com/nyc-suburbs/food-delivery/local-babylon/lm2AEGyeRTei1ecDbjFjBA,wyandanch-new-york
https://www.ubereats.com/nyc-suburbs/food-delivery/dunkin-336-w-jericho-tpke/oLj_AqdyT-CTnqEJ_EdVGA,wyandanch-new-york
https://www.ubereats.com/nyc-suburbs/food-delivery/dix-hills-diner/zzLjV5WyShicgcZybDpg9g,wyandanch-new-york
https://www.ubereats.com/nyc-suburbs/food-delivery/wendys-1255-sunrise-highway/WWIQXqJETm2Liyx2zR_SLA,wyandanch-new-york
https://www.ubereats.com/nyc-suburbs/food-delivery/golden-bridge-deli/Py2cHOf1TWaF7hC02fnvJA,wyandanch-new-york
https://www.ubereats.com/nyc-suburbs/food-delivery/migueleno-restaurant/VX-te6vuTOSP8Co3TwCv2A,wyandanch-new-york
https://www.ubereats.com/nyc-suburbs/food-delivery/avenue-bagels/L1U9EzsbTjCqj6MIBGUgJA,wyandanch-new-york
https://www.ubereats.com/nyc-suburbs/food-delivery/bagel-factory/8ZtlkXpxQby0sb7oK5u7MQ,wyandanch-new-york
https://www.ubereats.com/nyc-suburbs/food-delivery/mamis-cuisine/keAFCGT7RbqCMV5YlIqilQ,wyandanch-new-york
https://www.ubereats.com/nyc-suburbs/food-delivery/babylon-burger-bar/z6UDxqtOT5aHLmoJKTcnFg,wyandanch-new-york
https://www.ubereats.com/nyc-suburbs/food-delivery/burger-king-4201-hempstead-turnpike/nwogdWuARH2TmHxWnsWzHA,wyandanch-new-york
https://www.ubereats.com/nyc-suburbs/food-delivery/burger-king-1104-sunrise-hwy/x6tiP2vmSD-l_2-NuX0YSw,wyandanch-new-york
https://www.ubereats.com/nyc-suburbs/food-delivery/checkers-1260-deer-park-ave/Ip7Wm9jrRMSLGoaqXOLCow,wyandanch-new-york
https://www.ubereats.com/nyc-suburbs/food-delivery/sushi-express/10XtzrkdRYyl-dlwcMyIjA,wyandanch-new-york
https://www.ubereats.com/nyc-suburbs/food-delivery/dunkin-41-sunrise-hwy/Vg8daaGPSsSZzJPxbuRyiA,wyandanch-new-york
https://www.ubereats.com/nyc-suburbs/food-delivery/3-brothers-vegan-cafe/LcB0bR2NRIGwHVc1uaJp6Q,wyandanch-new-york
https://www.ubereats.com/nyc-suburbs/food-delivery/kawa-sushi/LZptUc2fSsWuXSIdmNm97w,wyandanch-new-york
https://www.ubereats.com/nyc-suburbs/food-delivery/bang-bang-burritos/PHTJ95t4QyyQ4Etr8tuDAw,wyandanch-new-york
https://www.ubereats.com/nyc-suburbs/food-delivery/mcdonalds-massapequa-sunrise-hwy/Fi3RWVNAQTWbiVso1MhTCQ,wyandanch-new-york
https://www.ubereats.com/nyc-suburbs/food-delivery/kirin-china-restaurant/IHSBHtkhTzyrvBn7h5SERg,wyandanch-new-york
https://www.ubereats.com/nyc-suburbs/food-delivery/white-castle-265-broad-hollow-rd/vRZlRYEuQfaqL8RWNyU6qA,wyandanch-new-york
https://www.ubereats.com/nyc-suburbs/food-delivery/season-kitchen/Wq0-ktC0QQ2dBVblN74SGQ,wyandanch-new-york
https://www.ubereats.com/nyc-suburbs/food-delivery/johnny-mcgoreys-pub/6gmWo6VpSY2IyN47-2A0qw,wyandanch-new-york
https://www.ubereats.com/nyc-suburbs/food-delivery/carvel-794-udall-rd/t1UobOm7QSmKjqG9f5cCOw,wyandanch-new-york
https://www.ubereats.com/nyc-suburbs/food-delivery/yannibels-greek-cuisine/ONbUOEY4SLa3O89-Yb4XnA,wyandanch-new-york
https://www.ubereats.com/nyc-suburbs/food-delivery/ginos-pizza/zHikGqlETHm-PheGES9LGg,wyandanch-new-york
https://www.ubereats.com/nyc-suburbs/food-delivery/goodfellas-pizzeria-%26-deli/XaHJ-7z-Tui3C32dzbXUvw,wyandanch-new-york
https://www.ubereats.com/nyc-suburbs/food-delivery/stuff-a-bagel-montauk-hwy/Ok8LlQQaT5uZxVVyRsSxPQ,wyandanch-new-york
https://www.ubereats.com/nyc-suburbs/food-delivery/babylon-carriage-house/3AtqE1X0SYakHR50EiMzcA,wyandanch-new-york
https://www.ubereats.com/nyc-suburbs/food-delivery/long-island-pekin/_B_zovjSQ7KkVGqFX9iydw,wyandanch-new-york
https://www.ubereats.com/nyc-suburbs/food-delivery/the-rolling-spring-roll-farmindale/fgfZ96oXR-uEhu4uhx8uhg,wyandanch-new-york
https://www.ubereats.com/nyc-suburbs/food-delivery/green-cactus-grill-mexican-grill/ePupjr6JR6mCZTXzB8sUBw,wyandanch-new-york
https://www.ubereats.com/nyc-suburbs/food-delivery/la-nonnas-on-main/J4b5dWpoQxiKdPdZraENSw,wyandanch-new-york
https://www.ubereats.com/nyc-suburbs/food-delivery/rancho-jubilee/G6P27elGR9aKAAKlkyY7YA,wyandanch-new-york
https://www.ubereats.com/nyc-suburbs/food-delivery/kabab-platter-and-burger/_MxZhhrLSnmRyVc1hpSUSg,wyandanch-new-york
https://www.ubereats.com/nyc-suburbs/food-delivery/town-bagel-plainview/7l1dDeBRTumfwIhgKzYobg,wyandanch-new-york
https://www.ubereats.com/nyc-suburbs/food-delivery/pasquallys-pizza-%26-wings-155-sunrise-hwy/UJOKDSdMTv6w6MOuCQ0Rzg,wyandanch-new-york
https://www.ubereats.com/nyc-suburbs/food-delivery/ginos-pizza-of-west-babylon/NiweGRrwQeGiHhVWi5cEig,wyandanch-new-york
https://www.ubereats.com/nyc-suburbs/food-delivery/sandwich-express/sXvn76SHTF-eFcHaM8G_oQ,wyandanch-new-york
https://www.ubereats.com/nyc-suburbs/food-delivery/the-bagel-factory-of-farmingdale/HL08SRczQXeL2yQdfvkbFw,wyandanch-new-york
https://www.ubereats.com/nyc-suburbs/food-delivery/tropical-smoothie-cafe-hauppauge/Y8wzz54MR8ShmUC7Fdt91g,wyandanch-new-york
https://www.ubereats.com/nyc-suburbs/food-delivery/the-tap-room-massapequa/L4AbuA1uTqaYThavJ34F8Q,wyandanch-new-york
https://www.ubereats.com/nyc-suburbs/food-delivery/subway-477-park-ave/E6qrlKViQsuvcVCsQYeyzA,wyandanch-new-york
https://www.ubereats.com/nyc-suburbs/food-delivery/hops-scotch-bottle-shop/_H7O5O4WQF2Lq_mfZTRCKw,wyandanch-new-york
https://www.ubereats.com/nyc-suburbs/food-delivery/takeshi-sushi-%26-teriyaki/u6-mrMfHS3-4WFJnmyhVFQ,wyandanch-new-york
https://www.ubereats.com/nyc-suburbs/food-delivery/xing-wang-kitchen/2d8lL_MYQkiKAng0qyuOsw,wyandanch-new-york
https://www.ubereats.com/nyc-suburbs/food-delivery/dunkin-2109-broadhollow-rd/i_OFEDqXR1SbeisvzG7tsA,wyandanch-new-york
https://www.ubereats.com/nyc-suburbs/food-delivery/the-homestead/b467ixtBTHSXPS508Am-yw,wyandanch-new-york
https://www.ubereats.com/nyc-suburbs/food-delivery/bistro-cassis/s2iRrYVzQxumZbvRzIq2bg,wyandanch-new-york
https://www.ubereats.com/nyc-suburbs/food-delivery/jamaican-paradise-restaurant/kQuF-kw7RTKsUJY_tEpSDA,wyandanch-new-york
https://www.ubereats.com/nyc-suburbs/food-delivery/morrisons/DZaiXApjTNKtfVrOv5mDPg,wyandanch-new-york
https://www.ubereats.com/nyc-suburbs/food-delivery/burger-king-335-montauk-highway/bNdt81a6Q2OgspYgdBPH-w,wyandanch-new-york
https://www.ubereats.com/nyc-suburbs/food-delivery/changing-times-american-sports-bar-%26-grille/FAu5QqD7TDykre6s5J179w,wyandanch-new-york
https://www.ubereats.com/nyc-suburbs/food-delivery/the-olympic-diner/r2PLC-N2RiGhxUhB_0_HiQ,wyandanch-new-york
https://www.ubereats.com/nyc-suburbs/food-delivery/ihop-651-montauk-highway/7hV2CxguRzSIJDS1v5WCHw,wyandanch-new-york
https://www.ubereats.com/nyc-suburbs/food-delivery/el-pilon-restaurant-spanish-cuisine/u5XldI9gSnaU-G8tghsgFg,wyandanch-new-york
https://www.ubereats.com/nyc-suburbs/food-delivery/ihop-201-airport-plaza-boulevard/cAE5QyMiSHWLOfnVJB7tLA,wyandanch-new-york
https://www.ubereats.com/nyc-suburbs/food-delivery/the-turning-point-restaurant-%26-bar-farmingdale/2bvHJRZfT4uc7WKpPXVeCQ,wyandanch-new-york
https://www.ubereats.com/nyc-suburbs/food-delivery/coliseum-kitchen/ts81iW-6RK6qGfO_qrgSqQ,wyandanch-new-york
https://www.ubereats.com/nyc-suburbs/food-delivery/coyles-homemade-ice-cream/lkl0bfkAQe6rv1kjsFVWcQ,wyandanch-new-york
https://www.ubereats.com/nyc-suburbs/food-delivery/dunkin-1011-route-109/Qu1KdcT_SGmmPmkYuEBfSg,wyandanch-new-york
https://www.ubereats.com/nyc-suburbs/food-delivery/chipotle-mexican-grill-4000-jericho-tpke/QbBkVz2CQ6qPxkelqEJPUA,wyandanch-new-york
https://www.ubereats.com/nyc-suburbs/food-delivery/winnies/MTMbbgxeTGybqgaL3zeHMw,wyandanch-new-york
https://www.ubereats.com/nyc-suburbs/food-delivery/new-taste-cuisine/kW2xW_kxSYi-701Aso4BQQ,wyandanch-new-york
https://www.ubereats.com/nyc-suburbs/food-delivery/tai-show-hibachi/G9QhBoLiQ7GH7x1mlMoZVw,wyandanch-new-york
https://www.ubereats.com/nyc-suburbs/food-delivery/mamey-mexican-taqueria/AxqlAIegRyuFDnLXdhDBbg,wyandanch-new-york
https://www.ubereats.com/nyc-suburbs/food-delivery/pomodorino-ristorante/WOruyMMIR7qW1GGDunG2Cg,wyandanch-new-york
https://www.ubereats.com/nyc-suburbs/food-delivery/hersheys-ice-cream/rxRCOvFJReK4jYNE0sw7vw,wyandanch-new-york
https://www.ubereats.com/nyc-suburbs/food-delivery/208-applebees-huntington/ztTR-xMURh2X4UA6K0eFpQ,wyandanch-new-york
https://www.ubereats.com/nyc-suburbs/food-delivery/wendys-5001-hempstead-turnpike/SvRaB17PQE6vBQAFKedKlA,wyandanch-new-york
https://www.ubereats.com/nyc-suburbs/food-delivery/stuff-a-bagel-main-st/pWpaEVatQVKNC015kwdWuw,wyandanch-new-york
https://www.ubereats.com/nyc-suburbs/food-delivery/the-blue/2izN4k-5TD60T05Tgg2NhQ,wyandanch-new-york
https://www.ubereats.com/nyc-suburbs/food-delivery/bistro46/ldAuu7eeRlSObSpQwih06A,wyandanch-new-york
https://www.ubereats.com/nyc-suburbs/food-delivery/crown-fried-chicken-31-bay-shore/0QBGXp1VT8qefAScf7X-UQ,wyandanch-new-york
https://www.ubereats.com/nyc-suburbs/food-delivery/jersey-mikes-subs-1280-broad-hollow-rd/KzTsw6D5TyePzWJ2rASEpw,wyandanch-new-york
https://www.ubereats.com/nyc-suburbs/food-delivery/greekrave/sNccMmQbSDiu1lc3MujX4A,wyandanch-new-york
https://www.ubereats.com/nyc-suburbs/food-delivery/gregorios-pizzeria/jMr50pynT8u4-wmpT3nAxQ,wyandanch-new-york
https://www.ubereats.com/nyc-suburbs/food-delivery/european-republic-huntington/nIFl-Q8ZTReiUf8J08KzPg,wyandanch-new-york
https://www.ubereats.com/nyc-suburbs/food-delivery/island-empanada/pLpaYXyXTpm4nyXu87fhAg,wyandanch-new-york
https://www.ubereats.com/nyc-suburbs/food-delivery/wendys-625-w-montauk-hwy/GGoezJgTSPGmrkxIALHrHg,wyandanch-new-york
https://www.ubereats.com/nyc-suburbs/food-delivery/dunkin-355-broadway/xZtOWhQFQr-WyaDSXvwJeg,wyandanch-new-york
https://www.ubereats.com/nyc-suburbs/food-delivery/wendys-168-main-street/B9gA71dyStarcRfyZnnHbQ,wyandanch-new-york
https://www.ubereats.com/nyc-suburbs/food-delivery/buffalos-cafe-lindenhurst/apUwQQf6RsGe9Brwri2hwA,wyandanch-new-york
https://www.ubereats.com/nyc-suburbs/food-delivery/rangsit-11-thai-kitchen/l6BdBqXvSZuc5kYMnrMPsQ,wyandanch-new-york
https://www.ubereats.com/nyc-suburbs/food-delivery/north-babylon-deli/aUMrsTtHTSuBBFe953zznA,wyandanch-new-york
https://www.ubereats.com/nyc-suburbs/food-delivery/arbys-100-sunrise-highway/ot_fgVEISYWexkYZC62_5g,wyandanch-new-york
https://www.ubereats.com/nyc-suburbs/food-delivery/pizzaiola/eCnDxlPPQbOQcTnsyF35QA,wyandanch-new-york
https://www.ubereats.com/nyc-suburbs/food-delivery/carvel-38-northwest-drive/ejqqpN3iRXGPrGXm0YKc4w,wyandanch-new-york
https://www.ubereats.com/nyc-suburbs/food-delivery/slice-of-bay-shore/ce0kcoeKQ8GizlrE653zkQ,wyandanch-new-york
https://www.ubereats.com/nyc-suburbs/food-delivery/flux-coffee/YdEPo4k-SwSQuSiTKnzpdQ,wyandanch-new-york
https://www.ubereats.com/nyc-suburbs/food-delivery/napper-tandys-bay-shore/zgLpTGDdRHi6BwIakXYHDg,wyandanch-new-york
https://www.ubereats.com/nyc-suburbs/food-delivery/grecian-grill/YenfZw79QTCnmt9_DrhBrw,wyandanch-new-york
https://www.ubereats.com/nyc-suburbs/food-delivery/dunkin-726-old-bethpage-rd/3jGVWoWeRyCFB7rMnT0Pzg,wyandanch-new-york
https://www.ubereats.com/nyc-suburbs/food-delivery/new-fortune-house/3e_MZLT5TQS85aqTIZn7MA,wyandanch-new-york
https://www.ubereats.com/nyc-suburbs/food-delivery/glens-dinette/dKvgQ4tKScuX3G8DEcj6NQ,wyandanch-new-york
https://www.ubereats.com/nyc-suburbs/food-delivery/mb-ramen-huntington/OTCOl84HQACxauIcbQmtrQ,wyandanch-new-york
https://www.ubereats.com/nyc-suburbs/food-delivery/kumo-sushi-bay-shore/WUZwz2oHQGSGVeNjxoMrDw,wyandanch-new-york
https://www.ubereats.com/nyc-suburbs/food-delivery/the-one-sushi/qNKDRyjwQi2nyF2-Q2w39Q,wyandanch-new-york
https://www.ubereats.com/nyc-suburbs/food-delivery/109-thaiana/RhdR0UctSe2eNBOFy_1GcQ,wyandanch-new-york
https://www.ubereats.com/nyc-suburbs/food-delivery/mcdonalds-farmingdale-fulton/2l1l7zCQQCe8T-udr55tdg,wyandanch-new-york
https://www.ubereats.com/nyc-suburbs/food-delivery/the-village-pub/q12Q2zZOTaCi1xPniCTY-Q,wyandanch-new-york
https://www.ubereats.com/nyc-suburbs/food-delivery/el-paso-taco-grill/iDgaNNGeRNipXYIwIT6vtQ,wyandanch-new-york
https://www.ubereats.com/nyc-suburbs/food-delivery/chipotle-mexican-grill-1675-sunrise-hwy/Hbg71ZdIRy-RF9Eaidexyg,wyandanch-new-york
https://www.ubereats.com/nyc-suburbs/food-delivery/outback-steakhouse-216-jericho-turnpike/liXhTJATTFuSnAhMP6kSxA,wyandanch-new-york
https://www.ubereats.com/nyc-suburbs/food-delivery/111-deli/dsklPVHMR6KuTR25vYh6hw,wyandanch-new-york
https://www.ubereats.com/nyc-suburbs/food-delivery/dunkin-516-walt-whitman-rd/08zRIhpHROOaKTEmSShFtw,wyandanch-new-york
https://www.ubereats.com/nyc-suburbs/food-delivery/beenz-indian-grill-%26-bar/iVzuRJzySV-AwRSmA79qjA,wyandanch-new-york
https://www.ubereats.com/nyc-suburbs/food-delivery/pdq-1004-broadhollow-road/n3-FFSl7SHGgbrMsQsi1vQ,wyandanch-new-york
https://www.ubereats.com/nyc-suburbs/food-delivery/paradise-caribbean-restaurant-west-babylon/sG8IA5jSSxaCTrCM1iCE5A,wyandanch-new-york
https://www.ubereats.com/nyc-suburbs/food-delivery/mcdonalds-131-sunrise-hwy-bobs-shopping-center/WNrBXkQtSSCvCxZOCm3V_A,wyandanch-new-york
https://www.ubereats.com/nyc-suburbs/food-delivery/thai-basil/ZfXYcALdQh21SvanaXEBjw,wyandanch-new-york
https://www.ubereats.com/nyc-suburbs/food-delivery/suburban-eats/EITHWY2MT167_RIm_VrJGg,wyandanch-new-york
https://www.ubereats.com/nyc-suburbs/food-delivery/smashburger-36-e-sunrise-hwy/5fQNmaP_SSWX0Oq4bEBAiw,wyandanch-new-york
https://www.ubereats.com/nyc-suburbs/food-delivery/hurricane-grill-%26-wings-lindenhurst/m-xEvOCyQZisimyRrxxbtA,wyandanch-new-york
https://www.ubereats.com/nyc-suburbs/food-delivery/b*tch-dont-grill-my-cheese/LqtwsuedQcyWdzYJFcdh5g,wyandanch-new-york
https://www.ubereats.com/nyc-suburbs/food-delivery/subway-1490-5th-ave/I0c9pkNMSI69QwHpfvyR0w,wyandanch-new-york
https://www.ubereats.com/nyc-suburbs/food-delivery/dunkin-194-merritts-rd/-8dqphWiQv2tmcs-K_n0Og,wyandanch-new-york
https://www.ubereats.com/nyc-suburbs/food-delivery/brownstones-coffee-amitville/9H_ZMsN_RrG1qxzWtzDdTw,wyandanch-new-york
https://www.ubereats.com/nyc-suburbs/food-delivery/cochinita-porky/y4LJGOKRR2aYF2St-YpnKA,wyandanch-new-york
https://www.ubereats.com/nyc-suburbs/food-delivery/bagel-biz/clItUKuHSROkSiQZRXB_yQ,wyandanch-new-york
https://www.ubereats.com/nyc-suburbs/food-delivery/ninja-ramen-%26-poke-bowl/KSDdnsRXQciCbveCD0cgdg,wyandanch-new-york
https://www.ubereats.com/nyc-suburbs/food-delivery/hicksville-diner/kkyeR_20Ska0uzMwGl3vww,wyandanch-new-york
https://www.ubereats.com/nyc-suburbs/food-delivery/anamelis-bakery-empanadas/YcNH8sYxTeGkUXnhY5apIQ,wyandanch-new-york
https://www.ubereats.com/nyc-suburbs/food-delivery/daves-goldmine-mexican-grill/vShXCHavQjSYVCAAy9zCUg,wyandanch-new-york
https://www.ubereats.com/nyc-suburbs/food-delivery/noor-food-halal-gyros/S76cl6IkRtGCCSh5Ky3-uw,wyandanch-new-york
https://www.ubereats.com/nyc-suburbs/food-delivery/taco-bell-311-montauk-hwy/5rMikkBUQV2cFPCxBo0Xxw,wyandanch-new-york
https://www.ubereats.com/nyc-suburbs/food-delivery/pizza-king/nO_QNZp_TUqr32E69bOdKg,wyandanch-new-york
https://www.ubereats.com/nyc-suburbs/food-delivery/one-bite-jamaican-restaurant-%26-bakery/oZUszMqqQN-EbrN1B2p5Kg,wyandanch-new-york
https://www.ubereats.com/nyc-suburbs/food-delivery/miceli-brothers-pizzeria-%26-restaurant/k4ToHnlkTaK1XssPSInEzA,wyandanch-new-york
https://www.ubereats.com/nyc-suburbs/food-delivery/jersey-mikes-155-w-sunrise-highway/sGAG6UZsQAWqnKWAHQiQ2A,wyandanch-new-york
https://www.ubereats.com/nyc-suburbs/food-delivery/egg-the-f*-out/PjEevlfxR_6locBaXKsuyQ,wyandanch-new-york
https://www.ubereats.com/nyc-suburbs/food-delivery/ralphs-famous-italian-ice-commack/_LzIZWBHQ66u4l2dwCHNXA,wyandanch-new-york
https://www.ubereats.com/nyc-suburbs/food-delivery/taco-bell-490-e-main-street/GXqyLdfjTTuxeJBOOx3kug,wyandanch-new-york
https://www.ubereats.com/nyc-suburbs/food-delivery/core-life-eatery/FgTGqhltS66UdfDTfVxP5Q,wyandanch-new-york
https://www.ubereats.com/nyc-suburbs/food-delivery/lindenhurst-bagels-%26-deli/wolrG8CqRzWtpccXp-j49w,wyandanch-new-york
https://www.ubereats.com/nyc-suburbs/food-delivery/dunkin-280-e-sunrise-hwy/21br7GR3ROKprJ5NF4PVmA,wyandanch-new-york
https://www.ubereats.com/nyc-suburbs/food-delivery/pollo-campero-central-islip-wheeler-rd/PVS3kq1eTQCffzWxdZv_Zw,wyandanch-new-york
https://www.ubereats.com/nyc-suburbs/food-delivery/365-noodle-bar-and-grill-%E9%9D%A2%E9%9D%A2%E8%81%9A%E9%81%93/82oq59DTQkOVrDd-u_w37g,wyandanch-new-york
https://www.ubereats.com/nyc-suburbs/food-delivery/dunkin-281-walt-whitman-rd/VGtjOwKRREStGrH_Mkr0Jg,wyandanch-new-york
https://www.ubereats.com/nyc-suburbs/food-delivery/the-panini-press/45moNxXMTGqOrD0_VccEmQ,wyandanch-new-york
https://www.ubereats.com/nyc-suburbs/food-delivery/a%26r-bagel-world-itd/nt5nvadRTr-WqHA0QiONiQ,wyandanch-new-york
https://www.ubereats.com/nyc-suburbs/food-delivery/chipotle-mexican-grill-1090-the-arches-cir/OWizFsIBTpeZ22z7MpZg1g,wyandanch-new-york
https://www.ubereats.com/nyc-suburbs/food-delivery/auntie-annes-35-sunrise-mall/Eo_rD4wgS-e8TFFZ2lRCtg,wyandanch-new-york
https://www.ubereats.com/nyc-suburbs/food-delivery/la-piazza-cucina-italiana-%26-wine-bar/9eRFg9I7Qj643i4uhVOsVA,wyandanch-new-york
https://www.ubereats.com/nyc-suburbs/food-delivery/k-t-wines-%26-liquors/wscHztwTSMWJE9Af-JiCAw,wyandanch-new-york
https://www.ubereats.com/nyc-suburbs/food-delivery/richies-pizza/W1CHz8I_QpiP9JQUHgSrVw,wyandanch-new-york
https://www.ubereats.com/nyc-suburbs/food-delivery/starbucks-amityville-broadway/OcRg5Lk3QB6fNSDRipJ4AA,wyandanch-new-york
https://www.ubereats.com/nyc-suburbs/food-delivery/millers-ale-house-deer-park/-IUmMCgBSMe5n53s8zznQg,wyandanch-new-york
https://www.ubereats.com/nyc-suburbs/food-delivery/toxic-wings-deer-park/ZgT6WoVBQIu5E6J-jYfTUA,wyandanch-new-york
https://www.ubereats.com/nyc-suburbs/food-delivery/pappis-pollo-ala-brasa-ordermark/ZkSnj_h0TpaD9ui-MZMVUA,wyandanch-new-york
https://www.ubereats.com/nyc-suburbs/food-delivery/sidelines-cafe/cUe8xQiDRd6Bhr_h-XyF1A,wyandanch-new-york
https://www.ubereats.com/nyc-suburbs/food-delivery/mixed-grill/X3xJU0xYSICzmM_-XPCvcA,wyandanch-new-york
https://www.ubereats.com/nyc-suburbs/food-delivery/starbucks-north-babylon/MC_UBw3HToiYo_jGdA3LsQ,wyandanch-new-york
https://www.ubereats.com/nyc-suburbs/food-delivery/bonillas-pizza/k_RMo67fRSa897MRlQBGeA,wyandanch-new-york
https://www.ubereats.com/nyc-suburbs/food-delivery/taco-bell-85-e-sunrise-hwy/R4N2fH2MTcy1wt5B4egLBA,wyandanch-new-york
https://www.ubereats.com/nyc-suburbs/food-delivery/fans-dim-sum-palace/EtmTzZqMR5aJ2qLocyN9JQ,wyandanch-new-york
https://www.ubereats.com/nyc-suburbs/food-delivery/dunkin-1261-sunrise-hwy/l5l4R65jTfObWk-21LGQhA,wyandanch-new-york
https://www.ubereats.com/nyc-suburbs/food-delivery/valentinos-restaurant/iykhh0IjRoG0I6GfVhTfFw,wyandanch-new-york
https://www.ubereats.com/nyc-suburbs/food-delivery/burger-king-1915-broadhollow-rd/er75bP94SSqhHEf6eT2nBg,wyandanch-new-york
https://www.ubereats.com/nyc-suburbs/food-delivery/long-john-silvers-606-broadhollow-rd/mATe0U5mRb2jKUwPUL8vCg,wyandanch-new-york
https://www.ubereats.com/nyc-suburbs/food-delivery/ralphs-famous-italian-ices-north-babylon/nEwxUvt1SVqQk_UUdHD1Ew,wyandanch-new-york
https://www.ubereats.com/nyc-suburbs/food-delivery/el-buen-gusto/fvWb-isqR6608p2_b7qhzw,wyandanch-new-york
https://www.ubereats.com/nyc-suburbs/food-delivery/starbucks-melville/rqrm0bdjQimZj3BG2hw1cw,wyandanch-new-york
https://www.ubereats.com/nyc-suburbs/food-delivery/brekkie-bagels/k9dIcbSeT32XHTVpOU5uxQ,wyandanch-new-york
https://www.ubereats.com/nyc-suburbs/food-delivery/new-china-restaurant-bethpage/2E65suuFSoOx0UzIFlvrJA,wyandanch-new-york
https://www.ubereats.com/nyc-suburbs/food-delivery/ihop-1701-sunrise-hwy-unit-d10b/YFvnhqFBRxGqweINdQEr_g,wyandanch-new-york
https://www.ubereats.com/nyc-suburbs/food-delivery/mcdonalds-762-suffolk-ave/dU_fgKz7T0yEmp14YXRlUg,wyandanch-new-york
https://www.ubereats.com/nyc-suburbs/food-delivery/great-american-eats/m441Ab5kRHKmnwMutcEcDw,wyandanch-new-york
https://www.ubereats.com/nyc-suburbs/food-delivery/ritas-italian-ice/UQ1zk2p0Rw-ZgJa1ipdurA,wyandanch-new-york
https://www.ubereats.com/nyc-suburbs/food-delivery/blaze-pizza-1701-sunrise-hwy/PcCQivqZTM25nr0JYQ2rww,wyandanch-new-york
https://www.ubereats.com/nyc-suburbs/food-delivery/zaros-cafe/1IXLEYdDQlKPAbMjpcslMg,wyandanch-new-york
https://www.ubereats.com/nyc-suburbs/food-delivery/taco-bell-810-broadway/rg8IIHG7SUaXA1TJ1HO1Cg,wyandanch-new-york
https://www.ubereats.com/nyc-suburbs/food-delivery/tang-asian-fusion/lEG9NgGjTsWN9qt_-zB30g,wyandanch-new-york
https://www.ubereats.com/nyc-suburbs/food-delivery/popeis-bethpage/2r7PQjobTey7fimg7ut8ow,wyandanch-new-york
https://www.ubereats.com/nyc-suburbs/food-delivery/lulus-empowering-goods/Zc4BtvCsS7OoRWWjEc95tA,wyandanch-new-york
https://www.ubereats.com/nyc-suburbs/food-delivery/stuff-a-bagel/Tvyf3m5hST6jWIskjT9SsA,wyandanch-new-york
https://www.ubereats.com/nyc-suburbs/food-delivery/blue-line-deli-%26-bagels/uLrWqjkcT3SvZlDwxv9fYg,wyandanch-new-york
https://www.ubereats.com/nyc-suburbs/food-delivery/dunkin-343-union-blvd/ZWMpmBqfRhG_YUnlPsDwLQ,wyandanch-new-york
https://www.ubereats.com/nyc-suburbs/food-delivery/subway-495-commack-rd/2QLVWObgS2SgmEfqYl4z1A,wyandanch-new-york
https://www.ubereats.com/nyc-suburbs/food-delivery/mcdonalds-221-e-sunrise-hwy/A6iyI22RRBaCq51khibmDg,wyandanch-new-york
https://www.ubereats.com/nyc-suburbs/food-delivery/starbucks-north-melville/6UryQGuvRKyGtydfP4r_UQ,wyandanch-new-york
https://www.ubereats.com/nyc-suburbs/food-delivery/burgerfi-commack/2kNi2NA6Smam8sfTdi8j6g,wyandanch-new-york
https://www.ubereats.com/nyc-suburbs/food-delivery/dunkin-19-bay-shore-rd/MLJjnHlLRSK1OmFWb1QKLA,wyandanch-new-york
https://www.ubereats.com/nyc-suburbs/food-delivery/crostini-pizza-on-broadway/2z3f4cdRQG-0a-56tqXh1g,wyandanch-new-york
https://www.ubereats.com/nyc-suburbs/food-delivery/tacos-guacamola/K5e8HCezQ6KTJVJC0shzmQ,wyandanch-new-york
https://www.ubereats.com/nyc-suburbs/food-delivery/juno-pizza-pasta-%26-algo-mas/bWxImV-MSoWP4evxNVLYaA,wyandanch-new-york
https://www.ubereats.com/nyc-suburbs/food-delivery/texas-taco/Zj-aFtVnQdCuS7Wb5YWcjg,wyandanch-new-york
https://www.ubereats.com/nyc-suburbs/food-delivery/dalisa-pizza/u7-36_44RJiDssBiKZj0NQ,wyandanch-new-york
https://www.ubereats.com/nyc-suburbs/food-delivery/uncle-louie-g-ices-and-ice-cream-lindenhurst/n_3Ta10-S1aeT4K6fPZQuA,wyandanch-new-york
https://www.ubereats.com/nyc-suburbs/food-delivery/nanitos-deli/DE8LF4ndQ2W_wycV9QvA2g,wyandanch-new-york
https://www.ubereats.com/nyc-suburbs/food-delivery/%E2%80%9Ceat%E2%80%9D-%40-the-living-room/VV0hXI23Rbq-aHwEKWTs8A,wyandanch-new-york
https://www.ubereats.com/nyc-suburbs/food-delivery/the-ice-cream-shop/v0Kpt79-Rd6Mc3LAlq6cGQ,wyandanch-new-york
https://www.ubereats.com/nyc-suburbs/food-delivery/kfc-deer-park/v0hI4ZmsS16E3dRLB5mzQQ,wyandanch-new-york
https://www.ubereats.com/nyc-suburbs/food-delivery/coliseum-tacos/5ZzPL9siRAin_qcJJp_jhw,wyandanch-new-york
https://www.ubereats.com/nyc-suburbs/food-delivery/la-margheritas-pizza/KZYvqSeNQ-qR2-3qsXe3aw,wyandanch-new-york
https://www.ubereats.com/nyc-suburbs/food-delivery/salad-buzz/ViTqHQ1-THmO0_jgZ0KXNg,wyandanch-new-york
https://www.ubereats.com/nyc-suburbs/food-delivery/tullulahs/2enCchOxTduZLKj5VwPl1g,wyandanch-new-york
https://www.ubereats.com/nyc-suburbs/food-delivery/subway-1393-straight-path/iGoImLgyRMSg7rMb0rw8OA,wyandanch-new-york
https://www.ubereats.com/nyc-suburbs/food-delivery/forum-diner/hw_cn5wlREeVeYpZ5Zm-gw,wyandanch-new-york
https://www.ubereats.com/nyc-suburbs/food-delivery/parkways-famous-grilled-chicken/1KIsDMUDTJKrlJaA3JPqUA,wyandanch-new-york
https://www.ubereats.com/nyc-suburbs/food-delivery/dunkin-1750-fifth-ave/GHtuDlyBSbWQ6uH0gICBxg,wyandanch-new-york
https://www.ubereats.com/nyc-suburbs/food-delivery/mvp-diner/1JgD_7I1Tx-A4FaxJNXcWg,wyandanch-new-york
https://www.ubereats.com/nyc-suburbs/food-delivery/la-terraza-bar-%26-grill/f_tTPszRQfWLp7i_9jp5MA,wyandanch-new-york
https://www.ubereats.com/nyc-suburbs/food-delivery/boston-market-163-east-montauk-hwy/sUUc-GPfTYCmyxpvG7147Q,wyandanch-new-york
https://www.ubereats.com/nyc-suburbs/food-delivery/dunkin-34-hempstead-tpke/cswJyDKDRg-QOxkDrsHiEQ,wyandanch-new-york
https://www.ubereats.com/nyc-suburbs/food-delivery/subway-965-broadhollow-rd/wSkvWJhfR7CdPj2CnPOUmA,wyandanch-new-york
https://www.ubereats.com/nyc-suburbs/food-delivery/nazar-restaurant/zuu7ivU6Qb-0TUO8DrRDqQ,wyandanch-new-york
https://www.ubereats.com/nyc-suburbs/food-delivery/surf-city-squeeze-52-willow-park-ctr-%23d/X54mewJ9QaWADCYZkpn7gA,wyandanch-new-york
https://www.ubereats.com/nyc-suburbs/food-delivery/mcdonalds-amityville-rt-110/1xK3pB81TSOIYjQwKHHkuA,wyandanch-new-york
https://www.ubereats.com/nyc-suburbs/food-delivery/kawa-poke-bowls/GZtLUj0eRSaEnj_U7lh1gg,wyandanch-new-york
https://www.ubereats.com/nyc-suburbs/food-delivery/jessies-on-the-water/4JPqwGWgQE2o6dXL-6vVfQ,wyandanch-new-york
https://www.ubereats.com/nyc-suburbs/food-delivery/krinti-mediterranean-grill/51T4MAsiRgOZEa39UITd-Q,wyandanch-new-york
https://www.ubereats.com/nyc-suburbs/food-delivery/trento/Uxu_Et88QwO4VuZX4itxQw,wyandanch-new-york
https://www.ubereats.com/nyc-suburbs/food-delivery/peninsula/JrRWEKGwShmHzJXOynf5pA,wyandanch-new-york
https://www.ubereats.com/nyc-suburbs/food-delivery/ravello/OLfPCYffTgu9IwAz80Agjw,wyandanch-new-york
https://www.ubereats.com/nyc-suburbs/food-delivery/ginos-of-lindenhurst-pizzeria-%26-restaurant/2noBPedOTb6ozODPXt35Ww,wyandanch-new-york
https://www.ubereats.com/nyc-suburbs/food-delivery/haagen-dazs-152-the-arches-circle/p0wlmMYMQdGuWJGGPhPrkQ,wyandanch-new-york
https://www.ubereats.com/nyc-suburbs/food-delivery/commack-bagels-deli-market/zF-QRum3T3-s1ULMWK3wLw,wyandanch-new-york
https://www.ubereats.com/nyc-suburbs/food-delivery/local-burger-co-bayshore/1ne_YsmUTGWjaJMHwmxpEQ,wyandanch-new-york
https://www.ubereats.com/nyc-suburbs/food-delivery/doughology/yqwLK7pQSzC_KthACRBVSg,wyandanch-new-york
https://www.ubereats.com/nyc-suburbs/food-delivery/madame-butterfly-cakes/vMcaek6WQkKvD8Ox2XUwhQ,wyandanch-new-york
https://www.ubereats.com/nyc-suburbs/food-delivery/bagel-hut/vu3kpPS9RjSrgn-K19dIFA,wyandanch-new-york
https://www.ubereats.com/nyc-suburbs/food-delivery/a%26j-sandwich/GdkAKKrdQM-BdAqrx61BUg,wyandanch-new-york
https://www.ubereats.com/nyc-suburbs/food-delivery/panera-919-route-110-n/Cv1Y40qnRce1SbW51nqLTw,wyandanch-new-york
https://www.ubereats.com/nyc-suburbs/food-delivery/food-nation-generation/SjSXxGo-SSGSldThbsS5Mg,wyandanch-new-york
https://www.ubereats.com/nyc-suburbs/food-delivery/library-cafe/CU63EF9fSfq49xCAfrVonA,wyandanch-new-york
https://www.ubereats.com/nyc-suburbs/food-delivery/bakuto/RIhMpVmlTa2b5qLtTaabhg,wyandanch-new-york
https://www.ubereats.com/nyc-suburbs/food-delivery/kfc-bay-shore/KKNoFO4eSPiAqttMiH45yw,wyandanch-new-york
https://www.ubereats.com/nyc-suburbs/food-delivery/east-eats/tGKFv3o9R2ugzglfTxzgRQ,wyandanch-new-york
https://www.ubereats.com/nyc-suburbs/food-delivery/the-green-island-cafe/RL5gTN4nQImKfibmybH3sg,wyandanch-new-york
https://www.ubereats.com/nyc-suburbs/food-delivery/arrosto-italian-rotisserie/0z9qRfQSTQiEsGeflK5ccA,wyandanch-new-york
https://www.ubereats.com/nyc-suburbs/food-delivery/mcdonalds-1510-deer-park-ave/cb70H9WtRpaRxfuWG6ZH_A,wyandanch-new-york
https://www.ubereats.com/nyc-suburbs/food-delivery/brunellos-pizza-%26-pasta/Vnq_OMvGQQ-lCWe2MAgnhA,wyandanch-new-york
https://www.ubereats.com/nyc-suburbs/food-delivery/bareburger-399-s-oyster-bay-rd/sqj1cOo4Q9ytTDuohk3Lew,wyandanch-new-york
https://www.ubereats.com/nyc-suburbs/food-delivery/carvel-280-n-wellwood-avenue/Hxb1wDe9ShePxR9FaSgSlQ,wyandanch-new-york
https://www.ubereats.com/nyc-suburbs/food-delivery/starbucks-farmingdale/aGhIAXbeRAGUWyPoaquQ-w,wyandanch-new-york
https://www.ubereats.com/nyc-suburbs/food-delivery/yogurt-%26-such-cafe-westbury/MbJ6aisVS1OOHxfqEwzNjQ,wyandanch-new-york
https://www.ubereats.com/nyc-suburbs/food-delivery/sky/jBcKoBeqQm-n22iUrMUj7g,wyandanch-new-york
https://www.ubereats.com/nyc-suburbs/food-delivery/dunkin-203-broadhollow-rd/ujr2uIEKTuqXTL1tTH9XhA,wyandanch-new-york
https://www.ubereats.com/nyc-suburbs/food-delivery/vasquez-deli/wtV7TEO0ReeBuwefcb90bg,wyandanch-new-york
https://www.ubereats.com/nyc-suburbs/food-delivery/hooties-burger-bar-farmingdale/218R-oTYSom3TamOWMjIIw,wyandanch-new-york
https://www.ubereats.com/nyc-suburbs/food-delivery/hi-bagel-deli-%26-grocery/aNeVrQzJQKe-oD68ZbAXSA,wyandanch-new-york
https://www.ubereats.com/nyc-suburbs/food-delivery/taco-bell-1245-deer-park-ave/lazwpWdnQ1atMdL-prkCHw,wyandanch-new-york
https://www.ubereats.com/nyc-suburbs/food-delivery/110-bagel-market-%26-bistro/NAVGXvuDQ0aI4Hd_JUYYlA,wyandanch-new-york
https://www.ubereats.com/nyc-suburbs/food-delivery/marinos-pizza/5j7ijtLASZ2NCdKyBkuv5g,wyandanch-new-york
https://www.ubereats.com/nyc-suburbs/food-delivery/ita-kitchen/r0GEW5Z1QhqQG2_vr26RVA,wyandanch-new-york
https://www.ubereats.com/nyc-suburbs/food-delivery/the-republic-pub/RQbW-XRASiGIBCkxta6hSw,wyandanch-new-york
https://www.ubereats.com/nyc-suburbs/food-delivery/nutriwolf-deer-park/mR49vEgJQlqaTngikmk2aA,wyandanch-new-york
https://www.ubereats.com/nyc-suburbs/food-delivery/blu-mediterranean-restaurant-inc/_Q0hVQKeQ5e1hZ5h0l44aw,wyandanch-new-york
https://www.ubereats.com/nyc-suburbs/food-delivery/lindenhurst-diner/3JgLAvjKSaWknLR49Itf9g,wyandanch-new-york
https://www.ubereats.com/nyc-suburbs/food-delivery/spk/NbOtZirPR0CMHU4ELwaEcA,wyandanch-new-york
https://www.ubereats.com/nyc-suburbs/food-delivery/marios-pizzeria-of-commack/pnJ6-_wFTZ6Q5vtPnxr1lg,wyandanch-new-york
https://www.ubereats.com/nyc-suburbs/food-delivery/the-greek-grill/MFDKBUfFQA-tq6Hz6Ne-TQ,wyandanch-new-york
https://www.ubereats.com/nyc-suburbs/food-delivery/subway-1735-union-blvd/qE1AqJFGRum3umpgPp5B7Q,wyandanch-new-york
https://www.ubereats.com/nyc-suburbs/food-delivery/el-paso-tacqueria-grill-ii-corp/IzRQ0fYYT0GZ3EVXmOhhkQ,wyandanch-new-york
https://www.ubereats.com/nyc-suburbs/food-delivery/ralphs-famous-italian-ices-melville/_Ai1G31fQRShu6B-LESdWQ,wyandanch-new-york
https://www.ubereats.com/nyc-suburbs/food-delivery/teriyaki-express/h7U4vY2GTOCZoRmSVLlddQ,wyandanch-new-york
https://www.ubereats.com/nyc-suburbs/food-delivery/wendys-2180-jericho-turnpike/vTVTzXMgTHWWUvi3dqyaAw,wyandanch-new-york
https://www.ubereats.com/nyc-suburbs/food-delivery/gourmet-surf-cafe-babylon/gsKPmQuQSNayLQHWsk_IoA,wyandanch-new-york
https://www.ubereats.com/nyc-suburbs/food-delivery/jersey-mikes-subs-4025-hempstead-turnpike-suite-3/VE4XTu3lQ-SVfU7zmObiOg,wyandanch-new-york
https://www.ubereats.com/nyc-suburbs/food-delivery/willies-delight/07AeAEZSQUC0mH4xNlWXAQ,wyandanch-new-york
https://www.ubereats.com/nyc-suburbs/food-delivery/the-one-juicy-cajun-seafood/8QvXjrsGSLK3g1HDiIo66Q,wyandanch-new-york
https://www.ubereats.com/nyc-suburbs/food-delivery/subway-914-carmans-rd/skQxhTDwSIaE_issgTb8Tg,wyandanch-new-york
https://www.ubereats.com/nyc-suburbs/food-delivery/tango-argentinian-steakhouse/yaEOu8sYScG_KziwWAH0Bw,wyandanch-new-york
https://www.ubereats.com/nyc-suburbs/food-delivery/grandpa-js-bagel-and-deli/HDbdmUcSSkGl3_gXX4V1HQ,wyandanch-new-york
https://www.ubereats.com/nyc-suburbs/food-delivery/pf-changs-160-walt-whitman-rd-space-1027b/h7vMmJDvTpaFGQrqfdQYaQ,wyandanch-new-york
https://www.ubereats.com/nyc-suburbs/food-delivery/f%E2%80%A2a%E2%80%A2n-chinese-cuisine-%E9%A5%AD/rH4b6LhJQPedu6M8fVchFw,wyandanch-new-york
https://www.ubereats.com/nyc-suburbs/food-delivery/maracas-southwest-grill/dafH_X4lSR2vxvy7d6xUMw,wyandanch-new-york
https://www.ubereats.com/nyc-suburbs/food-delivery/365-spicy-mala-town-%E9%BA%BB%E8%BE%A3%E9%A6%99%E9%94%85/0Dp9XLUdQ46yHwAYAtc1fQ,wyandanch-new-york
https://www.ubereats.com/nyc-suburbs/food-delivery/haagen-dazs-1701-sunrise-hgwy-space-%239118/0Dnnz-KQQOaH3Ie5eVEdLg,wyandanch-new-york
https://www.ubereats.com/nyc-suburbs/food-delivery/tallucis-pizzeria/6Bvekb0hTkqXBZP174LDAw,wyandanch-new-york
https://www.ubereats.com/nyc-suburbs/food-delivery/infinity-diner/KLazsDiITzikz4hVS_R5TQ,wyandanch-new-york
https://www.ubereats.com/nyc-suburbs/food-delivery/the-burger-man-bethpage/34IbdX-gR-Ct24v4Mi93aQ,wyandanch-new-york
https://www.ubereats.com/nyc-suburbs/food-delivery/sushi-560-inc/fNfuDT4MRk-JkF2QsQrXdg,wyandanch-new-york
https://www.ubereats.com/nyc-suburbs/food-delivery/red-lobster-801-sunrise-highway/lumucHxLRs-LmnezQx7iUA,wyandanch-new-york
https://www.ubereats.com/nyc-suburbs/food-delivery/yiasou-yeeros/Pes4rJ5wQviOSPp0TYEOvw,wyandanch-new-york
https://www.ubereats.com/nyc-suburbs/food-delivery/taco-bell-3048-jericho-tpke/AGnoyVk1SZi544SS3_FCmQ,wyandanch-new-york
https://www.ubereats.com/nyc-suburbs/food-delivery/moes-southwest-grill-610-broad-hollow-road/kbHSuHA7TjyeT3Ss5SmO7Q,wyandanch-new-york
https://www.ubereats.com/nyc-suburbs/food-delivery/jacksons/lSst2-PURICsHt5GrWYV8g,wyandanch-new-york
https://www.ubereats.com/nyc-suburbs/food-delivery/petes-deli/zBXDRAp3Rjys9v0vfAez5A,wyandanch-new-york
https://www.ubereats.com/nyc-suburbs/food-delivery/sweet-surrender-bake-house/jPQVVCHRS0iXk57dHwRX-g,wyandanch-new-york
https://www.ubereats.com/nyc-suburbs/food-delivery/wendys-820-montauk-highway/CNS96XuNRx6ohHbKTarKow,wyandanch-new-york
https://www.ubereats.com/nyc-suburbs/food-delivery/ali-baba-halal/dw4Y1R7SRMOfVK_6vzS7Jw,wyandanch-new-york
https://www.ubereats.com/nyc-suburbs/food-delivery/regal-deli/HUqoltS7Sgy8X_hxnusP4w,wyandanch-new-york
https://www.ubereats.com/nyc-suburbs/food-delivery/burger-king-96-route-110/wDC8aMO0Tae1-vRCmiPs0w,wyandanch-new-york
https://www.ubereats.com/nyc-suburbs/food-delivery/charleys-philly-steaks-westfield-sunrise-mall/B2J9gBTRT9yby4LG342tDg,wyandanch-new-york
https://www.ubereats.com/nyc-suburbs/food-delivery/our-little-italy/ej12RVcIQHuMdSwZAoEW4g,wyandanch-new-york
https://www.ubereats.com/nyc-suburbs/food-delivery/dominican-restaurant-4/hbKLlgitRkS50knilLzPjg,wyandanch-new-york
https://www.ubereats.com/nyc-suburbs/food-delivery/king-ginos-pizza/9nJO7gMySL-9Bw4ShMPaUQ,wyandanch-new-york
https://www.ubereats.com/nyc-suburbs/food-delivery/starbucks-copiague-1700-sunrise-hwy/b2v0PxANQ4yCBCE6RphduA,wyandanch-new-york
https://www.ubereats.com/nyc-suburbs/food-delivery/kumo-sushi-japanese-restaurant/SlFEEmwkQMWfrJ_i46CcrQ,wyandanch-new-york
https://www.ubereats.com/nyc-suburbs/food-delivery/golden-river/Ca-6Ix2IRFuSVjz06T1ILw,wyandanch-new-york
https://www.ubereats.com/nyc-suburbs/food-delivery/mcdonalds-plainview-old-country-rd/fYmtPKbXRq2HVG8ONGJyMg,wyandanch-new-york
https://www.ubereats.com/nyc-suburbs/food-delivery/roppongi-sushi/VfA-ppu9R4mO5A2kJuMVpg,wyandanch-new-york
https://www.ubereats.com/nyc-suburbs/food-delivery/kabul-halal-grill/3dJjBg1KTJOlO1suJs7jzA,wyandanch-new-york
https://www.ubereats.com/nyc-suburbs/food-delivery/wingstop-1209-deer-park/6lQKTREISVagJ5gpE16_jA,wyandanch-new-york
https://www.ubereats.com/nyc-suburbs/food-delivery/toxic-wings/yZQEqx_lSBeL_QKyR-H4fw,wyandanch-new-york
https://www.ubereats.com/nyc-suburbs/food-delivery/uncle-giuseppes-marketplace-melville/ebXufQClQbGL3JKV0U40XQ,wyandanch-new-york
https://www.ubereats.com/nyc-suburbs/food-delivery/suki-japan-restaurant/2Ew_sV_dToOSOkJZ_L9H0g,wyandanch-new-york
https://www.ubereats.com/nyc-suburbs/food-delivery/blooming-flavors/6SxuZ1yxRfKWf01G_EB8wA,wyandanch-new-york
https://www.ubereats.com/nyc-suburbs/food-delivery/inde-spice/dRXn89_MRuWyPT9YpJI1Pg,wyandanch-new-york
https://www.ubereats.com/nyc-suburbs/food-delivery/first-class-bagels-deer-park/qBp6BawHTrmXGUxafq0T8g,wyandanch-new-york
https://www.ubereats.com/nyc-suburbs/food-delivery/wendys-205-w-jericho-turnpike/GsDEpby9SjG3Hmysu4vVsg,wyandanch-new-york
https://www.ubereats.com/nyc-suburbs/food-delivery/outback-steakhouse-612-wellwood-avenue/vAS-Fp9mR_6SYVec8ELdYg,wyandanch-new-york
https://www.ubereats.com/nyc-suburbs/food-delivery/copiague-bagel-%26-deli/sEG0IU7CQbG0B2fGmgaPCw,wyandanch-new-york
https://www.ubereats.com/nyc-suburbs/food-delivery/sobol-islip/az8-5tPqQIeamykQYU2NyQ,wyandanch-new-york
https://www.ubereats.com/nyc-suburbs/food-delivery/marios-pizza-%26-restaurant/QerNvoDIQeem8H37edenuA,wyandanch-new-york
https://www.ubereats.com/nyc-suburbs/food-delivery/mcdonalds-levittown-hempstead/YCqJAbI1Svu4wnUh3GoNVA,wyandanch-new-york
https://www.ubereats.com/nyc-suburbs/food-delivery/kotobuki-babylon/Wnuxz_JMTSCoyTj9VJ6dvA,wyandanch-new-york
https://www.ubereats.com/nyc-suburbs/food-delivery/burgerim/a8yYQmygT0Kg9MU0ZTMUOA,wyandanch-new-york
https://www.ubereats.com/nyc-suburbs/food-delivery/la-finca-restaurant/EUhIaR80QB6520qkiWVi4g,wyandanch-new-york
https://www.ubereats.com/nyc-suburbs/food-delivery/subway-1157-deer-park-ave/eMWfYK9NQSu6zKuo_mBaGw,wyandanch-new-york
https://www.ubereats.com/nyc-suburbs/food-delivery/iavarone-italian-kitchen-%26-pizzeria/aeRkDyX_TtC23u7JSibRhQ,wyandanch-new-york
https://www.ubereats.com/nyc-suburbs/food-delivery/dunkin-925-montauk-hwy/8mcEJwzCTQm6hpeasnJkmA,wyandanch-new-york
https://www.ubereats.com/nyc-suburbs/food-delivery/sawasdee-thai-elevated/r-hv0jRvTBqBTUCmpSJB9w,wyandanch-new-york
https://www.ubereats.com/nyc-suburbs/food-delivery/gold-%26-meyers-gourmet-deli-%26-bagelry/ZpQPsYdMSXGvhbPEnesb2w,wyandanch-new-york
https://www.ubereats.com/nyc-suburbs/food-delivery/five-guys-ny-1767-1701-sunrise-hwy/UC0fRfypRO6qf50lYn3LxA,wyandanch-new-york
https://www.ubereats.com/nyc-suburbs/food-delivery/gingerbites/xLIFufWySD-tChot4IaXwQ,wyandanch-new-york
https://www.ubereats.com/nyc-suburbs/food-delivery/rancho-jubilee/O6saGGR0TcWCL-EBD-viug,wyandanch-new-york
https://www.ubereats.com/nyc-suburbs/food-delivery/dunkin-195-pine-aire-dr/4gWahQEARXeJKvFJe42QUA,wyandanch-new-york
https://www.ubereats.com/nyc-suburbs/food-delivery/peters-diner/yA6SCSCiSlyOHB2DNceLfA,wyandanch-new-york
https://www.ubereats.com/nyc-suburbs/food-delivery/gps-gyro-pita-sandwich/CqAml3gFQ2mfRReNO3ZbFA,wyandanch-new-york
https://www.ubereats.com/nyc-suburbs/food-delivery/croxleys-ale-house-farmingdale/yjG0RYXbQdC8vIxcuM4pXA,wyandanch-new-york
https://www.ubereats.com/nyc-suburbs/food-delivery/lindys-restaurant/YPu-jYvTTf-kMydlO5wO9w,wyandanch-new-york
https://www.ubereats.com/nyc-suburbs/food-delivery/pollo-campero-hungtington-station-new-york-ave/O0OwQxfST463riUGBnrfEw,wyandanch-new-york
https://www.ubereats.com/nyc-suburbs/food-delivery/farmingdale-diner-ordermark/NZgzGUeWRM2jrtw9z4tMqA,wyandanch-new-york
https://www.ubereats.com/nyc-suburbs/food-delivery/wendys-1234-deer-park-ave/lPxzN7SzRdCn63vw0OsoJw,wyandanch-new-york
https://www.ubereats.com/nyc-suburbs/food-delivery/ching-lai-kitchen/ub8IgJGPT5yhJ5nlZqc6-Q,wyandanch-new-york
https://www.ubereats.com/nyc-suburbs/food-delivery/bo-bo-chinese-kitchen/9xKLBQyNRqOMAD-GGdLyOw,wyandanch-new-york
https://www.ubereats.com/nyc-suburbs/food-delivery/kfc-melville/UHEQelF4S7u3NuKLVJmosg,wyandanch-new-york
https://www.ubereats.com/nyc-suburbs/food-delivery/mays-gourmet-cafe/kz3moqnvQ8SaJb2Iik5Rhg,wyandanch-new-york
https://www.ubereats.com/nyc-suburbs/food-delivery/sangria-71-williston-park/pbp-rNy_Rkq7HA9lF7U-HQ,wyandanch-new-york
https://www.ubereats.com/nyc-suburbs/food-delivery/five-guys-ny-1109-1942-deer-park-ave/TeV9JuQERZi_9Nz676KwnQ,wyandanch-new-york
https://www.ubereats.com/nyc-suburbs/food-delivery/the-better-bagel/0cG1OtNyS-O7bW4bgyFoIg,wyandanch-new-york
https://www.ubereats.com/nyc-suburbs/food-delivery/burger-king-628-east-montauk-highway/vLqwxf9dSympDtGacStzVA,wyandanch-new-york
https://www.ubereats.com/nyc-suburbs/food-delivery/shahs-hv-inc-500-rte-109/U5_gOj0VQ7WNHcq0Xp-64A,wyandanch-new-york
https://www.ubereats.com/nyc-suburbs/food-delivery/jin-fu-garden/YrtSuxymROKLZ0M35wgBfA,wyandanch-new-york
https://www.ubereats.com/nyc-suburbs/food-delivery/moes-southwest-grill-1161-old-country-road/5V4vwotXR6euG2AG0wEFXw,wyandanch-new-york
https://www.ubereats.com/nyc-suburbs/food-delivery/a-%26-g-bakery/-8cH7Y-XSyWTR1aVRRYgyg,wyandanch-new-york
https://www.ubereats.com/nyc-suburbs/food-delivery/caffe-catania/QmD79xI7TKuHPMUvtgUbFw,wyandanch-new-york
https://www.ubereats.com/nyc-suburbs/food-delivery/taco-bell-3950-sunrise-hwy/2vipBxT2T6i4CNOZh_WVyw,wyandanch-new-york
https://www.ubereats.com/nyc-suburbs/food-delivery/white-castle-1690-deer-park-ave/VFXzHlSNTq-5Sao5O8Ci8A,wyandanch-new-york
https://www.ubereats.com/nyc-suburbs/food-delivery/island-jerk-wyandanch/7zCvLnjpSiSkrvECTfYibQ,wyandanch-new-york
https://www.ubereats.com/nyc-suburbs/food-delivery/buffalo-wild-wings-1701-sunrise-hwy/b7CqX-nnTriZ5Dlei55b3g,wyandanch-new-york
https://www.ubereats.com/nyc-suburbs/food-delivery/blackstone-steakhouse/JDm0vACAQ_Wpkv-9crNAxQ,wyandanch-new-york
https://www.ubereats.com/nyc-suburbs/food-delivery/wow-american-eats-753-sunrise-hwy/5xH4UU6gQk-Z-2bDPoU1NA,wyandanch-new-york
https://www.ubereats.com/nyc-suburbs/food-delivery/shake-house/3Jubo84iTSGt3Lh0YtMm8g,wyandanch-new-york
https://www.ubereats.com/nyc-suburbs/food-delivery/curry-express-huntington/yXXlzUnlSFqGB39SReyC9Q,wyandanch-new-york
https://www.ubereats.com/nyc-suburbs/food-delivery/jn-deli-%26-convenience/qVOfa6CITzSgrObgqpVaJA,wyandanch-new-york
https://www.ubereats.com/nyc-suburbs/food-delivery/corks-and-taps/BFk_lKfwTiCUYpM8sGvb7w,wyandanch-new-york
https://www.ubereats.com/nyc-suburbs/food-delivery/railroad-bagel-express/1bApAw5ASKSzCewMXqwJpg,wyandanch-new-york
https://www.ubereats.com/nyc-suburbs/food-delivery/bella-vie/jPNLbWFlSt-nsnFWiwjIRw,wyandanch-new-york
https://www.ubereats.com/nyc-suburbs/food-delivery/taco-bell-3946-hempstead-turnpike/-Kz4bJNIQfe_rD99daNVkg,wyandanch-new-york
https://www.ubereats.com/nyc-suburbs/food-delivery/nutriwolf-farmingdale/IE6eU39CRTi1Ch4sN7OuUA,wyandanch-new-york
https://www.ubereats.com/nyc-suburbs/food-delivery/kabanos-polish-deli/3baJFVO7RfWjTjLM1MmCMg,wyandanch-new-york
https://www.ubereats.com/nyc-suburbs/food-delivery/checkers-huntington/6xu-1HKvSjSRFSYQebjsUg,wyandanch-new-york
https://www.ubereats.com/nyc-suburbs/food-delivery/dunkin-1201-deer-park-ave/D1R5R3QcQsy5LI16il4oYQ,wyandanch-new-york
https://www.ubereats.com/nyc-suburbs/food-delivery/west-babylon-bagels-and-deli/JD428uhmRpyf3Xhwa2Qzvw,wyandanch-new-york
https://www.ubereats.com/nyc-suburbs/food-delivery/exotic-bowls/qJ2_Q2ntTNyW_XSVUCGsrw,wyandanch-new-york
https://www.ubereats.com/nyc-suburbs/food-delivery/monsoon/CuzzskgtQriOtECTZmvcRg,wyandanch-new-york
https://www.ubereats.com/nyc-suburbs/food-delivery/lemonshark-poke/kHTyPoj_R9Kif-3867lF6A,wyandanch-new-york
https://www.ubereats.com/nyc-suburbs/food-delivery/supreme-philly-cheese-steak/W0-o3IQrSOi3PgGmelajVg,wyandanch-new-york
https://www.ubereats.com/nyc-suburbs/food-delivery/mary-carrolls/Zse6pT4jTM2KVXS9ZSBoGw,wyandanch-new-york
https://www.ubereats.com/nyc-suburbs/food-delivery/dunkin-1903-jericho-tpke/AwenV_WcQs6_wlzXUwUc5w,wyandanch-new-york
https://www.ubereats.com/nyc-suburbs/food-delivery/dunkin-4025b-hempstead-tpke/eeZaDtQ3Slay7sR-Q-TqQw,wyandanch-new-york
https://www.ubereats.com/nyc-suburbs/food-delivery/taco-bell-1898-new-york-avenue/K2P5gfMVTNuXG2c6vYT-1w,wyandanch-new-york
https://www.ubereats.com/nyc-suburbs/food-delivery/pista-house/z33A1yanS66vm3ydGzHFxA,wyandanch-new-york
https://www.ubereats.com/nyc-suburbs/food-delivery/burger-king-1300-deer-park-avenue/_ppJLPslTsybugYc-hBx-A,wyandanch-new-york
https://www.ubereats.com/nyc-suburbs/food-delivery/dunkin-1000-carmans-rd/t8akXNBZT3Sn22baEkC2XQ,wyandanch-new-york
https://www.ubereats.com/nyc-suburbs/food-delivery/mushroom-restaurant/JToxdR1MSr2YKIiQPCPiOQ,wyandanch-new-york
https://www.ubereats.com/nyc-suburbs/food-delivery/ihop-259b-old-walt-whitman-rd/2dBf4tHnT5en4A_Cu6S8qQ,wyandanch-new-york
https://www.ubereats.com/nyc-suburbs/food-delivery/blimpie-52-d-willow-park/of6t-DvrR7KWUE03RyG2AA,wyandanch-new-york
https://www.ubereats.com/nyc-suburbs/food-delivery/nanking/el-CUVvmTUOl6qgYW-3hmg,wyandanch-new-york
https://www.ubereats.com/nyc-suburbs/food-delivery/subway-282-c-higbie-ln/QmcO1CjKTtaT0Lgyz0_34Q,wyandanch-new-york
https://www.ubereats.com/nyc-suburbs/food-delivery/wendys-1210-e-jericho-tpke/VtssteapT0amH5uTDmimDQ,wyandanch-new-york
https://www.ubereats.com/nyc-suburbs/food-delivery/naz-halal-food-4125-hempstead-turnpike/M6k3mgh_TOed3NNB9E7n_w,wyandanch-new-york
https://www.ubereats.com/nyc-suburbs/food-delivery/panera-1258-deer-park-avenue/OdrVILfpThWmxWeQgvfpeA,wyandanch-new-york
https://www.ubereats.com/nyc-suburbs/food-delivery/sobol-farmingdale/Dl_GPo-qStGxDjrkMnt4UA,wyandanch-new-york
https://www.ubereats.com/nyc-suburbs/food-delivery/dunkin-393-little-east-neck-rd/Gd-IuwftSd-Q2X88BXg1hA,wyandanch-new-york
https://www.ubereats.com/nyc-suburbs/food-delivery/nellys-taqueria-farmingdale/wEXdJlN2TwGdVd_ia0Bcbg,wyandanch-new-york
https://www.ubereats.com/nyc-suburbs/food-delivery/gold-%26-meyers-deli/iM-Vj7n3QSG7sJxHymLp-g,wyandanch-new-york
https://www.ubereats.com/nyc-suburbs/food-delivery/whiskey-down-diner/vQOb8G6wSlGGxxcG-EhbiQ,wyandanch-new-york
https://www.ubereats.com/nyc-suburbs/food-delivery/mr-cajun/VBs85ByxQxWFPLO7_iPHDQ,wyandanch-new-york
https://www.ubereats.com/nyc-suburbs/food-delivery/tropical-smoothie-cafe-bay-shore-commons/5M5mwKHJRpqf3ZYDHqhwPw,wyandanch-new-york
https://www.ubereats.com/nyc-suburbs/food-delivery/franks-deli-plus/zQ_CTLW3T4aI68ruV0A4Wg,wyandanch-new-york
https://www.ubereats.com/nyc-suburbs/food-delivery/houlihans-farmingdale/0tpMkdZiQTSo1-j8MQV2cw,wyandanch-new-york
https://www.ubereats.com/nyc-suburbs/food-delivery/auntie-annes-1701-sunrise-highway/Ey2si-lOQJS6COJqukSg1Q,wyandanch-new-york
https://www.ubereats.com/nyc-suburbs/food-delivery/mcdonalds-334-e-montauk-hwy/1Ba7eoPCSpqrHdk4Sy7LOg,wyandanch-new-york
https://www.ubereats.com/nyc-suburbs/food-delivery/charleys-philly-steaks-south-shore-mall/UYpctUzjTJCitu0oxlrllw,wyandanch-new-york
https://www.ubereats.com/nyc-suburbs/food-delivery/pita-%26-pizza/XuZGERBpT0mtGz2gd5KOXA,wyandanch-new-york
https://www.ubereats.com/nyc-suburbs/food-delivery/pizzarev-1088-the-arches-circle/ZB2VpvJnT7Cct4_f2PtZNg,wyandanch-new-york
https://www.ubereats.com/nyc-suburbs/food-delivery/brunellos-heroes/hO5-qnd4RayOpXxkm5GkIw,wyandanch-new-york
https://www.ubereats.com/nyc-suburbs/food-delivery/buffalo-wild-wings-1080-broadhollow-rd/gvEx-h9OS9KRkgnZAbqGQA,wyandanch-new-york
https://www.ubereats.com/nyc-suburbs/food-delivery/chipotle-mexican-grill-435-walt-whitman-rd/8ktsWxGWTP2XkUeulENpgA,wyandanch-new-york
https://www.ubereats.com/nyc-suburbs/food-delivery/masalah-grill/5UzaIk5OTke4aMpD-GFX_g,wyandanch-new-york
https://www.ubereats.com/nyc-suburbs/food-delivery/pokeworks-8285-jericho-turnpike/XJzASb1bSpaz4_TsHN3NDA,wyandanch-new-york
https://www.ubereats.com/nyc-suburbs/food-delivery/popeis-clam-bar-%26-seafood-restaurant/96rHHhpdQWSG5NFjeukMSg,wyandanch-new-york
https://www.ubereats.com/nyc-suburbs/food-delivery/carvel-1163-deer-park-ave/zu698Oy9T8qqkc0u8gTUsA,wyandanch-new-york
https://www.ubereats.com/nyc-suburbs/food-delivery/island-poke-massapequa/ncC-JST_QoiUzf1zN1zggQ,wyandanch-new-york
https://www.ubereats.com/nyc-suburbs/food-delivery/dunkin-1068-old-country-rd/Lk89gIG3SlerrWTKGn3FRA,wyandanch-new-york
https://www.ubereats.com/nyc-suburbs/food-delivery/michelles-110-diner/ciCZcVl1RBqTbFTPouzozg,wyandanch-new-york
https://www.ubereats.com/nyc-suburbs/food-delivery/shake-shack-849-walt-whitman-rd/ign4CRZeSOOynkDYDl4stg,wyandanch-new-york
https://www.ubereats.com/nyc-suburbs/food-delivery/long-wall-kitchens/T4bsHuNjTo-vh9qO87hyDA,wyandanch-new-york
https://www.ubereats.com/nyc-suburbs/food-delivery/island-jerk-north-babylon/g_-tu3NNQBmi_k4SzXgbnQ,wyandanch-new-york
https://www.ubereats.com/nyc-suburbs/food-delivery/khyber-grill-%26-gyro/yFz9ZkoPQMmMBijtxKoszQ,wyandanch-new-york
https://www.ubereats.com/nyc-suburbs/food-delivery/deli-zone/Q8KK_1qUQtW1bwMqnXGunw,wyandanch-new-york
https://www.ubereats.com/nyc-suburbs/food-delivery/morellis-pizza-%26-gyros-belmont/93rEDjZeT0GwkEEsev7U_Q,wyandanch-new-york
https://www.ubereats.com/nyc-suburbs/food-delivery/mamis-cuisine/ADfezkIeQV2Z2w-FLiYm1w,wyandanch-new-york
https://www.ubereats.com/nyc-suburbs/food-delivery/savor-eatery/2BioJt0eQIK4AO0IzkzvOg,wyandanch-new-york
https://www.ubereats.com/nyc-suburbs/food-delivery/prime-burger-bar/dpKnluP4ToaroIk4fRx3SA,wyandanch-new-york
https://www.ubereats.com/nyc-suburbs/food-delivery/la-cabana-restaurant/8ou4BwVZTpSnYqwAiaQwKg,wyandanch-new-york
https://www.ubereats.com/nyc-suburbs/food-delivery/wendys-2123-broadhollow-rd/U4FQr83QTXqYF1jQVUGtpw,wyandanch-new-york
https://www.ubereats.com/nyc-suburbs/food-delivery/lasdelicias-latinas/2l1X4DjZTmyfQV5CF8F7dA,wyandanch-new-york
https://www.ubereats.com/nyc-suburbs/food-delivery/auntie-annes-160-walt-whitman-road/xInFctUBRuCsZbPDXYhpAQ,wyandanch-new-york
https://www.ubereats.com/nyc-suburbs/food-delivery/del-fuego-babylon/dsCA8UWxTMOC-1h0AZI_lw,wyandanch-new-york
https://www.ubereats.com/nyc-suburbs/food-delivery/a%26s-fine-foods/8FjNDyasSiuc2TKDHVMZLA,wyandanch-new-york
https://www.ubereats.com/nyc-suburbs/food-delivery/golden-orange/ZLqhnYq_ShuKm2oULY2VgA,wyandanch-new-york
https://www.ubereats.com/nyc-suburbs/food-delivery/dunkin-575-fulton-st/45yTZqUpQEGyoI4rF02mug,wyandanch-new-york
https://www.ubereats.com/nyc-suburbs/food-delivery/franciscos-vegan-pizzeria/0xVUMAmnReO8r32rmtjCbA,wyandanch-new-york
https://www.ubereats.com/nyc-suburbs/food-delivery/kaze-japanese-sushi-%26-hibachi/tlG10XaRRSyeQjT6w52_LA,wyandanch-new-york
https://www.ubereats.com/nyc-suburbs/food-delivery/dennys-1143-deer-park-ave/b6yYguKNSfmKQNMlwo-JGg,wyandanch-new-york
https://www.ubereats.com/nyc-suburbs/food-delivery/smashburger-4097-jericho-trnpk/EXdEDwgNTQWjuGgIgc_otw,wyandanch-new-york
https://www.ubereats.com/nyc-suburbs/food-delivery/cold-stone-creamery-255-deer-park-avenue/atzTBn8cTQG54uCkXyJnXA,wyandanch-new-york
https://www.ubereats.com/nyc-suburbs/food-delivery/shahs-halal-lindenhurst/SYXz3cobTJeN47vzn-06iw,wyandanch-new-york
https://www.ubereats.com/nyc-suburbs/food-delivery/ajs-gourmet-grilled-cheese-shop/kU2uym5ySqa4TZ5NBllNRA,wyandanch-new-york
https://www.ubereats.com/nyc-suburbs/food-delivery/horace-and-sylvias-publick-house/ZfP1xPs9Qh6XuZSmPNOjlQ,wyandanch-new-york
https://www.ubereats.com/nyc-suburbs/food-delivery/nathans-famous-1086-the-arches-circle/Jbp1k8IOQcaxzyc3v7txRQ,wyandanch-new-york
https://www.ubereats.com/nyc-suburbs/food-delivery/subway-5-ruland-rd/27kUUeYdRU6za5R74L2Yiw,wyandanch-new-york
https://www.ubereats.com/nyc-suburbs/food-delivery/brownstones-coffee/ZXwSw5JWQFOuFhDqYUr2Qg,wyandanch-new-york
https://www.ubereats.com/nyc-suburbs/food-delivery/dunkin-1906-deer-park-ave/JOdgUVSaRHS6b9zN13UnqQ,wyandanch-new-york
https://www.ubereats.com/nyc-suburbs/food-delivery/mariams-cafe-all-halal-fusion/4lgu2uljRoaRpezhLURWeQ,wyandanch-new-york
https://www.ubereats.com/nyc-suburbs/food-delivery/bellagio-pizzeria/ZWWQBMBtQFyL51v65HQExg,wyandanch-new-york
https://www.ubereats.com/nyc-suburbs/food-delivery/tropical-smoothie-cafe-228-airport-plaza-blvd/8iqKSf2NS7-eDRtDuf8CVQ,wyandanch-new-york
https://www.ubereats.com/nyc-suburbs/food-delivery/angianas-ice-cream/RIoWxpi1TJC2WZKRloHBHg,wyandanch-new-york
https://www.ubereats.com/nyc-suburbs/food-delivery/spanish-soul-food-truck/9s9X-7MLQEuvs0HVr_PDvA,wyandanch-new-york
https://www.ubereats.com/nyc-suburbs/food-delivery/okinii-japanese-restaurant/tRePf4G9R4m3YS9ow_XP9g,wyandanch-new-york
https://www.ubereats.com/nyc-suburbs/food-delivery/h2o-seafood-%26-sushi-east-islip/K9aRdNmKSZa_R5KCcJZB9Q,wyandanch-new-york
https://www.ubereats.com/nyc-suburbs/food-delivery/checkers-136-sunrise-hwy/O8EimLreTvml1txQZG9puw,wyandanch-new-york
https://www.ubereats.com/nyc-suburbs/food-delivery/post-office-cafe/gWC5kYTQS6SgI1dcd1j_7Q,wyandanch-new-york
https://www.ubereats.com/nyc-suburbs/food-delivery/chipotle-mexican-grill-660-commack-rd/RIiaVrg0TciexXRYuH30xA,wyandanch-new-york
https://www.ubereats.com/nyc-suburbs/food-delivery/la-famiglia-plainview/cnuV8Dd_Q42G5Qa7JrQ8VA,wyandanch-new-york
https://www.ubereats.com/nyc-suburbs/food-delivery/fried-chicken-%40-deli/HawfRVdAQp-f3rniDCQIXg,wyandanch-new-york
https://www.ubereats.com/nyc-suburbs/food-delivery/lazzat-indian-restaurant-nassau/KKgbdQLWQvOndKV1XeKWmg,wyandanch-new-york
https://www.ubereats.com/nyc-suburbs/food-delivery/sabor-a-colombia/S2-RYZlmSoO4Y6cJS_wCLw,wyandanch-new-york
https://www.ubereats.com/nyc-suburbs/food-delivery/miss-sakura/Uo9YggWDTfeZgybg2P6rxA,wyandanch-new-york
https://www.ubereats.com/nyc-suburbs/food-delivery/bango-bowls-huntington-station/6pbQ7KZsT9eOAWPPxnxdQg,wyandanch-new-york
https://www.ubereats.com/nyc-suburbs/food-delivery/brothers-cafe-in-copaigue/fmSVMendTZ-DQlrskY_ZmA,wyandanch-new-york
https://www.ubereats.com/nyc-suburbs/food-delivery/starbucks-west-babylon/c3EA9CG4QxuAbRP5Bzt6dQ,wyandanch-new-york
https://www.ubereats.com/nyc-suburbs/food-delivery/checkers-800-broadway/nphI7Pi0Rwq9E7XY-ynfhw,wyandanch-new-york
https://www.ubereats.com/nyc-suburbs/food-delivery/blue-angel-diner/nKnDSI3tT7ypODolXv5usw,wyandanch-new-york
https://www.ubereats.com/nyc-suburbs/food-delivery/317-main-street/VxAljB9nQk2aDh2wPS164g,wyandanch-new-york
https://www.ubereats.com/nyc-suburbs/food-delivery/vinoco-east/q1RYSeDmRliag2lCD_5jog,wyandanch-new-york
https://www.ubereats.com/nyc-suburbs/food-delivery/tropical-smoothie-cafe-deer-park/kKYzkc-ZSnqV6a7BLiWFHA,wyandanch-new-york
https://www.ubereats.com/nyc-suburbs/food-delivery/yo-go-wild-cafe/Tm4b2K62TPmzC-bC-Umfyw,wyandanch-new-york
https://www.ubereats.com/nyc-suburbs/food-delivery/crown-fried-chicken-bay-shore/MqQgiipVRqCu9n7UNx9A-Q,wyandanch-new-york
https://www.ubereats.com/nyc-suburbs/food-delivery/subway-1028-montauk-hwy/F5e07yIrRYW3B6ZeKwHzYA,wyandanch-new-york
https://www.ubereats.com/nyc-suburbs/food-delivery/bagels-and-brunch-deli/Cflt3BGoSu698dgtG78rGw,wyandanch-new-york
https://www.ubereats.com/nyc-suburbs/food-delivery/yo-go-wild-creperie/qLpM1mAtTi-ZWHlUw-HgPw,wyandanch-new-york
https://www.ubereats.com/nyc-suburbs/food-delivery/dooleys-bagels-%26-deli/vCvzv6K-QBmqu63K3V3itA,wyandanch-new-york
https://www.ubereats.com/nyc-suburbs/food-delivery/bay-shore-deli-%26-grocery/0VZTvnHGTcq3lca4cx_eVQ,wyandanch-new-york
https://www.ubereats.com/nyc-suburbs/food-delivery/subway-729-sunrise-hwy/AZ7YsotRQLW1N3L5jJG23w,wyandanch-new-york
https://www.ubereats.com/nyc-suburbs/food-delivery/stuff-a-bagel/SYSlDJvzTwKDna_fGb4cHA,wyandanch-new-york
https://www.ubereats.com/nyc-suburbs/food-delivery/emmas-deli/eccpzdGwSj6I-B7KSituBQ,wyandanch-new-york
https://www.ubereats.com/nyc-suburbs/food-delivery/qdoba-mexican-grill-1024-broadhollow-road/4ZSxjyxZQFaLVIKxkCM7lA,wyandanch-new-york
https://www.ubereats.com/nyc-suburbs/food-delivery/carvel-2134-deer-park-avenue/kr34HC8ZTVeVBaMzqhXwIA,wyandanch-new-york
https://www.ubereats.com/nyc-suburbs/food-delivery/sobol-melville/dv01dQCUS42dtEyLnHeIjw,wyandanch-new-york
https://www.ubereats.com/nyc-suburbs/food-delivery/wellwood-bagels-and-bialy/FGVEuPMGQliAvkaaNPO0Xw,wyandanch-new-york
https://www.ubereats.com/nyc-suburbs/food-delivery/dunkin-155-w-sunrise-hwy/pgN3DQqzShuTUJ88T4hYYw,wyandanch-new-york
https://www.ubereats.com/nyc-suburbs/food-delivery/mizuki-sushi/fy1xiCwqQ5qjkL4q6WrJGg,wyandanch-new-york
https://www.ubereats.com/nyc-suburbs/food-delivery/peter-pan-diner/WC2P9uXITHi8uyxZrpoD4g,wyandanch-new-york
https://www.ubereats.com/nyc-suburbs/food-delivery/rositas-bakery-%26restaurant/BdPnjWG6TSG6-22MQHmtCA,wyandanch-new-york
https://www.ubereats.com/nyc-suburbs/food-delivery/dunkin-156-manetto-hill-rd/jHWihUhsQBCY3XozTEWD0w,wyandanch-new-york
https://www.ubereats.com/nyc-suburbs/food-delivery/sonic-1380-deer-park-avenue/sVSv5WDSS2GyMeStMcblNw,wyandanch-new-york
https://www.ubereats.com/nyc-suburbs/food-delivery/uncle-chucks-bar-n-restaurant/9FPaF9JfQ-SoGRdl3EgP2Q,wyandanch-new-york
https://www.ubereats.com/nyc-suburbs/food-delivery/long-shot-bar-and-grill/1CUauAyeT4OLjuU159B2WQ,wyandanch-new-york
https://www.ubereats.com/nyc-suburbs/food-delivery/the-halal-guys-911-broad-hollow-rd-farmingdale-ny/RjPQYcBGQKG93wuTn9C-bg,wyandanch-new-york
https://www.ubereats.com/nyc-suburbs/food-delivery/209-applebees-farmingdale/0Q8X4pkLT9OEvxN7shiL5Q,wyandanch-new-york
https://www.ubereats.com/nyc-suburbs/food-delivery/popeyes-155-w-sunrise-hwy/z_sl13xIQKSYYLPxxByNCw,wyandanch-new-york
https://www.ubereats.com/nyc-suburbs/food-delivery/five-guys-ny-0457-350-route-110/2lhd8WAcTJqeTYSKTRwWEg,wyandanch-new-york
https://www.ubereats.com/nyc-suburbs/food-delivery/la-la-bistro-soup-salad-%26-sandwich-bar/dkz9EHxARIGIcrSgjIzJaw,wyandanch-new-york
https://www.ubereats.com/nyc-suburbs/food-delivery/charleys-philly-steaks-tanger-outlets-at-deer-park/PAEpmow8RrmrhEHQvvif7g,wyandanch-new-york
https://www.ubereats.com/nyc-suburbs/food-delivery/akra-haitian-deli/8MbmIDVPT4mhiTrbIaSyww,wyandanch-new-york
https://www.ubereats.com/nyc-suburbs/food-delivery/empanada-shoppe/9H3rpAbWQlKw3rHVqXo7Ww,wyandanch-new-york
https://www.ubereats.com/nyc-suburbs/food-delivery/noamar-markets/GfmHConIQ0-YTv1sGkWUrw,wyandanch-new-york
https://www.ubereats.com/nyc-suburbs/food-delivery/station-market/08ALSOTGQY-i0DF1UgJg-A,wyandanch-new-york
https://www.ubereats.com/nyc-suburbs/food-delivery/halal-on-wheels-amityville/d_KTV6VmQTmMfRzTS5WEUg,wyandanch-new-york
https://www.ubereats.com/nyc-suburbs/food-delivery/big-daddys/6mwzkpGsRMGRuBZ6fIsQcg,wyandanch-new-york
https://www.ubereats.com/nyc-suburbs/food-delivery/taco-bell-638-s-oyster-bay-rd/8pdMvBAUTmyP4HLP-u-56g,wyandanch-new-york
https://www.ubereats.com/nyc-suburbs/food-delivery/la-piazza/FMTlk8HFTuyVkTflMPbs8w,wyandanch-new-york
https://www.ubereats.com/nyc-suburbs/food-delivery/burger-king-1200-ny-109/L-FBR0JlTiaiE4Z1-OKswQ,wyandanch-new-york
