url,city
https://www.ubereats.com/detroit/food-delivery/taqueria-el-nacimiento/4J9UNRJ5R1GTfUlh-qaJJw,wyandotte-michigan
https://www.ubereats.com/detroit/food-delivery/taco-bell-3333-fairlane-drive/48M-I-I5SoqJc_EIW36FjQ,wyandotte-michigan
https://www.ubereats.com/detroit/food-delivery/panda-express-3250-fairlane-drive/ABF6Yv_0T-iJMcXf_ePY9w,wyandotte-michigan
https://www.ubereats.com/detroit/food-delivery/bens-soft-pretzels-14640-pardee-rd/TiovEqJ_RxubTbJy_hAcSw,wyandotte-michigan
https://www.ubereats.com/detroit/food-delivery/bds-mongolian-grill-dearborn/FIxc0K1WScm9S04KNMf6jQ,wyandotte-michigan
https://www.ubereats.com/detroit/food-delivery/franks-cafe/Vt5v7GQrSeGiikdOUZ2zAQ,wyandotte-michigan
https://www.ubereats.com/detroit/food-delivery/tropical-smoothie-cafe-allen-park/9uUJxuQhTvOe9xGBV-TAEQ,wyandotte-michigan
https://www.ubereats.com/detroit/food-delivery/qdoba-mexican-grill-3452-fairlane-dr/Z-p9WU8NTKWgrif9-0XFtQ,wyandotte-michigan
https://www.ubereats.com/detroit/food-delivery/arbys-14864-southfield-rd/EqYUkhTfSWGHvsmwVcvZ0Q,wyandotte-michigan
https://www.ubereats.com/detroit/food-delivery/arbys-13063-eureka-rd/j6T5r2m_QaW1czcnZl67AA,wyandotte-michigan
https://www.ubereats.com/detroit/food-delivery/checkers-4850-s-telegraph-road/efByQh_NT9ijN2D_XqRiWQ,wyandotte-michigan
https://www.ubereats.com/detroit/food-delivery/jersey-mikes-subs-9877-telegraph-rd/YrFqqeegSEWb4D6-GU999w,wyandotte-michigan
https://www.ubereats.com/detroit/food-delivery/bob-evans-114-23729-michigan-avenue/GFish2gORg62flst3cb_zQ,wyandotte-michigan
https://www.ubereats.com/detroit/food-delivery/white-castle-16795-fort-st/1_4wOPZfTxWUmx0GYsnBdg,wyandotte-michigan
https://www.ubereats.com/detroit/food-delivery/arbys-18767-northline-rd/OQ7YycXsRQOofJSIsyKCgw,wyandotte-michigan
https://www.ubereats.com/detroit/food-delivery/kfc-1217-dix-road/aduLuRYCQv6A3JVVPEmMHw,wyandotte-michigan
https://www.ubereats.com/detroit/food-delivery/odis-spunkmeyer/pHqoNanuQc6nzm8kts0lww,wyandotte-michigan
https://www.ubereats.com/detroit/food-delivery/tropical-smoothie-cafe-7700-telegraph-road/RdX09g_SSVSS4Zohf-_XRQ,wyandotte-michigan
https://www.ubereats.com/detroit/food-delivery/get-and-go-pizza-and-subs/Pe3xldquRoCpIzBrdY1ULg,wyandotte-michigan
https://www.ubereats.com/detroit/food-delivery/teds-coney-island/-aVBQe3KTW-fCqvOCaN-5A,wyandotte-michigan
https://www.ubereats.com/detroit/food-delivery/wendys-22052-allen-road/ic4nMcmVQgq3dHRUPcVVSQ,wyandotte-michigan
https://www.ubereats.com/detroit/food-delivery/el-angel-carniceria-%26-taqueria/Ng3S6m4NR0uFiWoLsadhaw,wyandotte-michigan
https://www.ubereats.com/detroit/food-delivery/pho-house/0nvC8gMfQ4aQ0NWXxFyYpg,wyandotte-michigan
https://www.ubereats.com/detroit/food-delivery/the-ice-cream-shop/tYqxwFZTRzOwLzWKQWyQ7Q,wyandotte-michigan
https://www.ubereats.com/detroit/food-delivery/taco-bell-22670-allen-road/Qm9tbCSfSoOM0jsrH5HtWQ,wyandotte-michigan
https://www.ubereats.com/detroit/food-delivery/dynasty-restaurant/PHPCBslOQa6tGDmNqUrfDw,wyandotte-michigan
https://www.ubereats.com/detroit/food-delivery/firehouse-subs-19265-west-rd/t80G4ilsSHSW5K6yL5SnXg,wyandotte-michigan
https://www.ubereats.com/detroit/food-delivery/smokies-on-the-water/mYIcvpALTiS5z2hJOftchQ,wyandotte-michigan
https://www.ubereats.com/detroit/food-delivery/peepos-subs/XAOHlrUaQ-e18U8V49jd4Q,wyandotte-michigan
https://www.ubereats.com/detroit/food-delivery/kfc-12825-eureka-road/c1YOlF7GQpS0nRPEt3BKrg,wyandotte-michigan
https://www.ubereats.com/detroit/food-delivery/bob-evans-31-20465-eureka-road/d8Zfag5DR8Ojxym9Yfkr3w,wyandotte-michigan
https://www.ubereats.com/detroit/food-delivery/taco-bell-10060-telegraph-rd/-sJO4Z5GTaG6Z_rtCOxGUw,wyandotte-michigan
https://www.ubereats.com/detroit/food-delivery/wendys-23500-eureka-rd/INUI3UGBRMW8K2t5txnAXg,wyandotte-michigan
https://www.ubereats.com/detroit/food-delivery/algottis-grill/f1CcAgjqQ2qrO8NhtQwWOw,wyandotte-michigan
https://www.ubereats.com/detroit/food-delivery/wild-coney-%26-grill/3TFd6IaZQkGljxr9f2X1JQ,wyandotte-michigan
https://www.ubereats.com/detroit/food-delivery/magdaleno-italian-restaurant/_IcKvLjLR-KtQV4QlcxC0Q,wyandotte-michigan
https://www.ubereats.com/detroit/food-delivery/mcdonalds-14845-eureka-road/yc78ZYVkRbGrCuEtl1pWJA,wyandotte-michigan
https://www.ubereats.com/detroit/food-delivery/bob-evans-361-23100-allen-road/BLZsBgCLQ3KUb7JX4Pj8Ag,wyandotte-michigan
https://www.ubereats.com/detroit/food-delivery/malek-al-kabob-taylor/EIy0YY21QJWJzME7Q063xg,wyandotte-michigan
https://www.ubereats.com/detroit/food-delivery/mcdonalds-northline-%26-allen/IsqBdepGSmWdQKJaD1K71w,wyandotte-michigan
https://www.ubereats.com/detroit/food-delivery/olgas-kitchen-23404-allen-rd/bO66_HNDSjGlBeqr_qVEEQ,wyandotte-michigan
https://www.ubereats.com/detroit/food-delivery/entree-moores/HkWYbdUvQga7BbqDome1yg,wyandotte-michigan
https://www.ubereats.com/detroit/food-delivery/subway-410-eureka-rd/DFi8TagZQkGPtbm8s9CimQ,wyandotte-michigan
https://www.ubereats.com/detroit/food-delivery/five-guys-mi-1275-23414-allen-rd/j4Y73a66TWGWIBJm2jUXLw,wyandotte-michigan
https://www.ubereats.com/detroit/food-delivery/chicagos-pizza-allen-park/0TYAoNKeSuioYabtoqEsuA,wyandotte-michigan
https://www.ubereats.com/detroit/food-delivery/five-guys-mi-1523-23007-outer-dr/HDZvyWiFSYCjNnEvmjyMog,wyandotte-michigan
https://www.ubereats.com/detroit/food-delivery/hooters-taylor/7i2LG7RpRnK2--py9nofYg,wyandotte-michigan
https://www.ubereats.com/detroit/food-delivery/the-avenue/5GVPmrjZTlWKSRAHSV-K2w,wyandotte-michigan
https://www.ubereats.com/detroit/food-delivery/applebees-23099-outer-drive/LucWnJESRdCcEpTq3s0fTA,wyandotte-michigan
https://www.ubereats.com/detroit/food-delivery/ds-24-hour-coney-island/QHAQHa_bTJyG6omogvTXvg,wyandotte-michigan
https://www.ubereats.com/detroit/food-delivery/new-hunan-chinese-restaurant-%E6%B9%96%E5%8D%97/u6oxhiz9QjeJ4O8pgl9BYQ,wyandotte-michigan
https://www.ubereats.com/detroit/food-delivery/the-ice-cream-shop/xKARSerCQ1GBbtPn4z0ifA,wyandotte-michigan
https://www.ubereats.com/detroit/food-delivery/melvindale-grill/3oXSIuTDSqy1NLRjDIS3Lg,wyandotte-michigan
https://www.ubereats.com/detroit/food-delivery/fish-station/SQWQ5ZwiQqaqQRIopLXA_A,wyandotte-michigan
https://www.ubereats.com/detroit/food-delivery/kfc-12425-dix-road/9GLABIJ8TRaOOTm7f1dqDg,wyandotte-michigan
https://www.ubereats.com/detroit/food-delivery/sanders-candy-%26-dessert-shop/jmpmr_-2RnOq1GfrNBh3zw,wyandotte-michigan
https://www.ubereats.com/detroit/food-delivery/buffalo-wild-wings-20990-west-rd/4e6des0aR_Wox5vo0qMLQQ,wyandotte-michigan
https://www.ubereats.com/detroit/food-delivery/shish-palace-southfield-rd/505SVmIFQgyhnv1pq-7d8Q,wyandotte-michigan
https://www.ubereats.com/detroit/food-delivery/taco-bell-12260-fort-st/d3x6eStISEa1r0d7ZQgeAA,wyandotte-michigan
https://www.ubereats.com/detroit/food-delivery/arbys-10500-telegraph-rd/RMvRM2NTSOiI424-R1YnIg,wyandotte-michigan
https://www.ubereats.com/detroit/food-delivery/del-taco-16252-fort-street/X-3GejLRTICQoH8tI4dMTA,wyandotte-michigan
https://www.ubereats.com/detroit/food-delivery/golden-corral-14691-huron-street/SUFtHlj1QEqMhHXyDQrt8A,wyandotte-michigan
https://www.ubereats.com/detroit/food-delivery/beirut-garden-restaurant/mVHsnUfiQ0elEfFMaXJPLw,wyandotte-michigan
https://www.ubereats.com/detroit/food-delivery/arbys-27277-eureka-rd/2uoA3RZrRgSDQG7d67YMuw,wyandotte-michigan
https://www.ubereats.com/detroit/food-delivery/mr-pit-master-barbeque/cgEvqxTdRdq8BbuMopp8dQ,wyandotte-michigan
https://www.ubereats.com/detroit/food-delivery/soo-fraiche-grill/WwZaME_oTeutGspcHGi9vg,wyandotte-michigan
https://www.ubereats.com/detroit/food-delivery/happys-pizza-livernois/M9RDI3SUR02RSCpG6I6nuw,wyandotte-michigan
https://www.ubereats.com/detroit/food-delivery/panda-express-19200-west-rd/0kAXH9urRviooHOSqNLAWA,wyandotte-michigan
https://www.ubereats.com/detroit/food-delivery/kfc-16177-west-rd/BZOYMiHwSZGuT4Iq4iOZVA,wyandotte-michigan
https://www.ubereats.com/detroit/food-delivery/starbucks-fort-%26-pennsylvania-ave/Q5ENTY_gS6GojXhtwQykVg,wyandotte-michigan
https://www.ubereats.com/detroit/food-delivery/taco-bell-23759-west-road/uLE7Fib6RZi3p22LsMD6LQ,wyandotte-michigan
https://www.ubereats.com/detroit/food-delivery/k%26m-shish-palace/UP30xvSUScCoyVJ_EvFQ-Q,wyandotte-michigan
https://www.ubereats.com/detroit/food-delivery/carieras/N6l2cn9sQ-SQi34V29LlCw,wyandotte-michigan
https://www.ubereats.com/detroit/food-delivery/carrabbas-14805-dix-toledo-road/2O_dSXR2R5u2eKGaArFJRQ,wyandotte-michigan
https://www.ubereats.com/detroit/food-delivery/famous-daves-23811-eureka-road/kCiUV4qIQqiyY-ldzmns4g,wyandotte-michigan
https://www.ubereats.com/detroit/food-delivery/la-salsa-mexican-taqueria/LxojwcTgR3GWTuTC-HyLrQ,wyandotte-michigan
https://www.ubereats.com/detroit/food-delivery/kfc-556-southfield/VLPMpVj_TqWtrpaGIDl8Tg,wyandotte-michigan
https://www.ubereats.com/detroit/food-delivery/benihana-hubbard-%26-northwood/1gogWo2NQlukBR6VEw3rpg,wyandotte-michigan
https://www.ubereats.com/detroit/food-delivery/dunkin-15067-eureka-rd/ub1YrrpkQkG4JJ3tXNhfYw,wyandotte-michigan
https://www.ubereats.com/detroit/food-delivery/yum-yum-express/HSpwD6J0SheiG5LvM-M6Zg,wyandotte-michigan
https://www.ubereats.com/detroit/food-delivery/applebees-ecorse-rd/XoKAF6dvTlWm0VtTLeD-Nw,wyandotte-michigan
https://www.ubereats.com/detroit/food-delivery/dennys-20565-eureka-road/shVEkQ1tSKOm4AKWYtU_iw,wyandotte-michigan
https://www.ubereats.com/detroit/food-delivery/red-robin-378-15777-eureka-blvd/0Xxhm5cuRhCZkm3DxXoTnA,wyandotte-michigan
https://www.ubereats.com/detroit/food-delivery/bjs-restaurant-%26-brewhouse-23002-eureka-rd/nR5Tka3pTWikw0nzGeQgXQ,wyandotte-michigan
https://www.ubereats.com/detroit/food-delivery/burger-king-19010-fort-street/nW9jpQKIQr2JIm_u7XnvZA,wyandotte-michigan
https://www.ubereats.com/detroit/food-delivery/sonic-10403-ford-road/aB6MqT6-T1mDqFyoxsT6NA,wyandotte-michigan
https://www.ubereats.com/detroit/food-delivery/the-ice-cream-shop/htMGXbMERSOHSBvOGD5Umw,wyandotte-michigan
https://www.ubereats.com/detroit/food-delivery/mccafferys-bar/mSVDUh7ORmyeohClKaAjAw,wyandotte-michigan
https://www.ubereats.com/detroit/food-delivery/little-caesars-22359-goddard-rd/bl0T9V0_QKiU9JXVArisEQ,wyandotte-michigan
https://www.ubereats.com/detroit/food-delivery/mancinos-pizza-and-grinders/YqPGHlVpS86nLwmrNmraAg,wyandotte-michigan
https://www.ubereats.com/detroit/food-delivery/leftys-taylor/14OJXikiQ-SCfPhi4A5f1Q,wyandotte-michigan
https://www.ubereats.com/detroit/food-delivery/papa-johns-2556-dix-hwy/t-9F_wMwQxi_d8JB0Gi9sg,wyandotte-michigan
https://www.ubereats.com/detroit/food-delivery/taco-bell-23000-eureka-road-ste-1465/OUuDtejvRjeZKDA7meJXPw,wyandotte-michigan
https://www.ubereats.com/detroit/food-delivery/kfc-10130-telegraph-rd/HcvYDi1VSsGaZlm0Y5e2Qw,wyandotte-michigan
https://www.ubereats.com/detroit/food-delivery/wendys-21909-ecorse-road/Mpo0zGToR-SpPPBz6hSI2w,wyandotte-michigan
https://www.ubereats.com/detroit/food-delivery/happys-pizza-3300-west-rd/_ll20X2qRkCZdTE80muspA,wyandotte-michigan
https://www.ubereats.com/detroit/food-delivery/wendys-10443-telegraph-rd/jtSRDGCvTAyjJ9XJswswUg,wyandotte-michigan
https://www.ubereats.com/detroit/food-delivery/baffos-enterprise/bceTmqHwRu-JU9s-oFougw,wyandotte-michigan
https://www.ubereats.com/detroit/food-delivery/gunpowder-cafe/GPYyf_GxS4OL2jeKTYeFig,wyandotte-michigan
https://www.ubereats.com/detroit/food-delivery/burger-king-2155-dix-road/SFa9KKAuTPWWyUrVFwFcoQ,wyandotte-michigan
https://www.ubereats.com/detroit/food-delivery/white-castle-2115-fort-st/-WjBbHD9Q4qpo1fA7jP8hg,wyandotte-michigan
https://www.ubereats.com/detroit/food-delivery/taco-bell-18718-fort-st/O13emt3vS-y4_PYePjB6mg,wyandotte-michigan
https://www.ubereats.com/detroit/food-delivery/super-sports-bar/eaz-PUZrR1Kn0lHz2jNm-w,wyandotte-michigan
https://www.ubereats.com/detroit/food-delivery/senate-coney-island/ggPpsSYcQiuy8iXCOKakww,wyandotte-michigan
https://www.ubereats.com/detroit/food-delivery/bob-evans-205-30987-flynn-drive/ejLUIMIzQG-MTxhZq4rvNg,wyandotte-michigan
https://www.ubereats.com/detroit/food-delivery/applebees-23200-allen-road/0mD7HV1xTZ-RPiSGf40l0g,wyandotte-michigan
https://www.ubereats.com/detroit/food-delivery/senor-lopez-mexican-restaurant/LBUtXTV5RLmBE9LICTT2Vg,wyandotte-michigan
https://www.ubereats.com/detroit/food-delivery/bierkeller-tavern-%26-eatery/LnAg87vHRtOvTiTnHV2vXw,wyandotte-michigan
https://www.ubereats.com/detroit/food-delivery/cassabs-pizza-factory/l_H0QWZ3ROuCQ1RWiuaopw,wyandotte-michigan
https://www.ubereats.com/detroit/food-delivery/mykonos-greek-%26-american-cuisine/5E1Rfb7ATSO1aXn56uZlYw,wyandotte-michigan
https://www.ubereats.com/detroit/food-delivery/shish-kabob-express-fairlane/BPTkU2dHRX6K57IwqvDvtA,wyandotte-michigan
https://www.ubereats.com/detroit/food-delivery/tim-hortons-3550-greenfield-road/4jZK631ORHGS5RLSkctqMg,wyandotte-michigan
https://www.ubereats.com/detroit/food-delivery/kfc-allen-rd/cPDP8M6OR2Cu_QTs0L7frQ,wyandotte-michigan
https://www.ubereats.com/detroit/food-delivery/buffalo-wild-wings-13655-eureka-dr/geH1zgqXTimNL5YgS13Dyw,wyandotte-michigan
https://www.ubereats.com/detroit/food-delivery/outback-steakhouse-15765-eureka-road/8gv1Lfr-StuKWDV5ATS5aQ,wyandotte-michigan
https://www.ubereats.com/detroit/food-delivery/applewood-coney-island/exhjZ1rASKKC2HcwN3N7qA,wyandotte-michigan
https://www.ubereats.com/detroit/food-delivery/checkers-2250-dix-road/ggy5S5_HQ2yZEMO7Iu0txA,wyandotte-michigan
https://www.ubereats.com/detroit/food-delivery/fast-treats/jDSPs5lNSNiraDy3vRMW4Q,wyandotte-michigan
https://www.ubereats.com/detroit/food-delivery/firehouse-pub-%26-grill/ZWiH_SWsQLqQMtbylhvhSA,wyandotte-michigan
https://www.ubereats.com/detroit/food-delivery/mcdonalds-16515-fort-street/xZGN6llSRlSW-jH6P3Tkkg,wyandotte-michigan
https://www.ubereats.com/detroit/food-delivery/checkers-2291-fort-street/w8S0tSpwR_GFp2bwxYOjvg,wyandotte-michigan
https://www.ubereats.com/detroit/food-delivery/andiamo-michigan-%26-elm/t1KU9cBIS0GXBNAR1rHovQ,wyandotte-michigan
https://www.ubereats.com/detroit/food-delivery/mangonadas-del-barrio/-lKi3dxuTSCJaHIzSlnnxg,wyandotte-michigan
https://www.ubereats.com/detroit/food-delivery/chipotle-mexican-grill-23111-eureka-rd/WlrxrDUoSUa9bH0QRpt30w,wyandotte-michigan
https://www.ubereats.com/detroit/food-delivery/crazy-pizza/Oar1wH3dSyWh0jTAeg20Mw,wyandotte-michigan
https://www.ubereats.com/detroit/food-delivery/boston-market-5651-mercury-dr/lRXoo21hTdaCnJZAO3h4Ww,wyandotte-michigan
https://www.ubereats.com/detroit/food-delivery/jersey-giant-submarine/W27GDn6gTM-GZOeUduDsbw,wyandotte-michigan
https://www.ubereats.com/detroit/food-delivery/las-cazuelas-grill-melvindale/3Pu9_B3sRnSpQRWq8ZY0Zg,wyandotte-michigan
https://www.ubereats.com/detroit/food-delivery/taco-bell-14839-telegraph-rd/DdT4yfk_Tqm0aWfM5hIAXw,wyandotte-michigan
https://www.ubereats.com/detroit/food-delivery/bills-place/o_qC_1cpQUGc2HXVih7fDw,wyandotte-michigan
https://www.ubereats.com/detroit/food-delivery/primanti-bros-eureka/dxU48abVTQyGq1rP-NO0Lw,wyandotte-michigan
https://www.ubereats.com/detroit/food-delivery/on-the-border-allen-park/VZok1ilPSkuyHABFZhg5Ag,wyandotte-michigan
https://www.ubereats.com/detroit/food-delivery/pf-changs-18900-michigan-ave-space-r-101/VlGvZYqMTCGrL-P21-6BpQ,wyandotte-michigan
https://www.ubereats.com/detroit/food-delivery/famous-falafel/43HV7fdYQKCkLd177-DMOA,wyandotte-michigan
https://www.ubereats.com/detroit/food-delivery/burger-king-18520-allen-road/eRTnkzPLQqu-NAjb5Mc_yg,wyandotte-michigan
https://www.ubereats.com/detroit/food-delivery/burger-king-4063-fort-street/CTj6uxwBT1iRYgCtDS-d9w,wyandotte-michigan
https://www.ubereats.com/detroit/food-delivery/subway-14490-fort-st/SSqjIZfISYurn8Q5T1f-Rg,wyandotte-michigan
https://www.ubereats.com/detroit/food-delivery/taco-bros/u4sdG3yUQmmbrNgckLjAHw,wyandotte-michigan
https://www.ubereats.com/detroit/food-delivery/chipotle-mexican-grill-3125-fairlane-dr/XJ0_uMcqRuKxn-XoDk0mJw,wyandotte-michigan
https://www.ubereats.com/detroit/food-delivery/better-health-cafe-southgate-mi/Qz4BG8yHTpCrhkNLmAGzng,wyandotte-michigan
https://www.ubereats.com/detroit/food-delivery/shish-palace-michigan-ave/2pXsPfpcSqSfza7wRl6apQ,wyandotte-michigan
https://www.ubereats.com/detroit/food-delivery/fattoush-express-cafe-%26-grill/V7F8A55-RMyL-vuyUwYxnA,wyandotte-michigan
https://www.ubereats.com/detroit/food-delivery/biggby-coffee-greenfield-%26-rotunda/l5JQygh8SnWXc11fOrqdhA,wyandotte-michigan
https://www.ubereats.com/detroit/food-delivery/kingdom-kebob/Sv561ohGT1SU3iKBTT3ntg,wyandotte-michigan
https://www.ubereats.com/detroit/food-delivery/all-sports-pizza/granpiQHTMWc-LPY8Xd6Xg,wyandotte-michigan
https://www.ubereats.com/detroit/food-delivery/subway-9200-telegraph-rd/QJFTBPOFQFKCs8uwHB-_SQ,wyandotte-michigan
https://www.ubereats.com/detroit/food-delivery/wendys-1970-southfield-rd/DcFTe32ZThSGSPQGfkDWSw,wyandotte-michigan
https://www.ubereats.com/detroit/food-delivery/riverside-coney-island/Q2UHruPbS9CfIJbgVhQVUQ,wyandotte-michigan
https://www.ubereats.com/detroit/food-delivery/tim-hortons-4035-south-telegraph/MxAoNA2IT2-098Zubb7txA,wyandotte-michigan
https://www.ubereats.com/detroit/food-delivery/the-ice-cream-shop/GzP0CI77Sha7e1fje2HQIg,wyandotte-michigan
https://www.ubereats.com/detroit/food-delivery/tim-hortons-3556-oakwood-boulevard/ULun9ErmT1KiflHh5BpKuA,wyandotte-michigan
https://www.ubereats.com/detroit/food-delivery/dunkin-4005-dix-hwy/JH8Z5ItiQz60s_b9BI7FHw,wyandotte-michigan
https://www.ubereats.com/detroit/food-delivery/dunkin-11111-telegraph-rd/9Hl7WMm8QveRsgRK6G-DXQ,wyandotte-michigan
https://www.ubereats.com/detroit/food-delivery/hooties-burger-bar-21250-eureka-road/OBw5gIfGQn-OBLd-XDcJag,wyandotte-michigan
https://www.ubereats.com/detroit/food-delivery/mcdonalds-10945-allen-road/3Z7WTJP2TfiMag759rPr0A,wyandotte-michigan
https://www.ubereats.com/detroit/food-delivery/la-posada/6j5IoqLvRCGXmFJMXfc6vg,wyandotte-michigan
https://www.ubereats.com/detroit/food-delivery/taza-fresh-grill/9wMLRvQNRzGjp_f7Wm8LBQ,wyandotte-michigan
https://www.ubereats.com/detroit/food-delivery/logans-roadhouse-372-13305-eureka-road/CoBWhwvvTliQ0bFN1eH7UA,wyandotte-michigan
https://www.ubereats.com/detroit/food-delivery/qdoba-mexican-grill-22040-eureka-rd-unit-a/uhIz4AKfTYmb2vfFP7hUtg,wyandotte-michigan
https://www.ubereats.com/detroit/food-delivery/hard-body%22s-detroit/YEAcms3lQ5--QXMZB_UxKQ,wyandotte-michigan
https://www.ubereats.com/detroit/food-delivery/taylor-kabob/62Rhfr6hSjKx3HTnWBmbHQ,wyandotte-michigan
https://www.ubereats.com/detroit/food-delivery/chuck-e-cheese-15200-toledo-rd/K6b8lSJoRuyvg-jin3Sa5Q,wyandotte-michigan
https://www.ubereats.com/detroit/food-delivery/wendys-18902-northline-road/lYVOni7WSceYcbf3CDhOgw,wyandotte-michigan
https://www.ubereats.com/detroit/food-delivery/taco-bell-4539-s-telegraph-rd/1_SxyE7ESImthELwG-jzEg,wyandotte-michigan
https://www.ubereats.com/detroit/food-delivery/krispy-krunchy-chicken-11345-w-jefferson-ave/RYioJy-QRk-OLVPFBPoDBg,wyandotte-michigan
https://www.ubereats.com/detroit/food-delivery/bizzy-bee-coney-island/6luuTk0SR3SxgMZZgeAJlw,wyandotte-michigan
https://www.ubereats.com/detroit/food-delivery/taco-bell-2306-dix-hwy/Bc8inm1tT7Wd7JYxpsv1SA,wyandotte-michigan
https://www.ubereats.com/detroit/food-delivery/charminar-biryani-house/fOSQ1vW4QqWTLvsRv3EuvA,wyandotte-michigan
https://www.ubereats.com/detroit/food-delivery/sushi-bar/Vpi7rehERnaKJu6DpyOqlg,wyandotte-michigan
https://www.ubereats.com/detroit/food-delivery/pasquallys-pizza-%26-wings-15300-dix-toledo-road/66i6uRN8SiClIs22rmxejw,wyandotte-michigan
https://www.ubereats.com/detroit/food-delivery/wendys-3460-biddle-ave/hO0bUa4QQbO8K9LUTpC3nw,wyandotte-michigan
https://www.ubereats.com/detroit/food-delivery/checkers-24300-allen-rd/nvW9Y6J0SqeJm5yVvfPyQQ,wyandotte-michigan
https://www.ubereats.com/detroit/food-delivery/potbelly-sandwich-shop-allen-park-%7C-176/hvyqtHADQ9CWky-wHUXEjw,wyandotte-michigan
https://www.ubereats.com/detroit/food-delivery/blaze-pizza-3129-fairlane-drive/CVcaCnGZRomuUlkrllGiXg,wyandotte-michigan
https://www.ubereats.com/detroit/food-delivery/taco-bell-10484-pelham-rd/6TaPZWvfS-mvhThY0BPB-g,wyandotte-michigan
https://www.ubereats.com/detroit/food-delivery/samis-coney-island/mZ8vk6X1TYOjM8vwQtPG4g,wyandotte-michigan
https://www.ubereats.com/detroit/food-delivery/z-shawarma-king/Dhhd_WA2Qui1rUmS0mf5Fg,wyandotte-michigan
https://www.ubereats.com/detroit/food-delivery/wendys-4086-fort-street/WRZEor9_TFmh0y19_z3VHg,wyandotte-michigan
https://www.ubereats.com/detroit/food-delivery/burger-king-%236959-15350-eureka-road/St1vt8XtSCuvGJJ-M00dGA,wyandotte-michigan
https://www.ubereats.com/detroit/food-delivery/galindos/dLDdeVa6Sj2ZMts87zwxFw,wyandotte-michigan
https://www.ubereats.com/detroit/food-delivery/mcdonalds-fort-%26-goddard/MTdlmKxRTDCCeXvpr5Qcug,wyandotte-michigan
https://www.ubereats.com/detroit/food-delivery/red-lobster-13999-eureka-road/5WTnTO3sSv6wtiZf6oTC4Q,wyandotte-michigan
https://www.ubereats.com/detroit/food-delivery/cold-stone-creamery-allen-park/d-r05u-CSZupLDcT5SNIrg,wyandotte-michigan
https://www.ubereats.com/detroit/food-delivery/mcdonalds-1469-fort-st/Fy7crV9EQkKjK_QUuSQ38A,wyandotte-michigan
https://www.ubereats.com/detroit/food-delivery/qdoba-mexican-eats-23400-allen-rd/Wwy94-eLTTqs7tA9Qu21VQ,wyandotte-michigan
https://www.ubereats.com/detroit/food-delivery/detroit-75-kitchen/CI1vbq4LRs2ZCKXBupTQZg,wyandotte-michigan
https://www.ubereats.com/detroit/food-delivery/tijuanas-mexican-kitchen-lincoln-park/pLePk4maT0iRcrScqMZ2CQ,wyandotte-michigan
https://www.ubereats.com/detroit/food-delivery/chicken-shack-lincoln-park/vVvVo2v6RLKVpWz1wq5BVw,wyandotte-michigan
https://www.ubereats.com/detroit/food-delivery/fresh-bean-coffee/ihQEinrERHeDUwRGz3dwbA,wyandotte-michigan
https://www.ubereats.com/detroit/food-delivery/olgas-kitchen-eureka-rd/qjXaVwnRR72XwKY-WO8hdA,wyandotte-michigan
https://www.ubereats.com/detroit/food-delivery/wild-coney-%26-grill/GFflvvWCRkiKHHbvSOz1nQ,wyandotte-michigan
https://www.ubereats.com/detroit/food-delivery/checkers-9247-middlebelt-road/qE4N-0DbS4uYnNzUjLD3qQ,wyandotte-michigan
https://www.ubereats.com/detroit/food-delivery/the-custard-company/_UycxR2fTWCoPMiFdT8btg,wyandotte-michigan
https://www.ubereats.com/detroit/food-delivery/krispy-kreme-15050-southfield-road/dDvOLzBxTrSz4CabUeWflg,wyandotte-michigan
https://www.ubereats.com/detroit/food-delivery/mr-fish-%26-chicken-lincoln-park/KblrcMw9QyeNZiQ4byCmHA,wyandotte-michigan
https://www.ubereats.com/detroit/food-delivery/auntie-annes-3565-fairlane-drive/SCiBkVJqSrK54bas1jYSuw,wyandotte-michigan
https://www.ubereats.com/detroit/food-delivery/wendys-1055-fort-street/d1r8ktBJRFGfftctVVnSpQ,wyandotte-michigan
https://www.ubereats.com/detroit/food-delivery/the-ice-cream-shop/UcAw6oj6TdKeu2aOc-kULg,wyandotte-michigan
https://www.ubereats.com/detroit/food-delivery/olgas-kitchen-fairlane-dr/fP6nXOIXQ36-MjkeskrapA,wyandotte-michigan
https://www.ubereats.com/detroit/food-delivery/applebees-eureka-rd/r5YrnvPTROmpKHbImHrDIA,wyandotte-michigan
https://www.ubereats.com/detroit/food-delivery/taco-bell-19000-northline-road/nFaVuygdR4e59qYTP6SEXQ,wyandotte-michigan
https://www.ubereats.com/detroit/food-delivery/honeybaked-ham-23143-eureka-rd/auvT-DxAT76FvIC1uNIGKw,wyandotte-michigan
https://www.ubereats.com/detroit/food-delivery/delhi-woks/g2COINZKT5KNHCWbjQAG-Q,wyandotte-michigan
https://www.ubereats.com/detroit/food-delivery/angels-bake-n-cakes/CoJpyb4dRq-9lNUF9bDBvg,wyandotte-michigan
https://www.ubereats.com/detroit/food-delivery/tropical-smoothie-cafe-23112-allen-road/8lzsqqadRr-mRG2JLmdeqw,wyandotte-michigan
https://www.ubereats.com/detroit/food-delivery/shawarma-bash/gSr72PWlSzCKgvgq9unjzw,wyandotte-michigan
https://www.ubereats.com/detroit/food-delivery/jersey-mikes-subs-23106-allen-rd/sZAUuT-KQQqvT6X_eJq3mw,wyandotte-michigan
https://www.ubereats.com/detroit/food-delivery/boston-market-15424-southfield-rd/iKK2VAlMTVS9Niau5hT2Mg,wyandotte-michigan
https://www.ubereats.com/detroit/food-delivery/delite-cafe-detroit-dearborn/iEAUN1YZQCeAeKKChRoHkA,wyandotte-michigan
https://www.ubereats.com/detroit/food-delivery/tropical-smoothie-cafe-eureka-road/5TLMLUyEQfKyFrTm2eLtvQ,wyandotte-michigan
https://www.ubereats.com/detroit/food-delivery/mcdonalds-3421-biddle-ave/_ID8oXfGR66d5il5C7Panw,wyandotte-michigan
https://www.ubereats.com/detroit/food-delivery/trio-chicken/GYtiybSBQe-TjNFJJsQiwA,wyandotte-michigan
https://www.ubereats.com/detroit/food-delivery/taco-bell-21700-ecorse-rd/IWJLDKV_TsGwUXMuLmCSHg,wyandotte-michigan
https://www.ubereats.com/detroit/food-delivery/chipotle-mexican-grill-23061-allen-rd/VLV8Yw3_TrOe92e7mVv5Ig,wyandotte-michigan
https://www.ubereats.com/detroit/food-delivery/bowls-n-rolls/vnwuAzkpSXSBwt230jboLg,wyandotte-michigan
https://www.ubereats.com/detroit/food-delivery/del-taco-14570-southfield-road/g2tUw2jST-imQyUFppEzjg,wyandotte-michigan
https://www.ubereats.com/detroit/food-delivery/la-favorita/4_JTXm3QRoKecwKLFat5Gg,wyandotte-michigan
https://www.ubereats.com/detroit/food-delivery/mak-middle-eastern-street-food/sWYEqOE4Ra2UY_weLUCB_A,wyandotte-michigan
https://www.ubereats.com/detroit/food-delivery/tim-hortons-21203-michigan-ave/NG3iivLuS6OF4AxRhYlSUQ,wyandotte-michigan
https://www.ubereats.com/detroit/food-delivery/menchies-frozen-yogurt-16351-ford-rd/aHW7NaNvTXWRmHfv7K_8ig,wyandotte-michigan
https://www.ubereats.com/detroit/food-delivery/pinkberry-23000-eureka-rd/riws_C7kTc2bRyj7uqvMvA,wyandotte-michigan
https://www.ubereats.com/detroit/food-delivery/the-ice-cream-shop/z47TJ7SHRJGbt2_aXjd1lg,wyandotte-michigan
https://www.ubereats.com/detroit/food-delivery/senate-coney-island/aFU2MM54QaSzxHbTYnMMrA,wyandotte-michigan
https://www.ubereats.com/detroit/food-delivery/luke-%26-lulus-cafe/EG0SAN6mSDir173ObpwYqQ,wyandotte-michigan
https://www.ubereats.com/detroit/food-delivery/black-rock-bar-%26-grill/ly9ZOJomQpOJ5WVbUCFpGg,wyandotte-michigan
https://www.ubereats.com/detroit/food-delivery/kekos-coney-island/c3f0PpwCRkKpd9Cy3K2NLQ,wyandotte-michigan
