url,city
https://www.ubereats.com/dallas/food-delivery/main-street-bistro-and-bakery-dalrock-rd/_82CM8OrQSqggsf5qTEIZQ,wylie-texas
https://www.ubereats.com/dallas/food-delivery/schlotzskys-330-s-tx-78-suite-100/_0fUs3VRRvy6dA7NCs_15g,wylie-texas
https://www.ubereats.com/dallas/food-delivery/sushi-box/uwkNvqzQQIauXSG-2PKxHQ,wylie-texas
https://www.ubereats.com/dallas/food-delivery/meteor-hamburgers/IHHwdo5ZTeKxu3iY-vFEJA,wylie-texas
https://www.ubereats.com/dallas/food-delivery/sonic-6130-n-jupiter-rd/ZdBgY3-bRuCASf1OMA0Kdw,wylie-texas
https://www.ubereats.com/dallas/food-delivery/mogios-gourmet-pizza/ZLcWYxGPQhaQOWKuOgpM_g,wylie-texas
https://www.ubereats.com/dallas/food-delivery/yumilicious-allen/DgQ5LhsUTf2C2n1jwRmiOQ,wylie-texas
https://www.ubereats.com/dallas/food-delivery/ihop-3014-garland/9FogszN4T1C97UPOJnb8_A,wylie-texas
https://www.ubereats.com/dallas/food-delivery/einstein-bros-bagels121-e-fm-544/IkLO7MmHTd-1_ainj64c7g,wylie-texas
https://www.ubereats.com/dallas/food-delivery/jersey-mikes-subs-hwy-66-%26-pres-george-bush-hwy/kUQL17YzQq-Kemqn8rW_aw,wylie-texas
https://www.ubereats.com/dallas/food-delivery/cicis-enterprises-3520-lakeview-pkwy/kmgRotIxTpOggXTBRZlUuQ,wylie-texas
https://www.ubereats.com/dallas/food-delivery/glazed-donut-lounge/GrgA9VxKTlWYmS5kJVTKEg,wylie-texas
https://www.ubereats.com/dallas/food-delivery/yen-china-cafe/5Cbb46xUSNqecYQSVtMESw,wylie-texas
https://www.ubereats.com/dallas/food-delivery/mcdonalds-buckingham/2zEQIZUXQbGYo_OV8s9gKQ,wylie-texas
https://www.ubereats.com/dallas/food-delivery/burger-king-4940-n-garland-ave/NZ553URTRpGhaaaeR0TVpA,wylie-texas
https://www.ubereats.com/dallas/food-delivery/kfc-413-south-hwy-78/_wyVsldWQsSlm2wEOjcPuA,wylie-texas
https://www.ubereats.com/dallas/food-delivery/bold-bbq-pit/7MJkKCbnTnSfdOFYiFp-Fg,wylie-texas
https://www.ubereats.com/dallas/food-delivery/freebirds-world-burrito/WwXl_y6nT4-RFt7vn7e-Zw,wylie-texas
https://www.ubereats.com/dallas/food-delivery/jk-donuts/Xg7JEDWVRb-NMALggeQWlQ,wylie-texas
https://www.ubereats.com/dallas/food-delivery/starbucks-hwy-66-%26-dalrock/uRRDL4avSVCaeIzCLMbR9Q,wylie-texas
https://www.ubereats.com/dallas/food-delivery/starbucks-fm-544-%26-murphy-rd/bu6sPf26QwqPESF-IzpGlQ,wylie-texas
https://www.ubereats.com/dallas/food-delivery/frankies-casa-cocina-mexicana/_Ku6i4XZQ6Sybm_pn7SSrA,wylie-texas
https://www.ubereats.com/dallas/food-delivery/cotton-patch-cafe-3300-west-fm-544/xVgyDXCAQmOUx_yuAmhM8w,wylie-texas
https://www.ubereats.com/dallas/food-delivery/jersey-mikes-subs-119-n-murphy-rd/EMyHKQlTSCuf3uh86_Zx8Q,wylie-texas
https://www.ubereats.com/dallas/food-delivery/smashburger-1425-e-renner-rd/qnPpgHGxRNu9Vyg155DaAg,wylie-texas
https://www.ubereats.com/dallas/food-delivery/subway-170-e-fm-544/Wj1OB4o6Sq6MsEuABi-jOA,wylie-texas
https://www.ubereats.com/dallas/food-delivery/taco-bell-6606-dalrock-rd/XBRBgoR1SaWOn-KEeJagkw,wylie-texas
https://www.ubereats.com/dallas/food-delivery/supreme-donuts/5qzLbMnTTvyceIUuLKl8Tw,wylie-texas
https://www.ubereats.com/dallas/food-delivery/tropical-smoothie-cafe-226-e-fm-544-suite-110/qSVtuK3YSL2Yr0kfS03u6w,wylie-texas
https://www.ubereats.com/dallas/food-delivery/el-viejon/TXi5PpCAR2WKFrJzKUPeMg,wylie-texas
https://www.ubereats.com/dallas/food-delivery/bar-louie-firewheel/MFUpPMlSTciDJdaaxAJFUQ,wylie-texas
https://www.ubereats.com/dallas/food-delivery/tipsy-chicken/8-5IyuaERBqBBTlxD9wQ8g,wylie-texas
https://www.ubereats.com/dallas/food-delivery/potbelly-sandwich-shop-firewheel-%7C-92/uElDWTF9RruN0riu-LcAkg,wylie-texas
https://www.ubereats.com/dallas/food-delivery/turmeric-take-out-%26-catering/njW3AOtyQzC-qs8V7T5quw,wylie-texas
https://www.ubereats.com/dallas/food-delivery/napolis-italian-restaurant-allen/XQURiX9ZREiONfwJhLxo8g,wylie-texas
https://www.ubereats.com/dallas/food-delivery/island-wings/CC1dBGx4QKakQocqXOcVQQ,wylie-texas
https://www.ubereats.com/dallas/food-delivery/orange-leaf-frozen-yogurt-803-woodbridge-pkwy/QUCmENeoSfm46MIU8Og0OA,wylie-texas
https://www.ubereats.com/dallas/food-delivery/wayback-burgers-222-e/X2p0bAOUTJC_nqB7g0O5_w,wylie-texas
https://www.ubereats.com/dallas/food-delivery/sonic-721-jupiter/bWI5wmWASnCR9E2kV9gQtQ,wylie-texas
https://www.ubereats.com/dallas/food-delivery/chipotle-mexican-grill-4170-lavon-dr-ste-130/uRM191dnRo-RCysLmT7t3w,wylie-texas
https://www.ubereats.com/dallas/food-delivery/chef-derricka/DY4m8nOxRTWL7lPHDs7HeQ,wylie-texas
https://www.ubereats.com/dallas/food-delivery/steel-city-pops-337-cone-flower-drive/oxT0ePsfQZi6nfxBcGvf-w,wylie-texas
https://www.ubereats.com/dallas/food-delivery/boomerjacks-grill-and-bar-fairview/W-qFxPjZRsCYh_DjD_ydkA,wylie-texas
https://www.ubereats.com/dallas/food-delivery/chick-fil-a-400-s-highway-78/M6mmgVYtQveVuQG8UoSVMA,wylie-texas
https://www.ubereats.com/dallas/food-delivery/napolis-italian-restaurant-wylie/QhRsZX-gRG2-XRpKU1BdXg,wylie-texas
https://www.ubereats.com/dallas/food-delivery/sonic-drive-in-st-paul/azc5RciaTqOb3ZIdknNklQ,wylie-texas
https://www.ubereats.com/dallas/food-delivery/taco-bell-5402-rowlett-road/93mY4X77SgeeHWZPQEDHog,wylie-texas
https://www.ubereats.com/dallas/food-delivery/chipotle-mexican-grill-3109-lakeview-pkwy/Tp4rAqeTSiSz07ZsHIv0Wg,wylie-texas
https://www.ubereats.com/dallas/food-delivery/dickeys-barbecue-restaurants-inc-1301-century-way/weaMOjpiRhWmkXep2iQ4HA,wylie-texas
https://www.ubereats.com/dallas/food-delivery/golden-pot/hB54DdGpRMCyQgdsZM5pQA,wylie-texas
https://www.ubereats.com/dallas/food-delivery/chipotle-mexican-grill-121-e-fm-544-ste-129/HssXeDGrTo69SjIq5UVZ7w,wylie-texas
https://www.ubereats.com/dallas/food-delivery/mrjimspizza-0053-613-hwy-78-suite-100/4s2aEhagRfWcRNyJi-_v1Q,wylie-texas
https://www.ubereats.com/dallas/food-delivery/wendys-1401-w-kirby-st/r22Mdh6rSaOk9OT6TXcZSQ,wylie-texas
https://www.ubereats.com/dallas/food-delivery/dairy-queen-420-s-hwy-78/diLUTJCOQGaZ8jJXJpGLlg,wylie-texas
https://www.ubereats.com/dallas/food-delivery/firehouse-subs-murphy/AUyi_X-cQFa9BSjQ51nD_g,wylie-texas
https://www.ubereats.com/dallas/food-delivery/venezias/Sr3XbozIRaa8Ht-P5bmO3g,wylie-texas
https://www.ubereats.com/dallas/food-delivery/scotty-ps-garland/J93VrfQBQeiOnz1X2OuwbA,wylie-texas
https://www.ubereats.com/dallas/food-delivery/papa-johns-101-a-n-greenville-ave/-HNr4DOzQKifKLvPVVw_lQ,wylie-texas
https://www.ubereats.com/dallas/food-delivery/donut-express/3tkLBgKtTumRT06Sg4F_dg,wylie-texas
https://www.ubereats.com/dallas/food-delivery/vivi-bubble-tea-garland/U_bpLdvPTze7oUg_ws1N_g,wylie-texas
https://www.ubereats.com/dallas/food-delivery/dairy-queen-grill-%26-chill-719-e-main-st/x580743YToiWZKq3aTGQpg,wylie-texas
https://www.ubereats.com/dallas/food-delivery/dough-gourmet-pizza/p4OBIZsbS4Cxcmpeqo0AJA,wylie-texas
https://www.ubereats.com/dallas/food-delivery/mcalisters-deli-560-wylie-tx-101359/C1Xn3qGqQW6zcsSt8Qx7GQ,wylie-texas
https://www.ubereats.com/dallas/food-delivery/stacy-donuts/aNri75MIRSSXvX1TLankKQ,wylie-texas
https://www.ubereats.com/dallas/food-delivery/tasty-temptations/LKoR1qO9TqqYr6eST9A_gw,wylie-texas
https://www.ubereats.com/dallas/food-delivery/burger-island-sachse/ITsrOOziTHuB0JOZDkidkg,wylie-texas
https://www.ubereats.com/dallas/food-delivery/absolutely-edible-cakes-%26-catering/Yl_ewNjLT_amqahyETKKKA,wylie-texas
https://www.ubereats.com/dallas/food-delivery/kellys-at-the-village/Tv_GIx9QTJOocHhrkF90aA,wylie-texas
https://www.ubereats.com/dallas/food-delivery/sonic-6040-s-highway-78/IbBVM1Y1QZ21FpZjIGtyTw,wylie-texas
https://www.ubereats.com/dallas/food-delivery/sonic-109-w-fm-544/Ao5OxUztQ-ukdDyAj4YHwQ,wylie-texas
https://www.ubereats.com/dallas/food-delivery/outback-steakhouse-1509-north-central-exp/_v-mHmgaTzi5d2gG0jzh9Q,wylie-texas
https://www.ubereats.com/dallas/food-delivery/sonic-2001-state-hwy-66/jlXyTT7sSDuQObXH5A-uZQ,wylie-texas
https://www.ubereats.com/dallas/food-delivery/wok-xpress-murphy/_GdB6eslRyGqExKnpRbU5g,wylie-texas
https://www.ubereats.com/dallas/food-delivery/yannis-greek-cafe/EXvxIvy-TFCVagUiDapa6g,wylie-texas
https://www.ubereats.com/dallas/food-delivery/bar-louie-allen/FwC-gYueR96kOkdt9tGcVA,wylie-texas
https://www.ubereats.com/dallas/food-delivery/nikis-italian-bistro-3/iuySyngDRxaGUpxrzXcraA,wylie-texas
https://www.ubereats.com/dallas/food-delivery/auntie-annes-295-cedar-sage-dr/kEfIP5ZCSDmxYC8ovXLxow,wylie-texas
https://www.ubereats.com/dallas/food-delivery/the-brick-tavern/eMwXIhxoT_G1CNbErAyzrw,wylie-texas
https://www.ubereats.com/dallas/food-delivery/hat-creek-burger-co-sachse/I2O4yzlCRzGaPjRv13CFKg,wylie-texas
https://www.ubereats.com/dallas/food-delivery/cicis-104-n-murphy-rd-unit-216/hOlgNsKMQvWcXOpA-H8VsQ,wylie-texas
https://www.ubereats.com/dallas/food-delivery/papa-murphys-tx043-901-west-fm-544-suite-200/tjtBuSxfTS2ITp2xcRPbjw,wylie-texas
https://www.ubereats.com/dallas/food-delivery/marcos-pizza/3ts0ovU0SB6cTr974TcO-g,wylie-texas
https://www.ubereats.com/dallas/food-delivery/sonic-1805-e-bethany-st/I99YaLfzTIy-7hxl1zLXuA,wylie-texas
https://www.ubereats.com/dallas/food-delivery/ferah-tex-med-kitchen/KJatgt-AQ6esYljA9Mmf2w,wylie-texas
https://www.ubereats.com/dallas/food-delivery/burger-king-2565-e-president-george-bush-hwy/05APF4BcST-8S_bB-tDIkw,wylie-texas
https://www.ubereats.com/dallas/food-delivery/sushi-go/1uLw7jDPSPubMM2PPGiXJg,wylie-texas
https://www.ubereats.com/dallas/food-delivery/taco-bell-1809-e-bethany-dr/m78hkqXjT92WnBLEIz9KMQ,wylie-texas
https://www.ubereats.com/dallas/food-delivery/kikis-authentic-mexican-restaurant/ESna7MkpSKSN3F3DuYnfOw,wylie-texas
https://www.ubereats.com/dallas/food-delivery/spicevillage/1x2DBvi0Txmi-ozBfEghaw,wylie-texas
https://www.ubereats.com/dallas/food-delivery/mcdonalds-bethany-heights/X3zYGJiHSRq2ndLYZPzRqg,wylie-texas
https://www.ubereats.com/dallas/food-delivery/country-burger-14th-street/rojiTS7JRIu4RFWl01_1sg,wylie-texas
https://www.ubereats.com/dallas/food-delivery/which-wich-wylie/pqEbns-TSM6FTFv6BHu9DA,wylie-texas
https://www.ubereats.com/dallas/food-delivery/smallcakes-cupcakery-and-creamery/53-Opf65T-Cqd4J6Cz-OZA,wylie-texas
https://www.ubereats.com/dallas/food-delivery/better-than-sex-a-dessert-restaurant-plano/C0QR-zQ6TmSfzbgSKA29cA,wylie-texas
https://www.ubereats.com/dallas/food-delivery/golden-chick-wylie/TiBjWFNtS52TnyypyXG-Tw,wylie-texas
https://www.ubereats.com/dallas/food-delivery/taqueria-diana-%235/OXRqmagaTN2RQ_mXFBnpwQ,wylie-texas
https://www.ubereats.com/dallas/food-delivery/josephines-neighborhood-bistro/ozX1txwrT9e3i0E8Fc6FIA,wylie-texas
https://www.ubereats.com/dallas/food-delivery/coney-island-hot-weiner-shop/rsVMgjoxSV6dTAaskJgYRA,wylie-texas
https://www.ubereats.com/dallas/food-delivery/chino-tacos/Wa8mmlJYQISgcrqloZmwfA,wylie-texas
https://www.ubereats.com/dallas/food-delivery/wendys-2670-west-lucas-rd/2Ji8FsJlTUCO6xTQyX5oNA,wylie-texas
https://www.ubereats.com/dallas/food-delivery/lime-n-dime/q2ytAQ7ZRMWOJGwwPng3vg,wylie-texas
https://www.ubereats.com/dallas/food-delivery/cajun-donuts/MhwLKpc2QZ-gU5cKdGDR_g,wylie-texas
https://www.ubereats.com/dallas/food-delivery/eddie-napolis/wa7wfEW9Sne6C6DJW8xz1Q,wylie-texas
https://www.ubereats.com/dallas/food-delivery/sonic-501-n-williams/G93NdqqJRciF4UJiK9iA9g,wylie-texas
https://www.ubereats.com/dallas/food-delivery/schlotzskys-deli-w-fm-544/ILr4bsuCRSif8sZeqg4dUA,wylie-texas
https://www.ubereats.com/dallas/food-delivery/conversations-coffee-bar/sBm8V-BDSyiVeYp2xeeCrQ,wylie-texas
https://www.ubereats.com/dallas/food-delivery/sachse-ice-house/rl0OZP-KTiGvXHTUzfVU6w,wylie-texas
https://www.ubereats.com/dallas/food-delivery/napolis-italian-restaurant-plano-park-blvd/nalHS73lQhamcSgS762cKA,wylie-texas
https://www.ubereats.com/dallas/food-delivery/churchs-chicken-7360-highway-78/CACW1JuiR26u85Ju3vTdjQ,wylie-texas
https://www.ubereats.com/dallas/food-delivery/alejandros-grill-%26-cantina/oQDMuNg5SyOVR2OZDUVR-A,wylie-texas
https://www.ubereats.com/dallas/food-delivery/mcdonalds-garland-tx-shiloh/gBElxmMoRqScrpG8CmV84A,wylie-texas
https://www.ubereats.com/dallas/food-delivery/good-fellas-wylie/UB7hPRFvT0CORceZ5N6fQA,wylie-texas
https://www.ubereats.com/dallas/food-delivery/chicken-express-5501-rowlett-rd/mHcywpGySXCkd6z6oMa-3w,wylie-texas
https://www.ubereats.com/dallas/food-delivery/jack-in-the-box-201-south-highway-78/b6oxixxVQnCdh6OHwulC3g,wylie-texas
https://www.ubereats.com/dallas/food-delivery/soulmans-bar-b-que/VKlDY3FzQjS-WYjZxvhDPw,wylie-texas
https://www.ubereats.com/dallas/food-delivery/starbucks-angel-%26-lucas/WLekBm7ATsWitGGuAwObVw,wylie-texas
https://www.ubereats.com/dallas/food-delivery/taco-bell-1340-jupiter-rd/aSnYUqU4TnWyXknN04b2Fw,wylie-texas
https://www.ubereats.com/dallas/food-delivery/yogurtville-allen/3I4nrt8PTXuAPn06WIl-Ow,wylie-texas
https://www.ubereats.com/dallas/food-delivery/opa!-greek-taverna/MYlM_YpmQFyO2b8g0LQ0Aw,wylie-texas
https://www.ubereats.com/dallas/food-delivery/chick-fil-a-117-e-fm-544/MKF8lUrLSNSD67ln8z-JOw,wylie-texas
https://www.ubereats.com/dallas/food-delivery/spice-kraft/AmZHGhZKR7iEk7oTGW47Yg,wylie-texas
https://www.ubereats.com/dallas/food-delivery/mezza-cafe/xTgqZOETQjGAZsv82SI7nw,wylie-texas
https://www.ubereats.com/dallas/food-delivery/el-pollo-loco-386-e-stacy-rd3866/nNoemNDPQh6tUKatqhznYw,wylie-texas
https://www.ubereats.com/dallas/food-delivery/pjs-smokin-bbq/RXS8MVtFSfKMaxVi5uFSkQ,wylie-texas
https://www.ubereats.com/dallas/food-delivery/grill-house/qEnwtOwhTSK1lHIQ6o-OTw,wylie-texas
https://www.ubereats.com/dallas/food-delivery/pancho-%26-leftys-rowlett/YgolczJqSRqlrWhsu8V8Ug,wylie-texas
https://www.ubereats.com/dallas/food-delivery/tgi-fridays-570-garland-tx/4tnFdWcCSy2AjabJyv3fXg,wylie-texas
https://www.ubereats.com/dallas/food-delivery/woodbridge-cafe/yCWxeANxRd2MvdZtLgd1Ew,wylie-texas
https://www.ubereats.com/dallas/food-delivery/arbys-1706-fm-544/H6nzqdVCTUuohxPpFaKqTQ,wylie-texas
https://www.ubereats.com/dallas/food-delivery/cajun-donuts-ii/5SyDNQgyT763p7gVTypDww,wylie-texas
https://www.ubereats.com/dallas/food-delivery/mcdonalds-lavon/RuWSukqiRp2R2VqiTXXOsA,wylie-texas
https://www.ubereats.com/dallas/food-delivery/dairy-queen-4510-lakeview-pkwy/IddXZsGaQg6pSxFaSUqBjw,wylie-texas
https://www.ubereats.com/dallas/food-delivery/golden-chick-7050-tx-78/JEA6GT1qTres7MeR-0lW-Q,wylie-texas
https://www.ubereats.com/dallas/food-delivery/taco-bell-121-s-murphy-road/JKCXXqu5SMSt_8Rw8EKlRw,wylie-texas
https://www.ubereats.com/dallas/food-delivery/taco-bell-5322-n-garland-ave/YIB7ghCFQCO0ao78ldfpgg,wylie-texas
https://www.ubereats.com/dallas/food-delivery/cruzitos-mexican-restaurant/C-cMWaJwTzuOuAybC_a2rA,wylie-texas
https://www.ubereats.com/dallas/food-delivery/starbucks-hwy-78-%26-190/TpGtSgpRRpiMCZkFyPZ1tQ,wylie-texas
https://www.ubereats.com/dallas/food-delivery/umi-sushi/-02yqYdtSC2F0MhSkFZCAQ,wylie-texas
https://www.ubereats.com/dallas/food-delivery/razzoos-cajun-cafe-firewheel/ZgiAevbgT-6NCJs8_IMtQA,wylie-texas
https://www.ubereats.com/dallas/food-delivery/taco-bell-1601-fm-544/PSXEJM59SQyEB4m6YMforA,wylie-texas
https://www.ubereats.com/dallas/food-delivery/hirut-ethiopian-grocery-%26-bakery/8ruQnfHLS3ubPoiuhIA32g,wylie-texas
https://www.ubereats.com/dallas/food-delivery/mcdonalds-murphy-tx-544-%26-murphy/GGj9HSdDSsah1v0Cn0JBCw,wylie-texas
https://www.ubereats.com/dallas/food-delivery/subway-5250-texas-78/JzT4thELThKaM7IdbIB8zQ,wylie-texas
https://www.ubereats.com/dallas/food-delivery/burgerim-805-woodbridge-pkwy/oLgd1y5ASnSq0hX3lfH-qQ,wylie-texas
https://www.ubereats.com/dallas/food-delivery/charcoal-burgers-%26-grills/2i8NWfVwTb-khc7qMSVVMA,wylie-texas
https://www.ubereats.com/dallas/food-delivery/taco-bell-3178-lavon-dr/bKgBGBqHRqyync6HFY6G-Q,wylie-texas
https://www.ubereats.com/dallas/food-delivery/mcdonalds-wylie-tx-75098/LFJhMDz9RYCdU1wrawXpbQ,wylie-texas
https://www.ubereats.com/dallas/food-delivery/boomerjacks-grill-%26-bar-murphy/vgDqMD05SsOEnxixKX6nPQ,wylie-texas
https://www.ubereats.com/dallas/food-delivery/cheesesteak-house-wylie/C6mApCrTSN-m9UwHQF5_2Q,wylie-texas
https://www.ubereats.com/dallas/food-delivery/dona-mary/mc-UVTo2Qr6jHLsq-hveuQ,wylie-texas
https://www.ubereats.com/dallas/food-delivery/starbucks-fm-544-%26-hwy-78/ieGSNJbYQAqZQAoRK03nvQ,wylie-texas
https://www.ubereats.com/dallas/food-delivery/moms-cafe/JxWeat8tTh2rfqj_SLU7PQ,wylie-texas
https://www.ubereats.com/dallas/food-delivery/bop-joa/T_yt421GQXyixeU_wlaD9g,wylie-texas
https://www.ubereats.com/dallas/food-delivery/gattis-pizza/AqY4e87MRSePi9BJRUyIUA,wylie-texas
https://www.ubereats.com/dallas/food-delivery/original-chopshop-allen/s48dAZj9TIi46AUDykvzpA,wylie-texas
https://www.ubereats.com/dallas/food-delivery/jerkycom/bBhACyj5TnG01-TQA9dZYA,wylie-texas
https://www.ubereats.com/dallas/food-delivery/tasty-temptations/2sEYYk3WTAaMoMGMnxe19A,wylie-texas
https://www.ubereats.com/dallas/food-delivery/subway-803-woodbridge-parkway/apocTaQpSBe6hIKOXrC8Ww,wylie-texas
https://www.ubereats.com/dallas/food-delivery/jack-in-the-box-106-w-fm-544/CAoReVF3SGK2i031qsKijQ,wylie-texas
https://www.ubereats.com/dallas/food-delivery/mod-pizza-wylie/HhmBCeJ6REGGM0M1o0yRbw,wylie-texas
https://www.ubereats.com/dallas/food-delivery/starbucks-renner-%26-northstar/o8ccUly9QfCYZw0fHd4p1g,wylie-texas
https://www.ubereats.com/dallas/food-delivery/wendys-205-w-fm-544/jEk76c10TQiz2XOGNJnTkQ,wylie-texas
https://www.ubereats.com/dallas/food-delivery/mod-pizza-allen/C8CgK1A7RAGqv2-dL6u4iw,wylie-texas
https://www.ubereats.com/dallas/food-delivery/la-shish-greek-%26-mediterranean/Pyk1o-OxQ8-dTFnHVokDTQ,wylie-texas
https://www.ubereats.com/dallas/food-delivery/royal-king-donut/-UnDczxdScWXYvGdcORggA,wylie-texas
https://www.ubereats.com/dallas/food-delivery/mcdonalds-sachse-tx/An4S9MSFTE2LhBhB-mP1Mg,wylie-texas
https://www.ubereats.com/dallas/food-delivery/cristinas-fine-mexican-restaurant-e-fm-544/YP4wtzP1QrywZwa2obI5jg,wylie-texas
https://www.ubereats.com/dallas/food-delivery/ihop-3586-wiley/ppLDKq-0RsehP6FDdJ4SIw,wylie-texas
https://www.ubereats.com/dallas/food-delivery/subway-430-s-hwy-78/Vf3P-2THQwugIlSMjfdW_g,wylie-texas
https://www.ubereats.com/dallas/food-delivery/14th-street-donuts/k_5tLRLvTrSIMxhK0pI-5Q,wylie-texas
https://www.ubereats.com/dallas/food-delivery/country-burger-murphy/T5Sc8SHEQhyO0Yr1uDhePw,wylie-texas
https://www.ubereats.com/dallas/food-delivery/nicks-sports-grill-rowlett/ep16kH6nSb2M2Uc_tNJljg,wylie-texas
https://www.ubereats.com/dallas/food-delivery/pizza-azteca/TdyLr9AnS2uPgqSRl9Mb4w,wylie-texas
https://www.ubereats.com/dallas/food-delivery/matts-rancho-martinez-garland/5VRnxE2aTfOF03MKEbYFQg,wylie-texas
https://www.ubereats.com/dallas/food-delivery/south-fork-steak-and-crab/HDiHJe67R4ujQdamfVOFGQ,wylie-texas
https://www.ubereats.com/dallas/food-delivery/kyoto-japanese-steakhouse/aHCU6180SZ2gbHND4natKw,wylie-texas
https://www.ubereats.com/dallas/food-delivery/papa-johns-805-woodbridge-prkwy/Uu6atSsWTCi9EDwfAl7oKA,wylie-texas
https://www.ubereats.com/dallas/food-delivery/country-club-cafe/-WMqNJf3Q7mLZiK0Se2_UA,wylie-texas
https://www.ubereats.com/dallas/food-delivery/jack-in-the-box-5410-rowlett-rd/Of7DfHFqS3u0Jn5GmkR5aw,wylie-texas
https://www.ubereats.com/dallas/food-delivery/taqueria-los-angeles/whG5JwkZQzejkhsJYXd8Tw,wylie-texas
https://www.ubereats.com/dallas/food-delivery/gyros-%26-kabobs/XXCXpz5xQBOBmGhOES6SJQ,wylie-texas
https://www.ubereats.com/dallas/food-delivery/dalrock-diner/tiBv3UoIR26HjBvLM7Tz8g,wylie-texas
https://www.ubereats.com/dallas/food-delivery/yogurt-wasted/IIQx52HdSqStGztzOPJvrQ,wylie-texas
https://www.ubereats.com/dallas/food-delivery/outback-steakhouse-4902-north-george-bush-highway/yJ0GoAhZTQSuq-WymDtM3A,wylie-texas
https://www.ubereats.com/dallas/food-delivery/papa-johns-2376-lavon-dr/zJLv7HcTQE-vhjqmdu-P1w,wylie-texas
https://www.ubereats.com/dallas/food-delivery/pie-five-pizza-murphy/zmZ9o9DIQKqYDfainmW_fQ,wylie-texas
https://www.ubereats.com/dallas/food-delivery/magic-cup/bdTIC0FfTRmNjj8kFbkBnQ,wylie-texas
https://www.ubereats.com/dallas/food-delivery/papa-murphys-1208-east-bethany-drive-suite-6/rDmjf3oeRAmdu0A_AAl9nA,wylie-texas
https://www.ubereats.com/dallas/food-delivery/donut-bliss/HI_WCi2oT8yq5XQH7tiAng,wylie-texas
https://www.ubereats.com/dallas/food-delivery/wing-city-llc/cVApIcDfTI6lRyPqqllWgw,wylie-texas
https://www.ubereats.com/dallas/food-delivery/la-flor-mexican-grill-%26-cantina/FVdhWyscRsSKHbR6j2UtlQ,wylie-texas
https://www.ubereats.com/dallas/food-delivery/pei-wei-4170-lavon-dr/qTQt6oICRAyl8CPZKsfyNw,wylie-texas
https://www.ubereats.com/dallas/food-delivery/taco-cabana-104-east-fm-544/nIvQbRTtQDWeQ5qSjuwtcw,wylie-texas
https://www.ubereats.com/dallas/food-delivery/spicemart-grocers-%26-caterers/E2X_R1JuS96_9lYze1FjEQ,wylie-texas
https://www.ubereats.com/dallas/food-delivery/burger-king-920-fm-544/gPo2_7GMSNKJxM8L80u8dw,wylie-texas
https://www.ubereats.com/dallas/food-delivery/frankies-mexican-cuisine-sachse/WXyR4rsqTg6RwYVusvibwg,wylie-texas
https://www.ubereats.com/dallas/food-delivery/hooties-burger-bar-garland/Tv0NLZegRH-U3PqwO4LSyQ,wylie-texas
https://www.ubereats.com/dallas/food-delivery/mehfil-indian-cuisine/L1EdHKczRLy3WtHBv54V-A,wylie-texas
https://www.ubereats.com/dallas/food-delivery/panda-chef-sachse/kYQ7dau4RlKzIaQgx5G5BQ,wylie-texas
https://www.ubereats.com/dallas/food-delivery/chips-%26-salsa-tex-mex-%26-cantina/l_cUjaFwSGmYmk7mn8W9gQ,wylie-texas
https://www.ubereats.com/dallas/food-delivery/gorditas-la-rancherita/05xpbeQ8TCuee3G5WwyTwA,wylie-texas
https://www.ubereats.com/dallas/food-delivery/kristals-mexican-grill/ga3SRFWKSuCzQiVi4vSuqQ,wylie-texas
https://www.ubereats.com/dallas/food-delivery/tortilleria-la-sabrosa/452M7O3xQ86_Y-HQHLVOpg,wylie-texas
https://www.ubereats.com/dallas/food-delivery/mogios-gourmet-pizza-sachse/tb2QqCqQRAaNl7ons1I7NA,wylie-texas
https://www.ubereats.com/dallas/food-delivery/villa-vinci/KHD1wFa1RCSygxonLvNwVQ,wylie-texas
https://www.ubereats.com/dallas/food-delivery/honey-baked-ham-511-e-fm-544-suite-105/E5sWVN6_T0akSoHjwbWguA,wylie-texas
https://www.ubereats.com/dallas/food-delivery/great-american-cookies/2PaUvJ9jR2C3r70k4xQXfg,wylie-texas
https://www.ubereats.com/dallas/food-delivery/starbucks-hwy-190-%26-n-garland/OwuehG7dQQG8eJk9JdKfQQ,wylie-texas
https://www.ubereats.com/dallas/food-delivery/bund-wok/9QSicNDWRf68z93NFQ4DNA,wylie-texas
