url,city
https://www.ubereats.com/nyc-suburbs/food-delivery/big-italy-pizzeria/aOuF4lifQSSZJe_RWsD96Q,yaphank-new-york
https://www.ubereats.com/nyc-suburbs/food-delivery/popeyes-17-mcgraw-street/oSamiZQvSfiWGczcPZeg9A,yaphank-new-york
https://www.ubereats.com/nyc-suburbs/food-delivery/alfredos-pizzeria-%26-restaurant/PWy4cTZfQtSu0vp-67TrhQ,yaphank-new-york
https://www.ubereats.com/nyc-suburbs/food-delivery/dairy-queen-grill-%26-chill-2846-rt-112/0IJWSvWJSLqPB_j_TmaWqw,yaphank-new-york
https://www.ubereats.com/nyc-suburbs/food-delivery/crazy-bowls-acai-bowls-%26-more/wsuJ31fwQgCS79NuPHg_7A,yaphank-new-york
https://www.ubereats.com/nyc-suburbs/food-delivery/hero-haven-and-more/7IbHOSMyTmSg7DvQZytbrA,yaphank-new-york
https://www.ubereats.com/nyc-suburbs/food-delivery/brody-mckays-tavern/ktn73ah_TCitSKJuamKbwQ,yaphank-new-york
https://www.ubereats.com/nyc-suburbs/food-delivery/georges-luncheonette-patchogue/8zo7x8cjQ0yO9HuebiSODQ,yaphank-new-york
https://www.ubereats.com/nyc-suburbs/food-delivery/checkers-550-william-floyd-pkwy/X9ywdjfgSZCqn92jFniIhA,yaphank-new-york
https://www.ubereats.com/nyc-suburbs/food-delivery/taco-bell-174-medford-avenue/FKb7JniOQX2rTiNv1E7HWA,yaphank-new-york
https://www.ubereats.com/nyc-suburbs/food-delivery/that-meetball-place-patchogue/s-UikbXUTsuE31KtmiY5SA,yaphank-new-york
https://www.ubereats.com/nyc-suburbs/food-delivery/112-tequila-restaurant/vIkJUOWfSQOg8g089YU1QA,yaphank-new-york
https://www.ubereats.com/nyc-suburbs/food-delivery/my-hero/du1_OLz-S0GyXYyKTa7QtA,yaphank-new-york
https://www.ubereats.com/nyc-suburbs/food-delivery/campus-heros/pVgeUPgiTX2c6E0uiiggKQ,yaphank-new-york
https://www.ubereats.com/nyc-suburbs/food-delivery/familia-bakery/3KCZnf9eRn6KdRdee2V7uQ,yaphank-new-york
https://www.ubereats.com/nyc-suburbs/food-delivery/nazs-halal-food-456-william-floyd-parkway/lgs3_O9AS7qMGp0a6DglMA,yaphank-new-york
https://www.ubereats.com/nyc-suburbs/food-delivery/mademoiselle-patisserie/7wFEiEdaR32iqkCTLogHeg,yaphank-new-york
https://www.ubereats.com/nyc-suburbs/food-delivery/rhum/H1Q7TCh-TQCwk54GMnnwcA,yaphank-new-york
https://www.ubereats.com/nyc-suburbs/food-delivery/orto/T-iEtCRgTpSuBeYaQrBz4w,yaphank-new-york
https://www.ubereats.com/nyc-suburbs/food-delivery/sweet-frog-sayville/S92IOsMvScSBlvUeK88MOQ,yaphank-new-york
https://www.ubereats.com/nyc-suburbs/food-delivery/mcnulty-ice-cream-parlor/9byL8JNhTjKlRgwGBrK3nw,yaphank-new-york
https://www.ubereats.com/nyc-suburbs/food-delivery/centro-america-deli/XF02iU5fRQa0DssDYxfzKg,yaphank-new-york
https://www.ubereats.com/nyc-suburbs/food-delivery/carman-street-deli/Au5MvHdMS3qo2n3uZOZ_-Q,yaphank-new-york
https://www.ubereats.com/nyc-suburbs/food-delivery/dunkin-490-mastic-rd/4g6aQT--TTa1NREDTzbo-w,yaphank-new-york
https://www.ubereats.com/nyc-suburbs/food-delivery/genovas-pizza-and-pastaria/9dU6-ku4Tn6is0vnOfoOKg,yaphank-new-york
https://www.ubereats.com/nyc-suburbs/food-delivery/burger-king-246-medford-ave/wqiWtSYMThSRlbRQAMRFdg,yaphank-new-york
https://www.ubereats.com/nyc-suburbs/food-delivery/crumbs-on-main/2nC4DPwnQyi8emovXJ4-Nw,yaphank-new-york
https://www.ubereats.com/nyc-suburbs/food-delivery/tainos-cafe-%26-lounge/AJxKz-lxTfqwNoYqKKH2Ag,yaphank-new-york
https://www.ubereats.com/nyc-suburbs/food-delivery/meltology/Bk8wo-_PSo2mD8B6EpTErw,yaphank-new-york
https://www.ubereats.com/nyc-suburbs/food-delivery/dunkin-286-express-drive-south/DMEXg2NGQt2FBTgnH4KouQ,yaphank-new-york
https://www.ubereats.com/nyc-suburbs/food-delivery/narduccis-pizza/tZtI3agaTpSxSuQ8qDUynQ,yaphank-new-york
https://www.ubereats.com/nyc-suburbs/food-delivery/mcdonalds-769-montauk-hwy/eReJa1xGT3q5kPVChr4XpA,yaphank-new-york
https://www.ubereats.com/nyc-suburbs/food-delivery/the-cuban-patchogue/hQnPzBMDQQyhRn8-SpJAWw,yaphank-new-york
https://www.ubereats.com/nyc-suburbs/food-delivery/boston-market-803-montauk-highway/WZfYt2lqTAyWLdJCpvESyQ,yaphank-new-york
https://www.ubereats.com/nyc-suburbs/food-delivery/medford-pastaria/zi8aUGOtT2Sz3-sEGrLq8A,yaphank-new-york
https://www.ubereats.com/nyc-suburbs/food-delivery/papa-johns-pizza-%232995/twcChnMaSIqNnAB0zzMPtg,yaphank-new-york
https://www.ubereats.com/nyc-suburbs/food-delivery/athens-diner/NFsuqrbGRx-5zgsGPrNQbw,yaphank-new-york
https://www.ubereats.com/nyc-suburbs/food-delivery/pollo-sabroson/PclkXsbxT0e0T2aSlp2zfQ,yaphank-new-york
https://www.ubereats.com/nyc-suburbs/food-delivery/mastic-deli-%26-market/FAa3JxGXR0SFYKlwcS3IHA,yaphank-new-york
https://www.ubereats.com/nyc-suburbs/food-delivery/wayback-burger-490-mastic-rd/NGvI9fI6TfOs1qLHXMGCBw,yaphank-new-york
https://www.ubereats.com/nyc-suburbs/food-delivery/friendlys-2220-rte-112/_IkTd1NmQx6a1SEr6RCIPg,yaphank-new-york
https://www.ubereats.com/nyc-suburbs/food-delivery/206-applebees-farmingville/F3vmjvF0Rl6MHYfJs4OiwQ,yaphank-new-york
https://www.ubereats.com/nyc-suburbs/food-delivery/mediterranean-kitchen-mastic/dYJAuV_eS9uw1s4DXi5vsA,yaphank-new-york
https://www.ubereats.com/nyc-suburbs/food-delivery/215-applebees-patchogue/OCTxJXUxQbyKwDeqBlntiQ,yaphank-new-york
https://www.ubereats.com/nyc-suburbs/food-delivery/medford-village-market/lW20WfsuRaqnkxZOqj_5Og,yaphank-new-york
https://www.ubereats.com/nyc-suburbs/food-delivery/pita-house/K5gEf6PESyqMbWWxyI6ccQ,yaphank-new-york
https://www.ubereats.com/nyc-suburbs/food-delivery/weirs-corner-deli/IsH4v_OYRWOQ3u6gCg_MBQ,yaphank-new-york
https://www.ubereats.com/nyc-suburbs/food-delivery/burrito-palace-and-grill-ronkonkoma/nyrgktB4QYu1iB0xdRimng,yaphank-new-york
https://www.ubereats.com/nyc-suburbs/food-delivery/papa-johns-pizza-%233095/fdjPRY1CQMuZB4KE6ppUDw,yaphank-new-york
https://www.ubereats.com/nyc-suburbs/food-delivery/golden-jalapenos-cafe/B0ou4txCSAy0tP2UHDu6CA,yaphank-new-york
https://www.ubereats.com/nyc-suburbs/food-delivery/sunny-%26-fines-breakfast-burritos/NZnVXLLOSgmoMgYJIOlh-g,yaphank-new-york
https://www.ubereats.com/nyc-suburbs/food-delivery/brugmans-deli/7Z03prYsR9Orn-DbhtbL3A,yaphank-new-york
https://www.ubereats.com/nyc-suburbs/food-delivery/outback-steakhouse-325-main-street/j_6tQ_LzQIa55mj67zef_A,yaphank-new-york
https://www.ubereats.com/nyc-suburbs/food-delivery/la-buena-vida/t9zL-gTZSrOONrsOUEM7_g,yaphank-new-york
https://www.ubereats.com/nyc-suburbs/food-delivery/caribbean-spot-coram/StY2urDRQjW0jpHpZkdU5g,yaphank-new-york
https://www.ubereats.com/nyc-suburbs/food-delivery/viva-juan-restaurant/sdQxCZzoRfqOF4c89U7u4w,yaphank-new-york
https://www.ubereats.com/nyc-suburbs/food-delivery/bernies-family-pizzeria/CxBmaU-tQ2Ghw-CAByrCBA,yaphank-new-york
https://www.ubereats.com/nyc-suburbs/food-delivery/dos-mexi-cuban/RGwtZ-aRQ_O8yKsIsCHQzA,yaphank-new-york
https://www.ubereats.com/nyc-suburbs/food-delivery/wasabi-japanese-steakhouse/ksz-gxuHQNCSGNxahGuEiw,yaphank-new-york
https://www.ubereats.com/nyc-suburbs/food-delivery/machi-sushi/Xlt7K79NTAWwGafNfFYQVw,yaphank-new-york
https://www.ubereats.com/nyc-suburbs/food-delivery/taco-bell-2425-n-ocean-ave/-d-fbS5iTqODS-cp6RzMiQ,yaphank-new-york
https://www.ubereats.com/nyc-suburbs/food-delivery/mcdonalds-1175-middle-country-road/nyjrncfwREmjVwmKEA6aBw,yaphank-new-york
https://www.ubereats.com/nyc-suburbs/food-delivery/brookhouse-pizza-and-grill/2et97TFfRU-czBPFr5XFmw,yaphank-new-york
https://www.ubereats.com/nyc-suburbs/food-delivery/dunkin-3197-horseblock-road/R_xH_9klQzaA1gEk12vZVg,yaphank-new-york
https://www.ubereats.com/nyc-suburbs/food-delivery/friendlys-940-montauk-hwy/gV2YJZntQtysYoQb4Cbq9g,yaphank-new-york
https://www.ubereats.com/nyc-suburbs/food-delivery/taco-bell-551-william-floyd-parkway/psiMpNAeSVGiVmkGIov5SQ,yaphank-new-york
https://www.ubereats.com/nyc-suburbs/food-delivery/sobol-mastic-beach/ffpTjQbjT4O_PylwCCC_Dg,yaphank-new-york
https://www.ubereats.com/nyc-suburbs/food-delivery/avo-taco/T1Sn8b3kQNyh5W8zw1jpSQ,yaphank-new-york
https://www.ubereats.com/nyc-suburbs/food-delivery/coram-diner/JCJpkzIkT9O13EnOTaZynQ,yaphank-new-york
https://www.ubereats.com/nyc-suburbs/food-delivery/meltology/sBETs4-FTkeNDgpk9ZI7vg,yaphank-new-york
https://www.ubereats.com/nyc-suburbs/food-delivery/jackees-jamaican-cafe/JH5b70RQR6CIkuFMABaukw,yaphank-new-york
https://www.ubereats.com/nyc-suburbs/food-delivery/jcs-restaurant/lVls8-7KTfChiJUhMbKx7Q,yaphank-new-york
https://www.ubereats.com/nyc-suburbs/food-delivery/island-lake-diner/S18VA0gpTGSxLr6qVlasNg,yaphank-new-york
https://www.ubereats.com/nyc-suburbs/food-delivery/alitalia/EM5g_1NGQh-v98lpyUqJbg,yaphank-new-york
https://www.ubereats.com/nyc-suburbs/food-delivery/go-burger-ridge-ny/Y-vm4MBcTHyEsTMJxzNlTw,yaphank-new-york
https://www.ubereats.com/nyc-suburbs/food-delivery/kfc-800-montauk-hwy-ste-22/whcc_rQmR42Ii8rAF-F7Cg,yaphank-new-york
https://www.ubereats.com/nyc-suburbs/food-delivery/nathans-famous-662-middle-country-rd/S3lsTXgxQOm5jU7l5ABbnQ,yaphank-new-york
https://www.ubereats.com/nyc-suburbs/food-delivery/kfc-375-route-25a/KQJy-EexRbSEHbTxVxZ_2g,yaphank-new-york
https://www.ubereats.com/nyc-suburbs/food-delivery/mcdonalds-499-85-sunrise-hwy/CVPbDvT3ShOpaxrd56zqoA,yaphank-new-york
https://www.ubereats.com/nyc-suburbs/food-delivery/bella-maria-restaurant-%26-pizzeria/S_Ye-yjdTR-Jdwl_kCsdcQ,yaphank-new-york
https://www.ubereats.com/nyc-suburbs/food-delivery/cajun-claws/-DxMt2hHRkyuSsJ-6lNBBQ,yaphank-new-york
https://www.ubereats.com/nyc-suburbs/food-delivery/local-burger-co-patchogue/HPvCj0LaR12nmX012BgKng,yaphank-new-york
https://www.ubereats.com/nyc-suburbs/food-delivery/hamza-halal-food/xPvNhTDRQY2FYnVZiVYavQ,yaphank-new-york
https://www.ubereats.com/nyc-suburbs/food-delivery/subway-400f-horseblock-rd/6IEOnEKVRyCee4hxnjNHag,yaphank-new-york
https://www.ubereats.com/nyc-suburbs/food-delivery/your-bagel-cafe/1typzXlPTYOCvvsIIdytGQ,yaphank-new-york
https://www.ubereats.com/nyc-suburbs/food-delivery/ruby-tuesday-700-patchogue-yaphank-road/hukYPzudTRKw5qMQ7E-cDw,yaphank-new-york
https://www.ubereats.com/nyc-suburbs/food-delivery/joes-pizzeria-%26-restaurant/8ZniCKdhSn6Zbg-pcoHkQw,yaphank-new-york
https://www.ubereats.com/nyc-suburbs/food-delivery/go-burger-mount-sinai-ny/DKy_KnVHRtqW7BWmNTrSIQ,yaphank-new-york
https://www.ubereats.com/nyc-suburbs/food-delivery/mcdonalds-313-middle-country-rd/r9rl2DCnQCyM0IVuqvmSXA,yaphank-new-york
https://www.ubereats.com/nyc-suburbs/food-delivery/recipe-seven-cocktails-and-kitchen/oy1S98YaTri_u2f3QkaPaA,yaphank-new-york
https://www.ubereats.com/nyc-suburbs/food-delivery/sunshine-deli/2N4Ay_yeRUautDUVfYxE1A,yaphank-new-york
https://www.ubereats.com/nyc-suburbs/food-delivery/carvel-215-east-main-street/JhWp7yVGRYma-uBX8O8orA,yaphank-new-york
https://www.ubereats.com/nyc-suburbs/food-delivery/i-heart-mac-and-cheese-patchogue/k3mLnjFsTSq7iQ79hpLuNA,yaphank-new-york
https://www.ubereats.com/nyc-suburbs/food-delivery/ralphies-chicken-and-gyro/o8uLf_u4RQ-FdHDbWzYtsQ,yaphank-new-york
https://www.ubereats.com/nyc-suburbs/food-delivery/crazy-bowls-acai-bowls-%26-more/KuiXrh7gRuuT7QEsrmo1oA,yaphank-new-york
https://www.ubereats.com/nyc-suburbs/food-delivery/manhattan-bagel/oMBx4DKjTVOV6YHF7pJClA,yaphank-new-york
https://www.ubereats.com/nyc-suburbs/food-delivery/chong-sar-restaurant/-L1y0aKnSg61dnnuoWDNBg,yaphank-new-york
https://www.ubereats.com/nyc-suburbs/food-delivery/metropolis-diner/Ww81MA18T1GsU5AjhJaF7g,yaphank-new-york
https://www.ubereats.com/nyc-suburbs/food-delivery/ming-kong/Ol1mZAvqQg-Y2Ujv82suBg,yaphank-new-york
https://www.ubereats.com/nyc-suburbs/food-delivery/crazy-crepe-cafe/QAv5T03tRZS_X8fChqAjfg,yaphank-new-york
https://www.ubereats.com/nyc-suburbs/food-delivery/colins-deli/bSD5vAUcSQOXN58ALhhyig,yaphank-new-york
https://www.ubereats.com/nyc-suburbs/food-delivery/pepes-royal-pizzeria/3vhvV_QURpa7742NWi_ZhQ,yaphank-new-york
https://www.ubereats.com/nyc-suburbs/food-delivery/buffalo-wild-wings-385-route-25a/SLd974MbQa6C6Huv54OLsg,yaphank-new-york
https://www.ubereats.com/nyc-suburbs/food-delivery/mooney-pond-deli/gSOptl50RFudYriv3CUIdA,yaphank-new-york
https://www.ubereats.com/nyc-suburbs/food-delivery/hurricane-grill-and-wings-496-county-rd/YrY5JBqVRd2jxsDYRJUzcQ,yaphank-new-york
https://www.ubereats.com/nyc-suburbs/food-delivery/moes-southwest-grill-66-98-rocky-point-yaphin-road/ZqwK6ueFSHWlI6SKQfEyFw,yaphank-new-york
https://www.ubereats.com/nyc-suburbs/food-delivery/colins-hero-stop/CZozBBP3TdmxlipIzWkh9Q,yaphank-new-york
https://www.ubereats.com/nyc-suburbs/food-delivery/joshi-brothers-deli-%26-grocery/CCiHgxKVTOqjmOvNsb7oCQ,yaphank-new-york
https://www.ubereats.com/nyc-suburbs/food-delivery/aliyana-pizzeria/EIZsfNZBRXeyuL8Yvf9koA,yaphank-new-york
https://www.ubereats.com/nyc-suburbs/food-delivery/barnwood-market/kQy__TGSQ9C7Q94beByBpw,yaphank-new-york
https://www.ubereats.com/nyc-suburbs/food-delivery/mcdonalds-463-st-rt-25a-ny/POavwT7AQd2NshMNed0mmg,yaphank-new-york
https://www.ubereats.com/nyc-suburbs/food-delivery/carvel-400a-horseblock-road/OuDMjuiCSsG0uRE6IsRYCw,yaphank-new-york
https://www.ubereats.com/nyc-suburbs/food-delivery/tonys-sushi/-Hm8LZaeSvuKq_hId_0fFg,yaphank-new-york
https://www.ubereats.com/nyc-suburbs/food-delivery/dunkin-440-william-floyd-pkwy/mG-gf1tUTsi0Q6TQfu6Srw,yaphank-new-york
https://www.ubereats.com/nyc-suburbs/food-delivery/golden-jalapenos/iTiVIuW-ReiE2eOkcA-QTA,yaphank-new-york
https://www.ubereats.com/nyc-suburbs/food-delivery/victorious-pizza/lS_t_l__QGu-9tgoOijsew,yaphank-new-york
https://www.ubereats.com/nyc-suburbs/food-delivery/dunkin-350-middle-country-rd/fw5LRzqTRiSAM5wMDf85yw,yaphank-new-york
https://www.ubereats.com/nyc-suburbs/food-delivery/bloomberg-bagels/338Oq2A9QDCpq8hkLT-IFA,yaphank-new-york
https://www.ubereats.com/nyc-suburbs/food-delivery/country-cottage-diner-center-moriches/SZgcszyYRAe5FHn8zMLHgw,yaphank-new-york
https://www.ubereats.com/nyc-suburbs/food-delivery/subway-1187-middle-country-rd/CX7YkFTWS2ycMxuNryS2fA,yaphank-new-york
https://www.ubereats.com/nyc-suburbs/food-delivery/wendys-1820-rt-112/mxLpdurMQrq9-YuXaju2Rg,yaphank-new-york
https://www.ubereats.com/nyc-suburbs/food-delivery/swan-country-deli-%26-gifts/G2usDKQER2ev1t6sXgHLbg,yaphank-new-york
https://www.ubereats.com/nyc-suburbs/food-delivery/village-bistro/c-SclDHqQ9ubcxYoGs27XA,yaphank-new-york
https://www.ubereats.com/nyc-suburbs/food-delivery/kfc-533-medford-ave/EaAh6aoUQ0KWdDy5nwYgbw,yaphank-new-york
https://www.ubereats.com/nyc-suburbs/food-delivery/gerardos-pizza-%26-pasta/wqHQpTHeQ5mdz-bvdUoTuw,yaphank-new-york
https://www.ubereats.com/nyc-suburbs/food-delivery/subway-402-medford-ave/0q_kNj-HQ_yPmLqa9vFDrQ,yaphank-new-york
https://www.ubereats.com/nyc-suburbs/food-delivery/crazy-crepe-cafe-miller-place/s2IG5WzGQcS9QJmWp4nxVQ,yaphank-new-york
https://www.ubereats.com/nyc-suburbs/food-delivery/24-7-convenience-store/dqu-mUt2TOeHHCCc3PBUGg,yaphank-new-york
https://www.ubereats.com/nyc-suburbs/food-delivery/better-burger-manorville/ya7aMf2vQtm6Hycp79wO3A,yaphank-new-york
https://www.ubereats.com/nyc-suburbs/food-delivery/farmingville-liquor-%26-wine/YWO1rMtrQdetyq2_zwWStA,yaphank-new-york
https://www.ubereats.com/nyc-suburbs/food-delivery/nonnas-pizzeria/qdP6CyJ3TNyOezS9xdomiA,yaphank-new-york
https://www.ubereats.com/nyc-suburbs/food-delivery/express-deli-and-supermarket/mGyDt2dRQtWVr_KwsN5bCQ,yaphank-new-york
https://www.ubereats.com/nyc-suburbs/food-delivery/dunkin-545-william-floyd-pkwy/fUuykizxSiy7XFB0o21czg,yaphank-new-york
https://www.ubereats.com/nyc-suburbs/food-delivery/dunkin-1495-montauk-hwy/d6zmXrneT52-WzEYkwRMbA,yaphank-new-york
https://www.ubereats.com/nyc-suburbs/food-delivery/jersey-mikes-280a-middle-country-rd/khjMI_WGRaqSW_JIP5mKQg,yaphank-new-york
https://www.ubereats.com/nyc-suburbs/food-delivery/primo-pizza/dcR0-QGyTH6y2IVOvdyUYQ,yaphank-new-york
https://www.ubereats.com/nyc-suburbs/food-delivery/bagels-101/dx4NzvA6Qd-lB8iHlk0Ung,yaphank-new-york
https://www.ubereats.com/nyc-suburbs/food-delivery/carolina-kitchen/jNl6vP-GTu63d8i6ibRzhA,yaphank-new-york
https://www.ubereats.com/nyc-suburbs/food-delivery/golden-jalapenos-cafe/1KZ7Pmb5SeCP4rSWKOcEtQ,yaphank-new-york
https://www.ubereats.com/nyc-suburbs/food-delivery/wendys-460-sunrise-highway/sjewrLbUSZ-mAjsfQSf3PA,yaphank-new-york
https://www.ubereats.com/nyc-suburbs/food-delivery/best-meal-chinese-food/zBqS0kNgQ0OMe6LiGK8D6A,yaphank-new-york
https://www.ubereats.com/nyc-suburbs/food-delivery/subway-700-patchogue-yaphank-rd-ste-7/BRfHsBYSTwWIRWnw_y_E9w,yaphank-new-york
https://www.ubereats.com/nyc-suburbs/food-delivery/waffle-shack/KcEUNFcXTLSOiDaM7WACyA,yaphank-new-york
https://www.ubereats.com/nyc-suburbs/food-delivery/castaway-cafe/Vs8NApUZRqeYlhNzZdRKnQ,yaphank-new-york
https://www.ubereats.com/nyc-suburbs/food-delivery/bagels-your-way-medford/n6N52GjkSju_Egt5tPNm8A,yaphank-new-york
https://www.ubereats.com/nyc-suburbs/food-delivery/popeis-coram/6xfTeOjJRZ-12wzHzmcIzw,yaphank-new-york
https://www.ubereats.com/nyc-suburbs/food-delivery/sammy-a-vegan-boy/0XOxNiVhSqC-dKXbOPIBQQ,yaphank-new-york
https://www.ubereats.com/nyc-suburbs/food-delivery/pizza-corner-medford/aivWHotxQ4ik3mysuut6CA,yaphank-new-york
https://www.ubereats.com/nyc-suburbs/food-delivery/carvel-1289-middle-country-road/5hnY1EURSy6iwIdgY9EVeA,yaphank-new-york
https://www.ubereats.com/nyc-suburbs/food-delivery/5-brothers-fried-chicken-and-waffles/MeB_EU_7SHavqYaomhyVRA,yaphank-new-york
https://www.ubereats.com/nyc-suburbs/food-delivery/216-applebees-shirley-855-montauk-highway-bldg-a/wrhQuvctTsiyVjs2vYzzEA,yaphank-new-york
https://www.ubereats.com/nyc-suburbs/food-delivery/friendlys-700-80-rte-101/4IlxFoAlTbefzgCTQLVfZA,yaphank-new-york
https://www.ubereats.com/nyc-suburbs/food-delivery/sobol-patchogue/9wwEY0e_SDKBsaWBv91TRg,yaphank-new-york
https://www.ubereats.com/nyc-suburbs/food-delivery/james-joyce/2rwgMon6SsGx9Iph47mWzw,yaphank-new-york
https://www.ubereats.com/nyc-suburbs/food-delivery/the-hero-joint/3D-Ai0s_R5a3RveAZRNOAQ,yaphank-new-york
https://www.ubereats.com/nyc-suburbs/food-delivery/new-yee-wo-kitchen/-uclSl5QTvKDgzLHUqW6Wg,yaphank-new-york
https://www.ubereats.com/nyc-suburbs/food-delivery/fresh-and-hot-bagels/Lu7zSjW_Rd2mUFB8QnR8CA,yaphank-new-york
https://www.ubereats.com/nyc-suburbs/food-delivery/hummus/vgmtqeDNQl62nmzTZaeZlQ,yaphank-new-york
https://www.ubereats.com/nyc-suburbs/food-delivery/rb-los-amigos-restaurante-inc/0Pboo-ArRuuP5GDMcCNXBA,yaphank-new-york
https://www.ubereats.com/nyc-suburbs/food-delivery/sapore-fino/Z4hse3tPRomLmYtIalFe_A,yaphank-new-york
https://www.ubereats.com/nyc-suburbs/food-delivery/meltology-grilled-cheese-manorville/JA-Kh7MZTMSqhSpRWe_V1w,yaphank-new-york
https://www.ubereats.com/nyc-suburbs/food-delivery/super-deli/4GRoSge0Tx62yYzkDjCmiQ,yaphank-new-york
https://www.ubereats.com/nyc-suburbs/food-delivery/william-floyd-diner/ZfnHVBVvTVWhW4ZVw5Cyfg,yaphank-new-york
https://www.ubereats.com/nyc-suburbs/food-delivery/middle-island-pizza/nUPVH3aITbunzi_F7TqsDg,yaphank-new-york
https://www.ubereats.com/nyc-suburbs/food-delivery/blue-point-diner/E8ELpjAGSDmo7N3h102X1Q,yaphank-new-york
https://www.ubereats.com/nyc-suburbs/food-delivery/burrito-palace-and-grill-miller-place/JiZhxzW7R_yq5o-OrX72dQ,yaphank-new-york
https://www.ubereats.com/nyc-suburbs/food-delivery/taco-bell-ridge/AKxvAf6LTh-EXFBf4uN6YA,yaphank-new-york
https://www.ubereats.com/nyc-suburbs/food-delivery/dunkin-1105-horseblock-rd/hDj4JMNrQ_SThzVMHGD4fQ,yaphank-new-york
https://www.ubereats.com/nyc-suburbs/food-delivery/johns-pizza-and-restaurant/3dm14PrZQweJqem1ls7m3Q,yaphank-new-york
https://www.ubereats.com/nyc-suburbs/food-delivery/crazy-pies-bistro-and-pizzeria/zGItquFARuKWl6UEUhKp-Q,yaphank-new-york
https://www.ubereats.com/nyc-suburbs/food-delivery/shanghai-chinese-restaurant/qZcWJ-HwToOk9rjwG4iOUw,yaphank-new-york
https://www.ubereats.com/nyc-suburbs/food-delivery/alexandros-restaurant/897-A2X4TO-hUBKhXejGzQ,yaphank-new-york
https://www.ubereats.com/nyc-suburbs/food-delivery/buffalos-cafe-manorville/31MHs-V9RGejFcOnhEHYwQ,yaphank-new-york
https://www.ubereats.com/nyc-suburbs/food-delivery/house-of-mediterranean-eats-coram/Qpl0UkrzRmubkpix7_28hQ,yaphank-new-york
https://www.ubereats.com/nyc-suburbs/food-delivery/on-the-border-holtsville/PXVepW9JSNO90fQQIwyRYg,yaphank-new-york
https://www.ubereats.com/nyc-suburbs/food-delivery/wendys-555-william-floyd-pkwy/UZ58S5WST_qegD9yQATuuA,yaphank-new-york
https://www.ubereats.com/nyc-suburbs/food-delivery/burgerology-patchogue/hSzBt2b1TrO0yvyC7grJiQ,yaphank-new-york
https://www.ubereats.com/nyc-suburbs/food-delivery/town-%26-country-market-miller-place/ZmraYYeMR8CygcOzZh_vJQ,yaphank-new-york
https://www.ubereats.com/nyc-suburbs/food-delivery/subway-755-montauk-hwy/8GERRvLMROe9BGKWpykBqQ,yaphank-new-york
https://www.ubereats.com/nyc-suburbs/food-delivery/dunkin-1780-middle-country-rd/pOJYJCqwR7298FCZXu07KA,yaphank-new-york
https://www.ubereats.com/nyc-suburbs/food-delivery/burger-king-281-middle-country-road/2KGVkWpkQWyJTTsjAfjXnw,yaphank-new-york
https://www.ubereats.com/nyc-suburbs/food-delivery/kira-sushi/-RTG2TcDR4-fPJOlT208WA,yaphank-new-york
https://www.ubereats.com/nyc-suburbs/food-delivery/mama-bellas-pizzeria-%26-restaurant-route-112/vNjwtOkBQ5uRLXm9yRA6wg,yaphank-new-york
https://www.ubereats.com/nyc-suburbs/food-delivery/deli-beer-smoke/gH4Ee2kvRdGMwWheUjwfOw,yaphank-new-york
https://www.ubereats.com/nyc-suburbs/food-delivery/bagel-palace/OfgV2A9ST4ux9mFSbRGgxg,yaphank-new-york
https://www.ubereats.com/nyc-suburbs/food-delivery/long-shot-bar-%26-grill/gf8iN_ART36A4ETUENgpJQ,yaphank-new-york
https://www.ubereats.com/nyc-suburbs/food-delivery/the-oar-steak-%26-seafood-grill/c9q_SaATRs-QOWecyhtAcQ,yaphank-new-york
https://www.ubereats.com/nyc-suburbs/food-delivery/kabul-halal-grill/blDjZTK7QkmgPBcLJblSIQ,yaphank-new-york
https://www.ubereats.com/nyc-suburbs/food-delivery/del-fuego-patchogue/02Q7TXqrQj6nt8POWoxKuQ,yaphank-new-york
https://www.ubereats.com/nyc-suburbs/food-delivery/tofu-chinese-%26-japanese-restaurant/EmfTpv6lT8OfbrmWG0nAxA,yaphank-new-york
https://www.ubereats.com/nyc-suburbs/food-delivery/the-vegan-hub/ABx_9JFaQNaoYtdDRLZGog,yaphank-new-york
https://www.ubereats.com/nyc-suburbs/food-delivery/dunkin-1852-route-112/4CHvFYg9RMCwqajW6_F7jA,yaphank-new-york
https://www.ubereats.com/nyc-suburbs/food-delivery/di-jamaican-docbird-restaurant-inc/8mM7gE32TamyhUMRmCMcbg,yaphank-new-york
https://www.ubereats.com/nyc-suburbs/food-delivery/got-a-guy-eatery/wxtBTM1DSZGdmngpu7Wwig,yaphank-new-york
https://www.ubereats.com/nyc-suburbs/food-delivery/kevs-deli/Uwu7gbkiTWeLMNCkbZJyTA,yaphank-new-york
https://www.ubereats.com/nyc-suburbs/food-delivery/dunkin-6346-route-25a/tq1ozTmcSJaKG_SN98vmbg,yaphank-new-york
https://www.ubereats.com/nyc-suburbs/food-delivery/hummus-mediterraneanselden/ibyzvyRyQGepN_w2fdM7yQ,yaphank-new-york
https://www.ubereats.com/nyc-suburbs/food-delivery/subway-895a-montauk-hwy/ERTdAl3ORCiW2nFcNpMlOA,yaphank-new-york
https://www.ubereats.com/nyc-suburbs/food-delivery/chipotle-mexican-grill-261-middle-country-rd/8bR-aKz1QgiB5jkN--DxzA,yaphank-new-york
https://www.ubereats.com/nyc-suburbs/food-delivery/the-captains-boil-700-patchogue-yaphank-road/S1-VHF4GSwGnGVN17VS5MQ,yaphank-new-york
https://www.ubereats.com/nyc-suburbs/food-delivery/ts-chicken-and-fish/brNwV2UISdKufTbxxBdlzg,yaphank-new-york
https://www.ubereats.com/nyc-suburbs/food-delivery/brendas-jamaican-restaurant/mm6Mzb4AQ5WPYwGuFdoYAw,yaphank-new-york
https://www.ubereats.com/nyc-suburbs/food-delivery/china-star/I1mR4135TkmyGxTRGIgS_Q,yaphank-new-york
https://www.ubereats.com/nyc-suburbs/food-delivery/crispys-*/B7U_gw4cTiKiJB-yy1qH8g,yaphank-new-york
https://www.ubereats.com/nyc-suburbs/food-delivery/carvel-480-patchogue-holbrook-rd/Sv8EtDnOTAq7JmXqs74Ctw,yaphank-new-york
https://www.ubereats.com/nyc-suburbs/food-delivery/mcdonalds-1710-route-112/rTBPcaf_Q8Ok1Kf6Pu1vNg,yaphank-new-york
https://www.ubereats.com/nyc-suburbs/food-delivery/lulus-lobster/Za_C_lKGR22094BsWGm2Jg,yaphank-new-york
https://www.ubereats.com/nyc-suburbs/food-delivery/burger-king-862-montauk-hwy/lPNAqfLTQ26HQYwJ2mY9IA,yaphank-new-york
https://www.ubereats.com/nyc-suburbs/food-delivery/tropical-smoothie-cafe-selden-plaza/lDR8OitjSsCQlCRCOi2n3g,yaphank-new-york
https://www.ubereats.com/nyc-suburbs/food-delivery/dunkin-597-route-25a/GE1bYuxpQD27_Wd-DOYZIQ,yaphank-new-york
https://www.ubereats.com/nyc-suburbs/food-delivery/burger-king-2250-north-ocean-avenue/krHjRfDARoS1Y1ZzYfF_mA,yaphank-new-york
https://www.ubereats.com/nyc-suburbs/food-delivery/wing-shun-kitchen-%E6%B0%B8%E8%83%9C/uJqbWmiUS_OUuZEW-AewjQ,yaphank-new-york
https://www.ubereats.com/nyc-suburbs/food-delivery/sobol-manorville/mOIng6QsQOWbIH6F2t6K_A,yaphank-new-york
https://www.ubereats.com/nyc-suburbs/food-delivery/4-u-convenience-deli/sDblTRd2ScenoBEqVyeBaQ,yaphank-new-york
https://www.ubereats.com/nyc-suburbs/food-delivery/tgi-fridays-326-farmingville-ny/xpIm9cqeQD6TVg-Qa2aeUw,yaphank-new-york
https://www.ubereats.com/nyc-suburbs/food-delivery/curry-kebob-house/IyX2NjtMTWq8W2Bpk9rV2w,yaphank-new-york
