url,city
https://www.ubereats.com/youngstown/food-delivery/papa-johns-3616-belmont-ave/uwzGQbaMTs-1Q9dS28FD4A,youngstown
https://www.ubereats.com/youngstown/food-delivery/arbys-3551-belmont-ave/G6Sp9BvPSOyuZY-l33ersw,youngstown
https://www.ubereats.com/youngstown/food-delivery/daves-cosmic-subs-canfield/YtjxCBLZTRiNrGNhT1RjBA,youngstown
https://www.ubereats.com/youngstown/food-delivery/broad-street-diner/11iG0QYTS1qIkYr1hJlDow,youngstown
https://www.ubereats.com/youngstown/food-delivery/baklava-factory/Gh1DPH--R8qsNbOerrvQzQ,youngstown
https://www.ubereats.com/youngstown/food-delivery/wendys-5551-inter-state-blvd/nGszGjRZT-2nDDEQ7LBu8w,youngstown
https://www.ubereats.com/youngstown/food-delivery/knafa/dVsZ4wDGRzqPgiDLOwp71g,youngstown
https://www.ubereats.com/youngstown/food-delivery/dunkin-1514-s-raccoon-rd/tP-ikvwOS0O6iixUAF3UuA,youngstown
https://www.ubereats.com/youngstown/food-delivery/bob-evans-531-4545-boardman-canfield-road/igE5Nf4bQmOSy10z1WSpPw,youngstown
https://www.ubereats.com/youngstown/food-delivery/arbys-29-boardman-canfield-rd/ZJQN2KmSTfCWR4tsw9hWSQ,youngstown
https://www.ubereats.com/youngstown/food-delivery/ruby-tuesday-4525-boardman-canfield-rd/Ee3PzesaQma0HPjMImXQfQ,youngstown
https://www.ubereats.com/youngstown/food-delivery/dunkin-1501-niles-cortland-rd-se/R5Dg6MgbS0ud_krHV1PZ1A,youngstown
https://www.ubereats.com/youngstown/food-delivery/dunkin-1305-boardman-poland-rd/ByQ0o4PNTUas0gjEBMoaSw,youngstown
https://www.ubereats.com/youngstown/food-delivery/ruby-tuesday-5555-mahoning-ave/2p7s_ANeRumj78NepuLwwQ,youngstown
https://www.ubereats.com/youngstown/food-delivery/j-r-grinder/-DhEWyQyRgCGgJECCc5jNA,youngstown
https://www.ubereats.com/youngstown/food-delivery/chipotle-mexican-grill-525-boardman-poland-rd/15MWg3CWQLWLbqSXWudiSA,youngstown
https://www.ubereats.com/youngstown/food-delivery/rise-pies-boardman-poland-rd/v29sAunxQDyEsCVl0bEj6Q,youngstown
https://www.ubereats.com/youngstown/food-delivery/university-food/-s_kdLz1TZmTYFiO1Gocgg,youngstown
https://www.ubereats.com/youngstown/food-delivery/zodiac-lounge-%26-grill/eW-ZperoTV-KMMugLWeCFQ,youngstown
https://www.ubereats.com/youngstown/food-delivery/subway-584-e-main-st/2Z9hjCnqRoWww1bJmKpL6w,youngstown
https://www.ubereats.com/youngstown/food-delivery/dunkin-3547-s-meridian-rd/R0P2Cup5Sfa8Ds_wmMfZrw,youngstown
https://www.ubereats.com/youngstown/food-delivery/taco-bell-4380-youngstown-poland-rd/UMp26N8qQxuNQmLO7xSlWQ,youngstown
https://www.ubereats.com/youngstown/food-delivery/coaches-burger-bar-boardman/fyUECEHMRki7vvBdnsJL1A,youngstown
https://www.ubereats.com/youngstown/food-delivery/taco-bell-3551-belmont-avenue/fbD_EKc4Qtq9fOC5oAxTNg,youngstown
https://www.ubereats.com/youngstown/food-delivery/kfc-3299-canfield-road/KbnrVYGdQe62v26O3AmRRQ,youngstown
https://www.ubereats.com/youngstown/food-delivery/starbucks-canfield/jcIj1v9cSlavdiOqvX6D-g,youngstown
https://www.ubereats.com/youngstown/food-delivery/plaza-donuts-youngstown/ku_SfyLrRaWPvgD1ocBG3g,youngstown
https://www.ubereats.com/youngstown/food-delivery/suzies-dogs-%26-drafts-boardman/EP51cTz3Rb2o7WuCIaGWdw,youngstown
https://www.ubereats.com/youngstown/food-delivery/cafe-india-youngstown/P-EzDV0FS9yQp_UPcxE0Yg,youngstown
https://www.ubereats.com/youngstown/food-delivery/wendys-433-boardman-poland-rd/npQz8H0aShG32H_3CXmnzw,youngstown
https://www.ubereats.com/youngstown/food-delivery/steel-city-bar-%26-grill/2yhoHvhfSuekr50Rz7Y1mw,youngstown
https://www.ubereats.com/youngstown/food-delivery/five-guys-oh-1526-107-s-canfield-niles-rd/ixgIHIstSxWZy28Ivd49pQ,youngstown
https://www.ubereats.com/youngstown/food-delivery/big-shot-bobs-house-of-wingsboardman/ARG_nWq3R-eCQ9bu-HexHQ,youngstown
https://www.ubereats.com/youngstown/food-delivery/dunkin-748-boardman-canfield-rd/Gm9DH_YNTp-ZGlrvp7uRRw,youngstown
https://www.ubereats.com/youngstown/food-delivery/sugarpan-bakery/fW5Qy8TgTYCiFwpxhRkdWw,youngstown
https://www.ubereats.com/youngstown/food-delivery/kfc-6636-south-avenue/Nioh81U7Q4K99l8Cy7pP-g,youngstown
https://www.ubereats.com/youngstown/food-delivery/subway-5052-youngstown-poland-rd/qtYTjHQSQU2G-UR9LKAmmw,youngstown
https://www.ubereats.com/youngstown/food-delivery/cs-waffles-boardman/x1S4b4a3QFuugdh-jHgdnw,youngstown
https://www.ubereats.com/youngstown/food-delivery/cornersburg-pizza-boardman/2DShJ7taQmGq8jJJadv_2w,youngstown
https://www.ubereats.com/youngstown/food-delivery/bob-evans-20-3818-belmont-avenue/6fP27-TzRRuy5dY6ZVLB4Q,youngstown
https://www.ubereats.com/youngstown/food-delivery/antones-kitchen-federal-plaza/VnxELwaDTICDwwdglA_9JA,youngstown
https://www.ubereats.com/youngstown/food-delivery/papas-bakery/9PrndHz6QcSLbO9BSXVC3Q,youngstown
https://www.ubereats.com/youngstown/food-delivery/margheritas-grille/1L4ud6DIThKCpGlzsP4PNg,youngstown
https://www.ubereats.com/youngstown/food-delivery/ocharleys-boardman/Dn850C1oRGGvCeEcbRDKHA,youngstown
https://www.ubereats.com/youngstown/food-delivery/coaches-burger-bar-austintown/LDGidPRQRcKLD-p8joIDgA,youngstown
https://www.ubereats.com/youngstown/food-delivery/taco-bell-850-n-canfield-niles-rd/P8BLffSyRlqYLYzcU9V7Ww,youngstown
https://www.ubereats.com/youngstown/food-delivery/austintown-pizza-%26-chicken/c3FUQ62wThC-aRSXq8256w,youngstown
https://www.ubereats.com/youngstown/food-delivery/one-hot-cookie-youngstown/oJFA-SELTqu37jCjVLb6jQ,youngstown
https://www.ubereats.com/youngstown/food-delivery/subway-1600-s-raccoon-rd/5Zt87xQ9St2zUbhdykssFg,youngstown
https://www.ubereats.com/youngstown/food-delivery/mcdonalds-2724-salt-springs-road/2gyh2KYbQZ2ASMzpz3o4vA,youngstown
https://www.ubereats.com/youngstown/food-delivery/five-guys-oh-0232-7322-market-st/2QHvc9MdSKmXm4hbZaP9zg,youngstown
https://www.ubereats.com/youngstown/food-delivery/kfc-5684-youngstown-warren-road/xNoUeXZUR-OM2_vzEhvKJg,youngstown
https://www.ubereats.com/youngstown/food-delivery/outback-steakhouse-5555-youngstown-warren-road/_RAI3l7iSGCr_g3s5-DM5g,youngstown
https://www.ubereats.com/youngstown/food-delivery/papa-johns-404-vienna-ave/XueVdmpFRaa_tFF-SjQwUA,youngstown
https://www.ubereats.com/youngstown/food-delivery/rallys-3219-belmont-ave/_ehEo3NXR3S6ts1c3zJjsQ,youngstown
https://www.ubereats.com/youngstown/food-delivery/chipotle-mexican-grill-5553-mahoning-ave/vP3nQcIQTgu2NZPSkaCJow,youngstown
https://www.ubereats.com/youngstown/food-delivery/dairy-queen-treat-6120-market-st/4lYx_FuDSmWi65Boclc5Fg,youngstown
https://www.ubereats.com/youngstown/food-delivery/dunkin-412-youngstown-poland-rd/cxD05kk2QYu4VecWjg6ptQ,youngstown
https://www.ubereats.com/youngstown/food-delivery/stonefruit-coffee-company-w-main-st/vlTLTDcIQTGBRm7Rn8nwcA,youngstown
https://www.ubereats.com/youngstown/food-delivery/kfc-3717-belmont-avenue/GXkfBvQTSYOB09wXp9_QCA,youngstown
https://www.ubereats.com/youngstown/food-delivery/hook-fish-%26-chicken/pl_gbJR0TkCFSQR-YUgDRA,youngstown
https://www.ubereats.com/youngstown/food-delivery/cracker-barrel-old-country-store-5600-interstate-blvd/4s5EqAGkSPeWijWhLtLoOA,youngstown
https://www.ubereats.com/youngstown/food-delivery/taco-bell-1327-youngstown-warren-rd/OGuhbwSHRwyJdSBJ-ZmSBA,youngstown
https://www.ubereats.com/youngstown/food-delivery/dairy-queen-treat-146-n-canfield-niles-rd/icpvTY_RTN2CgurZiBHduw,youngstown
https://www.ubereats.com/youngstown/food-delivery/antones-kitchen-mahoning-avenue/bW7jKXaMT4-SyF9U71BacA,youngstown
https://www.ubereats.com/youngstown/food-delivery/applebees-904-great-east-plaza/7Ni8QxVRSZCj2m8WYVUGkA,youngstown
https://www.ubereats.com/youngstown/food-delivery/coaches-burger-bar-poland/WhoF4KjqShya8eh_t0U7rQ,youngstown
https://www.ubereats.com/youngstown/food-delivery/suzies-dogs-%26-drafts-youngstown/A64mhzr4RrWC2RRBtDKEYA,youngstown
https://www.ubereats.com/youngstown/food-delivery/buffalo-wild-wings-6000-mahoning-ave/bOmCd7qARXe5uGX_z5sDKA,youngstown
https://www.ubereats.com/youngstown/food-delivery/marcos-pizza-803-state-st/2dd_f7xSTruQXyVyO-0dJQ,youngstown
https://www.ubereats.com/youngstown/food-delivery/chipotle-mexican-grill-320-wick-ave/GFEacnLdRW2I7UXuJ1o7rw,youngstown
https://www.ubereats.com/youngstown/food-delivery/baklava-and-pizza-factor/z-anIApfQ9OZ8MWy-_TjJw,youngstown
https://www.ubereats.com/youngstown/food-delivery/outback-steakhouse-1320-boardman-poland-rd/nL7ygI6YQdCmmLlP0uHMaQ,youngstown
https://www.ubereats.com/youngstown/food-delivery/el-tapatio-mexican-restaurant-%26-cantina/Uqi3N8eLSu27vmK7_iFpsA,youngstown
https://www.ubereats.com/youngstown/food-delivery/el-taco-feliz/ceps85_BQ1Cpo4XCt3qfIA,youngstown
https://www.ubereats.com/youngstown/food-delivery/mcdonalds-601-midlothian-rd/X0IMhN1STlmSonVw4bMyXg,youngstown
https://www.ubereats.com/youngstown/food-delivery/primanti-brothers-5555-youngstown-warren-rd/WCOpAHTFRECeOj6XrGOn3A,youngstown
https://www.ubereats.com/youngstown/food-delivery/buffalo-wild-wings-7401-market-st-%23801/XkuyZg_kTeeahRmFoEVLpw,youngstown
https://www.ubereats.com/youngstown/food-delivery/capitol-grill-youngstown/CBF7_buXR16nx5VVwxdR3w,youngstown
https://www.ubereats.com/youngstown/food-delivery/steak-n-shake-6786-applewood-blvd/YV6REaPfSjqH19okNCiYBg,youngstown
https://www.ubereats.com/youngstown/food-delivery/guliets-bistro/hcB-pzjuSju3x8K2E_gJeQ,youngstown
https://www.ubereats.com/youngstown/food-delivery/dennys-4020-belmont-ave/2FpYfxIjQ3y7VjGgU3mBqA,youngstown
https://www.ubereats.com/youngstown/food-delivery/dairy-queen-grill-%26-chill-10067-market-st/nRGn9uQdSYukAINfrv-gBA,youngstown
https://www.ubereats.com/youngstown/food-delivery/belleria-pizza-east/HKRTcQAWT72xj2eWz1kgyA,youngstown
https://www.ubereats.com/youngstown/food-delivery/the-little-greek/LJAbtDLBRm2T-zZaPWsqrQ,youngstown
https://www.ubereats.com/youngstown/food-delivery/knafa-restaurant/-6-WMOABT56c9CyM48BCsA,youngstown
https://www.ubereats.com/youngstown/food-delivery/burger-king-15-west-midlothian-boulevard/9XQzuF4GTwuR9cLFhcJMsQ,youngstown
https://www.ubereats.com/youngstown/food-delivery/sauceeino/UYDIF54xQ3eWgNbg9BleKg,youngstown
https://www.ubereats.com/youngstown/food-delivery/gyro-bar-and-grill/c-48z9R4T8u4JwzkkyPkIQ,youngstown
https://www.ubereats.com/youngstown/food-delivery/wendys-4161-boardman-canfield-road/EqgB34rkS8eygwC554qAjQ,youngstown
https://www.ubereats.com/youngstown/food-delivery/papa-johns-1301-boardman-poland-rd/BtMETZPcS-eBf5jtzSKlQQ,youngstown
https://www.ubereats.com/youngstown/food-delivery/bob-evans-76-5413-youngstown-warren-road/6ccQZhxvQt2R5B3Ho0l1Xw,youngstown
https://www.ubereats.com/youngstown/food-delivery/pasquallys-pizza-%26-wings-521-boardman-poland-road/y5PDZJbjS-eg2I6VRGfTig,youngstown
https://www.ubereats.com/youngstown/food-delivery/ghossains-gourmet-mediterranean/8c3fEIQLQnSA6PdS1wMZZA,youngstown
https://www.ubereats.com/youngstown/food-delivery/taco-bell-4523-mahoning-avenue/M7qyaewWQ3GtX-e0gOeSog,youngstown
https://www.ubereats.com/youngstown/food-delivery/ianazone-homeamde-pizza/LwPCcvXUSCuJs7iZJwINkg,youngstown
https://www.ubereats.com/youngstown/food-delivery/red-lobster-5701-youngtown-warren-road/tEM3NBFpRZ-NZD_GCbQIyg,youngstown
https://www.ubereats.com/youngstown/food-delivery/firehouse-subs-1305-boardman-canfield-rd/4AsGuDCtSU-cBUx9pczKFw,youngstown
https://www.ubereats.com/youngstown/food-delivery/ghossains-gourmet-mediterranean-foods-youngstown-warren/7zR5cM0uRF-pEtNX0zEq2A,youngstown
https://www.ubereats.com/youngstown/food-delivery/china-star/zAW2wd5LRauQSxadYx-VTg,youngstown
https://www.ubereats.com/youngstown/food-delivery/papa-johns-1502-south-raccoon-rd/sbM6Yjo9QwqC-5rTD55p0w,youngstown
https://www.ubereats.com/youngstown/food-delivery/popeyes-40-w-midlothian-blvd/0Cqi6aosSCCVSnURTfW43g,youngstown
https://www.ubereats.com/youngstown/food-delivery/jersey-mikes-subs-813-boardman-poland-rd/DL3IiN_CRwCAnhs9M2VMpg,youngstown
https://www.ubereats.com/youngstown/food-delivery/kfc-4642-mahoning-avenue/S6r-PrB_SrCmX9hHPPknmg,youngstown
https://www.ubereats.com/youngstown/food-delivery/dairy-queen-treat-3555-s-meridian-rd/_wVSSIxbS5uNdnCW_gsOqQ,youngstown
https://www.ubereats.com/youngstown/food-delivery/papas-puerto-rican-cuisine-%26-ny-pizza-belmont/QcTBYlU5QZeigtgxdi-0Lw,youngstown
https://www.ubereats.com/youngstown/food-delivery/chad-anthonys-italian-grille-and-pub/LurBx9pVRs2cRz18_I43Tg,youngstown
https://www.ubereats.com/youngstown/food-delivery/steak-n-shake-5555-youngstown-warren-rd/Gf1qa85BT1GryCdxlIvE1w,youngstown
https://www.ubereats.com/youngstown/food-delivery/another-round-bar-and-grille/sCnhAFTQRXe_W2ffuvulkA,youngstown
https://www.ubereats.com/youngstown/food-delivery/maggies-magic-muffins/Br2b4Wx7QCGOTkp-UteuRg,youngstown
https://www.ubereats.com/youngstown/food-delivery/bamboo-garden/f67OivIFRxyKNegwkp3q7w,youngstown
https://www.ubereats.com/youngstown/food-delivery/dunkin-4305-belmont-ave/meZUPrj8TYy1ELU_SveoUw,youngstown
https://www.ubereats.com/youngstown/food-delivery/plaza-azteca-youngstown-warren-rd/ypWIgAZyTCGKJMDdBsXavg,youngstown
https://www.ubereats.com/youngstown/food-delivery/little-caesars-2916-mccartney-rd/nem8o7dPScKkmTYXDlrosA,youngstown
https://www.ubereats.com/youngstown/food-delivery/quaker-steak-%26-lube-5800-patriot-blvd/m_CzKIy1RvidMDxE4bDTDQ,youngstown
https://www.ubereats.com/youngstown/food-delivery/stonefruit-coffee-company-market-st/2qaSh_N0RbuAyqXOO4cStA,youngstown
https://www.ubereats.com/youngstown/food-delivery/mission-taco-boardman/5bWQjmfERqCTD5n0hGUo-A,youngstown
https://www.ubereats.com/youngstown/food-delivery/little-caesars-4774-mahoning-ave/MJ23iRUxS-SjXJ81ch4Bpw,youngstown
https://www.ubereats.com/youngstown/food-delivery/wendys-4101-south-market-street/vhS1-nl-TYqL_ulw2Ds0ew,youngstown
https://www.ubereats.com/youngstown/food-delivery/red-lobster-1410-boardman-poland-rd/vE1tic6-ThqQ2Rx8UZpVgQ,youngstown
https://www.ubereats.com/youngstown/food-delivery/westside-bowl/Pmq9FNVrTVCh2BmjgPWxtg,youngstown
https://www.ubereats.com/youngstown/food-delivery/bob-evans-199-1100-north-canfield-niles-road/1HTQPbw9RMWIDFuao4Slng,youngstown
https://www.ubereats.com/youngstown/food-delivery/cornersburg-italian-specialties/XBSSqBlGQQCtykqZZ7Cacw,youngstown
https://www.ubereats.com/youngstown/food-delivery/charleys-philly-steaks-5555-youngstown-warren-rd-%238005/m59CNEyUTvm2FRStvr8iFA,youngstown
https://www.ubereats.com/youngstown/food-delivery/dairy-queen-treat-101-s-broad-st/znJTX3UJQXe4KAw3G5F8-A,youngstown
https://www.ubereats.com/youngstown/food-delivery/the-simple-greek/AQ2mZyG_Qvi5QgbLcyKSbw,youngstown
https://www.ubereats.com/youngstown/food-delivery/ihop-833-boardman-poland-rd/Yjf7gdW9SvqGpSCB1CglZA,youngstown
https://www.ubereats.com/youngstown/food-delivery/casa-ramirez-mexican-restaurant/vFNHNcwMQvG0CGYI3Gchkg,youngstown
https://www.ubereats.com/youngstown/food-delivery/nikkis-take-out-%26-catering/KPoVkK5DQACf1PgYfjgKfQ,youngstown
https://www.ubereats.com/youngstown/food-delivery/little-millys-oven-fresh-pizza/GwxWH4tXT22S5xiMtC0tMA,youngstown
https://www.ubereats.com/youngstown/food-delivery/republic-pizzeria-%26-pub/4brR0wpKST-2iX7EWeJeFQ,youngstown
https://www.ubereats.com/youngstown/food-delivery/ice-house-inn/Qm6arNGNTbCCcYulQdxPqw,youngstown
https://www.ubereats.com/youngstown/food-delivery/izumi-sushi-%26-grill/qD-7hhNARoSV1-ZhDn5g5w,youngstown
https://www.ubereats.com/youngstown/food-delivery/westgate-pizza-austintown/vf2c0rRkT7KzimIHr_KNPw,youngstown
https://www.ubereats.com/youngstown/food-delivery/taco-bell-458-boardman-canfield-road/8s7JWv5WTkSVEimw1Qm_Dg,youngstown
https://www.ubereats.com/youngstown/food-delivery/honey-baked-ham-813-boardman-poland-rd-ste-13/0bf2Wu6-Sl2FqCiUJYfS3Q,youngstown
https://www.ubereats.com/youngstown/food-delivery/station-square-ristorante/0w6hhfC1T8iPiRMn9OiyvQ,youngstown
https://www.ubereats.com/youngstown/food-delivery/pho-saigon/sTFx8zkHT2uUI0gW7OSMBA,youngstown
https://www.ubereats.com/youngstown/food-delivery/captain-fish-%26-chicken/oSYCpDK7RYGt2pcLpEabaA,youngstown
https://www.ubereats.com/youngstown/food-delivery/krakatoa-tropical-food/_zrxwFEsSTWa_d_fg05CHg,youngstown
https://www.ubereats.com/youngstown/food-delivery/kabob-house/GhKXt-BVT-CN1sgo7L0Ayw,youngstown
https://www.ubereats.com/youngstown/food-delivery/ghossains-gourmet-mediterranean-foods/3VCC8PkDRNqW3p60W9MKFw,youngstown
https://www.ubereats.com/youngstown/food-delivery/mcdonalds-570-5th-ave/4P7Da1yVQ4WinMEkPa_OPg,youngstown
https://www.ubereats.com/youngstown/food-delivery/stonefruit-coffee-company-lincoln-ave/NVGKMKf2Tn2z-V80WJEI_Q,youngstown
https://www.ubereats.com/youngstown/food-delivery/quaker-steak-%26-lube-435-boardman-poland-road/lGSrQ5ZlTfKmqDv8hia-2w,youngstown
https://www.ubereats.com/youngstown/food-delivery/the-rig/7YKV7ZBYTpWVOE0ADk9zkw,youngstown
https://www.ubereats.com/youngstown/food-delivery/dunkin-2720-salt-springs-road/NEvR-ynWSk2rbnQ9ep2pbg,youngstown
https://www.ubereats.com/youngstown/food-delivery/burger-king-3525-mahoning-avenue/1GDU7MA_RaGxQDbno24Rqw,youngstown
https://www.ubereats.com/youngstown/food-delivery/little-caesars-68-boardman-poland-rd/By5jbK6PRZ2aiw38jSimCA,youngstown
https://www.ubereats.com/youngstown/food-delivery/pappas-sport-club/lQj331_HTm2tCra_gVZnmw,youngstown
https://www.ubereats.com/youngstown/food-delivery/ianazone-pizza-poland/2YxGoLsITgiOkw-27ZxMIA,youngstown
https://www.ubereats.com/youngstown/food-delivery/shotz-bar-%26-grille/3AbkZ5CBQ7mUlMVWcoV3XQ,youngstown
https://www.ubereats.com/youngstown/food-delivery/wendys-27-s-raccoon-rd/RZtiC8XRSa2EXVnN-iNa8g,youngstown
https://www.ubereats.com/youngstown/food-delivery/taco-bell-4254-boardman-canfield-road/3gW8IyMXQkOutQ8C0ECXCg,youngstown
https://www.ubereats.com/youngstown/food-delivery/taste-of-seafood-and-more/mtJ0F8smQpaQ_NIvGqQj9A,youngstown
https://www.ubereats.com/youngstown/food-delivery/krakus-polish-deli-%26-bakery/DH22kQ24Tx6WhYbvndM71Q,youngstown
https://www.ubereats.com/youngstown/food-delivery/chipotle-mexican-grill-4542-boardman-canfield-rd/g2J488wyQNqxLt4vFFncbA,youngstown
https://www.ubereats.com/youngstown/food-delivery/starbucks-austintown/-IPtWqVdSxiqhagRJZl85Q,youngstown
https://www.ubereats.com/youngstown/food-delivery/mcdonalds-22-boardman-canfield-road/mObNntMgS1CBwvAmUceS0w,youngstown
https://www.ubereats.com/youngstown/food-delivery/five-guys-oh-1646-2393-niles-cortland-rd/I2zWefwLR-iPKK8NjpQffw,youngstown
https://www.ubereats.com/youngstown/food-delivery/chuck-e-cheese-2082-niles-cortland-rd-se/lBN2PHS-QPahKps_uGcRpw,youngstown
https://www.ubereats.com/youngstown/food-delivery/blue-wolf-tavern/APpqfmwAT-Ws7NWNZyBAMw,youngstown
https://www.ubereats.com/youngstown/food-delivery/bob-evans-65-7347-california-avenue/3wtSDxQyShmGfUVuAkT0Ow,youngstown
https://www.ubereats.com/youngstown/food-delivery/taco-bell-3726-market-street/zizrwDWAQ2Omr1XLCIn4IA,youngstown
https://www.ubereats.com/youngstown/food-delivery/taco-bell-730-liberty-st-w/qCp2fhKxQ66ybZ0rnSY87w,youngstown
https://www.ubereats.com/youngstown/food-delivery/westgate-pizza-company-boardman/fk0HygGqRDup3gyx1RQD7w,youngstown
https://www.ubereats.com/youngstown/food-delivery/bjs-restaurant-%26-brewhouse-7327-market-street/MuyRsOS7QFm4VtYWszEFsQ,youngstown
https://www.ubereats.com/youngstown/food-delivery/riser-tavern-%26-grill/IcVY_QZ_Ry-vG_wUA8wXhg,youngstown
https://www.ubereats.com/youngstown/food-delivery/subway-5205-market-st/sPjblRmFR7adpur3yPaGVQ,youngstown
https://www.ubereats.com/youngstown/food-delivery/taco-bell-420-fifth-avenue/nxxvTFwBTAWL93kGoDM-8g,youngstown
https://www.ubereats.com/youngstown/food-delivery/dunkin-7635-market-st/4cJrVPaFSdWoa_Fz4MLhcg,youngstown
https://www.ubereats.com/youngstown/food-delivery/all-city-sports-bar-%26-grille/12fwrZHbS1WbeUwvVKjIhA,youngstown
https://www.ubereats.com/youngstown/food-delivery/firebirds-wood-fired-grill-5555-youngstown-warren-rd/_xWzNttrSj-XjbJFab-DTw,youngstown
https://www.ubereats.com/youngstown/food-delivery/stonefruit-coffee-company-canfield-rd/vHZZ0rbSQVWnqpLb8XBd-w,youngstown
https://www.ubereats.com/youngstown/food-delivery/salvatores-pizzeria/CIP6E9vOSKaaQvZELdMZ9A,youngstown
https://www.ubereats.com/youngstown/food-delivery/little-hunan/ySYIO1--TiOywL6FEzldvw,youngstown
https://www.ubereats.com/youngstown/food-delivery/sbarro-7401-market-street-space-fc3/3dI7YdEST1mSrNLESIS0MQ,youngstown
https://www.ubereats.com/youngstown/food-delivery/arbys-4440-mahoning-ave/E6iNlcOBSvGij2e7f3AxIA,youngstown
https://www.ubereats.com/youngstown/food-delivery/savo-bar-and-grill/mdGHjcDfRZ6FVy1w8gFAbA,youngstown
https://www.ubereats.com/youngstown/food-delivery/cava-tapas-and-wine-bar/aaIQ18gdSPeewPmLoWbMmw,youngstown
https://www.ubereats.com/youngstown/food-delivery/wendys-4001-belmont-avenue/dYKDbHArQzieXHhOLWyYag,youngstown
https://www.ubereats.com/youngstown/food-delivery/chuck-e-cheese-521-boardman-poland-road/ropUFywuSZCqKfPA_bKGhA,youngstown
https://www.ubereats.com/youngstown/food-delivery/papas-puerto-rican-cuisine-%26-ny-pizza-12th/s2r972IlQF6Ks4gUoTSrNA,youngstown
https://www.ubereats.com/youngstown/food-delivery/taco-bell-940-boardman-poland-rd/GjSCKx9HRlGhERdW8wFnpA,youngstown
https://www.ubereats.com/youngstown/food-delivery/little-caesars-6261-youngstown-warren-rd/NeAjDqTLRB2sO-wWAqYIog,youngstown
https://www.ubereats.com/youngstown/food-delivery/panda-express-935-windham-ct/GRt0dCl_QUaevnd7QqbkXA,youngstown
https://www.ubereats.com/youngstown/food-delivery/primanti-brothers-6731-s-ave/g-NzNOWkScKBZuF4M1uw-Q,youngstown
https://www.ubereats.com/youngstown/food-delivery/taco-bell-8585-south-avewestern-reserve/zx2cXFz9SNG7-iNiDCTJpw,youngstown
https://www.ubereats.com/youngstown/food-delivery/catullos-kitchen/o5lPk-ndSRydR-gPnWmLWg,youngstown
https://www.ubereats.com/youngstown/food-delivery/dunkin-4299-boardman-canfield-rd/NpiaJQD7RAexQgJq_IkyuA,youngstown
