url,city
https://www.ubereats.com/ann-arbor/food-delivery/one-bowl-asian-cuisine/_KaqLQLKTmab3YdzHlpazA,ypsilanti-michigan
https://www.ubereats.com/ann-arbor/food-delivery/burger-king-2170-rawsonville-road/rdieeDVZQ-qhrSNr6F-_Ag,ypsilanti-michigan
https://www.ubereats.com/ann-arbor/food-delivery/webers-restaurant/k2l-Y0U2SUWnghwNZlpnEg,ypsilanti-michigan
https://www.ubereats.com/ann-arbor/food-delivery/poke-fish/m0m-Ycb4SIiCxrNOTrHEKA,ypsilanti-michigan
https://www.ubereats.com/ann-arbor/food-delivery/olgas-kitchen-3500-washtenaw-ave/MB6prJpzQj6x9McsnEt8xA,ypsilanti-michigan
https://www.ubereats.com/ann-arbor/food-delivery/pita-kabob-grill/PEDvjuUoRoKqYvNfn0a_Rw,ypsilanti-michigan
https://www.ubereats.com/ann-arbor/food-delivery/dunkin-608-s-hewitt-rd/e9AOVziDRGOBH5AdG0I1mg,ypsilanti-michigan
https://www.ubereats.com/ann-arbor/food-delivery/kfc-4040-washtenaw-avenue/Mv8emo38RcmsbCHqQxLi4w,ypsilanti-michigan
https://www.ubereats.com/ann-arbor/food-delivery/sweetwaters-coffee-%26-tea%3A-ypsi/-IZd2JKOTY23C_XDgKbv8w,ypsilanti-michigan
https://www.ubereats.com/ann-arbor/food-delivery/taco-bell-2351-ellsworth-road/IsW93cvvTWqyLVsitrVryg,ypsilanti-michigan
https://www.ubereats.com/ann-arbor/food-delivery/mi-zarape-saline/e0vgi9bZQ5m7Upq25IcA3Q,ypsilanti-michigan
https://www.ubereats.com/ann-arbor/food-delivery/ahmos/n5V3nVIVT3CY1o3XKkfJEw,ypsilanti-michigan
https://www.ubereats.com/ann-arbor/food-delivery/toarminas-ypsilanti/yUYghrHtRE6m1kWxeT-9fw,ypsilanti-michigan
https://www.ubereats.com/ann-arbor/food-delivery/mcdonalds-james-l-hart-%26-huron/MrfT0fOVRwKposvk7xtfsQ,ypsilanti-michigan
https://www.ubereats.com/ann-arbor/food-delivery/ahmos-gyro-%26-deli/b3yGr0pOQcemMR36FoeElQ,ypsilanti-michigan
https://www.ubereats.com/ann-arbor/food-delivery/sarahs-sweets/w4QeZBIZTS232MUsHjoDzQ,ypsilanti-michigan
https://www.ubereats.com/ann-arbor/food-delivery/cold-stone-creamery-washtenaw-%26-chambers/dIeZb1CRTliQg20e3u1Lkw,ypsilanti-michigan
https://www.ubereats.com/ann-arbor/food-delivery/joes-coney-island/KYOsqM13Saa4Se9sFAX0IA,ypsilanti-michigan
https://www.ubereats.com/ann-arbor/food-delivery/nu-wave-fish-%26-chicken-joe-hall-dr/GoNLpqeLRSOeUP5Mn8pTsw,ypsilanti-michigan
https://www.ubereats.com/ann-arbor/food-delivery/bells-diner/6dIawhnVR0GReEXzglI3zA,ypsilanti-michigan
https://www.ubereats.com/ann-arbor/food-delivery/hola-seoul/ZPiYEPrCSNCZR4Y7EVSQ9g,ypsilanti-michigan
https://www.ubereats.com/ann-arbor/food-delivery/white-castle-3953-packard-rd/cPdCd6HyRYKO1u9XfWLyew,ypsilanti-michigan
https://www.ubereats.com/ann-arbor/food-delivery/five-guys-mi-1471-3601-washtenaw-ave/R5aRJWMgQve5PesyFoipQQ,ypsilanti-michigan
https://www.ubereats.com/ann-arbor/food-delivery/subway-1478-ecorse-rd/8nfu6AIATfCsR6NqNxOM8A,ypsilanti-michigan
https://www.ubereats.com/ann-arbor/food-delivery/bob-evans-89-2411-carpenter-road/Tdcz41zjS9S4lJiDgkqSMw,ypsilanti-michigan
https://www.ubereats.com/ann-arbor/food-delivery/subway-4009-carpenter-rd/UIo-xsWhQ1CYUA-X-YBmvw,ypsilanti-michigan
https://www.ubereats.com/ann-arbor/food-delivery/tower-inn-cafe/oVtQqiAeTEeopimH42Khig,ypsilanti-michigan
https://www.ubereats.com/ann-arbor/food-delivery/sweetwaters-coffee-%26-tea%3A-plymouth-rd/bpw3wq65TrihuYbHjZuQoA,ypsilanti-michigan
https://www.ubereats.com/ann-arbor/food-delivery/wendys-2735-washtenaw-ave/Lm5juFRiTvC1VJiEQGUb5g,ypsilanti-michigan
https://www.ubereats.com/ann-arbor/food-delivery/outback-steakhouse-3173-oak-valley-drive/PLnzIPFDQkaB0ISr6JB4IA,ypsilanti-michigan
https://www.ubereats.com/ann-arbor/food-delivery/godaiko/424VH0syQkavkQAGj9JPlw,ypsilanti-michigan
https://www.ubereats.com/ann-arbor/food-delivery/thrive-juicery/QMcvoagyS62j5v75SmwhPQ,ypsilanti-michigan
https://www.ubereats.com/ann-arbor/food-delivery/sweetwaters-coffee-%26-tea-washington-st/sZJSpN2KRV-dxgPKeF6e5g,ypsilanti-michigan
https://www.ubereats.com/ann-arbor/food-delivery/jersey-mikes-subs-2561-jackson-avenue/6UTfUveERD6kY1Heocmxjg,ypsilanti-michigan
https://www.ubereats.com/ann-arbor/food-delivery/life-on-the-sweets/g34GdWBRQfusE5kodBpUeg,ypsilanti-michigan
https://www.ubereats.com/ann-arbor/food-delivery/arbys-3015-washtenaw-ave/2GG-F1CpQlecBS7R5ivnWw,ypsilanti-michigan
https://www.ubereats.com/ann-arbor/food-delivery/caspian-mediterranean-grill/dyIdAnaKRPy0pbQ59gfpCw,ypsilanti-michigan
https://www.ubereats.com/ann-arbor/food-delivery/v-kitchen-vietnamese-cuisine/g56rPBPvRlSBkByq4-fumA,ypsilanti-michigan
https://www.ubereats.com/ann-arbor/food-delivery/buscemis-ann-arbor/O_lDKFJoT2yhwH5aELJqgg,ypsilanti-michigan
https://www.ubereats.com/ann-arbor/food-delivery/alez-caffee/GZUhUXssT2CGzeSA4TbOkw,ypsilanti-michigan
https://www.ubereats.com/ann-arbor/food-delivery/evergreen-restaurant/BKfvs8arSUeYDJXeG46ZMw,ypsilanti-michigan
https://www.ubereats.com/ann-arbor/food-delivery/taco-king/oMB7gjMxRWSU3pnXUvAtnA,ypsilanti-michigan
https://www.ubereats.com/ann-arbor/food-delivery/shalimar-restaurant/FF_Psm2BSq-MUKGix43Vmw,ypsilanti-michigan
https://www.ubereats.com/ann-arbor/food-delivery/tmaz-taqueria/drKm7O2yTMGUQkT0tVs9OA,ypsilanti-michigan
https://www.ubereats.com/ann-arbor/food-delivery/miki/lhVO6EL8SsmWAdei98z29g,ypsilanti-michigan
https://www.ubereats.com/ann-arbor/food-delivery/aubrees-pizzeria-%26-grill-depot-town/uzDy9DJlQJiF5p1IYfOhVw,ypsilanti-michigan
https://www.ubereats.com/ann-arbor/food-delivery/shake-shack-3030-washtenaw-ave/fGsS_VxOTjiG8NmrRYZwYA,ypsilanti-michigan
https://www.ubereats.com/ann-arbor/food-delivery/beyond-juicery-%2B-eatery-ann-arbor/wT0jBIldRcGIUVYH4RlmUw,ypsilanti-michigan
https://www.ubereats.com/ann-arbor/food-delivery/dairy-queen-treat-101-michigan-ave-e/IYmiEPVmRfCxEVDGN7Iy8w,ypsilanti-michigan
https://www.ubereats.com/ann-arbor/food-delivery/blaze-pizza-3500-washtenaw-ave-suite-d/OwCakOKtR9-soZ3Ax3Uc1Q,ypsilanti-michigan
https://www.ubereats.com/ann-arbor/food-delivery/ding-tea/xeyIMDS0SfKqAxKrzbVM8Q,ypsilanti-michigan
https://www.ubereats.com/ann-arbor/food-delivery/the-wurst-bar/G69EEokxQK-EitS1PF4wBQ,ypsilanti-michigan
https://www.ubereats.com/ann-arbor/food-delivery/li-china-one/SPEzbVCbQzqjEySBHvsiBw,ypsilanti-michigan
https://www.ubereats.com/ann-arbor/food-delivery/jets-pizza-oak-valley-%26-waters/hXhXv0MYQRCUfZgvEZAVkg,ypsilanti-michigan
https://www.ubereats.com/ann-arbor/food-delivery/gandy-dancer-401-depot-street/4zD-2K3ySfCuVrM2A-ecwA,ypsilanti-michigan
https://www.ubereats.com/ann-arbor/food-delivery/burger-king-1073-e-michigan-ave/iT-XZf_6SRWHywImUvJ8PQ,ypsilanti-michigan
https://www.ubereats.com/ann-arbor/food-delivery/mi-compadre/FgvCpaXfRUyyv_v7LEy_Ww,ypsilanti-michigan
https://www.ubereats.com/ann-arbor/food-delivery/tianchu-restaurant/LfIO6SuOQhiULEXyHcnMIQ,ypsilanti-michigan
https://www.ubereats.com/ann-arbor/food-delivery/pancheros-mexican-grill-1208-s-university/obT4Phe1RNe3AFpjto8Azw,ypsilanti-michigan
https://www.ubereats.com/ann-arbor/food-delivery/macheko-grill/nK9dKAlRS6Wi_P2rYZx6TA,ypsilanti-michigan
https://www.ubereats.com/ann-arbor/food-delivery/tatsu-sushi/HVZevPZHTGako7Khr8D2EA,ypsilanti-michigan
https://www.ubereats.com/ann-arbor/food-delivery/cracker-barrel-old-country-store-45525-n-i94-service-dr/Kpurn7IrTT23fXl1-nKG0w,ypsilanti-michigan
https://www.ubereats.com/ann-arbor/food-delivery/los-amigos-hilton-%26-state/yMCy11rKTDej6LttRTcgrw,ypsilanti-michigan
https://www.ubereats.com/ann-arbor/food-delivery/washtenaw-dairy/n42SjGK1QCquHuSN9BiazA,ypsilanti-michigan
https://www.ubereats.com/ann-arbor/food-delivery/wendys-3100-boardwalk/NG6m2Fi6Q5ekNvPsdNRNzA,ypsilanti-michigan
https://www.ubereats.com/ann-arbor/food-delivery/buffalo-wild-wings-216-james-l-hart-pkwy/zNT9KiXVR7uNth2xDc8acg,ypsilanti-michigan
https://www.ubereats.com/ann-arbor/food-delivery/red-lobster-2420-carpenter-road/c62IU57rTFuHmgqe_IAmTQ,ypsilanti-michigan
https://www.ubereats.com/ann-arbor/food-delivery/potbelly-sandwich-shop-washtenaw-%7C-77/Bl6xikOyQ32qAQEd6_rVng,ypsilanti-michigan
https://www.ubereats.com/ann-arbor/food-delivery/nu-wave-fish-and-chicken/cII5DG1WQcevxIgLU9vV6Q,ypsilanti-michigan
https://www.ubereats.com/ann-arbor/food-delivery/ice-cream-parlor/3625QhUZR8Okjiu18jUhuA,ypsilanti-michigan
https://www.ubereats.com/ann-arbor/food-delivery/pita-pan-mediterranean-grille/pjgww26iR1-W6kRq5MCDSg,ypsilanti-michigan
https://www.ubereats.com/ann-arbor/food-delivery/chipotle-mexican-grill-858-briarwood-cir-ste-e/vJ8G0DveQVqxHIw2EvmOyg,ypsilanti-michigan
https://www.ubereats.com/ann-arbor/food-delivery/seoul-garden/DUzzp9hITqK2NXof8Dy-yQ,ypsilanti-michigan
https://www.ubereats.com/ann-arbor/food-delivery/tropical-smoothie-cafe-3400-washtenaw-avenue/tGi7IOXRR8etM-EhbEzd9A,ypsilanti-michigan
https://www.ubereats.com/ann-arbor/food-delivery/starbucks-glencoe-crossing-4585-washte/0ij-b15WTZaxtcaKptpY6A,ypsilanti-michigan
https://www.ubereats.com/ann-arbor/food-delivery/mama-satto-sushi/gA3uyo_MSEW7Bxw9TyGrlw,ypsilanti-michigan
https://www.ubereats.com/ann-arbor/food-delivery/bob-evans-586-3143-ann-arbor-saline-road/B18iObtFRzWtog_zjlVtnA,ypsilanti-michigan
https://www.ubereats.com/ann-arbor/food-delivery/frazzlez/s3gCe7-ETiKiUFQBdJTMSA,ypsilanti-michigan
https://www.ubereats.com/ann-arbor/food-delivery/jets-pizza-plymouth-%26-upland/BtX1Jv37SQ6ee9JsGW0OSQ,ypsilanti-michigan
https://www.ubereats.com/ann-arbor/food-delivery/haifa-falafel/e8EkLD3SS--2xLCU09hchQ,ypsilanti-michigan
https://www.ubereats.com/ann-arbor/food-delivery/taco-bell-3860-s-state-rd/P4KEKjW6QQqFnhqAMclKKg,ypsilanti-michigan
https://www.ubereats.com/ann-arbor/food-delivery/taco-bell-1085-e-michigan-ave/f_mSLHXKTBOAD3Kc7eFKTw,ypsilanti-michigan
https://www.ubereats.com/ann-arbor/food-delivery/pita-pita/QGahLhu8QSObmjb7K6piBw,ypsilanti-michigan
https://www.ubereats.com/ann-arbor/food-delivery/starbucks-arborland-washtenaw-%26-us-23/3Edqp0PiRZ-BWqqLuYEjCg,ypsilanti-michigan
https://www.ubereats.com/ann-arbor/food-delivery/mcdonalds-plymouth-%26-nixon/iyLQX9qCSH2wCrWpO7oFVg,ypsilanti-michigan
https://www.ubereats.com/ann-arbor/food-delivery/tim-hortons-1311-anna-j-stepp/tX6mL0PPQg64URd_81xnUw,ypsilanti-michigan
https://www.ubereats.com/ann-arbor/food-delivery/wicked-marys-chicken/p0DuF5q5T-GjKI5D92ehag,ypsilanti-michigan
https://www.ubereats.com/ann-arbor/food-delivery/noodles-%26-company-washtenaw-%26-chalmers/AffBgNThTXKTu9bnqpwxfw,ypsilanti-michigan
https://www.ubereats.com/ann-arbor/food-delivery/haymaker-public-house/VBWfDKy9QbWOgxSMEnTynw,ypsilanti-michigan
https://www.ubereats.com/ann-arbor/food-delivery/first-bite/f2c9PtD9QeaDhL8_kLhv7g,ypsilanti-michigan
https://www.ubereats.com/ann-arbor/food-delivery/sweeting-briarwood/BIwIqf1PQbWfOxxVgDYJSg,ypsilanti-michigan
https://www.ubereats.com/ann-arbor/food-delivery/chipotle-mexican-grill-3354-washtenaw-ave-ste-a/zbEbQIdWT2-n6iTWqjz55Q,ypsilanti-michigan
https://www.ubereats.com/ann-arbor/food-delivery/steak-n-shake-4120-ellsworth-rd/EdeQdBG1TS-jZ5tGlmw8fw,ypsilanti-michigan
https://www.ubereats.com/ann-arbor/food-delivery/the-ice-cream-shop/3R_g6pdQS2K6G7qnMpj6AQ,ypsilanti-michigan
https://www.ubereats.com/ann-arbor/food-delivery/ben-%26-jerrys/gPuvI2-DRvqadDCHqiWhfg,ypsilanti-michigan
https://www.ubereats.com/ann-arbor/food-delivery/red-robin-499-575-briarwood-circle/YrpRRnQ0QzidXkjKynTwdQ,ypsilanti-michigan
https://www.ubereats.com/ann-arbor/food-delivery/la-marqueza-taqueria/fysrL-HuR8aU-z792MgpHA,ypsilanti-michigan
https://www.ubereats.com/ann-arbor/food-delivery/mcdonalds-washtenaw-%26-huron/SGye0XyWQ5KMCc-5ZYKtoA,ypsilanti-michigan
https://www.ubereats.com/ann-arbor/food-delivery/panda-express-620-briarwood-circle/Fs1ErI8WRb6WTjSvUCf0UA,ypsilanti-michigan
https://www.ubereats.com/ann-arbor/food-delivery/los-amigos/PoJT1YvrSj-BDMw1zie0gw,ypsilanti-michigan
https://www.ubereats.com/ann-arbor/food-delivery/antonios-coney-island/d0J-XBDYSpaZ-6ZbFPRFPQ,ypsilanti-michigan
https://www.ubereats.com/ann-arbor/food-delivery/mcdonalds-ecorse-%26-michigan/pLW3wZf9S5e_kDkAIFVaSg,ypsilanti-michigan
https://www.ubereats.com/ann-arbor/food-delivery/chipotle-mexican-grill-235-s-state-st/vXvlA1OnQ7yU_8c7voE25g,ypsilanti-michigan
https://www.ubereats.com/ann-arbor/food-delivery/lunas-mexican-street-food/W5gRb92yTQaEqPty_F-0YA,ypsilanti-michigan
https://www.ubereats.com/ann-arbor/food-delivery/leftys-cheesesteak-hoagies-ypsilanti/PYws5XTsS-SiiZ_jaFwQkg,ypsilanti-michigan
https://www.ubereats.com/ann-arbor/food-delivery/old-town-tavern/e1uY2DIuQuSbSmqDdMrjKw,ypsilanti-michigan
https://www.ubereats.com/ann-arbor/food-delivery/leos-coney-island-3644-carpenter-rd/gDXopcPOReSV5GjpML26Bw,ypsilanti-michigan
https://www.ubereats.com/ann-arbor/food-delivery/naked-burrito/do9M8GB8SoutMsSGIWlb3Q,ypsilanti-michigan
https://www.ubereats.com/ann-arbor/food-delivery/great-harvest-bread-co-2220-s-main-st/wIjF-RXNQRedMuA8g-kMHg,ypsilanti-michigan
https://www.ubereats.com/ann-arbor/food-delivery/familys-fried-chicken/ZvKqnwN5Sbm7lMguLX2-gg,ypsilanti-michigan
https://www.ubereats.com/ann-arbor/food-delivery/starbucks-carpenter-rd/y7pOUv7GTc22Sa2oYrALzg,ypsilanti-michigan
https://www.ubereats.com/ann-arbor/food-delivery/better-health-cafe-ann-arbor-mi/KttrQZMjQCiSqCQMKG4YnA,ypsilanti-michigan
https://www.ubereats.com/ann-arbor/food-delivery/jersey-mikes-subs-3650-carpenter-road/JLDIOirzRCG1kUL5A4atEw,ypsilanti-michigan
https://www.ubereats.com/ann-arbor/food-delivery/chef-restaurant-mediterranean-grill/O0NHJRmzS6CQSNkyGNATjQ,ypsilanti-michigan
https://www.ubereats.com/ann-arbor/food-delivery/wendys-4020-carpenter-rd/FcV3Ogk8SzmN0TqL6_6zeA,ypsilanti-michigan
https://www.ubereats.com/ann-arbor/food-delivery/siam-square-washtenaw-%26-yost/__ahz3GMQt2vwexYwmauiw,ypsilanti-michigan
https://www.ubereats.com/ann-arbor/food-delivery/dennys-3310-washtenaw-rd/LDr9SlVQSbOYMLW136rBKQ,ypsilanti-michigan
https://www.ubereats.com/ann-arbor/food-delivery/potbelly-sandwich-shop-saline-and-eisenhower-%7C-197/OvJs4dX5TsqZzEcjBhTH0w,ypsilanti-michigan
https://www.ubereats.com/ann-arbor/food-delivery/rays-red-hots/jYmPwnBiTxuSERRVclCINA,ypsilanti-michigan
https://www.ubereats.com/ann-arbor/food-delivery/tropical-smoothie-cafe-w-eisenhower-parkway/q2e-wVGeQk6JmRS1E7FoiQ,ypsilanti-michigan
https://www.ubereats.com/ann-arbor/food-delivery/taco-bell-2655-washtenaw-ave/yKFVnPMSQ5OQtwefLnpYzg,ypsilanti-michigan
https://www.ubereats.com/ann-arbor/food-delivery/aubrees-pizzeria-%26-grill-ypsilanti/I18AfhqhSNyPfFtISGfAlg,ypsilanti-michigan
https://www.ubereats.com/ann-arbor/food-delivery/wendys-750-s-hewitt-road/wd4KC-K9S3KkRSFblXSTzg,ypsilanti-michigan
https://www.ubereats.com/ann-arbor/food-delivery/angelos-on-the-side/brscnlAvQWWq59kU04vtLQ,ypsilanti-michigan
https://www.ubereats.com/ann-arbor/food-delivery/five-guys-mi-1724-3145-ann-arbor-saline-rd/TxPhcAP5R-STyIRiMa51aA,ypsilanti-michigan
https://www.ubereats.com/ann-arbor/food-delivery/mancinos-pizza-%26-grinders/HHOFB8ZoR6-SsEO6DxplEA,ypsilanti-michigan
https://www.ubereats.com/ann-arbor/food-delivery/al-basha-grill/oKRBS3L9SHm1GjW22MnAeg,ypsilanti-michigan
https://www.ubereats.com/ann-arbor/food-delivery/starbucks-s-university-%26-church/m-5iddmSTkKrXJIPL0yEBg,ypsilanti-michigan
https://www.ubereats.com/ann-arbor/food-delivery/la-fiesta-mexicana/iFmNs0W5T7yQf4lT450Gcw,ypsilanti-michigan
https://www.ubereats.com/ann-arbor/food-delivery/noodles-%26-company-stadium-%26-liberty/UfcJyk6jSoy1a9XnqPTcmQ,ypsilanti-michigan
https://www.ubereats.com/ann-arbor/food-delivery/burger-king-4885-washtenaw-road/Sta7lVcgS62hHX71QYZheg,ypsilanti-michigan
https://www.ubereats.com/ann-arbor/food-delivery/lucky-kitchen/lm-5Qf_vRICE2KgNUldlhg,ypsilanti-michigan
https://www.ubereats.com/ann-arbor/food-delivery/palm-palace/9NCHKoa-SR2i_g2rKRi_Tg,ypsilanti-michigan
https://www.ubereats.com/ann-arbor/food-delivery/crepe-nation/KRYHlS6XRvu_eXdK4Xv2aQ,ypsilanti-michigan
https://www.ubereats.com/ann-arbor/food-delivery/panda-express-bonisteel-%26-murfin/iBDid4HrT6yysYM8DsnynQ,ypsilanti-michigan
https://www.ubereats.com/ann-arbor/food-delivery/ihop-ypsilanti/StTH82MqRtiGk9NKLNZuHA,ypsilanti-michigan
https://www.ubereats.com/ann-arbor/food-delivery/mcshanes-irish-pub/M3ohs9wFRAKnu0SrYQ6vJw,ypsilanti-michigan
https://www.ubereats.com/ann-arbor/food-delivery/los-amigos-fiesta/_xf0ye8ZQZWvrKcPHtHhMg,ypsilanti-michigan
https://www.ubereats.com/ann-arbor/food-delivery/qdoba-mexican-grill-2252-s-main-st-ste-100/RONepO5bRWeg-2baccU1KA,ypsilanti-michigan
https://www.ubereats.com/ann-arbor/food-delivery/minys-mexican-restaurant/gfKSe4jkRKSW__yCQJ3r1A,ypsilanti-michigan
https://www.ubereats.com/ann-arbor/food-delivery/casablanca-moroccan-%26-mediterranean-cuisine/RnWrMsZTT5iywGODmd3EwA,ypsilanti-michigan
https://www.ubereats.com/ann-arbor/food-delivery/nagomi-sushi-and-noodle/YNhQUwxfQLyryXTKxsgFmg,ypsilanti-michigan
https://www.ubereats.com/ann-arbor/food-delivery/ruths-chris-steak-house-314-s-4th-ave/ur1fn6y2SPCBuEDqf69zeA,ypsilanti-michigan
https://www.ubereats.com/ann-arbor/food-delivery/wicked-wingz-vr/wH1BvKfLSXigdLCHAKQhrA,ypsilanti-michigan
https://www.ubereats.com/ann-arbor/food-delivery/pf-changs-720-briarwood-circle/4WHBSY1mS263Tw0ZyaBFjA,ypsilanti-michigan
https://www.ubereats.com/ann-arbor/food-delivery/mcdonalds-carpenter-%26-ellsworth/JqxWV_s0Rl6St8jAqurUBQ,ypsilanti-michigan
https://www.ubereats.com/ann-arbor/food-delivery/tim-hortons-760-s-hewitt/htShv2IqQ--f9U3Psqrwrg,ypsilanti-michigan
https://www.ubereats.com/ann-arbor/food-delivery/buffalo-wild-wings-3150-boardwalk-st/LS0M_fVES3a4IUMo_ghZbA,ypsilanti-michigan
https://www.ubereats.com/ann-arbor/food-delivery/tea-ninja/qOBJAjKJSPuiaJTZmYokaw,ypsilanti-michigan
https://www.ubereats.com/ann-arbor/food-delivery/bubble-island/M0Sy92tmQtSPFjJQoQlUkQ,ypsilanti-michigan
https://www.ubereats.com/ann-arbor/food-delivery/subway-1086-huron-river-dr/P6VYravVSCiRzIhn9gI6cQ,ypsilanti-michigan
https://www.ubereats.com/ann-arbor/food-delivery/haabs-restaurant/Csbcf3LaR_mb62IFfJdXKw,ypsilanti-michigan
https://www.ubereats.com/ann-arbor/food-delivery/applebees-3819-carpenter-road/zesSVud5SHi6ZgMWRy8I-g,ypsilanti-michigan
https://www.ubereats.com/ann-arbor/food-delivery/mcdonalds-state-%26-state/SAu09ElET7K82N123-WPSA,ypsilanti-michigan
https://www.ubereats.com/ann-arbor/food-delivery/blaze-pizza-980a-w-eisenhower-pkwy/0Z4s1PPwTlyZMfMxj3IOhg,ypsilanti-michigan
https://www.ubereats.com/ann-arbor/food-delivery/sweetwaters-coffee-%26-tea%3A-kerrytown/IbdRRPxSTvGeV24W--aKSA,ypsilanti-michigan
https://www.ubereats.com/ann-arbor/food-delivery/jimmy-s-burger-shack/1i6fGvsoR2eMDgrSDCABuw,ypsilanti-michigan
https://www.ubereats.com/ann-arbor/food-delivery/brookies-cafe/Mls9FtEgRZi4Wb5YsC6jTQ,ypsilanti-michigan
https://www.ubereats.com/ann-arbor/food-delivery/dolores/qpGph5mEQRGDv7ehAyr1dw,ypsilanti-michigan
https://www.ubereats.com/ann-arbor/food-delivery/taste-of-india/dvH8KnXmSMuEqsoi9j41ZQ,ypsilanti-michigan
https://www.ubereats.com/ann-arbor/food-delivery/qdoba-mexican-grill-1771-plymouth-rd-suite-103/naDrnztWSnyDYTkRi175tA,ypsilanti-michigan
https://www.ubereats.com/ann-arbor/food-delivery/the-ice-cream-shop/YxeBDH_UTIu26JkPxIDRAA,ypsilanti-michigan
https://www.ubereats.com/ann-arbor/food-delivery/mr-pizza-washtenaw/y_tGUccuTpi9QqxgWz6kkw,ypsilanti-michigan
https://www.ubereats.com/ann-arbor/food-delivery/the-ice-cream-shop/B5UsWN6gSyKr1Ebr9GJh2Q,ypsilanti-michigan
https://www.ubereats.com/ann-arbor/food-delivery/american-grille/lRr6IBoNQ7apn8VoxyL14w,ypsilanti-michigan
https://www.ubereats.com/ann-arbor/food-delivery/evergreen-veggie-kitchen/TDb6ivNpTIiEizfmE2AqGw,ypsilanti-michigan
https://www.ubereats.com/ann-arbor/food-delivery/kfc-39-e-michigan-avenue/dB7CRgzNSYaer39zCtzkhQ,ypsilanti-michigan
https://www.ubereats.com/ann-arbor/food-delivery/red-robin-383-3797-carpenter-rd/EQaR27sPRrSxpPU1h7K_5A,ypsilanti-michigan
https://www.ubereats.com/ann-arbor/food-delivery/nu-wayz-fish-and-chicken/Bg-MnDbaS6OBTfVPprvzgA,ypsilanti-michigan
