url,city
https://www.ubereats.com/oklahoma-city/food-delivery/buffalo-wild-wings-6910-sw-3rd-st/ZUgljxj6RV6VsEJoIZbBng,yukon-oklahoma
https://www.ubereats.com/oklahoma-city/food-delivery/charm-thai-cuisine/dpzZfopST461zlJXqFvkNQ,yukon-oklahoma
https://www.ubereats.com/oklahoma-city/food-delivery/arbys-1848/ZMRdyvwjSFu5u2Oru8cGIg,yukon-oklahoma
https://www.ubereats.com/oklahoma-city/food-delivery/five-guys-ok-1841-6304-sw-3rd-st/jdCkgCbvSLu_P0v04MSzWA,yukon-oklahoma
https://www.ubereats.com/oklahoma-city/food-delivery/huddle-house-701-s-morgan-rd/XTGtA06eSJa0ZjMW_5FIcQ,yukon-oklahoma
https://www.ubereats.com/oklahoma-city/food-delivery/taco-bell-980-e-state-highway-152/KqJ1ESUITRePqwOLGXwhYg,yukon-oklahoma
https://www.ubereats.com/oklahoma-city/food-delivery/taco-bell-8390-nw-expressway-st/ZueemwMARYKHILuvdlJQCg,yukon-oklahoma
https://www.ubereats.com/oklahoma-city/food-delivery/pho-hieu/JW3woDc6R0e30xLpLiRQbQ,yukon-oklahoma
https://www.ubereats.com/oklahoma-city/food-delivery/the-garage-council/Ob8t9MLmTDm1S4BkfogWTA,yukon-oklahoma
https://www.ubereats.com/oklahoma-city/food-delivery/viva-italia/0o8xDiRHQf-nmgQwTembEg,yukon-oklahoma
https://www.ubereats.com/oklahoma-city/food-delivery/capriccio-bistro/Wi55Y4UNSDCHjJsuHpxbog,yukon-oklahoma
https://www.ubereats.com/oklahoma-city/food-delivery/pj-fresh-701-south-morgan-road/t1hl8Ek6QPaLNdtf6PdOqg,yukon-oklahoma
https://www.ubereats.com/oklahoma-city/food-delivery/zaxbys-mustang/PcILAT-FRh-buCoeKUoD0w,yukon-oklahoma
https://www.ubereats.com/oklahoma-city/food-delivery/long-john-silvers-1109-s-garth-brooks-blvd/1_1z6ptIRIipf7ijx7DTGg,yukon-oklahoma
https://www.ubereats.com/oklahoma-city/food-delivery/johnnies-charcoal-broiler-nw-expressway/XTB0oVRERpmjpXNtau2lzQ,yukon-oklahoma
https://www.ubereats.com/oklahoma-city/food-delivery/subway-7101-nw-expressway/z3esSIQVSk6puY3UCmClbw,yukon-oklahoma
https://www.ubereats.com/oklahoma-city/food-delivery/kfc-7120-nw-expressway/hSoILQAcToG8rJxoxRBQZg,yukon-oklahoma
https://www.ubereats.com/oklahoma-city/food-delivery/mcdonalds-1252-garth-brooks-blvd/0ivIUlwMRsqFqfuAhf5AzQ,yukon-oklahoma
https://www.ubereats.com/oklahoma-city/food-delivery/ihop-1907/1fCRFiNfRKmu3H6lG8l7ZA,yukon-oklahoma
https://www.ubereats.com/oklahoma-city/food-delivery/city-street-grill/fut1PIOsTqq5lR1xeui1Yw,yukon-oklahoma
https://www.ubereats.com/oklahoma-city/food-delivery/taco-bell-5704-nw-expressway/iyVlSNT4TrKhSmbhhf5QqQ,yukon-oklahoma
https://www.ubereats.com/oklahoma-city/food-delivery/five-guys-ok-1505-6900-nw-expressway-st/D-LVVlp4SVqIP6Xrso2NBg,yukon-oklahoma
https://www.ubereats.com/oklahoma-city/food-delivery/bjs-restaurant-%26-brewhouse-325-outlet-shoppes-drive/9w2iF1ssQUCtAmyOkShQ7g,yukon-oklahoma
https://www.ubereats.com/oklahoma-city/food-delivery/sonic-1011-s-morgan-road/--DB1J0zT8uulgytoj_IXA,yukon-oklahoma
https://www.ubereats.com/oklahoma-city/food-delivery/pizza-house/9Z2expdeSsij7zNhVEkRUg,yukon-oklahoma
https://www.ubereats.com/oklahoma-city/food-delivery/sonic-8116-nw-expressway/xMwUniyqRlOOuB1ju3L8FQ,yukon-oklahoma
https://www.ubereats.com/oklahoma-city/food-delivery/sonic-1317-piedmont-road-north/dJOtcTKwTdOvoPMS7gY3eA,yukon-oklahoma
https://www.ubereats.com/oklahoma-city/food-delivery/arbys-8506/9pAtj-WQTLGXrf9GqdDiRw,yukon-oklahoma
https://www.ubereats.com/oklahoma-city/food-delivery/billy-sims-bbq/1nL9ky0nSDyMU3bGvI3kgA,yukon-oklahoma
https://www.ubereats.com/oklahoma-city/food-delivery/starbucks-i-40-%26-garth-brooks/q6t95D_PS1u8SaHxBylVUQ,yukon-oklahoma
https://www.ubereats.com/oklahoma-city/food-delivery/mcalisters-deli-730-westgate-okc-101035/g06I6L12Ry2e4fsJBim6ig,yukon-oklahoma
https://www.ubereats.com/oklahoma-city/food-delivery/kfc-1301-garth-brooks-blvd/00IUzq_wS0eOeh8IPzk5tg,yukon-oklahoma
https://www.ubereats.com/oklahoma-city/food-delivery/del-taco-1551-garth-brooks-blvd/xzTTkfU8Q0K_Qw63ctK5fw,yukon-oklahoma
https://www.ubereats.com/oklahoma-city/food-delivery/pasta-2-go/l0D03Q7MT2ulG5cXydGw0w,yukon-oklahoma
https://www.ubereats.com/oklahoma-city/food-delivery/core-fresh/n3kDuT6VRq-z2OP-pAKPww,yukon-oklahoma
https://www.ubereats.com/oklahoma-city/food-delivery/charlestons-s-meridian/PKRNvgwLRNqK2G6u_DqlrA,yukon-oklahoma
https://www.ubereats.com/oklahoma-city/food-delivery/arbys-8441/IiaZzbzaQMa2AFW80rjfOg,yukon-oklahoma
https://www.ubereats.com/oklahoma-city/food-delivery/the-baked-bear-yukon/pzFOuHsYTsCu5rzTCvWQWg,yukon-oklahoma
https://www.ubereats.com/oklahoma-city/food-delivery/marcos-pizza-509-west-vandament-ave/ohgXdut3QuOhk6oP0_3Rhg,yukon-oklahoma
https://www.ubereats.com/oklahoma-city/food-delivery/teds-cafe-escondido-west-okc/8hMC2FqxSbuojdPYDwoGkg,yukon-oklahoma
https://www.ubereats.com/oklahoma-city/food-delivery/nhinja-sushi-%26-wok-rockwell/PoRbf1IARu6OJRCkRFbDJg,yukon-oklahoma
https://www.ubereats.com/oklahoma-city/food-delivery/qdoba-6432-sw-3rd-st/OQ0L6iZHRICFIASyFyxgMg,yukon-oklahoma
https://www.ubereats.com/oklahoma-city/food-delivery/mcdonalds-4-s-mustang-rd/x43OJZa5Qo6Uaw9p5CQWgg,yukon-oklahoma
https://www.ubereats.com/oklahoma-city/food-delivery/sonic-125-s-mustang-road/T9ma-L4vRqGO0UXeJAcQSg,yukon-oklahoma
https://www.ubereats.com/oklahoma-city/food-delivery/burger-king-9401-north-council-road/xzQRqGR-SceWxSqyagvaLQ,yukon-oklahoma
https://www.ubereats.com/oklahoma-city/food-delivery/sonic-1900-s-meridian/7Ik2Xv7_TLKLfRdh189DYg,yukon-oklahoma
https://www.ubereats.com/oklahoma-city/food-delivery/buffalo-wild-wings-1765-shedeck-pkwy/4R29jDbtQL6_lne76R8Shw,yukon-oklahoma
https://www.ubereats.com/oklahoma-city/food-delivery/chick-fil-a-1724-garth-brooks-blvd/c6iwnPnZQYeblmaXERdI8w,yukon-oklahoma
https://www.ubereats.com/oklahoma-city/food-delivery/arbys-8629/YN-pJJ0RR3-C2gAZbWxMCA,yukon-oklahoma
https://www.ubereats.com/oklahoma-city/food-delivery/sonic-9300-n-rockwell/ejg25CQETT6wu5IGr-Serw,yukon-oklahoma
https://www.ubereats.com/oklahoma-city/food-delivery/kfc-5901-sw-4th-terrace/11beNTKxScmdnCVMRfvzZg,yukon-oklahoma
https://www.ubereats.com/oklahoma-city/food-delivery/qdoba-mexican-grill-7002-northwest-expressway/qgx78h_HSlOVvpsd9x8BXA,yukon-oklahoma
https://www.ubereats.com/oklahoma-city/food-delivery/mcalisters-deli-726-yukon-ok-1406/zjpmCQ27S4CU5ky_1DGemQ,yukon-oklahoma
https://www.ubereats.com/oklahoma-city/food-delivery/sonic-901-north-cemetery-road/TiBU1VCZT0eIprSnATYa4A,yukon-oklahoma
https://www.ubereats.com/oklahoma-city/food-delivery/big-buffalo-grill/vjt15jbHQ7adJdGu9eM7Sg,yukon-oklahoma
https://www.ubereats.com/oklahoma-city/food-delivery/taco-bell-11303-westmark-drive/PrFXgqrfTTeJnu4kILJh0Q,yukon-oklahoma
https://www.ubereats.com/oklahoma-city/food-delivery/primos-restaurant-bar-%26-catering/VbxhMZV5Tw-mTaK28Y5ZSA,yukon-oklahoma
https://www.ubereats.com/oklahoma-city/food-delivery/ihop-11312-westmark-dr/rOChOEy8Rz6NLTtAR9sUeA,yukon-oklahoma
https://www.ubereats.com/oklahoma-city/food-delivery/taco-bell-975-s-cornwell-dr/yEb0Pj9rTKaXgTwMNzcP-w,yukon-oklahoma
https://www.ubereats.com/oklahoma-city/food-delivery/taco-bueno-3219-mustang-%231/C86GLfSKS--3xf2WV0jpuw,yukon-oklahoma
https://www.ubereats.com/oklahoma-city/food-delivery/tropical-smoothie-cafe-west-end-pointe/aHvO1MypRSGa7M24IDp9Bw,yukon-oklahoma
https://www.ubereats.com/oklahoma-city/food-delivery/subway-8022-nw-39th-expressway/UbiM7FJVSrG8PQ2BX-ozoA,yukon-oklahoma
https://www.ubereats.com/oklahoma-city/food-delivery/sonic-3701-s-council/oi0QQAEgRfuSNhxADcLmQA,yukon-oklahoma
https://www.ubereats.com/oklahoma-city/food-delivery/mcdonalds-31-west-main/ThegHsrhTfen-AakK7aGgw,yukon-oklahoma
https://www.ubereats.com/oklahoma-city/food-delivery/kfc-221-north-mustang-road/YgF4T906RnyuRbYK2hUYCg,yukon-oklahoma
https://www.ubereats.com/oklahoma-city/food-delivery/billy-sims-bbq-nw-expressway/PRynRmv0RRC3MxnBT5n8qQ,yukon-oklahoma
https://www.ubereats.com/oklahoma-city/food-delivery/panda-express-1521-garth-brooks-blvd/yJIYS1ZiTpSLCenvPF4C_A,yukon-oklahoma
https://www.ubereats.com/oklahoma-city/food-delivery/pei-wei-4401-w-memorial-road-suite-104/ee0Kn70rRcecdmUGiRBm3Q,yukon-oklahoma
https://www.ubereats.com/oklahoma-city/food-delivery/chicken-express-580-e-state-hwy-152/GxaKQIQDTZC_yEw9lwa9PQ,yukon-oklahoma
https://www.ubereats.com/oklahoma-city/food-delivery/rib-crib-bbq-%26-grill-1750-garth-brooks-blvd/wjoBAtkRS9G7QaCG00yMQg,yukon-oklahoma
https://www.ubereats.com/oklahoma-city/food-delivery/baba-g-grill/lsA9BwRrTuCJoZdl6CMWEQ,yukon-oklahoma
https://www.ubereats.com/oklahoma-city/food-delivery/sonic-729-w-main-st/iyczwQZCTrCShVh1yxsSrQ,yukon-oklahoma
https://www.ubereats.com/oklahoma-city/food-delivery/dairy-queen-grill-%26-chill-900-n-cemetery/X4Q6SyPKSxSgn5VyaKwU6Q,yukon-oklahoma
https://www.ubereats.com/oklahoma-city/food-delivery/wendys-1170-garth-brooks-blvd/tD2O8nPmSiGNbvjRXM_ueg,yukon-oklahoma
https://www.ubereats.com/oklahoma-city/food-delivery/ichiban-sushi-bar-%26-poke/4JJEckgxQ7SXTk5H9QQLxA,yukon-oklahoma
https://www.ubereats.com/oklahoma-city/food-delivery/taco-bueno-3144-yukon/GkGsI4GGRz6Ybv4KyrXNzg,yukon-oklahoma
https://www.ubereats.com/oklahoma-city/food-delivery/slim-chickens-5841-nw-expressway/hUPcRoPvQB2jo-aKhjTENw,yukon-oklahoma
https://www.ubereats.com/oklahoma-city/food-delivery/carls-jr-13424-n-mac-arthur-blvd/zqx6f27yTG-7wzItWFBN_Q,yukon-oklahoma
https://www.ubereats.com/oklahoma-city/food-delivery/schlotzskys-deli-12860-nw-10th-st/zWlLS6xuQQiv0KunCO7hUA,yukon-oklahoma
https://www.ubereats.com/oklahoma-city/food-delivery/taco-bell-4839-nw-39th-street/iu7M3GiPS-e7Kh5aSGyMZA,yukon-oklahoma
https://www.ubereats.com/oklahoma-city/food-delivery/sams-southern-eatery-bethany/Tz-LY6YcSrmEb6xP5ktWrA,yukon-oklahoma
https://www.ubereats.com/oklahoma-city/food-delivery/hooters-yukon/KjUdCJmdRf-z6ErWgLOvqw,yukon-oklahoma
https://www.ubereats.com/oklahoma-city/food-delivery/jersey-mikes-subs-6815-sw-3rd-street/uYAenX6BROGn_BDNQyHELw,yukon-oklahoma
https://www.ubereats.com/oklahoma-city/food-delivery/pizza-inn-9101-n-council-rd/CmKQjKZbQgOamMEkMMTtmw,yukon-oklahoma
https://www.ubereats.com/oklahoma-city/food-delivery/chicken-express-12900-nw-10th-st/N_WnJcfPST24kbrM0Li59A,yukon-oklahoma
https://www.ubereats.com/oklahoma-city/food-delivery/wendys-7716-northwest-expressway/B661bJ95SviFSsLqL3ZbdA,yukon-oklahoma
https://www.ubereats.com/oklahoma-city/food-delivery/the-garage-rockwell/FssscyGoRKCqmpovrAapIA,yukon-oklahoma
https://www.ubereats.com/oklahoma-city/food-delivery/hooties-burger-bar-12320-nw-10th-st/bR5cz2KORbyF59opbkmu1Q,yukon-oklahoma
https://www.ubereats.com/oklahoma-city/food-delivery/arbys-8310/jht0sMsQRGWqXO1bAfNGMQ,yukon-oklahoma
https://www.ubereats.com/oklahoma-city/food-delivery/fazolis-6821-nw-expressway/1qrSrotHRiGosZYqVljbTA,yukon-oklahoma
https://www.ubereats.com/oklahoma-city/food-delivery/papa-johns-7011-nw-expy/8uXPLYJ9R2SetjoD7GcGbw,yukon-oklahoma
https://www.ubereats.com/oklahoma-city/food-delivery/olde-orchard-restaurant/37xkYowTTHyOR-45vmGDyg,yukon-oklahoma
https://www.ubereats.com/oklahoma-city/food-delivery/popeyes-louisiana-kitchen-1205-garth-brooks-boulevard/HUTqAmggSr2tf9_8kOdT1g,yukon-oklahoma
https://www.ubereats.com/oklahoma-city/food-delivery/fresh-donuts/QEz2a73QTTmNZeyjcA7c7w,yukon-oklahoma
https://www.ubereats.com/oklahoma-city/food-delivery/sapporo-sushi-bar-yukon/QUYdH1WuQsCZX6oalTnBTQ,yukon-oklahoma
https://www.ubereats.com/oklahoma-city/food-delivery/jersey-mikes-subs-1600-garth-brooks-blvd/u1v8SqSVTZK9fXqaaHRk7w,yukon-oklahoma
https://www.ubereats.com/oklahoma-city/food-delivery/mcdonalds-8001-nw-hwy/nuOlZ7AdR8KJMDj22SeL1Q,yukon-oklahoma
https://www.ubereats.com/oklahoma-city/food-delivery/schlotzskys-deli-n-rockwell-ave/N42vYKwyS2ycKqw3WzOmTQ,yukon-oklahoma
https://www.ubereats.com/oklahoma-city/food-delivery/papa-murphys-618-west-vandament-avenue-suite-102/StXfdjxhTfaojbktDlU0aQ,yukon-oklahoma
https://www.ubereats.com/oklahoma-city/food-delivery/lakesideseafood/7au0c5-HSK2yZ_Xnb9obqA,yukon-oklahoma
https://www.ubereats.com/oklahoma-city/food-delivery/johnnies-charcoal-broiler-yukon/JQvnY504QD6iFKPSzi4U1A,yukon-oklahoma
